"(RunTitle not specified)  /  Standard (PV-Batt only)  /  Jefferson Murrieta_Bldg 7C_2025-12-16.cibd22",001
"Tue 16-Dec-25   3:4 pm"
"Energy Use","Hour"
"Meter","Mon","Day","Hr","Subhr","Tot","Clg","Htg","HPBU","Dhw","DhwBU","DhwMFL","FanC","FanH","FanV","Fan","Aux","Proc","Lit","Rcp","Ext","Refr","Dish","Dry","Wash","Cook","User1","User2","BT","PV"
"MtrElec",1,1,1,"",152.897,0,0,0,0,0,0,0,0,0,0,0,0,0,0,0,0,0,0,0,0,152.897,0,0,0
"MtrElec",1,1,2,"",154.2,0,0,0,0,0,0,0,0,0,0,0,0,0,0,0,0,0,0,0,0,154.2,0,0,0
"MtrElec",1,1,3,"",232.11,0,0,0,0,0,0,0,0,0,0,0,0,0,0,0,0,0,0,0,0,232.11,0,0,0
"MtrElec",1,1,4,"",153.72,0,0,0,0,0,0,0,0,0,0,0,0,0,0,0,0,0,0,0,0,153.72,0,0,0
"MtrElec",1,1,5,"",157.618,0,0,0,0,0,0,0,0,0,0,0,0,0,0,0,0,0,0,0,0,157.618,0,0,0
"MtrElec",1,1,6,"",192.652,0,0,0,0,0,0,0,0,0,0,0,0,0,0,0,0,0,0,0,0,192.652,0,0,0
"MtrElec",1,1,7,"",343.343,0,0,0,0,0,0,0,0,0,0,0,0,0,0,0,0,0,0,0,0,343.343,0,0,0
"MtrElec",1,1,8,"",342.739,0,0,0,0,0,0,0,0,0,0,0,0,0,0,0,0,0,0,0,0,369.088,0,0,-26.3492
"MtrElec",1,1,9,"",252.788,0,0,0,0,0,0,0,0,0,0,0,0,0,0,0,0,0,0,0,0,340.912,0,0,-88.1244
"MtrElec",1,1,10,"",224.139,0,0,0,0,0,0,0,0,0,0,0,0,0,0,0,0,0,0,0,0,330.281,0,0,-106.143
"MtrElec",1,1,11,"",185.855,0,0,0,0,0,0,0,0,0,0,0,0,0,0,0,0,0,0,0,0,410.201,0,0,-224.346
"MtrElec",1,1,12,"",210.22,0,0,0,0,0,0,0,0,0,0,0,0,0,0,0,0,0,0,0,0,397.419,0,0,-187.199
"MtrElec",1,1,13,"",21.8456,0,0,0,0,0,0,0,0,0,0,0,0,0,0,0,0,0,0,0,0,299.667,0,0,-277.821
"MtrElec",1,1,14,"",23.1909,0,0,0,0,0,0,0,0,0,0,0,0,0,0,0,0,0,0,0,0,278.661,0,0,-255.47
"MtrElec",1,1,15,"",92.4458,0,0,0,0,0,0,0,0,0,0,0,0,0,0,0,0,0,0,0,0,246.569,0,0,-154.124
"MtrElec",1,1,16,"",174.324,0,0,0,0,0,0,0,0,0,0,0,0,0,0,0,0,0,0,0,0,219.543,0,0,-45.219
"MtrElec",1,1,17,"",247.389,0,0,0,0,0,0,0,0,0,0,0,0,0,0,0,0,0,0,0,0,252.929,0,0,-5.53924
"MtrElec",1,1,18,"",346.899,0,0,0,0,0,0,0,0,0,0,0,0,0,0,0,0,0,0,0,0,346.899,0,0,0
"MtrElec",1,1,19,"",338.211,0,0,0,0,0,0,0,0,0,0,0,0,0,0,0,0,0,0,0,0,338.211,0,0,0
"MtrElec",1,1,20,"",324.946,0,0,0,0,0,0,0,0,0,0,0,0,0,0,0,0,0,0,0,0,324.946,0,0,0
"MtrElec",1,1,21,"",252.467,0,0,0,0,0,0,0,0,0,0,0,0,0,0,0,0,0,0,0,0,252.467,0,0,0
"MtrElec",1,1,22,"",289.926,0,0,0,0,0,0,0,0,0,0,0,0,0,0,0,0,0,0,0,0,289.926,0,0,0
"MtrElec",1,1,23,"",205.693,0,0,0,0,0,0,0,0,0,0,0,0,0,0,0,0,0,0,0,0,205.693,0,0,0
"MtrElec",1,1,24,"",207.832,0,0,0,0,0,0,0,0,0,0,0,0,0,0,0,0,0,0,0,0,207.832,0,0,0
"MtrElec",1,2,1,"",137.364,0,0,0,0,0,0,0,0,0,0,0,0,0,0,0,0,0,0,0,0,137.364,0,0,0
"MtrElec",1,2,2,"",136.26,0,0,0,0,0,0,0,0,0,0,0,0,0,0,0,0,0,0,0,0,136.26,0,0,0
"MtrElec",1,2,3,"",127.145,0,0,0,0,0,0,0,0,0,0,0,0,0,0,0,0,0,0,0,0,127.145,0,0,0
"MtrElec",1,2,4,"",142.832,0,0,0,0,0,0,0,0,0,0,0,0,0,0,0,0,0,0,0,0,142.832,0,0,0
"MtrElec",1,2,5,"",184.773,0,0,0,0,0,0,0,0,0,0,0,0,0,0,0,0,0,0,0,0,184.773,0,0,0
"MtrElec",1,2,6,"",128.421,0,0,0,0,0,0,0,0,0,0,0,0,0,0,0,0,0,0,0,0,128.421,0,0,0
"MtrElec",1,2,7,"",232.958,0,0,0,0,0,0,0,0,0,0,0,0,0,0,0,0,0,0,0,0,232.958,0,0,0
"MtrElec",1,2,8,"",231.461,0,0,0,0,0,0,0,0,0,0,0,0,0,0,0,0,0,0,0,0,252.933,0,0,-21.4716
"MtrElec",1,2,9,"",273.092,0,0,0,0,0,0,0,0,0,0,0,0,0,0,0,0,0,0,0,0,286.23,0,0,-13.1387
"MtrElec",1,2,10,"",226.898,0,0,0,0,0,0,0,0,0,0,0,0,0,0,0,0,0,0,0,0,275.28,0,0,-48.3821
"MtrElec",1,2,11,"",179.858,0,0,0,0,0,0,0,0,0,0,0,0,0,0,0,0,0,0,0,0,242.724,0,0,-62.8659
"MtrElec",1,2,12,"",228.291,0,0,0,0,0,0,0,0,0,0,0,0,0,0,0,0,0,0,0,0,265.949,0,0,-37.6581
"MtrElec",1,2,13,"",140.501,0,0,0,0,0,0,0,0,0,0,0,0,0,0,0,0,0,0,0,0,173.515,0,0,-33.0141
"MtrElec",1,2,14,"",156.977,0,0,0,0,0,0,0,0,0,0,0,0,0,0,0,0,0,0,0,0,182.787,0,0,-25.8096
"MtrElec",1,2,15,"",160.562,0,0,0,0,0,0,0,0,0,0,0,0,0,0,0,0,0,0,0,0,175.638,0,0,-15.0766
"MtrElec",1,2,16,"",167.44,0,0,0,0,0,0,0,0,0,0,0,0,0,0,0,0,0,0,0,0,174.199,0,0,-6.75922
"MtrElec",1,2,17,"",214.205,0,0,0,0,0,0,0,0,0,0,0,0,0,0,0,0,0,0,0,0,214.205,0,0,0
"MtrElec",1,2,18,"",247.046,0,0,0,0,0,0,0,0,0,0,0,0,0,0,0,0,0,0,0,0,247.046,0,0,0
"MtrElec",1,2,19,"",307.862,0,0,0,0,0,0,0,0,0,0,0,0,0,0,0,0,0,0,0,0,307.862,0,0,0
"MtrElec",1,2,20,"",271.09,0,0,0,0,0,0,0,0,0,0,0,0,0,0,0,0,0,0,0,0,271.09,0,0,0
"MtrElec",1,2,21,"",345.326,0,0,0,0,0,0,0,0,0,0,0,0,0,0,0,0,0,0,0,0,345.326,0,0,0
"MtrElec",1,2,22,"",244.081,0,0,0,0,0,0,0,0,0,0,0,0,0,0,0,0,0,0,0,0,244.081,0,0,0
"MtrElec",1,2,23,"",257.621,0,0,0,0,0,0,0,0,0,0,0,0,0,0,0,0,0,0,0,0,257.621,0,0,0
"MtrElec",1,2,24,"",177.241,0,0,0,0,0,0,0,0,0,0,0,0,0,0,0,0,0,0,0,0,177.241,0,0,0
"MtrElec",1,3,1,"",161.689,0,0,0,0,0,0,0,0,0,0,0,0,0,0,0,0,0,0,0,0,161.689,0,0,0
"MtrElec",1,3,2,"",107.987,0,0,0,0,0,0,0,0,0,0,0,0,0,0,0,0,0,0,0,0,107.987,0,0,0
"MtrElec",1,3,3,"",128.718,0,0,0,0,0,0,0,0,0,0,0,0,0,0,0,0,0,0,0,0,128.718,0,0,0
"MtrElec",1,3,4,"",130.981,0,0,0,0,0,0,0,0,0,0,0,0,0,0,0,0,0,0,0,0,130.981,0,0,0
"MtrElec",1,3,5,"",212.739,0,0,0,0,0,0,0,0,0,0,0,0,0,0,0,0,0,0,0,0,212.739,0,0,0
"MtrElec",1,3,6,"",145.467,0,0,0,0,0,0,0,0,0,0,0,0,0,0,0,0,0,0,0,0,145.467,0,0,0
"MtrElec",1,3,7,"",138.261,0,0,0,0,0,0,0,0,0,0,0,0,0,0,0,0,0,0,0,0,138.261,0,0,0
"MtrElec",1,3,8,"",165.401,0,0,0,0,0,0,0,0,0,0,0,0,0,0,0,0,0,0,0,0,239.852,0,0,-74.4512
"MtrElec",1,3,9,"",0,0,0,0,0,0,0,0,0,0,0,0,0,0,0,0,0,0,0,0,0,183.446,0,26.5189,-209.965
"MtrElec",1,3,10,"",0.0000039,0,0,0,0,0,0,0,0,0,0,0,0,0,0,0,0,0,0,0,0,257.367,0,57.6631,-315.031
"MtrElec",1,3,11,"",0.0000039,0,0,0,0,0,0,0,0,0,0,0,0,0,0,0,0,0,0,0,0,333.13,0,54.5061,-387.636
"MtrElec",1,3,12,"",0.0000156,0,0,0,0,0,0,0,0,0,0,0,0,0,0,0,0,0,0,0,0,286.748,0,134.709,-421.457
"MtrElec",1,3,13,"",0,0,0,0,0,0,0,0,0,0,0,0,0,0,0,0,0,0,0,0,0,275.611,0,142.748,-418.359
"MtrElec",1,3,14,"",0,0,0,0,0,0,0,0,0,0,0,0,0,0,0,0,0,0,0,0,0,240.218,0,137.338,-377.556
"MtrElec",1,3,15,"",-25.2155,0,0,0,0,0,0,0,0,0,0,0,0,0,0,0,0,0,0,0,0,236.471,0,34.9019,-296.588
"MtrElec",1,3,16,"",21.1742,0,0,0,0,0,0,0,0,0,0,0,0,0,0,0,0,0,0,0,0,207.205,0,0,-186.03
"MtrElec",1,3,17,"",186.595,0,0,0,0,0,0,0,0,0,0,0,0,0,0,0,0,0,0,0,0,242.197,0,0,-55.6024
"MtrElec",1,3,18,"",236.624,0,0,0,0,0,0,0,0,0,0,0,0,0,0,0,0,0,0,0,0,236.624,0,0,0
"MtrElec",1,3,19,"",201.894,0,0,0,0,0,0,0,0,0,0,0,0,0,0,0,0,0,0,0,0,359.592,0,-157.698,0
"MtrElec",1,3,20,"",172.134,0,0,0,0,0,0,0,0,0,0,0,0,0,0,0,0,0,0,0,0,329.832,0,-157.698,0
"MtrElec",1,3,21,"",119.854,0,0,0,0,0,0,0,0,0,0,0,0,0,0,0,0,0,0,0,0,277.552,0,-157.698,0
"MtrElec",1,3,22,"",204.844,0,0,0,0,0,0,0,0,0,0,0,0,0,0,0,0,0,0,0,0,262.768,0,-57.9237,0
"MtrElec",1,3,23,"",242.006,0,0,0,0,0,0,0,0,0,0,0,0,0,0,0,0,0,0,0,0,242.006,0,0,0
"MtrElec",1,3,24,"",182.285,0,0,0,0,0,0,0,0,0,0,0,0,0,0,0,0,0,0,0,0,182.285,0,0,0
"MtrElec",1,4,1,"",128.66,0,0,0,0,0,0,0,0,0,0,0,0,0,0,0,0,0,0,0,0,128.66,0,0,0
"MtrElec",1,4,2,"",138.763,0,0,0,0,0,0,0,0,0,0,0,0,0,0,0,0,0,0,0,0,138.763,0,0,0
"MtrElec",1,4,3,"",143.061,0,0,0,0,0,0,0,0,0,0,0,0,0,0,0,0,0,0,0,0,143.061,0,0,0
"MtrElec",1,4,4,"",216.472,0,0,0,0,0,0,0,0,0,0,0,0,0,0,0,0,0,0,0,0,216.472,0,0,0
"MtrElec",1,4,5,"",198.457,0,0,0,0,0,0,0,0,0,0,0,0,0,0,0,0,0,0,0,0,198.457,0,0,0
"MtrElec",1,4,6,"",156.916,0,0,0,0,0,0,0,0,0,0,0,0,0,0,0,0,0,0,0,0,156.916,0,0,0
"MtrElec",1,4,7,"",203.174,0,0,0,0,0,0,0,0,0,0,0,0,0,0,0,0,0,0,0,0,203.174,0,0,0
"MtrElec",1,4,8,"",263.005,0,0,0,0,0,0,0,0,0,0,0,0,0,0,0,0,0,0,0,0,344.032,0,0,-81.0278
"MtrElec",1,4,9,"",10.7749,0,0,0,0,0,0,0,0,0,0,0,0,0,0,0,0,0,0,0,0,229.843,0,0,-219.069
"MtrElec",1,4,10,"",0,0,0,0,0,0,0,0,0,0,0,0,0,0,0,0,0,0,0,0,0,301.099,0,19.6092,-320.708
"MtrElec",1,4,11,"",0.0000039,0,0,0,0,0,0,0,0,0,0,0,0,0,0,0,0,0,0,0,0,319.007,0,63.4636,-382.471
"MtrElec",1,4,12,"",0.0000039,0,0,0,0,0,0,0,0,0,0,0,0,0,0,0,0,0,0,0,0,350.229,0,63.8891,-414.118
"MtrElec",1,4,13,"",0.0000078,0,0,0,0,0,0,0,0,0,0,0,0,0,0,0,0,0,0,0,0,331.358,0,79.3497,-410.708
"MtrElec",1,4,14,"",0,0,0,0,0,0,0,0,0,0,0,0,0,0,0,0,0,0,0,0,0,268.292,0,104.071,-372.363
"MtrElec",1,4,15,"",0,0,0,0,0,0,0,0,0,0,0,0,0,0,0,0,0,0,0,0,0,258.828,0,40.4459,-299.273
"MtrElec",1,4,16,"",41.1844,0,0,0,0,0,0,0,0,0,0,0,0,0,0,0,0,0,0,0,0,232.537,0,0,-191.353
"MtrElec",1,4,17,"",159.525,0,0,0,0,0,0,0,0,0,0,0,0,0,0,0,0,0,0,0,0,216.52,0,0,-56.995
"MtrElec",1,4,18,"",230.295,0,0,0,0,0,0,0,0,0,0,0,0,0,0,0,0,0,0,0,0,230.295,0,0,0
"MtrElec",1,4,19,"",191.975,0,0,0,0,0,0,0,0,0,0,0,0,0,0,0,0,0,0,0,0,349.673,0,-157.698,0
"MtrElec",1,4,20,"",174.451,0,0,0,0,0,0,0,0,0,0,0,0,0,0,0,0,0,0,0,0,332.149,0,-157.698,0
"MtrElec",1,4,21,"",218.385,0,0,0,0,0,0,0,0,0,0,0,0,0,0,0,0,0,0,0,0,237.662,0,-19.2766,0
"MtrElec",1,4,22,"",380.263,0,0,0,0,0,0,0,0,0,0,0,0,0,0,0,0,0,0,0,0,380.263,0,0,0
"MtrElec",1,4,23,"",199.65,0,0,0,0,0,0,0,0,0,0,0,0,0,0,0,0,0,0,0,0,199.65,0,0,0
"MtrElec",1,4,24,"",200.415,0,0,0,0,0,0,0,0,0,0,0,0,0,0,0,0,0,0,0,0,200.415,0,0,0
"MtrElec",1,5,1,"",176.066,0,0,0,0,0,0,0,0,0,0,0,0,0,0,0,0,0,0,0,0,176.066,0,0,0
"MtrElec",1,5,2,"",136.408,0,0,0,0,0,0,0,0,0,0,0,0,0,0,0,0,0,0,0,0,136.408,0,0,0
"MtrElec",1,5,3,"",128.32,0,0,0,0,0,0,0,0,0,0,0,0,0,0,0,0,0,0,0,0,128.32,0,0,0
"MtrElec",1,5,4,"",122.078,0,0,0,0,0,0,0,0,0,0,0,0,0,0,0,0,0,0,0,0,122.078,0,0,0
"MtrElec",1,5,5,"",122.394,0,0,0,0,0,0,0,0,0,0,0,0,0,0,0,0,0,0,0,0,122.394,0,0,0
"MtrElec",1,5,6,"",142.79,0,0,0,0,0,0,0,0,0,0,0,0,0,0,0,0,0,0,0,0,142.79,0,0,0
"MtrElec",1,5,7,"",248.46,0,0,0,0,0,0,0,0,0,0,0,0,0,0,0,0,0,0,0,0,248.46,0,0,0
"MtrElec",1,5,8,"",166.331,0,0,0,0,0,0,0,0,0,0,0,0,0,0,0,0,0,0,0,0,228.495,0,0,-62.1648
"MtrElec",1,5,9,"",116.905,0,0,0,0,0,0,0,0,0,0,0,0,0,0,0,0,0,0,0,0,284.006,0,0,-167.101
"MtrElec",1,5,10,"",0.0000010,0,0,0,0,0,0,0,0,0,0,0,0,0,0,0,0,0,0,0,0,267.755,0,13.0869,-280.842
"MtrElec",1,5,11,"",0,0,0,0,0,0,0,0,0,0,0,0,0,0,0,0,0,0,0,0,0,290.164,0,57.7645,-347.929
"MtrElec",1,5,12,"",0,0,0,0,0,0,0,0,0,0,0,0,0,0,0,0,0,0,0,0,0,269.557,0,60.3477,-329.904
"MtrElec",1,5,13,"",0.0000156,0,0,0,0,0,0,0,0,0,0,0,0,0,0,0,0,0,0,0,0,272.353,0,139.064,-411.417
"MtrElec",1,5,14,"",-86.4398,0,0,0,0,0,0,0,0,0,0,0,0,0,0,0,0,0,0,0,0,126.952,0,157.698,-371.09
"MtrElec",1,5,15,"",0,0,0,0,0,0,0,0,0,0,0,0,0,0,0,0,0,0,0,0,0,201.802,0,95.0996,-296.902
"MtrElec",1,5,16,"",12.4477,0,0,0,0,0,0,0,0,0,0,0,0,0,0,0,0,0,0,0,0,201.675,0,0,-189.227
"MtrElec",1,5,17,"",155.328,0,0,0,0,0,0,0,0,0,0,0,0,0,0,0,0,0,0,0,0,211.965,0,0,-56.6367
"MtrElec",1,5,18,"",233.269,0,0,0,0,0,0,0,0,0,0,0,0,0,0,0,0,0,0,0,0,233.269,0,0,0
"MtrElec",1,5,19,"",129.771,0,0,0,0,0,0,0,0,0,0,0,0,0,0,0,0,0,0,0,0,287.469,0,-157.698,0
"MtrElec",1,5,20,"",92.014,0,0,0,0,0,0,0,0,0,0,0,0,0,0,0,0,0,0,0,0,249.712,0,-157.698,0
"MtrElec",1,5,21,"",187.629,0,0,0,0,0,0,0,0,0,0,0,0,0,0,0,0,0,0,0,0,344.295,0,-156.666,0
"MtrElec",1,5,22,"",204.99,0,0,0,0,0,0,0,0,0,0,0,0,0,0,0,0,0,0,0,0,204.99,0,0,0
"MtrElec",1,5,23,"",186.871,0,0,0,0,0,0,0,0,0,0,0,0,0,0,0,0,0,0,0,0,186.871,0,0,0
"MtrElec",1,5,24,"",215.824,0,0,0,0,0,0,0,0,0,0,0,0,0,0,0,0,0,0,0,0,215.824,0,0,0
"MtrElec",1,6,1,"",151.595,0,0,0,0,0,0,0,0,0,0,0,0,0,0,0,0,0,0,0,0,151.595,0,0,0
"MtrElec",1,6,2,"",122.382,0,0,0,0,0,0,0,0,0,0,0,0,0,0,0,0,0,0,0,0,122.382,0,0,0
"MtrElec",1,6,3,"",105.581,0,0,0,0,0,0,0,0,0,0,0,0,0,0,0,0,0,0,0,0,105.581,0,0,0
"MtrElec",1,6,4,"",116.672,0,0,0,0,0,0,0,0,0,0,0,0,0,0,0,0,0,0,0,0,116.672,0,0,0
"MtrElec",1,6,5,"",115.701,0,0,0,0,0,0,0,0,0,0,0,0,0,0,0,0,0,0,0,0,115.701,0,0,0
"MtrElec",1,6,6,"",156.233,0,0,0,0,0,0,0,0,0,0,0,0,0,0,0,0,0,0,0,0,156.233,0,0,0
"MtrElec",1,6,7,"",218.903,0,0,0,0,0,0,0,0,0,0,0,0,0,0,0,0,0,0,0,0,218.903,0,0,0
"MtrElec",1,6,8,"",174.551,0,0,0,0,0,0,0,0,0,0,0,0,0,0,0,0,0,0,0,0,228.021,0,0,-53.4696
"MtrElec",1,6,9,"",116.187,0,0,0,0,0,0,0,0,0,0,0,0,0,0,0,0,0,0,0,0,265.984,0,0,-149.797
"MtrElec",1,6,10,"",77.1623,0,0,0,0,0,0,0,0,0,0,0,0,0,0,0,0,0,0,0,0,296.757,0,0,-219.594
"MtrElec",1,6,11,"",0,0,0,0,0,0,0,0,0,0,0,0,0,0,0,0,0,0,0,0,0,202.633,0,149.638,-352.271
"MtrElec",1,6,12,"",0,0,0,0,0,0,0,0,0,0,0,0,0,0,0,0,0,0,0,0,0,250.393,0,127.125,-377.518
"MtrElec",1,6,13,"",0,0,0,0,0,0,0,0,0,0,0,0,0,0,0,0,0,0,0,0,0,229.731,0,14.4633,-244.194
"MtrElec",1,6,14,"",13.5056,0,0,0,0,0,0,0,0,0,0,0,0,0,0,0,0,0,0,0,0,123.409,0,0,-109.903
"MtrElec",1,6,15,"",138.888,0,0,0,0,0,0,0,0,0,0,0,0,0,0,0,0,0,0,0,0,184.049,0,0,-45.161
"MtrElec",1,6,16,"",103.633,0,0,0,0,0,0,0,0,0,0,0,0,0,0,0,0,0,0,0,0,164.581,0,0,-60.9476
"MtrElec",1,6,17,"",208.589,0,0,0,0,0,0,0,0,0,0,0,0,0,0,0,0,0,0,0,0,212.647,0,0,-4.0571
"MtrElec",1,6,18,"",245.972,0,0,0,0,0,0,0,0,0,0,0,0,0,0,0,0,0,0,0,0,245.972,0,0,0
"MtrElec",1,6,19,"",135.882,0,0,0,0,0,0,0,0,0,0,0,0,0,0,0,0,0,0,0,0,293.58,0,-157.698,0
"MtrElec",1,6,20,"",185.475,0,0,0,0,0,0,0,0,0,0,0,0,0,0,0,0,0,0,0,0,290.609,0,-105.134,0
"MtrElec",1,6,21,"",356.122,0,0,0,0,0,0,0,0,0,0,0,0,0,0,0,0,0,0,0,0,356.122,0,0,0
"MtrElec",1,6,22,"",225.859,0,0,0,0,0,0,0,0,0,0,0,0,0,0,0,0,0,0,0,0,225.859,0,0,0
"MtrElec",1,6,23,"",253.294,0,0,0,0,0,0,0,0,0,0,0,0,0,0,0,0,0,0,0,0,253.294,0,0,0
"MtrElec",1,6,24,"",158.125,0,0,0,0,0,0,0,0,0,0,0,0,0,0,0,0,0,0,0,0,158.125,0,0,0
"MtrElec",1,7,1,"",143.953,0,0,0,0,0,0,0,0,0,0,0,0,0,0,0,0,0,0,0,0,143.953,0,0,0
"MtrElec",1,7,2,"",153.705,0,0,0,0,0,0,0,0,0,0,0,0,0,0,0,0,0,0,0,0,153.705,0,0,0
"MtrElec",1,7,3,"",97.6097,0,0,0,0,0,0,0,0,0,0,0,0,0,0,0,0,0,0,0,0,97.6097,0,0,0
"MtrElec",1,7,4,"",118.715,0,0,0,0,0,0,0,0,0,0,0,0,0,0,0,0,0,0,0,0,118.715,0,0,0
"MtrElec",1,7,5,"",112.091,0,0,0,0,0,0,0,0,0,0,0,0,0,0,0,0,0,0,0,0,112.091,0,0,0
"MtrElec",1,7,6,"",113.794,0,0,0,0,0,0,0,0,0,0,0,0,0,0,0,0,0,0,0,0,113.794,0,0,0
"MtrElec",1,7,7,"",227.939,0,0,0,0,0,0,0,0,0,0,0,0,0,0,0,0,0,0,0,0,227.939,0,0,0
"MtrElec",1,7,8,"",205.496,0,0,0,0,0,0,0,0,0,0,0,0,0,0,0,0,0,0,0,0,222.129,0,0,-16.6323
"MtrElec",1,7,9,"",112.872,0,0,0,0,0,0,0,0,0,0,0,0,0,0,0,0,0,0,0,0,208.02,0,0,-95.1481
"MtrElec",1,7,10,"",0,0,0,0,0,0,0,0,0,0,0,0,0,0,0,0,0,0,0,0,0,210.068,0,27.8922,-237.961
"MtrElec",1,7,11,"",0.0000078,0,0,0,0,0,0,0,0,0,0,0,0,0,0,0,0,0,0,0,0,228.25,0,121.693,-349.944
"MtrElec",1,7,12,"",-47.625,0,0,0,0,0,0,0,0,0,0,0,0,0,0,0,0,0,0,0,0,175.607,0,157.698,-380.93
"MtrElec",1,7,13,"",-37.0959,0,0,0,0,0,0,0,0,0,0,0,0,0,0,0,0,0,0,0,0,182.383,0,157.698,-377.177
"MtrElec",1,7,14,"",-51.6876,0,0,0,0,0,0,0,0,0,0,0,0,0,0,0,0,0,0,0,0,170.069,0,123.404,-345.16
"MtrElec",1,7,15,"",-85.2373,0,0,0,0,0,0,0,0,0,0,0,0,0,0,0,0,0,0,0,0,197.991,0,0,-283.228
"MtrElec",1,7,16,"",17.479,0,0,0,0,0,0,0,0,0,0,0,0,0,0,0,0,0,0,0,0,159.609,0,0,-142.13
"MtrElec",1,7,17,"",181.399,0,0,0,0,0,0,0,0,0,0,0,0,0,0,0,0,0,0,0,0,221.089,0,0,-39.6903
"MtrElec",1,7,18,"",232.087,0,0,0,0,0,0,0,0,0,0,0,0,0,0,0,0,0,0,0,0,232.087,0,0,0
"MtrElec",1,7,19,"",77.5377,0,0,0,0,0,0,0,0,0,0,0,0,0,0,0,0,0,0,0,0,235.236,0,-157.698,0
"MtrElec",1,7,20,"",173.878,0,0,0,0,0,0,0,0,0,0,0,0,0,0,0,0,0,0,0,0,331.576,0,-157.698,0
"MtrElec",1,7,21,"",93.5758,0,0,0,0,0,0,0,0,0,0,0,0,0,0,0,0,0,0,0,0,251.274,0,-157.698,0
"MtrElec",1,7,22,"",180.095,0,0,0,0,0,0,0,0,0,0,0,0,0,0,0,0,0,0,0,0,238.018,0,-57.9237,0
"MtrElec",1,7,23,"",214.178,0,0,0,0,0,0,0,0,0,0,0,0,0,0,0,0,0,0,0,0,214.178,0,0,0
"MtrElec",1,7,24,"",148.191,0,0,0,0,0,0,0,0,0,0,0,0,0,0,0,0,0,0,0,0,148.191,0,0,0
"MtrElec",1,8,1,"",118.624,0,0,0,0,0,0,0,0,0,0,0,0,0,0,0,0,0,0,0,0,118.624,0,0,0
"MtrElec",1,8,2,"",127.597,0,0,0,0,0,0,0,0,0,0,0,0,0,0,0,0,0,0,0,0,127.597,0,0,0
"MtrElec",1,8,3,"",220.686,0,0,0,0,0,0,0,0,0,0,0,0,0,0,0,0,0,0,0,0,220.686,0,0,0
"MtrElec",1,8,4,"",147.919,0,0,0,0,0,0,0,0,0,0,0,0,0,0,0,0,0,0,0,0,147.919,0,0,0
"MtrElec",1,8,5,"",144.368,0,0,0,0,0,0,0,0,0,0,0,0,0,0,0,0,0,0,0,0,144.368,0,0,0
"MtrElec",1,8,6,"",130.283,0,0,0,0,0,0,0,0,0,0,0,0,0,0,0,0,0,0,0,0,130.283,0,0,0
"MtrElec",1,8,7,"",217.577,0,0,0,0,0,0,0,0,0,0,0,0,0,0,0,0,0,0,0,0,217.577,0,0,0
"MtrElec",1,8,8,"",203.882,0,0,0,0,0,0,0,0,0,0,0,0,0,0,0,0,0,0,0,0,275.35,0,0,-71.4676
"MtrElec",1,8,9,"",105.234,0,0,0,0,0,0,0,0,0,0,0,0,0,0,0,0,0,0,0,0,304.057,0,0,-198.823
"MtrElec",1,8,10,"",0,0,0,0,0,0,0,0,0,0,0,0,0,0,0,0,0,0,0,0,0,211.628,0,81.1975,-292.826
"MtrElec",1,8,11,"",0,0,0,0,0,0,0,0,0,0,0,0,0,0,0,0,0,0,0,0,0,251.583,0,96.4409,-348.024
"MtrElec",1,8,12,"",0,0,0,0,0,0,0,0,0,0,0,0,0,0,0,0,0,0,0,0,0,229.001,0,153.316,-382.317
"MtrElec",1,8,13,"",-37.4459,0,0,0,0,0,0,0,0,0,0,0,0,0,0,0,0,0,0,0,0,188.934,0,157.698,-384.078
"MtrElec",1,8,14,"",-128.025,0,0,0,0,0,0,0,0,0,0,0,0,0,0,0,0,0,0,0,0,122.777,0,99.7331,-350.535
"MtrElec",1,8,15,"",-91.1199,0,0,0,0,0,0,0,0,0,0,0,0,0,0,0,0,0,0,0,0,189.337,0,0,-280.457
"MtrElec",1,8,16,"",9.95839,0,0,0,0,0,0,0,0,0,0,0,0,0,0,0,0,0,0,0,0,193.004,0,0,-183.045
"MtrElec",1,8,17,"",117.776,0,0,0,0,0,0,0,0,0,0,0,0,0,0,0,0,0,0,0,0,173.246,0,0,-55.4701
"MtrElec",1,8,18,"",237.815,0,0,0,0,0,0,0,0,0,0,0,0,0,0,0,0,0,0,0,0,237.815,0,0,0
"MtrElec",1,8,19,"",99.2976,0,0,0,0,0,0,0,0,0,0,0,0,0,0,0,0,0,0,0,0,256.996,0,-157.698,0
"MtrElec",1,8,20,"",121.185,0,0,0,0,0,0,0,0,0,0,0,0,0,0,0,0,0,0,0,0,278.883,0,-157.698,0
"MtrElec",1,8,21,"",139.886,0,0,0,0,0,0,0,0,0,0,0,0,0,0,0,0,0,0,0,0,297.584,0,-157.698,0
"MtrElec",1,8,22,"",187.789,0,0,0,0,0,0,0,0,0,0,0,0,0,0,0,0,0,0,0,0,245.712,0,-57.9237,0
"MtrElec",1,8,23,"",230.92,0,0,0,0,0,0,0,0,0,0,0,0,0,0,0,0,0,0,0,0,230.92,0,0,0
"MtrElec",1,8,24,"",138.523,0,0,0,0,0,0,0,0,0,0,0,0,0,0,0,0,0,0,0,0,138.523,0,0,0
"MtrElec",1,9,1,"",187.802,0,0,0,0,0,0,0,0,0,0,0,0,0,0,0,0,0,0,0,0,187.802,0,0,0
"MtrElec",1,9,2,"",125.765,0,0,0,0,0,0,0,0,0,0,0,0,0,0,0,0,0,0,0,0,125.765,0,0,0
"MtrElec",1,9,3,"",103.277,0,0,0,0,0,0,0,0,0,0,0,0,0,0,0,0,0,0,0,0,103.277,0,0,0
"MtrElec",1,9,4,"",117.429,0,0,0,0,0,0,0,0,0,0,0,0,0,0,0,0,0,0,0,0,117.429,0,0,0
"MtrElec",1,9,5,"",120.306,0,0,0,0,0,0,0,0,0,0,0,0,0,0,0,0,0,0,0,0,120.306,0,0,0
"MtrElec",1,9,6,"",120.539,0,0,0,0,0,0,0,0,0,0,0,0,0,0,0,0,0,0,0,0,120.539,0,0,0
"MtrElec",1,9,7,"",242.12,0,0,0,0,0,0,0,0,0,0,0,0,0,0,0,0,0,0,0,0,242.12,0,0,0
"MtrElec",1,9,8,"",223.65,0,0,0,0,0,0,0,0,0,0,0,0,0,0,0,0,0,0,0,0,253.488,0,0,-29.8384
"MtrElec",1,9,9,"",168.35,0,0,0,0,0,0,0,0,0,0,0,0,0,0,0,0,0,0,0,0,287.679,0,0,-119.329
"MtrElec",1,9,10,"",96.7225,0,0,0,0,0,0,0,0,0,0,0,0,0,0,0,0,0,0,0,0,310.171,0,0,-213.448
"MtrElec",1,9,11,"",0,0,0,0,0,0,0,0,0,0,0,0,0,0,0,0,0,0,0,0,0,245.018,0,16.4303,-261.448
"MtrElec",1,9,12,"",0,0,0,0,0,0,0,0,0,0,0,0,0,0,0,0,0,0,0,0,0,253.73,0,43.9447,-297.675
"MtrElec",1,9,13,"",0,0,0,0,0,0,0,0,0,0,0,0,0,0,0,0,0,0,0,0,0,266.864,0,36.4559,-303.32
"MtrElec",1,9,14,"",0.0000078,0,0,0,0,0,0,0,0,0,0,0,0,0,0,0,0,0,0,0,0,135.212,0,115.092,-250.304
"MtrElec",1,9,15,"",0,0,0,0,0,0,0,0,0,0,0,0,0,0,0,0,0,0,0,0,0,177.062,0,62.1612,-239.223
"MtrElec",1,9,16,"",59.0028,0,0,0,0,0,0,0,0,0,0,0,0,0,0,0,0,0,0,0,0,200.357,0,0,-141.354
"MtrElec",1,9,17,"",174.219,0,0,0,0,0,0,0,0,0,0,0,0,0,0,0,0,0,0,0,0,212.374,0,0,-38.155
"MtrElec",1,9,18,"",203.774,0,0,0,0,0,0,0,0,0,0,0,0,0,0,0,0,0,0,0,0,203.774,0,0,0
"MtrElec",1,9,19,"",145.508,0,0,0,0,0,0,0,0,0,0,0,0,0,0,0,0,0,0,0,0,303.206,0,-157.698,0
"MtrElec",1,9,20,"",178.487,0,0,0,0,0,0,0,0,0,0,0,0,0,0,0,0,0,0,0,0,268.151,0,-89.6633,0
"MtrElec",1,9,21,"",290.024,0,0,0,0,0,0,0,0,0,0,0,0,0,0,0,0,0,0,0,0,290.024,0,0,0
"MtrElec",1,9,22,"",264.931,0,0,0,0,0,0,0,0,0,0,0,0,0,0,0,0,0,0,0,0,264.931,0,0,0
"MtrElec",1,9,23,"",222.875,0,0,0,0,0,0,0,0,0,0,0,0,0,0,0,0,0,0,0,0,222.875,0,0,0
"MtrElec",1,9,24,"",170.126,0,0,0,0,0,0,0,0,0,0,0,0,0,0,0,0,0,0,0,0,170.126,0,0,0
"MtrElec",1,10,1,"",131.909,0,0,0,0,0,0,0,0,0,0,0,0,0,0,0,0,0,0,0,0,131.909,0,0,0
"MtrElec",1,10,2,"",125.649,0,0,0,0,0,0,0,0,0,0,0,0,0,0,0,0,0,0,0,0,125.649,0,0,0
"MtrElec",1,10,3,"",151.826,0,0,0,0,0,0,0,0,0,0,0,0,0,0,0,0,0,0,0,0,151.826,0,0,0
"MtrElec",1,10,4,"",119.458,0,0,0,0,0,0,0,0,0,0,0,0,0,0,0,0,0,0,0,0,119.458,0,0,0
"MtrElec",1,10,5,"",138.613,0,0,0,0,0,0,0,0,0,0,0,0,0,0,0,0,0,0,0,0,138.613,0,0,0
"MtrElec",1,10,6,"",127.508,0,0,0,0,0,0,0,0,0,0,0,0,0,0,0,0,0,0,0,0,127.508,0,0,0
"MtrElec",1,10,7,"",187.413,0,0,0,0,0,0,0,0,0,0,0,0,0,0,0,0,0,0,0,0,187.413,0,0,0
"MtrElec",1,10,8,"",120.036,0,0,0,0,0,0,0,0,0,0,0,0,0,0,0,0,0,0,0,0,188.748,0,0,-68.7119
"MtrElec",1,10,9,"",18.5245,0,0,0,0,0,0,0,0,0,0,0,0,0,0,0,0,0,0,0,0,214.967,0,0,-196.443
"MtrElec",1,10,10,"",0.0000010,0,0,0,0,0,0,0,0,0,0,0,0,0,0,0,0,0,0,0,0,278.919,0,12.8534,-291.773
"MtrElec",1,10,11,"",0.0000039,0,0,0,0,0,0,0,0,0,0,0,0,0,0,0,0,0,0,0,0,295.988,0,49.1699,-345.158
"MtrElec",1,10,12,"",0.0000078,0,0,0,0,0,0,0,0,0,0,0,0,0,0,0,0,0,0,0,0,280.086,0,97.7625,-377.849
"MtrElec",1,10,13,"",0,0,0,0,0,0,0,0,0,0,0,0,0,0,0,0,0,0,0,0,0,299.049,0,80.1834,-379.233
"MtrElec",1,10,14,"",0,0,0,0,0,0,0,0,0,0,0,0,0,0,0,0,0,0,0,0,0,200.785,0,147.387,-348.171
"MtrElec",1,10,15,"",0.0000039,0,0,0,0,0,0,0,0,0,0,0,0,0,0,0,0,0,0,0,0,220.895,0,62.4016,-283.297
"MtrElec",1,10,16,"",17.0478,0,0,0,0,0,0,0,0,0,0,0,0,0,0,0,0,0,0,0,0,201.012,0,0,-183.964
"MtrElec",1,10,17,"",175.292,0,0,0,0,0,0,0,0,0,0,0,0,0,0,0,0,0,0,0,0,232.855,0,0,-57.5637
"MtrElec",1,10,18,"",238.161,0,0,0,0,0,0,0,0,0,0,0,0,0,0,0,0,0,0,0,0,238.161,0,0,0
"MtrElec",1,10,19,"",166.973,0,0,0,0,0,0,0,0,0,0,0,0,0,0,0,0,0,0,0,0,324.671,0,-157.698,0
"MtrElec",1,10,20,"",124.944,0,0,0,0,0,0,0,0,0,0,0,0,0,0,0,0,0,0,0,0,282.642,0,-157.698,0
"MtrElec",1,10,21,"",170.734,0,0,0,0,0,0,0,0,0,0,0,0,0,0,0,0,0,0,0,0,261.245,0,-90.5102,0
"MtrElec",1,10,22,"",260.455,0,0,0,0,0,0,0,0,0,0,0,0,0,0,0,0,0,0,0,0,260.455,0,0,0
"MtrElec",1,10,23,"",218.247,0,0,0,0,0,0,0,0,0,0,0,0,0,0,0,0,0,0,0,0,218.247,0,0,0
"MtrElec",1,10,24,"",165.062,0,0,0,0,0,0,0,0,0,0,0,0,0,0,0,0,0,0,0,0,165.062,0,0,0
"MtrElec",1,11,1,"",113.607,0,0,0,0,0,0,0,0,0,0,0,0,0,0,0,0,0,0,0,0,113.607,0,0,0
"MtrElec",1,11,2,"",114.908,0,0,0,0,0,0,0,0,0,0,0,0,0,0,0,0,0,0,0,0,114.908,0,0,0
"MtrElec",1,11,3,"",114.208,0,0,0,0,0,0,0,0,0,0,0,0,0,0,0,0,0,0,0,0,114.208,0,0,0
"MtrElec",1,11,4,"",104.581,0,0,0,0,0,0,0,0,0,0,0,0,0,0,0,0,0,0,0,0,104.581,0,0,0
"MtrElec",1,11,5,"",176.054,0,0,0,0,0,0,0,0,0,0,0,0,0,0,0,0,0,0,0,0,176.054,0,0,0
"MtrElec",1,11,6,"",156.032,0,0,0,0,0,0,0,0,0,0,0,0,0,0,0,0,0,0,0,0,156.032,0,0,0
"MtrElec",1,11,7,"",117.636,0,0,0,0,0,0,0,0,0,0,0,0,0,0,0,0,0,0,0,0,117.636,0,0,0
"MtrElec",1,11,8,"",139.383,0,0,0,0,0,0,0,0,0,0,0,0,0,0,0,0,0,0,0,0,208.543,0,0,-69.1603
"MtrElec",1,11,9,"",0,0,0,0,0,0,0,0,0,0,0,0,0,0,0,0,0,0,0,0,0,175.548,0,21.2937,-196.841
"MtrElec",1,11,10,"",0,0,0,0,0,0,0,0,0,0,0,0,0,0,0,0,0,0,0,0,0,262.631,0,34.3922,-297.024
"MtrElec",1,11,11,"",0.0000078,0,0,0,0,0,0,0,0,0,0,0,0,0,0,0,0,0,0,0,0,274.459,0,82.4768,-356.936
"MtrElec",1,11,12,"",0.0000078,0,0,0,0,0,0,0,0,0,0,0,0,0,0,0,0,0,0,0,0,281.976,0,104.932,-386.908
"MtrElec",1,11,13,"",0,0,0,0,0,0,0,0,0,0,0,0,0,0,0,0,0,0,0,0,0,273.33,0,105.018,-378.347
"MtrElec",1,11,14,"",0.0000078,0,0,0,0,0,0,0,0,0,0,0,0,0,0,0,0,0,0,0,0,254.358,0,89.8341,-344.192
"MtrElec",1,11,15,"",0,0,0,0,0,0,0,0,0,0,0,0,0,0,0,0,0,0,0,0,0,265.059,0,21.0678,-286.127
"MtrElec",1,11,16,"",22.0251,0,0,0,0,0,0,0,0,0,0,0,0,0,0,0,0,0,0,0,0,207.16,0,0,-185.135
"MtrElec",1,11,17,"",162.715,0,0,0,0,0,0,0,0,0,0,0,0,0,0,0,0,0,0,0,0,220.966,0,0,-58.2506
"MtrElec",1,11,18,"",244.849,0,0,0,0,0,0,0,0,0,0,0,0,0,0,0,0,0,0,0,0,244.849,0,0,0
"MtrElec",1,11,19,"",206.217,0,0,0,0,0,0,0,0,0,0,0,0,0,0,0,0,0,0,0,0,363.915,0,-157.698,0
"MtrElec",1,11,20,"",132.292,0,0,0,0,0,0,0,0,0,0,0,0,0,0,0,0,0,0,0,0,289.99,0,-157.698,0
"MtrElec",1,11,21,"",178.977,0,0,0,0,0,0,0,0,0,0,0,0,0,0,0,0,0,0,0,0,277.841,0,-98.8646,0
"MtrElec",1,11,22,"",273.437,0,0,0,0,0,0,0,0,0,0,0,0,0,0,0,0,0,0,0,0,273.437,0,0,0
"MtrElec",1,11,23,"",198.823,0,0,0,0,0,0,0,0,0,0,0,0,0,0,0,0,0,0,0,0,198.823,0,0,0
"MtrElec",1,11,24,"",172.877,0,0,0,0,0,0,0,0,0,0,0,0,0,0,0,0,0,0,0,0,172.877,0,0,0
"MtrElec",1,12,1,"",121.096,0,0,0,0,0,0,0,0,0,0,0,0,0,0,0,0,0,0,0,0,121.096,0,0,0
"MtrElec",1,12,2,"",116.817,0,0,0,0,0,0,0,0,0,0,0,0,0,0,0,0,0,0,0,0,116.817,0,0,0
"MtrElec",1,12,3,"",117.558,0,0,0,0,0,0,0,0,0,0,0,0,0,0,0,0,0,0,0,0,117.558,0,0,0
"MtrElec",1,12,4,"",117.547,0,0,0,0,0,0,0,0,0,0,0,0,0,0,0,0,0,0,0,0,117.547,0,0,0
"MtrElec",1,12,5,"",206.746,0,0,0,0,0,0,0,0,0,0,0,0,0,0,0,0,0,0,0,0,206.746,0,0,0
"MtrElec",1,12,6,"",122.164,0,0,0,0,0,0,0,0,0,0,0,0,0,0,0,0,0,0,0,0,122.164,0,0,0
"MtrElec",1,12,7,"",279.215,0,0,0,0,0,0,0,0,0,0,0,0,0,0,0,0,0,0,0,0,279.215,0,0,0
"MtrElec",1,12,8,"",201.682,0,0,0,0,0,0,0,0,0,0,0,0,0,0,0,0,0,0,0,0,253.814,0,0,-52.1329
"MtrElec",1,12,9,"",87.1331,0,0,0,0,0,0,0,0,0,0,0,0,0,0,0,0,0,0,0,0,261.21,0,0,-174.077
"MtrElec",1,12,10,"",25.679,0,0,0,0,0,0,0,0,0,0,0,0,0,0,0,0,0,0,0,0,315.666,0,0,-289.987
"MtrElec",1,12,11,"",0.0000078,0,0,0,0,0,0,0,0,0,0,0,0,0,0,0,0,0,0,0,0,286.934,0,69.4008,-356.335
"MtrElec",1,12,12,"",-9.89967,0,0,0,0,0,0,0,0,0,0,0,0,0,0,0,0,0,0,0,0,222.207,0,157.698,-389.804
"MtrElec",1,12,13,"",-50.9439,0,0,0,0,0,0,0,0,0,0,0,0,0,0,0,0,0,0,0,0,179.023,0,157.698,-387.665
"MtrElec",1,12,14,"",-34.7246,0,0,0,0,0,0,0,0,0,0,0,0,0,0,0,0,0,0,0,0,160.671,0,157.698,-353.094
"MtrElec",1,12,15,"",-32.2059,0,0,0,0,0,0,0,0,0,0,0,0,0,0,0,0,0,0,0,0,209.133,0,45.8904,-287.229
"MtrElec",1,12,16,"",-33.2818,0,0,0,0,0,0,0,0,0,0,0,0,0,0,0,0,0,0,0,0,150.198,0,0,-183.48
"MtrElec",1,12,17,"",170.532,0,0,0,0,0,0,0,0,0,0,0,0,0,0,0,0,0,0,0,0,224.973,0,0,-54.441
"MtrElec",1,12,18,"",268.312,0,0,0,0,0,0,0,0,0,0,0,0,0,0,0,0,0,0,0,0,268.312,0,0,0
"MtrElec",1,12,19,"",113.523,0,0,0,0,0,0,0,0,0,0,0,0,0,0,0,0,0,0,0,0,271.221,0,-157.698,0
"MtrElec",1,12,20,"",140.279,0,0,0,0,0,0,0,0,0,0,0,0,0,0,0,0,0,0,0,0,297.977,0,-157.698,0
"MtrElec",1,12,21,"",161.795,0,0,0,0,0,0,0,0,0,0,0,0,0,0,0,0,0,0,0,0,319.493,0,-157.698,0
"MtrElec",1,12,22,"",187.739,0,0,0,0,0,0,0,0,0,0,0,0,0,0,0,0,0,0,0,0,245.662,0,-57.9237,0
"MtrElec",1,12,23,"",235.484,0,0,0,0,0,0,0,0,0,0,0,0,0,0,0,0,0,0,0,0,235.484,0,0,0
"MtrElec",1,12,24,"",254.137,0,0,0,0,0,0,0,0,0,0,0,0,0,0,0,0,0,0,0,0,254.137,0,0,0
"MtrElec",1,13,1,"",151.05,0,0,0,0,0,0,0,0,0,0,0,0,0,0,0,0,0,0,0,0,151.05,0,0,0
"MtrElec",1,13,2,"",107.565,0,0,0,0,0,0,0,0,0,0,0,0,0,0,0,0,0,0,0,0,107.565,0,0,0
"MtrElec",1,13,3,"",117.086,0,0,0,0,0,0,0,0,0,0,0,0,0,0,0,0,0,0,0,0,117.086,0,0,0
"MtrElec",1,13,4,"",121.48,0,0,0,0,0,0,0,0,0,0,0,0,0,0,0,0,0,0,0,0,121.48,0,0,0
"MtrElec",1,13,5,"",112.993,0,0,0,0,0,0,0,0,0,0,0,0,0,0,0,0,0,0,0,0,112.993,0,0,0
"MtrElec",1,13,6,"",175.42,0,0,0,0,0,0,0,0,0,0,0,0,0,0,0,0,0,0,0,0,175.42,0,0,0
"MtrElec",1,13,7,"",220.244,0,0,0,0,0,0,0,0,0,0,0,0,0,0,0,0,0,0,0,0,220.244,0,0,0
"MtrElec",1,13,8,"",213.409,0,0,0,0,0,0,0,0,0,0,0,0,0,0,0,0,0,0,0,0,246.392,0,0,-32.9833
"MtrElec",1,13,9,"",94.4426,0,0,0,0,0,0,0,0,0,0,0,0,0,0,0,0,0,0,0,0,265.635,0,0,-171.192
"MtrElec",1,13,10,"",0,0,0,0,0,0,0,0,0,0,0,0,0,0,0,0,0,0,0,0,0,259.189,0,11.1988,-270.388
"MtrElec",1,13,11,"",0,0,0,0,0,0,0,0,0,0,0,0,0,0,0,0,0,0,0,0,0,245.144,0,100.999,-346.143
"MtrElec",1,13,12,"",-13.2553,0,0,0,0,0,0,0,0,0,0,0,0,0,0,0,0,0,0,0,0,206.826,0,157.698,-377.779
"MtrElec",1,13,13,"",-15.4973,0,0,0,0,0,0,0,0,0,0,0,0,0,0,0,0,0,0,0,0,177.457,0,157.698,-350.652
"MtrElec",1,13,14,"",-28.8457,0,0,0,0,0,0,0,0,0,0,0,0,0,0,0,0,0,0,0,0,147.161,0,157.698,-333.704
"MtrElec",1,13,15,"",-113.866,0,0,0,0,0,0,0,0,0,0,0,0,0,0,0,0,0,0,0,0,149.349,0,3.09399,-266.309
"MtrElec",1,13,16,"",40.0263,0,0,0,0,0,0,0,0,0,0,0,0,0,0,0,0,0,0,0,0,182.35,0,0,-142.323
"MtrElec",1,13,17,"",171.881,0,0,0,0,0,0,0,0,0,0,0,0,0,0,0,0,0,0,0,0,219.639,0,0,-47.758
"MtrElec",1,13,18,"",210.248,0,0,0,0,0,0,0,0,0,0,0,0,0,0,0,0,0,0,0,0,210.248,0,0,0
"MtrElec",1,13,19,"",132.639,0,0,0,0,0,0,0,0,0,0,0,0,0,0,0,0,0,0,0,0,290.337,0,-157.698,0
"MtrElec",1,13,20,"",138.93,0,0,0,0,0,0,0,0,0,0,0,0,0,0,0,0,0,0,0,0,296.628,0,-157.698,0
"MtrElec",1,13,21,"",127.378,0,0,0,0,0,0,0,0,0,0,0,0,0,0,0,0,0,0,0,0,285.076,0,-157.698,0
"MtrElec",1,13,22,"",195.916,0,0,0,0,0,0,0,0,0,0,0,0,0,0,0,0,0,0,0,0,253.839,0,-57.9237,0
"MtrElec",1,13,23,"",258.431,0,0,0,0,0,0,0,0,0,0,0,0,0,0,0,0,0,0,0,0,258.431,0,0,0
"MtrElec",1,13,24,"",186.186,0,0,0,0,0,0,0,0,0,0,0,0,0,0,0,0,0,0,0,0,186.186,0,0,0
"MtrElec",1,14,1,"",137.729,0,0,0,0,0,0,0,0,0,0,0,0,0,0,0,0,0,0,0,0,137.729,0,0,0
"MtrElec",1,14,2,"",112.894,0,0,0,0,0,0,0,0,0,0,0,0,0,0,0,0,0,0,0,0,112.894,0,0,0
"MtrElec",1,14,3,"",149.764,0,0,0,0,0,0,0,0,0,0,0,0,0,0,0,0,0,0,0,0,149.764,0,0,0
"MtrElec",1,14,4,"",119.27,0,0,0,0,0,0,0,0,0,0,0,0,0,0,0,0,0,0,0,0,119.27,0,0,0
"MtrElec",1,14,5,"",116.836,0,0,0,0,0,0,0,0,0,0,0,0,0,0,0,0,0,0,0,0,116.836,0,0,0
"MtrElec",1,14,6,"",116.221,0,0,0,0,0,0,0,0,0,0,0,0,0,0,0,0,0,0,0,0,116.221,0,0,0
"MtrElec",1,14,7,"",192.342,0,0,0,0,0,0,0,0,0,0,0,0,0,0,0,0,0,0,0,0,192.342,0,0,0
"MtrElec",1,14,8,"",183.421,0,0,0,0,0,0,0,0,0,0,0,0,0,0,0,0,0,0,0,0,253.206,0,0,-69.7849
"MtrElec",1,14,9,"",53.1947,0,0,0,0,0,0,0,0,0,0,0,0,0,0,0,0,0,0,0,0,250.087,0,0,-196.892
"MtrElec",1,14,10,"",0.0000078,0,0,0,0,0,0,0,0,0,0,0,0,0,0,0,0,0,0,0,0,223.823,0,73.3251,-297.148
"MtrElec",1,14,11,"",0,0,0,0,0,0,0,0,0,0,0,0,0,0,0,0,0,0,0,0,0,231.981,0,124.896,-356.876
"MtrElec",1,14,12,"",-25.9014,0,0,0,0,0,0,0,0,0,0,0,0,0,0,0,0,0,0,0,0,206.913,0,157.698,-390.512
"MtrElec",1,14,13,"",-66.5405,0,0,0,0,0,0,0,0,0,0,0,0,0,0,0,0,0,0,0,0,170.77,0,157.698,-395.009
"MtrElec",1,14,14,"",-114.764,0,0,0,0,0,0,0,0,0,0,0,0,0,0,0,0,0,0,0,0,175.995,0,74.7686,-365.528
"MtrElec",1,14,15,"",-145.981,0,0,0,0,0,0,0,0,0,0,0,0,0,0,0,0,0,0,0,0,150.077,0,0,-296.057
"MtrElec",1,14,16,"",-1.01016,0,0,0,0,0,0,0,0,0,0,0,0,0,0,0,0,0,0,0,0,192.846,0,0,-193.856
"MtrElec",1,14,17,"",194.195,0,0,0,0,0,0,0,0,0,0,0,0,0,0,0,0,0,0,0,0,258.922,0,0,-64.727
"MtrElec",1,14,18,"",239.485,0,0,0,0,0,0,0,0,0,0,0,0,0,0,0,0,0,0,0,0,239.485,0,0,0
"MtrElec",1,14,19,"",128.288,0,0,0,0,0,0,0,0,0,0,0,0,0,0,0,0,0,0,0,0,285.986,0,-157.698,0
"MtrElec",1,14,20,"",106.291,0,0,0,0,0,0,0,0,0,0,0,0,0,0,0,0,0,0,0,0,263.989,0,-157.698,0
"MtrElec",1,14,21,"",130.013,0,0,0,0,0,0,0,0,0,0,0,0,0,0,0,0,0,0,0,0,287.711,0,-157.698,0
"MtrElec",1,14,22,"",196.13,0,0,0,0,0,0,0,0,0,0,0,0,0,0,0,0,0,0,0,0,254.054,0,-57.9237,0
"MtrElec",1,14,23,"",234.822,0,0,0,0,0,0,0,0,0,0,0,0,0,0,0,0,0,0,0,0,234.822,0,0,0
"MtrElec",1,14,24,"",136.36,0,0,0,0,0,0,0,0,0,0,0,0,0,0,0,0,0,0,0,0,136.36,0,0,0
"MtrElec",1,15,1,"",136.226,0,0,0,0,0,0,0,0,0,0,0,0,0,0,0,0,0,0,0,0,136.226,0,0,0
"MtrElec",1,15,2,"",111.44,0,0,0,0,0,0,0,0,0,0,0,0,0,0,0,0,0,0,0,0,111.44,0,0,0
"MtrElec",1,15,3,"",106.927,0,0,0,0,0,0,0,0,0,0,0,0,0,0,0,0,0,0,0,0,106.927,0,0,0
"MtrElec",1,15,4,"",164.374,0,0,0,0,0,0,0,0,0,0,0,0,0,0,0,0,0,0,0,0,164.374,0,0,0
"MtrElec",1,15,5,"",122.312,0,0,0,0,0,0,0,0,0,0,0,0,0,0,0,0,0,0,0,0,122.312,0,0,0
"MtrElec",1,15,6,"",108.732,0,0,0,0,0,0,0,0,0,0,0,0,0,0,0,0,0,0,0,0,108.732,0,0,0
"MtrElec",1,15,7,"",228.579,0,0,0,0,0,0,0,0,0,0,0,0,0,0,0,0,0,0,0,0,228.579,0,0,0
"MtrElec",1,15,8,"",142.561,0,0,0,0,0,0,0,0,0,0,0,0,0,0,0,0,0,0,0,0,207.934,0,0,-65.3736
"MtrElec",1,15,9,"",118.782,0,0,0,0,0,0,0,0,0,0,0,0,0,0,0,0,0,0,0,0,250.535,0,0,-131.753
"MtrElec",1,15,10,"",33.8438,0,0,0,0,0,0,0,0,0,0,0,0,0,0,0,0,0,0,0,0,241.456,0,0,-207.613
"MtrElec",1,15,11,"",0,0,0,0,0,0,0,0,0,0,0,0,0,0,0,0,0,0,0,0,0,227.407,0,112.722,-340.129
"MtrElec",1,15,12,"",-65.511,0,0,0,0,0,0,0,0,0,0,0,0,0,0,0,0,0,0,0,0,160.935,0,157.698,-384.144
"MtrElec",1,15,13,"",-40.2341,0,0,0,0,0,0,0,0,0,0,0,0,0,0,0,0,0,0,0,0,186.736,0,157.698,-384.668
"MtrElec",1,15,14,"",-27.935,0,0,0,0,0,0,0,0,0,0,0,0,0,0,0,0,0,0,0,0,168.85,0,157.698,-354.483
"MtrElec",1,15,15,"",-58.3256,0,0,0,0,0,0,0,0,0,0,0,0,0,0,0,0,0,0,0,0,205.164,0,2.56884,-266.059
"MtrElec",1,15,16,"",-13.6607,0,0,0,0,0,0,0,0,0,0,0,0,0,0,0,0,0,0,0,0,151.945,0,0,-165.606
"MtrElec",1,15,17,"",145.157,0,0,0,0,0,0,0,0,0,0,0,0,0,0,0,0,0,0,0,0,204.002,0,0,-58.8453
"MtrElec",1,15,18,"",246.48,0,0,0,0,0,0,0,0,0,0,0,0,0,0,0,0,0,0,0,0,246.48,0,0,0
"MtrElec",1,15,19,"",104.523,0,0,0,0,0,0,0,0,0,0,0,0,0,0,0,0,0,0,0,0,262.221,0,-157.698,0
"MtrElec",1,15,20,"",112.655,0,0,0,0,0,0,0,0,0,0,0,0,0,0,0,0,0,0,0,0,270.353,0,-157.698,0
"MtrElec",1,15,21,"",168.934,0,0,0,0,0,0,0,0,0,0,0,0,0,0,0,0,0,0,0,0,326.632,0,-157.698,0
"MtrElec",1,15,22,"",143.198,0,0,0,0,0,0,0,0,0,0,0,0,0,0,0,0,0,0,0,0,201.121,0,-57.9237,0
"MtrElec",1,15,23,"",230.817,0,0,0,0,0,0,0,0,0,0,0,0,0,0,0,0,0,0,0,0,230.817,0,0,0
"MtrElec",1,15,24,"",152.672,0,0,0,0,0,0,0,0,0,0,0,0,0,0,0,0,0,0,0,0,152.672,0,0,0
"MtrElec",1,16,1,"",128.306,0,0,0,0,0,0,0,0,0,0,0,0,0,0,0,0,0,0,0,0,128.306,0,0,0
"MtrElec",1,16,2,"",162.239,0,0,0,0,0,0,0,0,0,0,0,0,0,0,0,0,0,0,0,0,162.239,0,0,0
"MtrElec",1,16,3,"",106.08,0,0,0,0,0,0,0,0,0,0,0,0,0,0,0,0,0,0,0,0,106.08,0,0,0
"MtrElec",1,16,4,"",133.987,0,0,0,0,0,0,0,0,0,0,0,0,0,0,0,0,0,0,0,0,133.987,0,0,0
"MtrElec",1,16,5,"",120.992,0,0,0,0,0,0,0,0,0,0,0,0,0,0,0,0,0,0,0,0,120.992,0,0,0
"MtrElec",1,16,6,"",138.4,0,0,0,0,0,0,0,0,0,0,0,0,0,0,0,0,0,0,0,0,138.4,0,0,0
"MtrElec",1,16,7,"",235.354,0,0,0,0,0,0,0,0,0,0,0,0,0,0,0,0,0,0,0,0,235.354,0,0,0
"MtrElec",1,16,8,"",201.871,0,0,0,0,0,0,0,0,0,0,0,0,0,0,0,0,0,0,0,0,252.391,0,0,-50.5198
"MtrElec",1,16,9,"",112.72,0,0,0,0,0,0,0,0,0,0,0,0,0,0,0,0,0,0,0,0,228.942,0,0,-116.222
"MtrElec",1,16,10,"",6.16253,0,0,0,0,0,0,0,0,0,0,0,0,0,0,0,0,0,0,0,0,268.217,0,0,-262.055
"MtrElec",1,16,11,"",0.0000078,0,0,0,0,0,0,0,0,0,0,0,0,0,0,0,0,0,0,0,0,253.992,0,104.381,-358.372
"MtrElec",1,16,12,"",-31.02,0,0,0,0,0,0,0,0,0,0,0,0,0,0,0,0,0,0,0,0,221.798,0,157.698,-410.516
"MtrElec",1,16,13,"",-15.7746,0,0,0,0,0,0,0,0,0,0,0,0,0,0,0,0,0,0,0,0,232.135,0,157.698,-405.608
"MtrElec",1,16,14,"",-43.8537,0,0,0,0,0,0,0,0,0,0,0,0,0,0,0,0,0,0,0,0,166.486,0,157.698,-368.038
"MtrElec",1,16,15,"",-120.399,0,0,0,0,0,0,0,0,0,0,0,0,0,0,0,0,0,0,0,0,169.542,0,10.9104,-300.852
"MtrElec",1,16,16,"",-42.4214,0,0,0,0,0,0,0,0,0,0,0,0,0,0,0,0,0,0,0,0,142.603,0,0,-185.024
"MtrElec",1,16,17,"",176.222,0,0,0,0,0,0,0,0,0,0,0,0,0,0,0,0,0,0,0,0,216.746,0,0,-40.524
"MtrElec",1,16,18,"",231.437,0,0,0,0,0,0,0,0,0,0,0,0,0,0,0,0,0,0,0,0,231.437,0,0,0
"MtrElec",1,16,19,"",89.9231,0,0,0,0,0,0,0,0,0,0,0,0,0,0,0,0,0,0,0,0,247.621,0,-157.698,0
"MtrElec",1,16,20,"",112.596,0,0,0,0,0,0,0,0,0,0,0,0,0,0,0,0,0,0,0,0,270.294,0,-157.698,0
"MtrElec",1,16,21,"",148.64,0,0,0,0,0,0,0,0,0,0,0,0,0,0,0,0,0,0,0,0,306.338,0,-157.698,0
"MtrElec",1,16,22,"",123.648,0,0,0,0,0,0,0,0,0,0,0,0,0,0,0,0,0,0,0,0,181.572,0,-57.9237,0
"MtrElec",1,16,23,"",245.687,0,0,0,0,0,0,0,0,0,0,0,0,0,0,0,0,0,0,0,0,245.687,0,0,0
"MtrElec",1,16,24,"",168.139,0,0,0,0,0,0,0,0,0,0,0,0,0,0,0,0,0,0,0,0,168.139,0,0,0
"MtrElec",1,17,1,"",124.9,0,0,0,0,0,0,0,0,0,0,0,0,0,0,0,0,0,0,0,0,124.9,0,0,0
"MtrElec",1,17,2,"",153.255,0,0,0,0,0,0,0,0,0,0,0,0,0,0,0,0,0,0,0,0,153.255,0,0,0
"MtrElec",1,17,3,"",97.7643,0,0,0,0,0,0,0,0,0,0,0,0,0,0,0,0,0,0,0,0,97.7643,0,0,0
"MtrElec",1,17,4,"",118.807,0,0,0,0,0,0,0,0,0,0,0,0,0,0,0,0,0,0,0,0,118.807,0,0,0
"MtrElec",1,17,5,"",137.741,0,0,0,0,0,0,0,0,0,0,0,0,0,0,0,0,0,0,0,0,137.741,0,0,0
"MtrElec",1,17,6,"",109.843,0,0,0,0,0,0,0,0,0,0,0,0,0,0,0,0,0,0,0,0,109.843,0,0,0
"MtrElec",1,17,7,"",187.792,0,0,0,0,0,0,0,0,0,0,0,0,0,0,0,0,0,0,0,0,187.792,0,0,0
"MtrElec",1,17,8,"",90.7686,0,0,0,0,0,0,0,0,0,0,0,0,0,0,0,0,0,0,0,0,160.883,0,0,-70.1145
"MtrElec",1,17,9,"",54.9332,0,0,0,0,0,0,0,0,0,0,0,0,0,0,0,0,0,0,0,0,256.832,0,0,-201.899
"MtrElec",1,17,10,"",0,0,0,0,0,0,0,0,0,0,0,0,0,0,0,0,0,0,0,0,0,260.222,0,46.3672,-306.589
"MtrElec",1,17,11,"",0,0,0,0,0,0,0,0,0,0,0,0,0,0,0,0,0,0,0,0,0,322.397,0,51.9377,-374.335
"MtrElec",1,17,12,"",-0.314516,0,0,0,0,0,0,0,0,0,0,0,0,0,0,0,0,0,0,0,0,249.205,0,157.698,-407.217
"MtrElec",1,17,13,"",0,0,0,0,0,0,0,0,0,0,0,0,0,0,0,0,0,0,0,0,0,316.149,0,90.29,-406.439
"MtrElec",1,17,14,"",0,0,0,0,0,0,0,0,0,0,0,0,0,0,0,0,0,0,0,0,0,221.882,0,149.05,-370.931
"MtrElec",1,17,15,"",0,0,0,0,0,0,0,0,0,0,0,0,0,0,0,0,0,0,0,0,0,233.855,0,68.0616,-301.917
"MtrElec",1,17,16,"",6.95536,0,0,0,0,0,0,0,0,0,0,0,0,0,0,0,0,0,0,0,0,205.936,0,0,-198.981
"MtrElec",1,17,17,"",116.777,0,0,0,0,0,0,0,0,0,0,0,0,0,0,0,0,0,0,0,0,185.633,0,0,-68.8557
"MtrElec",1,17,18,"",262.702,0,0,0,0,0,0,0,0,0,0,0,0,0,0,0,0,0,0,0,0,262.702,0,0,0
"MtrElec",1,17,19,"",200.021,0,0,0,0,0,0,0,0,0,0,0,0,0,0,0,0,0,0,0,0,357.719,0,-157.698,0
"MtrElec",1,17,20,"",129.451,0,0,0,0,0,0,0,0,0,0,0,0,0,0,0,0,0,0,0,0,287.149,0,-157.698,0
"MtrElec",1,17,21,"",159.982,0,0,0,0,0,0,0,0,0,0,0,0,0,0,0,0,0,0,0,0,317.68,0,-157.698,0
"MtrElec",1,17,22,"",221.426,0,0,0,0,0,0,0,0,0,0,0,0,0,0,0,0,0,0,0,0,256.804,0,-35.3783,0
"MtrElec",1,17,23,"",201.753,0,0,0,0,0,0,0,0,0,0,0,0,0,0,0,0,0,0,0,0,201.753,0,0,0
"MtrElec",1,17,24,"",146.814,0,0,0,0,0,0,0,0,0,0,0,0,0,0,0,0,0,0,0,0,146.814,0,0,0
"MtrElec",1,18,1,"",167.463,0,0,0,0,0,0,0,0,0,0,0,0,0,0,0,0,0,0,0,0,167.463,0,0,0
"MtrElec",1,18,2,"",119.425,0,0,0,0,0,0,0,0,0,0,0,0,0,0,0,0,0,0,0,0,119.425,0,0,0
"MtrElec",1,18,3,"",122.936,0,0,0,0,0,0,0,0,0,0,0,0,0,0,0,0,0,0,0,0,122.936,0,0,0
"MtrElec",1,18,4,"",110.888,0,0,0,0,0,0,0,0,0,0,0,0,0,0,0,0,0,0,0,0,110.888,0,0,0
"MtrElec",1,18,5,"",140.639,0,0,0,0,0,0,0,0,0,0,0,0,0,0,0,0,0,0,0,0,140.639,0,0,0
"MtrElec",1,18,6,"",125.056,0,0,0,0,0,0,0,0,0,0,0,0,0,0,0,0,0,0,0,0,125.056,0,0,0
"MtrElec",1,18,7,"",187.106,0,0,0,0,0,0,0,0,0,0,0,0,0,0,0,0,0,0,0,0,187.106,0,0,0
"MtrElec",1,18,8,"",185.646,0,0,0,0,0,0,0,0,0,0,0,0,0,0,0,0,0,0,0,0,230.649,0,0,-45.0032
"MtrElec",1,18,9,"",193.684,0,0,0,0,0,0,0,0,0,0,0,0,0,0,0,0,0,0,0,0,296.971,0,0,-103.287
"MtrElec",1,18,10,"",59.0799,0,0,0,0,0,0,0,0,0,0,0,0,0,0,0,0,0,0,0,0,327.232,0,0,-268.152
"MtrElec",1,18,11,"",0,0,0,0,0,0,0,0,0,0,0,0,0,0,0,0,0,0,0,0,0,317.53,0,34.5026,-352.033
"MtrElec",1,18,12,"",0,0,0,0,0,0,0,0,0,0,0,0,0,0,0,0,0,0,0,0,0,261.971,0,132.234,-394.206
"MtrElec",1,18,13,"",0,0,0,0,0,0,0,0,0,0,0,0,0,0,0,0,0,0,0,0,0,260.582,0,115.442,-376.024
"MtrElec",1,18,14,"",0,0,0,0,0,0,0,0,0,0,0,0,0,0,0,0,0,0,0,0,0,245.752,0,36.5988,-282.35
"MtrElec",1,18,15,"",12.7799,0,0,0,0,0,0,0,0,0,0,0,0,0,0,0,0,0,0,0,0,225.393,0,0,-212.613
"MtrElec",1,18,16,"",92.4317,0,0,0,0,0,0,0,0,0,0,0,0,0,0,0,0,0,0,0,0,231.29,0,0,-138.858
"MtrElec",1,18,17,"",211.813,0,0,0,0,0,0,0,0,0,0,0,0,0,0,0,0,0,0,0,0,224.494,0,0,-12.6814
"MtrElec",1,18,18,"",224.021,0,0,0,0,0,0,0,0,0,0,0,0,0,0,0,0,0,0,0,0,224.021,0,0,0
"MtrElec",1,18,19,"",131.725,0,0,0,0,0,0,0,0,0,0,0,0,0,0,0,0,0,0,0,0,289.423,0,-157.698,0
"MtrElec",1,18,20,"",137.755,0,0,0,0,0,0,0,0,0,0,0,0,0,0,0,0,0,0,0,0,267.753,0,-129.999,0
"MtrElec",1,18,21,"",209.09,0,0,0,0,0,0,0,0,0,0,0,0,0,0,0,0,0,0,0,0,209.09,0,0,0
"MtrElec",1,18,22,"",255.22,0,0,0,0,0,0,0,0,0,0,0,0,0,0,0,0,0,0,0,0,255.22,0,0,0
"MtrElec",1,18,23,"",208.925,0,0,0,0,0,0,0,0,0,0,0,0,0,0,0,0,0,0,0,0,208.925,0,0,0
"MtrElec",1,18,24,"",157.083,0,0,0,0,0,0,0,0,0,0,0,0,0,0,0,0,0,0,0,0,157.083,0,0,0
"MtrElec",1,19,1,"",117.906,0,0,0,0,0,0,0,0,0,0,0,0,0,0,0,0,0,0,0,0,117.906,0,0,0
"MtrElec",1,19,2,"",110.749,0,0,0,0,0,0,0,0,0,0,0,0,0,0,0,0,0,0,0,0,110.749,0,0,0
"MtrElec",1,19,3,"",108.696,0,0,0,0,0,0,0,0,0,0,0,0,0,0,0,0,0,0,0,0,108.696,0,0,0
"MtrElec",1,19,4,"",99.6028,0,0,0,0,0,0,0,0,0,0,0,0,0,0,0,0,0,0,0,0,99.6028,0,0,0
"MtrElec",1,19,5,"",138.349,0,0,0,0,0,0,0,0,0,0,0,0,0,0,0,0,0,0,0,0,138.349,0,0,0
"MtrElec",1,19,6,"",129.69,0,0,0,0,0,0,0,0,0,0,0,0,0,0,0,0,0,0,0,0,129.69,0,0,0
"MtrElec",1,19,7,"",180.03,0,0,0,0,0,0,0,0,0,0,0,0,0,0,0,0,0,0,0,0,180.03,0,0,0
"MtrElec",1,19,8,"",197.971,0,0,0,0,0,0,0,0,0,0,0,0,0,0,0,0,0,0,0,0,253.178,0,0,-55.2073
"MtrElec",1,19,9,"",209.165,0,0,0,0,0,0,0,0,0,0,0,0,0,0,0,0,0,0,0,0,292.533,0,0,-83.3678
"MtrElec",1,19,10,"",223.09,0,0,0,0,0,0,0,0,0,0,0,0,0,0,0,0,0,0,0,0,362.622,0,0,-139.532
"MtrElec",1,19,11,"",0,0,0,0,0,0,0,0,0,0,0,0,0,0,0,0,0,0,0,0,0,262.266,0,56.4883,-318.754
"MtrElec",1,19,12,"",0,0,0,0,0,0,0,0,0,0,0,0,0,0,0,0,0,0,0,0,0,282.857,0,84.6099,-367.466
"MtrElec",1,19,13,"",0,0,0,0,0,0,0,0,0,0,0,0,0,0,0,0,0,0,0,0,0,268.933,0,105.157,-374.09
"MtrElec",1,19,14,"",-21.5776,0,0,0,0,0,0,0,0,0,0,0,0,0,0,0,0,0,0,0,0,171.592,0,157.698,-350.868
"MtrElec",1,19,15,"",0,0,0,0,0,0,0,0,0,0,0,0,0,0,0,0,0,0,0,0,0,206.721,0,75.3929,-282.114
"MtrElec",1,19,16,"",0.0000001,0,0,0,0,0,0,0,0,0,0,0,0,0,0,0,0,0,0,0,0,179.588,0,2.02766,-181.615
"MtrElec",1,19,17,"",176.871,0,0,0,0,0,0,0,0,0,0,0,0,0,0,0,0,0,0,0,0,234.887,0,0,-58.0156
"MtrElec",1,19,18,"",319.921,0,0,0,0,0,0,0,0,0,0,0,0,0,0,0,0,0,0,0,0,319.921,0,0,0
"MtrElec",1,19,19,"",163.479,0,0,0,0,0,0,0,0,0,0,0,0,0,0,0,0,0,0,0,0,321.177,0,-157.698,0
"MtrElec",1,19,20,"",81.3794,0,0,0,0,0,0,0,0,0,0,0,0,0,0,0,0,0,0,0,0,239.077,0,-157.698,0
"MtrElec",1,19,21,"",163.1,0,0,0,0,0,0,0,0,0,0,0,0,0,0,0,0,0,0,0,0,282.143,0,-119.043,0
"MtrElec",1,19,22,"",255.688,0,0,0,0,0,0,0,0,0,0,0,0,0,0,0,0,0,0,0,0,255.688,0,0,0
"MtrElec",1,19,23,"",206.39,0,0,0,0,0,0,0,0,0,0,0,0,0,0,0,0,0,0,0,0,206.39,0,0,0
"MtrElec",1,19,24,"",184.59,0,0,0,0,0,0,0,0,0,0,0,0,0,0,0,0,0,0,0,0,184.59,0,0,0
"MtrElec",1,20,1,"",107.763,0,0,0,0,0,0,0,0,0,0,0,0,0,0,0,0,0,0,0,0,107.763,0,0,0
"MtrElec",1,20,2,"",117.49,0,0,0,0,0,0,0,0,0,0,0,0,0,0,0,0,0,0,0,0,117.49,0,0,0
"MtrElec",1,20,3,"",107.561,0,0,0,0,0,0,0,0,0,0,0,0,0,0,0,0,0,0,0,0,107.561,0,0,0
"MtrElec",1,20,4,"",112.848,0,0,0,0,0,0,0,0,0,0,0,0,0,0,0,0,0,0,0,0,112.848,0,0,0
"MtrElec",1,20,5,"",159.77,0,0,0,0,0,0,0,0,0,0,0,0,0,0,0,0,0,0,0,0,159.77,0,0,0
"MtrElec",1,20,6,"",107.201,0,0,0,0,0,0,0,0,0,0,0,0,0,0,0,0,0,0,0,0,107.201,0,0,0
"MtrElec",1,20,7,"",212.544,0,0,0,0,0,0,0,0,0,0,0,0,0,0,0,0,0,0,0,0,212.544,0,0,0
"MtrElec",1,20,8,"",259.689,0,0,0,0,0,0,0,0,0,0,0,0,0,0,0,0,0,0,0,0,259.689,0,0,0
"MtrElec",1,20,9,"",219.116,0,0,0,0,0,0,0,0,0,0,0,0,0,0,0,0,0,0,0,0,224.389,0,0,-5.27306
"MtrElec",1,20,10,"",254.952,0,0,0,0,0,0,0,0,0,0,0,0,0,0,0,0,0,0,0,0,272.45,0,0,-17.4975
"MtrElec",1,20,11,"",180.571,0,0,0,0,0,0,0,0,0,0,0,0,0,0,0,0,0,0,0,0,236.7,0,0,-56.129
"MtrElec",1,20,12,"",106.997,0,0,0,0,0,0,0,0,0,0,0,0,0,0,0,0,0,0,0,0,196.924,0,0,-89.9274
"MtrElec",1,20,13,"",170.774,0,0,0,0,0,0,0,0,0,0,0,0,0,0,0,0,0,0,0,0,258.55,0,0,-87.7767
"MtrElec",1,20,14,"",38.563,0,0,0,0,0,0,0,0,0,0,0,0,0,0,0,0,0,0,0,0,129.215,0,0,-90.6524
"MtrElec",1,20,15,"",18.8825,0,0,0,0,0,0,0,0,0,0,0,0,0,0,0,0,0,0,0,0,187.954,0,0,-169.071
"MtrElec",1,20,16,"",65.1994,0,0,0,0,0,0,0,0,0,0,0,0,0,0,0,0,0,0,0,0,207.211,0,0,-142.012
"MtrElec",1,20,17,"",175.445,0,0,0,0,0,0,0,0,0,0,0,0,0,0,0,0,0,0,0,0,229.936,0,0,-54.4903
"MtrElec",1,20,18,"",262.581,0,0,0,0,0,0,0,0,0,0,0,0,0,0,0,0,0,0,0,0,262.581,0,0,0
"MtrElec",1,20,19,"",283.77,0,0,0,0,0,0,0,0,0,0,0,0,0,0,0,0,0,0,0,0,283.77,0,0,0
"MtrElec",1,20,20,"",279.332,0,0,0,0,0,0,0,0,0,0,0,0,0,0,0,0,0,0,0,0,279.332,0,0,0
"MtrElec",1,20,21,"",317.192,0,0,0,0,0,0,0,0,0,0,0,0,0,0,0,0,0,0,0,0,317.192,0,0,0
"MtrElec",1,20,22,"",210.89,0,0,0,0,0,0,0,0,0,0,0,0,0,0,0,0,0,0,0,0,210.89,0,0,0
"MtrElec",1,20,23,"",258.818,0,0,0,0,0,0,0,0,0,0,0,0,0,0,0,0,0,0,0,0,258.818,0,0,0
"MtrElec",1,20,24,"",177.887,0,0,0,0,0,0,0,0,0,0,0,0,0,0,0,0,0,0,0,0,177.887,0,0,0
"MtrElec",1,21,1,"",121.017,0,0,0,0,0,0,0,0,0,0,0,0,0,0,0,0,0,0,0,0,121.017,0,0,0
"MtrElec",1,21,2,"",120.738,0,0,0,0,0,0,0,0,0,0,0,0,0,0,0,0,0,0,0,0,120.738,0,0,0
"MtrElec",1,21,3,"",114.126,0,0,0,0,0,0,0,0,0,0,0,0,0,0,0,0,0,0,0,0,114.126,0,0,0
"MtrElec",1,21,4,"",126.01,0,0,0,0,0,0,0,0,0,0,0,0,0,0,0,0,0,0,0,0,126.01,0,0,0
"MtrElec",1,21,5,"",147.988,0,0,0,0,0,0,0,0,0,0,0,0,0,0,0,0,0,0,0,0,147.988,0,0,0
"MtrElec",1,21,6,"",123.888,0,0,0,0,0,0,0,0,0,0,0,0,0,0,0,0,0,0,0,0,123.888,0,0,0
"MtrElec",1,21,7,"",183.431,0,0,0,0,0,0,0,0,0,0,0,0,0,0,0,0,0,0,0,0,183.431,0,0,0
"MtrElec",1,21,8,"",218.943,0,0,0,0,0,0,0,0,0,0,0,0,0,0,0,0,0,0,0,0,251.496,0,0,-32.5531
"MtrElec",1,21,9,"",169.639,0,0,0,0,0,0,0,0,0,0,0,0,0,0,0,0,0,0,0,0,258.165,0,0,-88.5255
"MtrElec",1,21,10,"",0,0,0,0,0,0,0,0,0,0,0,0,0,0,0,0,0,0,0,0,0,190.557,0,52.1449,-242.702
"MtrElec",1,21,11,"",0,0,0,0,0,0,0,0,0,0,0,0,0,0,0,0,0,0,0,0,0,240.491,0,141.427,-381.919
"MtrElec",1,21,12,"",-54.5705,0,0,0,0,0,0,0,0,0,0,0,0,0,0,0,0,0,0,0,0,208.961,0,157.698,-421.23
"MtrElec",1,21,13,"",-52.4743,0,0,0,0,0,0,0,0,0,0,0,0,0,0,0,0,0,0,0,0,209.191,0,157.698,-419.363
"MtrElec",1,21,14,"",-140.144,0,0,0,0,0,0,0,0,0,0,0,0,0,0,0,0,0,0,0,0,166.736,0,79.4171,-386.297
"MtrElec",1,21,15,"",-160.475,0,0,0,0,0,0,0,0,0,0,0,0,0,0,0,0,0,0,0,0,155.065,0,0,-315.54
"MtrElec",1,21,16,"",-26.1254,0,0,0,0,0,0,0,0,0,0,0,0,0,0,0,0,0,0,0,0,182.903,0,0,-209.028
"MtrElec",1,21,17,"",166.32,0,0,0,0,0,0,0,0,0,0,0,0,0,0,0,0,0,0,0,0,239.905,0,0,-73.5854
"MtrElec",1,21,18,"",184.648,0,0,0,0,0,0,0,0,0,0,0,0,0,0,0,0,0,0,0,0,184.648,0,0,0
"MtrElec",1,21,19,"",154.81,0,0,0,0,0,0,0,0,0,0,0,0,0,0,0,0,0,0,0,0,312.508,0,-157.698,0
"MtrElec",1,21,20,"",67.1597,0,0,0,0,0,0,0,0,0,0,0,0,0,0,0,0,0,0,0,0,224.858,0,-157.698,0
"MtrElec",1,21,21,"",88.6381,0,0,0,0,0,0,0,0,0,0,0,0,0,0,0,0,0,0,0,0,246.336,0,-157.698,0
"MtrElec",1,21,22,"",173.892,0,0,0,0,0,0,0,0,0,0,0,0,0,0,0,0,0,0,0,0,231.815,0,-57.9237,0
"MtrElec",1,21,23,"",217.672,0,0,0,0,0,0,0,0,0,0,0,0,0,0,0,0,0,0,0,0,217.672,0,0,0
"MtrElec",1,21,24,"",185.38,0,0,0,0,0,0,0,0,0,0,0,0,0,0,0,0,0,0,0,0,185.38,0,0,0
"MtrElec",1,22,1,"",104.434,0,0,0,0,0,0,0,0,0,0,0,0,0,0,0,0,0,0,0,0,104.434,0,0,0
"MtrElec",1,22,2,"",116.628,0,0,0,0,0,0,0,0,0,0,0,0,0,0,0,0,0,0,0,0,116.628,0,0,0
"MtrElec",1,22,3,"",102.246,0,0,0,0,0,0,0,0,0,0,0,0,0,0,0,0,0,0,0,0,102.246,0,0,0
"MtrElec",1,22,4,"",102.88,0,0,0,0,0,0,0,0,0,0,0,0,0,0,0,0,0,0,0,0,102.88,0,0,0
"MtrElec",1,22,5,"",147.343,0,0,0,0,0,0,0,0,0,0,0,0,0,0,0,0,0,0,0,0,147.343,0,0,0
"MtrElec",1,22,6,"",103.53,0,0,0,0,0,0,0,0,0,0,0,0,0,0,0,0,0,0,0,0,103.53,0,0,0
"MtrElec",1,22,7,"",234.091,0,0,0,0,0,0,0,0,0,0,0,0,0,0,0,0,0,0,0,0,234.091,0,0,0
"MtrElec",1,22,8,"",184.939,0,0,0,0,0,0,0,0,0,0,0,0,0,0,0,0,0,0,0,0,257.703,0,0,-72.7638
"MtrElec",1,22,9,"",59.0727,0,0,0,0,0,0,0,0,0,0,0,0,0,0,0,0,0,0,0,0,265.832,0,0,-206.759
"MtrElec",1,22,10,"",0,0,0,0,0,0,0,0,0,0,0,0,0,0,0,0,0,0,0,0,0,237.275,0,79.1598,-316.435
"MtrElec",1,22,11,"",-9.50861,0,0,0,0,0,0,0,0,0,0,0,0,0,0,0,0,0,0,0,0,219.772,0,157.698,-386.978
"MtrElec",1,22,12,"",-64.3845,0,0,0,0,0,0,0,0,0,0,0,0,0,0,0,0,0,0,0,0,202.927,0,157.698,-425.009
"MtrElec",1,22,13,"",-76.383,0,0,0,0,0,0,0,0,0,0,0,0,0,0,0,0,0,0,0,0,194.565,0,157.698,-428.646
"MtrElec",1,22,14,"",-185.177,0,0,0,0,0,0,0,0,0,0,0,0,0,0,0,0,0,0,0,0,171.643,0,36.1315,-392.952
"MtrElec",1,22,15,"",-141.308,0,0,0,0,0,0,0,0,0,0,0,0,0,0,0,0,0,0,0,0,179.324,0,0,-320.633
"MtrElec",1,22,16,"",-63.4219,0,0,0,0,0,0,0,0,0,0,0,0,0,0,0,0,0,0,0,0,150.237,0,0,-213.659
"MtrElec",1,22,17,"",138.142,0,0,0,0,0,0,0,0,0,0,0,0,0,0,0,0,0,0,0,0,220.756,0,0,-82.6137
"MtrElec",1,22,18,"",246.158,0,0,0,0,0,0,0,0,0,0,0,0,0,0,0,0,0,0,0,0,246.158,0,0,0
"MtrElec",1,22,19,"",98.739,0,0,0,0,0,0,0,0,0,0,0,0,0,0,0,0,0,0,0,0,256.437,0,-157.698,0
"MtrElec",1,22,20,"",118.966,0,0,0,0,0,0,0,0,0,0,0,0,0,0,0,0,0,0,0,0,276.664,0,-157.698,0
"MtrElec",1,22,21,"",123.854,0,0,0,0,0,0,0,0,0,0,0,0,0,0,0,0,0,0,0,0,281.552,0,-157.698,0
"MtrElec",1,22,22,"",175.646,0,0,0,0,0,0,0,0,0,0,0,0,0,0,0,0,0,0,0,0,233.57,0,-57.9237,0
"MtrElec",1,22,23,"",232.064,0,0,0,0,0,0,0,0,0,0,0,0,0,0,0,0,0,0,0,0,232.064,0,0,0
"MtrElec",1,22,24,"",151.35,0,0,0,0,0,0,0,0,0,0,0,0,0,0,0,0,0,0,0,0,151.35,0,0,0
"MtrElec",1,23,1,"",162.812,0,0,0,0,0,0,0,0,0,0,0,0,0,0,0,0,0,0,0,0,162.812,0,0,0
"MtrElec",1,23,2,"",147.875,0,0,0,0,0,0,0,0,0,0,0,0,0,0,0,0,0,0,0,0,147.875,0,0,0
"MtrElec",1,23,3,"",104.43,0,0,0,0,0,0,0,0,0,0,0,0,0,0,0,0,0,0,0,0,104.43,0,0,0
"MtrElec",1,23,4,"",119.133,0,0,0,0,0,0,0,0,0,0,0,0,0,0,0,0,0,0,0,0,119.133,0,0,0
"MtrElec",1,23,5,"",117.753,0,0,0,0,0,0,0,0,0,0,0,0,0,0,0,0,0,0,0,0,117.753,0,0,0
"MtrElec",1,23,6,"",123.404,0,0,0,0,0,0,0,0,0,0,0,0,0,0,0,0,0,0,0,0,123.404,0,0,0
"MtrElec",1,23,7,"",227.3,0,0,0,0,0,0,0,0,0,0,0,0,0,0,0,0,0,0,0,0,227.3,0,0,0
"MtrElec",1,23,8,"",196.906,0,0,0,0,0,0,0,0,0,0,0,0,0,0,0,0,0,0,0,0,261.768,0,0,-64.8624
"MtrElec",1,23,9,"",110.47,0,0,0,0,0,0,0,0,0,0,0,0,0,0,0,0,0,0,0,0,306.447,0,0,-195.977
"MtrElec",1,23,10,"",0,0,0,0,0,0,0,0,0,0,0,0,0,0,0,0,0,0,0,0,0,233.201,0,65.1921,-298.393
"MtrElec",1,23,11,"",0,0,0,0,0,0,0,0,0,0,0,0,0,0,0,0,0,0,0,0,0,226.95,0,139.479,-366.429
"MtrElec",1,23,12,"",-19.0265,0,0,0,0,0,0,0,0,0,0,0,0,0,0,0,0,0,0,0,0,218.241,0,157.698,-394.965
"MtrElec",1,23,13,"",0,0,0,0,0,0,0,0,0,0,0,0,0,0,0,0,0,0,0,0,0,305.023,0,98.4063,-403.429
"MtrElec",1,23,14,"",-122.972,0,0,0,0,0,0,0,0,0,0,0,0,0,0,0,0,0,0,0,0,122.581,0,127.609,-373.163
"MtrElec",1,23,15,"",-120.693,0,0,0,0,0,0,0,0,0,0,0,0,0,0,0,0,0,0,0,0,188.658,0,0,-309.35
"MtrElec",1,23,16,"",-52.8092,0,0,0,0,0,0,0,0,0,0,0,0,0,0,0,0,0,0,0,0,155.445,0,0,-208.254
"MtrElec",1,23,17,"",125.547,0,0,0,0,0,0,0,0,0,0,0,0,0,0,0,0,0,0,0,0,205.92,0,0,-80.3724
"MtrElec",1,23,18,"",265.46,0,0,0,0,0,0,0,0,0,0,0,0,0,0,0,0,0,0,0,0,265.603,0,0,-0.142755
"MtrElec",1,23,19,"",163.639,0,0,0,0,0,0,0,0,0,0,0,0,0,0,0,0,0,0,0,0,321.337,0,-157.698,0
"MtrElec",1,23,20,"",120.842,0,0,0,0,0,0,0,0,0,0,0,0,0,0,0,0,0,0,0,0,278.54,0,-157.698,0
"MtrElec",1,23,21,"",170.629,0,0,0,0,0,0,0,0,0,0,0,0,0,0,0,0,0,0,0,0,328.327,0,-157.698,0
"MtrElec",1,23,22,"",177.19,0,0,0,0,0,0,0,0,0,0,0,0,0,0,0,0,0,0,0,0,235.113,0,-57.9237,0
"MtrElec",1,23,23,"",231.206,0,0,0,0,0,0,0,0,0,0,0,0,0,0,0,0,0,0,0,0,231.206,0,0,0
"MtrElec",1,23,24,"",152.198,0,0,0,0,0,0,0,0,0,0,0,0,0,0,0,0,0,0,0,0,152.198,0,0,0
"MtrElec",1,24,1,"",112.876,0,0,0,0,0,0,0,0,0,0,0,0,0,0,0,0,0,0,0,0,112.876,0,0,0
"MtrElec",1,24,2,"",154.412,0,0,0,0,0,0,0,0,0,0,0,0,0,0,0,0,0,0,0,0,154.412,0,0,0
"MtrElec",1,24,3,"",128.979,0,0,0,0,0,0,0,0,0,0,0,0,0,0,0,0,0,0,0,0,128.979,0,0,0
"MtrElec",1,24,4,"",107.752,0,0,0,0,0,0,0,0,0,0,0,0,0,0,0,0,0,0,0,0,107.752,0,0,0
"MtrElec",1,24,5,"",138.65,0,0,0,0,0,0,0,0,0,0,0,0,0,0,0,0,0,0,0,0,138.65,0,0,0
"MtrElec",1,24,6,"",118.953,0,0,0,0,0,0,0,0,0,0,0,0,0,0,0,0,0,0,0,0,118.953,0,0,0
"MtrElec",1,24,7,"",138.346,0,0,0,0,0,0,0,0,0,0,0,0,0,0,0,0,0,0,0,0,138.346,0,0,0
"MtrElec",1,24,8,"",198.582,0,0,0,0,0,0,0,0,0,0,0,0,0,0,0,0,0,0,0,0,205.05,0,0,-6.46777
"MtrElec",1,24,9,"",190.476,0,0,0,0,0,0,0,0,0,0,0,0,0,0,0,0,0,0,0,0,226.521,0,0,-36.0455
"MtrElec",1,24,10,"",123.493,0,0,0,0,0,0,0,0,0,0,0,0,0,0,0,0,0,0,0,0,285.692,0,0,-162.199
"MtrElec",1,24,11,"",90.7034,0,0,0,0,0,0,0,0,0,0,0,0,0,0,0,0,0,0,0,0,294.267,0,0,-203.563
"MtrElec",1,24,12,"",66.1947,0,0,0,0,0,0,0,0,0,0,0,0,0,0,0,0,0,0,0,0,345.994,0,0,-279.8
"MtrElec",1,24,13,"",0.0000005,0,0,0,0,0,0,0,0,0,0,0,0,0,0,0,0,0,0,0,0,265.056,0,7.28856,-272.345
"MtrElec",1,24,14,"",32.8262,0,0,0,0,0,0,0,0,0,0,0,0,0,0,0,0,0,0,0,0,243.524,0,0,-210.697
"MtrElec",1,24,15,"",51.7052,0,0,0,0,0,0,0,0,0,0,0,0,0,0,0,0,0,0,0,0,216.678,0,0,-164.973
"MtrElec",1,24,16,"",149.571,0,0,0,0,0,0,0,0,0,0,0,0,0,0,0,0,0,0,0,0,252.946,0,0,-103.376
"MtrElec",1,24,17,"",212.794,0,0,0,0,0,0,0,0,0,0,0,0,0,0,0,0,0,0,0,0,237.936,0,0,-25.1425
"MtrElec",1,24,18,"",221.106,0,0,0,0,0,0,0,0,0,0,0,0,0,0,0,0,0,0,0,0,221.106,0,0,0
"MtrElec",1,24,19,"",323.839,0,0,0,0,0,0,0,0,0,0,0,0,0,0,0,0,0,0,0,0,330.417,0,-6.57793,0
"MtrElec",1,24,20,"",250.853,0,0,0,0,0,0,0,0,0,0,0,0,0,0,0,0,0,0,0,0,250.853,0,0,0
"MtrElec",1,24,21,"",260.034,0,0,0,0,0,0,0,0,0,0,0,0,0,0,0,0,0,0,0,0,260.034,0,0,0
"MtrElec",1,24,22,"",256.822,0,0,0,0,0,0,0,0,0,0,0,0,0,0,0,0,0,0,0,0,256.822,0,0,0
"MtrElec",1,24,23,"",244.291,0,0,0,0,0,0,0,0,0,0,0,0,0,0,0,0,0,0,0,0,244.291,0,0,0
"MtrElec",1,24,24,"",187.287,0,0,0,0,0,0,0,0,0,0,0,0,0,0,0,0,0,0,0,0,187.287,0,0,0
"MtrElec",1,25,1,"",137.794,0,0,0,0,0,0,0,0,0,0,0,0,0,0,0,0,0,0,0,0,137.794,0,0,0
"MtrElec",1,25,2,"",135.041,0,0,0,0,0,0,0,0,0,0,0,0,0,0,0,0,0,0,0,0,135.041,0,0,0
"MtrElec",1,25,3,"",126.967,0,0,0,0,0,0,0,0,0,0,0,0,0,0,0,0,0,0,0,0,126.967,0,0,0
"MtrElec",1,25,4,"",119.407,0,0,0,0,0,0,0,0,0,0,0,0,0,0,0,0,0,0,0,0,119.407,0,0,0
"MtrElec",1,25,5,"",136.349,0,0,0,0,0,0,0,0,0,0,0,0,0,0,0,0,0,0,0,0,136.349,0,0,0
"MtrElec",1,25,6,"",105.555,0,0,0,0,0,0,0,0,0,0,0,0,0,0,0,0,0,0,0,0,105.555,0,0,0
"MtrElec",1,25,7,"",182.852,0,0,0,0,0,0,0,0,0,0,0,0,0,0,0,0,0,0,0,0,182.852,0,0,0
"MtrElec",1,25,8,"",137.672,0,0,0,0,0,0,0,0,0,0,0,0,0,0,0,0,0,0,0,0,175.448,0,0,-37.7758
"MtrElec",1,25,9,"",17.2001,0,0,0,0,0,0,0,0,0,0,0,0,0,0,0,0,0,0,0,0,200.022,0,0,-182.822
"MtrElec",1,25,10,"",0,0,0,0,0,0,0,0,0,0,0,0,0,0,0,0,0,0,0,0,0,265.714,0,39.9289,-305.643
"MtrElec",1,25,11,"",0,0,0,0,0,0,0,0,0,0,0,0,0,0,0,0,0,0,0,0,0,327.309,0,47.1855,-374.495
"MtrElec",1,25,12,"",-3.83814,0,0,0,0,0,0,0,0,0,0,0,0,0,0,0,0,0,0,0,0,252.695,0,157.698,-414.231
"MtrElec",1,25,13,"",-1.71741,0,0,0,0,0,0,0,0,0,0,0,0,0,0,0,0,0,0,0,0,253.192,0,157.698,-412.608
"MtrElec",1,25,14,"",-22.8181,0,0,0,0,0,0,0,0,0,0,0,0,0,0,0,0,0,0,0,0,200.06,0,157.698,-380.576
"MtrElec",1,25,15,"",-95.7104,0,0,0,0,0,0,0,0,0,0,0,0,0,0,0,0,0,0,0,0,192.229,0,28.1769,-316.116
"MtrElec",1,25,16,"",3.46678,0,0,0,0,0,0,0,0,0,0,0,0,0,0,0,0,0,0,0,0,216.526,0,0,-213.059
"MtrElec",1,25,17,"",73.9229,0,0,0,0,0,0,0,0,0,0,0,0,0,0,0,0,0,0,0,0,153.415,0,0,-79.4921
"MtrElec",1,25,18,"",239.082,0,0,0,0,0,0,0,0,0,0,0,0,0,0,0,0,0,0,0,0,239.28,0,0,-0.197499
"MtrElec",1,25,19,"",174.932,0,0,0,0,0,0,0,0,0,0,0,0,0,0,0,0,0,0,0,0,332.63,0,-157.698,0
"MtrElec",1,25,20,"",111.867,0,0,0,0,0,0,0,0,0,0,0,0,0,0,0,0,0,0,0,0,269.565,0,-157.698,0
"MtrElec",1,25,21,"",101.422,0,0,0,0,0,0,0,0,0,0,0,0,0,0,0,0,0,0,0,0,259.12,0,-157.698,0
"MtrElec",1,25,22,"",184.694,0,0,0,0,0,0,0,0,0,0,0,0,0,0,0,0,0,0,0,0,242.617,0,-57.9237,0
"MtrElec",1,25,23,"",205.988,0,0,0,0,0,0,0,0,0,0,0,0,0,0,0,0,0,0,0,0,205.988,0,0,0
"MtrElec",1,25,24,"",182.901,0,0,0,0,0,0,0,0,0,0,0,0,0,0,0,0,0,0,0,0,182.901,0,0,0
"MtrElec",1,26,1,"",115.768,0,0,0,0,0,0,0,0,0,0,0,0,0,0,0,0,0,0,0,0,115.768,0,0,0
"MtrElec",1,26,2,"",121.684,0,0,0,0,0,0,0,0,0,0,0,0,0,0,0,0,0,0,0,0,121.684,0,0,0
"MtrElec",1,26,3,"",117.769,0,0,0,0,0,0,0,0,0,0,0,0,0,0,0,0,0,0,0,0,117.769,0,0,0
"MtrElec",1,26,4,"",157.324,0,0,0,0,0,0,0,0,0,0,0,0,0,0,0,0,0,0,0,0,157.324,0,0,0
"MtrElec",1,26,5,"",110.626,0,0,0,0,0,0,0,0,0,0,0,0,0,0,0,0,0,0,0,0,110.626,0,0,0
"MtrElec",1,26,6,"",120.147,0,0,0,0,0,0,0,0,0,0,0,0,0,0,0,0,0,0,0,0,120.147,0,0,0
"MtrElec",1,26,7,"",220.419,0,0,0,0,0,0,0,0,0,0,0,0,0,0,0,0,0,0,0,0,220.419,0,0,0
"MtrElec",1,26,8,"",192.315,0,0,0,0,0,0,0,0,0,0,0,0,0,0,0,0,0,0,0,0,260.691,0,0,-68.3765
"MtrElec",1,26,9,"",88.4177,0,0,0,0,0,0,0,0,0,0,0,0,0,0,0,0,0,0,0,0,289.781,0,0,-201.364
"MtrElec",1,26,10,"",0.0000005,0,0,0,0,0,0,0,0,0,0,0,0,0,0,0,0,0,0,0,0,291.644,0,5.44366,-297.088
"MtrElec",1,26,11,"",0,0,0,0,0,0,0,0,0,0,0,0,0,0,0,0,0,0,0,0,0,268.775,0,93.1983,-361.974
"MtrElec",1,26,12,"",-41.2158,0,0,0,0,0,0,0,0,0,0,0,0,0,0,0,0,0,0,0,0,201.186,0,157.698,-400.1
"MtrElec",1,26,13,"",-0.10575,0,0,0,0,0,0,0,0,0,0,0,0,0,0,0,0,0,0,0,0,249.55,0,157.698,-407.353
"MtrElec",1,26,14,"",-30.8271,0,0,0,0,0,0,0,0,0,0,0,0,0,0,0,0,0,0,0,0,190.311,0,157.698,-378.837
"MtrElec",1,26,15,"",-136.688,0,0,0,0,0,0,0,0,0,0,0,0,0,0,0,0,0,0,0,0,158.636,0,16.6493,-311.974
"MtrElec",1,26,16,"",-41.9645,0,0,0,0,0,0,0,0,0,0,0,0,0,0,0,0,0,0,0,0,158.939,0,0,-200.903
"MtrElec",1,26,17,"",166.359,0,0,0,0,0,0,0,0,0,0,0,0,0,0,0,0,0,0,0,0,222.424,0,0,-56.0646
"MtrElec",1,26,18,"",246.164,0,0,0,0,0,0,0,0,0,0,0,0,0,0,0,0,0,0,0,0,246.164,0,0,0
"MtrElec",1,26,19,"",102.305,0,0,0,0,0,0,0,0,0,0,0,0,0,0,0,0,0,0,0,0,260.003,0,-157.698,0
"MtrElec",1,26,20,"",182.643,0,0,0,0,0,0,0,0,0,0,0,0,0,0,0,0,0,0,0,0,340.341,0,-157.698,0
"MtrElec",1,26,21,"",151.313,0,0,0,0,0,0,0,0,0,0,0,0,0,0,0,0,0,0,0,0,309.011,0,-157.698,0
"MtrElec",1,26,22,"",160.793,0,0,0,0,0,0,0,0,0,0,0,0,0,0,0,0,0,0,0,0,218.717,0,-57.9237,0
"MtrElec",1,26,23,"",219.141,0,0,0,0,0,0,0,0,0,0,0,0,0,0,0,0,0,0,0,0,219.141,0,0,0
"MtrElec",1,26,24,"",209.448,0,0,0,0,0,0,0,0,0,0,0,0,0,0,0,0,0,0,0,0,209.448,0,0,0
"MtrElec",1,27,1,"",129.244,0,0,0,0,0,0,0,0,0,0,0,0,0,0,0,0,0,0,0,0,129.244,0,0,0
"MtrElec",1,27,2,"",115.703,0,0,0,0,0,0,0,0,0,0,0,0,0,0,0,0,0,0,0,0,115.703,0,0,0
"MtrElec",1,27,3,"",109.546,0,0,0,0,0,0,0,0,0,0,0,0,0,0,0,0,0,0,0,0,109.546,0,0,0
"MtrElec",1,27,4,"",121.007,0,0,0,0,0,0,0,0,0,0,0,0,0,0,0,0,0,0,0,0,121.007,0,0,0
"MtrElec",1,27,5,"",119.337,0,0,0,0,0,0,0,0,0,0,0,0,0,0,0,0,0,0,0,0,119.337,0,0,0
"MtrElec",1,27,6,"",132.938,0,0,0,0,0,0,0,0,0,0,0,0,0,0,0,0,0,0,0,0,132.938,0,0,0
"MtrElec",1,27,7,"",322.509,0,0,0,0,0,0,0,0,0,0,0,0,0,0,0,0,0,0,0,0,322.509,0,0,0
"MtrElec",1,27,8,"",189.505,0,0,0,0,0,0,0,0,0,0,0,0,0,0,0,0,0,0,0,0,262.561,0,0,-73.0558
"MtrElec",1,27,9,"",62.7357,0,0,0,0,0,0,0,0,0,0,0,0,0,0,0,0,0,0,0,0,257.663,0,0,-194.927
"MtrElec",1,27,10,"",0.0000039,0,0,0,0,0,0,0,0,0,0,0,0,0,0,0,0,0,0,0,0,237.399,0,58.969,-296.368
"MtrElec",1,27,11,"",0,0,0,0,0,0,0,0,0,0,0,0,0,0,0,0,0,0,0,0,0,262.715,0,96.9569,-359.672
"MtrElec",1,27,12,"",-34.661,0,0,0,0,0,0,0,0,0,0,0,0,0,0,0,0,0,0,0,0,205.522,0,157.698,-397.881
"MtrElec",1,27,13,"",-42.6213,0,0,0,0,0,0,0,0,0,0,0,0,0,0,0,0,0,0,0,0,208.092,0,157.698,-408.411
"MtrElec",1,27,14,"",-72.6974,0,0,0,0,0,0,0,0,0,0,0,0,0,0,0,0,0,0,0,0,172.283,0,117.063,-362.043
"MtrElec",1,27,15,"",-94.7941,0,0,0,0,0,0,0,0,0,0,0,0,0,0,0,0,0,0,0,0,153.017,0,0,-247.811
"MtrElec",1,27,16,"",47.6797,0,0,0,0,0,0,0,0,0,0,0,0,0,0,0,0,0,0,0,0,184.886,0,0,-137.207
"MtrElec",1,27,17,"",235.877,0,0,0,0,0,0,0,0,0,0,0,0,0,0,0,0,0,0,0,0,244.709,0,0,-8.83224
"MtrElec",1,27,18,"",198.4,0,0,0,0,0,0,0,0,0,0,0,0,0,0,0,0,0,0,0,0,198.4,0,0,0
"MtrElec",1,27,19,"",134.025,0,0,0,0,0,0,0,0,0,0,0,0,0,0,0,0,0,0,0,0,291.723,0,-157.698,0
"MtrElec",1,27,20,"",106.064,0,0,0,0,0,0,0,0,0,0,0,0,0,0,0,0,0,0,0,0,263.762,0,-157.698,0
"MtrElec",1,27,21,"",174.98,0,0,0,0,0,0,0,0,0,0,0,0,0,0,0,0,0,0,0,0,332.677,0,-157.698,0
"MtrElec",1,27,22,"",151.842,0,0,0,0,0,0,0,0,0,0,0,0,0,0,0,0,0,0,0,0,209.766,0,-57.9237,0
"MtrElec",1,27,23,"",254.912,0,0,0,0,0,0,0,0,0,0,0,0,0,0,0,0,0,0,0,0,254.912,0,0,0
"MtrElec",1,27,24,"",150.84,0,0,0,0,0,0,0,0,0,0,0,0,0,0,0,0,0,0,0,0,150.84,0,0,0
"MtrElec",1,28,1,"",136.047,0,0,0,0,0,0,0,0,0,0,0,0,0,0,0,0,0,0,0,0,136.047,0,0,0
"MtrElec",1,28,2,"",125.988,0,0,0,0,0,0,0,0,0,0,0,0,0,0,0,0,0,0,0,0,125.988,0,0,0
"MtrElec",1,28,3,"",124.188,0,0,0,0,0,0,0,0,0,0,0,0,0,0,0,0,0,0,0,0,124.188,0,0,0
"MtrElec",1,28,4,"",109.899,0,0,0,0,0,0,0,0,0,0,0,0,0,0,0,0,0,0,0,0,109.899,0,0,0
"MtrElec",1,28,5,"",108.546,0,0,0,0,0,0,0,0,0,0,0,0,0,0,0,0,0,0,0,0,108.546,0,0,0
"MtrElec",1,28,6,"",111.218,0,0,0,0,0,0,0,0,0,0,0,0,0,0,0,0,0,0,0,0,111.218,0,0,0
"MtrElec",1,28,7,"",218.747,0,0,0,0,0,0,0,0,0,0,0,0,0,0,0,0,0,0,0,0,218.747,0,0,0
"MtrElec",1,28,8,"",153.263,0,0,0,0,0,0,0,0,0,0,0,0,0,0,0,0,0,0,0,0,224.482,0,0,-71.2185
"MtrElec",1,28,9,"",78.1834,0,0,0,0,0,0,0,0,0,0,0,0,0,0,0,0,0,0,0,0,276.927,0,0,-198.744
"MtrElec",1,28,10,"",0.0000020,0,0,0,0,0,0,0,0,0,0,0,0,0,0,0,0,0,0,0,0,274.48,0,28.2539,-302.734
"MtrElec",1,28,11,"",0,0,0,0,0,0,0,0,0,0,0,0,0,0,0,0,0,0,0,0,0,226.424,0,151.033,-377.457
"MtrElec",1,28,12,"",-44.1005,0,0,0,0,0,0,0,0,0,0,0,0,0,0,0,0,0,0,0,0,213.526,0,157.698,-415.324
"MtrElec",1,28,13,"",-22.2483,0,0,0,0,0,0,0,0,0,0,0,0,0,0,0,0,0,0,0,0,237.909,0,157.698,-417.855
"MtrElec",1,28,14,"",-127.614,0,0,0,0,0,0,0,0,0,0,0,0,0,0,0,0,0,0,0,0,164.098,0,93.7027,-385.414
"MtrElec",1,28,15,"",-189.898,0,0,0,0,0,0,0,0,0,0,0,0,0,0,0,0,0,0,0,0,131.604,0,0,-321.503
"MtrElec",1,28,16,"",-31.5899,0,0,0,0,0,0,0,0,0,0,0,0,0,0,0,0,0,0,0,0,187.537,0,0,-219.127
"MtrElec",1,28,17,"",143.848,0,0,0,0,0,0,0,0,0,0,0,0,0,0,0,0,0,0,0,0,230.769,0,0,-86.9206
"MtrElec",1,28,18,"",216.291,0,0,0,0,0,0,0,0,0,0,0,0,0,0,0,0,0,0,0,0,216.291,0,0,0
"MtrElec",1,28,19,"",147.422,0,0,0,0,0,0,0,0,0,0,0,0,0,0,0,0,0,0,0,0,305.12,0,-157.698,0
"MtrElec",1,28,20,"",125.94,0,0,0,0,0,0,0,0,0,0,0,0,0,0,0,0,0,0,0,0,283.638,0,-157.698,0
"MtrElec",1,28,21,"",140.724,0,0,0,0,0,0,0,0,0,0,0,0,0,0,0,0,0,0,0,0,298.422,0,-157.698,0
"MtrElec",1,28,22,"",164.336,0,0,0,0,0,0,0,0,0,0,0,0,0,0,0,0,0,0,0,0,222.259,0,-57.9237,0
"MtrElec",1,28,23,"",218.323,0,0,0,0,0,0,0,0,0,0,0,0,0,0,0,0,0,0,0,0,218.323,0,0,0
"MtrElec",1,28,24,"",147.369,0,0,0,0,0,0,0,0,0,0,0,0,0,0,0,0,0,0,0,0,147.369,0,0,0
"MtrElec",1,29,1,"",137.308,0,0,0,0,0,0,0,0,0,0,0,0,0,0,0,0,0,0,0,0,137.308,0,0,0
"MtrElec",1,29,2,"",122.604,0,0,0,0,0,0,0,0,0,0,0,0,0,0,0,0,0,0,0,0,122.604,0,0,0
"MtrElec",1,29,3,"",141.19,0,0,0,0,0,0,0,0,0,0,0,0,0,0,0,0,0,0,0,0,141.19,0,0,0
"MtrElec",1,29,4,"",138.854,0,0,0,0,0,0,0,0,0,0,0,0,0,0,0,0,0,0,0,0,138.854,0,0,0
"MtrElec",1,29,5,"",123.035,0,0,0,0,0,0,0,0,0,0,0,0,0,0,0,0,0,0,0,0,123.035,0,0,0
"MtrElec",1,29,6,"",118.939,0,0,0,0,0,0,0,0,0,0,0,0,0,0,0,0,0,0,0,0,118.939,0,0,0
"MtrElec",1,29,7,"",326.121,0,0,0,0,0,0,0,0,0,0,0,0,0,0,0,0,0,0,0,0,326.121,0,0,0
"MtrElec",1,29,8,"",211.817,0,0,0,0,0,0,0,0,0,0,0,0,0,0,0,0,0,0,0,0,256.037,0,0,-44.2193
"MtrElec",1,29,9,"",147.917,0,0,0,0,0,0,0,0,0,0,0,0,0,0,0,0,0,0,0,0,276.318,0,0,-128.401
"MtrElec",1,29,10,"",0,0,0,0,0,0,0,0,0,0,0,0,0,0,0,0,0,0,0,0,0,277.158,0,5.43772,-282.596
"MtrElec",1,29,11,"",0.0000078,0,0,0,0,0,0,0,0,0,0,0,0,0,0,0,0,0,0,0,0,256.464,0,112.544,-369.008
"MtrElec",1,29,12,"",-17.6488,0,0,0,0,0,0,0,0,0,0,0,0,0,0,0,0,0,0,0,0,232.567,0,157.698,-407.914
"MtrElec",1,29,13,"",0,0,0,0,0,0,0,0,0,0,0,0,0,0,0,0,0,0,0,0,0,270.667,0,137.363,-408.03
"MtrElec",1,29,14,"",-95.7646,0,0,0,0,0,0,0,0,0,0,0,0,0,0,0,0,0,0,0,0,124.661,0,157.698,-378.123
"MtrElec",1,29,15,"",-117.141,0,0,0,0,0,0,0,0,0,0,0,0,0,0,0,0,0,0,0,0,179.41,0,17.6445,-314.196
"MtrElec",1,29,16,"",-31.3838,0,0,0,0,0,0,0,0,0,0,0,0,0,0,0,0,0,0,0,0,182.366,0,0,-213.75
"MtrElec",1,29,17,"",87.8557,0,0,0,0,0,0,0,0,0,0,0,0,0,0,0,0,0,0,0,0,173.043,0,0,-85.1872
"MtrElec",1,29,18,"",248.751,0,0,0,0,0,0,0,0,0,0,0,0,0,0,0,0,0,0,0,0,250.874,0,0,-2.12201
"MtrElec",1,29,19,"",117.799,0,0,0,0,0,0,0,0,0,0,0,0,0,0,0,0,0,0,0,0,275.497,0,-157.698,0
"MtrElec",1,29,20,"",101.341,0,0,0,0,0,0,0,0,0,0,0,0,0,0,0,0,0,0,0,0,259.039,0,-157.698,0
"MtrElec",1,29,21,"",230.815,0,0,0,0,0,0,0,0,0,0,0,0,0,0,0,0,0,0,0,0,388.513,0,-157.698,0
"MtrElec",1,29,22,"",138.236,0,0,0,0,0,0,0,0,0,0,0,0,0,0,0,0,0,0,0,0,196.159,0,-57.9237,0
"MtrElec",1,29,23,"",232.596,0,0,0,0,0,0,0,0,0,0,0,0,0,0,0,0,0,0,0,0,232.596,0,0,0
"MtrElec",1,29,24,"",146.979,0,0,0,0,0,0,0,0,0,0,0,0,0,0,0,0,0,0,0,0,146.979,0,0,0
"MtrElec",1,30,1,"",107.272,0,0,0,0,0,0,0,0,0,0,0,0,0,0,0,0,0,0,0,0,107.272,0,0,0
"MtrElec",1,30,2,"",118.87,0,0,0,0,0,0,0,0,0,0,0,0,0,0,0,0,0,0,0,0,118.87,0,0,0
"MtrElec",1,30,3,"",120.215,0,0,0,0,0,0,0,0,0,0,0,0,0,0,0,0,0,0,0,0,120.215,0,0,0
"MtrElec",1,30,4,"",155.145,0,0,0,0,0,0,0,0,0,0,0,0,0,0,0,0,0,0,0,0,155.145,0,0,0
"MtrElec",1,30,5,"",122.183,0,0,0,0,0,0,0,0,0,0,0,0,0,0,0,0,0,0,0,0,122.183,0,0,0
"MtrElec",1,30,6,"",136.625,0,0,0,0,0,0,0,0,0,0,0,0,0,0,0,0,0,0,0,0,136.625,0,0,0
"MtrElec",1,30,7,"",236.915,0,0,0,0,0,0,0,0,0,0,0,0,0,0,0,0,0,0,0,0,236.915,0,0,0
"MtrElec",1,30,8,"",171.422,0,0,0,0,0,0,0,0,0,0,0,0,0,0,0,0,0,0,0,0,246.894,0,0,-75.4716
"MtrElec",1,30,9,"",93.0176,0,0,0,0,0,0,0,0,0,0,0,0,0,0,0,0,0,0,0,0,286.847,0,0,-193.829
"MtrElec",1,30,10,"",0,0,0,0,0,0,0,0,0,0,0,0,0,0,0,0,0,0,0,0,0,259.064,0,40.0388,-299.102
"MtrElec",1,30,11,"",0,0,0,0,0,0,0,0,0,0,0,0,0,0,0,0,0,0,0,0,0,271.807,0,99.3404,-371.147
"MtrElec",1,30,12,"",-26.4667,0,0,0,0,0,0,0,0,0,0,0,0,0,0,0,0,0,0,0,0,224.239,0,157.698,-408.403
"MtrElec",1,30,13,"",-2.37295,0,0,0,0,0,0,0,0,0,0,0,0,0,0,0,0,0,0,0,0,248.952,0,157.698,-409.023
"MtrElec",1,30,14,"",-126.419,0,0,0,0,0,0,0,0,0,0,0,0,0,0,0,0,0,0,0,0,122.431,0,133.61,-382.46
"MtrElec",1,30,15,"",-141.854,0,0,0,0,0,0,0,0,0,0,0,0,0,0,0,0,0,0,0,0,175.579,0,0,-317.433
"MtrElec",1,30,16,"",-34.2954,0,0,0,0,0,0,0,0,0,0,0,0,0,0,0,0,0,0,0,0,183.581,0,0,-217.876
"MtrElec",1,30,17,"",76.9729,0,0,0,0,0,0,0,0,0,0,0,0,0,0,0,0,0,0,0,0,169.171,0,0,-92.1986
"MtrElec",1,30,18,"",253.254,0,0,0,0,0,0,0,0,0,0,0,0,0,0,0,0,0,0,0,0,256.703,0,0,-3.44916
"MtrElec",1,30,19,"",111.665,0,0,0,0,0,0,0,0,0,0,0,0,0,0,0,0,0,0,0,0,269.363,0,-157.698,0
"MtrElec",1,30,20,"",105.871,0,0,0,0,0,0,0,0,0,0,0,0,0,0,0,0,0,0,0,0,263.569,0,-157.698,0
"MtrElec",1,30,21,"",211.281,0,0,0,0,0,0,0,0,0,0,0,0,0,0,0,0,0,0,0,0,368.979,0,-157.698,0
"MtrElec",1,30,22,"",163.038,0,0,0,0,0,0,0,0,0,0,0,0,0,0,0,0,0,0,0,0,220.961,0,-57.9237,0
"MtrElec",1,30,23,"",227.136,0,0,0,0,0,0,0,0,0,0,0,0,0,0,0,0,0,0,0,0,227.136,0,0,0
"MtrElec",1,30,24,"",153.306,0,0,0,0,0,0,0,0,0,0,0,0,0,0,0,0,0,0,0,0,153.306,0,0,0
"MtrElec",1,31,1,"",113.556,0,0,0,0,0,0,0,0,0,0,0,0,0,0,0,0,0,0,0,0,113.556,0,0,0
"MtrElec",1,31,2,"",111.947,0,0,0,0,0,0,0,0,0,0,0,0,0,0,0,0,0,0,0,0,111.947,0,0,0
"MtrElec",1,31,3,"",109.663,0,0,0,0,0,0,0,0,0,0,0,0,0,0,0,0,0,0,0,0,109.663,0,0,0
"MtrElec",1,31,4,"",96.6287,0,0,0,0,0,0,0,0,0,0,0,0,0,0,0,0,0,0,0,0,96.6287,0,0,0
"MtrElec",1,31,5,"",152.247,0,0,0,0,0,0,0,0,0,0,0,0,0,0,0,0,0,0,0,0,152.247,0,0,0
"MtrElec",1,31,6,"",111.924,0,0,0,0,0,0,0,0,0,0,0,0,0,0,0,0,0,0,0,0,111.924,0,0,0
"MtrElec",1,31,7,"",111.364,0,0,0,0,0,0,0,0,0,0,0,0,0,0,0,0,0,0,0,0,111.364,0,0,0
"MtrElec",1,31,8,"",183.301,0,0,0,0,0,0,0,0,0,0,0,0,0,0,0,0,0,0,0,0,214.998,0,0,-31.6976
"MtrElec",1,31,9,"",15.0733,0,0,0,0,0,0,0,0,0,0,0,0,0,0,0,0,0,0,0,0,165.566,0,0,-150.493
"MtrElec",1,31,10,"",0.0000039,0,0,0,0,0,0,0,0,0,0,0,0,0,0,0,0,0,0,0,0,248.24,0,39.8646,-288.105
"MtrElec",1,31,11,"",0.0000039,0,0,0,0,0,0,0,0,0,0,0,0,0,0,0,0,0,0,0,0,327.337,0,51.8172,-379.154
"MtrElec",1,31,12,"",0,0,0,0,0,0,0,0,0,0,0,0,0,0,0,0,0,0,0,0,0,285.91,0,131.237,-417.148
"MtrElec",1,31,13,"",-61.552,0,0,0,0,0,0,0,0,0,0,0,0,0,0,0,0,0,0,0,0,204.67,0,157.698,-423.92
"MtrElec",1,31,14,"",-16.8393,0,0,0,0,0,0,0,0,0,0,0,0,0,0,0,0,0,0,0,0,214.964,0,157.698,-389.501
"MtrElec",1,31,15,"",-60.243,0,0,0,0,0,0,0,0,0,0,0,0,0,0,0,0,0,0,0,0,216.565,0,50.0702,-326.878
"MtrElec",1,31,16,"",29.6642,0,0,0,0,0,0,0,0,0,0,0,0,0,0,0,0,0,0,0,0,256.114,0,0,-226.449
"MtrElec",1,31,17,"",132.283,0,0,0,0,0,0,0,0,0,0,0,0,0,0,0,0,0,0,0,0,199.121,0,0,-66.8381
"MtrElec",1,31,18,"",269.969,0,0,0,0,0,0,0,0,0,0,0,0,0,0,0,0,0,0,0,0,274.035,0,0,-4.06607
"MtrElec",1,31,19,"",149.435,0,0,0,0,0,0,0,0,0,0,0,0,0,0,0,0,0,0,0,0,307.133,0,-157.698,0
"MtrElec",1,31,20,"",151.138,0,0,0,0,0,0,0,0,0,0,0,0,0,0,0,0,0,0,0,0,308.836,0,-157.698,0
"MtrElec",1,31,21,"",74.0894,0,0,0,0,0,0,0,0,0,0,0,0,0,0,0,0,0,0,0,0,231.787,0,-157.698,0
"MtrElec",1,31,22,"",182.888,0,0,0,0,0,0,0,0,0,0,0,0,0,0,0,0,0,0,0,0,240.812,0,-57.9237,0
"MtrElec",1,31,23,"",243.668,0,0,0,0,0,0,0,0,0,0,0,0,0,0,0,0,0,0,0,0,243.668,0,0,0
"MtrElec",1,31,24,"",246.265,0,0,0,0,0,0,0,0,0,0,0,0,0,0,0,0,0,0,0,0,246.265,0,0,0
"MtrElec",2,1,1,"",131.309,0,0,0,0,0,0,0,0,0,0,0,0,0,0,0,0,0,0,0,0,131.309,0,0,0
"MtrElec",2,1,2,"",119.876,0,0,0,0,0,0,0,0,0,0,0,0,0,0,0,0,0,0,0,0,119.876,0,0,0
"MtrElec",2,1,3,"",115.676,0,0,0,0,0,0,0,0,0,0,0,0,0,0,0,0,0,0,0,0,115.676,0,0,0
"MtrElec",2,1,4,"",122.087,0,0,0,0,0,0,0,0,0,0,0,0,0,0,0,0,0,0,0,0,122.087,0,0,0
"MtrElec",2,1,5,"",146.346,0,0,0,0,0,0,0,0,0,0,0,0,0,0,0,0,0,0,0,0,146.346,0,0,0
"MtrElec",2,1,6,"",136.369,0,0,0,0,0,0,0,0,0,0,0,0,0,0,0,0,0,0,0,0,136.369,0,0,0
"MtrElec",2,1,7,"",182.336,0,0,0,0,0,0,0,0,0,0,0,0,0,0,0,0,0,0,0,0,182.336,0,0,0
"MtrElec",2,1,8,"",188.348,0,0,0,0,0,0,0,0,0,0,0,0,0,0,0,0,0,0,0,0,265.913,0,0,-77.5651
"MtrElec",2,1,9,"",37.2634,0,0,0,0,0,0,0,0,0,0,0,0,0,0,0,0,0,0,0,0,236.473,0,0,-199.209
"MtrElec",2,1,10,"",0,0,0,0,0,0,0,0,0,0,0,0,0,0,0,0,0,0,0,0,0,261.381,0,49.9921,-311.373
"MtrElec",2,1,11,"",0.0000078,0,0,0,0,0,0,0,0,0,0,0,0,0,0,0,0,0,0,0,0,278.621,0,111.4,-390.021
"MtrElec",2,1,12,"",0.0000078,0,0,0,0,0,0,0,0,0,0,0,0,0,0,0,0,0,0,0,0,296.656,0,128.898,-425.554
"MtrElec",2,1,13,"",-30.5553,0,0,0,0,0,0,0,0,0,0,0,0,0,0,0,0,0,0,0,0,237.274,0,157.698,-425.527
"MtrElec",2,1,14,"",0,0,0,0,0,0,0,0,0,0,0,0,0,0,0,0,0,0,0,0,0,212.58,0,127.092,-339.673
"MtrElec",2,1,15,"",123.401,0,0,0,0,0,0,0,0,0,0,0,0,0,0,0,0,0,0,0,0,231.343,0,0,-107.942
"MtrElec",2,1,16,"",104.736,0,0,0,0,0,0,0,0,0,0,0,0,0,0,0,0,0,0,0,0,199.391,0,0,-94.6556
"MtrElec",2,1,17,"",80.2176,0,0,0,0,0,0,0,0,0,0,0,0,0,0,0,0,0,0,0,0,157.994,0,0,-77.7765
"MtrElec",2,1,18,"",213.073,0,0,0,0,0,0,0,0,0,0,0,0,0,0,0,0,0,0,0,0,213.546,0,0,-0.472463
"MtrElec",2,1,19,"",116.609,0,0,0,0,0,0,0,0,0,0,0,0,0,0,0,0,0,0,0,0,274.307,0,-157.698,0
"MtrElec",2,1,20,"",100.559,0,0,0,0,0,0,0,0,0,0,0,0,0,0,0,0,0,0,0,0,258.257,0,-157.698,0
"MtrElec",2,1,21,"",72.7525,0,0,0,0,0,0,0,0,0,0,0,0,0,0,0,0,0,0,0,0,230.45,0,-157.698,0
"MtrElec",2,1,22,"",234.676,0,0,0,0,0,0,0,0,0,0,0,0,0,0,0,0,0,0,0,0,280.592,0,-45.9164,0
"MtrElec",2,1,23,"",187.012,0,0,0,0,0,0,0,0,0,0,0,0,0,0,0,0,0,0,0,0,187.012,0,0,0
"MtrElec",2,1,24,"",213.578,0,0,0,0,0,0,0,0,0,0,0,0,0,0,0,0,0,0,0,0,213.578,0,0,0
"MtrElec",2,2,1,"",149.651,0,0,0,0,0,0,0,0,0,0,0,0,0,0,0,0,0,0,0,0,149.651,0,0,0
"MtrElec",2,2,2,"",136.376,0,0,0,0,0,0,0,0,0,0,0,0,0,0,0,0,0,0,0,0,136.376,0,0,0
"MtrElec",2,2,3,"",127.742,0,0,0,0,0,0,0,0,0,0,0,0,0,0,0,0,0,0,0,0,127.742,0,0,0
"MtrElec",2,2,4,"",130.624,0,0,0,0,0,0,0,0,0,0,0,0,0,0,0,0,0,0,0,0,130.624,0,0,0
"MtrElec",2,2,5,"",136.599,0,0,0,0,0,0,0,0,0,0,0,0,0,0,0,0,0,0,0,0,136.599,0,0,0
"MtrElec",2,2,6,"",183.529,0,0,0,0,0,0,0,0,0,0,0,0,0,0,0,0,0,0,0,0,183.529,0,0,0
"MtrElec",2,2,7,"",251.075,0,0,0,0,0,0,0,0,0,0,0,0,0,0,0,0,0,0,0,0,251.075,0,0,0
"MtrElec",2,2,8,"",217.983,0,0,0,0,0,0,0,0,0,0,0,0,0,0,0,0,0,0,0,0,264.913,0,0,-46.93
"MtrElec",2,2,9,"",213.467,0,0,0,0,0,0,0,0,0,0,0,0,0,0,0,0,0,0,0,0,272.109,0,0,-58.6413
"MtrElec",2,2,10,"",141.619,0,0,0,0,0,0,0,0,0,0,0,0,0,0,0,0,0,0,0,0,287.007,0,0,-145.388
"MtrElec",2,2,11,"",31.4813,0,0,0,0,0,0,0,0,0,0,0,0,0,0,0,0,0,0,0,0,247.345,0,0,-215.864
"MtrElec",2,2,12,"",26.501,0,0,0,0,0,0,0,0,0,0,0,0,0,0,0,0,0,0,0,0,251.91,0,0,-225.409
"MtrElec",2,2,13,"",0,0,0,0,0,0,0,0,0,0,0,0,0,0,0,0,0,0,0,0,0,163.869,0,140.438,-304.307
"MtrElec",2,2,14,"",0,0,0,0,0,0,0,0,0,0,0,0,0,0,0,0,0,0,0,0,0,189.97,0,49.7746,-239.745
"MtrElec",2,2,15,"",84.6858,0,0,0,0,0,0,0,0,0,0,0,0,0,0,0,0,0,0,0,0,168.708,0,0,-84.0223
"MtrElec",2,2,16,"",133.61,0,0,0,0,0,0,0,0,0,0,0,0,0,0,0,0,0,0,0,0,191.348,0,0,-57.7385
"MtrElec",2,2,17,"",171.899,0,0,0,0,0,0,0,0,0,0,0,0,0,0,0,0,0,0,0,0,238.706,0,0,-66.8068
"MtrElec",2,2,18,"",224.929,0,0,0,0,0,0,0,0,0,0,0,0,0,0,0,0,0,0,0,0,225.815,0,0,-0.885639
"MtrElec",2,2,19,"",152.676,0,0,0,0,0,0,0,0,0,0,0,0,0,0,0,0,0,0,0,0,310.374,0,-157.698,0
"MtrElec",2,2,20,"",326.637,0,0,0,0,0,0,0,0,0,0,0,0,0,0,0,0,0,0,0,0,340.606,0,-13.9685,0
"MtrElec",2,2,21,"",344.128,0,0,0,0,0,0,0,0,0,0,0,0,0,0,0,0,0,0,0,0,344.128,0,0,0
"MtrElec",2,2,22,"",233.207,0,0,0,0,0,0,0,0,0,0,0,0,0,0,0,0,0,0,0,0,233.207,0,0,0
"MtrElec",2,2,23,"",325.431,0,0,0,0,0,0,0,0,0,0,0,0,0,0,0,0,0,0,0,0,325.431,0,0,0
"MtrElec",2,2,24,"",233.063,0,0,0,0,0,0,0,0,0,0,0,0,0,0,0,0,0,0,0,0,233.063,0,0,0
"MtrElec",2,3,1,"",151.589,0,0,0,0,0,0,0,0,0,0,0,0,0,0,0,0,0,0,0,0,151.589,0,0,0
"MtrElec",2,3,2,"",129.887,0,0,0,0,0,0,0,0,0,0,0,0,0,0,0,0,0,0,0,0,129.887,0,0,0
"MtrElec",2,3,3,"",125.206,0,0,0,0,0,0,0,0,0,0,0,0,0,0,0,0,0,0,0,0,125.206,0,0,0
"MtrElec",2,3,4,"",135.328,0,0,0,0,0,0,0,0,0,0,0,0,0,0,0,0,0,0,0,0,135.328,0,0,0
"MtrElec",2,3,5,"",130.065,0,0,0,0,0,0,0,0,0,0,0,0,0,0,0,0,0,0,0,0,130.065,0,0,0
"MtrElec",2,3,6,"",191.031,0,0,0,0,0,0,0,0,0,0,0,0,0,0,0,0,0,0,0,0,191.031,0,0,0
"MtrElec",2,3,7,"",208.333,0,0,0,0,0,0,0,0,0,0,0,0,0,0,0,0,0,0,0,0,208.333,0,0,0
"MtrElec",2,3,8,"",253.8,0,0,0,0,0,0,0,0,0,0,0,0,0,0,0,0,0,0,0,0,255.199,0,0,-1.39897
"MtrElec",2,3,9,"",251.716,0,0,0,0,0,0,0,0,0,0,0,0,0,0,0,0,0,0,0,0,272.794,0,0,-21.0773
"MtrElec",2,3,10,"",76.3265,0,0,0,0,0,0,0,0,0,0,0,0,0,0,0,0,0,0,0,0,268.514,0,0,-192.188
"MtrElec",2,3,11,"",246.619,0,0,0,0,0,0,0,0,0,0,0,0,0,0,0,0,0,0,0,0,293.412,0,0,-46.7933
"MtrElec",2,3,12,"",239.988,0,0,0,0,0,0,0,0,0,0,0,0,0,0,0,0,0,0,0,0,298.843,0,0,-58.8557
"MtrElec",2,3,13,"",180.799,0,0,0,0,0,0,0,0,0,0,0,0,0,0,0,0,0,0,0,0,268.381,0,0,-87.5822
"MtrElec",2,3,14,"",0,0,0,0,0,0,0,0,0,0,0,0,0,0,0,0,0,0,0,0,0,206.765,0,63.8888,-270.654
"MtrElec",2,3,15,"",8.65256,0,0,0,0,0,0,0,0,0,0,0,0,0,0,0,0,0,0,0,0,205.127,0,0,-196.474
"MtrElec",2,3,16,"",60.6079,0,0,0,0,0,0,0,0,0,0,0,0,0,0,0,0,0,0,0,0,165.701,0,0,-105.093
"MtrElec",2,3,17,"",202.336,0,0,0,0,0,0,0,0,0,0,0,0,0,0,0,0,0,0,0,0,215.705,0,0,-13.3689
"MtrElec",2,3,18,"",237.473,0,0,0,0,0,0,0,0,0,0,0,0,0,0,0,0,0,0,0,0,242.06,0,0,-4.58728
"MtrElec",2,3,19,"",253.178,0,0,0,0,0,0,0,0,0,0,0,0,0,0,0,0,0,0,0,0,310.838,0,-57.6596,0
"MtrElec",2,3,20,"",343.282,0,0,0,0,0,0,0,0,0,0,0,0,0,0,0,0,0,0,0,0,343.282,0,0,0
"MtrElec",2,3,21,"",335.012,0,0,0,0,0,0,0,0,0,0,0,0,0,0,0,0,0,0,0,0,335.012,0,0,0
"MtrElec",2,3,22,"",221.898,0,0,0,0,0,0,0,0,0,0,0,0,0,0,0,0,0,0,0,0,221.898,0,0,0
"MtrElec",2,3,23,"",278.509,0,0,0,0,0,0,0,0,0,0,0,0,0,0,0,0,0,0,0,0,278.509,0,0,0
"MtrElec",2,3,24,"",234.318,0,0,0,0,0,0,0,0,0,0,0,0,0,0,0,0,0,0,0,0,234.318,0,0,0
"MtrElec",2,4,1,"",157.923,0,0,0,0,0,0,0,0,0,0,0,0,0,0,0,0,0,0,0,0,157.923,0,0,0
"MtrElec",2,4,2,"",149.41,0,0,0,0,0,0,0,0,0,0,0,0,0,0,0,0,0,0,0,0,149.41,0,0,0
"MtrElec",2,4,3,"",147.646,0,0,0,0,0,0,0,0,0,0,0,0,0,0,0,0,0,0,0,0,147.646,0,0,0
"MtrElec",2,4,4,"",159.698,0,0,0,0,0,0,0,0,0,0,0,0,0,0,0,0,0,0,0,0,159.698,0,0,0
"MtrElec",2,4,5,"",158.342,0,0,0,0,0,0,0,0,0,0,0,0,0,0,0,0,0,0,0,0,158.342,0,0,0
"MtrElec",2,4,6,"",174.615,0,0,0,0,0,0,0,0,0,0,0,0,0,0,0,0,0,0,0,0,174.615,0,0,0
"MtrElec",2,4,7,"",361.039,0,0,0,0,0,0,0,0,0,0,0,0,0,0,0,0,0,0,0,0,361.039,0,0,0
"MtrElec",2,4,8,"",265.98,0,0,0,0,0,0,0,0,0,0,0,0,0,0,0,0,0,0,0,0,353.276,0,0,-87.2956
"MtrElec",2,4,9,"",57.9951,0,0,0,0,0,0,0,0,0,0,0,0,0,0,0,0,0,0,0,0,276.367,0,0,-218.372
"MtrElec",2,4,10,"",0,0,0,0,0,0,0,0,0,0,0,0,0,0,0,0,0,0,0,0,0,275.972,0,45.1883,-321.161
"MtrElec",2,4,11,"",-5.06009,0,0,0,0,0,0,0,0,0,0,0,0,0,0,0,0,0,0,0,0,226.2,0,157.698,-388.958
"MtrElec",2,4,12,"",-38.2147,0,0,0,0,0,0,0,0,0,0,0,0,0,0,0,0,0,0,0,0,235.11,0,157.698,-431.023
"MtrElec",2,4,13,"",-66.2537,0,0,0,0,0,0,0,0,0,0,0,0,0,0,0,0,0,0,0,0,209.423,0,157.698,-433.375
"MtrElec",2,4,14,"",-169.669,0,0,0,0,0,0,0,0,0,0,0,0,0,0,0,0,0,0,0,0,168.415,0,70.1029,-408.187
"MtrElec",2,4,15,"",-150.572,0,0,0,0,0,0,0,0,0,0,0,0,0,0,0,0,0,0,0,0,194.267,0,0,-344.839
"MtrElec",2,4,16,"",-72.4991,0,0,0,0,0,0,0,0,0,0,0,0,0,0,0,0,0,0,0,0,167.151,0,0,-239.65
"MtrElec",2,4,17,"",144.994,0,0,0,0,0,0,0,0,0,0,0,0,0,0,0,0,0,0,0,0,251.844,0,0,-106.85
"MtrElec",2,4,18,"",242.01,0,0,0,0,0,0,0,0,0,0,0,0,0,0,0,0,0,0,0,0,248.416,0,0,-6.40626
"MtrElec",2,4,19,"",92.9643,0,0,0,0,0,0,0,0,0,0,0,0,0,0,0,0,0,0,0,0,250.662,0,-157.698,0
"MtrElec",2,4,20,"",123.988,0,0,0,0,0,0,0,0,0,0,0,0,0,0,0,0,0,0,0,0,281.685,0,-157.698,0
"MtrElec",2,4,21,"",148.851,0,0,0,0,0,0,0,0,0,0,0,0,0,0,0,0,0,0,0,0,306.549,0,-157.698,0
"MtrElec",2,4,22,"",199.175,0,0,0,0,0,0,0,0,0,0,0,0,0,0,0,0,0,0,0,0,257.098,0,-57.9237,0
"MtrElec",2,4,23,"",241.65,0,0,0,0,0,0,0,0,0,0,0,0,0,0,0,0,0,0,0,0,241.65,0,0,0
"MtrElec",2,4,24,"",162.097,0,0,0,0,0,0,0,0,0,0,0,0,0,0,0,0,0,0,0,0,162.097,0,0,0
"MtrElec",2,5,1,"",157.729,0,0,0,0,0,0,0,0,0,0,0,0,0,0,0,0,0,0,0,0,157.729,0,0,0
"MtrElec",2,5,2,"",150.588,0,0,0,0,0,0,0,0,0,0,0,0,0,0,0,0,0,0,0,0,150.588,0,0,0
"MtrElec",2,5,3,"",146.613,0,0,0,0,0,0,0,0,0,0,0,0,0,0,0,0,0,0,0,0,146.613,0,0,0
"MtrElec",2,5,4,"",191.935,0,0,0,0,0,0,0,0,0,0,0,0,0,0,0,0,0,0,0,0,191.935,0,0,0
"MtrElec",2,5,5,"",161.385,0,0,0,0,0,0,0,0,0,0,0,0,0,0,0,0,0,0,0,0,161.385,0,0,0
"MtrElec",2,5,6,"",164.618,0,0,0,0,0,0,0,0,0,0,0,0,0,0,0,0,0,0,0,0,164.618,0,0,0
"MtrElec",2,5,7,"",325.802,0,0,0,0,0,0,0,0,0,0,0,0,0,0,0,0,0,0,0,0,325.802,0,0,0
"MtrElec",2,5,8,"",261.251,0,0,0,0,0,0,0,0,0,0,0,0,0,0,0,0,0,0,0,0,358.732,0,0,-97.4813
"MtrElec",2,5,9,"",55.0014,0,0,0,0,0,0,0,0,0,0,0,0,0,0,0,0,0,0,0,0,288.65,0,0,-233.649
"MtrElec",2,5,10,"",0,0,0,0,0,0,0,0,0,0,0,0,0,0,0,0,0,0,0,0,0,272.363,0,71.4515,-343.815
"MtrElec",2,5,11,"",-24.9715,0,0,0,0,0,0,0,0,0,0,0,0,0,0,0,0,0,0,0,0,235.794,0,157.698,-418.464
"MtrElec",2,5,12,"",-100.776,0,0,0,0,0,0,0,0,0,0,0,0,0,0,0,0,0,0,0,0,200.842,0,157.698,-459.316
"MtrElec",2,5,13,"",-99.5933,0,0,0,0,0,0,0,0,0,0,0,0,0,0,0,0,0,0,0,0,204.423,0,157.698,-461.715
"MtrElec",2,5,14,"",-213.359,0,0,0,0,0,0,0,0,0,0,0,0,0,0,0,0,0,0,0,0,162.177,0,43.8397,-419.376
"MtrElec",2,5,15,"",-168.69,0,0,0,0,0,0,0,0,0,0,0,0,0,0,0,0,0,0,0,0,175.031,0,0,-343.721
"MtrElec",2,5,16,"",-48.1018,0,0,0,0,0,0,0,0,0,0,0,0,0,0,0,0,0,0,0,0,195.325,0,0,-243.426
"MtrElec",2,5,17,"",143.616,0,0,0,0,0,0,0,0,0,0,0,0,0,0,0,0,0,0,0,0,253.59,0,0,-109.974
"MtrElec",2,5,18,"",206.993,0,0,0,0,0,0,0,0,0,0,0,0,0,0,0,0,0,0,0,0,214.18,0,0,-7.1865
"MtrElec",2,5,19,"",143.43,0,0,0,0,0,0,0,0,0,0,0,0,0,0,0,0,0,0,0,0,301.128,0,-157.698,0
"MtrElec",2,5,20,"",116.798,0,0,0,0,0,0,0,0,0,0,0,0,0,0,0,0,0,0,0,0,274.496,0,-157.698,0
"MtrElec",2,5,21,"",287.306,0,0,0,0,0,0,0,0,0,0,0,0,0,0,0,0,0,0,0,0,445.004,0,-157.698,0
"MtrElec",2,5,22,"",262.576,0,0,0,0,0,0,0,0,0,0,0,0,0,0,0,0,0,0,0,0,320.5,0,-57.9237,0
"MtrElec",2,5,23,"",298.773,0,0,0,0,0,0,0,0,0,0,0,0,0,0,0,0,0,0,0,0,298.773,0,0,0
"MtrElec",2,5,24,"",225.486,0,0,0,0,0,0,0,0,0,0,0,0,0,0,0,0,0,0,0,0,225.486,0,0,0
"MtrElec",2,6,1,"",164.825,0,0,0,0,0,0,0,0,0,0,0,0,0,0,0,0,0,0,0,0,164.825,0,0,0
"MtrElec",2,6,2,"",173.087,0,0,0,0,0,0,0,0,0,0,0,0,0,0,0,0,0,0,0,0,173.087,0,0,0
"MtrElec",2,6,3,"",175.062,0,0,0,0,0,0,0,0,0,0,0,0,0,0,0,0,0,0,0,0,175.062,0,0,0
"MtrElec",2,6,4,"",191.66,0,0,0,0,0,0,0,0,0,0,0,0,0,0,0,0,0,0,0,0,191.66,0,0,0
"MtrElec",2,6,5,"",298.003,0,0,0,0,0,0,0,0,0,0,0,0,0,0,0,0,0,0,0,0,298.003,0,0,0
"MtrElec",2,6,6,"",175.938,0,0,0,0,0,0,0,0,0,0,0,0,0,0,0,0,0,0,0,0,175.938,0,0,0
"MtrElec",2,6,7,"",274.93,0,0,0,0,0,0,0,0,0,0,0,0,0,0,0,0,0,0,0,0,274.93,0,0,0
"MtrElec",2,6,8,"",276.315,0,0,0,0,0,0,0,0,0,0,0,0,0,0,0,0,0,0,0,0,357.551,0,0,-81.236
"MtrElec",2,6,9,"",48.1801,0,0,0,0,0,0,0,0,0,0,0,0,0,0,0,0,0,0,0,0,269.425,0,0,-221.245
"MtrElec",2,6,10,"",0.0000039,0,0,0,0,0,0,0,0,0,0,0,0,0,0,0,0,0,0,0,0,278.864,0,40.2621,-319.126
"MtrElec",2,6,11,"",0,0,0,0,0,0,0,0,0,0,0,0,0,0,0,0,0,0,0,0,0,291.16,0,91.1801,-382.34
"MtrElec",2,6,12,"",-22.2784,0,0,0,0,0,0,0,0,0,0,0,0,0,0,0,0,0,0,0,0,245.674,0,157.698,-425.651
"MtrElec",2,6,13,"",-91.6031,0,0,0,0,0,0,0,0,0,0,0,0,0,0,0,0,0,0,0,0,186.123,0,157.698,-435.424
"MtrElec",2,6,14,"",-101.456,0,0,0,0,0,0,0,0,0,0,0,0,0,0,0,0,0,0,0,0,159.183,0,141.547,-402.187
"MtrElec",2,6,15,"",-149.802,0,0,0,0,0,0,0,0,0,0,0,0,0,0,0,0,0,0,0,0,184.121,0,0,-333.923
"MtrElec",2,6,16,"",-63.5301,0,0,0,0,0,0,0,0,0,0,0,0,0,0,0,0,0,0,0,0,166.171,0,0,-229.701
"MtrElec",2,6,17,"",125.043,0,0,0,0,0,0,0,0,0,0,0,0,0,0,0,0,0,0,0,0,225.12,0,0,-100.077
"MtrElec",2,6,18,"",296.579,0,0,0,0,0,0,0,0,0,0,0,0,0,0,0,0,0,0,0,0,302.012,0,0,-5.43292
"MtrElec",2,6,19,"",119.278,0,0,0,0,0,0,0,0,0,0,0,0,0,0,0,0,0,0,0,0,276.976,0,-157.698,0
"MtrElec",2,6,20,"",123.59,0,0,0,0,0,0,0,0,0,0,0,0,0,0,0,0,0,0,0,0,281.288,0,-157.698,0
"MtrElec",2,6,21,"",126.916,0,0,0,0,0,0,0,0,0,0,0,0,0,0,0,0,0,0,0,0,284.614,0,-157.698,0
"MtrElec",2,6,22,"",208.052,0,0,0,0,0,0,0,0,0,0,0,0,0,0,0,0,0,0,0,0,265.975,0,-57.9237,0
"MtrElec",2,6,23,"",333.677,0,0,0,0,0,0,0,0,0,0,0,0,0,0,0,0,0,0,0,0,333.677,0,0,0
"MtrElec",2,6,24,"",218.369,0,0,0,0,0,0,0,0,0,0,0,0,0,0,0,0,0,0,0,0,218.369,0,0,0
"MtrElec",2,7,1,"",201.237,0,0,0,0,0,0,0,0,0,0,0,0,0,0,0,0,0,0,0,0,201.237,0,0,0
"MtrElec",2,7,2,"",164.249,0,0,0,0,0,0,0,0,0,0,0,0,0,0,0,0,0,0,0,0,164.249,0,0,0
"MtrElec",2,7,3,"",156.304,0,0,0,0,0,0,0,0,0,0,0,0,0,0,0,0,0,0,0,0,156.304,0,0,0
"MtrElec",2,7,4,"",176.319,0,0,0,0,0,0,0,0,0,0,0,0,0,0,0,0,0,0,0,0,176.319,0,0,0
"MtrElec",2,7,5,"",183.885,0,0,0,0,0,0,0,0,0,0,0,0,0,0,0,0,0,0,0,0,183.885,0,0,0
"MtrElec",2,7,6,"",164.787,0,0,0,0,0,0,0,0,0,0,0,0,0,0,0,0,0,0,0,0,164.787,0,0,0
"MtrElec",2,7,7,"",266.472,0,0,0,0,0,0,0,0,0,0,0,0,0,0,0,0,0,0,0,0,266.472,0,0,0
"MtrElec",2,7,8,"",136.471,0,0,0,0,0,0,0,0,0,0,0,0,0,0,0,0,0,0,0,0,224.586,0,0,-88.1143
"MtrElec",2,7,9,"",24.8103,0,0,0,0,0,0,0,0,0,0,0,0,0,0,0,0,0,0,0,0,234.633,0,0,-209.823
"MtrElec",2,7,10,"",0,0,0,0,0,0,0,0,0,0,0,0,0,0,0,0,0,0,0,0,0,284.408,0,23.9101,-308.318
"MtrElec",2,7,11,"",0.0000078,0,0,0,0,0,0,0,0,0,0,0,0,0,0,0,0,0,0,0,0,265.981,0,120.157,-386.138
"MtrElec",2,7,12,"",0.0000078,0,0,0,0,0,0,0,0,0,0,0,0,0,0,0,0,0,0,0,0,309.784,0,115.204,-424.989
"MtrElec",2,7,13,"",-37.4385,0,0,0,0,0,0,0,0,0,0,0,0,0,0,0,0,0,0,0,0,231.291,0,157.698,-426.427
"MtrElec",2,7,14,"",-20.2002,0,0,0,0,0,0,0,0,0,0,0,0,0,0,0,0,0,0,0,0,218.04,0,157.698,-395.938
"MtrElec",2,7,15,"",-78.7002,0,0,0,0,0,0,0,0,0,0,0,0,0,0,0,0,0,0,0,0,239.395,0,13.7173,-331.813
"MtrElec",2,7,16,"",-57.6261,0,0,0,0,0,0,0,0,0,0,0,0,0,0,0,0,0,0,0,0,174.005,0,0,-231.631
"MtrElec",2,7,17,"",95.1209,0,0,0,0,0,0,0,0,0,0,0,0,0,0,0,0,0,0,0,0,200.475,0,0,-105.354
"MtrElec",2,7,18,"",242.849,0,0,0,0,0,0,0,0,0,0,0,0,0,0,0,0,0,0,0,0,249.562,0,0,-6.71371
"MtrElec",2,7,19,"",215.611,0,0,0,0,0,0,0,0,0,0,0,0,0,0,0,0,0,0,0,0,373.309,0,-157.698,0
"MtrElec",2,7,20,"",135.929,0,0,0,0,0,0,0,0,0,0,0,0,0,0,0,0,0,0,0,0,293.627,0,-157.698,0
"MtrElec",2,7,21,"",136.916,0,0,0,0,0,0,0,0,0,0,0,0,0,0,0,0,0,0,0,0,294.614,0,-157.698,0
"MtrElec",2,7,22,"",221.373,0,0,0,0,0,0,0,0,0,0,0,0,0,0,0,0,0,0,0,0,279.297,0,-57.9237,0
"MtrElec",2,7,23,"",187.921,0,0,0,0,0,0,0,0,0,0,0,0,0,0,0,0,0,0,0,0,187.921,0,0,0
"MtrElec",2,7,24,"",165.362,0,0,0,0,0,0,0,0,0,0,0,0,0,0,0,0,0,0,0,0,165.362,0,0,0
"MtrElec",2,8,1,"",218.894,0,0,0,0,0,0,0,0,0,0,0,0,0,0,0,0,0,0,0,0,218.894,0,0,0
"MtrElec",2,8,2,"",164.717,0,0,0,0,0,0,0,0,0,0,0,0,0,0,0,0,0,0,0,0,164.717,0,0,0
"MtrElec",2,8,3,"",145.578,0,0,0,0,0,0,0,0,0,0,0,0,0,0,0,0,0,0,0,0,145.578,0,0,0
"MtrElec",2,8,4,"",140.803,0,0,0,0,0,0,0,0,0,0,0,0,0,0,0,0,0,0,0,0,140.803,0,0,0
"MtrElec",2,8,5,"",185.881,0,0,0,0,0,0,0,0,0,0,0,0,0,0,0,0,0,0,0,0,185.881,0,0,0
"MtrElec",2,8,6,"",158.516,0,0,0,0,0,0,0,0,0,0,0,0,0,0,0,0,0,0,0,0,158.516,0,0,0
"MtrElec",2,8,7,"",284.806,0,0,0,0,0,0,0,0,0,0,0,0,0,0,0,0,0,0,0,0,284.806,0,0,0
"MtrElec",2,8,8,"",90.3315,0,0,0,0,0,0,0,0,0,0,0,0,0,0,0,0,0,0,0,0,179.683,0,0,-89.3518
"MtrElec",2,8,9,"",59.2472,0,0,0,0,0,0,0,0,0,0,0,0,0,0,0,0,0,0,0,0,276.472,0,0,-217.225
"MtrElec",2,8,10,"",0,0,0,0,0,0,0,0,0,0,0,0,0,0,0,0,0,0,0,0,0,268.054,0,48.8267,-316.881
"MtrElec",2,8,11,"",0,0,0,0,0,0,0,0,0,0,0,0,0,0,0,0,0,0,0,0,0,307.952,0,70.5842,-378.537
"MtrElec",2,8,12,"",0,0,0,0,0,0,0,0,0,0,0,0,0,0,0,0,0,0,0,0,0,266.708,0,141.767,-408.474
"MtrElec",2,8,13,"",0,0,0,0,0,0,0,0,0,0,0,0,0,0,0,0,0,0,0,0,0,266.524,0,141.105,-407.63
"MtrElec",2,8,14,"",-9.16258,0,0,0,0,0,0,0,0,0,0,0,0,0,0,0,0,0,0,0,0,222.21,0,157.698,-389.071
"MtrElec",2,8,15,"",-52.1273,0,0,0,0,0,0,0,0,0,0,0,0,0,0,0,0,0,0,0,0,250.016,0,28.4042,-330.547
"MtrElec",2,8,16,"",-66.6932,0,0,0,0,0,0,0,0,0,0,0,0,0,0,0,0,0,0,0,0,168.415,0,0,-235.108
"MtrElec",2,8,17,"",121.111,0,0,0,0,0,0,0,0,0,0,0,0,0,0,0,0,0,0,0,0,230.386,0,0,-109.275
"MtrElec",2,8,18,"",249.754,0,0,0,0,0,0,0,0,0,0,0,0,0,0,0,0,0,0,0,0,257.318,0,0,-7.56376
"MtrElec",2,8,19,"",163.758,0,0,0,0,0,0,0,0,0,0,0,0,0,0,0,0,0,0,0,0,321.456,0,-157.698,0
"MtrElec",2,8,20,"",131.726,0,0,0,0,0,0,0,0,0,0,0,0,0,0,0,0,0,0,0,0,289.423,0,-157.698,0
"MtrElec",2,8,21,"",62.6969,0,0,0,0,0,0,0,0,0,0,0,0,0,0,0,0,0,0,0,0,220.395,0,-157.698,0
"MtrElec",2,8,22,"",233.117,0,0,0,0,0,0,0,0,0,0,0,0,0,0,0,0,0,0,0,0,291.04,0,-57.9237,0
"MtrElec",2,8,23,"",150.847,0,0,0,0,0,0,0,0,0,0,0,0,0,0,0,0,0,0,0,0,150.847,0,0,0
"MtrElec",2,8,24,"",270.953,0,0,0,0,0,0,0,0,0,0,0,0,0,0,0,0,0,0,0,0,270.953,0,0,0
"MtrElec",2,9,1,"",121.97,0,0,0,0,0,0,0,0,0,0,0,0,0,0,0,0,0,0,0,0,121.97,0,0,0
"MtrElec",2,9,2,"",125.191,0,0,0,0,0,0,0,0,0,0,0,0,0,0,0,0,0,0,0,0,125.191,0,0,0
"MtrElec",2,9,3,"",126.908,0,0,0,0,0,0,0,0,0,0,0,0,0,0,0,0,0,0,0,0,126.908,0,0,0
"MtrElec",2,9,4,"",126.785,0,0,0,0,0,0,0,0,0,0,0,0,0,0,0,0,0,0,0,0,126.785,0,0,0
"MtrElec",2,9,5,"",127.547,0,0,0,0,0,0,0,0,0,0,0,0,0,0,0,0,0,0,0,0,127.547,0,0,0
"MtrElec",2,9,6,"",244.095,0,0,0,0,0,0,0,0,0,0,0,0,0,0,0,0,0,0,0,0,244.095,0,0,0
"MtrElec",2,9,7,"",331.122,0,0,0,0,0,0,0,0,0,0,0,0,0,0,0,0,0,0,0,0,331.122,0,0,0
"MtrElec",2,9,8,"",184.966,0,0,0,0,0,0,0,0,0,0,0,0,0,0,0,0,0,0,0,0,278.881,0,0,-93.9153
"MtrElec",2,9,9,"",37.6556,0,0,0,0,0,0,0,0,0,0,0,0,0,0,0,0,0,0,0,0,265.864,0,0,-228.209
"MtrElec",2,9,10,"",0.0000078,0,0,0,0,0,0,0,0,0,0,0,0,0,0,0,0,0,0,0,0,215.466,0,116.926,-332.392
"MtrElec",2,9,11,"",-26.2734,0,0,0,0,0,0,0,0,0,0,0,0,0,0,0,0,0,0,0,0,214.226,0,157.698,-398.198
"MtrElec",2,9,12,"",-81.0435,0,0,0,0,0,0,0,0,0,0,0,0,0,0,0,0,0,0,0,0,196.856,0,157.698,-435.597
"MtrElec",2,9,13,"",-58.154,0,0,0,0,0,0,0,0,0,0,0,0,0,0,0,0,0,0,0,0,221.035,0,156.063,-435.252
"MtrElec",2,9,14,"",-296.004,0,0,0,0,0,0,0,0,0,0,0,0,0,0,0,0,0,0,0,0,111.417,0,0,-407.42
"MtrElec",2,9,15,"",-171.878,0,0,0,0,0,0,0,0,0,0,0,0,0,0,0,0,0,0,0,0,172.508,0,0,-344.387
"MtrElec",2,9,16,"",-64.2066,0,0,0,0,0,0,0,0,0,0,0,0,0,0,0,0,0,0,0,0,177.356,0,0,-241.562
"MtrElec",2,9,17,"",88.3401,0,0,0,0,0,0,0,0,0,0,0,0,0,0,0,0,0,0,0,0,200.557,0,0,-112.217
"MtrElec",2,9,18,"",204.27,0,0,0,0,0,0,0,0,0,0,0,0,0,0,0,0,0,0,0,0,212.009,0,0,-7.73909
"MtrElec",2,9,19,"",74.3951,0,0,0,0,0,0,0,0,0,0,0,0,0,0,0,0,0,0,0,0,232.093,0,-157.698,0
"MtrElec",2,9,20,"",106.547,0,0,0,0,0,0,0,0,0,0,0,0,0,0,0,0,0,0,0,0,264.245,0,-157.698,0
"MtrElec",2,9,21,"",169.608,0,0,0,0,0,0,0,0,0,0,0,0,0,0,0,0,0,0,0,0,327.306,0,-157.698,0
"MtrElec",2,9,22,"",192.494,0,0,0,0,0,0,0,0,0,0,0,0,0,0,0,0,0,0,0,0,250.418,0,-57.9237,0
"MtrElec",2,9,23,"",177.908,0,0,0,0,0,0,0,0,0,0,0,0,0,0,0,0,0,0,0,0,177.908,0,0,0
"MtrElec",2,9,24,"",328.263,0,0,0,0,0,0,0,0,0,0,0,0,0,0,0,0,0,0,0,0,328.263,0,0,0
"MtrElec",2,10,1,"",156.74,0,0,0,0,0,0,0,0,0,0,0,0,0,0,0,0,0,0,0,0,156.74,0,0,0
"MtrElec",2,10,2,"",126.812,0,0,0,0,0,0,0,0,0,0,0,0,0,0,0,0,0,0,0,0,126.812,0,0,0
"MtrElec",2,10,3,"",108.893,0,0,0,0,0,0,0,0,0,0,0,0,0,0,0,0,0,0,0,0,108.893,0,0,0
"MtrElec",2,10,4,"",125.389,0,0,0,0,0,0,0,0,0,0,0,0,0,0,0,0,0,0,0,0,125.389,0,0,0
"MtrElec",2,10,5,"",131.59,0,0,0,0,0,0,0,0,0,0,0,0,0,0,0,0,0,0,0,0,131.59,0,0,0
"MtrElec",2,10,6,"",212.664,0,0,0,0,0,0,0,0,0,0,0,0,0,0,0,0,0,0,0,0,212.664,0,0,0
"MtrElec",2,10,7,"",274.174,0,0,0,0,0,0,0,0,0,0,0,0,0,0,0,0,0,0,0,0,274.174,0,0,0
"MtrElec",2,10,8,"",161.525,0,0,0,0,0,0,0,0,0,0,0,0,0,0,0,0,0,0,0,0,263.348,0,0,-101.823
"MtrElec",2,10,9,"",72.2869,0,0,0,0,0,0,0,0,0,0,0,0,0,0,0,0,0,0,0,0,286.052,0,0,-213.765
"MtrElec",2,10,10,"",0,0,0,0,0,0,0,0,0,0,0,0,0,0,0,0,0,0,0,0,0,293.608,0,15.4747,-309.083
"MtrElec",2,10,11,"",0,0,0,0,0,0,0,0,0,0,0,0,0,0,0,0,0,0,0,0,0,242.867,0,127.265,-370.132
"MtrElec",2,10,12,"",-29.0748,0,0,0,0,0,0,0,0,0,0,0,0,0,0,0,0,0,0,0,0,221.599,0,157.698,-408.372
"MtrElec",2,10,13,"",-20.1535,0,0,0,0,0,0,0,0,0,0,0,0,0,0,0,0,0,0,0,0,245.077,0,157.698,-422.929
"MtrElec",2,10,14,"",-115.213,0,0,0,0,0,0,0,0,0,0,0,0,0,0,0,0,0,0,0,0,154.615,0,130.249,-400.077
"MtrElec",2,10,15,"",-161.408,0,0,0,0,0,0,0,0,0,0,0,0,0,0,0,0,0,0,0,0,174.359,0,0,-335.766
"MtrElec",2,10,16,"",-81.871,0,0,0,0,0,0,0,0,0,0,0,0,0,0,0,0,0,0,0,0,144.97,0,0,-226.841
"MtrElec",2,10,17,"",141.579,0,0,0,0,0,0,0,0,0,0,0,0,0,0,0,0,0,0,0,0,201.793,0,0,-60.2133
"MtrElec",2,10,18,"",255.951,0,0,0,0,0,0,0,0,0,0,0,0,0,0,0,0,0,0,0,0,256.905,0,0,-0.954074
"MtrElec",2,10,19,"",116.983,0,0,0,0,0,0,0,0,0,0,0,0,0,0,0,0,0,0,0,0,274.681,0,-157.698,0
"MtrElec",2,10,20,"",158.561,0,0,0,0,0,0,0,0,0,0,0,0,0,0,0,0,0,0,0,0,316.259,0,-157.698,0
"MtrElec",2,10,21,"",151.156,0,0,0,0,0,0,0,0,0,0,0,0,0,0,0,0,0,0,0,0,308.854,0,-157.698,0
"MtrElec",2,10,22,"",164.351,0,0,0,0,0,0,0,0,0,0,0,0,0,0,0,0,0,0,0,0,222.275,0,-57.9237,0
"MtrElec",2,10,23,"",212.816,0,0,0,0,0,0,0,0,0,0,0,0,0,0,0,0,0,0,0,0,212.816,0,0,0
"MtrElec",2,10,24,"",196.641,0,0,0,0,0,0,0,0,0,0,0,0,0,0,0,0,0,0,0,0,196.641,0,0,0
"MtrElec",2,11,1,"",172.633,0,0,0,0,0,0,0,0,0,0,0,0,0,0,0,0,0,0,0,0,172.633,0,0,0
"MtrElec",2,11,2,"",124.557,0,0,0,0,0,0,0,0,0,0,0,0,0,0,0,0,0,0,0,0,124.557,0,0,0
"MtrElec",2,11,3,"",116.374,0,0,0,0,0,0,0,0,0,0,0,0,0,0,0,0,0,0,0,0,116.374,0,0,0
"MtrElec",2,11,4,"",131.518,0,0,0,0,0,0,0,0,0,0,0,0,0,0,0,0,0,0,0,0,131.518,0,0,0
"MtrElec",2,11,5,"",131.126,0,0,0,0,0,0,0,0,0,0,0,0,0,0,0,0,0,0,0,0,131.126,0,0,0
"MtrElec",2,11,6,"",169.567,0,0,0,0,0,0,0,0,0,0,0,0,0,0,0,0,0,0,0,0,169.567,0,0,0
"MtrElec",2,11,7,"",333.449,0,0,0,0,0,0,0,0,0,0,0,0,0,0,0,0,0,0,0,0,333.449,0,0,0
"MtrElec",2,11,8,"",116.289,0,0,0,0,0,0,0,0,0,0,0,0,0,0,0,0,0,0,0,0,211.854,0,0,-95.5652
"MtrElec",2,11,9,"",25.1481,0,0,0,0,0,0,0,0,0,0,0,0,0,0,0,0,0,0,0,0,253.872,0,0,-228.724
"MtrElec",2,11,10,"",0.0000039,0,0,0,0,0,0,0,0,0,0,0,0,0,0,0,0,0,0,0,0,298.894,0,34.1796,-333.073
"MtrElec",2,11,11,"",0.0000078,0,0,0,0,0,0,0,0,0,0,0,0,0,0,0,0,0,0,0,0,270.359,0,126.416,-396.775
"MtrElec",2,11,12,"",-62.049,0,0,0,0,0,0,0,0,0,0,0,0,0,0,0,0,0,0,0,0,209.43,0,157.698,-429.177
"MtrElec",2,11,13,"",-22.0203,0,0,0,0,0,0,0,0,0,0,0,0,0,0,0,0,0,0,0,0,251.247,0,157.698,-430.965
"MtrElec",2,11,14,"",-145.154,0,0,0,0,0,0,0,0,0,0,0,0,0,0,0,0,0,0,0,0,133.461,0,112.394,-391.008
"MtrElec",2,11,15,"",-124.508,0,0,0,0,0,0,0,0,0,0,0,0,0,0,0,0,0,0,0,0,200.795,0,0,-325.302
"MtrElec",2,11,16,"",-54.4055,0,0,0,0,0,0,0,0,0,0,0,0,0,0,0,0,0,0,0,0,184.557,0,0,-238.963
"MtrElec",2,11,17,"",72.7523,0,0,0,0,0,0,0,0,0,0,0,0,0,0,0,0,0,0,0,0,185.163,0,0,-112.411
"MtrElec",2,11,18,"",245.387,0,0,0,0,0,0,0,0,0,0,0,0,0,0,0,0,0,0,0,0,253.867,0,0,-8.48021
"MtrElec",2,11,19,"",159.936,0,0,0,0,0,0,0,0,0,0,0,0,0,0,0,0,0,0,0,0,317.634,0,-157.698,0
"MtrElec",2,11,20,"",103.906,0,0,0,0,0,0,0,0,0,0,0,0,0,0,0,0,0,0,0,0,261.604,0,-157.698,0
"MtrElec",2,11,21,"",129.574,0,0,0,0,0,0,0,0,0,0,0,0,0,0,0,0,0,0,0,0,287.272,0,-157.698,0
"MtrElec",2,11,22,"",162.946,0,0,0,0,0,0,0,0,0,0,0,0,0,0,0,0,0,0,0,0,220.869,0,-57.9237,0
"MtrElec",2,11,23,"",254.329,0,0,0,0,0,0,0,0,0,0,0,0,0,0,0,0,0,0,0,0,254.329,0,0,0
"MtrElec",2,11,24,"",167.493,0,0,0,0,0,0,0,0,0,0,0,0,0,0,0,0,0,0,0,0,167.493,0,0,0
"MtrElec",2,12,1,"",166.403,0,0,0,0,0,0,0,0,0,0,0,0,0,0,0,0,0,0,0,0,166.403,0,0,0
"MtrElec",2,12,2,"",121.181,0,0,0,0,0,0,0,0,0,0,0,0,0,0,0,0,0,0,0,0,121.181,0,0,0
"MtrElec",2,12,3,"",109.01,0,0,0,0,0,0,0,0,0,0,0,0,0,0,0,0,0,0,0,0,109.01,0,0,0
"MtrElec",2,12,4,"",128.635,0,0,0,0,0,0,0,0,0,0,0,0,0,0,0,0,0,0,0,0,128.635,0,0,0
"MtrElec",2,12,5,"",133.202,0,0,0,0,0,0,0,0,0,0,0,0,0,0,0,0,0,0,0,0,133.202,0,0,0
"MtrElec",2,12,6,"",252.615,0,0,0,0,0,0,0,0,0,0,0,0,0,0,0,0,0,0,0,0,252.615,0,0,0
"MtrElec",2,12,7,"",198.451,0,0,0,0,0,0,0,0,0,0,0,0,0,0,0,0,0,0,0,0,198.451,0,0,0
"MtrElec",2,12,8,"",169.489,0,0,0,0,0,0,0,0,0,0,0,0,0,0,0,0,0,0,0,0,263.396,0,0,-93.9076
"MtrElec",2,12,9,"",64.9146,0,0,0,0,0,0,0,0,0,0,0,0,0,0,0,0,0,0,0,0,288.927,0,0,-224.013
"MtrElec",2,12,10,"",0,0,0,0,0,0,0,0,0,0,0,0,0,0,0,0,0,0,0,0,0,322.181,0,2.92416,-325.105
"MtrElec",2,12,11,"",0,0,0,0,0,0,0,0,0,0,0,0,0,0,0,0,0,0,0,0,0,264.28,0,124.232,-388.513
"MtrElec",2,12,12,"",-48.7263,0,0,0,0,0,0,0,0,0,0,0,0,0,0,0,0,0,0,0,0,227.61,0,157.698,-434.034
"MtrElec",2,12,13,"",0,0,0,0,0,0,0,0,0,0,0,0,0,0,0,0,0,0,0,0,0,289.788,0,153.265,-443.054
"MtrElec",2,12,14,"",-89.8263,0,0,0,0,0,0,0,0,0,0,0,0,0,0,0,0,0,0,0,0,169.345,0,150.265,-409.437
"MtrElec",2,12,15,"",-163.635,0,0,0,0,0,0,0,0,0,0,0,0,0,0,0,0,0,0,0,0,175.768,0,0,-339.403
"MtrElec",2,12,16,"",-63.6207,0,0,0,0,0,0,0,0,0,0,0,0,0,0,0,0,0,0,0,0,177.183,0,0,-240.804
"MtrElec",2,12,17,"",110.381,0,0,0,0,0,0,0,0,0,0,0,0,0,0,0,0,0,0,0,0,224.827,0,0,-114.445
"MtrElec",2,12,18,"",190.498,0,0,0,0,0,0,0,0,0,0,0,0,0,0,0,0,0,0,0,0,199.455,0,0,-8.95694
"MtrElec",2,12,19,"",113.666,0,0,0,0,0,0,0,0,0,0,0,0,0,0,0,0,0,0,0,0,271.364,0,-157.698,0
"MtrElec",2,12,20,"",117.374,0,0,0,0,0,0,0,0,0,0,0,0,0,0,0,0,0,0,0,0,275.072,0,-157.698,0
"MtrElec",2,12,21,"",118.143,0,0,0,0,0,0,0,0,0,0,0,0,0,0,0,0,0,0,0,0,275.841,0,-157.698,0
"MtrElec",2,12,22,"",153.847,0,0,0,0,0,0,0,0,0,0,0,0,0,0,0,0,0,0,0,0,211.77,0,-57.9237,0
"MtrElec",2,12,23,"",213.227,0,0,0,0,0,0,0,0,0,0,0,0,0,0,0,0,0,0,0,0,213.227,0,0,0
"MtrElec",2,12,24,"",191.686,0,0,0,0,0,0,0,0,0,0,0,0,0,0,0,0,0,0,0,0,191.686,0,0,0
"MtrElec",2,13,1,"",122.382,0,0,0,0,0,0,0,0,0,0,0,0,0,0,0,0,0,0,0,0,122.382,0,0,0
"MtrElec",2,13,2,"",121.224,0,0,0,0,0,0,0,0,0,0,0,0,0,0,0,0,0,0,0,0,121.224,0,0,0
"MtrElec",2,13,3,"",111.322,0,0,0,0,0,0,0,0,0,0,0,0,0,0,0,0,0,0,0,0,111.322,0,0,0
"MtrElec",2,13,4,"",128.226,0,0,0,0,0,0,0,0,0,0,0,0,0,0,0,0,0,0,0,0,128.226,0,0,0
"MtrElec",2,13,5,"",207.094,0,0,0,0,0,0,0,0,0,0,0,0,0,0,0,0,0,0,0,0,207.094,0,0,0
"MtrElec",2,13,6,"",144.416,0,0,0,0,0,0,0,0,0,0,0,0,0,0,0,0,0,0,0,0,144.416,0,0,0
"MtrElec",2,13,7,"",183.987,0,0,0,0,0,0,0,0,0,0,0,0,0,0,0,0,0,0,0,0,183.987,0,0,0
"MtrElec",2,13,8,"",192.155,0,0,0,0,0,0,0,0,0,0,0,0,0,0,0,0,0,0,0,0,260.051,0,0,-67.8957
"MtrElec",2,13,9,"",78.5273,0,0,0,0,0,0,0,0,0,0,0,0,0,0,0,0,0,0,0,0,284.945,0,0,-206.418
"MtrElec",2,13,10,"",4.99716,0,0,0,0,0,0,0,0,0,0,0,0,0,0,0,0,0,0,0,0,280.947,0,0,-275.95
"MtrElec",2,13,11,"",-12.7502,0,0,0,0,0,0,0,0,0,0,0,0,0,0,0,0,0,0,0,0,218.176,0,157.698,-388.625
"MtrElec",2,13,12,"",-97.3193,0,0,0,0,0,0,0,0,0,0,0,0,0,0,0,0,0,0,0,0,158.155,0,157.698,-413.173
"MtrElec",2,13,13,"",0,0,0,0,0,0,0,0,0,0,0,0,0,0,0,0,0,0,0,0,0,233.457,0,130.232,-363.689
"MtrElec",2,13,14,"",-28.5955,0,0,0,0,0,0,0,0,0,0,0,0,0,0,0,0,0,0,0,0,160.371,0,142.757,-331.724
"MtrElec",2,13,15,"",-161.547,0,0,0,0,0,0,0,0,0,0,0,0,0,0,0,0,0,0,0,0,174.656,0,0,-336.202
"MtrElec",2,13,16,"",-93.0167,0,0,0,0,0,0,0,0,0,0,0,0,0,0,0,0,0,0,0,0,137.594,0,0,-230.611
"MtrElec",2,13,17,"",148.468,0,0,0,0,0,0,0,0,0,0,0,0,0,0,0,0,0,0,0,0,217.232,0,0,-68.7639
"MtrElec",2,13,18,"",244.933,0,0,0,0,0,0,0,0,0,0,0,0,0,0,0,0,0,0,0,0,245.413,0,0,-0.479825
"MtrElec",2,13,19,"",119.134,0,0,0,0,0,0,0,0,0,0,0,0,0,0,0,0,0,0,0,0,276.832,0,-157.698,0
"MtrElec",2,13,20,"",165.393,0,0,0,0,0,0,0,0,0,0,0,0,0,0,0,0,0,0,0,0,323.091,0,-157.698,0
"MtrElec",2,13,21,"",84.0231,0,0,0,0,0,0,0,0,0,0,0,0,0,0,0,0,0,0,0,0,241.721,0,-157.698,0
"MtrElec",2,13,22,"",192.627,0,0,0,0,0,0,0,0,0,0,0,0,0,0,0,0,0,0,0,0,250.55,0,-57.9237,0
"MtrElec",2,13,23,"",249.519,0,0,0,0,0,0,0,0,0,0,0,0,0,0,0,0,0,0,0,0,249.519,0,0,0
"MtrElec",2,13,24,"",173.012,0,0,0,0,0,0,0,0,0,0,0,0,0,0,0,0,0,0,0,0,173.012,0,0,0
"MtrElec",2,14,1,"",138.538,0,0,0,0,0,0,0,0,0,0,0,0,0,0,0,0,0,0,0,0,138.538,0,0,0
"MtrElec",2,14,2,"",116.317,0,0,0,0,0,0,0,0,0,0,0,0,0,0,0,0,0,0,0,0,116.317,0,0,0
"MtrElec",2,14,3,"",103.508,0,0,0,0,0,0,0,0,0,0,0,0,0,0,0,0,0,0,0,0,103.508,0,0,0
"MtrElec",2,14,4,"",120.284,0,0,0,0,0,0,0,0,0,0,0,0,0,0,0,0,0,0,0,0,120.284,0,0,0
"MtrElec",2,14,5,"",175.443,0,0,0,0,0,0,0,0,0,0,0,0,0,0,0,0,0,0,0,0,175.443,0,0,0
"MtrElec",2,14,6,"",110.968,0,0,0,0,0,0,0,0,0,0,0,0,0,0,0,0,0,0,0,0,110.968,0,0,0
"MtrElec",2,14,7,"",144.419,0,0,0,0,0,0,0,0,0,0,0,0,0,0,0,0,0,0,0,0,144.419,0,0,0
"MtrElec",2,14,8,"",194.581,0,0,0,0,0,0,0,0,0,0,0,0,0,0,0,0,0,0,0,0,249.498,0,0,-54.9174
"MtrElec",2,14,9,"",0.0000020,0,0,0,0,0,0,0,0,0,0,0,0,0,0,0,0,0,0,0,0,185.702,0,30.1666,-215.868
"MtrElec",2,14,10,"",0,0,0,0,0,0,0,0,0,0,0,0,0,0,0,0,0,0,0,0,0,272.052,0,41.4984,-313.55
"MtrElec",2,14,11,"",18.8377,0,0,0,0,0,0,0,0,0,0,0,0,0,0,0,0,0,0,0,0,347.963,0,0,-329.125
"MtrElec",2,14,12,"",91.4766,0,0,0,0,0,0,0,0,0,0,0,0,0,0,0,0,0,0,0,0,367.767,0,0,-276.291
"MtrElec",2,14,13,"",183.938,0,0,0,0,0,0,0,0,0,0,0,0,0,0,0,0,0,0,0,0,355.238,0,0,-171.3
"MtrElec",2,14,14,"",84.0616,0,0,0,0,0,0,0,0,0,0,0,0,0,0,0,0,0,0,0,0,302.427,0,0,-218.365
"MtrElec",2,14,15,"",0,0,0,0,0,0,0,0,0,0,0,0,0,0,0,0,0,0,0,0,0,336.136,0,0.256219,-336.392
"MtrElec",2,14,16,"",63.5536,0,0,0,0,0,0,0,0,0,0,0,0,0,0,0,0,0,0,0,0,294.096,0,0,-230.543
"MtrElec",2,14,17,"",89.5833,0,0,0,0,0,0,0,0,0,0,0,0,0,0,0,0,0,0,0,0,218.279,0,0,-128.696
"MtrElec",2,14,18,"",387.795,0,0,0,0,0,0,0,0,0,0,0,0,0,0,0,0,0,0,0,0,398.596,0,0,-10.8012
"MtrElec",2,14,19,"",438.112,0,0,0,0,0,0,0,0,0,0,0,0,0,0,0,0,0,0,0,0,503.021,0,-64.9089,0
"MtrElec",2,14,20,"",439.316,0,0,0,0,0,0,0,0,0,0,0,0,0,0,0,0,0,0,0,0,439.316,0,0,0
"MtrElec",2,14,21,"",353.876,0,0,0,0,0,0,0,0,0,0,0,0,0,0,0,0,0,0,0,0,353.876,0,0,0
"MtrElec",2,14,22,"",385.712,0,0,0,0,0,0,0,0,0,0,0,0,0,0,0,0,0,0,0,0,385.712,0,0,0
"MtrElec",2,14,23,"",210.776,0,0,0,0,0,0,0,0,0,0,0,0,0,0,0,0,0,0,0,0,210.776,0,0,0
"MtrElec",2,14,24,"",172.259,0,0,0,0,0,0,0,0,0,0,0,0,0,0,0,0,0,0,0,0,172.259,0,0,0
"MtrElec",2,15,1,"",129.941,0,0,0,0,0,0,0,0,0,0,0,0,0,0,0,0,0,0,0,0,129.941,0,0,0
"MtrElec",2,15,2,"",170.275,0,0,0,0,0,0,0,0,0,0,0,0,0,0,0,0,0,0,0,0,170.275,0,0,0
"MtrElec",2,15,3,"",136.164,0,0,0,0,0,0,0,0,0,0,0,0,0,0,0,0,0,0,0,0,136.164,0,0,0
"MtrElec",2,15,4,"",124.505,0,0,0,0,0,0,0,0,0,0,0,0,0,0,0,0,0,0,0,0,124.505,0,0,0
"MtrElec",2,15,5,"",157.247,0,0,0,0,0,0,0,0,0,0,0,0,0,0,0,0,0,0,0,0,157.247,0,0,0
"MtrElec",2,15,6,"",136.833,0,0,0,0,0,0,0,0,0,0,0,0,0,0,0,0,0,0,0,0,136.833,0,0,0
"MtrElec",2,15,7,"",203.295,0,0,0,0,0,0,0,0,0,0,0,0,0,0,0,0,0,0,0,0,203.295,0,0,0
"MtrElec",2,15,8,"",96.0326,0,0,0,0,0,0,0,0,0,0,0,0,0,0,0,0,0,0,0,0,196.109,0,0,-100.076
"MtrElec",2,15,9,"",28.2042,0,0,0,0,0,0,0,0,0,0,0,0,0,0,0,0,0,0,0,0,268.764,0,0,-240.56
"MtrElec",2,15,10,"",0,0,0,0,0,0,0,0,0,0,0,0,0,0,0,0,0,0,0,0,0,293.284,0,60.264,-353.548
"MtrElec",2,15,11,"",0,0,0,0,0,0,0,0,0,0,0,0,0,0,0,0,0,0,0,0,0,331.109,0,95.5303,-426.639
"MtrElec",2,15,12,"",-0.719312,0,0,0,0,0,0,0,0,0,0,0,0,0,0,0,0,0,0,0,0,307.266,0,157.698,-465.683
"MtrElec",2,15,13,"",-42.4753,0,0,0,0,0,0,0,0,0,0,0,0,0,0,0,0,0,0,0,0,263.984,0,157.698,-464.157
"MtrElec",2,15,14,"",-46.9192,0,0,0,0,0,0,0,0,0,0,0,0,0,0,0,0,0,0,0,0,261.466,0,117.195,-425.58
"MtrElec",2,15,15,"",-142.186,0,0,0,0,0,0,0,0,0,0,0,0,0,0,0,0,0,0,0,0,215.035,0,0,-357.222
"MtrElec",2,15,16,"",-23.9274,0,0,0,0,0,0,0,0,0,0,0,0,0,0,0,0,0,0,0,0,229.208,0,0,-253.135
"MtrElec",2,15,17,"",95.2459,0,0,0,0,0,0,0,0,0,0,0,0,0,0,0,0,0,0,0,0,216.893,0,0,-121.647
"MtrElec",2,15,18,"",207.427,0,0,0,0,0,0,0,0,0,0,0,0,0,0,0,0,0,0,0,0,217.252,0,0,-9.82535
"MtrElec",2,15,19,"",180.711,0,0,0,0,0,0,0,0,0,0,0,0,0,0,0,0,0,0,0,0,338.409,0,-157.698,0
"MtrElec",2,15,20,"",159.609,0,0,0,0,0,0,0,0,0,0,0,0,0,0,0,0,0,0,0,0,317.307,0,-157.698,0
"MtrElec",2,15,21,"",246.501,0,0,0,0,0,0,0,0,0,0,0,0,0,0,0,0,0,0,0,0,404.199,0,-157.698,0
"MtrElec",2,15,22,"",289.497,0,0,0,0,0,0,0,0,0,0,0,0,0,0,0,0,0,0,0,0,347.421,0,-57.9237,0
"MtrElec",2,15,23,"",267.534,0,0,0,0,0,0,0,0,0,0,0,0,0,0,0,0,0,0,0,0,267.534,0,0,0
"MtrElec",2,15,24,"",223.39,0,0,0,0,0,0,0,0,0,0,0,0,0,0,0,0,0,0,0,0,223.39,0,0,0
"MtrElec",2,16,1,"",141.982,0,0,0,0,0,0,0,0,0,0,0,0,0,0,0,0,0,0,0,0,141.982,0,0,0
"MtrElec",2,16,2,"",158.106,0,0,0,0,0,0,0,0,0,0,0,0,0,0,0,0,0,0,0,0,158.106,0,0,0
"MtrElec",2,16,3,"",161.46,0,0,0,0,0,0,0,0,0,0,0,0,0,0,0,0,0,0,0,0,161.46,0,0,0
"MtrElec",2,16,4,"",154.401,0,0,0,0,0,0,0,0,0,0,0,0,0,0,0,0,0,0,0,0,154.401,0,0,0
"MtrElec",2,16,5,"",163.918,0,0,0,0,0,0,0,0,0,0,0,0,0,0,0,0,0,0,0,0,163.918,0,0,0
"MtrElec",2,16,6,"",256.218,0,0,0,0,0,0,0,0,0,0,0,0,0,0,0,0,0,0,0,0,256.218,0,0,0
"MtrElec",2,16,7,"",302.015,0,0,0,0,0,0,0,0,0,0,0,0,0,0,0,0,0,0,0,0,310.014,0,0,-7.99971
"MtrElec",2,16,8,"",234.696,0,0,0,0,0,0,0,0,0,0,0,0,0,0,0,0,0,0,0,0,333.872,0,0,-99.1764
"MtrElec",2,16,9,"",72.5424,0,0,0,0,0,0,0,0,0,0,0,0,0,0,0,0,0,0,0,0,304.359,0,0,-231.817
"MtrElec",2,16,10,"",65.1387,0,0,0,0,0,0,0,0,0,0,0,0,0,0,0,0,0,0,0,0,397.071,0,0,-331.932
"MtrElec",2,16,11,"",0.0000020,0,0,0,0,0,0,0,0,0,0,0,0,0,0,0,0,0,0,0,0,377.546,0,27.2538,-404.8
"MtrElec",2,16,12,"",0.0000078,0,0,0,0,0,0,0,0,0,0,0,0,0,0,0,0,0,0,0,0,351.003,0,95.0218,-446.025
"MtrElec",2,16,13,"",0,0,0,0,0,0,0,0,0,0,0,0,0,0,0,0,0,0,0,0,0,290.054,0,157.046,-447.1
"MtrElec",2,16,14,"",0.0000078,0,0,0,0,0,0,0,0,0,0,0,0,0,0,0,0,0,0,0,0,287.659,0,127.525,-415.184
"MtrElec",2,16,15,"",0.0000078,0,0,0,0,0,0,0,0,0,0,0,0,0,0,0,0,0,0,0,0,259.172,0,84.1585,-343.331
"MtrElec",2,16,16,"",0,0,0,0,0,0,0,0,0,0,0,0,0,0,0,0,0,0,0,0,0,200.99,0,47.8364,-248.827
"MtrElec",2,16,17,"",81.1697,0,0,0,0,0,0,0,0,0,0,0,0,0,0,0,0,0,0,0,0,202.198,0,0,-121.028
"MtrElec",2,16,18,"",294.892,0,0,0,0,0,0,0,0,0,0,0,0,0,0,0,0,0,0,0,0,305.344,0,0,-10.4519
"MtrElec",2,16,19,"",112.941,0,0,0,0,0,0,0,0,0,0,0,0,0,0,0,0,0,0,0,0,270.639,0,-157.698,0
"MtrElec",2,16,20,"",49.3807,0,0,0,0,0,0,0,0,0,0,0,0,0,0,0,0,0,0,0,0,207.079,0,-157.698,0
"MtrElec",2,16,21,"",95.7179,0,0,0,0,0,0,0,0,0,0,0,0,0,0,0,0,0,0,0,0,253.416,0,-157.698,0
"MtrElec",2,16,22,"",263.892,0,0,0,0,0,0,0,0,0,0,0,0,0,0,0,0,0,0,0,0,277.103,0,-13.2107,0
"MtrElec",2,16,23,"",220.595,0,0,0,0,0,0,0,0,0,0,0,0,0,0,0,0,0,0,0,0,220.595,0,0,0
"MtrElec",2,16,24,"",158.814,0,0,0,0,0,0,0,0,0,0,0,0,0,0,0,0,0,0,0,0,158.814,0,0,0
"MtrElec",2,17,1,"",259.968,0,0,0,0,0,0,0,0,0,0,0,0,0,0,0,0,0,0,0,0,259.968,0,0,0
"MtrElec",2,17,2,"",153.393,0,0,0,0,0,0,0,0,0,0,0,0,0,0,0,0,0,0,0,0,153.393,0,0,0
"MtrElec",2,17,3,"",144.07,0,0,0,0,0,0,0,0,0,0,0,0,0,0,0,0,0,0,0,0,144.07,0,0,0
"MtrElec",2,17,4,"",155.086,0,0,0,0,0,0,0,0,0,0,0,0,0,0,0,0,0,0,0,0,155.086,0,0,0
"MtrElec",2,17,5,"",162.005,0,0,0,0,0,0,0,0,0,0,0,0,0,0,0,0,0,0,0,0,162.005,0,0,0
"MtrElec",2,17,6,"",160.192,0,0,0,0,0,0,0,0,0,0,0,0,0,0,0,0,0,0,0,0,160.192,0,0,0
"MtrElec",2,17,7,"",313.882,0,0,0,0,0,0,0,0,0,0,0,0,0,0,0,0,0,0,0,0,318.012,0,0,-4.13068
"MtrElec",2,17,8,"",222.104,0,0,0,0,0,0,0,0,0,0,0,0,0,0,0,0,0,0,0,0,339.451,0,0,-117.347
"MtrElec",2,17,9,"",162.744,0,0,0,0,0,0,0,0,0,0,0,0,0,0,0,0,0,0,0,0,287.582,0,0,-124.837
"MtrElec",2,17,10,"",0,0,0,0,0,0,0,0,0,0,0,0,0,0,0,0,0,0,0,0,0,280.214,0,19.8764,-300.09
"MtrElec",2,17,11,"",0.0000078,0,0,0,0,0,0,0,0,0,0,0,0,0,0,0,0,0,0,0,0,292.868,0,112.271,-405.139
"MtrElec",2,17,12,"",-76.4381,0,0,0,0,0,0,0,0,0,0,0,0,0,0,0,0,0,0,0,0,212.204,0,157.698,-446.34
"MtrElec",2,17,13,"",-104.004,0,0,0,0,0,0,0,0,0,0,0,0,0,0,0,0,0,0,0,0,187.911,0,157.698,-449.613
"MtrElec",2,17,14,"",-111.004,0,0,0,0,0,0,0,0,0,0,0,0,0,0,0,0,0,0,0,0,165.055,0,140.842,-416.9
"MtrElec",2,17,15,"",-176.488,0,0,0,0,0,0,0,0,0,0,0,0,0,0,0,0,0,0,0,0,172.054,0,0,-348.542
"MtrElec",2,17,16,"",-115.188,0,0,0,0,0,0,0,0,0,0,0,0,0,0,0,0,0,0,0,0,136.994,0,0,-252.181
"MtrElec",2,17,17,"",104.559,0,0,0,0,0,0,0,0,0,0,0,0,0,0,0,0,0,0,0,0,226.204,0,0,-121.645
"MtrElec",2,17,18,"",163.578,0,0,0,0,0,0,0,0,0,0,0,0,0,0,0,0,0,0,0,0,173.899,0,0,-10.321
"MtrElec",2,17,19,"",152.244,0,0,0,0,0,0,0,0,0,0,0,0,0,0,0,0,0,0,0,0,309.942,0,-157.698,0
"MtrElec",2,17,20,"",164.872,0,0,0,0,0,0,0,0,0,0,0,0,0,0,0,0,0,0,0,0,322.57,0,-157.698,0
"MtrElec",2,17,21,"",164.05,0,0,0,0,0,0,0,0,0,0,0,0,0,0,0,0,0,0,0,0,321.748,0,-157.698,0
"MtrElec",2,17,22,"",240.385,0,0,0,0,0,0,0,0,0,0,0,0,0,0,0,0,0,0,0,0,298.308,0,-57.9237,0
"MtrElec",2,17,23,"",266.094,0,0,0,0,0,0,0,0,0,0,0,0,0,0,0,0,0,0,0,0,266.094,0,0,0
"MtrElec",2,17,24,"",153.529,0,0,0,0,0,0,0,0,0,0,0,0,0,0,0,0,0,0,0,0,153.529,0,0,0
"MtrElec",2,18,1,"",224.559,0,0,0,0,0,0,0,0,0,0,0,0,0,0,0,0,0,0,0,0,224.559,0,0,0
"MtrElec",2,18,2,"",181.209,0,0,0,0,0,0,0,0,0,0,0,0,0,0,0,0,0,0,0,0,181.209,0,0,0
"MtrElec",2,18,3,"",133.583,0,0,0,0,0,0,0,0,0,0,0,0,0,0,0,0,0,0,0,0,133.583,0,0,0
"MtrElec",2,18,4,"",151.913,0,0,0,0,0,0,0,0,0,0,0,0,0,0,0,0,0,0,0,0,151.913,0,0,0
"MtrElec",2,18,5,"",156.909,0,0,0,0,0,0,0,0,0,0,0,0,0,0,0,0,0,0,0,0,156.909,0,0,0
"MtrElec",2,18,6,"",164.12,0,0,0,0,0,0,0,0,0,0,0,0,0,0,0,0,0,0,0,0,164.12,0,0,0
"MtrElec",2,18,7,"",267.154,0,0,0,0,0,0,0,0,0,0,0,0,0,0,0,0,0,0,0,0,269.305,0,0,-2.15135
"MtrElec",2,18,8,"",213.122,0,0,0,0,0,0,0,0,0,0,0,0,0,0,0,0,0,0,0,0,272.711,0,0,-59.5884
"MtrElec",2,18,9,"",150.869,0,0,0,0,0,0,0,0,0,0,0,0,0,0,0,0,0,0,0,0,286.895,0,0,-136.026
"MtrElec",2,18,10,"",74.6255,0,0,0,0,0,0,0,0,0,0,0,0,0,0,0,0,0,0,0,0,304.075,0,0,-229.449
"MtrElec",2,18,11,"",0.0000039,0,0,0,0,0,0,0,0,0,0,0,0,0,0,0,0,0,0,0,0,246.276,0,37.5272,-283.804
"MtrElec",2,18,12,"",-7.75678,0,0,0,0,0,0,0,0,0,0,0,0,0,0,0,0,0,0,0,0,240.533,0,157.698,-405.988
"MtrElec",2,18,13,"",-80.537,0,0,0,0,0,0,0,0,0,0,0,0,0,0,0,0,0,0,0,0,204.785,0,157.698,-443.02
"MtrElec",2,18,14,"",-123.435,0,0,0,0,0,0,0,0,0,0,0,0,0,0,0,0,0,0,0,0,126.151,0,157.698,-407.284
"MtrElec",2,18,15,"",-52.67,0,0,0,0,0,0,0,0,0,0,0,0,0,0,0,0,0,0,0,0,156.175,0,77.7641,-286.609
"MtrElec",2,18,16,"",-2.98712,0,0,0,0,0,0,0,0,0,0,0,0,0,0,0,0,0,0,0,0,192.436,0,0,-195.424
"MtrElec",2,18,17,"",143.517,0,0,0,0,0,0,0,0,0,0,0,0,0,0,0,0,0,0,0,0,211.221,0,0,-67.7043
"MtrElec",2,18,18,"",229.41,0,0,0,0,0,0,0,0,0,0,0,0,0,0,0,0,0,0,0,0,232.013,0,0,-2.60281
"MtrElec",2,18,19,"",126.815,0,0,0,0,0,0,0,0,0,0,0,0,0,0,0,0,0,0,0,0,284.513,0,-157.698,0
"MtrElec",2,18,20,"",103.702,0,0,0,0,0,0,0,0,0,0,0,0,0,0,0,0,0,0,0,0,261.4,0,-157.698,0
"MtrElec",2,18,21,"",198.721,0,0,0,0,0,0,0,0,0,0,0,0,0,0,0,0,0,0,0,0,356.418,0,-157.698,0
"MtrElec",2,18,22,"",145.393,0,0,0,0,0,0,0,0,0,0,0,0,0,0,0,0,0,0,0,0,203.317,0,-57.9237,0
"MtrElec",2,18,23,"",240.311,0,0,0,0,0,0,0,0,0,0,0,0,0,0,0,0,0,0,0,0,240.311,0,0,0
"MtrElec",2,18,24,"",144.491,0,0,0,0,0,0,0,0,0,0,0,0,0,0,0,0,0,0,0,0,144.491,0,0,0
"MtrElec",2,19,1,"",125.172,0,0,0,0,0,0,0,0,0,0,0,0,0,0,0,0,0,0,0,0,125.172,0,0,0
"MtrElec",2,19,2,"",121.055,0,0,0,0,0,0,0,0,0,0,0,0,0,0,0,0,0,0,0,0,121.055,0,0,0
"MtrElec",2,19,3,"",126.088,0,0,0,0,0,0,0,0,0,0,0,0,0,0,0,0,0,0,0,0,126.088,0,0,0
"MtrElec",2,19,4,"",137.28,0,0,0,0,0,0,0,0,0,0,0,0,0,0,0,0,0,0,0,0,137.28,0,0,0
"MtrElec",2,19,5,"",116.945,0,0,0,0,0,0,0,0,0,0,0,0,0,0,0,0,0,0,0,0,116.945,0,0,0
"MtrElec",2,19,6,"",111.219,0,0,0,0,0,0,0,0,0,0,0,0,0,0,0,0,0,0,0,0,111.219,0,0,0
"MtrElec",2,19,7,"",214.011,0,0,0,0,0,0,0,0,0,0,0,0,0,0,0,0,0,0,0,0,214.011,0,0,0
"MtrElec",2,19,8,"",227.743,0,0,0,0,0,0,0,0,0,0,0,0,0,0,0,0,0,0,0,0,227.743,0,0,0
"MtrElec",2,19,9,"",263.885,0,0,0,0,0,0,0,0,0,0,0,0,0,0,0,0,0,0,0,0,277.517,0,0,-13.632
"MtrElec",2,19,10,"",235.84,0,0,0,0,0,0,0,0,0,0,0,0,0,0,0,0,0,0,0,0,263.544,0,0,-27.7042
"MtrElec",2,19,11,"",221.094,0,0,0,0,0,0,0,0,0,0,0,0,0,0,0,0,0,0,0,0,267.92,0,0,-46.8254
"MtrElec",2,19,12,"",192.105,0,0,0,0,0,0,0,0,0,0,0,0,0,0,0,0,0,0,0,0,253.83,0,0,-61.7247
"MtrElec",2,19,13,"",139.941,0,0,0,0,0,0,0,0,0,0,0,0,0,0,0,0,0,0,0,0,230.573,0,0,-90.6317
"MtrElec",2,19,14,"",112.499,0,0,0,0,0,0,0,0,0,0,0,0,0,0,0,0,0,0,0,0,183.376,0,0,-70.8776
"MtrElec",2,19,15,"",91.2057,0,0,0,0,0,0,0,0,0,0,0,0,0,0,0,0,0,0,0,0,165.498,0,0,-74.2923
"MtrElec",2,19,16,"",69.8411,0,0,0,0,0,0,0,0,0,0,0,0,0,0,0,0,0,0,0,0,172.6,0,0,-102.759
"MtrElec",2,19,17,"",234.155,0,0,0,0,0,0,0,0,0,0,0,0,0,0,0,0,0,0,0,0,256.758,0,0,-22.6033
"MtrElec",2,19,18,"",223.179,0,0,0,0,0,0,0,0,0,0,0,0,0,0,0,0,0,0,0,0,223.179,0,0,0
"MtrElec",2,19,19,"",311.406,0,0,0,0,0,0,0,0,0,0,0,0,0,0,0,0,0,0,0,0,311.406,0,0,0
"MtrElec",2,19,20,"",281.666,0,0,0,0,0,0,0,0,0,0,0,0,0,0,0,0,0,0,0,0,281.666,0,0,0
"MtrElec",2,19,21,"",303.391,0,0,0,0,0,0,0,0,0,0,0,0,0,0,0,0,0,0,0,0,303.391,0,0,0
"MtrElec",2,19,22,"",254.8,0,0,0,0,0,0,0,0,0,0,0,0,0,0,0,0,0,0,0,0,254.8,0,0,0
"MtrElec",2,19,23,"",174.197,0,0,0,0,0,0,0,0,0,0,0,0,0,0,0,0,0,0,0,0,174.197,0,0,0
"MtrElec",2,19,24,"",202.177,0,0,0,0,0,0,0,0,0,0,0,0,0,0,0,0,0,0,0,0,202.177,0,0,0
"MtrElec",2,20,1,"",120.659,0,0,0,0,0,0,0,0,0,0,0,0,0,0,0,0,0,0,0,0,120.659,0,0,0
"MtrElec",2,20,2,"",126.805,0,0,0,0,0,0,0,0,0,0,0,0,0,0,0,0,0,0,0,0,126.805,0,0,0
"MtrElec",2,20,3,"",118.233,0,0,0,0,0,0,0,0,0,0,0,0,0,0,0,0,0,0,0,0,118.233,0,0,0
"MtrElec",2,20,4,"",116.299,0,0,0,0,0,0,0,0,0,0,0,0,0,0,0,0,0,0,0,0,116.299,0,0,0
"MtrElec",2,20,5,"",124.031,0,0,0,0,0,0,0,0,0,0,0,0,0,0,0,0,0,0,0,0,124.031,0,0,0
"MtrElec",2,20,6,"",163.549,0,0,0,0,0,0,0,0,0,0,0,0,0,0,0,0,0,0,0,0,163.549,0,0,0
"MtrElec",2,20,7,"",207.777,0,0,0,0,0,0,0,0,0,0,0,0,0,0,0,0,0,0,0,0,207.777,0,0,0
"MtrElec",2,20,8,"",263.192,0,0,0,0,0,0,0,0,0,0,0,0,0,0,0,0,0,0,0,0,268.965,0,0,-5.77294
"MtrElec",2,20,9,"",258.53,0,0,0,0,0,0,0,0,0,0,0,0,0,0,0,0,0,0,0,0,296.841,0,0,-38.3113
"MtrElec",2,20,10,"",202.858,0,0,0,0,0,0,0,0,0,0,0,0,0,0,0,0,0,0,0,0,249.319,0,0,-46.4609
"MtrElec",2,20,11,"",201.61,0,0,0,0,0,0,0,0,0,0,0,0,0,0,0,0,0,0,0,0,314.056,0,0,-112.446
"MtrElec",2,20,12,"",0,0,0,0,0,0,0,0,0,0,0,0,0,0,0,0,0,0,0,0,0,207.136,0,35.3951,-242.531
"MtrElec",2,20,13,"",93.5129,0,0,0,0,0,0,0,0,0,0,0,0,0,0,0,0,0,0,0,0,251.602,0,0,-158.089
"MtrElec",2,20,14,"",0.0000020,0,0,0,0,0,0,0,0,0,0,0,0,0,0,0,0,0,0,0,0,123.889,0,30.1273,-154.016
"MtrElec",2,20,15,"",75.8959,0,0,0,0,0,0,0,0,0,0,0,0,0,0,0,0,0,0,0,0,241.969,0,0,-166.073
"MtrElec",2,20,16,"",0,0,0,0,0,0,0,0,0,0,0,0,0,0,0,0,0,0,0,0,0,169.019,0,15.1304,-184.149
"MtrElec",2,20,17,"",190.051,0,0,0,0,0,0,0,0,0,0,0,0,0,0,0,0,0,0,0,0,248.968,0,0,-58.9169
"MtrElec",2,20,18,"",232.09,0,0,0,0,0,0,0,0,0,0,0,0,0,0,0,0,0,0,0,0,232.09,0,0,0
"MtrElec",2,20,19,"",223.633,0,0,0,0,0,0,0,0,0,0,0,0,0,0,0,0,0,0,0,0,296.422,0,-72.7891,0
"MtrElec",2,20,20,"",268.216,0,0,0,0,0,0,0,0,0,0,0,0,0,0,0,0,0,0,0,0,268.216,0,0,0
"MtrElec",2,20,21,"",314.015,0,0,0,0,0,0,0,0,0,0,0,0,0,0,0,0,0,0,0,0,314.015,0,0,0
"MtrElec",2,20,22,"",240.464,0,0,0,0,0,0,0,0,0,0,0,0,0,0,0,0,0,0,0,0,240.464,0,0,0
"MtrElec",2,20,23,"",266.71,0,0,0,0,0,0,0,0,0,0,0,0,0,0,0,0,0,0,0,0,266.71,0,0,0
"MtrElec",2,20,24,"",160.504,0,0,0,0,0,0,0,0,0,0,0,0,0,0,0,0,0,0,0,0,160.504,0,0,0
"MtrElec",2,21,1,"",194.355,0,0,0,0,0,0,0,0,0,0,0,0,0,0,0,0,0,0,0,0,194.355,0,0,0
"MtrElec",2,21,2,"",167.907,0,0,0,0,0,0,0,0,0,0,0,0,0,0,0,0,0,0,0,0,167.907,0,0,0
"MtrElec",2,21,3,"",134.045,0,0,0,0,0,0,0,0,0,0,0,0,0,0,0,0,0,0,0,0,134.045,0,0,0
"MtrElec",2,21,4,"",152.715,0,0,0,0,0,0,0,0,0,0,0,0,0,0,0,0,0,0,0,0,152.715,0,0,0
"MtrElec",2,21,5,"",164.406,0,0,0,0,0,0,0,0,0,0,0,0,0,0,0,0,0,0,0,0,164.406,0,0,0
"MtrElec",2,21,6,"",183.905,0,0,0,0,0,0,0,0,0,0,0,0,0,0,0,0,0,0,0,0,183.905,0,0,0
"MtrElec",2,21,7,"",150.314,0,0,0,0,0,0,0,0,0,0,0,0,0,0,0,0,0,0,0,0,151.697,0,0,-1.38296
"MtrElec",2,21,8,"",194.902,0,0,0,0,0,0,0,0,0,0,0,0,0,0,0,0,0,0,0,0,249.084,0,0,-54.1824
"MtrElec",2,21,9,"",95.1794,0,0,0,0,0,0,0,0,0,0,0,0,0,0,0,0,0,0,0,0,217.049,0,0,-121.869
"MtrElec",2,21,10,"",76.8229,0,0,0,0,0,0,0,0,0,0,0,0,0,0,0,0,0,0,0,0,279.237,0,0,-202.414
"MtrElec",2,21,11,"",10.3811,0,0,0,0,0,0,0,0,0,0,0,0,0,0,0,0,0,0,0,0,317.19,0,0,-306.809
"MtrElec",2,21,12,"",109.289,0,0,0,0,0,0,0,0,0,0,0,0,0,0,0,0,0,0,0,0,339.241,0,0,-229.952
"MtrElec",2,21,13,"",75.514,0,0,0,0,0,0,0,0,0,0,0,0,0,0,0,0,0,0,0,0,279.231,0,0,-203.717
"MtrElec",2,21,14,"",0,0,0,0,0,0,0,0,0,0,0,0,0,0,0,0,0,0,0,0,0,176.551,0,59.6304,-236.181
"MtrElec",2,21,15,"",178.765,0,0,0,0,0,0,0,0,0,0,0,0,0,0,0,0,0,0,0,0,263.634,0,0,-84.8689
"MtrElec",2,21,16,"",179.45,0,0,0,0,0,0,0,0,0,0,0,0,0,0,0,0,0,0,0,0,249.328,0,0,-69.8776
"MtrElec",2,21,17,"",204.497,0,0,0,0,0,0,0,0,0,0,0,0,0,0,0,0,0,0,0,0,239.647,0,0,-35.1499
"MtrElec",2,21,18,"",273.622,0,0,0,0,0,0,0,0,0,0,0,0,0,0,0,0,0,0,0,0,273.622,0,0,0
"MtrElec",2,21,19,"",346.922,0,0,0,0,0,0,0,0,0,0,0,0,0,0,0,0,0,0,0,0,400.739,0,-53.8165,0
"MtrElec",2,21,20,"",352.194,0,0,0,0,0,0,0,0,0,0,0,0,0,0,0,0,0,0,0,0,352.194,0,0,0
"MtrElec",2,21,21,"",233.923,0,0,0,0,0,0,0,0,0,0,0,0,0,0,0,0,0,0,0,0,233.923,0,0,0
"MtrElec",2,21,22,"",300.515,0,0,0,0,0,0,0,0,0,0,0,0,0,0,0,0,0,0,0,0,300.515,0,0,0
"MtrElec",2,21,23,"",211.09,0,0,0,0,0,0,0,0,0,0,0,0,0,0,0,0,0,0,0,0,211.09,0,0,0
"MtrElec",2,21,24,"",169.099,0,0,0,0,0,0,0,0,0,0,0,0,0,0,0,0,0,0,0,0,169.099,0,0,0
"MtrElec",2,22,1,"",146.697,0,0,0,0,0,0,0,0,0,0,0,0,0,0,0,0,0,0,0,0,146.697,0,0,0
"MtrElec",2,22,2,"",126.898,0,0,0,0,0,0,0,0,0,0,0,0,0,0,0,0,0,0,0,0,126.898,0,0,0
"MtrElec",2,22,3,"",113.751,0,0,0,0,0,0,0,0,0,0,0,0,0,0,0,0,0,0,0,0,113.751,0,0,0
"MtrElec",2,22,4,"",135.456,0,0,0,0,0,0,0,0,0,0,0,0,0,0,0,0,0,0,0,0,135.456,0,0,0
"MtrElec",2,22,5,"",181.03,0,0,0,0,0,0,0,0,0,0,0,0,0,0,0,0,0,0,0,0,181.03,0,0,0
"MtrElec",2,22,6,"",155.85,0,0,0,0,0,0,0,0,0,0,0,0,0,0,0,0,0,0,0,0,155.85,0,0,0
"MtrElec",2,22,7,"",145.652,0,0,0,0,0,0,0,0,0,0,0,0,0,0,0,0,0,0,0,0,145.652,0,0,0
"MtrElec",2,22,8,"",211.574,0,0,0,0,0,0,0,0,0,0,0,0,0,0,0,0,0,0,0,0,213.289,0,0,-1.7149
"MtrElec",2,22,9,"",56.3031,0,0,0,0,0,0,0,0,0,0,0,0,0,0,0,0,0,0,0,0,190.835,0,0,-134.532
"MtrElec",2,22,10,"",67.2554,0,0,0,0,0,0,0,0,0,0,0,0,0,0,0,0,0,0,0,0,248.686,0,0,-181.431
"MtrElec",2,22,11,"",107.98,0,0,0,0,0,0,0,0,0,0,0,0,0,0,0,0,0,0,0,0,275.16,0,0,-167.18
"MtrElec",2,22,12,"",109.628,0,0,0,0,0,0,0,0,0,0,0,0,0,0,0,0,0,0,0,0,270.672,0,0,-161.043
"MtrElec",2,22,13,"",94.9182,0,0,0,0,0,0,0,0,0,0,0,0,0,0,0,0,0,0,0,0,287.173,0,0,-192.254
"MtrElec",2,22,14,"",0.0000078,0,0,0,0,0,0,0,0,0,0,0,0,0,0,0,0,0,0,0,0,174.387,0,68.9265,-243.314
"MtrElec",2,22,15,"",101.337,0,0,0,0,0,0,0,0,0,0,0,0,0,0,0,0,0,0,0,0,244.849,0,0,-143.512
"MtrElec",2,22,16,"",216.401,0,0,0,0,0,0,0,0,0,0,0,0,0,0,0,0,0,0,0,0,230.711,0,0,-14.3096
"MtrElec",2,22,17,"",156.908,0,0,0,0,0,0,0,0,0,0,0,0,0,0,0,0,0,0,0,0,174.654,0,0,-17.7461
"MtrElec",2,22,18,"",290.754,0,0,0,0,0,0,0,0,0,0,0,0,0,0,0,0,0,0,0,0,294.133,0,0,-3.37825
"MtrElec",2,22,19,"",279.526,0,0,0,0,0,0,0,0,0,0,0,0,0,0,0,0,0,0,0,0,341.733,0,-62.2062,0
"MtrElec",2,22,20,"",284.631,0,0,0,0,0,0,0,0,0,0,0,0,0,0,0,0,0,0,0,0,284.631,0,0,0
"MtrElec",2,22,21,"",301.345,0,0,0,0,0,0,0,0,0,0,0,0,0,0,0,0,0,0,0,0,301.345,0,0,0
"MtrElec",2,22,22,"",289.549,0,0,0,0,0,0,0,0,0,0,0,0,0,0,0,0,0,0,0,0,289.549,0,0,0
"MtrElec",2,22,23,"",195.834,0,0,0,0,0,0,0,0,0,0,0,0,0,0,0,0,0,0,0,0,195.834,0,0,0
"MtrElec",2,22,24,"",213.714,0,0,0,0,0,0,0,0,0,0,0,0,0,0,0,0,0,0,0,0,213.714,0,0,0
"MtrElec",2,23,1,"",154.91,0,0,0,0,0,0,0,0,0,0,0,0,0,0,0,0,0,0,0,0,154.91,0,0,0
"MtrElec",2,23,2,"",160.59,0,0,0,0,0,0,0,0,0,0,0,0,0,0,0,0,0,0,0,0,160.59,0,0,0
"MtrElec",2,23,3,"",162.223,0,0,0,0,0,0,0,0,0,0,0,0,0,0,0,0,0,0,0,0,162.223,0,0,0
"MtrElec",2,23,4,"",159.64,0,0,0,0,0,0,0,0,0,0,0,0,0,0,0,0,0,0,0,0,159.64,0,0,0
"MtrElec",2,23,5,"",207.772,0,0,0,0,0,0,0,0,0,0,0,0,0,0,0,0,0,0,0,0,207.772,0,0,0
"MtrElec",2,23,6,"",248.31,0,0,0,0,0,0,0,0,0,0,0,0,0,0,0,0,0,0,0,0,248.31,0,0,0
"MtrElec",2,23,7,"",268.877,0,0,0,0,0,0,0,0,0,0,0,0,0,0,0,0,0,0,0,0,275.808,0,0,-6.93143
"MtrElec",2,23,8,"",222.477,0,0,0,0,0,0,0,0,0,0,0,0,0,0,0,0,0,0,0,0,323.685,0,0,-101.209
"MtrElec",2,23,9,"",134.454,0,0,0,0,0,0,0,0,0,0,0,0,0,0,0,0,0,0,0,0,296.556,0,0,-162.102
"MtrElec",2,23,10,"",0.000000,0,0,0,0,0,0,0,0,0,0,0,0,0,0,0,0,0,0,0,0,309.761,0,0.334938,-310.096
"MtrElec",2,23,11,"",1.56878,0,0,0,0,0,0,0,0,0,0,0,0,0,0,0,0,0,0,0,0,316.345,0,0,-314.776
"MtrElec",2,23,12,"",-21.4161,0,0,0,0,0,0,0,0,0,0,0,0,0,0,0,0,0,0,0,0,216.22,0,157.698,-395.334
"MtrElec",2,23,13,"",-18.5408,0,0,0,0,0,0,0,0,0,0,0,0,0,0,0,0,0,0,0,0,252.005,0,157.698,-428.243
"MtrElec",2,23,14,"",0.0000039,0,0,0,0,0,0,0,0,0,0,0,0,0,0,0,0,0,0,0,0,128.365,0,39.9869,-168.352
"MtrElec",2,23,15,"",165.095,0,0,0,0,0,0,0,0,0,0,0,0,0,0,0,0,0,0,0,0,214.99,0,0,-49.8948
"MtrElec",2,23,16,"",112.548,0,0,0,0,0,0,0,0,0,0,0,0,0,0,0,0,0,0,0,0,152.442,0,0,-39.8949
"MtrElec",2,23,17,"",210.231,0,0,0,0,0,0,0,0,0,0,0,0,0,0,0,0,0,0,0,0,221.628,0,0,-11.3971
"MtrElec",2,23,18,"",228.237,0,0,0,0,0,0,0,0,0,0,0,0,0,0,0,0,0,0,0,0,228.237,0,0,0
"MtrElec",2,23,19,"",170.094,0,0,0,0,0,0,0,0,0,0,0,0,0,0,0,0,0,0,0,0,327.792,0,-157.698,0
"MtrElec",2,23,20,"",125.743,0,0,0,0,0,0,0,0,0,0,0,0,0,0,0,0,0,0,0,0,283.441,0,-157.698,0
"MtrElec",2,23,21,"",354.051,0,0,0,0,0,0,0,0,0,0,0,0,0,0,0,0,0,0,0,0,359.691,0,-5.63937,0
"MtrElec",2,23,22,"",214.977,0,0,0,0,0,0,0,0,0,0,0,0,0,0,0,0,0,0,0,0,214.977,0,0,0
"MtrElec",2,23,23,"",247.819,0,0,0,0,0,0,0,0,0,0,0,0,0,0,0,0,0,0,0,0,247.819,0,0,0
"MtrElec",2,23,24,"",151.344,0,0,0,0,0,0,0,0,0,0,0,0,0,0,0,0,0,0,0,0,151.344,0,0,0
"MtrElec",2,24,1,"",120.342,0,0,0,0,0,0,0,0,0,0,0,0,0,0,0,0,0,0,0,0,120.342,0,0,0
"MtrElec",2,24,2,"",129.349,0,0,0,0,0,0,0,0,0,0,0,0,0,0,0,0,0,0,0,0,129.349,0,0,0
"MtrElec",2,24,3,"",169.04,0,0,0,0,0,0,0,0,0,0,0,0,0,0,0,0,0,0,0,0,169.04,0,0,0
"MtrElec",2,24,4,"",125.523,0,0,0,0,0,0,0,0,0,0,0,0,0,0,0,0,0,0,0,0,125.523,0,0,0
"MtrElec",2,24,5,"",135.383,0,0,0,0,0,0,0,0,0,0,0,0,0,0,0,0,0,0,0,0,135.383,0,0,0
"MtrElec",2,24,6,"",124.415,0,0,0,0,0,0,0,0,0,0,0,0,0,0,0,0,0,0,0,0,124.415,0,0,0
"MtrElec",2,24,7,"",245.256,0,0,0,0,0,0,0,0,0,0,0,0,0,0,0,0,0,0,0,0,245.256,0,0,0
"MtrElec",2,24,8,"",256.702,0,0,0,0,0,0,0,0,0,0,0,0,0,0,0,0,0,0,0,0,272.315,0,0,-15.6122
"MtrElec",2,24,9,"",272.4,0,0,0,0,0,0,0,0,0,0,0,0,0,0,0,0,0,0,0,0,300.29,0,0,-27.89
"MtrElec",2,24,10,"",227.105,0,0,0,0,0,0,0,0,0,0,0,0,0,0,0,0,0,0,0,0,299.176,0,0,-72.0714
"MtrElec",2,24,11,"",161.765,0,0,0,0,0,0,0,0,0,0,0,0,0,0,0,0,0,0,0,0,302.871,0,0,-141.107
"MtrElec",2,24,12,"",50.7953,0,0,0,0,0,0,0,0,0,0,0,0,0,0,0,0,0,0,0,0,230.113,0,0,-179.317
"MtrElec",2,24,13,"",81.2142,0,0,0,0,0,0,0,0,0,0,0,0,0,0,0,0,0,0,0,0,275.623,0,0,-194.409
"MtrElec",2,24,14,"",0.0000039,0,0,0,0,0,0,0,0,0,0,0,0,0,0,0,0,0,0,0,0,130.211,0,61.3392,-191.55
"MtrElec",2,24,15,"",78.7518,0,0,0,0,0,0,0,0,0,0,0,0,0,0,0,0,0,0,0,0,188.099,0,0,-109.347
"MtrElec",2,24,16,"",0,0,0,0,0,0,0,0,0,0,0,0,0,0,0,0,0,0,0,0,0,130.185,0,94.9558,-225.141
"MtrElec",2,24,17,"",174.248,0,0,0,0,0,0,0,0,0,0,0,0,0,0,0,0,0,0,0,0,240.355,0,0,-66.1062
"MtrElec",2,24,18,"",256.758,0,0,0,0,0,0,0,0,0,0,0,0,0,0,0,0,0,0,0,0,265.286,0,0,-8.52802
"MtrElec",2,24,19,"",126.917,0,0,0,0,0,0,0,0,0,0,0,0,0,0,0,0,0,0,0,0,267.973,0,-141.056,0
"MtrElec",2,24,20,"",324.497,0,0,0,0,0,0,0,0,0,0,0,0,0,0,0,0,0,0,0,0,324.497,0,0,0
"MtrElec",2,24,21,"",345.24,0,0,0,0,0,0,0,0,0,0,0,0,0,0,0,0,0,0,0,0,345.24,0,0,0
"MtrElec",2,24,22,"",241.079,0,0,0,0,0,0,0,0,0,0,0,0,0,0,0,0,0,0,0,0,241.079,0,0,0
"MtrElec",2,24,23,"",297.241,0,0,0,0,0,0,0,0,0,0,0,0,0,0,0,0,0,0,0,0,297.241,0,0,0
"MtrElec",2,24,24,"",159.93,0,0,0,0,0,0,0,0,0,0,0,0,0,0,0,0,0,0,0,0,159.93,0,0,0
"MtrElec",2,25,1,"",170.135,0,0,0,0,0,0,0,0,0,0,0,0,0,0,0,0,0,0,0,0,170.135,0,0,0
"MtrElec",2,25,2,"",146.455,0,0,0,0,0,0,0,0,0,0,0,0,0,0,0,0,0,0,0,0,146.455,0,0,0
"MtrElec",2,25,3,"",190.272,0,0,0,0,0,0,0,0,0,0,0,0,0,0,0,0,0,0,0,0,190.272,0,0,0
"MtrElec",2,25,4,"",181.449,0,0,0,0,0,0,0,0,0,0,0,0,0,0,0,0,0,0,0,0,181.449,0,0,0
"MtrElec",2,25,5,"",162.316,0,0,0,0,0,0,0,0,0,0,0,0,0,0,0,0,0,0,0,0,162.316,0,0,0
"MtrElec",2,25,6,"",146.662,0,0,0,0,0,0,0,0,0,0,0,0,0,0,0,0,0,0,0,0,146.662,0,0,0
"MtrElec",2,25,7,"",245.411,0,0,0,0,0,0,0,0,0,0,0,0,0,0,0,0,0,0,0,0,257.102,0,0,-11.6911
"MtrElec",2,25,8,"",141.157,0,0,0,0,0,0,0,0,0,0,0,0,0,0,0,0,0,0,0,0,254.146,0,0,-112.989
"MtrElec",2,25,9,"",26.1485,0,0,0,0,0,0,0,0,0,0,0,0,0,0,0,0,0,0,0,0,269.375,0,0,-243.226
"MtrElec",2,25,10,"",0,0,0,0,0,0,0,0,0,0,0,0,0,0,0,0,0,0,0,0,0,231.215,0,118.405,-349.621
"MtrElec",2,25,11,"",0.0000156,0,0,0,0,0,0,0,0,0,0,0,0,0,0,0,0,0,0,0,0,277.856,0,146.201,-424.057
"MtrElec",2,25,12,"",-70.9921,0,0,0,0,0,0,0,0,0,0,0,0,0,0,0,0,0,0,0,0,231.849,0,157.698,-460.539
"MtrElec",2,25,13,"",-139.766,0,0,0,0,0,0,0,0,0,0,0,0,0,0,0,0,0,0,0,0,163.615,0,157.698,-461.079
"MtrElec",2,25,14,"",-244.981,0,0,0,0,0,0,0,0,0,0,0,0,0,0,0,0,0,0,0,0,171.387,0,8.38293,-424.751
"MtrElec",2,25,15,"",-225.491,0,0,0,0,0,0,0,0,0,0,0,0,0,0,0,0,0,0,0,0,132.008,0,0,-357.499
"MtrElec",2,25,16,"",-83.1936,0,0,0,0,0,0,0,0,0,0,0,0,0,0,0,0,0,0,0,0,178.675,0,0,-261.869
"MtrElec",2,25,17,"",66.5352,0,0,0,0,0,0,0,0,0,0,0,0,0,0,0,0,0,0,0,0,201.562,0,0,-135.027
"MtrElec",2,25,18,"",190.613,0,0,0,0,0,0,0,0,0,0,0,0,0,0,0,0,0,0,0,0,210.555,0,0,-19.9423
"MtrElec",2,25,19,"",143.805,0,0,0,0,0,0,0,0,0,0,0,0,0,0,0,0,0,0,0,0,301.503,0,-157.698,0
"MtrElec",2,25,20,"",99.9585,0,0,0,0,0,0,0,0,0,0,0,0,0,0,0,0,0,0,0,0,257.656,0,-157.698,0
"MtrElec",2,25,21,"",157.679,0,0,0,0,0,0,0,0,0,0,0,0,0,0,0,0,0,0,0,0,315.377,0,-157.698,0
"MtrElec",2,25,22,"",217.263,0,0,0,0,0,0,0,0,0,0,0,0,0,0,0,0,0,0,0,0,275.186,0,-57.9237,0
"MtrElec",2,25,23,"",232.71,0,0,0,0,0,0,0,0,0,0,0,0,0,0,0,0,0,0,0,0,232.71,0,0,0
"MtrElec",2,25,24,"",165.406,0,0,0,0,0,0,0,0,0,0,0,0,0,0,0,0,0,0,0,0,165.406,0,0,0
"MtrElec",2,26,1,"",122.58,0,0,0,0,0,0,0,0,0,0,0,0,0,0,0,0,0,0,0,0,122.58,0,0,0
"MtrElec",2,26,2,"",135.191,0,0,0,0,0,0,0,0,0,0,0,0,0,0,0,0,0,0,0,0,135.191,0,0,0
"MtrElec",2,26,3,"",253.791,0,0,0,0,0,0,0,0,0,0,0,0,0,0,0,0,0,0,0,0,253.791,0,0,0
"MtrElec",2,26,4,"",137.447,0,0,0,0,0,0,0,0,0,0,0,0,0,0,0,0,0,0,0,0,137.447,0,0,0
"MtrElec",2,26,5,"",134.456,0,0,0,0,0,0,0,0,0,0,0,0,0,0,0,0,0,0,0,0,134.456,0,0,0
"MtrElec",2,26,6,"",128.737,0,0,0,0,0,0,0,0,0,0,0,0,0,0,0,0,0,0,0,0,128.737,0,0,0
"MtrElec",2,26,7,"",228.561,0,0,0,0,0,0,0,0,0,0,0,0,0,0,0,0,0,0,0,0,233.126,0,0,-4.56448
"MtrElec",2,26,8,"",153.771,0,0,0,0,0,0,0,0,0,0,0,0,0,0,0,0,0,0,0,0,230.227,0,0,-76.4556
"MtrElec",2,26,9,"",25.42,0,0,0,0,0,0,0,0,0,0,0,0,0,0,0,0,0,0,0,0,261.532,0,0,-236.112
"MtrElec",2,26,10,"",0,0,0,0,0,0,0,0,0,0,0,0,0,0,0,0,0,0,0,0,0,257.583,0,95.4979,-353.081
"MtrElec",2,26,11,"",-41.9104,0,0,0,0,0,0,0,0,0,0,0,0,0,0,0,0,0,0,0,0,225.98,0,157.698,-425.589
"MtrElec",2,26,12,"",-136.122,0,0,0,0,0,0,0,0,0,0,0,0,0,0,0,0,0,0,0,0,169.976,0,157.698,-463.796
"MtrElec",2,26,13,"",-76.648,0,0,0,0,0,0,0,0,0,0,0,0,0,0,0,0,0,0,0,0,229.151,0,157.698,-463.497
"MtrElec",2,26,14,"",-257.65,0,0,0,0,0,0,0,0,0,0,0,0,0,0,0,0,0,0,0,0,152.761,0,19.7934,-430.205
"MtrElec",2,26,15,"",-231.258,0,0,0,0,0,0,0,0,0,0,0,0,0,0,0,0,0,0,0,0,131.275,0,0,-362.533
"MtrElec",2,26,16,"",-91.0278,0,0,0,0,0,0,0,0,0,0,0,0,0,0,0,0,0,0,0,0,170.715,0,0,-261.743
"MtrElec",2,26,17,"",24.0625,0,0,0,0,0,0,0,0,0,0,0,0,0,0,0,0,0,0,0,0,157.346,0,0,-133.284
"MtrElec",2,26,18,"",218.709,0,0,0,0,0,0,0,0,0,0,0,0,0,0,0,0,0,0,0,0,237.029,0,0,-18.3201
"MtrElec",2,26,19,"",111.179,0,0,0,0,0,0,0,0,0,0,0,0,0,0,0,0,0,0,0,0,268.877,0,-157.698,0
"MtrElec",2,26,20,"",151.68,0,0,0,0,0,0,0,0,0,0,0,0,0,0,0,0,0,0,0,0,309.378,0,-157.698,0
"MtrElec",2,26,21,"",114.762,0,0,0,0,0,0,0,0,0,0,0,0,0,0,0,0,0,0,0,0,272.46,0,-157.698,0
"MtrElec",2,26,22,"",166.11,0,0,0,0,0,0,0,0,0,0,0,0,0,0,0,0,0,0,0,0,224.033,0,-57.9237,0
"MtrElec",2,26,23,"",249.899,0,0,0,0,0,0,0,0,0,0,0,0,0,0,0,0,0,0,0,0,249.899,0,0,0
"MtrElec",2,26,24,"",149.087,0,0,0,0,0,0,0,0,0,0,0,0,0,0,0,0,0,0,0,0,149.087,0,0,0
"MtrElec",2,27,1,"",124.072,0,0,0,0,0,0,0,0,0,0,0,0,0,0,0,0,0,0,0,0,124.072,0,0,0
"MtrElec",2,27,2,"",122.738,0,0,0,0,0,0,0,0,0,0,0,0,0,0,0,0,0,0,0,0,122.738,0,0,0
"MtrElec",2,27,3,"",219.544,0,0,0,0,0,0,0,0,0,0,0,0,0,0,0,0,0,0,0,0,219.544,0,0,0
"MtrElec",2,27,4,"",128.97,0,0,0,0,0,0,0,0,0,0,0,0,0,0,0,0,0,0,0,0,128.97,0,0,0
"MtrElec",2,27,5,"",128.975,0,0,0,0,0,0,0,0,0,0,0,0,0,0,0,0,0,0,0,0,128.975,0,0,0
"MtrElec",2,27,6,"",128.286,0,0,0,0,0,0,0,0,0,0,0,0,0,0,0,0,0,0,0,0,128.286,0,0,0
"MtrElec",2,27,7,"",233.499,0,0,0,0,0,0,0,0,0,0,0,0,0,0,0,0,0,0,0,0,245.408,0,0,-11.9092
"MtrElec",2,27,8,"",132.493,0,0,0,0,0,0,0,0,0,0,0,0,0,0,0,0,0,0,0,0,247.547,0,0,-115.054
"MtrElec",2,27,9,"",12.1315,0,0,0,0,0,0,0,0,0,0,0,0,0,0,0,0,0,0,0,0,257.812,0,0,-245.68
"MtrElec",2,27,10,"",0.0000078,0,0,0,0,0,0,0,0,0,0,0,0,0,0,0,0,0,0,0,0,225.794,0,121.539,-347.334
"MtrElec",2,27,11,"",-29.8702,0,0,0,0,0,0,0,0,0,0,0,0,0,0,0,0,0,0,0,0,227.822,0,157.698,-415.39
"MtrElec",2,27,12,"",-76.7287,0,0,0,0,0,0,0,0,0,0,0,0,0,0,0,0,0,0,0,0,211.294,0,157.698,-445.721
"MtrElec",2,27,13,"",-47.3935,0,0,0,0,0,0,0,0,0,0,0,0,0,0,0,0,0,0,0,0,250.425,0,151.45,-449.269
"MtrElec",2,27,14,"",-292.189,0,0,0,0,0,0,0,0,0,0,0,0,0,0,0,0,0,0,0,0,125.498,0,0,-417.687
"MtrElec",2,27,15,"",-190.136,0,0,0,0,0,0,0,0,0,0,0,0,0,0,0,0,0,0,0,0,161.022,0,0,-351.158
"MtrElec",2,27,16,"",-96.5437,0,0,0,0,0,0,0,0,0,0,0,0,0,0,0,0,0,0,0,0,161.413,0,0,-257.957
"MtrElec",2,27,17,"",40.313,0,0,0,0,0,0,0,0,0,0,0,0,0,0,0,0,0,0,0,0,173.626,0,0,-133.313
"MtrElec",2,27,18,"",220.08,0,0,0,0,0,0,0,0,0,0,0,0,0,0,0,0,0,0,0,0,239.583,0,0,-19.5038
"MtrElec",2,27,19,"",99.7204,0,0,0,0,0,0,0,0,0,0,0,0,0,0,0,0,0,0,0,0,257.418,0,-157.698,0
"MtrElec",2,27,20,"",126.37,0,0,0,0,0,0,0,0,0,0,0,0,0,0,0,0,0,0,0,0,284.068,0,-157.698,0
"MtrElec",2,27,21,"",131.998,0,0,0,0,0,0,0,0,0,0,0,0,0,0,0,0,0,0,0,0,289.696,0,-157.698,0
"MtrElec",2,27,22,"",136.786,0,0,0,0,0,0,0,0,0,0,0,0,0,0,0,0,0,0,0,0,194.71,0,-57.9237,0
"MtrElec",2,27,23,"",296.347,0,0,0,0,0,0,0,0,0,0,0,0,0,0,0,0,0,0,0,0,296.347,0,0,0
"MtrElec",2,27,24,"",175.784,0,0,0,0,0,0,0,0,0,0,0,0,0,0,0,0,0,0,0,0,175.784,0,0,0
"MtrElec",2,28,1,"",165.899,0,0,0,0,0,0,0,0,0,0,0,0,0,0,0,0,0,0,0,0,165.899,0,0,0
"MtrElec",2,28,2,"",198.636,0,0,0,0,0,0,0,0,0,0,0,0,0,0,0,0,0,0,0,0,198.636,0,0,0
"MtrElec",2,28,3,"",110.847,0,0,0,0,0,0,0,0,0,0,0,0,0,0,0,0,0,0,0,0,110.847,0,0,0
"MtrElec",2,28,4,"",127.292,0,0,0,0,0,0,0,0,0,0,0,0,0,0,0,0,0,0,0,0,127.292,0,0,0
"MtrElec",2,28,5,"",138.126,0,0,0,0,0,0,0,0,0,0,0,0,0,0,0,0,0,0,0,0,138.126,0,0,0
"MtrElec",2,28,6,"",118.042,0,0,0,0,0,0,0,0,0,0,0,0,0,0,0,0,0,0,0,0,118.042,0,0,0
"MtrElec",2,28,7,"",278.824,0,0,0,0,0,0,0,0,0,0,0,0,0,0,0,0,0,0,0,0,294.19,0,0,-15.3658
"MtrElec",2,28,8,"",25.2838,0,0,0,0,0,0,0,0,0,0,0,0,0,0,0,0,0,0,0,0,141.354,0,0,-116.071
"MtrElec",2,28,9,"",4.87717,0,0,0,0,0,0,0,0,0,0,0,0,0,0,0,0,0,0,0,0,250.906,0,0,-246.029
"MtrElec",2,28,10,"",0.0000078,0,0,0,0,0,0,0,0,0,0,0,0,0,0,0,0,0,0,0,0,255.913,0,92.3023,-348.215
"MtrElec",2,28,11,"",0.0000078,0,0,0,0,0,0,0,0,0,0,0,0,0,0,0,0,0,0,0,0,292.907,0,120.467,-413.374
"MtrElec",2,28,12,"",0,0,0,0,0,0,0,0,0,0,0,0,0,0,0,0,0,0,0,0,0,307.209,0,141.28,-448.489
"MtrElec",2,28,13,"",-30.029,0,0,0,0,0,0,0,0,0,0,0,0,0,0,0,0,0,0,0,0,263.937,0,157.698,-451.664
"MtrElec",2,28,14,"",-131.622,0,0,0,0,0,0,0,0,0,0,0,0,0,0,0,0,0,0,0,0,211.815,0,76.6377,-420.075
"MtrElec",2,28,15,"",-182.764,0,0,0,0,0,0,0,0,0,0,0,0,0,0,0,0,0,0,0,0,171.125,0,0,-353.889
"MtrElec",2,28,16,"",-49.1718,0,0,0,0,0,0,0,0,0,0,0,0,0,0,0,0,0,0,0,0,207.364,0,0,-256.536
"MtrElec",2,28,17,"",76.4158,0,0,0,0,0,0,0,0,0,0,0,0,0,0,0,0,0,0,0,0,208.237,0,0,-131.821
"MtrElec",2,28,18,"",197.562,0,0,0,0,0,0,0,0,0,0,0,0,0,0,0,0,0,0,0,0,216.544,0,0,-18.9826
"MtrElec",2,28,19,"",204.76,0,0,0,0,0,0,0,0,0,0,0,0,0,0,0,0,0,0,0,0,362.458,0,-157.698,0
"MtrElec",2,28,20,"",113.471,0,0,0,0,0,0,0,0,0,0,0,0,0,0,0,0,0,0,0,0,271.169,0,-157.698,0
"MtrElec",2,28,21,"",79.8951,0,0,0,0,0,0,0,0,0,0,0,0,0,0,0,0,0,0,0,0,237.593,0,-157.698,0
"MtrElec",2,28,22,"",222.574,0,0,0,0,0,0,0,0,0,0,0,0,0,0,0,0,0,0,0,0,280.498,0,-57.9237,0
"MtrElec",2,28,23,"",185.969,0,0,0,0,0,0,0,0,0,0,0,0,0,0,0,0,0,0,0,0,185.969,0,0,0
"MtrElec",2,28,24,"",205.444,0,0,0,0,0,0,0,0,0,0,0,0,0,0,0,0,0,0,0,0,205.444,0,0,0
"MtrElec",3,1,1,"",139.602,0,0,0,0,0,0,0,0,0,0,0,0,0,0,0,0,0,0,0,0,139.602,0,0,0
"MtrElec",3,1,2,"",108.236,0,0,0,0,0,0,0,0,0,0,0,0,0,0,0,0,0,0,0,0,108.236,0,0,0
"MtrElec",3,1,3,"",98.1966,0,0,0,0,0,0,0,0,0,0,0,0,0,0,0,0,0,0,0,0,98.1966,0,0,0
"MtrElec",3,1,4,"",110.691,0,0,0,0,0,0,0,0,0,0,0,0,0,0,0,0,0,0,0,0,110.691,0,0,0
"MtrElec",3,1,5,"",134.696,0,0,0,0,0,0,0,0,0,0,0,0,0,0,0,0,0,0,0,0,134.696,0,0,0
"MtrElec",3,1,6,"",126.7,0,0,0,0,0,0,0,0,0,0,0,0,0,0,0,0,0,0,0,0,126.7,0,0,0
"MtrElec",3,1,7,"",116.191,0,0,0,0,0,0,0,0,0,0,0,0,0,0,0,0,0,0,0,0,117.776,0,0,-1.58519
"MtrElec",3,1,8,"",135.126,0,0,0,0,0,0,0,0,0,0,0,0,0,0,0,0,0,0,0,0,198.562,0,0,-63.4364
"MtrElec",3,1,9,"",142.755,0,0,0,0,0,0,0,0,0,0,0,0,0,0,0,0,0,0,0,0,219.385,0,0,-76.6303
"MtrElec",3,1,10,"",166.209,0,0,0,0,0,0,0,0,0,0,0,0,0,0,0,0,0,0,0,0,278.946,0,0,-112.738
"MtrElec",3,1,11,"",109.933,0,0,0,0,0,0,0,0,0,0,0,0,0,0,0,0,0,0,0,0,278.379,0,0,-168.446
"MtrElec",3,1,12,"",99.7902,0,0,0,0,0,0,0,0,0,0,0,0,0,0,0,0,0,0,0,0,311.721,0,0,-211.931
"MtrElec",3,1,13,"",204.568,0,0,0,0,0,0,0,0,0,0,0,0,0,0,0,0,0,0,0,0,320.783,0,0,-116.215
"MtrElec",3,1,14,"",6.05744,0,0,0,0,0,0,0,0,0,0,0,0,0,0,0,0,0,0,0,0,226.707,0,0,-220.649
"MtrElec",3,1,15,"",0,0,0,0,0,0,0,0,0,0,0,0,0,0,0,0,0,0,0,0,0,198.006,0,21.3703,-219.376
"MtrElec",3,1,16,"",85.3428,0,0,0,0,0,0,0,0,0,0,0,0,0,0,0,0,0,0,0,0,220.869,0,0,-135.526
"MtrElec",3,1,17,"",156.505,0,0,0,0,0,0,0,0,0,0,0,0,0,0,0,0,0,0,0,0,211.089,0,0,-54.5842
"MtrElec",3,1,18,"",245.313,0,0,0,0,0,0,0,0,0,0,0,0,0,0,0,0,0,0,0,0,245.313,0,0,0
"MtrElec",3,1,19,"",370.516,0,0,0,0,0,0,0,0,0,0,0,0,0,0,0,0,0,0,0,0,389.803,0,-19.2867,0
"MtrElec",3,1,20,"",338.335,0,0,0,0,0,0,0,0,0,0,0,0,0,0,0,0,0,0,0,0,338.335,0,0,0
"MtrElec",3,1,21,"",261.492,0,0,0,0,0,0,0,0,0,0,0,0,0,0,0,0,0,0,0,0,261.492,0,0,0
"MtrElec",3,1,22,"",301.202,0,0,0,0,0,0,0,0,0,0,0,0,0,0,0,0,0,0,0,0,301.202,0,0,0
"MtrElec",3,1,23,"",198.609,0,0,0,0,0,0,0,0,0,0,0,0,0,0,0,0,0,0,0,0,198.609,0,0,0
"MtrElec",3,1,24,"",167.821,0,0,0,0,0,0,0,0,0,0,0,0,0,0,0,0,0,0,0,0,167.821,0,0,0
"MtrElec",3,2,1,"",113.56,0,0,0,0,0,0,0,0,0,0,0,0,0,0,0,0,0,0,0,0,113.56,0,0,0
"MtrElec",3,2,2,"",111.923,0,0,0,0,0,0,0,0,0,0,0,0,0,0,0,0,0,0,0,0,111.923,0,0,0
"MtrElec",3,2,3,"",110.953,0,0,0,0,0,0,0,0,0,0,0,0,0,0,0,0,0,0,0,0,110.953,0,0,0
"MtrElec",3,2,4,"",106.125,0,0,0,0,0,0,0,0,0,0,0,0,0,0,0,0,0,0,0,0,106.125,0,0,0
"MtrElec",3,2,5,"",126.543,0,0,0,0,0,0,0,0,0,0,0,0,0,0,0,0,0,0,0,0,126.543,0,0,0
"MtrElec",3,2,6,"",142.41,0,0,0,0,0,0,0,0,0,0,0,0,0,0,0,0,0,0,0,0,142.41,0,0,0
"MtrElec",3,2,7,"",189.302,0,0,0,0,0,0,0,0,0,0,0,0,0,0,0,0,0,0,0,0,194.519,0,0,-5.21665
"MtrElec",3,2,8,"",194.021,0,0,0,0,0,0,0,0,0,0,0,0,0,0,0,0,0,0,0,0,255.046,0,0,-61.025
"MtrElec",3,2,9,"",155.547,0,0,0,0,0,0,0,0,0,0,0,0,0,0,0,0,0,0,0,0,284.804,0,0,-129.257
"MtrElec",3,2,10,"",34.9707,0,0,0,0,0,0,0,0,0,0,0,0,0,0,0,0,0,0,0,0,250.919,0,0,-215.948
"MtrElec",3,2,11,"",0,0,0,0,0,0,0,0,0,0,0,0,0,0,0,0,0,0,0,0,0,194.928,0,8.19231,-203.12
"MtrElec",3,2,12,"",91.6651,0,0,0,0,0,0,0,0,0,0,0,0,0,0,0,0,0,0,0,0,255.904,0,0,-164.239
"MtrElec",3,2,13,"",0,0,0,0,0,0,0,0,0,0,0,0,0,0,0,0,0,0,0,0,0,139.479,0,109.645,-249.124
"MtrElec",3,2,14,"",9.47753,0,0,0,0,0,0,0,0,0,0,0,0,0,0,0,0,0,0,0,0,161.339,0,0,-151.861
"MtrElec",3,2,15,"",69.6517,0,0,0,0,0,0,0,0,0,0,0,0,0,0,0,0,0,0,0,0,135.255,0,0,-65.6031
"MtrElec",3,2,16,"",128.874,0,0,0,0,0,0,0,0,0,0,0,0,0,0,0,0,0,0,0,0,179.797,0,0,-50.9227
"MtrElec",3,2,17,"",166.656,0,0,0,0,0,0,0,0,0,0,0,0,0,0,0,0,0,0,0,0,192.08,0,0,-25.4238
"MtrElec",3,2,18,"",223.009,0,0,0,0,0,0,0,0,0,0,0,0,0,0,0,0,0,0,0,0,228.655,0,0,-5.64661
"MtrElec",3,2,19,"",199.614,0,0,0,0,0,0,0,0,0,0,0,0,0,0,0,0,0,0,0,0,305.962,0,-106.348,0
"MtrElec",3,2,20,"",250.752,0,0,0,0,0,0,0,0,0,0,0,0,0,0,0,0,0,0,0,0,250.752,0,0,0
"MtrElec",3,2,21,"",318.855,0,0,0,0,0,0,0,0,0,0,0,0,0,0,0,0,0,0,0,0,318.855,0,0,0
"MtrElec",3,2,22,"",195.053,0,0,0,0,0,0,0,0,0,0,0,0,0,0,0,0,0,0,0,0,195.053,0,0,0
"MtrElec",3,2,23,"",207.405,0,0,0,0,0,0,0,0,0,0,0,0,0,0,0,0,0,0,0,0,207.405,0,0,0
"MtrElec",3,2,24,"",206.627,0,0,0,0,0,0,0,0,0,0,0,0,0,0,0,0,0,0,0,0,206.627,0,0,0
"MtrElec",3,3,1,"",155.95,0,0,0,0,0,0,0,0,0,0,0,0,0,0,0,0,0,0,0,0,155.95,0,0,0
"MtrElec",3,3,2,"",111.91,0,0,0,0,0,0,0,0,0,0,0,0,0,0,0,0,0,0,0,0,111.91,0,0,0
"MtrElec",3,3,3,"",94.8292,0,0,0,0,0,0,0,0,0,0,0,0,0,0,0,0,0,0,0,0,94.8292,0,0,0
"MtrElec",3,3,4,"",109.932,0,0,0,0,0,0,0,0,0,0,0,0,0,0,0,0,0,0,0,0,109.932,0,0,0
"MtrElec",3,3,5,"",108.242,0,0,0,0,0,0,0,0,0,0,0,0,0,0,0,0,0,0,0,0,108.242,0,0,0
"MtrElec",3,3,6,"",125.828,0,0,0,0,0,0,0,0,0,0,0,0,0,0,0,0,0,0,0,0,125.828,0,0,0
"MtrElec",3,3,7,"",219.816,0,0,0,0,0,0,0,0,0,0,0,0,0,0,0,0,0,0,0,0,224.335,0,0,-4.51892
"MtrElec",3,3,8,"",165.118,0,0,0,0,0,0,0,0,0,0,0,0,0,0,0,0,0,0,0,0,226.174,0,0,-61.0553
"MtrElec",3,3,9,"",22.1784,0,0,0,0,0,0,0,0,0,0,0,0,0,0,0,0,0,0,0,0,215.103,0,0,-192.925
"MtrElec",3,3,10,"",0.0000039,0,0,0,0,0,0,0,0,0,0,0,0,0,0,0,0,0,0,0,0,245.29,0,41.0869,-286.377
"MtrElec",3,3,11,"",-16.6682,0,0,0,0,0,0,0,0,0,0,0,0,0,0,0,0,0,0,0,0,230.127,0,157.698,-404.493
"MtrElec",3,3,12,"",-91.6652,0,0,0,0,0,0,0,0,0,0,0,0,0,0,0,0,0,0,0,0,192.865,0,157.698,-442.229
"MtrElec",3,3,13,"",-40.3285,0,0,0,0,0,0,0,0,0,0,0,0,0,0,0,0,0,0,0,0,226.133,0,157.698,-424.159
"MtrElec",3,3,14,"",-158.83,0,0,0,0,0,0,0,0,0,0,0,0,0,0,0,0,0,0,0,0,109.086,0,74.2044,-342.121
"MtrElec",3,3,15,"",-105.906,0,0,0,0,0,0,0,0,0,0,0,0,0,0,0,0,0,0,0,0,169.038,0,0,-274.944
"MtrElec",3,3,16,"",-52.0671,0,0,0,0,0,0,0,0,0,0,0,0,0,0,0,0,0,0,0,0,150.294,0,0,-202.361
"MtrElec",3,3,17,"",101.178,0,0,0,0,0,0,0,0,0,0,0,0,0,0,0,0,0,0,0,0,181.202,0,0,-80.0239
"MtrElec",3,3,18,"",210.371,0,0,0,0,0,0,0,0,0,0,0,0,0,0,0,0,0,0,0,0,214.343,0,0,-3.97207
"MtrElec",3,3,19,"",147.275,0,0,0,0,0,0,0,0,0,0,0,0,0,0,0,0,0,0,0,0,304.973,0,-157.698,0
"MtrElec",3,3,20,"",97.3632,0,0,0,0,0,0,0,0,0,0,0,0,0,0,0,0,0,0,0,0,255.061,0,-157.698,0
"MtrElec",3,3,21,"",125.359,0,0,0,0,0,0,0,0,0,0,0,0,0,0,0,0,0,0,0,0,283.057,0,-157.698,0
"MtrElec",3,3,22,"",196.407,0,0,0,0,0,0,0,0,0,0,0,0,0,0,0,0,0,0,0,0,254.331,0,-57.9237,0
"MtrElec",3,3,23,"",240.3,0,0,0,0,0,0,0,0,0,0,0,0,0,0,0,0,0,0,0,0,240.3,0,0,0
"MtrElec",3,3,24,"",141.794,0,0,0,0,0,0,0,0,0,0,0,0,0,0,0,0,0,0,0,0,141.794,0,0,0
"MtrElec",3,4,1,"",143.88,0,0,0,0,0,0,0,0,0,0,0,0,0,0,0,0,0,0,0,0,143.88,0,0,0
"MtrElec",3,4,2,"",111.438,0,0,0,0,0,0,0,0,0,0,0,0,0,0,0,0,0,0,0,0,111.438,0,0,0
"MtrElec",3,4,3,"",138.908,0,0,0,0,0,0,0,0,0,0,0,0,0,0,0,0,0,0,0,0,138.908,0,0,0
"MtrElec",3,4,4,"",108.373,0,0,0,0,0,0,0,0,0,0,0,0,0,0,0,0,0,0,0,0,108.373,0,0,0
"MtrElec",3,4,5,"",107.309,0,0,0,0,0,0,0,0,0,0,0,0,0,0,0,0,0,0,0,0,107.309,0,0,0
"MtrElec",3,4,6,"",103.504,0,0,0,0,0,0,0,0,0,0,0,0,0,0,0,0,0,0,0,0,103.504,0,0,0
"MtrElec",3,4,7,"",208.893,0,0,0,0,0,0,0,0,0,0,0,0,0,0,0,0,0,0,0,0,224.299,0,0,-15.4056
"MtrElec",3,4,8,"",108.433,0,0,0,0,0,0,0,0,0,0,0,0,0,0,0,0,0,0,0,0,231.901,0,0,-123.469
"MtrElec",3,4,9,"",117.882,0,0,0,0,0,0,0,0,0,0,0,0,0,0,0,0,0,0,0,0,253.65,0,0,-135.768
"MtrElec",3,4,10,"",178.394,0,0,0,0,0,0,0,0,0,0,0,0,0,0,0,0,0,0,0,0,263.206,0,0,-84.8126
"MtrElec",3,4,11,"",78.1774,0,0,0,0,0,0,0,0,0,0,0,0,0,0,0,0,0,0,0,0,236.861,0,0,-158.684
"MtrElec",3,4,12,"",0,0,0,0,0,0,0,0,0,0,0,0,0,0,0,0,0,0,0,0,0,188.425,0,103.337,-291.761
"MtrElec",3,4,13,"",0,0,0,0,0,0,0,0,0,0,0,0,0,0,0,0,0,0,0,0,0,240.267,0,43.8047,-284.072
"MtrElec",3,4,14,"",-70.1457,0,0,0,0,0,0,0,0,0,0,0,0,0,0,0,0,0,0,0,0,111.678,0,157.698,-339.522
"MtrElec",3,4,15,"",-11.9006,0,0,0,0,0,0,0,0,0,0,0,0,0,0,0,0,0,0,0,0,182.07,0,157.698,-351.668
"MtrElec",3,4,16,"",0,0,0,0,0,0,0,0,0,0,0,0,0,0,0,0,0,0,0,0,0,142.337,0,113.629,-255.966
"MtrElec",3,4,17,"",81.3706,0,0,0,0,0,0,0,0,0,0,0,0,0,0,0,0,0,0,0,0,214.874,0,0,-133.504
"MtrElec",3,4,18,"",173.812,0,0,0,0,0,0,0,0,0,0,0,0,0,0,0,0,0,0,0,0,195.061,0,0,-21.2496
"MtrElec",3,4,19,"",91.8144,0,0,0,0,0,0,0,0,0,0,0,0,0,0,0,0,0,0,0,0,249.512,0,-157.698,0
"MtrElec",3,4,20,"",131.734,0,0,0,0,0,0,0,0,0,0,0,0,0,0,0,0,0,0,0,0,289.432,0,-157.698,0
"MtrElec",3,4,21,"",143.102,0,0,0,0,0,0,0,0,0,0,0,0,0,0,0,0,0,0,0,0,300.8,0,-157.698,0
"MtrElec",3,4,22,"",155.419,0,0,0,0,0,0,0,0,0,0,0,0,0,0,0,0,0,0,0,0,202.316,0,-46.8964,0
"MtrElec",3,4,23,"",227.406,0,0,0,0,0,0,0,0,0,0,0,0,0,0,0,0,0,0,0,0,227.406,0,0,0
"MtrElec",3,4,24,"",144.9,0,0,0,0,0,0,0,0,0,0,0,0,0,0,0,0,0,0,0,0,144.9,0,0,0
"MtrElec",3,5,1,"",165.789,0,0,0,0,0,0,0,0,0,0,0,0,0,0,0,0,0,0,0,0,165.789,0,0,0
"MtrElec",3,5,2,"",111.579,0,0,0,0,0,0,0,0,0,0,0,0,0,0,0,0,0,0,0,0,111.579,0,0,0
"MtrElec",3,5,3,"",94.2658,0,0,0,0,0,0,0,0,0,0,0,0,0,0,0,0,0,0,0,0,94.2658,0,0,0
"MtrElec",3,5,4,"",108.942,0,0,0,0,0,0,0,0,0,0,0,0,0,0,0,0,0,0,0,0,108.942,0,0,0
"MtrElec",3,5,5,"",106.511,0,0,0,0,0,0,0,0,0,0,0,0,0,0,0,0,0,0,0,0,106.511,0,0,0
"MtrElec",3,5,6,"",152.673,0,0,0,0,0,0,0,0,0,0,0,0,0,0,0,0,0,0,0,0,152.673,0,0,0
"MtrElec",3,5,7,"",129.869,0,0,0,0,0,0,0,0,0,0,0,0,0,0,0,0,0,0,0,0,153.364,0,0,-23.4944
"MtrElec",3,5,8,"",113.371,0,0,0,0,0,0,0,0,0,0,0,0,0,0,0,0,0,0,0,0,236.897,0,0,-123.526
"MtrElec",3,5,9,"",30.5745,0,0,0,0,0,0,0,0,0,0,0,0,0,0,0,0,0,0,0,0,279.144,0,0,-248.57
"MtrElec",3,5,10,"",0,0,0,0,0,0,0,0,0,0,0,0,0,0,0,0,0,0,0,0,0,263.508,0,78.3529,-341.861
"MtrElec",3,5,11,"",-28.1023,0,0,0,0,0,0,0,0,0,0,0,0,0,0,0,0,0,0,0,0,208.456,0,157.698,-394.257
"MtrElec",3,5,12,"",-78.0471,0,0,0,0,0,0,0,0,0,0,0,0,0,0,0,0,0,0,0,0,185.573,0,157.698,-421.318
"MtrElec",3,5,13,"",-72.8761,0,0,0,0,0,0,0,0,0,0,0,0,0,0,0,0,0,0,0,0,199.451,0,157.698,-430.025
"MtrElec",3,5,14,"",-197.168,0,0,0,0,0,0,0,0,0,0,0,0,0,0,0,0,0,0,0,0,172.797,0,36.9383,-406.903
"MtrElec",3,5,15,"",-171.048,0,0,0,0,0,0,0,0,0,0,0,0,0,0,0,0,0,0,0,0,166.981,0,0,-338.029
"MtrElec",3,5,16,"",-90.7601,0,0,0,0,0,0,0,0,0,0,0,0,0,0,0,0,0,0,0,0,153.235,0,0,-243.996
"MtrElec",3,5,17,"",90.5854,0,0,0,0,0,0,0,0,0,0,0,0,0,0,0,0,0,0,0,0,213.085,0,0,-122.499
"MtrElec",3,5,18,"",242.044,0,0,0,0,0,0,0,0,0,0,0,0,0,0,0,0,0,0,0,0,250.126,0,0,-8.0815
"MtrElec",3,5,19,"",156.212,0,0,0,0,0,0,0,0,0,0,0,0,0,0,0,0,0,0,0,0,313.91,0,-157.698,0
"MtrElec",3,5,20,"",85.0335,0,0,0,0,0,0,0,0,0,0,0,0,0,0,0,0,0,0,0,0,242.731,0,-157.698,0
"MtrElec",3,5,21,"",75.8825,0,0,0,0,0,0,0,0,0,0,0,0,0,0,0,0,0,0,0,0,233.58,0,-157.698,0
"MtrElec",3,5,22,"",162.838,0,0,0,0,0,0,0,0,0,0,0,0,0,0,0,0,0,0,0,0,220.761,0,-57.9237,0
"MtrElec",3,5,23,"",259.148,0,0,0,0,0,0,0,0,0,0,0,0,0,0,0,0,0,0,0,0,259.148,0,0,0
"MtrElec",3,5,24,"",169.488,0,0,0,0,0,0,0,0,0,0,0,0,0,0,0,0,0,0,0,0,169.488,0,0,0
"MtrElec",3,6,1,"",121.649,0,0,0,0,0,0,0,0,0,0,0,0,0,0,0,0,0,0,0,0,121.649,0,0,0
"MtrElec",3,6,2,"",108.371,0,0,0,0,0,0,0,0,0,0,0,0,0,0,0,0,0,0,0,0,108.371,0,0,0
"MtrElec",3,6,3,"",142.69,0,0,0,0,0,0,0,0,0,0,0,0,0,0,0,0,0,0,0,0,142.69,0,0,0
"MtrElec",3,6,4,"",109.626,0,0,0,0,0,0,0,0,0,0,0,0,0,0,0,0,0,0,0,0,109.626,0,0,0
"MtrElec",3,6,5,"",108.7,0,0,0,0,0,0,0,0,0,0,0,0,0,0,0,0,0,0,0,0,108.7,0,0,0
"MtrElec",3,6,6,"",104.471,0,0,0,0,0,0,0,0,0,0,0,0,0,0,0,0,0,0,0,0,104.471,0,0,0
"MtrElec",3,6,7,"",203.941,0,0,0,0,0,0,0,0,0,0,0,0,0,0,0,0,0,0,0,0,218.65,0,0,-14.7084
"MtrElec",3,6,8,"",123.08,0,0,0,0,0,0,0,0,0,0,0,0,0,0,0,0,0,0,0,0,235.189,0,0,-112.109
"MtrElec",3,6,9,"",23.2449,0,0,0,0,0,0,0,0,0,0,0,0,0,0,0,0,0,0,0,0,257.584,0,0,-234.339
"MtrElec",3,6,10,"",0,0,0,0,0,0,0,0,0,0,0,0,0,0,0,0,0,0,0,0,0,216.727,0,110.995,-327.722
"MtrElec",3,6,11,"",0.0000156,0,0,0,0,0,0,0,0,0,0,0,0,0,0,0,0,0,0,0,0,230.758,0,144.959,-375.717
"MtrElec",3,6,12,"",-53.4978,0,0,0,0,0,0,0,0,0,0,0,0,0,0,0,0,0,0,0,0,226.698,0,157.698,-437.894
"MtrElec",3,6,13,"",-38.6308,0,0,0,0,0,0,0,0,0,0,0,0,0,0,0,0,0,0,0,0,245.549,0,157.698,-441.878
"MtrElec",3,6,14,"",-262.821,0,0,0,0,0,0,0,0,0,0,0,0,0,0,0,0,0,0,0,0,134.524,0,17.0347,-414.38
"MtrElec",3,6,15,"",-153.422,0,0,0,0,0,0,0,0,0,0,0,0,0,0,0,0,0,0,0,0,169.975,0,0,-323.397
"MtrElec",3,6,16,"",-56.8028,0,0,0,0,0,0,0,0,0,0,0,0,0,0,0,0,0,0,0,0,192.285,0,0,-249.088
"MtrElec",3,6,17,"",84.9646,0,0,0,0,0,0,0,0,0,0,0,0,0,0,0,0,0,0,0,0,211.744,0,0,-126.78
"MtrElec",3,6,18,"",219.112,0,0,0,0,0,0,0,0,0,0,0,0,0,0,0,0,0,0,0,0,239.771,0,0,-20.6594
"MtrElec",3,6,19,"",120.38,0,0,0,0,0,0,0,0,0,0,0,0,0,0,0,0,0,0,0,0,278.078,0,-157.698,0
"MtrElec",3,6,20,"",115.393,0,0,0,0,0,0,0,0,0,0,0,0,0,0,0,0,0,0,0,0,273.091,0,-157.698,0
"MtrElec",3,6,21,"",127.52,0,0,0,0,0,0,0,0,0,0,0,0,0,0,0,0,0,0,0,0,285.218,0,-157.698,0
"MtrElec",3,6,22,"",184.803,0,0,0,0,0,0,0,0,0,0,0,0,0,0,0,0,0,0,0,0,242.727,0,-57.9237,0
"MtrElec",3,6,23,"",229.775,0,0,0,0,0,0,0,0,0,0,0,0,0,0,0,0,0,0,0,0,229.775,0,0,0
"MtrElec",3,6,24,"",142.913,0,0,0,0,0,0,0,0,0,0,0,0,0,0,0,0,0,0,0,0,142.913,0,0,0
"MtrElec",3,7,1,"",140.727,0,0,0,0,0,0,0,0,0,0,0,0,0,0,0,0,0,0,0,0,140.727,0,0,0
"MtrElec",3,7,2,"",107.035,0,0,0,0,0,0,0,0,0,0,0,0,0,0,0,0,0,0,0,0,107.035,0,0,0
"MtrElec",3,7,3,"",105.303,0,0,0,0,0,0,0,0,0,0,0,0,0,0,0,0,0,0,0,0,105.303,0,0,0
"MtrElec",3,7,4,"",103.905,0,0,0,0,0,0,0,0,0,0,0,0,0,0,0,0,0,0,0,0,103.905,0,0,0
"MtrElec",3,7,5,"",94.7817,0,0,0,0,0,0,0,0,0,0,0,0,0,0,0,0,0,0,0,0,94.7817,0,0,0
"MtrElec",3,7,6,"",147.395,0,0,0,0,0,0,0,0,0,0,0,0,0,0,0,0,0,0,0,0,147.395,0,0,0
"MtrElec",3,7,7,"",77.3588,0,0,0,0,0,0,0,0,0,0,0,0,0,0,0,0,0,0,0,0,100.905,0,0,-23.5461
"MtrElec",3,7,8,"",70.8882,0,0,0,0,0,0,0,0,0,0,0,0,0,0,0,0,0,0,0,0,196.898,0,0,-126.01
"MtrElec",3,7,9,"",0,0,0,0,0,0,0,0,0,0,0,0,0,0,0,0,0,0,0,0,0,182.999,0,72.4454,-255.445
"MtrElec",3,7,10,"",0.0000078,0,0,0,0,0,0,0,0,0,0,0,0,0,0,0,0,0,0,0,0,265.901,0,93.6728,-359.574
"MtrElec",3,7,11,"",0.0000078,0,0,0,0,0,0,0,0,0,0,0,0,0,0,0,0,0,0,0,0,308.538,0,125.594,-434.132
"MtrElec",3,7,12,"",0.0000078,0,0,0,0,0,0,0,0,0,0,0,0,0,0,0,0,0,0,0,0,283.824,0,128.425,-412.249
"MtrElec",3,7,13,"",0.0000078,0,0,0,0,0,0,0,0,0,0,0,0,0,0,0,0,0,0,0,0,242.916,0,94.8373,-337.754
"MtrElec",3,7,14,"",0.0000039,0,0,0,0,0,0,0,0,0,0,0,0,0,0,0,0,0,0,0,0,278.716,0,35.5252,-314.241
"MtrElec",3,7,15,"",-25.687,0,0,0,0,0,0,0,0,0,0,0,0,0,0,0,0,0,0,0,0,228.078,0,37.8851,-291.651
"MtrElec",3,7,16,"",-23.7234,0,0,0,0,0,0,0,0,0,0,0,0,0,0,0,0,0,0,0,0,225.276,0,0,-248.999
"MtrElec",3,7,17,"",132.807,0,0,0,0,0,0,0,0,0,0,0,0,0,0,0,0,0,0,0,0,226.61,0,0,-93.8037
"MtrElec",3,7,18,"",203.174,0,0,0,0,0,0,0,0,0,0,0,0,0,0,0,0,0,0,0,0,220.997,0,0,-17.8236
"MtrElec",3,7,19,"",153.946,0,0,0,0,0,0,0,0,0,0,0,0,0,0,0,0,0,0,0,0,311.644,0,-157.698,0
"MtrElec",3,7,20,"",148.988,0,0,0,0,0,0,0,0,0,0,0,0,0,0,0,0,0,0,0,0,306.686,0,-157.698,0
"MtrElec",3,7,21,"",110.883,0,0,0,0,0,0,0,0,0,0,0,0,0,0,0,0,0,0,0,0,268.581,0,-157.698,0
"MtrElec",3,7,22,"",227.685,0,0,0,0,0,0,0,0,0,0,0,0,0,0,0,0,0,0,0,0,285.609,0,-57.9237,0
"MtrElec",3,7,23,"",219.66,0,0,0,0,0,0,0,0,0,0,0,0,0,0,0,0,0,0,0,0,219.66,0,0,0
"MtrElec",3,7,24,"",152.381,0,0,0,0,0,0,0,0,0,0,0,0,0,0,0,0,0,0,0,0,152.381,0,0,0
"MtrElec",3,8,1,"",132.426,0,0,0,0,0,0,0,0,0,0,0,0,0,0,0,0,0,0,0,0,132.426,0,0,0
"MtrElec",3,8,2,"",104.022,0,0,0,0,0,0,0,0,0,0,0,0,0,0,0,0,0,0,0,0,104.022,0,0,0
"MtrElec",3,8,4,"",89.3506,0,0,0,0,0,0,0,0,0,0,0,0,0,0,0,0,0,0,0,0,89.3506,0,0,0
"MtrElec",3,8,5,"",118.43,0,0,0,0,0,0,0,0,0,0,0,0,0,0,0,0,0,0,0,0,118.43,0,0,0
"MtrElec",3,8,6,"",121.709,0,0,0,0,0,0,0,0,0,0,0,0,0,0,0,0,0,0,0,0,121.709,0,0,0
"MtrElec",3,8,7,"",103.079,0,0,0,0,0,0,0,0,0,0,0,0,0,0,0,0,0,0,0,0,103.079,0,0,0
"MtrElec",3,8,8,"",178.334,0,0,0,0,0,0,0,0,0,0,0,0,0,0,0,0,0,0,0,0,206.936,0,0,-28.6024
"MtrElec",3,8,9,"",111.671,0,0,0,0,0,0,0,0,0,0,0,0,0,0,0,0,0,0,0,0,247.246,0,0,-135.575
"MtrElec",3,8,10,"",0,0,0,0,0,0,0,0,0,0,0,0,0,0,0,0,0,0,0,0,0,249.451,0,16.7118,-266.163
"MtrElec",3,8,11,"",0.0000078,0,0,0,0,0,0,0,0,0,0,0,0,0,0,0,0,0,0,0,0,295.911,0,73.1677,-369.078
"MtrElec",3,8,12,"",-22.013,0,0,0,0,0,0,0,0,0,0,0,0,0,0,0,0,0,0,0,0,259.817,0,157.698,-439.528
"MtrElec",3,8,13,"",-62.8296,0,0,0,0,0,0,0,0,0,0,0,0,0,0,0,0,0,0,0,0,244.049,0,157.698,-464.577
"MtrElec",3,8,14,"",-39.8574,0,0,0,0,0,0,0,0,0,0,0,0,0,0,0,0,0,0,0,0,251.777,0,157.698,-449.332
"MtrElec",3,8,15,"",-125.673,0,0,0,0,0,0,0,0,0,0,0,0,0,0,0,0,0,0,0,0,268.594,0,25.4117,-419.678
"MtrElec",3,8,16,"",-135.324,0,0,0,0,0,0,0,0,0,0,0,0,0,0,0,0,0,0,0,0,227.162,0,0,-362.485
"MtrElec",3,8,17,"",-14.2307,0,0,0,0,0,0,0,0,0,0,0,0,0,0,0,0,0,0,0,0,253.734,0,0,-267.965
"MtrElec",3,8,18,"",155.698,0,0,0,0,0,0,0,0,0,0,0,0,0,0,0,0,0,0,0,0,297.862,0,0,-142.164
"MtrElec",3,8,19,"",148.493,0,0,0,0,0,0,0,0,0,0,0,0,0,0,0,0,0,0,0,0,331.163,0,-157.698,-24.9716
"MtrElec",3,8,20,"",131.971,0,0,0,0,0,0,0,0,0,0,0,0,0,0,0,0,0,0,0,0,289.669,0,-157.698,0
"MtrElec",3,8,21,"",95.2968,0,0,0,0,0,0,0,0,0,0,0,0,0,0,0,0,0,0,0,0,252.995,0,-157.698,0
"MtrElec",3,8,22,"",200.753,0,0,0,0,0,0,0,0,0,0,0,0,0,0,0,0,0,0,0,0,258.676,0,-57.9237,0
"MtrElec",3,8,23,"",198.367,0,0,0,0,0,0,0,0,0,0,0,0,0,0,0,0,0,0,0,0,198.367,0,0,0
"MtrElec",3,8,24,"",157.253,0,0,0,0,0,0,0,0,0,0,0,0,0,0,0,0,0,0,0,0,157.253,0,0,0
"MtrElec",3,9,1,"",103.404,0,0,0,0,0,0,0,0,0,0,0,0,0,0,0,0,0,0,0,0,103.404,0,0,0
"MtrElec",3,9,2,"",98.4269,0,0,0,0,0,0,0,0,0,0,0,0,0,0,0,0,0,0,0,0,98.4269,0,0,0
"MtrElec",3,9,3,"",108.538,0,0,0,0,0,0,0,0,0,0,0,0,0,0,0,0,0,0,0,0,108.538,0,0,0
"MtrElec",3,9,4,"",147.824,0,0,0,0,0,0,0,0,0,0,0,0,0,0,0,0,0,0,0,0,147.824,0,0,0
"MtrElec",3,9,5,"",101.148,0,0,0,0,0,0,0,0,0,0,0,0,0,0,0,0,0,0,0,0,101.148,0,0,0
"MtrElec",3,9,6,"",106.656,0,0,0,0,0,0,0,0,0,0,0,0,0,0,0,0,0,0,0,0,106.656,0,0,0
"MtrElec",3,9,7,"",197.66,0,0,0,0,0,0,0,0,0,0,0,0,0,0,0,0,0,0,0,0,197.66,0,0,0
"MtrElec",3,9,8,"",183.148,0,0,0,0,0,0,0,0,0,0,0,0,0,0,0,0,0,0,0,0,211.941,0,0,-28.7937
"MtrElec",3,9,9,"",130.902,0,0,0,0,0,0,0,0,0,0,0,0,0,0,0,0,0,0,0,0,266.671,0,0,-135.769
"MtrElec",3,9,10,"",0,0,0,0,0,0,0,0,0,0,0,0,0,0,0,0,0,0,0,0,0,215.536,0,46.192,-261.728
"MtrElec",3,9,11,"",0.0000078,0,0,0,0,0,0,0,0,0,0,0,0,0,0,0,0,0,0,0,0,233.998,0,122.1,-356.098
"MtrElec",3,9,12,"",-51.1527,0,0,0,0,0,0,0,0,0,0,0,0,0,0,0,0,0,0,0,0,213.837,0,157.698,-422.688
"MtrElec",3,9,13,"",-70.5327,0,0,0,0,0,0,0,0,0,0,0,0,0,0,0,0,0,0,0,0,231.426,0,157.698,-459.657
"MtrElec",3,9,14,"",-181.323,0,0,0,0,0,0,0,0,0,0,0,0,0,0,0,0,0,0,0,0,165.77,0,104.697,-451.79
"MtrElec",3,9,15,"",-199.477,0,0,0,0,0,0,0,0,0,0,0,0,0,0,0,0,0,0,0,0,203.094,0,0,-402.571
"MtrElec",3,9,16,"",-128.726,0,0,0,0,0,0,0,0,0,0,0,0,0,0,0,0,0,0,0,0,214.327,0,0,-343.053
"MtrElec",3,9,17,"",-51.606,0,0,0,0,0,0,0,0,0,0,0,0,0,0,0,0,0,0,0,0,208.12,0,0,-259.726
"MtrElec",3,9,18,"",146.917,0,0,0,0,0,0,0,0,0,0,0,0,0,0,0,0,0,0,0,0,288.869,0,0,-141.952
"MtrElec",3,9,19,"",116.343,0,0,0,0,0,0,0,0,0,0,0,0,0,0,0,0,0,0,0,0,299.225,0,-157.698,-25.1843
"MtrElec",3,9,20,"",142.42,0,0,0,0,0,0,0,0,0,0,0,0,0,0,0,0,0,0,0,0,300.118,0,-157.698,0
"MtrElec",3,9,21,"",87.3663,0,0,0,0,0,0,0,0,0,0,0,0,0,0,0,0,0,0,0,0,245.064,0,-157.698,0
"MtrElec",3,9,22,"",163.646,0,0,0,0,0,0,0,0,0,0,0,0,0,0,0,0,0,0,0,0,221.569,0,-57.9237,0
"MtrElec",3,9,23,"",213.795,0,0,0,0,0,0,0,0,0,0,0,0,0,0,0,0,0,0,0,0,213.795,0,0,0
"MtrElec",3,9,24,"",161.396,0,0,0,0,0,0,0,0,0,0,0,0,0,0,0,0,0,0,0,0,161.396,0,0,0
"MtrElec",3,10,1,"",180.21,0,0,0,0,0,0,0,0,0,0,0,0,0,0,0,0,0,0,0,0,180.21,0,0,0
"MtrElec",3,10,2,"",106.063,0,0,0,0,0,0,0,0,0,0,0,0,0,0,0,0,0,0,0,0,106.063,0,0,0
"MtrElec",3,10,3,"",87.4214,0,0,0,0,0,0,0,0,0,0,0,0,0,0,0,0,0,0,0,0,87.4214,0,0,0
"MtrElec",3,10,4,"",101.546,0,0,0,0,0,0,0,0,0,0,0,0,0,0,0,0,0,0,0,0,101.546,0,0,0
"MtrElec",3,10,5,"",99.6662,0,0,0,0,0,0,0,0,0,0,0,0,0,0,0,0,0,0,0,0,99.6662,0,0,0
"MtrElec",3,10,6,"",102.192,0,0,0,0,0,0,0,0,0,0,0,0,0,0,0,0,0,0,0,0,102.192,0,0,0
"MtrElec",3,10,7,"",219.401,0,0,0,0,0,0,0,0,0,0,0,0,0,0,0,0,0,0,0,0,219.401,0,0,0
"MtrElec",3,10,8,"",217.066,0,0,0,0,0,0,0,0,0,0,0,0,0,0,0,0,0,0,0,0,246.623,0,0,-29.5566
"MtrElec",3,10,9,"",129.707,0,0,0,0,0,0,0,0,0,0,0,0,0,0,0,0,0,0,0,0,267.198,0,0,-137.491
"MtrElec",3,10,10,"",0,0,0,0,0,0,0,0,0,0,0,0,0,0,0,0,0,0,0,0,0,203.703,0,56.8364,-260.54
"MtrElec",3,10,11,"",0,0,0,0,0,0,0,0,0,0,0,0,0,0,0,0,0,0,0,0,0,225.643,0,121.368,-347.012
"MtrElec",3,10,12,"",-10.2569,0,0,0,0,0,0,0,0,0,0,0,0,0,0,0,0,0,0,0,0,245.757,0,157.698,-413.711
"MtrElec",3,10,13,"",-52.9245,0,0,0,0,0,0,0,0,0,0,0,0,0,0,0,0,0,0,0,0,242.273,0,157.698,-452.896
"MtrElec",3,10,14,"",-214.942,0,0,0,0,0,0,0,0,0,0,0,0,0,0,0,0,0,0,0,0,143.921,0,94.7848,-453.647
"MtrElec",3,10,15,"",-227.764,0,0,0,0,0,0,0,0,0,0,0,0,0,0,0,0,0,0,0,0,196.093,0,0,-423.858
"MtrElec",3,10,16,"",-166.378,0,0,0,0,0,0,0,0,0,0,0,0,0,0,0,0,0,0,0,0,194.589,0,0,-360.967
"MtrElec",3,10,17,"",-61.6028,0,0,0,0,0,0,0,0,0,0,0,0,0,0,0,0,0,0,0,0,203.341,0,0,-264.944
"MtrElec",3,10,18,"",127.4,0,0,0,0,0,0,0,0,0,0,0,0,0,0,0,0,0,0,0,0,266.829,0,0,-139.428
"MtrElec",3,10,19,"",114.979,0,0,0,0,0,0,0,0,0,0,0,0,0,0,0,0,0,0,0,0,296.423,0,-157.698,-23.7459
"MtrElec",3,10,20,"",136.473,0,0,0,0,0,0,0,0,0,0,0,0,0,0,0,0,0,0,0,0,294.17,0,-157.698,0
"MtrElec",3,10,21,"",150.455,0,0,0,0,0,0,0,0,0,0,0,0,0,0,0,0,0,0,0,0,308.153,0,-157.698,0
"MtrElec",3,10,22,"",173.024,0,0,0,0,0,0,0,0,0,0,0,0,0,0,0,0,0,0,0,0,230.948,0,-57.9237,0
"MtrElec",3,10,23,"",228.422,0,0,0,0,0,0,0,0,0,0,0,0,0,0,0,0,0,0,0,0,228.422,0,0,0
"MtrElec",3,10,24,"",132.766,0,0,0,0,0,0,0,0,0,0,0,0,0,0,0,0,0,0,0,0,132.766,0,0,0
"MtrElec",3,11,1,"",106.779,0,0,0,0,0,0,0,0,0,0,0,0,0,0,0,0,0,0,0,0,106.779,0,0,0
"MtrElec",3,11,2,"",105.469,0,0,0,0,0,0,0,0,0,0,0,0,0,0,0,0,0,0,0,0,105.469,0,0,0
"MtrElec",3,11,3,"",141.327,0,0,0,0,0,0,0,0,0,0,0,0,0,0,0,0,0,0,0,0,141.327,0,0,0
"MtrElec",3,11,4,"",94.8674,0,0,0,0,0,0,0,0,0,0,0,0,0,0,0,0,0,0,0,0,94.8674,0,0,0
"MtrElec",3,11,5,"",100.257,0,0,0,0,0,0,0,0,0,0,0,0,0,0,0,0,0,0,0,0,100.257,0,0,0
"MtrElec",3,11,6,"",101.744,0,0,0,0,0,0,0,0,0,0,0,0,0,0,0,0,0,0,0,0,101.744,0,0,0
"MtrElec",3,11,7,"",229.346,0,0,0,0,0,0,0,0,0,0,0,0,0,0,0,0,0,0,0,0,229.346,0,0,0
"MtrElec",3,11,8,"",227.329,0,0,0,0,0,0,0,0,0,0,0,0,0,0,0,0,0,0,0,0,237.709,0,0,-10.3805
"MtrElec",3,11,9,"",168.182,0,0,0,0,0,0,0,0,0,0,0,0,0,0,0,0,0,0,0,0,273.363,0,0,-105.181
"MtrElec",3,11,10,"",0.0000010,0,0,0,0,0,0,0,0,0,0,0,0,0,0,0,0,0,0,0,0,216.667,0,8.88142,-225.549
"MtrElec",3,11,11,"",0,0,0,0,0,0,0,0,0,0,0,0,0,0,0,0,0,0,0,0,0,202.668,0,63.3377,-266.006
"MtrElec",3,11,12,"",0.0000078,0,0,0,0,0,0,0,0,0,0,0,0,0,0,0,0,0,0,0,0,221.467,0,120.716,-342.183
"MtrElec",3,11,13,"",-9.76642,0,0,0,0,0,0,0,0,0,0,0,0,0,0,0,0,0,0,0,0,204.04,0,157.698,-371.505
"MtrElec",3,11,14,"",-9.71562,0,0,0,0,0,0,0,0,0,0,0,0,0,0,0,0,0,0,0,0,169.024,0,157.698,-336.438
"MtrElec",3,11,15,"",-83.9669,0,0,0,0,0,0,0,0,0,0,0,0,0,0,0,0,0,0,0,0,135.348,0,80.0541,-299.369
"MtrElec",3,11,16,"",-79.7125,0,0,0,0,0,0,0,0,0,0,0,0,0,0,0,0,0,0,0,0,168.473,0,0,-248.186
"MtrElec",3,11,17,"",-27.2761,0,0,0,0,0,0,0,0,0,0,0,0,0,0,0,0,0,0,0,0,180.092,0,0,-207.368
"MtrElec",3,11,18,"",134.958,0,0,0,0,0,0,0,0,0,0,0,0,0,0,0,0,0,0,0,0,259.064,0,0,-124.106
"MtrElec",3,11,19,"",154.562,0,0,0,0,0,0,0,0,0,0,0,0,0,0,0,0,0,0,0,0,333.683,0,-157.698,-21.4235
"MtrElec",3,11,20,"",108.027,0,0,0,0,0,0,0,0,0,0,0,0,0,0,0,0,0,0,0,0,265.725,0,-157.698,0
"MtrElec",3,11,21,"",84.9891,0,0,0,0,0,0,0,0,0,0,0,0,0,0,0,0,0,0,0,0,242.687,0,-157.698,0
"MtrElec",3,11,22,"",166.687,0,0,0,0,0,0,0,0,0,0,0,0,0,0,0,0,0,0,0,0,224.611,0,-57.9237,0
"MtrElec",3,11,23,"",198.765,0,0,0,0,0,0,0,0,0,0,0,0,0,0,0,0,0,0,0,0,198.765,0,0,0
"MtrElec",3,11,24,"",171.201,0,0,0,0,0,0,0,0,0,0,0,0,0,0,0,0,0,0,0,0,171.201,0,0,0
"MtrElec",3,12,1,"",121.162,0,0,0,0,0,0,0,0,0,0,0,0,0,0,0,0,0,0,0,0,121.162,0,0,0
"MtrElec",3,12,2,"",104.635,0,0,0,0,0,0,0,0,0,0,0,0,0,0,0,0,0,0,0,0,104.635,0,0,0
"MtrElec",3,12,3,"",90.3108,0,0,0,0,0,0,0,0,0,0,0,0,0,0,0,0,0,0,0,0,90.3108,0,0,0
"MtrElec",3,12,4,"",98.0854,0,0,0,0,0,0,0,0,0,0,0,0,0,0,0,0,0,0,0,0,98.0854,0,0,0
"MtrElec",3,12,5,"",99.9614,0,0,0,0,0,0,0,0,0,0,0,0,0,0,0,0,0,0,0,0,99.9614,0,0,0
"MtrElec",3,12,6,"",142.59,0,0,0,0,0,0,0,0,0,0,0,0,0,0,0,0,0,0,0,0,142.59,0,0,0
"MtrElec",3,12,7,"",175.27,0,0,0,0,0,0,0,0,0,0,0,0,0,0,0,0,0,0,0,0,175.27,0,0,0
"MtrElec",3,12,8,"",190.304,0,0,0,0,0,0,0,0,0,0,0,0,0,0,0,0,0,0,0,0,222.278,0,0,-31.9743
"MtrElec",3,12,9,"",61.5943,0,0,0,0,0,0,0,0,0,0,0,0,0,0,0,0,0,0,0,0,199.158,0,0,-137.564
"MtrElec",3,12,10,"",0,0,0,0,0,0,0,0,0,0,0,0,0,0,0,0,0,0,0,0,0,241.092,0,24.5236,-265.616
"MtrElec",3,12,11,"",0,0,0,0,0,0,0,0,0,0,0,0,0,0,0,0,0,0,0,0,0,232.369,0,135.84,-368.208
"MtrElec",3,12,12,"",-96.3326,0,0,0,0,0,0,0,0,0,0,0,0,0,0,0,0,0,0,0,0,185.321,0,157.698,-439.351
"MtrElec",3,12,13,"",-160.183,0,0,0,0,0,0,0,0,0,0,0,0,0,0,0,0,0,0,0,0,156.585,0,157.698,-474.466
"MtrElec",3,12,14,"",-187.748,0,0,0,0,0,0,0,0,0,0,0,0,0,0,0,0,0,0,0,0,170.937,0,112.626,-471.311
"MtrElec",3,12,15,"",-282.114,0,0,0,0,0,0,0,0,0,0,0,0,0,0,0,0,0,0,0,0,153.159,0,0,-435.273
"MtrElec",3,12,16,"",-168.626,0,0,0,0,0,0,0,0,0,0,0,0,0,0,0,0,0,0,0,0,196.95,0,0,-365.576
"MtrElec",3,12,17,"",-28.5323,0,0,0,0,0,0,0,0,0,0,0,0,0,0,0,0,0,0,0,0,237.131,0,0,-265.664
"MtrElec",3,12,18,"",75.2638,0,0,0,0,0,0,0,0,0,0,0,0,0,0,0,0,0,0,0,0,216.478,0,0,-141.214
"MtrElec",3,12,19,"",117.981,0,0,0,0,0,0,0,0,0,0,0,0,0,0,0,0,0,0,0,0,300.151,0,-157.698,-24.4715
"MtrElec",3,12,20,"",141.634,0,0,0,0,0,0,0,0,0,0,0,0,0,0,0,0,0,0,0,0,299.332,0,-157.698,0
"MtrElec",3,12,21,"",134.714,0,0,0,0,0,0,0,0,0,0,0,0,0,0,0,0,0,0,0,0,292.412,0,-157.698,0
"MtrElec",3,12,22,"",149.559,0,0,0,0,0,0,0,0,0,0,0,0,0,0,0,0,0,0,0,0,207.482,0,-57.9237,0
"MtrElec",3,12,23,"",174.269,0,0,0,0,0,0,0,0,0,0,0,0,0,0,0,0,0,0,0,0,174.269,0,0,0
"MtrElec",3,12,24,"",182.803,0,0,0,0,0,0,0,0,0,0,0,0,0,0,0,0,0,0,0,0,182.803,0,0,0
"MtrElec",3,13,1,"",123.604,0,0,0,0,0,0,0,0,0,0,0,0,0,0,0,0,0,0,0,0,123.604,0,0,0
"MtrElec",3,13,2,"",104.311,0,0,0,0,0,0,0,0,0,0,0,0,0,0,0,0,0,0,0,0,104.311,0,0,0
"MtrElec",3,13,3,"",86.3326,0,0,0,0,0,0,0,0,0,0,0,0,0,0,0,0,0,0,0,0,86.3326,0,0,0
"MtrElec",3,13,4,"",101.247,0,0,0,0,0,0,0,0,0,0,0,0,0,0,0,0,0,0,0,0,101.247,0,0,0
"MtrElec",3,13,5,"",99.4864,0,0,0,0,0,0,0,0,0,0,0,0,0,0,0,0,0,0,0,0,99.4864,0,0,0
"MtrElec",3,13,6,"",107.314,0,0,0,0,0,0,0,0,0,0,0,0,0,0,0,0,0,0,0,0,107.314,0,0,0
"MtrElec",3,13,7,"",199.659,0,0,0,0,0,0,0,0,0,0,0,0,0,0,0,0,0,0,0,0,199.659,0,0,0
"MtrElec",3,13,8,"",197.868,0,0,0,0,0,0,0,0,0,0,0,0,0,0,0,0,0,0,0,0,197.868,0,0,0
"MtrElec",3,13,9,"",144.6,0,0,0,0,0,0,0,0,0,0,0,0,0,0,0,0,0,0,0,0,239.365,0,0,-94.7644
"MtrElec",3,13,10,"",16.1952,0,0,0,0,0,0,0,0,0,0,0,0,0,0,0,0,0,0,0,0,172.794,0,0,-156.599
"MtrElec",3,13,11,"",28.653,0,0,0,0,0,0,0,0,0,0,0,0,0,0,0,0,0,0,0,0,243.596,0,0,-214.943
"MtrElec",3,13,12,"",-0.361734,0,0,0,0,0,0,0,0,0,0,0,0,0,0,0,0,0,0,0,0,206.547,0,157.698,-364.606
"MtrElec",3,13,13,"",-122.579,0,0,0,0,0,0,0,0,0,0,0,0,0,0,0,0,0,0,0,0,162.635,0,157.698,-442.912
"MtrElec",3,13,14,"",-150.832,0,0,0,0,0,0,0,0,0,0,0,0,0,0,0,0,0,0,0,0,154.935,0,157.698,-463.466
"MtrElec",3,13,15,"",-146.544,0,0,0,0,0,0,0,0,0,0,0,0,0,0,0,0,0,0,0,0,166.506,0,115.291,-428.341
"MtrElec",3,13,16,"",-219.756,0,0,0,0,0,0,0,0,0,0,0,0,0,0,0,0,0,0,0,0,146.057,0,0,-365.813
"MtrElec",3,13,17,"",-44.058,0,0,0,0,0,0,0,0,0,0,0,0,0,0,0,0,0,0,0,0,224.469,0,0,-268.527
"MtrElec",3,13,18,"",78.3851,0,0,0,0,0,0,0,0,0,0,0,0,0,0,0,0,0,0,0,0,220.974,0,0,-142.589
"MtrElec",3,13,19,"",64.6942,0,0,0,0,0,0,0,0,0,0,0,0,0,0,0,0,0,0,0,0,247.732,0,-157.698,-25.3402
"MtrElec",3,13,20,"",126.011,0,0,0,0,0,0,0,0,0,0,0,0,0,0,0,0,0,0,0,0,283.709,0,-157.698,0
"MtrElec",3,13,21,"",112.996,0,0,0,0,0,0,0,0,0,0,0,0,0,0,0,0,0,0,0,0,270.694,0,-157.698,0
"MtrElec",3,13,22,"",186.003,0,0,0,0,0,0,0,0,0,0,0,0,0,0,0,0,0,0,0,0,243.926,0,-57.9237,0
"MtrElec",3,13,23,"",206.976,0,0,0,0,0,0,0,0,0,0,0,0,0,0,0,0,0,0,0,0,206.976,0,0,0
"MtrElec",3,13,24,"",191.103,0,0,0,0,0,0,0,0,0,0,0,0,0,0,0,0,0,0,0,0,191.103,0,0,0
"MtrElec",3,14,1,"",121.632,0,0,0,0,0,0,0,0,0,0,0,0,0,0,0,0,0,0,0,0,121.632,0,0,0
"MtrElec",3,14,2,"",103.236,0,0,0,0,0,0,0,0,0,0,0,0,0,0,0,0,0,0,0,0,103.236,0,0,0
"MtrElec",3,14,3,"",88.8306,0,0,0,0,0,0,0,0,0,0,0,0,0,0,0,0,0,0,0,0,88.8306,0,0,0
"MtrElec",3,14,4,"",104.344,0,0,0,0,0,0,0,0,0,0,0,0,0,0,0,0,0,0,0,0,104.344,0,0,0
"MtrElec",3,14,5,"",116.433,0,0,0,0,0,0,0,0,0,0,0,0,0,0,0,0,0,0,0,0,116.433,0,0,0
"MtrElec",3,14,6,"",136.847,0,0,0,0,0,0,0,0,0,0,0,0,0,0,0,0,0,0,0,0,136.847,0,0,0
"MtrElec",3,14,7,"",112.701,0,0,0,0,0,0,0,0,0,0,0,0,0,0,0,0,0,0,0,0,112.701,0,0,0
"MtrElec",3,14,8,"",187.111,0,0,0,0,0,0,0,0,0,0,0,0,0,0,0,0,0,0,0,0,221.716,0,0,-34.6055
"MtrElec",3,14,9,"",66.3464,0,0,0,0,0,0,0,0,0,0,0,0,0,0,0,0,0,0,0,0,208.507,0,0,-142.161
"MtrElec",3,14,10,"",0,0,0,0,0,0,0,0,0,0,0,0,0,0,0,0,0,0,0,0,0,269.535,0,0.16225,-269.697
"MtrElec",3,14,11,"",0.0000078,0,0,0,0,0,0,0,0,0,0,0,0,0,0,0,0,0,0,0,0,273.202,0,97.2421,-370.444
"MtrElec",3,14,12,"",-14.4433,0,0,0,0,0,0,0,0,0,0,0,0,0,0,0,0,0,0,0,0,263.227,0,157.698,-435.368
"MtrElec",3,14,13,"",-0.461313,0,0,0,0,0,0,0,0,0,0,0,0,0,0,0,0,0,0,0,0,307.857,0,157.698,-466.016
"MtrElec",3,14,14,"",-76.5672,0,0,0,0,0,0,0,0,0,0,0,0,0,0,0,0,0,0,0,0,228.686,0,157.698,-462.952
"MtrElec",3,14,15,"",-127.786,0,0,0,0,0,0,0,0,0,0,0,0,0,0,0,0,0,0,0,0,285.84,0,17.887,-431.513
"MtrElec",3,14,16,"",-133.666,0,0,0,0,0,0,0,0,0,0,0,0,0,0,0,0,0,0,0,0,229.459,0,0,-363.125
"MtrElec",3,14,17,"",-25.1522,0,0,0,0,0,0,0,0,0,0,0,0,0,0,0,0,0,0,0,0,240.103,0,0,-265.256
"MtrElec",3,14,18,"",123.422,0,0,0,0,0,0,0,0,0,0,0,0,0,0,0,0,0,0,0,0,265.258,0,0,-141.837
"MtrElec",3,14,19,"",196.761,0,0,0,0,0,0,0,0,0,0,0,0,0,0,0,0,0,0,0,0,380.133,0,-157.698,-25.6735
"MtrElec",3,14,20,"",162.828,0,0,0,0,0,0,0,0,0,0,0,0,0,0,0,0,0,0,0,0,320.526,0,-157.698,0
"MtrElec",3,14,21,"",67.4077,0,0,0,0,0,0,0,0,0,0,0,0,0,0,0,0,0,0,0,0,225.106,0,-157.698,0
"MtrElec",3,14,22,"",133.951,0,0,0,0,0,0,0,0,0,0,0,0,0,0,0,0,0,0,0,0,191.875,0,-57.9237,0
"MtrElec",3,14,23,"",197.101,0,0,0,0,0,0,0,0,0,0,0,0,0,0,0,0,0,0,0,0,197.101,0,0,0
"MtrElec",3,14,24,"",136.431,0,0,0,0,0,0,0,0,0,0,0,0,0,0,0,0,0,0,0,0,136.431,0,0,0
"MtrElec",3,15,1,"",102.45,0,0,0,0,0,0,0,0,0,0,0,0,0,0,0,0,0,0,0,0,102.45,0,0,0
"MtrElec",3,15,2,"",103.346,0,0,0,0,0,0,0,0,0,0,0,0,0,0,0,0,0,0,0,0,103.346,0,0,0
"MtrElec",3,15,3,"",101.261,0,0,0,0,0,0,0,0,0,0,0,0,0,0,0,0,0,0,0,0,101.261,0,0,0
"MtrElec",3,15,4,"",132.502,0,0,0,0,0,0,0,0,0,0,0,0,0,0,0,0,0,0,0,0,132.502,0,0,0
"MtrElec",3,15,5,"",112.903,0,0,0,0,0,0,0,0,0,0,0,0,0,0,0,0,0,0,0,0,112.903,0,0,0
"MtrElec",3,15,6,"",105.063,0,0,0,0,0,0,0,0,0,0,0,0,0,0,0,0,0,0,0,0,105.063,0,0,0
"MtrElec",3,15,7,"",100.962,0,0,0,0,0,0,0,0,0,0,0,0,0,0,0,0,0,0,0,0,100.962,0,0,0
"MtrElec",3,15,8,"",175.418,0,0,0,0,0,0,0,0,0,0,0,0,0,0,0,0,0,0,0,0,212.106,0,0,-36.6884
"MtrElec",3,15,9,"",75.0875,0,0,0,0,0,0,0,0,0,0,0,0,0,0,0,0,0,0,0,0,218.583,0,0,-143.495
"MtrElec",3,15,10,"",0,0,0,0,0,0,0,0,0,0,0,0,0,0,0,0,0,0,0,0,0,236.722,0,32.5437,-269.265
"MtrElec",3,15,11,"",0.0000078,0,0,0,0,0,0,0,0,0,0,0,0,0,0,0,0,0,0,0,0,258.524,0,115.347,-373.871
"MtrElec",3,15,12,"",-27.0342,0,0,0,0,0,0,0,0,0,0,0,0,0,0,0,0,0,0,0,0,257.181,0,157.698,-441.914
"MtrElec",3,15,13,"",-53.773,0,0,0,0,0,0,0,0,0,0,0,0,0,0,0,0,0,0,0,0,260.556,0,157.698,-472.027
"MtrElec",3,15,14,"",-127.176,0,0,0,0,0,0,0,0,0,0,0,0,0,0,0,0,0,0,0,0,212.326,0,125.099,-464.601
"MtrElec",3,15,15,"",-186.047,0,0,0,0,0,0,0,0,0,0,0,0,0,0,0,0,0,0,0,0,247.119,0,0,-433.167
"MtrElec",3,15,16,"",-144.883,0,0,0,0,0,0,0,0,0,0,0,0,0,0,0,0,0,0,0,0,223.796,0,0,-368.679
"MtrElec",3,15,17,"",-33.3595,0,0,0,0,0,0,0,0,0,0,0,0,0,0,0,0,0,0,0,0,233.608,0,0,-266.968
"MtrElec",3,15,18,"",133.808,0,0,0,0,0,0,0,0,0,0,0,0,0,0,0,0,0,0,0,0,274.424,0,0,-140.616
"MtrElec",3,15,19,"",156.69,0,0,0,0,0,0,0,0,0,0,0,0,0,0,0,0,0,0,0,0,339.589,0,-157.698,-25.2013
"MtrElec",3,15,20,"",193.104,0,0,0,0,0,0,0,0,0,0,0,0,0,0,0,0,0,0,0,0,350.802,0,-157.698,0
"MtrElec",3,15,21,"",99.9148,0,0,0,0,0,0,0,0,0,0,0,0,0,0,0,0,0,0,0,0,257.613,0,-157.698,0
"MtrElec",3,15,22,"",212.563,0,0,0,0,0,0,0,0,0,0,0,0,0,0,0,0,0,0,0,0,270.487,0,-57.9237,0
"MtrElec",3,15,23,"",207.684,0,0,0,0,0,0,0,0,0,0,0,0,0,0,0,0,0,0,0,0,207.684,0,0,0
"MtrElec",3,15,24,"",158.599,0,0,0,0,0,0,0,0,0,0,0,0,0,0,0,0,0,0,0,0,158.599,0,0,0
"MtrElec",3,16,1,"",132.4,0,0,0,0,0,0,0,0,0,0,0,0,0,0,0,0,0,0,0,0,132.4,0,0,0
"MtrElec",3,16,2,"",106.03,0,0,0,0,0,0,0,0,0,0,0,0,0,0,0,0,0,0,0,0,106.03,0,0,0
"MtrElec",3,16,3,"",87.3873,0,0,0,0,0,0,0,0,0,0,0,0,0,0,0,0,0,0,0,0,87.3873,0,0,0
"MtrElec",3,16,4,"",112.406,0,0,0,0,0,0,0,0,0,0,0,0,0,0,0,0,0,0,0,0,112.406,0,0,0
"MtrElec",3,16,5,"",126.553,0,0,0,0,0,0,0,0,0,0,0,0,0,0,0,0,0,0,0,0,126.553,0,0,0
"MtrElec",3,16,6,"",94.0471,0,0,0,0,0,0,0,0,0,0,0,0,0,0,0,0,0,0,0,0,94.0471,0,0,0
"MtrElec",3,16,7,"",183.149,0,0,0,0,0,0,0,0,0,0,0,0,0,0,0,0,0,0,0,0,183.149,0,0,0
"MtrElec",3,16,8,"",212.926,0,0,0,0,0,0,0,0,0,0,0,0,0,0,0,0,0,0,0,0,247.229,0,0,-34.3033
"MtrElec",3,16,9,"",113.668,0,0,0,0,0,0,0,0,0,0,0,0,0,0,0,0,0,0,0,0,253.254,0,0,-139.586
"MtrElec",3,16,10,"",0,0,0,0,0,0,0,0,0,0,0,0,0,0,0,0,0,0,0,0,0,252.045,0,11.7028,-263.747
"MtrElec",3,16,11,"",0,0,0,0,0,0,0,0,0,0,0,0,0,0,0,0,0,0,0,0,0,242.114,0,115.804,-357.918
"MtrElec",3,16,12,"",-20.5392,0,0,0,0,0,0,0,0,0,0,0,0,0,0,0,0,0,0,0,0,238.521,0,157.698,-416.758
"MtrElec",3,16,13,"",0,0,0,0,0,0,0,0,0,0,0,0,0,0,0,0,0,0,0,0,0,282.517,0,149.882,-432.398
"MtrElec",3,16,14,"",-72.7627,0,0,0,0,0,0,0,0,0,0,0,0,0,0,0,0,0,0,0,0,216.875,0,153.299,-442.937
"MtrElec",3,16,15,"",-214.677,0,0,0,0,0,0,0,0,0,0,0,0,0,0,0,0,0,0,0,0,204.815,0,0,-419.492
"MtrElec",3,16,16,"",-154.25,0,0,0,0,0,0,0,0,0,0,0,0,0,0,0,0,0,0,0,0,205.821,0,0,-360.071
"MtrElec",3,16,17,"",-0.872156,0,0,0,0,0,0,0,0,0,0,0,0,0,0,0,0,0,0,0,0,267.663,0,0,-268.535
"MtrElec",3,16,18,"",147.379,0,0,0,0,0,0,0,0,0,0,0,0,0,0,0,0,0,0,0,0,291.932,0,0,-144.554
"MtrElec",3,16,19,"",142.582,0,0,0,0,0,0,0,0,0,0,0,0,0,0,0,0,0,0,0,0,327.814,0,-157.698,-27.5336
"MtrElec",3,16,20,"",169.939,0,0,0,0,0,0,0,0,0,0,0,0,0,0,0,0,0,0,0,0,327.637,0,-157.698,0
"MtrElec",3,16,21,"",137.387,0,0,0,0,0,0,0,0,0,0,0,0,0,0,0,0,0,0,0,0,295.085,0,-157.698,0
"MtrElec",3,16,22,"",201.238,0,0,0,0,0,0,0,0,0,0,0,0,0,0,0,0,0,0,0,0,259.162,0,-57.9237,0
"MtrElec",3,16,23,"",247.262,0,0,0,0,0,0,0,0,0,0,0,0,0,0,0,0,0,0,0,0,247.262,0,0,0
"MtrElec",3,16,24,"",157.502,0,0,0,0,0,0,0,0,0,0,0,0,0,0,0,0,0,0,0,0,157.502,0,0,0
"MtrElec",3,17,1,"",139.915,0,0,0,0,0,0,0,0,0,0,0,0,0,0,0,0,0,0,0,0,139.915,0,0,0
"MtrElec",3,17,2,"",127.771,0,0,0,0,0,0,0,0,0,0,0,0,0,0,0,0,0,0,0,0,127.771,0,0,0
"MtrElec",3,17,3,"",90.0836,0,0,0,0,0,0,0,0,0,0,0,0,0,0,0,0,0,0,0,0,90.0836,0,0,0
"MtrElec",3,17,4,"",104.849,0,0,0,0,0,0,0,0,0,0,0,0,0,0,0,0,0,0,0,0,104.849,0,0,0
"MtrElec",3,17,5,"",104.226,0,0,0,0,0,0,0,0,0,0,0,0,0,0,0,0,0,0,0,0,104.226,0,0,0
"MtrElec",3,17,6,"",102.058,0,0,0,0,0,0,0,0,0,0,0,0,0,0,0,0,0,0,0,0,102.058,0,0,0
"MtrElec",3,17,7,"",232.76,0,0,0,0,0,0,0,0,0,0,0,0,0,0,0,0,0,0,0,0,232.76,0,0,0
"MtrElec",3,17,8,"",212.555,0,0,0,0,0,0,0,0,0,0,0,0,0,0,0,0,0,0,0,0,250.753,0,0,-38.1977
"MtrElec",3,17,9,"",125.09,0,0,0,0,0,0,0,0,0,0,0,0,0,0,0,0,0,0,0,0,271.456,0,0,-146.366
"MtrElec",3,17,10,"",0,0,0,0,0,0,0,0,0,0,0,0,0,0,0,0,0,0,0,0,0,243.663,0,23.2777,-266.941
"MtrElec",3,17,11,"",0,0,0,0,0,0,0,0,0,0,0,0,0,0,0,0,0,0,0,0,0,258.096,0,105.243,-363.339
"MtrElec",3,17,12,"",-41.0106,0,0,0,0,0,0,0,0,0,0,0,0,0,0,0,0,0,0,0,0,232.435,0,157.698,-431.144
"MtrElec",3,17,13,"",-28.5654,0,0,0,0,0,0,0,0,0,0,0,0,0,0,0,0,0,0,0,0,281.386,0,157.698,-467.65
"MtrElec",3,17,14,"",-161.158,0,0,0,0,0,0,0,0,0,0,0,0,0,0,0,0,0,0,0,0,165.635,0,144.469,-471.262
"MtrElec",3,17,15,"",-276.213,0,0,0,0,0,0,0,0,0,0,0,0,0,0,0,0,0,0,0,0,164.029,0,0,-440.242
"MtrElec",3,17,16,"",-193.661,0,0,0,0,0,0,0,0,0,0,0,0,0,0,0,0,0,0,0,0,182.641,0,0,-376.302
"MtrElec",3,17,17,"",-73.4943,0,0,0,0,0,0,0,0,0,0,0,0,0,0,0,0,0,0,0,0,204.525,0,0,-278.019
"MtrElec",3,17,18,"",93.1685,0,0,0,0,0,0,0,0,0,0,0,0,0,0,0,0,0,0,0,0,243.706,0,0,-150.537
"MtrElec",3,17,19,"",105.238,0,0,0,0,0,0,0,0,0,0,0,0,0,0,0,0,0,0,0,0,292.238,0,-157.698,-29.3021
"MtrElec",3,17,20,"",127.436,0,0,0,0,0,0,0,0,0,0,0,0,0,0,0,0,0,0,0,0,285.134,0,-157.698,0
"MtrElec",3,17,21,"",160.43,0,0,0,0,0,0,0,0,0,0,0,0,0,0,0,0,0,0,0,0,318.127,0,-157.698,0
"MtrElec",3,17,22,"",158.031,0,0,0,0,0,0,0,0,0,0,0,0,0,0,0,0,0,0,0,0,215.955,0,-57.9237,0
"MtrElec",3,17,23,"",140.087,0,0,0,0,0,0,0,0,0,0,0,0,0,0,0,0,0,0,0,0,140.087,0,0,0
"MtrElec",3,17,24,"",176.46,0,0,0,0,0,0,0,0,0,0,0,0,0,0,0,0,0,0,0,0,176.46,0,0,0
"MtrElec",3,18,1,"",102.079,0,0,0,0,0,0,0,0,0,0,0,0,0,0,0,0,0,0,0,0,102.079,0,0,0
"MtrElec",3,18,2,"",104.025,0,0,0,0,0,0,0,0,0,0,0,0,0,0,0,0,0,0,0,0,104.025,0,0,0
"MtrElec",3,18,3,"",88.962,0,0,0,0,0,0,0,0,0,0,0,0,0,0,0,0,0,0,0,0,88.962,0,0,0
"MtrElec",3,18,4,"",98.2819,0,0,0,0,0,0,0,0,0,0,0,0,0,0,0,0,0,0,0,0,98.2819,0,0,0
"MtrElec",3,18,5,"",98.9002,0,0,0,0,0,0,0,0,0,0,0,0,0,0,0,0,0,0,0,0,98.9002,0,0,0
"MtrElec",3,18,6,"",142.625,0,0,0,0,0,0,0,0,0,0,0,0,0,0,0,0,0,0,0,0,142.625,0,0,0
"MtrElec",3,18,7,"",152.638,0,0,0,0,0,0,0,0,0,0,0,0,0,0,0,0,0,0,0,0,152.638,0,0,0
"MtrElec",3,18,8,"",223.409,0,0,0,0,0,0,0,0,0,0,0,0,0,0,0,0,0,0,0,0,244.502,0,0,-21.0923
"MtrElec",3,18,9,"",146.374,0,0,0,0,0,0,0,0,0,0,0,0,0,0,0,0,0,0,0,0,257.931,0,0,-111.557
"MtrElec",3,18,10,"",38.8177,0,0,0,0,0,0,0,0,0,0,0,0,0,0,0,0,0,0,0,0,279.692,0,0,-240.874
"MtrElec",3,18,11,"",0,0,0,0,0,0,0,0,0,0,0,0,0,0,0,0,0,0,0,0,0,220.576,0,135.759,-356.335
"MtrElec",3,18,12,"",-92.6814,0,0,0,0,0,0,0,0,0,0,0,0,0,0,0,0,0,0,0,0,193.328,0,157.698,-443.707
"MtrElec",3,18,13,"",-83.9695,0,0,0,0,0,0,0,0,0,0,0,0,0,0,0,0,0,0,0,0,231.398,0,157.698,-473.066
"MtrElec",3,18,14,"",-166.353,0,0,0,0,0,0,0,0,0,0,0,0,0,0,0,0,0,0,0,0,164.76,0,137.23,-468.343
"MtrElec",3,18,15,"",-263.14,0,0,0,0,0,0,0,0,0,0,0,0,0,0,0,0,0,0,0,0,168.897,0,0,-432.036
"MtrElec",3,18,16,"",-203.047,0,0,0,0,0,0,0,0,0,0,0,0,0,0,0,0,0,0,0,0,163.699,0,0,-366.746
"MtrElec",3,18,17,"",-63.485,0,0,0,0,0,0,0,0,0,0,0,0,0,0,0,0,0,0,0,0,206.542,0,0,-270.027
"MtrElec",3,18,18,"",89.3166,0,0,0,0,0,0,0,0,0,0,0,0,0,0,0,0,0,0,0,0,233.988,0,0,-144.672
"MtrElec",3,18,19,"",118.652,0,0,0,0,0,0,0,0,0,0,0,0,0,0,0,0,0,0,0,0,304.403,0,-157.698,-28.0538
"MtrElec",3,18,20,"",125.56,0,0,0,0,0,0,0,0,0,0,0,0,0,0,0,0,0,0,0,0,283.258,0,-157.698,0
"MtrElec",3,18,21,"",111.344,0,0,0,0,0,0,0,0,0,0,0,0,0,0,0,0,0,0,0,0,269.042,0,-157.698,0
"MtrElec",3,18,22,"",206.655,0,0,0,0,0,0,0,0,0,0,0,0,0,0,0,0,0,0,0,0,264.579,0,-57.9237,0
"MtrElec",3,18,23,"",279.836,0,0,0,0,0,0,0,0,0,0,0,0,0,0,0,0,0,0,0,0,279.836,0,0,0
"MtrElec",3,18,24,"",165.934,0,0,0,0,0,0,0,0,0,0,0,0,0,0,0,0,0,0,0,0,165.934,0,0,0
"MtrElec",3,19,1,"",154.259,0,0,0,0,0,0,0,0,0,0,0,0,0,0,0,0,0,0,0,0,154.259,0,0,0
"MtrElec",3,19,2,"",107.388,0,0,0,0,0,0,0,0,0,0,0,0,0,0,0,0,0,0,0,0,107.388,0,0,0
"MtrElec",3,19,3,"",87.9909,0,0,0,0,0,0,0,0,0,0,0,0,0,0,0,0,0,0,0,0,87.9909,0,0,0
"MtrElec",3,19,4,"",101.074,0,0,0,0,0,0,0,0,0,0,0,0,0,0,0,0,0,0,0,0,101.074,0,0,0
"MtrElec",3,19,5,"",98.3423,0,0,0,0,0,0,0,0,0,0,0,0,0,0,0,0,0,0,0,0,98.3423,0,0,0
"MtrElec",3,19,6,"",161.724,0,0,0,0,0,0,0,0,0,0,0,0,0,0,0,0,0,0,0,0,161.724,0,0,0
"MtrElec",3,19,7,"",155.376,0,0,0,0,0,0,0,0,0,0,0,0,0,0,0,0,0,0,0,0,155.376,0,0,0
"MtrElec",3,19,8,"",194.141,0,0,0,0,0,0,0,0,0,0,0,0,0,0,0,0,0,0,0,0,235.709,0,0,-41.5674
"MtrElec",3,19,9,"",120.702,0,0,0,0,0,0,0,0,0,0,0,0,0,0,0,0,0,0,0,0,277.302,0,0,-156.6
"MtrElec",3,19,10,"",0.0000078,0,0,0,0,0,0,0,0,0,0,0,0,0,0,0,0,0,0,0,0,201.396,0,81.4811,-282.877
"MtrElec",3,19,11,"",-3.68342,0,0,0,0,0,0,0,0,0,0,0,0,0,0,0,0,0,0,0,0,215.245,0,157.698,-376.626
"MtrElec",3,19,12,"",-64.7835,0,0,0,0,0,0,0,0,0,0,0,0,0,0,0,0,0,0,0,0,213.828,0,157.698,-436.309
"MtrElec",3,19,13,"",-106.334,0,0,0,0,0,0,0,0,0,0,0,0,0,0,0,0,0,0,0,0,205.348,0,157.698,-469.381
"MtrElec",3,19,14,"",-300.132,0,0,0,0,0,0,0,0,0,0,0,0,0,0,0,0,0,0,0,0,132.623,0,33.8101,-466.565
"MtrElec",3,19,15,"",-257.3,0,0,0,0,0,0,0,0,0,0,0,0,0,0,0,0,0,0,0,0,171.501,0,0,-428.801
"MtrElec",3,19,16,"",-181.796,0,0,0,0,0,0,0,0,0,0,0,0,0,0,0,0,0,0,0,0,183.54,0,0,-365.336
"MtrElec",3,19,17,"",-51.5595,0,0,0,0,0,0,0,0,0,0,0,0,0,0,0,0,0,0,0,0,223.168,0,0,-274.728
"MtrElec",3,19,18,"",110.267,0,0,0,0,0,0,0,0,0,0,0,0,0,0,0,0,0,0,0,0,260.177,0,0,-149.909
"MtrElec",3,19,19,"",124.704,0,0,0,0,0,0,0,0,0,0,0,0,0,0,0,0,0,0,0,0,311.973,0,-157.698,-29.5711
"MtrElec",3,19,20,"",144.826,0,0,0,0,0,0,0,0,0,0,0,0,0,0,0,0,0,0,0,0,302.524,0,-157.698,0
"MtrElec",3,19,21,"",113.894,0,0,0,0,0,0,0,0,0,0,0,0,0,0,0,0,0,0,0,0,271.592,0,-157.698,0
"MtrElec",3,19,22,"",173.348,0,0,0,0,0,0,0,0,0,0,0,0,0,0,0,0,0,0,0,0,231.272,0,-57.9237,0
"MtrElec",3,19,23,"",225.411,0,0,0,0,0,0,0,0,0,0,0,0,0,0,0,0,0,0,0,0,225.411,0,0,0
"MtrElec",3,19,24,"",152.731,0,0,0,0,0,0,0,0,0,0,0,0,0,0,0,0,0,0,0,0,152.731,0,0,0
"MtrElec",3,20,1,"",122.913,0,0,0,0,0,0,0,0,0,0,0,0,0,0,0,0,0,0,0,0,122.913,0,0,0
"MtrElec",3,20,2,"",107.292,0,0,0,0,0,0,0,0,0,0,0,0,0,0,0,0,0,0,0,0,107.292,0,0,0
"MtrElec",3,20,3,"",121.881,0,0,0,0,0,0,0,0,0,0,0,0,0,0,0,0,0,0,0,0,121.881,0,0,0
"MtrElec",3,20,4,"",106.676,0,0,0,0,0,0,0,0,0,0,0,0,0,0,0,0,0,0,0,0,106.676,0,0,0
"MtrElec",3,20,5,"",97.8936,0,0,0,0,0,0,0,0,0,0,0,0,0,0,0,0,0,0,0,0,97.8936,0,0,0
"MtrElec",3,20,6,"",98.9701,0,0,0,0,0,0,0,0,0,0,0,0,0,0,0,0,0,0,0,0,98.9701,0,0,0
"MtrElec",3,20,7,"",238.774,0,0,0,0,0,0,0,0,0,0,0,0,0,0,0,0,0,0,0,0,238.774,0,0,0
"MtrElec",3,20,8,"",232.232,0,0,0,0,0,0,0,0,0,0,0,0,0,0,0,0,0,0,0,0,260.466,0,0,-28.234
"MtrElec",3,20,9,"",164.839,0,0,0,0,0,0,0,0,0,0,0,0,0,0,0,0,0,0,0,0,277.301,0,0,-112.463
"MtrElec",3,20,10,"",27.812,0,0,0,0,0,0,0,0,0,0,0,0,0,0,0,0,0,0,0,0,243.747,0,0,-215.935
"MtrElec",3,20,11,"",0,0,0,0,0,0,0,0,0,0,0,0,0,0,0,0,0,0,0,0,0,224.618,0,79.139,-303.757
"MtrElec",3,20,12,"",-18.4694,0,0,0,0,0,0,0,0,0,0,0,0,0,0,0,0,0,0,0,0,195.038,0,157.698,-371.205
"MtrElec",3,20,13,"",-18.2698,0,0,0,0,0,0,0,0,0,0,0,0,0,0,0,0,0,0,0,0,233.66,0,157.698,-409.628
"MtrElec",3,20,14,"",-97.5692,0,0,0,0,0,0,0,0,0,0,0,0,0,0,0,0,0,0,0,0,154.891,0,157.698,-410.158
"MtrElec",3,20,15,"",-160.47,0,0,0,0,0,0,0,0,0,0,0,0,0,0,0,0,0,0,0,0,185.738,0,36.1523,-382.361
"MtrElec",3,20,16,"",-114.179,0,0,0,0,0,0,0,0,0,0,0,0,0,0,0,0,0,0,0,0,206.022,0,0,-320.201
"MtrElec",3,20,17,"",35.0296,0,0,0,0,0,0,0,0,0,0,0,0,0,0,0,0,0,0,0,0,226.128,0,0,-191.099
"MtrElec",3,20,18,"",147.15,0,0,0,0,0,0,0,0,0,0,0,0,0,0,0,0,0,0,0,0,234.267,0,0,-87.1172
"MtrElec",3,20,19,"",75.3247,0,0,0,0,0,0,0,0,0,0,0,0,0,0,0,0,0,0,0,0,261.394,0,-157.698,-28.3715
"MtrElec",3,20,20,"",128.021,0,0,0,0,0,0,0,0,0,0,0,0,0,0,0,0,0,0,0,0,285.719,0,-157.698,0
"MtrElec",3,20,21,"",169.543,0,0,0,0,0,0,0,0,0,0,0,0,0,0,0,0,0,0,0,0,327.241,0,-157.698,0
"MtrElec",3,20,22,"",166.184,0,0,0,0,0,0,0,0,0,0,0,0,0,0,0,0,0,0,0,0,224.108,0,-57.9237,0
"MtrElec",3,20,23,"",186.999,0,0,0,0,0,0,0,0,0,0,0,0,0,0,0,0,0,0,0,0,186.999,0,0,0
"MtrElec",3,20,24,"",169.86,0,0,0,0,0,0,0,0,0,0,0,0,0,0,0,0,0,0,0,0,169.86,0,0,0
"MtrElec",3,21,1,"",109.285,0,0,0,0,0,0,0,0,0,0,0,0,0,0,0,0,0,0,0,0,109.285,0,0,0
"MtrElec",3,21,2,"",103.869,0,0,0,0,0,0,0,0,0,0,0,0,0,0,0,0,0,0,0,0,103.869,0,0,0
"MtrElec",3,21,3,"",87.7012,0,0,0,0,0,0,0,0,0,0,0,0,0,0,0,0,0,0,0,0,87.7012,0,0,0
"MtrElec",3,21,4,"",104.963,0,0,0,0,0,0,0,0,0,0,0,0,0,0,0,0,0,0,0,0,104.963,0,0,0
"MtrElec",3,21,5,"",121.397,0,0,0,0,0,0,0,0,0,0,0,0,0,0,0,0,0,0,0,0,121.397,0,0,0
"MtrElec",3,21,6,"",130.346,0,0,0,0,0,0,0,0,0,0,0,0,0,0,0,0,0,0,0,0,130.346,0,0,0
"MtrElec",3,21,7,"",115.396,0,0,0,0,0,0,0,0,0,0,0,0,0,0,0,0,0,0,0,0,115.396,0,0,0
"MtrElec",3,21,8,"",172.237,0,0,0,0,0,0,0,0,0,0,0,0,0,0,0,0,0,0,0,0,192.934,0,0,-20.6971
"MtrElec",3,21,9,"",219.106,0,0,0,0,0,0,0,0,0,0,0,0,0,0,0,0,0,0,0,0,233.438,0,0,-14.3319
"MtrElec",3,21,10,"",204.989,0,0,0,0,0,0,0,0,0,0,0,0,0,0,0,0,0,0,0,0,250.307,0,0,-45.3175
"MtrElec",3,21,11,"",150.455,0,0,0,0,0,0,0,0,0,0,0,0,0,0,0,0,0,0,0,0,303.676,0,0,-153.221
"MtrElec",3,21,12,"",-40.1216,0,0,0,0,0,0,0,0,0,0,0,0,0,0,0,0,0,0,0,0,186.775,0,157.698,-384.595
"MtrElec",3,21,13,"",-54.7016,0,0,0,0,0,0,0,0,0,0,0,0,0,0,0,0,0,0,0,0,231.533,0,157.698,-443.933
"MtrElec",3,21,14,"",-86.2025,0,0,0,0,0,0,0,0,0,0,0,0,0,0,0,0,0,0,0,0,205.663,0,157.698,-449.563
"MtrElec",3,21,15,"",-164.908,0,0,0,0,0,0,0,0,0,0,0,0,0,0,0,0,0,0,0,0,143.716,0,115.291,-423.915
"MtrElec",3,21,16,"",-173.254,0,0,0,0,0,0,0,0,0,0,0,0,0,0,0,0,0,0,0,0,187.26,0,0,-360.514
"MtrElec",3,21,17,"",-73.0739,0,0,0,0,0,0,0,0,0,0,0,0,0,0,0,0,0,0,0,0,191.234,0,0,-264.308
"MtrElec",3,21,18,"",67.7269,0,0,0,0,0,0,0,0,0,0,0,0,0,0,0,0,0,0,0,0,209.741,0,0,-142.014
"MtrElec",3,21,19,"",124.338,0,0,0,0,0,0,0,0,0,0,0,0,0,0,0,0,0,0,0,0,310.015,0,-157.698,-27.9799
"MtrElec",3,21,20,"",100.472,0,0,0,0,0,0,0,0,0,0,0,0,0,0,0,0,0,0,0,0,258.17,0,-157.698,0
"MtrElec",3,21,21,"",31.8191,0,0,0,0,0,0,0,0,0,0,0,0,0,0,0,0,0,0,0,0,189.517,0,-157.698,0
"MtrElec",3,21,22,"",193.507,0,0,0,0,0,0,0,0,0,0,0,0,0,0,0,0,0,0,0,0,251.431,0,-57.9237,0
"MtrElec",3,21,23,"",140.401,0,0,0,0,0,0,0,0,0,0,0,0,0,0,0,0,0,0,0,0,140.401,0,0,0
"MtrElec",3,21,24,"",198.898,0,0,0,0,0,0,0,0,0,0,0,0,0,0,0,0,0,0,0,0,198.898,0,0,0
"MtrElec",3,22,1,"",115.834,0,0,0,0,0,0,0,0,0,0,0,0,0,0,0,0,0,0,0,0,115.834,0,0,0
"MtrElec",3,22,2,"",89.2848,0,0,0,0,0,0,0,0,0,0,0,0,0,0,0,0,0,0,0,0,89.2848,0,0,0
"MtrElec",3,22,3,"",99.5117,0,0,0,0,0,0,0,0,0,0,0,0,0,0,0,0,0,0,0,0,99.5117,0,0,0
"MtrElec",3,22,4,"",99.0606,0,0,0,0,0,0,0,0,0,0,0,0,0,0,0,0,0,0,0,0,99.0606,0,0,0
"MtrElec",3,22,5,"",145.522,0,0,0,0,0,0,0,0,0,0,0,0,0,0,0,0,0,0,0,0,145.522,0,0,0
"MtrElec",3,22,6,"",103.563,0,0,0,0,0,0,0,0,0,0,0,0,0,0,0,0,0,0,0,0,103.563,0,0,0
"MtrElec",3,22,7,"",100.195,0,0,0,0,0,0,0,0,0,0,0,0,0,0,0,0,0,0,0,0,100.195,0,0,0
"MtrElec",3,22,8,"",174.036,0,0,0,0,0,0,0,0,0,0,0,0,0,0,0,0,0,0,0,0,220.932,0,0,-46.8958
"MtrElec",3,22,9,"",53.9415,0,0,0,0,0,0,0,0,0,0,0,0,0,0,0,0,0,0,0,0,201.809,0,0,-147.868
"MtrElec",3,22,10,"",89.713,0,0,0,0,0,0,0,0,0,0,0,0,0,0,0,0,0,0,0,0,292.324,0,0,-202.611
"MtrElec",3,22,11,"",0,0,0,0,0,0,0,0,0,0,0,0,0,0,0,0,0,0,0,0,0,241.55,0,0.592687,-242.143
"MtrElec",3,22,12,"",150.467,0,0,0,0,0,0,0,0,0,0,0,0,0,0,0,0,0,0,0,0,336.544,0,0,-186.077
"MtrElec",3,22,13,"",0,0,0,0,0,0,0,0,0,0,0,0,0,0,0,0,0,0,0,0,0,231.723,0,40.7464,-272.469
"MtrElec",3,22,14,"",-31.0379,0,0,0,0,0,0,0,0,0,0,0,0,0,0,0,0,0,0,0,0,233.307,0,157.698,-422.043
"MtrElec",3,22,15,"",-28.4993,0,0,0,0,0,0,0,0,0,0,0,0,0,0,0,0,0,0,0,0,235.576,0,157.698,-421.773
"MtrElec",3,22,16,"",-9.18178,0,0,0,0,0,0,0,0,0,0,0,0,0,0,0,0,0,0,0,0,194.344,0,157.698,-361.224
"MtrElec",3,22,17,"",0.0000039,0,0,0,0,0,0,0,0,0,0,0,0,0,0,0,0,0,0,0,0,201.536,0,63.0241,-264.56
"MtrElec",3,22,18,"",76.4896,0,0,0,0,0,0,0,0,0,0,0,0,0,0,0,0,0,0,0,0,218.25,0,0,-141.76
"MtrElec",3,22,19,"",125.905,0,0,0,0,0,0,0,0,0,0,0,0,0,0,0,0,0,0,0,0,312.235,0,-157.698,-28.6321
"MtrElec",3,22,20,"",83.9187,0,0,0,0,0,0,0,0,0,0,0,0,0,0,0,0,0,0,0,0,241.617,0,-157.698,0
"MtrElec",3,22,21,"",102.906,0,0,0,0,0,0,0,0,0,0,0,0,0,0,0,0,0,0,0,0,260.604,0,-157.698,0
"MtrElec",3,22,22,"",221.201,0,0,0,0,0,0,0,0,0,0,0,0,0,0,0,0,0,0,0,0,269.262,0,-48.0611,0
"MtrElec",3,22,23,"",185.047,0,0,0,0,0,0,0,0,0,0,0,0,0,0,0,0,0,0,0,0,185.047,0,0,0
"MtrElec",3,22,24,"",168.957,0,0,0,0,0,0,0,0,0,0,0,0,0,0,0,0,0,0,0,0,168.957,0,0,0
"MtrElec",3,23,1,"",105.233,0,0,0,0,0,0,0,0,0,0,0,0,0,0,0,0,0,0,0,0,105.233,0,0,0
"MtrElec",3,23,2,"",103.267,0,0,0,0,0,0,0,0,0,0,0,0,0,0,0,0,0,0,0,0,103.267,0,0,0
"MtrElec",3,23,3,"",105.787,0,0,0,0,0,0,0,0,0,0,0,0,0,0,0,0,0,0,0,0,105.787,0,0,0
"MtrElec",3,23,4,"",143.382,0,0,0,0,0,0,0,0,0,0,0,0,0,0,0,0,0,0,0,0,143.382,0,0,0
"MtrElec",3,23,5,"",111.735,0,0,0,0,0,0,0,0,0,0,0,0,0,0,0,0,0,0,0,0,111.735,0,0,0
"MtrElec",3,23,6,"",99.2506,0,0,0,0,0,0,0,0,0,0,0,0,0,0,0,0,0,0,0,0,99.2506,0,0,0
"MtrElec",3,23,7,"",235.051,0,0,0,0,0,0,0,0,0,0,0,0,0,0,0,0,0,0,0,0,235.051,0,0,0
"MtrElec",3,23,8,"",228.77,0,0,0,0,0,0,0,0,0,0,0,0,0,0,0,0,0,0,0,0,248.362,0,0,-19.5923
"MtrElec",3,23,9,"",153.446,0,0,0,0,0,0,0,0,0,0,0,0,0,0,0,0,0,0,0,0,218.109,0,0,-64.6623
"MtrElec",3,23,10,"",97.5652,0,0,0,0,0,0,0,0,0,0,0,0,0,0,0,0,0,0,0,0,261.226,0,0,-163.66
"MtrElec",3,23,11,"",0,0,0,0,0,0,0,0,0,0,0,0,0,0,0,0,0,0,0,0,0,209.585,0,65.6869,-275.272
"MtrElec",3,23,12,"",0.0000078,0,0,0,0,0,0,0,0,0,0,0,0,0,0,0,0,0,0,0,0,229.352,0,113.299,-342.65
"MtrElec",3,23,13,"",-10.5491,0,0,0,0,0,0,0,0,0,0,0,0,0,0,0,0,0,0,0,0,212.816,0,157.698,-381.063
"MtrElec",3,23,14,"",-57.4983,0,0,0,0,0,0,0,0,0,0,0,0,0,0,0,0,0,0,0,0,169.541,0,157.698,-384.737
"MtrElec",3,23,15,"",-109.823,0,0,0,0,0,0,0,0,0,0,0,0,0,0,0,0,0,0,0,0,136.626,0,94.0037,-340.453
"MtrElec",3,23,16,"",-86.1963,0,0,0,0,0,0,0,0,0,0,0,0,0,0,0,0,0,0,0,0,180.413,0,0,-266.609
"MtrElec",3,23,17,"",-29.9944,0,0,0,0,0,0,0,0,0,0,0,0,0,0,0,0,0,0,0,0,200.056,0,0,-230.051
"MtrElec",3,23,18,"",116.096,0,0,0,0,0,0,0,0,0,0,0,0,0,0,0,0,0,0,0,0,234.617,0,0,-118.521
"MtrElec",3,23,19,"",66.7598,0,0,0,0,0,0,0,0,0,0,0,0,0,0,0,0,0,0,0,0,246.139,0,-157.698,-21.6814
"MtrElec",3,23,20,"",128.355,0,0,0,0,0,0,0,0,0,0,0,0,0,0,0,0,0,0,0,0,286.053,0,-157.698,0
"MtrElec",3,23,21,"",154.419,0,0,0,0,0,0,0,0,0,0,0,0,0,0,0,0,0,0,0,0,312.117,0,-157.698,0
"MtrElec",3,23,22,"",167.667,0,0,0,0,0,0,0,0,0,0,0,0,0,0,0,0,0,0,0,0,225.591,0,-57.9237,0
"MtrElec",3,23,23,"",166.386,0,0,0,0,0,0,0,0,0,0,0,0,0,0,0,0,0,0,0,0,166.386,0,0,0
"MtrElec",3,23,24,"",188.93,0,0,0,0,0,0,0,0,0,0,0,0,0,0,0,0,0,0,0,0,188.93,0,0,0
"MtrElec",3,24,1,"",135.412,0,0,0,0,0,0,0,0,0,0,0,0,0,0,0,0,0,0,0,0,135.412,0,0,0
"MtrElec",3,24,2,"",102.648,0,0,0,0,0,0,0,0,0,0,0,0,0,0,0,0,0,0,0,0,102.648,0,0,0
"MtrElec",3,24,3,"",92.8293,0,0,0,0,0,0,0,0,0,0,0,0,0,0,0,0,0,0,0,0,92.8293,0,0,0
"MtrElec",3,24,4,"",118.321,0,0,0,0,0,0,0,0,0,0,0,0,0,0,0,0,0,0,0,0,118.321,0,0,0
"MtrElec",3,24,5,"",121.551,0,0,0,0,0,0,0,0,0,0,0,0,0,0,0,0,0,0,0,0,121.551,0,0,0
"MtrElec",3,24,6,"",100.783,0,0,0,0,0,0,0,0,0,0,0,0,0,0,0,0,0,0,0,0,100.783,0,0,0
"MtrElec",3,24,7,"",188.919,0,0,0,0,0,0,0,0,0,0,0,0,0,0,0,0,0,0,0,0,188.919,0,0,0
"MtrElec",3,24,8,"",229.136,0,0,0,0,0,0,0,0,0,0,0,0,0,0,0,0,0,0,0,0,232.353,0,0,-3.21696
"MtrElec",3,24,9,"",203.604,0,0,0,0,0,0,0,0,0,0,0,0,0,0,0,0,0,0,0,0,253.837,0,0,-50.2329
"MtrElec",3,24,10,"",111.881,0,0,0,0,0,0,0,0,0,0,0,0,0,0,0,0,0,0,0,0,254.613,0,0,-142.732
"MtrElec",3,24,11,"",0,0,0,0,0,0,0,0,0,0,0,0,0,0,0,0,0,0,0,0,0,226.041,0,49.757,-275.798
"MtrElec",3,24,12,"",0,0,0,0,0,0,0,0,0,0,0,0,0,0,0,0,0,0,0,0,0,217.584,0,146.655,-364.238
"MtrElec",3,24,13,"",-54.4425,0,0,0,0,0,0,0,0,0,0,0,0,0,0,0,0,0,0,0,0,222.803,0,157.698,-434.943
"MtrElec",3,24,14,"",-58.1677,0,0,0,0,0,0,0,0,0,0,0,0,0,0,0,0,0,0,0,0,187.195,0,157.698,-403.061
"MtrElec",3,24,15,"",-142.084,0,0,0,0,0,0,0,0,0,0,0,0,0,0,0,0,0,0,0,0,147.795,0,76.5775,-366.456
"MtrElec",3,24,16,"",-108.866,0,0,0,0,0,0,0,0,0,0,0,0,0,0,0,0,0,0,0,0,184.407,0,0,-293.272
"MtrElec",3,24,17,"",23.5004,0,0,0,0,0,0,0,0,0,0,0,0,0,0,0,0,0,0,0,0,206.932,0,0,-183.432
"MtrElec",3,24,18,"",155.776,0,0,0,0,0,0,0,0,0,0,0,0,0,0,0,0,0,0,0,0,231.431,0,0,-75.6547
"MtrElec",3,24,19,"",155.879,0,0,0,0,0,0,0,0,0,0,0,0,0,0,0,0,0,0,0,0,325.088,0,-157.698,-11.5101
"MtrElec",3,24,20,"",124.185,0,0,0,0,0,0,0,0,0,0,0,0,0,0,0,0,0,0,0,0,281.883,0,-157.698,0
"MtrElec",3,24,21,"",133.031,0,0,0,0,0,0,0,0,0,0,0,0,0,0,0,0,0,0,0,0,290.729,0,-157.698,0
"MtrElec",3,24,22,"",177.856,0,0,0,0,0,0,0,0,0,0,0,0,0,0,0,0,0,0,0,0,235.78,0,-57.9237,0
"MtrElec",3,24,23,"",190.992,0,0,0,0,0,0,0,0,0,0,0,0,0,0,0,0,0,0,0,0,190.992,0,0,0
"MtrElec",3,24,24,"",156.112,0,0,0,0,0,0,0,0,0,0,0,0,0,0,0,0,0,0,0,0,156.112,0,0,0
"MtrElec",3,25,1,"",114.258,0,0,0,0,0,0,0,0,0,0,0,0,0,0,0,0,0,0,0,0,114.258,0,0,0
"MtrElec",3,25,2,"",95.8808,0,0,0,0,0,0,0,0,0,0,0,0,0,0,0,0,0,0,0,0,95.8808,0,0,0
"MtrElec",3,25,3,"",101.264,0,0,0,0,0,0,0,0,0,0,0,0,0,0,0,0,0,0,0,0,101.264,0,0,0
"MtrElec",3,25,4,"",142.331,0,0,0,0,0,0,0,0,0,0,0,0,0,0,0,0,0,0,0,0,142.331,0,0,0
"MtrElec",3,25,5,"",88.4799,0,0,0,0,0,0,0,0,0,0,0,0,0,0,0,0,0,0,0,0,88.4799,0,0,0
"MtrElec",3,25,6,"",101.911,0,0,0,0,0,0,0,0,0,0,0,0,0,0,0,0,0,0,0,0,101.911,0,0,0
"MtrElec",3,25,7,"",183.119,0,0,0,0,0,0,0,0,0,0,0,0,0,0,0,0,0,0,0,0,183.119,0,0,0
"MtrElec",3,25,8,"",208.157,0,0,0,0,0,0,0,0,0,0,0,0,0,0,0,0,0,0,0,0,233.421,0,0,-25.2642
"MtrElec",3,25,9,"",251.386,0,0,0,0,0,0,0,0,0,0,0,0,0,0,0,0,0,0,0,0,272.41,0,0,-21.0243
"MtrElec",3,25,10,"",196.834,0,0,0,0,0,0,0,0,0,0,0,0,0,0,0,0,0,0,0,0,283.057,0,0,-86.2227
"MtrElec",3,25,11,"",99.7589,0,0,0,0,0,0,0,0,0,0,0,0,0,0,0,0,0,0,0,0,230.256,0,0,-130.497
"MtrElec",3,25,12,"",62.3187,0,0,0,0,0,0,0,0,0,0,0,0,0,0,0,0,0,0,0,0,187.17,0,0,-124.851
"MtrElec",3,25,13,"",37.0311,0,0,0,0,0,0,0,0,0,0,0,0,0,0,0,0,0,0,0,0,250.193,0,0,-213.162
"MtrElec",3,25,14,"",-17.7191,0,0,0,0,0,0,0,0,0,0,0,0,0,0,0,0,0,0,0,0,113.471,0,157.698,-288.888
"MtrElec",3,25,15,"",0.0000078,0,0,0,0,0,0,0,0,0,0,0,0,0,0,0,0,0,0,0,0,178.675,0,71.0003,-249.675
"MtrElec",3,25,16,"",0.0000078,0,0,0,0,0,0,0,0,0,0,0,0,0,0,0,0,0,0,0,0,189.312,0,107.605,-296.917
"MtrElec",3,25,17,"",17.2293,0,0,0,0,0,0,0,0,0,0,0,0,0,0,0,0,0,0,0,0,190.307,0,0,-173.078
"MtrElec",3,25,18,"",103.993,0,0,0,0,0,0,0,0,0,0,0,0,0,0,0,0,0,0,0,0,233.926,0,0,-129.934
"MtrElec",3,25,19,"",103.464,0,0,0,0,0,0,0,0,0,0,0,0,0,0,0,0,0,0,0,0,275.352,0,-157.698,-14.1898
"MtrElec",3,25,20,"",84.535,0,0,0,0,0,0,0,0,0,0,0,0,0,0,0,0,0,0,0,0,230.351,0,-145.816,0
"MtrElec",3,25,21,"",269.998,0,0,0,0,0,0,0,0,0,0,0,0,0,0,0,0,0,0,0,0,269.998,0,0,0
"MtrElec",3,25,22,"",268.102,0,0,0,0,0,0,0,0,0,0,0,0,0,0,0,0,0,0,0,0,268.102,0,0,0
"MtrElec",3,25,23,"",228.894,0,0,0,0,0,0,0,0,0,0,0,0,0,0,0,0,0,0,0,0,228.894,0,0,0
"MtrElec",3,25,24,"",151.837,0,0,0,0,0,0,0,0,0,0,0,0,0,0,0,0,0,0,0,0,151.837,0,0,0
"MtrElec",3,26,1,"",132.173,0,0,0,0,0,0,0,0,0,0,0,0,0,0,0,0,0,0,0,0,132.173,0,0,0
"MtrElec",3,26,2,"",106.036,0,0,0,0,0,0,0,0,0,0,0,0,0,0,0,0,0,0,0,0,106.036,0,0,0
"MtrElec",3,26,3,"",87.7927,0,0,0,0,0,0,0,0,0,0,0,0,0,0,0,0,0,0,0,0,87.7927,0,0,0
"MtrElec",3,26,4,"",107.098,0,0,0,0,0,0,0,0,0,0,0,0,0,0,0,0,0,0,0,0,107.098,0,0,0
"MtrElec",3,26,5,"",138.614,0,0,0,0,0,0,0,0,0,0,0,0,0,0,0,0,0,0,0,0,138.614,0,0,0
"MtrElec",3,26,6,"",93.6875,0,0,0,0,0,0,0,0,0,0,0,0,0,0,0,0,0,0,0,0,93.6875,0,0,0
"MtrElec",3,26,7,"",182.056,0,0,0,0,0,0,0,0,0,0,0,0,0,0,0,0,0,0,0,0,182.056,0,0,0
"MtrElec",3,26,8,"",197.933,0,0,0,0,0,0,0,0,0,0,0,0,0,0,0,0,0,0,0,0,238.426,0,0,-40.4926
"MtrElec",3,26,9,"",170.655,0,0,0,0,0,0,0,0,0,0,0,0,0,0,0,0,0,0,0,0,266.284,0,0,-95.6295
"MtrElec",3,26,10,"",100.916,0,0,0,0,0,0,0,0,0,0,0,0,0,0,0,0,0,0,0,0,309.566,0,0,-208.65
"MtrElec",3,26,11,"",80.3243,0,0,0,0,0,0,0,0,0,0,0,0,0,0,0,0,0,0,0,0,220.474,0,0,-140.149
"MtrElec",3,26,12,"",0,0,0,0,0,0,0,0,0,0,0,0,0,0,0,0,0,0,0,0,0,227.774,0,4.25033,-232.025
"MtrElec",3,26,13,"",96.1319,0,0,0,0,0,0,0,0,0,0,0,0,0,0,0,0,0,0,0,0,212.392,0,0,-116.26
"MtrElec",3,26,14,"",0,0,0,0,0,0,0,0,0,0,0,0,0,0,0,0,0,0,0,0,0,157.768,0,139.381,-297.148
"MtrElec",3,26,15,"",-124.173,0,0,0,0,0,0,0,0,0,0,0,0,0,0,0,0,0,0,0,0,135.326,0,157.698,-417.197
"MtrElec",3,26,16,"",-54.2765,0,0,0,0,0,0,0,0,0,0,0,0,0,0,0,0,0,0,0,0,160.576,0,157.698,-372.551
"MtrElec",3,26,17,"",0,0,0,0,0,0,0,0,0,0,0,0,0,0,0,0,0,0,0,0,0,210.761,0,48.0214,-258.783
"MtrElec",3,26,18,"",133.058,0,0,0,0,0,0,0,0,0,0,0,0,0,0,0,0,0,0,0,0,210.603,0,0,-77.5457
"MtrElec",3,26,19,"",109.243,0,0,0,0,0,0,0,0,0,0,0,0,0,0,0,0,0,0,0,0,287.291,0,-157.698,-20.3497
"MtrElec",3,26,20,"",109.432,0,0,0,0,0,0,0,0,0,0,0,0,0,0,0,0,0,0,0,0,267.13,0,-157.698,0
"MtrElec",3,26,21,"",165.366,0,0,0,0,0,0,0,0,0,0,0,0,0,0,0,0,0,0,0,0,307.582,0,-142.215,0
"MtrElec",3,26,22,"",247.372,0,0,0,0,0,0,0,0,0,0,0,0,0,0,0,0,0,0,0,0,247.372,0,0,0
"MtrElec",3,26,23,"",197.056,0,0,0,0,0,0,0,0,0,0,0,0,0,0,0,0,0,0,0,0,197.056,0,0,0
"MtrElec",3,26,24,"",124.705,0,0,0,0,0,0,0,0,0,0,0,0,0,0,0,0,0,0,0,0,124.705,0,0,0
"MtrElec",3,27,1,"",124.007,0,0,0,0,0,0,0,0,0,0,0,0,0,0,0,0,0,0,0,0,124.007,0,0,0
"MtrElec",3,27,2,"",103.901,0,0,0,0,0,0,0,0,0,0,0,0,0,0,0,0,0,0,0,0,103.901,0,0,0
"MtrElec",3,27,3,"",88.4423,0,0,0,0,0,0,0,0,0,0,0,0,0,0,0,0,0,0,0,0,88.4423,0,0,0
"MtrElec",3,27,4,"",103.045,0,0,0,0,0,0,0,0,0,0,0,0,0,0,0,0,0,0,0,0,103.045,0,0,0
"MtrElec",3,27,5,"",144.965,0,0,0,0,0,0,0,0,0,0,0,0,0,0,0,0,0,0,0,0,144.965,0,0,0
"MtrElec",3,27,6,"",94.4429,0,0,0,0,0,0,0,0,0,0,0,0,0,0,0,0,0,0,0,0,94.4429,0,0,0
"MtrElec",3,27,7,"",171.395,0,0,0,0,0,0,0,0,0,0,0,0,0,0,0,0,0,0,0,0,171.395,0,0,0
"MtrElec",3,27,8,"",150.693,0,0,0,0,0,0,0,0,0,0,0,0,0,0,0,0,0,0,0,0,211.636,0,0,-60.9422
"MtrElec",3,27,9,"",93.8829,0,0,0,0,0,0,0,0,0,0,0,0,0,0,0,0,0,0,0,0,258.406,0,0,-164.523
"MtrElec",3,27,10,"",40.0881,0,0,0,0,0,0,0,0,0,0,0,0,0,0,0,0,0,0,0,0,248.379,0,0,-208.291
"MtrElec",3,27,11,"",0.0000020,0,0,0,0,0,0,0,0,0,0,0,0,0,0,0,0,0,0,0,0,285.699,0,28.003,-313.702
"MtrElec",3,27,12,"",-10.0493,0,0,0,0,0,0,0,0,0,0,0,0,0,0,0,0,0,0,0,0,198.521,0,157.698,-366.268
"MtrElec",3,27,13,"",-93.5269,0,0,0,0,0,0,0,0,0,0,0,0,0,0,0,0,0,0,0,0,182.451,0,157.698,-433.675
"MtrElec",3,27,14,"",0,0,0,0,0,0,0,0,0,0,0,0,0,0,0,0,0,0,0,0,0,164.891,0,126.69,-291.581
"MtrElec",3,27,15,"",0,0,0,0,0,0,0,0,0,0,0,0,0,0,0,0,0,0,0,0,0,150.357,0,43.8602,-194.217
"MtrElec",3,27,16,"",0,0,0,0,0,0,0,0,0,0,0,0,0,0,0,0,0,0,0,0,0,144.984,0,21.1962,-166.18
"MtrElec",3,27,17,"",59.8887,0,0,0,0,0,0,0,0,0,0,0,0,0,0,0,0,0,0,0,0,198.025,0,0,-138.136
"MtrElec",3,27,18,"",155.205,0,0,0,0,0,0,0,0,0,0,0,0,0,0,0,0,0,0,0,0,215.144,0,0,-59.9388
"MtrElec",3,27,19,"",72.1054,0,0,0,0,0,0,0,0,0,0,0,0,0,0,0,0,0,0,0,0,242.375,0,-157.698,-12.5711
"MtrElec",3,27,20,"",140.739,0,0,0,0,0,0,0,0,0,0,0,0,0,0,0,0,0,0,0,0,298.437,0,-157.698,0
"MtrElec",3,27,21,"",101.377,0,0,0,0,0,0,0,0,0,0,0,0,0,0,0,0,0,0,0,0,259.075,0,-157.698,0
"MtrElec",3,27,22,"",245.054,0,0,0,0,0,0,0,0,0,0,0,0,0,0,0,0,0,0,0,0,254.929,0,-9.87455,0
"MtrElec",3,27,23,"",191.983,0,0,0,0,0,0,0,0,0,0,0,0,0,0,0,0,0,0,0,0,191.983,0,0,0
"MtrElec",3,27,24,"",169.957,0,0,0,0,0,0,0,0,0,0,0,0,0,0,0,0,0,0,0,0,169.957,0,0,0
"MtrElec",3,28,1,"",120.28,0,0,0,0,0,0,0,0,0,0,0,0,0,0,0,0,0,0,0,0,120.28,0,0,0
"MtrElec",3,28,2,"",101.936,0,0,0,0,0,0,0,0,0,0,0,0,0,0,0,0,0,0,0,0,101.936,0,0,0
"MtrElec",3,28,3,"",92.9375,0,0,0,0,0,0,0,0,0,0,0,0,0,0,0,0,0,0,0,0,92.9375,0,0,0
"MtrElec",3,28,4,"",150.061,0,0,0,0,0,0,0,0,0,0,0,0,0,0,0,0,0,0,0,0,150.061,0,0,0
"MtrElec",3,28,5,"",125.329,0,0,0,0,0,0,0,0,0,0,0,0,0,0,0,0,0,0,0,0,125.329,0,0,0
"MtrElec",3,28,6,"",95.0336,0,0,0,0,0,0,0,0,0,0,0,0,0,0,0,0,0,0,0,0,95.0336,0,0,0
"MtrElec",3,28,7,"",118.626,0,0,0,0,0,0,0,0,0,0,0,0,0,0,0,0,0,0,0,0,118.626,0,0,0
"MtrElec",3,28,8,"",152.293,0,0,0,0,0,0,0,0,0,0,0,0,0,0,0,0,0,0,0,0,199.864,0,0,-47.5708
"MtrElec",3,28,9,"",67.7055,0,0,0,0,0,0,0,0,0,0,0,0,0,0,0,0,0,0,0,0,225.95,0,0,-158.245
"MtrElec",3,28,10,"",8.97694,0,0,0,0,0,0,0,0,0,0,0,0,0,0,0,0,0,0,0,0,285.599,0,0,-276.622
"MtrElec",3,28,11,"",0,0,0,0,0,0,0,0,0,0,0,0,0,0,0,0,0,0,0,0,0,297.923,0,72.2568,-370.18
"MtrElec",3,28,12,"",0.0000156,0,0,0,0,0,0,0,0,0,0,0,0,0,0,0,0,0,0,0,0,275.97,0,146.202,-422.172
"MtrElec",3,28,13,"",-27.4123,0,0,0,0,0,0,0,0,0,0,0,0,0,0,0,0,0,0,0,0,252.763,0,157.698,-437.873
"MtrElec",3,28,14,"",-24.8144,0,0,0,0,0,0,0,0,0,0,0,0,0,0,0,0,0,0,0,0,209.599,0,157.698,-392.111
"MtrElec",3,28,15,"",-98.6307,0,0,0,0,0,0,0,0,0,0,0,0,0,0,0,0,0,0,0,0,213.035,0,54.5304,-366.196
"MtrElec",3,28,16,"",-136.718,0,0,0,0,0,0,0,0,0,0,0,0,0,0,0,0,0,0,0,0,180.466,0,0,-317.183
"MtrElec",3,28,17,"",-52.924,0,0,0,0,0,0,0,0,0,0,0,0,0,0,0,0,0,0,0,0,206.316,0,0,-259.24
"MtrElec",3,28,18,"",94.0142,0,0,0,0,0,0,0,0,0,0,0,0,0,0,0,0,0,0,0,0,232.012,0,0,-137.997
"MtrElec",3,28,19,"",81.4289,0,0,0,0,0,0,0,0,0,0,0,0,0,0,0,0,0,0,0,0,269.146,0,-157.698,-30.0193
"MtrElec",3,28,20,"",118.276,0,0,0,0,0,0,0,0,0,0,0,0,0,0,0,0,0,0,0,0,275.974,0,-157.698,0
"MtrElec",3,28,21,"",52.036,0,0,0,0,0,0,0,0,0,0,0,0,0,0,0,0,0,0,0,0,209.734,0,-157.698,0
"MtrElec",3,28,22,"",213.187,0,0,0,0,0,0,0,0,0,0,0,0,0,0,0,0,0,0,0,0,271.11,0,-57.9237,0
"MtrElec",3,28,23,"",138.745,0,0,0,0,0,0,0,0,0,0,0,0,0,0,0,0,0,0,0,0,138.745,0,0,0
"MtrElec",3,28,24,"",168.772,0,0,0,0,0,0,0,0,0,0,0,0,0,0,0,0,0,0,0,0,168.772,0,0,0
"MtrElec",3,29,1,"",122.639,0,0,0,0,0,0,0,0,0,0,0,0,0,0,0,0,0,0,0,0,122.639,0,0,0
"MtrElec",3,29,2,"",101.888,0,0,0,0,0,0,0,0,0,0,0,0,0,0,0,0,0,0,0,0,101.888,0,0,0
"MtrElec",3,29,3,"",133.258,0,0,0,0,0,0,0,0,0,0,0,0,0,0,0,0,0,0,0,0,133.258,0,0,0
"MtrElec",3,29,4,"",106.848,0,0,0,0,0,0,0,0,0,0,0,0,0,0,0,0,0,0,0,0,106.848,0,0,0
"MtrElec",3,29,5,"",120.146,0,0,0,0,0,0,0,0,0,0,0,0,0,0,0,0,0,0,0,0,120.146,0,0,0
"MtrElec",3,29,6,"",89.2691,0,0,0,0,0,0,0,0,0,0,0,0,0,0,0,0,0,0,0,0,89.2691,0,0,0
"MtrElec",3,29,7,"",117.964,0,0,0,0,0,0,0,0,0,0,0,0,0,0,0,0,0,0,0,0,117.964,0,0,0
"MtrElec",3,29,8,"",161.581,0,0,0,0,0,0,0,0,0,0,0,0,0,0,0,0,0,0,0,0,205.126,0,0,-43.5452
"MtrElec",3,29,9,"",96.3765,0,0,0,0,0,0,0,0,0,0,0,0,0,0,0,0,0,0,0,0,224.63,0,0,-128.254
"MtrElec",3,29,10,"",54.4077,0,0,0,0,0,0,0,0,0,0,0,0,0,0,0,0,0,0,0,0,281.21,0,0,-226.802
"MtrElec",3,29,11,"",0,0,0,0,0,0,0,0,0,0,0,0,0,0,0,0,0,0,0,0,0,295.701,0,7.1235,-302.825
"MtrElec",3,29,12,"",-33.5403,0,0,0,0,0,0,0,0,0,0,0,0,0,0,0,0,0,0,0,0,222.047,0,157.698,-413.285
"MtrElec",3,29,13,"",0.0000156,0,0,0,0,0,0,0,0,0,0,0,0,0,0,0,0,0,0,0,0,288.425,0,151.429,-439.854
"MtrElec",3,29,14,"",-49.4788,0,0,0,0,0,0,0,0,0,0,0,0,0,0,0,0,0,0,0,0,194.725,0,157.698,-401.902
"MtrElec",3,29,15,"",-37.4649,0,0,0,0,0,0,0,0,0,0,0,0,0,0,0,0,0,0,0,0,205.326,0,114.437,-357.227
"MtrElec",3,29,16,"",-170.33,0,0,0,0,0,0,0,0,0,0,0,0,0,0,0,0,0,0,0,0,136.904,0,0,-307.233
"MtrElec",3,29,17,"",-4.93722,0,0,0,0,0,0,0,0,0,0,0,0,0,0,0,0,0,0,0,0,201.025,0,0,-205.962
"MtrElec",3,29,18,"",107.926,0,0,0,0,0,0,0,0,0,0,0,0,0,0,0,0,0,0,0,0,220.428,0,0,-112.503
"MtrElec",3,29,19,"",73.0294,0,0,0,0,0,0,0,0,0,0,0,0,0,0,0,0,0,0,0,0,255.292,0,-157.698,-24.5642
"MtrElec",3,29,20,"",89.7259,0,0,0,0,0,0,0,0,0,0,0,0,0,0,0,0,0,0,0,0,247.424,0,-157.698,0
"MtrElec",3,29,21,"",70.4527,0,0,0,0,0,0,0,0,0,0,0,0,0,0,0,0,0,0,0,0,228.151,0,-157.698,0
"MtrElec",3,29,22,"",120.898,0,0,0,0,0,0,0,0,0,0,0,0,0,0,0,0,0,0,0,0,178.822,0,-57.9237,0
"MtrElec",3,29,23,"",180.583,0,0,0,0,0,0,0,0,0,0,0,0,0,0,0,0,0,0,0,0,180.583,0,0,0
"MtrElec",3,29,24,"",150.287,0,0,0,0,0,0,0,0,0,0,0,0,0,0,0,0,0,0,0,0,150.287,0,0,0
"MtrElec",3,30,1,"",101.715,0,0,0,0,0,0,0,0,0,0,0,0,0,0,0,0,0,0,0,0,101.715,0,0,0
"MtrElec",3,30,2,"",143.583,0,0,0,0,0,0,0,0,0,0,0,0,0,0,0,0,0,0,0,0,143.583,0,0,0
"MtrElec",3,30,3,"",101.12,0,0,0,0,0,0,0,0,0,0,0,0,0,0,0,0,0,0,0,0,101.12,0,0,0
"MtrElec",3,30,4,"",88.2605,0,0,0,0,0,0,0,0,0,0,0,0,0,0,0,0,0,0,0,0,88.2605,0,0,0
"MtrElec",3,30,5,"",96.8041,0,0,0,0,0,0,0,0,0,0,0,0,0,0,0,0,0,0,0,0,96.8041,0,0,0
"MtrElec",3,30,6,"",102.902,0,0,0,0,0,0,0,0,0,0,0,0,0,0,0,0,0,0,0,0,102.902,0,0,0
"MtrElec",3,30,7,"",183.588,0,0,0,0,0,0,0,0,0,0,0,0,0,0,0,0,0,0,0,0,183.588,0,0,0
"MtrElec",3,30,8,"",219.26,0,0,0,0,0,0,0,0,0,0,0,0,0,0,0,0,0,0,0,0,267.249,0,0,-47.9887
"MtrElec",3,30,9,"",118.358,0,0,0,0,0,0,0,0,0,0,0,0,0,0,0,0,0,0,0,0,291.189,0,0,-172.831
"MtrElec",3,30,10,"",0,0,0,0,0,0,0,0,0,0,0,0,0,0,0,0,0,0,0,0,0,277.474,0,18.1801,-295.654
"MtrElec",3,30,11,"",-6.86953,0,0,0,0,0,0,0,0,0,0,0,0,0,0,0,0,0,0,0,0,228.108,0,157.698,-392.675
"MtrElec",3,30,12,"",-61.14,0,0,0,0,0,0,0,0,0,0,0,0,0,0,0,0,0,0,0,0,239.323,0,157.698,-458.161
"MtrElec",3,30,13,"",-100.02,0,0,0,0,0,0,0,0,0,0,0,0,0,0,0,0,0,0,0,0,230.326,0,157.698,-488.044
"MtrElec",3,30,14,"",-231.044,0,0,0,0,0,0,0,0,0,0,0,0,0,0,0,0,0,0,0,0,145.343,0,97.1112,-473.498
"MtrElec",3,30,15,"",-246.692,0,0,0,0,0,0,0,0,0,0,0,0,0,0,0,0,0,0,0,0,200.693,0,0,-447.385
"MtrElec",3,30,16,"",-179.007,0,0,0,0,0,0,0,0,0,0,0,0,0,0,0,0,0,0,0,0,205.885,0,0,-384.892
"MtrElec",3,30,17,"",-74.0977,0,0,0,0,0,0,0,0,0,0,0,0,0,0,0,0,0,0,0,0,209.755,0,0,-283.853
"MtrElec",3,30,18,"",84.0487,0,0,0,0,0,0,0,0,0,0,0,0,0,0,0,0,0,0,0,0,239.394,0,0,-155.345
"MtrElec",3,30,19,"",59.3557,0,0,0,0,0,0,0,0,0,0,0,0,0,0,0,0,0,0,0,0,251.297,0,-157.698,-34.2433
"MtrElec",3,30,20,"",64.491,0,0,0,0,0,0,0,0,0,0,0,0,0,0,0,0,0,0,0,0,222.189,0,-157.698,0
"MtrElec",3,30,21,"",109.133,0,0,0,0,0,0,0,0,0,0,0,0,0,0,0,0,0,0,0,0,266.831,0,-157.698,0
"MtrElec",3,30,22,"",183.517,0,0,0,0,0,0,0,0,0,0,0,0,0,0,0,0,0,0,0,0,241.441,0,-57.9237,0
"MtrElec",3,30,23,"",211.009,0,0,0,0,0,0,0,0,0,0,0,0,0,0,0,0,0,0,0,0,211.009,0,0,0
"MtrElec",3,30,24,"",173.712,0,0,0,0,0,0,0,0,0,0,0,0,0,0,0,0,0,0,0,0,173.712,0,0,0
"MtrElec",3,31,1,"",131.607,0,0,0,0,0,0,0,0,0,0,0,0,0,0,0,0,0,0,0,0,131.607,0,0,0
"MtrElec",3,31,2,"",99.8597,0,0,0,0,0,0,0,0,0,0,0,0,0,0,0,0,0,0,0,0,99.8597,0,0,0
"MtrElec",3,31,3,"",92.9962,0,0,0,0,0,0,0,0,0,0,0,0,0,0,0,0,0,0,0,0,92.9962,0,0,0
"MtrElec",3,31,4,"",101.759,0,0,0,0,0,0,0,0,0,0,0,0,0,0,0,0,0,0,0,0,101.759,0,0,0
"MtrElec",3,31,5,"",142.018,0,0,0,0,0,0,0,0,0,0,0,0,0,0,0,0,0,0,0,0,142.018,0,0,0
"MtrElec",3,31,6,"",114.788,0,0,0,0,0,0,0,0,0,0,0,0,0,0,0,0,0,0,0,0,114.788,0,0,0
"MtrElec",3,31,7,"",172.719,0,0,0,0,0,0,0,0,0,0,0,0,0,0,0,0,0,0,0,0,172.719,0,0,0
"MtrElec",3,31,8,"",188.42,0,0,0,0,0,0,0,0,0,0,0,0,0,0,0,0,0,0,0,0,239.264,0,0,-50.8446
"MtrElec",3,31,9,"",48.9168,0,0,0,0,0,0,0,0,0,0,0,0,0,0,0,0,0,0,0,0,215.635,0,0,-166.718
"MtrElec",3,31,10,"",47.4482,0,0,0,0,0,0,0,0,0,0,0,0,0,0,0,0,0,0,0,0,334.587,0,0,-287.138
"MtrElec",3,31,11,"",0.0000039,0,0,0,0,0,0,0,0,0,0,0,0,0,0,0,0,0,0,0,0,324.353,0,58.0469,-382.4
"MtrElec",3,31,12,"",0,0,0,0,0,0,0,0,0,0,0,0,0,0,0,0,0,0,0,0,0,304.051,0,137.983,-442.034
"MtrElec",3,31,13,"",-37.502,0,0,0,0,0,0,0,0,0,0,0,0,0,0,0,0,0,0,0,0,278.616,0,157.698,-473.815
"MtrElec",3,31,14,"",-80.1423,0,0,0,0,0,0,0,0,0,0,0,0,0,0,0,0,0,0,0,0,234.903,0,157.698,-472.743
"MtrElec",3,31,15,"",-86.693,0,0,0,0,0,0,0,0,0,0,0,0,0,0,0,0,0,0,0,0,274.397,0,76.9593,-438.05
"MtrElec",3,31,16,"",-183.333,0,0,0,0,0,0,0,0,0,0,0,0,0,0,0,0,0,0,0,0,192.474,0,0,-375.807
"MtrElec",3,31,17,"",-70.3752,0,0,0,0,0,0,0,0,0,0,0,0,0,0,0,0,0,0,0,0,207.388,0,0,-277.764
"MtrElec",3,31,18,"",130.617,0,0,0,0,0,0,0,0,0,0,0,0,0,0,0,0,0,0,0,0,283.445,0,0,-152.828
"MtrElec",3,31,19,"",105.823,0,0,0,0,0,0,0,0,0,0,0,0,0,0,0,0,0,0,0,0,298.255,0,-157.698,-34.7342
"MtrElec",3,31,20,"",59.7185,0,0,0,0,0,0,0,0,0,0,0,0,0,0,0,0,0,0,0,0,217.416,0,-157.698,0
"MtrElec",3,31,21,"",72.3274,0,0,0,0,0,0,0,0,0,0,0,0,0,0,0,0,0,0,0,0,230.025,0,-157.698,0
"MtrElec",3,31,22,"",117.55,0,0,0,0,0,0,0,0,0,0,0,0,0,0,0,0,0,0,0,0,175.473,0,-57.9237,0
"MtrElec",3,31,23,"",180.202,0,0,0,0,0,0,0,0,0,0,0,0,0,0,0,0,0,0,0,0,180.202,0,0,0
"MtrElec",3,31,24,"",153.81,0,0,0,0,0,0,0,0,0,0,0,0,0,0,0,0,0,0,0,0,153.81,0,0,0
"MtrElec",4,1,1,"",129.06,0,0,0,0,0,0,0,0,0,0,0,0,0,0,0,0,0,0,0,0,129.06,0,0,0
"MtrElec",4,1,2,"",104.694,0,0,0,0,0,0,0,0,0,0,0,0,0,0,0,0,0,0,0,0,104.694,0,0,0
"MtrElec",4,1,3,"",98.2826,0,0,0,0,0,0,0,0,0,0,0,0,0,0,0,0,0,0,0,0,98.2826,0,0,0
"MtrElec",4,1,4,"",88.993,0,0,0,0,0,0,0,0,0,0,0,0,0,0,0,0,0,0,0,0,88.993,0,0,0
"MtrElec",4,1,5,"",92.3305,0,0,0,0,0,0,0,0,0,0,0,0,0,0,0,0,0,0,0,0,92.3305,0,0,0
"MtrElec",4,1,6,"",127.062,0,0,0,0,0,0,0,0,0,0,0,0,0,0,0,0,0,0,0,0,127.062,0,0,0
"MtrElec",4,1,7,"",168.916,0,0,0,0,0,0,0,0,0,0,0,0,0,0,0,0,0,0,0,0,168.916,0,0,0
"MtrElec",4,1,8,"",180.824,0,0,0,0,0,0,0,0,0,0,0,0,0,0,0,0,0,0,0,0,228.579,0,0,-47.7544
"MtrElec",4,1,9,"",59.2508,0,0,0,0,0,0,0,0,0,0,0,0,0,0,0,0,0,0,0,0,224.136,0,0,-164.885
"MtrElec",4,1,10,"",0,0,0,0,0,0,0,0,0,0,0,0,0,0,0,0,0,0,0,0,0,253.658,0,24.6093,-278.267
"MtrElec",4,1,11,"",0,0,0,0,0,0,0,0,0,0,0,0,0,0,0,0,0,0,0,0,0,220.162,0,140.634,-360.796
"MtrElec",4,1,12,"",-83.5266,0,0,0,0,0,0,0,0,0,0,0,0,0,0,0,0,0,0,0,0,173.041,0,157.698,-414.266
"MtrElec",4,1,13,"",-68.1795,0,0,0,0,0,0,0,0,0,0,0,0,0,0,0,0,0,0,0,0,218.074,0,157.698,-443.952
"MtrElec",4,1,14,"",-178.1,0,0,0,0,0,0,0,0,0,0,0,0,0,0,0,0,0,0,0,0,155.706,0,107.746,-441.551
"MtrElec",4,1,15,"",-274.555,0,0,0,0,0,0,0,0,0,0,0,0,0,0,0,0,0,0,0,0,140.862,0,0,-415.418
"MtrElec",4,1,16,"",-183.173,0,0,0,0,0,0,0,0,0,0,0,0,0,0,0,0,0,0,0,0,172.704,0,0,-355.877
"MtrElec",4,1,17,"",-50.9671,0,0,0,0,0,0,0,0,0,0,0,0,0,0,0,0,0,0,0,0,213.511,0,0,-264.478
"MtrElec",4,1,18,"",52.9605,0,0,0,0,0,0,0,0,0,0,0,0,0,0,0,0,0,0,0,0,200.656,0,0,-147.696
"MtrElec",4,1,19,"",56.2377,0,0,0,0,0,0,0,0,0,0,0,0,0,0,0,0,0,0,0,0,247.381,0,-157.698,-33.4454
"MtrElec",4,1,20,"",107.821,0,0,0,0,0,0,0,0,0,0,0,0,0,0,0,0,0,0,0,0,265.519,0,-157.698,0
"MtrElec",4,1,21,"",92.6166,0,0,0,0,0,0,0,0,0,0,0,0,0,0,0,0,0,0,0,0,250.315,0,-157.698,0
"MtrElec",4,1,22,"",174.074,0,0,0,0,0,0,0,0,0,0,0,0,0,0,0,0,0,0,0,0,231.998,0,-57.9237,0
"MtrElec",4,1,23,"",266.219,0,0,0,0,0,0,0,0,0,0,0,0,0,0,0,0,0,0,0,0,266.219,0,0,0
"MtrElec",4,1,24,"",172.139,0,0,0,0,0,0,0,0,0,0,0,0,0,0,0,0,0,0,0,0,172.139,0,0,0
"MtrElec",4,2,1,"",121.42,0,0,0,0,0,0,0,0,0,0,0,0,0,0,0,0,0,0,0,0,121.42,0,0,0
"MtrElec",4,2,2,"",104.231,0,0,0,0,0,0,0,0,0,0,0,0,0,0,0,0,0,0,0,0,104.231,0,0,0
"MtrElec",4,2,3,"",88.3543,0,0,0,0,0,0,0,0,0,0,0,0,0,0,0,0,0,0,0,0,88.3543,0,0,0
"MtrElec",4,2,4,"",115.755,0,0,0,0,0,0,0,0,0,0,0,0,0,0,0,0,0,0,0,0,115.755,0,0,0
"MtrElec",4,2,5,"",117.185,0,0,0,0,0,0,0,0,0,0,0,0,0,0,0,0,0,0,0,0,117.185,0,0,0
"MtrElec",4,2,6,"",93.337,0,0,0,0,0,0,0,0,0,0,0,0,0,0,0,0,0,0,0,0,93.337,0,0,0
"MtrElec",4,2,7,"",173.074,0,0,0,0,0,0,0,0,0,0,0,0,0,0,0,0,0,0,0,0,173.074,0,0,0
"MtrElec",4,2,8,"",167.769,0,0,0,0,0,0,0,0,0,0,0,0,0,0,0,0,0,0,0,0,238.257,0,0,-70.4885
"MtrElec",4,2,9,"",118.835,0,0,0,0,0,0,0,0,0,0,0,0,0,0,0,0,0,0,0,0,212.973,0,0,-94.1385
"MtrElec",4,2,10,"",0,0,0,0,0,0,0,0,0,0,0,0,0,0,0,0,0,0,0,0,0,257.35,0,2.11352,-259.464
"MtrElec",4,2,11,"",0,0,0,0,0,0,0,0,0,0,0,0,0,0,0,0,0,0,0,0,0,211.214,0,145.032,-356.246
"MtrElec",4,2,12,"",0.0000039,0,0,0,0,0,0,0,0,0,0,0,0,0,0,0,0,0,0,0,0,210.535,0,48.0728,-258.608
"MtrElec",4,2,13,"",-5.55395,0,0,0,0,0,0,0,0,0,0,0,0,0,0,0,0,0,0,0,0,236.982,0,157.698,-400.234
"MtrElec",4,2,14,"",-28.8141,0,0,0,0,0,0,0,0,0,0,0,0,0,0,0,0,0,0,0,0,143.643,0,157.698,-330.155
"MtrElec",4,2,15,"",-80.2922,0,0,0,0,0,0,0,0,0,0,0,0,0,0,0,0,0,0,0,0,181.22,0,77.7708,-339.284
"MtrElec",4,2,16,"",-167.986,0,0,0,0,0,0,0,0,0,0,0,0,0,0,0,0,0,0,0,0,154.875,0,0,-322.861
"MtrElec",4,2,17,"",-47.7644,0,0,0,0,0,0,0,0,0,0,0,0,0,0,0,0,0,0,0,0,195.998,0,0,-243.762
"MtrElec",4,2,18,"",60.934,0,0,0,0,0,0,0,0,0,0,0,0,0,0,0,0,0,0,0,0,211.536,0,0,-150.602
"MtrElec",4,2,19,"",21.5234,0,0,0,0,0,0,0,0,0,0,0,0,0,0,0,0,0,0,0,0,213.894,0,-157.698,-34.6724
"MtrElec",4,2,20,"",59.6192,0,0,0,0,0,0,0,0,0,0,0,0,0,0,0,0,0,0,0,0,217.317,0,-157.698,0
"MtrElec",4,2,21,"",102.162,0,0,0,0,0,0,0,0,0,0,0,0,0,0,0,0,0,0,0,0,259.86,0,-157.698,0
"MtrElec",4,2,22,"",113.85,0,0,0,0,0,0,0,0,0,0,0,0,0,0,0,0,0,0,0,0,171.774,0,-57.9237,0
"MtrElec",4,2,23,"",219.734,0,0,0,0,0,0,0,0,0,0,0,0,0,0,0,0,0,0,0,0,219.734,0,0,0
"MtrElec",4,2,24,"",151.178,0,0,0,0,0,0,0,0,0,0,0,0,0,0,0,0,0,0,0,0,151.178,0,0,0
"MtrElec",4,3,1,"",155.21,0,0,0,0,0,0,0,0,0,0,0,0,0,0,0,0,0,0,0,0,155.21,0,0,0
"MtrElec",4,3,2,"",105.093,0,0,0,0,0,0,0,0,0,0,0,0,0,0,0,0,0,0,0,0,105.093,0,0,0
"MtrElec",4,3,3,"",90.9168,0,0,0,0,0,0,0,0,0,0,0,0,0,0,0,0,0,0,0,0,90.9168,0,0,0
"MtrElec",4,3,4,"",116.765,0,0,0,0,0,0,0,0,0,0,0,0,0,0,0,0,0,0,0,0,116.765,0,0,0
"MtrElec",4,3,5,"",101.937,0,0,0,0,0,0,0,0,0,0,0,0,0,0,0,0,0,0,0,0,101.937,0,0,0
"MtrElec",4,3,6,"",134.713,0,0,0,0,0,0,0,0,0,0,0,0,0,0,0,0,0,0,0,0,134.713,0,0,0
"MtrElec",4,3,7,"",160.71,0,0,0,0,0,0,0,0,0,0,0,0,0,0,0,0,0,0,0,0,160.71,0,0,0
"MtrElec",4,3,8,"",192.844,0,0,0,0,0,0,0,0,0,0,0,0,0,0,0,0,0,0,0,0,234.931,0,0,-42.0868
"MtrElec",4,3,9,"",241.92,0,0,0,0,0,0,0,0,0,0,0,0,0,0,0,0,0,0,0,0,253.293,0,0,-11.3733
"MtrElec",4,3,10,"",143.463,0,0,0,0,0,0,0,0,0,0,0,0,0,0,0,0,0,0,0,0,226.272,0,0,-82.8086
"MtrElec",4,3,11,"",6.14127,0,0,0,0,0,0,0,0,0,0,0,0,0,0,0,0,0,0,0,0,225.702,0,0,-219.561
"MtrElec",4,3,12,"",-65.0629,0,0,0,0,0,0,0,0,0,0,0,0,0,0,0,0,0,0,0,0,190.435,0,157.698,-413.195
"MtrElec",4,3,13,"",0.0000078,0,0,0,0,0,0,0,0,0,0,0,0,0,0,0,0,0,0,0,0,209.059,0,114.07,-323.129
"MtrElec",4,3,14,"",0.0000039,0,0,0,0,0,0,0,0,0,0,0,0,0,0,0,0,0,0,0,0,164.024,0,62.6222,-226.646
"MtrElec",4,3,15,"",36.583,0,0,0,0,0,0,0,0,0,0,0,0,0,0,0,0,0,0,0,0,156.362,0,0,-119.779
"MtrElec",4,3,16,"",65.6533,0,0,0,0,0,0,0,0,0,0,0,0,0,0,0,0,0,0,0,0,157.898,0,0,-92.2445
"MtrElec",4,3,17,"",102.644,0,0,0,0,0,0,0,0,0,0,0,0,0,0,0,0,0,0,0,0,224.074,0,0,-121.43
"MtrElec",4,3,18,"",55.238,0,0,0,0,0,0,0,0,0,0,0,0,0,0,0,0,0,0,0,0,205.836,0,0,-150.598
"MtrElec",4,3,19,"",40.7416,0,0,0,0,0,0,0,0,0,0,0,0,0,0,0,0,0,0,0,0,233.528,0,-157.698,-35.0886
"MtrElec",4,3,20,"",117.16,0,0,0,0,0,0,0,0,0,0,0,0,0,0,0,0,0,0,0,0,261.248,0,-144.089,0
"MtrElec",4,3,21,"",266.431,0,0,0,0,0,0,0,0,0,0,0,0,0,0,0,0,0,0,0,0,266.431,0,0,0
"MtrElec",4,3,22,"",228.805,0,0,0,0,0,0,0,0,0,0,0,0,0,0,0,0,0,0,0,0,228.805,0,0,0
"MtrElec",4,3,23,"",200.9,0,0,0,0,0,0,0,0,0,0,0,0,0,0,0,0,0,0,0,0,200.9,0,0,0
"MtrElec",4,3,24,"",152.311,0,0,0,0,0,0,0,0,0,0,0,0,0,0,0,0,0,0,0,0,152.311,0,0,0
"MtrElec",4,4,1,"",112.579,0,0,0,0,0,0,0,0,0,0,0,0,0,0,0,0,0,0,0,0,112.579,0,0,0
"MtrElec",4,4,2,"",99.6287,0,0,0,0,0,0,0,0,0,0,0,0,0,0,0,0,0,0,0,0,99.6287,0,0,0
"MtrElec",4,4,3,"",128.347,0,0,0,0,0,0,0,0,0,0,0,0,0,0,0,0,0,0,0,0,128.347,0,0,0
"MtrElec",4,4,4,"",101.948,0,0,0,0,0,0,0,0,0,0,0,0,0,0,0,0,0,0,0,0,101.948,0,0,0
"MtrElec",4,4,5,"",104.036,0,0,0,0,0,0,0,0,0,0,0,0,0,0,0,0,0,0,0,0,104.036,0,0,0
"MtrElec",4,4,6,"",91.3863,0,0,0,0,0,0,0,0,0,0,0,0,0,0,0,0,0,0,0,0,91.3863,0,0,0
"MtrElec",4,4,7,"",162.482,0,0,0,0,0,0,0,0,0,0,0,0,0,0,0,0,0,0,0,0,165.164,0,0,-2.68245
"MtrElec",4,4,8,"",113.779,0,0,0,0,0,0,0,0,0,0,0,0,0,0,0,0,0,0,0,0,166.878,0,0,-53.0985
"MtrElec",4,4,9,"",36.2319,0,0,0,0,0,0,0,0,0,0,0,0,0,0,0,0,0,0,0,0,216.186,0,0,-179.954
"MtrElec",4,4,10,"",0.0000020,0,0,0,0,0,0,0,0,0,0,0,0,0,0,0,0,0,0,0,0,278.415,0,20.332,-298.747
"MtrElec",4,4,11,"",-16.2911,0,0,0,0,0,0,0,0,0,0,0,0,0,0,0,0,0,0,0,0,213.155,0,157.698,-387.144
"MtrElec",4,4,12,"",-78.1439,0,0,0,0,0,0,0,0,0,0,0,0,0,0,0,0,0,0,0,0,206.785,0,157.698,-442.626
"MtrElec",4,4,13,"",-80.8611,0,0,0,0,0,0,0,0,0,0,0,0,0,0,0,0,0,0,0,0,230.288,0,157.698,-468.847
"MtrElec",4,4,14,"",-178.237,0,0,0,0,0,0,0,0,0,0,0,0,0,0,0,0,0,0,0,0,197.043,0,94.9592,-470.239
"MtrElec",4,4,15,"",-232.811,0,0,0,0,0,0,0,0,0,0,0,0,0,0,0,0,0,0,0,0,194.115,0,0,-426.925
"MtrElec",4,4,16,"",-198.289,0,0,0,0,0,0,0,0,0,0,0,0,0,0,0,0,0,0,0,0,149.28,0,0,-347.569
"MtrElec",4,4,17,"",-64.2181,0,0,0,0,0,0,0,0,0,0,0,0,0,0,0,0,0,0,0,0,203.514,0,0,-267.732
"MtrElec",4,4,18,"",96.4678,0,0,0,0,0,0,0,0,0,0,0,0,0,0,0,0,0,0,0,0,247.557,0,0,-151.089
"MtrElec",4,4,19,"",96.724,0,0,0,0,0,0,0,0,0,0,0,0,0,0,0,0,0,0,0,0,289.497,0,-157.698,-35.0749
"MtrElec",4,4,20,"",118.498,0,0,0,0,0,0,0,0,0,0,0,0,0,0,0,0,0,0,0,0,276.196,0,-157.698,0
"MtrElec",4,4,21,"",105.201,0,0,0,0,0,0,0,0,0,0,0,0,0,0,0,0,0,0,0,0,262.899,0,-157.698,0
"MtrElec",4,4,22,"",223.561,0,0,0,0,0,0,0,0,0,0,0,0,0,0,0,0,0,0,0,0,281.485,0,-57.9237,0
"MtrElec",4,4,23,"",206.834,0,0,0,0,0,0,0,0,0,0,0,0,0,0,0,0,0,0,0,0,206.834,0,0,0
"MtrElec",4,4,24,"",175.271,0,0,0,0,0,0,0,0,0,0,0,0,0,0,0,0,0,0,0,0,175.271,0,0,0
"MtrElec",4,5,1,"",111.943,0,0,0,0,0,0,0,0,0,0,0,0,0,0,0,0,0,0,0,0,111.943,0,0,0
"MtrElec",4,5,2,"",102.698,0,0,0,0,0,0,0,0,0,0,0,0,0,0,0,0,0,0,0,0,102.698,0,0,0
"MtrElec",4,5,3,"",97.997,0,0,0,0,0,0,0,0,0,0,0,0,0,0,0,0,0,0,0,0,97.997,0,0,0
"MtrElec",4,5,4,"",90.9813,0,0,0,0,0,0,0,0,0,0,0,0,0,0,0,0,0,0,0,0,90.9813,0,0,0
"MtrElec",4,5,5,"",150.87,0,0,0,0,0,0,0,0,0,0,0,0,0,0,0,0,0,0,0,0,150.87,0,0,0
"MtrElec",4,5,6,"",97.5951,0,0,0,0,0,0,0,0,0,0,0,0,0,0,0,0,0,0,0,0,97.5951,0,0,0
"MtrElec",4,5,7,"",101.156,0,0,0,0,0,0,0,0,0,0,0,0,0,0,0,0,0,0,0,0,104.331,0,0,-3.17557
"MtrElec",4,5,8,"",141.09,0,0,0,0,0,0,0,0,0,0,0,0,0,0,0,0,0,0,0,0,194.504,0,0,-53.4138
"MtrElec",4,5,9,"",64.2083,0,0,0,0,0,0,0,0,0,0,0,0,0,0,0,0,0,0,0,0,243.141,0,0,-178.933
"MtrElec",4,5,10,"",0,0,0,0,0,0,0,0,0,0,0,0,0,0,0,0,0,0,0,0,0,242.476,0,54.8086,-297.284
"MtrElec",4,5,11,"",0,0,0,0,0,0,0,0,0,0,0,0,0,0,0,0,0,0,0,0,0,277.311,0,105.932,-383.243
"MtrElec",4,5,12,"",-35.5232,0,0,0,0,0,0,0,0,0,0,0,0,0,0,0,0,0,0,0,0,248.37,0,157.698,-441.592
"MtrElec",4,5,13,"",-60.9407,0,0,0,0,0,0,0,0,0,0,0,0,0,0,0,0,0,0,0,0,250.771,0,157.698,-469.41
"MtrElec",4,5,14,"",-105.66,0,0,0,0,0,0,0,0,0,0,0,0,0,0,0,0,0,0,0,0,211.82,0,112.248,-429.727
"MtrElec",4,5,15,"",-138.002,0,0,0,0,0,0,0,0,0,0,0,0,0,0,0,0,0,0,0,0,223.523,0,0,-361.525
"MtrElec",4,5,16,"",-126.222,0,0,0,0,0,0,0,0,0,0,0,0,0,0,0,0,0,0,0,0,196.684,0,0,-322.906
"MtrElec",4,5,17,"",-41.058,0,0,0,0,0,0,0,0,0,0,0,0,0,0,0,0,0,0,0,0,208.975,0,0,-250.033
"MtrElec",4,5,18,"",75.3654,0,0,0,0,0,0,0,0,0,0,0,0,0,0,0,0,0,0,0,0,221.804,0,0,-146.439
"MtrElec",4,5,19,"",105.113,0,0,0,0,0,0,0,0,0,0,0,0,0,0,0,0,0,0,0,0,299.53,0,-157.698,-36.7189
"MtrElec",4,5,20,"",124.701,0,0,0,0,0,0,0,0,0,0,0,0,0,0,0,0,0,0,0,0,282.399,0,-157.698,0
"MtrElec",4,5,21,"",59.3537,0,0,0,0,0,0,0,0,0,0,0,0,0,0,0,0,0,0,0,0,217.052,0,-157.698,0
"MtrElec",4,5,22,"",191.725,0,0,0,0,0,0,0,0,0,0,0,0,0,0,0,0,0,0,0,0,249.649,0,-57.9237,0
"MtrElec",4,5,23,"",194.269,0,0,0,0,0,0,0,0,0,0,0,0,0,0,0,0,0,0,0,0,194.269,0,0,0
"MtrElec",4,5,24,"",152.706,0,0,0,0,0,0,0,0,0,0,0,0,0,0,0,0,0,0,0,0,152.706,0,0,0
"MtrElec",4,6,1,"",118.094,0,0,0,0,0,0,0,0,0,0,0,0,0,0,0,0,0,0,0,0,118.094,0,0,0
"MtrElec",4,6,2,"",102.158,0,0,0,0,0,0,0,0,0,0,0,0,0,0,0,0,0,0,0,0,102.158,0,0,0
"MtrElec",4,6,3,"",90.3016,0,0,0,0,0,0,0,0,0,0,0,0,0,0,0,0,0,0,0,0,90.3016,0,0,0
"MtrElec",4,6,4,"",118.475,0,0,0,0,0,0,0,0,0,0,0,0,0,0,0,0,0,0,0,0,118.475,0,0,0
"MtrElec",4,6,5,"",124.946,0,0,0,0,0,0,0,0,0,0,0,0,0,0,0,0,0,0,0,0,124.946,0,0,0
"MtrElec",4,6,6,"",90.8929,0,0,0,0,0,0,0,0,0,0,0,0,0,0,0,0,0,0,0,0,90.8929,0,0,0
"MtrElec",4,6,7,"",189.594,0,0,0,0,0,0,0,0,0,0,0,0,0,0,0,0,0,0,0,0,189.594,0,0,0
"MtrElec",4,6,8,"",231.633,0,0,0,0,0,0,0,0,0,0,0,0,0,0,0,0,0,0,0,0,248.298,0,0,-16.665
"MtrElec",4,6,9,"",185.421,0,0,0,0,0,0,0,0,0,0,0,0,0,0,0,0,0,0,0,0,255.08,0,0,-69.6588
"MtrElec",4,6,10,"",143.492,0,0,0,0,0,0,0,0,0,0,0,0,0,0,0,0,0,0,0,0,229.876,0,0,-86.3834
"MtrElec",4,6,11,"",94.3967,0,0,0,0,0,0,0,0,0,0,0,0,0,0,0,0,0,0,0,0,208.913,0,0,-114.517
"MtrElec",4,6,12,"",19.2758,0,0,0,0,0,0,0,0,0,0,0,0,0,0,0,0,0,0,0,0,234.864,0,0,-215.588
"MtrElec",4,6,13,"",0.0000078,0,0,0,0,0,0,0,0,0,0,0,0,0,0,0,0,0,0,0,0,182.554,0,95.7917,-278.345
"MtrElec",4,6,14,"",0,0,0,0,0,0,0,0,0,0,0,0,0,0,0,0,0,0,0,0,0,172.268,0,71.3593,-243.627
"MtrElec",4,6,15,"",0,0,0,0,0,0,0,0,0,0,0,0,0,0,0,0,0,0,0,0,0,165.83,0,63.045,-228.875
"MtrElec",4,6,16,"",0,0,0,0,0,0,0,0,0,0,0,0,0,0,0,0,0,0,0,0,0,153.164,0,102.562,-255.725
"MtrElec",4,6,17,"",0,0,0,0,0,0,0,0,0,0,0,0,0,0,0,0,0,0,0,0,0,220.461,0,19.4541,-239.915
"MtrElec",4,6,18,"",64.8245,0,0,0,0,0,0,0,0,0,0,0,0,0,0,0,0,0,0,0,0,207.731,0,0,-142.907
"MtrElec",4,6,19,"",53.7169,0,0,0,0,0,0,0,0,0,0,0,0,0,0,0,0,0,0,0,0,246.156,0,-157.698,-34.7406
"MtrElec",4,6,20,"",104.474,0,0,0,0,0,0,0,0,0,0,0,0,0,0,0,0,0,0,0,0,262.172,0,-157.698,0
"MtrElec",4,6,21,"",265.315,0,0,0,0,0,0,0,0,0,0,0,0,0,0,0,0,0,0,0,0,267.79,0,-2.47517,0
"MtrElec",4,6,22,"",225.68,0,0,0,0,0,0,0,0,0,0,0,0,0,0,0,0,0,0,0,0,225.68,0,0,0
"MtrElec",4,6,23,"",195.249,0,0,0,0,0,0,0,0,0,0,0,0,0,0,0,0,0,0,0,0,195.249,0,0,0
"MtrElec",4,6,24,"",156.255,0,0,0,0,0,0,0,0,0,0,0,0,0,0,0,0,0,0,0,0,156.255,0,0,0
"MtrElec",4,7,1,"",126.962,0,0,0,0,0,0,0,0,0,0,0,0,0,0,0,0,0,0,0,0,126.962,0,0,0
"MtrElec",4,7,2,"",103.426,0,0,0,0,0,0,0,0,0,0,0,0,0,0,0,0,0,0,0,0,103.426,0,0,0
"MtrElec",4,7,3,"",86.3449,0,0,0,0,0,0,0,0,0,0,0,0,0,0,0,0,0,0,0,0,86.3449,0,0,0
"MtrElec",4,7,4,"",144.183,0,0,0,0,0,0,0,0,0,0,0,0,0,0,0,0,0,0,0,0,144.183,0,0,0
"MtrElec",4,7,5,"",95.8385,0,0,0,0,0,0,0,0,0,0,0,0,0,0,0,0,0,0,0,0,95.8385,0,0,0
"MtrElec",4,7,6,"",104.571,0,0,0,0,0,0,0,0,0,0,0,0,0,0,0,0,0,0,0,0,104.571,0,0,0
"MtrElec",4,7,7,"",187.733,0,0,0,0,0,0,0,0,0,0,0,0,0,0,0,0,0,0,0,0,191.2,0,0,-3.467
"MtrElec",4,7,8,"",177.301,0,0,0,0,0,0,0,0,0,0,0,0,0,0,0,0,0,0,0,0,233.865,0,0,-56.5639
"MtrElec",4,7,9,"",134.771,0,0,0,0,0,0,0,0,0,0,0,0,0,0,0,0,0,0,0,0,249.348,0,0,-114.577
"MtrElec",4,7,10,"",148.417,0,0,0,0,0,0,0,0,0,0,0,0,0,0,0,0,0,0,0,0,264.294,0,0,-115.877
"MtrElec",4,7,11,"",0,0,0,0,0,0,0,0,0,0,0,0,0,0,0,0,0,0,0,0,0,266.728,0,50.3462,-317.074
"MtrElec",4,7,12,"",-74.221,0,0,0,0,0,0,0,0,0,0,0,0,0,0,0,0,0,0,0,0,213.604,0,157.698,-445.523
"MtrElec",4,7,13,"",-50.1098,0,0,0,0,0,0,0,0,0,0,0,0,0,0,0,0,0,0,0,0,248.606,0,157.698,-456.414
"MtrElec",4,7,14,"",-80.8081,0,0,0,0,0,0,0,0,0,0,0,0,0,0,0,0,0,0,0,0,168.39,0,157.698,-406.897
"MtrElec",4,7,15,"",-243.604,0,0,0,0,0,0,0,0,0,0,0,0,0,0,0,0,0,0,0,0,141.115,0,64.945,-449.664
"MtrElec",4,7,16,"",-115.117,0,0,0,0,0,0,0,0,0,0,0,0,0,0,0,0,0,0,0,0,195.577,0,0,-310.694
"MtrElec",4,7,17,"",7.42712,0,0,0,0,0,0,0,0,0,0,0,0,0,0,0,0,0,0,0,0,181.948,0,0,-174.521
"MtrElec",4,7,18,"",178.845,0,0,0,0,0,0,0,0,0,0,0,0,0,0,0,0,0,0,0,0,224.188,0,0,-45.3423
"MtrElec",4,7,19,"",85.3848,0,0,0,0,0,0,0,0,0,0,0,0,0,0,0,0,0,0,0,0,266.919,0,-157.698,-23.8363
"MtrElec",4,7,20,"",79.8811,0,0,0,0,0,0,0,0,0,0,0,0,0,0,0,0,0,0,0,0,237.579,0,-157.698,0
"MtrElec",4,7,21,"",148.557,0,0,0,0,0,0,0,0,0,0,0,0,0,0,0,0,0,0,0,0,306.255,0,-157.698,0
"MtrElec",4,7,22,"",132.25,0,0,0,0,0,0,0,0,0,0,0,0,0,0,0,0,0,0,0,0,190.173,0,-57.9237,0
"MtrElec",4,7,23,"",235.22,0,0,0,0,0,0,0,0,0,0,0,0,0,0,0,0,0,0,0,0,235.22,0,0,0
"MtrElec",4,7,24,"",180.942,0,0,0,0,0,0,0,0,0,0,0,0,0,0,0,0,0,0,0,0,180.942,0,0,0
"MtrElec",4,8,1,"",132.785,0,0,0,0,0,0,0,0,0,0,0,0,0,0,0,0,0,0,0,0,132.785,0,0,0
"MtrElec",4,8,2,"",103.075,0,0,0,0,0,0,0,0,0,0,0,0,0,0,0,0,0,0,0,0,103.075,0,0,0
"MtrElec",4,8,3,"",96.1797,0,0,0,0,0,0,0,0,0,0,0,0,0,0,0,0,0,0,0,0,96.1797,0,0,0
"MtrElec",4,8,4,"",105.058,0,0,0,0,0,0,0,0,0,0,0,0,0,0,0,0,0,0,0,0,105.058,0,0,0
"MtrElec",4,8,5,"",101.526,0,0,0,0,0,0,0,0,0,0,0,0,0,0,0,0,0,0,0,0,101.526,0,0,0
"MtrElec",4,8,6,"",157.067,0,0,0,0,0,0,0,0,0,0,0,0,0,0,0,0,0,0,0,0,157.067,0,0,0
"MtrElec",4,8,7,"",159.176,0,0,0,0,0,0,0,0,0,0,0,0,0,0,0,0,0,0,0,0,163.832,0,0,-4.65553
"MtrElec",4,8,8,"",146.634,0,0,0,0,0,0,0,0,0,0,0,0,0,0,0,0,0,0,0,0,230.114,0,0,-83.4808
"MtrElec",4,8,9,"",82.5386,0,0,0,0,0,0,0,0,0,0,0,0,0,0,0,0,0,0,0,0,254.988,0,0,-172.449
"MtrElec",4,8,10,"",38.6873,0,0,0,0,0,0,0,0,0,0,0,0,0,0,0,0,0,0,0,0,262.028,0,0,-223.34
"MtrElec",4,8,11,"",-31.3228,0,0,0,0,0,0,0,0,0,0,0,0,0,0,0,0,0,0,0,0,201.261,0,157.698,-390.281
"MtrElec",4,8,12,"",0,0,0,0,0,0,0,0,0,0,0,0,0,0,0,0,0,0,0,0,0,210.526,0,152.393,-362.919
"MtrElec",4,8,13,"",58.4533,0,0,0,0,0,0,0,0,0,0,0,0,0,0,0,0,0,0,0,0,212.668,0,0,-154.215
"MtrElec",4,8,14,"",0,0,0,0,0,0,0,0,0,0,0,0,0,0,0,0,0,0,0,0,0,124.847,0,21.4651,-146.313
"MtrElec",4,8,15,"",0,0,0,0,0,0,0,0,0,0,0,0,0,0,0,0,0,0,0,0,0,167.992,0,32.7403,-200.733
"MtrElec",4,8,16,"",0,0,0,0,0,0,0,0,0,0,0,0,0,0,0,0,0,0,0,0,0,126.089,0,92.6694,-218.758
"MtrElec",4,8,17,"",116.926,0,0,0,0,0,0,0,0,0,0,0,0,0,0,0,0,0,0,0,0,217.937,0,0,-101.011
"MtrElec",4,8,18,"",95.8757,0,0,0,0,0,0,0,0,0,0,0,0,0,0,0,0,0,0,0,0,212.843,0,0,-116.967
"MtrElec",4,8,19,"",75.843,0,0,0,0,0,0,0,0,0,0,0,0,0,0,0,0,0,0,0,0,270.089,0,-157.698,-36.548
"MtrElec",4,8,20,"",114.689,0,0,0,0,0,0,0,0,0,0,0,0,0,0,0,0,0,0,0,0,272.387,0,-157.698,0
"MtrElec",4,8,21,"",235.955,0,0,0,0,0,0,0,0,0,0,0,0,0,0,0,0,0,0,0,0,332.971,0,-97.0161,0
"MtrElec",4,8,22,"",212.419,0,0,0,0,0,0,0,0,0,0,0,0,0,0,0,0,0,0,0,0,212.419,0,0,0
"MtrElec",4,8,23,"",228.921,0,0,0,0,0,0,0,0,0,0,0,0,0,0,0,0,0,0,0,0,228.921,0,0,0
"MtrElec",4,8,24,"",132.614,0,0,0,0,0,0,0,0,0,0,0,0,0,0,0,0,0,0,0,0,132.614,0,0,0
"MtrElec",4,9,1,"",153.74,0,0,0,0,0,0,0,0,0,0,0,0,0,0,0,0,0,0,0,0,153.74,0,0,0
"MtrElec",4,9,2,"",116.877,0,0,0,0,0,0,0,0,0,0,0,0,0,0,0,0,0,0,0,0,116.877,0,0,0
"MtrElec",4,9,3,"",87.1481,0,0,0,0,0,0,0,0,0,0,0,0,0,0,0,0,0,0,0,0,87.1481,0,0,0
"MtrElec",4,9,4,"",101.432,0,0,0,0,0,0,0,0,0,0,0,0,0,0,0,0,0,0,0,0,101.432,0,0,0
"MtrElec",4,9,5,"",99.5311,0,0,0,0,0,0,0,0,0,0,0,0,0,0,0,0,0,0,0,0,99.5311,0,0,0
"MtrElec",4,9,6,"",122.672,0,0,0,0,0,0,0,0,0,0,0,0,0,0,0,0,0,0,0,0,122.672,0,0,0
"MtrElec",4,9,7,"",286.77,0,0,0,0,0,0,0,0,0,0,0,0,0,0,0,0,0,0,0,0,291.176,0,0,-4.4052
"MtrElec",4,9,8,"",187.666,0,0,0,0,0,0,0,0,0,0,0,0,0,0,0,0,0,0,0,0,248.701,0,0,-61.0345
"MtrElec",4,9,9,"",59.778,0,0,0,0,0,0,0,0,0,0,0,0,0,0,0,0,0,0,0,0,247.803,0,0,-188.025
"MtrElec",4,9,10,"",0,0,0,0,0,0,0,0,0,0,0,0,0,0,0,0,0,0,0,0,0,236.621,0,67.0576,-303.679
"MtrElec",4,9,11,"",0,0,0,0,0,0,0,0,0,0,0,0,0,0,0,0,0,0,0,0,0,249.818,0,146.464,-396.282
"MtrElec",4,9,12,"",-56.7394,0,0,0,0,0,0,0,0,0,0,0,0,0,0,0,0,0,0,0,0,238.827,0,157.698,-453.265
"MtrElec",4,9,13,"",-79.217,0,0,0,0,0,0,0,0,0,0,0,0,0,0,0,0,0,0,0,0,218.179,0,157.698,-455.094
"MtrElec",4,9,14,"",-250.334,0,0,0,0,0,0,0,0,0,0,0,0,0,0,0,0,0,0,0,0,147.166,0,59.4676,-456.968
"MtrElec",4,9,15,"",-107.38,0,0,0,0,0,0,0,0,0,0,0,0,0,0,0,0,0,0,0,0,190.731,0,0,-298.111
"MtrElec",4,9,16,"",-161.331,0,0,0,0,0,0,0,0,0,0,0,0,0,0,0,0,0,0,0,0,155.782,0,0,-317.113
"MtrElec",4,9,17,"",62.1217,0,0,0,0,0,0,0,0,0,0,0,0,0,0,0,0,0,0,0,0,250.192,0,0,-188.07
"MtrElec",4,9,18,"",138.702,0,0,0,0,0,0,0,0,0,0,0,0,0,0,0,0,0,0,0,0,204.618,0,0,-65.9164
"MtrElec",4,9,19,"",131.928,0,0,0,0,0,0,0,0,0,0,0,0,0,0,0,0,0,0,0,0,328.621,0,-157.698,-38.9951
"MtrElec",4,9,20,"",104.549,0,0,0,0,0,0,0,0,0,0,0,0,0,0,0,0,0,0,0,0,262.247,0,-157.698,0
"MtrElec",4,9,21,"",133.725,0,0,0,0,0,0,0,0,0,0,0,0,0,0,0,0,0,0,0,0,291.423,0,-157.698,0
"MtrElec",4,9,22,"",144.855,0,0,0,0,0,0,0,0,0,0,0,0,0,0,0,0,0,0,0,0,202.778,0,-57.9237,0
"MtrElec",4,9,23,"",200.293,0,0,0,0,0,0,0,0,0,0,0,0,0,0,0,0,0,0,0,0,200.293,0,0,0
"MtrElec",4,9,24,"",202.552,0,0,0,0,0,0,0,0,0,0,0,0,0,0,0,0,0,0,0,0,202.552,0,0,0
"MtrElec",4,10,1,"",148.163,0,0,0,0,0,0,0,0,0,0,0,0,0,0,0,0,0,0,0,0,148.163,0,0,0
"MtrElec",4,10,2,"",140.354,0,0,0,0,0,0,0,0,0,0,0,0,0,0,0,0,0,0,0,0,140.354,0,0,0
"MtrElec",4,10,3,"",125.91,0,0,0,0,0,0,0,0,0,0,0,0,0,0,0,0,0,0,0,0,125.91,0,0,0
"MtrElec",4,10,4,"",140.35,0,0,0,0,0,0,0,0,0,0,0,0,0,0,0,0,0,0,0,0,140.35,0,0,0
"MtrElec",4,10,5,"",137.462,0,0,0,0,0,0,0,0,0,0,0,0,0,0,0,0,0,0,0,0,137.462,0,0,0
"MtrElec",4,10,6,"",176.156,0,0,0,0,0,0,0,0,0,0,0,0,0,0,0,0,0,0,0,0,176.156,0,0,0
"MtrElec",4,10,7,"",166.81,0,0,0,0,0,0,0,0,0,0,0,0,0,0,0,0,0,0,0,0,171.065,0,0,-4.25462
"MtrElec",4,10,8,"",186.733,0,0,0,0,0,0,0,0,0,0,0,0,0,0,0,0,0,0,0,0,249.461,0,0,-62.7274
"MtrElec",4,10,9,"",93.0338,0,0,0,0,0,0,0,0,0,0,0,0,0,0,0,0,0,0,0,0,278.527,0,0,-185.493
"MtrElec",4,10,10,"",0,0,0,0,0,0,0,0,0,0,0,0,0,0,0,0,0,0,0,0,0,296.349,0,4.63847,-300.988
"MtrElec",4,10,11,"",0,0,0,0,0,0,0,0,0,0,0,0,0,0,0,0,0,0,0,0,0,239.693,0,153.194,-392.887
"MtrElec",4,10,12,"",-65.1161,0,0,0,0,0,0,0,0,0,0,0,0,0,0,0,0,0,0,0,0,219.114,0,157.698,-441.928
"MtrElec",4,10,13,"",-66.5243,0,0,0,0,0,0,0,0,0,0,0,0,0,0,0,0,0,0,0,0,242.608,0,157.698,-466.83
"MtrElec",4,10,14,"",-222.278,0,0,0,0,0,0,0,0,0,0,0,0,0,0,0,0,0,0,0,0,129.984,0,115.156,-467.419
"MtrElec",4,10,15,"",-272.902,0,0,0,0,0,0,0,0,0,0,0,0,0,0,0,0,0,0,0,0,159.888,0,0,-432.79
"MtrElec",4,10,16,"",-232.821,0,0,0,0,0,0,0,0,0,0,0,0,0,0,0,0,0,0,0,0,135.954,0,0,-368.776
"MtrElec",4,10,17,"",-69.4327,0,0,0,0,0,0,0,0,0,0,0,0,0,0,0,0,0,0,0,0,205.641,0,0,-275.074
"MtrElec",4,10,18,"",61.4265,0,0,0,0,0,0,0,0,0,0,0,0,0,0,0,0,0,0,0,0,215.209,0,0,-153.782
"MtrElec",4,10,19,"",46.1052,0,0,0,0,0,0,0,0,0,0,0,0,0,0,0,0,0,0,0,0,241.73,0,-157.698,-37.9268
"MtrElec",4,10,20,"",90.3202,0,0,0,0,0,0,0,0,0,0,0,0,0,0,0,0,0,0,0,0,248.018,0,-157.698,0
"MtrElec",4,10,21,"",120.569,0,0,0,0,0,0,0,0,0,0,0,0,0,0,0,0,0,0,0,0,278.267,0,-157.698,0
"MtrElec",4,10,22,"",162.736,0,0,0,0,0,0,0,0,0,0,0,0,0,0,0,0,0,0,0,0,220.66,0,-57.9237,0
"MtrElec",4,10,23,"",169.692,0,0,0,0,0,0,0,0,0,0,0,0,0,0,0,0,0,0,0,0,169.692,0,0,0
"MtrElec",4,10,24,"",190.451,0,0,0,0,0,0,0,0,0,0,0,0,0,0,0,0,0,0,0,0,190.451,0,0,0
"MtrElec",4,11,1,"",102.449,0,0,0,0,0,0,0,0,0,0,0,0,0,0,0,0,0,0,0,0,102.449,0,0,0
"MtrElec",4,11,2,"",101.188,0,0,0,0,0,0,0,0,0,0,0,0,0,0,0,0,0,0,0,0,101.188,0,0,0
"MtrElec",4,11,3,"",98.6552,0,0,0,0,0,0,0,0,0,0,0,0,0,0,0,0,0,0,0,0,98.6552,0,0,0
"MtrElec",4,11,4,"",89.9672,0,0,0,0,0,0,0,0,0,0,0,0,0,0,0,0,0,0,0,0,89.9672,0,0,0
"MtrElec",4,11,5,"",109.244,0,0,0,0,0,0,0,0,0,0,0,0,0,0,0,0,0,0,0,0,109.244,0,0,0
"MtrElec",4,11,6,"",107.139,0,0,0,0,0,0,0,0,0,0,0,0,0,0,0,0,0,0,0,0,107.139,0,0,0
"MtrElec",4,11,7,"",149.895,0,0,0,0,0,0,0,0,0,0,0,0,0,0,0,0,0,0,0,0,152.962,0,0,-3.06757
"MtrElec",4,11,8,"",123.158,0,0,0,0,0,0,0,0,0,0,0,0,0,0,0,0,0,0,0,0,187.548,0,0,-64.3899
"MtrElec",4,11,9,"",37.6001,0,0,0,0,0,0,0,0,0,0,0,0,0,0,0,0,0,0,0,0,216.739,0,0,-179.139
"MtrElec",4,11,10,"",49.4933,0,0,0,0,0,0,0,0,0,0,0,0,0,0,0,0,0,0,0,0,279.684,0,0,-230.19
"MtrElec",4,11,11,"",0,0,0,0,0,0,0,0,0,0,0,0,0,0,0,0,0,0,0,0,0,278.654,0,42.8425,-321.496
"MtrElec",4,11,12,"",0.0000078,0,0,0,0,0,0,0,0,0,0,0,0,0,0,0,0,0,0,0,0,238.876,0,126.228,-365.104
"MtrElec",4,11,13,"",-42.8294,0,0,0,0,0,0,0,0,0,0,0,0,0,0,0,0,0,0,0,0,243.803,0,157.698,-444.33
"MtrElec",4,11,14,"",-100.618,0,0,0,0,0,0,0,0,0,0,0,0,0,0,0,0,0,0,0,0,206.476,0,157.698,-464.792
"MtrElec",4,11,15,"",-91.8243,0,0,0,0,0,0,0,0,0,0,0,0,0,0,0,0,0,0,0,0,226.614,0,103.919,-422.358
"MtrElec",4,11,16,"",-165.209,0,0,0,0,0,0,0,0,0,0,0,0,0,0,0,0,0,0,0,0,198.547,0,0,-363.756
"MtrElec",4,11,17,"",-47.0638,0,0,0,0,0,0,0,0,0,0,0,0,0,0,0,0,0,0,0,0,224.596,0,0,-271.659
"MtrElec",4,11,18,"",94.4934,0,0,0,0,0,0,0,0,0,0,0,0,0,0,0,0,0,0,0,0,246.465,0,0,-151.972
"MtrElec",4,11,19,"",92.985,0,0,0,0,0,0,0,0,0,0,0,0,0,0,0,0,0,0,0,0,288.53,0,-157.698,-37.8472
"MtrElec",4,11,20,"",155.86,0,0,0,0,0,0,0,0,0,0,0,0,0,0,0,0,0,0,0,0,313.558,0,-157.698,0
"MtrElec",4,11,21,"",54.0925,0,0,0,0,0,0,0,0,0,0,0,0,0,0,0,0,0,0,0,0,211.79,0,-157.698,0
"MtrElec",4,11,22,"",191.892,0,0,0,0,0,0,0,0,0,0,0,0,0,0,0,0,0,0,0,0,249.816,0,-57.9237,0
"MtrElec",4,11,23,"",193.097,0,0,0,0,0,0,0,0,0,0,0,0,0,0,0,0,0,0,0,0,193.097,0,0,0
"MtrElec",4,11,24,"",155.148,0,0,0,0,0,0,0,0,0,0,0,0,0,0,0,0,0,0,0,0,155.148,0,0,0
"MtrElec",4,12,1,"",103.786,0,0,0,0,0,0,0,0,0,0,0,0,0,0,0,0,0,0,0,0,103.786,0,0,0
"MtrElec",4,12,2,"",101.11,0,0,0,0,0,0,0,0,0,0,0,0,0,0,0,0,0,0,0,0,101.11,0,0,0
"MtrElec",4,12,3,"",99.2745,0,0,0,0,0,0,0,0,0,0,0,0,0,0,0,0,0,0,0,0,99.2745,0,0,0
"MtrElec",4,12,4,"",134.224,0,0,0,0,0,0,0,0,0,0,0,0,0,0,0,0,0,0,0,0,134.224,0,0,0
"MtrElec",4,12,5,"",130.028,0,0,0,0,0,0,0,0,0,0,0,0,0,0,0,0,0,0,0,0,130.028,0,0,0
"MtrElec",4,12,6,"",105.032,0,0,0,0,0,0,0,0,0,0,0,0,0,0,0,0,0,0,0,0,105.032,0,0,0
"MtrElec",4,12,7,"",133.717,0,0,0,0,0,0,0,0,0,0,0,0,0,0,0,0,0,0,0,0,138.392,0,0,-4.67488
"MtrElec",4,12,8,"",92.7554,0,0,0,0,0,0,0,0,0,0,0,0,0,0,0,0,0,0,0,0,156.523,0,0,-63.7676
"MtrElec",4,12,9,"",21.3814,0,0,0,0,0,0,0,0,0,0,0,0,0,0,0,0,0,0,0,0,200.889,0,0,-179.507
"MtrElec",4,12,10,"",0.0000020,0,0,0,0,0,0,0,0,0,0,0,0,0,0,0,0,0,0,0,0,264.581,0,29.8157,-294.397
"MtrElec",4,12,11,"",0,0,0,0,0,0,0,0,0,0,0,0,0,0,0,0,0,0,0,0,0,317.101,0,66.1267,-383.227
"MtrElec",4,12,12,"",-51.0919,0,0,0,0,0,0,0,0,0,0,0,0,0,0,0,0,0,0,0,0,226.922,0,157.698,-435.711
"MtrElec",4,12,13,"",-20.6782,0,0,0,0,0,0,0,0,0,0,0,0,0,0,0,0,0,0,0,0,271.376,0,157.698,-449.752
"MtrElec",4,12,14,"",-82.7028,0,0,0,0,0,0,0,0,0,0,0,0,0,0,0,0,0,0,0,0,218.89,0,157.698,-459.291
"MtrElec",4,12,15,"",-183.737,0,0,0,0,0,0,0,0,0,0,0,0,0,0,0,0,0,0,0,0,230.476,0,19.3489,-433.561
"MtrElec",4,12,16,"",-157.403,0,0,0,0,0,0,0,0,0,0,0,0,0,0,0,0,0,0,0,0,208.696,0,0,-366.099
"MtrElec",4,12,17,"",-87.0344,0,0,0,0,0,0,0,0,0,0,0,0,0,0,0,0,0,0,0,0,182.67,0,0,-269.705
"MtrElec",4,12,18,"",84.5036,0,0,0,0,0,0,0,0,0,0,0,0,0,0,0,0,0,0,0,0,234.508,0,0,-150.004
"MtrElec",4,12,19,"",76.5488,0,0,0,0,0,0,0,0,0,0,0,0,0,0,0,0,0,0,0,0,272.526,0,-157.698,-38.2788
"MtrElec",4,12,20,"",129.933,0,0,0,0,0,0,0,0,0,0,0,0,0,0,0,0,0,0,0,0,287.631,0,-157.698,0
"MtrElec",4,12,21,"",72.1984,0,0,0,0,0,0,0,0,0,0,0,0,0,0,0,0,0,0,0,0,229.896,0,-157.698,0
"MtrElec",4,12,22,"",166.009,0,0,0,0,0,0,0,0,0,0,0,0,0,0,0,0,0,0,0,0,223.932,0,-57.9237,0
"MtrElec",4,12,23,"",186.278,0,0,0,0,0,0,0,0,0,0,0,0,0,0,0,0,0,0,0,0,186.278,0,0,0
"MtrElec",4,12,24,"",172.895,0,0,0,0,0,0,0,0,0,0,0,0,0,0,0,0,0,0,0,0,172.895,0,0,0
"MtrElec",4,13,1,"",132.566,0,0,0,0,0,0,0,0,0,0,0,0,0,0,0,0,0,0,0,0,132.566,0,0,0
"MtrElec",4,13,2,"",101.779,0,0,0,0,0,0,0,0,0,0,0,0,0,0,0,0,0,0,0,0,101.779,0,0,0
"MtrElec",4,13,3,"",87.6098,0,0,0,0,0,0,0,0,0,0,0,0,0,0,0,0,0,0,0,0,87.6098,0,0,0
"MtrElec",4,13,4,"",95.9988,0,0,0,0,0,0,0,0,0,0,0,0,0,0,0,0,0,0,0,0,95.9988,0,0,0
"MtrElec",4,13,5,"",96.628,0,0,0,0,0,0,0,0,0,0,0,0,0,0,0,0,0,0,0,0,96.628,0,0,0
"MtrElec",4,13,6,"",152.336,0,0,0,0,0,0,0,0,0,0,0,0,0,0,0,0,0,0,0,0,152.336,0,0,0
"MtrElec",4,13,7,"",150.296,0,0,0,0,0,0,0,0,0,0,0,0,0,0,0,0,0,0,0,0,154.307,0,0,-4.01055
"MtrElec",4,13,8,"",176.28,0,0,0,0,0,0,0,0,0,0,0,0,0,0,0,0,0,0,0,0,236.122,0,0,-59.8419
"MtrElec",4,13,9,"",140.992,0,0,0,0,0,0,0,0,0,0,0,0,0,0,0,0,0,0,0,0,264.739,0,0,-123.747
"MtrElec",4,13,10,"",10.1221,0,0,0,0,0,0,0,0,0,0,0,0,0,0,0,0,0,0,0,0,209.538,0,0,-199.416
"MtrElec",4,13,11,"",0,0,0,0,0,0,0,0,0,0,0,0,0,0,0,0,0,0,0,0,0,220.42,0,138.714,-359.134
"MtrElec",4,13,12,"",-108.148,0,0,0,0,0,0,0,0,0,0,0,0,0,0,0,0,0,0,0,0,151.185,0,157.698,-417.032
"MtrElec",4,13,13,"",-70.8559,0,0,0,0,0,0,0,0,0,0,0,0,0,0,0,0,0,0,0,0,175.272,0,157.698,-403.826
"MtrElec",4,13,14,"",-120.714,0,0,0,0,0,0,0,0,0,0,0,0,0,0,0,0,0,0,0,0,150.309,0,134.275,-405.298
"MtrElec",4,13,15,"",-149.149,0,0,0,0,0,0,0,0,0,0,0,0,0,0,0,0,0,0,0,0,123.424,0,0,-272.574
"MtrElec",4,13,16,"",-176.158,0,0,0,0,0,0,0,0,0,0,0,0,0,0,0,0,0,0,0,0,165.684,0,0,-341.842
"MtrElec",4,13,17,"",-65.3272,0,0,0,0,0,0,0,0,0,0,0,0,0,0,0,0,0,0,0,0,160.079,0,0,-225.406
"MtrElec",4,13,18,"",82.6745,0,0,0,0,0,0,0,0,0,0,0,0,0,0,0,0,0,0,0,0,206.083,0,0,-123.409
"MtrElec",4,13,19,"",27.2731,0,0,0,0,0,0,0,0,0,0,0,0,0,0,0,0,0,0,0,0,222.849,0,-157.698,-37.8779
"MtrElec",4,13,20,"",100.29,0,0,0,0,0,0,0,0,0,0,0,0,0,0,0,0,0,0,0,0,257.988,0,-157.698,0
"MtrElec",4,13,21,"",150.022,0,0,0,0,0,0,0,0,0,0,0,0,0,0,0,0,0,0,0,0,307.72,0,-157.698,0
"MtrElec",4,13,22,"",140.636,0,0,0,0,0,0,0,0,0,0,0,0,0,0,0,0,0,0,0,0,198.56,0,-57.9237,0
"MtrElec",4,13,23,"",182.461,0,0,0,0,0,0,0,0,0,0,0,0,0,0,0,0,0,0,0,0,182.461,0,0,0
"MtrElec",4,13,24,"",173.366,0,0,0,0,0,0,0,0,0,0,0,0,0,0,0,0,0,0,0,0,173.366,0,0,0
"MtrElec",4,14,1,"",93.1518,0,0,0,0,0,0,0,0,0,0,0,0,0,0,0,0,0,0,0,0,93.1518,0,0,0
"MtrElec",4,14,2,"",104.795,0,0,0,0,0,0,0,0,0,0,0,0,0,0,0,0,0,0,0,0,104.795,0,0,0
"MtrElec",4,14,3,"",101.89,0,0,0,0,0,0,0,0,0,0,0,0,0,0,0,0,0,0,0,0,101.89,0,0,0
"MtrElec",4,14,4,"",102.997,0,0,0,0,0,0,0,0,0,0,0,0,0,0,0,0,0,0,0,0,102.997,0,0,0
"MtrElec",4,14,5,"",110.565,0,0,0,0,0,0,0,0,0,0,0,0,0,0,0,0,0,0,0,0,110.565,0,0,0
"MtrElec",4,14,6,"",143.58,0,0,0,0,0,0,0,0,0,0,0,0,0,0,0,0,0,0,0,0,143.58,0,0,0
"MtrElec",4,14,7,"",194.569,0,0,0,0,0,0,0,0,0,0,0,0,0,0,0,0,0,0,0,0,201.841,0,0,-7.27207
"MtrElec",4,14,8,"",176.401,0,0,0,0,0,0,0,0,0,0,0,0,0,0,0,0,0,0,0,0,243.731,0,0,-67.3303
"MtrElec",4,14,9,"",80.4164,0,0,0,0,0,0,0,0,0,0,0,0,0,0,0,0,0,0,0,0,267.152,0,0,-186.736
"MtrElec",4,14,10,"",0.0000078,0,0,0,0,0,0,0,0,0,0,0,0,0,0,0,0,0,0,0,0,225.072,0,74.8346,-299.906
"MtrElec",4,14,11,"",0,0,0,0,0,0,0,0,0,0,0,0,0,0,0,0,0,0,0,0,0,253.735,0,130.627,-384.362
"MtrElec",4,14,12,"",-58.7173,0,0,0,0,0,0,0,0,0,0,0,0,0,0,0,0,0,0,0,0,225.864,0,157.698,-442.279
"MtrElec",4,14,13,"",-124.672,0,0,0,0,0,0,0,0,0,0,0,0,0,0,0,0,0,0,0,0,179.874,0,157.698,-462.244
"MtrElec",4,14,14,"",-266.191,0,0,0,0,0,0,0,0,0,0,0,0,0,0,0,0,0,0,0,0,126.778,0,67.5275,-460.497
"MtrElec",4,14,15,"",-252.51,0,0,0,0,0,0,0,0,0,0,0,0,0,0,0,0,0,0,0,0,173.372,0,0,-425.882
"MtrElec",4,14,16,"",-171.205,0,0,0,0,0,0,0,0,0,0,0,0,0,0,0,0,0,0,0,0,188.281,0,0,-359.486
"MtrElec",4,14,17,"",-48.6226,0,0,0,0,0,0,0,0,0,0,0,0,0,0,0,0,0,0,0,0,217.703,0,0,-266.326
"MtrElec",4,14,18,"",64.2556,0,0,0,0,0,0,0,0,0,0,0,0,0,0,0,0,0,0,0,0,215.869,0,0,-151.613
"MtrElec",4,14,19,"",35.9823,0,0,0,0,0,0,0,0,0,0,0,0,0,0,0,0,0,0,0,0,231.694,0,-157.698,-38.0139
"MtrElec",4,14,20,"",116.191,0,0,0,0,0,0,0,0,0,0,0,0,0,0,0,0,0,0,0,0,273.889,0,-157.698,0
"MtrElec",4,14,21,"",210.595,0,0,0,0,0,0,0,0,0,0,0,0,0,0,0,0,0,0,0,0,368.293,0,-157.698,0
"MtrElec",4,14,22,"",143.389,0,0,0,0,0,0,0,0,0,0,0,0,0,0,0,0,0,0,0,0,201.312,0,-57.9237,0
"MtrElec",4,14,23,"",170.484,0,0,0,0,0,0,0,0,0,0,0,0,0,0,0,0,0,0,0,0,170.484,0,0,0
"MtrElec",4,14,24,"",202.11,0,0,0,0,0,0,0,0,0,0,0,0,0,0,0,0,0,0,0,0,202.11,0,0,0
"MtrElec",4,15,1,"",128.18,0,0,0,0,0,0,0,0,0,0,0,0,0,0,0,0,0,0,0,0,128.18,0,0,0
"MtrElec",4,15,2,"",91.6211,0,0,0,0,0,0,0,0,0,0,0,0,0,0,0,0,0,0,0,0,91.6211,0,0,0
"MtrElec",4,15,3,"",96.151,0,0,0,0,0,0,0,0,0,0,0,0,0,0,0,0,0,0,0,0,96.151,0,0,0
"MtrElec",4,15,4,"",106.807,0,0,0,0,0,0,0,0,0,0,0,0,0,0,0,0,0,0,0,0,106.807,0,0,0
"MtrElec",4,15,5,"",128.696,0,0,0,0,0,0,0,0,0,0,0,0,0,0,0,0,0,0,0,0,128.696,0,0,0
"MtrElec",4,15,6,"",105.367,0,0,0,0,0,0,0,0,0,0,0,0,0,0,0,0,0,0,0,0,105.367,0,0,0
"MtrElec",4,15,7,"",214.084,0,0,0,0,0,0,0,0,0,0,0,0,0,0,0,0,0,0,0,0,222.282,0,0,-8.19896
"MtrElec",4,15,8,"",158.841,0,0,0,0,0,0,0,0,0,0,0,0,0,0,0,0,0,0,0,0,224.264,0,0,-65.4235
"MtrElec",4,15,9,"",18.949,0,0,0,0,0,0,0,0,0,0,0,0,0,0,0,0,0,0,0,0,204.283,0,0,-185.334
"MtrElec",4,15,10,"",0,0,0,0,0,0,0,0,0,0,0,0,0,0,0,0,0,0,0,0,0,249.18,0,45.8943,-295.074
"MtrElec",4,15,11,"",0.0000156,0,0,0,0,0,0,0,0,0,0,0,0,0,0,0,0,0,0,0,0,225.571,0,151.146,-376.717
"MtrElec",4,15,12,"",-86.0643,0,0,0,0,0,0,0,0,0,0,0,0,0,0,0,0,0,0,0,0,178.633,0,157.698,-422.396
"MtrElec",4,15,13,"",-29.4984,0,0,0,0,0,0,0,0,0,0,0,0,0,0,0,0,0,0,0,0,252.296,0,157.698,-439.492
"MtrElec",4,15,14,"",-181.5,0,0,0,0,0,0,0,0,0,0,0,0,0,0,0,0,0,0,0,0,176.008,0,75.9485,-433.457
"MtrElec",4,15,15,"",-221.792,0,0,0,0,0,0,0,0,0,0,0,0,0,0,0,0,0,0,0,0,184.746,0,0,-406.539
"MtrElec",4,15,16,"",-152.442,0,0,0,0,0,0,0,0,0,0,0,0,0,0,0,0,0,0,0,0,197.722,0,0,-350.163
"MtrElec",4,15,17,"",-7.39983,0,0,0,0,0,0,0,0,0,0,0,0,0,0,0,0,0,0,0,0,254.128,0,0,-261.527
"MtrElec",4,15,18,"",95.7071,0,0,0,0,0,0,0,0,0,0,0,0,0,0,0,0,0,0,0,0,245.439,0,0,-149.732
"MtrElec",4,15,19,"",96.3311,0,0,0,0,0,0,0,0,0,0,0,0,0,0,0,0,0,0,0,0,291.504,0,-157.698,-37.4745
"MtrElec",4,15,20,"",129.48,0,0,0,0,0,0,0,0,0,0,0,0,0,0,0,0,0,0,0,0,287.178,0,-157.698,0
"MtrElec",4,15,21,"",70.9594,0,0,0,0,0,0,0,0,0,0,0,0,0,0,0,0,0,0,0,0,228.657,0,-157.698,0
"MtrElec",4,15,22,"",165.021,0,0,0,0,0,0,0,0,0,0,0,0,0,0,0,0,0,0,0,0,222.945,0,-57.9237,0
"MtrElec",4,15,23,"",239.243,0,0,0,0,0,0,0,0,0,0,0,0,0,0,0,0,0,0,0,0,239.243,0,0,0
"MtrElec",4,15,24,"",167.967,0,0,0,0,0,0,0,0,0,0,0,0,0,0,0,0,0,0,0,0,167.967,0,0,0
"MtrElec",4,16,1,"",163.699,0,0,0,0,0,0,0,0,0,0,0,0,0,0,0,0,0,0,0,0,163.699,0,0,0
"MtrElec",4,16,2,"",103.039,0,0,0,0,0,0,0,0,0,0,0,0,0,0,0,0,0,0,0,0,103.039,0,0,0
"MtrElec",4,16,3,"",86.277,0,0,0,0,0,0,0,0,0,0,0,0,0,0,0,0,0,0,0,0,86.277,0,0,0
"MtrElec",4,16,4,"",107.09,0,0,0,0,0,0,0,0,0,0,0,0,0,0,0,0,0,0,0,0,107.09,0,0,0
"MtrElec",4,16,5,"",98.616,0,0,0,0,0,0,0,0,0,0,0,0,0,0,0,0,0,0,0,0,98.616,0,0,0
"MtrElec",4,16,6,"",97.4361,0,0,0,0,0,0,0,0,0,0,0,0,0,0,0,0,0,0,0,0,97.4361,0,0,0
"MtrElec",4,16,7,"",180.438,0,0,0,0,0,0,0,0,0,0,0,0,0,0,0,0,0,0,0,0,189.496,0,0,-9.05849
"MtrElec",4,16,8,"",172.361,0,0,0,0,0,0,0,0,0,0,0,0,0,0,0,0,0,0,0,0,238.714,0,0,-66.3528
"MtrElec",4,16,9,"",30.7481,0,0,0,0,0,0,0,0,0,0,0,0,0,0,0,0,0,0,0,0,214.929,0,0,-184.181
"MtrElec",4,16,10,"",0,0,0,0,0,0,0,0,0,0,0,0,0,0,0,0,0,0,0,0,0,242.035,0,50.3057,-292.34
"MtrElec",4,16,11,"",0,0,0,0,0,0,0,0,0,0,0,0,0,0,0,0,0,0,0,0,0,265.47,0,102.275,-367.745
"MtrElec",4,16,12,"",0.0000078,0,0,0,0,0,0,0,0,0,0,0,0,0,0,0,0,0,0,0,0,286.089,0,131.043,-417.131
"MtrElec",4,16,13,"",-16.9095,0,0,0,0,0,0,0,0,0,0,0,0,0,0,0,0,0,0,0,0,272.27,0,157.698,-446.877
"MtrElec",4,16,14,"",-88.6663,0,0,0,0,0,0,0,0,0,0,0,0,0,0,0,0,0,0,0,0,210.934,0,147.064,-446.664
"MtrElec",4,16,15,"",-165.824,0,0,0,0,0,0,0,0,0,0,0,0,0,0,0,0,0,0,0,0,246.716,0,0,-412.54
"MtrElec",4,16,16,"",-135.247,0,0,0,0,0,0,0,0,0,0,0,0,0,0,0,0,0,0,0,0,218.931,0,0,-354.178
"MtrElec",4,16,17,"",15.9485,0,0,0,0,0,0,0,0,0,0,0,0,0,0,0,0,0,0,0,0,281.916,0,0,-265.967
"MtrElec",4,16,18,"",163.635,0,0,0,0,0,0,0,0,0,0,0,0,0,0,0,0,0,0,0,0,314.44,0,0,-150.804
"MtrElec",4,16,19,"",140.034,0,0,0,0,0,0,0,0,0,0,0,0,0,0,0,0,0,0,0,0,335.574,0,-157.698,-37.8418
"MtrElec",4,16,20,"",151.986,0,0,0,0,0,0,0,0,0,0,0,0,0,0,0,0,0,0,0,0,309.684,0,-157.698,0
"MtrElec",4,16,21,"",126.599,0,0,0,0,0,0,0,0,0,0,0,0,0,0,0,0,0,0,0,0,284.297,0,-157.698,0
"MtrElec",4,16,22,"",186.152,0,0,0,0,0,0,0,0,0,0,0,0,0,0,0,0,0,0,0,0,244.075,0,-57.9237,0
"MtrElec",4,16,23,"",249.394,0,0,0,0,0,0,0,0,0,0,0,0,0,0,0,0,0,0,0,0,249.394,0,0,0
"MtrElec",4,16,24,"",203.403,0,0,0,0,0,0,0,0,0,0,0,0,0,0,0,0,0,0,0,0,203.403,0,0,0
"MtrElec",4,17,1,"",133.14,0,0,0,0,0,0,0,0,0,0,0,0,0,0,0,0,0,0,0,0,133.14,0,0,0
"MtrElec",4,17,2,"",104.7,0,0,0,0,0,0,0,0,0,0,0,0,0,0,0,0,0,0,0,0,104.7,0,0,0
"MtrElec",4,17,3,"",89.2872,0,0,0,0,0,0,0,0,0,0,0,0,0,0,0,0,0,0,0,0,89.2872,0,0,0
"MtrElec",4,17,4,"",100.046,0,0,0,0,0,0,0,0,0,0,0,0,0,0,0,0,0,0,0,0,100.046,0,0,0
"MtrElec",4,17,5,"",95.8743,0,0,0,0,0,0,0,0,0,0,0,0,0,0,0,0,0,0,0,0,95.8743,0,0,0
"MtrElec",4,17,6,"",134.5,0,0,0,0,0,0,0,0,0,0,0,0,0,0,0,0,0,0,0,0,134.5,0,0,0
"MtrElec",4,17,7,"",167.356,0,0,0,0,0,0,0,0,0,0,0,0,0,0,0,0,0,0,0,0,176.48,0,0,-9.1244
"MtrElec",4,17,8,"",188.179,0,0,0,0,0,0,0,0,0,0,0,0,0,0,0,0,0,0,0,0,254.608,0,0,-66.4286
"MtrElec",4,17,9,"",46.7082,0,0,0,0,0,0,0,0,0,0,0,0,0,0,0,0,0,0,0,0,229.451,0,0,-182.743
"MtrElec",4,17,10,"",0,0,0,0,0,0,0,0,0,0,0,0,0,0,0,0,0,0,0,0,0,203.08,0,84.5635,-287.643
"MtrElec",4,17,11,"",0,0,0,0,0,0,0,0,0,0,0,0,0,0,0,0,0,0,0,0,0,228.124,0,136.99,-365.115
"MtrElec",4,17,12,"",-65.3687,0,0,0,0,0,0,0,0,0,0,0,0,0,0,0,0,0,0,0,0,205.625,0,157.698,-428.691
"MtrElec",4,17,13,"",-105.269,0,0,0,0,0,0,0,0,0,0,0,0,0,0,0,0,0,0,0,0,195.978,0,157.698,-458.944
"MtrElec",4,17,14,"",-207.915,0,0,0,0,0,0,0,0,0,0,0,0,0,0,0,0,0,0,0,0,193.321,0,51.4353,-452.67
"MtrElec",4,17,15,"",-239.641,0,0,0,0,0,0,0,0,0,0,0,0,0,0,0,0,0,0,0,0,182.9,0,0,-422.54
"MtrElec",4,17,16,"",-157.377,0,0,0,0,0,0,0,0,0,0,0,0,0,0,0,0,0,0,0,0,203.876,0,0,-361.252
"MtrElec",4,17,17,"",7.92572,0,0,0,0,0,0,0,0,0,0,0,0,0,0,0,0,0,0,0,0,276.071,0,0,-268.145
"MtrElec",4,17,18,"",108.93,0,0,0,0,0,0,0,0,0,0,0,0,0,0,0,0,0,0,0,0,255.541,0,0,-146.611
"MtrElec",4,17,19,"",95.4474,0,0,0,0,0,0,0,0,0,0,0,0,0,0,0,0,0,0,0,0,287.407,0,-157.698,-34.2612
"MtrElec",4,17,20,"",111.264,0,0,0,0,0,0,0,0,0,0,0,0,0,0,0,0,0,0,0,0,268.962,0,-157.698,0
"MtrElec",4,17,21,"",134.266,0,0,0,0,0,0,0,0,0,0,0,0,0,0,0,0,0,0,0,0,291.964,0,-157.698,0
"MtrElec",4,17,22,"",164.61,0,0,0,0,0,0,0,0,0,0,0,0,0,0,0,0,0,0,0,0,222.533,0,-57.9237,0
"MtrElec",4,17,23,"",204.344,0,0,0,0,0,0,0,0,0,0,0,0,0,0,0,0,0,0,0,0,204.344,0,0,0
"MtrElec",4,17,24,"",133.814,0,0,0,0,0,0,0,0,0,0,0,0,0,0,0,0,0,0,0,0,133.814,0,0,0
"MtrElec",4,18,1,"",113.537,0,0,0,0,0,0,0,0,0,0,0,0,0,0,0,0,0,0,0,0,113.537,0,0,0
"MtrElec",4,18,2,"",107.995,0,0,0,0,0,0,0,0,0,0,0,0,0,0,0,0,0,0,0,0,107.995,0,0,0
"MtrElec",4,18,3,"",126.783,0,0,0,0,0,0,0,0,0,0,0,0,0,0,0,0,0,0,0,0,126.783,0,0,0
"MtrElec",4,18,4,"",101.77,0,0,0,0,0,0,0,0,0,0,0,0,0,0,0,0,0,0,0,0,101.77,0,0,0
"MtrElec",4,18,5,"",112.471,0,0,0,0,0,0,0,0,0,0,0,0,0,0,0,0,0,0,0,0,112.471,0,0,0
"MtrElec",4,18,6,"",89.1125,0,0,0,0,0,0,0,0,0,0,0,0,0,0,0,0,0,0,0,0,89.1125,0,0,0
"MtrElec",4,18,7,"",140.318,0,0,0,0,0,0,0,0,0,0,0,0,0,0,0,0,0,0,0,0,152.7,0,0,-12.3825
"MtrElec",4,18,8,"",111.425,0,0,0,0,0,0,0,0,0,0,0,0,0,0,0,0,0,0,0,0,172.63,0,0,-61.2046
"MtrElec",4,18,9,"",129.825,0,0,0,0,0,0,0,0,0,0,0,0,0,0,0,0,0,0,0,0,162.235,0,0,-32.4107
"MtrElec",4,18,10,"",179.781,0,0,0,0,0,0,0,0,0,0,0,0,0,0,0,0,0,0,0,0,253.527,0,0,-73.7467
"MtrElec",4,18,11,"",183.708,0,0,0,0,0,0,0,0,0,0,0,0,0,0,0,0,0,0,0,0,320.851,0,0,-137.143
"MtrElec",4,18,12,"",117.291,0,0,0,0,0,0,0,0,0,0,0,0,0,0,0,0,0,0,0,0,302.967,0,0,-185.675
"MtrElec",4,18,13,"",145.341,0,0,0,0,0,0,0,0,0,0,0,0,0,0,0,0,0,0,0,0,335.999,0,0,-190.658
"MtrElec",4,18,14,"",5.47508,0,0,0,0,0,0,0,0,0,0,0,0,0,0,0,0,0,0,0,0,229.453,0,0,-223.978
"MtrElec",4,18,15,"",127.344,0,0,0,0,0,0,0,0,0,0,0,0,0,0,0,0,0,0,0,0,233.226,0,0,-105.882
"MtrElec",4,18,16,"",94.2065,0,0,0,0,0,0,0,0,0,0,0,0,0,0,0,0,0,0,0,0,201.569,0,0,-107.362
"MtrElec",4,18,17,"",182.46,0,0,0,0,0,0,0,0,0,0,0,0,0,0,0,0,0,0,0,0,224.825,0,0,-42.3643
"MtrElec",4,18,18,"",209.552,0,0,0,0,0,0,0,0,0,0,0,0,0,0,0,0,0,0,0,0,222.63,0,0,-13.0779
"MtrElec",4,18,19,"",373.821,0,0,0,0,0,0,0,0,0,0,0,0,0,0,0,0,0,0,0,0,396.371,0,0,-22.5503
"MtrElec",4,18,20,"",298.058,0,0,0,0,0,0,0,0,0,0,0,0,0,0,0,0,0,0,0,0,298.463,0,0,-0.404626
"MtrElec",4,18,21,"",286.156,0,0,0,0,0,0,0,0,0,0,0,0,0,0,0,0,0,0,0,0,286.156,0,0,0
"MtrElec",4,18,22,"",288.489,0,0,0,0,0,0,0,0,0,0,0,0,0,0,0,0,0,0,0,0,288.489,0,0,0
"MtrElec",4,18,23,"",199.997,0,0,0,0,0,0,0,0,0,0,0,0,0,0,0,0,0,0,0,0,199.997,0,0,0
"MtrElec",4,18,24,"",146.678,0,0,0,0,0,0,0,0,0,0,0,0,0,0,0,0,0,0,0,0,146.678,0,0,0
"MtrElec",4,19,1,"",114.288,0,0,0,0,0,0,0,0,0,0,0,0,0,0,0,0,0,0,0,0,114.288,0,0,0
"MtrElec",4,19,2,"",102.293,0,0,0,0,0,0,0,0,0,0,0,0,0,0,0,0,0,0,0,0,102.293,0,0,0
"MtrElec",4,19,3,"",126.485,0,0,0,0,0,0,0,0,0,0,0,0,0,0,0,0,0,0,0,0,126.485,0,0,0
"MtrElec",4,19,4,"",100.726,0,0,0,0,0,0,0,0,0,0,0,0,0,0,0,0,0,0,0,0,100.726,0,0,0
"MtrElec",4,19,5,"",97.3965,0,0,0,0,0,0,0,0,0,0,0,0,0,0,0,0,0,0,0,0,97.3965,0,0,0
"MtrElec",4,19,6,"",88.4672,0,0,0,0,0,0,0,0,0,0,0,0,0,0,0,0,0,0,0,0,88.4672,0,0,0
"MtrElec",4,19,7,"",148.314,0,0,0,0,0,0,0,0,0,0,0,0,0,0,0,0,0,0,0,0,149.764,0,0,-1.45058
"MtrElec",4,19,8,"",116.234,0,0,0,0,0,0,0,0,0,0,0,0,0,0,0,0,0,0,0,0,174.027,0,0,-57.7929
"MtrElec",4,19,9,"",57.0378,0,0,0,0,0,0,0,0,0,0,0,0,0,0,0,0,0,0,0,0,157.627,0,0,-100.589
"MtrElec",4,19,10,"",0.0000002,0,0,0,0,0,0,0,0,0,0,0,0,0,0,0,0,0,0,0,0,253.694,0,2.81322,-256.507
"MtrElec",4,19,11,"",36.927,0,0,0,0,0,0,0,0,0,0,0,0,0,0,0,0,0,0,0,0,328.854,0,0,-291.927
"MtrElec",4,19,12,"",0,0,0,0,0,0,0,0,0,0,0,0,0,0,0,0,0,0,0,0,0,256.208,0,119.626,-375.834
"MtrElec",4,19,13,"",-36.5639,0,0,0,0,0,0,0,0,0,0,0,0,0,0,0,0,0,0,0,0,255.815,0,157.698,-450.077
"MtrElec",4,19,14,"",-6.75816,0,0,0,0,0,0,0,0,0,0,0,0,0,0,0,0,0,0,0,0,238.635,0,157.698,-403.091
"MtrElec",4,19,15,"",-14.1625,0,0,0,0,0,0,0,0,0,0,0,0,0,0,0,0,0,0,0,0,262.839,0,150.55,-427.552
"MtrElec",4,19,16,"",-136.006,0,0,0,0,0,0,0,0,0,0,0,0,0,0,0,0,0,0,0,0,226.105,0,0,-362.111
"MtrElec",4,19,17,"",-48.2727,0,0,0,0,0,0,0,0,0,0,0,0,0,0,0,0,0,0,0,0,219.751,0,0,-268.024
"MtrElec",4,19,18,"",117.686,0,0,0,0,0,0,0,0,0,0,0,0,0,0,0,0,0,0,0,0,225.884,0,0,-108.198
"MtrElec",4,19,19,"",114.784,0,0,0,0,0,0,0,0,0,0,0,0,0,0,0,0,0,0,0,0,312.901,0,-157.698,-40.4196
"MtrElec",4,19,20,"",141.667,0,0,0,0,0,0,0,0,0,0,0,0,0,0,0,0,0,0,0,0,299.73,0,-157.698,-0.364435
"MtrElec",4,19,21,"",98.4043,0,0,0,0,0,0,0,0,0,0,0,0,0,0,0,0,0,0,0,0,256.102,0,-157.698,0
"MtrElec",4,19,22,"",179.717,0,0,0,0,0,0,0,0,0,0,0,0,0,0,0,0,0,0,0,0,237.641,0,-57.9237,0
"MtrElec",4,19,23,"",203.438,0,0,0,0,0,0,0,0,0,0,0,0,0,0,0,0,0,0,0,0,203.438,0,0,0
"MtrElec",4,19,24,"",159.323,0,0,0,0,0,0,0,0,0,0,0,0,0,0,0,0,0,0,0,0,159.323,0,0,0
"MtrElec",4,20,1,"",162.728,0,0,0,0,0,0,0,0,0,0,0,0,0,0,0,0,0,0,0,0,162.728,0,0,0
"MtrElec",4,20,2,"",102.312,0,0,0,0,0,0,0,0,0,0,0,0,0,0,0,0,0,0,0,0,102.312,0,0,0
"MtrElec",4,20,3,"",84.9128,0,0,0,0,0,0,0,0,0,0,0,0,0,0,0,0,0,0,0,0,84.9128,0,0,0
"MtrElec",4,20,4,"",99.8058,0,0,0,0,0,0,0,0,0,0,0,0,0,0,0,0,0,0,0,0,99.8058,0,0,0
"MtrElec",4,20,5,"",97.5476,0,0,0,0,0,0,0,0,0,0,0,0,0,0,0,0,0,0,0,0,97.5476,0,0,0
"MtrElec",4,20,6,"",108.634,0,0,0,0,0,0,0,0,0,0,0,0,0,0,0,0,0,0,0,0,108.634,0,0,0
"MtrElec",4,20,7,"",179.525,0,0,0,0,0,0,0,0,0,0,0,0,0,0,0,0,0,0,0,0,185.967,0,0,-6.44172
"MtrElec",4,20,8,"",174.202,0,0,0,0,0,0,0,0,0,0,0,0,0,0,0,0,0,0,0,0,237.571,0,0,-63.3687
"MtrElec",4,20,9,"",151.848,0,0,0,0,0,0,0,0,0,0,0,0,0,0,0,0,0,0,0,0,251.214,0,0,-99.3669
"MtrElec",4,20,10,"",0,0,0,0,0,0,0,0,0,0,0,0,0,0,0,0,0,0,0,0,0,165.002,0,43.9522,-208.954
"MtrElec",4,20,11,"",0.0000078,0,0,0,0,0,0,0,0,0,0,0,0,0,0,0,0,0,0,0,0,228.726,0,83.3286,-312.054
"MtrElec",4,20,12,"",23.2349,0,0,0,0,0,0,0,0,0,0,0,0,0,0,0,0,0,0,0,0,192.313,0,0,-169.078
"MtrElec",4,20,13,"",2.12175,0,0,0,0,0,0,0,0,0,0,0,0,0,0,0,0,0,0,0,0,154.412,0,0,-152.29
"MtrElec",4,20,14,"",0,0,0,0,0,0,0,0,0,0,0,0,0,0,0,0,0,0,0,0,0,162.393,0,126.71,-289.103
"MtrElec",4,20,15,"",0,0,0,0,0,0,0,0,0,0,0,0,0,0,0,0,0,0,0,0,0,200.939,0,144.446,-345.385
"MtrElec",4,20,16,"",-68.288,0,0,0,0,0,0,0,0,0,0,0,0,0,0,0,0,0,0,0,0,137.077,0,157.698,-363.063
"MtrElec",4,20,17,"",-38.0959,0,0,0,0,0,0,0,0,0,0,0,0,0,0,0,0,0,0,0,0,198.676,0,32.2506,-269.022
"MtrElec",4,20,18,"",75.3217,0,0,0,0,0,0,0,0,0,0,0,0,0,0,0,0,0,0,0,0,225.646,0,0,-150.324
"MtrElec",4,20,19,"",22.817,0,0,0,0,0,0,0,0,0,0,0,0,0,0,0,0,0,0,0,0,220.083,0,-157.698,-39.5681
"MtrElec",4,20,20,"",84.9219,0,0,0,0,0,0,0,0,0,0,0,0,0,0,0,0,0,0,0,0,242.62,0,-157.698,0
"MtrElec",4,20,21,"",115.673,0,0,0,0,0,0,0,0,0,0,0,0,0,0,0,0,0,0,0,0,273.371,0,-157.698,0
"MtrElec",4,20,22,"",158.7,0,0,0,0,0,0,0,0,0,0,0,0,0,0,0,0,0,0,0,0,216.623,0,-57.9237,0
"MtrElec",4,20,23,"",231.405,0,0,0,0,0,0,0,0,0,0,0,0,0,0,0,0,0,0,0,0,231.405,0,0,0
"MtrElec",4,20,24,"",188.999,0,0,0,0,0,0,0,0,0,0,0,0,0,0,0,0,0,0,0,0,188.999,0,0,0
"MtrElec",4,21,1,"",123.212,0,0,0,0,0,0,0,0,0,0,0,0,0,0,0,0,0,0,0,0,123.212,0,0,0
"MtrElec",4,21,2,"",94.9445,0,0,0,0,0,0,0,0,0,0,0,0,0,0,0,0,0,0,0,0,94.9445,0,0,0
"MtrElec",4,21,3,"",91.9261,0,0,0,0,0,0,0,0,0,0,0,0,0,0,0,0,0,0,0,0,91.9261,0,0,0
"MtrElec",4,21,4,"",99.7976,0,0,0,0,0,0,0,0,0,0,0,0,0,0,0,0,0,0,0,0,99.7976,0,0,0
"MtrElec",4,21,5,"",83.6298,0,0,0,0,0,0,0,0,0,0,0,0,0,0,0,0,0,0,0,0,83.6298,0,0,0
"MtrElec",4,21,6,"",152.048,0,0,0,0,0,0,0,0,0,0,0,0,0,0,0,0,0,0,0,0,152.048,0,0,0
"MtrElec",4,21,7,"",174.394,0,0,0,0,0,0,0,0,0,0,0,0,0,0,0,0,0,0,0,0,189.761,0,0,-15.3672
"MtrElec",4,21,8,"",175.91,0,0,0,0,0,0,0,0,0,0,0,0,0,0,0,0,0,0,0,0,248.077,0,0,-72.1674
"MtrElec",4,21,9,"",168.807,0,0,0,0,0,0,0,0,0,0,0,0,0,0,0,0,0,0,0,0,214.837,0,0,-46.0293
"MtrElec",4,21,10,"",171.351,0,0,0,0,0,0,0,0,0,0,0,0,0,0,0,0,0,0,0,0,240.963,0,0,-69.6113
"MtrElec",4,21,11,"",97.8926,0,0,0,0,0,0,0,0,0,0,0,0,0,0,0,0,0,0,0,0,215.592,0,0,-117.7
"MtrElec",4,21,12,"",0,0,0,0,0,0,0,0,0,0,0,0,0,0,0,0,0,0,0,0,0,217.387,0,37.0754,-254.463
"MtrElec",4,21,13,"",19.549,0,0,0,0,0,0,0,0,0,0,0,0,0,0,0,0,0,0,0,0,271.548,0,0,-251.999
"MtrElec",4,21,14,"",-122.255,0,0,0,0,0,0,0,0,0,0,0,0,0,0,0,0,0,0,0,0,118.371,0,157.698,-398.325
"MtrElec",4,21,15,"",-100.489,0,0,0,0,0,0,0,0,0,0,0,0,0,0,0,0,0,0,0,0,174.026,0,157.698,-432.213
"MtrElec",4,21,16,"",-83.1421,0,0,0,0,0,0,0,0,0,0,0,0,0,0,0,0,0,0,0,0,128.723,0,157.698,-369.563
"MtrElec",4,21,17,"",-16.9059,0,0,0,0,0,0,0,0,0,0,0,0,0,0,0,0,0,0,0,0,179.972,0,78.2159,-275.094
"MtrElec",4,21,18,"",70.1817,0,0,0,0,0,0,0,0,0,0,0,0,0,0,0,0,0,0,0,0,226.384,0,0,-156.202
"MtrElec",4,21,19,"",101.617,0,0,0,0,0,0,0,0,0,0,0,0,0,0,0,0,0,0,0,0,299.202,0,-157.698,-39.8863
"MtrElec",4,21,20,"",110.024,0,0,0,0,0,0,0,0,0,0,0,0,0,0,0,0,0,0,0,0,268.007,0,-157.698,-0.285234
"MtrElec",4,21,21,"",112.294,0,0,0,0,0,0,0,0,0,0,0,0,0,0,0,0,0,0,0,0,269.992,0,-157.698,0
"MtrElec",4,21,22,"",191.269,0,0,0,0,0,0,0,0,0,0,0,0,0,0,0,0,0,0,0,0,249.192,0,-57.9237,0
"MtrElec",4,21,23,"",210.234,0,0,0,0,0,0,0,0,0,0,0,0,0,0,0,0,0,0,0,0,210.234,0,0,0
"MtrElec",4,21,24,"",123.937,0,0,0,0,0,0,0,0,0,0,0,0,0,0,0,0,0,0,0,0,123.937,0,0,0
"MtrElec",4,22,1,"",164.211,0,0,0,0,0,0,0,0,0,0,0,0,0,0,0,0,0,0,0,0,164.211,0,0,0
"MtrElec",4,22,2,"",106.704,0,0,0,0,0,0,0,0,0,0,0,0,0,0,0,0,0,0,0,0,106.704,0,0,0
"MtrElec",4,22,3,"",90.534,0,0,0,0,0,0,0,0,0,0,0,0,0,0,0,0,0,0,0,0,90.534,0,0,0
"MtrElec",4,22,4,"",109.546,0,0,0,0,0,0,0,0,0,0,0,0,0,0,0,0,0,0,0,0,109.546,0,0,0
"MtrElec",4,22,5,"",99.8764,0,0,0,0,0,0,0,0,0,0,0,0,0,0,0,0,0,0,0,0,99.8764,0,0,0
"MtrElec",4,22,6,"",122.211,0,0,0,0,0,0,0,0,0,0,0,0,0,0,0,0,0,0,0,0,122.211,0,0,0
"MtrElec",4,22,7,"",155.045,0,0,0,0,0,0,0,0,0,0,0,0,0,0,0,0,0,0,0,0,162.104,0,0,-7.05905
"MtrElec",4,22,8,"",173.064,0,0,0,0,0,0,0,0,0,0,0,0,0,0,0,0,0,0,0,0,243.57,0,0,-70.5069
"MtrElec",4,22,9,"",65.8293,0,0,0,0,0,0,0,0,0,0,0,0,0,0,0,0,0,0,0,0,257.677,0,0,-191.848
"MtrElec",4,22,10,"",0,0,0,0,0,0,0,0,0,0,0,0,0,0,0,0,0,0,0,0,0,213.333,0,88.6223,-301.956
"MtrElec",4,22,11,"",-46.6128,0,0,0,0,0,0,0,0,0,0,0,0,0,0,0,0,0,0,0,0,183.819,0,157.698,-388.13
"MtrElec",4,22,12,"",-86.6801,0,0,0,0,0,0,0,0,0,0,0,0,0,0,0,0,0,0,0,0,189.248,0,157.698,-433.626
"MtrElec",4,22,13,"",-106.172,0,0,0,0,0,0,0,0,0,0,0,0,0,0,0,0,0,0,0,0,194.585,0,157.698,-458.455
"MtrElec",4,22,14,"",-294.899,0,0,0,0,0,0,0,0,0,0,0,0,0,0,0,0,0,0,0,0,141.771,0,26.669,-463.338
"MtrElec",4,22,15,"",-257.877,0,0,0,0,0,0,0,0,0,0,0,0,0,0,0,0,0,0,0,0,170.441,0,0,-428.319
"MtrElec",4,22,16,"",-180.784,0,0,0,0,0,0,0,0,0,0,0,0,0,0,0,0,0,0,0,0,181.264,0,0,-362.048
"MtrElec",4,22,17,"",-87.9932,0,0,0,0,0,0,0,0,0,0,0,0,0,0,0,0,0,0,0,0,155.382,0,0,-243.376
"MtrElec",4,22,18,"",82.8334,0,0,0,0,0,0,0,0,0,0,0,0,0,0,0,0,0,0,0,0,233.577,0,0,-150.744
"MtrElec",4,22,19,"",80.9672,0,0,0,0,0,0,0,0,0,0,0,0,0,0,0,0,0,0,0,0,273.875,0,-157.698,-35.2103
"MtrElec",4,22,20,"",93.1496,0,0,0,0,0,0,0,0,0,0,0,0,0,0,0,0,0,0,0,0,250.848,0,-157.698,0
"MtrElec",4,22,21,"",94.6912,0,0,0,0,0,0,0,0,0,0,0,0,0,0,0,0,0,0,0,0,252.389,0,-157.698,0
"MtrElec",4,22,22,"",174.92,0,0,0,0,0,0,0,0,0,0,0,0,0,0,0,0,0,0,0,0,232.844,0,-57.9237,0
"MtrElec",4,22,23,"",205.575,0,0,0,0,0,0,0,0,0,0,0,0,0,0,0,0,0,0,0,0,205.575,0,0,0
"MtrElec",4,22,24,"",132.283,0,0,0,0,0,0,0,0,0,0,0,0,0,0,0,0,0,0,0,0,132.283,0,0,0
"MtrElec",4,23,1,"",112.615,0,0,0,0,0,0,0,0,0,0,0,0,0,0,0,0,0,0,0,0,112.615,0,0,0
"MtrElec",4,23,2,"",101.899,0,0,0,0,0,0,0,0,0,0,0,0,0,0,0,0,0,0,0,0,101.899,0,0,0
"MtrElec",4,23,3,"",125.575,0,0,0,0,0,0,0,0,0,0,0,0,0,0,0,0,0,0,0,0,125.575,0,0,0
"MtrElec",4,23,4,"",113.17,0,0,0,0,0,0,0,0,0,0,0,0,0,0,0,0,0,0,0,0,113.17,0,0,0
"MtrElec",4,23,5,"",94.8356,0,0,0,0,0,0,0,0,0,0,0,0,0,0,0,0,0,0,0,0,94.8356,0,0,0
"MtrElec",4,23,6,"",105.594,0,0,0,0,0,0,0,0,0,0,0,0,0,0,0,0,0,0,0,0,105.594,0,0,0
"MtrElec",4,23,7,"",191.731,0,0,0,0,0,0,0,0,0,0,0,0,0,0,0,0,0,0,0,0,194.972,0,0,-3.24131
"MtrElec",4,23,8,"",172.653,0,0,0,0,0,0,0,0,0,0,0,0,0,0,0,0,0,0,0,0,237.901,0,0,-65.2481
"MtrElec",4,23,9,"",150.451,0,0,0,0,0,0,0,0,0,0,0,0,0,0,0,0,0,0,0,0,264.051,0,0,-113.6
"MtrElec",4,23,10,"",89.71,0,0,0,0,0,0,0,0,0,0,0,0,0,0,0,0,0,0,0,0,299.48,0,0,-209.77
"MtrElec",4,23,11,"",0,0,0,0,0,0,0,0,0,0,0,0,0,0,0,0,0,0,0,0,0,217.747,0,37.3998,-255.147
"MtrElec",4,23,12,"",0.0000039,0,0,0,0,0,0,0,0,0,0,0,0,0,0,0,0,0,0,0,0,209.384,0,55.9511,-265.335
"MtrElec",4,23,13,"",0,0,0,0,0,0,0,0,0,0,0,0,0,0,0,0,0,0,0,0,0,231.771,0,12.0652,-243.837
"MtrElec",4,23,14,"",-9.00833,0,0,0,0,0,0,0,0,0,0,0,0,0,0,0,0,0,0,0,0,131.554,0,157.698,-298.261
"MtrElec",4,23,15,"",0.0000039,0,0,0,0,0,0,0,0,0,0,0,0,0,0,0,0,0,0,0,0,168.93,0,63.4093,-232.339
"MtrElec",4,23,16,"",37.1605,0,0,0,0,0,0,0,0,0,0,0,0,0,0,0,0,0,0,0,0,165.888,0,0,-128.727
"MtrElec",4,23,17,"",0.0000010,0,0,0,0,0,0,0,0,0,0,0,0,0,0,0,0,0,0,0,0,162.858,0,15.0815,-177.94
"MtrElec",4,23,18,"",102.219,0,0,0,0,0,0,0,0,0,0,0,0,0,0,0,0,0,0,0,0,216.815,0,0,-114.596
"MtrElec",4,23,19,"",75.8622,0,0,0,0,0,0,0,0,0,0,0,0,0,0,0,0,0,0,0,0,274.501,0,-157.698,-40.9407
"MtrElec",4,23,20,"",88.2446,0,0,0,0,0,0,0,0,0,0,0,0,0,0,0,0,0,0,0,0,239.648,0,-150.6,-0.803135
"MtrElec",4,23,21,"",307.6,0,0,0,0,0,0,0,0,0,0,0,0,0,0,0,0,0,0,0,0,307.6,0,0,0
"MtrElec",4,23,22,"",215.884,0,0,0,0,0,0,0,0,0,0,0,0,0,0,0,0,0,0,0,0,215.884,0,0,0
"MtrElec",4,23,23,"",214.809,0,0,0,0,0,0,0,0,0,0,0,0,0,0,0,0,0,0,0,0,214.809,0,0,0
"MtrElec",4,23,24,"",139,0,0,0,0,0,0,0,0,0,0,0,0,0,0,0,0,0,0,0,0,139,0,0,0
"MtrElec",4,24,1,"",131.299,0,0,0,0,0,0,0,0,0,0,0,0,0,0,0,0,0,0,0,0,131.299,0,0,0
"MtrElec",4,24,2,"",101.821,0,0,0,0,0,0,0,0,0,0,0,0,0,0,0,0,0,0,0,0,101.821,0,0,0
"MtrElec",4,24,3,"",84.4825,0,0,0,0,0,0,0,0,0,0,0,0,0,0,0,0,0,0,0,0,84.4825,0,0,0
"MtrElec",4,24,4,"",99.0357,0,0,0,0,0,0,0,0,0,0,0,0,0,0,0,0,0,0,0,0,99.0357,0,0,0
"MtrElec",4,24,5,"",136.229,0,0,0,0,0,0,0,0,0,0,0,0,0,0,0,0,0,0,0,0,136.229,0,0,0
"MtrElec",4,24,6,"",90.9939,0,0,0,0,0,0,0,0,0,0,0,0,0,0,0,0,0,0,0,0,90.9939,0,0,0
"MtrElec",4,24,7,"",197.736,0,0,0,0,0,0,0,0,0,0,0,0,0,0,0,0,0,0,0,0,205.265,0,0,-7.52904
"MtrElec",4,24,8,"",190.915,0,0,0,0,0,0,0,0,0,0,0,0,0,0,0,0,0,0,0,0,248.609,0,0,-57.6936
"MtrElec",4,24,9,"",224.537,0,0,0,0,0,0,0,0,0,0,0,0,0,0,0,0,0,0,0,0,263.796,0,0,-39.259
"MtrElec",4,24,10,"",157.757,0,0,0,0,0,0,0,0,0,0,0,0,0,0,0,0,0,0,0,0,217.78,0,0,-60.0227
"MtrElec",4,24,11,"",31.5158,0,0,0,0,0,0,0,0,0,0,0,0,0,0,0,0,0,0,0,0,199.183,0,0,-167.667
"MtrElec",4,24,12,"",0,0,0,0,0,0,0,0,0,0,0,0,0,0,0,0,0,0,0,0,0,219.332,0,54.563,-273.895
"MtrElec",4,24,13,"",0,0,0,0,0,0,0,0,0,0,0,0,0,0,0,0,0,0,0,0,0,222.121,0,117.979,-340.1
"MtrElec",4,24,14,"",-85.2828,0,0,0,0,0,0,0,0,0,0,0,0,0,0,0,0,0,0,0,0,120.046,0,157.698,-363.027
"MtrElec",4,24,15,"",-13.4988,0,0,0,0,0,0,0,0,0,0,0,0,0,0,0,0,0,0,0,0,175.057,0,157.698,-346.254
"MtrElec",4,24,16,"",-66.1102,0,0,0,0,0,0,0,0,0,0,0,0,0,0,0,0,0,0,0,0,149.592,0,100.447,-316.15
"MtrElec",4,24,17,"",-91.3321,0,0,0,0,0,0,0,0,0,0,0,0,0,0,0,0,0,0,0,0,171.498,0,0,-262.83
"MtrElec",4,24,18,"",89.6947,0,0,0,0,0,0,0,0,0,0,0,0,0,0,0,0,0,0,0,0,237.247,0,0,-147.552
"MtrElec",4,24,19,"",83.9642,0,0,0,0,0,0,0,0,0,0,0,0,0,0,0,0,0,0,0,0,281.936,0,-157.698,-40.2737
"MtrElec",4,24,20,"",60.2803,0,0,0,0,0,0,0,0,0,0,0,0,0,0,0,0,0,0,0,0,218.72,0,-157.698,-0.741611
"MtrElec",4,24,21,"",117.839,0,0,0,0,0,0,0,0,0,0,0,0,0,0,0,0,0,0,0,0,275.537,0,-157.698,0
"MtrElec",4,24,22,"",168.179,0,0,0,0,0,0,0,0,0,0,0,0,0,0,0,0,0,0,0,0,226.103,0,-57.9237,0
"MtrElec",4,24,23,"",152.485,0,0,0,0,0,0,0,0,0,0,0,0,0,0,0,0,0,0,0,0,152.485,0,0,0
"MtrElec",4,24,24,"",189.979,0,0,0,0,0,0,0,0,0,0,0,0,0,0,0,0,0,0,0,0,189.979,0,0,0
"MtrElec",4,25,1,"",121.259,0,0,0,0,0,0,0,0,0,0,0,0,0,0,0,0,0,0,0,0,121.259,0,0,0
"MtrElec",4,25,2,"",101.836,0,0,0,0,0,0,0,0,0,0,0,0,0,0,0,0,0,0,0,0,101.836,0,0,0
"MtrElec",4,25,3,"",100.259,0,0,0,0,0,0,0,0,0,0,0,0,0,0,0,0,0,0,0,0,100.259,0,0,0
"MtrElec",4,25,4,"",87.0113,0,0,0,0,0,0,0,0,0,0,0,0,0,0,0,0,0,0,0,0,87.0113,0,0,0
"MtrElec",4,25,5,"",112.013,0,0,0,0,0,0,0,0,0,0,0,0,0,0,0,0,0,0,0,0,112.013,0,0,0
"MtrElec",4,25,6,"",137.554,0,0,0,0,0,0,0,0,0,0,0,0,0,0,0,0,0,0,0,0,137.554,0,0,0
"MtrElec",4,25,7,"",91.7392,0,0,0,0,0,0,0,0,0,0,0,0,0,0,0,0,0,0,0,0,100.513,0,0,-8.77429
"MtrElec",4,25,8,"",121.505,0,0,0,0,0,0,0,0,0,0,0,0,0,0,0,0,0,0,0,0,195.454,0,0,-73.9489
"MtrElec",4,25,9,"",42.9579,0,0,0,0,0,0,0,0,0,0,0,0,0,0,0,0,0,0,0,0,177.443,0,0,-134.485
"MtrElec",4,25,10,"",21.3718,0,0,0,0,0,0,0,0,0,0,0,0,0,0,0,0,0,0,0,0,262.541,0,0,-241.169
"MtrElec",4,25,11,"",0,0,0,0,0,0,0,0,0,0,0,0,0,0,0,0,0,0,0,0,0,250.966,0,116.431,-367.397
"MtrElec",4,25,12,"",-50.6237,0,0,0,0,0,0,0,0,0,0,0,0,0,0,0,0,0,0,0,0,231.41,0,157.698,-439.732
"MtrElec",4,25,13,"",-99.693,0,0,0,0,0,0,0,0,0,0,0,0,0,0,0,0,0,0,0,0,211.517,0,157.698,-468.908
"MtrElec",4,25,14,"",-101.07,0,0,0,0,0,0,0,0,0,0,0,0,0,0,0,0,0,0,0,0,204.684,0,156.558,-462.313
"MtrElec",4,25,15,"",-284.802,0,0,0,0,0,0,0,0,0,0,0,0,0,0,0,0,0,0,0,0,145.784,0,0,-430.586
"MtrElec",4,25,16,"",-174.644,0,0,0,0,0,0,0,0,0,0,0,0,0,0,0,0,0,0,0,0,191.438,0,0,-366.082
"MtrElec",4,25,17,"",-72.7454,0,0,0,0,0,0,0,0,0,0,0,0,0,0,0,0,0,0,0,0,197.994,0,0,-270.739
"MtrElec",4,25,18,"",62.1669,0,0,0,0,0,0,0,0,0,0,0,0,0,0,0,0,0,0,0,0,215.054,0,0,-152.887
"MtrElec",4,25,19,"",123.618,0,0,0,0,0,0,0,0,0,0,0,0,0,0,0,0,0,0,0,0,321.865,0,-157.698,-40.5492
"MtrElec",4,25,20,"",98.6546,0,0,0,0,0,0,0,0,0,0,0,0,0,0,0,0,0,0,0,0,256.975,0,-157.698,-0.622208
"MtrElec",4,25,21,"",94.8,0,0,0,0,0,0,0,0,0,0,0,0,0,0,0,0,0,0,0,0,252.498,0,-157.698,0
"MtrElec",4,25,22,"",241.675,0,0,0,0,0,0,0,0,0,0,0,0,0,0,0,0,0,0,0,0,299.599,0,-57.9237,0
"MtrElec",4,25,23,"",195.846,0,0,0,0,0,0,0,0,0,0,0,0,0,0,0,0,0,0,0,0,195.846,0,0,0
"MtrElec",4,25,24,"",152.758,0,0,0,0,0,0,0,0,0,0,0,0,0,0,0,0,0,0,0,0,152.758,0,0,0
"MtrElec",4,26,1,"",114.202,0,0,0,0,0,0,0,0,0,0,0,0,0,0,0,0,0,0,0,0,114.202,0,0,0
"MtrElec",4,26,2,"",101.531,0,0,0,0,0,0,0,0,0,0,0,0,0,0,0,0,0,0,0,0,101.531,0,0,0
"MtrElec",4,26,3,"",131.561,0,0,0,0,0,0,0,0,0,0,0,0,0,0,0,0,0,0,0,0,131.561,0,0,0
"MtrElec",4,26,4,"",104.471,0,0,0,0,0,0,0,0,0,0,0,0,0,0,0,0,0,0,0,0,104.471,0,0,0
"MtrElec",4,26,5,"",111.819,0,0,0,0,0,0,0,0,0,0,0,0,0,0,0,0,0,0,0,0,111.819,0,0,0
"MtrElec",4,26,6,"",88.066,0,0,0,0,0,0,0,0,0,0,0,0,0,0,0,0,0,0,0,0,88.066,0,0,0
"MtrElec",4,26,7,"",131.492,0,0,0,0,0,0,0,0,0,0,0,0,0,0,0,0,0,0,0,0,141.308,0,0,-9.81567
"MtrElec",4,26,8,"",80.704,0,0,0,0,0,0,0,0,0,0,0,0,0,0,0,0,0,0,0,0,158.993,0,0,-78.2894
"MtrElec",4,26,9,"",32.1696,0,0,0,0,0,0,0,0,0,0,0,0,0,0,0,0,0,0,0,0,236.05,0,0,-203.881
"MtrElec",4,26,10,"",0,0,0,0,0,0,0,0,0,0,0,0,0,0,0,0,0,0,0,0,0,236.176,0,80.6473,-316.823
"MtrElec",4,26,11,"",0,0,0,0,0,0,0,0,0,0,0,0,0,0,0,0,0,0,0,0,0,271.211,0,129.985,-401.196
"MtrElec",4,26,12,"",-11.1306,0,0,0,0,0,0,0,0,0,0,0,0,0,0,0,0,0,0,0,0,283.94,0,157.698,-452.768
"MtrElec",4,26,13,"",-82.0609,0,0,0,0,0,0,0,0,0,0,0,0,0,0,0,0,0,0,0,0,221.858,0,157.698,-461.617
"MtrElec",4,26,14,"",-185.658,0,0,0,0,0,0,0,0,0,0,0,0,0,0,0,0,0,0,0,0,200.289,0,62.3573,-448.305
"MtrElec",4,26,15,"",-186.499,0,0,0,0,0,0,0,0,0,0,0,0,0,0,0,0,0,0,0,0,245.899,0,0,-432.399
"MtrElec",4,26,16,"",-157.612,0,0,0,0,0,0,0,0,0,0,0,0,0,0,0,0,0,0,0,0,214.631,0,0,-372.243
"MtrElec",4,26,17,"",-50.1803,0,0,0,0,0,0,0,0,0,0,0,0,0,0,0,0,0,0,0,0,228.061,0,0,-278.242
"MtrElec",4,26,18,"",97.0415,0,0,0,0,0,0,0,0,0,0,0,0,0,0,0,0,0,0,0,0,257.129,0,0,-160.087
"MtrElec",4,26,19,"",87.3652,0,0,0,0,0,0,0,0,0,0,0,0,0,0,0,0,0,0,0,0,286.284,0,-157.698,-41.2208
"MtrElec",4,26,20,"",93.4504,0,0,0,0,0,0,0,0,0,0,0,0,0,0,0,0,0,0,0,0,252.549,0,-157.698,-1.40053
"MtrElec",4,26,21,"",112.263,0,0,0,0,0,0,0,0,0,0,0,0,0,0,0,0,0,0,0,0,269.961,0,-157.698,0
"MtrElec",4,26,22,"",247.527,0,0,0,0,0,0,0,0,0,0,0,0,0,0,0,0,0,0,0,0,305.451,0,-57.9237,0
"MtrElec",4,26,23,"",138.233,0,0,0,0,0,0,0,0,0,0,0,0,0,0,0,0,0,0,0,0,138.233,0,0,0
"MtrElec",4,26,24,"",187.676,0,0,0,0,0,0,0,0,0,0,0,0,0,0,0,0,0,0,0,0,187.676,0,0,0
"MtrElec",4,27,1,"",106.394,0,0,0,0,0,0,0,0,0,0,0,0,0,0,0,0,0,0,0,0,106.394,0,0,0
"MtrElec",4,27,2,"",98.2321,0,0,0,0,0,0,0,0,0,0,0,0,0,0,0,0,0,0,0,0,98.2321,0,0,0
"MtrElec",4,27,3,"",102.116,0,0,0,0,0,0,0,0,0,0,0,0,0,0,0,0,0,0,0,0,102.116,0,0,0
"MtrElec",4,27,4,"",108.322,0,0,0,0,0,0,0,0,0,0,0,0,0,0,0,0,0,0,0,0,108.322,0,0,0
"MtrElec",4,27,5,"",90.1948,0,0,0,0,0,0,0,0,0,0,0,0,0,0,0,0,0,0,0,0,90.1948,0,0,0
"MtrElec",4,27,6,"",145.14,0,0,0,0,0,0,0,0,0,0,0,0,0,0,0,0,0,0,0,0,145.14,0,0,0
"MtrElec",4,27,7,"",186.948,0,0,0,0,0,0,0,0,0,0,0,0,0,0,0,0,0,0,0,0,198.876,0,0,-11.9278
"MtrElec",4,27,8,"",118.215,0,0,0,0,0,0,0,0,0,0,0,0,0,0,0,0,0,0,0,0,195.601,0,0,-77.386
"MtrElec",4,27,9,"",44.0513,0,0,0,0,0,0,0,0,0,0,0,0,0,0,0,0,0,0,0,0,244.443,0,0,-200.391
"MtrElec",4,27,10,"",0,0,0,0,0,0,0,0,0,0,0,0,0,0,0,0,0,0,0,0,0,210.782,0,97.8323,-308.614
"MtrElec",4,27,11,"",-12.5834,0,0,0,0,0,0,0,0,0,0,0,0,0,0,0,0,0,0,0,0,219.283,0,157.698,-389.565
"MtrElec",4,27,12,"",-115.92,0,0,0,0,0,0,0,0,0,0,0,0,0,0,0,0,0,0,0,0,162.403,0,157.698,-436.021
"MtrElec",4,27,13,"",-141.428,0,0,0,0,0,0,0,0,0,0,0,0,0,0,0,0,0,0,0,0,156.91,0,157.698,-456.036
"MtrElec",4,27,14,"",-257.816,0,0,0,0,0,0,0,0,0,0,0,0,0,0,0,0,0,0,0,0,161.827,0,17.4589,-437.102
"MtrElec",4,27,15,"",-242.996,0,0,0,0,0,0,0,0,0,0,0,0,0,0,0,0,0,0,0,0,162.032,0,0,-405.027
"MtrElec",4,27,16,"",-163.275,0,0,0,0,0,0,0,0,0,0,0,0,0,0,0,0,0,0,0,0,189.04,0,0,-352.314
"MtrElec",4,27,17,"",-23.1826,0,0,0,0,0,0,0,0,0,0,0,0,0,0,0,0,0,0,0,0,243.79,0,0,-266.972
"MtrElec",4,27,18,"",100.669,0,0,0,0,0,0,0,0,0,0,0,0,0,0,0,0,0,0,0,0,254.789,0,0,-154.12
"MtrElec",4,27,19,"",128.928,0,0,0,0,0,0,0,0,0,0,0,0,0,0,0,0,0,0,0,0,326.646,0,-157.698,-40.0199
"MtrElec",4,27,20,"",153.227,0,0,0,0,0,0,0,0,0,0,0,0,0,0,0,0,0,0,0,0,312.22,0,-157.698,-1.2949
"MtrElec",4,27,21,"",149.873,0,0,0,0,0,0,0,0,0,0,0,0,0,0,0,0,0,0,0,0,307.571,0,-157.698,0
"MtrElec",4,27,22,"",152.595,0,0,0,0,0,0,0,0,0,0,0,0,0,0,0,0,0,0,0,0,210.519,0,-57.9237,0
"MtrElec",4,27,23,"",209.077,0,0,0,0,0,0,0,0,0,0,0,0,0,0,0,0,0,0,0,0,209.077,0,0,0
"MtrElec",4,27,24,"",126.438,0,0,0,0,0,0,0,0,0,0,0,0,0,0,0,0,0,0,0,0,126.438,0,0,0
"MtrElec",4,28,1,"",162.88,0,0,0,0,0,0,0,0,0,0,0,0,0,0,0,0,0,0,0,0,162.88,0,0,0
"MtrElec",4,28,2,"",108.748,0,0,0,0,0,0,0,0,0,0,0,0,0,0,0,0,0,0,0,0,108.748,0,0,0
"MtrElec",4,28,3,"",92.3359,0,0,0,0,0,0,0,0,0,0,0,0,0,0,0,0,0,0,0,0,92.3359,0,0,0
"MtrElec",4,28,4,"",110.878,0,0,0,0,0,0,0,0,0,0,0,0,0,0,0,0,0,0,0,0,110.878,0,0,0
"MtrElec",4,28,5,"",97.4214,0,0,0,0,0,0,0,0,0,0,0,0,0,0,0,0,0,0,0,0,97.4214,0,0,0
"MtrElec",4,28,6,"",141.557,0,0,0,0,0,0,0,0,0,0,0,0,0,0,0,0,0,0,0,0,141.557,0,0,0
"MtrElec",4,28,7,"",147.987,0,0,0,0,0,0,0,0,0,0,0,0,0,0,0,0,0,0,0,0,160.747,0,0,-12.7601
"MtrElec",4,28,8,"",180.983,0,0,0,0,0,0,0,0,0,0,0,0,0,0,0,0,0,0,0,0,259.207,0,0,-78.2241
"MtrElec",4,28,9,"",37.6592,0,0,0,0,0,0,0,0,0,0,0,0,0,0,0,0,0,0,0,0,234.46,0,0,-196.801
"MtrElec",4,28,10,"",0,0,0,0,0,0,0,0,0,0,0,0,0,0,0,0,0,0,0,0,0,236.254,0,62.3434,-298.597
"MtrElec",4,28,11,"",0.0000078,0,0,0,0,0,0,0,0,0,0,0,0,0,0,0,0,0,0,0,0,267.191,0,114.369,-381.56
"MtrElec",4,28,12,"",-42.2972,0,0,0,0,0,0,0,0,0,0,0,0,0,0,0,0,0,0,0,0,239.492,0,157.698,-439.487
"MtrElec",4,28,13,"",-65.1606,0,0,0,0,0,0,0,0,0,0,0,0,0,0,0,0,0,0,0,0,242.695,0,157.698,-465.553
"MtrElec",4,28,14,"",-224.345,0,0,0,0,0,0,0,0,0,0,0,0,0,0,0,0,0,0,0,0,141.521,0,96.2772,-462.144
"MtrElec",4,28,15,"",-234.094,0,0,0,0,0,0,0,0,0,0,0,0,0,0,0,0,0,0,0,0,196.126,0,0,-430.22
"MtrElec",4,28,16,"",-148.978,0,0,0,0,0,0,0,0,0,0,0,0,0,0,0,0,0,0,0,0,216.016,0,0,-364.995
"MtrElec",4,28,17,"",-51.7335,0,0,0,0,0,0,0,0,0,0,0,0,0,0,0,0,0,0,0,0,199.997,0,0,-251.731
"MtrElec",4,28,18,"",105.673,0,0,0,0,0,0,0,0,0,0,0,0,0,0,0,0,0,0,0,0,259.161,0,0,-153.488
"MtrElec",4,28,19,"",97.4859,0,0,0,0,0,0,0,0,0,0,0,0,0,0,0,0,0,0,0,0,297.085,0,-157.698,-41.901
"MtrElec",4,28,20,"",128.897,0,0,0,0,0,0,0,0,0,0,0,0,0,0,0,0,0,0,0,0,287.546,0,-157.698,-0.951826
"MtrElec",4,28,21,"",81.1685,0,0,0,0,0,0,0,0,0,0,0,0,0,0,0,0,0,0,0,0,238.867,0,-157.698,0
"MtrElec",4,28,22,"",149.705,0,0,0,0,0,0,0,0,0,0,0,0,0,0,0,0,0,0,0,0,207.628,0,-57.9237,0
"MtrElec",4,28,23,"",216.982,0,0,0,0,0,0,0,0,0,0,0,0,0,0,0,0,0,0,0,0,216.982,0,0,0
"MtrElec",4,28,24,"",196.932,0,0,0,0,0,0,0,0,0,0,0,0,0,0,0,0,0,0,0,0,196.932,0,0,0
"MtrElec",4,29,1,"",148.138,0,0,0,0,0,0,0,0,0,0,0,0,0,0,0,0,0,0,0,0,148.138,0,0,0
"MtrElec",4,29,2,"",94.8766,0,0,0,0,0,0,0,0,0,0,0,0,0,0,0,0,0,0,0,0,94.8766,0,0,0
"MtrElec",4,29,3,"",94.1802,0,0,0,0,0,0,0,0,0,0,0,0,0,0,0,0,0,0,0,0,94.1802,0,0,0
"MtrElec",4,29,4,"",107.283,0,0,0,0,0,0,0,0,0,0,0,0,0,0,0,0,0,0,0,0,107.283,0,0,0
"MtrElec",4,29,5,"",92.3383,0,0,0,0,0,0,0,0,0,0,0,0,0,0,0,0,0,0,0,0,92.3383,0,0,0
"MtrElec",4,29,6,"",124.009,0,0,0,0,0,0,0,0,0,0,0,0,0,0,0,0,0,0,0,0,124.009,0,0,0
"MtrElec",4,29,7,"",160.001,0,0,0,0,0,0,0,0,0,0,0,0,0,0,0,0,0,0,0,0,174.58,0,0,-14.5794
"MtrElec",4,29,8,"",161.083,0,0,0,0,0,0,0,0,0,0,0,0,0,0,0,0,0,0,0,0,243.134,0,0,-82.0514
"MtrElec",4,29,9,"",70.7785,0,0,0,0,0,0,0,0,0,0,0,0,0,0,0,0,0,0,0,0,275.207,0,0,-204.429
"MtrElec",4,29,10,"",0,0,0,0,0,0,0,0,0,0,0,0,0,0,0,0,0,0,0,0,0,236.814,0,80.3889,-317.203
"MtrElec",4,29,11,"",0,0,0,0,0,0,0,0,0,0,0,0,0,0,0,0,0,0,0,0,0,254.104,0,148.332,-402.436
"MtrElec",4,29,12,"",-90.7324,0,0,0,0,0,0,0,0,0,0,0,0,0,0,0,0,0,0,0,0,206.561,0,157.698,-454.991
"MtrElec",4,29,13,"",-118.483,0,0,0,0,0,0,0,0,0,0,0,0,0,0,0,0,0,0,0,0,204.642,0,157.698,-480.823
"MtrElec",4,29,14,"",-293.448,0,0,0,0,0,0,0,0,0,0,0,0,0,0,0,0,0,0,0,0,134.559,0,44.2682,-472.275
"MtrElec",4,29,15,"",-242.582,0,0,0,0,0,0,0,0,0,0,0,0,0,0,0,0,0,0,0,0,195.096,0,0,-437.678
"MtrElec",4,29,16,"",-190.642,0,0,0,0,0,0,0,0,0,0,0,0,0,0,0,0,0,0,0,0,181.294,0,0,-371.937
"MtrElec",4,29,17,"",-60.2893,0,0,0,0,0,0,0,0,0,0,0,0,0,0,0,0,0,0,0,0,217.11,0,0,-277.399
"MtrElec",4,29,18,"",82.5742,0,0,0,0,0,0,0,0,0,0,0,0,0,0,0,0,0,0,0,0,240.152,0,0,-157.578
"MtrElec",4,29,19,"",89.7656,0,0,0,0,0,0,0,0,0,0,0,0,0,0,0,0,0,0,0,0,291.702,0,-157.698,-44.2382
"MtrElec",4,29,20,"",111.004,0,0,0,0,0,0,0,0,0,0,0,0,0,0,0,0,0,0,0,0,270.103,0,-157.698,-1.40159
"MtrElec",4,29,21,"",104.275,0,0,0,0,0,0,0,0,0,0,0,0,0,0,0,0,0,0,0,0,261.973,0,-157.698,0
"MtrElec",4,29,22,"",153.611,0,0,0,0,0,0,0,0,0,0,0,0,0,0,0,0,0,0,0,0,211.535,0,-57.9237,0
"MtrElec",4,29,23,"",226.558,0,0,0,0,0,0,0,0,0,0,0,0,0,0,0,0,0,0,0,0,226.558,0,0,0
"MtrElec",4,29,24,"",127.013,0,0,0,0,0,0,0,0,0,0,0,0,0,0,0,0,0,0,0,0,127.013,0,0,0
"MtrElec",4,30,1,"",107.023,0,0,0,0,0,0,0,0,0,0,0,0,0,0,0,0,0,0,0,0,107.023,0,0,0
"MtrElec",4,30,2,"",140.885,0,0,0,0,0,0,0,0,0,0,0,0,0,0,0,0,0,0,0,0,140.885,0,0,0
"MtrElec",4,30,3,"",86.0821,0,0,0,0,0,0,0,0,0,0,0,0,0,0,0,0,0,0,0,0,86.0821,0,0,0
"MtrElec",4,30,4,"",99.6406,0,0,0,0,0,0,0,0,0,0,0,0,0,0,0,0,0,0,0,0,99.6406,0,0,0
"MtrElec",4,30,5,"",99.0923,0,0,0,0,0,0,0,0,0,0,0,0,0,0,0,0,0,0,0,0,99.0923,0,0,0
"MtrElec",4,30,6,"",91.3768,0,0,0,0,0,0,0,0,0,0,0,0,0,0,0,0,0,0,0,0,91.3768,0,0,0
"MtrElec",4,30,7,"",161.418,0,0,0,0,0,0,0,0,0,0,0,0,0,0,0,0,0,0,0,0,177.101,0,0,-15.6823
"MtrElec",4,30,8,"",121.943,0,0,0,0,0,0,0,0,0,0,0,0,0,0,0,0,0,0,0,0,206.441,0,0,-84.4972
"MtrElec",4,30,9,"",46.3691,0,0,0,0,0,0,0,0,0,0,0,0,0,0,0,0,0,0,0,0,257.88,0,0,-211.511
"MtrElec",4,30,10,"",0.0000078,0,0,0,0,0,0,0,0,0,0,0,0,0,0,0,0,0,0,0,0,239.314,0,91.5686,-330.883
"MtrElec",4,30,11,"",-34.6277,0,0,0,0,0,0,0,0,0,0,0,0,0,0,0,0,0,0,0,0,230.713,0,157.698,-423.039
"MtrElec",4,30,12,"",-136.953,0,0,0,0,0,0,0,0,0,0,0,0,0,0,0,0,0,0,0,0,187.672,0,157.698,-482.322
"MtrElec",4,30,13,"",-18.342,0,0,0,0,0,0,0,0,0,0,0,0,0,0,0,0,0,0,0,0,329.402,0,157.698,-505.442
"MtrElec",4,30,14,"",-336.882,0,0,0,0,0,0,0,0,0,0,0,0,0,0,0,0,0,0,0,0,140.397,0,23.7227,-501.002
"MtrElec",4,30,15,"",-288.771,0,0,0,0,0,0,0,0,0,0,0,0,0,0,0,0,0,0,0,0,168.291,0,0,-457.062
"MtrElec",4,30,16,"",-210.617,0,0,0,0,0,0,0,0,0,0,0,0,0,0,0,0,0,0,0,0,172.539,0,0,-383.155
"MtrElec",4,30,17,"",-100.418,0,0,0,0,0,0,0,0,0,0,0,0,0,0,0,0,0,0,0,0,185.966,0,0,-286.384
"MtrElec",4,30,18,"",53.4965,0,0,0,0,0,0,0,0,0,0,0,0,0,0,0,0,0,0,0,0,217.821,0,0,-164.325
"MtrElec",4,30,19,"",89.3685,0,0,0,0,0,0,0,0,0,0,0,0,0,0,0,0,0,0,0,0,293.615,0,-157.698,-46.5488
"MtrElec",4,30,20,"",103.303,0,0,0,0,0,0,0,0,0,0,0,0,0,0,0,0,0,0,0,0,262.738,0,-157.698,-1.73757
"MtrElec",4,30,21,"",101.992,0,0,0,0,0,0,0,0,0,0,0,0,0,0,0,0,0,0,0,0,259.69,0,-157.698,0
"MtrElec",4,30,22,"",168.495,0,0,0,0,0,0,0,0,0,0,0,0,0,0,0,0,0,0,0,0,226.419,0,-57.9237,0
"MtrElec",4,30,23,"",193.847,0,0,0,0,0,0,0,0,0,0,0,0,0,0,0,0,0,0,0,0,193.847,0,0,0
"MtrElec",4,30,24,"",152.663,0,0,0,0,0,0,0,0,0,0,0,0,0,0,0,0,0,0,0,0,152.663,0,0,0
"MtrElec",5,1,1,"",106.684,0,0,0,0,0,0,0,0,0,0,0,0,0,0,0,0,0,0,0,0,106.684,0,0,0
"MtrElec",5,1,2,"",118.528,0,0,0,0,0,0,0,0,0,0,0,0,0,0,0,0,0,0,0,0,118.528,0,0,0
"MtrElec",5,1,3,"",123.524,0,0,0,0,0,0,0,0,0,0,0,0,0,0,0,0,0,0,0,0,123.524,0,0,0
"MtrElec",5,1,4,"",85.8805,0,0,0,0,0,0,0,0,0,0,0,0,0,0,0,0,0,0,0,0,85.8805,0,0,0
"MtrElec",5,1,5,"",94.3788,0,0,0,0,0,0,0,0,0,0,0,0,0,0,0,0,0,0,0,0,94.3788,0,0,0
"MtrElec",5,1,6,"",87.979,0,0,0,0,0,0,0,0,0,0,0,0,0,0,0,0,0,0,0,0,87.979,0,0,0
"MtrElec",5,1,7,"",173.779,0,0,0,0,0,0,0,0,0,0,0,0,0,0,0,0,0,0,0,0,187.924,0,0,-14.1449
"MtrElec",5,1,8,"",120.512,0,0,0,0,0,0,0,0,0,0,0,0,0,0,0,0,0,0,0,0,201.484,0,0,-80.972
"MtrElec",5,1,9,"",40.5002,0,0,0,0,0,0,0,0,0,0,0,0,0,0,0,0,0,0,0,0,240.158,0,0,-199.658
"MtrElec",5,1,10,"",0,0,0,0,0,0,0,0,0,0,0,0,0,0,0,0,0,0,0,0,0,243.098,0,62.4712,-305.569
"MtrElec",5,1,11,"",0.0000078,0,0,0,0,0,0,0,0,0,0,0,0,0,0,0,0,0,0,0,0,260.877,0,124.9,-385.777
"MtrElec",5,1,12,"",-40.2687,0,0,0,0,0,0,0,0,0,0,0,0,0,0,0,0,0,0,0,0,237.37,0,157.698,-435.337
"MtrElec",5,1,13,"",-75.6739,0,0,0,0,0,0,0,0,0,0,0,0,0,0,0,0,0,0,0,0,226.503,0,157.698,-459.875
"MtrElec",5,1,14,"",-189.855,0,0,0,0,0,0,0,0,0,0,0,0,0,0,0,0,0,0,0,0,176.685,0,85.6179,-452.158
"MtrElec",5,1,15,"",-225.166,0,0,0,0,0,0,0,0,0,0,0,0,0,0,0,0,0,0,0,0,190.931,0,0,-416.097
"MtrElec",5,1,16,"",-174.437,0,0,0,0,0,0,0,0,0,0,0,0,0,0,0,0,0,0,0,0,182.118,0,0,-356.554
"MtrElec",5,1,17,"",-18.4644,0,0,0,0,0,0,0,0,0,0,0,0,0,0,0,0,0,0,0,0,247.086,0,0,-265.551
"MtrElec",5,1,18,"",126.274,0,0,0,0,0,0,0,0,0,0,0,0,0,0,0,0,0,0,0,0,277.512,0,0,-151.239
"MtrElec",5,1,19,"",134.408,0,0,0,0,0,0,0,0,0,0,0,0,0,0,0,0,0,0,0,0,334.967,0,-157.698,-42.8613
"MtrElec",5,1,20,"",111.964,0,0,0,0,0,0,0,0,0,0,0,0,0,0,0,0,0,0,0,0,271.316,0,-157.698,-1.6545
"MtrElec",5,1,21,"",147.331,0,0,0,0,0,0,0,0,0,0,0,0,0,0,0,0,0,0,0,0,305.029,0,-157.698,0
"MtrElec",5,1,22,"",152.286,0,0,0,0,0,0,0,0,0,0,0,0,0,0,0,0,0,0,0,0,210.21,0,-57.9237,0
"MtrElec",5,1,23,"",203.277,0,0,0,0,0,0,0,0,0,0,0,0,0,0,0,0,0,0,0,0,203.277,0,0,0
"MtrElec",5,1,24,"",142.458,0,0,0,0,0,0,0,0,0,0,0,0,0,0,0,0,0,0,0,0,142.458,0,0,0
"MtrElec",5,2,1,"",120.647,0,0,0,0,0,0,0,0,0,0,0,0,0,0,0,0,0,0,0,0,120.647,0,0,0
"MtrElec",5,2,2,"",134.17,0,0,0,0,0,0,0,0,0,0,0,0,0,0,0,0,0,0,0,0,134.17,0,0,0
"MtrElec",5,2,3,"",84.3887,0,0,0,0,0,0,0,0,0,0,0,0,0,0,0,0,0,0,0,0,84.3887,0,0,0
"MtrElec",5,2,4,"",100.572,0,0,0,0,0,0,0,0,0,0,0,0,0,0,0,0,0,0,0,0,100.572,0,0,0
"MtrElec",5,2,5,"",110.534,0,0,0,0,0,0,0,0,0,0,0,0,0,0,0,0,0,0,0,0,110.534,0,0,0
"MtrElec",5,2,6,"",86.061,0,0,0,0,0,0,0,0,0,0,0,0,0,0,0,0,0,0,0,0,86.061,0,0,0
"MtrElec",5,2,7,"",132.479,0,0,0,0,0,0,0,0,0,0,0,0,0,0,0,0,0,0,0,0,147.368,0,0,-14.8883
"MtrElec",5,2,8,"",77.4114,0,0,0,0,0,0,0,0,0,0,0,0,0,0,0,0,0,0,0,0,157.308,0,0,-79.8968
"MtrElec",5,2,9,"",0.0000039,0,0,0,0,0,0,0,0,0,0,0,0,0,0,0,0,0,0,0,0,145.184,0,47.5129,-192.697
"MtrElec",5,2,10,"",0,0,0,0,0,0,0,0,0,0,0,0,0,0,0,0,0,0,0,0,0,261.232,0,33.4354,-294.667
"MtrElec",5,2,11,"",0,0,0,0,0,0,0,0,0,0,0,0,0,0,0,0,0,0,0,0,0,271.996,0,95.6083,-367.604
"MtrElec",5,2,12,"",0,0,0,0,0,0,0,0,0,0,0,0,0,0,0,0,0,0,0,0,0,263.44,0,148.109,-411.549
"MtrElec",5,2,13,"",-21.023,0,0,0,0,0,0,0,0,0,0,0,0,0,0,0,0,0,0,0,0,259.929,0,157.698,-438.65
"MtrElec",5,2,14,"",-103.487,0,0,0,0,0,0,0,0,0,0,0,0,0,0,0,0,0,0,0,0,229.169,0,106.021,-438.678
"MtrElec",5,2,15,"",-149.95,0,0,0,0,0,0,0,0,0,0,0,0,0,0,0,0,0,0,0,0,262.625,0,0,-412.575
"MtrElec",5,2,16,"",-92.5811,0,0,0,0,0,0,0,0,0,0,0,0,0,0,0,0,0,0,0,0,259.158,0,0,-351.739
"MtrElec",5,2,17,"",2.23648,0,0,0,0,0,0,0,0,0,0,0,0,0,0,0,0,0,0,0,0,261.817,0,0,-259.581
"MtrElec",5,2,18,"",130.525,0,0,0,0,0,0,0,0,0,0,0,0,0,0,0,0,0,0,0,0,278.457,0,0,-147.932
"MtrElec",5,2,19,"",167.17,0,0,0,0,0,0,0,0,0,0,0,0,0,0,0,0,0,0,0,0,366.931,0,-157.698,-42.0633
"MtrElec",5,2,20,"",151.674,0,0,0,0,0,0,0,0,0,0,0,0,0,0,0,0,0,0,0,0,311.003,0,-157.698,-1.63084
"MtrElec",5,2,21,"",68.8524,0,0,0,0,0,0,0,0,0,0,0,0,0,0,0,0,0,0,0,0,226.55,0,-157.698,0
"MtrElec",5,2,22,"",185.586,0,0,0,0,0,0,0,0,0,0,0,0,0,0,0,0,0,0,0,0,243.51,0,-57.9237,0
"MtrElec",5,2,23,"",198.541,0,0,0,0,0,0,0,0,0,0,0,0,0,0,0,0,0,0,0,0,198.541,0,0,0
"MtrElec",5,2,24,"",150.314,0,0,0,0,0,0,0,0,0,0,0,0,0,0,0,0,0,0,0,0,150.314,0,0,0
"MtrElec",5,3,1,"",118.126,0,0,0,0,0,0,0,0,0,0,0,0,0,0,0,0,0,0,0,0,118.126,0,0,0
"MtrElec",5,3,2,"",102.391,0,0,0,0,0,0,0,0,0,0,0,0,0,0,0,0,0,0,0,0,102.391,0,0,0
"MtrElec",5,3,3,"",130.13,0,0,0,0,0,0,0,0,0,0,0,0,0,0,0,0,0,0,0,0,130.13,0,0,0
"MtrElec",5,3,4,"",105.798,0,0,0,0,0,0,0,0,0,0,0,0,0,0,0,0,0,0,0,0,105.798,0,0,0
"MtrElec",5,3,5,"",117.403,0,0,0,0,0,0,0,0,0,0,0,0,0,0,0,0,0,0,0,0,117.403,0,0,0
"MtrElec",5,3,6,"",86.292,0,0,0,0,0,0,0,0,0,0,0,0,0,0,0,0,0,0,0,0,86.292,0,0,0
"MtrElec",5,3,7,"",103.661,0,0,0,0,0,0,0,0,0,0,0,0,0,0,0,0,0,0,0,0,118.095,0,0,-14.4337
"MtrElec",5,3,8,"",62.2835,0,0,0,0,0,0,0,0,0,0,0,0,0,0,0,0,0,0,0,0,141.275,0,0,-78.9917
"MtrElec",5,3,9,"",0,0,0,0,0,0,0,0,0,0,0,0,0,0,0,0,0,0,0,0,0,163.534,0,29.3565,-192.89
"MtrElec",5,3,10,"",0,0,0,0,0,0,0,0,0,0,0,0,0,0,0,0,0,0,0,0,0,247.106,0,42.9119,-290.018
"MtrElec",5,3,11,"",0.0000020,0,0,0,0,0,0,0,0,0,0,0,0,0,0,0,0,0,0,0,0,342.367,0,25.3556,-367.723
"MtrElec",5,3,12,"",0,0,0,0,0,0,0,0,0,0,0,0,0,0,0,0,0,0,0,0,0,280.161,0,142.9,-423.061
"MtrElec",5,3,13,"",-7.82456,0,0,0,0,0,0,0,0,0,0,0,0,0,0,0,0,0,0,0,0,278.113,0,157.698,-443.635
"MtrElec",5,3,14,"",-18.1021,0,0,0,0,0,0,0,0,0,0,0,0,0,0,0,0,0,0,0,0,263.181,0,157.698,-438.981
"MtrElec",5,3,15,"",-91.7987,0,0,0,0,0,0,0,0,0,0,0,0,0,0,0,0,0,0,0,0,281.138,0,32.4653,-405.402
"MtrElec",5,3,16,"",-91.8218,0,0,0,0,0,0,0,0,0,0,0,0,0,0,0,0,0,0,0,0,252.121,0,0,-343.943
"MtrElec",5,3,17,"",26.5196,0,0,0,0,0,0,0,0,0,0,0,0,0,0,0,0,0,0,0,0,280.858,0,0,-254.338
"MtrElec",5,3,18,"",161.067,0,0,0,0,0,0,0,0,0,0,0,0,0,0,0,0,0,0,0,0,305.512,0,0,-144.445
"MtrElec",5,3,19,"",207.218,0,0,0,0,0,0,0,0,0,0,0,0,0,0,0,0,0,0,0,0,407.338,0,-157.698,-42.4221
"MtrElec",5,3,20,"",157.424,0,0,0,0,0,0,0,0,0,0,0,0,0,0,0,0,0,0,0,0,317.008,0,-157.698,-1.88672
"MtrElec",5,3,21,"",108.901,0,0,0,0,0,0,0,0,0,0,0,0,0,0,0,0,0,0,0,0,266.599,0,-157.698,0
"MtrElec",5,3,22,"",217.534,0,0,0,0,0,0,0,0,0,0,0,0,0,0,0,0,0,0,0,0,275.457,0,-57.9237,0
"MtrElec",5,3,23,"",194.476,0,0,0,0,0,0,0,0,0,0,0,0,0,0,0,0,0,0,0,0,194.476,0,0,0
"MtrElec",5,3,24,"",136.813,0,0,0,0,0,0,0,0,0,0,0,0,0,0,0,0,0,0,0,0,136.813,0,0,0
"MtrElec",5,4,1,"",103.912,0,0,0,0,0,0,0,0,0,0,0,0,0,0,0,0,0,0,0,0,103.912,0,0,0
"MtrElec",5,4,2,"",101.587,0,0,0,0,0,0,0,0,0,0,0,0,0,0,0,0,0,0,0,0,101.587,0,0,0
"MtrElec",5,4,3,"",140.91,0,0,0,0,0,0,0,0,0,0,0,0,0,0,0,0,0,0,0,0,140.91,0,0,0
"MtrElec",5,4,4,"",96.942,0,0,0,0,0,0,0,0,0,0,0,0,0,0,0,0,0,0,0,0,96.942,0,0,0
"MtrElec",5,4,5,"",91.0857,0,0,0,0,0,0,0,0,0,0,0,0,0,0,0,0,0,0,0,0,91.0857,0,0,0
"MtrElec",5,4,6,"",102.209,0,0,0,0,0,0,0,0,0,0,0,0,0,0,0,0,0,0,0,0,102.209,0,0,0
"MtrElec",5,4,7,"",152.688,0,0,0,0,0,0,0,0,0,0,0,0,0,0,0,0,0,0,0,0,168.431,0,0,-15.7428
"MtrElec",5,4,8,"",149.965,0,0,0,0,0,0,0,0,0,0,0,0,0,0,0,0,0,0,0,0,230.513,0,0,-80.5484
"MtrElec",5,4,9,"",17.7773,0,0,0,0,0,0,0,0,0,0,0,0,0,0,0,0,0,0,0,0,211.282,0,0,-193.505
"MtrElec",5,4,10,"",0,0,0,0,0,0,0,0,0,0,0,0,0,0,0,0,0,0,0,0,0,237.551,0,55.2127,-292.763
"MtrElec",5,4,11,"",0,0,0,0,0,0,0,0,0,0,0,0,0,0,0,0,0,0,0,0,0,235.48,0,137.05,-372.529
"MtrElec",5,4,12,"",-43.2433,0,0,0,0,0,0,0,0,0,0,0,0,0,0,0,0,0,0,0,0,222.418,0,157.698,-423.359
"MtrElec",5,4,13,"",-14.5571,0,0,0,0,0,0,0,0,0,0,0,0,0,0,0,0,0,0,0,0,274.734,0,157.698,-446.989
"MtrElec",5,4,14,"",-144.418,0,0,0,0,0,0,0,0,0,0,0,0,0,0,0,0,0,0,0,0,219.518,0,80.7269,-444.663
"MtrElec",5,4,15,"",-200.08,0,0,0,0,0,0,0,0,0,0,0,0,0,0,0,0,0,0,0,0,212.313,0,0,-412.394
"MtrElec",5,4,16,"",-98.7719,0,0,0,0,0,0,0,0,0,0,0,0,0,0,0,0,0,0,0,0,252.104,0,0,-350.876
"MtrElec",5,4,17,"",38.0947,0,0,0,0,0,0,0,0,0,0,0,0,0,0,0,0,0,0,0,0,298.066,0,0,-259.972
"MtrElec",5,4,18,"",144.323,0,0,0,0,0,0,0,0,0,0,0,0,0,0,0,0,0,0,0,0,292.869,0,0,-148.546
"MtrElec",5,4,19,"",79.2054,0,0,0,0,0,0,0,0,0,0,0,0,0,0,0,0,0,0,0,0,280.506,0,-157.698,-43.6025
"MtrElec",5,4,20,"",119.702,0,0,0,0,0,0,0,0,0,0,0,0,0,0,0,0,0,0,0,0,279.748,0,-157.698,-2.34727
"MtrElec",5,4,21,"",129.801,0,0,0,0,0,0,0,0,0,0,0,0,0,0,0,0,0,0,0,0,287.499,0,-157.698,0
"MtrElec",5,4,22,"",201.609,0,0,0,0,0,0,0,0,0,0,0,0,0,0,0,0,0,0,0,0,259.532,0,-57.9237,0
"MtrElec",5,4,23,"",214.186,0,0,0,0,0,0,0,0,0,0,0,0,0,0,0,0,0,0,0,0,214.186,0,0,0
"MtrElec",5,4,24,"",146.177,0,0,0,0,0,0,0,0,0,0,0,0,0,0,0,0,0,0,0,0,146.177,0,0,0
"MtrElec",5,5,1,"",103.112,0,0,0,0,0,0,0,0,0,0,0,0,0,0,0,0,0,0,0,0,103.112,0,0,0
"MtrElec",5,5,2,"",104.277,0,0,0,0,0,0,0,0,0,0,0,0,0,0,0,0,0,0,0,0,104.277,0,0,0
"MtrElec",5,5,3,"",128.566,0,0,0,0,0,0,0,0,0,0,0,0,0,0,0,0,0,0,0,0,128.566,0,0,0
"MtrElec",5,5,4,"",90.6084,0,0,0,0,0,0,0,0,0,0,0,0,0,0,0,0,0,0,0,0,90.6084,0,0,0
"MtrElec",5,5,5,"",96.3251,0,0,0,0,0,0,0,0,0,0,0,0,0,0,0,0,0,0,0,0,96.3251,0,0,0
"MtrElec",5,5,6,"",88.6027,0,0,0,0,0,0,0,0,0,0,0,0,0,0,0,0,0,0,0,0,88.6027,0,0,0
"MtrElec",5,5,7,"",171.978,0,0,0,0,0,0,0,0,0,0,0,0,0,0,0,0,0,0,0,0,188.356,0,0,-16.3787
"MtrElec",5,5,8,"",78.9058,0,0,0,0,0,0,0,0,0,0,0,0,0,0,0,0,0,0,0,0,163.813,0,0,-84.9073
"MtrElec",5,5,9,"",44.3471,0,0,0,0,0,0,0,0,0,0,0,0,0,0,0,0,0,0,0,0,248.147,0,0,-203.8
"MtrElec",5,5,10,"",0.0000078,0,0,0,0,0,0,0,0,0,0,0,0,0,0,0,0,0,0,0,0,180.397,0,130.861,-311.258
"MtrElec",5,5,11,"",-23.1818,0,0,0,0,0,0,0,0,0,0,0,0,0,0,0,0,0,0,0,0,206.053,0,157.698,-386.933
"MtrElec",5,5,12,"",-41.4183,0,0,0,0,0,0,0,0,0,0,0,0,0,0,0,0,0,0,0,0,212.105,0,157.698,-411.221
"MtrElec",5,5,13,"",-57.5226,0,0,0,0,0,0,0,0,0,0,0,0,0,0,0,0,0,0,0,0,270,0,142.129,-469.651
"MtrElec",5,5,14,"",-293.226,0,0,0,0,0,0,0,0,0,0,0,0,0,0,0,0,0,0,0,0,138.169,0,0,-431.395
"MtrElec",5,5,15,"",-172.712,0,0,0,0,0,0,0,0,0,0,0,0,0,0,0,0,0,0,0,0,185.798,0,0,-358.51
"MtrElec",5,5,16,"",-124.196,0,0,0,0,0,0,0,0,0,0,0,0,0,0,0,0,0,0,0,0,153.089,0,0,-277.285
"MtrElec",5,5,17,"",1.18727,0,0,0,0,0,0,0,0,0,0,0,0,0,0,0,0,0,0,0,0,223.82,0,0,-222.633
"MtrElec",5,5,18,"",146.077,0,0,0,0,0,0,0,0,0,0,0,0,0,0,0,0,0,0,0,0,276.306,0,0,-130.228
"MtrElec",5,5,19,"",113.987,0,0,0,0,0,0,0,0,0,0,0,0,0,0,0,0,0,0,0,0,314.6,0,-157.698,-42.9144
"MtrElec",5,5,20,"",112.927,0,0,0,0,0,0,0,0,0,0,0,0,0,0,0,0,0,0,0,0,272.644,0,-157.698,-2.01877
"MtrElec",5,5,21,"",41.0005,0,0,0,0,0,0,0,0,0,0,0,0,0,0,0,0,0,0,0,0,198.698,0,-157.698,0
"MtrElec",5,5,22,"",123.208,0,0,0,0,0,0,0,0,0,0,0,0,0,0,0,0,0,0,0,0,181.132,0,-57.9237,0
"MtrElec",5,5,23,"",218.261,0,0,0,0,0,0,0,0,0,0,0,0,0,0,0,0,0,0,0,0,218.261,0,0,0
"MtrElec",5,5,24,"",138.767,0,0,0,0,0,0,0,0,0,0,0,0,0,0,0,0,0,0,0,0,138.767,0,0,0
"MtrElec",5,6,1,"",95.2837,0,0,0,0,0,0,0,0,0,0,0,0,0,0,0,0,0,0,0,0,95.2837,0,0,0
"MtrElec",5,6,2,"",103.182,0,0,0,0,0,0,0,0,0,0,0,0,0,0,0,0,0,0,0,0,103.182,0,0,0
"MtrElec",5,6,3,"",134.907,0,0,0,0,0,0,0,0,0,0,0,0,0,0,0,0,0,0,0,0,134.907,0,0,0
"MtrElec",5,6,4,"",93.2371,0,0,0,0,0,0,0,0,0,0,0,0,0,0,0,0,0,0,0,0,93.2371,0,0,0
"MtrElec",5,6,5,"",99.5014,0,0,0,0,0,0,0,0,0,0,0,0,0,0,0,0,0,0,0,0,99.5014,0,0,0
"MtrElec",5,6,6,"",98.0898,0,0,0,0,0,0,0,0,0,0,0,0,0,0,0,0,0,0,0,0,98.0898,0,0,0
"MtrElec",5,6,7,"",160.394,0,0,0,0,0,0,0,0,0,0,0,0,0,0,0,0,0,0,0,0,165.988,0,0,-5.59387
"MtrElec",5,6,8,"",196.136,0,0,0,0,0,0,0,0,0,0,0,0,0,0,0,0,0,0,0,0,228.327,0,0,-32.1912
"MtrElec",5,6,9,"",162.634,0,0,0,0,0,0,0,0,0,0,0,0,0,0,0,0,0,0,0,0,255.325,0,0,-92.6907
"MtrElec",5,6,10,"",139.762,0,0,0,0,0,0,0,0,0,0,0,0,0,0,0,0,0,0,0,0,229.889,0,0,-90.1273
"MtrElec",5,6,11,"",175.551,0,0,0,0,0,0,0,0,0,0,0,0,0,0,0,0,0,0,0,0,250.092,0,0,-74.5407
"MtrElec",5,6,12,"",134.467,0,0,0,0,0,0,0,0,0,0,0,0,0,0,0,0,0,0,0,0,194.726,0,0,-60.2595
"MtrElec",5,6,13,"",99.6083,0,0,0,0,0,0,0,0,0,0,0,0,0,0,0,0,0,0,0,0,227.495,0,0,-127.887
"MtrElec",5,6,14,"",30.5934,0,0,0,0,0,0,0,0,0,0,0,0,0,0,0,0,0,0,0,0,110.867,0,0,-80.2731
"MtrElec",5,6,15,"",48.4669,0,0,0,0,0,0,0,0,0,0,0,0,0,0,0,0,0,0,0,0,186.389,0,0,-137.922
"MtrElec",5,6,16,"",62.3199,0,0,0,0,0,0,0,0,0,0,0,0,0,0,0,0,0,0,0,0,165.36,0,0,-103.04
"MtrElec",5,6,17,"",0,0,0,0,0,0,0,0,0,0,0,0,0,0,0,0,0,0,0,0,0,176.136,0,23.8248,-199.96
"MtrElec",5,6,18,"",175,0,0,0,0,0,0,0,0,0,0,0,0,0,0,0,0,0,0,0,0,212.724,0,0,-37.724
"MtrElec",5,6,19,"",222.806,0,0,0,0,0,0,0,0,0,0,0,0,0,0,0,0,0,0,0,0,244.308,0,-21.5019,0
"MtrElec",5,6,20,"",242.18,0,0,0,0,0,0,0,0,0,0,0,0,0,0,0,0,0,0,0,0,242.18,0,0,0
"MtrElec",5,6,21,"",254.778,0,0,0,0,0,0,0,0,0,0,0,0,0,0,0,0,0,0,0,0,254.778,0,0,0
"MtrElec",5,6,22,"",253.931,0,0,0,0,0,0,0,0,0,0,0,0,0,0,0,0,0,0,0,0,253.931,0,0,0
"MtrElec",5,6,23,"",206.238,0,0,0,0,0,0,0,0,0,0,0,0,0,0,0,0,0,0,0,0,206.238,0,0,0
"MtrElec",5,6,24,"",174.611,0,0,0,0,0,0,0,0,0,0,0,0,0,0,0,0,0,0,0,0,174.611,0,0,0
"MtrElec",5,7,1,"",133.362,0,0,0,0,0,0,0,0,0,0,0,0,0,0,0,0,0,0,0,0,133.362,0,0,0
"MtrElec",5,7,2,"",100.617,0,0,0,0,0,0,0,0,0,0,0,0,0,0,0,0,0,0,0,0,100.617,0,0,0
"MtrElec",5,7,3,"",86.8444,0,0,0,0,0,0,0,0,0,0,0,0,0,0,0,0,0,0,0,0,86.8444,0,0,0
"MtrElec",5,7,4,"",99.9156,0,0,0,0,0,0,0,0,0,0,0,0,0,0,0,0,0,0,0,0,99.9156,0,0,0
"MtrElec",5,7,5,"",91.9094,0,0,0,0,0,0,0,0,0,0,0,0,0,0,0,0,0,0,0,0,91.9094,0,0,0
"MtrElec",5,7,6,"",122.152,0,0,0,0,0,0,0,0,0,0,0,0,0,0,0,0,0,0,0,0,122.152,0,0,0
"MtrElec",5,7,7,"",154.327,0,0,0,0,0,0,0,0,0,0,0,0,0,0,0,0,0,0,0,0,169.731,0,0,-15.4036
"MtrElec",5,7,8,"",167.427,0,0,0,0,0,0,0,0,0,0,0,0,0,0,0,0,0,0,0,0,240.081,0,0,-72.6538
"MtrElec",5,7,9,"",77.9009,0,0,0,0,0,0,0,0,0,0,0,0,0,0,0,0,0,0,0,0,230.015,0,0,-152.115
"MtrElec",5,7,10,"",116.879,0,0,0,0,0,0,0,0,0,0,0,0,0,0,0,0,0,0,0,0,262.361,0,0,-145.482
"MtrElec",5,7,11,"",0.0000078,0,0,0,0,0,0,0,0,0,0,0,0,0,0,0,0,0,0,0,0,223.961,0,71.678,-295.639
"MtrElec",5,7,12,"",0.0000078,0,0,0,0,0,0,0,0,0,0,0,0,0,0,0,0,0,0,0,0,167.586,0,127.339,-294.926
"MtrElec",5,7,13,"",0,0,0,0,0,0,0,0,0,0,0,0,0,0,0,0,0,0,0,0,0,233.601,0,46.1352,-279.736
"MtrElec",5,7,14,"",-51.194,0,0,0,0,0,0,0,0,0,0,0,0,0,0,0,0,0,0,0,0,144.397,0,157.698,-353.289
"MtrElec",5,7,15,"",26.5184,0,0,0,0,0,0,0,0,0,0,0,0,0,0,0,0,0,0,0,0,158.075,0,0,-131.557
"MtrElec",5,7,16,"",164.729,0,0,0,0,0,0,0,0,0,0,0,0,0,0,0,0,0,0,0,0,182.216,0,0,-17.4868
"MtrElec",5,7,17,"",164.793,0,0,0,0,0,0,0,0,0,0,0,0,0,0,0,0,0,0,0,0,169.911,0,0,-5.11757
"MtrElec",5,7,18,"",117.507,0,0,0,0,0,0,0,0,0,0,0,0,0,0,0,0,0,0,0,0,212.722,0,0,-95.2145
"MtrElec",5,7,19,"",53.9249,0,0,0,0,0,0,0,0,0,0,0,0,0,0,0,0,0,0,0,0,259.864,0,-157.698,-48.2416
"MtrElec",5,7,20,"",63.943,0,0,0,0,0,0,0,0,0,0,0,0,0,0,0,0,0,0,0,0,224.333,0,-157.698,-2.69151
"MtrElec",5,7,21,"",223.808,0,0,0,0,0,0,0,0,0,0,0,0,0,0,0,0,0,0,0,0,271.984,0,-48.1767,0
"MtrElec",5,7,22,"",196.569,0,0,0,0,0,0,0,0,0,0,0,0,0,0,0,0,0,0,0,0,196.569,0,0,0
"MtrElec",5,7,23,"",224.543,0,0,0,0,0,0,0,0,0,0,0,0,0,0,0,0,0,0,0,0,224.543,0,0,0
"MtrElec",5,7,24,"",164.289,0,0,0,0,0,0,0,0,0,0,0,0,0,0,0,0,0,0,0,0,164.289,0,0,0
"MtrElec",5,8,1,"",111.488,0,0,0,0,0,0,0,0,0,0,0,0,0,0,0,0,0,0,0,0,111.488,0,0,0
"MtrElec",5,8,2,"",141.913,0,0,0,0,0,0,0,0,0,0,0,0,0,0,0,0,0,0,0,0,141.913,0,0,0
"MtrElec",5,8,3,"",92.4533,0,0,0,0,0,0,0,0,0,0,0,0,0,0,0,0,0,0,0,0,92.4533,0,0,0
"MtrElec",5,8,4,"",90.9543,0,0,0,0,0,0,0,0,0,0,0,0,0,0,0,0,0,0,0,0,90.9543,0,0,0
"MtrElec",5,8,5,"",96.0705,0,0,0,0,0,0,0,0,0,0,0,0,0,0,0,0,0,0,0,0,96.0705,0,0,0
"MtrElec",5,8,6,"",104.262,0,0,0,0,0,0,0,0,0,0,0,0,0,0,0,0,0,0,0,0,104.262,0,0,0
"MtrElec",5,8,7,"",145.537,0,0,0,0,0,0,0,0,0,0,0,0,0,0,0,0,0,0,0,0,169.322,0,0,-23.7847
"MtrElec",5,8,8,"",110.897,0,0,0,0,0,0,0,0,0,0,0,0,0,0,0,0,0,0,0,0,219.28,0,0,-108.384
"MtrElec",5,8,9,"",20.9203,0,0,0,0,0,0,0,0,0,0,0,0,0,0,0,0,0,0,0,0,216.628,0,0,-195.708
"MtrElec",5,8,10,"",0,0,0,0,0,0,0,0,0,0,0,0,0,0,0,0,0,0,0,0,0,205.225,0,64.6909,-269.916
"MtrElec",5,8,11,"",0.0000156,0,0,0,0,0,0,0,0,0,0,0,0,0,0,0,0,0,0,0,0,210.975,0,154.943,-365.918
"MtrElec",5,8,12,"",-71.7796,0,0,0,0,0,0,0,0,0,0,0,0,0,0,0,0,0,0,0,0,214.64,0,157.698,-444.118
"MtrElec",5,8,13,"",-132.453,0,0,0,0,0,0,0,0,0,0,0,0,0,0,0,0,0,0,0,0,181.793,0,157.698,-471.944
"MtrElec",5,8,14,"",-283.172,0,0,0,0,0,0,0,0,0,0,0,0,0,0,0,0,0,0,0,0,127.733,0,53.355,-464.26
"MtrElec",5,8,15,"",-280.689,0,0,0,0,0,0,0,0,0,0,0,0,0,0,0,0,0,0,0,0,146.356,0,0,-427.045
"MtrElec",5,8,16,"",-217.32,0,0,0,0,0,0,0,0,0,0,0,0,0,0,0,0,0,0,0,0,144.908,0,0,-362.229
"MtrElec",5,8,17,"",-57.0971,0,0,0,0,0,0,0,0,0,0,0,0,0,0,0,0,0,0,0,0,210.363,0,0,-267.46
"MtrElec",5,8,18,"",31.8138,0,0,0,0,0,0,0,0,0,0,0,0,0,0,0,0,0,0,0,0,185.888,0,0,-154.074
"MtrElec",5,8,19,"",21.9257,0,0,0,0,0,0,0,0,0,0,0,0,0,0,0,0,0,0,0,0,226.303,0,-157.698,-46.679
"MtrElec",5,8,20,"",68.8633,0,0,0,0,0,0,0,0,0,0,0,0,0,0,0,0,0,0,0,0,229.824,0,-157.698,-3.26305
"MtrElec",5,8,21,"",60.13,0,0,0,0,0,0,0,0,0,0,0,0,0,0,0,0,0,0,0,0,217.828,0,-157.698,0
"MtrElec",5,8,22,"",137.095,0,0,0,0,0,0,0,0,0,0,0,0,0,0,0,0,0,0,0,0,195.018,0,-57.9237,0
"MtrElec",5,8,23,"",210.234,0,0,0,0,0,0,0,0,0,0,0,0,0,0,0,0,0,0,0,0,210.234,0,0,0
"MtrElec",5,8,24,"",128.787,0,0,0,0,0,0,0,0,0,0,0,0,0,0,0,0,0,0,0,0,128.787,0,0,0
"MtrElec",5,9,1,"",107.866,0,0,0,0,0,0,0,0,0,0,0,0,0,0,0,0,0,0,0,0,107.866,0,0,0
"MtrElec",5,9,2,"",98.7262,0,0,0,0,0,0,0,0,0,0,0,0,0,0,0,0,0,0,0,0,98.7262,0,0,0
"MtrElec",5,9,3,"",99.4871,0,0,0,0,0,0,0,0,0,0,0,0,0,0,0,0,0,0,0,0,99.4871,0,0,0
"MtrElec",5,9,4,"",130.222,0,0,0,0,0,0,0,0,0,0,0,0,0,0,0,0,0,0,0,0,130.222,0,0,0
"MtrElec",5,9,5,"",116.701,0,0,0,0,0,0,0,0,0,0,0,0,0,0,0,0,0,0,0,0,116.701,0,0,0
"MtrElec",5,9,6,"",98.3119,0,0,0,0,0,0,0,0,0,0,0,0,0,0,0,0,0,0,0,0,98.3119,0,0,0
"MtrElec",5,9,7,"",72.6841,0,0,0,0,0,0,0,0,0,0,0,0,0,0,0,0,0,0,0,0,93.6049,0,0,-20.9208
"MtrElec",5,9,8,"",66.0697,0,0,0,0,0,0,0,0,0,0,0,0,0,0,0,0,0,0,0,0,156.798,0,0,-90.728
"MtrElec",5,9,9,"",8.18634,0,0,0,0,0,0,0,0,0,0,0,0,0,0,0,0,0,0,0,0,174.12,0,0,-165.933
"MtrElec",5,9,10,"",0.0000005,0,0,0,0,0,0,0,0,0,0,0,0,0,0,0,0,0,0,0,0,262.077,0,7.18706,-269.264
"MtrElec",5,9,11,"",0,0,0,0,0,0,0,0,0,0,0,0,0,0,0,0,0,0,0,0,0,320.912,0,54.507,-375.419
"MtrElec",5,9,12,"",0,0,0,0,0,0,0,0,0,0,0,0,0,0,0,0,0,0,0,0,0,269.517,0,156.746,-426.263
"MtrElec",5,9,13,"",-62.1016,0,0,0,0,0,0,0,0,0,0,0,0,0,0,0,0,0,0,0,0,231.875,0,157.698,-451.675
"MtrElec",5,9,14,"",-72.78,0,0,0,0,0,0,0,0,0,0,0,0,0,0,0,0,0,0,0,0,219.841,0,157.698,-450.319
"MtrElec",5,9,15,"",-195.706,0,0,0,0,0,0,0,0,0,0,0,0,0,0,0,0,0,0,0,0,167.928,0,54.549,-418.184
"MtrElec",5,9,16,"",-132.16,0,0,0,0,0,0,0,0,0,0,0,0,0,0,0,0,0,0,0,0,220.423,0,0,-352.583
"MtrElec",5,9,17,"",-90.3011,0,0,0,0,0,0,0,0,0,0,0,0,0,0,0,0,0,0,0,0,169.794,0,0,-260.095
"MtrElec",5,9,18,"",45.3814,0,0,0,0,0,0,0,0,0,0,0,0,0,0,0,0,0,0,0,0,193.815,0,0,-148.434
"MtrElec",5,9,19,"",28.293,0,0,0,0,0,0,0,0,0,0,0,0,0,0,0,0,0,0,0,0,235.906,0,-157.698,-49.9148
"MtrElec",5,9,20,"",102.82,0,0,0,0,0,0,0,0,0,0,0,0,0,0,0,0,0,0,0,0,265.274,0,-157.698,-4.75629
"MtrElec",5,9,21,"",31.1483,0,0,0,0,0,0,0,0,0,0,0,0,0,0,0,0,0,0,0,0,188.846,0,-157.698,0
"MtrElec",5,9,22,"",164.989,0,0,0,0,0,0,0,0,0,0,0,0,0,0,0,0,0,0,0,0,222.912,0,-57.9237,0
"MtrElec",5,9,23,"",180.795,0,0,0,0,0,0,0,0,0,0,0,0,0,0,0,0,0,0,0,0,180.795,0,0,0
"MtrElec",5,9,24,"",137.168,0,0,0,0,0,0,0,0,0,0,0,0,0,0,0,0,0,0,0,0,137.168,0,0,0
"MtrElec",5,10,1,"",126.286,0,0,0,0,0,0,0,0,0,0,0,0,0,0,0,0,0,0,0,0,126.286,0,0,0
"MtrElec",5,10,2,"",97.3849,0,0,0,0,0,0,0,0,0,0,0,0,0,0,0,0,0,0,0,0,97.3849,0,0,0
"MtrElec",5,10,3,"",82.9147,0,0,0,0,0,0,0,0,0,0,0,0,0,0,0,0,0,0,0,0,82.9147,0,0,0
"MtrElec",5,10,4,"",135.279,0,0,0,0,0,0,0,0,0,0,0,0,0,0,0,0,0,0,0,0,135.279,0,0,0
"MtrElec",5,10,5,"",100.919,0,0,0,0,0,0,0,0,0,0,0,0,0,0,0,0,0,0,0,0,100.919,0,0,0
"MtrElec",5,10,6,"",84.5481,0,0,0,0,0,0,0,0,0,0,0,0,0,0,0,0,0,0,0,0,84.5481,0,0,0
"MtrElec",5,10,7,"",101.987,0,0,0,0,0,0,0,0,0,0,0,0,0,0,0,0,0,0,0,0,105.669,0,0,-3.68171
"MtrElec",5,10,8,"",167.464,0,0,0,0,0,0,0,0,0,0,0,0,0,0,0,0,0,0,0,0,189.871,0,0,-22.4071
"MtrElec",5,10,9,"",168.959,0,0,0,0,0,0,0,0,0,0,0,0,0,0,0,0,0,0,0,0,224.181,0,0,-55.222
"MtrElec",5,10,10,"",66.8519,0,0,0,0,0,0,0,0,0,0,0,0,0,0,0,0,0,0,0,0,189.906,0,0,-123.054
"MtrElec",5,10,11,"",39.1709,0,0,0,0,0,0,0,0,0,0,0,0,0,0,0,0,0,0,0,0,246.817,0,0,-207.646
"MtrElec",5,10,12,"",90.1328,0,0,0,0,0,0,0,0,0,0,0,0,0,0,0,0,0,0,0,0,214.872,0,0,-124.739
"MtrElec",5,10,13,"",236.962,0,0,0,0,0,0,0,0,0,0,0,0,0,0,0,0,0,0,0,0,301.13,0,0,-64.1676
"MtrElec",5,10,14,"",75.2322,0,0,0,0,0,0,0,0,0,0,0,0,0,0,0,0,0,0,0,0,186.223,0,0,-110.99
"MtrElec",5,10,15,"",45.1747,0,0,0,0,0,0,0,0,0,0,0,0,0,0,0,0,0,0,0,0,227.303,0,0,-182.129
"MtrElec",5,10,16,"",0,0,0,0,0,0,0,0,0,0,0,0,0,0,0,0,0,0,0,0,0,199.208,0,52.9822,-252.19
"MtrElec",5,10,17,"",96.1755,0,0,0,0,0,0,0,0,0,0,0,0,0,0,0,0,0,0,0,0,191.302,0,0,-95.1268
"MtrElec",5,10,18,"",200.633,0,0,0,0,0,0,0,0,0,0,0,0,0,0,0,0,0,0,0,0,237.571,0,0,-36.9377
"MtrElec",5,10,19,"",288.302,0,0,0,0,0,0,0,0,0,0,0,0,0,0,0,0,0,0,0,0,351.01,0,-47.8164,-14.8915
"MtrElec",5,10,20,"",258.141,0,0,0,0,0,0,0,0,0,0,0,0,0,0,0,0,0,0,0,0,258.141,0,0,0
"MtrElec",5,10,21,"",224.894,0,0,0,0,0,0,0,0,0,0,0,0,0,0,0,0,0,0,0,0,224.894,0,0,0
"MtrElec",5,10,22,"",277.096,0,0,0,0,0,0,0,0,0,0,0,0,0,0,0,0,0,0,0,0,277.096,0,0,0
"MtrElec",5,10,23,"",169.295,0,0,0,0,0,0,0,0,0,0,0,0,0,0,0,0,0,0,0,0,169.295,0,0,0
"MtrElec",5,10,24,"",147.398,0,0,0,0,0,0,0,0,0,0,0,0,0,0,0,0,0,0,0,0,147.398,0,0,0
"MtrElec",5,11,1,"",91.3109,0,0,0,0,0,0,0,0,0,0,0,0,0,0,0,0,0,0,0,0,91.3109,0,0,0
"MtrElec",5,11,2,"",96.0988,0,0,0,0,0,0,0,0,0,0,0,0,0,0,0,0,0,0,0,0,96.0988,0,0,0
"MtrElec",5,11,3,"",95.5556,0,0,0,0,0,0,0,0,0,0,0,0,0,0,0,0,0,0,0,0,95.5556,0,0,0
"MtrElec",5,11,4,"",90.2668,0,0,0,0,0,0,0,0,0,0,0,0,0,0,0,0,0,0,0,0,90.2668,0,0,0
"MtrElec",5,11,5,"",85.8266,0,0,0,0,0,0,0,0,0,0,0,0,0,0,0,0,0,0,0,0,85.8266,0,0,0
"MtrElec",5,11,6,"",140.664,0,0,0,0,0,0,0,0,0,0,0,0,0,0,0,0,0,0,0,0,140.664,0,0,0
"MtrElec",5,11,7,"",119.648,0,0,0,0,0,0,0,0,0,0,0,0,0,0,0,0,0,0,0,0,138.299,0,0,-18.6514
"MtrElec",5,11,8,"",154.941,0,0,0,0,0,0,0,0,0,0,0,0,0,0,0,0,0,0,0,0,242.082,0,0,-87.1405
"MtrElec",5,11,9,"",4.38444,0,0,0,0,0,0,0,0,0,0,0,0,0,0,0,0,0,0,0,0,203.984,0,0,-199.6
"MtrElec",5,11,10,"",0,0,0,0,0,0,0,0,0,0,0,0,0,0,0,0,0,0,0,0,0,218.836,0,86.4273,-305.263
"MtrElec",5,11,11,"",-8.70303,0,0,0,0,0,0,0,0,0,0,0,0,0,0,0,0,0,0,0,0,222.13,0,157.698,-388.531
"MtrElec",5,11,12,"",-97.081,0,0,0,0,0,0,0,0,0,0,0,0,0,0,0,0,0,0,0,0,184.55,0,157.698,-439.329
"MtrElec",5,11,13,"",-152.82,0,0,0,0,0,0,0,0,0,0,0,0,0,0,0,0,0,0,0,0,149.364,0,157.698,-459.883
"MtrElec",5,11,14,"",-254.862,0,0,0,0,0,0,0,0,0,0,0,0,0,0,0,0,0,0,0,0,170.734,0,28.8639,-454.46
"MtrElec",5,11,15,"",-270.35,0,0,0,0,0,0,0,0,0,0,0,0,0,0,0,0,0,0,0,0,150.083,0,0,-420.433
"MtrElec",5,11,16,"",-200.079,0,0,0,0,0,0,0,0,0,0,0,0,0,0,0,0,0,0,0,0,158.686,0,0,-358.765
"MtrElec",5,11,17,"",-48.1121,0,0,0,0,0,0,0,0,0,0,0,0,0,0,0,0,0,0,0,0,224.359,0,0,-272.471
"MtrElec",5,11,18,"",22.5953,0,0,0,0,0,0,0,0,0,0,0,0,0,0,0,0,0,0,0,0,181.225,0,0,-158.63
"MtrElec",5,11,19,"",38.1058,0,0,0,0,0,0,0,0,0,0,0,0,0,0,0,0,0,0,0,0,243.761,0,-157.698,-47.9574
"MtrElec",5,11,20,"",54.9617,0,0,0,0,0,0,0,0,0,0,0,0,0,0,0,0,0,0,0,0,217.512,0,-157.698,-4.85199
"MtrElec",5,11,21,"",72.8716,0,0,0,0,0,0,0,0,0,0,0,0,0,0,0,0,0,0,0,0,230.57,0,-157.698,0
"MtrElec",5,11,22,"",151.47,0,0,0,0,0,0,0,0,0,0,0,0,0,0,0,0,0,0,0,0,209.394,0,-57.9237,0
"MtrElec",5,11,23,"",182.197,0,0,0,0,0,0,0,0,0,0,0,0,0,0,0,0,0,0,0,0,182.197,0,0,0
"MtrElec",5,11,24,"",139.567,0,0,0,0,0,0,0,0,0,0,0,0,0,0,0,0,0,0,0,0,139.567,0,0,0
"MtrElec",5,12,1,"",98.0983,0,0,0,0,0,0,0,0,0,0,0,0,0,0,0,0,0,0,0,0,98.0983,0,0,0
"MtrElec",5,12,2,"",101.798,0,0,0,0,0,0,0,0,0,0,0,0,0,0,0,0,0,0,0,0,101.798,0,0,0
"MtrElec",5,12,3,"",95.7126,0,0,0,0,0,0,0,0,0,0,0,0,0,0,0,0,0,0,0,0,95.7126,0,0,0
"MtrElec",5,12,4,"",90.7257,0,0,0,0,0,0,0,0,0,0,0,0,0,0,0,0,0,0,0,0,90.7257,0,0,0
"MtrElec",5,12,5,"",131.331,0,0,0,0,0,0,0,0,0,0,0,0,0,0,0,0,0,0,0,0,131.331,0,0,0
"MtrElec",5,12,6,"",91.5593,0,0,0,0,0,0,0,0,0,0,0,0,0,0,0,0,0,0,0,0,91.5593,0,0,0
"MtrElec",5,12,7,"",200.676,0,0,0,0,0,0,0,0,0,0,0,0,0,0,0,0,0,0,0,0,219.951,0,0,-19.2753
"MtrElec",5,12,8,"",108.022,0,0,0,0,0,0,0,0,0,0,0,0,0,0,0,0,0,0,0,0,197.48,0,0,-89.4583
"MtrElec",5,12,9,"",53.1004,0,0,0,0,0,0,0,0,0,0,0,0,0,0,0,0,0,0,0,0,259.22,0,0,-206.12
"MtrElec",5,12,10,"",0.0000039,0,0,0,0,0,0,0,0,0,0,0,0,0,0,0,0,0,0,0,0,261.681,0,49.2535,-310.935
"MtrElec",5,12,11,"",0,0,0,0,0,0,0,0,0,0,0,0,0,0,0,0,0,0,0,0,0,244.298,0,149.595,-393.893
"MtrElec",5,12,12,"",-114.991,0,0,0,0,0,0,0,0,0,0,0,0,0,0,0,0,0,0,0,0,173.584,0,157.698,-446.273
"MtrElec",5,12,13,"",-137.505,0,0,0,0,0,0,0,0,0,0,0,0,0,0,0,0,0,0,0,0,171.716,0,157.698,-466.919
"MtrElec",5,12,14,"",-234.025,0,0,0,0,0,0,0,0,0,0,0,0,0,0,0,0,0,0,0,0,153.119,0,74.1406,-461.285
"MtrElec",5,12,15,"",-275.324,0,0,0,0,0,0,0,0,0,0,0,0,0,0,0,0,0,0,0,0,155.761,0,0,-431.085
"MtrElec",5,12,16,"",-236.425,0,0,0,0,0,0,0,0,0,0,0,0,0,0,0,0,0,0,0,0,129.361,0,0,-365.786
"MtrElec",5,12,17,"",-86.5088,0,0,0,0,0,0,0,0,0,0,0,0,0,0,0,0,0,0,0,0,188.869,0,0,-275.378
"MtrElec",5,12,18,"",43.9705,0,0,0,0,0,0,0,0,0,0,0,0,0,0,0,0,0,0,0,0,204.739,0,0,-160.768
"MtrElec",5,12,19,"",40.6051,0,0,0,0,0,0,0,0,0,0,0,0,0,0,0,0,0,0,0,0,245.907,0,-157.698,-47.604
"MtrElec",5,12,20,"",91.6286,0,0,0,0,0,0,0,0,0,0,0,0,0,0,0,0,0,0,0,0,254.61,0,-157.698,-5.28393
"MtrElec",5,12,21,"",111.705,0,0,0,0,0,0,0,0,0,0,0,0,0,0,0,0,0,0,0,0,269.403,0,-157.698,0
"MtrElec",5,12,22,"",155.592,0,0,0,0,0,0,0,0,0,0,0,0,0,0,0,0,0,0,0,0,213.515,0,-57.9237,0
"MtrElec",5,12,23,"",217.512,0,0,0,0,0,0,0,0,0,0,0,0,0,0,0,0,0,0,0,0,217.512,0,0,0
"MtrElec",5,12,24,"",166.257,0,0,0,0,0,0,0,0,0,0,0,0,0,0,0,0,0,0,0,0,166.257,0,0,0
"MtrElec",5,13,1,"",115.547,0,0,0,0,0,0,0,0,0,0,0,0,0,0,0,0,0,0,0,0,115.547,0,0,0
"MtrElec",5,13,2,"",96.235,0,0,0,0,0,0,0,0,0,0,0,0,0,0,0,0,0,0,0,0,96.235,0,0,0
"MtrElec",5,13,3,"",93.5206,0,0,0,0,0,0,0,0,0,0,0,0,0,0,0,0,0,0,0,0,93.5206,0,0,0
"MtrElec",5,13,4,"",107.46,0,0,0,0,0,0,0,0,0,0,0,0,0,0,0,0,0,0,0,0,107.46,0,0,0
"MtrElec",5,13,5,"",92.4113,0,0,0,0,0,0,0,0,0,0,0,0,0,0,0,0,0,0,0,0,92.4113,0,0,0
"MtrElec",5,13,6,"",132.135,0,0,0,0,0,0,0,0,0,0,0,0,0,0,0,0,0,0,0,0,132.135,0,0,0
"MtrElec",5,13,7,"",160.99,0,0,0,0,0,0,0,0,0,0,0,0,0,0,0,0,0,0,0,0,187.748,0,0,-26.7578
"MtrElec",5,13,8,"",94.9893,0,0,0,0,0,0,0,0,0,0,0,0,0,0,0,0,0,0,0,0,207.227,0,0,-112.238
"MtrElec",5,13,9,"",67.4756,0,0,0,0,0,0,0,0,0,0,0,0,0,0,0,0,0,0,0,0,251.373,0,0,-183.897
"MtrElec",5,13,10,"",0.0000078,0,0,0,0,0,0,0,0,0,0,0,0,0,0,0,0,0,0,0,0,199.15,0,130.94,-330.089
"MtrElec",5,13,11,"",-70.5461,0,0,0,0,0,0,0,0,0,0,0,0,0,0,0,0,0,0,0,0,182.07,0,157.698,-410.314
"MtrElec",5,13,12,"",-94.213,0,0,0,0,0,0,0,0,0,0,0,0,0,0,0,0,0,0,0,0,214.175,0,157.698,-466.086
"MtrElec",5,13,13,"",-97.9061,0,0,0,0,0,0,0,0,0,0,0,0,0,0,0,0,0,0,0,0,247.132,0,142.05,-487.087
"MtrElec",5,13,14,"",-350.049,0,0,0,0,0,0,0,0,0,0,0,0,0,0,0,0,0,0,0,0,124.259,0,0,-474.308
"MtrElec",5,13,15,"",-286.306,0,0,0,0,0,0,0,0,0,0,0,0,0,0,0,0,0,0,0,0,150.161,0,0,-436.467
"MtrElec",5,13,16,"",-241.408,0,0,0,0,0,0,0,0,0,0,0,0,0,0,0,0,0,0,0,0,131.616,0,0,-373.024
"MtrElec",5,13,17,"",-87.174,0,0,0,0,0,0,0,0,0,0,0,0,0,0,0,0,0,0,0,0,193.043,0,0,-280.217
"MtrElec",5,13,18,"",45.4221,0,0,0,0,0,0,0,0,0,0,0,0,0,0,0,0,0,0,0,0,207.986,0,0,-162.564
"MtrElec",5,13,19,"",31.355,0,0,0,0,0,0,0,0,0,0,0,0,0,0,0,0,0,0,0,0,239.283,0,-157.698,-50.2305
"MtrElec",5,13,20,"",99.0705,0,0,0,0,0,0,0,0,0,0,0,0,0,0,0,0,0,0,0,0,263.309,0,-157.698,-6.54058
"MtrElec",5,13,21,"",55.5168,0,0,0,0,0,0,0,0,0,0,0,0,0,0,0,0,0,0,0,0,213.215,0,-157.698,0
"MtrElec",5,13,22,"",145.241,0,0,0,0,0,0,0,0,0,0,0,0,0,0,0,0,0,0,0,0,203.165,0,-57.9237,0
"MtrElec",5,13,23,"",203.498,0,0,0,0,0,0,0,0,0,0,0,0,0,0,0,0,0,0,0,0,203.498,0,0,0
"MtrElec",5,13,24,"",150.28,0,0,0,0,0,0,0,0,0,0,0,0,0,0,0,0,0,0,0,0,150.28,0,0,0
"MtrElec",5,14,1,"",159.201,0,0,0,0,0,0,0,0,0,0,0,0,0,0,0,0,0,0,0,0,159.201,0,0,0
"MtrElec",5,14,2,"",100.444,0,0,0,0,0,0,0,0,0,0,0,0,0,0,0,0,0,0,0,0,100.444,0,0,0
"MtrElec",5,14,3,"",83.6677,0,0,0,0,0,0,0,0,0,0,0,0,0,0,0,0,0,0,0,0,83.6677,0,0,0
"MtrElec",5,14,4,"",96.9403,0,0,0,0,0,0,0,0,0,0,0,0,0,0,0,0,0,0,0,0,96.9403,0,0,0
"MtrElec",5,14,5,"",92.3898,0,0,0,0,0,0,0,0,0,0,0,0,0,0,0,0,0,0,0,0,92.3898,0,0,0
"MtrElec",5,14,6,"",113.367,0,0,0,0,0,0,0,0,0,0,0,0,0,0,0,0,0,0,0,0,113.367,0,0,0
"MtrElec",5,14,7,"",139.338,0,0,0,0,0,0,0,0,0,0,0,0,0,0,0,0,0,0,0,0,161.371,0,0,-22.0327
"MtrElec",5,14,8,"",136.095,0,0,0,0,0,0,0,0,0,0,0,0,0,0,0,0,0,0,0,0,228.952,0,0,-92.8566
"MtrElec",5,14,9,"",27.3923,0,0,0,0,0,0,0,0,0,0,0,0,0,0,0,0,0,0,0,0,235.106,0,0,-207.714
"MtrElec",5,14,10,"",0.0000078,0,0,0,0,0,0,0,0,0,0,0,0,0,0,0,0,0,0,0,0,206.921,0,105.854,-312.774
"MtrElec",5,14,11,"",-16.2934,0,0,0,0,0,0,0,0,0,0,0,0,0,0,0,0,0,0,0,0,213.939,0,157.698,-387.931
"MtrElec",5,14,12,"",-52.3438,0,0,0,0,0,0,0,0,0,0,0,0,0,0,0,0,0,0,0,0,228.021,0,157.698,-438.062
"MtrElec",5,14,13,"",-83.2484,0,0,0,0,0,0,0,0,0,0,0,0,0,0,0,0,0,0,0,0,225.17,0,157.698,-466.116
"MtrElec",5,14,14,"",-328.387,0,0,0,0,0,0,0,0,0,0,0,0,0,0,0,0,0,0,0,0,124.686,0,9.43754,-462.511
"MtrElec",5,14,15,"",-242.452,0,0,0,0,0,0,0,0,0,0,0,0,0,0,0,0,0,0,0,0,187.375,0,0,-429.826
"MtrElec",5,14,16,"",-201.62,0,0,0,0,0,0,0,0,0,0,0,0,0,0,0,0,0,0,0,0,168.799,0,0,-370.419
"MtrElec",5,14,17,"",-118.482,0,0,0,0,0,0,0,0,0,0,0,0,0,0,0,0,0,0,0,0,161.258,0,0,-279.741
"MtrElec",5,14,18,"",70.7342,0,0,0,0,0,0,0,0,0,0,0,0,0,0,0,0,0,0,0,0,233.88,0,0,-163.146
"MtrElec",5,14,19,"",70.1454,0,0,0,0,0,0,0,0,0,0,0,0,0,0,0,0,0,0,0,0,278.121,0,-157.698,-50.2781
"MtrElec",5,14,20,"",65.8567,0,0,0,0,0,0,0,0,0,0,0,0,0,0,0,0,0,0,0,0,230.598,0,-157.698,-7.04283
"MtrElec",5,14,21,"",72.4836,0,0,0,0,0,0,0,0,0,0,0,0,0,0,0,0,0,0,0,0,230.182,0,-157.698,0
"MtrElec",5,14,22,"",171.476,0,0,0,0,0,0,0,0,0,0,0,0,0,0,0,0,0,0,0,0,229.4,0,-57.9237,0
"MtrElec",5,14,23,"",214.574,0,0,0,0,0,0,0,0,0,0,0,0,0,0,0,0,0,0,0,0,214.574,0,0,0
"MtrElec",5,14,24,"",124.016,0,0,0,0,0,0,0,0,0,0,0,0,0,0,0,0,0,0,0,0,124.016,0,0,0
"MtrElec",5,15,1,"",118.915,0,0,0,0,0,0,0,0,0,0,0,0,0,0,0,0,0,0,0,0,118.915,0,0,0
"MtrElec",5,15,2,"",140.286,0,0,0,0,0,0,0,0,0,0,0,0,0,0,0,0,0,0,0,0,140.286,0,0,0
"MtrElec",5,15,3,"",83.4763,0,0,0,0,0,0,0,0,0,0,0,0,0,0,0,0,0,0,0,0,83.4763,0,0,0
"MtrElec",5,15,4,"",96.8065,0,0,0,0,0,0,0,0,0,0,0,0,0,0,0,0,0,0,0,0,96.8065,0,0,0
"MtrElec",5,15,5,"",95.3181,0,0,0,0,0,0,0,0,0,0,0,0,0,0,0,0,0,0,0,0,95.3181,0,0,0
"MtrElec",5,15,6,"",88.1175,0,0,0,0,0,0,0,0,0,0,0,0,0,0,0,0,0,0,0,0,88.1175,0,0,0
"MtrElec",5,15,7,"",190.513,0,0,0,0,0,0,0,0,0,0,0,0,0,0,0,0,0,0,0,0,212.892,0,0,-22.3789
"MtrElec",5,15,8,"",139.133,0,0,0,0,0,0,0,0,0,0,0,0,0,0,0,0,0,0,0,0,232.822,0,0,-93.6887
"MtrElec",5,15,9,"",34.7372,0,0,0,0,0,0,0,0,0,0,0,0,0,0,0,0,0,0,0,0,244.436,0,0,-209.699
"MtrElec",5,15,10,"",0,0,0,0,0,0,0,0,0,0,0,0,0,0,0,0,0,0,0,0,0,219.254,0,78.1219,-297.375
"MtrElec",5,15,11,"",0,0,0,0,0,0,0,0,0,0,0,0,0,0,0,0,0,0,0,0,0,238.804,0,108.375,-347.18
"MtrElec",5,15,12,"",0.0000078,0,0,0,0,0,0,0,0,0,0,0,0,0,0,0,0,0,0,0,0,182.874,0,75.6961,-258.57
"MtrElec",5,15,13,"",-72.9744,0,0,0,0,0,0,0,0,0,0,0,0,0,0,0,0,0,0,0,0,177.137,0,157.698,-407.81
"MtrElec",5,15,14,"",-157.173,0,0,0,0,0,0,0,0,0,0,0,0,0,0,0,0,0,0,0,0,136.658,0,157.698,-451.529
"MtrElec",5,15,15,"",-168.288,0,0,0,0,0,0,0,0,0,0,0,0,0,0,0,0,0,0,0,0,149.661,0,10.796,-328.745
"MtrElec",5,15,16,"",-208.175,0,0,0,0,0,0,0,0,0,0,0,0,0,0,0,0,0,0,0,0,144.072,0,0,-352.248
"MtrElec",5,15,17,"",-55.8635,0,0,0,0,0,0,0,0,0,0,0,0,0,0,0,0,0,0,0,0,203.066,0,0,-258.929
"MtrElec",5,15,18,"",56.7833,0,0,0,0,0,0,0,0,0,0,0,0,0,0,0,0,0,0,0,0,187.432,0,0,-130.649
"MtrElec",5,15,19,"",46.1314,0,0,0,0,0,0,0,0,0,0,0,0,0,0,0,0,0,0,0,0,256.166,0,-157.698,-52.3367
"MtrElec",5,15,20,"",80.7097,0,0,0,0,0,0,0,0,0,0,0,0,0,0,0,0,0,0,0,0,245.494,0,-157.698,-7.08586
"MtrElec",5,15,21,"",95.4163,0,0,0,0,0,0,0,0,0,0,0,0,0,0,0,0,0,0,0,0,253.114,0,-157.698,0
"MtrElec",5,15,22,"",156.327,0,0,0,0,0,0,0,0,0,0,0,0,0,0,0,0,0,0,0,0,214.25,0,-57.9237,0
"MtrElec",5,15,23,"",212.694,0,0,0,0,0,0,0,0,0,0,0,0,0,0,0,0,0,0,0,0,212.694,0,0,0
"MtrElec",5,15,24,"",135.161,0,0,0,0,0,0,0,0,0,0,0,0,0,0,0,0,0,0,0,0,135.161,0,0,0
"MtrElec",5,16,1,"",103.491,0,0,0,0,0,0,0,0,0,0,0,0,0,0,0,0,0,0,0,0,103.491,0,0,0
"MtrElec",5,16,2,"",116.788,0,0,0,0,0,0,0,0,0,0,0,0,0,0,0,0,0,0,0,0,116.788,0,0,0
"MtrElec",5,16,3,"",102.772,0,0,0,0,0,0,0,0,0,0,0,0,0,0,0,0,0,0,0,0,102.772,0,0,0
"MtrElec",5,16,4,"",101.081,0,0,0,0,0,0,0,0,0,0,0,0,0,0,0,0,0,0,0,0,101.081,0,0,0
"MtrElec",5,16,5,"",123.461,0,0,0,0,0,0,0,0,0,0,0,0,0,0,0,0,0,0,0,0,123.461,0,0,0
"MtrElec",5,16,6,"",84.7627,0,0,0,0,0,0,0,0,0,0,0,0,0,0,0,0,0,0,0,0,84.7627,0,0,0
"MtrElec",5,16,7,"",126.821,0,0,0,0,0,0,0,0,0,0,0,0,0,0,0,0,0,0,0,0,152.795,0,0,-25.9736
"MtrElec",5,16,8,"",78.6245,0,0,0,0,0,0,0,0,0,0,0,0,0,0,0,0,0,0,0,0,154.519,0,0,-75.8943
"MtrElec",5,16,9,"",42.1093,0,0,0,0,0,0,0,0,0,0,0,0,0,0,0,0,0,0,0,0,176.429,0,0,-134.32
"MtrElec",5,16,10,"",103.943,0,0,0,0,0,0,0,0,0,0,0,0,0,0,0,0,0,0,0,0,250.161,0,0,-146.218
"MtrElec",5,16,11,"",165.701,0,0,0,0,0,0,0,0,0,0,0,0,0,0,0,0,0,0,0,0,340.139,0,0,-174.439
"MtrElec",5,16,12,"",0,0,0,0,0,0,0,0,0,0,0,0,0,0,0,0,0,0,0,0,0,278.331,0,13.7195,-292.051
"MtrElec",5,16,13,"",0.0000039,0,0,0,0,0,0,0,0,0,0,0,0,0,0,0,0,0,0,0,0,243.075,0,52.0911,-295.167
"MtrElec",5,16,14,"",0,0,0,0,0,0,0,0,0,0,0,0,0,0,0,0,0,0,0,0,0,236.193,0,16.2395,-252.433
"MtrElec",5,16,15,"",128.444,0,0,0,0,0,0,0,0,0,0,0,0,0,0,0,0,0,0,0,0,269.924,0,0,-141.48
"MtrElec",5,16,16,"",23.8668,0,0,0,0,0,0,0,0,0,0,0,0,0,0,0,0,0,0,0,0,203.799,0,0,-179.933
"MtrElec",5,16,17,"",11.9591,0,0,0,0,0,0,0,0,0,0,0,0,0,0,0,0,0,0,0,0,200.456,0,0,-188.497
"MtrElec",5,16,18,"",96.0848,0,0,0,0,0,0,0,0,0,0,0,0,0,0,0,0,0,0,0,0,203.925,0,0,-107.84
"MtrElec",5,16,19,"",155.483,0,0,0,0,0,0,0,0,0,0,0,0,0,0,0,0,0,0,0,0,270.929,0,-74.0503,-41.3959
"MtrElec",5,16,20,"",248.644,0,0,0,0,0,0,0,0,0,0,0,0,0,0,0,0,0,0,0,0,252.685,0,0,-4.04068
"MtrElec",5,16,21,"",217.768,0,0,0,0,0,0,0,0,0,0,0,0,0,0,0,0,0,0,0,0,217.768,0,0,0
"MtrElec",5,16,22,"",195.585,0,0,0,0,0,0,0,0,0,0,0,0,0,0,0,0,0,0,0,0,195.585,0,0,0
"MtrElec",5,16,23,"",184.376,0,0,0,0,0,0,0,0,0,0,0,0,0,0,0,0,0,0,0,0,184.376,0,0,0
"MtrElec",5,16,24,"",148.228,0,0,0,0,0,0,0,0,0,0,0,0,0,0,0,0,0,0,0,0,148.228,0,0,0
"MtrElec",5,17,1,"",103.167,0,0,0,0,0,0,0,0,0,0,0,0,0,0,0,0,0,0,0,0,103.167,0,0,0
"MtrElec",5,17,2,"",95.8177,0,0,0,0,0,0,0,0,0,0,0,0,0,0,0,0,0,0,0,0,95.8177,0,0,0
"MtrElec",5,17,3,"",134.681,0,0,0,0,0,0,0,0,0,0,0,0,0,0,0,0,0,0,0,0,134.681,0,0,0
"MtrElec",5,17,4,"",84.894,0,0,0,0,0,0,0,0,0,0,0,0,0,0,0,0,0,0,0,0,84.894,0,0,0
"MtrElec",5,17,5,"",99.224,0,0,0,0,0,0,0,0,0,0,0,0,0,0,0,0,0,0,0,0,99.224,0,0,0
"MtrElec",5,17,6,"",97.5019,0,0,0,0,0,0,0,0,0,0,0,0,0,0,0,0,0,0,0,0,97.5019,0,0,0
"MtrElec",5,17,7,"",84.9815,0,0,0,0,0,0,0,0,0,0,0,0,0,0,0,0,0,0,0,0,100.544,0,0,-15.5627
"MtrElec",5,17,8,"",93.8517,0,0,0,0,0,0,0,0,0,0,0,0,0,0,0,0,0,0,0,0,147.472,0,0,-53.6199
"MtrElec",5,17,9,"",154.278,0,0,0,0,0,0,0,0,0,0,0,0,0,0,0,0,0,0,0,0,194.989,0,0,-40.7106
"MtrElec",5,17,10,"",156.799,0,0,0,0,0,0,0,0,0,0,0,0,0,0,0,0,0,0,0,0,242.797,0,0,-85.9987
"MtrElec",5,17,11,"",234.335,0,0,0,0,0,0,0,0,0,0,0,0,0,0,0,0,0,0,0,0,304.063,0,0,-69.7278
"MtrElec",5,17,12,"",155.435,0,0,0,0,0,0,0,0,0,0,0,0,0,0,0,0,0,0,0,0,209.899,0,0,-54.4645
"MtrElec",5,17,13,"",183.227,0,0,0,0,0,0,0,0,0,0,0,0,0,0,0,0,0,0,0,0,236.366,0,0,-53.139
"MtrElec",5,17,14,"",186.379,0,0,0,0,0,0,0,0,0,0,0,0,0,0,0,0,0,0,0,0,244.2,0,0,-57.8211
"MtrElec",5,17,15,"",155.922,0,0,0,0,0,0,0,0,0,0,0,0,0,0,0,0,0,0,0,0,214.331,0,0,-58.4085
"MtrElec",5,17,16,"",119.778,0,0,0,0,0,0,0,0,0,0,0,0,0,0,0,0,0,0,0,0,194.396,0,0,-74.6184
"MtrElec",5,17,17,"",138.939,0,0,0,0,0,0,0,0,0,0,0,0,0,0,0,0,0,0,0,0,188.395,0,0,-49.4566
"MtrElec",5,17,18,"",244.42,0,0,0,0,0,0,0,0,0,0,0,0,0,0,0,0,0,0,0,0,255.206,0,0,-10.7859
"MtrElec",5,17,19,"",232.082,0,0,0,0,0,0,0,0,0,0,0,0,0,0,0,0,0,0,0,0,262.628,0,0,-30.5467
"MtrElec",5,17,20,"",236.697,0,0,0,0,0,0,0,0,0,0,0,0,0,0,0,0,0,0,0,0,243.333,0,0,-6.6357
"MtrElec",5,17,21,"",211.482,0,0,0,0,0,0,0,0,0,0,0,0,0,0,0,0,0,0,0,0,211.482,0,0,0
"MtrElec",5,17,22,"",185.957,0,0,0,0,0,0,0,0,0,0,0,0,0,0,0,0,0,0,0,0,185.957,0,0,0
"MtrElec",5,17,23,"",198.933,0,0,0,0,0,0,0,0,0,0,0,0,0,0,0,0,0,0,0,0,198.933,0,0,0
"MtrElec",5,17,24,"",166.443,0,0,0,0,0,0,0,0,0,0,0,0,0,0,0,0,0,0,0,0,166.443,0,0,0
"MtrElec",5,18,1,"",122.249,0,0,0,0,0,0,0,0,0,0,0,0,0,0,0,0,0,0,0,0,122.249,0,0,0
"MtrElec",5,18,2,"",101.47,0,0,0,0,0,0,0,0,0,0,0,0,0,0,0,0,0,0,0,0,101.47,0,0,0
"MtrElec",5,18,3,"",82.526,0,0,0,0,0,0,0,0,0,0,0,0,0,0,0,0,0,0,0,0,82.526,0,0,0
"MtrElec",5,18,4,"",99.1974,0,0,0,0,0,0,0,0,0,0,0,0,0,0,0,0,0,0,0,0,99.1974,0,0,0
"MtrElec",5,18,5,"",97.5531,0,0,0,0,0,0,0,0,0,0,0,0,0,0,0,0,0,0,0,0,97.5531,0,0,0
"MtrElec",5,18,6,"",130.673,0,0,0,0,0,0,0,0,0,0,0,0,0,0,0,0,0,0,0,0,130.673,0,0,0
"MtrElec",5,18,7,"",177.372,0,0,0,0,0,0,0,0,0,0,0,0,0,0,0,0,0,0,0,0,196.952,0,0,-19.5801
"MtrElec",5,18,8,"",134.882,0,0,0,0,0,0,0,0,0,0,0,0,0,0,0,0,0,0,0,0,225.582,0,0,-90.7007
"MtrElec",5,18,9,"",30.1387,0,0,0,0,0,0,0,0,0,0,0,0,0,0,0,0,0,0,0,0,236.077,0,0,-205.938
"MtrElec",5,18,10,"",0,0,0,0,0,0,0,0,0,0,0,0,0,0,0,0,0,0,0,0,0,231.233,0,79.4709,-310.703
"MtrElec",5,18,11,"",-11.7255,0,0,0,0,0,0,0,0,0,0,0,0,0,0,0,0,0,0,0,0,220.254,0,157.698,-389.677
"MtrElec",5,18,12,"",-103.029,0,0,0,0,0,0,0,0,0,0,0,0,0,0,0,0,0,0,0,0,179.387,0,157.698,-440.115
"MtrElec",5,18,13,"",-54.9435,0,0,0,0,0,0,0,0,0,0,0,0,0,0,0,0,0,0,0,0,246.496,0,157.698,-459.138
"MtrElec",5,18,14,"",-274.212,0,0,0,0,0,0,0,0,0,0,0,0,0,0,0,0,0,0,0,0,146.547,0,35.8204,-456.579
"MtrElec",5,18,15,"",-302.186,0,0,0,0,0,0,0,0,0,0,0,0,0,0,0,0,0,0,0,0,127.621,0,0,-429.806
"MtrElec",5,18,16,"",-214.156,0,0,0,0,0,0,0,0,0,0,0,0,0,0,0,0,0,0,0,0,154.215,0,0,-368.371
"MtrElec",5,18,17,"",-87.9268,0,0,0,0,0,0,0,0,0,0,0,0,0,0,0,0,0,0,0,0,188.648,0,0,-276.575
"MtrElec",5,18,18,"",52.0641,0,0,0,0,0,0,0,0,0,0,0,0,0,0,0,0,0,0,0,0,214.014,0,0,-161.949
"MtrElec",5,18,19,"",60.6991,0,0,0,0,0,0,0,0,0,0,0,0,0,0,0,0,0,0,0,0,267.91,0,-157.698,-49.5129
"MtrElec",5,18,20,"",83.9902,0,0,0,0,0,0,0,0,0,0,0,0,0,0,0,0,0,0,0,0,248.456,0,-157.698,-6.76784
"MtrElec",5,18,21,"",82.2509,0,0,0,0,0,0,0,0,0,0,0,0,0,0,0,0,0,0,0,0,239.949,0,-157.698,0
"MtrElec",5,18,22,"",160.577,0,0,0,0,0,0,0,0,0,0,0,0,0,0,0,0,0,0,0,0,218.5,0,-57.9237,0
"MtrElec",5,18,23,"",202.293,0,0,0,0,0,0,0,0,0,0,0,0,0,0,0,0,0,0,0,0,202.293,0,0,0
"MtrElec",5,18,24,"",132.747,0,0,0,0,0,0,0,0,0,0,0,0,0,0,0,0,0,0,0,0,132.747,0,0,0
"MtrElec",5,19,1,"",102.857,0,0,0,0,0,0,0,0,0,0,0,0,0,0,0,0,0,0,0,0,102.857,0,0,0
"MtrElec",5,19,2,"",102.196,0,0,0,0,0,0,0,0,0,0,0,0,0,0,0,0,0,0,0,0,102.196,0,0,0
"MtrElec",5,19,3,"",120.575,0,0,0,0,0,0,0,0,0,0,0,0,0,0,0,0,0,0,0,0,120.575,0,0,0
"MtrElec",5,19,4,"",96.4561,0,0,0,0,0,0,0,0,0,0,0,0,0,0,0,0,0,0,0,0,96.4561,0,0,0
"MtrElec",5,19,5,"",94.2262,0,0,0,0,0,0,0,0,0,0,0,0,0,0,0,0,0,0,0,0,94.2262,0,0,0
"MtrElec",5,19,6,"",88.3355,0,0,0,0,0,0,0,0,0,0,0,0,0,0,0,0,0,0,0,0,88.3355,0,0,0
"MtrElec",5,19,7,"",151.938,0,0,0,0,0,0,0,0,0,0,0,0,0,0,0,0,0,0,0,0,171.179,0,0,-19.2409
"MtrElec",5,19,8,"",140.057,0,0,0,0,0,0,0,0,0,0,0,0,0,0,0,0,0,0,0,0,230.853,0,0,-90.7958
"MtrElec",5,19,9,"",0.0000005,0,0,0,0,0,0,0,0,0,0,0,0,0,0,0,0,0,0,0,0,200.481,0,7.77773,-208.259
"MtrElec",5,19,10,"",0.0000078,0,0,0,0,0,0,0,0,0,0,0,0,0,0,0,0,0,0,0,0,195.668,0,116.867,-312.535
"MtrElec",5,19,11,"",-52.9011,0,0,0,0,0,0,0,0,0,0,0,0,0,0,0,0,0,0,0,0,182.625,0,157.698,-393.224
"MtrElec",5,19,12,"",-109.589,0,0,0,0,0,0,0,0,0,0,0,0,0,0,0,0,0,0,0,0,178.048,0,157.698,-445.335
"MtrElec",5,19,13,"",-153.303,0,0,0,0,0,0,0,0,0,0,0,0,0,0,0,0,0,0,0,0,160.881,0,148.344,-462.529
"MtrElec",5,19,14,"",-320.722,0,0,0,0,0,0,0,0,0,0,0,0,0,0,0,0,0,0,0,0,130.371,0,0,-451.092
"MtrElec",5,19,15,"",-255.161,0,0,0,0,0,0,0,0,0,0,0,0,0,0,0,0,0,0,0,0,159.936,0,0,-415.097
"MtrElec",5,19,16,"",-186.7,0,0,0,0,0,0,0,0,0,0,0,0,0,0,0,0,0,0,0,0,169.687,0,0,-356.387
"MtrElec",5,19,17,"",-72.321,0,0,0,0,0,0,0,0,0,0,0,0,0,0,0,0,0,0,0,0,199.58,0,0,-271.901
"MtrElec",5,19,18,"",72.8969,0,0,0,0,0,0,0,0,0,0,0,0,0,0,0,0,0,0,0,0,233.386,0,0,-160.489
"MtrElec",5,19,19,"",59.432,0,0,0,0,0,0,0,0,0,0,0,0,0,0,0,0,0,0,0,0,266.088,0,-157.698,-48.9583
"MtrElec",5,19,20,"",72.9742,0,0,0,0,0,0,0,0,0,0,0,0,0,0,0,0,0,0,0,0,237.659,0,-157.698,-6.98682
"MtrElec",5,19,21,"",78.0874,0,0,0,0,0,0,0,0,0,0,0,0,0,0,0,0,0,0,0,0,235.785,0,-157.698,0
"MtrElec",5,19,22,"",173.366,0,0,0,0,0,0,0,0,0,0,0,0,0,0,0,0,0,0,0,0,231.29,0,-57.9237,0
"MtrElec",5,19,23,"",209.067,0,0,0,0,0,0,0,0,0,0,0,0,0,0,0,0,0,0,0,0,209.067,0,0,0
"MtrElec",5,19,24,"",139.87,0,0,0,0,0,0,0,0,0,0,0,0,0,0,0,0,0,0,0,0,139.87,0,0,0
"MtrElec",5,20,1,"",143.947,0,0,0,0,0,0,0,0,0,0,0,0,0,0,0,0,0,0,0,0,143.947,0,0,0
"MtrElec",5,20,2,"",102.821,0,0,0,0,0,0,0,0,0,0,0,0,0,0,0,0,0,0,0,0,102.821,0,0,0
"MtrElec",5,20,3,"",84.7582,0,0,0,0,0,0,0,0,0,0,0,0,0,0,0,0,0,0,0,0,84.7582,0,0,0
"MtrElec",5,20,4,"",104.436,0,0,0,0,0,0,0,0,0,0,0,0,0,0,0,0,0,0,0,0,104.436,0,0,0
"MtrElec",5,20,5,"",91.0461,0,0,0,0,0,0,0,0,0,0,0,0,0,0,0,0,0,0,0,0,91.0461,0,0,0
"MtrElec",5,20,6,"",122.994,0,0,0,0,0,0,0,0,0,0,0,0,0,0,0,0,0,0,0,0,122.994,0,0,0
"MtrElec",5,20,7,"",118.714,0,0,0,0,0,0,0,0,0,0,0,0,0,0,0,0,0,0,0,0,138.611,0,0,-19.8963
"MtrElec",5,20,8,"",103.746,0,0,0,0,0,0,0,0,0,0,0,0,0,0,0,0,0,0,0,0,194.609,0,0,-90.8623
"MtrElec",5,20,9,"",23.0135,0,0,0,0,0,0,0,0,0,0,0,0,0,0,0,0,0,0,0,0,227.413,0,0,-204.4
"MtrElec",5,20,10,"",0.0000078,0,0,0,0,0,0,0,0,0,0,0,0,0,0,0,0,0,0,0,0,216.532,0,81.5895,-298.121
"MtrElec",5,20,11,"",0.0000078,0,0,0,0,0,0,0,0,0,0,0,0,0,0,0,0,0,0,0,0,245.751,0,125.066,-370.817
"MtrElec",5,20,12,"",-49.3635,0,0,0,0,0,0,0,0,0,0,0,0,0,0,0,0,0,0,0,0,207.168,0,157.698,-414.23
"MtrElec",5,20,13,"",-66.9808,0,0,0,0,0,0,0,0,0,0,0,0,0,0,0,0,0,0,0,0,207.579,0,157.698,-432.257
"MtrElec",5,20,14,"",-218.76,0,0,0,0,0,0,0,0,0,0,0,0,0,0,0,0,0,0,0,0,150.282,0,66.3334,-435.375
"MtrElec",5,20,15,"",-201.559,0,0,0,0,0,0,0,0,0,0,0,0,0,0,0,0,0,0,0,0,203.786,0,0,-405.345
"MtrElec",5,20,16,"",-146.691,0,0,0,0,0,0,0,0,0,0,0,0,0,0,0,0,0,0,0,0,204.416,0,0,-351.107
"MtrElec",5,20,17,"",-50.688,0,0,0,0,0,0,0,0,0,0,0,0,0,0,0,0,0,0,0,0,215.024,0,0,-265.712
"MtrElec",5,20,18,"",135.435,0,0,0,0,0,0,0,0,0,0,0,0,0,0,0,0,0,0,0,0,290.656,0,0,-155.221
"MtrElec",5,20,19,"",116.85,0,0,0,0,0,0,0,0,0,0,0,0,0,0,0,0,0,0,0,0,323.405,0,-157.698,-48.8568
"MtrElec",5,20,20,"",170.11,0,0,0,0,0,0,0,0,0,0,0,0,0,0,0,0,0,0,0,0,334.574,0,-157.698,-6.76532
"MtrElec",5,20,21,"",98.5793,0,0,0,0,0,0,0,0,0,0,0,0,0,0,0,0,0,0,0,0,256.277,0,-157.698,0
"MtrElec",5,20,22,"",199.863,0,0,0,0,0,0,0,0,0,0,0,0,0,0,0,0,0,0,0,0,257.787,0,-57.9237,0
"MtrElec",5,20,23,"",233.631,0,0,0,0,0,0,0,0,0,0,0,0,0,0,0,0,0,0,0,0,233.631,0,0,0
"MtrElec",5,20,24,"",202.523,0,0,0,0,0,0,0,0,0,0,0,0,0,0,0,0,0,0,0,0,202.523,0,0,0
"MtrElec",5,21,1,"",122.713,0,0,0,0,0,0,0,0,0,0,0,0,0,0,0,0,0,0,0,0,122.713,0,0,0
"MtrElec",5,21,2,"",108.49,0,0,0,0,0,0,0,0,0,0,0,0,0,0,0,0,0,0,0,0,108.49,0,0,0
"MtrElec",5,21,3,"",87.0686,0,0,0,0,0,0,0,0,0,0,0,0,0,0,0,0,0,0,0,0,87.0686,0,0,0
"MtrElec",5,21,4,"",99.1162,0,0,0,0,0,0,0,0,0,0,0,0,0,0,0,0,0,0,0,0,99.1162,0,0,0
"MtrElec",5,21,5,"",96.6779,0,0,0,0,0,0,0,0,0,0,0,0,0,0,0,0,0,0,0,0,96.6779,0,0,0
"MtrElec",5,21,6,"",97.5056,0,0,0,0,0,0,0,0,0,0,0,0,0,0,0,0,0,0,0,0,97.5056,0,0,0
"MtrElec",5,21,7,"",135.058,0,0,0,0,0,0,0,0,0,0,0,0,0,0,0,0,0,0,0,0,154.736,0,0,-19.6775
"MtrElec",5,21,8,"",120.476,0,0,0,0,0,0,0,0,0,0,0,0,0,0,0,0,0,0,0,0,208.808,0,0,-88.3323
"MtrElec",5,21,9,"",37.4622,0,0,0,0,0,0,0,0,0,0,0,0,0,0,0,0,0,0,0,0,237.277,0,0,-199.815
"MtrElec",5,21,10,"",0.0000039,0,0,0,0,0,0,0,0,0,0,0,0,0,0,0,0,0,0,0,0,247.413,0,47.8943,-295.307
"MtrElec",5,21,11,"",0,0,0,0,0,0,0,0,0,0,0,0,0,0,0,0,0,0,0,0,0,269.553,0,99.4825,-369.036
"MtrElec",5,21,12,"",0,0,0,0,0,0,0,0,0,0,0,0,0,0,0,0,0,0,0,0,0,264.816,0,155.081,-419.897
"MtrElec",5,21,13,"",0,0,0,0,0,0,0,0,0,0,0,0,0,0,0,0,0,0,0,0,0,291.652,0,154.107,-445.759
"MtrElec",5,21,14,"",-86.8695,0,0,0,0,0,0,0,0,0,0,0,0,0,0,0,0,0,0,0,0,227.925,0,131.821,-446.616
"MtrElec",5,21,15,"",-158.514,0,0,0,0,0,0,0,0,0,0,0,0,0,0,0,0,0,0,0,0,258.358,0,0,-416.872
"MtrElec",5,21,16,"",-93.5972,0,0,0,0,0,0,0,0,0,0,0,0,0,0,0,0,0,0,0,0,261.968,0,0,-355.565
"MtrElec",5,21,17,"",9.57563,0,0,0,0,0,0,0,0,0,0,0,0,0,0,0,0,0,0,0,0,276.661,0,0,-267.085
"MtrElec",5,21,18,"",153.065,0,0,0,0,0,0,0,0,0,0,0,0,0,0,0,0,0,0,0,0,311.542,0,0,-158.478
"MtrElec",5,21,19,"",149.552,0,0,0,0,0,0,0,0,0,0,0,0,0,0,0,0,0,0,0,0,356.231,0,-157.698,-48.9805
"MtrElec",5,21,20,"",182.907,0,0,0,0,0,0,0,0,0,0,0,0,0,0,0,0,0,0,0,0,347.857,0,-157.698,-7.2521
"MtrElec",5,21,21,"",134.7,0,0,0,0,0,0,0,0,0,0,0,0,0,0,0,0,0,0,0,0,292.398,0,-157.698,0
"MtrElec",5,21,22,"",179.508,0,0,0,0,0,0,0,0,0,0,0,0,0,0,0,0,0,0,0,0,237.431,0,-57.9237,0
"MtrElec",5,21,23,"",252.213,0,0,0,0,0,0,0,0,0,0,0,0,0,0,0,0,0,0,0,0,252.213,0,0,0
"MtrElec",5,21,24,"",174.118,0,0,0,0,0,0,0,0,0,0,0,0,0,0,0,0,0,0,0,0,174.118,0,0,0
"MtrElec",5,22,1,"",136.828,0,0,0,0,0,0,0,0,0,0,0,0,0,0,0,0,0,0,0,0,136.828,0,0,0
"MtrElec",5,22,2,"",106.562,0,0,0,0,0,0,0,0,0,0,0,0,0,0,0,0,0,0,0,0,106.562,0,0,0
"MtrElec",5,22,3,"",85.5209,0,0,0,0,0,0,0,0,0,0,0,0,0,0,0,0,0,0,0,0,85.5209,0,0,0
"MtrElec",5,22,4,"",98.674,0,0,0,0,0,0,0,0,0,0,0,0,0,0,0,0,0,0,0,0,98.674,0,0,0
"MtrElec",5,22,5,"",96.4841,0,0,0,0,0,0,0,0,0,0,0,0,0,0,0,0,0,0,0,0,96.4841,0,0,0
"MtrElec",5,22,6,"",110.453,0,0,0,0,0,0,0,0,0,0,0,0,0,0,0,0,0,0,0,0,110.453,0,0,0
"MtrElec",5,22,7,"",138.341,0,0,0,0,0,0,0,0,0,0,0,0,0,0,0,0,0,0,0,0,157.331,0,0,-18.9901
"MtrElec",5,22,8,"",153.198,0,0,0,0,0,0,0,0,0,0,0,0,0,0,0,0,0,0,0,0,241.592,0,0,-88.3942
"MtrElec",5,22,9,"",14.7095,0,0,0,0,0,0,0,0,0,0,0,0,0,0,0,0,0,0,0,0,217.842,0,0,-203.132
"MtrElec",5,22,10,"",0,0,0,0,0,0,0,0,0,0,0,0,0,0,0,0,0,0,0,0,0,253.576,0,51.8152,-305.391
"MtrElec",5,22,11,"",0.0000078,0,0,0,0,0,0,0,0,0,0,0,0,0,0,0,0,0,0,0,0,273.833,0,104.062,-377.895
"MtrElec",5,22,12,"",-27.7283,0,0,0,0,0,0,0,0,0,0,0,0,0,0,0,0,0,0,0,0,241.183,0,157.698,-426.609
"MtrElec",5,22,13,"",-15.61,0,0,0,0,0,0,0,0,0,0,0,0,0,0,0,0,0,0,0,0,272.542,0,157.698,-445.85
"MtrElec",5,22,14,"",-108.123,0,0,0,0,0,0,0,0,0,0,0,0,0,0,0,0,0,0,0,0,211.063,0,117.112,-436.298
"MtrElec",5,22,15,"",-184.855,0,0,0,0,0,0,0,0,0,0,0,0,0,0,0,0,0,0,0,0,220.041,0,0,-404.897
"MtrElec",5,22,16,"",-109.538,0,0,0,0,0,0,0,0,0,0,0,0,0,0,0,0,0,0,0,0,235.373,0,0,-344.911
"MtrElec",5,22,17,"",52.3601,0,0,0,0,0,0,0,0,0,0,0,0,0,0,0,0,0,0,0,0,312.467,0,0,-260.107
"MtrElec",5,22,18,"",160.117,0,0,0,0,0,0,0,0,0,0,0,0,0,0,0,0,0,0,0,0,313.989,0,0,-153.872
"MtrElec",5,22,19,"",146.575,0,0,0,0,0,0,0,0,0,0,0,0,0,0,0,0,0,0,0,0,354.19,0,-157.698,-49.9176
"MtrElec",5,22,20,"",148.749,0,0,0,0,0,0,0,0,0,0,0,0,0,0,0,0,0,0,0,0,313.667,0,-157.698,-7.22028
"MtrElec",5,22,21,"",142.327,0,0,0,0,0,0,0,0,0,0,0,0,0,0,0,0,0,0,0,0,300.025,0,-157.698,0
"MtrElec",5,22,22,"",200.399,0,0,0,0,0,0,0,0,0,0,0,0,0,0,0,0,0,0,0,0,258.322,0,-57.9237,0
"MtrElec",5,22,23,"",241.243,0,0,0,0,0,0,0,0,0,0,0,0,0,0,0,0,0,0,0,0,241.243,0,0,0
"MtrElec",5,22,24,"",183.796,0,0,0,0,0,0,0,0,0,0,0,0,0,0,0,0,0,0,0,0,183.796,0,0,0
"MtrElec",5,23,1,"",150.946,0,0,0,0,0,0,0,0,0,0,0,0,0,0,0,0,0,0,0,0,150.946,0,0,0
"MtrElec",5,23,2,"",103.849,0,0,0,0,0,0,0,0,0,0,0,0,0,0,0,0,0,0,0,0,103.849,0,0,0
"MtrElec",5,23,3,"",85.8733,0,0,0,0,0,0,0,0,0,0,0,0,0,0,0,0,0,0,0,0,85.8733,0,0,0
"MtrElec",5,23,4,"",99.3636,0,0,0,0,0,0,0,0,0,0,0,0,0,0,0,0,0,0,0,0,99.3636,0,0,0
"MtrElec",5,23,5,"",96.2582,0,0,0,0,0,0,0,0,0,0,0,0,0,0,0,0,0,0,0,0,96.2582,0,0,0
"MtrElec",5,23,6,"",87.6432,0,0,0,0,0,0,0,0,0,0,0,0,0,0,0,0,0,0,0,0,87.6432,0,0,0
"MtrElec",5,23,7,"",121.781,0,0,0,0,0,0,0,0,0,0,0,0,0,0,0,0,0,0,0,0,142.341,0,0,-20.5604
"MtrElec",5,23,8,"",45.7132,0,0,0,0,0,0,0,0,0,0,0,0,0,0,0,0,0,0,0,0,133.75,0,0,-88.0372
"MtrElec",5,23,9,"",3.23042,0,0,0,0,0,0,0,0,0,0,0,0,0,0,0,0,0,0,0,0,201.14,0,0,-197.91
"MtrElec",5,23,10,"",0.0000020,0,0,0,0,0,0,0,0,0,0,0,0,0,0,0,0,0,0,0,0,267.695,0,28.8598,-296.554
"MtrElec",5,23,11,"",0.0000039,0,0,0,0,0,0,0,0,0,0,0,0,0,0,0,0,0,0,0,0,312.275,0,58.9833,-371.258
"MtrElec",5,23,12,"",0,0,0,0,0,0,0,0,0,0,0,0,0,0,0,0,0,0,0,0,0,327.52,0,96.0523,-423.572
"MtrElec",5,23,13,"",0,0,0,0,0,0,0,0,0,0,0,0,0,0,0,0,0,0,0,0,0,302.547,0,150.151,-452.698
"MtrElec",5,23,14,"",0,0,0,0,0,0,0,0,0,0,0,0,0,0,0,0,0,0,0,0,0,312.499,0,138.27,-450.769
"MtrElec",5,23,15,"",0,0,0,0,0,0,0,0,0,0,0,0,0,0,0,0,0,0,0,0,0,308.954,0,107.257,-416.21
"MtrElec",5,23,16,"",-69.6778,0,0,0,0,0,0,0,0,0,0,0,0,0,0,0,0,0,0,0,0,278.216,0,8.81234,-356.707
"MtrElec",5,23,17,"",30.0251,0,0,0,0,0,0,0,0,0,0,0,0,0,0,0,0,0,0,0,0,298.425,0,0,-268.4
"MtrElec",5,23,18,"",154.151,0,0,0,0,0,0,0,0,0,0,0,0,0,0,0,0,0,0,0,0,312.872,0,0,-158.721
"MtrElec",5,23,19,"",192.638,0,0,0,0,0,0,0,0,0,0,0,0,0,0,0,0,0,0,0,0,400.039,0,-157.698,-49.7036
"MtrElec",5,23,20,"",195.589,0,0,0,0,0,0,0,0,0,0,0,0,0,0,0,0,0,0,0,0,360.902,0,-157.698,-7.6154
"MtrElec",5,23,21,"",156.07,0,0,0,0,0,0,0,0,0,0,0,0,0,0,0,0,0,0,0,0,313.768,0,-157.698,0
"MtrElec",5,23,22,"",228.878,0,0,0,0,0,0,0,0,0,0,0,0,0,0,0,0,0,0,0,0,286.801,0,-57.9237,0
"MtrElec",5,23,23,"",201.045,0,0,0,0,0,0,0,0,0,0,0,0,0,0,0,0,0,0,0,0,201.045,0,0,0
"MtrElec",5,23,24,"",155.559,0,0,0,0,0,0,0,0,0,0,0,0,0,0,0,0,0,0,0,0,155.559,0,0,0
"MtrElec",5,24,1,"",150.188,0,0,0,0,0,0,0,0,0,0,0,0,0,0,0,0,0,0,0,0,150.188,0,0,0
"MtrElec",5,24,2,"",104.891,0,0,0,0,0,0,0,0,0,0,0,0,0,0,0,0,0,0,0,0,104.891,0,0,0
"MtrElec",5,24,3,"",92.4919,0,0,0,0,0,0,0,0,0,0,0,0,0,0,0,0,0,0,0,0,92.4919,0,0,0
"MtrElec",5,24,4,"",97.9537,0,0,0,0,0,0,0,0,0,0,0,0,0,0,0,0,0,0,0,0,97.9537,0,0,0
"MtrElec",5,24,5,"",133.806,0,0,0,0,0,0,0,0,0,0,0,0,0,0,0,0,0,0,0,0,133.806,0,0,0
"MtrElec",5,24,6,"",124.498,0,0,0,0,0,0,0,0,0,0,0,0,0,0,0,0,0,0,0,0,124.498,0,0,0
"MtrElec",5,24,7,"",77.3179,0,0,0,0,0,0,0,0,0,0,0,0,0,0,0,0,0,0,0,0,106.566,0,0,-29.2477
"MtrElec",5,24,8,"",64.3168,0,0,0,0,0,0,0,0,0,0,0,0,0,0,0,0,0,0,0,0,172.67,0,0,-108.353
"MtrElec",5,24,9,"",0.0000005,0,0,0,0,0,0,0,0,0,0,0,0,0,0,0,0,0,0,0,0,189.188,0,8.15386,-197.342
"MtrElec",5,24,10,"",0,0,0,0,0,0,0,0,0,0,0,0,0,0,0,0,0,0,0,0,0,243.634,0,51.234,-294.868
"MtrElec",5,24,11,"",0,0,0,0,0,0,0,0,0,0,0,0,0,0,0,0,0,0,0,0,0,255.891,0,100.646,-356.537
"MtrElec",5,24,12,"",0,0,0,0,0,0,0,0,0,0,0,0,0,0,0,0,0,0,0,0,0,293.519,0,118.126,-411.644
"MtrElec",5,24,13,"",-30.434,0,0,0,0,0,0,0,0,0,0,0,0,0,0,0,0,0,0,0,0,271.058,0,157.698,-459.19
"MtrElec",5,24,14,"",-61.1931,0,0,0,0,0,0,0,0,0,0,0,0,0,0,0,0,0,0,0,0,238.687,0,152.528,-452.408
"MtrElec",5,24,15,"",-183.826,0,0,0,0,0,0,0,0,0,0,0,0,0,0,0,0,0,0,0,0,235.105,0,0,-418.93
"MtrElec",5,24,16,"",-145.968,0,0,0,0,0,0,0,0,0,0,0,0,0,0,0,0,0,0,0,0,213.911,0,0,-359.879
"MtrElec",5,24,17,"",-43.4412,0,0,0,0,0,0,0,0,0,0,0,0,0,0,0,0,0,0,0,0,229.3,0,0,-272.741
"MtrElec",5,24,18,"",131.516,0,0,0,0,0,0,0,0,0,0,0,0,0,0,0,0,0,0,0,0,294.623,0,0,-163.107
"MtrElec",5,24,19,"",124.39,0,0,0,0,0,0,0,0,0,0,0,0,0,0,0,0,0,0,0,0,333.409,0,-157.698,-51.3209
"MtrElec",5,24,20,"",156.629,0,0,0,0,0,0,0,0,0,0,0,0,0,0,0,0,0,0,0,0,322.2,0,-157.698,-7.87286
"MtrElec",5,24,21,"",102.48,0,0,0,0,0,0,0,0,0,0,0,0,0,0,0,0,0,0,0,0,260.178,0,-157.698,0
"MtrElec",5,24,22,"",215.326,0,0,0,0,0,0,0,0,0,0,0,0,0,0,0,0,0,0,0,0,273.25,0,-57.9237,0
"MtrElec",5,24,23,"",175.235,0,0,0,0,0,0,0,0,0,0,0,0,0,0,0,0,0,0,0,0,175.235,0,0,0
"MtrElec",5,24,24,"",151.649,0,0,0,0,0,0,0,0,0,0,0,0,0,0,0,0,0,0,0,0,151.649,0,0,0
"MtrElec",5,25,1,"",112.886,0,0,0,0,0,0,0,0,0,0,0,0,0,0,0,0,0,0,0,0,112.886,0,0,0
"MtrElec",5,25,2,"",101.989,0,0,0,0,0,0,0,0,0,0,0,0,0,0,0,0,0,0,0,0,101.989,0,0,0
"MtrElec",5,25,3,"",97.8206,0,0,0,0,0,0,0,0,0,0,0,0,0,0,0,0,0,0,0,0,97.8206,0,0,0
"MtrElec",5,25,4,"",85.2196,0,0,0,0,0,0,0,0,0,0,0,0,0,0,0,0,0,0,0,0,85.2196,0,0,0
"MtrElec",5,25,5,"",95.9603,0,0,0,0,0,0,0,0,0,0,0,0,0,0,0,0,0,0,0,0,95.9603,0,0,0
"MtrElec",5,25,6,"",146.691,0,0,0,0,0,0,0,0,0,0,0,0,0,0,0,0,0,0,0,0,146.691,0,0,0
"MtrElec",5,25,7,"",95.253,0,0,0,0,0,0,0,0,0,0,0,0,0,0,0,0,0,0,0,0,125.057,0,0,-29.8036
"MtrElec",5,25,8,"",176.253,0,0,0,0,0,0,0,0,0,0,0,0,0,0,0,0,0,0,0,0,225.216,0,0,-48.9629
"MtrElec",5,25,9,"",126.754,0,0,0,0,0,0,0,0,0,0,0,0,0,0,0,0,0,0,0,0,265.929,0,0,-139.176
"MtrElec",5,25,10,"",154.054,0,0,0,0,0,0,0,0,0,0,0,0,0,0,0,0,0,0,0,0,333.374,0,0,-179.319
"MtrElec",5,25,11,"",0.0000005,0,0,0,0,0,0,0,0,0,0,0,0,0,0,0,0,0,0,0,0,250.894,0,5.67606,-256.57
"MtrElec",5,25,12,"",0,0,0,0,0,0,0,0,0,0,0,0,0,0,0,0,0,0,0,0,0,298.075,0,144.876,-442.951
"MtrElec",5,25,13,"",-59.9705,0,0,0,0,0,0,0,0,0,0,0,0,0,0,0,0,0,0,0,0,251.795,0,157.698,-469.463
"MtrElec",5,25,14,"",-112.137,0,0,0,0,0,0,0,0,0,0,0,0,0,0,0,0,0,0,0,0,196.427,0,157.698,-466.262
"MtrElec",5,25,15,"",-110.274,0,0,0,0,0,0,0,0,0,0,0,0,0,0,0,0,0,0,0,0,200.11,0,122.437,-432.821
"MtrElec",5,25,16,"",-185.023,0,0,0,0,0,0,0,0,0,0,0,0,0,0,0,0,0,0,0,0,186.007,0,0,-371.03
"MtrElec",5,25,17,"",-63.5181,0,0,0,0,0,0,0,0,0,0,0,0,0,0,0,0,0,0,0,0,217.77,0,0,-281.288
"MtrElec",5,25,18,"",96.9069,0,0,0,0,0,0,0,0,0,0,0,0,0,0,0,0,0,0,0,0,264.786,0,0,-167.879
"MtrElec",5,25,19,"",88.4361,0,0,0,0,0,0,0,0,0,0,0,0,0,0,0,0,0,0,0,0,299.454,0,-157.698,-53.3201
"MtrElec",5,25,20,"",30.7636,0,0,0,0,0,0,0,0,0,0,0,0,0,0,0,0,0,0,0,0,196.547,0,-157.698,-8.08519
"MtrElec",5,25,21,"",69.3898,0,0,0,0,0,0,0,0,0,0,0,0,0,0,0,0,0,0,0,0,227.088,0,-157.698,0
"MtrElec",5,25,22,"",134.394,0,0,0,0,0,0,0,0,0,0,0,0,0,0,0,0,0,0,0,0,192.318,0,-57.9237,0
"MtrElec",5,25,23,"",181.305,0,0,0,0,0,0,0,0,0,0,0,0,0,0,0,0,0,0,0,0,181.305,0,0,0
"MtrElec",5,25,24,"",147.641,0,0,0,0,0,0,0,0,0,0,0,0,0,0,0,0,0,0,0,0,147.641,0,0,0
"MtrElec",5,26,1,"",128.724,0,0,0,0,0,0,0,0,0,0,0,0,0,0,0,0,0,0,0,0,128.724,0,0,0
"MtrElec",5,26,2,"",100.873,0,0,0,0,0,0,0,0,0,0,0,0,0,0,0,0,0,0,0,0,100.873,0,0,0
"MtrElec",5,26,3,"",94.5555,0,0,0,0,0,0,0,0,0,0,0,0,0,0,0,0,0,0,0,0,94.5555,0,0,0
"MtrElec",5,26,4,"",84.8862,0,0,0,0,0,0,0,0,0,0,0,0,0,0,0,0,0,0,0,0,84.8862,0,0,0
"MtrElec",5,26,5,"",95.5621,0,0,0,0,0,0,0,0,0,0,0,0,0,0,0,0,0,0,0,0,95.5621,0,0,0
"MtrElec",5,26,6,"",103.663,0,0,0,0,0,0,0,0,0,0,0,0,0,0,0,0,0,0,0,0,103.663,0,0,0
"MtrElec",5,26,7,"",130.782,0,0,0,0,0,0,0,0,0,0,0,0,0,0,0,0,0,0,0,0,149.354,0,0,-18.5718
"MtrElec",5,26,8,"",168.746,0,0,0,0,0,0,0,0,0,0,0,0,0,0,0,0,0,0,0,0,233.497,0,0,-64.7511
"MtrElec",5,26,9,"",87.2077,0,0,0,0,0,0,0,0,0,0,0,0,0,0,0,0,0,0,0,0,226.579,0,0,-139.371
"MtrElec",5,26,10,"",0,0,0,0,0,0,0,0,0,0,0,0,0,0,0,0,0,0,0,0,0,259.364,0,16.4308,-275.795
"MtrElec",5,26,11,"",0,0,0,0,0,0,0,0,0,0,0,0,0,0,0,0,0,0,0,0,0,256.72,0,46.3231,-303.043
"MtrElec",5,26,12,"",-124.792,0,0,0,0,0,0,0,0,0,0,0,0,0,0,0,0,0,0,0,0,157.594,0,157.698,-440.085
"MtrElec",5,26,13,"",-75.3196,0,0,0,0,0,0,0,0,0,0,0,0,0,0,0,0,0,0,0,0,227.627,0,157.698,-460.644
"MtrElec",5,26,14,"",-129.024,0,0,0,0,0,0,0,0,0,0,0,0,0,0,0,0,0,0,0,0,157.911,0,157.698,-444.633
"MtrElec",5,26,15,"",-228.682,0,0,0,0,0,0,0,0,0,0,0,0,0,0,0,0,0,0,0,0,128.622,0,52.5373,-409.841
"MtrElec",5,26,16,"",-186.961,0,0,0,0,0,0,0,0,0,0,0,0,0,0,0,0,0,0,0,0,173.091,0,0,-360.052
"MtrElec",5,26,17,"",-69.3528,0,0,0,0,0,0,0,0,0,0,0,0,0,0,0,0,0,0,0,0,206.763,0,0,-276.116
"MtrElec",5,26,18,"",7.62762,0,0,0,0,0,0,0,0,0,0,0,0,0,0,0,0,0,0,0,0,172.329,0,0,-164.701
"MtrElec",5,26,19,"",38.9365,0,0,0,0,0,0,0,0,0,0,0,0,0,0,0,0,0,0,0,0,250.105,0,-157.698,-53.471
"MtrElec",5,26,20,"",79.2547,0,0,0,0,0,0,0,0,0,0,0,0,0,0,0,0,0,0,0,0,244.924,0,-157.698,-7.97109
"MtrElec",5,26,21,"",98.9496,0,0,0,0,0,0,0,0,0,0,0,0,0,0,0,0,0,0,0,0,256.648,0,-157.698,0
"MtrElec",5,26,22,"",143.016,0,0,0,0,0,0,0,0,0,0,0,0,0,0,0,0,0,0,0,0,200.939,0,-57.9237,0
"MtrElec",5,26,23,"",210.447,0,0,0,0,0,0,0,0,0,0,0,0,0,0,0,0,0,0,0,0,210.447,0,0,0
"MtrElec",5,26,24,"",139.697,0,0,0,0,0,0,0,0,0,0,0,0,0,0,0,0,0,0,0,0,139.697,0,0,0
"MtrElec",5,27,1,"",104.395,0,0,0,0,0,0,0,0,0,0,0,0,0,0,0,0,0,0,0,0,104.395,0,0,0
"MtrElec",5,27,2,"",99.5407,0,0,0,0,0,0,0,0,0,0,0,0,0,0,0,0,0,0,0,0,99.5407,0,0,0
"MtrElec",5,27,3,"",117.929,0,0,0,0,0,0,0,0,0,0,0,0,0,0,0,0,0,0,0,0,117.929,0,0,0
"MtrElec",5,27,4,"",96.7372,0,0,0,0,0,0,0,0,0,0,0,0,0,0,0,0,0,0,0,0,96.7372,0,0,0
"MtrElec",5,27,5,"",95.5041,0,0,0,0,0,0,0,0,0,0,0,0,0,0,0,0,0,0,0,0,95.5041,0,0,0
"MtrElec",5,27,6,"",93.6049,0,0,0,0,0,0,0,0,0,0,0,0,0,0,0,0,0,0,0,0,93.6049,0,0,0
"MtrElec",5,27,7,"",151.848,0,0,0,0,0,0,0,0,0,0,0,0,0,0,0,0,0,0,0,0,182.017,0,0,-30.1685
"MtrElec",5,27,8,"",165.979,0,0,0,0,0,0,0,0,0,0,0,0,0,0,0,0,0,0,0,0,239.602,0,0,-73.6237
"MtrElec",5,27,9,"",91.9479,0,0,0,0,0,0,0,0,0,0,0,0,0,0,0,0,0,0,0,0,211.098,0,0,-119.15
"MtrElec",5,27,10,"",47.944,0,0,0,0,0,0,0,0,0,0,0,0,0,0,0,0,0,0,0,0,283.257,0,0,-235.313
"MtrElec",5,27,11,"",0,0,0,0,0,0,0,0,0,0,0,0,0,0,0,0,0,0,0,0,0,243.149,0,142.045,-385.194
"MtrElec",5,27,12,"",-97.9283,0,0,0,0,0,0,0,0,0,0,0,0,0,0,0,0,0,0,0,0,179.131,0,157.698,-434.757
"MtrElec",5,27,13,"",-91.6477,0,0,0,0,0,0,0,0,0,0,0,0,0,0,0,0,0,0,0,0,205.304,0,157.698,-454.649
"MtrElec",5,27,14,"",-167.02,0,0,0,0,0,0,0,0,0,0,0,0,0,0,0,0,0,0,0,0,144.787,0,130.945,-442.751
"MtrElec",5,27,15,"",-294.797,0,0,0,0,0,0,0,0,0,0,0,0,0,0,0,0,0,0,0,0,118.788,0,0,-413.584
"MtrElec",5,27,16,"",-185.109,0,0,0,0,0,0,0,0,0,0,0,0,0,0,0,0,0,0,0,0,174.603,0,0,-359.713
"MtrElec",5,27,17,"",-84.2867,0,0,0,0,0,0,0,0,0,0,0,0,0,0,0,0,0,0,0,0,190.599,0,0,-274.886
"MtrElec",5,27,18,"",27.1712,0,0,0,0,0,0,0,0,0,0,0,0,0,0,0,0,0,0,0,0,192.115,0,0,-164.944
"MtrElec",5,27,19,"",50.2055,0,0,0,0,0,0,0,0,0,0,0,0,0,0,0,0,0,0,0,0,261.131,0,-157.698,-53.2279
"MtrElec",5,27,20,"",111.772,0,0,0,0,0,0,0,0,0,0,0,0,0,0,0,0,0,0,0,0,277.754,0,-157.698,-8.28394
"MtrElec",5,27,21,"",118.167,0,0,0,0,0,0,0,0,0,0,0,0,0,0,0,0,0,0,0,0,275.865,0,-157.698,0
"MtrElec",5,27,22,"",133.094,0,0,0,0,0,0,0,0,0,0,0,0,0,0,0,0,0,0,0,0,191.018,0,-57.9237,0
"MtrElec",5,27,23,"",209.261,0,0,0,0,0,0,0,0,0,0,0,0,0,0,0,0,0,0,0,0,209.261,0,0,0
"MtrElec",5,27,24,"",192.362,0,0,0,0,0,0,0,0,0,0,0,0,0,0,0,0,0,0,0,0,192.362,0,0,0
"MtrElec",5,28,1,"",114.581,0,0,0,0,0,0,0,0,0,0,0,0,0,0,0,0,0,0,0,0,114.581,0,0,0
"MtrElec",5,28,2,"",97.3825,0,0,0,0,0,0,0,0,0,0,0,0,0,0,0,0,0,0,0,0,97.3825,0,0,0
"MtrElec",5,28,3,"",89.8154,0,0,0,0,0,0,0,0,0,0,0,0,0,0,0,0,0,0,0,0,89.8154,0,0,0
"MtrElec",5,28,4,"",100.274,0,0,0,0,0,0,0,0,0,0,0,0,0,0,0,0,0,0,0,0,100.274,0,0,0
"MtrElec",5,28,5,"",97.7049,0,0,0,0,0,0,0,0,0,0,0,0,0,0,0,0,0,0,0,0,97.7049,0,0,0
"MtrElec",5,28,6,"",134.297,0,0,0,0,0,0,0,0,0,0,0,0,0,0,0,0,0,0,0,0,134.297,0,0,0
"MtrElec",5,28,7,"",123.365,0,0,0,0,0,0,0,0,0,0,0,0,0,0,0,0,0,0,0,0,144.699,0,0,-21.3342
"MtrElec",5,28,8,"",157.252,0,0,0,0,0,0,0,0,0,0,0,0,0,0,0,0,0,0,0,0,248.866,0,0,-91.6133
"MtrElec",5,28,9,"",8.11631,0,0,0,0,0,0,0,0,0,0,0,0,0,0,0,0,0,0,0,0,213.526,0,0,-205.409
"MtrElec",5,28,10,"",0,0,0,0,0,0,0,0,0,0,0,0,0,0,0,0,0,0,0,0,0,218.833,0,86.6907,-305.523
"MtrElec",5,28,11,"",-14.0897,0,0,0,0,0,0,0,0,0,0,0,0,0,0,0,0,0,0,0,0,202.208,0,157.698,-373.995
"MtrElec",5,28,12,"",-60.0235,0,0,0,0,0,0,0,0,0,0,0,0,0,0,0,0,0,0,0,0,206.937,0,157.698,-424.659
"MtrElec",5,28,13,"",-116.596,0,0,0,0,0,0,0,0,0,0,0,0,0,0,0,0,0,0,0,0,176.203,0,157.698,-450.496
"MtrElec",5,28,14,"",-248.872,0,0,0,0,0,0,0,0,0,0,0,0,0,0,0,0,0,0,0,0,167.172,0,28.6007,-444.645
"MtrElec",5,28,15,"",-241.752,0,0,0,0,0,0,0,0,0,0,0,0,0,0,0,0,0,0,0,0,170.752,0,0,-412.504
"MtrElec",5,28,16,"",-181.13,0,0,0,0,0,0,0,0,0,0,0,0,0,0,0,0,0,0,0,0,173.152,0,0,-354.282
"MtrElec",5,28,17,"",-24.7366,0,0,0,0,0,0,0,0,0,0,0,0,0,0,0,0,0,0,0,0,243.345,0,0,-268.082
"MtrElec",5,28,18,"",100.811,0,0,0,0,0,0,0,0,0,0,0,0,0,0,0,0,0,0,0,0,259.885,0,0,-159.073
"MtrElec",5,28,19,"",79.3542,0,0,0,0,0,0,0,0,0,0,0,0,0,0,0,0,0,0,0,0,290.294,0,-157.698,-53.2421
"MtrElec",5,28,20,"",111.78,0,0,0,0,0,0,0,0,0,0,0,0,0,0,0,0,0,0,0,0,277.983,0,-157.698,-8.50527
"MtrElec",5,28,21,"",108.216,0,0,0,0,0,0,0,0,0,0,0,0,0,0,0,0,0,0,0,0,265.914,0,-157.698,0
"MtrElec",5,28,22,"",156.974,0,0,0,0,0,0,0,0,0,0,0,0,0,0,0,0,0,0,0,0,214.897,0,-57.9237,0
"MtrElec",5,28,23,"",211.765,0,0,0,0,0,0,0,0,0,0,0,0,0,0,0,0,0,0,0,0,211.765,0,0,0
"MtrElec",5,28,24,"",172.281,0,0,0,0,0,0,0,0,0,0,0,0,0,0,0,0,0,0,0,0,172.281,0,0,0
"MtrElec",5,29,1,"",117.894,0,0,0,0,0,0,0,0,0,0,0,0,0,0,0,0,0,0,0,0,117.894,0,0,0
"MtrElec",5,29,2,"",100.318,0,0,0,0,0,0,0,0,0,0,0,0,0,0,0,0,0,0,0,0,100.318,0,0,0
"MtrElec",5,29,3,"",83.8602,0,0,0,0,0,0,0,0,0,0,0,0,0,0,0,0,0,0,0,0,83.8602,0,0,0
"MtrElec",5,29,4,"",104.643,0,0,0,0,0,0,0,0,0,0,0,0,0,0,0,0,0,0,0,0,104.643,0,0,0
"MtrElec",5,29,5,"",95.1895,0,0,0,0,0,0,0,0,0,0,0,0,0,0,0,0,0,0,0,0,95.1895,0,0,0
"MtrElec",5,29,6,"",104.595,0,0,0,0,0,0,0,0,0,0,0,0,0,0,0,0,0,0,0,0,104.595,0,0,0
"MtrElec",5,29,7,"",130.189,0,0,0,0,0,0,0,0,0,0,0,0,0,0,0,0,0,0,0,0,153.718,0,0,-23.5296
"MtrElec",5,29,8,"",136.901,0,0,0,0,0,0,0,0,0,0,0,0,0,0,0,0,0,0,0,0,229.068,0,0,-92.1663
"MtrElec",5,29,9,"",67.4578,0,0,0,0,0,0,0,0,0,0,0,0,0,0,0,0,0,0,0,0,272.736,0,0,-205.278
"MtrElec",5,29,10,"",2.18344,0,0,0,0,0,0,0,0,0,0,0,0,0,0,0,0,0,0,0,0,292.337,0,0,-290.154
"MtrElec",5,29,11,"",0,0,0,0,0,0,0,0,0,0,0,0,0,0,0,0,0,0,0,0,0,288.8,0,72.0545,-360.855
"MtrElec",5,29,12,"",-2.52666,0,0,0,0,0,0,0,0,0,0,0,0,0,0,0,0,0,0,0,0,223.427,0,157.698,-383.652
"MtrElec",5,29,13,"",-50.3651,0,0,0,0,0,0,0,0,0,0,0,0,0,0,0,0,0,0,0,0,245.495,0,157.698,-453.558
"MtrElec",5,29,14,"",-125.057,0,0,0,0,0,0,0,0,0,0,0,0,0,0,0,0,0,0,0,0,170.185,0,157.698,-452.94
"MtrElec",5,29,15,"",-226.419,0,0,0,0,0,0,0,0,0,0,0,0,0,0,0,0,0,0,0,0,144.533,0,43.2368,-414.188
"MtrElec",5,29,16,"",-146.733,0,0,0,0,0,0,0,0,0,0,0,0,0,0,0,0,0,0,0,0,201.486,0,0,-348.219
"MtrElec",5,29,17,"",0.453312,0,0,0,0,0,0,0,0,0,0,0,0,0,0,0,0,0,0,0,0,262.621,0,0,-262.168
"MtrElec",5,29,18,"",82.8647,0,0,0,0,0,0,0,0,0,0,0,0,0,0,0,0,0,0,0,0,240.909,0,0,-158.044
"MtrElec",5,29,19,"",92.8895,0,0,0,0,0,0,0,0,0,0,0,0,0,0,0,0,0,0,0,0,305.289,0,-157.698,-54.7018
"MtrElec",5,29,20,"",127.423,0,0,0,0,0,0,0,0,0,0,0,0,0,0,0,0,0,0,0,0,293.66,0,-157.698,-8.5389
"MtrElec",5,29,21,"",100.264,0,0,0,0,0,0,0,0,0,0,0,0,0,0,0,0,0,0,0,0,257.962,0,-157.698,0
"MtrElec",5,29,22,"",195.117,0,0,0,0,0,0,0,0,0,0,0,0,0,0,0,0,0,0,0,0,253.041,0,-57.9237,0
"MtrElec",5,29,23,"",217.999,0,0,0,0,0,0,0,0,0,0,0,0,0,0,0,0,0,0,0,0,217.999,0,0,0
"MtrElec",5,29,24,"",142.971,0,0,0,0,0,0,0,0,0,0,0,0,0,0,0,0,0,0,0,0,142.971,0,0,0
"MtrElec",5,30,1,"",104.856,0,0,0,0,0,0,0,0,0,0,0,0,0,0,0,0,0,0,0,0,104.856,0,0,0
"MtrElec",5,30,2,"",99.8515,0,0,0,0,0,0,0,0,0,0,0,0,0,0,0,0,0,0,0,0,99.8515,0,0,0
"MtrElec",5,30,3,"",121.665,0,0,0,0,0,0,0,0,0,0,0,0,0,0,0,0,0,0,0,0,121.665,0,0,0
"MtrElec",5,30,4,"",99.8423,0,0,0,0,0,0,0,0,0,0,0,0,0,0,0,0,0,0,0,0,99.8423,0,0,0
"MtrElec",5,30,5,"",101.953,0,0,0,0,0,0,0,0,0,0,0,0,0,0,0,0,0,0,0,0,101.953,0,0,0
"MtrElec",5,30,6,"",85.8293,0,0,0,0,0,0,0,0,0,0,0,0,0,0,0,0,0,0,0,0,85.8293,0,0,0
"MtrElec",5,30,7,"",125.459,0,0,0,0,0,0,0,0,0,0,0,0,0,0,0,0,0,0,0,0,145.194,0,0,-19.7347
"MtrElec",5,30,8,"",98.0875,0,0,0,0,0,0,0,0,0,0,0,0,0,0,0,0,0,0,0,0,151.468,0,0,-53.3808
"MtrElec",5,30,9,"",195.589,0,0,0,0,0,0,0,0,0,0,0,0,0,0,0,0,0,0,0,0,258.457,0,0,-62.8677
"MtrElec",5,30,10,"",77.1873,0,0,0,0,0,0,0,0,0,0,0,0,0,0,0,0,0,0,0,0,281.155,0,0,-203.968
"MtrElec",5,30,11,"",0,0,0,0,0,0,0,0,0,0,0,0,0,0,0,0,0,0,0,0,0,224.628,0,96.5544,-321.182
"MtrElec",5,30,12,"",0.0000156,0,0,0,0,0,0,0,0,0,0,0,0,0,0,0,0,0,0,0,0,283.198,0,149.671,-432.87
"MtrElec",5,30,13,"",-2.87525,0,0,0,0,0,0,0,0,0,0,0,0,0,0,0,0,0,0,0,0,282.698,0,157.698,-443.271
"MtrElec",5,30,14,"",-57.5226,0,0,0,0,0,0,0,0,0,0,0,0,0,0,0,0,0,0,0,0,225.694,0,157.698,-440.914
"MtrElec",5,30,15,"",-150.403,0,0,0,0,0,0,0,0,0,0,0,0,0,0,0,0,0,0,0,0,239.277,0,26.7635,-416.443
"MtrElec",5,30,16,"",-190.322,0,0,0,0,0,0,0,0,0,0,0,0,0,0,0,0,0,0,0,0,165.824,0,0,-356.147
"MtrElec",5,30,17,"",-66.2584,0,0,0,0,0,0,0,0,0,0,0,0,0,0,0,0,0,0,0,0,194.886,0,0,-261.145
"MtrElec",5,30,18,"",110.91,0,0,0,0,0,0,0,0,0,0,0,0,0,0,0,0,0,0,0,0,261.191,0,0,-150.28
"MtrElec",5,30,19,"",114.298,0,0,0,0,0,0,0,0,0,0,0,0,0,0,0,0,0,0,0,0,325.078,0,-157.698,-53.0821
"MtrElec",5,30,20,"",108.935,0,0,0,0,0,0,0,0,0,0,0,0,0,0,0,0,0,0,0,0,275.926,0,-157.698,-9.29256
"MtrElec",5,30,21,"",89.5689,0,0,0,0,0,0,0,0,0,0,0,0,0,0,0,0,0,0,0,0,247.267,0,-157.698,0
"MtrElec",5,30,22,"",214.079,0,0,0,0,0,0,0,0,0,0,0,0,0,0,0,0,0,0,0,0,272.003,0,-57.9237,0
"MtrElec",5,30,23,"",176.406,0,0,0,0,0,0,0,0,0,0,0,0,0,0,0,0,0,0,0,0,176.406,0,0,0
"MtrElec",5,30,24,"",138.207,0,0,0,0,0,0,0,0,0,0,0,0,0,0,0,0,0,0,0,0,138.207,0,0,0
"MtrElec",5,31,1,"",92.587,0,0,0,0,0,0,0,0,0,0,0,0,0,0,0,0,0,0,0,0,92.587,0,0,0
"MtrElec",5,31,2,"",98.0417,0,0,0,0,0,0,0,0,0,0,0,0,0,0,0,0,0,0,0,0,98.0417,0,0,0
"MtrElec",5,31,3,"",132.01,0,0,0,0,0,0,0,0,0,0,0,0,0,0,0,0,0,0,0,0,132.01,0,0,0
"MtrElec",5,31,4,"",86.3544,0,0,0,0,0,0,0,0,0,0,0,0,0,0,0,0,0,0,0,0,86.3544,0,0,0
"MtrElec",5,31,5,"",117.828,0,0,0,0,0,0,0,0,0,0,0,0,0,0,0,0,0,0,0,0,117.828,0,0,0
"MtrElec",5,31,6,"",99.7157,0,0,0,0,0,0,0,0,0,0,0,0,0,0,0,0,0,0,0,0,99.7157,0,0,0
"MtrElec",5,31,7,"",128.873,0,0,0,0,0,0,0,0,0,0,0,0,0,0,0,0,0,0,0,0,128.873,0,0,0
"MtrElec",5,31,8,"",133.527,0,0,0,0,0,0,0,0,0,0,0,0,0,0,0,0,0,0,0,0,141.003,0,0,-7.47519
"MtrElec",5,31,9,"",182.411,0,0,0,0,0,0,0,0,0,0,0,0,0,0,0,0,0,0,0,0,240.361,0,0,-57.9499
"MtrElec",5,31,10,"",128.401,0,0,0,0,0,0,0,0,0,0,0,0,0,0,0,0,0,0,0,0,229.629,0,0,-101.228
"MtrElec",5,31,11,"",59.8377,0,0,0,0,0,0,0,0,0,0,0,0,0,0,0,0,0,0,0,0,286.534,0,0,-226.696
"MtrElec",5,31,12,"",0.0000039,0,0,0,0,0,0,0,0,0,0,0,0,0,0,0,0,0,0,0,0,258.073,0,42.1818,-300.255
"MtrElec",5,31,13,"",0,0,0,0,0,0,0,0,0,0,0,0,0,0,0,0,0,0,0,0,0,253.231,0,109.239,-362.47
"MtrElec",5,31,14,"",0.0000156,0,0,0,0,0,0,0,0,0,0,0,0,0,0,0,0,0,0,0,0,216.04,0,131.367,-347.406
"MtrElec",5,31,15,"",0,0,0,0,0,0,0,0,0,0,0,0,0,0,0,0,0,0,0,0,0,205.317,0,29.1682,-234.485
"MtrElec",5,31,16,"",14.7183,0,0,0,0,0,0,0,0,0,0,0,0,0,0,0,0,0,0,0,0,187.692,0,0,-172.974
"MtrElec",5,31,17,"",33.118,0,0,0,0,0,0,0,0,0,0,0,0,0,0,0,0,0,0,0,0,152.303,0,0,-119.185
"MtrElec",5,31,18,"",187.067,0,0,0,0,0,0,0,0,0,0,0,0,0,0,0,0,0,0,0,0,224.715,0,0,-37.6488
"MtrElec",5,31,19,"",110.357,0,0,0,0,0,0,0,0,0,0,0,0,0,0,0,0,0,0,0,0,276.744,0,-157.698,-8.68856
"MtrElec",5,31,20,"",138.192,0,0,0,0,0,0,0,0,0,0,0,0,0,0,0,0,0,0,0,0,262.034,0,-123.842,0
"MtrElec",5,31,21,"",225.144,0,0,0,0,0,0,0,0,0,0,0,0,0,0,0,0,0,0,0,0,225.144,0,0,0
"MtrElec",5,31,22,"",203.671,0,0,0,0,0,0,0,0,0,0,0,0,0,0,0,0,0,0,0,0,203.671,0,0,0
"MtrElec",5,31,23,"",178.302,0,0,0,0,0,0,0,0,0,0,0,0,0,0,0,0,0,0,0,0,178.302,0,0,0
"MtrElec",5,31,24,"",136.097,0,0,0,0,0,0,0,0,0,0,0,0,0,0,0,0,0,0,0,0,136.097,0,0,0
"MtrElec",6,1,1,"",109.529,0,0,0,0,0,0,0,0,0,0,0,0,0,0,0,0,0,0,0,0,109.529,0,0,0
"MtrElec",6,1,2,"",98.5661,0,0,0,0,0,0,0,0,0,0,0,0,0,0,0,0,0,0,0,0,98.5661,0,0,0
"MtrElec",6,1,3,"",88.0963,0,0,0,0,0,0,0,0,0,0,0,0,0,0,0,0,0,0,0,0,88.0963,0,0,0
"MtrElec",6,1,4,"",102.292,0,0,0,0,0,0,0,0,0,0,0,0,0,0,0,0,0,0,0,0,102.292,0,0,0
"MtrElec",6,1,5,"",138.138,0,0,0,0,0,0,0,0,0,0,0,0,0,0,0,0,0,0,0,0,138.138,0,0,0
"MtrElec",6,1,6,"",87.0515,0,0,0,0,0,0,0,0,0,0,0,0,0,0,0,0,0,0,0,0,87.0515,0,0,0
"MtrElec",6,1,7,"",148.247,0,0,0,0,0,0,0,0,0,0,0,0,0,0,0,0,0,0,0,0,167.838,0,0,-19.5917
"MtrElec",6,1,8,"",156.749,0,0,0,0,0,0,0,0,0,0,0,0,0,0,0,0,0,0,0,0,242.01,0,0,-85.261
"MtrElec",6,1,9,"",22.3969,0,0,0,0,0,0,0,0,0,0,0,0,0,0,0,0,0,0,0,0,217.273,0,0,-194.877
"MtrElec",6,1,10,"",0.0000078,0,0,0,0,0,0,0,0,0,0,0,0,0,0,0,0,0,0,0,0,183.061,0,91.8003,-274.862
"MtrElec",6,1,11,"",0.0000078,0,0,0,0,0,0,0,0,0,0,0,0,0,0,0,0,0,0,0,0,215.784,0,119.869,-335.653
"MtrElec",6,1,12,"",-21.9603,0,0,0,0,0,0,0,0,0,0,0,0,0,0,0,0,0,0,0,0,201.269,0,157.698,-380.927
"MtrElec",6,1,13,"",-61.0686,0,0,0,0,0,0,0,0,0,0,0,0,0,0,0,0,0,0,0,0,215.38,0,157.698,-434.147
"MtrElec",6,1,14,"",-206.113,0,0,0,0,0,0,0,0,0,0,0,0,0,0,0,0,0,0,0,0,165.362,0,61.3199,-432.795
"MtrElec",6,1,15,"",-172.64,0,0,0,0,0,0,0,0,0,0,0,0,0,0,0,0,0,0,0,0,230.354,0,0,-402.993
"MtrElec",6,1,16,"",-107.691,0,0,0,0,0,0,0,0,0,0,0,0,0,0,0,0,0,0,0,0,239.348,0,0,-347.039
"MtrElec",6,1,17,"",42.1304,0,0,0,0,0,0,0,0,0,0,0,0,0,0,0,0,0,0,0,0,298.232,0,0,-256.101
"MtrElec",6,1,18,"",166.777,0,0,0,0,0,0,0,0,0,0,0,0,0,0,0,0,0,0,0,0,299.915,0,0,-133.138
"MtrElec",6,1,19,"",104.345,0,0,0,0,0,0,0,0,0,0,0,0,0,0,0,0,0,0,0,0,314.244,0,-157.698,-52.2009
"MtrElec",6,1,20,"",122.854,0,0,0,0,0,0,0,0,0,0,0,0,0,0,0,0,0,0,0,0,289.305,0,-157.698,-8.75324
"MtrElec",6,1,21,"",86.0213,0,0,0,0,0,0,0,0,0,0,0,0,0,0,0,0,0,0,0,0,243.719,0,-157.698,0
"MtrElec",6,1,22,"",166.427,0,0,0,0,0,0,0,0,0,0,0,0,0,0,0,0,0,0,0,0,224.351,0,-57.9237,0
"MtrElec",6,1,23,"",226.127,0,0,0,0,0,0,0,0,0,0,0,0,0,0,0,0,0,0,0,0,226.127,0,0,0
"MtrElec",6,1,24,"",131.195,0,0,0,0,0,0,0,0,0,0,0,0,0,0,0,0,0,0,0,0,131.195,0,0,0
"MtrElec",6,2,1,"",168.033,0,0,0,0,0,0,0,0,0,0,0,0,0,0,0,0,0,0,0,0,168.033,0,0,0
"MtrElec",6,2,2,"",102.115,0,0,0,0,0,0,0,0,0,0,0,0,0,0,0,0,0,0,0,0,102.115,0,0,0
"MtrElec",6,2,3,"",83.2866,0,0,0,0,0,0,0,0,0,0,0,0,0,0,0,0,0,0,0,0,83.2866,0,0,0
"MtrElec",6,2,4,"",96.9126,0,0,0,0,0,0,0,0,0,0,0,0,0,0,0,0,0,0,0,0,96.9126,0,0,0
"MtrElec",6,2,5,"",94.9667,0,0,0,0,0,0,0,0,0,0,0,0,0,0,0,0,0,0,0,0,94.9667,0,0,0
"MtrElec",6,2,6,"",94.8807,0,0,0,0,0,0,0,0,0,0,0,0,0,0,0,0,0,0,0,0,94.8807,0,0,0
"MtrElec",6,2,7,"",154.494,0,0,0,0,0,0,0,0,0,0,0,0,0,0,0,0,0,0,0,0,176.558,0,0,-22.0638
"MtrElec",6,2,8,"",143.28,0,0,0,0,0,0,0,0,0,0,0,0,0,0,0,0,0,0,0,0,232.105,0,0,-88.8251
"MtrElec",6,2,9,"",39.2235,0,0,0,0,0,0,0,0,0,0,0,0,0,0,0,0,0,0,0,0,238.539,0,0,-199.315
"MtrElec",6,2,10,"",0,0,0,0,0,0,0,0,0,0,0,0,0,0,0,0,0,0,0,0,0,259.895,0,41.5237,-301.419
"MtrElec",6,2,11,"",0,0,0,0,0,0,0,0,0,0,0,0,0,0,0,0,0,0,0,0,0,289.461,0,89.5854,-379.046
"MtrElec",6,2,12,"",-23.8743,0,0,0,0,0,0,0,0,0,0,0,0,0,0,0,0,0,0,0,0,245.102,0,157.698,-426.674
"MtrElec",6,2,13,"",-34.2299,0,0,0,0,0,0,0,0,0,0,0,0,0,0,0,0,0,0,0,0,253.742,0,157.698,-445.67
"MtrElec",6,2,14,"",-109.138,0,0,0,0,0,0,0,0,0,0,0,0,0,0,0,0,0,0,0,0,192.254,0,141.88,-443.272
"MtrElec",6,2,15,"",-202.613,0,0,0,0,0,0,0,0,0,0,0,0,0,0,0,0,0,0,0,0,213.186,0,0,-415.799
"MtrElec",6,2,16,"",-163.609,0,0,0,0,0,0,0,0,0,0,0,0,0,0,0,0,0,0,0,0,194.884,0,0,-358.493
"MtrElec",6,2,17,"",-8.87425,0,0,0,0,0,0,0,0,0,0,0,0,0,0,0,0,0,0,0,0,266.293,0,0,-275.167
"MtrElec",6,2,18,"",105.22,0,0,0,0,0,0,0,0,0,0,0,0,0,0,0,0,0,0,0,0,272.742,0,0,-167.522
"MtrElec",6,2,19,"",87.84,0,0,0,0,0,0,0,0,0,0,0,0,0,0,0,0,0,0,0,0,300.037,0,-157.698,-54.4993
"MtrElec",6,2,20,"",129.173,0,0,0,0,0,0,0,0,0,0,0,0,0,0,0,0,0,0,0,0,295.271,0,-157.698,-8.39924
"MtrElec",6,2,21,"",149.405,0,0,0,0,0,0,0,0,0,0,0,0,0,0,0,0,0,0,0,0,307.103,0,-157.698,0
"MtrElec",6,2,22,"",150.979,0,0,0,0,0,0,0,0,0,0,0,0,0,0,0,0,0,0,0,0,208.903,0,-57.9237,0
"MtrElec",6,2,23,"",201.797,0,0,0,0,0,0,0,0,0,0,0,0,0,0,0,0,0,0,0,0,201.797,0,0,0
"MtrElec",6,2,24,"",150.861,0,0,0,0,0,0,0,0,0,0,0,0,0,0,0,0,0,0,0,0,150.861,0,0,0
"MtrElec",6,3,1,"",107.214,0,0,0,0,0,0,0,0,0,0,0,0,0,0,0,0,0,0,0,0,107.214,0,0,0
"MtrElec",6,3,2,"",100.608,0,0,0,0,0,0,0,0,0,0,0,0,0,0,0,0,0,0,0,0,100.608,0,0,0
"MtrElec",6,3,3,"",85.916,0,0,0,0,0,0,0,0,0,0,0,0,0,0,0,0,0,0,0,0,85.916,0,0,0
"MtrElec",6,3,4,"",99.9177,0,0,0,0,0,0,0,0,0,0,0,0,0,0,0,0,0,0,0,0,99.9177,0,0,0
"MtrElec",6,3,5,"",99.209,0,0,0,0,0,0,0,0,0,0,0,0,0,0,0,0,0,0,0,0,99.209,0,0,0
"MtrElec",6,3,6,"",98.8575,0,0,0,0,0,0,0,0,0,0,0,0,0,0,0,0,0,0,0,0,98.8575,0,0,0
"MtrElec",6,3,7,"",113.504,0,0,0,0,0,0,0,0,0,0,0,0,0,0,0,0,0,0,0,0,148.554,0,0,-35.0505
"MtrElec",6,3,8,"",137.986,0,0,0,0,0,0,0,0,0,0,0,0,0,0,0,0,0,0,0,0,231.746,0,0,-93.7595
"MtrElec",6,3,9,"",174.184,0,0,0,0,0,0,0,0,0,0,0,0,0,0,0,0,0,0,0,0,220.204,0,0,-46.0205
"MtrElec",6,3,10,"",39.9047,0,0,0,0,0,0,0,0,0,0,0,0,0,0,0,0,0,0,0,0,219.384,0,0,-179.479
"MtrElec",6,3,11,"",0,0,0,0,0,0,0,0,0,0,0,0,0,0,0,0,0,0,0,0,0,226.934,0,137.367,-364.301
"MtrElec",6,3,12,"",-77.3794,0,0,0,0,0,0,0,0,0,0,0,0,0,0,0,0,0,0,0,0,188.535,0,157.698,-423.612
"MtrElec",6,3,13,"",-55.4811,0,0,0,0,0,0,0,0,0,0,0,0,0,0,0,0,0,0,0,0,234.151,0,157.698,-447.33
"MtrElec",6,3,14,"",-178.697,0,0,0,0,0,0,0,0,0,0,0,0,0,0,0,0,0,0,0,0,136.696,0,135.622,-451.015
"MtrElec",6,3,15,"",-247.425,0,0,0,0,0,0,0,0,0,0,0,0,0,0,0,0,0,0,0,0,168.921,0,0,-416.346
"MtrElec",6,3,16,"",-161.882,0,0,0,0,0,0,0,0,0,0,0,0,0,0,0,0,0,0,0,0,194.965,0,0,-356.847
"MtrElec",6,3,17,"",-64.2261,0,0,0,0,0,0,0,0,0,0,0,0,0,0,0,0,0,0,0,0,210.656,0,0,-274.882
"MtrElec",6,3,18,"",99.3349,0,0,0,0,0,0,0,0,0,0,0,0,0,0,0,0,0,0,0,0,267.432,0,0,-168.097
"MtrElec",6,3,19,"",82.4227,0,0,0,0,0,0,0,0,0,0,0,0,0,0,0,0,0,0,0,0,294.861,0,-157.698,-54.7401
"MtrElec",6,3,20,"",114.306,0,0,0,0,0,0,0,0,0,0,0,0,0,0,0,0,0,0,0,0,280.35,0,-157.698,-8.34564
"MtrElec",6,3,21,"",118.541,0,0,0,0,0,0,0,0,0,0,0,0,0,0,0,0,0,0,0,0,276.239,0,-157.698,0
"MtrElec",6,3,22,"",159.127,0,0,0,0,0,0,0,0,0,0,0,0,0,0,0,0,0,0,0,0,217.051,0,-57.9237,0
"MtrElec",6,3,23,"",220.006,0,0,0,0,0,0,0,0,0,0,0,0,0,0,0,0,0,0,0,0,220.006,0,0,0
"MtrElec",6,3,24,"",157.668,0,0,0,0,0,0,0,0,0,0,0,0,0,0,0,0,0,0,0,0,157.668,0,0,0
"MtrElec",6,4,1,"",100.268,0,0,0,0,0,0,0,0,0,0,0,0,0,0,0,0,0,0,0,0,100.268,0,0,0
"MtrElec",6,4,2,"",98.8569,0,0,0,0,0,0,0,0,0,0,0,0,0,0,0,0,0,0,0,0,98.8569,0,0,0
"MtrElec",6,4,3,"",122.342,0,0,0,0,0,0,0,0,0,0,0,0,0,0,0,0,0,0,0,0,122.342,0,0,0
"MtrElec",6,4,4,"",96.2186,0,0,0,0,0,0,0,0,0,0,0,0,0,0,0,0,0,0,0,0,96.2186,0,0,0
"MtrElec",6,4,5,"",94.8677,0,0,0,0,0,0,0,0,0,0,0,0,0,0,0,0,0,0,0,0,94.8677,0,0,0
"MtrElec",6,4,6,"",87.5415,0,0,0,0,0,0,0,0,0,0,0,0,0,0,0,0,0,0,0,0,87.5415,0,0,0
"MtrElec",6,4,7,"",178.108,0,0,0,0,0,0,0,0,0,0,0,0,0,0,0,0,0,0,0,0,200.148,0,0,-22.04
"MtrElec",6,4,8,"",107.095,0,0,0,0,0,0,0,0,0,0,0,0,0,0,0,0,0,0,0,0,179.882,0,0,-72.7872
"MtrElec",6,4,9,"",184.148,0,0,0,0,0,0,0,0,0,0,0,0,0,0,0,0,0,0,0,0,211.362,0,0,-27.214
"MtrElec",6,4,10,"",164.354,0,0,0,0,0,0,0,0,0,0,0,0,0,0,0,0,0,0,0,0,213.342,0,0,-48.9881
"MtrElec",6,4,11,"",85.9537,0,0,0,0,0,0,0,0,0,0,0,0,0,0,0,0,0,0,0,0,190.268,0,0,-104.314
"MtrElec",6,4,12,"",-67.577,0,0,0,0,0,0,0,0,0,0,0,0,0,0,0,0,0,0,0,0,158.675,0,157.698,-383.95
"MtrElec",6,4,13,"",-82.9177,0,0,0,0,0,0,0,0,0,0,0,0,0,0,0,0,0,0,0,0,224.324,0,157.698,-464.939
"MtrElec",6,4,14,"",-145.762,0,0,0,0,0,0,0,0,0,0,0,0,0,0,0,0,0,0,0,0,150.187,0,157.698,-453.647
"MtrElec",6,4,15,"",-174.173,0,0,0,0,0,0,0,0,0,0,0,0,0,0,0,0,0,0,0,0,130.804,0,115.291,-420.269
"MtrElec",6,4,16,"",-181.132,0,0,0,0,0,0,0,0,0,0,0,0,0,0,0,0,0,0,0,0,179.884,0,0,-361.015
"MtrElec",6,4,17,"",-69.9724,0,0,0,0,0,0,0,0,0,0,0,0,0,0,0,0,0,0,0,0,206.586,0,0,-276.558
"MtrElec",6,4,18,"",77.7771,0,0,0,0,0,0,0,0,0,0,0,0,0,0,0,0,0,0,0,0,246.57,0,0,-168.793
"MtrElec",6,4,19,"",84.9216,0,0,0,0,0,0,0,0,0,0,0,0,0,0,0,0,0,0,0,0,298.31,0,-157.698,-55.6902
"MtrElec",6,4,20,"",116.284,0,0,0,0,0,0,0,0,0,0,0,0,0,0,0,0,0,0,0,0,283.122,0,-157.698,-9.13934
"MtrElec",6,4,21,"",120.127,0,0,0,0,0,0,0,0,0,0,0,0,0,0,0,0,0,0,0,0,277.825,0,-157.698,0
"MtrElec",6,4,22,"",152.947,0,0,0,0,0,0,0,0,0,0,0,0,0,0,0,0,0,0,0,0,210.871,0,-57.9237,0
"MtrElec",6,4,23,"",221.793,0,0,0,0,0,0,0,0,0,0,0,0,0,0,0,0,0,0,0,0,221.793,0,0,0
"MtrElec",6,4,24,"",136.311,0,0,0,0,0,0,0,0,0,0,0,0,0,0,0,0,0,0,0,0,136.311,0,0,0
"MtrElec",6,5,1,"",98.9254,0,0,0,0,0,0,0,0,0,0,0,0,0,0,0,0,0,0,0,0,98.9254,0,0,0
"MtrElec",6,5,2,"",100.246,0,0,0,0,0,0,0,0,0,0,0,0,0,0,0,0,0,0,0,0,100.246,0,0,0
"MtrElec",6,5,3,"",124.597,0,0,0,0,0,0,0,0,0,0,0,0,0,0,0,0,0,0,0,0,124.597,0,0,0
"MtrElec",6,5,4,"",89.8935,0,0,0,0,0,0,0,0,0,0,0,0,0,0,0,0,0,0,0,0,89.8935,0,0,0
"MtrElec",6,5,5,"",94.9431,0,0,0,0,0,0,0,0,0,0,0,0,0,0,0,0,0,0,0,0,94.9431,0,0,0
"MtrElec",6,5,6,"",91.1222,0,0,0,0,0,0,0,0,0,0,0,0,0,0,0,0,0,0,0,0,91.1222,0,0,0
"MtrElec",6,5,7,"",146.404,0,0,0,0,0,0,0,0,0,0,0,0,0,0,0,0,0,0,0,0,182.41,0,0,-36.0058
"MtrElec",6,5,8,"",144.212,0,0,0,0,0,0,0,0,0,0,0,0,0,0,0,0,0,0,0,0,242.629,0,0,-98.4171
"MtrElec",6,5,9,"",171.839,0,0,0,0,0,0,0,0,0,0,0,0,0,0,0,0,0,0,0,0,210.834,0,0,-38.9948
"MtrElec",6,5,10,"",157.485,0,0,0,0,0,0,0,0,0,0,0,0,0,0,0,0,0,0,0,0,224.845,0,0,-67.3597
"MtrElec",6,5,11,"",31.2084,0,0,0,0,0,0,0,0,0,0,0,0,0,0,0,0,0,0,0,0,176.798,0,0,-145.59
"MtrElec",6,5,12,"",-60.4027,0,0,0,0,0,0,0,0,0,0,0,0,0,0,0,0,0,0,0,0,178.265,0,157.698,-396.366
"MtrElec",6,5,13,"",-135.469,0,0,0,0,0,0,0,0,0,0,0,0,0,0,0,0,0,0,0,0,155.871,0,157.698,-449.038
"MtrElec",6,5,14,"",-168.268,0,0,0,0,0,0,0,0,0,0,0,0,0,0,0,0,0,0,0,0,120.719,0,157.698,-446.686
"MtrElec",6,5,15,"",-128.266,0,0,0,0,0,0,0,0,0,0,0,0,0,0,0,0,0,0,0,0,170.284,0,115.291,-413.841
"MtrElec",6,5,16,"",-147.394,0,0,0,0,0,0,0,0,0,0,0,0,0,0,0,0,0,0,0,0,206.54,0,0,-353.934
"MtrElec",6,5,17,"",-14.3992,0,0,0,0,0,0,0,0,0,0,0,0,0,0,0,0,0,0,0,0,257.018,0,0,-271.417
"MtrElec",6,5,18,"",102.439,0,0,0,0,0,0,0,0,0,0,0,0,0,0,0,0,0,0,0,0,268.373,0,0,-165.934
"MtrElec",6,5,19,"",82.9125,0,0,0,0,0,0,0,0,0,0,0,0,0,0,0,0,0,0,0,0,296.136,0,-157.698,-55.5254
"MtrElec",6,5,20,"",101.07,0,0,0,0,0,0,0,0,0,0,0,0,0,0,0,0,0,0,0,0,268.034,0,-157.698,-9.26612
"MtrElec",6,5,21,"",125.629,0,0,0,0,0,0,0,0,0,0,0,0,0,0,0,0,0,0,0,0,283.327,0,-157.698,0
"MtrElec",6,5,22,"",166.903,0,0,0,0,0,0,0,0,0,0,0,0,0,0,0,0,0,0,0,0,224.827,0,-57.9237,0
"MtrElec",6,5,23,"",221.208,0,0,0,0,0,0,0,0,0,0,0,0,0,0,0,0,0,0,0,0,221.208,0,0,0
"MtrElec",6,5,24,"",154.691,0,0,0,0,0,0,0,0,0,0,0,0,0,0,0,0,0,0,0,0,154.691,0,0,0
"MtrElec",6,6,1,"",95.7522,0,0,0,0,0,0,0,0,0,0,0,0,0,0,0,0,0,0,0,0,95.7522,0,0,0
"MtrElec",6,6,2,"",98.6644,0,0,0,0,0,0,0,0,0,0,0,0,0,0,0,0,0,0,0,0,98.6644,0,0,0
"MtrElec",6,6,3,"",99.3588,0,0,0,0,0,0,0,0,0,0,0,0,0,0,0,0,0,0,0,0,99.3588,0,0,0
"MtrElec",6,6,4,"",121.292,0,0,0,0,0,0,0,0,0,0,0,0,0,0,0,0,0,0,0,0,121.292,0,0,0
"MtrElec",6,6,5,"",101.348,0,0,0,0,0,0,0,0,0,0,0,0,0,0,0,0,0,0,0,0,101.348,0,0,0
"MtrElec",6,6,6,"",97.823,0,0,0,0,0,0,0,0,0,0,0,0,0,0,0,0,0,0,0,0,97.823,0,0,0
"MtrElec",6,6,7,"",103.037,0,0,0,0,0,0,0,0,0,0,0,0,0,0,0,0,0,0,0,0,112.366,0,0,-9.32868
"MtrElec",6,6,8,"",133.439,0,0,0,0,0,0,0,0,0,0,0,0,0,0,0,0,0,0,0,0,166.62,0,0,-33.181
"MtrElec",6,6,9,"",120.242,0,0,0,0,0,0,0,0,0,0,0,0,0,0,0,0,0,0,0,0,221.147,0,0,-100.905
"MtrElec",6,6,10,"",0.923563,0,0,0,0,0,0,0,0,0,0,0,0,0,0,0,0,0,0,0,0,286.013,0,0,-285.089
"MtrElec",6,6,11,"",0,0,0,0,0,0,0,0,0,0,0,0,0,0,0,0,0,0,0,0,0,271.869,0,111.363,-383.232
"MtrElec",6,6,12,"",0,0,0,0,0,0,0,0,0,0,0,0,0,0,0,0,0,0,0,0,0,280.506,0,154.011,-434.517
"MtrElec",6,6,13,"",-36.032,0,0,0,0,0,0,0,0,0,0,0,0,0,0,0,0,0,0,0,0,260.238,0,157.698,-453.968
"MtrElec",6,6,14,"",-76.3675,0,0,0,0,0,0,0,0,0,0,0,0,0,0,0,0,0,0,0,0,213.166,0,157.698,-447.231
"MtrElec",6,6,15,"",-188.103,0,0,0,0,0,0,0,0,0,0,0,0,0,0,0,0,0,0,0,0,219.609,0,7.61482,-415.327
"MtrElec",6,6,16,"",-159.736,0,0,0,0,0,0,0,0,0,0,0,0,0,0,0,0,0,0,0,0,197.59,0,0,-357.325
"MtrElec",6,6,17,"",-63.7345,0,0,0,0,0,0,0,0,0,0,0,0,0,0,0,0,0,0,0,0,207.625,0,0,-271.359
"MtrElec",6,6,18,"",92.8247,0,0,0,0,0,0,0,0,0,0,0,0,0,0,0,0,0,0,0,0,256.323,0,0,-163.498
"MtrElec",6,6,19,"",120.68,0,0,0,0,0,0,0,0,0,0,0,0,0,0,0,0,0,0,0,0,335.06,0,-157.698,-56.681
"MtrElec",6,6,20,"",90.7061,0,0,0,0,0,0,0,0,0,0,0,0,0,0,0,0,0,0,0,0,258.039,0,-157.698,-9.63456
"MtrElec",6,6,21,"",80.7185,0,0,0,0,0,0,0,0,0,0,0,0,0,0,0,0,0,0,0,0,238.416,0,-157.698,0
"MtrElec",6,6,22,"",196.871,0,0,0,0,0,0,0,0,0,0,0,0,0,0,0,0,0,0,0,0,254.795,0,-57.9237,0
"MtrElec",6,6,23,"",175.731,0,0,0,0,0,0,0,0,0,0,0,0,0,0,0,0,0,0,0,0,175.731,0,0,0
"MtrElec",6,6,24,"",166.023,0,0,0,0,0,0,0,0,0,0,0,0,0,0,0,0,0,0,0,0,166.023,0,0,0
"MtrElec",6,7,1,"",94.1594,0,0,0,0,0,0,0,0,0,0,0,0,0,0,0,0,0,0,0,0,94.1594,0,0,0
"MtrElec",6,7,2,"",98.515,0,0,0,0,0,0,0,0,0,0,0,0,0,0,0,0,0,0,0,0,98.515,0,0,0
"MtrElec",6,7,3,"",96.872,0,0,0,0,0,0,0,0,0,0,0,0,0,0,0,0,0,0,0,0,96.872,0,0,0
"MtrElec",6,7,4,"",84.9899,0,0,0,0,0,0,0,0,0,0,0,0,0,0,0,0,0,0,0,0,84.9899,0,0,0
"MtrElec",6,7,5,"",151.78,0,0,0,0,0,0,0,0,0,0,0,0,0,0,0,0,0,0,0,0,151.78,0,0,0
"MtrElec",6,7,6,"",97.6978,0,0,0,0,0,0,0,0,0,0,0,0,0,0,0,0,0,0,0,0,97.6978,0,0,0
"MtrElec",6,7,7,"",63.0561,0,0,0,0,0,0,0,0,0,0,0,0,0,0,0,0,0,0,0,0,93.1565,0,0,-30.1004
"MtrElec",6,7,8,"",129.324,0,0,0,0,0,0,0,0,0,0,0,0,0,0,0,0,0,0,0,0,167.376,0,0,-38.052
"MtrElec",6,7,9,"",145.733,0,0,0,0,0,0,0,0,0,0,0,0,0,0,0,0,0,0,0,0,211.177,0,0,-65.4439
"MtrElec",6,7,10,"",81.5674,0,0,0,0,0,0,0,0,0,0,0,0,0,0,0,0,0,0,0,0,280.179,0,0,-198.611
"MtrElec",6,7,11,"",0,0,0,0,0,0,0,0,0,0,0,0,0,0,0,0,0,0,0,0,0,245.956,0,131.921,-377.877
"MtrElec",6,7,12,"",-14.7247,0,0,0,0,0,0,0,0,0,0,0,0,0,0,0,0,0,0,0,0,252.73,0,157.698,-425.152
"MtrElec",6,7,13,"",-53.3078,0,0,0,0,0,0,0,0,0,0,0,0,0,0,0,0,0,0,0,0,236.787,0,157.698,-447.793
"MtrElec",6,7,14,"",-87.9331,0,0,0,0,0,0,0,0,0,0,0,0,0,0,0,0,0,0,0,0,210.365,0,141.068,-439.366
"MtrElec",6,7,15,"",-170.228,0,0,0,0,0,0,0,0,0,0,0,0,0,0,0,0,0,0,0,0,240.638,0,0,-410.866
"MtrElec",6,7,16,"",-132.914,0,0,0,0,0,0,0,0,0,0,0,0,0,0,0,0,0,0,0,0,217.744,0,0,-350.658
"MtrElec",6,7,17,"",-36.005,0,0,0,0,0,0,0,0,0,0,0,0,0,0,0,0,0,0,0,0,229.274,0,0,-265.279
"MtrElec",6,7,18,"",139.073,0,0,0,0,0,0,0,0,0,0,0,0,0,0,0,0,0,0,0,0,299.694,0,0,-160.622
"MtrElec",6,7,19,"",138.328,0,0,0,0,0,0,0,0,0,0,0,0,0,0,0,0,0,0,0,0,352.549,0,-157.698,-56.5234
"MtrElec",6,7,20,"",123.211,0,0,0,0,0,0,0,0,0,0,0,0,0,0,0,0,0,0,0,0,290.879,0,-157.698,-9.96954
"MtrElec",6,7,21,"",88.6155,0,0,0,0,0,0,0,0,0,0,0,0,0,0,0,0,0,0,0,0,246.314,0,-157.698,0
"MtrElec",6,7,22,"",166.955,0,0,0,0,0,0,0,0,0,0,0,0,0,0,0,0,0,0,0,0,224.879,0,-57.9237,0
"MtrElec",6,7,23,"",177.807,0,0,0,0,0,0,0,0,0,0,0,0,0,0,0,0,0,0,0,0,177.807,0,0,0
"MtrElec",6,7,24,"",147.59,0,0,0,0,0,0,0,0,0,0,0,0,0,0,0,0,0,0,0,0,147.59,0,0,0
"MtrElec",6,8,1,"",112.134,0,0,0,0,0,0,0,0,0,0,0,0,0,0,0,0,0,0,0,0,112.134,0,0,0
"MtrElec",6,8,2,"",102.51,0,0,0,0,0,0,0,0,0,0,0,0,0,0,0,0,0,0,0,0,102.51,0,0,0
"MtrElec",6,8,3,"",88.2164,0,0,0,0,0,0,0,0,0,0,0,0,0,0,0,0,0,0,0,0,88.2164,0,0,0
"MtrElec",6,8,4,"",91.0976,0,0,0,0,0,0,0,0,0,0,0,0,0,0,0,0,0,0,0,0,91.0976,0,0,0
"MtrElec",6,8,5,"",125.228,0,0,0,0,0,0,0,0,0,0,0,0,0,0,0,0,0,0,0,0,125.228,0,0,0
"MtrElec",6,8,6,"",94.2518,0,0,0,0,0,0,0,0,0,0,0,0,0,0,0,0,0,0,0,0,94.2518,0,0,0
"MtrElec",6,8,7,"",115.468,0,0,0,0,0,0,0,0,0,0,0,0,0,0,0,0,0,0,0,0,146.408,0,0,-30.9401
"MtrElec",6,8,8,"",148.096,0,0,0,0,0,0,0,0,0,0,0,0,0,0,0,0,0,0,0,0,202.489,0,0,-54.393
"MtrElec",6,8,9,"",77.6279,0,0,0,0,0,0,0,0,0,0,0,0,0,0,0,0,0,0,0,0,210.764,0,0,-133.136
"MtrElec",6,8,10,"",0,0,0,0,0,0,0,0,0,0,0,0,0,0,0,0,0,0,0,0,0,216.97,0,80.4515,-297.421
"MtrElec",6,8,11,"",-10.827,0,0,0,0,0,0,0,0,0,0,0,0,0,0,0,0,0,0,0,0,208.45,0,157.698,-376.975
"MtrElec",6,8,12,"",-100.83,0,0,0,0,0,0,0,0,0,0,0,0,0,0,0,0,0,0,0,0,171.967,0,157.698,-430.495
"MtrElec",6,8,13,"",-72.3424,0,0,0,0,0,0,0,0,0,0,0,0,0,0,0,0,0,0,0,0,217.532,0,157.698,-447.572
"MtrElec",6,8,14,"",-250.591,0,0,0,0,0,0,0,0,0,0,0,0,0,0,0,0,0,0,0,0,154.089,0,34.8398,-439.52
"MtrElec",6,8,15,"",-220.636,0,0,0,0,0,0,0,0,0,0,0,0,0,0,0,0,0,0,0,0,194.073,0,0,-414.708
"MtrElec",6,8,16,"",-189.957,0,0,0,0,0,0,0,0,0,0,0,0,0,0,0,0,0,0,0,0,170.009,0,0,-359.966
"MtrElec",6,8,17,"",-34.334,0,0,0,0,0,0,0,0,0,0,0,0,0,0,0,0,0,0,0,0,240.513,0,0,-274.847
"MtrElec",6,8,18,"",110.874,0,0,0,0,0,0,0,0,0,0,0,0,0,0,0,0,0,0,0,0,278.644,0,0,-167.77
"MtrElec",6,8,19,"",101.147,0,0,0,0,0,0,0,0,0,0,0,0,0,0,0,0,0,0,0,0,316.627,0,-157.698,-57.7822
"MtrElec",6,8,20,"",122.186,0,0,0,0,0,0,0,0,0,0,0,0,0,0,0,0,0,0,0,0,289.976,0,-157.698,-10.0921
"MtrElec",6,8,21,"",83.2404,0,0,0,0,0,0,0,0,0,0,0,0,0,0,0,0,0,0,0,0,240.938,0,-157.698,0
"MtrElec",6,8,22,"",165.696,0,0,0,0,0,0,0,0,0,0,0,0,0,0,0,0,0,0,0,0,223.62,0,-57.9237,0
"MtrElec",6,8,23,"",179.126,0,0,0,0,0,0,0,0,0,0,0,0,0,0,0,0,0,0,0,0,179.126,0,0,0
"MtrElec",6,8,24,"",139.312,0,0,0,0,0,0,0,0,0,0,0,0,0,0,0,0,0,0,0,0,139.312,0,0,0
"MtrElec",6,9,1,"",155.19,0,0,0,0,0,0,0,0,0,0,0,0,0,0,0,0,0,0,0,0,155.19,0,0,0
"MtrElec",6,9,2,"",98.9288,0,0,0,0,0,0,0,0,0,0,0,0,0,0,0,0,0,0,0,0,98.9288,0,0,0
"MtrElec",6,9,3,"",85.0831,0,0,0,0,0,0,0,0,0,0,0,0,0,0,0,0,0,0,0,0,85.0831,0,0,0
"MtrElec",6,9,4,"",99.4468,0,0,0,0,0,0,0,0,0,0,0,0,0,0,0,0,0,0,0,0,99.4468,0,0,0
"MtrElec",6,9,5,"",98.6951,0,0,0,0,0,0,0,0,0,0,0,0,0,0,0,0,0,0,0,0,98.6951,0,0,0
"MtrElec",6,9,6,"",115.992,0,0,0,0,0,0,0,0,0,0,0,0,0,0,0,0,0,0,0,0,115.992,0,0,0
"MtrElec",6,9,7,"",146.787,0,0,0,0,0,0,0,0,0,0,0,0,0,0,0,0,0,0,0,0,171.248,0,0,-24.4607
"MtrElec",6,9,8,"",169.997,0,0,0,0,0,0,0,0,0,0,0,0,0,0,0,0,0,0,0,0,228.043,0,0,-58.0459
"MtrElec",6,9,9,"",61.1129,0,0,0,0,0,0,0,0,0,0,0,0,0,0,0,0,0,0,0,0,196.01,0,0,-134.897
"MtrElec",6,9,10,"",0.0000010,0,0,0,0,0,0,0,0,0,0,0,0,0,0,0,0,0,0,0,0,238.036,0,15.3866,-253.422
"MtrElec",6,9,11,"",-10.3022,0,0,0,0,0,0,0,0,0,0,0,0,0,0,0,0,0,0,0,0,206.973,0,157.698,-374.973
"MtrElec",6,9,12,"",-69.4736,0,0,0,0,0,0,0,0,0,0,0,0,0,0,0,0,0,0,0,0,203.002,0,157.698,-430.174
"MtrElec",6,9,13,"",-82.5116,0,0,0,0,0,0,0,0,0,0,0,0,0,0,0,0,0,0,0,0,206,0,157.698,-446.209
"MtrElec",6,9,14,"",-184.629,0,0,0,0,0,0,0,0,0,0,0,0,0,0,0,0,0,0,0,0,155.063,0,99.9047,-439.597
"MtrElec",6,9,15,"",-182.929,0,0,0,0,0,0,0,0,0,0,0,0,0,0,0,0,0,0,0,0,195.311,0,0,-378.24
"MtrElec",6,9,16,"",-136.534,0,0,0,0,0,0,0,0,0,0,0,0,0,0,0,0,0,0,0,0,221.387,0,0,-357.921
"MtrElec",6,9,17,"",-5.54391,0,0,0,0,0,0,0,0,0,0,0,0,0,0,0,0,0,0,0,0,270.828,0,0,-276.372
"MtrElec",6,9,18,"",120.914,0,0,0,0,0,0,0,0,0,0,0,0,0,0,0,0,0,0,0,0,292.458,0,0,-171.544
"MtrElec",6,9,19,"",102.51,0,0,0,0,0,0,0,0,0,0,0,0,0,0,0,0,0,0,0,0,320.056,0,-157.698,-59.8485
"MtrElec",6,9,20,"",140.15,0,0,0,0,0,0,0,0,0,0,0,0,0,0,0,0,0,0,0,0,308.358,0,-157.698,-10.5102
"MtrElec",6,9,21,"",166.606,0,0,0,0,0,0,0,0,0,0,0,0,0,0,0,0,0,0,0,0,324.304,0,-157.698,0
"MtrElec",6,9,22,"",165.418,0,0,0,0,0,0,0,0,0,0,0,0,0,0,0,0,0,0,0,0,223.342,0,-57.9237,0
"MtrElec",6,9,23,"",170.158,0,0,0,0,0,0,0,0,0,0,0,0,0,0,0,0,0,0,0,0,170.158,0,0,0
"MtrElec",6,9,24,"",152.004,0,0,0,0,0,0,0,0,0,0,0,0,0,0,0,0,0,0,0,0,152.004,0,0,0
"MtrElec",6,10,1,"",104.675,0,0,0,0,0,0,0,0,0,0,0,0,0,0,0,0,0,0,0,0,104.675,0,0,0
"MtrElec",6,10,2,"",103.972,0,0,0,0,0,0,0,0,0,0,0,0,0,0,0,0,0,0,0,0,103.972,0,0,0
"MtrElec",6,10,3,"",106.232,0,0,0,0,0,0,0,0,0,0,0,0,0,0,0,0,0,0,0,0,106.232,0,0,0
"MtrElec",6,10,4,"",108.538,0,0,0,0,0,0,0,0,0,0,0,0,0,0,0,0,0,0,0,0,108.538,0,0,0
"MtrElec",6,10,5,"",94.9059,0,0,0,0,0,0,0,0,0,0,0,0,0,0,0,0,0,0,0,0,94.9059,0,0,0
"MtrElec",6,10,6,"",87.517,0,0,0,0,0,0,0,0,0,0,0,0,0,0,0,0,0,0,0,0,87.517,0,0,0
"MtrElec",6,10,7,"",153.838,0,0,0,0,0,0,0,0,0,0,0,0,0,0,0,0,0,0,0,0,182.82,0,0,-28.9825
"MtrElec",6,10,8,"",190.379,0,0,0,0,0,0,0,0,0,0,0,0,0,0,0,0,0,0,0,0,219.223,0,0,-28.8441
"MtrElec",6,10,9,"",139.776,0,0,0,0,0,0,0,0,0,0,0,0,0,0,0,0,0,0,0,0,217.956,0,0,-78.1792
"MtrElec",6,10,10,"",0.0000039,0,0,0,0,0,0,0,0,0,0,0,0,0,0,0,0,0,0,0,0,214.509,0,63.2899,-277.799
"MtrElec",6,10,11,"",0.0000078,0,0,0,0,0,0,0,0,0,0,0,0,0,0,0,0,0,0,0,0,256.126,0,121.326,-377.452
"MtrElec",6,10,12,"",-39.5862,0,0,0,0,0,0,0,0,0,0,0,0,0,0,0,0,0,0,0,0,226.402,0,157.698,-423.686
"MtrElec",6,10,13,"",-85.5557,0,0,0,0,0,0,0,0,0,0,0,0,0,0,0,0,0,0,0,0,196.622,0,157.698,-439.876
"MtrElec",6,10,14,"",-165.606,0,0,0,0,0,0,0,0,0,0,0,0,0,0,0,0,0,0,0,0,173.016,0,88.3739,-426.996
"MtrElec",6,10,15,"",-225.329,0,0,0,0,0,0,0,0,0,0,0,0,0,0,0,0,0,0,0,0,178.299,0,0,-403.628
"MtrElec",6,10,16,"",-159.443,0,0,0,0,0,0,0,0,0,0,0,0,0,0,0,0,0,0,0,0,193.1,0,0,-352.543
"MtrElec",6,10,17,"",-26.561,0,0,0,0,0,0,0,0,0,0,0,0,0,0,0,0,0,0,0,0,247.64,0,0,-274.201
"MtrElec",6,10,18,"",101.886,0,0,0,0,0,0,0,0,0,0,0,0,0,0,0,0,0,0,0,0,271.261,0,0,-169.375
"MtrElec",6,10,19,"",68.6059,0,0,0,0,0,0,0,0,0,0,0,0,0,0,0,0,0,0,0,0,285.94,0,-157.698,-59.6365
"MtrElec",6,10,20,"",152.437,0,0,0,0,0,0,0,0,0,0,0,0,0,0,0,0,0,0,0,0,320.57,0,-157.698,-10.4351
"MtrElec",6,10,21,"",165.727,0,0,0,0,0,0,0,0,0,0,0,0,0,0,0,0,0,0,0,0,323.425,0,-157.698,0
"MtrElec",6,10,22,"",185.47,0,0,0,0,0,0,0,0,0,0,0,0,0,0,0,0,0,0,0,0,243.394,0,-57.9237,0
"MtrElec",6,10,23,"",250.504,0,0,0,0,0,0,0,0,0,0,0,0,0,0,0,0,0,0,0,0,250.504,0,0,0
"MtrElec",6,10,24,"",182.633,0,0,0,0,0,0,0,0,0,0,0,0,0,0,0,0,0,0,0,0,182.633,0,0,0
"MtrElec",6,11,1,"",119.179,0,0,0,0,0,0,0,0,0,0,0,0,0,0,0,0,0,0,0,0,119.179,0,0,0
"MtrElec",6,11,2,"",92.8126,0,0,0,0,0,0,0,0,0,0,0,0,0,0,0,0,0,0,0,0,92.8126,0,0,0
"MtrElec",6,11,3,"",91.4692,0,0,0,0,0,0,0,0,0,0,0,0,0,0,0,0,0,0,0,0,91.4692,0,0,0
"MtrElec",6,11,4,"",96.4943,0,0,0,0,0,0,0,0,0,0,0,0,0,0,0,0,0,0,0,0,96.4943,0,0,0
"MtrElec",6,11,5,"",87.014,0,0,0,0,0,0,0,0,0,0,0,0,0,0,0,0,0,0,0,0,87.014,0,0,0
"MtrElec",6,11,6,"",111.022,0,0,0,0,0,0,0,0,0,0,0,0,0,0,0,0,0,0,0,0,111.022,0,0,0
"MtrElec",6,11,7,"",192.65,0,0,0,0,0,0,0,0,0,0,0,0,0,0,0,0,0,0,0,0,214.11,0,0,-21.4596
"MtrElec",6,11,8,"",128.199,0,0,0,0,0,0,0,0,0,0,0,0,0,0,0,0,0,0,0,0,213.293,0,0,-85.0944
"MtrElec",6,11,9,"",34.7289,0,0,0,0,0,0,0,0,0,0,0,0,0,0,0,0,0,0,0,0,224.321,0,0,-189.592
"MtrElec",6,11,10,"",0,0,0,0,0,0,0,0,0,0,0,0,0,0,0,0,0,0,0,0,0,251.635,0,34.6986,-286.334
"MtrElec",6,11,11,"",0,0,0,0,0,0,0,0,0,0,0,0,0,0,0,0,0,0,0,0,0,264.628,0,55.3766,-320.004
"MtrElec",6,11,12,"",0.0000078,0,0,0,0,0,0,0,0,0,0,0,0,0,0,0,0,0,0,0,0,249.809,0,98.274,-348.083
"MtrElec",6,11,13,"",0,0,0,0,0,0,0,0,0,0,0,0,0,0,0,0,0,0,0,0,0,270.293,0,73.3206,-343.614
"MtrElec",6,11,14,"",0.0000078,0,0,0,0,0,0,0,0,0,0,0,0,0,0,0,0,0,0,0,0,235.24,0,121.676,-356.916
"MtrElec",6,11,15,"",0,0,0,0,0,0,0,0,0,0,0,0,0,0,0,0,0,0,0,0,0,247.861,0,91.635,-339.496
"MtrElec",6,11,16,"",0,0,0,0,0,0,0,0,0,0,0,0,0,0,0,0,0,0,0,0,0,248.561,0,40.5001,-289.061
"MtrElec",6,11,17,"",86.9475,0,0,0,0,0,0,0,0,0,0,0,0,0,0,0,0,0,0,0,0,305.033,0,0,-218.085
"MtrElec",6,11,18,"",134.563,0,0,0,0,0,0,0,0,0,0,0,0,0,0,0,0,0,0,0,0,289.938,0,0,-155.374
"MtrElec",6,11,19,"",97.6875,0,0,0,0,0,0,0,0,0,0,0,0,0,0,0,0,0,0,0,0,311.785,0,-157.698,-56.3998
"MtrElec",6,11,20,"",168.78,0,0,0,0,0,0,0,0,0,0,0,0,0,0,0,0,0,0,0,0,335.962,0,-157.698,-9.4838
"MtrElec",6,11,21,"",187.515,0,0,0,0,0,0,0,0,0,0,0,0,0,0,0,0,0,0,0,0,337.34,0,-149.826,0
"MtrElec",6,11,22,"",233.502,0,0,0,0,0,0,0,0,0,0,0,0,0,0,0,0,0,0,0,0,233.502,0,0,0
"MtrElec",6,11,23,"",246.946,0,0,0,0,0,0,0,0,0,0,0,0,0,0,0,0,0,0,0,0,246.946,0,0,0
"MtrElec",6,11,24,"",176.204,0,0,0,0,0,0,0,0,0,0,0,0,0,0,0,0,0,0,0,0,176.204,0,0,0
"MtrElec",6,12,1,"",189.678,0,0,0,0,0,0,0,0,0,0,0,0,0,0,0,0,0,0,0,0,189.678,0,0,0
"MtrElec",6,12,2,"",105.573,0,0,0,0,0,0,0,0,0,0,0,0,0,0,0,0,0,0,0,0,105.573,0,0,0
"MtrElec",6,12,3,"",88.3765,0,0,0,0,0,0,0,0,0,0,0,0,0,0,0,0,0,0,0,0,88.3765,0,0,0
"MtrElec",6,12,4,"",104.517,0,0,0,0,0,0,0,0,0,0,0,0,0,0,0,0,0,0,0,0,104.517,0,0,0
"MtrElec",6,12,5,"",91.8429,0,0,0,0,0,0,0,0,0,0,0,0,0,0,0,0,0,0,0,0,91.8429,0,0,0
"MtrElec",6,12,6,"",116.364,0,0,0,0,0,0,0,0,0,0,0,0,0,0,0,0,0,0,0,0,116.364,0,0,0
"MtrElec",6,12,7,"",117.396,0,0,0,0,0,0,0,0,0,0,0,0,0,0,0,0,0,0,0,0,140.067,0,0,-22.6706
"MtrElec",6,12,8,"",180.713,0,0,0,0,0,0,0,0,0,0,0,0,0,0,0,0,0,0,0,0,223.348,0,0,-42.6351
"MtrElec",6,12,9,"",46.0959,0,0,0,0,0,0,0,0,0,0,0,0,0,0,0,0,0,0,0,0,197.93,0,0,-151.835
"MtrElec",6,12,10,"",0,0,0,0,0,0,0,0,0,0,0,0,0,0,0,0,0,0,0,0,0,215.65,0,54.9297,-270.579
"MtrElec",6,12,11,"",-0.974266,0,0,0,0,0,0,0,0,0,0,0,0,0,0,0,0,0,0,0,0,180.904,0,157.698,-339.577
"MtrElec",6,12,12,"",-2.14202,0,0,0,0,0,0,0,0,0,0,0,0,0,0,0,0,0,0,0,0,203.821,0,157.698,-363.661
"MtrElec",6,12,13,"",-21.0137,0,0,0,0,0,0,0,0,0,0,0,0,0,0,0,0,0,0,0,0,224.416,0,157.698,-403.128
"MtrElec",6,12,14,"",-192.083,0,0,0,0,0,0,0,0,0,0,0,0,0,0,0,0,0,0,0,0,179.989,0,60.3616,-432.434
"MtrElec",6,12,15,"",-252.456,0,0,0,0,0,0,0,0,0,0,0,0,0,0,0,0,0,0,0,0,164.073,0,0,-416.529
"MtrElec",6,12,16,"",-146.986,0,0,0,0,0,0,0,0,0,0,0,0,0,0,0,0,0,0,0,0,202.717,0,0,-349.703
"MtrElec",6,12,17,"",-32.7345,0,0,0,0,0,0,0,0,0,0,0,0,0,0,0,0,0,0,0,0,233.146,0,0,-265.881
"MtrElec",6,12,18,"",115.269,0,0,0,0,0,0,0,0,0,0,0,0,0,0,0,0,0,0,0,0,284.58,0,0,-169.311
"MtrElec",6,12,19,"",117.887,0,0,0,0,0,0,0,0,0,0,0,0,0,0,0,0,0,0,0,0,334.018,0,-157.698,-58.434
"MtrElec",6,12,20,"",127.207,0,0,0,0,0,0,0,0,0,0,0,0,0,0,0,0,0,0,0,0,294.708,0,-157.698,-9.80212
"MtrElec",6,12,21,"",130.939,0,0,0,0,0,0,0,0,0,0,0,0,0,0,0,0,0,0,0,0,288.637,0,-157.698,0
"MtrElec",6,12,22,"",110.64,0,0,0,0,0,0,0,0,0,0,0,0,0,0,0,0,0,0,0,0,168.564,0,-57.9237,0
"MtrElec",6,12,23,"",237.341,0,0,0,0,0,0,0,0,0,0,0,0,0,0,0,0,0,0,0,0,237.341,0,0,0
"MtrElec",6,12,24,"",143.889,0,0,0,0,0,0,0,0,0,0,0,0,0,0,0,0,0,0,0,0,143.889,0,0,0
"MtrElec",6,13,1,"",125.737,0,0,0,0,0,0,0,0,0,0,0,0,0,0,0,0,0,0,0,0,125.737,0,0,0
"MtrElec",6,13,2,"",120.016,0,0,0,0,0,0,0,0,0,0,0,0,0,0,0,0,0,0,0,0,120.016,0,0,0
"MtrElec",6,13,3,"",87.2027,0,0,0,0,0,0,0,0,0,0,0,0,0,0,0,0,0,0,0,0,87.2027,0,0,0
"MtrElec",6,13,4,"",103.998,0,0,0,0,0,0,0,0,0,0,0,0,0,0,0,0,0,0,0,0,103.998,0,0,0
"MtrElec",6,13,5,"",124.543,0,0,0,0,0,0,0,0,0,0,0,0,0,0,0,0,0,0,0,0,124.543,0,0,0
"MtrElec",6,13,6,"",84.3454,0,0,0,0,0,0,0,0,0,0,0,0,0,0,0,0,0,0,0,0,84.3454,0,0,0
"MtrElec",6,13,7,"",107.807,0,0,0,0,0,0,0,0,0,0,0,0,0,0,0,0,0,0,0,0,142.867,0,0,-35.0601
"MtrElec",6,13,8,"",51.0985,0,0,0,0,0,0,0,0,0,0,0,0,0,0,0,0,0,0,0,0,152.582,0,0,-101.483
"MtrElec",6,13,9,"",92.9339,0,0,0,0,0,0,0,0,0,0,0,0,0,0,0,0,0,0,0,0,194.236,0,0,-101.302
"MtrElec",6,13,10,"",0,0,0,0,0,0,0,0,0,0,0,0,0,0,0,0,0,0,0,0,0,278.377,0,0.636344,-279.014
"MtrElec",6,13,11,"",0,0,0,0,0,0,0,0,0,0,0,0,0,0,0,0,0,0,0,0,0,233.428,0,147.797,-381.225
"MtrElec",6,13,12,"",0,0,0,0,0,0,0,0,0,0,0,0,0,0,0,0,0,0,0,0,0,280.253,0,155.312,-435.565
"MtrElec",6,13,13,"",-18.9495,0,0,0,0,0,0,0,0,0,0,0,0,0,0,0,0,0,0,0,0,281.875,0,157.698,-458.522
"MtrElec",6,13,14,"",-110.709,0,0,0,0,0,0,0,0,0,0,0,0,0,0,0,0,0,0,0,0,213.569,0,126.941,-451.219
"MtrElec",6,13,15,"",-150.104,0,0,0,0,0,0,0,0,0,0,0,0,0,0,0,0,0,0,0,0,269.22,0,0,-419.324
"MtrElec",6,13,16,"",-100.913,0,0,0,0,0,0,0,0,0,0,0,0,0,0,0,0,0,0,0,0,262.832,0,0,-363.745
"MtrElec",6,13,17,"",-13.628,0,0,0,0,0,0,0,0,0,0,0,0,0,0,0,0,0,0,0,0,266.632,0,0,-280.26
"MtrElec",6,13,18,"",146.251,0,0,0,0,0,0,0,0,0,0,0,0,0,0,0,0,0,0,0,0,319.016,0,0,-172.764
"MtrElec",6,13,19,"",160.536,0,0,0,0,0,0,0,0,0,0,0,0,0,0,0,0,0,0,0,0,378.28,0,-157.698,-60.0459
"MtrElec",6,13,20,"",160.135,0,0,0,0,0,0,0,0,0,0,0,0,0,0,0,0,0,0,0,0,327.953,0,-157.698,-10.1197
"MtrElec",6,13,21,"",109.462,0,0,0,0,0,0,0,0,0,0,0,0,0,0,0,0,0,0,0,0,267.16,0,-157.698,0
"MtrElec",6,13,22,"",185.847,0,0,0,0,0,0,0,0,0,0,0,0,0,0,0,0,0,0,0,0,243.771,0,-57.9237,0
"MtrElec",6,13,23,"",206.508,0,0,0,0,0,0,0,0,0,0,0,0,0,0,0,0,0,0,0,0,206.508,0,0,0
"MtrElec",6,13,24,"",137.762,0,0,0,0,0,0,0,0,0,0,0,0,0,0,0,0,0,0,0,0,137.762,0,0,0
"MtrElec",6,14,1,"",99.9702,0,0,0,0,0,0,0,0,0,0,0,0,0,0,0,0,0,0,0,0,99.9702,0,0,0
"MtrElec",6,14,2,"",97.9697,0,0,0,0,0,0,0,0,0,0,0,0,0,0,0,0,0,0,0,0,97.9697,0,0,0
"MtrElec",6,14,3,"",101.727,0,0,0,0,0,0,0,0,0,0,0,0,0,0,0,0,0,0,0,0,101.727,0,0,0
"MtrElec",6,14,4,"",124.929,0,0,0,0,0,0,0,0,0,0,0,0,0,0,0,0,0,0,0,0,124.929,0,0,0
"MtrElec",6,14,5,"",117.332,0,0,0,0,0,0,0,0,0,0,0,0,0,0,0,0,0,0,0,0,117.332,0,0,0
"MtrElec",6,14,6,"",99.2827,0,0,0,0,0,0,0,0,0,0,0,0,0,0,0,0,0,0,0,0,99.2827,0,0,0
"MtrElec",6,14,7,"",63.8388,0,0,0,0,0,0,0,0,0,0,0,0,0,0,0,0,0,0,0,0,93.7608,0,0,-29.922
"MtrElec",6,14,8,"",123.876,0,0,0,0,0,0,0,0,0,0,0,0,0,0,0,0,0,0,0,0,175.367,0,0,-51.4914
"MtrElec",6,14,9,"",113.36,0,0,0,0,0,0,0,0,0,0,0,0,0,0,0,0,0,0,0,0,221.606,0,0,-108.246
"MtrElec",6,14,10,"",0.0000039,0,0,0,0,0,0,0,0,0,0,0,0,0,0,0,0,0,0,0,0,233.843,0,57.1456,-290.988
"MtrElec",6,14,11,"",0,0,0,0,0,0,0,0,0,0,0,0,0,0,0,0,0,0,0,0,0,276.263,0,110.654,-386.918
"MtrElec",6,14,12,"",-44.9652,0,0,0,0,0,0,0,0,0,0,0,0,0,0,0,0,0,0,0,0,230.834,0,157.698,-433.497
"MtrElec",6,14,13,"",-46.8735,0,0,0,0,0,0,0,0,0,0,0,0,0,0,0,0,0,0,0,0,247.69,0,157.698,-452.262
"MtrElec",6,14,14,"",-129.288,0,0,0,0,0,0,0,0,0,0,0,0,0,0,0,0,0,0,0,0,213.446,0,105.189,-447.924
"MtrElec",6,14,15,"",-198.252,0,0,0,0,0,0,0,0,0,0,0,0,0,0,0,0,0,0,0,0,218.505,0,0,-416.757
"MtrElec",6,14,16,"",-167.897,0,0,0,0,0,0,0,0,0,0,0,0,0,0,0,0,0,0,0,0,192.51,0,0,-360.408
"MtrElec",6,14,17,"",-51.5052,0,0,0,0,0,0,0,0,0,0,0,0,0,0,0,0,0,0,0,0,228.441,0,0,-279.946
"MtrElec",6,14,18,"",134.104,0,0,0,0,0,0,0,0,0,0,0,0,0,0,0,0,0,0,0,0,308.108,0,0,-174.004
"MtrElec",6,14,19,"",123.705,0,0,0,0,0,0,0,0,0,0,0,0,0,0,0,0,0,0,0,0,343.224,0,-157.698,-61.8209
"MtrElec",6,14,20,"",117.494,0,0,0,0,0,0,0,0,0,0,0,0,0,0,0,0,0,0,0,0,286.036,0,-157.698,-10.8434
"MtrElec",6,14,21,"",21.985,0,0,0,0,0,0,0,0,0,0,0,0,0,0,0,0,0,0,0,0,179.683,0,-157.698,0
"MtrElec",6,14,22,"",140.956,0,0,0,0,0,0,0,0,0,0,0,0,0,0,0,0,0,0,0,0,198.88,0,-57.9237,0
"MtrElec",6,14,23,"",160.954,0,0,0,0,0,0,0,0,0,0,0,0,0,0,0,0,0,0,0,0,160.954,0,0,0
"MtrElec",6,14,24,"",148.962,0,0,0,0,0,0,0,0,0,0,0,0,0,0,0,0,0,0,0,0,148.962,0,0,0
"MtrElec",6,15,1,"",97.5978,0,0,0,0,0,0,0,0,0,0,0,0,0,0,0,0,0,0,0,0,97.5978,0,0,0
"MtrElec",6,15,2,"",104.495,0,0,0,0,0,0,0,0,0,0,0,0,0,0,0,0,0,0,0,0,104.495,0,0,0
"MtrElec",6,15,3,"",97.1313,0,0,0,0,0,0,0,0,0,0,0,0,0,0,0,0,0,0,0,0,97.1313,0,0,0
"MtrElec",6,15,4,"",87.1672,0,0,0,0,0,0,0,0,0,0,0,0,0,0,0,0,0,0,0,0,87.1672,0,0,0
"MtrElec",6,15,5,"",126.639,0,0,0,0,0,0,0,0,0,0,0,0,0,0,0,0,0,0,0,0,126.639,0,0,0
"MtrElec",6,15,6,"",95.6119,0,0,0,0,0,0,0,0,0,0,0,0,0,0,0,0,0,0,0,0,95.6119,0,0,0
"MtrElec",6,15,7,"",123.834,0,0,0,0,0,0,0,0,0,0,0,0,0,0,0,0,0,0,0,0,159.662,0,0,-35.8282
"MtrElec",6,15,8,"",125.048,0,0,0,0,0,0,0,0,0,0,0,0,0,0,0,0,0,0,0,0,224.835,0,0,-99.7869
"MtrElec",6,15,9,"",182.842,0,0,0,0,0,0,0,0,0,0,0,0,0,0,0,0,0,0,0,0,242.294,0,0,-59.4519
"MtrElec",6,15,10,"",71.5299,0,0,0,0,0,0,0,0,0,0,0,0,0,0,0,0,0,0,0,0,216.8,0,0,-145.27
"MtrElec",6,15,11,"",-28.0416,0,0,0,0,0,0,0,0,0,0,0,0,0,0,0,0,0,0,0,0,182.061,0,157.698,-367.8
"MtrElec",6,15,12,"",-82.6634,0,0,0,0,0,0,0,0,0,0,0,0,0,0,0,0,0,0,0,0,198.034,0,157.698,-438.395
"MtrElec",6,15,13,"",-51.4488,0,0,0,0,0,0,0,0,0,0,0,0,0,0,0,0,0,0,0,0,247.241,0,157.698,-456.388
"MtrElec",6,15,14,"",-176.824,0,0,0,0,0,0,0,0,0,0,0,0,0,0,0,0,0,0,0,0,156.556,0,115.291,-448.672
"MtrElec",6,15,15,"",-262.428,0,0,0,0,0,0,0,0,0,0,0,0,0,0,0,0,0,0,0,0,160.087,0,0,-422.516
"MtrElec",6,15,16,"",-187.147,0,0,0,0,0,0,0,0,0,0,0,0,0,0,0,0,0,0,0,0,180.709,0,0,-367.856
"MtrElec",6,15,17,"",-45.5466,0,0,0,0,0,0,0,0,0,0,0,0,0,0,0,0,0,0,0,0,237.479,0,0,-283.025
"MtrElec",6,15,18,"",64.621,0,0,0,0,0,0,0,0,0,0,0,0,0,0,0,0,0,0,0,0,239.711,0,0,-175.09
"MtrElec",6,15,19,"",76.5262,0,0,0,0,0,0,0,0,0,0,0,0,0,0,0,0,0,0,0,0,295.952,0,-157.698,-61.7281
"MtrElec",6,15,20,"",160.173,0,0,0,0,0,0,0,0,0,0,0,0,0,0,0,0,0,0,0,0,328.725,0,-157.698,-10.8539
"MtrElec",6,15,21,"",127.87,0,0,0,0,0,0,0,0,0,0,0,0,0,0,0,0,0,0,0,0,285.568,0,-157.698,0
"MtrElec",6,15,22,"",155.313,0,0,0,0,0,0,0,0,0,0,0,0,0,0,0,0,0,0,0,0,213.237,0,-57.9237,0
"MtrElec",6,15,23,"",227.369,0,0,0,0,0,0,0,0,0,0,0,0,0,0,0,0,0,0,0,0,227.369,0,0,0
"MtrElec",6,15,24,"",149.367,0,0,0,0,0,0,0,0,0,0,0,0,0,0,0,0,0,0,0,0,149.367,0,0,0
"MtrElec",6,16,1,"",123.753,0,0,0,0,0,0,0,0,0,0,0,0,0,0,0,0,0,0,0,0,123.753,0,0,0
"MtrElec",6,16,2,"",98.7869,0,0,0,0,0,0,0,0,0,0,0,0,0,0,0,0,0,0,0,0,98.7869,0,0,0
"MtrElec",6,16,3,"",95.3748,0,0,0,0,0,0,0,0,0,0,0,0,0,0,0,0,0,0,0,0,95.3748,0,0,0
"MtrElec",6,16,4,"",81.3051,0,0,0,0,0,0,0,0,0,0,0,0,0,0,0,0,0,0,0,0,81.3051,0,0,0
"MtrElec",6,16,5,"",95.2659,0,0,0,0,0,0,0,0,0,0,0,0,0,0,0,0,0,0,0,0,95.2659,0,0,0
"MtrElec",6,16,6,"",133.974,0,0,0,0,0,0,0,0,0,0,0,0,0,0,0,0,0,0,0,0,133.974,0,0,0
"MtrElec",6,16,7,"",116.36,0,0,0,0,0,0,0,0,0,0,0,0,0,0,0,0,0,0,0,0,143.829,0,0,-27.4692
"MtrElec",6,16,8,"",131.274,0,0,0,0,0,0,0,0,0,0,0,0,0,0,0,0,0,0,0,0,186.629,0,0,-55.3542
"MtrElec",6,16,9,"",70.825,0,0,0,0,0,0,0,0,0,0,0,0,0,0,0,0,0,0,0,0,223.382,0,0,-152.557
"MtrElec",6,16,10,"",0,0,0,0,0,0,0,0,0,0,0,0,0,0,0,0,0,0,0,0,0,237.792,0,66.1316,-303.924
"MtrElec",6,16,11,"",-4.98302,0,0,0,0,0,0,0,0,0,0,0,0,0,0,0,0,0,0,0,0,219.274,0,157.698,-381.955
"MtrElec",6,16,12,"",-82.8105,0,0,0,0,0,0,0,0,0,0,0,0,0,0,0,0,0,0,0,0,183.551,0,157.698,-424.059
"MtrElec",6,16,13,"",-69.4183,0,0,0,0,0,0,0,0,0,0,0,0,0,0,0,0,0,0,0,0,204.58,0,157.698,-431.696
"MtrElec",6,16,14,"",-223.13,0,0,0,0,0,0,0,0,0,0,0,0,0,0,0,0,0,0,0,0,166.612,0,49.1596,-438.902
"MtrElec",6,16,15,"",-239.392,0,0,0,0,0,0,0,0,0,0,0,0,0,0,0,0,0,0,0,0,178.809,0,0,-418.201
"MtrElec",6,16,16,"",-163.515,0,0,0,0,0,0,0,0,0,0,0,0,0,0,0,0,0,0,0,0,200.41,0,0,-363.925
"MtrElec",6,16,17,"",-22.7819,0,0,0,0,0,0,0,0,0,0,0,0,0,0,0,0,0,0,0,0,257.238,0,0,-280.02
"MtrElec",6,16,18,"",66.6582,0,0,0,0,0,0,0,0,0,0,0,0,0,0,0,0,0,0,0,0,239.054,0,0,-172.396
"MtrElec",6,16,19,"",116.413,0,0,0,0,0,0,0,0,0,0,0,0,0,0,0,0,0,0,0,0,334.757,0,-157.698,-60.6463
"MtrElec",6,16,20,"",127.337,0,0,0,0,0,0,0,0,0,0,0,0,0,0,0,0,0,0,0,0,295.119,0,-157.698,-10.0838
"MtrElec",6,16,21,"",132.969,0,0,0,0,0,0,0,0,0,0,0,0,0,0,0,0,0,0,0,0,290.667,0,-157.698,0
"MtrElec",6,16,22,"",177.06,0,0,0,0,0,0,0,0,0,0,0,0,0,0,0,0,0,0,0,0,234.983,0,-57.9237,0
"MtrElec",6,16,23,"",188.059,0,0,0,0,0,0,0,0,0,0,0,0,0,0,0,0,0,0,0,0,188.059,0,0,0
"MtrElec",6,16,24,"",140.078,0,0,0,0,0,0,0,0,0,0,0,0,0,0,0,0,0,0,0,0,140.078,0,0,0
"MtrElec",6,17,1,"",100.434,0,0,0,0,0,0,0,0,0,0,0,0,0,0,0,0,0,0,0,0,100.434,0,0,0
"MtrElec",6,17,2,"",104.775,0,0,0,0,0,0,0,0,0,0,0,0,0,0,0,0,0,0,0,0,104.775,0,0,0
"MtrElec",6,17,3,"",133.414,0,0,0,0,0,0,0,0,0,0,0,0,0,0,0,0,0,0,0,0,133.414,0,0,0
"MtrElec",6,17,4,"",96.8758,0,0,0,0,0,0,0,0,0,0,0,0,0,0,0,0,0,0,0,0,96.8758,0,0,0
"MtrElec",6,17,5,"",96.2633,0,0,0,0,0,0,0,0,0,0,0,0,0,0,0,0,0,0,0,0,96.2633,0,0,0
"MtrElec",6,17,6,"",99.9279,0,0,0,0,0,0,0,0,0,0,0,0,0,0,0,0,0,0,0,0,99.9279,0,0,0
"MtrElec",6,17,7,"",132.342,0,0,0,0,0,0,0,0,0,0,0,0,0,0,0,0,0,0,0,0,153.452,0,0,-21.11
"MtrElec",6,17,8,"",157.888,0,0,0,0,0,0,0,0,0,0,0,0,0,0,0,0,0,0,0,0,244.954,0,0,-87.0656
"MtrElec",6,17,9,"",39.0505,0,0,0,0,0,0,0,0,0,0,0,0,0,0,0,0,0,0,0,0,240.566,0,0,-201.515
"MtrElec",6,17,10,"",0,0,0,0,0,0,0,0,0,0,0,0,0,0,0,0,0,0,0,0,0,263.534,0,33.1662,-296.7
"MtrElec",6,17,11,"",0,0,0,0,0,0,0,0,0,0,0,0,0,0,0,0,0,0,0,0,0,244.926,0,130.206,-375.133
"MtrElec",6,17,12,"",-25.2393,0,0,0,0,0,0,0,0,0,0,0,0,0,0,0,0,0,0,0,0,244.427,0,157.698,-427.364
"MtrElec",6,17,13,"",0.0000078,0,0,0,0,0,0,0,0,0,0,0,0,0,0,0,0,0,0,0,0,340.9,0,105.795,-446.695
"MtrElec",6,17,14,"",-124.759,0,0,0,0,0,0,0,0,0,0,0,0,0,0,0,0,0,0,0,0,164.954,0,157.698,-447.411
"MtrElec",6,17,15,"",-184.261,0,0,0,0,0,0,0,0,0,0,0,0,0,0,0,0,0,0,0,0,231.478,0,3.8216,-419.56
"MtrElec",6,17,16,"",-106.493,0,0,0,0,0,0,0,0,0,0,0,0,0,0,0,0,0,0,0,0,255.295,0,0,-361.788
"MtrElec",6,17,17,"",-8.37412,0,0,0,0,0,0,0,0,0,0,0,0,0,0,0,0,0,0,0,0,271.207,0,0,-279.582
"MtrElec",6,17,18,"",118.505,0,0,0,0,0,0,0,0,0,0,0,0,0,0,0,0,0,0,0,0,291.211,0,0,-172.706
"MtrElec",6,17,19,"",122.153,0,0,0,0,0,0,0,0,0,0,0,0,0,0,0,0,0,0,0,0,340.71,0,-157.698,-60.8599
"MtrElec",6,17,20,"",162.49,0,0,0,0,0,0,0,0,0,0,0,0,0,0,0,0,0,0,0,0,330.219,0,-157.698,-10.0303
"MtrElec",6,17,21,"",108.569,0,0,0,0,0,0,0,0,0,0,0,0,0,0,0,0,0,0,0,0,266.267,0,-157.698,0
"MtrElec",6,17,22,"",192.973,0,0,0,0,0,0,0,0,0,0,0,0,0,0,0,0,0,0,0,0,250.897,0,-57.9237,0
"MtrElec",6,17,23,"",236.983,0,0,0,0,0,0,0,0,0,0,0,0,0,0,0,0,0,0,0,0,236.983,0,0,0
"MtrElec",6,17,24,"",159.283,0,0,0,0,0,0,0,0,0,0,0,0,0,0,0,0,0,0,0,0,159.283,0,0,0
"MtrElec",6,18,1,"",126.733,0,0,0,0,0,0,0,0,0,0,0,0,0,0,0,0,0,0,0,0,126.733,0,0,0
"MtrElec",6,18,2,"",136.183,0,0,0,0,0,0,0,0,0,0,0,0,0,0,0,0,0,0,0,0,136.183,0,0,0
"MtrElec",6,18,3,"",88.3928,0,0,0,0,0,0,0,0,0,0,0,0,0,0,0,0,0,0,0,0,88.3928,0,0,0
"MtrElec",6,18,4,"",93.2159,0,0,0,0,0,0,0,0,0,0,0,0,0,0,0,0,0,0,0,0,93.2159,0,0,0
"MtrElec",6,18,5,"",94.3443,0,0,0,0,0,0,0,0,0,0,0,0,0,0,0,0,0,0,0,0,94.3443,0,0,0
"MtrElec",6,18,6,"",87.679,0,0,0,0,0,0,0,0,0,0,0,0,0,0,0,0,0,0,0,0,87.679,0,0,0
"MtrElec",6,18,7,"",163.356,0,0,0,0,0,0,0,0,0,0,0,0,0,0,0,0,0,0,0,0,182.731,0,0,-19.3748
"MtrElec",6,18,8,"",133.275,0,0,0,0,0,0,0,0,0,0,0,0,0,0,0,0,0,0,0,0,219.088,0,0,-85.8127
"MtrElec",6,18,9,"",26.2552,0,0,0,0,0,0,0,0,0,0,0,0,0,0,0,0,0,0,0,0,228.861,0,0,-202.606
"MtrElec",6,18,10,"",0.0000039,0,0,0,0,0,0,0,0,0,0,0,0,0,0,0,0,0,0,0,0,246.031,0,57.103,-303.134
"MtrElec",6,18,11,"",0.0000078,0,0,0,0,0,0,0,0,0,0,0,0,0,0,0,0,0,0,0,0,252.752,0,127.735,-380.487
"MtrElec",6,18,12,"",-31.9423,0,0,0,0,0,0,0,0,0,0,0,0,0,0,0,0,0,0,0,0,242.403,0,157.698,-432.043
"MtrElec",6,18,13,"",-46.3254,0,0,0,0,0,0,0,0,0,0,0,0,0,0,0,0,0,0,0,0,251.322,0,157.698,-455.346
"MtrElec",6,18,14,"",-154.833,0,0,0,0,0,0,0,0,0,0,0,0,0,0,0,0,0,0,0,0,208.195,0,88.1512,-451.18
"MtrElec",6,18,15,"",-206.998,0,0,0,0,0,0,0,0,0,0,0,0,0,0,0,0,0,0,0,0,214.81,0,0,-421.809
"MtrElec",6,18,16,"",-165.709,0,0,0,0,0,0,0,0,0,0,0,0,0,0,0,0,0,0,0,0,201.97,0,0,-367.679
"MtrElec",6,18,17,"",-13.6999,0,0,0,0,0,0,0,0,0,0,0,0,0,0,0,0,0,0,0,0,267.159,0,0,-280.858
"MtrElec",6,18,18,"",117.224,0,0,0,0,0,0,0,0,0,0,0,0,0,0,0,0,0,0,0,0,289.354,0,0,-172.129
"MtrElec",6,18,19,"",103.664,0,0,0,0,0,0,0,0,0,0,0,0,0,0,0,0,0,0,0,0,322.778,0,-157.698,-61.4158
"MtrElec",6,18,20,"",150.62,0,0,0,0,0,0,0,0,0,0,0,0,0,0,0,0,0,0,0,0,319.417,0,-157.698,-11.0994
"MtrElec",6,18,21,"",136.708,0,0,0,0,0,0,0,0,0,0,0,0,0,0,0,0,0,0,0,0,294.406,0,-157.698,0
"MtrElec",6,18,22,"",155.386,0,0,0,0,0,0,0,0,0,0,0,0,0,0,0,0,0,0,0,0,213.31,0,-57.9237,0
"MtrElec",6,18,23,"",227.768,0,0,0,0,0,0,0,0,0,0,0,0,0,0,0,0,0,0,0,0,227.768,0,0,0
"MtrElec",6,18,24,"",124.875,0,0,0,0,0,0,0,0,0,0,0,0,0,0,0,0,0,0,0,0,124.875,0,0,0
"MtrElec",6,19,1,"",123.559,0,0,0,0,0,0,0,0,0,0,0,0,0,0,0,0,0,0,0,0,123.559,0,0,0
"MtrElec",6,19,2,"",124.064,0,0,0,0,0,0,0,0,0,0,0,0,0,0,0,0,0,0,0,0,124.064,0,0,0
"MtrElec",6,19,3,"",88.314,0,0,0,0,0,0,0,0,0,0,0,0,0,0,0,0,0,0,0,0,88.314,0,0,0
"MtrElec",6,19,4,"",106.969,0,0,0,0,0,0,0,0,0,0,0,0,0,0,0,0,0,0,0,0,106.969,0,0,0
"MtrElec",6,19,5,"",98.8753,0,0,0,0,0,0,0,0,0,0,0,0,0,0,0,0,0,0,0,0,98.8753,0,0,0
"MtrElec",6,19,6,"",106.288,0,0,0,0,0,0,0,0,0,0,0,0,0,0,0,0,0,0,0,0,106.288,0,0,0
"MtrElec",6,19,7,"",128.453,0,0,0,0,0,0,0,0,0,0,0,0,0,0,0,0,0,0,0,0,149.598,0,0,-21.1444
"MtrElec",6,19,8,"",113.975,0,0,0,0,0,0,0,0,0,0,0,0,0,0,0,0,0,0,0,0,201.04,0,0,-87.0644
"MtrElec",6,19,9,"",21.5641,0,0,0,0,0,0,0,0,0,0,0,0,0,0,0,0,0,0,0,0,227.477,0,0,-205.913
"MtrElec",6,19,10,"",0,0,0,0,0,0,0,0,0,0,0,0,0,0,0,0,0,0,0,0,0,264.043,0,41.5023,-305.545
"MtrElec",6,19,11,"",0.0000078,0,0,0,0,0,0,0,0,0,0,0,0,0,0,0,0,0,0,0,0,275.98,0,105.18,-381.16
"MtrElec",6,19,12,"",-58.4897,0,0,0,0,0,0,0,0,0,0,0,0,0,0,0,0,0,0,0,0,219.315,0,157.698,-435.503
"MtrElec",6,19,13,"",-55.9174,0,0,0,0,0,0,0,0,0,0,0,0,0,0,0,0,0,0,0,0,247.284,0,157.698,-460.9
"MtrElec",6,19,14,"",-167.276,0,0,0,0,0,0,0,0,0,0,0,0,0,0,0,0,0,0,0,0,165.033,0,126.307,-458.615
"MtrElec",6,19,15,"",-251.39,0,0,0,0,0,0,0,0,0,0,0,0,0,0,0,0,0,0,0,0,177.988,0,0,-429.378
"MtrElec",6,19,16,"",-130.698,0,0,0,0,0,0,0,0,0,0,0,0,0,0,0,0,0,0,0,0,240.356,0,0,-371.054
"MtrElec",6,19,17,"",-4.51444,0,0,0,0,0,0,0,0,0,0,0,0,0,0,0,0,0,0,0,0,279.535,0,0,-284.049
"MtrElec",6,19,18,"",98.502,0,0,0,0,0,0,0,0,0,0,0,0,0,0,0,0,0,0,0,0,274.006,0,0,-175.504
"MtrElec",6,19,19,"",87.9632,0,0,0,0,0,0,0,0,0,0,0,0,0,0,0,0,0,0,0,0,307.972,0,-157.698,-62.3107
"MtrElec",6,19,20,"",115.679,0,0,0,0,0,0,0,0,0,0,0,0,0,0,0,0,0,0,0,0,284.515,0,-157.698,-11.1383
"MtrElec",6,19,21,"",150.666,0,0,0,0,0,0,0,0,0,0,0,0,0,0,0,0,0,0,0,0,308.364,0,-157.698,0
"MtrElec",6,19,22,"",188.737,0,0,0,0,0,0,0,0,0,0,0,0,0,0,0,0,0,0,0,0,246.661,0,-57.9237,0
"MtrElec",6,19,23,"",228.178,0,0,0,0,0,0,0,0,0,0,0,0,0,0,0,0,0,0,0,0,228.178,0,0,0
"MtrElec",6,19,24,"",201.977,0,0,0,0,0,0,0,0,0,0,0,0,0,0,0,0,0,0,0,0,201.977,0,0,0
"MtrElec",6,20,1,"",110.628,0,0,0,0,0,0,0,0,0,0,0,0,0,0,0,0,0,0,0,0,110.628,0,0,0
"MtrElec",6,20,2,"",100.507,0,0,0,0,0,0,0,0,0,0,0,0,0,0,0,0,0,0,0,0,100.507,0,0,0
"MtrElec",6,20,3,"",86.5581,0,0,0,0,0,0,0,0,0,0,0,0,0,0,0,0,0,0,0,0,86.5581,0,0,0
"MtrElec",6,20,4,"",101.264,0,0,0,0,0,0,0,0,0,0,0,0,0,0,0,0,0,0,0,0,101.264,0,0,0
"MtrElec",6,20,5,"",109.204,0,0,0,0,0,0,0,0,0,0,0,0,0,0,0,0,0,0,0,0,109.204,0,0,0
"MtrElec",6,20,6,"",84.3942,0,0,0,0,0,0,0,0,0,0,0,0,0,0,0,0,0,0,0,0,84.3942,0,0,0
"MtrElec",6,20,7,"",123.145,0,0,0,0,0,0,0,0,0,0,0,0,0,0,0,0,0,0,0,0,142.569,0,0,-19.4241
"MtrElec",6,20,8,"",55.5844,0,0,0,0,0,0,0,0,0,0,0,0,0,0,0,0,0,0,0,0,140.888,0,0,-85.3032
"MtrElec",6,20,9,"",0,0,0,0,0,0,0,0,0,0,0,0,0,0,0,0,0,0,0,0,0,176.886,0,23.012,-199.898
"MtrElec",6,20,10,"",0,0,0,0,0,0,0,0,0,0,0,0,0,0,0,0,0,0,0,0,0,226.49,0,71.1196,-297.61
"MtrElec",6,20,11,"",0,0,0,0,0,0,0,0,0,0,0,0,0,0,0,0,0,0,0,0,0,267.772,0,106.776,-374.548
"MtrElec",6,20,12,"",-13.7949,0,0,0,0,0,0,0,0,0,0,0,0,0,0,0,0,0,0,0,0,250.205,0,157.698,-421.698
"MtrElec",6,20,13,"",-23.9826,0,0,0,0,0,0,0,0,0,0,0,0,0,0,0,0,0,0,0,0,265.163,0,157.698,-446.843
"MtrElec",6,20,14,"",-151.451,0,0,0,0,0,0,0,0,0,0,0,0,0,0,0,0,0,0,0,0,229.63,0,72.082,-453.162
"MtrElec",6,20,15,"",-168.877,0,0,0,0,0,0,0,0,0,0,0,0,0,0,0,0,0,0,0,0,254.606,0,0,-423.483
"MtrElec",6,20,16,"",-126.233,0,0,0,0,0,0,0,0,0,0,0,0,0,0,0,0,0,0,0,0,240.686,0,0,-366.919
"MtrElec",6,20,17,"",-38.9581,0,0,0,0,0,0,0,0,0,0,0,0,0,0,0,0,0,0,0,0,244.156,0,0,-283.114
"MtrElec",6,20,18,"",140.803,0,0,0,0,0,0,0,0,0,0,0,0,0,0,0,0,0,0,0,0,316.205,0,0,-175.402
"MtrElec",6,20,19,"",163.564,0,0,0,0,0,0,0,0,0,0,0,0,0,0,0,0,0,0,0,0,383.859,0,-157.698,-62.5971
"MtrElec",6,20,20,"",172.819,0,0,0,0,0,0,0,0,0,0,0,0,0,0,0,0,0,0,0,0,340.998,0,-157.698,-10.4808
"MtrElec",6,20,21,"",130.482,0,0,0,0,0,0,0,0,0,0,0,0,0,0,0,0,0,0,0,0,288.18,0,-157.698,0
"MtrElec",6,20,22,"",221.611,0,0,0,0,0,0,0,0,0,0,0,0,0,0,0,0,0,0,0,0,279.534,0,-57.9237,0
"MtrElec",6,20,23,"",205.555,0,0,0,0,0,0,0,0,0,0,0,0,0,0,0,0,0,0,0,0,205.555,0,0,0
"MtrElec",6,20,24,"",167.692,0,0,0,0,0,0,0,0,0,0,0,0,0,0,0,0,0,0,0,0,167.692,0,0,0
"MtrElec",6,21,1,"",126.925,0,0,0,0,0,0,0,0,0,0,0,0,0,0,0,0,0,0,0,0,126.925,0,0,0
"MtrElec",6,21,2,"",103.846,0,0,0,0,0,0,0,0,0,0,0,0,0,0,0,0,0,0,0,0,103.846,0,0,0
"MtrElec",6,21,3,"",94.4279,0,0,0,0,0,0,0,0,0,0,0,0,0,0,0,0,0,0,0,0,94.4279,0,0,0
"MtrElec",6,21,4,"",136.638,0,0,0,0,0,0,0,0,0,0,0,0,0,0,0,0,0,0,0,0,136.638,0,0,0
"MtrElec",6,21,5,"",125.27,0,0,0,0,0,0,0,0,0,0,0,0,0,0,0,0,0,0,0,0,125.27,0,0,0
"MtrElec",6,21,6,"",86.063,0,0,0,0,0,0,0,0,0,0,0,0,0,0,0,0,0,0,0,0,86.063,0,0,0
"MtrElec",6,21,7,"",89.2306,0,0,0,0,0,0,0,0,0,0,0,0,0,0,0,0,0,0,0,0,106.986,0,0,-17.7553
"MtrElec",6,21,8,"",102.159,0,0,0,0,0,0,0,0,0,0,0,0,0,0,0,0,0,0,0,0,181.005,0,0,-78.8462
"MtrElec",6,21,9,"",26.6696,0,0,0,0,0,0,0,0,0,0,0,0,0,0,0,0,0,0,0,0,221.39,0,0,-194.721
"MtrElec",6,21,10,"",0,0,0,0,0,0,0,0,0,0,0,0,0,0,0,0,0,0,0,0,0,287.832,0,9.24862,-297.08
"MtrElec",6,21,11,"",0.0000078,0,0,0,0,0,0,0,0,0,0,0,0,0,0,0,0,0,0,0,0,257.698,0,116.054,-373.752
"MtrElec",6,21,12,"",0,0,0,0,0,0,0,0,0,0,0,0,0,0,0,0,0,0,0,0,0,280.513,0,146.861,-427.374
"MtrElec",6,21,13,"",-57.8167,0,0,0,0,0,0,0,0,0,0,0,0,0,0,0,0,0,0,0,0,230.425,0,157.698,-445.939
"MtrElec",6,21,14,"",-38.3562,0,0,0,0,0,0,0,0,0,0,0,0,0,0,0,0,0,0,0,0,247.993,0,157.698,-444.047
"MtrElec",6,21,15,"",-166.144,0,0,0,0,0,0,0,0,0,0,0,0,0,0,0,0,0,0,0,0,251.232,0,0.82577,-418.202
"MtrElec",6,21,16,"",-117.656,0,0,0,0,0,0,0,0,0,0,0,0,0,0,0,0,0,0,0,0,243.32,0,0,-360.976
"MtrElec",6,21,17,"",-19.1403,0,0,0,0,0,0,0,0,0,0,0,0,0,0,0,0,0,0,0,0,258.443,0,0,-277.583
"MtrElec",6,21,18,"",108.104,0,0,0,0,0,0,0,0,0,0,0,0,0,0,0,0,0,0,0,0,281.395,0,0,-173.29
"MtrElec",6,21,19,"",134.471,0,0,0,0,0,0,0,0,0,0,0,0,0,0,0,0,0,0,0,0,352.699,0,-157.698,-60.5298
"MtrElec",6,21,20,"",138.898,0,0,0,0,0,0,0,0,0,0,0,0,0,0,0,0,0,0,0,0,307.717,0,-157.698,-11.1217
"MtrElec",6,21,21,"",71.1833,0,0,0,0,0,0,0,0,0,0,0,0,0,0,0,0,0,0,0,0,228.881,0,-157.698,0
"MtrElec",6,21,22,"",192.996,0,0,0,0,0,0,0,0,0,0,0,0,0,0,0,0,0,0,0,0,250.919,0,-57.9237,0
"MtrElec",6,21,23,"",198.037,0,0,0,0,0,0,0,0,0,0,0,0,0,0,0,0,0,0,0,0,198.037,0,0,0
"MtrElec",6,21,24,"",188.279,0,0,0,0,0,0,0,0,0,0,0,0,0,0,0,0,0,0,0,0,188.279,0,0,0
"MtrElec",6,22,1,"",124.302,0,0,0,0,0,0,0,0,0,0,0,0,0,0,0,0,0,0,0,0,124.302,0,0,0
"MtrElec",6,22,2,"",97.4893,0,0,0,0,0,0,0,0,0,0,0,0,0,0,0,0,0,0,0,0,97.4893,0,0,0
"MtrElec",6,22,3,"",95.976,0,0,0,0,0,0,0,0,0,0,0,0,0,0,0,0,0,0,0,0,95.976,0,0,0
"MtrElec",6,22,4,"",127.169,0,0,0,0,0,0,0,0,0,0,0,0,0,0,0,0,0,0,0,0,127.169,0,0,0
"MtrElec",6,22,5,"",83.2822,0,0,0,0,0,0,0,0,0,0,0,0,0,0,0,0,0,0,0,0,83.2822,0,0,0
"MtrElec",6,22,6,"",98.9435,0,0,0,0,0,0,0,0,0,0,0,0,0,0,0,0,0,0,0,0,98.9435,0,0,0
"MtrElec",6,22,7,"",146.516,0,0,0,0,0,0,0,0,0,0,0,0,0,0,0,0,0,0,0,0,167.036,0,0,-20.5195
"MtrElec",6,22,8,"",106.314,0,0,0,0,0,0,0,0,0,0,0,0,0,0,0,0,0,0,0,0,189.847,0,0,-83.533
"MtrElec",6,22,9,"",3.95016,0,0,0,0,0,0,0,0,0,0,0,0,0,0,0,0,0,0,0,0,201.34,0,0,-197.39
"MtrElec",6,22,10,"",0,0,0,0,0,0,0,0,0,0,0,0,0,0,0,0,0,0,0,0,0,237.841,0,58.023,-295.864
"MtrElec",6,22,11,"",0,0,0,0,0,0,0,0,0,0,0,0,0,0,0,0,0,0,0,0,0,247.502,0,124.475,-371.977
"MtrElec",6,22,12,"",-45.1025,0,0,0,0,0,0,0,0,0,0,0,0,0,0,0,0,0,0,0,0,226.116,0,157.698,-428.917
"MtrElec",6,22,13,"",-89.0439,0,0,0,0,0,0,0,0,0,0,0,0,0,0,0,0,0,0,0,0,203.754,0,157.698,-450.496
"MtrElec",6,22,14,"",-196.598,0,0,0,0,0,0,0,0,0,0,0,0,0,0,0,0,0,0,0,0,160.833,0,90.4913,-447.922
"MtrElec",6,22,15,"",-206.775,0,0,0,0,0,0,0,0,0,0,0,0,0,0,0,0,0,0,0,0,211.593,0,0,-418.369
"MtrElec",6,22,16,"",-148.516,0,0,0,0,0,0,0,0,0,0,0,0,0,0,0,0,0,0,0,0,210.634,0,0,-359.15
"MtrElec",6,22,17,"",-22.4632,0,0,0,0,0,0,0,0,0,0,0,0,0,0,0,0,0,0,0,0,254.328,0,0,-276.792
"MtrElec",6,22,18,"",117.415,0,0,0,0,0,0,0,0,0,0,0,0,0,0,0,0,0,0,0,0,289.792,0,0,-172.378
"MtrElec",6,22,19,"",92.8731,0,0,0,0,0,0,0,0,0,0,0,0,0,0,0,0,0,0,0,0,312.547,0,-157.698,-61.9762
"MtrElec",6,22,20,"",143.652,0,0,0,0,0,0,0,0,0,0,0,0,0,0,0,0,0,0,0,0,311.819,0,-157.698,-10.4685
"MtrElec",6,22,21,"",146.162,0,0,0,0,0,0,0,0,0,0,0,0,0,0,0,0,0,0,0,0,303.86,0,-157.698,0
"MtrElec",6,22,22,"",173.418,0,0,0,0,0,0,0,0,0,0,0,0,0,0,0,0,0,0,0,0,231.342,0,-57.9237,0
"MtrElec",6,22,23,"",261.965,0,0,0,0,0,0,0,0,0,0,0,0,0,0,0,0,0,0,0,0,261.965,0,0,0
"MtrElec",6,22,24,"",211.412,0,0,0,0,0,0,0,0,0,0,0,0,0,0,0,0,0,0,0,0,211.412,0,0,0
"MtrElec",6,23,1,"",123.45,0,0,0,0,0,0,0,0,0,0,0,0,0,0,0,0,0,0,0,0,123.45,0,0,0
"MtrElec",6,23,2,"",103.977,0,0,0,0,0,0,0,0,0,0,0,0,0,0,0,0,0,0,0,0,103.977,0,0,0
"MtrElec",6,23,3,"",91.9855,0,0,0,0,0,0,0,0,0,0,0,0,0,0,0,0,0,0,0,0,91.9855,0,0,0
"MtrElec",6,23,4,"",100.127,0,0,0,0,0,0,0,0,0,0,0,0,0,0,0,0,0,0,0,0,100.127,0,0,0
"MtrElec",6,23,5,"",99.1895,0,0,0,0,0,0,0,0,0,0,0,0,0,0,0,0,0,0,0,0,99.1895,0,0,0
"MtrElec",6,23,6,"",127.741,0,0,0,0,0,0,0,0,0,0,0,0,0,0,0,0,0,0,0,0,127.741,0,0,0
"MtrElec",6,23,7,"",145.512,0,0,0,0,0,0,0,0,0,0,0,0,0,0,0,0,0,0,0,0,179.247,0,0,-33.735
"MtrElec",6,23,8,"",127.343,0,0,0,0,0,0,0,0,0,0,0,0,0,0,0,0,0,0,0,0,223.269,0,0,-95.9264
"MtrElec",6,23,9,"",192.356,0,0,0,0,0,0,0,0,0,0,0,0,0,0,0,0,0,0,0,0,258.821,0,0,-66.4651
"MtrElec",6,23,10,"",85.7798,0,0,0,0,0,0,0,0,0,0,0,0,0,0,0,0,0,0,0,0,223.8,0,0,-138.02
"MtrElec",6,23,11,"",0.0000156,0,0,0,0,0,0,0,0,0,0,0,0,0,0,0,0,0,0,0,0,201.628,0,144.081,-345.71
"MtrElec",6,23,12,"",-71.6549,0,0,0,0,0,0,0,0,0,0,0,0,0,0,0,0,0,0,0,0,184.624,0,157.698,-413.977
"MtrElec",6,23,13,"",-3.0735,0,0,0,0,0,0,0,0,0,0,0,0,0,0,0,0,0,0,0,0,233.135,0,157.698,-393.907
"MtrElec",6,23,14,"",-103.587,0,0,0,0,0,0,0,0,0,0,0,0,0,0,0,0,0,0,0,0,175.788,0,128.908,-408.283
"MtrElec",6,23,15,"",-219.34,0,0,0,0,0,0,0,0,0,0,0,0,0,0,0,0,0,0,0,0,193.704,0,0,-413.044
"MtrElec",6,23,16,"",-122.958,0,0,0,0,0,0,0,0,0,0,0,0,0,0,0,0,0,0,0,0,195.806,0,0,-318.764
"MtrElec",6,23,17,"",-8.12358,0,0,0,0,0,0,0,0,0,0,0,0,0,0,0,0,0,0,0,0,213.982,0,0,-222.106
"MtrElec",6,23,18,"",121.078,0,0,0,0,0,0,0,0,0,0,0,0,0,0,0,0,0,0,0,0,262.004,0,0,-140.926
"MtrElec",6,23,19,"",100.42,0,0,0,0,0,0,0,0,0,0,0,0,0,0,0,0,0,0,0,0,313.361,0,-157.698,-55.2432
"MtrElec",6,23,20,"",119.16,0,0,0,0,0,0,0,0,0,0,0,0,0,0,0,0,0,0,0,0,287.863,0,-157.698,-11.006
"MtrElec",6,23,21,"",84.9178,0,0,0,0,0,0,0,0,0,0,0,0,0,0,0,0,0,0,0,0,242.616,0,-157.698,0
"MtrElec",6,23,22,"",137.077,0,0,0,0,0,0,0,0,0,0,0,0,0,0,0,0,0,0,0,0,195.001,0,-57.9237,0
"MtrElec",6,23,23,"",153.248,0,0,0,0,0,0,0,0,0,0,0,0,0,0,0,0,0,0,0,0,153.248,0,0,0
"MtrElec",6,23,24,"",135.732,0,0,0,0,0,0,0,0,0,0,0,0,0,0,0,0,0,0,0,0,135.732,0,0,0
"MtrElec",6,24,1,"",110.427,0,0,0,0,0,0,0,0,0,0,0,0,0,0,0,0,0,0,0,0,110.427,0,0,0
"MtrElec",6,24,2,"",99.4601,0,0,0,0,0,0,0,0,0,0,0,0,0,0,0,0,0,0,0,0,99.4601,0,0,0
"MtrElec",6,24,3,"",89.4602,0,0,0,0,0,0,0,0,0,0,0,0,0,0,0,0,0,0,0,0,89.4602,0,0,0
"MtrElec",6,24,4,"",144.998,0,0,0,0,0,0,0,0,0,0,0,0,0,0,0,0,0,0,0,0,144.998,0,0,0
"MtrElec",6,24,5,"",102.973,0,0,0,0,0,0,0,0,0,0,0,0,0,0,0,0,0,0,0,0,102.973,0,0,0
"MtrElec",6,24,6,"",88.4331,0,0,0,0,0,0,0,0,0,0,0,0,0,0,0,0,0,0,0,0,88.4331,0,0,0
"MtrElec",6,24,7,"",165.03,0,0,0,0,0,0,0,0,0,0,0,0,0,0,0,0,0,0,0,0,167.692,0,0,-2.66217
"MtrElec",6,24,8,"",169.815,0,0,0,0,0,0,0,0,0,0,0,0,0,0,0,0,0,0,0,0,192.925,0,0,-23.1105
"MtrElec",6,24,9,"",152.95,0,0,0,0,0,0,0,0,0,0,0,0,0,0,0,0,0,0,0,0,226.582,0,0,-73.6323
"MtrElec",6,24,10,"",171.516,0,0,0,0,0,0,0,0,0,0,0,0,0,0,0,0,0,0,0,0,291.568,0,0,-120.052
"MtrElec",6,24,11,"",75.2547,0,0,0,0,0,0,0,0,0,0,0,0,0,0,0,0,0,0,0,0,236.874,0,0,-161.62
"MtrElec",6,24,12,"",0,0,0,0,0,0,0,0,0,0,0,0,0,0,0,0,0,0,0,0,0,177.658,0,81.815,-259.472
"MtrElec",6,24,13,"",0.0000078,0,0,0,0,0,0,0,0,0,0,0,0,0,0,0,0,0,0,0,0,200.054,0,121.632,-321.686
"MtrElec",6,24,14,"",-30.7222,0,0,0,0,0,0,0,0,0,0,0,0,0,0,0,0,0,0,0,0,137.95,0,157.698,-326.37
"MtrElec",6,24,15,"",-14.7218,0,0,0,0,0,0,0,0,0,0,0,0,0,0,0,0,0,0,0,0,187.311,0,157.698,-359.731
"MtrElec",6,24,16,"",-66.0623,0,0,0,0,0,0,0,0,0,0,0,0,0,0,0,0,0,0,0,0,206.063,0,69.5424,-341.668
"MtrElec",6,24,17,"",-26.8621,0,0,0,0,0,0,0,0,0,0,0,0,0,0,0,0,0,0,0,0,242.315,0,0,-269.177
"MtrElec",6,24,18,"",89.1601,0,0,0,0,0,0,0,0,0,0,0,0,0,0,0,0,0,0,0,0,256.523,0,0,-167.363
"MtrElec",6,24,19,"",88.885,0,0,0,0,0,0,0,0,0,0,0,0,0,0,0,0,0,0,0,0,306.735,0,-157.698,-60.1517
"MtrElec",6,24,20,"",120.967,0,0,0,0,0,0,0,0,0,0,0,0,0,0,0,0,0,0,0,0,289.139,0,-157.698,-10.4746
"MtrElec",6,24,21,"",110.862,0,0,0,0,0,0,0,0,0,0,0,0,0,0,0,0,0,0,0,0,268.56,0,-157.698,0
"MtrElec",6,24,22,"",192.506,0,0,0,0,0,0,0,0,0,0,0,0,0,0,0,0,0,0,0,0,250.429,0,-57.9237,0
"MtrElec",6,24,23,"",205.299,0,0,0,0,0,0,0,0,0,0,0,0,0,0,0,0,0,0,0,0,205.299,0,0,0
"MtrElec",6,24,24,"",152.756,0,0,0,0,0,0,0,0,0,0,0,0,0,0,0,0,0,0,0,0,152.756,0,0,0
"MtrElec",6,25,1,"",139.312,0,0,0,0,0,0,0,0,0,0,0,0,0,0,0,0,0,0,0,0,139.312,0,0,0
"MtrElec",6,25,2,"",101.191,0,0,0,0,0,0,0,0,0,0,0,0,0,0,0,0,0,0,0,0,101.191,0,0,0
"MtrElec",6,25,3,"",94.1689,0,0,0,0,0,0,0,0,0,0,0,0,0,0,0,0,0,0,0,0,94.1689,0,0,0
"MtrElec",6,25,4,"",106.173,0,0,0,0,0,0,0,0,0,0,0,0,0,0,0,0,0,0,0,0,106.173,0,0,0
"MtrElec",6,25,5,"",103.274,0,0,0,0,0,0,0,0,0,0,0,0,0,0,0,0,0,0,0,0,103.274,0,0,0
"MtrElec",6,25,6,"",129.982,0,0,0,0,0,0,0,0,0,0,0,0,0,0,0,0,0,0,0,0,129.982,0,0,0
"MtrElec",6,25,7,"",148.181,0,0,0,0,0,0,0,0,0,0,0,0,0,0,0,0,0,0,0,0,162.439,0,0,-14.2584
"MtrElec",6,25,8,"",144.594,0,0,0,0,0,0,0,0,0,0,0,0,0,0,0,0,0,0,0,0,222.125,0,0,-77.5304
"MtrElec",6,25,9,"",28.3892,0,0,0,0,0,0,0,0,0,0,0,0,0,0,0,0,0,0,0,0,215.948,0,0,-187.559
"MtrElec",6,25,10,"",0,0,0,0,0,0,0,0,0,0,0,0,0,0,0,0,0,0,0,0,0,198.076,0,84.7871,-282.863
"MtrElec",6,25,11,"",0.0000156,0,0,0,0,0,0,0,0,0,0,0,0,0,0,0,0,0,0,0,0,212.774,0,141.712,-354.486
"MtrElec",6,25,12,"",-28.8672,0,0,0,0,0,0,0,0,0,0,0,0,0,0,0,0,0,0,0,0,214.327,0,157.698,-400.892
"MtrElec",6,25,13,"",-53.2197,0,0,0,0,0,0,0,0,0,0,0,0,0,0,0,0,0,0,0,0,220.342,0,157.698,-431.259
"MtrElec",6,25,14,"",-228.945,0,0,0,0,0,0,0,0,0,0,0,0,0,0,0,0,0,0,0,0,156.261,0,46.4905,-431.696
"MtrElec",6,25,15,"",-206.711,0,0,0,0,0,0,0,0,0,0,0,0,0,0,0,0,0,0,0,0,200.499,0,0,-407.21
"MtrElec",6,25,16,"",-130.027,0,0,0,0,0,0,0,0,0,0,0,0,0,0,0,0,0,0,0,0,223.006,0,0,-353.033
"MtrElec",6,25,17,"",-46.4526,0,0,0,0,0,0,0,0,0,0,0,0,0,0,0,0,0,0,0,0,223.222,0,0,-269.674
"MtrElec",6,25,18,"",121.742,0,0,0,0,0,0,0,0,0,0,0,0,0,0,0,0,0,0,0,0,288.907,0,0,-167.164
"MtrElec",6,25,19,"",122.098,0,0,0,0,0,0,0,0,0,0,0,0,0,0,0,0,0,0,0,0,339.431,0,-157.698,-59.6348
"MtrElec",6,25,20,"",149.748,0,0,0,0,0,0,0,0,0,0,0,0,0,0,0,0,0,0,0,0,317.069,0,-157.698,-9.62325
"MtrElec",6,25,21,"",132.254,0,0,0,0,0,0,0,0,0,0,0,0,0,0,0,0,0,0,0,0,289.952,0,-157.698,0
"MtrElec",6,25,22,"",176.275,0,0,0,0,0,0,0,0,0,0,0,0,0,0,0,0,0,0,0,0,234.199,0,-57.9237,0
"MtrElec",6,25,23,"",215.146,0,0,0,0,0,0,0,0,0,0,0,0,0,0,0,0,0,0,0,0,215.146,0,0,0
"MtrElec",6,25,24,"",160.598,0,0,0,0,0,0,0,0,0,0,0,0,0,0,0,0,0,0,0,0,160.598,0,0,0
"MtrElec",6,26,1,"",103.315,0,0,0,0,0,0,0,0,0,0,0,0,0,0,0,0,0,0,0,0,103.315,0,0,0
"MtrElec",6,26,2,"",111.322,0,0,0,0,0,0,0,0,0,0,0,0,0,0,0,0,0,0,0,0,111.322,0,0,0
"MtrElec",6,26,3,"",102.499,0,0,0,0,0,0,0,0,0,0,0,0,0,0,0,0,0,0,0,0,102.499,0,0,0
"MtrElec",6,26,4,"",126.637,0,0,0,0,0,0,0,0,0,0,0,0,0,0,0,0,0,0,0,0,126.637,0,0,0
"MtrElec",6,26,5,"",93.5779,0,0,0,0,0,0,0,0,0,0,0,0,0,0,0,0,0,0,0,0,93.5779,0,0,0
"MtrElec",6,26,6,"",99.888,0,0,0,0,0,0,0,0,0,0,0,0,0,0,0,0,0,0,0,0,99.888,0,0,0
"MtrElec",6,26,7,"",131.115,0,0,0,0,0,0,0,0,0,0,0,0,0,0,0,0,0,0,0,0,147.944,0,0,-16.829
"MtrElec",6,26,8,"",146.794,0,0,0,0,0,0,0,0,0,0,0,0,0,0,0,0,0,0,0,0,223.047,0,0,-76.253
"MtrElec",6,26,9,"",59.9206,0,0,0,0,0,0,0,0,0,0,0,0,0,0,0,0,0,0,0,0,244.096,0,0,-184.176
"MtrElec",6,26,10,"",0,0,0,0,0,0,0,0,0,0,0,0,0,0,0,0,0,0,0,0,0,259.381,0,18.616,-277.997
"MtrElec",6,26,11,"",0,0,0,0,0,0,0,0,0,0,0,0,0,0,0,0,0,0,0,0,0,281.249,0,65.9405,-347.189
"MtrElec",6,26,12,"",0,0,0,0,0,0,0,0,0,0,0,0,0,0,0,0,0,0,0,0,0,261.53,0,136.367,-397.896
"MtrElec",6,26,13,"",-17.2068,0,0,0,0,0,0,0,0,0,0,0,0,0,0,0,0,0,0,0,0,252.206,0,157.698,-427.111
"MtrElec",6,26,14,"",-22.6265,0,0,0,0,0,0,0,0,0,0,0,0,0,0,0,0,0,0,0,0,247.457,0,157.698,-427.782
"MtrElec",6,26,15,"",-74.8362,0,0,0,0,0,0,0,0,0,0,0,0,0,0,0,0,0,0,0,0,274.996,0,52.0661,-401.899
"MtrElec",6,26,16,"",-101.251,0,0,0,0,0,0,0,0,0,0,0,0,0,0,0,0,0,0,0,0,244.501,0,0,-345.751
"MtrElec",6,26,17,"",56.6488,0,0,0,0,0,0,0,0,0,0,0,0,0,0,0,0,0,0,0,0,321.349,0,0,-264.7
"MtrElec",6,26,18,"",213.482,0,0,0,0,0,0,0,0,0,0,0,0,0,0,0,0,0,0,0,0,377.905,0,0,-164.423
"MtrElec",6,26,19,"",183.837,0,0,0,0,0,0,0,0,0,0,0,0,0,0,0,0,0,0,0,0,401.302,0,-157.698,-59.7664
"MtrElec",6,26,20,"",202.693,0,0,0,0,0,0,0,0,0,0,0,0,0,0,0,0,0,0,0,0,369.354,0,-157.698,-8.96339
"MtrElec",6,26,21,"",143.911,0,0,0,0,0,0,0,0,0,0,0,0,0,0,0,0,0,0,0,0,301.609,0,-157.698,0
"MtrElec",6,26,22,"",215.966,0,0,0,0,0,0,0,0,0,0,0,0,0,0,0,0,0,0,0,0,273.889,0,-57.9237,0
"MtrElec",6,26,23,"",279.045,0,0,0,0,0,0,0,0,0,0,0,0,0,0,0,0,0,0,0,0,279.045,0,0,0
"MtrElec",6,26,24,"",188.349,0,0,0,0,0,0,0,0,0,0,0,0,0,0,0,0,0,0,0,0,188.349,0,0,0
"MtrElec",6,27,1,"",173.118,0,0,0,0,0,0,0,0,0,0,0,0,0,0,0,0,0,0,0,0,173.118,0,0,0
"MtrElec",6,27,2,"",119.081,0,0,0,0,0,0,0,0,0,0,0,0,0,0,0,0,0,0,0,0,119.081,0,0,0
"MtrElec",6,27,3,"",99.7918,0,0,0,0,0,0,0,0,0,0,0,0,0,0,0,0,0,0,0,0,99.7918,0,0,0
"MtrElec",6,27,4,"",114.956,0,0,0,0,0,0,0,0,0,0,0,0,0,0,0,0,0,0,0,0,114.956,0,0,0
"MtrElec",6,27,5,"",134.626,0,0,0,0,0,0,0,0,0,0,0,0,0,0,0,0,0,0,0,0,134.626,0,0,0
"MtrElec",6,27,6,"",92.1216,0,0,0,0,0,0,0,0,0,0,0,0,0,0,0,0,0,0,0,0,92.1216,0,0,0
"MtrElec",6,27,7,"",144.923,0,0,0,0,0,0,0,0,0,0,0,0,0,0,0,0,0,0,0,0,161.098,0,0,-16.1749
"MtrElec",6,27,8,"",117.385,0,0,0,0,0,0,0,0,0,0,0,0,0,0,0,0,0,0,0,0,194.381,0,0,-76.9952
"MtrElec",6,27,9,"",48.6182,0,0,0,0,0,0,0,0,0,0,0,0,0,0,0,0,0,0,0,0,233.52,0,0,-184.901
"MtrElec",6,27,10,"",9.95747,0,0,0,0,0,0,0,0,0,0,0,0,0,0,0,0,0,0,0,0,288.712,0,0,-278.755
"MtrElec",6,27,11,"",47.7401,0,0,0,0,0,0,0,0,0,0,0,0,0,0,0,0,0,0,0,0,403.315,0,0,-355.575
"MtrElec",6,27,12,"",24.2157,0,0,0,0,0,0,0,0,0,0,0,0,0,0,0,0,0,0,0,0,434.12,0,0,-409.904
"MtrElec",6,27,13,"",0,0,0,0,0,0,0,0,0,0,0,0,0,0,0,0,0,0,0,0,0,416.639,0,16.4878,-433.127
"MtrElec",6,27,14,"",0.0000078,0,0,0,0,0,0,0,0,0,0,0,0,0,0,0,0,0,0,0,0,345.824,0,86.0313,-431.855
"MtrElec",6,27,15,"",0,0,0,0,0,0,0,0,0,0,0,0,0,0,0,0,0,0,0,0,0,354.89,0,48.5086,-403.398
"MtrElec",6,27,16,"",0.0000005,0,0,0,0,0,0,0,0,0,0,0,0,0,0,0,0,0,0,0,0,342.886,0,5.15134,-348.037
"MtrElec",6,27,17,"",122.675,0,0,0,0,0,0,0,0,0,0,0,0,0,0,0,0,0,0,0,0,391.475,0,0,-268.8
"MtrElec",6,27,18,"",245.864,0,0,0,0,0,0,0,0,0,0,0,0,0,0,0,0,0,0,0,0,413.712,0,0,-167.848
"MtrElec",6,27,19,"",296.057,0,0,0,0,0,0,0,0,0,0,0,0,0,0,0,0,0,0,0,0,496.173,0,-140.952,-59.1644
"MtrElec",6,27,20,"",393.801,0,0,0,0,0,0,0,0,0,0,0,0,0,0,0,0,0,0,0,0,403.383,0,0,-9.58254
"MtrElec",6,27,21,"",298.923,0,0,0,0,0,0,0,0,0,0,0,0,0,0,0,0,0,0,0,0,298.923,0,0,0
"MtrElec",6,27,22,"",269.396,0,0,0,0,0,0,0,0,0,0,0,0,0,0,0,0,0,0,0,0,269.396,0,0,0
"MtrElec",6,27,23,"",227.27,0,0,0,0,0,0,0,0,0,0,0,0,0,0,0,0,0,0,0,0,227.27,0,0,0
"MtrElec",6,27,24,"",172.479,0,0,0,0,0,0,0,0,0,0,0,0,0,0,0,0,0,0,0,0,172.479,0,0,0
"MtrElec",6,28,1,"",135.292,0,0,0,0,0,0,0,0,0,0,0,0,0,0,0,0,0,0,0,0,135.292,0,0,0
"MtrElec",6,28,2,"",126.744,0,0,0,0,0,0,0,0,0,0,0,0,0,0,0,0,0,0,0,0,126.744,0,0,0
"MtrElec",6,28,3,"",118.132,0,0,0,0,0,0,0,0,0,0,0,0,0,0,0,0,0,0,0,0,118.132,0,0,0
"MtrElec",6,28,4,"",135.228,0,0,0,0,0,0,0,0,0,0,0,0,0,0,0,0,0,0,0,0,135.228,0,0,0
"MtrElec",6,28,5,"",145.969,0,0,0,0,0,0,0,0,0,0,0,0,0,0,0,0,0,0,0,0,145.969,0,0,0
"MtrElec",6,28,6,"",107.293,0,0,0,0,0,0,0,0,0,0,0,0,0,0,0,0,0,0,0,0,107.293,0,0,0
"MtrElec",6,28,7,"",108.595,0,0,0,0,0,0,0,0,0,0,0,0,0,0,0,0,0,0,0,0,126.312,0,0,-17.7166
"MtrElec",6,28,8,"",136.257,0,0,0,0,0,0,0,0,0,0,0,0,0,0,0,0,0,0,0,0,212.503,0,0,-76.246
"MtrElec",6,28,9,"",87.5578,0,0,0,0,0,0,0,0,0,0,0,0,0,0,0,0,0,0,0,0,269.519,0,0,-181.962
"MtrElec",6,28,10,"",71.9466,0,0,0,0,0,0,0,0,0,0,0,0,0,0,0,0,0,0,0,0,345.878,0,0,-273.932
"MtrElec",6,28,11,"",26.4411,0,0,0,0,0,0,0,0,0,0,0,0,0,0,0,0,0,0,0,0,373.878,0,0,-347.437
"MtrElec",6,28,12,"",0.0000039,0,0,0,0,0,0,0,0,0,0,0,0,0,0,0,0,0,0,0,0,347.451,0,49.9504,-397.402
"MtrElec",6,28,13,"",0.0000078,0,0,0,0,0,0,0,0,0,0,0,0,0,0,0,0,0,0,0,0,348.393,0,73.4471,-421.84
"MtrElec",6,28,14,"",0,0,0,0,0,0,0,0,0,0,0,0,0,0,0,0,0,0,0,0,0,350.488,0,71.9625,-422.451
"MtrElec",6,28,15,"",1.60034,0,0,0,0,0,0,0,0,0,0,0,0,0,0,0,0,0,0,0,0,397.364,0,0,-395.764
"MtrElec",6,28,16,"",2.37353,0,0,0,0,0,0,0,0,0,0,0,0,0,0,0,0,0,0,0,0,346.946,0,0,-344.573
"MtrElec",6,28,17,"",115.963,0,0,0,0,0,0,0,0,0,0,0,0,0,0,0,0,0,0,0,0,381.317,0,0,-265.354
"MtrElec",6,28,18,"",248.438,0,0,0,0,0,0,0,0,0,0,0,0,0,0,0,0,0,0,0,0,413.179,0,0,-164.742
"MtrElec",6,28,19,"",229.908,0,0,0,0,0,0,0,0,0,0,0,0,0,0,0,0,0,0,0,0,447.639,0,-157.698,-60.0325
"MtrElec",6,28,20,"",364.572,0,0,0,0,0,0,0,0,0,0,0,0,0,0,0,0,0,0,0,0,392.857,0,-18.6144,-9.67038
"MtrElec",6,28,21,"",351.887,0,0,0,0,0,0,0,0,0,0,0,0,0,0,0,0,0,0,0,0,351.887,0,0,0
"MtrElec",6,28,22,"",338.983,0,0,0,0,0,0,0,0,0,0,0,0,0,0,0,0,0,0,0,0,338.983,0,0,0
"MtrElec",6,28,23,"",196.747,0,0,0,0,0,0,0,0,0,0,0,0,0,0,0,0,0,0,0,0,196.747,0,0,0
"MtrElec",6,28,24,"",219.946,0,0,0,0,0,0,0,0,0,0,0,0,0,0,0,0,0,0,0,0,219.946,0,0,0
"MtrElec",6,29,1,"",142.92,0,0,0,0,0,0,0,0,0,0,0,0,0,0,0,0,0,0,0,0,142.92,0,0,0
"MtrElec",6,29,2,"",116.261,0,0,0,0,0,0,0,0,0,0,0,0,0,0,0,0,0,0,0,0,116.261,0,0,0
"MtrElec",6,29,3,"",125.1,0,0,0,0,0,0,0,0,0,0,0,0,0,0,0,0,0,0,0,0,125.1,0,0,0
"MtrElec",6,29,4,"",119.839,0,0,0,0,0,0,0,0,0,0,0,0,0,0,0,0,0,0,0,0,119.839,0,0,0
"MtrElec",6,29,5,"",101.63,0,0,0,0,0,0,0,0,0,0,0,0,0,0,0,0,0,0,0,0,101.63,0,0,0
"MtrElec",6,29,6,"",132.65,0,0,0,0,0,0,0,0,0,0,0,0,0,0,0,0,0,0,0,0,132.65,0,0,0
"MtrElec",6,29,7,"",177.341,0,0,0,0,0,0,0,0,0,0,0,0,0,0,0,0,0,0,0,0,194.408,0,0,-17.0674
"MtrElec",6,29,8,"",191.25,0,0,0,0,0,0,0,0,0,0,0,0,0,0,0,0,0,0,0,0,268.289,0,0,-77.0383
"MtrElec",6,29,9,"",93.3216,0,0,0,0,0,0,0,0,0,0,0,0,0,0,0,0,0,0,0,0,271.616,0,0,-178.294
"MtrElec",6,29,10,"",30.3309,0,0,0,0,0,0,0,0,0,0,0,0,0,0,0,0,0,0,0,0,296.04,0,0,-265.709
"MtrElec",6,29,11,"",4.85122,0,0,0,0,0,0,0,0,0,0,0,0,0,0,0,0,0,0,0,0,335.674,0,0,-330.823
"MtrElec",6,29,12,"",0.0000039,0,0,0,0,0,0,0,0,0,0,0,0,0,0,0,0,0,0,0,0,322.96,0,58.9928,-381.953
"MtrElec",6,29,13,"",0.0000039,0,0,0,0,0,0,0,0,0,0,0,0,0,0,0,0,0,0,0,0,357.787,0,50.385,-408.172
"MtrElec",6,29,14,"",0,0,0,0,0,0,0,0,0,0,0,0,0,0,0,0,0,0,0,0,0,314.428,0,88.5745,-403.002
"MtrElec",6,29,15,"",0,0,0,0,0,0,0,0,0,0,0,0,0,0,0,0,0,0,0,0,0,340.349,0,24.4983,-364.847
"MtrElec",6,29,16,"",2.54816,0,0,0,0,0,0,0,0,0,0,0,0,0,0,0,0,0,0,0,0,317.905,0,0,-315.357
"MtrElec",6,29,17,"",141.379,0,0,0,0,0,0,0,0,0,0,0,0,0,0,0,0,0,0,0,0,381.607,0,0,-240.228
"MtrElec",6,29,18,"",245.577,0,0,0,0,0,0,0,0,0,0,0,0,0,0,0,0,0,0,0,0,395.266,0,0,-149.689
"MtrElec",6,29,19,"",196.554,0,0,0,0,0,0,0,0,0,0,0,0,0,0,0,0,0,0,0,0,418.243,0,-157.698,-63.9913
"MtrElec",6,29,20,"",317.281,0,0,0,0,0,0,0,0,0,0,0,0,0,0,0,0,0,0,0,0,372.766,0,-43.0638,-12.4214
"MtrElec",6,29,21,"",318.506,0,0,0,0,0,0,0,0,0,0,0,0,0,0,0,0,0,0,0,0,318.506,0,0,0
"MtrElec",6,29,22,"",261.689,0,0,0,0,0,0,0,0,0,0,0,0,0,0,0,0,0,0,0,0,261.689,0,0,0
"MtrElec",6,29,23,"",280.216,0,0,0,0,0,0,0,0,0,0,0,0,0,0,0,0,0,0,0,0,280.216,0,0,0
"MtrElec",6,29,24,"",220.068,0,0,0,0,0,0,0,0,0,0,0,0,0,0,0,0,0,0,0,0,220.068,0,0,0
"MtrElec",6,30,1,"",170.312,0,0,0,0,0,0,0,0,0,0,0,0,0,0,0,0,0,0,0,0,170.312,0,0,0
"MtrElec",6,30,2,"",142.281,0,0,0,0,0,0,0,0,0,0,0,0,0,0,0,0,0,0,0,0,142.281,0,0,0
"MtrElec",6,30,3,"",128.548,0,0,0,0,0,0,0,0,0,0,0,0,0,0,0,0,0,0,0,0,128.548,0,0,0
"MtrElec",6,30,4,"",113.415,0,0,0,0,0,0,0,0,0,0,0,0,0,0,0,0,0,0,0,0,113.415,0,0,0
"MtrElec",6,30,5,"",114.724,0,0,0,0,0,0,0,0,0,0,0,0,0,0,0,0,0,0,0,0,114.724,0,0,0
"MtrElec",6,30,6,"",141.07,0,0,0,0,0,0,0,0,0,0,0,0,0,0,0,0,0,0,0,0,141.07,0,0,0
"MtrElec",6,30,7,"",180.706,0,0,0,0,0,0,0,0,0,0,0,0,0,0,0,0,0,0,0,0,200.792,0,0,-20.0861
"MtrElec",6,30,8,"",203.224,0,0,0,0,0,0,0,0,0,0,0,0,0,0,0,0,0,0,0,0,283.776,0,0,-80.5519
"MtrElec",6,30,9,"",149.931,0,0,0,0,0,0,0,0,0,0,0,0,0,0,0,0,0,0,0,0,323.731,0,0,-173.8
"MtrElec",6,30,10,"",125.705,0,0,0,0,0,0,0,0,0,0,0,0,0,0,0,0,0,0,0,0,384.534,0,0,-258.829
"MtrElec",6,30,11,"",114.417,0,0,0,0,0,0,0,0,0,0,0,0,0,0,0,0,0,0,0,0,398.108,0,0,-283.691
"MtrElec",6,30,12,"",21.5832,0,0,0,0,0,0,0,0,0,0,0,0,0,0,0,0,0,0,0,0,379.88,0,0,-358.297
"MtrElec",6,30,13,"",59.5307,0,0,0,0,0,0,0,0,0,0,0,0,0,0,0,0,0,0,0,0,413.835,0,0,-354.304
"MtrElec",6,30,14,"",0.0000002,0,0,0,0,0,0,0,0,0,0,0,0,0,0,0,0,0,0,0,0,319.63,0,2.99663,-322.627
"MtrElec",6,30,15,"",0.0000039,0,0,0,0,0,0,0,0,0,0,0,0,0,0,0,0,0,0,0,0,307.045,0,56.4334,-363.478
"MtrElec",6,30,16,"",0.0000020,0,0,0,0,0,0,0,0,0,0,0,0,0,0,0,0,0,0,0,0,276.901,0,27.2089,-304.11
"MtrElec",6,30,17,"",117.359,0,0,0,0,0,0,0,0,0,0,0,0,0,0,0,0,0,0,0,0,349.209,0,0,-231.85
"MtrElec",6,30,18,"",173.768,0,0,0,0,0,0,0,0,0,0,0,0,0,0,0,0,0,0,0,0,321.651,0,0,-147.884
"MtrElec",6,30,19,"",202.13,0,0,0,0,0,0,0,0,0,0,0,0,0,0,0,0,0,0,0,0,345.698,0,-78.1916,-65.3761
"MtrElec",6,30,20,"",380.45,0,0,0,0,0,0,0,0,0,0,0,0,0,0,0,0,0,0,0,0,391.499,0,0,-11.0485
"MtrElec",6,30,21,"",390.584,0,0,0,0,0,0,0,0,0,0,0,0,0,0,0,0,0,0,0,0,390.584,0,0,0
"MtrElec",6,30,22,"",284.037,0,0,0,0,0,0,0,0,0,0,0,0,0,0,0,0,0,0,0,0,284.037,0,0,0
"MtrElec",6,30,23,"",319.278,0,0,0,0,0,0,0,0,0,0,0,0,0,0,0,0,0,0,0,0,319.278,0,0,0
"MtrElec",6,30,24,"",197.007,0,0,0,0,0,0,0,0,0,0,0,0,0,0,0,0,0,0,0,0,197.007,0,0,0
"MtrElec",7,1,1,"",168.126,0,0,0,0,0,0,0,0,0,0,0,0,0,0,0,0,0,0,0,0,168.126,0,0,0
"MtrElec",7,1,2,"",125.011,0,0,0,0,0,0,0,0,0,0,0,0,0,0,0,0,0,0,0,0,125.011,0,0,0
"MtrElec",7,1,3,"",102.783,0,0,0,0,0,0,0,0,0,0,0,0,0,0,0,0,0,0,0,0,102.783,0,0,0
"MtrElec",7,1,4,"",102.928,0,0,0,0,0,0,0,0,0,0,0,0,0,0,0,0,0,0,0,0,102.928,0,0,0
"MtrElec",7,1,5,"",101.779,0,0,0,0,0,0,0,0,0,0,0,0,0,0,0,0,0,0,0,0,101.779,0,0,0
"MtrElec",7,1,6,"",93.6537,0,0,0,0,0,0,0,0,0,0,0,0,0,0,0,0,0,0,0,0,93.6537,0,0,0
"MtrElec",7,1,7,"",154.543,0,0,0,0,0,0,0,0,0,0,0,0,0,0,0,0,0,0,0,0,171.53,0,0,-16.9872
"MtrElec",7,1,8,"",147.431,0,0,0,0,0,0,0,0,0,0,0,0,0,0,0,0,0,0,0,0,224.868,0,0,-77.4362
"MtrElec",7,1,9,"",91.9782,0,0,0,0,0,0,0,0,0,0,0,0,0,0,0,0,0,0,0,0,280.437,0,0,-188.459
"MtrElec",7,1,10,"",18.2199,0,0,0,0,0,0,0,0,0,0,0,0,0,0,0,0,0,0,0,0,305.673,0,0,-287.454
"MtrElec",7,1,11,"",0,0,0,0,0,0,0,0,0,0,0,0,0,0,0,0,0,0,0,0,0,292.724,0,66.9856,-359.709
"MtrElec",7,1,12,"",0,0,0,0,0,0,0,0,0,0,0,0,0,0,0,0,0,0,0,0,0,275.42,0,135.17,-410.59
"MtrElec",7,1,13,"",0.0000078,0,0,0,0,0,0,0,0,0,0,0,0,0,0,0,0,0,0,0,0,309.524,0,127.87,-437.394
"MtrElec",7,1,14,"",0.0000156,0,0,0,0,0,0,0,0,0,0,0,0,0,0,0,0,0,0,0,0,285.02,0,150.321,-435.341
"MtrElec",7,1,15,"",0,0,0,0,0,0,0,0,0,0,0,0,0,0,0,0,0,0,0,0,0,313.349,0,93.0949,-406.444
"MtrElec",7,1,16,"",-34.61,0,0,0,0,0,0,0,0,0,0,0,0,0,0,0,0,0,0,0,0,301.459,0,14.9433,-351.012
"MtrElec",7,1,17,"",115.491,0,0,0,0,0,0,0,0,0,0,0,0,0,0,0,0,0,0,0,0,387.042,0,0,-271.552
"MtrElec",7,1,18,"",231.616,0,0,0,0,0,0,0,0,0,0,0,0,0,0,0,0,0,0,0,0,401.977,0,0,-170.362
"MtrElec",7,1,19,"",198.556,0,0,0,0,0,0,0,0,0,0,0,0,0,0,0,0,0,0,0,0,418.803,0,-157.698,-62.5485
"MtrElec",7,1,20,"",235.545,0,0,0,0,0,0,0,0,0,0,0,0,0,0,0,0,0,0,0,0,403.397,0,-157.698,-10.1543
"MtrElec",7,1,21,"",220.667,0,0,0,0,0,0,0,0,0,0,0,0,0,0,0,0,0,0,0,0,378.365,0,-157.698,0
"MtrElec",7,1,22,"",229.405,0,0,0,0,0,0,0,0,0,0,0,0,0,0,0,0,0,0,0,0,287.329,0,-57.9237,0
"MtrElec",7,1,23,"",238.28,0,0,0,0,0,0,0,0,0,0,0,0,0,0,0,0,0,0,0,0,238.28,0,0,0
"MtrElec",7,1,24,"",166.415,0,0,0,0,0,0,0,0,0,0,0,0,0,0,0,0,0,0,0,0,166.415,0,0,0
"MtrElec",7,2,1,"",172.014,0,0,0,0,0,0,0,0,0,0,0,0,0,0,0,0,0,0,0,0,172.014,0,0,0
"MtrElec",7,2,2,"",122.529,0,0,0,0,0,0,0,0,0,0,0,0,0,0,0,0,0,0,0,0,122.529,0,0,0
"MtrElec",7,2,3,"",108.729,0,0,0,0,0,0,0,0,0,0,0,0,0,0,0,0,0,0,0,0,108.729,0,0,0
"MtrElec",7,2,4,"",97.3118,0,0,0,0,0,0,0,0,0,0,0,0,0,0,0,0,0,0,0,0,97.3118,0,0,0
"MtrElec",7,2,5,"",100.383,0,0,0,0,0,0,0,0,0,0,0,0,0,0,0,0,0,0,0,0,100.383,0,0,0
"MtrElec",7,2,6,"",115.968,0,0,0,0,0,0,0,0,0,0,0,0,0,0,0,0,0,0,0,0,115.968,0,0,0
"MtrElec",7,2,7,"",152.527,0,0,0,0,0,0,0,0,0,0,0,0,0,0,0,0,0,0,0,0,170.273,0,0,-17.7455
"MtrElec",7,2,8,"",151.312,0,0,0,0,0,0,0,0,0,0,0,0,0,0,0,0,0,0,0,0,230.551,0,0,-79.2386
"MtrElec",7,2,9,"",58.006,0,0,0,0,0,0,0,0,0,0,0,0,0,0,0,0,0,0,0,0,244.782,0,0,-186.776
"MtrElec",7,2,10,"",0,0,0,0,0,0,0,0,0,0,0,0,0,0,0,0,0,0,0,0,0,276.58,0,11.5425,-288.123
"MtrElec",7,2,11,"",0.0000039,0,0,0,0,0,0,0,0,0,0,0,0,0,0,0,0,0,0,0,0,318.035,0,47.1497,-365.185
"MtrElec",7,2,12,"",0.0000078,0,0,0,0,0,0,0,0,0,0,0,0,0,0,0,0,0,0,0,0,300.209,0,113.475,-413.683
"MtrElec",7,2,13,"",-33.1769,0,0,0,0,0,0,0,0,0,0,0,0,0,0,0,0,0,0,0,0,246.301,0,157.698,-437.176
"MtrElec",7,2,14,"",0,0,0,0,0,0,0,0,0,0,0,0,0,0,0,0,0,0,0,0,0,280.578,0,156.639,-437.217
"MtrElec",7,2,15,"",-7.88594,0,0,0,0,0,0,0,0,0,0,0,0,0,0,0,0,0,0,0,0,298.603,0,101.881,-408.37
"MtrElec",7,2,16,"",-44.4887,0,0,0,0,0,0,0,0,0,0,0,0,0,0,0,0,0,0,0,0,307.673,0,0,-352.161
"MtrElec",7,2,17,"",113.202,0,0,0,0,0,0,0,0,0,0,0,0,0,0,0,0,0,0,0,0,384.5,0,0,-271.299
"MtrElec",7,2,18,"",223.414,0,0,0,0,0,0,0,0,0,0,0,0,0,0,0,0,0,0,0,0,393.454,0,0,-170.04
"MtrElec",7,2,19,"",177.568,0,0,0,0,0,0,0,0,0,0,0,0,0,0,0,0,0,0,0,0,397.845,0,-157.698,-62.5797
"MtrElec",7,2,20,"",235.843,0,0,0,0,0,0,0,0,0,0,0,0,0,0,0,0,0,0,0,0,403.67,0,-157.698,-10.1292
"MtrElec",7,2,21,"",269.533,0,0,0,0,0,0,0,0,0,0,0,0,0,0,0,0,0,0,0,0,427.231,0,-157.698,0
"MtrElec",7,2,22,"",242.132,0,0,0,0,0,0,0,0,0,0,0,0,0,0,0,0,0,0,0,0,300.056,0,-57.9237,0
"MtrElec",7,2,23,"",267.064,0,0,0,0,0,0,0,0,0,0,0,0,0,0,0,0,0,0,0,0,267.064,0,0,0
"MtrElec",7,2,24,"",202.667,0,0,0,0,0,0,0,0,0,0,0,0,0,0,0,0,0,0,0,0,202.667,0,0,0
"MtrElec",7,3,1,"",137.041,0,0,0,0,0,0,0,0,0,0,0,0,0,0,0,0,0,0,0,0,137.041,0,0,0
"MtrElec",7,3,2,"",124.779,0,0,0,0,0,0,0,0,0,0,0,0,0,0,0,0,0,0,0,0,124.779,0,0,0
"MtrElec",7,3,3,"",100.524,0,0,0,0,0,0,0,0,0,0,0,0,0,0,0,0,0,0,0,0,100.524,0,0,0
"MtrElec",7,3,4,"",109.806,0,0,0,0,0,0,0,0,0,0,0,0,0,0,0,0,0,0,0,0,109.806,0,0,0
"MtrElec",7,3,5,"",104.14,0,0,0,0,0,0,0,0,0,0,0,0,0,0,0,0,0,0,0,0,104.14,0,0,0
"MtrElec",7,3,6,"",116.266,0,0,0,0,0,0,0,0,0,0,0,0,0,0,0,0,0,0,0,0,116.266,0,0,0
"MtrElec",7,3,7,"",114.678,0,0,0,0,0,0,0,0,0,0,0,0,0,0,0,0,0,0,0,0,132.363,0,0,-17.6848
"MtrElec",7,3,8,"",122.8,0,0,0,0,0,0,0,0,0,0,0,0,0,0,0,0,0,0,0,0,200.087,0,0,-77.2872
"MtrElec",7,3,9,"",100.176,0,0,0,0,0,0,0,0,0,0,0,0,0,0,0,0,0,0,0,0,280.962,0,0,-180.787
"MtrElec",7,3,10,"",117.601,0,0,0,0,0,0,0,0,0,0,0,0,0,0,0,0,0,0,0,0,389.933,0,0,-272.331
"MtrElec",7,3,11,"",56.0139,0,0,0,0,0,0,0,0,0,0,0,0,0,0,0,0,0,0,0,0,405.318,0,0,-349.304
"MtrElec",7,3,12,"",45.6573,0,0,0,0,0,0,0,0,0,0,0,0,0,0,0,0,0,0,0,0,443.295,0,0,-397.638
"MtrElec",7,3,13,"",0.0000020,0,0,0,0,0,0,0,0,0,0,0,0,0,0,0,0,0,0,0,0,392.307,0,25.3787,-417.686
"MtrElec",7,3,14,"",0,0,0,0,0,0,0,0,0,0,0,0,0,0,0,0,0,0,0,0,0,397.559,0,16.7423,-414.301
"MtrElec",7,3,15,"",0,0,0,0,0,0,0,0,0,0,0,0,0,0,0,0,0,0,0,0,0,345.79,0,42.0813,-387.871
"MtrElec",7,3,16,"",31.304,0,0,0,0,0,0,0,0,0,0,0,0,0,0,0,0,0,0,0,0,349.181,0,0,-317.877
"MtrElec",7,3,17,"",161.655,0,0,0,0,0,0,0,0,0,0,0,0,0,0,0,0,0,0,0,0,418.127,0,0,-256.472
"MtrElec",7,3,18,"",241.701,0,0,0,0,0,0,0,0,0,0,0,0,0,0,0,0,0,0,0,0,402.148,0,0,-160.447
"MtrElec",7,3,19,"",256.564,0,0,0,0,0,0,0,0,0,0,0,0,0,0,0,0,0,0,0,0,395.709,0,-75.9926,-63.1526
"MtrElec",7,3,20,"",376.606,0,0,0,0,0,0,0,0,0,0,0,0,0,0,0,0,0,0,0,0,389.581,0,0,-12.9754
"MtrElec",7,3,21,"",304.285,0,0,0,0,0,0,0,0,0,0,0,0,0,0,0,0,0,0,0,0,304.285,0,0,0
"MtrElec",7,3,22,"",226.819,0,0,0,0,0,0,0,0,0,0,0,0,0,0,0,0,0,0,0,0,226.819,0,0,0
"MtrElec",7,3,23,"",208.057,0,0,0,0,0,0,0,0,0,0,0,0,0,0,0,0,0,0,0,0,208.057,0,0,0
"MtrElec",7,3,24,"",153.51,0,0,0,0,0,0,0,0,0,0,0,0,0,0,0,0,0,0,0,0,153.51,0,0,0
"MtrElec",7,4,1,"",135.44,0,0,0,0,0,0,0,0,0,0,0,0,0,0,0,0,0,0,0,0,135.44,0,0,0
"MtrElec",7,4,2,"",140.323,0,0,0,0,0,0,0,0,0,0,0,0,0,0,0,0,0,0,0,0,140.323,0,0,0
"MtrElec",7,4,3,"",126.015,0,0,0,0,0,0,0,0,0,0,0,0,0,0,0,0,0,0,0,0,126.015,0,0,0
"MtrElec",7,4,4,"",121.687,0,0,0,0,0,0,0,0,0,0,0,0,0,0,0,0,0,0,0,0,121.687,0,0,0
"MtrElec",7,4,5,"",136.896,0,0,0,0,0,0,0,0,0,0,0,0,0,0,0,0,0,0,0,0,136.896,0,0,0
"MtrElec",7,4,6,"",107.036,0,0,0,0,0,0,0,0,0,0,0,0,0,0,0,0,0,0,0,0,107.036,0,0,0
"MtrElec",7,4,7,"",156.09,0,0,0,0,0,0,0,0,0,0,0,0,0,0,0,0,0,0,0,0,174.798,0,0,-18.7081
"MtrElec",7,4,8,"",104.207,0,0,0,0,0,0,0,0,0,0,0,0,0,0,0,0,0,0,0,0,179.439,0,0,-75.2316
"MtrElec",7,4,9,"",57.7667,0,0,0,0,0,0,0,0,0,0,0,0,0,0,0,0,0,0,0,0,231.122,0,0,-173.355
"MtrElec",7,4,10,"",64.4816,0,0,0,0,0,0,0,0,0,0,0,0,0,0,0,0,0,0,0,0,328.708,0,0,-264.227
"MtrElec",7,4,11,"",61.0802,0,0,0,0,0,0,0,0,0,0,0,0,0,0,0,0,0,0,0,0,398.811,0,0,-337.731
"MtrElec",7,4,12,"",6.43337,0,0,0,0,0,0,0,0,0,0,0,0,0,0,0,0,0,0,0,0,393.563,0,0,-387.13
"MtrElec",7,4,13,"",0,0,0,0,0,0,0,0,0,0,0,0,0,0,0,0,0,0,0,0,0,345.169,0,66.5548,-411.723
"MtrElec",7,4,14,"",0,0,0,0,0,0,0,0,0,0,0,0,0,0,0,0,0,0,0,0,0,339.814,0,70.7369,-410.551
"MtrElec",7,4,15,"",0,0,0,0,0,0,0,0,0,0,0,0,0,0,0,0,0,0,0,0,0,372.616,0,12.4467,-385.063
"MtrElec",7,4,16,"",2.48031,0,0,0,0,0,0,0,0,0,0,0,0,0,0,0,0,0,0,0,0,331.084,0,0,-328.603
"MtrElec",7,4,17,"",71.8228,0,0,0,0,0,0,0,0,0,0,0,0,0,0,0,0,0,0,0,0,323.639,0,0,-251.816
"MtrElec",7,4,18,"",204.089,0,0,0,0,0,0,0,0,0,0,0,0,0,0,0,0,0,0,0,0,362.942,0,0,-158.853
"MtrElec",7,4,19,"",210.253,0,0,0,0,0,0,0,0,0,0,0,0,0,0,0,0,0,0,0,0,407.399,0,-135.139,-62.0069
"MtrElec",7,4,20,"",362.177,0,0,0,0,0,0,0,0,0,0,0,0,0,0,0,0,0,0,0,0,373.435,0,0,-11.2576
"MtrElec",7,4,21,"",264.118,0,0,0,0,0,0,0,0,0,0,0,0,0,0,0,0,0,0,0,0,264.118,0,0,0
"MtrElec",7,4,22,"",257.837,0,0,0,0,0,0,0,0,0,0,0,0,0,0,0,0,0,0,0,0,257.837,0,0,0
"MtrElec",7,4,23,"",248.712,0,0,0,0,0,0,0,0,0,0,0,0,0,0,0,0,0,0,0,0,248.712,0,0,0
"MtrElec",7,4,24,"",200.855,0,0,0,0,0,0,0,0,0,0,0,0,0,0,0,0,0,0,0,0,200.855,0,0,0
"MtrElec",7,5,1,"",160.723,0,0,0,0,0,0,0,0,0,0,0,0,0,0,0,0,0,0,0,0,160.723,0,0,0
"MtrElec",7,5,2,"",157.261,0,0,0,0,0,0,0,0,0,0,0,0,0,0,0,0,0,0,0,0,157.261,0,0,0
"MtrElec",7,5,3,"",111.589,0,0,0,0,0,0,0,0,0,0,0,0,0,0,0,0,0,0,0,0,111.589,0,0,0
"MtrElec",7,5,4,"",124.213,0,0,0,0,0,0,0,0,0,0,0,0,0,0,0,0,0,0,0,0,124.213,0,0,0
"MtrElec",7,5,5,"",136.778,0,0,0,0,0,0,0,0,0,0,0,0,0,0,0,0,0,0,0,0,136.778,0,0,0
"MtrElec",7,5,6,"",107.496,0,0,0,0,0,0,0,0,0,0,0,0,0,0,0,0,0,0,0,0,107.496,0,0,0
"MtrElec",7,5,7,"",158.583,0,0,0,0,0,0,0,0,0,0,0,0,0,0,0,0,0,0,0,0,176.377,0,0,-17.794
"MtrElec",7,5,8,"",159.145,0,0,0,0,0,0,0,0,0,0,0,0,0,0,0,0,0,0,0,0,230.517,0,0,-71.3715
"MtrElec",7,5,9,"",97.975,0,0,0,0,0,0,0,0,0,0,0,0,0,0,0,0,0,0,0,0,264.918,0,0,-166.943
"MtrElec",7,5,10,"",89.9361,0,0,0,0,0,0,0,0,0,0,0,0,0,0,0,0,0,0,0,0,351.454,0,0,-261.518
"MtrElec",7,5,11,"",7.54231,0,0,0,0,0,0,0,0,0,0,0,0,0,0,0,0,0,0,0,0,337.466,0,0,-329.924
"MtrElec",7,5,12,"",0.0000005,0,0,0,0,0,0,0,0,0,0,0,0,0,0,0,0,0,0,0,0,371.411,0,6.30309,-377.715
"MtrElec",7,5,13,"",0,0,0,0,0,0,0,0,0,0,0,0,0,0,0,0,0,0,0,0,0,386.988,0,10.4718,-397.46
"MtrElec",7,5,14,"",0.0000039,0,0,0,0,0,0,0,0,0,0,0,0,0,0,0,0,0,0,0,0,349.505,0,48.2565,-397.762
"MtrElec",7,5,15,"",1.58975,0,0,0,0,0,0,0,0,0,0,0,0,0,0,0,0,0,0,0,0,384.685,0,0,-383.095
"MtrElec",7,5,16,"",0,0,0,0,0,0,0,0,0,0,0,0,0,0,0,0,0,0,0,0,0,326.315,0,3.18716,-329.502
"MtrElec",7,5,17,"",77.5957,0,0,0,0,0,0,0,0,0,0,0,0,0,0,0,0,0,0,0,0,331.487,0,0,-253.891
"MtrElec",7,5,18,"",209.937,0,0,0,0,0,0,0,0,0,0,0,0,0,0,0,0,0,0,0,0,369.583,0,0,-159.646
"MtrElec",7,5,19,"",314.123,0,0,0,0,0,0,0,0,0,0,0,0,0,0,0,0,0,0,0,0,437.129,0,-61.5672,-61.4392
"MtrElec",7,5,20,"",395.329,0,0,0,0,0,0,0,0,0,0,0,0,0,0,0,0,0,0,0,0,406.56,0,0,-11.2309
"MtrElec",7,5,21,"",325.85,0,0,0,0,0,0,0,0,0,0,0,0,0,0,0,0,0,0,0,0,325.85,0,0,0
"MtrElec",7,5,22,"",303.741,0,0,0,0,0,0,0,0,0,0,0,0,0,0,0,0,0,0,0,0,303.741,0,0,0
"MtrElec",7,5,23,"",215.234,0,0,0,0,0,0,0,0,0,0,0,0,0,0,0,0,0,0,0,0,215.234,0,0,0
"MtrElec",7,5,24,"",232.333,0,0,0,0,0,0,0,0,0,0,0,0,0,0,0,0,0,0,0,0,232.333,0,0,0
"MtrElec",7,6,1,"",144.671,0,0,0,0,0,0,0,0,0,0,0,0,0,0,0,0,0,0,0,0,144.671,0,0,0
"MtrElec",7,6,2,"",139.746,0,0,0,0,0,0,0,0,0,0,0,0,0,0,0,0,0,0,0,0,139.746,0,0,0
"MtrElec",7,6,3,"",124.695,0,0,0,0,0,0,0,0,0,0,0,0,0,0,0,0,0,0,0,0,124.695,0,0,0
"MtrElec",7,6,4,"",115.904,0,0,0,0,0,0,0,0,0,0,0,0,0,0,0,0,0,0,0,0,115.904,0,0,0
"MtrElec",7,6,5,"",120.386,0,0,0,0,0,0,0,0,0,0,0,0,0,0,0,0,0,0,0,0,120.386,0,0,0
"MtrElec",7,6,6,"",143.628,0,0,0,0,0,0,0,0,0,0,0,0,0,0,0,0,0,0,0,0,143.628,0,0,0
"MtrElec",7,6,7,"",195.105,0,0,0,0,0,0,0,0,0,0,0,0,0,0,0,0,0,0,0,0,212.961,0,0,-17.8554
"MtrElec",7,6,8,"",196.369,0,0,0,0,0,0,0,0,0,0,0,0,0,0,0,0,0,0,0,0,270.071,0,0,-73.7022
"MtrElec",7,6,9,"",151.364,0,0,0,0,0,0,0,0,0,0,0,0,0,0,0,0,0,0,0,0,321.444,0,0,-170.079
"MtrElec",7,6,10,"",52.9615,0,0,0,0,0,0,0,0,0,0,0,0,0,0,0,0,0,0,0,0,314.967,0,0,-262.006
"MtrElec",7,6,11,"",2.51697,0,0,0,0,0,0,0,0,0,0,0,0,0,0,0,0,0,0,0,0,330.589,0,0,-328.072
"MtrElec",7,6,12,"",0,0,0,0,0,0,0,0,0,0,0,0,0,0,0,0,0,0,0,0,0,317.314,0,55.668,-372.982
"MtrElec",7,6,13,"",0.0000020,0,0,0,0,0,0,0,0,0,0,0,0,0,0,0,0,0,0,0,0,364.645,0,27.4141,-392.059
"MtrElec",7,6,14,"",0.0000078,0,0,0,0,0,0,0,0,0,0,0,0,0,0,0,0,0,0,0,0,298.887,0,84.9623,-383.849
"MtrElec",7,6,15,"",0,0,0,0,0,0,0,0,0,0,0,0,0,0,0,0,0,0,0,0,0,337.196,0,6.24269,-343.439
"MtrElec",7,6,16,"",12.6091,0,0,0,0,0,0,0,0,0,0,0,0,0,0,0,0,0,0,0,0,305.939,0,0,-293.33
"MtrElec",7,6,17,"",138.326,0,0,0,0,0,0,0,0,0,0,0,0,0,0,0,0,0,0,0,0,351.123,0,0,-212.797
"MtrElec",7,6,18,"",254.193,0,0,0,0,0,0,0,0,0,0,0,0,0,0,0,0,0,0,0,0,395.426,0,0,-141.233
"MtrElec",7,6,19,"",174.935,0,0,0,0,0,0,0,0,0,0,0,0,0,0,0,0,0,0,0,0,387.745,0,-157.294,-55.5166
"MtrElec",7,6,20,"",377.828,0,0,0,0,0,0,0,0,0,0,0,0,0,0,0,0,0,0,0,0,389.875,0,0,-12.0464
"MtrElec",7,6,21,"",319.424,0,0,0,0,0,0,0,0,0,0,0,0,0,0,0,0,0,0,0,0,319.424,0,0,0
"MtrElec",7,6,22,"",267.572,0,0,0,0,0,0,0,0,0,0,0,0,0,0,0,0,0,0,0,0,267.572,0,0,0
"MtrElec",7,6,23,"",268.473,0,0,0,0,0,0,0,0,0,0,0,0,0,0,0,0,0,0,0,0,268.473,0,0,0
"MtrElec",7,6,24,"",183.44,0,0,0,0,0,0,0,0,0,0,0,0,0,0,0,0,0,0,0,0,183.44,0,0,0
"MtrElec",7,7,1,"",160.301,0,0,0,0,0,0,0,0,0,0,0,0,0,0,0,0,0,0,0,0,160.301,0,0,0
"MtrElec",7,7,2,"",161.669,0,0,0,0,0,0,0,0,0,0,0,0,0,0,0,0,0,0,0,0,161.669,0,0,0
"MtrElec",7,7,3,"",112.314,0,0,0,0,0,0,0,0,0,0,0,0,0,0,0,0,0,0,0,0,112.314,0,0,0
"MtrElec",7,7,4,"",120.324,0,0,0,0,0,0,0,0,0,0,0,0,0,0,0,0,0,0,0,0,120.324,0,0,0
"MtrElec",7,7,5,"",115.654,0,0,0,0,0,0,0,0,0,0,0,0,0,0,0,0,0,0,0,0,115.654,0,0,0
"MtrElec",7,7,6,"",113.521,0,0,0,0,0,0,0,0,0,0,0,0,0,0,0,0,0,0,0,0,113.521,0,0,0
"MtrElec",7,7,7,"",183.941,0,0,0,0,0,0,0,0,0,0,0,0,0,0,0,0,0,0,0,0,201.737,0,0,-17.7957
"MtrElec",7,7,8,"",182.632,0,0,0,0,0,0,0,0,0,0,0,0,0,0,0,0,0,0,0,0,256.45,0,0,-73.8181
"MtrElec",7,7,9,"",105.308,0,0,0,0,0,0,0,0,0,0,0,0,0,0,0,0,0,0,0,0,276.423,0,0,-171.115
"MtrElec",7,7,10,"",68.2526,0,0,0,0,0,0,0,0,0,0,0,0,0,0,0,0,0,0,0,0,324.908,0,0,-256.655
"MtrElec",7,7,11,"",42.7103,0,0,0,0,0,0,0,0,0,0,0,0,0,0,0,0,0,0,0,0,351.703,0,0,-308.993
"MtrElec",7,7,12,"",0.0000078,0,0,0,0,0,0,0,0,0,0,0,0,0,0,0,0,0,0,0,0,266.418,0,118.601,-385.018
"MtrElec",7,7,13,"",0.0000078,0,0,0,0,0,0,0,0,0,0,0,0,0,0,0,0,0,0,0,0,287.11,0,124.344,-411.454
"MtrElec",7,7,14,"",0,0,0,0,0,0,0,0,0,0,0,0,0,0,0,0,0,0,0,0,0,283.692,0,128.861,-412.552
"MtrElec",7,7,15,"",0,0,0,0,0,0,0,0,0,0,0,0,0,0,0,0,0,0,0,0,0,303.01,0,82.4186,-385.429
"MtrElec",7,7,16,"",0,0,0,0,0,0,0,0,0,0,0,0,0,0,0,0,0,0,0,0,0,277.61,0,56.6255,-334.236
"MtrElec",7,7,17,"",82.7305,0,0,0,0,0,0,0,0,0,0,0,0,0,0,0,0,0,0,0,0,338.402,0,0,-255.672
"MtrElec",7,7,18,"",206.225,0,0,0,0,0,0,0,0,0,0,0,0,0,0,0,0,0,0,0,0,365.014,0,0,-158.789
"MtrElec",7,7,19,"",188.283,0,0,0,0,0,0,0,0,0,0,0,0,0,0,0,0,0,0,0,0,408.437,0,-157.698,-62.4561
"MtrElec",7,7,20,"",195.808,0,0,0,0,0,0,0,0,0,0,0,0,0,0,0,0,0,0,0,0,364.696,0,-157.698,-11.1904
"MtrElec",7,7,21,"",196.803,0,0,0,0,0,0,0,0,0,0,0,0,0,0,0,0,0,0,0,0,342.449,0,-145.646,0
"MtrElec",7,7,22,"",306.296,0,0,0,0,0,0,0,0,0,0,0,0,0,0,0,0,0,0,0,0,306.296,0,0,0
"MtrElec",7,7,23,"",272.616,0,0,0,0,0,0,0,0,0,0,0,0,0,0,0,0,0,0,0,0,272.616,0,0,0
"MtrElec",7,7,24,"",176.506,0,0,0,0,0,0,0,0,0,0,0,0,0,0,0,0,0,0,0,0,176.506,0,0,0
"MtrElec",7,8,1,"",132.468,0,0,0,0,0,0,0,0,0,0,0,0,0,0,0,0,0,0,0,0,132.468,0,0,0
"MtrElec",7,8,2,"",131.097,0,0,0,0,0,0,0,0,0,0,0,0,0,0,0,0,0,0,0,0,131.097,0,0,0
"MtrElec",7,8,3,"",152.033,0,0,0,0,0,0,0,0,0,0,0,0,0,0,0,0,0,0,0,0,152.033,0,0,0
"MtrElec",7,8,4,"",107.014,0,0,0,0,0,0,0,0,0,0,0,0,0,0,0,0,0,0,0,0,107.014,0,0,0
"MtrElec",7,8,5,"",116.019,0,0,0,0,0,0,0,0,0,0,0,0,0,0,0,0,0,0,0,0,116.019,0,0,0
"MtrElec",7,8,6,"",111.894,0,0,0,0,0,0,0,0,0,0,0,0,0,0,0,0,0,0,0,0,111.894,0,0,0
"MtrElec",7,8,7,"",182.689,0,0,0,0,0,0,0,0,0,0,0,0,0,0,0,0,0,0,0,0,200.613,0,0,-17.9239
"MtrElec",7,8,8,"",194.911,0,0,0,0,0,0,0,0,0,0,0,0,0,0,0,0,0,0,0,0,269.087,0,0,-74.1765
"MtrElec",7,8,9,"",139.415,0,0,0,0,0,0,0,0,0,0,0,0,0,0,0,0,0,0,0,0,314.33,0,0,-174.915
"MtrElec",7,8,10,"",37.3949,0,0,0,0,0,0,0,0,0,0,0,0,0,0,0,0,0,0,0,0,301.956,0,0,-264.561
"MtrElec",7,8,11,"",0,0,0,0,0,0,0,0,0,0,0,0,0,0,0,0,0,0,0,0,0,320.597,0,13.3488,-333.946
"MtrElec",7,8,12,"",0.0000039,0,0,0,0,0,0,0,0,0,0,0,0,0,0,0,0,0,0,0,0,333.466,0,56.2796,-389.746
"MtrElec",7,8,13,"",0,0,0,0,0,0,0,0,0,0,0,0,0,0,0,0,0,0,0,0,0,377.529,0,39.3861,-416.915
"MtrElec",7,8,14,"",0,0,0,0,0,0,0,0,0,0,0,0,0,0,0,0,0,0,0,0,0,267.87,0,147.637,-415.507
"MtrElec",7,8,15,"",0,0,0,0,0,0,0,0,0,0,0,0,0,0,0,0,0,0,0,0,0,306.136,0,82.5786,-388.715
"MtrElec",7,8,16,"",0.0000039,0,0,0,0,0,0,0,0,0,0,0,0,0,0,0,0,0,0,0,0,288.301,0,48.7007,-337.002
"MtrElec",7,8,17,"",56.1972,0,0,0,0,0,0,0,0,0,0,0,0,0,0,0,0,0,0,0,0,316.777,0,0,-260.58
"MtrElec",7,8,18,"",193.541,0,0,0,0,0,0,0,0,0,0,0,0,0,0,0,0,0,0,0,0,356.739,0,0,-163.199
"MtrElec",7,8,19,"",162.861,0,0,0,0,0,0,0,0,0,0,0,0,0,0,0,0,0,0,0,0,382.965,0,-157.698,-62.4059
"MtrElec",7,8,20,"",201.856,0,0,0,0,0,0,0,0,0,0,0,0,0,0,0,0,0,0,0,0,370.538,0,-157.698,-10.9844
"MtrElec",7,8,21,"",264.587,0,0,0,0,0,0,0,0,0,0,0,0,0,0,0,0,0,0,0,0,299.299,0,-34.7119,0
"MtrElec",7,8,22,"",262.597,0,0,0,0,0,0,0,0,0,0,0,0,0,0,0,0,0,0,0,0,262.597,0,0,0
"MtrElec",7,8,23,"",248.885,0,0,0,0,0,0,0,0,0,0,0,0,0,0,0,0,0,0,0,0,248.885,0,0,0
"MtrElec",7,8,24,"",198.757,0,0,0,0,0,0,0,0,0,0,0,0,0,0,0,0,0,0,0,0,198.757,0,0,0
"MtrElec",7,9,1,"",157.603,0,0,0,0,0,0,0,0,0,0,0,0,0,0,0,0,0,0,0,0,157.603,0,0,0
"MtrElec",7,9,2,"",123.024,0,0,0,0,0,0,0,0,0,0,0,0,0,0,0,0,0,0,0,0,123.024,0,0,0
"MtrElec",7,9,3,"",100.572,0,0,0,0,0,0,0,0,0,0,0,0,0,0,0,0,0,0,0,0,100.572,0,0,0
"MtrElec",7,9,4,"",116.521,0,0,0,0,0,0,0,0,0,0,0,0,0,0,0,0,0,0,0,0,116.521,0,0,0
"MtrElec",7,9,5,"",104.478,0,0,0,0,0,0,0,0,0,0,0,0,0,0,0,0,0,0,0,0,104.478,0,0,0
"MtrElec",7,9,6,"",108.16,0,0,0,0,0,0,0,0,0,0,0,0,0,0,0,0,0,0,0,0,108.16,0,0,0
"MtrElec",7,9,7,"",141.853,0,0,0,0,0,0,0,0,0,0,0,0,0,0,0,0,0,0,0,0,159.397,0,0,-17.5449
"MtrElec",7,9,8,"",166.89,0,0,0,0,0,0,0,0,0,0,0,0,0,0,0,0,0,0,0,0,240.296,0,0,-73.4052
"MtrElec",7,9,9,"",72.5159,0,0,0,0,0,0,0,0,0,0,0,0,0,0,0,0,0,0,0,0,247.625,0,0,-175.109
"MtrElec",7,9,10,"",16.8979,0,0,0,0,0,0,0,0,0,0,0,0,0,0,0,0,0,0,0,0,284.862,0,0,-267.965
"MtrElec",7,9,11,"",0.0000078,0,0,0,0,0,0,0,0,0,0,0,0,0,0,0,0,0,0,0,0,257.057,0,79.5544,-336.611
"MtrElec",7,9,12,"",0.0000078,0,0,0,0,0,0,0,0,0,0,0,0,0,0,0,0,0,0,0,0,286.574,0,96.8102,-383.384
"MtrElec",7,9,13,"",0,0,0,0,0,0,0,0,0,0,0,0,0,0,0,0,0,0,0,0,0,286.365,0,133.412,-419.776
"MtrElec",7,9,14,"",-5.94628,0,0,0,0,0,0,0,0,0,0,0,0,0,0,0,0,0,0,0,0,262.432,0,157.698,-426.076
"MtrElec",7,9,15,"",-24.536,0,0,0,0,0,0,0,0,0,0,0,0,0,0,0,0,0,0,0,0,258.334,0,120.911,-403.781
"MtrElec",7,9,16,"",-70.5113,0,0,0,0,0,0,0,0,0,0,0,0,0,0,0,0,0,0,0,0,281.318,0,0,-351.829
"MtrElec",7,9,17,"",53.8767,0,0,0,0,0,0,0,0,0,0,0,0,0,0,0,0,0,0,0,0,326.904,0,0,-273.027
"MtrElec",7,9,18,"",164.425,0,0,0,0,0,0,0,0,0,0,0,0,0,0,0,0,0,0,0,0,335.36,0,0,-170.935
"MtrElec",7,9,19,"",169.913,0,0,0,0,0,0,0,0,0,0,0,0,0,0,0,0,0,0,0,0,390.571,0,-157.698,-62.9601
"MtrElec",7,9,20,"",196.121,0,0,0,0,0,0,0,0,0,0,0,0,0,0,0,0,0,0,0,0,363.833,0,-157.698,-10.0143
"MtrElec",7,9,21,"",177.56,0,0,0,0,0,0,0,0,0,0,0,0,0,0,0,0,0,0,0,0,335.258,0,-157.698,0
"MtrElec",7,9,22,"",199.866,0,0,0,0,0,0,0,0,0,0,0,0,0,0,0,0,0,0,0,0,257.79,0,-57.9237,0
"MtrElec",7,9,23,"",242.568,0,0,0,0,0,0,0,0,0,0,0,0,0,0,0,0,0,0,0,0,242.568,0,0,0
"MtrElec",7,9,24,"",193.96,0,0,0,0,0,0,0,0,0,0,0,0,0,0,0,0,0,0,0,0,193.96,0,0,0
"MtrElec",7,10,1,"",137.895,0,0,0,0,0,0,0,0,0,0,0,0,0,0,0,0,0,0,0,0,137.895,0,0,0
"MtrElec",7,10,2,"",103.819,0,0,0,0,0,0,0,0,0,0,0,0,0,0,0,0,0,0,0,0,103.819,0,0,0
"MtrElec",7,10,3,"",103.344,0,0,0,0,0,0,0,0,0,0,0,0,0,0,0,0,0,0,0,0,103.344,0,0,0
"MtrElec",7,10,4,"",111.048,0,0,0,0,0,0,0,0,0,0,0,0,0,0,0,0,0,0,0,0,111.048,0,0,0
"MtrElec",7,10,5,"",116.214,0,0,0,0,0,0,0,0,0,0,0,0,0,0,0,0,0,0,0,0,116.214,0,0,0
"MtrElec",7,10,6,"",104.462,0,0,0,0,0,0,0,0,0,0,0,0,0,0,0,0,0,0,0,0,104.462,0,0,0
"MtrElec",7,10,7,"",140.796,0,0,0,0,0,0,0,0,0,0,0,0,0,0,0,0,0,0,0,0,157.342,0,0,-16.5459
"MtrElec",7,10,8,"",148.822,0,0,0,0,0,0,0,0,0,0,0,0,0,0,0,0,0,0,0,0,223.425,0,0,-74.6025
"MtrElec",7,10,9,"",36.3145,0,0,0,0,0,0,0,0,0,0,0,0,0,0,0,0,0,0,0,0,224.693,0,0,-188.378
"MtrElec",7,10,10,"",0,0,0,0,0,0,0,0,0,0,0,0,0,0,0,0,0,0,0,0,0,244.644,0,43.6691,-288.313
"MtrElec",7,10,11,"",0.0000078,0,0,0,0,0,0,0,0,0,0,0,0,0,0,0,0,0,0,0,0,291.088,0,66.1142,-357.202
"MtrElec",7,10,12,"",-34.6671,0,0,0,0,0,0,0,0,0,0,0,0,0,0,0,0,0,0,0,0,215.983,0,157.698,-408.348
"MtrElec",7,10,13,"",-6.71516,0,0,0,0,0,0,0,0,0,0,0,0,0,0,0,0,0,0,0,0,271.557,0,157.698,-435.97
"MtrElec",7,10,14,"",-10.4137,0,0,0,0,0,0,0,0,0,0,0,0,0,0,0,0,0,0,0,0,264.525,0,157.698,-432.636
"MtrElec",7,10,15,"",-160.839,0,0,0,0,0,0,0,0,0,0,0,0,0,0,0,0,0,0,0,0,241.559,0,5.50796,-407.907
"MtrElec",7,10,16,"",-89.5916,0,0,0,0,0,0,0,0,0,0,0,0,0,0,0,0,0,0,0,0,269.858,0,0,-359.45
"MtrElec",7,10,17,"",52.5713,0,0,0,0,0,0,0,0,0,0,0,0,0,0,0,0,0,0,0,0,332.162,0,0,-279.591
"MtrElec",7,10,18,"",131.678,0,0,0,0,0,0,0,0,0,0,0,0,0,0,0,0,0,0,0,0,306.595,0,0,-174.917
"MtrElec",7,10,19,"",148.153,0,0,0,0,0,0,0,0,0,0,0,0,0,0,0,0,0,0,0,0,370.787,0,-157.698,-64.9357
"MtrElec",7,10,20,"",165.994,0,0,0,0,0,0,0,0,0,0,0,0,0,0,0,0,0,0,0,0,334.552,0,-157.698,-10.8599
"MtrElec",7,10,21,"",184.622,0,0,0,0,0,0,0,0,0,0,0,0,0,0,0,0,0,0,0,0,342.319,0,-157.698,0
"MtrElec",7,10,22,"",199.332,0,0,0,0,0,0,0,0,0,0,0,0,0,0,0,0,0,0,0,0,257.255,0,-57.9237,0
"MtrElec",7,10,23,"",235.207,0,0,0,0,0,0,0,0,0,0,0,0,0,0,0,0,0,0,0,0,235.207,0,0,0
"MtrElec",7,10,24,"",157.284,0,0,0,0,0,0,0,0,0,0,0,0,0,0,0,0,0,0,0,0,157.284,0,0,0
"MtrElec",7,11,1,"",108.256,0,0,0,0,0,0,0,0,0,0,0,0,0,0,0,0,0,0,0,0,108.256,0,0,0
"MtrElec",7,11,2,"",106.233,0,0,0,0,0,0,0,0,0,0,0,0,0,0,0,0,0,0,0,0,106.233,0,0,0
"MtrElec",7,11,3,"",136.043,0,0,0,0,0,0,0,0,0,0,0,0,0,0,0,0,0,0,0,0,136.043,0,0,0
"MtrElec",7,11,4,"",90.8933,0,0,0,0,0,0,0,0,0,0,0,0,0,0,0,0,0,0,0,0,90.8933,0,0,0
"MtrElec",7,11,5,"",99.8075,0,0,0,0,0,0,0,0,0,0,0,0,0,0,0,0,0,0,0,0,99.8075,0,0,0
"MtrElec",7,11,6,"",100.12,0,0,0,0,0,0,0,0,0,0,0,0,0,0,0,0,0,0,0,0,100.12,0,0,0
"MtrElec",7,11,7,"",66.7906,0,0,0,0,0,0,0,0,0,0,0,0,0,0,0,0,0,0,0,0,94.4252,0,0,-27.6346
"MtrElec",7,11,8,"",60.1754,0,0,0,0,0,0,0,0,0,0,0,0,0,0,0,0,0,0,0,0,146.582,0,0,-86.407
"MtrElec",7,11,9,"",83.1242,0,0,0,0,0,0,0,0,0,0,0,0,0,0,0,0,0,0,0,0,172.276,0,0,-89.152
"MtrElec",7,11,10,"",7.80047,0,0,0,0,0,0,0,0,0,0,0,0,0,0,0,0,0,0,0,0,272.035,0,0,-264.234
"MtrElec",7,11,11,"",0.0000078,0,0,0,0,0,0,0,0,0,0,0,0,0,0,0,0,0,0,0,0,257.775,0,106.204,-363.978
"MtrElec",7,11,12,"",0,0,0,0,0,0,0,0,0,0,0,0,0,0,0,0,0,0,0,0,0,313.893,0,106.671,-420.564
"MtrElec",7,11,13,"",-30.094,0,0,0,0,0,0,0,0,0,0,0,0,0,0,0,0,0,0,0,0,257.218,0,157.698,-445.01
"MtrElec",7,11,14,"",-29.1902,0,0,0,0,0,0,0,0,0,0,0,0,0,0,0,0,0,0,0,0,253.309,0,157.698,-440.197
"MtrElec",7,11,15,"",-64.4633,0,0,0,0,0,0,0,0,0,0,0,0,0,0,0,0,0,0,0,0,288.636,0,60.1142,-413.213
"MtrElec",7,11,16,"",-88.7458,0,0,0,0,0,0,0,0,0,0,0,0,0,0,0,0,0,0,0,0,271.126,0,0,-359.872
"MtrElec",7,11,17,"",1.05275,0,0,0,0,0,0,0,0,0,0,0,0,0,0,0,0,0,0,0,0,282.901,0,0,-281.848
"MtrElec",7,11,18,"",158.256,0,0,0,0,0,0,0,0,0,0,0,0,0,0,0,0,0,0,0,0,336.367,0,0,-178.111
"MtrElec",7,11,19,"",130.521,0,0,0,0,0,0,0,0,0,0,0,0,0,0,0,0,0,0,0,0,354.555,0,-157.698,-66.3362
"MtrElec",7,11,20,"",155.335,0,0,0,0,0,0,0,0,0,0,0,0,0,0,0,0,0,0,0,0,323.731,0,-157.698,-10.6975
"MtrElec",7,11,21,"",90.526,0,0,0,0,0,0,0,0,0,0,0,0,0,0,0,0,0,0,0,0,248.224,0,-157.698,0
"MtrElec",7,11,22,"",213.201,0,0,0,0,0,0,0,0,0,0,0,0,0,0,0,0,0,0,0,0,271.125,0,-57.9237,0
"MtrElec",7,11,23,"",196.625,0,0,0,0,0,0,0,0,0,0,0,0,0,0,0,0,0,0,0,0,196.625,0,0,0
"MtrElec",7,11,24,"",180.195,0,0,0,0,0,0,0,0,0,0,0,0,0,0,0,0,0,0,0,0,180.195,0,0,0
"MtrElec",7,12,1,"",112.102,0,0,0,0,0,0,0,0,0,0,0,0,0,0,0,0,0,0,0,0,112.102,0,0,0
"MtrElec",7,12,2,"",101.185,0,0,0,0,0,0,0,0,0,0,0,0,0,0,0,0,0,0,0,0,101.185,0,0,0
"MtrElec",7,12,3,"",104.846,0,0,0,0,0,0,0,0,0,0,0,0,0,0,0,0,0,0,0,0,104.846,0,0,0
"MtrElec",7,12,4,"",107.909,0,0,0,0,0,0,0,0,0,0,0,0,0,0,0,0,0,0,0,0,107.909,0,0,0
"MtrElec",7,12,5,"",147.777,0,0,0,0,0,0,0,0,0,0,0,0,0,0,0,0,0,0,0,0,147.777,0,0,0
"MtrElec",7,12,6,"",101.398,0,0,0,0,0,0,0,0,0,0,0,0,0,0,0,0,0,0,0,0,101.398,0,0,0
"MtrElec",7,12,7,"",69.427,0,0,0,0,0,0,0,0,0,0,0,0,0,0,0,0,0,0,0,0,96.3097,0,0,-26.8827
"MtrElec",7,12,8,"",76.145,0,0,0,0,0,0,0,0,0,0,0,0,0,0,0,0,0,0,0,0,159.214,0,0,-83.0685
"MtrElec",7,12,9,"",132.688,0,0,0,0,0,0,0,0,0,0,0,0,0,0,0,0,0,0,0,0,201.425,0,0,-68.7367
"MtrElec",7,12,10,"",43.8893,0,0,0,0,0,0,0,0,0,0,0,0,0,0,0,0,0,0,0,0,261.411,0,0,-217.521
"MtrElec",7,12,11,"",0.0000039,0,0,0,0,0,0,0,0,0,0,0,0,0,0,0,0,0,0,0,0,333.784,0,35.1433,-368.927
"MtrElec",7,12,12,"",0,0,0,0,0,0,0,0,0,0,0,0,0,0,0,0,0,0,0,0,0,311.669,0,105.033,-416.702
"MtrElec",7,12,13,"",-22.223,0,0,0,0,0,0,0,0,0,0,0,0,0,0,0,0,0,0,0,0,259.235,0,157.698,-439.156
"MtrElec",7,12,14,"",-17.5307,0,0,0,0,0,0,0,0,0,0,0,0,0,0,0,0,0,0,0,0,270.355,0,157.698,-445.584
"MtrElec",7,12,15,"",0,0,0,0,0,0,0,0,0,0,0,0,0,0,0,0,0,0,0,0,0,311.939,0,113.36,-425.299
"MtrElec",7,12,16,"",-55.4235,0,0,0,0,0,0,0,0,0,0,0,0,0,0,0,0,0,0,0,0,297.188,0,19.4524,-372.064
"MtrElec",7,12,17,"",-9.11866,0,0,0,0,0,0,0,0,0,0,0,0,0,0,0,0,0,0,0,0,280.164,0,0,-289.282
"MtrElec",7,12,18,"",112.759,0,0,0,0,0,0,0,0,0,0,0,0,0,0,0,0,0,0,0,0,294.417,0,0,-181.658
"MtrElec",7,12,19,"",132.89,0,0,0,0,0,0,0,0,0,0,0,0,0,0,0,0,0,0,0,0,358.421,0,-157.698,-67.8331
"MtrElec",7,12,20,"",167.183,0,0,0,0,0,0,0,0,0,0,0,0,0,0,0,0,0,0,0,0,336.297,0,-157.698,-11.4169
"MtrElec",7,12,21,"",123.249,0,0,0,0,0,0,0,0,0,0,0,0,0,0,0,0,0,0,0,0,280.947,0,-157.698,0
"MtrElec",7,12,22,"",215.742,0,0,0,0,0,0,0,0,0,0,0,0,0,0,0,0,0,0,0,0,273.665,0,-57.9237,0
"MtrElec",7,12,23,"",178.996,0,0,0,0,0,0,0,0,0,0,0,0,0,0,0,0,0,0,0,0,178.996,0,0,0
"MtrElec",7,12,24,"",152.765,0,0,0,0,0,0,0,0,0,0,0,0,0,0,0,0,0,0,0,0,152.765,0,0,0
"MtrElec",7,13,1,"",104.763,0,0,0,0,0,0,0,0,0,0,0,0,0,0,0,0,0,0,0,0,104.763,0,0,0
"MtrElec",7,13,2,"",103.938,0,0,0,0,0,0,0,0,0,0,0,0,0,0,0,0,0,0,0,0,103.938,0,0,0
"MtrElec",7,13,3,"",103.68,0,0,0,0,0,0,0,0,0,0,0,0,0,0,0,0,0,0,0,0,103.68,0,0,0
"MtrElec",7,13,4,"",134.783,0,0,0,0,0,0,0,0,0,0,0,0,0,0,0,0,0,0,0,0,134.783,0,0,0
"MtrElec",7,13,5,"",96.6178,0,0,0,0,0,0,0,0,0,0,0,0,0,0,0,0,0,0,0,0,96.6178,0,0,0
"MtrElec",7,13,6,"",101.99,0,0,0,0,0,0,0,0,0,0,0,0,0,0,0,0,0,0,0,0,101.99,0,0,0
"MtrElec",7,13,7,"",128.275,0,0,0,0,0,0,0,0,0,0,0,0,0,0,0,0,0,0,0,0,154.202,0,0,-25.9274
"MtrElec",7,13,8,"",145.284,0,0,0,0,0,0,0,0,0,0,0,0,0,0,0,0,0,0,0,0,226.059,0,0,-80.7751
"MtrElec",7,13,9,"",233.872,0,0,0,0,0,0,0,0,0,0,0,0,0,0,0,0,0,0,0,0,275.921,0,0,-42.0483
"MtrElec",7,13,10,"",87.9715,0,0,0,0,0,0,0,0,0,0,0,0,0,0,0,0,0,0,0,0,226.588,0,0,-138.616
"MtrElec",7,13,11,"",0,0,0,0,0,0,0,0,0,0,0,0,0,0,0,0,0,0,0,0,0,232.118,0,22.7008,-254.819
"MtrElec",7,13,12,"",-13.9561,0,0,0,0,0,0,0,0,0,0,0,0,0,0,0,0,0,0,0,0,226.274,0,157.698,-397.928
"MtrElec",7,13,13,"",-51.5305,0,0,0,0,0,0,0,0,0,0,0,0,0,0,0,0,0,0,0,0,231.763,0,157.698,-440.992
"MtrElec",7,13,14,"",-137.2,0,0,0,0,0,0,0,0,0,0,0,0,0,0,0,0,0,0,0,0,152.112,0,157.698,-447.01
"MtrElec",7,13,15,"",-111.986,0,0,0,0,0,0,0,0,0,0,0,0,0,0,0,0,0,0,0,0,218.427,0,92.5905,-423.003
"MtrElec",7,13,16,"",-132.509,0,0,0,0,0,0,0,0,0,0,0,0,0,0,0,0,0,0,0,0,232.831,0,0,-365.341
"MtrElec",7,13,17,"",-31.9575,0,0,0,0,0,0,0,0,0,0,0,0,0,0,0,0,0,0,0,0,251.073,0,0,-283.03
"MtrElec",7,13,18,"",114.571,0,0,0,0,0,0,0,0,0,0,0,0,0,0,0,0,0,0,0,0,294.727,0,0,-180.156
"MtrElec",7,13,19,"",81.8728,0,0,0,0,0,0,0,0,0,0,0,0,0,0,0,0,0,0,0,0,306.644,0,-157.698,-67.0734
"MtrElec",7,13,20,"",153.241,0,0,0,0,0,0,0,0,0,0,0,0,0,0,0,0,0,0,0,0,321.967,0,-157.698,-11.028
"MtrElec",7,13,21,"",145.333,0,0,0,0,0,0,0,0,0,0,0,0,0,0,0,0,0,0,0,0,303.031,0,-157.698,0
"MtrElec",7,13,22,"",170.131,0,0,0,0,0,0,0,0,0,0,0,0,0,0,0,0,0,0,0,0,228.055,0,-57.9237,0
"MtrElec",7,13,23,"",207.594,0,0,0,0,0,0,0,0,0,0,0,0,0,0,0,0,0,0,0,0,207.594,0,0,0
"MtrElec",7,13,24,"",143.794,0,0,0,0,0,0,0,0,0,0,0,0,0,0,0,0,0,0,0,0,143.794,0,0,0
"MtrElec",7,14,1,"",153.542,0,0,0,0,0,0,0,0,0,0,0,0,0,0,0,0,0,0,0,0,153.542,0,0,0
"MtrElec",7,14,2,"",134.942,0,0,0,0,0,0,0,0,0,0,0,0,0,0,0,0,0,0,0,0,134.942,0,0,0
"MtrElec",7,14,3,"",86.7977,0,0,0,0,0,0,0,0,0,0,0,0,0,0,0,0,0,0,0,0,86.7977,0,0,0
"MtrElec",7,14,4,"",107.918,0,0,0,0,0,0,0,0,0,0,0,0,0,0,0,0,0,0,0,0,107.918,0,0,0
"MtrElec",7,14,5,"",98.8043,0,0,0,0,0,0,0,0,0,0,0,0,0,0,0,0,0,0,0,0,98.8043,0,0,0
"MtrElec",7,14,6,"",89.5393,0,0,0,0,0,0,0,0,0,0,0,0,0,0,0,0,0,0,0,0,89.5393,0,0,0
"MtrElec",7,14,7,"",135.35,0,0,0,0,0,0,0,0,0,0,0,0,0,0,0,0,0,0,0,0,159.605,0,0,-24.2545
"MtrElec",7,14,8,"",166.747,0,0,0,0,0,0,0,0,0,0,0,0,0,0,0,0,0,0,0,0,247.205,0,0,-80.4581
"MtrElec",7,14,9,"",188.137,0,0,0,0,0,0,0,0,0,0,0,0,0,0,0,0,0,0,0,0,230.556,0,0,-42.4182
"MtrElec",7,14,10,"",145.672,0,0,0,0,0,0,0,0,0,0,0,0,0,0,0,0,0,0,0,0,204.859,0,0,-59.1872
"MtrElec",7,14,11,"",97.8332,0,0,0,0,0,0,0,0,0,0,0,0,0,0,0,0,0,0,0,0,207.941,0,0,-110.107
"MtrElec",7,14,12,"",0.0000010,0,0,0,0,0,0,0,0,0,0,0,0,0,0,0,0,0,0,0,0,208.152,0,14.2825,-222.435
"MtrElec",7,14,13,"",0,0,0,0,0,0,0,0,0,0,0,0,0,0,0,0,0,0,0,0,0,255.37,0,76.7204,-332.09
"MtrElec",7,14,14,"",-142.965,0,0,0,0,0,0,0,0,0,0,0,0,0,0,0,0,0,0,0,0,148.523,0,157.698,-449.186
"MtrElec",7,14,15,"",-51.2809,0,0,0,0,0,0,0,0,0,0,0,0,0,0,0,0,0,0,0,0,205.905,0,157.698,-414.884
"MtrElec",7,14,16,"",0,0,0,0,0,0,0,0,0,0,0,0,0,0,0,0,0,0,0,0,0,223.76,0,141.213,-364.973
"MtrElec",7,14,17,"",0,0,0,0,0,0,0,0,0,0,0,0,0,0,0,0,0,0,0,0,0,279.255,0,5.47219,-284.727
"MtrElec",7,14,18,"",115.201,0,0,0,0,0,0,0,0,0,0,0,0,0,0,0,0,0,0,0,0,295.143,0,0,-179.942
"MtrElec",7,14,19,"",74.2691,0,0,0,0,0,0,0,0,0,0,0,0,0,0,0,0,0,0,0,0,298.15,0,-157.698,-66.183
"MtrElec",7,14,20,"",112.313,0,0,0,0,0,0,0,0,0,0,0,0,0,0,0,0,0,0,0,0,280.441,0,-157.698,-10.4302
"MtrElec",7,14,21,"",102.737,0,0,0,0,0,0,0,0,0,0,0,0,0,0,0,0,0,0,0,0,260.435,0,-157.698,0
"MtrElec",7,14,22,"",205.489,0,0,0,0,0,0,0,0,0,0,0,0,0,0,0,0,0,0,0,0,231.553,0,-26.0646,0
"MtrElec",7,14,23,"",234.708,0,0,0,0,0,0,0,0,0,0,0,0,0,0,0,0,0,0,0,0,234.708,0,0,0
"MtrElec",7,14,24,"",155.185,0,0,0,0,0,0,0,0,0,0,0,0,0,0,0,0,0,0,0,0,155.185,0,0,0
"MtrElec",7,15,1,"",123.638,0,0,0,0,0,0,0,0,0,0,0,0,0,0,0,0,0,0,0,0,123.638,0,0,0
"MtrElec",7,15,2,"",136.255,0,0,0,0,0,0,0,0,0,0,0,0,0,0,0,0,0,0,0,0,136.255,0,0,0
"MtrElec",7,15,3,"",92.4741,0,0,0,0,0,0,0,0,0,0,0,0,0,0,0,0,0,0,0,0,92.4741,0,0,0
"MtrElec",7,15,4,"",94.1123,0,0,0,0,0,0,0,0,0,0,0,0,0,0,0,0,0,0,0,0,94.1123,0,0,0
"MtrElec",7,15,5,"",98.7245,0,0,0,0,0,0,0,0,0,0,0,0,0,0,0,0,0,0,0,0,98.7245,0,0,0
"MtrElec",7,15,6,"",91.0185,0,0,0,0,0,0,0,0,0,0,0,0,0,0,0,0,0,0,0,0,91.0185,0,0,0
"MtrElec",7,15,7,"",159.185,0,0,0,0,0,0,0,0,0,0,0,0,0,0,0,0,0,0,0,0,182.341,0,0,-23.1557
"MtrElec",7,15,8,"",164.952,0,0,0,0,0,0,0,0,0,0,0,0,0,0,0,0,0,0,0,0,252.281,0,0,-87.3291
"MtrElec",7,15,9,"",150.95,0,0,0,0,0,0,0,0,0,0,0,0,0,0,0,0,0,0,0,0,266.309,0,0,-115.359
"MtrElec",7,15,10,"",10.3558,0,0,0,0,0,0,0,0,0,0,0,0,0,0,0,0,0,0,0,0,254.06,0,0,-243.704
"MtrElec",7,15,11,"",0,0,0,0,0,0,0,0,0,0,0,0,0,0,0,0,0,0,0,0,0,244.689,0,129.362,-374.052
"MtrElec",7,15,12,"",-41.3112,0,0,0,0,0,0,0,0,0,0,0,0,0,0,0,0,0,0,0,0,224.157,0,157.698,-423.166
"MtrElec",7,15,13,"",-31.1638,0,0,0,0,0,0,0,0,0,0,0,0,0,0,0,0,0,0,0,0,252.516,0,157.698,-441.378
"MtrElec",7,15,14,"",-137.414,0,0,0,0,0,0,0,0,0,0,0,0,0,0,0,0,0,0,0,0,166.836,0,143.627,-447.876
"MtrElec",7,15,15,"",-211.117,0,0,0,0,0,0,0,0,0,0,0,0,0,0,0,0,0,0,0,0,214.35,0,0,-425.467
"MtrElec",7,15,16,"",-154.365,0,0,0,0,0,0,0,0,0,0,0,0,0,0,0,0,0,0,0,0,219.303,0,0,-373.668
"MtrElec",7,15,17,"",-52.1988,0,0,0,0,0,0,0,0,0,0,0,0,0,0,0,0,0,0,0,0,239.76,0,0,-291.959
"MtrElec",7,15,18,"",128.59,0,0,0,0,0,0,0,0,0,0,0,0,0,0,0,0,0,0,0,0,311.147,0,0,-182.557
"MtrElec",7,15,19,"",99.6048,0,0,0,0,0,0,0,0,0,0,0,0,0,0,0,0,0,0,0,0,324.499,0,-157.698,-67.1965
"MtrElec",7,15,20,"",152.369,0,0,0,0,0,0,0,0,0,0,0,0,0,0,0,0,0,0,0,0,320.509,0,-157.698,-10.4421
"MtrElec",7,15,21,"",163.918,0,0,0,0,0,0,0,0,0,0,0,0,0,0,0,0,0,0,0,0,321.616,0,-157.698,0
"MtrElec",7,15,22,"",191.267,0,0,0,0,0,0,0,0,0,0,0,0,0,0,0,0,0,0,0,0,249.191,0,-57.9237,0
"MtrElec",7,15,23,"",198.77,0,0,0,0,0,0,0,0,0,0,0,0,0,0,0,0,0,0,0,0,198.77,0,0,0
"MtrElec",7,15,24,"",157.059,0,0,0,0,0,0,0,0,0,0,0,0,0,0,0,0,0,0,0,0,157.059,0,0,0
"MtrElec",7,16,1,"",140.827,0,0,0,0,0,0,0,0,0,0,0,0,0,0,0,0,0,0,0,0,140.827,0,0,0
"MtrElec",7,16,2,"",101.884,0,0,0,0,0,0,0,0,0,0,0,0,0,0,0,0,0,0,0,0,101.884,0,0,0
"MtrElec",7,16,3,"",87.9602,0,0,0,0,0,0,0,0,0,0,0,0,0,0,0,0,0,0,0,0,87.9602,0,0,0
"MtrElec",7,16,4,"",109.036,0,0,0,0,0,0,0,0,0,0,0,0,0,0,0,0,0,0,0,0,109.036,0,0,0
"MtrElec",7,16,5,"",93.3708,0,0,0,0,0,0,0,0,0,0,0,0,0,0,0,0,0,0,0,0,93.3708,0,0,0
"MtrElec",7,16,6,"",131.925,0,0,0,0,0,0,0,0,0,0,0,0,0,0,0,0,0,0,0,0,131.925,0,0,0
"MtrElec",7,16,7,"",167.945,0,0,0,0,0,0,0,0,0,0,0,0,0,0,0,0,0,0,0,0,193.163,0,0,-25.2184
"MtrElec",7,16,8,"",131.667,0,0,0,0,0,0,0,0,0,0,0,0,0,0,0,0,0,0,0,0,214.884,0,0,-83.2174
"MtrElec",7,16,9,"",215.554,0,0,0,0,0,0,0,0,0,0,0,0,0,0,0,0,0,0,0,0,260.012,0,0,-44.4583
"MtrElec",7,16,10,"",136.985,0,0,0,0,0,0,0,0,0,0,0,0,0,0,0,0,0,0,0,0,227.911,0,0,-90.9265
"MtrElec",7,16,11,"",0.0325625,0,0,0,0,0,0,0,0,0,0,0,0,0,0,0,0,0,0,0,0,240.502,0,0,-240.47
"MtrElec",7,16,12,"",-49.2779,0,0,0,0,0,0,0,0,0,0,0,0,0,0,0,0,0,0,0,0,222.956,0,157.698,-429.932
"MtrElec",7,16,13,"",-79.6796,0,0,0,0,0,0,0,0,0,0,0,0,0,0,0,0,0,0,0,0,223.204,0,157.698,-460.581
"MtrElec",7,16,14,"",-139,0,0,0,0,0,0,0,0,0,0,0,0,0,0,0,0,0,0,0,0,161.257,0,157.698,-457.955
"MtrElec",7,16,15,"",-165.281,0,0,0,0,0,0,0,0,0,0,0,0,0,0,0,0,0,0,0,0,147.026,0,115.291,-427.598
"MtrElec",7,16,16,"",-158.179,0,0,0,0,0,0,0,0,0,0,0,0,0,0,0,0,0,0,0,0,213.803,0,0,-371.983
"MtrElec",7,16,17,"",-12.8862,0,0,0,0,0,0,0,0,0,0,0,0,0,0,0,0,0,0,0,0,275.319,0,0,-288.205
"MtrElec",7,16,18,"",117.061,0,0,0,0,0,0,0,0,0,0,0,0,0,0,0,0,0,0,0,0,297.925,0,0,-180.865
"MtrElec",7,16,19,"",126.464,0,0,0,0,0,0,0,0,0,0,0,0,0,0,0,0,0,0,0,0,350.788,0,-157.698,-66.626
"MtrElec",7,16,20,"",170.834,0,0,0,0,0,0,0,0,0,0,0,0,0,0,0,0,0,0,0,0,338.893,0,-157.698,-10.3603
"MtrElec",7,16,21,"",153.659,0,0,0,0,0,0,0,0,0,0,0,0,0,0,0,0,0,0,0,0,311.357,0,-157.698,0
"MtrElec",7,16,22,"",145.267,0,0,0,0,0,0,0,0,0,0,0,0,0,0,0,0,0,0,0,0,203.19,0,-57.9237,0
"MtrElec",7,16,23,"",234.709,0,0,0,0,0,0,0,0,0,0,0,0,0,0,0,0,0,0,0,0,234.709,0,0,0
"MtrElec",7,16,24,"",147.589,0,0,0,0,0,0,0,0,0,0,0,0,0,0,0,0,0,0,0,0,147.589,0,0,0
"MtrElec",7,17,1,"",98.7705,0,0,0,0,0,0,0,0,0,0,0,0,0,0,0,0,0,0,0,0,98.7705,0,0,0
"MtrElec",7,17,2,"",102.765,0,0,0,0,0,0,0,0,0,0,0,0,0,0,0,0,0,0,0,0,102.765,0,0,0
"MtrElec",7,17,3,"",128.827,0,0,0,0,0,0,0,0,0,0,0,0,0,0,0,0,0,0,0,0,128.827,0,0,0
"MtrElec",7,17,4,"",85.3919,0,0,0,0,0,0,0,0,0,0,0,0,0,0,0,0,0,0,0,0,85.3919,0,0,0
"MtrElec",7,17,5,"",94.8418,0,0,0,0,0,0,0,0,0,0,0,0,0,0,0,0,0,0,0,0,94.8418,0,0,0
"MtrElec",7,17,6,"",100.698,0,0,0,0,0,0,0,0,0,0,0,0,0,0,0,0,0,0,0,0,100.698,0,0,0
"MtrElec",7,17,7,"",147.234,0,0,0,0,0,0,0,0,0,0,0,0,0,0,0,0,0,0,0,0,163.637,0,0,-16.4026
"MtrElec",7,17,8,"",120.632,0,0,0,0,0,0,0,0,0,0,0,0,0,0,0,0,0,0,0,0,193.782,0,0,-73.1495
"MtrElec",7,17,9,"",8.46044,0,0,0,0,0,0,0,0,0,0,0,0,0,0,0,0,0,0,0,0,199.655,0,0,-191.194
"MtrElec",7,17,10,"",0.0000078,0,0,0,0,0,0,0,0,0,0,0,0,0,0,0,0,0,0,0,0,212.931,0,84.3058,-297.237
"MtrElec",7,17,11,"",0.0000078,0,0,0,0,0,0,0,0,0,0,0,0,0,0,0,0,0,0,0,0,245.517,0,125.891,-371.408
"MtrElec",7,17,12,"",-67.1102,0,0,0,0,0,0,0,0,0,0,0,0,0,0,0,0,0,0,0,0,202.377,0,157.698,-427.186
"MtrElec",7,17,13,"",-32.6638,0,0,0,0,0,0,0,0,0,0,0,0,0,0,0,0,0,0,0,0,265.919,0,157.698,-456.281
"MtrElec",7,17,14,"",-173.568,0,0,0,0,0,0,0,0,0,0,0,0,0,0,0,0,0,0,0,0,212.486,0,62.7923,-448.847
"MtrElec",7,17,15,"",-202.405,0,0,0,0,0,0,0,0,0,0,0,0,0,0,0,0,0,0,0,0,221.036,0,0,-423.442
"MtrElec",7,17,16,"",-111.775,0,0,0,0,0,0,0,0,0,0,0,0,0,0,0,0,0,0,0,0,259.134,0,0,-370.909
"MtrElec",7,17,17,"",26.6395,0,0,0,0,0,0,0,0,0,0,0,0,0,0,0,0,0,0,0,0,315.988,0,0,-289.348
"MtrElec",7,17,18,"",125.68,0,0,0,0,0,0,0,0,0,0,0,0,0,0,0,0,0,0,0,0,309.569,0,0,-183.889
"MtrElec",7,17,19,"",134.418,0,0,0,0,0,0,0,0,0,0,0,0,0,0,0,0,0,0,0,0,359.95,0,-157.698,-67.834
"MtrElec",7,17,20,"",178.966,0,0,0,0,0,0,0,0,0,0,0,0,0,0,0,0,0,0,0,0,346.523,0,-157.698,-9.85962
"MtrElec",7,17,21,"",186.324,0,0,0,0,0,0,0,0,0,0,0,0,0,0,0,0,0,0,0,0,344.022,0,-157.698,0
"MtrElec",7,17,22,"",181.513,0,0,0,0,0,0,0,0,0,0,0,0,0,0,0,0,0,0,0,0,239.436,0,-57.9237,0
"MtrElec",7,17,23,"",236.101,0,0,0,0,0,0,0,0,0,0,0,0,0,0,0,0,0,0,0,0,236.101,0,0,0
"MtrElec",7,17,24,"",176.714,0,0,0,0,0,0,0,0,0,0,0,0,0,0,0,0,0,0,0,0,176.714,0,0,0
"MtrElec",7,18,1,"",132.847,0,0,0,0,0,0,0,0,0,0,0,0,0,0,0,0,0,0,0,0,132.847,0,0,0
"MtrElec",7,18,2,"",133.76,0,0,0,0,0,0,0,0,0,0,0,0,0,0,0,0,0,0,0,0,133.76,0,0,0
"MtrElec",7,18,3,"",107.139,0,0,0,0,0,0,0,0,0,0,0,0,0,0,0,0,0,0,0,0,107.139,0,0,0
"MtrElec",7,18,4,"",99.44,0,0,0,0,0,0,0,0,0,0,0,0,0,0,0,0,0,0,0,0,99.44,0,0,0
"MtrElec",7,18,5,"",96.7942,0,0,0,0,0,0,0,0,0,0,0,0,0,0,0,0,0,0,0,0,96.7942,0,0,0
"MtrElec",7,18,6,"",88.1963,0,0,0,0,0,0,0,0,0,0,0,0,0,0,0,0,0,0,0,0,88.1963,0,0,0
"MtrElec",7,18,7,"",131.541,0,0,0,0,0,0,0,0,0,0,0,0,0,0,0,0,0,0,0,0,147.28,0,0,-15.7393
"MtrElec",7,18,8,"",109.201,0,0,0,0,0,0,0,0,0,0,0,0,0,0,0,0,0,0,0,0,180.537,0,0,-71.3361
"MtrElec",7,18,9,"",47.6841,0,0,0,0,0,0,0,0,0,0,0,0,0,0,0,0,0,0,0,0,232.212,0,0,-184.528
"MtrElec",7,18,10,"",15.5456,0,0,0,0,0,0,0,0,0,0,0,0,0,0,0,0,0,0,0,0,298.223,0,0,-282.678
"MtrElec",7,18,11,"",0,0,0,0,0,0,0,0,0,0,0,0,0,0,0,0,0,0,0,0,0,323.492,0,37.6027,-361.095
"MtrElec",7,18,12,"",0.0000039,0,0,0,0,0,0,0,0,0,0,0,0,0,0,0,0,0,0,0,0,354.272,0,63.0468,-417.319
"MtrElec",7,18,13,"",0.0000078,0,0,0,0,0,0,0,0,0,0,0,0,0,0,0,0,0,0,0,0,329.347,0,109.97,-439.317
"MtrElec",7,18,14,"",0,0,0,0,0,0,0,0,0,0,0,0,0,0,0,0,0,0,0,0,0,330.346,0,104.989,-435.335
"MtrElec",7,18,15,"",0,0,0,0,0,0,0,0,0,0,0,0,0,0,0,0,0,0,0,0,0,326.88,0,82.5212,-409.401
"MtrElec",7,18,16,"",0,0,0,0,0,0,0,0,0,0,0,0,0,0,0,0,0,0,0,0,0,317.583,0,38.1862,-355.769
"MtrElec",7,18,17,"",56.1217,0,0,0,0,0,0,0,0,0,0,0,0,0,0,0,0,0,0,0,0,333.435,0,0,-277.313
"MtrElec",7,18,18,"",209.436,0,0,0,0,0,0,0,0,0,0,0,0,0,0,0,0,0,0,0,0,384.043,0,0,-174.607
"MtrElec",7,18,19,"",196.099,0,0,0,0,0,0,0,0,0,0,0,0,0,0,0,0,0,0,0,0,418.144,0,-157.698,-64.3469
"MtrElec",7,18,20,"",188.268,0,0,0,0,0,0,0,0,0,0,0,0,0,0,0,0,0,0,0,0,354.484,0,-157.698,-8.51791
"MtrElec",7,18,21,"",206.94,0,0,0,0,0,0,0,0,0,0,0,0,0,0,0,0,0,0,0,0,285.318,0,-78.3788,0
"MtrElec",7,18,22,"",250.491,0,0,0,0,0,0,0,0,0,0,0,0,0,0,0,0,0,0,0,0,250.491,0,0,0
"MtrElec",7,18,23,"",237.966,0,0,0,0,0,0,0,0,0,0,0,0,0,0,0,0,0,0,0,0,237.966,0,0,0
"MtrElec",7,18,24,"",203.793,0,0,0,0,0,0,0,0,0,0,0,0,0,0,0,0,0,0,0,0,203.793,0,0,0
"MtrElec",7,19,1,"",147.253,0,0,0,0,0,0,0,0,0,0,0,0,0,0,0,0,0,0,0,0,147.253,0,0,0
"MtrElec",7,19,2,"",117.161,0,0,0,0,0,0,0,0,0,0,0,0,0,0,0,0,0,0,0,0,117.161,0,0,0
"MtrElec",7,19,3,"",97.1225,0,0,0,0,0,0,0,0,0,0,0,0,0,0,0,0,0,0,0,0,97.1225,0,0,0
"MtrElec",7,19,4,"",123.221,0,0,0,0,0,0,0,0,0,0,0,0,0,0,0,0,0,0,0,0,123.221,0,0,0
"MtrElec",7,19,5,"",128.671,0,0,0,0,0,0,0,0,0,0,0,0,0,0,0,0,0,0,0,0,128.671,0,0,0
"MtrElec",7,19,6,"",95.442,0,0,0,0,0,0,0,0,0,0,0,0,0,0,0,0,0,0,0,0,95.442,0,0,0
"MtrElec",7,19,7,"",101.721,0,0,0,0,0,0,0,0,0,0,0,0,0,0,0,0,0,0,0,0,116.689,0,0,-14.9679
"MtrElec",7,19,8,"",126.298,0,0,0,0,0,0,0,0,0,0,0,0,0,0,0,0,0,0,0,0,194.982,0,0,-68.684
"MtrElec",7,19,9,"",46.2279,0,0,0,0,0,0,0,0,0,0,0,0,0,0,0,0,0,0,0,0,224.502,0,0,-178.274
"MtrElec",7,19,10,"",0.0000010,0,0,0,0,0,0,0,0,0,0,0,0,0,0,0,0,0,0,0,0,268.439,0,11.2745,-279.714
"MtrElec",7,19,11,"",0,0,0,0,0,0,0,0,0,0,0,0,0,0,0,0,0,0,0,0,0,332.35,0,25.0569,-357.407
"MtrElec",7,19,12,"",0,0,0,0,0,0,0,0,0,0,0,0,0,0,0,0,0,0,0,0,0,368.931,0,36.3701,-405.301
"MtrElec",7,19,13,"",0,0,0,0,0,0,0,0,0,0,0,0,0,0,0,0,0,0,0,0,0,323.935,0,107.131,-431.066
"MtrElec",7,19,14,"",0.0000078,0,0,0,0,0,0,0,0,0,0,0,0,0,0,0,0,0,0,0,0,318.556,0,119.811,-438.367
"MtrElec",7,19,15,"",0,0,0,0,0,0,0,0,0,0,0,0,0,0,0,0,0,0,0,0,0,361.489,0,56.772,-418.261
"MtrElec",7,19,16,"",0,0,0,0,0,0,0,0,0,0,0,0,0,0,0,0,0,0,0,0,0,317.119,0,46.4644,-363.583
"MtrElec",7,19,17,"",39.0957,0,0,0,0,0,0,0,0,0,0,0,0,0,0,0,0,0,0,0,0,318.547,0,0,-279.451
"MtrElec",7,19,18,"",205.04,0,0,0,0,0,0,0,0,0,0,0,0,0,0,0,0,0,0,0,0,381.631,0,0,-176.591
"MtrElec",7,19,19,"",191.165,0,0,0,0,0,0,0,0,0,0,0,0,0,0,0,0,0,0,0,0,413.186,0,-157.698,-64.3232
"MtrElec",7,19,20,"",219.703,0,0,0,0,0,0,0,0,0,0,0,0,0,0,0,0,0,0,0,0,386.312,0,-157.698,-8.91087
"MtrElec",7,19,21,"",213.838,0,0,0,0,0,0,0,0,0,0,0,0,0,0,0,0,0,0,0,0,262.041,0,-48.2032,0
"MtrElec",7,19,22,"",285.049,0,0,0,0,0,0,0,0,0,0,0,0,0,0,0,0,0,0,0,0,285.049,0,0,0
"MtrElec",7,19,23,"",232.28,0,0,0,0,0,0,0,0,0,0,0,0,0,0,0,0,0,0,0,0,232.28,0,0,0
"MtrElec",7,19,24,"",200.297,0,0,0,0,0,0,0,0,0,0,0,0,0,0,0,0,0,0,0,0,200.297,0,0,0
"MtrElec",7,20,1,"",153.655,0,0,0,0,0,0,0,0,0,0,0,0,0,0,0,0,0,0,0,0,153.655,0,0,0
"MtrElec",7,20,2,"",108.288,0,0,0,0,0,0,0,0,0,0,0,0,0,0,0,0,0,0,0,0,108.288,0,0,0
"MtrElec",7,20,3,"",98.8002,0,0,0,0,0,0,0,0,0,0,0,0,0,0,0,0,0,0,0,0,98.8002,0,0,0
"MtrElec",7,20,4,"",109.486,0,0,0,0,0,0,0,0,0,0,0,0,0,0,0,0,0,0,0,0,109.486,0,0,0
"MtrElec",7,20,5,"",96.12,0,0,0,0,0,0,0,0,0,0,0,0,0,0,0,0,0,0,0,0,96.12,0,0,0
"MtrElec",7,20,6,"",96.3114,0,0,0,0,0,0,0,0,0,0,0,0,0,0,0,0,0,0,0,0,96.3114,0,0,0
"MtrElec",7,20,7,"",157.321,0,0,0,0,0,0,0,0,0,0,0,0,0,0,0,0,0,0,0,0,172.567,0,0,-15.2461
"MtrElec",7,20,8,"",161.157,0,0,0,0,0,0,0,0,0,0,0,0,0,0,0,0,0,0,0,0,232.837,0,0,-71.6801
"MtrElec",7,20,9,"",72.5399,0,0,0,0,0,0,0,0,0,0,0,0,0,0,0,0,0,0,0,0,258.607,0,0,-186.067
"MtrElec",7,20,10,"",0.0000020,0,0,0,0,0,0,0,0,0,0,0,0,0,0,0,0,0,0,0,0,255.749,0,30.0667,-285.815
"MtrElec",7,20,11,"",0,0,0,0,0,0,0,0,0,0,0,0,0,0,0,0,0,0,0,0,0,290.06,0,77.0325,-367.092
"MtrElec",7,20,12,"",0.0000078,0,0,0,0,0,0,0,0,0,0,0,0,0,0,0,0,0,0,0,0,299.239,0,123.413,-422.652
"MtrElec",7,20,13,"",-33.7408,0,0,0,0,0,0,0,0,0,0,0,0,0,0,0,0,0,0,0,0,255.409,0,157.698,-446.848
"MtrElec",7,20,14,"",-79.0555,0,0,0,0,0,0,0,0,0,0,0,0,0,0,0,0,0,0,0,0,207.326,0,157.698,-444.079
"MtrElec",7,20,15,"",-105.68,0,0,0,0,0,0,0,0,0,0,0,0,0,0,0,0,0,0,0,0,269.94,0,42.4772,-418.097
"MtrElec",7,20,16,"",-88.7279,0,0,0,0,0,0,0,0,0,0,0,0,0,0,0,0,0,0,0,0,277.254,0,0,-365.982
"MtrElec",7,20,17,"",9.84175,0,0,0,0,0,0,0,0,0,0,0,0,0,0,0,0,0,0,0,0,296.528,0,0,-286.686
"MtrElec",7,20,18,"",150.261,0,0,0,0,0,0,0,0,0,0,0,0,0,0,0,0,0,0,0,0,331.66,0,0,-181.399
"MtrElec",7,20,19,"",151.21,0,0,0,0,0,0,0,0,0,0,0,0,0,0,0,0,0,0,0,0,375.035,0,-157.698,-66.1273
"MtrElec",7,20,20,"",193.634,0,0,0,0,0,0,0,0,0,0,0,0,0,0,0,0,0,0,0,0,360.349,0,-157.698,-9.01741
"MtrElec",7,20,21,"",153.678,0,0,0,0,0,0,0,0,0,0,0,0,0,0,0,0,0,0,0,0,311.376,0,-157.698,0
"MtrElec",7,20,22,"",177.665,0,0,0,0,0,0,0,0,0,0,0,0,0,0,0,0,0,0,0,0,235.589,0,-57.9237,0
"MtrElec",7,20,23,"",225.574,0,0,0,0,0,0,0,0,0,0,0,0,0,0,0,0,0,0,0,0,225.574,0,0,0
"MtrElec",7,20,24,"",178.15,0,0,0,0,0,0,0,0,0,0,0,0,0,0,0,0,0,0,0,0,178.15,0,0,0
"MtrElec",7,21,1,"",106.075,0,0,0,0,0,0,0,0,0,0,0,0,0,0,0,0,0,0,0,0,106.075,0,0,0
"MtrElec",7,21,2,"",112.212,0,0,0,0,0,0,0,0,0,0,0,0,0,0,0,0,0,0,0,0,112.212,0,0,0
"MtrElec",7,21,3,"",132.55,0,0,0,0,0,0,0,0,0,0,0,0,0,0,0,0,0,0,0,0,132.55,0,0,0
"MtrElec",7,21,4,"",97.2607,0,0,0,0,0,0,0,0,0,0,0,0,0,0,0,0,0,0,0,0,97.2607,0,0,0
"MtrElec",7,21,5,"",102.201,0,0,0,0,0,0,0,0,0,0,0,0,0,0,0,0,0,0,0,0,102.201,0,0,0
"MtrElec",7,21,6,"",94.2419,0,0,0,0,0,0,0,0,0,0,0,0,0,0,0,0,0,0,0,0,94.2419,0,0,0
"MtrElec",7,21,7,"",122.824,0,0,0,0,0,0,0,0,0,0,0,0,0,0,0,0,0,0,0,0,144.679,0,0,-21.8551
"MtrElec",7,21,8,"",149.012,0,0,0,0,0,0,0,0,0,0,0,0,0,0,0,0,0,0,0,0,192.075,0,0,-43.0626
"MtrElec",7,21,9,"",52.8711,0,0,0,0,0,0,0,0,0,0,0,0,0,0,0,0,0,0,0,0,175.638,0,0,-122.766
"MtrElec",7,21,10,"",0,0,0,0,0,0,0,0,0,0,0,0,0,0,0,0,0,0,0,0,0,189.655,0,98.8805,-288.535
"MtrElec",7,21,11,"",0,0,0,0,0,0,0,0,0,0,0,0,0,0,0,0,0,0,0,0,0,219.666,0,157.488,-377.154
"MtrElec",7,21,12,"",-66.2472,0,0,0,0,0,0,0,0,0,0,0,0,0,0,0,0,0,0,0,0,207.237,0,157.698,-431.182
"MtrElec",7,21,13,"",-77.9287,0,0,0,0,0,0,0,0,0,0,0,0,0,0,0,0,0,0,0,0,222.319,0,157.698,-457.945
"MtrElec",7,21,14,"",-227.713,0,0,0,0,0,0,0,0,0,0,0,0,0,0,0,0,0,0,0,0,211.114,0,16.621,-455.448
"MtrElec",7,21,15,"",-228.984,0,0,0,0,0,0,0,0,0,0,0,0,0,0,0,0,0,0,0,0,195.426,0,0,-424.41
"MtrElec",7,21,16,"",-107.851,0,0,0,0,0,0,0,0,0,0,0,0,0,0,0,0,0,0,0,0,262.73,0,0,-370.581
"MtrElec",7,21,17,"",31.3936,0,0,0,0,0,0,0,0,0,0,0,0,0,0,0,0,0,0,0,0,323.59,0,0,-292.196
"MtrElec",7,21,18,"",103.918,0,0,0,0,0,0,0,0,0,0,0,0,0,0,0,0,0,0,0,0,289.886,0,0,-185.968
"MtrElec",7,21,19,"",140.551,0,0,0,0,0,0,0,0,0,0,0,0,0,0,0,0,0,0,0,0,366.324,0,-157.698,-68.0748
"MtrElec",7,21,20,"",172.564,0,0,0,0,0,0,0,0,0,0,0,0,0,0,0,0,0,0,0,0,339.858,0,-157.698,-9.59563
"MtrElec",7,21,21,"",141.155,0,0,0,0,0,0,0,0,0,0,0,0,0,0,0,0,0,0,0,0,298.853,0,-157.698,0
"MtrElec",7,21,22,"",183.153,0,0,0,0,0,0,0,0,0,0,0,0,0,0,0,0,0,0,0,0,241.077,0,-57.9237,0
"MtrElec",7,21,23,"",243.877,0,0,0,0,0,0,0,0,0,0,0,0,0,0,0,0,0,0,0,0,243.877,0,0,0
"MtrElec",7,21,24,"",169.911,0,0,0,0,0,0,0,0,0,0,0,0,0,0,0,0,0,0,0,0,169.911,0,0,0
"MtrElec",7,22,1,"",111.405,0,0,0,0,0,0,0,0,0,0,0,0,0,0,0,0,0,0,0,0,111.405,0,0,0
"MtrElec",7,22,2,"",129.814,0,0,0,0,0,0,0,0,0,0,0,0,0,0,0,0,0,0,0,0,129.814,0,0,0
"MtrElec",7,22,3,"",97.3337,0,0,0,0,0,0,0,0,0,0,0,0,0,0,0,0,0,0,0,0,97.3337,0,0,0
"MtrElec",7,22,4,"",97.1545,0,0,0,0,0,0,0,0,0,0,0,0,0,0,0,0,0,0,0,0,97.1545,0,0,0
"MtrElec",7,22,5,"",101.35,0,0,0,0,0,0,0,0,0,0,0,0,0,0,0,0,0,0,0,0,101.35,0,0,0
"MtrElec",7,22,6,"",106.542,0,0,0,0,0,0,0,0,0,0,0,0,0,0,0,0,0,0,0,0,106.542,0,0,0
"MtrElec",7,22,7,"",132.423,0,0,0,0,0,0,0,0,0,0,0,0,0,0,0,0,0,0,0,0,156.598,0,0,-24.1752
"MtrElec",7,22,8,"",130.682,0,0,0,0,0,0,0,0,0,0,0,0,0,0,0,0,0,0,0,0,222.403,0,0,-91.7218
"MtrElec",7,22,9,"",139.623,0,0,0,0,0,0,0,0,0,0,0,0,0,0,0,0,0,0,0,0,209.314,0,0,-69.6916
"MtrElec",7,22,10,"",29.8916,0,0,0,0,0,0,0,0,0,0,0,0,0,0,0,0,0,0,0,0,211.13,0,0,-181.239
"MtrElec",7,22,11,"",-2.0207,0,0,0,0,0,0,0,0,0,0,0,0,0,0,0,0,0,0,0,0,224.495,0,157.698,-384.214
"MtrElec",7,22,12,"",-54.9911,0,0,0,0,0,0,0,0,0,0,0,0,0,0,0,0,0,0,0,0,219.893,0,157.698,-432.582
"MtrElec",7,22,13,"",0,0,0,0,0,0,0,0,0,0,0,0,0,0,0,0,0,0,0,0,0,306.081,0,143.089,-449.17
"MtrElec",7,22,14,"",-145.702,0,0,0,0,0,0,0,0,0,0,0,0,0,0,0,0,0,0,0,0,165.669,0,129.9,-441.27
"MtrElec",7,22,15,"",-197.562,0,0,0,0,0,0,0,0,0,0,0,0,0,0,0,0,0,0,0,0,218.553,0,0,-416.114
"MtrElec",7,22,16,"",-116.546,0,0,0,0,0,0,0,0,0,0,0,0,0,0,0,0,0,0,0,0,249.915,0,0,-366.461
"MtrElec",7,22,17,"",12.8877,0,0,0,0,0,0,0,0,0,0,0,0,0,0,0,0,0,0,0,0,298.556,0,0,-285.668
"MtrElec",7,22,18,"",160.809,0,0,0,0,0,0,0,0,0,0,0,0,0,0,0,0,0,0,0,0,339.236,0,0,-178.427
"MtrElec",7,22,19,"",139.447,0,0,0,0,0,0,0,0,0,0,0,0,0,0,0,0,0,0,0,0,362.12,0,-157.698,-64.9747
"MtrElec",7,22,20,"",157.211,0,0,0,0,0,0,0,0,0,0,0,0,0,0,0,0,0,0,0,0,323.631,0,-157.698,-8.72218
"MtrElec",7,22,21,"",140.073,0,0,0,0,0,0,0,0,0,0,0,0,0,0,0,0,0,0,0,0,297.771,0,-157.698,0
"MtrElec",7,22,22,"",195.553,0,0,0,0,0,0,0,0,0,0,0,0,0,0,0,0,0,0,0,0,253.477,0,-57.9237,0
"MtrElec",7,22,23,"",217.795,0,0,0,0,0,0,0,0,0,0,0,0,0,0,0,0,0,0,0,0,217.795,0,0,0
"MtrElec",7,22,24,"",175.464,0,0,0,0,0,0,0,0,0,0,0,0,0,0,0,0,0,0,0,0,175.464,0,0,0
"MtrElec",7,23,1,"",112.202,0,0,0,0,0,0,0,0,0,0,0,0,0,0,0,0,0,0,0,0,112.202,0,0,0
"MtrElec",7,23,2,"",104.628,0,0,0,0,0,0,0,0,0,0,0,0,0,0,0,0,0,0,0,0,104.628,0,0,0
"MtrElec",7,23,3,"",99.6795,0,0,0,0,0,0,0,0,0,0,0,0,0,0,0,0,0,0,0,0,99.6795,0,0,0
"MtrElec",7,23,4,"",83.6718,0,0,0,0,0,0,0,0,0,0,0,0,0,0,0,0,0,0,0,0,83.6718,0,0,0
"MtrElec",7,23,5,"",128.416,0,0,0,0,0,0,0,0,0,0,0,0,0,0,0,0,0,0,0,0,128.416,0,0,0
"MtrElec",7,23,6,"",100.876,0,0,0,0,0,0,0,0,0,0,0,0,0,0,0,0,0,0,0,0,100.876,0,0,0
"MtrElec",7,23,7,"",149.968,0,0,0,0,0,0,0,0,0,0,0,0,0,0,0,0,0,0,0,0,164.805,0,0,-14.8376
"MtrElec",7,23,8,"",166.114,0,0,0,0,0,0,0,0,0,0,0,0,0,0,0,0,0,0,0,0,234.261,0,0,-68.1477
"MtrElec",7,23,9,"",53.2406,0,0,0,0,0,0,0,0,0,0,0,0,0,0,0,0,0,0,0,0,237.359,0,0,-184.118
"MtrElec",7,23,10,"",0,0,0,0,0,0,0,0,0,0,0,0,0,0,0,0,0,0,0,0,0,257.418,0,36.7968,-294.215
"MtrElec",7,23,11,"",0.0000078,0,0,0,0,0,0,0,0,0,0,0,0,0,0,0,0,0,0,0,0,286.111,0,78.5793,-364.691
"MtrElec",7,23,12,"",-54.5755,0,0,0,0,0,0,0,0,0,0,0,0,0,0,0,0,0,0,0,0,209.049,0,157.698,-421.322
"MtrElec",7,23,13,"",-41.9491,0,0,0,0,0,0,0,0,0,0,0,0,0,0,0,0,0,0,0,0,252.093,0,157.698,-451.74
"MtrElec",7,23,14,"",-66.6915,0,0,0,0,0,0,0,0,0,0,0,0,0,0,0,0,0,0,0,0,223.123,0,157.613,-447.428
"MtrElec",7,23,15,"",-191.824,0,0,0,0,0,0,0,0,0,0,0,0,0,0,0,0,0,0,0,0,229.737,0,0,-421.562
"MtrElec",7,23,16,"",-102.985,0,0,0,0,0,0,0,0,0,0,0,0,0,0,0,0,0,0,0,0,263.837,0,0,-366.822
"MtrElec",7,23,17,"",11.3695,0,0,0,0,0,0,0,0,0,0,0,0,0,0,0,0,0,0,0,0,294.354,0,0,-282.984
"MtrElec",7,23,18,"",154.762,0,0,0,0,0,0,0,0,0,0,0,0,0,0,0,0,0,0,0,0,330.651,0,0,-175.889
"MtrElec",7,23,19,"",152.079,0,0,0,0,0,0,0,0,0,0,0,0,0,0,0,0,0,0,0,0,372.766,0,-157.698,-62.9892
"MtrElec",7,23,20,"",150.359,0,0,0,0,0,0,0,0,0,0,0,0,0,0,0,0,0,0,0,0,316.751,0,-157.698,-8.69364
"MtrElec",7,23,21,"",136.124,0,0,0,0,0,0,0,0,0,0,0,0,0,0,0,0,0,0,0,0,293.822,0,-157.698,0
"MtrElec",7,23,22,"",178.061,0,0,0,0,0,0,0,0,0,0,0,0,0,0,0,0,0,0,0,0,235.984,0,-57.9237,0
"MtrElec",7,23,23,"",215.15,0,0,0,0,0,0,0,0,0,0,0,0,0,0,0,0,0,0,0,0,215.15,0,0,0
"MtrElec",7,23,24,"",174.454,0,0,0,0,0,0,0,0,0,0,0,0,0,0,0,0,0,0,0,0,174.454,0,0,0
"MtrElec",7,24,1,"",129.156,0,0,0,0,0,0,0,0,0,0,0,0,0,0,0,0,0,0,0,0,129.156,0,0,0
"MtrElec",7,24,2,"",106.308,0,0,0,0,0,0,0,0,0,0,0,0,0,0,0,0,0,0,0,0,106.308,0,0,0
"MtrElec",7,24,3,"",88.9951,0,0,0,0,0,0,0,0,0,0,0,0,0,0,0,0,0,0,0,0,88.9951,0,0,0
"MtrElec",7,24,4,"",100.391,0,0,0,0,0,0,0,0,0,0,0,0,0,0,0,0,0,0,0,0,100.391,0,0,0
"MtrElec",7,24,5,"",97.4981,0,0,0,0,0,0,0,0,0,0,0,0,0,0,0,0,0,0,0,0,97.4981,0,0,0
"MtrElec",7,24,6,"",118.41,0,0,0,0,0,0,0,0,0,0,0,0,0,0,0,0,0,0,0,0,118.41,0,0,0
"MtrElec",7,24,7,"",138.783,0,0,0,0,0,0,0,0,0,0,0,0,0,0,0,0,0,0,0,0,151.168,0,0,-12.3849
"MtrElec",7,24,8,"",131.324,0,0,0,0,0,0,0,0,0,0,0,0,0,0,0,0,0,0,0,0,198.298,0,0,-66.9744
"MtrElec",7,24,9,"",59.0141,0,0,0,0,0,0,0,0,0,0,0,0,0,0,0,0,0,0,0,0,233.312,0,0,-174.298
"MtrElec",7,24,10,"",0,0,0,0,0,0,0,0,0,0,0,0,0,0,0,0,0,0,0,0,0,228.371,0,41.5456,-269.917
"MtrElec",7,24,11,"",0,0,0,0,0,0,0,0,0,0,0,0,0,0,0,0,0,0,0,0,0,257.49,0,83.738,-341.228
"MtrElec",7,24,12,"",0.0000156,0,0,0,0,0,0,0,0,0,0,0,0,0,0,0,0,0,0,0,0,248.741,0,145.966,-394.706
"MtrElec",7,24,13,"",0.0000078,0,0,0,0,0,0,0,0,0,0,0,0,0,0,0,0,0,0,0,0,290.948,0,130.894,-421.843
"MtrElec",7,24,14,"",-28.4768,0,0,0,0,0,0,0,0,0,0,0,0,0,0,0,0,0,0,0,0,232.004,0,157.698,-418.179
"MtrElec",7,24,15,"",-97.5575,0,0,0,0,0,0,0,0,0,0,0,0,0,0,0,0,0,0,0,0,265.459,0,28.5439,-391.561
"MtrElec",7,24,16,"",-95.145,0,0,0,0,0,0,0,0,0,0,0,0,0,0,0,0,0,0,0,0,246.236,0,0,-341.381
"MtrElec",7,24,17,"",47.3593,0,0,0,0,0,0,0,0,0,0,0,0,0,0,0,0,0,0,0,0,310.52,0,0,-263.161
"MtrElec",7,24,18,"",192.142,0,0,0,0,0,0,0,0,0,0,0,0,0,0,0,0,0,0,0,0,349.444,0,0,-157.303
"MtrElec",7,24,19,"",145.621,0,0,0,0,0,0,0,0,0,0,0,0,0,0,0,0,0,0,0,0,358.299,0,-157.698,-54.9797
"MtrElec",7,24,20,"",214.164,0,0,0,0,0,0,0,0,0,0,0,0,0,0,0,0,0,0,0,0,380.669,0,-157.698,-8.80649
"MtrElec",7,24,21,"",205.098,0,0,0,0,0,0,0,0,0,0,0,0,0,0,0,0,0,0,0,0,362.796,0,-157.698,0
"MtrElec",7,24,22,"",208.729,0,0,0,0,0,0,0,0,0,0,0,0,0,0,0,0,0,0,0,0,266.653,0,-57.9237,0
"MtrElec",7,24,23,"",250.834,0,0,0,0,0,0,0,0,0,0,0,0,0,0,0,0,0,0,0,0,250.834,0,0,0
"MtrElec",7,24,24,"",172.246,0,0,0,0,0,0,0,0,0,0,0,0,0,0,0,0,0,0,0,0,172.246,0,0,0
"MtrElec",7,25,1,"",183.132,0,0,0,0,0,0,0,0,0,0,0,0,0,0,0,0,0,0,0,0,183.132,0,0,0
"MtrElec",7,25,2,"",114.975,0,0,0,0,0,0,0,0,0,0,0,0,0,0,0,0,0,0,0,0,114.975,0,0,0
"MtrElec",7,25,3,"",99.0353,0,0,0,0,0,0,0,0,0,0,0,0,0,0,0,0,0,0,0,0,99.0353,0,0,0
"MtrElec",7,25,4,"",110.324,0,0,0,0,0,0,0,0,0,0,0,0,0,0,0,0,0,0,0,0,110.324,0,0,0
"MtrElec",7,25,5,"",109.261,0,0,0,0,0,0,0,0,0,0,0,0,0,0,0,0,0,0,0,0,109.261,0,0,0
"MtrElec",7,25,6,"",94.0416,0,0,0,0,0,0,0,0,0,0,0,0,0,0,0,0,0,0,0,0,94.0416,0,0,0
"MtrElec",7,25,7,"",141.44,0,0,0,0,0,0,0,0,0,0,0,0,0,0,0,0,0,0,0,0,154.89,0,0,-13.4501
"MtrElec",7,25,8,"",86.5492,0,0,0,0,0,0,0,0,0,0,0,0,0,0,0,0,0,0,0,0,153.587,0,0,-67.0373
"MtrElec",7,25,9,"",69.8823,0,0,0,0,0,0,0,0,0,0,0,0,0,0,0,0,0,0,0,0,237.099,0,0,-167.217
"MtrElec",7,25,10,"",22.4257,0,0,0,0,0,0,0,0,0,0,0,0,0,0,0,0,0,0,0,0,281.493,0,0,-259.068
"MtrElec",7,25,11,"",23.7733,0,0,0,0,0,0,0,0,0,0,0,0,0,0,0,0,0,0,0,0,358.234,0,0,-334.46
"MtrElec",7,25,12,"",0.0000020,0,0,0,0,0,0,0,0,0,0,0,0,0,0,0,0,0,0,0,0,372.026,0,20.9729,-392.999
"MtrElec",7,25,13,"",0.0000078,0,0,0,0,0,0,0,0,0,0,0,0,0,0,0,0,0,0,0,0,339.499,0,79.6774,-419.177
"MtrElec",7,25,14,"",0.0000078,0,0,0,0,0,0,0,0,0,0,0,0,0,0,0,0,0,0,0,0,323.061,0,96.6922,-419.753
"MtrElec",7,25,15,"",0,0,0,0,0,0,0,0,0,0,0,0,0,0,0,0,0,0,0,0,0,318.369,0,79.2601,-397.629
"MtrElec",7,25,16,"",0,0,0,0,0,0,0,0,0,0,0,0,0,0,0,0,0,0,0,0,0,294.181,0,47.5177,-341.699
"MtrElec",7,25,17,"",45.4951,0,0,0,0,0,0,0,0,0,0,0,0,0,0,0,0,0,0,0,0,309.035,0,0,-263.54
"MtrElec",7,25,18,"",199.772,0,0,0,0,0,0,0,0,0,0,0,0,0,0,0,0,0,0,0,0,362.816,0,0,-163.044
"MtrElec",7,25,19,"",199.765,0,0,0,0,0,0,0,0,0,0,0,0,0,0,0,0,0,0,0,0,417.683,0,-157.698,-60.2209
"MtrElec",7,25,20,"",229.676,0,0,0,0,0,0,0,0,0,0,0,0,0,0,0,0,0,0,0,0,373.288,0,-134.821,-8.79137
"MtrElec",7,25,21,"",280.993,0,0,0,0,0,0,0,0,0,0,0,0,0,0,0,0,0,0,0,0,280.993,0,0,0
"MtrElec",7,25,22,"",268.109,0,0,0,0,0,0,0,0,0,0,0,0,0,0,0,0,0,0,0,0,268.109,0,0,0
"MtrElec",7,25,23,"",228.623,0,0,0,0,0,0,0,0,0,0,0,0,0,0,0,0,0,0,0,0,228.623,0,0,0
"MtrElec",7,25,24,"",165.035,0,0,0,0,0,0,0,0,0,0,0,0,0,0,0,0,0,0,0,0,165.035,0,0,0
"MtrElec",7,26,1,"",179.088,0,0,0,0,0,0,0,0,0,0,0,0,0,0,0,0,0,0,0,0,179.088,0,0,0
"MtrElec",7,26,2,"",119.412,0,0,0,0,0,0,0,0,0,0,0,0,0,0,0,0,0,0,0,0,119.412,0,0,0
"MtrElec",7,26,3,"",102.477,0,0,0,0,0,0,0,0,0,0,0,0,0,0,0,0,0,0,0,0,102.477,0,0,0
"MtrElec",7,26,4,"",113.053,0,0,0,0,0,0,0,0,0,0,0,0,0,0,0,0,0,0,0,0,113.053,0,0,0
"MtrElec",7,26,5,"",141.071,0,0,0,0,0,0,0,0,0,0,0,0,0,0,0,0,0,0,0,0,141.071,0,0,0
"MtrElec",7,26,6,"",94.1386,0,0,0,0,0,0,0,0,0,0,0,0,0,0,0,0,0,0,0,0,94.1386,0,0,0
"MtrElec",7,26,7,"",108.252,0,0,0,0,0,0,0,0,0,0,0,0,0,0,0,0,0,0,0,0,120.915,0,0,-12.663
"MtrElec",7,26,8,"",117.432,0,0,0,0,0,0,0,0,0,0,0,0,0,0,0,0,0,0,0,0,182.604,0,0,-65.172
"MtrElec",7,26,9,"",51.5457,0,0,0,0,0,0,0,0,0,0,0,0,0,0,0,0,0,0,0,0,222.409,0,0,-170.863
"MtrElec",7,26,10,"",5.04016,0,0,0,0,0,0,0,0,0,0,0,0,0,0,0,0,0,0,0,0,271.752,0,0,-266.712
"MtrElec",7,26,11,"",0,0,0,0,0,0,0,0,0,0,0,0,0,0,0,0,0,0,0,0,0,301.882,0,40.5799,-342.462
"MtrElec",7,26,12,"",0,0,0,0,0,0,0,0,0,0,0,0,0,0,0,0,0,0,0,0,0,318.415,0,79.3931,-397.808
"MtrElec",7,26,13,"",0,0,0,0,0,0,0,0,0,0,0,0,0,0,0,0,0,0,0,0,0,346.018,0,80.3248,-426.343
"MtrElec",7,26,14,"",0,0,0,0,0,0,0,0,0,0,0,0,0,0,0,0,0,0,0,0,0,282.071,0,147.781,-429.851
"MtrElec",7,26,15,"",0,0,0,0,0,0,0,0,0,0,0,0,0,0,0,0,0,0,0,0,0,291.099,0,114.012,-405.112
"MtrElec",7,26,16,"",0,0,0,0,0,0,0,0,0,0,0,0,0,0,0,0,0,0,0,0,0,287.83,0,63.7846,-351.614
"MtrElec",7,26,17,"",0,0,0,0,0,0,0,0,0,0,0,0,0,0,0,0,0,0,0,0,0,259.783,0,12.0236,-271.807
"MtrElec",7,26,18,"",155.183,0,0,0,0,0,0,0,0,0,0,0,0,0,0,0,0,0,0,0,0,324.503,0,0,-169.32
"MtrElec",7,26,19,"",173.407,0,0,0,0,0,0,0,0,0,0,0,0,0,0,0,0,0,0,0,0,391.301,0,-157.698,-60.1961
"MtrElec",7,26,20,"",160.708,0,0,0,0,0,0,0,0,0,0,0,0,0,0,0,0,0,0,0,0,326.296,0,-157.698,-7.89056
"MtrElec",7,26,21,"",111.478,0,0,0,0,0,0,0,0,0,0,0,0,0,0,0,0,0,0,0,0,269.176,0,-157.698,0
"MtrElec",7,26,22,"",229.007,0,0,0,0,0,0,0,0,0,0,0,0,0,0,0,0,0,0,0,0,241.367,0,-12.3601,0
"MtrElec",7,26,23,"",191.56,0,0,0,0,0,0,0,0,0,0,0,0,0,0,0,0,0,0,0,0,191.56,0,0,0
"MtrElec",7,26,24,"",159.742,0,0,0,0,0,0,0,0,0,0,0,0,0,0,0,0,0,0,0,0,159.742,0,0,0
"MtrElec",7,27,1,"",121.076,0,0,0,0,0,0,0,0,0,0,0,0,0,0,0,0,0,0,0,0,121.076,0,0,0
"MtrElec",7,27,2,"",106.087,0,0,0,0,0,0,0,0,0,0,0,0,0,0,0,0,0,0,0,0,106.087,0,0,0
"MtrElec",7,27,3,"",94.6719,0,0,0,0,0,0,0,0,0,0,0,0,0,0,0,0,0,0,0,0,94.6719,0,0,0
"MtrElec",7,27,4,"",136.615,0,0,0,0,0,0,0,0,0,0,0,0,0,0,0,0,0,0,0,0,136.615,0,0,0
"MtrElec",7,27,5,"",107.341,0,0,0,0,0,0,0,0,0,0,0,0,0,0,0,0,0,0,0,0,107.341,0,0,0
"MtrElec",7,27,6,"",92.3373,0,0,0,0,0,0,0,0,0,0,0,0,0,0,0,0,0,0,0,0,92.3373,0,0,0
"MtrElec",7,27,7,"",134.329,0,0,0,0,0,0,0,0,0,0,0,0,0,0,0,0,0,0,0,0,154.528,0,0,-20.199
"MtrElec",7,27,8,"",146.312,0,0,0,0,0,0,0,0,0,0,0,0,0,0,0,0,0,0,0,0,230.379,0,0,-84.0669
"MtrElec",7,27,9,"",136.42,0,0,0,0,0,0,0,0,0,0,0,0,0,0,0,0,0,0,0,0,219.426,0,0,-83.0063
"MtrElec",7,27,10,"",41.236,0,0,0,0,0,0,0,0,0,0,0,0,0,0,0,0,0,0,0,0,222.591,0,0,-181.355
"MtrElec",7,27,11,"",0,0,0,0,0,0,0,0,0,0,0,0,0,0,0,0,0,0,0,0,0,223.02,0,137.351,-360.37
"MtrElec",7,27,12,"",-11.5,0,0,0,0,0,0,0,0,0,0,0,0,0,0,0,0,0,0,0,0,244.231,0,157.698,-413.429
"MtrElec",7,27,13,"",-21.5075,0,0,0,0,0,0,0,0,0,0,0,0,0,0,0,0,0,0,0,0,259.641,0,157.698,-438.847
"MtrElec",7,27,14,"",-83.0238,0,0,0,0,0,0,0,0,0,0,0,0,0,0,0,0,0,0,0,0,216.783,0,135.638,-435.445
"MtrElec",7,27,15,"",-228.189,0,0,0,0,0,0,0,0,0,0,0,0,0,0,0,0,0,0,0,0,180.351,0,0,-408.539
"MtrElec",7,27,16,"",-119.497,0,0,0,0,0,0,0,0,0,0,0,0,0,0,0,0,0,0,0,0,236.223,0,0,-355.72
"MtrElec",7,27,17,"",13.1185,0,0,0,0,0,0,0,0,0,0,0,0,0,0,0,0,0,0,0,0,289.105,0,0,-275.987
"MtrElec",7,27,18,"",135.455,0,0,0,0,0,0,0,0,0,0,0,0,0,0,0,0,0,0,0,0,306.029,0,0,-170.573
"MtrElec",7,27,19,"",115.887,0,0,0,0,0,0,0,0,0,0,0,0,0,0,0,0,0,0,0,0,335.741,0,-157.698,-62.156
"MtrElec",7,27,20,"",175.495,0,0,0,0,0,0,0,0,0,0,0,0,0,0,0,0,0,0,0,0,342.279,0,-157.698,-9.08518
"MtrElec",7,27,21,"",164.488,0,0,0,0,0,0,0,0,0,0,0,0,0,0,0,0,0,0,0,0,322.186,0,-157.698,0
"MtrElec",7,27,22,"",161.633,0,0,0,0,0,0,0,0,0,0,0,0,0,0,0,0,0,0,0,0,219.556,0,-57.9237,0
"MtrElec",7,27,23,"",227.168,0,0,0,0,0,0,0,0,0,0,0,0,0,0,0,0,0,0,0,0,227.168,0,0,0
"MtrElec",7,27,24,"",193.578,0,0,0,0,0,0,0,0,0,0,0,0,0,0,0,0,0,0,0,0,193.578,0,0,0
"MtrElec",7,28,1,"",128.643,0,0,0,0,0,0,0,0,0,0,0,0,0,0,0,0,0,0,0,0,128.643,0,0,0
"MtrElec",7,28,2,"",101.62,0,0,0,0,0,0,0,0,0,0,0,0,0,0,0,0,0,0,0,0,101.62,0,0,0
"MtrElec",7,28,3,"",91.0178,0,0,0,0,0,0,0,0,0,0,0,0,0,0,0,0,0,0,0,0,91.0178,0,0,0
"MtrElec",7,28,4,"",99.3107,0,0,0,0,0,0,0,0,0,0,0,0,0,0,0,0,0,0,0,0,99.3107,0,0,0
"MtrElec",7,28,5,"",95.427,0,0,0,0,0,0,0,0,0,0,0,0,0,0,0,0,0,0,0,0,95.427,0,0,0
"MtrElec",7,28,6,"",102.126,0,0,0,0,0,0,0,0,0,0,0,0,0,0,0,0,0,0,0,0,102.126,0,0,0
"MtrElec",7,28,7,"",120.172,0,0,0,0,0,0,0,0,0,0,0,0,0,0,0,0,0,0,0,0,133.061,0,0,-12.8889
"MtrElec",7,28,8,"",135.072,0,0,0,0,0,0,0,0,0,0,0,0,0,0,0,0,0,0,0,0,202.347,0,0,-67.2753
"MtrElec",7,28,9,"",42.4622,0,0,0,0,0,0,0,0,0,0,0,0,0,0,0,0,0,0,0,0,217.365,0,0,-174.902
"MtrElec",7,28,10,"",0,0,0,0,0,0,0,0,0,0,0,0,0,0,0,0,0,0,0,0,0,237.448,0,36.8572,-274.305
"MtrElec",7,28,11,"",0.0000078,0,0,0,0,0,0,0,0,0,0,0,0,0,0,0,0,0,0,0,0,245.062,0,105.108,-350.17
"MtrElec",7,28,12,"",-33.0978,0,0,0,0,0,0,0,0,0,0,0,0,0,0,0,0,0,0,0,0,215.779,0,157.698,-406.575
"MtrElec",7,28,13,"",0,0,0,0,0,0,0,0,0,0,0,0,0,0,0,0,0,0,0,0,0,302.646,0,128.666,-431.312
"MtrElec",7,28,14,"",-73.6325,0,0,0,0,0,0,0,0,0,0,0,0,0,0,0,0,0,0,0,0,199.623,0,157.698,-430.954
"MtrElec",7,28,15,"",-181.675,0,0,0,0,0,0,0,0,0,0,0,0,0,0,0,0,0,0,0,0,219.361,0,2.35839,-403.394
"MtrElec",7,28,16,"",-133.291,0,0,0,0,0,0,0,0,0,0,0,0,0,0,0,0,0,0,0,0,215.226,0,0,-348.517
"MtrElec",7,28,17,"",20.0289,0,0,0,0,0,0,0,0,0,0,0,0,0,0,0,0,0,0,0,0,288.61,0,0,-268.581
"MtrElec",7,28,18,"",121.243,0,0,0,0,0,0,0,0,0,0,0,0,0,0,0,0,0,0,0,0,287.065,0,0,-165.821
"MtrElec",7,28,19,"",104.8,0,0,0,0,0,0,0,0,0,0,0,0,0,0,0,0,0,0,0,0,322.339,0,-157.698,-59.8416
"MtrElec",7,28,20,"",155.726,0,0,0,0,0,0,0,0,0,0,0,0,0,0,0,0,0,0,0,0,321.663,0,-157.698,-8.23843
"MtrElec",7,28,21,"",163.976,0,0,0,0,0,0,0,0,0,0,0,0,0,0,0,0,0,0,0,0,321.674,0,-157.698,0
"MtrElec",7,28,22,"",185.52,0,0,0,0,0,0,0,0,0,0,0,0,0,0,0,0,0,0,0,0,243.444,0,-57.9237,0
"MtrElec",7,28,23,"",176.31,0,0,0,0,0,0,0,0,0,0,0,0,0,0,0,0,0,0,0,0,176.31,0,0,0
"MtrElec",7,28,24,"",192.706,0,0,0,0,0,0,0,0,0,0,0,0,0,0,0,0,0,0,0,0,192.706,0,0,0
"MtrElec",7,29,1,"",126.593,0,0,0,0,0,0,0,0,0,0,0,0,0,0,0,0,0,0,0,0,126.593,0,0,0
"MtrElec",7,29,2,"",110.822,0,0,0,0,0,0,0,0,0,0,0,0,0,0,0,0,0,0,0,0,110.822,0,0,0
"MtrElec",7,29,3,"",98.3427,0,0,0,0,0,0,0,0,0,0,0,0,0,0,0,0,0,0,0,0,98.3427,0,0,0
"MtrElec",7,29,4,"",98.8842,0,0,0,0,0,0,0,0,0,0,0,0,0,0,0,0,0,0,0,0,98.8842,0,0,0
"MtrElec",7,29,5,"",96.9532,0,0,0,0,0,0,0,0,0,0,0,0,0,0,0,0,0,0,0,0,96.9532,0,0,0
"MtrElec",7,29,6,"",129.31,0,0,0,0,0,0,0,0,0,0,0,0,0,0,0,0,0,0,0,0,129.31,0,0,0
"MtrElec",7,29,7,"",137.965,0,0,0,0,0,0,0,0,0,0,0,0,0,0,0,0,0,0,0,0,155.584,0,0,-17.6194
"MtrElec",7,29,8,"",143.023,0,0,0,0,0,0,0,0,0,0,0,0,0,0,0,0,0,0,0,0,213.879,0,0,-70.8561
"MtrElec",7,29,9,"",161.038,0,0,0,0,0,0,0,0,0,0,0,0,0,0,0,0,0,0,0,0,257.303,0,0,-96.2645
"MtrElec",7,29,10,"",0,0,0,0,0,0,0,0,0,0,0,0,0,0,0,0,0,0,0,0,0,176.569,0,16.4128,-192.982
"MtrElec",7,29,11,"",0,0,0,0,0,0,0,0,0,0,0,0,0,0,0,0,0,0,0,0,0,215.883,0,132.418,-348.301
"MtrElec",7,29,12,"",-24.0327,0,0,0,0,0,0,0,0,0,0,0,0,0,0,0,0,0,0,0,0,220.01,0,157.698,-401.74
"MtrElec",7,29,13,"",-39.9018,0,0,0,0,0,0,0,0,0,0,0,0,0,0,0,0,0,0,0,0,228.027,0,157.698,-425.627
"MtrElec",7,29,14,"",-97.9253,0,0,0,0,0,0,0,0,0,0,0,0,0,0,0,0,0,0,0,0,203.705,0,124.158,-425.789
"MtrElec",7,29,15,"",-207.296,0,0,0,0,0,0,0,0,0,0,0,0,0,0,0,0,0,0,0,0,191.476,0,0,-398.772
"MtrElec",7,29,16,"",-93.9892,0,0,0,0,0,0,0,0,0,0,0,0,0,0,0,0,0,0,0,0,250.095,0,0,-344.084
"MtrElec",7,29,17,"",11.0692,0,0,0,0,0,0,0,0,0,0,0,0,0,0,0,0,0,0,0,0,274.612,0,0,-263.543
"MtrElec",7,29,18,"",143.397,0,0,0,0,0,0,0,0,0,0,0,0,0,0,0,0,0,0,0,0,305.372,0,0,-161.975
"MtrElec",7,29,19,"",130.906,0,0,0,0,0,0,0,0,0,0,0,0,0,0,0,0,0,0,0,0,348.461,0,-157.698,-59.857
"MtrElec",7,29,20,"",142.39,0,0,0,0,0,0,0,0,0,0,0,0,0,0,0,0,0,0,0,0,308.317,0,-157.698,-8.22891
"MtrElec",7,29,21,"",169.312,0,0,0,0,0,0,0,0,0,0,0,0,0,0,0,0,0,0,0,0,327.01,0,-157.698,0
"MtrElec",7,29,22,"",166.843,0,0,0,0,0,0,0,0,0,0,0,0,0,0,0,0,0,0,0,0,224.767,0,-57.9237,0
"MtrElec",7,29,23,"",207.685,0,0,0,0,0,0,0,0,0,0,0,0,0,0,0,0,0,0,0,0,207.685,0,0,0
"MtrElec",7,29,24,"",154.054,0,0,0,0,0,0,0,0,0,0,0,0,0,0,0,0,0,0,0,0,154.054,0,0,0
"MtrElec",7,30,1,"",106.145,0,0,0,0,0,0,0,0,0,0,0,0,0,0,0,0,0,0,0,0,106.145,0,0,0
"MtrElec",7,30,2,"",112.482,0,0,0,0,0,0,0,0,0,0,0,0,0,0,0,0,0,0,0,0,112.482,0,0,0
"MtrElec",7,30,3,"",126.968,0,0,0,0,0,0,0,0,0,0,0,0,0,0,0,0,0,0,0,0,126.968,0,0,0
"MtrElec",7,30,4,"",107.753,0,0,0,0,0,0,0,0,0,0,0,0,0,0,0,0,0,0,0,0,107.753,0,0,0
"MtrElec",7,30,5,"",107.144,0,0,0,0,0,0,0,0,0,0,0,0,0,0,0,0,0,0,0,0,107.144,0,0,0
"MtrElec",7,30,6,"",121.262,0,0,0,0,0,0,0,0,0,0,0,0,0,0,0,0,0,0,0,0,121.262,0,0,0
"MtrElec",7,30,7,"",140.409,0,0,0,0,0,0,0,0,0,0,0,0,0,0,0,0,0,0,0,0,153.145,0,0,-12.7362
"MtrElec",7,30,8,"",167.842,0,0,0,0,0,0,0,0,0,0,0,0,0,0,0,0,0,0,0,0,230.658,0,0,-62.8164
"MtrElec",7,30,9,"",74.0473,0,0,0,0,0,0,0,0,0,0,0,0,0,0,0,0,0,0,0,0,234.919,0,0,-160.871
"MtrElec",7,30,10,"",0,0,0,0,0,0,0,0,0,0,0,0,0,0,0,0,0,0,0,0,0,259.402,0,5.80353,-265.206
"MtrElec",7,30,11,"",0,0,0,0,0,0,0,0,0,0,0,0,0,0,0,0,0,0,0,0,0,241.214,0,101.779,-342.993
"MtrElec",7,30,12,"",-13.2807,0,0,0,0,0,0,0,0,0,0,0,0,0,0,0,0,0,0,0,0,220.972,0,157.698,-391.951
"MtrElec",7,30,13,"",-11.9774,0,0,0,0,0,0,0,0,0,0,0,0,0,0,0,0,0,0,0,0,238.568,0,157.698,-408.243
"MtrElec",7,30,14,"",-12.3695,0,0,0,0,0,0,0,0,0,0,0,0,0,0,0,0,0,0,0,0,240.773,0,157.698,-410.84
"MtrElec",7,30,15,"",-117.437,0,0,0,0,0,0,0,0,0,0,0,0,0,0,0,0,0,0,0,0,264.235,0,7.70867,-389.382
"MtrElec",7,30,16,"",-107.773,0,0,0,0,0,0,0,0,0,0,0,0,0,0,0,0,0,0,0,0,225.642,0,0,-333.415
"MtrElec",7,30,17,"",110.837,0,0,0,0,0,0,0,0,0,0,0,0,0,0,0,0,0,0,0,0,293.077,0,0,-182.24
"MtrElec",7,30,18,"",227.098,0,0,0,0,0,0,0,0,0,0,0,0,0,0,0,0,0,0,0,0,303.328,0,0,-76.2294
"MtrElec",7,30,19,"",139.555,0,0,0,0,0,0,0,0,0,0,0,0,0,0,0,0,0,0,0,0,346.721,0,-157.698,-49.4684
"MtrElec",7,30,20,"",157.951,0,0,0,0,0,0,0,0,0,0,0,0,0,0,0,0,0,0,0,0,324.393,0,-157.698,-8.74345
"MtrElec",7,30,21,"",116.954,0,0,0,0,0,0,0,0,0,0,0,0,0,0,0,0,0,0,0,0,274.652,0,-157.698,0
"MtrElec",7,30,22,"",194.613,0,0,0,0,0,0,0,0,0,0,0,0,0,0,0,0,0,0,0,0,252.537,0,-57.9237,0
"MtrElec",7,30,23,"",242.796,0,0,0,0,0,0,0,0,0,0,0,0,0,0,0,0,0,0,0,0,242.796,0,0,0
"MtrElec",7,30,24,"",177.556,0,0,0,0,0,0,0,0,0,0,0,0,0,0,0,0,0,0,0,0,177.556,0,0,0
"MtrElec",7,31,1,"",131.59,0,0,0,0,0,0,0,0,0,0,0,0,0,0,0,0,0,0,0,0,131.59,0,0,0
"MtrElec",7,31,2,"",144.446,0,0,0,0,0,0,0,0,0,0,0,0,0,0,0,0,0,0,0,0,144.446,0,0,0
"MtrElec",7,31,3,"",92.713,0,0,0,0,0,0,0,0,0,0,0,0,0,0,0,0,0,0,0,0,92.713,0,0,0
"MtrElec",7,31,4,"",104.19,0,0,0,0,0,0,0,0,0,0,0,0,0,0,0,0,0,0,0,0,104.19,0,0,0
"MtrElec",7,31,5,"",100.828,0,0,0,0,0,0,0,0,0,0,0,0,0,0,0,0,0,0,0,0,100.828,0,0,0
"MtrElec",7,31,6,"",119.289,0,0,0,0,0,0,0,0,0,0,0,0,0,0,0,0,0,0,0,0,119.289,0,0,0
"MtrElec",7,31,7,"",149.038,0,0,0,0,0,0,0,0,0,0,0,0,0,0,0,0,0,0,0,0,151.637,0,0,-2.59922
"MtrElec",7,31,8,"",208.661,0,0,0,0,0,0,0,0,0,0,0,0,0,0,0,0,0,0,0,0,226.356,0,0,-17.695
"MtrElec",7,31,9,"",188.099,0,0,0,0,0,0,0,0,0,0,0,0,0,0,0,0,0,0,0,0,219.784,0,0,-31.6847
"MtrElec",7,31,10,"",175.714,0,0,0,0,0,0,0,0,0,0,0,0,0,0,0,0,0,0,0,0,221.296,0,0,-45.5828
"MtrElec",7,31,11,"",121.451,0,0,0,0,0,0,0,0,0,0,0,0,0,0,0,0,0,0,0,0,167.792,0,0,-46.341
"MtrElec",7,31,12,"",108.672,0,0,0,0,0,0,0,0,0,0,0,0,0,0,0,0,0,0,0,0,203.205,0,0,-94.5331
"MtrElec",7,31,13,"",81.4023,0,0,0,0,0,0,0,0,0,0,0,0,0,0,0,0,0,0,0,0,234.697,0,0,-153.295
"MtrElec",7,31,14,"",0,0,0,0,0,0,0,0,0,0,0,0,0,0,0,0,0,0,0,0,0,158.966,0,140.838,-299.803
"MtrElec",7,31,15,"",0,0,0,0,0,0,0,0,0,0,0,0,0,0,0,0,0,0,0,0,0,223.971,0,73.37,-297.341
"MtrElec",7,31,16,"",0,0,0,0,0,0,0,0,0,0,0,0,0,0,0,0,0,0,0,0,0,265.038,0,50.4153,-315.453
"MtrElec",7,31,17,"",70.4158,0,0,0,0,0,0,0,0,0,0,0,0,0,0,0,0,0,0,0,0,321.71,0,0,-251.294
"MtrElec",7,31,18,"",191.208,0,0,0,0,0,0,0,0,0,0,0,0,0,0,0,0,0,0,0,0,347.427,0,0,-156.22
"MtrElec",7,31,19,"",167.578,0,0,0,0,0,0,0,0,0,0,0,0,0,0,0,0,0,0,0,0,383.32,0,-157.698,-58.0441
"MtrElec",7,31,20,"",275.596,0,0,0,0,0,0,0,0,0,0,0,0,0,0,0,0,0,0,0,0,365.406,0,-81.1243,-8.68538
"MtrElec",7,31,21,"",354.938,0,0,0,0,0,0,0,0,0,0,0,0,0,0,0,0,0,0,0,0,354.938,0,0,0
"MtrElec",7,31,22,"",282.328,0,0,0,0,0,0,0,0,0,0,0,0,0,0,0,0,0,0,0,0,282.328,0,0,0
"MtrElec",7,31,23,"",260.816,0,0,0,0,0,0,0,0,0,0,0,0,0,0,0,0,0,0,0,0,260.816,0,0,0
"MtrElec",7,31,24,"",214.294,0,0,0,0,0,0,0,0,0,0,0,0,0,0,0,0,0,0,0,0,214.294,0,0,0
"MtrElec",8,1,1,"",126.821,0,0,0,0,0,0,0,0,0,0,0,0,0,0,0,0,0,0,0,0,126.821,0,0,0
"MtrElec",8,1,2,"",117.677,0,0,0,0,0,0,0,0,0,0,0,0,0,0,0,0,0,0,0,0,117.677,0,0,0
"MtrElec",8,1,3,"",96.6803,0,0,0,0,0,0,0,0,0,0,0,0,0,0,0,0,0,0,0,0,96.6803,0,0,0
"MtrElec",8,1,4,"",110.224,0,0,0,0,0,0,0,0,0,0,0,0,0,0,0,0,0,0,0,0,110.224,0,0,0
"MtrElec",8,1,5,"",123.133,0,0,0,0,0,0,0,0,0,0,0,0,0,0,0,0,0,0,0,0,123.133,0,0,0
"MtrElec",8,1,6,"",124.482,0,0,0,0,0,0,0,0,0,0,0,0,0,0,0,0,0,0,0,0,124.482,0,0,0
"MtrElec",8,1,7,"",99.75,0,0,0,0,0,0,0,0,0,0,0,0,0,0,0,0,0,0,0,0,111.324,0,0,-11.5745
"MtrElec",8,1,8,"",114.847,0,0,0,0,0,0,0,0,0,0,0,0,0,0,0,0,0,0,0,0,180.65,0,0,-65.8037
"MtrElec",8,1,9,"",47.9701,0,0,0,0,0,0,0,0,0,0,0,0,0,0,0,0,0,0,0,0,224.033,0,0,-176.063
"MtrElec",8,1,10,"",0,0,0,0,0,0,0,0,0,0,0,0,0,0,0,0,0,0,0,0,0,273.325,0,8.23653,-281.562
"MtrElec",8,1,11,"",0,0,0,0,0,0,0,0,0,0,0,0,0,0,0,0,0,0,0,0,0,358.5,0,4.11009,-362.61
"MtrElec",8,1,12,"",0,0,0,0,0,0,0,0,0,0,0,0,0,0,0,0,0,0,0,0,0,372.595,0,42.8991,-415.495
"MtrElec",8,1,13,"",0,0,0,0,0,0,0,0,0,0,0,0,0,0,0,0,0,0,0,0,0,352.611,0,87.6392,-440.25
"MtrElec",8,1,14,"",0,0,0,0,0,0,0,0,0,0,0,0,0,0,0,0,0,0,0,0,0,293.129,0,144.82,-437.948
"MtrElec",8,1,15,"",0,0,0,0,0,0,0,0,0,0,0,0,0,0,0,0,0,0,0,0,0,325.828,0,83.7814,-409.609
"MtrElec",8,1,16,"",0.0000039,0,0,0,0,0,0,0,0,0,0,0,0,0,0,0,0,0,0,0,0,319.025,0,34.3194,-353.345
"MtrElec",8,1,17,"",72.4522,0,0,0,0,0,0,0,0,0,0,0,0,0,0,0,0,0,0,0,0,345.506,0,0,-273.054
"MtrElec",8,1,18,"",221.902,0,0,0,0,0,0,0,0,0,0,0,0,0,0,0,0,0,0,0,0,390.728,0,0,-168.826
"MtrElec",8,1,19,"",237.573,0,0,0,0,0,0,0,0,0,0,0,0,0,0,0,0,0,0,0,0,454.077,0,-157.698,-58.8065
"MtrElec",8,1,20,"",212.109,0,0,0,0,0,0,0,0,0,0,0,0,0,0,0,0,0,0,0,0,377.151,0,-157.698,-7.34367
"MtrElec",8,1,21,"",258.722,0,0,0,0,0,0,0,0,0,0,0,0,0,0,0,0,0,0,0,0,309.565,0,-50.8434,0
"MtrElec",8,1,22,"",283.788,0,0,0,0,0,0,0,0,0,0,0,0,0,0,0,0,0,0,0,0,283.788,0,0,0
"MtrElec",8,1,23,"",218.744,0,0,0,0,0,0,0,0,0,0,0,0,0,0,0,0,0,0,0,0,218.744,0,0,0
"MtrElec",8,1,24,"",170.066,0,0,0,0,0,0,0,0,0,0,0,0,0,0,0,0,0,0,0,0,170.066,0,0,0
"MtrElec",8,2,1,"",126.837,0,0,0,0,0,0,0,0,0,0,0,0,0,0,0,0,0,0,0,0,126.837,0,0,0
"MtrElec",8,2,2,"",118.078,0,0,0,0,0,0,0,0,0,0,0,0,0,0,0,0,0,0,0,0,118.078,0,0,0
"MtrElec",8,2,3,"",147.394,0,0,0,0,0,0,0,0,0,0,0,0,0,0,0,0,0,0,0,0,147.394,0,0,0
"MtrElec",8,2,4,"",97.0982,0,0,0,0,0,0,0,0,0,0,0,0,0,0,0,0,0,0,0,0,97.0982,0,0,0
"MtrElec",8,2,5,"",110.401,0,0,0,0,0,0,0,0,0,0,0,0,0,0,0,0,0,0,0,0,110.401,0,0,0
"MtrElec",8,2,6,"",109.113,0,0,0,0,0,0,0,0,0,0,0,0,0,0,0,0,0,0,0,0,109.113,0,0,0
"MtrElec",8,2,7,"",105.68,0,0,0,0,0,0,0,0,0,0,0,0,0,0,0,0,0,0,0,0,117.161,0,0,-11.4805
"MtrElec",8,2,8,"",122.294,0,0,0,0,0,0,0,0,0,0,0,0,0,0,0,0,0,0,0,0,188.307,0,0,-66.0135
"MtrElec",8,2,9,"",62.6106,0,0,0,0,0,0,0,0,0,0,0,0,0,0,0,0,0,0,0,0,237.693,0,0,-175.083
"MtrElec",8,2,10,"",9.77297,0,0,0,0,0,0,0,0,0,0,0,0,0,0,0,0,0,0,0,0,287.033,0,0,-277.26
"MtrElec",8,2,11,"",0.0000020,0,0,0,0,0,0,0,0,0,0,0,0,0,0,0,0,0,0,0,0,333.212,0,23.3038,-356.516
"MtrElec",8,2,12,"",0.0000005,0,0,0,0,0,0,0,0,0,0,0,0,0,0,0,0,0,0,0,0,399.132,0,7.51684,-406.648
"MtrElec",8,2,13,"",0,0,0,0,0,0,0,0,0,0,0,0,0,0,0,0,0,0,0,0,0,356.081,0,73.3756,-429.456
"MtrElec",8,2,14,"",0,0,0,0,0,0,0,0,0,0,0,0,0,0,0,0,0,0,0,0,0,329.681,0,100.177,-429.858
"MtrElec",8,2,15,"",0,0,0,0,0,0,0,0,0,0,0,0,0,0,0,0,0,0,0,0,0,388.175,0,14.6025,-402.778
"MtrElec",8,2,16,"",0.179531,0,0,0,0,0,0,0,0,0,0,0,0,0,0,0,0,0,0,0,0,347.281,0,0,-347.101
"MtrElec",8,2,17,"",77.632,0,0,0,0,0,0,0,0,0,0,0,0,0,0,0,0,0,0,0,0,343.176,0,0,-265.544
"MtrElec",8,2,18,"",222.275,0,0,0,0,0,0,0,0,0,0,0,0,0,0,0,0,0,0,0,0,384.473,0,0,-162.198
"MtrElec",8,2,19,"",229.187,0,0,0,0,0,0,0,0,0,0,0,0,0,0,0,0,0,0,0,0,444.312,0,-157.698,-57.4268
"MtrElec",8,2,20,"",371.686,0,0,0,0,0,0,0,0,0,0,0,0,0,0,0,0,0,0,0,0,418.591,0,-39.9279,-6.97701
"MtrElec",8,2,21,"",336.123,0,0,0,0,0,0,0,0,0,0,0,0,0,0,0,0,0,0,0,0,336.123,0,0,0
"MtrElec",8,2,22,"",327.061,0,0,0,0,0,0,0,0,0,0,0,0,0,0,0,0,0,0,0,0,327.061,0,0,0
"MtrElec",8,2,23,"",208.288,0,0,0,0,0,0,0,0,0,0,0,0,0,0,0,0,0,0,0,0,208.288,0,0,0
"MtrElec",8,2,24,"",162.871,0,0,0,0,0,0,0,0,0,0,0,0,0,0,0,0,0,0,0,0,162.871,0,0,0
"MtrElec",8,3,1,"",134.978,0,0,0,0,0,0,0,0,0,0,0,0,0,0,0,0,0,0,0,0,134.978,0,0,0
"MtrElec",8,3,2,"",113.85,0,0,0,0,0,0,0,0,0,0,0,0,0,0,0,0,0,0,0,0,113.85,0,0,0
"MtrElec",8,3,3,"",102.006,0,0,0,0,0,0,0,0,0,0,0,0,0,0,0,0,0,0,0,0,102.006,0,0,0
"MtrElec",8,3,4,"",95.9146,0,0,0,0,0,0,0,0,0,0,0,0,0,0,0,0,0,0,0,0,95.9146,0,0,0
"MtrElec",8,3,5,"",109.603,0,0,0,0,0,0,0,0,0,0,0,0,0,0,0,0,0,0,0,0,109.603,0,0,0
"MtrElec",8,3,6,"",119.829,0,0,0,0,0,0,0,0,0,0,0,0,0,0,0,0,0,0,0,0,119.829,0,0,0
"MtrElec",8,3,7,"",145.591,0,0,0,0,0,0,0,0,0,0,0,0,0,0,0,0,0,0,0,0,157.085,0,0,-11.4945
"MtrElec",8,3,8,"",151.937,0,0,0,0,0,0,0,0,0,0,0,0,0,0,0,0,0,0,0,0,216.992,0,0,-65.0545
"MtrElec",8,3,9,"",80.6703,0,0,0,0,0,0,0,0,0,0,0,0,0,0,0,0,0,0,0,0,253.13,0,0,-172.459
"MtrElec",8,3,10,"",5.30097,0,0,0,0,0,0,0,0,0,0,0,0,0,0,0,0,0,0,0,0,278.231,0,0,-272.93
"MtrElec",8,3,11,"",0,0,0,0,0,0,0,0,0,0,0,0,0,0,0,0,0,0,0,0,0,283.834,0,66.3936,-350.228
"MtrElec",8,3,12,"",0,0,0,0,0,0,0,0,0,0,0,0,0,0,0,0,0,0,0,0,0,285.548,0,108.506,-394.054
"MtrElec",8,3,13,"",0,0,0,0,0,0,0,0,0,0,0,0,0,0,0,0,0,0,0,0,0,339.663,0,66.8792,-406.542
"MtrElec",8,3,14,"",0,0,0,0,0,0,0,0,0,0,0,0,0,0,0,0,0,0,0,0,0,273.171,0,145.745,-418.916
"MtrElec",8,3,15,"",0.0000078,0,0,0,0,0,0,0,0,0,0,0,0,0,0,0,0,0,0,0,0,284.62,0,114.407,-399.027
"MtrElec",8,3,16,"",0,0,0,0,0,0,0,0,0,0,0,0,0,0,0,0,0,0,0,0,0,324.46,0,18.4478,-342.908
"MtrElec",8,3,17,"",78.7892,0,0,0,0,0,0,0,0,0,0,0,0,0,0,0,0,0,0,0,0,339.653,0,0,-260.864
"MtrElec",8,3,18,"",211.023,0,0,0,0,0,0,0,0,0,0,0,0,0,0,0,0,0,0,0,0,370.777,0,0,-159.754
"MtrElec",8,3,19,"",185.69,0,0,0,0,0,0,0,0,0,0,0,0,0,0,0,0,0,0,0,0,400.241,0,-157.698,-56.8528
"MtrElec",8,3,20,"",198.147,0,0,0,0,0,0,0,0,0,0,0,0,0,0,0,0,0,0,0,0,363.727,0,-157.698,-7.88189
"MtrElec",8,3,21,"",181.28,0,0,0,0,0,0,0,0,0,0,0,0,0,0,0,0,0,0,0,0,335.525,0,-154.246,0
"MtrElec",8,3,22,"",296.999,0,0,0,0,0,0,0,0,0,0,0,0,0,0,0,0,0,0,0,0,296.999,0,0,0
"MtrElec",8,3,23,"",230.357,0,0,0,0,0,0,0,0,0,0,0,0,0,0,0,0,0,0,0,0,230.357,0,0,0
"MtrElec",8,3,24,"",172.601,0,0,0,0,0,0,0,0,0,0,0,0,0,0,0,0,0,0,0,0,172.601,0,0,0
"MtrElec",8,4,1,"",151.309,0,0,0,0,0,0,0,0,0,0,0,0,0,0,0,0,0,0,0,0,151.309,0,0,0
"MtrElec",8,4,2,"",142.166,0,0,0,0,0,0,0,0,0,0,0,0,0,0,0,0,0,0,0,0,142.166,0,0,0
"MtrElec",8,4,3,"",132.155,0,0,0,0,0,0,0,0,0,0,0,0,0,0,0,0,0,0,0,0,132.155,0,0,0
"MtrElec",8,4,4,"",104.241,0,0,0,0,0,0,0,0,0,0,0,0,0,0,0,0,0,0,0,0,104.241,0,0,0
"MtrElec",8,4,5,"",110.29,0,0,0,0,0,0,0,0,0,0,0,0,0,0,0,0,0,0,0,0,110.29,0,0,0
"MtrElec",8,4,6,"",124.174,0,0,0,0,0,0,0,0,0,0,0,0,0,0,0,0,0,0,0,0,124.174,0,0,0
"MtrElec",8,4,7,"",200.683,0,0,0,0,0,0,0,0,0,0,0,0,0,0,0,0,0,0,0,0,207.11,0,0,-6.42665
"MtrElec",8,4,8,"",186.646,0,0,0,0,0,0,0,0,0,0,0,0,0,0,0,0,0,0,0,0,248.751,0,0,-62.1048
"MtrElec",8,4,9,"",148.873,0,0,0,0,0,0,0,0,0,0,0,0,0,0,0,0,0,0,0,0,311.014,0,0,-162.141
"MtrElec",8,4,10,"",61.9869,0,0,0,0,0,0,0,0,0,0,0,0,0,0,0,0,0,0,0,0,319.52,0,0,-257.533
"MtrElec",8,4,11,"",0.0000020,0,0,0,0,0,0,0,0,0,0,0,0,0,0,0,0,0,0,0,0,300.303,0,31.4245,-331.727
"MtrElec",8,4,12,"",0,0,0,0,0,0,0,0,0,0,0,0,0,0,0,0,0,0,0,0,0,293.799,0,93.2079,-387.006
"MtrElec",8,4,13,"",0,0,0,0,0,0,0,0,0,0,0,0,0,0,0,0,0,0,0,0,0,336.721,0,55.056,-391.777
"MtrElec",8,4,14,"",0,0,0,0,0,0,0,0,0,0,0,0,0,0,0,0,0,0,0,0,0,285.207,0,133.785,-418.992
"MtrElec",8,4,15,"",0,0,0,0,0,0,0,0,0,0,0,0,0,0,0,0,0,0,0,0,0,301.766,0,88.1763,-389.943
"MtrElec",8,4,16,"",0.0000020,0,0,0,0,0,0,0,0,0,0,0,0,0,0,0,0,0,0,0,0,307.084,0,29.8613,-336.945
"MtrElec",8,4,17,"",49.6932,0,0,0,0,0,0,0,0,0,0,0,0,0,0,0,0,0,0,0,0,307.209,0,0,-257.515
"MtrElec",8,4,18,"",200.375,0,0,0,0,0,0,0,0,0,0,0,0,0,0,0,0,0,0,0,0,355.115,0,0,-154.74
"MtrElec",8,4,19,"",182.115,0,0,0,0,0,0,0,0,0,0,0,0,0,0,0,0,0,0,0,0,391.123,0,-157.698,-51.3105
"MtrElec",8,4,20,"",222.197,0,0,0,0,0,0,0,0,0,0,0,0,0,0,0,0,0,0,0,0,386.933,0,-157.698,-7.03835
"MtrElec",8,4,21,"",261.808,0,0,0,0,0,0,0,0,0,0,0,0,0,0,0,0,0,0,0,0,335.85,0,-74.0424,0
"MtrElec",8,4,22,"",277.881,0,0,0,0,0,0,0,0,0,0,0,0,0,0,0,0,0,0,0,0,277.881,0,0,0
"MtrElec",8,4,23,"",242.979,0,0,0,0,0,0,0,0,0,0,0,0,0,0,0,0,0,0,0,0,242.979,0,0,0
"MtrElec",8,4,24,"",163.297,0,0,0,0,0,0,0,0,0,0,0,0,0,0,0,0,0,0,0,0,163.297,0,0,0
"MtrElec",8,5,1,"",133.91,0,0,0,0,0,0,0,0,0,0,0,0,0,0,0,0,0,0,0,0,133.91,0,0,0
"MtrElec",8,5,2,"",156.105,0,0,0,0,0,0,0,0,0,0,0,0,0,0,0,0,0,0,0,0,156.105,0,0,0
"MtrElec",8,5,3,"",116.817,0,0,0,0,0,0,0,0,0,0,0,0,0,0,0,0,0,0,0,0,116.817,0,0,0
"MtrElec",8,5,4,"",99.1302,0,0,0,0,0,0,0,0,0,0,0,0,0,0,0,0,0,0,0,0,99.1302,0,0,0
"MtrElec",8,5,5,"",109.531,0,0,0,0,0,0,0,0,0,0,0,0,0,0,0,0,0,0,0,0,109.531,0,0,0
"MtrElec",8,5,6,"",111.386,0,0,0,0,0,0,0,0,0,0,0,0,0,0,0,0,0,0,0,0,111.386,0,0,0
"MtrElec",8,5,7,"",187.89,0,0,0,0,0,0,0,0,0,0,0,0,0,0,0,0,0,0,0,0,198.839,0,0,-10.9486
"MtrElec",8,5,8,"",195.486,0,0,0,0,0,0,0,0,0,0,0,0,0,0,0,0,0,0,0,0,258.465,0,0,-62.9786
"MtrElec",8,5,9,"",92.4479,0,0,0,0,0,0,0,0,0,0,0,0,0,0,0,0,0,0,0,0,260.281,0,0,-167.833
"MtrElec",8,5,10,"",32.042,0,0,0,0,0,0,0,0,0,0,0,0,0,0,0,0,0,0,0,0,300.337,0,0,-268.295
"MtrElec",8,5,11,"",0,0,0,0,0,0,0,0,0,0,0,0,0,0,0,0,0,0,0,0,0,333.433,0,14.6034,-348.036
"MtrElec",8,5,12,"",0.0000039,0,0,0,0,0,0,0,0,0,0,0,0,0,0,0,0,0,0,0,0,334.091,0,64.3156,-398.407
"MtrElec",8,5,13,"",0,0,0,0,0,0,0,0,0,0,0,0,0,0,0,0,0,0,0,0,0,376.656,0,46.9553,-423.611
"MtrElec",8,5,14,"",-8.04917,0,0,0,0,0,0,0,0,0,0,0,0,0,0,0,0,0,0,0,0,259.491,0,157.698,-425.238
"MtrElec",8,5,15,"",0.0000078,0,0,0,0,0,0,0,0,0,0,0,0,0,0,0,0,0,0,0,0,289.482,0,112.008,-401.489
"MtrElec",8,5,16,"",0.0000039,0,0,0,0,0,0,0,0,0,0,0,0,0,0,0,0,0,0,0,0,289.406,0,59.2289,-348.635
"MtrElec",8,5,17,"",67.87,0,0,0,0,0,0,0,0,0,0,0,0,0,0,0,0,0,0,0,0,334.435,0,0,-266.565
"MtrElec",8,5,18,"",190.307,0,0,0,0,0,0,0,0,0,0,0,0,0,0,0,0,0,0,0,0,352.392,0,0,-162.085
"MtrElec",8,5,19,"",197.059,0,0,0,0,0,0,0,0,0,0,0,0,0,0,0,0,0,0,0,0,409.651,0,-157.698,-54.8946
"MtrElec",8,5,20,"",195.361,0,0,0,0,0,0,0,0,0,0,0,0,0,0,0,0,0,0,0,0,359.244,0,-157.698,-6.18516
"MtrElec",8,5,21,"",215.495,0,0,0,0,0,0,0,0,0,0,0,0,0,0,0,0,0,0,0,0,310.563,0,-95.0689,0
"MtrElec",8,5,22,"",277.841,0,0,0,0,0,0,0,0,0,0,0,0,0,0,0,0,0,0,0,0,277.841,0,0,0
"MtrElec",8,5,23,"",241.095,0,0,0,0,0,0,0,0,0,0,0,0,0,0,0,0,0,0,0,0,241.095,0,0,0
"MtrElec",8,5,24,"",191.704,0,0,0,0,0,0,0,0,0,0,0,0,0,0,0,0,0,0,0,0,191.704,0,0,0
"MtrElec",8,6,1,"",176.784,0,0,0,0,0,0,0,0,0,0,0,0,0,0,0,0,0,0,0,0,176.784,0,0,0
"MtrElec",8,6,2,"",128.188,0,0,0,0,0,0,0,0,0,0,0,0,0,0,0,0,0,0,0,0,128.188,0,0,0
"MtrElec",8,6,3,"",105.214,0,0,0,0,0,0,0,0,0,0,0,0,0,0,0,0,0,0,0,0,105.214,0,0,0
"MtrElec",8,6,4,"",121.049,0,0,0,0,0,0,0,0,0,0,0,0,0,0,0,0,0,0,0,0,121.049,0,0,0
"MtrElec",8,6,5,"",107.76,0,0,0,0,0,0,0,0,0,0,0,0,0,0,0,0,0,0,0,0,107.76,0,0,0
"MtrElec",8,6,6,"",119.83,0,0,0,0,0,0,0,0,0,0,0,0,0,0,0,0,0,0,0,0,119.83,0,0,0
"MtrElec",8,6,7,"",151.789,0,0,0,0,0,0,0,0,0,0,0,0,0,0,0,0,0,0,0,0,161.506,0,0,-9.71758
"MtrElec",8,6,8,"",170.554,0,0,0,0,0,0,0,0,0,0,0,0,0,0,0,0,0,0,0,0,232.914,0,0,-62.3599
"MtrElec",8,6,9,"",73.3781,0,0,0,0,0,0,0,0,0,0,0,0,0,0,0,0,0,0,0,0,245.546,0,0,-172.168
"MtrElec",8,6,10,"",19.1632,0,0,0,0,0,0,0,0,0,0,0,0,0,0,0,0,0,0,0,0,293.78,0,0,-274.617
"MtrElec",8,6,11,"",0,0,0,0,0,0,0,0,0,0,0,0,0,0,0,0,0,0,0,0,0,294.775,0,57.3953,-352.17
"MtrElec",8,6,12,"",0,0,0,0,0,0,0,0,0,0,0,0,0,0,0,0,0,0,0,0,0,274.292,0,130.94,-405.232
"MtrElec",8,6,13,"",-7.57969,0,0,0,0,0,0,0,0,0,0,0,0,0,0,0,0,0,0,0,0,265.087,0,157.698,-430.365
"MtrElec",8,6,14,"",0,0,0,0,0,0,0,0,0,0,0,0,0,0,0,0,0,0,0,0,0,296.172,0,133.32,-429.492
"MtrElec",8,6,15,"",-7.69499,0,0,0,0,0,0,0,0,0,0,0,0,0,0,0,0,0,0,0,0,285.472,0,109.031,-402.198
"MtrElec",8,6,16,"",-16.0883,0,0,0,0,0,0,0,0,0,0,0,0,0,0,0,0,0,0,0,0,330.805,0,0,-346.893
"MtrElec",8,6,17,"",99.6741,0,0,0,0,0,0,0,0,0,0,0,0,0,0,0,0,0,0,0,0,365.952,0,0,-266.278
"MtrElec",8,6,18,"",212.159,0,0,0,0,0,0,0,0,0,0,0,0,0,0,0,0,0,0,0,0,374.097,0,0,-161.937
"MtrElec",8,6,19,"",173.102,0,0,0,0,0,0,0,0,0,0,0,0,0,0,0,0,0,0,0,0,384.951,0,-157.698,-54.1506
"MtrElec",8,6,20,"",216.56,0,0,0,0,0,0,0,0,0,0,0,0,0,0,0,0,0,0,0,0,380.061,0,-157.698,-5.80305
"MtrElec",8,6,21,"",204.248,0,0,0,0,0,0,0,0,0,0,0,0,0,0,0,0,0,0,0,0,361.946,0,-157.698,0
"MtrElec",8,6,22,"",213.746,0,0,0,0,0,0,0,0,0,0,0,0,0,0,0,0,0,0,0,0,271.67,0,-57.9237,0
"MtrElec",8,6,23,"",249.648,0,0,0,0,0,0,0,0,0,0,0,0,0,0,0,0,0,0,0,0,249.648,0,0,0
"MtrElec",8,6,24,"",209.43,0,0,0,0,0,0,0,0,0,0,0,0,0,0,0,0,0,0,0,0,209.43,0,0,0
"MtrElec",8,7,1,"",157.69,0,0,0,0,0,0,0,0,0,0,0,0,0,0,0,0,0,0,0,0,157.69,0,0,0
"MtrElec",8,7,2,"",132.813,0,0,0,0,0,0,0,0,0,0,0,0,0,0,0,0,0,0,0,0,132.813,0,0,0
"MtrElec",8,7,3,"",107.542,0,0,0,0,0,0,0,0,0,0,0,0,0,0,0,0,0,0,0,0,107.542,0,0,0
"MtrElec",8,7,4,"",115.414,0,0,0,0,0,0,0,0,0,0,0,0,0,0,0,0,0,0,0,0,115.414,0,0,0
"MtrElec",8,7,5,"",110.49,0,0,0,0,0,0,0,0,0,0,0,0,0,0,0,0,0,0,0,0,110.49,0,0,0
"MtrElec",8,7,6,"",135.46,0,0,0,0,0,0,0,0,0,0,0,0,0,0,0,0,0,0,0,0,135.46,0,0,0
"MtrElec",8,7,7,"",158.058,0,0,0,0,0,0,0,0,0,0,0,0,0,0,0,0,0,0,0,0,168.139,0,0,-10.0808
"MtrElec",8,7,8,"",179.843,0,0,0,0,0,0,0,0,0,0,0,0,0,0,0,0,0,0,0,0,242.064,0,0,-62.2217
"MtrElec",8,7,9,"",73.3221,0,0,0,0,0,0,0,0,0,0,0,0,0,0,0,0,0,0,0,0,240.219,0,0,-166.897
"MtrElec",8,7,10,"",0.0366875,0,0,0,0,0,0,0,0,0,0,0,0,0,0,0,0,0,0,0,0,262.905,0,0,-262.868
"MtrElec",8,7,11,"",0,0,0,0,0,0,0,0,0,0,0,0,0,0,0,0,0,0,0,0,0,296.393,0,43.727,-340.12
"MtrElec",8,7,12,"",0,0,0,0,0,0,0,0,0,0,0,0,0,0,0,0,0,0,0,0,0,315.292,0,71.0052,-386.297
"MtrElec",8,7,13,"",0,0,0,0,0,0,0,0,0,0,0,0,0,0,0,0,0,0,0,0,0,309.804,0,93.6535,-403.457
"MtrElec",8,7,14,"",0,0,0,0,0,0,0,0,0,0,0,0,0,0,0,0,0,0,0,0,0,250.288,0,155.151,-405.439
"MtrElec",8,7,15,"",0,0,0,0,0,0,0,0,0,0,0,0,0,0,0,0,0,0,0,0,0,309.207,0,79.3871,-388.594
"MtrElec",8,7,16,"",0.0000039,0,0,0,0,0,0,0,0,0,0,0,0,0,0,0,0,0,0,0,0,296.939,0,41.1451,-338.084
"MtrElec",8,7,17,"",113.58,0,0,0,0,0,0,0,0,0,0,0,0,0,0,0,0,0,0,0,0,374.534,0,0,-260.953
"MtrElec",8,7,18,"",204.809,0,0,0,0,0,0,0,0,0,0,0,0,0,0,0,0,0,0,0,0,363.734,0,0,-158.925
"MtrElec",8,7,19,"",180.173,0,0,0,0,0,0,0,0,0,0,0,0,0,0,0,0,0,0,0,0,390.908,0,-157.698,-53.0373
"MtrElec",8,7,20,"",213.094,0,0,0,0,0,0,0,0,0,0,0,0,0,0,0,0,0,0,0,0,377.823,0,-157.698,-7.03112
"MtrElec",8,7,21,"",233.058,0,0,0,0,0,0,0,0,0,0,0,0,0,0,0,0,0,0,0,0,354.535,0,-121.477,0
"MtrElec",8,7,22,"",241.458,0,0,0,0,0,0,0,0,0,0,0,0,0,0,0,0,0,0,0,0,241.458,0,0,0
"MtrElec",8,7,23,"",259.095,0,0,0,0,0,0,0,0,0,0,0,0,0,0,0,0,0,0,0,0,259.095,0,0,0
"MtrElec",8,7,24,"",200.268,0,0,0,0,0,0,0,0,0,0,0,0,0,0,0,0,0,0,0,0,200.268,0,0,0
"MtrElec",8,8,1,"",149.429,0,0,0,0,0,0,0,0,0,0,0,0,0,0,0,0,0,0,0,0,149.429,0,0,0
"MtrElec",8,8,2,"",130.852,0,0,0,0,0,0,0,0,0,0,0,0,0,0,0,0,0,0,0,0,130.852,0,0,0
"MtrElec",8,8,3,"",114.307,0,0,0,0,0,0,0,0,0,0,0,0,0,0,0,0,0,0,0,0,114.307,0,0,0
"MtrElec",8,8,4,"",119.608,0,0,0,0,0,0,0,0,0,0,0,0,0,0,0,0,0,0,0,0,119.608,0,0,0
"MtrElec",8,8,5,"",120.648,0,0,0,0,0,0,0,0,0,0,0,0,0,0,0,0,0,0,0,0,120.648,0,0,0
"MtrElec",8,8,6,"",109.188,0,0,0,0,0,0,0,0,0,0,0,0,0,0,0,0,0,0,0,0,109.188,0,0,0
"MtrElec",8,8,7,"",161.558,0,0,0,0,0,0,0,0,0,0,0,0,0,0,0,0,0,0,0,0,170.785,0,0,-9.22717
"MtrElec",8,8,8,"",146.79,0,0,0,0,0,0,0,0,0,0,0,0,0,0,0,0,0,0,0,0,208.19,0,0,-61.3996
"MtrElec",8,8,9,"",92.9215,0,0,0,0,0,0,0,0,0,0,0,0,0,0,0,0,0,0,0,0,261.532,0,0,-168.61
"MtrElec",8,8,10,"",53.8594,0,0,0,0,0,0,0,0,0,0,0,0,0,0,0,0,0,0,0,0,324.799,0,0,-270.94
"MtrElec",8,8,11,"",0,0,0,0,0,0,0,0,0,0,0,0,0,0,0,0,0,0,0,0,0,318.835,0,31.1051,-349.941
"MtrElec",8,8,12,"",0,0,0,0,0,0,0,0,0,0,0,0,0,0,0,0,0,0,0,0,0,369.726,0,31.2265,-400.952
"MtrElec",8,8,13,"",0,0,0,0,0,0,0,0,0,0,0,0,0,0,0,0,0,0,0,0,0,329.976,0,97.2535,-427.23
"MtrElec",8,8,14,"",0,0,0,0,0,0,0,0,0,0,0,0,0,0,0,0,0,0,0,0,0,304.493,0,127.396,-431.889
"MtrElec",8,8,15,"",0,0,0,0,0,0,0,0,0,0,0,0,0,0,0,0,0,0,0,0,0,347.407,0,60.161,-407.568
"MtrElec",8,8,16,"",0,0,0,0,0,0,0,0,0,0,0,0,0,0,0,0,0,0,0,0,0,321.284,0,28.07,-349.354
"MtrElec",8,8,17,"",73.9171,0,0,0,0,0,0,0,0,0,0,0,0,0,0,0,0,0,0,0,0,338.574,0,0,-264.657
"MtrElec",8,8,18,"",216.409,0,0,0,0,0,0,0,0,0,0,0,0,0,0,0,0,0,0,0,0,376.837,0,0,-160.428
"MtrElec",8,8,19,"",192.027,0,0,0,0,0,0,0,0,0,0,0,0,0,0,0,0,0,0,0,0,402.128,0,-157.698,-52.4022
"MtrElec",8,8,20,"",226.692,0,0,0,0,0,0,0,0,0,0,0,0,0,0,0,0,0,0,0,0,389.496,0,-157.698,-5.10572
"MtrElec",8,8,21,"",275.271,0,0,0,0,0,0,0,0,0,0,0,0,0,0,0,0,0,0,0,0,298.505,0,-23.2332,0
"MtrElec",8,8,22,"",275.481,0,0,0,0,0,0,0,0,0,0,0,0,0,0,0,0,0,0,0,0,275.481,0,0,0
"MtrElec",8,8,23,"",220.098,0,0,0,0,0,0,0,0,0,0,0,0,0,0,0,0,0,0,0,0,220.098,0,0,0
"MtrElec",8,8,24,"",250.445,0,0,0,0,0,0,0,0,0,0,0,0,0,0,0,0,0,0,0,0,250.445,0,0,0
"MtrElec",8,9,1,"",131.263,0,0,0,0,0,0,0,0,0,0,0,0,0,0,0,0,0,0,0,0,131.263,0,0,0
"MtrElec",8,9,2,"",122.012,0,0,0,0,0,0,0,0,0,0,0,0,0,0,0,0,0,0,0,0,122.012,0,0,0
"MtrElec",8,9,3,"",117.696,0,0,0,0,0,0,0,0,0,0,0,0,0,0,0,0,0,0,0,0,117.696,0,0,0
"MtrElec",8,9,4,"",101.895,0,0,0,0,0,0,0,0,0,0,0,0,0,0,0,0,0,0,0,0,101.895,0,0,0
"MtrElec",8,9,5,"",122.714,0,0,0,0,0,0,0,0,0,0,0,0,0,0,0,0,0,0,0,0,122.714,0,0,0
"MtrElec",8,9,6,"",114.161,0,0,0,0,0,0,0,0,0,0,0,0,0,0,0,0,0,0,0,0,114.161,0,0,0
"MtrElec",8,9,7,"",135.297,0,0,0,0,0,0,0,0,0,0,0,0,0,0,0,0,0,0,0,0,144.654,0,0,-9.35712
"MtrElec",8,9,8,"",101.363,0,0,0,0,0,0,0,0,0,0,0,0,0,0,0,0,0,0,0,0,163.195,0,0,-61.8321
"MtrElec",8,9,9,"",55.5394,0,0,0,0,0,0,0,0,0,0,0,0,0,0,0,0,0,0,0,0,228.543,0,0,-173.004
"MtrElec",8,9,10,"",7.60825,0,0,0,0,0,0,0,0,0,0,0,0,0,0,0,0,0,0,0,0,285.809,0,0,-278.201
"MtrElec",8,9,11,"",0,0,0,0,0,0,0,0,0,0,0,0,0,0,0,0,0,0,0,0,0,353.255,0,1.39719,-354.653
"MtrElec",8,9,12,"",0.0000039,0,0,0,0,0,0,0,0,0,0,0,0,0,0,0,0,0,0,0,0,351.587,0,56.489,-408.076
"MtrElec",8,9,13,"",0.0000078,0,0,0,0,0,0,0,0,0,0,0,0,0,0,0,0,0,0,0,0,328.777,0,110.556,-439.333
"MtrElec",8,9,14,"",0.0000078,0,0,0,0,0,0,0,0,0,0,0,0,0,0,0,0,0,0,0,0,311.387,0,128.78,-440.167
"MtrElec",8,9,15,"",0,0,0,0,0,0,0,0,0,0,0,0,0,0,0,0,0,0,0,0,0,332.874,0,79.7302,-412.605
"MtrElec",8,9,16,"",0,0,0,0,0,0,0,0,0,0,0,0,0,0,0,0,0,0,0,0,0,304.879,0,47.6819,-352.561
"MtrElec",8,9,17,"",45.7106,0,0,0,0,0,0,0,0,0,0,0,0,0,0,0,0,0,0,0,0,316.214,0,0,-270.503
"MtrElec",8,9,18,"",207.519,0,0,0,0,0,0,0,0,0,0,0,0,0,0,0,0,0,0,0,0,372.664,0,0,-165.145
"MtrElec",8,9,19,"",181.397,0,0,0,0,0,0,0,0,0,0,0,0,0,0,0,0,0,0,0,0,392.925,0,-157.698,-53.8297
"MtrElec",8,9,20,"",194.689,0,0,0,0,0,0,0,0,0,0,0,0,0,0,0,0,0,0,0,0,357.524,0,-157.698,-5.13713
"MtrElec",8,9,21,"",242.016,0,0,0,0,0,0,0,0,0,0,0,0,0,0,0,0,0,0,0,0,309.853,0,-67.8366,0
"MtrElec",8,9,22,"",278.434,0,0,0,0,0,0,0,0,0,0,0,0,0,0,0,0,0,0,0,0,278.434,0,0,0
"MtrElec",8,9,23,"",199.019,0,0,0,0,0,0,0,0,0,0,0,0,0,0,0,0,0,0,0,0,199.019,0,0,0
"MtrElec",8,9,24,"",168.057,0,0,0,0,0,0,0,0,0,0,0,0,0,0,0,0,0,0,0,0,168.057,0,0,0
"MtrElec",8,10,1,"",157.119,0,0,0,0,0,0,0,0,0,0,0,0,0,0,0,0,0,0,0,0,157.119,0,0,0
"MtrElec",8,10,2,"",119.845,0,0,0,0,0,0,0,0,0,0,0,0,0,0,0,0,0,0,0,0,119.845,0,0,0
"MtrElec",8,10,3,"",112.44,0,0,0,0,0,0,0,0,0,0,0,0,0,0,0,0,0,0,0,0,112.44,0,0,0
"MtrElec",8,10,4,"",101.899,0,0,0,0,0,0,0,0,0,0,0,0,0,0,0,0,0,0,0,0,101.899,0,0,0
"MtrElec",8,10,5,"",94.4289,0,0,0,0,0,0,0,0,0,0,0,0,0,0,0,0,0,0,0,0,94.4289,0,0,0
"MtrElec",8,10,6,"",146.93,0,0,0,0,0,0,0,0,0,0,0,0,0,0,0,0,0,0,0,0,146.93,0,0,0
"MtrElec",8,10,7,"",124.986,0,0,0,0,0,0,0,0,0,0,0,0,0,0,0,0,0,0,0,0,135.323,0,0,-10.3377
"MtrElec",8,10,8,"",148.312,0,0,0,0,0,0,0,0,0,0,0,0,0,0,0,0,0,0,0,0,210.946,0,0,-62.6345
"MtrElec",8,10,9,"",69.8423,0,0,0,0,0,0,0,0,0,0,0,0,0,0,0,0,0,0,0,0,246.632,0,0,-176.79
"MtrElec",8,10,10,"",0,0,0,0,0,0,0,0,0,0,0,0,0,0,0,0,0,0,0,0,0,249.192,0,33.2527,-282.445
"MtrElec",8,10,11,"",0,0,0,0,0,0,0,0,0,0,0,0,0,0,0,0,0,0,0,0,0,265.173,0,100.067,-365.24
"MtrElec",8,10,12,"",0,0,0,0,0,0,0,0,0,0,0,0,0,0,0,0,0,0,0,0,0,266.181,0,154.57,-420.752
"MtrElec",8,10,13,"",-10.8453,0,0,0,0,0,0,0,0,0,0,0,0,0,0,0,0,0,0,0,0,279.284,0,157.698,-447.827
"MtrElec",8,10,14,"",-60.3556,0,0,0,0,0,0,0,0,0,0,0,0,0,0,0,0,0,0,0,0,241.651,0,142.797,-444.804
"MtrElec",8,10,15,"",-165.706,0,0,0,0,0,0,0,0,0,0,0,0,0,0,0,0,0,0,0,0,251.175,0,0,-416.881
"MtrElec",8,10,16,"",-92.7801,0,0,0,0,0,0,0,0,0,0,0,0,0,0,0,0,0,0,0,0,269.609,0,0,-362.389
"MtrElec",8,10,17,"",41.5018,0,0,0,0,0,0,0,0,0,0,0,0,0,0,0,0,0,0,0,0,319.674,0,0,-278.172
"MtrElec",8,10,18,"",152.123,0,0,0,0,0,0,0,0,0,0,0,0,0,0,0,0,0,0,0,0,320.987,0,0,-168.865
"MtrElec",8,10,19,"",180.79,0,0,0,0,0,0,0,0,0,0,0,0,0,0,0,0,0,0,0,0,392.85,0,-157.698,-54.3623
"MtrElec",8,10,20,"",196.741,0,0,0,0,0,0,0,0,0,0,0,0,0,0,0,0,0,0,0,0,359.561,0,-157.698,-5.12214
"MtrElec",8,10,21,"",174.752,0,0,0,0,0,0,0,0,0,0,0,0,0,0,0,0,0,0,0,0,332.45,0,-157.698,0
"MtrElec",8,10,22,"",199.8,0,0,0,0,0,0,0,0,0,0,0,0,0,0,0,0,0,0,0,0,257.724,0,-57.9237,0
"MtrElec",8,10,23,"",237.732,0,0,0,0,0,0,0,0,0,0,0,0,0,0,0,0,0,0,0,0,237.732,0,0,0
"MtrElec",8,10,24,"",208.911,0,0,0,0,0,0,0,0,0,0,0,0,0,0,0,0,0,0,0,0,208.911,0,0,0
"MtrElec",8,11,1,"",141.276,0,0,0,0,0,0,0,0,0,0,0,0,0,0,0,0,0,0,0,0,141.276,0,0,0
"MtrElec",8,11,2,"",115.295,0,0,0,0,0,0,0,0,0,0,0,0,0,0,0,0,0,0,0,0,115.295,0,0,0
"MtrElec",8,11,3,"",102.881,0,0,0,0,0,0,0,0,0,0,0,0,0,0,0,0,0,0,0,0,102.881,0,0,0
"MtrElec",8,11,4,"",106.223,0,0,0,0,0,0,0,0,0,0,0,0,0,0,0,0,0,0,0,0,106.223,0,0,0
"MtrElec",8,11,5,"",133.598,0,0,0,0,0,0,0,0,0,0,0,0,0,0,0,0,0,0,0,0,133.598,0,0,0
"MtrElec",8,11,6,"",102.516,0,0,0,0,0,0,0,0,0,0,0,0,0,0,0,0,0,0,0,0,102.516,0,0,0
"MtrElec",8,11,7,"",147.917,0,0,0,0,0,0,0,0,0,0,0,0,0,0,0,0,0,0,0,0,158.363,0,0,-10.4458
"MtrElec",8,11,8,"",185.598,0,0,0,0,0,0,0,0,0,0,0,0,0,0,0,0,0,0,0,0,250.289,0,0,-64.6908
"MtrElec",8,11,9,"",89.8435,0,0,0,0,0,0,0,0,0,0,0,0,0,0,0,0,0,0,0,0,274.907,0,0,-185.064
"MtrElec",8,11,10,"",0.0000039,0,0,0,0,0,0,0,0,0,0,0,0,0,0,0,0,0,0,0,0,253.549,0,41.4438,-294.993
"MtrElec",8,11,11,"",0,0,0,0,0,0,0,0,0,0,0,0,0,0,0,0,0,0,0,0,0,270.21,0,100.839,-371.049
"MtrElec",8,11,12,"",0,0,0,0,0,0,0,0,0,0,0,0,0,0,0,0,0,0,0,0,0,278.498,0,145.064,-423.562
"MtrElec",8,11,13,"",-5.55688,0,0,0,0,0,0,0,0,0,0,0,0,0,0,0,0,0,0,0,0,289.106,0,157.698,-452.361
"MtrElec",8,11,14,"",-53.5644,0,0,0,0,0,0,0,0,0,0,0,0,0,0,0,0,0,0,0,0,251.342,0,143.341,-448.247
"MtrElec",8,11,15,"",-190.556,0,0,0,0,0,0,0,0,0,0,0,0,0,0,0,0,0,0,0,0,228.588,0,0,-419.143
"MtrElec",8,11,16,"",-78.0671,0,0,0,0,0,0,0,0,0,0,0,0,0,0,0,0,0,0,0,0,283.647,0,0,-361.714
"MtrElec",8,11,17,"",60.4356,0,0,0,0,0,0,0,0,0,0,0,0,0,0,0,0,0,0,0,0,337.652,0,0,-277.216
"MtrElec",8,11,18,"",198.28,0,0,0,0,0,0,0,0,0,0,0,0,0,0,0,0,0,0,0,0,366.477,0,0,-168.198
"MtrElec",8,11,19,"",165.44,0,0,0,0,0,0,0,0,0,0,0,0,0,0,0,0,0,0,0,0,377.652,0,-157.698,-54.5143
"MtrElec",8,11,20,"",180.801,0,0,0,0,0,0,0,0,0,0,0,0,0,0,0,0,0,0,0,0,343.244,0,-157.698,-4.74555
"MtrElec",8,11,21,"",167.895,0,0,0,0,0,0,0,0,0,0,0,0,0,0,0,0,0,0,0,0,325.593,0,-157.698,0
"MtrElec",8,11,22,"",172.292,0,0,0,0,0,0,0,0,0,0,0,0,0,0,0,0,0,0,0,0,230.216,0,-57.9237,0
"MtrElec",8,11,23,"",244.152,0,0,0,0,0,0,0,0,0,0,0,0,0,0,0,0,0,0,0,0,244.152,0,0,0
"MtrElec",8,11,24,"",153.026,0,0,0,0,0,0,0,0,0,0,0,0,0,0,0,0,0,0,0,0,153.026,0,0,0
"MtrElec",8,12,1,"",118.006,0,0,0,0,0,0,0,0,0,0,0,0,0,0,0,0,0,0,0,0,118.006,0,0,0
"MtrElec",8,12,2,"",144.761,0,0,0,0,0,0,0,0,0,0,0,0,0,0,0,0,0,0,0,0,144.761,0,0,0
"MtrElec",8,12,3,"",92.5587,0,0,0,0,0,0,0,0,0,0,0,0,0,0,0,0,0,0,0,0,92.5587,0,0,0
"MtrElec",8,12,4,"",103.592,0,0,0,0,0,0,0,0,0,0,0,0,0,0,0,0,0,0,0,0,103.592,0,0,0
"MtrElec",8,12,5,"",99.6652,0,0,0,0,0,0,0,0,0,0,0,0,0,0,0,0,0,0,0,0,99.6652,0,0,0
"MtrElec",8,12,6,"",123.421,0,0,0,0,0,0,0,0,0,0,0,0,0,0,0,0,0,0,0,0,123.421,0,0,0
"MtrElec",8,12,7,"",144.023,0,0,0,0,0,0,0,0,0,0,0,0,0,0,0,0,0,0,0,0,154.48,0,0,-10.4563
"MtrElec",8,12,8,"",173.096,0,0,0,0,0,0,0,0,0,0,0,0,0,0,0,0,0,0,0,0,238.145,0,0,-65.0485
"MtrElec",8,12,9,"",51.0054,0,0,0,0,0,0,0,0,0,0,0,0,0,0,0,0,0,0,0,0,233.542,0,0,-182.536
"MtrElec",8,12,10,"",0,0,0,0,0,0,0,0,0,0,0,0,0,0,0,0,0,0,0,0,0,241.883,0,45.8318,-287.715
"MtrElec",8,12,11,"",0.0000078,0,0,0,0,0,0,0,0,0,0,0,0,0,0,0,0,0,0,0,0,240.583,0,129.251,-369.833
"MtrElec",8,12,12,"",0,0,0,0,0,0,0,0,0,0,0,0,0,0,0,0,0,0,0,0,0,267.576,0,157.087,-424.664
"MtrElec",8,12,13,"",-3.14734,0,0,0,0,0,0,0,0,0,0,0,0,0,0,0,0,0,0,0,0,286.798,0,157.698,-447.643
"MtrElec",8,12,14,"",-106.686,0,0,0,0,0,0,0,0,0,0,0,0,0,0,0,0,0,0,0,0,233.043,0,98.5176,-438.247
"MtrElec",8,12,15,"",-115.143,0,0,0,0,0,0,0,0,0,0,0,0,0,0,0,0,0,0,0,0,283.496,0,0,-398.639
"MtrElec",8,12,16,"",-73.2027,0,0,0,0,0,0,0,0,0,0,0,0,0,0,0,0,0,0,0,0,260.787,0,0,-333.989
"MtrElec",8,12,17,"",58.3477,0,0,0,0,0,0,0,0,0,0,0,0,0,0,0,0,0,0,0,0,330.197,0,0,-271.85
"MtrElec",8,12,18,"",165.215,0,0,0,0,0,0,0,0,0,0,0,0,0,0,0,0,0,0,0,0,332.231,0,0,-167.016
"MtrElec",8,12,19,"",179.005,0,0,0,0,0,0,0,0,0,0,0,0,0,0,0,0,0,0,0,0,386.766,0,-157.698,-50.0635
"MtrElec",8,12,20,"",168.618,0,0,0,0,0,0,0,0,0,0,0,0,0,0,0,0,0,0,0,0,328.61,0,-157.698,-2.29424
"MtrElec",8,12,21,"",146.702,0,0,0,0,0,0,0,0,0,0,0,0,0,0,0,0,0,0,0,0,304.4,0,-157.698,0
"MtrElec",8,12,22,"",193.033,0,0,0,0,0,0,0,0,0,0,0,0,0,0,0,0,0,0,0,0,250.956,0,-57.9237,0
"MtrElec",8,12,23,"",265.461,0,0,0,0,0,0,0,0,0,0,0,0,0,0,0,0,0,0,0,0,265.461,0,0,0
"MtrElec",8,12,24,"",167.916,0,0,0,0,0,0,0,0,0,0,0,0,0,0,0,0,0,0,0,0,167.916,0,0,0
"MtrElec",8,13,1,"",183.233,0,0,0,0,0,0,0,0,0,0,0,0,0,0,0,0,0,0,0,0,183.233,0,0,0
"MtrElec",8,13,2,"",119.175,0,0,0,0,0,0,0,0,0,0,0,0,0,0,0,0,0,0,0,0,119.175,0,0,0
"MtrElec",8,13,3,"",94.0051,0,0,0,0,0,0,0,0,0,0,0,0,0,0,0,0,0,0,0,0,94.0051,0,0,0
"MtrElec",8,13,4,"",103.219,0,0,0,0,0,0,0,0,0,0,0,0,0,0,0,0,0,0,0,0,103.219,0,0,0
"MtrElec",8,13,5,"",101.2,0,0,0,0,0,0,0,0,0,0,0,0,0,0,0,0,0,0,0,0,101.2,0,0,0
"MtrElec",8,13,6,"",111.717,0,0,0,0,0,0,0,0,0,0,0,0,0,0,0,0,0,0,0,0,111.717,0,0,0
"MtrElec",8,13,7,"",146.188,0,0,0,0,0,0,0,0,0,0,0,0,0,0,0,0,0,0,0,0,152.924,0,0,-6.73585
"MtrElec",8,13,8,"",156.401,0,0,0,0,0,0,0,0,0,0,0,0,0,0,0,0,0,0,0,0,217.797,0,0,-61.3962
"MtrElec",8,13,9,"",99.0352,0,0,0,0,0,0,0,0,0,0,0,0,0,0,0,0,0,0,0,0,258.251,0,0,-159.215
"MtrElec",8,13,10,"",40.6523,0,0,0,0,0,0,0,0,0,0,0,0,0,0,0,0,0,0,0,0,288.165,0,0,-247.513
"MtrElec",8,13,11,"",0.0000020,0,0,0,0,0,0,0,0,0,0,0,0,0,0,0,0,0,0,0,0,291.153,0,30.2384,-321.392
"MtrElec",8,13,12,"",0,0,0,0,0,0,0,0,0,0,0,0,0,0,0,0,0,0,0,0,0,293.737,0,73.0501,-366.788
"MtrElec",8,13,13,"",0,0,0,0,0,0,0,0,0,0,0,0,0,0,0,0,0,0,0,0,0,340.603,0,55.9278,-396.531
"MtrElec",8,13,14,"",0,0,0,0,0,0,0,0,0,0,0,0,0,0,0,0,0,0,0,0,0,276.219,0,110.417,-386.636
"MtrElec",8,13,15,"",22.4328,0,0,0,0,0,0,0,0,0,0,0,0,0,0,0,0,0,0,0,0,285.901,0,0,-263.468
"MtrElec",8,13,16,"",177.794,0,0,0,0,0,0,0,0,0,0,0,0,0,0,0,0,0,0,0,0,273.89,0,0,-96.0954
"MtrElec",8,13,17,"",144.06,0,0,0,0,0,0,0,0,0,0,0,0,0,0,0,0,0,0,0,0,331.804,0,0,-187.744
"MtrElec",8,13,18,"",201.13,0,0,0,0,0,0,0,0,0,0,0,0,0,0,0,0,0,0,0,0,348.513,0,0,-147.382
"MtrElec",8,13,19,"",176.693,0,0,0,0,0,0,0,0,0,0,0,0,0,0,0,0,0,0,0,0,383.883,0,-157.698,-49.4915
"MtrElec",8,13,20,"",281.016,0,0,0,0,0,0,0,0,0,0,0,0,0,0,0,0,0,0,0,0,369.32,0,-85.6463,-2.65779
"MtrElec",8,13,21,"",334.795,0,0,0,0,0,0,0,0,0,0,0,0,0,0,0,0,0,0,0,0,334.795,0,0,0
"MtrElec",8,13,22,"",269.234,0,0,0,0,0,0,0,0,0,0,0,0,0,0,0,0,0,0,0,0,269.234,0,0,0
"MtrElec",8,13,23,"",257.073,0,0,0,0,0,0,0,0,0,0,0,0,0,0,0,0,0,0,0,0,257.073,0,0,0
"MtrElec",8,13,24,"",182.487,0,0,0,0,0,0,0,0,0,0,0,0,0,0,0,0,0,0,0,0,182.487,0,0,0
"MtrElec",8,14,1,"",177.309,0,0,0,0,0,0,0,0,0,0,0,0,0,0,0,0,0,0,0,0,177.309,0,0,0
"MtrElec",8,14,2,"",122.336,0,0,0,0,0,0,0,0,0,0,0,0,0,0,0,0,0,0,0,0,122.336,0,0,0
"MtrElec",8,14,3,"",98.9224,0,0,0,0,0,0,0,0,0,0,0,0,0,0,0,0,0,0,0,0,98.9224,0,0,0
"MtrElec",8,14,4,"",109.031,0,0,0,0,0,0,0,0,0,0,0,0,0,0,0,0,0,0,0,0,109.031,0,0,0
"MtrElec",8,14,5,"",105.628,0,0,0,0,0,0,0,0,0,0,0,0,0,0,0,0,0,0,0,0,105.628,0,0,0
"MtrElec",8,14,6,"",107.038,0,0,0,0,0,0,0,0,0,0,0,0,0,0,0,0,0,0,0,0,107.038,0,0,0
"MtrElec",8,14,7,"",154.554,0,0,0,0,0,0,0,0,0,0,0,0,0,0,0,0,0,0,0,0,163.638,0,0,-9.08434
"MtrElec",8,14,8,"",195.466,0,0,0,0,0,0,0,0,0,0,0,0,0,0,0,0,0,0,0,0,257.651,0,0,-62.1847
"MtrElec",8,14,9,"",77.034,0,0,0,0,0,0,0,0,0,0,0,0,0,0,0,0,0,0,0,0,243.535,0,0,-166.501
"MtrElec",8,14,10,"",18.0444,0,0,0,0,0,0,0,0,0,0,0,0,0,0,0,0,0,0,0,0,282.343,0,0,-264.298
"MtrElec",8,14,11,"",0,0,0,0,0,0,0,0,0,0,0,0,0,0,0,0,0,0,0,0,0,283.953,0,55.8537,-339.807
"MtrElec",8,14,12,"",0.0000078,0,0,0,0,0,0,0,0,0,0,0,0,0,0,0,0,0,0,0,0,285.402,0,108.549,-393.952
"MtrElec",8,14,13,"",0,0,0,0,0,0,0,0,0,0,0,0,0,0,0,0,0,0,0,0,0,331.045,0,81.6182,-412.663
"MtrElec",8,14,14,"",0.0000078,0,0,0,0,0,0,0,0,0,0,0,0,0,0,0,0,0,0,0,0,292.359,0,118.437,-410.796
"MtrElec",8,14,15,"",0,0,0,0,0,0,0,0,0,0,0,0,0,0,0,0,0,0,0,0,0,311.296,0,55.7853,-367.082
"MtrElec",8,14,16,"",0.0000020,0,0,0,0,0,0,0,0,0,0,0,0,0,0,0,0,0,0,0,0,301.181,0,26.3913,-327.572
"MtrElec",8,14,17,"",147.365,0,0,0,0,0,0,0,0,0,0,0,0,0,0,0,0,0,0,0,0,363.485,0,0,-216.12
"MtrElec",8,14,18,"",235.776,0,0,0,0,0,0,0,0,0,0,0,0,0,0,0,0,0,0,0,0,362.407,0,0,-126.631
"MtrElec",8,14,19,"",171.364,0,0,0,0,0,0,0,0,0,0,0,0,0,0,0,0,0,0,0,0,366.655,0,-157.698,-37.5926
"MtrElec",8,14,20,"",189.236,0,0,0,0,0,0,0,0,0,0,0,0,0,0,0,0,0,0,0,0,347.427,0,-157.698,-0.493835
"MtrElec",8,14,21,"",256.173,0,0,0,0,0,0,0,0,0,0,0,0,0,0,0,0,0,0,0,0,343.865,0,-87.692,0
"MtrElec",8,14,22,"",280.385,0,0,0,0,0,0,0,0,0,0,0,0,0,0,0,0,0,0,0,0,280.385,0,0,0
"MtrElec",8,14,23,"",270.088,0,0,0,0,0,0,0,0,0,0,0,0,0,0,0,0,0,0,0,0,270.088,0,0,0
"MtrElec",8,14,24,"",234.017,0,0,0,0,0,0,0,0,0,0,0,0,0,0,0,0,0,0,0,0,234.017,0,0,0
"MtrElec",8,15,1,"",134.496,0,0,0,0,0,0,0,0,0,0,0,0,0,0,0,0,0,0,0,0,134.496,0,0,0
"MtrElec",8,15,2,"",127.331,0,0,0,0,0,0,0,0,0,0,0,0,0,0,0,0,0,0,0,0,127.331,0,0,0
"MtrElec",8,15,3,"",116.583,0,0,0,0,0,0,0,0,0,0,0,0,0,0,0,0,0,0,0,0,116.583,0,0,0
"MtrElec",8,15,4,"",101.831,0,0,0,0,0,0,0,0,0,0,0,0,0,0,0,0,0,0,0,0,101.831,0,0,0
"MtrElec",8,15,5,"",116.915,0,0,0,0,0,0,0,0,0,0,0,0,0,0,0,0,0,0,0,0,116.915,0,0,0
"MtrElec",8,15,6,"",139.905,0,0,0,0,0,0,0,0,0,0,0,0,0,0,0,0,0,0,0,0,139.905,0,0,0
"MtrElec",8,15,7,"",114.966,0,0,0,0,0,0,0,0,0,0,0,0,0,0,0,0,0,0,0,0,125.142,0,0,-10.1757
"MtrElec",8,15,8,"",134.794,0,0,0,0,0,0,0,0,0,0,0,0,0,0,0,0,0,0,0,0,195.494,0,0,-60.7008
"MtrElec",8,15,9,"",80.8366,0,0,0,0,0,0,0,0,0,0,0,0,0,0,0,0,0,0,0,0,246.761,0,0,-165.925
"MtrElec",8,15,10,"",18.7829,0,0,0,0,0,0,0,0,0,0,0,0,0,0,0,0,0,0,0,0,282.683,0,0,-263.9
"MtrElec",8,15,11,"",0,0,0,0,0,0,0,0,0,0,0,0,0,0,0,0,0,0,0,0,0,293.434,0,47.9521,-341.386
"MtrElec",8,15,12,"",0,0,0,0,0,0,0,0,0,0,0,0,0,0,0,0,0,0,0,0,0,349.403,0,50.5893,-399.992
"MtrElec",8,15,13,"",0.0000078,0,0,0,0,0,0,0,0,0,0,0,0,0,0,0,0,0,0,0,0,324.275,0,100.154,-424.43
"MtrElec",8,15,14,"",0,0,0,0,0,0,0,0,0,0,0,0,0,0,0,0,0,0,0,0,0,312.604,0,108.545,-421.148
"MtrElec",8,15,15,"",0,0,0,0,0,0,0,0,0,0,0,0,0,0,0,0,0,0,0,0,0,367.153,0,24.7181,-391.871
"MtrElec",8,15,16,"",0,0,0,0,0,0,0,0,0,0,0,0,0,0,0,0,0,0,0,0,0,327.67,0,8.28241,-335.952
"MtrElec",8,15,17,"",72.4058,0,0,0,0,0,0,0,0,0,0,0,0,0,0,0,0,0,0,0,0,324.225,0,0,-251.819
"MtrElec",8,15,18,"",200.136,0,0,0,0,0,0,0,0,0,0,0,0,0,0,0,0,0,0,0,0,346.895,0,0,-146.759
"MtrElec",8,15,19,"",213.005,0,0,0,0,0,0,0,0,0,0,0,0,0,0,0,0,0,0,0,0,418.451,0,-157.698,-47.7481
"MtrElec",8,15,20,"",239.982,0,0,0,0,0,0,0,0,0,0,0,0,0,0,0,0,0,0,0,0,391.222,0,-149.37,-1.87109
"MtrElec",8,15,21,"",359.732,0,0,0,0,0,0,0,0,0,0,0,0,0,0,0,0,0,0,0,0,359.732,0,0,0
"MtrElec",8,15,22,"",356.026,0,0,0,0,0,0,0,0,0,0,0,0,0,0,0,0,0,0,0,0,356.026,0,0,0
"MtrElec",8,15,23,"",205.973,0,0,0,0,0,0,0,0,0,0,0,0,0,0,0,0,0,0,0,0,205.973,0,0,0
"MtrElec",8,15,24,"",217.411,0,0,0,0,0,0,0,0,0,0,0,0,0,0,0,0,0,0,0,0,217.411,0,0,0
"MtrElec",8,16,1,"",137.982,0,0,0,0,0,0,0,0,0,0,0,0,0,0,0,0,0,0,0,0,137.982,0,0,0
"MtrElec",8,16,2,"",122.336,0,0,0,0,0,0,0,0,0,0,0,0,0,0,0,0,0,0,0,0,122.336,0,0,0
"MtrElec",8,16,3,"",105.792,0,0,0,0,0,0,0,0,0,0,0,0,0,0,0,0,0,0,0,0,105.792,0,0,0
"MtrElec",8,16,4,"",112.197,0,0,0,0,0,0,0,0,0,0,0,0,0,0,0,0,0,0,0,0,112.197,0,0,0
"MtrElec",8,16,5,"",150.529,0,0,0,0,0,0,0,0,0,0,0,0,0,0,0,0,0,0,0,0,150.529,0,0,0
"MtrElec",8,16,6,"",96.8608,0,0,0,0,0,0,0,0,0,0,0,0,0,0,0,0,0,0,0,0,96.8608,0,0,0
"MtrElec",8,16,7,"",106.161,0,0,0,0,0,0,0,0,0,0,0,0,0,0,0,0,0,0,0,0,115.922,0,0,-9.76173
"MtrElec",8,16,8,"",120.315,0,0,0,0,0,0,0,0,0,0,0,0,0,0,0,0,0,0,0,0,182.584,0,0,-62.269
"MtrElec",8,16,9,"",56.9022,0,0,0,0,0,0,0,0,0,0,0,0,0,0,0,0,0,0,0,0,224.365,0,0,-167.462
"MtrElec",8,16,10,"",0.0000020,0,0,0,0,0,0,0,0,0,0,0,0,0,0,0,0,0,0,0,0,243.813,0,21.1685,-264.982
"MtrElec",8,16,11,"",0.0000039,0,0,0,0,0,0,0,0,0,0,0,0,0,0,0,0,0,0,0,0,291.592,0,55.2269,-346.818
"MtrElec",8,16,12,"",0.0000039,0,0,0,0,0,0,0,0,0,0,0,0,0,0,0,0,0,0,0,0,347.718,0,56.6811,-404.399
"MtrElec",8,16,13,"",0,0,0,0,0,0,0,0,0,0,0,0,0,0,0,0,0,0,0,0,0,335.286,0,91.1259,-426.412
"MtrElec",8,16,14,"",0,0,0,0,0,0,0,0,0,0,0,0,0,0,0,0,0,0,0,0,0,297.396,0,129.061,-426.457
"MtrElec",8,16,15,"",0,0,0,0,0,0,0,0,0,0,0,0,0,0,0,0,0,0,0,0,0,325.682,0,72.3859,-398.067
"MtrElec",8,16,16,"",0,0,0,0,0,0,0,0,0,0,0,0,0,0,0,0,0,0,0,0,0,290.39,0,50.7826,-341.173
"MtrElec",8,16,17,"",56.8816,0,0,0,0,0,0,0,0,0,0,0,0,0,0,0,0,0,0,0,0,313.692,0,0,-256.81
"MtrElec",8,16,18,"",228.416,0,0,0,0,0,0,0,0,0,0,0,0,0,0,0,0,0,0,0,0,379.253,0,0,-150.837
"MtrElec",8,16,19,"",212.783,0,0,0,0,0,0,0,0,0,0,0,0,0,0,0,0,0,0,0,0,417.537,0,-157.698,-47.0561
"MtrElec",8,16,20,"",203.167,0,0,0,0,0,0,0,0,0,0,0,0,0,0,0,0,0,0,0,0,363.144,0,-157.698,-2.2787
"MtrElec",8,16,21,"",163.832,0,0,0,0,0,0,0,0,0,0,0,0,0,0,0,0,0,0,0,0,278.416,0,-114.584,0
"MtrElec",8,16,22,"",276.336,0,0,0,0,0,0,0,0,0,0,0,0,0,0,0,0,0,0,0,0,276.336,0,0,0
"MtrElec",8,16,23,"",220.482,0,0,0,0,0,0,0,0,0,0,0,0,0,0,0,0,0,0,0,0,220.482,0,0,0
"MtrElec",8,16,24,"",178.902,0,0,0,0,0,0,0,0,0,0,0,0,0,0,0,0,0,0,0,0,178.902,0,0,0
"MtrElec",8,17,1,"",144.254,0,0,0,0,0,0,0,0,0,0,0,0,0,0,0,0,0,0,0,0,144.254,0,0,0
"MtrElec",8,17,2,"",118.723,0,0,0,0,0,0,0,0,0,0,0,0,0,0,0,0,0,0,0,0,118.723,0,0,0
"MtrElec",8,17,3,"",97.6363,0,0,0,0,0,0,0,0,0,0,0,0,0,0,0,0,0,0,0,0,97.6363,0,0,0
"MtrElec",8,17,4,"",143.86,0,0,0,0,0,0,0,0,0,0,0,0,0,0,0,0,0,0,0,0,143.86,0,0,0
"MtrElec",8,17,5,"",101.781,0,0,0,0,0,0,0,0,0,0,0,0,0,0,0,0,0,0,0,0,101.781,0,0,0
"MtrElec",8,17,6,"",102.476,0,0,0,0,0,0,0,0,0,0,0,0,0,0,0,0,0,0,0,0,102.476,0,0,0
"MtrElec",8,17,7,"",141.295,0,0,0,0,0,0,0,0,0,0,0,0,0,0,0,0,0,0,0,0,151.642,0,0,-10.3465
"MtrElec",8,17,8,"",185.516,0,0,0,0,0,0,0,0,0,0,0,0,0,0,0,0,0,0,0,0,246.829,0,0,-61.3126
"MtrElec",8,17,9,"",71.1122,0,0,0,0,0,0,0,0,0,0,0,0,0,0,0,0,0,0,0,0,241.776,0,0,-170.664
"MtrElec",8,17,10,"",0,0,0,0,0,0,0,0,0,0,0,0,0,0,0,0,0,0,0,0,0,259.085,0,13.0399,-272.125
"MtrElec",8,17,11,"",0.0000039,0,0,0,0,0,0,0,0,0,0,0,0,0,0,0,0,0,0,0,0,308.332,0,45.0659,-353.398
"MtrElec",8,17,12,"",0,0,0,0,0,0,0,0,0,0,0,0,0,0,0,0,0,0,0,0,0,308.129,0,102.336,-410.465
"MtrElec",8,17,13,"",0,0,0,0,0,0,0,0,0,0,0,0,0,0,0,0,0,0,0,0,0,331.396,0,107.566,-438.962
"MtrElec",8,17,14,"",-37.315,0,0,0,0,0,0,0,0,0,0,0,0,0,0,0,0,0,0,0,0,243.923,0,157.698,-438.936
"MtrElec",8,17,15,"",-11.5015,0,0,0,0,0,0,0,0,0,0,0,0,0,0,0,0,0,0,0,0,243.301,0,157.698,-412.5
"MtrElec",8,17,16,"",-68.0938,0,0,0,0,0,0,0,0,0,0,0,0,0,0,0,0,0,0,0,0,281.881,0,4.98127,-354.956
"MtrElec",8,17,17,"",41.8639,0,0,0,0,0,0,0,0,0,0,0,0,0,0,0,0,0,0,0,0,312.296,0,0,-270.432
"MtrElec",8,17,18,"",176.87,0,0,0,0,0,0,0,0,0,0,0,0,0,0,0,0,0,0,0,0,337.928,0,0,-161.057
"MtrElec",8,17,19,"",194.428,0,0,0,0,0,0,0,0,0,0,0,0,0,0,0,0,0,0,0,0,400.186,0,-157.698,-48.0598
"MtrElec",8,17,20,"",198.685,0,0,0,0,0,0,0,0,0,0,0,0,0,0,0,0,0,0,0,0,358.039,0,-157.698,-1.65604
"MtrElec",8,17,21,"",140.993,0,0,0,0,0,0,0,0,0,0,0,0,0,0,0,0,0,0,0,0,298.691,0,-157.698,0
"MtrElec",8,17,22,"",221.133,0,0,0,0,0,0,0,0,0,0,0,0,0,0,0,0,0,0,0,0,279.056,0,-57.9237,0
"MtrElec",8,17,23,"",271.726,0,0,0,0,0,0,0,0,0,0,0,0,0,0,0,0,0,0,0,0,271.726,0,0,0
"MtrElec",8,17,24,"",187.175,0,0,0,0,0,0,0,0,0,0,0,0,0,0,0,0,0,0,0,0,187.175,0,0,0
"MtrElec",8,18,1,"",140.84,0,0,0,0,0,0,0,0,0,0,0,0,0,0,0,0,0,0,0,0,140.84,0,0,0
"MtrElec",8,18,2,"",114.342,0,0,0,0,0,0,0,0,0,0,0,0,0,0,0,0,0,0,0,0,114.342,0,0,0
"MtrElec",8,18,3,"",111.261,0,0,0,0,0,0,0,0,0,0,0,0,0,0,0,0,0,0,0,0,111.261,0,0,0
"MtrElec",8,18,4,"",121.655,0,0,0,0,0,0,0,0,0,0,0,0,0,0,0,0,0,0,0,0,121.655,0,0,0
"MtrElec",8,18,5,"",105.985,0,0,0,0,0,0,0,0,0,0,0,0,0,0,0,0,0,0,0,0,105.985,0,0,0
"MtrElec",8,18,6,"",134.231,0,0,0,0,0,0,0,0,0,0,0,0,0,0,0,0,0,0,0,0,134.231,0,0,0
"MtrElec",8,18,7,"",159.932,0,0,0,0,0,0,0,0,0,0,0,0,0,0,0,0,0,0,0,0,169.811,0,0,-9.87883
"MtrElec",8,18,8,"",167.884,0,0,0,0,0,0,0,0,0,0,0,0,0,0,0,0,0,0,0,0,230.129,0,0,-62.2447
"MtrElec",8,18,9,"",60.7426,0,0,0,0,0,0,0,0,0,0,0,0,0,0,0,0,0,0,0,0,239.278,0,0,-178.536
"MtrElec",8,18,10,"",0,0,0,0,0,0,0,0,0,0,0,0,0,0,0,0,0,0,0,0,0,272.499,0,9.1105,-281.609
"MtrElec",8,18,11,"",0,0,0,0,0,0,0,0,0,0,0,0,0,0,0,0,0,0,0,0,0,262.624,0,94.259,-356.883
"MtrElec",8,18,12,"",0,0,0,0,0,0,0,0,0,0,0,0,0,0,0,0,0,0,0,0,0,262.68,0,153.284,-415.964
"MtrElec",8,18,13,"",0,0,0,0,0,0,0,0,0,0,0,0,0,0,0,0,0,0,0,0,0,331.184,0,117.161,-448.345
"MtrElec",8,18,14,"",-38.2483,0,0,0,0,0,0,0,0,0,0,0,0,0,0,0,0,0,0,0,0,251.751,0,157.698,-447.697
"MtrElec",8,18,15,"",-127.272,0,0,0,0,0,0,0,0,0,0,0,0,0,0,0,0,0,0,0,0,234.934,0,56.8727,-419.078
"MtrElec",8,18,16,"",-71.8173,0,0,0,0,0,0,0,0,0,0,0,0,0,0,0,0,0,0,0,0,287.013,0,0,-358.83
"MtrElec",8,18,17,"",61.8957,0,0,0,0,0,0,0,0,0,0,0,0,0,0,0,0,0,0,0,0,332.708,0,0,-270.812
"MtrElec",8,18,18,"",172.086,0,0,0,0,0,0,0,0,0,0,0,0,0,0,0,0,0,0,0,0,332.304,0,0,-160.218
"MtrElec",8,18,19,"",169.039,0,0,0,0,0,0,0,0,0,0,0,0,0,0,0,0,0,0,0,0,374.083,0,-157.698,-47.3461
"MtrElec",8,18,20,"",173.643,0,0,0,0,0,0,0,0,0,0,0,0,0,0,0,0,0,0,0,0,333.023,0,-157.698,-1.68245
"MtrElec",8,18,21,"",153.488,0,0,0,0,0,0,0,0,0,0,0,0,0,0,0,0,0,0,0,0,311.185,0,-157.698,0
"MtrElec",8,18,22,"",187.418,0,0,0,0,0,0,0,0,0,0,0,0,0,0,0,0,0,0,0,0,245.341,0,-57.9237,0
"MtrElec",8,18,23,"",240.733,0,0,0,0,0,0,0,0,0,0,0,0,0,0,0,0,0,0,0,0,240.733,0,0,0
"MtrElec",8,18,24,"",215.906,0,0,0,0,0,0,0,0,0,0,0,0,0,0,0,0,0,0,0,0,215.906,0,0,0
"MtrElec",8,19,1,"",132.797,0,0,0,0,0,0,0,0,0,0,0,0,0,0,0,0,0,0,0,0,132.797,0,0,0
"MtrElec",8,19,2,"",113.902,0,0,0,0,0,0,0,0,0,0,0,0,0,0,0,0,0,0,0,0,113.902,0,0,0
"MtrElec",8,19,3,"",92.0442,0,0,0,0,0,0,0,0,0,0,0,0,0,0,0,0,0,0,0,0,92.0442,0,0,0
"MtrElec",8,19,4,"",104.313,0,0,0,0,0,0,0,0,0,0,0,0,0,0,0,0,0,0,0,0,104.313,0,0,0
"MtrElec",8,19,5,"",100.074,0,0,0,0,0,0,0,0,0,0,0,0,0,0,0,0,0,0,0,0,100.074,0,0,0
"MtrElec",8,19,6,"",130.613,0,0,0,0,0,0,0,0,0,0,0,0,0,0,0,0,0,0,0,0,130.613,0,0,0
"MtrElec",8,19,7,"",130.629,0,0,0,0,0,0,0,0,0,0,0,0,0,0,0,0,0,0,0,0,140.608,0,0,-9.97895
"MtrElec",8,19,8,"",150.031,0,0,0,0,0,0,0,0,0,0,0,0,0,0,0,0,0,0,0,0,213.525,0,0,-63.4944
"MtrElec",8,19,9,"",36.1097,0,0,0,0,0,0,0,0,0,0,0,0,0,0,0,0,0,0,0,0,221.144,0,0,-185.035
"MtrElec",8,19,10,"",0,0,0,0,0,0,0,0,0,0,0,0,0,0,0,0,0,0,0,0,0,238.923,0,55.0861,-294.009
"MtrElec",8,19,11,"",0,0,0,0,0,0,0,0,0,0,0,0,0,0,0,0,0,0,0,0,0,282.443,0,96.6985,-379.142
"MtrElec",8,19,12,"",-37.469,0,0,0,0,0,0,0,0,0,0,0,0,0,0,0,0,0,0,0,0,234.834,0,157.698,-430.001
"MtrElec",8,19,13,"",-60.601,0,0,0,0,0,0,0,0,0,0,0,0,0,0,0,0,0,0,0,0,239.313,0,157.698,-457.612
"MtrElec",8,19,14,"",-122.904,0,0,0,0,0,0,0,0,0,0,0,0,0,0,0,0,0,0,0,0,215.14,0,121.205,-459.248
"MtrElec",8,19,15,"",-168.315,0,0,0,0,0,0,0,0,0,0,0,0,0,0,0,0,0,0,0,0,261.051,0,0,-429.365
"MtrElec",8,19,16,"",-103.755,0,0,0,0,0,0,0,0,0,0,0,0,0,0,0,0,0,0,0,0,266.607,0,0,-370.362
"MtrElec",8,19,17,"",31.2602,0,0,0,0,0,0,0,0,0,0,0,0,0,0,0,0,0,0,0,0,313.423,0,0,-282.163
"MtrElec",8,19,18,"",172.734,0,0,0,0,0,0,0,0,0,0,0,0,0,0,0,0,0,0,0,0,339.63,0,0,-166.896
"MtrElec",8,19,19,"",148.527,0,0,0,0,0,0,0,0,0,0,0,0,0,0,0,0,0,0,0,0,354.129,0,-157.698,-47.9038
"MtrElec",8,19,20,"",166.403,0,0,0,0,0,0,0,0,0,0,0,0,0,0,0,0,0,0,0,0,325.82,0,-157.698,-1.71917
"MtrElec",8,19,21,"",144.89,0,0,0,0,0,0,0,0,0,0,0,0,0,0,0,0,0,0,0,0,302.588,0,-157.698,0
"MtrElec",8,19,22,"",197.358,0,0,0,0,0,0,0,0,0,0,0,0,0,0,0,0,0,0,0,0,255.281,0,-57.9237,0
"MtrElec",8,19,23,"",227.06,0,0,0,0,0,0,0,0,0,0,0,0,0,0,0,0,0,0,0,0,227.06,0,0,0
"MtrElec",8,19,24,"",158.985,0,0,0,0,0,0,0,0,0,0,0,0,0,0,0,0,0,0,0,0,158.985,0,0,0
"MtrElec",8,20,1,"",145.255,0,0,0,0,0,0,0,0,0,0,0,0,0,0,0,0,0,0,0,0,145.255,0,0,0
"MtrElec",8,20,2,"",112.421,0,0,0,0,0,0,0,0,0,0,0,0,0,0,0,0,0,0,0,0,112.421,0,0,0
"MtrElec",8,20,3,"",90.5445,0,0,0,0,0,0,0,0,0,0,0,0,0,0,0,0,0,0,0,0,90.5445,0,0,0
"MtrElec",8,20,4,"",102.16,0,0,0,0,0,0,0,0,0,0,0,0,0,0,0,0,0,0,0,0,102.16,0,0,0
"MtrElec",8,20,5,"",99.6584,0,0,0,0,0,0,0,0,0,0,0,0,0,0,0,0,0,0,0,0,99.6584,0,0,0
"MtrElec",8,20,6,"",116.52,0,0,0,0,0,0,0,0,0,0,0,0,0,0,0,0,0,0,0,0,116.52,0,0,0
"MtrElec",8,20,7,"",166.141,0,0,0,0,0,0,0,0,0,0,0,0,0,0,0,0,0,0,0,0,175.626,0,0,-9.48537
"MtrElec",8,20,8,"",140.646,0,0,0,0,0,0,0,0,0,0,0,0,0,0,0,0,0,0,0,0,202.769,0,0,-62.1224
"MtrElec",8,20,9,"",65.5583,0,0,0,0,0,0,0,0,0,0,0,0,0,0,0,0,0,0,0,0,241.527,0,0,-175.968
"MtrElec",8,20,10,"",0.0000078,0,0,0,0,0,0,0,0,0,0,0,0,0,0,0,0,0,0,0,0,214.484,0,68.0669,-282.551
"MtrElec",8,20,11,"",0,0,0,0,0,0,0,0,0,0,0,0,0,0,0,0,0,0,0,0,0,262.681,0,100.6,-363.281
"MtrElec",8,20,12,"",0,0,0,0,0,0,0,0,0,0,0,0,0,0,0,0,0,0,0,0,0,274.04,0,143.689,-417.729
"MtrElec",8,20,13,"",-45.6191,0,0,0,0,0,0,0,0,0,0,0,0,0,0,0,0,0,0,0,0,238.947,0,157.698,-442.264
"MtrElec",8,20,14,"",-104.356,0,0,0,0,0,0,0,0,0,0,0,0,0,0,0,0,0,0,0,0,216.347,0,118.332,-439.035
"MtrElec",8,20,15,"",-156.502,0,0,0,0,0,0,0,0,0,0,0,0,0,0,0,0,0,0,0,0,253.396,0,0,-409.898
"MtrElec",8,20,16,"",-95.0968,0,0,0,0,0,0,0,0,0,0,0,0,0,0,0,0,0,0,0,0,257.545,0,0,-352.642
"MtrElec",8,20,17,"",16.3822,0,0,0,0,0,0,0,0,0,0,0,0,0,0,0,0,0,0,0,0,282.786,0,0,-266.403
"MtrElec",8,20,18,"",181.435,0,0,0,0,0,0,0,0,0,0,0,0,0,0,0,0,0,0,0,0,335.976,0,0,-154.541
"MtrElec",8,20,19,"",156.394,0,0,0,0,0,0,0,0,0,0,0,0,0,0,0,0,0,0,0,0,359.162,0,-157.698,-45.0703
"MtrElec",8,20,20,"",199.617,0,0,0,0,0,0,0,0,0,0,0,0,0,0,0,0,0,0,0,0,358.247,0,-157.698,-0.932557
"MtrElec",8,20,21,"",181.579,0,0,0,0,0,0,0,0,0,0,0,0,0,0,0,0,0,0,0,0,339.277,0,-157.698,0
"MtrElec",8,20,22,"",179.555,0,0,0,0,0,0,0,0,0,0,0,0,0,0,0,0,0,0,0,0,237.479,0,-57.9237,0
"MtrElec",8,20,23,"",223.982,0,0,0,0,0,0,0,0,0,0,0,0,0,0,0,0,0,0,0,0,223.982,0,0,0
"MtrElec",8,20,24,"",193.095,0,0,0,0,0,0,0,0,0,0,0,0,0,0,0,0,0,0,0,0,193.095,0,0,0
"MtrElec",8,21,1,"",133.787,0,0,0,0,0,0,0,0,0,0,0,0,0,0,0,0,0,0,0,0,133.787,0,0,0
"MtrElec",8,21,2,"",114.208,0,0,0,0,0,0,0,0,0,0,0,0,0,0,0,0,0,0,0,0,114.208,0,0,0
"MtrElec",8,21,3,"",92.684,0,0,0,0,0,0,0,0,0,0,0,0,0,0,0,0,0,0,0,0,92.684,0,0,0
"MtrElec",8,21,4,"",104.433,0,0,0,0,0,0,0,0,0,0,0,0,0,0,0,0,0,0,0,0,104.433,0,0,0
"MtrElec",8,21,5,"",100.984,0,0,0,0,0,0,0,0,0,0,0,0,0,0,0,0,0,0,0,0,100.984,0,0,0
"MtrElec",8,21,6,"",113.495,0,0,0,0,0,0,0,0,0,0,0,0,0,0,0,0,0,0,0,0,113.495,0,0,0
"MtrElec",8,21,7,"",140.494,0,0,0,0,0,0,0,0,0,0,0,0,0,0,0,0,0,0,0,0,149.414,0,0,-8.91985
"MtrElec",8,21,8,"",172.889,0,0,0,0,0,0,0,0,0,0,0,0,0,0,0,0,0,0,0,0,233.839,0,0,-60.9494
"MtrElec",8,21,9,"",90.5011,0,0,0,0,0,0,0,0,0,0,0,0,0,0,0,0,0,0,0,0,264.386,0,0,-173.884
"MtrElec",8,21,10,"",35.938,0,0,0,0,0,0,0,0,0,0,0,0,0,0,0,0,0,0,0,0,312.681,0,0,-276.743
"MtrElec",8,21,11,"",0,0,0,0,0,0,0,0,0,0,0,0,0,0,0,0,0,0,0,0,0,256.865,0,100.732,-357.597
"MtrElec",8,21,12,"",0,0,0,0,0,0,0,0,0,0,0,0,0,0,0,0,0,0,0,0,0,266.323,0,149.051,-415.375
"MtrElec",8,21,13,"",0.0000156,0,0,0,0,0,0,0,0,0,0,0,0,0,0,0,0,0,0,0,0,290.749,0,148.859,-439.608
"MtrElec",8,21,14,"",-18.9612,0,0,0,0,0,0,0,0,0,0,0,0,0,0,0,0,0,0,0,0,262.672,0,157.698,-439.331
"MtrElec",8,21,15,"",-121.547,0,0,0,0,0,0,0,0,0,0,0,0,0,0,0,0,0,0,0,0,258.03,0,32.0447,-411.622
"MtrElec",8,21,16,"",-94.8193,0,0,0,0,0,0,0,0,0,0,0,0,0,0,0,0,0,0,0,0,259.244,0,0,-354.063
"MtrElec",8,21,17,"",67.9759,0,0,0,0,0,0,0,0,0,0,0,0,0,0,0,0,0,0,0,0,334.811,0,0,-266.836
"MtrElec",8,21,18,"",204.036,0,0,0,0,0,0,0,0,0,0,0,0,0,0,0,0,0,0,0,0,359.309,0,0,-155.273
"MtrElec",8,21,19,"",171.844,0,0,0,0,0,0,0,0,0,0,0,0,0,0,0,0,0,0,0,0,373.817,0,-157.698,-44.2747
"MtrElec",8,21,20,"",209.77,0,0,0,0,0,0,0,0,0,0,0,0,0,0,0,0,0,0,0,0,368.412,0,-157.698,-0.944381
"MtrElec",8,21,21,"",132.334,0,0,0,0,0,0,0,0,0,0,0,0,0,0,0,0,0,0,0,0,290.032,0,-157.698,0
"MtrElec",8,21,22,"",201.76,0,0,0,0,0,0,0,0,0,0,0,0,0,0,0,0,0,0,0,0,259.684,0,-57.9237,0
"MtrElec",8,21,23,"",224.906,0,0,0,0,0,0,0,0,0,0,0,0,0,0,0,0,0,0,0,0,224.906,0,0,0
"MtrElec",8,21,24,"",162.396,0,0,0,0,0,0,0,0,0,0,0,0,0,0,0,0,0,0,0,0,162.396,0,0,0
"MtrElec",8,22,1,"",140.714,0,0,0,0,0,0,0,0,0,0,0,0,0,0,0,0,0,0,0,0,140.714,0,0,0
"MtrElec",8,22,2,"",141.442,0,0,0,0,0,0,0,0,0,0,0,0,0,0,0,0,0,0,0,0,141.442,0,0,0
"MtrElec",8,22,3,"",94.5565,0,0,0,0,0,0,0,0,0,0,0,0,0,0,0,0,0,0,0,0,94.5565,0,0,0
"MtrElec",8,22,4,"",105.701,0,0,0,0,0,0,0,0,0,0,0,0,0,0,0,0,0,0,0,0,105.701,0,0,0
"MtrElec",8,22,5,"",115.921,0,0,0,0,0,0,0,0,0,0,0,0,0,0,0,0,0,0,0,0,115.921,0,0,0
"MtrElec",8,22,6,"",92.5164,0,0,0,0,0,0,0,0,0,0,0,0,0,0,0,0,0,0,0,0,92.5164,0,0,0
"MtrElec",8,22,7,"",135.943,0,0,0,0,0,0,0,0,0,0,0,0,0,0,0,0,0,0,0,0,148.158,0,0,-12.2149
"MtrElec",8,22,8,"",109.968,0,0,0,0,0,0,0,0,0,0,0,0,0,0,0,0,0,0,0,0,178.237,0,0,-68.269
"MtrElec",8,22,9,"",141.478,0,0,0,0,0,0,0,0,0,0,0,0,0,0,0,0,0,0,0,0,230.162,0,0,-88.6841
"MtrElec",8,22,10,"",5.34562,0,0,0,0,0,0,0,0,0,0,0,0,0,0,0,0,0,0,0,0,274.403,0,0,-269.057
"MtrElec",8,22,11,"",0,0,0,0,0,0,0,0,0,0,0,0,0,0,0,0,0,0,0,0,0,257.4,0,111.486,-368.886
"MtrElec",8,22,12,"",0.0000078,0,0,0,0,0,0,0,0,0,0,0,0,0,0,0,0,0,0,0,0,295.699,0,126.307,-422.007
"MtrElec",8,22,13,"",0.0000078,0,0,0,0,0,0,0,0,0,0,0,0,0,0,0,0,0,0,0,0,319.1,0,129.526,-448.625
"MtrElec",8,22,14,"",-18.3132,0,0,0,0,0,0,0,0,0,0,0,0,0,0,0,0,0,0,0,0,269.407,0,157.698,-445.418
"MtrElec",8,22,15,"",-63.1281,0,0,0,0,0,0,0,0,0,0,0,0,0,0,0,0,0,0,0,0,285.69,0,63.3683,-412.186
"MtrElec",8,22,16,"",-74.3452,0,0,0,0,0,0,0,0,0,0,0,0,0,0,0,0,0,0,0,0,277.628,0,0,-351.974
"MtrElec",8,22,17,"",34.2541,0,0,0,0,0,0,0,0,0,0,0,0,0,0,0,0,0,0,0,0,299.869,0,0,-265.615
"MtrElec",8,22,18,"",200.496,0,0,0,0,0,0,0,0,0,0,0,0,0,0,0,0,0,0,0,0,355.733,0,0,-155.237
"MtrElec",8,22,19,"",206.097,0,0,0,0,0,0,0,0,0,0,0,0,0,0,0,0,0,0,0,0,406.85,0,-157.698,-43.0554
"MtrElec",8,22,20,"",168.522,0,0,0,0,0,0,0,0,0,0,0,0,0,0,0,0,0,0,0,0,326.775,0,-157.698,-0.555158
"MtrElec",8,22,21,"",140.144,0,0,0,0,0,0,0,0,0,0,0,0,0,0,0,0,0,0,0,0,297.842,0,-157.698,0
"MtrElec",8,22,22,"",185.336,0,0,0,0,0,0,0,0,0,0,0,0,0,0,0,0,0,0,0,0,243.259,0,-57.9237,0
"MtrElec",8,22,23,"",223.143,0,0,0,0,0,0,0,0,0,0,0,0,0,0,0,0,0,0,0,0,223.143,0,0,0
"MtrElec",8,22,24,"",203.38,0,0,0,0,0,0,0,0,0,0,0,0,0,0,0,0,0,0,0,0,203.38,0,0,0
"MtrElec",8,23,1,"",131.13,0,0,0,0,0,0,0,0,0,0,0,0,0,0,0,0,0,0,0,0,131.13,0,0,0
"MtrElec",8,23,2,"",113.499,0,0,0,0,0,0,0,0,0,0,0,0,0,0,0,0,0,0,0,0,113.499,0,0,0
"MtrElec",8,23,3,"",134.199,0,0,0,0,0,0,0,0,0,0,0,0,0,0,0,0,0,0,0,0,134.199,0,0,0
"MtrElec",8,23,4,"",98.9442,0,0,0,0,0,0,0,0,0,0,0,0,0,0,0,0,0,0,0,0,98.9442,0,0,0
"MtrElec",8,23,5,"",132.842,0,0,0,0,0,0,0,0,0,0,0,0,0,0,0,0,0,0,0,0,132.842,0,0,0
"MtrElec",8,23,6,"",107.116,0,0,0,0,0,0,0,0,0,0,0,0,0,0,0,0,0,0,0,0,107.116,0,0,0
"MtrElec",8,23,7,"",125.867,0,0,0,0,0,0,0,0,0,0,0,0,0,0,0,0,0,0,0,0,134.322,0,0,-8.45544
"MtrElec",8,23,8,"",123.616,0,0,0,0,0,0,0,0,0,0,0,0,0,0,0,0,0,0,0,0,185.035,0,0,-61.4191
"MtrElec",8,23,9,"",51.2568,0,0,0,0,0,0,0,0,0,0,0,0,0,0,0,0,0,0,0,0,231.363,0,0,-180.106
"MtrElec",8,23,10,"",3.09131,0,0,0,0,0,0,0,0,0,0,0,0,0,0,0,0,0,0,0,0,289.586,0,0,-286.495
"MtrElec",8,23,11,"",0,0,0,0,0,0,0,0,0,0,0,0,0,0,0,0,0,0,0,0,0,306.137,0,64.3279,-370.464
"MtrElec",8,23,12,"",0.0000078,0,0,0,0,0,0,0,0,0,0,0,0,0,0,0,0,0,0,0,0,319.775,0,107.789,-427.564
"MtrElec",8,23,13,"",0.0000078,0,0,0,0,0,0,0,0,0,0,0,0,0,0,0,0,0,0,0,0,329.53,0,120.898,-450.428
"MtrElec",8,23,14,"",-0.864219,0,0,0,0,0,0,0,0,0,0,0,0,0,0,0,0,0,0,0,0,290.043,0,157.698,-448.606
"MtrElec",8,23,15,"",0,0,0,0,0,0,0,0,0,0,0,0,0,0,0,0,0,0,0,0,0,326.671,0,88.5804,-415.251
"MtrElec",8,23,16,"",0,0,0,0,0,0,0,0,0,0,0,0,0,0,0,0,0,0,0,0,0,310.859,0,41.9701,-352.829
"MtrElec",8,23,17,"",78.0535,0,0,0,0,0,0,0,0,0,0,0,0,0,0,0,0,0,0,0,0,343.845,0,0,-265.791
"MtrElec",8,23,18,"",243.797,0,0,0,0,0,0,0,0,0,0,0,0,0,0,0,0,0,0,0,0,398.906,0,0,-155.109
"MtrElec",8,23,19,"",223.918,0,0,0,0,0,0,0,0,0,0,0,0,0,0,0,0,0,0,0,0,423.89,0,-157.698,-42.2746
"MtrElec",8,23,20,"",232.07,0,0,0,0,0,0,0,0,0,0,0,0,0,0,0,0,0,0,0,0,390.281,0,-157.698,-0.512429
"MtrElec",8,23,21,"",160.062,0,0,0,0,0,0,0,0,0,0,0,0,0,0,0,0,0,0,0,0,317.76,0,-157.698,0
"MtrElec",8,23,22,"",237.591,0,0,0,0,0,0,0,0,0,0,0,0,0,0,0,0,0,0,0,0,289.087,0,-51.4956,0
"MtrElec",8,23,23,"",203.281,0,0,0,0,0,0,0,0,0,0,0,0,0,0,0,0,0,0,0,0,203.281,0,0,0
"MtrElec",8,23,24,"",204.557,0,0,0,0,0,0,0,0,0,0,0,0,0,0,0,0,0,0,0,0,204.557,0,0,0
"MtrElec",8,24,1,"",153.496,0,0,0,0,0,0,0,0,0,0,0,0,0,0,0,0,0,0,0,0,153.496,0,0,0
"MtrElec",8,24,2,"",121.142,0,0,0,0,0,0,0,0,0,0,0,0,0,0,0,0,0,0,0,0,121.142,0,0,0
"MtrElec",8,24,3,"",104.172,0,0,0,0,0,0,0,0,0,0,0,0,0,0,0,0,0,0,0,0,104.172,0,0,0
"MtrElec",8,24,4,"",107.338,0,0,0,0,0,0,0,0,0,0,0,0,0,0,0,0,0,0,0,0,107.338,0,0,0
"MtrElec",8,24,5,"",107.762,0,0,0,0,0,0,0,0,0,0,0,0,0,0,0,0,0,0,0,0,107.762,0,0,0
"MtrElec",8,24,6,"",130.242,0,0,0,0,0,0,0,0,0,0,0,0,0,0,0,0,0,0,0,0,130.242,0,0,0
"MtrElec",8,24,7,"",184.94,0,0,0,0,0,0,0,0,0,0,0,0,0,0,0,0,0,0,0,0,192.87,0,0,-7.92959
"MtrElec",8,24,8,"",163.127,0,0,0,0,0,0,0,0,0,0,0,0,0,0,0,0,0,0,0,0,222.541,0,0,-59.4146
"MtrElec",8,24,9,"",100.064,0,0,0,0,0,0,0,0,0,0,0,0,0,0,0,0,0,0,0,0,273.103,0,0,-173.038
"MtrElec",8,24,10,"",0,0,0,0,0,0,0,0,0,0,0,0,0,0,0,0,0,0,0,0,0,268.463,0,5.35547,-273.819
"MtrElec",8,24,11,"",0.0000020,0,0,0,0,0,0,0,0,0,0,0,0,0,0,0,0,0,0,0,0,315.634,0,30.2687,-345.902
"MtrElec",8,24,12,"",0,0,0,0,0,0,0,0,0,0,0,0,0,0,0,0,0,0,0,0,0,288.598,0,109.413,-398.011
"MtrElec",8,24,13,"",0,0,0,0,0,0,0,0,0,0,0,0,0,0,0,0,0,0,0,0,0,336.747,0,88.9404,-425.687
"MtrElec",8,24,14,"",0,0,0,0,0,0,0,0,0,0,0,0,0,0,0,0,0,0,0,0,0,298.501,0,123.245,-421.746
"MtrElec",8,24,15,"",0,0,0,0,0,0,0,0,0,0,0,0,0,0,0,0,0,0,0,0,0,338.502,0,52.5954,-391.097
"MtrElec",8,24,16,"",13.7379,0,0,0,0,0,0,0,0,0,0,0,0,0,0,0,0,0,0,0,0,345.749,0,0,-332.011
"MtrElec",8,24,17,"",131.262,0,0,0,0,0,0,0,0,0,0,0,0,0,0,0,0,0,0,0,0,379.594,0,0,-248.331
"MtrElec",8,24,18,"",262.996,0,0,0,0,0,0,0,0,0,0,0,0,0,0,0,0,0,0,0,0,404.455,0,0,-141.459
"MtrElec",8,24,19,"",202.426,0,0,0,0,0,0,0,0,0,0,0,0,0,0,0,0,0,0,0,0,399.118,0,-157.698,-38.9941
"MtrElec",8,24,20,"",223.912,0,0,0,0,0,0,0,0,0,0,0,0,0,0,0,0,0,0,0,0,381.61,0,-157.698,0
"MtrElec",8,24,21,"",314.221,0,0,0,0,0,0,0,0,0,0,0,0,0,0,0,0,0,0,0,0,368.685,0,-54.464,0
"MtrElec",8,24,22,"",290.939,0,0,0,0,0,0,0,0,0,0,0,0,0,0,0,0,0,0,0,0,290.939,0,0,0
"MtrElec",8,24,23,"",263.158,0,0,0,0,0,0,0,0,0,0,0,0,0,0,0,0,0,0,0,0,263.158,0,0,0
"MtrElec",8,24,24,"",213.632,0,0,0,0,0,0,0,0,0,0,0,0,0,0,0,0,0,0,0,0,213.632,0,0,0
"MtrElec",8,25,1,"",176.324,0,0,0,0,0,0,0,0,0,0,0,0,0,0,0,0,0,0,0,0,176.324,0,0,0
"MtrElec",8,25,2,"",133.475,0,0,0,0,0,0,0,0,0,0,0,0,0,0,0,0,0,0,0,0,133.475,0,0,0
"MtrElec",8,25,3,"",109.949,0,0,0,0,0,0,0,0,0,0,0,0,0,0,0,0,0,0,0,0,109.949,0,0,0
"MtrElec",8,25,4,"",119.896,0,0,0,0,0,0,0,0,0,0,0,0,0,0,0,0,0,0,0,0,119.896,0,0,0
"MtrElec",8,25,5,"",114.157,0,0,0,0,0,0,0,0,0,0,0,0,0,0,0,0,0,0,0,0,114.157,0,0,0
"MtrElec",8,25,6,"",110.592,0,0,0,0,0,0,0,0,0,0,0,0,0,0,0,0,0,0,0,0,110.592,0,0,0
"MtrElec",8,25,7,"",177.325,0,0,0,0,0,0,0,0,0,0,0,0,0,0,0,0,0,0,0,0,184.544,0,0,-7.21818
"MtrElec",8,25,8,"",226.53,0,0,0,0,0,0,0,0,0,0,0,0,0,0,0,0,0,0,0,0,285.155,0,0,-58.6257
"MtrElec",8,25,9,"",118.195,0,0,0,0,0,0,0,0,0,0,0,0,0,0,0,0,0,0,0,0,279.84,0,0,-161.645
"MtrElec",8,25,10,"",62.5105,0,0,0,0,0,0,0,0,0,0,0,0,0,0,0,0,0,0,0,0,320.208,0,0,-257.697
"MtrElec",8,25,11,"",0.000000,0,0,0,0,0,0,0,0,0,0,0,0,0,0,0,0,0,0,0,0,340.147,0,0.0414375,-340.188
"MtrElec",8,25,12,"",0,0,0,0,0,0,0,0,0,0,0,0,0,0,0,0,0,0,0,0,0,290.405,0,107.393,-397.799
"MtrElec",8,25,13,"",0,0,0,0,0,0,0,0,0,0,0,0,0,0,0,0,0,0,0,0,0,333.4,0,91.3079,-424.708
"MtrElec",8,25,14,"",0,0,0,0,0,0,0,0,0,0,0,0,0,0,0,0,0,0,0,0,0,272.541,0,144.635,-417.176
"MtrElec",8,25,15,"",0,0,0,0,0,0,0,0,0,0,0,0,0,0,0,0,0,0,0,0,0,324.511,0,30.8614,-355.372
"MtrElec",8,25,16,"",0.0000002,0,0,0,0,0,0,0,0,0,0,0,0,0,0,0,0,0,0,0,0,307.412,0,3.00413,-310.416
"MtrElec",8,25,17,"",117.576,0,0,0,0,0,0,0,0,0,0,0,0,0,0,0,0,0,0,0,0,359.414,0,0,-241.839
"MtrElec",8,25,18,"",229.844,0,0,0,0,0,0,0,0,0,0,0,0,0,0,0,0,0,0,0,0,366.853,0,0,-137.009
"MtrElec",8,25,19,"",175.235,0,0,0,0,0,0,0,0,0,0,0,0,0,0,0,0,0,0,0,0,370.859,0,-157.698,-37.9255
"MtrElec",8,25,20,"",205.548,0,0,0,0,0,0,0,0,0,0,0,0,0,0,0,0,0,0,0,0,363.246,0,-157.698,0
"MtrElec",8,25,21,"",310.796,0,0,0,0,0,0,0,0,0,0,0,0,0,0,0,0,0,0,0,0,335.862,0,-25.0657,0
"MtrElec",8,25,22,"",267.162,0,0,0,0,0,0,0,0,0,0,0,0,0,0,0,0,0,0,0,0,267.162,0,0,0
"MtrElec",8,25,23,"",281.361,0,0,0,0,0,0,0,0,0,0,0,0,0,0,0,0,0,0,0,0,281.361,0,0,0
"MtrElec",8,25,24,"",199.483,0,0,0,0,0,0,0,0,0,0,0,0,0,0,0,0,0,0,0,0,199.483,0,0,0
"MtrElec",8,26,1,"",172.584,0,0,0,0,0,0,0,0,0,0,0,0,0,0,0,0,0,0,0,0,172.584,0,0,0
"MtrElec",8,26,2,"",127.24,0,0,0,0,0,0,0,0,0,0,0,0,0,0,0,0,0,0,0,0,127.24,0,0,0
"MtrElec",8,26,3,"",108.679,0,0,0,0,0,0,0,0,0,0,0,0,0,0,0,0,0,0,0,0,108.679,0,0,0
"MtrElec",8,26,4,"",119.303,0,0,0,0,0,0,0,0,0,0,0,0,0,0,0,0,0,0,0,0,119.303,0,0,0
"MtrElec",8,26,5,"",116.454,0,0,0,0,0,0,0,0,0,0,0,0,0,0,0,0,0,0,0,0,116.454,0,0,0
"MtrElec",8,26,6,"",118.705,0,0,0,0,0,0,0,0,0,0,0,0,0,0,0,0,0,0,0,0,118.705,0,0,0
"MtrElec",8,26,7,"",162.649,0,0,0,0,0,0,0,0,0,0,0,0,0,0,0,0,0,0,0,0,169.909,0,0,-7.26
"MtrElec",8,26,8,"",187.684,0,0,0,0,0,0,0,0,0,0,0,0,0,0,0,0,0,0,0,0,247.25,0,0,-59.5667
"MtrElec",8,26,9,"",62.6058,0,0,0,0,0,0,0,0,0,0,0,0,0,0,0,0,0,0,0,0,231.329,0,0,-168.723
"MtrElec",8,26,10,"",0,0,0,0,0,0,0,0,0,0,0,0,0,0,0,0,0,0,0,0,0,263.481,0,9.48006,-272.961
"MtrElec",8,26,11,"",0.0000020,0,0,0,0,0,0,0,0,0,0,0,0,0,0,0,0,0,0,0,0,317.769,0,31.9469,-349.716
"MtrElec",8,26,12,"",0,0,0,0,0,0,0,0,0,0,0,0,0,0,0,0,0,0,0,0,0,297.462,0,102.34,-399.802
"MtrElec",8,26,13,"",0,0,0,0,0,0,0,0,0,0,0,0,0,0,0,0,0,0,0,0,0,296.347,0,137.903,-434.249
"MtrElec",8,26,14,"",0.0000156,0,0,0,0,0,0,0,0,0,0,0,0,0,0,0,0,0,0,0,0,290.549,0,145.659,-436.208
"MtrElec",8,26,15,"",0,0,0,0,0,0,0,0,0,0,0,0,0,0,0,0,0,0,0,0,0,311.142,0,93.7083,-404.85
"MtrElec",8,26,16,"",0,0,0,0,0,0,0,0,0,0,0,0,0,0,0,0,0,0,0,0,0,317.89,0,29.1896,-347.08
"MtrElec",8,26,17,"",77.2681,0,0,0,0,0,0,0,0,0,0,0,0,0,0,0,0,0,0,0,0,337.17,0,0,-259.902
"MtrElec",8,26,18,"",221.782,0,0,0,0,0,0,0,0,0,0,0,0,0,0,0,0,0,0,0,0,368.886,0,0,-147.105
"MtrElec",8,26,19,"",176.369,0,0,0,0,0,0,0,0,0,0,0,0,0,0,0,0,0,0,0,0,372.582,0,-157.698,-38.5145
"MtrElec",8,26,20,"",175.69,0,0,0,0,0,0,0,0,0,0,0,0,0,0,0,0,0,0,0,0,333.388,0,-157.698,0
"MtrElec",8,26,21,"",186.723,0,0,0,0,0,0,0,0,0,0,0,0,0,0,0,0,0,0,0,0,344.421,0,-157.698,0
"MtrElec",8,26,22,"",240.498,0,0,0,0,0,0,0,0,0,0,0,0,0,0,0,0,0,0,0,0,263.983,0,-23.4854,0
"MtrElec",8,26,23,"",276.321,0,0,0,0,0,0,0,0,0,0,0,0,0,0,0,0,0,0,0,0,276.321,0,0,0
"MtrElec",8,26,24,"",222.562,0,0,0,0,0,0,0,0,0,0,0,0,0,0,0,0,0,0,0,0,222.562,0,0,0
"MtrElec",8,27,1,"",163.77,0,0,0,0,0,0,0,0,0,0,0,0,0,0,0,0,0,0,0,0,163.77,0,0,0
"MtrElec",8,27,2,"",121.482,0,0,0,0,0,0,0,0,0,0,0,0,0,0,0,0,0,0,0,0,121.482,0,0,0
"MtrElec",8,27,3,"",98.718,0,0,0,0,0,0,0,0,0,0,0,0,0,0,0,0,0,0,0,0,98.718,0,0,0
"MtrElec",8,27,4,"",108.934,0,0,0,0,0,0,0,0,0,0,0,0,0,0,0,0,0,0,0,0,108.934,0,0,0
"MtrElec",8,27,5,"",105.399,0,0,0,0,0,0,0,0,0,0,0,0,0,0,0,0,0,0,0,0,105.399,0,0,0
"MtrElec",8,27,6,"",112.126,0,0,0,0,0,0,0,0,0,0,0,0,0,0,0,0,0,0,0,0,112.126,0,0,0
"MtrElec",8,27,7,"",172.766,0,0,0,0,0,0,0,0,0,0,0,0,0,0,0,0,0,0,0,0,180.223,0,0,-7.4575
"MtrElec",8,27,8,"",194.106,0,0,0,0,0,0,0,0,0,0,0,0,0,0,0,0,0,0,0,0,254.787,0,0,-60.681
"MtrElec",8,27,9,"",61.9766,0,0,0,0,0,0,0,0,0,0,0,0,0,0,0,0,0,0,0,0,239.929,0,0,-177.952
"MtrElec",8,27,10,"",0,0,0,0,0,0,0,0,0,0,0,0,0,0,0,0,0,0,0,0,0,231.725,0,57.6268,-289.351
"MtrElec",8,27,11,"",0.0000078,0,0,0,0,0,0,0,0,0,0,0,0,0,0,0,0,0,0,0,0,254.036,0,116.29,-370.326
"MtrElec",8,27,12,"",0,0,0,0,0,0,0,0,0,0,0,0,0,0,0,0,0,0,0,0,0,272.681,0,149.677,-422.359
"MtrElec",8,27,13,"",0,0,0,0,0,0,0,0,0,0,0,0,0,0,0,0,0,0,0,0,0,285.608,0,157.654,-443.262
"MtrElec",8,27,14,"",-108.132,0,0,0,0,0,0,0,0,0,0,0,0,0,0,0,0,0,0,0,0,222.55,0,107.137,-437.82
"MtrElec",8,27,15,"",-133.181,0,0,0,0,0,0,0,0,0,0,0,0,0,0,0,0,0,0,0,0,274.221,0,0,-407.402
"MtrElec",8,27,16,"",-38.514,0,0,0,0,0,0,0,0,0,0,0,0,0,0,0,0,0,0,0,0,308.905,0,0,-347.419
"MtrElec",8,27,17,"",46.2927,0,0,0,0,0,0,0,0,0,0,0,0,0,0,0,0,0,0,0,0,305.729,0,0,-259.436
"MtrElec",8,27,18,"",203.558,0,0,0,0,0,0,0,0,0,0,0,0,0,0,0,0,0,0,0,0,349.621,0,0,-146.063
"MtrElec",8,27,19,"",181.409,0,0,0,0,0,0,0,0,0,0,0,0,0,0,0,0,0,0,0,0,376.864,0,-157.698,-37.7569
"MtrElec",8,27,20,"",190.999,0,0,0,0,0,0,0,0,0,0,0,0,0,0,0,0,0,0,0,0,348.697,0,-157.698,0
"MtrElec",8,27,21,"",179.172,0,0,0,0,0,0,0,0,0,0,0,0,0,0,0,0,0,0,0,0,336.87,0,-157.698,0
"MtrElec",8,27,22,"",215.175,0,0,0,0,0,0,0,0,0,0,0,0,0,0,0,0,0,0,0,0,273.098,0,-57.9237,0
"MtrElec",8,27,23,"",255.557,0,0,0,0,0,0,0,0,0,0,0,0,0,0,0,0,0,0,0,0,255.557,0,0,0
"MtrElec",8,27,24,"",219.484,0,0,0,0,0,0,0,0,0,0,0,0,0,0,0,0,0,0,0,0,219.484,0,0,0
"MtrElec",8,28,1,"",180.213,0,0,0,0,0,0,0,0,0,0,0,0,0,0,0,0,0,0,0,0,180.213,0,0,0
"MtrElec",8,28,2,"",123.736,0,0,0,0,0,0,0,0,0,0,0,0,0,0,0,0,0,0,0,0,123.736,0,0,0
"MtrElec",8,28,3,"",101.043,0,0,0,0,0,0,0,0,0,0,0,0,0,0,0,0,0,0,0,0,101.043,0,0,0
"MtrElec",8,28,4,"",110.985,0,0,0,0,0,0,0,0,0,0,0,0,0,0,0,0,0,0,0,0,110.985,0,0,0
"MtrElec",8,28,5,"",104.707,0,0,0,0,0,0,0,0,0,0,0,0,0,0,0,0,0,0,0,0,104.707,0,0,0
"MtrElec",8,28,6,"",113.813,0,0,0,0,0,0,0,0,0,0,0,0,0,0,0,0,0,0,0,0,113.813,0,0,0
"MtrElec",8,28,7,"",139.403,0,0,0,0,0,0,0,0,0,0,0,0,0,0,0,0,0,0,0,0,146.32,0,0,-6.91742
"MtrElec",8,28,8,"",178.131,0,0,0,0,0,0,0,0,0,0,0,0,0,0,0,0,0,0,0,0,238.084,0,0,-59.9535
"MtrElec",8,28,9,"",68.3621,0,0,0,0,0,0,0,0,0,0,0,0,0,0,0,0,0,0,0,0,242.288,0,0,-173.926
"MtrElec",8,28,10,"",0,0,0,0,0,0,0,0,0,0,0,0,0,0,0,0,0,0,0,0,0,263.001,0,18.2177,-281.219
"MtrElec",8,28,11,"",0,0,0,0,0,0,0,0,0,0,0,0,0,0,0,0,0,0,0,0,0,312.659,0,48.2283,-360.887
"MtrElec",8,28,12,"",0,0,0,0,0,0,0,0,0,0,0,0,0,0,0,0,0,0,0,0,0,279.071,0,132.584,-411.655
"MtrElec",8,28,13,"",0.0000078,0,0,0,0,0,0,0,0,0,0,0,0,0,0,0,0,0,0,0,0,333.727,0,100.312,-434.039
"MtrElec",8,28,14,"",-25.7083,0,0,0,0,0,0,0,0,0,0,0,0,0,0,0,0,0,0,0,0,247.745,0,157.698,-431.151
"MtrElec",8,28,15,"",0,0,0,0,0,0,0,0,0,0,0,0,0,0,0,0,0,0,0,0,0,273.898,0,124.034,-397.932
"MtrElec",8,28,16,"",-56.8503,0,0,0,0,0,0,0,0,0,0,0,0,0,0,0,0,0,0,0,0,273.712,0,7.31153,-337.874
"MtrElec",8,28,17,"",88.1744,0,0,0,0,0,0,0,0,0,0,0,0,0,0,0,0,0,0,0,0,337.477,0,0,-249.303
"MtrElec",8,28,18,"",235.892,0,0,0,0,0,0,0,0,0,0,0,0,0,0,0,0,0,0,0,0,375.097,0,0,-139.204
"MtrElec",8,28,19,"",174.376,0,0,0,0,0,0,0,0,0,0,0,0,0,0,0,0,0,0,0,0,362.424,0,-157.698,-30.35
"MtrElec",8,28,20,"",177.226,0,0,0,0,0,0,0,0,0,0,0,0,0,0,0,0,0,0,0,0,334.924,0,-157.698,0
"MtrElec",8,28,21,"",171.83,0,0,0,0,0,0,0,0,0,0,0,0,0,0,0,0,0,0,0,0,329.528,0,-157.698,0
"MtrElec",8,28,22,"",199.672,0,0,0,0,0,0,0,0,0,0,0,0,0,0,0,0,0,0,0,0,257.595,0,-57.9237,0
"MtrElec",8,28,23,"",235.717,0,0,0,0,0,0,0,0,0,0,0,0,0,0,0,0,0,0,0,0,235.717,0,0,0
"MtrElec",8,28,24,"",210.924,0,0,0,0,0,0,0,0,0,0,0,0,0,0,0,0,0,0,0,0,210.924,0,0,0
"MtrElec",8,29,1,"",141.368,0,0,0,0,0,0,0,0,0,0,0,0,0,0,0,0,0,0,0,0,141.368,0,0,0
"MtrElec",8,29,2,"",118.624,0,0,0,0,0,0,0,0,0,0,0,0,0,0,0,0,0,0,0,0,118.624,0,0,0
"MtrElec",8,29,3,"",101.288,0,0,0,0,0,0,0,0,0,0,0,0,0,0,0,0,0,0,0,0,101.288,0,0,0
"MtrElec",8,29,4,"",114.153,0,0,0,0,0,0,0,0,0,0,0,0,0,0,0,0,0,0,0,0,114.153,0,0,0
"MtrElec",8,29,5,"",157.835,0,0,0,0,0,0,0,0,0,0,0,0,0,0,0,0,0,0,0,0,157.835,0,0,0
"MtrElec",8,29,6,"",97.623,0,0,0,0,0,0,0,0,0,0,0,0,0,0,0,0,0,0,0,0,97.623,0,0,0
"MtrElec",8,29,7,"",106.345,0,0,0,0,0,0,0,0,0,0,0,0,0,0,0,0,0,0,0,0,110.706,0,0,-4.36048
"MtrElec",8,29,8,"",116.441,0,0,0,0,0,0,0,0,0,0,0,0,0,0,0,0,0,0,0,0,175.974,0,0,-59.5331
"MtrElec",8,29,9,"",88.8777,0,0,0,0,0,0,0,0,0,0,0,0,0,0,0,0,0,0,0,0,257.465,0,0,-168.587
"MtrElec",8,29,10,"",85.1222,0,0,0,0,0,0,0,0,0,0,0,0,0,0,0,0,0,0,0,0,357.138,0,0,-272.016
"MtrElec",8,29,11,"",55.5449,0,0,0,0,0,0,0,0,0,0,0,0,0,0,0,0,0,0,0,0,358.879,0,0,-303.334
"MtrElec",8,29,12,"",57.0774,0,0,0,0,0,0,0,0,0,0,0,0,0,0,0,0,0,0,0,0,395.75,0,0,-338.673
"MtrElec",8,29,13,"",24.914,0,0,0,0,0,0,0,0,0,0,0,0,0,0,0,0,0,0,0,0,409.133,0,0,-384.219
"MtrElec",8,29,14,"",28.9197,0,0,0,0,0,0,0,0,0,0,0,0,0,0,0,0,0,0,0,0,390.803,0,0,-361.883
"MtrElec",8,29,15,"",85.0531,0,0,0,0,0,0,0,0,0,0,0,0,0,0,0,0,0,0,0,0,411.296,0,0,-326.243
"MtrElec",8,29,16,"",90.4231,0,0,0,0,0,0,0,0,0,0,0,0,0,0,0,0,0,0,0,0,370.736,0,0,-280.313
"MtrElec",8,29,17,"",140.829,0,0,0,0,0,0,0,0,0,0,0,0,0,0,0,0,0,0,0,0,363.041,0,0,-222.212
"MtrElec",8,29,18,"",246.607,0,0,0,0,0,0,0,0,0,0,0,0,0,0,0,0,0,0,0,0,366.477,0,0,-119.87
"MtrElec",8,29,19,"",353.114,0,0,0,0,0,0,0,0,0,0,0,0,0,0,0,0,0,0,0,0,382.317,0,0,-29.2028
"MtrElec",8,29,20,"",384.592,0,0,0,0,0,0,0,0,0,0,0,0,0,0,0,0,0,0,0,0,384.592,0,0,0
"MtrElec",8,29,21,"",303.676,0,0,0,0,0,0,0,0,0,0,0,0,0,0,0,0,0,0,0,0,303.676,0,0,0
"MtrElec",8,29,22,"",258.497,0,0,0,0,0,0,0,0,0,0,0,0,0,0,0,0,0,0,0,0,258.497,0,0,0
"MtrElec",8,29,23,"",234.565,0,0,0,0,0,0,0,0,0,0,0,0,0,0,0,0,0,0,0,0,234.565,0,0,0
"MtrElec",8,29,24,"",249.453,0,0,0,0,0,0,0,0,0,0,0,0,0,0,0,0,0,0,0,0,249.453,0,0,0
"MtrElec",8,30,1,"",164.142,0,0,0,0,0,0,0,0,0,0,0,0,0,0,0,0,0,0,0,0,164.142,0,0,0
"MtrElec",8,30,2,"",131.409,0,0,0,0,0,0,0,0,0,0,0,0,0,0,0,0,0,0,0,0,131.409,0,0,0
"MtrElec",8,30,3,"",118.749,0,0,0,0,0,0,0,0,0,0,0,0,0,0,0,0,0,0,0,0,118.749,0,0,0
"MtrElec",8,30,4,"",116.016,0,0,0,0,0,0,0,0,0,0,0,0,0,0,0,0,0,0,0,0,116.016,0,0,0
"MtrElec",8,30,5,"",132.372,0,0,0,0,0,0,0,0,0,0,0,0,0,0,0,0,0,0,0,0,132.372,0,0,0
"MtrElec",8,30,6,"",118.934,0,0,0,0,0,0,0,0,0,0,0,0,0,0,0,0,0,0,0,0,118.934,0,0,0
"MtrElec",8,30,7,"",163.231,0,0,0,0,0,0,0,0,0,0,0,0,0,0,0,0,0,0,0,0,163.231,0,0,0
"MtrElec",8,30,8,"",204.179,0,0,0,0,0,0,0,0,0,0,0,0,0,0,0,0,0,0,0,0,207.167,0,0,-2.9873
"MtrElec",8,30,9,"",187.614,0,0,0,0,0,0,0,0,0,0,0,0,0,0,0,0,0,0,0,0,236.844,0,0,-49.2303
"MtrElec",8,30,10,"",106.011,0,0,0,0,0,0,0,0,0,0,0,0,0,0,0,0,0,0,0,0,280.584,0,0,-174.573
"MtrElec",8,30,11,"",43.3539,0,0,0,0,0,0,0,0,0,0,0,0,0,0,0,0,0,0,0,0,335.467,0,0,-292.113
"MtrElec",8,30,12,"",0.0000001,0,0,0,0,0,0,0,0,0,0,0,0,0,0,0,0,0,0,0,0,377.461,0,1.60488,-379.066
"MtrElec",8,30,13,"",0,0,0,0,0,0,0,0,0,0,0,0,0,0,0,0,0,0,0,0,0,336.842,0,71.7074,-408.55
"MtrElec",8,30,14,"",0,0,0,0,0,0,0,0,0,0,0,0,0,0,0,0,0,0,0,0,0,345.817,0,62.0178,-407.835
"MtrElec",8,30,15,"",0,0,0,0,0,0,0,0,0,0,0,0,0,0,0,0,0,0,0,0,0,361.898,0,11.3015,-373.2
"MtrElec",8,30,16,"",23.5948,0,0,0,0,0,0,0,0,0,0,0,0,0,0,0,0,0,0,0,0,331.584,0,0,-307.989
"MtrElec",8,30,17,"",110.173,0,0,0,0,0,0,0,0,0,0,0,0,0,0,0,0,0,0,0,0,340.92,0,0,-230.748
"MtrElec",8,30,18,"",248.713,0,0,0,0,0,0,0,0,0,0,0,0,0,0,0,0,0,0,0,0,375.042,0,0,-126.329
"MtrElec",8,30,19,"",228.197,0,0,0,0,0,0,0,0,0,0,0,0,0,0,0,0,0,0,0,0,393.092,0,-132.335,-32.5601
"MtrElec",8,30,20,"",375.499,0,0,0,0,0,0,0,0,0,0,0,0,0,0,0,0,0,0,0,0,375.499,0,0,0
"MtrElec",8,30,21,"",351.819,0,0,0,0,0,0,0,0,0,0,0,0,0,0,0,0,0,0,0,0,351.819,0,0,0
"MtrElec",8,30,22,"",354.709,0,0,0,0,0,0,0,0,0,0,0,0,0,0,0,0,0,0,0,0,354.709,0,0,0
"MtrElec",8,30,23,"",212.318,0,0,0,0,0,0,0,0,0,0,0,0,0,0,0,0,0,0,0,0,212.318,0,0,0
"MtrElec",8,30,24,"",207.155,0,0,0,0,0,0,0,0,0,0,0,0,0,0,0,0,0,0,0,0,207.155,0,0,0
"MtrElec",8,31,1,"",146.593,0,0,0,0,0,0,0,0,0,0,0,0,0,0,0,0,0,0,0,0,146.593,0,0,0
"MtrElec",8,31,2,"",128.743,0,0,0,0,0,0,0,0,0,0,0,0,0,0,0,0,0,0,0,0,128.743,0,0,0
"MtrElec",8,31,3,"",120.576,0,0,0,0,0,0,0,0,0,0,0,0,0,0,0,0,0,0,0,0,120.576,0,0,0
"MtrElec",8,31,4,"",108.434,0,0,0,0,0,0,0,0,0,0,0,0,0,0,0,0,0,0,0,0,108.434,0,0,0
"MtrElec",8,31,5,"",101.272,0,0,0,0,0,0,0,0,0,0,0,0,0,0,0,0,0,0,0,0,101.272,0,0,0
"MtrElec",8,31,6,"",149.985,0,0,0,0,0,0,0,0,0,0,0,0,0,0,0,0,0,0,0,0,149.985,0,0,0
"MtrElec",8,31,7,"",148.929,0,0,0,0,0,0,0,0,0,0,0,0,0,0,0,0,0,0,0,0,152.776,0,0,-3.84696
"MtrElec",8,31,8,"",150.567,0,0,0,0,0,0,0,0,0,0,0,0,0,0,0,0,0,0,0,0,209.264,0,0,-58.6972
"MtrElec",8,31,9,"",90.8373,0,0,0,0,0,0,0,0,0,0,0,0,0,0,0,0,0,0,0,0,253.748,0,0,-162.91
"MtrElec",8,31,10,"",6.89519,0,0,0,0,0,0,0,0,0,0,0,0,0,0,0,0,0,0,0,0,271.307,0,0,-264.412
"MtrElec",8,31,11,"",0,0,0,0,0,0,0,0,0,0,0,0,0,0,0,0,0,0,0,0,0,286.365,0,61.5336,-347.899
"MtrElec",8,31,12,"",0,0,0,0,0,0,0,0,0,0,0,0,0,0,0,0,0,0,0,0,0,271.688,0,131.723,-403.411
"MtrElec",8,31,13,"",0.0000078,0,0,0,0,0,0,0,0,0,0,0,0,0,0,0,0,0,0,0,0,302.697,0,125.073,-427.77
"MtrElec",8,31,14,"",0,0,0,0,0,0,0,0,0,0,0,0,0,0,0,0,0,0,0,0,0,271.641,0,157.411,-429.052
"MtrElec",8,31,15,"",-29.3709,0,0,0,0,0,0,0,0,0,0,0,0,0,0,0,0,0,0,0,0,259.051,0,112.644,-401.065
"MtrElec",8,31,16,"",-69.2118,0,0,0,0,0,0,0,0,0,0,0,0,0,0,0,0,0,0,0,0,268.552,0,0,-337.764
"MtrElec",8,31,17,"",85.8096,0,0,0,0,0,0,0,0,0,0,0,0,0,0,0,0,0,0,0,0,331.31,0,0,-245.5
"MtrElec",8,31,18,"",205.469,0,0,0,0,0,0,0,0,0,0,0,0,0,0,0,0,0,0,0,0,340.628,0,0,-135.159
"MtrElec",8,31,19,"",144.809,0,0,0,0,0,0,0,0,0,0,0,0,0,0,0,0,0,0,0,0,335.179,0,-157.698,-32.6723
"MtrElec",8,31,20,"",153.439,0,0,0,0,0,0,0,0,0,0,0,0,0,0,0,0,0,0,0,0,311.137,0,-157.698,0
"MtrElec",8,31,21,"",145.98,0,0,0,0,0,0,0,0,0,0,0,0,0,0,0,0,0,0,0,0,303.678,0,-157.698,0
"MtrElec",8,31,22,"",166.224,0,0,0,0,0,0,0,0,0,0,0,0,0,0,0,0,0,0,0,0,224.147,0,-57.9237,0
"MtrElec",8,31,23,"",237.724,0,0,0,0,0,0,0,0,0,0,0,0,0,0,0,0,0,0,0,0,237.724,0,0,0
"MtrElec",8,31,24,"",172.644,0,0,0,0,0,0,0,0,0,0,0,0,0,0,0,0,0,0,0,0,172.644,0,0,0
"MtrElec",9,1,1,"",150.844,0,0,0,0,0,0,0,0,0,0,0,0,0,0,0,0,0,0,0,0,150.844,0,0,0
"MtrElec",9,1,2,"",125.28,0,0,0,0,0,0,0,0,0,0,0,0,0,0,0,0,0,0,0,0,125.28,0,0,0
"MtrElec",9,1,3,"",110.824,0,0,0,0,0,0,0,0,0,0,0,0,0,0,0,0,0,0,0,0,110.824,0,0,0
"MtrElec",9,1,4,"",96.6956,0,0,0,0,0,0,0,0,0,0,0,0,0,0,0,0,0,0,0,0,96.6956,0,0,0
"MtrElec",9,1,5,"",103.565,0,0,0,0,0,0,0,0,0,0,0,0,0,0,0,0,0,0,0,0,103.565,0,0,0
"MtrElec",9,1,6,"",115.593,0,0,0,0,0,0,0,0,0,0,0,0,0,0,0,0,0,0,0,0,115.593,0,0,0
"MtrElec",9,1,7,"",165.28,0,0,0,0,0,0,0,0,0,0,0,0,0,0,0,0,0,0,0,0,169.812,0,0,-4.53114
"MtrElec",9,1,8,"",141.181,0,0,0,0,0,0,0,0,0,0,0,0,0,0,0,0,0,0,0,0,200.417,0,0,-59.2358
"MtrElec",9,1,9,"",53.8086,0,0,0,0,0,0,0,0,0,0,0,0,0,0,0,0,0,0,0,0,227.746,0,0,-173.937
"MtrElec",9,1,10,"",39.986,0,0,0,0,0,0,0,0,0,0,0,0,0,0,0,0,0,0,0,0,320.268,0,0,-280.282
"MtrElec",9,1,11,"",0,0,0,0,0,0,0,0,0,0,0,0,0,0,0,0,0,0,0,0,0,313.336,0,47.7013,-361.037
"MtrElec",9,1,12,"",0,0,0,0,0,0,0,0,0,0,0,0,0,0,0,0,0,0,0,0,0,324.797,0,88.8937,-413.691
"MtrElec",9,1,13,"",0,0,0,0,0,0,0,0,0,0,0,0,0,0,0,0,0,0,0,0,0,390.407,0,47.6916,-438.098
"MtrElec",9,1,14,"",0.0000078,0,0,0,0,0,0,0,0,0,0,0,0,0,0,0,0,0,0,0,0,333.786,0,100.525,-434.311
"MtrElec",9,1,15,"",0,0,0,0,0,0,0,0,0,0,0,0,0,0,0,0,0,0,0,0,0,314.939,0,88.971,-403.91
"MtrElec",9,1,16,"",0,0,0,0,0,0,0,0,0,0,0,0,0,0,0,0,0,0,0,0,0,323.347,0,16.1455,-339.492
"MtrElec",9,1,17,"",120.992,0,0,0,0,0,0,0,0,0,0,0,0,0,0,0,0,0,0,0,0,368.743,0,0,-247.751
"MtrElec",9,1,18,"",247.613,0,0,0,0,0,0,0,0,0,0,0,0,0,0,0,0,0,0,0,0,384.412,0,0,-136.798
"MtrElec",9,1,19,"",207.117,0,0,0,0,0,0,0,0,0,0,0,0,0,0,0,0,0,0,0,0,397.125,0,-157.698,-32.3106
"MtrElec",9,1,20,"",217.637,0,0,0,0,0,0,0,0,0,0,0,0,0,0,0,0,0,0,0,0,375.335,0,-157.698,0
"MtrElec",9,1,21,"",290.051,0,0,0,0,0,0,0,0,0,0,0,0,0,0,0,0,0,0,0,0,326.566,0,-36.5144,0
"MtrElec",9,1,22,"",300.149,0,0,0,0,0,0,0,0,0,0,0,0,0,0,0,0,0,0,0,0,300.149,0,0,0
"MtrElec",9,1,23,"",263.496,0,0,0,0,0,0,0,0,0,0,0,0,0,0,0,0,0,0,0,0,263.496,0,0,0
"MtrElec",9,1,24,"",190.215,0,0,0,0,0,0,0,0,0,0,0,0,0,0,0,0,0,0,0,0,190.215,0,0,0
"MtrElec",9,2,1,"",135.032,0,0,0,0,0,0,0,0,0,0,0,0,0,0,0,0,0,0,0,0,135.032,0,0,0
"MtrElec",9,2,2,"",123.864,0,0,0,0,0,0,0,0,0,0,0,0,0,0,0,0,0,0,0,0,123.864,0,0,0
"MtrElec",9,2,3,"",142.002,0,0,0,0,0,0,0,0,0,0,0,0,0,0,0,0,0,0,0,0,142.002,0,0,0
"MtrElec",9,2,4,"",94.4361,0,0,0,0,0,0,0,0,0,0,0,0,0,0,0,0,0,0,0,0,94.4361,0,0,0
"MtrElec",9,2,5,"",105.186,0,0,0,0,0,0,0,0,0,0,0,0,0,0,0,0,0,0,0,0,105.186,0,0,0
"MtrElec",9,2,6,"",115.88,0,0,0,0,0,0,0,0,0,0,0,0,0,0,0,0,0,0,0,0,115.88,0,0,0
"MtrElec",9,2,7,"",161.623,0,0,0,0,0,0,0,0,0,0,0,0,0,0,0,0,0,0,0,0,166.124,0,0,-4.50105
"MtrElec",9,2,8,"",152.53,0,0,0,0,0,0,0,0,0,0,0,0,0,0,0,0,0,0,0,0,211.75,0,0,-59.2198
"MtrElec",9,2,9,"",93.3765,0,0,0,0,0,0,0,0,0,0,0,0,0,0,0,0,0,0,0,0,266.618,0,0,-173.242
"MtrElec",9,2,10,"",70.812,0,0,0,0,0,0,0,0,0,0,0,0,0,0,0,0,0,0,0,0,349.062,0,0,-278.25
"MtrElec",9,2,11,"",23.6792,0,0,0,0,0,0,0,0,0,0,0,0,0,0,0,0,0,0,0,0,380.471,0,0,-356.792
"MtrElec",9,2,12,"",0.0000078,0,0,0,0,0,0,0,0,0,0,0,0,0,0,0,0,0,0,0,0,299.977,0,109.609,-409.586
"MtrElec",9,2,13,"",0.0000078,0,0,0,0,0,0,0,0,0,0,0,0,0,0,0,0,0,0,0,0,322.889,0,111.366,-434.255
"MtrElec",9,2,14,"",0,0,0,0,0,0,0,0,0,0,0,0,0,0,0,0,0,0,0,0,0,300.353,0,128.072,-428.425
"MtrElec",9,2,15,"",0,0,0,0,0,0,0,0,0,0,0,0,0,0,0,0,0,0,0,0,0,327.257,0,67.049,-394.306
"MtrElec",9,2,16,"",0.0000001,0,0,0,0,0,0,0,0,0,0,0,0,0,0,0,0,0,0,0,0,331.114,0,0.867531,-331.982
"MtrElec",9,2,17,"",123.345,0,0,0,0,0,0,0,0,0,0,0,0,0,0,0,0,0,0,0,0,367.992,0,0,-244.647
"MtrElec",9,2,18,"",249.595,0,0,0,0,0,0,0,0,0,0,0,0,0,0,0,0,0,0,0,0,384.923,0,0,-135.329
"MtrElec",9,2,19,"",233.127,0,0,0,0,0,0,0,0,0,0,0,0,0,0,0,0,0,0,0,0,421.983,0,-157.698,-31.1582
"MtrElec",9,2,20,"",240.912,0,0,0,0,0,0,0,0,0,0,0,0,0,0,0,0,0,0,0,0,398.61,0,-157.698,0
"MtrElec",9,2,21,"",276.892,0,0,0,0,0,0,0,0,0,0,0,0,0,0,0,0,0,0,0,0,337.806,0,-60.9134,0
"MtrElec",9,2,22,"",292.892,0,0,0,0,0,0,0,0,0,0,0,0,0,0,0,0,0,0,0,0,292.892,0,0,0
"MtrElec",9,2,23,"",255.947,0,0,0,0,0,0,0,0,0,0,0,0,0,0,0,0,0,0,0,0,255.947,0,0,0
"MtrElec",9,2,24,"",221.853,0,0,0,0,0,0,0,0,0,0,0,0,0,0,0,0,0,0,0,0,221.853,0,0,0
"MtrElec",9,3,1,"",157.061,0,0,0,0,0,0,0,0,0,0,0,0,0,0,0,0,0,0,0,0,157.061,0,0,0
"MtrElec",9,3,2,"",127.263,0,0,0,0,0,0,0,0,0,0,0,0,0,0,0,0,0,0,0,0,127.263,0,0,0
"MtrElec",9,3,3,"",108.458,0,0,0,0,0,0,0,0,0,0,0,0,0,0,0,0,0,0,0,0,108.458,0,0,0
"MtrElec",9,3,4,"",115.315,0,0,0,0,0,0,0,0,0,0,0,0,0,0,0,0,0,0,0,0,115.315,0,0,0
"MtrElec",9,3,5,"",139.367,0,0,0,0,0,0,0,0,0,0,0,0,0,0,0,0,0,0,0,0,139.367,0,0,0
"MtrElec",9,3,6,"",110.416,0,0,0,0,0,0,0,0,0,0,0,0,0,0,0,0,0,0,0,0,110.416,0,0,0
"MtrElec",9,3,7,"",176.944,0,0,0,0,0,0,0,0,0,0,0,0,0,0,0,0,0,0,0,0,180.885,0,0,-3.94058
"MtrElec",9,3,8,"",170.689,0,0,0,0,0,0,0,0,0,0,0,0,0,0,0,0,0,0,0,0,228.07,0,0,-57.3812
"MtrElec",9,3,9,"",149.612,0,0,0,0,0,0,0,0,0,0,0,0,0,0,0,0,0,0,0,0,317.589,0,0,-167.977
"MtrElec",9,3,10,"",83.4105,0,0,0,0,0,0,0,0,0,0,0,0,0,0,0,0,0,0,0,0,353.931,0,0,-270.521
"MtrElec",9,3,11,"",41.6731,0,0,0,0,0,0,0,0,0,0,0,0,0,0,0,0,0,0,0,0,385.944,0,0,-344.271
"MtrElec",9,3,12,"",0,0,0,0,0,0,0,0,0,0,0,0,0,0,0,0,0,0,0,0,0,354.238,0,39.1429,-393.381
"MtrElec",9,3,13,"",0,0,0,0,0,0,0,0,0,0,0,0,0,0,0,0,0,0,0,0,0,382.709,0,37.5692,-420.278
"MtrElec",9,3,14,"",0.0000078,0,0,0,0,0,0,0,0,0,0,0,0,0,0,0,0,0,0,0,0,326.839,0,90.4264,-417.266
"MtrElec",9,3,15,"",0.0000039,0,0,0,0,0,0,0,0,0,0,0,0,0,0,0,0,0,0,0,0,333.486,0,52.1583,-385.644
"MtrElec",9,3,16,"",0,0,0,0,0,0,0,0,0,0,0,0,0,0,0,0,0,0,0,0,0,317.43,0,2.7975,-320.228
"MtrElec",9,3,17,"",141.533,0,0,0,0,0,0,0,0,0,0,0,0,0,0,0,0,0,0,0,0,370.517,0,0,-228.984
"MtrElec",9,3,18,"",264.835,0,0,0,0,0,0,0,0,0,0,0,0,0,0,0,0,0,0,0,0,386.763,0,0,-121.928
"MtrElec",9,3,19,"",205.631,0,0,0,0,0,0,0,0,0,0,0,0,0,0,0,0,0,0,0,0,391.983,0,-157.698,-28.6541
"MtrElec",9,3,20,"",367.977,0,0,0,0,0,0,0,0,0,0,0,0,0,0,0,0,0,0,0,0,410.719,0,-42.742,0
"MtrElec",9,3,21,"",375.857,0,0,0,0,0,0,0,0,0,0,0,0,0,0,0,0,0,0,0,0,375.857,0,0,0
"MtrElec",9,3,22,"",292.118,0,0,0,0,0,0,0,0,0,0,0,0,0,0,0,0,0,0,0,0,292.118,0,0,0
"MtrElec",9,3,23,"",258.27,0,0,0,0,0,0,0,0,0,0,0,0,0,0,0,0,0,0,0,0,258.27,0,0,0
"MtrElec",9,3,24,"",201.205,0,0,0,0,0,0,0,0,0,0,0,0,0,0,0,0,0,0,0,0,201.205,0,0,0
"MtrElec",9,4,1,"",160.101,0,0,0,0,0,0,0,0,0,0,0,0,0,0,0,0,0,0,0,0,160.101,0,0,0
"MtrElec",9,4,2,"",133.702,0,0,0,0,0,0,0,0,0,0,0,0,0,0,0,0,0,0,0,0,133.702,0,0,0
"MtrElec",9,4,3,"",140.325,0,0,0,0,0,0,0,0,0,0,0,0,0,0,0,0,0,0,0,0,140.325,0,0,0
"MtrElec",9,4,4,"",124.654,0,0,0,0,0,0,0,0,0,0,0,0,0,0,0,0,0,0,0,0,124.654,0,0,0
"MtrElec",9,4,5,"",111.656,0,0,0,0,0,0,0,0,0,0,0,0,0,0,0,0,0,0,0,0,111.656,0,0,0
"MtrElec",9,4,6,"",110.798,0,0,0,0,0,0,0,0,0,0,0,0,0,0,0,0,0,0,0,0,110.798,0,0,0
"MtrElec",9,4,7,"",178.119,0,0,0,0,0,0,0,0,0,0,0,0,0,0,0,0,0,0,0,0,181.509,0,0,-3.39039
"MtrElec",9,4,8,"",180.93,0,0,0,0,0,0,0,0,0,0,0,0,0,0,0,0,0,0,0,0,238.45,0,0,-57.5198
"MtrElec",9,4,9,"",131.619,0,0,0,0,0,0,0,0,0,0,0,0,0,0,0,0,0,0,0,0,300.475,0,0,-168.856
"MtrElec",9,4,10,"",81.7474,0,0,0,0,0,0,0,0,0,0,0,0,0,0,0,0,0,0,0,0,353.447,0,0,-271.699
"MtrElec",9,4,11,"",31.5612,0,0,0,0,0,0,0,0,0,0,0,0,0,0,0,0,0,0,0,0,371.811,0,0,-340.249
"MtrElec",9,4,12,"",0,0,0,0,0,0,0,0,0,0,0,0,0,0,0,0,0,0,0,0,0,361.584,0,28.1427,-389.727
"MtrElec",9,4,13,"",0.0000020,0,0,0,0,0,0,0,0,0,0,0,0,0,0,0,0,0,0,0,0,392.949,0,26.124,-419.073
"MtrElec",9,4,14,"",0,0,0,0,0,0,0,0,0,0,0,0,0,0,0,0,0,0,0,0,0,342.251,0,73.349,-415.6
"MtrElec",9,4,15,"",0.0000039,0,0,0,0,0,0,0,0,0,0,0,0,0,0,0,0,0,0,0,0,323.875,0,58.8541,-382.729
"MtrElec",9,4,16,"",19.6014,0,0,0,0,0,0,0,0,0,0,0,0,0,0,0,0,0,0,0,0,337.762,0,0,-318.16
"MtrElec",9,4,17,"",145.639,0,0,0,0,0,0,0,0,0,0,0,0,0,0,0,0,0,0,0,0,375.172,0,0,-229.532
"MtrElec",9,4,18,"",270.795,0,0,0,0,0,0,0,0,0,0,0,0,0,0,0,0,0,0,0,0,394.382,0,0,-123.587
"MtrElec",9,4,19,"",208.733,0,0,0,0,0,0,0,0,0,0,0,0,0,0,0,0,0,0,0,0,394.099,0,-157.698,-27.6674
"MtrElec",9,4,20,"",352.051,0,0,0,0,0,0,0,0,0,0,0,0,0,0,0,0,0,0,0,0,362.642,0,-10.5911,0
"MtrElec",9,4,21,"",357.091,0,0,0,0,0,0,0,0,0,0,0,0,0,0,0,0,0,0,0,0,357.091,0,0,0
"MtrElec",9,4,22,"",280.21,0,0,0,0,0,0,0,0,0,0,0,0,0,0,0,0,0,0,0,0,280.21,0,0,0
"MtrElec",9,4,23,"",234.02,0,0,0,0,0,0,0,0,0,0,0,0,0,0,0,0,0,0,0,0,234.02,0,0,0
"MtrElec",9,4,24,"",234.48,0,0,0,0,0,0,0,0,0,0,0,0,0,0,0,0,0,0,0,0,234.48,0,0,0
"MtrElec",9,5,1,"",153.615,0,0,0,0,0,0,0,0,0,0,0,0,0,0,0,0,0,0,0,0,153.615,0,0,0
"MtrElec",9,5,2,"",127.005,0,0,0,0,0,0,0,0,0,0,0,0,0,0,0,0,0,0,0,0,127.005,0,0,0
"MtrElec",9,5,3,"",107.792,0,0,0,0,0,0,0,0,0,0,0,0,0,0,0,0,0,0,0,0,107.792,0,0,0
"MtrElec",9,5,4,"",121.682,0,0,0,0,0,0,0,0,0,0,0,0,0,0,0,0,0,0,0,0,121.682,0,0,0
"MtrElec",9,5,5,"",151.183,0,0,0,0,0,0,0,0,0,0,0,0,0,0,0,0,0,0,0,0,151.183,0,0,0
"MtrElec",9,5,6,"",109.62,0,0,0,0,0,0,0,0,0,0,0,0,0,0,0,0,0,0,0,0,109.62,0,0,0
"MtrElec",9,5,7,"",139.888,0,0,0,0,0,0,0,0,0,0,0,0,0,0,0,0,0,0,0,0,143.317,0,0,-3.4291
"MtrElec",9,5,8,"",171.411,0,0,0,0,0,0,0,0,0,0,0,0,0,0,0,0,0,0,0,0,226.947,0,0,-55.5356
"MtrElec",9,5,9,"",115.975,0,0,0,0,0,0,0,0,0,0,0,0,0,0,0,0,0,0,0,0,280.791,0,0,-164.816
"MtrElec",9,5,10,"",75.2903,0,0,0,0,0,0,0,0,0,0,0,0,0,0,0,0,0,0,0,0,338.944,0,0,-263.654
"MtrElec",9,5,11,"",67.3232,0,0,0,0,0,0,0,0,0,0,0,0,0,0,0,0,0,0,0,0,399.186,0,0,-331.863
"MtrElec",9,5,12,"",18.2359,0,0,0,0,0,0,0,0,0,0,0,0,0,0,0,0,0,0,0,0,408.836,0,0,-390.6
"MtrElec",9,5,13,"",0.0000039,0,0,0,0,0,0,0,0,0,0,0,0,0,0,0,0,0,0,0,0,356.852,0,63.4423,-420.294
"MtrElec",9,5,14,"",0,0,0,0,0,0,0,0,0,0,0,0,0,0,0,0,0,0,0,0,0,373.926,0,43.8517,-417.778
"MtrElec",9,5,15,"",8.237,0,0,0,0,0,0,0,0,0,0,0,0,0,0,0,0,0,0,0,0,395.208,0,0,-386.971
"MtrElec",9,5,16,"",50.874,0,0,0,0,0,0,0,0,0,0,0,0,0,0,0,0,0,0,0,0,374.404,0,0,-323.53
"MtrElec",9,5,17,"",140.452,0,0,0,0,0,0,0,0,0,0,0,0,0,0,0,0,0,0,0,0,376.137,0,0,-235.685
"MtrElec",9,5,18,"",281.191,0,0,0,0,0,0,0,0,0,0,0,0,0,0,0,0,0,0,0,0,407.604,0,0,-126.413
"MtrElec",9,5,19,"",307.826,0,0,0,0,0,0,0,0,0,0,0,0,0,0,0,0,0,0,0,0,431.226,0,-96.8328,-26.5672
"MtrElec",9,5,20,"",382.497,0,0,0,0,0,0,0,0,0,0,0,0,0,0,0,0,0,0,0,0,382.497,0,0,0
"MtrElec",9,5,21,"",311.048,0,0,0,0,0,0,0,0,0,0,0,0,0,0,0,0,0,0,0,0,311.048,0,0,0
"MtrElec",9,5,22,"",320.353,0,0,0,0,0,0,0,0,0,0,0,0,0,0,0,0,0,0,0,0,320.353,0,0,0
"MtrElec",9,5,23,"",250.07,0,0,0,0,0,0,0,0,0,0,0,0,0,0,0,0,0,0,0,0,250.07,0,0,0
"MtrElec",9,5,24,"",224.909,0,0,0,0,0,0,0,0,0,0,0,0,0,0,0,0,0,0,0,0,224.909,0,0,0
"MtrElec",9,6,1,"",152.435,0,0,0,0,0,0,0,0,0,0,0,0,0,0,0,0,0,0,0,0,152.435,0,0,0
"MtrElec",9,6,2,"",129.272,0,0,0,0,0,0,0,0,0,0,0,0,0,0,0,0,0,0,0,0,129.272,0,0,0
"MtrElec",9,6,3,"",156.11,0,0,0,0,0,0,0,0,0,0,0,0,0,0,0,0,0,0,0,0,156.11,0,0,0
"MtrElec",9,6,4,"",117.862,0,0,0,0,0,0,0,0,0,0,0,0,0,0,0,0,0,0,0,0,117.862,0,0,0
"MtrElec",9,6,5,"",124.096,0,0,0,0,0,0,0,0,0,0,0,0,0,0,0,0,0,0,0,0,124.096,0,0,0
"MtrElec",9,6,6,"",121.009,0,0,0,0,0,0,0,0,0,0,0,0,0,0,0,0,0,0,0,0,121.009,0,0,0
"MtrElec",9,6,7,"",121.031,0,0,0,0,0,0,0,0,0,0,0,0,0,0,0,0,0,0,0,0,124.558,0,0,-3.52758
"MtrElec",9,6,8,"",155.236,0,0,0,0,0,0,0,0,0,0,0,0,0,0,0,0,0,0,0,0,211.592,0,0,-56.3555
"MtrElec",9,6,9,"",80.3845,0,0,0,0,0,0,0,0,0,0,0,0,0,0,0,0,0,0,0,0,250.134,0,0,-169.749
"MtrElec",9,6,10,"",45.496,0,0,0,0,0,0,0,0,0,0,0,0,0,0,0,0,0,0,0,0,318.157,0,0,-272.661
"MtrElec",9,6,11,"",0.0000010,0,0,0,0,0,0,0,0,0,0,0,0,0,0,0,0,0,0,0,0,338.801,0,14.2569,-353.058
"MtrElec",9,6,12,"",0,0,0,0,0,0,0,0,0,0,0,0,0,0,0,0,0,0,0,0,0,373.776,0,30.3756,-404.152
"MtrElec",9,6,13,"",0,0,0,0,0,0,0,0,0,0,0,0,0,0,0,0,0,0,0,0,0,410.542,0,16.5486,-427.09
"MtrElec",9,6,14,"",0.0000039,0,0,0,0,0,0,0,0,0,0,0,0,0,0,0,0,0,0,0,0,357.776,0,63.4538,-421.23
"MtrElec",9,6,15,"",0.0000010,0,0,0,0,0,0,0,0,0,0,0,0,0,0,0,0,0,0,0,0,376.175,0,12.4647,-388.639
"MtrElec",9,6,16,"",15.747,0,0,0,0,0,0,0,0,0,0,0,0,0,0,0,0,0,0,0,0,338.199,0,0,-322.452
"MtrElec",9,6,17,"",123.762,0,0,0,0,0,0,0,0,0,0,0,0,0,0,0,0,0,0,0,0,338.472,0,0,-214.71
"MtrElec",9,6,18,"",269.134,0,0,0,0,0,0,0,0,0,0,0,0,0,0,0,0,0,0,0,0,372.766,0,0,-103.633
"MtrElec",9,6,19,"",248.53,0,0,0,0,0,0,0,0,0,0,0,0,0,0,0,0,0,0,0,0,397.429,0,-123.732,-25.1667
"MtrElec",9,6,20,"",355.521,0,0,0,0,0,0,0,0,0,0,0,0,0,0,0,0,0,0,0,0,355.521,0,0,0
"MtrElec",9,6,21,"",332.084,0,0,0,0,0,0,0,0,0,0,0,0,0,0,0,0,0,0,0,0,332.084,0,0,0
"MtrElec",9,6,22,"",318.925,0,0,0,0,0,0,0,0,0,0,0,0,0,0,0,0,0,0,0,0,318.925,0,0,0
"MtrElec",9,6,23,"",233.746,0,0,0,0,0,0,0,0,0,0,0,0,0,0,0,0,0,0,0,0,233.746,0,0,0
"MtrElec",9,6,24,"",185.131,0,0,0,0,0,0,0,0,0,0,0,0,0,0,0,0,0,0,0,0,185.131,0,0,0
"MtrElec",9,7,1,"",181.933,0,0,0,0,0,0,0,0,0,0,0,0,0,0,0,0,0,0,0,0,181.933,0,0,0
"MtrElec",9,7,2,"",123.141,0,0,0,0,0,0,0,0,0,0,0,0,0,0,0,0,0,0,0,0,123.141,0,0,0
"MtrElec",9,7,3,"",110.616,0,0,0,0,0,0,0,0,0,0,0,0,0,0,0,0,0,0,0,0,110.616,0,0,0
"MtrElec",9,7,4,"",114.609,0,0,0,0,0,0,0,0,0,0,0,0,0,0,0,0,0,0,0,0,114.609,0,0,0
"MtrElec",9,7,5,"",106.96,0,0,0,0,0,0,0,0,0,0,0,0,0,0,0,0,0,0,0,0,106.96,0,0,0
"MtrElec",9,7,6,"",152.572,0,0,0,0,0,0,0,0,0,0,0,0,0,0,0,0,0,0,0,0,152.572,0,0,0
"MtrElec",9,7,7,"",124.925,0,0,0,0,0,0,0,0,0,0,0,0,0,0,0,0,0,0,0,0,127.99,0,0,-3.0655
"MtrElec",9,7,8,"",155.339,0,0,0,0,0,0,0,0,0,0,0,0,0,0,0,0,0,0,0,0,213.234,0,0,-57.8944
"MtrElec",9,7,9,"",139.233,0,0,0,0,0,0,0,0,0,0,0,0,0,0,0,0,0,0,0,0,311.065,0,0,-171.831
"MtrElec",9,7,10,"",106.932,0,0,0,0,0,0,0,0,0,0,0,0,0,0,0,0,0,0,0,0,382.368,0,0,-275.435
"MtrElec",9,7,11,"",0,0,0,0,0,0,0,0,0,0,0,0,0,0,0,0,0,0,0,0,0,319.561,0,37.6256,-357.187
"MtrElec",9,7,12,"",0,0,0,0,0,0,0,0,0,0,0,0,0,0,0,0,0,0,0,0,0,363.915,0,45.9842,-409.899
"MtrElec",9,7,13,"",0,0,0,0,0,0,0,0,0,0,0,0,0,0,0,0,0,0,0,0,0,365.154,0,72.7303,-437.884
"MtrElec",9,7,14,"",0,0,0,0,0,0,0,0,0,0,0,0,0,0,0,0,0,0,0,0,0,390.728,0,43.3566,-434.084
"MtrElec",9,7,15,"",0,0,0,0,0,0,0,0,0,0,0,0,0,0,0,0,0,0,0,0,0,316.009,0,86.2663,-402.275
"MtrElec",9,7,16,"",0,0,0,0,0,0,0,0,0,0,0,0,0,0,0,0,0,0,0,0,0,287.514,0,51.2281,-338.742
"MtrElec",9,7,17,"",113.84,0,0,0,0,0,0,0,0,0,0,0,0,0,0,0,0,0,0,0,0,353.17,0,0,-239.33
"MtrElec",9,7,18,"",258.102,0,0,0,0,0,0,0,0,0,0,0,0,0,0,0,0,0,0,0,0,382.327,0,0,-124.225
"MtrElec",9,7,19,"",186.155,0,0,0,0,0,0,0,0,0,0,0,0,0,0,0,0,0,0,0,0,369.252,0,-157.698,-25.3989
"MtrElec",9,7,20,"",148.123,0,0,0,0,0,0,0,0,0,0,0,0,0,0,0,0,0,0,0,0,294.74,0,-146.617,0
"MtrElec",9,7,21,"",274.508,0,0,0,0,0,0,0,0,0,0,0,0,0,0,0,0,0,0,0,0,274.508,0,0,0
"MtrElec",9,7,22,"",242.882,0,0,0,0,0,0,0,0,0,0,0,0,0,0,0,0,0,0,0,0,242.882,0,0,0
"MtrElec",9,7,23,"",198.158,0,0,0,0,0,0,0,0,0,0,0,0,0,0,0,0,0,0,0,0,198.158,0,0,0
"MtrElec",9,7,24,"",194.104,0,0,0,0,0,0,0,0,0,0,0,0,0,0,0,0,0,0,0,0,194.104,0,0,0
"MtrElec",9,8,1,"",130.642,0,0,0,0,0,0,0,0,0,0,0,0,0,0,0,0,0,0,0,0,130.642,0,0,0
"MtrElec",9,8,2,"",110.89,0,0,0,0,0,0,0,0,0,0,0,0,0,0,0,0,0,0,0,0,110.89,0,0,0
"MtrElec",9,8,3,"",94.9353,0,0,0,0,0,0,0,0,0,0,0,0,0,0,0,0,0,0,0,0,94.9353,0,0,0
"MtrElec",9,8,4,"",105.38,0,0,0,0,0,0,0,0,0,0,0,0,0,0,0,0,0,0,0,0,105.38,0,0,0
"MtrElec",9,8,5,"",103.151,0,0,0,0,0,0,0,0,0,0,0,0,0,0,0,0,0,0,0,0,103.151,0,0,0
"MtrElec",9,8,6,"",123.534,0,0,0,0,0,0,0,0,0,0,0,0,0,0,0,0,0,0,0,0,123.534,0,0,0
"MtrElec",9,8,7,"",140.385,0,0,0,0,0,0,0,0,0,0,0,0,0,0,0,0,0,0,0,0,144.272,0,0,-3.88694
"MtrElec",9,8,8,"",199.293,0,0,0,0,0,0,0,0,0,0,0,0,0,0,0,0,0,0,0,0,248.897,0,0,-49.6045
"MtrElec",9,8,9,"",132.073,0,0,0,0,0,0,0,0,0,0,0,0,0,0,0,0,0,0,0,0,253.48,0,0,-121.407
"MtrElec",9,8,10,"",0,0,0,0,0,0,0,0,0,0,0,0,0,0,0,0,0,0,0,0,0,267.866,0,19.662,-287.528
"MtrElec",9,8,11,"",0,0,0,0,0,0,0,0,0,0,0,0,0,0,0,0,0,0,0,0,0,258.572,0,112.392,-370.964
"MtrElec",9,8,12,"",0,0,0,0,0,0,0,0,0,0,0,0,0,0,0,0,0,0,0,0,0,278.27,0,144.782,-423.053
"MtrElec",9,8,13,"",0,0,0,0,0,0,0,0,0,0,0,0,0,0,0,0,0,0,0,0,0,293.881,0,154.92,-448.801
"MtrElec",9,8,14,"",-26.574,0,0,0,0,0,0,0,0,0,0,0,0,0,0,0,0,0,0,0,0,259.782,0,156.629,-442.985
"MtrElec",9,8,15,"",-175.51,0,0,0,0,0,0,0,0,0,0,0,0,0,0,0,0,0,0,0,0,234.451,0,0,-409.961
"MtrElec",9,8,16,"",-73.295,0,0,0,0,0,0,0,0,0,0,0,0,0,0,0,0,0,0,0,0,271.238,0,0,-344.533
"MtrElec",9,8,17,"",83.3039,0,0,0,0,0,0,0,0,0,0,0,0,0,0,0,0,0,0,0,0,331.976,0,0,-248.672
"MtrElec",9,8,18,"",207.186,0,0,0,0,0,0,0,0,0,0,0,0,0,0,0,0,0,0,0,0,337.985,0,0,-130.799
"MtrElec",9,8,19,"",176.733,0,0,0,0,0,0,0,0,0,0,0,0,0,0,0,0,0,0,0,0,359.684,0,-157.698,-25.2525
"MtrElec",9,8,20,"",173.625,0,0,0,0,0,0,0,0,0,0,0,0,0,0,0,0,0,0,0,0,331.323,0,-157.698,0
"MtrElec",9,8,21,"",119.256,0,0,0,0,0,0,0,0,0,0,0,0,0,0,0,0,0,0,0,0,276.954,0,-157.698,0
"MtrElec",9,8,22,"",199.802,0,0,0,0,0,0,0,0,0,0,0,0,0,0,0,0,0,0,0,0,257.725,0,-57.9237,0
"MtrElec",9,8,23,"",241.395,0,0,0,0,0,0,0,0,0,0,0,0,0,0,0,0,0,0,0,0,241.395,0,0,0
"MtrElec",9,8,24,"",163.68,0,0,0,0,0,0,0,0,0,0,0,0,0,0,0,0,0,0,0,0,163.68,0,0,0
"MtrElec",9,9,1,"",152.8,0,0,0,0,0,0,0,0,0,0,0,0,0,0,0,0,0,0,0,0,152.8,0,0,0
"MtrElec",9,9,2,"",108.054,0,0,0,0,0,0,0,0,0,0,0,0,0,0,0,0,0,0,0,0,108.054,0,0,0
"MtrElec",9,9,3,"",90.6435,0,0,0,0,0,0,0,0,0,0,0,0,0,0,0,0,0,0,0,0,90.6435,0,0,0
"MtrElec",9,9,4,"",105.402,0,0,0,0,0,0,0,0,0,0,0,0,0,0,0,0,0,0,0,0,105.402,0,0,0
"MtrElec",9,9,5,"",102.718,0,0,0,0,0,0,0,0,0,0,0,0,0,0,0,0,0,0,0,0,102.718,0,0,0
"MtrElec",9,9,6,"",119.524,0,0,0,0,0,0,0,0,0,0,0,0,0,0,0,0,0,0,0,0,119.524,0,0,0
"MtrElec",9,9,7,"",141.938,0,0,0,0,0,0,0,0,0,0,0,0,0,0,0,0,0,0,0,0,145.578,0,0,-3.63914
"MtrElec",9,9,8,"",221.768,0,0,0,0,0,0,0,0,0,0,0,0,0,0,0,0,0,0,0,0,248.586,0,0,-26.8177
"MtrElec",9,9,9,"",141.583,0,0,0,0,0,0,0,0,0,0,0,0,0,0,0,0,0,0,0,0,253.506,0,0,-111.923
"MtrElec",9,9,10,"",0,0,0,0,0,0,0,0,0,0,0,0,0,0,0,0,0,0,0,0,0,248.86,0,44.9239,-293.784
"MtrElec",9,9,11,"",0,0,0,0,0,0,0,0,0,0,0,0,0,0,0,0,0,0,0,0,0,253.661,0,113.278,-366.939
"MtrElec",9,9,12,"",-33.3171,0,0,0,0,0,0,0,0,0,0,0,0,0,0,0,0,0,0,0,0,242.82,0,157.698,-433.835
"MtrElec",9,9,13,"",-11.4037,0,0,0,0,0,0,0,0,0,0,0,0,0,0,0,0,0,0,0,0,295.679,0,157.698,-464.781
"MtrElec",9,9,14,"",-152.95,0,0,0,0,0,0,0,0,0,0,0,0,0,0,0,0,0,0,0,0,187.569,0,114.787,-455.306
"MtrElec",9,9,15,"",-180.95,0,0,0,0,0,0,0,0,0,0,0,0,0,0,0,0,0,0,0,0,235.028,0,0,-415.978
"MtrElec",9,9,16,"",-101.355,0,0,0,0,0,0,0,0,0,0,0,0,0,0,0,0,0,0,0,0,248.741,0,0,-350.096
"MtrElec",9,9,17,"",11.6025,0,0,0,0,0,0,0,0,0,0,0,0,0,0,0,0,0,0,0,0,266.625,0,0,-255.023
"MtrElec",9,9,18,"",172.161,0,0,0,0,0,0,0,0,0,0,0,0,0,0,0,0,0,0,0,0,308.085,0,0,-135.923
"MtrElec",9,9,19,"",167.963,0,0,0,0,0,0,0,0,0,0,0,0,0,0,0,0,0,0,0,0,350.966,0,-157.698,-25.3052
"MtrElec",9,9,20,"",179.534,0,0,0,0,0,0,0,0,0,0,0,0,0,0,0,0,0,0,0,0,337.232,0,-157.698,0
"MtrElec",9,9,21,"",139.217,0,0,0,0,0,0,0,0,0,0,0,0,0,0,0,0,0,0,0,0,296.914,0,-157.698,0
"MtrElec",9,9,22,"",188.065,0,0,0,0,0,0,0,0,0,0,0,0,0,0,0,0,0,0,0,0,245.988,0,-57.9237,0
"MtrElec",9,9,23,"",218.399,0,0,0,0,0,0,0,0,0,0,0,0,0,0,0,0,0,0,0,0,218.399,0,0,0
"MtrElec",9,9,24,"",143.714,0,0,0,0,0,0,0,0,0,0,0,0,0,0,0,0,0,0,0,0,143.714,0,0,0
"MtrElec",9,10,1,"",120.315,0,0,0,0,0,0,0,0,0,0,0,0,0,0,0,0,0,0,0,0,120.315,0,0,0
"MtrElec",9,10,2,"",108.609,0,0,0,0,0,0,0,0,0,0,0,0,0,0,0,0,0,0,0,0,108.609,0,0,0
"MtrElec",9,10,3,"",128.946,0,0,0,0,0,0,0,0,0,0,0,0,0,0,0,0,0,0,0,0,128.946,0,0,0
"MtrElec",9,10,4,"",109.065,0,0,0,0,0,0,0,0,0,0,0,0,0,0,0,0,0,0,0,0,109.065,0,0,0
"MtrElec",9,10,5,"",109.089,0,0,0,0,0,0,0,0,0,0,0,0,0,0,0,0,0,0,0,0,109.089,0,0,0
"MtrElec",9,10,6,"",105.112,0,0,0,0,0,0,0,0,0,0,0,0,0,0,0,0,0,0,0,0,105.112,0,0,0
"MtrElec",9,10,7,"",154.505,0,0,0,0,0,0,0,0,0,0,0,0,0,0,0,0,0,0,0,0,158.464,0,0,-3.95872
"MtrElec",9,10,8,"",217.336,0,0,0,0,0,0,0,0,0,0,0,0,0,0,0,0,0,0,0,0,246.706,0,0,-29.3705
"MtrElec",9,10,9,"",139.043,0,0,0,0,0,0,0,0,0,0,0,0,0,0,0,0,0,0,0,0,218.544,0,0,-79.5009
"MtrElec",9,10,10,"",0,0,0,0,0,0,0,0,0,0,0,0,0,0,0,0,0,0,0,0,0,215.241,0,57.8606,-273.102
"MtrElec",9,10,11,"",-9.29175,0,0,0,0,0,0,0,0,0,0,0,0,0,0,0,0,0,0,0,0,210.617,0,157.698,-377.607
"MtrElec",9,10,12,"",-73.6851,0,0,0,0,0,0,0,0,0,0,0,0,0,0,0,0,0,0,0,0,200.37,0,157.698,-431.753
"MtrElec",9,10,13,"",-117.039,0,0,0,0,0,0,0,0,0,0,0,0,0,0,0,0,0,0,0,0,181.278,0,157.698,-456.015
"MtrElec",9,10,14,"",-198.479,0,0,0,0,0,0,0,0,0,0,0,0,0,0,0,0,0,0,0,0,189.866,0,57.4306,-445.776
"MtrElec",9,10,15,"",-218.345,0,0,0,0,0,0,0,0,0,0,0,0,0,0,0,0,0,0,0,0,192.866,0,0,-411.211
"MtrElec",9,10,16,"",-86.6283,0,0,0,0,0,0,0,0,0,0,0,0,0,0,0,0,0,0,0,0,258.274,0,0,-344.902
"MtrElec",9,10,17,"",65.5083,0,0,0,0,0,0,0,0,0,0,0,0,0,0,0,0,0,0,0,0,314.602,0,0,-249.094
"MtrElec",9,10,18,"",171.653,0,0,0,0,0,0,0,0,0,0,0,0,0,0,0,0,0,0,0,0,303.729,0,0,-132.076
"MtrElec",9,10,19,"",130.468,0,0,0,0,0,0,0,0,0,0,0,0,0,0,0,0,0,0,0,0,312.176,0,-157.698,-24.0101
"MtrElec",9,10,20,"",160.126,0,0,0,0,0,0,0,0,0,0,0,0,0,0,0,0,0,0,0,0,317.824,0,-157.698,0
"MtrElec",9,10,21,"",149.349,0,0,0,0,0,0,0,0,0,0,0,0,0,0,0,0,0,0,0,0,307.047,0,-157.698,0
"MtrElec",9,10,22,"",206.925,0,0,0,0,0,0,0,0,0,0,0,0,0,0,0,0,0,0,0,0,264.848,0,-57.9237,0
"MtrElec",9,10,23,"",252.99,0,0,0,0,0,0,0,0,0,0,0,0,0,0,0,0,0,0,0,0,252.99,0,0,0
"MtrElec",9,10,24,"",163.599,0,0,0,0,0,0,0,0,0,0,0,0,0,0,0,0,0,0,0,0,163.599,0,0,0
"MtrElec",9,11,1,"",135.723,0,0,0,0,0,0,0,0,0,0,0,0,0,0,0,0,0,0,0,0,135.723,0,0,0
"MtrElec",9,11,2,"",139.528,0,0,0,0,0,0,0,0,0,0,0,0,0,0,0,0,0,0,0,0,139.528,0,0,0
"MtrElec",9,11,3,"",93.3067,0,0,0,0,0,0,0,0,0,0,0,0,0,0,0,0,0,0,0,0,93.3067,0,0,0
"MtrElec",9,11,4,"",106.624,0,0,0,0,0,0,0,0,0,0,0,0,0,0,0,0,0,0,0,0,106.624,0,0,0
"MtrElec",9,11,5,"",105.123,0,0,0,0,0,0,0,0,0,0,0,0,0,0,0,0,0,0,0,0,105.123,0,0,0
"MtrElec",9,11,6,"",101.431,0,0,0,0,0,0,0,0,0,0,0,0,0,0,0,0,0,0,0,0,101.431,0,0,0
"MtrElec",9,11,7,"",159.867,0,0,0,0,0,0,0,0,0,0,0,0,0,0,0,0,0,0,0,0,163.181,0,0,-3.31365
"MtrElec",9,11,8,"",194.482,0,0,0,0,0,0,0,0,0,0,0,0,0,0,0,0,0,0,0,0,252.446,0,0,-57.9645
"MtrElec",9,11,9,"",89.4277,0,0,0,0,0,0,0,0,0,0,0,0,0,0,0,0,0,0,0,0,264.45,0,0,-175.023
"MtrElec",9,11,10,"",0,0,0,0,0,0,0,0,0,0,0,0,0,0,0,0,0,0,0,0,0,273.843,0,5.65013,-279.493
"MtrElec",9,11,11,"",0,0,0,0,0,0,0,0,0,0,0,0,0,0,0,0,0,0,0,0,0,283.343,0,75.6911,-359.034
"MtrElec",9,11,12,"",0,0,0,0,0,0,0,0,0,0,0,0,0,0,0,0,0,0,0,0,0,298.721,0,118.987,-417.708
"MtrElec",9,11,13,"",0,0,0,0,0,0,0,0,0,0,0,0,0,0,0,0,0,0,0,0,0,352.14,0,89.9656,-442.105
"MtrElec",9,11,14,"",-24.3918,0,0,0,0,0,0,0,0,0,0,0,0,0,0,0,0,0,0,0,0,251.421,0,157.698,-433.511
"MtrElec",9,11,15,"",0.0000156,0,0,0,0,0,0,0,0,0,0,0,0,0,0,0,0,0,0,0,0,261.259,0,137.234,-398.493
"MtrElec",9,11,16,"",-60.5297,0,0,0,0,0,0,0,0,0,0,0,0,0,0,0,0,0,0,0,0,268.267,0,3.15908,-331.956
"MtrElec",9,11,17,"",87.8684,0,0,0,0,0,0,0,0,0,0,0,0,0,0,0,0,0,0,0,0,325.845,0,0,-237.976
"MtrElec",9,11,18,"",219.754,0,0,0,0,0,0,0,0,0,0,0,0,0,0,0,0,0,0,0,0,343.111,0,0,-123.357
"MtrElec",9,11,19,"",170.556,0,0,0,0,0,0,0,0,0,0,0,0,0,0,0,0,0,0,0,0,349.881,0,-157.698,-21.6268
"MtrElec",9,11,20,"",198.086,0,0,0,0,0,0,0,0,0,0,0,0,0,0,0,0,0,0,0,0,355.784,0,-157.698,0
"MtrElec",9,11,21,"",193.268,0,0,0,0,0,0,0,0,0,0,0,0,0,0,0,0,0,0,0,0,350.966,0,-157.698,0
"MtrElec",9,11,22,"",194.098,0,0,0,0,0,0,0,0,0,0,0,0,0,0,0,0,0,0,0,0,252.021,0,-57.9237,0
"MtrElec",9,11,23,"",202.727,0,0,0,0,0,0,0,0,0,0,0,0,0,0,0,0,0,0,0,0,202.727,0,0,0
"MtrElec",9,11,24,"",195.662,0,0,0,0,0,0,0,0,0,0,0,0,0,0,0,0,0,0,0,0,195.662,0,0,0
"MtrElec",9,12,1,"",126.207,0,0,0,0,0,0,0,0,0,0,0,0,0,0,0,0,0,0,0,0,126.207,0,0,0
"MtrElec",9,12,2,"",114.117,0,0,0,0,0,0,0,0,0,0,0,0,0,0,0,0,0,0,0,0,114.117,0,0,0
"MtrElec",9,12,3,"",93.9584,0,0,0,0,0,0,0,0,0,0,0,0,0,0,0,0,0,0,0,0,93.9584,0,0,0
"MtrElec",9,12,4,"",108.123,0,0,0,0,0,0,0,0,0,0,0,0,0,0,0,0,0,0,0,0,108.123,0,0,0
"MtrElec",9,12,5,"",145.375,0,0,0,0,0,0,0,0,0,0,0,0,0,0,0,0,0,0,0,0,145.375,0,0,0
"MtrElec",9,12,6,"",96.7563,0,0,0,0,0,0,0,0,0,0,0,0,0,0,0,0,0,0,0,0,96.7563,0,0,0
"MtrElec",9,12,7,"",110.439,0,0,0,0,0,0,0,0,0,0,0,0,0,0,0,0,0,0,0,0,113.144,0,0,-2.70497
"MtrElec",9,12,8,"",137.1,0,0,0,0,0,0,0,0,0,0,0,0,0,0,0,0,0,0,0,0,193.048,0,0,-55.9477
"MtrElec",9,12,9,"",100.171,0,0,0,0,0,0,0,0,0,0,0,0,0,0,0,0,0,0,0,0,271.188,0,0,-171.017
"MtrElec",9,12,10,"",40.0205,0,0,0,0,0,0,0,0,0,0,0,0,0,0,0,0,0,0,0,0,313.556,0,0,-273.535
"MtrElec",9,12,11,"",0.0000039,0,0,0,0,0,0,0,0,0,0,0,0,0,0,0,0,0,0,0,0,296.553,0,60.2969,-356.85
"MtrElec",9,12,12,"",0.0000078,0,0,0,0,0,0,0,0,0,0,0,0,0,0,0,0,0,0,0,0,345.909,0,67.2301,-413.139
"MtrElec",9,12,13,"",0.0000078,0,0,0,0,0,0,0,0,0,0,0,0,0,0,0,0,0,0,0,0,363.048,0,72.6241,-435.672
"MtrElec",9,12,14,"",0.0000078,0,0,0,0,0,0,0,0,0,0,0,0,0,0,0,0,0,0,0,0,336.798,0,91.317,-428.115
"MtrElec",9,12,15,"",0,0,0,0,0,0,0,0,0,0,0,0,0,0,0,0,0,0,0,0,0,352.273,0,39.5057,-391.778
"MtrElec",9,12,16,"",0,0,0,0,0,0,0,0,0,0,0,0,0,0,0,0,0,0,0,0,0,313.013,0,10.8978,-323.911
"MtrElec",9,12,17,"",106.755,0,0,0,0,0,0,0,0,0,0,0,0,0,0,0,0,0,0,0,0,336.991,0,0,-230.236
"MtrElec",9,12,18,"",222.221,0,0,0,0,0,0,0,0,0,0,0,0,0,0,0,0,0,0,0,0,338.735,0,0,-116.514
"MtrElec",9,12,19,"",202.212,0,0,0,0,0,0,0,0,0,0,0,0,0,0,0,0,0,0,0,0,379.921,0,-157.698,-20.011
"MtrElec",9,12,20,"",211.241,0,0,0,0,0,0,0,0,0,0,0,0,0,0,0,0,0,0,0,0,362.083,0,-150.841,0
"MtrElec",9,12,21,"",290.06,0,0,0,0,0,0,0,0,0,0,0,0,0,0,0,0,0,0,0,0,290.06,0,0,0
"MtrElec",9,12,22,"",254.399,0,0,0,0,0,0,0,0,0,0,0,0,0,0,0,0,0,0,0,0,254.399,0,0,0
"MtrElec",9,12,23,"",206.637,0,0,0,0,0,0,0,0,0,0,0,0,0,0,0,0,0,0,0,0,206.637,0,0,0
"MtrElec",9,12,24,"",217.646,0,0,0,0,0,0,0,0,0,0,0,0,0,0,0,0,0,0,0,0,217.646,0,0,0
"MtrElec",9,13,1,"",152.406,0,0,0,0,0,0,0,0,0,0,0,0,0,0,0,0,0,0,0,0,152.406,0,0,0
"MtrElec",9,13,2,"",116.143,0,0,0,0,0,0,0,0,0,0,0,0,0,0,0,0,0,0,0,0,116.143,0,0,0
"MtrElec",9,13,3,"",100.796,0,0,0,0,0,0,0,0,0,0,0,0,0,0,0,0,0,0,0,0,100.796,0,0,0
"MtrElec",9,13,4,"",116.82,0,0,0,0,0,0,0,0,0,0,0,0,0,0,0,0,0,0,0,0,116.82,0,0,0
"MtrElec",9,13,5,"",173.351,0,0,0,0,0,0,0,0,0,0,0,0,0,0,0,0,0,0,0,0,173.351,0,0,0
"MtrElec",9,13,6,"",95.6198,0,0,0,0,0,0,0,0,0,0,0,0,0,0,0,0,0,0,0,0,95.6198,0,0,0
"MtrElec",9,13,7,"",110.79,0,0,0,0,0,0,0,0,0,0,0,0,0,0,0,0,0,0,0,0,112.921,0,0,-2.13123
"MtrElec",9,13,8,"",118.204,0,0,0,0,0,0,0,0,0,0,0,0,0,0,0,0,0,0,0,0,174.187,0,0,-55.9829
"MtrElec",9,13,9,"",41.7959,0,0,0,0,0,0,0,0,0,0,0,0,0,0,0,0,0,0,0,0,211.385,0,0,-169.589
"MtrElec",9,13,10,"",54.2641,0,0,0,0,0,0,0,0,0,0,0,0,0,0,0,0,0,0,0,0,333.654,0,0,-279.39
"MtrElec",9,13,11,"",5.57144,0,0,0,0,0,0,0,0,0,0,0,0,0,0,0,0,0,0,0,0,371.196,0,0,-365.625
"MtrElec",9,13,12,"",0,0,0,0,0,0,0,0,0,0,0,0,0,0,0,0,0,0,0,0,0,313.369,0,107.063,-420.432
"MtrElec",9,13,13,"",0,0,0,0,0,0,0,0,0,0,0,0,0,0,0,0,0,0,0,0,0,294.752,0,149.346,-444.098
"MtrElec",9,13,14,"",0,0,0,0,0,0,0,0,0,0,0,0,0,0,0,0,0,0,0,0,0,301.06,0,137.089,-438.149
"MtrElec",9,13,15,"",0,0,0,0,0,0,0,0,0,0,0,0,0,0,0,0,0,0,0,0,0,317.992,0,79.1952,-397.187
"MtrElec",9,13,16,"",0,0,0,0,0,0,0,0,0,0,0,0,0,0,0,0,0,0,0,0,0,287.761,0,40.1579,-327.919
"MtrElec",9,13,17,"",91.6109,0,0,0,0,0,0,0,0,0,0,0,0,0,0,0,0,0,0,0,0,319.355,0,0,-227.745
"MtrElec",9,13,18,"",216.936,0,0,0,0,0,0,0,0,0,0,0,0,0,0,0,0,0,0,0,0,325.54,0,0,-108.604
"MtrElec",9,13,19,"",146.147,0,0,0,0,0,0,0,0,0,0,0,0,0,0,0,0,0,0,0,0,322.333,0,-157.698,-18.4871
"MtrElec",9,13,20,"",184.488,0,0,0,0,0,0,0,0,0,0,0,0,0,0,0,0,0,0,0,0,342.186,0,-157.698,0
"MtrElec",9,13,21,"",193.075,0,0,0,0,0,0,0,0,0,0,0,0,0,0,0,0,0,0,0,0,340.527,0,-147.452,0
"MtrElec",9,13,22,"",322.897,0,0,0,0,0,0,0,0,0,0,0,0,0,0,0,0,0,0,0,0,322.897,0,0,0
"MtrElec",9,13,23,"",176.495,0,0,0,0,0,0,0,0,0,0,0,0,0,0,0,0,0,0,0,0,176.495,0,0,0
"MtrElec",9,13,24,"",151.922,0,0,0,0,0,0,0,0,0,0,0,0,0,0,0,0,0,0,0,0,151.922,0,0,0
"MtrElec",9,14,1,"",105.569,0,0,0,0,0,0,0,0,0,0,0,0,0,0,0,0,0,0,0,0,105.569,0,0,0
"MtrElec",9,14,2,"",146.46,0,0,0,0,0,0,0,0,0,0,0,0,0,0,0,0,0,0,0,0,146.46,0,0,0
"MtrElec",9,14,3,"",107.688,0,0,0,0,0,0,0,0,0,0,0,0,0,0,0,0,0,0,0,0,107.688,0,0,0
"MtrElec",9,14,4,"",103.623,0,0,0,0,0,0,0,0,0,0,0,0,0,0,0,0,0,0,0,0,103.623,0,0,0
"MtrElec",9,14,5,"",97.5312,0,0,0,0,0,0,0,0,0,0,0,0,0,0,0,0,0,0,0,0,97.5312,0,0,0
"MtrElec",9,14,6,"",118.258,0,0,0,0,0,0,0,0,0,0,0,0,0,0,0,0,0,0,0,0,118.258,0,0,0
"MtrElec",9,14,7,"",164.406,0,0,0,0,0,0,0,0,0,0,0,0,0,0,0,0,0,0,0,0,164.406,0,0,0
"MtrElec",9,14,8,"",220.836,0,0,0,0,0,0,0,0,0,0,0,0,0,0,0,0,0,0,0,0,243.752,0,0,-22.916
"MtrElec",9,14,9,"",193.367,0,0,0,0,0,0,0,0,0,0,0,0,0,0,0,0,0,0,0,0,255.091,0,0,-61.7242
"MtrElec",9,14,10,"",161.955,0,0,0,0,0,0,0,0,0,0,0,0,0,0,0,0,0,0,0,0,252.067,0,0,-90.1121
"MtrElec",9,14,11,"",137.353,0,0,0,0,0,0,0,0,0,0,0,0,0,0,0,0,0,0,0,0,237.011,0,0,-99.6584
"MtrElec",9,14,12,"",48.5977,0,0,0,0,0,0,0,0,0,0,0,0,0,0,0,0,0,0,0,0,215.703,0,0,-167.106
"MtrElec",9,14,13,"",12.9712,0,0,0,0,0,0,0,0,0,0,0,0,0,0,0,0,0,0,0,0,243.683,0,0,-230.712
"MtrElec",9,14,14,"",0,0,0,0,0,0,0,0,0,0,0,0,0,0,0,0,0,0,0,0,0,132.862,0,139.294,-272.155
"MtrElec",9,14,15,"",-12.7242,0,0,0,0,0,0,0,0,0,0,0,0,0,0,0,0,0,0,0,0,186.792,0,157.698,-357.215
"MtrElec",9,14,16,"",0,0,0,0,0,0,0,0,0,0,0,0,0,0,0,0,0,0,0,0,0,177.965,0,147.358,-325.324
"MtrElec",9,14,17,"",12.9659,0,0,0,0,0,0,0,0,0,0,0,0,0,0,0,0,0,0,0,0,222.631,0,0,-209.665
"MtrElec",9,14,18,"",159.676,0,0,0,0,0,0,0,0,0,0,0,0,0,0,0,0,0,0,0,0,260.125,0,0,-100.45
"MtrElec",9,14,19,"",101.885,0,0,0,0,0,0,0,0,0,0,0,0,0,0,0,0,0,0,0,0,278.452,0,-157.698,-18.8694
"MtrElec",9,14,20,"",107.95,0,0,0,0,0,0,0,0,0,0,0,0,0,0,0,0,0,0,0,0,265.648,0,-157.698,0
"MtrElec",9,14,21,"",141.605,0,0,0,0,0,0,0,0,0,0,0,0,0,0,0,0,0,0,0,0,227.235,0,-85.63,0
"MtrElec",9,14,22,"",207.774,0,0,0,0,0,0,0,0,0,0,0,0,0,0,0,0,0,0,0,0,207.774,0,0,0
"MtrElec",9,14,23,"",230.136,0,0,0,0,0,0,0,0,0,0,0,0,0,0,0,0,0,0,0,0,230.136,0,0,0
"MtrElec",9,14,24,"",148.363,0,0,0,0,0,0,0,0,0,0,0,0,0,0,0,0,0,0,0,0,148.363,0,0,0
"MtrElec",9,15,1,"",116.462,0,0,0,0,0,0,0,0,0,0,0,0,0,0,0,0,0,0,0,0,116.462,0,0,0
"MtrElec",9,15,2,"",108.516,0,0,0,0,0,0,0,0,0,0,0,0,0,0,0,0,0,0,0,0,108.516,0,0,0
"MtrElec",9,15,3,"",95.6013,0,0,0,0,0,0,0,0,0,0,0,0,0,0,0,0,0,0,0,0,95.6013,0,0,0
"MtrElec",9,15,4,"",127.206,0,0,0,0,0,0,0,0,0,0,0,0,0,0,0,0,0,0,0,0,127.206,0,0,0
"MtrElec",9,15,5,"",102.014,0,0,0,0,0,0,0,0,0,0,0,0,0,0,0,0,0,0,0,0,102.014,0,0,0
"MtrElec",9,15,6,"",96.2145,0,0,0,0,0,0,0,0,0,0,0,0,0,0,0,0,0,0,0,0,96.2145,0,0,0
"MtrElec",9,15,7,"",158.933,0,0,0,0,0,0,0,0,0,0,0,0,0,0,0,0,0,0,0,0,160.829,0,0,-1.89616
"MtrElec",9,15,8,"",193.113,0,0,0,0,0,0,0,0,0,0,0,0,0,0,0,0,0,0,0,0,212.014,0,0,-18.901
"MtrElec",9,15,9,"",143.475,0,0,0,0,0,0,0,0,0,0,0,0,0,0,0,0,0,0,0,0,206.082,0,0,-62.6071
"MtrElec",9,15,10,"",55.4737,0,0,0,0,0,0,0,0,0,0,0,0,0,0,0,0,0,0,0,0,226.148,0,0,-170.674
"MtrElec",9,15,11,"",-14.8682,0,0,0,0,0,0,0,0,0,0,0,0,0,0,0,0,0,0,0,0,209.352,0,157.698,-381.918
"MtrElec",9,15,12,"",-61.6399,0,0,0,0,0,0,0,0,0,0,0,0,0,0,0,0,0,0,0,0,219.63,0,157.698,-438.967
"MtrElec",9,15,13,"",-35.844,0,0,0,0,0,0,0,0,0,0,0,0,0,0,0,0,0,0,0,0,268.928,0,157.698,-462.47
"MtrElec",9,15,14,"",-201.338,0,0,0,0,0,0,0,0,0,0,0,0,0,0,0,0,0,0,0,0,140.466,0,115.291,-457.095
"MtrElec",9,15,15,"",-219.378,0,0,0,0,0,0,0,0,0,0,0,0,0,0,0,0,0,0,0,0,200.244,0,0,-419.622
"MtrElec",9,15,16,"",-167.132,0,0,0,0,0,0,0,0,0,0,0,0,0,0,0,0,0,0,0,0,182.658,0,0,-349.79
"MtrElec",9,15,17,"",-27.3545,0,0,0,0,0,0,0,0,0,0,0,0,0,0,0,0,0,0,0,0,224.02,0,0,-251.374
"MtrElec",9,15,18,"",136.703,0,0,0,0,0,0,0,0,0,0,0,0,0,0,0,0,0,0,0,0,263.376,0,0,-126.673
"MtrElec",9,15,19,"",81.9764,0,0,0,0,0,0,0,0,0,0,0,0,0,0,0,0,0,0,0,0,259.524,0,-157.698,-19.8492
"MtrElec",9,15,20,"",108.759,0,0,0,0,0,0,0,0,0,0,0,0,0,0,0,0,0,0,0,0,266.457,0,-157.698,0
"MtrElec",9,15,21,"",140.272,0,0,0,0,0,0,0,0,0,0,0,0,0,0,0,0,0,0,0,0,297.97,0,-157.698,0
"MtrElec",9,15,22,"",149.589,0,0,0,0,0,0,0,0,0,0,0,0,0,0,0,0,0,0,0,0,207.513,0,-57.9237,0
"MtrElec",9,15,23,"",204.495,0,0,0,0,0,0,0,0,0,0,0,0,0,0,0,0,0,0,0,0,204.495,0,0,0
"MtrElec",9,15,24,"",159.026,0,0,0,0,0,0,0,0,0,0,0,0,0,0,0,0,0,0,0,0,159.026,0,0,0
"MtrElec",9,16,1,"",103.827,0,0,0,0,0,0,0,0,0,0,0,0,0,0,0,0,0,0,0,0,103.827,0,0,0
"MtrElec",9,16,2,"",106.47,0,0,0,0,0,0,0,0,0,0,0,0,0,0,0,0,0,0,0,0,106.47,0,0,0
"MtrElec",9,16,3,"",134.304,0,0,0,0,0,0,0,0,0,0,0,0,0,0,0,0,0,0,0,0,134.304,0,0,0
"MtrElec",9,16,4,"",91.85,0,0,0,0,0,0,0,0,0,0,0,0,0,0,0,0,0,0,0,0,91.85,0,0,0
"MtrElec",9,16,5,"",95.3833,0,0,0,0,0,0,0,0,0,0,0,0,0,0,0,0,0,0,0,0,95.3833,0,0,0
"MtrElec",9,16,6,"",115.72,0,0,0,0,0,0,0,0,0,0,0,0,0,0,0,0,0,0,0,0,115.72,0,0,0
"MtrElec",9,16,7,"",163.856,0,0,0,0,0,0,0,0,0,0,0,0,0,0,0,0,0,0,0,0,166.895,0,0,-3.03894
"MtrElec",9,16,8,"",178.958,0,0,0,0,0,0,0,0,0,0,0,0,0,0,0,0,0,0,0,0,239.066,0,0,-60.1084
"MtrElec",9,16,9,"",62.1375,0,0,0,0,0,0,0,0,0,0,0,0,0,0,0,0,0,0,0,0,248.249,0,0,-186.111
"MtrElec",9,16,10,"",0,0,0,0,0,0,0,0,0,0,0,0,0,0,0,0,0,0,0,0,0,253.966,0,44.4347,-298.401
"MtrElec",9,16,11,"",-21.4668,0,0,0,0,0,0,0,0,0,0,0,0,0,0,0,0,0,0,0,0,208.106,0,157.698,-387.27
"MtrElec",9,16,12,"",-53.939,0,0,0,0,0,0,0,0,0,0,0,0,0,0,0,0,0,0,0,0,241.04,0,157.698,-452.677
"MtrElec",9,16,13,"",-12.8004,0,0,0,0,0,0,0,0,0,0,0,0,0,0,0,0,0,0,0,0,312.405,0,157.698,-482.903
"MtrElec",9,16,14,"",-210.639,0,0,0,0,0,0,0,0,0,0,0,0,0,0,0,0,0,0,0,0,190.444,0,70.8566,-471.939
"MtrElec",9,16,15,"",-244.33,0,0,0,0,0,0,0,0,0,0,0,0,0,0,0,0,0,0,0,0,182.94,0,0,-427.27
"MtrElec",9,16,16,"",-141.485,0,0,0,0,0,0,0,0,0,0,0,0,0,0,0,0,0,0,0,0,209.825,0,0,-351.31
"MtrElec",9,16,17,"",-19.8717,0,0,0,0,0,0,0,0,0,0,0,0,0,0,0,0,0,0,0,0,230.117,0,0,-249.989
"MtrElec",9,16,18,"",190.562,0,0,0,0,0,0,0,0,0,0,0,0,0,0,0,0,0,0,0,0,317.131,0,0,-126.569
"MtrElec",9,16,19,"",148.495,0,0,0,0,0,0,0,0,0,0,0,0,0,0,0,0,0,0,0,0,325.001,0,-157.698,-18.8072
"MtrElec",9,16,20,"",163.254,0,0,0,0,0,0,0,0,0,0,0,0,0,0,0,0,0,0,0,0,320.952,0,-157.698,0
"MtrElec",9,16,21,"",170.542,0,0,0,0,0,0,0,0,0,0,0,0,0,0,0,0,0,0,0,0,328.24,0,-157.698,0
"MtrElec",9,16,22,"",179.13,0,0,0,0,0,0,0,0,0,0,0,0,0,0,0,0,0,0,0,0,237.054,0,-57.9237,0
"MtrElec",9,16,23,"",201.907,0,0,0,0,0,0,0,0,0,0,0,0,0,0,0,0,0,0,0,0,201.907,0,0,0
"MtrElec",9,16,24,"",154.985,0,0,0,0,0,0,0,0,0,0,0,0,0,0,0,0,0,0,0,0,154.985,0,0,0
"MtrElec",9,17,1,"",123.737,0,0,0,0,0,0,0,0,0,0,0,0,0,0,0,0,0,0,0,0,123.737,0,0,0
"MtrElec",9,17,2,"",108.859,0,0,0,0,0,0,0,0,0,0,0,0,0,0,0,0,0,0,0,0,108.859,0,0,0
"MtrElec",9,17,3,"",128.027,0,0,0,0,0,0,0,0,0,0,0,0,0,0,0,0,0,0,0,0,128.027,0,0,0
"MtrElec",9,17,4,"",97.2016,0,0,0,0,0,0,0,0,0,0,0,0,0,0,0,0,0,0,0,0,97.2016,0,0,0
"MtrElec",9,17,5,"",100.207,0,0,0,0,0,0,0,0,0,0,0,0,0,0,0,0,0,0,0,0,100.207,0,0,0
"MtrElec",9,17,6,"",93.4367,0,0,0,0,0,0,0,0,0,0,0,0,0,0,0,0,0,0,0,0,93.4367,0,0,0
"MtrElec",9,17,7,"",159.658,0,0,0,0,0,0,0,0,0,0,0,0,0,0,0,0,0,0,0,0,162.699,0,0,-3.04018
"MtrElec",9,17,8,"",158.385,0,0,0,0,0,0,0,0,0,0,0,0,0,0,0,0,0,0,0,0,218.812,0,0,-60.4277
"MtrElec",9,17,9,"",38.9859,0,0,0,0,0,0,0,0,0,0,0,0,0,0,0,0,0,0,0,0,226.493,0,0,-187.508
"MtrElec",9,17,10,"",0,0,0,0,0,0,0,0,0,0,0,0,0,0,0,0,0,0,0,0,0,222.217,0,80.479,-302.696
"MtrElec",9,17,11,"",0.0000078,0,0,0,0,0,0,0,0,0,0,0,0,0,0,0,0,0,0,0,0,267.701,0,120.593,-388.294
"MtrElec",9,17,12,"",-63.2461,0,0,0,0,0,0,0,0,0,0,0,0,0,0,0,0,0,0,0,0,224.517,0,157.698,-445.461
"MtrElec",9,17,13,"",-21.9457,0,0,0,0,0,0,0,0,0,0,0,0,0,0,0,0,0,0,0,0,286.229,0,157.698,-465.872
"MtrElec",9,17,14,"",-156.098,0,0,0,0,0,0,0,0,0,0,0,0,0,0,0,0,0,0,0,0,224.517,0,71.9171,-452.532
"MtrElec",9,17,15,"",-175.118,0,0,0,0,0,0,0,0,0,0,0,0,0,0,0,0,0,0,0,0,233.671,0,0,-408.789
"MtrElec",9,17,16,"",-85.3737,0,0,0,0,0,0,0,0,0,0,0,0,0,0,0,0,0,0,0,0,257.56,0,0,-342.933
"MtrElec",9,17,17,"",72.7844,0,0,0,0,0,0,0,0,0,0,0,0,0,0,0,0,0,0,0,0,318.331,0,0,-245.546
"MtrElec",9,17,18,"",199.366,0,0,0,0,0,0,0,0,0,0,0,0,0,0,0,0,0,0,0,0,322.782,0,0,-123.417
"MtrElec",9,17,19,"",153.254,0,0,0,0,0,0,0,0,0,0,0,0,0,0,0,0,0,0,0,0,328.474,0,-157.698,-17.5224
"MtrElec",9,17,20,"",148.758,0,0,0,0,0,0,0,0,0,0,0,0,0,0,0,0,0,0,0,0,306.456,0,-157.698,0
"MtrElec",9,17,21,"",138.526,0,0,0,0,0,0,0,0,0,0,0,0,0,0,0,0,0,0,0,0,296.224,0,-157.698,0
"MtrElec",9,17,22,"",174.073,0,0,0,0,0,0,0,0,0,0,0,0,0,0,0,0,0,0,0,0,231.997,0,-57.9237,0
"MtrElec",9,17,23,"",205.287,0,0,0,0,0,0,0,0,0,0,0,0,0,0,0,0,0,0,0,0,205.287,0,0,0
"MtrElec",9,17,24,"",173.691,0,0,0,0,0,0,0,0,0,0,0,0,0,0,0,0,0,0,0,0,173.691,0,0,0
"MtrElec",9,18,1,"",121.402,0,0,0,0,0,0,0,0,0,0,0,0,0,0,0,0,0,0,0,0,121.402,0,0,0
"MtrElec",9,18,2,"",107.576,0,0,0,0,0,0,0,0,0,0,0,0,0,0,0,0,0,0,0,0,107.576,0,0,0
"MtrElec",9,18,3,"",88.2014,0,0,0,0,0,0,0,0,0,0,0,0,0,0,0,0,0,0,0,0,88.2014,0,0,0
"MtrElec",9,18,4,"",102.067,0,0,0,0,0,0,0,0,0,0,0,0,0,0,0,0,0,0,0,0,102.067,0,0,0
"MtrElec",9,18,5,"",100.493,0,0,0,0,0,0,0,0,0,0,0,0,0,0,0,0,0,0,0,0,100.493,0,0,0
"MtrElec",9,18,6,"",128.004,0,0,0,0,0,0,0,0,0,0,0,0,0,0,0,0,0,0,0,0,128.004,0,0,0
"MtrElec",9,18,7,"",144.559,0,0,0,0,0,0,0,0,0,0,0,0,0,0,0,0,0,0,0,0,147.143,0,0,-2.58324
"MtrElec",9,18,8,"",144.741,0,0,0,0,0,0,0,0,0,0,0,0,0,0,0,0,0,0,0,0,203.573,0,0,-58.8321
"MtrElec",9,18,9,"",36.4642,0,0,0,0,0,0,0,0,0,0,0,0,0,0,0,0,0,0,0,0,219.166,0,0,-182.702
"MtrElec",9,18,10,"",0.0000039,0,0,0,0,0,0,0,0,0,0,0,0,0,0,0,0,0,0,0,0,257.933,0,33.9468,-291.88
"MtrElec",9,18,11,"",0,0,0,0,0,0,0,0,0,0,0,0,0,0,0,0,0,0,0,0,0,262.6,0,106.347,-368.947
"MtrElec",9,18,12,"",-25.7846,0,0,0,0,0,0,0,0,0,0,0,0,0,0,0,0,0,0,0,0,241.503,0,157.698,-424.985
"MtrElec",9,18,13,"",-3.07359,0,0,0,0,0,0,0,0,0,0,0,0,0,0,0,0,0,0,0,0,287.181,0,157.698,-447.953
"MtrElec",9,18,14,"",-78.523,0,0,0,0,0,0,0,0,0,0,0,0,0,0,0,0,0,0,0,0,231.71,0,132.696,-442.928
"MtrElec",9,18,15,"",-137.11,0,0,0,0,0,0,0,0,0,0,0,0,0,0,0,0,0,0,0,0,269.17,0,0,-406.28
"MtrElec",9,18,16,"",-83.7797,0,0,0,0,0,0,0,0,0,0,0,0,0,0,0,0,0,0,0,0,255.18,0,0,-338.96
"MtrElec",9,18,17,"",46.3801,0,0,0,0,0,0,0,0,0,0,0,0,0,0,0,0,0,0,0,0,288.378,0,0,-241.998
"MtrElec",9,18,18,"",195.706,0,0,0,0,0,0,0,0,0,0,0,0,0,0,0,0,0,0,0,0,315.75,0,0,-120.044
"MtrElec",9,18,19,"",140.933,0,0,0,0,0,0,0,0,0,0,0,0,0,0,0,0,0,0,0,0,316.117,0,-157.698,-17.4864
"MtrElec",9,18,20,"",180.243,0,0,0,0,0,0,0,0,0,0,0,0,0,0,0,0,0,0,0,0,337.941,0,-157.698,0
"MtrElec",9,18,21,"",151.377,0,0,0,0,0,0,0,0,0,0,0,0,0,0,0,0,0,0,0,0,309.075,0,-157.698,0
"MtrElec",9,18,22,"",186.407,0,0,0,0,0,0,0,0,0,0,0,0,0,0,0,0,0,0,0,0,244.331,0,-57.9237,0
"MtrElec",9,18,23,"",254.092,0,0,0,0,0,0,0,0,0,0,0,0,0,0,0,0,0,0,0,0,254.092,0,0,0
"MtrElec",9,18,24,"",202.801,0,0,0,0,0,0,0,0,0,0,0,0,0,0,0,0,0,0,0,0,202.801,0,0,0
"MtrElec",9,19,1,"",122.083,0,0,0,0,0,0,0,0,0,0,0,0,0,0,0,0,0,0,0,0,122.083,0,0,0
"MtrElec",9,19,2,"",91.9971,0,0,0,0,0,0,0,0,0,0,0,0,0,0,0,0,0,0,0,0,91.9971,0,0,0
"MtrElec",9,19,3,"",104.336,0,0,0,0,0,0,0,0,0,0,0,0,0,0,0,0,0,0,0,0,104.336,0,0,0
"MtrElec",9,19,4,"",103.125,0,0,0,0,0,0,0,0,0,0,0,0,0,0,0,0,0,0,0,0,103.125,0,0,0
"MtrElec",9,19,5,"",85.6887,0,0,0,0,0,0,0,0,0,0,0,0,0,0,0,0,0,0,0,0,85.6887,0,0,0
"MtrElec",9,19,6,"",138.662,0,0,0,0,0,0,0,0,0,0,0,0,0,0,0,0,0,0,0,0,138.662,0,0,0
"MtrElec",9,19,7,"",97.3977,0,0,0,0,0,0,0,0,0,0,0,0,0,0,0,0,0,0,0,0,99.4659,0,0,-2.06824
"MtrElec",9,19,8,"",111.533,0,0,0,0,0,0,0,0,0,0,0,0,0,0,0,0,0,0,0,0,169.184,0,0,-57.6511
"MtrElec",9,19,9,"",14.5576,0,0,0,0,0,0,0,0,0,0,0,0,0,0,0,0,0,0,0,0,194.082,0,0,-179.524
"MtrElec",9,19,10,"",0.0000078,0,0,0,0,0,0,0,0,0,0,0,0,0,0,0,0,0,0,0,0,213.143,0,76.7093,-289.853
"MtrElec",9,19,11,"",-0.665172,0,0,0,0,0,0,0,0,0,0,0,0,0,0,0,0,0,0,0,0,214.106,0,157.698,-372.469
"MtrElec",9,19,12,"",0,0,0,0,0,0,0,0,0,0,0,0,0,0,0,0,0,0,0,0,0,273.576,0,152.287,-425.863
"MtrElec",9,19,13,"",0,0,0,0,0,0,0,0,0,0,0,0,0,0,0,0,0,0,0,0,0,328.472,0,122.171,-450.643
"MtrElec",9,19,14,"",-110.324,0,0,0,0,0,0,0,0,0,0,0,0,0,0,0,0,0,0,0,0,252.533,0,79.5191,-442.376
"MtrElec",9,19,15,"",-147.45,0,0,0,0,0,0,0,0,0,0,0,0,0,0,0,0,0,0,0,0,257.735,0,0,-405.185
"MtrElec",9,19,16,"",-119.532,0,0,0,0,0,0,0,0,0,0,0,0,0,0,0,0,0,0,0,0,219.017,0,0,-338.549
"MtrElec",9,19,17,"",9.37461,0,0,0,0,0,0,0,0,0,0,0,0,0,0,0,0,0,0,0,0,250.724,0,0,-241.35
"MtrElec",9,19,18,"",174.062,0,0,0,0,0,0,0,0,0,0,0,0,0,0,0,0,0,0,0,0,292.84,0,0,-118.778
"MtrElec",9,19,19,"",215.036,0,0,0,0,0,0,0,0,0,0,0,0,0,0,0,0,0,0,0,0,389.161,0,-157.698,-16.4274
"MtrElec",9,19,20,"",145.039,0,0,0,0,0,0,0,0,0,0,0,0,0,0,0,0,0,0,0,0,302.737,0,-157.698,0
"MtrElec",9,19,21,"",91.463,0,0,0,0,0,0,0,0,0,0,0,0,0,0,0,0,0,0,0,0,249.161,0,-157.698,0
"MtrElec",9,19,22,"",171.252,0,0,0,0,0,0,0,0,0,0,0,0,0,0,0,0,0,0,0,0,229.175,0,-57.9237,0
"MtrElec",9,19,23,"",199.444,0,0,0,0,0,0,0,0,0,0,0,0,0,0,0,0,0,0,0,0,199.444,0,0,0
"MtrElec",9,19,24,"",213.872,0,0,0,0,0,0,0,0,0,0,0,0,0,0,0,0,0,0,0,0,213.872,0,0,0
"MtrElec",9,20,1,"",111.19,0,0,0,0,0,0,0,0,0,0,0,0,0,0,0,0,0,0,0,0,111.19,0,0,0
"MtrElec",9,20,2,"",105.829,0,0,0,0,0,0,0,0,0,0,0,0,0,0,0,0,0,0,0,0,105.829,0,0,0
"MtrElec",9,20,3,"",105.033,0,0,0,0,0,0,0,0,0,0,0,0,0,0,0,0,0,0,0,0,105.033,0,0,0
"MtrElec",9,20,4,"",117.068,0,0,0,0,0,0,0,0,0,0,0,0,0,0,0,0,0,0,0,0,117.068,0,0,0
"MtrElec",9,20,5,"",154.92,0,0,0,0,0,0,0,0,0,0,0,0,0,0,0,0,0,0,0,0,154.92,0,0,0
"MtrElec",9,20,6,"",94.2778,0,0,0,0,0,0,0,0,0,0,0,0,0,0,0,0,0,0,0,0,94.2778,0,0,0
"MtrElec",9,20,7,"",108.703,0,0,0,0,0,0,0,0,0,0,0,0,0,0,0,0,0,0,0,0,110.768,0,0,-2.06417
"MtrElec",9,20,8,"",116.226,0,0,0,0,0,0,0,0,0,0,0,0,0,0,0,0,0,0,0,0,173.627,0,0,-57.4015
"MtrElec",9,20,9,"",8.02112,0,0,0,0,0,0,0,0,0,0,0,0,0,0,0,0,0,0,0,0,188.966,0,0,-180.945
"MtrElec",9,20,10,"",0.0000039,0,0,0,0,0,0,0,0,0,0,0,0,0,0,0,0,0,0,0,0,233.972,0,60.3245,-294.297
"MtrElec",9,20,11,"",0,0,0,0,0,0,0,0,0,0,0,0,0,0,0,0,0,0,0,0,0,306.841,0,70.5687,-377.41
"MtrElec",9,20,12,"",0.0000078,0,0,0,0,0,0,0,0,0,0,0,0,0,0,0,0,0,0,0,0,314.7,0,117.757,-432.457
"MtrElec",9,20,13,"",-28.5812,0,0,0,0,0,0,0,0,0,0,0,0,0,0,0,0,0,0,0,0,270.708,0,157.698,-456.987
"MtrElec",9,20,14,"",-68.8136,0,0,0,0,0,0,0,0,0,0,0,0,0,0,0,0,0,0,0,0,223.405,0,157.698,-449.917
"MtrElec",9,20,15,"",-182.994,0,0,0,0,0,0,0,0,0,0,0,0,0,0,0,0,0,0,0,0,205.099,0,24.3395,-412.432
"MtrElec",9,20,16,"",-127.126,0,0,0,0,0,0,0,0,0,0,0,0,0,0,0,0,0,0,0,0,211.119,0,0,-338.246
"MtrElec",9,20,17,"",-11.588,0,0,0,0,0,0,0,0,0,0,0,0,0,0,0,0,0,0,0,0,225.811,0,0,-237.399
"MtrElec",9,20,18,"",153.073,0,0,0,0,0,0,0,0,0,0,0,0,0,0,0,0,0,0,0,0,267.73,0,0,-114.657
"MtrElec",9,20,19,"",128.755,0,0,0,0,0,0,0,0,0,0,0,0,0,0,0,0,0,0,0,0,301.572,0,-157.698,-15.1194
"MtrElec",9,20,20,"",113.205,0,0,0,0,0,0,0,0,0,0,0,0,0,0,0,0,0,0,0,0,270.903,0,-157.698,0
"MtrElec",9,20,21,"",103.818,0,0,0,0,0,0,0,0,0,0,0,0,0,0,0,0,0,0,0,0,261.516,0,-157.698,0
"MtrElec",9,20,22,"",186.277,0,0,0,0,0,0,0,0,0,0,0,0,0,0,0,0,0,0,0,0,244.201,0,-57.9237,0
"MtrElec",9,20,23,"",161.212,0,0,0,0,0,0,0,0,0,0,0,0,0,0,0,0,0,0,0,0,161.212,0,0,0
"MtrElec",9,20,24,"",179.036,0,0,0,0,0,0,0,0,0,0,0,0,0,0,0,0,0,0,0,0,179.036,0,0,0
"MtrElec",9,21,1,"",106.933,0,0,0,0,0,0,0,0,0,0,0,0,0,0,0,0,0,0,0,0,106.933,0,0,0
"MtrElec",9,21,2,"",104.711,0,0,0,0,0,0,0,0,0,0,0,0,0,0,0,0,0,0,0,0,104.711,0,0,0
"MtrElec",9,21,3,"",100.692,0,0,0,0,0,0,0,0,0,0,0,0,0,0,0,0,0,0,0,0,100.692,0,0,0
"MtrElec",9,21,4,"",93.5697,0,0,0,0,0,0,0,0,0,0,0,0,0,0,0,0,0,0,0,0,93.5697,0,0,0
"MtrElec",9,21,5,"",93.7093,0,0,0,0,0,0,0,0,0,0,0,0,0,0,0,0,0,0,0,0,93.7093,0,0,0
"MtrElec",9,21,6,"",146.161,0,0,0,0,0,0,0,0,0,0,0,0,0,0,0,0,0,0,0,0,146.161,0,0,0
"MtrElec",9,21,7,"",170.295,0,0,0,0,0,0,0,0,0,0,0,0,0,0,0,0,0,0,0,0,170.295,0,0,0
"MtrElec",9,21,8,"",182.97,0,0,0,0,0,0,0,0,0,0,0,0,0,0,0,0,0,0,0,0,239.715,0,0,-56.7452
"MtrElec",9,21,9,"",45.4356,0,0,0,0,0,0,0,0,0,0,0,0,0,0,0,0,0,0,0,0,223.575,0,0,-178.14
"MtrElec",9,21,10,"",0.0000078,0,0,0,0,0,0,0,0,0,0,0,0,0,0,0,0,0,0,0,0,177.721,0,108.05,-285.771
"MtrElec",9,21,11,"",0,0,0,0,0,0,0,0,0,0,0,0,0,0,0,0,0,0,0,0,0,226.944,0,134.215,-361.16
"MtrElec",9,21,12,"",-38.0242,0,0,0,0,0,0,0,0,0,0,0,0,0,0,0,0,0,0,0,0,224.179,0,157.698,-419.901
"MtrElec",9,21,13,"",-80.149,0,0,0,0,0,0,0,0,0,0,0,0,0,0,0,0,0,0,0,0,208.878,0,157.698,-446.725
"MtrElec",9,21,14,"",-257.806,0,0,0,0,0,0,0,0,0,0,0,0,0,0,0,0,0,0,0,0,150.094,0,30.7242,-438.625
"MtrElec",9,21,15,"",-195.262,0,0,0,0,0,0,0,0,0,0,0,0,0,0,0,0,0,0,0,0,206.669,0,0,-401.931
"MtrElec",9,21,16,"",-139.766,0,0,0,0,0,0,0,0,0,0,0,0,0,0,0,0,0,0,0,0,191.746,0,0,-331.511
"MtrElec",9,21,17,"",0.967,0,0,0,0,0,0,0,0,0,0,0,0,0,0,0,0,0,0,0,0,229.139,0,0,-228.172
"MtrElec",9,21,18,"",164.573,0,0,0,0,0,0,0,0,0,0,0,0,0,0,0,0,0,0,0,0,272.106,0,0,-107.532
"MtrElec",9,21,19,"",128.893,0,0,0,0,0,0,0,0,0,0,0,0,0,0,0,0,0,0,0,0,299.561,0,-157.698,-12.97
"MtrElec",9,21,20,"",136.475,0,0,0,0,0,0,0,0,0,0,0,0,0,0,0,0,0,0,0,0,294.173,0,-157.698,0
"MtrElec",9,21,21,"",122.481,0,0,0,0,0,0,0,0,0,0,0,0,0,0,0,0,0,0,0,0,280.179,0,-157.698,0
"MtrElec",9,21,22,"",157.363,0,0,0,0,0,0,0,0,0,0,0,0,0,0,0,0,0,0,0,0,215.286,0,-57.9237,0
"MtrElec",9,21,23,"",245.801,0,0,0,0,0,0,0,0,0,0,0,0,0,0,0,0,0,0,0,0,245.801,0,0,0
"MtrElec",9,21,24,"",168.225,0,0,0,0,0,0,0,0,0,0,0,0,0,0,0,0,0,0,0,0,168.225,0,0,0
"MtrElec",9,22,1,"",122.556,0,0,0,0,0,0,0,0,0,0,0,0,0,0,0,0,0,0,0,0,122.556,0,0,0
"MtrElec",9,22,2,"",104.708,0,0,0,0,0,0,0,0,0,0,0,0,0,0,0,0,0,0,0,0,104.708,0,0,0
"MtrElec",9,22,3,"",127.046,0,0,0,0,0,0,0,0,0,0,0,0,0,0,0,0,0,0,0,0,127.046,0,0,0
"MtrElec",9,22,4,"",93.1395,0,0,0,0,0,0,0,0,0,0,0,0,0,0,0,0,0,0,0,0,93.1395,0,0,0
"MtrElec",9,22,5,"",98.3542,0,0,0,0,0,0,0,0,0,0,0,0,0,0,0,0,0,0,0,0,98.3542,0,0,0
"MtrElec",9,22,6,"",96.0729,0,0,0,0,0,0,0,0,0,0,0,0,0,0,0,0,0,0,0,0,96.0729,0,0,0
"MtrElec",9,22,7,"",168.133,0,0,0,0,0,0,0,0,0,0,0,0,0,0,0,0,0,0,0,0,168.133,0,0,0
"MtrElec",9,22,8,"",170.715,0,0,0,0,0,0,0,0,0,0,0,0,0,0,0,0,0,0,0,0,211.109,0,0,-40.3944
"MtrElec",9,22,9,"",86.8814,0,0,0,0,0,0,0,0,0,0,0,0,0,0,0,0,0,0,0,0,202.866,0,0,-115.985
"MtrElec",9,22,10,"",0,0,0,0,0,0,0,0,0,0,0,0,0,0,0,0,0,0,0,0,0,172.177,0,83.1557,-255.332
"MtrElec",9,22,11,"",0,0,0,0,0,0,0,0,0,0,0,0,0,0,0,0,0,0,0,0,0,225.154,0,139.038,-364.192
"MtrElec",9,22,12,"",-60.1116,0,0,0,0,0,0,0,0,0,0,0,0,0,0,0,0,0,0,0,0,205.625,0,157.698,-423.435
"MtrElec",9,22,13,"",-40.3498,0,0,0,0,0,0,0,0,0,0,0,0,0,0,0,0,0,0,0,0,242.271,0,157.698,-440.319
"MtrElec",9,22,14,"",-259.353,0,0,0,0,0,0,0,0,0,0,0,0,0,0,0,0,0,0,0,0,129.202,0,50.795,-439.35
"MtrElec",9,22,15,"",-224.431,0,0,0,0,0,0,0,0,0,0,0,0,0,0,0,0,0,0,0,0,182.798,0,0,-407.228
"MtrElec",9,22,16,"",-171.349,0,0,0,0,0,0,0,0,0,0,0,0,0,0,0,0,0,0,0,0,164.937,0,0,-336.286
"MtrElec",9,22,17,"",-4.92128,0,0,0,0,0,0,0,0,0,0,0,0,0,0,0,0,0,0,0,0,230.943,0,0,-235.864
"MtrElec",9,22,18,"",154.653,0,0,0,0,0,0,0,0,0,0,0,0,0,0,0,0,0,0,0,0,265.972,0,0,-111.319
"MtrElec",9,22,19,"",114.943,0,0,0,0,0,0,0,0,0,0,0,0,0,0,0,0,0,0,0,0,286.039,0,-157.698,-13.3975
"MtrElec",9,22,20,"",135.261,0,0,0,0,0,0,0,0,0,0,0,0,0,0,0,0,0,0,0,0,292.959,0,-157.698,0
"MtrElec",9,22,21,"",120.617,0,0,0,0,0,0,0,0,0,0,0,0,0,0,0,0,0,0,0,0,278.315,0,-157.698,0
"MtrElec",9,22,22,"",141.226,0,0,0,0,0,0,0,0,0,0,0,0,0,0,0,0,0,0,0,0,199.15,0,-57.9237,0
"MtrElec",9,22,23,"",179.573,0,0,0,0,0,0,0,0,0,0,0,0,0,0,0,0,0,0,0,0,179.573,0,0,0
"MtrElec",9,22,24,"",148.186,0,0,0,0,0,0,0,0,0,0,0,0,0,0,0,0,0,0,0,0,148.186,0,0,0
"MtrElec",9,23,1,"",131.96,0,0,0,0,0,0,0,0,0,0,0,0,0,0,0,0,0,0,0,0,131.96,0,0,0
"MtrElec",9,23,2,"",105.886,0,0,0,0,0,0,0,0,0,0,0,0,0,0,0,0,0,0,0,0,105.886,0,0,0
"MtrElec",9,23,3,"",94.3115,0,0,0,0,0,0,0,0,0,0,0,0,0,0,0,0,0,0,0,0,94.3115,0,0,0
"MtrElec",9,23,4,"",94.7742,0,0,0,0,0,0,0,0,0,0,0,0,0,0,0,0,0,0,0,0,94.7742,0,0,0
"MtrElec",9,23,5,"",100.096,0,0,0,0,0,0,0,0,0,0,0,0,0,0,0,0,0,0,0,0,100.096,0,0,0
"MtrElec",9,23,6,"",139.46,0,0,0,0,0,0,0,0,0,0,0,0,0,0,0,0,0,0,0,0,139.46,0,0,0
"MtrElec",9,23,7,"",132.49,0,0,0,0,0,0,0,0,0,0,0,0,0,0,0,0,0,0,0,0,132.49,0,0,0
"MtrElec",9,23,8,"",177.953,0,0,0,0,0,0,0,0,0,0,0,0,0,0,0,0,0,0,0,0,235.897,0,0,-57.9445
"MtrElec",9,23,9,"",19.3903,0,0,0,0,0,0,0,0,0,0,0,0,0,0,0,0,0,0,0,0,203.417,0,0,-184.027
"MtrElec",9,23,10,"",0,0,0,0,0,0,0,0,0,0,0,0,0,0,0,0,0,0,0,0,0,235.189,0,63.1248,-298.314
"MtrElec",9,23,11,"",-15.3059,0,0,0,0,0,0,0,0,0,0,0,0,0,0,0,0,0,0,0,0,210.879,0,157.698,-383.883
"MtrElec",9,23,12,"",-81.1372,0,0,0,0,0,0,0,0,0,0,0,0,0,0,0,0,0,0,0,0,203.135,0,157.698,-441.97
"MtrElec",9,23,13,"",-57.2394,0,0,0,0,0,0,0,0,0,0,0,0,0,0,0,0,0,0,0,0,249.939,0,157.698,-464.876
"MtrElec",9,23,14,"",-210.787,0,0,0,0,0,0,0,0,0,0,0,0,0,0,0,0,0,0,0,0,191.801,0,52.1664,-454.754
"MtrElec",9,23,15,"",-209.05,0,0,0,0,0,0,0,0,0,0,0,0,0,0,0,0,0,0,0,0,202.082,0,0,-411.132
"MtrElec",9,23,16,"",-148.067,0,0,0,0,0,0,0,0,0,0,0,0,0,0,0,0,0,0,0,0,187.394,0,0,-335.461
"MtrElec",9,23,17,"",21.9426,0,0,0,0,0,0,0,0,0,0,0,0,0,0,0,0,0,0,0,0,256.617,0,0,-234.675
"MtrElec",9,23,18,"",153.801,0,0,0,0,0,0,0,0,0,0,0,0,0,0,0,0,0,0,0,0,264.32,0,0,-110.519
"MtrElec",9,23,19,"",118.51,0,0,0,0,0,0,0,0,0,0,0,0,0,0,0,0,0,0,0,0,288.754,0,-157.698,-12.5465
"MtrElec",9,23,20,"",137.736,0,0,0,0,0,0,0,0,0,0,0,0,0,0,0,0,0,0,0,0,295.434,0,-157.698,0
"MtrElec",9,23,21,"",109.727,0,0,0,0,0,0,0,0,0,0,0,0,0,0,0,0,0,0,0,0,267.425,0,-157.698,0
"MtrElec",9,23,22,"",186.717,0,0,0,0,0,0,0,0,0,0,0,0,0,0,0,0,0,0,0,0,244.641,0,-57.9237,0
"MtrElec",9,23,23,"",222.237,0,0,0,0,0,0,0,0,0,0,0,0,0,0,0,0,0,0,0,0,222.237,0,0,0
"MtrElec",9,23,24,"",177.912,0,0,0,0,0,0,0,0,0,0,0,0,0,0,0,0,0,0,0,0,177.912,0,0,0
"MtrElec",9,24,1,"",129.536,0,0,0,0,0,0,0,0,0,0,0,0,0,0,0,0,0,0,0,0,129.536,0,0,0
"MtrElec",9,24,2,"",105.032,0,0,0,0,0,0,0,0,0,0,0,0,0,0,0,0,0,0,0,0,105.032,0,0,0
"MtrElec",9,24,3,"",96.005,0,0,0,0,0,0,0,0,0,0,0,0,0,0,0,0,0,0,0,0,96.005,0,0,0
"MtrElec",9,24,4,"",111.231,0,0,0,0,0,0,0,0,0,0,0,0,0,0,0,0,0,0,0,0,111.231,0,0,0
"MtrElec",9,24,5,"",108.959,0,0,0,0,0,0,0,0,0,0,0,0,0,0,0,0,0,0,0,0,108.959,0,0,0
"MtrElec",9,24,6,"",148.445,0,0,0,0,0,0,0,0,0,0,0,0,0,0,0,0,0,0,0,0,148.445,0,0,0
"MtrElec",9,24,7,"",163.571,0,0,0,0,0,0,0,0,0,0,0,0,0,0,0,0,0,0,0,0,163.571,0,0,0
"MtrElec",9,24,8,"",146.637,0,0,0,0,0,0,0,0,0,0,0,0,0,0,0,0,0,0,0,0,204.898,0,0,-58.2605
"MtrElec",9,24,9,"",45.4972,0,0,0,0,0,0,0,0,0,0,0,0,0,0,0,0,0,0,0,0,226.246,0,0,-180.749
"MtrElec",9,24,10,"",0,0,0,0,0,0,0,0,0,0,0,0,0,0,0,0,0,0,0,0,0,212.347,0,77.638,-289.985
"MtrElec",9,24,11,"",0.0000156,0,0,0,0,0,0,0,0,0,0,0,0,0,0,0,0,0,0,0,0,220.284,0,151.158,-371.442
"MtrElec",9,24,12,"",-72.9073,0,0,0,0,0,0,0,0,0,0,0,0,0,0,0,0,0,0,0,0,187.249,0,157.698,-417.854
"MtrElec",9,24,13,"",-46.0025,0,0,0,0,0,0,0,0,0,0,0,0,0,0,0,0,0,0,0,0,234.078,0,157.698,-437.778
"MtrElec",9,24,14,"",-224.646,0,0,0,0,0,0,0,0,0,0,0,0,0,0,0,0,0,0,0,0,165.724,0,44.1937,-434.563
"MtrElec",9,24,15,"",-210.279,0,0,0,0,0,0,0,0,0,0,0,0,0,0,0,0,0,0,0,0,178.587,0,0,-388.866
"MtrElec",9,24,16,"",-93.833,0,0,0,0,0,0,0,0,0,0,0,0,0,0,0,0,0,0,0,0,230.704,0,0,-324.537
"MtrElec",9,24,17,"",40.1628,0,0,0,0,0,0,0,0,0,0,0,0,0,0,0,0,0,0,0,0,269.382,0,0,-229.219
"MtrElec",9,24,18,"",196.265,0,0,0,0,0,0,0,0,0,0,0,0,0,0,0,0,0,0,0,0,303.263,0,0,-106.998
"MtrElec",9,24,19,"",154.106,0,0,0,0,0,0,0,0,0,0,0,0,0,0,0,0,0,0,0,0,322.911,0,-157.698,-11.1069
"MtrElec",9,24,20,"",133.609,0,0,0,0,0,0,0,0,0,0,0,0,0,0,0,0,0,0,0,0,291.307,0,-157.698,0
"MtrElec",9,24,21,"",108.895,0,0,0,0,0,0,0,0,0,0,0,0,0,0,0,0,0,0,0,0,266.593,0,-157.698,0
"MtrElec",9,24,22,"",173.167,0,0,0,0,0,0,0,0,0,0,0,0,0,0,0,0,0,0,0,0,231.091,0,-57.9237,0
"MtrElec",9,24,23,"",215.554,0,0,0,0,0,0,0,0,0,0,0,0,0,0,0,0,0,0,0,0,215.554,0,0,0
"MtrElec",9,24,24,"",159.948,0,0,0,0,0,0,0,0,0,0,0,0,0,0,0,0,0,0,0,0,159.948,0,0,0
"MtrElec",9,25,1,"",106.742,0,0,0,0,0,0,0,0,0,0,0,0,0,0,0,0,0,0,0,0,106.742,0,0,0
"MtrElec",9,25,2,"",110.038,0,0,0,0,0,0,0,0,0,0,0,0,0,0,0,0,0,0,0,0,110.038,0,0,0
"MtrElec",9,25,3,"",103.761,0,0,0,0,0,0,0,0,0,0,0,0,0,0,0,0,0,0,0,0,103.761,0,0,0
"MtrElec",9,25,4,"",88.1485,0,0,0,0,0,0,0,0,0,0,0,0,0,0,0,0,0,0,0,0,88.1485,0,0,0
"MtrElec",9,25,5,"",99.2636,0,0,0,0,0,0,0,0,0,0,0,0,0,0,0,0,0,0,0,0,99.2636,0,0,0
"MtrElec",9,25,6,"",142.935,0,0,0,0,0,0,0,0,0,0,0,0,0,0,0,0,0,0,0,0,142.935,0,0,0
"MtrElec",9,25,7,"",154.929,0,0,0,0,0,0,0,0,0,0,0,0,0,0,0,0,0,0,0,0,154.929,0,0,0
"MtrElec",9,25,8,"",162.631,0,0,0,0,0,0,0,0,0,0,0,0,0,0,0,0,0,0,0,0,219.644,0,0,-57.0135
"MtrElec",9,25,9,"",31.2843,0,0,0,0,0,0,0,0,0,0,0,0,0,0,0,0,0,0,0,0,210.638,0,0,-179.354
"MtrElec",9,25,10,"",0,0,0,0,0,0,0,0,0,0,0,0,0,0,0,0,0,0,0,0,0,255.378,0,36.8254,-292.203
"MtrElec",9,25,11,"",0,0,0,0,0,0,0,0,0,0,0,0,0,0,0,0,0,0,0,0,0,257.162,0,119.165,-376.327
"MtrElec",9,25,12,"",-60.704,0,0,0,0,0,0,0,0,0,0,0,0,0,0,0,0,0,0,0,0,210.545,0,157.698,-428.947
"MtrElec",9,25,13,"",-25.7342,0,0,0,0,0,0,0,0,0,0,0,0,0,0,0,0,0,0,0,0,264.347,0,157.698,-447.779
"MtrElec",9,25,14,"",-109.258,0,0,0,0,0,0,0,0,0,0,0,0,0,0,0,0,0,0,0,0,209.828,0,116.998,-436.084
"MtrElec",9,25,15,"",-161.397,0,0,0,0,0,0,0,0,0,0,0,0,0,0,0,0,0,0,0,0,236.962,0,0,-398.359
"MtrElec",9,25,16,"",-117.029,0,0,0,0,0,0,0,0,0,0,0,0,0,0,0,0,0,0,0,0,209.951,0,0,-326.979
"MtrElec",9,25,17,"",64.0597,0,0,0,0,0,0,0,0,0,0,0,0,0,0,0,0,0,0,0,0,289.966,0,0,-225.906
"MtrElec",9,25,18,"",184.169,0,0,0,0,0,0,0,0,0,0,0,0,0,0,0,0,0,0,0,0,287.85,0,0,-103.681
"MtrElec",9,25,19,"",151.693,0,0,0,0,0,0,0,0,0,0,0,0,0,0,0,0,0,0,0,0,319.742,0,-157.698,-10.3512
"MtrElec",9,25,20,"",113.811,0,0,0,0,0,0,0,0,0,0,0,0,0,0,0,0,0,0,0,0,271.509,0,-157.698,0
"MtrElec",9,25,21,"",118.388,0,0,0,0,0,0,0,0,0,0,0,0,0,0,0,0,0,0,0,0,276.086,0,-157.698,0
"MtrElec",9,25,22,"",199.115,0,0,0,0,0,0,0,0,0,0,0,0,0,0,0,0,0,0,0,0,257.039,0,-57.9237,0
"MtrElec",9,25,23,"",177.696,0,0,0,0,0,0,0,0,0,0,0,0,0,0,0,0,0,0,0,0,177.696,0,0,0
"MtrElec",9,25,24,"",174.796,0,0,0,0,0,0,0,0,0,0,0,0,0,0,0,0,0,0,0,0,174.796,0,0,0
"MtrElec",9,26,1,"",107.25,0,0,0,0,0,0,0,0,0,0,0,0,0,0,0,0,0,0,0,0,107.25,0,0,0
"MtrElec",9,26,2,"",106.958,0,0,0,0,0,0,0,0,0,0,0,0,0,0,0,0,0,0,0,0,106.958,0,0,0
"MtrElec",9,26,3,"",105.669,0,0,0,0,0,0,0,0,0,0,0,0,0,0,0,0,0,0,0,0,105.669,0,0,0
"MtrElec",9,26,4,"",96.8444,0,0,0,0,0,0,0,0,0,0,0,0,0,0,0,0,0,0,0,0,96.8444,0,0,0
"MtrElec",9,26,5,"",171.134,0,0,0,0,0,0,0,0,0,0,0,0,0,0,0,0,0,0,0,0,171.134,0,0,0
"MtrElec",9,26,6,"",100.254,0,0,0,0,0,0,0,0,0,0,0,0,0,0,0,0,0,0,0,0,100.254,0,0,0
"MtrElec",9,26,7,"",104.957,0,0,0,0,0,0,0,0,0,0,0,0,0,0,0,0,0,0,0,0,104.957,0,0,0
"MtrElec",9,26,8,"",103.769,0,0,0,0,0,0,0,0,0,0,0,0,0,0,0,0,0,0,0,0,160.722,0,0,-56.9524
"MtrElec",9,26,9,"",34.6076,0,0,0,0,0,0,0,0,0,0,0,0,0,0,0,0,0,0,0,0,207.92,0,0,-173.312
"MtrElec",9,26,10,"",0,0,0,0,0,0,0,0,0,0,0,0,0,0,0,0,0,0,0,0,0,279.052,0,2.17016,-281.222
"MtrElec",9,26,11,"",0,0,0,0,0,0,0,0,0,0,0,0,0,0,0,0,0,0,0,0,0,341.057,0,30.2808,-371.337
"MtrElec",9,26,12,"",0,0,0,0,0,0,0,0,0,0,0,0,0,0,0,0,0,0,0,0,0,296.282,0,134.428,-430.71
"MtrElec",9,26,13,"",0,0,0,0,0,0,0,0,0,0,0,0,0,0,0,0,0,0,0,0,0,328.362,0,124.649,-453.012
"MtrElec",9,26,14,"",-29.3427,0,0,0,0,0,0,0,0,0,0,0,0,0,0,0,0,0,0,0,0,254.672,0,157.698,-441.713
"MtrElec",9,26,15,"",0,0,0,0,0,0,0,0,0,0,0,0,0,0,0,0,0,0,0,0,0,282.591,0,116.69,-399.281
"MtrElec",9,26,16,"",-42.7929,0,0,0,0,0,0,0,0,0,0,0,0,0,0,0,0,0,0,0,0,262.946,0,22.4691,-328.208
"MtrElec",9,26,17,"",48.7172,0,0,0,0,0,0,0,0,0,0,0,0,0,0,0,0,0,0,0,0,276.823,0,0,-228.106
"MtrElec",9,26,18,"",229.71,0,0,0,0,0,0,0,0,0,0,0,0,0,0,0,0,0,0,0,0,334.698,0,0,-104.988
"MtrElec",9,26,19,"",269.128,0,0,0,0,0,0,0,0,0,0,0,0,0,0,0,0,0,0,0,0,437.225,0,-157.698,-10.3993
"MtrElec",9,26,20,"",193.367,0,0,0,0,0,0,0,0,0,0,0,0,0,0,0,0,0,0,0,0,351.065,0,-157.698,0
"MtrElec",9,26,21,"",145.47,0,0,0,0,0,0,0,0,0,0,0,0,0,0,0,0,0,0,0,0,303.168,0,-157.698,0
"MtrElec",9,26,22,"",224.026,0,0,0,0,0,0,0,0,0,0,0,0,0,0,0,0,0,0,0,0,281.95,0,-57.9237,0
"MtrElec",9,26,23,"",198.738,0,0,0,0,0,0,0,0,0,0,0,0,0,0,0,0,0,0,0,0,198.738,0,0,0
"MtrElec",9,26,24,"",169.832,0,0,0,0,0,0,0,0,0,0,0,0,0,0,0,0,0,0,0,0,169.832,0,0,0
"MtrElec",9,27,1,"",115.18,0,0,0,0,0,0,0,0,0,0,0,0,0,0,0,0,0,0,0,0,115.18,0,0,0
"MtrElec",9,27,2,"",106.693,0,0,0,0,0,0,0,0,0,0,0,0,0,0,0,0,0,0,0,0,106.693,0,0,0
"MtrElec",9,27,3,"",107.816,0,0,0,0,0,0,0,0,0,0,0,0,0,0,0,0,0,0,0,0,107.816,0,0,0
"MtrElec",9,27,4,"",121.527,0,0,0,0,0,0,0,0,0,0,0,0,0,0,0,0,0,0,0,0,121.527,0,0,0
"MtrElec",9,27,5,"",129.911,0,0,0,0,0,0,0,0,0,0,0,0,0,0,0,0,0,0,0,0,129.911,0,0,0
"MtrElec",9,27,6,"",94.3187,0,0,0,0,0,0,0,0,0,0,0,0,0,0,0,0,0,0,0,0,94.3187,0,0,0
"MtrElec",9,27,7,"",110.541,0,0,0,0,0,0,0,0,0,0,0,0,0,0,0,0,0,0,0,0,110.541,0,0,0
"MtrElec",9,27,8,"",119.51,0,0,0,0,0,0,0,0,0,0,0,0,0,0,0,0,0,0,0,0,177.746,0,0,-58.2354
"MtrElec",9,27,9,"",10.122,0,0,0,0,0,0,0,0,0,0,0,0,0,0,0,0,0,0,0,0,188.378,0,0,-178.256
"MtrElec",9,27,10,"",0,0,0,0,0,0,0,0,0,0,0,0,0,0,0,0,0,0,0,0,0,243.386,0,46.0558,-289.442
"MtrElec",9,27,11,"",0.0000039,0,0,0,0,0,0,0,0,0,0,0,0,0,0,0,0,0,0,0,0,319.343,0,52.4967,-371.84
"MtrElec",9,27,12,"",0,0,0,0,0,0,0,0,0,0,0,0,0,0,0,0,0,0,0,0,0,267.712,0,157.229,-424.94
"MtrElec",9,27,13,"",-58.6369,0,0,0,0,0,0,0,0,0,0,0,0,0,0,0,0,0,0,0,0,230.264,0,157.698,-446.599
"MtrElec",9,27,14,"",-22.8928,0,0,0,0,0,0,0,0,0,0,0,0,0,0,0,0,0,0,0,0,255.011,0,157.698,-435.602
"MtrElec",9,27,15,"",-75.9959,0,0,0,0,0,0,0,0,0,0,0,0,0,0,0,0,0,0,0,0,303.539,0,17.2081,-396.742
"MtrElec",9,27,16,"",-34.394,0,0,0,0,0,0,0,0,0,0,0,0,0,0,0,0,0,0,0,0,290.382,0,0,-324.776
"MtrElec",9,27,17,"",77.8852,0,0,0,0,0,0,0,0,0,0,0,0,0,0,0,0,0,0,0,0,302.682,0,0,-224.797
"MtrElec",9,27,18,"",222.032,0,0,0,0,0,0,0,0,0,0,0,0,0,0,0,0,0,0,0,0,324.487,0,0,-102.455
"MtrElec",9,27,19,"",199.754,0,0,0,0,0,0,0,0,0,0,0,0,0,0,0,0,0,0,0,0,367.191,0,-157.698,-9.73821
"MtrElec",9,27,20,"",200.061,0,0,0,0,0,0,0,0,0,0,0,0,0,0,0,0,0,0,0,0,357.759,0,-157.698,0
"MtrElec",9,27,21,"",121.449,0,0,0,0,0,0,0,0,0,0,0,0,0,0,0,0,0,0,0,0,279.147,0,-157.698,0
"MtrElec",9,27,22,"",213.155,0,0,0,0,0,0,0,0,0,0,0,0,0,0,0,0,0,0,0,0,271.079,0,-57.9237,0
"MtrElec",9,27,23,"",204.052,0,0,0,0,0,0,0,0,0,0,0,0,0,0,0,0,0,0,0,0,204.052,0,0,0
"MtrElec",9,27,24,"",174.349,0,0,0,0,0,0,0,0,0,0,0,0,0,0,0,0,0,0,0,0,174.349,0,0,0
"MtrElec",9,28,1,"",117.548,0,0,0,0,0,0,0,0,0,0,0,0,0,0,0,0,0,0,0,0,117.548,0,0,0
"MtrElec",9,28,2,"",109.256,0,0,0,0,0,0,0,0,0,0,0,0,0,0,0,0,0,0,0,0,109.256,0,0,0
"MtrElec",9,28,3,"",102.098,0,0,0,0,0,0,0,0,0,0,0,0,0,0,0,0,0,0,0,0,102.098,0,0,0
"MtrElec",9,28,4,"",119.29,0,0,0,0,0,0,0,0,0,0,0,0,0,0,0,0,0,0,0,0,119.29,0,0,0
"MtrElec",9,28,5,"",100.546,0,0,0,0,0,0,0,0,0,0,0,0,0,0,0,0,0,0,0,0,100.546,0,0,0
"MtrElec",9,28,6,"",93.6851,0,0,0,0,0,0,0,0,0,0,0,0,0,0,0,0,0,0,0,0,93.6851,0,0,0
"MtrElec",9,28,7,"",184.433,0,0,0,0,0,0,0,0,0,0,0,0,0,0,0,0,0,0,0,0,184.433,0,0,0
"MtrElec",9,28,8,"",162.916,0,0,0,0,0,0,0,0,0,0,0,0,0,0,0,0,0,0,0,0,218.274,0,0,-55.3578
"MtrElec",9,28,9,"",33.071,0,0,0,0,0,0,0,0,0,0,0,0,0,0,0,0,0,0,0,0,214.55,0,0,-181.479
"MtrElec",9,28,10,"",0.0000039,0,0,0,0,0,0,0,0,0,0,0,0,0,0,0,0,0,0,0,0,252.997,0,40.0279,-293.024
"MtrElec",9,28,11,"",0,0,0,0,0,0,0,0,0,0,0,0,0,0,0,0,0,0,0,0,0,258.444,0,116.665,-375.109
"MtrElec",9,28,12,"",-39.6877,0,0,0,0,0,0,0,0,0,0,0,0,0,0,0,0,0,0,0,0,234.059,0,157.698,-431.445
"MtrElec",9,28,13,"",-20.8754,0,0,0,0,0,0,0,0,0,0,0,0,0,0,0,0,0,0,0,0,264.393,0,157.698,-442.966
"MtrElec",9,28,14,"",-69.9323,0,0,0,0,0,0,0,0,0,0,0,0,0,0,0,0,0,0,0,0,220.867,0,116.297,-407.096
"MtrElec",9,28,15,"",-144.999,0,0,0,0,0,0,0,0,0,0,0,0,0,0,0,0,0,0,0,0,244.632,0,0,-389.631
"MtrElec",9,28,16,"",-67.3308,0,0,0,0,0,0,0,0,0,0,0,0,0,0,0,0,0,0,0,0,227.744,0,0,-295.075
"MtrElec",9,28,17,"",127.758,0,0,0,0,0,0,0,0,0,0,0,0,0,0,0,0,0,0,0,0,318.542,0,0,-190.784
"MtrElec",9,28,18,"",238.56,0,0,0,0,0,0,0,0,0,0,0,0,0,0,0,0,0,0,0,0,318.299,0,0,-79.7389
"MtrElec",9,28,19,"",174.466,0,0,0,0,0,0,0,0,0,0,0,0,0,0,0,0,0,0,0,0,336.987,0,-157.698,-4.82316
"MtrElec",9,28,20,"",197.148,0,0,0,0,0,0,0,0,0,0,0,0,0,0,0,0,0,0,0,0,354.845,0,-157.698,0
"MtrElec",9,28,21,"",159.983,0,0,0,0,0,0,0,0,0,0,0,0,0,0,0,0,0,0,0,0,317.681,0,-157.698,0
"MtrElec",9,28,22,"",166.612,0,0,0,0,0,0,0,0,0,0,0,0,0,0,0,0,0,0,0,0,224.535,0,-57.9237,0
"MtrElec",9,28,23,"",218.453,0,0,0,0,0,0,0,0,0,0,0,0,0,0,0,0,0,0,0,0,218.453,0,0,0
"MtrElec",9,28,24,"",183.273,0,0,0,0,0,0,0,0,0,0,0,0,0,0,0,0,0,0,0,0,183.273,0,0,0
"MtrElec",9,29,1,"",131.581,0,0,0,0,0,0,0,0,0,0,0,0,0,0,0,0,0,0,0,0,131.581,0,0,0
"MtrElec",9,29,2,"",107.296,0,0,0,0,0,0,0,0,0,0,0,0,0,0,0,0,0,0,0,0,107.296,0,0,0
"MtrElec",9,29,3,"",94.5033,0,0,0,0,0,0,0,0,0,0,0,0,0,0,0,0,0,0,0,0,94.5033,0,0,0
"MtrElec",9,29,4,"",108.201,0,0,0,0,0,0,0,0,0,0,0,0,0,0,0,0,0,0,0,0,108.201,0,0,0
"MtrElec",9,29,5,"",106.63,0,0,0,0,0,0,0,0,0,0,0,0,0,0,0,0,0,0,0,0,106.63,0,0,0
"MtrElec",9,29,6,"",133.691,0,0,0,0,0,0,0,0,0,0,0,0,0,0,0,0,0,0,0,0,133.691,0,0,0
"MtrElec",9,29,7,"",172.641,0,0,0,0,0,0,0,0,0,0,0,0,0,0,0,0,0,0,0,0,172.641,0,0,0
"MtrElec",9,29,8,"",169.361,0,0,0,0,0,0,0,0,0,0,0,0,0,0,0,0,0,0,0,0,212.596,0,0,-43.2356
"MtrElec",9,29,9,"",103.388,0,0,0,0,0,0,0,0,0,0,0,0,0,0,0,0,0,0,0,0,272.586,0,0,-169.197
"MtrElec",9,29,10,"",0,0,0,0,0,0,0,0,0,0,0,0,0,0,0,0,0,0,0,0,0,251.708,0,19.0321,-270.74
"MtrElec",9,29,11,"",0.0000039,0,0,0,0,0,0,0,0,0,0,0,0,0,0,0,0,0,0,0,0,291.965,0,60.5816,-352.546
"MtrElec",9,29,12,"",-3.0405,0,0,0,0,0,0,0,0,0,0,0,0,0,0,0,0,0,0,0,0,262.241,0,157.698,-422.979
"MtrElec",9,29,13,"",-4.17659,0,0,0,0,0,0,0,0,0,0,0,0,0,0,0,0,0,0,0,0,283.162,0,157.698,-445.036
"MtrElec",9,29,14,"",-23.9481,0,0,0,0,0,0,0,0,0,0,0,0,0,0,0,0,0,0,0,0,198.068,0,157.698,-379.714
"MtrElec",9,29,15,"",-72.8844,0,0,0,0,0,0,0,0,0,0,0,0,0,0,0,0,0,0,0,0,229.227,0,35.6776,-337.789
"MtrElec",9,29,16,"",-61.4745,0,0,0,0,0,0,0,0,0,0,0,0,0,0,0,0,0,0,0,0,245.466,0,0,-306.94
"MtrElec",9,29,17,"",75.9117,0,0,0,0,0,0,0,0,0,0,0,0,0,0,0,0,0,0,0,0,246.123,0,0,-170.211
"MtrElec",9,29,18,"",219.473,0,0,0,0,0,0,0,0,0,0,0,0,0,0,0,0,0,0,0,0,292.582,0,0,-73.1093
"MtrElec",9,29,19,"",128.457,0,0,0,0,0,0,0,0,0,0,0,0,0,0,0,0,0,0,0,0,289.668,0,-157.698,-3.51225
"MtrElec",9,29,20,"",160.57,0,0,0,0,0,0,0,0,0,0,0,0,0,0,0,0,0,0,0,0,318.268,0,-157.698,0
"MtrElec",9,29,21,"",174.292,0,0,0,0,0,0,0,0,0,0,0,0,0,0,0,0,0,0,0,0,331.99,0,-157.698,0
"MtrElec",9,29,22,"",170.583,0,0,0,0,0,0,0,0,0,0,0,0,0,0,0,0,0,0,0,0,228.507,0,-57.9237,0
"MtrElec",9,29,23,"",218.35,0,0,0,0,0,0,0,0,0,0,0,0,0,0,0,0,0,0,0,0,218.35,0,0,0
"MtrElec",9,29,24,"",156.311,0,0,0,0,0,0,0,0,0,0,0,0,0,0,0,0,0,0,0,0,156.311,0,0,0
"MtrElec",9,30,1,"",104.645,0,0,0,0,0,0,0,0,0,0,0,0,0,0,0,0,0,0,0,0,104.645,0,0,0
"MtrElec",9,30,2,"",107.486,0,0,0,0,0,0,0,0,0,0,0,0,0,0,0,0,0,0,0,0,107.486,0,0,0
"MtrElec",9,30,3,"",129.835,0,0,0,0,0,0,0,0,0,0,0,0,0,0,0,0,0,0,0,0,129.835,0,0,0
"MtrElec",9,30,4,"",94.2764,0,0,0,0,0,0,0,0,0,0,0,0,0,0,0,0,0,0,0,0,94.2764,0,0,0
"MtrElec",9,30,5,"",100.667,0,0,0,0,0,0,0,0,0,0,0,0,0,0,0,0,0,0,0,0,100.667,0,0,0
"MtrElec",9,30,6,"",96.1944,0,0,0,0,0,0,0,0,0,0,0,0,0,0,0,0,0,0,0,0,96.1944,0,0,0
"MtrElec",9,30,7,"",177.565,0,0,0,0,0,0,0,0,0,0,0,0,0,0,0,0,0,0,0,0,177.565,0,0,0
"MtrElec",9,30,8,"",192.107,0,0,0,0,0,0,0,0,0,0,0,0,0,0,0,0,0,0,0,0,249.298,0,0,-57.1915
"MtrElec",9,30,9,"",56.8736,0,0,0,0,0,0,0,0,0,0,0,0,0,0,0,0,0,0,0,0,228.935,0,0,-172.062
"MtrElec",9,30,10,"",0.0000010,0,0,0,0,0,0,0,0,0,0,0,0,0,0,0,0,0,0,0,0,265.713,0,15.8667,-281.58
"MtrElec",9,30,11,"",0.0000078,0,0,0,0,0,0,0,0,0,0,0,0,0,0,0,0,0,0,0,0,252.5,0,100.726,-353.226
"MtrElec",9,30,12,"",0,0,0,0,0,0,0,0,0,0,0,0,0,0,0,0,0,0,0,0,0,232.874,0,120.186,-353.06
"MtrElec",9,30,13,"",0.0000039,0,0,0,0,0,0,0,0,0,0,0,0,0,0,0,0,0,0,0,0,303.3,0,58.3076,-361.607
"MtrElec",9,30,14,"",0,0,0,0,0,0,0,0,0,0,0,0,0,0,0,0,0,0,0,0,0,192.34,0,143.031,-335.371
"MtrElec",9,30,15,"",0,0,0,0,0,0,0,0,0,0,0,0,0,0,0,0,0,0,0,0,0,193.647,0,95.5318,-289.179
"MtrElec",9,30,16,"",38.7874,0,0,0,0,0,0,0,0,0,0,0,0,0,0,0,0,0,0,0,0,203.985,0,0,-165.198
"MtrElec",9,30,17,"",182.262,0,0,0,0,0,0,0,0,0,0,0,0,0,0,0,0,0,0,0,0,284.091,0,0,-101.829
"MtrElec",9,30,18,"",235.352,0,0,0,0,0,0,0,0,0,0,0,0,0,0,0,0,0,0,0,0,268.459,0,0,-33.1066
"MtrElec",9,30,19,"",123.034,0,0,0,0,0,0,0,0,0,0,0,0,0,0,0,0,0,0,0,0,280.732,0,-157.698,0
"MtrElec",9,30,20,"",135.847,0,0,0,0,0,0,0,0,0,0,0,0,0,0,0,0,0,0,0,0,293.545,0,-157.698,0
"MtrElec",9,30,21,"",126.52,0,0,0,0,0,0,0,0,0,0,0,0,0,0,0,0,0,0,0,0,284.218,0,-157.698,0
"MtrElec",9,30,22,"",234.357,0,0,0,0,0,0,0,0,0,0,0,0,0,0,0,0,0,0,0,0,242.881,0,-8.52429,0
"MtrElec",9,30,23,"",253.477,0,0,0,0,0,0,0,0,0,0,0,0,0,0,0,0,0,0,0,0,253.477,0,0,0
"MtrElec",9,30,24,"",152.332,0,0,0,0,0,0,0,0,0,0,0,0,0,0,0,0,0,0,0,0,152.332,0,0,0
"MtrElec",10,1,1,"",129.745,0,0,0,0,0,0,0,0,0,0,0,0,0,0,0,0,0,0,0,0,129.745,0,0,0
"MtrElec",10,1,2,"",114.664,0,0,0,0,0,0,0,0,0,0,0,0,0,0,0,0,0,0,0,0,114.664,0,0,0
"MtrElec",10,1,3,"",130.118,0,0,0,0,0,0,0,0,0,0,0,0,0,0,0,0,0,0,0,0,130.118,0,0,0
"MtrElec",10,1,4,"",119.518,0,0,0,0,0,0,0,0,0,0,0,0,0,0,0,0,0,0,0,0,119.518,0,0,0
"MtrElec",10,1,5,"",110.824,0,0,0,0,0,0,0,0,0,0,0,0,0,0,0,0,0,0,0,0,110.824,0,0,0
"MtrElec",10,1,6,"",112.074,0,0,0,0,0,0,0,0,0,0,0,0,0,0,0,0,0,0,0,0,112.074,0,0,0
"MtrElec",10,1,7,"",187.483,0,0,0,0,0,0,0,0,0,0,0,0,0,0,0,0,0,0,0,0,187.483,0,0,0
"MtrElec",10,1,8,"",182.922,0,0,0,0,0,0,0,0,0,0,0,0,0,0,0,0,0,0,0,0,235.512,0,0,-52.5904
"MtrElec",10,1,9,"",81.508,0,0,0,0,0,0,0,0,0,0,0,0,0,0,0,0,0,0,0,0,252.37,0,0,-170.862
"MtrElec",10,1,10,"",13.9134,0,0,0,0,0,0,0,0,0,0,0,0,0,0,0,0,0,0,0,0,287.501,0,0,-273.588
"MtrElec",10,1,11,"",0.0000020,0,0,0,0,0,0,0,0,0,0,0,0,0,0,0,0,0,0,0,0,324.058,0,21.2644,-345.322
"MtrElec",10,1,12,"",0,0,0,0,0,0,0,0,0,0,0,0,0,0,0,0,0,0,0,0,0,341.774,0,56.0014,-397.775
"MtrElec",10,1,13,"",0.0000039,0,0,0,0,0,0,0,0,0,0,0,0,0,0,0,0,0,0,0,0,355.937,0,56.8308,-412.768
"MtrElec",10,1,14,"",0,0,0,0,0,0,0,0,0,0,0,0,0,0,0,0,0,0,0,0,0,315.074,0,88.6702,-403.744
"MtrElec",10,1,15,"",0,0,0,0,0,0,0,0,0,0,0,0,0,0,0,0,0,0,0,0,0,362.468,0,8.99819,-371.466
"MtrElec",10,1,16,"",46.9221,0,0,0,0,0,0,0,0,0,0,0,0,0,0,0,0,0,0,0,0,350.413,0,0,-303.491
"MtrElec",10,1,17,"",184.706,0,0,0,0,0,0,0,0,0,0,0,0,0,0,0,0,0,0,0,0,392.55,0,0,-207.844
"MtrElec",10,1,18,"",320.98,0,0,0,0,0,0,0,0,0,0,0,0,0,0,0,0,0,0,0,0,409.781,0,0,-88.8005
"MtrElec",10,1,19,"",247.985,0,0,0,0,0,0,0,0,0,0,0,0,0,0,0,0,0,0,0,0,410.146,0,-157.698,-4.46323
"MtrElec",10,1,20,"",338.882,0,0,0,0,0,0,0,0,0,0,0,0,0,0,0,0,0,0,0,0,390.352,0,-51.4699,0
"MtrElec",10,1,21,"",339.971,0,0,0,0,0,0,0,0,0,0,0,0,0,0,0,0,0,0,0,0,339.971,0,0,0
"MtrElec",10,1,22,"",299.57,0,0,0,0,0,0,0,0,0,0,0,0,0,0,0,0,0,0,0,0,299.57,0,0,0
"MtrElec",10,1,23,"",241.043,0,0,0,0,0,0,0,0,0,0,0,0,0,0,0,0,0,0,0,0,241.043,0,0,0
"MtrElec",10,1,24,"",201.651,0,0,0,0,0,0,0,0,0,0,0,0,0,0,0,0,0,0,0,0,201.651,0,0,0
"MtrElec",10,2,1,"",162.495,0,0,0,0,0,0,0,0,0,0,0,0,0,0,0,0,0,0,0,0,162.495,0,0,0
"MtrElec",10,2,2,"",138.701,0,0,0,0,0,0,0,0,0,0,0,0,0,0,0,0,0,0,0,0,138.701,0,0,0
"MtrElec",10,2,3,"",112.607,0,0,0,0,0,0,0,0,0,0,0,0,0,0,0,0,0,0,0,0,112.607,0,0,0
"MtrElec",10,2,4,"",120.915,0,0,0,0,0,0,0,0,0,0,0,0,0,0,0,0,0,0,0,0,120.915,0,0,0
"MtrElec",10,2,5,"",112.998,0,0,0,0,0,0,0,0,0,0,0,0,0,0,0,0,0,0,0,0,112.998,0,0,0
"MtrElec",10,2,6,"",126.285,0,0,0,0,0,0,0,0,0,0,0,0,0,0,0,0,0,0,0,0,126.285,0,0,0
"MtrElec",10,2,7,"",178.869,0,0,0,0,0,0,0,0,0,0,0,0,0,0,0,0,0,0,0,0,178.869,0,0,0
"MtrElec",10,2,8,"",206.185,0,0,0,0,0,0,0,0,0,0,0,0,0,0,0,0,0,0,0,0,260.749,0,0,-54.5631
"MtrElec",10,2,9,"",86.8477,0,0,0,0,0,0,0,0,0,0,0,0,0,0,0,0,0,0,0,0,259.024,0,0,-172.177
"MtrElec",10,2,10,"",0,0,0,0,0,0,0,0,0,0,0,0,0,0,0,0,0,0,0,0,0,269.035,0,5.55872,-274.594
"MtrElec",10,2,11,"",0.0000039,0,0,0,0,0,0,0,0,0,0,0,0,0,0,0,0,0,0,0,0,305.002,0,50.1519,-355.154
"MtrElec",10,2,12,"",0,0,0,0,0,0,0,0,0,0,0,0,0,0,0,0,0,0,0,0,0,283.623,0,123.635,-407.258
"MtrElec",10,2,13,"",0,0,0,0,0,0,0,0,0,0,0,0,0,0,0,0,0,0,0,0,0,337.426,0,87.5344,-424.96
"MtrElec",10,2,14,"",0,0,0,0,0,0,0,0,0,0,0,0,0,0,0,0,0,0,0,0,0,318.316,0,98.8958,-417.212
"MtrElec",10,2,15,"",0.0000039,0,0,0,0,0,0,0,0,0,0,0,0,0,0,0,0,0,0,0,0,326.558,0,50.623,-377.181
"MtrElec",10,2,16,"",5.303,0,0,0,0,0,0,0,0,0,0,0,0,0,0,0,0,0,0,0,0,311.277,0,0,-305.974
"MtrElec",10,2,17,"",161.536,0,0,0,0,0,0,0,0,0,0,0,0,0,0,0,0,0,0,0,0,366.73,0,0,-205.194
"MtrElec",10,2,18,"",275.635,0,0,0,0,0,0,0,0,0,0,0,0,0,0,0,0,0,0,0,0,360.37,0,0,-84.7347
"MtrElec",10,2,19,"",275.52,0,0,0,0,0,0,0,0,0,0,0,0,0,0,0,0,0,0,0,0,437.116,0,-157.698,-3.89798
"MtrElec",10,2,20,"",183.949,0,0,0,0,0,0,0,0,0,0,0,0,0,0,0,0,0,0,0,0,341.647,0,-157.698,0
"MtrElec",10,2,21,"",261.333,0,0,0,0,0,0,0,0,0,0,0,0,0,0,0,0,0,0,0,0,321.737,0,-60.4041,0
"MtrElec",10,2,22,"",295.548,0,0,0,0,0,0,0,0,0,0,0,0,0,0,0,0,0,0,0,0,295.548,0,0,0
"MtrElec",10,2,23,"",302.185,0,0,0,0,0,0,0,0,0,0,0,0,0,0,0,0,0,0,0,0,302.185,0,0,0
"MtrElec",10,2,24,"",184.496,0,0,0,0,0,0,0,0,0,0,0,0,0,0,0,0,0,0,0,0,184.496,0,0,0
"MtrElec",10,3,1,"",174.964,0,0,0,0,0,0,0,0,0,0,0,0,0,0,0,0,0,0,0,0,174.964,0,0,0
"MtrElec",10,3,2,"",125.28,0,0,0,0,0,0,0,0,0,0,0,0,0,0,0,0,0,0,0,0,125.28,0,0,0
"MtrElec",10,3,3,"",107.127,0,0,0,0,0,0,0,0,0,0,0,0,0,0,0,0,0,0,0,0,107.127,0,0,0
"MtrElec",10,3,4,"",115.27,0,0,0,0,0,0,0,0,0,0,0,0,0,0,0,0,0,0,0,0,115.27,0,0,0
"MtrElec",10,3,5,"",138.95,0,0,0,0,0,0,0,0,0,0,0,0,0,0,0,0,0,0,0,0,138.95,0,0,0
"MtrElec",10,3,6,"",134.311,0,0,0,0,0,0,0,0,0,0,0,0,0,0,0,0,0,0,0,0,134.311,0,0,0
"MtrElec",10,3,7,"",119.479,0,0,0,0,0,0,0,0,0,0,0,0,0,0,0,0,0,0,0,0,119.479,0,0,0
"MtrElec",10,3,8,"",121.357,0,0,0,0,0,0,0,0,0,0,0,0,0,0,0,0,0,0,0,0,178.018,0,0,-56.661
"MtrElec",10,3,9,"",49.602,0,0,0,0,0,0,0,0,0,0,0,0,0,0,0,0,0,0,0,0,220.112,0,0,-170.51
"MtrElec",10,3,10,"",2.31588,0,0,0,0,0,0,0,0,0,0,0,0,0,0,0,0,0,0,0,0,277.709,0,0,-275.393
"MtrElec",10,3,11,"",0,0,0,0,0,0,0,0,0,0,0,0,0,0,0,0,0,0,0,0,0,286.626,0,64.8874,-351.514
"MtrElec",10,3,12,"",0.0000039,0,0,0,0,0,0,0,0,0,0,0,0,0,0,0,0,0,0,0,0,331.362,0,63.9177,-395.28
"MtrElec",10,3,13,"",0,0,0,0,0,0,0,0,0,0,0,0,0,0,0,0,0,0,0,0,0,315.863,0,103.795,-419.658
"MtrElec",10,3,14,"",0,0,0,0,0,0,0,0,0,0,0,0,0,0,0,0,0,0,0,0,0,293.188,0,124.881,-418.069
"MtrElec",10,3,15,"",0,0,0,0,0,0,0,0,0,0,0,0,0,0,0,0,0,0,0,0,0,305.57,0,77.1557,-382.726
"MtrElec",10,3,16,"",0.0000020,0,0,0,0,0,0,0,0,0,0,0,0,0,0,0,0,0,0,0,0,283.941,0,30.2839,-314.225
"MtrElec",10,3,17,"",69.3038,0,0,0,0,0,0,0,0,0,0,0,0,0,0,0,0,0,0,0,0,281.627,0,0,-212.323
"MtrElec",10,3,18,"",245.227,0,0,0,0,0,0,0,0,0,0,0,0,0,0,0,0,0,0,0,0,334.749,0,0,-89.5212
"MtrElec",10,3,19,"",210.431,0,0,0,0,0,0,0,0,0,0,0,0,0,0,0,0,0,0,0,0,372.449,0,-157.698,-4.31952
"MtrElec",10,3,20,"",194.36,0,0,0,0,0,0,0,0,0,0,0,0,0,0,0,0,0,0,0,0,352.058,0,-157.698,0
"MtrElec",10,3,21,"",184.685,0,0,0,0,0,0,0,0,0,0,0,0,0,0,0,0,0,0,0,0,288.88,0,-104.194,0
"MtrElec",10,3,22,"",245.05,0,0,0,0,0,0,0,0,0,0,0,0,0,0,0,0,0,0,0,0,245.05,0,0,0
"MtrElec",10,3,23,"",221.618,0,0,0,0,0,0,0,0,0,0,0,0,0,0,0,0,0,0,0,0,221.618,0,0,0
"MtrElec",10,3,24,"",201.191,0,0,0,0,0,0,0,0,0,0,0,0,0,0,0,0,0,0,0,0,201.191,0,0,0
"MtrElec",10,4,1,"",144.012,0,0,0,0,0,0,0,0,0,0,0,0,0,0,0,0,0,0,0,0,144.012,0,0,0
"MtrElec",10,4,2,"",117.449,0,0,0,0,0,0,0,0,0,0,0,0,0,0,0,0,0,0,0,0,117.449,0,0,0
"MtrElec",10,4,3,"",98.4624,0,0,0,0,0,0,0,0,0,0,0,0,0,0,0,0,0,0,0,0,98.4624,0,0,0
"MtrElec",10,4,4,"",107.162,0,0,0,0,0,0,0,0,0,0,0,0,0,0,0,0,0,0,0,0,107.162,0,0,0
"MtrElec",10,4,5,"",120.112,0,0,0,0,0,0,0,0,0,0,0,0,0,0,0,0,0,0,0,0,120.112,0,0,0
"MtrElec",10,4,6,"",104.322,0,0,0,0,0,0,0,0,0,0,0,0,0,0,0,0,0,0,0,0,104.322,0,0,0
"MtrElec",10,4,7,"",148.201,0,0,0,0,0,0,0,0,0,0,0,0,0,0,0,0,0,0,0,0,148.201,0,0,0
"MtrElec",10,4,8,"",129.206,0,0,0,0,0,0,0,0,0,0,0,0,0,0,0,0,0,0,0,0,170.364,0,0,-41.1585
"MtrElec",10,4,9,"",132.56,0,0,0,0,0,0,0,0,0,0,0,0,0,0,0,0,0,0,0,0,180.959,0,0,-48.399
"MtrElec",10,4,10,"",0.0000002,0,0,0,0,0,0,0,0,0,0,0,0,0,0,0,0,0,0,0,0,252.983,0,2.3788,-255.362
"MtrElec",10,4,11,"",0,0,0,0,0,0,0,0,0,0,0,0,0,0,0,0,0,0,0,0,0,277.881,0,96.8393,-374.72
"MtrElec",10,4,12,"",0.0000078,0,0,0,0,0,0,0,0,0,0,0,0,0,0,0,0,0,0,0,0,295.453,0,127.916,-423.369
"MtrElec",10,4,13,"",-7.78256,0,0,0,0,0,0,0,0,0,0,0,0,0,0,0,0,0,0,0,0,275.226,0,157.698,-440.706
"MtrElec",10,4,14,"",0,0,0,0,0,0,0,0,0,0,0,0,0,0,0,0,0,0,0,0,0,272.485,0,157.016,-429.501
"MtrElec",10,4,15,"",-102.834,0,0,0,0,0,0,0,0,0,0,0,0,0,0,0,0,0,0,0,0,238.045,0,46.5374,-387.416
"MtrElec",10,4,16,"",-83.9404,0,0,0,0,0,0,0,0,0,0,0,0,0,0,0,0,0,0,0,0,230.934,0,0,-314.874
"MtrElec",10,4,17,"",52.7419,0,0,0,0,0,0,0,0,0,0,0,0,0,0,0,0,0,0,0,0,266.341,0,0,-213.599
"MtrElec",10,4,18,"",218.205,0,0,0,0,0,0,0,0,0,0,0,0,0,0,0,0,0,0,0,0,306.966,0,0,-88.7611
"MtrElec",10,4,19,"",174.268,0,0,0,0,0,0,0,0,0,0,0,0,0,0,0,0,0,0,0,0,335.858,0,-157.698,-3.89195
"MtrElec",10,4,20,"",113.711,0,0,0,0,0,0,0,0,0,0,0,0,0,0,0,0,0,0,0,0,271.409,0,-157.698,0
"MtrElec",10,4,21,"",119.136,0,0,0,0,0,0,0,0,0,0,0,0,0,0,0,0,0,0,0,0,276.834,0,-157.698,0
"MtrElec",10,4,22,"",202.366,0,0,0,0,0,0,0,0,0,0,0,0,0,0,0,0,0,0,0,0,260.289,0,-57.9237,0
"MtrElec",10,4,23,"",193.276,0,0,0,0,0,0,0,0,0,0,0,0,0,0,0,0,0,0,0,0,193.276,0,0,0
"MtrElec",10,4,24,"",173.582,0,0,0,0,0,0,0,0,0,0,0,0,0,0,0,0,0,0,0,0,173.582,0,0,0
"MtrElec",10,5,1,"",122.138,0,0,0,0,0,0,0,0,0,0,0,0,0,0,0,0,0,0,0,0,122.138,0,0,0
"MtrElec",10,5,2,"",118.081,0,0,0,0,0,0,0,0,0,0,0,0,0,0,0,0,0,0,0,0,118.081,0,0,0
"MtrElec",10,5,3,"",114.908,0,0,0,0,0,0,0,0,0,0,0,0,0,0,0,0,0,0,0,0,114.908,0,0,0
"MtrElec",10,5,4,"",131.662,0,0,0,0,0,0,0,0,0,0,0,0,0,0,0,0,0,0,0,0,131.662,0,0,0
"MtrElec",10,5,5,"",110.349,0,0,0,0,0,0,0,0,0,0,0,0,0,0,0,0,0,0,0,0,110.349,0,0,0
"MtrElec",10,5,6,"",113.333,0,0,0,0,0,0,0,0,0,0,0,0,0,0,0,0,0,0,0,0,113.333,0,0,0
"MtrElec",10,5,7,"",192.747,0,0,0,0,0,0,0,0,0,0,0,0,0,0,0,0,0,0,0,0,192.747,0,0,0
"MtrElec",10,5,8,"",129.807,0,0,0,0,0,0,0,0,0,0,0,0,0,0,0,0,0,0,0,0,197.114,0,0,-67.3074
"MtrElec",10,5,9,"",116.799,0,0,0,0,0,0,0,0,0,0,0,0,0,0,0,0,0,0,0,0,203.666,0,0,-86.8665
"MtrElec",10,5,10,"",50.9147,0,0,0,0,0,0,0,0,0,0,0,0,0,0,0,0,0,0,0,0,186.773,0,0,-135.859
"MtrElec",10,5,11,"",0,0,0,0,0,0,0,0,0,0,0,0,0,0,0,0,0,0,0,0,0,181.572,0,126.789,-308.361
"MtrElec",10,5,12,"",-37.3295,0,0,0,0,0,0,0,0,0,0,0,0,0,0,0,0,0,0,0,0,178.158,0,157.698,-373.186
"MtrElec",10,5,13,"",-25.8907,0,0,0,0,0,0,0,0,0,0,0,0,0,0,0,0,0,0,0,0,194.02,0,157.698,-377.609
"MtrElec",10,5,14,"",-90.0272,0,0,0,0,0,0,0,0,0,0,0,0,0,0,0,0,0,0,0,0,182.554,0,146.2,-418.781
"MtrElec",10,5,15,"",-187.747,0,0,0,0,0,0,0,0,0,0,0,0,0,0,0,0,0,0,0,0,195.858,0,0,-383.605
"MtrElec",10,5,16,"",-79.0818,0,0,0,0,0,0,0,0,0,0,0,0,0,0,0,0,0,0,0,0,229.733,0,0,-308.815
"MtrElec",10,5,17,"",87.4466,0,0,0,0,0,0,0,0,0,0,0,0,0,0,0,0,0,0,0,0,290.978,0,0,-203.531
"MtrElec",10,5,18,"",212.435,0,0,0,0,0,0,0,0,0,0,0,0,0,0,0,0,0,0,0,0,294.15,0,0,-81.7145
"MtrElec",10,5,19,"",157.009,0,0,0,0,0,0,0,0,0,0,0,0,0,0,0,0,0,0,0,0,317.837,0,-157.698,-3.12979
"MtrElec",10,5,20,"",130.721,0,0,0,0,0,0,0,0,0,0,0,0,0,0,0,0,0,0,0,0,288.419,0,-157.698,0
"MtrElec",10,5,21,"",137.196,0,0,0,0,0,0,0,0,0,0,0,0,0,0,0,0,0,0,0,0,294.894,0,-157.698,0
"MtrElec",10,5,22,"",178.064,0,0,0,0,0,0,0,0,0,0,0,0,0,0,0,0,0,0,0,0,235.987,0,-57.9237,0
"MtrElec",10,5,23,"",248.552,0,0,0,0,0,0,0,0,0,0,0,0,0,0,0,0,0,0,0,0,248.552,0,0,0
"MtrElec",10,5,24,"",179.025,0,0,0,0,0,0,0,0,0,0,0,0,0,0,0,0,0,0,0,0,179.025,0,0,0
"MtrElec",10,6,1,"",132.775,0,0,0,0,0,0,0,0,0,0,0,0,0,0,0,0,0,0,0,0,132.775,0,0,0
"MtrElec",10,6,2,"",111.747,0,0,0,0,0,0,0,0,0,0,0,0,0,0,0,0,0,0,0,0,111.747,0,0,0
"MtrElec",10,6,3,"",137.4,0,0,0,0,0,0,0,0,0,0,0,0,0,0,0,0,0,0,0,0,137.4,0,0,0
"MtrElec",10,6,4,"",112.94,0,0,0,0,0,0,0,0,0,0,0,0,0,0,0,0,0,0,0,0,112.94,0,0,0
"MtrElec",10,6,5,"",112.581,0,0,0,0,0,0,0,0,0,0,0,0,0,0,0,0,0,0,0,0,112.581,0,0,0
"MtrElec",10,6,6,"",115.076,0,0,0,0,0,0,0,0,0,0,0,0,0,0,0,0,0,0,0,0,115.076,0,0,0
"MtrElec",10,6,7,"",184.099,0,0,0,0,0,0,0,0,0,0,0,0,0,0,0,0,0,0,0,0,184.099,0,0,0
"MtrElec",10,6,8,"",209.341,0,0,0,0,0,0,0,0,0,0,0,0,0,0,0,0,0,0,0,0,236.386,0,0,-27.0441
"MtrElec",10,6,9,"",132.686,0,0,0,0,0,0,0,0,0,0,0,0,0,0,0,0,0,0,0,0,248.839,0,0,-116.153
"MtrElec",10,6,10,"",65.0418,0,0,0,0,0,0,0,0,0,0,0,0,0,0,0,0,0,0,0,0,245.061,0,0,-180.019
"MtrElec",10,6,11,"",0,0,0,0,0,0,0,0,0,0,0,0,0,0,0,0,0,0,0,0,0,257.13,0,38.2275,-295.358
"MtrElec",10,6,12,"",0,0,0,0,0,0,0,0,0,0,0,0,0,0,0,0,0,0,0,0,0,234.821,0,128.236,-363.057
"MtrElec",10,6,13,"",0,0,0,0,0,0,0,0,0,0,0,0,0,0,0,0,0,0,0,0,0,233.558,0,137.282,-370.84
"MtrElec",10,6,14,"",0,0,0,0,0,0,0,0,0,0,0,0,0,0,0,0,0,0,0,0,0,210.884,0,120.365,-331.249
"MtrElec",10,6,15,"",0,0,0,0,0,0,0,0,0,0,0,0,0,0,0,0,0,0,0,0,0,228.865,0,86.3375,-315.202
"MtrElec",10,6,16,"",3.47922,0,0,0,0,0,0,0,0,0,0,0,0,0,0,0,0,0,0,0,0,230.15,0,0,-226.67
"MtrElec",10,6,17,"",123.422,0,0,0,0,0,0,0,0,0,0,0,0,0,0,0,0,0,0,0,0,271.909,0,0,-148.488
"MtrElec",10,6,18,"",238.505,0,0,0,0,0,0,0,0,0,0,0,0,0,0,0,0,0,0,0,0,307.208,0,0,-68.7031
"MtrElec",10,6,19,"",151.963,0,0,0,0,0,0,0,0,0,0,0,0,0,0,0,0,0,0,0,0,312.181,0,-157.698,-2.51989
"MtrElec",10,6,20,"",133.344,0,0,0,0,0,0,0,0,0,0,0,0,0,0,0,0,0,0,0,0,291.042,0,-157.698,0
"MtrElec",10,6,21,"",135.249,0,0,0,0,0,0,0,0,0,0,0,0,0,0,0,0,0,0,0,0,280.531,0,-145.283,0
"MtrElec",10,6,22,"",249.329,0,0,0,0,0,0,0,0,0,0,0,0,0,0,0,0,0,0,0,0,249.329,0,0,0
"MtrElec",10,6,23,"",253.127,0,0,0,0,0,0,0,0,0,0,0,0,0,0,0,0,0,0,0,0,253.127,0,0,0
"MtrElec",10,6,24,"",181.304,0,0,0,0,0,0,0,0,0,0,0,0,0,0,0,0,0,0,0,0,181.304,0,0,0
"MtrElec",10,7,1,"",135.855,0,0,0,0,0,0,0,0,0,0,0,0,0,0,0,0,0,0,0,0,135.855,0,0,0
"MtrElec",10,7,2,"",144.166,0,0,0,0,0,0,0,0,0,0,0,0,0,0,0,0,0,0,0,0,144.166,0,0,0
"MtrElec",10,7,3,"",94.8937,0,0,0,0,0,0,0,0,0,0,0,0,0,0,0,0,0,0,0,0,94.8937,0,0,0
"MtrElec",10,7,4,"",106.035,0,0,0,0,0,0,0,0,0,0,0,0,0,0,0,0,0,0,0,0,106.035,0,0,0
"MtrElec",10,7,5,"",103.699,0,0,0,0,0,0,0,0,0,0,0,0,0,0,0,0,0,0,0,0,103.699,0,0,0
"MtrElec",10,7,6,"",113.69,0,0,0,0,0,0,0,0,0,0,0,0,0,0,0,0,0,0,0,0,113.69,0,0,0
"MtrElec",10,7,7,"",167.797,0,0,0,0,0,0,0,0,0,0,0,0,0,0,0,0,0,0,0,0,167.797,0,0,0
"MtrElec",10,7,8,"",135.258,0,0,0,0,0,0,0,0,0,0,0,0,0,0,0,0,0,0,0,0,189.372,0,0,-54.1138
"MtrElec",10,7,9,"",78.3365,0,0,0,0,0,0,0,0,0,0,0,0,0,0,0,0,0,0,0,0,249.478,0,0,-171.141
"MtrElec",10,7,10,"",0,0,0,0,0,0,0,0,0,0,0,0,0,0,0,0,0,0,0,0,0,257.769,0,21.2897,-279.059
"MtrElec",10,7,11,"",0,0,0,0,0,0,0,0,0,0,0,0,0,0,0,0,0,0,0,0,0,280.076,0,75.5717,-355.647
"MtrElec",10,7,12,"",0.0000156,0,0,0,0,0,0,0,0,0,0,0,0,0,0,0,0,0,0,0,0,270.852,0,137.037,-407.889
"MtrElec",10,7,13,"",0,0,0,0,0,0,0,0,0,0,0,0,0,0,0,0,0,0,0,0,0,288.249,0,136.587,-424.836
"MtrElec",10,7,14,"",-61.4684,0,0,0,0,0,0,0,0,0,0,0,0,0,0,0,0,0,0,0,0,194.602,0,157.698,-413.769
"MtrElec",10,7,15,"",-84.9068,0,0,0,0,0,0,0,0,0,0,0,0,0,0,0,0,0,0,0,0,234.822,0,60.2022,-379.931
"MtrElec",10,7,16,"",-41.456,0,0,0,0,0,0,0,0,0,0,0,0,0,0,0,0,0,0,0,0,267.169,0,0,-308.625
"MtrElec",10,7,17,"",93.2186,0,0,0,0,0,0,0,0,0,0,0,0,0,0,0,0,0,0,0,0,295.833,0,0,-202.614
"MtrElec",10,7,18,"",213.704,0,0,0,0,0,0,0,0,0,0,0,0,0,0,0,0,0,0,0,0,293.137,0,0,-79.4326
"MtrElec",10,7,19,"",175.414,0,0,0,0,0,0,0,0,0,0,0,0,0,0,0,0,0,0,0,0,335.708,0,-157.698,-2.5961
"MtrElec",10,7,20,"",171.667,0,0,0,0,0,0,0,0,0,0,0,0,0,0,0,0,0,0,0,0,329.365,0,-157.698,0
"MtrElec",10,7,21,"",156.678,0,0,0,0,0,0,0,0,0,0,0,0,0,0,0,0,0,0,0,0,314.376,0,-157.698,0
"MtrElec",10,7,22,"",179.578,0,0,0,0,0,0,0,0,0,0,0,0,0,0,0,0,0,0,0,0,237.502,0,-57.9237,0
"MtrElec",10,7,23,"",256.753,0,0,0,0,0,0,0,0,0,0,0,0,0,0,0,0,0,0,0,0,256.753,0,0,0
"MtrElec",10,7,24,"",139.78,0,0,0,0,0,0,0,0,0,0,0,0,0,0,0,0,0,0,0,0,139.78,0,0,0
"MtrElec",10,8,1,"",128.299,0,0,0,0,0,0,0,0,0,0,0,0,0,0,0,0,0,0,0,0,128.299,0,0,0
"MtrElec",10,8,2,"",114.117,0,0,0,0,0,0,0,0,0,0,0,0,0,0,0,0,0,0,0,0,114.117,0,0,0
"MtrElec",10,8,3,"",133.647,0,0,0,0,0,0,0,0,0,0,0,0,0,0,0,0,0,0,0,0,133.647,0,0,0
"MtrElec",10,8,4,"",97.6237,0,0,0,0,0,0,0,0,0,0,0,0,0,0,0,0,0,0,0,0,97.6237,0,0,0
"MtrElec",10,8,5,"",104.261,0,0,0,0,0,0,0,0,0,0,0,0,0,0,0,0,0,0,0,0,104.261,0,0,0
"MtrElec",10,8,6,"",100.576,0,0,0,0,0,0,0,0,0,0,0,0,0,0,0,0,0,0,0,0,100.576,0,0,0
"MtrElec",10,8,7,"",171.476,0,0,0,0,0,0,0,0,0,0,0,0,0,0,0,0,0,0,0,0,171.476,0,0,0
"MtrElec",10,8,8,"",191.261,0,0,0,0,0,0,0,0,0,0,0,0,0,0,0,0,0,0,0,0,226.392,0,0,-35.1311
"MtrElec",10,8,9,"",95.5616,0,0,0,0,0,0,0,0,0,0,0,0,0,0,0,0,0,0,0,0,194.521,0,0,-98.9594
"MtrElec",10,8,10,"",96.0681,0,0,0,0,0,0,0,0,0,0,0,0,0,0,0,0,0,0,0,0,184.772,0,0,-88.7037
"MtrElec",10,8,11,"",0.0000078,0,0,0,0,0,0,0,0,0,0,0,0,0,0,0,0,0,0,0,0,207.82,0,125.572,-333.392
"MtrElec",10,8,12,"",-64.9665,0,0,0,0,0,0,0,0,0,0,0,0,0,0,0,0,0,0,0,0,190.909,0,157.698,-413.574
"MtrElec",10,8,13,"",-52.6671,0,0,0,0,0,0,0,0,0,0,0,0,0,0,0,0,0,0,0,0,225.894,0,157.698,-436.259
"MtrElec",10,8,14,"",-108.403,0,0,0,0,0,0,0,0,0,0,0,0,0,0,0,0,0,0,0,0,169.304,0,147.417,-425.125
"MtrElec",10,8,15,"",-163.64,0,0,0,0,0,0,0,0,0,0,0,0,0,0,0,0,0,0,0,0,218.683,0,0,-382.322
"MtrElec",10,8,16,"",-66.1444,0,0,0,0,0,0,0,0,0,0,0,0,0,0,0,0,0,0,0,0,243.083,0,0,-309.227
"MtrElec",10,8,17,"",61.4187,0,0,0,0,0,0,0,0,0,0,0,0,0,0,0,0,0,0,0,0,265.939,0,0,-204.521
"MtrElec",10,8,18,"",202.246,0,0,0,0,0,0,0,0,0,0,0,0,0,0,0,0,0,0,0,0,282.091,0,0,-79.8452
"MtrElec",10,8,19,"",138.383,0,0,0,0,0,0,0,0,0,0,0,0,0,0,0,0,0,0,0,0,298.274,0,-157.698,-2.19287
"MtrElec",10,8,20,"",134.535,0,0,0,0,0,0,0,0,0,0,0,0,0,0,0,0,0,0,0,0,292.233,0,-157.698,0
"MtrElec",10,8,21,"",91.6244,0,0,0,0,0,0,0,0,0,0,0,0,0,0,0,0,0,0,0,0,249.322,0,-157.698,0
"MtrElec",10,8,22,"",180.555,0,0,0,0,0,0,0,0,0,0,0,0,0,0,0,0,0,0,0,0,238.479,0,-57.9237,0
"MtrElec",10,8,23,"",213.068,0,0,0,0,0,0,0,0,0,0,0,0,0,0,0,0,0,0,0,0,213.068,0,0,0
"MtrElec",10,8,24,"",161.755,0,0,0,0,0,0,0,0,0,0,0,0,0,0,0,0,0,0,0,0,161.755,0,0,0
"MtrElec",10,9,1,"",115.863,0,0,0,0,0,0,0,0,0,0,0,0,0,0,0,0,0,0,0,0,115.863,0,0,0
"MtrElec",10,9,2,"",109.653,0,0,0,0,0,0,0,0,0,0,0,0,0,0,0,0,0,0,0,0,109.653,0,0,0
"MtrElec",10,9,3,"",105.964,0,0,0,0,0,0,0,0,0,0,0,0,0,0,0,0,0,0,0,0,105.964,0,0,0
"MtrElec",10,9,4,"",90.897,0,0,0,0,0,0,0,0,0,0,0,0,0,0,0,0,0,0,0,0,90.897,0,0,0
"MtrElec",10,9,5,"",102.448,0,0,0,0,0,0,0,0,0,0,0,0,0,0,0,0,0,0,0,0,102.448,0,0,0
"MtrElec",10,9,6,"",143.312,0,0,0,0,0,0,0,0,0,0,0,0,0,0,0,0,0,0,0,0,143.312,0,0,0
"MtrElec",10,9,7,"",159.175,0,0,0,0,0,0,0,0,0,0,0,0,0,0,0,0,0,0,0,0,159.175,0,0,0
"MtrElec",10,9,8,"",208.535,0,0,0,0,0,0,0,0,0,0,0,0,0,0,0,0,0,0,0,0,237.577,0,0,-29.0426
"MtrElec",10,9,9,"",112.877,0,0,0,0,0,0,0,0,0,0,0,0,0,0,0,0,0,0,0,0,216.06,0,0,-103.183
"MtrElec",10,9,10,"",0,0,0,0,0,0,0,0,0,0,0,0,0,0,0,0,0,0,0,0,0,202.197,0,37.5382,-239.735
"MtrElec",10,9,11,"",0,0,0,0,0,0,0,0,0,0,0,0,0,0,0,0,0,0,0,0,0,222.249,0,132.683,-354.932
"MtrElec",10,9,12,"",-34.1449,0,0,0,0,0,0,0,0,0,0,0,0,0,0,0,0,0,0,0,0,216.648,0,157.698,-408.491
"MtrElec",10,9,13,"",0,0,0,0,0,0,0,0,0,0,0,0,0,0,0,0,0,0,0,0,0,257.103,0,147.324,-404.428
"MtrElec",10,9,14,"",-44.0438,0,0,0,0,0,0,0,0,0,0,0,0,0,0,0,0,0,0,0,0,166.48,0,113.142,-323.666
"MtrElec",10,9,15,"",-140.22,0,0,0,0,0,0,0,0,0,0,0,0,0,0,0,0,0,0,0,0,237.694,0,0,-377.914
"MtrElec",10,9,16,"",-52.0998,0,0,0,0,0,0,0,0,0,0,0,0,0,0,0,0,0,0,0,0,212.45,0,0,-264.55
"MtrElec",10,9,17,"",54.2636,0,0,0,0,0,0,0,0,0,0,0,0,0,0,0,0,0,0,0,0,253.014,0,0,-198.75
"MtrElec",10,9,18,"",202.261,0,0,0,0,0,0,0,0,0,0,0,0,0,0,0,0,0,0,0,0,277.173,0,0,-74.9118
"MtrElec",10,9,19,"",141.414,0,0,0,0,0,0,0,0,0,0,0,0,0,0,0,0,0,0,0,0,300.645,0,-157.698,-1.53294
"MtrElec",10,9,20,"",156.553,0,0,0,0,0,0,0,0,0,0,0,0,0,0,0,0,0,0,0,0,314.251,0,-157.698,0
"MtrElec",10,9,21,"",144.089,0,0,0,0,0,0,0,0,0,0,0,0,0,0,0,0,0,0,0,0,301.787,0,-157.698,0
"MtrElec",10,9,22,"",184.058,0,0,0,0,0,0,0,0,0,0,0,0,0,0,0,0,0,0,0,0,241.982,0,-57.9237,0
"MtrElec",10,9,23,"",245.009,0,0,0,0,0,0,0,0,0,0,0,0,0,0,0,0,0,0,0,0,245.009,0,0,0
"MtrElec",10,9,24,"",168.843,0,0,0,0,0,0,0,0,0,0,0,0,0,0,0,0,0,0,0,0,168.843,0,0,0
"MtrElec",10,10,1,"",149.833,0,0,0,0,0,0,0,0,0,0,0,0,0,0,0,0,0,0,0,0,149.833,0,0,0
"MtrElec",10,10,2,"",110.834,0,0,0,0,0,0,0,0,0,0,0,0,0,0,0,0,0,0,0,0,110.834,0,0,0
"MtrElec",10,10,3,"",93.7796,0,0,0,0,0,0,0,0,0,0,0,0,0,0,0,0,0,0,0,0,93.7796,0,0,0
"MtrElec",10,10,4,"",113.564,0,0,0,0,0,0,0,0,0,0,0,0,0,0,0,0,0,0,0,0,113.564,0,0,0
"MtrElec",10,10,5,"",157.087,0,0,0,0,0,0,0,0,0,0,0,0,0,0,0,0,0,0,0,0,157.087,0,0,0
"MtrElec",10,10,6,"",129.71,0,0,0,0,0,0,0,0,0,0,0,0,0,0,0,0,0,0,0,0,129.71,0,0,0
"MtrElec",10,10,7,"",119.633,0,0,0,0,0,0,0,0,0,0,0,0,0,0,0,0,0,0,0,0,119.633,0,0,0
"MtrElec",10,10,8,"",115.527,0,0,0,0,0,0,0,0,0,0,0,0,0,0,0,0,0,0,0,0,174.583,0,0,-59.0568
"MtrElec",10,10,9,"",39.1275,0,0,0,0,0,0,0,0,0,0,0,0,0,0,0,0,0,0,0,0,202.444,0,0,-163.316
"MtrElec",10,10,10,"",121.805,0,0,0,0,0,0,0,0,0,0,0,0,0,0,0,0,0,0,0,0,276.098,0,0,-154.294
"MtrElec",10,10,11,"",32.9535,0,0,0,0,0,0,0,0,0,0,0,0,0,0,0,0,0,0,0,0,270.807,0,0,-237.854
"MtrElec",10,10,12,"",0.0000156,0,0,0,0,0,0,0,0,0,0,0,0,0,0,0,0,0,0,0,0,259.973,0,142.48,-402.453
"MtrElec",10,10,13,"",-5.56119,0,0,0,0,0,0,0,0,0,0,0,0,0,0,0,0,0,0,0,0,279.854,0,157.698,-443.113
"MtrElec",10,10,14,"",-44.5471,0,0,0,0,0,0,0,0,0,0,0,0,0,0,0,0,0,0,0,0,227.623,0,157.698,-429.868
"MtrElec",10,10,15,"",-6.22366,0,0,0,0,0,0,0,0,0,0,0,0,0,0,0,0,0,0,0,0,250.429,0,130.509,-387.162
"MtrElec",10,10,16,"",-103.728,0,0,0,0,0,0,0,0,0,0,0,0,0,0,0,0,0,0,0,0,214.037,0,0,-317.765
"MtrElec",10,10,17,"",19.1287,0,0,0,0,0,0,0,0,0,0,0,0,0,0,0,0,0,0,0,0,229.764,0,0,-210.635
"MtrElec",10,10,18,"",220.031,0,0,0,0,0,0,0,0,0,0,0,0,0,0,0,0,0,0,0,0,300.234,0,0,-80.2024
"MtrElec",10,10,19,"",226.388,0,0,0,0,0,0,0,0,0,0,0,0,0,0,0,0,0,0,0,0,385.893,0,-157.698,-1.80692
"MtrElec",10,10,20,"",149.584,0,0,0,0,0,0,0,0,0,0,0,0,0,0,0,0,0,0,0,0,307.282,0,-157.698,0
"MtrElec",10,10,21,"",114.212,0,0,0,0,0,0,0,0,0,0,0,0,0,0,0,0,0,0,0,0,271.91,0,-157.698,0
"MtrElec",10,10,22,"",245.779,0,0,0,0,0,0,0,0,0,0,0,0,0,0,0,0,0,0,0,0,303.702,0,-57.9237,0
"MtrElec",10,10,23,"",181.549,0,0,0,0,0,0,0,0,0,0,0,0,0,0,0,0,0,0,0,0,181.549,0,0,0
"MtrElec",10,10,24,"",172.974,0,0,0,0,0,0,0,0,0,0,0,0,0,0,0,0,0,0,0,0,172.974,0,0,0
"MtrElec",10,11,1,"",104.496,0,0,0,0,0,0,0,0,0,0,0,0,0,0,0,0,0,0,0,0,104.496,0,0,0
"MtrElec",10,11,2,"",108.574,0,0,0,0,0,0,0,0,0,0,0,0,0,0,0,0,0,0,0,0,108.574,0,0,0
"MtrElec",10,11,3,"",106.96,0,0,0,0,0,0,0,0,0,0,0,0,0,0,0,0,0,0,0,0,106.96,0,0,0
"MtrElec",10,11,4,"",95.7307,0,0,0,0,0,0,0,0,0,0,0,0,0,0,0,0,0,0,0,0,95.7307,0,0,0
"MtrElec",10,11,5,"",132.834,0,0,0,0,0,0,0,0,0,0,0,0,0,0,0,0,0,0,0,0,132.834,0,0,0
"MtrElec",10,11,6,"",146.114,0,0,0,0,0,0,0,0,0,0,0,0,0,0,0,0,0,0,0,0,146.114,0,0,0
"MtrElec",10,11,7,"",105.237,0,0,0,0,0,0,0,0,0,0,0,0,0,0,0,0,0,0,0,0,105.237,0,0,0
"MtrElec",10,11,8,"",148.62,0,0,0,0,0,0,0,0,0,0,0,0,0,0,0,0,0,0,0,0,194.217,0,0,-45.5977
"MtrElec",10,11,9,"",35.435,0,0,0,0,0,0,0,0,0,0,0,0,0,0,0,0,0,0,0,0,175.775,0,0,-140.34
"MtrElec",10,11,10,"",117.335,0,0,0,0,0,0,0,0,0,0,0,0,0,0,0,0,0,0,0,0,261.773,0,0,-144.438
"MtrElec",10,11,11,"",238.204,0,0,0,0,0,0,0,0,0,0,0,0,0,0,0,0,0,0,0,0,273.609,0,0,-35.4049
"MtrElec",10,11,12,"",214.766,0,0,0,0,0,0,0,0,0,0,0,0,0,0,0,0,0,0,0,0,232.237,0,0,-17.471
"MtrElec",10,11,13,"",204.771,0,0,0,0,0,0,0,0,0,0,0,0,0,0,0,0,0,0,0,0,273.23,0,0,-68.4589
"MtrElec",10,11,14,"",0,0,0,0,0,0,0,0,0,0,0,0,0,0,0,0,0,0,0,0,0,202.83,0,84.704,-287.534
"MtrElec",10,11,15,"",-23.091,0,0,0,0,0,0,0,0,0,0,0,0,0,0,0,0,0,0,0,0,192.388,0,157.698,-373.177
"MtrElec",10,11,16,"",0,0,0,0,0,0,0,0,0,0,0,0,0,0,0,0,0,0,0,0,0,157.125,0,58.5949,-215.72
"MtrElec",10,11,17,"",169.382,0,0,0,0,0,0,0,0,0,0,0,0,0,0,0,0,0,0,0,0,182.829,0,0,-13.447
"MtrElec",10,11,18,"",198.858,0,0,0,0,0,0,0,0,0,0,0,0,0,0,0,0,0,0,0,0,200.542,0,0,-1.68416
"MtrElec",10,11,19,"",113.134,0,0,0,0,0,0,0,0,0,0,0,0,0,0,0,0,0,0,0,0,270.832,0,-157.698,0
"MtrElec",10,11,20,"",131.482,0,0,0,0,0,0,0,0,0,0,0,0,0,0,0,0,0,0,0,0,245.433,0,-113.952,0
"MtrElec",10,11,21,"",240.73,0,0,0,0,0,0,0,0,0,0,0,0,0,0,0,0,0,0,0,0,240.73,0,0,0
"MtrElec",10,11,22,"",234.327,0,0,0,0,0,0,0,0,0,0,0,0,0,0,0,0,0,0,0,0,234.327,0,0,0
"MtrElec",10,11,23,"",155.434,0,0,0,0,0,0,0,0,0,0,0,0,0,0,0,0,0,0,0,0,155.434,0,0,0
"MtrElec",10,11,24,"",191.77,0,0,0,0,0,0,0,0,0,0,0,0,0,0,0,0,0,0,0,0,191.77,0,0,0
"MtrElec",10,12,1,"",107.538,0,0,0,0,0,0,0,0,0,0,0,0,0,0,0,0,0,0,0,0,107.538,0,0,0
"MtrElec",10,12,2,"",104.892,0,0,0,0,0,0,0,0,0,0,0,0,0,0,0,0,0,0,0,0,104.892,0,0,0
"MtrElec",10,12,3,"",106.25,0,0,0,0,0,0,0,0,0,0,0,0,0,0,0,0,0,0,0,0,106.25,0,0,0
"MtrElec",10,12,4,"",117.498,0,0,0,0,0,0,0,0,0,0,0,0,0,0,0,0,0,0,0,0,117.498,0,0,0
"MtrElec",10,12,5,"",135.542,0,0,0,0,0,0,0,0,0,0,0,0,0,0,0,0,0,0,0,0,135.542,0,0,0
"MtrElec",10,12,6,"",103.71,0,0,0,0,0,0,0,0,0,0,0,0,0,0,0,0,0,0,0,0,103.71,0,0,0
"MtrElec",10,12,7,"",221.103,0,0,0,0,0,0,0,0,0,0,0,0,0,0,0,0,0,0,0,0,221.103,0,0,0
"MtrElec",10,12,8,"",193.391,0,0,0,0,0,0,0,0,0,0,0,0,0,0,0,0,0,0,0,0,247.558,0,0,-54.1672
"MtrElec",10,12,9,"",117.172,0,0,0,0,0,0,0,0,0,0,0,0,0,0,0,0,0,0,0,0,243.453,0,0,-126.281
"MtrElec",10,12,10,"",0,0,0,0,0,0,0,0,0,0,0,0,0,0,0,0,0,0,0,0,0,217.978,0,32.8087,-250.787
"MtrElec",10,12,11,"",63.8243,0,0,0,0,0,0,0,0,0,0,0,0,0,0,0,0,0,0,0,0,225.375,0,0,-161.551
"MtrElec",10,12,12,"",93.1483,0,0,0,0,0,0,0,0,0,0,0,0,0,0,0,0,0,0,0,0,229.629,0,0,-136.481
"MtrElec",10,12,13,"",70.1194,0,0,0,0,0,0,0,0,0,0,0,0,0,0,0,0,0,0,0,0,282.347,0,0,-212.228
"MtrElec",10,12,14,"",0,0,0,0,0,0,0,0,0,0,0,0,0,0,0,0,0,0,0,0,0,131.303,0,99.0736,-230.377
"MtrElec",10,12,15,"",0,0,0,0,0,0,0,0,0,0,0,0,0,0,0,0,0,0,0,0,0,143.671,0,134.759,-278.43
"MtrElec",10,12,16,"",22.5017,0,0,0,0,0,0,0,0,0,0,0,0,0,0,0,0,0,0,0,0,168.849,0,0,-146.347
"MtrElec",10,12,17,"",104.937,0,0,0,0,0,0,0,0,0,0,0,0,0,0,0,0,0,0,0,0,154.349,0,0,-49.4125
"MtrElec",10,12,18,"",215.75,0,0,0,0,0,0,0,0,0,0,0,0,0,0,0,0,0,0,0,0,225.291,0,0,-9.54024
"MtrElec",10,12,19,"",128.398,0,0,0,0,0,0,0,0,0,0,0,0,0,0,0,0,0,0,0,0,286.457,0,-157.698,-0.361023
"MtrElec",10,12,20,"",193.778,0,0,0,0,0,0,0,0,0,0,0,0,0,0,0,0,0,0,0,0,276.724,0,-82.9456,0
"MtrElec",10,12,21,"",283.947,0,0,0,0,0,0,0,0,0,0,0,0,0,0,0,0,0,0,0,0,283.947,0,0,0
"MtrElec",10,12,22,"",228.403,0,0,0,0,0,0,0,0,0,0,0,0,0,0,0,0,0,0,0,0,228.403,0,0,0
"MtrElec",10,12,23,"",240.961,0,0,0,0,0,0,0,0,0,0,0,0,0,0,0,0,0,0,0,0,240.961,0,0,0
"MtrElec",10,12,24,"",153.033,0,0,0,0,0,0,0,0,0,0,0,0,0,0,0,0,0,0,0,0,153.033,0,0,0
"MtrElec",10,13,1,"",176.483,0,0,0,0,0,0,0,0,0,0,0,0,0,0,0,0,0,0,0,0,176.483,0,0,0
"MtrElec",10,13,2,"",109.974,0,0,0,0,0,0,0,0,0,0,0,0,0,0,0,0,0,0,0,0,109.974,0,0,0
"MtrElec",10,13,3,"",90.6206,0,0,0,0,0,0,0,0,0,0,0,0,0,0,0,0,0,0,0,0,90.6206,0,0,0
"MtrElec",10,13,4,"",103.721,0,0,0,0,0,0,0,0,0,0,0,0,0,0,0,0,0,0,0,0,103.721,0,0,0
"MtrElec",10,13,5,"",102.383,0,0,0,0,0,0,0,0,0,0,0,0,0,0,0,0,0,0,0,0,102.383,0,0,0
"MtrElec",10,13,6,"",106.618,0,0,0,0,0,0,0,0,0,0,0,0,0,0,0,0,0,0,0,0,106.618,0,0,0
"MtrElec",10,13,7,"",167.834,0,0,0,0,0,0,0,0,0,0,0,0,0,0,0,0,0,0,0,0,167.834,0,0,0
"MtrElec",10,13,8,"",198.928,0,0,0,0,0,0,0,0,0,0,0,0,0,0,0,0,0,0,0,0,250,0,0,-51.0725
"MtrElec",10,13,9,"",61.0406,0,0,0,0,0,0,0,0,0,0,0,0,0,0,0,0,0,0,0,0,226.362,0,0,-165.321
"MtrElec",10,13,10,"",0,0,0,0,0,0,0,0,0,0,0,0,0,0,0,0,0,0,0,0,0,201.218,0,71.8565,-273.074
"MtrElec",10,13,11,"",-6.03417,0,0,0,0,0,0,0,0,0,0,0,0,0,0,0,0,0,0,0,0,194.386,0,157.698,-358.118
"MtrElec",10,13,12,"",-56.337,0,0,0,0,0,0,0,0,0,0,0,0,0,0,0,0,0,0,0,0,197.174,0,157.698,-411.209
"MtrElec",10,13,13,"",-48.2504,0,0,0,0,0,0,0,0,0,0,0,0,0,0,0,0,0,0,0,0,222.142,0,157.698,-428.09
"MtrElec",10,13,14,"",-229.74,0,0,0,0,0,0,0,0,0,0,0,0,0,0,0,0,0,0,0,0,143.911,0,43.4348,-417.086
"MtrElec",10,13,15,"",-181.04,0,0,0,0,0,0,0,0,0,0,0,0,0,0,0,0,0,0,0,0,184.202,0,0,-365.242
"MtrElec",10,13,16,"",-79.1103,0,0,0,0,0,0,0,0,0,0,0,0,0,0,0,0,0,0,0,0,159.692,0,0,-238.803
"MtrElec",10,13,17,"",23.5893,0,0,0,0,0,0,0,0,0,0,0,0,0,0,0,0,0,0,0,0,200.247,0,0,-176.658
"MtrElec",10,13,18,"",182.178,0,0,0,0,0,0,0,0,0,0,0,0,0,0,0,0,0,0,0,0,242.214,0,0,-60.0361
"MtrElec",10,13,19,"",121.522,0,0,0,0,0,0,0,0,0,0,0,0,0,0,0,0,0,0,0,0,279.319,0,-157.698,-0.0990803
"MtrElec",10,13,20,"",108.218,0,0,0,0,0,0,0,0,0,0,0,0,0,0,0,0,0,0,0,0,265.916,0,-157.698,0
"MtrElec",10,13,21,"",101.281,0,0,0,0,0,0,0,0,0,0,0,0,0,0,0,0,0,0,0,0,258.979,0,-157.698,0
"MtrElec",10,13,22,"",162.415,0,0,0,0,0,0,0,0,0,0,0,0,0,0,0,0,0,0,0,0,220.338,0,-57.9237,0
"MtrElec",10,13,23,"",203.079,0,0,0,0,0,0,0,0,0,0,0,0,0,0,0,0,0,0,0,0,203.079,0,0,0
"MtrElec",10,13,24,"",161.723,0,0,0,0,0,0,0,0,0,0,0,0,0,0,0,0,0,0,0,0,161.723,0,0,0
"MtrElec",10,14,1,"",104.676,0,0,0,0,0,0,0,0,0,0,0,0,0,0,0,0,0,0,0,0,104.676,0,0,0
"MtrElec",10,14,2,"",110.683,0,0,0,0,0,0,0,0,0,0,0,0,0,0,0,0,0,0,0,0,110.683,0,0,0
"MtrElec",10,14,3,"",141.067,0,0,0,0,0,0,0,0,0,0,0,0,0,0,0,0,0,0,0,0,141.067,0,0,0
"MtrElec",10,14,4,"",89.5864,0,0,0,0,0,0,0,0,0,0,0,0,0,0,0,0,0,0,0,0,89.5864,0,0,0
"MtrElec",10,14,5,"",100.262,0,0,0,0,0,0,0,0,0,0,0,0,0,0,0,0,0,0,0,0,100.262,0,0,0
"MtrElec",10,14,6,"",109.153,0,0,0,0,0,0,0,0,0,0,0,0,0,0,0,0,0,0,0,0,109.153,0,0,0
"MtrElec",10,14,7,"",161.398,0,0,0,0,0,0,0,0,0,0,0,0,0,0,0,0,0,0,0,0,161.398,0,0,0
"MtrElec",10,14,8,"",145.012,0,0,0,0,0,0,0,0,0,0,0,0,0,0,0,0,0,0,0,0,194.965,0,0,-49.9535
"MtrElec",10,14,9,"",57.7599,0,0,0,0,0,0,0,0,0,0,0,0,0,0,0,0,0,0,0,0,223.316,0,0,-165.556
"MtrElec",10,14,10,"",0,0,0,0,0,0,0,0,0,0,0,0,0,0,0,0,0,0,0,0,0,241.809,0,34.1804,-275.989
"MtrElec",10,14,11,"",0.0000078,0,0,0,0,0,0,0,0,0,0,0,0,0,0,0,0,0,0,0,0,249.298,0,106.431,-355.728
"MtrElec",10,14,12,"",-12.848,0,0,0,0,0,0,0,0,0,0,0,0,0,0,0,0,0,0,0,0,234.926,0,157.698,-405.472
"MtrElec",10,14,13,"",-6.54045,0,0,0,0,0,0,0,0,0,0,0,0,0,0,0,0,0,0,0,0,256.058,0,157.698,-420.297
"MtrElec",10,14,14,"",-62.1638,0,0,0,0,0,0,0,0,0,0,0,0,0,0,0,0,0,0,0,0,201.202,0,132.378,-395.744
"MtrElec",10,14,15,"",-124.792,0,0,0,0,0,0,0,0,0,0,0,0,0,0,0,0,0,0,0,0,237.069,0,0,-361.861
"MtrElec",10,14,16,"",-41.665,0,0,0,0,0,0,0,0,0,0,0,0,0,0,0,0,0,0,0,0,250.479,0,0,-292.144
"MtrElec",10,14,17,"",77.5709,0,0,0,0,0,0,0,0,0,0,0,0,0,0,0,0,0,0,0,0,266.224,0,0,-188.653
"MtrElec",10,14,18,"",232.447,0,0,0,0,0,0,0,0,0,0,0,0,0,0,0,0,0,0,0,0,299.523,0,0,-67.0764
"MtrElec",10,14,19,"",187.071,0,0,0,0,0,0,0,0,0,0,0,0,0,0,0,0,0,0,0,0,344.769,0,-157.698,0
"MtrElec",10,14,20,"",150.726,0,0,0,0,0,0,0,0,0,0,0,0,0,0,0,0,0,0,0,0,308.424,0,-157.698,0
"MtrElec",10,14,21,"",158.424,0,0,0,0,0,0,0,0,0,0,0,0,0,0,0,0,0,0,0,0,316.122,0,-157.698,0
"MtrElec",10,14,22,"",203.348,0,0,0,0,0,0,0,0,0,0,0,0,0,0,0,0,0,0,0,0,261.272,0,-57.9237,0
"MtrElec",10,14,23,"",244.23,0,0,0,0,0,0,0,0,0,0,0,0,0,0,0,0,0,0,0,0,244.23,0,0,0
"MtrElec",10,14,24,"",154.45,0,0,0,0,0,0,0,0,0,0,0,0,0,0,0,0,0,0,0,0,154.45,0,0,0
"MtrElec",10,15,1,"",169.309,0,0,0,0,0,0,0,0,0,0,0,0,0,0,0,0,0,0,0,0,169.309,0,0,0
"MtrElec",10,15,2,"",117.853,0,0,0,0,0,0,0,0,0,0,0,0,0,0,0,0,0,0,0,0,117.853,0,0,0
"MtrElec",10,15,3,"",95.6501,0,0,0,0,0,0,0,0,0,0,0,0,0,0,0,0,0,0,0,0,95.6501,0,0,0
"MtrElec",10,15,4,"",106.753,0,0,0,0,0,0,0,0,0,0,0,0,0,0,0,0,0,0,0,0,106.753,0,0,0
"MtrElec",10,15,5,"",104.446,0,0,0,0,0,0,0,0,0,0,0,0,0,0,0,0,0,0,0,0,104.446,0,0,0
"MtrElec",10,15,6,"",110.806,0,0,0,0,0,0,0,0,0,0,0,0,0,0,0,0,0,0,0,0,110.806,0,0,0
"MtrElec",10,15,7,"",169.88,0,0,0,0,0,0,0,0,0,0,0,0,0,0,0,0,0,0,0,0,169.88,0,0,0
"MtrElec",10,15,8,"",160.467,0,0,0,0,0,0,0,0,0,0,0,0,0,0,0,0,0,0,0,0,210.904,0,0,-50.4378
"MtrElec",10,15,9,"",70.5533,0,0,0,0,0,0,0,0,0,0,0,0,0,0,0,0,0,0,0,0,235.533,0,0,-164.98
"MtrElec",10,15,10,"",4.89237,0,0,0,0,0,0,0,0,0,0,0,0,0,0,0,0,0,0,0,0,277.375,0,0,-272.483
"MtrElec",10,15,11,"",0.0000020,0,0,0,0,0,0,0,0,0,0,0,0,0,0,0,0,0,0,0,0,314.435,0,31.5373,-345.972
"MtrElec",10,15,12,"",0.0000078,0,0,0,0,0,0,0,0,0,0,0,0,0,0,0,0,0,0,0,0,247.961,0,119.105,-367.066
"MtrElec",10,15,13,"",0.0000078,0,0,0,0,0,0,0,0,0,0,0,0,0,0,0,0,0,0,0,0,273.575,0,106.561,-380.135
"MtrElec",10,15,14,"",0,0,0,0,0,0,0,0,0,0,0,0,0,0,0,0,0,0,0,0,0,256.236,0,140.876,-397.112
"MtrElec",10,15,15,"",0,0,0,0,0,0,0,0,0,0,0,0,0,0,0,0,0,0,0,0,0,251.114,0,112.965,-364.079
"MtrElec",10,15,16,"",0,0,0,0,0,0,0,0,0,0,0,0,0,0,0,0,0,0,0,0,0,285.464,0,8.84016,-294.305
"MtrElec",10,15,17,"",136.421,0,0,0,0,0,0,0,0,0,0,0,0,0,0,0,0,0,0,0,0,328.071,0,0,-191.65
"MtrElec",10,15,18,"",247.79,0,0,0,0,0,0,0,0,0,0,0,0,0,0,0,0,0,0,0,0,313.322,0,0,-65.5325
"MtrElec",10,15,19,"",166.185,0,0,0,0,0,0,0,0,0,0,0,0,0,0,0,0,0,0,0,0,323.883,0,-157.698,0
"MtrElec",10,15,20,"",151.187,0,0,0,0,0,0,0,0,0,0,0,0,0,0,0,0,0,0,0,0,308.885,0,-157.698,0
"MtrElec",10,15,21,"",166.772,0,0,0,0,0,0,0,0,0,0,0,0,0,0,0,0,0,0,0,0,320.571,0,-153.799,0
"MtrElec",10,15,22,"",263.74,0,0,0,0,0,0,0,0,0,0,0,0,0,0,0,0,0,0,0,0,263.74,0,0,0
"MtrElec",10,15,23,"",228.059,0,0,0,0,0,0,0,0,0,0,0,0,0,0,0,0,0,0,0,0,228.059,0,0,0
"MtrElec",10,15,24,"",155.654,0,0,0,0,0,0,0,0,0,0,0,0,0,0,0,0,0,0,0,0,155.654,0,0,0
"MtrElec",10,16,1,"",173.317,0,0,0,0,0,0,0,0,0,0,0,0,0,0,0,0,0,0,0,0,173.317,0,0,0
"MtrElec",10,16,2,"",116.946,0,0,0,0,0,0,0,0,0,0,0,0,0,0,0,0,0,0,0,0,116.946,0,0,0
"MtrElec",10,16,3,"",94.4613,0,0,0,0,0,0,0,0,0,0,0,0,0,0,0,0,0,0,0,0,94.4613,0,0,0
"MtrElec",10,16,4,"",106.605,0,0,0,0,0,0,0,0,0,0,0,0,0,0,0,0,0,0,0,0,106.605,0,0,0
"MtrElec",10,16,5,"",103.622,0,0,0,0,0,0,0,0,0,0,0,0,0,0,0,0,0,0,0,0,103.622,0,0,0
"MtrElec",10,16,6,"",119.039,0,0,0,0,0,0,0,0,0,0,0,0,0,0,0,0,0,0,0,0,119.039,0,0,0
"MtrElec",10,16,7,"",182.633,0,0,0,0,0,0,0,0,0,0,0,0,0,0,0,0,0,0,0,0,182.633,0,0,0
"MtrElec",10,16,8,"",179.679,0,0,0,0,0,0,0,0,0,0,0,0,0,0,0,0,0,0,0,0,227.811,0,0,-48.1318
"MtrElec",10,16,9,"",90.189,0,0,0,0,0,0,0,0,0,0,0,0,0,0,0,0,0,0,0,0,258.031,0,0,-167.842
"MtrElec",10,16,10,"",13.3812,0,0,0,0,0,0,0,0,0,0,0,0,0,0,0,0,0,0,0,0,288.869,0,0,-275.488
"MtrElec",10,16,11,"",0,0,0,0,0,0,0,0,0,0,0,0,0,0,0,0,0,0,0,0,0,278.221,0,65.6653,-343.886
"MtrElec",10,16,12,"",0,0,0,0,0,0,0,0,0,0,0,0,0,0,0,0,0,0,0,0,0,269.584,0,118.453,-388.037
"MtrElec",10,16,13,"",0,0,0,0,0,0,0,0,0,0,0,0,0,0,0,0,0,0,0,0,0,284.138,0,126.367,-410.505
"MtrElec",10,16,14,"",0,0,0,0,0,0,0,0,0,0,0,0,0,0,0,0,0,0,0,0,0,262.334,0,141.214,-403.548
"MtrElec",10,16,15,"",0,0,0,0,0,0,0,0,0,0,0,0,0,0,0,0,0,0,0,0,0,250.547,0,109.807,-360.354
"MtrElec",10,16,16,"",0,0,0,0,0,0,0,0,0,0,0,0,0,0,0,0,0,0,0,0,0,275.978,0,11.9083,-287.886
"MtrElec",10,16,17,"",131.073,0,0,0,0,0,0,0,0,0,0,0,0,0,0,0,0,0,0,0,0,316.769,0,0,-185.696
"MtrElec",10,16,18,"",216.778,0,0,0,0,0,0,0,0,0,0,0,0,0,0,0,0,0,0,0,0,281.061,0,0,-64.2824
"MtrElec",10,16,19,"",160.648,0,0,0,0,0,0,0,0,0,0,0,0,0,0,0,0,0,0,0,0,318.346,0,-157.698,0
"MtrElec",10,16,20,"",194.5,0,0,0,0,0,0,0,0,0,0,0,0,0,0,0,0,0,0,0,0,352.198,0,-157.698,0
"MtrElec",10,16,21,"",140.12,0,0,0,0,0,0,0,0,0,0,0,0,0,0,0,0,0,0,0,0,297.818,0,-157.698,0
"MtrElec",10,16,22,"",218.875,0,0,0,0,0,0,0,0,0,0,0,0,0,0,0,0,0,0,0,0,263.288,0,-44.413,0
"MtrElec",10,16,23,"",268.36,0,0,0,0,0,0,0,0,0,0,0,0,0,0,0,0,0,0,0,0,268.36,0,0,0
"MtrElec",10,16,24,"",180.643,0,0,0,0,0,0,0,0,0,0,0,0,0,0,0,0,0,0,0,0,180.643,0,0,0
"MtrElec",10,17,1,"",148.457,0,0,0,0,0,0,0,0,0,0,0,0,0,0,0,0,0,0,0,0,148.457,0,0,0
"MtrElec",10,17,2,"",123.13,0,0,0,0,0,0,0,0,0,0,0,0,0,0,0,0,0,0,0,0,123.13,0,0,0
"MtrElec",10,17,3,"",97.6466,0,0,0,0,0,0,0,0,0,0,0,0,0,0,0,0,0,0,0,0,97.6466,0,0,0
"MtrElec",10,17,4,"",111.7,0,0,0,0,0,0,0,0,0,0,0,0,0,0,0,0,0,0,0,0,111.7,0,0,0
"MtrElec",10,17,5,"",120.17,0,0,0,0,0,0,0,0,0,0,0,0,0,0,0,0,0,0,0,0,120.17,0,0,0
"MtrElec",10,17,6,"",132.794,0,0,0,0,0,0,0,0,0,0,0,0,0,0,0,0,0,0,0,0,132.794,0,0,0
"MtrElec",10,17,7,"",121.871,0,0,0,0,0,0,0,0,0,0,0,0,0,0,0,0,0,0,0,0,121.871,0,0,0
"MtrElec",10,17,8,"",128.075,0,0,0,0,0,0,0,0,0,0,0,0,0,0,0,0,0,0,0,0,175.06,0,0,-46.9849
"MtrElec",10,17,9,"",65.2746,0,0,0,0,0,0,0,0,0,0,0,0,0,0,0,0,0,0,0,0,229.681,0,0,-164.406
"MtrElec",10,17,10,"",0,0,0,0,0,0,0,0,0,0,0,0,0,0,0,0,0,0,0,0,0,252.333,0,15.6269,-267.96
"MtrElec",10,17,11,"",0,0,0,0,0,0,0,0,0,0,0,0,0,0,0,0,0,0,0,0,0,304.85,0,36.5725,-341.423
"MtrElec",10,17,12,"",20.3762,0,0,0,0,0,0,0,0,0,0,0,0,0,0,0,0,0,0,0,0,412.941,0,0,-392.564
"MtrElec",10,17,13,"",0,0,0,0,0,0,0,0,0,0,0,0,0,0,0,0,0,0,0,0,0,377.946,0,35.4647,-413.41
"MtrElec",10,17,14,"",0.0000039,0,0,0,0,0,0,0,0,0,0,0,0,0,0,0,0,0,0,0,0,327.454,0,64.172,-391.626
"MtrElec",10,17,15,"",0,0,0,0,0,0,0,0,0,0,0,0,0,0,0,0,0,0,0,0,0,319.673,0,22.4869,-342.16
"MtrElec",10,17,16,"",32.9798,0,0,0,0,0,0,0,0,0,0,0,0,0,0,0,0,0,0,0,0,317.097,0,0,-284.117
"MtrElec",10,17,17,"",154.058,0,0,0,0,0,0,0,0,0,0,0,0,0,0,0,0,0,0,0,0,337.167,0,0,-183.11
"MtrElec",10,17,18,"",290.718,0,0,0,0,0,0,0,0,0,0,0,0,0,0,0,0,0,0,0,0,352.017,0,0,-61.2987
"MtrElec",10,17,19,"",286.129,0,0,0,0,0,0,0,0,0,0,0,0,0,0,0,0,0,0,0,0,443.455,0,-157.327,0
"MtrElec",10,17,20,"",376.939,0,0,0,0,0,0,0,0,0,0,0,0,0,0,0,0,0,0,0,0,376.939,0,0,0
"MtrElec",10,17,21,"",344.503,0,0,0,0,0,0,0,0,0,0,0,0,0,0,0,0,0,0,0,0,344.503,0,0,0
"MtrElec",10,17,22,"",356.555,0,0,0,0,0,0,0,0,0,0,0,0,0,0,0,0,0,0,0,0,356.555,0,0,0
"MtrElec",10,17,23,"",257.814,0,0,0,0,0,0,0,0,0,0,0,0,0,0,0,0,0,0,0,0,257.814,0,0,0
"MtrElec",10,17,24,"",205.048,0,0,0,0,0,0,0,0,0,0,0,0,0,0,0,0,0,0,0,0,205.048,0,0,0
"MtrElec",10,18,1,"",154.165,0,0,0,0,0,0,0,0,0,0,0,0,0,0,0,0,0,0,0,0,154.165,0,0,0
"MtrElec",10,18,2,"",129.341,0,0,0,0,0,0,0,0,0,0,0,0,0,0,0,0,0,0,0,0,129.341,0,0,0
"MtrElec",10,18,3,"",142.643,0,0,0,0,0,0,0,0,0,0,0,0,0,0,0,0,0,0,0,0,142.643,0,0,0
"MtrElec",10,18,4,"",123.228,0,0,0,0,0,0,0,0,0,0,0,0,0,0,0,0,0,0,0,0,123.228,0,0,0
"MtrElec",10,18,5,"",126.762,0,0,0,0,0,0,0,0,0,0,0,0,0,0,0,0,0,0,0,0,126.762,0,0,0
"MtrElec",10,18,6,"",106.832,0,0,0,0,0,0,0,0,0,0,0,0,0,0,0,0,0,0,0,0,106.832,0,0,0
"MtrElec",10,18,7,"",160.162,0,0,0,0,0,0,0,0,0,0,0,0,0,0,0,0,0,0,0,0,160.162,0,0,0
"MtrElec",10,18,8,"",145.448,0,0,0,0,0,0,0,0,0,0,0,0,0,0,0,0,0,0,0,0,174.266,0,0,-28.8185
"MtrElec",10,18,9,"",94.2454,0,0,0,0,0,0,0,0,0,0,0,0,0,0,0,0,0,0,0,0,187.678,0,0,-93.4326
"MtrElec",10,18,10,"",37.9442,0,0,0,0,0,0,0,0,0,0,0,0,0,0,0,0,0,0,0,0,267.811,0,0,-229.867
"MtrElec",10,18,11,"",4.22038,0,0,0,0,0,0,0,0,0,0,0,0,0,0,0,0,0,0,0,0,281.552,0,0,-277.332
"MtrElec",10,18,12,"",0.0000039,0,0,0,0,0,0,0,0,0,0,0,0,0,0,0,0,0,0,0,0,303.466,0,62.6049,-366.071
"MtrElec",10,18,13,"",0,0,0,0,0,0,0,0,0,0,0,0,0,0,0,0,0,0,0,0,0,289.834,0,117.758,-407.592
"MtrElec",10,18,14,"",-1.60889,0,0,0,0,0,0,0,0,0,0,0,0,0,0,0,0,0,0,0,0,250.563,0,157.698,-409.87
"MtrElec",10,18,15,"",0,0,0,0,0,0,0,0,0,0,0,0,0,0,0,0,0,0,0,0,0,256.187,0,93.9714,-350.158
"MtrElec",10,18,16,"",26.906,0,0,0,0,0,0,0,0,0,0,0,0,0,0,0,0,0,0,0,0,256.673,0,0,-229.767
"MtrElec",10,18,17,"",85.2067,0,0,0,0,0,0,0,0,0,0,0,0,0,0,0,0,0,0,0,0,255.098,0,0,-169.892
"MtrElec",10,18,18,"",239.696,0,0,0,0,0,0,0,0,0,0,0,0,0,0,0,0,0,0,0,0,297.648,0,0,-57.9516
"MtrElec",10,18,19,"",196.929,0,0,0,0,0,0,0,0,0,0,0,0,0,0,0,0,0,0,0,0,354.627,0,-157.698,0
"MtrElec",10,18,20,"",203.412,0,0,0,0,0,0,0,0,0,0,0,0,0,0,0,0,0,0,0,0,361.11,0,-157.698,0
"MtrElec",10,18,21,"",266.929,0,0,0,0,0,0,0,0,0,0,0,0,0,0,0,0,0,0,0,0,341.443,0,-74.5136,0
"MtrElec",10,18,22,"",333.354,0,0,0,0,0,0,0,0,0,0,0,0,0,0,0,0,0,0,0,0,333.354,0,0,0
"MtrElec",10,18,23,"",208.468,0,0,0,0,0,0,0,0,0,0,0,0,0,0,0,0,0,0,0,0,208.468,0,0,0
"MtrElec",10,18,24,"",191.92,0,0,0,0,0,0,0,0,0,0,0,0,0,0,0,0,0,0,0,0,191.92,0,0,0
"MtrElec",10,19,1,"",142.191,0,0,0,0,0,0,0,0,0,0,0,0,0,0,0,0,0,0,0,0,142.191,0,0,0
"MtrElec",10,19,2,"",114.251,0,0,0,0,0,0,0,0,0,0,0,0,0,0,0,0,0,0,0,0,114.251,0,0,0
"MtrElec",10,19,3,"",93.739,0,0,0,0,0,0,0,0,0,0,0,0,0,0,0,0,0,0,0,0,93.739,0,0,0
"MtrElec",10,19,4,"",106.281,0,0,0,0,0,0,0,0,0,0,0,0,0,0,0,0,0,0,0,0,106.281,0,0,0
"MtrElec",10,19,5,"",104.161,0,0,0,0,0,0,0,0,0,0,0,0,0,0,0,0,0,0,0,0,104.161,0,0,0
"MtrElec",10,19,6,"",100.479,0,0,0,0,0,0,0,0,0,0,0,0,0,0,0,0,0,0,0,0,100.479,0,0,0
"MtrElec",10,19,7,"",172.592,0,0,0,0,0,0,0,0,0,0,0,0,0,0,0,0,0,0,0,0,172.592,0,0,0
"MtrElec",10,19,8,"",211.333,0,0,0,0,0,0,0,0,0,0,0,0,0,0,0,0,0,0,0,0,257.223,0,0,-45.8899
"MtrElec",10,19,9,"",128.771,0,0,0,0,0,0,0,0,0,0,0,0,0,0,0,0,0,0,0,0,287.559,0,0,-158.788
"MtrElec",10,19,10,"",22.8987,0,0,0,0,0,0,0,0,0,0,0,0,0,0,0,0,0,0,0,0,292.768,0,0,-269.869
"MtrElec",10,19,11,"",0,0,0,0,0,0,0,0,0,0,0,0,0,0,0,0,0,0,0,0,0,233.223,0,116.855,-350.078
"MtrElec",10,19,12,"",0,0,0,0,0,0,0,0,0,0,0,0,0,0,0,0,0,0,0,0,0,268.734,0,140.443,-409.177
"MtrElec",10,19,13,"",0,0,0,0,0,0,0,0,0,0,0,0,0,0,0,0,0,0,0,0,0,324.525,0,104.744,-429.269
"MtrElec",10,19,14,"",-25.3384,0,0,0,0,0,0,0,0,0,0,0,0,0,0,0,0,0,0,0,0,230.837,0,157.698,-413.874
"MtrElec",10,19,15,"",-62.3718,0,0,0,0,0,0,0,0,0,0,0,0,0,0,0,0,0,0,0,0,240.573,0,68.6444,-371.59
"MtrElec",10,19,16,"",-65.8053,0,0,0,0,0,0,0,0,0,0,0,0,0,0,0,0,0,0,0,0,228.547,0,0,-294.352
"MtrElec",10,19,17,"",105.341,0,0,0,0,0,0,0,0,0,0,0,0,0,0,0,0,0,0,0,0,288.801,0,0,-183.46
"MtrElec",10,19,18,"",268.824,0,0,0,0,0,0,0,0,0,0,0,0,0,0,0,0,0,0,0,0,326.978,0,0,-58.1546
"MtrElec",10,19,19,"",161.366,0,0,0,0,0,0,0,0,0,0,0,0,0,0,0,0,0,0,0,0,319.064,0,-157.698,0
"MtrElec",10,19,20,"",163.475,0,0,0,0,0,0,0,0,0,0,0,0,0,0,0,0,0,0,0,0,321.173,0,-157.698,0
"MtrElec",10,19,21,"",144.97,0,0,0,0,0,0,0,0,0,0,0,0,0,0,0,0,0,0,0,0,302.668,0,-157.698,0
"MtrElec",10,19,22,"",192.818,0,0,0,0,0,0,0,0,0,0,0,0,0,0,0,0,0,0,0,0,250.742,0,-57.9237,0
"MtrElec",10,19,23,"",203.483,0,0,0,0,0,0,0,0,0,0,0,0,0,0,0,0,0,0,0,0,203.483,0,0,0
"MtrElec",10,19,24,"",192.394,0,0,0,0,0,0,0,0,0,0,0,0,0,0,0,0,0,0,0,0,192.394,0,0,0
"MtrElec",10,20,1,"",116.58,0,0,0,0,0,0,0,0,0,0,0,0,0,0,0,0,0,0,0,0,116.58,0,0,0
"MtrElec",10,20,2,"",112.869,0,0,0,0,0,0,0,0,0,0,0,0,0,0,0,0,0,0,0,0,112.869,0,0,0
"MtrElec",10,20,3,"",106.887,0,0,0,0,0,0,0,0,0,0,0,0,0,0,0,0,0,0,0,0,106.887,0,0,0
"MtrElec",10,20,4,"",94.4473,0,0,0,0,0,0,0,0,0,0,0,0,0,0,0,0,0,0,0,0,94.4473,0,0,0
"MtrElec",10,20,5,"",103.985,0,0,0,0,0,0,0,0,0,0,0,0,0,0,0,0,0,0,0,0,103.985,0,0,0
"MtrElec",10,20,6,"",127.567,0,0,0,0,0,0,0,0,0,0,0,0,0,0,0,0,0,0,0,0,127.567,0,0,0
"MtrElec",10,20,7,"",187.361,0,0,0,0,0,0,0,0,0,0,0,0,0,0,0,0,0,0,0,0,187.361,0,0,0
"MtrElec",10,20,8,"",233.63,0,0,0,0,0,0,0,0,0,0,0,0,0,0,0,0,0,0,0,0,246.679,0,0,-13.0493
"MtrElec",10,20,9,"",92.6683,0,0,0,0,0,0,0,0,0,0,0,0,0,0,0,0,0,0,0,0,213.115,0,0,-120.447
"MtrElec",10,20,10,"",38.7703,0,0,0,0,0,0,0,0,0,0,0,0,0,0,0,0,0,0,0,0,210.062,0,0,-171.291
"MtrElec",10,20,11,"",170.785,0,0,0,0,0,0,0,0,0,0,0,0,0,0,0,0,0,0,0,0,224.343,0,0,-53.5583
"MtrElec",10,20,12,"",105.639,0,0,0,0,0,0,0,0,0,0,0,0,0,0,0,0,0,0,0,0,209.779,0,0,-104.14
"MtrElec",10,20,13,"",0,0,0,0,0,0,0,0,0,0,0,0,0,0,0,0,0,0,0,0,0,214.34,0,7.589,-221.929
"MtrElec",10,20,14,"",0,0,0,0,0,0,0,0,0,0,0,0,0,0,0,0,0,0,0,0,0,135.847,0,100.773,-236.62
"MtrElec",10,20,15,"",-2.47097,0,0,0,0,0,0,0,0,0,0,0,0,0,0,0,0,0,0,0,0,202.696,0,157.698,-362.865
"MtrElec",10,20,16,"",0,0,0,0,0,0,0,0,0,0,0,0,0,0,0,0,0,0,0,0,0,188.566,0,14.7893,-203.355
"MtrElec",10,20,17,"",73.7319,0,0,0,0,0,0,0,0,0,0,0,0,0,0,0,0,0,0,0,0,234.614,0,0,-160.882
"MtrElec",10,20,18,"",201.865,0,0,0,0,0,0,0,0,0,0,0,0,0,0,0,0,0,0,0,0,258.133,0,0,-56.2677
"MtrElec",10,20,19,"",133.743,0,0,0,0,0,0,0,0,0,0,0,0,0,0,0,0,0,0,0,0,291.441,0,-157.698,0
"MtrElec",10,20,20,"",177.281,0,0,0,0,0,0,0,0,0,0,0,0,0,0,0,0,0,0,0,0,273.05,0,-95.7685,0
"MtrElec",10,20,21,"",259.136,0,0,0,0,0,0,0,0,0,0,0,0,0,0,0,0,0,0,0,0,259.136,0,0,0
"MtrElec",10,20,22,"",240.013,0,0,0,0,0,0,0,0,0,0,0,0,0,0,0,0,0,0,0,0,240.013,0,0,0
"MtrElec",10,20,23,"",230.433,0,0,0,0,0,0,0,0,0,0,0,0,0,0,0,0,0,0,0,0,230.433,0,0,0
"MtrElec",10,20,24,"",149.528,0,0,0,0,0,0,0,0,0,0,0,0,0,0,0,0,0,0,0,0,149.528,0,0,0
"MtrElec",10,21,1,"",117.676,0,0,0,0,0,0,0,0,0,0,0,0,0,0,0,0,0,0,0,0,117.676,0,0,0
"MtrElec",10,21,2,"",111.502,0,0,0,0,0,0,0,0,0,0,0,0,0,0,0,0,0,0,0,0,111.502,0,0,0
"MtrElec",10,21,3,"",136.569,0,0,0,0,0,0,0,0,0,0,0,0,0,0,0,0,0,0,0,0,136.569,0,0,0
"MtrElec",10,21,4,"",103.049,0,0,0,0,0,0,0,0,0,0,0,0,0,0,0,0,0,0,0,0,103.049,0,0,0
"MtrElec",10,21,5,"",109.309,0,0,0,0,0,0,0,0,0,0,0,0,0,0,0,0,0,0,0,0,109.309,0,0,0
"MtrElec",10,21,6,"",111.656,0,0,0,0,0,0,0,0,0,0,0,0,0,0,0,0,0,0,0,0,111.656,0,0,0
"MtrElec",10,21,7,"",186.604,0,0,0,0,0,0,0,0,0,0,0,0,0,0,0,0,0,0,0,0,186.604,0,0,0
"MtrElec",10,21,8,"",240.222,0,0,0,0,0,0,0,0,0,0,0,0,0,0,0,0,0,0,0,0,240.222,0,0,0
"MtrElec",10,21,9,"",171.948,0,0,0,0,0,0,0,0,0,0,0,0,0,0,0,0,0,0,0,0,202.217,0,0,-30.2688
"MtrElec",10,21,10,"",160.879,0,0,0,0,0,0,0,0,0,0,0,0,0,0,0,0,0,0,0,0,233.168,0,0,-72.2882
"MtrElec",10,21,11,"",9.54306,0,0,0,0,0,0,0,0,0,0,0,0,0,0,0,0,0,0,0,0,205.766,0,0,-196.223
"MtrElec",10,21,12,"",31.763,0,0,0,0,0,0,0,0,0,0,0,0,0,0,0,0,0,0,0,0,243.076,0,0,-211.313
"MtrElec",10,21,13,"",29.1416,0,0,0,0,0,0,0,0,0,0,0,0,0,0,0,0,0,0,0,0,241.48,0,0,-212.339
"MtrElec",10,21,14,"",0.0000005,0,0,0,0,0,0,0,0,0,0,0,0,0,0,0,0,0,0,0,0,169.072,0,6.58502,-175.657
"MtrElec",10,21,15,"",16.2042,0,0,0,0,0,0,0,0,0,0,0,0,0,0,0,0,0,0,0,0,158.027,0,0,-141.823
"MtrElec",10,21,16,"",60.4409,0,0,0,0,0,0,0,0,0,0,0,0,0,0,0,0,0,0,0,0,199.018,0,0,-138.577
"MtrElec",10,21,17,"",153.863,0,0,0,0,0,0,0,0,0,0,0,0,0,0,0,0,0,0,0,0,230.281,0,0,-76.4176
"MtrElec",10,21,18,"",238.07,0,0,0,0,0,0,0,0,0,0,0,0,0,0,0,0,0,0,0,0,238.07,0,0,0
"MtrElec",10,21,19,"",257.451,0,0,0,0,0,0,0,0,0,0,0,0,0,0,0,0,0,0,0,0,263.394,0,-5.94298,0
"MtrElec",10,21,20,"",334.3,0,0,0,0,0,0,0,0,0,0,0,0,0,0,0,0,0,0,0,0,334.3,0,0,0
"MtrElec",10,21,21,"",358.391,0,0,0,0,0,0,0,0,0,0,0,0,0,0,0,0,0,0,0,0,358.391,0,0,0
"MtrElec",10,21,22,"",208.911,0,0,0,0,0,0,0,0,0,0,0,0,0,0,0,0,0,0,0,0,208.911,0,0,0
"MtrElec",10,21,23,"",236.045,0,0,0,0,0,0,0,0,0,0,0,0,0,0,0,0,0,0,0,0,236.045,0,0,0
"MtrElec",10,21,24,"",206.668,0,0,0,0,0,0,0,0,0,0,0,0,0,0,0,0,0,0,0,0,206.668,0,0,0
"MtrElec",10,22,1,"",129.499,0,0,0,0,0,0,0,0,0,0,0,0,0,0,0,0,0,0,0,0,129.499,0,0,0
"MtrElec",10,22,2,"",105.524,0,0,0,0,0,0,0,0,0,0,0,0,0,0,0,0,0,0,0,0,105.524,0,0,0
"MtrElec",10,22,3,"",96.8649,0,0,0,0,0,0,0,0,0,0,0,0,0,0,0,0,0,0,0,0,96.8649,0,0,0
"MtrElec",10,22,4,"",113.495,0,0,0,0,0,0,0,0,0,0,0,0,0,0,0,0,0,0,0,0,113.495,0,0,0
"MtrElec",10,22,5,"",99.3499,0,0,0,0,0,0,0,0,0,0,0,0,0,0,0,0,0,0,0,0,99.3499,0,0,0
"MtrElec",10,22,6,"",121.274,0,0,0,0,0,0,0,0,0,0,0,0,0,0,0,0,0,0,0,0,121.274,0,0,0
"MtrElec",10,22,7,"",168.742,0,0,0,0,0,0,0,0,0,0,0,0,0,0,0,0,0,0,0,0,168.742,0,0,0
"MtrElec",10,22,8,"",198.119,0,0,0,0,0,0,0,0,0,0,0,0,0,0,0,0,0,0,0,0,210.062,0,0,-11.943
"MtrElec",10,22,9,"",120.445,0,0,0,0,0,0,0,0,0,0,0,0,0,0,0,0,0,0,0,0,212.347,0,0,-91.9025
"MtrElec",10,22,10,"",79.7441,0,0,0,0,0,0,0,0,0,0,0,0,0,0,0,0,0,0,0,0,234.525,0,0,-154.781
"MtrElec",10,22,11,"",0,0,0,0,0,0,0,0,0,0,0,0,0,0,0,0,0,0,0,0,0,248.066,0,98.6955,-346.762
"MtrElec",10,22,12,"",0.0000078,0,0,0,0,0,0,0,0,0,0,0,0,0,0,0,0,0,0,0,0,217.221,0,130.229,-347.45
"MtrElec",10,22,13,"",0,0,0,0,0,0,0,0,0,0,0,0,0,0,0,0,0,0,0,0,0,221.728,0,148.052,-369.78
"MtrElec",10,22,14,"",-106.784,0,0,0,0,0,0,0,0,0,0,0,0,0,0,0,0,0,0,0,0,148.97,0,157.698,-413.452
"MtrElec",10,22,15,"",-106.78,0,0,0,0,0,0,0,0,0,0,0,0,0,0,0,0,0,0,0,0,207.212,0,53.7103,-367.703
"MtrElec",10,22,16,"",-130.367,0,0,0,0,0,0,0,0,0,0,0,0,0,0,0,0,0,0,0,0,160.343,0,0,-290.71
"MtrElec",10,22,17,"",43.3805,0,0,0,0,0,0,0,0,0,0,0,0,0,0,0,0,0,0,0,0,224.523,0,0,-181.142
"MtrElec",10,22,18,"",186.775,0,0,0,0,0,0,0,0,0,0,0,0,0,0,0,0,0,0,0,0,240.457,0,0,-53.6814
"MtrElec",10,22,19,"",136.738,0,0,0,0,0,0,0,0,0,0,0,0,0,0,0,0,0,0,0,0,294.436,0,-157.698,0
"MtrElec",10,22,20,"",107.205,0,0,0,0,0,0,0,0,0,0,0,0,0,0,0,0,0,0,0,0,264.903,0,-157.698,0
"MtrElec",10,22,21,"",72.2734,0,0,0,0,0,0,0,0,0,0,0,0,0,0,0,0,0,0,0,0,229.971,0,-157.698,0
"MtrElec",10,22,22,"",165.582,0,0,0,0,0,0,0,0,0,0,0,0,0,0,0,0,0,0,0,0,223.505,0,-57.9237,0
"MtrElec",10,22,23,"",230.445,0,0,0,0,0,0,0,0,0,0,0,0,0,0,0,0,0,0,0,0,230.445,0,0,0
"MtrElec",10,22,24,"",185.827,0,0,0,0,0,0,0,0,0,0,0,0,0,0,0,0,0,0,0,0,185.827,0,0,0
"MtrElec",10,23,1,"",115.07,0,0,0,0,0,0,0,0,0,0,0,0,0,0,0,0,0,0,0,0,115.07,0,0,0
"MtrElec",10,23,2,"",107.96,0,0,0,0,0,0,0,0,0,0,0,0,0,0,0,0,0,0,0,0,107.96,0,0,0
"MtrElec",10,23,3,"",94.9858,0,0,0,0,0,0,0,0,0,0,0,0,0,0,0,0,0,0,0,0,94.9858,0,0,0
"MtrElec",10,23,4,"",107.802,0,0,0,0,0,0,0,0,0,0,0,0,0,0,0,0,0,0,0,0,107.802,0,0,0
"MtrElec",10,23,5,"",105.689,0,0,0,0,0,0,0,0,0,0,0,0,0,0,0,0,0,0,0,0,105.689,0,0,0
"MtrElec",10,23,6,"",128.656,0,0,0,0,0,0,0,0,0,0,0,0,0,0,0,0,0,0,0,0,128.656,0,0,0
"MtrElec",10,23,7,"",160.887,0,0,0,0,0,0,0,0,0,0,0,0,0,0,0,0,0,0,0,0,160.887,0,0,0
"MtrElec",10,23,8,"",218.666,0,0,0,0,0,0,0,0,0,0,0,0,0,0,0,0,0,0,0,0,248.676,0,0,-30.0104
"MtrElec",10,23,9,"",123.617,0,0,0,0,0,0,0,0,0,0,0,0,0,0,0,0,0,0,0,0,235.187,0,0,-111.57
"MtrElec",10,23,10,"",91.6778,0,0,0,0,0,0,0,0,0,0,0,0,0,0,0,0,0,0,0,0,278.812,0,0,-187.135
"MtrElec",10,23,11,"",0,0,0,0,0,0,0,0,0,0,0,0,0,0,0,0,0,0,0,0,0,281.866,0,66.8686,-348.735
"MtrElec",10,23,12,"",0,0,0,0,0,0,0,0,0,0,0,0,0,0,0,0,0,0,0,0,0,257.259,0,124.954,-382.213
"MtrElec",10,23,13,"",0,0,0,0,0,0,0,0,0,0,0,0,0,0,0,0,0,0,0,0,0,275.427,0,131.594,-407.021
"MtrElec",10,23,14,"",-126.378,0,0,0,0,0,0,0,0,0,0,0,0,0,0,0,0,0,0,0,0,137.691,0,157.698,-421.767
"MtrElec",10,23,15,"",-88.1633,0,0,0,0,0,0,0,0,0,0,0,0,0,0,0,0,0,0,0,0,183.446,0,107.27,-378.88
"MtrElec",10,23,16,"",-160.033,0,0,0,0,0,0,0,0,0,0,0,0,0,0,0,0,0,0,0,0,142.303,0,0,-302.337
"MtrElec",10,23,17,"",26.4312,0,0,0,0,0,0,0,0,0,0,0,0,0,0,0,0,0,0,0,0,213.68,0,0,-187.249
"MtrElec",10,23,18,"",166.289,0,0,0,0,0,0,0,0,0,0,0,0,0,0,0,0,0,0,0,0,222.693,0,0,-56.4033
"MtrElec",10,23,19,"",89.6075,0,0,0,0,0,0,0,0,0,0,0,0,0,0,0,0,0,0,0,0,247.305,0,-157.698,0
"MtrElec",10,23,20,"",105.765,0,0,0,0,0,0,0,0,0,0,0,0,0,0,0,0,0,0,0,0,263.463,0,-157.698,0
"MtrElec",10,23,21,"",74.3938,0,0,0,0,0,0,0,0,0,0,0,0,0,0,0,0,0,0,0,0,232.092,0,-157.698,0
"MtrElec",10,23,22,"",161.727,0,0,0,0,0,0,0,0,0,0,0,0,0,0,0,0,0,0,0,0,219.651,0,-57.9237,0
"MtrElec",10,23,23,"",211.128,0,0,0,0,0,0,0,0,0,0,0,0,0,0,0,0,0,0,0,0,211.128,0,0,0
"MtrElec",10,23,24,"",147.504,0,0,0,0,0,0,0,0,0,0,0,0,0,0,0,0,0,0,0,0,147.504,0,0,0
"MtrElec",10,24,1,"",161.585,0,0,0,0,0,0,0,0,0,0,0,0,0,0,0,0,0,0,0,0,161.585,0,0,0
"MtrElec",10,24,2,"",105.882,0,0,0,0,0,0,0,0,0,0,0,0,0,0,0,0,0,0,0,0,105.882,0,0,0
"MtrElec",10,24,3,"",92.1268,0,0,0,0,0,0,0,0,0,0,0,0,0,0,0,0,0,0,0,0,92.1268,0,0,0
"MtrElec",10,24,4,"",109.392,0,0,0,0,0,0,0,0,0,0,0,0,0,0,0,0,0,0,0,0,109.392,0,0,0
"MtrElec",10,24,5,"",131.477,0,0,0,0,0,0,0,0,0,0,0,0,0,0,0,0,0,0,0,0,131.477,0,0,0
"MtrElec",10,24,6,"",93.495,0,0,0,0,0,0,0,0,0,0,0,0,0,0,0,0,0,0,0,0,93.495,0,0,0
"MtrElec",10,24,7,"",160.283,0,0,0,0,0,0,0,0,0,0,0,0,0,0,0,0,0,0,0,0,160.283,0,0,0
"MtrElec",10,24,8,"",112.563,0,0,0,0,0,0,0,0,0,0,0,0,0,0,0,0,0,0,0,0,158.065,0,0,-45.5012
"MtrElec",10,24,9,"",28.7158,0,0,0,0,0,0,0,0,0,0,0,0,0,0,0,0,0,0,0,0,194.952,0,0,-166.236
"MtrElec",10,24,10,"",0,0,0,0,0,0,0,0,0,0,0,0,0,0,0,0,0,0,0,0,0,279.363,0,3.87391,-283.237
"MtrElec",10,24,11,"",0,0,0,0,0,0,0,0,0,0,0,0,0,0,0,0,0,0,0,0,0,228.312,0,140.703,-369.015
"MtrElec",10,24,12,"",0,0,0,0,0,0,0,0,0,0,0,0,0,0,0,0,0,0,0,0,0,291.738,0,133.688,-425.426
"MtrElec",10,24,13,"",-28.1451,0,0,0,0,0,0,0,0,0,0,0,0,0,0,0,0,0,0,0,0,260.49,0,157.698,-446.333
"MtrElec",10,24,14,"",-92.2469,0,0,0,0,0,0,0,0,0,0,0,0,0,0,0,0,0,0,0,0,187.328,0,152.422,-431.997
"MtrElec",10,24,15,"",-162.925,0,0,0,0,0,0,0,0,0,0,0,0,0,0,0,0,0,0,0,0,219.963,0,0,-382.887
"MtrElec",10,24,16,"",-105.362,0,0,0,0,0,0,0,0,0,0,0,0,0,0,0,0,0,0,0,0,195.873,0,0,-301.235
"MtrElec",10,24,17,"",0.565672,0,0,0,0,0,0,0,0,0,0,0,0,0,0,0,0,0,0,0,0,190.692,0,0,-190.126
"MtrElec",10,24,18,"",173.994,0,0,0,0,0,0,0,0,0,0,0,0,0,0,0,0,0,0,0,0,231.048,0,0,-57.0538
"MtrElec",10,24,19,"",116.864,0,0,0,0,0,0,0,0,0,0,0,0,0,0,0,0,0,0,0,0,274.562,0,-157.698,0
"MtrElec",10,24,20,"",92.4634,0,0,0,0,0,0,0,0,0,0,0,0,0,0,0,0,0,0,0,0,250.161,0,-157.698,0
"MtrElec",10,24,21,"",68.4061,0,0,0,0,0,0,0,0,0,0,0,0,0,0,0,0,0,0,0,0,226.104,0,-157.698,0
"MtrElec",10,24,22,"",177.136,0,0,0,0,0,0,0,0,0,0,0,0,0,0,0,0,0,0,0,0,235.06,0,-57.9237,0
"MtrElec",10,24,23,"",149.262,0,0,0,0,0,0,0,0,0,0,0,0,0,0,0,0,0,0,0,0,149.262,0,0,0
"MtrElec",10,24,24,"",191.015,0,0,0,0,0,0,0,0,0,0,0,0,0,0,0,0,0,0,0,0,191.015,0,0,0
"MtrElec",10,25,1,"",104.55,0,0,0,0,0,0,0,0,0,0,0,0,0,0,0,0,0,0,0,0,104.55,0,0,0
"MtrElec",10,25,2,"",103.918,0,0,0,0,0,0,0,0,0,0,0,0,0,0,0,0,0,0,0,0,103.918,0,0,0
"MtrElec",10,25,3,"",105.073,0,0,0,0,0,0,0,0,0,0,0,0,0,0,0,0,0,0,0,0,105.073,0,0,0
"MtrElec",10,25,4,"",97.8438,0,0,0,0,0,0,0,0,0,0,0,0,0,0,0,0,0,0,0,0,97.8438,0,0,0
"MtrElec",10,25,5,"",120.56,0,0,0,0,0,0,0,0,0,0,0,0,0,0,0,0,0,0,0,0,120.56,0,0,0
"MtrElec",10,25,6,"",146.795,0,0,0,0,0,0,0,0,0,0,0,0,0,0,0,0,0,0,0,0,146.795,0,0,0
"MtrElec",10,25,7,"",104.311,0,0,0,0,0,0,0,0,0,0,0,0,0,0,0,0,0,0,0,0,104.311,0,0,0
"MtrElec",10,25,8,"",147.887,0,0,0,0,0,0,0,0,0,0,0,0,0,0,0,0,0,0,0,0,192.817,0,0,-44.9297
"MtrElec",10,25,9,"",52.2383,0,0,0,0,0,0,0,0,0,0,0,0,0,0,0,0,0,0,0,0,214.627,0,0,-162.388
"MtrElec",10,25,10,"",0,0,0,0,0,0,0,0,0,0,0,0,0,0,0,0,0,0,0,0,0,227.092,0,48.1951,-275.287
"MtrElec",10,25,11,"",0.0000078,0,0,0,0,0,0,0,0,0,0,0,0,0,0,0,0,0,0,0,0,222.033,0,127.151,-349.184
"MtrElec",10,25,12,"",-18.2418,0,0,0,0,0,0,0,0,0,0,0,0,0,0,0,0,0,0,0,0,224.754,0,157.698,-400.694
"MtrElec",10,25,13,"",-26.1891,0,0,0,0,0,0,0,0,0,0,0,0,0,0,0,0,0,0,0,0,233.377,0,157.698,-417.264
"MtrElec",10,25,14,"",-109.4,0,0,0,0,0,0,0,0,0,0,0,0,0,0,0,0,0,0,0,0,199.406,0,97.6431,-406.449
"MtrElec",10,25,15,"",-173.483,0,0,0,0,0,0,0,0,0,0,0,0,0,0,0,0,0,0,0,0,194.002,0,0,-367.486
"MtrElec",10,25,16,"",-112.712,0,0,0,0,0,0,0,0,0,0,0,0,0,0,0,0,0,0,0,0,176.339,0,0,-289.051
"MtrElec",10,25,17,"",16.3301,0,0,0,0,0,0,0,0,0,0,0,0,0,0,0,0,0,0,0,0,196.78,0,0,-180.45
"MtrElec",10,25,18,"",185,0,0,0,0,0,0,0,0,0,0,0,0,0,0,0,0,0,0,0,0,237.812,0,0,-52.8116
"MtrElec",10,25,19,"",113.729,0,0,0,0,0,0,0,0,0,0,0,0,0,0,0,0,0,0,0,0,271.427,0,-157.698,0
"MtrElec",10,25,20,"",76.7983,0,0,0,0,0,0,0,0,0,0,0,0,0,0,0,0,0,0,0,0,234.496,0,-157.698,0
"MtrElec",10,25,21,"",85.721,0,0,0,0,0,0,0,0,0,0,0,0,0,0,0,0,0,0,0,0,243.419,0,-157.698,0
"MtrElec",10,25,22,"",183.019,0,0,0,0,0,0,0,0,0,0,0,0,0,0,0,0,0,0,0,0,240.942,0,-57.9237,0
"MtrElec",10,25,23,"",193.933,0,0,0,0,0,0,0,0,0,0,0,0,0,0,0,0,0,0,0,0,193.933,0,0,0
"MtrElec",10,25,24,"",168.039,0,0,0,0,0,0,0,0,0,0,0,0,0,0,0,0,0,0,0,0,168.039,0,0,0
"MtrElec",10,26,1,"",128.394,0,0,0,0,0,0,0,0,0,0,0,0,0,0,0,0,0,0,0,0,128.394,0,0,0
"MtrElec",10,26,2,"",111.781,0,0,0,0,0,0,0,0,0,0,0,0,0,0,0,0,0,0,0,0,111.781,0,0,0
"MtrElec",10,26,3,"",100.926,0,0,0,0,0,0,0,0,0,0,0,0,0,0,0,0,0,0,0,0,100.926,0,0,0
"MtrElec",10,26,4,"",105.314,0,0,0,0,0,0,0,0,0,0,0,0,0,0,0,0,0,0,0,0,105.314,0,0,0
"MtrElec",10,26,5,"",138.956,0,0,0,0,0,0,0,0,0,0,0,0,0,0,0,0,0,0,0,0,138.956,0,0,0
"MtrElec",10,26,6,"",100.346,0,0,0,0,0,0,0,0,0,0,0,0,0,0,0,0,0,0,0,0,100.346,0,0,0
"MtrElec",10,26,7,"",169.249,0,0,0,0,0,0,0,0,0,0,0,0,0,0,0,0,0,0,0,0,169.249,0,0,0
"MtrElec",10,26,8,"",191.996,0,0,0,0,0,0,0,0,0,0,0,0,0,0,0,0,0,0,0,0,233.395,0,0,-41.3988
"MtrElec",10,26,9,"",71.21,0,0,0,0,0,0,0,0,0,0,0,0,0,0,0,0,0,0,0,0,231.588,0,0,-160.378
"MtrElec",10,26,10,"",0,0,0,0,0,0,0,0,0,0,0,0,0,0,0,0,0,0,0,0,0,205.998,0,71.8642,-277.862
"MtrElec",10,26,11,"",0,0,0,0,0,0,0,0,0,0,0,0,0,0,0,0,0,0,0,0,0,232.211,0,134.22,-366.431
"MtrElec",10,26,12,"",-13.1714,0,0,0,0,0,0,0,0,0,0,0,0,0,0,0,0,0,0,0,0,249.447,0,157.698,-420.316
"MtrElec",10,26,13,"",-25.6771,0,0,0,0,0,0,0,0,0,0,0,0,0,0,0,0,0,0,0,0,258.603,0,157.698,-441.978
"MtrElec",10,26,14,"",-156.213,0,0,0,0,0,0,0,0,0,0,0,0,0,0,0,0,0,0,0,0,203.387,0,66.9047,-426.504
"MtrElec",10,26,15,"",-213.915,0,0,0,0,0,0,0,0,0,0,0,0,0,0,0,0,0,0,0,0,165.337,0,0,-379.252
"MtrElec",10,26,16,"",-81.4721,0,0,0,0,0,0,0,0,0,0,0,0,0,0,0,0,0,0,0,0,214.878,0,0,-296.351
"MtrElec",10,26,17,"",79.9154,0,0,0,0,0,0,0,0,0,0,0,0,0,0,0,0,0,0,0,0,261.137,0,0,-181.221
"MtrElec",10,26,18,"",234.152,0,0,0,0,0,0,0,0,0,0,0,0,0,0,0,0,0,0,0,0,286.267,0,0,-52.1146
"MtrElec",10,26,19,"",131.986,0,0,0,0,0,0,0,0,0,0,0,0,0,0,0,0,0,0,0,0,289.684,0,-157.698,0
"MtrElec",10,26,20,"",122.435,0,0,0,0,0,0,0,0,0,0,0,0,0,0,0,0,0,0,0,0,280.133,0,-157.698,0
"MtrElec",10,26,21,"",138.422,0,0,0,0,0,0,0,0,0,0,0,0,0,0,0,0,0,0,0,0,296.12,0,-157.698,0
"MtrElec",10,26,22,"",189.186,0,0,0,0,0,0,0,0,0,0,0,0,0,0,0,0,0,0,0,0,247.11,0,-57.9237,0
"MtrElec",10,26,23,"",206.679,0,0,0,0,0,0,0,0,0,0,0,0,0,0,0,0,0,0,0,0,206.679,0,0,0
"MtrElec",10,26,24,"",156.549,0,0,0,0,0,0,0,0,0,0,0,0,0,0,0,0,0,0,0,0,156.549,0,0,0
"MtrElec",10,27,1,"",110.557,0,0,0,0,0,0,0,0,0,0,0,0,0,0,0,0,0,0,0,0,110.557,0,0,0
"MtrElec",10,27,2,"",111.68,0,0,0,0,0,0,0,0,0,0,0,0,0,0,0,0,0,0,0,0,111.68,0,0,0
"MtrElec",10,27,3,"",132.933,0,0,0,0,0,0,0,0,0,0,0,0,0,0,0,0,0,0,0,0,132.933,0,0,0
"MtrElec",10,27,4,"",110.055,0,0,0,0,0,0,0,0,0,0,0,0,0,0,0,0,0,0,0,0,110.055,0,0,0
"MtrElec",10,27,5,"",99.4485,0,0,0,0,0,0,0,0,0,0,0,0,0,0,0,0,0,0,0,0,99.4485,0,0,0
"MtrElec",10,27,6,"",100.82,0,0,0,0,0,0,0,0,0,0,0,0,0,0,0,0,0,0,0,0,100.82,0,0,0
"MtrElec",10,27,7,"",181.479,0,0,0,0,0,0,0,0,0,0,0,0,0,0,0,0,0,0,0,0,181.479,0,0,0
"MtrElec",10,27,8,"",194.997,0,0,0,0,0,0,0,0,0,0,0,0,0,0,0,0,0,0,0,0,237.461,0,0,-42.4649
"MtrElec",10,27,9,"",65.7463,0,0,0,0,0,0,0,0,0,0,0,0,0,0,0,0,0,0,0,0,227.505,0,0,-161.759
"MtrElec",10,27,10,"",0.0000020,0,0,0,0,0,0,0,0,0,0,0,0,0,0,0,0,0,0,0,0,244.32,0,31.5112,-275.832
"MtrElec",10,27,11,"",0.0000078,0,0,0,0,0,0,0,0,0,0,0,0,0,0,0,0,0,0,0,0,269.094,0,86.6348,-355.729
"MtrElec",10,27,12,"",0,0,0,0,0,0,0,0,0,0,0,0,0,0,0,0,0,0,0,0,0,256.726,0,147.107,-403.833
"MtrElec",10,27,13,"",-10.6927,0,0,0,0,0,0,0,0,0,0,0,0,0,0,0,0,0,0,0,0,255.232,0,157.698,-423.623
"MtrElec",10,27,14,"",-70.493,0,0,0,0,0,0,0,0,0,0,0,0,0,0,0,0,0,0,0,0,182.423,0,157.698,-410.614
"MtrElec",10,27,15,"",-117.379,0,0,0,0,0,0,0,0,0,0,0,0,0,0,0,0,0,0,0,0,237.343,0,7.73634,-362.459
"MtrElec",10,27,16,"",-40.2726,0,0,0,0,0,0,0,0,0,0,0,0,0,0,0,0,0,0,0,0,244.389,0,0,-284.661
"MtrElec",10,27,17,"",62.4269,0,0,0,0,0,0,0,0,0,0,0,0,0,0,0,0,0,0,0,0,238.557,0,0,-176.13
"MtrElec",10,27,18,"",242.677,0,0,0,0,0,0,0,0,0,0,0,0,0,0,0,0,0,0,0,0,292.608,0,0,-49.9315
"MtrElec",10,27,19,"",140.947,0,0,0,0,0,0,0,0,0,0,0,0,0,0,0,0,0,0,0,0,298.644,0,-157.698,0
"MtrElec",10,27,20,"",157.169,0,0,0,0,0,0,0,0,0,0,0,0,0,0,0,0,0,0,0,0,314.867,0,-157.698,0
"MtrElec",10,27,21,"",169.623,0,0,0,0,0,0,0,0,0,0,0,0,0,0,0,0,0,0,0,0,327.321,0,-157.698,0
"MtrElec",10,27,22,"",194.002,0,0,0,0,0,0,0,0,0,0,0,0,0,0,0,0,0,0,0,0,251.926,0,-57.9237,0
"MtrElec",10,27,23,"",268.878,0,0,0,0,0,0,0,0,0,0,0,0,0,0,0,0,0,0,0,0,268.878,0,0,0
"MtrElec",10,27,24,"",190.207,0,0,0,0,0,0,0,0,0,0,0,0,0,0,0,0,0,0,0,0,190.207,0,0,0
"MtrElec",10,28,1,"",131.881,0,0,0,0,0,0,0,0,0,0,0,0,0,0,0,0,0,0,0,0,131.881,0,0,0
"MtrElec",10,28,2,"",106.919,0,0,0,0,0,0,0,0,0,0,0,0,0,0,0,0,0,0,0,0,106.919,0,0,0
"MtrElec",10,28,3,"",102.533,0,0,0,0,0,0,0,0,0,0,0,0,0,0,0,0,0,0,0,0,102.533,0,0,0
"MtrElec",10,28,4,"",105.41,0,0,0,0,0,0,0,0,0,0,0,0,0,0,0,0,0,0,0,0,105.41,0,0,0
"MtrElec",10,28,5,"",97.0918,0,0,0,0,0,0,0,0,0,0,0,0,0,0,0,0,0,0,0,0,97.0918,0,0,0
"MtrElec",10,28,6,"",139.372,0,0,0,0,0,0,0,0,0,0,0,0,0,0,0,0,0,0,0,0,139.372,0,0,0
"MtrElec",10,28,7,"",159.912,0,0,0,0,0,0,0,0,0,0,0,0,0,0,0,0,0,0,0,0,159.912,0,0,0
"MtrElec",10,28,8,"",178.562,0,0,0,0,0,0,0,0,0,0,0,0,0,0,0,0,0,0,0,0,219.618,0,0,-41.056
"MtrElec",10,28,9,"",81.9075,0,0,0,0,0,0,0,0,0,0,0,0,0,0,0,0,0,0,0,0,240.713,0,0,-158.806
"MtrElec",10,28,10,"",0,0,0,0,0,0,0,0,0,0,0,0,0,0,0,0,0,0,0,0,0,214.601,0,51.4671,-266.068
"MtrElec",10,28,11,"",0,0,0,0,0,0,0,0,0,0,0,0,0,0,0,0,0,0,0,0,0,231.181,0,109.166,-340.347
"MtrElec",10,28,12,"",0,0,0,0,0,0,0,0,0,0,0,0,0,0,0,0,0,0,0,0,0,249.333,0,135.678,-385.011
"MtrElec",10,28,13,"",0,0,0,0,0,0,0,0,0,0,0,0,0,0,0,0,0,0,0,0,0,254.58,0,154.28,-408.86
"MtrElec",10,28,14,"",-73.1108,0,0,0,0,0,0,0,0,0,0,0,0,0,0,0,0,0,0,0,0,188.083,0,137.795,-398.989
"MtrElec",10,28,15,"",-133.277,0,0,0,0,0,0,0,0,0,0,0,0,0,0,0,0,0,0,0,0,223.808,0,0,-357.084
"MtrElec",10,28,16,"",-77.6366,0,0,0,0,0,0,0,0,0,0,0,0,0,0,0,0,0,0,0,0,207.334,0,0,-284.971
"MtrElec",10,28,17,"",71.4286,0,0,0,0,0,0,0,0,0,0,0,0,0,0,0,0,0,0,0,0,246.014,0,0,-174.586
"MtrElec",10,28,18,"",206.233,0,0,0,0,0,0,0,0,0,0,0,0,0,0,0,0,0,0,0,0,254.625,0,0,-48.3921
"MtrElec",10,28,19,"",129.594,0,0,0,0,0,0,0,0,0,0,0,0,0,0,0,0,0,0,0,0,287.292,0,-157.698,0
"MtrElec",10,28,20,"",156.146,0,0,0,0,0,0,0,0,0,0,0,0,0,0,0,0,0,0,0,0,313.844,0,-157.698,0
"MtrElec",10,28,21,"",197.165,0,0,0,0,0,0,0,0,0,0,0,0,0,0,0,0,0,0,0,0,354.863,0,-157.698,0
"MtrElec",10,28,22,"",198.199,0,0,0,0,0,0,0,0,0,0,0,0,0,0,0,0,0,0,0,0,256.122,0,-57.9237,0
"MtrElec",10,28,23,"",219.497,0,0,0,0,0,0,0,0,0,0,0,0,0,0,0,0,0,0,0,0,219.497,0,0,0
"MtrElec",10,28,24,"",204.098,0,0,0,0,0,0,0,0,0,0,0,0,0,0,0,0,0,0,0,0,204.098,0,0,0
"MtrElec",10,29,1,"",108.671,0,0,0,0,0,0,0,0,0,0,0,0,0,0,0,0,0,0,0,0,108.671,0,0,0
"MtrElec",10,29,2,"",109.76,0,0,0,0,0,0,0,0,0,0,0,0,0,0,0,0,0,0,0,0,109.76,0,0,0
"MtrElec",10,29,3,"",107.762,0,0,0,0,0,0,0,0,0,0,0,0,0,0,0,0,0,0,0,0,107.762,0,0,0
"MtrElec",10,29,4,"",94.1566,0,0,0,0,0,0,0,0,0,0,0,0,0,0,0,0,0,0,0,0,94.1566,0,0,0
"MtrElec",10,29,5,"",104.83,0,0,0,0,0,0,0,0,0,0,0,0,0,0,0,0,0,0,0,0,104.83,0,0,0
"MtrElec",10,29,6,"",144.372,0,0,0,0,0,0,0,0,0,0,0,0,0,0,0,0,0,0,0,0,144.372,0,0,0
"MtrElec",10,29,7,"",187.339,0,0,0,0,0,0,0,0,0,0,0,0,0,0,0,0,0,0,0,0,187.339,0,0,0
"MtrElec",10,29,8,"",194.491,0,0,0,0,0,0,0,0,0,0,0,0,0,0,0,0,0,0,0,0,236.148,0,0,-41.6571
"MtrElec",10,29,9,"",67.2915,0,0,0,0,0,0,0,0,0,0,0,0,0,0,0,0,0,0,0,0,227.181,0,0,-159.89
"MtrElec",10,29,10,"",19.7044,0,0,0,0,0,0,0,0,0,0,0,0,0,0,0,0,0,0,0,0,291.338,0,0,-271.634
"MtrElec",10,29,11,"",0.0000078,0,0,0,0,0,0,0,0,0,0,0,0,0,0,0,0,0,0,0,0,256.585,0,87.7252,-344.311
"MtrElec",10,29,12,"",-16.8459,0,0,0,0,0,0,0,0,0,0,0,0,0,0,0,0,0,0,0,0,221.189,0,157.698,-395.733
"MtrElec",10,29,13,"",0,0,0,0,0,0,0,0,0,0,0,0,0,0,0,0,0,0,0,0,0,270.866,0,140.526,-411.391
"MtrElec",10,29,14,"",-28.2532,0,0,0,0,0,0,0,0,0,0,0,0,0,0,0,0,0,0,0,0,214.579,0,157.698,-400.53
"MtrElec",10,29,15,"",-128.976,0,0,0,0,0,0,0,0,0,0,0,0,0,0,0,0,0,0,0,0,187.363,0,44.7383,-361.078
"MtrElec",10,29,16,"",-63.0823,0,0,0,0,0,0,0,0,0,0,0,0,0,0,0,0,0,0,0,0,221.518,0,0,-284.6
"MtrElec",10,29,17,"",97.4252,0,0,0,0,0,0,0,0,0,0,0,0,0,0,0,0,0,0,0,0,273.32,0,0,-175.895
"MtrElec",10,29,18,"",223.052,0,0,0,0,0,0,0,0,0,0,0,0,0,0,0,0,0,0,0,0,271.495,0,0,-48.4436
"MtrElec",10,29,19,"",136.657,0,0,0,0,0,0,0,0,0,0,0,0,0,0,0,0,0,0,0,0,294.355,0,-157.698,0
"MtrElec",10,29,20,"",146.668,0,0,0,0,0,0,0,0,0,0,0,0,0,0,0,0,0,0,0,0,304.366,0,-157.698,0
"MtrElec",10,29,21,"",142.148,0,0,0,0,0,0,0,0,0,0,0,0,0,0,0,0,0,0,0,0,299.846,0,-157.698,0
"MtrElec",10,29,22,"",175.072,0,0,0,0,0,0,0,0,0,0,0,0,0,0,0,0,0,0,0,0,232.995,0,-57.9237,0
"MtrElec",10,29,23,"",184.182,0,0,0,0,0,0,0,0,0,0,0,0,0,0,0,0,0,0,0,0,184.182,0,0,0
"MtrElec",10,29,24,"",183.956,0,0,0,0,0,0,0,0,0,0,0,0,0,0,0,0,0,0,0,0,183.956,0,0,0
"MtrElec",10,30,1,"",134.939,0,0,0,0,0,0,0,0,0,0,0,0,0,0,0,0,0,0,0,0,134.939,0,0,0
"MtrElec",10,30,2,"",107.493,0,0,0,0,0,0,0,0,0,0,0,0,0,0,0,0,0,0,0,0,107.493,0,0,0
"MtrElec",10,30,3,"",92.7481,0,0,0,0,0,0,0,0,0,0,0,0,0,0,0,0,0,0,0,0,92.7481,0,0,0
"MtrElec",10,30,4,"",143.717,0,0,0,0,0,0,0,0,0,0,0,0,0,0,0,0,0,0,0,0,143.717,0,0,0
"MtrElec",10,30,5,"",106.947,0,0,0,0,0,0,0,0,0,0,0,0,0,0,0,0,0,0,0,0,106.947,0,0,0
"MtrElec",10,30,6,"",98.0069,0,0,0,0,0,0,0,0,0,0,0,0,0,0,0,0,0,0,0,0,98.0069,0,0,0
"MtrElec",10,30,7,"",223.009,0,0,0,0,0,0,0,0,0,0,0,0,0,0,0,0,0,0,0,0,223.009,0,0,0
"MtrElec",10,30,8,"",161.269,0,0,0,0,0,0,0,0,0,0,0,0,0,0,0,0,0,0,0,0,203.056,0,0,-41.787
"MtrElec",10,30,9,"",89.542,0,0,0,0,0,0,0,0,0,0,0,0,0,0,0,0,0,0,0,0,249.533,0,0,-159.991
"MtrElec",10,30,10,"",0,0,0,0,0,0,0,0,0,0,0,0,0,0,0,0,0,0,0,0,0,260.708,0,11.1379,-271.846
"MtrElec",10,30,11,"",0,0,0,0,0,0,0,0,0,0,0,0,0,0,0,0,0,0,0,0,0,287.49,0,56.9893,-344.479
"MtrElec",10,30,12,"",-42.0242,0,0,0,0,0,0,0,0,0,0,0,0,0,0,0,0,0,0,0,0,197.279,0,157.698,-397.001
"MtrElec",10,30,13,"",-46.6925,0,0,0,0,0,0,0,0,0,0,0,0,0,0,0,0,0,0,0,0,214.558,0,157.698,-418.948
"MtrElec",10,30,14,"",-64.0152,0,0,0,0,0,0,0,0,0,0,0,0,0,0,0,0,0,0,0,0,182.77,0,157.698,-404.483
"MtrElec",10,30,15,"",-113.402,0,0,0,0,0,0,0,0,0,0,0,0,0,0,0,0,0,0,0,0,200.158,0,47.1641,-360.724
"MtrElec",10,30,16,"",-96.4191,0,0,0,0,0,0,0,0,0,0,0,0,0,0,0,0,0,0,0,0,188.635,0,0,-285.054
"MtrElec",10,30,17,"",74.7686,0,0,0,0,0,0,0,0,0,0,0,0,0,0,0,0,0,0,0,0,248.507,0,0,-173.738
"MtrElec",10,30,18,"",211.658,0,0,0,0,0,0,0,0,0,0,0,0,0,0,0,0,0,0,0,0,259.029,0,0,-47.3714
"MtrElec",10,30,19,"",105.635,0,0,0,0,0,0,0,0,0,0,0,0,0,0,0,0,0,0,0,0,263.333,0,-157.698,0
"MtrElec",10,30,20,"",130.849,0,0,0,0,0,0,0,0,0,0,0,0,0,0,0,0,0,0,0,0,288.547,0,-157.698,0
"MtrElec",10,30,21,"",147.302,0,0,0,0,0,0,0,0,0,0,0,0,0,0,0,0,0,0,0,0,305,0,-157.698,0
"MtrElec",10,30,22,"",165.323,0,0,0,0,0,0,0,0,0,0,0,0,0,0,0,0,0,0,0,0,223.247,0,-57.9237,0
"MtrElec",10,30,23,"",227.309,0,0,0,0,0,0,0,0,0,0,0,0,0,0,0,0,0,0,0,0,227.309,0,0,0
"MtrElec",10,30,24,"",216.711,0,0,0,0,0,0,0,0,0,0,0,0,0,0,0,0,0,0,0,0,216.711,0,0,0
"MtrElec",10,31,1,"",128.545,0,0,0,0,0,0,0,0,0,0,0,0,0,0,0,0,0,0,0,0,128.545,0,0,0
"MtrElec",10,31,2,"",96.7529,0,0,0,0,0,0,0,0,0,0,0,0,0,0,0,0,0,0,0,0,96.7529,0,0,0
"MtrElec",10,31,3,"",100.6,0,0,0,0,0,0,0,0,0,0,0,0,0,0,0,0,0,0,0,0,100.6,0,0,0
"MtrElec",10,31,4,"",106.681,0,0,0,0,0,0,0,0,0,0,0,0,0,0,0,0,0,0,0,0,106.681,0,0,0
"MtrElec",10,31,5,"",129.834,0,0,0,0,0,0,0,0,0,0,0,0,0,0,0,0,0,0,0,0,129.834,0,0,0
"MtrElec",10,31,6,"",95.9064,0,0,0,0,0,0,0,0,0,0,0,0,0,0,0,0,0,0,0,0,95.9064,0,0,0
"MtrElec",10,31,7,"",158.173,0,0,0,0,0,0,0,0,0,0,0,0,0,0,0,0,0,0,0,0,158.173,0,0,0
"MtrElec",10,31,8,"",135.883,0,0,0,0,0,0,0,0,0,0,0,0,0,0,0,0,0,0,0,0,175.649,0,0,-39.7659
"MtrElec",10,31,9,"",18.2388,0,0,0,0,0,0,0,0,0,0,0,0,0,0,0,0,0,0,0,0,175.012,0,0,-156.773
"MtrElec",10,31,10,"",0,0,0,0,0,0,0,0,0,0,0,0,0,0,0,0,0,0,0,0,0,236.837,0,31.7688,-268.606
"MtrElec",10,31,11,"",0,0,0,0,0,0,0,0,0,0,0,0,0,0,0,0,0,0,0,0,0,300.595,0,50.2342,-350.829
"MtrElec",10,31,12,"",-11.8615,0,0,0,0,0,0,0,0,0,0,0,0,0,0,0,0,0,0,0,0,234.07,0,157.698,-403.63
"MtrElec",10,31,13,"",-0.808438,0,0,0,0,0,0,0,0,0,0,0,0,0,0,0,0,0,0,0,0,263.54,0,157.698,-422.046
"MtrElec",10,31,14,"",-13.8051,0,0,0,0,0,0,0,0,0,0,0,0,0,0,0,0,0,0,0,0,236.589,0,157.698,-408.092
"MtrElec",10,31,15,"",-67.863,0,0,0,0,0,0,0,0,0,0,0,0,0,0,0,0,0,0,0,0,260.442,0,33.2883,-361.593
"MtrElec",10,31,16,"",-47.4631,0,0,0,0,0,0,0,0,0,0,0,0,0,0,0,0,0,0,0,0,218.611,0,0,-266.074
"MtrElec",10,31,17,"",83.3213,0,0,0,0,0,0,0,0,0,0,0,0,0,0,0,0,0,0,0,0,206.132,0,0,-122.81
"MtrElec",10,31,18,"",225.306,0,0,0,0,0,0,0,0,0,0,0,0,0,0,0,0,0,0,0,0,268.953,0,0,-43.6477
"MtrElec",10,31,19,"",175.321,0,0,0,0,0,0,0,0,0,0,0,0,0,0,0,0,0,0,0,0,333.019,0,-157.698,0
"MtrElec",10,31,20,"",150.769,0,0,0,0,0,0,0,0,0,0,0,0,0,0,0,0,0,0,0,0,308.467,0,-157.698,0
"MtrElec",10,31,21,"",114.832,0,0,0,0,0,0,0,0,0,0,0,0,0,0,0,0,0,0,0,0,272.53,0,-157.698,0
"MtrElec",10,31,22,"",224.962,0,0,0,0,0,0,0,0,0,0,0,0,0,0,0,0,0,0,0,0,282.886,0,-57.9237,0
"MtrElec",10,31,23,"",197.524,0,0,0,0,0,0,0,0,0,0,0,0,0,0,0,0,0,0,0,0,197.524,0,0,0
"MtrElec",10,31,24,"",170.838,0,0,0,0,0,0,0,0,0,0,0,0,0,0,0,0,0,0,0,0,170.838,0,0,0
"MtrElec",11,1,1,"",120.324,0,0,0,0,0,0,0,0,0,0,0,0,0,0,0,0,0,0,0,0,120.324,0,0,0
"MtrElec",11,1,2,"",110.164,0,0,0,0,0,0,0,0,0,0,0,0,0,0,0,0,0,0,0,0,110.164,0,0,0
"MtrElec",11,1,3,"",99.9583,0,0,0,0,0,0,0,0,0,0,0,0,0,0,0,0,0,0,0,0,99.9583,0,0,0
"MtrElec",11,1,3,"",98.0997,0,0,0,0,0,0,0,0,0,0,0,0,0,0,0,0,0,0,0,0,98.0997,0,0,0
"MtrElec",11,1,4,"",123.703,0,0,0,0,0,0,0,0,0,0,0,0,0,0,0,0,0,0,0,0,123.703,0,0,0
"MtrElec",11,1,5,"",128.906,0,0,0,0,0,0,0,0,0,0,0,0,0,0,0,0,0,0,0,0,128.906,0,0,0
"MtrElec",11,1,6,"",98.1011,0,0,0,0,0,0,0,0,0,0,0,0,0,0,0,0,0,0,0,0,98.1011,0,0,0
"MtrElec",11,1,7,"",85.6545,0,0,0,0,0,0,0,0,0,0,0,0,0,0,0,0,0,0,0,0,118.623,0,0,-32.9685
"MtrElec",11,1,8,"",38.7106,0,0,0,0,0,0,0,0,0,0,0,0,0,0,0,0,0,0,0,0,164.951,0,0,-126.241
"MtrElec",11,1,9,"",0,0,0,0,0,0,0,0,0,0,0,0,0,0,0,0,0,0,0,0,0,187.146,0,18.5048,-205.651
"MtrElec",11,1,10,"",0.0000039,0,0,0,0,0,0,0,0,0,0,0,0,0,0,0,0,0,0,0,0,230.918,0,65.0711,-295.989
"MtrElec",11,1,11,"",0,0,0,0,0,0,0,0,0,0,0,0,0,0,0,0,0,0,0,0,0,273.732,0,91.9364,-365.668
"MtrElec",11,1,12,"",0,0,0,0,0,0,0,0,0,0,0,0,0,0,0,0,0,0,0,0,0,333.059,0,38.646,-371.705
"MtrElec",11,1,13,"",0.0000039,0,0,0,0,0,0,0,0,0,0,0,0,0,0,0,0,0,0,0,0,266.157,0,47.3105,-313.468
"MtrElec",11,1,14,"",0,0,0,0,0,0,0,0,0,0,0,0,0,0,0,0,0,0,0,0,0,268.399,0,22.2548,-290.653
"MtrElec",11,1,15,"",85.5719,0,0,0,0,0,0,0,0,0,0,0,0,0,0,0,0,0,0,0,0,299.461,0,0,-213.889
"MtrElec",11,1,16,"",127.103,0,0,0,0,0,0,0,0,0,0,0,0,0,0,0,0,0,0,0,0,259.426,0,0,-132.323
"MtrElec",11,1,17,"",227.603,0,0,0,0,0,0,0,0,0,0,0,0,0,0,0,0,0,0,0,0,251.372,0,0,-23.7698
"MtrElec",11,1,18,"",256.204,0,0,0,0,0,0,0,0,0,0,0,0,0,0,0,0,0,0,0,0,256.204,0,0,0
"MtrElec",11,1,19,"",144.02,0,0,0,0,0,0,0,0,0,0,0,0,0,0,0,0,0,0,0,0,301.718,0,-157.698,0
"MtrElec",11,1,20,"",214.471,0,0,0,0,0,0,0,0,0,0,0,0,0,0,0,0,0,0,0,0,312.834,0,-98.3626,0
"MtrElec",11,1,21,"",252.539,0,0,0,0,0,0,0,0,0,0,0,0,0,0,0,0,0,0,0,0,252.539,0,0,0
"MtrElec",11,1,22,"",254.746,0,0,0,0,0,0,0,0,0,0,0,0,0,0,0,0,0,0,0,0,254.746,0,0,0
"MtrElec",11,1,23,"",199.314,0,0,0,0,0,0,0,0,0,0,0,0,0,0,0,0,0,0,0,0,199.314,0,0,0
"MtrElec",11,1,24,"",150.75,0,0,0,0,0,0,0,0,0,0,0,0,0,0,0,0,0,0,0,0,150.75,0,0,0
"MtrElec",11,2,1,"",137.828,0,0,0,0,0,0,0,0,0,0,0,0,0,0,0,0,0,0,0,0,137.828,0,0,0
"MtrElec",11,2,2,"",112.505,0,0,0,0,0,0,0,0,0,0,0,0,0,0,0,0,0,0,0,0,112.505,0,0,0
"MtrElec",11,2,3,"",133.436,0,0,0,0,0,0,0,0,0,0,0,0,0,0,0,0,0,0,0,0,133.436,0,0,0
"MtrElec",11,2,4,"",106.304,0,0,0,0,0,0,0,0,0,0,0,0,0,0,0,0,0,0,0,0,106.304,0,0,0
"MtrElec",11,2,5,"",102.742,0,0,0,0,0,0,0,0,0,0,0,0,0,0,0,0,0,0,0,0,102.742,0,0,0
"MtrElec",11,2,6,"",101.351,0,0,0,0,0,0,0,0,0,0,0,0,0,0,0,0,0,0,0,0,101.351,0,0,0
"MtrElec",11,2,7,"",183.158,0,0,0,0,0,0,0,0,0,0,0,0,0,0,0,0,0,0,0,0,185.929,0,0,-2.77125
"MtrElec",11,2,8,"",140.665,0,0,0,0,0,0,0,0,0,0,0,0,0,0,0,0,0,0,0,0,232.543,0,0,-91.8776
"MtrElec",11,2,9,"",10.5413,0,0,0,0,0,0,0,0,0,0,0,0,0,0,0,0,0,0,0,0,212.764,0,0,-202.222
"MtrElec",11,2,10,"",0,0,0,0,0,0,0,0,0,0,0,0,0,0,0,0,0,0,0,0,0,220.692,0,116.932,-337.624
"MtrElec",11,2,11,"",-10.3944,0,0,0,0,0,0,0,0,0,0,0,0,0,0,0,0,0,0,0,0,202.949,0,157.698,-371.042
"MtrElec",11,2,12,"",0,0,0,0,0,0,0,0,0,0,0,0,0,0,0,0,0,0,0,0,0,187.474,0,154.198,-341.672
"MtrElec",11,2,13,"",0.0000078,0,0,0,0,0,0,0,0,0,0,0,0,0,0,0,0,0,0,0,0,229.671,0,110.565,-340.236
"MtrElec",11,2,14,"",-87.3754,0,0,0,0,0,0,0,0,0,0,0,0,0,0,0,0,0,0,0,0,189.1,0,48.9921,-325.468
"MtrElec",11,2,15,"",-77.8284,0,0,0,0,0,0,0,0,0,0,0,0,0,0,0,0,0,0,0,0,177.161,0,0,-254.989
"MtrElec",11,2,16,"",47.3691,0,0,0,0,0,0,0,0,0,0,0,0,0,0,0,0,0,0,0,0,193.65,0,0,-146.28
"MtrElec",11,2,17,"",205.333,0,0,0,0,0,0,0,0,0,0,0,0,0,0,0,0,0,0,0,0,244.248,0,0,-38.9144
"MtrElec",11,2,18,"",240.836,0,0,0,0,0,0,0,0,0,0,0,0,0,0,0,0,0,0,0,0,240.836,0,0,0
"MtrElec",11,2,19,"",113.493,0,0,0,0,0,0,0,0,0,0,0,0,0,0,0,0,0,0,0,0,271.191,0,-157.698,0
"MtrElec",11,2,20,"",84.8069,0,0,0,0,0,0,0,0,0,0,0,0,0,0,0,0,0,0,0,0,242.505,0,-157.698,0
"MtrElec",11,2,21,"",119.415,0,0,0,0,0,0,0,0,0,0,0,0,0,0,0,0,0,0,0,0,277.112,0,-157.698,0
"MtrElec",11,2,22,"",176.864,0,0,0,0,0,0,0,0,0,0,0,0,0,0,0,0,0,0,0,0,234.788,0,-57.9237,0
"MtrElec",11,2,23,"",256.22,0,0,0,0,0,0,0,0,0,0,0,0,0,0,0,0,0,0,0,0,256.22,0,0,0
"MtrElec",11,2,24,"",174.536,0,0,0,0,0,0,0,0,0,0,0,0,0,0,0,0,0,0,0,0,174.536,0,0,0
"MtrElec",11,3,1,"",129.316,0,0,0,0,0,0,0,0,0,0,0,0,0,0,0,0,0,0,0,0,129.316,0,0,0
"MtrElec",11,3,2,"",109.496,0,0,0,0,0,0,0,0,0,0,0,0,0,0,0,0,0,0,0,0,109.496,0,0,0
"MtrElec",11,3,3,"",133.228,0,0,0,0,0,0,0,0,0,0,0,0,0,0,0,0,0,0,0,0,133.228,0,0,0
"MtrElec",11,3,4,"",106.712,0,0,0,0,0,0,0,0,0,0,0,0,0,0,0,0,0,0,0,0,106.712,0,0,0
"MtrElec",11,3,5,"",104.573,0,0,0,0,0,0,0,0,0,0,0,0,0,0,0,0,0,0,0,0,104.573,0,0,0
"MtrElec",11,3,6,"",99.9525,0,0,0,0,0,0,0,0,0,0,0,0,0,0,0,0,0,0,0,0,99.9525,0,0,0
"MtrElec",11,3,7,"",157.083,0,0,0,0,0,0,0,0,0,0,0,0,0,0,0,0,0,0,0,0,170.233,0,0,-13.1503
"MtrElec",11,3,8,"",164.606,0,0,0,0,0,0,0,0,0,0,0,0,0,0,0,0,0,0,0,0,232.854,0,0,-68.2478
"MtrElec",11,3,9,"",42.9393,0,0,0,0,0,0,0,0,0,0,0,0,0,0,0,0,0,0,0,0,209.584,0,0,-166.644
"MtrElec",11,3,10,"",0.0000078,0,0,0,0,0,0,0,0,0,0,0,0,0,0,0,0,0,0,0,0,237.135,0,103.351,-340.485
"MtrElec",11,3,11,"",0.0000156,0,0,0,0,0,0,0,0,0,0,0,0,0,0,0,0,0,0,0,0,244.621,0,152.398,-397.019
"MtrElec",11,3,12,"",-42.3437,0,0,0,0,0,0,0,0,0,0,0,0,0,0,0,0,0,0,0,0,220.764,0,157.698,-420.806
"MtrElec",11,3,13,"",-19.0487,0,0,0,0,0,0,0,0,0,0,0,0,0,0,0,0,0,0,0,0,229.813,0,157.698,-406.56
"MtrElec",11,3,14,"",-216.022,0,0,0,0,0,0,0,0,0,0,0,0,0,0,0,0,0,0,0,0,125.244,0,17.2405,-358.506
"MtrElec",11,3,15,"",-91.151,0,0,0,0,0,0,0,0,0,0,0,0,0,0,0,0,0,0,0,0,185,0,0,-276.151
"MtrElec",11,3,16,"",26.3898,0,0,0,0,0,0,0,0,0,0,0,0,0,0,0,0,0,0,0,0,191.739,0,0,-165.349
"MtrElec",11,3,17,"",156.357,0,0,0,0,0,0,0,0,0,0,0,0,0,0,0,0,0,0,0,0,197.617,0,0,-41.2596
"MtrElec",11,3,18,"",235.824,0,0,0,0,0,0,0,0,0,0,0,0,0,0,0,0,0,0,0,0,235.824,0,0,0
"MtrElec",11,3,19,"",99.3706,0,0,0,0,0,0,0,0,0,0,0,0,0,0,0,0,0,0,0,0,257.069,0,-157.698,0
"MtrElec",11,3,20,"",111.538,0,0,0,0,0,0,0,0,0,0,0,0,0,0,0,0,0,0,0,0,269.236,0,-157.698,0
"MtrElec",11,3,21,"",94.6199,0,0,0,0,0,0,0,0,0,0,0,0,0,0,0,0,0,0,0,0,252.318,0,-157.698,0
"MtrElec",11,3,22,"",159.643,0,0,0,0,0,0,0,0,0,0,0,0,0,0,0,0,0,0,0,0,217.567,0,-57.9237,0
"MtrElec",11,3,23,"",221.276,0,0,0,0,0,0,0,0,0,0,0,0,0,0,0,0,0,0,0,0,221.276,0,0,0
"MtrElec",11,3,24,"",185.531,0,0,0,0,0,0,0,0,0,0,0,0,0,0,0,0,0,0,0,0,185.531,0,0,0
"MtrElec",11,4,1,"",144.953,0,0,0,0,0,0,0,0,0,0,0,0,0,0,0,0,0,0,0,0,144.953,0,0,0
"MtrElec",11,4,2,"",104.808,0,0,0,0,0,0,0,0,0,0,0,0,0,0,0,0,0,0,0,0,104.808,0,0,0
"MtrElec",11,4,3,"",94.9448,0,0,0,0,0,0,0,0,0,0,0,0,0,0,0,0,0,0,0,0,94.9448,0,0,0
"MtrElec",11,4,4,"",106.133,0,0,0,0,0,0,0,0,0,0,0,0,0,0,0,0,0,0,0,0,106.133,0,0,0
"MtrElec",11,4,5,"",104.348,0,0,0,0,0,0,0,0,0,0,0,0,0,0,0,0,0,0,0,0,104.348,0,0,0
"MtrElec",11,4,6,"",99.512,0,0,0,0,0,0,0,0,0,0,0,0,0,0,0,0,0,0,0,0,99.512,0,0,0
"MtrElec",11,4,7,"",199.359,0,0,0,0,0,0,0,0,0,0,0,0,0,0,0,0,0,0,0,0,203.892,0,0,-4.53391
"MtrElec",11,4,8,"",211.881,0,0,0,0,0,0,0,0,0,0,0,0,0,0,0,0,0,0,0,0,234.977,0,0,-23.0961
"MtrElec",11,4,9,"",150.493,0,0,0,0,0,0,0,0,0,0,0,0,0,0,0,0,0,0,0,0,251.704,0,0,-101.212
"MtrElec",11,4,10,"",89.1847,0,0,0,0,0,0,0,0,0,0,0,0,0,0,0,0,0,0,0,0,263.851,0,0,-174.667
"MtrElec",11,4,11,"",141.986,0,0,0,0,0,0,0,0,0,0,0,0,0,0,0,0,0,0,0,0,222.815,0,0,-80.8287
"MtrElec",11,4,12,"",122.169,0,0,0,0,0,0,0,0,0,0,0,0,0,0,0,0,0,0,0,0,213.021,0,0,-90.8515
"MtrElec",11,4,13,"",47.6602,0,0,0,0,0,0,0,0,0,0,0,0,0,0,0,0,0,0,0,0,216.238,0,0,-168.577
"MtrElec",11,4,14,"",0.0000078,0,0,0,0,0,0,0,0,0,0,0,0,0,0,0,0,0,0,0,0,142.942,0,123.476,-266.418
"MtrElec",11,4,15,"",0.0000078,0,0,0,0,0,0,0,0,0,0,0,0,0,0,0,0,0,0,0,0,186.167,0,100.468,-286.635
"MtrElec",11,4,16,"",0.0000020,0,0,0,0,0,0,0,0,0,0,0,0,0,0,0,0,0,0,0,0,150.602,0,21.9439,-172.546
"MtrElec",11,4,17,"",167.437,0,0,0,0,0,0,0,0,0,0,0,0,0,0,0,0,0,0,0,0,210.572,0,0,-43.1351
"MtrElec",11,4,18,"",229.536,0,0,0,0,0,0,0,0,0,0,0,0,0,0,0,0,0,0,0,0,229.536,0,0,0
"MtrElec",11,4,19,"",102.857,0,0,0,0,0,0,0,0,0,0,0,0,0,0,0,0,0,0,0,0,260.555,0,-157.698,0
"MtrElec",11,4,20,"",199.591,0,0,0,0,0,0,0,0,0,0,0,0,0,0,0,0,0,0,0,0,263.807,0,-64.2163,0
"MtrElec",11,4,21,"",301.706,0,0,0,0,0,0,0,0,0,0,0,0,0,0,0,0,0,0,0,0,301.706,0,0,0
"MtrElec",11,4,22,"",234.322,0,0,0,0,0,0,0,0,0,0,0,0,0,0,0,0,0,0,0,0,234.322,0,0,0
"MtrElec",11,4,23,"",199.664,0,0,0,0,0,0,0,0,0,0,0,0,0,0,0,0,0,0,0,0,199.664,0,0,0
"MtrElec",11,4,24,"",140.659,0,0,0,0,0,0,0,0,0,0,0,0,0,0,0,0,0,0,0,0,140.659,0,0,0
"MtrElec",11,5,1,"",99.6693,0,0,0,0,0,0,0,0,0,0,0,0,0,0,0,0,0,0,0,0,99.6693,0,0,0
"MtrElec",11,5,2,"",114.397,0,0,0,0,0,0,0,0,0,0,0,0,0,0,0,0,0,0,0,0,114.397,0,0,0
"MtrElec",11,5,3,"",109.599,0,0,0,0,0,0,0,0,0,0,0,0,0,0,0,0,0,0,0,0,109.599,0,0,0
"MtrElec",11,5,4,"",142.661,0,0,0,0,0,0,0,0,0,0,0,0,0,0,0,0,0,0,0,0,142.661,0,0,0
"MtrElec",11,5,5,"",103.079,0,0,0,0,0,0,0,0,0,0,0,0,0,0,0,0,0,0,0,0,103.079,0,0,0
"MtrElec",11,5,6,"",111.099,0,0,0,0,0,0,0,0,0,0,0,0,0,0,0,0,0,0,0,0,111.099,0,0,0
"MtrElec",11,5,7,"",147.667,0,0,0,0,0,0,0,0,0,0,0,0,0,0,0,0,0,0,0,0,184.809,0,0,-37.1419
"MtrElec",11,5,8,"",92.1426,0,0,0,0,0,0,0,0,0,0,0,0,0,0,0,0,0,0,0,0,245.009,0,0,-152.866
"MtrElec",11,5,9,"",0.0000078,0,0,0,0,0,0,0,0,0,0,0,0,0,0,0,0,0,0,0,0,195.653,0,75.037,-270.69
"MtrElec",11,5,10,"",0,0,0,0,0,0,0,0,0,0,0,0,0,0,0,0,0,0,0,0,0,193.4,0,154.062,-347.462
"MtrElec",11,5,11,"",-54.4654,0,0,0,0,0,0,0,0,0,0,0,0,0,0,0,0,0,0,0,0,186.04,0,157.698,-398.203
"MtrElec",11,5,12,"",-58.5234,0,0,0,0,0,0,0,0,0,0,0,0,0,0,0,0,0,0,0,0,205.639,0,157.698,-421.86
"MtrElec",11,5,13,"",-190.1,0,0,0,0,0,0,0,0,0,0,0,0,0,0,0,0,0,0,0,0,173.822,0,43.8907,-407.813
"MtrElec",11,5,14,"",-212.665,0,0,0,0,0,0,0,0,0,0,0,0,0,0,0,0,0,0,0,0,147.36,0,0,-360.026
"MtrElec",11,5,15,"",-112.918,0,0,0,0,0,0,0,0,0,0,0,0,0,0,0,0,0,0,0,0,167.135,0,0,-280.053
"MtrElec",11,5,16,"",-22.2529,0,0,0,0,0,0,0,0,0,0,0,0,0,0,0,0,0,0,0,0,144.861,0,0,-167.114
"MtrElec",11,5,17,"",164.758,0,0,0,0,0,0,0,0,0,0,0,0,0,0,0,0,0,0,0,0,205.926,0,0,-41.168
"MtrElec",11,5,18,"",193.862,0,0,0,0,0,0,0,0,0,0,0,0,0,0,0,0,0,0,0,0,193.862,0,0,0
"MtrElec",11,5,19,"",104.141,0,0,0,0,0,0,0,0,0,0,0,0,0,0,0,0,0,0,0,0,261.839,0,-157.698,0
"MtrElec",11,5,20,"",124.197,0,0,0,0,0,0,0,0,0,0,0,0,0,0,0,0,0,0,0,0,281.895,0,-157.698,0
"MtrElec",11,5,21,"",127.115,0,0,0,0,0,0,0,0,0,0,0,0,0,0,0,0,0,0,0,0,284.813,0,-157.698,0
"MtrElec",11,5,22,"",179.21,0,0,0,0,0,0,0,0,0,0,0,0,0,0,0,0,0,0,0,0,237.133,0,-57.9237,0
"MtrElec",11,5,23,"",208.189,0,0,0,0,0,0,0,0,0,0,0,0,0,0,0,0,0,0,0,0,208.189,0,0,0
"MtrElec",11,5,24,"",167.065,0,0,0,0,0,0,0,0,0,0,0,0,0,0,0,0,0,0,0,0,167.065,0,0,0
"MtrElec",11,6,1,"",162.197,0,0,0,0,0,0,0,0,0,0,0,0,0,0,0,0,0,0,0,0,162.197,0,0,0
"MtrElec",11,6,2,"",110.176,0,0,0,0,0,0,0,0,0,0,0,0,0,0,0,0,0,0,0,0,110.176,0,0,0
"MtrElec",11,6,3,"",97.753,0,0,0,0,0,0,0,0,0,0,0,0,0,0,0,0,0,0,0,0,97.753,0,0,0
"MtrElec",11,6,4,"",112.081,0,0,0,0,0,0,0,0,0,0,0,0,0,0,0,0,0,0,0,0,112.081,0,0,0
"MtrElec",11,6,5,"",111.202,0,0,0,0,0,0,0,0,0,0,0,0,0,0,0,0,0,0,0,0,111.202,0,0,0
"MtrElec",11,6,6,"",102.114,0,0,0,0,0,0,0,0,0,0,0,0,0,0,0,0,0,0,0,0,102.114,0,0,0
"MtrElec",11,6,7,"",162.146,0,0,0,0,0,0,0,0,0,0,0,0,0,0,0,0,0,0,0,0,175.091,0,0,-12.9451
"MtrElec",11,6,8,"",175.218,0,0,0,0,0,0,0,0,0,0,0,0,0,0,0,0,0,0,0,0,240.291,0,0,-65.0735
"MtrElec",11,6,9,"",161.84,0,0,0,0,0,0,0,0,0,0,0,0,0,0,0,0,0,0,0,0,252.862,0,0,-91.022
"MtrElec",11,6,10,"",22.9198,0,0,0,0,0,0,0,0,0,0,0,0,0,0,0,0,0,0,0,0,182.075,0,0,-159.155
"MtrElec",11,6,11,"",0,0,0,0,0,0,0,0,0,0,0,0,0,0,0,0,0,0,0,0,0,193.199,0,121.87,-315.069
"MtrElec",11,6,12,"",-22.0419,0,0,0,0,0,0,0,0,0,0,0,0,0,0,0,0,0,0,0,0,152.463,0,157.698,-332.203
"MtrElec",11,6,13,"",0,0,0,0,0,0,0,0,0,0,0,0,0,0,0,0,0,0,0,0,0,230.515,0,81.8968,-312.411
"MtrElec",11,6,14,"",0,0,0,0,0,0,0,0,0,0,0,0,0,0,0,0,0,0,0,0,0,123.164,0,51.0301,-174.194
"MtrElec",11,6,15,"",0,0,0,0,0,0,0,0,0,0,0,0,0,0,0,0,0,0,0,0,0,155.286,0,40.0241,-195.31
"MtrElec",11,6,16,"",72.4157,0,0,0,0,0,0,0,0,0,0,0,0,0,0,0,0,0,0,0,0,152.827,0,0,-80.4117
"MtrElec",11,6,17,"",172.326,0,0,0,0,0,0,0,0,0,0,0,0,0,0,0,0,0,0,0,0,191.307,0,0,-18.9805
"MtrElec",11,6,18,"",238.757,0,0,0,0,0,0,0,0,0,0,0,0,0,0,0,0,0,0,0,0,238.757,0,0,0
"MtrElec",11,6,19,"",83.3267,0,0,0,0,0,0,0,0,0,0,0,0,0,0,0,0,0,0,0,0,241.025,0,-157.698,0
"MtrElec",11,6,20,"",91.2692,0,0,0,0,0,0,0,0,0,0,0,0,0,0,0,0,0,0,0,0,248.967,0,-157.698,0
"MtrElec",11,6,21,"",169.755,0,0,0,0,0,0,0,0,0,0,0,0,0,0,0,0,0,0,0,0,262.757,0,-93.0023,0
"MtrElec",11,6,22,"",223.783,0,0,0,0,0,0,0,0,0,0,0,0,0,0,0,0,0,0,0,0,223.783,0,0,0
"MtrElec",11,6,23,"",170.797,0,0,0,0,0,0,0,0,0,0,0,0,0,0,0,0,0,0,0,0,170.797,0,0,0
"MtrElec",11,6,24,"",166.427,0,0,0,0,0,0,0,0,0,0,0,0,0,0,0,0,0,0,0,0,166.427,0,0,0
"MtrElec",11,7,1,"",105.782,0,0,0,0,0,0,0,0,0,0,0,0,0,0,0,0,0,0,0,0,105.782,0,0,0
"MtrElec",11,7,2,"",107.914,0,0,0,0,0,0,0,0,0,0,0,0,0,0,0,0,0,0,0,0,107.914,0,0,0
"MtrElec",11,7,3,"",107.285,0,0,0,0,0,0,0,0,0,0,0,0,0,0,0,0,0,0,0,0,107.285,0,0,0
"MtrElec",11,7,4,"",94.4579,0,0,0,0,0,0,0,0,0,0,0,0,0,0,0,0,0,0,0,0,94.4579,0,0,0
"MtrElec",11,7,5,"",147.853,0,0,0,0,0,0,0,0,0,0,0,0,0,0,0,0,0,0,0,0,147.853,0,0,0
"MtrElec",11,7,6,"",117.836,0,0,0,0,0,0,0,0,0,0,0,0,0,0,0,0,0,0,0,0,117.836,0,0,0
"MtrElec",11,7,7,"",102.804,0,0,0,0,0,0,0,0,0,0,0,0,0,0,0,0,0,0,0,0,105.823,0,0,-3.01831
"MtrElec",11,7,8,"",111.778,0,0,0,0,0,0,0,0,0,0,0,0,0,0,0,0,0,0,0,0,180.193,0,0,-68.415
"MtrElec",11,7,9,"",96.8233,0,0,0,0,0,0,0,0,0,0,0,0,0,0,0,0,0,0,0,0,226.96,0,0,-130.137
"MtrElec",11,7,10,"",0,0,0,0,0,0,0,0,0,0,0,0,0,0,0,0,0,0,0,0,0,223.962,0,24.735,-248.697
"MtrElec",11,7,11,"",0.0000156,0,0,0,0,0,0,0,0,0,0,0,0,0,0,0,0,0,0,0,0,237.418,0,146.06,-383.478
"MtrElec",11,7,12,"",0,0,0,0,0,0,0,0,0,0,0,0,0,0,0,0,0,0,0,0,0,285.647,0,123.512,-409.159
"MtrElec",11,7,13,"",0,0,0,0,0,0,0,0,0,0,0,0,0,0,0,0,0,0,0,0,0,274.241,0,107.623,-381.864
"MtrElec",11,7,14,"",0.0000078,0,0,0,0,0,0,0,0,0,0,0,0,0,0,0,0,0,0,0,0,207.146,0,86.2327,-293.379
"MtrElec",11,7,15,"",0,0,0,0,0,0,0,0,0,0,0,0,0,0,0,0,0,0,0,0,0,210.752,0,23.0092,-233.761
"MtrElec",11,7,16,"",60.2831,0,0,0,0,0,0,0,0,0,0,0,0,0,0,0,0,0,0,0,0,169.649,0,0,-109.366
"MtrElec",11,7,17,"",176.196,0,0,0,0,0,0,0,0,0,0,0,0,0,0,0,0,0,0,0,0,198.491,0,0,-22.2951
"MtrElec",11,7,18,"",246.316,0,0,0,0,0,0,0,0,0,0,0,0,0,0,0,0,0,0,0,0,246.316,0,0,0
"MtrElec",11,7,19,"",179.807,0,0,0,0,0,0,0,0,0,0,0,0,0,0,0,0,0,0,0,0,337.505,0,-157.698,0
"MtrElec",11,7,20,"",118.941,0,0,0,0,0,0,0,0,0,0,0,0,0,0,0,0,0,0,0,0,276.639,0,-157.698,0
"MtrElec",11,7,21,"",76.3298,0,0,0,0,0,0,0,0,0,0,0,0,0,0,0,0,0,0,0,0,222.266,0,-145.937,0
"MtrElec",11,7,22,"",231.523,0,0,0,0,0,0,0,0,0,0,0,0,0,0,0,0,0,0,0,0,231.523,0,0,0
"MtrElec",11,7,23,"",197.794,0,0,0,0,0,0,0,0,0,0,0,0,0,0,0,0,0,0,0,0,197.794,0,0,0
"MtrElec",11,7,24,"",166.527,0,0,0,0,0,0,0,0,0,0,0,0,0,0,0,0,0,0,0,0,166.527,0,0,0
"MtrElec",11,8,1,"",107.7,0,0,0,0,0,0,0,0,0,0,0,0,0,0,0,0,0,0,0,0,107.7,0,0,0
"MtrElec",11,8,2,"",108.118,0,0,0,0,0,0,0,0,0,0,0,0,0,0,0,0,0,0,0,0,108.118,0,0,0
"MtrElec",11,8,3,"",146.963,0,0,0,0,0,0,0,0,0,0,0,0,0,0,0,0,0,0,0,0,146.963,0,0,0
"MtrElec",11,8,4,"",101.356,0,0,0,0,0,0,0,0,0,0,0,0,0,0,0,0,0,0,0,0,101.356,0,0,0
"MtrElec",11,8,5,"",132.071,0,0,0,0,0,0,0,0,0,0,0,0,0,0,0,0,0,0,0,0,132.071,0,0,0
"MtrElec",11,8,6,"",108.528,0,0,0,0,0,0,0,0,0,0,0,0,0,0,0,0,0,0,0,0,108.528,0,0,0
"MtrElec",11,8,7,"",138.375,0,0,0,0,0,0,0,0,0,0,0,0,0,0,0,0,0,0,0,0,138.375,0,0,0
"MtrElec",11,8,8,"",112.202,0,0,0,0,0,0,0,0,0,0,0,0,0,0,0,0,0,0,0,0,142.75,0,0,-30.5486
"MtrElec",11,8,9,"",74.8706,0,0,0,0,0,0,0,0,0,0,0,0,0,0,0,0,0,0,0,0,212.211,0,0,-137.34
"MtrElec",11,8,10,"",80.9579,0,0,0,0,0,0,0,0,0,0,0,0,0,0,0,0,0,0,0,0,253.106,0,0,-172.148
"MtrElec",11,8,11,"",1.80314,0,0,0,0,0,0,0,0,0,0,0,0,0,0,0,0,0,0,0,0,257.757,0,0,-255.954
"MtrElec",11,8,12,"",0,0,0,0,0,0,0,0,0,0,0,0,0,0,0,0,0,0,0,0,0,271.119,0,52.9459,-324.065
"MtrElec",11,8,13,"",0.0000020,0,0,0,0,0,0,0,0,0,0,0,0,0,0,0,0,0,0,0,0,269.066,0,26.5909,-295.657
"MtrElec",11,8,14,"",0.0000010,0,0,0,0,0,0,0,0,0,0,0,0,0,0,0,0,0,0,0,0,207.553,0,15.1338,-222.687
"MtrElec",11,8,15,"",113.255,0,0,0,0,0,0,0,0,0,0,0,0,0,0,0,0,0,0,0,0,240.131,0,0,-126.876
"MtrElec",11,8,16,"",161.872,0,0,0,0,0,0,0,0,0,0,0,0,0,0,0,0,0,0,0,0,214.95,0,0,-53.0781
"MtrElec",11,8,17,"",218.152,0,0,0,0,0,0,0,0,0,0,0,0,0,0,0,0,0,0,0,0,223.136,0,0,-4.98422
"MtrElec",11,8,18,"",228.377,0,0,0,0,0,0,0,0,0,0,0,0,0,0,0,0,0,0,0,0,228.377,0,0,0
"MtrElec",11,8,19,"",234.054,0,0,0,0,0,0,0,0,0,0,0,0,0,0,0,0,0,0,0,0,319.495,0,-85.4402,0
"MtrElec",11,8,20,"",302.321,0,0,0,0,0,0,0,0,0,0,0,0,0,0,0,0,0,0,0,0,302.321,0,0,0
"MtrElec",11,8,21,"",216.04,0,0,0,0,0,0,0,0,0,0,0,0,0,0,0,0,0,0,0,0,216.04,0,0,0
"MtrElec",11,8,22,"",280.138,0,0,0,0,0,0,0,0,0,0,0,0,0,0,0,0,0,0,0,0,280.138,0,0,0
"MtrElec",11,8,23,"",189.76,0,0,0,0,0,0,0,0,0,0,0,0,0,0,0,0,0,0,0,0,189.76,0,0,0
"MtrElec",11,8,24,"",155.858,0,0,0,0,0,0,0,0,0,0,0,0,0,0,0,0,0,0,0,0,155.858,0,0,0
"MtrElec",11,9,1,"",107.766,0,0,0,0,0,0,0,0,0,0,0,0,0,0,0,0,0,0,0,0,107.766,0,0,0
"MtrElec",11,9,2,"",107.365,0,0,0,0,0,0,0,0,0,0,0,0,0,0,0,0,0,0,0,0,107.365,0,0,0
"MtrElec",11,9,3,"",103.573,0,0,0,0,0,0,0,0,0,0,0,0,0,0,0,0,0,0,0,0,103.573,0,0,0
"MtrElec",11,9,4,"",100.45,0,0,0,0,0,0,0,0,0,0,0,0,0,0,0,0,0,0,0,0,100.45,0,0,0
"MtrElec",11,9,5,"",123.784,0,0,0,0,0,0,0,0,0,0,0,0,0,0,0,0,0,0,0,0,123.784,0,0,0
"MtrElec",11,9,6,"",117.162,0,0,0,0,0,0,0,0,0,0,0,0,0,0,0,0,0,0,0,0,117.162,0,0,0
"MtrElec",11,9,7,"",183.602,0,0,0,0,0,0,0,0,0,0,0,0,0,0,0,0,0,0,0,0,192.465,0,0,-8.86291
"MtrElec",11,9,8,"",109.692,0,0,0,0,0,0,0,0,0,0,0,0,0,0,0,0,0,0,0,0,188.147,0,0,-78.4547
"MtrElec",11,9,9,"",110.966,0,0,0,0,0,0,0,0,0,0,0,0,0,0,0,0,0,0,0,0,220.086,0,0,-109.12
"MtrElec",11,9,10,"",0,0,0,0,0,0,0,0,0,0,0,0,0,0,0,0,0,0,0,0,0,217.467,0,9.25267,-226.72
"MtrElec",11,9,11,"",0.0000039,0,0,0,0,0,0,0,0,0,0,0,0,0,0,0,0,0,0,0,0,192.17,0,56.0871,-248.257
"MtrElec",11,9,12,"",0,0,0,0,0,0,0,0,0,0,0,0,0,0,0,0,0,0,0,0,0,199.934,0,15.1938,-215.127
"MtrElec",11,9,13,"",0,0,0,0,0,0,0,0,0,0,0,0,0,0,0,0,0,0,0,0,0,177.168,0,33.7545,-210.922
"MtrElec",11,9,14,"",0.0000078,0,0,0,0,0,0,0,0,0,0,0,0,0,0,0,0,0,0,0,0,132.466,0,67.3978,-199.864
"MtrElec",11,9,15,"",58.321,0,0,0,0,0,0,0,0,0,0,0,0,0,0,0,0,0,0,0,0,161.048,0,0,-102.727
"MtrElec",11,9,16,"",119.683,0,0,0,0,0,0,0,0,0,0,0,0,0,0,0,0,0,0,0,0,128.395,0,0,-8.71124
"MtrElec",11,9,17,"",212.81,0,0,0,0,0,0,0,0,0,0,0,0,0,0,0,0,0,0,0,0,212.81,0,0,0
"MtrElec",11,9,18,"",241.074,0,0,0,0,0,0,0,0,0,0,0,0,0,0,0,0,0,0,0,0,241.074,0,0,0
"MtrElec",11,9,19,"",87.2425,0,0,0,0,0,0,0,0,0,0,0,0,0,0,0,0,0,0,0,0,244.94,0,-157.698,0
"MtrElec",11,9,20,"",255.32,0,0,0,0,0,0,0,0,0,0,0,0,0,0,0,0,0,0,0,0,261.593,0,-6.27355,0
"MtrElec",11,9,21,"",276.441,0,0,0,0,0,0,0,0,0,0,0,0,0,0,0,0,0,0,0,0,276.441,0,0,0
"MtrElec",11,9,22,"",228.374,0,0,0,0,0,0,0,0,0,0,0,0,0,0,0,0,0,0,0,0,228.374,0,0,0
"MtrElec",11,9,23,"",172.846,0,0,0,0,0,0,0,0,0,0,0,0,0,0,0,0,0,0,0,0,172.846,0,0,0
"MtrElec",11,9,24,"",211.766,0,0,0,0,0,0,0,0,0,0,0,0,0,0,0,0,0,0,0,0,211.766,0,0,0
"MtrElec",11,10,1,"",157.655,0,0,0,0,0,0,0,0,0,0,0,0,0,0,0,0,0,0,0,0,157.655,0,0,0
"MtrElec",11,10,2,"",109.718,0,0,0,0,0,0,0,0,0,0,0,0,0,0,0,0,0,0,0,0,109.718,0,0,0
"MtrElec",11,10,3,"",94.1972,0,0,0,0,0,0,0,0,0,0,0,0,0,0,0,0,0,0,0,0,94.1972,0,0,0
"MtrElec",11,10,4,"",108.634,0,0,0,0,0,0,0,0,0,0,0,0,0,0,0,0,0,0,0,0,108.634,0,0,0
"MtrElec",11,10,5,"",107.724,0,0,0,0,0,0,0,0,0,0,0,0,0,0,0,0,0,0,0,0,107.724,0,0,0
"MtrElec",11,10,6,"",121.497,0,0,0,0,0,0,0,0,0,0,0,0,0,0,0,0,0,0,0,0,121.497,0,0,0
"MtrElec",11,10,7,"",162.103,0,0,0,0,0,0,0,0,0,0,0,0,0,0,0,0,0,0,0,0,175.61,0,0,-13.5071
"MtrElec",11,10,8,"",197.507,0,0,0,0,0,0,0,0,0,0,0,0,0,0,0,0,0,0,0,0,239.699,0,0,-42.192
"MtrElec",11,10,9,"",136.355,0,0,0,0,0,0,0,0,0,0,0,0,0,0,0,0,0,0,0,0,215.313,0,0,-78.9575
"MtrElec",11,10,10,"",58.9924,0,0,0,0,0,0,0,0,0,0,0,0,0,0,0,0,0,0,0,0,232.877,0,0,-173.884
"MtrElec",11,10,11,"",135.26,0,0,0,0,0,0,0,0,0,0,0,0,0,0,0,0,0,0,0,0,253.621,0,0,-118.36
"MtrElec",11,10,12,"",119.517,0,0,0,0,0,0,0,0,0,0,0,0,0,0,0,0,0,0,0,0,199.349,0,0,-79.8313
"MtrElec",11,10,13,"",0,0,0,0,0,0,0,0,0,0,0,0,0,0,0,0,0,0,0,0,0,187.27,0,32.2487,-219.519
"MtrElec",11,10,14,"",-13.1289,0,0,0,0,0,0,0,0,0,0,0,0,0,0,0,0,0,0,0,0,115.043,0,157.698,-285.87
"MtrElec",11,10,15,"",162.861,0,0,0,0,0,0,0,0,0,0,0,0,0,0,0,0,0,0,0,0,184.273,0,0,-21.4111
"MtrElec",11,10,16,"",12.4164,0,0,0,0,0,0,0,0,0,0,0,0,0,0,0,0,0,0,0,0,133.264,0,0,-120.848
"MtrElec",11,10,17,"",187.107,0,0,0,0,0,0,0,0,0,0,0,0,0,0,0,0,0,0,0,0,214.242,0,0,-27.1344
"MtrElec",11,10,18,"",240.121,0,0,0,0,0,0,0,0,0,0,0,0,0,0,0,0,0,0,0,0,240.121,0,0,0
"MtrElec",11,10,19,"",74.232,0,0,0,0,0,0,0,0,0,0,0,0,0,0,0,0,0,0,0,0,231.93,0,-157.698,0
"MtrElec",11,10,20,"",241.708,0,0,0,0,0,0,0,0,0,0,0,0,0,0,0,0,0,0,0,0,255.437,0,-13.7289,0
"MtrElec",11,10,21,"",313.95,0,0,0,0,0,0,0,0,0,0,0,0,0,0,0,0,0,0,0,0,313.95,0,0,0
"MtrElec",11,10,22,"",228.971,0,0,0,0,0,0,0,0,0,0,0,0,0,0,0,0,0,0,0,0,228.971,0,0,0
"MtrElec",11,10,23,"",192.685,0,0,0,0,0,0,0,0,0,0,0,0,0,0,0,0,0,0,0,0,192.685,0,0,0
"MtrElec",11,10,24,"",217.488,0,0,0,0,0,0,0,0,0,0,0,0,0,0,0,0,0,0,0,0,217.488,0,0,0
"MtrElec",11,11,1,"",117.971,0,0,0,0,0,0,0,0,0,0,0,0,0,0,0,0,0,0,0,0,117.971,0,0,0
"MtrElec",11,11,2,"",107.933,0,0,0,0,0,0,0,0,0,0,0,0,0,0,0,0,0,0,0,0,107.933,0,0,0
"MtrElec",11,11,3,"",90.8155,0,0,0,0,0,0,0,0,0,0,0,0,0,0,0,0,0,0,0,0,90.8155,0,0,0
"MtrElec",11,11,4,"",105.371,0,0,0,0,0,0,0,0,0,0,0,0,0,0,0,0,0,0,0,0,105.371,0,0,0
"MtrElec",11,11,5,"",103.514,0,0,0,0,0,0,0,0,0,0,0,0,0,0,0,0,0,0,0,0,103.514,0,0,0
"MtrElec",11,11,6,"",134.285,0,0,0,0,0,0,0,0,0,0,0,0,0,0,0,0,0,0,0,0,134.285,0,0,0
"MtrElec",11,11,7,"",148.047,0,0,0,0,0,0,0,0,0,0,0,0,0,0,0,0,0,0,0,0,157.979,0,0,-9.93191
"MtrElec",11,11,8,"",136.566,0,0,0,0,0,0,0,0,0,0,0,0,0,0,0,0,0,0,0,0,242.656,0,0,-106.09
"MtrElec",11,11,9,"",171.817,0,0,0,0,0,0,0,0,0,0,0,0,0,0,0,0,0,0,0,0,254.671,0,0,-82.8535
"MtrElec",11,11,10,"",291.607,0,0,0,0,0,0,0,0,0,0,0,0,0,0,0,0,0,0,0,0,337.184,0,0,-45.5773
"MtrElec",11,11,11,"",219.65,0,0,0,0,0,0,0,0,0,0,0,0,0,0,0,0,0,0,0,0,288.664,0,0,-69.0144
"MtrElec",11,11,12,"",233.811,0,0,0,0,0,0,0,0,0,0,0,0,0,0,0,0,0,0,0,0,316.542,0,0,-82.7317
"MtrElec",11,11,13,"",194.036,0,0,0,0,0,0,0,0,0,0,0,0,0,0,0,0,0,0,0,0,304.623,0,0,-110.588
"MtrElec",11,11,14,"",120.141,0,0,0,0,0,0,0,0,0,0,0,0,0,0,0,0,0,0,0,0,223.863,0,0,-103.722
"MtrElec",11,11,15,"",156.95,0,0,0,0,0,0,0,0,0,0,0,0,0,0,0,0,0,0,0,0,241.226,0,0,-84.2759
"MtrElec",11,11,16,"",167.364,0,0,0,0,0,0,0,0,0,0,0,0,0,0,0,0,0,0,0,0,221.206,0,0,-53.8424
"MtrElec",11,11,17,"",241.014,0,0,0,0,0,0,0,0,0,0,0,0,0,0,0,0,0,0,0,0,241.74,0,0,-0.72526
"MtrElec",11,11,18,"",285.998,0,0,0,0,0,0,0,0,0,0,0,0,0,0,0,0,0,0,0,0,285.998,0,0,0
"MtrElec",11,11,19,"",339.498,0,0,0,0,0,0,0,0,0,0,0,0,0,0,0,0,0,0,0,0,339.498,0,0,0
"MtrElec",11,11,20,"",254.656,0,0,0,0,0,0,0,0,0,0,0,0,0,0,0,0,0,0,0,0,254.656,0,0,0
"MtrElec",11,11,21,"",230.239,0,0,0,0,0,0,0,0,0,0,0,0,0,0,0,0,0,0,0,0,230.239,0,0,0
"MtrElec",11,11,22,"",234.655,0,0,0,0,0,0,0,0,0,0,0,0,0,0,0,0,0,0,0,0,234.655,0,0,0
"MtrElec",11,11,23,"",154.45,0,0,0,0,0,0,0,0,0,0,0,0,0,0,0,0,0,0,0,0,154.45,0,0,0
"MtrElec",11,11,24,"",186.311,0,0,0,0,0,0,0,0,0,0,0,0,0,0,0,0,0,0,0,0,186.311,0,0,0
"MtrElec",11,12,1,"",112.682,0,0,0,0,0,0,0,0,0,0,0,0,0,0,0,0,0,0,0,0,112.682,0,0,0
"MtrElec",11,12,2,"",96.4254,0,0,0,0,0,0,0,0,0,0,0,0,0,0,0,0,0,0,0,0,96.4254,0,0,0
"MtrElec",11,12,3,"",108.195,0,0,0,0,0,0,0,0,0,0,0,0,0,0,0,0,0,0,0,0,108.195,0,0,0
"MtrElec",11,12,4,"",108.753,0,0,0,0,0,0,0,0,0,0,0,0,0,0,0,0,0,0,0,0,108.753,0,0,0
"MtrElec",11,12,5,"",93.0514,0,0,0,0,0,0,0,0,0,0,0,0,0,0,0,0,0,0,0,0,93.0514,0,0,0
"MtrElec",11,12,6,"",130.771,0,0,0,0,0,0,0,0,0,0,0,0,0,0,0,0,0,0,0,0,130.771,0,0,0
"MtrElec",11,12,7,"",208.681,0,0,0,0,0,0,0,0,0,0,0,0,0,0,0,0,0,0,0,0,235.092,0,0,-26.4104
"MtrElec",11,12,8,"",74.6395,0,0,0,0,0,0,0,0,0,0,0,0,0,0,0,0,0,0,0,0,216.477,0,0,-141.838
"MtrElec",11,12,9,"",0,0,0,0,0,0,0,0,0,0,0,0,0,0,0,0,0,0,0,0,0,233.665,0,25.7067,-259.371
"MtrElec",11,12,10,"",0,0,0,0,0,0,0,0,0,0,0,0,0,0,0,0,0,0,0,0,0,247.93,0,91.2485,-339.178
"MtrElec",11,12,11,"",-23.1673,0,0,0,0,0,0,0,0,0,0,0,0,0,0,0,0,0,0,0,0,203.568,0,157.698,-384.433
"MtrElec",11,12,12,"",-68.6432,0,0,0,0,0,0,0,0,0,0,0,0,0,0,0,0,0,0,0,0,172.714,0,157.698,-399.055
"MtrElec",11,12,13,"",-83.4994,0,0,0,0,0,0,0,0,0,0,0,0,0,0,0,0,0,0,0,0,144.709,0,156.034,-384.242
"MtrElec",11,12,14,"",-193.663,0,0,0,0,0,0,0,0,0,0,0,0,0,0,0,0,0,0,0,0,156.249,0,0,-349.912
"MtrElec",11,12,15,"",-101.762,0,0,0,0,0,0,0,0,0,0,0,0,0,0,0,0,0,0,0,0,171.649,0,0,-273.412
"MtrElec",11,12,16,"",-13.9203,0,0,0,0,0,0,0,0,0,0,0,0,0,0,0,0,0,0,0,0,143.744,0,0,-157.664
"MtrElec",11,12,17,"",129.234,0,0,0,0,0,0,0,0,0,0,0,0,0,0,0,0,0,0,0,0,164.064,0,0,-34.8298
"MtrElec",11,12,18,"",225.024,0,0,0,0,0,0,0,0,0,0,0,0,0,0,0,0,0,0,0,0,225.024,0,0,0
"MtrElec",11,12,19,"",121.149,0,0,0,0,0,0,0,0,0,0,0,0,0,0,0,0,0,0,0,0,278.847,0,-157.698,0
"MtrElec",11,12,20,"",104.319,0,0,0,0,0,0,0,0,0,0,0,0,0,0,0,0,0,0,0,0,262.017,0,-157.698,0
"MtrElec",11,12,21,"",132.79,0,0,0,0,0,0,0,0,0,0,0,0,0,0,0,0,0,0,0,0,290.488,0,-157.698,0
"MtrElec",11,12,22,"",185.34,0,0,0,0,0,0,0,0,0,0,0,0,0,0,0,0,0,0,0,0,243.263,0,-57.9237,0
"MtrElec",11,12,23,"",216.209,0,0,0,0,0,0,0,0,0,0,0,0,0,0,0,0,0,0,0,0,216.209,0,0,0
"MtrElec",11,12,24,"",160.947,0,0,0,0,0,0,0,0,0,0,0,0,0,0,0,0,0,0,0,0,160.947,0,0,0
"MtrElec",11,13,1,"",113.5,0,0,0,0,0,0,0,0,0,0,0,0,0,0,0,0,0,0,0,0,113.5,0,0,0
"MtrElec",11,13,2,"",113.103,0,0,0,0,0,0,0,0,0,0,0,0,0,0,0,0,0,0,0,0,113.103,0,0,0
"MtrElec",11,13,3,"",145.166,0,0,0,0,0,0,0,0,0,0,0,0,0,0,0,0,0,0,0,0,145.166,0,0,0
"MtrElec",11,13,4,"",103.076,0,0,0,0,0,0,0,0,0,0,0,0,0,0,0,0,0,0,0,0,103.076,0,0,0
"MtrElec",11,13,5,"",109.372,0,0,0,0,0,0,0,0,0,0,0,0,0,0,0,0,0,0,0,0,109.372,0,0,0
"MtrElec",11,13,6,"",106.443,0,0,0,0,0,0,0,0,0,0,0,0,0,0,0,0,0,0,0,0,106.443,0,0,0
"MtrElec",11,13,7,"",155.507,0,0,0,0,0,0,0,0,0,0,0,0,0,0,0,0,0,0,0,0,171.15,0,0,-15.6437
"MtrElec",11,13,8,"",105.371,0,0,0,0,0,0,0,0,0,0,0,0,0,0,0,0,0,0,0,0,241.018,0,0,-135.646
"MtrElec",11,13,9,"",22.5087,0,0,0,0,0,0,0,0,0,0,0,0,0,0,0,0,0,0,0,0,276.51,0,0,-254.001
"MtrElec",11,13,10,"",0,0,0,0,0,0,0,0,0,0,0,0,0,0,0,0,0,0,0,0,0,236.666,0,103.323,-339.99
"MtrElec",11,13,11,"",-4.51006,0,0,0,0,0,0,0,0,0,0,0,0,0,0,0,0,0,0,0,0,217.458,0,157.698,-379.666
"MtrElec",11,13,12,"",-3.629,0,0,0,0,0,0,0,0,0,0,0,0,0,0,0,0,0,0,0,0,223.734,0,157.698,-385.061
"MtrElec",11,13,13,"",0,0,0,0,0,0,0,0,0,0,0,0,0,0,0,0,0,0,0,0,0,259.293,0,120.346,-379.638
"MtrElec",11,13,14,"",-109.331,0,0,0,0,0,0,0,0,0,0,0,0,0,0,0,0,0,0,0,0,181.591,0,49.32,-340.242
"MtrElec",11,13,15,"",-84.2381,0,0,0,0,0,0,0,0,0,0,0,0,0,0,0,0,0,0,0,0,179.126,0,0,-263.364
"MtrElec",11,13,16,"",68.853,0,0,0,0,0,0,0,0,0,0,0,0,0,0,0,0,0,0,0,0,204.336,0,0,-135.483
"MtrElec",11,13,17,"",234.331,0,0,0,0,0,0,0,0,0,0,0,0,0,0,0,0,0,0,0,0,259.716,0,0,-25.3852
"MtrElec",11,13,18,"",240.086,0,0,0,0,0,0,0,0,0,0,0,0,0,0,0,0,0,0,0,0,240.086,0,0,0
"MtrElec",11,13,19,"",103.553,0,0,0,0,0,0,0,0,0,0,0,0,0,0,0,0,0,0,0,0,261.25,0,-157.698,0
"MtrElec",11,13,20,"",129.366,0,0,0,0,0,0,0,0,0,0,0,0,0,0,0,0,0,0,0,0,287.064,0,-157.698,0
"MtrElec",11,13,21,"",171.531,0,0,0,0,0,0,0,0,0,0,0,0,0,0,0,0,0,0,0,0,329.228,0,-157.698,0
"MtrElec",11,13,22,"",170.662,0,0,0,0,0,0,0,0,0,0,0,0,0,0,0,0,0,0,0,0,228.586,0,-57.9237,0
"MtrElec",11,13,23,"",171.168,0,0,0,0,0,0,0,0,0,0,0,0,0,0,0,0,0,0,0,0,171.168,0,0,0
"MtrElec",11,13,24,"",183.411,0,0,0,0,0,0,0,0,0,0,0,0,0,0,0,0,0,0,0,0,183.411,0,0,0
"MtrElec",11,14,1,"",136.445,0,0,0,0,0,0,0,0,0,0,0,0,0,0,0,0,0,0,0,0,136.445,0,0,0
"MtrElec",11,14,2,"",107.697,0,0,0,0,0,0,0,0,0,0,0,0,0,0,0,0,0,0,0,0,107.697,0,0,0
"MtrElec",11,14,3,"",99.6543,0,0,0,0,0,0,0,0,0,0,0,0,0,0,0,0,0,0,0,0,99.6543,0,0,0
"MtrElec",11,14,4,"",150.823,0,0,0,0,0,0,0,0,0,0,0,0,0,0,0,0,0,0,0,0,150.823,0,0,0
"MtrElec",11,14,5,"",135.997,0,0,0,0,0,0,0,0,0,0,0,0,0,0,0,0,0,0,0,0,135.997,0,0,0
"MtrElec",11,14,6,"",98.7644,0,0,0,0,0,0,0,0,0,0,0,0,0,0,0,0,0,0,0,0,98.7644,0,0,0
"MtrElec",11,14,7,"",105.469,0,0,0,0,0,0,0,0,0,0,0,0,0,0,0,0,0,0,0,0,121.672,0,0,-16.2033
"MtrElec",11,14,8,"",74.8035,0,0,0,0,0,0,0,0,0,0,0,0,0,0,0,0,0,0,0,0,209.864,0,0,-135.061
"MtrElec",11,14,9,"",0,0,0,0,0,0,0,0,0,0,0,0,0,0,0,0,0,0,0,0,0,211.783,0,34.7574,-246.541
"MtrElec",11,14,10,"",0.0000020,0,0,0,0,0,0,0,0,0,0,0,0,0,0,0,0,0,0,0,0,298.403,0,32.2621,-330.665
"MtrElec",11,14,11,"",0,0,0,0,0,0,0,0,0,0,0,0,0,0,0,0,0,0,0,0,0,258.142,0,124.635,-382.777
"MtrElec",11,14,12,"",0,0,0,0,0,0,0,0,0,0,0,0,0,0,0,0,0,0,0,0,0,300.456,0,97.9047,-398.36
"MtrElec",11,14,13,"",0.0000078,0,0,0,0,0,0,0,0,0,0,0,0,0,0,0,0,0,0,0,0,265.989,0,116.847,-382.836
"MtrElec",11,14,14,"",0.0000078,0,0,0,0,0,0,0,0,0,0,0,0,0,0,0,0,0,0,0,0,213.264,0,122.219,-335.482
"MtrElec",11,14,15,"",0.0000039,0,0,0,0,0,0,0,0,0,0,0,0,0,0,0,0,0,0,0,0,219.463,0,38.8888,-258.352
"MtrElec",11,14,16,"",54.8814,0,0,0,0,0,0,0,0,0,0,0,0,0,0,0,0,0,0,0,0,204.694,0,0,-149.813
"MtrElec",11,14,17,"",174.224,0,0,0,0,0,0,0,0,0,0,0,0,0,0,0,0,0,0,0,0,206.815,0,0,-32.5905
"MtrElec",11,14,18,"",239.224,0,0,0,0,0,0,0,0,0,0,0,0,0,0,0,0,0,0,0,0,239.224,0,0,0
"MtrElec",11,14,19,"",138.631,0,0,0,0,0,0,0,0,0,0,0,0,0,0,0,0,0,0,0,0,296.329,0,-157.698,0
"MtrElec",11,14,20,"",132.182,0,0,0,0,0,0,0,0,0,0,0,0,0,0,0,0,0,0,0,0,289.88,0,-157.698,0
"MtrElec",11,14,21,"",107.169,0,0,0,0,0,0,0,0,0,0,0,0,0,0,0,0,0,0,0,0,264.867,0,-157.698,0
"MtrElec",11,14,22,"",233.149,0,0,0,0,0,0,0,0,0,0,0,0,0,0,0,0,0,0,0,0,272.236,0,-39.0874,0
"MtrElec",11,14,23,"",222.772,0,0,0,0,0,0,0,0,0,0,0,0,0,0,0,0,0,0,0,0,222.772,0,0,0
"MtrElec",11,14,24,"",161.288,0,0,0,0,0,0,0,0,0,0,0,0,0,0,0,0,0,0,0,0,161.288,0,0,0
"MtrElec",11,15,1,"",122.067,0,0,0,0,0,0,0,0,0,0,0,0,0,0,0,0,0,0,0,0,122.067,0,0,0
"MtrElec",11,15,2,"",108.985,0,0,0,0,0,0,0,0,0,0,0,0,0,0,0,0,0,0,0,0,108.985,0,0,0
"MtrElec",11,15,3,"",101.451,0,0,0,0,0,0,0,0,0,0,0,0,0,0,0,0,0,0,0,0,101.451,0,0,0
"MtrElec",11,15,4,"",98.6068,0,0,0,0,0,0,0,0,0,0,0,0,0,0,0,0,0,0,0,0,98.6068,0,0,0
"MtrElec",11,15,5,"",144.566,0,0,0,0,0,0,0,0,0,0,0,0,0,0,0,0,0,0,0,0,144.566,0,0,0
"MtrElec",11,15,6,"",106.372,0,0,0,0,0,0,0,0,0,0,0,0,0,0,0,0,0,0,0,0,106.372,0,0,0
"MtrElec",11,15,7,"",96.8275,0,0,0,0,0,0,0,0,0,0,0,0,0,0,0,0,0,0,0,0,111.642,0,0,-14.8147
"MtrElec",11,15,8,"",68.3961,0,0,0,0,0,0,0,0,0,0,0,0,0,0,0,0,0,0,0,0,197.548,0,0,-129.152
"MtrElec",11,15,9,"",0,0,0,0,0,0,0,0,0,0,0,0,0,0,0,0,0,0,0,0,0,224.159,0,24.7669,-248.926
"MtrElec",11,15,10,"",0,0,0,0,0,0,0,0,0,0,0,0,0,0,0,0,0,0,0,0,0,254.31,0,84.1273,-338.437
"MtrElec",11,15,11,"",0.0000156,0,0,0,0,0,0,0,0,0,0,0,0,0,0,0,0,0,0,0,0,262.799,0,136.38,-399.178
"MtrElec",11,15,12,"",0,0,0,0,0,0,0,0,0,0,0,0,0,0,0,0,0,0,0,0,0,322.732,0,100.191,-422.922
"MtrElec",11,15,13,"",0,0,0,0,0,0,0,0,0,0,0,0,0,0,0,0,0,0,0,0,0,284.549,0,125.812,-410.361
"MtrElec",11,15,14,"",-8.41935,0,0,0,0,0,0,0,0,0,0,0,0,0,0,0,0,0,0,0,0,236.484,0,117.109,-362.012
"MtrElec",11,15,15,"",-12.1038,0,0,0,0,0,0,0,0,0,0,0,0,0,0,0,0,0,0,0,0,268.453,0,0,-280.557
"MtrElec",11,15,16,"",80.2219,0,0,0,0,0,0,0,0,0,0,0,0,0,0,0,0,0,0,0,0,242.255,0,0,-162.033
"MtrElec",11,15,17,"",197.01,0,0,0,0,0,0,0,0,0,0,0,0,0,0,0,0,0,0,0,0,223.329,0,0,-26.3193
"MtrElec",11,15,18,"",233.08,0,0,0,0,0,0,0,0,0,0,0,0,0,0,0,0,0,0,0,0,233.08,0,0,0
"MtrElec",11,15,19,"",132.824,0,0,0,0,0,0,0,0,0,0,0,0,0,0,0,0,0,0,0,0,290.522,0,-157.698,0
"MtrElec",11,15,20,"",120.638,0,0,0,0,0,0,0,0,0,0,0,0,0,0,0,0,0,0,0,0,278.336,0,-157.698,0
"MtrElec",11,15,21,"",78.8377,0,0,0,0,0,0,0,0,0,0,0,0,0,0,0,0,0,0,0,0,236.536,0,-157.698,0
"MtrElec",11,15,22,"",163.226,0,0,0,0,0,0,0,0,0,0,0,0,0,0,0,0,0,0,0,0,221.149,0,-57.9237,0
"MtrElec",11,15,23,"",192.891,0,0,0,0,0,0,0,0,0,0,0,0,0,0,0,0,0,0,0,0,192.891,0,0,0
"MtrElec",11,15,24,"",170.733,0,0,0,0,0,0,0,0,0,0,0,0,0,0,0,0,0,0,0,0,170.733,0,0,0
"MtrElec",11,16,1,"",115.931,0,0,0,0,0,0,0,0,0,0,0,0,0,0,0,0,0,0,0,0,115.931,0,0,0
"MtrElec",11,16,2,"",107.337,0,0,0,0,0,0,0,0,0,0,0,0,0,0,0,0,0,0,0,0,107.337,0,0,0
"MtrElec",11,16,3,"",104.939,0,0,0,0,0,0,0,0,0,0,0,0,0,0,0,0,0,0,0,0,104.939,0,0,0
"MtrElec",11,16,4,"",101.371,0,0,0,0,0,0,0,0,0,0,0,0,0,0,0,0,0,0,0,0,101.371,0,0,0
"MtrElec",11,16,5,"",95.095,0,0,0,0,0,0,0,0,0,0,0,0,0,0,0,0,0,0,0,0,95.095,0,0,0
"MtrElec",11,16,6,"",150.676,0,0,0,0,0,0,0,0,0,0,0,0,0,0,0,0,0,0,0,0,150.676,0,0,0
"MtrElec",11,16,7,"",131.587,0,0,0,0,0,0,0,0,0,0,0,0,0,0,0,0,0,0,0,0,148.672,0,0,-17.0857
"MtrElec",11,16,8,"",77.7758,0,0,0,0,0,0,0,0,0,0,0,0,0,0,0,0,0,0,0,0,216.006,0,0,-138.23
"MtrElec",11,16,9,"",0,0,0,0,0,0,0,0,0,0,0,0,0,0,0,0,0,0,0,0,0,231.135,0,31.0308,-262.165
"MtrElec",11,16,10,"",0.0000039,0,0,0,0,0,0,0,0,0,0,0,0,0,0,0,0,0,0,0,0,286.426,0,63.9867,-350.413
"MtrElec",11,16,11,"",-10.2388,0,0,0,0,0,0,0,0,0,0,0,0,0,0,0,0,0,0,0,0,235.986,0,157.698,-403.923
"MtrElec",11,16,12,"",-45.1185,0,0,0,0,0,0,0,0,0,0,0,0,0,0,0,0,0,0,0,0,218.548,0,157.698,-421.364
"MtrElec",11,16,13,"",-30.8353,0,0,0,0,0,0,0,0,0,0,0,0,0,0,0,0,0,0,0,0,218.223,0,157.698,-406.757
"MtrElec",11,16,14,"",-142.729,0,0,0,0,0,0,0,0,0,0,0,0,0,0,0,0,0,0,0,0,196.675,0,20.2737,-359.678
"MtrElec",11,16,15,"",-107.794,0,0,0,0,0,0,0,0,0,0,0,0,0,0,0,0,0,0,0,0,169.418,0,0,-277.212
"MtrElec",11,16,16,"",28.8086,0,0,0,0,0,0,0,0,0,0,0,0,0,0,0,0,0,0,0,0,190.495,0,0,-161.687
"MtrElec",11,16,17,"",212.372,0,0,0,0,0,0,0,0,0,0,0,0,0,0,0,0,0,0,0,0,247.593,0,0,-35.2208
"MtrElec",11,16,18,"",243.721,0,0,0,0,0,0,0,0,0,0,0,0,0,0,0,0,0,0,0,0,243.721,0,0,0
"MtrElec",11,16,19,"",138.018,0,0,0,0,0,0,0,0,0,0,0,0,0,0,0,0,0,0,0,0,295.716,0,-157.698,0
"MtrElec",11,16,20,"",122.4,0,0,0,0,0,0,0,0,0,0,0,0,0,0,0,0,0,0,0,0,280.098,0,-157.698,0
"MtrElec",11,16,21,"",139.074,0,0,0,0,0,0,0,0,0,0,0,0,0,0,0,0,0,0,0,0,296.772,0,-157.698,0
"MtrElec",11,16,22,"",176.364,0,0,0,0,0,0,0,0,0,0,0,0,0,0,0,0,0,0,0,0,234.288,0,-57.9237,0
"MtrElec",11,16,23,"",189.293,0,0,0,0,0,0,0,0,0,0,0,0,0,0,0,0,0,0,0,0,189.293,0,0,0
"MtrElec",11,16,24,"",167.332,0,0,0,0,0,0,0,0,0,0,0,0,0,0,0,0,0,0,0,0,167.332,0,0,0
"MtrElec",11,17,1,"",124.066,0,0,0,0,0,0,0,0,0,0,0,0,0,0,0,0,0,0,0,0,124.066,0,0,0
"MtrElec",11,17,2,"",108.984,0,0,0,0,0,0,0,0,0,0,0,0,0,0,0,0,0,0,0,0,108.984,0,0,0
"MtrElec",11,17,3,"",101.132,0,0,0,0,0,0,0,0,0,0,0,0,0,0,0,0,0,0,0,0,101.132,0,0,0
"MtrElec",11,17,4,"",96.0725,0,0,0,0,0,0,0,0,0,0,0,0,0,0,0,0,0,0,0,0,96.0725,0,0,0
"MtrElec",11,17,5,"",105.554,0,0,0,0,0,0,0,0,0,0,0,0,0,0,0,0,0,0,0,0,105.554,0,0,0
"MtrElec",11,17,6,"",153.687,0,0,0,0,0,0,0,0,0,0,0,0,0,0,0,0,0,0,0,0,153.687,0,0,0
"MtrElec",11,17,7,"",161.357,0,0,0,0,0,0,0,0,0,0,0,0,0,0,0,0,0,0,0,0,177.2,0,0,-15.843
"MtrElec",11,17,8,"",38.7366,0,0,0,0,0,0,0,0,0,0,0,0,0,0,0,0,0,0,0,0,175.552,0,0,-136.816
"MtrElec",11,17,9,"",0,0,0,0,0,0,0,0,0,0,0,0,0,0,0,0,0,0,0,0,0,252.764,0,3.06444,-255.829
"MtrElec",11,17,10,"",0,0,0,0,0,0,0,0,0,0,0,0,0,0,0,0,0,0,0,0,0,269.631,0,69.8139,-339.445
"MtrElec",11,17,11,"",0,0,0,0,0,0,0,0,0,0,0,0,0,0,0,0,0,0,0,0,0,271.849,0,118.889,-390.738
"MtrElec",11,17,12,"",-52.1203,0,0,0,0,0,0,0,0,0,0,0,0,0,0,0,0,0,0,0,0,204.766,0,157.698,-414.584
"MtrElec",11,17,13,"",0,0,0,0,0,0,0,0,0,0,0,0,0,0,0,0,0,0,0,0,0,232.391,0,146.175,-378.566
"MtrElec",11,17,14,"",-71.6529,0,0,0,0,0,0,0,0,0,0,0,0,0,0,0,0,0,0,0,0,188.988,0,92.7444,-353.385
"MtrElec",11,17,15,"",-79.318,0,0,0,0,0,0,0,0,0,0,0,0,0,0,0,0,0,0,0,0,190.807,0,0,-270.125
"MtrElec",11,17,16,"",19.7569,0,0,0,0,0,0,0,0,0,0,0,0,0,0,0,0,0,0,0,0,175.01,0,0,-155.253
"MtrElec",11,17,17,"",169.312,0,0,0,0,0,0,0,0,0,0,0,0,0,0,0,0,0,0,0,0,201.497,0,0,-32.1854
"MtrElec",11,17,18,"",259.342,0,0,0,0,0,0,0,0,0,0,0,0,0,0,0,0,0,0,0,0,259.342,0,0,0
"MtrElec",11,17,19,"",136.33,0,0,0,0,0,0,0,0,0,0,0,0,0,0,0,0,0,0,0,0,294.027,0,-157.698,0
"MtrElec",11,17,20,"",163.8,0,0,0,0,0,0,0,0,0,0,0,0,0,0,0,0,0,0,0,0,321.498,0,-157.698,0
"MtrElec",11,17,21,"",147.069,0,0,0,0,0,0,0,0,0,0,0,0,0,0,0,0,0,0,0,0,304.767,0,-157.698,0
"MtrElec",11,17,22,"",177.034,0,0,0,0,0,0,0,0,0,0,0,0,0,0,0,0,0,0,0,0,234.958,0,-57.9237,0
"MtrElec",11,17,23,"",204.16,0,0,0,0,0,0,0,0,0,0,0,0,0,0,0,0,0,0,0,0,204.16,0,0,0
"MtrElec",11,17,24,"",146.898,0,0,0,0,0,0,0,0,0,0,0,0,0,0,0,0,0,0,0,0,146.898,0,0,0
"MtrElec",11,18,1,"",113.527,0,0,0,0,0,0,0,0,0,0,0,0,0,0,0,0,0,0,0,0,113.527,0,0,0
"MtrElec",11,18,2,"",108.963,0,0,0,0,0,0,0,0,0,0,0,0,0,0,0,0,0,0,0,0,108.963,0,0,0
"MtrElec",11,18,3,"",105.054,0,0,0,0,0,0,0,0,0,0,0,0,0,0,0,0,0,0,0,0,105.054,0,0,0
"MtrElec",11,18,4,"",92.9464,0,0,0,0,0,0,0,0,0,0,0,0,0,0,0,0,0,0,0,0,92.9464,0,0,0
"MtrElec",11,18,5,"",130.111,0,0,0,0,0,0,0,0,0,0,0,0,0,0,0,0,0,0,0,0,130.111,0,0,0
"MtrElec",11,18,6,"",123.834,0,0,0,0,0,0,0,0,0,0,0,0,0,0,0,0,0,0,0,0,123.834,0,0,0
"MtrElec",11,18,7,"",200.04,0,0,0,0,0,0,0,0,0,0,0,0,0,0,0,0,0,0,0,0,204.394,0,0,-4.35439
"MtrElec",11,18,8,"",157.544,0,0,0,0,0,0,0,0,0,0,0,0,0,0,0,0,0,0,0,0,229.76,0,0,-72.216
"MtrElec",11,18,9,"",39.5001,0,0,0,0,0,0,0,0,0,0,0,0,0,0,0,0,0,0,0,0,235.476,0,0,-195.976
"MtrElec",11,18,10,"",0.0000078,0,0,0,0,0,0,0,0,0,0,0,0,0,0,0,0,0,0,0,0,251.537,0,95.7458,-347.283
"MtrElec",11,18,11,"",0,0,0,0,0,0,0,0,0,0,0,0,0,0,0,0,0,0,0,0,0,222.871,0,153.156,-376.026
"MtrElec",11,18,12,"",-45.792,0,0,0,0,0,0,0,0,0,0,0,0,0,0,0,0,0,0,0,0,214.102,0,157.698,-417.592
"MtrElec",11,18,13,"",0,0,0,0,0,0,0,0,0,0,0,0,0,0,0,0,0,0,0,0,0,246.058,0,156.375,-402.433
"MtrElec",11,18,14,"",-150.043,0,0,0,0,0,0,0,0,0,0,0,0,0,0,0,0,0,0,0,0,183.27,0,25.4108,-358.724
"MtrElec",11,18,15,"",-54.8531,0,0,0,0,0,0,0,0,0,0,0,0,0,0,0,0,0,0,0,0,220.893,0,0,-275.746
"MtrElec",11,18,16,"",0.731891,0,0,0,0,0,0,0,0,0,0,0,0,0,0,0,0,0,0,0,0,158.81,0,0,-158.078
"MtrElec",11,18,17,"",178.922,0,0,0,0,0,0,0,0,0,0,0,0,0,0,0,0,0,0,0,0,211.664,0,0,-32.7423
"MtrElec",11,18,18,"",235.066,0,0,0,0,0,0,0,0,0,0,0,0,0,0,0,0,0,0,0,0,235.066,0,0,0
"MtrElec",11,18,19,"",153.234,0,0,0,0,0,0,0,0,0,0,0,0,0,0,0,0,0,0,0,0,310.932,0,-157.698,0
"MtrElec",11,18,20,"",161.609,0,0,0,0,0,0,0,0,0,0,0,0,0,0,0,0,0,0,0,0,319.307,0,-157.698,0
"MtrElec",11,18,21,"",132.154,0,0,0,0,0,0,0,0,0,0,0,0,0,0,0,0,0,0,0,0,289.852,0,-157.698,0
"MtrElec",11,18,22,"",124.615,0,0,0,0,0,0,0,0,0,0,0,0,0,0,0,0,0,0,0,0,182.539,0,-57.9237,0
"MtrElec",11,18,23,"",214.411,0,0,0,0,0,0,0,0,0,0,0,0,0,0,0,0,0,0,0,0,214.411,0,0,0
"MtrElec",11,18,24,"",132.759,0,0,0,0,0,0,0,0,0,0,0,0,0,0,0,0,0,0,0,0,132.759,0,0,0
"MtrElec",11,19,1,"",110.609,0,0,0,0,0,0,0,0,0,0,0,0,0,0,0,0,0,0,0,0,110.609,0,0,0
"MtrElec",11,19,2,"",145.559,0,0,0,0,0,0,0,0,0,0,0,0,0,0,0,0,0,0,0,0,145.559,0,0,0
"MtrElec",11,19,3,"",101.066,0,0,0,0,0,0,0,0,0,0,0,0,0,0,0,0,0,0,0,0,101.066,0,0,0
"MtrElec",11,19,4,"",99.0667,0,0,0,0,0,0,0,0,0,0,0,0,0,0,0,0,0,0,0,0,99.0667,0,0,0
"MtrElec",11,19,5,"",106.766,0,0,0,0,0,0,0,0,0,0,0,0,0,0,0,0,0,0,0,0,106.766,0,0,0
"MtrElec",11,19,6,"",124.397,0,0,0,0,0,0,0,0,0,0,0,0,0,0,0,0,0,0,0,0,124.397,0,0,0
"MtrElec",11,19,7,"",211.55,0,0,0,0,0,0,0,0,0,0,0,0,0,0,0,0,0,0,0,0,227.963,0,0,-16.4131
"MtrElec",11,19,8,"",73.083,0,0,0,0,0,0,0,0,0,0,0,0,0,0,0,0,0,0,0,0,209.742,0,0,-136.659
"MtrElec",11,19,9,"",0.3775,0,0,0,0,0,0,0,0,0,0,0,0,0,0,0,0,0,0,0,0,264.577,0,0,-264.199
"MtrElec",11,19,10,"",0,0,0,0,0,0,0,0,0,0,0,0,0,0,0,0,0,0,0,0,0,205.283,0,138.193,-343.476
"MtrElec",11,19,11,"",-1.255,0,0,0,0,0,0,0,0,0,0,0,0,0,0,0,0,0,0,0,0,221.847,0,157.698,-380.8
"MtrElec",11,19,12,"",-34.8527,0,0,0,0,0,0,0,0,0,0,0,0,0,0,0,0,0,0,0,0,202.3,0,157.698,-394.85
"MtrElec",11,19,13,"",0,0,0,0,0,0,0,0,0,0,0,0,0,0,0,0,0,0,0,0,0,261.133,0,131.975,-393.108
"MtrElec",11,19,14,"",-168.405,0,0,0,0,0,0,0,0,0,0,0,0,0,0,0,0,0,0,0,0,179.431,0,2.82216,-350.659
"MtrElec",11,19,15,"",-97.7638,0,0,0,0,0,0,0,0,0,0,0,0,0,0,0,0,0,0,0,0,172.014,0,0,-269.778
"MtrElec",11,19,16,"",29.8109,0,0,0,0,0,0,0,0,0,0,0,0,0,0,0,0,0,0,0,0,187.372,0,0,-157.561
"MtrElec",11,19,17,"",133.818,0,0,0,0,0,0,0,0,0,0,0,0,0,0,0,0,0,0,0,0,167.114,0,0,-33.2964
"MtrElec",11,19,18,"",236.842,0,0,0,0,0,0,0,0,0,0,0,0,0,0,0,0,0,0,0,0,236.842,0,0,0
"MtrElec",11,19,19,"",119.456,0,0,0,0,0,0,0,0,0,0,0,0,0,0,0,0,0,0,0,0,277.154,0,-157.698,0
"MtrElec",11,19,20,"",133.722,0,0,0,0,0,0,0,0,0,0,0,0,0,0,0,0,0,0,0,0,291.42,0,-157.698,0
"MtrElec",11,19,21,"",131.289,0,0,0,0,0,0,0,0,0,0,0,0,0,0,0,0,0,0,0,0,288.987,0,-157.698,0
"MtrElec",11,19,22,"",141.538,0,0,0,0,0,0,0,0,0,0,0,0,0,0,0,0,0,0,0,0,199.462,0,-57.9237,0
"MtrElec",11,19,23,"",211.373,0,0,0,0,0,0,0,0,0,0,0,0,0,0,0,0,0,0,0,0,211.373,0,0,0
"MtrElec",11,19,24,"",166.753,0,0,0,0,0,0,0,0,0,0,0,0,0,0,0,0,0,0,0,0,166.753,0,0,0
"MtrElec",11,20,1,"",150.195,0,0,0,0,0,0,0,0,0,0,0,0,0,0,0,0,0,0,0,0,150.195,0,0,0
"MtrElec",11,20,2,"",110.418,0,0,0,0,0,0,0,0,0,0,0,0,0,0,0,0,0,0,0,0,110.418,0,0,0
"MtrElec",11,20,3,"",91.9746,0,0,0,0,0,0,0,0,0,0,0,0,0,0,0,0,0,0,0,0,91.9746,0,0,0
"MtrElec",11,20,4,"",105.791,0,0,0,0,0,0,0,0,0,0,0,0,0,0,0,0,0,0,0,0,105.791,0,0,0
"MtrElec",11,20,5,"",107.706,0,0,0,0,0,0,0,0,0,0,0,0,0,0,0,0,0,0,0,0,107.706,0,0,0
"MtrElec",11,20,6,"",132.226,0,0,0,0,0,0,0,0,0,0,0,0,0,0,0,0,0,0,0,0,132.226,0,0,0
"MtrElec",11,20,7,"",169.375,0,0,0,0,0,0,0,0,0,0,0,0,0,0,0,0,0,0,0,0,173.501,0,0,-4.12631
"MtrElec",11,20,8,"",159.049,0,0,0,0,0,0,0,0,0,0,0,0,0,0,0,0,0,0,0,0,251.075,0,0,-92.0259
"MtrElec",11,20,9,"",0.0000010,0,0,0,0,0,0,0,0,0,0,0,0,0,0,0,0,0,0,0,0,229.784,0,14.6267,-244.41
"MtrElec",11,20,10,"",0,0,0,0,0,0,0,0,0,0,0,0,0,0,0,0,0,0,0,0,0,227.539,0,101.695,-329.234
"MtrElec",11,20,11,"",0,0,0,0,0,0,0,0,0,0,0,0,0,0,0,0,0,0,0,0,0,235.47,0,143.592,-379.062
"MtrElec",11,20,12,"",-27.1996,0,0,0,0,0,0,0,0,0,0,0,0,0,0,0,0,0,0,0,0,211.951,0,157.698,-396.849
"MtrElec",11,20,13,"",0,0,0,0,0,0,0,0,0,0,0,0,0,0,0,0,0,0,0,0,0,228.742,0,157.059,-385.802
"MtrElec",11,20,14,"",-143.284,0,0,0,0,0,0,0,0,0,0,0,0,0,0,0,0,0,0,0,0,186.306,0,13.7141,-343.304
"MtrElec",11,20,15,"",-85.8684,0,0,0,0,0,0,0,0,0,0,0,0,0,0,0,0,0,0,0,0,178.413,0,0,-264.282
"MtrElec",11,20,16,"",40.0656,0,0,0,0,0,0,0,0,0,0,0,0,0,0,0,0,0,0,0,0,193.601,0,0,-153.535
"MtrElec",11,20,17,"",211.087,0,0,0,0,0,0,0,0,0,0,0,0,0,0,0,0,0,0,0,0,242.818,0,0,-31.7313
"MtrElec",11,20,18,"",233.878,0,0,0,0,0,0,0,0,0,0,0,0,0,0,0,0,0,0,0,0,233.878,0,0,0
"MtrElec",11,20,19,"",111.563,0,0,0,0,0,0,0,0,0,0,0,0,0,0,0,0,0,0,0,0,269.261,0,-157.698,0
"MtrElec",11,20,20,"",117.442,0,0,0,0,0,0,0,0,0,0,0,0,0,0,0,0,0,0,0,0,275.14,0,-157.698,0
"MtrElec",11,20,21,"",155.133,0,0,0,0,0,0,0,0,0,0,0,0,0,0,0,0,0,0,0,0,312.83,0,-157.698,0
"MtrElec",11,20,22,"",182.8,0,0,0,0,0,0,0,0,0,0,0,0,0,0,0,0,0,0,0,0,240.723,0,-57.9237,0
"MtrElec",11,20,23,"",193.55,0,0,0,0,0,0,0,0,0,0,0,0,0,0,0,0,0,0,0,0,193.55,0,0,0
"MtrElec",11,20,24,"",194.201,0,0,0,0,0,0,0,0,0,0,0,0,0,0,0,0,0,0,0,0,194.201,0,0,0
"MtrElec",11,21,1,"",133.587,0,0,0,0,0,0,0,0,0,0,0,0,0,0,0,0,0,0,0,0,133.587,0,0,0
"MtrElec",11,21,2,"",109.487,0,0,0,0,0,0,0,0,0,0,0,0,0,0,0,0,0,0,0,0,109.487,0,0,0
"MtrElec",11,21,3,"",92.5819,0,0,0,0,0,0,0,0,0,0,0,0,0,0,0,0,0,0,0,0,92.5819,0,0,0
"MtrElec",11,21,4,"",108.984,0,0,0,0,0,0,0,0,0,0,0,0,0,0,0,0,0,0,0,0,108.984,0,0,0
"MtrElec",11,21,5,"",121.542,0,0,0,0,0,0,0,0,0,0,0,0,0,0,0,0,0,0,0,0,121.542,0,0,0
"MtrElec",11,21,6,"",136.905,0,0,0,0,0,0,0,0,0,0,0,0,0,0,0,0,0,0,0,0,136.905,0,0,0
"MtrElec",11,21,7,"",118.511,0,0,0,0,0,0,0,0,0,0,0,0,0,0,0,0,0,0,0,0,121.731,0,0,-3.21991
"MtrElec",11,21,8,"",86.3091,0,0,0,0,0,0,0,0,0,0,0,0,0,0,0,0,0,0,0,0,176.058,0,0,-89.7485
"MtrElec",11,21,9,"",0.0000039,0,0,0,0,0,0,0,0,0,0,0,0,0,0,0,0,0,0,0,0,178.802,0,64.3414,-243.143
"MtrElec",11,21,10,"",0,0,0,0,0,0,0,0,0,0,0,0,0,0,0,0,0,0,0,0,0,230.437,0,93.1347,-323.572
"MtrElec",11,21,11,"",0,0,0,0,0,0,0,0,0,0,0,0,0,0,0,0,0,0,0,0,0,261.357,0,109.909,-371.266
"MtrElec",11,21,12,"",0.0000078,0,0,0,0,0,0,0,0,0,0,0,0,0,0,0,0,0,0,0,0,319.283,0,73.2561,-392.54
"MtrElec",11,21,13,"",0.0000156,0,0,0,0,0,0,0,0,0,0,0,0,0,0,0,0,0,0,0,0,238.224,0,139.544,-377.769
"MtrElec",11,21,14,"",-3.79339,0,0,0,0,0,0,0,0,0,0,0,0,0,0,0,0,0,0,0,0,221.657,0,108.2,-333.65
"MtrElec",11,21,15,"",-33.938,0,0,0,0,0,0,0,0,0,0,0,0,0,0,0,0,0,0,0,0,222.085,0,0,-256.023
"MtrElec",11,21,16,"",88.4349,0,0,0,0,0,0,0,0,0,0,0,0,0,0,0,0,0,0,0,0,233.819,0,0,-145.384
"MtrElec",11,21,17,"",194.661,0,0,0,0,0,0,0,0,0,0,0,0,0,0,0,0,0,0,0,0,218.6,0,0,-23.9389
"MtrElec",11,21,18,"",262.621,0,0,0,0,0,0,0,0,0,0,0,0,0,0,0,0,0,0,0,0,262.621,0,0,0
"MtrElec",11,21,19,"",174.749,0,0,0,0,0,0,0,0,0,0,0,0,0,0,0,0,0,0,0,0,332.447,0,-157.698,0
"MtrElec",11,21,20,"",146.99,0,0,0,0,0,0,0,0,0,0,0,0,0,0,0,0,0,0,0,0,304.688,0,-157.698,0
"MtrElec",11,21,21,"",61.0362,0,0,0,0,0,0,0,0,0,0,0,0,0,0,0,0,0,0,0,0,218.734,0,-157.698,0
"MtrElec",11,21,22,"",209.949,0,0,0,0,0,0,0,0,0,0,0,0,0,0,0,0,0,0,0,0,267.872,0,-57.9237,0
"MtrElec",11,21,23,"",192.899,0,0,0,0,0,0,0,0,0,0,0,0,0,0,0,0,0,0,0,0,192.899,0,0,0
"MtrElec",11,21,24,"",142.193,0,0,0,0,0,0,0,0,0,0,0,0,0,0,0,0,0,0,0,0,142.193,0,0,0
"MtrElec",11,22,1,"",109.404,0,0,0,0,0,0,0,0,0,0,0,0,0,0,0,0,0,0,0,0,109.404,0,0,0
"MtrElec",11,22,2,"",103.719,0,0,0,0,0,0,0,0,0,0,0,0,0,0,0,0,0,0,0,0,103.719,0,0,0
"MtrElec",11,22,3,"",145.327,0,0,0,0,0,0,0,0,0,0,0,0,0,0,0,0,0,0,0,0,145.327,0,0,0
"MtrElec",11,22,4,"",99.8437,0,0,0,0,0,0,0,0,0,0,0,0,0,0,0,0,0,0,0,0,99.8437,0,0,0
"MtrElec",11,22,5,"",143.065,0,0,0,0,0,0,0,0,0,0,0,0,0,0,0,0,0,0,0,0,143.065,0,0,0
"MtrElec",11,22,6,"",103.164,0,0,0,0,0,0,0,0,0,0,0,0,0,0,0,0,0,0,0,0,103.164,0,0,0
"MtrElec",11,22,7,"",150.581,0,0,0,0,0,0,0,0,0,0,0,0,0,0,0,0,0,0,0,0,155.166,0,0,-4.58469
"MtrElec",11,22,8,"",53.4129,0,0,0,0,0,0,0,0,0,0,0,0,0,0,0,0,0,0,0,0,146.215,0,0,-92.8017
"MtrElec",11,22,9,"",63.0702,0,0,0,0,0,0,0,0,0,0,0,0,0,0,0,0,0,0,0,0,255.253,0,0,-192.182
"MtrElec",11,22,10,"",0,0,0,0,0,0,0,0,0,0,0,0,0,0,0,0,0,0,0,0,0,249.204,0,50.987,-300.191
"MtrElec",11,22,11,"",0,0,0,0,0,0,0,0,0,0,0,0,0,0,0,0,0,0,0,0,0,274.716,0,23.7744,-298.491
"MtrElec",11,22,12,"",0,0,0,0,0,0,0,0,0,0,0,0,0,0,0,0,0,0,0,0,0,253.741,0,9.97328,-263.715
"MtrElec",11,22,13,"",0,0,0,0,0,0,0,0,0,0,0,0,0,0,0,0,0,0,0,0,0,244.181,0,51.742,-295.923
"MtrElec",11,22,14,"",0,0,0,0,0,0,0,0,0,0,0,0,0,0,0,0,0,0,0,0,0,228.723,0,103.901,-332.624
"MtrElec",11,22,15,"",21.4227,0,0,0,0,0,0,0,0,0,0,0,0,0,0,0,0,0,0,0,0,274.042,0,0,-252.619
"MtrElec",11,22,16,"",74.7918,0,0,0,0,0,0,0,0,0,0,0,0,0,0,0,0,0,0,0,0,219.543,0,0,-144.751
"MtrElec",11,22,17,"",182.943,0,0,0,0,0,0,0,0,0,0,0,0,0,0,0,0,0,0,0,0,211.466,0,0,-28.5224
"MtrElec",11,22,18,"",231.546,0,0,0,0,0,0,0,0,0,0,0,0,0,0,0,0,0,0,0,0,231.546,0,0,0
"MtrElec",11,22,19,"",123.714,0,0,0,0,0,0,0,0,0,0,0,0,0,0,0,0,0,0,0,0,281.411,0,-157.698,0
"MtrElec",11,22,20,"",220.976,0,0,0,0,0,0,0,0,0,0,0,0,0,0,0,0,0,0,0,0,280.219,0,-59.243,0
"MtrElec",11,22,21,"",241.31,0,0,0,0,0,0,0,0,0,0,0,0,0,0,0,0,0,0,0,0,241.31,0,0,0
"MtrElec",11,22,22,"",281.482,0,0,0,0,0,0,0,0,0,0,0,0,0,0,0,0,0,0,0,0,281.482,0,0,0
"MtrElec",11,22,23,"",174.166,0,0,0,0,0,0,0,0,0,0,0,0,0,0,0,0,0,0,0,0,174.166,0,0,0
"MtrElec",11,22,24,"",188.776,0,0,0,0,0,0,0,0,0,0,0,0,0,0,0,0,0,0,0,0,188.776,0,0,0
"MtrElec",11,23,1,"",107.86,0,0,0,0,0,0,0,0,0,0,0,0,0,0,0,0,0,0,0,0,107.86,0,0,0
"MtrElec",11,23,2,"",117.332,0,0,0,0,0,0,0,0,0,0,0,0,0,0,0,0,0,0,0,0,117.332,0,0,0
"MtrElec",11,23,3,"",108.944,0,0,0,0,0,0,0,0,0,0,0,0,0,0,0,0,0,0,0,0,108.944,0,0,0
"MtrElec",11,23,4,"",97.7042,0,0,0,0,0,0,0,0,0,0,0,0,0,0,0,0,0,0,0,0,97.7042,0,0,0
"MtrElec",11,23,5,"",97.883,0,0,0,0,0,0,0,0,0,0,0,0,0,0,0,0,0,0,0,0,97.883,0,0,0
"MtrElec",11,23,6,"",151.392,0,0,0,0,0,0,0,0,0,0,0,0,0,0,0,0,0,0,0,0,151.392,0,0,0
"MtrElec",11,23,7,"",155.727,0,0,0,0,0,0,0,0,0,0,0,0,0,0,0,0,0,0,0,0,155.727,0,0,0
"MtrElec",11,23,8,"",218.226,0,0,0,0,0,0,0,0,0,0,0,0,0,0,0,0,0,0,0,0,254.36,0,0,-36.1343
"MtrElec",11,23,9,"",139.476,0,0,0,0,0,0,0,0,0,0,0,0,0,0,0,0,0,0,0,0,260.641,0,0,-121.166
"MtrElec",11,23,10,"",18.2808,0,0,0,0,0,0,0,0,0,0,0,0,0,0,0,0,0,0,0,0,227.269,0,0,-208.988
"MtrElec",11,23,11,"",3.03219,0,0,0,0,0,0,0,0,0,0,0,0,0,0,0,0,0,0,0,0,208.189,0,0,-205.157
"MtrElec",11,23,12,"",27.487,0,0,0,0,0,0,0,0,0,0,0,0,0,0,0,0,0,0,0,0,198.224,0,0,-170.737
"MtrElec",11,23,13,"",66.2232,0,0,0,0,0,0,0,0,0,0,0,0,0,0,0,0,0,0,0,0,226.53,0,0,-160.307
"MtrElec",11,23,14,"",0,0,0,0,0,0,0,0,0,0,0,0,0,0,0,0,0,0,0,0,0,129.533,0,39.8918,-169.424
"MtrElec",11,23,15,"",28.549,0,0,0,0,0,0,0,0,0,0,0,0,0,0,0,0,0,0,0,0,171.699,0,0,-143.15
"MtrElec",11,23,16,"",90.5171,0,0,0,0,0,0,0,0,0,0,0,0,0,0,0,0,0,0,0,0,128.598,0,0,-38.081
"MtrElec",11,23,17,"",205.632,0,0,0,0,0,0,0,0,0,0,0,0,0,0,0,0,0,0,0,0,206.282,0,0,-0.650192
"MtrElec",11,23,18,"",205.278,0,0,0,0,0,0,0,0,0,0,0,0,0,0,0,0,0,0,0,0,205.278,0,0,0
"MtrElec",11,23,19,"",217.894,0,0,0,0,0,0,0,0,0,0,0,0,0,0,0,0,0,0,0,0,253.896,0,-36.0023,0
"MtrElec",11,23,20,"",253.798,0,0,0,0,0,0,0,0,0,0,0,0,0,0,0,0,0,0,0,0,253.798,0,0,0
"MtrElec",11,23,21,"",273.317,0,0,0,0,0,0,0,0,0,0,0,0,0,0,0,0,0,0,0,0,273.317,0,0,0
"MtrElec",11,23,22,"",219.327,0,0,0,0,0,0,0,0,0,0,0,0,0,0,0,0,0,0,0,0,219.327,0,0,0
"MtrElec",11,23,23,"",219.852,0,0,0,0,0,0,0,0,0,0,0,0,0,0,0,0,0,0,0,0,219.852,0,0,0
"MtrElec",11,23,24,"",138.995,0,0,0,0,0,0,0,0,0,0,0,0,0,0,0,0,0,0,0,0,138.995,0,0,0
"MtrElec",11,24,1,"",126.926,0,0,0,0,0,0,0,0,0,0,0,0,0,0,0,0,0,0,0,0,126.926,0,0,0
"MtrElec",11,24,2,"",153.1,0,0,0,0,0,0,0,0,0,0,0,0,0,0,0,0,0,0,0,0,153.1,0,0,0
"MtrElec",11,24,3,"",93.9447,0,0,0,0,0,0,0,0,0,0,0,0,0,0,0,0,0,0,0,0,93.9447,0,0,0
"MtrElec",11,24,4,"",108.866,0,0,0,0,0,0,0,0,0,0,0,0,0,0,0,0,0,0,0,0,108.866,0,0,0
"MtrElec",11,24,5,"",107.414,0,0,0,0,0,0,0,0,0,0,0,0,0,0,0,0,0,0,0,0,107.414,0,0,0
"MtrElec",11,24,6,"",101.555,0,0,0,0,0,0,0,0,0,0,0,0,0,0,0,0,0,0,0,0,101.555,0,0,0
"MtrElec",11,24,7,"",219.808,0,0,0,0,0,0,0,0,0,0,0,0,0,0,0,0,0,0,0,0,229.165,0,0,-9.35706
"MtrElec",11,24,8,"",94.7649,0,0,0,0,0,0,0,0,0,0,0,0,0,0,0,0,0,0,0,0,201.335,0,0,-106.57
"MtrElec",11,24,9,"",0,0,0,0,0,0,0,0,0,0,0,0,0,0,0,0,0,0,0,0,0,205.774,0,22.4296,-228.203
"MtrElec",11,24,10,"",0,0,0,0,0,0,0,0,0,0,0,0,0,0,0,0,0,0,0,0,0,235.553,0,72.7945,-308.348
"MtrElec",11,24,11,"",0.0000078,0,0,0,0,0,0,0,0,0,0,0,0,0,0,0,0,0,0,0,0,238.262,0,126.469,-364.731
"MtrElec",11,24,12,"",-42.923,0,0,0,0,0,0,0,0,0,0,0,0,0,0,0,0,0,0,0,0,188.133,0,157.698,-388.754
"MtrElec",11,24,13,"",-38.774,0,0,0,0,0,0,0,0,0,0,0,0,0,0,0,0,0,0,0,0,183.123,0,157.698,-379.595
"MtrElec",11,24,14,"",-125.799,0,0,0,0,0,0,0,0,0,0,0,0,0,0,0,0,0,0,0,0,160.058,0,51.296,-337.154
"MtrElec",11,24,15,"",-71.5794,0,0,0,0,0,0,0,0,0,0,0,0,0,0,0,0,0,0,0,0,186.888,0,0,-258.467
"MtrElec",11,24,16,"",13.2194,0,0,0,0,0,0,0,0,0,0,0,0,0,0,0,0,0,0,0,0,160.56,0,0,-147.34
"MtrElec",11,24,17,"",184.939,0,0,0,0,0,0,0,0,0,0,0,0,0,0,0,0,0,0,0,0,213.054,0,0,-28.1145
"MtrElec",11,24,18,"",252.648,0,0,0,0,0,0,0,0,0,0,0,0,0,0,0,0,0,0,0,0,252.648,0,0,0
"MtrElec",11,24,19,"",141.612,0,0,0,0,0,0,0,0,0,0,0,0,0,0,0,0,0,0,0,0,299.31,0,-157.698,0
"MtrElec",11,24,20,"",105.436,0,0,0,0,0,0,0,0,0,0,0,0,0,0,0,0,0,0,0,0,263.134,0,-157.698,0
"MtrElec",11,24,21,"",94.9945,0,0,0,0,0,0,0,0,0,0,0,0,0,0,0,0,0,0,0,0,252.693,0,-157.698,0
"MtrElec",11,24,22,"",177.666,0,0,0,0,0,0,0,0,0,0,0,0,0,0,0,0,0,0,0,0,235.59,0,-57.9237,0
"MtrElec",11,24,23,"",216.579,0,0,0,0,0,0,0,0,0,0,0,0,0,0,0,0,0,0,0,0,216.579,0,0,0
"MtrElec",11,24,24,"",165.453,0,0,0,0,0,0,0,0,0,0,0,0,0,0,0,0,0,0,0,0,165.453,0,0,0
"MtrElec",11,25,1,"",108.469,0,0,0,0,0,0,0,0,0,0,0,0,0,0,0,0,0,0,0,0,108.469,0,0,0
"MtrElec",11,25,2,"",111.673,0,0,0,0,0,0,0,0,0,0,0,0,0,0,0,0,0,0,0,0,111.673,0,0,0
"MtrElec",11,25,3,"",122.014,0,0,0,0,0,0,0,0,0,0,0,0,0,0,0,0,0,0,0,0,122.014,0,0,0
"MtrElec",11,25,4,"",119.194,0,0,0,0,0,0,0,0,0,0,0,0,0,0,0,0,0,0,0,0,119.194,0,0,0
"MtrElec",11,25,5,"",107.457,0,0,0,0,0,0,0,0,0,0,0,0,0,0,0,0,0,0,0,0,107.457,0,0,0
"MtrElec",11,25,6,"",101.394,0,0,0,0,0,0,0,0,0,0,0,0,0,0,0,0,0,0,0,0,101.394,0,0,0
"MtrElec",11,25,7,"",197.902,0,0,0,0,0,0,0,0,0,0,0,0,0,0,0,0,0,0,0,0,198.426,0,0,-0.524003
"MtrElec",11,25,8,"",183.245,0,0,0,0,0,0,0,0,0,0,0,0,0,0,0,0,0,0,0,0,221.355,0,0,-38.1101
"MtrElec",11,25,9,"",178.881,0,0,0,0,0,0,0,0,0,0,0,0,0,0,0,0,0,0,0,0,272.799,0,0,-93.918
"MtrElec",11,25,10,"",179.865,0,0,0,0,0,0,0,0,0,0,0,0,0,0,0,0,0,0,0,0,254.701,0,0,-74.8358
"MtrElec",11,25,11,"",51.6831,0,0,0,0,0,0,0,0,0,0,0,0,0,0,0,0,0,0,0,0,263.939,0,0,-212.256
"MtrElec",11,25,12,"",0,0,0,0,0,0,0,0,0,0,0,0,0,0,0,0,0,0,0,0,0,250.78,0,101.097,-351.877
"MtrElec",11,25,13,"",0,0,0,0,0,0,0,0,0,0,0,0,0,0,0,0,0,0,0,0,0,234.942,0,130.325,-365.267
"MtrElec",11,25,14,"",-16.5262,0,0,0,0,0,0,0,0,0,0,0,0,0,0,0,0,0,0,0,0,138.93,0,157.698,-313.154
"MtrElec",11,25,15,"",0,0,0,0,0,0,0,0,0,0,0,0,0,0,0,0,0,0,0,0,0,170.684,0,47.0526,-217.737
"MtrElec",11,25,16,"",34.2484,0,0,0,0,0,0,0,0,0,0,0,0,0,0,0,0,0,0,0,0,174.502,0,0,-140.254
"MtrElec",11,25,17,"",197.211,0,0,0,0,0,0,0,0,0,0,0,0,0,0,0,0,0,0,0,0,223.269,0,0,-26.0582
"MtrElec",11,25,18,"",201.35,0,0,0,0,0,0,0,0,0,0,0,0,0,0,0,0,0,0,0,0,201.35,0,0,0
"MtrElec",11,25,19,"",96.4563,0,0,0,0,0,0,0,0,0,0,0,0,0,0,0,0,0,0,0,0,254.154,0,-157.698,0
"MtrElec",11,25,20,"",124.283,0,0,0,0,0,0,0,0,0,0,0,0,0,0,0,0,0,0,0,0,281.981,0,-157.698,0
"MtrElec",11,25,21,"",197.383,0,0,0,0,0,0,0,0,0,0,0,0,0,0,0,0,0,0,0,0,275.633,0,-78.2498,0
"MtrElec",11,25,22,"",243.544,0,0,0,0,0,0,0,0,0,0,0,0,0,0,0,0,0,0,0,0,243.544,0,0,0
"MtrElec",11,25,23,"",216.616,0,0,0,0,0,0,0,0,0,0,0,0,0,0,0,0,0,0,0,0,216.616,0,0,0
"MtrElec",11,25,24,"",141.564,0,0,0,0,0,0,0,0,0,0,0,0,0,0,0,0,0,0,0,0,141.564,0,0,0
"MtrElec",11,26,1,"",175.82,0,0,0,0,0,0,0,0,0,0,0,0,0,0,0,0,0,0,0,0,175.82,0,0,0
"MtrElec",11,26,2,"",108.133,0,0,0,0,0,0,0,0,0,0,0,0,0,0,0,0,0,0,0,0,108.133,0,0,0
"MtrElec",11,26,3,"",98.5678,0,0,0,0,0,0,0,0,0,0,0,0,0,0,0,0,0,0,0,0,98.5678,0,0,0
"MtrElec",11,26,4,"",105.462,0,0,0,0,0,0,0,0,0,0,0,0,0,0,0,0,0,0,0,0,105.462,0,0,0
"MtrElec",11,26,5,"",93.1296,0,0,0,0,0,0,0,0,0,0,0,0,0,0,0,0,0,0,0,0,93.1296,0,0,0
"MtrElec",11,26,6,"",141.168,0,0,0,0,0,0,0,0,0,0,0,0,0,0,0,0,0,0,0,0,141.168,0,0,0
"MtrElec",11,26,7,"",163.678,0,0,0,0,0,0,0,0,0,0,0,0,0,0,0,0,0,0,0,0,163.678,0,0,0
"MtrElec",11,26,8,"",203.861,0,0,0,0,0,0,0,0,0,0,0,0,0,0,0,0,0,0,0,0,223.903,0,0,-20.0419
"MtrElec",11,26,9,"",212.372,0,0,0,0,0,0,0,0,0,0,0,0,0,0,0,0,0,0,0,0,279.315,0,0,-66.9435
"MtrElec",11,26,10,"",134.552,0,0,0,0,0,0,0,0,0,0,0,0,0,0,0,0,0,0,0,0,325.197,0,0,-190.645
"MtrElec",11,26,11,"",26.451,0,0,0,0,0,0,0,0,0,0,0,0,0,0,0,0,0,0,0,0,321.736,0,0,-295.285
"MtrElec",11,26,12,"",0,0,0,0,0,0,0,0,0,0,0,0,0,0,0,0,0,0,0,0,0,313.412,0,93.8286,-407.24
"MtrElec",11,26,13,"",0,0,0,0,0,0,0,0,0,0,0,0,0,0,0,0,0,0,0,0,0,256.364,0,141.902,-398.266
"MtrElec",11,26,14,"",-33.8966,0,0,0,0,0,0,0,0,0,0,0,0,0,0,0,0,0,0,0,0,160.903,0,157.698,-352.497
"MtrElec",11,26,15,"",0,0,0,0,0,0,0,0,0,0,0,0,0,0,0,0,0,0,0,0,0,208.245,0,65.7688,-274.014
"MtrElec",11,26,16,"",27.2948,0,0,0,0,0,0,0,0,0,0,0,0,0,0,0,0,0,0,0,0,186.572,0,0,-159.278
"MtrElec",11,26,17,"",198.687,0,0,0,0,0,0,0,0,0,0,0,0,0,0,0,0,0,0,0,0,231.67,0,0,-32.9834
"MtrElec",11,26,18,"",341.1,0,0,0,0,0,0,0,0,0,0,0,0,0,0,0,0,0,0,0,0,341.1,0,0,0
"MtrElec",11,26,19,"",179.97,0,0,0,0,0,0,0,0,0,0,0,0,0,0,0,0,0,0,0,0,337.668,0,-157.698,0
"MtrElec",11,26,20,"",63.3787,0,0,0,0,0,0,0,0,0,0,0,0,0,0,0,0,0,0,0,0,221.077,0,-157.698,0
"MtrElec",11,26,21,"",182.151,0,0,0,0,0,0,0,0,0,0,0,0,0,0,0,0,0,0,0,0,281.18,0,-99.0296,0
"MtrElec",11,26,22,"",230.595,0,0,0,0,0,0,0,0,0,0,0,0,0,0,0,0,0,0,0,0,230.595,0,0,0
"MtrElec",11,26,23,"",186.441,0,0,0,0,0,0,0,0,0,0,0,0,0,0,0,0,0,0,0,0,186.441,0,0,0
"MtrElec",11,26,24,"",170.594,0,0,0,0,0,0,0,0,0,0,0,0,0,0,0,0,0,0,0,0,170.594,0,0,0
"MtrElec",11,27,1,"",99.5335,0,0,0,0,0,0,0,0,0,0,0,0,0,0,0,0,0,0,0,0,99.5335,0,0,0
"MtrElec",11,27,2,"",110.716,0,0,0,0,0,0,0,0,0,0,0,0,0,0,0,0,0,0,0,0,110.716,0,0,0
"MtrElec",11,27,3,"",142.519,0,0,0,0,0,0,0,0,0,0,0,0,0,0,0,0,0,0,0,0,142.519,0,0,0
"MtrElec",11,27,4,"",96.308,0,0,0,0,0,0,0,0,0,0,0,0,0,0,0,0,0,0,0,0,96.308,0,0,0
"MtrElec",11,27,5,"",102.203,0,0,0,0,0,0,0,0,0,0,0,0,0,0,0,0,0,0,0,0,102.203,0,0,0
"MtrElec",11,27,6,"",136.523,0,0,0,0,0,0,0,0,0,0,0,0,0,0,0,0,0,0,0,0,136.523,0,0,0
"MtrElec",11,27,7,"",161.019,0,0,0,0,0,0,0,0,0,0,0,0,0,0,0,0,0,0,0,0,172.833,0,0,-11.8136
"MtrElec",11,27,8,"",126.854,0,0,0,0,0,0,0,0,0,0,0,0,0,0,0,0,0,0,0,0,244.835,0,0,-117.981
"MtrElec",11,27,9,"",0,0,0,0,0,0,0,0,0,0,0,0,0,0,0,0,0,0,0,0,0,248.832,0,2.23602,-251.068
"MtrElec",11,27,10,"",0,0,0,0,0,0,0,0,0,0,0,0,0,0,0,0,0,0,0,0,0,280.102,0,62.7718,-342.874
"MtrElec",11,27,11,"",0,0,0,0,0,0,0,0,0,0,0,0,0,0,0,0,0,0,0,0,0,331.333,0,69.4136,-400.746
"MtrElec",11,27,12,"",0,0,0,0,0,0,0,0,0,0,0,0,0,0,0,0,0,0,0,0,0,291.867,0,131.873,-423.739
"MtrElec",11,27,13,"",0,0,0,0,0,0,0,0,0,0,0,0,0,0,0,0,0,0,0,0,0,294.198,0,116.408,-410.606
"MtrElec",11,27,14,"",0,0,0,0,0,0,0,0,0,0,0,0,0,0,0,0,0,0,0,0,0,279.521,0,79.4346,-358.956
"MtrElec",11,27,15,"",6.6255,0,0,0,0,0,0,0,0,0,0,0,0,0,0,0,0,0,0,0,0,281.591,0,0,-274.965
"MtrElec",11,27,16,"",20.8089,0,0,0,0,0,0,0,0,0,0,0,0,0,0,0,0,0,0,0,0,177.292,0,0,-156.483
"MtrElec",11,27,17,"",234.463,0,0,0,0,0,0,0,0,0,0,0,0,0,0,0,0,0,0,0,0,265.463,0,0,-30.9999
"MtrElec",11,27,18,"",385.62,0,0,0,0,0,0,0,0,0,0,0,0,0,0,0,0,0,0,0,0,385.62,0,0,0
"MtrElec",11,27,19,"",249.469,0,0,0,0,0,0,0,0,0,0,0,0,0,0,0,0,0,0,0,0,407.167,0,-157.698,0
"MtrElec",11,27,20,"",146.826,0,0,0,0,0,0,0,0,0,0,0,0,0,0,0,0,0,0,0,0,304.524,0,-157.698,0
"MtrElec",11,27,21,"",147.707,0,0,0,0,0,0,0,0,0,0,0,0,0,0,0,0,0,0,0,0,249.389,0,-101.683,0
"MtrElec",11,27,22,"",260.595,0,0,0,0,0,0,0,0,0,0,0,0,0,0,0,0,0,0,0,0,260.595,0,0,0
"MtrElec",11,27,23,"",276.209,0,0,0,0,0,0,0,0,0,0,0,0,0,0,0,0,0,0,0,0,276.209,0,0,0
"MtrElec",11,27,24,"",197.072,0,0,0,0,0,0,0,0,0,0,0,0,0,0,0,0,0,0,0,0,197.072,0,0,0
"MtrElec",11,28,1,"",108.824,0,0,0,0,0,0,0,0,0,0,0,0,0,0,0,0,0,0,0,0,108.824,0,0,0
"MtrElec",11,28,2,"",130.194,0,0,0,0,0,0,0,0,0,0,0,0,0,0,0,0,0,0,0,0,130.194,0,0,0
"MtrElec",11,28,3,"",163.933,0,0,0,0,0,0,0,0,0,0,0,0,0,0,0,0,0,0,0,0,163.933,0,0,0
"MtrElec",11,28,4,"",106.73,0,0,0,0,0,0,0,0,0,0,0,0,0,0,0,0,0,0,0,0,106.73,0,0,0
"MtrElec",11,28,5,"",105.11,0,0,0,0,0,0,0,0,0,0,0,0,0,0,0,0,0,0,0,0,105.11,0,0,0
"MtrElec",11,28,6,"",97.4057,0,0,0,0,0,0,0,0,0,0,0,0,0,0,0,0,0,0,0,0,97.4057,0,0,0
"MtrElec",11,28,7,"",139.695,0,0,0,0,0,0,0,0,0,0,0,0,0,0,0,0,0,0,0,0,149.545,0,0,-9.8497
"MtrElec",11,28,8,"",80.0047,0,0,0,0,0,0,0,0,0,0,0,0,0,0,0,0,0,0,0,0,191.232,0,0,-111.228
"MtrElec",11,28,9,"",21.2874,0,0,0,0,0,0,0,0,0,0,0,0,0,0,0,0,0,0,0,0,251.527,0,0,-230.24
"MtrElec",11,28,10,"",0.0000039,0,0,0,0,0,0,0,0,0,0,0,0,0,0,0,0,0,0,0,0,269.45,0,47.9278,-317.377
"MtrElec",11,28,11,"",0.0000078,0,0,0,0,0,0,0,0,0,0,0,0,0,0,0,0,0,0,0,0,297.398,0,73.5538,-370.951
"MtrElec",11,28,12,"",0,0,0,0,0,0,0,0,0,0,0,0,0,0,0,0,0,0,0,0,0,323.319,0,70.2989,-393.618
"MtrElec",11,28,13,"",0,0,0,0,0,0,0,0,0,0,0,0,0,0,0,0,0,0,0,0,0,264.026,0,115.493,-379.519
"MtrElec",11,28,14,"",0,0,0,0,0,0,0,0,0,0,0,0,0,0,0,0,0,0,0,0,0,238.716,0,89.9271,-328.643
"MtrElec",11,28,15,"",35.2691,0,0,0,0,0,0,0,0,0,0,0,0,0,0,0,0,0,0,0,0,290.42,0,0,-255.151
"MtrElec",11,28,16,"",85.1408,0,0,0,0,0,0,0,0,0,0,0,0,0,0,0,0,0,0,0,0,233.036,0,0,-147.895
"MtrElec",11,28,17,"",179.831,0,0,0,0,0,0,0,0,0,0,0,0,0,0,0,0,0,0,0,0,208.681,0,0,-28.8496
"MtrElec",11,28,18,"",233.683,0,0,0,0,0,0,0,0,0,0,0,0,0,0,0,0,0,0,0,0,233.683,0,0,0
"MtrElec",11,28,19,"",188.208,0,0,0,0,0,0,0,0,0,0,0,0,0,0,0,0,0,0,0,0,345.906,0,-157.698,0
"MtrElec",11,28,20,"",129.058,0,0,0,0,0,0,0,0,0,0,0,0,0,0,0,0,0,0,0,0,286.756,0,-157.698,0
"MtrElec",11,28,21,"",247.364,0,0,0,0,0,0,0,0,0,0,0,0,0,0,0,0,0,0,0,0,290.442,0,-43.0778,0
"MtrElec",11,28,22,"",271.449,0,0,0,0,0,0,0,0,0,0,0,0,0,0,0,0,0,0,0,0,271.449,0,0,0
"MtrElec",11,28,23,"",200.644,0,0,0,0,0,0,0,0,0,0,0,0,0,0,0,0,0,0,0,0,200.644,0,0,0
"MtrElec",11,28,24,"",196.301,0,0,0,0,0,0,0,0,0,0,0,0,0,0,0,0,0,0,0,0,196.301,0,0,0
"MtrElec",11,29,1,"",168.097,0,0,0,0,0,0,0,0,0,0,0,0,0,0,0,0,0,0,0,0,168.097,0,0,0
"MtrElec",11,29,2,"",126.345,0,0,0,0,0,0,0,0,0,0,0,0,0,0,0,0,0,0,0,0,126.345,0,0,0
"MtrElec",11,29,3,"",112.442,0,0,0,0,0,0,0,0,0,0,0,0,0,0,0,0,0,0,0,0,112.442,0,0,0
"MtrElec",11,29,4,"",131.064,0,0,0,0,0,0,0,0,0,0,0,0,0,0,0,0,0,0,0,0,131.064,0,0,0
"MtrElec",11,29,5,"",230.348,0,0,0,0,0,0,0,0,0,0,0,0,0,0,0,0,0,0,0,0,230.348,0,0,0
"MtrElec",11,29,6,"",130.791,0,0,0,0,0,0,0,0,0,0,0,0,0,0,0,0,0,0,0,0,130.791,0,0,0
"MtrElec",11,29,7,"",138.869,0,0,0,0,0,0,0,0,0,0,0,0,0,0,0,0,0,0,0,0,138.869,0,0,0
"MtrElec",11,29,8,"",80.7048,0,0,0,0,0,0,0,0,0,0,0,0,0,0,0,0,0,0,0,0,158.259,0,0,-77.5543
"MtrElec",11,29,9,"",0.0000020,0,0,0,0,0,0,0,0,0,0,0,0,0,0,0,0,0,0,0,0,195.42,0,27.6203,-223.04
"MtrElec",11,29,10,"",0.0000039,0,0,0,0,0,0,0,0,0,0,0,0,0,0,0,0,0,0,0,0,266.555,0,43.8604,-310.416
"MtrElec",11,29,11,"",0,0,0,0,0,0,0,0,0,0,0,0,0,0,0,0,0,0,0,0,0,290.053,0,71.2477,-361.301
"MtrElec",11,29,12,"",0,0,0,0,0,0,0,0,0,0,0,0,0,0,0,0,0,0,0,0,0,265.805,0,112.98,-378.785
"MtrElec",11,29,13,"",0,0,0,0,0,0,0,0,0,0,0,0,0,0,0,0,0,0,0,0,0,223.296,0,150.245,-373.541
"MtrElec",11,29,14,"",0,0,0,0,0,0,0,0,0,0,0,0,0,0,0,0,0,0,0,0,0,189.517,0,141.241,-330.758
"MtrElec",11,29,15,"",-32.6127,0,0,0,0,0,0,0,0,0,0,0,0,0,0,0,0,0,0,0,0,180.217,0,41.191,-254.021
"MtrElec",11,29,16,"",22.2769,0,0,0,0,0,0,0,0,0,0,0,0,0,0,0,0,0,0,0,0,166.312,0,0,-144.035
"MtrElec",11,29,17,"",170.413,0,0,0,0,0,0,0,0,0,0,0,0,0,0,0,0,0,0,0,0,197.421,0,0,-27.0075
"MtrElec",11,29,18,"",247.409,0,0,0,0,0,0,0,0,0,0,0,0,0,0,0,0,0,0,0,0,247.409,0,0,0
"MtrElec",11,29,19,"",142.66,0,0,0,0,0,0,0,0,0,0,0,0,0,0,0,0,0,0,0,0,300.358,0,-157.698,0
"MtrElec",11,29,20,"",109.369,0,0,0,0,0,0,0,0,0,0,0,0,0,0,0,0,0,0,0,0,267.067,0,-157.698,0
"MtrElec",11,29,21,"",96.9463,0,0,0,0,0,0,0,0,0,0,0,0,0,0,0,0,0,0,0,0,254.644,0,-157.698,0
"MtrElec",11,29,22,"",233.473,0,0,0,0,0,0,0,0,0,0,0,0,0,0,0,0,0,0,0,0,291.397,0,-57.9237,0
"MtrElec",11,29,23,"",193.542,0,0,0,0,0,0,0,0,0,0,0,0,0,0,0,0,0,0,0,0,193.542,0,0,0
"MtrElec",11,29,24,"",173.083,0,0,0,0,0,0,0,0,0,0,0,0,0,0,0,0,0,0,0,0,173.083,0,0,0
"MtrElec",11,30,1,"",115.112,0,0,0,0,0,0,0,0,0,0,0,0,0,0,0,0,0,0,0,0,115.112,0,0,0
"MtrElec",11,30,2,"",116.595,0,0,0,0,0,0,0,0,0,0,0,0,0,0,0,0,0,0,0,0,116.595,0,0,0
"MtrElec",11,30,3,"",118.311,0,0,0,0,0,0,0,0,0,0,0,0,0,0,0,0,0,0,0,0,118.311,0,0,0
"MtrElec",11,30,4,"",106.753,0,0,0,0,0,0,0,0,0,0,0,0,0,0,0,0,0,0,0,0,106.753,0,0,0
"MtrElec",11,30,5,"",166.816,0,0,0,0,0,0,0,0,0,0,0,0,0,0,0,0,0,0,0,0,166.816,0,0,0
"MtrElec",11,30,6,"",126.123,0,0,0,0,0,0,0,0,0,0,0,0,0,0,0,0,0,0,0,0,126.123,0,0,0
"MtrElec",11,30,7,"",326.887,0,0,0,0,0,0,0,0,0,0,0,0,0,0,0,0,0,0,0,0,326.887,0,0,0
"MtrElec",11,30,8,"",162.941,0,0,0,0,0,0,0,0,0,0,0,0,0,0,0,0,0,0,0,0,264.384,0,0,-101.443
"MtrElec",11,30,9,"",58.0773,0,0,0,0,0,0,0,0,0,0,0,0,0,0,0,0,0,0,0,0,280.09,0,0,-222.013
"MtrElec",11,30,10,"",0,0,0,0,0,0,0,0,0,0,0,0,0,0,0,0,0,0,0,0,0,247.948,0,64.7493,-312.697
"MtrElec",11,30,11,"",0,0,0,0,0,0,0,0,0,0,0,0,0,0,0,0,0,0,0,0,0,227.756,0,140.155,-367.911
"MtrElec",11,30,12,"",-9.16742,0,0,0,0,0,0,0,0,0,0,0,0,0,0,0,0,0,0,0,0,224.726,0,157.698,-391.592
"MtrElec",11,30,13,"",0,0,0,0,0,0,0,0,0,0,0,0,0,0,0,0,0,0,0,0,0,245.282,0,135.253,-380.536
"MtrElec",11,30,14,"",-102.417,0,0,0,0,0,0,0,0,0,0,0,0,0,0,0,0,0,0,0,0,137.104,0,90.5296,-330.051
"MtrElec",11,30,15,"",-78.6888,0,0,0,0,0,0,0,0,0,0,0,0,0,0,0,0,0,0,0,0,176.356,0,0,-255.045
"MtrElec",11,30,16,"",44.3753,0,0,0,0,0,0,0,0,0,0,0,0,0,0,0,0,0,0,0,0,189.617,0,0,-145.241
"MtrElec",11,30,17,"",142.263,0,0,0,0,0,0,0,0,0,0,0,0,0,0,0,0,0,0,0,0,169.854,0,0,-27.5909
"MtrElec",11,30,18,"",250.374,0,0,0,0,0,0,0,0,0,0,0,0,0,0,0,0,0,0,0,0,250.374,0,0,0
"MtrElec",11,30,19,"",165.895,0,0,0,0,0,0,0,0,0,0,0,0,0,0,0,0,0,0,0,0,323.593,0,-157.698,0
"MtrElec",11,30,20,"",111.934,0,0,0,0,0,0,0,0,0,0,0,0,0,0,0,0,0,0,0,0,269.632,0,-157.698,0
"MtrElec",11,30,21,"",118.812,0,0,0,0,0,0,0,0,0,0,0,0,0,0,0,0,0,0,0,0,276.51,0,-157.698,0
"MtrElec",11,30,22,"",163.003,0,0,0,0,0,0,0,0,0,0,0,0,0,0,0,0,0,0,0,0,220.926,0,-57.9237,0
"MtrElec",11,30,23,"",238.731,0,0,0,0,0,0,0,0,0,0,0,0,0,0,0,0,0,0,0,0,238.731,0,0,0
"MtrElec",11,30,24,"",182.662,0,0,0,0,0,0,0,0,0,0,0,0,0,0,0,0,0,0,0,0,182.662,0,0,0
"MtrElec",12,1,1,"",146.763,0,0,0,0,0,0,0,0,0,0,0,0,0,0,0,0,0,0,0,0,146.763,0,0,0
"MtrElec",12,1,2,"",118.062,0,0,0,0,0,0,0,0,0,0,0,0,0,0,0,0,0,0,0,0,118.062,0,0,0
"MtrElec",12,1,3,"",107.807,0,0,0,0,0,0,0,0,0,0,0,0,0,0,0,0,0,0,0,0,107.807,0,0,0
"MtrElec",12,1,4,"",122.621,0,0,0,0,0,0,0,0,0,0,0,0,0,0,0,0,0,0,0,0,122.621,0,0,0
"MtrElec",12,1,5,"",128.227,0,0,0,0,0,0,0,0,0,0,0,0,0,0,0,0,0,0,0,0,128.227,0,0,0
"MtrElec",12,1,6,"",162.002,0,0,0,0,0,0,0,0,0,0,0,0,0,0,0,0,0,0,0,0,162.002,0,0,0
"MtrElec",12,1,7,"",332.828,0,0,0,0,0,0,0,0,0,0,0,0,0,0,0,0,0,0,0,0,332.828,0,0,0
"MtrElec",12,1,8,"",102.399,0,0,0,0,0,0,0,0,0,0,0,0,0,0,0,0,0,0,0,0,215.979,0,0,-113.58
"MtrElec",12,1,9,"",6.33466,0,0,0,0,0,0,0,0,0,0,0,0,0,0,0,0,0,0,0,0,247.342,0,0,-241.008
"MtrElec",12,1,10,"",0,0,0,0,0,0,0,0,0,0,0,0,0,0,0,0,0,0,0,0,0,215.904,0,113.328,-329.232
"MtrElec",12,1,11,"",0,0,0,0,0,0,0,0,0,0,0,0,0,0,0,0,0,0,0,0,0,251.489,0,135.628,-387.116
"MtrElec",12,1,12,"",-98.0729,0,0,0,0,0,0,0,0,0,0,0,0,0,0,0,0,0,0,0,0,159.593,0,157.698,-415.364
"MtrElec",12,1,13,"",-19.499,0,0,0,0,0,0,0,0,0,0,0,0,0,0,0,0,0,0,0,0,230.575,0,157.698,-407.772
"MtrElec",12,1,14,"",-176.272,0,0,0,0,0,0,0,0,0,0,0,0,0,0,0,0,0,0,0,0,160.475,0,24.0336,-360.781
"MtrElec",12,1,15,"",-133.935,0,0,0,0,0,0,0,0,0,0,0,0,0,0,0,0,0,0,0,0,143.814,0,0,-277.749
"MtrElec",12,1,16,"",37.4877,0,0,0,0,0,0,0,0,0,0,0,0,0,0,0,0,0,0,0,0,196.495,0,0,-159.008
"MtrElec",12,1,17,"",152.371,0,0,0,0,0,0,0,0,0,0,0,0,0,0,0,0,0,0,0,0,183.069,0,0,-30.698
"MtrElec",12,1,18,"",243.453,0,0,0,0,0,0,0,0,0,0,0,0,0,0,0,0,0,0,0,0,243.453,0,0,0
"MtrElec",12,1,19,"",143.884,0,0,0,0,0,0,0,0,0,0,0,0,0,0,0,0,0,0,0,0,301.582,0,-157.698,0
"MtrElec",12,1,20,"",98.8213,0,0,0,0,0,0,0,0,0,0,0,0,0,0,0,0,0,0,0,0,256.519,0,-157.698,0
"MtrElec",12,1,21,"",159.738,0,0,0,0,0,0,0,0,0,0,0,0,0,0,0,0,0,0,0,0,317.436,0,-157.698,0
"MtrElec",12,1,22,"",151.906,0,0,0,0,0,0,0,0,0,0,0,0,0,0,0,0,0,0,0,0,209.829,0,-57.9237,0
"MtrElec",12,1,23,"",209.724,0,0,0,0,0,0,0,0,0,0,0,0,0,0,0,0,0,0,0,0,209.724,0,0,0
"MtrElec",12,1,24,"",147.695,0,0,0,0,0,0,0,0,0,0,0,0,0,0,0,0,0,0,0,0,147.695,0,0,0
"MtrElec",12,2,1,"",175.175,0,0,0,0,0,0,0,0,0,0,0,0,0,0,0,0,0,0,0,0,175.175,0,0,0
"MtrElec",12,2,2,"",126.579,0,0,0,0,0,0,0,0,0,0,0,0,0,0,0,0,0,0,0,0,126.579,0,0,0
"MtrElec",12,2,3,"",120.708,0,0,0,0,0,0,0,0,0,0,0,0,0,0,0,0,0,0,0,0,120.708,0,0,0
"MtrElec",12,2,4,"",130.702,0,0,0,0,0,0,0,0,0,0,0,0,0,0,0,0,0,0,0,0,130.702,0,0,0
"MtrElec",12,2,5,"",130.425,0,0,0,0,0,0,0,0,0,0,0,0,0,0,0,0,0,0,0,0,130.425,0,0,0
"MtrElec",12,2,6,"",172.969,0,0,0,0,0,0,0,0,0,0,0,0,0,0,0,0,0,0,0,0,172.969,0,0,0
"MtrElec",12,2,7,"",332.09,0,0,0,0,0,0,0,0,0,0,0,0,0,0,0,0,0,0,0,0,332.09,0,0,0
"MtrElec",12,2,8,"",165.449,0,0,0,0,0,0,0,0,0,0,0,0,0,0,0,0,0,0,0,0,271.459,0,0,-106.01
"MtrElec",12,2,9,"",42.1595,0,0,0,0,0,0,0,0,0,0,0,0,0,0,0,0,0,0,0,0,277.808,0,0,-235.648
"MtrElec",12,2,10,"",0,0,0,0,0,0,0,0,0,0,0,0,0,0,0,0,0,0,0,0,0,227.382,0,106.511,-333.893
"MtrElec",12,2,11,"",0,0,0,0,0,0,0,0,0,0,0,0,0,0,0,0,0,0,0,0,0,239.809,0,154.169,-393.978
"MtrElec",12,2,12,"",-34.0382,0,0,0,0,0,0,0,0,0,0,0,0,0,0,0,0,0,0,0,0,228.66,0,157.698,-420.396
"MtrElec",12,2,13,"",-7.57641,0,0,0,0,0,0,0,0,0,0,0,0,0,0,0,0,0,0,0,0,245.12,0,157.698,-410.394
"MtrElec",12,2,14,"",-196.17,0,0,0,0,0,0,0,0,0,0,0,0,0,0,0,0,0,0,0,0,153.172,0,12.3089,-361.651
"MtrElec",12,2,15,"",-111.747,0,0,0,0,0,0,0,0,0,0,0,0,0,0,0,0,0,0,0,0,166.752,0,0,-278.499
"MtrElec",12,2,16,"",27.3673,0,0,0,0,0,0,0,0,0,0,0,0,0,0,0,0,0,0,0,0,184.901,0,0,-157.534
"MtrElec",12,2,17,"",159.388,0,0,0,0,0,0,0,0,0,0,0,0,0,0,0,0,0,0,0,0,189.04,0,0,-29.652
"MtrElec",12,2,18,"",256.089,0,0,0,0,0,0,0,0,0,0,0,0,0,0,0,0,0,0,0,0,256.089,0,0,0
"MtrElec",12,2,19,"",138.588,0,0,0,0,0,0,0,0,0,0,0,0,0,0,0,0,0,0,0,0,296.286,0,-157.698,0
"MtrElec",12,2,20,"",91.5042,0,0,0,0,0,0,0,0,0,0,0,0,0,0,0,0,0,0,0,0,249.202,0,-157.698,0
"MtrElec",12,2,21,"",103.03,0,0,0,0,0,0,0,0,0,0,0,0,0,0,0,0,0,0,0,0,260.728,0,-157.698,0
"MtrElec",12,2,22,"",184.078,0,0,0,0,0,0,0,0,0,0,0,0,0,0,0,0,0,0,0,0,242.002,0,-57.9237,0
"MtrElec",12,2,23,"",251.383,0,0,0,0,0,0,0,0,0,0,0,0,0,0,0,0,0,0,0,0,251.383,0,0,0
"MtrElec",12,2,24,"",165.898,0,0,0,0,0,0,0,0,0,0,0,0,0,0,0,0,0,0,0,0,165.898,0,0,0
"MtrElec",12,3,1,"",184.41,0,0,0,0,0,0,0,0,0,0,0,0,0,0,0,0,0,0,0,0,184.41,0,0,0
"MtrElec",12,3,2,"",118.928,0,0,0,0,0,0,0,0,0,0,0,0,0,0,0,0,0,0,0,0,118.928,0,0,0
"MtrElec",12,3,3,"",106.16,0,0,0,0,0,0,0,0,0,0,0,0,0,0,0,0,0,0,0,0,106.16,0,0,0
"MtrElec",12,3,4,"",118.134,0,0,0,0,0,0,0,0,0,0,0,0,0,0,0,0,0,0,0,0,118.134,0,0,0
"MtrElec",12,3,5,"",111.568,0,0,0,0,0,0,0,0,0,0,0,0,0,0,0,0,0,0,0,0,111.568,0,0,0
"MtrElec",12,3,6,"",160.171,0,0,0,0,0,0,0,0,0,0,0,0,0,0,0,0,0,0,0,0,160.171,0,0,0
"MtrElec",12,3,7,"",205.255,0,0,0,0,0,0,0,0,0,0,0,0,0,0,0,0,0,0,0,0,205.255,0,0,0
"MtrElec",12,3,8,"",151.823,0,0,0,0,0,0,0,0,0,0,0,0,0,0,0,0,0,0,0,0,259.878,0,0,-108.056
"MtrElec",12,3,9,"",61.0168,0,0,0,0,0,0,0,0,0,0,0,0,0,0,0,0,0,0,0,0,297.332,0,0,-236.316
"MtrElec",12,3,10,"",0.0000078,0,0,0,0,0,0,0,0,0,0,0,0,0,0,0,0,0,0,0,0,268.997,0,66.6443,-335.641
"MtrElec",12,3,11,"",-20.5425,0,0,0,0,0,0,0,0,0,0,0,0,0,0,0,0,0,0,0,0,217.601,0,157.698,-395.842
"MtrElec",12,3,12,"",-64.058,0,0,0,0,0,0,0,0,0,0,0,0,0,0,0,0,0,0,0,0,199.224,0,157.698,-420.98
"MtrElec",12,3,13,"",0,0,0,0,0,0,0,0,0,0,0,0,0,0,0,0,0,0,0,0,0,261.046,0,146.836,-407.882
"MtrElec",12,3,14,"",-150.34,0,0,0,0,0,0,0,0,0,0,0,0,0,0,0,0,0,0,0,0,148.257,0,59.5087,-358.106
"MtrElec",12,3,15,"",-122.612,0,0,0,0,0,0,0,0,0,0,0,0,0,0,0,0,0,0,0,0,153.415,0,0,-276.027
"MtrElec",12,3,16,"",19.7445,0,0,0,0,0,0,0,0,0,0,0,0,0,0,0,0,0,0,0,0,177.175,0,0,-157.431
"MtrElec",12,3,17,"",179.392,0,0,0,0,0,0,0,0,0,0,0,0,0,0,0,0,0,0,0,0,209.99,0,0,-30.5982
"MtrElec",12,3,18,"",230.535,0,0,0,0,0,0,0,0,0,0,0,0,0,0,0,0,0,0,0,0,230.535,0,0,0
"MtrElec",12,3,19,"",166.179,0,0,0,0,0,0,0,0,0,0,0,0,0,0,0,0,0,0,0,0,323.877,0,-157.698,0
"MtrElec",12,3,20,"",129.658,0,0,0,0,0,0,0,0,0,0,0,0,0,0,0,0,0,0,0,0,287.356,0,-157.698,0
"MtrElec",12,3,21,"",128.669,0,0,0,0,0,0,0,0,0,0,0,0,0,0,0,0,0,0,0,0,286.367,0,-157.698,0
"MtrElec",12,3,22,"",177.301,0,0,0,0,0,0,0,0,0,0,0,0,0,0,0,0,0,0,0,0,235.224,0,-57.9237,0
"MtrElec",12,3,23,"",237.232,0,0,0,0,0,0,0,0,0,0,0,0,0,0,0,0,0,0,0,0,237.232,0,0,0
"MtrElec",12,3,24,"",187.939,0,0,0,0,0,0,0,0,0,0,0,0,0,0,0,0,0,0,0,0,187.939,0,0,0
"MtrElec",12,4,1,"",133.47,0,0,0,0,0,0,0,0,0,0,0,0,0,0,0,0,0,0,0,0,133.47,0,0,0
"MtrElec",12,4,2,"",120.316,0,0,0,0,0,0,0,0,0,0,0,0,0,0,0,0,0,0,0,0,120.316,0,0,0
"MtrElec",12,4,3,"",108.54,0,0,0,0,0,0,0,0,0,0,0,0,0,0,0,0,0,0,0,0,108.54,0,0,0
"MtrElec",12,4,4,"",126.476,0,0,0,0,0,0,0,0,0,0,0,0,0,0,0,0,0,0,0,0,126.476,0,0,0
"MtrElec",12,4,5,"",219.413,0,0,0,0,0,0,0,0,0,0,0,0,0,0,0,0,0,0,0,0,219.413,0,0,0
"MtrElec",12,4,6,"",126.509,0,0,0,0,0,0,0,0,0,0,0,0,0,0,0,0,0,0,0,0,126.509,0,0,0
"MtrElec",12,4,7,"",279.102,0,0,0,0,0,0,0,0,0,0,0,0,0,0,0,0,0,0,0,0,279.102,0,0,0
"MtrElec",12,4,8,"",218.335,0,0,0,0,0,0,0,0,0,0,0,0,0,0,0,0,0,0,0,0,318.539,0,0,-100.204
"MtrElec",12,4,9,"",85.2151,0,0,0,0,0,0,0,0,0,0,0,0,0,0,0,0,0,0,0,0,306.151,0,0,-220.936
"MtrElec",12,4,10,"",0.0000005,0,0,0,0,0,0,0,0,0,0,0,0,0,0,0,0,0,0,0,0,303.926,0,7.89716,-311.823
"MtrElec",12,4,11,"",0,0,0,0,0,0,0,0,0,0,0,0,0,0,0,0,0,0,0,0,0,325.496,0,47.2217,-372.718
"MtrElec",12,4,12,"",0,0,0,0,0,0,0,0,0,0,0,0,0,0,0,0,0,0,0,0,0,220.382,0,121.215,-341.597
"MtrElec",12,4,13,"",67.3166,0,0,0,0,0,0,0,0,0,0,0,0,0,0,0,0,0,0,0,0,249.369,0,0,-182.052
"MtrElec",12,4,14,"",0,0,0,0,0,0,0,0,0,0,0,0,0,0,0,0,0,0,0,0,0,125.385,0,51.5406,-176.925
"MtrElec",12,4,15,"",98.4351,0,0,0,0,0,0,0,0,0,0,0,0,0,0,0,0,0,0,0,0,172.128,0,0,-73.693
"MtrElec",12,4,16,"",140.48,0,0,0,0,0,0,0,0,0,0,0,0,0,0,0,0,0,0,0,0,155.276,0,0,-14.7964
"MtrElec",12,4,17,"",212.658,0,0,0,0,0,0,0,0,0,0,0,0,0,0,0,0,0,0,0,0,212.658,0,0,0
"MtrElec",12,4,18,"",231.167,0,0,0,0,0,0,0,0,0,0,0,0,0,0,0,0,0,0,0,0,231.167,0,0,0
"MtrElec",12,4,19,"",91.5193,0,0,0,0,0,0,0,0,0,0,0,0,0,0,0,0,0,0,0,0,249.217,0,-157.698,0
"MtrElec",12,4,20,"",268.431,0,0,0,0,0,0,0,0,0,0,0,0,0,0,0,0,0,0,0,0,316.39,0,-47.9586,0
"MtrElec",12,4,21,"",300.024,0,0,0,0,0,0,0,0,0,0,0,0,0,0,0,0,0,0,0,0,300.024,0,0,0
"MtrElec",12,4,22,"",268.325,0,0,0,0,0,0,0,0,0,0,0,0,0,0,0,0,0,0,0,0,268.325,0,0,0
"MtrElec",12,4,23,"",263.541,0,0,0,0,0,0,0,0,0,0,0,0,0,0,0,0,0,0,0,0,263.541,0,0,0
"MtrElec",12,4,24,"",195.415,0,0,0,0,0,0,0,0,0,0,0,0,0,0,0,0,0,0,0,0,195.415,0,0,0
"MtrElec",12,5,1,"",122.565,0,0,0,0,0,0,0,0,0,0,0,0,0,0,0,0,0,0,0,0,122.565,0,0,0
"MtrElec",12,5,2,"",136.143,0,0,0,0,0,0,0,0,0,0,0,0,0,0,0,0,0,0,0,0,136.143,0,0,0
"MtrElec",12,5,3,"",148.605,0,0,0,0,0,0,0,0,0,0,0,0,0,0,0,0,0,0,0,0,148.605,0,0,0
"MtrElec",12,5,4,"",106.954,0,0,0,0,0,0,0,0,0,0,0,0,0,0,0,0,0,0,0,0,106.954,0,0,0
"MtrElec",12,5,5,"",131.002,0,0,0,0,0,0,0,0,0,0,0,0,0,0,0,0,0,0,0,0,131.002,0,0,0
"MtrElec",12,5,6,"",163.609,0,0,0,0,0,0,0,0,0,0,0,0,0,0,0,0,0,0,0,0,163.609,0,0,0
"MtrElec",12,5,7,"",127.64,0,0,0,0,0,0,0,0,0,0,0,0,0,0,0,0,0,0,0,0,127.64,0,0,0
"MtrElec",12,5,8,"",190.127,0,0,0,0,0,0,0,0,0,0,0,0,0,0,0,0,0,0,0,0,194.931,0,0,-4.80446
"MtrElec",12,5,9,"",188.611,0,0,0,0,0,0,0,0,0,0,0,0,0,0,0,0,0,0,0,0,211.777,0,0,-23.1651
"MtrElec",12,5,10,"",237.1,0,0,0,0,0,0,0,0,0,0,0,0,0,0,0,0,0,0,0,0,263.284,0,0,-26.1848
"MtrElec",12,5,11,"",240.467,0,0,0,0,0,0,0,0,0,0,0,0,0,0,0,0,0,0,0,0,293.069,0,0,-52.6025
"MtrElec",12,5,12,"",139.958,0,0,0,0,0,0,0,0,0,0,0,0,0,0,0,0,0,0,0,0,237.4,0,0,-97.4422
"MtrElec",12,5,13,"",222.068,0,0,0,0,0,0,0,0,0,0,0,0,0,0,0,0,0,0,0,0,277.346,0,0,-55.2781
"MtrElec",12,5,14,"",188.408,0,0,0,0,0,0,0,0,0,0,0,0,0,0,0,0,0,0,0,0,216.964,0,0,-28.5568
"MtrElec",12,5,15,"",185.55,0,0,0,0,0,0,0,0,0,0,0,0,0,0,0,0,0,0,0,0,219.064,0,0,-33.5149
"MtrElec",12,5,16,"",189.337,0,0,0,0,0,0,0,0,0,0,0,0,0,0,0,0,0,0,0,0,198.008,0,0,-8.67064
"MtrElec",12,5,17,"",190.15,0,0,0,0,0,0,0,0,0,0,0,0,0,0,0,0,0,0,0,0,190.15,0,0,0
"MtrElec",12,5,18,"",294.436,0,0,0,0,0,0,0,0,0,0,0,0,0,0,0,0,0,0,0,0,294.436,0,0,0
"MtrElec",12,5,19,"",313.41,0,0,0,0,0,0,0,0,0,0,0,0,0,0,0,0,0,0,0,0,313.41,0,0,0
"MtrElec",12,5,20,"",360.83,0,0,0,0,0,0,0,0,0,0,0,0,0,0,0,0,0,0,0,0,360.83,0,0,0
"MtrElec",12,5,21,"",292.81,0,0,0,0,0,0,0,0,0,0,0,0,0,0,0,0,0,0,0,0,292.81,0,0,0
"MtrElec",12,5,22,"",353.986,0,0,0,0,0,0,0,0,0,0,0,0,0,0,0,0,0,0,0,0,353.986,0,0,0
"MtrElec",12,5,23,"",235.634,0,0,0,0,0,0,0,0,0,0,0,0,0,0,0,0,0,0,0,0,235.634,0,0,0
"MtrElec",12,5,24,"",321.604,0,0,0,0,0,0,0,0,0,0,0,0,0,0,0,0,0,0,0,0,321.604,0,0,0
"MtrElec",12,6,1,"",178.583,0,0,0,0,0,0,0,0,0,0,0,0,0,0,0,0,0,0,0,0,178.583,0,0,0
"MtrElec",12,6,2,"",139.717,0,0,0,0,0,0,0,0,0,0,0,0,0,0,0,0,0,0,0,0,139.717,0,0,0
"MtrElec",12,6,3,"",129.179,0,0,0,0,0,0,0,0,0,0,0,0,0,0,0,0,0,0,0,0,129.179,0,0,0
"MtrElec",12,6,4,"",149.865,0,0,0,0,0,0,0,0,0,0,0,0,0,0,0,0,0,0,0,0,149.865,0,0,0
"MtrElec",12,6,5,"",164.222,0,0,0,0,0,0,0,0,0,0,0,0,0,0,0,0,0,0,0,0,164.222,0,0,0
"MtrElec",12,6,6,"",138.585,0,0,0,0,0,0,0,0,0,0,0,0,0,0,0,0,0,0,0,0,138.585,0,0,0
"MtrElec",12,6,7,"",299.067,0,0,0,0,0,0,0,0,0,0,0,0,0,0,0,0,0,0,0,0,299.067,0,0,0
"MtrElec",12,6,8,"",93.7331,0,0,0,0,0,0,0,0,0,0,0,0,0,0,0,0,0,0,0,0,197.357,0,0,-103.624
"MtrElec",12,6,9,"",192.32,0,0,0,0,0,0,0,0,0,0,0,0,0,0,0,0,0,0,0,0,290.487,0,0,-98.1677
"MtrElec",12,6,10,"",22.0664,0,0,0,0,0,0,0,0,0,0,0,0,0,0,0,0,0,0,0,0,291.647,0,0,-269.581
"MtrElec",12,6,11,"",91.9529,0,0,0,0,0,0,0,0,0,0,0,0,0,0,0,0,0,0,0,0,277.553,0,0,-185.6
"MtrElec",12,6,12,"",219.983,0,0,0,0,0,0,0,0,0,0,0,0,0,0,0,0,0,0,0,0,268.509,0,0,-48.526
"MtrElec",12,6,13,"",112.801,0,0,0,0,0,0,0,0,0,0,0,0,0,0,0,0,0,0,0,0,288.447,0,0,-175.646
"MtrElec",12,6,14,"",206.584,0,0,0,0,0,0,0,0,0,0,0,0,0,0,0,0,0,0,0,0,261.309,0,0,-54.7249
"MtrElec",12,6,15,"",161.637,0,0,0,0,0,0,0,0,0,0,0,0,0,0,0,0,0,0,0,0,202.105,0,0,-40.468
"MtrElec",12,6,16,"",195.559,0,0,0,0,0,0,0,0,0,0,0,0,0,0,0,0,0,0,0,0,240.132,0,0,-44.5729
"MtrElec",12,6,17,"",222.649,0,0,0,0,0,0,0,0,0,0,0,0,0,0,0,0,0,0,0,0,233.061,0,0,-10.4117
"MtrElec",12,6,18,"",229.868,0,0,0,0,0,0,0,0,0,0,0,0,0,0,0,0,0,0,0,0,229.868,0,0,0
"MtrElec",12,6,19,"",377.212,0,0,0,0,0,0,0,0,0,0,0,0,0,0,0,0,0,0,0,0,377.212,0,0,0
"MtrElec",12,6,20,"",361.486,0,0,0,0,0,0,0,0,0,0,0,0,0,0,0,0,0,0,0,0,361.486,0,0,0
"MtrElec",12,6,21,"",295.24,0,0,0,0,0,0,0,0,0,0,0,0,0,0,0,0,0,0,0,0,295.24,0,0,0
"MtrElec",12,6,22,"",346.967,0,0,0,0,0,0,0,0,0,0,0,0,0,0,0,0,0,0,0,0,346.967,0,0,0
"MtrElec",12,6,23,"",186.414,0,0,0,0,0,0,0,0,0,0,0,0,0,0,0,0,0,0,0,0,186.414,0,0,0
"MtrElec",12,6,24,"",205.726,0,0,0,0,0,0,0,0,0,0,0,0,0,0,0,0,0,0,0,0,205.726,0,0,0
"MtrElec",12,7,1,"",138.25,0,0,0,0,0,0,0,0,0,0,0,0,0,0,0,0,0,0,0,0,138.25,0,0,0
"MtrElec",12,7,2,"",149.4,0,0,0,0,0,0,0,0,0,0,0,0,0,0,0,0,0,0,0,0,149.4,0,0,0
"MtrElec",12,7,3,"",153.407,0,0,0,0,0,0,0,0,0,0,0,0,0,0,0,0,0,0,0,0,153.407,0,0,0
"MtrElec",12,7,4,"",152.009,0,0,0,0,0,0,0,0,0,0,0,0,0,0,0,0,0,0,0,0,152.009,0,0,0
"MtrElec",12,7,5,"",148.3,0,0,0,0,0,0,0,0,0,0,0,0,0,0,0,0,0,0,0,0,148.3,0,0,0
"MtrElec",12,7,6,"",317.528,0,0,0,0,0,0,0,0,0,0,0,0,0,0,0,0,0,0,0,0,317.528,0,0,0
"MtrElec",12,7,7,"",184.261,0,0,0,0,0,0,0,0,0,0,0,0,0,0,0,0,0,0,0,0,184.261,0,0,0
"MtrElec",12,7,8,"",254.575,0,0,0,0,0,0,0,0,0,0,0,0,0,0,0,0,0,0,0,0,284.043,0,0,-29.4676
"MtrElec",12,7,9,"",220.818,0,0,0,0,0,0,0,0,0,0,0,0,0,0,0,0,0,0,0,0,299.666,0,0,-78.8473
"MtrElec",12,7,10,"",108.557,0,0,0,0,0,0,0,0,0,0,0,0,0,0,0,0,0,0,0,0,279.808,0,0,-171.252
"MtrElec",12,7,11,"",100.637,0,0,0,0,0,0,0,0,0,0,0,0,0,0,0,0,0,0,0,0,241.415,0,0,-140.778
"MtrElec",12,7,12,"",168.862,0,0,0,0,0,0,0,0,0,0,0,0,0,0,0,0,0,0,0,0,265.285,0,0,-96.4236
"MtrElec",12,7,13,"",52.8208,0,0,0,0,0,0,0,0,0,0,0,0,0,0,0,0,0,0,0,0,223.604,0,0,-170.783
"MtrElec",12,7,14,"",8.68606,0,0,0,0,0,0,0,0,0,0,0,0,0,0,0,0,0,0,0,0,180.453,0,0,-171.767
"MtrElec",12,7,15,"",58.8247,0,0,0,0,0,0,0,0,0,0,0,0,0,0,0,0,0,0,0,0,139.926,0,0,-81.1014
"MtrElec",12,7,16,"",166.596,0,0,0,0,0,0,0,0,0,0,0,0,0,0,0,0,0,0,0,0,186.21,0,0,-19.6146
"MtrElec",12,7,17,"",197.428,0,0,0,0,0,0,0,0,0,0,0,0,0,0,0,0,0,0,0,0,197.428,0,0,0
"MtrElec",12,7,18,"",206.315,0,0,0,0,0,0,0,0,0,0,0,0,0,0,0,0,0,0,0,0,206.315,0,0,0
"MtrElec",12,7,19,"",279.108,0,0,0,0,0,0,0,0,0,0,0,0,0,0,0,0,0,0,0,0,279.108,0,0,0
"MtrElec",12,7,20,"",271.869,0,0,0,0,0,0,0,0,0,0,0,0,0,0,0,0,0,0,0,0,271.869,0,0,0
"MtrElec",12,7,21,"",308.721,0,0,0,0,0,0,0,0,0,0,0,0,0,0,0,0,0,0,0,0,308.721,0,0,0
"MtrElec",12,7,22,"",246.738,0,0,0,0,0,0,0,0,0,0,0,0,0,0,0,0,0,0,0,0,246.738,0,0,0
"MtrElec",12,7,23,"",241.049,0,0,0,0,0,0,0,0,0,0,0,0,0,0,0,0,0,0,0,0,241.049,0,0,0
"MtrElec",12,7,24,"",143.893,0,0,0,0,0,0,0,0,0,0,0,0,0,0,0,0,0,0,0,0,143.893,0,0,0
"MtrElec",12,8,1,"",141.494,0,0,0,0,0,0,0,0,0,0,0,0,0,0,0,0,0,0,0,0,141.494,0,0,0
"MtrElec",12,8,2,"",125.261,0,0,0,0,0,0,0,0,0,0,0,0,0,0,0,0,0,0,0,0,125.261,0,0,0
"MtrElec",12,8,3,"",157.175,0,0,0,0,0,0,0,0,0,0,0,0,0,0,0,0,0,0,0,0,157.175,0,0,0
"MtrElec",12,8,4,"",117.206,0,0,0,0,0,0,0,0,0,0,0,0,0,0,0,0,0,0,0,0,117.206,0,0,0
"MtrElec",12,8,5,"",121.343,0,0,0,0,0,0,0,0,0,0,0,0,0,0,0,0,0,0,0,0,121.343,0,0,0
"MtrElec",12,8,6,"",114.895,0,0,0,0,0,0,0,0,0,0,0,0,0,0,0,0,0,0,0,0,114.895,0,0,0
"MtrElec",12,8,7,"",242.954,0,0,0,0,0,0,0,0,0,0,0,0,0,0,0,0,0,0,0,0,242.954,0,0,0
"MtrElec",12,8,8,"",202.27,0,0,0,0,0,0,0,0,0,0,0,0,0,0,0,0,0,0,0,0,259.711,0,0,-57.4414
"MtrElec",12,8,9,"",187.358,0,0,0,0,0,0,0,0,0,0,0,0,0,0,0,0,0,0,0,0,289.987,0,0,-102.629
"MtrElec",12,8,10,"",7.27758,0,0,0,0,0,0,0,0,0,0,0,0,0,0,0,0,0,0,0,0,259.075,0,0,-251.797
"MtrElec",12,8,11,"",86.8055,0,0,0,0,0,0,0,0,0,0,0,0,0,0,0,0,0,0,0,0,225.521,0,0,-138.715
"MtrElec",12,8,12,"",108.95,0,0,0,0,0,0,0,0,0,0,0,0,0,0,0,0,0,0,0,0,225.947,0,0,-116.997
"MtrElec",12,8,13,"",49.3633,0,0,0,0,0,0,0,0,0,0,0,0,0,0,0,0,0,0,0,0,194.455,0,0,-145.092
"MtrElec",12,8,14,"",0,0,0,0,0,0,0,0,0,0,0,0,0,0,0,0,0,0,0,0,0,157.627,0,133.233,-290.86
"MtrElec",12,8,15,"",0,0,0,0,0,0,0,0,0,0,0,0,0,0,0,0,0,0,0,0,0,171.996,0,71.6777,-243.674
"MtrElec",12,8,16,"",43.7239,0,0,0,0,0,0,0,0,0,0,0,0,0,0,0,0,0,0,0,0,179.448,0,0,-135.724
"MtrElec",12,8,17,"",205.638,0,0,0,0,0,0,0,0,0,0,0,0,0,0,0,0,0,0,0,0,223.719,0,0,-18.0814
"MtrElec",12,8,18,"",221.405,0,0,0,0,0,0,0,0,0,0,0,0,0,0,0,0,0,0,0,0,221.405,0,0,0
"MtrElec",12,8,19,"",144.469,0,0,0,0,0,0,0,0,0,0,0,0,0,0,0,0,0,0,0,0,302.166,0,-157.698,0
"MtrElec",12,8,20,"",253.474,0,0,0,0,0,0,0,0,0,0,0,0,0,0,0,0,0,0,0,0,280.707,0,-27.2336,0
"MtrElec",12,8,21,"",302.96,0,0,0,0,0,0,0,0,0,0,0,0,0,0,0,0,0,0,0,0,302.96,0,0,0
"MtrElec",12,8,22,"",272.985,0,0,0,0,0,0,0,0,0,0,0,0,0,0,0,0,0,0,0,0,272.985,0,0,0
"MtrElec",12,8,23,"",230.451,0,0,0,0,0,0,0,0,0,0,0,0,0,0,0,0,0,0,0,0,230.451,0,0,0
"MtrElec",12,8,24,"",166.234,0,0,0,0,0,0,0,0,0,0,0,0,0,0,0,0,0,0,0,0,166.234,0,0,0
"MtrElec",12,9,1,"",128.997,0,0,0,0,0,0,0,0,0,0,0,0,0,0,0,0,0,0,0,0,128.997,0,0,0
"MtrElec",12,9,2,"",109.873,0,0,0,0,0,0,0,0,0,0,0,0,0,0,0,0,0,0,0,0,109.873,0,0,0
"MtrElec",12,9,3,"",110.126,0,0,0,0,0,0,0,0,0,0,0,0,0,0,0,0,0,0,0,0,110.126,0,0,0
"MtrElec",12,9,4,"",125.839,0,0,0,0,0,0,0,0,0,0,0,0,0,0,0,0,0,0,0,0,125.839,0,0,0
"MtrElec",12,9,5,"",108.953,0,0,0,0,0,0,0,0,0,0,0,0,0,0,0,0,0,0,0,0,108.953,0,0,0
"MtrElec",12,9,6,"",154.729,0,0,0,0,0,0,0,0,0,0,0,0,0,0,0,0,0,0,0,0,154.729,0,0,0
"MtrElec",12,9,7,"",159.034,0,0,0,0,0,0,0,0,0,0,0,0,0,0,0,0,0,0,0,0,159.034,0,0,0
"MtrElec",12,9,8,"",179.24,0,0,0,0,0,0,0,0,0,0,0,0,0,0,0,0,0,0,0,0,242.683,0,0,-63.443
"MtrElec",12,9,9,"",24.538,0,0,0,0,0,0,0,0,0,0,0,0,0,0,0,0,0,0,0,0,208.29,0,0,-183.752
"MtrElec",12,9,10,"",0.0000078,0,0,0,0,0,0,0,0,0,0,0,0,0,0,0,0,0,0,0,0,232.922,0,75.3571,-308.279
"MtrElec",12,9,11,"",0,0,0,0,0,0,0,0,0,0,0,0,0,0,0,0,0,0,0,0,0,236.503,0,124.507,-361.009
"MtrElec",12,9,12,"",-21.0504,0,0,0,0,0,0,0,0,0,0,0,0,0,0,0,0,0,0,0,0,205.699,0,157.698,-384.448
"MtrElec",12,9,13,"",-46.101,0,0,0,0,0,0,0,0,0,0,0,0,0,0,0,0,0,0,0,0,169.604,0,157.698,-373.403
"MtrElec",12,9,14,"",-98.1998,0,0,0,0,0,0,0,0,0,0,0,0,0,0,0,0,0,0,0,0,149.777,0,73.1252,-321.102
"MtrElec",12,9,15,"",-107.434,0,0,0,0,0,0,0,0,0,0,0,0,0,0,0,0,0,0,0,0,148.31,0,0,-255.744
"MtrElec",12,9,16,"",13.0396,0,0,0,0,0,0,0,0,0,0,0,0,0,0,0,0,0,0,0,0,162.107,0,0,-149.067
"MtrElec",12,9,17,"",191.341,0,0,0,0,0,0,0,0,0,0,0,0,0,0,0,0,0,0,0,0,221.065,0,0,-29.7246
"MtrElec",12,9,18,"",232.606,0,0,0,0,0,0,0,0,0,0,0,0,0,0,0,0,0,0,0,0,232.606,0,0,0
"MtrElec",12,9,19,"",140.832,0,0,0,0,0,0,0,0,0,0,0,0,0,0,0,0,0,0,0,0,298.53,0,-157.698,0
"MtrElec",12,9,20,"",107.176,0,0,0,0,0,0,0,0,0,0,0,0,0,0,0,0,0,0,0,0,264.874,0,-157.698,0
"MtrElec",12,9,21,"",172.915,0,0,0,0,0,0,0,0,0,0,0,0,0,0,0,0,0,0,0,0,330.613,0,-157.698,0
"MtrElec",12,9,22,"",203.894,0,0,0,0,0,0,0,0,0,0,0,0,0,0,0,0,0,0,0,0,261.818,0,-57.9237,0
"MtrElec",12,9,23,"",170.489,0,0,0,0,0,0,0,0,0,0,0,0,0,0,0,0,0,0,0,0,170.489,0,0,0
"MtrElec",12,9,24,"",198.494,0,0,0,0,0,0,0,0,0,0,0,0,0,0,0,0,0,0,0,0,198.494,0,0,0
"MtrElec",12,10,1,"",115.566,0,0,0,0,0,0,0,0,0,0,0,0,0,0,0,0,0,0,0,0,115.566,0,0,0
"MtrElec",12,10,2,"",116.666,0,0,0,0,0,0,0,0,0,0,0,0,0,0,0,0,0,0,0,0,116.666,0,0,0
"MtrElec",12,10,3,"",112.745,0,0,0,0,0,0,0,0,0,0,0,0,0,0,0,0,0,0,0,0,112.745,0,0,0
"MtrElec",12,10,4,"",105.977,0,0,0,0,0,0,0,0,0,0,0,0,0,0,0,0,0,0,0,0,105.977,0,0,0
"MtrElec",12,10,5,"",111.502,0,0,0,0,0,0,0,0,0,0,0,0,0,0,0,0,0,0,0,0,111.502,0,0,0
"MtrElec",12,10,6,"",156.893,0,0,0,0,0,0,0,0,0,0,0,0,0,0,0,0,0,0,0,0,156.893,0,0,0
"MtrElec",12,10,7,"",201.128,0,0,0,0,0,0,0,0,0,0,0,0,0,0,0,0,0,0,0,0,201.128,0,0,0
"MtrElec",12,10,8,"",156.181,0,0,0,0,0,0,0,0,0,0,0,0,0,0,0,0,0,0,0,0,249.857,0,0,-93.6766
"MtrElec",12,10,9,"",47.3927,0,0,0,0,0,0,0,0,0,0,0,0,0,0,0,0,0,0,0,0,262.324,0,0,-214.931
"MtrElec",12,10,10,"",0.0000078,0,0,0,0,0,0,0,0,0,0,0,0,0,0,0,0,0,0,0,0,237.662,0,70.9735,-308.636
"MtrElec",12,10,11,"",0.0000156,0,0,0,0,0,0,0,0,0,0,0,0,0,0,0,0,0,0,0,0,233.989,0,131.792,-365.781
"MtrElec",12,10,12,"",-0.651734,0,0,0,0,0,0,0,0,0,0,0,0,0,0,0,0,0,0,0,0,228.972,0,157.698,-387.322
"MtrElec",12,10,13,"",0,0,0,0,0,0,0,0,0,0,0,0,0,0,0,0,0,0,0,0,0,267.365,0,111.445,-378.811
"MtrElec",12,10,14,"",-44.7519,0,0,0,0,0,0,0,0,0,0,0,0,0,0,0,0,0,0,0,0,176.871,0,116.476,-338.099
"MtrElec",12,10,15,"",-102.04,0,0,0,0,0,0,0,0,0,0,0,0,0,0,0,0,0,0,0,0,158.741,0,0,-260.781
"MtrElec",12,10,16,"",24.9512,0,0,0,0,0,0,0,0,0,0,0,0,0,0,0,0,0,0,0,0,176.903,0,0,-151.952
"MtrElec",12,10,17,"",213.91,0,0,0,0,0,0,0,0,0,0,0,0,0,0,0,0,0,0,0,0,246.235,0,0,-32.3246
"MtrElec",12,10,18,"",244.254,0,0,0,0,0,0,0,0,0,0,0,0,0,0,0,0,0,0,0,0,244.254,0,0,0
"MtrElec",12,10,19,"",193.445,0,0,0,0,0,0,0,0,0,0,0,0,0,0,0,0,0,0,0,0,351.143,0,-157.698,0
"MtrElec",12,10,20,"",135.669,0,0,0,0,0,0,0,0,0,0,0,0,0,0,0,0,0,0,0,0,293.367,0,-157.698,0
"MtrElec",12,10,21,"",135.639,0,0,0,0,0,0,0,0,0,0,0,0,0,0,0,0,0,0,0,0,293.337,0,-157.698,0
"MtrElec",12,10,22,"",195.063,0,0,0,0,0,0,0,0,0,0,0,0,0,0,0,0,0,0,0,0,252.987,0,-57.9237,0
"MtrElec",12,10,23,"",232.019,0,0,0,0,0,0,0,0,0,0,0,0,0,0,0,0,0,0,0,0,232.019,0,0,0
"MtrElec",12,10,24,"",131.067,0,0,0,0,0,0,0,0,0,0,0,0,0,0,0,0,0,0,0,0,131.067,0,0,0
"MtrElec",12,11,1,"",121.204,0,0,0,0,0,0,0,0,0,0,0,0,0,0,0,0,0,0,0,0,121.204,0,0,0
"MtrElec",12,11,2,"",111.37,0,0,0,0,0,0,0,0,0,0,0,0,0,0,0,0,0,0,0,0,111.37,0,0,0
"MtrElec",12,11,3,"",143.777,0,0,0,0,0,0,0,0,0,0,0,0,0,0,0,0,0,0,0,0,143.777,0,0,0
"MtrElec",12,11,4,"",117.395,0,0,0,0,0,0,0,0,0,0,0,0,0,0,0,0,0,0,0,0,117.395,0,0,0
"MtrElec",12,11,5,"",118.382,0,0,0,0,0,0,0,0,0,0,0,0,0,0,0,0,0,0,0,0,118.382,0,0,0
"MtrElec",12,11,6,"",104.421,0,0,0,0,0,0,0,0,0,0,0,0,0,0,0,0,0,0,0,0,104.421,0,0,0
"MtrElec",12,11,7,"",185.569,0,0,0,0,0,0,0,0,0,0,0,0,0,0,0,0,0,0,0,0,185.569,0,0,0
"MtrElec",12,11,8,"",154.973,0,0,0,0,0,0,0,0,0,0,0,0,0,0,0,0,0,0,0,0,250.441,0,0,-95.4678
"MtrElec",12,11,9,"",53.3428,0,0,0,0,0,0,0,0,0,0,0,0,0,0,0,0,0,0,0,0,267.657,0,0,-214.314
"MtrElec",12,11,10,"",0,0,0,0,0,0,0,0,0,0,0,0,0,0,0,0,0,0,0,0,0,212.015,0,87.519,-299.534
"MtrElec",12,11,11,"",0.0000078,0,0,0,0,0,0,0,0,0,0,0,0,0,0,0,0,0,0,0,0,216.266,0,128.017,-344.283
"MtrElec",12,11,12,"",-39.5926,0,0,0,0,0,0,0,0,0,0,0,0,0,0,0,0,0,0,0,0,173.129,0,157.698,-370.419
"MtrElec",12,11,13,"",-24.5782,0,0,0,0,0,0,0,0,0,0,0,0,0,0,0,0,0,0,0,0,177.157,0,157.698,-359.433
"MtrElec",12,11,14,"",-98.6745,0,0,0,0,0,0,0,0,0,0,0,0,0,0,0,0,0,0,0,0,157.188,0,57.453,-313.316
"MtrElec",12,11,15,"",-100.675,0,0,0,0,0,0,0,0,0,0,0,0,0,0,0,0,0,0,0,0,143.312,0,0,-243.988
"MtrElec",12,11,16,"",48.3432,0,0,0,0,0,0,0,0,0,0,0,0,0,0,0,0,0,0,0,0,193.323,0,0,-144.98
"MtrElec",12,11,17,"",198.508,0,0,0,0,0,0,0,0,0,0,0,0,0,0,0,0,0,0,0,0,229.841,0,0,-31.3338
"MtrElec",12,11,18,"",248.894,0,0,0,0,0,0,0,0,0,0,0,0,0,0,0,0,0,0,0,0,248.894,0,0,0
"MtrElec",12,11,19,"",83.2957,0,0,0,0,0,0,0,0,0,0,0,0,0,0,0,0,0,0,0,0,240.994,0,-157.698,0
"MtrElec",12,11,20,"",129.991,0,0,0,0,0,0,0,0,0,0,0,0,0,0,0,0,0,0,0,0,287.689,0,-157.698,0
"MtrElec",12,11,21,"",140.379,0,0,0,0,0,0,0,0,0,0,0,0,0,0,0,0,0,0,0,0,298.077,0,-157.698,0
"MtrElec",12,11,22,"",192.426,0,0,0,0,0,0,0,0,0,0,0,0,0,0,0,0,0,0,0,0,250.35,0,-57.9237,0
"MtrElec",12,11,23,"",249.419,0,0,0,0,0,0,0,0,0,0,0,0,0,0,0,0,0,0,0,0,249.419,0,0,0
"MtrElec",12,11,24,"",176.18,0,0,0,0,0,0,0,0,0,0,0,0,0,0,0,0,0,0,0,0,176.18,0,0,0
"MtrElec",12,12,1,"",130.725,0,0,0,0,0,0,0,0,0,0,0,0,0,0,0,0,0,0,0,0,130.725,0,0,0
"MtrElec",12,12,2,"",148.747,0,0,0,0,0,0,0,0,0,0,0,0,0,0,0,0,0,0,0,0,148.747,0,0,0
"MtrElec",12,12,3,"",112.824,0,0,0,0,0,0,0,0,0,0,0,0,0,0,0,0,0,0,0,0,112.824,0,0,0
"MtrElec",12,12,4,"",120.47,0,0,0,0,0,0,0,0,0,0,0,0,0,0,0,0,0,0,0,0,120.47,0,0,0
"MtrElec",12,12,5,"",141.801,0,0,0,0,0,0,0,0,0,0,0,0,0,0,0,0,0,0,0,0,141.801,0,0,0
"MtrElec",12,12,6,"",104.318,0,0,0,0,0,0,0,0,0,0,0,0,0,0,0,0,0,0,0,0,104.318,0,0,0
"MtrElec",12,12,7,"",175.474,0,0,0,0,0,0,0,0,0,0,0,0,0,0,0,0,0,0,0,0,175.474,0,0,0
"MtrElec",12,12,8,"",57.0636,0,0,0,0,0,0,0,0,0,0,0,0,0,0,0,0,0,0,0,0,146.925,0,0,-89.8614
"MtrElec",12,12,9,"",26.6777,0,0,0,0,0,0,0,0,0,0,0,0,0,0,0,0,0,0,0,0,234.583,0,0,-207.905
"MtrElec",12,12,10,"",0,0,0,0,0,0,0,0,0,0,0,0,0,0,0,0,0,0,0,0,0,257.22,0,38.7529,-295.973
"MtrElec",12,12,11,"",0.0000078,0,0,0,0,0,0,0,0,0,0,0,0,0,0,0,0,0,0,0,0,264.881,0,88.2615,-353.143
"MtrElec",12,12,12,"",0,0,0,0,0,0,0,0,0,0,0,0,0,0,0,0,0,0,0,0,0,238.486,0,146.063,-384.55
"MtrElec",12,12,13,"",0,0,0,0,0,0,0,0,0,0,0,0,0,0,0,0,0,0,0,0,0,301.547,0,74.4385,-375.986
"MtrElec",12,12,14,"",0,0,0,0,0,0,0,0,0,0,0,0,0,0,0,0,0,0,0,0,0,226.591,0,106.106,-332.697
"MtrElec",12,12,15,"",0,0,0,0,0,0,0,0,0,0,0,0,0,0,0,0,0,0,0,0,0,220.118,0,38.5846,-258.702
"MtrElec",12,12,16,"",40.7068,0,0,0,0,0,0,0,0,0,0,0,0,0,0,0,0,0,0,0,0,190.685,0,0,-149.979
"MtrElec",12,12,17,"",136.426,0,0,0,0,0,0,0,0,0,0,0,0,0,0,0,0,0,0,0,0,168.649,0,0,-32.2226
"MtrElec",12,12,18,"",233.199,0,0,0,0,0,0,0,0,0,0,0,0,0,0,0,0,0,0,0,0,233.199,0,0,0
"MtrElec",12,12,19,"",144.002,0,0,0,0,0,0,0,0,0,0,0,0,0,0,0,0,0,0,0,0,301.7,0,-157.698,0
"MtrElec",12,12,20,"",78.951,0,0,0,0,0,0,0,0,0,0,0,0,0,0,0,0,0,0,0,0,236.649,0,-157.698,0
"MtrElec",12,12,21,"",131.503,0,0,0,0,0,0,0,0,0,0,0,0,0,0,0,0,0,0,0,0,260.324,0,-128.821,0
"MtrElec",12,12,22,"",227.023,0,0,0,0,0,0,0,0,0,0,0,0,0,0,0,0,0,0,0,0,227.023,0,0,0
"MtrElec",12,12,23,"",194.691,0,0,0,0,0,0,0,0,0,0,0,0,0,0,0,0,0,0,0,0,194.691,0,0,0
"MtrElec",12,12,24,"",179.907,0,0,0,0,0,0,0,0,0,0,0,0,0,0,0,0,0,0,0,0,179.907,0,0,0
"MtrElec",12,13,1,"",154.013,0,0,0,0,0,0,0,0,0,0,0,0,0,0,0,0,0,0,0,0,154.013,0,0,0
"MtrElec",12,13,2,"",111.172,0,0,0,0,0,0,0,0,0,0,0,0,0,0,0,0,0,0,0,0,111.172,0,0,0
"MtrElec",12,13,3,"",111.463,0,0,0,0,0,0,0,0,0,0,0,0,0,0,0,0,0,0,0,0,111.463,0,0,0
"MtrElec",12,13,4,"",97.2576,0,0,0,0,0,0,0,0,0,0,0,0,0,0,0,0,0,0,0,0,97.2576,0,0,0
"MtrElec",12,13,5,"",114.86,0,0,0,0,0,0,0,0,0,0,0,0,0,0,0,0,0,0,0,0,114.86,0,0,0
"MtrElec",12,13,6,"",113.631,0,0,0,0,0,0,0,0,0,0,0,0,0,0,0,0,0,0,0,0,113.631,0,0,0
"MtrElec",12,13,7,"",163.479,0,0,0,0,0,0,0,0,0,0,0,0,0,0,0,0,0,0,0,0,163.479,0,0,0
"MtrElec",12,13,8,"",109.461,0,0,0,0,0,0,0,0,0,0,0,0,0,0,0,0,0,0,0,0,168.606,0,0,-59.1451
"MtrElec",12,13,9,"",117.22,0,0,0,0,0,0,0,0,0,0,0,0,0,0,0,0,0,0,0,0,241.539,0,0,-124.319
"MtrElec",12,13,10,"",0,0,0,0,0,0,0,0,0,0,0,0,0,0,0,0,0,0,0,0,0,236.553,0,71.4457,-307.999
"MtrElec",12,13,11,"",0,0,0,0,0,0,0,0,0,0,0,0,0,0,0,0,0,0,0,0,0,296.247,0,57.6151,-353.862
"MtrElec",12,13,12,"",0,0,0,0,0,0,0,0,0,0,0,0,0,0,0,0,0,0,0,0,0,287.612,0,99.2959,-386.908
"MtrElec",12,13,13,"",0,0,0,0,0,0,0,0,0,0,0,0,0,0,0,0,0,0,0,0,0,302.328,0,80.4785,-382.807
"MtrElec",12,13,14,"",0,0,0,0,0,0,0,0,0,0,0,0,0,0,0,0,0,0,0,0,0,251.55,0,88.1479,-339.698
"MtrElec",12,13,15,"",13.2098,0,0,0,0,0,0,0,0,0,0,0,0,0,0,0,0,0,0,0,0,276.098,0,0,-262.888
"MtrElec",12,13,16,"",50.165,0,0,0,0,0,0,0,0,0,0,0,0,0,0,0,0,0,0,0,0,202.292,0,0,-152.127
"MtrElec",12,13,17,"",202.694,0,0,0,0,0,0,0,0,0,0,0,0,0,0,0,0,0,0,0,0,236.108,0,0,-33.4136
"MtrElec",12,13,18,"",256.096,0,0,0,0,0,0,0,0,0,0,0,0,0,0,0,0,0,0,0,0,256.096,0,0,0
"MtrElec",12,13,19,"",188.259,0,0,0,0,0,0,0,0,0,0,0,0,0,0,0,0,0,0,0,0,345.957,0,-157.698,0
"MtrElec",12,13,20,"",110.432,0,0,0,0,0,0,0,0,0,0,0,0,0,0,0,0,0,0,0,0,268.13,0,-157.698,0
"MtrElec",12,13,21,"",211.169,0,0,0,0,0,0,0,0,0,0,0,0,0,0,0,0,0,0,0,0,254.05,0,-42.8813,0
"MtrElec",12,13,22,"",320.985,0,0,0,0,0,0,0,0,0,0,0,0,0,0,0,0,0,0,0,0,320.985,0,0,0
"MtrElec",12,13,23,"",166.327,0,0,0,0,0,0,0,0,0,0,0,0,0,0,0,0,0,0,0,0,166.327,0,0,0
"MtrElec",12,13,24,"",156.447,0,0,0,0,0,0,0,0,0,0,0,0,0,0,0,0,0,0,0,0,156.447,0,0,0
"MtrElec",12,14,1,"",109.402,0,0,0,0,0,0,0,0,0,0,0,0,0,0,0,0,0,0,0,0,109.402,0,0,0
"MtrElec",12,14,2,"",117.74,0,0,0,0,0,0,0,0,0,0,0,0,0,0,0,0,0,0,0,0,117.74,0,0,0
"MtrElec",12,14,3,"",110.457,0,0,0,0,0,0,0,0,0,0,0,0,0,0,0,0,0,0,0,0,110.457,0,0,0
"MtrElec",12,14,4,"",149.205,0,0,0,0,0,0,0,0,0,0,0,0,0,0,0,0,0,0,0,0,149.205,0,0,0
"MtrElec",12,14,5,"",116.005,0,0,0,0,0,0,0,0,0,0,0,0,0,0,0,0,0,0,0,0,116.005,0,0,0
"MtrElec",12,14,6,"",106.991,0,0,0,0,0,0,0,0,0,0,0,0,0,0,0,0,0,0,0,0,106.991,0,0,0
"MtrElec",12,14,7,"",209.513,0,0,0,0,0,0,0,0,0,0,0,0,0,0,0,0,0,0,0,0,209.513,0,0,0
"MtrElec",12,14,8,"",160.568,0,0,0,0,0,0,0,0,0,0,0,0,0,0,0,0,0,0,0,0,249.568,0,0,-88.9997
"MtrElec",12,14,9,"",72.9366,0,0,0,0,0,0,0,0,0,0,0,0,0,0,0,0,0,0,0,0,284.067,0,0,-211.13
"MtrElec",12,14,10,"",0.0000078,0,0,0,0,0,0,0,0,0,0,0,0,0,0,0,0,0,0,0,0,218.005,0,86.7585,-304.763
"MtrElec",12,14,11,"",0,0,0,0,0,0,0,0,0,0,0,0,0,0,0,0,0,0,0,0,0,232.371,0,128.299,-360.67
"MtrElec",12,14,12,"",-5.2692,0,0,0,0,0,0,0,0,0,0,0,0,0,0,0,0,0,0,0,0,224.482,0,157.698,-387.449
"MtrElec",12,14,13,"",0,0,0,0,0,0,0,0,0,0,0,0,0,0,0,0,0,0,0,0,0,306.302,0,73.3772,-379.68
"MtrElec",12,14,14,"",-67.0404,0,0,0,0,0,0,0,0,0,0,0,0,0,0,0,0,0,0,0,0,127.724,0,142.253,-337.017
"MtrElec",12,14,15,"",-70.6505,0,0,0,0,0,0,0,0,0,0,0,0,0,0,0,0,0,0,0,0,190.137,0,0,-260.788
"MtrElec",12,14,16,"",45.2402,0,0,0,0,0,0,0,0,0,0,0,0,0,0,0,0,0,0,0,0,196.529,0,0,-151.289
"MtrElec",12,14,17,"",158.653,0,0,0,0,0,0,0,0,0,0,0,0,0,0,0,0,0,0,0,0,191.187,0,0,-32.5335
"MtrElec",12,14,18,"",244.517,0,0,0,0,0,0,0,0,0,0,0,0,0,0,0,0,0,0,0,0,244.517,0,0,0
"MtrElec",12,14,19,"",112.618,0,0,0,0,0,0,0,0,0,0,0,0,0,0,0,0,0,0,0,0,270.316,0,-157.698,0
"MtrElec",12,14,20,"",98.35,0,0,0,0,0,0,0,0,0,0,0,0,0,0,0,0,0,0,0,0,256.048,0,-157.698,0
"MtrElec",12,14,21,"",138.397,0,0,0,0,0,0,0,0,0,0,0,0,0,0,0,0,0,0,0,0,296.095,0,-157.698,0
"MtrElec",12,14,22,"",204.494,0,0,0,0,0,0,0,0,0,0,0,0,0,0,0,0,0,0,0,0,262.418,0,-57.9237,0
"MtrElec",12,14,23,"",221.447,0,0,0,0,0,0,0,0,0,0,0,0,0,0,0,0,0,0,0,0,221.447,0,0,0
"MtrElec",12,14,24,"",144.986,0,0,0,0,0,0,0,0,0,0,0,0,0,0,0,0,0,0,0,0,144.986,0,0,0
"MtrElec",12,15,1,"",136.637,0,0,0,0,0,0,0,0,0,0,0,0,0,0,0,0,0,0,0,0,136.637,0,0,0
"MtrElec",12,15,2,"",116.077,0,0,0,0,0,0,0,0,0,0,0,0,0,0,0,0,0,0,0,0,116.077,0,0,0
"MtrElec",12,15,3,"",139.893,0,0,0,0,0,0,0,0,0,0,0,0,0,0,0,0,0,0,0,0,139.893,0,0,0
"MtrElec",12,15,4,"",115.202,0,0,0,0,0,0,0,0,0,0,0,0,0,0,0,0,0,0,0,0,115.202,0,0,0
"MtrElec",12,15,5,"",112.657,0,0,0,0,0,0,0,0,0,0,0,0,0,0,0,0,0,0,0,0,112.657,0,0,0
"MtrElec",12,15,6,"",107.729,0,0,0,0,0,0,0,0,0,0,0,0,0,0,0,0,0,0,0,0,107.729,0,0,0
"MtrElec",12,15,7,"",229.785,0,0,0,0,0,0,0,0,0,0,0,0,0,0,0,0,0,0,0,0,229.785,0,0,0
"MtrElec",12,15,8,"",158.8,0,0,0,0,0,0,0,0,0,0,0,0,0,0,0,0,0,0,0,0,245.226,0,0,-86.4258
"MtrElec",12,15,9,"",0.0000005,0,0,0,0,0,0,0,0,0,0,0,0,0,0,0,0,0,0,0,0,208.039,0,4.61533,-212.654
"MtrElec",12,15,10,"",0,0,0,0,0,0,0,0,0,0,0,0,0,0,0,0,0,0,0,0,0,229.352,0,77.1623,-306.514
"MtrElec",12,15,11,"",0,0,0,0,0,0,0,0,0,0,0,0,0,0,0,0,0,0,0,0,0,230.183,0,137.673,-367.856
"MtrElec",12,15,12,"",-28.4759,0,0,0,0,0,0,0,0,0,0,0,0,0,0,0,0,0,0,0,0,210.152,0,157.698,-396.326
"MtrElec",12,15,13,"",0.0000156,0,0,0,0,0,0,0,0,0,0,0,0,0,0,0,0,0,0,0,0,230.487,0,156.355,-386.842
"MtrElec",12,15,14,"",-154.466,0,0,0,0,0,0,0,0,0,0,0,0,0,0,0,0,0,0,0,0,134.568,0,54.882,-343.916
"MtrElec",12,15,15,"",-90.3251,0,0,0,0,0,0,0,0,0,0,0,0,0,0,0,0,0,0,0,0,178.757,0,0,-269.082
"MtrElec",12,15,16,"",40.2132,0,0,0,0,0,0,0,0,0,0,0,0,0,0,0,0,0,0,0,0,197.276,0,0,-157.062
"MtrElec",12,15,17,"",166.381,0,0,0,0,0,0,0,0,0,0,0,0,0,0,0,0,0,0,0,0,200.003,0,0,-33.6221
"MtrElec",12,15,18,"",246.237,0,0,0,0,0,0,0,0,0,0,0,0,0,0,0,0,0,0,0,0,246.237,0,0,0
"MtrElec",12,15,19,"",137.351,0,0,0,0,0,0,0,0,0,0,0,0,0,0,0,0,0,0,0,0,295.049,0,-157.698,0
"MtrElec",12,15,20,"",96.1383,0,0,0,0,0,0,0,0,0,0,0,0,0,0,0,0,0,0,0,0,253.836,0,-157.698,0
"MtrElec",12,15,21,"",152.133,0,0,0,0,0,0,0,0,0,0,0,0,0,0,0,0,0,0,0,0,309.831,0,-157.698,0
"MtrElec",12,15,22,"",188.112,0,0,0,0,0,0,0,0,0,0,0,0,0,0,0,0,0,0,0,0,246.036,0,-57.9237,0
"MtrElec",12,15,23,"",227.812,0,0,0,0,0,0,0,0,0,0,0,0,0,0,0,0,0,0,0,0,227.812,0,0,0
"MtrElec",12,15,24,"",183.029,0,0,0,0,0,0,0,0,0,0,0,0,0,0,0,0,0,0,0,0,183.029,0,0,0
"MtrElec",12,16,1,"",133.799,0,0,0,0,0,0,0,0,0,0,0,0,0,0,0,0,0,0,0,0,133.799,0,0,0
"MtrElec",12,16,2,"",111.885,0,0,0,0,0,0,0,0,0,0,0,0,0,0,0,0,0,0,0,0,111.885,0,0,0
"MtrElec",12,16,3,"",136.423,0,0,0,0,0,0,0,0,0,0,0,0,0,0,0,0,0,0,0,0,136.423,0,0,0
"MtrElec",12,16,4,"",107.492,0,0,0,0,0,0,0,0,0,0,0,0,0,0,0,0,0,0,0,0,107.492,0,0,0
"MtrElec",12,16,5,"",110.165,0,0,0,0,0,0,0,0,0,0,0,0,0,0,0,0,0,0,0,0,110.165,0,0,0
"MtrElec",12,16,6,"",100.325,0,0,0,0,0,0,0,0,0,0,0,0,0,0,0,0,0,0,0,0,100.325,0,0,0
"MtrElec",12,16,7,"",168.041,0,0,0,0,0,0,0,0,0,0,0,0,0,0,0,0,0,0,0,0,168.041,0,0,0
"MtrElec",12,16,8,"",141.661,0,0,0,0,0,0,0,0,0,0,0,0,0,0,0,0,0,0,0,0,233.696,0,0,-92.0352
"MtrElec",12,16,9,"",0,0,0,0,0,0,0,0,0,0,0,0,0,0,0,0,0,0,0,0,0,209.345,0,10.6791,-220.024
"MtrElec",12,16,10,"",0,0,0,0,0,0,0,0,0,0,0,0,0,0,0,0,0,0,0,0,0,256.941,0,65.2513,-322.192
"MtrElec",12,16,11,"",0,0,0,0,0,0,0,0,0,0,0,0,0,0,0,0,0,0,0,0,0,240.859,0,143.544,-384.403
"MtrElec",12,16,12,"",-49.486,0,0,0,0,0,0,0,0,0,0,0,0,0,0,0,0,0,0,0,0,205.72,0,157.698,-412.904
"MtrElec",12,16,13,"",-12.8292,0,0,0,0,0,0,0,0,0,0,0,0,0,0,0,0,0,0,0,0,233.749,0,157.698,-404.276
"MtrElec",12,16,14,"",-147.601,0,0,0,0,0,0,0,0,0,0,0,0,0,0,0,0,0,0,0,0,158.352,0,53.5144,-359.467
"MtrElec",12,16,15,"",-109.84,0,0,0,0,0,0,0,0,0,0,0,0,0,0,0,0,0,0,0,0,169.405,0,0,-279.244
"MtrElec",12,16,16,"",-2.07273,0,0,0,0,0,0,0,0,0,0,0,0,0,0,0,0,0,0,0,0,160.331,0,0,-162.404
"MtrElec",12,16,17,"",191.564,0,0,0,0,0,0,0,0,0,0,0,0,0,0,0,0,0,0,0,0,219.223,0,0,-27.6591
"MtrElec",12,16,18,"",258.579,0,0,0,0,0,0,0,0,0,0,0,0,0,0,0,0,0,0,0,0,258.579,0,0,0
"MtrElec",12,16,19,"",156.398,0,0,0,0,0,0,0,0,0,0,0,0,0,0,0,0,0,0,0,0,314.096,0,-157.698,0
"MtrElec",12,16,20,"",107.339,0,0,0,0,0,0,0,0,0,0,0,0,0,0,0,0,0,0,0,0,265.037,0,-157.698,0
"MtrElec",12,16,21,"",175.387,0,0,0,0,0,0,0,0,0,0,0,0,0,0,0,0,0,0,0,0,333.085,0,-157.698,0
"MtrElec",12,16,22,"",151.883,0,0,0,0,0,0,0,0,0,0,0,0,0,0,0,0,0,0,0,0,209.807,0,-57.9237,0
"MtrElec",12,16,23,"",203.098,0,0,0,0,0,0,0,0,0,0,0,0,0,0,0,0,0,0,0,0,203.098,0,0,0
"MtrElec",12,16,24,"",175.76,0,0,0,0,0,0,0,0,0,0,0,0,0,0,0,0,0,0,0,0,175.76,0,0,0
"MtrElec",12,17,1,"",158.144,0,0,0,0,0,0,0,0,0,0,0,0,0,0,0,0,0,0,0,0,158.144,0,0,0
"MtrElec",12,17,2,"",113.227,0,0,0,0,0,0,0,0,0,0,0,0,0,0,0,0,0,0,0,0,113.227,0,0,0
"MtrElec",12,17,3,"",96.7065,0,0,0,0,0,0,0,0,0,0,0,0,0,0,0,0,0,0,0,0,96.7065,0,0,0
"MtrElec",12,17,4,"",113.546,0,0,0,0,0,0,0,0,0,0,0,0,0,0,0,0,0,0,0,0,113.546,0,0,0
"MtrElec",12,17,5,"",112.852,0,0,0,0,0,0,0,0,0,0,0,0,0,0,0,0,0,0,0,0,112.852,0,0,0
"MtrElec",12,17,6,"",150.169,0,0,0,0,0,0,0,0,0,0,0,0,0,0,0,0,0,0,0,0,150.169,0,0,0
"MtrElec",12,17,7,"",179.715,0,0,0,0,0,0,0,0,0,0,0,0,0,0,0,0,0,0,0,0,179.715,0,0,0
"MtrElec",12,17,8,"",169.73,0,0,0,0,0,0,0,0,0,0,0,0,0,0,0,0,0,0,0,0,264.636,0,0,-94.9058
"MtrElec",12,17,9,"",74.3608,0,0,0,0,0,0,0,0,0,0,0,0,0,0,0,0,0,0,0,0,295.501,0,0,-221.14
"MtrElec",12,17,10,"",0,0,0,0,0,0,0,0,0,0,0,0,0,0,0,0,0,0,0,0,0,232.381,0,85.5187,-317.9
"MtrElec",12,17,11,"",0,0,0,0,0,0,0,0,0,0,0,0,0,0,0,0,0,0,0,0,0,222.23,0,156.069,-378.299
"MtrElec",12,17,12,"",0,0,0,0,0,0,0,0,0,0,0,0,0,0,0,0,0,0,0,0,0,250.494,0,150.699,-401.194
"MtrElec",12,17,13,"",-22.569,0,0,0,0,0,0,0,0,0,0,0,0,0,0,0,0,0,0,0,0,215.865,0,157.698,-396.132
"MtrElec",12,17,14,"",-169.601,0,0,0,0,0,0,0,0,0,0,0,0,0,0,0,0,0,0,0,0,145.466,0,38.4001,-353.467
"MtrElec",12,17,15,"",-81.1087,0,0,0,0,0,0,0,0,0,0,0,0,0,0,0,0,0,0,0,0,193.743,0,0,-274.852
"MtrElec",12,17,16,"",-14.3079,0,0,0,0,0,0,0,0,0,0,0,0,0,0,0,0,0,0,0,0,151.381,0,0,-165.689
"MtrElec",12,17,17,"",165.525,0,0,0,0,0,0,0,0,0,0,0,0,0,0,0,0,0,0,0,0,204.906,0,0,-39.3814
"MtrElec",12,17,18,"",256.583,0,0,0,0,0,0,0,0,0,0,0,0,0,0,0,0,0,0,0,0,256.583,0,0,0
"MtrElec",12,17,19,"",126.485,0,0,0,0,0,0,0,0,0,0,0,0,0,0,0,0,0,0,0,0,284.183,0,-157.698,0
"MtrElec",12,17,20,"",133.289,0,0,0,0,0,0,0,0,0,0,0,0,0,0,0,0,0,0,0,0,290.987,0,-157.698,0
"MtrElec",12,17,21,"",119.094,0,0,0,0,0,0,0,0,0,0,0,0,0,0,0,0,0,0,0,0,276.792,0,-157.698,0
"MtrElec",12,17,22,"",176.677,0,0,0,0,0,0,0,0,0,0,0,0,0,0,0,0,0,0,0,0,234.601,0,-57.9237,0
"MtrElec",12,17,23,"",209.654,0,0,0,0,0,0,0,0,0,0,0,0,0,0,0,0,0,0,0,0,209.654,0,0,0
"MtrElec",12,17,24,"",138.319,0,0,0,0,0,0,0,0,0,0,0,0,0,0,0,0,0,0,0,0,138.319,0,0,0
"MtrElec",12,18,1,"",163.065,0,0,0,0,0,0,0,0,0,0,0,0,0,0,0,0,0,0,0,0,163.065,0,0,0
"MtrElec",12,18,2,"",109.785,0,0,0,0,0,0,0,0,0,0,0,0,0,0,0,0,0,0,0,0,109.785,0,0,0
"MtrElec",12,18,3,"",91.9469,0,0,0,0,0,0,0,0,0,0,0,0,0,0,0,0,0,0,0,0,91.9469,0,0,0
"MtrElec",12,18,4,"",106.99,0,0,0,0,0,0,0,0,0,0,0,0,0,0,0,0,0,0,0,0,106.99,0,0,0
"MtrElec",12,18,5,"",108.513,0,0,0,0,0,0,0,0,0,0,0,0,0,0,0,0,0,0,0,0,108.513,0,0,0
"MtrElec",12,18,6,"",121.448,0,0,0,0,0,0,0,0,0,0,0,0,0,0,0,0,0,0,0,0,121.448,0,0,0
"MtrElec",12,18,7,"",161.529,0,0,0,0,0,0,0,0,0,0,0,0,0,0,0,0,0,0,0,0,161.529,0,0,0
"MtrElec",12,18,8,"",143.787,0,0,0,0,0,0,0,0,0,0,0,0,0,0,0,0,0,0,0,0,236.613,0,0,-92.8264
"MtrElec",12,18,9,"",38.6147,0,0,0,0,0,0,0,0,0,0,0,0,0,0,0,0,0,0,0,0,254.27,0,0,-215.655
"MtrElec",12,18,10,"",0,0,0,0,0,0,0,0,0,0,0,0,0,0,0,0,0,0,0,0,0,259.47,0,46.2631,-305.733
"MtrElec",12,18,11,"",0,0,0,0,0,0,0,0,0,0,0,0,0,0,0,0,0,0,0,0,0,295.306,0,66.6541,-361.96
"MtrElec",12,18,12,"",0,0,0,0,0,0,0,0,0,0,0,0,0,0,0,0,0,0,0,0,0,240.485,0,146.313,-386.798
"MtrElec",12,18,13,"",-59.9117,0,0,0,0,0,0,0,0,0,0,0,0,0,0,0,0,0,0,0,0,160.572,0,157.698,-378.182
"MtrElec",12,18,14,"",-15.0367,0,0,0,0,0,0,0,0,0,0,0,0,0,0,0,0,0,0,0,0,165.457,0,157.698,-338.192
"MtrElec",12,18,15,"",-81.1036,0,0,0,0,0,0,0,0,0,0,0,0,0,0,0,0,0,0,0,0,170.18,0,13.7591,-265.043
"MtrElec",12,18,16,"",18.6784,0,0,0,0,0,0,0,0,0,0,0,0,0,0,0,0,0,0,0,0,174.818,0,0,-156.139
"MtrElec",12,18,17,"",217.947,0,0,0,0,0,0,0,0,0,0,0,0,0,0,0,0,0,0,0,0,253.249,0,0,-35.3019
"MtrElec",12,18,18,"",201.634,0,0,0,0,0,0,0,0,0,0,0,0,0,0,0,0,0,0,0,0,201.634,0,0,0
"MtrElec",12,18,19,"",95.9575,0,0,0,0,0,0,0,0,0,0,0,0,0,0,0,0,0,0,0,0,253.655,0,-157.698,0
"MtrElec",12,18,20,"",144.671,0,0,0,0,0,0,0,0,0,0,0,0,0,0,0,0,0,0,0,0,302.368,0,-157.698,0
"MtrElec",12,18,21,"",139.385,0,0,0,0,0,0,0,0,0,0,0,0,0,0,0,0,0,0,0,0,297.083,0,-157.698,0
"MtrElec",12,18,22,"",230.916,0,0,0,0,0,0,0,0,0,0,0,0,0,0,0,0,0,0,0,0,288.84,0,-57.9237,0
"MtrElec",12,18,23,"",227.224,0,0,0,0,0,0,0,0,0,0,0,0,0,0,0,0,0,0,0,0,227.224,0,0,0
"MtrElec",12,18,24,"",225.597,0,0,0,0,0,0,0,0,0,0,0,0,0,0,0,0,0,0,0,0,225.597,0,0,0
"MtrElec",12,19,1,"",130.113,0,0,0,0,0,0,0,0,0,0,0,0,0,0,0,0,0,0,0,0,130.113,0,0,0
"MtrElec",12,19,2,"",103.217,0,0,0,0,0,0,0,0,0,0,0,0,0,0,0,0,0,0,0,0,103.217,0,0,0
"MtrElec",12,19,3,"",105.953,0,0,0,0,0,0,0,0,0,0,0,0,0,0,0,0,0,0,0,0,105.953,0,0,0
"MtrElec",12,19,4,"",113.992,0,0,0,0,0,0,0,0,0,0,0,0,0,0,0,0,0,0,0,0,113.992,0,0,0
"MtrElec",12,19,5,"",122.251,0,0,0,0,0,0,0,0,0,0,0,0,0,0,0,0,0,0,0,0,122.251,0,0,0
"MtrElec",12,19,6,"",141.073,0,0,0,0,0,0,0,0,0,0,0,0,0,0,0,0,0,0,0,0,141.073,0,0,0
"MtrElec",12,19,7,"",122.872,0,0,0,0,0,0,0,0,0,0,0,0,0,0,0,0,0,0,0,0,122.872,0,0,0
"MtrElec",12,19,8,"",144.857,0,0,0,0,0,0,0,0,0,0,0,0,0,0,0,0,0,0,0,0,228.805,0,0,-83.9488
"MtrElec",12,19,9,"",0.0000010,0,0,0,0,0,0,0,0,0,0,0,0,0,0,0,0,0,0,0,0,200.847,0,15.4125,-216.26
"MtrElec",12,19,10,"",0,0,0,0,0,0,0,0,0,0,0,0,0,0,0,0,0,0,0,0,0,288.517,0,20.0193,-308.536
"MtrElec",12,19,11,"",0.0000078,0,0,0,0,0,0,0,0,0,0,0,0,0,0,0,0,0,0,0,0,279.948,0,85.5516,-365.5
"MtrElec",12,19,12,"",0.0000078,0,0,0,0,0,0,0,0,0,0,0,0,0,0,0,0,0,0,0,0,276.918,0,114.823,-391.741
"MtrElec",12,19,13,"",0,0,0,0,0,0,0,0,0,0,0,0,0,0,0,0,0,0,0,0,0,241.311,0,143.413,-384.723
"MtrElec",12,19,14,"",0,0,0,0,0,0,0,0,0,0,0,0,0,0,0,0,0,0,0,0,0,215.707,0,129.355,-345.062
"MtrElec",12,19,15,"",0,0,0,0,0,0,0,0,0,0,0,0,0,0,0,0,0,0,0,0,0,248.193,0,21.7003,-269.894
"MtrElec",12,19,16,"",59.8384,0,0,0,0,0,0,0,0,0,0,0,0,0,0,0,0,0,0,0,0,221.993,0,0,-162.155
"MtrElec",12,19,17,"",184.945,0,0,0,0,0,0,0,0,0,0,0,0,0,0,0,0,0,0,0,0,223.645,0,0,-38.6996
"MtrElec",12,19,18,"",264.281,0,0,0,0,0,0,0,0,0,0,0,0,0,0,0,0,0,0,0,0,264.281,0,0,0
"MtrElec",12,19,19,"",174.258,0,0,0,0,0,0,0,0,0,0,0,0,0,0,0,0,0,0,0,0,331.956,0,-157.698,0
"MtrElec",12,19,20,"",178.937,0,0,0,0,0,0,0,0,0,0,0,0,0,0,0,0,0,0,0,0,336.635,0,-157.698,0
"MtrElec",12,19,21,"",97.7181,0,0,0,0,0,0,0,0,0,0,0,0,0,0,0,0,0,0,0,0,255.416,0,-157.698,0
"MtrElec",12,19,22,"",263.115,0,0,0,0,0,0,0,0,0,0,0,0,0,0,0,0,0,0,0,0,268.594,0,-5.47843,0
"MtrElec",12,19,23,"",210.768,0,0,0,0,0,0,0,0,0,0,0,0,0,0,0,0,0,0,0,0,210.768,0,0,0
"MtrElec",12,19,24,"",166.922,0,0,0,0,0,0,0,0,0,0,0,0,0,0,0,0,0,0,0,0,166.922,0,0,0
"MtrElec",12,20,1,"",140.878,0,0,0,0,0,0,0,0,0,0,0,0,0,0,0,0,0,0,0,0,140.878,0,0,0
"MtrElec",12,20,2,"",111.862,0,0,0,0,0,0,0,0,0,0,0,0,0,0,0,0,0,0,0,0,111.862,0,0,0
"MtrElec",12,20,3,"",140.598,0,0,0,0,0,0,0,0,0,0,0,0,0,0,0,0,0,0,0,0,140.598,0,0,0
"MtrElec",12,20,4,"",122.412,0,0,0,0,0,0,0,0,0,0,0,0,0,0,0,0,0,0,0,0,122.412,0,0,0
"MtrElec",12,20,5,"",129.417,0,0,0,0,0,0,0,0,0,0,0,0,0,0,0,0,0,0,0,0,129.417,0,0,0
"MtrElec",12,20,6,"",99.9238,0,0,0,0,0,0,0,0,0,0,0,0,0,0,0,0,0,0,0,0,99.9238,0,0,0
"MtrElec",12,20,7,"",184.956,0,0,0,0,0,0,0,0,0,0,0,0,0,0,0,0,0,0,0,0,184.956,0,0,0
"MtrElec",12,20,8,"",96.8776,0,0,0,0,0,0,0,0,0,0,0,0,0,0,0,0,0,0,0,0,174.259,0,0,-77.3811
"MtrElec",12,20,9,"",53.0795,0,0,0,0,0,0,0,0,0,0,0,0,0,0,0,0,0,0,0,0,258.659,0,0,-205.58
"MtrElec",12,20,10,"",0,0,0,0,0,0,0,0,0,0,0,0,0,0,0,0,0,0,0,0,0,259.877,0,38.0981,-297.975
"MtrElec",12,20,11,"",0.0000039,0,0,0,0,0,0,0,0,0,0,0,0,0,0,0,0,0,0,0,0,302.294,0,43.9461,-346.241
"MtrElec",12,20,12,"",0,0,0,0,0,0,0,0,0,0,0,0,0,0,0,0,0,0,0,0,0,276.373,0,99.246,-375.619
"MtrElec",12,20,13,"",0.0000078,0,0,0,0,0,0,0,0,0,0,0,0,0,0,0,0,0,0,0,0,279.014,0,96.4594,-375.474
"MtrElec",12,20,14,"",0,0,0,0,0,0,0,0,0,0,0,0,0,0,0,0,0,0,0,0,0,236.429,0,99.0548,-335.484
"MtrElec",12,20,15,"",0.0000078,0,0,0,0,0,0,0,0,0,0,0,0,0,0,0,0,0,0,0,0,168.015,0,94.1391,-262.154
"MtrElec",12,20,16,"",29.0304,0,0,0,0,0,0,0,0,0,0,0,0,0,0,0,0,0,0,0,0,183.045,0,0,-154.015
"MtrElec",12,20,17,"",193.444,0,0,0,0,0,0,0,0,0,0,0,0,0,0,0,0,0,0,0,0,227.879,0,0,-34.4356
"MtrElec",12,20,18,"",244.636,0,0,0,0,0,0,0,0,0,0,0,0,0,0,0,0,0,0,0,0,244.636,0,0,0
"MtrElec",12,20,19,"",184.161,0,0,0,0,0,0,0,0,0,0,0,0,0,0,0,0,0,0,0,0,341.859,0,-157.698,0
"MtrElec",12,20,20,"",123.334,0,0,0,0,0,0,0,0,0,0,0,0,0,0,0,0,0,0,0,0,281.032,0,-157.698,0
"MtrElec",12,20,21,"",197.106,0,0,0,0,0,0,0,0,0,0,0,0,0,0,0,0,0,0,0,0,306.736,0,-109.631,0
"MtrElec",12,20,22,"",297.345,0,0,0,0,0,0,0,0,0,0,0,0,0,0,0,0,0,0,0,0,297.345,0,0,0
"MtrElec",12,20,23,"",190.355,0,0,0,0,0,0,0,0,0,0,0,0,0,0,0,0,0,0,0,0,190.355,0,0,0
"MtrElec",12,20,24,"",172.557,0,0,0,0,0,0,0,0,0,0,0,0,0,0,0,0,0,0,0,0,172.557,0,0,0
"MtrElec",12,21,1,"",104.279,0,0,0,0,0,0,0,0,0,0,0,0,0,0,0,0,0,0,0,0,104.279,0,0,0
"MtrElec",12,21,2,"",109.262,0,0,0,0,0,0,0,0,0,0,0,0,0,0,0,0,0,0,0,0,109.262,0,0,0
"MtrElec",12,21,3,"",108.418,0,0,0,0,0,0,0,0,0,0,0,0,0,0,0,0,0,0,0,0,108.418,0,0,0
"MtrElec",12,21,4,"",102.336,0,0,0,0,0,0,0,0,0,0,0,0,0,0,0,0,0,0,0,0,102.336,0,0,0
"MtrElec",12,21,5,"",100.701,0,0,0,0,0,0,0,0,0,0,0,0,0,0,0,0,0,0,0,0,100.701,0,0,0
"MtrElec",12,21,6,"",166.214,0,0,0,0,0,0,0,0,0,0,0,0,0,0,0,0,0,0,0,0,166.214,0,0,0
"MtrElec",12,21,7,"",182.619,0,0,0,0,0,0,0,0,0,0,0,0,0,0,0,0,0,0,0,0,182.619,0,0,0
"MtrElec",12,21,8,"",185.228,0,0,0,0,0,0,0,0,0,0,0,0,0,0,0,0,0,0,0,0,253.512,0,0,-68.2844
"MtrElec",12,21,9,"",53.9627,0,0,0,0,0,0,0,0,0,0,0,0,0,0,0,0,0,0,0,0,254.781,0,0,-200.818
"MtrElec",12,21,10,"",0,0,0,0,0,0,0,0,0,0,0,0,0,0,0,0,0,0,0,0,0,239.346,0,59.2254,-298.572
"MtrElec",12,21,11,"",0,0,0,0,0,0,0,0,0,0,0,0,0,0,0,0,0,0,0,0,0,268.038,0,93.475,-361.513
"MtrElec",12,21,12,"",-7.6525,0,0,0,0,0,0,0,0,0,0,0,0,0,0,0,0,0,0,0,0,222.84,0,157.698,-388.19
"MtrElec",12,21,13,"",0,0,0,0,0,0,0,0,0,0,0,0,0,0,0,0,0,0,0,0,0,227.629,0,155.408,-383.037
"MtrElec",12,21,14,"",-93.1425,0,0,0,0,0,0,0,0,0,0,0,0,0,0,0,0,0,0,0,0,132.625,0,122.579,-348.347
"MtrElec",12,21,15,"",-104.404,0,0,0,0,0,0,0,0,0,0,0,0,0,0,0,0,0,0,0,0,174.304,0,0,-278.708
"MtrElec",12,21,16,"",24.5387,0,0,0,0,0,0,0,0,0,0,0,0,0,0,0,0,0,0,0,0,191.912,0,0,-167.373
"MtrElec",12,21,17,"",164.93,0,0,0,0,0,0,0,0,0,0,0,0,0,0,0,0,0,0,0,0,203.409,0,0,-38.4793
"MtrElec",12,21,18,"",236.724,0,0,0,0,0,0,0,0,0,0,0,0,0,0,0,0,0,0,0,0,236.724,0,0,0
"MtrElec",12,21,19,"",147.006,0,0,0,0,0,0,0,0,0,0,0,0,0,0,0,0,0,0,0,0,304.704,0,-157.698,0
"MtrElec",12,21,20,"",82.0407,0,0,0,0,0,0,0,0,0,0,0,0,0,0,0,0,0,0,0,0,239.739,0,-157.698,0
"MtrElec",12,21,21,"",168.036,0,0,0,0,0,0,0,0,0,0,0,0,0,0,0,0,0,0,0,0,325.734,0,-157.698,0
"MtrElec",12,21,22,"",175.181,0,0,0,0,0,0,0,0,0,0,0,0,0,0,0,0,0,0,0,0,233.104,0,-57.9237,0
"MtrElec",12,21,23,"",229.517,0,0,0,0,0,0,0,0,0,0,0,0,0,0,0,0,0,0,0,0,229.517,0,0,0
"MtrElec",12,21,24,"",149.217,0,0,0,0,0,0,0,0,0,0,0,0,0,0,0,0,0,0,0,0,149.217,0,0,0
"MtrElec",12,22,1,"",124.103,0,0,0,0,0,0,0,0,0,0,0,0,0,0,0,0,0,0,0,0,124.103,0,0,0
"MtrElec",12,22,2,"",114.808,0,0,0,0,0,0,0,0,0,0,0,0,0,0,0,0,0,0,0,0,114.808,0,0,0
"MtrElec",12,22,3,"",106.579,0,0,0,0,0,0,0,0,0,0,0,0,0,0,0,0,0,0,0,0,106.579,0,0,0
"MtrElec",12,22,4,"",94.7596,0,0,0,0,0,0,0,0,0,0,0,0,0,0,0,0,0,0,0,0,94.7596,0,0,0
"MtrElec",12,22,5,"",142.4,0,0,0,0,0,0,0,0,0,0,0,0,0,0,0,0,0,0,0,0,142.4,0,0,0
"MtrElec",12,22,6,"",98.3055,0,0,0,0,0,0,0,0,0,0,0,0,0,0,0,0,0,0,0,0,98.3055,0,0,0
"MtrElec",12,22,7,"",194.588,0,0,0,0,0,0,0,0,0,0,0,0,0,0,0,0,0,0,0,0,194.588,0,0,0
"MtrElec",12,22,8,"",201.524,0,0,0,0,0,0,0,0,0,0,0,0,0,0,0,0,0,0,0,0,227.193,0,0,-25.6694
"MtrElec",12,22,9,"",115.589,0,0,0,0,0,0,0,0,0,0,0,0,0,0,0,0,0,0,0,0,216.036,0,0,-100.447
"MtrElec",12,22,10,"",0.21025,0,0,0,0,0,0,0,0,0,0,0,0,0,0,0,0,0,0,0,0,228.031,0,0,-227.821
"MtrElec",12,22,11,"",0.0000020,0,0,0,0,0,0,0,0,0,0,0,0,0,0,0,0,0,0,0,0,250.556,0,29.3013,-279.857
"MtrElec",12,22,12,"",0.0000039,0,0,0,0,0,0,0,0,0,0,0,0,0,0,0,0,0,0,0,0,249.122,0,35.692,-284.814
"MtrElec",12,22,13,"",0.0000078,0,0,0,0,0,0,0,0,0,0,0,0,0,0,0,0,0,0,0,0,192.544,0,89.5269,-282.071
"MtrElec",12,22,14,"",0,0,0,0,0,0,0,0,0,0,0,0,0,0,0,0,0,0,0,0,0,169.689,0,87.4779,-257.167
"MtrElec",12,22,15,"",0,0,0,0,0,0,0,0,0,0,0,0,0,0,0,0,0,0,0,0,0,153.111,0,72.1154,-225.226
"MtrElec",12,22,16,"",70.7602,0,0,0,0,0,0,0,0,0,0,0,0,0,0,0,0,0,0,0,0,192.575,0,0,-121.815
"MtrElec",12,22,17,"",205.832,0,0,0,0,0,0,0,0,0,0,0,0,0,0,0,0,0,0,0,0,227.523,0,0,-21.6913
"MtrElec",12,22,18,"",234.894,0,0,0,0,0,0,0,0,0,0,0,0,0,0,0,0,0,0,0,0,234.894,0,0,0
"MtrElec",12,22,19,"",154.104,0,0,0,0,0,0,0,0,0,0,0,0,0,0,0,0,0,0,0,0,311.802,0,-157.698,0
"MtrElec",12,22,20,"",133.262,0,0,0,0,0,0,0,0,0,0,0,0,0,0,0,0,0,0,0,0,259.052,0,-125.789,0
"MtrElec",12,22,21,"",288.283,0,0,0,0,0,0,0,0,0,0,0,0,0,0,0,0,0,0,0,0,288.283,0,0,0
"MtrElec",12,22,22,"",244.69,0,0,0,0,0,0,0,0,0,0,0,0,0,0,0,0,0,0,0,0,244.69,0,0,0
"MtrElec",12,22,23,"",237.763,0,0,0,0,0,0,0,0,0,0,0,0,0,0,0,0,0,0,0,0,237.763,0,0,0
"MtrElec",12,22,24,"",128.13,0,0,0,0,0,0,0,0,0,0,0,0,0,0,0,0,0,0,0,0,128.13,0,0,0
"MtrElec",12,23,1,"",151.535,0,0,0,0,0,0,0,0,0,0,0,0,0,0,0,0,0,0,0,0,151.535,0,0,0
"MtrElec",12,23,2,"",120.322,0,0,0,0,0,0,0,0,0,0,0,0,0,0,0,0,0,0,0,0,120.322,0,0,0
"MtrElec",12,23,3,"",142.613,0,0,0,0,0,0,0,0,0,0,0,0,0,0,0,0,0,0,0,0,142.613,0,0,0
"MtrElec",12,23,4,"",117.924,0,0,0,0,0,0,0,0,0,0,0,0,0,0,0,0,0,0,0,0,117.924,0,0,0
"MtrElec",12,23,5,"",115.046,0,0,0,0,0,0,0,0,0,0,0,0,0,0,0,0,0,0,0,0,115.046,0,0,0
"MtrElec",12,23,6,"",112.838,0,0,0,0,0,0,0,0,0,0,0,0,0,0,0,0,0,0,0,0,112.838,0,0,0
"MtrElec",12,23,7,"",221.68,0,0,0,0,0,0,0,0,0,0,0,0,0,0,0,0,0,0,0,0,221.68,0,0,0
"MtrElec",12,23,8,"",167.011,0,0,0,0,0,0,0,0,0,0,0,0,0,0,0,0,0,0,0,0,249.082,0,0,-82.0708
"MtrElec",12,23,9,"",57.6555,0,0,0,0,0,0,0,0,0,0,0,0,0,0,0,0,0,0,0,0,275.615,0,0,-217.96
"MtrElec",12,23,10,"",0.0000039,0,0,0,0,0,0,0,0,0,0,0,0,0,0,0,0,0,0,0,0,275.775,0,44.8169,-320.592
"MtrElec",12,23,11,"",-10.6173,0,0,0,0,0,0,0,0,0,0,0,0,0,0,0,0,0,0,0,0,219.578,0,157.698,-387.893
"MtrElec",12,23,12,"",-36.135,0,0,0,0,0,0,0,0,0,0,0,0,0,0,0,0,0,0,0,0,225.026,0,157.698,-418.858
"MtrElec",12,23,13,"",-40.7079,0,0,0,0,0,0,0,0,0,0,0,0,0,0,0,0,0,0,0,0,216.866,0,157.698,-415.272
"MtrElec",12,23,14,"",-145.943,0,0,0,0,0,0,0,0,0,0,0,0,0,0,0,0,0,0,0,0,155.246,0,70.4743,-371.663
"MtrElec",12,23,15,"",-143.129,0,0,0,0,0,0,0,0,0,0,0,0,0,0,0,0,0,0,0,0,146.899,0,0,-290.028
"MtrElec",12,23,16,"",15.6594,0,0,0,0,0,0,0,0,0,0,0,0,0,0,0,0,0,0,0,0,187.55,0,0,-171.891
"MtrElec",12,23,17,"",159.34,0,0,0,0,0,0,0,0,0,0,0,0,0,0,0,0,0,0,0,0,202.149,0,0,-42.8092
"MtrElec",12,23,18,"",238.805,0,0,0,0,0,0,0,0,0,0,0,0,0,0,0,0,0,0,0,0,238.805,0,0,0
"MtrElec",12,23,19,"",162.737,0,0,0,0,0,0,0,0,0,0,0,0,0,0,0,0,0,0,0,0,320.435,0,-157.698,0
"MtrElec",12,23,20,"",120.199,0,0,0,0,0,0,0,0,0,0,0,0,0,0,0,0,0,0,0,0,277.897,0,-157.698,0
"MtrElec",12,23,21,"",157.582,0,0,0,0,0,0,0,0,0,0,0,0,0,0,0,0,0,0,0,0,315.28,0,-157.698,0
"MtrElec",12,23,22,"",170.402,0,0,0,0,0,0,0,0,0,0,0,0,0,0,0,0,0,0,0,0,228.326,0,-57.9237,0
"MtrElec",12,23,23,"",223.087,0,0,0,0,0,0,0,0,0,0,0,0,0,0,0,0,0,0,0,0,223.087,0,0,0
"MtrElec",12,23,24,"",143.492,0,0,0,0,0,0,0,0,0,0,0,0,0,0,0,0,0,0,0,0,143.492,0,0,0
"MtrElec",12,24,1,"",121.798,0,0,0,0,0,0,0,0,0,0,0,0,0,0,0,0,0,0,0,0,121.798,0,0,0
"MtrElec",12,24,2,"",117.672,0,0,0,0,0,0,0,0,0,0,0,0,0,0,0,0,0,0,0,0,117.672,0,0,0
"MtrElec",12,24,3,"",147.885,0,0,0,0,0,0,0,0,0,0,0,0,0,0,0,0,0,0,0,0,147.885,0,0,0
"MtrElec",12,24,4,"",114.033,0,0,0,0,0,0,0,0,0,0,0,0,0,0,0,0,0,0,0,0,114.033,0,0,0
"MtrElec",12,24,5,"",107.321,0,0,0,0,0,0,0,0,0,0,0,0,0,0,0,0,0,0,0,0,107.321,0,0,0
"MtrElec",12,24,6,"",113.179,0,0,0,0,0,0,0,0,0,0,0,0,0,0,0,0,0,0,0,0,113.179,0,0,0
"MtrElec",12,24,7,"",183.02,0,0,0,0,0,0,0,0,0,0,0,0,0,0,0,0,0,0,0,0,183.02,0,0,0
"MtrElec",12,24,8,"",150.256,0,0,0,0,0,0,0,0,0,0,0,0,0,0,0,0,0,0,0,0,229.463,0,0,-79.2074
"MtrElec",12,24,9,"",54.847,0,0,0,0,0,0,0,0,0,0,0,0,0,0,0,0,0,0,0,0,264.8,0,0,-209.953
"MtrElec",12,24,10,"",0,0,0,0,0,0,0,0,0,0,0,0,0,0,0,0,0,0,0,0,0,154.091,0,152.313,-306.404
"MtrElec",12,24,11,"",-34.5652,0,0,0,0,0,0,0,0,0,0,0,0,0,0,0,0,0,0,0,0,184.376,0,157.698,-376.639
"MtrElec",12,24,12,"",-24.8865,0,0,0,0,0,0,0,0,0,0,0,0,0,0,0,0,0,0,0,0,224.089,0,157.698,-406.673
"MtrElec",12,24,13,"",-94.3125,0,0,0,0,0,0,0,0,0,0,0,0,0,0,0,0,0,0,0,0,180.337,0,120.676,-395.326
"MtrElec",12,24,14,"",-194.042,0,0,0,0,0,0,0,0,0,0,0,0,0,0,0,0,0,0,0,0,158.618,0,0,-352.66
"MtrElec",12,24,15,"",-71.6835,0,0,0,0,0,0,0,0,0,0,0,0,0,0,0,0,0,0,0,0,207.353,0,0,-279.036
"MtrElec",12,24,16,"",7.48319,0,0,0,0,0,0,0,0,0,0,0,0,0,0,0,0,0,0,0,0,175.618,0,0,-168.135
"MtrElec",12,24,17,"",206.945,0,0,0,0,0,0,0,0,0,0,0,0,0,0,0,0,0,0,0,0,248.563,0,0,-41.6177
"MtrElec",12,24,18,"",273.256,0,0,0,0,0,0,0,0,0,0,0,0,0,0,0,0,0,0,0,0,273.256,0,0,0
"MtrElec",12,24,19,"",97.816,0,0,0,0,0,0,0,0,0,0,0,0,0,0,0,0,0,0,0,0,255.514,0,-157.698,0
"MtrElec",12,24,20,"",158.448,0,0,0,0,0,0,0,0,0,0,0,0,0,0,0,0,0,0,0,0,316.146,0,-157.698,0
"MtrElec",12,24,21,"",122.961,0,0,0,0,0,0,0,0,0,0,0,0,0,0,0,0,0,0,0,0,280.659,0,-157.698,0
"MtrElec",12,24,22,"",202.214,0,0,0,0,0,0,0,0,0,0,0,0,0,0,0,0,0,0,0,0,260.138,0,-57.9237,0
"MtrElec",12,24,23,"",210.935,0,0,0,0,0,0,0,0,0,0,0,0,0,0,0,0,0,0,0,0,210.935,0,0,0
"MtrElec",12,24,24,"",188.242,0,0,0,0,0,0,0,0,0,0,0,0,0,0,0,0,0,0,0,0,188.242,0,0,0
"MtrElec",12,25,1,"",135.277,0,0,0,0,0,0,0,0,0,0,0,0,0,0,0,0,0,0,0,0,135.277,0,0,0
"MtrElec",12,25,2,"",129.347,0,0,0,0,0,0,0,0,0,0,0,0,0,0,0,0,0,0,0,0,129.347,0,0,0
"MtrElec",12,25,3,"",122.271,0,0,0,0,0,0,0,0,0,0,0,0,0,0,0,0,0,0,0,0,122.271,0,0,0
"MtrElec",12,25,4,"",122.836,0,0,0,0,0,0,0,0,0,0,0,0,0,0,0,0,0,0,0,0,122.836,0,0,0
"MtrElec",12,25,5,"",131.916,0,0,0,0,0,0,0,0,0,0,0,0,0,0,0,0,0,0,0,0,131.916,0,0,0
"MtrElec",12,25,6,"",298.575,0,0,0,0,0,0,0,0,0,0,0,0,0,0,0,0,0,0,0,0,298.575,0,0,0
"MtrElec",12,25,7,"",212.22,0,0,0,0,0,0,0,0,0,0,0,0,0,0,0,0,0,0,0,0,212.22,0,0,0
"MtrElec",12,25,8,"",183.463,0,0,0,0,0,0,0,0,0,0,0,0,0,0,0,0,0,0,0,0,262.78,0,0,-79.3174
"MtrElec",12,25,9,"",87.8814,0,0,0,0,0,0,0,0,0,0,0,0,0,0,0,0,0,0,0,0,295.685,0,0,-207.803
"MtrElec",12,25,10,"",77.9569,0,0,0,0,0,0,0,0,0,0,0,0,0,0,0,0,0,0,0,0,379.338,0,0,-301.381
"MtrElec",12,25,11,"",0,0,0,0,0,0,0,0,0,0,0,0,0,0,0,0,0,0,0,0,0,351.044,0,10.3504,-361.395
"MtrElec",12,25,12,"",0,0,0,0,0,0,0,0,0,0,0,0,0,0,0,0,0,0,0,0,0,253.093,0,132.226,-385.319
"MtrElec",12,25,13,"",0.0000156,0,0,0,0,0,0,0,0,0,0,0,0,0,0,0,0,0,0,0,0,224.39,0,148.863,-373.253
"MtrElec",12,25,14,"",-35.1461,0,0,0,0,0,0,0,0,0,0,0,0,0,0,0,0,0,0,0,0,152.175,0,157.698,-345.019
"MtrElec",12,25,15,"",0,0,0,0,0,0,0,0,0,0,0,0,0,0,0,0,0,0,0,0,0,211.391,0,66.7942,-278.185
"MtrElec",12,25,16,"",0.0000001,0,0,0,0,0,0,0,0,0,0,0,0,0,0,0,0,0,0,0,0,166.864,0,1.78597,-168.65
"MtrElec",12,25,17,"",167.296,0,0,0,0,0,0,0,0,0,0,0,0,0,0,0,0,0,0,0,0,210.447,0,0,-43.1503
"MtrElec",12,25,18,"",318.011,0,0,0,0,0,0,0,0,0,0,0,0,0,0,0,0,0,0,0,0,318.011,0,0,0
"MtrElec",12,25,19,"",165.452,0,0,0,0,0,0,0,0,0,0,0,0,0,0,0,0,0,0,0,0,323.15,0,-157.698,0
"MtrElec",12,25,20,"",71.4596,0,0,0,0,0,0,0,0,0,0,0,0,0,0,0,0,0,0,0,0,229.158,0,-157.698,0
"MtrElec",12,25,21,"",142.848,0,0,0,0,0,0,0,0,0,0,0,0,0,0,0,0,0,0,0,0,294.692,0,-151.843,0
"MtrElec",12,25,22,"",197.117,0,0,0,0,0,0,0,0,0,0,0,0,0,0,0,0,0,0,0,0,197.117,0,0,0
"MtrElec",12,25,23,"",231.08,0,0,0,0,0,0,0,0,0,0,0,0,0,0,0,0,0,0,0,0,231.08,0,0,0
"MtrElec",12,25,24,"",180.623,0,0,0,0,0,0,0,0,0,0,0,0,0,0,0,0,0,0,0,0,180.623,0,0,0
"MtrElec",12,26,1,"",125.178,0,0,0,0,0,0,0,0,0,0,0,0,0,0,0,0,0,0,0,0,125.178,0,0,0
"MtrElec",12,26,2,"",109.737,0,0,0,0,0,0,0,0,0,0,0,0,0,0,0,0,0,0,0,0,109.737,0,0,0
"MtrElec",12,26,3,"",125.808,0,0,0,0,0,0,0,0,0,0,0,0,0,0,0,0,0,0,0,0,125.808,0,0,0
"MtrElec",12,26,4,"",172.242,0,0,0,0,0,0,0,0,0,0,0,0,0,0,0,0,0,0,0,0,172.242,0,0,0
"MtrElec",12,26,5,"",150.576,0,0,0,0,0,0,0,0,0,0,0,0,0,0,0,0,0,0,0,0,150.576,0,0,0
"MtrElec",12,26,6,"",132.218,0,0,0,0,0,0,0,0,0,0,0,0,0,0,0,0,0,0,0,0,132.218,0,0,0
"MtrElec",12,26,7,"",127.053,0,0,0,0,0,0,0,0,0,0,0,0,0,0,0,0,0,0,0,0,127.053,0,0,0
"MtrElec",12,26,8,"",152.522,0,0,0,0,0,0,0,0,0,0,0,0,0,0,0,0,0,0,0,0,215.606,0,0,-63.0847
"MtrElec",12,26,9,"",90.524,0,0,0,0,0,0,0,0,0,0,0,0,0,0,0,0,0,0,0,0,218.983,0,0,-128.459
"MtrElec",12,26,10,"",88.9315,0,0,0,0,0,0,0,0,0,0,0,0,0,0,0,0,0,0,0,0,276.932,0,0,-188.001
"MtrElec",12,26,11,"",149.555,0,0,0,0,0,0,0,0,0,0,0,0,0,0,0,0,0,0,0,0,307.49,0,0,-157.936
"MtrElec",12,26,12,"",73.0582,0,0,0,0,0,0,0,0,0,0,0,0,0,0,0,0,0,0,0,0,256.629,0,0,-183.571
"MtrElec",12,26,13,"",15.8549,0,0,0,0,0,0,0,0,0,0,0,0,0,0,0,0,0,0,0,0,242.391,0,0,-226.536
"MtrElec",12,26,14,"",53.5578,0,0,0,0,0,0,0,0,0,0,0,0,0,0,0,0,0,0,0,0,235.386,0,0,-181.828
"MtrElec",12,26,15,"",105.501,0,0,0,0,0,0,0,0,0,0,0,0,0,0,0,0,0,0,0,0,222.319,0,0,-116.818
"MtrElec",12,26,16,"",168.752,0,0,0,0,0,0,0,0,0,0,0,0,0,0,0,0,0,0,0,0,221.818,0,0,-53.0667
"MtrElec",12,26,17,"",168.551,0,0,0,0,0,0,0,0,0,0,0,0,0,0,0,0,0,0,0,0,171.736,0,0,-3.18537
"MtrElec",12,26,18,"",210.461,0,0,0,0,0,0,0,0,0,0,0,0,0,0,0,0,0,0,0,0,210.461,0,0,0
"MtrElec",12,26,19,"",308.787,0,0,0,0,0,0,0,0,0,0,0,0,0,0,0,0,0,0,0,0,308.787,0,0,0
"MtrElec",12,26,20,"",253.932,0,0,0,0,0,0,0,0,0,0,0,0,0,0,0,0,0,0,0,0,253.932,0,0,0
"MtrElec",12,26,21,"",290.905,0,0,0,0,0,0,0,0,0,0,0,0,0,0,0,0,0,0,0,0,290.905,0,0,0
"MtrElec",12,26,22,"",289.51,0,0,0,0,0,0,0,0,0,0,0,0,0,0,0,0,0,0,0,0,289.51,0,0,0
"MtrElec",12,26,23,"",194.009,0,0,0,0,0,0,0,0,0,0,0,0,0,0,0,0,0,0,0,0,194.009,0,0,0
"MtrElec",12,26,24,"",176.261,0,0,0,0,0,0,0,0,0,0,0,0,0,0,0,0,0,0,0,0,176.261,0,0,0
"MtrElec",12,27,1,"",121.592,0,0,0,0,0,0,0,0,0,0,0,0,0,0,0,0,0,0,0,0,121.592,0,0,0
"MtrElec",12,27,2,"",117.534,0,0,0,0,0,0,0,0,0,0,0,0,0,0,0,0,0,0,0,0,117.534,0,0,0
"MtrElec",12,27,3,"",117.175,0,0,0,0,0,0,0,0,0,0,0,0,0,0,0,0,0,0,0,0,117.175,0,0,0
"MtrElec",12,27,4,"",111.028,0,0,0,0,0,0,0,0,0,0,0,0,0,0,0,0,0,0,0,0,111.028,0,0,0
"MtrElec",12,27,5,"",108.531,0,0,0,0,0,0,0,0,0,0,0,0,0,0,0,0,0,0,0,0,108.531,0,0,0
"MtrElec",12,27,6,"",122.505,0,0,0,0,0,0,0,0,0,0,0,0,0,0,0,0,0,0,0,0,122.505,0,0,0
"MtrElec",12,27,7,"",171.968,0,0,0,0,0,0,0,0,0,0,0,0,0,0,0,0,0,0,0,0,171.968,0,0,0
"MtrElec",12,27,8,"",189.781,0,0,0,0,0,0,0,0,0,0,0,0,0,0,0,0,0,0,0,0,210.855,0,0,-21.0744
"MtrElec",12,27,9,"",199.695,0,0,0,0,0,0,0,0,0,0,0,0,0,0,0,0,0,0,0,0,255.724,0,0,-56.0287
"MtrElec",12,27,10,"",197.362,0,0,0,0,0,0,0,0,0,0,0,0,0,0,0,0,0,0,0,0,296.79,0,0,-99.4278
"MtrElec",12,27,11,"",152.681,0,0,0,0,0,0,0,0,0,0,0,0,0,0,0,0,0,0,0,0,267.264,0,0,-114.583
"MtrElec",12,27,12,"",139.94,0,0,0,0,0,0,0,0,0,0,0,0,0,0,0,0,0,0,0,0,280.986,0,0,-141.046
"MtrElec",12,27,13,"",95.7985,0,0,0,0,0,0,0,0,0,0,0,0,0,0,0,0,0,0,0,0,232.646,0,0,-136.847
"MtrElec",12,27,14,"",74.8071,0,0,0,0,0,0,0,0,0,0,0,0,0,0,0,0,0,0,0,0,216.075,0,0,-141.268
"MtrElec",12,27,15,"",54.7205,0,0,0,0,0,0,0,0,0,0,0,0,0,0,0,0,0,0,0,0,234.073,0,0,-179.352
"MtrElec",12,27,16,"",97.2173,0,0,0,0,0,0,0,0,0,0,0,0,0,0,0,0,0,0,0,0,221.048,0,0,-123.831
"MtrElec",12,27,17,"",154.266,0,0,0,0,0,0,0,0,0,0,0,0,0,0,0,0,0,0,0,0,171.047,0,0,-16.7811
"MtrElec",12,27,18,"",242.458,0,0,0,0,0,0,0,0,0,0,0,0,0,0,0,0,0,0,0,0,242.458,0,0,0
"MtrElec",12,27,19,"",320.994,0,0,0,0,0,0,0,0,0,0,0,0,0,0,0,0,0,0,0,0,320.994,0,0,0
"MtrElec",12,27,20,"",286.451,0,0,0,0,0,0,0,0,0,0,0,0,0,0,0,0,0,0,0,0,286.451,0,0,0
"MtrElec",12,27,21,"",239.604,0,0,0,0,0,0,0,0,0,0,0,0,0,0,0,0,0,0,0,0,239.604,0,0,0
"MtrElec",12,27,22,"",267.921,0,0,0,0,0,0,0,0,0,0,0,0,0,0,0,0,0,0,0,0,267.921,0,0,0
"MtrElec",12,27,23,"",187.621,0,0,0,0,0,0,0,0,0,0,0,0,0,0,0,0,0,0,0,0,187.621,0,0,0
"MtrElec",12,27,24,"",160.602,0,0,0,0,0,0,0,0,0,0,0,0,0,0,0,0,0,0,0,0,160.602,0,0,0
"MtrElec",12,28,1,"",111.089,0,0,0,0,0,0,0,0,0,0,0,0,0,0,0,0,0,0,0,0,111.089,0,0,0
"MtrElec",12,28,2,"",111.658,0,0,0,0,0,0,0,0,0,0,0,0,0,0,0,0,0,0,0,0,111.658,0,0,0
"MtrElec",12,28,3,"",99.0899,0,0,0,0,0,0,0,0,0,0,0,0,0,0,0,0,0,0,0,0,99.0899,0,0,0
"MtrElec",12,28,4,"",153.437,0,0,0,0,0,0,0,0,0,0,0,0,0,0,0,0,0,0,0,0,153.437,0,0,0
"MtrElec",12,28,5,"",115.077,0,0,0,0,0,0,0,0,0,0,0,0,0,0,0,0,0,0,0,0,115.077,0,0,0
"MtrElec",12,28,6,"",100.208,0,0,0,0,0,0,0,0,0,0,0,0,0,0,0,0,0,0,0,0,100.208,0,0,0
"MtrElec",12,28,7,"",209.494,0,0,0,0,0,0,0,0,0,0,0,0,0,0,0,0,0,0,0,0,209.494,0,0,0
"MtrElec",12,28,8,"",251.73,0,0,0,0,0,0,0,0,0,0,0,0,0,0,0,0,0,0,0,0,253.036,0,0,-1.30606
"MtrElec",12,28,9,"",245.372,0,0,0,0,0,0,0,0,0,0,0,0,0,0,0,0,0,0,0,0,248.12,0,0,-2.74869
"MtrElec",12,28,10,"",156.627,0,0,0,0,0,0,0,0,0,0,0,0,0,0,0,0,0,0,0,0,185.291,0,0,-28.6642
"MtrElec",12,28,11,"",139.92,0,0,0,0,0,0,0,0,0,0,0,0,0,0,0,0,0,0,0,0,237.018,0,0,-97.098
"MtrElec",12,28,12,"",155.725,0,0,0,0,0,0,0,0,0,0,0,0,0,0,0,0,0,0,0,0,202.86,0,0,-47.1351
"MtrElec",12,28,13,"",79.6093,0,0,0,0,0,0,0,0,0,0,0,0,0,0,0,0,0,0,0,0,136.837,0,0,-57.2274
"MtrElec",12,28,14,"",143.218,0,0,0,0,0,0,0,0,0,0,0,0,0,0,0,0,0,0,0,0,187.554,0,0,-44.3358
"MtrElec",12,28,15,"",117.369,0,0,0,0,0,0,0,0,0,0,0,0,0,0,0,0,0,0,0,0,145.794,0,0,-28.4252
"MtrElec",12,28,16,"",197.811,0,0,0,0,0,0,0,0,0,0,0,0,0,0,0,0,0,0,0,0,211.663,0,0,-13.8511
"MtrElec",12,28,17,"",232.279,0,0,0,0,0,0,0,0,0,0,0,0,0,0,0,0,0,0,0,0,234.039,0,0,-1.75994
"MtrElec",12,28,18,"",230.75,0,0,0,0,0,0,0,0,0,0,0,0,0,0,0,0,0,0,0,0,230.75,0,0,0
"MtrElec",12,28,19,"",278.174,0,0,0,0,0,0,0,0,0,0,0,0,0,0,0,0,0,0,0,0,278.174,0,0,0
"MtrElec",12,28,20,"",260.656,0,0,0,0,0,0,0,0,0,0,0,0,0,0,0,0,0,0,0,0,260.656,0,0,0
"MtrElec",12,28,21,"",257.832,0,0,0,0,0,0,0,0,0,0,0,0,0,0,0,0,0,0,0,0,257.832,0,0,0
"MtrElec",12,28,22,"",235.047,0,0,0,0,0,0,0,0,0,0,0,0,0,0,0,0,0,0,0,0,235.047,0,0,0
"MtrElec",12,28,23,"",231.992,0,0,0,0,0,0,0,0,0,0,0,0,0,0,0,0,0,0,0,0,231.992,0,0,0
"MtrElec",12,28,24,"",182.432,0,0,0,0,0,0,0,0,0,0,0,0,0,0,0,0,0,0,0,0,182.432,0,0,0
"MtrElec",12,29,1,"",119.122,0,0,0,0,0,0,0,0,0,0,0,0,0,0,0,0,0,0,0,0,119.122,0,0,0
"MtrElec",12,29,2,"",112.978,0,0,0,0,0,0,0,0,0,0,0,0,0,0,0,0,0,0,0,0,112.978,0,0,0
"MtrElec",12,29,3,"",139.95,0,0,0,0,0,0,0,0,0,0,0,0,0,0,0,0,0,0,0,0,139.95,0,0,0
"MtrElec",12,29,4,"",112.395,0,0,0,0,0,0,0,0,0,0,0,0,0,0,0,0,0,0,0,0,112.395,0,0,0
"MtrElec",12,29,5,"",112.687,0,0,0,0,0,0,0,0,0,0,0,0,0,0,0,0,0,0,0,0,112.687,0,0,0
"MtrElec",12,29,6,"",103.877,0,0,0,0,0,0,0,0,0,0,0,0,0,0,0,0,0,0,0,0,103.877,0,0,0
"MtrElec",12,29,7,"",230.573,0,0,0,0,0,0,0,0,0,0,0,0,0,0,0,0,0,0,0,0,230.573,0,0,0
"MtrElec",12,29,8,"",252.141,0,0,0,0,0,0,0,0,0,0,0,0,0,0,0,0,0,0,0,0,252.141,0,0,0
"MtrElec",12,29,9,"",264.206,0,0,0,0,0,0,0,0,0,0,0,0,0,0,0,0,0,0,0,0,266.482,0,0,-2.27612
"MtrElec",12,29,10,"",163.874,0,0,0,0,0,0,0,0,0,0,0,0,0,0,0,0,0,0,0,0,225.19,0,0,-61.3161
"MtrElec",12,29,11,"",195.199,0,0,0,0,0,0,0,0,0,0,0,0,0,0,0,0,0,0,0,0,223.292,0,0,-28.0938
"MtrElec",12,29,12,"",142.677,0,0,0,0,0,0,0,0,0,0,0,0,0,0,0,0,0,0,0,0,234.295,0,0,-91.6184
"MtrElec",12,29,13,"",126.116,0,0,0,0,0,0,0,0,0,0,0,0,0,0,0,0,0,0,0,0,226.371,0,0,-100.255
"MtrElec",12,29,14,"",112.924,0,0,0,0,0,0,0,0,0,0,0,0,0,0,0,0,0,0,0,0,163.829,0,0,-50.9051
"MtrElec",12,29,15,"",126.012,0,0,0,0,0,0,0,0,0,0,0,0,0,0,0,0,0,0,0,0,138.353,0,0,-12.3403
"MtrElec",12,29,16,"",57.1713,0,0,0,0,0,0,0,0,0,0,0,0,0,0,0,0,0,0,0,0,171.14,0,0,-113.969
"MtrElec",12,29,17,"",128.879,0,0,0,0,0,0,0,0,0,0,0,0,0,0,0,0,0,0,0,0,168.691,0,0,-39.8127
"MtrElec",12,29,18,"",264.065,0,0,0,0,0,0,0,0,0,0,0,0,0,0,0,0,0,0,0,0,264.065,0,0,0
"MtrElec",12,29,19,"",295.867,0,0,0,0,0,0,0,0,0,0,0,0,0,0,0,0,0,0,0,0,295.867,0,0,0
"MtrElec",12,29,20,"",254.361,0,0,0,0,0,0,0,0,0,0,0,0,0,0,0,0,0,0,0,0,254.361,0,0,0
"MtrElec",12,29,21,"",285.555,0,0,0,0,0,0,0,0,0,0,0,0,0,0,0,0,0,0,0,0,285.555,0,0,0
"MtrElec",12,29,22,"",272.016,0,0,0,0,0,0,0,0,0,0,0,0,0,0,0,0,0,0,0,0,272.016,0,0,0
"MtrElec",12,29,23,"",193.751,0,0,0,0,0,0,0,0,0,0,0,0,0,0,0,0,0,0,0,0,193.751,0,0,0
"MtrElec",12,29,24,"",231.567,0,0,0,0,0,0,0,0,0,0,0,0,0,0,0,0,0,0,0,0,231.567,0,0,0
"MtrElec",12,30,1,"",155.372,0,0,0,0,0,0,0,0,0,0,0,0,0,0,0,0,0,0,0,0,155.372,0,0,0
"MtrElec",12,30,2,"",125.972,0,0,0,0,0,0,0,0,0,0,0,0,0,0,0,0,0,0,0,0,125.972,0,0,0
"MtrElec",12,30,3,"",114.445,0,0,0,0,0,0,0,0,0,0,0,0,0,0,0,0,0,0,0,0,114.445,0,0,0
"MtrElec",12,30,4,"",124.999,0,0,0,0,0,0,0,0,0,0,0,0,0,0,0,0,0,0,0,0,124.999,0,0,0
"MtrElec",12,30,5,"",131.842,0,0,0,0,0,0,0,0,0,0,0,0,0,0,0,0,0,0,0,0,131.842,0,0,0
"MtrElec",12,30,6,"",174.018,0,0,0,0,0,0,0,0,0,0,0,0,0,0,0,0,0,0,0,0,174.018,0,0,0
"MtrElec",12,30,7,"",333.049,0,0,0,0,0,0,0,0,0,0,0,0,0,0,0,0,0,0,0,0,333.049,0,0,0
"MtrElec",12,30,8,"",202.237,0,0,0,0,0,0,0,0,0,0,0,0,0,0,0,0,0,0,0,0,271.672,0,0,-69.4344
"MtrElec",12,30,9,"",92.0602,0,0,0,0,0,0,0,0,0,0,0,0,0,0,0,0,0,0,0,0,291.389,0,0,-199.329
"MtrElec",12,30,10,"",24.9043,0,0,0,0,0,0,0,0,0,0,0,0,0,0,0,0,0,0,0,0,317.892,0,0,-292.988
"MtrElec",12,30,11,"",0,0,0,0,0,0,0,0,0,0,0,0,0,0,0,0,0,0,0,0,0,268.356,0,83.0461,-351.402
"MtrElec",12,30,12,"",0,0,0,0,0,0,0,0,0,0,0,0,0,0,0,0,0,0,0,0,0,245.056,0,138.588,-383.645
"MtrElec",12,30,13,"",0,0,0,0,0,0,0,0,0,0,0,0,0,0,0,0,0,0,0,0,0,285.764,0,6.68844,-292.452
"MtrElec",12,30,14,"",-11.0386,0,0,0,0,0,0,0,0,0,0,0,0,0,0,0,0,0,0,0,0,150.79,0,157.698,-319.527
"MtrElec",12,30,15,"",0,0,0,0,0,0,0,0,0,0,0,0,0,0,0,0,0,0,0,0,0,197.606,0,50.8833,-248.49
"MtrElec",12,30,16,"",0,0,0,0,0,0,0,0,0,0,0,0,0,0,0,0,0,0,0,0,0,141.719,0,28.0514,-169.771
"MtrElec",12,30,17,"",223.49,0,0,0,0,0,0,0,0,0,0,0,0,0,0,0,0,0,0,0,0,255.31,0,0,-31.82
"MtrElec",12,30,18,"",253.952,0,0,0,0,0,0,0,0,0,0,0,0,0,0,0,0,0,0,0,0,253.952,0,0,0
"MtrElec",12,30,19,"",102.563,0,0,0,0,0,0,0,0,0,0,0,0,0,0,0,0,0,0,0,0,260.261,0,-157.698,0
"MtrElec",12,30,20,"",179.392,0,0,0,0,0,0,0,0,0,0,0,0,0,0,0,0,0,0,0,0,337.09,0,-157.698,0
"MtrElec",12,30,21,"",240.304,0,0,0,0,0,0,0,0,0,0,0,0,0,0,0,0,0,0,0,0,344.531,0,-104.227,0
"MtrElec",12,30,22,"",241.879,0,0,0,0,0,0,0,0,0,0,0,0,0,0,0,0,0,0,0,0,241.879,0,0,0
"MtrElec",12,30,23,"",231.621,0,0,0,0,0,0,0,0,0,0,0,0,0,0,0,0,0,0,0,0,231.621,0,0,0
"MtrElec",12,30,24,"",179.042,0,0,0,0,0,0,0,0,0,0,0,0,0,0,0,0,0,0,0,0,179.042,0,0,0
"MtrElec",12,31,1,"",177.337,0,0,0,0,0,0,0,0,0,0,0,0,0,0,0,0,0,0,0,0,177.337,0,0,0
"MtrElec",12,31,2,"",133.323,0,0,0,0,0,0,0,0,0,0,0,0,0,0,0,0,0,0,0,0,133.323,0,0,0
"MtrElec",12,31,3,"",111.436,0,0,0,0,0,0,0,0,0,0,0,0,0,0,0,0,0,0,0,0,111.436,0,0,0
"MtrElec",12,31,4,"",132.154,0,0,0,0,0,0,0,0,0,0,0,0,0,0,0,0,0,0,0,0,132.154,0,0,0
"MtrElec",12,31,5,"",111.714,0,0,0,0,0,0,0,0,0,0,0,0,0,0,0,0,0,0,0,0,111.714,0,0,0
"MtrElec",12,31,6,"",171.036,0,0,0,0,0,0,0,0,0,0,0,0,0,0,0,0,0,0,0,0,171.036,0,0,0
"MtrElec",12,31,7,"",186.239,0,0,0,0,0,0,0,0,0,0,0,0,0,0,0,0,0,0,0,0,186.239,0,0,0
"MtrElec",12,31,8,"",259.926,0,0,0,0,0,0,0,0,0,0,0,0,0,0,0,0,0,0,0,0,259.926,0,0,0
"MtrElec",12,31,9,"",288.667,0,0,0,0,0,0,0,0,0,0,0,0,0,0,0,0,0,0,0,0,296.375,0,0,-7.70758
"MtrElec",12,31,10,"",299.192,0,0,0,0,0,0,0,0,0,0,0,0,0,0,0,0,0,0,0,0,307.346,0,0,-8.15387
"MtrElec",12,31,11,"",236.489,0,0,0,0,0,0,0,0,0,0,0,0,0,0,0,0,0,0,0,0,248.01,0,0,-11.5211
"MtrElec",12,31,12,"",209.418,0,0,0,0,0,0,0,0,0,0,0,0,0,0,0,0,0,0,0,0,233.095,0,0,-23.6771
"MtrElec",12,31,13,"",221.838,0,0,0,0,0,0,0,0,0,0,0,0,0,0,0,0,0,0,0,0,242.61,0,0,-20.7713
"MtrElec",12,31,14,"",0,0,0,0,0,0,0,0,0,0,0,0,0,0,0,0,0,0,0,0,0,141.603,0,15.9638,-157.567
"MtrElec",12,31,15,"",0,0,0,0,0,0,0,0,0,0,0,0,0,0,0,0,0,0,0,0,0,201.639,0,53.8314,-255.47
"MtrElec",12,31,16,"",23.6444,0,0,0,0,0,0,0,0,0,0,0,0,0,0,0,0,0,0,0,0,192.448,0,0,-168.804
"MtrElec",12,31,17,"",159.645,0,0,0,0,0,0,0,0,0,0,0,0,0,0,0,0,0,0,0,0,184.674,0,0,-25.0287
"MtrElec",12,31,18,"",270.237,0,0,0,0,0,0,0,0,0,0,0,0,0,0,0,0,0,0,0,0,270.237,0,0,0
"MtrElec",12,31,19,"",239.997,0,0,0,0,0,0,0,0,0,0,0,0,0,0,0,0,0,0,0,0,302.987,0,-62.9902,0
"MtrElec",12,31,20,"",290.12,0,0,0,0,0,0,0,0,0,0,0,0,0,0,0,0,0,0,0,0,290.12,0,0,0
"MtrElec",12,31,21,"",342.763,0,0,0,0,0,0,0,0,0,0,0,0,0,0,0,0,0,0,0,0,342.763,0,0,0
"MtrElec",12,31,22,"",258.543,0,0,0,0,0,0,0,0,0,0,0,0,0,0,0,0,0,0,0,0,258.543,0,0,0
"MtrElec",12,31,23,"",321.076,0,0,0,0,0,0,0,0,0,0,0,0,0,0,0,0,0,0,0,0,321.076,0,0,0
"MtrElec",12,31,24,"",199.568,0,0,0,0,0,0,0,0,0,0,0,0,0,0,0,0,0,0,0,0,199.568,0,0,0

