"(RunTitle not specified)  /  Standard (PV-Batt only)  /  Jefferson Murrieta_Bldg 2C_2025-12-17.cibd22",001
"Wed 17-Dec-25   2:0 pm"
"Energy Use","Hour"
"Meter","Mon","Day","Hr","Subhr","Tot","Clg","Htg","HPBU","Dhw","DhwBU","DhwMFL","FanC","FanH","FanV","Fan","Aux","Proc","Lit","Rcp","Ext","Refr","Dish","Dry","Wash","Cook","User1","User2","BT","PV"
"MtrElec",1,1,1,"",150.176,0,0,0,0,0,0,0,0,0,0,0,0,0,0,0,0,0,0,0,0,150.176,0,0,0
"MtrElec",1,1,2,"",253.843,0,0,0,0,0,0,0,0,0,0,0,0,0,0,0,0,0,0,0,0,253.843,0,0,0
"MtrElec",1,1,3,"",130.959,0,0,0,0,0,0,0,0,0,0,0,0,0,0,0,0,0,0,0,0,130.959,0,0,0
"MtrElec",1,1,4,"",148.956,0,0,0,0,0,0,0,0,0,0,0,0,0,0,0,0,0,0,0,0,148.956,0,0,0
"MtrElec",1,1,5,"",152.925,0,0,0,0,0,0,0,0,0,0,0,0,0,0,0,0,0,0,0,0,152.925,0,0,0
"MtrElec",1,1,6,"",188.421,0,0,0,0,0,0,0,0,0,0,0,0,0,0,0,0,0,0,0,0,188.421,0,0,0
"MtrElec",1,1,7,"",339.465,0,0,0,0,0,0,0,0,0,0,0,0,0,0,0,0,0,0,0,0,339.465,0,0,0
"MtrElec",1,1,8,"",339.159,0,0,0,0,0,0,0,0,0,0,0,0,0,0,0,0,0,0,0,0,365.508,0,0,-26.3492
"MtrElec",1,1,9,"",251.722,0,0,0,0,0,0,0,0,0,0,0,0,0,0,0,0,0,0,0,0,339.847,0,0,-88.1243
"MtrElec",1,1,10,"",222.529,0,0,0,0,0,0,0,0,0,0,0,0,0,0,0,0,0,0,0,0,328.672,0,0,-106.143
"MtrElec",1,1,11,"",187.274,0,0,0,0,0,0,0,0,0,0,0,0,0,0,0,0,0,0,0,0,411.62,0,0,-224.346
"MtrElec",1,1,12,"",210.134,0,0,0,0,0,0,0,0,0,0,0,0,0,0,0,0,0,0,0,0,397.333,0,0,-187.199
"MtrElec",1,1,13,"",24.6928,0,0,0,0,0,0,0,0,0,0,0,0,0,0,0,0,0,0,0,0,302.514,0,0,-277.821
"MtrElec",1,1,14,"",11.9233,0,0,0,0,0,0,0,0,0,0,0,0,0,0,0,0,0,0,0,0,267.393,0,0,-255.47
"MtrElec",1,1,15,"",91.1984,0,0,0,0,0,0,0,0,0,0,0,0,0,0,0,0,0,0,0,0,245.322,0,0,-154.124
"MtrElec",1,1,16,"",177.145,0,0,0,0,0,0,0,0,0,0,0,0,0,0,0,0,0,0,0,0,222.364,0,0,-45.219
"MtrElec",1,1,17,"",236.465,0,0,0,0,0,0,0,0,0,0,0,0,0,0,0,0,0,0,0,0,242.004,0,0,-5.53924
"MtrElec",1,1,18,"",349.505,0,0,0,0,0,0,0,0,0,0,0,0,0,0,0,0,0,0,0,0,349.505,0,0,0
"MtrElec",1,1,19,"",328.394,0,0,0,0,0,0,0,0,0,0,0,0,0,0,0,0,0,0,0,0,328.394,0,0,0
"MtrElec",1,1,20,"",316.49,0,0,0,0,0,0,0,0,0,0,0,0,0,0,0,0,0,0,0,0,316.49,0,0,0
"MtrElec",1,1,21,"",248.506,0,0,0,0,0,0,0,0,0,0,0,0,0,0,0,0,0,0,0,0,248.506,0,0,0
"MtrElec",1,1,22,"",280.815,0,0,0,0,0,0,0,0,0,0,0,0,0,0,0,0,0,0,0,0,280.815,0,0,0
"MtrElec",1,1,23,"",220.255,0,0,0,0,0,0,0,0,0,0,0,0,0,0,0,0,0,0,0,0,220.255,0,0,0
"MtrElec",1,1,24,"",195.199,0,0,0,0,0,0,0,0,0,0,0,0,0,0,0,0,0,0,0,0,195.199,0,0,0
"MtrElec",1,2,1,"",138.999,0,0,0,0,0,0,0,0,0,0,0,0,0,0,0,0,0,0,0,0,138.999,0,0,0
"MtrElec",1,2,2,"",138.091,0,0,0,0,0,0,0,0,0,0,0,0,0,0,0,0,0,0,0,0,138.091,0,0,0
"MtrElec",1,2,3,"",126.303,0,0,0,0,0,0,0,0,0,0,0,0,0,0,0,0,0,0,0,0,126.303,0,0,0
"MtrElec",1,2,4,"",185.823,0,0,0,0,0,0,0,0,0,0,0,0,0,0,0,0,0,0,0,0,185.823,0,0,0
"MtrElec",1,2,5,"",139.135,0,0,0,0,0,0,0,0,0,0,0,0,0,0,0,0,0,0,0,0,139.135,0,0,0
"MtrElec",1,2,6,"",126.316,0,0,0,0,0,0,0,0,0,0,0,0,0,0,0,0,0,0,0,0,126.316,0,0,0
"MtrElec",1,2,7,"",237.19,0,0,0,0,0,0,0,0,0,0,0,0,0,0,0,0,0,0,0,0,237.19,0,0,0
"MtrElec",1,2,8,"",229.001,0,0,0,0,0,0,0,0,0,0,0,0,0,0,0,0,0,0,0,0,250.473,0,0,-21.4716
"MtrElec",1,2,9,"",271.988,0,0,0,0,0,0,0,0,0,0,0,0,0,0,0,0,0,0,0,0,285.127,0,0,-13.1387
"MtrElec",1,2,10,"",219.118,0,0,0,0,0,0,0,0,0,0,0,0,0,0,0,0,0,0,0,0,267.5,0,0,-48.3821
"MtrElec",1,2,11,"",177.298,0,0,0,0,0,0,0,0,0,0,0,0,0,0,0,0,0,0,0,0,240.163,0,0,-62.8659
"MtrElec",1,2,12,"",226.104,0,0,0,0,0,0,0,0,0,0,0,0,0,0,0,0,0,0,0,0,263.762,0,0,-37.6581
"MtrElec",1,2,13,"",136.775,0,0,0,0,0,0,0,0,0,0,0,0,0,0,0,0,0,0,0,0,169.789,0,0,-33.0141
"MtrElec",1,2,14,"",152.962,0,0,0,0,0,0,0,0,0,0,0,0,0,0,0,0,0,0,0,0,178.772,0,0,-25.8096
"MtrElec",1,2,15,"",173.745,0,0,0,0,0,0,0,0,0,0,0,0,0,0,0,0,0,0,0,0,188.821,0,0,-15.0766
"MtrElec",1,2,16,"",143.23,0,0,0,0,0,0,0,0,0,0,0,0,0,0,0,0,0,0,0,0,149.989,0,0,-6.75922
"MtrElec",1,2,17,"",221.443,0,0,0,0,0,0,0,0,0,0,0,0,0,0,0,0,0,0,0,0,221.443,0,0,0
"MtrElec",1,2,18,"",230.905,0,0,0,0,0,0,0,0,0,0,0,0,0,0,0,0,0,0,0,0,230.905,0,0,0
"MtrElec",1,2,19,"",307.987,0,0,0,0,0,0,0,0,0,0,0,0,0,0,0,0,0,0,0,0,307.987,0,0,0
"MtrElec",1,2,20,"",269.701,0,0,0,0,0,0,0,0,0,0,0,0,0,0,0,0,0,0,0,0,269.701,0,0,0
"MtrElec",1,2,21,"",336.725,0,0,0,0,0,0,0,0,0,0,0,0,0,0,0,0,0,0,0,0,336.725,0,0,0
"MtrElec",1,2,22,"",241.273,0,0,0,0,0,0,0,0,0,0,0,0,0,0,0,0,0,0,0,0,241.273,0,0,0
"MtrElec",1,2,23,"",249.796,0,0,0,0,0,0,0,0,0,0,0,0,0,0,0,0,0,0,0,0,249.796,0,0,0
"MtrElec",1,2,24,"",199.383,0,0,0,0,0,0,0,0,0,0,0,0,0,0,0,0,0,0,0,0,199.383,0,0,0
"MtrElec",1,3,1,"",141.626,0,0,0,0,0,0,0,0,0,0,0,0,0,0,0,0,0,0,0,0,141.626,0,0,0
"MtrElec",1,3,2,"",106.987,0,0,0,0,0,0,0,0,0,0,0,0,0,0,0,0,0,0,0,0,106.987,0,0,0
"MtrElec",1,3,3,"",126.518,0,0,0,0,0,0,0,0,0,0,0,0,0,0,0,0,0,0,0,0,126.518,0,0,0
"MtrElec",1,3,4,"",128.477,0,0,0,0,0,0,0,0,0,0,0,0,0,0,0,0,0,0,0,0,128.477,0,0,0
"MtrElec",1,3,5,"",208.092,0,0,0,0,0,0,0,0,0,0,0,0,0,0,0,0,0,0,0,0,208.092,0,0,0
"MtrElec",1,3,6,"",142.334,0,0,0,0,0,0,0,0,0,0,0,0,0,0,0,0,0,0,0,0,142.334,0,0,0
"MtrElec",1,3,7,"",143.718,0,0,0,0,0,0,0,0,0,0,0,0,0,0,0,0,0,0,0,0,143.718,0,0,0
"MtrElec",1,3,8,"",156.947,0,0,0,0,0,0,0,0,0,0,0,0,0,0,0,0,0,0,0,0,231.398,0,0,-74.4512
"MtrElec",1,3,9,"",0,0,0,0,0,0,0,0,0,0,0,0,0,0,0,0,0,0,0,0,0,188.658,0,21.3068,-209.965
"MtrElec",1,3,10,"",0,0,0,0,0,0,0,0,0,0,0,0,0,0,0,0,0,0,0,0,0,256.003,0,59.0273,-315.031
"MtrElec",1,3,11,"",0,0,0,0,0,0,0,0,0,0,0,0,0,0,0,0,0,0,0,0,0,333.811,0,53.8246,-387.636
"MtrElec",1,3,12,"",0,0,0,0,0,0,0,0,0,0,0,0,0,0,0,0,0,0,0,0,0,288.382,0,133.075,-421.457
"MtrElec",1,3,13,"",0,0,0,0,0,0,0,0,0,0,0,0,0,0,0,0,0,0,0,0,0,271.097,0,147.262,-418.359
"MtrElec",1,3,14,"",0,0,0,0,0,0,0,0,0,0,0,0,0,0,0,0,0,0,0,0,0,241.527,0,136.029,-377.556
"MtrElec",1,3,15,"",-9.11943,0,0,0,0,0,0,0,0,0,0,0,0,0,0,0,0,0,0,0,0,249.609,0,37.8598,-296.588
"MtrElec",1,3,16,"",3.35816,0,0,0,0,0,0,0,0,0,0,0,0,0,0,0,0,0,0,0,0,189.388,0,0,-186.03
"MtrElec",1,3,17,"",174.097,0,0,0,0,0,0,0,0,0,0,0,0,0,0,0,0,0,0,0,0,229.699,0,0,-55.6024
"MtrElec",1,3,18,"",260.485,0,0,0,0,0,0,0,0,0,0,0,0,0,0,0,0,0,0,0,0,260.485,0,0,0
"MtrElec",1,3,19,"",199.758,0,0,0,0,0,0,0,0,0,0,0,0,0,0,0,0,0,0,0,0,357.456,0,-157.698,0
"MtrElec",1,3,20,"",155.186,0,0,0,0,0,0,0,0,0,0,0,0,0,0,0,0,0,0,0,0,312.884,0,-157.698,0
"MtrElec",1,3,21,"",125.153,0,0,0,0,0,0,0,0,0,0,0,0,0,0,0,0,0,0,0,0,282.851,0,-157.698,0
"MtrElec",1,3,22,"",199.54,0,0,0,0,0,0,0,0,0,0,0,0,0,0,0,0,0,0,0,0,257.464,0,-57.9236,0
"MtrElec",1,3,23,"",239.455,0,0,0,0,0,0,0,0,0,0,0,0,0,0,0,0,0,0,0,0,239.455,0,0,0
"MtrElec",1,3,24,"",184.36,0,0,0,0,0,0,0,0,0,0,0,0,0,0,0,0,0,0,0,0,184.36,0,0,0
"MtrElec",1,4,1,"",130.553,0,0,0,0,0,0,0,0,0,0,0,0,0,0,0,0,0,0,0,0,130.553,0,0,0
"MtrElec",1,4,2,"",138.22,0,0,0,0,0,0,0,0,0,0,0,0,0,0,0,0,0,0,0,0,138.22,0,0,0
"MtrElec",1,4,3,"",140.402,0,0,0,0,0,0,0,0,0,0,0,0,0,0,0,0,0,0,0,0,140.402,0,0,0
"MtrElec",1,4,4,"",237.254,0,0,0,0,0,0,0,0,0,0,0,0,0,0,0,0,0,0,0,0,237.254,0,0,0
"MtrElec",1,4,5,"",167.767,0,0,0,0,0,0,0,0,0,0,0,0,0,0,0,0,0,0,0,0,167.767,0,0,0
"MtrElec",1,4,6,"",151.249,0,0,0,0,0,0,0,0,0,0,0,0,0,0,0,0,0,0,0,0,151.249,0,0,0
"MtrElec",1,4,7,"",207.078,0,0,0,0,0,0,0,0,0,0,0,0,0,0,0,0,0,0,0,0,207.078,0,0,0
"MtrElec",1,4,8,"",160.336,0,0,0,0,0,0,0,0,0,0,0,0,0,0,0,0,0,0,0,0,241.364,0,0,-81.0278
"MtrElec",1,4,9,"",49.4297,0,0,0,0,0,0,0,0,0,0,0,0,0,0,0,0,0,0,0,0,268.498,0,0,-219.068
"MtrElec",1,4,10,"",0,0,0,0,0,0,0,0,0,0,0,0,0,0,0,0,0,0,0,0,0,299.268,0,21.4404,-320.708
"MtrElec",1,4,11,"",0,0,0,0,0,0,0,0,0,0,0,0,0,0,0,0,0,0,0,0,0,319.426,0,63.0448,-382.471
"MtrElec",1,4,12,"",0,0,0,0,0,0,0,0,0,0,0,0,0,0,0,0,0,0,0,0,0,351.863,0,62.2546,-414.118
"MtrElec",1,4,13,"",0.0000078,0,0,0,0,0,0,0,0,0,0,0,0,0,0,0,0,0,0,0,0,329.903,0,80.8045,-410.708
"MtrElec",1,4,14,"",0,0,0,0,0,0,0,0,0,0,0,0,0,0,0,0,0,0,0,0,0,257.146,0,115.217,-372.363
"MtrElec",1,4,15,"",0,0,0,0,0,0,0,0,0,0,0,0,0,0,0,0,0,0,0,0,0,259.306,0,39.9678,-299.273
"MtrElec",1,4,16,"",38.44,0,0,0,0,0,0,0,0,0,0,0,0,0,0,0,0,0,0,0,0,229.793,0,0,-191.353
"MtrElec",1,4,17,"",158.289,0,0,0,0,0,0,0,0,0,0,0,0,0,0,0,0,0,0,0,0,215.284,0,0,-56.995
"MtrElec",1,4,18,"",226.769,0,0,0,0,0,0,0,0,0,0,0,0,0,0,0,0,0,0,0,0,226.769,0,0,0
"MtrElec",1,4,19,"",187.6,0,0,0,0,0,0,0,0,0,0,0,0,0,0,0,0,0,0,0,0,345.298,0,-157.698,0
"MtrElec",1,4,20,"",171.2,0,0,0,0,0,0,0,0,0,0,0,0,0,0,0,0,0,0,0,0,328.898,0,-157.698,0
"MtrElec",1,4,21,"",203.374,0,0,0,0,0,0,0,0,0,0,0,0,0,0,0,0,0,0,0,0,233.391,0,-30.017,0
"MtrElec",1,4,22,"",378.468,0,0,0,0,0,0,0,0,0,0,0,0,0,0,0,0,0,0,0,0,378.468,0,0,0
"MtrElec",1,4,23,"",193.605,0,0,0,0,0,0,0,0,0,0,0,0,0,0,0,0,0,0,0,0,193.605,0,0,0
"MtrElec",1,4,24,"",215.271,0,0,0,0,0,0,0,0,0,0,0,0,0,0,0,0,0,0,0,0,215.271,0,0,0
"MtrElec",1,5,1,"",163.402,0,0,0,0,0,0,0,0,0,0,0,0,0,0,0,0,0,0,0,0,163.402,0,0,0
"MtrElec",1,5,2,"",135.395,0,0,0,0,0,0,0,0,0,0,0,0,0,0,0,0,0,0,0,0,135.395,0,0,0
"MtrElec",1,5,3,"",126.548,0,0,0,0,0,0,0,0,0,0,0,0,0,0,0,0,0,0,0,0,126.548,0,0,0
"MtrElec",1,5,4,"",120.117,0,0,0,0,0,0,0,0,0,0,0,0,0,0,0,0,0,0,0,0,120.117,0,0,0
"MtrElec",1,5,5,"",119.553,0,0,0,0,0,0,0,0,0,0,0,0,0,0,0,0,0,0,0,0,119.553,0,0,0
"MtrElec",1,5,6,"",149.358,0,0,0,0,0,0,0,0,0,0,0,0,0,0,0,0,0,0,0,0,149.358,0,0,0
"MtrElec",1,5,7,"",245.378,0,0,0,0,0,0,0,0,0,0,0,0,0,0,0,0,0,0,0,0,245.378,0,0,0
"MtrElec",1,5,8,"",151.837,0,0,0,0,0,0,0,0,0,0,0,0,0,0,0,0,0,0,0,0,214.002,0,0,-62.1648
"MtrElec",1,5,9,"",115.721,0,0,0,0,0,0,0,0,0,0,0,0,0,0,0,0,0,0,0,0,282.822,0,0,-167.101
"MtrElec",1,5,10,"",0.0000020,0,0,0,0,0,0,0,0,0,0,0,0,0,0,0,0,0,0,0,0,250.792,0,30.0499,-280.842
"MtrElec",1,5,11,"",0,0,0,0,0,0,0,0,0,0,0,0,0,0,0,0,0,0,0,0,0,318.763,0,29.1659,-347.929
"MtrElec",1,5,12,"",0.0000039,0,0,0,0,0,0,0,0,0,0,0,0,0,0,0,0,0,0,0,0,267.189,0,62.7153,-329.904
"MtrElec",1,5,13,"",-7.85466,0,0,0,0,0,0,0,0,0,0,0,0,0,0,0,0,0,0,0,0,245.864,0,157.698,-411.417
"MtrElec",1,5,14,"",-58.1777,0,0,0,0,0,0,0,0,0,0,0,0,0,0,0,0,0,0,0,0,155.214,0,157.698,-371.09
"MtrElec",1,5,15,"",0,0,0,0,0,0,0,0,0,0,0,0,0,0,0,0,0,0,0,0,0,205.826,0,91.0752,-296.902
"MtrElec",1,5,16,"",0,0,0,0,0,0,0,0,0,0,0,0,0,0,0,0,0,0,0,0,0,161.494,0,27.7336,-189.227
"MtrElec",1,5,17,"",174.137,0,0,0,0,0,0,0,0,0,0,0,0,0,0,0,0,0,0,0,0,230.773,0,0,-56.6367
"MtrElec",1,5,18,"",256.169,0,0,0,0,0,0,0,0,0,0,0,0,0,0,0,0,0,0,0,0,256.169,0,0,0
"MtrElec",1,5,19,"",82.5908,0,0,0,0,0,0,0,0,0,0,0,0,0,0,0,0,0,0,0,0,240.289,0,-157.698,0
"MtrElec",1,5,20,"",97.8932,0,0,0,0,0,0,0,0,0,0,0,0,0,0,0,0,0,0,0,0,255.591,0,-157.698,0
"MtrElec",1,5,21,"",190.832,0,0,0,0,0,0,0,0,0,0,0,0,0,0,0,0,0,0,0,0,348.53,0,-157.698,0
"MtrElec",1,5,22,"",163.61,0,0,0,0,0,0,0,0,0,0,0,0,0,0,0,0,0,0,0,0,192.429,0,-28.8187,0
"MtrElec",1,5,23,"",183.269,0,0,0,0,0,0,0,0,0,0,0,0,0,0,0,0,0,0,0,0,183.269,0,0,0
"MtrElec",1,5,24,"",217.308,0,0,0,0,0,0,0,0,0,0,0,0,0,0,0,0,0,0,0,0,217.308,0,0,0
"MtrElec",1,6,1,"",151.959,0,0,0,0,0,0,0,0,0,0,0,0,0,0,0,0,0,0,0,0,151.959,0,0,0
"MtrElec",1,6,2,"",122.34,0,0,0,0,0,0,0,0,0,0,0,0,0,0,0,0,0,0,0,0,122.34,0,0,0
"MtrElec",1,6,3,"",104.93,0,0,0,0,0,0,0,0,0,0,0,0,0,0,0,0,0,0,0,0,104.93,0,0,0
"MtrElec",1,6,4,"",116.267,0,0,0,0,0,0,0,0,0,0,0,0,0,0,0,0,0,0,0,0,116.267,0,0,0
"MtrElec",1,6,5,"",115.191,0,0,0,0,0,0,0,0,0,0,0,0,0,0,0,0,0,0,0,0,115.191,0,0,0
"MtrElec",1,6,6,"",154.12,0,0,0,0,0,0,0,0,0,0,0,0,0,0,0,0,0,0,0,0,154.12,0,0,0
"MtrElec",1,6,7,"",217.244,0,0,0,0,0,0,0,0,0,0,0,0,0,0,0,0,0,0,0,0,217.244,0,0,0
"MtrElec",1,6,8,"",155.42,0,0,0,0,0,0,0,0,0,0,0,0,0,0,0,0,0,0,0,0,208.889,0,0,-53.4695
"MtrElec",1,6,9,"",130.999,0,0,0,0,0,0,0,0,0,0,0,0,0,0,0,0,0,0,0,0,280.797,0,0,-149.797
"MtrElec",1,6,10,"",74.8449,0,0,0,0,0,0,0,0,0,0,0,0,0,0,0,0,0,0,0,0,294.439,0,0,-219.594
"MtrElec",1,6,11,"",0.0000156,0,0,0,0,0,0,0,0,0,0,0,0,0,0,0,0,0,0,0,0,199.506,0,152.765,-352.271
"MtrElec",1,6,12,"",0,0,0,0,0,0,0,0,0,0,0,0,0,0,0,0,0,0,0,0,0,248.712,0,128.806,-377.518
"MtrElec",1,6,13,"",0,0,0,0,0,0,0,0,0,0,0,0,0,0,0,0,0,0,0,0,0,227.345,0,16.849,-244.194
"MtrElec",1,6,14,"",11.4904,0,0,0,0,0,0,0,0,0,0,0,0,0,0,0,0,0,0,0,0,121.394,0,0,-109.903
"MtrElec",1,6,15,"",137.499,0,0,0,0,0,0,0,0,0,0,0,0,0,0,0,0,0,0,0,0,182.66,0,0,-45.161
"MtrElec",1,6,16,"",103.076,0,0,0,0,0,0,0,0,0,0,0,0,0,0,0,0,0,0,0,0,164.023,0,0,-60.9476
"MtrElec",1,6,17,"",204.109,0,0,0,0,0,0,0,0,0,0,0,0,0,0,0,0,0,0,0,0,208.166,0,0,-4.0571
"MtrElec",1,6,18,"",245.527,0,0,0,0,0,0,0,0,0,0,0,0,0,0,0,0,0,0,0,0,245.527,0,0,0
"MtrElec",1,6,19,"",130.934,0,0,0,0,0,0,0,0,0,0,0,0,0,0,0,0,0,0,0,0,288.632,0,-157.698,0
"MtrElec",1,6,20,"",176.192,0,0,0,0,0,0,0,0,0,0,0,0,0,0,0,0,0,0,0,0,287.818,0,-111.626,0
"MtrElec",1,6,21,"",339.963,0,0,0,0,0,0,0,0,0,0,0,0,0,0,0,0,0,0,0,0,339.963,0,0,0
"MtrElec",1,6,22,"",231.162,0,0,0,0,0,0,0,0,0,0,0,0,0,0,0,0,0,0,0,0,231.162,0,0,0
"MtrElec",1,6,23,"",244.749,0,0,0,0,0,0,0,0,0,0,0,0,0,0,0,0,0,0,0,0,244.749,0,0,0
"MtrElec",1,6,24,"",157.909,0,0,0,0,0,0,0,0,0,0,0,0,0,0,0,0,0,0,0,0,157.909,0,0,0
"MtrElec",1,7,1,"",182.872,0,0,0,0,0,0,0,0,0,0,0,0,0,0,0,0,0,0,0,0,182.872,0,0,0
"MtrElec",1,7,2,"",116.919,0,0,0,0,0,0,0,0,0,0,0,0,0,0,0,0,0,0,0,0,116.919,0,0,0
"MtrElec",1,7,3,"",98.6695,0,0,0,0,0,0,0,0,0,0,0,0,0,0,0,0,0,0,0,0,98.6695,0,0,0
"MtrElec",1,7,4,"",119.755,0,0,0,0,0,0,0,0,0,0,0,0,0,0,0,0,0,0,0,0,119.755,0,0,0
"MtrElec",1,7,5,"",112.792,0,0,0,0,0,0,0,0,0,0,0,0,0,0,0,0,0,0,0,0,112.792,0,0,0
"MtrElec",1,7,6,"",116.107,0,0,0,0,0,0,0,0,0,0,0,0,0,0,0,0,0,0,0,0,116.107,0,0,0
"MtrElec",1,7,7,"",217.076,0,0,0,0,0,0,0,0,0,0,0,0,0,0,0,0,0,0,0,0,217.076,0,0,0
"MtrElec",1,7,8,"",207.223,0,0,0,0,0,0,0,0,0,0,0,0,0,0,0,0,0,0,0,0,223.855,0,0,-16.6323
"MtrElec",1,7,9,"",156.647,0,0,0,0,0,0,0,0,0,0,0,0,0,0,0,0,0,0,0,0,251.795,0,0,-95.148
"MtrElec",1,7,10,"",0,0,0,0,0,0,0,0,0,0,0,0,0,0,0,0,0,0,0,0,0,158.954,0,79.0071,-237.961
"MtrElec",1,7,11,"",0.0000078,0,0,0,0,0,0,0,0,0,0,0,0,0,0,0,0,0,0,0,0,225.511,0,124.432,-349.944
"MtrElec",1,7,12,"",-32.3399,0,0,0,0,0,0,0,0,0,0,0,0,0,0,0,0,0,0,0,0,190.892,0,157.698,-380.93
"MtrElec",1,7,13,"",-39.2595,0,0,0,0,0,0,0,0,0,0,0,0,0,0,0,0,0,0,0,0,180.219,0,157.698,-377.176
"MtrElec",1,7,14,"",-118.472,0,0,0,0,0,0,0,0,0,0,0,0,0,0,0,0,0,0,0,0,157.138,0,69.5499,-345.16
"MtrElec",1,7,15,"",-81.7214,0,0,0,0,0,0,0,0,0,0,0,0,0,0,0,0,0,0,0,0,201.507,0,0,-283.228
"MtrElec",1,7,16,"",13.6151,0,0,0,0,0,0,0,0,0,0,0,0,0,0,0,0,0,0,0,0,155.745,0,0,-142.13
"MtrElec",1,7,17,"",181.087,0,0,0,0,0,0,0,0,0,0,0,0,0,0,0,0,0,0,0,0,220.777,0,0,-39.6903
"MtrElec",1,7,18,"",231.814,0,0,0,0,0,0,0,0,0,0,0,0,0,0,0,0,0,0,0,0,231.814,0,0,0
"MtrElec",1,7,19,"",76.9369,0,0,0,0,0,0,0,0,0,0,0,0,0,0,0,0,0,0,0,0,234.635,0,-157.698,0
"MtrElec",1,7,20,"",171.161,0,0,0,0,0,0,0,0,0,0,0,0,0,0,0,0,0,0,0,0,328.859,0,-157.698,0
"MtrElec",1,7,21,"",85.0803,0,0,0,0,0,0,0,0,0,0,0,0,0,0,0,0,0,0,0,0,242.778,0,-157.698,0
"MtrElec",1,7,22,"",170.679,0,0,0,0,0,0,0,0,0,0,0,0,0,0,0,0,0,0,0,0,228.603,0,-57.9236,0
"MtrElec",1,7,23,"",211.756,0,0,0,0,0,0,0,0,0,0,0,0,0,0,0,0,0,0,0,0,211.756,0,0,0
"MtrElec",1,7,24,"",149.864,0,0,0,0,0,0,0,0,0,0,0,0,0,0,0,0,0,0,0,0,149.864,0,0,0
"MtrElec",1,8,1,"",120.773,0,0,0,0,0,0,0,0,0,0,0,0,0,0,0,0,0,0,0,0,120.773,0,0,0
"MtrElec",1,8,2,"",130.19,0,0,0,0,0,0,0,0,0,0,0,0,0,0,0,0,0,0,0,0,130.19,0,0,0
"MtrElec",1,8,3,"",222.487,0,0,0,0,0,0,0,0,0,0,0,0,0,0,0,0,0,0,0,0,222.487,0,0,0
"MtrElec",1,8,4,"",150.342,0,0,0,0,0,0,0,0,0,0,0,0,0,0,0,0,0,0,0,0,150.342,0,0,0
"MtrElec",1,8,5,"",142.691,0,0,0,0,0,0,0,0,0,0,0,0,0,0,0,0,0,0,0,0,142.691,0,0,0
"MtrElec",1,8,6,"",127.685,0,0,0,0,0,0,0,0,0,0,0,0,0,0,0,0,0,0,0,0,127.685,0,0,0
"MtrElec",1,8,7,"",215.231,0,0,0,0,0,0,0,0,0,0,0,0,0,0,0,0,0,0,0,0,215.231,0,0,0
"MtrElec",1,8,8,"",203.388,0,0,0,0,0,0,0,0,0,0,0,0,0,0,0,0,0,0,0,0,274.855,0,0,-71.4675
"MtrElec",1,8,9,"",105.664,0,0,0,0,0,0,0,0,0,0,0,0,0,0,0,0,0,0,0,0,304.487,0,0,-198.823
"MtrElec",1,8,10,"",0,0,0,0,0,0,0,0,0,0,0,0,0,0,0,0,0,0,0,0,0,207.266,0,85.5595,-292.826
"MtrElec",1,8,11,"",0,0,0,0,0,0,0,0,0,0,0,0,0,0,0,0,0,0,0,0,0,250.248,0,97.7756,-348.024
"MtrElec",1,8,12,"",0,0,0,0,0,0,0,0,0,0,0,0,0,0,0,0,0,0,0,0,0,227.025,0,155.292,-382.317
"MtrElec",1,8,13,"",-42.6375,0,0,0,0,0,0,0,0,0,0,0,0,0,0,0,0,0,0,0,0,183.743,0,157.698,-384.078
"MtrElec",1,8,14,"",-139.503,0,0,0,0,0,0,0,0,0,0,0,0,0,0,0,0,0,0,0,0,118.971,0,92.0603,-350.535
"MtrElec",1,8,15,"",-107.776,0,0,0,0,0,0,0,0,0,0,0,0,0,0,0,0,0,0,0,0,172.681,0,0,-280.457
"MtrElec",1,8,16,"",4.19806,0,0,0,0,0,0,0,0,0,0,0,0,0,0,0,0,0,0,0,0,187.243,0,0,-183.045
"MtrElec",1,8,17,"",137.19,0,0,0,0,0,0,0,0,0,0,0,0,0,0,0,0,0,0,0,0,192.66,0,0,-55.4701
"MtrElec",1,8,18,"",196.545,0,0,0,0,0,0,0,0,0,0,0,0,0,0,0,0,0,0,0,0,196.545,0,0,0
"MtrElec",1,8,19,"",133.758,0,0,0,0,0,0,0,0,0,0,0,0,0,0,0,0,0,0,0,0,291.456,0,-157.698,0
"MtrElec",1,8,20,"",117.124,0,0,0,0,0,0,0,0,0,0,0,0,0,0,0,0,0,0,0,0,274.822,0,-157.698,0
"MtrElec",1,8,21,"",120.567,0,0,0,0,0,0,0,0,0,0,0,0,0,0,0,0,0,0,0,0,278.264,0,-157.698,0
"MtrElec",1,8,22,"",172.91,0,0,0,0,0,0,0,0,0,0,0,0,0,0,0,0,0,0,0,0,230.833,0,-57.9236,0
"MtrElec",1,8,23,"",242.13,0,0,0,0,0,0,0,0,0,0,0,0,0,0,0,0,0,0,0,0,242.13,0,0,0
"MtrElec",1,8,24,"",138.456,0,0,0,0,0,0,0,0,0,0,0,0,0,0,0,0,0,0,0,0,138.456,0,0,0
"MtrElec",1,9,1,"",192.288,0,0,0,0,0,0,0,0,0,0,0,0,0,0,0,0,0,0,0,0,192.288,0,0,0
"MtrElec",1,9,2,"",123.28,0,0,0,0,0,0,0,0,0,0,0,0,0,0,0,0,0,0,0,0,123.28,0,0,0
"MtrElec",1,9,3,"",106.312,0,0,0,0,0,0,0,0,0,0,0,0,0,0,0,0,0,0,0,0,106.312,0,0,0
"MtrElec",1,9,4,"",120.808,0,0,0,0,0,0,0,0,0,0,0,0,0,0,0,0,0,0,0,0,120.808,0,0,0
"MtrElec",1,9,5,"",124.372,0,0,0,0,0,0,0,0,0,0,0,0,0,0,0,0,0,0,0,0,124.372,0,0,0
"MtrElec",1,9,6,"",125.737,0,0,0,0,0,0,0,0,0,0,0,0,0,0,0,0,0,0,0,0,125.737,0,0,0
"MtrElec",1,9,7,"",242.235,0,0,0,0,0,0,0,0,0,0,0,0,0,0,0,0,0,0,0,0,242.235,0,0,0
"MtrElec",1,9,8,"",223.43,0,0,0,0,0,0,0,0,0,0,0,0,0,0,0,0,0,0,0,0,253.269,0,0,-29.8384
"MtrElec",1,9,9,"",168.551,0,0,0,0,0,0,0,0,0,0,0,0,0,0,0,0,0,0,0,0,287.881,0,0,-119.329
"MtrElec",1,9,10,"",96.0732,0,0,0,0,0,0,0,0,0,0,0,0,0,0,0,0,0,0,0,0,309.521,0,0,-213.448
"MtrElec",1,9,11,"",0.0000020,0,0,0,0,0,0,0,0,0,0,0,0,0,0,0,0,0,0,0,0,241.705,0,19.7428,-261.448
"MtrElec",1,9,12,"",0,0,0,0,0,0,0,0,0,0,0,0,0,0,0,0,0,0,0,0,0,252.329,0,45.3453,-297.675
"MtrElec",1,9,13,"",0,0,0,0,0,0,0,0,0,0,0,0,0,0,0,0,0,0,0,0,0,264.703,0,38.6167,-303.32
"MtrElec",1,9,14,"",0.0000078,0,0,0,0,0,0,0,0,0,0,0,0,0,0,0,0,0,0,0,0,132.389,0,117.915,-250.304
"MtrElec",1,9,15,"",0.0000039,0,0,0,0,0,0,0,0,0,0,0,0,0,0,0,0,0,0,0,0,174.366,0,64.8567,-239.223
"MtrElec",1,9,16,"",54.5204,0,0,0,0,0,0,0,0,0,0,0,0,0,0,0,0,0,0,0,0,195.875,0,0,-141.354
"MtrElec",1,9,17,"",177.559,0,0,0,0,0,0,0,0,0,0,0,0,0,0,0,0,0,0,0,0,215.714,0,0,-38.155
"MtrElec",1,9,18,"",197.326,0,0,0,0,0,0,0,0,0,0,0,0,0,0,0,0,0,0,0,0,197.326,0,0,0
"MtrElec",1,9,19,"",149.206,0,0,0,0,0,0,0,0,0,0,0,0,0,0,0,0,0,0,0,0,306.904,0,-157.698,0
"MtrElec",1,9,20,"",158.068,0,0,0,0,0,0,0,0,0,0,0,0,0,0,0,0,0,0,0,0,258.915,0,-100.847,0
"MtrElec",1,9,21,"",280.14,0,0,0,0,0,0,0,0,0,0,0,0,0,0,0,0,0,0,0,0,280.14,0,0,0
"MtrElec",1,9,22,"",260.035,0,0,0,0,0,0,0,0,0,0,0,0,0,0,0,0,0,0,0,0,260.035,0,0,0
"MtrElec",1,9,23,"",222.019,0,0,0,0,0,0,0,0,0,0,0,0,0,0,0,0,0,0,0,0,222.019,0,0,0
"MtrElec",1,9,24,"",167.134,0,0,0,0,0,0,0,0,0,0,0,0,0,0,0,0,0,0,0,0,167.134,0,0,0
"MtrElec",1,10,1,"",131.495,0,0,0,0,0,0,0,0,0,0,0,0,0,0,0,0,0,0,0,0,131.495,0,0,0
"MtrElec",1,10,2,"",129.439,0,0,0,0,0,0,0,0,0,0,0,0,0,0,0,0,0,0,0,0,129.439,0,0,0
"MtrElec",1,10,3,"",150.689,0,0,0,0,0,0,0,0,0,0,0,0,0,0,0,0,0,0,0,0,150.689,0,0,0
"MtrElec",1,10,4,"",123.905,0,0,0,0,0,0,0,0,0,0,0,0,0,0,0,0,0,0,0,0,123.905,0,0,0
"MtrElec",1,10,5,"",142.403,0,0,0,0,0,0,0,0,0,0,0,0,0,0,0,0,0,0,0,0,142.403,0,0,0
"MtrElec",1,10,6,"",131.967,0,0,0,0,0,0,0,0,0,0,0,0,0,0,0,0,0,0,0,0,131.967,0,0,0
"MtrElec",1,10,7,"",191.324,0,0,0,0,0,0,0,0,0,0,0,0,0,0,0,0,0,0,0,0,191.324,0,0,0
"MtrElec",1,10,8,"",122.384,0,0,0,0,0,0,0,0,0,0,0,0,0,0,0,0,0,0,0,0,191.096,0,0,-68.7119
"MtrElec",1,10,9,"",16.492,0,0,0,0,0,0,0,0,0,0,0,0,0,0,0,0,0,0,0,0,212.935,0,0,-196.443
"MtrElec",1,10,10,"",0,0,0,0,0,0,0,0,0,0,0,0,0,0,0,0,0,0,0,0,0,278.181,0,13.5921,-291.773
"MtrElec",1,10,11,"",0,0,0,0,0,0,0,0,0,0,0,0,0,0,0,0,0,0,0,0,0,296.285,0,48.8726,-345.158
"MtrElec",1,10,12,"",0.0000078,0,0,0,0,0,0,0,0,0,0,0,0,0,0,0,0,0,0,0,0,278.625,0,99.2239,-377.849
"MtrElec",1,10,13,"",0,0,0,0,0,0,0,0,0,0,0,0,0,0,0,0,0,0,0,0,0,296.319,0,82.9134,-379.233
"MtrElec",1,10,14,"",0,0,0,0,0,0,0,0,0,0,0,0,0,0,0,0,0,0,0,0,0,200.188,0,147.983,-348.171
"MtrElec",1,10,15,"",0,0,0,0,0,0,0,0,0,0,0,0,0,0,0,0,0,0,0,0,0,216.302,0,66.9949,-283.297
"MtrElec",1,10,16,"",14.3014,0,0,0,0,0,0,0,0,0,0,0,0,0,0,0,0,0,0,0,0,198.266,0,0,-183.964
"MtrElec",1,10,17,"",175.23,0,0,0,0,0,0,0,0,0,0,0,0,0,0,0,0,0,0,0,0,232.793,0,0,-57.5637
"MtrElec",1,10,18,"",235.372,0,0,0,0,0,0,0,0,0,0,0,0,0,0,0,0,0,0,0,0,235.372,0,0,0
"MtrElec",1,10,19,"",164.778,0,0,0,0,0,0,0,0,0,0,0,0,0,0,0,0,0,0,0,0,322.476,0,-157.698,0
"MtrElec",1,10,20,"",115.742,0,0,0,0,0,0,0,0,0,0,0,0,0,0,0,0,0,0,0,0,273.44,0,-157.698,0
"MtrElec",1,10,21,"",157.051,0,0,0,0,0,0,0,0,0,0,0,0,0,0,0,0,0,0,0,0,256.426,0,-99.3754,0
"MtrElec",1,10,22,"",254.709,0,0,0,0,0,0,0,0,0,0,0,0,0,0,0,0,0,0,0,0,254.709,0,0,0
"MtrElec",1,10,23,"",213.048,0,0,0,0,0,0,0,0,0,0,0,0,0,0,0,0,0,0,0,0,213.048,0,0,0
"MtrElec",1,10,24,"",164.025,0,0,0,0,0,0,0,0,0,0,0,0,0,0,0,0,0,0,0,0,164.025,0,0,0
"MtrElec",1,11,1,"",113.098,0,0,0,0,0,0,0,0,0,0,0,0,0,0,0,0,0,0,0,0,113.098,0,0,0
"MtrElec",1,11,2,"",114.395,0,0,0,0,0,0,0,0,0,0,0,0,0,0,0,0,0,0,0,0,114.395,0,0,0
"MtrElec",1,11,3,"",114.045,0,0,0,0,0,0,0,0,0,0,0,0,0,0,0,0,0,0,0,0,114.045,0,0,0
"MtrElec",1,11,4,"",106.754,0,0,0,0,0,0,0,0,0,0,0,0,0,0,0,0,0,0,0,0,106.754,0,0,0
"MtrElec",1,11,5,"",196.618,0,0,0,0,0,0,0,0,0,0,0,0,0,0,0,0,0,0,0,0,196.618,0,0,0
"MtrElec",1,11,6,"",152.257,0,0,0,0,0,0,0,0,0,0,0,0,0,0,0,0,0,0,0,0,152.257,0,0,0
"MtrElec",1,11,7,"",122.519,0,0,0,0,0,0,0,0,0,0,0,0,0,0,0,0,0,0,0,0,122.519,0,0,0
"MtrElec",1,11,8,"",142.604,0,0,0,0,0,0,0,0,0,0,0,0,0,0,0,0,0,0,0,0,211.764,0,0,-69.1602
"MtrElec",1,11,9,"",0.0000020,0,0,0,0,0,0,0,0,0,0,0,0,0,0,0,0,0,0,0,0,175.126,0,21.7154,-196.841
"MtrElec",1,11,10,"",0,0,0,0,0,0,0,0,0,0,0,0,0,0,0,0,0,0,0,0,0,261.158,0,35.8658,-297.024
"MtrElec",1,11,11,"",0,0,0,0,0,0,0,0,0,0,0,0,0,0,0,0,0,0,0,0,0,269.73,0,87.2063,-356.936
"MtrElec",1,11,12,"",0.0000078,0,0,0,0,0,0,0,0,0,0,0,0,0,0,0,0,0,0,0,0,280.051,0,106.857,-386.908
"MtrElec",1,11,13,"",0,0,0,0,0,0,0,0,0,0,0,0,0,0,0,0,0,0,0,0,0,262.873,0,115.474,-378.347
"MtrElec",1,11,14,"",0,0,0,0,0,0,0,0,0,0,0,0,0,0,0,0,0,0,0,0,0,249.198,0,94.9938,-344.192
"MtrElec",1,11,15,"",0.0000020,0,0,0,0,0,0,0,0,0,0,0,0,0,0,0,0,0,0,0,0,258.974,0,27.1526,-286.127
"MtrElec",1,11,16,"",16.1105,0,0,0,0,0,0,0,0,0,0,0,0,0,0,0,0,0,0,0,0,201.245,0,0,-185.135
"MtrElec",1,11,17,"",153.504,0,0,0,0,0,0,0,0,0,0,0,0,0,0,0,0,0,0,0,0,211.755,0,0,-58.2506
"MtrElec",1,11,18,"",247.066,0,0,0,0,0,0,0,0,0,0,0,0,0,0,0,0,0,0,0,0,247.066,0,0,0
"MtrElec",1,11,19,"",200.638,0,0,0,0,0,0,0,0,0,0,0,0,0,0,0,0,0,0,0,0,358.336,0,-157.698,0
"MtrElec",1,11,20,"",120.329,0,0,0,0,0,0,0,0,0,0,0,0,0,0,0,0,0,0,0,0,278.027,0,-157.698,0
"MtrElec",1,11,21,"",141.594,0,0,0,0,0,0,0,0,0,0,0,0,0,0,0,0,0,0,0,0,267.76,0,-126.166,0
"MtrElec",1,11,22,"",265.533,0,0,0,0,0,0,0,0,0,0,0,0,0,0,0,0,0,0,0,0,265.533,0,0,0
"MtrElec",1,11,23,"",197.804,0,0,0,0,0,0,0,0,0,0,0,0,0,0,0,0,0,0,0,0,197.804,0,0,0
"MtrElec",1,11,24,"",171.782,0,0,0,0,0,0,0,0,0,0,0,0,0,0,0,0,0,0,0,0,171.782,0,0,0
"MtrElec",1,12,1,"",122.009,0,0,0,0,0,0,0,0,0,0,0,0,0,0,0,0,0,0,0,0,122.009,0,0,0
"MtrElec",1,12,2,"",119.385,0,0,0,0,0,0,0,0,0,0,0,0,0,0,0,0,0,0,0,0,119.385,0,0,0
"MtrElec",1,12,3,"",121.81,0,0,0,0,0,0,0,0,0,0,0,0,0,0,0,0,0,0,0,0,121.81,0,0,0
"MtrElec",1,12,4,"",123.026,0,0,0,0,0,0,0,0,0,0,0,0,0,0,0,0,0,0,0,0,123.026,0,0,0
"MtrElec",1,12,5,"",213.714,0,0,0,0,0,0,0,0,0,0,0,0,0,0,0,0,0,0,0,0,213.714,0,0,0
"MtrElec",1,12,6,"",128.958,0,0,0,0,0,0,0,0,0,0,0,0,0,0,0,0,0,0,0,0,128.958,0,0,0
"MtrElec",1,12,7,"",282.932,0,0,0,0,0,0,0,0,0,0,0,0,0,0,0,0,0,0,0,0,282.932,0,0,0
"MtrElec",1,12,8,"",205.261,0,0,0,0,0,0,0,0,0,0,0,0,0,0,0,0,0,0,0,0,257.394,0,0,-52.1329
"MtrElec",1,12,9,"",89.3691,0,0,0,0,0,0,0,0,0,0,0,0,0,0,0,0,0,0,0,0,263.446,0,0,-174.077
"MtrElec",1,12,10,"",25.7562,0,0,0,0,0,0,0,0,0,0,0,0,0,0,0,0,0,0,0,0,315.743,0,0,-289.987
"MtrElec",1,12,11,"",0,0,0,0,0,0,0,0,0,0,0,0,0,0,0,0,0,0,0,0,0,285.928,0,70.407,-356.335
"MtrElec",1,12,12,"",-12.9365,0,0,0,0,0,0,0,0,0,0,0,0,0,0,0,0,0,0,0,0,219.17,0,157.698,-389.804
"MtrElec",1,12,13,"",-51.8624,0,0,0,0,0,0,0,0,0,0,0,0,0,0,0,0,0,0,0,0,178.104,0,157.698,-387.664
"MtrElec",1,12,14,"",-39.7101,0,0,0,0,0,0,0,0,0,0,0,0,0,0,0,0,0,0,0,0,155.686,0,157.698,-353.094
"MtrElec",1,12,15,"",-35.9424,0,0,0,0,0,0,0,0,0,0,0,0,0,0,0,0,0,0,0,0,206.402,0,44.8843,-287.229
"MtrElec",1,12,16,"",-35.1301,0,0,0,0,0,0,0,0,0,0,0,0,0,0,0,0,0,0,0,0,148.35,0,0,-183.48
"MtrElec",1,12,17,"",167.142,0,0,0,0,0,0,0,0,0,0,0,0,0,0,0,0,0,0,0,0,221.583,0,0,-54.441
"MtrElec",1,12,18,"",266.115,0,0,0,0,0,0,0,0,0,0,0,0,0,0,0,0,0,0,0,0,266.115,0,0,0
"MtrElec",1,12,19,"",108.997,0,0,0,0,0,0,0,0,0,0,0,0,0,0,0,0,0,0,0,0,266.695,0,-157.698,0
"MtrElec",1,12,20,"",137.916,0,0,0,0,0,0,0,0,0,0,0,0,0,0,0,0,0,0,0,0,295.614,0,-157.698,0
"MtrElec",1,12,21,"",152.761,0,0,0,0,0,0,0,0,0,0,0,0,0,0,0,0,0,0,0,0,310.459,0,-157.698,0
"MtrElec",1,12,22,"",184.282,0,0,0,0,0,0,0,0,0,0,0,0,0,0,0,0,0,0,0,0,242.206,0,-57.9236,0
"MtrElec",1,12,23,"",231.148,0,0,0,0,0,0,0,0,0,0,0,0,0,0,0,0,0,0,0,0,231.148,0,0,0
"MtrElec",1,12,24,"",254.801,0,0,0,0,0,0,0,0,0,0,0,0,0,0,0,0,0,0,0,0,254.801,0,0,0
"MtrElec",1,13,1,"",150.636,0,0,0,0,0,0,0,0,0,0,0,0,0,0,0,0,0,0,0,0,150.636,0,0,0
"MtrElec",1,13,2,"",109.64,0,0,0,0,0,0,0,0,0,0,0,0,0,0,0,0,0,0,0,0,109.64,0,0,0
"MtrElec",1,13,3,"",121.865,0,0,0,0,0,0,0,0,0,0,0,0,0,0,0,0,0,0,0,0,121.865,0,0,0
"MtrElec",1,13,4,"",126.173,0,0,0,0,0,0,0,0,0,0,0,0,0,0,0,0,0,0,0,0,126.173,0,0,0
"MtrElec",1,13,5,"",117.831,0,0,0,0,0,0,0,0,0,0,0,0,0,0,0,0,0,0,0,0,117.831,0,0,0
"MtrElec",1,13,6,"",181.542,0,0,0,0,0,0,0,0,0,0,0,0,0,0,0,0,0,0,0,0,181.542,0,0,0
"MtrElec",1,13,7,"",224.389,0,0,0,0,0,0,0,0,0,0,0,0,0,0,0,0,0,0,0,0,224.389,0,0,0
"MtrElec",1,13,8,"",213.524,0,0,0,0,0,0,0,0,0,0,0,0,0,0,0,0,0,0,0,0,246.507,0,0,-32.9833
"MtrElec",1,13,9,"",94.9139,0,0,0,0,0,0,0,0,0,0,0,0,0,0,0,0,0,0,0,0,266.106,0,0,-171.192
"MtrElec",1,13,10,"",0.0000010,0,0,0,0,0,0,0,0,0,0,0,0,0,0,0,0,0,0,0,0,254.55,0,15.8375,-270.388
"MtrElec",1,13,11,"",0,0,0,0,0,0,0,0,0,0,0,0,0,0,0,0,0,0,0,0,0,242.932,0,103.21,-346.143
"MtrElec",1,13,12,"",-18.9713,0,0,0,0,0,0,0,0,0,0,0,0,0,0,0,0,0,0,0,0,201.11,0,157.698,-377.779
"MtrElec",1,13,13,"",-21.8619,0,0,0,0,0,0,0,0,0,0,0,0,0,0,0,0,0,0,0,0,171.092,0,157.698,-350.652
"MtrElec",1,13,14,"",-22.0767,0,0,0,0,0,0,0,0,0,0,0,0,0,0,0,0,0,0,0,0,157.686,0,153.941,-333.704
"MtrElec",1,13,15,"",-123.699,0,0,0,0,0,0,0,0,0,0,0,0,0,0,0,0,0,0,0,0,142.609,0,0,-266.309
"MtrElec",1,13,16,"",21.5476,0,0,0,0,0,0,0,0,0,0,0,0,0,0,0,0,0,0,0,0,163.871,0,0,-142.323
"MtrElec",1,13,17,"",177.228,0,0,0,0,0,0,0,0,0,0,0,0,0,0,0,0,0,0,0,0,224.986,0,0,-47.758
"MtrElec",1,13,18,"",209.202,0,0,0,0,0,0,0,0,0,0,0,0,0,0,0,0,0,0,0,0,209.202,0,0,0
"MtrElec",1,13,19,"",120.73,0,0,0,0,0,0,0,0,0,0,0,0,0,0,0,0,0,0,0,0,278.428,0,-157.698,0
"MtrElec",1,13,20,"",129.952,0,0,0,0,0,0,0,0,0,0,0,0,0,0,0,0,0,0,0,0,287.65,0,-157.698,0
"MtrElec",1,13,21,"",122.636,0,0,0,0,0,0,0,0,0,0,0,0,0,0,0,0,0,0,0,0,280.334,0,-157.698,0
"MtrElec",1,13,22,"",188.273,0,0,0,0,0,0,0,0,0,0,0,0,0,0,0,0,0,0,0,0,246.196,0,-57.9236,0
"MtrElec",1,13,23,"",256.765,0,0,0,0,0,0,0,0,0,0,0,0,0,0,0,0,0,0,0,0,256.765,0,0,0
"MtrElec",1,13,24,"",182.248,0,0,0,0,0,0,0,0,0,0,0,0,0,0,0,0,0,0,0,0,182.248,0,0,0
"MtrElec",1,14,1,"",136.688,0,0,0,0,0,0,0,0,0,0,0,0,0,0,0,0,0,0,0,0,136.688,0,0,0
"MtrElec",1,14,2,"",111.873,0,0,0,0,0,0,0,0,0,0,0,0,0,0,0,0,0,0,0,0,111.873,0,0,0
"MtrElec",1,14,3,"",150.146,0,0,0,0,0,0,0,0,0,0,0,0,0,0,0,0,0,0,0,0,150.146,0,0,0
"MtrElec",1,14,4,"",118.78,0,0,0,0,0,0,0,0,0,0,0,0,0,0,0,0,0,0,0,0,118.78,0,0,0
"MtrElec",1,14,5,"",116.628,0,0,0,0,0,0,0,0,0,0,0,0,0,0,0,0,0,0,0,0,116.628,0,0,0
"MtrElec",1,14,6,"",116.773,0,0,0,0,0,0,0,0,0,0,0,0,0,0,0,0,0,0,0,0,116.773,0,0,0
"MtrElec",1,14,7,"",189.237,0,0,0,0,0,0,0,0,0,0,0,0,0,0,0,0,0,0,0,0,189.237,0,0,0
"MtrElec",1,14,8,"",181.277,0,0,0,0,0,0,0,0,0,0,0,0,0,0,0,0,0,0,0,0,251.062,0,0,-69.7849
"MtrElec",1,14,9,"",52.7972,0,0,0,0,0,0,0,0,0,0,0,0,0,0,0,0,0,0,0,0,249.689,0,0,-196.892
"MtrElec",1,14,10,"",0,0,0,0,0,0,0,0,0,0,0,0,0,0,0,0,0,0,0,0,0,220.823,0,76.3242,-297.148
"MtrElec",1,14,11,"",0.0000078,0,0,0,0,0,0,0,0,0,0,0,0,0,0,0,0,0,0,0,0,233.515,0,123.361,-356.876
"MtrElec",1,14,12,"",-47.3463,0,0,0,0,0,0,0,0,0,0,0,0,0,0,0,0,0,0,0,0,185.468,0,157.698,-390.512
"MtrElec",1,14,13,"",-50.747,0,0,0,0,0,0,0,0,0,0,0,0,0,0,0,0,0,0,0,0,186.564,0,157.698,-395.009
"MtrElec",1,14,14,"",-149.266,0,0,0,0,0,0,0,0,0,0,0,0,0,0,0,0,0,0,0,0,142.959,0,73.3035,-365.528
"MtrElec",1,14,15,"",-135.604,0,0,0,0,0,0,0,0,0,0,0,0,0,0,0,0,0,0,0,0,160.453,0,0,-296.057
"MtrElec",1,14,16,"",-1.24967,0,0,0,0,0,0,0,0,0,0,0,0,0,0,0,0,0,0,0,0,192.606,0,0,-193.856
"MtrElec",1,14,17,"",177.097,0,0,0,0,0,0,0,0,0,0,0,0,0,0,0,0,0,0,0,0,241.824,0,0,-64.727
"MtrElec",1,14,18,"",237.608,0,0,0,0,0,0,0,0,0,0,0,0,0,0,0,0,0,0,0,0,237.608,0,0,0
"MtrElec",1,14,19,"",122.595,0,0,0,0,0,0,0,0,0,0,0,0,0,0,0,0,0,0,0,0,280.293,0,-157.698,0
"MtrElec",1,14,20,"",101.406,0,0,0,0,0,0,0,0,0,0,0,0,0,0,0,0,0,0,0,0,259.104,0,-157.698,0
"MtrElec",1,14,21,"",124.325,0,0,0,0,0,0,0,0,0,0,0,0,0,0,0,0,0,0,0,0,282.023,0,-157.698,0
"MtrElec",1,14,22,"",189.936,0,0,0,0,0,0,0,0,0,0,0,0,0,0,0,0,0,0,0,0,247.86,0,-57.9236,0
"MtrElec",1,14,23,"",229.883,0,0,0,0,0,0,0,0,0,0,0,0,0,0,0,0,0,0,0,0,229.883,0,0,0
"MtrElec",1,14,24,"",138.11,0,0,0,0,0,0,0,0,0,0,0,0,0,0,0,0,0,0,0,0,138.11,0,0,0
"MtrElec",1,15,1,"",134.964,0,0,0,0,0,0,0,0,0,0,0,0,0,0,0,0,0,0,0,0,134.964,0,0,0
"MtrElec",1,15,2,"",110.771,0,0,0,0,0,0,0,0,0,0,0,0,0,0,0,0,0,0,0,0,110.771,0,0,0
"MtrElec",1,15,3,"",102.394,0,0,0,0,0,0,0,0,0,0,0,0,0,0,0,0,0,0,0,0,102.394,0,0,0
"MtrElec",1,15,4,"",165.195,0,0,0,0,0,0,0,0,0,0,0,0,0,0,0,0,0,0,0,0,165.195,0,0,0
"MtrElec",1,15,5,"",122.599,0,0,0,0,0,0,0,0,0,0,0,0,0,0,0,0,0,0,0,0,122.599,0,0,0
"MtrElec",1,15,6,"",111.061,0,0,0,0,0,0,0,0,0,0,0,0,0,0,0,0,0,0,0,0,111.061,0,0,0
"MtrElec",1,15,7,"",230.305,0,0,0,0,0,0,0,0,0,0,0,0,0,0,0,0,0,0,0,0,230.305,0,0,0
"MtrElec",1,15,8,"",137.355,0,0,0,0,0,0,0,0,0,0,0,0,0,0,0,0,0,0,0,0,202.729,0,0,-65.3736
"MtrElec",1,15,9,"",123.842,0,0,0,0,0,0,0,0,0,0,0,0,0,0,0,0,0,0,0,0,255.594,0,0,-131.753
"MtrElec",1,15,10,"",25.5104,0,0,0,0,0,0,0,0,0,0,0,0,0,0,0,0,0,0,0,0,233.123,0,0,-207.612
"MtrElec",1,15,11,"",0,0,0,0,0,0,0,0,0,0,0,0,0,0,0,0,0,0,0,0,0,235.097,0,105.032,-340.129
"MtrElec",1,15,12,"",-64.2553,0,0,0,0,0,0,0,0,0,0,0,0,0,0,0,0,0,0,0,0,162.19,0,157.698,-384.143
"MtrElec",1,15,13,"",-59.8699,0,0,0,0,0,0,0,0,0,0,0,0,0,0,0,0,0,0,0,0,167.1,0,157.698,-384.668
"MtrElec",1,15,14,"",-29.7612,0,0,0,0,0,0,0,0,0,0,0,0,0,0,0,0,0,0,0,0,167.024,0,157.698,-354.483
"MtrElec",1,15,15,"",-52.5253,0,0,0,0,0,0,0,0,0,0,0,0,0,0,0,0,0,0,0,0,203.274,0,10.2591,-266.059
"MtrElec",1,15,16,"",-8.47389,0,0,0,0,0,0,0,0,0,0,0,0,0,0,0,0,0,0,0,0,157.132,0,0,-165.606
"MtrElec",1,15,17,"",132.998,0,0,0,0,0,0,0,0,0,0,0,0,0,0,0,0,0,0,0,0,191.843,0,0,-58.8453
"MtrElec",1,15,18,"",244.72,0,0,0,0,0,0,0,0,0,0,0,0,0,0,0,0,0,0,0,0,244.72,0,0,0
"MtrElec",1,15,19,"",101.795,0,0,0,0,0,0,0,0,0,0,0,0,0,0,0,0,0,0,0,0,259.493,0,-157.698,0
"MtrElec",1,15,20,"",108.801,0,0,0,0,0,0,0,0,0,0,0,0,0,0,0,0,0,0,0,0,266.499,0,-157.698,0
"MtrElec",1,15,21,"",161.335,0,0,0,0,0,0,0,0,0,0,0,0,0,0,0,0,0,0,0,0,319.033,0,-157.698,0
"MtrElec",1,15,22,"",142.688,0,0,0,0,0,0,0,0,0,0,0,0,0,0,0,0,0,0,0,0,200.611,0,-57.9236,0
"MtrElec",1,15,23,"",221.148,0,0,0,0,0,0,0,0,0,0,0,0,0,0,0,0,0,0,0,0,221.148,0,0,0
"MtrElec",1,15,24,"",148.935,0,0,0,0,0,0,0,0,0,0,0,0,0,0,0,0,0,0,0,0,148.935,0,0,0
"MtrElec",1,16,1,"",149.815,0,0,0,0,0,0,0,0,0,0,0,0,0,0,0,0,0,0,0,0,149.815,0,0,0
"MtrElec",1,16,2,"",144.847,0,0,0,0,0,0,0,0,0,0,0,0,0,0,0,0,0,0,0,0,144.847,0,0,0
"MtrElec",1,16,3,"",109.729,0,0,0,0,0,0,0,0,0,0,0,0,0,0,0,0,0,0,0,0,109.729,0,0,0
"MtrElec",1,16,4,"",139.713,0,0,0,0,0,0,0,0,0,0,0,0,0,0,0,0,0,0,0,0,139.713,0,0,0
"MtrElec",1,16,5,"",126.587,0,0,0,0,0,0,0,0,0,0,0,0,0,0,0,0,0,0,0,0,126.587,0,0,0
"MtrElec",1,16,6,"",144.691,0,0,0,0,0,0,0,0,0,0,0,0,0,0,0,0,0,0,0,0,144.691,0,0,0
"MtrElec",1,16,7,"",237.338,0,0,0,0,0,0,0,0,0,0,0,0,0,0,0,0,0,0,0,0,237.338,0,0,0
"MtrElec",1,16,8,"",171.701,0,0,0,0,0,0,0,0,0,0,0,0,0,0,0,0,0,0,0,0,222.221,0,0,-50.5198
"MtrElec",1,16,9,"",144.673,0,0,0,0,0,0,0,0,0,0,0,0,0,0,0,0,0,0,0,0,260.896,0,0,-116.222
"MtrElec",1,16,10,"",5.13013,0,0,0,0,0,0,0,0,0,0,0,0,0,0,0,0,0,0,0,0,267.185,0,0,-262.055
"MtrElec",1,16,11,"",0,0,0,0,0,0,0,0,0,0,0,0,0,0,0,0,0,0,0,0,0,250.055,0,108.317,-358.372
"MtrElec",1,16,12,"",-33.5422,0,0,0,0,0,0,0,0,0,0,0,0,0,0,0,0,0,0,0,0,219.275,0,157.698,-410.516
"MtrElec",1,16,13,"",-15.5476,0,0,0,0,0,0,0,0,0,0,0,0,0,0,0,0,0,0,0,0,232.362,0,157.698,-405.607
"MtrElec",1,16,14,"",-46.4552,0,0,0,0,0,0,0,0,0,0,0,0,0,0,0,0,0,0,0,0,163.885,0,157.698,-368.038
"MtrElec",1,16,15,"",-126.317,0,0,0,0,0,0,0,0,0,0,0,0,0,0,0,0,0,0,0,0,167.561,0,6.97394,-300.852
"MtrElec",1,16,16,"",-43.6801,0,0,0,0,0,0,0,0,0,0,0,0,0,0,0,0,0,0,0,0,141.344,0,0,-185.024
"MtrElec",1,16,17,"",163.982,0,0,0,0,0,0,0,0,0,0,0,0,0,0,0,0,0,0,0,0,204.506,0,0,-40.524
"MtrElec",1,16,18,"",235.018,0,0,0,0,0,0,0,0,0,0,0,0,0,0,0,0,0,0,0,0,235.018,0,0,0
"MtrElec",1,16,19,"",97.1818,0,0,0,0,0,0,0,0,0,0,0,0,0,0,0,0,0,0,0,0,254.88,0,-157.698,0
"MtrElec",1,16,20,"",95.0782,0,0,0,0,0,0,0,0,0,0,0,0,0,0,0,0,0,0,0,0,252.776,0,-157.698,0
"MtrElec",1,16,21,"",144.205,0,0,0,0,0,0,0,0,0,0,0,0,0,0,0,0,0,0,0,0,301.903,0,-157.698,0
"MtrElec",1,16,22,"",115.597,0,0,0,0,0,0,0,0,0,0,0,0,0,0,0,0,0,0,0,0,173.521,0,-57.9236,0
"MtrElec",1,16,23,"",243.144,0,0,0,0,0,0,0,0,0,0,0,0,0,0,0,0,0,0,0,0,243.144,0,0,0
"MtrElec",1,16,24,"",168.035,0,0,0,0,0,0,0,0,0,0,0,0,0,0,0,0,0,0,0,0,168.035,0,0,0
"MtrElec",1,17,1,"",125.889,0,0,0,0,0,0,0,0,0,0,0,0,0,0,0,0,0,0,0,0,125.889,0,0,0
"MtrElec",1,17,2,"",155.068,0,0,0,0,0,0,0,0,0,0,0,0,0,0,0,0,0,0,0,0,155.068,0,0,0
"MtrElec",1,17,3,"",99.2725,0,0,0,0,0,0,0,0,0,0,0,0,0,0,0,0,0,0,0,0,99.2725,0,0,0
"MtrElec",1,17,4,"",120.504,0,0,0,0,0,0,0,0,0,0,0,0,0,0,0,0,0,0,0,0,120.504,0,0,0
"MtrElec",1,17,5,"",141.551,0,0,0,0,0,0,0,0,0,0,0,0,0,0,0,0,0,0,0,0,141.551,0,0,0
"MtrElec",1,17,6,"",114.837,0,0,0,0,0,0,0,0,0,0,0,0,0,0,0,0,0,0,0,0,114.837,0,0,0
"MtrElec",1,17,7,"",192.227,0,0,0,0,0,0,0,0,0,0,0,0,0,0,0,0,0,0,0,0,192.227,0,0,0
"MtrElec",1,17,8,"",94.2514,0,0,0,0,0,0,0,0,0,0,0,0,0,0,0,0,0,0,0,0,164.366,0,0,-70.1145
"MtrElec",1,17,9,"",55.7501,0,0,0,0,0,0,0,0,0,0,0,0,0,0,0,0,0,0,0,0,257.649,0,0,-201.899
"MtrElec",1,17,10,"",0,0,0,0,0,0,0,0,0,0,0,0,0,0,0,0,0,0,0,0,0,258.689,0,47.9002,-306.589
"MtrElec",1,17,11,"",0.0000039,0,0,0,0,0,0,0,0,0,0,0,0,0,0,0,0,0,0,0,0,323.84,0,50.4946,-374.335
"MtrElec",1,17,12,"",-0.190609,0,0,0,0,0,0,0,0,0,0,0,0,0,0,0,0,0,0,0,0,249.328,0,157.698,-407.217
"MtrElec",1,17,13,"",0.0000078,0,0,0,0,0,0,0,0,0,0,0,0,0,0,0,0,0,0,0,0,316.19,0,90.2489,-406.439
"MtrElec",1,17,14,"",0,0,0,0,0,0,0,0,0,0,0,0,0,0,0,0,0,0,0,0,0,222.271,0,148.661,-370.931
"MtrElec",1,17,15,"",0,0,0,0,0,0,0,0,0,0,0,0,0,0,0,0,0,0,0,0,0,233.749,0,68.1673,-301.917
"MtrElec",1,17,16,"",7.60983,0,0,0,0,0,0,0,0,0,0,0,0,0,0,0,0,0,0,0,0,206.591,0,0,-198.981
"MtrElec",1,17,17,"",119.074,0,0,0,0,0,0,0,0,0,0,0,0,0,0,0,0,0,0,0,0,187.93,0,0,-68.8557
"MtrElec",1,17,18,"",262.097,0,0,0,0,0,0,0,0,0,0,0,0,0,0,0,0,0,0,0,0,262.097,0,0,0
"MtrElec",1,17,19,"",198.263,0,0,0,0,0,0,0,0,0,0,0,0,0,0,0,0,0,0,0,0,355.961,0,-157.698,0
"MtrElec",1,17,20,"",125.74,0,0,0,0,0,0,0,0,0,0,0,0,0,0,0,0,0,0,0,0,283.438,0,-157.698,0
"MtrElec",1,17,21,"",155.315,0,0,0,0,0,0,0,0,0,0,0,0,0,0,0,0,0,0,0,0,313.013,0,-157.698,0
"MtrElec",1,17,22,"",218.271,0,0,0,0,0,0,0,0,0,0,0,0,0,0,0,0,0,0,0,0,253.438,0,-35.1668,0
"MtrElec",1,17,23,"",194.629,0,0,0,0,0,0,0,0,0,0,0,0,0,0,0,0,0,0,0,0,194.629,0,0,0
"MtrElec",1,17,24,"",146.814,0,0,0,0,0,0,0,0,0,0,0,0,0,0,0,0,0,0,0,0,146.814,0,0,0
"MtrElec",1,18,1,"",168.561,0,0,0,0,0,0,0,0,0,0,0,0,0,0,0,0,0,0,0,0,168.561,0,0,0
"MtrElec",1,18,2,"",122.03,0,0,0,0,0,0,0,0,0,0,0,0,0,0,0,0,0,0,0,0,122.03,0,0,0
"MtrElec",1,18,3,"",127.752,0,0,0,0,0,0,0,0,0,0,0,0,0,0,0,0,0,0,0,0,127.752,0,0,0
"MtrElec",1,18,4,"",115.292,0,0,0,0,0,0,0,0,0,0,0,0,0,0,0,0,0,0,0,0,115.292,0,0,0
"MtrElec",1,18,5,"",145.602,0,0,0,0,0,0,0,0,0,0,0,0,0,0,0,0,0,0,0,0,145.602,0,0,0
"MtrElec",1,18,6,"",130.497,0,0,0,0,0,0,0,0,0,0,0,0,0,0,0,0,0,0,0,0,130.497,0,0,0
"MtrElec",1,18,7,"",193.455,0,0,0,0,0,0,0,0,0,0,0,0,0,0,0,0,0,0,0,0,193.455,0,0,0
"MtrElec",1,18,8,"",190.756,0,0,0,0,0,0,0,0,0,0,0,0,0,0,0,0,0,0,0,0,235.759,0,0,-45.0032
"MtrElec",1,18,9,"",194.746,0,0,0,0,0,0,0,0,0,0,0,0,0,0,0,0,0,0,0,0,298.034,0,0,-103.287
"MtrElec",1,18,10,"",59.2236,0,0,0,0,0,0,0,0,0,0,0,0,0,0,0,0,0,0,0,0,327.376,0,0,-268.152
"MtrElec",1,18,11,"",0,0,0,0,0,0,0,0,0,0,0,0,0,0,0,0,0,0,0,0,0,318.421,0,33.6115,-352.032
"MtrElec",1,18,12,"",0,0,0,0,0,0,0,0,0,0,0,0,0,0,0,0,0,0,0,0,0,260.154,0,134.052,-394.206
"MtrElec",1,18,13,"",0,0,0,0,0,0,0,0,0,0,0,0,0,0,0,0,0,0,0,0,0,257.86,0,118.164,-376.024
"MtrElec",1,18,14,"",0,0,0,0,0,0,0,0,0,0,0,0,0,0,0,0,0,0,0,0,0,242.691,0,39.6598,-282.35
"MtrElec",1,18,15,"",9.33636,0,0,0,0,0,0,0,0,0,0,0,0,0,0,0,0,0,0,0,0,221.949,0,0,-212.613
"MtrElec",1,18,16,"",87.7343,0,0,0,0,0,0,0,0,0,0,0,0,0,0,0,0,0,0,0,0,226.592,0,0,-138.858
"MtrElec",1,18,17,"",209.77,0,0,0,0,0,0,0,0,0,0,0,0,0,0,0,0,0,0,0,0,222.451,0,0,-12.6814
"MtrElec",1,18,18,"",219.551,0,0,0,0,0,0,0,0,0,0,0,0,0,0,0,0,0,0,0,0,219.551,0,0,0
"MtrElec",1,18,19,"",127.134,0,0,0,0,0,0,0,0,0,0,0,0,0,0,0,0,0,0,0,0,284.831,0,-157.698,0
"MtrElec",1,18,20,"",124.539,0,0,0,0,0,0,0,0,0,0,0,0,0,0,0,0,0,0,0,0,260.593,0,-136.054,0
"MtrElec",1,18,21,"",201.519,0,0,0,0,0,0,0,0,0,0,0,0,0,0,0,0,0,0,0,0,201.519,0,0,0
"MtrElec",1,18,22,"",248.848,0,0,0,0,0,0,0,0,0,0,0,0,0,0,0,0,0,0,0,0,248.848,0,0,0
"MtrElec",1,18,23,"",209.5,0,0,0,0,0,0,0,0,0,0,0,0,0,0,0,0,0,0,0,0,209.5,0,0,0
"MtrElec",1,18,24,"",158.098,0,0,0,0,0,0,0,0,0,0,0,0,0,0,0,0,0,0,0,0,158.098,0,0,0
"MtrElec",1,19,1,"",119.234,0,0,0,0,0,0,0,0,0,0,0,0,0,0,0,0,0,0,0,0,119.234,0,0,0
"MtrElec",1,19,2,"",112.243,0,0,0,0,0,0,0,0,0,0,0,0,0,0,0,0,0,0,0,0,112.243,0,0,0
"MtrElec",1,19,3,"",110.547,0,0,0,0,0,0,0,0,0,0,0,0,0,0,0,0,0,0,0,0,110.547,0,0,0
"MtrElec",1,19,4,"",101.608,0,0,0,0,0,0,0,0,0,0,0,0,0,0,0,0,0,0,0,0,101.608,0,0,0
"MtrElec",1,19,5,"",142.227,0,0,0,0,0,0,0,0,0,0,0,0,0,0,0,0,0,0,0,0,142.227,0,0,0
"MtrElec",1,19,6,"",138.812,0,0,0,0,0,0,0,0,0,0,0,0,0,0,0,0,0,0,0,0,138.812,0,0,0
"MtrElec",1,19,7,"",174.233,0,0,0,0,0,0,0,0,0,0,0,0,0,0,0,0,0,0,0,0,174.233,0,0,0
"MtrElec",1,19,8,"",197.849,0,0,0,0,0,0,0,0,0,0,0,0,0,0,0,0,0,0,0,0,253.056,0,0,-55.2072
"MtrElec",1,19,9,"",209.055,0,0,0,0,0,0,0,0,0,0,0,0,0,0,0,0,0,0,0,0,292.422,0,0,-83.3678
"MtrElec",1,19,10,"",222.367,0,0,0,0,0,0,0,0,0,0,0,0,0,0,0,0,0,0,0,0,361.898,0,0,-139.532
"MtrElec",1,19,11,"",0,0,0,0,0,0,0,0,0,0,0,0,0,0,0,0,0,0,0,0,0,258.446,0,60.3078,-318.754
"MtrElec",1,19,12,"",0.0000078,0,0,0,0,0,0,0,0,0,0,0,0,0,0,0,0,0,0,0,0,279.17,0,88.2963,-367.466
"MtrElec",1,19,13,"",0,0,0,0,0,0,0,0,0,0,0,0,0,0,0,0,0,0,0,0,0,268.454,0,105.636,-374.09
"MtrElec",1,19,14,"",-24.9095,0,0,0,0,0,0,0,0,0,0,0,0,0,0,0,0,0,0,0,0,168.26,0,157.698,-350.868
"MtrElec",1,19,15,"",0,0,0,0,0,0,0,0,0,0,0,0,0,0,0,0,0,0,0,0,0,203.849,0,78.2654,-282.114
"MtrElec",1,19,16,"",0.0000005,0,0,0,0,0,0,0,0,0,0,0,0,0,0,0,0,0,0,0,0,176.122,0,5.49298,-181.615
"MtrElec",1,19,17,"",174.422,0,0,0,0,0,0,0,0,0,0,0,0,0,0,0,0,0,0,0,0,232.437,0,0,-58.0156
"MtrElec",1,19,18,"",315.135,0,0,0,0,0,0,0,0,0,0,0,0,0,0,0,0,0,0,0,0,315.135,0,0,0
"MtrElec",1,19,19,"",157.131,0,0,0,0,0,0,0,0,0,0,0,0,0,0,0,0,0,0,0,0,314.829,0,-157.698,0
"MtrElec",1,19,20,"",74.2641,0,0,0,0,0,0,0,0,0,0,0,0,0,0,0,0,0,0,0,0,231.962,0,-157.698,0
"MtrElec",1,19,21,"",143.662,0,0,0,0,0,0,0,0,0,0,0,0,0,0,0,0,0,0,0,0,275.632,0,-131.97,0
"MtrElec",1,19,22,"",248.293,0,0,0,0,0,0,0,0,0,0,0,0,0,0,0,0,0,0,0,0,248.293,0,0,0
"MtrElec",1,19,23,"",213.801,0,0,0,0,0,0,0,0,0,0,0,0,0,0,0,0,0,0,0,0,213.801,0,0,0
"MtrElec",1,19,24,"",181.002,0,0,0,0,0,0,0,0,0,0,0,0,0,0,0,0,0,0,0,0,181.002,0,0,0
"MtrElec",1,20,1,"",111.432,0,0,0,0,0,0,0,0,0,0,0,0,0,0,0,0,0,0,0,0,111.432,0,0,0
"MtrElec",1,20,2,"",120.986,0,0,0,0,0,0,0,0,0,0,0,0,0,0,0,0,0,0,0,0,120.986,0,0,0
"MtrElec",1,20,3,"",110.045,0,0,0,0,0,0,0,0,0,0,0,0,0,0,0,0,0,0,0,0,110.045,0,0,0
"MtrElec",1,20,4,"",114.663,0,0,0,0,0,0,0,0,0,0,0,0,0,0,0,0,0,0,0,0,114.663,0,0,0
"MtrElec",1,20,5,"",160.849,0,0,0,0,0,0,0,0,0,0,0,0,0,0,0,0,0,0,0,0,160.849,0,0,0
"MtrElec",1,20,6,"",108.874,0,0,0,0,0,0,0,0,0,0,0,0,0,0,0,0,0,0,0,0,108.874,0,0,0
"MtrElec",1,20,7,"",212.777,0,0,0,0,0,0,0,0,0,0,0,0,0,0,0,0,0,0,0,0,212.777,0,0,0
"MtrElec",1,20,8,"",258.447,0,0,0,0,0,0,0,0,0,0,0,0,0,0,0,0,0,0,0,0,258.447,0,0,0
"MtrElec",1,20,9,"",218.413,0,0,0,0,0,0,0,0,0,0,0,0,0,0,0,0,0,0,0,0,223.686,0,0,-5.27306
"MtrElec",1,20,10,"",249.1,0,0,0,0,0,0,0,0,0,0,0,0,0,0,0,0,0,0,0,0,266.597,0,0,-17.4975
"MtrElec",1,20,11,"",182.066,0,0,0,0,0,0,0,0,0,0,0,0,0,0,0,0,0,0,0,0,238.195,0,0,-56.129
"MtrElec",1,20,12,"",102.463,0,0,0,0,0,0,0,0,0,0,0,0,0,0,0,0,0,0,0,0,192.39,0,0,-89.9274
"MtrElec",1,20,13,"",169.576,0,0,0,0,0,0,0,0,0,0,0,0,0,0,0,0,0,0,0,0,257.353,0,0,-87.7767
"MtrElec",1,20,14,"",41.5913,0,0,0,0,0,0,0,0,0,0,0,0,0,0,0,0,0,0,0,0,132.244,0,0,-90.6524
"MtrElec",1,20,15,"",2.72094,0,0,0,0,0,0,0,0,0,0,0,0,0,0,0,0,0,0,0,0,171.792,0,0,-169.071
"MtrElec",1,20,16,"",65.2339,0,0,0,0,0,0,0,0,0,0,0,0,0,0,0,0,0,0,0,0,207.246,0,0,-142.012
"MtrElec",1,20,17,"",197.226,0,0,0,0,0,0,0,0,0,0,0,0,0,0,0,0,0,0,0,0,251.717,0,0,-54.4903
"MtrElec",1,20,18,"",228.804,0,0,0,0,0,0,0,0,0,0,0,0,0,0,0,0,0,0,0,0,228.804,0,0,0
"MtrElec",1,20,19,"",299.249,0,0,0,0,0,0,0,0,0,0,0,0,0,0,0,0,0,0,0,0,299.249,0,0,0
"MtrElec",1,20,20,"",280.06,0,0,0,0,0,0,0,0,0,0,0,0,0,0,0,0,0,0,0,0,280.06,0,0,0
"MtrElec",1,20,21,"",294.735,0,0,0,0,0,0,0,0,0,0,0,0,0,0,0,0,0,0,0,0,294.735,0,0,0
"MtrElec",1,20,22,"",212.491,0,0,0,0,0,0,0,0,0,0,0,0,0,0,0,0,0,0,0,0,212.491,0,0,0
"MtrElec",1,20,23,"",254.367,0,0,0,0,0,0,0,0,0,0,0,0,0,0,0,0,0,0,0,0,254.367,0,0,0
"MtrElec",1,20,24,"",179.75,0,0,0,0,0,0,0,0,0,0,0,0,0,0,0,0,0,0,0,0,179.75,0,0,0
"MtrElec",1,21,1,"",122.731,0,0,0,0,0,0,0,0,0,0,0,0,0,0,0,0,0,0,0,0,122.731,0,0,0
"MtrElec",1,21,2,"",121.804,0,0,0,0,0,0,0,0,0,0,0,0,0,0,0,0,0,0,0,0,121.804,0,0,0
"MtrElec",1,21,3,"",139.39,0,0,0,0,0,0,0,0,0,0,0,0,0,0,0,0,0,0,0,0,139.39,0,0,0
"MtrElec",1,21,4,"",126.066,0,0,0,0,0,0,0,0,0,0,0,0,0,0,0,0,0,0,0,0,126.066,0,0,0
"MtrElec",1,21,5,"",115.69,0,0,0,0,0,0,0,0,0,0,0,0,0,0,0,0,0,0,0,0,115.69,0,0,0
"MtrElec",1,21,6,"",123.118,0,0,0,0,0,0,0,0,0,0,0,0,0,0,0,0,0,0,0,0,123.118,0,0,0
"MtrElec",1,21,7,"",197.44,0,0,0,0,0,0,0,0,0,0,0,0,0,0,0,0,0,0,0,0,197.44,0,0,0
"MtrElec",1,21,8,"",196.399,0,0,0,0,0,0,0,0,0,0,0,0,0,0,0,0,0,0,0,0,228.952,0,0,-32.553
"MtrElec",1,21,9,"",170.183,0,0,0,0,0,0,0,0,0,0,0,0,0,0,0,0,0,0,0,0,258.709,0,0,-88.5254
"MtrElec",1,21,10,"",0,0,0,0,0,0,0,0,0,0,0,0,0,0,0,0,0,0,0,0,0,199.702,0,42.9996,-242.702
"MtrElec",1,21,11,"",0,0,0,0,0,0,0,0,0,0,0,0,0,0,0,0,0,0,0,0,0,236.814,0,145.104,-381.919
"MtrElec",1,21,12,"",-56.6785,0,0,0,0,0,0,0,0,0,0,0,0,0,0,0,0,0,0,0,0,206.853,0,157.698,-421.229
"MtrElec",1,21,13,"",-54.8037,0,0,0,0,0,0,0,0,0,0,0,0,0,0,0,0,0,0,0,0,206.861,0,157.698,-419.363
"MtrElec",1,21,14,"",-136.098,0,0,0,0,0,0,0,0,0,0,0,0,0,0,0,0,0,0,0,0,165.313,0,84.8854,-386.297
"MtrElec",1,21,15,"",-151.389,0,0,0,0,0,0,0,0,0,0,0,0,0,0,0,0,0,0,0,0,164.151,0,0,-315.54
"MtrElec",1,21,16,"",-41.5028,0,0,0,0,0,0,0,0,0,0,0,0,0,0,0,0,0,0,0,0,167.525,0,0,-209.028
"MtrElec",1,21,17,"",163.518,0,0,0,0,0,0,0,0,0,0,0,0,0,0,0,0,0,0,0,0,237.103,0,0,-73.5853
"MtrElec",1,21,18,"",187.532,0,0,0,0,0,0,0,0,0,0,0,0,0,0,0,0,0,0,0,0,187.532,0,0,0
"MtrElec",1,21,19,"",147.447,0,0,0,0,0,0,0,0,0,0,0,0,0,0,0,0,0,0,0,0,305.145,0,-157.698,0
"MtrElec",1,21,20,"",67.8374,0,0,0,0,0,0,0,0,0,0,0,0,0,0,0,0,0,0,0,0,225.535,0,-157.698,0
"MtrElec",1,21,21,"",80.7895,0,0,0,0,0,0,0,0,0,0,0,0,0,0,0,0,0,0,0,0,238.487,0,-157.698,0
"MtrElec",1,21,22,"",166.18,0,0,0,0,0,0,0,0,0,0,0,0,0,0,0,0,0,0,0,0,224.103,0,-57.9236,0
"MtrElec",1,21,23,"",218.476,0,0,0,0,0,0,0,0,0,0,0,0,0,0,0,0,0,0,0,0,218.476,0,0,0
"MtrElec",1,21,24,"",181.593,0,0,0,0,0,0,0,0,0,0,0,0,0,0,0,0,0,0,0,0,181.593,0,0,0
"MtrElec",1,22,1,"",103.93,0,0,0,0,0,0,0,0,0,0,0,0,0,0,0,0,0,0,0,0,103.93,0,0,0
"MtrElec",1,22,2,"",116.321,0,0,0,0,0,0,0,0,0,0,0,0,0,0,0,0,0,0,0,0,116.321,0,0,0
"MtrElec",1,22,3,"",102.725,0,0,0,0,0,0,0,0,0,0,0,0,0,0,0,0,0,0,0,0,102.725,0,0,0
"MtrElec",1,22,4,"",103.532,0,0,0,0,0,0,0,0,0,0,0,0,0,0,0,0,0,0,0,0,103.532,0,0,0
"MtrElec",1,22,5,"",148.324,0,0,0,0,0,0,0,0,0,0,0,0,0,0,0,0,0,0,0,0,148.324,0,0,0
"MtrElec",1,22,6,"",104.516,0,0,0,0,0,0,0,0,0,0,0,0,0,0,0,0,0,0,0,0,104.516,0,0,0
"MtrElec",1,22,7,"",235.975,0,0,0,0,0,0,0,0,0,0,0,0,0,0,0,0,0,0,0,0,235.975,0,0,0
"MtrElec",1,22,8,"",184.293,0,0,0,0,0,0,0,0,0,0,0,0,0,0,0,0,0,0,0,0,257.057,0,0,-72.7638
"MtrElec",1,22,9,"",59.906,0,0,0,0,0,0,0,0,0,0,0,0,0,0,0,0,0,0,0,0,266.665,0,0,-206.759
"MtrElec",1,22,10,"",0.0000078,0,0,0,0,0,0,0,0,0,0,0,0,0,0,0,0,0,0,0,0,235.428,0,81.0074,-316.435
"MtrElec",1,22,11,"",-20.6424,0,0,0,0,0,0,0,0,0,0,0,0,0,0,0,0,0,0,0,0,208.638,0,157.698,-386.978
"MtrElec",1,22,12,"",-61.3821,0,0,0,0,0,0,0,0,0,0,0,0,0,0,0,0,0,0,0,0,205.929,0,157.698,-425.009
"MtrElec",1,22,13,"",-75.0024,0,0,0,0,0,0,0,0,0,0,0,0,0,0,0,0,0,0,0,0,195.946,0,157.698,-428.646
"MtrElec",1,22,14,"",-195.669,0,0,0,0,0,0,0,0,0,0,0,0,0,0,0,0,0,0,0,0,162.999,0,34.2838,-392.952
"MtrElec",1,22,15,"",-124.741,0,0,0,0,0,0,0,0,0,0,0,0,0,0,0,0,0,0,0,0,195.892,0,0,-320.633
"MtrElec",1,22,16,"",-86.245,0,0,0,0,0,0,0,0,0,0,0,0,0,0,0,0,0,0,0,0,127.414,0,0,-213.659
"MtrElec",1,22,17,"",143.456,0,0,0,0,0,0,0,0,0,0,0,0,0,0,0,0,0,0,0,0,226.07,0,0,-82.6137
"MtrElec",1,22,18,"",241.799,0,0,0,0,0,0,0,0,0,0,0,0,0,0,0,0,0,0,0,0,241.799,0,0,0
"MtrElec",1,22,19,"",97.2271,0,0,0,0,0,0,0,0,0,0,0,0,0,0,0,0,0,0,0,0,254.925,0,-157.698,0
"MtrElec",1,22,20,"",105.962,0,0,0,0,0,0,0,0,0,0,0,0,0,0,0,0,0,0,0,0,263.659,0,-157.698,0
"MtrElec",1,22,21,"",115.285,0,0,0,0,0,0,0,0,0,0,0,0,0,0,0,0,0,0,0,0,272.982,0,-157.698,0
"MtrElec",1,22,22,"",182.986,0,0,0,0,0,0,0,0,0,0,0,0,0,0,0,0,0,0,0,0,240.91,0,-57.9236,0
"MtrElec",1,22,23,"",218.838,0,0,0,0,0,0,0,0,0,0,0,0,0,0,0,0,0,0,0,0,218.838,0,0,0
"MtrElec",1,22,24,"",150.788,0,0,0,0,0,0,0,0,0,0,0,0,0,0,0,0,0,0,0,0,150.788,0,0,0
"MtrElec",1,23,1,"",188.524,0,0,0,0,0,0,0,0,0,0,0,0,0,0,0,0,0,0,0,0,188.524,0,0,0
"MtrElec",1,23,2,"",118.433,0,0,0,0,0,0,0,0,0,0,0,0,0,0,0,0,0,0,0,0,118.433,0,0,0
"MtrElec",1,23,3,"",106.961,0,0,0,0,0,0,0,0,0,0,0,0,0,0,0,0,0,0,0,0,106.961,0,0,0
"MtrElec",1,23,4,"",122.672,0,0,0,0,0,0,0,0,0,0,0,0,0,0,0,0,0,0,0,0,122.672,0,0,0
"MtrElec",1,23,5,"",121.213,0,0,0,0,0,0,0,0,0,0,0,0,0,0,0,0,0,0,0,0,121.213,0,0,0
"MtrElec",1,23,6,"",132.583,0,0,0,0,0,0,0,0,0,0,0,0,0,0,0,0,0,0,0,0,132.583,0,0,0
"MtrElec",1,23,7,"",225.798,0,0,0,0,0,0,0,0,0,0,0,0,0,0,0,0,0,0,0,0,225.798,0,0,0
"MtrElec",1,23,8,"",195.421,0,0,0,0,0,0,0,0,0,0,0,0,0,0,0,0,0,0,0,0,260.284,0,0,-64.8624
"MtrElec",1,23,9,"",110.397,0,0,0,0,0,0,0,0,0,0,0,0,0,0,0,0,0,0,0,0,306.374,0,0,-195.977
"MtrElec",1,23,10,"",0.0000078,0,0,0,0,0,0,0,0,0,0,0,0,0,0,0,0,0,0,0,0,231.981,0,66.4119,-298.393
"MtrElec",1,23,11,"",0,0,0,0,0,0,0,0,0,0,0,0,0,0,0,0,0,0,0,0,0,218.917,0,147.512,-366.429
"MtrElec",1,23,12,"",-21.9022,0,0,0,0,0,0,0,0,0,0,0,0,0,0,0,0,0,0,0,0,215.365,0,157.698,-394.965
"MtrElec",1,23,13,"",0.0000078,0,0,0,0,0,0,0,0,0,0,0,0,0,0,0,0,0,0,0,0,300.189,0,103.24,-403.429
"MtrElec",1,23,14,"",-141.256,0,0,0,0,0,0,0,0,0,0,0,0,0,0,0,0,0,0,0,0,118.384,0,113.524,-373.163
"MtrElec",1,23,15,"",-123.461,0,0,0,0,0,0,0,0,0,0,0,0,0,0,0,0,0,0,0,0,185.889,0,0,-309.35
"MtrElec",1,23,16,"",-54.4419,0,0,0,0,0,0,0,0,0,0,0,0,0,0,0,0,0,0,0,0,153.812,0,0,-208.254
"MtrElec",1,23,17,"",123.862,0,0,0,0,0,0,0,0,0,0,0,0,0,0,0,0,0,0,0,0,204.234,0,0,-80.3724
"MtrElec",1,23,18,"",257.022,0,0,0,0,0,0,0,0,0,0,0,0,0,0,0,0,0,0,0,0,257.165,0,0,-0.142755
"MtrElec",1,23,19,"",164.297,0,0,0,0,0,0,0,0,0,0,0,0,0,0,0,0,0,0,0,0,321.995,0,-157.698,0
"MtrElec",1,23,20,"",115.79,0,0,0,0,0,0,0,0,0,0,0,0,0,0,0,0,0,0,0,0,273.488,0,-157.698,0
"MtrElec",1,23,21,"",161.468,0,0,0,0,0,0,0,0,0,0,0,0,0,0,0,0,0,0,0,0,319.166,0,-157.698,0
"MtrElec",1,23,22,"",173.655,0,0,0,0,0,0,0,0,0,0,0,0,0,0,0,0,0,0,0,0,231.578,0,-57.9236,0
"MtrElec",1,23,23,"",226.605,0,0,0,0,0,0,0,0,0,0,0,0,0,0,0,0,0,0,0,0,226.605,0,0,0
"MtrElec",1,23,24,"",151.262,0,0,0,0,0,0,0,0,0,0,0,0,0,0,0,0,0,0,0,0,151.262,0,0,0
"MtrElec",1,24,1,"",114.517,0,0,0,0,0,0,0,0,0,0,0,0,0,0,0,0,0,0,0,0,114.517,0,0,0
"MtrElec",1,24,2,"",159.058,0,0,0,0,0,0,0,0,0,0,0,0,0,0,0,0,0,0,0,0,159.058,0,0,0
"MtrElec",1,24,3,"",130.533,0,0,0,0,0,0,0,0,0,0,0,0,0,0,0,0,0,0,0,0,130.533,0,0,0
"MtrElec",1,24,4,"",114.6,0,0,0,0,0,0,0,0,0,0,0,0,0,0,0,0,0,0,0,0,114.6,0,0,0
"MtrElec",1,24,5,"",144.695,0,0,0,0,0,0,0,0,0,0,0,0,0,0,0,0,0,0,0,0,144.695,0,0,0
"MtrElec",1,24,6,"",125.032,0,0,0,0,0,0,0,0,0,0,0,0,0,0,0,0,0,0,0,0,125.032,0,0,0
"MtrElec",1,24,7,"",145.984,0,0,0,0,0,0,0,0,0,0,0,0,0,0,0,0,0,0,0,0,145.984,0,0,0
"MtrElec",1,24,8,"",199.862,0,0,0,0,0,0,0,0,0,0,0,0,0,0,0,0,0,0,0,0,206.33,0,0,-6.46777
"MtrElec",1,24,9,"",192.107,0,0,0,0,0,0,0,0,0,0,0,0,0,0,0,0,0,0,0,0,228.152,0,0,-36.0455
"MtrElec",1,24,10,"",123.862,0,0,0,0,0,0,0,0,0,0,0,0,0,0,0,0,0,0,0,0,286.061,0,0,-162.199
"MtrElec",1,24,11,"",92.4389,0,0,0,0,0,0,0,0,0,0,0,0,0,0,0,0,0,0,0,0,296.002,0,0,-203.563
"MtrElec",1,24,12,"",68.1738,0,0,0,0,0,0,0,0,0,0,0,0,0,0,0,0,0,0,0,0,347.973,0,0,-279.8
"MtrElec",1,24,13,"",0,0,0,0,0,0,0,0,0,0,0,0,0,0,0,0,0,0,0,0,0,265.644,0,6.70125,-272.345
"MtrElec",1,24,14,"",38.3273,0,0,0,0,0,0,0,0,0,0,0,0,0,0,0,0,0,0,0,0,249.025,0,0,-210.697
"MtrElec",1,24,15,"",52.7558,0,0,0,0,0,0,0,0,0,0,0,0,0,0,0,0,0,0,0,0,217.729,0,0,-164.973
"MtrElec",1,24,16,"",143.615,0,0,0,0,0,0,0,0,0,0,0,0,0,0,0,0,0,0,0,0,246.99,0,0,-103.376
"MtrElec",1,24,17,"",221.478,0,0,0,0,0,0,0,0,0,0,0,0,0,0,0,0,0,0,0,0,246.621,0,0,-25.1425
"MtrElec",1,24,18,"",220.301,0,0,0,0,0,0,0,0,0,0,0,0,0,0,0,0,0,0,0,0,220.301,0,0,0
"MtrElec",1,24,19,"",322.668,0,0,0,0,0,0,0,0,0,0,0,0,0,0,0,0,0,0,0,0,328.716,0,-6.04788,0
"MtrElec",1,24,20,"",246.305,0,0,0,0,0,0,0,0,0,0,0,0,0,0,0,0,0,0,0,0,246.305,0,0,0
"MtrElec",1,24,21,"",256.066,0,0,0,0,0,0,0,0,0,0,0,0,0,0,0,0,0,0,0,0,256.066,0,0,0
"MtrElec",1,24,22,"",250.068,0,0,0,0,0,0,0,0,0,0,0,0,0,0,0,0,0,0,0,0,250.068,0,0,0
"MtrElec",1,24,23,"",239.144,0,0,0,0,0,0,0,0,0,0,0,0,0,0,0,0,0,0,0,0,239.144,0,0,0
"MtrElec",1,24,24,"",189.199,0,0,0,0,0,0,0,0,0,0,0,0,0,0,0,0,0,0,0,0,189.199,0,0,0
"MtrElec",1,25,1,"",138.749,0,0,0,0,0,0,0,0,0,0,0,0,0,0,0,0,0,0,0,0,138.749,0,0,0
"MtrElec",1,25,2,"",136.004,0,0,0,0,0,0,0,0,0,0,0,0,0,0,0,0,0,0,0,0,136.004,0,0,0
"MtrElec",1,25,3,"",127.559,0,0,0,0,0,0,0,0,0,0,0,0,0,0,0,0,0,0,0,0,127.559,0,0,0
"MtrElec",1,25,4,"",120.467,0,0,0,0,0,0,0,0,0,0,0,0,0,0,0,0,0,0,0,0,120.467,0,0,0
"MtrElec",1,25,5,"",137.383,0,0,0,0,0,0,0,0,0,0,0,0,0,0,0,0,0,0,0,0,137.383,0,0,0
"MtrElec",1,25,6,"",106.417,0,0,0,0,0,0,0,0,0,0,0,0,0,0,0,0,0,0,0,0,106.417,0,0,0
"MtrElec",1,25,7,"",183.577,0,0,0,0,0,0,0,0,0,0,0,0,0,0,0,0,0,0,0,0,183.577,0,0,0
"MtrElec",1,25,8,"",138.08,0,0,0,0,0,0,0,0,0,0,0,0,0,0,0,0,0,0,0,0,175.856,0,0,-37.7758
"MtrElec",1,25,9,"",14.6014,0,0,0,0,0,0,0,0,0,0,0,0,0,0,0,0,0,0,0,0,197.423,0,0,-182.822
"MtrElec",1,25,10,"",0.0000039,0,0,0,0,0,0,0,0,0,0,0,0,0,0,0,0,0,0,0,0,264.792,0,40.8505,-305.643
"MtrElec",1,25,11,"",0,0,0,0,0,0,0,0,0,0,0,0,0,0,0,0,0,0,0,0,0,327.655,0,46.8397,-374.495
"MtrElec",1,25,12,"",-5.71956,0,0,0,0,0,0,0,0,0,0,0,0,0,0,0,0,0,0,0,0,250.813,0,157.698,-414.231
"MtrElec",1,25,13,"",-4.44742,0,0,0,0,0,0,0,0,0,0,0,0,0,0,0,0,0,0,0,0,250.462,0,157.698,-412.608
"MtrElec",1,25,14,"",-23.9444,0,0,0,0,0,0,0,0,0,0,0,0,0,0,0,0,0,0,0,0,198.933,0,157.698,-380.576
"MtrElec",1,25,15,"",-100.551,0,0,0,0,0,0,0,0,0,0,0,0,0,0,0,0,0,0,0,0,187.965,0,27.601,-316.116
"MtrElec",1,25,16,"",0.452516,0,0,0,0,0,0,0,0,0,0,0,0,0,0,0,0,0,0,0,0,213.512,0,0,-213.059
"MtrElec",1,25,17,"",70.2688,0,0,0,0,0,0,0,0,0,0,0,0,0,0,0,0,0,0,0,0,149.761,0,0,-79.492
"MtrElec",1,25,18,"",236.551,0,0,0,0,0,0,0,0,0,0,0,0,0,0,0,0,0,0,0,0,236.749,0,0,-0.197498
"MtrElec",1,25,19,"",169.155,0,0,0,0,0,0,0,0,0,0,0,0,0,0,0,0,0,0,0,0,326.853,0,-157.698,0
"MtrElec",1,25,20,"",95.288,0,0,0,0,0,0,0,0,0,0,0,0,0,0,0,0,0,0,0,0,252.986,0,-157.698,0
"MtrElec",1,25,21,"",81.7135,0,0,0,0,0,0,0,0,0,0,0,0,0,0,0,0,0,0,0,0,239.411,0,-157.698,0
"MtrElec",1,25,22,"",195.466,0,0,0,0,0,0,0,0,0,0,0,0,0,0,0,0,0,0,0,0,253.39,0,-57.9236,0
"MtrElec",1,25,23,"",214.803,0,0,0,0,0,0,0,0,0,0,0,0,0,0,0,0,0,0,0,0,214.803,0,0,0
"MtrElec",1,25,24,"",175.614,0,0,0,0,0,0,0,0,0,0,0,0,0,0,0,0,0,0,0,0,175.614,0,0,0
"MtrElec",1,26,1,"",119.29,0,0,0,0,0,0,0,0,0,0,0,0,0,0,0,0,0,0,0,0,119.29,0,0,0
"MtrElec",1,26,2,"",125.79,0,0,0,0,0,0,0,0,0,0,0,0,0,0,0,0,0,0,0,0,125.79,0,0,0
"MtrElec",1,26,3,"",144.68,0,0,0,0,0,0,0,0,0,0,0,0,0,0,0,0,0,0,0,0,144.68,0,0,0
"MtrElec",1,26,4,"",142.51,0,0,0,0,0,0,0,0,0,0,0,0,0,0,0,0,0,0,0,0,142.51,0,0,0
"MtrElec",1,26,5,"",113.044,0,0,0,0,0,0,0,0,0,0,0,0,0,0,0,0,0,0,0,0,113.044,0,0,0
"MtrElec",1,26,6,"",122.514,0,0,0,0,0,0,0,0,0,0,0,0,0,0,0,0,0,0,0,0,122.514,0,0,0
"MtrElec",1,26,7,"",221.369,0,0,0,0,0,0,0,0,0,0,0,0,0,0,0,0,0,0,0,0,221.369,0,0,0
"MtrElec",1,26,8,"",192.137,0,0,0,0,0,0,0,0,0,0,0,0,0,0,0,0,0,0,0,0,260.514,0,0,-68.3765
"MtrElec",1,26,9,"",88.9855,0,0,0,0,0,0,0,0,0,0,0,0,0,0,0,0,0,0,0,0,290.349,0,0,-201.364
"MtrElec",1,26,10,"",0,0,0,0,0,0,0,0,0,0,0,0,0,0,0,0,0,0,0,0,0,290.157,0,6.93062,-297.088
"MtrElec",1,26,11,"",0,0,0,0,0,0,0,0,0,0,0,0,0,0,0,0,0,0,0,0,0,267.467,0,94.5064,-361.974
"MtrElec",1,26,12,"",-45.1159,0,0,0,0,0,0,0,0,0,0,0,0,0,0,0,0,0,0,0,0,197.286,0,157.698,-400.1
"MtrElec",1,26,13,"",-1.47263,0,0,0,0,0,0,0,0,0,0,0,0,0,0,0,0,0,0,0,0,248.183,0,157.698,-407.353
"MtrElec",1,26,14,"",-33.4934,0,0,0,0,0,0,0,0,0,0,0,0,0,0,0,0,0,0,0,0,187.645,0,157.698,-378.836
"MtrElec",1,26,15,"",-138.077,0,0,0,0,0,0,0,0,0,0,0,0,0,0,0,0,0,0,0,0,160.042,0,13.8542,-311.974
"MtrElec",1,26,16,"",-44.0663,0,0,0,0,0,0,0,0,0,0,0,0,0,0,0,0,0,0,0,0,156.837,0,0,-200.903
"MtrElec",1,26,17,"",157.601,0,0,0,0,0,0,0,0,0,0,0,0,0,0,0,0,0,0,0,0,213.665,0,0,-56.0646
"MtrElec",1,26,18,"",251.648,0,0,0,0,0,0,0,0,0,0,0,0,0,0,0,0,0,0,0,0,251.648,0,0,0
"MtrElec",1,26,19,"",91.7244,0,0,0,0,0,0,0,0,0,0,0,0,0,0,0,0,0,0,0,0,249.422,0,-157.698,0
"MtrElec",1,26,20,"",178.207,0,0,0,0,0,0,0,0,0,0,0,0,0,0,0,0,0,0,0,0,335.905,0,-157.698,0
"MtrElec",1,26,21,"",148.785,0,0,0,0,0,0,0,0,0,0,0,0,0,0,0,0,0,0,0,0,306.483,0,-157.698,0
"MtrElec",1,26,22,"",157.395,0,0,0,0,0,0,0,0,0,0,0,0,0,0,0,0,0,0,0,0,215.319,0,-57.9236,0
"MtrElec",1,26,23,"",227.212,0,0,0,0,0,0,0,0,0,0,0,0,0,0,0,0,0,0,0,0,227.212,0,0,0
"MtrElec",1,26,24,"",179.617,0,0,0,0,0,0,0,0,0,0,0,0,0,0,0,0,0,0,0,0,179.617,0,0,0
"MtrElec",1,27,1,"",130.608,0,0,0,0,0,0,0,0,0,0,0,0,0,0,0,0,0,0,0,0,130.608,0,0,0
"MtrElec",1,27,2,"",118.821,0,0,0,0,0,0,0,0,0,0,0,0,0,0,0,0,0,0,0,0,118.821,0,0,0
"MtrElec",1,27,3,"",111.848,0,0,0,0,0,0,0,0,0,0,0,0,0,0,0,0,0,0,0,0,111.848,0,0,0
"MtrElec",1,27,4,"",124.355,0,0,0,0,0,0,0,0,0,0,0,0,0,0,0,0,0,0,0,0,124.355,0,0,0
"MtrElec",1,27,5,"",135.675,0,0,0,0,0,0,0,0,0,0,0,0,0,0,0,0,0,0,0,0,135.675,0,0,0
"MtrElec",1,27,6,"",155.167,0,0,0,0,0,0,0,0,0,0,0,0,0,0,0,0,0,0,0,0,155.167,0,0,0
"MtrElec",1,27,7,"",281.793,0,0,0,0,0,0,0,0,0,0,0,0,0,0,0,0,0,0,0,0,281.793,0,0,0
"MtrElec",1,27,8,"",171.972,0,0,0,0,0,0,0,0,0,0,0,0,0,0,0,0,0,0,0,0,245.028,0,0,-73.0558
"MtrElec",1,27,9,"",62.2061,0,0,0,0,0,0,0,0,0,0,0,0,0,0,0,0,0,0,0,0,257.133,0,0,-194.927
"MtrElec",1,27,10,"",0.0000039,0,0,0,0,0,0,0,0,0,0,0,0,0,0,0,0,0,0,0,0,237.716,0,58.6519,-296.368
"MtrElec",1,27,11,"",0.0000078,0,0,0,0,0,0,0,0,0,0,0,0,0,0,0,0,0,0,0,0,259.526,0,100.145,-359.672
"MtrElec",1,27,12,"",-35.7822,0,0,0,0,0,0,0,0,0,0,0,0,0,0,0,0,0,0,0,0,204.4,0,157.698,-397.881
"MtrElec",1,27,13,"",-44.9907,0,0,0,0,0,0,0,0,0,0,0,0,0,0,0,0,0,0,0,0,205.722,0,157.698,-408.411
"MtrElec",1,27,14,"",-77.9773,0,0,0,0,0,0,0,0,0,0,0,0,0,0,0,0,0,0,0,0,169.874,0,114.192,-362.043
"MtrElec",1,27,15,"",-95.2339,0,0,0,0,0,0,0,0,0,0,0,0,0,0,0,0,0,0,0,0,152.578,0,0,-247.811
"MtrElec",1,27,16,"",43.9865,0,0,0,0,0,0,0,0,0,0,0,0,0,0,0,0,0,0,0,0,181.193,0,0,-137.207
"MtrElec",1,27,17,"",241.747,0,0,0,0,0,0,0,0,0,0,0,0,0,0,0,0,0,0,0,0,250.579,0,0,-8.83224
"MtrElec",1,27,18,"",189.08,0,0,0,0,0,0,0,0,0,0,0,0,0,0,0,0,0,0,0,0,189.08,0,0,0
"MtrElec",1,27,19,"",127.946,0,0,0,0,0,0,0,0,0,0,0,0,0,0,0,0,0,0,0,0,285.644,0,-157.698,0
"MtrElec",1,27,20,"",108.732,0,0,0,0,0,0,0,0,0,0,0,0,0,0,0,0,0,0,0,0,266.429,0,-157.698,0
"MtrElec",1,27,21,"",151.106,0,0,0,0,0,0,0,0,0,0,0,0,0,0,0,0,0,0,0,0,308.804,0,-157.698,0
"MtrElec",1,27,22,"",177.536,0,0,0,0,0,0,0,0,0,0,0,0,0,0,0,0,0,0,0,0,235.46,0,-57.9236,0
"MtrElec",1,27,23,"",230.965,0,0,0,0,0,0,0,0,0,0,0,0,0,0,0,0,0,0,0,0,230.965,0,0,0
"MtrElec",1,27,24,"",150.167,0,0,0,0,0,0,0,0,0,0,0,0,0,0,0,0,0,0,0,0,150.167,0,0,0
"MtrElec",1,28,1,"",135.892,0,0,0,0,0,0,0,0,0,0,0,0,0,0,0,0,0,0,0,0,135.892,0,0,0
"MtrElec",1,28,2,"",155.569,0,0,0,0,0,0,0,0,0,0,0,0,0,0,0,0,0,0,0,0,155.569,0,0,0
"MtrElec",1,28,3,"",96.7229,0,0,0,0,0,0,0,0,0,0,0,0,0,0,0,0,0,0,0,0,96.7229,0,0,0
"MtrElec",1,28,4,"",111.294,0,0,0,0,0,0,0,0,0,0,0,0,0,0,0,0,0,0,0,0,111.294,0,0,0
"MtrElec",1,28,5,"",110.321,0,0,0,0,0,0,0,0,0,0,0,0,0,0,0,0,0,0,0,0,110.321,0,0,0
"MtrElec",1,28,6,"",116.633,0,0,0,0,0,0,0,0,0,0,0,0,0,0,0,0,0,0,0,0,116.633,0,0,0
"MtrElec",1,28,7,"",216.625,0,0,0,0,0,0,0,0,0,0,0,0,0,0,0,0,0,0,0,0,216.625,0,0,0
"MtrElec",1,28,8,"",152.479,0,0,0,0,0,0,0,0,0,0,0,0,0,0,0,0,0,0,0,0,223.698,0,0,-71.2185
"MtrElec",1,28,9,"",79.1722,0,0,0,0,0,0,0,0,0,0,0,0,0,0,0,0,0,0,0,0,277.916,0,0,-198.743
"MtrElec",1,28,10,"",0,0,0,0,0,0,0,0,0,0,0,0,0,0,0,0,0,0,0,0,0,271.695,0,31.0388,-302.734
"MtrElec",1,28,11,"",0,0,0,0,0,0,0,0,0,0,0,0,0,0,0,0,0,0,0,0,0,226.941,0,150.516,-377.457
"MtrElec",1,28,12,"",-45.9481,0,0,0,0,0,0,0,0,0,0,0,0,0,0,0,0,0,0,0,0,211.678,0,157.698,-415.324
"MtrElec",1,28,13,"",-23.5957,0,0,0,0,0,0,0,0,0,0,0,0,0,0,0,0,0,0,0,0,236.562,0,157.698,-417.855
"MtrElec",1,28,14,"",-132.068,0,0,0,0,0,0,0,0,0,0,0,0,0,0,0,0,0,0,0,0,161.911,0,91.4347,-385.414
"MtrElec",1,28,15,"",-190.449,0,0,0,0,0,0,0,0,0,0,0,0,0,0,0,0,0,0,0,0,131.054,0,0,-321.502
"MtrElec",1,28,16,"",-34.7072,0,0,0,0,0,0,0,0,0,0,0,0,0,0,0,0,0,0,0,0,184.419,0,0,-219.126
"MtrElec",1,28,17,"",143.567,0,0,0,0,0,0,0,0,0,0,0,0,0,0,0,0,0,0,0,0,230.488,0,0,-86.9205
"MtrElec",1,28,18,"",211.937,0,0,0,0,0,0,0,0,0,0,0,0,0,0,0,0,0,0,0,0,211.937,0,0,0
"MtrElec",1,28,19,"",148.902,0,0,0,0,0,0,0,0,0,0,0,0,0,0,0,0,0,0,0,0,306.6,0,-157.698,0
"MtrElec",1,28,20,"",115.352,0,0,0,0,0,0,0,0,0,0,0,0,0,0,0,0,0,0,0,0,273.05,0,-157.698,0
"MtrElec",1,28,21,"",136.547,0,0,0,0,0,0,0,0,0,0,0,0,0,0,0,0,0,0,0,0,294.245,0,-157.698,0
"MtrElec",1,28,22,"",154.826,0,0,0,0,0,0,0,0,0,0,0,0,0,0,0,0,0,0,0,0,212.749,0,-57.9236,0
"MtrElec",1,28,23,"",216.969,0,0,0,0,0,0,0,0,0,0,0,0,0,0,0,0,0,0,0,0,216.969,0,0,0
"MtrElec",1,28,24,"",147.03,0,0,0,0,0,0,0,0,0,0,0,0,0,0,0,0,0,0,0,0,147.03,0,0,0
"MtrElec",1,29,1,"",139.203,0,0,0,0,0,0,0,0,0,0,0,0,0,0,0,0,0,0,0,0,139.203,0,0,0
"MtrElec",1,29,2,"",126.365,0,0,0,0,0,0,0,0,0,0,0,0,0,0,0,0,0,0,0,0,126.365,0,0,0
"MtrElec",1,29,3,"",159.104,0,0,0,0,0,0,0,0,0,0,0,0,0,0,0,0,0,0,0,0,159.104,0,0,0
"MtrElec",1,29,4,"",132.154,0,0,0,0,0,0,0,0,0,0,0,0,0,0,0,0,0,0,0,0,132.154,0,0,0
"MtrElec",1,29,5,"",126.991,0,0,0,0,0,0,0,0,0,0,0,0,0,0,0,0,0,0,0,0,126.991,0,0,0
"MtrElec",1,29,6,"",123.82,0,0,0,0,0,0,0,0,0,0,0,0,0,0,0,0,0,0,0,0,123.82,0,0,0
"MtrElec",1,29,7,"",326.852,0,0,0,0,0,0,0,0,0,0,0,0,0,0,0,0,0,0,0,0,326.852,0,0,0
"MtrElec",1,29,8,"",211.939,0,0,0,0,0,0,0,0,0,0,0,0,0,0,0,0,0,0,0,0,256.158,0,0,-44.2193
"MtrElec",1,29,9,"",148.31,0,0,0,0,0,0,0,0,0,0,0,0,0,0,0,0,0,0,0,0,276.711,0,0,-128.401
"MtrElec",1,29,10,"",0,0,0,0,0,0,0,0,0,0,0,0,0,0,0,0,0,0,0,0,0,276.124,0,6.4715,-282.596
"MtrElec",1,29,11,"",0,0,0,0,0,0,0,0,0,0,0,0,0,0,0,0,0,0,0,0,0,254.554,0,114.454,-369.008
"MtrElec",1,29,12,"",-19.4272,0,0,0,0,0,0,0,0,0,0,0,0,0,0,0,0,0,0,0,0,230.789,0,157.698,-407.914
"MtrElec",1,29,13,"",0,0,0,0,0,0,0,0,0,0,0,0,0,0,0,0,0,0,0,0,0,267.927,0,140.103,-408.03
"MtrElec",1,29,14,"",-72.2805,0,0,0,0,0,0,0,0,0,0,0,0,0,0,0,0,0,0,0,0,148.145,0,157.698,-378.123
"MtrElec",1,29,15,"",-160.987,0,0,0,0,0,0,0,0,0,0,0,0,0,0,0,0,0,0,0,0,141.249,0,11.9607,-314.196
"MtrElec",1,29,16,"",-35.6127,0,0,0,0,0,0,0,0,0,0,0,0,0,0,0,0,0,0,0,0,178.137,0,0,-213.75
"MtrElec",1,29,17,"",92.5751,0,0,0,0,0,0,0,0,0,0,0,0,0,0,0,0,0,0,0,0,177.762,0,0,-85.1872
"MtrElec",1,29,18,"",228.594,0,0,0,0,0,0,0,0,0,0,0,0,0,0,0,0,0,0,0,0,230.716,0,0,-2.12201
"MtrElec",1,29,19,"",145.327,0,0,0,0,0,0,0,0,0,0,0,0,0,0,0,0,0,0,0,0,303.025,0,-157.698,0
"MtrElec",1,29,20,"",98.1645,0,0,0,0,0,0,0,0,0,0,0,0,0,0,0,0,0,0,0,0,255.862,0,-157.698,0
"MtrElec",1,29,21,"",223.319,0,0,0,0,0,0,0,0,0,0,0,0,0,0,0,0,0,0,0,0,381.017,0,-157.698,0
"MtrElec",1,29,22,"",139.097,0,0,0,0,0,0,0,0,0,0,0,0,0,0,0,0,0,0,0,0,197.021,0,-57.9236,0
"MtrElec",1,29,23,"",215.212,0,0,0,0,0,0,0,0,0,0,0,0,0,0,0,0,0,0,0,0,215.212,0,0,0
"MtrElec",1,29,24,"",146.669,0,0,0,0,0,0,0,0,0,0,0,0,0,0,0,0,0,0,0,0,146.669,0,0,0
"MtrElec",1,30,1,"",107.315,0,0,0,0,0,0,0,0,0,0,0,0,0,0,0,0,0,0,0,0,107.315,0,0,0
"MtrElec",1,30,2,"",121.178,0,0,0,0,0,0,0,0,0,0,0,0,0,0,0,0,0,0,0,0,121.178,0,0,0
"MtrElec",1,30,3,"",147.22,0,0,0,0,0,0,0,0,0,0,0,0,0,0,0,0,0,0,0,0,147.22,0,0,0
"MtrElec",1,30,4,"",134.937,0,0,0,0,0,0,0,0,0,0,0,0,0,0,0,0,0,0,0,0,134.937,0,0,0
"MtrElec",1,30,5,"",127.016,0,0,0,0,0,0,0,0,0,0,0,0,0,0,0,0,0,0,0,0,127.016,0,0,0
"MtrElec",1,30,6,"",144.415,0,0,0,0,0,0,0,0,0,0,0,0,0,0,0,0,0,0,0,0,144.415,0,0,0
"MtrElec",1,30,7,"",237.757,0,0,0,0,0,0,0,0,0,0,0,0,0,0,0,0,0,0,0,0,237.757,0,0,0
"MtrElec",1,30,8,"",172.623,0,0,0,0,0,0,0,0,0,0,0,0,0,0,0,0,0,0,0,0,248.095,0,0,-75.4716
"MtrElec",1,30,9,"",93.5606,0,0,0,0,0,0,0,0,0,0,0,0,0,0,0,0,0,0,0,0,287.39,0,0,-193.829
"MtrElec",1,30,10,"",0,0,0,0,0,0,0,0,0,0,0,0,0,0,0,0,0,0,0,0,0,252.096,0,47.006,-299.102
"MtrElec",1,30,11,"",0.0000078,0,0,0,0,0,0,0,0,0,0,0,0,0,0,0,0,0,0,0,0,269.844,0,101.303,-371.147
"MtrElec",1,30,12,"",-24.6172,0,0,0,0,0,0,0,0,0,0,0,0,0,0,0,0,0,0,0,0,226.088,0,157.698,-408.403
"MtrElec",1,30,13,"",-4.86448,0,0,0,0,0,0,0,0,0,0,0,0,0,0,0,0,0,0,0,0,246.461,0,157.698,-409.023
"MtrElec",1,30,14,"",-137.661,0,0,0,0,0,0,0,0,0,0,0,0,0,0,0,0,0,0,0,0,120.118,0,124.68,-382.46
"MtrElec",1,30,15,"",-141.673,0,0,0,0,0,0,0,0,0,0,0,0,0,0,0,0,0,0,0,0,175.759,0,0,-317.433
"MtrElec",1,30,16,"",-34.5321,0,0,0,0,0,0,0,0,0,0,0,0,0,0,0,0,0,0,0,0,183.344,0,0,-217.876
"MtrElec",1,30,17,"",72.8879,0,0,0,0,0,0,0,0,0,0,0,0,0,0,0,0,0,0,0,0,165.086,0,0,-92.1986
"MtrElec",1,30,18,"",251.272,0,0,0,0,0,0,0,0,0,0,0,0,0,0,0,0,0,0,0,0,254.721,0,0,-3.44916
"MtrElec",1,30,19,"",108.967,0,0,0,0,0,0,0,0,0,0,0,0,0,0,0,0,0,0,0,0,266.665,0,-157.698,0
"MtrElec",1,30,20,"",101.205,0,0,0,0,0,0,0,0,0,0,0,0,0,0,0,0,0,0,0,0,258.903,0,-157.698,0
"MtrElec",1,30,21,"",206.708,0,0,0,0,0,0,0,0,0,0,0,0,0,0,0,0,0,0,0,0,364.406,0,-157.698,0
"MtrElec",1,30,22,"",155.531,0,0,0,0,0,0,0,0,0,0,0,0,0,0,0,0,0,0,0,0,213.455,0,-57.9236,0
"MtrElec",1,30,23,"",224.211,0,0,0,0,0,0,0,0,0,0,0,0,0,0,0,0,0,0,0,0,224.211,0,0,0
"MtrElec",1,30,24,"",153.173,0,0,0,0,0,0,0,0,0,0,0,0,0,0,0,0,0,0,0,0,153.173,0,0,0
"MtrElec",1,31,1,"",113.585,0,0,0,0,0,0,0,0,0,0,0,0,0,0,0,0,0,0,0,0,113.585,0,0,0
"MtrElec",1,31,2,"",112.441,0,0,0,0,0,0,0,0,0,0,0,0,0,0,0,0,0,0,0,0,112.441,0,0,0
"MtrElec",1,31,3,"",111.26,0,0,0,0,0,0,0,0,0,0,0,0,0,0,0,0,0,0,0,0,111.26,0,0,0
"MtrElec",1,31,4,"",97.7199,0,0,0,0,0,0,0,0,0,0,0,0,0,0,0,0,0,0,0,0,97.7199,0,0,0
"MtrElec",1,31,5,"",154.646,0,0,0,0,0,0,0,0,0,0,0,0,0,0,0,0,0,0,0,0,154.646,0,0,0
"MtrElec",1,31,6,"",114.308,0,0,0,0,0,0,0,0,0,0,0,0,0,0,0,0,0,0,0,0,114.308,0,0,0
"MtrElec",1,31,7,"",110.9,0,0,0,0,0,0,0,0,0,0,0,0,0,0,0,0,0,0,0,0,110.9,0,0,0
"MtrElec",1,31,8,"",172.678,0,0,0,0,0,0,0,0,0,0,0,0,0,0,0,0,0,0,0,0,204.376,0,0,-31.6976
"MtrElec",1,31,9,"",44.602,0,0,0,0,0,0,0,0,0,0,0,0,0,0,0,0,0,0,0,0,195.095,0,0,-150.493
"MtrElec",1,31,10,"",0.0000039,0,0,0,0,0,0,0,0,0,0,0,0,0,0,0,0,0,0,0,0,248.371,0,39.7332,-288.105
"MtrElec",1,31,11,"",0.0000039,0,0,0,0,0,0,0,0,0,0,0,0,0,0,0,0,0,0,0,0,331.217,0,47.9375,-379.154
"MtrElec",1,31,12,"",0.0000156,0,0,0,0,0,0,0,0,0,0,0,0,0,0,0,0,0,0,0,0,265.445,0,151.702,-417.147
"MtrElec",1,31,13,"",-53.5553,0,0,0,0,0,0,0,0,0,0,0,0,0,0,0,0,0,0,0,0,212.667,0,157.698,-423.92
"MtrElec",1,31,14,"",-17.2361,0,0,0,0,0,0,0,0,0,0,0,0,0,0,0,0,0,0,0,0,214.567,0,157.698,-389.501
"MtrElec",1,31,15,"",-76.9936,0,0,0,0,0,0,0,0,0,0,0,0,0,0,0,0,0,0,0,0,216.268,0,33.6161,-326.878
"MtrElec",1,31,16,"",31.7156,0,0,0,0,0,0,0,0,0,0,0,0,0,0,0,0,0,0,0,0,258.165,0,0,-226.449
"MtrElec",1,31,17,"",134.913,0,0,0,0,0,0,0,0,0,0,0,0,0,0,0,0,0,0,0,0,201.751,0,0,-66.8381
"MtrElec",1,31,18,"",269.421,0,0,0,0,0,0,0,0,0,0,0,0,0,0,0,0,0,0,0,0,273.487,0,0,-4.06607
"MtrElec",1,31,19,"",147.378,0,0,0,0,0,0,0,0,0,0,0,0,0,0,0,0,0,0,0,0,305.076,0,-157.698,0
"MtrElec",1,31,20,"",151.216,0,0,0,0,0,0,0,0,0,0,0,0,0,0,0,0,0,0,0,0,308.914,0,-157.698,0
"MtrElec",1,31,21,"",66.7584,0,0,0,0,0,0,0,0,0,0,0,0,0,0,0,0,0,0,0,0,224.456,0,-157.698,0
"MtrElec",1,31,22,"",170.485,0,0,0,0,0,0,0,0,0,0,0,0,0,0,0,0,0,0,0,0,228.408,0,-57.9236,0
"MtrElec",1,31,23,"",253.017,0,0,0,0,0,0,0,0,0,0,0,0,0,0,0,0,0,0,0,0,253.017,0,0,0
"MtrElec",1,31,24,"",252.822,0,0,0,0,0,0,0,0,0,0,0,0,0,0,0,0,0,0,0,0,252.822,0,0,0
"MtrElec",2,1,1,"",138.225,0,0,0,0,0,0,0,0,0,0,0,0,0,0,0,0,0,0,0,0,138.225,0,0,0
"MtrElec",2,1,2,"",126.752,0,0,0,0,0,0,0,0,0,0,0,0,0,0,0,0,0,0,0,0,126.752,0,0,0
"MtrElec",2,1,3,"",122.175,0,0,0,0,0,0,0,0,0,0,0,0,0,0,0,0,0,0,0,0,122.175,0,0,0
"MtrElec",2,1,4,"",126.062,0,0,0,0,0,0,0,0,0,0,0,0,0,0,0,0,0,0,0,0,126.062,0,0,0
"MtrElec",2,1,5,"",145.872,0,0,0,0,0,0,0,0,0,0,0,0,0,0,0,0,0,0,0,0,145.872,0,0,0
"MtrElec",2,1,6,"",134.249,0,0,0,0,0,0,0,0,0,0,0,0,0,0,0,0,0,0,0,0,134.249,0,0,0
"MtrElec",2,1,7,"",189.794,0,0,0,0,0,0,0,0,0,0,0,0,0,0,0,0,0,0,0,0,189.794,0,0,0
"MtrElec",2,1,8,"",157.169,0,0,0,0,0,0,0,0,0,0,0,0,0,0,0,0,0,0,0,0,234.734,0,0,-77.5651
"MtrElec",2,1,9,"",51.085,0,0,0,0,0,0,0,0,0,0,0,0,0,0,0,0,0,0,0,0,250.294,0,0,-199.209
"MtrElec",2,1,10,"",0.0000039,0,0,0,0,0,0,0,0,0,0,0,0,0,0,0,0,0,0,0,0,260.296,0,51.0768,-311.373
"MtrElec",2,1,11,"",0,0,0,0,0,0,0,0,0,0,0,0,0,0,0,0,0,0,0,0,0,278.609,0,111.413,-390.021
"MtrElec",2,1,12,"",-1.36042,0,0,0,0,0,0,0,0,0,0,0,0,0,0,0,0,0,0,0,0,266.495,0,157.698,-425.554
"MtrElec",2,1,13,"",-15.2792,0,0,0,0,0,0,0,0,0,0,0,0,0,0,0,0,0,0,0,0,252.55,0,157.698,-425.527
"MtrElec",2,1,14,"",-13.6574,0,0,0,0,0,0,0,0,0,0,0,0,0,0,0,0,0,0,0,0,215.516,0,110.5,-339.673
"MtrElec",2,1,15,"",120.07,0,0,0,0,0,0,0,0,0,0,0,0,0,0,0,0,0,0,0,0,228.011,0,0,-107.942
"MtrElec",2,1,16,"",102.181,0,0,0,0,0,0,0,0,0,0,0,0,0,0,0,0,0,0,0,0,196.836,0,0,-94.6556
"MtrElec",2,1,17,"",81.5514,0,0,0,0,0,0,0,0,0,0,0,0,0,0,0,0,0,0,0,0,159.328,0,0,-77.7764
"MtrElec",2,1,18,"",205.843,0,0,0,0,0,0,0,0,0,0,0,0,0,0,0,0,0,0,0,0,206.316,0,0,-0.472463
"MtrElec",2,1,19,"",112.925,0,0,0,0,0,0,0,0,0,0,0,0,0,0,0,0,0,0,0,0,270.623,0,-157.698,0
"MtrElec",2,1,20,"",98.7408,0,0,0,0,0,0,0,0,0,0,0,0,0,0,0,0,0,0,0,0,256.439,0,-157.698,0
"MtrElec",2,1,21,"",64.6405,0,0,0,0,0,0,0,0,0,0,0,0,0,0,0,0,0,0,0,0,222.338,0,-157.698,0
"MtrElec",2,1,22,"",224.878,0,0,0,0,0,0,0,0,0,0,0,0,0,0,0,0,0,0,0,0,282.802,0,-57.9236,0
"MtrElec",2,1,23,"",190.787,0,0,0,0,0,0,0,0,0,0,0,0,0,0,0,0,0,0,0,0,190.787,0,0,0
"MtrElec",2,1,24,"",220.269,0,0,0,0,0,0,0,0,0,0,0,0,0,0,0,0,0,0,0,0,220.269,0,0,0
"MtrElec",2,2,1,"",147.017,0,0,0,0,0,0,0,0,0,0,0,0,0,0,0,0,0,0,0,0,147.017,0,0,0
"MtrElec",2,2,2,"",134.503,0,0,0,0,0,0,0,0,0,0,0,0,0,0,0,0,0,0,0,0,134.503,0,0,0
"MtrElec",2,2,3,"",124.257,0,0,0,0,0,0,0,0,0,0,0,0,0,0,0,0,0,0,0,0,124.257,0,0,0
"MtrElec",2,2,4,"",126.177,0,0,0,0,0,0,0,0,0,0,0,0,0,0,0,0,0,0,0,0,126.177,0,0,0
"MtrElec",2,2,5,"",131.438,0,0,0,0,0,0,0,0,0,0,0,0,0,0,0,0,0,0,0,0,131.438,0,0,0
"MtrElec",2,2,6,"",182.367,0,0,0,0,0,0,0,0,0,0,0,0,0,0,0,0,0,0,0,0,182.367,0,0,0
"MtrElec",2,2,7,"",245.166,0,0,0,0,0,0,0,0,0,0,0,0,0,0,0,0,0,0,0,0,245.166,0,0,0
"MtrElec",2,2,8,"",213.473,0,0,0,0,0,0,0,0,0,0,0,0,0,0,0,0,0,0,0,0,260.403,0,0,-46.93
"MtrElec",2,2,9,"",212.535,0,0,0,0,0,0,0,0,0,0,0,0,0,0,0,0,0,0,0,0,271.177,0,0,-58.6413
"MtrElec",2,2,10,"",139.711,0,0,0,0,0,0,0,0,0,0,0,0,0,0,0,0,0,0,0,0,285.099,0,0,-145.388
"MtrElec",2,2,11,"",24.1558,0,0,0,0,0,0,0,0,0,0,0,0,0,0,0,0,0,0,0,0,240.02,0,0,-215.864
"MtrElec",2,2,12,"",25.3286,0,0,0,0,0,0,0,0,0,0,0,0,0,0,0,0,0,0,0,0,250.738,0,0,-225.409
"MtrElec",2,2,13,"",0.0000156,0,0,0,0,0,0,0,0,0,0,0,0,0,0,0,0,0,0,0,0,163.711,0,140.595,-304.306
"MtrElec",2,2,14,"",0.0000039,0,0,0,0,0,0,0,0,0,0,0,0,0,0,0,0,0,0,0,0,185.14,0,54.6048,-239.744
"MtrElec",2,2,15,"",89.687,0,0,0,0,0,0,0,0,0,0,0,0,0,0,0,0,0,0,0,0,173.709,0,0,-84.0223
"MtrElec",2,2,16,"",121.178,0,0,0,0,0,0,0,0,0,0,0,0,0,0,0,0,0,0,0,0,178.917,0,0,-57.7385
"MtrElec",2,2,17,"",174.894,0,0,0,0,0,0,0,0,0,0,0,0,0,0,0,0,0,0,0,0,241.701,0,0,-66.8067
"MtrElec",2,2,18,"",220.933,0,0,0,0,0,0,0,0,0,0,0,0,0,0,0,0,0,0,0,0,221.819,0,0,-0.885638
"MtrElec",2,2,19,"",149.705,0,0,0,0,0,0,0,0,0,0,0,0,0,0,0,0,0,0,0,0,307.403,0,-157.698,0
"MtrElec",2,2,20,"",317.632,0,0,0,0,0,0,0,0,0,0,0,0,0,0,0,0,0,0,0,0,336.102,0,-18.4703,0
"MtrElec",2,2,21,"",339.787,0,0,0,0,0,0,0,0,0,0,0,0,0,0,0,0,0,0,0,0,339.787,0,0,0
"MtrElec",2,2,22,"",226.775,0,0,0,0,0,0,0,0,0,0,0,0,0,0,0,0,0,0,0,0,226.775,0,0,0
"MtrElec",2,2,23,"",323.419,0,0,0,0,0,0,0,0,0,0,0,0,0,0,0,0,0,0,0,0,323.419,0,0,0
"MtrElec",2,2,24,"",232.762,0,0,0,0,0,0,0,0,0,0,0,0,0,0,0,0,0,0,0,0,232.762,0,0,0
"MtrElec",2,3,1,"",149.107,0,0,0,0,0,0,0,0,0,0,0,0,0,0,0,0,0,0,0,0,149.107,0,0,0
"MtrElec",2,3,2,"",126.014,0,0,0,0,0,0,0,0,0,0,0,0,0,0,0,0,0,0,0,0,126.014,0,0,0
"MtrElec",2,3,3,"",120.797,0,0,0,0,0,0,0,0,0,0,0,0,0,0,0,0,0,0,0,0,120.797,0,0,0
"MtrElec",2,3,4,"",130.807,0,0,0,0,0,0,0,0,0,0,0,0,0,0,0,0,0,0,0,0,130.807,0,0,0
"MtrElec",2,3,5,"",125.443,0,0,0,0,0,0,0,0,0,0,0,0,0,0,0,0,0,0,0,0,125.443,0,0,0
"MtrElec",2,3,6,"",196.907,0,0,0,0,0,0,0,0,0,0,0,0,0,0,0,0,0,0,0,0,196.907,0,0,0
"MtrElec",2,3,7,"",193.974,0,0,0,0,0,0,0,0,0,0,0,0,0,0,0,0,0,0,0,0,193.974,0,0,0
"MtrElec",2,3,8,"",248.539,0,0,0,0,0,0,0,0,0,0,0,0,0,0,0,0,0,0,0,0,249.938,0,0,-1.39897
"MtrElec",2,3,9,"",249.077,0,0,0,0,0,0,0,0,0,0,0,0,0,0,0,0,0,0,0,0,270.154,0,0,-21.0773
"MtrElec",2,3,10,"",72.8933,0,0,0,0,0,0,0,0,0,0,0,0,0,0,0,0,0,0,0,0,265.081,0,0,-192.188
"MtrElec",2,3,11,"",243.521,0,0,0,0,0,0,0,0,0,0,0,0,0,0,0,0,0,0,0,0,290.314,0,0,-46.7933
"MtrElec",2,3,12,"",237.519,0,0,0,0,0,0,0,0,0,0,0,0,0,0,0,0,0,0,0,0,296.374,0,0,-58.8557
"MtrElec",2,3,13,"",179.462,0,0,0,0,0,0,0,0,0,0,0,0,0,0,0,0,0,0,0,0,267.044,0,0,-87.5821
"MtrElec",2,3,14,"",0,0,0,0,0,0,0,0,0,0,0,0,0,0,0,0,0,0,0,0,0,198.414,0,72.24,-270.654
"MtrElec",2,3,15,"",17.3945,0,0,0,0,0,0,0,0,0,0,0,0,0,0,0,0,0,0,0,0,213.868,0,0,-196.474
"MtrElec",2,3,16,"",41.7695,0,0,0,0,0,0,0,0,0,0,0,0,0,0,0,0,0,0,0,0,146.863,0,0,-105.093
"MtrElec",2,3,17,"",229.484,0,0,0,0,0,0,0,0,0,0,0,0,0,0,0,0,0,0,0,0,242.853,0,0,-13.3689
"MtrElec",2,3,18,"",205.855,0,0,0,0,0,0,0,0,0,0,0,0,0,0,0,0,0,0,0,0,210.442,0,0,-4.58728
"MtrElec",2,3,19,"",253.129,0,0,0,0,0,0,0,0,0,0,0,0,0,0,0,0,0,0,0,0,318.326,0,-65.1966,0
"MtrElec",2,3,20,"",339.517,0,0,0,0,0,0,0,0,0,0,0,0,0,0,0,0,0,0,0,0,339.517,0,0,0
"MtrElec",2,3,21,"",323.139,0,0,0,0,0,0,0,0,0,0,0,0,0,0,0,0,0,0,0,0,323.139,0,0,0
"MtrElec",2,3,22,"",217.927,0,0,0,0,0,0,0,0,0,0,0,0,0,0,0,0,0,0,0,0,217.927,0,0,0
"MtrElec",2,3,23,"",277.47,0,0,0,0,0,0,0,0,0,0,0,0,0,0,0,0,0,0,0,0,277.47,0,0,0
"MtrElec",2,3,24,"",233.429,0,0,0,0,0,0,0,0,0,0,0,0,0,0,0,0,0,0,0,0,233.429,0,0,0
"MtrElec",2,4,1,"",154.82,0,0,0,0,0,0,0,0,0,0,0,0,0,0,0,0,0,0,0,0,154.82,0,0,0
"MtrElec",2,4,2,"",141.594,0,0,0,0,0,0,0,0,0,0,0,0,0,0,0,0,0,0,0,0,141.594,0,0,0
"MtrElec",2,4,3,"",141.142,0,0,0,0,0,0,0,0,0,0,0,0,0,0,0,0,0,0,0,0,141.142,0,0,0
"MtrElec",2,4,4,"",151.664,0,0,0,0,0,0,0,0,0,0,0,0,0,0,0,0,0,0,0,0,151.664,0,0,0
"MtrElec",2,4,5,"",150.158,0,0,0,0,0,0,0,0,0,0,0,0,0,0,0,0,0,0,0,0,150.158,0,0,0
"MtrElec",2,4,6,"",167.526,0,0,0,0,0,0,0,0,0,0,0,0,0,0,0,0,0,0,0,0,167.526,0,0,0
"MtrElec",2,4,7,"",353.102,0,0,0,0,0,0,0,0,0,0,0,0,0,0,0,0,0,0,0,0,353.102,0,0,0
"MtrElec",2,4,8,"",264.257,0,0,0,0,0,0,0,0,0,0,0,0,0,0,0,0,0,0,0,0,351.553,0,0,-87.2955
"MtrElec",2,4,9,"",58.7851,0,0,0,0,0,0,0,0,0,0,0,0,0,0,0,0,0,0,0,0,277.157,0,0,-218.371
"MtrElec",2,4,10,"",0,0,0,0,0,0,0,0,0,0,0,0,0,0,0,0,0,0,0,0,0,272.499,0,48.6611,-321.16
"MtrElec",2,4,11,"",-9.49445,0,0,0,0,0,0,0,0,0,0,0,0,0,0,0,0,0,0,0,0,221.766,0,157.698,-388.958
"MtrElec",2,4,12,"",-40.7598,0,0,0,0,0,0,0,0,0,0,0,0,0,0,0,0,0,0,0,0,232.565,0,157.698,-431.023
"MtrElec",2,4,13,"",-68.4094,0,0,0,0,0,0,0,0,0,0,0,0,0,0,0,0,0,0,0,0,207.268,0,157.698,-433.375
"MtrElec",2,4,14,"",-174.91,0,0,0,0,0,0,0,0,0,0,0,0,0,0,0,0,0,0,0,0,166.647,0,66.6301,-408.187
"MtrElec",2,4,15,"",-157.421,0,0,0,0,0,0,0,0,0,0,0,0,0,0,0,0,0,0,0,0,187.418,0,0,-344.839
"MtrElec",2,4,16,"",-61.096,0,0,0,0,0,0,0,0,0,0,0,0,0,0,0,0,0,0,0,0,178.554,0,0,-239.65
"MtrElec",2,4,17,"",114.359,0,0,0,0,0,0,0,0,0,0,0,0,0,0,0,0,0,0,0,0,221.209,0,0,-106.85
"MtrElec",2,4,18,"",267.213,0,0,0,0,0,0,0,0,0,0,0,0,0,0,0,0,0,0,0,0,273.619,0,0,-6.40626
"MtrElec",2,4,19,"",93.7464,0,0,0,0,0,0,0,0,0,0,0,0,0,0,0,0,0,0,0,0,251.444,0,-157.698,0
"MtrElec",2,4,20,"",86.3578,0,0,0,0,0,0,0,0,0,0,0,0,0,0,0,0,0,0,0,0,244.056,0,-157.698,0
"MtrElec",2,4,21,"",174.514,0,0,0,0,0,0,0,0,0,0,0,0,0,0,0,0,0,0,0,0,332.212,0,-157.698,0
"MtrElec",2,4,22,"",181.744,0,0,0,0,0,0,0,0,0,0,0,0,0,0,0,0,0,0,0,0,239.668,0,-57.9236,0
"MtrElec",2,4,23,"",242.906,0,0,0,0,0,0,0,0,0,0,0,0,0,0,0,0,0,0,0,0,242.906,0,0,0
"MtrElec",2,4,24,"",162.487,0,0,0,0,0,0,0,0,0,0,0,0,0,0,0,0,0,0,0,0,162.487,0,0,0
"MtrElec",2,5,1,"",156.106,0,0,0,0,0,0,0,0,0,0,0,0,0,0,0,0,0,0,0,0,156.106,0,0,0
"MtrElec",2,5,2,"",146.706,0,0,0,0,0,0,0,0,0,0,0,0,0,0,0,0,0,0,0,0,146.706,0,0,0
"MtrElec",2,5,3,"",151.916,0,0,0,0,0,0,0,0,0,0,0,0,0,0,0,0,0,0,0,0,151.916,0,0,0
"MtrElec",2,5,4,"",179.036,0,0,0,0,0,0,0,0,0,0,0,0,0,0,0,0,0,0,0,0,179.036,0,0,0
"MtrElec",2,5,5,"",156.989,0,0,0,0,0,0,0,0,0,0,0,0,0,0,0,0,0,0,0,0,156.989,0,0,0
"MtrElec",2,5,6,"",160.361,0,0,0,0,0,0,0,0,0,0,0,0,0,0,0,0,0,0,0,0,160.361,0,0,0
"MtrElec",2,5,7,"",323.349,0,0,0,0,0,0,0,0,0,0,0,0,0,0,0,0,0,0,0,0,323.349,0,0,0
"MtrElec",2,5,8,"",258.787,0,0,0,0,0,0,0,0,0,0,0,0,0,0,0,0,0,0,0,0,356.268,0,0,-97.4813
"MtrElec",2,5,9,"",54.7854,0,0,0,0,0,0,0,0,0,0,0,0,0,0,0,0,0,0,0,0,288.434,0,0,-233.649
"MtrElec",2,5,10,"",0,0,0,0,0,0,0,0,0,0,0,0,0,0,0,0,0,0,0,0,0,265.536,0,78.2781,-343.815
"MtrElec",2,5,11,"",-21.5938,0,0,0,0,0,0,0,0,0,0,0,0,0,0,0,0,0,0,0,0,239.172,0,157.698,-418.464
"MtrElec",2,5,12,"",-107.546,0,0,0,0,0,0,0,0,0,0,0,0,0,0,0,0,0,0,0,0,194.072,0,157.698,-459.316
"MtrElec",2,5,13,"",-99.7506,0,0,0,0,0,0,0,0,0,0,0,0,0,0,0,0,0,0,0,0,204.266,0,157.698,-461.715
"MtrElec",2,5,14,"",-229.42,0,0,0,0,0,0,0,0,0,0,0,0,0,0,0,0,0,0,0,0,152.943,0,37.0131,-419.376
"MtrElec",2,5,15,"",-150.145,0,0,0,0,0,0,0,0,0,0,0,0,0,0,0,0,0,0,0,0,193.576,0,0,-343.721
"MtrElec",2,5,16,"",-63.1489,0,0,0,0,0,0,0,0,0,0,0,0,0,0,0,0,0,0,0,0,180.277,0,0,-243.426
"MtrElec",2,5,17,"",108.077,0,0,0,0,0,0,0,0,0,0,0,0,0,0,0,0,0,0,0,0,218.05,0,0,-109.974
"MtrElec",2,5,18,"",265.016,0,0,0,0,0,0,0,0,0,0,0,0,0,0,0,0,0,0,0,0,272.202,0,0,-7.18649
"MtrElec",2,5,19,"",81.8305,0,0,0,0,0,0,0,0,0,0,0,0,0,0,0,0,0,0,0,0,239.528,0,-157.698,0
"MtrElec",2,5,20,"",246.313,0,0,0,0,0,0,0,0,0,0,0,0,0,0,0,0,0,0,0,0,404.011,0,-157.698,0
"MtrElec",2,5,21,"",162.609,0,0,0,0,0,0,0,0,0,0,0,0,0,0,0,0,0,0,0,0,320.306,0,-157.698,0
"MtrElec",2,5,22,"",327.304,0,0,0,0,0,0,0,0,0,0,0,0,0,0,0,0,0,0,0,0,385.227,0,-57.9236,0
"MtrElec",2,5,23,"",265.451,0,0,0,0,0,0,0,0,0,0,0,0,0,0,0,0,0,0,0,0,265.451,0,0,0
"MtrElec",2,5,24,"",185.941,0,0,0,0,0,0,0,0,0,0,0,0,0,0,0,0,0,0,0,0,185.941,0,0,0
"MtrElec",2,6,1,"",160.194,0,0,0,0,0,0,0,0,0,0,0,0,0,0,0,0,0,0,0,0,160.194,0,0,0
"MtrElec",2,6,2,"",167.504,0,0,0,0,0,0,0,0,0,0,0,0,0,0,0,0,0,0,0,0,167.504,0,0,0
"MtrElec",2,6,3,"",288.401,0,0,0,0,0,0,0,0,0,0,0,0,0,0,0,0,0,0,0,0,288.401,0,0,0
"MtrElec",2,6,4,"",183.257,0,0,0,0,0,0,0,0,0,0,0,0,0,0,0,0,0,0,0,0,183.257,0,0,0
"MtrElec",2,6,5,"",180.203,0,0,0,0,0,0,0,0,0,0,0,0,0,0,0,0,0,0,0,0,180.203,0,0,0
"MtrElec",2,6,6,"",180.018,0,0,0,0,0,0,0,0,0,0,0,0,0,0,0,0,0,0,0,0,180.018,0,0,0
"MtrElec",2,6,7,"",318.44,0,0,0,0,0,0,0,0,0,0,0,0,0,0,0,0,0,0,0,0,318.44,0,0,0
"MtrElec",2,6,8,"",279.362,0,0,0,0,0,0,0,0,0,0,0,0,0,0,0,0,0,0,0,0,360.598,0,0,-81.236
"MtrElec",2,6,9,"",49.6941,0,0,0,0,0,0,0,0,0,0,0,0,0,0,0,0,0,0,0,0,270.939,0,0,-221.245
"MtrElec",2,6,10,"",0,0,0,0,0,0,0,0,0,0,0,0,0,0,0,0,0,0,0,0,0,276.585,0,42.5403,-319.126
"MtrElec",2,6,11,"",0,0,0,0,0,0,0,0,0,0,0,0,0,0,0,0,0,0,0,0,0,264.733,0,117.607,-382.34
"MtrElec",2,6,12,"",-25.9147,0,0,0,0,0,0,0,0,0,0,0,0,0,0,0,0,0,0,0,0,242.038,0,157.698,-425.651
"MtrElec",2,6,13,"",-75.4267,0,0,0,0,0,0,0,0,0,0,0,0,0,0,0,0,0,0,0,0,202.299,0,157.698,-435.424
"MtrElec",2,6,14,"",-147.36,0,0,0,0,0,0,0,0,0,0,0,0,0,0,0,0,0,0,0,0,141.986,0,112.841,-402.187
"MtrElec",2,6,15,"",-140.877,0,0,0,0,0,0,0,0,0,0,0,0,0,0,0,0,0,0,0,0,193.046,0,0,-333.923
"MtrElec",2,6,16,"",-69.716,0,0,0,0,0,0,0,0,0,0,0,0,0,0,0,0,0,0,0,0,159.985,0,0,-229.701
"MtrElec",2,6,17,"",121.155,0,0,0,0,0,0,0,0,0,0,0,0,0,0,0,0,0,0,0,0,221.232,0,0,-100.077
"MtrElec",2,6,18,"",295.34,0,0,0,0,0,0,0,0,0,0,0,0,0,0,0,0,0,0,0,0,300.773,0,0,-5.43291
"MtrElec",2,6,19,"",115.603,0,0,0,0,0,0,0,0,0,0,0,0,0,0,0,0,0,0,0,0,273.301,0,-157.698,0
"MtrElec",2,6,20,"",119.597,0,0,0,0,0,0,0,0,0,0,0,0,0,0,0,0,0,0,0,0,277.295,0,-157.698,0
"MtrElec",2,6,21,"",124.939,0,0,0,0,0,0,0,0,0,0,0,0,0,0,0,0,0,0,0,0,282.636,0,-157.698,0
"MtrElec",2,6,22,"",200.52,0,0,0,0,0,0,0,0,0,0,0,0,0,0,0,0,0,0,0,0,258.444,0,-57.9236,0
"MtrElec",2,6,23,"",338.166,0,0,0,0,0,0,0,0,0,0,0,0,0,0,0,0,0,0,0,0,338.166,0,0,0
"MtrElec",2,6,24,"",210.629,0,0,0,0,0,0,0,0,0,0,0,0,0,0,0,0,0,0,0,0,210.629,0,0,0
"MtrElec",2,7,1,"",197.927,0,0,0,0,0,0,0,0,0,0,0,0,0,0,0,0,0,0,0,0,197.927,0,0,0
"MtrElec",2,7,2,"",158.827,0,0,0,0,0,0,0,0,0,0,0,0,0,0,0,0,0,0,0,0,158.827,0,0,0
"MtrElec",2,7,3,"",150.301,0,0,0,0,0,0,0,0,0,0,0,0,0,0,0,0,0,0,0,0,150.301,0,0,0
"MtrElec",2,7,4,"",170.84,0,0,0,0,0,0,0,0,0,0,0,0,0,0,0,0,0,0,0,0,170.84,0,0,0
"MtrElec",2,7,5,"",178.312,0,0,0,0,0,0,0,0,0,0,0,0,0,0,0,0,0,0,0,0,178.312,0,0,0
"MtrElec",2,7,6,"",159.791,0,0,0,0,0,0,0,0,0,0,0,0,0,0,0,0,0,0,0,0,159.791,0,0,0
"MtrElec",2,7,7,"",293.788,0,0,0,0,0,0,0,0,0,0,0,0,0,0,0,0,0,0,0,0,293.788,0,0,0
"MtrElec",2,7,8,"",75.2384,0,0,0,0,0,0,0,0,0,0,0,0,0,0,0,0,0,0,0,0,163.353,0,0,-88.1143
"MtrElec",2,7,9,"",52.6346,0,0,0,0,0,0,0,0,0,0,0,0,0,0,0,0,0,0,0,0,262.458,0,0,-209.823
"MtrElec",2,7,10,"",0.0000039,0,0,0,0,0,0,0,0,0,0,0,0,0,0,0,0,0,0,0,0,250.097,0,58.2212,-308.318
"MtrElec",2,7,11,"",0.0000078,0,0,0,0,0,0,0,0,0,0,0,0,0,0,0,0,0,0,0,0,302.103,0,84.0352,-386.138
"MtrElec",2,7,12,"",0,0,0,0,0,0,0,0,0,0,0,0,0,0,0,0,0,0,0,0,0,275.413,0,149.576,-424.989
"MtrElec",2,7,13,"",-0.0833906,0,0,0,0,0,0,0,0,0,0,0,0,0,0,0,0,0,0,0,0,268.646,0,157.698,-426.427
"MtrElec",2,7,14,"",-51.1935,0,0,0,0,0,0,0,0,0,0,0,0,0,0,0,0,0,0,0,0,205.89,0,138.855,-395.938
"MtrElec",2,7,15,"",-89.3554,0,0,0,0,0,0,0,0,0,0,0,0,0,0,0,0,0,0,0,0,242.457,0,0,-331.813
"MtrElec",2,7,16,"",-56.8317,0,0,0,0,0,0,0,0,0,0,0,0,0,0,0,0,0,0,0,0,174.799,0,0,-231.631
"MtrElec",2,7,17,"",92.9604,0,0,0,0,0,0,0,0,0,0,0,0,0,0,0,0,0,0,0,0,198.314,0,0,-105.354
"MtrElec",2,7,18,"",254.888,0,0,0,0,0,0,0,0,0,0,0,0,0,0,0,0,0,0,0,0,261.602,0,0,-6.71371
"MtrElec",2,7,19,"",212.86,0,0,0,0,0,0,0,0,0,0,0,0,0,0,0,0,0,0,0,0,370.558,0,-157.698,0
"MtrElec",2,7,20,"",131.091,0,0,0,0,0,0,0,0,0,0,0,0,0,0,0,0,0,0,0,0,288.789,0,-157.698,0
"MtrElec",2,7,21,"",119.644,0,0,0,0,0,0,0,0,0,0,0,0,0,0,0,0,0,0,0,0,277.341,0,-157.698,0
"MtrElec",2,7,22,"",221.675,0,0,0,0,0,0,0,0,0,0,0,0,0,0,0,0,0,0,0,0,279.599,0,-57.9236,0
"MtrElec",2,7,23,"",194.15,0,0,0,0,0,0,0,0,0,0,0,0,0,0,0,0,0,0,0,0,194.15,0,0,0
"MtrElec",2,7,24,"",203.507,0,0,0,0,0,0,0,0,0,0,0,0,0,0,0,0,0,0,0,0,203.507,0,0,0
"MtrElec",2,8,1,"",132.187,0,0,0,0,0,0,0,0,0,0,0,0,0,0,0,0,0,0,0,0,132.187,0,0,0
"MtrElec",2,8,2,"",139.456,0,0,0,0,0,0,0,0,0,0,0,0,0,0,0,0,0,0,0,0,139.456,0,0,0
"MtrElec",2,8,3,"",141.508,0,0,0,0,0,0,0,0,0,0,0,0,0,0,0,0,0,0,0,0,141.508,0,0,0
"MtrElec",2,8,4,"",135.204,0,0,0,0,0,0,0,0,0,0,0,0,0,0,0,0,0,0,0,0,135.204,0,0,0
"MtrElec",2,8,5,"",266.268,0,0,0,0,0,0,0,0,0,0,0,0,0,0,0,0,0,0,0,0,266.268,0,0,0
"MtrElec",2,8,6,"",169.338,0,0,0,0,0,0,0,0,0,0,0,0,0,0,0,0,0,0,0,0,169.338,0,0,0
"MtrElec",2,8,7,"",146.199,0,0,0,0,0,0,0,0,0,0,0,0,0,0,0,0,0,0,0,0,146.199,0,0,0
"MtrElec",2,8,8,"",162.062,0,0,0,0,0,0,0,0,0,0,0,0,0,0,0,0,0,0,0,0,251.414,0,0,-89.3518
"MtrElec",2,8,9,"",11.8775,0,0,0,0,0,0,0,0,0,0,0,0,0,0,0,0,0,0,0,0,229.102,0,0,-217.225
"MtrElec",2,8,10,"",0.0000039,0,0,0,0,0,0,0,0,0,0,0,0,0,0,0,0,0,0,0,0,266.6,0,50.2805,-316.881
"MtrElec",2,8,11,"",0,0,0,0,0,0,0,0,0,0,0,0,0,0,0,0,0,0,0,0,0,307.442,0,71.0945,-378.536
"MtrElec",2,8,12,"",0.0000078,0,0,0,0,0,0,0,0,0,0,0,0,0,0,0,0,0,0,0,0,277.596,0,130.878,-408.474
"MtrElec",2,8,13,"",0,0,0,0,0,0,0,0,0,0,0,0,0,0,0,0,0,0,0,0,0,263.589,0,144.041,-407.629
"MtrElec",2,8,14,"",-12.0843,0,0,0,0,0,0,0,0,0,0,0,0,0,0,0,0,0,0,0,0,219.289,0,157.698,-389.071
"MtrElec",2,8,15,"",-52.6077,0,0,0,0,0,0,0,0,0,0,0,0,0,0,0,0,0,0,0,0,243.547,0,34.3932,-330.547
"MtrElec",2,8,16,"",-65.0806,0,0,0,0,0,0,0,0,0,0,0,0,0,0,0,0,0,0,0,0,170.027,0,0,-235.108
"MtrElec",2,8,17,"",114.393,0,0,0,0,0,0,0,0,0,0,0,0,0,0,0,0,0,0,0,0,223.667,0,0,-109.275
"MtrElec",2,8,18,"",246.556,0,0,0,0,0,0,0,0,0,0,0,0,0,0,0,0,0,0,0,0,254.12,0,0,-7.56376
"MtrElec",2,8,19,"",155.484,0,0,0,0,0,0,0,0,0,0,0,0,0,0,0,0,0,0,0,0,313.182,0,-157.698,0
"MtrElec",2,8,20,"",126.393,0,0,0,0,0,0,0,0,0,0,0,0,0,0,0,0,0,0,0,0,284.091,0,-157.698,0
"MtrElec",2,8,21,"",50.0222,0,0,0,0,0,0,0,0,0,0,0,0,0,0,0,0,0,0,0,0,207.72,0,-157.698,0
"MtrElec",2,8,22,"",231.406,0,0,0,0,0,0,0,0,0,0,0,0,0,0,0,0,0,0,0,0,289.33,0,-57.9236,0
"MtrElec",2,8,23,"",153.707,0,0,0,0,0,0,0,0,0,0,0,0,0,0,0,0,0,0,0,0,153.707,0,0,0
"MtrElec",2,8,24,"",276.151,0,0,0,0,0,0,0,0,0,0,0,0,0,0,0,0,0,0,0,0,276.151,0,0,0
"MtrElec",2,9,1,"",128.08,0,0,0,0,0,0,0,0,0,0,0,0,0,0,0,0,0,0,0,0,128.08,0,0,0
"MtrElec",2,9,2,"",131.486,0,0,0,0,0,0,0,0,0,0,0,0,0,0,0,0,0,0,0,0,131.486,0,0,0
"MtrElec",2,9,3,"",131.168,0,0,0,0,0,0,0,0,0,0,0,0,0,0,0,0,0,0,0,0,131.168,0,0,0
"MtrElec",2,9,4,"",127.568,0,0,0,0,0,0,0,0,0,0,0,0,0,0,0,0,0,0,0,0,127.568,0,0,0
"MtrElec",2,9,5,"",126.422,0,0,0,0,0,0,0,0,0,0,0,0,0,0,0,0,0,0,0,0,126.422,0,0,0
"MtrElec",2,9,6,"",248.26,0,0,0,0,0,0,0,0,0,0,0,0,0,0,0,0,0,0,0,0,248.26,0,0,0
"MtrElec",2,9,7,"",257.271,0,0,0,0,0,0,0,0,0,0,0,0,0,0,0,0,0,0,0,0,257.271,0,0,0
"MtrElec",2,9,8,"",167.001,0,0,0,0,0,0,0,0,0,0,0,0,0,0,0,0,0,0,0,0,260.916,0,0,-93.9153
"MtrElec",2,9,9,"",36.2709,0,0,0,0,0,0,0,0,0,0,0,0,0,0,0,0,0,0,0,0,264.48,0,0,-228.209
"MtrElec",2,9,10,"",0.0000078,0,0,0,0,0,0,0,0,0,0,0,0,0,0,0,0,0,0,0,0,240.937,0,91.4545,-332.392
"MtrElec",2,9,11,"",-5.78247,0,0,0,0,0,0,0,0,0,0,0,0,0,0,0,0,0,0,0,0,234.717,0,157.698,-398.197
"MtrElec",2,9,12,"",-92.527,0,0,0,0,0,0,0,0,0,0,0,0,0,0,0,0,0,0,0,0,185.372,0,157.698,-435.597
"MtrElec",2,9,13,"",-95.4914,0,0,0,0,0,0,0,0,0,0,0,0,0,0,0,0,0,0,0,0,182.063,0,157.698,-435.252
"MtrElec",2,9,14,"",-233.367,0,0,0,0,0,0,0,0,0,0,0,0,0,0,0,0,0,0,0,0,150.217,0,23.8367,-407.42
"MtrElec",2,9,15,"",-172.781,0,0,0,0,0,0,0,0,0,0,0,0,0,0,0,0,0,0,0,0,171.605,0,0,-344.387
"MtrElec",2,9,16,"",-95.0489,0,0,0,0,0,0,0,0,0,0,0,0,0,0,0,0,0,0,0,0,146.514,0,0,-241.562
"MtrElec",2,9,17,"",98.4714,0,0,0,0,0,0,0,0,0,0,0,0,0,0,0,0,0,0,0,0,210.688,0,0,-112.217
"MtrElec",2,9,18,"",200.047,0,0,0,0,0,0,0,0,0,0,0,0,0,0,0,0,0,0,0,0,207.786,0,0,-7.73909
"MtrElec",2,9,19,"",70.0378,0,0,0,0,0,0,0,0,0,0,0,0,0,0,0,0,0,0,0,0,227.736,0,-157.698,0
"MtrElec",2,9,20,"",98.3624,0,0,0,0,0,0,0,0,0,0,0,0,0,0,0,0,0,0,0,0,256.06,0,-157.698,0
"MtrElec",2,9,21,"",161.523,0,0,0,0,0,0,0,0,0,0,0,0,0,0,0,0,0,0,0,0,319.221,0,-157.698,0
"MtrElec",2,9,22,"",189.21,0,0,0,0,0,0,0,0,0,0,0,0,0,0,0,0,0,0,0,0,247.133,0,-57.9236,0
"MtrElec",2,9,23,"",180.055,0,0,0,0,0,0,0,0,0,0,0,0,0,0,0,0,0,0,0,0,180.055,0,0,0
"MtrElec",2,9,24,"",317.514,0,0,0,0,0,0,0,0,0,0,0,0,0,0,0,0,0,0,0,0,317.514,0,0,0
"MtrElec",2,10,1,"",160.437,0,0,0,0,0,0,0,0,0,0,0,0,0,0,0,0,0,0,0,0,160.437,0,0,0
"MtrElec",2,10,2,"",130.925,0,0,0,0,0,0,0,0,0,0,0,0,0,0,0,0,0,0,0,0,130.925,0,0,0
"MtrElec",2,10,3,"",113.703,0,0,0,0,0,0,0,0,0,0,0,0,0,0,0,0,0,0,0,0,113.703,0,0,0
"MtrElec",2,10,4,"",130.243,0,0,0,0,0,0,0,0,0,0,0,0,0,0,0,0,0,0,0,0,130.243,0,0,0
"MtrElec",2,10,5,"",132.772,0,0,0,0,0,0,0,0,0,0,0,0,0,0,0,0,0,0,0,0,132.772,0,0,0
"MtrElec",2,10,6,"",217.446,0,0,0,0,0,0,0,0,0,0,0,0,0,0,0,0,0,0,0,0,217.446,0,0,0
"MtrElec",2,10,7,"",261.05,0,0,0,0,0,0,0,0,0,0,0,0,0,0,0,0,0,0,0,0,261.05,0,0,0
"MtrElec",2,10,8,"",159.441,0,0,0,0,0,0,0,0,0,0,0,0,0,0,0,0,0,0,0,0,261.264,0,0,-101.823
"MtrElec",2,10,9,"",71.4939,0,0,0,0,0,0,0,0,0,0,0,0,0,0,0,0,0,0,0,0,285.259,0,0,-213.765
"MtrElec",2,10,10,"",0,0,0,0,0,0,0,0,0,0,0,0,0,0,0,0,0,0,0,0,0,291.255,0,17.8276,-309.083
"MtrElec",2,10,11,"",0,0,0,0,0,0,0,0,0,0,0,0,0,0,0,0,0,0,0,0,0,241.541,0,128.591,-370.132
"MtrElec",2,10,12,"",-31.0585,0,0,0,0,0,0,0,0,0,0,0,0,0,0,0,0,0,0,0,0,219.615,0,157.698,-408.372
"MtrElec",2,10,13,"",-22.311,0,0,0,0,0,0,0,0,0,0,0,0,0,0,0,0,0,0,0,0,242.92,0,157.698,-422.929
"MtrElec",2,10,14,"",-117.892,0,0,0,0,0,0,0,0,0,0,0,0,0,0,0,0,0,0,0,0,155.614,0,126.57,-400.077
"MtrElec",2,10,15,"",-167.718,0,0,0,0,0,0,0,0,0,0,0,0,0,0,0,0,0,0,0,0,168.049,0,0,-335.766
"MtrElec",2,10,16,"",-80.3669,0,0,0,0,0,0,0,0,0,0,0,0,0,0,0,0,0,0,0,0,146.474,0,0,-226.841
"MtrElec",2,10,17,"",137.134,0,0,0,0,0,0,0,0,0,0,0,0,0,0,0,0,0,0,0,0,197.347,0,0,-60.2132
"MtrElec",2,10,18,"",253.073,0,0,0,0,0,0,0,0,0,0,0,0,0,0,0,0,0,0,0,0,254.027,0,0,-0.954073
"MtrElec",2,10,19,"",119.842,0,0,0,0,0,0,0,0,0,0,0,0,0,0,0,0,0,0,0,0,277.54,0,-157.698,0
"MtrElec",2,10,20,"",154.622,0,0,0,0,0,0,0,0,0,0,0,0,0,0,0,0,0,0,0,0,312.32,0,-157.698,0
"MtrElec",2,10,21,"",139.372,0,0,0,0,0,0,0,0,0,0,0,0,0,0,0,0,0,0,0,0,297.07,0,-157.698,0
"MtrElec",2,10,22,"",158.512,0,0,0,0,0,0,0,0,0,0,0,0,0,0,0,0,0,0,0,0,216.436,0,-57.9236,0
"MtrElec",2,10,23,"",209.154,0,0,0,0,0,0,0,0,0,0,0,0,0,0,0,0,0,0,0,0,209.154,0,0,0
"MtrElec",2,10,24,"",206.475,0,0,0,0,0,0,0,0,0,0,0,0,0,0,0,0,0,0,0,0,206.475,0,0,0
"MtrElec",2,11,1,"",164.235,0,0,0,0,0,0,0,0,0,0,0,0,0,0,0,0,0,0,0,0,164.235,0,0,0
"MtrElec",2,11,2,"",129.345,0,0,0,0,0,0,0,0,0,0,0,0,0,0,0,0,0,0,0,0,129.345,0,0,0
"MtrElec",2,11,3,"",120.725,0,0,0,0,0,0,0,0,0,0,0,0,0,0,0,0,0,0,0,0,120.725,0,0,0
"MtrElec",2,11,4,"",133.778,0,0,0,0,0,0,0,0,0,0,0,0,0,0,0,0,0,0,0,0,133.778,0,0,0
"MtrElec",2,11,5,"",129.425,0,0,0,0,0,0,0,0,0,0,0,0,0,0,0,0,0,0,0,0,129.425,0,0,0
"MtrElec",2,11,6,"",167.341,0,0,0,0,0,0,0,0,0,0,0,0,0,0,0,0,0,0,0,0,167.341,0,0,0
"MtrElec",2,11,7,"",329.382,0,0,0,0,0,0,0,0,0,0,0,0,0,0,0,0,0,0,0,0,329.382,0,0,0
"MtrElec",2,11,8,"",115.633,0,0,0,0,0,0,0,0,0,0,0,0,0,0,0,0,0,0,0,0,211.198,0,0,-95.5652
"MtrElec",2,11,9,"",25.4542,0,0,0,0,0,0,0,0,0,0,0,0,0,0,0,0,0,0,0,0,254.178,0,0,-228.724
"MtrElec",2,11,10,"",0.0000039,0,0,0,0,0,0,0,0,0,0,0,0,0,0,0,0,0,0,0,0,296.733,0,36.3404,-333.073
"MtrElec",2,11,11,"",0.0000078,0,0,0,0,0,0,0,0,0,0,0,0,0,0,0,0,0,0,0,0,266.517,0,130.258,-396.775
"MtrElec",2,11,12,"",-64.6838,0,0,0,0,0,0,0,0,0,0,0,0,0,0,0,0,0,0,0,0,206.795,0,157.698,-429.177
"MtrElec",2,11,13,"",-23.7382,0,0,0,0,0,0,0,0,0,0,0,0,0,0,0,0,0,0,0,0,249.529,0,157.698,-430.965
"MtrElec",2,11,14,"",-153.879,0,0,0,0,0,0,0,0,0,0,0,0,0,0,0,0,0,0,0,0,130.738,0,106.391,-391.008
"MtrElec",2,11,15,"",-134.404,0,0,0,0,0,0,0,0,0,0,0,0,0,0,0,0,0,0,0,0,190.898,0,0,-325.302
"MtrElec",2,11,16,"",-68.8013,0,0,0,0,0,0,0,0,0,0,0,0,0,0,0,0,0,0,0,0,170.161,0,0,-238.963
"MtrElec",2,11,17,"",106.092,0,0,0,0,0,0,0,0,0,0,0,0,0,0,0,0,0,0,0,0,218.503,0,0,-112.411
"MtrElec",2,11,18,"",218.059,0,0,0,0,0,0,0,0,0,0,0,0,0,0,0,0,0,0,0,0,226.539,0,0,-8.48021
"MtrElec",2,11,19,"",166.537,0,0,0,0,0,0,0,0,0,0,0,0,0,0,0,0,0,0,0,0,324.235,0,-157.698,0
"MtrElec",2,11,20,"",99.7303,0,0,0,0,0,0,0,0,0,0,0,0,0,0,0,0,0,0,0,0,257.428,0,-157.698,0
"MtrElec",2,11,21,"",125.324,0,0,0,0,0,0,0,0,0,0,0,0,0,0,0,0,0,0,0,0,283.022,0,-157.698,0
"MtrElec",2,11,22,"",155.793,0,0,0,0,0,0,0,0,0,0,0,0,0,0,0,0,0,0,0,0,213.716,0,-57.9236,0
"MtrElec",2,11,23,"",252.345,0,0,0,0,0,0,0,0,0,0,0,0,0,0,0,0,0,0,0,0,252.345,0,0,0
"MtrElec",2,11,24,"",170.452,0,0,0,0,0,0,0,0,0,0,0,0,0,0,0,0,0,0,0,0,170.452,0,0,0
"MtrElec",2,12,1,"",167.517,0,0,0,0,0,0,0,0,0,0,0,0,0,0,0,0,0,0,0,0,167.517,0,0,0
"MtrElec",2,12,2,"",123.654,0,0,0,0,0,0,0,0,0,0,0,0,0,0,0,0,0,0,0,0,123.654,0,0,0
"MtrElec",2,12,3,"",113.921,0,0,0,0,0,0,0,0,0,0,0,0,0,0,0,0,0,0,0,0,113.921,0,0,0
"MtrElec",2,12,4,"",132.666,0,0,0,0,0,0,0,0,0,0,0,0,0,0,0,0,0,0,0,0,132.666,0,0,0
"MtrElec",2,12,5,"",134.521,0,0,0,0,0,0,0,0,0,0,0,0,0,0,0,0,0,0,0,0,134.521,0,0,0
"MtrElec",2,12,6,"",254.813,0,0,0,0,0,0,0,0,0,0,0,0,0,0,0,0,0,0,0,0,254.813,0,0,0
"MtrElec",2,12,7,"",190.117,0,0,0,0,0,0,0,0,0,0,0,0,0,0,0,0,0,0,0,0,190.117,0,0,0
"MtrElec",2,12,8,"",168.68,0,0,0,0,0,0,0,0,0,0,0,0,0,0,0,0,0,0,0,0,262.588,0,0,-93.9076
"MtrElec",2,12,9,"",64.4192,0,0,0,0,0,0,0,0,0,0,0,0,0,0,0,0,0,0,0,0,288.432,0,0,-224.013
"MtrElec",2,12,10,"",0,0,0,0,0,0,0,0,0,0,0,0,0,0,0,0,0,0,0,0,0,320.402,0,4.70319,-325.105
"MtrElec",2,12,11,"",0.0000078,0,0,0,0,0,0,0,0,0,0,0,0,0,0,0,0,0,0,0,0,261.366,0,127.146,-388.513
"MtrElec",2,12,12,"",-43.547,0,0,0,0,0,0,0,0,0,0,0,0,0,0,0,0,0,0,0,0,232.789,0,157.698,-434.034
"MtrElec",2,12,13,"",-22.2608,0,0,0,0,0,0,0,0,0,0,0,0,0,0,0,0,0,0,0,0,263.095,0,157.698,-443.053
"MtrElec",2,12,14,"",-88.1279,0,0,0,0,0,0,0,0,0,0,0,0,0,0,0,0,0,0,0,0,180.169,0,141.14,-409.436
"MtrElec",2,12,15,"",-161.251,0,0,0,0,0,0,0,0,0,0,0,0,0,0,0,0,0,0,0,0,178.152,0,0,-339.403
"MtrElec",2,12,16,"",-71.6118,0,0,0,0,0,0,0,0,0,0,0,0,0,0,0,0,0,0,0,0,169.192,0,0,-240.803
"MtrElec",2,12,17,"",111.081,0,0,0,0,0,0,0,0,0,0,0,0,0,0,0,0,0,0,0,0,225.526,0,0,-114.445
"MtrElec",2,12,18,"",186.084,0,0,0,0,0,0,0,0,0,0,0,0,0,0,0,0,0,0,0,0,195.041,0,0,-8.95694
"MtrElec",2,12,19,"",109.381,0,0,0,0,0,0,0,0,0,0,0,0,0,0,0,0,0,0,0,0,267.079,0,-157.698,0
"MtrElec",2,12,20,"",109.964,0,0,0,0,0,0,0,0,0,0,0,0,0,0,0,0,0,0,0,0,267.662,0,-157.698,0
"MtrElec",2,12,21,"",111.718,0,0,0,0,0,0,0,0,0,0,0,0,0,0,0,0,0,0,0,0,269.416,0,-157.698,0
"MtrElec",2,12,22,"",148.459,0,0,0,0,0,0,0,0,0,0,0,0,0,0,0,0,0,0,0,0,206.383,0,-57.9236,0
"MtrElec",2,12,23,"",211.349,0,0,0,0,0,0,0,0,0,0,0,0,0,0,0,0,0,0,0,0,211.349,0,0,0
"MtrElec",2,12,24,"",193.318,0,0,0,0,0,0,0,0,0,0,0,0,0,0,0,0,0,0,0,0,193.318,0,0,0
"MtrElec",2,13,1,"",125.36,0,0,0,0,0,0,0,0,0,0,0,0,0,0,0,0,0,0,0,0,125.36,0,0,0
"MtrElec",2,13,2,"",125.804,0,0,0,0,0,0,0,0,0,0,0,0,0,0,0,0,0,0,0,0,125.804,0,0,0
"MtrElec",2,13,3,"",117.243,0,0,0,0,0,0,0,0,0,0,0,0,0,0,0,0,0,0,0,0,117.243,0,0,0
"MtrElec",2,13,4,"",133.474,0,0,0,0,0,0,0,0,0,0,0,0,0,0,0,0,0,0,0,0,133.474,0,0,0
"MtrElec",2,13,5,"",234.571,0,0,0,0,0,0,0,0,0,0,0,0,0,0,0,0,0,0,0,0,234.571,0,0,0
"MtrElec",2,13,6,"",121.076,0,0,0,0,0,0,0,0,0,0,0,0,0,0,0,0,0,0,0,0,121.076,0,0,0
"MtrElec",2,13,7,"",188.628,0,0,0,0,0,0,0,0,0,0,0,0,0,0,0,0,0,0,0,0,188.628,0,0,0
"MtrElec",2,13,8,"",193.789,0,0,0,0,0,0,0,0,0,0,0,0,0,0,0,0,0,0,0,0,261.685,0,0,-67.8957
"MtrElec",2,13,9,"",79.8751,0,0,0,0,0,0,0,0,0,0,0,0,0,0,0,0,0,0,0,0,286.293,0,0,-206.418
"MtrElec",2,13,10,"",0,0,0,0,0,0,0,0,0,0,0,0,0,0,0,0,0,0,0,0,0,270.838,0,5.11194,-275.95
"MtrElec",2,13,11,"",-6.8373,0,0,0,0,0,0,0,0,0,0,0,0,0,0,0,0,0,0,0,0,224.089,0,157.698,-388.624
"MtrElec",2,13,12,"",-103.359,0,0,0,0,0,0,0,0,0,0,0,0,0,0,0,0,0,0,0,0,152.115,0,157.698,-413.173
"MtrElec",2,13,13,"",0,0,0,0,0,0,0,0,0,0,0,0,0,0,0,0,0,0,0,0,0,231.538,0,132.151,-363.689
"MtrElec",2,13,14,"",-38.1173,0,0,0,0,0,0,0,0,0,0,0,0,0,0,0,0,0,0,0,0,157.88,0,135.726,-331.723
"MtrElec",2,13,15,"",-158.334,0,0,0,0,0,0,0,0,0,0,0,0,0,0,0,0,0,0,0,0,177.868,0,0,-336.202
"MtrElec",2,13,16,"",-106.157,0,0,0,0,0,0,0,0,0,0,0,0,0,0,0,0,0,0,0,0,124.453,0,0,-230.61
"MtrElec",2,13,17,"",143.416,0,0,0,0,0,0,0,0,0,0,0,0,0,0,0,0,0,0,0,0,212.18,0,0,-68.7639
"MtrElec",2,13,18,"",268.768,0,0,0,0,0,0,0,0,0,0,0,0,0,0,0,0,0,0,0,0,269.248,0,0,-0.479825
"MtrElec",2,13,19,"",107.051,0,0,0,0,0,0,0,0,0,0,0,0,0,0,0,0,0,0,0,0,264.749,0,-157.698,0
"MtrElec",2,13,20,"",162.306,0,0,0,0,0,0,0,0,0,0,0,0,0,0,0,0,0,0,0,0,320.004,0,-157.698,0
"MtrElec",2,13,21,"",76.5776,0,0,0,0,0,0,0,0,0,0,0,0,0,0,0,0,0,0,0,0,234.275,0,-157.698,0
"MtrElec",2,13,22,"",184.845,0,0,0,0,0,0,0,0,0,0,0,0,0,0,0,0,0,0,0,0,242.768,0,-57.9236,0
"MtrElec",2,13,23,"",249.085,0,0,0,0,0,0,0,0,0,0,0,0,0,0,0,0,0,0,0,0,249.085,0,0,0
"MtrElec",2,13,24,"",173.085,0,0,0,0,0,0,0,0,0,0,0,0,0,0,0,0,0,0,0,0,173.085,0,0,0
"MtrElec",2,14,1,"",139.831,0,0,0,0,0,0,0,0,0,0,0,0,0,0,0,0,0,0,0,0,139.831,0,0,0
"MtrElec",2,14,2,"",117.802,0,0,0,0,0,0,0,0,0,0,0,0,0,0,0,0,0,0,0,0,117.802,0,0,0
"MtrElec",2,14,3,"",104.972,0,0,0,0,0,0,0,0,0,0,0,0,0,0,0,0,0,0,0,0,104.972,0,0,0
"MtrElec",2,14,4,"",121.363,0,0,0,0,0,0,0,0,0,0,0,0,0,0,0,0,0,0,0,0,121.363,0,0,0
"MtrElec",2,14,5,"",175.756,0,0,0,0,0,0,0,0,0,0,0,0,0,0,0,0,0,0,0,0,175.756,0,0,0
"MtrElec",2,14,6,"",110.772,0,0,0,0,0,0,0,0,0,0,0,0,0,0,0,0,0,0,0,0,110.772,0,0,0
"MtrElec",2,14,7,"",147.884,0,0,0,0,0,0,0,0,0,0,0,0,0,0,0,0,0,0,0,0,147.884,0,0,0
"MtrElec",2,14,8,"",178.313,0,0,0,0,0,0,0,0,0,0,0,0,0,0,0,0,0,0,0,0,233.23,0,0,-54.9174
"MtrElec",2,14,9,"",0,0,0,0,0,0,0,0,0,0,0,0,0,0,0,0,0,0,0,0,0,210.624,0,5.24459,-215.868
"MtrElec",2,14,10,"",0.0000039,0,0,0,0,0,0,0,0,0,0,0,0,0,0,0,0,0,0,0,0,270.636,0,42.9148,-313.55
"MtrElec",2,14,11,"",18.8105,0,0,0,0,0,0,0,0,0,0,0,0,0,0,0,0,0,0,0,0,347.936,0,0,-329.125
"MtrElec",2,14,12,"",104.825,0,0,0,0,0,0,0,0,0,0,0,0,0,0,0,0,0,0,0,0,381.116,0,0,-276.291
"MtrElec",2,14,13,"",169.421,0,0,0,0,0,0,0,0,0,0,0,0,0,0,0,0,0,0,0,0,340.721,0,0,-171.3
"MtrElec",2,14,14,"",81.7199,0,0,0,0,0,0,0,0,0,0,0,0,0,0,0,0,0,0,0,0,300.085,0,0,-218.365
"MtrElec",2,14,15,"",0.0000001,0,0,0,0,0,0,0,0,0,0,0,0,0,0,0,0,0,0,0,0,334.451,0,1.94141,-336.392
"MtrElec",2,14,16,"",50.5888,0,0,0,0,0,0,0,0,0,0,0,0,0,0,0,0,0,0,0,0,281.132,0,0,-230.543
"MtrElec",2,14,17,"",103.214,0,0,0,0,0,0,0,0,0,0,0,0,0,0,0,0,0,0,0,0,231.91,0,0,-128.696
"MtrElec",2,14,18,"",389.402,0,0,0,0,0,0,0,0,0,0,0,0,0,0,0,0,0,0,0,0,400.203,0,0,-10.8012
"MtrElec",2,14,19,"",448.343,0,0,0,0,0,0,0,0,0,0,0,0,0,0,0,0,0,0,0,0,493.559,0,-45.216,0
"MtrElec",2,14,20,"",425.091,0,0,0,0,0,0,0,0,0,0,0,0,0,0,0,0,0,0,0,0,425.091,0,0,0
"MtrElec",2,14,21,"",317.936,0,0,0,0,0,0,0,0,0,0,0,0,0,0,0,0,0,0,0,0,317.936,0,0,0
"MtrElec",2,14,22,"",395.661,0,0,0,0,0,0,0,0,0,0,0,0,0,0,0,0,0,0,0,0,395.661,0,0,0
"MtrElec",2,14,23,"",206.732,0,0,0,0,0,0,0,0,0,0,0,0,0,0,0,0,0,0,0,0,206.732,0,0,0
"MtrElec",2,14,24,"",168.868,0,0,0,0,0,0,0,0,0,0,0,0,0,0,0,0,0,0,0,0,168.868,0,0,0
"MtrElec",2,15,1,"",126.17,0,0,0,0,0,0,0,0,0,0,0,0,0,0,0,0,0,0,0,0,126.17,0,0,0
"MtrElec",2,15,2,"",156.664,0,0,0,0,0,0,0,0,0,0,0,0,0,0,0,0,0,0,0,0,156.664,0,0,0
"MtrElec",2,15,3,"",143.149,0,0,0,0,0,0,0,0,0,0,0,0,0,0,0,0,0,0,0,0,143.149,0,0,0
"MtrElec",2,15,4,"",121.202,0,0,0,0,0,0,0,0,0,0,0,0,0,0,0,0,0,0,0,0,121.202,0,0,0
"MtrElec",2,15,5,"",154.144,0,0,0,0,0,0,0,0,0,0,0,0,0,0,0,0,0,0,0,0,154.144,0,0,0
"MtrElec",2,15,6,"",133.229,0,0,0,0,0,0,0,0,0,0,0,0,0,0,0,0,0,0,0,0,133.229,0,0,0
"MtrElec",2,15,7,"",200.789,0,0,0,0,0,0,0,0,0,0,0,0,0,0,0,0,0,0,0,0,200.789,0,0,0
"MtrElec",2,15,8,"",90.2566,0,0,0,0,0,0,0,0,0,0,0,0,0,0,0,0,0,0,0,0,190.333,0,0,-100.076
"MtrElec",2,15,9,"",26.5446,0,0,0,0,0,0,0,0,0,0,0,0,0,0,0,0,0,0,0,0,267.105,0,0,-240.56
"MtrElec",2,15,10,"",0,0,0,0,0,0,0,0,0,0,0,0,0,0,0,0,0,0,0,0,0,292.653,0,60.8945,-353.548
"MtrElec",2,15,11,"",0,0,0,0,0,0,0,0,0,0,0,0,0,0,0,0,0,0,0,0,0,338.659,0,87.9799,-426.639
"MtrElec",2,15,12,"",-10.2398,0,0,0,0,0,0,0,0,0,0,0,0,0,0,0,0,0,0,0,0,297.745,0,157.698,-465.683
"MtrElec",2,15,13,"",-39.9441,0,0,0,0,0,0,0,0,0,0,0,0,0,0,0,0,0,0,0,0,266.515,0,157.698,-464.157
"MtrElec",2,15,14,"",-44.1375,0,0,0,0,0,0,0,0,0,0,0,0,0,0,0,0,0,0,0,0,257.328,0,124.115,-425.58
"MtrElec",2,15,15,"",-142.905,0,0,0,0,0,0,0,0,0,0,0,0,0,0,0,0,0,0,0,0,214.317,0,0,-357.222
"MtrElec",2,15,16,"",-28.9305,0,0,0,0,0,0,0,0,0,0,0,0,0,0,0,0,0,0,0,0,224.205,0,0,-253.135
"MtrElec",2,15,17,"",94.1352,0,0,0,0,0,0,0,0,0,0,0,0,0,0,0,0,0,0,0,0,215.782,0,0,-121.647
"MtrElec",2,15,18,"",201.844,0,0,0,0,0,0,0,0,0,0,0,0,0,0,0,0,0,0,0,0,211.669,0,0,-9.82535
"MtrElec",2,15,19,"",178.116,0,0,0,0,0,0,0,0,0,0,0,0,0,0,0,0,0,0,0,0,335.814,0,-157.698,0
"MtrElec",2,15,20,"",157.761,0,0,0,0,0,0,0,0,0,0,0,0,0,0,0,0,0,0,0,0,315.459,0,-157.698,0
"MtrElec",2,15,21,"",246.197,0,0,0,0,0,0,0,0,0,0,0,0,0,0,0,0,0,0,0,0,403.895,0,-157.698,0
"MtrElec",2,15,22,"",287.156,0,0,0,0,0,0,0,0,0,0,0,0,0,0,0,0,0,0,0,0,345.08,0,-57.9236,0
"MtrElec",2,15,23,"",270.872,0,0,0,0,0,0,0,0,0,0,0,0,0,0,0,0,0,0,0,0,270.872,0,0,0
"MtrElec",2,15,24,"",222.514,0,0,0,0,0,0,0,0,0,0,0,0,0,0,0,0,0,0,0,0,222.514,0,0,0
"MtrElec",2,16,1,"",139.605,0,0,0,0,0,0,0,0,0,0,0,0,0,0,0,0,0,0,0,0,139.605,0,0,0
"MtrElec",2,16,2,"",153.93,0,0,0,0,0,0,0,0,0,0,0,0,0,0,0,0,0,0,0,0,153.93,0,0,0
"MtrElec",2,16,3,"",155.768,0,0,0,0,0,0,0,0,0,0,0,0,0,0,0,0,0,0,0,0,155.768,0,0,0
"MtrElec",2,16,4,"",148.333,0,0,0,0,0,0,0,0,0,0,0,0,0,0,0,0,0,0,0,0,148.333,0,0,0
"MtrElec",2,16,5,"",157.272,0,0,0,0,0,0,0,0,0,0,0,0,0,0,0,0,0,0,0,0,157.272,0,0,0
"MtrElec",2,16,6,"",256.992,0,0,0,0,0,0,0,0,0,0,0,0,0,0,0,0,0,0,0,0,256.992,0,0,0
"MtrElec",2,16,7,"",290.547,0,0,0,0,0,0,0,0,0,0,0,0,0,0,0,0,0,0,0,0,298.547,0,0,-7.99971
"MtrElec",2,16,8,"",234.433,0,0,0,0,0,0,0,0,0,0,0,0,0,0,0,0,0,0,0,0,333.609,0,0,-99.1764
"MtrElec",2,16,9,"",75.1316,0,0,0,0,0,0,0,0,0,0,0,0,0,0,0,0,0,0,0,0,306.949,0,0,-231.817
"MtrElec",2,16,10,"",64.8181,0,0,0,0,0,0,0,0,0,0,0,0,0,0,0,0,0,0,0,0,396.75,0,0,-331.932
"MtrElec",2,16,11,"",0.0000020,0,0,0,0,0,0,0,0,0,0,0,0,0,0,0,0,0,0,0,0,378.628,0,26.1721,-404.8
"MtrElec",2,16,12,"",0,0,0,0,0,0,0,0,0,0,0,0,0,0,0,0,0,0,0,0,0,352.327,0,93.6978,-446.025
"MtrElec",2,16,13,"",0.0000156,0,0,0,0,0,0,0,0,0,0,0,0,0,0,0,0,0,0,0,0,304.424,0,142.676,-447.1
"MtrElec",2,16,14,"",0.0000156,0,0,0,0,0,0,0,0,0,0,0,0,0,0,0,0,0,0,0,0,258.623,0,156.561,-415.184
"MtrElec",2,16,15,"",0.0000078,0,0,0,0,0,0,0,0,0,0,0,0,0,0,0,0,0,0,0,0,253.667,0,89.6643,-343.331
"MtrElec",2,16,16,"",0,0,0,0,0,0,0,0,0,0,0,0,0,0,0,0,0,0,0,0,0,202.837,0,45.9894,-248.827
"MtrElec",2,16,17,"",80.4525,0,0,0,0,0,0,0,0,0,0,0,0,0,0,0,0,0,0,0,0,201.481,0,0,-121.028
"MtrElec",2,16,18,"",289.871,0,0,0,0,0,0,0,0,0,0,0,0,0,0,0,0,0,0,0,0,300.323,0,0,-10.4519
"MtrElec",2,16,19,"",109.502,0,0,0,0,0,0,0,0,0,0,0,0,0,0,0,0,0,0,0,0,267.2,0,-157.698,0
"MtrElec",2,16,20,"",42.7987,0,0,0,0,0,0,0,0,0,0,0,0,0,0,0,0,0,0,0,0,200.497,0,-157.698,0
"MtrElec",2,16,21,"",94.4387,0,0,0,0,0,0,0,0,0,0,0,0,0,0,0,0,0,0,0,0,252.137,0,-157.698,0
"MtrElec",2,16,22,"",249.463,0,0,0,0,0,0,0,0,0,0,0,0,0,0,0,0,0,0,0,0,277.04,0,-27.5779,0
"MtrElec",2,16,23,"",224.511,0,0,0,0,0,0,0,0,0,0,0,0,0,0,0,0,0,0,0,0,224.511,0,0,0
"MtrElec",2,16,24,"",169.826,0,0,0,0,0,0,0,0,0,0,0,0,0,0,0,0,0,0,0,0,169.826,0,0,0
"MtrElec",2,17,1,"",254.409,0,0,0,0,0,0,0,0,0,0,0,0,0,0,0,0,0,0,0,0,254.409,0,0,0
"MtrElec",2,17,2,"",151.132,0,0,0,0,0,0,0,0,0,0,0,0,0,0,0,0,0,0,0,0,151.132,0,0,0
"MtrElec",2,17,3,"",139.92,0,0,0,0,0,0,0,0,0,0,0,0,0,0,0,0,0,0,0,0,139.92,0,0,0
"MtrElec",2,17,4,"",149.807,0,0,0,0,0,0,0,0,0,0,0,0,0,0,0,0,0,0,0,0,149.807,0,0,0
"MtrElec",2,17,5,"",155.453,0,0,0,0,0,0,0,0,0,0,0,0,0,0,0,0,0,0,0,0,155.453,0,0,0
"MtrElec",2,17,6,"",153.383,0,0,0,0,0,0,0,0,0,0,0,0,0,0,0,0,0,0,0,0,153.383,0,0,0
"MtrElec",2,17,7,"",325.379,0,0,0,0,0,0,0,0,0,0,0,0,0,0,0,0,0,0,0,0,329.509,0,0,-4.13068
"MtrElec",2,17,8,"",230.415,0,0,0,0,0,0,0,0,0,0,0,0,0,0,0,0,0,0,0,0,347.762,0,0,-117.347
"MtrElec",2,17,9,"",161.866,0,0,0,0,0,0,0,0,0,0,0,0,0,0,0,0,0,0,0,0,286.703,0,0,-124.837
"MtrElec",2,17,10,"",0,0,0,0,0,0,0,0,0,0,0,0,0,0,0,0,0,0,0,0,0,279.468,0,20.6226,-300.09
"MtrElec",2,17,11,"",0,0,0,0,0,0,0,0,0,0,0,0,0,0,0,0,0,0,0,0,0,292.872,0,112.267,-405.139
"MtrElec",2,17,12,"",-92.1322,0,0,0,0,0,0,0,0,0,0,0,0,0,0,0,0,0,0,0,0,196.51,0,157.698,-446.34
"MtrElec",2,17,13,"",-100.176,0,0,0,0,0,0,0,0,0,0,0,0,0,0,0,0,0,0,0,0,191.739,0,157.698,-449.613
"MtrElec",2,17,14,"",-116.009,0,0,0,0,0,0,0,0,0,0,0,0,0,0,0,0,0,0,0,0,160.791,0,140.1,-416.9
"MtrElec",2,17,15,"",-174.383,0,0,0,0,0,0,0,0,0,0,0,0,0,0,0,0,0,0,0,0,174.159,0,0,-348.542
"MtrElec",2,17,16,"",-120.851,0,0,0,0,0,0,0,0,0,0,0,0,0,0,0,0,0,0,0,0,131.33,0,0,-252.181
"MtrElec",2,17,17,"",102.115,0,0,0,0,0,0,0,0,0,0,0,0,0,0,0,0,0,0,0,0,223.759,0,0,-121.645
"MtrElec",2,17,18,"",162.184,0,0,0,0,0,0,0,0,0,0,0,0,0,0,0,0,0,0,0,0,172.505,0,0,-10.321
"MtrElec",2,17,19,"",151.992,0,0,0,0,0,0,0,0,0,0,0,0,0,0,0,0,0,0,0,0,309.69,0,-157.698,0
"MtrElec",2,17,20,"",119.258,0,0,0,0,0,0,0,0,0,0,0,0,0,0,0,0,0,0,0,0,276.956,0,-157.698,0
"MtrElec",2,17,21,"",213.734,0,0,0,0,0,0,0,0,0,0,0,0,0,0,0,0,0,0,0,0,371.432,0,-157.698,0
"MtrElec",2,17,22,"",239.164,0,0,0,0,0,0,0,0,0,0,0,0,0,0,0,0,0,0,0,0,297.087,0,-57.9236,0
"MtrElec",2,17,23,"",237.688,0,0,0,0,0,0,0,0,0,0,0,0,0,0,0,0,0,0,0,0,237.688,0,0,0
"MtrElec",2,17,24,"",203.241,0,0,0,0,0,0,0,0,0,0,0,0,0,0,0,0,0,0,0,0,203.241,0,0,0
"MtrElec",2,18,1,"",186.406,0,0,0,0,0,0,0,0,0,0,0,0,0,0,0,0,0,0,0,0,186.406,0,0,0
"MtrElec",2,18,2,"",144.126,0,0,0,0,0,0,0,0,0,0,0,0,0,0,0,0,0,0,0,0,144.126,0,0,0
"MtrElec",2,18,3,"",130.438,0,0,0,0,0,0,0,0,0,0,0,0,0,0,0,0,0,0,0,0,130.438,0,0,0
"MtrElec",2,18,4,"",146.817,0,0,0,0,0,0,0,0,0,0,0,0,0,0,0,0,0,0,0,0,146.817,0,0,0
"MtrElec",2,18,5,"",150.729,0,0,0,0,0,0,0,0,0,0,0,0,0,0,0,0,0,0,0,0,150.729,0,0,0
"MtrElec",2,18,6,"",186.539,0,0,0,0,0,0,0,0,0,0,0,0,0,0,0,0,0,0,0,0,186.539,0,0,0
"MtrElec",2,18,7,"",262.522,0,0,0,0,0,0,0,0,0,0,0,0,0,0,0,0,0,0,0,0,264.673,0,0,-2.15135
"MtrElec",2,18,8,"",210.238,0,0,0,0,0,0,0,0,0,0,0,0,0,0,0,0,0,0,0,0,269.827,0,0,-59.5884
"MtrElec",2,18,9,"",151.256,0,0,0,0,0,0,0,0,0,0,0,0,0,0,0,0,0,0,0,0,287.282,0,0,-136.026
"MtrElec",2,18,10,"",74.4597,0,0,0,0,0,0,0,0,0,0,0,0,0,0,0,0,0,0,0,0,303.909,0,0,-229.449
"MtrElec",2,18,11,"",0,0,0,0,0,0,0,0,0,0,0,0,0,0,0,0,0,0,0,0,0,238.582,0,45.2212,-283.803
"MtrElec",2,18,12,"",-9.73273,0,0,0,0,0,0,0,0,0,0,0,0,0,0,0,0,0,0,0,0,238.557,0,157.698,-405.988
"MtrElec",2,18,13,"",-82.0513,0,0,0,0,0,0,0,0,0,0,0,0,0,0,0,0,0,0,0,0,203.271,0,157.698,-443.02
"MtrElec",2,18,14,"",-117.925,0,0,0,0,0,0,0,0,0,0,0,0,0,0,0,0,0,0,0,0,131.66,0,157.698,-407.283
"MtrElec",2,18,15,"",-70.1142,0,0,0,0,0,0,0,0,0,0,0,0,0,0,0,0,0,0,0,0,146.425,0,70.07,-286.609
"MtrElec",2,18,16,"",-4.56178,0,0,0,0,0,0,0,0,0,0,0,0,0,0,0,0,0,0,0,0,190.862,0,0,-195.424
"MtrElec",2,18,17,"",143.481,0,0,0,0,0,0,0,0,0,0,0,0,0,0,0,0,0,0,0,0,211.185,0,0,-67.7043
"MtrElec",2,18,18,"",226.106,0,0,0,0,0,0,0,0,0,0,0,0,0,0,0,0,0,0,0,0,228.709,0,0,-2.60281
"MtrElec",2,18,19,"",124.489,0,0,0,0,0,0,0,0,0,0,0,0,0,0,0,0,0,0,0,0,282.187,0,-157.698,0
"MtrElec",2,18,20,"",99.3085,0,0,0,0,0,0,0,0,0,0,0,0,0,0,0,0,0,0,0,0,257.006,0,-157.698,0
"MtrElec",2,18,21,"",193.991,0,0,0,0,0,0,0,0,0,0,0,0,0,0,0,0,0,0,0,0,351.689,0,-157.698,0
"MtrElec",2,18,22,"",136.326,0,0,0,0,0,0,0,0,0,0,0,0,0,0,0,0,0,0,0,0,194.25,0,-57.9236,0
"MtrElec",2,18,23,"",238.32,0,0,0,0,0,0,0,0,0,0,0,0,0,0,0,0,0,0,0,0,238.32,0,0,0
"MtrElec",2,18,24,"",145.249,0,0,0,0,0,0,0,0,0,0,0,0,0,0,0,0,0,0,0,0,145.249,0,0,0
"MtrElec",2,19,1,"",125.716,0,0,0,0,0,0,0,0,0,0,0,0,0,0,0,0,0,0,0,0,125.716,0,0,0
"MtrElec",2,19,2,"",121.044,0,0,0,0,0,0,0,0,0,0,0,0,0,0,0,0,0,0,0,0,121.044,0,0,0
"MtrElec",2,19,3,"",137.735,0,0,0,0,0,0,0,0,0,0,0,0,0,0,0,0,0,0,0,0,137.735,0,0,0
"MtrElec",2,19,4,"",125.212,0,0,0,0,0,0,0,0,0,0,0,0,0,0,0,0,0,0,0,0,125.212,0,0,0
"MtrElec",2,19,5,"",115.429,0,0,0,0,0,0,0,0,0,0,0,0,0,0,0,0,0,0,0,0,115.429,0,0,0
"MtrElec",2,19,6,"",109.428,0,0,0,0,0,0,0,0,0,0,0,0,0,0,0,0,0,0,0,0,109.428,0,0,0
"MtrElec",2,19,7,"",193.624,0,0,0,0,0,0,0,0,0,0,0,0,0,0,0,0,0,0,0,0,193.624,0,0,0
"MtrElec",2,19,8,"",234.811,0,0,0,0,0,0,0,0,0,0,0,0,0,0,0,0,0,0,0,0,234.811,0,0,0
"MtrElec",2,19,9,"",261.996,0,0,0,0,0,0,0,0,0,0,0,0,0,0,0,0,0,0,0,0,275.628,0,0,-13.632
"MtrElec",2,19,10,"",243.974,0,0,0,0,0,0,0,0,0,0,0,0,0,0,0,0,0,0,0,0,271.678,0,0,-27.7042
"MtrElec",2,19,11,"",205.117,0,0,0,0,0,0,0,0,0,0,0,0,0,0,0,0,0,0,0,0,251.943,0,0,-46.8254
"MtrElec",2,19,12,"",199.428,0,0,0,0,0,0,0,0,0,0,0,0,0,0,0,0,0,0,0,0,261.152,0,0,-61.7247
"MtrElec",2,19,13,"",126.831,0,0,0,0,0,0,0,0,0,0,0,0,0,0,0,0,0,0,0,0,217.463,0,0,-90.6317
"MtrElec",2,19,14,"",113.66,0,0,0,0,0,0,0,0,0,0,0,0,0,0,0,0,0,0,0,0,184.537,0,0,-70.8776
"MtrElec",2,19,15,"",87.7114,0,0,0,0,0,0,0,0,0,0,0,0,0,0,0,0,0,0,0,0,162.004,0,0,-74.2923
"MtrElec",2,19,16,"",68.1876,0,0,0,0,0,0,0,0,0,0,0,0,0,0,0,0,0,0,0,0,170.947,0,0,-102.759
"MtrElec",2,19,17,"",231.741,0,0,0,0,0,0,0,0,0,0,0,0,0,0,0,0,0,0,0,0,254.344,0,0,-22.6033
"MtrElec",2,19,18,"",219.844,0,0,0,0,0,0,0,0,0,0,0,0,0,0,0,0,0,0,0,0,219.844,0,0,0
"MtrElec",2,19,19,"",308.923,0,0,0,0,0,0,0,0,0,0,0,0,0,0,0,0,0,0,0,0,308.923,0,0,0
"MtrElec",2,19,20,"",276.705,0,0,0,0,0,0,0,0,0,0,0,0,0,0,0,0,0,0,0,0,276.705,0,0,0
"MtrElec",2,19,21,"",296.355,0,0,0,0,0,0,0,0,0,0,0,0,0,0,0,0,0,0,0,0,296.355,0,0,0
"MtrElec",2,19,22,"",247.78,0,0,0,0,0,0,0,0,0,0,0,0,0,0,0,0,0,0,0,0,247.78,0,0,0
"MtrElec",2,19,23,"",176.053,0,0,0,0,0,0,0,0,0,0,0,0,0,0,0,0,0,0,0,0,176.053,0,0,0
"MtrElec",2,19,24,"",200.475,0,0,0,0,0,0,0,0,0,0,0,0,0,0,0,0,0,0,0,0,200.475,0,0,0
"MtrElec",2,20,1,"",119.905,0,0,0,0,0,0,0,0,0,0,0,0,0,0,0,0,0,0,0,0,119.905,0,0,0
"MtrElec",2,20,2,"",125.21,0,0,0,0,0,0,0,0,0,0,0,0,0,0,0,0,0,0,0,0,125.21,0,0,0
"MtrElec",2,20,3,"",116.063,0,0,0,0,0,0,0,0,0,0,0,0,0,0,0,0,0,0,0,0,116.063,0,0,0
"MtrElec",2,20,4,"",113.993,0,0,0,0,0,0,0,0,0,0,0,0,0,0,0,0,0,0,0,0,113.993,0,0,0
"MtrElec",2,20,5,"",121.561,0,0,0,0,0,0,0,0,0,0,0,0,0,0,0,0,0,0,0,0,121.561,0,0,0
"MtrElec",2,20,6,"",161.653,0,0,0,0,0,0,0,0,0,0,0,0,0,0,0,0,0,0,0,0,161.653,0,0,0
"MtrElec",2,20,7,"",202.873,0,0,0,0,0,0,0,0,0,0,0,0,0,0,0,0,0,0,0,0,202.873,0,0,0
"MtrElec",2,20,8,"",259.535,0,0,0,0,0,0,0,0,0,0,0,0,0,0,0,0,0,0,0,0,265.308,0,0,-5.77294
"MtrElec",2,20,9,"",257.304,0,0,0,0,0,0,0,0,0,0,0,0,0,0,0,0,0,0,0,0,295.615,0,0,-38.3113
"MtrElec",2,20,10,"",197.492,0,0,0,0,0,0,0,0,0,0,0,0,0,0,0,0,0,0,0,0,243.953,0,0,-46.4609
"MtrElec",2,20,11,"",200.918,0,0,0,0,0,0,0,0,0,0,0,0,0,0,0,0,0,0,0,0,313.364,0,0,-112.446
"MtrElec",2,20,12,"",0,0,0,0,0,0,0,0,0,0,0,0,0,0,0,0,0,0,0,0,0,199.473,0,43.0587,-242.531
"MtrElec",2,20,13,"",80.4066,0,0,0,0,0,0,0,0,0,0,0,0,0,0,0,0,0,0,0,0,238.496,0,0,-158.089
"MtrElec",2,20,14,"",13.4721,0,0,0,0,0,0,0,0,0,0,0,0,0,0,0,0,0,0,0,0,167.488,0,0,-154.016
"MtrElec",2,20,15,"",13.3462,0,0,0,0,0,0,0,0,0,0,0,0,0,0,0,0,0,0,0,0,179.419,0,0,-166.073
"MtrElec",2,20,16,"",16.7991,0,0,0,0,0,0,0,0,0,0,0,0,0,0,0,0,0,0,0,0,200.948,0,0,-184.149
"MtrElec",2,20,17,"",170.541,0,0,0,0,0,0,0,0,0,0,0,0,0,0,0,0,0,0,0,0,229.458,0,0,-58.9169
"MtrElec",2,20,18,"",245.206,0,0,0,0,0,0,0,0,0,0,0,0,0,0,0,0,0,0,0,0,245.206,0,0,0
"MtrElec",2,20,19,"",234.208,0,0,0,0,0,0,0,0,0,0,0,0,0,0,0,0,0,0,0,0,273.068,0,-38.8605,0
"MtrElec",2,20,20,"",283.355,0,0,0,0,0,0,0,0,0,0,0,0,0,0,0,0,0,0,0,0,283.355,0,0,0
"MtrElec",2,20,21,"",305.952,0,0,0,0,0,0,0,0,0,0,0,0,0,0,0,0,0,0,0,0,305.952,0,0,0
"MtrElec",2,20,22,"",232.17,0,0,0,0,0,0,0,0,0,0,0,0,0,0,0,0,0,0,0,0,232.17,0,0,0
"MtrElec",2,20,23,"",264.736,0,0,0,0,0,0,0,0,0,0,0,0,0,0,0,0,0,0,0,0,264.736,0,0,0
"MtrElec",2,20,24,"",160.454,0,0,0,0,0,0,0,0,0,0,0,0,0,0,0,0,0,0,0,0,160.454,0,0,0
"MtrElec",2,21,1,"",220.593,0,0,0,0,0,0,0,0,0,0,0,0,0,0,0,0,0,0,0,0,220.593,0,0,0
"MtrElec",2,21,2,"",139.962,0,0,0,0,0,0,0,0,0,0,0,0,0,0,0,0,0,0,0,0,139.962,0,0,0
"MtrElec",2,21,3,"",132.336,0,0,0,0,0,0,0,0,0,0,0,0,0,0,0,0,0,0,0,0,132.336,0,0,0
"MtrElec",2,21,4,"",151.083,0,0,0,0,0,0,0,0,0,0,0,0,0,0,0,0,0,0,0,0,151.083,0,0,0
"MtrElec",2,21,5,"",163.123,0,0,0,0,0,0,0,0,0,0,0,0,0,0,0,0,0,0,0,0,163.123,0,0,0
"MtrElec",2,21,6,"",184.947,0,0,0,0,0,0,0,0,0,0,0,0,0,0,0,0,0,0,0,0,184.947,0,0,0
"MtrElec",2,21,7,"",146.994,0,0,0,0,0,0,0,0,0,0,0,0,0,0,0,0,0,0,0,0,148.377,0,0,-1.38296
"MtrElec",2,21,8,"",194.463,0,0,0,0,0,0,0,0,0,0,0,0,0,0,0,0,0,0,0,0,248.645,0,0,-54.1824
"MtrElec",2,21,9,"",93.0871,0,0,0,0,0,0,0,0,0,0,0,0,0,0,0,0,0,0,0,0,214.956,0,0,-121.869
"MtrElec",2,21,10,"",75.7959,0,0,0,0,0,0,0,0,0,0,0,0,0,0,0,0,0,0,0,0,278.21,0,0,-202.414
"MtrElec",2,21,11,"",11.7723,0,0,0,0,0,0,0,0,0,0,0,0,0,0,0,0,0,0,0,0,318.581,0,0,-306.809
"MtrElec",2,21,12,"",110.953,0,0,0,0,0,0,0,0,0,0,0,0,0,0,0,0,0,0,0,0,340.905,0,0,-229.952
"MtrElec",2,21,13,"",76.9177,0,0,0,0,0,0,0,0,0,0,0,0,0,0,0,0,0,0,0,0,280.635,0,0,-203.717
"MtrElec",2,21,14,"",0.0000039,0,0,0,0,0,0,0,0,0,0,0,0,0,0,0,0,0,0,0,0,177.085,0,59.0964,-236.181
"MtrElec",2,21,15,"",180.008,0,0,0,0,0,0,0,0,0,0,0,0,0,0,0,0,0,0,0,0,264.877,0,0,-84.8689
"MtrElec",2,21,16,"",180.239,0,0,0,0,0,0,0,0,0,0,0,0,0,0,0,0,0,0,0,0,250.117,0,0,-69.8776
"MtrElec",2,21,17,"",204.731,0,0,0,0,0,0,0,0,0,0,0,0,0,0,0,0,0,0,0,0,239.881,0,0,-35.1499
"MtrElec",2,21,18,"",275.491,0,0,0,0,0,0,0,0,0,0,0,0,0,0,0,0,0,0,0,0,275.491,0,0,0
"MtrElec",2,21,19,"",345.47,0,0,0,0,0,0,0,0,0,0,0,0,0,0,0,0,0,0,0,0,398.804,0,-53.3345,0
"MtrElec",2,21,20,"",348.741,0,0,0,0,0,0,0,0,0,0,0,0,0,0,0,0,0,0,0,0,348.741,0,0,0
"MtrElec",2,21,21,"",229.428,0,0,0,0,0,0,0,0,0,0,0,0,0,0,0,0,0,0,0,0,229.428,0,0,0
"MtrElec",2,21,22,"",295.499,0,0,0,0,0,0,0,0,0,0,0,0,0,0,0,0,0,0,0,0,295.499,0,0,0
"MtrElec",2,21,23,"",207.089,0,0,0,0,0,0,0,0,0,0,0,0,0,0,0,0,0,0,0,0,207.089,0,0,0
"MtrElec",2,21,24,"",169.919,0,0,0,0,0,0,0,0,0,0,0,0,0,0,0,0,0,0,0,0,169.919,0,0,0
"MtrElec",2,22,1,"",145.584,0,0,0,0,0,0,0,0,0,0,0,0,0,0,0,0,0,0,0,0,145.584,0,0,0
"MtrElec",2,22,2,"",124.773,0,0,0,0,0,0,0,0,0,0,0,0,0,0,0,0,0,0,0,0,124.773,0,0,0
"MtrElec",2,22,3,"",111.644,0,0,0,0,0,0,0,0,0,0,0,0,0,0,0,0,0,0,0,0,111.644,0,0,0
"MtrElec",2,22,4,"",132.219,0,0,0,0,0,0,0,0,0,0,0,0,0,0,0,0,0,0,0,0,132.219,0,0,0
"MtrElec",2,22,5,"",196.891,0,0,0,0,0,0,0,0,0,0,0,0,0,0,0,0,0,0,0,0,196.891,0,0,0
"MtrElec",2,22,6,"",131.657,0,0,0,0,0,0,0,0,0,0,0,0,0,0,0,0,0,0,0,0,131.657,0,0,0
"MtrElec",2,22,7,"",141.87,0,0,0,0,0,0,0,0,0,0,0,0,0,0,0,0,0,0,0,0,141.87,0,0,0
"MtrElec",2,22,8,"",206.529,0,0,0,0,0,0,0,0,0,0,0,0,0,0,0,0,0,0,0,0,208.244,0,0,-1.7149
"MtrElec",2,22,9,"",68.3112,0,0,0,0,0,0,0,0,0,0,0,0,0,0,0,0,0,0,0,0,202.843,0,0,-134.532
"MtrElec",2,22,10,"",65.8558,0,0,0,0,0,0,0,0,0,0,0,0,0,0,0,0,0,0,0,0,247.286,0,0,-181.431
"MtrElec",2,22,11,"",108.277,0,0,0,0,0,0,0,0,0,0,0,0,0,0,0,0,0,0,0,0,275.457,0,0,-167.18
"MtrElec",2,22,12,"",96.3657,0,0,0,0,0,0,0,0,0,0,0,0,0,0,0,0,0,0,0,0,257.409,0,0,-161.043
"MtrElec",2,22,13,"",93.5912,0,0,0,0,0,0,0,0,0,0,0,0,0,0,0,0,0,0,0,0,285.846,0,0,-192.254
"MtrElec",2,22,14,"",0,0,0,0,0,0,0,0,0,0,0,0,0,0,0,0,0,0,0,0,0,170.443,0,72.8712,-243.314
"MtrElec",2,22,15,"",97.9944,0,0,0,0,0,0,0,0,0,0,0,0,0,0,0,0,0,0,0,0,241.507,0,0,-143.512
"MtrElec",2,22,16,"",215.088,0,0,0,0,0,0,0,0,0,0,0,0,0,0,0,0,0,0,0,0,229.397,0,0,-14.3096
"MtrElec",2,22,17,"",156.169,0,0,0,0,0,0,0,0,0,0,0,0,0,0,0,0,0,0,0,0,173.915,0,0,-17.7461
"MtrElec",2,22,18,"",288.696,0,0,0,0,0,0,0,0,0,0,0,0,0,0,0,0,0,0,0,0,292.074,0,0,-3.37825
"MtrElec",2,22,19,"",266.631,0,0,0,0,0,0,0,0,0,0,0,0,0,0,0,0,0,0,0,0,332.397,0,-65.7663,0
"MtrElec",2,22,20,"",280.722,0,0,0,0,0,0,0,0,0,0,0,0,0,0,0,0,0,0,0,0,280.722,0,0,0
"MtrElec",2,22,21,"",297.778,0,0,0,0,0,0,0,0,0,0,0,0,0,0,0,0,0,0,0,0,297.778,0,0,0
"MtrElec",2,22,22,"",285.795,0,0,0,0,0,0,0,0,0,0,0,0,0,0,0,0,0,0,0,0,285.795,0,0,0
"MtrElec",2,22,23,"",200.951,0,0,0,0,0,0,0,0,0,0,0,0,0,0,0,0,0,0,0,0,200.951,0,0,0
"MtrElec",2,22,24,"",207.373,0,0,0,0,0,0,0,0,0,0,0,0,0,0,0,0,0,0,0,0,207.373,0,0,0
"MtrElec",2,23,1,"",152.755,0,0,0,0,0,0,0,0,0,0,0,0,0,0,0,0,0,0,0,0,152.755,0,0,0
"MtrElec",2,23,2,"",158.253,0,0,0,0,0,0,0,0,0,0,0,0,0,0,0,0,0,0,0,0,158.253,0,0,0
"MtrElec",2,23,3,"",160.591,0,0,0,0,0,0,0,0,0,0,0,0,0,0,0,0,0,0,0,0,160.591,0,0,0
"MtrElec",2,23,4,"",157.931,0,0,0,0,0,0,0,0,0,0,0,0,0,0,0,0,0,0,0,0,157.931,0,0,0
"MtrElec",2,23,5,"",209.92,0,0,0,0,0,0,0,0,0,0,0,0,0,0,0,0,0,0,0,0,209.92,0,0,0
"MtrElec",2,23,6,"",238.53,0,0,0,0,0,0,0,0,0,0,0,0,0,0,0,0,0,0,0,0,238.53,0,0,0
"MtrElec",2,23,7,"",263.077,0,0,0,0,0,0,0,0,0,0,0,0,0,0,0,0,0,0,0,0,270.008,0,0,-6.93143
"MtrElec",2,23,8,"",217.622,0,0,0,0,0,0,0,0,0,0,0,0,0,0,0,0,0,0,0,0,318.831,0,0,-101.209
"MtrElec",2,23,9,"",134.088,0,0,0,0,0,0,0,0,0,0,0,0,0,0,0,0,0,0,0,0,296.189,0,0,-162.101
"MtrElec",2,23,10,"",0,0,0,0,0,0,0,0,0,0,0,0,0,0,0,0,0,0,0,0,0,309.499,0,0.596563,-310.096
"MtrElec",2,23,11,"",0.0419062,0,0,0,0,0,0,0,0,0,0,0,0,0,0,0,0,0,0,0,0,314.818,0,0,-314.776
"MtrElec",2,23,12,"",-24.6112,0,0,0,0,0,0,0,0,0,0,0,0,0,0,0,0,0,0,0,0,213.025,0,157.698,-395.334
"MtrElec",2,23,13,"",-18.4732,0,0,0,0,0,0,0,0,0,0,0,0,0,0,0,0,0,0,0,0,252.072,0,157.698,-428.243
"MtrElec",2,23,14,"",0,0,0,0,0,0,0,0,0,0,0,0,0,0,0,0,0,0,0,0,0,125.378,0,42.9735,-168.352
"MtrElec",2,23,15,"",162.926,0,0,0,0,0,0,0,0,0,0,0,0,0,0,0,0,0,0,0,0,212.821,0,0,-49.8948
"MtrElec",2,23,16,"",112.304,0,0,0,0,0,0,0,0,0,0,0,0,0,0,0,0,0,0,0,0,152.199,0,0,-39.8949
"MtrElec",2,23,17,"",208.124,0,0,0,0,0,0,0,0,0,0,0,0,0,0,0,0,0,0,0,0,219.521,0,0,-11.397
"MtrElec",2,23,18,"",225.712,0,0,0,0,0,0,0,0,0,0,0,0,0,0,0,0,0,0,0,0,225.712,0,0,0
"MtrElec",2,23,19,"",165.846,0,0,0,0,0,0,0,0,0,0,0,0,0,0,0,0,0,0,0,0,323.544,0,-157.698,0
"MtrElec",2,23,20,"",118.486,0,0,0,0,0,0,0,0,0,0,0,0,0,0,0,0,0,0,0,0,276.184,0,-157.698,0
"MtrElec",2,23,21,"",346.37,0,0,0,0,0,0,0,0,0,0,0,0,0,0,0,0,0,0,0,0,354.941,0,-8.57086,0
"MtrElec",2,23,22,"",210.763,0,0,0,0,0,0,0,0,0,0,0,0,0,0,0,0,0,0,0,0,210.763,0,0,0
"MtrElec",2,23,23,"",245.22,0,0,0,0,0,0,0,0,0,0,0,0,0,0,0,0,0,0,0,0,245.22,0,0,0
"MtrElec",2,23,24,"",150.941,0,0,0,0,0,0,0,0,0,0,0,0,0,0,0,0,0,0,0,0,150.941,0,0,0
"MtrElec",2,24,1,"",119.827,0,0,0,0,0,0,0,0,0,0,0,0,0,0,0,0,0,0,0,0,119.827,0,0,0
"MtrElec",2,24,2,"",127.672,0,0,0,0,0,0,0,0,0,0,0,0,0,0,0,0,0,0,0,0,127.672,0,0,0
"MtrElec",2,24,3,"",167.921,0,0,0,0,0,0,0,0,0,0,0,0,0,0,0,0,0,0,0,0,167.921,0,0,0
"MtrElec",2,24,4,"",124.117,0,0,0,0,0,0,0,0,0,0,0,0,0,0,0,0,0,0,0,0,124.117,0,0,0
"MtrElec",2,24,5,"",133.666,0,0,0,0,0,0,0,0,0,0,0,0,0,0,0,0,0,0,0,0,133.666,0,0,0
"MtrElec",2,24,6,"",122.29,0,0,0,0,0,0,0,0,0,0,0,0,0,0,0,0,0,0,0,0,122.29,0,0,0
"MtrElec",2,24,7,"",241.121,0,0,0,0,0,0,0,0,0,0,0,0,0,0,0,0,0,0,0,0,241.121,0,0,0
"MtrElec",2,24,8,"",253.819,0,0,0,0,0,0,0,0,0,0,0,0,0,0,0,0,0,0,0,0,269.431,0,0,-15.6122
"MtrElec",2,24,9,"",271.273,0,0,0,0,0,0,0,0,0,0,0,0,0,0,0,0,0,0,0,0,299.163,0,0,-27.89
"MtrElec",2,24,10,"",224.778,0,0,0,0,0,0,0,0,0,0,0,0,0,0,0,0,0,0,0,0,296.849,0,0,-72.0714
"MtrElec",2,24,11,"",159.78,0,0,0,0,0,0,0,0,0,0,0,0,0,0,0,0,0,0,0,0,300.887,0,0,-141.107
"MtrElec",2,24,12,"",47.0703,0,0,0,0,0,0,0,0,0,0,0,0,0,0,0,0,0,0,0,0,226.388,0,0,-179.317
"MtrElec",2,24,13,"",83.1803,0,0,0,0,0,0,0,0,0,0,0,0,0,0,0,0,0,0,0,0,277.59,0,0,-194.409
"MtrElec",2,24,14,"",0,0,0,0,0,0,0,0,0,0,0,0,0,0,0,0,0,0,0,0,0,124.828,0,66.7221,-191.55
"MtrElec",2,24,15,"",77.0099,0,0,0,0,0,0,0,0,0,0,0,0,0,0,0,0,0,0,0,0,186.357,0,0,-109.347
"MtrElec",2,24,16,"",0,0,0,0,0,0,0,0,0,0,0,0,0,0,0,0,0,0,0,0,0,136.588,0,88.5522,-225.14
"MtrElec",2,24,17,"",159.894,0,0,0,0,0,0,0,0,0,0,0,0,0,0,0,0,0,0,0,0,226,0,0,-66.1062
"MtrElec",2,24,18,"",258.06,0,0,0,0,0,0,0,0,0,0,0,0,0,0,0,0,0,0,0,0,266.588,0,0,-8.52802
"MtrElec",2,24,19,"",123.851,0,0,0,0,0,0,0,0,0,0,0,0,0,0,0,0,0,0,0,0,263.986,0,-140.135,0
"MtrElec",2,24,20,"",320.098,0,0,0,0,0,0,0,0,0,0,0,0,0,0,0,0,0,0,0,0,320.098,0,0,0
"MtrElec",2,24,21,"",341.613,0,0,0,0,0,0,0,0,0,0,0,0,0,0,0,0,0,0,0,0,341.613,0,0,0
"MtrElec",2,24,22,"",235.293,0,0,0,0,0,0,0,0,0,0,0,0,0,0,0,0,0,0,0,0,235.293,0,0,0
"MtrElec",2,24,23,"",296.603,0,0,0,0,0,0,0,0,0,0,0,0,0,0,0,0,0,0,0,0,296.603,0,0,0
"MtrElec",2,24,24,"",159.234,0,0,0,0,0,0,0,0,0,0,0,0,0,0,0,0,0,0,0,0,159.234,0,0,0
"MtrElec",2,25,1,"",168.837,0,0,0,0,0,0,0,0,0,0,0,0,0,0,0,0,0,0,0,0,168.837,0,0,0
"MtrElec",2,25,2,"",146.579,0,0,0,0,0,0,0,0,0,0,0,0,0,0,0,0,0,0,0,0,146.579,0,0,0
"MtrElec",2,25,3,"",190.809,0,0,0,0,0,0,0,0,0,0,0,0,0,0,0,0,0,0,0,0,190.809,0,0,0
"MtrElec",2,25,4,"",176.616,0,0,0,0,0,0,0,0,0,0,0,0,0,0,0,0,0,0,0,0,176.616,0,0,0
"MtrElec",2,25,5,"",160.166,0,0,0,0,0,0,0,0,0,0,0,0,0,0,0,0,0,0,0,0,160.166,0,0,0
"MtrElec",2,25,6,"",143.618,0,0,0,0,0,0,0,0,0,0,0,0,0,0,0,0,0,0,0,0,143.618,0,0,0
"MtrElec",2,25,7,"",243.105,0,0,0,0,0,0,0,0,0,0,0,0,0,0,0,0,0,0,0,0,254.796,0,0,-11.6911
"MtrElec",2,25,8,"",140.669,0,0,0,0,0,0,0,0,0,0,0,0,0,0,0,0,0,0,0,0,253.657,0,0,-112.989
"MtrElec",2,25,9,"",27.6267,0,0,0,0,0,0,0,0,0,0,0,0,0,0,0,0,0,0,0,0,270.853,0,0,-243.226
"MtrElec",2,25,10,"",0,0,0,0,0,0,0,0,0,0,0,0,0,0,0,0,0,0,0,0,0,221.91,0,127.71,-349.621
"MtrElec",2,25,11,"",0,0,0,0,0,0,0,0,0,0,0,0,0,0,0,0,0,0,0,0,0,274.441,0,149.616,-424.057
"MtrElec",2,25,12,"",-64.1029,0,0,0,0,0,0,0,0,0,0,0,0,0,0,0,0,0,0,0,0,238.738,0,157.698,-460.539
"MtrElec",2,25,13,"",-151.133,0,0,0,0,0,0,0,0,0,0,0,0,0,0,0,0,0,0,0,0,156.585,0,153.361,-461.079
"MtrElec",2,25,14,"",-255.412,0,0,0,0,0,0,0,0,0,0,0,0,0,0,0,0,0,0,0,0,169.339,0,0,-424.751
"MtrElec",2,25,15,"",-207.32,0,0,0,0,0,0,0,0,0,0,0,0,0,0,0,0,0,0,0,0,150.179,0,0,-357.498
"MtrElec",2,25,16,"",-107.37,0,0,0,0,0,0,0,0,0,0,0,0,0,0,0,0,0,0,0,0,154.499,0,0,-261.869
"MtrElec",2,25,17,"",74.9209,0,0,0,0,0,0,0,0,0,0,0,0,0,0,0,0,0,0,0,0,209.948,0,0,-135.027
"MtrElec",2,25,18,"",175.691,0,0,0,0,0,0,0,0,0,0,0,0,0,0,0,0,0,0,0,0,195.633,0,0,-19.9423
"MtrElec",2,25,19,"",144.689,0,0,0,0,0,0,0,0,0,0,0,0,0,0,0,0,0,0,0,0,302.387,0,-157.698,0
"MtrElec",2,25,20,"",101.275,0,0,0,0,0,0,0,0,0,0,0,0,0,0,0,0,0,0,0,0,258.973,0,-157.698,0
"MtrElec",2,25,21,"",144.912,0,0,0,0,0,0,0,0,0,0,0,0,0,0,0,0,0,0,0,0,302.61,0,-157.698,0
"MtrElec",2,25,22,"",214.24,0,0,0,0,0,0,0,0,0,0,0,0,0,0,0,0,0,0,0,0,272.163,0,-57.9236,0
"MtrElec",2,25,23,"",236.494,0,0,0,0,0,0,0,0,0,0,0,0,0,0,0,0,0,0,0,0,236.494,0,0,0
"MtrElec",2,25,24,"",166.651,0,0,0,0,0,0,0,0,0,0,0,0,0,0,0,0,0,0,0,0,166.651,0,0,0
"MtrElec",2,26,1,"",124.329,0,0,0,0,0,0,0,0,0,0,0,0,0,0,0,0,0,0,0,0,124.329,0,0,0
"MtrElec",2,26,2,"",136.99,0,0,0,0,0,0,0,0,0,0,0,0,0,0,0,0,0,0,0,0,136.99,0,0,0
"MtrElec",2,26,3,"",248.907,0,0,0,0,0,0,0,0,0,0,0,0,0,0,0,0,0,0,0,0,248.907,0,0,0
"MtrElec",2,26,4,"",135.277,0,0,0,0,0,0,0,0,0,0,0,0,0,0,0,0,0,0,0,0,135.277,0,0,0
"MtrElec",2,26,5,"",132.351,0,0,0,0,0,0,0,0,0,0,0,0,0,0,0,0,0,0,0,0,132.351,0,0,0
"MtrElec",2,26,6,"",126.213,0,0,0,0,0,0,0,0,0,0,0,0,0,0,0,0,0,0,0,0,126.213,0,0,0
"MtrElec",2,26,7,"",224.924,0,0,0,0,0,0,0,0,0,0,0,0,0,0,0,0,0,0,0,0,229.489,0,0,-4.56448
"MtrElec",2,26,8,"",150.245,0,0,0,0,0,0,0,0,0,0,0,0,0,0,0,0,0,0,0,0,226.701,0,0,-76.4556
"MtrElec",2,26,9,"",25.132,0,0,0,0,0,0,0,0,0,0,0,0,0,0,0,0,0,0,0,0,261.244,0,0,-236.112
"MtrElec",2,26,10,"",0.0000078,0,0,0,0,0,0,0,0,0,0,0,0,0,0,0,0,0,0,0,0,256.174,0,96.9067,-353.081
"MtrElec",2,26,11,"",-43.4277,0,0,0,0,0,0,0,0,0,0,0,0,0,0,0,0,0,0,0,0,224.463,0,157.698,-425.588
"MtrElec",2,26,12,"",-137.771,0,0,0,0,0,0,0,0,0,0,0,0,0,0,0,0,0,0,0,0,168.327,0,157.698,-463.796
"MtrElec",2,26,13,"",-79.223,0,0,0,0,0,0,0,0,0,0,0,0,0,0,0,0,0,0,0,0,226.576,0,157.698,-463.497
"MtrElec",2,26,14,"",-260.815,0,0,0,0,0,0,0,0,0,0,0,0,0,0,0,0,0,0,0,0,151.005,0,18.3846,-430.205
"MtrElec",2,26,15,"",-233.968,0,0,0,0,0,0,0,0,0,0,0,0,0,0,0,0,0,0,0,0,128.566,0,0,-362.533
"MtrElec",2,26,16,"",-92.194,0,0,0,0,0,0,0,0,0,0,0,0,0,0,0,0,0,0,0,0,169.549,0,0,-261.743
"MtrElec",2,26,17,"",21.4925,0,0,0,0,0,0,0,0,0,0,0,0,0,0,0,0,0,0,0,0,154.776,0,0,-133.284
"MtrElec",2,26,18,"",216.758,0,0,0,0,0,0,0,0,0,0,0,0,0,0,0,0,0,0,0,0,235.078,0,0,-18.3201
"MtrElec",2,26,19,"",110.561,0,0,0,0,0,0,0,0,0,0,0,0,0,0,0,0,0,0,0,0,268.259,0,-157.698,0
"MtrElec",2,26,20,"",147.774,0,0,0,0,0,0,0,0,0,0,0,0,0,0,0,0,0,0,0,0,305.472,0,-157.698,0
"MtrElec",2,26,21,"",110.252,0,0,0,0,0,0,0,0,0,0,0,0,0,0,0,0,0,0,0,0,267.95,0,-157.698,0
"MtrElec",2,26,22,"",156.158,0,0,0,0,0,0,0,0,0,0,0,0,0,0,0,0,0,0,0,0,214.081,0,-57.9236,0
"MtrElec",2,26,23,"",247.83,0,0,0,0,0,0,0,0,0,0,0,0,0,0,0,0,0,0,0,0,247.83,0,0,0
"MtrElec",2,26,24,"",148.49,0,0,0,0,0,0,0,0,0,0,0,0,0,0,0,0,0,0,0,0,148.49,0,0,0
"MtrElec",2,27,1,"",123.21,0,0,0,0,0,0,0,0,0,0,0,0,0,0,0,0,0,0,0,0,123.21,0,0,0
"MtrElec",2,27,2,"",150.615,0,0,0,0,0,0,0,0,0,0,0,0,0,0,0,0,0,0,0,0,150.615,0,0,0
"MtrElec",2,27,3,"",167.086,0,0,0,0,0,0,0,0,0,0,0,0,0,0,0,0,0,0,0,0,167.086,0,0,0
"MtrElec",2,27,4,"",132.312,0,0,0,0,0,0,0,0,0,0,0,0,0,0,0,0,0,0,0,0,132.312,0,0,0
"MtrElec",2,27,5,"",131.882,0,0,0,0,0,0,0,0,0,0,0,0,0,0,0,0,0,0,0,0,131.882,0,0,0
"MtrElec",2,27,6,"",132.344,0,0,0,0,0,0,0,0,0,0,0,0,0,0,0,0,0,0,0,0,132.344,0,0,0
"MtrElec",2,27,7,"",231.396,0,0,0,0,0,0,0,0,0,0,0,0,0,0,0,0,0,0,0,0,243.305,0,0,-11.9091
"MtrElec",2,27,8,"",131.194,0,0,0,0,0,0,0,0,0,0,0,0,0,0,0,0,0,0,0,0,246.248,0,0,-115.054
"MtrElec",2,27,9,"",11.0577,0,0,0,0,0,0,0,0,0,0,0,0,0,0,0,0,0,0,0,0,256.738,0,0,-245.68
"MtrElec",2,27,10,"",0,0,0,0,0,0,0,0,0,0,0,0,0,0,0,0,0,0,0,0,0,223.833,0,123.501,-347.334
"MtrElec",2,27,11,"",-31.8488,0,0,0,0,0,0,0,0,0,0,0,0,0,0,0,0,0,0,0,0,225.843,0,157.698,-415.39
"MtrElec",2,27,12,"",-79.4942,0,0,0,0,0,0,0,0,0,0,0,0,0,0,0,0,0,0,0,0,208.529,0,157.698,-445.721
"MtrElec",2,27,13,"",-45.9787,0,0,0,0,0,0,0,0,0,0,0,0,0,0,0,0,0,0,0,0,253.802,0,149.488,-449.269
"MtrElec",2,27,14,"",-301.148,0,0,0,0,0,0,0,0,0,0,0,0,0,0,0,0,0,0,0,0,116.54,0,0,-417.687
"MtrElec",2,27,15,"",-190.698,0,0,0,0,0,0,0,0,0,0,0,0,0,0,0,0,0,0,0,0,160.46,0,0,-351.158
"MtrElec",2,27,16,"",-98.7909,0,0,0,0,0,0,0,0,0,0,0,0,0,0,0,0,0,0,0,0,159.166,0,0,-257.957
"MtrElec",2,27,17,"",37.0288,0,0,0,0,0,0,0,0,0,0,0,0,0,0,0,0,0,0,0,0,170.342,0,0,-133.313
"MtrElec",2,27,18,"",217.814,0,0,0,0,0,0,0,0,0,0,0,0,0,0,0,0,0,0,0,0,237.318,0,0,-19.5038
"MtrElec",2,27,19,"",94.9669,0,0,0,0,0,0,0,0,0,0,0,0,0,0,0,0,0,0,0,0,252.665,0,-157.698,0
"MtrElec",2,27,20,"",123.548,0,0,0,0,0,0,0,0,0,0,0,0,0,0,0,0,0,0,0,0,281.246,0,-157.698,0
"MtrElec",2,27,21,"",126.466,0,0,0,0,0,0,0,0,0,0,0,0,0,0,0,0,0,0,0,0,284.164,0,-157.698,0
"MtrElec",2,27,22,"",131.648,0,0,0,0,0,0,0,0,0,0,0,0,0,0,0,0,0,0,0,0,189.572,0,-57.9236,0
"MtrElec",2,27,23,"",291.325,0,0,0,0,0,0,0,0,0,0,0,0,0,0,0,0,0,0,0,0,291.325,0,0,0
"MtrElec",2,27,24,"",177.179,0,0,0,0,0,0,0,0,0,0,0,0,0,0,0,0,0,0,0,0,177.179,0,0,0
"MtrElec",2,28,1,"",240.833,0,0,0,0,0,0,0,0,0,0,0,0,0,0,0,0,0,0,0,0,240.833,0,0,0
"MtrElec",2,28,2,"",132.645,0,0,0,0,0,0,0,0,0,0,0,0,0,0,0,0,0,0,0,0,132.645,0,0,0
"MtrElec",2,28,3,"",116.026,0,0,0,0,0,0,0,0,0,0,0,0,0,0,0,0,0,0,0,0,116.026,0,0,0
"MtrElec",2,28,4,"",132.546,0,0,0,0,0,0,0,0,0,0,0,0,0,0,0,0,0,0,0,0,132.546,0,0,0
"MtrElec",2,28,5,"",142.286,0,0,0,0,0,0,0,0,0,0,0,0,0,0,0,0,0,0,0,0,142.286,0,0,0
"MtrElec",2,28,6,"",200.893,0,0,0,0,0,0,0,0,0,0,0,0,0,0,0,0,0,0,0,0,200.893,0,0,0
"MtrElec",2,28,7,"",146.607,0,0,0,0,0,0,0,0,0,0,0,0,0,0,0,0,0,0,0,0,161.973,0,0,-15.3658
"MtrElec",2,28,8,"",76.8688,0,0,0,0,0,0,0,0,0,0,0,0,0,0,0,0,0,0,0,0,192.939,0,0,-116.071
"MtrElec",2,28,9,"",0,0,0,0,0,0,0,0,0,0,0,0,0,0,0,0,0,0,0,0,0,207.257,0,38.7719,-246.029
"MtrElec",2,28,10,"",0,0,0,0,0,0,0,0,0,0,0,0,0,0,0,0,0,0,0,0,0,255.548,0,92.6667,-348.215
"MtrElec",2,28,11,"",0,0,0,0,0,0,0,0,0,0,0,0,0,0,0,0,0,0,0,0,0,292.752,0,120.622,-413.374
"MtrElec",2,28,12,"",0,0,0,0,0,0,0,0,0,0,0,0,0,0,0,0,0,0,0,0,0,323.529,0,124.96,-448.489
"MtrElec",2,28,13,"",-27.0706,0,0,0,0,0,0,0,0,0,0,0,0,0,0,0,0,0,0,0,0,266.895,0,157.698,-451.664
"MtrElec",2,28,14,"",-152.486,0,0,0,0,0,0,0,0,0,0,0,0,0,0,0,0,0,0,0,0,213.922,0,53.6668,-420.075
"MtrElec",2,28,15,"",-184.518,0,0,0,0,0,0,0,0,0,0,0,0,0,0,0,0,0,0,0,0,169.371,0,0,-353.889
"MtrElec",2,28,16,"",-48.5985,0,0,0,0,0,0,0,0,0,0,0,0,0,0,0,0,0,0,0,0,207.937,0,0,-256.536
"MtrElec",2,28,17,"",77.7333,0,0,0,0,0,0,0,0,0,0,0,0,0,0,0,0,0,0,0,0,209.554,0,0,-131.821
"MtrElec",2,28,18,"",198.182,0,0,0,0,0,0,0,0,0,0,0,0,0,0,0,0,0,0,0,0,217.165,0,0,-18.9826
"MtrElec",2,28,19,"",203.197,0,0,0,0,0,0,0,0,0,0,0,0,0,0,0,0,0,0,0,0,360.895,0,-157.698,0
"MtrElec",2,28,20,"",110.852,0,0,0,0,0,0,0,0,0,0,0,0,0,0,0,0,0,0,0,0,268.55,0,-157.698,0
"MtrElec",2,28,21,"",76.3087,0,0,0,0,0,0,0,0,0,0,0,0,0,0,0,0,0,0,0,0,234.007,0,-157.698,0
"MtrElec",2,28,22,"",218.07,0,0,0,0,0,0,0,0,0,0,0,0,0,0,0,0,0,0,0,0,275.993,0,-57.9236,0
"MtrElec",2,28,23,"",180.888,0,0,0,0,0,0,0,0,0,0,0,0,0,0,0,0,0,0,0,0,180.888,0,0,0
"MtrElec",2,28,24,"",205.645,0,0,0,0,0,0,0,0,0,0,0,0,0,0,0,0,0,0,0,0,205.645,0,0,0
"MtrElec",3,1,1,"",139.721,0,0,0,0,0,0,0,0,0,0,0,0,0,0,0,0,0,0,0,0,139.721,0,0,0
"MtrElec",3,1,2,"",109.322,0,0,0,0,0,0,0,0,0,0,0,0,0,0,0,0,0,0,0,0,109.322,0,0,0
"MtrElec",3,1,3,"",99.5563,0,0,0,0,0,0,0,0,0,0,0,0,0,0,0,0,0,0,0,0,99.5563,0,0,0
"MtrElec",3,1,4,"",112.268,0,0,0,0,0,0,0,0,0,0,0,0,0,0,0,0,0,0,0,0,112.268,0,0,0
"MtrElec",3,1,5,"",143.722,0,0,0,0,0,0,0,0,0,0,0,0,0,0,0,0,0,0,0,0,143.722,0,0,0
"MtrElec",3,1,6,"",121.93,0,0,0,0,0,0,0,0,0,0,0,0,0,0,0,0,0,0,0,0,121.93,0,0,0
"MtrElec",3,1,7,"",117.53,0,0,0,0,0,0,0,0,0,0,0,0,0,0,0,0,0,0,0,0,119.115,0,0,-1.58519
"MtrElec",3,1,8,"",133.284,0,0,0,0,0,0,0,0,0,0,0,0,0,0,0,0,0,0,0,0,196.72,0,0,-63.4363
"MtrElec",3,1,9,"",141.237,0,0,0,0,0,0,0,0,0,0,0,0,0,0,0,0,0,0,0,0,217.868,0,0,-76.6303
"MtrElec",3,1,10,"",164.588,0,0,0,0,0,0,0,0,0,0,0,0,0,0,0,0,0,0,0,0,277.325,0,0,-112.738
"MtrElec",3,1,11,"",109.539,0,0,0,0,0,0,0,0,0,0,0,0,0,0,0,0,0,0,0,0,277.985,0,0,-168.446
"MtrElec",3,1,12,"",99.305,0,0,0,0,0,0,0,0,0,0,0,0,0,0,0,0,0,0,0,0,311.236,0,0,-211.931
"MtrElec",3,1,13,"",197.753,0,0,0,0,0,0,0,0,0,0,0,0,0,0,0,0,0,0,0,0,313.968,0,0,-116.215
"MtrElec",3,1,14,"",3.18242,0,0,0,0,0,0,0,0,0,0,0,0,0,0,0,0,0,0,0,0,223.832,0,0,-220.649
"MtrElec",3,1,15,"",0,0,0,0,0,0,0,0,0,0,0,0,0,0,0,0,0,0,0,0,0,195.382,0,23.9945,-219.376
"MtrElec",3,1,16,"",82.9277,0,0,0,0,0,0,0,0,0,0,0,0,0,0,0,0,0,0,0,0,218.454,0,0,-135.526
"MtrElec",3,1,17,"",153.148,0,0,0,0,0,0,0,0,0,0,0,0,0,0,0,0,0,0,0,0,207.732,0,0,-54.5842
"MtrElec",3,1,18,"",242.52,0,0,0,0,0,0,0,0,0,0,0,0,0,0,0,0,0,0,0,0,242.52,0,0,0
"MtrElec",3,1,19,"",362.402,0,0,0,0,0,0,0,0,0,0,0,0,0,0,0,0,0,0,0,0,384.057,0,-21.655,0
"MtrElec",3,1,20,"",308.409,0,0,0,0,0,0,0,0,0,0,0,0,0,0,0,0,0,0,0,0,308.409,0,0,0
"MtrElec",3,1,21,"",297.685,0,0,0,0,0,0,0,0,0,0,0,0,0,0,0,0,0,0,0,0,297.685,0,0,0
"MtrElec",3,1,22,"",267.126,0,0,0,0,0,0,0,0,0,0,0,0,0,0,0,0,0,0,0,0,267.126,0,0,0
"MtrElec",3,1,23,"",206.771,0,0,0,0,0,0,0,0,0,0,0,0,0,0,0,0,0,0,0,0,206.771,0,0,0
"MtrElec",3,1,24,"",169.291,0,0,0,0,0,0,0,0,0,0,0,0,0,0,0,0,0,0,0,0,169.291,0,0,0
"MtrElec",3,2,1,"",115.075,0,0,0,0,0,0,0,0,0,0,0,0,0,0,0,0,0,0,0,0,115.075,0,0,0
"MtrElec",3,2,2,"",113.412,0,0,0,0,0,0,0,0,0,0,0,0,0,0,0,0,0,0,0,0,113.412,0,0,0
"MtrElec",3,2,3,"",112.403,0,0,0,0,0,0,0,0,0,0,0,0,0,0,0,0,0,0,0,0,112.403,0,0,0
"MtrElec",3,2,4,"",107.58,0,0,0,0,0,0,0,0,0,0,0,0,0,0,0,0,0,0,0,0,107.58,0,0,0
"MtrElec",3,2,5,"",147.659,0,0,0,0,0,0,0,0,0,0,0,0,0,0,0,0,0,0,0,0,147.659,0,0,0
"MtrElec",3,2,6,"",103.656,0,0,0,0,0,0,0,0,0,0,0,0,0,0,0,0,0,0,0,0,103.656,0,0,0
"MtrElec",3,2,7,"",212.107,0,0,0,0,0,0,0,0,0,0,0,0,0,0,0,0,0,0,0,0,217.324,0,0,-5.21665
"MtrElec",3,2,8,"",192.841,0,0,0,0,0,0,0,0,0,0,0,0,0,0,0,0,0,0,0,0,253.866,0,0,-61.025
"MtrElec",3,2,9,"",155.612,0,0,0,0,0,0,0,0,0,0,0,0,0,0,0,0,0,0,0,0,284.868,0,0,-129.257
"MtrElec",3,2,10,"",22.5297,0,0,0,0,0,0,0,0,0,0,0,0,0,0,0,0,0,0,0,0,238.478,0,0,-215.948
"MtrElec",3,2,11,"",0,0,0,0,0,0,0,0,0,0,0,0,0,0,0,0,0,0,0,0,0,198.246,0,4.87466,-203.12
"MtrElec",3,2,12,"",87.5088,0,0,0,0,0,0,0,0,0,0,0,0,0,0,0,0,0,0,0,0,251.748,0,0,-164.239
"MtrElec",3,2,13,"",0.0000078,0,0,0,0,0,0,0,0,0,0,0,0,0,0,0,0,0,0,0,0,140.835,0,108.289,-249.124
"MtrElec",3,2,14,"",5.06672,0,0,0,0,0,0,0,0,0,0,0,0,0,0,0,0,0,0,0,0,156.928,0,0,-151.861
"MtrElec",3,2,15,"",69.087,0,0,0,0,0,0,0,0,0,0,0,0,0,0,0,0,0,0,0,0,134.69,0,0,-65.6031
"MtrElec",3,2,16,"",125.535,0,0,0,0,0,0,0,0,0,0,0,0,0,0,0,0,0,0,0,0,176.458,0,0,-50.9227
"MtrElec",3,2,17,"",164.238,0,0,0,0,0,0,0,0,0,0,0,0,0,0,0,0,0,0,0,0,189.662,0,0,-25.4238
"MtrElec",3,2,18,"",222.082,0,0,0,0,0,0,0,0,0,0,0,0,0,0,0,0,0,0,0,0,227.728,0,0,-5.64661
"MtrElec",3,2,19,"",199.641,0,0,0,0,0,0,0,0,0,0,0,0,0,0,0,0,0,0,0,0,301.771,0,-102.131,0
"MtrElec",3,2,20,"",245.579,0,0,0,0,0,0,0,0,0,0,0,0,0,0,0,0,0,0,0,0,245.579,0,0,0
"MtrElec",3,2,21,"",313.757,0,0,0,0,0,0,0,0,0,0,0,0,0,0,0,0,0,0,0,0,313.757,0,0,0
"MtrElec",3,2,22,"",187.547,0,0,0,0,0,0,0,0,0,0,0,0,0,0,0,0,0,0,0,0,187.547,0,0,0
"MtrElec",3,2,23,"",204.267,0,0,0,0,0,0,0,0,0,0,0,0,0,0,0,0,0,0,0,0,204.267,0,0,0
"MtrElec",3,2,24,"",205.651,0,0,0,0,0,0,0,0,0,0,0,0,0,0,0,0,0,0,0,0,205.651,0,0,0
"MtrElec",3,3,1,"",155.984,0,0,0,0,0,0,0,0,0,0,0,0,0,0,0,0,0,0,0,0,155.984,0,0,0
"MtrElec",3,3,2,"",112.31,0,0,0,0,0,0,0,0,0,0,0,0,0,0,0,0,0,0,0,0,112.31,0,0,0
"MtrElec",3,3,3,"",95.254,0,0,0,0,0,0,0,0,0,0,0,0,0,0,0,0,0,0,0,0,95.254,0,0,0
"MtrElec",3,3,4,"",110.447,0,0,0,0,0,0,0,0,0,0,0,0,0,0,0,0,0,0,0,0,110.447,0,0,0
"MtrElec",3,3,5,"",108.828,0,0,0,0,0,0,0,0,0,0,0,0,0,0,0,0,0,0,0,0,108.828,0,0,0
"MtrElec",3,3,6,"",128.409,0,0,0,0,0,0,0,0,0,0,0,0,0,0,0,0,0,0,0,0,128.409,0,0,0
"MtrElec",3,3,7,"",217.656,0,0,0,0,0,0,0,0,0,0,0,0,0,0,0,0,0,0,0,0,222.175,0,0,-4.51892
"MtrElec",3,3,8,"",160.339,0,0,0,0,0,0,0,0,0,0,0,0,0,0,0,0,0,0,0,0,221.394,0,0,-61.0553
"MtrElec",3,3,9,"",25.5005,0,0,0,0,0,0,0,0,0,0,0,0,0,0,0,0,0,0,0,0,218.425,0,0,-192.925
"MtrElec",3,3,10,"",0,0,0,0,0,0,0,0,0,0,0,0,0,0,0,0,0,0,0,0,0,240.184,0,46.1931,-286.377
"MtrElec",3,3,11,"",-15.9046,0,0,0,0,0,0,0,0,0,0,0,0,0,0,0,0,0,0,0,0,230.89,0,157.698,-404.493
"MtrElec",3,3,12,"",-94.6592,0,0,0,0,0,0,0,0,0,0,0,0,0,0,0,0,0,0,0,0,189.871,0,157.698,-442.228
"MtrElec",3,3,13,"",-43.4939,0,0,0,0,0,0,0,0,0,0,0,0,0,0,0,0,0,0,0,0,222.967,0,157.698,-424.159
"MtrElec",3,3,14,"",-166.173,0,0,0,0,0,0,0,0,0,0,0,0,0,0,0,0,0,0,0,0,106.85,0,69.0981,-342.121
"MtrElec",3,3,15,"",-105.841,0,0,0,0,0,0,0,0,0,0,0,0,0,0,0,0,0,0,0,0,169.103,0,0,-274.944
"MtrElec",3,3,16,"",-42.8652,0,0,0,0,0,0,0,0,0,0,0,0,0,0,0,0,0,0,0,0,159.495,0,0,-202.361
"MtrElec",3,3,17,"",89.7778,0,0,0,0,0,0,0,0,0,0,0,0,0,0,0,0,0,0,0,0,169.802,0,0,-80.0239
"MtrElec",3,3,18,"",206.257,0,0,0,0,0,0,0,0,0,0,0,0,0,0,0,0,0,0,0,0,210.229,0,0,-3.97207
"MtrElec",3,3,19,"",144.785,0,0,0,0,0,0,0,0,0,0,0,0,0,0,0,0,0,0,0,0,302.483,0,-157.698,0
"MtrElec",3,3,20,"",92.1393,0,0,0,0,0,0,0,0,0,0,0,0,0,0,0,0,0,0,0,0,249.837,0,-157.698,0
"MtrElec",3,3,21,"",120.083,0,0,0,0,0,0,0,0,0,0,0,0,0,0,0,0,0,0,0,0,277.781,0,-157.698,0
"MtrElec",3,3,22,"",189.012,0,0,0,0,0,0,0,0,0,0,0,0,0,0,0,0,0,0,0,0,246.935,0,-57.9236,0
"MtrElec",3,3,23,"",237.329,0,0,0,0,0,0,0,0,0,0,0,0,0,0,0,0,0,0,0,0,237.329,0,0,0
"MtrElec",3,3,24,"",141.253,0,0,0,0,0,0,0,0,0,0,0,0,0,0,0,0,0,0,0,0,141.253,0,0,0
"MtrElec",3,4,1,"",143.107,0,0,0,0,0,0,0,0,0,0,0,0,0,0,0,0,0,0,0,0,143.107,0,0,0
"MtrElec",3,4,2,"",110.664,0,0,0,0,0,0,0,0,0,0,0,0,0,0,0,0,0,0,0,0,110.664,0,0,0
"MtrElec",3,4,3,"",138.48,0,0,0,0,0,0,0,0,0,0,0,0,0,0,0,0,0,0,0,0,138.48,0,0,0
"MtrElec",3,4,4,"",108.695,0,0,0,0,0,0,0,0,0,0,0,0,0,0,0,0,0,0,0,0,108.695,0,0,0
"MtrElec",3,4,5,"",108.247,0,0,0,0,0,0,0,0,0,0,0,0,0,0,0,0,0,0,0,0,108.247,0,0,0
"MtrElec",3,4,6,"",104.46,0,0,0,0,0,0,0,0,0,0,0,0,0,0,0,0,0,0,0,0,104.46,0,0,0
"MtrElec",3,4,7,"",206.719,0,0,0,0,0,0,0,0,0,0,0,0,0,0,0,0,0,0,0,0,222.124,0,0,-15.4056
"MtrElec",3,4,8,"",106.913,0,0,0,0,0,0,0,0,0,0,0,0,0,0,0,0,0,0,0,0,230.382,0,0,-123.469
"MtrElec",3,4,9,"",117.778,0,0,0,0,0,0,0,0,0,0,0,0,0,0,0,0,0,0,0,0,253.547,0,0,-135.768
"MtrElec",3,4,10,"",175.704,0,0,0,0,0,0,0,0,0,0,0,0,0,0,0,0,0,0,0,0,260.516,0,0,-84.8125
"MtrElec",3,4,11,"",78.1248,0,0,0,0,0,0,0,0,0,0,0,0,0,0,0,0,0,0,0,0,236.808,0,0,-158.683
"MtrElec",3,4,12,"",0.0000078,0,0,0,0,0,0,0,0,0,0,0,0,0,0,0,0,0,0,0,0,184.538,0,107.223,-291.761
"MtrElec",3,4,13,"",0,0,0,0,0,0,0,0,0,0,0,0,0,0,0,0,0,0,0,0,0,236.596,0,47.4761,-284.072
"MtrElec",3,4,14,"",-72.3529,0,0,0,0,0,0,0,0,0,0,0,0,0,0,0,0,0,0,0,0,109.471,0,157.698,-339.522
"MtrElec",3,4,15,"",-12.4854,0,0,0,0,0,0,0,0,0,0,0,0,0,0,0,0,0,0,0,0,181.485,0,157.698,-351.668
"MtrElec",3,4,16,"",0,0,0,0,0,0,0,0,0,0,0,0,0,0,0,0,0,0,0,0,0,139.634,0,116.332,-255.966
"MtrElec",3,4,17,"",80.2641,0,0,0,0,0,0,0,0,0,0,0,0,0,0,0,0,0,0,0,0,213.768,0,0,-133.504
"MtrElec",3,4,18,"",174.865,0,0,0,0,0,0,0,0,0,0,0,0,0,0,0,0,0,0,0,0,196.114,0,0,-21.2496
"MtrElec",3,4,19,"",86.5335,0,0,0,0,0,0,0,0,0,0,0,0,0,0,0,0,0,0,0,0,244.231,0,-157.698,0
"MtrElec",3,4,20,"",121.995,0,0,0,0,0,0,0,0,0,0,0,0,0,0,0,0,0,0,0,0,279.693,0,-157.698,0
"MtrElec",3,4,21,"",139.956,0,0,0,0,0,0,0,0,0,0,0,0,0,0,0,0,0,0,0,0,297.654,0,-157.698,0
"MtrElec",3,4,22,"",140.374,0,0,0,0,0,0,0,0,0,0,0,0,0,0,0,0,0,0,0,0,196.531,0,-56.1566,0
"MtrElec",3,4,23,"",223.759,0,0,0,0,0,0,0,0,0,0,0,0,0,0,0,0,0,0,0,0,223.759,0,0,0
"MtrElec",3,4,24,"",143.903,0,0,0,0,0,0,0,0,0,0,0,0,0,0,0,0,0,0,0,0,143.903,0,0,0
"MtrElec",3,5,1,"",164.492,0,0,0,0,0,0,0,0,0,0,0,0,0,0,0,0,0,0,0,0,164.492,0,0,0
"MtrElec",3,5,2,"",110.569,0,0,0,0,0,0,0,0,0,0,0,0,0,0,0,0,0,0,0,0,110.569,0,0,0
"MtrElec",3,5,3,"",93.4411,0,0,0,0,0,0,0,0,0,0,0,0,0,0,0,0,0,0,0,0,93.4411,0,0,0
"MtrElec",3,5,4,"",109.237,0,0,0,0,0,0,0,0,0,0,0,0,0,0,0,0,0,0,0,0,109.237,0,0,0
"MtrElec",3,5,5,"",107.311,0,0,0,0,0,0,0,0,0,0,0,0,0,0,0,0,0,0,0,0,107.311,0,0,0
"MtrElec",3,5,6,"",154.252,0,0,0,0,0,0,0,0,0,0,0,0,0,0,0,0,0,0,0,0,154.252,0,0,0
"MtrElec",3,5,7,"",127.527,0,0,0,0,0,0,0,0,0,0,0,0,0,0,0,0,0,0,0,0,151.022,0,0,-23.4944
"MtrElec",3,5,8,"",111.676,0,0,0,0,0,0,0,0,0,0,0,0,0,0,0,0,0,0,0,0,235.202,0,0,-123.526
"MtrElec",3,5,9,"",30.2862,0,0,0,0,0,0,0,0,0,0,0,0,0,0,0,0,0,0,0,0,278.856,0,0,-248.57
"MtrElec",3,5,10,"",0,0,0,0,0,0,0,0,0,0,0,0,0,0,0,0,0,0,0,0,0,259.779,0,82.082,-341.861
"MtrElec",3,5,11,"",-26.1269,0,0,0,0,0,0,0,0,0,0,0,0,0,0,0,0,0,0,0,0,210.432,0,157.698,-394.257
"MtrElec",3,5,12,"",-76.5901,0,0,0,0,0,0,0,0,0,0,0,0,0,0,0,0,0,0,0,0,187.03,0,157.698,-421.318
"MtrElec",3,5,13,"",-67.6364,0,0,0,0,0,0,0,0,0,0,0,0,0,0,0,0,0,0,0,0,204.691,0,157.698,-430.025
"MtrElec",3,5,14,"",-234.246,0,0,0,0,0,0,0,0,0,0,0,0,0,0,0,0,0,0,0,0,139.448,0,33.2093,-406.903
"MtrElec",3,5,15,"",-166.666,0,0,0,0,0,0,0,0,0,0,0,0,0,0,0,0,0,0,0,0,171.363,0,0,-338.029
"MtrElec",3,5,16,"",-94.4482,0,0,0,0,0,0,0,0,0,0,0,0,0,0,0,0,0,0,0,0,149.547,0,0,-243.995
"MtrElec",3,5,17,"",86.1557,0,0,0,0,0,0,0,0,0,0,0,0,0,0,0,0,0,0,0,0,208.655,0,0,-122.499
"MtrElec",3,5,18,"",234.759,0,0,0,0,0,0,0,0,0,0,0,0,0,0,0,0,0,0,0,0,242.841,0,0,-8.0815
"MtrElec",3,5,19,"",150.308,0,0,0,0,0,0,0,0,0,0,0,0,0,0,0,0,0,0,0,0,308.006,0,-157.698,0
"MtrElec",3,5,20,"",78.8159,0,0,0,0,0,0,0,0,0,0,0,0,0,0,0,0,0,0,0,0,236.514,0,-157.698,0
"MtrElec",3,5,21,"",70.6827,0,0,0,0,0,0,0,0,0,0,0,0,0,0,0,0,0,0,0,0,228.381,0,-157.698,0
"MtrElec",3,5,22,"",155.545,0,0,0,0,0,0,0,0,0,0,0,0,0,0,0,0,0,0,0,0,213.468,0,-57.9236,0
"MtrElec",3,5,23,"",256.05,0,0,0,0,0,0,0,0,0,0,0,0,0,0,0,0,0,0,0,0,256.05,0,0,0
"MtrElec",3,5,24,"",168.083,0,0,0,0,0,0,0,0,0,0,0,0,0,0,0,0,0,0,0,0,168.083,0,0,0
"MtrElec",3,6,1,"",121.104,0,0,0,0,0,0,0,0,0,0,0,0,0,0,0,0,0,0,0,0,121.104,0,0,0
"MtrElec",3,6,2,"",107.897,0,0,0,0,0,0,0,0,0,0,0,0,0,0,0,0,0,0,0,0,107.897,0,0,0
"MtrElec",3,6,3,"",142.563,0,0,0,0,0,0,0,0,0,0,0,0,0,0,0,0,0,0,0,0,142.563,0,0,0
"MtrElec",3,6,4,"",109.428,0,0,0,0,0,0,0,0,0,0,0,0,0,0,0,0,0,0,0,0,109.428,0,0,0
"MtrElec",3,6,5,"",107.848,0,0,0,0,0,0,0,0,0,0,0,0,0,0,0,0,0,0,0,0,107.848,0,0,0
"MtrElec",3,6,6,"",106.736,0,0,0,0,0,0,0,0,0,0,0,0,0,0,0,0,0,0,0,0,106.736,0,0,0
"MtrElec",3,6,7,"",200.457,0,0,0,0,0,0,0,0,0,0,0,0,0,0,0,0,0,0,0,0,215.166,0,0,-14.7084
"MtrElec",3,6,8,"",120.455,0,0,0,0,0,0,0,0,0,0,0,0,0,0,0,0,0,0,0,0,232.564,0,0,-112.109
"MtrElec",3,6,9,"",22.9208,0,0,0,0,0,0,0,0,0,0,0,0,0,0,0,0,0,0,0,0,257.26,0,0,-234.339
"MtrElec",3,6,10,"",0,0,0,0,0,0,0,0,0,0,0,0,0,0,0,0,0,0,0,0,0,215.337,0,112.385,-327.722
"MtrElec",3,6,11,"",0,0,0,0,0,0,0,0,0,0,0,0,0,0,0,0,0,0,0,0,0,224.06,0,151.658,-375.717
"MtrElec",3,6,12,"",-61.7586,0,0,0,0,0,0,0,0,0,0,0,0,0,0,0,0,0,0,0,0,218.437,0,157.698,-437.894
"MtrElec",3,6,13,"",-42.4483,0,0,0,0,0,0,0,0,0,0,0,0,0,0,0,0,0,0,0,0,241.731,0,157.698,-441.878
"MtrElec",3,6,14,"",-276.03,0,0,0,0,0,0,0,0,0,0,0,0,0,0,0,0,0,0,0,0,129.403,0,8.94665,-414.38
"MtrElec",3,6,15,"",-159.587,0,0,0,0,0,0,0,0,0,0,0,0,0,0,0,0,0,0,0,0,163.81,0,0,-323.397
"MtrElec",3,6,16,"",-62.5034,0,0,0,0,0,0,0,0,0,0,0,0,0,0,0,0,0,0,0,0,186.584,0,0,-249.088
"MtrElec",3,6,17,"",81.2758,0,0,0,0,0,0,0,0,0,0,0,0,0,0,0,0,0,0,0,0,208.056,0,0,-126.78
"MtrElec",3,6,18,"",212.589,0,0,0,0,0,0,0,0,0,0,0,0,0,0,0,0,0,0,0,0,233.249,0,0,-20.6594
"MtrElec",3,6,19,"",114.672,0,0,0,0,0,0,0,0,0,0,0,0,0,0,0,0,0,0,0,0,272.37,0,-157.698,0
"MtrElec",3,6,20,"",110.594,0,0,0,0,0,0,0,0,0,0,0,0,0,0,0,0,0,0,0,0,268.292,0,-157.698,0
"MtrElec",3,6,21,"",120.032,0,0,0,0,0,0,0,0,0,0,0,0,0,0,0,0,0,0,0,0,277.729,0,-157.698,0
"MtrElec",3,6,22,"",177.454,0,0,0,0,0,0,0,0,0,0,0,0,0,0,0,0,0,0,0,0,235.377,0,-57.9236,0
"MtrElec",3,6,23,"",226.872,0,0,0,0,0,0,0,0,0,0,0,0,0,0,0,0,0,0,0,0,226.872,0,0,0
"MtrElec",3,6,24,"",142.373,0,0,0,0,0,0,0,0,0,0,0,0,0,0,0,0,0,0,0,0,142.373,0,0,0
"MtrElec",3,7,1,"",151.558,0,0,0,0,0,0,0,0,0,0,0,0,0,0,0,0,0,0,0,0,151.558,0,0,0
"MtrElec",3,7,2,"",95.2622,0,0,0,0,0,0,0,0,0,0,0,0,0,0,0,0,0,0,0,0,95.2622,0,0,0
"MtrElec",3,7,3,"",104.951,0,0,0,0,0,0,0,0,0,0,0,0,0,0,0,0,0,0,0,0,104.951,0,0,0
"MtrElec",3,7,4,"",103.534,0,0,0,0,0,0,0,0,0,0,0,0,0,0,0,0,0,0,0,0,103.534,0,0,0
"MtrElec",3,7,5,"",94.4037,0,0,0,0,0,0,0,0,0,0,0,0,0,0,0,0,0,0,0,0,94.4037,0,0,0
"MtrElec",3,7,6,"",147.607,0,0,0,0,0,0,0,0,0,0,0,0,0,0,0,0,0,0,0,0,147.607,0,0,0
"MtrElec",3,7,7,"",76.8698,0,0,0,0,0,0,0,0,0,0,0,0,0,0,0,0,0,0,0,0,100.416,0,0,-23.5461
"MtrElec",3,7,8,"",68.0459,0,0,0,0,0,0,0,0,0,0,0,0,0,0,0,0,0,0,0,0,194.056,0,0,-126.01
"MtrElec",3,7,9,"",0,0,0,0,0,0,0,0,0,0,0,0,0,0,0,0,0,0,0,0,0,182.303,0,73.1411,-255.445
"MtrElec",3,7,10,"",0,0,0,0,0,0,0,0,0,0,0,0,0,0,0,0,0,0,0,0,0,262.669,0,96.9044,-359.574
"MtrElec",3,7,11,"",0,0,0,0,0,0,0,0,0,0,0,0,0,0,0,0,0,0,0,0,0,308.068,0,126.064,-434.132
"MtrElec",3,7,12,"",0.0000156,0,0,0,0,0,0,0,0,0,0,0,0,0,0,0,0,0,0,0,0,279.523,0,132.726,-412.249
"MtrElec",3,7,13,"",0,0,0,0,0,0,0,0,0,0,0,0,0,0,0,0,0,0,0,0,0,239.797,0,97.9563,-337.754
"MtrElec",3,7,14,"",0,0,0,0,0,0,0,0,0,0,0,0,0,0,0,0,0,0,0,0,0,277.687,0,36.5546,-314.241
"MtrElec",3,7,15,"",-36.6765,0,0,0,0,0,0,0,0,0,0,0,0,0,0,0,0,0,0,0,0,229.935,0,25.0387,-291.65
"MtrElec",3,7,16,"",-25.5605,0,0,0,0,0,0,0,0,0,0,0,0,0,0,0,0,0,0,0,0,223.439,0,0,-248.999
"MtrElec",3,7,17,"",111.204,0,0,0,0,0,0,0,0,0,0,0,0,0,0,0,0,0,0,0,0,205.008,0,0,-93.8037
"MtrElec",3,7,18,"",208.287,0,0,0,0,0,0,0,0,0,0,0,0,0,0,0,0,0,0,0,0,226.111,0,0,-17.8236
"MtrElec",3,7,19,"",150.875,0,0,0,0,0,0,0,0,0,0,0,0,0,0,0,0,0,0,0,0,308.572,0,-157.698,0
"MtrElec",3,7,20,"",172.819,0,0,0,0,0,0,0,0,0,0,0,0,0,0,0,0,0,0,0,0,330.517,0,-157.698,0
"MtrElec",3,7,21,"",121.569,0,0,0,0,0,0,0,0,0,0,0,0,0,0,0,0,0,0,0,0,279.267,0,-157.698,0
"MtrElec",3,7,22,"",181.352,0,0,0,0,0,0,0,0,0,0,0,0,0,0,0,0,0,0,0,0,239.276,0,-57.9236,0
"MtrElec",3,7,23,"",222.476,0,0,0,0,0,0,0,0,0,0,0,0,0,0,0,0,0,0,0,0,222.476,0,0,0
"MtrElec",3,7,24,"",151.254,0,0,0,0,0,0,0,0,0,0,0,0,0,0,0,0,0,0,0,0,151.254,0,0,0
"MtrElec",3,8,1,"",131.305,0,0,0,0,0,0,0,0,0,0,0,0,0,0,0,0,0,0,0,0,131.305,0,0,0
"MtrElec",3,8,2,"",102.909,0,0,0,0,0,0,0,0,0,0,0,0,0,0,0,0,0,0,0,0,102.909,0,0,0
"MtrElec",3,8,4,"",123.055,0,0,0,0,0,0,0,0,0,0,0,0,0,0,0,0,0,0,0,0,123.055,0,0,0
"MtrElec",3,8,5,"",98.8203,0,0,0,0,0,0,0,0,0,0,0,0,0,0,0,0,0,0,0,0,98.8203,0,0,0
"MtrElec",3,8,6,"",104.136,0,0,0,0,0,0,0,0,0,0,0,0,0,0,0,0,0,0,0,0,104.136,0,0,0
"MtrElec",3,8,7,"",102.385,0,0,0,0,0,0,0,0,0,0,0,0,0,0,0,0,0,0,0,0,102.385,0,0,0
"MtrElec",3,8,8,"",165.029,0,0,0,0,0,0,0,0,0,0,0,0,0,0,0,0,0,0,0,0,193.632,0,0,-28.6024
"MtrElec",3,8,9,"",101.995,0,0,0,0,0,0,0,0,0,0,0,0,0,0,0,0,0,0,0,0,237.57,0,0,-135.575
"MtrElec",3,8,10,"",0,0,0,0,0,0,0,0,0,0,0,0,0,0,0,0,0,0,0,0,0,261.224,0,4.93888,-266.163
"MtrElec",3,8,11,"",0,0,0,0,0,0,0,0,0,0,0,0,0,0,0,0,0,0,0,0,0,271.517,0,97.5617,-369.078
"MtrElec",3,8,12,"",-12.1912,0,0,0,0,0,0,0,0,0,0,0,0,0,0,0,0,0,0,0,0,269.639,0,157.698,-439.528
"MtrElec",3,8,13,"",-74.9212,0,0,0,0,0,0,0,0,0,0,0,0,0,0,0,0,0,0,0,0,231.958,0,157.698,-464.577
"MtrElec",3,8,14,"",-43.4595,0,0,0,0,0,0,0,0,0,0,0,0,0,0,0,0,0,0,0,0,248.175,0,157.698,-449.332
"MtrElec",3,8,15,"",-144.664,0,0,0,0,0,0,0,0,0,0,0,0,0,0,0,0,0,0,0,0,262.223,0,12.7907,-419.678
"MtrElec",3,8,16,"",-144.97,0,0,0,0,0,0,0,0,0,0,0,0,0,0,0,0,0,0,0,0,217.515,0,0,-362.485
"MtrElec",3,8,17,"",-24.9096,0,0,0,0,0,0,0,0,0,0,0,0,0,0,0,0,0,0,0,0,243.055,0,0,-267.965
"MtrElec",3,8,18,"",152.384,0,0,0,0,0,0,0,0,0,0,0,0,0,0,0,0,0,0,0,0,294.549,0,0,-142.164
"MtrElec",3,8,19,"",137.719,0,0,0,0,0,0,0,0,0,0,0,0,0,0,0,0,0,0,0,0,320.389,0,-157.698,-24.9716
"MtrElec",3,8,20,"",124.396,0,0,0,0,0,0,0,0,0,0,0,0,0,0,0,0,0,0,0,0,282.094,0,-157.698,0
"MtrElec",3,8,21,"",87.6701,0,0,0,0,0,0,0,0,0,0,0,0,0,0,0,0,0,0,0,0,245.368,0,-157.698,0
"MtrElec",3,8,22,"",189.333,0,0,0,0,0,0,0,0,0,0,0,0,0,0,0,0,0,0,0,0,247.256,0,-57.9236,0
"MtrElec",3,8,23,"",199.455,0,0,0,0,0,0,0,0,0,0,0,0,0,0,0,0,0,0,0,0,199.455,0,0,0
"MtrElec",3,8,24,"",156.786,0,0,0,0,0,0,0,0,0,0,0,0,0,0,0,0,0,0,0,0,156.786,0,0,0
"MtrElec",3,9,1,"",102.525,0,0,0,0,0,0,0,0,0,0,0,0,0,0,0,0,0,0,0,0,102.525,0,0,0
"MtrElec",3,9,2,"",97.3286,0,0,0,0,0,0,0,0,0,0,0,0,0,0,0,0,0,0,0,0,97.3286,0,0,0
"MtrElec",3,9,3,"",107.411,0,0,0,0,0,0,0,0,0,0,0,0,0,0,0,0,0,0,0,0,107.411,0,0,0
"MtrElec",3,9,4,"",148.212,0,0,0,0,0,0,0,0,0,0,0,0,0,0,0,0,0,0,0,0,148.212,0,0,0
"MtrElec",3,9,5,"",99.9948,0,0,0,0,0,0,0,0,0,0,0,0,0,0,0,0,0,0,0,0,99.9948,0,0,0
"MtrElec",3,9,6,"",105.559,0,0,0,0,0,0,0,0,0,0,0,0,0,0,0,0,0,0,0,0,105.559,0,0,0
"MtrElec",3,9,7,"",193.015,0,0,0,0,0,0,0,0,0,0,0,0,0,0,0,0,0,0,0,0,193.015,0,0,0
"MtrElec",3,9,8,"",180.159,0,0,0,0,0,0,0,0,0,0,0,0,0,0,0,0,0,0,0,0,208.952,0,0,-28.7937
"MtrElec",3,9,9,"",130.813,0,0,0,0,0,0,0,0,0,0,0,0,0,0,0,0,0,0,0,0,266.582,0,0,-135.769
"MtrElec",3,9,10,"",0,0,0,0,0,0,0,0,0,0,0,0,0,0,0,0,0,0,0,0,0,212.51,0,49.2175,-261.728
"MtrElec",3,9,11,"",0,0,0,0,0,0,0,0,0,0,0,0,0,0,0,0,0,0,0,0,0,220.514,0,135.584,-356.098
"MtrElec",3,9,12,"",-52.623,0,0,0,0,0,0,0,0,0,0,0,0,0,0,0,0,0,0,0,0,212.367,0,157.698,-422.688
"MtrElec",3,9,13,"",-76.5847,0,0,0,0,0,0,0,0,0,0,0,0,0,0,0,0,0,0,0,0,225.374,0,157.698,-459.657
"MtrElec",3,9,14,"",-203.994,0,0,0,0,0,0,0,0,0,0,0,0,0,0,0,0,0,0,0,0,159.608,0,88.1878,-451.789
"MtrElec",3,9,15,"",-206.542,0,0,0,0,0,0,0,0,0,0,0,0,0,0,0,0,0,0,0,0,196.029,0,0,-402.571
"MtrElec",3,9,16,"",-137.699,0,0,0,0,0,0,0,0,0,0,0,0,0,0,0,0,0,0,0,0,205.354,0,0,-343.053
"MtrElec",3,9,17,"",-49.9787,0,0,0,0,0,0,0,0,0,0,0,0,0,0,0,0,0,0,0,0,209.748,0,0,-259.726
"MtrElec",3,9,18,"",142.196,0,0,0,0,0,0,0,0,0,0,0,0,0,0,0,0,0,0,0,0,284.148,0,0,-141.952
"MtrElec",3,9,19,"",94.2214,0,0,0,0,0,0,0,0,0,0,0,0,0,0,0,0,0,0,0,0,277.104,0,-157.698,-25.1843
"MtrElec",3,9,20,"",137.515,0,0,0,0,0,0,0,0,0,0,0,0,0,0,0,0,0,0,0,0,295.213,0,-157.698,0
"MtrElec",3,9,21,"",103.068,0,0,0,0,0,0,0,0,0,0,0,0,0,0,0,0,0,0,0,0,260.766,0,-157.698,0
"MtrElec",3,9,22,"",127.869,0,0,0,0,0,0,0,0,0,0,0,0,0,0,0,0,0,0,0,0,185.792,0,-57.9236,0
"MtrElec",3,9,23,"",217.455,0,0,0,0,0,0,0,0,0,0,0,0,0,0,0,0,0,0,0,0,217.455,0,0,0
"MtrElec",3,9,24,"",190.641,0,0,0,0,0,0,0,0,0,0,0,0,0,0,0,0,0,0,0,0,190.641,0,0,0
"MtrElec",3,10,1,"",149.869,0,0,0,0,0,0,0,0,0,0,0,0,0,0,0,0,0,0,0,0,149.869,0,0,0
"MtrElec",3,10,2,"",105.149,0,0,0,0,0,0,0,0,0,0,0,0,0,0,0,0,0,0,0,0,105.149,0,0,0
"MtrElec",3,10,3,"",86.3445,0,0,0,0,0,0,0,0,0,0,0,0,0,0,0,0,0,0,0,0,86.3445,0,0,0
"MtrElec",3,10,4,"",100.435,0,0,0,0,0,0,0,0,0,0,0,0,0,0,0,0,0,0,0,0,100.435,0,0,0
"MtrElec",3,10,5,"",98.5521,0,0,0,0,0,0,0,0,0,0,0,0,0,0,0,0,0,0,0,0,98.5521,0,0,0
"MtrElec",3,10,6,"",106.549,0,0,0,0,0,0,0,0,0,0,0,0,0,0,0,0,0,0,0,0,106.549,0,0,0
"MtrElec",3,10,7,"",215.453,0,0,0,0,0,0,0,0,0,0,0,0,0,0,0,0,0,0,0,0,215.453,0,0,0
"MtrElec",3,10,8,"",213.635,0,0,0,0,0,0,0,0,0,0,0,0,0,0,0,0,0,0,0,0,243.192,0,0,-29.5566
"MtrElec",3,10,9,"",126.632,0,0,0,0,0,0,0,0,0,0,0,0,0,0,0,0,0,0,0,0,264.123,0,0,-137.491
"MtrElec",3,10,10,"",0.0000039,0,0,0,0,0,0,0,0,0,0,0,0,0,0,0,0,0,0,0,0,201.185,0,59.3549,-260.54
"MtrElec",3,10,11,"",0,0,0,0,0,0,0,0,0,0,0,0,0,0,0,0,0,0,0,0,0,216.183,0,130.828,-347.011
"MtrElec",3,10,12,"",-15.0069,0,0,0,0,0,0,0,0,0,0,0,0,0,0,0,0,0,0,0,0,241.007,0,157.698,-413.711
"MtrElec",3,10,13,"",-60.8549,0,0,0,0,0,0,0,0,0,0,0,0,0,0,0,0,0,0,0,0,234.343,0,157.698,-452.896
"MtrElec",3,10,14,"",-227.626,0,0,0,0,0,0,0,0,0,0,0,0,0,0,0,0,0,0,0,0,143.215,0,82.8058,-453.647
"MtrElec",3,10,15,"",-239.906,0,0,0,0,0,0,0,0,0,0,0,0,0,0,0,0,0,0,0,0,183.952,0,0,-423.858
"MtrElec",3,10,16,"",-172.9,0,0,0,0,0,0,0,0,0,0,0,0,0,0,0,0,0,0,0,0,188.068,0,0,-360.967
"MtrElec",3,10,17,"",-70.7118,0,0,0,0,0,0,0,0,0,0,0,0,0,0,0,0,0,0,0,0,194.232,0,0,-264.944
"MtrElec",3,10,18,"",112.138,0,0,0,0,0,0,0,0,0,0,0,0,0,0,0,0,0,0,0,0,251.566,0,0,-139.428
"MtrElec",3,10,19,"",113.047,0,0,0,0,0,0,0,0,0,0,0,0,0,0,0,0,0,0,0,0,294.491,0,-157.698,-23.7459
"MtrElec",3,10,20,"",143.656,0,0,0,0,0,0,0,0,0,0,0,0,0,0,0,0,0,0,0,0,301.354,0,-157.698,0
"MtrElec",3,10,21,"",145.005,0,0,0,0,0,0,0,0,0,0,0,0,0,0,0,0,0,0,0,0,302.703,0,-157.698,0
"MtrElec",3,10,22,"",164.809,0,0,0,0,0,0,0,0,0,0,0,0,0,0,0,0,0,0,0,0,222.732,0,-57.9236,0
"MtrElec",3,10,23,"",227.242,0,0,0,0,0,0,0,0,0,0,0,0,0,0,0,0,0,0,0,0,227.242,0,0,0
"MtrElec",3,10,24,"",132.172,0,0,0,0,0,0,0,0,0,0,0,0,0,0,0,0,0,0,0,0,132.172,0,0,0
"MtrElec",3,11,1,"",105.671,0,0,0,0,0,0,0,0,0,0,0,0,0,0,0,0,0,0,0,0,105.671,0,0,0
"MtrElec",3,11,2,"",104.354,0,0,0,0,0,0,0,0,0,0,0,0,0,0,0,0,0,0,0,0,104.354,0,0,0
"MtrElec",3,11,3,"",132.471,0,0,0,0,0,0,0,0,0,0,0,0,0,0,0,0,0,0,0,0,132.471,0,0,0
"MtrElec",3,11,4,"",93.6602,0,0,0,0,0,0,0,0,0,0,0,0,0,0,0,0,0,0,0,0,93.6602,0,0,0
"MtrElec",3,11,5,"",99.166,0,0,0,0,0,0,0,0,0,0,0,0,0,0,0,0,0,0,0,0,99.166,0,0,0
"MtrElec",3,11,6,"",109.667,0,0,0,0,0,0,0,0,0,0,0,0,0,0,0,0,0,0,0,0,109.667,0,0,0
"MtrElec",3,11,7,"",225.065,0,0,0,0,0,0,0,0,0,0,0,0,0,0,0,0,0,0,0,0,225.065,0,0,0
"MtrElec",3,11,8,"",224.03,0,0,0,0,0,0,0,0,0,0,0,0,0,0,0,0,0,0,0,0,234.41,0,0,-10.3805
"MtrElec",3,11,9,"",167.276,0,0,0,0,0,0,0,0,0,0,0,0,0,0,0,0,0,0,0,0,272.457,0,0,-105.181
"MtrElec",3,11,10,"",0.0000010,0,0,0,0,0,0,0,0,0,0,0,0,0,0,0,0,0,0,0,0,212.904,0,12.6443,-225.549
"MtrElec",3,11,11,"",0,0,0,0,0,0,0,0,0,0,0,0,0,0,0,0,0,0,0,0,0,197.818,0,68.1876,-266.006
"MtrElec",3,11,12,"",0,0,0,0,0,0,0,0,0,0,0,0,0,0,0,0,0,0,0,0,0,206.414,0,135.768,-342.183
"MtrElec",3,11,13,"",0.0000156,0,0,0,0,0,0,0,0,0,0,0,0,0,0,0,0,0,0,0,0,229.969,0,141.535,-371.504
"MtrElec",3,11,14,"",-40.4774,0,0,0,0,0,0,0,0,0,0,0,0,0,0,0,0,0,0,0,0,138.262,0,157.698,-336.438
"MtrElec",3,11,15,"",-56.194,0,0,0,0,0,0,0,0,0,0,0,0,0,0,0,0,0,0,0,0,170.623,0,72.5518,-299.368
"MtrElec",3,11,16,"",-122.415,0,0,0,0,0,0,0,0,0,0,0,0,0,0,0,0,0,0,0,0,125.771,0,0,-248.186
"MtrElec",3,11,17,"",6.39492,0,0,0,0,0,0,0,0,0,0,0,0,0,0,0,0,0,0,0,0,213.763,0,0,-207.368
"MtrElec",3,11,18,"",105.253,0,0,0,0,0,0,0,0,0,0,0,0,0,0,0,0,0,0,0,0,229.359,0,0,-124.106
"MtrElec",3,11,19,"",131.619,0,0,0,0,0,0,0,0,0,0,0,0,0,0,0,0,0,0,0,0,310.741,0,-157.698,-21.4235
"MtrElec",3,11,20,"",119.512,0,0,0,0,0,0,0,0,0,0,0,0,0,0,0,0,0,0,0,0,277.209,0,-157.698,0
"MtrElec",3,11,21,"",87.7213,0,0,0,0,0,0,0,0,0,0,0,0,0,0,0,0,0,0,0,0,245.419,0,-157.698,0
"MtrElec",3,11,22,"",160.503,0,0,0,0,0,0,0,0,0,0,0,0,0,0,0,0,0,0,0,0,218.427,0,-57.9236,0
"MtrElec",3,11,23,"",197.514,0,0,0,0,0,0,0,0,0,0,0,0,0,0,0,0,0,0,0,0,197.514,0,0,0
"MtrElec",3,11,24,"",170.332,0,0,0,0,0,0,0,0,0,0,0,0,0,0,0,0,0,0,0,0,170.332,0,0,0
"MtrElec",3,12,1,"",120.517,0,0,0,0,0,0,0,0,0,0,0,0,0,0,0,0,0,0,0,0,120.517,0,0,0
"MtrElec",3,12,2,"",103.889,0,0,0,0,0,0,0,0,0,0,0,0,0,0,0,0,0,0,0,0,103.889,0,0,0
"MtrElec",3,12,3,"",89.4192,0,0,0,0,0,0,0,0,0,0,0,0,0,0,0,0,0,0,0,0,89.4192,0,0,0
"MtrElec",3,12,4,"",97.0501,0,0,0,0,0,0,0,0,0,0,0,0,0,0,0,0,0,0,0,0,97.0501,0,0,0
"MtrElec",3,12,5,"",98.8886,0,0,0,0,0,0,0,0,0,0,0,0,0,0,0,0,0,0,0,0,98.8886,0,0,0
"MtrElec",3,12,6,"",142.285,0,0,0,0,0,0,0,0,0,0,0,0,0,0,0,0,0,0,0,0,142.285,0,0,0
"MtrElec",3,12,7,"",172.829,0,0,0,0,0,0,0,0,0,0,0,0,0,0,0,0,0,0,0,0,172.829,0,0,0
"MtrElec",3,12,8,"",173.032,0,0,0,0,0,0,0,0,0,0,0,0,0,0,0,0,0,0,0,0,205.006,0,0,-31.9743
"MtrElec",3,12,9,"",74.2264,0,0,0,0,0,0,0,0,0,0,0,0,0,0,0,0,0,0,0,0,211.79,0,0,-137.564
"MtrElec",3,12,10,"",0.0000020,0,0,0,0,0,0,0,0,0,0,0,0,0,0,0,0,0,0,0,0,235.724,0,29.8918,-265.616
"MtrElec",3,12,11,"",0,0,0,0,0,0,0,0,0,0,0,0,0,0,0,0,0,0,0,0,0,229.275,0,138.934,-368.208
"MtrElec",3,12,12,"",-98.8947,0,0,0,0,0,0,0,0,0,0,0,0,0,0,0,0,0,0,0,0,182.759,0,157.698,-439.351
"MtrElec",3,12,13,"",-162.827,0,0,0,0,0,0,0,0,0,0,0,0,0,0,0,0,0,0,0,0,153.941,0,157.698,-474.466
"MtrElec",3,12,14,"",-202.675,0,0,0,0,0,0,0,0,0,0,0,0,0,0,0,0,0,0,0,0,164.472,0,104.164,-471.311
"MtrElec",3,12,15,"",-286.196,0,0,0,0,0,0,0,0,0,0,0,0,0,0,0,0,0,0,0,0,149.077,0,0,-435.273
"MtrElec",3,12,16,"",-175.978,0,0,0,0,0,0,0,0,0,0,0,0,0,0,0,0,0,0,0,0,189.598,0,0,-365.576
"MtrElec",3,12,17,"",-34.2479,0,0,0,0,0,0,0,0,0,0,0,0,0,0,0,0,0,0,0,0,231.416,0,0,-265.664
"MtrElec",3,12,18,"",71.9605,0,0,0,0,0,0,0,0,0,0,0,0,0,0,0,0,0,0,0,0,213.174,0,0,-141.214
"MtrElec",3,12,19,"",112.269,0,0,0,0,0,0,0,0,0,0,0,0,0,0,0,0,0,0,0,0,294.439,0,-157.698,-24.4715
"MtrElec",3,12,20,"",140.713,0,0,0,0,0,0,0,0,0,0,0,0,0,0,0,0,0,0,0,0,298.411,0,-157.698,0
"MtrElec",3,12,21,"",125.484,0,0,0,0,0,0,0,0,0,0,0,0,0,0,0,0,0,0,0,0,283.182,0,-157.698,0
"MtrElec",3,12,22,"",152.089,0,0,0,0,0,0,0,0,0,0,0,0,0,0,0,0,0,0,0,0,210.012,0,-57.9236,0
"MtrElec",3,12,23,"",182.629,0,0,0,0,0,0,0,0,0,0,0,0,0,0,0,0,0,0,0,0,182.629,0,0,0
"MtrElec",3,12,24,"",158.107,0,0,0,0,0,0,0,0,0,0,0,0,0,0,0,0,0,0,0,0,158.107,0,0,0
"MtrElec",3,13,1,"",122.758,0,0,0,0,0,0,0,0,0,0,0,0,0,0,0,0,0,0,0,0,122.758,0,0,0
"MtrElec",3,13,2,"",102.881,0,0,0,0,0,0,0,0,0,0,0,0,0,0,0,0,0,0,0,0,102.881,0,0,0
"MtrElec",3,13,3,"",85.2421,0,0,0,0,0,0,0,0,0,0,0,0,0,0,0,0,0,0,0,0,85.2421,0,0,0
"MtrElec",3,13,4,"",100.174,0,0,0,0,0,0,0,0,0,0,0,0,0,0,0,0,0,0,0,0,100.174,0,0,0
"MtrElec",3,13,5,"",98.4501,0,0,0,0,0,0,0,0,0,0,0,0,0,0,0,0,0,0,0,0,98.4501,0,0,0
"MtrElec",3,13,6,"",111.737,0,0,0,0,0,0,0,0,0,0,0,0,0,0,0,0,0,0,0,0,111.737,0,0,0
"MtrElec",3,13,7,"",196.773,0,0,0,0,0,0,0,0,0,0,0,0,0,0,0,0,0,0,0,0,196.773,0,0,0
"MtrElec",3,13,8,"",194.4,0,0,0,0,0,0,0,0,0,0,0,0,0,0,0,0,0,0,0,0,194.4,0,0,0
"MtrElec",3,13,9,"",143.715,0,0,0,0,0,0,0,0,0,0,0,0,0,0,0,0,0,0,0,0,238.479,0,0,-94.7644
"MtrElec",3,13,10,"",6.40477,0,0,0,0,0,0,0,0,0,0,0,0,0,0,0,0,0,0,0,0,163.004,0,0,-156.599
"MtrElec",3,13,11,"",25.2655,0,0,0,0,0,0,0,0,0,0,0,0,0,0,0,0,0,0,0,0,240.208,0,0,-214.943
"MtrElec",3,13,12,"",-1.12233,0,0,0,0,0,0,0,0,0,0,0,0,0,0,0,0,0,0,0,0,205.786,0,157.698,-364.606
"MtrElec",3,13,13,"",-125.192,0,0,0,0,0,0,0,0,0,0,0,0,0,0,0,0,0,0,0,0,160.021,0,157.698,-442.911
"MtrElec",3,13,14,"",-148.968,0,0,0,0,0,0,0,0,0,0,0,0,0,0,0,0,0,0,0,0,156.8,0,157.698,-463.466
"MtrElec",3,13,15,"",-147.688,0,0,0,0,0,0,0,0,0,0,0,0,0,0,0,0,0,0,0,0,165.362,0,115.291,-428.341
"MtrElec",3,13,16,"",-229.51,0,0,0,0,0,0,0,0,0,0,0,0,0,0,0,0,0,0,0,0,136.302,0,0,-365.813
"MtrElec",3,13,17,"",-44.0477,0,0,0,0,0,0,0,0,0,0,0,0,0,0,0,0,0,0,0,0,224.48,0,0,-268.527
"MtrElec",3,13,18,"",86.0365,0,0,0,0,0,0,0,0,0,0,0,0,0,0,0,0,0,0,0,0,228.626,0,0,-142.589
"MtrElec",3,13,19,"",53.4345,0,0,0,0,0,0,0,0,0,0,0,0,0,0,0,0,0,0,0,0,236.473,0,-157.698,-25.3402
"MtrElec",3,13,20,"",118.543,0,0,0,0,0,0,0,0,0,0,0,0,0,0,0,0,0,0,0,0,276.241,0,-157.698,0
"MtrElec",3,13,21,"",109.758,0,0,0,0,0,0,0,0,0,0,0,0,0,0,0,0,0,0,0,0,267.456,0,-157.698,0
"MtrElec",3,13,22,"",178.136,0,0,0,0,0,0,0,0,0,0,0,0,0,0,0,0,0,0,0,0,236.059,0,-57.9236,0
"MtrElec",3,13,23,"",205.031,0,0,0,0,0,0,0,0,0,0,0,0,0,0,0,0,0,0,0,0,205.031,0,0,0
"MtrElec",3,13,24,"",188.062,0,0,0,0,0,0,0,0,0,0,0,0,0,0,0,0,0,0,0,0,188.062,0,0,0
"MtrElec",3,14,1,"",120.585,0,0,0,0,0,0,0,0,0,0,0,0,0,0,0,0,0,0,0,0,120.585,0,0,0
"MtrElec",3,14,2,"",102.193,0,0,0,0,0,0,0,0,0,0,0,0,0,0,0,0,0,0,0,0,102.193,0,0,0
"MtrElec",3,14,3,"",87.7729,0,0,0,0,0,0,0,0,0,0,0,0,0,0,0,0,0,0,0,0,87.7729,0,0,0
"MtrElec",3,14,4,"",103.285,0,0,0,0,0,0,0,0,0,0,0,0,0,0,0,0,0,0,0,0,103.285,0,0,0
"MtrElec",3,14,5,"",115.207,0,0,0,0,0,0,0,0,0,0,0,0,0,0,0,0,0,0,0,0,115.207,0,0,0
"MtrElec",3,14,6,"",136.459,0,0,0,0,0,0,0,0,0,0,0,0,0,0,0,0,0,0,0,0,136.459,0,0,0
"MtrElec",3,14,7,"",111.504,0,0,0,0,0,0,0,0,0,0,0,0,0,0,0,0,0,0,0,0,111.504,0,0,0
"MtrElec",3,14,8,"",185.833,0,0,0,0,0,0,0,0,0,0,0,0,0,0,0,0,0,0,0,0,220.438,0,0,-34.6055
"MtrElec",3,14,9,"",62.7965,0,0,0,0,0,0,0,0,0,0,0,0,0,0,0,0,0,0,0,0,204.957,0,0,-142.161
"MtrElec",3,14,10,"",0.0000001,0,0,0,0,0,0,0,0,0,0,0,0,0,0,0,0,0,0,0,0,268.237,0,1.46016,-269.697
"MtrElec",3,14,11,"",0.0000078,0,0,0,0,0,0,0,0,0,0,0,0,0,0,0,0,0,0,0,0,273.627,0,96.8162,-370.444
"MtrElec",3,14,12,"",-13.8096,0,0,0,0,0,0,0,0,0,0,0,0,0,0,0,0,0,0,0,0,263.861,0,157.698,-435.368
"MtrElec",3,14,13,"",0,0,0,0,0,0,0,0,0,0,0,0,0,0,0,0,0,0,0,0,0,308.716,0,157.3,-466.016
"MtrElec",3,14,14,"",-76.1799,0,0,0,0,0,0,0,0,0,0,0,0,0,0,0,0,0,0,0,0,229.074,0,157.698,-462.951
"MtrElec",3,14,15,"",-127.724,0,0,0,0,0,0,0,0,0,0,0,0,0,0,0,0,0,0,0,0,286.376,0,17.4132,-431.513
"MtrElec",3,14,16,"",-132.696,0,0,0,0,0,0,0,0,0,0,0,0,0,0,0,0,0,0,0,0,230.429,0,0,-363.125
"MtrElec",3,14,17,"",-23.905,0,0,0,0,0,0,0,0,0,0,0,0,0,0,0,0,0,0,0,0,241.351,0,0,-265.256
"MtrElec",3,14,18,"",126.075,0,0,0,0,0,0,0,0,0,0,0,0,0,0,0,0,0,0,0,0,267.912,0,0,-141.837
"MtrElec",3,14,19,"",193.551,0,0,0,0,0,0,0,0,0,0,0,0,0,0,0,0,0,0,0,0,376.922,0,-157.698,-25.6735
"MtrElec",3,14,20,"",160.278,0,0,0,0,0,0,0,0,0,0,0,0,0,0,0,0,0,0,0,0,317.976,0,-157.698,0
"MtrElec",3,14,21,"",64.4276,0,0,0,0,0,0,0,0,0,0,0,0,0,0,0,0,0,0,0,0,222.126,0,-157.698,0
"MtrElec",3,14,22,"",128.798,0,0,0,0,0,0,0,0,0,0,0,0,0,0,0,0,0,0,0,0,186.722,0,-57.9236,0
"MtrElec",3,14,23,"",191.418,0,0,0,0,0,0,0,0,0,0,0,0,0,0,0,0,0,0,0,0,191.418,0,0,0
"MtrElec",3,14,24,"",135.311,0,0,0,0,0,0,0,0,0,0,0,0,0,0,0,0,0,0,0,0,135.311,0,0,0
"MtrElec",3,15,1,"",101.398,0,0,0,0,0,0,0,0,0,0,0,0,0,0,0,0,0,0,0,0,101.398,0,0,0
"MtrElec",3,15,2,"",102.268,0,0,0,0,0,0,0,0,0,0,0,0,0,0,0,0,0,0,0,0,102.268,0,0,0
"MtrElec",3,15,3,"",100.194,0,0,0,0,0,0,0,0,0,0,0,0,0,0,0,0,0,0,0,0,100.194,0,0,0
"MtrElec",3,15,4,"",132.016,0,0,0,0,0,0,0,0,0,0,0,0,0,0,0,0,0,0,0,0,132.016,0,0,0
"MtrElec",3,15,5,"",111.841,0,0,0,0,0,0,0,0,0,0,0,0,0,0,0,0,0,0,0,0,111.841,0,0,0
"MtrElec",3,15,6,"",104.012,0,0,0,0,0,0,0,0,0,0,0,0,0,0,0,0,0,0,0,0,104.012,0,0,0
"MtrElec",3,15,7,"",99.9603,0,0,0,0,0,0,0,0,0,0,0,0,0,0,0,0,0,0,0,0,99.9603,0,0,0
"MtrElec",3,15,8,"",171.79,0,0,0,0,0,0,0,0,0,0,0,0,0,0,0,0,0,0,0,0,208.478,0,0,-36.6884
"MtrElec",3,15,9,"",71.7832,0,0,0,0,0,0,0,0,0,0,0,0,0,0,0,0,0,0,0,0,215.278,0,0,-143.495
"MtrElec",3,15,10,"",0,0,0,0,0,0,0,0,0,0,0,0,0,0,0,0,0,0,0,0,0,233.184,0,36.081,-269.265
"MtrElec",3,15,11,"",0,0,0,0,0,0,0,0,0,0,0,0,0,0,0,0,0,0,0,0,0,255.282,0,118.589,-373.871
"MtrElec",3,15,12,"",-32.8024,0,0,0,0,0,0,0,0,0,0,0,0,0,0,0,0,0,0,0,0,251.413,0,157.698,-441.914
"MtrElec",3,15,13,"",-60.1277,0,0,0,0,0,0,0,0,0,0,0,0,0,0,0,0,0,0,0,0,254.201,0,157.698,-472.027
"MtrElec",3,15,14,"",-140.13,0,0,0,0,0,0,0,0,0,0,0,0,0,0,0,0,0,0,0,0,206.151,0,118.319,-464.6
"MtrElec",3,15,15,"",-191.503,0,0,0,0,0,0,0,0,0,0,0,0,0,0,0,0,0,0,0,0,241.663,0,0,-433.167
"MtrElec",3,15,16,"",-157.684,0,0,0,0,0,0,0,0,0,0,0,0,0,0,0,0,0,0,0,0,210.995,0,0,-368.679
"MtrElec",3,15,17,"",-44.5611,0,0,0,0,0,0,0,0,0,0,0,0,0,0,0,0,0,0,0,0,222.406,0,0,-266.967
"MtrElec",3,15,18,"",141.722,0,0,0,0,0,0,0,0,0,0,0,0,0,0,0,0,0,0,0,0,282.338,0,0,-140.616
"MtrElec",3,15,19,"",146.597,0,0,0,0,0,0,0,0,0,0,0,0,0,0,0,0,0,0,0,0,329.496,0,-157.698,-25.2013
"MtrElec",3,15,20,"",189.736,0,0,0,0,0,0,0,0,0,0,0,0,0,0,0,0,0,0,0,0,347.434,0,-157.698,0
"MtrElec",3,15,21,"",95.1614,0,0,0,0,0,0,0,0,0,0,0,0,0,0,0,0,0,0,0,0,252.859,0,-157.698,0
"MtrElec",3,15,22,"",207.729,0,0,0,0,0,0,0,0,0,0,0,0,0,0,0,0,0,0,0,0,265.652,0,-57.9236,0
"MtrElec",3,15,23,"",209.102,0,0,0,0,0,0,0,0,0,0,0,0,0,0,0,0,0,0,0,0,209.102,0,0,0
"MtrElec",3,15,24,"",158.698,0,0,0,0,0,0,0,0,0,0,0,0,0,0,0,0,0,0,0,0,158.698,0,0,0
"MtrElec",3,16,1,"",131.455,0,0,0,0,0,0,0,0,0,0,0,0,0,0,0,0,0,0,0,0,131.455,0,0,0
"MtrElec",3,16,2,"",104.961,0,0,0,0,0,0,0,0,0,0,0,0,0,0,0,0,0,0,0,0,104.961,0,0,0
"MtrElec",3,16,3,"",88.112,0,0,0,0,0,0,0,0,0,0,0,0,0,0,0,0,0,0,0,0,88.112,0,0,0
"MtrElec",3,16,4,"",135.511,0,0,0,0,0,0,0,0,0,0,0,0,0,0,0,0,0,0,0,0,135.511,0,0,0
"MtrElec",3,16,5,"",98.6368,0,0,0,0,0,0,0,0,0,0,0,0,0,0,0,0,0,0,0,0,98.6368,0,0,0
"MtrElec",3,16,6,"",93.0037,0,0,0,0,0,0,0,0,0,0,0,0,0,0,0,0,0,0,0,0,93.0037,0,0,0
"MtrElec",3,16,7,"",182.386,0,0,0,0,0,0,0,0,0,0,0,0,0,0,0,0,0,0,0,0,182.386,0,0,0
"MtrElec",3,16,8,"",209.771,0,0,0,0,0,0,0,0,0,0,0,0,0,0,0,0,0,0,0,0,244.074,0,0,-34.3033
"MtrElec",3,16,9,"",112.634,0,0,0,0,0,0,0,0,0,0,0,0,0,0,0,0,0,0,0,0,252.22,0,0,-139.586
"MtrElec",3,16,10,"",0,0,0,0,0,0,0,0,0,0,0,0,0,0,0,0,0,0,0,0,0,245.964,0,17.7835,-263.747
"MtrElec",3,16,11,"",0,0,0,0,0,0,0,0,0,0,0,0,0,0,0,0,0,0,0,0,0,237.17,0,120.748,-357.918
"MtrElec",3,16,12,"",-33.017,0,0,0,0,0,0,0,0,0,0,0,0,0,0,0,0,0,0,0,0,226.043,0,157.698,-416.758
"MtrElec",3,16,13,"",-2.10595,0,0,0,0,0,0,0,0,0,0,0,0,0,0,0,0,0,0,0,0,272.594,0,157.698,-432.398
"MtrElec",3,16,14,"",-99.2338,0,0,0,0,0,0,0,0,0,0,0,0,0,0,0,0,0,0,0,0,209.245,0,134.458,-442.937
"MtrElec",3,16,15,"",-204.545,0,0,0,0,0,0,0,0,0,0,0,0,0,0,0,0,0,0,0,0,214.947,0,0,-419.491
"MtrElec",3,16,16,"",-174.809,0,0,0,0,0,0,0,0,0,0,0,0,0,0,0,0,0,0,0,0,185.262,0,0,-360.071
"MtrElec",3,16,17,"",-1.66134,0,0,0,0,0,0,0,0,0,0,0,0,0,0,0,0,0,0,0,0,266.873,0,0,-268.535
"MtrElec",3,16,18,"",139.641,0,0,0,0,0,0,0,0,0,0,0,0,0,0,0,0,0,0,0,0,284.195,0,0,-144.554
"MtrElec",3,16,19,"",135.477,0,0,0,0,0,0,0,0,0,0,0,0,0,0,0,0,0,0,0,0,320.708,0,-157.698,-27.5336
"MtrElec",3,16,20,"",165.034,0,0,0,0,0,0,0,0,0,0,0,0,0,0,0,0,0,0,0,0,322.732,0,-157.698,0
"MtrElec",3,16,21,"",132.024,0,0,0,0,0,0,0,0,0,0,0,0,0,0,0,0,0,0,0,0,289.722,0,-157.698,0
"MtrElec",3,16,22,"",192.917,0,0,0,0,0,0,0,0,0,0,0,0,0,0,0,0,0,0,0,0,250.841,0,-57.9236,0
"MtrElec",3,16,23,"",246.308,0,0,0,0,0,0,0,0,0,0,0,0,0,0,0,0,0,0,0,0,246.308,0,0,0
"MtrElec",3,16,24,"",157.301,0,0,0,0,0,0,0,0,0,0,0,0,0,0,0,0,0,0,0,0,157.301,0,0,0
"MtrElec",3,17,1,"",161.909,0,0,0,0,0,0,0,0,0,0,0,0,0,0,0,0,0,0,0,0,161.909,0,0,0
"MtrElec",3,17,2,"",104.079,0,0,0,0,0,0,0,0,0,0,0,0,0,0,0,0,0,0,0,0,104.079,0,0,0
"MtrElec",3,17,3,"",89.0647,0,0,0,0,0,0,0,0,0,0,0,0,0,0,0,0,0,0,0,0,89.0647,0,0,0
"MtrElec",3,17,4,"",103.804,0,0,0,0,0,0,0,0,0,0,0,0,0,0,0,0,0,0,0,0,103.804,0,0,0
"MtrElec",3,17,5,"",103.175,0,0,0,0,0,0,0,0,0,0,0,0,0,0,0,0,0,0,0,0,103.175,0,0,0
"MtrElec",3,17,6,"",100.993,0,0,0,0,0,0,0,0,0,0,0,0,0,0,0,0,0,0,0,0,100.993,0,0,0
"MtrElec",3,17,7,"",228.327,0,0,0,0,0,0,0,0,0,0,0,0,0,0,0,0,0,0,0,0,228.327,0,0,0
"MtrElec",3,17,8,"",209.252,0,0,0,0,0,0,0,0,0,0,0,0,0,0,0,0,0,0,0,0,247.449,0,0,-38.1977
"MtrElec",3,17,9,"",124.772,0,0,0,0,0,0,0,0,0,0,0,0,0,0,0,0,0,0,0,0,271.138,0,0,-146.366
"MtrElec",3,17,10,"",0,0,0,0,0,0,0,0,0,0,0,0,0,0,0,0,0,0,0,0,0,240.172,0,26.7693,-266.941
"MtrElec",3,17,11,"",0,0,0,0,0,0,0,0,0,0,0,0,0,0,0,0,0,0,0,0,0,251.828,0,111.511,-363.339
"MtrElec",3,17,12,"",-46.2676,0,0,0,0,0,0,0,0,0,0,0,0,0,0,0,0,0,0,0,0,227.178,0,157.698,-431.143
"MtrElec",3,17,13,"",-33.9674,0,0,0,0,0,0,0,0,0,0,0,0,0,0,0,0,0,0,0,0,275.984,0,157.698,-467.649
"MtrElec",3,17,14,"",-181.057,0,0,0,0,0,0,0,0,0,0,0,0,0,0,0,0,0,0,0,0,155.496,0,134.709,-471.262
"MtrElec",3,17,15,"",-274.885,0,0,0,0,0,0,0,0,0,0,0,0,0,0,0,0,0,0,0,0,165.357,0,0,-440.242
"MtrElec",3,17,16,"",-207.146,0,0,0,0,0,0,0,0,0,0,0,0,0,0,0,0,0,0,0,0,169.155,0,0,-376.301
"MtrElec",3,17,17,"",-75.795,0,0,0,0,0,0,0,0,0,0,0,0,0,0,0,0,0,0,0,0,202.224,0,0,-278.019
"MtrElec",3,17,18,"",86.4371,0,0,0,0,0,0,0,0,0,0,0,0,0,0,0,0,0,0,0,0,236.974,0,0,-150.537
"MtrElec",3,17,19,"",104.062,0,0,0,0,0,0,0,0,0,0,0,0,0,0,0,0,0,0,0,0,291.062,0,-157.698,-29.3021
"MtrElec",3,17,20,"",126.673,0,0,0,0,0,0,0,0,0,0,0,0,0,0,0,0,0,0,0,0,284.371,0,-157.698,0
"MtrElec",3,17,21,"",158.701,0,0,0,0,0,0,0,0,0,0,0,0,0,0,0,0,0,0,0,0,316.399,0,-157.698,0
"MtrElec",3,17,22,"",148.349,0,0,0,0,0,0,0,0,0,0,0,0,0,0,0,0,0,0,0,0,206.273,0,-57.9236,0
"MtrElec",3,17,23,"",136.852,0,0,0,0,0,0,0,0,0,0,0,0,0,0,0,0,0,0,0,0,136.852,0,0,0
"MtrElec",3,17,24,"",176.278,0,0,0,0,0,0,0,0,0,0,0,0,0,0,0,0,0,0,0,0,176.278,0,0,0
"MtrElec",3,18,1,"",101.988,0,0,0,0,0,0,0,0,0,0,0,0,0,0,0,0,0,0,0,0,101.988,0,0,0
"MtrElec",3,18,2,"",102.99,0,0,0,0,0,0,0,0,0,0,0,0,0,0,0,0,0,0,0,0,102.99,0,0,0
"MtrElec",3,18,3,"",87.0451,0,0,0,0,0,0,0,0,0,0,0,0,0,0,0,0,0,0,0,0,87.0451,0,0,0
"MtrElec",3,18,4,"",98.0751,0,0,0,0,0,0,0,0,0,0,0,0,0,0,0,0,0,0,0,0,98.0751,0,0,0
"MtrElec",3,18,5,"",98.3399,0,0,0,0,0,0,0,0,0,0,0,0,0,0,0,0,0,0,0,0,98.3399,0,0,0
"MtrElec",3,18,6,"",135.4,0,0,0,0,0,0,0,0,0,0,0,0,0,0,0,0,0,0,0,0,135.4,0,0,0
"MtrElec",3,18,7,"",180.677,0,0,0,0,0,0,0,0,0,0,0,0,0,0,0,0,0,0,0,0,180.677,0,0,0
"MtrElec",3,18,8,"",220.873,0,0,0,0,0,0,0,0,0,0,0,0,0,0,0,0,0,0,0,0,241.965,0,0,-21.0923
"MtrElec",3,18,9,"",146.937,0,0,0,0,0,0,0,0,0,0,0,0,0,0,0,0,0,0,0,0,258.495,0,0,-111.557
"MtrElec",3,18,10,"",3.65367,0,0,0,0,0,0,0,0,0,0,0,0,0,0,0,0,0,0,0,0,244.528,0,0,-240.874
"MtrElec",3,18,11,"",0,0,0,0,0,0,0,0,0,0,0,0,0,0,0,0,0,0,0,0,0,230.075,0,126.259,-356.335
"MtrElec",3,18,12,"",-89.8653,0,0,0,0,0,0,0,0,0,0,0,0,0,0,0,0,0,0,0,0,196.144,0,157.698,-443.707
"MtrElec",3,18,13,"",-93.1846,0,0,0,0,0,0,0,0,0,0,0,0,0,0,0,0,0,0,0,0,222.183,0,157.698,-473.066
"MtrElec",3,18,14,"",-163.575,0,0,0,0,0,0,0,0,0,0,0,0,0,0,0,0,0,0,0,0,158.038,0,146.73,-468.343
"MtrElec",3,18,15,"",-265.172,0,0,0,0,0,0,0,0,0,0,0,0,0,0,0,0,0,0,0,0,166.865,0,0,-432.036
"MtrElec",3,18,16,"",-209.569,0,0,0,0,0,0,0,0,0,0,0,0,0,0,0,0,0,0,0,0,157.177,0,0,-366.746
"MtrElec",3,18,17,"",-66.834,0,0,0,0,0,0,0,0,0,0,0,0,0,0,0,0,0,0,0,0,203.193,0,0,-270.027
"MtrElec",3,18,18,"",86.6091,0,0,0,0,0,0,0,0,0,0,0,0,0,0,0,0,0,0,0,0,231.281,0,0,-144.672
"MtrElec",3,18,19,"",114.631,0,0,0,0,0,0,0,0,0,0,0,0,0,0,0,0,0,0,0,0,300.383,0,-157.698,-28.0538
"MtrElec",3,18,20,"",119.472,0,0,0,0,0,0,0,0,0,0,0,0,0,0,0,0,0,0,0,0,277.17,0,-157.698,0
"MtrElec",3,18,21,"",107.5,0,0,0,0,0,0,0,0,0,0,0,0,0,0,0,0,0,0,0,0,265.198,0,-157.698,0
"MtrElec",3,18,22,"",204.032,0,0,0,0,0,0,0,0,0,0,0,0,0,0,0,0,0,0,0,0,261.956,0,-57.9236,0
"MtrElec",3,18,23,"",277.827,0,0,0,0,0,0,0,0,0,0,0,0,0,0,0,0,0,0,0,0,277.827,0,0,0
"MtrElec",3,18,24,"",165.562,0,0,0,0,0,0,0,0,0,0,0,0,0,0,0,0,0,0,0,0,165.562,0,0,0
"MtrElec",3,19,1,"",153.396,0,0,0,0,0,0,0,0,0,0,0,0,0,0,0,0,0,0,0,0,153.396,0,0,0
"MtrElec",3,19,2,"",106.335,0,0,0,0,0,0,0,0,0,0,0,0,0,0,0,0,0,0,0,0,106.335,0,0,0
"MtrElec",3,19,3,"",86.9011,0,0,0,0,0,0,0,0,0,0,0,0,0,0,0,0,0,0,0,0,86.9011,0,0,0
"MtrElec",3,19,4,"",99.9678,0,0,0,0,0,0,0,0,0,0,0,0,0,0,0,0,0,0,0,0,99.9678,0,0,0
"MtrElec",3,19,5,"",97.2371,0,0,0,0,0,0,0,0,0,0,0,0,0,0,0,0,0,0,0,0,97.2371,0,0,0
"MtrElec",3,19,6,"",160.957,0,0,0,0,0,0,0,0,0,0,0,0,0,0,0,0,0,0,0,0,160.957,0,0,0
"MtrElec",3,19,7,"",150.561,0,0,0,0,0,0,0,0,0,0,0,0,0,0,0,0,0,0,0,0,150.561,0,0,0
"MtrElec",3,19,8,"",190.849,0,0,0,0,0,0,0,0,0,0,0,0,0,0,0,0,0,0,0,0,232.416,0,0,-41.5674
"MtrElec",3,19,9,"",120.016,0,0,0,0,0,0,0,0,0,0,0,0,0,0,0,0,0,0,0,0,276.616,0,0,-156.6
"MtrElec",3,19,10,"",0.0000078,0,0,0,0,0,0,0,0,0,0,0,0,0,0,0,0,0,0,0,0,206.418,0,76.4594,-282.877
"MtrElec",3,19,11,"",-5.9255,0,0,0,0,0,0,0,0,0,0,0,0,0,0,0,0,0,0,0,0,213.002,0,157.698,-376.626
"MtrElec",3,19,12,"",-89.745,0,0,0,0,0,0,0,0,0,0,0,0,0,0,0,0,0,0,0,0,188.866,0,157.698,-436.309
"MtrElec",3,19,13,"",-108.361,0,0,0,0,0,0,0,0,0,0,0,0,0,0,0,0,0,0,0,0,203.322,0,157.698,-469.381
"MtrElec",3,19,14,"",-301.313,0,0,0,0,0,0,0,0,0,0,0,0,0,0,0,0,0,0,0,0,126.42,0,38.8318,-466.565
"MtrElec",3,19,15,"",-260.954,0,0,0,0,0,0,0,0,0,0,0,0,0,0,0,0,0,0,0,0,167.847,0,0,-428.801
"MtrElec",3,19,16,"",-187.547,0,0,0,0,0,0,0,0,0,0,0,0,0,0,0,0,0,0,0,0,177.789,0,0,-365.336
"MtrElec",3,19,17,"",-51.5848,0,0,0,0,0,0,0,0,0,0,0,0,0,0,0,0,0,0,0,0,223.143,0,0,-274.728
"MtrElec",3,19,18,"",110.542,0,0,0,0,0,0,0,0,0,0,0,0,0,0,0,0,0,0,0,0,260.451,0,0,-149.909
"MtrElec",3,19,19,"",112.21,0,0,0,0,0,0,0,0,0,0,0,0,0,0,0,0,0,0,0,0,299.479,0,-157.698,-29.5711
"MtrElec",3,19,20,"",134.801,0,0,0,0,0,0,0,0,0,0,0,0,0,0,0,0,0,0,0,0,292.499,0,-157.698,0
"MtrElec",3,19,21,"",125.442,0,0,0,0,0,0,0,0,0,0,0,0,0,0,0,0,0,0,0,0,283.14,0,-157.698,0
"MtrElec",3,19,22,"",159.95,0,0,0,0,0,0,0,0,0,0,0,0,0,0,0,0,0,0,0,0,217.874,0,-57.9236,0
"MtrElec",3,19,23,"",222.572,0,0,0,0,0,0,0,0,0,0,0,0,0,0,0,0,0,0,0,0,222.572,0,0,0
"MtrElec",3,19,24,"",151.41,0,0,0,0,0,0,0,0,0,0,0,0,0,0,0,0,0,0,0,0,151.41,0,0,0
"MtrElec",3,20,1,"",122.804,0,0,0,0,0,0,0,0,0,0,0,0,0,0,0,0,0,0,0,0,122.804,0,0,0
"MtrElec",3,20,2,"",105.872,0,0,0,0,0,0,0,0,0,0,0,0,0,0,0,0,0,0,0,0,105.872,0,0,0
"MtrElec",3,20,3,"",135.233,0,0,0,0,0,0,0,0,0,0,0,0,0,0,0,0,0,0,0,0,135.233,0,0,0
"MtrElec",3,20,4,"",91.0042,0,0,0,0,0,0,0,0,0,0,0,0,0,0,0,0,0,0,0,0,91.0042,0,0,0
"MtrElec",3,20,5,"",96.7925,0,0,0,0,0,0,0,0,0,0,0,0,0,0,0,0,0,0,0,0,96.7925,0,0,0
"MtrElec",3,20,6,"",97.898,0,0,0,0,0,0,0,0,0,0,0,0,0,0,0,0,0,0,0,0,97.898,0,0,0
"MtrElec",3,20,7,"",234.319,0,0,0,0,0,0,0,0,0,0,0,0,0,0,0,0,0,0,0,0,234.319,0,0,0
"MtrElec",3,20,8,"",229.025,0,0,0,0,0,0,0,0,0,0,0,0,0,0,0,0,0,0,0,0,257.259,0,0,-28.234
"MtrElec",3,20,9,"",160.127,0,0,0,0,0,0,0,0,0,0,0,0,0,0,0,0,0,0,0,0,272.59,0,0,-112.463
"MtrElec",3,20,10,"",29.0905,0,0,0,0,0,0,0,0,0,0,0,0,0,0,0,0,0,0,0,0,245.025,0,0,-215.935
"MtrElec",3,20,11,"",0,0,0,0,0,0,0,0,0,0,0,0,0,0,0,0,0,0,0,0,0,222.189,0,81.5677,-303.757
"MtrElec",3,20,12,"",-22.9376,0,0,0,0,0,0,0,0,0,0,0,0,0,0,0,0,0,0,0,0,190.569,0,157.698,-371.205
"MtrElec",3,20,13,"",-24.8818,0,0,0,0,0,0,0,0,0,0,0,0,0,0,0,0,0,0,0,0,227.048,0,157.698,-409.628
"MtrElec",3,20,14,"",-90.7868,0,0,0,0,0,0,0,0,0,0,0,0,0,0,0,0,0,0,0,0,161.673,0,157.698,-410.158
"MtrElec",3,20,15,"",-171.332,0,0,0,0,0,0,0,0,0,0,0,0,0,0,0,0,0,0,0,0,177.305,0,33.7235,-382.361
"MtrElec",3,20,16,"",-128.285,0,0,0,0,0,0,0,0,0,0,0,0,0,0,0,0,0,0,0,0,191.916,0,0,-320.201
"MtrElec",3,20,17,"",33.0185,0,0,0,0,0,0,0,0,0,0,0,0,0,0,0,0,0,0,0,0,224.117,0,0,-191.099
"MtrElec",3,20,18,"",145.746,0,0,0,0,0,0,0,0,0,0,0,0,0,0,0,0,0,0,0,0,232.863,0,0,-87.1172
"MtrElec",3,20,19,"",78.1773,0,0,0,0,0,0,0,0,0,0,0,0,0,0,0,0,0,0,0,0,264.247,0,-157.698,-28.3715
"MtrElec",3,20,20,"",117.141,0,0,0,0,0,0,0,0,0,0,0,0,0,0,0,0,0,0,0,0,274.839,0,-157.698,0
"MtrElec",3,20,21,"",165.829,0,0,0,0,0,0,0,0,0,0,0,0,0,0,0,0,0,0,0,0,323.527,0,-157.698,0
"MtrElec",3,20,22,"",161.575,0,0,0,0,0,0,0,0,0,0,0,0,0,0,0,0,0,0,0,0,219.499,0,-57.9236,0
"MtrElec",3,20,23,"",193.668,0,0,0,0,0,0,0,0,0,0,0,0,0,0,0,0,0,0,0,0,193.668,0,0,0
"MtrElec",3,20,24,"",156.3,0,0,0,0,0,0,0,0,0,0,0,0,0,0,0,0,0,0,0,0,156.3,0,0,0
"MtrElec",3,21,1,"",108.207,0,0,0,0,0,0,0,0,0,0,0,0,0,0,0,0,0,0,0,0,108.207,0,0,0
"MtrElec",3,21,2,"",102.612,0,0,0,0,0,0,0,0,0,0,0,0,0,0,0,0,0,0,0,0,102.612,0,0,0
"MtrElec",3,21,3,"",86.6161,0,0,0,0,0,0,0,0,0,0,0,0,0,0,0,0,0,0,0,0,86.6161,0,0,0
"MtrElec",3,21,4,"",103.885,0,0,0,0,0,0,0,0,0,0,0,0,0,0,0,0,0,0,0,0,103.885,0,0,0
"MtrElec",3,21,5,"",136.689,0,0,0,0,0,0,0,0,0,0,0,0,0,0,0,0,0,0,0,0,136.689,0,0,0
"MtrElec",3,21,6,"",116.556,0,0,0,0,0,0,0,0,0,0,0,0,0,0,0,0,0,0,0,0,116.556,0,0,0
"MtrElec",3,21,7,"",113.631,0,0,0,0,0,0,0,0,0,0,0,0,0,0,0,0,0,0,0,0,113.631,0,0,0
"MtrElec",3,21,8,"",168.893,0,0,0,0,0,0,0,0,0,0,0,0,0,0,0,0,0,0,0,0,189.59,0,0,-20.697
"MtrElec",3,21,9,"",217.427,0,0,0,0,0,0,0,0,0,0,0,0,0,0,0,0,0,0,0,0,231.759,0,0,-14.3319
"MtrElec",3,21,10,"",203.689,0,0,0,0,0,0,0,0,0,0,0,0,0,0,0,0,0,0,0,0,249.006,0,0,-45.3175
"MtrElec",3,21,11,"",151.545,0,0,0,0,0,0,0,0,0,0,0,0,0,0,0,0,0,0,0,0,304.766,0,0,-153.221
"MtrElec",3,21,12,"",-40.0093,0,0,0,0,0,0,0,0,0,0,0,0,0,0,0,0,0,0,0,0,186.888,0,157.698,-384.595
"MtrElec",3,21,13,"",-53.752,0,0,0,0,0,0,0,0,0,0,0,0,0,0,0,0,0,0,0,0,232.483,0,157.698,-443.933
"MtrElec",3,21,14,"",-83.1011,0,0,0,0,0,0,0,0,0,0,0,0,0,0,0,0,0,0,0,0,208.764,0,157.698,-449.563
"MtrElec",3,21,15,"",-165.817,0,0,0,0,0,0,0,0,0,0,0,0,0,0,0,0,0,0,0,0,142.807,0,115.291,-423.915
"MtrElec",3,21,16,"",-172.091,0,0,0,0,0,0,0,0,0,0,0,0,0,0,0,0,0,0,0,0,188.423,0,0,-360.514
"MtrElec",3,21,17,"",-69.3963,0,0,0,0,0,0,0,0,0,0,0,0,0,0,0,0,0,0,0,0,194.911,0,0,-264.308
"MtrElec",3,21,18,"",65.002,0,0,0,0,0,0,0,0,0,0,0,0,0,0,0,0,0,0,0,0,207.016,0,0,-142.014
"MtrElec",3,21,19,"",124.159,0,0,0,0,0,0,0,0,0,0,0,0,0,0,0,0,0,0,0,0,309.837,0,-157.698,-27.9799
"MtrElec",3,21,20,"",98.0938,0,0,0,0,0,0,0,0,0,0,0,0,0,0,0,0,0,0,0,0,255.792,0,-157.698,0
"MtrElec",3,21,21,"",27.6287,0,0,0,0,0,0,0,0,0,0,0,0,0,0,0,0,0,0,0,0,185.327,0,-157.698,0
"MtrElec",3,21,22,"",189.033,0,0,0,0,0,0,0,0,0,0,0,0,0,0,0,0,0,0,0,0,246.956,0,-57.9236,0
"MtrElec",3,21,23,"",134.681,0,0,0,0,0,0,0,0,0,0,0,0,0,0,0,0,0,0,0,0,134.681,0,0,0
"MtrElec",3,21,24,"",198.159,0,0,0,0,0,0,0,0,0,0,0,0,0,0,0,0,0,0,0,0,198.159,0,0,0
"MtrElec",3,22,1,"",114.814,0,0,0,0,0,0,0,0,0,0,0,0,0,0,0,0,0,0,0,0,114.814,0,0,0
"MtrElec",3,22,2,"",88.2519,0,0,0,0,0,0,0,0,0,0,0,0,0,0,0,0,0,0,0,0,88.2519,0,0,0
"MtrElec",3,22,3,"",98.3839,0,0,0,0,0,0,0,0,0,0,0,0,0,0,0,0,0,0,0,0,98.3839,0,0,0
"MtrElec",3,22,4,"",98.054,0,0,0,0,0,0,0,0,0,0,0,0,0,0,0,0,0,0,0,0,98.054,0,0,0
"MtrElec",3,22,5,"",142.936,0,0,0,0,0,0,0,0,0,0,0,0,0,0,0,0,0,0,0,0,142.936,0,0,0
"MtrElec",3,22,6,"",102.531,0,0,0,0,0,0,0,0,0,0,0,0,0,0,0,0,0,0,0,0,102.531,0,0,0
"MtrElec",3,22,7,"",99.1926,0,0,0,0,0,0,0,0,0,0,0,0,0,0,0,0,0,0,0,0,99.1926,0,0,0
"MtrElec",3,22,8,"",172.251,0,0,0,0,0,0,0,0,0,0,0,0,0,0,0,0,0,0,0,0,219.147,0,0,-46.8958
"MtrElec",3,22,9,"",50.6945,0,0,0,0,0,0,0,0,0,0,0,0,0,0,0,0,0,0,0,0,198.562,0,0,-147.868
"MtrElec",3,22,10,"",86.7933,0,0,0,0,0,0,0,0,0,0,0,0,0,0,0,0,0,0,0,0,289.404,0,0,-202.611
"MtrElec",3,22,11,"",1.92042,0,0,0,0,0,0,0,0,0,0,0,0,0,0,0,0,0,0,0,0,244.064,0,0,-242.143
"MtrElec",3,22,12,"",150.342,0,0,0,0,0,0,0,0,0,0,0,0,0,0,0,0,0,0,0,0,336.419,0,0,-186.077
"MtrElec",3,22,13,"",0,0,0,0,0,0,0,0,0,0,0,0,0,0,0,0,0,0,0,0,0,222.685,0,49.7834,-272.469
"MtrElec",3,22,14,"",-34.2159,0,0,0,0,0,0,0,0,0,0,0,0,0,0,0,0,0,0,0,0,230.129,0,157.698,-422.043
"MtrElec",3,22,15,"",-32.1925,0,0,0,0,0,0,0,0,0,0,0,0,0,0,0,0,0,0,0,0,231.883,0,157.698,-421.773
"MtrElec",3,22,16,"",-15.848,0,0,0,0,0,0,0,0,0,0,0,0,0,0,0,0,0,0,0,0,187.678,0,157.698,-361.224
"MtrElec",3,22,17,"",0.0000039,0,0,0,0,0,0,0,0,0,0,0,0,0,0,0,0,0,0,0,0,201.564,0,62.9963,-264.56
"MtrElec",3,22,18,"",71.67,0,0,0,0,0,0,0,0,0,0,0,0,0,0,0,0,0,0,0,0,213.43,0,0,-141.76
"MtrElec",3,22,19,"",119.738,0,0,0,0,0,0,0,0,0,0,0,0,0,0,0,0,0,0,0,0,306.068,0,-157.698,-28.6321
"MtrElec",3,22,20,"",76.426,0,0,0,0,0,0,0,0,0,0,0,0,0,0,0,0,0,0,0,0,234.124,0,-157.698,0
"MtrElec",3,22,21,"",94.3432,0,0,0,0,0,0,0,0,0,0,0,0,0,0,0,0,0,0,0,0,252.041,0,-157.698,0
"MtrElec",3,22,22,"",206.16,0,0,0,0,0,0,0,0,0,0,0,0,0,0,0,0,0,0,0,0,261.817,0,-55.657,0
"MtrElec",3,22,23,"",186.306,0,0,0,0,0,0,0,0,0,0,0,0,0,0,0,0,0,0,0,0,186.306,0,0,0
"MtrElec",3,22,24,"",165.511,0,0,0,0,0,0,0,0,0,0,0,0,0,0,0,0,0,0,0,0,165.511,0,0,0
"MtrElec",3,23,1,"",104.251,0,0,0,0,0,0,0,0,0,0,0,0,0,0,0,0,0,0,0,0,104.251,0,0,0
"MtrElec",3,23,2,"",102.261,0,0,0,0,0,0,0,0,0,0,0,0,0,0,0,0,0,0,0,0,102.261,0,0,0
"MtrElec",3,23,3,"",104.814,0,0,0,0,0,0,0,0,0,0,0,0,0,0,0,0,0,0,0,0,104.814,0,0,0
"MtrElec",3,23,4,"",143.25,0,0,0,0,0,0,0,0,0,0,0,0,0,0,0,0,0,0,0,0,143.25,0,0,0
"MtrElec",3,23,5,"",110.735,0,0,0,0,0,0,0,0,0,0,0,0,0,0,0,0,0,0,0,0,110.735,0,0,0
"MtrElec",3,23,6,"",98.27,0,0,0,0,0,0,0,0,0,0,0,0,0,0,0,0,0,0,0,0,98.27,0,0,0
"MtrElec",3,23,7,"",230.578,0,0,0,0,0,0,0,0,0,0,0,0,0,0,0,0,0,0,0,0,230.578,0,0,0
"MtrElec",3,23,8,"",225.631,0,0,0,0,0,0,0,0,0,0,0,0,0,0,0,0,0,0,0,0,245.223,0,0,-19.5923
"MtrElec",3,23,9,"",148.024,0,0,0,0,0,0,0,0,0,0,0,0,0,0,0,0,0,0,0,0,212.686,0,0,-64.6623
"MtrElec",3,23,10,"",95.5989,0,0,0,0,0,0,0,0,0,0,0,0,0,0,0,0,0,0,0,0,259.259,0,0,-163.66
"MtrElec",3,23,11,"",0,0,0,0,0,0,0,0,0,0,0,0,0,0,0,0,0,0,0,0,0,206.41,0,68.8621,-275.272
"MtrElec",3,23,12,"",0.0000078,0,0,0,0,0,0,0,0,0,0,0,0,0,0,0,0,0,0,0,0,231.32,0,111.331,-342.65
"MtrElec",3,23,13,"",-13.1272,0,0,0,0,0,0,0,0,0,0,0,0,0,0,0,0,0,0,0,0,210.238,0,157.698,-381.063
"MtrElec",3,23,14,"",-59.923,0,0,0,0,0,0,0,0,0,0,0,0,0,0,0,0,0,0,0,0,167.116,0,157.698,-384.737
"MtrElec",3,23,15,"",-112.546,0,0,0,0,0,0,0,0,0,0,0,0,0,0,0,0,0,0,0,0,135.111,0,92.7963,-340.453
"MtrElec",3,23,16,"",-89.0228,0,0,0,0,0,0,0,0,0,0,0,0,0,0,0,0,0,0,0,0,177.587,0,0,-266.609
"MtrElec",3,23,17,"",-30.2915,0,0,0,0,0,0,0,0,0,0,0,0,0,0,0,0,0,0,0,0,199.759,0,0,-230.05
"MtrElec",3,23,18,"",116.171,0,0,0,0,0,0,0,0,0,0,0,0,0,0,0,0,0,0,0,0,234.693,0,0,-118.521
"MtrElec",3,23,19,"",67.0431,0,0,0,0,0,0,0,0,0,0,0,0,0,0,0,0,0,0,0,0,246.422,0,-157.698,-21.6814
"MtrElec",3,23,20,"",115.418,0,0,0,0,0,0,0,0,0,0,0,0,0,0,0,0,0,0,0,0,273.116,0,-157.698,0
"MtrElec",3,23,21,"",142.267,0,0,0,0,0,0,0,0,0,0,0,0,0,0,0,0,0,0,0,0,299.965,0,-157.698,0
"MtrElec",3,23,22,"",159.592,0,0,0,0,0,0,0,0,0,0,0,0,0,0,0,0,0,0,0,0,217.516,0,-57.9236,0
"MtrElec",3,23,23,"",189.222,0,0,0,0,0,0,0,0,0,0,0,0,0,0,0,0,0,0,0,0,189.222,0,0,0
"MtrElec",3,23,24,"",160.133,0,0,0,0,0,0,0,0,0,0,0,0,0,0,0,0,0,0,0,0,160.133,0,0,0
"MtrElec",3,24,1,"",134.454,0,0,0,0,0,0,0,0,0,0,0,0,0,0,0,0,0,0,0,0,134.454,0,0,0
"MtrElec",3,24,2,"",118.856,0,0,0,0,0,0,0,0,0,0,0,0,0,0,0,0,0,0,0,0,118.856,0,0,0
"MtrElec",3,24,3,"",117.614,0,0,0,0,0,0,0,0,0,0,0,0,0,0,0,0,0,0,0,0,117.614,0,0,0
"MtrElec",3,24,4,"",99.0899,0,0,0,0,0,0,0,0,0,0,0,0,0,0,0,0,0,0,0,0,99.0899,0,0,0
"MtrElec",3,24,5,"",89.2066,0,0,0,0,0,0,0,0,0,0,0,0,0,0,0,0,0,0,0,0,89.2066,0,0,0
"MtrElec",3,24,6,"",117.379,0,0,0,0,0,0,0,0,0,0,0,0,0,0,0,0,0,0,0,0,117.379,0,0,0
"MtrElec",3,24,7,"",172.734,0,0,0,0,0,0,0,0,0,0,0,0,0,0,0,0,0,0,0,0,172.734,0,0,0
"MtrElec",3,24,8,"",224.897,0,0,0,0,0,0,0,0,0,0,0,0,0,0,0,0,0,0,0,0,228.114,0,0,-3.21696
"MtrElec",3,24,9,"",201.451,0,0,0,0,0,0,0,0,0,0,0,0,0,0,0,0,0,0,0,0,251.684,0,0,-50.2329
"MtrElec",3,24,10,"",153.728,0,0,0,0,0,0,0,0,0,0,0,0,0,0,0,0,0,0,0,0,296.46,0,0,-142.732
"MtrElec",3,24,11,"",0.0000078,0,0,0,0,0,0,0,0,0,0,0,0,0,0,0,0,0,0,0,0,190.544,0,85.2535,-275.798
"MtrElec",3,24,12,"",-18.5413,0,0,0,0,0,0,0,0,0,0,0,0,0,0,0,0,0,0,0,0,187.999,0,157.698,-364.238
"MtrElec",3,24,13,"",-20.2944,0,0,0,0,0,0,0,0,0,0,0,0,0,0,0,0,0,0,0,0,256.951,0,157.698,-434.943
"MtrElec",3,24,14,"",-67.0399,0,0,0,0,0,0,0,0,0,0,0,0,0,0,0,0,0,0,0,0,178.323,0,157.698,-403.061
"MtrElec",3,24,15,"",-194.895,0,0,0,0,0,0,0,0,0,0,0,0,0,0,0,0,0,0,0,0,141.524,0,30.0378,-366.456
"MtrElec",3,24,16,"",-107.636,0,0,0,0,0,0,0,0,0,0,0,0,0,0,0,0,0,0,0,0,185.636,0,0,-293.272
"MtrElec",3,24,17,"",21.342,0,0,0,0,0,0,0,0,0,0,0,0,0,0,0,0,0,0,0,0,204.774,0,0,-183.432
"MtrElec",3,24,18,"",152.375,0,0,0,0,0,0,0,0,0,0,0,0,0,0,0,0,0,0,0,0,228.03,0,0,-75.6547
"MtrElec",3,24,19,"",150.674,0,0,0,0,0,0,0,0,0,0,0,0,0,0,0,0,0,0,0,0,319.882,0,-157.698,-11.5101
"MtrElec",3,24,20,"",119.642,0,0,0,0,0,0,0,0,0,0,0,0,0,0,0,0,0,0,0,0,277.34,0,-157.698,0
"MtrElec",3,24,21,"",130.014,0,0,0,0,0,0,0,0,0,0,0,0,0,0,0,0,0,0,0,0,287.712,0,-157.698,0
"MtrElec",3,24,22,"",170.517,0,0,0,0,0,0,0,0,0,0,0,0,0,0,0,0,0,0,0,0,228.44,0,-57.9236,0
"MtrElec",3,24,23,"",187.167,0,0,0,0,0,0,0,0,0,0,0,0,0,0,0,0,0,0,0,0,187.167,0,0,0
"MtrElec",3,24,24,"",155.271,0,0,0,0,0,0,0,0,0,0,0,0,0,0,0,0,0,0,0,0,155.271,0,0,0
"MtrElec",3,25,1,"",113.293,0,0,0,0,0,0,0,0,0,0,0,0,0,0,0,0,0,0,0,0,113.293,0,0,0
"MtrElec",3,25,2,"",94.895,0,0,0,0,0,0,0,0,0,0,0,0,0,0,0,0,0,0,0,0,94.895,0,0,0
"MtrElec",3,25,3,"",118.616,0,0,0,0,0,0,0,0,0,0,0,0,0,0,0,0,0,0,0,0,118.616,0,0,0
"MtrElec",3,25,4,"",122.841,0,0,0,0,0,0,0,0,0,0,0,0,0,0,0,0,0,0,0,0,122.841,0,0,0
"MtrElec",3,25,5,"",87.4996,0,0,0,0,0,0,0,0,0,0,0,0,0,0,0,0,0,0,0,0,87.4996,0,0,0
"MtrElec",3,25,6,"",100.949,0,0,0,0,0,0,0,0,0,0,0,0,0,0,0,0,0,0,0,0,100.949,0,0,0
"MtrElec",3,25,7,"",180.513,0,0,0,0,0,0,0,0,0,0,0,0,0,0,0,0,0,0,0,0,180.513,0,0,0
"MtrElec",3,25,8,"",204.986,0,0,0,0,0,0,0,0,0,0,0,0,0,0,0,0,0,0,0,0,230.251,0,0,-25.2642
"MtrElec",3,25,9,"",250.706,0,0,0,0,0,0,0,0,0,0,0,0,0,0,0,0,0,0,0,0,271.73,0,0,-21.0243
"MtrElec",3,25,10,"",189.98,0,0,0,0,0,0,0,0,0,0,0,0,0,0,0,0,0,0,0,0,276.203,0,0,-86.2227
"MtrElec",3,25,11,"",101.286,0,0,0,0,0,0,0,0,0,0,0,0,0,0,0,0,0,0,0,0,231.783,0,0,-130.497
"MtrElec",3,25,12,"",58.2664,0,0,0,0,0,0,0,0,0,0,0,0,0,0,0,0,0,0,0,0,183.118,0,0,-124.851
"MtrElec",3,25,13,"",34.0077,0,0,0,0,0,0,0,0,0,0,0,0,0,0,0,0,0,0,0,0,247.17,0,0,-213.162
"MtrElec",3,25,14,"",-3.75016,0,0,0,0,0,0,0,0,0,0,0,0,0,0,0,0,0,0,0,0,127.44,0,157.698,-288.888
"MtrElec",3,25,15,"",0.0000078,0,0,0,0,0,0,0,0,0,0,0,0,0,0,0,0,0,0,0,0,155.368,0,94.3066,-249.675
"MtrElec",3,25,16,"",0.0000078,0,0,0,0,0,0,0,0,0,0,0,0,0,0,0,0,0,0,0,0,173.554,0,123.363,-296.917
"MtrElec",3,25,17,"",65.0071,0,0,0,0,0,0,0,0,0,0,0,0,0,0,0,0,0,0,0,0,238.085,0,0,-173.078
"MtrElec",3,25,18,"",73.56,0,0,0,0,0,0,0,0,0,0,0,0,0,0,0,0,0,0,0,0,203.494,0,0,-129.934
"MtrElec",3,25,19,"",96.3328,0,0,0,0,0,0,0,0,0,0,0,0,0,0,0,0,0,0,0,0,268.22,0,-157.698,-14.1898
"MtrElec",3,25,20,"",71.3484,0,0,0,0,0,0,0,0,0,0,0,0,0,0,0,0,0,0,0,0,229.046,0,-157.698,0
"MtrElec",3,25,21,"",238.314,0,0,0,0,0,0,0,0,0,0,0,0,0,0,0,0,0,0,0,0,261.688,0,-23.3736,0
"MtrElec",3,25,22,"",261.027,0,0,0,0,0,0,0,0,0,0,0,0,0,0,0,0,0,0,0,0,261.027,0,0,0
"MtrElec",3,25,23,"",231.134,0,0,0,0,0,0,0,0,0,0,0,0,0,0,0,0,0,0,0,0,231.134,0,0,0
"MtrElec",3,25,24,"",146.317,0,0,0,0,0,0,0,0,0,0,0,0,0,0,0,0,0,0,0,0,146.317,0,0,0
"MtrElec",3,26,1,"",131.202,0,0,0,0,0,0,0,0,0,0,0,0,0,0,0,0,0,0,0,0,131.202,0,0,0
"MtrElec",3,26,2,"",105.056,0,0,0,0,0,0,0,0,0,0,0,0,0,0,0,0,0,0,0,0,105.056,0,0,0
"MtrElec",3,26,3,"",86.8065,0,0,0,0,0,0,0,0,0,0,0,0,0,0,0,0,0,0,0,0,86.8065,0,0,0
"MtrElec",3,26,4,"",124.292,0,0,0,0,0,0,0,0,0,0,0,0,0,0,0,0,0,0,0,0,124.292,0,0,0
"MtrElec",3,26,5,"",118.442,0,0,0,0,0,0,0,0,0,0,0,0,0,0,0,0,0,0,0,0,118.442,0,0,0
"MtrElec",3,26,6,"",97.0024,0,0,0,0,0,0,0,0,0,0,0,0,0,0,0,0,0,0,0,0,97.0024,0,0,0
"MtrElec",3,26,7,"",174.391,0,0,0,0,0,0,0,0,0,0,0,0,0,0,0,0,0,0,0,0,174.391,0,0,0
"MtrElec",3,26,8,"",196.513,0,0,0,0,0,0,0,0,0,0,0,0,0,0,0,0,0,0,0,0,237.006,0,0,-40.4926
"MtrElec",3,26,9,"",169.817,0,0,0,0,0,0,0,0,0,0,0,0,0,0,0,0,0,0,0,0,265.446,0,0,-95.6294
"MtrElec",3,26,10,"",99.1011,0,0,0,0,0,0,0,0,0,0,0,0,0,0,0,0,0,0,0,0,307.751,0,0,-208.65
"MtrElec",3,26,11,"",75.936,0,0,0,0,0,0,0,0,0,0,0,0,0,0,0,0,0,0,0,0,216.085,0,0,-140.149
"MtrElec",3,26,12,"",0.0000010,0,0,0,0,0,0,0,0,0,0,0,0,0,0,0,0,0,0,0,0,221.664,0,10.361,-232.025
"MtrElec",3,26,13,"",107.11,0,0,0,0,0,0,0,0,0,0,0,0,0,0,0,0,0,0,0,0,223.37,0,0,-116.26
"MtrElec",3,26,14,"",0,0,0,0,0,0,0,0,0,0,0,0,0,0,0,0,0,0,0,0,0,140.095,0,157.053,-297.148
"MtrElec",3,26,15,"",-94.6553,0,0,0,0,0,0,0,0,0,0,0,0,0,0,0,0,0,0,0,0,164.844,0,157.698,-417.197
"MtrElec",3,26,16,"",-83.0156,0,0,0,0,0,0,0,0,0,0,0,0,0,0,0,0,0,0,0,0,131.837,0,157.698,-372.551
"MtrElec",3,26,17,"",0,0,0,0,0,0,0,0,0,0,0,0,0,0,0,0,0,0,0,0,0,191.18,0,67.603,-258.783
"MtrElec",3,26,18,"",159.34,0,0,0,0,0,0,0,0,0,0,0,0,0,0,0,0,0,0,0,0,236.885,0,0,-77.5457
"MtrElec",3,26,19,"",85.6904,0,0,0,0,0,0,0,0,0,0,0,0,0,0,0,0,0,0,0,0,263.738,0,-157.698,-20.3497
"MtrElec",3,26,20,"",112.536,0,0,0,0,0,0,0,0,0,0,0,0,0,0,0,0,0,0,0,0,270.234,0,-157.698,0
"MtrElec",3,26,21,"",147.082,0,0,0,0,0,0,0,0,0,0,0,0,0,0,0,0,0,0,0,0,304.78,0,-157.698,0
"MtrElec",3,26,22,"",216.166,0,0,0,0,0,0,0,0,0,0,0,0,0,0,0,0,0,0,0,0,239.82,0,-23.6542,0
"MtrElec",3,26,23,"",190.252,0,0,0,0,0,0,0,0,0,0,0,0,0,0,0,0,0,0,0,0,190.252,0,0,0
"MtrElec",3,26,24,"",123.834,0,0,0,0,0,0,0,0,0,0,0,0,0,0,0,0,0,0,0,0,123.834,0,0,0
"MtrElec",3,27,1,"",123.075,0,0,0,0,0,0,0,0,0,0,0,0,0,0,0,0,0,0,0,0,123.075,0,0,0
"MtrElec",3,27,2,"",102.956,0,0,0,0,0,0,0,0,0,0,0,0,0,0,0,0,0,0,0,0,102.956,0,0,0
"MtrElec",3,27,3,"",111.172,0,0,0,0,0,0,0,0,0,0,0,0,0,0,0,0,0,0,0,0,111.172,0,0,0
"MtrElec",3,27,4,"",118.043,0,0,0,0,0,0,0,0,0,0,0,0,0,0,0,0,0,0,0,0,118.043,0,0,0
"MtrElec",3,27,5,"",100.576,0,0,0,0,0,0,0,0,0,0,0,0,0,0,0,0,0,0,0,0,100.576,0,0,0
"MtrElec",3,27,6,"",95.1479,0,0,0,0,0,0,0,0,0,0,0,0,0,0,0,0,0,0,0,0,95.1479,0,0,0
"MtrElec",3,27,7,"",166.159,0,0,0,0,0,0,0,0,0,0,0,0,0,0,0,0,0,0,0,0,166.159,0,0,0
"MtrElec",3,27,8,"",152.821,0,0,0,0,0,0,0,0,0,0,0,0,0,0,0,0,0,0,0,0,213.763,0,0,-60.9422
"MtrElec",3,27,9,"",93.065,0,0,0,0,0,0,0,0,0,0,0,0,0,0,0,0,0,0,0,0,257.588,0,0,-164.523
"MtrElec",3,27,10,"",35.895,0,0,0,0,0,0,0,0,0,0,0,0,0,0,0,0,0,0,0,0,244.186,0,0,-208.291
"MtrElec",3,27,11,"",0,0,0,0,0,0,0,0,0,0,0,0,0,0,0,0,0,0,0,0,0,285.609,0,28.0933,-313.702
"MtrElec",3,27,12,"",-10.8222,0,0,0,0,0,0,0,0,0,0,0,0,0,0,0,0,0,0,0,0,197.748,0,157.698,-366.268
"MtrElec",3,27,13,"",-90.8088,0,0,0,0,0,0,0,0,0,0,0,0,0,0,0,0,0,0,0,0,185.169,0,157.698,-433.675
"MtrElec",3,27,14,"",0,0,0,0,0,0,0,0,0,0,0,0,0,0,0,0,0,0,0,0,0,154.979,0,136.602,-291.581
"MtrElec",3,27,15,"",0,0,0,0,0,0,0,0,0,0,0,0,0,0,0,0,0,0,0,0,0,151.75,0,42.467,-194.217
"MtrElec",3,27,16,"",0.0000020,0,0,0,0,0,0,0,0,0,0,0,0,0,0,0,0,0,0,0,0,139.135,0,27.0449,-166.18
"MtrElec",3,27,17,"",48.6113,0,0,0,0,0,0,0,0,0,0,0,0,0,0,0,0,0,0,0,0,186.747,0,0,-138.136
"MtrElec",3,27,18,"",152.564,0,0,0,0,0,0,0,0,0,0,0,0,0,0,0,0,0,0,0,0,212.503,0,0,-59.9387
"MtrElec",3,27,19,"",76.3106,0,0,0,0,0,0,0,0,0,0,0,0,0,0,0,0,0,0,0,0,246.58,0,-157.698,-12.5711
"MtrElec",3,27,20,"",132.567,0,0,0,0,0,0,0,0,0,0,0,0,0,0,0,0,0,0,0,0,290.265,0,-157.698,0
"MtrElec",3,27,21,"",97.2708,0,0,0,0,0,0,0,0,0,0,0,0,0,0,0,0,0,0,0,0,254.969,0,-157.698,0
"MtrElec",3,27,22,"",223.585,0,0,0,0,0,0,0,0,0,0,0,0,0,0,0,0,0,0,0,0,246.508,0,-22.9227,0
"MtrElec",3,27,23,"",190.621,0,0,0,0,0,0,0,0,0,0,0,0,0,0,0,0,0,0,0,0,190.621,0,0,0
"MtrElec",3,27,24,"",167.024,0,0,0,0,0,0,0,0,0,0,0,0,0,0,0,0,0,0,0,0,167.024,0,0,0
"MtrElec",3,28,1,"",119.283,0,0,0,0,0,0,0,0,0,0,0,0,0,0,0,0,0,0,0,0,119.283,0,0,0
"MtrElec",3,28,2,"",100.89,0,0,0,0,0,0,0,0,0,0,0,0,0,0,0,0,0,0,0,0,100.89,0,0,0
"MtrElec",3,28,3,"",91.6835,0,0,0,0,0,0,0,0,0,0,0,0,0,0,0,0,0,0,0,0,91.6835,0,0,0
"MtrElec",3,28,4,"",150.264,0,0,0,0,0,0,0,0,0,0,0,0,0,0,0,0,0,0,0,0,150.264,0,0,0
"MtrElec",3,28,5,"",123.963,0,0,0,0,0,0,0,0,0,0,0,0,0,0,0,0,0,0,0,0,123.963,0,0,0
"MtrElec",3,28,6,"",93.147,0,0,0,0,0,0,0,0,0,0,0,0,0,0,0,0,0,0,0,0,93.147,0,0,0
"MtrElec",3,28,7,"",116.763,0,0,0,0,0,0,0,0,0,0,0,0,0,0,0,0,0,0,0,0,116.763,0,0,0
"MtrElec",3,28,8,"",149.811,0,0,0,0,0,0,0,0,0,0,0,0,0,0,0,0,0,0,0,0,197.381,0,0,-47.5708
"MtrElec",3,28,9,"",65.8405,0,0,0,0,0,0,0,0,0,0,0,0,0,0,0,0,0,0,0,0,224.085,0,0,-158.245
"MtrElec",3,28,10,"",7.56478,0,0,0,0,0,0,0,0,0,0,0,0,0,0,0,0,0,0,0,0,284.187,0,0,-276.622
"MtrElec",3,28,11,"",0,0,0,0,0,0,0,0,0,0,0,0,0,0,0,0,0,0,0,0,0,298.948,0,71.2317,-370.18
"MtrElec",3,28,12,"",0.0000156,0,0,0,0,0,0,0,0,0,0,0,0,0,0,0,0,0,0,0,0,271.349,0,150.823,-422.172
"MtrElec",3,28,13,"",-14.6393,0,0,0,0,0,0,0,0,0,0,0,0,0,0,0,0,0,0,0,0,265.536,0,157.698,-437.873
"MtrElec",3,28,14,"",-26.2451,0,0,0,0,0,0,0,0,0,0,0,0,0,0,0,0,0,0,0,0,208.168,0,157.698,-392.111
"MtrElec",3,28,15,"",-110.301,0,0,0,0,0,0,0,0,0,0,0,0,0,0,0,0,0,0,0,0,204.96,0,50.9345,-366.196
"MtrElec",3,28,16,"",-132.471,0,0,0,0,0,0,0,0,0,0,0,0,0,0,0,0,0,0,0,0,184.713,0,0,-317.183
"MtrElec",3,28,17,"",-50.909,0,0,0,0,0,0,0,0,0,0,0,0,0,0,0,0,0,0,0,0,208.331,0,0,-259.24
"MtrElec",3,28,18,"",94.5912,0,0,0,0,0,0,0,0,0,0,0,0,0,0,0,0,0,0,0,0,232.589,0,0,-137.997
"MtrElec",3,28,19,"",78.3475,0,0,0,0,0,0,0,0,0,0,0,0,0,0,0,0,0,0,0,0,266.065,0,-157.698,-30.0193
"MtrElec",3,28,20,"",116.423,0,0,0,0,0,0,0,0,0,0,0,0,0,0,0,0,0,0,0,0,274.121,0,-157.698,0
"MtrElec",3,28,21,"",42.0692,0,0,0,0,0,0,0,0,0,0,0,0,0,0,0,0,0,0,0,0,199.767,0,-157.698,0
"MtrElec",3,28,22,"",211.587,0,0,0,0,0,0,0,0,0,0,0,0,0,0,0,0,0,0,0,0,269.511,0,-57.9236,0
"MtrElec",3,28,23,"",136.42,0,0,0,0,0,0,0,0,0,0,0,0,0,0,0,0,0,0,0,0,136.42,0,0,0
"MtrElec",3,28,24,"",164.784,0,0,0,0,0,0,0,0,0,0,0,0,0,0,0,0,0,0,0,0,164.784,0,0,0
"MtrElec",3,29,1,"",122.282,0,0,0,0,0,0,0,0,0,0,0,0,0,0,0,0,0,0,0,0,122.282,0,0,0
"MtrElec",3,29,2,"",96.7649,0,0,0,0,0,0,0,0,0,0,0,0,0,0,0,0,0,0,0,0,96.7649,0,0,0
"MtrElec",3,29,3,"",136.416,0,0,0,0,0,0,0,0,0,0,0,0,0,0,0,0,0,0,0,0,136.416,0,0,0
"MtrElec",3,29,4,"",105.491,0,0,0,0,0,0,0,0,0,0,0,0,0,0,0,0,0,0,0,0,105.491,0,0,0
"MtrElec",3,29,5,"",119.312,0,0,0,0,0,0,0,0,0,0,0,0,0,0,0,0,0,0,0,0,119.312,0,0,0
"MtrElec",3,29,6,"",88.4853,0,0,0,0,0,0,0,0,0,0,0,0,0,0,0,0,0,0,0,0,88.4853,0,0,0
"MtrElec",3,29,7,"",118.675,0,0,0,0,0,0,0,0,0,0,0,0,0,0,0,0,0,0,0,0,118.675,0,0,0
"MtrElec",3,29,8,"",155.941,0,0,0,0,0,0,0,0,0,0,0,0,0,0,0,0,0,0,0,0,199.486,0,0,-43.5452
"MtrElec",3,29,9,"",93.1313,0,0,0,0,0,0,0,0,0,0,0,0,0,0,0,0,0,0,0,0,221.385,0,0,-128.253
"MtrElec",3,29,10,"",51.401,0,0,0,0,0,0,0,0,0,0,0,0,0,0,0,0,0,0,0,0,278.203,0,0,-226.802
"MtrElec",3,29,11,"",0.0000005,0,0,0,0,0,0,0,0,0,0,0,0,0,0,0,0,0,0,0,0,294.898,0,7.92694,-302.825
"MtrElec",3,29,12,"",-35.0143,0,0,0,0,0,0,0,0,0,0,0,0,0,0,0,0,0,0,0,0,220.573,0,157.698,-413.285
"MtrElec",3,29,13,"",0.0000156,0,0,0,0,0,0,0,0,0,0,0,0,0,0,0,0,0,0,0,0,283.88,0,155.973,-439.854
"MtrElec",3,29,14,"",-55.144,0,0,0,0,0,0,0,0,0,0,0,0,0,0,0,0,0,0,0,0,189.06,0,157.698,-401.902
"MtrElec",3,29,15,"",-45.7255,0,0,0,0,0,0,0,0,0,0,0,0,0,0,0,0,0,0,0,0,202.413,0,109.089,-357.227
"MtrElec",3,29,16,"",-170.115,0,0,0,0,0,0,0,0,0,0,0,0,0,0,0,0,0,0,0,0,137.119,0,0,-307.233
"MtrElec",3,29,17,"",-22.0255,0,0,0,0,0,0,0,0,0,0,0,0,0,0,0,0,0,0,0,0,183.937,0,0,-205.962
"MtrElec",3,29,18,"",121.009,0,0,0,0,0,0,0,0,0,0,0,0,0,0,0,0,0,0,0,0,233.512,0,0,-112.503
"MtrElec",3,29,19,"",49.5375,0,0,0,0,0,0,0,0,0,0,0,0,0,0,0,0,0,0,0,0,231.8,0,-157.698,-24.5642
"MtrElec",3,29,20,"",87.7803,0,0,0,0,0,0,0,0,0,0,0,0,0,0,0,0,0,0,0,0,245.478,0,-157.698,0
"MtrElec",3,29,21,"",62.7874,0,0,0,0,0,0,0,0,0,0,0,0,0,0,0,0,0,0,0,0,220.485,0,-157.698,0
"MtrElec",3,29,22,"",115.025,0,0,0,0,0,0,0,0,0,0,0,0,0,0,0,0,0,0,0,0,172.948,0,-57.9236,0
"MtrElec",3,29,23,"",177.207,0,0,0,0,0,0,0,0,0,0,0,0,0,0,0,0,0,0,0,0,177.207,0,0,0
"MtrElec",3,29,24,"",149.001,0,0,0,0,0,0,0,0,0,0,0,0,0,0,0,0,0,0,0,0,149.001,0,0,0
"MtrElec",3,30,1,"",138.067,0,0,0,0,0,0,0,0,0,0,0,0,0,0,0,0,0,0,0,0,138.067,0,0,0
"MtrElec",3,30,2,"",104.178,0,0,0,0,0,0,0,0,0,0,0,0,0,0,0,0,0,0,0,0,104.178,0,0,0
"MtrElec",3,30,3,"",100.047,0,0,0,0,0,0,0,0,0,0,0,0,0,0,0,0,0,0,0,0,100.047,0,0,0
"MtrElec",3,30,4,"",87.1846,0,0,0,0,0,0,0,0,0,0,0,0,0,0,0,0,0,0,0,0,87.1846,0,0,0
"MtrElec",3,30,5,"",95.7347,0,0,0,0,0,0,0,0,0,0,0,0,0,0,0,0,0,0,0,0,95.7347,0,0,0
"MtrElec",3,30,6,"",101.874,0,0,0,0,0,0,0,0,0,0,0,0,0,0,0,0,0,0,0,0,101.874,0,0,0
"MtrElec",3,30,7,"",179.367,0,0,0,0,0,0,0,0,0,0,0,0,0,0,0,0,0,0,0,0,179.367,0,0,0
"MtrElec",3,30,8,"",217.825,0,0,0,0,0,0,0,0,0,0,0,0,0,0,0,0,0,0,0,0,265.814,0,0,-47.9886
"MtrElec",3,30,9,"",117.501,0,0,0,0,0,0,0,0,0,0,0,0,0,0,0,0,0,0,0,0,290.332,0,0,-172.831
"MtrElec",3,30,10,"",0,0,0,0,0,0,0,0,0,0,0,0,0,0,0,0,0,0,0,0,0,266.548,0,29.1061,-295.654
"MtrElec",3,30,11,"",0,0,0,0,0,0,0,0,0,0,0,0,0,0,0,0,0,0,0,0,0,240.134,0,152.541,-392.675
"MtrElec",3,30,12,"",-80.0415,0,0,0,0,0,0,0,0,0,0,0,0,0,0,0,0,0,0,0,0,220.421,0,157.698,-458.161
"MtrElec",3,30,13,"",-104.488,0,0,0,0,0,0,0,0,0,0,0,0,0,0,0,0,0,0,0,0,225.858,0,157.698,-488.044
"MtrElec",3,30,14,"",-216.727,0,0,0,0,0,0,0,0,0,0,0,0,0,0,0,0,0,0,0,0,165.428,0,91.3425,-473.498
"MtrElec",3,30,15,"",-286.621,0,0,0,0,0,0,0,0,0,0,0,0,0,0,0,0,0,0,0,0,160.764,0,0,-447.385
"MtrElec",3,30,16,"",-183.305,0,0,0,0,0,0,0,0,0,0,0,0,0,0,0,0,0,0,0,0,201.587,0,0,-384.892
"MtrElec",3,30,17,"",-29.0134,0,0,0,0,0,0,0,0,0,0,0,0,0,0,0,0,0,0,0,0,254.839,0,0,-283.853
"MtrElec",3,30,18,"",54.0131,0,0,0,0,0,0,0,0,0,0,0,0,0,0,0,0,0,0,0,0,209.358,0,0,-155.345
"MtrElec",3,30,19,"",44.1308,0,0,0,0,0,0,0,0,0,0,0,0,0,0,0,0,0,0,0,0,236.072,0,-157.698,-34.2433
"MtrElec",3,30,20,"",71.4006,0,0,0,0,0,0,0,0,0,0,0,0,0,0,0,0,0,0,0,0,229.099,0,-157.698,0
"MtrElec",3,30,21,"",106.137,0,0,0,0,0,0,0,0,0,0,0,0,0,0,0,0,0,0,0,0,263.835,0,-157.698,0
"MtrElec",3,30,22,"",173.878,0,0,0,0,0,0,0,0,0,0,0,0,0,0,0,0,0,0,0,0,231.802,0,-57.9236,0
"MtrElec",3,30,23,"",215.087,0,0,0,0,0,0,0,0,0,0,0,0,0,0,0,0,0,0,0,0,215.087,0,0,0
"MtrElec",3,30,24,"",163.221,0,0,0,0,0,0,0,0,0,0,0,0,0,0,0,0,0,0,0,0,163.221,0,0,0
"MtrElec",3,31,1,"",130.327,0,0,0,0,0,0,0,0,0,0,0,0,0,0,0,0,0,0,0,0,130.327,0,0,0
"MtrElec",3,31,2,"",98.8231,0,0,0,0,0,0,0,0,0,0,0,0,0,0,0,0,0,0,0,0,98.8231,0,0,0
"MtrElec",3,31,3,"",131.86,0,0,0,0,0,0,0,0,0,0,0,0,0,0,0,0,0,0,0,0,131.86,0,0,0
"MtrElec",3,31,4,"",100.679,0,0,0,0,0,0,0,0,0,0,0,0,0,0,0,0,0,0,0,0,100.679,0,0,0
"MtrElec",3,31,5,"",98.7634,0,0,0,0,0,0,0,0,0,0,0,0,0,0,0,0,0,0,0,0,98.7634,0,0,0
"MtrElec",3,31,6,"",120.588,0,0,0,0,0,0,0,0,0,0,0,0,0,0,0,0,0,0,0,0,120.588,0,0,0
"MtrElec",3,31,7,"",167.578,0,0,0,0,0,0,0,0,0,0,0,0,0,0,0,0,0,0,0,0,167.578,0,0,0
"MtrElec",3,31,8,"",184.708,0,0,0,0,0,0,0,0,0,0,0,0,0,0,0,0,0,0,0,0,235.553,0,0,-50.8446
"MtrElec",3,31,9,"",53.1022,0,0,0,0,0,0,0,0,0,0,0,0,0,0,0,0,0,0,0,0,219.82,0,0,-166.718
"MtrElec",3,31,10,"",42.8081,0,0,0,0,0,0,0,0,0,0,0,0,0,0,0,0,0,0,0,0,329.946,0,0,-287.138
"MtrElec",3,31,11,"",0,0,0,0,0,0,0,0,0,0,0,0,0,0,0,0,0,0,0,0,0,316.009,0,66.3913,-382.4
"MtrElec",3,31,12,"",0,0,0,0,0,0,0,0,0,0,0,0,0,0,0,0,0,0,0,0,0,316.005,0,126.029,-442.034
"MtrElec",3,31,13,"",-54.4835,0,0,0,0,0,0,0,0,0,0,0,0,0,0,0,0,0,0,0,0,261.634,0,157.698,-473.815
"MtrElec",3,31,14,"",-79.7593,0,0,0,0,0,0,0,0,0,0,0,0,0,0,0,0,0,0,0,0,235.285,0,157.698,-472.743
"MtrElec",3,31,15,"",-86.2857,0,0,0,0,0,0,0,0,0,0,0,0,0,0,0,0,0,0,0,0,271.195,0,80.5687,-438.05
"MtrElec",3,31,16,"",-186.286,0,0,0,0,0,0,0,0,0,0,0,0,0,0,0,0,0,0,0,0,189.522,0,0,-375.807
"MtrElec",3,31,17,"",-72.303,0,0,0,0,0,0,0,0,0,0,0,0,0,0,0,0,0,0,0,0,205.461,0,0,-277.764
"MtrElec",3,31,18,"",125.664,0,0,0,0,0,0,0,0,0,0,0,0,0,0,0,0,0,0,0,0,278.492,0,0,-152.828
"MtrElec",3,31,19,"",99.5901,0,0,0,0,0,0,0,0,0,0,0,0,0,0,0,0,0,0,0,0,292.022,0,-157.698,-34.7342
"MtrElec",3,31,20,"",53.9926,0,0,0,0,0,0,0,0,0,0,0,0,0,0,0,0,0,0,0,0,211.691,0,-157.698,0
"MtrElec",3,31,21,"",63.1634,0,0,0,0,0,0,0,0,0,0,0,0,0,0,0,0,0,0,0,0,220.861,0,-157.698,0
"MtrElec",3,31,22,"",109.896,0,0,0,0,0,0,0,0,0,0,0,0,0,0,0,0,0,0,0,0,167.819,0,-57.9236,0
"MtrElec",3,31,23,"",179.379,0,0,0,0,0,0,0,0,0,0,0,0,0,0,0,0,0,0,0,0,179.379,0,0,0
"MtrElec",3,31,24,"",152.753,0,0,0,0,0,0,0,0,0,0,0,0,0,0,0,0,0,0,0,0,152.753,0,0,0
"MtrElec",4,1,1,"",128.267,0,0,0,0,0,0,0,0,0,0,0,0,0,0,0,0,0,0,0,0,128.267,0,0,0
"MtrElec",4,1,2,"",103.692,0,0,0,0,0,0,0,0,0,0,0,0,0,0,0,0,0,0,0,0,103.692,0,0,0
"MtrElec",4,1,3,"",97.2794,0,0,0,0,0,0,0,0,0,0,0,0,0,0,0,0,0,0,0,0,97.2794,0,0,0
"MtrElec",4,1,4,"",87.9964,0,0,0,0,0,0,0,0,0,0,0,0,0,0,0,0,0,0,0,0,87.9964,0,0,0
"MtrElec",4,1,5,"",91.327,0,0,0,0,0,0,0,0,0,0,0,0,0,0,0,0,0,0,0,0,91.327,0,0,0
"MtrElec",4,1,6,"",128.076,0,0,0,0,0,0,0,0,0,0,0,0,0,0,0,0,0,0,0,0,128.076,0,0,0
"MtrElec",4,1,7,"",163.072,0,0,0,0,0,0,0,0,0,0,0,0,0,0,0,0,0,0,0,0,163.072,0,0,0
"MtrElec",4,1,8,"",177.681,0,0,0,0,0,0,0,0,0,0,0,0,0,0,0,0,0,0,0,0,225.435,0,0,-47.7544
"MtrElec",4,1,9,"",56.9907,0,0,0,0,0,0,0,0,0,0,0,0,0,0,0,0,0,0,0,0,221.876,0,0,-164.885
"MtrElec",4,1,10,"",0,0,0,0,0,0,0,0,0,0,0,0,0,0,0,0,0,0,0,0,0,251.179,0,27.0881,-278.267
"MtrElec",4,1,11,"",0,0,0,0,0,0,0,0,0,0,0,0,0,0,0,0,0,0,0,0,0,217.371,0,143.425,-360.796
"MtrElec",4,1,12,"",-87.7931,0,0,0,0,0,0,0,0,0,0,0,0,0,0,0,0,0,0,0,0,168.775,0,157.698,-414.266
"MtrElec",4,1,13,"",-75.2927,0,0,0,0,0,0,0,0,0,0,0,0,0,0,0,0,0,0,0,0,210.961,0,157.698,-443.952
"MtrElec",4,1,14,"",-190.159,0,0,0,0,0,0,0,0,0,0,0,0,0,0,0,0,0,0,0,0,148.917,0,102.476,-441.551
"MtrElec",4,1,15,"",-280.197,0,0,0,0,0,0,0,0,0,0,0,0,0,0,0,0,0,0,0,0,135.221,0,0,-415.418
"MtrElec",4,1,16,"",-191.753,0,0,0,0,0,0,0,0,0,0,0,0,0,0,0,0,0,0,0,0,164.124,0,0,-355.877
"MtrElec",4,1,17,"",-58.0502,0,0,0,0,0,0,0,0,0,0,0,0,0,0,0,0,0,0,0,0,206.428,0,0,-264.478
"MtrElec",4,1,18,"",52.574,0,0,0,0,0,0,0,0,0,0,0,0,0,0,0,0,0,0,0,0,200.27,0,0,-147.696
"MtrElec",4,1,19,"",44.3349,0,0,0,0,0,0,0,0,0,0,0,0,0,0,0,0,0,0,0,0,235.478,0,-157.698,-33.4454
"MtrElec",4,1,20,"",103.593,0,0,0,0,0,0,0,0,0,0,0,0,0,0,0,0,0,0,0,0,261.291,0,-157.698,0
"MtrElec",4,1,21,"",81.6767,0,0,0,0,0,0,0,0,0,0,0,0,0,0,0,0,0,0,0,0,239.375,0,-157.698,0
"MtrElec",4,1,22,"",167.644,0,0,0,0,0,0,0,0,0,0,0,0,0,0,0,0,0,0,0,0,225.568,0,-57.9236,0
"MtrElec",4,1,23,"",263.01,0,0,0,0,0,0,0,0,0,0,0,0,0,0,0,0,0,0,0,0,263.01,0,0,0
"MtrElec",4,1,24,"",171.393,0,0,0,0,0,0,0,0,0,0,0,0,0,0,0,0,0,0,0,0,171.393,0,0,0
"MtrElec",4,2,1,"",120.43,0,0,0,0,0,0,0,0,0,0,0,0,0,0,0,0,0,0,0,0,120.43,0,0,0
"MtrElec",4,2,2,"",103.212,0,0,0,0,0,0,0,0,0,0,0,0,0,0,0,0,0,0,0,0,103.212,0,0,0
"MtrElec",4,2,3,"",122.728,0,0,0,0,0,0,0,0,0,0,0,0,0,0,0,0,0,0,0,0,122.728,0,0,0
"MtrElec",4,2,4,"",96.4499,0,0,0,0,0,0,0,0,0,0,0,0,0,0,0,0,0,0,0,0,96.4499,0,0,0
"MtrElec",4,2,5,"",97.3886,0,0,0,0,0,0,0,0,0,0,0,0,0,0,0,0,0,0,0,0,97.3886,0,0,0
"MtrElec",4,2,6,"",92.2851,0,0,0,0,0,0,0,0,0,0,0,0,0,0,0,0,0,0,0,0,92.2851,0,0,0
"MtrElec",4,2,7,"",166.406,0,0,0,0,0,0,0,0,0,0,0,0,0,0,0,0,0,0,0,0,166.406,0,0,0
"MtrElec",4,2,8,"",166.263,0,0,0,0,0,0,0,0,0,0,0,0,0,0,0,0,0,0,0,0,236.752,0,0,-70.4885
"MtrElec",4,2,9,"",119.204,0,0,0,0,0,0,0,0,0,0,0,0,0,0,0,0,0,0,0,0,213.343,0,0,-94.1384
"MtrElec",4,2,10,"",0,0,0,0,0,0,0,0,0,0,0,0,0,0,0,0,0,0,0,0,0,255.495,0,3.96897,-259.464
"MtrElec",4,2,11,"",0,0,0,0,0,0,0,0,0,0,0,0,0,0,0,0,0,0,0,0,0,208.286,0,147.96,-356.246
"MtrElec",4,2,12,"",0,0,0,0,0,0,0,0,0,0,0,0,0,0,0,0,0,0,0,0,0,206.758,0,51.85,-258.608
"MtrElec",4,2,13,"",-8.09598,0,0,0,0,0,0,0,0,0,0,0,0,0,0,0,0,0,0,0,0,234.44,0,157.698,-400.233
"MtrElec",4,2,14,"",-36.2849,0,0,0,0,0,0,0,0,0,0,0,0,0,0,0,0,0,0,0,0,136.172,0,157.698,-330.155
"MtrElec",4,2,15,"",-92.1591,0,0,0,0,0,0,0,0,0,0,0,0,0,0,0,0,0,0,0,0,177.914,0,69.2106,-339.283
"MtrElec",4,2,16,"",-159.558,0,0,0,0,0,0,0,0,0,0,0,0,0,0,0,0,0,0,0,0,163.303,0,0,-322.861
"MtrElec",4,2,17,"",-59.1046,0,0,0,0,0,0,0,0,0,0,0,0,0,0,0,0,0,0,0,0,184.658,0,0,-243.762
"MtrElec",4,2,18,"",57.9532,0,0,0,0,0,0,0,0,0,0,0,0,0,0,0,0,0,0,0,0,208.555,0,0,-150.602
"MtrElec",4,2,19,"",26.6757,0,0,0,0,0,0,0,0,0,0,0,0,0,0,0,0,0,0,0,0,219.046,0,-157.698,-34.6724
"MtrElec",4,2,20,"",54.9378,0,0,0,0,0,0,0,0,0,0,0,0,0,0,0,0,0,0,0,0,212.636,0,-157.698,0
"MtrElec",4,2,21,"",95.8947,0,0,0,0,0,0,0,0,0,0,0,0,0,0,0,0,0,0,0,0,253.593,0,-157.698,0
"MtrElec",4,2,22,"",106.053,0,0,0,0,0,0,0,0,0,0,0,0,0,0,0,0,0,0,0,0,163.977,0,-57.9236,0
"MtrElec",4,2,23,"",216.654,0,0,0,0,0,0,0,0,0,0,0,0,0,0,0,0,0,0,0,0,216.654,0,0,0
"MtrElec",4,2,24,"",150.387,0,0,0,0,0,0,0,0,0,0,0,0,0,0,0,0,0,0,0,0,150.387,0,0,0
"MtrElec",4,3,1,"",154.71,0,0,0,0,0,0,0,0,0,0,0,0,0,0,0,0,0,0,0,0,154.71,0,0,0
"MtrElec",4,3,2,"",103.911,0,0,0,0,0,0,0,0,0,0,0,0,0,0,0,0,0,0,0,0,103.911,0,0,0
"MtrElec",4,3,3,"",89.9068,0,0,0,0,0,0,0,0,0,0,0,0,0,0,0,0,0,0,0,0,89.9068,0,0,0
"MtrElec",4,3,4,"",115.832,0,0,0,0,0,0,0,0,0,0,0,0,0,0,0,0,0,0,0,0,115.832,0,0,0
"MtrElec",4,3,5,"",100.753,0,0,0,0,0,0,0,0,0,0,0,0,0,0,0,0,0,0,0,0,100.753,0,0,0
"MtrElec",4,3,6,"",130.085,0,0,0,0,0,0,0,0,0,0,0,0,0,0,0,0,0,0,0,0,130.085,0,0,0
"MtrElec",4,3,7,"",161.547,0,0,0,0,0,0,0,0,0,0,0,0,0,0,0,0,0,0,0,0,161.547,0,0,0
"MtrElec",4,3,8,"",189.723,0,0,0,0,0,0,0,0,0,0,0,0,0,0,0,0,0,0,0,0,231.81,0,0,-42.0868
"MtrElec",4,3,9,"",241.249,0,0,0,0,0,0,0,0,0,0,0,0,0,0,0,0,0,0,0,0,252.622,0,0,-11.3733
"MtrElec",4,3,10,"",135.478,0,0,0,0,0,0,0,0,0,0,0,0,0,0,0,0,0,0,0,0,218.287,0,0,-82.8085
"MtrElec",4,3,11,"",4.79048,0,0,0,0,0,0,0,0,0,0,0,0,0,0,0,0,0,0,0,0,224.351,0,0,-219.56
"MtrElec",4,3,12,"",-65.5692,0,0,0,0,0,0,0,0,0,0,0,0,0,0,0,0,0,0,0,0,189.928,0,157.698,-413.195
"MtrElec",4,3,13,"",0,0,0,0,0,0,0,0,0,0,0,0,0,0,0,0,0,0,0,0,0,210.562,0,112.566,-323.129
"MtrElec",4,3,14,"",0,0,0,0,0,0,0,0,0,0,0,0,0,0,0,0,0,0,0,0,0,158.421,0,68.2255,-226.646
"MtrElec",4,3,15,"",36.1183,0,0,0,0,0,0,0,0,0,0,0,0,0,0,0,0,0,0,0,0,155.897,0,0,-119.779
"MtrElec",4,3,16,"",62.7813,0,0,0,0,0,0,0,0,0,0,0,0,0,0,0,0,0,0,0,0,155.026,0,0,-92.2445
"MtrElec",4,3,17,"",102.701,0,0,0,0,0,0,0,0,0,0,0,0,0,0,0,0,0,0,0,0,224.13,0,0,-121.43
"MtrElec",4,3,18,"",53.0857,0,0,0,0,0,0,0,0,0,0,0,0,0,0,0,0,0,0,0,0,203.684,0,0,-150.598
"MtrElec",4,3,19,"",37.1473,0,0,0,0,0,0,0,0,0,0,0,0,0,0,0,0,0,0,0,0,229.934,0,-157.698,-35.0886
"MtrElec",4,3,20,"",111.015,0,0,0,0,0,0,0,0,0,0,0,0,0,0,0,0,0,0,0,0,258.804,0,-147.789,0
"MtrElec",4,3,21,"",247.928,0,0,0,0,0,0,0,0,0,0,0,0,0,0,0,0,0,0,0,0,247.928,0,0,0
"MtrElec",4,3,22,"",217.526,0,0,0,0,0,0,0,0,0,0,0,0,0,0,0,0,0,0,0,0,217.526,0,0,0
"MtrElec",4,3,23,"",216.676,0,0,0,0,0,0,0,0,0,0,0,0,0,0,0,0,0,0,0,0,216.676,0,0,0
"MtrElec",4,3,24,"",131.343,0,0,0,0,0,0,0,0,0,0,0,0,0,0,0,0,0,0,0,0,131.343,0,0,0
"MtrElec",4,4,1,"",111.445,0,0,0,0,0,0,0,0,0,0,0,0,0,0,0,0,0,0,0,0,111.445,0,0,0
"MtrElec",4,4,2,"",139.057,0,0,0,0,0,0,0,0,0,0,0,0,0,0,0,0,0,0,0,0,139.057,0,0,0
"MtrElec",4,4,3,"",86.4264,0,0,0,0,0,0,0,0,0,0,0,0,0,0,0,0,0,0,0,0,86.4264,0,0,0
"MtrElec",4,4,4,"",101.058,0,0,0,0,0,0,0,0,0,0,0,0,0,0,0,0,0,0,0,0,101.058,0,0,0
"MtrElec",4,4,5,"",102.981,0,0,0,0,0,0,0,0,0,0,0,0,0,0,0,0,0,0,0,0,102.981,0,0,0
"MtrElec",4,4,6,"",138.361,0,0,0,0,0,0,0,0,0,0,0,0,0,0,0,0,0,0,0,0,138.361,0,0,0
"MtrElec",4,4,7,"",110.405,0,0,0,0,0,0,0,0,0,0,0,0,0,0,0,0,0,0,0,0,113.087,0,0,-2.68245
"MtrElec",4,4,8,"",150.622,0,0,0,0,0,0,0,0,0,0,0,0,0,0,0,0,0,0,0,0,203.721,0,0,-53.0985
"MtrElec",4,4,9,"",44.0191,0,0,0,0,0,0,0,0,0,0,0,0,0,0,0,0,0,0,0,0,223.974,0,0,-179.954
"MtrElec",4,4,10,"",0,0,0,0,0,0,0,0,0,0,0,0,0,0,0,0,0,0,0,0,0,241.721,0,57.0257,-298.747
"MtrElec",4,4,11,"",-7.64811,0,0,0,0,0,0,0,0,0,0,0,0,0,0,0,0,0,0,0,0,221.798,0,157.698,-387.144
"MtrElec",4,4,12,"",-79.4875,0,0,0,0,0,0,0,0,0,0,0,0,0,0,0,0,0,0,0,0,205.441,0,157.698,-442.626
"MtrElec",4,4,13,"",-82.6934,0,0,0,0,0,0,0,0,0,0,0,0,0,0,0,0,0,0,0,0,228.456,0,157.698,-468.847
"MtrElec",4,4,14,"",-213.8,0,0,0,0,0,0,0,0,0,0,0,0,0,0,0,0,0,0,0,0,198.173,0,58.2655,-470.239
"MtrElec",4,4,15,"",-229.497,0,0,0,0,0,0,0,0,0,0,0,0,0,0,0,0,0,0,0,0,197.428,0,0,-426.925
"MtrElec",4,4,16,"",-195.829,0,0,0,0,0,0,0,0,0,0,0,0,0,0,0,0,0,0,0,0,151.74,0,0,-347.569
"MtrElec",4,4,17,"",-76.4332,0,0,0,0,0,0,0,0,0,0,0,0,0,0,0,0,0,0,0,0,191.299,0,0,-267.732
"MtrElec",4,4,18,"",87.9518,0,0,0,0,0,0,0,0,0,0,0,0,0,0,0,0,0,0,0,0,239.041,0,0,-151.089
"MtrElec",4,4,19,"",122.75,0,0,0,0,0,0,0,0,0,0,0,0,0,0,0,0,0,0,0,0,315.523,0,-157.698,-35.0749
"MtrElec",4,4,20,"",110.198,0,0,0,0,0,0,0,0,0,0,0,0,0,0,0,0,0,0,0,0,267.896,0,-157.698,0
"MtrElec",4,4,21,"",98.359,0,0,0,0,0,0,0,0,0,0,0,0,0,0,0,0,0,0,0,0,256.057,0,-157.698,0
"MtrElec",4,4,22,"",220.505,0,0,0,0,0,0,0,0,0,0,0,0,0,0,0,0,0,0,0,0,278.428,0,-57.9236,0
"MtrElec",4,4,23,"",202.072,0,0,0,0,0,0,0,0,0,0,0,0,0,0,0,0,0,0,0,0,202.072,0,0,0
"MtrElec",4,4,24,"",174.52,0,0,0,0,0,0,0,0,0,0,0,0,0,0,0,0,0,0,0,0,174.52,0,0,0
"MtrElec",4,5,1,"",110.86,0,0,0,0,0,0,0,0,0,0,0,0,0,0,0,0,0,0,0,0,110.86,0,0,0
"MtrElec",4,5,2,"",101.687,0,0,0,0,0,0,0,0,0,0,0,0,0,0,0,0,0,0,0,0,101.687,0,0,0
"MtrElec",4,5,3,"",96.988,0,0,0,0,0,0,0,0,0,0,0,0,0,0,0,0,0,0,0,0,96.988,0,0,0
"MtrElec",4,5,4,"",90.0037,0,0,0,0,0,0,0,0,0,0,0,0,0,0,0,0,0,0,0,0,90.0037,0,0,0
"MtrElec",4,5,5,"",150.337,0,0,0,0,0,0,0,0,0,0,0,0,0,0,0,0,0,0,0,0,150.337,0,0,0
"MtrElec",4,5,6,"",96.5861,0,0,0,0,0,0,0,0,0,0,0,0,0,0,0,0,0,0,0,0,96.5861,0,0,0
"MtrElec",4,5,7,"",99.9048,0,0,0,0,0,0,0,0,0,0,0,0,0,0,0,0,0,0,0,0,103.08,0,0,-3.17557
"MtrElec",4,5,8,"",137.68,0,0,0,0,0,0,0,0,0,0,0,0,0,0,0,0,0,0,0,0,191.093,0,0,-53.4138
"MtrElec",4,5,9,"",60.9709,0,0,0,0,0,0,0,0,0,0,0,0,0,0,0,0,0,0,0,0,239.904,0,0,-178.933
"MtrElec",4,5,10,"",0,0,0,0,0,0,0,0,0,0,0,0,0,0,0,0,0,0,0,0,0,238.815,0,58.4694,-297.284
"MtrElec",4,5,11,"",0,0,0,0,0,0,0,0,0,0,0,0,0,0,0,0,0,0,0,0,0,276.153,0,107.09,-383.243
"MtrElec",4,5,12,"",-40.8519,0,0,0,0,0,0,0,0,0,0,0,0,0,0,0,0,0,0,0,0,243.042,0,157.698,-441.591
"MtrElec",4,5,13,"",-67.5987,0,0,0,0,0,0,0,0,0,0,0,0,0,0,0,0,0,0,0,0,244.113,0,157.698,-469.41
"MtrElec",4,5,14,"",-115.634,0,0,0,0,0,0,0,0,0,0,0,0,0,0,0,0,0,0,0,0,206.664,0,107.43,-429.727
"MtrElec",4,5,15,"",-143.038,0,0,0,0,0,0,0,0,0,0,0,0,0,0,0,0,0,0,0,0,218.488,0,0,-361.525
"MtrElec",4,5,16,"",-130.622,0,0,0,0,0,0,0,0,0,0,0,0,0,0,0,0,0,0,0,0,192.284,0,0,-322.906
"MtrElec",4,5,17,"",-44.6656,0,0,0,0,0,0,0,0,0,0,0,0,0,0,0,0,0,0,0,0,205.367,0,0,-250.033
"MtrElec",4,5,18,"",72.4371,0,0,0,0,0,0,0,0,0,0,0,0,0,0,0,0,0,0,0,0,218.876,0,0,-146.439
"MtrElec",4,5,19,"",102.598,0,0,0,0,0,0,0,0,0,0,0,0,0,0,0,0,0,0,0,0,297.014,0,-157.698,-36.7189
"MtrElec",4,5,20,"",120.956,0,0,0,0,0,0,0,0,0,0,0,0,0,0,0,0,0,0,0,0,278.654,0,-157.698,0
"MtrElec",4,5,21,"",49.1675,0,0,0,0,0,0,0,0,0,0,0,0,0,0,0,0,0,0,0,0,206.865,0,-157.698,0
"MtrElec",4,5,22,"",185.972,0,0,0,0,0,0,0,0,0,0,0,0,0,0,0,0,0,0,0,0,243.896,0,-57.9236,0
"MtrElec",4,5,23,"",194.154,0,0,0,0,0,0,0,0,0,0,0,0,0,0,0,0,0,0,0,0,194.154,0,0,0
"MtrElec",4,5,24,"",151.871,0,0,0,0,0,0,0,0,0,0,0,0,0,0,0,0,0,0,0,0,151.871,0,0,0
"MtrElec",4,6,1,"",117.16,0,0,0,0,0,0,0,0,0,0,0,0,0,0,0,0,0,0,0,0,117.16,0,0,0
"MtrElec",4,6,2,"",101.126,0,0,0,0,0,0,0,0,0,0,0,0,0,0,0,0,0,0,0,0,101.126,0,0,0
"MtrElec",4,6,3,"",89.2728,0,0,0,0,0,0,0,0,0,0,0,0,0,0,0,0,0,0,0,0,89.2728,0,0,0
"MtrElec",4,6,4,"",137.469,0,0,0,0,0,0,0,0,0,0,0,0,0,0,0,0,0,0,0,0,137.469,0,0,0
"MtrElec",4,6,5,"",101.382,0,0,0,0,0,0,0,0,0,0,0,0,0,0,0,0,0,0,0,0,101.382,0,0,0
"MtrElec",4,6,6,"",89.887,0,0,0,0,0,0,0,0,0,0,0,0,0,0,0,0,0,0,0,0,89.887,0,0,0
"MtrElec",4,6,7,"",183.604,0,0,0,0,0,0,0,0,0,0,0,0,0,0,0,0,0,0,0,0,183.604,0,0,0
"MtrElec",4,6,8,"",212.987,0,0,0,0,0,0,0,0,0,0,0,0,0,0,0,0,0,0,0,0,229.652,0,0,-16.665
"MtrElec",4,6,9,"",182.928,0,0,0,0,0,0,0,0,0,0,0,0,0,0,0,0,0,0,0,0,252.587,0,0,-69.6588
"MtrElec",4,6,10,"",156.873,0,0,0,0,0,0,0,0,0,0,0,0,0,0,0,0,0,0,0,0,243.256,0,0,-86.3834
"MtrElec",4,6,11,"",127.897,0,0,0,0,0,0,0,0,0,0,0,0,0,0,0,0,0,0,0,0,242.414,0,0,-114.517
"MtrElec",4,6,12,"",0.0000020,0,0,0,0,0,0,0,0,0,0,0,0,0,0,0,0,0,0,0,0,183.875,0,31.7131,-215.588
"MtrElec",4,6,13,"",0,0,0,0,0,0,0,0,0,0,0,0,0,0,0,0,0,0,0,0,0,208.217,0,70.1286,-278.345
"MtrElec",4,6,14,"",0.0000078,0,0,0,0,0,0,0,0,0,0,0,0,0,0,0,0,0,0,0,0,168.205,0,75.4225,-243.627
"MtrElec",4,6,15,"",0.0000078,0,0,0,0,0,0,0,0,0,0,0,0,0,0,0,0,0,0,0,0,142.699,0,86.1759,-228.875
"MtrElec",4,6,16,"",0.0000078,0,0,0,0,0,0,0,0,0,0,0,0,0,0,0,0,0,0,0,0,167.822,0,87.903,-255.725
"MtrElec",4,6,17,"",0,0,0,0,0,0,0,0,0,0,0,0,0,0,0,0,0,0,0,0,0,215.532,0,24.3829,-239.915
"MtrElec",4,6,18,"",66.8217,0,0,0,0,0,0,0,0,0,0,0,0,0,0,0,0,0,0,0,0,209.729,0,0,-142.907
"MtrElec",4,6,19,"",48.4162,0,0,0,0,0,0,0,0,0,0,0,0,0,0,0,0,0,0,0,0,240.855,0,-157.698,-34.7406
"MtrElec",4,6,20,"",101.148,0,0,0,0,0,0,0,0,0,0,0,0,0,0,0,0,0,0,0,0,258.846,0,-157.698,0
"MtrElec",4,6,21,"",231.779,0,0,0,0,0,0,0,0,0,0,0,0,0,0,0,0,0,0,0,0,255.475,0,-23.6968,0
"MtrElec",4,6,22,"",203.938,0,0,0,0,0,0,0,0,0,0,0,0,0,0,0,0,0,0,0,0,203.938,0,0,0
"MtrElec",4,6,23,"",216.155,0,0,0,0,0,0,0,0,0,0,0,0,0,0,0,0,0,0,0,0,216.155,0,0,0
"MtrElec",4,6,24,"",133.502,0,0,0,0,0,0,0,0,0,0,0,0,0,0,0,0,0,0,0,0,133.502,0,0,0
"MtrElec",4,7,1,"",169.645,0,0,0,0,0,0,0,0,0,0,0,0,0,0,0,0,0,0,0,0,169.645,0,0,0
"MtrElec",4,7,2,"",102.394,0,0,0,0,0,0,0,0,0,0,0,0,0,0,0,0,0,0,0,0,102.394,0,0,0
"MtrElec",4,7,3,"",85.3496,0,0,0,0,0,0,0,0,0,0,0,0,0,0,0,0,0,0,0,0,85.3496,0,0,0
"MtrElec",4,7,4,"",105.612,0,0,0,0,0,0,0,0,0,0,0,0,0,0,0,0,0,0,0,0,105.612,0,0,0
"MtrElec",4,7,5,"",94.8827,0,0,0,0,0,0,0,0,0,0,0,0,0,0,0,0,0,0,0,0,94.8827,0,0,0
"MtrElec",4,7,6,"",133.121,0,0,0,0,0,0,0,0,0,0,0,0,0,0,0,0,0,0,0,0,133.121,0,0,0
"MtrElec",4,7,7,"",169.482,0,0,0,0,0,0,0,0,0,0,0,0,0,0,0,0,0,0,0,0,172.949,0,0,-3.467
"MtrElec",4,7,8,"",174.229,0,0,0,0,0,0,0,0,0,0,0,0,0,0,0,0,0,0,0,0,230.792,0,0,-56.5638
"MtrElec",4,7,9,"",134.483,0,0,0,0,0,0,0,0,0,0,0,0,0,0,0,0,0,0,0,0,249.06,0,0,-114.577
"MtrElec",4,7,10,"",141.326,0,0,0,0,0,0,0,0,0,0,0,0,0,0,0,0,0,0,0,0,257.203,0,0,-115.877
"MtrElec",4,7,11,"",0.0000039,0,0,0,0,0,0,0,0,0,0,0,0,0,0,0,0,0,0,0,0,266.459,0,50.6151,-317.074
"MtrElec",4,7,12,"",-72.1771,0,0,0,0,0,0,0,0,0,0,0,0,0,0,0,0,0,0,0,0,215.648,0,157.698,-445.523
"MtrElec",4,7,13,"",-56.833,0,0,0,0,0,0,0,0,0,0,0,0,0,0,0,0,0,0,0,0,241.883,0,157.698,-456.414
"MtrElec",4,7,14,"",-82.5632,0,0,0,0,0,0,0,0,0,0,0,0,0,0,0,0,0,0,0,0,166.635,0,157.698,-406.896
"MtrElec",4,7,15,"",-242.744,0,0,0,0,0,0,0,0,0,0,0,0,0,0,0,0,0,0,0,0,142.244,0,64.6762,-449.664
"MtrElec",4,7,16,"",-120.803,0,0,0,0,0,0,0,0,0,0,0,0,0,0,0,0,0,0,0,0,189.891,0,0,-310.694
"MtrElec",4,7,17,"",14.0566,0,0,0,0,0,0,0,0,0,0,0,0,0,0,0,0,0,0,0,0,188.577,0,0,-174.521
"MtrElec",4,7,18,"",164.006,0,0,0,0,0,0,0,0,0,0,0,0,0,0,0,0,0,0,0,0,209.348,0,0,-45.3423
"MtrElec",4,7,19,"",78.0771,0,0,0,0,0,0,0,0,0,0,0,0,0,0,0,0,0,0,0,0,259.611,0,-157.698,-23.8363
"MtrElec",4,7,20,"",84.4006,0,0,0,0,0,0,0,0,0,0,0,0,0,0,0,0,0,0,0,0,242.098,0,-157.698,0
"MtrElec",4,7,21,"",143.123,0,0,0,0,0,0,0,0,0,0,0,0,0,0,0,0,0,0,0,0,300.821,0,-157.698,0
"MtrElec",4,7,22,"",124.769,0,0,0,0,0,0,0,0,0,0,0,0,0,0,0,0,0,0,0,0,182.692,0,-57.9236,0
"MtrElec",4,7,23,"",232.121,0,0,0,0,0,0,0,0,0,0,0,0,0,0,0,0,0,0,0,0,232.121,0,0,0
"MtrElec",4,7,24,"",187.932,0,0,0,0,0,0,0,0,0,0,0,0,0,0,0,0,0,0,0,0,187.932,0,0,0
"MtrElec",4,8,1,"",123.361,0,0,0,0,0,0,0,0,0,0,0,0,0,0,0,0,0,0,0,0,123.361,0,0,0
"MtrElec",4,8,2,"",101.995,0,0,0,0,0,0,0,0,0,0,0,0,0,0,0,0,0,0,0,0,101.995,0,0,0
"MtrElec",4,8,3,"",95.0434,0,0,0,0,0,0,0,0,0,0,0,0,0,0,0,0,0,0,0,0,95.0434,0,0,0
"MtrElec",4,8,4,"",103.605,0,0,0,0,0,0,0,0,0,0,0,0,0,0,0,0,0,0,0,0,103.605,0,0,0
"MtrElec",4,8,5,"",101.778,0,0,0,0,0,0,0,0,0,0,0,0,0,0,0,0,0,0,0,0,101.778,0,0,0
"MtrElec",4,8,6,"",165.108,0,0,0,0,0,0,0,0,0,0,0,0,0,0,0,0,0,0,0,0,165.108,0,0,0
"MtrElec",4,8,7,"",145.922,0,0,0,0,0,0,0,0,0,0,0,0,0,0,0,0,0,0,0,0,150.578,0,0,-4.65553
"MtrElec",4,8,8,"",143.329,0,0,0,0,0,0,0,0,0,0,0,0,0,0,0,0,0,0,0,0,226.81,0,0,-83.4808
"MtrElec",4,8,9,"",81.5876,0,0,0,0,0,0,0,0,0,0,0,0,0,0,0,0,0,0,0,0,254.037,0,0,-172.449
"MtrElec",4,8,10,"",36.8963,0,0,0,0,0,0,0,0,0,0,0,0,0,0,0,0,0,0,0,0,260.237,0,0,-223.34
"MtrElec",4,8,11,"",-35.4457,0,0,0,0,0,0,0,0,0,0,0,0,0,0,0,0,0,0,0,0,197.138,0,157.698,-390.281
"MtrElec",4,8,12,"",0,0,0,0,0,0,0,0,0,0,0,0,0,0,0,0,0,0,0,0,0,208.715,0,154.204,-362.919
"MtrElec",4,8,13,"",60.0437,0,0,0,0,0,0,0,0,0,0,0,0,0,0,0,0,0,0,0,0,214.259,0,0,-154.215
"MtrElec",4,8,14,"",0.0000020,0,0,0,0,0,0,0,0,0,0,0,0,0,0,0,0,0,0,0,0,118.68,0,27.6322,-146.313
"MtrElec",4,8,15,"",0,0,0,0,0,0,0,0,0,0,0,0,0,0,0,0,0,0,0,0,0,165.949,0,34.7831,-200.732
"MtrElec",4,8,16,"",0,0,0,0,0,0,0,0,0,0,0,0,0,0,0,0,0,0,0,0,0,130.801,0,87.9572,-218.758
"MtrElec",4,8,17,"",86.1421,0,0,0,0,0,0,0,0,0,0,0,0,0,0,0,0,0,0,0,0,187.153,0,0,-101.011
"MtrElec",4,8,18,"",114.311,0,0,0,0,0,0,0,0,0,0,0,0,0,0,0,0,0,0,0,0,231.278,0,0,-116.967
"MtrElec",4,8,19,"",64.9709,0,0,0,0,0,0,0,0,0,0,0,0,0,0,0,0,0,0,0,0,259.217,0,-157.698,-36.548
"MtrElec",4,8,20,"",151.839,0,0,0,0,0,0,0,0,0,0,0,0,0,0,0,0,0,0,0,0,309.537,0,-157.698,0
"MtrElec",4,8,21,"",163.821,0,0,0,0,0,0,0,0,0,0,0,0,0,0,0,0,0,0,0,0,265.627,0,-101.806,0
"MtrElec",4,8,22,"",236.498,0,0,0,0,0,0,0,0,0,0,0,0,0,0,0,0,0,0,0,0,236.498,0,0,0
"MtrElec",4,8,23,"",229.147,0,0,0,0,0,0,0,0,0,0,0,0,0,0,0,0,0,0,0,0,229.147,0,0,0
"MtrElec",4,8,24,"",131.549,0,0,0,0,0,0,0,0,0,0,0,0,0,0,0,0,0,0,0,0,131.549,0,0,0
"MtrElec",4,9,1,"",145.55,0,0,0,0,0,0,0,0,0,0,0,0,0,0,0,0,0,0,0,0,145.55,0,0,0
"MtrElec",4,9,2,"",117.757,0,0,0,0,0,0,0,0,0,0,0,0,0,0,0,0,0,0,0,0,117.757,0,0,0
"MtrElec",4,9,3,"",86.0153,0,0,0,0,0,0,0,0,0,0,0,0,0,0,0,0,0,0,0,0,86.0153,0,0,0
"MtrElec",4,9,4,"",102.228,0,0,0,0,0,0,0,0,0,0,0,0,0,0,0,0,0,0,0,0,102.228,0,0,0
"MtrElec",4,9,5,"",101.539,0,0,0,0,0,0,0,0,0,0,0,0,0,0,0,0,0,0,0,0,101.539,0,0,0
"MtrElec",4,9,6,"",125.683,0,0,0,0,0,0,0,0,0,0,0,0,0,0,0,0,0,0,0,0,125.683,0,0,0
"MtrElec",4,9,7,"",286.778,0,0,0,0,0,0,0,0,0,0,0,0,0,0,0,0,0,0,0,0,291.183,0,0,-4.4052
"MtrElec",4,9,8,"",185.111,0,0,0,0,0,0,0,0,0,0,0,0,0,0,0,0,0,0,0,0,246.146,0,0,-61.0345
"MtrElec",4,9,9,"",58.8243,0,0,0,0,0,0,0,0,0,0,0,0,0,0,0,0,0,0,0,0,246.849,0,0,-188.025
"MtrElec",4,9,10,"",0,0,0,0,0,0,0,0,0,0,0,0,0,0,0,0,0,0,0,0,0,232.148,0,71.5308,-303.679
"MtrElec",4,9,11,"",0,0,0,0,0,0,0,0,0,0,0,0,0,0,0,0,0,0,0,0,0,249.187,0,147.095,-396.282
"MtrElec",4,9,12,"",-60.0676,0,0,0,0,0,0,0,0,0,0,0,0,0,0,0,0,0,0,0,0,235.499,0,157.698,-453.265
"MtrElec",4,9,13,"",-77.76,0,0,0,0,0,0,0,0,0,0,0,0,0,0,0,0,0,0,0,0,219.636,0,157.698,-455.094
"MtrElec",4,9,14,"",-267.904,0,0,0,0,0,0,0,0,0,0,0,0,0,0,0,0,0,0,0,0,134.7,0,54.3638,-456.968
"MtrElec",4,9,15,"",-100.348,0,0,0,0,0,0,0,0,0,0,0,0,0,0,0,0,0,0,0,0,197.763,0,0,-298.111
"MtrElec",4,9,16,"",-157.219,0,0,0,0,0,0,0,0,0,0,0,0,0,0,0,0,0,0,0,0,159.893,0,0,-317.113
"MtrElec",4,9,17,"",25.7733,0,0,0,0,0,0,0,0,0,0,0,0,0,0,0,0,0,0,0,0,213.843,0,0,-188.07
"MtrElec",4,9,18,"",177.661,0,0,0,0,0,0,0,0,0,0,0,0,0,0,0,0,0,0,0,0,243.578,0,0,-65.9164
"MtrElec",4,9,19,"",82.9817,0,0,0,0,0,0,0,0,0,0,0,0,0,0,0,0,0,0,0,0,279.675,0,-157.698,-38.9951
"MtrElec",4,9,20,"",158.356,0,0,0,0,0,0,0,0,0,0,0,0,0,0,0,0,0,0,0,0,316.054,0,-157.698,0
"MtrElec",4,9,21,"",90.5882,0,0,0,0,0,0,0,0,0,0,0,0,0,0,0,0,0,0,0,0,248.286,0,-157.698,0
"MtrElec",4,9,22,"",159.76,0,0,0,0,0,0,0,0,0,0,0,0,0,0,0,0,0,0,0,0,217.683,0,-57.9236,0
"MtrElec",4,9,23,"",193.6,0,0,0,0,0,0,0,0,0,0,0,0,0,0,0,0,0,0,0,0,193.6,0,0,0
"MtrElec",4,9,24,"",188.039,0,0,0,0,0,0,0,0,0,0,0,0,0,0,0,0,0,0,0,0,188.039,0,0,0
"MtrElec",4,10,1,"",146.867,0,0,0,0,0,0,0,0,0,0,0,0,0,0,0,0,0,0,0,0,146.867,0,0,0
"MtrElec",4,10,2,"",130.269,0,0,0,0,0,0,0,0,0,0,0,0,0,0,0,0,0,0,0,0,130.269,0,0,0
"MtrElec",4,10,3,"",117.641,0,0,0,0,0,0,0,0,0,0,0,0,0,0,0,0,0,0,0,0,117.641,0,0,0
"MtrElec",4,10,4,"",132.332,0,0,0,0,0,0,0,0,0,0,0,0,0,0,0,0,0,0,0,0,132.332,0,0,0
"MtrElec",4,10,5,"",130.452,0,0,0,0,0,0,0,0,0,0,0,0,0,0,0,0,0,0,0,0,130.452,0,0,0
"MtrElec",4,10,6,"",176.093,0,0,0,0,0,0,0,0,0,0,0,0,0,0,0,0,0,0,0,0,176.093,0,0,0
"MtrElec",4,10,7,"",160.221,0,0,0,0,0,0,0,0,0,0,0,0,0,0,0,0,0,0,0,0,164.476,0,0,-4.25462
"MtrElec",4,10,8,"",182.18,0,0,0,0,0,0,0,0,0,0,0,0,0,0,0,0,0,0,0,0,244.907,0,0,-62.7274
"MtrElec",4,10,9,"",89.9974,0,0,0,0,0,0,0,0,0,0,0,0,0,0,0,0,0,0,0,0,275.49,0,0,-185.493
"MtrElec",4,10,10,"",0,0,0,0,0,0,0,0,0,0,0,0,0,0,0,0,0,0,0,0,0,293.102,0,7.88578,-300.988
"MtrElec",4,10,11,"",0,0,0,0,0,0,0,0,0,0,0,0,0,0,0,0,0,0,0,0,0,236.244,0,156.643,-392.887
"MtrElec",4,10,12,"",-67.5881,0,0,0,0,0,0,0,0,0,0,0,0,0,0,0,0,0,0,0,0,216.642,0,157.698,-441.928
"MtrElec",4,10,13,"",-69.053,0,0,0,0,0,0,0,0,0,0,0,0,0,0,0,0,0,0,0,0,240.079,0,157.698,-466.83
"MtrElec",4,10,14,"",-231.656,0,0,0,0,0,0,0,0,0,0,0,0,0,0,0,0,0,0,0,0,127.302,0,108.461,-467.419
"MtrElec",4,10,15,"",-275.024,0,0,0,0,0,0,0,0,0,0,0,0,0,0,0,0,0,0,0,0,157.766,0,0,-432.79
"MtrElec",4,10,16,"",-229.766,0,0,0,0,0,0,0,0,0,0,0,0,0,0,0,0,0,0,0,0,139.009,0,0,-368.776
"MtrElec",4,10,17,"",-89.0962,0,0,0,0,0,0,0,0,0,0,0,0,0,0,0,0,0,0,0,0,185.978,0,0,-275.074
"MtrElec",4,10,18,"",61.0495,0,0,0,0,0,0,0,0,0,0,0,0,0,0,0,0,0,0,0,0,214.832,0,0,-153.782
"MtrElec",4,10,19,"",46.9208,0,0,0,0,0,0,0,0,0,0,0,0,0,0,0,0,0,0,0,0,242.545,0,-157.698,-37.9268
"MtrElec",4,10,20,"",85.0755,0,0,0,0,0,0,0,0,0,0,0,0,0,0,0,0,0,0,0,0,242.773,0,-157.698,0
"MtrElec",4,10,21,"",115.297,0,0,0,0,0,0,0,0,0,0,0,0,0,0,0,0,0,0,0,0,272.995,0,-157.698,0
"MtrElec",4,10,22,"",157.149,0,0,0,0,0,0,0,0,0,0,0,0,0,0,0,0,0,0,0,0,215.073,0,-57.9236,0
"MtrElec",4,10,23,"",160.42,0,0,0,0,0,0,0,0,0,0,0,0,0,0,0,0,0,0,0,0,160.42,0,0,0
"MtrElec",4,10,24,"",192.657,0,0,0,0,0,0,0,0,0,0,0,0,0,0,0,0,0,0,0,0,192.657,0,0,0
"MtrElec",4,11,1,"",102.43,0,0,0,0,0,0,0,0,0,0,0,0,0,0,0,0,0,0,0,0,102.43,0,0,0
"MtrElec",4,11,2,"",100.209,0,0,0,0,0,0,0,0,0,0,0,0,0,0,0,0,0,0,0,0,100.209,0,0,0
"MtrElec",4,11,3,"",96.6591,0,0,0,0,0,0,0,0,0,0,0,0,0,0,0,0,0,0,0,0,96.6591,0,0,0
"MtrElec",4,11,4,"",89.4588,0,0,0,0,0,0,0,0,0,0,0,0,0,0,0,0,0,0,0,0,89.4588,0,0,0
"MtrElec",4,11,5,"",108.253,0,0,0,0,0,0,0,0,0,0,0,0,0,0,0,0,0,0,0,0,108.253,0,0,0
"MtrElec",4,11,6,"",106.232,0,0,0,0,0,0,0,0,0,0,0,0,0,0,0,0,0,0,0,0,106.232,0,0,0
"MtrElec",4,11,7,"",149.779,0,0,0,0,0,0,0,0,0,0,0,0,0,0,0,0,0,0,0,0,152.846,0,0,-3.06757
"MtrElec",4,11,8,"",119.984,0,0,0,0,0,0,0,0,0,0,0,0,0,0,0,0,0,0,0,0,184.374,0,0,-64.3899
"MtrElec",4,11,9,"",35.5007,0,0,0,0,0,0,0,0,0,0,0,0,0,0,0,0,0,0,0,0,214.64,0,0,-179.139
"MtrElec",4,11,10,"",48.0518,0,0,0,0,0,0,0,0,0,0,0,0,0,0,0,0,0,0,0,0,278.242,0,0,-230.19
"MtrElec",4,11,11,"",0,0,0,0,0,0,0,0,0,0,0,0,0,0,0,0,0,0,0,0,0,279.383,0,42.1133,-321.496
"MtrElec",4,11,12,"",0.0000078,0,0,0,0,0,0,0,0,0,0,0,0,0,0,0,0,0,0,0,0,250.221,0,114.882,-365.104
"MtrElec",4,11,13,"",-55.6461,0,0,0,0,0,0,0,0,0,0,0,0,0,0,0,0,0,0,0,0,230.986,0,157.698,-444.33
"MtrElec",4,11,14,"",-99.4365,0,0,0,0,0,0,0,0,0,0,0,0,0,0,0,0,0,0,0,0,207.657,0,157.698,-464.792
"MtrElec",4,11,15,"",-76.6503,0,0,0,0,0,0,0,0,0,0,0,0,0,0,0,0,0,0,0,0,229.714,0,115.994,-422.358
"MtrElec",4,11,16,"",-164.421,0,0,0,0,0,0,0,0,0,0,0,0,0,0,0,0,0,0,0,0,199.334,0,0,-363.756
"MtrElec",4,11,17,"",-45.5713,0,0,0,0,0,0,0,0,0,0,0,0,0,0,0,0,0,0,0,0,226.088,0,0,-271.659
"MtrElec",4,11,18,"",95.0649,0,0,0,0,0,0,0,0,0,0,0,0,0,0,0,0,0,0,0,0,247.037,0,0,-151.972
"MtrElec",4,11,19,"",90.3328,0,0,0,0,0,0,0,0,0,0,0,0,0,0,0,0,0,0,0,0,285.878,0,-157.698,-37.8472
"MtrElec",4,11,20,"",152.164,0,0,0,0,0,0,0,0,0,0,0,0,0,0,0,0,0,0,0,0,309.862,0,-157.698,0
"MtrElec",4,11,21,"",48.5175,0,0,0,0,0,0,0,0,0,0,0,0,0,0,0,0,0,0,0,0,206.215,0,-157.698,0
"MtrElec",4,11,22,"",187.362,0,0,0,0,0,0,0,0,0,0,0,0,0,0,0,0,0,0,0,0,245.286,0,-57.9236,0
"MtrElec",4,11,23,"",187.28,0,0,0,0,0,0,0,0,0,0,0,0,0,0,0,0,0,0,0,0,187.28,0,0,0
"MtrElec",4,11,24,"",153.965,0,0,0,0,0,0,0,0,0,0,0,0,0,0,0,0,0,0,0,0,153.965,0,0,0
"MtrElec",4,12,1,"",102.646,0,0,0,0,0,0,0,0,0,0,0,0,0,0,0,0,0,0,0,0,102.646,0,0,0
"MtrElec",4,12,2,"",99.9658,0,0,0,0,0,0,0,0,0,0,0,0,0,0,0,0,0,0,0,0,99.9658,0,0,0
"MtrElec",4,12,3,"",98.2382,0,0,0,0,0,0,0,0,0,0,0,0,0,0,0,0,0,0,0,0,98.2382,0,0,0
"MtrElec",4,12,4,"",133.835,0,0,0,0,0,0,0,0,0,0,0,0,0,0,0,0,0,0,0,0,133.835,0,0,0
"MtrElec",4,12,5,"",128.792,0,0,0,0,0,0,0,0,0,0,0,0,0,0,0,0,0,0,0,0,128.792,0,0,0
"MtrElec",4,12,6,"",103.679,0,0,0,0,0,0,0,0,0,0,0,0,0,0,0,0,0,0,0,0,103.679,0,0,0
"MtrElec",4,12,7,"",132.612,0,0,0,0,0,0,0,0,0,0,0,0,0,0,0,0,0,0,0,0,137.287,0,0,-4.67487
"MtrElec",4,12,8,"",88.8383,0,0,0,0,0,0,0,0,0,0,0,0,0,0,0,0,0,0,0,0,152.606,0,0,-63.7676
"MtrElec",4,12,9,"",17.8389,0,0,0,0,0,0,0,0,0,0,0,0,0,0,0,0,0,0,0,0,197.346,0,0,-179.507
"MtrElec",4,12,10,"",0,0,0,0,0,0,0,0,0,0,0,0,0,0,0,0,0,0,0,0,0,261.486,0,32.9108,-294.397
"MtrElec",4,12,11,"",0,0,0,0,0,0,0,0,0,0,0,0,0,0,0,0,0,0,0,0,0,315.876,0,67.3515,-383.227
"MtrElec",4,12,12,"",-52.3447,0,0,0,0,0,0,0,0,0,0,0,0,0,0,0,0,0,0,0,0,225.669,0,157.698,-435.711
"MtrElec",4,12,13,"",-24.3043,0,0,0,0,0,0,0,0,0,0,0,0,0,0,0,0,0,0,0,0,267.75,0,157.698,-449.752
"MtrElec",4,12,14,"",-86.2466,0,0,0,0,0,0,0,0,0,0,0,0,0,0,0,0,0,0,0,0,215.347,0,157.698,-459.291
"MtrElec",4,12,15,"",-191.771,0,0,0,0,0,0,0,0,0,0,0,0,0,0,0,0,0,0,0,0,226.761,0,15.029,-433.561
"MtrElec",4,12,16,"",-161.014,0,0,0,0,0,0,0,0,0,0,0,0,0,0,0,0,0,0,0,0,205.085,0,0,-366.099
"MtrElec",4,12,17,"",-88.7074,0,0,0,0,0,0,0,0,0,0,0,0,0,0,0,0,0,0,0,0,180.997,0,0,-269.705
"MtrElec",4,12,18,"",79.9611,0,0,0,0,0,0,0,0,0,0,0,0,0,0,0,0,0,0,0,0,229.965,0,0,-150.004
"MtrElec",4,12,19,"",68.2898,0,0,0,0,0,0,0,0,0,0,0,0,0,0,0,0,0,0,0,0,264.266,0,-157.698,-38.2788
"MtrElec",4,12,20,"",122.404,0,0,0,0,0,0,0,0,0,0,0,0,0,0,0,0,0,0,0,0,280.102,0,-157.698,0
"MtrElec",4,12,21,"",63.7892,0,0,0,0,0,0,0,0,0,0,0,0,0,0,0,0,0,0,0,0,221.487,0,-157.698,0
"MtrElec",4,12,22,"",158.053,0,0,0,0,0,0,0,0,0,0,0,0,0,0,0,0,0,0,0,0,215.976,0,-57.9236,0
"MtrElec",4,12,23,"",193.077,0,0,0,0,0,0,0,0,0,0,0,0,0,0,0,0,0,0,0,0,193.077,0,0,0
"MtrElec",4,12,24,"",164.391,0,0,0,0,0,0,0,0,0,0,0,0,0,0,0,0,0,0,0,0,164.391,0,0,0
"MtrElec",4,13,1,"",131.391,0,0,0,0,0,0,0,0,0,0,0,0,0,0,0,0,0,0,0,0,131.391,0,0,0
"MtrElec",4,13,2,"",100.63,0,0,0,0,0,0,0,0,0,0,0,0,0,0,0,0,0,0,0,0,100.63,0,0,0
"MtrElec",4,13,3,"",86.4646,0,0,0,0,0,0,0,0,0,0,0,0,0,0,0,0,0,0,0,0,86.4646,0,0,0
"MtrElec",4,13,4,"",94.8432,0,0,0,0,0,0,0,0,0,0,0,0,0,0,0,0,0,0,0,0,94.8432,0,0,0
"MtrElec",4,13,5,"",95.5809,0,0,0,0,0,0,0,0,0,0,0,0,0,0,0,0,0,0,0,0,95.5809,0,0,0
"MtrElec",4,13,6,"",153.659,0,0,0,0,0,0,0,0,0,0,0,0,0,0,0,0,0,0,0,0,153.659,0,0,0
"MtrElec",4,13,7,"",143.45,0,0,0,0,0,0,0,0,0,0,0,0,0,0,0,0,0,0,0,0,147.46,0,0,-4.01055
"MtrElec",4,13,8,"",172.943,0,0,0,0,0,0,0,0,0,0,0,0,0,0,0,0,0,0,0,0,232.785,0,0,-59.8419
"MtrElec",4,13,9,"",139.971,0,0,0,0,0,0,0,0,0,0,0,0,0,0,0,0,0,0,0,0,263.718,0,0,-123.747
"MtrElec",4,13,10,"",6.06541,0,0,0,0,0,0,0,0,0,0,0,0,0,0,0,0,0,0,0,0,205.481,0,0,-199.416
"MtrElec",4,13,11,"",0,0,0,0,0,0,0,0,0,0,0,0,0,0,0,0,0,0,0,0,0,219.809,0,139.326,-359.134
"MtrElec",4,13,12,"",-110.887,0,0,0,0,0,0,0,0,0,0,0,0,0,0,0,0,0,0,0,0,148.447,0,157.698,-417.032
"MtrElec",4,13,13,"",-73.4007,0,0,0,0,0,0,0,0,0,0,0,0,0,0,0,0,0,0,0,0,172.727,0,157.698,-403.826
"MtrElec",4,13,14,"",-124.964,0,0,0,0,0,0,0,0,0,0,0,0,0,0,0,0,0,0,0,0,146.67,0,133.664,-405.298
"MtrElec",4,13,15,"",-148.622,0,0,0,0,0,0,0,0,0,0,0,0,0,0,0,0,0,0,0,0,123.951,0,0,-272.574
"MtrElec",4,13,16,"",-180.405,0,0,0,0,0,0,0,0,0,0,0,0,0,0,0,0,0,0,0,0,161.438,0,0,-341.842
"MtrElec",4,13,17,"",-68.2616,0,0,0,0,0,0,0,0,0,0,0,0,0,0,0,0,0,0,0,0,157.144,0,0,-225.406
"MtrElec",4,13,18,"",81.2247,0,0,0,0,0,0,0,0,0,0,0,0,0,0,0,0,0,0,0,0,204.634,0,0,-123.409
"MtrElec",4,13,19,"",24.3653,0,0,0,0,0,0,0,0,0,0,0,0,0,0,0,0,0,0,0,0,219.941,0,-157.698,-37.8779
"MtrElec",4,13,20,"",95.4433,0,0,0,0,0,0,0,0,0,0,0,0,0,0,0,0,0,0,0,0,253.141,0,-157.698,0
"MtrElec",4,13,21,"",143.886,0,0,0,0,0,0,0,0,0,0,0,0,0,0,0,0,0,0,0,0,301.584,0,-157.698,0
"MtrElec",4,13,22,"",134.739,0,0,0,0,0,0,0,0,0,0,0,0,0,0,0,0,0,0,0,0,192.663,0,-57.9236,0
"MtrElec",4,13,23,"",176.844,0,0,0,0,0,0,0,0,0,0,0,0,0,0,0,0,0,0,0,0,176.844,0,0,0
"MtrElec",4,13,24,"",172.904,0,0,0,0,0,0,0,0,0,0,0,0,0,0,0,0,0,0,0,0,172.904,0,0,0
"MtrElec",4,14,1,"",91.9814,0,0,0,0,0,0,0,0,0,0,0,0,0,0,0,0,0,0,0,0,91.9814,0,0,0
"MtrElec",4,14,2,"",103.909,0,0,0,0,0,0,0,0,0,0,0,0,0,0,0,0,0,0,0,0,103.909,0,0,0
"MtrElec",4,14,3,"",100.731,0,0,0,0,0,0,0,0,0,0,0,0,0,0,0,0,0,0,0,0,100.731,0,0,0
"MtrElec",4,14,4,"",101.746,0,0,0,0,0,0,0,0,0,0,0,0,0,0,0,0,0,0,0,0,101.746,0,0,0
"MtrElec",4,14,5,"",109.265,0,0,0,0,0,0,0,0,0,0,0,0,0,0,0,0,0,0,0,0,109.265,0,0,0
"MtrElec",4,14,6,"",140.971,0,0,0,0,0,0,0,0,0,0,0,0,0,0,0,0,0,0,0,0,140.971,0,0,0
"MtrElec",4,14,7,"",191.655,0,0,0,0,0,0,0,0,0,0,0,0,0,0,0,0,0,0,0,0,198.927,0,0,-7.27207
"MtrElec",4,14,8,"",172.955,0,0,0,0,0,0,0,0,0,0,0,0,0,0,0,0,0,0,0,0,240.285,0,0,-67.3303
"MtrElec",4,14,9,"",79.8013,0,0,0,0,0,0,0,0,0,0,0,0,0,0,0,0,0,0,0,0,266.537,0,0,-186.736
"MtrElec",4,14,10,"",0,0,0,0,0,0,0,0,0,0,0,0,0,0,0,0,0,0,0,0,0,220.76,0,79.1464,-299.906
"MtrElec",4,14,11,"",0,0,0,0,0,0,0,0,0,0,0,0,0,0,0,0,0,0,0,0,0,252.333,0,132.029,-384.362
"MtrElec",4,14,12,"",-61.1388,0,0,0,0,0,0,0,0,0,0,0,0,0,0,0,0,0,0,0,0,223.442,0,157.698,-442.279
"MtrElec",4,14,13,"",-127.182,0,0,0,0,0,0,0,0,0,0,0,0,0,0,0,0,0,0,0,0,177.365,0,157.698,-462.244
"MtrElec",4,14,14,"",-261.848,0,0,0,0,0,0,0,0,0,0,0,0,0,0,0,0,0,0,0,0,136.835,0,61.8137,-460.496
"MtrElec",4,14,15,"",-264.395,0,0,0,0,0,0,0,0,0,0,0,0,0,0,0,0,0,0,0,0,161.487,0,0,-425.881
"MtrElec",4,14,16,"",-174.342,0,0,0,0,0,0,0,0,0,0,0,0,0,0,0,0,0,0,0,0,185.143,0,0,-359.485
"MtrElec",4,14,17,"",-52.5352,0,0,0,0,0,0,0,0,0,0,0,0,0,0,0,0,0,0,0,0,213.79,0,0,-266.326
"MtrElec",4,14,18,"",59.2241,0,0,0,0,0,0,0,0,0,0,0,0,0,0,0,0,0,0,0,0,210.837,0,0,-151.613
"MtrElec",4,14,19,"",29.0117,0,0,0,0,0,0,0,0,0,0,0,0,0,0,0,0,0,0,0,0,224.724,0,-157.698,-38.0139
"MtrElec",4,14,20,"",110.092,0,0,0,0,0,0,0,0,0,0,0,0,0,0,0,0,0,0,0,0,267.79,0,-157.698,0
"MtrElec",4,14,21,"",204.699,0,0,0,0,0,0,0,0,0,0,0,0,0,0,0,0,0,0,0,0,362.397,0,-157.698,0
"MtrElec",4,14,22,"",138.075,0,0,0,0,0,0,0,0,0,0,0,0,0,0,0,0,0,0,0,0,195.999,0,-57.9236,0
"MtrElec",4,14,23,"",165.412,0,0,0,0,0,0,0,0,0,0,0,0,0,0,0,0,0,0,0,0,165.412,0,0,0
"MtrElec",4,14,24,"",200.055,0,0,0,0,0,0,0,0,0,0,0,0,0,0,0,0,0,0,0,0,200.055,0,0,0
"MtrElec",4,15,1,"",127.082,0,0,0,0,0,0,0,0,0,0,0,0,0,0,0,0,0,0,0,0,127.082,0,0,0
"MtrElec",4,15,2,"",90.4664,0,0,0,0,0,0,0,0,0,0,0,0,0,0,0,0,0,0,0,0,90.4664,0,0,0
"MtrElec",4,15,3,"",94.8176,0,0,0,0,0,0,0,0,0,0,0,0,0,0,0,0,0,0,0,0,94.8176,0,0,0
"MtrElec",4,15,4,"",105.65,0,0,0,0,0,0,0,0,0,0,0,0,0,0,0,0,0,0,0,0,105.65,0,0,0
"MtrElec",4,15,5,"",126.351,0,0,0,0,0,0,0,0,0,0,0,0,0,0,0,0,0,0,0,0,126.351,0,0,0
"MtrElec",4,15,6,"",107.806,0,0,0,0,0,0,0,0,0,0,0,0,0,0,0,0,0,0,0,0,107.806,0,0,0
"MtrElec",4,15,7,"",204.039,0,0,0,0,0,0,0,0,0,0,0,0,0,0,0,0,0,0,0,0,212.238,0,0,-8.19896
"MtrElec",4,15,8,"",159.155,0,0,0,0,0,0,0,0,0,0,0,0,0,0,0,0,0,0,0,0,224.578,0,0,-65.4234
"MtrElec",4,15,9,"",17.0929,0,0,0,0,0,0,0,0,0,0,0,0,0,0,0,0,0,0,0,0,202.427,0,0,-185.334
"MtrElec",4,15,10,"",0.0000039,0,0,0,0,0,0,0,0,0,0,0,0,0,0,0,0,0,0,0,0,243.491,0,51.5837,-295.074
"MtrElec",4,15,11,"",0,0,0,0,0,0,0,0,0,0,0,0,0,0,0,0,0,0,0,0,0,221.528,0,155.189,-376.717
"MtrElec",4,15,12,"",-94.2544,0,0,0,0,0,0,0,0,0,0,0,0,0,0,0,0,0,0,0,0,170.443,0,157.698,-422.396
"MtrElec",4,15,13,"",-38.4231,0,0,0,0,0,0,0,0,0,0,0,0,0,0,0,0,0,0,0,0,243.371,0,157.698,-439.492
"MtrElec",4,15,14,"",-201.283,0,0,0,0,0,0,0,0,0,0,0,0,0,0,0,0,0,0,0,0,165.957,0,66.2165,-433.457
"MtrElec",4,15,15,"",-227.419,0,0,0,0,0,0,0,0,0,0,0,0,0,0,0,0,0,0,0,0,179.12,0,0,-406.538
"MtrElec",4,15,16,"",-167.732,0,0,0,0,0,0,0,0,0,0,0,0,0,0,0,0,0,0,0,0,182.431,0,0,-350.163
"MtrElec",4,15,17,"",-18.9438,0,0,0,0,0,0,0,0,0,0,0,0,0,0,0,0,0,0,0,0,242.584,0,0,-261.527
"MtrElec",4,15,18,"",84.3618,0,0,0,0,0,0,0,0,0,0,0,0,0,0,0,0,0,0,0,0,234.094,0,0,-149.732
"MtrElec",4,15,19,"",78.8173,0,0,0,0,0,0,0,0,0,0,0,0,0,0,0,0,0,0,0,0,273.99,0,-157.698,-37.4745
"MtrElec",4,15,20,"",101.886,0,0,0,0,0,0,0,0,0,0,0,0,0,0,0,0,0,0,0,0,259.584,0,-157.698,0
"MtrElec",4,15,21,"",85.9838,0,0,0,0,0,0,0,0,0,0,0,0,0,0,0,0,0,0,0,0,243.682,0,-157.698,0
"MtrElec",4,15,22,"",159.429,0,0,0,0,0,0,0,0,0,0,0,0,0,0,0,0,0,0,0,0,217.353,0,-57.9236,0
"MtrElec",4,15,23,"",236.843,0,0,0,0,0,0,0,0,0,0,0,0,0,0,0,0,0,0,0,0,236.843,0,0,0
"MtrElec",4,15,24,"",166.985,0,0,0,0,0,0,0,0,0,0,0,0,0,0,0,0,0,0,0,0,166.985,0,0,0
"MtrElec",4,16,1,"",162.823,0,0,0,0,0,0,0,0,0,0,0,0,0,0,0,0,0,0,0,0,162.823,0,0,0
"MtrElec",4,16,2,"",101.909,0,0,0,0,0,0,0,0,0,0,0,0,0,0,0,0,0,0,0,0,101.909,0,0,0
"MtrElec",4,16,3,"",85.1435,0,0,0,0,0,0,0,0,0,0,0,0,0,0,0,0,0,0,0,0,85.1435,0,0,0
"MtrElec",4,16,4,"",105.962,0,0,0,0,0,0,0,0,0,0,0,0,0,0,0,0,0,0,0,0,105.962,0,0,0
"MtrElec",4,16,5,"",97.4889,0,0,0,0,0,0,0,0,0,0,0,0,0,0,0,0,0,0,0,0,97.4889,0,0,0
"MtrElec",4,16,6,"",96.3602,0,0,0,0,0,0,0,0,0,0,0,0,0,0,0,0,0,0,0,0,96.3602,0,0,0
"MtrElec",4,16,7,"",175.776,0,0,0,0,0,0,0,0,0,0,0,0,0,0,0,0,0,0,0,0,184.835,0,0,-9.05849
"MtrElec",4,16,8,"",169.27,0,0,0,0,0,0,0,0,0,0,0,0,0,0,0,0,0,0,0,0,235.623,0,0,-66.3528
"MtrElec",4,16,9,"",26.4731,0,0,0,0,0,0,0,0,0,0,0,0,0,0,0,0,0,0,0,0,210.654,0,0,-184.18
"MtrElec",4,16,10,"",0,0,0,0,0,0,0,0,0,0,0,0,0,0,0,0,0,0,0,0,0,233.939,0,58.4016,-292.34
"MtrElec",4,16,11,"",0.0000078,0,0,0,0,0,0,0,0,0,0,0,0,0,0,0,0,0,0,0,0,254.413,0,113.332,-367.745
"MtrElec",4,16,12,"",0,0,0,0,0,0,0,0,0,0,0,0,0,0,0,0,0,0,0,0,0,274.728,0,142.403,-417.131
"MtrElec",4,16,13,"",-27.2097,0,0,0,0,0,0,0,0,0,0,0,0,0,0,0,0,0,0,0,0,261.969,0,157.698,-446.877
"MtrElec",4,16,14,"",-128.065,0,0,0,0,0,0,0,0,0,0,0,0,0,0,0,0,0,0,0,0,202.048,0,116.551,-446.664
"MtrElec",4,16,15,"",-175.691,0,0,0,0,0,0,0,0,0,0,0,0,0,0,0,0,0,0,0,0,236.849,0,0,-412.54
"MtrElec",4,16,16,"",-143.238,0,0,0,0,0,0,0,0,0,0,0,0,0,0,0,0,0,0,0,0,210.94,0,0,-354.178
"MtrElec",4,16,17,"",6.33725,0,0,0,0,0,0,0,0,0,0,0,0,0,0,0,0,0,0,0,0,272.304,0,0,-265.967
"MtrElec",4,16,18,"",157.7,0,0,0,0,0,0,0,0,0,0,0,0,0,0,0,0,0,0,0,0,308.504,0,0,-150.804
"MtrElec",4,16,19,"",131.781,0,0,0,0,0,0,0,0,0,0,0,0,0,0,0,0,0,0,0,0,327.32,0,-157.698,-37.8418
"MtrElec",4,16,20,"",146.529,0,0,0,0,0,0,0,0,0,0,0,0,0,0,0,0,0,0,0,0,304.227,0,-157.698,0
"MtrElec",4,16,21,"",122.555,0,0,0,0,0,0,0,0,0,0,0,0,0,0,0,0,0,0,0,0,280.253,0,-157.698,0
"MtrElec",4,16,22,"",177.569,0,0,0,0,0,0,0,0,0,0,0,0,0,0,0,0,0,0,0,0,235.493,0,-57.9236,0
"MtrElec",4,16,23,"",245.186,0,0,0,0,0,0,0,0,0,0,0,0,0,0,0,0,0,0,0,0,245.186,0,0,0
"MtrElec",4,16,24,"",203.372,0,0,0,0,0,0,0,0,0,0,0,0,0,0,0,0,0,0,0,0,203.372,0,0,0
"MtrElec",4,17,1,"",132.604,0,0,0,0,0,0,0,0,0,0,0,0,0,0,0,0,0,0,0,0,132.604,0,0,0
"MtrElec",4,17,2,"",104.86,0,0,0,0,0,0,0,0,0,0,0,0,0,0,0,0,0,0,0,0,104.86,0,0,0
"MtrElec",4,17,3,"",87.3968,0,0,0,0,0,0,0,0,0,0,0,0,0,0,0,0,0,0,0,0,87.3968,0,0,0
"MtrElec",4,17,4,"",99.0978,0,0,0,0,0,0,0,0,0,0,0,0,0,0,0,0,0,0,0,0,99.0978,0,0,0
"MtrElec",4,17,5,"",94.7903,0,0,0,0,0,0,0,0,0,0,0,0,0,0,0,0,0,0,0,0,94.7903,0,0,0
"MtrElec",4,17,6,"",133.313,0,0,0,0,0,0,0,0,0,0,0,0,0,0,0,0,0,0,0,0,133.313,0,0,0
"MtrElec",4,17,7,"",164.541,0,0,0,0,0,0,0,0,0,0,0,0,0,0,0,0,0,0,0,0,173.665,0,0,-9.12439
"MtrElec",4,17,8,"",182.922,0,0,0,0,0,0,0,0,0,0,0,0,0,0,0,0,0,0,0,0,249.351,0,0,-66.4286
"MtrElec",4,17,9,"",46.7362,0,0,0,0,0,0,0,0,0,0,0,0,0,0,0,0,0,0,0,0,229.479,0,0,-182.743
"MtrElec",4,17,10,"",0,0,0,0,0,0,0,0,0,0,0,0,0,0,0,0,0,0,0,0,0,221.788,0,65.8547,-287.643
"MtrElec",4,17,11,"",-14.147,0,0,0,0,0,0,0,0,0,0,0,0,0,0,0,0,0,0,0,0,193.27,0,157.698,-365.115
"MtrElec",4,17,12,"",-84.2306,0,0,0,0,0,0,0,0,0,0,0,0,0,0,0,0,0,0,0,0,186.763,0,157.698,-428.691
"MtrElec",4,17,13,"",-77.5375,0,0,0,0,0,0,0,0,0,0,0,0,0,0,0,0,0,0,0,0,223.709,0,157.698,-458.944
"MtrElec",4,17,14,"",-259.461,0,0,0,0,0,0,0,0,0,0,0,0,0,0,0,0,0,0,0,0,143.773,0,49.4366,-452.67
"MtrElec",4,17,15,"",-235.304,0,0,0,0,0,0,0,0,0,0,0,0,0,0,0,0,0,0,0,0,187.237,0,0,-422.54
"MtrElec",4,17,16,"",-148.207,0,0,0,0,0,0,0,0,0,0,0,0,0,0,0,0,0,0,0,0,213.045,0,0,-361.252
"MtrElec",4,17,17,"",0.4085,0,0,0,0,0,0,0,0,0,0,0,0,0,0,0,0,0,0,0,0,268.554,0,0,-268.145
"MtrElec",4,17,18,"",103.042,0,0,0,0,0,0,0,0,0,0,0,0,0,0,0,0,0,0,0,0,249.653,0,0,-146.611
"MtrElec",4,17,19,"",88.3215,0,0,0,0,0,0,0,0,0,0,0,0,0,0,0,0,0,0,0,0,280.281,0,-157.698,-34.2612
"MtrElec",4,17,20,"",109.668,0,0,0,0,0,0,0,0,0,0,0,0,0,0,0,0,0,0,0,0,267.366,0,-157.698,0
"MtrElec",4,17,21,"",132.657,0,0,0,0,0,0,0,0,0,0,0,0,0,0,0,0,0,0,0,0,290.355,0,-157.698,0
"MtrElec",4,17,22,"",161.277,0,0,0,0,0,0,0,0,0,0,0,0,0,0,0,0,0,0,0,0,219.201,0,-57.9236,0
"MtrElec",4,17,23,"",202.109,0,0,0,0,0,0,0,0,0,0,0,0,0,0,0,0,0,0,0,0,202.109,0,0,0
"MtrElec",4,17,24,"",133.07,0,0,0,0,0,0,0,0,0,0,0,0,0,0,0,0,0,0,0,0,133.07,0,0,0
"MtrElec",4,18,1,"",112.306,0,0,0,0,0,0,0,0,0,0,0,0,0,0,0,0,0,0,0,0,112.306,0,0,0
"MtrElec",4,18,2,"",108.702,0,0,0,0,0,0,0,0,0,0,0,0,0,0,0,0,0,0,0,0,108.702,0,0,0
"MtrElec",4,18,3,"",125.184,0,0,0,0,0,0,0,0,0,0,0,0,0,0,0,0,0,0,0,0,125.184,0,0,0
"MtrElec",4,18,4,"",99.8088,0,0,0,0,0,0,0,0,0,0,0,0,0,0,0,0,0,0,0,0,99.8088,0,0,0
"MtrElec",4,18,5,"",111.372,0,0,0,0,0,0,0,0,0,0,0,0,0,0,0,0,0,0,0,0,111.372,0,0,0
"MtrElec",4,18,6,"",88.0151,0,0,0,0,0,0,0,0,0,0,0,0,0,0,0,0,0,0,0,0,88.0151,0,0,0
"MtrElec",4,18,7,"",139.657,0,0,0,0,0,0,0,0,0,0,0,0,0,0,0,0,0,0,0,0,152.039,0,0,-12.3825
"MtrElec",4,18,8,"",107.477,0,0,0,0,0,0,0,0,0,0,0,0,0,0,0,0,0,0,0,0,168.682,0,0,-61.2046
"MtrElec",4,18,9,"",129.732,0,0,0,0,0,0,0,0,0,0,0,0,0,0,0,0,0,0,0,0,162.143,0,0,-32.4107
"MtrElec",4,18,10,"",178.64,0,0,0,0,0,0,0,0,0,0,0,0,0,0,0,0,0,0,0,0,252.386,0,0,-73.7467
"MtrElec",4,18,11,"",184.792,0,0,0,0,0,0,0,0,0,0,0,0,0,0,0,0,0,0,0,0,321.935,0,0,-137.143
"MtrElec",4,18,12,"",115.212,0,0,0,0,0,0,0,0,0,0,0,0,0,0,0,0,0,0,0,0,300.888,0,0,-185.675
"MtrElec",4,18,13,"",146.383,0,0,0,0,0,0,0,0,0,0,0,0,0,0,0,0,0,0,0,0,337.041,0,0,-190.658
"MtrElec",4,18,14,"",7.15356,0,0,0,0,0,0,0,0,0,0,0,0,0,0,0,0,0,0,0,0,231.132,0,0,-223.978
"MtrElec",4,18,15,"",128.575,0,0,0,0,0,0,0,0,0,0,0,0,0,0,0,0,0,0,0,0,234.456,0,0,-105.882
"MtrElec",4,18,16,"",95.1425,0,0,0,0,0,0,0,0,0,0,0,0,0,0,0,0,0,0,0,0,202.505,0,0,-107.362
"MtrElec",4,18,17,"",184.811,0,0,0,0,0,0,0,0,0,0,0,0,0,0,0,0,0,0,0,0,227.175,0,0,-42.3643
"MtrElec",4,18,18,"",213.019,0,0,0,0,0,0,0,0,0,0,0,0,0,0,0,0,0,0,0,0,226.097,0,0,-13.0779
"MtrElec",4,18,19,"",373.807,0,0,0,0,0,0,0,0,0,0,0,0,0,0,0,0,0,0,0,0,396.358,0,0,-22.5503
"MtrElec",4,18,20,"",291.062,0,0,0,0,0,0,0,0,0,0,0,0,0,0,0,0,0,0,0,0,291.467,0,0,-0.404626
"MtrElec",4,18,21,"",284.289,0,0,0,0,0,0,0,0,0,0,0,0,0,0,0,0,0,0,0,0,284.289,0,0,0
"MtrElec",4,18,22,"",283.754,0,0,0,0,0,0,0,0,0,0,0,0,0,0,0,0,0,0,0,0,283.754,0,0,0
"MtrElec",4,18,23,"",194.568,0,0,0,0,0,0,0,0,0,0,0,0,0,0,0,0,0,0,0,0,194.568,0,0,0
"MtrElec",4,18,24,"",145.655,0,0,0,0,0,0,0,0,0,0,0,0,0,0,0,0,0,0,0,0,145.655,0,0,0
"MtrElec",4,19,1,"",113.254,0,0,0,0,0,0,0,0,0,0,0,0,0,0,0,0,0,0,0,0,113.254,0,0,0
"MtrElec",4,19,2,"",101.274,0,0,0,0,0,0,0,0,0,0,0,0,0,0,0,0,0,0,0,0,101.274,0,0,0
"MtrElec",4,19,3,"",125.721,0,0,0,0,0,0,0,0,0,0,0,0,0,0,0,0,0,0,0,0,125.721,0,0,0
"MtrElec",4,19,4,"",99.6973,0,0,0,0,0,0,0,0,0,0,0,0,0,0,0,0,0,0,0,0,99.6973,0,0,0
"MtrElec",4,19,5,"",96.3646,0,0,0,0,0,0,0,0,0,0,0,0,0,0,0,0,0,0,0,0,96.3646,0,0,0
"MtrElec",4,19,6,"",87.4644,0,0,0,0,0,0,0,0,0,0,0,0,0,0,0,0,0,0,0,0,87.4644,0,0,0
"MtrElec",4,19,7,"",147.485,0,0,0,0,0,0,0,0,0,0,0,0,0,0,0,0,0,0,0,0,148.936,0,0,-1.45058
"MtrElec",4,19,8,"",112.616,0,0,0,0,0,0,0,0,0,0,0,0,0,0,0,0,0,0,0,0,170.409,0,0,-57.7929
"MtrElec",4,19,9,"",55.3867,0,0,0,0,0,0,0,0,0,0,0,0,0,0,0,0,0,0,0,0,155.976,0,0,-100.589
"MtrElec",4,19,10,"",0,0,0,0,0,0,0,0,0,0,0,0,0,0,0,0,0,0,0,0,0,250.675,0,5.83156,-256.507
"MtrElec",4,19,11,"",36.116,0,0,0,0,0,0,0,0,0,0,0,0,0,0,0,0,0,0,0,0,328.043,0,0,-291.927
"MtrElec",4,19,12,"",0,0,0,0,0,0,0,0,0,0,0,0,0,0,0,0,0,0,0,0,0,253.298,0,122.536,-375.834
"MtrElec",4,19,13,"",-39.5229,0,0,0,0,0,0,0,0,0,0,0,0,0,0,0,0,0,0,0,0,252.856,0,157.698,-450.077
"MtrElec",4,19,14,"",-10.9011,0,0,0,0,0,0,0,0,0,0,0,0,0,0,0,0,0,0,0,0,234.492,0,157.698,-403.091
"MtrElec",4,19,15,"",-21.1673,0,0,0,0,0,0,0,0,0,0,0,0,0,0,0,0,0,0,0,0,261.762,0,144.622,-427.552
"MtrElec",4,19,16,"",-137.875,0,0,0,0,0,0,0,0,0,0,0,0,0,0,0,0,0,0,0,0,224.236,0,0,-362.111
"MtrElec",4,19,17,"",-50.9106,0,0,0,0,0,0,0,0,0,0,0,0,0,0,0,0,0,0,0,0,217.113,0,0,-268.024
"MtrElec",4,19,18,"",118.286,0,0,0,0,0,0,0,0,0,0,0,0,0,0,0,0,0,0,0,0,226.484,0,0,-108.198
"MtrElec",4,19,19,"",108.382,0,0,0,0,0,0,0,0,0,0,0,0,0,0,0,0,0,0,0,0,306.5,0,-157.698,-40.4196
"MtrElec",4,19,20,"",136.176,0,0,0,0,0,0,0,0,0,0,0,0,0,0,0,0,0,0,0,0,294.239,0,-157.698,-0.364435
"MtrElec",4,19,21,"",94.2381,0,0,0,0,0,0,0,0,0,0,0,0,0,0,0,0,0,0,0,0,251.936,0,-157.698,0
"MtrElec",4,19,22,"",169.73,0,0,0,0,0,0,0,0,0,0,0,0,0,0,0,0,0,0,0,0,227.653,0,-57.9236,0
"MtrElec",4,19,23,"",203.091,0,0,0,0,0,0,0,0,0,0,0,0,0,0,0,0,0,0,0,0,203.091,0,0,0
"MtrElec",4,19,24,"",158.538,0,0,0,0,0,0,0,0,0,0,0,0,0,0,0,0,0,0,0,0,158.538,0,0,0
"MtrElec",4,20,1,"",161.989,0,0,0,0,0,0,0,0,0,0,0,0,0,0,0,0,0,0,0,0,161.989,0,0,0
"MtrElec",4,20,2,"",101.308,0,0,0,0,0,0,0,0,0,0,0,0,0,0,0,0,0,0,0,0,101.308,0,0,0
"MtrElec",4,20,3,"",83.8909,0,0,0,0,0,0,0,0,0,0,0,0,0,0,0,0,0,0,0,0,83.8909,0,0,0
"MtrElec",4,20,4,"",98.7791,0,0,0,0,0,0,0,0,0,0,0,0,0,0,0,0,0,0,0,0,98.7791,0,0,0
"MtrElec",4,20,5,"",96.5373,0,0,0,0,0,0,0,0,0,0,0,0,0,0,0,0,0,0,0,0,96.5373,0,0,0
"MtrElec",4,20,6,"",107.732,0,0,0,0,0,0,0,0,0,0,0,0,0,0,0,0,0,0,0,0,107.732,0,0,0
"MtrElec",4,20,7,"",174.83,0,0,0,0,0,0,0,0,0,0,0,0,0,0,0,0,0,0,0,0,181.272,0,0,-6.44172
"MtrElec",4,20,8,"",170.966,0,0,0,0,0,0,0,0,0,0,0,0,0,0,0,0,0,0,0,0,234.335,0,0,-63.3687
"MtrElec",4,20,9,"",151.027,0,0,0,0,0,0,0,0,0,0,0,0,0,0,0,0,0,0,0,0,250.394,0,0,-99.3669
"MtrElec",4,20,10,"",0.0000039,0,0,0,0,0,0,0,0,0,0,0,0,0,0,0,0,0,0,0,0,161.789,0,47.1657,-208.954
"MtrElec",4,20,11,"",0,0,0,0,0,0,0,0,0,0,0,0,0,0,0,0,0,0,0,0,0,226.862,0,85.1922,-312.054
"MtrElec",4,20,12,"",21.8233,0,0,0,0,0,0,0,0,0,0,0,0,0,0,0,0,0,0,0,0,190.901,0,0,-169.078
"MtrElec",4,20,13,"",1.96923,0,0,0,0,0,0,0,0,0,0,0,0,0,0,0,0,0,0,0,0,154.259,0,0,-152.29
"MtrElec",4,20,14,"",0,0,0,0,0,0,0,0,0,0,0,0,0,0,0,0,0,0,0,0,0,158.819,0,130.284,-289.103
"MtrElec",4,20,15,"",0.0000156,0,0,0,0,0,0,0,0,0,0,0,0,0,0,0,0,0,0,0,0,198.906,0,146.48,-345.385
"MtrElec",4,20,16,"",-69.7221,0,0,0,0,0,0,0,0,0,0,0,0,0,0,0,0,0,0,0,0,135.642,0,157.698,-363.062
"MtrElec",4,20,17,"",-49.7373,0,0,0,0,0,0,0,0,0,0,0,0,0,0,0,0,0,0,0,0,197.72,0,21.5652,-269.022
"MtrElec",4,20,18,"",74.321,0,0,0,0,0,0,0,0,0,0,0,0,0,0,0,0,0,0,0,0,224.645,0,0,-150.324
"MtrElec",4,20,19,"",21.7777,0,0,0,0,0,0,0,0,0,0,0,0,0,0,0,0,0,0,0,0,219.044,0,-157.698,-39.568
"MtrElec",4,20,20,"",80.6465,0,0,0,0,0,0,0,0,0,0,0,0,0,0,0,0,0,0,0,0,238.344,0,-157.698,0
"MtrElec",4,20,21,"",111.454,0,0,0,0,0,0,0,0,0,0,0,0,0,0,0,0,0,0,0,0,269.152,0,-157.698,0
"MtrElec",4,20,22,"",151.071,0,0,0,0,0,0,0,0,0,0,0,0,0,0,0,0,0,0,0,0,208.995,0,-57.9236,0
"MtrElec",4,20,23,"",228.976,0,0,0,0,0,0,0,0,0,0,0,0,0,0,0,0,0,0,0,0,228.976,0,0,0
"MtrElec",4,20,24,"",188.46,0,0,0,0,0,0,0,0,0,0,0,0,0,0,0,0,0,0,0,0,188.46,0,0,0
"MtrElec",4,21,1,"",122.26,0,0,0,0,0,0,0,0,0,0,0,0,0,0,0,0,0,0,0,0,122.26,0,0,0
"MtrElec",4,21,2,"",93.9812,0,0,0,0,0,0,0,0,0,0,0,0,0,0,0,0,0,0,0,0,93.9812,0,0,0
"MtrElec",4,21,3,"",90.9069,0,0,0,0,0,0,0,0,0,0,0,0,0,0,0,0,0,0,0,0,90.9069,0,0,0
"MtrElec",4,21,4,"",98.4443,0,0,0,0,0,0,0,0,0,0,0,0,0,0,0,0,0,0,0,0,98.4443,0,0,0
"MtrElec",4,21,5,"",84.2761,0,0,0,0,0,0,0,0,0,0,0,0,0,0,0,0,0,0,0,0,84.2761,0,0,0
"MtrElec",4,21,6,"",149.935,0,0,0,0,0,0,0,0,0,0,0,0,0,0,0,0,0,0,0,0,149.935,0,0,0
"MtrElec",4,21,7,"",169.872,0,0,0,0,0,0,0,0,0,0,0,0,0,0,0,0,0,0,0,0,185.24,0,0,-15.3672
"MtrElec",4,21,8,"",172.743,0,0,0,0,0,0,0,0,0,0,0,0,0,0,0,0,0,0,0,0,244.91,0,0,-72.1674
"MtrElec",4,21,9,"",168.612,0,0,0,0,0,0,0,0,0,0,0,0,0,0,0,0,0,0,0,0,214.642,0,0,-46.0293
"MtrElec",4,21,10,"",167.564,0,0,0,0,0,0,0,0,0,0,0,0,0,0,0,0,0,0,0,0,237.176,0,0,-69.6113
"MtrElec",4,21,11,"",95.6461,0,0,0,0,0,0,0,0,0,0,0,0,0,0,0,0,0,0,0,0,213.346,0,0,-117.7
"MtrElec",4,21,12,"",0,0,0,0,0,0,0,0,0,0,0,0,0,0,0,0,0,0,0,0,0,215.158,0,39.3042,-254.463
"MtrElec",4,21,13,"",13.9736,0,0,0,0,0,0,0,0,0,0,0,0,0,0,0,0,0,0,0,0,265.973,0,0,-251.999
"MtrElec",4,21,14,"",-124.854,0,0,0,0,0,0,0,0,0,0,0,0,0,0,0,0,0,0,0,0,115.773,0,157.698,-398.325
"MtrElec",4,21,15,"",-98.332,0,0,0,0,0,0,0,0,0,0,0,0,0,0,0,0,0,0,0,0,176.183,0,157.698,-432.213
"MtrElec",4,21,16,"",-83.8252,0,0,0,0,0,0,0,0,0,0,0,0,0,0,0,0,0,0,0,0,128.04,0,157.698,-369.563
"MtrElec",4,21,17,"",-22.5328,0,0,0,0,0,0,0,0,0,0,0,0,0,0,0,0,0,0,0,0,176.574,0,75.987,-275.094
"MtrElec",4,21,18,"",65.632,0,0,0,0,0,0,0,0,0,0,0,0,0,0,0,0,0,0,0,0,221.834,0,0,-156.202
"MtrElec",4,21,19,"",111.637,0,0,0,0,0,0,0,0,0,0,0,0,0,0,0,0,0,0,0,0,309.221,0,-157.698,-39.8863
"MtrElec",4,21,20,"",102.563,0,0,0,0,0,0,0,0,0,0,0,0,0,0,0,0,0,0,0,0,260.546,0,-157.698,-0.285234
"MtrElec",4,21,21,"",101.672,0,0,0,0,0,0,0,0,0,0,0,0,0,0,0,0,0,0,0,0,259.37,0,-157.698,0
"MtrElec",4,21,22,"",184.262,0,0,0,0,0,0,0,0,0,0,0,0,0,0,0,0,0,0,0,0,242.186,0,-57.9236,0
"MtrElec",4,21,23,"",206.876,0,0,0,0,0,0,0,0,0,0,0,0,0,0,0,0,0,0,0,0,206.876,0,0,0
"MtrElec",4,21,24,"",123.024,0,0,0,0,0,0,0,0,0,0,0,0,0,0,0,0,0,0,0,0,123.024,0,0,0
"MtrElec",4,22,1,"",163.674,0,0,0,0,0,0,0,0,0,0,0,0,0,0,0,0,0,0,0,0,163.674,0,0,0
"MtrElec",4,22,2,"",105.713,0,0,0,0,0,0,0,0,0,0,0,0,0,0,0,0,0,0,0,0,105.713,0,0,0
"MtrElec",4,22,3,"",89.5233,0,0,0,0,0,0,0,0,0,0,0,0,0,0,0,0,0,0,0,0,89.5233,0,0,0
"MtrElec",4,22,4,"",108.534,0,0,0,0,0,0,0,0,0,0,0,0,0,0,0,0,0,0,0,0,108.534,0,0,0
"MtrElec",4,22,5,"",98.9046,0,0,0,0,0,0,0,0,0,0,0,0,0,0,0,0,0,0,0,0,98.9046,0,0,0
"MtrElec",4,22,6,"",136.749,0,0,0,0,0,0,0,0,0,0,0,0,0,0,0,0,0,0,0,0,136.749,0,0,0
"MtrElec",4,22,7,"",137.804,0,0,0,0,0,0,0,0,0,0,0,0,0,0,0,0,0,0,0,0,144.863,0,0,-7.05905
"MtrElec",4,22,8,"",170.244,0,0,0,0,0,0,0,0,0,0,0,0,0,0,0,0,0,0,0,0,240.751,0,0,-70.5068
"MtrElec",4,22,9,"",65.4725,0,0,0,0,0,0,0,0,0,0,0,0,0,0,0,0,0,0,0,0,257.32,0,0,-191.848
"MtrElec",4,22,10,"",0,0,0,0,0,0,0,0,0,0,0,0,0,0,0,0,0,0,0,0,0,210.946,0,91.0094,-301.956
"MtrElec",4,22,11,"",-50.9141,0,0,0,0,0,0,0,0,0,0,0,0,0,0,0,0,0,0,0,0,179.518,0,157.698,-388.13
"MtrElec",4,22,12,"",-90.3948,0,0,0,0,0,0,0,0,0,0,0,0,0,0,0,0,0,0,0,0,185.533,0,157.698,-433.626
"MtrElec",4,22,13,"",-104.075,0,0,0,0,0,0,0,0,0,0,0,0,0,0,0,0,0,0,0,0,196.683,0,157.698,-458.455
"MtrElec",4,22,14,"",-302.402,0,0,0,0,0,0,0,0,0,0,0,0,0,0,0,0,0,0,0,0,136.654,0,24.2819,-463.338
"MtrElec",4,22,15,"",-259.423,0,0,0,0,0,0,0,0,0,0,0,0,0,0,0,0,0,0,0,0,168.896,0,0,-428.319
"MtrElec",4,22,16,"",-180.901,0,0,0,0,0,0,0,0,0,0,0,0,0,0,0,0,0,0,0,0,181.147,0,0,-362.048
"MtrElec",4,22,17,"",-91.8339,0,0,0,0,0,0,0,0,0,0,0,0,0,0,0,0,0,0,0,0,151.542,0,0,-243.376
"MtrElec",4,22,18,"",81.0578,0,0,0,0,0,0,0,0,0,0,0,0,0,0,0,0,0,0,0,0,231.802,0,0,-150.744
"MtrElec",4,22,19,"",77.6537,0,0,0,0,0,0,0,0,0,0,0,0,0,0,0,0,0,0,0,0,270.562,0,-157.698,-35.2103
"MtrElec",4,22,20,"",90.9154,0,0,0,0,0,0,0,0,0,0,0,0,0,0,0,0,0,0,0,0,248.613,0,-157.698,0
"MtrElec",4,22,21,"",86.9498,0,0,0,0,0,0,0,0,0,0,0,0,0,0,0,0,0,0,0,0,244.648,0,-157.698,0
"MtrElec",4,22,22,"",168.725,0,0,0,0,0,0,0,0,0,0,0,0,0,0,0,0,0,0,0,0,226.649,0,-57.9236,0
"MtrElec",4,22,23,"",202.783,0,0,0,0,0,0,0,0,0,0,0,0,0,0,0,0,0,0,0,0,202.783,0,0,0
"MtrElec",4,22,24,"",131.373,0,0,0,0,0,0,0,0,0,0,0,0,0,0,0,0,0,0,0,0,131.373,0,0,0
"MtrElec",4,23,1,"",111.66,0,0,0,0,0,0,0,0,0,0,0,0,0,0,0,0,0,0,0,0,111.66,0,0,0
"MtrElec",4,23,2,"",132.444,0,0,0,0,0,0,0,0,0,0,0,0,0,0,0,0,0,0,0,0,132.444,0,0,0
"MtrElec",4,23,3,"",91.0881,0,0,0,0,0,0,0,0,0,0,0,0,0,0,0,0,0,0,0,0,91.0881,0,0,0
"MtrElec",4,23,4,"",112.173,0,0,0,0,0,0,0,0,0,0,0,0,0,0,0,0,0,0,0,0,112.173,0,0,0
"MtrElec",4,23,5,"",93.8837,0,0,0,0,0,0,0,0,0,0,0,0,0,0,0,0,0,0,0,0,93.8837,0,0,0
"MtrElec",4,23,6,"",112.02,0,0,0,0,0,0,0,0,0,0,0,0,0,0,0,0,0,0,0,0,112.02,0,0,0
"MtrElec",4,23,7,"",180.121,0,0,0,0,0,0,0,0,0,0,0,0,0,0,0,0,0,0,0,0,183.362,0,0,-3.2413
"MtrElec",4,23,8,"",169.393,0,0,0,0,0,0,0,0,0,0,0,0,0,0,0,0,0,0,0,0,234.641,0,0,-65.2481
"MtrElec",4,23,9,"",149.522,0,0,0,0,0,0,0,0,0,0,0,0,0,0,0,0,0,0,0,0,263.122,0,0,-113.6
"MtrElec",4,23,10,"",87.7293,0,0,0,0,0,0,0,0,0,0,0,0,0,0,0,0,0,0,0,0,297.5,0,0,-209.77
"MtrElec",4,23,11,"",0,0,0,0,0,0,0,0,0,0,0,0,0,0,0,0,0,0,0,0,0,216.074,0,39.0727,-255.147
"MtrElec",4,23,12,"",0,0,0,0,0,0,0,0,0,0,0,0,0,0,0,0,0,0,0,0,0,207.672,0,57.6629,-265.335
"MtrElec",4,23,13,"",0,0,0,0,0,0,0,0,0,0,0,0,0,0,0,0,0,0,0,0,0,232.577,0,11.2592,-243.837
"MtrElec",4,23,14,"",-18.4101,0,0,0,0,0,0,0,0,0,0,0,0,0,0,0,0,0,0,0,0,122.153,0,157.698,-298.261
"MtrElec",4,23,15,"",0.0000039,0,0,0,0,0,0,0,0,0,0,0,0,0,0,0,0,0,0,0,0,171.479,0,60.8597,-232.339
"MtrElec",4,23,16,"",35.306,0,0,0,0,0,0,0,0,0,0,0,0,0,0,0,0,0,0,0,0,164.034,0,0,-128.727
"MtrElec",4,23,17,"",0,0,0,0,0,0,0,0,0,0,0,0,0,0,0,0,0,0,0,0,0,160.036,0,17.9037,-177.94
"MtrElec",4,23,18,"",100.453,0,0,0,0,0,0,0,0,0,0,0,0,0,0,0,0,0,0,0,0,215.049,0,0,-114.596
"MtrElec",4,23,19,"",71.6967,0,0,0,0,0,0,0,0,0,0,0,0,0,0,0,0,0,0,0,0,270.335,0,-157.698,-40.9407
"MtrElec",4,23,20,"",82.4148,0,0,0,0,0,0,0,0,0,0,0,0,0,0,0,0,0,0,0,0,236.392,0,-153.174,-0.803135
"MtrElec",4,23,21,"",301.293,0,0,0,0,0,0,0,0,0,0,0,0,0,0,0,0,0,0,0,0,301.293,0,0,0
"MtrElec",4,23,22,"",209.106,0,0,0,0,0,0,0,0,0,0,0,0,0,0,0,0,0,0,0,0,209.106,0,0,0
"MtrElec",4,23,23,"",211.965,0,0,0,0,0,0,0,0,0,0,0,0,0,0,0,0,0,0,0,0,211.965,0,0,0
"MtrElec",4,23,24,"",138.332,0,0,0,0,0,0,0,0,0,0,0,0,0,0,0,0,0,0,0,0,138.332,0,0,0
"MtrElec",4,24,1,"",130.482,0,0,0,0,0,0,0,0,0,0,0,0,0,0,0,0,0,0,0,0,130.482,0,0,0
"MtrElec",4,24,2,"",100.831,0,0,0,0,0,0,0,0,0,0,0,0,0,0,0,0,0,0,0,0,100.831,0,0,0
"MtrElec",4,24,3,"",83.4862,0,0,0,0,0,0,0,0,0,0,0,0,0,0,0,0,0,0,0,0,83.4862,0,0,0
"MtrElec",4,24,4,"",98.0407,0,0,0,0,0,0,0,0,0,0,0,0,0,0,0,0,0,0,0,0,98.0407,0,0,0
"MtrElec",4,24,5,"",135.455,0,0,0,0,0,0,0,0,0,0,0,0,0,0,0,0,0,0,0,0,135.455,0,0,0
"MtrElec",4,24,6,"",90.0563,0,0,0,0,0,0,0,0,0,0,0,0,0,0,0,0,0,0,0,0,90.0563,0,0,0
"MtrElec",4,24,7,"",195.296,0,0,0,0,0,0,0,0,0,0,0,0,0,0,0,0,0,0,0,0,202.825,0,0,-7.52904
"MtrElec",4,24,8,"",187.875,0,0,0,0,0,0,0,0,0,0,0,0,0,0,0,0,0,0,0,0,245.569,0,0,-57.6936
"MtrElec",4,24,9,"",224.031,0,0,0,0,0,0,0,0,0,0,0,0,0,0,0,0,0,0,0,0,263.29,0,0,-39.259
"MtrElec",4,24,10,"",153.217,0,0,0,0,0,0,0,0,0,0,0,0,0,0,0,0,0,0,0,0,213.24,0,0,-60.0227
"MtrElec",4,24,11,"",29.08,0,0,0,0,0,0,0,0,0,0,0,0,0,0,0,0,0,0,0,0,196.747,0,0,-167.667
"MtrElec",4,24,12,"",0,0,0,0,0,0,0,0,0,0,0,0,0,0,0,0,0,0,0,0,0,217.059,0,56.8368,-273.895
"MtrElec",4,24,13,"",0.0000078,0,0,0,0,0,0,0,0,0,0,0,0,0,0,0,0,0,0,0,0,221.787,0,118.313,-340.1
"MtrElec",4,24,14,"",-90.0297,0,0,0,0,0,0,0,0,0,0,0,0,0,0,0,0,0,0,0,0,115.299,0,157.698,-363.027
"MtrElec",4,24,15,"",-20.0825,0,0,0,0,0,0,0,0,0,0,0,0,0,0,0,0,0,0,0,0,168.474,0,157.698,-346.254
"MtrElec",4,24,16,"",-50.0003,0,0,0,0,0,0,0,0,0,0,0,0,0,0,0,0,0,0,0,0,168.31,0,97.8397,-316.15
"MtrElec",4,24,17,"",-112.795,0,0,0,0,0,0,0,0,0,0,0,0,0,0,0,0,0,0,0,0,150.035,0,0,-262.83
"MtrElec",4,24,18,"",85.7776,0,0,0,0,0,0,0,0,0,0,0,0,0,0,0,0,0,0,0,0,233.33,0,0,-147.552
"MtrElec",4,24,19,"",79.6452,0,0,0,0,0,0,0,0,0,0,0,0,0,0,0,0,0,0,0,0,277.617,0,-157.698,-40.2737
"MtrElec",4,24,20,"",74.0183,0,0,0,0,0,0,0,0,0,0,0,0,0,0,0,0,0,0,0,0,232.458,0,-157.698,-0.74161
"MtrElec",4,24,21,"",89.8549,0,0,0,0,0,0,0,0,0,0,0,0,0,0,0,0,0,0,0,0,247.553,0,-157.698,0
"MtrElec",4,24,22,"",159.103,0,0,0,0,0,0,0,0,0,0,0,0,0,0,0,0,0,0,0,0,217.027,0,-57.9236,0
"MtrElec",4,24,23,"",152.765,0,0,0,0,0,0,0,0,0,0,0,0,0,0,0,0,0,0,0,0,152.765,0,0,0
"MtrElec",4,24,24,"",195.327,0,0,0,0,0,0,0,0,0,0,0,0,0,0,0,0,0,0,0,0,195.327,0,0,0
"MtrElec",4,25,1,"",121.085,0,0,0,0,0,0,0,0,0,0,0,0,0,0,0,0,0,0,0,0,121.085,0,0,0
"MtrElec",4,25,2,"",100.849,0,0,0,0,0,0,0,0,0,0,0,0,0,0,0,0,0,0,0,0,100.849,0,0,0
"MtrElec",4,25,3,"",99.2858,0,0,0,0,0,0,0,0,0,0,0,0,0,0,0,0,0,0,0,0,99.2858,0,0,0
"MtrElec",4,25,4,"",86.0043,0,0,0,0,0,0,0,0,0,0,0,0,0,0,0,0,0,0,0,0,86.0043,0,0,0
"MtrElec",4,25,5,"",111.052,0,0,0,0,0,0,0,0,0,0,0,0,0,0,0,0,0,0,0,0,111.052,0,0,0
"MtrElec",4,25,6,"",137.066,0,0,0,0,0,0,0,0,0,0,0,0,0,0,0,0,0,0,0,0,137.066,0,0,0
"MtrElec",4,25,7,"",92.3851,0,0,0,0,0,0,0,0,0,0,0,0,0,0,0,0,0,0,0,0,101.159,0,0,-8.77428
"MtrElec",4,25,8,"",121.941,0,0,0,0,0,0,0,0,0,0,0,0,0,0,0,0,0,0,0,0,195.89,0,0,-73.9489
"MtrElec",4,25,9,"",38.3222,0,0,0,0,0,0,0,0,0,0,0,0,0,0,0,0,0,0,0,0,172.807,0,0,-134.485
"MtrElec",4,25,10,"",20.1053,0,0,0,0,0,0,0,0,0,0,0,0,0,0,0,0,0,0,0,0,261.274,0,0,-241.169
"MtrElec",4,25,11,"",0.0000078,0,0,0,0,0,0,0,0,0,0,0,0,0,0,0,0,0,0,0,0,251.814,0,115.583,-367.397
"MtrElec",4,25,12,"",-49.8146,0,0,0,0,0,0,0,0,0,0,0,0,0,0,0,0,0,0,0,0,232.219,0,157.698,-439.732
"MtrElec",4,25,13,"",-98.5222,0,0,0,0,0,0,0,0,0,0,0,0,0,0,0,0,0,0,0,0,212.688,0,157.698,-468.908
"MtrElec",4,25,14,"",-99.8161,0,0,0,0,0,0,0,0,0,0,0,0,0,0,0,0,0,0,0,0,205.091,0,157.406,-462.313
"MtrElec",4,25,15,"",-284.438,0,0,0,0,0,0,0,0,0,0,0,0,0,0,0,0,0,0,0,0,146.148,0,0,-430.586
"MtrElec",4,25,16,"",-173.956,0,0,0,0,0,0,0,0,0,0,0,0,0,0,0,0,0,0,0,0,192.126,0,0,-366.082
"MtrElec",4,25,17,"",-70.3674,0,0,0,0,0,0,0,0,0,0,0,0,0,0,0,0,0,0,0,0,200.372,0,0,-270.739
"MtrElec",4,25,18,"",63.4495,0,0,0,0,0,0,0,0,0,0,0,0,0,0,0,0,0,0,0,0,216.336,0,0,-152.887
"MtrElec",4,25,19,"",122.767,0,0,0,0,0,0,0,0,0,0,0,0,0,0,0,0,0,0,0,0,321.014,0,-157.698,-40.5492
"MtrElec",4,25,20,"",97.7173,0,0,0,0,0,0,0,0,0,0,0,0,0,0,0,0,0,0,0,0,256.037,0,-157.698,-0.622209
"MtrElec",4,25,21,"",92.7825,0,0,0,0,0,0,0,0,0,0,0,0,0,0,0,0,0,0,0,0,250.48,0,-157.698,0
"MtrElec",4,25,22,"",233.463,0,0,0,0,0,0,0,0,0,0,0,0,0,0,0,0,0,0,0,0,291.387,0,-57.9236,0
"MtrElec",4,25,23,"",190.466,0,0,0,0,0,0,0,0,0,0,0,0,0,0,0,0,0,0,0,0,190.466,0,0,0
"MtrElec",4,25,24,"",152.034,0,0,0,0,0,0,0,0,0,0,0,0,0,0,0,0,0,0,0,0,152.034,0,0,0
"MtrElec",4,26,1,"",113.349,0,0,0,0,0,0,0,0,0,0,0,0,0,0,0,0,0,0,0,0,113.349,0,0,0
"MtrElec",4,26,2,"",100.372,0,0,0,0,0,0,0,0,0,0,0,0,0,0,0,0,0,0,0,0,100.372,0,0,0
"MtrElec",4,26,3,"",129.621,0,0,0,0,0,0,0,0,0,0,0,0,0,0,0,0,0,0,0,0,129.621,0,0,0
"MtrElec",4,26,4,"",104.312,0,0,0,0,0,0,0,0,0,0,0,0,0,0,0,0,0,0,0,0,104.312,0,0,0
"MtrElec",4,26,5,"",110.697,0,0,0,0,0,0,0,0,0,0,0,0,0,0,0,0,0,0,0,0,110.697,0,0,0
"MtrElec",4,26,6,"",87.0498,0,0,0,0,0,0,0,0,0,0,0,0,0,0,0,0,0,0,0,0,87.0498,0,0,0
"MtrElec",4,26,7,"",134.443,0,0,0,0,0,0,0,0,0,0,0,0,0,0,0,0,0,0,0,0,144.259,0,0,-9.81566
"MtrElec",4,26,8,"",74.0313,0,0,0,0,0,0,0,0,0,0,0,0,0,0,0,0,0,0,0,0,152.321,0,0,-78.2894
"MtrElec",4,26,9,"",28.1307,0,0,0,0,0,0,0,0,0,0,0,0,0,0,0,0,0,0,0,0,232.012,0,0,-203.881
"MtrElec",4,26,10,"",0,0,0,0,0,0,0,0,0,0,0,0,0,0,0,0,0,0,0,0,0,233.59,0,83.233,-316.823
"MtrElec",4,26,11,"",0,0,0,0,0,0,0,0,0,0,0,0,0,0,0,0,0,0,0,0,0,271.458,0,129.738,-401.196
"MtrElec",4,26,12,"",-10.1785,0,0,0,0,0,0,0,0,0,0,0,0,0,0,0,0,0,0,0,0,284.892,0,157.698,-452.768
"MtrElec",4,26,13,"",-87.3473,0,0,0,0,0,0,0,0,0,0,0,0,0,0,0,0,0,0,0,0,216.572,0,157.698,-461.617
"MtrElec",4,26,14,"",-191.262,0,0,0,0,0,0,0,0,0,0,0,0,0,0,0,0,0,0,0,0,197.025,0,60.018,-448.304
"MtrElec",4,26,15,"",-191.764,0,0,0,0,0,0,0,0,0,0,0,0,0,0,0,0,0,0,0,0,240.634,0,0,-432.398
"MtrElec",4,26,16,"",-159.847,0,0,0,0,0,0,0,0,0,0,0,0,0,0,0,0,0,0,0,0,212.396,0,0,-372.243
"MtrElec",4,26,17,"",-52.1705,0,0,0,0,0,0,0,0,0,0,0,0,0,0,0,0,0,0,0,0,226.071,0,0,-278.241
"MtrElec",4,26,18,"",92.7781,0,0,0,0,0,0,0,0,0,0,0,0,0,0,0,0,0,0,0,0,252.865,0,0,-160.087
"MtrElec",4,26,19,"",82.6981,0,0,0,0,0,0,0,0,0,0,0,0,0,0,0,0,0,0,0,0,281.617,0,-157.698,-41.2208
"MtrElec",4,26,20,"",89.1183,0,0,0,0,0,0,0,0,0,0,0,0,0,0,0,0,0,0,0,0,248.217,0,-157.698,-1.40053
"MtrElec",4,26,21,"",102.627,0,0,0,0,0,0,0,0,0,0,0,0,0,0,0,0,0,0,0,0,260.325,0,-157.698,0
"MtrElec",4,26,22,"",240.837,0,0,0,0,0,0,0,0,0,0,0,0,0,0,0,0,0,0,0,0,298.76,0,-57.9236,0
"MtrElec",4,26,23,"",137.25,0,0,0,0,0,0,0,0,0,0,0,0,0,0,0,0,0,0,0,0,137.25,0,0,0
"MtrElec",4,26,24,"",186.907,0,0,0,0,0,0,0,0,0,0,0,0,0,0,0,0,0,0,0,0,186.907,0,0,0
"MtrElec",4,27,1,"",105.334,0,0,0,0,0,0,0,0,0,0,0,0,0,0,0,0,0,0,0,0,105.334,0,0,0
"MtrElec",4,27,2,"",97.1815,0,0,0,0,0,0,0,0,0,0,0,0,0,0,0,0,0,0,0,0,97.1815,0,0,0
"MtrElec",4,27,3,"",101.08,0,0,0,0,0,0,0,0,0,0,0,0,0,0,0,0,0,0,0,0,101.08,0,0,0
"MtrElec",4,27,4,"",107.226,0,0,0,0,0,0,0,0,0,0,0,0,0,0,0,0,0,0,0,0,107.226,0,0,0
"MtrElec",4,27,5,"",89.1118,0,0,0,0,0,0,0,0,0,0,0,0,0,0,0,0,0,0,0,0,89.1118,0,0,0
"MtrElec",4,27,6,"",144.34,0,0,0,0,0,0,0,0,0,0,0,0,0,0,0,0,0,0,0,0,144.34,0,0,0
"MtrElec",4,27,7,"",184.43,0,0,0,0,0,0,0,0,0,0,0,0,0,0,0,0,0,0,0,0,196.358,0,0,-11.9278
"MtrElec",4,27,8,"",114.232,0,0,0,0,0,0,0,0,0,0,0,0,0,0,0,0,0,0,0,0,191.618,0,0,-77.3859
"MtrElec",4,27,9,"",40.7487,0,0,0,0,0,0,0,0,0,0,0,0,0,0,0,0,0,0,0,0,241.14,0,0,-200.391
"MtrElec",4,27,10,"",0,0,0,0,0,0,0,0,0,0,0,0,0,0,0,0,0,0,0,0,0,207.97,0,100.644,-308.614
"MtrElec",4,27,11,"",-17.7538,0,0,0,0,0,0,0,0,0,0,0,0,0,0,0,0,0,0,0,0,214.113,0,157.698,-389.565
"MtrElec",4,27,12,"",-119.716,0,0,0,0,0,0,0,0,0,0,0,0,0,0,0,0,0,0,0,0,158.607,0,157.698,-436.021
"MtrElec",4,27,13,"",-147.501,0,0,0,0,0,0,0,0,0,0,0,0,0,0,0,0,0,0,0,0,150.837,0,157.698,-456.036
"MtrElec",4,27,14,"",-273.697,0,0,0,0,0,0,0,0,0,0,0,0,0,0,0,0,0,0,0,0,148.758,0,14.6474,-437.102
"MtrElec",4,27,15,"",-234.757,0,0,0,0,0,0,0,0,0,0,0,0,0,0,0,0,0,0,0,0,170.271,0,0,-405.027
"MtrElec",4,27,16,"",-179.781,0,0,0,0,0,0,0,0,0,0,0,0,0,0,0,0,0,0,0,0,172.533,0,0,-352.314
"MtrElec",4,27,17,"",-23.6258,0,0,0,0,0,0,0,0,0,0,0,0,0,0,0,0,0,0,0,0,243.347,0,0,-266.972
"MtrElec",4,27,18,"",105.643,0,0,0,0,0,0,0,0,0,0,0,0,0,0,0,0,0,0,0,0,259.763,0,0,-154.12
"MtrElec",4,27,19,"",121.82,0,0,0,0,0,0,0,0,0,0,0,0,0,0,0,0,0,0,0,0,319.538,0,-157.698,-40.0199
"MtrElec",4,27,20,"",152.571,0,0,0,0,0,0,0,0,0,0,0,0,0,0,0,0,0,0,0,0,311.564,0,-157.698,-1.2949
"MtrElec",4,27,21,"",146.279,0,0,0,0,0,0,0,0,0,0,0,0,0,0,0,0,0,0,0,0,303.977,0,-157.698,0
"MtrElec",4,27,22,"",145.881,0,0,0,0,0,0,0,0,0,0,0,0,0,0,0,0,0,0,0,0,203.805,0,-57.9236,0
"MtrElec",4,27,23,"",208.582,0,0,0,0,0,0,0,0,0,0,0,0,0,0,0,0,0,0,0,0,208.582,0,0,0
"MtrElec",4,27,24,"",131.924,0,0,0,0,0,0,0,0,0,0,0,0,0,0,0,0,0,0,0,0,131.924,0,0,0
"MtrElec",4,28,1,"",156.445,0,0,0,0,0,0,0,0,0,0,0,0,0,0,0,0,0,0,0,0,156.445,0,0,0
"MtrElec",4,28,2,"",107.882,0,0,0,0,0,0,0,0,0,0,0,0,0,0,0,0,0,0,0,0,107.882,0,0,0
"MtrElec",4,28,3,"",91.3222,0,0,0,0,0,0,0,0,0,0,0,0,0,0,0,0,0,0,0,0,91.3222,0,0,0
"MtrElec",4,28,4,"",109.839,0,0,0,0,0,0,0,0,0,0,0,0,0,0,0,0,0,0,0,0,109.839,0,0,0
"MtrElec",4,28,5,"",97.2317,0,0,0,0,0,0,0,0,0,0,0,0,0,0,0,0,0,0,0,0,97.2317,0,0,0
"MtrElec",4,28,6,"",140.149,0,0,0,0,0,0,0,0,0,0,0,0,0,0,0,0,0,0,0,0,140.149,0,0,0
"MtrElec",4,28,7,"",143.547,0,0,0,0,0,0,0,0,0,0,0,0,0,0,0,0,0,0,0,0,156.307,0,0,-12.7601
"MtrElec",4,28,8,"",178.555,0,0,0,0,0,0,0,0,0,0,0,0,0,0,0,0,0,0,0,0,256.779,0,0,-78.2241
"MtrElec",4,28,9,"",34.3856,0,0,0,0,0,0,0,0,0,0,0,0,0,0,0,0,0,0,0,0,231.187,0,0,-196.801
"MtrElec",4,28,10,"",0,0,0,0,0,0,0,0,0,0,0,0,0,0,0,0,0,0,0,0,0,229.026,0,69.5709,-298.597
"MtrElec",4,28,11,"",0,0,0,0,0,0,0,0,0,0,0,0,0,0,0,0,0,0,0,0,0,259.331,0,122.228,-381.56
"MtrElec",4,28,12,"",-46.9987,0,0,0,0,0,0,0,0,0,0,0,0,0,0,0,0,0,0,0,0,234.79,0,157.698,-439.487
"MtrElec",4,28,13,"",-73.0913,0,0,0,0,0,0,0,0,0,0,0,0,0,0,0,0,0,0,0,0,234.764,0,157.698,-465.553
"MtrElec",4,28,14,"",-245.639,0,0,0,0,0,0,0,0,0,0,0,0,0,0,0,0,0,0,0,0,135.315,0,81.1897,-462.144
"MtrElec",4,28,15,"",-237.601,0,0,0,0,0,0,0,0,0,0,0,0,0,0,0,0,0,0,0,0,192.619,0,0,-430.22
"MtrElec",4,28,16,"",-156.857,0,0,0,0,0,0,0,0,0,0,0,0,0,0,0,0,0,0,0,0,208.137,0,0,-364.994
"MtrElec",4,28,17,"",-40.1933,0,0,0,0,0,0,0,0,0,0,0,0,0,0,0,0,0,0,0,0,211.538,0,0,-251.731
"MtrElec",4,28,18,"",90.9398,0,0,0,0,0,0,0,0,0,0,0,0,0,0,0,0,0,0,0,0,244.427,0,0,-153.488
"MtrElec",4,28,19,"",94.7183,0,0,0,0,0,0,0,0,0,0,0,0,0,0,0,0,0,0,0,0,294.317,0,-157.698,-41.901
"MtrElec",4,28,20,"",126.502,0,0,0,0,0,0,0,0,0,0,0,0,0,0,0,0,0,0,0,0,285.151,0,-157.698,-0.951826
"MtrElec",4,28,21,"",80.9703,0,0,0,0,0,0,0,0,0,0,0,0,0,0,0,0,0,0,0,0,238.668,0,-157.698,0
"MtrElec",4,28,22,"",148.24,0,0,0,0,0,0,0,0,0,0,0,0,0,0,0,0,0,0,0,0,206.163,0,-57.9236,0
"MtrElec",4,28,23,"",213.923,0,0,0,0,0,0,0,0,0,0,0,0,0,0,0,0,0,0,0,0,213.923,0,0,0
"MtrElec",4,28,24,"",197.6,0,0,0,0,0,0,0,0,0,0,0,0,0,0,0,0,0,0,0,0,197.6,0,0,0
"MtrElec",4,29,1,"",147.605,0,0,0,0,0,0,0,0,0,0,0,0,0,0,0,0,0,0,0,0,147.605,0,0,0
"MtrElec",4,29,2,"",93.8379,0,0,0,0,0,0,0,0,0,0,0,0,0,0,0,0,0,0,0,0,93.8379,0,0,0
"MtrElec",4,29,3,"",93.0627,0,0,0,0,0,0,0,0,0,0,0,0,0,0,0,0,0,0,0,0,93.0627,0,0,0
"MtrElec",4,29,4,"",106.177,0,0,0,0,0,0,0,0,0,0,0,0,0,0,0,0,0,0,0,0,106.177,0,0,0
"MtrElec",4,29,5,"",91.2512,0,0,0,0,0,0,0,0,0,0,0,0,0,0,0,0,0,0,0,0,91.2512,0,0,0
"MtrElec",4,29,6,"",124.919,0,0,0,0,0,0,0,0,0,0,0,0,0,0,0,0,0,0,0,0,124.919,0,0,0
"MtrElec",4,29,7,"",155.171,0,0,0,0,0,0,0,0,0,0,0,0,0,0,0,0,0,0,0,0,169.75,0,0,-14.5794
"MtrElec",4,29,8,"",157.911,0,0,0,0,0,0,0,0,0,0,0,0,0,0,0,0,0,0,0,0,239.962,0,0,-82.0514
"MtrElec",4,29,9,"",69.888,0,0,0,0,0,0,0,0,0,0,0,0,0,0,0,0,0,0,0,0,274.317,0,0,-204.429
"MtrElec",4,29,10,"",0,0,0,0,0,0,0,0,0,0,0,0,0,0,0,0,0,0,0,0,0,225.558,0,91.6444,-317.203
"MtrElec",4,29,11,"",0,0,0,0,0,0,0,0,0,0,0,0,0,0,0,0,0,0,0,0,0,248.884,0,153.552,-402.436
"MtrElec",4,29,12,"",-90.242,0,0,0,0,0,0,0,0,0,0,0,0,0,0,0,0,0,0,0,0,207.051,0,157.698,-454.991
"MtrElec",4,29,13,"",-121.439,0,0,0,0,0,0,0,0,0,0,0,0,0,0,0,0,0,0,0,0,201.686,0,157.698,-480.823
"MtrElec",4,29,14,"",-318.236,0,0,0,0,0,0,0,0,0,0,0,0,0,0,0,0,0,0,0,0,126.246,0,27.7931,-472.275
"MtrElec",4,29,15,"",-249.402,0,0,0,0,0,0,0,0,0,0,0,0,0,0,0,0,0,0,0,0,188.276,0,0,-437.678
"MtrElec",4,29,16,"",-184.715,0,0,0,0,0,0,0,0,0,0,0,0,0,0,0,0,0,0,0,0,187.222,0,0,-371.937
"MtrElec",4,29,17,"",-66.8241,0,0,0,0,0,0,0,0,0,0,0,0,0,0,0,0,0,0,0,0,210.575,0,0,-277.399
"MtrElec",4,29,18,"",74.702,0,0,0,0,0,0,0,0,0,0,0,0,0,0,0,0,0,0,0,0,232.28,0,0,-157.578
"MtrElec",4,29,19,"",100.744,0,0,0,0,0,0,0,0,0,0,0,0,0,0,0,0,0,0,0,0,302.68,0,-157.698,-44.2382
"MtrElec",4,29,20,"",109.436,0,0,0,0,0,0,0,0,0,0,0,0,0,0,0,0,0,0,0,0,268.536,0,-157.698,-1.40159
"MtrElec",4,29,21,"",94.8011,0,0,0,0,0,0,0,0,0,0,0,0,0,0,0,0,0,0,0,0,252.499,0,-157.698,0
"MtrElec",4,29,22,"",146.415,0,0,0,0,0,0,0,0,0,0,0,0,0,0,0,0,0,0,0,0,204.339,0,-57.9236,0
"MtrElec",4,29,23,"",222.891,0,0,0,0,0,0,0,0,0,0,0,0,0,0,0,0,0,0,0,0,222.891,0,0,0
"MtrElec",4,29,24,"",126.218,0,0,0,0,0,0,0,0,0,0,0,0,0,0,0,0,0,0,0,0,126.218,0,0,0
"MtrElec",4,30,1,"",115.217,0,0,0,0,0,0,0,0,0,0,0,0,0,0,0,0,0,0,0,0,115.217,0,0,0
"MtrElec",4,30,2,"",131.657,0,0,0,0,0,0,0,0,0,0,0,0,0,0,0,0,0,0,0,0,131.657,0,0,0
"MtrElec",4,30,3,"",85.0623,0,0,0,0,0,0,0,0,0,0,0,0,0,0,0,0,0,0,0,0,85.0623,0,0,0
"MtrElec",4,30,4,"",98.6371,0,0,0,0,0,0,0,0,0,0,0,0,0,0,0,0,0,0,0,0,98.6371,0,0,0
"MtrElec",4,30,5,"",97.8748,0,0,0,0,0,0,0,0,0,0,0,0,0,0,0,0,0,0,0,0,97.8748,0,0,0
"MtrElec",4,30,6,"",90.3685,0,0,0,0,0,0,0,0,0,0,0,0,0,0,0,0,0,0,0,0,90.3685,0,0,0
"MtrElec",4,30,7,"",158.547,0,0,0,0,0,0,0,0,0,0,0,0,0,0,0,0,0,0,0,0,174.229,0,0,-15.6823
"MtrElec",4,30,8,"",118.595,0,0,0,0,0,0,0,0,0,0,0,0,0,0,0,0,0,0,0,0,203.093,0,0,-84.4972
"MtrElec",4,30,9,"",45.5929,0,0,0,0,0,0,0,0,0,0,0,0,0,0,0,0,0,0,0,0,257.104,0,0,-211.511
"MtrElec",4,30,10,"",0.0000078,0,0,0,0,0,0,0,0,0,0,0,0,0,0,0,0,0,0,0,0,234.326,0,96.5571,-330.883
"MtrElec",4,30,11,"",-37.4447,0,0,0,0,0,0,0,0,0,0,0,0,0,0,0,0,0,0,0,0,227.896,0,157.698,-423.038
"MtrElec",4,30,12,"",-139.641,0,0,0,0,0,0,0,0,0,0,0,0,0,0,0,0,0,0,0,0,184.983,0,157.698,-482.322
"MtrElec",4,30,13,"",-24.8493,0,0,0,0,0,0,0,0,0,0,0,0,0,0,0,0,0,0,0,0,322.895,0,157.698,-505.442
"MtrElec",4,30,14,"",-334.909,0,0,0,0,0,0,0,0,0,0,0,0,0,0,0,0,0,0,0,0,147.358,0,18.7342,-501.002
"MtrElec",4,30,15,"",-306.44,0,0,0,0,0,0,0,0,0,0,0,0,0,0,0,0,0,0,0,0,150.622,0,0,-457.062
"MtrElec",4,30,16,"",-219.913,0,0,0,0,0,0,0,0,0,0,0,0,0,0,0,0,0,0,0,0,163.243,0,0,-383.155
"MtrElec",4,30,17,"",-85.2183,0,0,0,0,0,0,0,0,0,0,0,0,0,0,0,0,0,0,0,0,201.165,0,0,-286.384
"MtrElec",4,30,18,"",52.6725,0,0,0,0,0,0,0,0,0,0,0,0,0,0,0,0,0,0,0,0,216.997,0,0,-164.325
"MtrElec",4,30,19,"",64.694,0,0,0,0,0,0,0,0,0,0,0,0,0,0,0,0,0,0,0,0,268.941,0,-157.698,-46.5488
"MtrElec",4,30,20,"",108.932,0,0,0,0,0,0,0,0,0,0,0,0,0,0,0,0,0,0,0,0,268.368,0,-157.698,-1.73757
"MtrElec",4,30,21,"",102.189,0,0,0,0,0,0,0,0,0,0,0,0,0,0,0,0,0,0,0,0,259.887,0,-157.698,0
"MtrElec",4,30,22,"",166.101,0,0,0,0,0,0,0,0,0,0,0,0,0,0,0,0,0,0,0,0,224.025,0,-57.9236,0
"MtrElec",4,30,23,"",191.654,0,0,0,0,0,0,0,0,0,0,0,0,0,0,0,0,0,0,0,0,191.654,0,0,0
"MtrElec",4,30,24,"",152.32,0,0,0,0,0,0,0,0,0,0,0,0,0,0,0,0,0,0,0,0,152.32,0,0,0
"MtrElec",5,1,1,"",105.484,0,0,0,0,0,0,0,0,0,0,0,0,0,0,0,0,0,0,0,0,105.484,0,0,0
"MtrElec",5,1,2,"",104.731,0,0,0,0,0,0,0,0,0,0,0,0,0,0,0,0,0,0,0,0,104.731,0,0,0
"MtrElec",5,1,3,"",96.1312,0,0,0,0,0,0,0,0,0,0,0,0,0,0,0,0,0,0,0,0,96.1312,0,0,0
"MtrElec",5,1,4,"",121.205,0,0,0,0,0,0,0,0,0,0,0,0,0,0,0,0,0,0,0,0,121.205,0,0,0
"MtrElec",5,1,5,"",93.2882,0,0,0,0,0,0,0,0,0,0,0,0,0,0,0,0,0,0,0,0,93.2882,0,0,0
"MtrElec",5,1,6,"",86.9246,0,0,0,0,0,0,0,0,0,0,0,0,0,0,0,0,0,0,0,0,86.9246,0,0,0
"MtrElec",5,1,7,"",167.426,0,0,0,0,0,0,0,0,0,0,0,0,0,0,0,0,0,0,0,0,181.571,0,0,-14.1449
"MtrElec",5,1,8,"",118.991,0,0,0,0,0,0,0,0,0,0,0,0,0,0,0,0,0,0,0,0,199.963,0,0,-80.972
"MtrElec",5,1,9,"",36.1416,0,0,0,0,0,0,0,0,0,0,0,0,0,0,0,0,0,0,0,0,235.799,0,0,-199.658
"MtrElec",5,1,10,"",0.0000039,0,0,0,0,0,0,0,0,0,0,0,0,0,0,0,0,0,0,0,0,240.514,0,65.0548,-305.569
"MtrElec",5,1,11,"",0.0000078,0,0,0,0,0,0,0,0,0,0,0,0,0,0,0,0,0,0,0,0,255.842,0,129.935,-385.777
"MtrElec",5,1,12,"",-46.9128,0,0,0,0,0,0,0,0,0,0,0,0,0,0,0,0,0,0,0,0,230.726,0,157.698,-435.337
"MtrElec",5,1,13,"",-80.1995,0,0,0,0,0,0,0,0,0,0,0,0,0,0,0,0,0,0,0,0,221.977,0,157.698,-459.875
"MtrElec",5,1,14,"",-203.252,0,0,0,0,0,0,0,0,0,0,0,0,0,0,0,0,0,0,0,0,170.907,0,77.9991,-452.158
"MtrElec",5,1,15,"",-225.575,0,0,0,0,0,0,0,0,0,0,0,0,0,0,0,0,0,0,0,0,190.522,0,0,-416.097
"MtrElec",5,1,16,"",-174.74,0,0,0,0,0,0,0,0,0,0,0,0,0,0,0,0,0,0,0,0,181.814,0,0,-356.554
"MtrElec",5,1,17,"",-18.4576,0,0,0,0,0,0,0,0,0,0,0,0,0,0,0,0,0,0,0,0,247.093,0,0,-265.551
"MtrElec",5,1,18,"",125.929,0,0,0,0,0,0,0,0,0,0,0,0,0,0,0,0,0,0,0,0,277.167,0,0,-151.239
"MtrElec",5,1,19,"",132.611,0,0,0,0,0,0,0,0,0,0,0,0,0,0,0,0,0,0,0,0,333.171,0,-157.698,-42.8613
"MtrElec",5,1,20,"",108.803,0,0,0,0,0,0,0,0,0,0,0,0,0,0,0,0,0,0,0,0,268.155,0,-157.698,-1.6545
"MtrElec",5,1,21,"",144.599,0,0,0,0,0,0,0,0,0,0,0,0,0,0,0,0,0,0,0,0,302.297,0,-157.698,0
"MtrElec",5,1,22,"",144.068,0,0,0,0,0,0,0,0,0,0,0,0,0,0,0,0,0,0,0,0,201.991,0,-57.9236,0
"MtrElec",5,1,23,"",202.592,0,0,0,0,0,0,0,0,0,0,0,0,0,0,0,0,0,0,0,0,202.592,0,0,0
"MtrElec",5,1,24,"",142.83,0,0,0,0,0,0,0,0,0,0,0,0,0,0,0,0,0,0,0,0,142.83,0,0,0
"MtrElec",5,2,1,"",120.175,0,0,0,0,0,0,0,0,0,0,0,0,0,0,0,0,0,0,0,0,120.175,0,0,0
"MtrElec",5,2,2,"",133.013,0,0,0,0,0,0,0,0,0,0,0,0,0,0,0,0,0,0,0,0,133.013,0,0,0
"MtrElec",5,2,3,"",83.3183,0,0,0,0,0,0,0,0,0,0,0,0,0,0,0,0,0,0,0,0,83.3183,0,0,0
"MtrElec",5,2,4,"",99.125,0,0,0,0,0,0,0,0,0,0,0,0,0,0,0,0,0,0,0,0,99.125,0,0,0
"MtrElec",5,2,5,"",109.419,0,0,0,0,0,0,0,0,0,0,0,0,0,0,0,0,0,0,0,0,109.419,0,0,0
"MtrElec",5,2,6,"",84.979,0,0,0,0,0,0,0,0,0,0,0,0,0,0,0,0,0,0,0,0,84.979,0,0,0
"MtrElec",5,2,7,"",132.776,0,0,0,0,0,0,0,0,0,0,0,0,0,0,0,0,0,0,0,0,147.664,0,0,-14.8883
"MtrElec",5,2,8,"",70.1098,0,0,0,0,0,0,0,0,0,0,0,0,0,0,0,0,0,0,0,0,150.007,0,0,-79.8968
"MtrElec",5,2,9,"",0,0,0,0,0,0,0,0,0,0,0,0,0,0,0,0,0,0,0,0,0,158.666,0,34.0308,-192.697
"MtrElec",5,2,10,"",0,0,0,0,0,0,0,0,0,0,0,0,0,0,0,0,0,0,0,0,0,218.796,0,75.8715,-294.667
"MtrElec",5,2,11,"",0,0,0,0,0,0,0,0,0,0,0,0,0,0,0,0,0,0,0,0,0,277.063,0,90.5415,-367.604
"MtrElec",5,2,12,"",0.0000156,0,0,0,0,0,0,0,0,0,0,0,0,0,0,0,0,0,0,0,0,270.719,0,140.83,-411.549
"MtrElec",5,2,13,"",-18.596,0,0,0,0,0,0,0,0,0,0,0,0,0,0,0,0,0,0,0,0,262.356,0,157.698,-438.65
"MtrElec",5,2,14,"",-116.423,0,0,0,0,0,0,0,0,0,0,0,0,0,0,0,0,0,0,0,0,232.841,0,89.4134,-438.678
"MtrElec",5,2,15,"",-149.114,0,0,0,0,0,0,0,0,0,0,0,0,0,0,0,0,0,0,0,0,263.461,0,0,-412.575
"MtrElec",5,2,16,"",-92.3158,0,0,0,0,0,0,0,0,0,0,0,0,0,0,0,0,0,0,0,0,259.423,0,0,-351.739
"MtrElec",5,2,17,"",2.02158,0,0,0,0,0,0,0,0,0,0,0,0,0,0,0,0,0,0,0,0,261.602,0,0,-259.581
"MtrElec",5,2,18,"",126.719,0,0,0,0,0,0,0,0,0,0,0,0,0,0,0,0,0,0,0,0,274.651,0,0,-147.932
"MtrElec",5,2,19,"",158.165,0,0,0,0,0,0,0,0,0,0,0,0,0,0,0,0,0,0,0,0,357.927,0,-157.698,-42.0633
"MtrElec",5,2,20,"",149.585,0,0,0,0,0,0,0,0,0,0,0,0,0,0,0,0,0,0,0,0,308.914,0,-157.698,-1.63084
"MtrElec",5,2,21,"",58.5533,0,0,0,0,0,0,0,0,0,0,0,0,0,0,0,0,0,0,0,0,216.251,0,-157.698,0
"MtrElec",5,2,22,"",182.243,0,0,0,0,0,0,0,0,0,0,0,0,0,0,0,0,0,0,0,0,240.167,0,-57.9236,0
"MtrElec",5,2,23,"",194.27,0,0,0,0,0,0,0,0,0,0,0,0,0,0,0,0,0,0,0,0,194.27,0,0,0
"MtrElec",5,2,24,"",150.136,0,0,0,0,0,0,0,0,0,0,0,0,0,0,0,0,0,0,0,0,150.136,0,0,0
"MtrElec",5,3,1,"",117.554,0,0,0,0,0,0,0,0,0,0,0,0,0,0,0,0,0,0,0,0,117.554,0,0,0
"MtrElec",5,3,2,"",101.792,0,0,0,0,0,0,0,0,0,0,0,0,0,0,0,0,0,0,0,0,101.792,0,0,0
"MtrElec",5,3,3,"",129.728,0,0,0,0,0,0,0,0,0,0,0,0,0,0,0,0,0,0,0,0,129.728,0,0,0
"MtrElec",5,3,4,"",105.075,0,0,0,0,0,0,0,0,0,0,0,0,0,0,0,0,0,0,0,0,105.075,0,0,0
"MtrElec",5,3,5,"",116.349,0,0,0,0,0,0,0,0,0,0,0,0,0,0,0,0,0,0,0,0,116.349,0,0,0
"MtrElec",5,3,6,"",85.1994,0,0,0,0,0,0,0,0,0,0,0,0,0,0,0,0,0,0,0,0,85.1994,0,0,0
"MtrElec",5,3,7,"",104.41,0,0,0,0,0,0,0,0,0,0,0,0,0,0,0,0,0,0,0,0,118.844,0,0,-14.4337
"MtrElec",5,3,8,"",56.8883,0,0,0,0,0,0,0,0,0,0,0,0,0,0,0,0,0,0,0,0,135.88,0,0,-78.9917
"MtrElec",5,3,9,"",0,0,0,0,0,0,0,0,0,0,0,0,0,0,0,0,0,0,0,0,0,158.821,0,34.0692,-192.89
"MtrElec",5,3,10,"",0.0000039,0,0,0,0,0,0,0,0,0,0,0,0,0,0,0,0,0,0,0,0,241.068,0,48.9507,-290.018
"MtrElec",5,3,11,"",0,0,0,0,0,0,0,0,0,0,0,0,0,0,0,0,0,0,0,0,0,340.4,0,27.3229,-367.723
"MtrElec",5,3,12,"",0,0,0,0,0,0,0,0,0,0,0,0,0,0,0,0,0,0,0,0,0,277.154,0,145.906,-423.06
"MtrElec",5,3,13,"",-13.5836,0,0,0,0,0,0,0,0,0,0,0,0,0,0,0,0,0,0,0,0,272.354,0,157.698,-443.635
"MtrElec",5,3,14,"",-25.3672,0,0,0,0,0,0,0,0,0,0,0,0,0,0,0,0,0,0,0,0,255.916,0,157.698,-438.981
"MtrElec",5,3,15,"",-115.522,0,0,0,0,0,0,0,0,0,0,0,0,0,0,0,0,0,0,0,0,273.139,0,16.7403,-405.402
"MtrElec",5,3,16,"",-100.08,0,0,0,0,0,0,0,0,0,0,0,0,0,0,0,0,0,0,0,0,243.863,0,0,-343.943
"MtrElec",5,3,17,"",13.6548,0,0,0,0,0,0,0,0,0,0,0,0,0,0,0,0,0,0,0,0,267.993,0,0,-254.338
"MtrElec",5,3,18,"",153.145,0,0,0,0,0,0,0,0,0,0,0,0,0,0,0,0,0,0,0,0,297.59,0,0,-144.445
"MtrElec",5,3,19,"",179.893,0,0,0,0,0,0,0,0,0,0,0,0,0,0,0,0,0,0,0,0,380.013,0,-157.698,-42.4221
"MtrElec",5,3,20,"",145.652,0,0,0,0,0,0,0,0,0,0,0,0,0,0,0,0,0,0,0,0,305.237,0,-157.698,-1.88672
"MtrElec",5,3,21,"",108.857,0,0,0,0,0,0,0,0,0,0,0,0,0,0,0,0,0,0,0,0,266.555,0,-157.698,0
"MtrElec",5,3,22,"",214.614,0,0,0,0,0,0,0,0,0,0,0,0,0,0,0,0,0,0,0,0,272.538,0,-57.9236,0
"MtrElec",5,3,23,"",190.367,0,0,0,0,0,0,0,0,0,0,0,0,0,0,0,0,0,0,0,0,190.367,0,0,0
"MtrElec",5,3,24,"",136.64,0,0,0,0,0,0,0,0,0,0,0,0,0,0,0,0,0,0,0,0,136.64,0,0,0
"MtrElec",5,4,1,"",103.665,0,0,0,0,0,0,0,0,0,0,0,0,0,0,0,0,0,0,0,0,103.665,0,0,0
"MtrElec",5,4,2,"",101.091,0,0,0,0,0,0,0,0,0,0,0,0,0,0,0,0,0,0,0,0,101.091,0,0,0
"MtrElec",5,4,3,"",137.954,0,0,0,0,0,0,0,0,0,0,0,0,0,0,0,0,0,0,0,0,137.954,0,0,0
"MtrElec",5,4,4,"",96.1091,0,0,0,0,0,0,0,0,0,0,0,0,0,0,0,0,0,0,0,0,96.1091,0,0,0
"MtrElec",5,4,5,"",89.9812,0,0,0,0,0,0,0,0,0,0,0,0,0,0,0,0,0,0,0,0,89.9812,0,0,0
"MtrElec",5,4,6,"",100.993,0,0,0,0,0,0,0,0,0,0,0,0,0,0,0,0,0,0,0,0,100.993,0,0,0
"MtrElec",5,4,7,"",147.953,0,0,0,0,0,0,0,0,0,0,0,0,0,0,0,0,0,0,0,0,163.696,0,0,-15.7428
"MtrElec",5,4,8,"",146.7,0,0,0,0,0,0,0,0,0,0,0,0,0,0,0,0,0,0,0,0,227.248,0,0,-80.5483
"MtrElec",5,4,9,"",16.0917,0,0,0,0,0,0,0,0,0,0,0,0,0,0,0,0,0,0,0,0,209.597,0,0,-193.505
"MtrElec",5,4,10,"",0.0000039,0,0,0,0,0,0,0,0,0,0,0,0,0,0,0,0,0,0,0,0,231.528,0,61.235,-292.763
"MtrElec",5,4,11,"",0,0,0,0,0,0,0,0,0,0,0,0,0,0,0,0,0,0,0,0,0,226.313,0,146.217,-372.529
"MtrElec",5,4,12,"",-50.8963,0,0,0,0,0,0,0,0,0,0,0,0,0,0,0,0,0,0,0,0,214.765,0,157.698,-423.359
"MtrElec",5,4,13,"",-17.961,0,0,0,0,0,0,0,0,0,0,0,0,0,0,0,0,0,0,0,0,271.33,0,157.698,-446.989
"MtrElec",5,4,14,"",-163.694,0,0,0,0,0,0,0,0,0,0,0,0,0,0,0,0,0,0,0,0,215.431,0,65.5374,-444.663
"MtrElec",5,4,15,"",-204.063,0,0,0,0,0,0,0,0,0,0,0,0,0,0,0,0,0,0,0,0,208.33,0,0,-412.393
"MtrElec",5,4,16,"",-107.989,0,0,0,0,0,0,0,0,0,0,0,0,0,0,0,0,0,0,0,0,242.887,0,0,-350.876
"MtrElec",5,4,17,"",29.3467,0,0,0,0,0,0,0,0,0,0,0,0,0,0,0,0,0,0,0,0,289.318,0,0,-259.972
"MtrElec",5,4,18,"",135.063,0,0,0,0,0,0,0,0,0,0,0,0,0,0,0,0,0,0,0,0,283.61,0,0,-148.546
"MtrElec",5,4,19,"",75.9933,0,0,0,0,0,0,0,0,0,0,0,0,0,0,0,0,0,0,0,0,277.294,0,-157.698,-43.6025
"MtrElec",5,4,20,"",109.942,0,0,0,0,0,0,0,0,0,0,0,0,0,0,0,0,0,0,0,0,269.988,0,-157.698,-2.34727
"MtrElec",5,4,21,"",120.539,0,0,0,0,0,0,0,0,0,0,0,0,0,0,0,0,0,0,0,0,278.237,0,-157.698,0
"MtrElec",5,4,22,"",197.077,0,0,0,0,0,0,0,0,0,0,0,0,0,0,0,0,0,0,0,0,255.001,0,-57.9236,0
"MtrElec",5,4,23,"",216.103,0,0,0,0,0,0,0,0,0,0,0,0,0,0,0,0,0,0,0,0,216.103,0,0,0
"MtrElec",5,4,24,"",147.271,0,0,0,0,0,0,0,0,0,0,0,0,0,0,0,0,0,0,0,0,147.271,0,0,0
"MtrElec",5,5,1,"",102.634,0,0,0,0,0,0,0,0,0,0,0,0,0,0,0,0,0,0,0,0,102.634,0,0,0
"MtrElec",5,5,2,"",103.635,0,0,0,0,0,0,0,0,0,0,0,0,0,0,0,0,0,0,0,0,103.635,0,0,0
"MtrElec",5,5,3,"",127.878,0,0,0,0,0,0,0,0,0,0,0,0,0,0,0,0,0,0,0,0,127.878,0,0,0
"MtrElec",5,5,4,"",89.4431,0,0,0,0,0,0,0,0,0,0,0,0,0,0,0,0,0,0,0,0,89.4431,0,0,0
"MtrElec",5,5,5,"",95.2209,0,0,0,0,0,0,0,0,0,0,0,0,0,0,0,0,0,0,0,0,95.2209,0,0,0
"MtrElec",5,5,6,"",87.5258,0,0,0,0,0,0,0,0,0,0,0,0,0,0,0,0,0,0,0,0,87.5258,0,0,0
"MtrElec",5,5,7,"",167.439,0,0,0,0,0,0,0,0,0,0,0,0,0,0,0,0,0,0,0,0,183.818,0,0,-16.3787
"MtrElec",5,5,8,"",76.9274,0,0,0,0,0,0,0,0,0,0,0,0,0,0,0,0,0,0,0,0,161.835,0,0,-84.9073
"MtrElec",5,5,9,"",42.9669,0,0,0,0,0,0,0,0,0,0,0,0,0,0,0,0,0,0,0,0,246.767,0,0,-203.8
"MtrElec",5,5,10,"",0,0,0,0,0,0,0,0,0,0,0,0,0,0,0,0,0,0,0,0,0,174.954,0,136.303,-311.258
"MtrElec",5,5,11,"",-31.5923,0,0,0,0,0,0,0,0,0,0,0,0,0,0,0,0,0,0,0,0,197.643,0,157.698,-386.933
"MtrElec",5,5,12,"",-48.3138,0,0,0,0,0,0,0,0,0,0,0,0,0,0,0,0,0,0,0,0,205.21,0,157.698,-411.221
"MtrElec",5,5,13,"",-72.4714,0,0,0,0,0,0,0,0,0,0,0,0,0,0,0,0,0,0,0,0,260.494,0,136.686,-469.651
"MtrElec",5,5,14,"",-300.834,0,0,0,0,0,0,0,0,0,0,0,0,0,0,0,0,0,0,0,0,130.561,0,0,-431.395
"MtrElec",5,5,15,"",-178.468,0,0,0,0,0,0,0,0,0,0,0,0,0,0,0,0,0,0,0,0,180.042,0,0,-358.51
"MtrElec",5,5,16,"",-109.554,0,0,0,0,0,0,0,0,0,0,0,0,0,0,0,0,0,0,0,0,167.731,0,0,-277.285
"MtrElec",5,5,17,"",-8.62294,0,0,0,0,0,0,0,0,0,0,0,0,0,0,0,0,0,0,0,0,214.01,0,0,-222.633
"MtrElec",5,5,18,"",140.844,0,0,0,0,0,0,0,0,0,0,0,0,0,0,0,0,0,0,0,0,271.073,0,0,-130.228
"MtrElec",5,5,19,"",115.43,0,0,0,0,0,0,0,0,0,0,0,0,0,0,0,0,0,0,0,0,316.043,0,-157.698,-42.9144
"MtrElec",5,5,20,"",108.139,0,0,0,0,0,0,0,0,0,0,0,0,0,0,0,0,0,0,0,0,267.855,0,-157.698,-2.01877
"MtrElec",5,5,21,"",67.0403,0,0,0,0,0,0,0,0,0,0,0,0,0,0,0,0,0,0,0,0,224.738,0,-157.698,0
"MtrElec",5,5,22,"",83.4184,0,0,0,0,0,0,0,0,0,0,0,0,0,0,0,0,0,0,0,0,141.342,0,-57.9236,0
"MtrElec",5,5,23,"",223.981,0,0,0,0,0,0,0,0,0,0,0,0,0,0,0,0,0,0,0,0,223.981,0,0,0
"MtrElec",5,5,24,"",137.789,0,0,0,0,0,0,0,0,0,0,0,0,0,0,0,0,0,0,0,0,137.789,0,0,0
"MtrElec",5,6,1,"",94.1925,0,0,0,0,0,0,0,0,0,0,0,0,0,0,0,0,0,0,0,0,94.1925,0,0,0
"MtrElec",5,6,2,"",138.128,0,0,0,0,0,0,0,0,0,0,0,0,0,0,0,0,0,0,0,0,138.128,0,0,0
"MtrElec",5,6,3,"",93.5837,0,0,0,0,0,0,0,0,0,0,0,0,0,0,0,0,0,0,0,0,93.5837,0,0,0
"MtrElec",5,6,4,"",92.1148,0,0,0,0,0,0,0,0,0,0,0,0,0,0,0,0,0,0,0,0,92.1148,0,0,0
"MtrElec",5,6,5,"",98.2802,0,0,0,0,0,0,0,0,0,0,0,0,0,0,0,0,0,0,0,0,98.2802,0,0,0
"MtrElec",5,6,6,"",106.207,0,0,0,0,0,0,0,0,0,0,0,0,0,0,0,0,0,0,0,0,106.207,0,0,0
"MtrElec",5,6,7,"",155.23,0,0,0,0,0,0,0,0,0,0,0,0,0,0,0,0,0,0,0,0,160.824,0,0,-5.59387
"MtrElec",5,6,8,"",192.932,0,0,0,0,0,0,0,0,0,0,0,0,0,0,0,0,0,0,0,0,225.123,0,0,-32.1912
"MtrElec",5,6,9,"",154.288,0,0,0,0,0,0,0,0,0,0,0,0,0,0,0,0,0,0,0,0,246.979,0,0,-92.6907
"MtrElec",5,6,10,"",152.955,0,0,0,0,0,0,0,0,0,0,0,0,0,0,0,0,0,0,0,0,243.082,0,0,-90.1272
"MtrElec",5,6,11,"",167.47,0,0,0,0,0,0,0,0,0,0,0,0,0,0,0,0,0,0,0,0,242.011,0,0,-74.5407
"MtrElec",5,6,12,"",124.949,0,0,0,0,0,0,0,0,0,0,0,0,0,0,0,0,0,0,0,0,185.208,0,0,-60.2595
"MtrElec",5,6,13,"",98.1356,0,0,0,0,0,0,0,0,0,0,0,0,0,0,0,0,0,0,0,0,226.022,0,0,-127.887
"MtrElec",5,6,14,"",27.1318,0,0,0,0,0,0,0,0,0,0,0,0,0,0,0,0,0,0,0,0,107.405,0,0,-80.2731
"MtrElec",5,6,15,"",42.829,0,0,0,0,0,0,0,0,0,0,0,0,0,0,0,0,0,0,0,0,180.751,0,0,-137.922
"MtrElec",5,6,16,"",80.3916,0,0,0,0,0,0,0,0,0,0,0,0,0,0,0,0,0,0,0,0,183.432,0,0,-103.04
"MtrElec",5,6,17,"",0.0000020,0,0,0,0,0,0,0,0,0,0,0,0,0,0,0,0,0,0,0,0,169.897,0,30.0638,-199.96
"MtrElec",5,6,18,"",157.548,0,0,0,0,0,0,0,0,0,0,0,0,0,0,0,0,0,0,0,0,195.272,0,0,-37.724
"MtrElec",5,6,19,"",221.006,0,0,0,0,0,0,0,0,0,0,0,0,0,0,0,0,0,0,0,0,248.139,0,-27.1326,0
"MtrElec",5,6,20,"",239.199,0,0,0,0,0,0,0,0,0,0,0,0,0,0,0,0,0,0,0,0,239.199,0,0,0
"MtrElec",5,6,21,"",244.381,0,0,0,0,0,0,0,0,0,0,0,0,0,0,0,0,0,0,0,0,244.381,0,0,0
"MtrElec",5,6,22,"",248.372,0,0,0,0,0,0,0,0,0,0,0,0,0,0,0,0,0,0,0,0,248.372,0,0,0
"MtrElec",5,6,23,"",203.064,0,0,0,0,0,0,0,0,0,0,0,0,0,0,0,0,0,0,0,0,203.064,0,0,0
"MtrElec",5,6,24,"",173.236,0,0,0,0,0,0,0,0,0,0,0,0,0,0,0,0,0,0,0,0,173.236,0,0,0
"MtrElec",5,7,1,"",132.21,0,0,0,0,0,0,0,0,0,0,0,0,0,0,0,0,0,0,0,0,132.21,0,0,0
"MtrElec",5,7,2,"",99.4823,0,0,0,0,0,0,0,0,0,0,0,0,0,0,0,0,0,0,0,0,99.4823,0,0,0
"MtrElec",5,7,3,"",85.6314,0,0,0,0,0,0,0,0,0,0,0,0,0,0,0,0,0,0,0,0,85.6314,0,0,0
"MtrElec",5,7,4,"",98.7415,0,0,0,0,0,0,0,0,0,0,0,0,0,0,0,0,0,0,0,0,98.7415,0,0,0
"MtrElec",5,7,5,"",91.5928,0,0,0,0,0,0,0,0,0,0,0,0,0,0,0,0,0,0,0,0,91.5928,0,0,0
"MtrElec",5,7,6,"",123.87,0,0,0,0,0,0,0,0,0,0,0,0,0,0,0,0,0,0,0,0,123.87,0,0,0
"MtrElec",5,7,7,"",146.392,0,0,0,0,0,0,0,0,0,0,0,0,0,0,0,0,0,0,0,0,161.795,0,0,-15.4036
"MtrElec",5,7,8,"",164.055,0,0,0,0,0,0,0,0,0,0,0,0,0,0,0,0,0,0,0,0,236.709,0,0,-72.6538
"MtrElec",5,7,9,"",75.3872,0,0,0,0,0,0,0,0,0,0,0,0,0,0,0,0,0,0,0,0,227.502,0,0,-152.115
"MtrElec",5,7,10,"",113.112,0,0,0,0,0,0,0,0,0,0,0,0,0,0,0,0,0,0,0,0,258.594,0,0,-145.482
"MtrElec",5,7,11,"",0,0,0,0,0,0,0,0,0,0,0,0,0,0,0,0,0,0,0,0,0,227.724,0,67.915,-295.639
"MtrElec",5,7,12,"",0,0,0,0,0,0,0,0,0,0,0,0,0,0,0,0,0,0,0,0,0,158.231,0,136.695,-294.926
"MtrElec",5,7,13,"",0,0,0,0,0,0,0,0,0,0,0,0,0,0,0,0,0,0,0,0,0,234.006,0,45.7298,-279.736
"MtrElec",5,7,14,"",-41.9593,0,0,0,0,0,0,0,0,0,0,0,0,0,0,0,0,0,0,0,0,153.632,0,157.698,-353.289
"MtrElec",5,7,15,"",9.36728,0,0,0,0,0,0,0,0,0,0,0,0,0,0,0,0,0,0,0,0,140.924,0,0,-131.557
"MtrElec",5,7,16,"",165.048,0,0,0,0,0,0,0,0,0,0,0,0,0,0,0,0,0,0,0,0,182.535,0,0,-17.4868
"MtrElec",5,7,17,"",176.964,0,0,0,0,0,0,0,0,0,0,0,0,0,0,0,0,0,0,0,0,182.082,0,0,-5.11757
"MtrElec",5,7,18,"",94.6704,0,0,0,0,0,0,0,0,0,0,0,0,0,0,0,0,0,0,0,0,189.885,0,0,-95.2145
"MtrElec",5,7,19,"",41.8282,0,0,0,0,0,0,0,0,0,0,0,0,0,0,0,0,0,0,0,0,247.768,0,-157.698,-48.2416
"MtrElec",5,7,20,"",90.7219,0,0,0,0,0,0,0,0,0,0,0,0,0,0,0,0,0,0,0,0,251.111,0,-157.698,-2.69151
"MtrElec",5,7,21,"",191.369,0,0,0,0,0,0,0,0,0,0,0,0,0,0,0,0,0,0,0,0,244.227,0,-52.858,0
"MtrElec",5,7,22,"",209.972,0,0,0,0,0,0,0,0,0,0,0,0,0,0,0,0,0,0,0,0,209.972,0,0,0
"MtrElec",5,7,23,"",213.963,0,0,0,0,0,0,0,0,0,0,0,0,0,0,0,0,0,0,0,0,213.963,0,0,0
"MtrElec",5,7,24,"",169.108,0,0,0,0,0,0,0,0,0,0,0,0,0,0,0,0,0,0,0,0,169.108,0,0,0
"MtrElec",5,8,1,"",110.326,0,0,0,0,0,0,0,0,0,0,0,0,0,0,0,0,0,0,0,0,110.326,0,0,0
"MtrElec",5,8,2,"",100.32,0,0,0,0,0,0,0,0,0,0,0,0,0,0,0,0,0,0,0,0,100.32,0,0,0
"MtrElec",5,8,3,"",91.3474,0,0,0,0,0,0,0,0,0,0,0,0,0,0,0,0,0,0,0,0,91.3474,0,0,0
"MtrElec",5,8,4,"",89.8263,0,0,0,0,0,0,0,0,0,0,0,0,0,0,0,0,0,0,0,0,89.8263,0,0,0
"MtrElec",5,8,5,"",120.411,0,0,0,0,0,0,0,0,0,0,0,0,0,0,0,0,0,0,0,0,120.411,0,0,0
"MtrElec",5,8,6,"",120.639,0,0,0,0,0,0,0,0,0,0,0,0,0,0,0,0,0,0,0,0,120.639,0,0,0
"MtrElec",5,8,7,"",150.424,0,0,0,0,0,0,0,0,0,0,0,0,0,0,0,0,0,0,0,0,174.209,0,0,-23.7847
"MtrElec",5,8,8,"",83.8178,0,0,0,0,0,0,0,0,0,0,0,0,0,0,0,0,0,0,0,0,192.201,0,0,-108.384
"MtrElec",5,8,9,"",24.9341,0,0,0,0,0,0,0,0,0,0,0,0,0,0,0,0,0,0,0,0,220.642,0,0,-195.708
"MtrElec",5,8,10,"",0,0,0,0,0,0,0,0,0,0,0,0,0,0,0,0,0,0,0,0,0,201.317,0,68.5984,-269.916
"MtrElec",5,8,11,"",0,0,0,0,0,0,0,0,0,0,0,0,0,0,0,0,0,0,0,0,0,208.487,0,157.432,-365.918
"MtrElec",5,8,12,"",-73.8034,0,0,0,0,0,0,0,0,0,0,0,0,0,0,0,0,0,0,0,0,212.616,0,157.698,-444.118
"MtrElec",5,8,13,"",-132.9,0,0,0,0,0,0,0,0,0,0,0,0,0,0,0,0,0,0,0,0,181.346,0,157.698,-471.944
"MtrElec",5,8,14,"",-293.195,0,0,0,0,0,0,0,0,0,0,0,0,0,0,0,0,0,0,0,0,124.106,0,46.959,-464.26
"MtrElec",5,8,15,"",-287.128,0,0,0,0,0,0,0,0,0,0,0,0,0,0,0,0,0,0,0,0,139.917,0,0,-427.045
"MtrElec",5,8,16,"",-225.851,0,0,0,0,0,0,0,0,0,0,0,0,0,0,0,0,0,0,0,0,136.378,0,0,-362.229
"MtrElec",5,8,17,"",-63.2895,0,0,0,0,0,0,0,0,0,0,0,0,0,0,0,0,0,0,0,0,204.17,0,0,-267.46
"MtrElec",5,8,18,"",54.2633,0,0,0,0,0,0,0,0,0,0,0,0,0,0,0,0,0,0,0,0,208.338,0,0,-154.074
"MtrElec",5,8,19,"",12.7024,0,0,0,0,0,0,0,0,0,0,0,0,0,0,0,0,0,0,0,0,217.079,0,-157.698,-46.679
"MtrElec",5,8,20,"",52.5356,0,0,0,0,0,0,0,0,0,0,0,0,0,0,0,0,0,0,0,0,213.497,0,-157.698,-3.26305
"MtrElec",5,8,21,"",55.0043,0,0,0,0,0,0,0,0,0,0,0,0,0,0,0,0,0,0,0,0,212.702,0,-157.698,0
"MtrElec",5,8,22,"",129.765,0,0,0,0,0,0,0,0,0,0,0,0,0,0,0,0,0,0,0,0,187.689,0,-57.9236,0
"MtrElec",5,8,23,"",207.147,0,0,0,0,0,0,0,0,0,0,0,0,0,0,0,0,0,0,0,0,207.147,0,0,0
"MtrElec",5,8,24,"",127.815,0,0,0,0,0,0,0,0,0,0,0,0,0,0,0,0,0,0,0,0,127.815,0,0,0
"MtrElec",5,9,1,"",106.868,0,0,0,0,0,0,0,0,0,0,0,0,0,0,0,0,0,0,0,0,106.868,0,0,0
"MtrElec",5,9,2,"",97.694,0,0,0,0,0,0,0,0,0,0,0,0,0,0,0,0,0,0,0,0,97.694,0,0,0
"MtrElec",5,9,3,"",98.5112,0,0,0,0,0,0,0,0,0,0,0,0,0,0,0,0,0,0,0,0,98.5112,0,0,0
"MtrElec",5,9,4,"",129.673,0,0,0,0,0,0,0,0,0,0,0,0,0,0,0,0,0,0,0,0,129.673,0,0,0
"MtrElec",5,9,5,"",115.705,0,0,0,0,0,0,0,0,0,0,0,0,0,0,0,0,0,0,0,0,115.705,0,0,0
"MtrElec",5,9,6,"",97.3664,0,0,0,0,0,0,0,0,0,0,0,0,0,0,0,0,0,0,0,0,97.3664,0,0,0
"MtrElec",5,9,7,"",71.6779,0,0,0,0,0,0,0,0,0,0,0,0,0,0,0,0,0,0,0,0,92.5987,0,0,-20.9208
"MtrElec",5,9,8,"",66.6641,0,0,0,0,0,0,0,0,0,0,0,0,0,0,0,0,0,0,0,0,157.392,0,0,-90.728
"MtrElec",5,9,9,"",5.58153,0,0,0,0,0,0,0,0,0,0,0,0,0,0,0,0,0,0,0,0,171.515,0,0,-165.933
"MtrElec",5,9,10,"",0,0,0,0,0,0,0,0,0,0,0,0,0,0,0,0,0,0,0,0,0,260.947,0,8.31677,-269.264
"MtrElec",5,9,11,"",0.0000078,0,0,0,0,0,0,0,0,0,0,0,0,0,0,0,0,0,0,0,0,308.404,0,67.0151,-375.419
"MtrElec",5,9,12,"",-2.16427,0,0,0,0,0,0,0,0,0,0,0,0,0,0,0,0,0,0,0,0,266.401,0,157.698,-426.263
"MtrElec",5,9,13,"",-57.8198,0,0,0,0,0,0,0,0,0,0,0,0,0,0,0,0,0,0,0,0,236.157,0,157.698,-451.675
"MtrElec",5,9,14,"",-70.8593,0,0,0,0,0,0,0,0,0,0,0,0,0,0,0,0,0,0,0,0,221.761,0,157.698,-450.319
"MtrElec",5,9,15,"",-189.323,0,0,0,0,0,0,0,0,0,0,0,0,0,0,0,0,0,0,0,0,188.902,0,39.9594,-418.184
"MtrElec",5,9,16,"",-157.102,0,0,0,0,0,0,0,0,0,0,0,0,0,0,0,0,0,0,0,0,195.481,0,0,-352.583
"MtrElec",5,9,17,"",-89.0348,0,0,0,0,0,0,0,0,0,0,0,0,0,0,0,0,0,0,0,0,171.06,0,0,-260.095
"MtrElec",5,9,18,"",57.4779,0,0,0,0,0,0,0,0,0,0,0,0,0,0,0,0,0,0,0,0,205.912,0,0,-148.434
"MtrElec",5,9,19,"",28.6466,0,0,0,0,0,0,0,0,0,0,0,0,0,0,0,0,0,0,0,0,236.259,0,-157.698,-49.9148
"MtrElec",5,9,20,"",99.1361,0,0,0,0,0,0,0,0,0,0,0,0,0,0,0,0,0,0,0,0,261.59,0,-157.698,-4.75629
"MtrElec",5,9,21,"",27.0462,0,0,0,0,0,0,0,0,0,0,0,0,0,0,0,0,0,0,0,0,184.744,0,-157.698,0
"MtrElec",5,9,22,"",159.684,0,0,0,0,0,0,0,0,0,0,0,0,0,0,0,0,0,0,0,0,217.608,0,-57.9236,0
"MtrElec",5,9,23,"",175.146,0,0,0,0,0,0,0,0,0,0,0,0,0,0,0,0,0,0,0,0,175.146,0,0,0
"MtrElec",5,9,24,"",136.13,0,0,0,0,0,0,0,0,0,0,0,0,0,0,0,0,0,0,0,0,136.13,0,0,0
"MtrElec",5,10,1,"",125.234,0,0,0,0,0,0,0,0,0,0,0,0,0,0,0,0,0,0,0,0,125.234,0,0,0
"MtrElec",5,10,2,"",96.3598,0,0,0,0,0,0,0,0,0,0,0,0,0,0,0,0,0,0,0,0,96.3598,0,0,0
"MtrElec",5,10,3,"",81.8859,0,0,0,0,0,0,0,0,0,0,0,0,0,0,0,0,0,0,0,0,81.8859,0,0,0
"MtrElec",5,10,4,"",134.666,0,0,0,0,0,0,0,0,0,0,0,0,0,0,0,0,0,0,0,0,134.666,0,0,0
"MtrElec",5,10,5,"",99.9102,0,0,0,0,0,0,0,0,0,0,0,0,0,0,0,0,0,0,0,0,99.9102,0,0,0
"MtrElec",5,10,6,"",83.5415,0,0,0,0,0,0,0,0,0,0,0,0,0,0,0,0,0,0,0,0,83.5415,0,0,0
"MtrElec",5,10,7,"",104.654,0,0,0,0,0,0,0,0,0,0,0,0,0,0,0,0,0,0,0,0,108.335,0,0,-3.68171
"MtrElec",5,10,8,"",159.104,0,0,0,0,0,0,0,0,0,0,0,0,0,0,0,0,0,0,0,0,181.512,0,0,-22.4071
"MtrElec",5,10,9,"",167.735,0,0,0,0,0,0,0,0,0,0,0,0,0,0,0,0,0,0,0,0,222.957,0,0,-55.222
"MtrElec",5,10,10,"",67.7951,0,0,0,0,0,0,0,0,0,0,0,0,0,0,0,0,0,0,0,0,190.849,0,0,-123.054
"MtrElec",5,10,11,"",35.638,0,0,0,0,0,0,0,0,0,0,0,0,0,0,0,0,0,0,0,0,243.284,0,0,-207.646
"MtrElec",5,10,12,"",92.5667,0,0,0,0,0,0,0,0,0,0,0,0,0,0,0,0,0,0,0,0,217.306,0,0,-124.739
"MtrElec",5,10,13,"",216.059,0,0,0,0,0,0,0,0,0,0,0,0,0,0,0,0,0,0,0,0,280.227,0,0,-64.1676
"MtrElec",5,10,14,"",102.935,0,0,0,0,0,0,0,0,0,0,0,0,0,0,0,0,0,0,0,0,213.925,0,0,-110.99
"MtrElec",5,10,15,"",24.6695,0,0,0,0,0,0,0,0,0,0,0,0,0,0,0,0,0,0,0,0,206.798,0,0,-182.129
"MtrElec",5,10,16,"",0.0000039,0,0,0,0,0,0,0,0,0,0,0,0,0,0,0,0,0,0,0,0,194.21,0,57.9799,-252.19
"MtrElec",5,10,17,"",93.0579,0,0,0,0,0,0,0,0,0,0,0,0,0,0,0,0,0,0,0,0,188.185,0,0,-95.1267
"MtrElec",5,10,18,"",197.869,0,0,0,0,0,0,0,0,0,0,0,0,0,0,0,0,0,0,0,0,234.807,0,0,-36.9377
"MtrElec",5,10,19,"",272.98,0,0,0,0,0,0,0,0,0,0,0,0,0,0,0,0,0,0,0,0,340.198,0,-52.3268,-14.8915
"MtrElec",5,10,20,"",258.411,0,0,0,0,0,0,0,0,0,0,0,0,0,0,0,0,0,0,0,0,258.411,0,0,0
"MtrElec",5,10,21,"",213.756,0,0,0,0,0,0,0,0,0,0,0,0,0,0,0,0,0,0,0,0,213.756,0,0,0
"MtrElec",5,10,22,"",268.328,0,0,0,0,0,0,0,0,0,0,0,0,0,0,0,0,0,0,0,0,268.328,0,0,0
"MtrElec",5,10,23,"",170.514,0,0,0,0,0,0,0,0,0,0,0,0,0,0,0,0,0,0,0,0,170.514,0,0,0
"MtrElec",5,10,24,"",144.2,0,0,0,0,0,0,0,0,0,0,0,0,0,0,0,0,0,0,0,0,144.2,0,0,0
"MtrElec",5,11,1,"",90.3439,0,0,0,0,0,0,0,0,0,0,0,0,0,0,0,0,0,0,0,0,90.3439,0,0,0
"MtrElec",5,11,2,"",95.0916,0,0,0,0,0,0,0,0,0,0,0,0,0,0,0,0,0,0,0,0,95.0916,0,0,0
"MtrElec",5,11,3,"",94.2556,0,0,0,0,0,0,0,0,0,0,0,0,0,0,0,0,0,0,0,0,94.2556,0,0,0
"MtrElec",5,11,4,"",90.9328,0,0,0,0,0,0,0,0,0,0,0,0,0,0,0,0,0,0,0,0,90.9328,0,0,0
"MtrElec",5,11,5,"",83.1859,0,0,0,0,0,0,0,0,0,0,0,0,0,0,0,0,0,0,0,0,83.1859,0,0,0
"MtrElec",5,11,6,"",143.951,0,0,0,0,0,0,0,0,0,0,0,0,0,0,0,0,0,0,0,0,143.951,0,0,0
"MtrElec",5,11,7,"",112.004,0,0,0,0,0,0,0,0,0,0,0,0,0,0,0,0,0,0,0,0,130.656,0,0,-18.6514
"MtrElec",5,11,8,"",151.888,0,0,0,0,0,0,0,0,0,0,0,0,0,0,0,0,0,0,0,0,239.028,0,0,-87.1405
"MtrElec",5,11,9,"",7.33631,0,0,0,0,0,0,0,0,0,0,0,0,0,0,0,0,0,0,0,0,206.936,0,0,-199.6
"MtrElec",5,11,10,"",0,0,0,0,0,0,0,0,0,0,0,0,0,0,0,0,0,0,0,0,0,205.49,0,99.7732,-305.263
"MtrElec",5,11,11,"",-7.39994,0,0,0,0,0,0,0,0,0,0,0,0,0,0,0,0,0,0,0,0,223.433,0,157.698,-388.531
"MtrElec",5,11,12,"",-97.2819,0,0,0,0,0,0,0,0,0,0,0,0,0,0,0,0,0,0,0,0,184.349,0,157.698,-439.329
"MtrElec",5,11,13,"",-156.971,0,0,0,0,0,0,0,0,0,0,0,0,0,0,0,0,0,0,0,0,145.214,0,157.698,-459.883
"MtrElec",5,11,14,"",-272.504,0,0,0,0,0,0,0,0,0,0,0,0,0,0,0,0,0,0,0,0,166.438,0,15.5181,-454.46
"MtrElec",5,11,15,"",-273.357,0,0,0,0,0,0,0,0,0,0,0,0,0,0,0,0,0,0,0,0,147.076,0,0,-420.433
"MtrElec",5,11,16,"",-206.4,0,0,0,0,0,0,0,0,0,0,0,0,0,0,0,0,0,0,0,0,152.365,0,0,-358.765
"MtrElec",5,11,17,"",-46.1719,0,0,0,0,0,0,0,0,0,0,0,0,0,0,0,0,0,0,0,0,226.299,0,0,-272.471
"MtrElec",5,11,18,"",15.3275,0,0,0,0,0,0,0,0,0,0,0,0,0,0,0,0,0,0,0,0,173.957,0,0,-158.63
"MtrElec",5,11,19,"",28.0261,0,0,0,0,0,0,0,0,0,0,0,0,0,0,0,0,0,0,0,0,233.681,0,-157.698,-47.9574
"MtrElec",5,11,20,"",53.5112,0,0,0,0,0,0,0,0,0,0,0,0,0,0,0,0,0,0,0,0,216.061,0,-157.698,-4.85199
"MtrElec",5,11,21,"",66.782,0,0,0,0,0,0,0,0,0,0,0,0,0,0,0,0,0,0,0,0,224.48,0,-157.698,0
"MtrElec",5,11,22,"",128.975,0,0,0,0,0,0,0,0,0,0,0,0,0,0,0,0,0,0,0,0,186.899,0,-57.9236,0
"MtrElec",5,11,23,"",192.485,0,0,0,0,0,0,0,0,0,0,0,0,0,0,0,0,0,0,0,0,192.485,0,0,0
"MtrElec",5,11,24,"",125.853,0,0,0,0,0,0,0,0,0,0,0,0,0,0,0,0,0,0,0,0,125.853,0,0,0
"MtrElec",5,12,1,"",97.0641,0,0,0,0,0,0,0,0,0,0,0,0,0,0,0,0,0,0,0,0,97.0641,0,0,0
"MtrElec",5,12,2,"",115.411,0,0,0,0,0,0,0,0,0,0,0,0,0,0,0,0,0,0,0,0,115.411,0,0,0
"MtrElec",5,12,3,"",118.36,0,0,0,0,0,0,0,0,0,0,0,0,0,0,0,0,0,0,0,0,118.36,0,0,0
"MtrElec",5,12,4,"",89.5318,0,0,0,0,0,0,0,0,0,0,0,0,0,0,0,0,0,0,0,0,89.5318,0,0,0
"MtrElec",5,12,5,"",92.9665,0,0,0,0,0,0,0,0,0,0,0,0,0,0,0,0,0,0,0,0,92.9665,0,0,0
"MtrElec",5,12,6,"",103.258,0,0,0,0,0,0,0,0,0,0,0,0,0,0,0,0,0,0,0,0,103.258,0,0,0
"MtrElec",5,12,7,"",196.323,0,0,0,0,0,0,0,0,0,0,0,0,0,0,0,0,0,0,0,0,215.598,0,0,-19.2753
"MtrElec",5,12,8,"",106.699,0,0,0,0,0,0,0,0,0,0,0,0,0,0,0,0,0,0,0,0,196.157,0,0,-89.4582
"MtrElec",5,12,9,"",52.2812,0,0,0,0,0,0,0,0,0,0,0,0,0,0,0,0,0,0,0,0,258.401,0,0,-206.12
"MtrElec",5,12,10,"",0,0,0,0,0,0,0,0,0,0,0,0,0,0,0,0,0,0,0,0,0,257.794,0,53.1405,-310.935
"MtrElec",5,12,11,"",0,0,0,0,0,0,0,0,0,0,0,0,0,0,0,0,0,0,0,0,0,241.044,0,152.849,-393.893
"MtrElec",5,12,12,"",-116.159,0,0,0,0,0,0,0,0,0,0,0,0,0,0,0,0,0,0,0,0,172.416,0,157.698,-446.273
"MtrElec",5,12,13,"",-141.603,0,0,0,0,0,0,0,0,0,0,0,0,0,0,0,0,0,0,0,0,167.619,0,157.698,-466.919
"MtrElec",5,12,14,"",-242.183,0,0,0,0,0,0,0,0,0,0,0,0,0,0,0,0,0,0,0,0,152.103,0,66.9994,-461.285
"MtrElec",5,12,15,"",-288.178,0,0,0,0,0,0,0,0,0,0,0,0,0,0,0,0,0,0,0,0,142.908,0,0,-431.085
"MtrElec",5,12,16,"",-232.613,0,0,0,0,0,0,0,0,0,0,0,0,0,0,0,0,0,0,0,0,133.172,0,0,-365.785
"MtrElec",5,12,17,"",-87.731,0,0,0,0,0,0,0,0,0,0,0,0,0,0,0,0,0,0,0,0,187.647,0,0,-275.378
"MtrElec",5,12,18,"",38.288,0,0,0,0,0,0,0,0,0,0,0,0,0,0,0,0,0,0,0,0,199.056,0,0,-160.768
"MtrElec",5,12,19,"",35.3577,0,0,0,0,0,0,0,0,0,0,0,0,0,0,0,0,0,0,0,0,240.66,0,-157.698,-47.604
"MtrElec",5,12,20,"",88.0397,0,0,0,0,0,0,0,0,0,0,0,0,0,0,0,0,0,0,0,0,251.022,0,-157.698,-5.28393
"MtrElec",5,12,21,"",107.046,0,0,0,0,0,0,0,0,0,0,0,0,0,0,0,0,0,0,0,0,264.744,0,-157.698,0
"MtrElec",5,12,22,"",148.429,0,0,0,0,0,0,0,0,0,0,0,0,0,0,0,0,0,0,0,0,206.353,0,-57.9236,0
"MtrElec",5,12,23,"",214.32,0,0,0,0,0,0,0,0,0,0,0,0,0,0,0,0,0,0,0,0,214.32,0,0,0
"MtrElec",5,12,24,"",167.378,0,0,0,0,0,0,0,0,0,0,0,0,0,0,0,0,0,0,0,0,167.378,0,0,0
"MtrElec",5,13,1,"",112.59,0,0,0,0,0,0,0,0,0,0,0,0,0,0,0,0,0,0,0,0,112.59,0,0,0
"MtrElec",5,13,2,"",95.225,0,0,0,0,0,0,0,0,0,0,0,0,0,0,0,0,0,0,0,0,95.225,0,0,0
"MtrElec",5,13,3,"",92.4553,0,0,0,0,0,0,0,0,0,0,0,0,0,0,0,0,0,0,0,0,92.4553,0,0,0
"MtrElec",5,13,4,"",106.417,0,0,0,0,0,0,0,0,0,0,0,0,0,0,0,0,0,0,0,0,106.417,0,0,0
"MtrElec",5,13,5,"",92.2121,0,0,0,0,0,0,0,0,0,0,0,0,0,0,0,0,0,0,0,0,92.2121,0,0,0
"MtrElec",5,13,6,"",130.433,0,0,0,0,0,0,0,0,0,0,0,0,0,0,0,0,0,0,0,0,130.433,0,0,0
"MtrElec",5,13,7,"",158.027,0,0,0,0,0,0,0,0,0,0,0,0,0,0,0,0,0,0,0,0,184.785,0,0,-26.7578
"MtrElec",5,13,8,"",90.1561,0,0,0,0,0,0,0,0,0,0,0,0,0,0,0,0,0,0,0,0,202.394,0,0,-112.238
"MtrElec",5,13,9,"",66.0654,0,0,0,0,0,0,0,0,0,0,0,0,0,0,0,0,0,0,0,0,249.963,0,0,-183.897
"MtrElec",5,13,10,"",0,0,0,0,0,0,0,0,0,0,0,0,0,0,0,0,0,0,0,0,0,196.861,0,133.228,-330.089
"MtrElec",5,13,11,"",-70.3853,0,0,0,0,0,0,0,0,0,0,0,0,0,0,0,0,0,0,0,0,182.23,0,157.698,-410.314
"MtrElec",5,13,12,"",-97.9134,0,0,0,0,0,0,0,0,0,0,0,0,0,0,0,0,0,0,0,0,210.475,0,157.698,-466.086
"MtrElec",5,13,13,"",-102.93,0,0,0,0,0,0,0,0,0,0,0,0,0,0,0,0,0,0,0,0,244.396,0,139.761,-487.087
"MtrElec",5,13,14,"",-358.619,0,0,0,0,0,0,0,0,0,0,0,0,0,0,0,0,0,0,0,0,115.689,0,0,-474.308
"MtrElec",5,13,15,"",-285.104,0,0,0,0,0,0,0,0,0,0,0,0,0,0,0,0,0,0,0,0,151.363,0,0,-436.467
"MtrElec",5,13,16,"",-247.517,0,0,0,0,0,0,0,0,0,0,0,0,0,0,0,0,0,0,0,0,125.507,0,0,-373.024
"MtrElec",5,13,17,"",-111.059,0,0,0,0,0,0,0,0,0,0,0,0,0,0,0,0,0,0,0,0,169.158,0,0,-280.217
"MtrElec",5,13,18,"",44.1071,0,0,0,0,0,0,0,0,0,0,0,0,0,0,0,0,0,0,0,0,206.671,0,0,-162.564
"MtrElec",5,13,19,"",47.5276,0,0,0,0,0,0,0,0,0,0,0,0,0,0,0,0,0,0,0,0,255.456,0,-157.698,-50.2305
"MtrElec",5,13,20,"",101.356,0,0,0,0,0,0,0,0,0,0,0,0,0,0,0,0,0,0,0,0,265.594,0,-157.698,-6.54057
"MtrElec",5,13,21,"",50.8152,0,0,0,0,0,0,0,0,0,0,0,0,0,0,0,0,0,0,0,0,208.513,0,-157.698,0
"MtrElec",5,13,22,"",134.653,0,0,0,0,0,0,0,0,0,0,0,0,0,0,0,0,0,0,0,0,192.577,0,-57.9236,0
"MtrElec",5,13,23,"",200.513,0,0,0,0,0,0,0,0,0,0,0,0,0,0,0,0,0,0,0,0,200.513,0,0,0
"MtrElec",5,13,24,"",154.807,0,0,0,0,0,0,0,0,0,0,0,0,0,0,0,0,0,0,0,0,154.807,0,0,0
"MtrElec",5,14,1,"",152.902,0,0,0,0,0,0,0,0,0,0,0,0,0,0,0,0,0,0,0,0,152.902,0,0,0
"MtrElec",5,14,2,"",99.3895,0,0,0,0,0,0,0,0,0,0,0,0,0,0,0,0,0,0,0,0,99.3895,0,0,0
"MtrElec",5,14,3,"",82.5769,0,0,0,0,0,0,0,0,0,0,0,0,0,0,0,0,0,0,0,0,82.5769,0,0,0
"MtrElec",5,14,4,"",95.7016,0,0,0,0,0,0,0,0,0,0,0,0,0,0,0,0,0,0,0,0,95.7016,0,0,0
"MtrElec",5,14,5,"",92.197,0,0,0,0,0,0,0,0,0,0,0,0,0,0,0,0,0,0,0,0,92.197,0,0,0
"MtrElec",5,14,6,"",113.459,0,0,0,0,0,0,0,0,0,0,0,0,0,0,0,0,0,0,0,0,113.459,0,0,0
"MtrElec",5,14,7,"",133.453,0,0,0,0,0,0,0,0,0,0,0,0,0,0,0,0,0,0,0,0,155.486,0,0,-22.0327
"MtrElec",5,14,8,"",132.964,0,0,0,0,0,0,0,0,0,0,0,0,0,0,0,0,0,0,0,0,225.821,0,0,-92.8566
"MtrElec",5,14,9,"",26.7235,0,0,0,0,0,0,0,0,0,0,0,0,0,0,0,0,0,0,0,0,234.438,0,0,-207.714
"MtrElec",5,14,10,"",0,0,0,0,0,0,0,0,0,0,0,0,0,0,0,0,0,0,0,0,0,205.768,0,107.006,-312.774
"MtrElec",5,14,11,"",-20.7394,0,0,0,0,0,0,0,0,0,0,0,0,0,0,0,0,0,0,0,0,209.493,0,157.698,-387.931
"MtrElec",5,14,12,"",-56.4505,0,0,0,0,0,0,0,0,0,0,0,0,0,0,0,0,0,0,0,0,223.914,0,157.698,-438.062
"MtrElec",5,14,13,"",-86.4933,0,0,0,0,0,0,0,0,0,0,0,0,0,0,0,0,0,0,0,0,221.925,0,157.698,-466.116
"MtrElec",5,14,14,"",-327.584,0,0,0,0,0,0,0,0,0,0,0,0,0,0,0,0,0,0,0,0,126.642,0,8.28526,-462.511
"MtrElec",5,14,15,"",-252.441,0,0,0,0,0,0,0,0,0,0,0,0,0,0,0,0,0,0,0,0,177.385,0,0,-429.826
"MtrElec",5,14,16,"",-206.061,0,0,0,0,0,0,0,0,0,0,0,0,0,0,0,0,0,0,0,0,164.358,0,0,-370.419
"MtrElec",5,14,17,"",-119.787,0,0,0,0,0,0,0,0,0,0,0,0,0,0,0,0,0,0,0,0,159.954,0,0,-279.74
"MtrElec",5,14,18,"",69.4103,0,0,0,0,0,0,0,0,0,0,0,0,0,0,0,0,0,0,0,0,232.556,0,0,-163.146
"MtrElec",5,14,19,"",64.0732,0,0,0,0,0,0,0,0,0,0,0,0,0,0,0,0,0,0,0,0,272.049,0,-157.698,-50.2781
"MtrElec",5,14,20,"",80.2853,0,0,0,0,0,0,0,0,0,0,0,0,0,0,0,0,0,0,0,0,245.026,0,-157.698,-7.04283
"MtrElec",5,14,21,"",78.7484,0,0,0,0,0,0,0,0,0,0,0,0,0,0,0,0,0,0,0,0,236.446,0,-157.698,0
"MtrElec",5,14,22,"",134.187,0,0,0,0,0,0,0,0,0,0,0,0,0,0,0,0,0,0,0,0,192.111,0,-57.9236,0
"MtrElec",5,14,23,"",210.093,0,0,0,0,0,0,0,0,0,0,0,0,0,0,0,0,0,0,0,0,210.093,0,0,0
"MtrElec",5,14,24,"",123.055,0,0,0,0,0,0,0,0,0,0,0,0,0,0,0,0,0,0,0,0,123.055,0,0,0
"MtrElec",5,15,1,"",160.984,0,0,0,0,0,0,0,0,0,0,0,0,0,0,0,0,0,0,0,0,160.984,0,0,0
"MtrElec",5,15,2,"",101.279,0,0,0,0,0,0,0,0,0,0,0,0,0,0,0,0,0,0,0,0,101.279,0,0,0
"MtrElec",5,15,3,"",82.437,0,0,0,0,0,0,0,0,0,0,0,0,0,0,0,0,0,0,0,0,82.437,0,0,0
"MtrElec",5,15,4,"",95.4505,0,0,0,0,0,0,0,0,0,0,0,0,0,0,0,0,0,0,0,0,95.4505,0,0,0
"MtrElec",5,15,5,"",94.3136,0,0,0,0,0,0,0,0,0,0,0,0,0,0,0,0,0,0,0,0,94.3136,0,0,0
"MtrElec",5,15,6,"",90.736,0,0,0,0,0,0,0,0,0,0,0,0,0,0,0,0,0,0,0,0,90.736,0,0,0
"MtrElec",5,15,7,"",159.664,0,0,0,0,0,0,0,0,0,0,0,0,0,0,0,0,0,0,0,0,182.043,0,0,-22.3789
"MtrElec",5,15,8,"",135.064,0,0,0,0,0,0,0,0,0,0,0,0,0,0,0,0,0,0,0,0,228.753,0,0,-93.6887
"MtrElec",5,15,9,"",32.1966,0,0,0,0,0,0,0,0,0,0,0,0,0,0,0,0,0,0,0,0,241.896,0,0,-209.699
"MtrElec",5,15,10,"",0,0,0,0,0,0,0,0,0,0,0,0,0,0,0,0,0,0,0,0,0,268.617,0,28.7584,-297.375
"MtrElec",5,15,11,"",0,0,0,0,0,0,0,0,0,0,0,0,0,0,0,0,0,0,0,0,0,213.632,0,133.548,-347.18
"MtrElec",5,15,12,"",0,0,0,0,0,0,0,0,0,0,0,0,0,0,0,0,0,0,0,0,0,167.071,0,91.4987,-258.57
"MtrElec",5,15,13,"",-52.8172,0,0,0,0,0,0,0,0,0,0,0,0,0,0,0,0,0,0,0,0,197.294,0,157.698,-407.809
"MtrElec",5,15,14,"",-184.504,0,0,0,0,0,0,0,0,0,0,0,0,0,0,0,0,0,0,0,0,109.327,0,157.698,-451.529
"MtrElec",5,15,15,"",-149.627,0,0,0,0,0,0,0,0,0,0,0,0,0,0,0,0,0,0,0,0,159.933,0,19.1845,-328.745
"MtrElec",5,15,16,"",-194.856,0,0,0,0,0,0,0,0,0,0,0,0,0,0,0,0,0,0,0,0,157.392,0,0,-352.248
"MtrElec",5,15,17,"",-88.4739,0,0,0,0,0,0,0,0,0,0,0,0,0,0,0,0,0,0,0,0,170.456,0,0,-258.929
"MtrElec",5,15,18,"",76.9204,0,0,0,0,0,0,0,0,0,0,0,0,0,0,0,0,0,0,0,0,207.569,0,0,-130.649
"MtrElec",5,15,19,"",43.2254,0,0,0,0,0,0,0,0,0,0,0,0,0,0,0,0,0,0,0,0,253.26,0,-157.698,-52.3366
"MtrElec",5,15,20,"",66.9773,0,0,0,0,0,0,0,0,0,0,0,0,0,0,0,0,0,0,0,0,231.761,0,-157.698,-7.08586
"MtrElec",5,15,21,"",91.7227,0,0,0,0,0,0,0,0,0,0,0,0,0,0,0,0,0,0,0,0,249.421,0,-157.698,0
"MtrElec",5,15,22,"",148.911,0,0,0,0,0,0,0,0,0,0,0,0,0,0,0,0,0,0,0,0,206.834,0,-57.9236,0
"MtrElec",5,15,23,"",209.399,0,0,0,0,0,0,0,0,0,0,0,0,0,0,0,0,0,0,0,0,209.399,0,0,0
"MtrElec",5,15,24,"",134.235,0,0,0,0,0,0,0,0,0,0,0,0,0,0,0,0,0,0,0,0,134.235,0,0,0
"MtrElec",5,16,1,"",102.47,0,0,0,0,0,0,0,0,0,0,0,0,0,0,0,0,0,0,0,0,102.47,0,0,0
"MtrElec",5,16,2,"",115.889,0,0,0,0,0,0,0,0,0,0,0,0,0,0,0,0,0,0,0,0,115.889,0,0,0
"MtrElec",5,16,3,"",101.178,0,0,0,0,0,0,0,0,0,0,0,0,0,0,0,0,0,0,0,0,101.178,0,0,0
"MtrElec",5,16,4,"",100.063,0,0,0,0,0,0,0,0,0,0,0,0,0,0,0,0,0,0,0,0,100.063,0,0,0
"MtrElec",5,16,5,"",122.465,0,0,0,0,0,0,0,0,0,0,0,0,0,0,0,0,0,0,0,0,122.465,0,0,0
"MtrElec",5,16,6,"",83.7752,0,0,0,0,0,0,0,0,0,0,0,0,0,0,0,0,0,0,0,0,83.7752,0,0,0
"MtrElec",5,16,7,"",124.775,0,0,0,0,0,0,0,0,0,0,0,0,0,0,0,0,0,0,0,0,150.749,0,0,-25.9736
"MtrElec",5,16,8,"",81.0014,0,0,0,0,0,0,0,0,0,0,0,0,0,0,0,0,0,0,0,0,156.896,0,0,-75.8943
"MtrElec",5,16,9,"",35.2683,0,0,0,0,0,0,0,0,0,0,0,0,0,0,0,0,0,0,0,0,169.588,0,0,-134.319
"MtrElec",5,16,10,"",106.428,0,0,0,0,0,0,0,0,0,0,0,0,0,0,0,0,0,0,0,0,252.646,0,0,-146.218
"MtrElec",5,16,11,"",150.695,0,0,0,0,0,0,0,0,0,0,0,0,0,0,0,0,0,0,0,0,325.134,0,0,-174.439
"MtrElec",5,16,12,"",0.0000020,0,0,0,0,0,0,0,0,0,0,0,0,0,0,0,0,0,0,0,0,275.603,0,16.4471,-292.05
"MtrElec",5,16,13,"",0,0,0,0,0,0,0,0,0,0,0,0,0,0,0,0,0,0,0,0,0,271.511,0,23.6553,-295.166
"MtrElec",5,16,14,"",0,0,0,0,0,0,0,0,0,0,0,0,0,0,0,0,0,0,0,0,0,247.44,0,4.99306,-252.433
"MtrElec",5,16,15,"",97.0503,0,0,0,0,0,0,0,0,0,0,0,0,0,0,0,0,0,0,0,0,238.53,0,0,-141.48
"MtrElec",5,16,16,"",22.6773,0,0,0,0,0,0,0,0,0,0,0,0,0,0,0,0,0,0,0,0,202.61,0,0,-179.932
"MtrElec",5,16,17,"",20.2264,0,0,0,0,0,0,0,0,0,0,0,0,0,0,0,0,0,0,0,0,208.723,0,0,-188.497
"MtrElec",5,16,18,"",108.105,0,0,0,0,0,0,0,0,0,0,0,0,0,0,0,0,0,0,0,0,215.945,0,0,-107.84
"MtrElec",5,16,19,"",196.141,0,0,0,0,0,0,0,0,0,0,0,0,0,0,0,0,0,0,0,0,278.235,0,-40.6987,-41.3959
"MtrElec",5,16,20,"",207.506,0,0,0,0,0,0,0,0,0,0,0,0,0,0,0,0,0,0,0,0,211.547,0,0,-4.04067
"MtrElec",5,16,21,"",215.861,0,0,0,0,0,0,0,0,0,0,0,0,0,0,0,0,0,0,0,0,215.861,0,0,0
"MtrElec",5,16,22,"",227.475,0,0,0,0,0,0,0,0,0,0,0,0,0,0,0,0,0,0,0,0,227.475,0,0,0
"MtrElec",5,16,23,"",150.904,0,0,0,0,0,0,0,0,0,0,0,0,0,0,0,0,0,0,0,0,150.904,0,0,0
"MtrElec",5,16,24,"",167.03,0,0,0,0,0,0,0,0,0,0,0,0,0,0,0,0,0,0,0,0,167.03,0,0,0
"MtrElec",5,17,1,"",102.368,0,0,0,0,0,0,0,0,0,0,0,0,0,0,0,0,0,0,0,0,102.368,0,0,0
"MtrElec",5,17,2,"",94.7954,0,0,0,0,0,0,0,0,0,0,0,0,0,0,0,0,0,0,0,0,94.7954,0,0,0
"MtrElec",5,17,3,"",95.8958,0,0,0,0,0,0,0,0,0,0,0,0,0,0,0,0,0,0,0,0,95.8958,0,0,0
"MtrElec",5,17,4,"",85.5458,0,0,0,0,0,0,0,0,0,0,0,0,0,0,0,0,0,0,0,0,85.5458,0,0,0
"MtrElec",5,17,5,"",135.038,0,0,0,0,0,0,0,0,0,0,0,0,0,0,0,0,0,0,0,0,135.038,0,0,0
"MtrElec",5,17,6,"",96.6175,0,0,0,0,0,0,0,0,0,0,0,0,0,0,0,0,0,0,0,0,96.6175,0,0,0
"MtrElec",5,17,7,"",75.03,0,0,0,0,0,0,0,0,0,0,0,0,0,0,0,0,0,0,0,0,90.5927,0,0,-15.5627
"MtrElec",5,17,8,"",94.6945,0,0,0,0,0,0,0,0,0,0,0,0,0,0,0,0,0,0,0,0,148.314,0,0,-53.6199
"MtrElec",5,17,9,"",143.392,0,0,0,0,0,0,0,0,0,0,0,0,0,0,0,0,0,0,0,0,184.103,0,0,-40.7106
"MtrElec",5,17,10,"",153.411,0,0,0,0,0,0,0,0,0,0,0,0,0,0,0,0,0,0,0,0,239.41,0,0,-85.9986
"MtrElec",5,17,11,"",233.419,0,0,0,0,0,0,0,0,0,0,0,0,0,0,0,0,0,0,0,0,303.146,0,0,-69.7278
"MtrElec",5,17,12,"",158.66,0,0,0,0,0,0,0,0,0,0,0,0,0,0,0,0,0,0,0,0,213.125,0,0,-54.4645
"MtrElec",5,17,13,"",178.159,0,0,0,0,0,0,0,0,0,0,0,0,0,0,0,0,0,0,0,0,231.298,0,0,-53.139
"MtrElec",5,17,14,"",183.01,0,0,0,0,0,0,0,0,0,0,0,0,0,0,0,0,0,0,0,0,240.832,0,0,-57.8211
"MtrElec",5,17,15,"",152.538,0,0,0,0,0,0,0,0,0,0,0,0,0,0,0,0,0,0,0,0,210.947,0,0,-58.4085
"MtrElec",5,17,16,"",118.192,0,0,0,0,0,0,0,0,0,0,0,0,0,0,0,0,0,0,0,0,192.81,0,0,-74.6184
"MtrElec",5,17,17,"",133.944,0,0,0,0,0,0,0,0,0,0,0,0,0,0,0,0,0,0,0,0,183.4,0,0,-49.4566
"MtrElec",5,17,18,"",241.273,0,0,0,0,0,0,0,0,0,0,0,0,0,0,0,0,0,0,0,0,252.059,0,0,-10.7859
"MtrElec",5,17,19,"",231.55,0,0,0,0,0,0,0,0,0,0,0,0,0,0,0,0,0,0,0,0,262.097,0,0,-30.5467
"MtrElec",5,17,20,"",228.368,0,0,0,0,0,0,0,0,0,0,0,0,0,0,0,0,0,0,0,0,235.003,0,0,-6.6357
"MtrElec",5,17,21,"",191.422,0,0,0,0,0,0,0,0,0,0,0,0,0,0,0,0,0,0,0,0,191.422,0,0,0
"MtrElec",5,17,22,"",184.149,0,0,0,0,0,0,0,0,0,0,0,0,0,0,0,0,0,0,0,0,184.149,0,0,0
"MtrElec",5,17,23,"",198.317,0,0,0,0,0,0,0,0,0,0,0,0,0,0,0,0,0,0,0,0,198.317,0,0,0
"MtrElec",5,17,24,"",165.448,0,0,0,0,0,0,0,0,0,0,0,0,0,0,0,0,0,0,0,0,165.448,0,0,0
"MtrElec",5,18,1,"",121.144,0,0,0,0,0,0,0,0,0,0,0,0,0,0,0,0,0,0,0,0,121.144,0,0,0
"MtrElec",5,18,2,"",100.523,0,0,0,0,0,0,0,0,0,0,0,0,0,0,0,0,0,0,0,0,100.523,0,0,0
"MtrElec",5,18,3,"",81.573,0,0,0,0,0,0,0,0,0,0,0,0,0,0,0,0,0,0,0,0,81.573,0,0,0
"MtrElec",5,18,4,"",98.0629,0,0,0,0,0,0,0,0,0,0,0,0,0,0,0,0,0,0,0,0,98.0629,0,0,0
"MtrElec",5,18,5,"",107.262,0,0,0,0,0,0,0,0,0,0,0,0,0,0,0,0,0,0,0,0,107.262,0,0,0
"MtrElec",5,18,6,"",118.772,0,0,0,0,0,0,0,0,0,0,0,0,0,0,0,0,0,0,0,0,118.772,0,0,0
"MtrElec",5,18,7,"",172.754,0,0,0,0,0,0,0,0,0,0,0,0,0,0,0,0,0,0,0,0,192.334,0,0,-19.5801
"MtrElec",5,18,8,"",131.727,0,0,0,0,0,0,0,0,0,0,0,0,0,0,0,0,0,0,0,0,222.427,0,0,-90.7006
"MtrElec",5,18,9,"",28.8224,0,0,0,0,0,0,0,0,0,0,0,0,0,0,0,0,0,0,0,0,234.76,0,0,-205.938
"MtrElec",5,18,10,"",0,0,0,0,0,0,0,0,0,0,0,0,0,0,0,0,0,0,0,0,0,228.967,0,81.7368,-310.703
"MtrElec",5,18,11,"",-13.9199,0,0,0,0,0,0,0,0,0,0,0,0,0,0,0,0,0,0,0,0,218.06,0,157.698,-389.677
"MtrElec",5,18,12,"",-105.34,0,0,0,0,0,0,0,0,0,0,0,0,0,0,0,0,0,0,0,0,177.077,0,157.698,-440.115
"MtrElec",5,18,13,"",-57.3207,0,0,0,0,0,0,0,0,0,0,0,0,0,0,0,0,0,0,0,0,244.119,0,157.698,-459.137
"MtrElec",5,18,14,"",-278.367,0,0,0,0,0,0,0,0,0,0,0,0,0,0,0,0,0,0,0,0,144.658,0,33.5545,-456.579
"MtrElec",5,18,15,"",-304.279,0,0,0,0,0,0,0,0,0,0,0,0,0,0,0,0,0,0,0,0,125.528,0,0,-429.806
"MtrElec",5,18,16,"",-221.523,0,0,0,0,0,0,0,0,0,0,0,0,0,0,0,0,0,0,0,0,146.848,0,0,-368.371
"MtrElec",5,18,17,"",-92.9688,0,0,0,0,0,0,0,0,0,0,0,0,0,0,0,0,0,0,0,0,183.606,0,0,-276.575
"MtrElec",5,18,18,"",53.0291,0,0,0,0,0,0,0,0,0,0,0,0,0,0,0,0,0,0,0,0,214.978,0,0,-161.949
"MtrElec",5,18,19,"",51.4144,0,0,0,0,0,0,0,0,0,0,0,0,0,0,0,0,0,0,0,0,258.625,0,-157.698,-49.5129
"MtrElec",5,18,20,"",79.2224,0,0,0,0,0,0,0,0,0,0,0,0,0,0,0,0,0,0,0,0,243.688,0,-157.698,-6.76784
"MtrElec",5,18,21,"",78.5259,0,0,0,0,0,0,0,0,0,0,0,0,0,0,0,0,0,0,0,0,236.224,0,-157.698,0
"MtrElec",5,18,22,"",147.61,0,0,0,0,0,0,0,0,0,0,0,0,0,0,0,0,0,0,0,0,205.533,0,-57.9236,0
"MtrElec",5,18,23,"",201.349,0,0,0,0,0,0,0,0,0,0,0,0,0,0,0,0,0,0,0,0,201.349,0,0,0
"MtrElec",5,18,24,"",131.805,0,0,0,0,0,0,0,0,0,0,0,0,0,0,0,0,0,0,0,0,131.805,0,0,0
"MtrElec",5,19,1,"",137.47,0,0,0,0,0,0,0,0,0,0,0,0,0,0,0,0,0,0,0,0,137.47,0,0,0
"MtrElec",5,19,2,"",101.429,0,0,0,0,0,0,0,0,0,0,0,0,0,0,0,0,0,0,0,0,101.429,0,0,0
"MtrElec",5,19,3,"",82.1981,0,0,0,0,0,0,0,0,0,0,0,0,0,0,0,0,0,0,0,0,82.1981,0,0,0
"MtrElec",5,19,4,"",95.4317,0,0,0,0,0,0,0,0,0,0,0,0,0,0,0,0,0,0,0,0,95.4317,0,0,0
"MtrElec",5,19,5,"",93.2705,0,0,0,0,0,0,0,0,0,0,0,0,0,0,0,0,0,0,0,0,93.2705,0,0,0
"MtrElec",5,19,6,"",94.6125,0,0,0,0,0,0,0,0,0,0,0,0,0,0,0,0,0,0,0,0,94.6125,0,0,0
"MtrElec",5,19,7,"",144.105,0,0,0,0,0,0,0,0,0,0,0,0,0,0,0,0,0,0,0,0,163.346,0,0,-19.2409
"MtrElec",5,19,8,"",136.944,0,0,0,0,0,0,0,0,0,0,0,0,0,0,0,0,0,0,0,0,227.74,0,0,-90.7958
"MtrElec",5,19,9,"",0,0,0,0,0,0,0,0,0,0,0,0,0,0,0,0,0,0,0,0,0,199.43,0,8.8283,-208.259
"MtrElec",5,19,10,"",0.0000078,0,0,0,0,0,0,0,0,0,0,0,0,0,0,0,0,0,0,0,0,195.525,0,117.01,-312.535
"MtrElec",5,19,11,"",-57.7174,0,0,0,0,0,0,0,0,0,0,0,0,0,0,0,0,0,0,0,0,177.809,0,157.698,-393.224
"MtrElec",5,19,12,"",-115.81,0,0,0,0,0,0,0,0,0,0,0,0,0,0,0,0,0,0,0,0,171.827,0,157.698,-445.335
"MtrElec",5,19,13,"",-158.856,0,0,0,0,0,0,0,0,0,0,0,0,0,0,0,0,0,0,0,0,156.522,0,147.151,-462.529
"MtrElec",5,19,14,"",-326.504,0,0,0,0,0,0,0,0,0,0,0,0,0,0,0,0,0,0,0,0,124.589,0,0,-451.092
"MtrElec",5,19,15,"",-259.818,0,0,0,0,0,0,0,0,0,0,0,0,0,0,0,0,0,0,0,0,155.279,0,0,-415.097
"MtrElec",5,19,16,"",-189.247,0,0,0,0,0,0,0,0,0,0,0,0,0,0,0,0,0,0,0,0,167.14,0,0,-356.387
"MtrElec",5,19,17,"",-72.1429,0,0,0,0,0,0,0,0,0,0,0,0,0,0,0,0,0,0,0,0,199.758,0,0,-271.901
"MtrElec",5,19,18,"",71.3984,0,0,0,0,0,0,0,0,0,0,0,0,0,0,0,0,0,0,0,0,231.887,0,0,-160.489
"MtrElec",5,19,19,"",57.6158,0,0,0,0,0,0,0,0,0,0,0,0,0,0,0,0,0,0,0,0,264.272,0,-157.698,-48.9582
"MtrElec",5,19,20,"",70.9051,0,0,0,0,0,0,0,0,0,0,0,0,0,0,0,0,0,0,0,0,235.59,0,-157.698,-6.98681
"MtrElec",5,19,21,"",72.007,0,0,0,0,0,0,0,0,0,0,0,0,0,0,0,0,0,0,0,0,229.705,0,-157.698,0
"MtrElec",5,19,22,"",165.368,0,0,0,0,0,0,0,0,0,0,0,0,0,0,0,0,0,0,0,0,223.292,0,-57.9236,0
"MtrElec",5,19,23,"",208.622,0,0,0,0,0,0,0,0,0,0,0,0,0,0,0,0,0,0,0,0,208.622,0,0,0
"MtrElec",5,19,24,"",141.125,0,0,0,0,0,0,0,0,0,0,0,0,0,0,0,0,0,0,0,0,141.125,0,0,0
"MtrElec",5,20,1,"",141.091,0,0,0,0,0,0,0,0,0,0,0,0,0,0,0,0,0,0,0,0,141.091,0,0,0
"MtrElec",5,20,2,"",101.92,0,0,0,0,0,0,0,0,0,0,0,0,0,0,0,0,0,0,0,0,101.92,0,0,0
"MtrElec",5,20,3,"",83.7766,0,0,0,0,0,0,0,0,0,0,0,0,0,0,0,0,0,0,0,0,83.7766,0,0,0
"MtrElec",5,20,4,"",103.245,0,0,0,0,0,0,0,0,0,0,0,0,0,0,0,0,0,0,0,0,103.245,0,0,0
"MtrElec",5,20,5,"",91.6607,0,0,0,0,0,0,0,0,0,0,0,0,0,0,0,0,0,0,0,0,91.6607,0,0,0
"MtrElec",5,20,6,"",139.721,0,0,0,0,0,0,0,0,0,0,0,0,0,0,0,0,0,0,0,0,139.721,0,0,0
"MtrElec",5,20,7,"",101.451,0,0,0,0,0,0,0,0,0,0,0,0,0,0,0,0,0,0,0,0,121.347,0,0,-19.8963
"MtrElec",5,20,8,"",88.9544,0,0,0,0,0,0,0,0,0,0,0,0,0,0,0,0,0,0,0,0,179.817,0,0,-90.8623
"MtrElec",5,20,9,"",24.8684,0,0,0,0,0,0,0,0,0,0,0,0,0,0,0,0,0,0,0,0,229.268,0,0,-204.4
"MtrElec",5,20,10,"",0,0,0,0,0,0,0,0,0,0,0,0,0,0,0,0,0,0,0,0,0,212.573,0,85.5478,-298.121
"MtrElec",5,20,11,"",0,0,0,0,0,0,0,0,0,0,0,0,0,0,0,0,0,0,0,0,0,237.727,0,133.09,-370.817
"MtrElec",5,20,12,"",-59.1535,0,0,0,0,0,0,0,0,0,0,0,0,0,0,0,0,0,0,0,0,197.378,0,157.698,-414.23
"MtrElec",5,20,13,"",-72.9636,0,0,0,0,0,0,0,0,0,0,0,0,0,0,0,0,0,0,0,0,201.596,0,157.698,-432.257
"MtrElec",5,20,14,"",-234.825,0,0,0,0,0,0,0,0,0,0,0,0,0,0,0,0,0,0,0,0,146.2,0,54.351,-435.375
"MtrElec",5,20,15,"",-202.523,0,0,0,0,0,0,0,0,0,0,0,0,0,0,0,0,0,0,0,0,202.822,0,0,-405.345
"MtrElec",5,20,16,"",-139.875,0,0,0,0,0,0,0,0,0,0,0,0,0,0,0,0,0,0,0,0,211.232,0,0,-351.107
"MtrElec",5,20,17,"",-53.5951,0,0,0,0,0,0,0,0,0,0,0,0,0,0,0,0,0,0,0,0,212.117,0,0,-265.712
"MtrElec",5,20,18,"",135.468,0,0,0,0,0,0,0,0,0,0,0,0,0,0,0,0,0,0,0,0,290.689,0,0,-155.221
"MtrElec",5,20,19,"",117.238,0,0,0,0,0,0,0,0,0,0,0,0,0,0,0,0,0,0,0,0,323.793,0,-157.698,-48.8567
"MtrElec",5,20,20,"",163.41,0,0,0,0,0,0,0,0,0,0,0,0,0,0,0,0,0,0,0,0,327.874,0,-157.698,-6.76532
"MtrElec",5,20,21,"",95.5398,0,0,0,0,0,0,0,0,0,0,0,0,0,0,0,0,0,0,0,0,253.238,0,-157.698,0
"MtrElec",5,20,22,"",190.929,0,0,0,0,0,0,0,0,0,0,0,0,0,0,0,0,0,0,0,0,248.853,0,-57.9236,0
"MtrElec",5,20,23,"",231.779,0,0,0,0,0,0,0,0,0,0,0,0,0,0,0,0,0,0,0,0,231.779,0,0,0
"MtrElec",5,20,24,"",203.244,0,0,0,0,0,0,0,0,0,0,0,0,0,0,0,0,0,0,0,0,203.244,0,0,0
"MtrElec",5,21,1,"",122.806,0,0,0,0,0,0,0,0,0,0,0,0,0,0,0,0,0,0,0,0,122.806,0,0,0
"MtrElec",5,21,2,"",108.547,0,0,0,0,0,0,0,0,0,0,0,0,0,0,0,0,0,0,0,0,108.547,0,0,0
"MtrElec",5,21,3,"",86.9048,0,0,0,0,0,0,0,0,0,0,0,0,0,0,0,0,0,0,0,0,86.9048,0,0,0
"MtrElec",5,21,4,"",98.5832,0,0,0,0,0,0,0,0,0,0,0,0,0,0,0,0,0,0,0,0,98.5832,0,0,0
"MtrElec",5,21,5,"",95.8825,0,0,0,0,0,0,0,0,0,0,0,0,0,0,0,0,0,0,0,0,95.8825,0,0,0
"MtrElec",5,21,6,"",96.509,0,0,0,0,0,0,0,0,0,0,0,0,0,0,0,0,0,0,0,0,96.509,0,0,0
"MtrElec",5,21,7,"",132.331,0,0,0,0,0,0,0,0,0,0,0,0,0,0,0,0,0,0,0,0,152.008,0,0,-19.6775
"MtrElec",5,21,8,"",112.799,0,0,0,0,0,0,0,0,0,0,0,0,0,0,0,0,0,0,0,0,201.132,0,0,-88.3323
"MtrElec",5,21,9,"",34.0754,0,0,0,0,0,0,0,0,0,0,0,0,0,0,0,0,0,0,0,0,233.89,0,0,-199.815
"MtrElec",5,21,10,"",0,0,0,0,0,0,0,0,0,0,0,0,0,0,0,0,0,0,0,0,0,243.617,0,51.6899,-295.307
"MtrElec",5,21,11,"",0.0000078,0,0,0,0,0,0,0,0,0,0,0,0,0,0,0,0,0,0,0,0,264.462,0,104.574,-369.036
"MtrElec",5,21,12,"",-2.55206,0,0,0,0,0,0,0,0,0,0,0,0,0,0,0,0,0,0,0,0,259.646,0,157.698,-419.896
"MtrElec",5,21,13,"",-0.933672,0,0,0,0,0,0,0,0,0,0,0,0,0,0,0,0,0,0,0,0,287.127,0,157.698,-445.759
"MtrElec",5,21,14,"",-109.471,0,0,0,0,0,0,0,0,0,0,0,0,0,0,0,0,0,0,0,0,220.419,0,116.725,-446.615
"MtrElec",5,21,15,"",-164.001,0,0,0,0,0,0,0,0,0,0,0,0,0,0,0,0,0,0,0,0,252.871,0,0,-416.872
"MtrElec",5,21,16,"",-95.727,0,0,0,0,0,0,0,0,0,0,0,0,0,0,0,0,0,0,0,0,259.838,0,0,-355.565
"MtrElec",5,21,17,"",-3.52588,0,0,0,0,0,0,0,0,0,0,0,0,0,0,0,0,0,0,0,0,263.559,0,0,-267.085
"MtrElec",5,21,18,"",139.804,0,0,0,0,0,0,0,0,0,0,0,0,0,0,0,0,0,0,0,0,298.281,0,0,-158.478
"MtrElec",5,21,19,"",137.856,0,0,0,0,0,0,0,0,0,0,0,0,0,0,0,0,0,0,0,0,344.534,0,-157.698,-48.9805
"MtrElec",5,21,20,"",178.516,0,0,0,0,0,0,0,0,0,0,0,0,0,0,0,0,0,0,0,0,343.466,0,-157.698,-7.2521
"MtrElec",5,21,21,"",141.873,0,0,0,0,0,0,0,0,0,0,0,0,0,0,0,0,0,0,0,0,299.571,0,-157.698,0
"MtrElec",5,21,22,"",172.129,0,0,0,0,0,0,0,0,0,0,0,0,0,0,0,0,0,0,0,0,230.052,0,-57.9236,0
"MtrElec",5,21,23,"",224.024,0,0,0,0,0,0,0,0,0,0,0,0,0,0,0,0,0,0,0,0,224.024,0,0,0
"MtrElec",5,21,24,"",195.165,0,0,0,0,0,0,0,0,0,0,0,0,0,0,0,0,0,0,0,0,195.165,0,0,0
"MtrElec",5,22,1,"",116.392,0,0,0,0,0,0,0,0,0,0,0,0,0,0,0,0,0,0,0,0,116.392,0,0,0
"MtrElec",5,22,2,"",106.241,0,0,0,0,0,0,0,0,0,0,0,0,0,0,0,0,0,0,0,0,106.241,0,0,0
"MtrElec",5,22,3,"",85.0694,0,0,0,0,0,0,0,0,0,0,0,0,0,0,0,0,0,0,0,0,85.0694,0,0,0
"MtrElec",5,22,4,"",97.9288,0,0,0,0,0,0,0,0,0,0,0,0,0,0,0,0,0,0,0,0,97.9288,0,0,0
"MtrElec",5,22,5,"",95.6286,0,0,0,0,0,0,0,0,0,0,0,0,0,0,0,0,0,0,0,0,95.6286,0,0,0
"MtrElec",5,22,6,"",123.607,0,0,0,0,0,0,0,0,0,0,0,0,0,0,0,0,0,0,0,0,123.607,0,0,0
"MtrElec",5,22,7,"",129.876,0,0,0,0,0,0,0,0,0,0,0,0,0,0,0,0,0,0,0,0,148.866,0,0,-18.9901
"MtrElec",5,22,8,"",143.216,0,0,0,0,0,0,0,0,0,0,0,0,0,0,0,0,0,0,0,0,231.61,0,0,-88.3942
"MtrElec",5,22,9,"",19.3592,0,0,0,0,0,0,0,0,0,0,0,0,0,0,0,0,0,0,0,0,222.491,0,0,-203.132
"MtrElec",5,22,10,"",0.0000039,0,0,0,0,0,0,0,0,0,0,0,0,0,0,0,0,0,0,0,0,246.007,0,59.3843,-305.391
"MtrElec",5,22,11,"",0.0000078,0,0,0,0,0,0,0,0,0,0,0,0,0,0,0,0,0,0,0,0,268.272,0,109.623,-377.895
"MtrElec",5,22,12,"",-42.2042,0,0,0,0,0,0,0,0,0,0,0,0,0,0,0,0,0,0,0,0,226.707,0,157.698,-426.609
"MtrElec",5,22,13,"",-19.205,0,0,0,0,0,0,0,0,0,0,0,0,0,0,0,0,0,0,0,0,268.947,0,157.698,-445.85
"MtrElec",5,22,14,"",-126.692,0,0,0,0,0,0,0,0,0,0,0,0,0,0,0,0,0,0,0,0,205.624,0,103.982,-436.298
"MtrElec",5,22,15,"",-179.326,0,0,0,0,0,0,0,0,0,0,0,0,0,0,0,0,0,0,0,0,225.57,0,0,-404.896
"MtrElec",5,22,16,"",-128.572,0,0,0,0,0,0,0,0,0,0,0,0,0,0,0,0,0,0,0,0,216.34,0,0,-344.911
"MtrElec",5,22,17,"",40.6974,0,0,0,0,0,0,0,0,0,0,0,0,0,0,0,0,0,0,0,0,300.804,0,0,-260.107
"MtrElec",5,22,18,"",152.612,0,0,0,0,0,0,0,0,0,0,0,0,0,0,0,0,0,0,0,0,306.485,0,0,-153.872
"MtrElec",5,22,19,"",135.134,0,0,0,0,0,0,0,0,0,0,0,0,0,0,0,0,0,0,0,0,342.749,0,-157.698,-49.9176
"MtrElec",5,22,20,"",144.38,0,0,0,0,0,0,0,0,0,0,0,0,0,0,0,0,0,0,0,0,309.298,0,-157.698,-7.22028
"MtrElec",5,22,21,"",132.573,0,0,0,0,0,0,0,0,0,0,0,0,0,0,0,0,0,0,0,0,290.271,0,-157.698,0
"MtrElec",5,22,22,"",191.067,0,0,0,0,0,0,0,0,0,0,0,0,0,0,0,0,0,0,0,0,248.991,0,-57.9236,0
"MtrElec",5,22,23,"",237.317,0,0,0,0,0,0,0,0,0,0,0,0,0,0,0,0,0,0,0,0,237.317,0,0,0
"MtrElec",5,22,24,"",199.157,0,0,0,0,0,0,0,0,0,0,0,0,0,0,0,0,0,0,0,0,199.157,0,0,0
"MtrElec",5,23,1,"",134.786,0,0,0,0,0,0,0,0,0,0,0,0,0,0,0,0,0,0,0,0,134.786,0,0,0
"MtrElec",5,23,2,"",103.656,0,0,0,0,0,0,0,0,0,0,0,0,0,0,0,0,0,0,0,0,103.656,0,0,0
"MtrElec",5,23,3,"",85.3984,0,0,0,0,0,0,0,0,0,0,0,0,0,0,0,0,0,0,0,0,85.3984,0,0,0
"MtrElec",5,23,4,"",98.5481,0,0,0,0,0,0,0,0,0,0,0,0,0,0,0,0,0,0,0,0,98.5481,0,0,0
"MtrElec",5,23,5,"",95.5246,0,0,0,0,0,0,0,0,0,0,0,0,0,0,0,0,0,0,0,0,95.5246,0,0,0
"MtrElec",5,23,6,"",87.319,0,0,0,0,0,0,0,0,0,0,0,0,0,0,0,0,0,0,0,0,87.319,0,0,0
"MtrElec",5,23,7,"",120.693,0,0,0,0,0,0,0,0,0,0,0,0,0,0,0,0,0,0,0,0,141.253,0,0,-20.5604
"MtrElec",5,23,8,"",43.3196,0,0,0,0,0,0,0,0,0,0,0,0,0,0,0,0,0,0,0,0,131.357,0,0,-88.0372
"MtrElec",5,23,9,"",0.0000002,0,0,0,0,0,0,0,0,0,0,0,0,0,0,0,0,0,0,0,0,195.189,0,2.72066,-197.91
"MtrElec",5,23,10,"",0,0,0,0,0,0,0,0,0,0,0,0,0,0,0,0,0,0,0,0,0,265.014,0,31.5402,-296.554
"MtrElec",5,23,11,"",0.0000039,0,0,0,0,0,0,0,0,0,0,0,0,0,0,0,0,0,0,0,0,306.313,0,64.9453,-371.258
"MtrElec",5,23,12,"",0,0,0,0,0,0,0,0,0,0,0,0,0,0,0,0,0,0,0,0,0,327.456,0,96.1168,-423.572
"MtrElec",5,23,13,"",0,0,0,0,0,0,0,0,0,0,0,0,0,0,0,0,0,0,0,0,0,300.11,0,152.588,-452.698
"MtrElec",5,23,14,"",0,0,0,0,0,0,0,0,0,0,0,0,0,0,0,0,0,0,0,0,0,308.936,0,141.833,-450.769
"MtrElec",5,23,15,"",-10.8606,0,0,0,0,0,0,0,0,0,0,0,0,0,0,0,0,0,0,0,0,306.708,0,98.6412,-416.21
"MtrElec",5,23,16,"",-82.4782,0,0,0,0,0,0,0,0,0,0,0,0,0,0,0,0,0,0,0,0,274.228,0,0,-356.706
"MtrElec",5,23,17,"",31.3204,0,0,0,0,0,0,0,0,0,0,0,0,0,0,0,0,0,0,0,0,299.72,0,0,-268.4
"MtrElec",5,23,18,"",142.088,0,0,0,0,0,0,0,0,0,0,0,0,0,0,0,0,0,0,0,0,300.809,0,0,-158.721
"MtrElec",5,23,19,"",181.613,0,0,0,0,0,0,0,0,0,0,0,0,0,0,0,0,0,0,0,0,389.015,0,-157.698,-49.7036
"MtrElec",5,23,20,"",186.465,0,0,0,0,0,0,0,0,0,0,0,0,0,0,0,0,0,0,0,0,351.778,0,-157.698,-7.6154
"MtrElec",5,23,21,"",152.038,0,0,0,0,0,0,0,0,0,0,0,0,0,0,0,0,0,0,0,0,309.736,0,-157.698,0
"MtrElec",5,23,22,"",226.996,0,0,0,0,0,0,0,0,0,0,0,0,0,0,0,0,0,0,0,0,284.919,0,-57.9236,0
"MtrElec",5,23,23,"",180.937,0,0,0,0,0,0,0,0,0,0,0,0,0,0,0,0,0,0,0,0,180.937,0,0,0
"MtrElec",5,23,24,"",189.087,0,0,0,0,0,0,0,0,0,0,0,0,0,0,0,0,0,0,0,0,189.087,0,0,0
"MtrElec",5,24,1,"",115.339,0,0,0,0,0,0,0,0,0,0,0,0,0,0,0,0,0,0,0,0,115.339,0,0,0
"MtrElec",5,24,2,"",104.584,0,0,0,0,0,0,0,0,0,0,0,0,0,0,0,0,0,0,0,0,104.584,0,0,0
"MtrElec",5,24,3,"",92.7382,0,0,0,0,0,0,0,0,0,0,0,0,0,0,0,0,0,0,0,0,92.7382,0,0,0
"MtrElec",5,24,4,"",96.0439,0,0,0,0,0,0,0,0,0,0,0,0,0,0,0,0,0,0,0,0,96.0439,0,0,0
"MtrElec",5,24,5,"",132.901,0,0,0,0,0,0,0,0,0,0,0,0,0,0,0,0,0,0,0,0,132.901,0,0,0
"MtrElec",5,24,6,"",128.661,0,0,0,0,0,0,0,0,0,0,0,0,0,0,0,0,0,0,0,0,128.661,0,0,0
"MtrElec",5,24,7,"",75.4856,0,0,0,0,0,0,0,0,0,0,0,0,0,0,0,0,0,0,0,0,104.733,0,0,-29.2477
"MtrElec",5,24,8,"",62.7564,0,0,0,0,0,0,0,0,0,0,0,0,0,0,0,0,0,0,0,0,171.11,0,0,-108.353
"MtrElec",5,24,9,"",3.81425,0,0,0,0,0,0,0,0,0,0,0,0,0,0,0,0,0,0,0,0,201.156,0,0,-197.342
"MtrElec",5,24,10,"",0.0000039,0,0,0,0,0,0,0,0,0,0,0,0,0,0,0,0,0,0,0,0,229.956,0,64.9118,-294.868
"MtrElec",5,24,11,"",0,0,0,0,0,0,0,0,0,0,0,0,0,0,0,0,0,0,0,0,0,245.846,0,110.691,-356.537
"MtrElec",5,24,12,"",0.0000078,0,0,0,0,0,0,0,0,0,0,0,0,0,0,0,0,0,0,0,0,291.158,0,120.486,-411.644
"MtrElec",5,24,13,"",-38.141,0,0,0,0,0,0,0,0,0,0,0,0,0,0,0,0,0,0,0,0,263.351,0,157.698,-459.19
"MtrElec",5,24,14,"",-79.0392,0,0,0,0,0,0,0,0,0,0,0,0,0,0,0,0,0,0,0,0,238.77,0,134.598,-452.408
"MtrElec",5,24,15,"",-188.459,0,0,0,0,0,0,0,0,0,0,0,0,0,0,0,0,0,0,0,0,230.471,0,0,-418.93
"MtrElec",5,24,16,"",-150.286,0,0,0,0,0,0,0,0,0,0,0,0,0,0,0,0,0,0,0,0,209.593,0,0,-359.879
"MtrElec",5,24,17,"",-50.2402,0,0,0,0,0,0,0,0,0,0,0,0,0,0,0,0,0,0,0,0,222.501,0,0,-272.741
"MtrElec",5,24,18,"",119.432,0,0,0,0,0,0,0,0,0,0,0,0,0,0,0,0,0,0,0,0,282.539,0,0,-163.107
"MtrElec",5,24,19,"",121.481,0,0,0,0,0,0,0,0,0,0,0,0,0,0,0,0,0,0,0,0,330.5,0,-157.698,-51.3209
"MtrElec",5,24,20,"",117.346,0,0,0,0,0,0,0,0,0,0,0,0,0,0,0,0,0,0,0,0,282.917,0,-157.698,-7.87286
"MtrElec",5,24,21,"",119.842,0,0,0,0,0,0,0,0,0,0,0,0,0,0,0,0,0,0,0,0,277.54,0,-157.698,0
"MtrElec",5,24,22,"",204.618,0,0,0,0,0,0,0,0,0,0,0,0,0,0,0,0,0,0,0,0,262.541,0,-57.9236,0
"MtrElec",5,24,23,"",176.729,0,0,0,0,0,0,0,0,0,0,0,0,0,0,0,0,0,0,0,0,176.729,0,0,0
"MtrElec",5,24,24,"",146.771,0,0,0,0,0,0,0,0,0,0,0,0,0,0,0,0,0,0,0,0,146.771,0,0,0
"MtrElec",5,25,1,"",111.864,0,0,0,0,0,0,0,0,0,0,0,0,0,0,0,0,0,0,0,0,111.864,0,0,0
"MtrElec",5,25,2,"",101.025,0,0,0,0,0,0,0,0,0,0,0,0,0,0,0,0,0,0,0,0,101.025,0,0,0
"MtrElec",5,25,3,"",96.8041,0,0,0,0,0,0,0,0,0,0,0,0,0,0,0,0,0,0,0,0,96.8041,0,0,0
"MtrElec",5,25,4,"",84.1103,0,0,0,0,0,0,0,0,0,0,0,0,0,0,0,0,0,0,0,0,84.1103,0,0,0
"MtrElec",5,25,5,"",94.8991,0,0,0,0,0,0,0,0,0,0,0,0,0,0,0,0,0,0,0,0,94.8991,0,0,0
"MtrElec",5,25,6,"",153.964,0,0,0,0,0,0,0,0,0,0,0,0,0,0,0,0,0,0,0,0,153.964,0,0,0
"MtrElec",5,25,7,"",83.9496,0,0,0,0,0,0,0,0,0,0,0,0,0,0,0,0,0,0,0,0,113.753,0,0,-29.8036
"MtrElec",5,25,8,"",172.817,0,0,0,0,0,0,0,0,0,0,0,0,0,0,0,0,0,0,0,0,221.78,0,0,-48.9629
"MtrElec",5,25,9,"",124.041,0,0,0,0,0,0,0,0,0,0,0,0,0,0,0,0,0,0,0,0,263.217,0,0,-139.176
"MtrElec",5,25,10,"",159.446,0,0,0,0,0,0,0,0,0,0,0,0,0,0,0,0,0,0,0,0,338.765,0,0,-179.319
"MtrElec",5,25,11,"",0.0000001,0,0,0,0,0,0,0,0,0,0,0,0,0,0,0,0,0,0,0,0,254.794,0,1.77559,-256.57
"MtrElec",5,25,12,"",0,0,0,0,0,0,0,0,0,0,0,0,0,0,0,0,0,0,0,0,0,287.298,0,155.652,-442.951
"MtrElec",5,25,13,"",-62.9018,0,0,0,0,0,0,0,0,0,0,0,0,0,0,0,0,0,0,0,0,248.863,0,157.698,-469.463
"MtrElec",5,25,14,"",-115.646,0,0,0,0,0,0,0,0,0,0,0,0,0,0,0,0,0,0,0,0,192.918,0,157.698,-466.262
"MtrElec",5,25,15,"",-119.788,0,0,0,0,0,0,0,0,0,0,0,0,0,0,0,0,0,0,0,0,197.472,0,115.561,-432.821
"MtrElec",5,25,16,"",-186.504,0,0,0,0,0,0,0,0,0,0,0,0,0,0,0,0,0,0,0,0,184.526,0,0,-371.03
"MtrElec",5,25,17,"",-67.214,0,0,0,0,0,0,0,0,0,0,0,0,0,0,0,0,0,0,0,0,214.074,0,0,-281.288
"MtrElec",5,25,18,"",95.5346,0,0,0,0,0,0,0,0,0,0,0,0,0,0,0,0,0,0,0,0,263.413,0,0,-167.879
"MtrElec",5,25,19,"",85.2178,0,0,0,0,0,0,0,0,0,0,0,0,0,0,0,0,0,0,0,0,296.236,0,-157.698,-53.3201
"MtrElec",5,25,20,"",26.522,0,0,0,0,0,0,0,0,0,0,0,0,0,0,0,0,0,0,0,0,192.305,0,-157.698,-8.08519
"MtrElec",5,25,21,"",62.5032,0,0,0,0,0,0,0,0,0,0,0,0,0,0,0,0,0,0,0,0,220.201,0,-157.698,0
"MtrElec",5,25,22,"",126.79,0,0,0,0,0,0,0,0,0,0,0,0,0,0,0,0,0,0,0,0,184.714,0,-57.9236,0
"MtrElec",5,25,23,"",180.376,0,0,0,0,0,0,0,0,0,0,0,0,0,0,0,0,0,0,0,0,180.376,0,0,0
"MtrElec",5,25,24,"",146.781,0,0,0,0,0,0,0,0,0,0,0,0,0,0,0,0,0,0,0,0,146.781,0,0,0
"MtrElec",5,26,1,"",128.025,0,0,0,0,0,0,0,0,0,0,0,0,0,0,0,0,0,0,0,0,128.025,0,0,0
"MtrElec",5,26,2,"",100.136,0,0,0,0,0,0,0,0,0,0,0,0,0,0,0,0,0,0,0,0,100.136,0,0,0
"MtrElec",5,26,3,"",93.6776,0,0,0,0,0,0,0,0,0,0,0,0,0,0,0,0,0,0,0,0,93.6776,0,0,0
"MtrElec",5,26,4,"",83.8588,0,0,0,0,0,0,0,0,0,0,0,0,0,0,0,0,0,0,0,0,83.8588,0,0,0
"MtrElec",5,26,5,"",94.5794,0,0,0,0,0,0,0,0,0,0,0,0,0,0,0,0,0,0,0,0,94.5794,0,0,0
"MtrElec",5,26,6,"",102.676,0,0,0,0,0,0,0,0,0,0,0,0,0,0,0,0,0,0,0,0,102.676,0,0,0
"MtrElec",5,26,7,"",126.072,0,0,0,0,0,0,0,0,0,0,0,0,0,0,0,0,0,0,0,0,144.644,0,0,-18.5718
"MtrElec",5,26,8,"",165.526,0,0,0,0,0,0,0,0,0,0,0,0,0,0,0,0,0,0,0,0,230.277,0,0,-64.7511
"MtrElec",5,26,9,"",84.2279,0,0,0,0,0,0,0,0,0,0,0,0,0,0,0,0,0,0,0,0,223.599,0,0,-139.371
"MtrElec",5,26,10,"",0,0,0,0,0,0,0,0,0,0,0,0,0,0,0,0,0,0,0,0,0,249.547,0,26.2485,-275.795
"MtrElec",5,26,11,"",0,0,0,0,0,0,0,0,0,0,0,0,0,0,0,0,0,0,0,0,0,239.412,0,63.6305,-303.043
"MtrElec",5,26,12,"",-89.8474,0,0,0,0,0,0,0,0,0,0,0,0,0,0,0,0,0,0,0,0,192.539,0,157.698,-440.085
"MtrElec",5,26,13,"",-68.369,0,0,0,0,0,0,0,0,0,0,0,0,0,0,0,0,0,0,0,0,234.577,0,157.698,-460.644
"MtrElec",5,26,14,"",-174.824,0,0,0,0,0,0,0,0,0,0,0,0,0,0,0,0,0,0,0,0,112.111,0,157.698,-444.633
"MtrElec",5,26,15,"",-219.627,0,0,0,0,0,0,0,0,0,0,0,0,0,0,0,0,0,0,0,0,164.802,0,25.4123,-409.841
"MtrElec",5,26,16,"",-198.726,0,0,0,0,0,0,0,0,0,0,0,0,0,0,0,0,0,0,0,0,161.326,0,0,-360.052
"MtrElec",5,26,17,"",-94.6132,0,0,0,0,0,0,0,0,0,0,0,0,0,0,0,0,0,0,0,0,181.502,0,0,-276.116
"MtrElec",5,26,18,"",44.1382,0,0,0,0,0,0,0,0,0,0,0,0,0,0,0,0,0,0,0,0,208.839,0,0,-164.701
"MtrElec",5,26,19,"",5.77497,0,0,0,0,0,0,0,0,0,0,0,0,0,0,0,0,0,0,0,0,216.944,0,-157.698,-53.471
"MtrElec",5,26,20,"",86.7191,0,0,0,0,0,0,0,0,0,0,0,0,0,0,0,0,0,0,0,0,252.388,0,-157.698,-7.97109
"MtrElec",5,26,21,"",97.9741,0,0,0,0,0,0,0,0,0,0,0,0,0,0,0,0,0,0,0,0,255.672,0,-157.698,0
"MtrElec",5,26,22,"",135.462,0,0,0,0,0,0,0,0,0,0,0,0,0,0,0,0,0,0,0,0,193.386,0,-57.9236,0
"MtrElec",5,26,23,"",207.26,0,0,0,0,0,0,0,0,0,0,0,0,0,0,0,0,0,0,0,0,207.26,0,0,0
"MtrElec",5,26,24,"",139.027,0,0,0,0,0,0,0,0,0,0,0,0,0,0,0,0,0,0,0,0,139.027,0,0,0
"MtrElec",5,27,1,"",103.492,0,0,0,0,0,0,0,0,0,0,0,0,0,0,0,0,0,0,0,0,103.492,0,0,0
"MtrElec",5,27,2,"",98.6091,0,0,0,0,0,0,0,0,0,0,0,0,0,0,0,0,0,0,0,0,98.6091,0,0,0
"MtrElec",5,27,3,"",117.234,0,0,0,0,0,0,0,0,0,0,0,0,0,0,0,0,0,0,0,0,117.234,0,0,0
"MtrElec",5,27,4,"",95.7634,0,0,0,0,0,0,0,0,0,0,0,0,0,0,0,0,0,0,0,0,95.7634,0,0,0
"MtrElec",5,27,5,"",94.3699,0,0,0,0,0,0,0,0,0,0,0,0,0,0,0,0,0,0,0,0,94.3699,0,0,0
"MtrElec",5,27,6,"",94.4313,0,0,0,0,0,0,0,0,0,0,0,0,0,0,0,0,0,0,0,0,94.4313,0,0,0
"MtrElec",5,27,7,"",145.232,0,0,0,0,0,0,0,0,0,0,0,0,0,0,0,0,0,0,0,0,175.4,0,0,-30.1685
"MtrElec",5,27,8,"",162.781,0,0,0,0,0,0,0,0,0,0,0,0,0,0,0,0,0,0,0,0,236.405,0,0,-73.6236
"MtrElec",5,27,9,"",90.5428,0,0,0,0,0,0,0,0,0,0,0,0,0,0,0,0,0,0,0,0,209.692,0,0,-119.15
"MtrElec",5,27,10,"",45.1618,0,0,0,0,0,0,0,0,0,0,0,0,0,0,0,0,0,0,0,0,280.475,0,0,-235.313
"MtrElec",5,27,11,"",0.0000156,0,0,0,0,0,0,0,0,0,0,0,0,0,0,0,0,0,0,0,0,244.98,0,140.214,-385.194
"MtrElec",5,27,12,"",-104.802,0,0,0,0,0,0,0,0,0,0,0,0,0,0,0,0,0,0,0,0,172.257,0,157.698,-434.757
"MtrElec",5,27,13,"",-92.859,0,0,0,0,0,0,0,0,0,0,0,0,0,0,0,0,0,0,0,0,204.092,0,157.698,-454.649
"MtrElec",5,27,14,"",-169.522,0,0,0,0,0,0,0,0,0,0,0,0,0,0,0,0,0,0,0,0,140.454,0,132.775,-442.751
"MtrElec",5,27,15,"",-291.659,0,0,0,0,0,0,0,0,0,0,0,0,0,0,0,0,0,0,0,0,121.925,0,0,-413.584
"MtrElec",5,27,16,"",-195.112,0,0,0,0,0,0,0,0,0,0,0,0,0,0,0,0,0,0,0,0,164.601,0,0,-359.713
"MtrElec",5,27,17,"",-82.1722,0,0,0,0,0,0,0,0,0,0,0,0,0,0,0,0,0,0,0,0,192.714,0,0,-274.886
"MtrElec",5,27,18,"",40.7738,0,0,0,0,0,0,0,0,0,0,0,0,0,0,0,0,0,0,0,0,205.718,0,0,-164.944
"MtrElec",5,27,19,"",47.9659,0,0,0,0,0,0,0,0,0,0,0,0,0,0,0,0,0,0,0,0,258.892,0,-157.698,-53.2279
"MtrElec",5,27,20,"",94.0891,0,0,0,0,0,0,0,0,0,0,0,0,0,0,0,0,0,0,0,0,260.071,0,-157.698,-8.28394
"MtrElec",5,27,21,"",107.954,0,0,0,0,0,0,0,0,0,0,0,0,0,0,0,0,0,0,0,0,265.651,0,-157.698,0
"MtrElec",5,27,22,"",151.085,0,0,0,0,0,0,0,0,0,0,0,0,0,0,0,0,0,0,0,0,209.009,0,-57.9236,0
"MtrElec",5,27,23,"",202.12,0,0,0,0,0,0,0,0,0,0,0,0,0,0,0,0,0,0,0,0,202.12,0,0,0
"MtrElec",5,27,24,"",190.96,0,0,0,0,0,0,0,0,0,0,0,0,0,0,0,0,0,0,0,0,190.96,0,0,0
"MtrElec",5,28,1,"",113.684,0,0,0,0,0,0,0,0,0,0,0,0,0,0,0,0,0,0,0,0,113.684,0,0,0
"MtrElec",5,28,2,"",96.4172,0,0,0,0,0,0,0,0,0,0,0,0,0,0,0,0,0,0,0,0,96.4172,0,0,0
"MtrElec",5,28,3,"",88.7706,0,0,0,0,0,0,0,0,0,0,0,0,0,0,0,0,0,0,0,0,88.7706,0,0,0
"MtrElec",5,28,4,"",99.2479,0,0,0,0,0,0,0,0,0,0,0,0,0,0,0,0,0,0,0,0,99.2479,0,0,0
"MtrElec",5,28,5,"",96.7004,0,0,0,0,0,0,0,0,0,0,0,0,0,0,0,0,0,0,0,0,96.7004,0,0,0
"MtrElec",5,28,6,"",141.408,0,0,0,0,0,0,0,0,0,0,0,0,0,0,0,0,0,0,0,0,141.408,0,0,0
"MtrElec",5,28,7,"",117.929,0,0,0,0,0,0,0,0,0,0,0,0,0,0,0,0,0,0,0,0,139.263,0,0,-21.3342
"MtrElec",5,28,8,"",139.837,0,0,0,0,0,0,0,0,0,0,0,0,0,0,0,0,0,0,0,0,231.45,0,0,-91.6133
"MtrElec",5,28,9,"",24.7904,0,0,0,0,0,0,0,0,0,0,0,0,0,0,0,0,0,0,0,0,230.2,0,0,-205.409
"MtrElec",5,28,10,"",0,0,0,0,0,0,0,0,0,0,0,0,0,0,0,0,0,0,0,0,0,221.104,0,84.4198,-305.523
"MtrElec",5,28,11,"",-26.7258,0,0,0,0,0,0,0,0,0,0,0,0,0,0,0,0,0,0,0,0,189.571,0,157.698,-373.995
"MtrElec",5,28,12,"",-69.951,0,0,0,0,0,0,0,0,0,0,0,0,0,0,0,0,0,0,0,0,197.009,0,157.698,-424.658
"MtrElec",5,28,13,"",-121.572,0,0,0,0,0,0,0,0,0,0,0,0,0,0,0,0,0,0,0,0,171.227,0,157.698,-450.496
"MtrElec",5,28,14,"",-250.459,0,0,0,0,0,0,0,0,0,0,0,0,0,0,0,0,0,0,0,0,163.314,0,30.8715,-444.645
"MtrElec",5,28,15,"",-240.018,0,0,0,0,0,0,0,0,0,0,0,0,0,0,0,0,0,0,0,0,172.486,0,0,-412.504
"MtrElec",5,28,16,"",-182.362,0,0,0,0,0,0,0,0,0,0,0,0,0,0,0,0,0,0,0,0,171.92,0,0,-354.282
"MtrElec",5,28,17,"",-22.1941,0,0,0,0,0,0,0,0,0,0,0,0,0,0,0,0,0,0,0,0,245.888,0,0,-268.082
"MtrElec",5,28,18,"",104.857,0,0,0,0,0,0,0,0,0,0,0,0,0,0,0,0,0,0,0,0,263.93,0,0,-159.073
"MtrElec",5,28,19,"",83.5567,0,0,0,0,0,0,0,0,0,0,0,0,0,0,0,0,0,0,0,0,294.497,0,-157.698,-53.2421
"MtrElec",5,28,20,"",109.963,0,0,0,0,0,0,0,0,0,0,0,0,0,0,0,0,0,0,0,0,276.166,0,-157.698,-8.50526
"MtrElec",5,28,21,"",107.091,0,0,0,0,0,0,0,0,0,0,0,0,0,0,0,0,0,0,0,0,264.789,0,-157.698,0
"MtrElec",5,28,22,"",154.865,0,0,0,0,0,0,0,0,0,0,0,0,0,0,0,0,0,0,0,0,212.788,0,-57.9236,0
"MtrElec",5,28,23,"",210.558,0,0,0,0,0,0,0,0,0,0,0,0,0,0,0,0,0,0,0,0,210.558,0,0,0
"MtrElec",5,28,24,"",176.543,0,0,0,0,0,0,0,0,0,0,0,0,0,0,0,0,0,0,0,0,176.543,0,0,0
"MtrElec",5,29,1,"",113.284,0,0,0,0,0,0,0,0,0,0,0,0,0,0,0,0,0,0,0,0,113.284,0,0,0
"MtrElec",5,29,2,"",99.4287,0,0,0,0,0,0,0,0,0,0,0,0,0,0,0,0,0,0,0,0,99.4287,0,0,0
"MtrElec",5,29,3,"",82.8614,0,0,0,0,0,0,0,0,0,0,0,0,0,0,0,0,0,0,0,0,82.8614,0,0,0
"MtrElec",5,29,4,"",103.611,0,0,0,0,0,0,0,0,0,0,0,0,0,0,0,0,0,0,0,0,103.611,0,0,0
"MtrElec",5,29,5,"",94.1208,0,0,0,0,0,0,0,0,0,0,0,0,0,0,0,0,0,0,0,0,94.1208,0,0,0
"MtrElec",5,29,6,"",109.16,0,0,0,0,0,0,0,0,0,0,0,0,0,0,0,0,0,0,0,0,109.16,0,0,0
"MtrElec",5,29,7,"",121.484,0,0,0,0,0,0,0,0,0,0,0,0,0,0,0,0,0,0,0,0,145.014,0,0,-23.5296
"MtrElec",5,29,8,"",133.951,0,0,0,0,0,0,0,0,0,0,0,0,0,0,0,0,0,0,0,0,226.117,0,0,-92.1662
"MtrElec",5,29,9,"",67.2153,0,0,0,0,0,0,0,0,0,0,0,0,0,0,0,0,0,0,0,0,272.493,0,0,-205.278
"MtrElec",5,29,10,"",0.300687,0,0,0,0,0,0,0,0,0,0,0,0,0,0,0,0,0,0,0,0,290.455,0,0,-290.154
"MtrElec",5,29,11,"",0.0000078,0,0,0,0,0,0,0,0,0,0,0,0,0,0,0,0,0,0,0,0,281.657,0,79.1974,-360.855
"MtrElec",5,29,12,"",-12.7187,0,0,0,0,0,0,0,0,0,0,0,0,0,0,0,0,0,0,0,0,213.235,0,157.698,-383.651
"MtrElec",5,29,13,"",-58.1447,0,0,0,0,0,0,0,0,0,0,0,0,0,0,0,0,0,0,0,0,237.716,0,157.698,-453.558
"MtrElec",5,29,14,"",-132.245,0,0,0,0,0,0,0,0,0,0,0,0,0,0,0,0,0,0,0,0,162.997,0,157.698,-452.94
"MtrElec",5,29,15,"",-231.57,0,0,0,0,0,0,0,0,0,0,0,0,0,0,0,0,0,0,0,0,146.524,0,36.0938,-414.188
"MtrElec",5,29,16,"",-146.805,0,0,0,0,0,0,0,0,0,0,0,0,0,0,0,0,0,0,0,0,201.413,0,0,-348.219
"MtrElec",5,29,17,"",2.65731,0,0,0,0,0,0,0,0,0,0,0,0,0,0,0,0,0,0,0,0,264.825,0,0,-262.167
"MtrElec",5,29,18,"",99.619,0,0,0,0,0,0,0,0,0,0,0,0,0,0,0,0,0,0,0,0,257.663,0,0,-158.044
"MtrElec",5,29,19,"",86.5471,0,0,0,0,0,0,0,0,0,0,0,0,0,0,0,0,0,0,0,0,298.947,0,-157.698,-54.7018
"MtrElec",5,29,20,"",117.463,0,0,0,0,0,0,0,0,0,0,0,0,0,0,0,0,0,0,0,0,283.7,0,-157.698,-8.5389
"MtrElec",5,29,21,"",100.499,0,0,0,0,0,0,0,0,0,0,0,0,0,0,0,0,0,0,0,0,258.197,0,-157.698,0
"MtrElec",5,29,22,"",194.527,0,0,0,0,0,0,0,0,0,0,0,0,0,0,0,0,0,0,0,0,252.45,0,-57.9236,0
"MtrElec",5,29,23,"",218.641,0,0,0,0,0,0,0,0,0,0,0,0,0,0,0,0,0,0,0,0,218.641,0,0,0
"MtrElec",5,29,24,"",139.139,0,0,0,0,0,0,0,0,0,0,0,0,0,0,0,0,0,0,0,0,139.139,0,0,0
"MtrElec",5,30,1,"",103.973,0,0,0,0,0,0,0,0,0,0,0,0,0,0,0,0,0,0,0,0,103.973,0,0,0
"MtrElec",5,30,2,"",98.7907,0,0,0,0,0,0,0,0,0,0,0,0,0,0,0,0,0,0,0,0,98.7907,0,0,0
"MtrElec",5,30,3,"",121.883,0,0,0,0,0,0,0,0,0,0,0,0,0,0,0,0,0,0,0,0,121.883,0,0,0
"MtrElec",5,30,4,"",98.7937,0,0,0,0,0,0,0,0,0,0,0,0,0,0,0,0,0,0,0,0,98.7937,0,0,0
"MtrElec",5,30,5,"",100.91,0,0,0,0,0,0,0,0,0,0,0,0,0,0,0,0,0,0,0,0,100.91,0,0,0
"MtrElec",5,30,6,"",84.7112,0,0,0,0,0,0,0,0,0,0,0,0,0,0,0,0,0,0,0,0,84.7112,0,0,0
"MtrElec",5,30,7,"",126.524,0,0,0,0,0,0,0,0,0,0,0,0,0,0,0,0,0,0,0,0,146.259,0,0,-19.7347
"MtrElec",5,30,8,"",92.3538,0,0,0,0,0,0,0,0,0,0,0,0,0,0,0,0,0,0,0,0,145.735,0,0,-53.3807
"MtrElec",5,30,9,"",193.991,0,0,0,0,0,0,0,0,0,0,0,0,0,0,0,0,0,0,0,0,256.858,0,0,-62.8677
"MtrElec",5,30,10,"",75.8279,0,0,0,0,0,0,0,0,0,0,0,0,0,0,0,0,0,0,0,0,279.795,0,0,-203.968
"MtrElec",5,30,11,"",0.0000078,0,0,0,0,0,0,0,0,0,0,0,0,0,0,0,0,0,0,0,0,227.037,0,94.1457,-321.182
"MtrElec",5,30,12,"",0.0000156,0,0,0,0,0,0,0,0,0,0,0,0,0,0,0,0,0,0,0,0,282.041,0,150.829,-432.87
"MtrElec",5,30,13,"",-1.06848,0,0,0,0,0,0,0,0,0,0,0,0,0,0,0,0,0,0,0,0,284.505,0,157.698,-443.271
"MtrElec",5,30,14,"",-57.2175,0,0,0,0,0,0,0,0,0,0,0,0,0,0,0,0,0,0,0,0,225.999,0,157.698,-440.914
"MtrElec",5,30,15,"",-139.484,0,0,0,0,0,0,0,0,0,0,0,0,0,0,0,0,0,0,0,0,248.945,0,28.0144,-416.443
"MtrElec",5,30,16,"",-188.633,0,0,0,0,0,0,0,0,0,0,0,0,0,0,0,0,0,0,0,0,167.514,0,0,-356.147
"MtrElec",5,30,17,"",-62.5467,0,0,0,0,0,0,0,0,0,0,0,0,0,0,0,0,0,0,0,0,198.598,0,0,-261.145
"MtrElec",5,30,18,"",122.66,0,0,0,0,0,0,0,0,0,0,0,0,0,0,0,0,0,0,0,0,272.94,0,0,-150.28
"MtrElec",5,30,19,"",124.165,0,0,0,0,0,0,0,0,0,0,0,0,0,0,0,0,0,0,0,0,334.945,0,-157.698,-53.0821
"MtrElec",5,30,20,"",90.608,0,0,0,0,0,0,0,0,0,0,0,0,0,0,0,0,0,0,0,0,257.598,0,-157.698,-9.29256
"MtrElec",5,30,21,"",93.0029,0,0,0,0,0,0,0,0,0,0,0,0,0,0,0,0,0,0,0,0,250.701,0,-157.698,0
"MtrElec",5,30,22,"",216.271,0,0,0,0,0,0,0,0,0,0,0,0,0,0,0,0,0,0,0,0,274.194,0,-57.9236,0
"MtrElec",5,30,23,"",170.18,0,0,0,0,0,0,0,0,0,0,0,0,0,0,0,0,0,0,0,0,170.18,0,0,0
"MtrElec",5,30,24,"",137.015,0,0,0,0,0,0,0,0,0,0,0,0,0,0,0,0,0,0,0,0,137.015,0,0,0
"MtrElec",5,31,1,"",92.4461,0,0,0,0,0,0,0,0,0,0,0,0,0,0,0,0,0,0,0,0,92.4461,0,0,0
"MtrElec",5,31,2,"",96.2169,0,0,0,0,0,0,0,0,0,0,0,0,0,0,0,0,0,0,0,0,96.2169,0,0,0
"MtrElec",5,31,3,"",106.188,0,0,0,0,0,0,0,0,0,0,0,0,0,0,0,0,0,0,0,0,106.188,0,0,0
"MtrElec",5,31,4,"",109.736,0,0,0,0,0,0,0,0,0,0,0,0,0,0,0,0,0,0,0,0,109.736,0,0,0
"MtrElec",5,31,5,"",116.862,0,0,0,0,0,0,0,0,0,0,0,0,0,0,0,0,0,0,0,0,116.862,0,0,0
"MtrElec",5,31,6,"",98.7787,0,0,0,0,0,0,0,0,0,0,0,0,0,0,0,0,0,0,0,0,98.7787,0,0,0
"MtrElec",5,31,7,"",127.965,0,0,0,0,0,0,0,0,0,0,0,0,0,0,0,0,0,0,0,0,127.965,0,0,0
"MtrElec",5,31,8,"",129.548,0,0,0,0,0,0,0,0,0,0,0,0,0,0,0,0,0,0,0,0,137.023,0,0,-7.47519
"MtrElec",5,31,9,"",181.766,0,0,0,0,0,0,0,0,0,0,0,0,0,0,0,0,0,0,0,0,239.715,0,0,-57.9499
"MtrElec",5,31,10,"",124.373,0,0,0,0,0,0,0,0,0,0,0,0,0,0,0,0,0,0,0,0,225.601,0,0,-101.228
"MtrElec",5,31,11,"",59.7221,0,0,0,0,0,0,0,0,0,0,0,0,0,0,0,0,0,0,0,0,286.418,0,0,-226.696
"MtrElec",5,31,12,"",0.0000039,0,0,0,0,0,0,0,0,0,0,0,0,0,0,0,0,0,0,0,0,257.265,0,42.9891,-300.255
"MtrElec",5,31,13,"",0.0000078,0,0,0,0,0,0,0,0,0,0,0,0,0,0,0,0,0,0,0,0,241.828,0,120.643,-362.47
"MtrElec",5,31,14,"",0,0,0,0,0,0,0,0,0,0,0,0,0,0,0,0,0,0,0,0,0,217.075,0,130.331,-347.406
"MtrElec",5,31,15,"",0.0000020,0,0,0,0,0,0,0,0,0,0,0,0,0,0,0,0,0,0,0,0,205.529,0,28.9559,-234.485
"MtrElec",5,31,16,"",13.101,0,0,0,0,0,0,0,0,0,0,0,0,0,0,0,0,0,0,0,0,186.075,0,0,-172.974
"MtrElec",5,31,17,"",33.1101,0,0,0,0,0,0,0,0,0,0,0,0,0,0,0,0,0,0,0,0,152.295,0,0,-119.185
"MtrElec",5,31,18,"",181.904,0,0,0,0,0,0,0,0,0,0,0,0,0,0,0,0,0,0,0,0,219.552,0,0,-37.6488
"MtrElec",5,31,19,"",104.939,0,0,0,0,0,0,0,0,0,0,0,0,0,0,0,0,0,0,0,0,271.325,0,-157.698,-8.68856
"MtrElec",5,31,20,"",118.052,0,0,0,0,0,0,0,0,0,0,0,0,0,0,0,0,0,0,0,0,251.788,0,-133.737,0
"MtrElec",5,31,21,"",220.948,0,0,0,0,0,0,0,0,0,0,0,0,0,0,0,0,0,0,0,0,220.948,0,0,0
"MtrElec",5,31,22,"",198.706,0,0,0,0,0,0,0,0,0,0,0,0,0,0,0,0,0,0,0,0,198.706,0,0,0
"MtrElec",5,31,23,"",177.612,0,0,0,0,0,0,0,0,0,0,0,0,0,0,0,0,0,0,0,0,177.612,0,0,0
"MtrElec",5,31,24,"",135.46,0,0,0,0,0,0,0,0,0,0,0,0,0,0,0,0,0,0,0,0,135.46,0,0,0
"MtrElec",6,1,1,"",108.754,0,0,0,0,0,0,0,0,0,0,0,0,0,0,0,0,0,0,0,0,108.754,0,0,0
"MtrElec",6,1,2,"",97.2504,0,0,0,0,0,0,0,0,0,0,0,0,0,0,0,0,0,0,0,0,97.2504,0,0,0
"MtrElec",6,1,3,"",88.7699,0,0,0,0,0,0,0,0,0,0,0,0,0,0,0,0,0,0,0,0,88.7699,0,0,0
"MtrElec",6,1,4,"",132.996,0,0,0,0,0,0,0,0,0,0,0,0,0,0,0,0,0,0,0,0,132.996,0,0,0
"MtrElec",6,1,5,"",97.622,0,0,0,0,0,0,0,0,0,0,0,0,0,0,0,0,0,0,0,0,97.622,0,0,0
"MtrElec",6,1,6,"",89.6939,0,0,0,0,0,0,0,0,0,0,0,0,0,0,0,0,0,0,0,0,89.6939,0,0,0
"MtrElec",6,1,7,"",132.531,0,0,0,0,0,0,0,0,0,0,0,0,0,0,0,0,0,0,0,0,152.122,0,0,-19.5917
"MtrElec",6,1,8,"",164.669,0,0,0,0,0,0,0,0,0,0,0,0,0,0,0,0,0,0,0,0,249.93,0,0,-85.261
"MtrElec",6,1,9,"",24.4961,0,0,0,0,0,0,0,0,0,0,0,0,0,0,0,0,0,0,0,0,219.373,0,0,-194.877
"MtrElec",6,1,10,"",0,0,0,0,0,0,0,0,0,0,0,0,0,0,0,0,0,0,0,0,0,182.522,0,92.3397,-274.862
"MtrElec",6,1,11,"",0,0,0,0,0,0,0,0,0,0,0,0,0,0,0,0,0,0,0,0,0,212.223,0,123.43,-335.653
"MtrElec",6,1,12,"",-27.7189,0,0,0,0,0,0,0,0,0,0,0,0,0,0,0,0,0,0,0,0,195.51,0,157.698,-380.927
"MtrElec",6,1,13,"",-64.3865,0,0,0,0,0,0,0,0,0,0,0,0,0,0,0,0,0,0,0,0,212.062,0,157.698,-434.147
"MtrElec",6,1,14,"",-197.637,0,0,0,0,0,0,0,0,0,0,0,0,0,0,0,0,0,0,0,0,177.939,0,57.2195,-432.795
"MtrElec",6,1,15,"",-175.565,0,0,0,0,0,0,0,0,0,0,0,0,0,0,0,0,0,0,0,0,227.428,0,0,-402.993
"MtrElec",6,1,16,"",-97.8275,0,0,0,0,0,0,0,0,0,0,0,0,0,0,0,0,0,0,0,0,249.211,0,0,-347.039
"MtrElec",6,1,17,"",43.6011,0,0,0,0,0,0,0,0,0,0,0,0,0,0,0,0,0,0,0,0,299.702,0,0,-256.101
"MtrElec",6,1,18,"",168.179,0,0,0,0,0,0,0,0,0,0,0,0,0,0,0,0,0,0,0,0,301.317,0,0,-133.138
"MtrElec",6,1,19,"",99.7406,0,0,0,0,0,0,0,0,0,0,0,0,0,0,0,0,0,0,0,0,309.639,0,-157.698,-52.2009
"MtrElec",6,1,20,"",125.965,0,0,0,0,0,0,0,0,0,0,0,0,0,0,0,0,0,0,0,0,292.416,0,-157.698,-8.75323
"MtrElec",6,1,21,"",67.7633,0,0,0,0,0,0,0,0,0,0,0,0,0,0,0,0,0,0,0,0,225.461,0,-157.698,0
"MtrElec",6,1,22,"",165.688,0,0,0,0,0,0,0,0,0,0,0,0,0,0,0,0,0,0,0,0,223.612,0,-57.9236,0
"MtrElec",6,1,23,"",224.355,0,0,0,0,0,0,0,0,0,0,0,0,0,0,0,0,0,0,0,0,224.355,0,0,0
"MtrElec",6,1,24,"",169.636,0,0,0,0,0,0,0,0,0,0,0,0,0,0,0,0,0,0,0,0,169.636,0,0,0
"MtrElec",6,2,1,"",134.248,0,0,0,0,0,0,0,0,0,0,0,0,0,0,0,0,0,0,0,0,134.248,0,0,0
"MtrElec",6,2,2,"",101.406,0,0,0,0,0,0,0,0,0,0,0,0,0,0,0,0,0,0,0,0,101.406,0,0,0
"MtrElec",6,2,3,"",83.1893,0,0,0,0,0,0,0,0,0,0,0,0,0,0,0,0,0,0,0,0,83.1893,0,0,0
"MtrElec",6,2,4,"",96.0743,0,0,0,0,0,0,0,0,0,0,0,0,0,0,0,0,0,0,0,0,96.0743,0,0,0
"MtrElec",6,2,5,"",94.0369,0,0,0,0,0,0,0,0,0,0,0,0,0,0,0,0,0,0,0,0,94.0369,0,0,0
"MtrElec",6,2,6,"",101.162,0,0,0,0,0,0,0,0,0,0,0,0,0,0,0,0,0,0,0,0,101.162,0,0,0
"MtrElec",6,2,7,"",148.941,0,0,0,0,0,0,0,0,0,0,0,0,0,0,0,0,0,0,0,0,171.005,0,0,-22.0638
"MtrElec",6,2,8,"",139.305,0,0,0,0,0,0,0,0,0,0,0,0,0,0,0,0,0,0,0,0,228.13,0,0,-88.825
"MtrElec",6,2,9,"",34.292,0,0,0,0,0,0,0,0,0,0,0,0,0,0,0,0,0,0,0,0,233.607,0,0,-199.315
"MtrElec",6,2,10,"",0,0,0,0,0,0,0,0,0,0,0,0,0,0,0,0,0,0,0,0,0,258.929,0,42.4893,-301.419
"MtrElec",6,2,11,"",0.0000078,0,0,0,0,0,0,0,0,0,0,0,0,0,0,0,0,0,0,0,0,281.947,0,97.0989,-379.046
"MtrElec",6,2,12,"",-33.8171,0,0,0,0,0,0,0,0,0,0,0,0,0,0,0,0,0,0,0,0,235.159,0,157.698,-426.674
"MtrElec",6,2,13,"",-35.2125,0,0,0,0,0,0,0,0,0,0,0,0,0,0,0,0,0,0,0,0,252.759,0,157.698,-445.67
"MtrElec",6,2,14,"",-117.841,0,0,0,0,0,0,0,0,0,0,0,0,0,0,0,0,0,0,0,0,192.031,0,133.401,-443.272
"MtrElec",6,2,15,"",-203.447,0,0,0,0,0,0,0,0,0,0,0,0,0,0,0,0,0,0,0,0,212.352,0,0,-415.799
"MtrElec",6,2,16,"",-166.865,0,0,0,0,0,0,0,0,0,0,0,0,0,0,0,0,0,0,0,0,191.629,0,0,-358.493
"MtrElec",6,2,17,"",-14.4429,0,0,0,0,0,0,0,0,0,0,0,0,0,0,0,0,0,0,0,0,260.724,0,0,-275.167
"MtrElec",6,2,18,"",97.722,0,0,0,0,0,0,0,0,0,0,0,0,0,0,0,0,0,0,0,0,265.244,0,0,-167.522
"MtrElec",6,2,19,"",80.0437,0,0,0,0,0,0,0,0,0,0,0,0,0,0,0,0,0,0,0,0,292.241,0,-157.698,-54.4993
"MtrElec",6,2,20,"",125.114,0,0,0,0,0,0,0,0,0,0,0,0,0,0,0,0,0,0,0,0,291.211,0,-157.698,-8.39924
"MtrElec",6,2,21,"",148.168,0,0,0,0,0,0,0,0,0,0,0,0,0,0,0,0,0,0,0,0,305.866,0,-157.698,0
"MtrElec",6,2,22,"",156.328,0,0,0,0,0,0,0,0,0,0,0,0,0,0,0,0,0,0,0,0,214.252,0,-57.9236,0
"MtrElec",6,2,23,"",189.258,0,0,0,0,0,0,0,0,0,0,0,0,0,0,0,0,0,0,0,0,189.258,0,0,0
"MtrElec",6,2,24,"",150.197,0,0,0,0,0,0,0,0,0,0,0,0,0,0,0,0,0,0,0,0,150.197,0,0,0
"MtrElec",6,3,1,"",106.279,0,0,0,0,0,0,0,0,0,0,0,0,0,0,0,0,0,0,0,0,106.279,0,0,0
"MtrElec",6,3,2,"",99.9324,0,0,0,0,0,0,0,0,0,0,0,0,0,0,0,0,0,0,0,0,99.9324,0,0,0
"MtrElec",6,3,3,"",85.0179,0,0,0,0,0,0,0,0,0,0,0,0,0,0,0,0,0,0,0,0,85.0179,0,0,0
"MtrElec",6,3,4,"",99.0357,0,0,0,0,0,0,0,0,0,0,0,0,0,0,0,0,0,0,0,0,99.0357,0,0,0
"MtrElec",6,3,5,"",98.301,0,0,0,0,0,0,0,0,0,0,0,0,0,0,0,0,0,0,0,0,98.301,0,0,0
"MtrElec",6,3,6,"",110.778,0,0,0,0,0,0,0,0,0,0,0,0,0,0,0,0,0,0,0,0,110.778,0,0,0
"MtrElec",6,3,7,"",103.406,0,0,0,0,0,0,0,0,0,0,0,0,0,0,0,0,0,0,0,0,138.457,0,0,-35.0505
"MtrElec",6,3,8,"",135.447,0,0,0,0,0,0,0,0,0,0,0,0,0,0,0,0,0,0,0,0,229.207,0,0,-93.7595
"MtrElec",6,3,9,"",171.584,0,0,0,0,0,0,0,0,0,0,0,0,0,0,0,0,0,0,0,0,217.604,0,0,-46.0205
"MtrElec",6,3,10,"",38.1034,0,0,0,0,0,0,0,0,0,0,0,0,0,0,0,0,0,0,0,0,217.582,0,0,-179.479
"MtrElec",6,3,11,"",0,0,0,0,0,0,0,0,0,0,0,0,0,0,0,0,0,0,0,0,0,225.172,0,139.128,-364.301
"MtrElec",6,3,12,"",-79.6451,0,0,0,0,0,0,0,0,0,0,0,0,0,0,0,0,0,0,0,0,186.269,0,157.698,-423.612
"MtrElec",6,3,13,"",-59.9482,0,0,0,0,0,0,0,0,0,0,0,0,0,0,0,0,0,0,0,0,229.684,0,157.698,-447.33
"MtrElec",6,3,14,"",-171.282,0,0,0,0,0,0,0,0,0,0,0,0,0,0,0,0,0,0,0,0,145.872,0,133.861,-451.015
"MtrElec",6,3,15,"",-257.828,0,0,0,0,0,0,0,0,0,0,0,0,0,0,0,0,0,0,0,0,158.518,0,0,-416.346
"MtrElec",6,3,16,"",-160.763,0,0,0,0,0,0,0,0,0,0,0,0,0,0,0,0,0,0,0,0,196.083,0,0,-356.846
"MtrElec",6,3,17,"",-45.9864,0,0,0,0,0,0,0,0,0,0,0,0,0,0,0,0,0,0,0,0,228.896,0,0,-274.882
"MtrElec",6,3,18,"",74.9746,0,0,0,0,0,0,0,0,0,0,0,0,0,0,0,0,0,0,0,0,243.072,0,0,-168.097
"MtrElec",6,3,19,"",70.2892,0,0,0,0,0,0,0,0,0,0,0,0,0,0,0,0,0,0,0,0,282.727,0,-157.698,-54.7401
"MtrElec",6,3,20,"",124.309,0,0,0,0,0,0,0,0,0,0,0,0,0,0,0,0,0,0,0,0,290.352,0,-157.698,-8.34564
"MtrElec",6,3,21,"",117.616,0,0,0,0,0,0,0,0,0,0,0,0,0,0,0,0,0,0,0,0,275.314,0,-157.698,0
"MtrElec",6,3,22,"",148.478,0,0,0,0,0,0,0,0,0,0,0,0,0,0,0,0,0,0,0,0,206.401,0,-57.9236,0
"MtrElec",6,3,23,"",221.16,0,0,0,0,0,0,0,0,0,0,0,0,0,0,0,0,0,0,0,0,221.16,0,0,0
"MtrElec",6,3,24,"",158.175,0,0,0,0,0,0,0,0,0,0,0,0,0,0,0,0,0,0,0,0,158.175,0,0,0
"MtrElec",6,4,1,"",100.155,0,0,0,0,0,0,0,0,0,0,0,0,0,0,0,0,0,0,0,0,100.155,0,0,0
"MtrElec",6,4,2,"",98.3604,0,0,0,0,0,0,0,0,0,0,0,0,0,0,0,0,0,0,0,0,98.3604,0,0,0
"MtrElec",6,4,3,"",120.574,0,0,0,0,0,0,0,0,0,0,0,0,0,0,0,0,0,0,0,0,120.574,0,0,0
"MtrElec",6,4,4,"",95.3004,0,0,0,0,0,0,0,0,0,0,0,0,0,0,0,0,0,0,0,0,95.3004,0,0,0
"MtrElec",6,4,5,"",93.798,0,0,0,0,0,0,0,0,0,0,0,0,0,0,0,0,0,0,0,0,93.798,0,0,0
"MtrElec",6,4,6,"",86.5595,0,0,0,0,0,0,0,0,0,0,0,0,0,0,0,0,0,0,0,0,86.5595,0,0,0
"MtrElec",6,4,7,"",165.651,0,0,0,0,0,0,0,0,0,0,0,0,0,0,0,0,0,0,0,0,187.691,0,0,-22.04
"MtrElec",6,4,8,"",122.251,0,0,0,0,0,0,0,0,0,0,0,0,0,0,0,0,0,0,0,0,195.038,0,0,-72.7872
"MtrElec",6,4,9,"",175.432,0,0,0,0,0,0,0,0,0,0,0,0,0,0,0,0,0,0,0,0,202.646,0,0,-27.214
"MtrElec",6,4,10,"",134.971,0,0,0,0,0,0,0,0,0,0,0,0,0,0,0,0,0,0,0,0,183.959,0,0,-48.9881
"MtrElec",6,4,11,"",89.8855,0,0,0,0,0,0,0,0,0,0,0,0,0,0,0,0,0,0,0,0,194.2,0,0,-104.314
"MtrElec",6,4,12,"",-39.2723,0,0,0,0,0,0,0,0,0,0,0,0,0,0,0,0,0,0,0,0,186.98,0,157.698,-383.95
"MtrElec",6,4,13,"",-85.5502,0,0,0,0,0,0,0,0,0,0,0,0,0,0,0,0,0,0,0,0,221.691,0,157.698,-464.939
"MtrElec",6,4,14,"",-183.14,0,0,0,0,0,0,0,0,0,0,0,0,0,0,0,0,0,0,0,0,112.809,0,157.698,-453.647
"MtrElec",6,4,15,"",-140.213,0,0,0,0,0,0,0,0,0,0,0,0,0,0,0,0,0,0,0,0,164.765,0,115.291,-420.269
"MtrElec",6,4,16,"",-182.34,0,0,0,0,0,0,0,0,0,0,0,0,0,0,0,0,0,0,0,0,178.675,0,0,-361.015
"MtrElec",6,4,17,"",-75.0149,0,0,0,0,0,0,0,0,0,0,0,0,0,0,0,0,0,0,0,0,201.543,0,0,-276.558
"MtrElec",6,4,18,"",86.5866,0,0,0,0,0,0,0,0,0,0,0,0,0,0,0,0,0,0,0,0,255.38,0,0,-168.793
"MtrElec",6,4,19,"",89.3069,0,0,0,0,0,0,0,0,0,0,0,0,0,0,0,0,0,0,0,0,302.695,0,-157.698,-55.6902
"MtrElec",6,4,20,"",106.435,0,0,0,0,0,0,0,0,0,0,0,0,0,0,0,0,0,0,0,0,273.272,0,-157.698,-9.13934
"MtrElec",6,4,21,"",95.6323,0,0,0,0,0,0,0,0,0,0,0,0,0,0,0,0,0,0,0,0,253.33,0,-157.698,0
"MtrElec",6,4,22,"",150.117,0,0,0,0,0,0,0,0,0,0,0,0,0,0,0,0,0,0,0,0,208.04,0,-57.9236,0
"MtrElec",6,4,23,"",221.188,0,0,0,0,0,0,0,0,0,0,0,0,0,0,0,0,0,0,0,0,221.188,0,0,0
"MtrElec",6,4,24,"",136.465,0,0,0,0,0,0,0,0,0,0,0,0,0,0,0,0,0,0,0,0,136.465,0,0,0
"MtrElec",6,5,1,"",98.2359,0,0,0,0,0,0,0,0,0,0,0,0,0,0,0,0,0,0,0,0,98.2359,0,0,0
"MtrElec",6,5,2,"",99.3127,0,0,0,0,0,0,0,0,0,0,0,0,0,0,0,0,0,0,0,0,99.3127,0,0,0
"MtrElec",6,5,3,"",125.084,0,0,0,0,0,0,0,0,0,0,0,0,0,0,0,0,0,0,0,0,125.084,0,0,0
"MtrElec",6,5,4,"",88.8398,0,0,0,0,0,0,0,0,0,0,0,0,0,0,0,0,0,0,0,0,88.8398,0,0,0
"MtrElec",6,5,5,"",93.7745,0,0,0,0,0,0,0,0,0,0,0,0,0,0,0,0,0,0,0,0,93.7745,0,0,0
"MtrElec",6,5,6,"",90.0324,0,0,0,0,0,0,0,0,0,0,0,0,0,0,0,0,0,0,0,0,90.0324,0,0,0
"MtrElec",6,5,7,"",141.828,0,0,0,0,0,0,0,0,0,0,0,0,0,0,0,0,0,0,0,0,177.834,0,0,-36.0058
"MtrElec",6,5,8,"",141.145,0,0,0,0,0,0,0,0,0,0,0,0,0,0,0,0,0,0,0,0,239.562,0,0,-98.4171
"MtrElec",6,5,9,"",170.358,0,0,0,0,0,0,0,0,0,0,0,0,0,0,0,0,0,0,0,0,209.353,0,0,-38.9948
"MtrElec",6,5,10,"",156.847,0,0,0,0,0,0,0,0,0,0,0,0,0,0,0,0,0,0,0,0,224.207,0,0,-67.3597
"MtrElec",6,5,11,"",26.6676,0,0,0,0,0,0,0,0,0,0,0,0,0,0,0,0,0,0,0,0,172.257,0,0,-145.59
"MtrElec",6,5,12,"",-62.2749,0,0,0,0,0,0,0,0,0,0,0,0,0,0,0,0,0,0,0,0,176.393,0,157.698,-396.365
"MtrElec",6,5,13,"",-138.058,0,0,0,0,0,0,0,0,0,0,0,0,0,0,0,0,0,0,0,0,153.281,0,157.698,-449.037
"MtrElec",6,5,14,"",-154.278,0,0,0,0,0,0,0,0,0,0,0,0,0,0,0,0,0,0,0,0,134.71,0,157.698,-446.685
"MtrElec",6,5,15,"",-143.946,0,0,0,0,0,0,0,0,0,0,0,0,0,0,0,0,0,0,0,0,154.603,0,115.291,-413.841
"MtrElec",6,5,16,"",-142.29,0,0,0,0,0,0,0,0,0,0,0,0,0,0,0,0,0,0,0,0,211.644,0,0,-353.934
"MtrElec",6,5,17,"",-13.3346,0,0,0,0,0,0,0,0,0,0,0,0,0,0,0,0,0,0,0,0,258.082,0,0,-271.417
"MtrElec",6,5,18,"",101.555,0,0,0,0,0,0,0,0,0,0,0,0,0,0,0,0,0,0,0,0,267.489,0,0,-165.934
"MtrElec",6,5,19,"",77.3797,0,0,0,0,0,0,0,0,0,0,0,0,0,0,0,0,0,0,0,0,290.603,0,-157.698,-55.5254
"MtrElec",6,5,20,"",96.331,0,0,0,0,0,0,0,0,0,0,0,0,0,0,0,0,0,0,0,0,263.295,0,-157.698,-9.26612
"MtrElec",6,5,21,"",121.296,0,0,0,0,0,0,0,0,0,0,0,0,0,0,0,0,0,0,0,0,278.994,0,-157.698,0
"MtrElec",6,5,22,"",161.492,0,0,0,0,0,0,0,0,0,0,0,0,0,0,0,0,0,0,0,0,219.416,0,-57.9236,0
"MtrElec",6,5,23,"",222.591,0,0,0,0,0,0,0,0,0,0,0,0,0,0,0,0,0,0,0,0,222.591,0,0,0
"MtrElec",6,5,24,"",155.518,0,0,0,0,0,0,0,0,0,0,0,0,0,0,0,0,0,0,0,0,155.518,0,0,0
"MtrElec",6,6,1,"",95.6259,0,0,0,0,0,0,0,0,0,0,0,0,0,0,0,0,0,0,0,0,95.6259,0,0,0
"MtrElec",6,6,2,"",97.853,0,0,0,0,0,0,0,0,0,0,0,0,0,0,0,0,0,0,0,0,97.853,0,0,0
"MtrElec",6,6,3,"",132.647,0,0,0,0,0,0,0,0,0,0,0,0,0,0,0,0,0,0,0,0,132.647,0,0,0
"MtrElec",6,6,4,"",83.4476,0,0,0,0,0,0,0,0,0,0,0,0,0,0,0,0,0,0,0,0,83.4476,0,0,0
"MtrElec",6,6,5,"",100.398,0,0,0,0,0,0,0,0,0,0,0,0,0,0,0,0,0,0,0,0,100.398,0,0,0
"MtrElec",6,6,6,"",94.6176,0,0,0,0,0,0,0,0,0,0,0,0,0,0,0,0,0,0,0,0,94.6176,0,0,0
"MtrElec",6,6,7,"",114.375,0,0,0,0,0,0,0,0,0,0,0,0,0,0,0,0,0,0,0,0,123.704,0,0,-9.32868
"MtrElec",6,6,8,"",125.69,0,0,0,0,0,0,0,0,0,0,0,0,0,0,0,0,0,0,0,0,158.871,0,0,-33.181
"MtrElec",6,6,9,"",116.875,0,0,0,0,0,0,0,0,0,0,0,0,0,0,0,0,0,0,0,0,217.781,0,0,-100.905
"MtrElec",6,6,10,"",0,0,0,0,0,0,0,0,0,0,0,0,0,0,0,0,0,0,0,0,0,284.764,0,0.324875,-285.089
"MtrElec",6,6,11,"",0.0000078,0,0,0,0,0,0,0,0,0,0,0,0,0,0,0,0,0,0,0,0,272.096,0,111.136,-383.232
"MtrElec",6,6,12,"",0,0,0,0,0,0,0,0,0,0,0,0,0,0,0,0,0,0,0,0,0,282.206,0,152.311,-434.517
"MtrElec",6,6,13,"",-35.5154,0,0,0,0,0,0,0,0,0,0,0,0,0,0,0,0,0,0,0,0,260.755,0,157.698,-453.968
"MtrElec",6,6,14,"",-73.6728,0,0,0,0,0,0,0,0,0,0,0,0,0,0,0,0,0,0,0,0,215.86,0,157.698,-447.231
"MtrElec",6,6,15,"",-183.112,0,0,0,0,0,0,0,0,0,0,0,0,0,0,0,0,0,0,0,0,222.998,0,9.21691,-415.327
"MtrElec",6,6,16,"",-147.868,0,0,0,0,0,0,0,0,0,0,0,0,0,0,0,0,0,0,0,0,209.457,0,0,-357.325
"MtrElec",6,6,17,"",-57.0733,0,0,0,0,0,0,0,0,0,0,0,0,0,0,0,0,0,0,0,0,214.286,0,0,-271.359
"MtrElec",6,6,18,"",90.8596,0,0,0,0,0,0,0,0,0,0,0,0,0,0,0,0,0,0,0,0,254.358,0,0,-163.498
"MtrElec",6,6,19,"",118.292,0,0,0,0,0,0,0,0,0,0,0,0,0,0,0,0,0,0,0,0,332.671,0,-157.698,-56.681
"MtrElec",6,6,20,"",85.966,0,0,0,0,0,0,0,0,0,0,0,0,0,0,0,0,0,0,0,0,253.298,0,-157.698,-9.63456
"MtrElec",6,6,21,"",73.2865,0,0,0,0,0,0,0,0,0,0,0,0,0,0,0,0,0,0,0,0,230.984,0,-157.698,0
"MtrElec",6,6,22,"",197.682,0,0,0,0,0,0,0,0,0,0,0,0,0,0,0,0,0,0,0,0,255.606,0,-57.9236,0
"MtrElec",6,6,23,"",173.865,0,0,0,0,0,0,0,0,0,0,0,0,0,0,0,0,0,0,0,0,173.865,0,0,0
"MtrElec",6,6,24,"",164.793,0,0,0,0,0,0,0,0,0,0,0,0,0,0,0,0,0,0,0,0,164.793,0,0,0
"MtrElec",6,7,1,"",93.7618,0,0,0,0,0,0,0,0,0,0,0,0,0,0,0,0,0,0,0,0,93.7618,0,0,0
"MtrElec",6,7,2,"",97.6507,0,0,0,0,0,0,0,0,0,0,0,0,0,0,0,0,0,0,0,0,97.6507,0,0,0
"MtrElec",6,7,3,"",95.834,0,0,0,0,0,0,0,0,0,0,0,0,0,0,0,0,0,0,0,0,95.834,0,0,0
"MtrElec",6,7,4,"",83.9434,0,0,0,0,0,0,0,0,0,0,0,0,0,0,0,0,0,0,0,0,83.9434,0,0,0
"MtrElec",6,7,5,"",150.941,0,0,0,0,0,0,0,0,0,0,0,0,0,0,0,0,0,0,0,0,150.941,0,0,0
"MtrElec",6,7,6,"",96.5639,0,0,0,0,0,0,0,0,0,0,0,0,0,0,0,0,0,0,0,0,96.5639,0,0,0
"MtrElec",6,7,7,"",61.9526,0,0,0,0,0,0,0,0,0,0,0,0,0,0,0,0,0,0,0,0,92.053,0,0,-30.1004
"MtrElec",6,7,8,"",125.303,0,0,0,0,0,0,0,0,0,0,0,0,0,0,0,0,0,0,0,0,163.355,0,0,-38.0519
"MtrElec",6,7,9,"",142.685,0,0,0,0,0,0,0,0,0,0,0,0,0,0,0,0,0,0,0,0,208.129,0,0,-65.4439
"MtrElec",6,7,10,"",78.7387,0,0,0,0,0,0,0,0,0,0,0,0,0,0,0,0,0,0,0,0,277.35,0,0,-198.611
"MtrElec",6,7,11,"",0,0,0,0,0,0,0,0,0,0,0,0,0,0,0,0,0,0,0,0,0,246.766,0,131.111,-377.877
"MtrElec",6,7,12,"",-16.4362,0,0,0,0,0,0,0,0,0,0,0,0,0,0,0,0,0,0,0,0,251.018,0,157.698,-425.152
"MtrElec",6,7,13,"",-54.5659,0,0,0,0,0,0,0,0,0,0,0,0,0,0,0,0,0,0,0,0,235.529,0,157.698,-447.793
"MtrElec",6,7,14,"",-91.5717,0,0,0,0,0,0,0,0,0,0,0,0,0,0,0,0,0,0,0,0,205.916,0,141.878,-439.366
"MtrElec",6,7,15,"",-171.467,0,0,0,0,0,0,0,0,0,0,0,0,0,0,0,0,0,0,0,0,239.399,0,0,-410.866
"MtrElec",6,7,16,"",-134.761,0,0,0,0,0,0,0,0,0,0,0,0,0,0,0,0,0,0,0,0,215.897,0,0,-350.658
"MtrElec",6,7,17,"",-31.8762,0,0,0,0,0,0,0,0,0,0,0,0,0,0,0,0,0,0,0,0,233.403,0,0,-265.279
"MtrElec",6,7,18,"",124.072,0,0,0,0,0,0,0,0,0,0,0,0,0,0,0,0,0,0,0,0,284.693,0,0,-160.622
"MtrElec",6,7,19,"",129.084,0,0,0,0,0,0,0,0,0,0,0,0,0,0,0,0,0,0,0,0,343.306,0,-157.698,-56.5234
"MtrElec",6,7,20,"",111.311,0,0,0,0,0,0,0,0,0,0,0,0,0,0,0,0,0,0,0,0,278.978,0,-157.698,-9.96954
"MtrElec",6,7,21,"",72.8402,0,0,0,0,0,0,0,0,0,0,0,0,0,0,0,0,0,0,0,0,230.538,0,-157.698,0
"MtrElec",6,7,22,"",167.728,0,0,0,0,0,0,0,0,0,0,0,0,0,0,0,0,0,0,0,0,225.652,0,-57.9236,0
"MtrElec",6,7,23,"",178.296,0,0,0,0,0,0,0,0,0,0,0,0,0,0,0,0,0,0,0,0,178.296,0,0,0
"MtrElec",6,7,24,"",148.217,0,0,0,0,0,0,0,0,0,0,0,0,0,0,0,0,0,0,0,0,148.217,0,0,0
"MtrElec",6,8,1,"",111.792,0,0,0,0,0,0,0,0,0,0,0,0,0,0,0,0,0,0,0,0,111.792,0,0,0
"MtrElec",6,8,2,"",101.963,0,0,0,0,0,0,0,0,0,0,0,0,0,0,0,0,0,0,0,0,101.963,0,0,0
"MtrElec",6,8,3,"",87.2634,0,0,0,0,0,0,0,0,0,0,0,0,0,0,0,0,0,0,0,0,87.2634,0,0,0
"MtrElec",6,8,4,"",90.0597,0,0,0,0,0,0,0,0,0,0,0,0,0,0,0,0,0,0,0,0,90.0597,0,0,0
"MtrElec",6,8,5,"",127.723,0,0,0,0,0,0,0,0,0,0,0,0,0,0,0,0,0,0,0,0,127.723,0,0,0
"MtrElec",6,8,6,"",85.6611,0,0,0,0,0,0,0,0,0,0,0,0,0,0,0,0,0,0,0,0,85.6611,0,0,0
"MtrElec",6,8,7,"",103.785,0,0,0,0,0,0,0,0,0,0,0,0,0,0,0,0,0,0,0,0,134.725,0,0,-30.9401
"MtrElec",6,8,8,"",169.645,0,0,0,0,0,0,0,0,0,0,0,0,0,0,0,0,0,0,0,0,224.038,0,0,-54.393
"MtrElec",6,8,9,"",51.8236,0,0,0,0,0,0,0,0,0,0,0,0,0,0,0,0,0,0,0,0,184.959,0,0,-133.136
"MtrElec",6,8,10,"",0,0,0,0,0,0,0,0,0,0,0,0,0,0,0,0,0,0,0,0,0,198.933,0,98.4887,-297.421
"MtrElec",6,8,11,"",0,0,0,0,0,0,0,0,0,0,0,0,0,0,0,0,0,0,0,0,0,226.185,0,150.789,-376.975
"MtrElec",6,8,12,"",-92.9667,0,0,0,0,0,0,0,0,0,0,0,0,0,0,0,0,0,0,0,0,179.831,0,157.698,-430.495
"MtrElec",6,8,13,"",-96.9419,0,0,0,0,0,0,0,0,0,0,0,0,0,0,0,0,0,0,0,0,192.932,0,157.698,-447.572
"MtrElec",6,8,14,"",-246.173,0,0,0,0,0,0,0,0,0,0,0,0,0,0,0,0,0,0,0,0,169.636,0,23.7112,-439.52
"MtrElec",6,8,15,"",-217.684,0,0,0,0,0,0,0,0,0,0,0,0,0,0,0,0,0,0,0,0,197.024,0,0,-414.708
"MtrElec",6,8,16,"",-196.393,0,0,0,0,0,0,0,0,0,0,0,0,0,0,0,0,0,0,0,0,163.573,0,0,-359.966
"MtrElec",6,8,17,"",-29.716,0,0,0,0,0,0,0,0,0,0,0,0,0,0,0,0,0,0,0,0,245.131,0,0,-274.847
"MtrElec",6,8,18,"",97.855,0,0,0,0,0,0,0,0,0,0,0,0,0,0,0,0,0,0,0,0,265.625,0,0,-167.77
"MtrElec",6,8,19,"",87.0147,0,0,0,0,0,0,0,0,0,0,0,0,0,0,0,0,0,0,0,0,302.495,0,-157.698,-57.7821
"MtrElec",6,8,20,"",118.465,0,0,0,0,0,0,0,0,0,0,0,0,0,0,0,0,0,0,0,0,286.255,0,-157.698,-10.0921
"MtrElec",6,8,21,"",79.7583,0,0,0,0,0,0,0,0,0,0,0,0,0,0,0,0,0,0,0,0,237.456,0,-157.698,0
"MtrElec",6,8,22,"",164.039,0,0,0,0,0,0,0,0,0,0,0,0,0,0,0,0,0,0,0,0,221.963,0,-57.9236,0
"MtrElec",6,8,23,"",178.076,0,0,0,0,0,0,0,0,0,0,0,0,0,0,0,0,0,0,0,0,178.076,0,0,0
"MtrElec",6,8,24,"",139.88,0,0,0,0,0,0,0,0,0,0,0,0,0,0,0,0,0,0,0,0,139.88,0,0,0
"MtrElec",6,9,1,"",154.224,0,0,0,0,0,0,0,0,0,0,0,0,0,0,0,0,0,0,0,0,154.224,0,0,0
"MtrElec",6,9,2,"",98.1727,0,0,0,0,0,0,0,0,0,0,0,0,0,0,0,0,0,0,0,0,98.1727,0,0,0
"MtrElec",6,9,3,"",84.1331,0,0,0,0,0,0,0,0,0,0,0,0,0,0,0,0,0,0,0,0,84.1331,0,0,0
"MtrElec",6,9,4,"",98.3563,0,0,0,0,0,0,0,0,0,0,0,0,0,0,0,0,0,0,0,0,98.3563,0,0,0
"MtrElec",6,9,5,"",97.6984,0,0,0,0,0,0,0,0,0,0,0,0,0,0,0,0,0,0,0,0,97.6984,0,0,0
"MtrElec",6,9,6,"",118.93,0,0,0,0,0,0,0,0,0,0,0,0,0,0,0,0,0,0,0,0,118.93,0,0,0
"MtrElec",6,9,7,"",138.36,0,0,0,0,0,0,0,0,0,0,0,0,0,0,0,0,0,0,0,0,162.821,0,0,-24.4607
"MtrElec",6,9,8,"",167.32,0,0,0,0,0,0,0,0,0,0,0,0,0,0,0,0,0,0,0,0,225.366,0,0,-58.0459
"MtrElec",6,9,9,"",60.671,0,0,0,0,0,0,0,0,0,0,0,0,0,0,0,0,0,0,0,0,195.568,0,0,-134.897
"MtrElec",6,9,10,"",0.0000010,0,0,0,0,0,0,0,0,0,0,0,0,0,0,0,0,0,0,0,0,238.404,0,15.0184,-253.422
"MtrElec",6,9,11,"",-14.4677,0,0,0,0,0,0,0,0,0,0,0,0,0,0,0,0,0,0,0,0,202.807,0,157.698,-374.973
"MtrElec",6,9,12,"",-73.7135,0,0,0,0,0,0,0,0,0,0,0,0,0,0,0,0,0,0,0,0,198.762,0,157.698,-430.174
"MtrElec",6,9,13,"",-86.5567,0,0,0,0,0,0,0,0,0,0,0,0,0,0,0,0,0,0,0,0,201.955,0,157.698,-446.209
"MtrElec",6,9,14,"",-175.252,0,0,0,0,0,0,0,0,0,0,0,0,0,0,0,0,0,0,0,0,164.072,0,100.273,-439.597
"MtrElec",6,9,15,"",-198.091,0,0,0,0,0,0,0,0,0,0,0,0,0,0,0,0,0,0,0,0,180.149,0,0,-378.24
"MtrElec",6,9,16,"",-139.633,0,0,0,0,0,0,0,0,0,0,0,0,0,0,0,0,0,0,0,0,218.288,0,0,-357.921
"MtrElec",6,9,17,"",1.56297,0,0,0,0,0,0,0,0,0,0,0,0,0,0,0,0,0,0,0,0,277.935,0,0,-276.372
"MtrElec",6,9,18,"",119.783,0,0,0,0,0,0,0,0,0,0,0,0,0,0,0,0,0,0,0,0,291.327,0,0,-171.544
"MtrElec",6,9,19,"",95.6764,0,0,0,0,0,0,0,0,0,0,0,0,0,0,0,0,0,0,0,0,313.223,0,-157.698,-59.8485
"MtrElec",6,9,20,"",132.991,0,0,0,0,0,0,0,0,0,0,0,0,0,0,0,0,0,0,0,0,301.199,0,-157.698,-10.5102
"MtrElec",6,9,21,"",151.376,0,0,0,0,0,0,0,0,0,0,0,0,0,0,0,0,0,0,0,0,309.074,0,-157.698,0
"MtrElec",6,9,22,"",155.401,0,0,0,0,0,0,0,0,0,0,0,0,0,0,0,0,0,0,0,0,213.325,0,-57.9236,0
"MtrElec",6,9,23,"",184.863,0,0,0,0,0,0,0,0,0,0,0,0,0,0,0,0,0,0,0,0,184.863,0,0,0
"MtrElec",6,9,24,"",139.305,0,0,0,0,0,0,0,0,0,0,0,0,0,0,0,0,0,0,0,0,139.305,0,0,0
"MtrElec",6,10,1,"",104.29,0,0,0,0,0,0,0,0,0,0,0,0,0,0,0,0,0,0,0,0,104.29,0,0,0
"MtrElec",6,10,2,"",103.243,0,0,0,0,0,0,0,0,0,0,0,0,0,0,0,0,0,0,0,0,103.243,0,0,0
"MtrElec",6,10,3,"",126.454,0,0,0,0,0,0,0,0,0,0,0,0,0,0,0,0,0,0,0,0,126.454,0,0,0
"MtrElec",6,10,4,"",95.3652,0,0,0,0,0,0,0,0,0,0,0,0,0,0,0,0,0,0,0,0,95.3652,0,0,0
"MtrElec",6,10,5,"",93.8052,0,0,0,0,0,0,0,0,0,0,0,0,0,0,0,0,0,0,0,0,93.8052,0,0,0
"MtrElec",6,10,6,"",86.3903,0,0,0,0,0,0,0,0,0,0,0,0,0,0,0,0,0,0,0,0,86.3903,0,0,0
"MtrElec",6,10,7,"",149.285,0,0,0,0,0,0,0,0,0,0,0,0,0,0,0,0,0,0,0,0,178.268,0,0,-28.9825
"MtrElec",6,10,8,"",187.098,0,0,0,0,0,0,0,0,0,0,0,0,0,0,0,0,0,0,0,0,215.942,0,0,-28.8441
"MtrElec",6,10,9,"",138.296,0,0,0,0,0,0,0,0,0,0,0,0,0,0,0,0,0,0,0,0,216.475,0,0,-78.1792
"MtrElec",6,10,10,"",0,0,0,0,0,0,0,0,0,0,0,0,0,0,0,0,0,0,0,0,0,212.501,0,65.2975,-277.799
"MtrElec",6,10,11,"",0.0000078,0,0,0,0,0,0,0,0,0,0,0,0,0,0,0,0,0,0,0,0,254.168,0,123.283,-377.452
"MtrElec",6,10,12,"",-42.7004,0,0,0,0,0,0,0,0,0,0,0,0,0,0,0,0,0,0,0,0,223.287,0,157.698,-423.686
"MtrElec",6,10,13,"",-89.9914,0,0,0,0,0,0,0,0,0,0,0,0,0,0,0,0,0,0,0,0,192.186,0,157.698,-439.876
"MtrElec",6,10,14,"",-174.599,0,0,0,0,0,0,0,0,0,0,0,0,0,0,0,0,0,0,0,0,167.989,0,84.4084,-426.996
"MtrElec",6,10,15,"",-223.995,0,0,0,0,0,0,0,0,0,0,0,0,0,0,0,0,0,0,0,0,179.633,0,0,-403.628
"MtrElec",6,10,16,"",-155.431,0,0,0,0,0,0,0,0,0,0,0,0,0,0,0,0,0,0,0,0,197.112,0,0,-352.543
"MtrElec",6,10,17,"",-29.5588,0,0,0,0,0,0,0,0,0,0,0,0,0,0,0,0,0,0,0,0,244.642,0,0,-274.201
"MtrElec",6,10,18,"",98.4275,0,0,0,0,0,0,0,0,0,0,0,0,0,0,0,0,0,0,0,0,267.802,0,0,-169.375
"MtrElec",6,10,19,"",63.139,0,0,0,0,0,0,0,0,0,0,0,0,0,0,0,0,0,0,0,0,280.473,0,-157.698,-59.6365
"MtrElec",6,10,20,"",148.703,0,0,0,0,0,0,0,0,0,0,0,0,0,0,0,0,0,0,0,0,316.836,0,-157.698,-10.4351
"MtrElec",6,10,21,"",158.97,0,0,0,0,0,0,0,0,0,0,0,0,0,0,0,0,0,0,0,0,316.668,0,-157.698,0
"MtrElec",6,10,22,"",181.907,0,0,0,0,0,0,0,0,0,0,0,0,0,0,0,0,0,0,0,0,239.831,0,-57.9236,0
"MtrElec",6,10,23,"",252.84,0,0,0,0,0,0,0,0,0,0,0,0,0,0,0,0,0,0,0,0,252.84,0,0,0
"MtrElec",6,10,24,"",182.053,0,0,0,0,0,0,0,0,0,0,0,0,0,0,0,0,0,0,0,0,182.053,0,0,0
"MtrElec",6,11,1,"",119.005,0,0,0,0,0,0,0,0,0,0,0,0,0,0,0,0,0,0,0,0,119.005,0,0,0
"MtrElec",6,11,2,"",92.3158,0,0,0,0,0,0,0,0,0,0,0,0,0,0,0,0,0,0,0,0,92.3158,0,0,0
"MtrElec",6,11,3,"",90.6384,0,0,0,0,0,0,0,0,0,0,0,0,0,0,0,0,0,0,0,0,90.6384,0,0,0
"MtrElec",6,11,4,"",95.2854,0,0,0,0,0,0,0,0,0,0,0,0,0,0,0,0,0,0,0,0,95.2854,0,0,0
"MtrElec",6,11,5,"",86.7885,0,0,0,0,0,0,0,0,0,0,0,0,0,0,0,0,0,0,0,0,86.7885,0,0,0
"MtrElec",6,11,6,"",110.98,0,0,0,0,0,0,0,0,0,0,0,0,0,0,0,0,0,0,0,0,110.98,0,0,0
"MtrElec",6,11,7,"",188.328,0,0,0,0,0,0,0,0,0,0,0,0,0,0,0,0,0,0,0,0,209.788,0,0,-21.4596
"MtrElec",6,11,8,"",124.589,0,0,0,0,0,0,0,0,0,0,0,0,0,0,0,0,0,0,0,0,209.684,0,0,-85.0944
"MtrElec",6,11,9,"",32.5411,0,0,0,0,0,0,0,0,0,0,0,0,0,0,0,0,0,0,0,0,222.133,0,0,-189.592
"MtrElec",6,11,10,"",0,0,0,0,0,0,0,0,0,0,0,0,0,0,0,0,0,0,0,0,0,246.674,0,39.6594,-286.334
"MtrElec",6,11,11,"",0,0,0,0,0,0,0,0,0,0,0,0,0,0,0,0,0,0,0,0,0,260.581,0,59.4237,-320.004
"MtrElec",6,11,12,"",0,0,0,0,0,0,0,0,0,0,0,0,0,0,0,0,0,0,0,0,0,246.896,0,101.186,-348.082
"MtrElec",6,11,13,"",0,0,0,0,0,0,0,0,0,0,0,0,0,0,0,0,0,0,0,0,0,265.535,0,78.0784,-343.614
"MtrElec",6,11,14,"",0.0000078,0,0,0,0,0,0,0,0,0,0,0,0,0,0,0,0,0,0,0,0,229.372,0,127.544,-356.916
"MtrElec",6,11,15,"",0.0000078,0,0,0,0,0,0,0,0,0,0,0,0,0,0,0,0,0,0,0,0,242.078,0,97.4185,-339.496
"MtrElec",6,11,16,"",0.0000039,0,0,0,0,0,0,0,0,0,0,0,0,0,0,0,0,0,0,0,0,238.273,0,50.7883,-289.061
"MtrElec",6,11,17,"",78.0654,0,0,0,0,0,0,0,0,0,0,0,0,0,0,0,0,0,0,0,0,296.151,0,0,-218.085
"MtrElec",6,11,18,"",126.826,0,0,0,0,0,0,0,0,0,0,0,0,0,0,0,0,0,0,0,0,282.2,0,0,-155.374
"MtrElec",6,11,19,"",87.7804,0,0,0,0,0,0,0,0,0,0,0,0,0,0,0,0,0,0,0,0,301.878,0,-157.698,-56.3998
"MtrElec",6,11,20,"",160.966,0,0,0,0,0,0,0,0,0,0,0,0,0,0,0,0,0,0,0,0,328.148,0,-157.698,-9.4838
"MtrElec",6,11,21,"",171.119,0,0,0,0,0,0,0,0,0,0,0,0,0,0,0,0,0,0,0,0,328.817,0,-157.698,0
"MtrElec",6,11,22,"",197.039,0,0,0,0,0,0,0,0,0,0,0,0,0,0,0,0,0,0,0,0,224.02,0,-26.9803,0
"MtrElec",6,11,23,"",243.694,0,0,0,0,0,0,0,0,0,0,0,0,0,0,0,0,0,0,0,0,243.694,0,0,0
"MtrElec",6,11,24,"",175.976,0,0,0,0,0,0,0,0,0,0,0,0,0,0,0,0,0,0,0,0,175.976,0,0,0
"MtrElec",6,12,1,"",187.177,0,0,0,0,0,0,0,0,0,0,0,0,0,0,0,0,0,0,0,0,187.177,0,0,0
"MtrElec",6,12,2,"",105.407,0,0,0,0,0,0,0,0,0,0,0,0,0,0,0,0,0,0,0,0,105.407,0,0,0
"MtrElec",6,12,3,"",87.7944,0,0,0,0,0,0,0,0,0,0,0,0,0,0,0,0,0,0,0,0,87.7944,0,0,0
"MtrElec",6,12,4,"",103.841,0,0,0,0,0,0,0,0,0,0,0,0,0,0,0,0,0,0,0,0,103.841,0,0,0
"MtrElec",6,12,5,"",91.0881,0,0,0,0,0,0,0,0,0,0,0,0,0,0,0,0,0,0,0,0,91.0881,0,0,0
"MtrElec",6,12,6,"",131.024,0,0,0,0,0,0,0,0,0,0,0,0,0,0,0,0,0,0,0,0,131.024,0,0,0
"MtrElec",6,12,7,"",104.73,0,0,0,0,0,0,0,0,0,0,0,0,0,0,0,0,0,0,0,0,127.401,0,0,-22.6706
"MtrElec",6,12,8,"",169.069,0,0,0,0,0,0,0,0,0,0,0,0,0,0,0,0,0,0,0,0,211.704,0,0,-42.6351
"MtrElec",6,12,9,"",56.8858,0,0,0,0,0,0,0,0,0,0,0,0,0,0,0,0,0,0,0,0,208.72,0,0,-151.834
"MtrElec",6,12,10,"",0,0,0,0,0,0,0,0,0,0,0,0,0,0,0,0,0,0,0,0,0,209.877,0,60.7019,-270.579
"MtrElec",6,12,11,"",-3.15592,0,0,0,0,0,0,0,0,0,0,0,0,0,0,0,0,0,0,0,0,178.723,0,157.698,-339.577
"MtrElec",6,12,12,"",-9.71389,0,0,0,0,0,0,0,0,0,0,0,0,0,0,0,0,0,0,0,0,196.249,0,157.698,-363.661
"MtrElec",6,12,13,"",-21.1891,0,0,0,0,0,0,0,0,0,0,0,0,0,0,0,0,0,0,0,0,224.241,0,157.698,-403.128
"MtrElec",6,12,14,"",-197.072,0,0,0,0,0,0,0,0,0,0,0,0,0,0,0,0,0,0,0,0,180.773,0,54.5893,-432.434
"MtrElec",6,12,15,"",-258.466,0,0,0,0,0,0,0,0,0,0,0,0,0,0,0,0,0,0,0,0,158.063,0,0,-416.529
"MtrElec",6,12,16,"",-150.581,0,0,0,0,0,0,0,0,0,0,0,0,0,0,0,0,0,0,0,0,199.122,0,0,-349.703
"MtrElec",6,12,17,"",-40.0648,0,0,0,0,0,0,0,0,0,0,0,0,0,0,0,0,0,0,0,0,225.816,0,0,-265.88
"MtrElec",6,12,18,"",106.062,0,0,0,0,0,0,0,0,0,0,0,0,0,0,0,0,0,0,0,0,275.373,0,0,-169.311
"MtrElec",6,12,19,"",108.067,0,0,0,0,0,0,0,0,0,0,0,0,0,0,0,0,0,0,0,0,324.199,0,-157.698,-58.434
"MtrElec",6,12,20,"",120.089,0,0,0,0,0,0,0,0,0,0,0,0,0,0,0,0,0,0,0,0,287.589,0,-157.698,-9.80211
"MtrElec",6,12,21,"",126.02,0,0,0,0,0,0,0,0,0,0,0,0,0,0,0,0,0,0,0,0,283.718,0,-157.698,0
"MtrElec",6,12,22,"",107.539,0,0,0,0,0,0,0,0,0,0,0,0,0,0,0,0,0,0,0,0,165.462,0,-57.9236,0
"MtrElec",6,12,23,"",236.67,0,0,0,0,0,0,0,0,0,0,0,0,0,0,0,0,0,0,0,0,236.67,0,0,0
"MtrElec",6,12,24,"",145.031,0,0,0,0,0,0,0,0,0,0,0,0,0,0,0,0,0,0,0,0,145.031,0,0,0
"MtrElec",6,13,1,"",129.157,0,0,0,0,0,0,0,0,0,0,0,0,0,0,0,0,0,0,0,0,129.157,0,0,0
"MtrElec",6,13,2,"",115.98,0,0,0,0,0,0,0,0,0,0,0,0,0,0,0,0,0,0,0,0,115.98,0,0,0
"MtrElec",6,13,3,"",86.7349,0,0,0,0,0,0,0,0,0,0,0,0,0,0,0,0,0,0,0,0,86.7349,0,0,0
"MtrElec",6,13,4,"",103.382,0,0,0,0,0,0,0,0,0,0,0,0,0,0,0,0,0,0,0,0,103.382,0,0,0
"MtrElec",6,13,5,"",123.668,0,0,0,0,0,0,0,0,0,0,0,0,0,0,0,0,0,0,0,0,123.668,0,0,0
"MtrElec",6,13,6,"",83.2057,0,0,0,0,0,0,0,0,0,0,0,0,0,0,0,0,0,0,0,0,83.2057,0,0,0
"MtrElec",6,13,7,"",106.29,0,0,0,0,0,0,0,0,0,0,0,0,0,0,0,0,0,0,0,0,141.35,0,0,-35.0601
"MtrElec",6,13,8,"",49.8827,0,0,0,0,0,0,0,0,0,0,0,0,0,0,0,0,0,0,0,0,151.366,0,0,-101.483
"MtrElec",6,13,9,"",91.0408,0,0,0,0,0,0,0,0,0,0,0,0,0,0,0,0,0,0,0,0,192.343,0,0,-101.302
"MtrElec",6,13,10,"",0.0000001,0,0,0,0,0,0,0,0,0,0,0,0,0,0,0,0,0,0,0,0,277.214,0,1.79947,-279.014
"MtrElec",6,13,11,"",0,0,0,0,0,0,0,0,0,0,0,0,0,0,0,0,0,0,0,0,0,235.455,0,145.77,-381.225
"MtrElec",6,13,12,"",0,0,0,0,0,0,0,0,0,0,0,0,0,0,0,0,0,0,0,0,0,278.838,0,156.727,-435.565
"MtrElec",6,13,13,"",-15.1494,0,0,0,0,0,0,0,0,0,0,0,0,0,0,0,0,0,0,0,0,285.675,0,157.698,-458.522
"MtrElec",6,13,14,"",-106.145,0,0,0,0,0,0,0,0,0,0,0,0,0,0,0,0,0,0,0,0,218.684,0,126.391,-451.219
"MtrElec",6,13,15,"",-146.601,0,0,0,0,0,0,0,0,0,0,0,0,0,0,0,0,0,0,0,0,272.722,0,0,-419.324
"MtrElec",6,13,16,"",-100.296,0,0,0,0,0,0,0,0,0,0,0,0,0,0,0,0,0,0,0,0,263.45,0,0,-363.745
"MtrElec",6,13,17,"",-16.3484,0,0,0,0,0,0,0,0,0,0,0,0,0,0,0,0,0,0,0,0,263.912,0,0,-280.26
"MtrElec",6,13,18,"",143.479,0,0,0,0,0,0,0,0,0,0,0,0,0,0,0,0,0,0,0,0,316.243,0,0,-172.764
"MtrElec",6,13,19,"",148.693,0,0,0,0,0,0,0,0,0,0,0,0,0,0,0,0,0,0,0,0,366.437,0,-157.698,-60.0459
"MtrElec",6,13,20,"",155.702,0,0,0,0,0,0,0,0,0,0,0,0,0,0,0,0,0,0,0,0,323.519,0,-157.698,-10.1197
"MtrElec",6,13,21,"",106.242,0,0,0,0,0,0,0,0,0,0,0,0,0,0,0,0,0,0,0,0,263.94,0,-157.698,0
"MtrElec",6,13,22,"",172.331,0,0,0,0,0,0,0,0,0,0,0,0,0,0,0,0,0,0,0,0,230.255,0,-57.9236,0
"MtrElec",6,13,23,"",204.659,0,0,0,0,0,0,0,0,0,0,0,0,0,0,0,0,0,0,0,0,204.659,0,0,0
"MtrElec",6,13,24,"",138.264,0,0,0,0,0,0,0,0,0,0,0,0,0,0,0,0,0,0,0,0,138.264,0,0,0
"MtrElec",6,14,1,"",99.8143,0,0,0,0,0,0,0,0,0,0,0,0,0,0,0,0,0,0,0,0,99.8143,0,0,0
"MtrElec",6,14,2,"",97.5009,0,0,0,0,0,0,0,0,0,0,0,0,0,0,0,0,0,0,0,0,97.5009,0,0,0
"MtrElec",6,14,3,"",131.324,0,0,0,0,0,0,0,0,0,0,0,0,0,0,0,0,0,0,0,0,131.324,0,0,0
"MtrElec",6,14,4,"",91.3484,0,0,0,0,0,0,0,0,0,0,0,0,0,0,0,0,0,0,0,0,91.3484,0,0,0
"MtrElec",6,14,5,"",116.065,0,0,0,0,0,0,0,0,0,0,0,0,0,0,0,0,0,0,0,0,116.065,0,0,0
"MtrElec",6,14,6,"",97.9325,0,0,0,0,0,0,0,0,0,0,0,0,0,0,0,0,0,0,0,0,97.9325,0,0,0
"MtrElec",6,14,7,"",62.7244,0,0,0,0,0,0,0,0,0,0,0,0,0,0,0,0,0,0,0,0,92.6464,0,0,-29.922
"MtrElec",6,14,8,"",126.482,0,0,0,0,0,0,0,0,0,0,0,0,0,0,0,0,0,0,0,0,177.973,0,0,-51.4914
"MtrElec",6,14,9,"",110.009,0,0,0,0,0,0,0,0,0,0,0,0,0,0,0,0,0,0,0,0,218.256,0,0,-108.246
"MtrElec",6,14,10,"",0.0000039,0,0,0,0,0,0,0,0,0,0,0,0,0,0,0,0,0,0,0,0,231.32,0,59.6685,-290.988
"MtrElec",6,14,11,"",0.0000078,0,0,0,0,0,0,0,0,0,0,0,0,0,0,0,0,0,0,0,0,275.627,0,111.29,-386.917
"MtrElec",6,14,12,"",-45.2569,0,0,0,0,0,0,0,0,0,0,0,0,0,0,0,0,0,0,0,0,230.542,0,157.698,-433.497
"MtrElec",6,14,13,"",-51.1069,0,0,0,0,0,0,0,0,0,0,0,0,0,0,0,0,0,0,0,0,243.457,0,157.698,-452.262
"MtrElec",6,14,14,"",-135.211,0,0,0,0,0,0,0,0,0,0,0,0,0,0,0,0,0,0,0,0,210.682,0,102.03,-447.924
"MtrElec",6,14,15,"",-199.51,0,0,0,0,0,0,0,0,0,0,0,0,0,0,0,0,0,0,0,0,217.247,0,0,-416.757
"MtrElec",6,14,16,"",-172.048,0,0,0,0,0,0,0,0,0,0,0,0,0,0,0,0,0,0,0,0,188.359,0,0,-360.407
"MtrElec",6,14,17,"",-58.568,0,0,0,0,0,0,0,0,0,0,0,0,0,0,0,0,0,0,0,0,221.378,0,0,-279.946
"MtrElec",6,14,18,"",116.528,0,0,0,0,0,0,0,0,0,0,0,0,0,0,0,0,0,0,0,0,290.532,0,0,-174.004
"MtrElec",6,14,19,"",111.813,0,0,0,0,0,0,0,0,0,0,0,0,0,0,0,0,0,0,0,0,331.332,0,-157.698,-61.8209
"MtrElec",6,14,20,"",100.584,0,0,0,0,0,0,0,0,0,0,0,0,0,0,0,0,0,0,0,0,269.125,0,-157.698,-10.8434
"MtrElec",6,14,21,"",53.461,0,0,0,0,0,0,0,0,0,0,0,0,0,0,0,0,0,0,0,0,211.159,0,-157.698,0
"MtrElec",6,14,22,"",106.781,0,0,0,0,0,0,0,0,0,0,0,0,0,0,0,0,0,0,0,0,164.705,0,-57.9236,0
"MtrElec",6,14,23,"",152.021,0,0,0,0,0,0,0,0,0,0,0,0,0,0,0,0,0,0,0,0,152.021,0,0,0
"MtrElec",6,14,24,"",149.287,0,0,0,0,0,0,0,0,0,0,0,0,0,0,0,0,0,0,0,0,149.287,0,0,0
"MtrElec",6,15,1,"",135.531,0,0,0,0,0,0,0,0,0,0,0,0,0,0,0,0,0,0,0,0,135.531,0,0,0
"MtrElec",6,15,2,"",103.747,0,0,0,0,0,0,0,0,0,0,0,0,0,0,0,0,0,0,0,0,103.747,0,0,0
"MtrElec",6,15,3,"",96.0432,0,0,0,0,0,0,0,0,0,0,0,0,0,0,0,0,0,0,0,0,96.0432,0,0,0
"MtrElec",6,15,4,"",85.311,0,0,0,0,0,0,0,0,0,0,0,0,0,0,0,0,0,0,0,0,85.311,0,0,0
"MtrElec",6,15,5,"",88.9941,0,0,0,0,0,0,0,0,0,0,0,0,0,0,0,0,0,0,0,0,88.9941,0,0,0
"MtrElec",6,15,6,"",116.745,0,0,0,0,0,0,0,0,0,0,0,0,0,0,0,0,0,0,0,0,116.745,0,0,0
"MtrElec",6,15,7,"",112.713,0,0,0,0,0,0,0,0,0,0,0,0,0,0,0,0,0,0,0,0,148.541,0,0,-35.8282
"MtrElec",6,15,8,"",121.969,0,0,0,0,0,0,0,0,0,0,0,0,0,0,0,0,0,0,0,0,221.756,0,0,-99.7869
"MtrElec",6,15,9,"",170.657,0,0,0,0,0,0,0,0,0,0,0,0,0,0,0,0,0,0,0,0,230.109,0,0,-59.4519
"MtrElec",6,15,10,"",71.1423,0,0,0,0,0,0,0,0,0,0,0,0,0,0,0,0,0,0,0,0,216.413,0,0,-145.27
"MtrElec",6,15,11,"",-11.0427,0,0,0,0,0,0,0,0,0,0,0,0,0,0,0,0,0,0,0,0,199.06,0,157.698,-367.8
"MtrElec",6,15,12,"",-101.671,0,0,0,0,0,0,0,0,0,0,0,0,0,0,0,0,0,0,0,0,179.026,0,157.698,-438.395
"MtrElec",6,15,13,"",-54.1536,0,0,0,0,0,0,0,0,0,0,0,0,0,0,0,0,0,0,0,0,244.536,0,157.698,-456.388
"MtrElec",6,15,14,"",-179.549,0,0,0,0,0,0,0,0,0,0,0,0,0,0,0,0,0,0,0,0,153.831,0,115.291,-448.671
"MtrElec",6,15,15,"",-245.959,0,0,0,0,0,0,0,0,0,0,0,0,0,0,0,0,0,0,0,0,176.557,0,0,-422.515
"MtrElec",6,15,16,"",-196.237,0,0,0,0,0,0,0,0,0,0,0,0,0,0,0,0,0,0,0,0,171.619,0,0,-367.856
"MtrElec",6,15,17,"",-43.3028,0,0,0,0,0,0,0,0,0,0,0,0,0,0,0,0,0,0,0,0,239.723,0,0,-283.025
"MtrElec",6,15,18,"",74.792,0,0,0,0,0,0,0,0,0,0,0,0,0,0,0,0,0,0,0,0,249.882,0,0,-175.09
"MtrElec",6,15,19,"",60.709,0,0,0,0,0,0,0,0,0,0,0,0,0,0,0,0,0,0,0,0,280.135,0,-157.698,-61.7281
"MtrElec",6,15,20,"",123.693,0,0,0,0,0,0,0,0,0,0,0,0,0,0,0,0,0,0,0,0,292.245,0,-157.698,-10.8539
"MtrElec",6,15,21,"",137.898,0,0,0,0,0,0,0,0,0,0,0,0,0,0,0,0,0,0,0,0,295.596,0,-157.698,0
"MtrElec",6,15,22,"",173.818,0,0,0,0,0,0,0,0,0,0,0,0,0,0,0,0,0,0,0,0,231.742,0,-57.9236,0
"MtrElec",6,15,23,"",220.378,0,0,0,0,0,0,0,0,0,0,0,0,0,0,0,0,0,0,0,0,220.378,0,0,0
"MtrElec",6,15,24,"",150.085,0,0,0,0,0,0,0,0,0,0,0,0,0,0,0,0,0,0,0,0,150.085,0,0,0
"MtrElec",6,16,1,"",123.427,0,0,0,0,0,0,0,0,0,0,0,0,0,0,0,0,0,0,0,0,123.427,0,0,0
"MtrElec",6,16,2,"",97.9274,0,0,0,0,0,0,0,0,0,0,0,0,0,0,0,0,0,0,0,0,97.9274,0,0,0
"MtrElec",6,16,3,"",94.3177,0,0,0,0,0,0,0,0,0,0,0,0,0,0,0,0,0,0,0,0,94.3177,0,0,0
"MtrElec",6,16,4,"",80.2266,0,0,0,0,0,0,0,0,0,0,0,0,0,0,0,0,0,0,0,0,80.2266,0,0,0
"MtrElec",6,16,5,"",93.842,0,0,0,0,0,0,0,0,0,0,0,0,0,0,0,0,0,0,0,0,93.842,0,0,0
"MtrElec",6,16,6,"",133.032,0,0,0,0,0,0,0,0,0,0,0,0,0,0,0,0,0,0,0,0,133.032,0,0,0
"MtrElec",6,16,7,"",115.509,0,0,0,0,0,0,0,0,0,0,0,0,0,0,0,0,0,0,0,0,142.978,0,0,-27.4692
"MtrElec",6,16,8,"",131.736,0,0,0,0,0,0,0,0,0,0,0,0,0,0,0,0,0,0,0,0,187.09,0,0,-55.3542
"MtrElec",6,16,9,"",43.5542,0,0,0,0,0,0,0,0,0,0,0,0,0,0,0,0,0,0,0,0,196.111,0,0,-152.557
"MtrElec",6,16,10,"",0,0,0,0,0,0,0,0,0,0,0,0,0,0,0,0,0,0,0,0,0,234.133,0,69.7907,-303.924
"MtrElec",6,16,11,"",-1.47667,0,0,0,0,0,0,0,0,0,0,0,0,0,0,0,0,0,0,0,0,222.78,0,157.698,-381.955
"MtrElec",6,16,12,"",-81.8947,0,0,0,0,0,0,0,0,0,0,0,0,0,0,0,0,0,0,0,0,184.467,0,157.698,-424.059
"MtrElec",6,16,13,"",-41.0999,0,0,0,0,0,0,0,0,0,0,0,0,0,0,0,0,0,0,0,0,232.898,0,157.698,-431.696
"MtrElec",6,16,14,"",-261.73,0,0,0,0,0,0,0,0,0,0,0,0,0,0,0,0,0,0,0,0,131.672,0,45.5005,-438.902
"MtrElec",6,16,15,"",-222.178,0,0,0,0,0,0,0,0,0,0,0,0,0,0,0,0,0,0,0,0,196.023,0,0,-418.201
"MtrElec",6,16,16,"",-158.194,0,0,0,0,0,0,0,0,0,0,0,0,0,0,0,0,0,0,0,0,205.731,0,0,-363.925
"MtrElec",6,16,17,"",-59.0504,0,0,0,0,0,0,0,0,0,0,0,0,0,0,0,0,0,0,0,0,220.97,0,0,-280.02
"MtrElec",6,16,18,"",95.4973,0,0,0,0,0,0,0,0,0,0,0,0,0,0,0,0,0,0,0,0,267.893,0,0,-172.396
"MtrElec",6,16,19,"",100.9,0,0,0,0,0,0,0,0,0,0,0,0,0,0,0,0,0,0,0,0,319.244,0,-157.698,-60.6462
"MtrElec",6,16,20,"",128.07,0,0,0,0,0,0,0,0,0,0,0,0,0,0,0,0,0,0,0,0,295.852,0,-157.698,-10.0838
"MtrElec",6,16,21,"",123.118,0,0,0,0,0,0,0,0,0,0,0,0,0,0,0,0,0,0,0,0,280.816,0,-157.698,0
"MtrElec",6,16,22,"",160.768,0,0,0,0,0,0,0,0,0,0,0,0,0,0,0,0,0,0,0,0,218.692,0,-57.9236,0
"MtrElec",6,16,23,"",188.033,0,0,0,0,0,0,0,0,0,0,0,0,0,0,0,0,0,0,0,0,188.033,0,0,0
"MtrElec",6,16,24,"",140.453,0,0,0,0,0,0,0,0,0,0,0,0,0,0,0,0,0,0,0,0,140.453,0,0,0
"MtrElec",6,17,1,"",100.399,0,0,0,0,0,0,0,0,0,0,0,0,0,0,0,0,0,0,0,0,100.399,0,0,0
"MtrElec",6,17,2,"",106.174,0,0,0,0,0,0,0,0,0,0,0,0,0,0,0,0,0,0,0,0,106.174,0,0,0
"MtrElec",6,17,3,"",130.077,0,0,0,0,0,0,0,0,0,0,0,0,0,0,0,0,0,0,0,0,130.077,0,0,0
"MtrElec",6,17,4,"",95.1127,0,0,0,0,0,0,0,0,0,0,0,0,0,0,0,0,0,0,0,0,95.1127,0,0,0
"MtrElec",6,17,5,"",95.2594,0,0,0,0,0,0,0,0,0,0,0,0,0,0,0,0,0,0,0,0,95.2594,0,0,0
"MtrElec",6,17,6,"",99.036,0,0,0,0,0,0,0,0,0,0,0,0,0,0,0,0,0,0,0,0,99.036,0,0,0
"MtrElec",6,17,7,"",129.638,0,0,0,0,0,0,0,0,0,0,0,0,0,0,0,0,0,0,0,0,150.748,0,0,-21.11
"MtrElec",6,17,8,"",156.512,0,0,0,0,0,0,0,0,0,0,0,0,0,0,0,0,0,0,0,0,243.578,0,0,-87.0656
"MtrElec",6,17,9,"",34.8652,0,0,0,0,0,0,0,0,0,0,0,0,0,0,0,0,0,0,0,0,236.38,0,0,-201.515
"MtrElec",6,17,10,"",0,0,0,0,0,0,0,0,0,0,0,0,0,0,0,0,0,0,0,0,0,254.563,0,42.137,-296.7
"MtrElec",6,17,11,"",0,0,0,0,0,0,0,0,0,0,0,0,0,0,0,0,0,0,0,0,0,237.721,0,137.412,-375.132
"MtrElec",6,17,12,"",-28.2706,0,0,0,0,0,0,0,0,0,0,0,0,0,0,0,0,0,0,0,0,241.395,0,157.698,-427.364
"MtrElec",6,17,13,"",0,0,0,0,0,0,0,0,0,0,0,0,0,0,0,0,0,0,0,0,0,340.183,0,106.512,-446.695
"MtrElec",6,17,14,"",-138.898,0,0,0,0,0,0,0,0,0,0,0,0,0,0,0,0,0,0,0,0,163.886,0,144.627,-447.411
"MtrElec",6,17,15,"",-191.302,0,0,0,0,0,0,0,0,0,0,0,0,0,0,0,0,0,0,0,0,228.259,0,0,-419.56
"MtrElec",6,17,16,"",-111.124,0,0,0,0,0,0,0,0,0,0,0,0,0,0,0,0,0,0,0,0,250.664,0,0,-361.788
"MtrElec",6,17,17,"",-14.0355,0,0,0,0,0,0,0,0,0,0,0,0,0,0,0,0,0,0,0,0,265.546,0,0,-279.582
"MtrElec",6,17,18,"",111.116,0,0,0,0,0,0,0,0,0,0,0,0,0,0,0,0,0,0,0,0,283.821,0,0,-172.706
"MtrElec",6,17,19,"",110.628,0,0,0,0,0,0,0,0,0,0,0,0,0,0,0,0,0,0,0,0,329.186,0,-157.698,-60.8599
"MtrElec",6,17,20,"",151.78,0,0,0,0,0,0,0,0,0,0,0,0,0,0,0,0,0,0,0,0,319.508,0,-157.698,-10.0303
"MtrElec",6,17,21,"",102.345,0,0,0,0,0,0,0,0,0,0,0,0,0,0,0,0,0,0,0,0,260.043,0,-157.698,0
"MtrElec",6,17,22,"",183.071,0,0,0,0,0,0,0,0,0,0,0,0,0,0,0,0,0,0,0,0,240.995,0,-57.9236,0
"MtrElec",6,17,23,"",234.717,0,0,0,0,0,0,0,0,0,0,0,0,0,0,0,0,0,0,0,0,234.717,0,0,0
"MtrElec",6,17,24,"",159.174,0,0,0,0,0,0,0,0,0,0,0,0,0,0,0,0,0,0,0,0,159.174,0,0,0
"MtrElec",6,18,1,"",126.687,0,0,0,0,0,0,0,0,0,0,0,0,0,0,0,0,0,0,0,0,126.687,0,0,0
"MtrElec",6,18,2,"",135.886,0,0,0,0,0,0,0,0,0,0,0,0,0,0,0,0,0,0,0,0,135.886,0,0,0
"MtrElec",6,18,3,"",88.6941,0,0,0,0,0,0,0,0,0,0,0,0,0,0,0,0,0,0,0,0,88.6941,0,0,0
"MtrElec",6,18,4,"",91.7221,0,0,0,0,0,0,0,0,0,0,0,0,0,0,0,0,0,0,0,0,91.7221,0,0,0
"MtrElec",6,18,5,"",93.1074,0,0,0,0,0,0,0,0,0,0,0,0,0,0,0,0,0,0,0,0,93.1074,0,0,0
"MtrElec",6,18,6,"",93.1135,0,0,0,0,0,0,0,0,0,0,0,0,0,0,0,0,0,0,0,0,93.1135,0,0,0
"MtrElec",6,18,7,"",150.766,0,0,0,0,0,0,0,0,0,0,0,0,0,0,0,0,0,0,0,0,170.141,0,0,-19.3748
"MtrElec",6,18,8,"",131.747,0,0,0,0,0,0,0,0,0,0,0,0,0,0,0,0,0,0,0,0,217.56,0,0,-85.8127
"MtrElec",6,18,9,"",20.9982,0,0,0,0,0,0,0,0,0,0,0,0,0,0,0,0,0,0,0,0,223.604,0,0,-202.605
"MtrElec",6,18,10,"",0.0000039,0,0,0,0,0,0,0,0,0,0,0,0,0,0,0,0,0,0,0,0,240.676,0,62.4579,-303.134
"MtrElec",6,18,11,"",0,0,0,0,0,0,0,0,0,0,0,0,0,0,0,0,0,0,0,0,0,251.451,0,129.036,-380.487
"MtrElec",6,18,12,"",-41.8641,0,0,0,0,0,0,0,0,0,0,0,0,0,0,0,0,0,0,0,0,232.481,0,157.698,-432.043
"MtrElec",6,18,13,"",-47.8751,0,0,0,0,0,0,0,0,0,0,0,0,0,0,0,0,0,0,0,0,249.772,0,157.698,-455.345
"MtrElec",6,18,14,"",-164.804,0,0,0,0,0,0,0,0,0,0,0,0,0,0,0,0,0,0,0,0,204.881,0,81.4952,-451.18
"MtrElec",6,18,15,"",-211.83,0,0,0,0,0,0,0,0,0,0,0,0,0,0,0,0,0,0,0,0,209.979,0,0,-421.809
"MtrElec",6,18,16,"",-171.808,0,0,0,0,0,0,0,0,0,0,0,0,0,0,0,0,0,0,0,0,195.871,0,0,-367.679
"MtrElec",6,18,17,"",-20.3903,0,0,0,0,0,0,0,0,0,0,0,0,0,0,0,0,0,0,0,0,260.468,0,0,-280.858
"MtrElec",6,18,18,"",111.584,0,0,0,0,0,0,0,0,0,0,0,0,0,0,0,0,0,0,0,0,283.714,0,0,-172.129
"MtrElec",6,18,19,"",88.5563,0,0,0,0,0,0,0,0,0,0,0,0,0,0,0,0,0,0,0,0,307.67,0,-157.698,-61.4157
"MtrElec",6,18,20,"",142.741,0,0,0,0,0,0,0,0,0,0,0,0,0,0,0,0,0,0,0,0,311.538,0,-157.698,-11.0994
"MtrElec",6,18,21,"",132.879,0,0,0,0,0,0,0,0,0,0,0,0,0,0,0,0,0,0,0,0,290.577,0,-157.698,0
"MtrElec",6,18,22,"",145.038,0,0,0,0,0,0,0,0,0,0,0,0,0,0,0,0,0,0,0,0,202.962,0,-57.9236,0
"MtrElec",6,18,23,"",227.136,0,0,0,0,0,0,0,0,0,0,0,0,0,0,0,0,0,0,0,0,227.136,0,0,0
"MtrElec",6,18,24,"",125.199,0,0,0,0,0,0,0,0,0,0,0,0,0,0,0,0,0,0,0,0,125.199,0,0,0
"MtrElec",6,19,1,"",143.116,0,0,0,0,0,0,0,0,0,0,0,0,0,0,0,0,0,0,0,0,143.116,0,0,0
"MtrElec",6,19,2,"",103.669,0,0,0,0,0,0,0,0,0,0,0,0,0,0,0,0,0,0,0,0,103.669,0,0,0
"MtrElec",6,19,3,"",87.6384,0,0,0,0,0,0,0,0,0,0,0,0,0,0,0,0,0,0,0,0,87.6384,0,0,0
"MtrElec",6,19,4,"",106.024,0,0,0,0,0,0,0,0,0,0,0,0,0,0,0,0,0,0,0,0,106.024,0,0,0
"MtrElec",6,19,5,"",98.0953,0,0,0,0,0,0,0,0,0,0,0,0,0,0,0,0,0,0,0,0,98.0953,0,0,0
"MtrElec",6,19,6,"",114.416,0,0,0,0,0,0,0,0,0,0,0,0,0,0,0,0,0,0,0,0,114.416,0,0,0
"MtrElec",6,19,7,"",119.791,0,0,0,0,0,0,0,0,0,0,0,0,0,0,0,0,0,0,0,0,140.936,0,0,-21.1444
"MtrElec",6,19,8,"",104.761,0,0,0,0,0,0,0,0,0,0,0,0,0,0,0,0,0,0,0,0,191.825,0,0,-87.0644
"MtrElec",6,19,9,"",24.8763,0,0,0,0,0,0,0,0,0,0,0,0,0,0,0,0,0,0,0,0,230.789,0,0,-205.913
"MtrElec",6,19,10,"",0,0,0,0,0,0,0,0,0,0,0,0,0,0,0,0,0,0,0,0,0,259.735,0,45.8104,-305.545
"MtrElec",6,19,11,"",0,0,0,0,0,0,0,0,0,0,0,0,0,0,0,0,0,0,0,0,0,269.002,0,112.158,-381.16
"MtrElec",6,19,12,"",-61.5204,0,0,0,0,0,0,0,0,0,0,0,0,0,0,0,0,0,0,0,0,216.284,0,157.698,-435.503
"MtrElec",6,19,13,"",-58.0643,0,0,0,0,0,0,0,0,0,0,0,0,0,0,0,0,0,0,0,0,245.137,0,157.698,-460.9
"MtrElec",6,19,14,"",-173.62,0,0,0,0,0,0,0,0,0,0,0,0,0,0,0,0,0,0,0,0,169.974,0,115.021,-458.615
"MtrElec",6,19,15,"",-252.01,0,0,0,0,0,0,0,0,0,0,0,0,0,0,0,0,0,0,0,0,177.368,0,0,-429.378
"MtrElec",6,19,16,"",-144.105,0,0,0,0,0,0,0,0,0,0,0,0,0,0,0,0,0,0,0,0,226.95,0,0,-371.054
"MtrElec",6,19,17,"",-13.377,0,0,0,0,0,0,0,0,0,0,0,0,0,0,0,0,0,0,0,0,270.672,0,0,-284.049
"MtrElec",6,19,18,"",100.021,0,0,0,0,0,0,0,0,0,0,0,0,0,0,0,0,0,0,0,0,275.525,0,0,-175.504
"MtrElec",6,19,19,"",68.3025,0,0,0,0,0,0,0,0,0,0,0,0,0,0,0,0,0,0,0,0,288.311,0,-157.698,-62.3107
"MtrElec",6,19,20,"",109.362,0,0,0,0,0,0,0,0,0,0,0,0,0,0,0,0,0,0,0,0,278.198,0,-157.698,-11.1383
"MtrElec",6,19,21,"",144.11,0,0,0,0,0,0,0,0,0,0,0,0,0,0,0,0,0,0,0,0,301.808,0,-157.698,0
"MtrElec",6,19,22,"",178.842,0,0,0,0,0,0,0,0,0,0,0,0,0,0,0,0,0,0,0,0,236.766,0,-57.9236,0
"MtrElec",6,19,23,"",225.257,0,0,0,0,0,0,0,0,0,0,0,0,0,0,0,0,0,0,0,0,225.257,0,0,0
"MtrElec",6,19,24,"",201.691,0,0,0,0,0,0,0,0,0,0,0,0,0,0,0,0,0,0,0,0,201.691,0,0,0
"MtrElec",6,20,1,"",110.508,0,0,0,0,0,0,0,0,0,0,0,0,0,0,0,0,0,0,0,0,110.508,0,0,0
"MtrElec",6,20,2,"",100.113,0,0,0,0,0,0,0,0,0,0,0,0,0,0,0,0,0,0,0,0,100.113,0,0,0
"MtrElec",6,20,3,"",85.947,0,0,0,0,0,0,0,0,0,0,0,0,0,0,0,0,0,0,0,0,85.947,0,0,0
"MtrElec",6,20,4,"",100.262,0,0,0,0,0,0,0,0,0,0,0,0,0,0,0,0,0,0,0,0,100.262,0,0,0
"MtrElec",6,20,5,"",108.248,0,0,0,0,0,0,0,0,0,0,0,0,0,0,0,0,0,0,0,0,108.248,0,0,0
"MtrElec",6,20,6,"",116.168,0,0,0,0,0,0,0,0,0,0,0,0,0,0,0,0,0,0,0,0,116.168,0,0,0
"MtrElec",6,20,7,"",84.9979,0,0,0,0,0,0,0,0,0,0,0,0,0,0,0,0,0,0,0,0,104.422,0,0,-19.4241
"MtrElec",6,20,8,"",61.4356,0,0,0,0,0,0,0,0,0,0,0,0,0,0,0,0,0,0,0,0,146.739,0,0,-85.3032
"MtrElec",6,20,9,"",0,0,0,0,0,0,0,0,0,0,0,0,0,0,0,0,0,0,0,0,0,173.574,0,26.3248,-199.898
"MtrElec",6,20,10,"",0.0000078,0,0,0,0,0,0,0,0,0,0,0,0,0,0,0,0,0,0,0,0,230.462,0,67.1478,-297.61
"MtrElec",6,20,11,"",0,0,0,0,0,0,0,0,0,0,0,0,0,0,0,0,0,0,0,0,0,252.99,0,121.558,-374.548
"MtrElec",6,20,12,"",-14.0224,0,0,0,0,0,0,0,0,0,0,0,0,0,0,0,0,0,0,0,0,249.977,0,157.698,-421.698
"MtrElec",6,20,13,"",-23.3407,0,0,0,0,0,0,0,0,0,0,0,0,0,0,0,0,0,0,0,0,265.805,0,157.698,-446.843
"MtrElec",6,20,14,"",-164.391,0,0,0,0,0,0,0,0,0,0,0,0,0,0,0,0,0,0,0,0,230.813,0,57.9583,-453.162
"MtrElec",6,20,15,"",-168.782,0,0,0,0,0,0,0,0,0,0,0,0,0,0,0,0,0,0,0,0,254.7,0,0,-423.483
"MtrElec",6,20,16,"",-124.206,0,0,0,0,0,0,0,0,0,0,0,0,0,0,0,0,0,0,0,0,242.714,0,0,-366.919
"MtrElec",6,20,17,"",-40.1646,0,0,0,0,0,0,0,0,0,0,0,0,0,0,0,0,0,0,0,0,242.949,0,0,-283.114
"MtrElec",6,20,18,"",137.639,0,0,0,0,0,0,0,0,0,0,0,0,0,0,0,0,0,0,0,0,313.041,0,0,-175.402
"MtrElec",6,20,19,"",153.904,0,0,0,0,0,0,0,0,0,0,0,0,0,0,0,0,0,0,0,0,374.199,0,-157.698,-62.5971
"MtrElec",6,20,20,"",164.802,0,0,0,0,0,0,0,0,0,0,0,0,0,0,0,0,0,0,0,0,332.98,0,-157.698,-10.4807
"MtrElec",6,20,21,"",125.193,0,0,0,0,0,0,0,0,0,0,0,0,0,0,0,0,0,0,0,0,282.891,0,-157.698,0
"MtrElec",6,20,22,"",214.691,0,0,0,0,0,0,0,0,0,0,0,0,0,0,0,0,0,0,0,0,272.615,0,-57.9236,0
"MtrElec",6,20,23,"",199.943,0,0,0,0,0,0,0,0,0,0,0,0,0,0,0,0,0,0,0,0,199.943,0,0,0
"MtrElec",6,20,24,"",167.451,0,0,0,0,0,0,0,0,0,0,0,0,0,0,0,0,0,0,0,0,167.451,0,0,0
"MtrElec",6,21,1,"",126.735,0,0,0,0,0,0,0,0,0,0,0,0,0,0,0,0,0,0,0,0,126.735,0,0,0
"MtrElec",6,21,2,"",103.418,0,0,0,0,0,0,0,0,0,0,0,0,0,0,0,0,0,0,0,0,103.418,0,0,0
"MtrElec",6,21,3,"",94.6749,0,0,0,0,0,0,0,0,0,0,0,0,0,0,0,0,0,0,0,0,94.6749,0,0,0
"MtrElec",6,21,4,"",135.781,0,0,0,0,0,0,0,0,0,0,0,0,0,0,0,0,0,0,0,0,135.781,0,0,0
"MtrElec",6,21,5,"",124.238,0,0,0,0,0,0,0,0,0,0,0,0,0,0,0,0,0,0,0,0,124.238,0,0,0
"MtrElec",6,21,6,"",87.3866,0,0,0,0,0,0,0,0,0,0,0,0,0,0,0,0,0,0,0,0,87.3866,0,0,0
"MtrElec",6,21,7,"",85.8827,0,0,0,0,0,0,0,0,0,0,0,0,0,0,0,0,0,0,0,0,103.638,0,0,-17.7553
"MtrElec",6,21,8,"",98.3807,0,0,0,0,0,0,0,0,0,0,0,0,0,0,0,0,0,0,0,0,177.227,0,0,-78.8462
"MtrElec",6,21,9,"",16.0081,0,0,0,0,0,0,0,0,0,0,0,0,0,0,0,0,0,0,0,0,210.729,0,0,-194.721
"MtrElec",6,21,10,"",0,0,0,0,0,0,0,0,0,0,0,0,0,0,0,0,0,0,0,0,0,281.011,0,16.0691,-297.08
"MtrElec",6,21,11,"",0,0,0,0,0,0,0,0,0,0,0,0,0,0,0,0,0,0,0,0,0,258.002,0,115.75,-373.752
"MtrElec",6,21,12,"",0,0,0,0,0,0,0,0,0,0,0,0,0,0,0,0,0,0,0,0,0,278.562,0,148.811,-427.374
"MtrElec",6,21,13,"",-60.5272,0,0,0,0,0,0,0,0,0,0,0,0,0,0,0,0,0,0,0,0,227.714,0,157.698,-445.939
"MtrElec",6,21,14,"",-49.6675,0,0,0,0,0,0,0,0,0,0,0,0,0,0,0,0,0,0,0,0,244.322,0,150.057,-444.047
"MtrElec",6,21,15,"",-173,0,0,0,0,0,0,0,0,0,0,0,0,0,0,0,0,0,0,0,0,245.202,0,0,-418.202
"MtrElec",6,21,16,"",-125.91,0,0,0,0,0,0,0,0,0,0,0,0,0,0,0,0,0,0,0,0,235.066,0,0,-360.976
"MtrElec",6,21,17,"",-27.6129,0,0,0,0,0,0,0,0,0,0,0,0,0,0,0,0,0,0,0,0,249.97,0,0,-277.583
"MtrElec",6,21,18,"",101.82,0,0,0,0,0,0,0,0,0,0,0,0,0,0,0,0,0,0,0,0,275.11,0,0,-173.29
"MtrElec",6,21,19,"",112.448,0,0,0,0,0,0,0,0,0,0,0,0,0,0,0,0,0,0,0,0,330.676,0,-157.698,-60.5298
"MtrElec",6,21,20,"",132.208,0,0,0,0,0,0,0,0,0,0,0,0,0,0,0,0,0,0,0,0,301.028,0,-157.698,-11.1217
"MtrElec",6,21,21,"",54.5187,0,0,0,0,0,0,0,0,0,0,0,0,0,0,0,0,0,0,0,0,212.217,0,-157.698,0
"MtrElec",6,21,22,"",185.489,0,0,0,0,0,0,0,0,0,0,0,0,0,0,0,0,0,0,0,0,243.412,0,-57.9236,0
"MtrElec",6,21,23,"",198.115,0,0,0,0,0,0,0,0,0,0,0,0,0,0,0,0,0,0,0,0,198.115,0,0,0
"MtrElec",6,21,24,"",188.062,0,0,0,0,0,0,0,0,0,0,0,0,0,0,0,0,0,0,0,0,188.062,0,0,0
"MtrElec",6,22,1,"",124.143,0,0,0,0,0,0,0,0,0,0,0,0,0,0,0,0,0,0,0,0,124.143,0,0,0
"MtrElec",6,22,2,"",97.0883,0,0,0,0,0,0,0,0,0,0,0,0,0,0,0,0,0,0,0,0,97.0883,0,0,0
"MtrElec",6,22,3,"",95.3543,0,0,0,0,0,0,0,0,0,0,0,0,0,0,0,0,0,0,0,0,95.3543,0,0,0
"MtrElec",6,22,4,"",126.323,0,0,0,0,0,0,0,0,0,0,0,0,0,0,0,0,0,0,0,0,126.323,0,0,0
"MtrElec",6,22,5,"",82.3053,0,0,0,0,0,0,0,0,0,0,0,0,0,0,0,0,0,0,0,0,82.3053,0,0,0
"MtrElec",6,22,6,"",97.8186,0,0,0,0,0,0,0,0,0,0,0,0,0,0,0,0,0,0,0,0,97.8186,0,0,0
"MtrElec",6,22,7,"",143.599,0,0,0,0,0,0,0,0,0,0,0,0,0,0,0,0,0,0,0,0,164.118,0,0,-20.5195
"MtrElec",6,22,8,"",98.8316,0,0,0,0,0,0,0,0,0,0,0,0,0,0,0,0,0,0,0,0,182.365,0,0,-83.533
"MtrElec",6,22,9,"",4.55448,0,0,0,0,0,0,0,0,0,0,0,0,0,0,0,0,0,0,0,0,201.944,0,0,-197.39
"MtrElec",6,22,10,"",0,0,0,0,0,0,0,0,0,0,0,0,0,0,0,0,0,0,0,0,0,228.34,0,67.5237,-295.864
"MtrElec",6,22,11,"",0,0,0,0,0,0,0,0,0,0,0,0,0,0,0,0,0,0,0,0,0,245.587,0,126.39,-371.977
"MtrElec",6,22,12,"",-50.6908,0,0,0,0,0,0,0,0,0,0,0,0,0,0,0,0,0,0,0,0,220.528,0,157.698,-428.917
"MtrElec",6,22,13,"",-92.0564,0,0,0,0,0,0,0,0,0,0,0,0,0,0,0,0,0,0,0,0,200.742,0,157.698,-450.496
"MtrElec",6,22,14,"",-196.852,0,0,0,0,0,0,0,0,0,0,0,0,0,0,0,0,0,0,0,0,171.995,0,79.075,-447.922
"MtrElec",6,22,15,"",-223.49,0,0,0,0,0,0,0,0,0,0,0,0,0,0,0,0,0,0,0,0,194.878,0,0,-418.369
"MtrElec",6,22,16,"",-144.078,0,0,0,0,0,0,0,0,0,0,0,0,0,0,0,0,0,0,0,0,215.072,0,0,-359.15
"MtrElec",6,22,17,"",-39.5535,0,0,0,0,0,0,0,0,0,0,0,0,0,0,0,0,0,0,0,0,237.238,0,0,-276.791
"MtrElec",6,22,18,"",108.359,0,0,0,0,0,0,0,0,0,0,0,0,0,0,0,0,0,0,0,0,280.737,0,0,-172.378
"MtrElec",6,22,19,"",83.8439,0,0,0,0,0,0,0,0,0,0,0,0,0,0,0,0,0,0,0,0,303.518,0,-157.698,-61.9762
"MtrElec",6,22,20,"",137.707,0,0,0,0,0,0,0,0,0,0,0,0,0,0,0,0,0,0,0,0,305.873,0,-157.698,-10.4685
"MtrElec",6,22,21,"",140.492,0,0,0,0,0,0,0,0,0,0,0,0,0,0,0,0,0,0,0,0,298.19,0,-157.698,0
"MtrElec",6,22,22,"",164.264,0,0,0,0,0,0,0,0,0,0,0,0,0,0,0,0,0,0,0,0,222.187,0,-57.9236,0
"MtrElec",6,22,23,"",255.913,0,0,0,0,0,0,0,0,0,0,0,0,0,0,0,0,0,0,0,0,255.913,0,0,0
"MtrElec",6,22,24,"",212.713,0,0,0,0,0,0,0,0,0,0,0,0,0,0,0,0,0,0,0,0,212.713,0,0,0
"MtrElec",6,23,1,"",123.241,0,0,0,0,0,0,0,0,0,0,0,0,0,0,0,0,0,0,0,0,123.241,0,0,0
"MtrElec",6,23,2,"",103.554,0,0,0,0,0,0,0,0,0,0,0,0,0,0,0,0,0,0,0,0,103.554,0,0,0
"MtrElec",6,23,3,"",91.171,0,0,0,0,0,0,0,0,0,0,0,0,0,0,0,0,0,0,0,0,91.171,0,0,0
"MtrElec",6,23,4,"",99.3489,0,0,0,0,0,0,0,0,0,0,0,0,0,0,0,0,0,0,0,0,99.3489,0,0,0
"MtrElec",6,23,5,"",98.3304,0,0,0,0,0,0,0,0,0,0,0,0,0,0,0,0,0,0,0,0,98.3304,0,0,0
"MtrElec",6,23,6,"",126.958,0,0,0,0,0,0,0,0,0,0,0,0,0,0,0,0,0,0,0,0,126.958,0,0,0
"MtrElec",6,23,7,"",139.208,0,0,0,0,0,0,0,0,0,0,0,0,0,0,0,0,0,0,0,0,172.943,0,0,-33.7349
"MtrElec",6,23,8,"",125.905,0,0,0,0,0,0,0,0,0,0,0,0,0,0,0,0,0,0,0,0,221.831,0,0,-95.9264
"MtrElec",6,23,9,"",192.212,0,0,0,0,0,0,0,0,0,0,0,0,0,0,0,0,0,0,0,0,258.677,0,0,-66.4651
"MtrElec",6,23,10,"",86.1279,0,0,0,0,0,0,0,0,0,0,0,0,0,0,0,0,0,0,0,0,224.148,0,0,-138.02
"MtrElec",6,23,11,"",0.0000156,0,0,0,0,0,0,0,0,0,0,0,0,0,0,0,0,0,0,0,0,196.706,0,149.003,-345.709
"MtrElec",6,23,12,"",-75.4928,0,0,0,0,0,0,0,0,0,0,0,0,0,0,0,0,0,0,0,0,180.786,0,157.698,-413.977
"MtrElec",6,23,13,"",-4.23184,0,0,0,0,0,0,0,0,0,0,0,0,0,0,0,0,0,0,0,0,231.977,0,157.698,-393.906
"MtrElec",6,23,14,"",-94.7854,0,0,0,0,0,0,0,0,0,0,0,0,0,0,0,0,0,0,0,0,189.511,0,123.986,-408.282
"MtrElec",6,23,15,"",-237.529,0,0,0,0,0,0,0,0,0,0,0,0,0,0,0,0,0,0,0,0,175.514,0,0,-413.043
"MtrElec",6,23,16,"",-118.316,0,0,0,0,0,0,0,0,0,0,0,0,0,0,0,0,0,0,0,0,200.448,0,0,-318.764
"MtrElec",6,23,17,"",-3.44516,0,0,0,0,0,0,0,0,0,0,0,0,0,0,0,0,0,0,0,0,218.661,0,0,-222.106
"MtrElec",6,23,18,"",109.793,0,0,0,0,0,0,0,0,0,0,0,0,0,0,0,0,0,0,0,0,250.719,0,0,-140.926
"MtrElec",6,23,19,"",88.0543,0,0,0,0,0,0,0,0,0,0,0,0,0,0,0,0,0,0,0,0,300.995,0,-157.698,-55.2432
"MtrElec",6,23,20,"",114.734,0,0,0,0,0,0,0,0,0,0,0,0,0,0,0,0,0,0,0,0,283.438,0,-157.698,-11.006
"MtrElec",6,23,21,"",84.4804,0,0,0,0,0,0,0,0,0,0,0,0,0,0,0,0,0,0,0,0,242.178,0,-157.698,0
"MtrElec",6,23,22,"",133.574,0,0,0,0,0,0,0,0,0,0,0,0,0,0,0,0,0,0,0,0,191.497,0,-57.9236,0
"MtrElec",6,23,23,"",152.968,0,0,0,0,0,0,0,0,0,0,0,0,0,0,0,0,0,0,0,0,152.968,0,0,0
"MtrElec",6,23,24,"",132.926,0,0,0,0,0,0,0,0,0,0,0,0,0,0,0,0,0,0,0,0,132.926,0,0,0
"MtrElec",6,24,1,"",110.107,0,0,0,0,0,0,0,0,0,0,0,0,0,0,0,0,0,0,0,0,110.107,0,0,0
"MtrElec",6,24,2,"",99.0391,0,0,0,0,0,0,0,0,0,0,0,0,0,0,0,0,0,0,0,0,99.0391,0,0,0
"MtrElec",6,24,3,"",89.1735,0,0,0,0,0,0,0,0,0,0,0,0,0,0,0,0,0,0,0,0,89.1735,0,0,0
"MtrElec",6,24,4,"",143.661,0,0,0,0,0,0,0,0,0,0,0,0,0,0,0,0,0,0,0,0,143.661,0,0,0
"MtrElec",6,24,5,"",102.361,0,0,0,0,0,0,0,0,0,0,0,0,0,0,0,0,0,0,0,0,102.361,0,0,0
"MtrElec",6,24,6,"",88.0141,0,0,0,0,0,0,0,0,0,0,0,0,0,0,0,0,0,0,0,0,88.0141,0,0,0
"MtrElec",6,24,7,"",176.844,0,0,0,0,0,0,0,0,0,0,0,0,0,0,0,0,0,0,0,0,179.507,0,0,-2.66217
"MtrElec",6,24,8,"",158.014,0,0,0,0,0,0,0,0,0,0,0,0,0,0,0,0,0,0,0,0,181.125,0,0,-23.1105
"MtrElec",6,24,9,"",140.353,0,0,0,0,0,0,0,0,0,0,0,0,0,0,0,0,0,0,0,0,213.986,0,0,-73.6323
"MtrElec",6,24,10,"",156.136,0,0,0,0,0,0,0,0,0,0,0,0,0,0,0,0,0,0,0,0,276.188,0,0,-120.052
"MtrElec",6,24,11,"",97.2869,0,0,0,0,0,0,0,0,0,0,0,0,0,0,0,0,0,0,0,0,258.907,0,0,-161.62
"MtrElec",6,24,12,"",0,0,0,0,0,0,0,0,0,0,0,0,0,0,0,0,0,0,0,0,0,184.927,0,74.545,-259.472
"MtrElec",6,24,13,"",0,0,0,0,0,0,0,0,0,0,0,0,0,0,0,0,0,0,0,0,0,196.584,0,125.102,-321.686
"MtrElec",6,24,14,"",-32.2478,0,0,0,0,0,0,0,0,0,0,0,0,0,0,0,0,0,0,0,0,136.424,0,157.698,-326.37
"MtrElec",6,24,15,"",-16.2537,0,0,0,0,0,0,0,0,0,0,0,0,0,0,0,0,0,0,0,0,185.779,0,157.698,-359.731
"MtrElec",6,24,16,"",-67.7649,0,0,0,0,0,0,0,0,0,0,0,0,0,0,0,0,0,0,0,0,200.56,0,73.3425,-341.668
"MtrElec",6,24,17,"",-31.364,0,0,0,0,0,0,0,0,0,0,0,0,0,0,0,0,0,0,0,0,237.813,0,0,-269.177
"MtrElec",6,24,18,"",83.656,0,0,0,0,0,0,0,0,0,0,0,0,0,0,0,0,0,0,0,0,251.018,0,0,-167.363
"MtrElec",6,24,19,"",80.2759,0,0,0,0,0,0,0,0,0,0,0,0,0,0,0,0,0,0,0,0,298.125,0,-157.698,-60.1516
"MtrElec",6,24,20,"",112.318,0,0,0,0,0,0,0,0,0,0,0,0,0,0,0,0,0,0,0,0,280.49,0,-157.698,-10.4746
"MtrElec",6,24,21,"",105.832,0,0,0,0,0,0,0,0,0,0,0,0,0,0,0,0,0,0,0,0,263.53,0,-157.698,0
"MtrElec",6,24,22,"",187.573,0,0,0,0,0,0,0,0,0,0,0,0,0,0,0,0,0,0,0,0,245.497,0,-57.9236,0
"MtrElec",6,24,23,"",206.209,0,0,0,0,0,0,0,0,0,0,0,0,0,0,0,0,0,0,0,0,206.209,0,0,0
"MtrElec",6,24,24,"",164.829,0,0,0,0,0,0,0,0,0,0,0,0,0,0,0,0,0,0,0,0,164.829,0,0,0
"MtrElec",6,25,1,"",127.41,0,0,0,0,0,0,0,0,0,0,0,0,0,0,0,0,0,0,0,0,127.41,0,0,0
"MtrElec",6,25,2,"",100.739,0,0,0,0,0,0,0,0,0,0,0,0,0,0,0,0,0,0,0,0,100.739,0,0,0
"MtrElec",6,25,3,"",93.8492,0,0,0,0,0,0,0,0,0,0,0,0,0,0,0,0,0,0,0,0,93.8492,0,0,0
"MtrElec",6,25,4,"",105.58,0,0,0,0,0,0,0,0,0,0,0,0,0,0,0,0,0,0,0,0,105.58,0,0,0
"MtrElec",6,25,5,"",102.371,0,0,0,0,0,0,0,0,0,0,0,0,0,0,0,0,0,0,0,0,102.371,0,0,0
"MtrElec",6,25,6,"",129.29,0,0,0,0,0,0,0,0,0,0,0,0,0,0,0,0,0,0,0,0,129.29,0,0,0
"MtrElec",6,25,7,"",143.582,0,0,0,0,0,0,0,0,0,0,0,0,0,0,0,0,0,0,0,0,157.84,0,0,-14.2584
"MtrElec",6,25,8,"",139.897,0,0,0,0,0,0,0,0,0,0,0,0,0,0,0,0,0,0,0,0,217.427,0,0,-77.5303
"MtrElec",6,25,9,"",28.5657,0,0,0,0,0,0,0,0,0,0,0,0,0,0,0,0,0,0,0,0,216.124,0,0,-187.559
"MtrElec",6,25,10,"",0,0,0,0,0,0,0,0,0,0,0,0,0,0,0,0,0,0,0,0,0,191.598,0,91.2646,-282.863
"MtrElec",6,25,11,"",0,0,0,0,0,0,0,0,0,0,0,0,0,0,0,0,0,0,0,0,0,209.667,0,144.818,-354.486
"MtrElec",6,25,12,"",-36.0487,0,0,0,0,0,0,0,0,0,0,0,0,0,0,0,0,0,0,0,0,207.146,0,157.698,-400.892
"MtrElec",6,25,13,"",-57.3139,0,0,0,0,0,0,0,0,0,0,0,0,0,0,0,0,0,0,0,0,216.247,0,157.698,-431.259
"MtrElec",6,25,14,"",-239.689,0,0,0,0,0,0,0,0,0,0,0,0,0,0,0,0,0,0,0,0,155.1,0,36.9065,-431.696
"MtrElec",6,25,15,"",-215.335,0,0,0,0,0,0,0,0,0,0,0,0,0,0,0,0,0,0,0,0,191.875,0,0,-407.21
"MtrElec",6,25,16,"",-131.442,0,0,0,0,0,0,0,0,0,0,0,0,0,0,0,0,0,0,0,0,221.59,0,0,-353.032
"MtrElec",6,25,17,"",-24.2545,0,0,0,0,0,0,0,0,0,0,0,0,0,0,0,0,0,0,0,0,245.42,0,0,-269.674
"MtrElec",6,25,18,"",101.711,0,0,0,0,0,0,0,0,0,0,0,0,0,0,0,0,0,0,0,0,268.876,0,0,-167.164
"MtrElec",6,25,19,"",114.802,0,0,0,0,0,0,0,0,0,0,0,0,0,0,0,0,0,0,0,0,332.135,0,-157.698,-59.6348
"MtrElec",6,25,20,"",130.911,0,0,0,0,0,0,0,0,0,0,0,0,0,0,0,0,0,0,0,0,298.232,0,-157.698,-9.62324
"MtrElec",6,25,21,"",124.27,0,0,0,0,0,0,0,0,0,0,0,0,0,0,0,0,0,0,0,0,281.968,0,-157.698,0
"MtrElec",6,25,22,"",168.646,0,0,0,0,0,0,0,0,0,0,0,0,0,0,0,0,0,0,0,0,226.57,0,-57.9236,0
"MtrElec",6,25,23,"",211.826,0,0,0,0,0,0,0,0,0,0,0,0,0,0,0,0,0,0,0,0,211.826,0,0,0
"MtrElec",6,25,24,"",160.273,0,0,0,0,0,0,0,0,0,0,0,0,0,0,0,0,0,0,0,0,160.273,0,0,0
"MtrElec",6,26,1,"",103.064,0,0,0,0,0,0,0,0,0,0,0,0,0,0,0,0,0,0,0,0,103.064,0,0,0
"MtrElec",6,26,2,"",111.14,0,0,0,0,0,0,0,0,0,0,0,0,0,0,0,0,0,0,0,0,111.14,0,0,0
"MtrElec",6,26,3,"",105.977,0,0,0,0,0,0,0,0,0,0,0,0,0,0,0,0,0,0,0,0,105.977,0,0,0
"MtrElec",6,26,4,"",121.8,0,0,0,0,0,0,0,0,0,0,0,0,0,0,0,0,0,0,0,0,121.8,0,0,0
"MtrElec",6,26,5,"",93.7421,0,0,0,0,0,0,0,0,0,0,0,0,0,0,0,0,0,0,0,0,93.7421,0,0,0
"MtrElec",6,26,6,"",98.9862,0,0,0,0,0,0,0,0,0,0,0,0,0,0,0,0,0,0,0,0,98.9862,0,0,0
"MtrElec",6,26,7,"",126.911,0,0,0,0,0,0,0,0,0,0,0,0,0,0,0,0,0,0,0,0,143.74,0,0,-16.829
"MtrElec",6,26,8,"",142.669,0,0,0,0,0,0,0,0,0,0,0,0,0,0,0,0,0,0,0,0,218.922,0,0,-76.253
"MtrElec",6,26,9,"",55.5654,0,0,0,0,0,0,0,0,0,0,0,0,0,0,0,0,0,0,0,0,239.741,0,0,-184.176
"MtrElec",6,26,10,"",0,0,0,0,0,0,0,0,0,0,0,0,0,0,0,0,0,0,0,0,0,252.446,0,25.5508,-277.997
"MtrElec",6,26,11,"",0,0,0,0,0,0,0,0,0,0,0,0,0,0,0,0,0,0,0,0,0,276.008,0,71.1808,-347.189
"MtrElec",6,26,12,"",0,0,0,0,0,0,0,0,0,0,0,0,0,0,0,0,0,0,0,0,0,257.327,0,140.569,-397.896
"MtrElec",6,26,13,"",-23.5171,0,0,0,0,0,0,0,0,0,0,0,0,0,0,0,0,0,0,0,0,245.896,0,157.698,-427.111
"MtrElec",6,26,14,"",-40.2925,0,0,0,0,0,0,0,0,0,0,0,0,0,0,0,0,0,0,0,0,229.791,0,157.698,-427.782
"MtrElec",6,26,15,"",-105.902,0,0,0,0,0,0,0,0,0,0,0,0,0,0,0,0,0,0,0,0,260.308,0,35.6886,-401.899
"MtrElec",6,26,16,"",-78.3736,0,0,0,0,0,0,0,0,0,0,0,0,0,0,0,0,0,0,0,0,267.378,0,0,-345.751
"MtrElec",6,26,17,"",22.6759,0,0,0,0,0,0,0,0,0,0,0,0,0,0,0,0,0,0,0,0,287.376,0,0,-264.7
"MtrElec",6,26,18,"",197.271,0,0,0,0,0,0,0,0,0,0,0,0,0,0,0,0,0,0,0,0,361.694,0,0,-164.423
"MtrElec",6,26,19,"",175.341,0,0,0,0,0,0,0,0,0,0,0,0,0,0,0,0,0,0,0,0,392.806,0,-157.698,-59.7664
"MtrElec",6,26,20,"",194.193,0,0,0,0,0,0,0,0,0,0,0,0,0,0,0,0,0,0,0,0,360.854,0,-157.698,-8.96339
"MtrElec",6,26,21,"",135.787,0,0,0,0,0,0,0,0,0,0,0,0,0,0,0,0,0,0,0,0,293.485,0,-157.698,0
"MtrElec",6,26,22,"",205.894,0,0,0,0,0,0,0,0,0,0,0,0,0,0,0,0,0,0,0,0,263.818,0,-57.9236,0
"MtrElec",6,26,23,"",274.732,0,0,0,0,0,0,0,0,0,0,0,0,0,0,0,0,0,0,0,0,274.732,0,0,0
"MtrElec",6,26,24,"",187.243,0,0,0,0,0,0,0,0,0,0,0,0,0,0,0,0,0,0,0,0,187.243,0,0,0
"MtrElec",6,27,1,"",172.127,0,0,0,0,0,0,0,0,0,0,0,0,0,0,0,0,0,0,0,0,172.127,0,0,0
"MtrElec",6,27,2,"",118.482,0,0,0,0,0,0,0,0,0,0,0,0,0,0,0,0,0,0,0,0,118.482,0,0,0
"MtrElec",6,27,3,"",99.5219,0,0,0,0,0,0,0,0,0,0,0,0,0,0,0,0,0,0,0,0,99.5219,0,0,0
"MtrElec",6,27,4,"",114.835,0,0,0,0,0,0,0,0,0,0,0,0,0,0,0,0,0,0,0,0,114.835,0,0,0
"MtrElec",6,27,5,"",134.592,0,0,0,0,0,0,0,0,0,0,0,0,0,0,0,0,0,0,0,0,134.592,0,0,0
"MtrElec",6,27,6,"",94.3955,0,0,0,0,0,0,0,0,0,0,0,0,0,0,0,0,0,0,0,0,94.3955,0,0,0
"MtrElec",6,27,7,"",145.399,0,0,0,0,0,0,0,0,0,0,0,0,0,0,0,0,0,0,0,0,161.574,0,0,-16.1749
"MtrElec",6,27,8,"",109.362,0,0,0,0,0,0,0,0,0,0,0,0,0,0,0,0,0,0,0,0,186.357,0,0,-76.9952
"MtrElec",6,27,9,"",39.2376,0,0,0,0,0,0,0,0,0,0,0,0,0,0,0,0,0,0,0,0,224.139,0,0,-184.901
"MtrElec",6,27,10,"",0.000000,0,0,0,0,0,0,0,0,0,0,0,0,0,0,0,0,0,0,0,0,278.657,0,0.0977188,-278.755
"MtrElec",6,27,11,"",42.7994,0,0,0,0,0,0,0,0,0,0,0,0,0,0,0,0,0,0,0,0,398.374,0,0,-355.575
"MtrElec",6,27,12,"",15.9516,0,0,0,0,0,0,0,0,0,0,0,0,0,0,0,0,0,0,0,0,425.856,0,0,-409.904
"MtrElec",6,27,13,"",0.0000020,0,0,0,0,0,0,0,0,0,0,0,0,0,0,0,0,0,0,0,0,410.436,0,22.6909,-433.127
"MtrElec",6,27,14,"",0,0,0,0,0,0,0,0,0,0,0,0,0,0,0,0,0,0,0,0,0,339.833,0,92.0222,-431.855
"MtrElec",6,27,15,"",0,0,0,0,0,0,0,0,0,0,0,0,0,0,0,0,0,0,0,0,0,349.335,0,54.0635,-403.398
"MtrElec",6,27,16,"",0.0000010,0,0,0,0,0,0,0,0,0,0,0,0,0,0,0,0,0,0,0,0,335.46,0,12.5771,-348.037
"MtrElec",6,27,17,"",115.527,0,0,0,0,0,0,0,0,0,0,0,0,0,0,0,0,0,0,0,0,384.326,0,0,-268.8
"MtrElec",6,27,18,"",237.75,0,0,0,0,0,0,0,0,0,0,0,0,0,0,0,0,0,0,0,0,405.598,0,0,-167.847
"MtrElec",6,27,19,"",269.74,0,0,0,0,0,0,0,0,0,0,0,0,0,0,0,0,0,0,0,0,486.602,0,-157.698,-59.1644
"MtrElec",6,27,20,"",378.867,0,0,0,0,0,0,0,0,0,0,0,0,0,0,0,0,0,0,0,0,394.512,0,-6.06201,-9.58253
"MtrElec",6,27,21,"",292.486,0,0,0,0,0,0,0,0,0,0,0,0,0,0,0,0,0,0,0,0,292.486,0,0,0
"MtrElec",6,27,22,"",260.924,0,0,0,0,0,0,0,0,0,0,0,0,0,0,0,0,0,0,0,0,260.924,0,0,0
"MtrElec",6,27,23,"",219.865,0,0,0,0,0,0,0,0,0,0,0,0,0,0,0,0,0,0,0,0,219.865,0,0,0
"MtrElec",6,27,24,"",171.273,0,0,0,0,0,0,0,0,0,0,0,0,0,0,0,0,0,0,0,0,171.273,0,0,0
"MtrElec",6,28,1,"",134.314,0,0,0,0,0,0,0,0,0,0,0,0,0,0,0,0,0,0,0,0,134.314,0,0,0
"MtrElec",6,28,2,"",125.886,0,0,0,0,0,0,0,0,0,0,0,0,0,0,0,0,0,0,0,0,125.886,0,0,0
"MtrElec",6,28,3,"",117.451,0,0,0,0,0,0,0,0,0,0,0,0,0,0,0,0,0,0,0,0,117.451,0,0,0
"MtrElec",6,28,4,"",135.697,0,0,0,0,0,0,0,0,0,0,0,0,0,0,0,0,0,0,0,0,135.697,0,0,0
"MtrElec",6,28,5,"",145.876,0,0,0,0,0,0,0,0,0,0,0,0,0,0,0,0,0,0,0,0,145.876,0,0,0
"MtrElec",6,28,6,"",108.588,0,0,0,0,0,0,0,0,0,0,0,0,0,0,0,0,0,0,0,0,108.588,0,0,0
"MtrElec",6,28,7,"",107.132,0,0,0,0,0,0,0,0,0,0,0,0,0,0,0,0,0,0,0,0,124.849,0,0,-17.7166
"MtrElec",6,28,8,"",125.136,0,0,0,0,0,0,0,0,0,0,0,0,0,0,0,0,0,0,0,0,201.382,0,0,-76.246
"MtrElec",6,28,9,"",77.7814,0,0,0,0,0,0,0,0,0,0,0,0,0,0,0,0,0,0,0,0,259.743,0,0,-181.962
"MtrElec",6,28,10,"",60.7503,0,0,0,0,0,0,0,0,0,0,0,0,0,0,0,0,0,0,0,0,334.682,0,0,-273.932
"MtrElec",6,28,11,"",17.5559,0,0,0,0,0,0,0,0,0,0,0,0,0,0,0,0,0,0,0,0,364.993,0,0,-347.437
"MtrElec",6,28,12,"",0,0,0,0,0,0,0,0,0,0,0,0,0,0,0,0,0,0,0,0,0,336.009,0,61.3922,-397.402
"MtrElec",6,28,13,"",0,0,0,0,0,0,0,0,0,0,0,0,0,0,0,0,0,0,0,0,0,336.096,0,85.7436,-421.84
"MtrElec",6,28,14,"",0,0,0,0,0,0,0,0,0,0,0,0,0,0,0,0,0,0,0,0,0,340.696,0,81.7543,-422.451
"MtrElec",6,28,15,"",0,0,0,0,0,0,0,0,0,0,0,0,0,0,0,0,0,0,0,0,0,383.664,0,12.0993,-395.764
"MtrElec",6,28,16,"",0,0,0,0,0,0,0,0,0,0,0,0,0,0,0,0,0,0,0,0,0,333.822,0,10.7508,-344.573
"MtrElec",6,28,17,"",101.485,0,0,0,0,0,0,0,0,0,0,0,0,0,0,0,0,0,0,0,0,366.839,0,0,-265.354
"MtrElec",6,28,18,"",231.06,0,0,0,0,0,0,0,0,0,0,0,0,0,0,0,0,0,0,0,0,395.801,0,0,-164.742
"MtrElec",6,28,19,"",212.295,0,0,0,0,0,0,0,0,0,0,0,0,0,0,0,0,0,0,0,0,430.025,0,-157.698,-60.0325
"MtrElec",6,28,20,"",305.421,0,0,0,0,0,0,0,0,0,0,0,0,0,0,0,0,0,0,0,0,384.589,0,-69.4977,-9.67038
"MtrElec",6,28,21,"",334.577,0,0,0,0,0,0,0,0,0,0,0,0,0,0,0,0,0,0,0,0,334.577,0,0,0
"MtrElec",6,28,22,"",313.026,0,0,0,0,0,0,0,0,0,0,0,0,0,0,0,0,0,0,0,0,313.026,0,0,0
"MtrElec",6,28,23,"",229.603,0,0,0,0,0,0,0,0,0,0,0,0,0,0,0,0,0,0,0,0,229.603,0,0,0
"MtrElec",6,28,24,"",188.01,0,0,0,0,0,0,0,0,0,0,0,0,0,0,0,0,0,0,0,0,188.01,0,0,0
"MtrElec",6,29,1,"",141.744,0,0,0,0,0,0,0,0,0,0,0,0,0,0,0,0,0,0,0,0,141.744,0,0,0
"MtrElec",6,29,2,"",115.312,0,0,0,0,0,0,0,0,0,0,0,0,0,0,0,0,0,0,0,0,115.312,0,0,0
"MtrElec",6,29,3,"",124.201,0,0,0,0,0,0,0,0,0,0,0,0,0,0,0,0,0,0,0,0,124.201,0,0,0
"MtrElec",6,29,4,"",119.441,0,0,0,0,0,0,0,0,0,0,0,0,0,0,0,0,0,0,0,0,119.441,0,0,0
"MtrElec",6,29,5,"",101.422,0,0,0,0,0,0,0,0,0,0,0,0,0,0,0,0,0,0,0,0,101.422,0,0,0
"MtrElec",6,29,6,"",152.868,0,0,0,0,0,0,0,0,0,0,0,0,0,0,0,0,0,0,0,0,152.868,0,0,0
"MtrElec",6,29,7,"",183.402,0,0,0,0,0,0,0,0,0,0,0,0,0,0,0,0,0,0,0,0,200.469,0,0,-17.0674
"MtrElec",6,29,8,"",169.891,0,0,0,0,0,0,0,0,0,0,0,0,0,0,0,0,0,0,0,0,246.929,0,0,-77.0383
"MtrElec",6,29,9,"",79.4465,0,0,0,0,0,0,0,0,0,0,0,0,0,0,0,0,0,0,0,0,257.741,0,0,-178.294
"MtrElec",6,29,10,"",19.2681,0,0,0,0,0,0,0,0,0,0,0,0,0,0,0,0,0,0,0,0,284.977,0,0,-265.709
"MtrElec",6,29,11,"",0.0000005,0,0,0,0,0,0,0,0,0,0,0,0,0,0,0,0,0,0,0,0,324.418,0,6.40503,-330.823
"MtrElec",6,29,12,"",0,0,0,0,0,0,0,0,0,0,0,0,0,0,0,0,0,0,0,0,0,308.864,0,73.089,-381.953
"MtrElec",6,29,13,"",0,0,0,0,0,0,0,0,0,0,0,0,0,0,0,0,0,0,0,0,0,344.387,0,63.7844,-408.172
"MtrElec",6,29,14,"",0,0,0,0,0,0,0,0,0,0,0,0,0,0,0,0,0,0,0,0,0,304.253,0,98.7491,-403.002
"MtrElec",6,29,15,"",0,0,0,0,0,0,0,0,0,0,0,0,0,0,0,0,0,0,0,0,0,326.261,0,38.5859,-364.847
"MtrElec",6,29,16,"",0,0,0,0,0,0,0,0,0,0,0,0,0,0,0,0,0,0,0,0,0,310.582,0,4.77559,-315.357
"MtrElec",6,29,17,"",123.676,0,0,0,0,0,0,0,0,0,0,0,0,0,0,0,0,0,0,0,0,363.905,0,0,-240.228
"MtrElec",6,29,18,"",233.191,0,0,0,0,0,0,0,0,0,0,0,0,0,0,0,0,0,0,0,0,382.88,0,0,-149.689
"MtrElec",6,29,19,"",175.139,0,0,0,0,0,0,0,0,0,0,0,0,0,0,0,0,0,0,0,0,396.828,0,-157.698,-63.9913
"MtrElec",6,29,20,"",243.217,0,0,0,0,0,0,0,0,0,0,0,0,0,0,0,0,0,0,0,0,355.504,0,-99.8657,-12.4214
"MtrElec",6,29,21,"",312.128,0,0,0,0,0,0,0,0,0,0,0,0,0,0,0,0,0,0,0,0,312.128,0,0,0
"MtrElec",6,29,22,"",280.239,0,0,0,0,0,0,0,0,0,0,0,0,0,0,0,0,0,0,0,0,280.239,0,0,0
"MtrElec",6,29,23,"",272.537,0,0,0,0,0,0,0,0,0,0,0,0,0,0,0,0,0,0,0,0,272.537,0,0,0
"MtrElec",6,29,24,"",218.496,0,0,0,0,0,0,0,0,0,0,0,0,0,0,0,0,0,0,0,0,218.496,0,0,0
"MtrElec",6,30,1,"",140.334,0,0,0,0,0,0,0,0,0,0,0,0,0,0,0,0,0,0,0,0,140.334,0,0,0
"MtrElec",6,30,2,"",141.202,0,0,0,0,0,0,0,0,0,0,0,0,0,0,0,0,0,0,0,0,141.202,0,0,0
"MtrElec",6,30,3,"",156.983,0,0,0,0,0,0,0,0,0,0,0,0,0,0,0,0,0,0,0,0,156.983,0,0,0
"MtrElec",6,30,4,"",113.508,0,0,0,0,0,0,0,0,0,0,0,0,0,0,0,0,0,0,0,0,113.508,0,0,0
"MtrElec",6,30,5,"",113.294,0,0,0,0,0,0,0,0,0,0,0,0,0,0,0,0,0,0,0,0,113.294,0,0,0
"MtrElec",6,30,6,"",127.45,0,0,0,0,0,0,0,0,0,0,0,0,0,0,0,0,0,0,0,0,127.45,0,0,0
"MtrElec",6,30,7,"",178.364,0,0,0,0,0,0,0,0,0,0,0,0,0,0,0,0,0,0,0,0,198.45,0,0,-20.0861
"MtrElec",6,30,8,"",195.74,0,0,0,0,0,0,0,0,0,0,0,0,0,0,0,0,0,0,0,0,276.292,0,0,-80.5518
"MtrElec",6,30,9,"",141.177,0,0,0,0,0,0,0,0,0,0,0,0,0,0,0,0,0,0,0,0,314.978,0,0,-173.8
"MtrElec",6,30,10,"",111.855,0,0,0,0,0,0,0,0,0,0,0,0,0,0,0,0,0,0,0,0,370.685,0,0,-258.829
"MtrElec",6,30,11,"",101.055,0,0,0,0,0,0,0,0,0,0,0,0,0,0,0,0,0,0,0,0,384.746,0,0,-283.691
"MtrElec",6,30,12,"",9.26881,0,0,0,0,0,0,0,0,0,0,0,0,0,0,0,0,0,0,0,0,367.566,0,0,-358.297
"MtrElec",6,30,13,"",47.5644,0,0,0,0,0,0,0,0,0,0,0,0,0,0,0,0,0,0,0,0,401.868,0,0,-354.304
"MtrElec",6,30,14,"",0.0000010,0,0,0,0,0,0,0,0,0,0,0,0,0,0,0,0,0,0,0,0,306.376,0,16.2511,-322.627
"MtrElec",6,30,15,"",0,0,0,0,0,0,0,0,0,0,0,0,0,0,0,0,0,0,0,0,0,300.441,0,63.0371,-363.478
"MtrElec",6,30,16,"",0,0,0,0,0,0,0,0,0,0,0,0,0,0,0,0,0,0,0,0,0,259.186,0,44.9236,-304.11
"MtrElec",6,30,17,"",107.049,0,0,0,0,0,0,0,0,0,0,0,0,0,0,0,0,0,0,0,0,338.899,0,0,-231.85
"MtrElec",6,30,18,"",169.868,0,0,0,0,0,0,0,0,0,0,0,0,0,0,0,0,0,0,0,0,317.751,0,0,-147.884
"MtrElec",6,30,19,"",157.067,0,0,0,0,0,0,0,0,0,0,0,0,0,0,0,0,0,0,0,0,334.544,0,-112.101,-65.3761
"MtrElec",6,30,20,"",375.141,0,0,0,0,0,0,0,0,0,0,0,0,0,0,0,0,0,0,0,0,386.189,0,0,-11.0485
"MtrElec",6,30,21,"",389.479,0,0,0,0,0,0,0,0,0,0,0,0,0,0,0,0,0,0,0,0,389.479,0,0,0
"MtrElec",6,30,22,"",278.106,0,0,0,0,0,0,0,0,0,0,0,0,0,0,0,0,0,0,0,0,278.106,0,0,0
"MtrElec",6,30,23,"",283.975,0,0,0,0,0,0,0,0,0,0,0,0,0,0,0,0,0,0,0,0,283.975,0,0,0
"MtrElec",6,30,24,"",230.176,0,0,0,0,0,0,0,0,0,0,0,0,0,0,0,0,0,0,0,0,230.176,0,0,0
"MtrElec",7,1,1,"",137.65,0,0,0,0,0,0,0,0,0,0,0,0,0,0,0,0,0,0,0,0,137.65,0,0,0
"MtrElec",7,1,2,"",124.858,0,0,0,0,0,0,0,0,0,0,0,0,0,0,0,0,0,0,0,0,124.858,0,0,0
"MtrElec",7,1,3,"",101.961,0,0,0,0,0,0,0,0,0,0,0,0,0,0,0,0,0,0,0,0,101.961,0,0,0
"MtrElec",7,1,4,"",103.916,0,0,0,0,0,0,0,0,0,0,0,0,0,0,0,0,0,0,0,0,103.916,0,0,0
"MtrElec",7,1,5,"",101.716,0,0,0,0,0,0,0,0,0,0,0,0,0,0,0,0,0,0,0,0,101.716,0,0,0
"MtrElec",7,1,6,"",113.376,0,0,0,0,0,0,0,0,0,0,0,0,0,0,0,0,0,0,0,0,113.376,0,0,0
"MtrElec",7,1,7,"",142.373,0,0,0,0,0,0,0,0,0,0,0,0,0,0,0,0,0,0,0,0,159.361,0,0,-16.9872
"MtrElec",7,1,8,"",145.254,0,0,0,0,0,0,0,0,0,0,0,0,0,0,0,0,0,0,0,0,222.69,0,0,-77.4362
"MtrElec",7,1,9,"",87.7834,0,0,0,0,0,0,0,0,0,0,0,0,0,0,0,0,0,0,0,0,276.242,0,0,-188.459
"MtrElec",7,1,10,"",7.33391,0,0,0,0,0,0,0,0,0,0,0,0,0,0,0,0,0,0,0,0,294.787,0,0,-287.453
"MtrElec",7,1,11,"",0.0000078,0,0,0,0,0,0,0,0,0,0,0,0,0,0,0,0,0,0,0,0,284.669,0,75.0399,-359.709
"MtrElec",7,1,12,"",0,0,0,0,0,0,0,0,0,0,0,0,0,0,0,0,0,0,0,0,0,268.786,0,141.804,-410.59
"MtrElec",7,1,13,"",0,0,0,0,0,0,0,0,0,0,0,0,0,0,0,0,0,0,0,0,0,301.635,0,135.758,-437.394
"MtrElec",7,1,14,"",-0.358797,0,0,0,0,0,0,0,0,0,0,0,0,0,0,0,0,0,0,0,0,277.284,0,157.698,-435.341
"MtrElec",7,1,15,"",-21.0374,0,0,0,0,0,0,0,0,0,0,0,0,0,0,0,0,0,0,0,0,307.322,0,78.085,-406.444
"MtrElec",7,1,16,"",-65.1358,0,0,0,0,0,0,0,0,0,0,0,0,0,0,0,0,0,0,0,0,285.876,0,0,-351.012
"MtrElec",7,1,17,"",106.739,0,0,0,0,0,0,0,0,0,0,0,0,0,0,0,0,0,0,0,0,378.29,0,0,-271.552
"MtrElec",7,1,18,"",217.646,0,0,0,0,0,0,0,0,0,0,0,0,0,0,0,0,0,0,0,0,388.008,0,0,-170.362
"MtrElec",7,1,19,"",185.02,0,0,0,0,0,0,0,0,0,0,0,0,0,0,0,0,0,0,0,0,405.267,0,-157.698,-62.5485
"MtrElec",7,1,20,"",225.878,0,0,0,0,0,0,0,0,0,0,0,0,0,0,0,0,0,0,0,0,393.73,0,-157.698,-10.1543
"MtrElec",7,1,21,"",213.611,0,0,0,0,0,0,0,0,0,0,0,0,0,0,0,0,0,0,0,0,371.309,0,-157.698,0
"MtrElec",7,1,22,"",219.834,0,0,0,0,0,0,0,0,0,0,0,0,0,0,0,0,0,0,0,0,277.758,0,-57.9236,0
"MtrElec",7,1,23,"",233.132,0,0,0,0,0,0,0,0,0,0,0,0,0,0,0,0,0,0,0,0,233.132,0,0,0
"MtrElec",7,1,24,"",164.81,0,0,0,0,0,0,0,0,0,0,0,0,0,0,0,0,0,0,0,0,164.81,0,0,0
"MtrElec",7,2,1,"",173.638,0,0,0,0,0,0,0,0,0,0,0,0,0,0,0,0,0,0,0,0,173.638,0,0,0
"MtrElec",7,2,2,"",122.009,0,0,0,0,0,0,0,0,0,0,0,0,0,0,0,0,0,0,0,0,122.009,0,0,0
"MtrElec",7,2,3,"",108.617,0,0,0,0,0,0,0,0,0,0,0,0,0,0,0,0,0,0,0,0,108.617,0,0,0
"MtrElec",7,2,4,"",97.2873,0,0,0,0,0,0,0,0,0,0,0,0,0,0,0,0,0,0,0,0,97.2873,0,0,0
"MtrElec",7,2,5,"",100.362,0,0,0,0,0,0,0,0,0,0,0,0,0,0,0,0,0,0,0,0,100.362,0,0,0
"MtrElec",7,2,6,"",116.783,0,0,0,0,0,0,0,0,0,0,0,0,0,0,0,0,0,0,0,0,116.783,0,0,0
"MtrElec",7,2,7,"",151.855,0,0,0,0,0,0,0,0,0,0,0,0,0,0,0,0,0,0,0,0,169.6,0,0,-17.7455
"MtrElec",7,2,8,"",147.905,0,0,0,0,0,0,0,0,0,0,0,0,0,0,0,0,0,0,0,0,227.144,0,0,-79.2386
"MtrElec",7,2,9,"",50.5112,0,0,0,0,0,0,0,0,0,0,0,0,0,0,0,0,0,0,0,0,237.287,0,0,-186.776
"MtrElec",7,2,10,"",0,0,0,0,0,0,0,0,0,0,0,0,0,0,0,0,0,0,0,0,0,265.661,0,22.4617,-288.123
"MtrElec",7,2,11,"",0.0000039,0,0,0,0,0,0,0,0,0,0,0,0,0,0,0,0,0,0,0,0,301.451,0,63.7333,-365.185
"MtrElec",7,2,12,"",0.0000078,0,0,0,0,0,0,0,0,0,0,0,0,0,0,0,0,0,0,0,0,295.158,0,118.526,-413.683
"MtrElec",7,2,13,"",-37.0356,0,0,0,0,0,0,0,0,0,0,0,0,0,0,0,0,0,0,0,0,242.442,0,157.698,-437.176
"MtrElec",7,2,14,"",-13.4432,0,0,0,0,0,0,0,0,0,0,0,0,0,0,0,0,0,0,0,0,266.075,0,157.698,-437.216
"MtrElec",7,2,15,"",-38.7299,0,0,0,0,0,0,0,0,0,0,0,0,0,0,0,0,0,0,0,0,301.371,0,68.2686,-408.37
"MtrElec",7,2,16,"",-69.1349,0,0,0,0,0,0,0,0,0,0,0,0,0,0,0,0,0,0,0,0,283.026,0,0,-352.161
"MtrElec",7,2,17,"",94.1891,0,0,0,0,0,0,0,0,0,0,0,0,0,0,0,0,0,0,0,0,365.488,0,0,-271.299
"MtrElec",7,2,18,"",209.68,0,0,0,0,0,0,0,0,0,0,0,0,0,0,0,0,0,0,0,0,379.72,0,0,-170.04
"MtrElec",7,2,19,"",163.977,0,0,0,0,0,0,0,0,0,0,0,0,0,0,0,0,0,0,0,0,384.255,0,-157.698,-62.5797
"MtrElec",7,2,20,"",232.953,0,0,0,0,0,0,0,0,0,0,0,0,0,0,0,0,0,0,0,0,400.78,0,-157.698,-10.1292
"MtrElec",7,2,21,"",267.509,0,0,0,0,0,0,0,0,0,0,0,0,0,0,0,0,0,0,0,0,425.207,0,-157.698,0
"MtrElec",7,2,22,"",230.883,0,0,0,0,0,0,0,0,0,0,0,0,0,0,0,0,0,0,0,0,288.806,0,-57.9236,0
"MtrElec",7,2,23,"",264.193,0,0,0,0,0,0,0,0,0,0,0,0,0,0,0,0,0,0,0,0,264.193,0,0,0
"MtrElec",7,2,24,"",202.348,0,0,0,0,0,0,0,0,0,0,0,0,0,0,0,0,0,0,0,0,202.348,0,0,0
"MtrElec",7,3,1,"",136.226,0,0,0,0,0,0,0,0,0,0,0,0,0,0,0,0,0,0,0,0,136.226,0,0,0
"MtrElec",7,3,2,"",124.035,0,0,0,0,0,0,0,0,0,0,0,0,0,0,0,0,0,0,0,0,124.035,0,0,0
"MtrElec",7,3,3,"",100.337,0,0,0,0,0,0,0,0,0,0,0,0,0,0,0,0,0,0,0,0,100.337,0,0,0
"MtrElec",7,3,4,"",109.809,0,0,0,0,0,0,0,0,0,0,0,0,0,0,0,0,0,0,0,0,109.809,0,0,0
"MtrElec",7,3,5,"",104.152,0,0,0,0,0,0,0,0,0,0,0,0,0,0,0,0,0,0,0,0,104.152,0,0,0
"MtrElec",7,3,6,"",120.294,0,0,0,0,0,0,0,0,0,0,0,0,0,0,0,0,0,0,0,0,120.294,0,0,0
"MtrElec",7,3,7,"",117.511,0,0,0,0,0,0,0,0,0,0,0,0,0,0,0,0,0,0,0,0,135.196,0,0,-17.6848
"MtrElec",7,3,8,"",121.277,0,0,0,0,0,0,0,0,0,0,0,0,0,0,0,0,0,0,0,0,198.564,0,0,-77.2872
"MtrElec",7,3,9,"",86.9518,0,0,0,0,0,0,0,0,0,0,0,0,0,0,0,0,0,0,0,0,267.739,0,0,-180.787
"MtrElec",7,3,10,"",104.826,0,0,0,0,0,0,0,0,0,0,0,0,0,0,0,0,0,0,0,0,377.157,0,0,-272.331
"MtrElec",7,3,11,"",46.1188,0,0,0,0,0,0,0,0,0,0,0,0,0,0,0,0,0,0,0,0,395.423,0,0,-349.304
"MtrElec",7,3,12,"",33.1792,0,0,0,0,0,0,0,0,0,0,0,0,0,0,0,0,0,0,0,0,430.817,0,0,-397.638
"MtrElec",7,3,13,"",0,0,0,0,0,0,0,0,0,0,0,0,0,0,0,0,0,0,0,0,0,379.276,0,38.4096,-417.686
"MtrElec",7,3,14,"",0.0000020,0,0,0,0,0,0,0,0,0,0,0,0,0,0,0,0,0,0,0,0,382.211,0,32.09,-414.301
"MtrElec",7,3,15,"",0.0000039,0,0,0,0,0,0,0,0,0,0,0,0,0,0,0,0,0,0,0,0,355.067,0,32.8037,-387.871
"MtrElec",7,3,16,"",15.1207,0,0,0,0,0,0,0,0,0,0,0,0,0,0,0,0,0,0,0,0,332.998,0,0,-317.877
"MtrElec",7,3,17,"",137.385,0,0,0,0,0,0,0,0,0,0,0,0,0,0,0,0,0,0,0,0,393.857,0,0,-256.472
"MtrElec",7,3,18,"",218.164,0,0,0,0,0,0,0,0,0,0,0,0,0,0,0,0,0,0,0,0,378.611,0,0,-160.447
"MtrElec",7,3,19,"",231.266,0,0,0,0,0,0,0,0,0,0,0,0,0,0,0,0,0,0,0,0,387.65,0,-93.2312,-63.1525
"MtrElec",7,3,20,"",340.973,0,0,0,0,0,0,0,0,0,0,0,0,0,0,0,0,0,0,0,0,353.948,0,0,-12.9754
"MtrElec",7,3,21,"",297.421,0,0,0,0,0,0,0,0,0,0,0,0,0,0,0,0,0,0,0,0,297.421,0,0,0
"MtrElec",7,3,22,"",259.71,0,0,0,0,0,0,0,0,0,0,0,0,0,0,0,0,0,0,0,0,259.71,0,0,0
"MtrElec",7,3,23,"",174.166,0,0,0,0,0,0,0,0,0,0,0,0,0,0,0,0,0,0,0,0,174.166,0,0,0
"MtrElec",7,3,24,"",181.844,0,0,0,0,0,0,0,0,0,0,0,0,0,0,0,0,0,0,0,0,181.844,0,0,0
"MtrElec",7,4,1,"",134.426,0,0,0,0,0,0,0,0,0,0,0,0,0,0,0,0,0,0,0,0,134.426,0,0,0
"MtrElec",7,4,2,"",110.836,0,0,0,0,0,0,0,0,0,0,0,0,0,0,0,0,0,0,0,0,110.836,0,0,0
"MtrElec",7,4,3,"",122.819,0,0,0,0,0,0,0,0,0,0,0,0,0,0,0,0,0,0,0,0,122.819,0,0,0
"MtrElec",7,4,4,"",121.512,0,0,0,0,0,0,0,0,0,0,0,0,0,0,0,0,0,0,0,0,121.512,0,0,0
"MtrElec",7,4,5,"",165.719,0,0,0,0,0,0,0,0,0,0,0,0,0,0,0,0,0,0,0,0,165.719,0,0,0
"MtrElec",7,4,6,"",108.352,0,0,0,0,0,0,0,0,0,0,0,0,0,0,0,0,0,0,0,0,108.352,0,0,0
"MtrElec",7,4,7,"",116.873,0,0,0,0,0,0,0,0,0,0,0,0,0,0,0,0,0,0,0,0,135.581,0,0,-18.7081
"MtrElec",7,4,8,"",118.928,0,0,0,0,0,0,0,0,0,0,0,0,0,0,0,0,0,0,0,0,194.159,0,0,-75.2316
"MtrElec",7,4,9,"",45.5867,0,0,0,0,0,0,0,0,0,0,0,0,0,0,0,0,0,0,0,0,218.942,0,0,-173.355
"MtrElec",7,4,10,"",55.3351,0,0,0,0,0,0,0,0,0,0,0,0,0,0,0,0,0,0,0,0,319.562,0,0,-264.227
"MtrElec",7,4,11,"",52.9901,0,0,0,0,0,0,0,0,0,0,0,0,0,0,0,0,0,0,0,0,390.721,0,0,-337.731
"MtrElec",7,4,12,"",0,0,0,0,0,0,0,0,0,0,0,0,0,0,0,0,0,0,0,0,0,385.927,0,1.20297,-387.13
"MtrElec",7,4,13,"",0.0000078,0,0,0,0,0,0,0,0,0,0,0,0,0,0,0,0,0,0,0,0,338.695,0,73.0286,-411.723
"MtrElec",7,4,14,"",0,0,0,0,0,0,0,0,0,0,0,0,0,0,0,0,0,0,0,0,0,338.65,0,71.901,-410.551
"MtrElec",7,4,15,"",0.0000020,0,0,0,0,0,0,0,0,0,0,0,0,0,0,0,0,0,0,0,0,361.311,0,23.751,-385.063
"MtrElec",7,4,16,"",0.0000002,0,0,0,0,0,0,0,0,0,0,0,0,0,0,0,0,0,0,0,0,325.705,0,2.89784,-328.603
"MtrElec",7,4,17,"",67.0571,0,0,0,0,0,0,0,0,0,0,0,0,0,0,0,0,0,0,0,0,318.873,0,0,-251.816
"MtrElec",7,4,18,"",199.933,0,0,0,0,0,0,0,0,0,0,0,0,0,0,0,0,0,0,0,0,358.786,0,0,-158.853
"MtrElec",7,4,19,"",178.784,0,0,0,0,0,0,0,0,0,0,0,0,0,0,0,0,0,0,0,0,396.726,0,-155.935,-62.0069
"MtrElec",7,4,20,"",362.181,0,0,0,0,0,0,0,0,0,0,0,0,0,0,0,0,0,0,0,0,373.438,0,0,-11.2576
"MtrElec",7,4,21,"",271.723,0,0,0,0,0,0,0,0,0,0,0,0,0,0,0,0,0,0,0,0,271.723,0,0,0
"MtrElec",7,4,22,"",242.21,0,0,0,0,0,0,0,0,0,0,0,0,0,0,0,0,0,0,0,0,242.21,0,0,0
"MtrElec",7,4,23,"",231.218,0,0,0,0,0,0,0,0,0,0,0,0,0,0,0,0,0,0,0,0,231.218,0,0,0
"MtrElec",7,4,24,"",199.903,0,0,0,0,0,0,0,0,0,0,0,0,0,0,0,0,0,0,0,0,199.903,0,0,0
"MtrElec",7,5,1,"",159.893,0,0,0,0,0,0,0,0,0,0,0,0,0,0,0,0,0,0,0,0,159.893,0,0,0
"MtrElec",7,5,2,"",155.876,0,0,0,0,0,0,0,0,0,0,0,0,0,0,0,0,0,0,0,0,155.876,0,0,0
"MtrElec",7,5,3,"",111.901,0,0,0,0,0,0,0,0,0,0,0,0,0,0,0,0,0,0,0,0,111.901,0,0,0
"MtrElec",7,5,4,"",123.638,0,0,0,0,0,0,0,0,0,0,0,0,0,0,0,0,0,0,0,0,123.638,0,0,0
"MtrElec",7,5,5,"",136.271,0,0,0,0,0,0,0,0,0,0,0,0,0,0,0,0,0,0,0,0,136.271,0,0,0
"MtrElec",7,5,6,"",107.004,0,0,0,0,0,0,0,0,0,0,0,0,0,0,0,0,0,0,0,0,107.004,0,0,0
"MtrElec",7,5,7,"",162.275,0,0,0,0,0,0,0,0,0,0,0,0,0,0,0,0,0,0,0,0,180.069,0,0,-17.794
"MtrElec",7,5,8,"",146.374,0,0,0,0,0,0,0,0,0,0,0,0,0,0,0,0,0,0,0,0,217.745,0,0,-71.3715
"MtrElec",7,5,9,"",91.1225,0,0,0,0,0,0,0,0,0,0,0,0,0,0,0,0,0,0,0,0,258.065,0,0,-166.943
"MtrElec",7,5,10,"",78.6973,0,0,0,0,0,0,0,0,0,0,0,0,0,0,0,0,0,0,0,0,340.215,0,0,-261.518
"MtrElec",7,5,11,"",0,0,0,0,0,0,0,0,0,0,0,0,0,0,0,0,0,0,0,0,0,322.521,0,7.40281,-329.924
"MtrElec",7,5,12,"",0.0000010,0,0,0,0,0,0,0,0,0,0,0,0,0,0,0,0,0,0,0,0,362.55,0,15.1643,-377.714
"MtrElec",7,5,13,"",0.0000020,0,0,0,0,0,0,0,0,0,0,0,0,0,0,0,0,0,0,0,0,375.687,0,21.7727,-397.459
"MtrElec",7,5,14,"",0,0,0,0,0,0,0,0,0,0,0,0,0,0,0,0,0,0,0,0,0,339.778,0,57.9841,-397.762
"MtrElec",7,5,15,"",0.0000010,0,0,0,0,0,0,0,0,0,0,0,0,0,0,0,0,0,0,0,0,369.593,0,13.5021,-383.095
"MtrElec",7,5,16,"",0,0,0,0,0,0,0,0,0,0,0,0,0,0,0,0,0,0,0,0,0,313.726,0,15.7765,-329.502
"MtrElec",7,5,17,"",63.0569,0,0,0,0,0,0,0,0,0,0,0,0,0,0,0,0,0,0,0,0,316.948,0,0,-253.891
"MtrElec",7,5,18,"",202.526,0,0,0,0,0,0,0,0,0,0,0,0,0,0,0,0,0,0,0,0,362.171,0,0,-159.646
"MtrElec",7,5,19,"",233.597,0,0,0,0,0,0,0,0,0,0,0,0,0,0,0,0,0,0,0,0,413.807,0,-118.771,-61.4392
"MtrElec",7,5,20,"",377.579,0,0,0,0,0,0,0,0,0,0,0,0,0,0,0,0,0,0,0,0,388.81,0,0,-11.2309
"MtrElec",7,5,21,"",317.366,0,0,0,0,0,0,0,0,0,0,0,0,0,0,0,0,0,0,0,0,317.366,0,0,0
"MtrElec",7,5,22,"",304.065,0,0,0,0,0,0,0,0,0,0,0,0,0,0,0,0,0,0,0,0,304.065,0,0,0
"MtrElec",7,5,23,"",202.052,0,0,0,0,0,0,0,0,0,0,0,0,0,0,0,0,0,0,0,0,202.052,0,0,0
"MtrElec",7,5,24,"",230.855,0,0,0,0,0,0,0,0,0,0,0,0,0,0,0,0,0,0,0,0,230.855,0,0,0
"MtrElec",7,6,1,"",143.61,0,0,0,0,0,0,0,0,0,0,0,0,0,0,0,0,0,0,0,0,143.61,0,0,0
"MtrElec",7,6,2,"",138.837,0,0,0,0,0,0,0,0,0,0,0,0,0,0,0,0,0,0,0,0,138.837,0,0,0
"MtrElec",7,6,3,"",123.973,0,0,0,0,0,0,0,0,0,0,0,0,0,0,0,0,0,0,0,0,123.973,0,0,0
"MtrElec",7,6,4,"",115.33,0,0,0,0,0,0,0,0,0,0,0,0,0,0,0,0,0,0,0,0,115.33,0,0,0
"MtrElec",7,6,5,"",119.873,0,0,0,0,0,0,0,0,0,0,0,0,0,0,0,0,0,0,0,0,119.873,0,0,0
"MtrElec",7,6,6,"",143.48,0,0,0,0,0,0,0,0,0,0,0,0,0,0,0,0,0,0,0,0,143.48,0,0,0
"MtrElec",7,6,7,"",190.343,0,0,0,0,0,0,0,0,0,0,0,0,0,0,0,0,0,0,0,0,208.199,0,0,-17.8554
"MtrElec",7,6,8,"",187.648,0,0,0,0,0,0,0,0,0,0,0,0,0,0,0,0,0,0,0,0,261.35,0,0,-73.7022
"MtrElec",7,6,9,"",143.001,0,0,0,0,0,0,0,0,0,0,0,0,0,0,0,0,0,0,0,0,313.081,0,0,-170.079
"MtrElec",7,6,10,"",41.7871,0,0,0,0,0,0,0,0,0,0,0,0,0,0,0,0,0,0,0,0,303.793,0,0,-262.006
"MtrElec",7,6,11,"",0,0,0,0,0,0,0,0,0,0,0,0,0,0,0,0,0,0,0,0,0,314.872,0,13.2003,-328.072
"MtrElec",7,6,12,"",0,0,0,0,0,0,0,0,0,0,0,0,0,0,0,0,0,0,0,0,0,304.212,0,68.7699,-372.982
"MtrElec",7,6,13,"",0.0000010,0,0,0,0,0,0,0,0,0,0,0,0,0,0,0,0,0,0,0,0,376.117,0,15.9425,-392.059
"MtrElec",7,6,14,"",0,0,0,0,0,0,0,0,0,0,0,0,0,0,0,0,0,0,0,0,0,262.516,0,121.333,-383.849
"MtrElec",7,6,15,"",0,0,0,0,0,0,0,0,0,0,0,0,0,0,0,0,0,0,0,0,0,334.845,0,8.59428,-343.439
"MtrElec",7,6,16,"",0,0,0,0,0,0,0,0,0,0,0,0,0,0,0,0,0,0,0,0,0,284.733,0,8.59731,-293.33
"MtrElec",7,6,17,"",135.191,0,0,0,0,0,0,0,0,0,0,0,0,0,0,0,0,0,0,0,0,347.987,0,0,-212.797
"MtrElec",7,6,18,"",233.025,0,0,0,0,0,0,0,0,0,0,0,0,0,0,0,0,0,0,0,0,374.257,0,0,-141.233
"MtrElec",7,6,19,"",171.054,0,0,0,0,0,0,0,0,0,0,0,0,0,0,0,0,0,0,0,0,384.268,0,-157.698,-55.5166
"MtrElec",7,6,20,"",319.412,0,0,0,0,0,0,0,0,0,0,0,0,0,0,0,0,0,0,0,0,387.145,0,-55.6869,-12.0463
"MtrElec",7,6,21,"",314.702,0,0,0,0,0,0,0,0,0,0,0,0,0,0,0,0,0,0,0,0,314.702,0,0,0
"MtrElec",7,6,22,"",257.575,0,0,0,0,0,0,0,0,0,0,0,0,0,0,0,0,0,0,0,0,257.575,0,0,0
"MtrElec",7,6,23,"",264.38,0,0,0,0,0,0,0,0,0,0,0,0,0,0,0,0,0,0,0,0,264.38,0,0,0
"MtrElec",7,6,24,"",182.427,0,0,0,0,0,0,0,0,0,0,0,0,0,0,0,0,0,0,0,0,182.427,0,0,0
"MtrElec",7,7,1,"",159.41,0,0,0,0,0,0,0,0,0,0,0,0,0,0,0,0,0,0,0,0,159.41,0,0,0
"MtrElec",7,7,2,"",160.796,0,0,0,0,0,0,0,0,0,0,0,0,0,0,0,0,0,0,0,0,160.796,0,0,0
"MtrElec",7,7,3,"",111.682,0,0,0,0,0,0,0,0,0,0,0,0,0,0,0,0,0,0,0,0,111.682,0,0,0
"MtrElec",7,7,4,"",119.809,0,0,0,0,0,0,0,0,0,0,0,0,0,0,0,0,0,0,0,0,119.809,0,0,0
"MtrElec",7,7,5,"",115.214,0,0,0,0,0,0,0,0,0,0,0,0,0,0,0,0,0,0,0,0,115.214,0,0,0
"MtrElec",7,7,6,"",118.748,0,0,0,0,0,0,0,0,0,0,0,0,0,0,0,0,0,0,0,0,118.748,0,0,0
"MtrElec",7,7,7,"",181.614,0,0,0,0,0,0,0,0,0,0,0,0,0,0,0,0,0,0,0,0,199.41,0,0,-17.7957
"MtrElec",7,7,8,"",164.679,0,0,0,0,0,0,0,0,0,0,0,0,0,0,0,0,0,0,0,0,238.497,0,0,-73.8181
"MtrElec",7,7,9,"",98.5288,0,0,0,0,0,0,0,0,0,0,0,0,0,0,0,0,0,0,0,0,269.644,0,0,-171.115
"MtrElec",7,7,10,"",63.5982,0,0,0,0,0,0,0,0,0,0,0,0,0,0,0,0,0,0,0,0,320.254,0,0,-256.655
"MtrElec",7,7,11,"",20.8054,0,0,0,0,0,0,0,0,0,0,0,0,0,0,0,0,0,0,0,0,329.798,0,0,-308.993
"MtrElec",7,7,12,"",0,0,0,0,0,0,0,0,0,0,0,0,0,0,0,0,0,0,0,0,0,273.715,0,111.303,-385.018
"MtrElec",7,7,13,"",0,0,0,0,0,0,0,0,0,0,0,0,0,0,0,0,0,0,0,0,0,281.492,0,129.961,-411.454
"MtrElec",7,7,14,"",-6.84495,0,0,0,0,0,0,0,0,0,0,0,0,0,0,0,0,0,0,0,0,248.009,0,157.698,-412.552
"MtrElec",7,7,15,"",0,0,0,0,0,0,0,0,0,0,0,0,0,0,0,0,0,0,0,0,0,293.448,0,91.9803,-385.428
"MtrElec",7,7,16,"",0,0,0,0,0,0,0,0,0,0,0,0,0,0,0,0,0,0,0,0,0,296.605,0,37.6304,-334.235
"MtrElec",7,7,17,"",59.5355,0,0,0,0,0,0,0,0,0,0,0,0,0,0,0,0,0,0,0,0,315.207,0,0,-255.671
"MtrElec",7,7,18,"",186.352,0,0,0,0,0,0,0,0,0,0,0,0,0,0,0,0,0,0,0,0,345.141,0,0,-158.789
"MtrElec",7,7,19,"",179.742,0,0,0,0,0,0,0,0,0,0,0,0,0,0,0,0,0,0,0,0,399.896,0,-157.698,-62.4561
"MtrElec",7,7,20,"",189.629,0,0,0,0,0,0,0,0,0,0,0,0,0,0,0,0,0,0,0,0,358.517,0,-157.698,-11.1904
"MtrElec",7,7,21,"",177.574,0,0,0,0,0,0,0,0,0,0,0,0,0,0,0,0,0,0,0,0,335.272,0,-157.698,0
"MtrElec",7,7,22,"",285.763,0,0,0,0,0,0,0,0,0,0,0,0,0,0,0,0,0,0,0,0,289.706,0,-3.94335,0
"MtrElec",7,7,23,"",270.743,0,0,0,0,0,0,0,0,0,0,0,0,0,0,0,0,0,0,0,0,270.743,0,0,0
"MtrElec",7,7,24,"",175.587,0,0,0,0,0,0,0,0,0,0,0,0,0,0,0,0,0,0,0,0,175.587,0,0,0
"MtrElec",7,8,1,"",160.588,0,0,0,0,0,0,0,0,0,0,0,0,0,0,0,0,0,0,0,0,160.588,0,0,0
"MtrElec",7,8,2,"",130.453,0,0,0,0,0,0,0,0,0,0,0,0,0,0,0,0,0,0,0,0,130.453,0,0,0
"MtrElec",7,8,3,"",121.885,0,0,0,0,0,0,0,0,0,0,0,0,0,0,0,0,0,0,0,0,121.885,0,0,0
"MtrElec",7,8,4,"",106.934,0,0,0,0,0,0,0,0,0,0,0,0,0,0,0,0,0,0,0,0,106.934,0,0,0
"MtrElec",7,8,5,"",116.031,0,0,0,0,0,0,0,0,0,0,0,0,0,0,0,0,0,0,0,0,116.031,0,0,0
"MtrElec",7,8,6,"",120.665,0,0,0,0,0,0,0,0,0,0,0,0,0,0,0,0,0,0,0,0,120.665,0,0,0
"MtrElec",7,8,7,"",178.632,0,0,0,0,0,0,0,0,0,0,0,0,0,0,0,0,0,0,0,0,196.556,0,0,-17.9239
"MtrElec",7,8,8,"",180.209,0,0,0,0,0,0,0,0,0,0,0,0,0,0,0,0,0,0,0,0,254.386,0,0,-74.1765
"MtrElec",7,8,9,"",130.678,0,0,0,0,0,0,0,0,0,0,0,0,0,0,0,0,0,0,0,0,305.593,0,0,-174.915
"MtrElec",7,8,10,"",30.2622,0,0,0,0,0,0,0,0,0,0,0,0,0,0,0,0,0,0,0,0,294.823,0,0,-264.561
"MtrElec",7,8,11,"",0.0000020,0,0,0,0,0,0,0,0,0,0,0,0,0,0,0,0,0,0,0,0,308.488,0,25.457,-333.945
"MtrElec",7,8,12,"",0.0000039,0,0,0,0,0,0,0,0,0,0,0,0,0,0,0,0,0,0,0,0,327.611,0,62.1345,-389.746
"MtrElec",7,8,13,"",0,0,0,0,0,0,0,0,0,0,0,0,0,0,0,0,0,0,0,0,0,369.705,0,47.21,-416.915
"MtrElec",7,8,14,"",0.0000156,0,0,0,0,0,0,0,0,0,0,0,0,0,0,0,0,0,0,0,0,261.334,0,154.173,-415.507
"MtrElec",7,8,15,"",0,0,0,0,0,0,0,0,0,0,0,0,0,0,0,0,0,0,0,0,0,295.509,0,93.2057,-388.715
"MtrElec",7,8,16,"",0,0,0,0,0,0,0,0,0,0,0,0,0,0,0,0,0,0,0,0,0,278.559,0,58.443,-337.002
"MtrElec",7,8,17,"",47.7686,0,0,0,0,0,0,0,0,0,0,0,0,0,0,0,0,0,0,0,0,308.349,0,0,-260.58
"MtrElec",7,8,18,"",183.386,0,0,0,0,0,0,0,0,0,0,0,0,0,0,0,0,0,0,0,0,346.585,0,0,-163.199
"MtrElec",7,8,19,"",150.946,0,0,0,0,0,0,0,0,0,0,0,0,0,0,0,0,0,0,0,0,371.05,0,-157.698,-62.4059
"MtrElec",7,8,20,"",195.001,0,0,0,0,0,0,0,0,0,0,0,0,0,0,0,0,0,0,0,0,363.683,0,-157.698,-10.9844
"MtrElec",7,8,21,"",212.524,0,0,0,0,0,0,0,0,0,0,0,0,0,0,0,0,0,0,0,0,294.791,0,-82.2668,0
"MtrElec",7,8,22,"",247.568,0,0,0,0,0,0,0,0,0,0,0,0,0,0,0,0,0,0,0,0,247.568,0,0,0
"MtrElec",7,8,23,"",246.227,0,0,0,0,0,0,0,0,0,0,0,0,0,0,0,0,0,0,0,0,246.227,0,0,0
"MtrElec",7,8,24,"",198.75,0,0,0,0,0,0,0,0,0,0,0,0,0,0,0,0,0,0,0,0,198.75,0,0,0
"MtrElec",7,9,1,"",157.311,0,0,0,0,0,0,0,0,0,0,0,0,0,0,0,0,0,0,0,0,157.311,0,0,0
"MtrElec",7,9,2,"",122.9,0,0,0,0,0,0,0,0,0,0,0,0,0,0,0,0,0,0,0,0,122.9,0,0,0
"MtrElec",7,9,3,"",100.538,0,0,0,0,0,0,0,0,0,0,0,0,0,0,0,0,0,0,0,0,100.538,0,0,0
"MtrElec",7,9,4,"",116.552,0,0,0,0,0,0,0,0,0,0,0,0,0,0,0,0,0,0,0,0,116.552,0,0,0
"MtrElec",7,9,5,"",104.46,0,0,0,0,0,0,0,0,0,0,0,0,0,0,0,0,0,0,0,0,104.46,0,0,0
"MtrElec",7,9,6,"",111.244,0,0,0,0,0,0,0,0,0,0,0,0,0,0,0,0,0,0,0,0,111.244,0,0,0
"MtrElec",7,9,7,"",142.635,0,0,0,0,0,0,0,0,0,0,0,0,0,0,0,0,0,0,0,0,160.18,0,0,-17.5449
"MtrElec",7,9,8,"",163.041,0,0,0,0,0,0,0,0,0,0,0,0,0,0,0,0,0,0,0,0,236.446,0,0,-73.4052
"MtrElec",7,9,9,"",65.9656,0,0,0,0,0,0,0,0,0,0,0,0,0,0,0,0,0,0,0,0,241.075,0,0,-175.109
"MtrElec",7,9,10,"",10.5486,0,0,0,0,0,0,0,0,0,0,0,0,0,0,0,0,0,0,0,0,278.513,0,0,-267.965
"MtrElec",7,9,11,"",0,0,0,0,0,0,0,0,0,0,0,0,0,0,0,0,0,0,0,0,0,244.779,0,91.8325,-336.611
"MtrElec",7,9,12,"",0.0000078,0,0,0,0,0,0,0,0,0,0,0,0,0,0,0,0,0,0,0,0,276.364,0,107.02,-383.384
"MtrElec",7,9,13,"",0.0000156,0,0,0,0,0,0,0,0,0,0,0,0,0,0,0,0,0,0,0,0,277.221,0,142.555,-419.776
"MtrElec",7,9,14,"",-13.8549,0,0,0,0,0,0,0,0,0,0,0,0,0,0,0,0,0,0,0,0,254.523,0,157.698,-426.076
"MtrElec",7,9,15,"",-56.5874,0,0,0,0,0,0,0,0,0,0,0,0,0,0,0,0,0,0,0,0,257.914,0,89.2793,-403.781
"MtrElec",7,9,16,"",-86.0632,0,0,0,0,0,0,0,0,0,0,0,0,0,0,0,0,0,0,0,0,265.766,0,0,-351.829
"MtrElec",7,9,17,"",43.6615,0,0,0,0,0,0,0,0,0,0,0,0,0,0,0,0,0,0,0,0,316.689,0,0,-273.027
"MtrElec",7,9,18,"",157.472,0,0,0,0,0,0,0,0,0,0,0,0,0,0,0,0,0,0,0,0,328.407,0,0,-170.935
"MtrElec",7,9,19,"",157.868,0,0,0,0,0,0,0,0,0,0,0,0,0,0,0,0,0,0,0,0,378.526,0,-157.698,-62.9601
"MtrElec",7,9,20,"",187.921,0,0,0,0,0,0,0,0,0,0,0,0,0,0,0,0,0,0,0,0,355.634,0,-157.698,-10.0143
"MtrElec",7,9,21,"",167.916,0,0,0,0,0,0,0,0,0,0,0,0,0,0,0,0,0,0,0,0,325.614,0,-157.698,0
"MtrElec",7,9,22,"",189.184,0,0,0,0,0,0,0,0,0,0,0,0,0,0,0,0,0,0,0,0,247.107,0,-57.9236,0
"MtrElec",7,9,23,"",239.245,0,0,0,0,0,0,0,0,0,0,0,0,0,0,0,0,0,0,0,0,239.245,0,0,0
"MtrElec",7,9,24,"",193.547,0,0,0,0,0,0,0,0,0,0,0,0,0,0,0,0,0,0,0,0,193.547,0,0,0
"MtrElec",7,10,1,"",137.759,0,0,0,0,0,0,0,0,0,0,0,0,0,0,0,0,0,0,0,0,137.759,0,0,0
"MtrElec",7,10,2,"",103.784,0,0,0,0,0,0,0,0,0,0,0,0,0,0,0,0,0,0,0,0,103.784,0,0,0
"MtrElec",7,10,3,"",103.319,0,0,0,0,0,0,0,0,0,0,0,0,0,0,0,0,0,0,0,0,103.319,0,0,0
"MtrElec",7,10,4,"",110.806,0,0,0,0,0,0,0,0,0,0,0,0,0,0,0,0,0,0,0,0,110.806,0,0,0
"MtrElec",7,10,5,"",116.152,0,0,0,0,0,0,0,0,0,0,0,0,0,0,0,0,0,0,0,0,116.152,0,0,0
"MtrElec",7,10,6,"",103.663,0,0,0,0,0,0,0,0,0,0,0,0,0,0,0,0,0,0,0,0,103.663,0,0,0
"MtrElec",7,10,7,"",136.822,0,0,0,0,0,0,0,0,0,0,0,0,0,0,0,0,0,0,0,0,153.368,0,0,-16.5459
"MtrElec",7,10,8,"",143.998,0,0,0,0,0,0,0,0,0,0,0,0,0,0,0,0,0,0,0,0,218.601,0,0,-74.6025
"MtrElec",7,10,9,"",30.3136,0,0,0,0,0,0,0,0,0,0,0,0,0,0,0,0,0,0,0,0,218.692,0,0,-188.378
"MtrElec",7,10,10,"",0,0,0,0,0,0,0,0,0,0,0,0,0,0,0,0,0,0,0,0,0,241.088,0,47.2252,-288.313
"MtrElec",7,10,11,"",0,0,0,0,0,0,0,0,0,0,0,0,0,0,0,0,0,0,0,0,0,281.312,0,75.89,-357.202
"MtrElec",7,10,12,"",-33.5472,0,0,0,0,0,0,0,0,0,0,0,0,0,0,0,0,0,0,0,0,217.103,0,157.698,-408.348
"MtrElec",7,10,13,"",-25.8125,0,0,0,0,0,0,0,0,0,0,0,0,0,0,0,0,0,0,0,0,252.459,0,157.698,-435.97
"MtrElec",7,10,14,"",-20.6902,0,0,0,0,0,0,0,0,0,0,0,0,0,0,0,0,0,0,0,0,262.072,0,149.874,-432.636
"MtrElec",7,10,15,"",-154.464,0,0,0,0,0,0,0,0,0,0,0,0,0,0,0,0,0,0,0,0,253.443,0,0,-407.907
"MtrElec",7,10,16,"",-116.031,0,0,0,0,0,0,0,0,0,0,0,0,0,0,0,0,0,0,0,0,243.419,0,0,-359.45
"MtrElec",7,10,17,"",38.8255,0,0,0,0,0,0,0,0,0,0,0,0,0,0,0,0,0,0,0,0,318.416,0,0,-279.591
"MtrElec",7,10,18,"",148.227,0,0,0,0,0,0,0,0,0,0,0,0,0,0,0,0,0,0,0,0,323.144,0,0,-174.917
"MtrElec",7,10,19,"",133.611,0,0,0,0,0,0,0,0,0,0,0,0,0,0,0,0,0,0,0,0,356.244,0,-157.698,-64.9356
"MtrElec",7,10,20,"",154.671,0,0,0,0,0,0,0,0,0,0,0,0,0,0,0,0,0,0,0,0,323.229,0,-157.698,-10.8599
"MtrElec",7,10,21,"",168.94,0,0,0,0,0,0,0,0,0,0,0,0,0,0,0,0,0,0,0,0,326.638,0,-157.698,0
"MtrElec",7,10,22,"",189.43,0,0,0,0,0,0,0,0,0,0,0,0,0,0,0,0,0,0,0,0,247.354,0,-57.9236,0
"MtrElec",7,10,23,"",235.102,0,0,0,0,0,0,0,0,0,0,0,0,0,0,0,0,0,0,0,0,235.102,0,0,0
"MtrElec",7,10,24,"",157.406,0,0,0,0,0,0,0,0,0,0,0,0,0,0,0,0,0,0,0,0,157.406,0,0,0
"MtrElec",7,11,1,"",108.18,0,0,0,0,0,0,0,0,0,0,0,0,0,0,0,0,0,0,0,0,108.18,0,0,0
"MtrElec",7,11,2,"",105.935,0,0,0,0,0,0,0,0,0,0,0,0,0,0,0,0,0,0,0,0,105.935,0,0,0
"MtrElec",7,11,3,"",135.845,0,0,0,0,0,0,0,0,0,0,0,0,0,0,0,0,0,0,0,0,135.845,0,0,0
"MtrElec",7,11,4,"",90.2989,0,0,0,0,0,0,0,0,0,0,0,0,0,0,0,0,0,0,0,0,90.2989,0,0,0
"MtrElec",7,11,5,"",99.282,0,0,0,0,0,0,0,0,0,0,0,0,0,0,0,0,0,0,0,0,99.282,0,0,0
"MtrElec",7,11,6,"",99.0923,0,0,0,0,0,0,0,0,0,0,0,0,0,0,0,0,0,0,0,0,99.0923,0,0,0
"MtrElec",7,11,7,"",66.0941,0,0,0,0,0,0,0,0,0,0,0,0,0,0,0,0,0,0,0,0,93.7288,0,0,-27.6346
"MtrElec",7,11,8,"",57.3979,0,0,0,0,0,0,0,0,0,0,0,0,0,0,0,0,0,0,0,0,143.805,0,0,-86.407
"MtrElec",7,11,9,"",85.8386,0,0,0,0,0,0,0,0,0,0,0,0,0,0,0,0,0,0,0,0,174.991,0,0,-89.152
"MtrElec",7,11,10,"",10.2265,0,0,0,0,0,0,0,0,0,0,0,0,0,0,0,0,0,0,0,0,274.461,0,0,-264.234
"MtrElec",7,11,11,"",0.0000078,0,0,0,0,0,0,0,0,0,0,0,0,0,0,0,0,0,0,0,0,259.388,0,104.591,-363.978
"MtrElec",7,11,12,"",0,0,0,0,0,0,0,0,0,0,0,0,0,0,0,0,0,0,0,0,0,310.834,0,109.73,-420.564
"MtrElec",7,11,13,"",-30.112,0,0,0,0,0,0,0,0,0,0,0,0,0,0,0,0,0,0,0,0,257.2,0,157.698,-445.01
"MtrElec",7,11,14,"",-28.6968,0,0,0,0,0,0,0,0,0,0,0,0,0,0,0,0,0,0,0,0,253.802,0,157.698,-440.197
"MtrElec",7,11,15,"",-67.0662,0,0,0,0,0,0,0,0,0,0,0,0,0,0,0,0,0,0,0,0,287.478,0,58.6686,-413.213
"MtrElec",7,11,16,"",-91.3182,0,0,0,0,0,0,0,0,0,0,0,0,0,0,0,0,0,0,0,0,268.553,0,0,-359.872
"MtrElec",7,11,17,"",-2.64869,0,0,0,0,0,0,0,0,0,0,0,0,0,0,0,0,0,0,0,0,279.199,0,0,-281.848
"MtrElec",7,11,18,"",155.734,0,0,0,0,0,0,0,0,0,0,0,0,0,0,0,0,0,0,0,0,333.845,0,0,-178.111
"MtrElec",7,11,19,"",120.363,0,0,0,0,0,0,0,0,0,0,0,0,0,0,0,0,0,0,0,0,344.397,0,-157.698,-66.3362
"MtrElec",7,11,20,"",149.992,0,0,0,0,0,0,0,0,0,0,0,0,0,0,0,0,0,0,0,0,318.387,0,-157.698,-10.6975
"MtrElec",7,11,21,"",89.1482,0,0,0,0,0,0,0,0,0,0,0,0,0,0,0,0,0,0,0,0,246.846,0,-157.698,0
"MtrElec",7,11,22,"",200.631,0,0,0,0,0,0,0,0,0,0,0,0,0,0,0,0,0,0,0,0,258.554,0,-57.9236,0
"MtrElec",7,11,23,"",194.667,0,0,0,0,0,0,0,0,0,0,0,0,0,0,0,0,0,0,0,0,194.667,0,0,0
"MtrElec",7,11,24,"",180.607,0,0,0,0,0,0,0,0,0,0,0,0,0,0,0,0,0,0,0,0,180.607,0,0,0
"MtrElec",7,12,1,"",111.158,0,0,0,0,0,0,0,0,0,0,0,0,0,0,0,0,0,0,0,0,111.158,0,0,0
"MtrElec",7,12,2,"",101.652,0,0,0,0,0,0,0,0,0,0,0,0,0,0,0,0,0,0,0,0,101.652,0,0,0
"MtrElec",7,12,3,"",104.217,0,0,0,0,0,0,0,0,0,0,0,0,0,0,0,0,0,0,0,0,104.217,0,0,0
"MtrElec",7,12,4,"",129.656,0,0,0,0,0,0,0,0,0,0,0,0,0,0,0,0,0,0,0,0,129.656,0,0,0
"MtrElec",7,12,5,"",126.859,0,0,0,0,0,0,0,0,0,0,0,0,0,0,0,0,0,0,0,0,126.859,0,0,0
"MtrElec",7,12,6,"",100.195,0,0,0,0,0,0,0,0,0,0,0,0,0,0,0,0,0,0,0,0,100.195,0,0,0
"MtrElec",7,12,7,"",68.616,0,0,0,0,0,0,0,0,0,0,0,0,0,0,0,0,0,0,0,0,95.4986,0,0,-26.8827
"MtrElec",7,12,8,"",74.5161,0,0,0,0,0,0,0,0,0,0,0,0,0,0,0,0,0,0,0,0,157.585,0,0,-83.0685
"MtrElec",7,12,9,"",130.995,0,0,0,0,0,0,0,0,0,0,0,0,0,0,0,0,0,0,0,0,199.732,0,0,-68.7367
"MtrElec",7,12,10,"",45.2552,0,0,0,0,0,0,0,0,0,0,0,0,0,0,0,0,0,0,0,0,262.776,0,0,-217.521
"MtrElec",7,12,11,"",0,0,0,0,0,0,0,0,0,0,0,0,0,0,0,0,0,0,0,0,0,332.987,0,35.94,-368.927
"MtrElec",7,12,12,"",0,0,0,0,0,0,0,0,0,0,0,0,0,0,0,0,0,0,0,0,0,308.68,0,108.022,-416.702
"MtrElec",7,12,13,"",-27.7595,0,0,0,0,0,0,0,0,0,0,0,0,0,0,0,0,0,0,0,0,253.698,0,157.698,-439.156
"MtrElec",7,12,14,"",-23.769,0,0,0,0,0,0,0,0,0,0,0,0,0,0,0,0,0,0,0,0,264.117,0,157.698,-445.584
"MtrElec",7,12,15,"",0.0000078,0,0,0,0,0,0,0,0,0,0,0,0,0,0,0,0,0,0,0,0,304.974,0,120.324,-425.299
"MtrElec",7,12,16,"",-74.3723,0,0,0,0,0,0,0,0,0,0,0,0,0,0,0,0,0,0,0,0,288.989,0,8.70256,-372.064
"MtrElec",7,12,17,"",-18.7692,0,0,0,0,0,0,0,0,0,0,0,0,0,0,0,0,0,0,0,0,270.513,0,0,-289.282
"MtrElec",7,12,18,"",102.717,0,0,0,0,0,0,0,0,0,0,0,0,0,0,0,0,0,0,0,0,284.375,0,0,-181.658
"MtrElec",7,12,19,"",117.744,0,0,0,0,0,0,0,0,0,0,0,0,0,0,0,0,0,0,0,0,343.275,0,-157.698,-67.8331
"MtrElec",7,12,20,"",156.905,0,0,0,0,0,0,0,0,0,0,0,0,0,0,0,0,0,0,0,0,326.02,0,-157.698,-11.4169
"MtrElec",7,12,21,"",121.972,0,0,0,0,0,0,0,0,0,0,0,0,0,0,0,0,0,0,0,0,279.67,0,-157.698,0
"MtrElec",7,12,22,"",205.684,0,0,0,0,0,0,0,0,0,0,0,0,0,0,0,0,0,0,0,0,263.608,0,-57.9236,0
"MtrElec",7,12,23,"",182.655,0,0,0,0,0,0,0,0,0,0,0,0,0,0,0,0,0,0,0,0,182.655,0,0,0
"MtrElec",7,12,24,"",154.69,0,0,0,0,0,0,0,0,0,0,0,0,0,0,0,0,0,0,0,0,154.69,0,0,0
"MtrElec",7,13,1,"",105.026,0,0,0,0,0,0,0,0,0,0,0,0,0,0,0,0,0,0,0,0,105.026,0,0,0
"MtrElec",7,13,2,"",103.782,0,0,0,0,0,0,0,0,0,0,0,0,0,0,0,0,0,0,0,0,103.782,0,0,0
"MtrElec",7,13,3,"",103.554,0,0,0,0,0,0,0,0,0,0,0,0,0,0,0,0,0,0,0,0,103.554,0,0,0
"MtrElec",7,13,4,"",134.926,0,0,0,0,0,0,0,0,0,0,0,0,0,0,0,0,0,0,0,0,134.926,0,0,0
"MtrElec",7,13,5,"",96.2278,0,0,0,0,0,0,0,0,0,0,0,0,0,0,0,0,0,0,0,0,96.2278,0,0,0
"MtrElec",7,13,6,"",101.212,0,0,0,0,0,0,0,0,0,0,0,0,0,0,0,0,0,0,0,0,101.212,0,0,0
"MtrElec",7,13,7,"",129.383,0,0,0,0,0,0,0,0,0,0,0,0,0,0,0,0,0,0,0,0,155.311,0,0,-25.9274
"MtrElec",7,13,8,"",138.342,0,0,0,0,0,0,0,0,0,0,0,0,0,0,0,0,0,0,0,0,219.117,0,0,-80.7751
"MtrElec",7,13,9,"",234.265,0,0,0,0,0,0,0,0,0,0,0,0,0,0,0,0,0,0,0,0,276.314,0,0,-42.0483
"MtrElec",7,13,10,"",87.7542,0,0,0,0,0,0,0,0,0,0,0,0,0,0,0,0,0,0,0,0,226.371,0,0,-138.616
"MtrElec",7,13,11,"",0,0,0,0,0,0,0,0,0,0,0,0,0,0,0,0,0,0,0,0,0,234.418,0,20.4009,-254.819
"MtrElec",7,13,12,"",-20.0901,0,0,0,0,0,0,0,0,0,0,0,0,0,0,0,0,0,0,0,0,220.14,0,157.698,-397.928
"MtrElec",7,13,13,"",-52.8605,0,0,0,0,0,0,0,0,0,0,0,0,0,0,0,0,0,0,0,0,230.433,0,157.698,-440.992
"MtrElec",7,13,14,"",-124.782,0,0,0,0,0,0,0,0,0,0,0,0,0,0,0,0,0,0,0,0,164.53,0,157.698,-447.01
"MtrElec",7,13,15,"",-125.618,0,0,0,0,0,0,0,0,0,0,0,0,0,0,0,0,0,0,0,0,202.495,0,94.8903,-423.003
"MtrElec",7,13,16,"",-137.682,0,0,0,0,0,0,0,0,0,0,0,0,0,0,0,0,0,0,0,0,227.658,0,0,-365.341
"MtrElec",7,13,17,"",-33.1766,0,0,0,0,0,0,0,0,0,0,0,0,0,0,0,0,0,0,0,0,249.854,0,0,-283.03
"MtrElec",7,13,18,"",101.406,0,0,0,0,0,0,0,0,0,0,0,0,0,0,0,0,0,0,0,0,281.562,0,0,-180.156
"MtrElec",7,13,19,"",74.0942,0,0,0,0,0,0,0,0,0,0,0,0,0,0,0,0,0,0,0,0,298.866,0,-157.698,-67.0734
"MtrElec",7,13,20,"",148.566,0,0,0,0,0,0,0,0,0,0,0,0,0,0,0,0,0,0,0,0,317.291,0,-157.698,-11.028
"MtrElec",7,13,21,"",137.742,0,0,0,0,0,0,0,0,0,0,0,0,0,0,0,0,0,0,0,0,295.439,0,-157.698,0
"MtrElec",7,13,22,"",167.218,0,0,0,0,0,0,0,0,0,0,0,0,0,0,0,0,0,0,0,0,225.142,0,-57.9236,0
"MtrElec",7,13,23,"",210.799,0,0,0,0,0,0,0,0,0,0,0,0,0,0,0,0,0,0,0,0,210.799,0,0,0
"MtrElec",7,13,24,"",145.15,0,0,0,0,0,0,0,0,0,0,0,0,0,0,0,0,0,0,0,0,145.15,0,0,0
"MtrElec",7,14,1,"",168.508,0,0,0,0,0,0,0,0,0,0,0,0,0,0,0,0,0,0,0,0,168.508,0,0,0
"MtrElec",7,14,2,"",119.646,0,0,0,0,0,0,0,0,0,0,0,0,0,0,0,0,0,0,0,0,119.646,0,0,0
"MtrElec",7,14,3,"",86.4056,0,0,0,0,0,0,0,0,0,0,0,0,0,0,0,0,0,0,0,0,86.4056,0,0,0
"MtrElec",7,14,4,"",107.464,0,0,0,0,0,0,0,0,0,0,0,0,0,0,0,0,0,0,0,0,107.464,0,0,0
"MtrElec",7,14,5,"",98.3355,0,0,0,0,0,0,0,0,0,0,0,0,0,0,0,0,0,0,0,0,98.3355,0,0,0
"MtrElec",7,14,6,"",88.7876,0,0,0,0,0,0,0,0,0,0,0,0,0,0,0,0,0,0,0,0,88.7876,0,0,0
"MtrElec",7,14,7,"",130.111,0,0,0,0,0,0,0,0,0,0,0,0,0,0,0,0,0,0,0,0,154.366,0,0,-24.2545
"MtrElec",7,14,8,"",166.05,0,0,0,0,0,0,0,0,0,0,0,0,0,0,0,0,0,0,0,0,246.508,0,0,-80.4581
"MtrElec",7,14,9,"",191.619,0,0,0,0,0,0,0,0,0,0,0,0,0,0,0,0,0,0,0,0,234.037,0,0,-42.4181
"MtrElec",7,14,10,"",152.421,0,0,0,0,0,0,0,0,0,0,0,0,0,0,0,0,0,0,0,0,211.608,0,0,-59.1872
"MtrElec",7,14,11,"",91.6501,0,0,0,0,0,0,0,0,0,0,0,0,0,0,0,0,0,0,0,0,201.757,0,0,-110.107
"MtrElec",7,14,12,"",0.0000020,0,0,0,0,0,0,0,0,0,0,0,0,0,0,0,0,0,0,0,0,203.314,0,19.1212,-222.435
"MtrElec",7,14,13,"",0,0,0,0,0,0,0,0,0,0,0,0,0,0,0,0,0,0,0,0,0,254.577,0,77.513,-332.09
"MtrElec",7,14,14,"",-143.542,0,0,0,0,0,0,0,0,0,0,0,0,0,0,0,0,0,0,0,0,147.946,0,157.698,-449.186
"MtrElec",7,14,15,"",-45.8743,0,0,0,0,0,0,0,0,0,0,0,0,0,0,0,0,0,0,0,0,211.312,0,157.698,-414.884
"MtrElec",7,14,16,"",0,0,0,0,0,0,0,0,0,0,0,0,0,0,0,0,0,0,0,0,0,213.007,0,151.966,-364.973
"MtrElec",7,14,17,"",0,0,0,0,0,0,0,0,0,0,0,0,0,0,0,0,0,0,0,0,0,275.845,0,8.88184,-284.727
"MtrElec",7,14,18,"",107.36,0,0,0,0,0,0,0,0,0,0,0,0,0,0,0,0,0,0,0,0,287.303,0,0,-179.942
"MtrElec",7,14,19,"",69.9126,0,0,0,0,0,0,0,0,0,0,0,0,0,0,0,0,0,0,0,0,293.793,0,-157.698,-66.1829
"MtrElec",7,14,20,"",107.379,0,0,0,0,0,0,0,0,0,0,0,0,0,0,0,0,0,0,0,0,275.507,0,-157.698,-10.4302
"MtrElec",7,14,21,"",101.415,0,0,0,0,0,0,0,0,0,0,0,0,0,0,0,0,0,0,0,0,259.112,0,-157.698,0
"MtrElec",7,14,22,"",181.935,0,0,0,0,0,0,0,0,0,0,0,0,0,0,0,0,0,0,0,0,225.863,0,-43.9285,0
"MtrElec",7,14,23,"",234.604,0,0,0,0,0,0,0,0,0,0,0,0,0,0,0,0,0,0,0,0,234.604,0,0,0
"MtrElec",7,14,24,"",156.815,0,0,0,0,0,0,0,0,0,0,0,0,0,0,0,0,0,0,0,0,156.815,0,0,0
"MtrElec",7,15,1,"",123.725,0,0,0,0,0,0,0,0,0,0,0,0,0,0,0,0,0,0,0,0,123.725,0,0,0
"MtrElec",7,15,2,"",136.323,0,0,0,0,0,0,0,0,0,0,0,0,0,0,0,0,0,0,0,0,136.323,0,0,0
"MtrElec",7,15,3,"",91.3171,0,0,0,0,0,0,0,0,0,0,0,0,0,0,0,0,0,0,0,0,91.3171,0,0,0
"MtrElec",7,15,4,"",94.5443,0,0,0,0,0,0,0,0,0,0,0,0,0,0,0,0,0,0,0,0,94.5443,0,0,0
"MtrElec",7,15,5,"",98.3222,0,0,0,0,0,0,0,0,0,0,0,0,0,0,0,0,0,0,0,0,98.3222,0,0,0
"MtrElec",7,15,6,"",90.5142,0,0,0,0,0,0,0,0,0,0,0,0,0,0,0,0,0,0,0,0,90.5142,0,0,0
"MtrElec",7,15,7,"",154.876,0,0,0,0,0,0,0,0,0,0,0,0,0,0,0,0,0,0,0,0,178.031,0,0,-23.1557
"MtrElec",7,15,8,"",162.805,0,0,0,0,0,0,0,0,0,0,0,0,0,0,0,0,0,0,0,0,250.134,0,0,-87.3291
"MtrElec",7,15,9,"",152.6,0,0,0,0,0,0,0,0,0,0,0,0,0,0,0,0,0,0,0,0,267.958,0,0,-115.358
"MtrElec",7,15,10,"",12.3332,0,0,0,0,0,0,0,0,0,0,0,0,0,0,0,0,0,0,0,0,256.037,0,0,-243.704
"MtrElec",7,15,11,"",0,0,0,0,0,0,0,0,0,0,0,0,0,0,0,0,0,0,0,0,0,241.644,0,132.408,-374.052
"MtrElec",7,15,12,"",-47.2725,0,0,0,0,0,0,0,0,0,0,0,0,0,0,0,0,0,0,0,0,218.196,0,157.698,-423.166
"MtrElec",7,15,13,"",-37.3445,0,0,0,0,0,0,0,0,0,0,0,0,0,0,0,0,0,0,0,0,246.335,0,157.698,-441.377
"MtrElec",7,15,14,"",-144.019,0,0,0,0,0,0,0,0,0,0,0,0,0,0,0,0,0,0,0,0,163.276,0,140.581,-447.876
"MtrElec",7,15,15,"",-212.942,0,0,0,0,0,0,0,0,0,0,0,0,0,0,0,0,0,0,0,0,212.525,0,0,-425.467
"MtrElec",7,15,16,"",-147.54,0,0,0,0,0,0,0,0,0,0,0,0,0,0,0,0,0,0,0,0,226.128,0,0,-373.668
"MtrElec",7,15,17,"",-58.5487,0,0,0,0,0,0,0,0,0,0,0,0,0,0,0,0,0,0,0,0,233.41,0,0,-291.959
"MtrElec",7,15,18,"",109.209,0,0,0,0,0,0,0,0,0,0,0,0,0,0,0,0,0,0,0,0,291.766,0,0,-182.557
"MtrElec",7,15,19,"",98.1963,0,0,0,0,0,0,0,0,0,0,0,0,0,0,0,0,0,0,0,0,323.091,0,-157.698,-67.1965
"MtrElec",7,15,20,"",149.843,0,0,0,0,0,0,0,0,0,0,0,0,0,0,0,0,0,0,0,0,317.983,0,-157.698,-10.4421
"MtrElec",7,15,21,"",147.676,0,0,0,0,0,0,0,0,0,0,0,0,0,0,0,0,0,0,0,0,305.374,0,-157.698,0
"MtrElec",7,15,22,"",194.243,0,0,0,0,0,0,0,0,0,0,0,0,0,0,0,0,0,0,0,0,252.167,0,-57.9236,0
"MtrElec",7,15,23,"",200.256,0,0,0,0,0,0,0,0,0,0,0,0,0,0,0,0,0,0,0,0,200.256,0,0,0
"MtrElec",7,15,24,"",168.648,0,0,0,0,0,0,0,0,0,0,0,0,0,0,0,0,0,0,0,0,168.648,0,0,0
"MtrElec",7,16,1,"",131.208,0,0,0,0,0,0,0,0,0,0,0,0,0,0,0,0,0,0,0,0,131.208,0,0,0
"MtrElec",7,16,2,"",101.55,0,0,0,0,0,0,0,0,0,0,0,0,0,0,0,0,0,0,0,0,101.55,0,0,0
"MtrElec",7,16,3,"",87.2921,0,0,0,0,0,0,0,0,0,0,0,0,0,0,0,0,0,0,0,0,87.2921,0,0,0
"MtrElec",7,16,4,"",108.219,0,0,0,0,0,0,0,0,0,0,0,0,0,0,0,0,0,0,0,0,108.219,0,0,0
"MtrElec",7,16,5,"",91.6596,0,0,0,0,0,0,0,0,0,0,0,0,0,0,0,0,0,0,0,0,91.6596,0,0,0
"MtrElec",7,16,6,"",131.518,0,0,0,0,0,0,0,0,0,0,0,0,0,0,0,0,0,0,0,0,131.518,0,0,0
"MtrElec",7,16,7,"",165.785,0,0,0,0,0,0,0,0,0,0,0,0,0,0,0,0,0,0,0,0,191.004,0,0,-25.2184
"MtrElec",7,16,8,"",128.39,0,0,0,0,0,0,0,0,0,0,0,0,0,0,0,0,0,0,0,0,211.607,0,0,-83.2174
"MtrElec",7,16,9,"",215.258,0,0,0,0,0,0,0,0,0,0,0,0,0,0,0,0,0,0,0,0,259.716,0,0,-44.4583
"MtrElec",7,16,10,"",133.647,0,0,0,0,0,0,0,0,0,0,0,0,0,0,0,0,0,0,0,0,224.573,0,0,-90.9265
"MtrElec",7,16,11,"",0,0,0,0,0,0,0,0,0,0,0,0,0,0,0,0,0,0,0,0,0,238.851,0,1.61884,-240.47
"MtrElec",7,16,12,"",-52.6855,0,0,0,0,0,0,0,0,0,0,0,0,0,0,0,0,0,0,0,0,219.548,0,157.698,-429.931
"MtrElec",7,16,13,"",-82.5584,0,0,0,0,0,0,0,0,0,0,0,0,0,0,0,0,0,0,0,0,220.325,0,157.698,-460.581
"MtrElec",7,16,14,"",-137.234,0,0,0,0,0,0,0,0,0,0,0,0,0,0,0,0,0,0,0,0,163.023,0,157.698,-457.955
"MtrElec",7,16,15,"",-166.029,0,0,0,0,0,0,0,0,0,0,0,0,0,0,0,0,0,0,0,0,147.897,0,113.672,-427.598
"MtrElec",7,16,16,"",-157.831,0,0,0,0,0,0,0,0,0,0,0,0,0,0,0,0,0,0,0,0,214.152,0,0,-371.982
"MtrElec",7,16,17,"",-21.5966,0,0,0,0,0,0,0,0,0,0,0,0,0,0,0,0,0,0,0,0,266.608,0,0,-288.205
"MtrElec",7,16,18,"",113.121,0,0,0,0,0,0,0,0,0,0,0,0,0,0,0,0,0,0,0,0,293.986,0,0,-180.865
"MtrElec",7,16,19,"",123.035,0,0,0,0,0,0,0,0,0,0,0,0,0,0,0,0,0,0,0,0,347.359,0,-157.698,-66.626
"MtrElec",7,16,20,"",166.727,0,0,0,0,0,0,0,0,0,0,0,0,0,0,0,0,0,0,0,0,334.785,0,-157.698,-10.3603
"MtrElec",7,16,21,"",150.505,0,0,0,0,0,0,0,0,0,0,0,0,0,0,0,0,0,0,0,0,308.203,0,-157.698,0
"MtrElec",7,16,22,"",155.171,0,0,0,0,0,0,0,0,0,0,0,0,0,0,0,0,0,0,0,0,213.095,0,-57.9236,0
"MtrElec",7,16,23,"",194.596,0,0,0,0,0,0,0,0,0,0,0,0,0,0,0,0,0,0,0,0,194.596,0,0,0
"MtrElec",7,16,24,"",183.865,0,0,0,0,0,0,0,0,0,0,0,0,0,0,0,0,0,0,0,0,183.865,0,0,0
"MtrElec",7,17,1,"",98.9285,0,0,0,0,0,0,0,0,0,0,0,0,0,0,0,0,0,0,0,0,98.9285,0,0,0
"MtrElec",7,17,2,"",102.359,0,0,0,0,0,0,0,0,0,0,0,0,0,0,0,0,0,0,0,0,102.359,0,0,0
"MtrElec",7,17,3,"",95.9074,0,0,0,0,0,0,0,0,0,0,0,0,0,0,0,0,0,0,0,0,95.9074,0,0,0
"MtrElec",7,17,4,"",84.429,0,0,0,0,0,0,0,0,0,0,0,0,0,0,0,0,0,0,0,0,84.429,0,0,0
"MtrElec",7,17,5,"",93.9052,0,0,0,0,0,0,0,0,0,0,0,0,0,0,0,0,0,0,0,0,93.9052,0,0,0
"MtrElec",7,17,6,"",145.543,0,0,0,0,0,0,0,0,0,0,0,0,0,0,0,0,0,0,0,0,145.543,0,0,0
"MtrElec",7,17,7,"",130.712,0,0,0,0,0,0,0,0,0,0,0,0,0,0,0,0,0,0,0,0,147.114,0,0,-16.4026
"MtrElec",7,17,8,"",99.7532,0,0,0,0,0,0,0,0,0,0,0,0,0,0,0,0,0,0,0,0,172.903,0,0,-73.1495
"MtrElec",7,17,9,"",0.640875,0,0,0,0,0,0,0,0,0,0,0,0,0,0,0,0,0,0,0,0,191.835,0,0,-191.194
"MtrElec",7,17,10,"",0.0000078,0,0,0,0,0,0,0,0,0,0,0,0,0,0,0,0,0,0,0,0,204.512,0,92.7249,-297.237
"MtrElec",7,17,11,"",0.0000156,0,0,0,0,0,0,0,0,0,0,0,0,0,0,0,0,0,0,0,0,225.36,0,146.048,-371.408
"MtrElec",7,17,12,"",-53.149,0,0,0,0,0,0,0,0,0,0,0,0,0,0,0,0,0,0,0,0,216.339,0,157.698,-427.185
"MtrElec",7,17,13,"",-23.5813,0,0,0,0,0,0,0,0,0,0,0,0,0,0,0,0,0,0,0,0,275.002,0,157.698,-456.281
"MtrElec",7,17,14,"",-220.493,0,0,0,0,0,0,0,0,0,0,0,0,0,0,0,0,0,0,0,0,194.137,0,34.2164,-448.846
"MtrElec",7,17,15,"",-192.093,0,0,0,0,0,0,0,0,0,0,0,0,0,0,0,0,0,0,0,0,231.348,0,0,-423.442
"MtrElec",7,17,16,"",-117.967,0,0,0,0,0,0,0,0,0,0,0,0,0,0,0,0,0,0,0,0,252.942,0,0,-370.909
"MtrElec",7,17,17,"",-11.1997,0,0,0,0,0,0,0,0,0,0,0,0,0,0,0,0,0,0,0,0,278.148,0,0,-289.348
"MtrElec",7,17,18,"",150.343,0,0,0,0,0,0,0,0,0,0,0,0,0,0,0,0,0,0,0,0,334.232,0,0,-183.889
"MtrElec",7,17,19,"",129.856,0,0,0,0,0,0,0,0,0,0,0,0,0,0,0,0,0,0,0,0,355.388,0,-157.698,-67.834
"MtrElec",7,17,20,"",160.88,0,0,0,0,0,0,0,0,0,0,0,0,0,0,0,0,0,0,0,0,328.437,0,-157.698,-9.85961
"MtrElec",7,17,21,"",162.126,0,0,0,0,0,0,0,0,0,0,0,0,0,0,0,0,0,0,0,0,319.824,0,-157.698,0
"MtrElec",7,17,22,"",175.259,0,0,0,0,0,0,0,0,0,0,0,0,0,0,0,0,0,0,0,0,233.182,0,-57.9236,0
"MtrElec",7,17,23,"",233.647,0,0,0,0,0,0,0,0,0,0,0,0,0,0,0,0,0,0,0,0,233.647,0,0,0
"MtrElec",7,17,24,"",176.527,0,0,0,0,0,0,0,0,0,0,0,0,0,0,0,0,0,0,0,0,176.527,0,0,0
"MtrElec",7,18,1,"",132.707,0,0,0,0,0,0,0,0,0,0,0,0,0,0,0,0,0,0,0,0,132.707,0,0,0
"MtrElec",7,18,2,"",137.908,0,0,0,0,0,0,0,0,0,0,0,0,0,0,0,0,0,0,0,0,137.908,0,0,0
"MtrElec",7,18,3,"",102.909,0,0,0,0,0,0,0,0,0,0,0,0,0,0,0,0,0,0,0,0,102.909,0,0,0
"MtrElec",7,18,4,"",99.8396,0,0,0,0,0,0,0,0,0,0,0,0,0,0,0,0,0,0,0,0,99.8396,0,0,0
"MtrElec",7,18,5,"",96.2411,0,0,0,0,0,0,0,0,0,0,0,0,0,0,0,0,0,0,0,0,96.2411,0,0,0
"MtrElec",7,18,6,"",87.78,0,0,0,0,0,0,0,0,0,0,0,0,0,0,0,0,0,0,0,0,87.78,0,0,0
"MtrElec",7,18,7,"",129.647,0,0,0,0,0,0,0,0,0,0,0,0,0,0,0,0,0,0,0,0,145.387,0,0,-15.7393
"MtrElec",7,18,8,"",108.507,0,0,0,0,0,0,0,0,0,0,0,0,0,0,0,0,0,0,0,0,179.843,0,0,-71.3361
"MtrElec",7,18,9,"",42.0995,0,0,0,0,0,0,0,0,0,0,0,0,0,0,0,0,0,0,0,0,226.628,0,0,-184.528
"MtrElec",7,18,10,"",4.54594,0,0,0,0,0,0,0,0,0,0,0,0,0,0,0,0,0,0,0,0,287.224,0,0,-282.678
"MtrElec",7,18,11,"",0,0,0,0,0,0,0,0,0,0,0,0,0,0,0,0,0,0,0,0,0,324.077,0,37.0178,-361.095
"MtrElec",7,18,12,"",0,0,0,0,0,0,0,0,0,0,0,0,0,0,0,0,0,0,0,0,0,349.174,0,68.1445,-417.319
"MtrElec",7,18,13,"",0.0000078,0,0,0,0,0,0,0,0,0,0,0,0,0,0,0,0,0,0,0,0,325.823,0,113.494,-439.317
"MtrElec",7,18,14,"",0,0,0,0,0,0,0,0,0,0,0,0,0,0,0,0,0,0,0,0,0,333.879,0,101.456,-435.335
"MtrElec",7,18,15,"",0,0,0,0,0,0,0,0,0,0,0,0,0,0,0,0,0,0,0,0,0,301.232,0,108.169,-409.401
"MtrElec",7,18,16,"",0,0,0,0,0,0,0,0,0,0,0,0,0,0,0,0,0,0,0,0,0,312.739,0,43.03,-355.769
"MtrElec",7,18,17,"",56.4281,0,0,0,0,0,0,0,0,0,0,0,0,0,0,0,0,0,0,0,0,333.741,0,0,-277.313
"MtrElec",7,18,18,"",191.249,0,0,0,0,0,0,0,0,0,0,0,0,0,0,0,0,0,0,0,0,365.856,0,0,-174.607
"MtrElec",7,18,19,"",195.127,0,0,0,0,0,0,0,0,0,0,0,0,0,0,0,0,0,0,0,0,417.172,0,-157.698,-64.3469
"MtrElec",7,18,20,"",181.727,0,0,0,0,0,0,0,0,0,0,0,0,0,0,0,0,0,0,0,0,347.943,0,-157.698,-8.51791
"MtrElec",7,18,21,"",169.314,0,0,0,0,0,0,0,0,0,0,0,0,0,0,0,0,0,0,0,0,279.277,0,-109.963,0
"MtrElec",7,18,22,"",252.74,0,0,0,0,0,0,0,0,0,0,0,0,0,0,0,0,0,0,0,0,252.74,0,0,0
"MtrElec",7,18,23,"",235.995,0,0,0,0,0,0,0,0,0,0,0,0,0,0,0,0,0,0,0,0,235.995,0,0,0
"MtrElec",7,18,24,"",203.056,0,0,0,0,0,0,0,0,0,0,0,0,0,0,0,0,0,0,0,0,203.056,0,0,0
"MtrElec",7,19,1,"",146.695,0,0,0,0,0,0,0,0,0,0,0,0,0,0,0,0,0,0,0,0,146.695,0,0,0
"MtrElec",7,19,2,"",116.982,0,0,0,0,0,0,0,0,0,0,0,0,0,0,0,0,0,0,0,0,116.982,0,0,0
"MtrElec",7,19,3,"",97.028,0,0,0,0,0,0,0,0,0,0,0,0,0,0,0,0,0,0,0,0,97.028,0,0,0
"MtrElec",7,19,4,"",135.653,0,0,0,0,0,0,0,0,0,0,0,0,0,0,0,0,0,0,0,0,135.653,0,0,0
"MtrElec",7,19,5,"",115.288,0,0,0,0,0,0,0,0,0,0,0,0,0,0,0,0,0,0,0,0,115.288,0,0,0
"MtrElec",7,19,6,"",95.1717,0,0,0,0,0,0,0,0,0,0,0,0,0,0,0,0,0,0,0,0,95.1717,0,0,0
"MtrElec",7,19,7,"",103.846,0,0,0,0,0,0,0,0,0,0,0,0,0,0,0,0,0,0,0,0,118.814,0,0,-14.9679
"MtrElec",7,19,8,"",120.827,0,0,0,0,0,0,0,0,0,0,0,0,0,0,0,0,0,0,0,0,189.511,0,0,-68.684
"MtrElec",7,19,9,"",37.1571,0,0,0,0,0,0,0,0,0,0,0,0,0,0,0,0,0,0,0,0,215.431,0,0,-178.274
"MtrElec",7,19,10,"",0,0,0,0,0,0,0,0,0,0,0,0,0,0,0,0,0,0,0,0,0,257.871,0,21.8425,-279.714
"MtrElec",7,19,11,"",0,0,0,0,0,0,0,0,0,0,0,0,0,0,0,0,0,0,0,0,0,324.019,0,33.3886,-357.407
"MtrElec",7,19,12,"",0.0000039,0,0,0,0,0,0,0,0,0,0,0,0,0,0,0,0,0,0,0,0,360.806,0,44.4943,-405.301
"MtrElec",7,19,13,"",0,0,0,0,0,0,0,0,0,0,0,0,0,0,0,0,0,0,0,0,0,320.132,0,110.934,-431.066
"MtrElec",7,19,14,"",0.0000156,0,0,0,0,0,0,0,0,0,0,0,0,0,0,0,0,0,0,0,0,302.216,0,136.151,-438.366
"MtrElec",7,19,15,"",0,0,0,0,0,0,0,0,0,0,0,0,0,0,0,0,0,0,0,0,0,351.249,0,67.0117,-418.261
"MtrElec",7,19,16,"",0,0,0,0,0,0,0,0,0,0,0,0,0,0,0,0,0,0,0,0,0,303.708,0,59.8747,-363.583
"MtrElec",7,19,17,"",27.8115,0,0,0,0,0,0,0,0,0,0,0,0,0,0,0,0,0,0,0,0,307.263,0,0,-279.451
"MtrElec",7,19,18,"",188.494,0,0,0,0,0,0,0,0,0,0,0,0,0,0,0,0,0,0,0,0,365.085,0,0,-176.591
"MtrElec",7,19,19,"",173.531,0,0,0,0,0,0,0,0,0,0,0,0,0,0,0,0,0,0,0,0,395.552,0,-157.698,-64.3231
"MtrElec",7,19,20,"",204.325,0,0,0,0,0,0,0,0,0,0,0,0,0,0,0,0,0,0,0,0,370.934,0,-157.698,-8.91086
"MtrElec",7,19,21,"",159.312,0,0,0,0,0,0,0,0,0,0,0,0,0,0,0,0,0,0,0,0,271.427,0,-112.115,0
"MtrElec",7,19,22,"",262.158,0,0,0,0,0,0,0,0,0,0,0,0,0,0,0,0,0,0,0,0,262.158,0,0,0
"MtrElec",7,19,23,"",229.008,0,0,0,0,0,0,0,0,0,0,0,0,0,0,0,0,0,0,0,0,229.008,0,0,0
"MtrElec",7,19,24,"",184.398,0,0,0,0,0,0,0,0,0,0,0,0,0,0,0,0,0,0,0,0,184.398,0,0,0
"MtrElec",7,20,1,"",168.403,0,0,0,0,0,0,0,0,0,0,0,0,0,0,0,0,0,0,0,0,168.403,0,0,0
"MtrElec",7,20,2,"",109,0,0,0,0,0,0,0,0,0,0,0,0,0,0,0,0,0,0,0,0,109,0,0,0
"MtrElec",7,20,3,"",97.533,0,0,0,0,0,0,0,0,0,0,0,0,0,0,0,0,0,0,0,0,97.533,0,0,0
"MtrElec",7,20,4,"",108.757,0,0,0,0,0,0,0,0,0,0,0,0,0,0,0,0,0,0,0,0,108.757,0,0,0
"MtrElec",7,20,5,"",97.1068,0,0,0,0,0,0,0,0,0,0,0,0,0,0,0,0,0,0,0,0,97.1068,0,0,0
"MtrElec",7,20,6,"",92.9115,0,0,0,0,0,0,0,0,0,0,0,0,0,0,0,0,0,0,0,0,92.9115,0,0,0
"MtrElec",7,20,7,"",152.884,0,0,0,0,0,0,0,0,0,0,0,0,0,0,0,0,0,0,0,0,168.13,0,0,-15.2461
"MtrElec",7,20,8,"",156.411,0,0,0,0,0,0,0,0,0,0,0,0,0,0,0,0,0,0,0,0,228.091,0,0,-71.6801
"MtrElec",7,20,9,"",67.6091,0,0,0,0,0,0,0,0,0,0,0,0,0,0,0,0,0,0,0,0,253.676,0,0,-186.067
"MtrElec",7,20,10,"",0.0000039,0,0,0,0,0,0,0,0,0,0,0,0,0,0,0,0,0,0,0,0,248.468,0,37.3471,-285.815
"MtrElec",7,20,11,"",0,0,0,0,0,0,0,0,0,0,0,0,0,0,0,0,0,0,0,0,0,280.441,0,86.6506,-367.092
"MtrElec",7,20,12,"",0.0000078,0,0,0,0,0,0,0,0,0,0,0,0,0,0,0,0,0,0,0,0,292.017,0,130.635,-422.652
"MtrElec",7,20,13,"",-39.3513,0,0,0,0,0,0,0,0,0,0,0,0,0,0,0,0,0,0,0,0,249.798,0,157.698,-446.848
"MtrElec",7,20,14,"",-86.3769,0,0,0,0,0,0,0,0,0,0,0,0,0,0,0,0,0,0,0,0,200.004,0,157.698,-444.079
"MtrElec",7,20,15,"",-137.031,0,0,0,0,0,0,0,0,0,0,0,0,0,0,0,0,0,0,0,0,262.709,0,18.3566,-418.097
"MtrElec",7,20,16,"",-91.5105,0,0,0,0,0,0,0,0,0,0,0,0,0,0,0,0,0,0,0,0,274.471,0,0,-365.982
"MtrElec",7,20,17,"",-4.14425,0,0,0,0,0,0,0,0,0,0,0,0,0,0,0,0,0,0,0,0,282.542,0,0,-286.686
"MtrElec",7,20,18,"",138.296,0,0,0,0,0,0,0,0,0,0,0,0,0,0,0,0,0,0,0,0,319.695,0,0,-181.399
"MtrElec",7,20,19,"",125.964,0,0,0,0,0,0,0,0,0,0,0,0,0,0,0,0,0,0,0,0,349.789,0,-157.698,-66.1272
"MtrElec",7,20,20,"",186.827,0,0,0,0,0,0,0,0,0,0,0,0,0,0,0,0,0,0,0,0,353.542,0,-157.698,-9.01741
"MtrElec",7,20,21,"",154.771,0,0,0,0,0,0,0,0,0,0,0,0,0,0,0,0,0,0,0,0,312.469,0,-157.698,0
"MtrElec",7,20,22,"",175.496,0,0,0,0,0,0,0,0,0,0,0,0,0,0,0,0,0,0,0,0,233.42,0,-57.9236,0
"MtrElec",7,20,23,"",222.137,0,0,0,0,0,0,0,0,0,0,0,0,0,0,0,0,0,0,0,0,222.137,0,0,0
"MtrElec",7,20,24,"",177.859,0,0,0,0,0,0,0,0,0,0,0,0,0,0,0,0,0,0,0,0,177.859,0,0,0
"MtrElec",7,21,1,"",105.814,0,0,0,0,0,0,0,0,0,0,0,0,0,0,0,0,0,0,0,0,105.814,0,0,0
"MtrElec",7,21,2,"",112.097,0,0,0,0,0,0,0,0,0,0,0,0,0,0,0,0,0,0,0,0,112.097,0,0,0
"MtrElec",7,21,3,"",131.776,0,0,0,0,0,0,0,0,0,0,0,0,0,0,0,0,0,0,0,0,131.776,0,0,0
"MtrElec",7,21,4,"",96.7625,0,0,0,0,0,0,0,0,0,0,0,0,0,0,0,0,0,0,0,0,96.7625,0,0,0
"MtrElec",7,21,5,"",101.377,0,0,0,0,0,0,0,0,0,0,0,0,0,0,0,0,0,0,0,0,101.377,0,0,0
"MtrElec",7,21,6,"",93.7932,0,0,0,0,0,0,0,0,0,0,0,0,0,0,0,0,0,0,0,0,93.7932,0,0,0
"MtrElec",7,21,7,"",118.438,0,0,0,0,0,0,0,0,0,0,0,0,0,0,0,0,0,0,0,0,140.293,0,0,-21.8551
"MtrElec",7,21,8,"",144.964,0,0,0,0,0,0,0,0,0,0,0,0,0,0,0,0,0,0,0,0,188.027,0,0,-43.0626
"MtrElec",7,21,9,"",53.5747,0,0,0,0,0,0,0,0,0,0,0,0,0,0,0,0,0,0,0,0,176.341,0,0,-122.766
"MtrElec",7,21,10,"",0,0,0,0,0,0,0,0,0,0,0,0,0,0,0,0,0,0,0,0,0,189.493,0,99.0422,-288.535
"MtrElec",7,21,11,"",-4.0122,0,0,0,0,0,0,0,0,0,0,0,0,0,0,0,0,0,0,0,0,215.444,0,157.698,-377.154
"MtrElec",7,21,12,"",-71.5714,0,0,0,0,0,0,0,0,0,0,0,0,0,0,0,0,0,0,0,0,201.912,0,157.698,-431.182
"MtrElec",7,21,13,"",-84.2742,0,0,0,0,0,0,0,0,0,0,0,0,0,0,0,0,0,0,0,0,215.973,0,157.698,-457.945
"MtrElec",7,21,14,"",-232.059,0,0,0,0,0,0,0,0,0,0,0,0,0,0,0,0,0,0,0,0,207.14,0,16.249,-455.448
"MtrElec",7,21,15,"",-214.101,0,0,0,0,0,0,0,0,0,0,0,0,0,0,0,0,0,0,0,0,210.309,0,0,-424.409
"MtrElec",7,21,16,"",-131.109,0,0,0,0,0,0,0,0,0,0,0,0,0,0,0,0,0,0,0,0,239.472,0,0,-370.581
"MtrElec",7,21,17,"",21.5855,0,0,0,0,0,0,0,0,0,0,0,0,0,0,0,0,0,0,0,0,313.782,0,0,-292.196
"MtrElec",7,21,18,"",122.006,0,0,0,0,0,0,0,0,0,0,0,0,0,0,0,0,0,0,0,0,307.974,0,0,-185.968
"MtrElec",7,21,19,"",113.916,0,0,0,0,0,0,0,0,0,0,0,0,0,0,0,0,0,0,0,0,339.688,0,-157.698,-68.0748
"MtrElec",7,21,20,"",169.454,0,0,0,0,0,0,0,0,0,0,0,0,0,0,0,0,0,0,0,0,336.747,0,-157.698,-9.59563
"MtrElec",7,21,21,"",140.269,0,0,0,0,0,0,0,0,0,0,0,0,0,0,0,0,0,0,0,0,297.966,0,-157.698,0
"MtrElec",7,21,22,"",161.091,0,0,0,0,0,0,0,0,0,0,0,0,0,0,0,0,0,0,0,0,219.015,0,-57.9236,0
"MtrElec",7,21,23,"",234.254,0,0,0,0,0,0,0,0,0,0,0,0,0,0,0,0,0,0,0,0,234.254,0,0,0
"MtrElec",7,21,24,"",183.368,0,0,0,0,0,0,0,0,0,0,0,0,0,0,0,0,0,0,0,0,183.368,0,0,0
"MtrElec",7,22,1,"",130.041,0,0,0,0,0,0,0,0,0,0,0,0,0,0,0,0,0,0,0,0,130.041,0,0,0
"MtrElec",7,22,2,"",103.071,0,0,0,0,0,0,0,0,0,0,0,0,0,0,0,0,0,0,0,0,103.071,0,0,0
"MtrElec",7,22,3,"",93.0415,0,0,0,0,0,0,0,0,0,0,0,0,0,0,0,0,0,0,0,0,93.0415,0,0,0
"MtrElec",7,22,4,"",95.4232,0,0,0,0,0,0,0,0,0,0,0,0,0,0,0,0,0,0,0,0,95.4232,0,0,0
"MtrElec",7,22,5,"",100.457,0,0,0,0,0,0,0,0,0,0,0,0,0,0,0,0,0,0,0,0,100.457,0,0,0
"MtrElec",7,22,6,"",117.383,0,0,0,0,0,0,0,0,0,0,0,0,0,0,0,0,0,0,0,0,117.383,0,0,0
"MtrElec",7,22,7,"",125.792,0,0,0,0,0,0,0,0,0,0,0,0,0,0,0,0,0,0,0,0,149.968,0,0,-24.1752
"MtrElec",7,22,8,"",124.349,0,0,0,0,0,0,0,0,0,0,0,0,0,0,0,0,0,0,0,0,216.071,0,0,-91.7217
"MtrElec",7,22,9,"",135.625,0,0,0,0,0,0,0,0,0,0,0,0,0,0,0,0,0,0,0,0,205.317,0,0,-69.6916
"MtrElec",7,22,10,"",29.4406,0,0,0,0,0,0,0,0,0,0,0,0,0,0,0,0,0,0,0,0,210.679,0,0,-181.239
"MtrElec",7,22,11,"",0,0,0,0,0,0,0,0,0,0,0,0,0,0,0,0,0,0,0,0,0,229.2,0,155.013,-384.214
"MtrElec",7,22,12,"",-61.9077,0,0,0,0,0,0,0,0,0,0,0,0,0,0,0,0,0,0,0,0,212.976,0,157.698,-432.582
"MtrElec",7,22,13,"",0,0,0,0,0,0,0,0,0,0,0,0,0,0,0,0,0,0,0,0,0,304.793,0,144.377,-449.17
"MtrElec",7,22,14,"",-144.558,0,0,0,0,0,0,0,0,0,0,0,0,0,0,0,0,0,0,0,0,165.416,0,131.296,-441.27
"MtrElec",7,22,15,"",-203.015,0,0,0,0,0,0,0,0,0,0,0,0,0,0,0,0,0,0,0,0,213.1,0,0,-416.114
"MtrElec",7,22,16,"",-123.003,0,0,0,0,0,0,0,0,0,0,0,0,0,0,0,0,0,0,0,0,243.459,0,0,-366.461
"MtrElec",7,22,17,"",9.08522,0,0,0,0,0,0,0,0,0,0,0,0,0,0,0,0,0,0,0,0,294.753,0,0,-285.668
"MtrElec",7,22,18,"",152.85,0,0,0,0,0,0,0,0,0,0,0,0,0,0,0,0,0,0,0,0,331.277,0,0,-178.427
"MtrElec",7,22,19,"",125.676,0,0,0,0,0,0,0,0,0,0,0,0,0,0,0,0,0,0,0,0,348.349,0,-157.698,-64.9747
"MtrElec",7,22,20,"",151.111,0,0,0,0,0,0,0,0,0,0,0,0,0,0,0,0,0,0,0,0,317.531,0,-157.698,-8.72218
"MtrElec",7,22,21,"",130.771,0,0,0,0,0,0,0,0,0,0,0,0,0,0,0,0,0,0,0,0,288.469,0,-157.698,0
"MtrElec",7,22,22,"",188.302,0,0,0,0,0,0,0,0,0,0,0,0,0,0,0,0,0,0,0,0,246.225,0,-57.9236,0
"MtrElec",7,22,23,"",216.97,0,0,0,0,0,0,0,0,0,0,0,0,0,0,0,0,0,0,0,0,216.97,0,0,0
"MtrElec",7,22,24,"",175.772,0,0,0,0,0,0,0,0,0,0,0,0,0,0,0,0,0,0,0,0,175.772,0,0,0
"MtrElec",7,23,1,"",111.969,0,0,0,0,0,0,0,0,0,0,0,0,0,0,0,0,0,0,0,0,111.969,0,0,0
"MtrElec",7,23,2,"",104.236,0,0,0,0,0,0,0,0,0,0,0,0,0,0,0,0,0,0,0,0,104.236,0,0,0
"MtrElec",7,23,3,"",99.1404,0,0,0,0,0,0,0,0,0,0,0,0,0,0,0,0,0,0,0,0,99.1404,0,0,0
"MtrElec",7,23,4,"",82.8921,0,0,0,0,0,0,0,0,0,0,0,0,0,0,0,0,0,0,0,0,82.8921,0,0,0
"MtrElec",7,23,5,"",127.933,0,0,0,0,0,0,0,0,0,0,0,0,0,0,0,0,0,0,0,0,127.933,0,0,0
"MtrElec",7,23,6,"",100.45,0,0,0,0,0,0,0,0,0,0,0,0,0,0,0,0,0,0,0,0,100.45,0,0,0
"MtrElec",7,23,7,"",143.89,0,0,0,0,0,0,0,0,0,0,0,0,0,0,0,0,0,0,0,0,158.728,0,0,-14.8376
"MtrElec",7,23,8,"",160.691,0,0,0,0,0,0,0,0,0,0,0,0,0,0,0,0,0,0,0,0,228.838,0,0,-68.1477
"MtrElec",7,23,9,"",54.2892,0,0,0,0,0,0,0,0,0,0,0,0,0,0,0,0,0,0,0,0,238.408,0,0,-184.118
"MtrElec",7,23,10,"",0,0,0,0,0,0,0,0,0,0,0,0,0,0,0,0,0,0,0,0,0,248.487,0,45.728,-294.215
"MtrElec",7,23,11,"",0.0000078,0,0,0,0,0,0,0,0,0,0,0,0,0,0,0,0,0,0,0,0,279.663,0,85.0279,-364.691
"MtrElec",7,23,12,"",-56.5651,0,0,0,0,0,0,0,0,0,0,0,0,0,0,0,0,0,0,0,0,207.059,0,157.698,-421.322
"MtrElec",7,23,13,"",-47.2583,0,0,0,0,0,0,0,0,0,0,0,0,0,0,0,0,0,0,0,0,246.784,0,157.698,-451.74
"MtrElec",7,23,14,"",-85.7857,0,0,0,0,0,0,0,0,0,0,0,0,0,0,0,0,0,0,0,0,219.408,0,142.233,-447.427
"MtrElec",7,23,15,"",-197.497,0,0,0,0,0,0,0,0,0,0,0,0,0,0,0,0,0,0,0,0,224.065,0,0,-421.562
"MtrElec",7,23,16,"",-109.255,0,0,0,0,0,0,0,0,0,0,0,0,0,0,0,0,0,0,0,0,257.567,0,0,-366.822
"MtrElec",7,23,17,"",6.83103,0,0,0,0,0,0,0,0,0,0,0,0,0,0,0,0,0,0,0,0,289.815,0,0,-282.984
"MtrElec",7,23,18,"",145.901,0,0,0,0,0,0,0,0,0,0,0,0,0,0,0,0,0,0,0,0,321.79,0,0,-175.889
"MtrElec",7,23,19,"",137.567,0,0,0,0,0,0,0,0,0,0,0,0,0,0,0,0,0,0,0,0,358.254,0,-157.698,-62.9892
"MtrElec",7,23,20,"",141.723,0,0,0,0,0,0,0,0,0,0,0,0,0,0,0,0,0,0,0,0,308.115,0,-157.698,-8.69364
"MtrElec",7,23,21,"",132.172,0,0,0,0,0,0,0,0,0,0,0,0,0,0,0,0,0,0,0,0,289.87,0,-157.698,0
"MtrElec",7,23,22,"",164.304,0,0,0,0,0,0,0,0,0,0,0,0,0,0,0,0,0,0,0,0,222.228,0,-57.9236,0
"MtrElec",7,23,23,"",212.201,0,0,0,0,0,0,0,0,0,0,0,0,0,0,0,0,0,0,0,0,212.201,0,0,0
"MtrElec",7,23,24,"",174.421,0,0,0,0,0,0,0,0,0,0,0,0,0,0,0,0,0,0,0,0,174.421,0,0,0
"MtrElec",7,24,1,"",129.122,0,0,0,0,0,0,0,0,0,0,0,0,0,0,0,0,0,0,0,0,129.122,0,0,0
"MtrElec",7,24,2,"",106.972,0,0,0,0,0,0,0,0,0,0,0,0,0,0,0,0,0,0,0,0,106.972,0,0,0
"MtrElec",7,24,3,"",87.59,0,0,0,0,0,0,0,0,0,0,0,0,0,0,0,0,0,0,0,0,87.59,0,0,0
"MtrElec",7,24,4,"",99.9211,0,0,0,0,0,0,0,0,0,0,0,0,0,0,0,0,0,0,0,0,99.9211,0,0,0
"MtrElec",7,24,5,"",97.0314,0,0,0,0,0,0,0,0,0,0,0,0,0,0,0,0,0,0,0,0,97.0314,0,0,0
"MtrElec",7,24,6,"",124.807,0,0,0,0,0,0,0,0,0,0,0,0,0,0,0,0,0,0,0,0,124.807,0,0,0
"MtrElec",7,24,7,"",133.687,0,0,0,0,0,0,0,0,0,0,0,0,0,0,0,0,0,0,0,0,146.072,0,0,-12.3849
"MtrElec",7,24,8,"",132.259,0,0,0,0,0,0,0,0,0,0,0,0,0,0,0,0,0,0,0,0,199.233,0,0,-66.9743
"MtrElec",7,24,9,"",51.3027,0,0,0,0,0,0,0,0,0,0,0,0,0,0,0,0,0,0,0,0,225.6,0,0,-174.298
"MtrElec",7,24,10,"",0,0,0,0,0,0,0,0,0,0,0,0,0,0,0,0,0,0,0,0,0,219.207,0,50.7095,-269.917
"MtrElec",7,24,11,"",0.0000078,0,0,0,0,0,0,0,0,0,0,0,0,0,0,0,0,0,0,0,0,250.635,0,90.5926,-341.228
"MtrElec",7,24,12,"",0,0,0,0,0,0,0,0,0,0,0,0,0,0,0,0,0,0,0,0,0,241.195,0,153.511,-394.706
"MtrElec",7,24,13,"",0,0,0,0,0,0,0,0,0,0,0,0,0,0,0,0,0,0,0,0,0,283.588,0,138.255,-421.843
"MtrElec",7,24,14,"",-38.5195,0,0,0,0,0,0,0,0,0,0,0,0,0,0,0,0,0,0,0,0,224.343,0,155.317,-418.179
"MtrElec",7,24,15,"",-135.184,0,0,0,0,0,0,0,0,0,0,0,0,0,0,0,0,0,0,0,0,256.377,0,0,-391.561
"MtrElec",7,24,16,"",-94.701,0,0,0,0,0,0,0,0,0,0,0,0,0,0,0,0,0,0,0,0,246.68,0,0,-341.381
"MtrElec",7,24,17,"",26.9868,0,0,0,0,0,0,0,0,0,0,0,0,0,0,0,0,0,0,0,0,290.148,0,0,-263.161
"MtrElec",7,24,18,"",182.451,0,0,0,0,0,0,0,0,0,0,0,0,0,0,0,0,0,0,0,0,339.754,0,0,-157.302
"MtrElec",7,24,19,"",150.125,0,0,0,0,0,0,0,0,0,0,0,0,0,0,0,0,0,0,0,0,362.803,0,-157.698,-54.9797
"MtrElec",7,24,20,"",206.265,0,0,0,0,0,0,0,0,0,0,0,0,0,0,0,0,0,0,0,0,372.769,0,-157.698,-8.80649
"MtrElec",7,24,21,"",193.858,0,0,0,0,0,0,0,0,0,0,0,0,0,0,0,0,0,0,0,0,351.556,0,-157.698,0
"MtrElec",7,24,22,"",187.014,0,0,0,0,0,0,0,0,0,0,0,0,0,0,0,0,0,0,0,0,244.938,0,-57.9236,0
"MtrElec",7,24,23,"",251.226,0,0,0,0,0,0,0,0,0,0,0,0,0,0,0,0,0,0,0,0,251.226,0,0,0
"MtrElec",7,24,24,"",171.604,0,0,0,0,0,0,0,0,0,0,0,0,0,0,0,0,0,0,0,0,171.604,0,0,0
"MtrElec",7,25,1,"",182.398,0,0,0,0,0,0,0,0,0,0,0,0,0,0,0,0,0,0,0,0,182.398,0,0,0
"MtrElec",7,25,2,"",114.776,0,0,0,0,0,0,0,0,0,0,0,0,0,0,0,0,0,0,0,0,114.776,0,0,0
"MtrElec",7,25,3,"",98.9428,0,0,0,0,0,0,0,0,0,0,0,0,0,0,0,0,0,0,0,0,98.9428,0,0,0
"MtrElec",7,25,4,"",110.259,0,0,0,0,0,0,0,0,0,0,0,0,0,0,0,0,0,0,0,0,110.259,0,0,0
"MtrElec",7,25,5,"",109.147,0,0,0,0,0,0,0,0,0,0,0,0,0,0,0,0,0,0,0,0,109.147,0,0,0
"MtrElec",7,25,6,"",94.0492,0,0,0,0,0,0,0,0,0,0,0,0,0,0,0,0,0,0,0,0,94.0492,0,0,0
"MtrElec",7,25,7,"",140.945,0,0,0,0,0,0,0,0,0,0,0,0,0,0,0,0,0,0,0,0,154.395,0,0,-13.4501
"MtrElec",7,25,8,"",103.259,0,0,0,0,0,0,0,0,0,0,0,0,0,0,0,0,0,0,0,0,170.296,0,0,-67.0373
"MtrElec",7,25,9,"",46.3395,0,0,0,0,0,0,0,0,0,0,0,0,0,0,0,0,0,0,0,0,213.556,0,0,-167.217
"MtrElec",7,25,10,"",13.948,0,0,0,0,0,0,0,0,0,0,0,0,0,0,0,0,0,0,0,0,273.016,0,0,-259.068
"MtrElec",7,25,11,"",17.6042,0,0,0,0,0,0,0,0,0,0,0,0,0,0,0,0,0,0,0,0,352.065,0,0,-334.46
"MtrElec",7,25,12,"",0,0,0,0,0,0,0,0,0,0,0,0,0,0,0,0,0,0,0,0,0,368.409,0,24.5897,-392.998
"MtrElec",7,25,13,"",0.0000078,0,0,0,0,0,0,0,0,0,0,0,0,0,0,0,0,0,0,0,0,338.341,0,80.836,-419.177
"MtrElec",7,25,14,"",0.0000078,0,0,0,0,0,0,0,0,0,0,0,0,0,0,0,0,0,0,0,0,323.086,0,96.6668,-419.753
"MtrElec",7,25,15,"",0,0,0,0,0,0,0,0,0,0,0,0,0,0,0,0,0,0,0,0,0,298.638,0,98.9911,-397.629
"MtrElec",7,25,16,"",0.0000039,0,0,0,0,0,0,0,0,0,0,0,0,0,0,0,0,0,0,0,0,292.147,0,49.5513,-341.699
"MtrElec",7,25,17,"",40.0433,0,0,0,0,0,0,0,0,0,0,0,0,0,0,0,0,0,0,0,0,303.584,0,0,-263.54
"MtrElec",7,25,18,"",195.558,0,0,0,0,0,0,0,0,0,0,0,0,0,0,0,0,0,0,0,0,358.602,0,0,-163.044
"MtrElec",7,25,19,"",188.699,0,0,0,0,0,0,0,0,0,0,0,0,0,0,0,0,0,0,0,0,406.618,0,-157.698,-60.2209
"MtrElec",7,25,20,"",200.056,0,0,0,0,0,0,0,0,0,0,0,0,0,0,0,0,0,0,0,0,366.546,0,-157.698,-8.79137
"MtrElec",7,25,21,"",272.935,0,0,0,0,0,0,0,0,0,0,0,0,0,0,0,0,0,0,0,0,273.987,0,-1.05205,0
"MtrElec",7,25,22,"",260.544,0,0,0,0,0,0,0,0,0,0,0,0,0,0,0,0,0,0,0,0,260.544,0,0,0
"MtrElec",7,25,23,"",221.525,0,0,0,0,0,0,0,0,0,0,0,0,0,0,0,0,0,0,0,0,221.525,0,0,0
"MtrElec",7,25,24,"",164.097,0,0,0,0,0,0,0,0,0,0,0,0,0,0,0,0,0,0,0,0,164.097,0,0,0
"MtrElec",7,26,1,"",177.915,0,0,0,0,0,0,0,0,0,0,0,0,0,0,0,0,0,0,0,0,177.915,0,0,0
"MtrElec",7,26,2,"",118.81,0,0,0,0,0,0,0,0,0,0,0,0,0,0,0,0,0,0,0,0,118.81,0,0,0
"MtrElec",7,26,3,"",102.093,0,0,0,0,0,0,0,0,0,0,0,0,0,0,0,0,0,0,0,0,102.093,0,0,0
"MtrElec",7,26,4,"",112.934,0,0,0,0,0,0,0,0,0,0,0,0,0,0,0,0,0,0,0,0,112.934,0,0,0
"MtrElec",7,26,5,"",140.124,0,0,0,0,0,0,0,0,0,0,0,0,0,0,0,0,0,0,0,0,140.124,0,0,0
"MtrElec",7,26,6,"",94.0666,0,0,0,0,0,0,0,0,0,0,0,0,0,0,0,0,0,0,0,0,94.0666,0,0,0
"MtrElec",7,26,7,"",109.432,0,0,0,0,0,0,0,0,0,0,0,0,0,0,0,0,0,0,0,0,122.095,0,0,-12.663
"MtrElec",7,26,8,"",111.084,0,0,0,0,0,0,0,0,0,0,0,0,0,0,0,0,0,0,0,0,176.256,0,0,-65.172
"MtrElec",7,26,9,"",40.3058,0,0,0,0,0,0,0,0,0,0,0,0,0,0,0,0,0,0,0,0,211.169,0,0,-170.863
"MtrElec",7,26,10,"",0,0,0,0,0,0,0,0,0,0,0,0,0,0,0,0,0,0,0,0,0,264.956,0,1.75578,-266.712
"MtrElec",7,26,11,"",0.0000039,0,0,0,0,0,0,0,0,0,0,0,0,0,0,0,0,0,0,0,0,292.996,0,49.4657,-342.462
"MtrElec",7,26,12,"",0,0,0,0,0,0,0,0,0,0,0,0,0,0,0,0,0,0,0,0,0,310.914,0,86.8936,-397.808
"MtrElec",7,26,13,"",0,0,0,0,0,0,0,0,0,0,0,0,0,0,0,0,0,0,0,0,0,338.831,0,87.5124,-426.343
"MtrElec",7,26,14,"",-2.23098,0,0,0,0,0,0,0,0,0,0,0,0,0,0,0,0,0,0,0,0,269.922,0,157.698,-429.851
"MtrElec",7,26,15,"",0.0000078,0,0,0,0,0,0,0,0,0,0,0,0,0,0,0,0,0,0,0,0,280.038,0,125.074,-405.111
"MtrElec",7,26,16,"",0,0,0,0,0,0,0,0,0,0,0,0,0,0,0,0,0,0,0,0,0,277.053,0,74.5614,-351.614
"MtrElec",7,26,17,"",-0.70636,0,0,0,0,0,0,0,0,0,0,0,0,0,0,0,0,0,0,0,0,265.676,0,5.42442,-271.807
"MtrElec",7,26,18,"",148.056,0,0,0,0,0,0,0,0,0,0,0,0,0,0,0,0,0,0,0,0,317.376,0,0,-169.32
"MtrElec",7,26,19,"",151.699,0,0,0,0,0,0,0,0,0,0,0,0,0,0,0,0,0,0,0,0,369.593,0,-157.698,-60.196
"MtrElec",7,26,20,"",145.549,0,0,0,0,0,0,0,0,0,0,0,0,0,0,0,0,0,0,0,0,311.137,0,-157.698,-7.89056
"MtrElec",7,26,21,"",101.143,0,0,0,0,0,0,0,0,0,0,0,0,0,0,0,0,0,0,0,0,258.841,0,-157.698,0
"MtrElec",7,26,22,"",142.422,0,0,0,0,0,0,0,0,0,0,0,0,0,0,0,0,0,0,0,0,200.346,0,-57.9236,0
"MtrElec",7,26,23,"",191.287,0,0,0,0,0,0,0,0,0,0,0,0,0,0,0,0,0,0,0,0,191.287,0,0,0
"MtrElec",7,26,24,"",180.337,0,0,0,0,0,0,0,0,0,0,0,0,0,0,0,0,0,0,0,0,180.337,0,0,0
"MtrElec",7,27,1,"",130.662,0,0,0,0,0,0,0,0,0,0,0,0,0,0,0,0,0,0,0,0,130.662,0,0,0
"MtrElec",7,27,2,"",105.845,0,0,0,0,0,0,0,0,0,0,0,0,0,0,0,0,0,0,0,0,105.845,0,0,0
"MtrElec",7,27,3,"",94.2911,0,0,0,0,0,0,0,0,0,0,0,0,0,0,0,0,0,0,0,0,94.2911,0,0,0
"MtrElec",7,27,4,"",104.632,0,0,0,0,0,0,0,0,0,0,0,0,0,0,0,0,0,0,0,0,104.632,0,0,0
"MtrElec",7,27,5,"",106.74,0,0,0,0,0,0,0,0,0,0,0,0,0,0,0,0,0,0,0,0,106.74,0,0,0
"MtrElec",7,27,6,"",124.657,0,0,0,0,0,0,0,0,0,0,0,0,0,0,0,0,0,0,0,0,124.657,0,0,0
"MtrElec",7,27,7,"",138.078,0,0,0,0,0,0,0,0,0,0,0,0,0,0,0,0,0,0,0,0,158.277,0,0,-20.199
"MtrElec",7,27,8,"",105.366,0,0,0,0,0,0,0,0,0,0,0,0,0,0,0,0,0,0,0,0,189.433,0,0,-84.0669
"MtrElec",7,27,9,"",130.843,0,0,0,0,0,0,0,0,0,0,0,0,0,0,0,0,0,0,0,0,213.849,0,0,-83.0063
"MtrElec",7,27,10,"",37.7963,0,0,0,0,0,0,0,0,0,0,0,0,0,0,0,0,0,0,0,0,219.151,0,0,-181.355
"MtrElec",7,27,11,"",0.0000078,0,0,0,0,0,0,0,0,0,0,0,0,0,0,0,0,0,0,0,0,249.135,0,111.236,-360.37
"MtrElec",7,27,12,"",-15.4751,0,0,0,0,0,0,0,0,0,0,0,0,0,0,0,0,0,0,0,0,240.256,0,157.698,-413.429
"MtrElec",7,27,13,"",-25.8323,0,0,0,0,0,0,0,0,0,0,0,0,0,0,0,0,0,0,0,0,255.316,0,157.698,-438.847
"MtrElec",7,27,14,"",-66.4158,0,0,0,0,0,0,0,0,0,0,0,0,0,0,0,0,0,0,0,0,211.332,0,157.698,-435.445
"MtrElec",7,27,15,"",-229.92,0,0,0,0,0,0,0,0,0,0,0,0,0,0,0,0,0,0,0,0,174.563,0,4.05573,-408.539
"MtrElec",7,27,16,"",-125.79,0,0,0,0,0,0,0,0,0,0,0,0,0,0,0,0,0,0,0,0,229.93,0,0,-355.72
"MtrElec",7,27,17,"",5.32969,0,0,0,0,0,0,0,0,0,0,0,0,0,0,0,0,0,0,0,0,281.316,0,0,-275.987
"MtrElec",7,27,18,"",126.882,0,0,0,0,0,0,0,0,0,0,0,0,0,0,0,0,0,0,0,0,297.456,0,0,-170.573
"MtrElec",7,27,19,"",106.363,0,0,0,0,0,0,0,0,0,0,0,0,0,0,0,0,0,0,0,0,326.217,0,-157.698,-62.156
"MtrElec",7,27,20,"",168.888,0,0,0,0,0,0,0,0,0,0,0,0,0,0,0,0,0,0,0,0,335.671,0,-157.698,-9.08518
"MtrElec",7,27,21,"",160.172,0,0,0,0,0,0,0,0,0,0,0,0,0,0,0,0,0,0,0,0,317.87,0,-157.698,0
"MtrElec",7,27,22,"",152.009,0,0,0,0,0,0,0,0,0,0,0,0,0,0,0,0,0,0,0,0,209.933,0,-57.9236,0
"MtrElec",7,27,23,"",227.918,0,0,0,0,0,0,0,0,0,0,0,0,0,0,0,0,0,0,0,0,227.918,0,0,0
"MtrElec",7,27,24,"",194.142,0,0,0,0,0,0,0,0,0,0,0,0,0,0,0,0,0,0,0,0,194.142,0,0,0
"MtrElec",7,28,1,"",128.452,0,0,0,0,0,0,0,0,0,0,0,0,0,0,0,0,0,0,0,0,128.452,0,0,0
"MtrElec",7,28,2,"",101.291,0,0,0,0,0,0,0,0,0,0,0,0,0,0,0,0,0,0,0,0,101.291,0,0,0
"MtrElec",7,28,3,"",90.4913,0,0,0,0,0,0,0,0,0,0,0,0,0,0,0,0,0,0,0,0,90.4913,0,0,0
"MtrElec",7,28,4,"",98.7995,0,0,0,0,0,0,0,0,0,0,0,0,0,0,0,0,0,0,0,0,98.7995,0,0,0
"MtrElec",7,28,5,"",94.8329,0,0,0,0,0,0,0,0,0,0,0,0,0,0,0,0,0,0,0,0,94.8329,0,0,0
"MtrElec",7,28,6,"",103.597,0,0,0,0,0,0,0,0,0,0,0,0,0,0,0,0,0,0,0,0,103.597,0,0,0
"MtrElec",7,28,7,"",114.872,0,0,0,0,0,0,0,0,0,0,0,0,0,0,0,0,0,0,0,0,127.761,0,0,-12.8889
"MtrElec",7,28,8,"",130.12,0,0,0,0,0,0,0,0,0,0,0,0,0,0,0,0,0,0,0,0,197.395,0,0,-67.2753
"MtrElec",7,28,9,"",38.7113,0,0,0,0,0,0,0,0,0,0,0,0,0,0,0,0,0,0,0,0,213.614,0,0,-174.902
"MtrElec",7,28,10,"",0,0,0,0,0,0,0,0,0,0,0,0,0,0,0,0,0,0,0,0,0,230.905,0,43.3999,-274.305
"MtrElec",7,28,11,"",0,0,0,0,0,0,0,0,0,0,0,0,0,0,0,0,0,0,0,0,0,241.05,0,109.119,-350.169
"MtrElec",7,28,12,"",-40.7952,0,0,0,0,0,0,0,0,0,0,0,0,0,0,0,0,0,0,0,0,208.081,0,157.698,-406.575
"MtrElec",7,28,13,"",0,0,0,0,0,0,0,0,0,0,0,0,0,0,0,0,0,0,0,0,0,298.636,0,132.676,-431.311
"MtrElec",7,28,14,"",-82.8677,0,0,0,0,0,0,0,0,0,0,0,0,0,0,0,0,0,0,0,0,202.594,0,145.492,-430.954
"MtrElec",7,28,15,"",-199.721,0,0,0,0,0,0,0,0,0,0,0,0,0,0,0,0,0,0,0,0,203.673,0,0,-403.394
"MtrElec",7,28,16,"",-140.975,0,0,0,0,0,0,0,0,0,0,0,0,0,0,0,0,0,0,0,0,207.542,0,0,-348.517
"MtrElec",7,28,17,"",11.5642,0,0,0,0,0,0,0,0,0,0,0,0,0,0,0,0,0,0,0,0,280.145,0,0,-268.581
"MtrElec",7,28,18,"",123.562,0,0,0,0,0,0,0,0,0,0,0,0,0,0,0,0,0,0,0,0,289.384,0,0,-165.821
"MtrElec",7,28,19,"",82.2183,0,0,0,0,0,0,0,0,0,0,0,0,0,0,0,0,0,0,0,0,299.758,0,-157.698,-59.8416
"MtrElec",7,28,20,"",152.634,0,0,0,0,0,0,0,0,0,0,0,0,0,0,0,0,0,0,0,0,318.57,0,-157.698,-8.23843
"MtrElec",7,28,21,"",148.637,0,0,0,0,0,0,0,0,0,0,0,0,0,0,0,0,0,0,0,0,306.335,0,-157.698,0
"MtrElec",7,28,22,"",172.705,0,0,0,0,0,0,0,0,0,0,0,0,0,0,0,0,0,0,0,0,230.629,0,-57.9236,0
"MtrElec",7,28,23,"",207.871,0,0,0,0,0,0,0,0,0,0,0,0,0,0,0,0,0,0,0,0,207.871,0,0,0
"MtrElec",7,28,24,"",155.819,0,0,0,0,0,0,0,0,0,0,0,0,0,0,0,0,0,0,0,0,155.819,0,0,0
"MtrElec",7,29,1,"",126.446,0,0,0,0,0,0,0,0,0,0,0,0,0,0,0,0,0,0,0,0,126.446,0,0,0
"MtrElec",7,29,2,"",110.683,0,0,0,0,0,0,0,0,0,0,0,0,0,0,0,0,0,0,0,0,110.683,0,0,0
"MtrElec",7,29,3,"",129.173,0,0,0,0,0,0,0,0,0,0,0,0,0,0,0,0,0,0,0,0,129.173,0,0,0
"MtrElec",7,29,4,"",98.3239,0,0,0,0,0,0,0,0,0,0,0,0,0,0,0,0,0,0,0,0,98.3239,0,0,0
"MtrElec",7,29,5,"",96.4138,0,0,0,0,0,0,0,0,0,0,0,0,0,0,0,0,0,0,0,0,96.4138,0,0,0
"MtrElec",7,29,6,"",103.149,0,0,0,0,0,0,0,0,0,0,0,0,0,0,0,0,0,0,0,0,103.149,0,0,0
"MtrElec",7,29,7,"",143.938,0,0,0,0,0,0,0,0,0,0,0,0,0,0,0,0,0,0,0,0,161.558,0,0,-17.6194
"MtrElec",7,29,8,"",133.546,0,0,0,0,0,0,0,0,0,0,0,0,0,0,0,0,0,0,0,0,204.402,0,0,-70.8561
"MtrElec",7,29,9,"",167.098,0,0,0,0,0,0,0,0,0,0,0,0,0,0,0,0,0,0,0,0,263.363,0,0,-96.2644
"MtrElec",7,29,10,"",0.0000010,0,0,0,0,0,0,0,0,0,0,0,0,0,0,0,0,0,0,0,0,184.526,0,8.45531,-192.981
"MtrElec",7,29,11,"",0,0,0,0,0,0,0,0,0,0,0,0,0,0,0,0,0,0,0,0,0,208.05,0,140.251,-348.301
"MtrElec",7,29,12,"",-31.7533,0,0,0,0,0,0,0,0,0,0,0,0,0,0,0,0,0,0,0,0,212.289,0,157.698,-401.74
"MtrElec",7,29,13,"",-46.0409,0,0,0,0,0,0,0,0,0,0,0,0,0,0,0,0,0,0,0,0,221.888,0,157.698,-425.627
"MtrElec",7,29,14,"",-104.421,0,0,0,0,0,0,0,0,0,0,0,0,0,0,0,0,0,0,0,0,197.085,0,124.283,-425.789
"MtrElec",7,29,15,"",-213.542,0,0,0,0,0,0,0,0,0,0,0,0,0,0,0,0,0,0,0,0,185.23,0,0,-398.772
"MtrElec",7,29,16,"",-101.955,0,0,0,0,0,0,0,0,0,0,0,0,0,0,0,0,0,0,0,0,242.129,0,0,-344.084
"MtrElec",7,29,17,"",4.04362,0,0,0,0,0,0,0,0,0,0,0,0,0,0,0,0,0,0,0,0,267.587,0,0,-263.543
"MtrElec",7,29,18,"",133.224,0,0,0,0,0,0,0,0,0,0,0,0,0,0,0,0,0,0,0,0,295.199,0,0,-161.975
"MtrElec",7,29,19,"",123.158,0,0,0,0,0,0,0,0,0,0,0,0,0,0,0,0,0,0,0,0,340.713,0,-157.698,-59.8569
"MtrElec",7,29,20,"",137.029,0,0,0,0,0,0,0,0,0,0,0,0,0,0,0,0,0,0,0,0,302.956,0,-157.698,-8.2289
"MtrElec",7,29,21,"",167.233,0,0,0,0,0,0,0,0,0,0,0,0,0,0,0,0,0,0,0,0,324.931,0,-157.698,0
"MtrElec",7,29,22,"",148.837,0,0,0,0,0,0,0,0,0,0,0,0,0,0,0,0,0,0,0,0,206.761,0,-57.9236,0
"MtrElec",7,29,23,"",210.119,0,0,0,0,0,0,0,0,0,0,0,0,0,0,0,0,0,0,0,0,210.119,0,0,0
"MtrElec",7,29,24,"",154.531,0,0,0,0,0,0,0,0,0,0,0,0,0,0,0,0,0,0,0,0,154.531,0,0,0
"MtrElec",7,30,1,"",106.123,0,0,0,0,0,0,0,0,0,0,0,0,0,0,0,0,0,0,0,0,106.123,0,0,0
"MtrElec",7,30,2,"",112.322,0,0,0,0,0,0,0,0,0,0,0,0,0,0,0,0,0,0,0,0,112.322,0,0,0
"MtrElec",7,30,3,"",127.439,0,0,0,0,0,0,0,0,0,0,0,0,0,0,0,0,0,0,0,0,127.439,0,0,0
"MtrElec",7,30,4,"",107.333,0,0,0,0,0,0,0,0,0,0,0,0,0,0,0,0,0,0,0,0,107.333,0,0,0
"MtrElec",7,30,5,"",106.65,0,0,0,0,0,0,0,0,0,0,0,0,0,0,0,0,0,0,0,0,106.65,0,0,0
"MtrElec",7,30,6,"",122.934,0,0,0,0,0,0,0,0,0,0,0,0,0,0,0,0,0,0,0,0,122.934,0,0,0
"MtrElec",7,30,7,"",135.998,0,0,0,0,0,0,0,0,0,0,0,0,0,0,0,0,0,0,0,0,148.734,0,0,-12.7362
"MtrElec",7,30,8,"",164.186,0,0,0,0,0,0,0,0,0,0,0,0,0,0,0,0,0,0,0,0,227.003,0,0,-62.8164
"MtrElec",7,30,9,"",72.3075,0,0,0,0,0,0,0,0,0,0,0,0,0,0,0,0,0,0,0,0,233.179,0,0,-160.871
"MtrElec",7,30,10,"",0,0,0,0,0,0,0,0,0,0,0,0,0,0,0,0,0,0,0,0,0,254.097,0,11.1087,-265.206
"MtrElec",7,30,11,"",0,0,0,0,0,0,0,0,0,0,0,0,0,0,0,0,0,0,0,0,0,235.081,0,107.912,-342.993
"MtrElec",7,30,12,"",-21.5384,0,0,0,0,0,0,0,0,0,0,0,0,0,0,0,0,0,0,0,0,212.714,0,157.698,-391.951
"MtrElec",7,30,13,"",-18.8392,0,0,0,0,0,0,0,0,0,0,0,0,0,0,0,0,0,0,0,0,231.706,0,157.698,-408.243
"MtrElec",7,30,14,"",-20.6766,0,0,0,0,0,0,0,0,0,0,0,0,0,0,0,0,0,0,0,0,236.195,0,153.969,-410.84
"MtrElec",7,30,15,"",-132.128,0,0,0,0,0,0,0,0,0,0,0,0,0,0,0,0,0,0,0,0,257.253,0,0,-389.381
"MtrElec",7,30,16,"",-116.152,0,0,0,0,0,0,0,0,0,0,0,0,0,0,0,0,0,0,0,0,217.263,0,0,-333.415
"MtrElec",7,30,17,"",100.84,0,0,0,0,0,0,0,0,0,0,0,0,0,0,0,0,0,0,0,0,283.08,0,0,-182.24
"MtrElec",7,30,18,"",219.948,0,0,0,0,0,0,0,0,0,0,0,0,0,0,0,0,0,0,0,0,296.177,0,0,-76.2294
"MtrElec",7,30,19,"",129.044,0,0,0,0,0,0,0,0,0,0,0,0,0,0,0,0,0,0,0,0,336.211,0,-157.698,-49.4684
"MtrElec",7,30,20,"",152.828,0,0,0,0,0,0,0,0,0,0,0,0,0,0,0,0,0,0,0,0,319.27,0,-157.698,-8.74345
"MtrElec",7,30,21,"",119.682,0,0,0,0,0,0,0,0,0,0,0,0,0,0,0,0,0,0,0,0,277.38,0,-157.698,0
"MtrElec",7,30,22,"",175.319,0,0,0,0,0,0,0,0,0,0,0,0,0,0,0,0,0,0,0,0,233.243,0,-57.9236,0
"MtrElec",7,30,23,"",242.266,0,0,0,0,0,0,0,0,0,0,0,0,0,0,0,0,0,0,0,0,242.266,0,0,0
"MtrElec",7,30,24,"",176.784,0,0,0,0,0,0,0,0,0,0,0,0,0,0,0,0,0,0,0,0,176.784,0,0,0
"MtrElec",7,31,1,"",160.069,0,0,0,0,0,0,0,0,0,0,0,0,0,0,0,0,0,0,0,0,160.069,0,0,0
"MtrElec",7,31,2,"",114.905,0,0,0,0,0,0,0,0,0,0,0,0,0,0,0,0,0,0,0,0,114.905,0,0,0
"MtrElec",7,31,3,"",92.6386,0,0,0,0,0,0,0,0,0,0,0,0,0,0,0,0,0,0,0,0,92.6386,0,0,0
"MtrElec",7,31,4,"",103.903,0,0,0,0,0,0,0,0,0,0,0,0,0,0,0,0,0,0,0,0,103.903,0,0,0
"MtrElec",7,31,5,"",100.585,0,0,0,0,0,0,0,0,0,0,0,0,0,0,0,0,0,0,0,0,100.585,0,0,0
"MtrElec",7,31,6,"",122.973,0,0,0,0,0,0,0,0,0,0,0,0,0,0,0,0,0,0,0,0,122.973,0,0,0
"MtrElec",7,31,7,"",142.396,0,0,0,0,0,0,0,0,0,0,0,0,0,0,0,0,0,0,0,0,144.995,0,0,-2.59922
"MtrElec",7,31,8,"",207.786,0,0,0,0,0,0,0,0,0,0,0,0,0,0,0,0,0,0,0,0,225.481,0,0,-17.695
"MtrElec",7,31,9,"",187.162,0,0,0,0,0,0,0,0,0,0,0,0,0,0,0,0,0,0,0,0,218.847,0,0,-31.6847
"MtrElec",7,31,10,"",177.897,0,0,0,0,0,0,0,0,0,0,0,0,0,0,0,0,0,0,0,0,223.48,0,0,-45.5828
"MtrElec",7,31,11,"",134.136,0,0,0,0,0,0,0,0,0,0,0,0,0,0,0,0,0,0,0,0,180.477,0,0,-46.341
"MtrElec",7,31,12,"",95.8643,0,0,0,0,0,0,0,0,0,0,0,0,0,0,0,0,0,0,0,0,190.397,0,0,-94.5331
"MtrElec",7,31,13,"",82.052,0,0,0,0,0,0,0,0,0,0,0,0,0,0,0,0,0,0,0,0,235.347,0,0,-153.295
"MtrElec",7,31,14,"",0,0,0,0,0,0,0,0,0,0,0,0,0,0,0,0,0,0,0,0,0,165.201,0,134.602,-299.803
"MtrElec",7,31,15,"",0,0,0,0,0,0,0,0,0,0,0,0,0,0,0,0,0,0,0,0,0,202.046,0,95.2947,-297.341
"MtrElec",7,31,16,"",0.0000039,0,0,0,0,0,0,0,0,0,0,0,0,0,0,0,0,0,0,0,0,256.453,0,58.9996,-315.453
"MtrElec",7,31,17,"",61.7326,0,0,0,0,0,0,0,0,0,0,0,0,0,0,0,0,0,0,0,0,313.027,0,0,-251.294
"MtrElec",7,31,18,"",174.482,0,0,0,0,0,0,0,0,0,0,0,0,0,0,0,0,0,0,0,0,330.702,0,0,-156.22
"MtrElec",7,31,19,"",155.857,0,0,0,0,0,0,0,0,0,0,0,0,0,0,0,0,0,0,0,0,371.599,0,-157.698,-58.0441
"MtrElec",7,31,20,"",243.791,0,0,0,0,0,0,0,0,0,0,0,0,0,0,0,0,0,0,0,0,355.507,0,-103.031,-8.68538
"MtrElec",7,31,21,"",346.905,0,0,0,0,0,0,0,0,0,0,0,0,0,0,0,0,0,0,0,0,346.905,0,0,0
"MtrElec",7,31,22,"",275.397,0,0,0,0,0,0,0,0,0,0,0,0,0,0,0,0,0,0,0,0,275.397,0,0,0
"MtrElec",7,31,23,"",271.673,0,0,0,0,0,0,0,0,0,0,0,0,0,0,0,0,0,0,0,0,271.673,0,0,0
"MtrElec",7,31,24,"",186.346,0,0,0,0,0,0,0,0,0,0,0,0,0,0,0,0,0,0,0,0,186.346,0,0,0
"MtrElec",8,1,1,"",126.505,0,0,0,0,0,0,0,0,0,0,0,0,0,0,0,0,0,0,0,0,126.505,0,0,0
"MtrElec",8,1,2,"",123.269,0,0,0,0,0,0,0,0,0,0,0,0,0,0,0,0,0,0,0,0,123.269,0,0,0
"MtrElec",8,1,3,"",120.514,0,0,0,0,0,0,0,0,0,0,0,0,0,0,0,0,0,0,0,0,120.514,0,0,0
"MtrElec",8,1,4,"",109.918,0,0,0,0,0,0,0,0,0,0,0,0,0,0,0,0,0,0,0,0,109.918,0,0,0
"MtrElec",8,1,5,"",122.806,0,0,0,0,0,0,0,0,0,0,0,0,0,0,0,0,0,0,0,0,122.806,0,0,0
"MtrElec",8,1,6,"",93.7513,0,0,0,0,0,0,0,0,0,0,0,0,0,0,0,0,0,0,0,0,93.7513,0,0,0
"MtrElec",8,1,7,"",131.846,0,0,0,0,0,0,0,0,0,0,0,0,0,0,0,0,0,0,0,0,143.42,0,0,-11.5745
"MtrElec",8,1,8,"",83.6384,0,0,0,0,0,0,0,0,0,0,0,0,0,0,0,0,0,0,0,0,149.442,0,0,-65.8037
"MtrElec",8,1,9,"",45.3093,0,0,0,0,0,0,0,0,0,0,0,0,0,0,0,0,0,0,0,0,221.372,0,0,-176.063
"MtrElec",8,1,10,"",0,0,0,0,0,0,0,0,0,0,0,0,0,0,0,0,0,0,0,0,0,271.194,0,10.3677,-281.562
"MtrElec",8,1,11,"",0,0,0,0,0,0,0,0,0,0,0,0,0,0,0,0,0,0,0,0,0,354.886,0,7.7235,-362.61
"MtrElec",8,1,12,"",0,0,0,0,0,0,0,0,0,0,0,0,0,0,0,0,0,0,0,0,0,368.419,0,47.0755,-415.495
"MtrElec",8,1,13,"",0.0000078,0,0,0,0,0,0,0,0,0,0,0,0,0,0,0,0,0,0,0,0,348.983,0,91.2662,-440.25
"MtrElec",8,1,14,"",0,0,0,0,0,0,0,0,0,0,0,0,0,0,0,0,0,0,0,0,0,289.162,0,148.786,-437.948
"MtrElec",8,1,15,"",0,0,0,0,0,0,0,0,0,0,0,0,0,0,0,0,0,0,0,0,0,321.22,0,88.3887,-409.609
"MtrElec",8,1,16,"",0,0,0,0,0,0,0,0,0,0,0,0,0,0,0,0,0,0,0,0,0,312.587,0,40.7574,-353.345
"MtrElec",8,1,17,"",65.9231,0,0,0,0,0,0,0,0,0,0,0,0,0,0,0,0,0,0,0,0,338.977,0,0,-273.054
"MtrElec",8,1,18,"",214.405,0,0,0,0,0,0,0,0,0,0,0,0,0,0,0,0,0,0,0,0,383.231,0,0,-168.826
"MtrElec",8,1,19,"",227.183,0,0,0,0,0,0,0,0,0,0,0,0,0,0,0,0,0,0,0,0,443.687,0,-157.698,-58.8065
"MtrElec",8,1,20,"",203.756,0,0,0,0,0,0,0,0,0,0,0,0,0,0,0,0,0,0,0,0,368.798,0,-157.698,-7.34367
"MtrElec",8,1,21,"",227.122,0,0,0,0,0,0,0,0,0,0,0,0,0,0,0,0,0,0,0,0,303.741,0,-76.6189,0
"MtrElec",8,1,22,"",276.167,0,0,0,0,0,0,0,0,0,0,0,0,0,0,0,0,0,0,0,0,276.167,0,0,0
"MtrElec",8,1,23,"",211.623,0,0,0,0,0,0,0,0,0,0,0,0,0,0,0,0,0,0,0,0,211.623,0,0,0
"MtrElec",8,1,24,"",169.25,0,0,0,0,0,0,0,0,0,0,0,0,0,0,0,0,0,0,0,0,169.25,0,0,0
"MtrElec",8,2,1,"",126.578,0,0,0,0,0,0,0,0,0,0,0,0,0,0,0,0,0,0,0,0,126.578,0,0,0
"MtrElec",8,2,2,"",117.919,0,0,0,0,0,0,0,0,0,0,0,0,0,0,0,0,0,0,0,0,117.919,0,0,0
"MtrElec",8,2,3,"",147.484,0,0,0,0,0,0,0,0,0,0,0,0,0,0,0,0,0,0,0,0,147.484,0,0,0
"MtrElec",8,2,4,"",97.0682,0,0,0,0,0,0,0,0,0,0,0,0,0,0,0,0,0,0,0,0,97.0682,0,0,0
"MtrElec",8,2,5,"",110.219,0,0,0,0,0,0,0,0,0,0,0,0,0,0,0,0,0,0,0,0,110.219,0,0,0
"MtrElec",8,2,6,"",109.213,0,0,0,0,0,0,0,0,0,0,0,0,0,0,0,0,0,0,0,0,109.213,0,0,0
"MtrElec",8,2,7,"",114.261,0,0,0,0,0,0,0,0,0,0,0,0,0,0,0,0,0,0,0,0,125.741,0,0,-11.4805
"MtrElec",8,2,8,"",114.179,0,0,0,0,0,0,0,0,0,0,0,0,0,0,0,0,0,0,0,0,180.192,0,0,-66.0134
"MtrElec",8,2,9,"",56.5186,0,0,0,0,0,0,0,0,0,0,0,0,0,0,0,0,0,0,0,0,231.601,0,0,-175.083
"MtrElec",8,2,10,"",0,0,0,0,0,0,0,0,0,0,0,0,0,0,0,0,0,0,0,0,0,274.925,0,2.33497,-277.26
"MtrElec",8,2,11,"",0,0,0,0,0,0,0,0,0,0,0,0,0,0,0,0,0,0,0,0,0,325.613,0,30.9029,-356.516
"MtrElec",8,2,12,"",0,0,0,0,0,0,0,0,0,0,0,0,0,0,0,0,0,0,0,0,0,384.92,0,21.7283,-406.648
"MtrElec",8,2,13,"",0,0,0,0,0,0,0,0,0,0,0,0,0,0,0,0,0,0,0,0,0,346.223,0,83.2332,-429.456
"MtrElec",8,2,14,"",0,0,0,0,0,0,0,0,0,0,0,0,0,0,0,0,0,0,0,0,0,316.814,0,113.044,-429.858
"MtrElec",8,2,15,"",0.0000020,0,0,0,0,0,0,0,0,0,0,0,0,0,0,0,0,0,0,0,0,373.916,0,28.8618,-402.778
"MtrElec",8,2,16,"",0,0,0,0,0,0,0,0,0,0,0,0,0,0,0,0,0,0,0,0,0,336.425,0,10.6761,-347.101
"MtrElec",8,2,17,"",64.5376,0,0,0,0,0,0,0,0,0,0,0,0,0,0,0,0,0,0,0,0,330.082,0,0,-265.544
"MtrElec",8,2,18,"",207.043,0,0,0,0,0,0,0,0,0,0,0,0,0,0,0,0,0,0,0,0,369.241,0,0,-162.198
"MtrElec",8,2,19,"",214.208,0,0,0,0,0,0,0,0,0,0,0,0,0,0,0,0,0,0,0,0,429.332,0,-157.698,-57.4268
"MtrElec",8,2,20,"",292.479,0,0,0,0,0,0,0,0,0,0,0,0,0,0,0,0,0,0,0,0,404.188,0,-104.732,-6.97701
"MtrElec",8,2,21,"",325.293,0,0,0,0,0,0,0,0,0,0,0,0,0,0,0,0,0,0,0,0,325.293,0,0,0
"MtrElec",8,2,22,"",314.775,0,0,0,0,0,0,0,0,0,0,0,0,0,0,0,0,0,0,0,0,314.775,0,0,0
"MtrElec",8,2,23,"",209.321,0,0,0,0,0,0,0,0,0,0,0,0,0,0,0,0,0,0,0,0,209.321,0,0,0
"MtrElec",8,2,24,"",162.613,0,0,0,0,0,0,0,0,0,0,0,0,0,0,0,0,0,0,0,0,162.613,0,0,0
"MtrElec",8,3,1,"",134.808,0,0,0,0,0,0,0,0,0,0,0,0,0,0,0,0,0,0,0,0,134.808,0,0,0
"MtrElec",8,3,2,"",113.802,0,0,0,0,0,0,0,0,0,0,0,0,0,0,0,0,0,0,0,0,113.802,0,0,0
"MtrElec",8,3,3,"",102.005,0,0,0,0,0,0,0,0,0,0,0,0,0,0,0,0,0,0,0,0,102.005,0,0,0
"MtrElec",8,3,4,"",95.601,0,0,0,0,0,0,0,0,0,0,0,0,0,0,0,0,0,0,0,0,95.601,0,0,0
"MtrElec",8,3,5,"",129.805,0,0,0,0,0,0,0,0,0,0,0,0,0,0,0,0,0,0,0,0,129.805,0,0,0
"MtrElec",8,3,6,"",97.5128,0,0,0,0,0,0,0,0,0,0,0,0,0,0,0,0,0,0,0,0,97.5128,0,0,0
"MtrElec",8,3,7,"",141.649,0,0,0,0,0,0,0,0,0,0,0,0,0,0,0,0,0,0,0,0,153.143,0,0,-11.4945
"MtrElec",8,3,8,"",151.345,0,0,0,0,0,0,0,0,0,0,0,0,0,0,0,0,0,0,0,0,216.4,0,0,-65.0545
"MtrElec",8,3,9,"",77.9959,0,0,0,0,0,0,0,0,0,0,0,0,0,0,0,0,0,0,0,0,250.455,0,0,-172.459
"MtrElec",8,3,10,"",0,0,0,0,0,0,0,0,0,0,0,0,0,0,0,0,0,0,0,0,0,269.833,0,3.09656,-272.93
"MtrElec",8,3,11,"",0.0000078,0,0,0,0,0,0,0,0,0,0,0,0,0,0,0,0,0,0,0,0,274.459,0,75.769,-350.228
"MtrElec",8,3,12,"",0,0,0,0,0,0,0,0,0,0,0,0,0,0,0,0,0,0,0,0,0,275.765,0,118.289,-394.054
"MtrElec",8,3,13,"",0.0000078,0,0,0,0,0,0,0,0,0,0,0,0,0,0,0,0,0,0,0,0,328.615,0,77.9276,-406.542
"MtrElec",8,3,14,"",0,0,0,0,0,0,0,0,0,0,0,0,0,0,0,0,0,0,0,0,0,264.517,0,154.399,-418.915
"MtrElec",8,3,15,"",0.0000078,0,0,0,0,0,0,0,0,0,0,0,0,0,0,0,0,0,0,0,0,275.043,0,123.984,-399.027
"MtrElec",8,3,16,"",0,0,0,0,0,0,0,0,0,0,0,0,0,0,0,0,0,0,0,0,0,315.833,0,27.0753,-342.908
"MtrElec",8,3,17,"",66.4176,0,0,0,0,0,0,0,0,0,0,0,0,0,0,0,0,0,0,0,0,327.281,0,0,-260.864
"MtrElec",8,3,18,"",196.818,0,0,0,0,0,0,0,0,0,0,0,0,0,0,0,0,0,0,0,0,356.572,0,0,-159.754
"MtrElec",8,3,19,"",173.799,0,0,0,0,0,0,0,0,0,0,0,0,0,0,0,0,0,0,0,0,388.349,0,-157.698,-56.8528
"MtrElec",8,3,20,"",192.79,0,0,0,0,0,0,0,0,0,0,0,0,0,0,0,0,0,0,0,0,358.37,0,-157.698,-7.88189
"MtrElec",8,3,21,"",168.132,0,0,0,0,0,0,0,0,0,0,0,0,0,0,0,0,0,0,0,0,325.83,0,-157.698,0
"MtrElec",8,3,22,"",236.239,0,0,0,0,0,0,0,0,0,0,0,0,0,0,0,0,0,0,0,0,287.083,0,-50.8441,0
"MtrElec",8,3,23,"",227.209,0,0,0,0,0,0,0,0,0,0,0,0,0,0,0,0,0,0,0,0,227.209,0,0,0
"MtrElec",8,3,24,"",171.849,0,0,0,0,0,0,0,0,0,0,0,0,0,0,0,0,0,0,0,0,171.849,0,0,0
"MtrElec",8,4,1,"",150.624,0,0,0,0,0,0,0,0,0,0,0,0,0,0,0,0,0,0,0,0,150.624,0,0,0
"MtrElec",8,4,2,"",155.009,0,0,0,0,0,0,0,0,0,0,0,0,0,0,0,0,0,0,0,0,155.009,0,0,0
"MtrElec",8,4,3,"",116.883,0,0,0,0,0,0,0,0,0,0,0,0,0,0,0,0,0,0,0,0,116.883,0,0,0
"MtrElec",8,4,4,"",103.974,0,0,0,0,0,0,0,0,0,0,0,0,0,0,0,0,0,0,0,0,103.974,0,0,0
"MtrElec",8,4,5,"",109.937,0,0,0,0,0,0,0,0,0,0,0,0,0,0,0,0,0,0,0,0,109.937,0,0,0
"MtrElec",8,4,6,"",129.49,0,0,0,0,0,0,0,0,0,0,0,0,0,0,0,0,0,0,0,0,129.49,0,0,0
"MtrElec",8,4,7,"",195.529,0,0,0,0,0,0,0,0,0,0,0,0,0,0,0,0,0,0,0,0,201.955,0,0,-6.42665
"MtrElec",8,4,8,"",178.526,0,0,0,0,0,0,0,0,0,0,0,0,0,0,0,0,0,0,0,0,240.631,0,0,-62.1048
"MtrElec",8,4,9,"",141.251,0,0,0,0,0,0,0,0,0,0,0,0,0,0,0,0,0,0,0,0,303.392,0,0,-162.141
"MtrElec",8,4,10,"",45.6509,0,0,0,0,0,0,0,0,0,0,0,0,0,0,0,0,0,0,0,0,303.184,0,0,-257.533
"MtrElec",8,4,11,"",0,0,0,0,0,0,0,0,0,0,0,0,0,0,0,0,0,0,0,0,0,288.039,0,43.6883,-331.727
"MtrElec",8,4,12,"",0.0000078,0,0,0,0,0,0,0,0,0,0,0,0,0,0,0,0,0,0,0,0,288.668,0,98.3386,-387.006
"MtrElec",8,4,13,"",0,0,0,0,0,0,0,0,0,0,0,0,0,0,0,0,0,0,0,0,0,324.723,0,67.054,-391.777
"MtrElec",8,4,14,"",0,0,0,0,0,0,0,0,0,0,0,0,0,0,0,0,0,0,0,0,0,267.257,0,151.735,-418.992
"MtrElec",8,4,15,"",0,0,0,0,0,0,0,0,0,0,0,0,0,0,0,0,0,0,0,0,0,291.801,0,98.1417,-389.942
"MtrElec",8,4,16,"",0,0,0,0,0,0,0,0,0,0,0,0,0,0,0,0,0,0,0,0,0,297.96,0,38.9853,-336.945
"MtrElec",8,4,17,"",38.2151,0,0,0,0,0,0,0,0,0,0,0,0,0,0,0,0,0,0,0,0,295.73,0,0,-257.515
"MtrElec",8,4,18,"",187.395,0,0,0,0,0,0,0,0,0,0,0,0,0,0,0,0,0,0,0,0,342.135,0,0,-154.74
"MtrElec",8,4,19,"",176.413,0,0,0,0,0,0,0,0,0,0,0,0,0,0,0,0,0,0,0,0,385.422,0,-157.698,-51.3105
"MtrElec",8,4,20,"",211.92,0,0,0,0,0,0,0,0,0,0,0,0,0,0,0,0,0,0,0,0,376.656,0,-157.698,-7.03835
"MtrElec",8,4,21,"",193.162,0,0,0,0,0,0,0,0,0,0,0,0,0,0,0,0,0,0,0,0,327.16,0,-133.998,0
"MtrElec",8,4,22,"",268.754,0,0,0,0,0,0,0,0,0,0,0,0,0,0,0,0,0,0,0,0,268.754,0,0,0
"MtrElec",8,4,23,"",239.261,0,0,0,0,0,0,0,0,0,0,0,0,0,0,0,0,0,0,0,0,239.261,0,0,0
"MtrElec",8,4,24,"",162.488,0,0,0,0,0,0,0,0,0,0,0,0,0,0,0,0,0,0,0,0,162.488,0,0,0
"MtrElec",8,5,1,"",133.013,0,0,0,0,0,0,0,0,0,0,0,0,0,0,0,0,0,0,0,0,133.013,0,0,0
"MtrElec",8,5,2,"",156.23,0,0,0,0,0,0,0,0,0,0,0,0,0,0,0,0,0,0,0,0,156.23,0,0,0
"MtrElec",8,5,3,"",117.416,0,0,0,0,0,0,0,0,0,0,0,0,0,0,0,0,0,0,0,0,117.416,0,0,0
"MtrElec",8,5,4,"",98.3355,0,0,0,0,0,0,0,0,0,0,0,0,0,0,0,0,0,0,0,0,98.3355,0,0,0
"MtrElec",8,5,5,"",109.499,0,0,0,0,0,0,0,0,0,0,0,0,0,0,0,0,0,0,0,0,109.499,0,0,0
"MtrElec",8,5,6,"",113.336,0,0,0,0,0,0,0,0,0,0,0,0,0,0,0,0,0,0,0,0,113.336,0,0,0
"MtrElec",8,5,7,"",182.899,0,0,0,0,0,0,0,0,0,0,0,0,0,0,0,0,0,0,0,0,193.848,0,0,-10.9486
"MtrElec",8,5,8,"",183.235,0,0,0,0,0,0,0,0,0,0,0,0,0,0,0,0,0,0,0,0,246.214,0,0,-62.9786
"MtrElec",8,5,9,"",86.8299,0,0,0,0,0,0,0,0,0,0,0,0,0,0,0,0,0,0,0,0,254.663,0,0,-167.833
"MtrElec",8,5,10,"",20.9267,0,0,0,0,0,0,0,0,0,0,0,0,0,0,0,0,0,0,0,0,289.221,0,0,-268.294
"MtrElec",8,5,11,"",0.0000020,0,0,0,0,0,0,0,0,0,0,0,0,0,0,0,0,0,0,0,0,322.544,0,25.4918,-348.036
"MtrElec",8,5,12,"",0,0,0,0,0,0,0,0,0,0,0,0,0,0,0,0,0,0,0,0,0,322.891,0,75.5158,-398.407
"MtrElec",8,5,13,"",0.0000039,0,0,0,0,0,0,0,0,0,0,0,0,0,0,0,0,0,0,0,0,365.386,0,58.2255,-423.611
"MtrElec",8,5,14,"",-19.4409,0,0,0,0,0,0,0,0,0,0,0,0,0,0,0,0,0,0,0,0,248.099,0,157.698,-425.238
"MtrElec",8,5,15,"",0,0,0,0,0,0,0,0,0,0,0,0,0,0,0,0,0,0,0,0,0,280.265,0,121.224,-401.489
"MtrElec",8,5,16,"",0,0,0,0,0,0,0,0,0,0,0,0,0,0,0,0,0,0,0,0,0,285.103,0,63.5318,-348.635
"MtrElec",8,5,17,"",55.7515,0,0,0,0,0,0,0,0,0,0,0,0,0,0,0,0,0,0,0,0,322.316,0,0,-266.565
"MtrElec",8,5,18,"",184.455,0,0,0,0,0,0,0,0,0,0,0,0,0,0,0,0,0,0,0,0,346.54,0,0,-162.085
"MtrElec",8,5,19,"",173.757,0,0,0,0,0,0,0,0,0,0,0,0,0,0,0,0,0,0,0,0,386.35,0,-157.698,-54.8946
"MtrElec",8,5,20,"",197.36,0,0,0,0,0,0,0,0,0,0,0,0,0,0,0,0,0,0,0,0,361.243,0,-157.698,-6.18516
"MtrElec",8,5,21,"",156.673,0,0,0,0,0,0,0,0,0,0,0,0,0,0,0,0,0,0,0,0,294.05,0,-137.377,0
"MtrElec",8,5,22,"",270.215,0,0,0,0,0,0,0,0,0,0,0,0,0,0,0,0,0,0,0,0,270.215,0,0,0
"MtrElec",8,5,23,"",237.55,0,0,0,0,0,0,0,0,0,0,0,0,0,0,0,0,0,0,0,0,237.55,0,0,0
"MtrElec",8,5,24,"",190.809,0,0,0,0,0,0,0,0,0,0,0,0,0,0,0,0,0,0,0,0,190.809,0,0,0
"MtrElec",8,6,1,"",176.388,0,0,0,0,0,0,0,0,0,0,0,0,0,0,0,0,0,0,0,0,176.388,0,0,0
"MtrElec",8,6,2,"",127.574,0,0,0,0,0,0,0,0,0,0,0,0,0,0,0,0,0,0,0,0,127.574,0,0,0
"MtrElec",8,6,3,"",104.923,0,0,0,0,0,0,0,0,0,0,0,0,0,0,0,0,0,0,0,0,104.923,0,0,0
"MtrElec",8,6,4,"",120.941,0,0,0,0,0,0,0,0,0,0,0,0,0,0,0,0,0,0,0,0,120.941,0,0,0
"MtrElec",8,6,5,"",107.727,0,0,0,0,0,0,0,0,0,0,0,0,0,0,0,0,0,0,0,0,107.727,0,0,0
"MtrElec",8,6,6,"",119.913,0,0,0,0,0,0,0,0,0,0,0,0,0,0,0,0,0,0,0,0,119.913,0,0,0
"MtrElec",8,6,7,"",150.099,0,0,0,0,0,0,0,0,0,0,0,0,0,0,0,0,0,0,0,0,159.816,0,0,-9.71758
"MtrElec",8,6,8,"",163.758,0,0,0,0,0,0,0,0,0,0,0,0,0,0,0,0,0,0,0,0,226.117,0,0,-62.3599
"MtrElec",8,6,9,"",65.2682,0,0,0,0,0,0,0,0,0,0,0,0,0,0,0,0,0,0,0,0,237.436,0,0,-172.168
"MtrElec",8,6,10,"",8.59553,0,0,0,0,0,0,0,0,0,0,0,0,0,0,0,0,0,0,0,0,283.212,0,0,-274.617
"MtrElec",8,6,11,"",0,0,0,0,0,0,0,0,0,0,0,0,0,0,0,0,0,0,0,0,0,279.973,0,72.1967,-352.17
"MtrElec",8,6,12,"",0,0,0,0,0,0,0,0,0,0,0,0,0,0,0,0,0,0,0,0,0,270.204,0,135.028,-405.232
"MtrElec",8,6,13,"",-0.739672,0,0,0,0,0,0,0,0,0,0,0,0,0,0,0,0,0,0,0,0,271.927,0,157.698,-430.365
"MtrElec",8,6,14,"",-19.1196,0,0,0,0,0,0,0,0,0,0,0,0,0,0,0,0,0,0,0,0,252.675,0,157.698,-429.492
"MtrElec",8,6,15,"",-36.6599,0,0,0,0,0,0,0,0,0,0,0,0,0,0,0,0,0,0,0,0,299.774,0,65.7642,-402.198
"MtrElec",8,6,16,"",-23.4171,0,0,0,0,0,0,0,0,0,0,0,0,0,0,0,0,0,0,0,0,323.476,0,0,-346.893
"MtrElec",8,6,17,"",70.8884,0,0,0,0,0,0,0,0,0,0,0,0,0,0,0,0,0,0,0,0,337.166,0,0,-266.278
"MtrElec",8,6,18,"",187.913,0,0,0,0,0,0,0,0,0,0,0,0,0,0,0,0,0,0,0,0,349.85,0,0,-161.937
"MtrElec",8,6,19,"",165.705,0,0,0,0,0,0,0,0,0,0,0,0,0,0,0,0,0,0,0,0,377.553,0,-157.698,-54.1506
"MtrElec",8,6,20,"",212.561,0,0,0,0,0,0,0,0,0,0,0,0,0,0,0,0,0,0,0,0,376.062,0,-157.698,-5.80305
"MtrElec",8,6,21,"",203.409,0,0,0,0,0,0,0,0,0,0,0,0,0,0,0,0,0,0,0,0,361.107,0,-157.698,0
"MtrElec",8,6,22,"",195.882,0,0,0,0,0,0,0,0,0,0,0,0,0,0,0,0,0,0,0,0,253.806,0,-57.9236,0
"MtrElec",8,6,23,"",256.887,0,0,0,0,0,0,0,0,0,0,0,0,0,0,0,0,0,0,0,0,256.887,0,0,0
"MtrElec",8,6,24,"",206.072,0,0,0,0,0,0,0,0,0,0,0,0,0,0,0,0,0,0,0,0,206.072,0,0,0
"MtrElec",8,7,1,"",156.837,0,0,0,0,0,0,0,0,0,0,0,0,0,0,0,0,0,0,0,0,156.837,0,0,0
"MtrElec",8,7,2,"",131.939,0,0,0,0,0,0,0,0,0,0,0,0,0,0,0,0,0,0,0,0,131.939,0,0,0
"MtrElec",8,7,3,"",107.052,0,0,0,0,0,0,0,0,0,0,0,0,0,0,0,0,0,0,0,0,107.052,0,0,0
"MtrElec",8,7,4,"",115.098,0,0,0,0,0,0,0,0,0,0,0,0,0,0,0,0,0,0,0,0,115.098,0,0,0
"MtrElec",8,7,5,"",110.41,0,0,0,0,0,0,0,0,0,0,0,0,0,0,0,0,0,0,0,0,110.41,0,0,0
"MtrElec",8,7,6,"",135.73,0,0,0,0,0,0,0,0,0,0,0,0,0,0,0,0,0,0,0,0,135.73,0,0,0
"MtrElec",8,7,7,"",150.953,0,0,0,0,0,0,0,0,0,0,0,0,0,0,0,0,0,0,0,0,161.034,0,0,-10.0808
"MtrElec",8,7,8,"",165.059,0,0,0,0,0,0,0,0,0,0,0,0,0,0,0,0,0,0,0,0,227.281,0,0,-62.2217
"MtrElec",8,7,9,"",70.8436,0,0,0,0,0,0,0,0,0,0,0,0,0,0,0,0,0,0,0,0,237.74,0,0,-166.897
"MtrElec",8,7,10,"",0,0,0,0,0,0,0,0,0,0,0,0,0,0,0,0,0,0,0,0,0,252.17,0,10.6975,-262.868
"MtrElec",8,7,11,"",0.0000039,0,0,0,0,0,0,0,0,0,0,0,0,0,0,0,0,0,0,0,0,285.531,0,54.5885,-340.12
"MtrElec",8,7,12,"",0.0000078,0,0,0,0,0,0,0,0,0,0,0,0,0,0,0,0,0,0,0,0,305.019,0,81.2774,-386.297
"MtrElec",8,7,13,"",0,0,0,0,0,0,0,0,0,0,0,0,0,0,0,0,0,0,0,0,0,298.552,0,104.905,-403.457
"MtrElec",8,7,14,"",-8.4827,0,0,0,0,0,0,0,0,0,0,0,0,0,0,0,0,0,0,0,0,239.259,0,157.698,-405.439
"MtrElec",8,7,15,"",0,0,0,0,0,0,0,0,0,0,0,0,0,0,0,0,0,0,0,0,0,298.675,0,89.9187,-388.594
"MtrElec",8,7,16,"",0,0,0,0,0,0,0,0,0,0,0,0,0,0,0,0,0,0,0,0,0,285.458,0,52.6256,-338.084
"MtrElec",8,7,17,"",100.931,0,0,0,0,0,0,0,0,0,0,0,0,0,0,0,0,0,0,0,0,361.885,0,0,-260.953
"MtrElec",8,7,18,"",192.157,0,0,0,0,0,0,0,0,0,0,0,0,0,0,0,0,0,0,0,0,351.082,0,0,-158.925
"MtrElec",8,7,19,"",169.118,0,0,0,0,0,0,0,0,0,0,0,0,0,0,0,0,0,0,0,0,379.853,0,-157.698,-53.0373
"MtrElec",8,7,20,"",205.103,0,0,0,0,0,0,0,0,0,0,0,0,0,0,0,0,0,0,0,0,369.832,0,-157.698,-7.03112
"MtrElec",8,7,21,"",188.29,0,0,0,0,0,0,0,0,0,0,0,0,0,0,0,0,0,0,0,0,345.988,0,-157.698,0
"MtrElec",8,7,22,"",214.187,0,0,0,0,0,0,0,0,0,0,0,0,0,0,0,0,0,0,0,0,239.012,0,-24.8248,0
"MtrElec",8,7,23,"",245.386,0,0,0,0,0,0,0,0,0,0,0,0,0,0,0,0,0,0,0,0,245.386,0,0,0
"MtrElec",8,7,24,"",201.676,0,0,0,0,0,0,0,0,0,0,0,0,0,0,0,0,0,0,0,0,201.676,0,0,0
"MtrElec",8,8,1,"",148.555,0,0,0,0,0,0,0,0,0,0,0,0,0,0,0,0,0,0,0,0,148.555,0,0,0
"MtrElec",8,8,2,"",130.133,0,0,0,0,0,0,0,0,0,0,0,0,0,0,0,0,0,0,0,0,130.133,0,0,0
"MtrElec",8,8,3,"",114.59,0,0,0,0,0,0,0,0,0,0,0,0,0,0,0,0,0,0,0,0,114.59,0,0,0
"MtrElec",8,8,4,"",118.252,0,0,0,0,0,0,0,0,0,0,0,0,0,0,0,0,0,0,0,0,118.252,0,0,0
"MtrElec",8,8,5,"",120.563,0,0,0,0,0,0,0,0,0,0,0,0,0,0,0,0,0,0,0,0,120.563,0,0,0
"MtrElec",8,8,6,"",110.791,0,0,0,0,0,0,0,0,0,0,0,0,0,0,0,0,0,0,0,0,110.791,0,0,0
"MtrElec",8,8,7,"",158.419,0,0,0,0,0,0,0,0,0,0,0,0,0,0,0,0,0,0,0,0,167.647,0,0,-9.22717
"MtrElec",8,8,8,"",149.372,0,0,0,0,0,0,0,0,0,0,0,0,0,0,0,0,0,0,0,0,210.772,0,0,-61.3996
"MtrElec",8,8,9,"",75.8721,0,0,0,0,0,0,0,0,0,0,0,0,0,0,0,0,0,0,0,0,244.482,0,0,-168.61
"MtrElec",8,8,10,"",41.3038,0,0,0,0,0,0,0,0,0,0,0,0,0,0,0,0,0,0,0,0,312.244,0,0,-270.94
"MtrElec",8,8,11,"",0.0000020,0,0,0,0,0,0,0,0,0,0,0,0,0,0,0,0,0,0,0,0,317.622,0,32.3187,-349.94
"MtrElec",8,8,12,"",0,0,0,0,0,0,0,0,0,0,0,0,0,0,0,0,0,0,0,0,0,360.397,0,40.5552,-400.952
"MtrElec",8,8,13,"",0.0000078,0,0,0,0,0,0,0,0,0,0,0,0,0,0,0,0,0,0,0,0,324.511,0,102.719,-427.229
"MtrElec",8,8,14,"",0,0,0,0,0,0,0,0,0,0,0,0,0,0,0,0,0,0,0,0,0,300.647,0,131.242,-431.889
"MtrElec",8,8,15,"",0.0000078,0,0,0,0,0,0,0,0,0,0,0,0,0,0,0,0,0,0,0,0,340.734,0,66.834,-407.568
"MtrElec",8,8,16,"",0,0,0,0,0,0,0,0,0,0,0,0,0,0,0,0,0,0,0,0,0,315.559,0,33.7951,-349.354
"MtrElec",8,8,17,"",67.6112,0,0,0,0,0,0,0,0,0,0,0,0,0,0,0,0,0,0,0,0,332.268,0,0,-264.657
"MtrElec",8,8,18,"",209.96,0,0,0,0,0,0,0,0,0,0,0,0,0,0,0,0,0,0,0,0,370.388,0,0,-160.428
"MtrElec",8,8,19,"",183.517,0,0,0,0,0,0,0,0,0,0,0,0,0,0,0,0,0,0,0,0,393.618,0,-157.698,-52.4022
"MtrElec",8,8,20,"",217.664,0,0,0,0,0,0,0,0,0,0,0,0,0,0,0,0,0,0,0,0,380.467,0,-157.698,-5.10572
"MtrElec",8,8,21,"",238.779,0,0,0,0,0,0,0,0,0,0,0,0,0,0,0,0,0,0,0,0,291.12,0,-52.3402,0
"MtrElec",8,8,22,"",274.549,0,0,0,0,0,0,0,0,0,0,0,0,0,0,0,0,0,0,0,0,274.549,0,0,0
"MtrElec",8,8,23,"",228.927,0,0,0,0,0,0,0,0,0,0,0,0,0,0,0,0,0,0,0,0,228.927,0,0,0
"MtrElec",8,8,24,"",218.927,0,0,0,0,0,0,0,0,0,0,0,0,0,0,0,0,0,0,0,0,218.927,0,0,0
"MtrElec",8,9,1,"",130.819,0,0,0,0,0,0,0,0,0,0,0,0,0,0,0,0,0,0,0,0,130.819,0,0,0
"MtrElec",8,9,2,"",121.841,0,0,0,0,0,0,0,0,0,0,0,0,0,0,0,0,0,0,0,0,121.841,0,0,0
"MtrElec",8,9,3,"",117.611,0,0,0,0,0,0,0,0,0,0,0,0,0,0,0,0,0,0,0,0,117.611,0,0,0
"MtrElec",8,9,4,"",101.889,0,0,0,0,0,0,0,0,0,0,0,0,0,0,0,0,0,0,0,0,101.889,0,0,0
"MtrElec",8,9,5,"",152.01,0,0,0,0,0,0,0,0,0,0,0,0,0,0,0,0,0,0,0,0,152.01,0,0,0
"MtrElec",8,9,6,"",114.205,0,0,0,0,0,0,0,0,0,0,0,0,0,0,0,0,0,0,0,0,114.205,0,0,0
"MtrElec",8,9,7,"",107.76,0,0,0,0,0,0,0,0,0,0,0,0,0,0,0,0,0,0,0,0,117.118,0,0,-9.35712
"MtrElec",8,9,8,"",126.167,0,0,0,0,0,0,0,0,0,0,0,0,0,0,0,0,0,0,0,0,187.999,0,0,-61.8321
"MtrElec",8,9,9,"",40.7905,0,0,0,0,0,0,0,0,0,0,0,0,0,0,0,0,0,0,0,0,213.794,0,0,-173.004
"MtrElec",8,9,10,"",0,0,0,0,0,0,0,0,0,0,0,0,0,0,0,0,0,0,0,0,0,270,0,8.20147,-278.201
"MtrElec",8,9,11,"",0,0,0,0,0,0,0,0,0,0,0,0,0,0,0,0,0,0,0,0,0,330.52,0,24.1326,-354.653
"MtrElec",8,9,12,"",0.0000039,0,0,0,0,0,0,0,0,0,0,0,0,0,0,0,0,0,0,0,0,348.42,0,59.6554,-408.076
"MtrElec",8,9,13,"",0,0,0,0,0,0,0,0,0,0,0,0,0,0,0,0,0,0,0,0,0,318.203,0,121.13,-439.333
"MtrElec",8,9,14,"",0,0,0,0,0,0,0,0,0,0,0,0,0,0,0,0,0,0,0,0,0,300.539,0,139.628,-440.167
"MtrElec",8,9,15,"",0.0000078,0,0,0,0,0,0,0,0,0,0,0,0,0,0,0,0,0,0,0,0,321.217,0,91.3869,-412.604
"MtrElec",8,9,16,"",0,0,0,0,0,0,0,0,0,0,0,0,0,0,0,0,0,0,0,0,0,292.932,0,59.6291,-352.561
"MtrElec",8,9,17,"",33.7347,0,0,0,0,0,0,0,0,0,0,0,0,0,0,0,0,0,0,0,0,304.238,0,0,-270.503
"MtrElec",8,9,18,"",193.28,0,0,0,0,0,0,0,0,0,0,0,0,0,0,0,0,0,0,0,0,358.425,0,0,-165.145
"MtrElec",8,9,19,"",165.845,0,0,0,0,0,0,0,0,0,0,0,0,0,0,0,0,0,0,0,0,377.372,0,-157.698,-53.8296
"MtrElec",8,9,20,"",179.532,0,0,0,0,0,0,0,0,0,0,0,0,0,0,0,0,0,0,0,0,342.367,0,-157.698,-5.13713
"MtrElec",8,9,21,"",159.413,0,0,0,0,0,0,0,0,0,0,0,0,0,0,0,0,0,0,0,0,298.664,0,-139.251,0
"MtrElec",8,9,22,"",283.28,0,0,0,0,0,0,0,0,0,0,0,0,0,0,0,0,0,0,0,0,283.28,0,0,0
"MtrElec",8,9,23,"",182.666,0,0,0,0,0,0,0,0,0,0,0,0,0,0,0,0,0,0,0,0,182.666,0,0,0
"MtrElec",8,9,24,"",196.442,0,0,0,0,0,0,0,0,0,0,0,0,0,0,0,0,0,0,0,0,196.442,0,0,0
"MtrElec",8,10,1,"",128.211,0,0,0,0,0,0,0,0,0,0,0,0,0,0,0,0,0,0,0,0,128.211,0,0,0
"MtrElec",8,10,2,"",118.757,0,0,0,0,0,0,0,0,0,0,0,0,0,0,0,0,0,0,0,0,118.757,0,0,0
"MtrElec",8,10,3,"",112.295,0,0,0,0,0,0,0,0,0,0,0,0,0,0,0,0,0,0,0,0,112.295,0,0,0
"MtrElec",8,10,4,"",103.444,0,0,0,0,0,0,0,0,0,0,0,0,0,0,0,0,0,0,0,0,103.444,0,0,0
"MtrElec",8,10,5,"",92.4687,0,0,0,0,0,0,0,0,0,0,0,0,0,0,0,0,0,0,0,0,92.4687,0,0,0
"MtrElec",8,10,6,"",141.159,0,0,0,0,0,0,0,0,0,0,0,0,0,0,0,0,0,0,0,0,141.159,0,0,0
"MtrElec",8,10,7,"",145.686,0,0,0,0,0,0,0,0,0,0,0,0,0,0,0,0,0,0,0,0,156.024,0,0,-10.3377
"MtrElec",8,10,8,"",147.355,0,0,0,0,0,0,0,0,0,0,0,0,0,0,0,0,0,0,0,0,209.989,0,0,-62.6345
"MtrElec",8,10,9,"",50.4743,0,0,0,0,0,0,0,0,0,0,0,0,0,0,0,0,0,0,0,0,227.264,0,0,-176.79
"MtrElec",8,10,10,"",0,0,0,0,0,0,0,0,0,0,0,0,0,0,0,0,0,0,0,0,0,244.026,0,38.4186,-282.445
"MtrElec",8,10,11,"",0,0,0,0,0,0,0,0,0,0,0,0,0,0,0,0,0,0,0,0,0,249.779,0,115.461,-365.24
"MtrElec",8,10,12,"",-6.64847,0,0,0,0,0,0,0,0,0,0,0,0,0,0,0,0,0,0,0,0,256.405,0,157.698,-420.752
"MtrElec",8,10,13,"",-19.9317,0,0,0,0,0,0,0,0,0,0,0,0,0,0,0,0,0,0,0,0,270.197,0,157.698,-447.827
"MtrElec",8,10,14,"",-81.5753,0,0,0,0,0,0,0,0,0,0,0,0,0,0,0,0,0,0,0,0,244.119,0,119.109,-444.804
"MtrElec",8,10,15,"",-187.772,0,0,0,0,0,0,0,0,0,0,0,0,0,0,0,0,0,0,0,0,229.109,0,0,-416.881
"MtrElec",8,10,16,"",-100.765,0,0,0,0,0,0,0,0,0,0,0,0,0,0,0,0,0,0,0,0,261.624,0,0,-362.389
"MtrElec",8,10,17,"",29.4369,0,0,0,0,0,0,0,0,0,0,0,0,0,0,0,0,0,0,0,0,307.609,0,0,-278.172
"MtrElec",8,10,18,"",158.821,0,0,0,0,0,0,0,0,0,0,0,0,0,0,0,0,0,0,0,0,327.686,0,0,-168.865
"MtrElec",8,10,19,"",160.071,0,0,0,0,0,0,0,0,0,0,0,0,0,0,0,0,0,0,0,0,372.131,0,-157.698,-54.3623
"MtrElec",8,10,20,"",180.81,0,0,0,0,0,0,0,0,0,0,0,0,0,0,0,0,0,0,0,0,343.63,0,-157.698,-5.12214
"MtrElec",8,10,21,"",174.524,0,0,0,0,0,0,0,0,0,0,0,0,0,0,0,0,0,0,0,0,332.222,0,-157.698,0
"MtrElec",8,10,22,"",192.466,0,0,0,0,0,0,0,0,0,0,0,0,0,0,0,0,0,0,0,0,250.389,0,-57.9236,0
"MtrElec",8,10,23,"",223.75,0,0,0,0,0,0,0,0,0,0,0,0,0,0,0,0,0,0,0,0,223.75,0,0,0
"MtrElec",8,10,24,"",212.585,0,0,0,0,0,0,0,0,0,0,0,0,0,0,0,0,0,0,0,0,212.585,0,0,0
"MtrElec",8,11,1,"",140.952,0,0,0,0,0,0,0,0,0,0,0,0,0,0,0,0,0,0,0,0,140.952,0,0,0
"MtrElec",8,11,2,"",115.14,0,0,0,0,0,0,0,0,0,0,0,0,0,0,0,0,0,0,0,0,115.14,0,0,0
"MtrElec",8,11,3,"",102.72,0,0,0,0,0,0,0,0,0,0,0,0,0,0,0,0,0,0,0,0,102.72,0,0,0
"MtrElec",8,11,4,"",105.858,0,0,0,0,0,0,0,0,0,0,0,0,0,0,0,0,0,0,0,0,105.858,0,0,0
"MtrElec",8,11,5,"",140.308,0,0,0,0,0,0,0,0,0,0,0,0,0,0,0,0,0,0,0,0,140.308,0,0,0
"MtrElec",8,11,6,"",94.5507,0,0,0,0,0,0,0,0,0,0,0,0,0,0,0,0,0,0,0,0,94.5507,0,0,0
"MtrElec",8,11,7,"",139.711,0,0,0,0,0,0,0,0,0,0,0,0,0,0,0,0,0,0,0,0,150.157,0,0,-10.4458
"MtrElec",8,11,8,"",183.562,0,0,0,0,0,0,0,0,0,0,0,0,0,0,0,0,0,0,0,0,248.253,0,0,-64.6908
"MtrElec",8,11,9,"",87.4997,0,0,0,0,0,0,0,0,0,0,0,0,0,0,0,0,0,0,0,0,272.563,0,0,-185.064
"MtrElec",8,11,10,"",0,0,0,0,0,0,0,0,0,0,0,0,0,0,0,0,0,0,0,0,0,245.424,0,49.5684,-294.993
"MtrElec",8,11,11,"",0,0,0,0,0,0,0,0,0,0,0,0,0,0,0,0,0,0,0,0,0,262.531,0,108.518,-371.049
"MtrElec",8,11,12,"",0,0,0,0,0,0,0,0,0,0,0,0,0,0,0,0,0,0,0,0,0,270.46,0,153.102,-423.562
"MtrElec",8,11,13,"",-12.6476,0,0,0,0,0,0,0,0,0,0,0,0,0,0,0,0,0,0,0,0,282.015,0,157.698,-452.361
"MtrElec",8,11,14,"",-84.9183,0,0,0,0,0,0,0,0,0,0,0,0,0,0,0,0,0,0,0,0,243.83,0,119.499,-448.247
"MtrElec",8,11,15,"",-198.633,0,0,0,0,0,0,0,0,0,0,0,0,0,0,0,0,0,0,0,0,220.511,0,0,-419.143
"MtrElec",8,11,16,"",-86.6369,0,0,0,0,0,0,0,0,0,0,0,0,0,0,0,0,0,0,0,0,275.077,0,0,-361.714
"MtrElec",8,11,17,"",49.9095,0,0,0,0,0,0,0,0,0,0,0,0,0,0,0,0,0,0,0,0,327.126,0,0,-277.216
"MtrElec",8,11,18,"",187.16,0,0,0,0,0,0,0,0,0,0,0,0,0,0,0,0,0,0,0,0,355.357,0,0,-168.197
"MtrElec",8,11,19,"",154.426,0,0,0,0,0,0,0,0,0,0,0,0,0,0,0,0,0,0,0,0,366.638,0,-157.698,-54.5143
"MtrElec",8,11,20,"",171.667,0,0,0,0,0,0,0,0,0,0,0,0,0,0,0,0,0,0,0,0,334.111,0,-157.698,-4.74555
"MtrElec",8,11,21,"",176.849,0,0,0,0,0,0,0,0,0,0,0,0,0,0,0,0,0,0,0,0,334.547,0,-157.698,0
"MtrElec",8,11,22,"",158.59,0,0,0,0,0,0,0,0,0,0,0,0,0,0,0,0,0,0,0,0,216.513,0,-57.9236,0
"MtrElec",8,11,23,"",226.167,0,0,0,0,0,0,0,0,0,0,0,0,0,0,0,0,0,0,0,0,226.167,0,0,0
"MtrElec",8,11,24,"",183.31,0,0,0,0,0,0,0,0,0,0,0,0,0,0,0,0,0,0,0,0,183.31,0,0,0
"MtrElec",8,12,1,"",117.726,0,0,0,0,0,0,0,0,0,0,0,0,0,0,0,0,0,0,0,0,117.726,0,0,0
"MtrElec",8,12,2,"",114.782,0,0,0,0,0,0,0,0,0,0,0,0,0,0,0,0,0,0,0,0,114.782,0,0,0
"MtrElec",8,12,3,"",92.3636,0,0,0,0,0,0,0,0,0,0,0,0,0,0,0,0,0,0,0,0,92.3636,0,0,0
"MtrElec",8,12,4,"",103.284,0,0,0,0,0,0,0,0,0,0,0,0,0,0,0,0,0,0,0,0,103.284,0,0,0
"MtrElec",8,12,5,"",99.2209,0,0,0,0,0,0,0,0,0,0,0,0,0,0,0,0,0,0,0,0,99.2209,0,0,0
"MtrElec",8,12,6,"",128.967,0,0,0,0,0,0,0,0,0,0,0,0,0,0,0,0,0,0,0,0,128.967,0,0,0
"MtrElec",8,12,7,"",146.948,0,0,0,0,0,0,0,0,0,0,0,0,0,0,0,0,0,0,0,0,157.405,0,0,-10.4563
"MtrElec",8,12,8,"",157.497,0,0,0,0,0,0,0,0,0,0,0,0,0,0,0,0,0,0,0,0,222.546,0,0,-65.0485
"MtrElec",8,12,9,"",49.5359,0,0,0,0,0,0,0,0,0,0,0,0,0,0,0,0,0,0,0,0,232.072,0,0,-182.536
"MtrElec",8,12,10,"",0,0,0,0,0,0,0,0,0,0,0,0,0,0,0,0,0,0,0,0,0,234.596,0,53.119,-287.715
"MtrElec",8,12,11,"",0.0000156,0,0,0,0,0,0,0,0,0,0,0,0,0,0,0,0,0,0,0,0,233.129,0,136.705,-369.833
"MtrElec",8,12,12,"",-8.02473,0,0,0,0,0,0,0,0,0,0,0,0,0,0,0,0,0,0,0,0,258.941,0,157.698,-424.663
"MtrElec",8,12,13,"",-11.7425,0,0,0,0,0,0,0,0,0,0,0,0,0,0,0,0,0,0,0,0,278.203,0,157.698,-447.643
"MtrElec",8,12,14,"",-122.266,0,0,0,0,0,0,0,0,0,0,0,0,0,0,0,0,0,0,0,0,232.815,0,83.1655,-438.247
"MtrElec",8,12,15,"",-130.449,0,0,0,0,0,0,0,0,0,0,0,0,0,0,0,0,0,0,0,0,268.189,0,0,-398.639
"MtrElec",8,12,16,"",-82.846,0,0,0,0,0,0,0,0,0,0,0,0,0,0,0,0,0,0,0,0,251.143,0,0,-333.989
"MtrElec",8,12,17,"",45.3928,0,0,0,0,0,0,0,0,0,0,0,0,0,0,0,0,0,0,0,0,317.242,0,0,-271.849
"MtrElec",8,12,18,"",165.012,0,0,0,0,0,0,0,0,0,0,0,0,0,0,0,0,0,0,0,0,332.028,0,0,-167.016
"MtrElec",8,12,19,"",167.011,0,0,0,0,0,0,0,0,0,0,0,0,0,0,0,0,0,0,0,0,374.772,0,-157.698,-50.0635
"MtrElec",8,12,20,"",166.056,0,0,0,0,0,0,0,0,0,0,0,0,0,0,0,0,0,0,0,0,326.048,0,-157.698,-2.29424
"MtrElec",8,12,21,"",135.713,0,0,0,0,0,0,0,0,0,0,0,0,0,0,0,0,0,0,0,0,293.411,0,-157.698,0
"MtrElec",8,12,22,"",179.002,0,0,0,0,0,0,0,0,0,0,0,0,0,0,0,0,0,0,0,0,236.926,0,-57.9236,0
"MtrElec",8,12,23,"",261.667,0,0,0,0,0,0,0,0,0,0,0,0,0,0,0,0,0,0,0,0,261.667,0,0,0
"MtrElec",8,12,24,"",192.397,0,0,0,0,0,0,0,0,0,0,0,0,0,0,0,0,0,0,0,0,192.397,0,0,0
"MtrElec",8,13,1,"",158.874,0,0,0,0,0,0,0,0,0,0,0,0,0,0,0,0,0,0,0,0,158.874,0,0,0
"MtrElec",8,13,2,"",119.035,0,0,0,0,0,0,0,0,0,0,0,0,0,0,0,0,0,0,0,0,119.035,0,0,0
"MtrElec",8,13,3,"",93.7503,0,0,0,0,0,0,0,0,0,0,0,0,0,0,0,0,0,0,0,0,93.7503,0,0,0
"MtrElec",8,13,4,"",102.769,0,0,0,0,0,0,0,0,0,0,0,0,0,0,0,0,0,0,0,0,102.769,0,0,0
"MtrElec",8,13,5,"",100.813,0,0,0,0,0,0,0,0,0,0,0,0,0,0,0,0,0,0,0,0,100.813,0,0,0
"MtrElec",8,13,6,"",113.344,0,0,0,0,0,0,0,0,0,0,0,0,0,0,0,0,0,0,0,0,113.344,0,0,0
"MtrElec",8,13,7,"",140.162,0,0,0,0,0,0,0,0,0,0,0,0,0,0,0,0,0,0,0,0,146.898,0,0,-6.73585
"MtrElec",8,13,8,"",151.784,0,0,0,0,0,0,0,0,0,0,0,0,0,0,0,0,0,0,0,0,213.181,0,0,-61.3962
"MtrElec",8,13,9,"",95.6518,0,0,0,0,0,0,0,0,0,0,0,0,0,0,0,0,0,0,0,0,254.867,0,0,-159.215
"MtrElec",8,13,10,"",31.6685,0,0,0,0,0,0,0,0,0,0,0,0,0,0,0,0,0,0,0,0,279.182,0,0,-247.513
"MtrElec",8,13,11,"",0,0,0,0,0,0,0,0,0,0,0,0,0,0,0,0,0,0,0,0,0,300.871,0,20.5203,-321.391
"MtrElec",8,13,12,"",0,0,0,0,0,0,0,0,0,0,0,0,0,0,0,0,0,0,0,0,0,297.192,0,69.596,-366.788
"MtrElec",8,13,13,"",0,0,0,0,0,0,0,0,0,0,0,0,0,0,0,0,0,0,0,0,0,302.872,0,93.6585,-396.531
"MtrElec",8,13,14,"",0,0,0,0,0,0,0,0,0,0,0,0,0,0,0,0,0,0,0,0,0,266.961,0,119.675,-386.636
"MtrElec",8,13,15,"",21.3912,0,0,0,0,0,0,0,0,0,0,0,0,0,0,0,0,0,0,0,0,284.859,0,0,-263.468
"MtrElec",8,13,16,"",165.911,0,0,0,0,0,0,0,0,0,0,0,0,0,0,0,0,0,0,0,0,262.006,0,0,-96.0954
"MtrElec",8,13,17,"",117.442,0,0,0,0,0,0,0,0,0,0,0,0,0,0,0,0,0,0,0,0,305.187,0,0,-187.744
"MtrElec",8,13,18,"",190.102,0,0,0,0,0,0,0,0,0,0,0,0,0,0,0,0,0,0,0,0,337.484,0,0,-147.382
"MtrElec",8,13,19,"",165.307,0,0,0,0,0,0,0,0,0,0,0,0,0,0,0,0,0,0,0,0,372.496,0,-157.698,-49.4915
"MtrElec",8,13,20,"",236.248,0,0,0,0,0,0,0,0,0,0,0,0,0,0,0,0,0,0,0,0,355.071,0,-116.165,-2.65779
"MtrElec",8,13,21,"",356.872,0,0,0,0,0,0,0,0,0,0,0,0,0,0,0,0,0,0,0,0,356.872,0,0,0
"MtrElec",8,13,22,"",265.148,0,0,0,0,0,0,0,0,0,0,0,0,0,0,0,0,0,0,0,0,265.148,0,0,0
"MtrElec",8,13,23,"",243.073,0,0,0,0,0,0,0,0,0,0,0,0,0,0,0,0,0,0,0,0,243.073,0,0,0
"MtrElec",8,13,24,"",181.642,0,0,0,0,0,0,0,0,0,0,0,0,0,0,0,0,0,0,0,0,181.642,0,0,0
"MtrElec",8,14,1,"",147.01,0,0,0,0,0,0,0,0,0,0,0,0,0,0,0,0,0,0,0,0,147.01,0,0,0
"MtrElec",8,14,2,"",137.149,0,0,0,0,0,0,0,0,0,0,0,0,0,0,0,0,0,0,0,0,137.149,0,0,0
"MtrElec",8,14,3,"",113.934,0,0,0,0,0,0,0,0,0,0,0,0,0,0,0,0,0,0,0,0,113.934,0,0,0
"MtrElec",8,14,4,"",108.998,0,0,0,0,0,0,0,0,0,0,0,0,0,0,0,0,0,0,0,0,108.998,0,0,0
"MtrElec",8,14,5,"",105.572,0,0,0,0,0,0,0,0,0,0,0,0,0,0,0,0,0,0,0,0,105.572,0,0,0
"MtrElec",8,14,6,"",101.591,0,0,0,0,0,0,0,0,0,0,0,0,0,0,0,0,0,0,0,0,101.591,0,0,0
"MtrElec",8,14,7,"",156.877,0,0,0,0,0,0,0,0,0,0,0,0,0,0,0,0,0,0,0,0,165.961,0,0,-9.08434
"MtrElec",8,14,8,"",191.472,0,0,0,0,0,0,0,0,0,0,0,0,0,0,0,0,0,0,0,0,253.657,0,0,-62.1847
"MtrElec",8,14,9,"",68.992,0,0,0,0,0,0,0,0,0,0,0,0,0,0,0,0,0,0,0,0,235.493,0,0,-166.501
"MtrElec",8,14,10,"",7.73744,0,0,0,0,0,0,0,0,0,0,0,0,0,0,0,0,0,0,0,0,272.036,0,0,-264.298
"MtrElec",8,14,11,"",0,0,0,0,0,0,0,0,0,0,0,0,0,0,0,0,0,0,0,0,0,276.693,0,63.113,-339.806
"MtrElec",8,14,12,"",0,0,0,0,0,0,0,0,0,0,0,0,0,0,0,0,0,0,0,0,0,273.007,0,120.945,-393.952
"MtrElec",8,14,13,"",0,0,0,0,0,0,0,0,0,0,0,0,0,0,0,0,0,0,0,0,0,317.223,0,95.44,-412.663
"MtrElec",8,14,14,"",0.0000078,0,0,0,0,0,0,0,0,0,0,0,0,0,0,0,0,0,0,0,0,281.495,0,129.301,-410.796
"MtrElec",8,14,15,"",0,0,0,0,0,0,0,0,0,0,0,0,0,0,0,0,0,0,0,0,0,299.665,0,67.4162,-367.082
"MtrElec",8,14,16,"",0,0,0,0,0,0,0,0,0,0,0,0,0,0,0,0,0,0,0,0,0,291.18,0,36.3922,-327.572
"MtrElec",8,14,17,"",134.054,0,0,0,0,0,0,0,0,0,0,0,0,0,0,0,0,0,0,0,0,350.174,0,0,-216.12
"MtrElec",8,14,18,"",225.26,0,0,0,0,0,0,0,0,0,0,0,0,0,0,0,0,0,0,0,0,351.891,0,0,-126.63
"MtrElec",8,14,19,"",161.978,0,0,0,0,0,0,0,0,0,0,0,0,0,0,0,0,0,0,0,0,357.268,0,-157.698,-37.5926
"MtrElec",8,14,20,"",179.593,0,0,0,0,0,0,0,0,0,0,0,0,0,0,0,0,0,0,0,0,337.785,0,-157.698,-0.493835
"MtrElec",8,14,21,"",186.81,0,0,0,0,0,0,0,0,0,0,0,0,0,0,0,0,0,0,0,0,334.042,0,-147.232,0
"MtrElec",8,14,22,"",284.274,0,0,0,0,0,0,0,0,0,0,0,0,0,0,0,0,0,0,0,0,284.274,0,0,0
"MtrElec",8,14,23,"",253.202,0,0,0,0,0,0,0,0,0,0,0,0,0,0,0,0,0,0,0,0,253.202,0,0,0
"MtrElec",8,14,24,"",233.791,0,0,0,0,0,0,0,0,0,0,0,0,0,0,0,0,0,0,0,0,233.791,0,0,0
"MtrElec",8,15,1,"",133.682,0,0,0,0,0,0,0,0,0,0,0,0,0,0,0,0,0,0,0,0,133.682,0,0,0
"MtrElec",8,15,2,"",126.783,0,0,0,0,0,0,0,0,0,0,0,0,0,0,0,0,0,0,0,0,126.783,0,0,0
"MtrElec",8,15,3,"",117.256,0,0,0,0,0,0,0,0,0,0,0,0,0,0,0,0,0,0,0,0,117.256,0,0,0
"MtrElec",8,15,4,"",100.757,0,0,0,0,0,0,0,0,0,0,0,0,0,0,0,0,0,0,0,0,100.757,0,0,0
"MtrElec",8,15,5,"",134.031,0,0,0,0,0,0,0,0,0,0,0,0,0,0,0,0,0,0,0,0,134.031,0,0,0
"MtrElec",8,15,6,"",121.451,0,0,0,0,0,0,0,0,0,0,0,0,0,0,0,0,0,0,0,0,121.451,0,0,0
"MtrElec",8,15,7,"",116.439,0,0,0,0,0,0,0,0,0,0,0,0,0,0,0,0,0,0,0,0,126.615,0,0,-10.1757
"MtrElec",8,15,8,"",129.976,0,0,0,0,0,0,0,0,0,0,0,0,0,0,0,0,0,0,0,0,190.677,0,0,-60.7008
"MtrElec",8,15,9,"",59.5773,0,0,0,0,0,0,0,0,0,0,0,0,0,0,0,0,0,0,0,0,225.502,0,0,-165.925
"MtrElec",8,15,10,"",12.7953,0,0,0,0,0,0,0,0,0,0,0,0,0,0,0,0,0,0,0,0,276.695,0,0,-263.9
"MtrElec",8,15,11,"",0,0,0,0,0,0,0,0,0,0,0,0,0,0,0,0,0,0,0,0,0,292.375,0,49.0111,-341.386
"MtrElec",8,15,12,"",0.0000039,0,0,0,0,0,0,0,0,0,0,0,0,0,0,0,0,0,0,0,0,344.019,0,55.9736,-399.992
"MtrElec",8,15,13,"",0,0,0,0,0,0,0,0,0,0,0,0,0,0,0,0,0,0,0,0,0,324.208,0,100.222,-424.43
"MtrElec",8,15,14,"",0.0000078,0,0,0,0,0,0,0,0,0,0,0,0,0,0,0,0,0,0,0,0,305.287,0,115.861,-421.148
"MtrElec",8,15,15,"",0,0,0,0,0,0,0,0,0,0,0,0,0,0,0,0,0,0,0,0,0,361.509,0,30.3617,-391.871
"MtrElec",8,15,16,"",0,0,0,0,0,0,0,0,0,0,0,0,0,0,0,0,0,0,0,0,0,321.99,0,13.9622,-335.952
"MtrElec",8,15,17,"",66.4206,0,0,0,0,0,0,0,0,0,0,0,0,0,0,0,0,0,0,0,0,318.24,0,0,-251.819
"MtrElec",8,15,18,"",198.791,0,0,0,0,0,0,0,0,0,0,0,0,0,0,0,0,0,0,0,0,345.551,0,0,-146.759
"MtrElec",8,15,19,"",201.786,0,0,0,0,0,0,0,0,0,0,0,0,0,0,0,0,0,0,0,0,407.232,0,-157.698,-47.7481
"MtrElec",8,15,20,"",227.364,0,0,0,0,0,0,0,0,0,0,0,0,0,0,0,0,0,0,0,0,386.933,0,-157.698,-1.87109
"MtrElec",8,15,21,"",334.821,0,0,0,0,0,0,0,0,0,0,0,0,0,0,0,0,0,0,0,0,349.192,0,-14.3702,0
"MtrElec",8,15,22,"",347.625,0,0,0,0,0,0,0,0,0,0,0,0,0,0,0,0,0,0,0,0,347.625,0,0,0
"MtrElec",8,15,23,"",224.533,0,0,0,0,0,0,0,0,0,0,0,0,0,0,0,0,0,0,0,0,224.533,0,0,0
"MtrElec",8,15,24,"",187.071,0,0,0,0,0,0,0,0,0,0,0,0,0,0,0,0,0,0,0,0,187.071,0,0,0
"MtrElec",8,16,1,"",137.182,0,0,0,0,0,0,0,0,0,0,0,0,0,0,0,0,0,0,0,0,137.182,0,0,0
"MtrElec",8,16,2,"",122.009,0,0,0,0,0,0,0,0,0,0,0,0,0,0,0,0,0,0,0,0,122.009,0,0,0
"MtrElec",8,16,3,"",136.315,0,0,0,0,0,0,0,0,0,0,0,0,0,0,0,0,0,0,0,0,136.315,0,0,0
"MtrElec",8,16,4,"",112.129,0,0,0,0,0,0,0,0,0,0,0,0,0,0,0,0,0,0,0,0,112.129,0,0,0
"MtrElec",8,16,5,"",119.293,0,0,0,0,0,0,0,0,0,0,0,0,0,0,0,0,0,0,0,0,119.293,0,0,0
"MtrElec",8,16,6,"",96.9177,0,0,0,0,0,0,0,0,0,0,0,0,0,0,0,0,0,0,0,0,96.9177,0,0,0
"MtrElec",8,16,7,"",132.763,0,0,0,0,0,0,0,0,0,0,0,0,0,0,0,0,0,0,0,0,142.524,0,0,-9.76172
"MtrElec",8,16,8,"",96.6016,0,0,0,0,0,0,0,0,0,0,0,0,0,0,0,0,0,0,0,0,158.871,0,0,-62.269
"MtrElec",8,16,9,"",59.2573,0,0,0,0,0,0,0,0,0,0,0,0,0,0,0,0,0,0,0,0,226.72,0,0,-167.462
"MtrElec",8,16,10,"",0,0,0,0,0,0,0,0,0,0,0,0,0,0,0,0,0,0,0,0,0,234.325,0,30.6566,-264.982
"MtrElec",8,16,11,"",0,0,0,0,0,0,0,0,0,0,0,0,0,0,0,0,0,0,0,0,0,282.721,0,64.0974,-346.818
"MtrElec",8,16,12,"",0,0,0,0,0,0,0,0,0,0,0,0,0,0,0,0,0,0,0,0,0,340.297,0,64.1018,-404.399
"MtrElec",8,16,13,"",0.0000078,0,0,0,0,0,0,0,0,0,0,0,0,0,0,0,0,0,0,0,0,328.507,0,97.9044,-426.412
"MtrElec",8,16,14,"",0,0,0,0,0,0,0,0,0,0,0,0,0,0,0,0,0,0,0,0,0,283.877,0,142.58,-426.457
"MtrElec",8,16,15,"",0,0,0,0,0,0,0,0,0,0,0,0,0,0,0,0,0,0,0,0,0,312.716,0,85.3516,-398.067
"MtrElec",8,16,16,"",0,0,0,0,0,0,0,0,0,0,0,0,0,0,0,0,0,0,0,0,0,278.36,0,62.813,-341.173
"MtrElec",8,16,17,"",44.0077,0,0,0,0,0,0,0,0,0,0,0,0,0,0,0,0,0,0,0,0,300.818,0,0,-256.81
"MtrElec",8,16,18,"",213.822,0,0,0,0,0,0,0,0,0,0,0,0,0,0,0,0,0,0,0,0,364.659,0,0,-150.837
"MtrElec",8,16,19,"",197.827,0,0,0,0,0,0,0,0,0,0,0,0,0,0,0,0,0,0,0,0,402.581,0,-157.698,-47.0561
"MtrElec",8,16,20,"",189.259,0,0,0,0,0,0,0,0,0,0,0,0,0,0,0,0,0,0,0,0,349.236,0,-157.698,-2.2787
"MtrElec",8,16,21,"",117.725,0,0,0,0,0,0,0,0,0,0,0,0,0,0,0,0,0,0,0,0,275.423,0,-157.698,0
"MtrElec",8,16,22,"",227.255,0,0,0,0,0,0,0,0,0,0,0,0,0,0,0,0,0,0,0,0,248.284,0,-21.0293,0
"MtrElec",8,16,23,"",213.406,0,0,0,0,0,0,0,0,0,0,0,0,0,0,0,0,0,0,0,0,213.406,0,0,0
"MtrElec",8,16,24,"",212.351,0,0,0,0,0,0,0,0,0,0,0,0,0,0,0,0,0,0,0,0,212.351,0,0,0
"MtrElec",8,17,1,"",143.869,0,0,0,0,0,0,0,0,0,0,0,0,0,0,0,0,0,0,0,0,143.869,0,0,0
"MtrElec",8,17,2,"",118.511,0,0,0,0,0,0,0,0,0,0,0,0,0,0,0,0,0,0,0,0,118.511,0,0,0
"MtrElec",8,17,3,"",97.5155,0,0,0,0,0,0,0,0,0,0,0,0,0,0,0,0,0,0,0,0,97.5155,0,0,0
"MtrElec",8,17,4,"",113.554,0,0,0,0,0,0,0,0,0,0,0,0,0,0,0,0,0,0,0,0,113.554,0,0,0
"MtrElec",8,17,5,"",101.205,0,0,0,0,0,0,0,0,0,0,0,0,0,0,0,0,0,0,0,0,101.205,0,0,0
"MtrElec",8,17,6,"",117.177,0,0,0,0,0,0,0,0,0,0,0,0,0,0,0,0,0,0,0,0,117.177,0,0,0
"MtrElec",8,17,7,"",134.95,0,0,0,0,0,0,0,0,0,0,0,0,0,0,0,0,0,0,0,0,145.297,0,0,-10.3465
"MtrElec",8,17,8,"",182.922,0,0,0,0,0,0,0,0,0,0,0,0,0,0,0,0,0,0,0,0,244.235,0,0,-61.3126
"MtrElec",8,17,9,"",65.1137,0,0,0,0,0,0,0,0,0,0,0,0,0,0,0,0,0,0,0,0,235.778,0,0,-170.664
"MtrElec",8,17,10,"",0,0,0,0,0,0,0,0,0,0,0,0,0,0,0,0,0,0,0,0,0,250.704,0,21.4211,-272.125
"MtrElec",8,17,11,"",0.0000039,0,0,0,0,0,0,0,0,0,0,0,0,0,0,0,0,0,0,0,0,302.564,0,50.8334,-353.398
"MtrElec",8,17,12,"",0,0,0,0,0,0,0,0,0,0,0,0,0,0,0,0,0,0,0,0,0,296.84,0,113.625,-410.465
"MtrElec",8,17,13,"",0,0,0,0,0,0,0,0,0,0,0,0,0,0,0,0,0,0,0,0,0,323.065,0,115.896,-438.962
"MtrElec",8,17,14,"",-45.8592,0,0,0,0,0,0,0,0,0,0,0,0,0,0,0,0,0,0,0,0,235.379,0,157.698,-438.936
"MtrElec",8,17,15,"",-50.2601,0,0,0,0,0,0,0,0,0,0,0,0,0,0,0,0,0,0,0,0,233.329,0,128.911,-412.5
"MtrElec",8,17,16,"",-82.5918,0,0,0,0,0,0,0,0,0,0,0,0,0,0,0,0,0,0,0,0,272.364,0,0,-354.956
"MtrElec",8,17,17,"",35.3198,0,0,0,0,0,0,0,0,0,0,0,0,0,0,0,0,0,0,0,0,305.752,0,0,-270.432
"MtrElec",8,17,18,"",165.602,0,0,0,0,0,0,0,0,0,0,0,0,0,0,0,0,0,0,0,0,326.66,0,0,-161.057
"MtrElec",8,17,19,"",186.502,0,0,0,0,0,0,0,0,0,0,0,0,0,0,0,0,0,0,0,0,392.26,0,-157.698,-48.0598
"MtrElec",8,17,20,"",186.866,0,0,0,0,0,0,0,0,0,0,0,0,0,0,0,0,0,0,0,0,346.22,0,-157.698,-1.65604
"MtrElec",8,17,21,"",131.575,0,0,0,0,0,0,0,0,0,0,0,0,0,0,0,0,0,0,0,0,289.273,0,-157.698,0
"MtrElec",8,17,22,"",211.65,0,0,0,0,0,0,0,0,0,0,0,0,0,0,0,0,0,0,0,0,269.574,0,-57.9236,0
"MtrElec",8,17,23,"",267.684,0,0,0,0,0,0,0,0,0,0,0,0,0,0,0,0,0,0,0,0,267.684,0,0,0
"MtrElec",8,17,24,"",186.804,0,0,0,0,0,0,0,0,0,0,0,0,0,0,0,0,0,0,0,0,186.804,0,0,0
"MtrElec",8,18,1,"",140.448,0,0,0,0,0,0,0,0,0,0,0,0,0,0,0,0,0,0,0,0,140.448,0,0,0
"MtrElec",8,18,2,"",114.2,0,0,0,0,0,0,0,0,0,0,0,0,0,0,0,0,0,0,0,0,114.2,0,0,0
"MtrElec",8,18,3,"",111.19,0,0,0,0,0,0,0,0,0,0,0,0,0,0,0,0,0,0,0,0,111.19,0,0,0
"MtrElec",8,18,4,"",121.559,0,0,0,0,0,0,0,0,0,0,0,0,0,0,0,0,0,0,0,0,121.559,0,0,0
"MtrElec",8,18,5,"",106.561,0,0,0,0,0,0,0,0,0,0,0,0,0,0,0,0,0,0,0,0,106.561,0,0,0
"MtrElec",8,18,6,"",133.258,0,0,0,0,0,0,0,0,0,0,0,0,0,0,0,0,0,0,0,0,133.258,0,0,0
"MtrElec",8,18,7,"",157.727,0,0,0,0,0,0,0,0,0,0,0,0,0,0,0,0,0,0,0,0,167.605,0,0,-9.87883
"MtrElec",8,18,8,"",164.588,0,0,0,0,0,0,0,0,0,0,0,0,0,0,0,0,0,0,0,0,226.833,0,0,-62.2446
"MtrElec",8,18,9,"",56.0339,0,0,0,0,0,0,0,0,0,0,0,0,0,0,0,0,0,0,0,0,234.57,0,0,-178.536
"MtrElec",8,18,10,"",0,0,0,0,0,0,0,0,0,0,0,0,0,0,0,0,0,0,0,0,0,267.852,0,13.7568,-281.609
"MtrElec",8,18,11,"",0,0,0,0,0,0,0,0,0,0,0,0,0,0,0,0,0,0,0,0,0,252.807,0,104.075,-356.883
"MtrElec",8,18,12,"",-3.78756,0,0,0,0,0,0,0,0,0,0,0,0,0,0,0,0,0,0,0,0,254.478,0,157.698,-415.964
"MtrElec",8,18,13,"",0.0000078,0,0,0,0,0,0,0,0,0,0,0,0,0,0,0,0,0,0,0,0,321.158,0,127.187,-448.345
"MtrElec",8,18,14,"",-48.1404,0,0,0,0,0,0,0,0,0,0,0,0,0,0,0,0,0,0,0,0,241.859,0,157.698,-447.697
"MtrElec",8,18,15,"",-143.113,0,0,0,0,0,0,0,0,0,0,0,0,0,0,0,0,0,0,0,0,247.995,0,27.9702,-419.078
"MtrElec",8,18,16,"",-101.107,0,0,0,0,0,0,0,0,0,0,0,0,0,0,0,0,0,0,0,0,257.723,0,0,-358.83
"MtrElec",8,18,17,"",48.1738,0,0,0,0,0,0,0,0,0,0,0,0,0,0,0,0,0,0,0,0,318.986,0,0,-270.812
"MtrElec",8,18,18,"",163.477,0,0,0,0,0,0,0,0,0,0,0,0,0,0,0,0,0,0,0,0,323.695,0,0,-160.218
"MtrElec",8,18,19,"",167.712,0,0,0,0,0,0,0,0,0,0,0,0,0,0,0,0,0,0,0,0,372.756,0,-157.698,-47.3461
"MtrElec",8,18,20,"",165.597,0,0,0,0,0,0,0,0,0,0,0,0,0,0,0,0,0,0,0,0,324.977,0,-157.698,-1.68245
"MtrElec",8,18,21,"",146.606,0,0,0,0,0,0,0,0,0,0,0,0,0,0,0,0,0,0,0,0,304.304,0,-157.698,0
"MtrElec",8,18,22,"",173.913,0,0,0,0,0,0,0,0,0,0,0,0,0,0,0,0,0,0,0,0,231.836,0,-57.9236,0
"MtrElec",8,18,23,"",238.635,0,0,0,0,0,0,0,0,0,0,0,0,0,0,0,0,0,0,0,0,238.635,0,0,0
"MtrElec",8,18,24,"",215.549,0,0,0,0,0,0,0,0,0,0,0,0,0,0,0,0,0,0,0,0,215.549,0,0,0
"MtrElec",8,19,1,"",132.643,0,0,0,0,0,0,0,0,0,0,0,0,0,0,0,0,0,0,0,0,132.643,0,0,0
"MtrElec",8,19,2,"",113.864,0,0,0,0,0,0,0,0,0,0,0,0,0,0,0,0,0,0,0,0,113.864,0,0,0
"MtrElec",8,19,3,"",91.8306,0,0,0,0,0,0,0,0,0,0,0,0,0,0,0,0,0,0,0,0,91.8306,0,0,0
"MtrElec",8,19,4,"",103.986,0,0,0,0,0,0,0,0,0,0,0,0,0,0,0,0,0,0,0,0,103.986,0,0,0
"MtrElec",8,19,5,"",99.7413,0,0,0,0,0,0,0,0,0,0,0,0,0,0,0,0,0,0,0,0,99.7413,0,0,0
"MtrElec",8,19,6,"",130.48,0,0,0,0,0,0,0,0,0,0,0,0,0,0,0,0,0,0,0,0,130.48,0,0,0
"MtrElec",8,19,7,"",131.904,0,0,0,0,0,0,0,0,0,0,0,0,0,0,0,0,0,0,0,0,141.883,0,0,-9.97895
"MtrElec",8,19,8,"",139.473,0,0,0,0,0,0,0,0,0,0,0,0,0,0,0,0,0,0,0,0,202.968,0,0,-63.4944
"MtrElec",8,19,9,"",35.5283,0,0,0,0,0,0,0,0,0,0,0,0,0,0,0,0,0,0,0,0,220.563,0,0,-185.034
"MtrElec",8,19,10,"",0,0,0,0,0,0,0,0,0,0,0,0,0,0,0,0,0,0,0,0,0,221.59,0,72.419,-294.009
"MtrElec",8,19,11,"",0,0,0,0,0,0,0,0,0,0,0,0,0,0,0,0,0,0,0,0,0,268.987,0,110.155,-379.142
"MtrElec",8,19,12,"",-30.7269,0,0,0,0,0,0,0,0,0,0,0,0,0,0,0,0,0,0,0,0,241.576,0,157.698,-430.001
"MtrElec",8,19,13,"",-71.5849,0,0,0,0,0,0,0,0,0,0,0,0,0,0,0,0,0,0,0,0,228.329,0,157.698,-457.612
"MtrElec",8,19,14,"",-158.965,0,0,0,0,0,0,0,0,0,0,0,0,0,0,0,0,0,0,0,0,209.868,0,90.415,-459.248
"MtrElec",8,19,15,"",-175.274,0,0,0,0,0,0,0,0,0,0,0,0,0,0,0,0,0,0,0,0,254.091,0,0,-429.365
"MtrElec",8,19,16,"",-109.939,0,0,0,0,0,0,0,0,0,0,0,0,0,0,0,0,0,0,0,0,260.422,0,0,-370.361
"MtrElec",8,19,17,"",20.4444,0,0,0,0,0,0,0,0,0,0,0,0,0,0,0,0,0,0,0,0,302.607,0,0,-282.163
"MtrElec",8,19,18,"",164.001,0,0,0,0,0,0,0,0,0,0,0,0,0,0,0,0,0,0,0,0,330.897,0,0,-166.896
"MtrElec",8,19,19,"",137.308,0,0,0,0,0,0,0,0,0,0,0,0,0,0,0,0,0,0,0,0,342.91,0,-157.698,-47.9038
"MtrElec",8,19,20,"",159.761,0,0,0,0,0,0,0,0,0,0,0,0,0,0,0,0,0,0,0,0,319.178,0,-157.698,-1.71917
"MtrElec",8,19,21,"",138.704,0,0,0,0,0,0,0,0,0,0,0,0,0,0,0,0,0,0,0,0,296.402,0,-157.698,0
"MtrElec",8,19,22,"",188.48,0,0,0,0,0,0,0,0,0,0,0,0,0,0,0,0,0,0,0,0,246.404,0,-57.9236,0
"MtrElec",8,19,23,"",224.202,0,0,0,0,0,0,0,0,0,0,0,0,0,0,0,0,0,0,0,0,224.202,0,0,0
"MtrElec",8,19,24,"",160.748,0,0,0,0,0,0,0,0,0,0,0,0,0,0,0,0,0,0,0,0,160.748,0,0,0
"MtrElec",8,20,1,"",143.285,0,0,0,0,0,0,0,0,0,0,0,0,0,0,0,0,0,0,0,0,143.285,0,0,0
"MtrElec",8,20,2,"",112.325,0,0,0,0,0,0,0,0,0,0,0,0,0,0,0,0,0,0,0,0,112.325,0,0,0
"MtrElec",8,20,3,"",90.1907,0,0,0,0,0,0,0,0,0,0,0,0,0,0,0,0,0,0,0,0,90.1907,0,0,0
"MtrElec",8,20,4,"",101.753,0,0,0,0,0,0,0,0,0,0,0,0,0,0,0,0,0,0,0,0,101.753,0,0,0
"MtrElec",8,20,5,"",99.1619,0,0,0,0,0,0,0,0,0,0,0,0,0,0,0,0,0,0,0,0,99.1619,0,0,0
"MtrElec",8,20,6,"",118.219,0,0,0,0,0,0,0,0,0,0,0,0,0,0,0,0,0,0,0,0,118.219,0,0,0
"MtrElec",8,20,7,"",159.413,0,0,0,0,0,0,0,0,0,0,0,0,0,0,0,0,0,0,0,0,168.899,0,0,-9.48537
"MtrElec",8,20,8,"",136.614,0,0,0,0,0,0,0,0,0,0,0,0,0,0,0,0,0,0,0,0,198.736,0,0,-62.1224
"MtrElec",8,20,9,"",59.3387,0,0,0,0,0,0,0,0,0,0,0,0,0,0,0,0,0,0,0,0,235.307,0,0,-175.968
"MtrElec",8,20,10,"",0.0000078,0,0,0,0,0,0,0,0,0,0,0,0,0,0,0,0,0,0,0,0,206.372,0,76.1786,-282.551
"MtrElec",8,20,11,"",0,0,0,0,0,0,0,0,0,0,0,0,0,0,0,0,0,0,0,0,0,258.355,0,104.926,-363.281
"MtrElec",8,20,12,"",0,0,0,0,0,0,0,0,0,0,0,0,0,0,0,0,0,0,0,0,0,266.583,0,151.146,-417.729
"MtrElec",8,20,13,"",-49.2725,0,0,0,0,0,0,0,0,0,0,0,0,0,0,0,0,0,0,0,0,235.294,0,157.698,-442.264
"MtrElec",8,20,14,"",-132.198,0,0,0,0,0,0,0,0,0,0,0,0,0,0,0,0,0,0,0,0,208.401,0,98.4369,-439.035
"MtrElec",8,20,15,"",-163.145,0,0,0,0,0,0,0,0,0,0,0,0,0,0,0,0,0,0,0,0,246.753,0,0,-409.898
"MtrElec",8,20,16,"",-92.9641,0,0,0,0,0,0,0,0,0,0,0,0,0,0,0,0,0,0,0,0,259.678,0,0,-352.642
"MtrElec",8,20,17,"",-3.71731,0,0,0,0,0,0,0,0,0,0,0,0,0,0,0,0,0,0,0,0,262.686,0,0,-266.403
"MtrElec",8,20,18,"",174.189,0,0,0,0,0,0,0,0,0,0,0,0,0,0,0,0,0,0,0,0,328.729,0,0,-154.541
"MtrElec",8,20,19,"",153.879,0,0,0,0,0,0,0,0,0,0,0,0,0,0,0,0,0,0,0,0,356.647,0,-157.698,-45.0703
"MtrElec",8,20,20,"",189.875,0,0,0,0,0,0,0,0,0,0,0,0,0,0,0,0,0,0,0,0,348.506,0,-157.698,-0.932556
"MtrElec",8,20,21,"",171.577,0,0,0,0,0,0,0,0,0,0,0,0,0,0,0,0,0,0,0,0,329.275,0,-157.698,0
"MtrElec",8,20,22,"",172.339,0,0,0,0,0,0,0,0,0,0,0,0,0,0,0,0,0,0,0,0,230.263,0,-57.9236,0
"MtrElec",8,20,23,"",217.952,0,0,0,0,0,0,0,0,0,0,0,0,0,0,0,0,0,0,0,0,217.952,0,0,0
"MtrElec",8,20,24,"",193.968,0,0,0,0,0,0,0,0,0,0,0,0,0,0,0,0,0,0,0,0,193.968,0,0,0
"MtrElec",8,21,1,"",133.586,0,0,0,0,0,0,0,0,0,0,0,0,0,0,0,0,0,0,0,0,133.586,0,0,0
"MtrElec",8,21,2,"",114.094,0,0,0,0,0,0,0,0,0,0,0,0,0,0,0,0,0,0,0,0,114.094,0,0,0
"MtrElec",8,21,3,"",92.4977,0,0,0,0,0,0,0,0,0,0,0,0,0,0,0,0,0,0,0,0,92.4977,0,0,0
"MtrElec",8,21,4,"",103.874,0,0,0,0,0,0,0,0,0,0,0,0,0,0,0,0,0,0,0,0,103.874,0,0,0
"MtrElec",8,21,5,"",100.592,0,0,0,0,0,0,0,0,0,0,0,0,0,0,0,0,0,0,0,0,100.592,0,0,0
"MtrElec",8,21,6,"",115.144,0,0,0,0,0,0,0,0,0,0,0,0,0,0,0,0,0,0,0,0,115.144,0,0,0
"MtrElec",8,21,7,"",134.223,0,0,0,0,0,0,0,0,0,0,0,0,0,0,0,0,0,0,0,0,143.142,0,0,-8.91985
"MtrElec",8,21,8,"",170.204,0,0,0,0,0,0,0,0,0,0,0,0,0,0,0,0,0,0,0,0,231.153,0,0,-60.9494
"MtrElec",8,21,9,"",88.8889,0,0,0,0,0,0,0,0,0,0,0,0,0,0,0,0,0,0,0,0,262.773,0,0,-173.884
"MtrElec",8,21,10,"",34.0095,0,0,0,0,0,0,0,0,0,0,0,0,0,0,0,0,0,0,0,0,310.753,0,0,-276.743
"MtrElec",8,21,11,"",0,0,0,0,0,0,0,0,0,0,0,0,0,0,0,0,0,0,0,0,0,242.235,0,115.362,-357.597
"MtrElec",8,21,12,"",-1.09166,0,0,0,0,0,0,0,0,0,0,0,0,0,0,0,0,0,0,0,0,256.585,0,157.698,-415.375
"MtrElec",8,21,13,"",0,0,0,0,0,0,0,0,0,0,0,0,0,0,0,0,0,0,0,0,0,283.677,0,155.931,-439.608
"MtrElec",8,21,14,"",-26.776,0,0,0,0,0,0,0,0,0,0,0,0,0,0,0,0,0,0,0,0,254.857,0,157.698,-439.331
"MtrElec",8,21,15,"",-160.302,0,0,0,0,0,0,0,0,0,0,0,0,0,0,0,0,0,0,0,0,249.623,0,1.69632,-411.622
"MtrElec",8,21,16,"",-102.968,0,0,0,0,0,0,0,0,0,0,0,0,0,0,0,0,0,0,0,0,251.095,0,0,-354.063
"MtrElec",8,21,17,"",57.1267,0,0,0,0,0,0,0,0,0,0,0,0,0,0,0,0,0,0,0,0,323.962,0,0,-266.836
"MtrElec",8,21,18,"",192.738,0,0,0,0,0,0,0,0,0,0,0,0,0,0,0,0,0,0,0,0,348.011,0,0,-155.273
"MtrElec",8,21,19,"",161.431,0,0,0,0,0,0,0,0,0,0,0,0,0,0,0,0,0,0,0,0,363.403,0,-157.698,-44.2746
"MtrElec",8,21,20,"",215.311,0,0,0,0,0,0,0,0,0,0,0,0,0,0,0,0,0,0,0,0,373.953,0,-157.698,-0.944381
"MtrElec",8,21,21,"",129.482,0,0,0,0,0,0,0,0,0,0,0,0,0,0,0,0,0,0,0,0,287.18,0,-157.698,0
"MtrElec",8,21,22,"",177.49,0,0,0,0,0,0,0,0,0,0,0,0,0,0,0,0,0,0,0,0,235.413,0,-57.9236,0
"MtrElec",8,21,23,"",225.248,0,0,0,0,0,0,0,0,0,0,0,0,0,0,0,0,0,0,0,0,225.248,0,0,0
"MtrElec",8,21,24,"",162.235,0,0,0,0,0,0,0,0,0,0,0,0,0,0,0,0,0,0,0,0,162.235,0,0,0
"MtrElec",8,22,1,"",170.605,0,0,0,0,0,0,0,0,0,0,0,0,0,0,0,0,0,0,0,0,170.605,0,0,0
"MtrElec",8,22,2,"",111.81,0,0,0,0,0,0,0,0,0,0,0,0,0,0,0,0,0,0,0,0,111.81,0,0,0
"MtrElec",8,22,3,"",94.3303,0,0,0,0,0,0,0,0,0,0,0,0,0,0,0,0,0,0,0,0,94.3303,0,0,0
"MtrElec",8,22,4,"",105.231,0,0,0,0,0,0,0,0,0,0,0,0,0,0,0,0,0,0,0,0,105.231,0,0,0
"MtrElec",8,22,5,"",115.612,0,0,0,0,0,0,0,0,0,0,0,0,0,0,0,0,0,0,0,0,115.612,0,0,0
"MtrElec",8,22,6,"",92.1759,0,0,0,0,0,0,0,0,0,0,0,0,0,0,0,0,0,0,0,0,92.1759,0,0,0
"MtrElec",8,22,7,"",136.448,0,0,0,0,0,0,0,0,0,0,0,0,0,0,0,0,0,0,0,0,148.663,0,0,-12.2149
"MtrElec",8,22,8,"",106.658,0,0,0,0,0,0,0,0,0,0,0,0,0,0,0,0,0,0,0,0,174.927,0,0,-68.269
"MtrElec",8,22,9,"",141.399,0,0,0,0,0,0,0,0,0,0,0,0,0,0,0,0,0,0,0,0,230.083,0,0,-88.684
"MtrElec",8,22,10,"",4.55988,0,0,0,0,0,0,0,0,0,0,0,0,0,0,0,0,0,0,0,0,273.617,0,0,-269.057
"MtrElec",8,22,11,"",0,0,0,0,0,0,0,0,0,0,0,0,0,0,0,0,0,0,0,0,0,259.315,0,109.571,-368.886
"MtrElec",8,22,12,"",0,0,0,0,0,0,0,0,0,0,0,0,0,0,0,0,0,0,0,0,0,290.455,0,131.552,-422.007
"MtrElec",8,22,13,"",0,0,0,0,0,0,0,0,0,0,0,0,0,0,0,0,0,0,0,0,0,316.948,0,131.677,-448.625
"MtrElec",8,22,14,"",-20.5317,0,0,0,0,0,0,0,0,0,0,0,0,0,0,0,0,0,0,0,0,267.189,0,157.698,-445.418
"MtrElec",8,22,15,"",-72.5153,0,0,0,0,0,0,0,0,0,0,0,0,0,0,0,0,0,0,0,0,281.784,0,57.8869,-412.186
"MtrElec",8,22,16,"",-79.6062,0,0,0,0,0,0,0,0,0,0,0,0,0,0,0,0,0,0,0,0,272.367,0,0,-351.974
"MtrElec",8,22,17,"",30.3834,0,0,0,0,0,0,0,0,0,0,0,0,0,0,0,0,0,0,0,0,295.999,0,0,-265.615
"MtrElec",8,22,18,"",194.985,0,0,0,0,0,0,0,0,0,0,0,0,0,0,0,0,0,0,0,0,350.222,0,0,-155.237
"MtrElec",8,22,19,"",197.884,0,0,0,0,0,0,0,0,0,0,0,0,0,0,0,0,0,0,0,0,398.637,0,-157.698,-43.0554
"MtrElec",8,22,20,"",161.125,0,0,0,0,0,0,0,0,0,0,0,0,0,0,0,0,0,0,0,0,319.378,0,-157.698,-0.555158
"MtrElec",8,22,21,"",132.684,0,0,0,0,0,0,0,0,0,0,0,0,0,0,0,0,0,0,0,0,290.382,0,-157.698,0
"MtrElec",8,22,22,"",194.628,0,0,0,0,0,0,0,0,0,0,0,0,0,0,0,0,0,0,0,0,252.552,0,-57.9236,0
"MtrElec",8,22,23,"",192.742,0,0,0,0,0,0,0,0,0,0,0,0,0,0,0,0,0,0,0,0,192.742,0,0,0
"MtrElec",8,22,24,"",203.06,0,0,0,0,0,0,0,0,0,0,0,0,0,0,0,0,0,0,0,0,203.06,0,0,0
"MtrElec",8,23,1,"",161.29,0,0,0,0,0,0,0,0,0,0,0,0,0,0,0,0,0,0,0,0,161.29,0,0,0
"MtrElec",8,23,2,"",105.712,0,0,0,0,0,0,0,0,0,0,0,0,0,0,0,0,0,0,0,0,105.712,0,0,0
"MtrElec",8,23,3,"",111.72,0,0,0,0,0,0,0,0,0,0,0,0,0,0,0,0,0,0,0,0,111.72,0,0,0
"MtrElec",8,23,4,"",98.6692,0,0,0,0,0,0,0,0,0,0,0,0,0,0,0,0,0,0,0,0,98.6692,0,0,0
"MtrElec",8,23,5,"",132.6,0,0,0,0,0,0,0,0,0,0,0,0,0,0,0,0,0,0,0,0,132.6,0,0,0
"MtrElec",8,23,6,"",139.913,0,0,0,0,0,0,0,0,0,0,0,0,0,0,0,0,0,0,0,0,139.913,0,0,0
"MtrElec",8,23,7,"",91.5087,0,0,0,0,0,0,0,0,0,0,0,0,0,0,0,0,0,0,0,0,99.9641,0,0,-8.45544
"MtrElec",8,23,8,"",120.386,0,0,0,0,0,0,0,0,0,0,0,0,0,0,0,0,0,0,0,0,181.805,0,0,-61.4191
"MtrElec",8,23,9,"",47.8857,0,0,0,0,0,0,0,0,0,0,0,0,0,0,0,0,0,0,0,0,227.992,0,0,-180.106
"MtrElec",8,23,10,"",2.57612,0,0,0,0,0,0,0,0,0,0,0,0,0,0,0,0,0,0,0,0,289.071,0,0,-286.495
"MtrElec",8,23,11,"",0.0000039,0,0,0,0,0,0,0,0,0,0,0,0,0,0,0,0,0,0,0,0,305.243,0,65.2219,-370.464
"MtrElec",8,23,12,"",0,0,0,0,0,0,0,0,0,0,0,0,0,0,0,0,0,0,0,0,0,302.112,0,125.452,-427.564
"MtrElec",8,23,13,"",0,0,0,0,0,0,0,0,0,0,0,0,0,0,0,0,0,0,0,0,0,323.158,0,127.27,-450.428
"MtrElec",8,23,14,"",-11.8523,0,0,0,0,0,0,0,0,0,0,0,0,0,0,0,0,0,0,0,0,279.055,0,157.698,-448.606
"MtrElec",8,23,15,"",0,0,0,0,0,0,0,0,0,0,0,0,0,0,0,0,0,0,0,0,0,316.801,0,98.4499,-415.251
"MtrElec",8,23,16,"",-40.2165,0,0,0,0,0,0,0,0,0,0,0,0,0,0,0,0,0,0,0,0,298.319,0,14.2937,-352.829
"MtrElec",8,23,17,"",62.5239,0,0,0,0,0,0,0,0,0,0,0,0,0,0,0,0,0,0,0,0,328.315,0,0,-265.791
"MtrElec",8,23,18,"",229.893,0,0,0,0,0,0,0,0,0,0,0,0,0,0,0,0,0,0,0,0,385.002,0,0,-155.109
"MtrElec",8,23,19,"",210.481,0,0,0,0,0,0,0,0,0,0,0,0,0,0,0,0,0,0,0,0,410.453,0,-157.698,-42.2746
"MtrElec",8,23,20,"",216.456,0,0,0,0,0,0,0,0,0,0,0,0,0,0,0,0,0,0,0,0,374.667,0,-157.698,-0.512429
"MtrElec",8,23,21,"",150.113,0,0,0,0,0,0,0,0,0,0,0,0,0,0,0,0,0,0,0,0,307.811,0,-157.698,0
"MtrElec",8,23,22,"",224.219,0,0,0,0,0,0,0,0,0,0,0,0,0,0,0,0,0,0,0,0,282.143,0,-57.9236,0
"MtrElec",8,23,23,"",197.433,0,0,0,0,0,0,0,0,0,0,0,0,0,0,0,0,0,0,0,0,197.433,0,0,0
"MtrElec",8,23,24,"",204.472,0,0,0,0,0,0,0,0,0,0,0,0,0,0,0,0,0,0,0,0,204.472,0,0,0
"MtrElec",8,24,1,"",153.176,0,0,0,0,0,0,0,0,0,0,0,0,0,0,0,0,0,0,0,0,153.176,0,0,0
"MtrElec",8,24,2,"",121.008,0,0,0,0,0,0,0,0,0,0,0,0,0,0,0,0,0,0,0,0,121.008,0,0,0
"MtrElec",8,24,3,"",104.149,0,0,0,0,0,0,0,0,0,0,0,0,0,0,0,0,0,0,0,0,104.149,0,0,0
"MtrElec",8,24,4,"",107.266,0,0,0,0,0,0,0,0,0,0,0,0,0,0,0,0,0,0,0,0,107.266,0,0,0
"MtrElec",8,24,5,"",107.49,0,0,0,0,0,0,0,0,0,0,0,0,0,0,0,0,0,0,0,0,107.49,0,0,0
"MtrElec",8,24,6,"",130.437,0,0,0,0,0,0,0,0,0,0,0,0,0,0,0,0,0,0,0,0,130.437,0,0,0
"MtrElec",8,24,7,"",182.85,0,0,0,0,0,0,0,0,0,0,0,0,0,0,0,0,0,0,0,0,190.779,0,0,-7.92959
"MtrElec",8,24,8,"",158.737,0,0,0,0,0,0,0,0,0,0,0,0,0,0,0,0,0,0,0,0,218.152,0,0,-59.4146
"MtrElec",8,24,9,"",91.4437,0,0,0,0,0,0,0,0,0,0,0,0,0,0,0,0,0,0,0,0,264.482,0,0,-173.038
"MtrElec",8,24,10,"",0,0,0,0,0,0,0,0,0,0,0,0,0,0,0,0,0,0,0,0,0,258.779,0,15.0395,-273.819
"MtrElec",8,24,11,"",0,0,0,0,0,0,0,0,0,0,0,0,0,0,0,0,0,0,0,0,0,301.579,0,44.3232,-345.902
"MtrElec",8,24,12,"",0.0000078,0,0,0,0,0,0,0,0,0,0,0,0,0,0,0,0,0,0,0,0,278.731,0,119.28,-398.011
"MtrElec",8,24,13,"",0,0,0,0,0,0,0,0,0,0,0,0,0,0,0,0,0,0,0,0,0,332.372,0,93.3151,-425.687
"MtrElec",8,24,14,"",0.0000078,0,0,0,0,0,0,0,0,0,0,0,0,0,0,0,0,0,0,0,0,296.651,0,125.095,-421.746
"MtrElec",8,24,15,"",0,0,0,0,0,0,0,0,0,0,0,0,0,0,0,0,0,0,0,0,0,320.414,0,70.6834,-391.097
"MtrElec",8,24,16,"",0.0000005,0,0,0,0,0,0,0,0,0,0,0,0,0,0,0,0,0,0,0,0,327.537,0,4.47397,-332.011
"MtrElec",8,24,17,"",117.713,0,0,0,0,0,0,0,0,0,0,0,0,0,0,0,0,0,0,0,0,366.044,0,0,-248.331
"MtrElec",8,24,18,"",250.027,0,0,0,0,0,0,0,0,0,0,0,0,0,0,0,0,0,0,0,0,391.485,0,0,-141.458
"MtrElec",8,24,19,"",189.989,0,0,0,0,0,0,0,0,0,0,0,0,0,0,0,0,0,0,0,0,386.681,0,-157.698,-38.9941
"MtrElec",8,24,20,"",215.307,0,0,0,0,0,0,0,0,0,0,0,0,0,0,0,0,0,0,0,0,373.005,0,-157.698,0
"MtrElec",8,24,21,"",251.576,0,0,0,0,0,0,0,0,0,0,0,0,0,0,0,0,0,0,0,0,362.349,0,-110.773,0
"MtrElec",8,24,22,"",280.777,0,0,0,0,0,0,0,0,0,0,0,0,0,0,0,0,0,0,0,0,280.777,0,0,0
"MtrElec",8,24,23,"",258.777,0,0,0,0,0,0,0,0,0,0,0,0,0,0,0,0,0,0,0,0,258.777,0,0,0
"MtrElec",8,24,24,"",216.51,0,0,0,0,0,0,0,0,0,0,0,0,0,0,0,0,0,0,0,0,216.51,0,0,0
"MtrElec",8,25,1,"",171.608,0,0,0,0,0,0,0,0,0,0,0,0,0,0,0,0,0,0,0,0,171.608,0,0,0
"MtrElec",8,25,2,"",132.582,0,0,0,0,0,0,0,0,0,0,0,0,0,0,0,0,0,0,0,0,132.582,0,0,0
"MtrElec",8,25,3,"",109.371,0,0,0,0,0,0,0,0,0,0,0,0,0,0,0,0,0,0,0,0,109.371,0,0,0
"MtrElec",8,25,4,"",119.48,0,0,0,0,0,0,0,0,0,0,0,0,0,0,0,0,0,0,0,0,119.48,0,0,0
"MtrElec",8,25,5,"",114.079,0,0,0,0,0,0,0,0,0,0,0,0,0,0,0,0,0,0,0,0,114.079,0,0,0
"MtrElec",8,25,6,"",110.566,0,0,0,0,0,0,0,0,0,0,0,0,0,0,0,0,0,0,0,0,110.566,0,0,0
"MtrElec",8,25,7,"",172.431,0,0,0,0,0,0,0,0,0,0,0,0,0,0,0,0,0,0,0,0,179.649,0,0,-7.21818
"MtrElec",8,25,8,"",219.661,0,0,0,0,0,0,0,0,0,0,0,0,0,0,0,0,0,0,0,0,278.287,0,0,-58.6257
"MtrElec",8,25,9,"",108.373,0,0,0,0,0,0,0,0,0,0,0,0,0,0,0,0,0,0,0,0,270.017,0,0,-161.645
"MtrElec",8,25,10,"",52.0889,0,0,0,0,0,0,0,0,0,0,0,0,0,0,0,0,0,0,0,0,309.786,0,0,-257.697
"MtrElec",8,25,11,"",0,0,0,0,0,0,0,0,0,0,0,0,0,0,0,0,0,0,0,0,0,330.104,0,10.084,-340.188
"MtrElec",8,25,12,"",0,0,0,0,0,0,0,0,0,0,0,0,0,0,0,0,0,0,0,0,0,276.561,0,121.238,-397.799
"MtrElec",8,25,13,"",0,0,0,0,0,0,0,0,0,0,0,0,0,0,0,0,0,0,0,0,0,320.513,0,104.195,-424.708
"MtrElec",8,25,14,"",0.0000156,0,0,0,0,0,0,0,0,0,0,0,0,0,0,0,0,0,0,0,0,260.578,0,156.598,-417.176
"MtrElec",8,25,15,"",0,0,0,0,0,0,0,0,0,0,0,0,0,0,0,0,0,0,0,0,0,311.489,0,43.8824,-355.372
"MtrElec",8,25,16,"",0.0000002,0,0,0,0,0,0,0,0,0,0,0,0,0,0,0,0,0,0,0,0,307.189,0,3.22688,-310.416
"MtrElec",8,25,17,"",95.2563,0,0,0,0,0,0,0,0,0,0,0,0,0,0,0,0,0,0,0,0,337.095,0,0,-241.839
"MtrElec",8,25,18,"",218.249,0,0,0,0,0,0,0,0,0,0,0,0,0,0,0,0,0,0,0,0,355.258,0,0,-137.009
"MtrElec",8,25,19,"",165.47,0,0,0,0,0,0,0,0,0,0,0,0,0,0,0,0,0,0,0,0,361.093,0,-157.698,-37.9255
"MtrElec",8,25,20,"",198.874,0,0,0,0,0,0,0,0,0,0,0,0,0,0,0,0,0,0,0,0,356.572,0,-157.698,0
"MtrElec",8,25,21,"",248.924,0,0,0,0,0,0,0,0,0,0,0,0,0,0,0,0,0,0,0,0,329.928,0,-81.0039,0
"MtrElec",8,25,22,"",257.898,0,0,0,0,0,0,0,0,0,0,0,0,0,0,0,0,0,0,0,0,257.898,0,0,0
"MtrElec",8,25,23,"",275.849,0,0,0,0,0,0,0,0,0,0,0,0,0,0,0,0,0,0,0,0,275.849,0,0,0
"MtrElec",8,25,24,"",198.65,0,0,0,0,0,0,0,0,0,0,0,0,0,0,0,0,0,0,0,0,198.65,0,0,0
"MtrElec",8,26,1,"",173.95,0,0,0,0,0,0,0,0,0,0,0,0,0,0,0,0,0,0,0,0,173.95,0,0,0
"MtrElec",8,26,2,"",126.663,0,0,0,0,0,0,0,0,0,0,0,0,0,0,0,0,0,0,0,0,126.663,0,0,0
"MtrElec",8,26,3,"",108.354,0,0,0,0,0,0,0,0,0,0,0,0,0,0,0,0,0,0,0,0,108.354,0,0,0
"MtrElec",8,26,4,"",119.197,0,0,0,0,0,0,0,0,0,0,0,0,0,0,0,0,0,0,0,0,119.197,0,0,0
"MtrElec",8,26,5,"",116.377,0,0,0,0,0,0,0,0,0,0,0,0,0,0,0,0,0,0,0,0,116.377,0,0,0
"MtrElec",8,26,6,"",124.445,0,0,0,0,0,0,0,0,0,0,0,0,0,0,0,0,0,0,0,0,124.445,0,0,0
"MtrElec",8,26,7,"",158.124,0,0,0,0,0,0,0,0,0,0,0,0,0,0,0,0,0,0,0,0,165.384,0,0,-7.25999
"MtrElec",8,26,8,"",178.857,0,0,0,0,0,0,0,0,0,0,0,0,0,0,0,0,0,0,0,0,238.424,0,0,-59.5667
"MtrElec",8,26,9,"",50.4849,0,0,0,0,0,0,0,0,0,0,0,0,0,0,0,0,0,0,0,0,219.208,0,0,-168.723
"MtrElec",8,26,10,"",0,0,0,0,0,0,0,0,0,0,0,0,0,0,0,0,0,0,0,0,0,253.692,0,19.2691,-272.961
"MtrElec",8,26,11,"",0,0,0,0,0,0,0,0,0,0,0,0,0,0,0,0,0,0,0,0,0,306.434,0,43.2813,-349.716
"MtrElec",8,26,12,"",0,0,0,0,0,0,0,0,0,0,0,0,0,0,0,0,0,0,0,0,0,284.974,0,114.828,-399.802
"MtrElec",8,26,13,"",0,0,0,0,0,0,0,0,0,0,0,0,0,0,0,0,0,0,0,0,0,289.043,0,145.206,-434.249
"MtrElec",8,26,14,"",-3.1753,0,0,0,0,0,0,0,0,0,0,0,0,0,0,0,0,0,0,0,0,275.334,0,157.698,-436.208
"MtrElec",8,26,15,"",-2.04288,0,0,0,0,0,0,0,0,0,0,0,0,0,0,0,0,0,0,0,0,294.704,0,108.103,-404.85
"MtrElec",8,26,16,"",-31.2044,0,0,0,0,0,0,0,0,0,0,0,0,0,0,0,0,0,0,0,0,315.875,0,0,-347.079
"MtrElec",8,26,17,"",85.5228,0,0,0,0,0,0,0,0,0,0,0,0,0,0,0,0,0,0,0,0,345.425,0,0,-259.902
"MtrElec",8,26,18,"",185.381,0,0,0,0,0,0,0,0,0,0,0,0,0,0,0,0,0,0,0,0,332.486,0,0,-147.105
"MtrElec",8,26,19,"",173.831,0,0,0,0,0,0,0,0,0,0,0,0,0,0,0,0,0,0,0,0,370.043,0,-157.698,-38.5145
"MtrElec",8,26,20,"",160.954,0,0,0,0,0,0,0,0,0,0,0,0,0,0,0,0,0,0,0,0,318.652,0,-157.698,0
"MtrElec",8,26,21,"",182.568,0,0,0,0,0,0,0,0,0,0,0,0,0,0,0,0,0,0,0,0,340.266,0,-157.698,0
"MtrElec",8,26,22,"",198.427,0,0,0,0,0,0,0,0,0,0,0,0,0,0,0,0,0,0,0,0,256.351,0,-57.9236,0
"MtrElec",8,26,23,"",273.056,0,0,0,0,0,0,0,0,0,0,0,0,0,0,0,0,0,0,0,0,273.056,0,0,0
"MtrElec",8,26,24,"",220.526,0,0,0,0,0,0,0,0,0,0,0,0,0,0,0,0,0,0,0,0,220.526,0,0,0
"MtrElec",8,27,1,"",165.226,0,0,0,0,0,0,0,0,0,0,0,0,0,0,0,0,0,0,0,0,165.226,0,0,0
"MtrElec",8,27,2,"",121.481,0,0,0,0,0,0,0,0,0,0,0,0,0,0,0,0,0,0,0,0,121.481,0,0,0
"MtrElec",8,27,3,"",98.7709,0,0,0,0,0,0,0,0,0,0,0,0,0,0,0,0,0,0,0,0,98.7709,0,0,0
"MtrElec",8,27,4,"",108.944,0,0,0,0,0,0,0,0,0,0,0,0,0,0,0,0,0,0,0,0,108.944,0,0,0
"MtrElec",8,27,5,"",105.3,0,0,0,0,0,0,0,0,0,0,0,0,0,0,0,0,0,0,0,0,105.3,0,0,0
"MtrElec",8,27,6,"",112.211,0,0,0,0,0,0,0,0,0,0,0,0,0,0,0,0,0,0,0,0,112.211,0,0,0
"MtrElec",8,27,7,"",172.237,0,0,0,0,0,0,0,0,0,0,0,0,0,0,0,0,0,0,0,0,179.695,0,0,-7.4575
"MtrElec",8,27,8,"",188.124,0,0,0,0,0,0,0,0,0,0,0,0,0,0,0,0,0,0,0,0,248.805,0,0,-60.681
"MtrElec",8,27,9,"",60.3924,0,0,0,0,0,0,0,0,0,0,0,0,0,0,0,0,0,0,0,0,238.345,0,0,-177.952
"MtrElec",8,27,10,"",0,0,0,0,0,0,0,0,0,0,0,0,0,0,0,0,0,0,0,0,0,226.354,0,62.9971,-289.351
"MtrElec",8,27,11,"",0,0,0,0,0,0,0,0,0,0,0,0,0,0,0,0,0,0,0,0,0,245.974,0,124.352,-370.326
"MtrElec",8,27,12,"",-0.532422,0,0,0,0,0,0,0,0,0,0,0,0,0,0,0,0,0,0,0,0,264.128,0,157.698,-422.359
"MtrElec",8,27,13,"",-9.73327,0,0,0,0,0,0,0,0,0,0,0,0,0,0,0,0,0,0,0,0,275.83,0,157.698,-443.261
"MtrElec",8,27,14,"",-133.074,0,0,0,0,0,0,0,0,0,0,0,0,0,0,0,0,0,0,0,0,219.106,0,85.6401,-437.82
"MtrElec",8,27,15,"",-149.191,0,0,0,0,0,0,0,0,0,0,0,0,0,0,0,0,0,0,0,0,258.211,0,0,-407.402
"MtrElec",8,27,16,"",-57.4227,0,0,0,0,0,0,0,0,0,0,0,0,0,0,0,0,0,0,0,0,289.997,0,0,-347.419
"MtrElec",8,27,17,"",41.6249,0,0,0,0,0,0,0,0,0,0,0,0,0,0,0,0,0,0,0,0,301.061,0,0,-259.436
"MtrElec",8,27,18,"",189.309,0,0,0,0,0,0,0,0,0,0,0,0,0,0,0,0,0,0,0,0,335.372,0,0,-146.063
"MtrElec",8,27,19,"",176.929,0,0,0,0,0,0,0,0,0,0,0,0,0,0,0,0,0,0,0,0,372.384,0,-157.698,-37.7569
"MtrElec",8,27,20,"",185.683,0,0,0,0,0,0,0,0,0,0,0,0,0,0,0,0,0,0,0,0,343.381,0,-157.698,0
"MtrElec",8,27,21,"",169.362,0,0,0,0,0,0,0,0,0,0,0,0,0,0,0,0,0,0,0,0,327.06,0,-157.698,0
"MtrElec",8,27,22,"",207.206,0,0,0,0,0,0,0,0,0,0,0,0,0,0,0,0,0,0,0,0,265.129,0,-57.9236,0
"MtrElec",8,27,23,"",251.704,0,0,0,0,0,0,0,0,0,0,0,0,0,0,0,0,0,0,0,0,251.704,0,0,0
"MtrElec",8,27,24,"",222.492,0,0,0,0,0,0,0,0,0,0,0,0,0,0,0,0,0,0,0,0,222.492,0,0,0
"MtrElec",8,28,1,"",175.831,0,0,0,0,0,0,0,0,0,0,0,0,0,0,0,0,0,0,0,0,175.831,0,0,0
"MtrElec",8,28,2,"",123.477,0,0,0,0,0,0,0,0,0,0,0,0,0,0,0,0,0,0,0,0,123.477,0,0,0
"MtrElec",8,28,3,"",100.937,0,0,0,0,0,0,0,0,0,0,0,0,0,0,0,0,0,0,0,0,100.937,0,0,0
"MtrElec",8,28,4,"",110.986,0,0,0,0,0,0,0,0,0,0,0,0,0,0,0,0,0,0,0,0,110.986,0,0,0
"MtrElec",8,28,5,"",104.602,0,0,0,0,0,0,0,0,0,0,0,0,0,0,0,0,0,0,0,0,104.602,0,0,0
"MtrElec",8,28,6,"",113.998,0,0,0,0,0,0,0,0,0,0,0,0,0,0,0,0,0,0,0,0,113.998,0,0,0
"MtrElec",8,28,7,"",138.151,0,0,0,0,0,0,0,0,0,0,0,0,0,0,0,0,0,0,0,0,145.069,0,0,-6.91742
"MtrElec",8,28,8,"",176.38,0,0,0,0,0,0,0,0,0,0,0,0,0,0,0,0,0,0,0,0,236.334,0,0,-59.9535
"MtrElec",8,28,9,"",62.5148,0,0,0,0,0,0,0,0,0,0,0,0,0,0,0,0,0,0,0,0,236.44,0,0,-173.926
"MtrElec",8,28,10,"",0,0,0,0,0,0,0,0,0,0,0,0,0,0,0,0,0,0,0,0,0,257.966,0,23.2533,-281.219
"MtrElec",8,28,11,"",0.0000039,0,0,0,0,0,0,0,0,0,0,0,0,0,0,0,0,0,0,0,0,299.423,0,61.4635,-360.887
"MtrElec",8,28,12,"",0,0,0,0,0,0,0,0,0,0,0,0,0,0,0,0,0,0,0,0,0,272.741,0,138.914,-411.655
"MtrElec",8,28,13,"",0.0000078,0,0,0,0,0,0,0,0,0,0,0,0,0,0,0,0,0,0,0,0,324.253,0,109.786,-434.039
"MtrElec",8,28,14,"",-32.4479,0,0,0,0,0,0,0,0,0,0,0,0,0,0,0,0,0,0,0,0,241.006,0,157.698,-431.151
"MtrElec",8,28,15,"",-31.3865,0,0,0,0,0,0,0,0,0,0,0,0,0,0,0,0,0,0,0,0,269.275,0,97.2706,-397.932
"MtrElec",8,28,16,"",-77.4138,0,0,0,0,0,0,0,0,0,0,0,0,0,0,0,0,0,0,0,0,260.46,0,0,-337.874
"MtrElec",8,28,17,"",77.0369,0,0,0,0,0,0,0,0,0,0,0,0,0,0,0,0,0,0,0,0,326.339,0,0,-249.303
"MtrElec",8,28,18,"",223.356,0,0,0,0,0,0,0,0,0,0,0,0,0,0,0,0,0,0,0,0,362.56,0,0,-139.204
"MtrElec",8,28,19,"",161.485,0,0,0,0,0,0,0,0,0,0,0,0,0,0,0,0,0,0,0,0,349.533,0,-157.698,-30.35
"MtrElec",8,28,20,"",165.124,0,0,0,0,0,0,0,0,0,0,0,0,0,0,0,0,0,0,0,0,322.822,0,-157.698,0
"MtrElec",8,28,21,"",173.298,0,0,0,0,0,0,0,0,0,0,0,0,0,0,0,0,0,0,0,0,330.996,0,-157.698,0
"MtrElec",8,28,22,"",182.906,0,0,0,0,0,0,0,0,0,0,0,0,0,0,0,0,0,0,0,0,240.83,0,-57.9236,0
"MtrElec",8,28,23,"",255.611,0,0,0,0,0,0,0,0,0,0,0,0,0,0,0,0,0,0,0,0,255.611,0,0,0
"MtrElec",8,28,24,"",188.09,0,0,0,0,0,0,0,0,0,0,0,0,0,0,0,0,0,0,0,0,188.09,0,0,0
"MtrElec",8,29,1,"",160.142,0,0,0,0,0,0,0,0,0,0,0,0,0,0,0,0,0,0,0,0,160.142,0,0,0
"MtrElec",8,29,2,"",128.669,0,0,0,0,0,0,0,0,0,0,0,0,0,0,0,0,0,0,0,0,128.669,0,0,0
"MtrElec",8,29,3,"",101.256,0,0,0,0,0,0,0,0,0,0,0,0,0,0,0,0,0,0,0,0,101.256,0,0,0
"MtrElec",8,29,4,"",114.063,0,0,0,0,0,0,0,0,0,0,0,0,0,0,0,0,0,0,0,0,114.063,0,0,0
"MtrElec",8,29,5,"",127.822,0,0,0,0,0,0,0,0,0,0,0,0,0,0,0,0,0,0,0,0,127.822,0,0,0
"MtrElec",8,29,6,"",97.7537,0,0,0,0,0,0,0,0,0,0,0,0,0,0,0,0,0,0,0,0,97.7537,0,0,0
"MtrElec",8,29,7,"",144.389,0,0,0,0,0,0,0,0,0,0,0,0,0,0,0,0,0,0,0,0,148.75,0,0,-4.36048
"MtrElec",8,29,8,"",111.713,0,0,0,0,0,0,0,0,0,0,0,0,0,0,0,0,0,0,0,0,171.246,0,0,-59.5331
"MtrElec",8,29,9,"",77.4058,0,0,0,0,0,0,0,0,0,0,0,0,0,0,0,0,0,0,0,0,245.993,0,0,-168.587
"MtrElec",8,29,10,"",58.8413,0,0,0,0,0,0,0,0,0,0,0,0,0,0,0,0,0,0,0,0,330.857,0,0,-272.016
"MtrElec",8,29,11,"",56.9577,0,0,0,0,0,0,0,0,0,0,0,0,0,0,0,0,0,0,0,0,360.291,0,0,-303.334
"MtrElec",8,29,12,"",52.7407,0,0,0,0,0,0,0,0,0,0,0,0,0,0,0,0,0,0,0,0,391.413,0,0,-338.673
"MtrElec",8,29,13,"",15.285,0,0,0,0,0,0,0,0,0,0,0,0,0,0,0,0,0,0,0,0,399.504,0,0,-384.219
"MtrElec",8,29,14,"",22.655,0,0,0,0,0,0,0,0,0,0,0,0,0,0,0,0,0,0,0,0,384.538,0,0,-361.883
"MtrElec",8,29,15,"",78.2288,0,0,0,0,0,0,0,0,0,0,0,0,0,0,0,0,0,0,0,0,404.472,0,0,-326.243
"MtrElec",8,29,16,"",80.5791,0,0,0,0,0,0,0,0,0,0,0,0,0,0,0,0,0,0,0,0,360.892,0,0,-280.313
"MtrElec",8,29,17,"",132.626,0,0,0,0,0,0,0,0,0,0,0,0,0,0,0,0,0,0,0,0,354.839,0,0,-222.212
"MtrElec",8,29,18,"",237.732,0,0,0,0,0,0,0,0,0,0,0,0,0,0,0,0,0,0,0,0,357.603,0,0,-119.87
"MtrElec",8,29,19,"",342.151,0,0,0,0,0,0,0,0,0,0,0,0,0,0,0,0,0,0,0,0,371.353,0,0,-29.2028
"MtrElec",8,29,20,"",379.16,0,0,0,0,0,0,0,0,0,0,0,0,0,0,0,0,0,0,0,0,379.16,0,0,0
"MtrElec",8,29,21,"",289.034,0,0,0,0,0,0,0,0,0,0,0,0,0,0,0,0,0,0,0,0,289.034,0,0,0
"MtrElec",8,29,22,"",259.372,0,0,0,0,0,0,0,0,0,0,0,0,0,0,0,0,0,0,0,0,259.372,0,0,0
"MtrElec",8,29,23,"",252.716,0,0,0,0,0,0,0,0,0,0,0,0,0,0,0,0,0,0,0,0,252.716,0,0,0
"MtrElec",8,29,24,"",219.396,0,0,0,0,0,0,0,0,0,0,0,0,0,0,0,0,0,0,0,0,219.396,0,0,0
"MtrElec",8,30,1,"",163.206,0,0,0,0,0,0,0,0,0,0,0,0,0,0,0,0,0,0,0,0,163.206,0,0,0
"MtrElec",8,30,2,"",130.729,0,0,0,0,0,0,0,0,0,0,0,0,0,0,0,0,0,0,0,0,130.729,0,0,0
"MtrElec",8,30,3,"",118.225,0,0,0,0,0,0,0,0,0,0,0,0,0,0,0,0,0,0,0,0,118.225,0,0,0
"MtrElec",8,30,4,"",128.834,0,0,0,0,0,0,0,0,0,0,0,0,0,0,0,0,0,0,0,0,128.834,0,0,0
"MtrElec",8,30,5,"",146.569,0,0,0,0,0,0,0,0,0,0,0,0,0,0,0,0,0,0,0,0,146.569,0,0,0
"MtrElec",8,30,6,"",118.87,0,0,0,0,0,0,0,0,0,0,0,0,0,0,0,0,0,0,0,0,118.87,0,0,0
"MtrElec",8,30,7,"",132.606,0,0,0,0,0,0,0,0,0,0,0,0,0,0,0,0,0,0,0,0,132.606,0,0,0
"MtrElec",8,30,8,"",203.945,0,0,0,0,0,0,0,0,0,0,0,0,0,0,0,0,0,0,0,0,206.933,0,0,-2.9873
"MtrElec",8,30,9,"",191.902,0,0,0,0,0,0,0,0,0,0,0,0,0,0,0,0,0,0,0,0,241.133,0,0,-49.2303
"MtrElec",8,30,10,"",96.9587,0,0,0,0,0,0,0,0,0,0,0,0,0,0,0,0,0,0,0,0,271.532,0,0,-174.573
"MtrElec",8,30,11,"",36.3229,0,0,0,0,0,0,0,0,0,0,0,0,0,0,0,0,0,0,0,0,328.436,0,0,-292.113
"MtrElec",8,30,12,"",0,0,0,0,0,0,0,0,0,0,0,0,0,0,0,0,0,0,0,0,0,367.44,0,11.6263,-379.066
"MtrElec",8,30,13,"",0,0,0,0,0,0,0,0,0,0,0,0,0,0,0,0,0,0,0,0,0,325.105,0,83.4451,-408.55
"MtrElec",8,30,14,"",0,0,0,0,0,0,0,0,0,0,0,0,0,0,0,0,0,0,0,0,0,330.386,0,77.4491,-407.835
"MtrElec",8,30,15,"",0,0,0,0,0,0,0,0,0,0,0,0,0,0,0,0,0,0,0,0,0,347.114,0,26.0862,-373.2
"MtrElec",8,30,16,"",11.2426,0,0,0,0,0,0,0,0,0,0,0,0,0,0,0,0,0,0,0,0,319.232,0,0,-307.989
"MtrElec",8,30,17,"",97.0957,0,0,0,0,0,0,0,0,0,0,0,0,0,0,0,0,0,0,0,0,327.843,0,0,-230.747
"MtrElec",8,30,18,"",234.56,0,0,0,0,0,0,0,0,0,0,0,0,0,0,0,0,0,0,0,0,360.888,0,0,-126.329
"MtrElec",8,30,19,"",190.527,0,0,0,0,0,0,0,0,0,0,0,0,0,0,0,0,0,0,0,0,380.785,0,-157.698,-32.5601
"MtrElec",8,30,20,"",343.367,0,0,0,0,0,0,0,0,0,0,0,0,0,0,0,0,0,0,0,0,364.911,0,-21.5445,0
"MtrElec",8,30,21,"",342.316,0,0,0,0,0,0,0,0,0,0,0,0,0,0,0,0,0,0,0,0,342.316,0,0,0
"MtrElec",8,30,22,"",340.307,0,0,0,0,0,0,0,0,0,0,0,0,0,0,0,0,0,0,0,0,340.307,0,0,0
"MtrElec",8,30,23,"",195.202,0,0,0,0,0,0,0,0,0,0,0,0,0,0,0,0,0,0,0,0,195.202,0,0,0
"MtrElec",8,30,24,"",219.692,0,0,0,0,0,0,0,0,0,0,0,0,0,0,0,0,0,0,0,0,219.692,0,0,0
"MtrElec",8,31,1,"",145.561,0,0,0,0,0,0,0,0,0,0,0,0,0,0,0,0,0,0,0,0,145.561,0,0,0
"MtrElec",8,31,2,"",127.934,0,0,0,0,0,0,0,0,0,0,0,0,0,0,0,0,0,0,0,0,127.934,0,0,0
"MtrElec",8,31,3,"",120.36,0,0,0,0,0,0,0,0,0,0,0,0,0,0,0,0,0,0,0,0,120.36,0,0,0
"MtrElec",8,31,4,"",108.457,0,0,0,0,0,0,0,0,0,0,0,0,0,0,0,0,0,0,0,0,108.457,0,0,0
"MtrElec",8,31,5,"",101.296,0,0,0,0,0,0,0,0,0,0,0,0,0,0,0,0,0,0,0,0,101.296,0,0,0
"MtrElec",8,31,6,"",149.771,0,0,0,0,0,0,0,0,0,0,0,0,0,0,0,0,0,0,0,0,149.771,0,0,0
"MtrElec",8,31,7,"",149.574,0,0,0,0,0,0,0,0,0,0,0,0,0,0,0,0,0,0,0,0,153.421,0,0,-3.84696
"MtrElec",8,31,8,"",150.065,0,0,0,0,0,0,0,0,0,0,0,0,0,0,0,0,0,0,0,0,208.762,0,0,-58.6972
"MtrElec",8,31,9,"",84.0738,0,0,0,0,0,0,0,0,0,0,0,0,0,0,0,0,0,0,0,0,246.984,0,0,-162.91
"MtrElec",8,31,10,"",0.0000002,0,0,0,0,0,0,0,0,0,0,0,0,0,0,0,0,0,0,0,0,261.575,0,2.83686,-264.412
"MtrElec",8,31,11,"",0.0000078,0,0,0,0,0,0,0,0,0,0,0,0,0,0,0,0,0,0,0,0,279.068,0,68.8311,-347.899
"MtrElec",8,31,12,"",0.0000156,0,0,0,0,0,0,0,0,0,0,0,0,0,0,0,0,0,0,0,0,263.546,0,139.865,-403.411
"MtrElec",8,31,13,"",0,0,0,0,0,0,0,0,0,0,0,0,0,0,0,0,0,0,0,0,0,285.834,0,141.936,-427.77
"MtrElec",8,31,14,"",-11.1165,0,0,0,0,0,0,0,0,0,0,0,0,0,0,0,0,0,0,0,0,260.237,0,157.698,-429.052
"MtrElec",8,31,15,"",-66.894,0,0,0,0,0,0,0,0,0,0,0,0,0,0,0,0,0,0,0,0,256.954,0,77.2175,-401.065
"MtrElec",8,31,16,"",-78.1764,0,0,0,0,0,0,0,0,0,0,0,0,0,0,0,0,0,0,0,0,259.587,0,0,-337.763
"MtrElec",8,31,17,"",64.8195,0,0,0,0,0,0,0,0,0,0,0,0,0,0,0,0,0,0,0,0,310.32,0,0,-245.5
"MtrElec",8,31,18,"",190.244,0,0,0,0,0,0,0,0,0,0,0,0,0,0,0,0,0,0,0,0,325.404,0,0,-135.159
"MtrElec",8,31,19,"",131.058,0,0,0,0,0,0,0,0,0,0,0,0,0,0,0,0,0,0,0,0,321.428,0,-157.698,-32.6723
"MtrElec",8,31,20,"",143.114,0,0,0,0,0,0,0,0,0,0,0,0,0,0,0,0,0,0,0,0,300.812,0,-157.698,0
"MtrElec",8,31,21,"",137.419,0,0,0,0,0,0,0,0,0,0,0,0,0,0,0,0,0,0,0,0,295.117,0,-157.698,0
"MtrElec",8,31,22,"",195.148,0,0,0,0,0,0,0,0,0,0,0,0,0,0,0,0,0,0,0,0,253.071,0,-57.9236,0
"MtrElec",8,31,23,"",230.627,0,0,0,0,0,0,0,0,0,0,0,0,0,0,0,0,0,0,0,0,230.627,0,0,0
"MtrElec",8,31,24,"",172.555,0,0,0,0,0,0,0,0,0,0,0,0,0,0,0,0,0,0,0,0,172.555,0,0,0
"MtrElec",9,1,1,"",120.73,0,0,0,0,0,0,0,0,0,0,0,0,0,0,0,0,0,0,0,0,120.73,0,0,0
"MtrElec",9,1,2,"",125.39,0,0,0,0,0,0,0,0,0,0,0,0,0,0,0,0,0,0,0,0,125.39,0,0,0
"MtrElec",9,1,3,"",143.184,0,0,0,0,0,0,0,0,0,0,0,0,0,0,0,0,0,0,0,0,143.184,0,0,0
"MtrElec",9,1,4,"",96.4104,0,0,0,0,0,0,0,0,0,0,0,0,0,0,0,0,0,0,0,0,96.4104,0,0,0
"MtrElec",9,1,5,"",103.074,0,0,0,0,0,0,0,0,0,0,0,0,0,0,0,0,0,0,0,0,103.074,0,0,0
"MtrElec",9,1,6,"",100.529,0,0,0,0,0,0,0,0,0,0,0,0,0,0,0,0,0,0,0,0,100.529,0,0,0
"MtrElec",9,1,7,"",160.521,0,0,0,0,0,0,0,0,0,0,0,0,0,0,0,0,0,0,0,0,165.052,0,0,-4.53113
"MtrElec",9,1,8,"",152.159,0,0,0,0,0,0,0,0,0,0,0,0,0,0,0,0,0,0,0,0,211.394,0,0,-59.2358
"MtrElec",9,1,9,"",47.7142,0,0,0,0,0,0,0,0,0,0,0,0,0,0,0,0,0,0,0,0,221.651,0,0,-173.937
"MtrElec",9,1,10,"",17.542,0,0,0,0,0,0,0,0,0,0,0,0,0,0,0,0,0,0,0,0,297.824,0,0,-280.282
"MtrElec",9,1,11,"",0,0,0,0,0,0,0,0,0,0,0,0,0,0,0,0,0,0,0,0,0,315.524,0,45.5126,-361.037
"MtrElec",9,1,12,"",0.0000078,0,0,0,0,0,0,0,0,0,0,0,0,0,0,0,0,0,0,0,0,310.692,0,102.999,-413.691
"MtrElec",9,1,13,"",0,0,0,0,0,0,0,0,0,0,0,0,0,0,0,0,0,0,0,0,0,376.427,0,61.6711,-438.098
"MtrElec",9,1,14,"",0,0,0,0,0,0,0,0,0,0,0,0,0,0,0,0,0,0,0,0,0,315.817,0,118.493,-434.311
"MtrElec",9,1,15,"",0,0,0,0,0,0,0,0,0,0,0,0,0,0,0,0,0,0,0,0,0,303.185,0,100.725,-403.91
"MtrElec",9,1,16,"",0,0,0,0,0,0,0,0,0,0,0,0,0,0,0,0,0,0,0,0,0,311.472,0,28.02,-339.492
"MtrElec",9,1,17,"",107.596,0,0,0,0,0,0,0,0,0,0,0,0,0,0,0,0,0,0,0,0,355.347,0,0,-247.751
"MtrElec",9,1,18,"",235.121,0,0,0,0,0,0,0,0,0,0,0,0,0,0,0,0,0,0,0,0,371.92,0,0,-136.798
"MtrElec",9,1,19,"",195.669,0,0,0,0,0,0,0,0,0,0,0,0,0,0,0,0,0,0,0,0,385.678,0,-157.698,-32.3106
"MtrElec",9,1,20,"",208.684,0,0,0,0,0,0,0,0,0,0,0,0,0,0,0,0,0,0,0,0,366.382,0,-157.698,0
"MtrElec",9,1,21,"",231.978,0,0,0,0,0,0,0,0,0,0,0,0,0,0,0,0,0,0,0,0,329.405,0,-97.4268,0
"MtrElec",9,1,22,"",301.321,0,0,0,0,0,0,0,0,0,0,0,0,0,0,0,0,0,0,0,0,301.321,0,0,0
"MtrElec",9,1,23,"",230.795,0,0,0,0,0,0,0,0,0,0,0,0,0,0,0,0,0,0,0,0,230.795,0,0,0
"MtrElec",9,1,24,"",213.935,0,0,0,0,0,0,0,0,0,0,0,0,0,0,0,0,0,0,0,0,213.935,0,0,0
"MtrElec",9,2,1,"",134.426,0,0,0,0,0,0,0,0,0,0,0,0,0,0,0,0,0,0,0,0,134.426,0,0,0
"MtrElec",9,2,2,"",123.738,0,0,0,0,0,0,0,0,0,0,0,0,0,0,0,0,0,0,0,0,123.738,0,0,0
"MtrElec",9,2,3,"",112.688,0,0,0,0,0,0,0,0,0,0,0,0,0,0,0,0,0,0,0,0,112.688,0,0,0
"MtrElec",9,2,4,"",94.3583,0,0,0,0,0,0,0,0,0,0,0,0,0,0,0,0,0,0,0,0,94.3583,0,0,0
"MtrElec",9,2,5,"",104.959,0,0,0,0,0,0,0,0,0,0,0,0,0,0,0,0,0,0,0,0,104.959,0,0,0
"MtrElec",9,2,6,"",132.707,0,0,0,0,0,0,0,0,0,0,0,0,0,0,0,0,0,0,0,0,132.707,0,0,0
"MtrElec",9,2,7,"",160.963,0,0,0,0,0,0,0,0,0,0,0,0,0,0,0,0,0,0,0,0,165.464,0,0,-4.50104
"MtrElec",9,2,8,"",151.098,0,0,0,0,0,0,0,0,0,0,0,0,0,0,0,0,0,0,0,0,210.318,0,0,-59.2197
"MtrElec",9,2,9,"",88.3982,0,0,0,0,0,0,0,0,0,0,0,0,0,0,0,0,0,0,0,0,261.64,0,0,-173.242
"MtrElec",9,2,10,"",56.0903,0,0,0,0,0,0,0,0,0,0,0,0,0,0,0,0,0,0,0,0,334.34,0,0,-278.25
"MtrElec",9,2,11,"",10.0989,0,0,0,0,0,0,0,0,0,0,0,0,0,0,0,0,0,0,0,0,366.89,0,0,-356.791
"MtrElec",9,2,12,"",0.0000078,0,0,0,0,0,0,0,0,0,0,0,0,0,0,0,0,0,0,0,0,278.553,0,131.033,-409.586
"MtrElec",9,2,13,"",0.0000078,0,0,0,0,0,0,0,0,0,0,0,0,0,0,0,0,0,0,0,0,315.703,0,118.552,-434.255
"MtrElec",9,2,14,"",0,0,0,0,0,0,0,0,0,0,0,0,0,0,0,0,0,0,0,0,0,295.876,0,132.549,-428.425
"MtrElec",9,2,15,"",0,0,0,0,0,0,0,0,0,0,0,0,0,0,0,0,0,0,0,0,0,316.779,0,77.5266,-394.306
"MtrElec",9,2,16,"",0,0,0,0,0,0,0,0,0,0,0,0,0,0,0,0,0,0,0,0,0,301.921,0,30.0604,-331.982
"MtrElec",9,2,17,"",130.203,0,0,0,0,0,0,0,0,0,0,0,0,0,0,0,0,0,0,0,0,374.851,0,0,-244.647
"MtrElec",9,2,18,"",238.952,0,0,0,0,0,0,0,0,0,0,0,0,0,0,0,0,0,0,0,0,374.281,0,0,-135.329
"MtrElec",9,2,19,"",212.831,0,0,0,0,0,0,0,0,0,0,0,0,0,0,0,0,0,0,0,0,401.687,0,-157.698,-31.1582
"MtrElec",9,2,20,"",231.958,0,0,0,0,0,0,0,0,0,0,0,0,0,0,0,0,0,0,0,0,389.656,0,-157.698,0
"MtrElec",9,2,21,"",205.19,0,0,0,0,0,0,0,0,0,0,0,0,0,0,0,0,0,0,0,0,331.766,0,-126.577,0
"MtrElec",9,2,22,"",280.946,0,0,0,0,0,0,0,0,0,0,0,0,0,0,0,0,0,0,0,0,280.946,0,0,0
"MtrElec",9,2,23,"",251.952,0,0,0,0,0,0,0,0,0,0,0,0,0,0,0,0,0,0,0,0,251.952,0,0,0
"MtrElec",9,2,24,"",220.042,0,0,0,0,0,0,0,0,0,0,0,0,0,0,0,0,0,0,0,0,220.042,0,0,0
"MtrElec",9,3,1,"",156.382,0,0,0,0,0,0,0,0,0,0,0,0,0,0,0,0,0,0,0,0,156.382,0,0,0
"MtrElec",9,3,2,"",126.935,0,0,0,0,0,0,0,0,0,0,0,0,0,0,0,0,0,0,0,0,126.935,0,0,0
"MtrElec",9,3,3,"",108.295,0,0,0,0,0,0,0,0,0,0,0,0,0,0,0,0,0,0,0,0,108.295,0,0,0
"MtrElec",9,3,4,"",115.248,0,0,0,0,0,0,0,0,0,0,0,0,0,0,0,0,0,0,0,0,115.248,0,0,0
"MtrElec",9,3,5,"",139.812,0,0,0,0,0,0,0,0,0,0,0,0,0,0,0,0,0,0,0,0,139.812,0,0,0
"MtrElec",9,3,6,"",110.407,0,0,0,0,0,0,0,0,0,0,0,0,0,0,0,0,0,0,0,0,110.407,0,0,0
"MtrElec",9,3,7,"",174.887,0,0,0,0,0,0,0,0,0,0,0,0,0,0,0,0,0,0,0,0,178.828,0,0,-3.94058
"MtrElec",9,3,8,"",166.868,0,0,0,0,0,0,0,0,0,0,0,0,0,0,0,0,0,0,0,0,224.25,0,0,-57.3812
"MtrElec",9,3,9,"",141.562,0,0,0,0,0,0,0,0,0,0,0,0,0,0,0,0,0,0,0,0,309.539,0,0,-167.977
"MtrElec",9,3,10,"",70.1762,0,0,0,0,0,0,0,0,0,0,0,0,0,0,0,0,0,0,0,0,340.697,0,0,-270.52
"MtrElec",9,3,11,"",27.523,0,0,0,0,0,0,0,0,0,0,0,0,0,0,0,0,0,0,0,0,371.794,0,0,-344.271
"MtrElec",9,3,12,"",0,0,0,0,0,0,0,0,0,0,0,0,0,0,0,0,0,0,0,0,0,338.835,0,54.5456,-393.381
"MtrElec",9,3,13,"",0,0,0,0,0,0,0,0,0,0,0,0,0,0,0,0,0,0,0,0,0,367.092,0,53.1865,-420.278
"MtrElec",9,3,14,"",0,0,0,0,0,0,0,0,0,0,0,0,0,0,0,0,0,0,0,0,0,313.505,0,103.761,-417.266
"MtrElec",9,3,15,"",0,0,0,0,0,0,0,0,0,0,0,0,0,0,0,0,0,0,0,0,0,320.097,0,65.5471,-385.644
"MtrElec",9,3,16,"",0,0,0,0,0,0,0,0,0,0,0,0,0,0,0,0,0,0,0,0,0,302.656,0,17.5717,-320.227
"MtrElec",9,3,17,"",129.799,0,0,0,0,0,0,0,0,0,0,0,0,0,0,0,0,0,0,0,0,358.783,0,0,-228.984
"MtrElec",9,3,18,"",251.056,0,0,0,0,0,0,0,0,0,0,0,0,0,0,0,0,0,0,0,0,372.984,0,0,-121.928
"MtrElec",9,3,19,"",204.573,0,0,0,0,0,0,0,0,0,0,0,0,0,0,0,0,0,0,0,0,390.925,0,-157.698,-28.6541
"MtrElec",9,3,20,"",283.774,0,0,0,0,0,0,0,0,0,0,0,0,0,0,0,0,0,0,0,0,391.963,0,-108.189,0
"MtrElec",9,3,21,"",371.2,0,0,0,0,0,0,0,0,0,0,0,0,0,0,0,0,0,0,0,0,371.2,0,0,0
"MtrElec",9,3,22,"",282.689,0,0,0,0,0,0,0,0,0,0,0,0,0,0,0,0,0,0,0,0,282.689,0,0,0
"MtrElec",9,3,23,"",252.777,0,0,0,0,0,0,0,0,0,0,0,0,0,0,0,0,0,0,0,0,252.777,0,0,0
"MtrElec",9,3,24,"",200.208,0,0,0,0,0,0,0,0,0,0,0,0,0,0,0,0,0,0,0,0,200.208,0,0,0
"MtrElec",9,4,1,"",186.86,0,0,0,0,0,0,0,0,0,0,0,0,0,0,0,0,0,0,0,0,186.86,0,0,0
"MtrElec",9,4,2,"",133.12,0,0,0,0,0,0,0,0,0,0,0,0,0,0,0,0,0,0,0,0,133.12,0,0,0
"MtrElec",9,4,3,"",111.323,0,0,0,0,0,0,0,0,0,0,0,0,0,0,0,0,0,0,0,0,111.323,0,0,0
"MtrElec",9,4,4,"",124.558,0,0,0,0,0,0,0,0,0,0,0,0,0,0,0,0,0,0,0,0,124.558,0,0,0
"MtrElec",9,4,5,"",111.636,0,0,0,0,0,0,0,0,0,0,0,0,0,0,0,0,0,0,0,0,111.636,0,0,0
"MtrElec",9,4,6,"",110.793,0,0,0,0,0,0,0,0,0,0,0,0,0,0,0,0,0,0,0,0,110.793,0,0,0
"MtrElec",9,4,7,"",167.774,0,0,0,0,0,0,0,0,0,0,0,0,0,0,0,0,0,0,0,0,171.165,0,0,-3.39039
"MtrElec",9,4,8,"",178.143,0,0,0,0,0,0,0,0,0,0,0,0,0,0,0,0,0,0,0,0,235.663,0,0,-57.5198
"MtrElec",9,4,9,"",122.714,0,0,0,0,0,0,0,0,0,0,0,0,0,0,0,0,0,0,0,0,291.57,0,0,-168.856
"MtrElec",9,4,10,"",65.2351,0,0,0,0,0,0,0,0,0,0,0,0,0,0,0,0,0,0,0,0,336.934,0,0,-271.699
"MtrElec",9,4,11,"",29.3946,0,0,0,0,0,0,0,0,0,0,0,0,0,0,0,0,0,0,0,0,369.644,0,0,-340.249
"MtrElec",9,4,12,"",0.0000039,0,0,0,0,0,0,0,0,0,0,0,0,0,0,0,0,0,0,0,0,337.438,0,52.2893,-389.727
"MtrElec",9,4,13,"",0,0,0,0,0,0,0,0,0,0,0,0,0,0,0,0,0,0,0,0,0,381.651,0,37.4215,-419.073
"MtrElec",9,4,14,"",0,0,0,0,0,0,0,0,0,0,0,0,0,0,0,0,0,0,0,0,0,328.058,0,87.5424,-415.6
"MtrElec",9,4,15,"",0.0000039,0,0,0,0,0,0,0,0,0,0,0,0,0,0,0,0,0,0,0,0,319.835,0,62.8944,-382.729
"MtrElec",9,4,16,"",0,0,0,0,0,0,0,0,0,0,0,0,0,0,0,0,0,0,0,0,0,313.416,0,4.74378,-318.16
"MtrElec",9,4,17,"",130.039,0,0,0,0,0,0,0,0,0,0,0,0,0,0,0,0,0,0,0,0,359.571,0,0,-229.532
"MtrElec",9,4,18,"",258.314,0,0,0,0,0,0,0,0,0,0,0,0,0,0,0,0,0,0,0,0,381.9,0,0,-123.587
"MtrElec",9,4,19,"",202.37,0,0,0,0,0,0,0,0,0,0,0,0,0,0,0,0,0,0,0,0,387.735,0,-157.698,-27.6674
"MtrElec",9,4,20,"",289.693,0,0,0,0,0,0,0,0,0,0,0,0,0,0,0,0,0,0,0,0,353.01,0,-63.3166,0
"MtrElec",9,4,21,"",343.411,0,0,0,0,0,0,0,0,0,0,0,0,0,0,0,0,0,0,0,0,343.411,0,0,0
"MtrElec",9,4,22,"",278.138,0,0,0,0,0,0,0,0,0,0,0,0,0,0,0,0,0,0,0,0,278.138,0,0,0
"MtrElec",9,4,23,"",254.071,0,0,0,0,0,0,0,0,0,0,0,0,0,0,0,0,0,0,0,0,254.071,0,0,0
"MtrElec",9,4,24,"",197.413,0,0,0,0,0,0,0,0,0,0,0,0,0,0,0,0,0,0,0,0,197.413,0,0,0
"MtrElec",9,5,1,"",180.217,0,0,0,0,0,0,0,0,0,0,0,0,0,0,0,0,0,0,0,0,180.217,0,0,0
"MtrElec",9,5,2,"",126.287,0,0,0,0,0,0,0,0,0,0,0,0,0,0,0,0,0,0,0,0,126.287,0,0,0
"MtrElec",9,5,3,"",107.573,0,0,0,0,0,0,0,0,0,0,0,0,0,0,0,0,0,0,0,0,107.573,0,0,0
"MtrElec",9,5,4,"",121.455,0,0,0,0,0,0,0,0,0,0,0,0,0,0,0,0,0,0,0,0,121.455,0,0,0
"MtrElec",9,5,5,"",122.681,0,0,0,0,0,0,0,0,0,0,0,0,0,0,0,0,0,0,0,0,122.681,0,0,0
"MtrElec",9,5,6,"",109.503,0,0,0,0,0,0,0,0,0,0,0,0,0,0,0,0,0,0,0,0,109.503,0,0,0
"MtrElec",9,5,7,"",169.151,0,0,0,0,0,0,0,0,0,0,0,0,0,0,0,0,0,0,0,0,172.581,0,0,-3.4291
"MtrElec",9,5,8,"",159.508,0,0,0,0,0,0,0,0,0,0,0,0,0,0,0,0,0,0,0,0,215.044,0,0,-55.5356
"MtrElec",9,5,9,"",96.2967,0,0,0,0,0,0,0,0,0,0,0,0,0,0,0,0,0,0,0,0,261.113,0,0,-164.816
"MtrElec",9,5,10,"",62.3266,0,0,0,0,0,0,0,0,0,0,0,0,0,0,0,0,0,0,0,0,325.98,0,0,-263.654
"MtrElec",9,5,11,"",55.3671,0,0,0,0,0,0,0,0,0,0,0,0,0,0,0,0,0,0,0,0,387.23,0,0,-331.863
"MtrElec",9,5,12,"",5.94197,0,0,0,0,0,0,0,0,0,0,0,0,0,0,0,0,0,0,0,0,396.542,0,0,-390.6
"MtrElec",9,5,13,"",0.0000078,0,0,0,0,0,0,0,0,0,0,0,0,0,0,0,0,0,0,0,0,346.769,0,73.5251,-420.294
"MtrElec",9,5,14,"",0,0,0,0,0,0,0,0,0,0,0,0,0,0,0,0,0,0,0,0,0,364.778,0,52.9996,-417.778
"MtrElec",9,5,15,"",0,0,0,0,0,0,0,0,0,0,0,0,0,0,0,0,0,0,0,0,0,386.787,0,0.184094,-386.971
"MtrElec",9,5,16,"",42.7429,0,0,0,0,0,0,0,0,0,0,0,0,0,0,0,0,0,0,0,0,366.273,0,0,-323.53
"MtrElec",9,5,17,"",132.147,0,0,0,0,0,0,0,0,0,0,0,0,0,0,0,0,0,0,0,0,367.832,0,0,-235.685
"MtrElec",9,5,18,"",273.309,0,0,0,0,0,0,0,0,0,0,0,0,0,0,0,0,0,0,0,0,399.722,0,0,-126.413
"MtrElec",9,5,19,"",280.839,0,0,0,0,0,0,0,0,0,0,0,0,0,0,0,0,0,0,0,0,421.761,0,-114.355,-26.5672
"MtrElec",9,5,20,"",374.462,0,0,0,0,0,0,0,0,0,0,0,0,0,0,0,0,0,0,0,0,374.462,0,0,0
"MtrElec",9,5,21,"",304.084,0,0,0,0,0,0,0,0,0,0,0,0,0,0,0,0,0,0,0,0,304.084,0,0,0
"MtrElec",9,5,22,"",311.914,0,0,0,0,0,0,0,0,0,0,0,0,0,0,0,0,0,0,0,0,311.914,0,0,0
"MtrElec",9,5,23,"",242.697,0,0,0,0,0,0,0,0,0,0,0,0,0,0,0,0,0,0,0,0,242.697,0,0,0
"MtrElec",9,5,24,"",223.774,0,0,0,0,0,0,0,0,0,0,0,0,0,0,0,0,0,0,0,0,223.774,0,0,0
"MtrElec",9,6,1,"",151.574,0,0,0,0,0,0,0,0,0,0,0,0,0,0,0,0,0,0,0,0,151.574,0,0,0
"MtrElec",9,6,2,"",128.514,0,0,0,0,0,0,0,0,0,0,0,0,0,0,0,0,0,0,0,0,128.514,0,0,0
"MtrElec",9,6,3,"",155.868,0,0,0,0,0,0,0,0,0,0,0,0,0,0,0,0,0,0,0,0,155.868,0,0,0
"MtrElec",9,6,4,"",117.705,0,0,0,0,0,0,0,0,0,0,0,0,0,0,0,0,0,0,0,0,117.705,0,0,0
"MtrElec",9,6,5,"",124.01,0,0,0,0,0,0,0,0,0,0,0,0,0,0,0,0,0,0,0,0,124.01,0,0,0
"MtrElec",9,6,6,"",121.07,0,0,0,0,0,0,0,0,0,0,0,0,0,0,0,0,0,0,0,0,121.07,0,0,0
"MtrElec",9,6,7,"",126.283,0,0,0,0,0,0,0,0,0,0,0,0,0,0,0,0,0,0,0,0,129.81,0,0,-3.52758
"MtrElec",9,6,8,"",143.878,0,0,0,0,0,0,0,0,0,0,0,0,0,0,0,0,0,0,0,0,200.234,0,0,-56.3555
"MtrElec",9,6,9,"",71.1001,0,0,0,0,0,0,0,0,0,0,0,0,0,0,0,0,0,0,0,0,240.849,0,0,-169.749
"MtrElec",9,6,10,"",30.3571,0,0,0,0,0,0,0,0,0,0,0,0,0,0,0,0,0,0,0,0,303.018,0,0,-272.661
"MtrElec",9,6,11,"",0,0,0,0,0,0,0,0,0,0,0,0,0,0,0,0,0,0,0,0,0,328.143,0,24.9151,-353.058
"MtrElec",9,6,12,"",0,0,0,0,0,0,0,0,0,0,0,0,0,0,0,0,0,0,0,0,0,362.693,0,41.4582,-404.152
"MtrElec",9,6,13,"",0,0,0,0,0,0,0,0,0,0,0,0,0,0,0,0,0,0,0,0,0,393.904,0,33.1861,-427.09
"MtrElec",9,6,14,"",0.0000078,0,0,0,0,0,0,0,0,0,0,0,0,0,0,0,0,0,0,0,0,343.568,0,77.6618,-421.23
"MtrElec",9,6,15,"",0.0000020,0,0,0,0,0,0,0,0,0,0,0,0,0,0,0,0,0,0,0,0,361.533,0,27.1061,-388.639
"MtrElec",9,6,16,"",0.697187,0,0,0,0,0,0,0,0,0,0,0,0,0,0,0,0,0,0,0,0,323.149,0,0,-322.452
"MtrElec",9,6,17,"",118.478,0,0,0,0,0,0,0,0,0,0,0,0,0,0,0,0,0,0,0,0,333.188,0,0,-214.71
"MtrElec",9,6,18,"",250.053,0,0,0,0,0,0,0,0,0,0,0,0,0,0,0,0,0,0,0,0,353.685,0,0,-103.633
"MtrElec",9,6,19,"",199.336,0,0,0,0,0,0,0,0,0,0,0,0,0,0,0,0,0,0,0,0,382.201,0,-157.698,-25.1667
"MtrElec",9,6,20,"",315.448,0,0,0,0,0,0,0,0,0,0,0,0,0,0,0,0,0,0,0,0,342.156,0,-26.7074,0
"MtrElec",9,6,21,"",321.418,0,0,0,0,0,0,0,0,0,0,0,0,0,0,0,0,0,0,0,0,321.418,0,0,0
"MtrElec",9,6,22,"",309.428,0,0,0,0,0,0,0,0,0,0,0,0,0,0,0,0,0,0,0,0,309.428,0,0,0
"MtrElec",9,6,23,"",231.622,0,0,0,0,0,0,0,0,0,0,0,0,0,0,0,0,0,0,0,0,231.622,0,0,0
"MtrElec",9,6,24,"",184.02,0,0,0,0,0,0,0,0,0,0,0,0,0,0,0,0,0,0,0,0,184.02,0,0,0
"MtrElec",9,7,1,"",181.83,0,0,0,0,0,0,0,0,0,0,0,0,0,0,0,0,0,0,0,0,181.83,0,0,0
"MtrElec",9,7,2,"",122.783,0,0,0,0,0,0,0,0,0,0,0,0,0,0,0,0,0,0,0,0,122.783,0,0,0
"MtrElec",9,7,3,"",110.5,0,0,0,0,0,0,0,0,0,0,0,0,0,0,0,0,0,0,0,0,110.5,0,0,0
"MtrElec",9,7,4,"",114.588,0,0,0,0,0,0,0,0,0,0,0,0,0,0,0,0,0,0,0,0,114.588,0,0,0
"MtrElec",9,7,5,"",106.78,0,0,0,0,0,0,0,0,0,0,0,0,0,0,0,0,0,0,0,0,106.78,0,0,0
"MtrElec",9,7,6,"",151.353,0,0,0,0,0,0,0,0,0,0,0,0,0,0,0,0,0,0,0,0,151.353,0,0,0
"MtrElec",9,7,7,"",130.438,0,0,0,0,0,0,0,0,0,0,0,0,0,0,0,0,0,0,0,0,133.504,0,0,-3.0655
"MtrElec",9,7,8,"",153.36,0,0,0,0,0,0,0,0,0,0,0,0,0,0,0,0,0,0,0,0,211.255,0,0,-57.8943
"MtrElec",9,7,9,"",131.615,0,0,0,0,0,0,0,0,0,0,0,0,0,0,0,0,0,0,0,0,303.446,0,0,-171.831
"MtrElec",9,7,10,"",93.5433,0,0,0,0,0,0,0,0,0,0,0,0,0,0,0,0,0,0,0,0,368.979,0,0,-275.435
"MtrElec",9,7,11,"",0,0,0,0,0,0,0,0,0,0,0,0,0,0,0,0,0,0,0,0,0,309.906,0,47.2805,-357.187
"MtrElec",9,7,12,"",0.0000039,0,0,0,0,0,0,0,0,0,0,0,0,0,0,0,0,0,0,0,0,352.344,0,57.5547,-409.899
"MtrElec",9,7,13,"",0,0,0,0,0,0,0,0,0,0,0,0,0,0,0,0,0,0,0,0,0,351.914,0,85.9693,-437.884
"MtrElec",9,7,14,"",0,0,0,0,0,0,0,0,0,0,0,0,0,0,0,0,0,0,0,0,0,378.42,0,55.6641,-434.084
"MtrElec",9,7,15,"",0.0000078,0,0,0,0,0,0,0,0,0,0,0,0,0,0,0,0,0,0,0,0,303.583,0,98.6919,-402.275
"MtrElec",9,7,16,"",0,0,0,0,0,0,0,0,0,0,0,0,0,0,0,0,0,0,0,0,0,275.43,0,63.3117,-338.742
"MtrElec",9,7,17,"",103.59,0,0,0,0,0,0,0,0,0,0,0,0,0,0,0,0,0,0,0,0,342.92,0,0,-239.33
"MtrElec",9,7,18,"",243.72,0,0,0,0,0,0,0,0,0,0,0,0,0,0,0,0,0,0,0,0,367.945,0,0,-124.225
"MtrElec",9,7,19,"",173.717,0,0,0,0,0,0,0,0,0,0,0,0,0,0,0,0,0,0,0,0,356.814,0,-157.698,-25.3989
"MtrElec",9,7,20,"",125.969,0,0,0,0,0,0,0,0,0,0,0,0,0,0,0,0,0,0,0,0,283.667,0,-157.698,0
"MtrElec",9,7,21,"",211.838,0,0,0,0,0,0,0,0,0,0,0,0,0,0,0,0,0,0,0,0,265.088,0,-53.2503,0
"MtrElec",9,7,22,"",237.136,0,0,0,0,0,0,0,0,0,0,0,0,0,0,0,0,0,0,0,0,237.136,0,0,0
"MtrElec",9,7,23,"",199.408,0,0,0,0,0,0,0,0,0,0,0,0,0,0,0,0,0,0,0,0,199.408,0,0,0
"MtrElec",9,7,24,"",194.721,0,0,0,0,0,0,0,0,0,0,0,0,0,0,0,0,0,0,0,0,194.721,0,0,0
"MtrElec",9,8,1,"",130.866,0,0,0,0,0,0,0,0,0,0,0,0,0,0,0,0,0,0,0,0,130.866,0,0,0
"MtrElec",9,8,2,"",110.677,0,0,0,0,0,0,0,0,0,0,0,0,0,0,0,0,0,0,0,0,110.677,0,0,0
"MtrElec",9,8,3,"",94.5511,0,0,0,0,0,0,0,0,0,0,0,0,0,0,0,0,0,0,0,0,94.5511,0,0,0
"MtrElec",9,8,4,"",104.82,0,0,0,0,0,0,0,0,0,0,0,0,0,0,0,0,0,0,0,0,104.82,0,0,0
"MtrElec",9,8,5,"",102.785,0,0,0,0,0,0,0,0,0,0,0,0,0,0,0,0,0,0,0,0,102.785,0,0,0
"MtrElec",9,8,6,"",125.101,0,0,0,0,0,0,0,0,0,0,0,0,0,0,0,0,0,0,0,0,125.101,0,0,0
"MtrElec",9,8,7,"",134.418,0,0,0,0,0,0,0,0,0,0,0,0,0,0,0,0,0,0,0,0,138.305,0,0,-3.88694
"MtrElec",9,8,8,"",198.217,0,0,0,0,0,0,0,0,0,0,0,0,0,0,0,0,0,0,0,0,247.821,0,0,-49.6045
"MtrElec",9,8,9,"",133.794,0,0,0,0,0,0,0,0,0,0,0,0,0,0,0,0,0,0,0,0,255.201,0,0,-121.407
"MtrElec",9,8,10,"",0,0,0,0,0,0,0,0,0,0,0,0,0,0,0,0,0,0,0,0,0,263.461,0,24.067,-287.528
"MtrElec",9,8,11,"",0.0000078,0,0,0,0,0,0,0,0,0,0,0,0,0,0,0,0,0,0,0,0,249.991,0,120.973,-370.964
"MtrElec",9,8,12,"",0,0,0,0,0,0,0,0,0,0,0,0,0,0,0,0,0,0,0,0,0,269.604,0,153.448,-423.052
"MtrElec",9,8,13,"",-5.70327,0,0,0,0,0,0,0,0,0,0,0,0,0,0,0,0,0,0,0,0,285.4,0,157.698,-448.801
"MtrElec",9,8,14,"",-60.6714,0,0,0,0,0,0,0,0,0,0,0,0,0,0,0,0,0,0,0,0,250.114,0,132.199,-442.985
"MtrElec",9,8,15,"",-170.761,0,0,0,0,0,0,0,0,0,0,0,0,0,0,0,0,0,0,0,0,239.2,0,0,-409.961
"MtrElec",9,8,16,"",-93.9046,0,0,0,0,0,0,0,0,0,0,0,0,0,0,0,0,0,0,0,0,250.629,0,0,-344.533
"MtrElec",9,8,17,"",74.8163,0,0,0,0,0,0,0,0,0,0,0,0,0,0,0,0,0,0,0,0,323.488,0,0,-248.672
"MtrElec",9,8,18,"",198.406,0,0,0,0,0,0,0,0,0,0,0,0,0,0,0,0,0,0,0,0,329.205,0,0,-130.799
"MtrElec",9,8,19,"",165.289,0,0,0,0,0,0,0,0,0,0,0,0,0,0,0,0,0,0,0,0,348.24,0,-157.698,-25.2525
"MtrElec",9,8,20,"",175.716,0,0,0,0,0,0,0,0,0,0,0,0,0,0,0,0,0,0,0,0,333.414,0,-157.698,0
"MtrElec",9,8,21,"",114.037,0,0,0,0,0,0,0,0,0,0,0,0,0,0,0,0,0,0,0,0,271.735,0,-157.698,0
"MtrElec",9,8,22,"",193.053,0,0,0,0,0,0,0,0,0,0,0,0,0,0,0,0,0,0,0,0,250.976,0,-57.9236,0
"MtrElec",9,8,23,"",245.026,0,0,0,0,0,0,0,0,0,0,0,0,0,0,0,0,0,0,0,0,245.026,0,0,0
"MtrElec",9,8,24,"",165.138,0,0,0,0,0,0,0,0,0,0,0,0,0,0,0,0,0,0,0,0,165.138,0,0,0
"MtrElec",9,9,1,"",152.806,0,0,0,0,0,0,0,0,0,0,0,0,0,0,0,0,0,0,0,0,152.806,0,0,0
"MtrElec",9,9,2,"",107.756,0,0,0,0,0,0,0,0,0,0,0,0,0,0,0,0,0,0,0,0,107.756,0,0,0
"MtrElec",9,9,3,"",90.2897,0,0,0,0,0,0,0,0,0,0,0,0,0,0,0,0,0,0,0,0,90.2897,0,0,0
"MtrElec",9,9,4,"",105.001,0,0,0,0,0,0,0,0,0,0,0,0,0,0,0,0,0,0,0,0,105.001,0,0,0
"MtrElec",9,9,5,"",102.322,0,0,0,0,0,0,0,0,0,0,0,0,0,0,0,0,0,0,0,0,102.322,0,0,0
"MtrElec",9,9,6,"",122.958,0,0,0,0,0,0,0,0,0,0,0,0,0,0,0,0,0,0,0,0,122.958,0,0,0
"MtrElec",9,9,7,"",133.843,0,0,0,0,0,0,0,0,0,0,0,0,0,0,0,0,0,0,0,0,137.482,0,0,-3.63914
"MtrElec",9,9,8,"",219.373,0,0,0,0,0,0,0,0,0,0,0,0,0,0,0,0,0,0,0,0,246.19,0,0,-26.8177
"MtrElec",9,9,9,"",142.675,0,0,0,0,0,0,0,0,0,0,0,0,0,0,0,0,0,0,0,0,254.598,0,0,-111.923
"MtrElec",9,9,10,"",0.0000039,0,0,0,0,0,0,0,0,0,0,0,0,0,0,0,0,0,0,0,0,247.14,0,46.6443,-293.784
"MtrElec",9,9,11,"",0,0,0,0,0,0,0,0,0,0,0,0,0,0,0,0,0,0,0,0,0,248.726,0,118.214,-366.939
"MtrElec",9,9,12,"",-39.2365,0,0,0,0,0,0,0,0,0,0,0,0,0,0,0,0,0,0,0,0,236.9,0,157.698,-433.835
"MtrElec",9,9,13,"",-17.856,0,0,0,0,0,0,0,0,0,0,0,0,0,0,0,0,0,0,0,0,289.227,0,157.698,-464.781
"MtrElec",9,9,14,"",-163.711,0,0,0,0,0,0,0,0,0,0,0,0,0,0,0,0,0,0,0,0,183.464,0,108.131,-455.306
"MtrElec",9,9,15,"",-190.265,0,0,0,0,0,0,0,0,0,0,0,0,0,0,0,0,0,0,0,0,225.713,0,0,-415.978
"MtrElec",9,9,16,"",-109.683,0,0,0,0,0,0,0,0,0,0,0,0,0,0,0,0,0,0,0,0,240.413,0,0,-350.096
"MtrElec",9,9,17,"",5.09934,0,0,0,0,0,0,0,0,0,0,0,0,0,0,0,0,0,0,0,0,260.122,0,0,-255.023
"MtrElec",9,9,18,"",158.816,0,0,0,0,0,0,0,0,0,0,0,0,0,0,0,0,0,0,0,0,294.74,0,0,-135.923
"MtrElec",9,9,19,"",167.785,0,0,0,0,0,0,0,0,0,0,0,0,0,0,0,0,0,0,0,0,350.788,0,-157.698,-25.3052
"MtrElec",9,9,20,"",174.572,0,0,0,0,0,0,0,0,0,0,0,0,0,0,0,0,0,0,0,0,332.27,0,-157.698,0
"MtrElec",9,9,21,"",132.869,0,0,0,0,0,0,0,0,0,0,0,0,0,0,0,0,0,0,0,0,290.567,0,-157.698,0
"MtrElec",9,9,22,"",183.401,0,0,0,0,0,0,0,0,0,0,0,0,0,0,0,0,0,0,0,0,241.324,0,-57.9236,0
"MtrElec",9,9,23,"",222.273,0,0,0,0,0,0,0,0,0,0,0,0,0,0,0,0,0,0,0,0,222.273,0,0,0
"MtrElec",9,9,24,"",144.389,0,0,0,0,0,0,0,0,0,0,0,0,0,0,0,0,0,0,0,0,144.389,0,0,0
"MtrElec",9,10,1,"",121.142,0,0,0,0,0,0,0,0,0,0,0,0,0,0,0,0,0,0,0,0,121.142,0,0,0
"MtrElec",9,10,2,"",139.406,0,0,0,0,0,0,0,0,0,0,0,0,0,0,0,0,0,0,0,0,139.406,0,0,0
"MtrElec",9,10,3,"",95.2925,0,0,0,0,0,0,0,0,0,0,0,0,0,0,0,0,0,0,0,0,95.2925,0,0,0
"MtrElec",9,10,4,"",108.244,0,0,0,0,0,0,0,0,0,0,0,0,0,0,0,0,0,0,0,0,108.244,0,0,0
"MtrElec",9,10,5,"",108.224,0,0,0,0,0,0,0,0,0,0,0,0,0,0,0,0,0,0,0,0,108.224,0,0,0
"MtrElec",9,10,6,"",108.044,0,0,0,0,0,0,0,0,0,0,0,0,0,0,0,0,0,0,0,0,108.044,0,0,0
"MtrElec",9,10,7,"",147.447,0,0,0,0,0,0,0,0,0,0,0,0,0,0,0,0,0,0,0,0,151.406,0,0,-3.95872
"MtrElec",9,10,8,"",213.806,0,0,0,0,0,0,0,0,0,0,0,0,0,0,0,0,0,0,0,0,243.176,0,0,-29.3705
"MtrElec",9,10,9,"",137.791,0,0,0,0,0,0,0,0,0,0,0,0,0,0,0,0,0,0,0,0,217.292,0,0,-79.5008
"MtrElec",9,10,10,"",0,0,0,0,0,0,0,0,0,0,0,0,0,0,0,0,0,0,0,0,0,213.397,0,59.7045,-273.102
"MtrElec",9,10,11,"",-11.6181,0,0,0,0,0,0,0,0,0,0,0,0,0,0,0,0,0,0,0,0,208.291,0,157.698,-377.607
"MtrElec",9,10,12,"",-83.1134,0,0,0,0,0,0,0,0,0,0,0,0,0,0,0,0,0,0,0,0,190.942,0,157.698,-431.753
"MtrElec",9,10,13,"",-122.641,0,0,0,0,0,0,0,0,0,0,0,0,0,0,0,0,0,0,0,0,175.676,0,157.698,-456.015
"MtrElec",9,10,14,"",-205.57,0,0,0,0,0,0,0,0,0,0,0,0,0,0,0,0,0,0,0,0,184.619,0,55.5867,-445.775
"MtrElec",9,10,15,"",-208.474,0,0,0,0,0,0,0,0,0,0,0,0,0,0,0,0,0,0,0,0,202.737,0,0,-411.211
"MtrElec",9,10,16,"",-100.778,0,0,0,0,0,0,0,0,0,0,0,0,0,0,0,0,0,0,0,0,244.124,0,0,-344.902
"MtrElec",9,10,17,"",61.4394,0,0,0,0,0,0,0,0,0,0,0,0,0,0,0,0,0,0,0,0,310.533,0,0,-249.094
"MtrElec",9,10,18,"",171.207,0,0,0,0,0,0,0,0,0,0,0,0,0,0,0,0,0,0,0,0,303.283,0,0,-132.076
"MtrElec",9,10,19,"",123.68,0,0,0,0,0,0,0,0,0,0,0,0,0,0,0,0,0,0,0,0,305.388,0,-157.698,-24.0101
"MtrElec",9,10,20,"",152.281,0,0,0,0,0,0,0,0,0,0,0,0,0,0,0,0,0,0,0,0,309.979,0,-157.698,0
"MtrElec",9,10,21,"",140.969,0,0,0,0,0,0,0,0,0,0,0,0,0,0,0,0,0,0,0,0,298.667,0,-157.698,0
"MtrElec",9,10,22,"",198.484,0,0,0,0,0,0,0,0,0,0,0,0,0,0,0,0,0,0,0,0,256.408,0,-57.9236,0
"MtrElec",9,10,23,"",250.374,0,0,0,0,0,0,0,0,0,0,0,0,0,0,0,0,0,0,0,0,250.374,0,0,0
"MtrElec",9,10,24,"",163.767,0,0,0,0,0,0,0,0,0,0,0,0,0,0,0,0,0,0,0,0,163.767,0,0,0
"MtrElec",9,11,1,"",135.766,0,0,0,0,0,0,0,0,0,0,0,0,0,0,0,0,0,0,0,0,135.766,0,0,0
"MtrElec",9,11,2,"",139.772,0,0,0,0,0,0,0,0,0,0,0,0,0,0,0,0,0,0,0,0,139.772,0,0,0
"MtrElec",9,11,3,"",92.9303,0,0,0,0,0,0,0,0,0,0,0,0,0,0,0,0,0,0,0,0,92.9303,0,0,0
"MtrElec",9,11,4,"",105.94,0,0,0,0,0,0,0,0,0,0,0,0,0,0,0,0,0,0,0,0,105.94,0,0,0
"MtrElec",9,11,5,"",104.403,0,0,0,0,0,0,0,0,0,0,0,0,0,0,0,0,0,0,0,0,104.403,0,0,0
"MtrElec",9,11,6,"",102.9,0,0,0,0,0,0,0,0,0,0,0,0,0,0,0,0,0,0,0,0,102.9,0,0,0
"MtrElec",9,11,7,"",153.5,0,0,0,0,0,0,0,0,0,0,0,0,0,0,0,0,0,0,0,0,156.813,0,0,-3.31364
"MtrElec",9,11,8,"",191.797,0,0,0,0,0,0,0,0,0,0,0,0,0,0,0,0,0,0,0,0,249.762,0,0,-57.9645
"MtrElec",9,11,9,"",88.2321,0,0,0,0,0,0,0,0,0,0,0,0,0,0,0,0,0,0,0,0,263.255,0,0,-175.023
"MtrElec",9,11,10,"",0,0,0,0,0,0,0,0,0,0,0,0,0,0,0,0,0,0,0,0,0,256.817,0,22.6752,-279.493
"MtrElec",9,11,11,"",0,0,0,0,0,0,0,0,0,0,0,0,0,0,0,0,0,0,0,0,0,275.965,0,83.0691,-359.034
"MtrElec",9,11,12,"",0.0000078,0,0,0,0,0,0,0,0,0,0,0,0,0,0,0,0,0,0,0,0,290.695,0,127.013,-417.708
"MtrElec",9,11,13,"",0.0000078,0,0,0,0,0,0,0,0,0,0,0,0,0,0,0,0,0,0,0,0,358.845,0,83.2607,-442.105
"MtrElec",9,11,14,"",-47.7454,0,0,0,0,0,0,0,0,0,0,0,0,0,0,0,0,0,0,0,0,228.067,0,157.698,-433.511
"MtrElec",9,11,15,"",-24.5323,0,0,0,0,0,0,0,0,0,0,0,0,0,0,0,0,0,0,0,0,259.292,0,114.669,-398.493
"MtrElec",9,11,16,"",-83.1915,0,0,0,0,0,0,0,0,0,0,0,0,0,0,0,0,0,0,0,0,248.764,0,0,-331.956
"MtrElec",9,11,17,"",75.9283,0,0,0,0,0,0,0,0,0,0,0,0,0,0,0,0,0,0,0,0,313.905,0,0,-237.976
"MtrElec",9,11,18,"",210.969,0,0,0,0,0,0,0,0,0,0,0,0,0,0,0,0,0,0,0,0,334.326,0,0,-123.357
"MtrElec",9,11,19,"",167.1,0,0,0,0,0,0,0,0,0,0,0,0,0,0,0,0,0,0,0,0,346.424,0,-157.698,-21.6268
"MtrElec",9,11,20,"",187.181,0,0,0,0,0,0,0,0,0,0,0,0,0,0,0,0,0,0,0,0,344.879,0,-157.698,0
"MtrElec",9,11,21,"",184.147,0,0,0,0,0,0,0,0,0,0,0,0,0,0,0,0,0,0,0,0,341.845,0,-157.698,0
"MtrElec",9,11,22,"",184.302,0,0,0,0,0,0,0,0,0,0,0,0,0,0,0,0,0,0,0,0,242.226,0,-57.9236,0
"MtrElec",9,11,23,"",227.999,0,0,0,0,0,0,0,0,0,0,0,0,0,0,0,0,0,0,0,0,227.999,0,0,0
"MtrElec",9,11,24,"",157.156,0,0,0,0,0,0,0,0,0,0,0,0,0,0,0,0,0,0,0,0,157.156,0,0,0
"MtrElec",9,12,1,"",156.107,0,0,0,0,0,0,0,0,0,0,0,0,0,0,0,0,0,0,0,0,156.107,0,0,0
"MtrElec",9,12,2,"",114.021,0,0,0,0,0,0,0,0,0,0,0,0,0,0,0,0,0,0,0,0,114.021,0,0,0
"MtrElec",9,12,3,"",93.6223,0,0,0,0,0,0,0,0,0,0,0,0,0,0,0,0,0,0,0,0,93.6223,0,0,0
"MtrElec",9,12,4,"",107.734,0,0,0,0,0,0,0,0,0,0,0,0,0,0,0,0,0,0,0,0,107.734,0,0,0
"MtrElec",9,12,5,"",116.435,0,0,0,0,0,0,0,0,0,0,0,0,0,0,0,0,0,0,0,0,116.435,0,0,0
"MtrElec",9,12,6,"",94.4825,0,0,0,0,0,0,0,0,0,0,0,0,0,0,0,0,0,0,0,0,94.4825,0,0,0
"MtrElec",9,12,7,"",145.172,0,0,0,0,0,0,0,0,0,0,0,0,0,0,0,0,0,0,0,0,147.877,0,0,-2.70497
"MtrElec",9,12,8,"",138.395,0,0,0,0,0,0,0,0,0,0,0,0,0,0,0,0,0,0,0,0,194.342,0,0,-55.9477
"MtrElec",9,12,9,"",78.5528,0,0,0,0,0,0,0,0,0,0,0,0,0,0,0,0,0,0,0,0,249.57,0,0,-171.017
"MtrElec",9,12,10,"",26.8343,0,0,0,0,0,0,0,0,0,0,0,0,0,0,0,0,0,0,0,0,300.37,0,0,-273.535
"MtrElec",9,12,11,"",0.0000039,0,0,0,0,0,0,0,0,0,0,0,0,0,0,0,0,0,0,0,0,292.598,0,64.2522,-356.85
"MtrElec",9,12,12,"",0,0,0,0,0,0,0,0,0,0,0,0,0,0,0,0,0,0,0,0,0,341.221,0,71.9183,-413.139
"MtrElec",9,12,13,"",0,0,0,0,0,0,0,0,0,0,0,0,0,0,0,0,0,0,0,0,0,357.254,0,78.4178,-435.672
"MtrElec",9,12,14,"",0,0,0,0,0,0,0,0,0,0,0,0,0,0,0,0,0,0,0,0,0,329.406,0,98.7093,-428.115
"MtrElec",9,12,15,"",0,0,0,0,0,0,0,0,0,0,0,0,0,0,0,0,0,0,0,0,0,347.622,0,44.1564,-391.778
"MtrElec",9,12,16,"",0,0,0,0,0,0,0,0,0,0,0,0,0,0,0,0,0,0,0,0,0,307.693,0,16.218,-323.911
"MtrElec",9,12,17,"",101.623,0,0,0,0,0,0,0,0,0,0,0,0,0,0,0,0,0,0,0,0,331.86,0,0,-230.236
"MtrElec",9,12,18,"",217.16,0,0,0,0,0,0,0,0,0,0,0,0,0,0,0,0,0,0,0,0,333.674,0,0,-116.514
"MtrElec",9,12,19,"",195.856,0,0,0,0,0,0,0,0,0,0,0,0,0,0,0,0,0,0,0,0,373.565,0,-157.698,-20.011
"MtrElec",9,12,20,"",198.171,0,0,0,0,0,0,0,0,0,0,0,0,0,0,0,0,0,0,0,0,355.869,0,-157.698,0
"MtrElec",9,12,21,"",262.822,0,0,0,0,0,0,0,0,0,0,0,0,0,0,0,0,0,0,0,0,284.665,0,-21.8432,0
"MtrElec",9,12,22,"",249.011,0,0,0,0,0,0,0,0,0,0,0,0,0,0,0,0,0,0,0,0,249.011,0,0,0
"MtrElec",9,12,23,"",202.205,0,0,0,0,0,0,0,0,0,0,0,0,0,0,0,0,0,0,0,0,202.205,0,0,0
"MtrElec",9,12,24,"",213.854,0,0,0,0,0,0,0,0,0,0,0,0,0,0,0,0,0,0,0,0,213.854,0,0,0
"MtrElec",9,13,1,"",152.31,0,0,0,0,0,0,0,0,0,0,0,0,0,0,0,0,0,0,0,0,152.31,0,0,0
"MtrElec",9,13,2,"",115.862,0,0,0,0,0,0,0,0,0,0,0,0,0,0,0,0,0,0,0,0,115.862,0,0,0
"MtrElec",9,13,3,"",100.554,0,0,0,0,0,0,0,0,0,0,0,0,0,0,0,0,0,0,0,0,100.554,0,0,0
"MtrElec",9,13,4,"",116.532,0,0,0,0,0,0,0,0,0,0,0,0,0,0,0,0,0,0,0,0,116.532,0,0,0
"MtrElec",9,13,5,"",171.804,0,0,0,0,0,0,0,0,0,0,0,0,0,0,0,0,0,0,0,0,171.804,0,0,0
"MtrElec",9,13,6,"",95.3144,0,0,0,0,0,0,0,0,0,0,0,0,0,0,0,0,0,0,0,0,95.3144,0,0,0
"MtrElec",9,13,7,"",109.699,0,0,0,0,0,0,0,0,0,0,0,0,0,0,0,0,0,0,0,0,111.83,0,0,-2.13123
"MtrElec",9,13,8,"",109.9,0,0,0,0,0,0,0,0,0,0,0,0,0,0,0,0,0,0,0,0,165.883,0,0,-55.9829
"MtrElec",9,13,9,"",50.7118,0,0,0,0,0,0,0,0,0,0,0,0,0,0,0,0,0,0,0,0,220.301,0,0,-169.589
"MtrElec",9,13,10,"",38.8706,0,0,0,0,0,0,0,0,0,0,0,0,0,0,0,0,0,0,0,0,318.261,0,0,-279.39
"MtrElec",9,13,11,"",0.0000010,0,0,0,0,0,0,0,0,0,0,0,0,0,0,0,0,0,0,0,0,356.449,0,9.17578,-365.625
"MtrElec",9,13,12,"",0.0000078,0,0,0,0,0,0,0,0,0,0,0,0,0,0,0,0,0,0,0,0,313.211,0,107.221,-420.432
"MtrElec",9,13,13,"",0.0000156,0,0,0,0,0,0,0,0,0,0,0,0,0,0,0,0,0,0,0,0,292.13,0,151.968,-444.098
"MtrElec",9,13,14,"",0,0,0,0,0,0,0,0,0,0,0,0,0,0,0,0,0,0,0,0,0,281.883,0,156.266,-438.149
"MtrElec",9,13,15,"",0.0000078,0,0,0,0,0,0,0,0,0,0,0,0,0,0,0,0,0,0,0,0,306.685,0,90.5025,-397.187
"MtrElec",9,13,16,"",0.0000039,0,0,0,0,0,0,0,0,0,0,0,0,0,0,0,0,0,0,0,0,278.869,0,49.0499,-327.919
"MtrElec",9,13,17,"",78.511,0,0,0,0,0,0,0,0,0,0,0,0,0,0,0,0,0,0,0,0,306.256,0,0,-227.745
"MtrElec",9,13,18,"",204.595,0,0,0,0,0,0,0,0,0,0,0,0,0,0,0,0,0,0,0,0,313.2,0,0,-108.604
"MtrElec",9,13,19,"",135.453,0,0,0,0,0,0,0,0,0,0,0,0,0,0,0,0,0,0,0,0,311.638,0,-157.698,-18.4871
"MtrElec",9,13,20,"",174.156,0,0,0,0,0,0,0,0,0,0,0,0,0,0,0,0,0,0,0,0,331.853,0,-157.698,0
"MtrElec",9,13,21,"",177.024,0,0,0,0,0,0,0,0,0,0,0,0,0,0,0,0,0,0,0,0,334.722,0,-157.698,0
"MtrElec",9,13,22,"",278.668,0,0,0,0,0,0,0,0,0,0,0,0,0,0,0,0,0,0,0,0,314.749,0,-36.0813,0
"MtrElec",9,13,23,"",178.545,0,0,0,0,0,0,0,0,0,0,0,0,0,0,0,0,0,0,0,0,178.545,0,0,0
"MtrElec",9,13,24,"",152.914,0,0,0,0,0,0,0,0,0,0,0,0,0,0,0,0,0,0,0,0,152.914,0,0,0
"MtrElec",9,14,1,"",136.495,0,0,0,0,0,0,0,0,0,0,0,0,0,0,0,0,0,0,0,0,136.495,0,0,0
"MtrElec",9,14,2,"",114.24,0,0,0,0,0,0,0,0,0,0,0,0,0,0,0,0,0,0,0,0,114.24,0,0,0
"MtrElec",9,14,3,"",107.378,0,0,0,0,0,0,0,0,0,0,0,0,0,0,0,0,0,0,0,0,107.378,0,0,0
"MtrElec",9,14,4,"",103.215,0,0,0,0,0,0,0,0,0,0,0,0,0,0,0,0,0,0,0,0,103.215,0,0,0
"MtrElec",9,14,5,"",97.0396,0,0,0,0,0,0,0,0,0,0,0,0,0,0,0,0,0,0,0,0,97.0396,0,0,0
"MtrElec",9,14,6,"",136.775,0,0,0,0,0,0,0,0,0,0,0,0,0,0,0,0,0,0,0,0,136.775,0,0,0
"MtrElec",9,14,7,"",141.362,0,0,0,0,0,0,0,0,0,0,0,0,0,0,0,0,0,0,0,0,141.362,0,0,0
"MtrElec",9,14,8,"",221.175,0,0,0,0,0,0,0,0,0,0,0,0,0,0,0,0,0,0,0,0,244.09,0,0,-22.9159
"MtrElec",9,14,9,"",196.231,0,0,0,0,0,0,0,0,0,0,0,0,0,0,0,0,0,0,0,0,257.955,0,0,-61.7241
"MtrElec",9,14,10,"",161.403,0,0,0,0,0,0,0,0,0,0,0,0,0,0,0,0,0,0,0,0,251.515,0,0,-90.1121
"MtrElec",9,14,11,"",137.773,0,0,0,0,0,0,0,0,0,0,0,0,0,0,0,0,0,0,0,0,237.431,0,0,-99.6584
"MtrElec",9,14,12,"",42.9189,0,0,0,0,0,0,0,0,0,0,0,0,0,0,0,0,0,0,0,0,210.024,0,0,-167.105
"MtrElec",9,14,13,"",12.1022,0,0,0,0,0,0,0,0,0,0,0,0,0,0,0,0,0,0,0,0,242.814,0,0,-230.712
"MtrElec",9,14,14,"",0,0,0,0,0,0,0,0,0,0,0,0,0,0,0,0,0,0,0,0,0,131.359,0,140.796,-272.155
"MtrElec",9,14,15,"",-13.4387,0,0,0,0,0,0,0,0,0,0,0,0,0,0,0,0,0,0,0,0,186.078,0,157.698,-357.215
"MtrElec",9,14,16,"",0,0,0,0,0,0,0,0,0,0,0,0,0,0,0,0,0,0,0,0,0,182.433,0,142.89,-325.324
"MtrElec",9,14,17,"",2.5207,0,0,0,0,0,0,0,0,0,0,0,0,0,0,0,0,0,0,0,0,212.186,0,0,-209.665
"MtrElec",9,14,18,"",155.519,0,0,0,0,0,0,0,0,0,0,0,0,0,0,0,0,0,0,0,0,255.969,0,0,-100.45
"MtrElec",9,14,19,"",99.7917,0,0,0,0,0,0,0,0,0,0,0,0,0,0,0,0,0,0,0,0,276.359,0,-157.698,-18.8694
"MtrElec",9,14,20,"",107.881,0,0,0,0,0,0,0,0,0,0,0,0,0,0,0,0,0,0,0,0,265.578,0,-157.698,0
"MtrElec",9,14,21,"",144.689,0,0,0,0,0,0,0,0,0,0,0,0,0,0,0,0,0,0,0,0,227.643,0,-82.9536,0
"MtrElec",9,14,22,"",204.64,0,0,0,0,0,0,0,0,0,0,0,0,0,0,0,0,0,0,0,0,204.64,0,0,0
"MtrElec",9,14,23,"",229.212,0,0,0,0,0,0,0,0,0,0,0,0,0,0,0,0,0,0,0,0,229.212,0,0,0
"MtrElec",9,14,24,"",149.477,0,0,0,0,0,0,0,0,0,0,0,0,0,0,0,0,0,0,0,0,149.477,0,0,0
"MtrElec",9,15,1,"",116.801,0,0,0,0,0,0,0,0,0,0,0,0,0,0,0,0,0,0,0,0,116.801,0,0,0
"MtrElec",9,15,2,"",108.666,0,0,0,0,0,0,0,0,0,0,0,0,0,0,0,0,0,0,0,0,108.666,0,0,0
"MtrElec",9,15,3,"",118.218,0,0,0,0,0,0,0,0,0,0,0,0,0,0,0,0,0,0,0,0,118.218,0,0,0
"MtrElec",9,15,4,"",104.1,0,0,0,0,0,0,0,0,0,0,0,0,0,0,0,0,0,0,0,0,104.1,0,0,0
"MtrElec",9,15,5,"",101.489,0,0,0,0,0,0,0,0,0,0,0,0,0,0,0,0,0,0,0,0,101.489,0,0,0
"MtrElec",9,15,6,"",95.8269,0,0,0,0,0,0,0,0,0,0,0,0,0,0,0,0,0,0,0,0,95.8269,0,0,0
"MtrElec",9,15,7,"",154.127,0,0,0,0,0,0,0,0,0,0,0,0,0,0,0,0,0,0,0,0,156.023,0,0,-1.89616
"MtrElec",9,15,8,"",189.54,0,0,0,0,0,0,0,0,0,0,0,0,0,0,0,0,0,0,0,0,208.441,0,0,-18.901
"MtrElec",9,15,9,"",144.567,0,0,0,0,0,0,0,0,0,0,0,0,0,0,0,0,0,0,0,0,207.174,0,0,-62.6071
"MtrElec",9,15,10,"",52.3069,0,0,0,0,0,0,0,0,0,0,0,0,0,0,0,0,0,0,0,0,222.981,0,0,-170.674
"MtrElec",9,15,11,"",-16.3498,0,0,0,0,0,0,0,0,0,0,0,0,0,0,0,0,0,0,0,0,207.87,0,157.698,-381.918
"MtrElec",9,15,12,"",-65.9184,0,0,0,0,0,0,0,0,0,0,0,0,0,0,0,0,0,0,0,0,215.351,0,157.698,-438.967
"MtrElec",9,15,13,"",-41.531,0,0,0,0,0,0,0,0,0,0,0,0,0,0,0,0,0,0,0,0,263.241,0,157.698,-462.47
"MtrElec",9,15,14,"",-203.949,0,0,0,0,0,0,0,0,0,0,0,0,0,0,0,0,0,0,0,0,137.855,0,115.291,-457.095
"MtrElec",9,15,15,"",-220.072,0,0,0,0,0,0,0,0,0,0,0,0,0,0,0,0,0,0,0,0,199.55,0,0,-419.622
"MtrElec",9,15,16,"",-169.25,0,0,0,0,0,0,0,0,0,0,0,0,0,0,0,0,0,0,0,0,180.54,0,0,-349.79
"MtrElec",9,15,17,"",-27.1446,0,0,0,0,0,0,0,0,0,0,0,0,0,0,0,0,0,0,0,0,224.23,0,0,-251.374
"MtrElec",9,15,18,"",136.766,0,0,0,0,0,0,0,0,0,0,0,0,0,0,0,0,0,0,0,0,263.439,0,0,-126.673
"MtrElec",9,15,19,"",82.8176,0,0,0,0,0,0,0,0,0,0,0,0,0,0,0,0,0,0,0,0,260.365,0,-157.698,-19.8492
"MtrElec",9,15,20,"",109.416,0,0,0,0,0,0,0,0,0,0,0,0,0,0,0,0,0,0,0,0,267.114,0,-157.698,0
"MtrElec",9,15,21,"",143.502,0,0,0,0,0,0,0,0,0,0,0,0,0,0,0,0,0,0,0,0,301.2,0,-157.698,0
"MtrElec",9,15,22,"",144.949,0,0,0,0,0,0,0,0,0,0,0,0,0,0,0,0,0,0,0,0,202.873,0,-57.9236,0
"MtrElec",9,15,23,"",200.005,0,0,0,0,0,0,0,0,0,0,0,0,0,0,0,0,0,0,0,0,200.005,0,0,0
"MtrElec",9,15,24,"",158.735,0,0,0,0,0,0,0,0,0,0,0,0,0,0,0,0,0,0,0,0,158.735,0,0,0
"MtrElec",9,16,1,"",103.402,0,0,0,0,0,0,0,0,0,0,0,0,0,0,0,0,0,0,0,0,103.402,0,0,0
"MtrElec",9,16,2,"",105.845,0,0,0,0,0,0,0,0,0,0,0,0,0,0,0,0,0,0,0,0,105.845,0,0,0
"MtrElec",9,16,3,"",134.061,0,0,0,0,0,0,0,0,0,0,0,0,0,0,0,0,0,0,0,0,134.061,0,0,0
"MtrElec",9,16,4,"",90.0013,0,0,0,0,0,0,0,0,0,0,0,0,0,0,0,0,0,0,0,0,90.0013,0,0,0
"MtrElec",9,16,5,"",95.0885,0,0,0,0,0,0,0,0,0,0,0,0,0,0,0,0,0,0,0,0,95.0885,0,0,0
"MtrElec",9,16,6,"",116.601,0,0,0,0,0,0,0,0,0,0,0,0,0,0,0,0,0,0,0,0,116.601,0,0,0
"MtrElec",9,16,7,"",156.853,0,0,0,0,0,0,0,0,0,0,0,0,0,0,0,0,0,0,0,0,159.892,0,0,-3.03894
"MtrElec",9,16,8,"",175.699,0,0,0,0,0,0,0,0,0,0,0,0,0,0,0,0,0,0,0,0,235.807,0,0,-60.1084
"MtrElec",9,16,9,"",63.0247,0,0,0,0,0,0,0,0,0,0,0,0,0,0,0,0,0,0,0,0,249.136,0,0,-186.111
"MtrElec",9,16,10,"",0,0,0,0,0,0,0,0,0,0,0,0,0,0,0,0,0,0,0,0,0,253.227,0,45.1737,-298.401
"MtrElec",9,16,11,"",-29.3382,0,0,0,0,0,0,0,0,0,0,0,0,0,0,0,0,0,0,0,0,200.234,0,157.698,-387.27
"MtrElec",9,16,12,"",-61.7838,0,0,0,0,0,0,0,0,0,0,0,0,0,0,0,0,0,0,0,0,233.196,0,157.698,-452.677
"MtrElec",9,16,13,"",-17.1055,0,0,0,0,0,0,0,0,0,0,0,0,0,0,0,0,0,0,0,0,308.099,0,157.698,-482.903
"MtrElec",9,16,14,"",-214.5,0,0,0,0,0,0,0,0,0,0,0,0,0,0,0,0,0,0,0,0,187.322,0,70.1176,-471.939
"MtrElec",9,16,15,"",-245.913,0,0,0,0,0,0,0,0,0,0,0,0,0,0,0,0,0,0,0,0,181.356,0,0,-427.27
"MtrElec",9,16,16,"",-140.931,0,0,0,0,0,0,0,0,0,0,0,0,0,0,0,0,0,0,0,0,210.379,0,0,-351.31
"MtrElec",9,16,17,"",-8.72858,0,0,0,0,0,0,0,0,0,0,0,0,0,0,0,0,0,0,0,0,241.26,0,0,-249.989
"MtrElec",9,16,18,"",178.186,0,0,0,0,0,0,0,0,0,0,0,0,0,0,0,0,0,0,0,0,304.755,0,0,-126.569
"MtrElec",9,16,19,"",132.082,0,0,0,0,0,0,0,0,0,0,0,0,0,0,0,0,0,0,0,0,308.587,0,-157.698,-18.8072
"MtrElec",9,16,20,"",166.614,0,0,0,0,0,0,0,0,0,0,0,0,0,0,0,0,0,0,0,0,324.312,0,-157.698,0
"MtrElec",9,16,21,"",157.372,0,0,0,0,0,0,0,0,0,0,0,0,0,0,0,0,0,0,0,0,315.069,0,-157.698,0
"MtrElec",9,16,22,"",174.017,0,0,0,0,0,0,0,0,0,0,0,0,0,0,0,0,0,0,0,0,231.94,0,-57.9236,0
"MtrElec",9,16,23,"",208.052,0,0,0,0,0,0,0,0,0,0,0,0,0,0,0,0,0,0,0,0,208.052,0,0,0
"MtrElec",9,16,24,"",156.113,0,0,0,0,0,0,0,0,0,0,0,0,0,0,0,0,0,0,0,0,156.113,0,0,0
"MtrElec",9,17,1,"",123.48,0,0,0,0,0,0,0,0,0,0,0,0,0,0,0,0,0,0,0,0,123.48,0,0,0
"MtrElec",9,17,2,"",139.481,0,0,0,0,0,0,0,0,0,0,0,0,0,0,0,0,0,0,0,0,139.481,0,0,0
"MtrElec",9,17,3,"",91.7442,0,0,0,0,0,0,0,0,0,0,0,0,0,0,0,0,0,0,0,0,91.7442,0,0,0
"MtrElec",9,17,4,"",96.0418,0,0,0,0,0,0,0,0,0,0,0,0,0,0,0,0,0,0,0,0,96.0418,0,0,0
"MtrElec",9,17,5,"",99.1469,0,0,0,0,0,0,0,0,0,0,0,0,0,0,0,0,0,0,0,0,99.1469,0,0,0
"MtrElec",9,17,6,"",99.7266,0,0,0,0,0,0,0,0,0,0,0,0,0,0,0,0,0,0,0,0,99.7266,0,0,0
"MtrElec",9,17,7,"",143.168,0,0,0,0,0,0,0,0,0,0,0,0,0,0,0,0,0,0,0,0,146.208,0,0,-3.04018
"MtrElec",9,17,8,"",160.838,0,0,0,0,0,0,0,0,0,0,0,0,0,0,0,0,0,0,0,0,221.266,0,0,-60.4277
"MtrElec",9,17,9,"",39.6653,0,0,0,0,0,0,0,0,0,0,0,0,0,0,0,0,0,0,0,0,227.173,0,0,-187.507
"MtrElec",9,17,10,"",0,0,0,0,0,0,0,0,0,0,0,0,0,0,0,0,0,0,0,0,0,213.699,0,88.9977,-302.696
"MtrElec",9,17,11,"",0,0,0,0,0,0,0,0,0,0,0,0,0,0,0,0,0,0,0,0,0,255.975,0,132.318,-388.294
"MtrElec",9,17,12,"",-65.7324,0,0,0,0,0,0,0,0,0,0,0,0,0,0,0,0,0,0,0,0,222.031,0,157.698,-445.461
"MtrElec",9,17,13,"",-30.8442,0,0,0,0,0,0,0,0,0,0,0,0,0,0,0,0,0,0,0,0,277.33,0,157.698,-465.872
"MtrElec",9,17,14,"",-182.512,0,0,0,0,0,0,0,0,0,0,0,0,0,0,0,0,0,0,0,0,218.347,0,51.673,-452.532
"MtrElec",9,17,15,"",-181.591,0,0,0,0,0,0,0,0,0,0,0,0,0,0,0,0,0,0,0,0,227.198,0,0,-408.789
"MtrElec",9,17,16,"",-91.6281,0,0,0,0,0,0,0,0,0,0,0,0,0,0,0,0,0,0,0,0,251.305,0,0,-342.933
"MtrElec",9,17,17,"",64.6929,0,0,0,0,0,0,0,0,0,0,0,0,0,0,0,0,0,0,0,0,310.239,0,0,-245.546
"MtrElec",9,17,18,"",193.2,0,0,0,0,0,0,0,0,0,0,0,0,0,0,0,0,0,0,0,0,316.616,0,0,-123.417
"MtrElec",9,17,19,"",142.695,0,0,0,0,0,0,0,0,0,0,0,0,0,0,0,0,0,0,0,0,317.916,0,-157.698,-17.5224
"MtrElec",9,17,20,"",141.569,0,0,0,0,0,0,0,0,0,0,0,0,0,0,0,0,0,0,0,0,299.267,0,-157.698,0
"MtrElec",9,17,21,"",132.739,0,0,0,0,0,0,0,0,0,0,0,0,0,0,0,0,0,0,0,0,290.437,0,-157.698,0
"MtrElec",9,17,22,"",175.08,0,0,0,0,0,0,0,0,0,0,0,0,0,0,0,0,0,0,0,0,233.004,0,-57.9236,0
"MtrElec",9,17,23,"",203.099,0,0,0,0,0,0,0,0,0,0,0,0,0,0,0,0,0,0,0,0,203.099,0,0,0
"MtrElec",9,17,24,"",168.188,0,0,0,0,0,0,0,0,0,0,0,0,0,0,0,0,0,0,0,0,168.188,0,0,0
"MtrElec",9,18,1,"",121.029,0,0,0,0,0,0,0,0,0,0,0,0,0,0,0,0,0,0,0,0,121.029,0,0,0
"MtrElec",9,18,2,"",106.942,0,0,0,0,0,0,0,0,0,0,0,0,0,0,0,0,0,0,0,0,106.942,0,0,0
"MtrElec",9,18,3,"",87.2099,0,0,0,0,0,0,0,0,0,0,0,0,0,0,0,0,0,0,0,0,87.2099,0,0,0
"MtrElec",9,18,4,"",101.008,0,0,0,0,0,0,0,0,0,0,0,0,0,0,0,0,0,0,0,0,101.008,0,0,0
"MtrElec",9,18,5,"",99.4083,0,0,0,0,0,0,0,0,0,0,0,0,0,0,0,0,0,0,0,0,99.4083,0,0,0
"MtrElec",9,18,6,"",127.231,0,0,0,0,0,0,0,0,0,0,0,0,0,0,0,0,0,0,0,0,127.231,0,0,0
"MtrElec",9,18,7,"",143.467,0,0,0,0,0,0,0,0,0,0,0,0,0,0,0,0,0,0,0,0,146.05,0,0,-2.58324
"MtrElec",9,18,8,"",139.301,0,0,0,0,0,0,0,0,0,0,0,0,0,0,0,0,0,0,0,0,198.133,0,0,-58.8321
"MtrElec",9,18,9,"",30.1856,0,0,0,0,0,0,0,0,0,0,0,0,0,0,0,0,0,0,0,0,212.887,0,0,-182.702
"MtrElec",9,18,10,"",0,0,0,0,0,0,0,0,0,0,0,0,0,0,0,0,0,0,0,0,0,255.568,0,36.312,-291.88
"MtrElec",9,18,11,"",0,0,0,0,0,0,0,0,0,0,0,0,0,0,0,0,0,0,0,0,0,253.154,0,115.793,-368.947
"MtrElec",9,18,12,"",-33.6577,0,0,0,0,0,0,0,0,0,0,0,0,0,0,0,0,0,0,0,0,233.63,0,157.698,-424.985
"MtrElec",9,18,13,"",-12.851,0,0,0,0,0,0,0,0,0,0,0,0,0,0,0,0,0,0,0,0,277.404,0,157.698,-447.953
"MtrElec",9,18,14,"",-94.5773,0,0,0,0,0,0,0,0,0,0,0,0,0,0,0,0,0,0,0,0,227.467,0,120.884,-442.928
"MtrElec",9,18,15,"",-144.707,0,0,0,0,0,0,0,0,0,0,0,0,0,0,0,0,0,0,0,0,261.573,0,0,-406.28
"MtrElec",9,18,16,"",-81.3952,0,0,0,0,0,0,0,0,0,0,0,0,0,0,0,0,0,0,0,0,257.565,0,0,-338.96
"MtrElec",9,18,17,"",30.9586,0,0,0,0,0,0,0,0,0,0,0,0,0,0,0,0,0,0,0,0,272.957,0,0,-241.998
"MtrElec",9,18,18,"",187.127,0,0,0,0,0,0,0,0,0,0,0,0,0,0,0,0,0,0,0,0,307.171,0,0,-120.044
"MtrElec",9,18,19,"",131.909,0,0,0,0,0,0,0,0,0,0,0,0,0,0,0,0,0,0,0,0,307.093,0,-157.698,-17.4864
"MtrElec",9,18,20,"",184.14,0,0,0,0,0,0,0,0,0,0,0,0,0,0,0,0,0,0,0,0,341.838,0,-157.698,0
"MtrElec",9,18,21,"",136.483,0,0,0,0,0,0,0,0,0,0,0,0,0,0,0,0,0,0,0,0,294.181,0,-157.698,0
"MtrElec",9,18,22,"",186.688,0,0,0,0,0,0,0,0,0,0,0,0,0,0,0,0,0,0,0,0,244.612,0,-57.9236,0
"MtrElec",9,18,23,"",244.564,0,0,0,0,0,0,0,0,0,0,0,0,0,0,0,0,0,0,0,0,244.564,0,0,0
"MtrElec",9,18,24,"",203.606,0,0,0,0,0,0,0,0,0,0,0,0,0,0,0,0,0,0,0,0,203.606,0,0,0
"MtrElec",9,19,1,"",121.72,0,0,0,0,0,0,0,0,0,0,0,0,0,0,0,0,0,0,0,0,121.72,0,0,0
"MtrElec",9,19,2,"",91.4696,0,0,0,0,0,0,0,0,0,0,0,0,0,0,0,0,0,0,0,0,91.4696,0,0,0
"MtrElec",9,19,3,"",103.477,0,0,0,0,0,0,0,0,0,0,0,0,0,0,0,0,0,0,0,0,103.477,0,0,0
"MtrElec",9,19,4,"",102.067,0,0,0,0,0,0,0,0,0,0,0,0,0,0,0,0,0,0,0,0,102.067,0,0,0
"MtrElec",9,19,5,"",112.747,0,0,0,0,0,0,0,0,0,0,0,0,0,0,0,0,0,0,0,0,112.747,0,0,0
"MtrElec",9,19,6,"",108.695,0,0,0,0,0,0,0,0,0,0,0,0,0,0,0,0,0,0,0,0,108.695,0,0,0
"MtrElec",9,19,7,"",96.2618,0,0,0,0,0,0,0,0,0,0,0,0,0,0,0,0,0,0,0,0,98.33,0,0,-2.06824
"MtrElec",9,19,8,"",109.114,0,0,0,0,0,0,0,0,0,0,0,0,0,0,0,0,0,0,0,0,166.765,0,0,-57.6511
"MtrElec",9,19,9,"",0,0,0,0,0,0,0,0,0,0,0,0,0,0,0,0,0,0,0,0,0,175.801,0,3.72353,-179.524
"MtrElec",9,19,10,"",0,0,0,0,0,0,0,0,0,0,0,0,0,0,0,0,0,0,0,0,0,216.768,0,73.0842,-289.853
"MtrElec",9,19,11,"",0.0000156,0,0,0,0,0,0,0,0,0,0,0,0,0,0,0,0,0,0,0,0,225.355,0,147.113,-372.469
"MtrElec",9,19,12,"",0,0,0,0,0,0,0,0,0,0,0,0,0,0,0,0,0,0,0,0,0,269.658,0,156.205,-425.863
"MtrElec",9,19,13,"",0,0,0,0,0,0,0,0,0,0,0,0,0,0,0,0,0,0,0,0,0,314.047,0,136.596,-450.643
"MtrElec",9,19,14,"",-116.277,0,0,0,0,0,0,0,0,0,0,0,0,0,0,0,0,0,0,0,0,254.436,0,71.6632,-442.376
"MtrElec",9,19,15,"",-139.988,0,0,0,0,0,0,0,0,0,0,0,0,0,0,0,0,0,0,0,0,265.196,0,0,-405.185
"MtrElec",9,19,16,"",-105.191,0,0,0,0,0,0,0,0,0,0,0,0,0,0,0,0,0,0,0,0,233.358,0,0,-338.549
"MtrElec",9,19,17,"",-27.4492,0,0,0,0,0,0,0,0,0,0,0,0,0,0,0,0,0,0,0,0,213.901,0,0,-241.35
"MtrElec",9,19,18,"",167.044,0,0,0,0,0,0,0,0,0,0,0,0,0,0,0,0,0,0,0,0,285.822,0,0,-118.778
"MtrElec",9,19,19,"",219.267,0,0,0,0,0,0,0,0,0,0,0,0,0,0,0,0,0,0,0,0,393.392,0,-157.698,-16.4274
"MtrElec",9,19,20,"",141.663,0,0,0,0,0,0,0,0,0,0,0,0,0,0,0,0,0,0,0,0,299.361,0,-157.698,0
"MtrElec",9,19,21,"",89.2946,0,0,0,0,0,0,0,0,0,0,0,0,0,0,0,0,0,0,0,0,246.993,0,-157.698,0
"MtrElec",9,19,22,"",176.51,0,0,0,0,0,0,0,0,0,0,0,0,0,0,0,0,0,0,0,0,234.433,0,-57.9236,0
"MtrElec",9,19,23,"",186.244,0,0,0,0,0,0,0,0,0,0,0,0,0,0,0,0,0,0,0,0,186.244,0,0,0
"MtrElec",9,19,24,"",213.73,0,0,0,0,0,0,0,0,0,0,0,0,0,0,0,0,0,0,0,0,213.73,0,0,0
"MtrElec",9,20,1,"",110.791,0,0,0,0,0,0,0,0,0,0,0,0,0,0,0,0,0,0,0,0,110.791,0,0,0
"MtrElec",9,20,2,"",105.31,0,0,0,0,0,0,0,0,0,0,0,0,0,0,0,0,0,0,0,0,105.31,0,0,0
"MtrElec",9,20,3,"",105.084,0,0,0,0,0,0,0,0,0,0,0,0,0,0,0,0,0,0,0,0,105.084,0,0,0
"MtrElec",9,20,4,"",132.368,0,0,0,0,0,0,0,0,0,0,0,0,0,0,0,0,0,0,0,0,132.368,0,0,0
"MtrElec",9,20,5,"",136.185,0,0,0,0,0,0,0,0,0,0,0,0,0,0,0,0,0,0,0,0,136.185,0,0,0
"MtrElec",9,20,6,"",94.0478,0,0,0,0,0,0,0,0,0,0,0,0,0,0,0,0,0,0,0,0,94.0478,0,0,0
"MtrElec",9,20,7,"",106.833,0,0,0,0,0,0,0,0,0,0,0,0,0,0,0,0,0,0,0,0,108.897,0,0,-2.06417
"MtrElec",9,20,8,"",97.2462,0,0,0,0,0,0,0,0,0,0,0,0,0,0,0,0,0,0,0,0,154.648,0,0,-57.4015
"MtrElec",9,20,9,"",3.2783,0,0,0,0,0,0,0,0,0,0,0,0,0,0,0,0,0,0,0,0,184.223,0,0,-180.945
"MtrElec",9,20,10,"",0,0,0,0,0,0,0,0,0,0,0,0,0,0,0,0,0,0,0,0,0,254.2,0,40.0962,-294.297
"MtrElec",9,20,11,"",0,0,0,0,0,0,0,0,0,0,0,0,0,0,0,0,0,0,0,0,0,293.412,0,83.9974,-377.41
"MtrElec",9,20,12,"",0,0,0,0,0,0,0,0,0,0,0,0,0,0,0,0,0,0,0,0,0,308.353,0,124.104,-432.457
"MtrElec",9,20,13,"",-36.5652,0,0,0,0,0,0,0,0,0,0,0,0,0,0,0,0,0,0,0,0,262.724,0,157.698,-456.987
"MtrElec",9,20,14,"",-75.7419,0,0,0,0,0,0,0,0,0,0,0,0,0,0,0,0,0,0,0,0,216.477,0,157.698,-449.917
"MtrElec",9,20,15,"",-189.3,0,0,0,0,0,0,0,0,0,0,0,0,0,0,0,0,0,0,0,0,198.34,0,24.7918,-412.432
"MtrElec",9,20,16,"",-134.581,0,0,0,0,0,0,0,0,0,0,0,0,0,0,0,0,0,0,0,0,203.665,0,0,-338.246
"MtrElec",9,20,17,"",-18.3457,0,0,0,0,0,0,0,0,0,0,0,0,0,0,0,0,0,0,0,0,219.053,0,0,-237.399
"MtrElec",9,20,18,"",145.613,0,0,0,0,0,0,0,0,0,0,0,0,0,0,0,0,0,0,0,0,260.27,0,0,-114.657
"MtrElec",9,20,19,"",123.466,0,0,0,0,0,0,0,0,0,0,0,0,0,0,0,0,0,0,0,0,296.284,0,-157.698,-15.1194
"MtrElec",9,20,20,"",94.7786,0,0,0,0,0,0,0,0,0,0,0,0,0,0,0,0,0,0,0,0,252.477,0,-157.698,0
"MtrElec",9,20,21,"",92.4133,0,0,0,0,0,0,0,0,0,0,0,0,0,0,0,0,0,0,0,0,250.111,0,-157.698,0
"MtrElec",9,20,22,"",188.594,0,0,0,0,0,0,0,0,0,0,0,0,0,0,0,0,0,0,0,0,246.518,0,-57.9236,0
"MtrElec",9,20,23,"",168.48,0,0,0,0,0,0,0,0,0,0,0,0,0,0,0,0,0,0,0,0,168.48,0,0,0
"MtrElec",9,20,24,"",175.882,0,0,0,0,0,0,0,0,0,0,0,0,0,0,0,0,0,0,0,0,175.882,0,0,0
"MtrElec",9,21,1,"",106.514,0,0,0,0,0,0,0,0,0,0,0,0,0,0,0,0,0,0,0,0,106.514,0,0,0
"MtrElec",9,21,2,"",103.855,0,0,0,0,0,0,0,0,0,0,0,0,0,0,0,0,0,0,0,0,103.855,0,0,0
"MtrElec",9,21,3,"",99.6273,0,0,0,0,0,0,0,0,0,0,0,0,0,0,0,0,0,0,0,0,99.6273,0,0,0
"MtrElec",9,21,4,"",92.5011,0,0,0,0,0,0,0,0,0,0,0,0,0,0,0,0,0,0,0,0,92.5011,0,0,0
"MtrElec",9,21,5,"",92.5976,0,0,0,0,0,0,0,0,0,0,0,0,0,0,0,0,0,0,0,0,92.5976,0,0,0
"MtrElec",9,21,6,"",143.795,0,0,0,0,0,0,0,0,0,0,0,0,0,0,0,0,0,0,0,0,143.795,0,0,0
"MtrElec",9,21,7,"",165.863,0,0,0,0,0,0,0,0,0,0,0,0,0,0,0,0,0,0,0,0,165.863,0,0,0
"MtrElec",9,21,8,"",180.326,0,0,0,0,0,0,0,0,0,0,0,0,0,0,0,0,0,0,0,0,237.071,0,0,-56.7452
"MtrElec",9,21,9,"",44.2244,0,0,0,0,0,0,0,0,0,0,0,0,0,0,0,0,0,0,0,0,222.364,0,0,-178.14
"MtrElec",9,21,10,"",0,0,0,0,0,0,0,0,0,0,0,0,0,0,0,0,0,0,0,0,0,174.548,0,111.223,-285.771
"MtrElec",9,21,11,"",0,0,0,0,0,0,0,0,0,0,0,0,0,0,0,0,0,0,0,0,0,219.463,0,141.696,-361.159
"MtrElec",9,21,12,"",-47.1496,0,0,0,0,0,0,0,0,0,0,0,0,0,0,0,0,0,0,0,0,215.054,0,157.698,-419.901
"MtrElec",9,21,13,"",-85.6025,0,0,0,0,0,0,0,0,0,0,0,0,0,0,0,0,0,0,0,0,203.425,0,157.698,-446.725
"MtrElec",9,21,14,"",-272.394,0,0,0,0,0,0,0,0,0,0,0,0,0,0,0,0,0,0,0,0,146.161,0,20.0699,-438.625
"MtrElec",9,21,15,"",-199.147,0,0,0,0,0,0,0,0,0,0,0,0,0,0,0,0,0,0,0,0,202.783,0,0,-401.931
"MtrElec",9,21,16,"",-133.503,0,0,0,0,0,0,0,0,0,0,0,0,0,0,0,0,0,0,0,0,198.008,0,0,-331.511
"MtrElec",9,21,17,"",-11.665,0,0,0,0,0,0,0,0,0,0,0,0,0,0,0,0,0,0,0,0,216.507,0,0,-228.172
"MtrElec",9,21,18,"",158.996,0,0,0,0,0,0,0,0,0,0,0,0,0,0,0,0,0,0,0,0,266.529,0,0,-107.532
"MtrElec",9,21,19,"",125.174,0,0,0,0,0,0,0,0,0,0,0,0,0,0,0,0,0,0,0,0,295.842,0,-157.698,-12.97
"MtrElec",9,21,20,"",139.122,0,0,0,0,0,0,0,0,0,0,0,0,0,0,0,0,0,0,0,0,296.82,0,-157.698,0
"MtrElec",9,21,21,"",119.229,0,0,0,0,0,0,0,0,0,0,0,0,0,0,0,0,0,0,0,0,276.927,0,-157.698,0
"MtrElec",9,21,22,"",154.873,0,0,0,0,0,0,0,0,0,0,0,0,0,0,0,0,0,0,0,0,212.797,0,-57.9236,0
"MtrElec",9,21,23,"",242.954,0,0,0,0,0,0,0,0,0,0,0,0,0,0,0,0,0,0,0,0,242.954,0,0,0
"MtrElec",9,21,24,"",168.094,0,0,0,0,0,0,0,0,0,0,0,0,0,0,0,0,0,0,0,0,168.094,0,0,0
"MtrElec",9,22,1,"",121.677,0,0,0,0,0,0,0,0,0,0,0,0,0,0,0,0,0,0,0,0,121.677,0,0,0
"MtrElec",9,22,2,"",103.782,0,0,0,0,0,0,0,0,0,0,0,0,0,0,0,0,0,0,0,0,103.782,0,0,0
"MtrElec",9,22,3,"",128.037,0,0,0,0,0,0,0,0,0,0,0,0,0,0,0,0,0,0,0,0,128.037,0,0,0
"MtrElec",9,22,4,"",90.3152,0,0,0,0,0,0,0,0,0,0,0,0,0,0,0,0,0,0,0,0,90.3152,0,0,0
"MtrElec",9,22,5,"",97.4879,0,0,0,0,0,0,0,0,0,0,0,0,0,0,0,0,0,0,0,0,97.4879,0,0,0
"MtrElec",9,22,6,"",95.5478,0,0,0,0,0,0,0,0,0,0,0,0,0,0,0,0,0,0,0,0,95.5478,0,0,0
"MtrElec",9,22,7,"",160.413,0,0,0,0,0,0,0,0,0,0,0,0,0,0,0,0,0,0,0,0,160.413,0,0,0
"MtrElec",9,22,8,"",169.258,0,0,0,0,0,0,0,0,0,0,0,0,0,0,0,0,0,0,0,0,209.652,0,0,-40.3944
"MtrElec",9,22,9,"",88.0419,0,0,0,0,0,0,0,0,0,0,0,0,0,0,0,0,0,0,0,0,204.027,0,0,-115.985
"MtrElec",9,22,10,"",0,0,0,0,0,0,0,0,0,0,0,0,0,0,0,0,0,0,0,0,0,186.53,0,68.8025,-255.332
"MtrElec",9,22,11,"",0.0000156,0,0,0,0,0,0,0,0,0,0,0,0,0,0,0,0,0,0,0,0,221.513,0,142.68,-364.192
"MtrElec",9,22,12,"",-71.7426,0,0,0,0,0,0,0,0,0,0,0,0,0,0,0,0,0,0,0,0,193.994,0,157.698,-423.435
"MtrElec",9,22,13,"",-71.3446,0,0,0,0,0,0,0,0,0,0,0,0,0,0,0,0,0,0,0,0,211.276,0,157.698,-440.319
"MtrElec",9,22,14,"",-216.522,0,0,0,0,0,0,0,0,0,0,0,0,0,0,0,0,0,0,0,0,161.321,0,61.5071,-439.35
"MtrElec",9,22,15,"",-259.982,0,0,0,0,0,0,0,0,0,0,0,0,0,0,0,0,0,0,0,0,147.246,0,0,-407.228
"MtrElec",9,22,16,"",-144.444,0,0,0,0,0,0,0,0,0,0,0,0,0,0,0,0,0,0,0,0,191.842,0,0,-336.286
"MtrElec",9,22,17,"",2.71414,0,0,0,0,0,0,0,0,0,0,0,0,0,0,0,0,0,0,0,0,238.578,0,0,-235.864
"MtrElec",9,22,18,"",161.839,0,0,0,0,0,0,0,0,0,0,0,0,0,0,0,0,0,0,0,0,273.158,0,0,-111.319
"MtrElec",9,22,19,"",104.403,0,0,0,0,0,0,0,0,0,0,0,0,0,0,0,0,0,0,0,0,275.499,0,-157.698,-13.3975
"MtrElec",9,22,20,"",126.135,0,0,0,0,0,0,0,0,0,0,0,0,0,0,0,0,0,0,0,0,283.833,0,-157.698,0
"MtrElec",9,22,21,"",106.568,0,0,0,0,0,0,0,0,0,0,0,0,0,0,0,0,0,0,0,0,264.266,0,-157.698,0
"MtrElec",9,22,22,"",146.424,0,0,0,0,0,0,0,0,0,0,0,0,0,0,0,0,0,0,0,0,204.348,0,-57.9236,0
"MtrElec",9,22,23,"",186.76,0,0,0,0,0,0,0,0,0,0,0,0,0,0,0,0,0,0,0,0,186.76,0,0,0
"MtrElec",9,22,24,"",139.06,0,0,0,0,0,0,0,0,0,0,0,0,0,0,0,0,0,0,0,0,139.06,0,0,0
"MtrElec",9,23,1,"",131.237,0,0,0,0,0,0,0,0,0,0,0,0,0,0,0,0,0,0,0,0,131.237,0,0,0
"MtrElec",9,23,2,"",104.939,0,0,0,0,0,0,0,0,0,0,0,0,0,0,0,0,0,0,0,0,104.939,0,0,0
"MtrElec",9,23,3,"",93.2579,0,0,0,0,0,0,0,0,0,0,0,0,0,0,0,0,0,0,0,0,93.2579,0,0,0
"MtrElec",9,23,4,"",93.6762,0,0,0,0,0,0,0,0,0,0,0,0,0,0,0,0,0,0,0,0,93.6762,0,0,0
"MtrElec",9,23,5,"",99.023,0,0,0,0,0,0,0,0,0,0,0,0,0,0,0,0,0,0,0,0,99.023,0,0,0
"MtrElec",9,23,6,"",129.878,0,0,0,0,0,0,0,0,0,0,0,0,0,0,0,0,0,0,0,0,129.878,0,0,0
"MtrElec",9,23,7,"",157.487,0,0,0,0,0,0,0,0,0,0,0,0,0,0,0,0,0,0,0,0,157.487,0,0,0
"MtrElec",9,23,8,"",147.764,0,0,0,0,0,0,0,0,0,0,0,0,0,0,0,0,0,0,0,0,205.708,0,0,-57.9444
"MtrElec",9,23,9,"",12.9161,0,0,0,0,0,0,0,0,0,0,0,0,0,0,0,0,0,0,0,0,196.943,0,0,-184.027
"MtrElec",9,23,10,"",0,0,0,0,0,0,0,0,0,0,0,0,0,0,0,0,0,0,0,0,0,236.496,0,61.8176,-298.314
"MtrElec",9,23,11,"",-8.36592,0,0,0,0,0,0,0,0,0,0,0,0,0,0,0,0,0,0,0,0,217.819,0,157.698,-383.883
"MtrElec",9,23,12,"",-83.543,0,0,0,0,0,0,0,0,0,0,0,0,0,0,0,0,0,0,0,0,200.729,0,157.698,-441.97
"MtrElec",9,23,13,"",-64.1179,0,0,0,0,0,0,0,0,0,0,0,0,0,0,0,0,0,0,0,0,243.06,0,157.698,-464.876
"MtrElec",9,23,14,"",-226.916,0,0,0,0,0,0,0,0,0,0,0,0,0,0,0,0,0,0,0,0,174.365,0,53.4736,-454.754
"MtrElec",9,23,15,"",-210.139,0,0,0,0,0,0,0,0,0,0,0,0,0,0,0,0,0,0,0,0,200.993,0,0,-411.132
"MtrElec",9,23,16,"",-151.515,0,0,0,0,0,0,0,0,0,0,0,0,0,0,0,0,0,0,0,0,183.946,0,0,-335.461
"MtrElec",9,23,17,"",11.0603,0,0,0,0,0,0,0,0,0,0,0,0,0,0,0,0,0,0,0,0,245.735,0,0,-234.674
"MtrElec",9,23,18,"",156.982,0,0,0,0,0,0,0,0,0,0,0,0,0,0,0,0,0,0,0,0,267.502,0,0,-110.519
"MtrElec",9,23,19,"",125.862,0,0,0,0,0,0,0,0,0,0,0,0,0,0,0,0,0,0,0,0,296.107,0,-157.698,-12.5465
"MtrElec",9,23,20,"",134.028,0,0,0,0,0,0,0,0,0,0,0,0,0,0,0,0,0,0,0,0,291.726,0,-157.698,0
"MtrElec",9,23,21,"",104.574,0,0,0,0,0,0,0,0,0,0,0,0,0,0,0,0,0,0,0,0,262.272,0,-157.698,0
"MtrElec",9,23,22,"",183.725,0,0,0,0,0,0,0,0,0,0,0,0,0,0,0,0,0,0,0,0,241.649,0,-57.9236,0
"MtrElec",9,23,23,"",220.921,0,0,0,0,0,0,0,0,0,0,0,0,0,0,0,0,0,0,0,0,220.921,0,0,0
"MtrElec",9,23,24,"",186.245,0,0,0,0,0,0,0,0,0,0,0,0,0,0,0,0,0,0,0,0,186.245,0,0,0
"MtrElec",9,24,1,"",121.073,0,0,0,0,0,0,0,0,0,0,0,0,0,0,0,0,0,0,0,0,121.073,0,0,0
"MtrElec",9,24,2,"",103.961,0,0,0,0,0,0,0,0,0,0,0,0,0,0,0,0,0,0,0,0,103.961,0,0,0
"MtrElec",9,24,3,"",95.1148,0,0,0,0,0,0,0,0,0,0,0,0,0,0,0,0,0,0,0,0,95.1148,0,0,0
"MtrElec",9,24,4,"",110.213,0,0,0,0,0,0,0,0,0,0,0,0,0,0,0,0,0,0,0,0,110.213,0,0,0
"MtrElec",9,24,5,"",107.892,0,0,0,0,0,0,0,0,0,0,0,0,0,0,0,0,0,0,0,0,107.892,0,0,0
"MtrElec",9,24,6,"",149.631,0,0,0,0,0,0,0,0,0,0,0,0,0,0,0,0,0,0,0,0,149.631,0,0,0
"MtrElec",9,24,7,"",157.931,0,0,0,0,0,0,0,0,0,0,0,0,0,0,0,0,0,0,0,0,157.931,0,0,0
"MtrElec",9,24,8,"",139.708,0,0,0,0,0,0,0,0,0,0,0,0,0,0,0,0,0,0,0,0,197.969,0,0,-58.2605
"MtrElec",9,24,9,"",43.2811,0,0,0,0,0,0,0,0,0,0,0,0,0,0,0,0,0,0,0,0,224.03,0,0,-180.749
"MtrElec",9,24,10,"",0,0,0,0,0,0,0,0,0,0,0,0,0,0,0,0,0,0,0,0,0,209.768,0,80.2172,-289.985
"MtrElec",9,24,11,"",0.0000156,0,0,0,0,0,0,0,0,0,0,0,0,0,0,0,0,0,0,0,0,221.591,0,149.851,-371.442
"MtrElec",9,24,12,"",-91.4662,0,0,0,0,0,0,0,0,0,0,0,0,0,0,0,0,0,0,0,0,168.69,0,157.698,-417.854
"MtrElec",9,24,13,"",-54.3693,0,0,0,0,0,0,0,0,0,0,0,0,0,0,0,0,0,0,0,0,225.711,0,157.698,-437.778
"MtrElec",9,24,14,"",-229.416,0,0,0,0,0,0,0,0,0,0,0,0,0,0,0,0,0,0,0,0,162.226,0,42.9207,-434.563
"MtrElec",9,24,15,"",-208.115,0,0,0,0,0,0,0,0,0,0,0,0,0,0,0,0,0,0,0,0,180.751,0,0,-388.866
"MtrElec",9,24,16,"",-100.47,0,0,0,0,0,0,0,0,0,0,0,0,0,0,0,0,0,0,0,0,224.067,0,0,-324.537
"MtrElec",9,24,17,"",36.2835,0,0,0,0,0,0,0,0,0,0,0,0,0,0,0,0,0,0,0,0,265.502,0,0,-229.219
"MtrElec",9,24,18,"",192.628,0,0,0,0,0,0,0,0,0,0,0,0,0,0,0,0,0,0,0,0,299.626,0,0,-106.998
"MtrElec",9,24,19,"",148.683,0,0,0,0,0,0,0,0,0,0,0,0,0,0,0,0,0,0,0,0,317.488,0,-157.698,-11.1069
"MtrElec",9,24,20,"",130.645,0,0,0,0,0,0,0,0,0,0,0,0,0,0,0,0,0,0,0,0,288.343,0,-157.698,0
"MtrElec",9,24,21,"",100.058,0,0,0,0,0,0,0,0,0,0,0,0,0,0,0,0,0,0,0,0,257.756,0,-157.698,0
"MtrElec",9,24,22,"",167.984,0,0,0,0,0,0,0,0,0,0,0,0,0,0,0,0,0,0,0,0,225.908,0,-57.9236,0
"MtrElec",9,24,23,"",209.501,0,0,0,0,0,0,0,0,0,0,0,0,0,0,0,0,0,0,0,0,209.501,0,0,0
"MtrElec",9,24,24,"",160.358,0,0,0,0,0,0,0,0,0,0,0,0,0,0,0,0,0,0,0,0,160.358,0,0,0
"MtrElec",9,25,1,"",106.247,0,0,0,0,0,0,0,0,0,0,0,0,0,0,0,0,0,0,0,0,106.247,0,0,0
"MtrElec",9,25,2,"",109.431,0,0,0,0,0,0,0,0,0,0,0,0,0,0,0,0,0,0,0,0,109.431,0,0,0
"MtrElec",9,25,3,"",134.664,0,0,0,0,0,0,0,0,0,0,0,0,0,0,0,0,0,0,0,0,134.664,0,0,0
"MtrElec",9,25,4,"",87.0178,0,0,0,0,0,0,0,0,0,0,0,0,0,0,0,0,0,0,0,0,87.0178,0,0,0
"MtrElec",9,25,5,"",98.1151,0,0,0,0,0,0,0,0,0,0,0,0,0,0,0,0,0,0,0,0,98.1151,0,0,0
"MtrElec",9,25,6,"",103.224,0,0,0,0,0,0,0,0,0,0,0,0,0,0,0,0,0,0,0,0,103.224,0,0,0
"MtrElec",9,25,7,"",155.836,0,0,0,0,0,0,0,0,0,0,0,0,0,0,0,0,0,0,0,0,155.836,0,0,0
"MtrElec",9,25,8,"",172.703,0,0,0,0,0,0,0,0,0,0,0,0,0,0,0,0,0,0,0,0,229.716,0,0,-57.0135
"MtrElec",9,25,9,"",31.9169,0,0,0,0,0,0,0,0,0,0,0,0,0,0,0,0,0,0,0,0,211.271,0,0,-179.354
"MtrElec",9,25,10,"",0,0,0,0,0,0,0,0,0,0,0,0,0,0,0,0,0,0,0,0,0,268.554,0,23.6493,-292.203
"MtrElec",9,25,11,"",0,0,0,0,0,0,0,0,0,0,0,0,0,0,0,0,0,0,0,0,0,228.928,0,147.399,-376.327
"MtrElec",9,25,12,"",-71.6638,0,0,0,0,0,0,0,0,0,0,0,0,0,0,0,0,0,0,0,0,199.585,0,157.698,-428.947
"MtrElec",9,25,13,"",-29.6213,0,0,0,0,0,0,0,0,0,0,0,0,0,0,0,0,0,0,0,0,260.46,0,157.698,-447.779
"MtrElec",9,25,14,"",-127.398,0,0,0,0,0,0,0,0,0,0,0,0,0,0,0,0,0,0,0,0,206.745,0,101.941,-436.084
"MtrElec",9,25,15,"",-164.279,0,0,0,0,0,0,0,0,0,0,0,0,0,0,0,0,0,0,0,0,234.08,0,0,-398.359
"MtrElec",9,25,16,"",-124.077,0,0,0,0,0,0,0,0,0,0,0,0,0,0,0,0,0,0,0,0,202.902,0,0,-326.979
"MtrElec",9,25,17,"",55.2834,0,0,0,0,0,0,0,0,0,0,0,0,0,0,0,0,0,0,0,0,281.189,0,0,-225.906
"MtrElec",9,25,18,"",187.783,0,0,0,0,0,0,0,0,0,0,0,0,0,0,0,0,0,0,0,0,291.463,0,0,-103.68
"MtrElec",9,25,19,"",141.533,0,0,0,0,0,0,0,0,0,0,0,0,0,0,0,0,0,0,0,0,309.582,0,-157.698,-10.3512
"MtrElec",9,25,20,"",104.228,0,0,0,0,0,0,0,0,0,0,0,0,0,0,0,0,0,0,0,0,261.926,0,-157.698,0
"MtrElec",9,25,21,"",108.969,0,0,0,0,0,0,0,0,0,0,0,0,0,0,0,0,0,0,0,0,266.667,0,-157.698,0
"MtrElec",9,25,22,"",184.154,0,0,0,0,0,0,0,0,0,0,0,0,0,0,0,0,0,0,0,0,242.077,0,-57.9236,0
"MtrElec",9,25,23,"",205.965,0,0,0,0,0,0,0,0,0,0,0,0,0,0,0,0,0,0,0,0,205.965,0,0,0
"MtrElec",9,25,24,"",149.551,0,0,0,0,0,0,0,0,0,0,0,0,0,0,0,0,0,0,0,0,149.551,0,0,0
"MtrElec",9,26,1,"",106.941,0,0,0,0,0,0,0,0,0,0,0,0,0,0,0,0,0,0,0,0,106.941,0,0,0
"MtrElec",9,26,2,"",106.439,0,0,0,0,0,0,0,0,0,0,0,0,0,0,0,0,0,0,0,0,106.439,0,0,0
"MtrElec",9,26,3,"",136.599,0,0,0,0,0,0,0,0,0,0,0,0,0,0,0,0,0,0,0,0,136.599,0,0,0
"MtrElec",9,26,4,"",95.7395,0,0,0,0,0,0,0,0,0,0,0,0,0,0,0,0,0,0,0,0,95.7395,0,0,0
"MtrElec",9,26,5,"",136.686,0,0,0,0,0,0,0,0,0,0,0,0,0,0,0,0,0,0,0,0,136.686,0,0,0
"MtrElec",9,26,6,"",99.1936,0,0,0,0,0,0,0,0,0,0,0,0,0,0,0,0,0,0,0,0,99.1936,0,0,0
"MtrElec",9,26,7,"",146.948,0,0,0,0,0,0,0,0,0,0,0,0,0,0,0,0,0,0,0,0,146.948,0,0,0
"MtrElec",9,26,8,"",84.7825,0,0,0,0,0,0,0,0,0,0,0,0,0,0,0,0,0,0,0,0,141.735,0,0,-56.9524
"MtrElec",9,26,9,"",31.5808,0,0,0,0,0,0,0,0,0,0,0,0,0,0,0,0,0,0,0,0,204.893,0,0,-173.312
"MtrElec",9,26,10,"",0,0,0,0,0,0,0,0,0,0,0,0,0,0,0,0,0,0,0,0,0,261.24,0,19.9818,-281.222
"MtrElec",9,26,11,"",0.0000020,0,0,0,0,0,0,0,0,0,0,0,0,0,0,0,0,0,0,0,0,343.275,0,28.0624,-371.337
"MtrElec",9,26,12,"",0,0,0,0,0,0,0,0,0,0,0,0,0,0,0,0,0,0,0,0,0,290.259,0,140.45,-430.71
"MtrElec",9,26,13,"",0.0000078,0,0,0,0,0,0,0,0,0,0,0,0,0,0,0,0,0,0,0,0,327.002,0,126.009,-453.011
"MtrElec",9,26,14,"",-30.7598,0,0,0,0,0,0,0,0,0,0,0,0,0,0,0,0,0,0,0,0,253.255,0,157.698,-441.712
"MtrElec",9,26,15,"",-3.49027,0,0,0,0,0,0,0,0,0,0,0,0,0,0,0,0,0,0,0,0,279.607,0,116.183,-399.281
"MtrElec",9,26,16,"",-68.2366,0,0,0,0,0,0,0,0,0,0,0,0,0,0,0,0,0,0,0,0,259.971,0,0,-328.208
"MtrElec",9,26,17,"",47.349,0,0,0,0,0,0,0,0,0,0,0,0,0,0,0,0,0,0,0,0,275.455,0,0,-228.106
"MtrElec",9,26,18,"",227.774,0,0,0,0,0,0,0,0,0,0,0,0,0,0,0,0,0,0,0,0,332.762,0,0,-104.988
"MtrElec",9,26,19,"",261.983,0,0,0,0,0,0,0,0,0,0,0,0,0,0,0,0,0,0,0,0,430.08,0,-157.698,-10.3993
"MtrElec",9,26,20,"",186.089,0,0,0,0,0,0,0,0,0,0,0,0,0,0,0,0,0,0,0,0,343.787,0,-157.698,0
"MtrElec",9,26,21,"",141.874,0,0,0,0,0,0,0,0,0,0,0,0,0,0,0,0,0,0,0,0,299.572,0,-157.698,0
"MtrElec",9,26,22,"",218.813,0,0,0,0,0,0,0,0,0,0,0,0,0,0,0,0,0,0,0,0,276.737,0,-57.9236,0
"MtrElec",9,26,23,"",198.374,0,0,0,0,0,0,0,0,0,0,0,0,0,0,0,0,0,0,0,0,198.374,0,0,0
"MtrElec",9,26,24,"",170.655,0,0,0,0,0,0,0,0,0,0,0,0,0,0,0,0,0,0,0,0,170.655,0,0,0
"MtrElec",9,27,1,"",114.914,0,0,0,0,0,0,0,0,0,0,0,0,0,0,0,0,0,0,0,0,114.914,0,0,0
"MtrElec",9,27,2,"",106.149,0,0,0,0,0,0,0,0,0,0,0,0,0,0,0,0,0,0,0,0,106.149,0,0,0
"MtrElec",9,27,3,"",106.945,0,0,0,0,0,0,0,0,0,0,0,0,0,0,0,0,0,0,0,0,106.945,0,0,0
"MtrElec",9,27,4,"",127.157,0,0,0,0,0,0,0,0,0,0,0,0,0,0,0,0,0,0,0,0,127.157,0,0,0
"MtrElec",9,27,5,"",121.115,0,0,0,0,0,0,0,0,0,0,0,0,0,0,0,0,0,0,0,0,121.115,0,0,0
"MtrElec",9,27,6,"",93.2439,0,0,0,0,0,0,0,0,0,0,0,0,0,0,0,0,0,0,0,0,93.2439,0,0,0
"MtrElec",9,27,7,"",116.757,0,0,0,0,0,0,0,0,0,0,0,0,0,0,0,0,0,0,0,0,116.757,0,0,0
"MtrElec",9,27,8,"",109.458,0,0,0,0,0,0,0,0,0,0,0,0,0,0,0,0,0,0,0,0,167.694,0,0,-58.2354
"MtrElec",9,27,9,"",7.07673,0,0,0,0,0,0,0,0,0,0,0,0,0,0,0,0,0,0,0,0,185.333,0,0,-178.256
"MtrElec",9,27,10,"",0,0,0,0,0,0,0,0,0,0,0,0,0,0,0,0,0,0,0,0,0,239.067,0,50.3741,-289.442
"MtrElec",9,27,11,"",0,0,0,0,0,0,0,0,0,0,0,0,0,0,0,0,0,0,0,0,0,313.859,0,57.9807,-371.84
"MtrElec",9,27,12,"",-5.33669,0,0,0,0,0,0,0,0,0,0,0,0,0,0,0,0,0,0,0,0,261.906,0,157.698,-424.94
"MtrElec",9,27,13,"",-66.5745,0,0,0,0,0,0,0,0,0,0,0,0,0,0,0,0,0,0,0,0,222.326,0,157.698,-446.599
"MtrElec",9,27,14,"",-28.4242,0,0,0,0,0,0,0,0,0,0,0,0,0,0,0,0,0,0,0,0,249.48,0,157.698,-435.602
"MtrElec",9,27,15,"",-95.6409,0,0,0,0,0,0,0,0,0,0,0,0,0,0,0,0,0,0,0,0,294.165,0,6.93652,-396.742
"MtrElec",9,27,16,"",-43.5791,0,0,0,0,0,0,0,0,0,0,0,0,0,0,0,0,0,0,0,0,281.197,0,0,-324.776
"MtrElec",9,27,17,"",66.616,0,0,0,0,0,0,0,0,0,0,0,0,0,0,0,0,0,0,0,0,291.413,0,0,-224.797
"MtrElec",9,27,18,"",210.318,0,0,0,0,0,0,0,0,0,0,0,0,0,0,0,0,0,0,0,0,312.773,0,0,-102.455
"MtrElec",9,27,19,"",186.143,0,0,0,0,0,0,0,0,0,0,0,0,0,0,0,0,0,0,0,0,353.58,0,-157.698,-9.7382
"MtrElec",9,27,20,"",192.865,0,0,0,0,0,0,0,0,0,0,0,0,0,0,0,0,0,0,0,0,350.563,0,-157.698,0
"MtrElec",9,27,21,"",117.051,0,0,0,0,0,0,0,0,0,0,0,0,0,0,0,0,0,0,0,0,274.749,0,-157.698,0
"MtrElec",9,27,22,"",194.11,0,0,0,0,0,0,0,0,0,0,0,0,0,0,0,0,0,0,0,0,252.034,0,-57.9236,0
"MtrElec",9,27,23,"",208.689,0,0,0,0,0,0,0,0,0,0,0,0,0,0,0,0,0,0,0,0,208.689,0,0,0
"MtrElec",9,27,24,"",174.74,0,0,0,0,0,0,0,0,0,0,0,0,0,0,0,0,0,0,0,0,174.74,0,0,0
"MtrElec",9,28,1,"",117.313,0,0,0,0,0,0,0,0,0,0,0,0,0,0,0,0,0,0,0,0,117.313,0,0,0
"MtrElec",9,28,2,"",108.734,0,0,0,0,0,0,0,0,0,0,0,0,0,0,0,0,0,0,0,0,108.734,0,0,0
"MtrElec",9,28,3,"",101.184,0,0,0,0,0,0,0,0,0,0,0,0,0,0,0,0,0,0,0,0,101.184,0,0,0
"MtrElec",9,28,4,"",118.097,0,0,0,0,0,0,0,0,0,0,0,0,0,0,0,0,0,0,0,0,118.097,0,0,0
"MtrElec",9,28,5,"",99.4533,0,0,0,0,0,0,0,0,0,0,0,0,0,0,0,0,0,0,0,0,99.4533,0,0,0
"MtrElec",9,28,6,"",94.4354,0,0,0,0,0,0,0,0,0,0,0,0,0,0,0,0,0,0,0,0,94.4354,0,0,0
"MtrElec",9,28,7,"",177.423,0,0,0,0,0,0,0,0,0,0,0,0,0,0,0,0,0,0,0,0,177.423,0,0,0
"MtrElec",9,28,8,"",160.491,0,0,0,0,0,0,0,0,0,0,0,0,0,0,0,0,0,0,0,0,215.849,0,0,-55.3578
"MtrElec",9,28,9,"",31.3936,0,0,0,0,0,0,0,0,0,0,0,0,0,0,0,0,0,0,0,0,212.873,0,0,-181.479
"MtrElec",9,28,10,"",0,0,0,0,0,0,0,0,0,0,0,0,0,0,0,0,0,0,0,0,0,244.942,0,48.0826,-293.024
"MtrElec",9,28,11,"",0.0000078,0,0,0,0,0,0,0,0,0,0,0,0,0,0,0,0,0,0,0,0,246.653,0,128.456,-375.108
"MtrElec",9,28,12,"",-40.9962,0,0,0,0,0,0,0,0,0,0,0,0,0,0,0,0,0,0,0,0,232.751,0,157.698,-431.445
"MtrElec",9,28,13,"",-33.5068,0,0,0,0,0,0,0,0,0,0,0,0,0,0,0,0,0,0,0,0,251.762,0,157.698,-442.966
"MtrElec",9,28,14,"",-90.5402,0,0,0,0,0,0,0,0,0,0,0,0,0,0,0,0,0,0,0,0,220.105,0,96.4508,-407.096
"MtrElec",9,28,15,"",-156.492,0,0,0,0,0,0,0,0,0,0,0,0,0,0,0,0,0,0,0,0,233.139,0,0,-389.631
"MtrElec",9,28,16,"",-68.0261,0,0,0,0,0,0,0,0,0,0,0,0,0,0,0,0,0,0,0,0,227.049,0,0,-295.075
"MtrElec",9,28,17,"",107.731,0,0,0,0,0,0,0,0,0,0,0,0,0,0,0,0,0,0,0,0,298.514,0,0,-190.784
"MtrElec",9,28,18,"",231.36,0,0,0,0,0,0,0,0,0,0,0,0,0,0,0,0,0,0,0,0,311.099,0,0,-79.7388
"MtrElec",9,28,19,"",165.186,0,0,0,0,0,0,0,0,0,0,0,0,0,0,0,0,0,0,0,0,327.707,0,-157.698,-4.82316
"MtrElec",9,28,20,"",190.443,0,0,0,0,0,0,0,0,0,0,0,0,0,0,0,0,0,0,0,0,348.141,0,-157.698,0
"MtrElec",9,28,21,"",153.69,0,0,0,0,0,0,0,0,0,0,0,0,0,0,0,0,0,0,0,0,311.387,0,-157.698,0
"MtrElec",9,28,22,"",158.234,0,0,0,0,0,0,0,0,0,0,0,0,0,0,0,0,0,0,0,0,216.158,0,-57.9236,0
"MtrElec",9,28,23,"",221.377,0,0,0,0,0,0,0,0,0,0,0,0,0,0,0,0,0,0,0,0,221.377,0,0,0
"MtrElec",9,28,24,"",184.384,0,0,0,0,0,0,0,0,0,0,0,0,0,0,0,0,0,0,0,0,184.384,0,0,0
"MtrElec",9,29,1,"",131.303,0,0,0,0,0,0,0,0,0,0,0,0,0,0,0,0,0,0,0,0,131.303,0,0,0
"MtrElec",9,29,2,"",106.579,0,0,0,0,0,0,0,0,0,0,0,0,0,0,0,0,0,0,0,0,106.579,0,0,0
"MtrElec",9,29,3,"",93.5609,0,0,0,0,0,0,0,0,0,0,0,0,0,0,0,0,0,0,0,0,93.5609,0,0,0
"MtrElec",9,29,4,"",107.13,0,0,0,0,0,0,0,0,0,0,0,0,0,0,0,0,0,0,0,0,107.13,0,0,0
"MtrElec",9,29,5,"",105.577,0,0,0,0,0,0,0,0,0,0,0,0,0,0,0,0,0,0,0,0,105.577,0,0,0
"MtrElec",9,29,6,"",132.938,0,0,0,0,0,0,0,0,0,0,0,0,0,0,0,0,0,0,0,0,132.938,0,0,0
"MtrElec",9,29,7,"",167.836,0,0,0,0,0,0,0,0,0,0,0,0,0,0,0,0,0,0,0,0,167.836,0,0,0
"MtrElec",9,29,8,"",164.234,0,0,0,0,0,0,0,0,0,0,0,0,0,0,0,0,0,0,0,0,207.47,0,0,-43.2356
"MtrElec",9,29,9,"",101.495,0,0,0,0,0,0,0,0,0,0,0,0,0,0,0,0,0,0,0,0,270.692,0,0,-169.197
"MtrElec",9,29,10,"",0,0,0,0,0,0,0,0,0,0,0,0,0,0,0,0,0,0,0,0,0,248.143,0,22.5967,-270.74
"MtrElec",9,29,11,"",0.0000078,0,0,0,0,0,0,0,0,0,0,0,0,0,0,0,0,0,0,0,0,283.866,0,68.6806,-352.546
"MtrElec",9,29,12,"",-15.4865,0,0,0,0,0,0,0,0,0,0,0,0,0,0,0,0,0,0,0,0,249.795,0,157.698,-422.979
"MtrElec",9,29,13,"",0.0000156,0,0,0,0,0,0,0,0,0,0,0,0,0,0,0,0,0,0,0,0,294.607,0,150.43,-445.036
"MtrElec",9,29,14,"",-49.5944,0,0,0,0,0,0,0,0,0,0,0,0,0,0,0,0,0,0,0,0,172.421,0,157.698,-379.714
"MtrElec",9,29,15,"",-79.6407,0,0,0,0,0,0,0,0,0,0,0,0,0,0,0,0,0,0,0,0,226.866,0,31.2823,-337.789
"MtrElec",9,29,16,"",-64.9054,0,0,0,0,0,0,0,0,0,0,0,0,0,0,0,0,0,0,0,0,242.035,0,0,-306.94
"MtrElec",9,29,17,"",89.3744,0,0,0,0,0,0,0,0,0,0,0,0,0,0,0,0,0,0,0,0,259.586,0,0,-170.211
"MtrElec",9,29,18,"",208.135,0,0,0,0,0,0,0,0,0,0,0,0,0,0,0,0,0,0,0,0,281.245,0,0,-73.1093
"MtrElec",9,29,19,"",113.229,0,0,0,0,0,0,0,0,0,0,0,0,0,0,0,0,0,0,0,0,274.439,0,-157.698,-3.51225
"MtrElec",9,29,20,"",155.878,0,0,0,0,0,0,0,0,0,0,0,0,0,0,0,0,0,0,0,0,313.576,0,-157.698,0
"MtrElec",9,29,21,"",164.522,0,0,0,0,0,0,0,0,0,0,0,0,0,0,0,0,0,0,0,0,322.22,0,-157.698,0
"MtrElec",9,29,22,"",164.911,0,0,0,0,0,0,0,0,0,0,0,0,0,0,0,0,0,0,0,0,222.835,0,-57.9236,0
"MtrElec",9,29,23,"",217.813,0,0,0,0,0,0,0,0,0,0,0,0,0,0,0,0,0,0,0,0,217.813,0,0,0
"MtrElec",9,29,24,"",156.951,0,0,0,0,0,0,0,0,0,0,0,0,0,0,0,0,0,0,0,0,156.951,0,0,0
"MtrElec",9,30,1,"",104.068,0,0,0,0,0,0,0,0,0,0,0,0,0,0,0,0,0,0,0,0,104.068,0,0,0
"MtrElec",9,30,2,"",106.891,0,0,0,0,0,0,0,0,0,0,0,0,0,0,0,0,0,0,0,0,106.891,0,0,0
"MtrElec",9,30,3,"",130.231,0,0,0,0,0,0,0,0,0,0,0,0,0,0,0,0,0,0,0,0,130.231,0,0,0
"MtrElec",9,30,4,"",92.2929,0,0,0,0,0,0,0,0,0,0,0,0,0,0,0,0,0,0,0,0,92.2929,0,0,0
"MtrElec",9,30,5,"",99.5215,0,0,0,0,0,0,0,0,0,0,0,0,0,0,0,0,0,0,0,0,99.5215,0,0,0
"MtrElec",9,30,6,"",96.956,0,0,0,0,0,0,0,0,0,0,0,0,0,0,0,0,0,0,0,0,96.956,0,0,0
"MtrElec",9,30,7,"",171.585,0,0,0,0,0,0,0,0,0,0,0,0,0,0,0,0,0,0,0,0,171.585,0,0,0
"MtrElec",9,30,8,"",188.819,0,0,0,0,0,0,0,0,0,0,0,0,0,0,0,0,0,0,0,0,246.01,0,0,-57.1915
"MtrElec",9,30,9,"",57.1146,0,0,0,0,0,0,0,0,0,0,0,0,0,0,0,0,0,0,0,0,229.176,0,0,-172.062
"MtrElec",9,30,10,"",0,0,0,0,0,0,0,0,0,0,0,0,0,0,0,0,0,0,0,0,0,262.458,0,19.1219,-281.58
"MtrElec",9,30,11,"",0,0,0,0,0,0,0,0,0,0,0,0,0,0,0,0,0,0,0,0,0,247.297,0,105.929,-353.226
"MtrElec",9,30,12,"",0.0000078,0,0,0,0,0,0,0,0,0,0,0,0,0,0,0,0,0,0,0,0,224.828,0,128.232,-353.06
"MtrElec",9,30,13,"",0,0,0,0,0,0,0,0,0,0,0,0,0,0,0,0,0,0,0,0,0,300.036,0,61.5716,-361.607
"MtrElec",9,30,14,"",0.0000156,0,0,0,0,0,0,0,0,0,0,0,0,0,0,0,0,0,0,0,0,187.957,0,147.414,-335.371
"MtrElec",9,30,15,"",0,0,0,0,0,0,0,0,0,0,0,0,0,0,0,0,0,0,0,0,0,188.776,0,100.403,-289.179
"MtrElec",9,30,16,"",35.121,0,0,0,0,0,0,0,0,0,0,0,0,0,0,0,0,0,0,0,0,200.319,0,0,-165.198
"MtrElec",9,30,17,"",176.204,0,0,0,0,0,0,0,0,0,0,0,0,0,0,0,0,0,0,0,0,278.033,0,0,-101.829
"MtrElec",9,30,18,"",230.16,0,0,0,0,0,0,0,0,0,0,0,0,0,0,0,0,0,0,0,0,263.267,0,0,-33.1066
"MtrElec",9,30,19,"",118.265,0,0,0,0,0,0,0,0,0,0,0,0,0,0,0,0,0,0,0,0,275.963,0,-157.698,0
"MtrElec",9,30,20,"",135.953,0,0,0,0,0,0,0,0,0,0,0,0,0,0,0,0,0,0,0,0,293.65,0,-157.698,0
"MtrElec",9,30,21,"",117.567,0,0,0,0,0,0,0,0,0,0,0,0,0,0,0,0,0,0,0,0,275.265,0,-157.698,0
"MtrElec",9,30,22,"",199.25,0,0,0,0,0,0,0,0,0,0,0,0,0,0,0,0,0,0,0,0,233.967,0,-34.7171,0
"MtrElec",9,30,23,"",253.404,0,0,0,0,0,0,0,0,0,0,0,0,0,0,0,0,0,0,0,0,253.404,0,0,0
"MtrElec",9,30,24,"",152.604,0,0,0,0,0,0,0,0,0,0,0,0,0,0,0,0,0,0,0,0,152.604,0,0,0
"MtrElec",10,1,1,"",129.699,0,0,0,0,0,0,0,0,0,0,0,0,0,0,0,0,0,0,0,0,129.699,0,0,0
"MtrElec",10,1,2,"",114.462,0,0,0,0,0,0,0,0,0,0,0,0,0,0,0,0,0,0,0,0,114.462,0,0,0
"MtrElec",10,1,3,"",132.441,0,0,0,0,0,0,0,0,0,0,0,0,0,0,0,0,0,0,0,0,132.441,0,0,0
"MtrElec",10,1,4,"",119.145,0,0,0,0,0,0,0,0,0,0,0,0,0,0,0,0,0,0,0,0,119.145,0,0,0
"MtrElec",10,1,5,"",110.319,0,0,0,0,0,0,0,0,0,0,0,0,0,0,0,0,0,0,0,0,110.319,0,0,0
"MtrElec",10,1,6,"",108.068,0,0,0,0,0,0,0,0,0,0,0,0,0,0,0,0,0,0,0,0,108.068,0,0,0
"MtrElec",10,1,7,"",187.753,0,0,0,0,0,0,0,0,0,0,0,0,0,0,0,0,0,0,0,0,187.753,0,0,0
"MtrElec",10,1,8,"",181.583,0,0,0,0,0,0,0,0,0,0,0,0,0,0,0,0,0,0,0,0,234.173,0,0,-52.5903
"MtrElec",10,1,9,"",76.2588,0,0,0,0,0,0,0,0,0,0,0,0,0,0,0,0,0,0,0,0,247.121,0,0,-170.862
"MtrElec",10,1,10,"",2.04703,0,0,0,0,0,0,0,0,0,0,0,0,0,0,0,0,0,0,0,0,275.635,0,0,-273.588
"MtrElec",10,1,11,"",0,0,0,0,0,0,0,0,0,0,0,0,0,0,0,0,0,0,0,0,0,310.445,0,34.877,-345.322
"MtrElec",10,1,12,"",0,0,0,0,0,0,0,0,0,0,0,0,0,0,0,0,0,0,0,0,0,325.056,0,72.7188,-397.775
"MtrElec",10,1,13,"",0,0,0,0,0,0,0,0,0,0,0,0,0,0,0,0,0,0,0,0,0,339.73,0,73.038,-412.768
"MtrElec",10,1,14,"",0,0,0,0,0,0,0,0,0,0,0,0,0,0,0,0,0,0,0,0,0,293.582,0,110.162,-403.744
"MtrElec",10,1,15,"",0.0000020,0,0,0,0,0,0,0,0,0,0,0,0,0,0,0,0,0,0,0,0,346.448,0,25.0181,-371.466
"MtrElec",10,1,16,"",33.3343,0,0,0,0,0,0,0,0,0,0,0,0,0,0,0,0,0,0,0,0,336.825,0,0,-303.491
"MtrElec",10,1,17,"",168.143,0,0,0,0,0,0,0,0,0,0,0,0,0,0,0,0,0,0,0,0,375.987,0,0,-207.844
"MtrElec",10,1,18,"",307.953,0,0,0,0,0,0,0,0,0,0,0,0,0,0,0,0,0,0,0,0,396.753,0,0,-88.8005
"MtrElec",10,1,19,"",241.628,0,0,0,0,0,0,0,0,0,0,0,0,0,0,0,0,0,0,0,0,403.789,0,-157.698,-4.46323
"MtrElec",10,1,20,"",254.388,0,0,0,0,0,0,0,0,0,0,0,0,0,0,0,0,0,0,0,0,381.713,0,-127.324,0
"MtrElec",10,1,21,"",328.7,0,0,0,0,0,0,0,0,0,0,0,0,0,0,0,0,0,0,0,0,328.7,0,0,0
"MtrElec",10,1,22,"",289.736,0,0,0,0,0,0,0,0,0,0,0,0,0,0,0,0,0,0,0,0,289.736,0,0,0
"MtrElec",10,1,23,"",236.082,0,0,0,0,0,0,0,0,0,0,0,0,0,0,0,0,0,0,0,0,236.082,0,0,0
"MtrElec",10,1,24,"",206.048,0,0,0,0,0,0,0,0,0,0,0,0,0,0,0,0,0,0,0,0,206.048,0,0,0
"MtrElec",10,2,1,"",155.296,0,0,0,0,0,0,0,0,0,0,0,0,0,0,0,0,0,0,0,0,155.296,0,0,0
"MtrElec",10,2,2,"",137.639,0,0,0,0,0,0,0,0,0,0,0,0,0,0,0,0,0,0,0,0,137.639,0,0,0
"MtrElec",10,2,3,"",111.893,0,0,0,0,0,0,0,0,0,0,0,0,0,0,0,0,0,0,0,0,111.893,0,0,0
"MtrElec",10,2,4,"",120.615,0,0,0,0,0,0,0,0,0,0,0,0,0,0,0,0,0,0,0,0,120.615,0,0,0
"MtrElec",10,2,5,"",112.924,0,0,0,0,0,0,0,0,0,0,0,0,0,0,0,0,0,0,0,0,112.924,0,0,0
"MtrElec",10,2,6,"",128.192,0,0,0,0,0,0,0,0,0,0,0,0,0,0,0,0,0,0,0,0,128.192,0,0,0
"MtrElec",10,2,7,"",177.828,0,0,0,0,0,0,0,0,0,0,0,0,0,0,0,0,0,0,0,0,177.828,0,0,0
"MtrElec",10,2,8,"",185.196,0,0,0,0,0,0,0,0,0,0,0,0,0,0,0,0,0,0,0,0,239.759,0,0,-54.5631
"MtrElec",10,2,9,"",81.1754,0,0,0,0,0,0,0,0,0,0,0,0,0,0,0,0,0,0,0,0,253.352,0,0,-172.177
"MtrElec",10,2,10,"",0,0,0,0,0,0,0,0,0,0,0,0,0,0,0,0,0,0,0,0,0,257.573,0,17.0207,-274.594
"MtrElec",10,2,11,"",0,0,0,0,0,0,0,0,0,0,0,0,0,0,0,0,0,0,0,0,0,291.707,0,63.4476,-355.154
"MtrElec",10,2,12,"",0.0000078,0,0,0,0,0,0,0,0,0,0,0,0,0,0,0,0,0,0,0,0,297.004,0,110.254,-407.258
"MtrElec",10,2,13,"",0,0,0,0,0,0,0,0,0,0,0,0,0,0,0,0,0,0,0,0,0,322.775,0,102.185,-424.96
"MtrElec",10,2,14,"",0,0,0,0,0,0,0,0,0,0,0,0,0,0,0,0,0,0,0,0,0,273.523,0,143.688,-417.211
"MtrElec",10,2,15,"",0.0000039,0,0,0,0,0,0,0,0,0,0,0,0,0,0,0,0,0,0,0,0,311.838,0,65.3429,-377.181
"MtrElec",10,2,16,"",1.39,0,0,0,0,0,0,0,0,0,0,0,0,0,0,0,0,0,0,0,0,307.364,0,0,-305.974
"MtrElec",10,2,17,"",136.713,0,0,0,0,0,0,0,0,0,0,0,0,0,0,0,0,0,0,0,0,341.907,0,0,-205.194
"MtrElec",10,2,18,"",266.187,0,0,0,0,0,0,0,0,0,0,0,0,0,0,0,0,0,0,0,0,350.922,0,0,-84.7346
"MtrElec",10,2,19,"",270.521,0,0,0,0,0,0,0,0,0,0,0,0,0,0,0,0,0,0,0,0,432.117,0,-157.698,-3.89798
"MtrElec",10,2,20,"",192.224,0,0,0,0,0,0,0,0,0,0,0,0,0,0,0,0,0,0,0,0,349.922,0,-157.698,0
"MtrElec",10,2,21,"",173.528,0,0,0,0,0,0,0,0,0,0,0,0,0,0,0,0,0,0,0,0,311.131,0,-137.604,0
"MtrElec",10,2,22,"",277.566,0,0,0,0,0,0,0,0,0,0,0,0,0,0,0,0,0,0,0,0,277.566,0,0,0
"MtrElec",10,2,23,"",299.693,0,0,0,0,0,0,0,0,0,0,0,0,0,0,0,0,0,0,0,0,299.693,0,0,0
"MtrElec",10,2,24,"",183.427,0,0,0,0,0,0,0,0,0,0,0,0,0,0,0,0,0,0,0,0,183.427,0,0,0
"MtrElec",10,3,1,"",174.334,0,0,0,0,0,0,0,0,0,0,0,0,0,0,0,0,0,0,0,0,174.334,0,0,0
"MtrElec",10,3,2,"",124.947,0,0,0,0,0,0,0,0,0,0,0,0,0,0,0,0,0,0,0,0,124.947,0,0,0
"MtrElec",10,3,3,"",106.187,0,0,0,0,0,0,0,0,0,0,0,0,0,0,0,0,0,0,0,0,106.187,0,0,0
"MtrElec",10,3,4,"",116.155,0,0,0,0,0,0,0,0,0,0,0,0,0,0,0,0,0,0,0,0,116.155,0,0,0
"MtrElec",10,3,5,"",138.805,0,0,0,0,0,0,0,0,0,0,0,0,0,0,0,0,0,0,0,0,138.805,0,0,0
"MtrElec",10,3,6,"",134.604,0,0,0,0,0,0,0,0,0,0,0,0,0,0,0,0,0,0,0,0,134.604,0,0,0
"MtrElec",10,3,7,"",120.545,0,0,0,0,0,0,0,0,0,0,0,0,0,0,0,0,0,0,0,0,120.545,0,0,0
"MtrElec",10,3,8,"",123.683,0,0,0,0,0,0,0,0,0,0,0,0,0,0,0,0,0,0,0,0,180.344,0,0,-56.661
"MtrElec",10,3,9,"",42.7563,0,0,0,0,0,0,0,0,0,0,0,0,0,0,0,0,0,0,0,0,213.266,0,0,-170.51
"MtrElec",10,3,10,"",0.0000005,0,0,0,0,0,0,0,0,0,0,0,0,0,0,0,0,0,0,0,0,268.242,0,7.15069,-275.393
"MtrElec",10,3,11,"",0,0,0,0,0,0,0,0,0,0,0,0,0,0,0,0,0,0,0,0,0,278.88,0,72.6339,-351.514
"MtrElec",10,3,12,"",0,0,0,0,0,0,0,0,0,0,0,0,0,0,0,0,0,0,0,0,0,322.388,0,72.8926,-395.28
"MtrElec",10,3,13,"",0,0,0,0,0,0,0,0,0,0,0,0,0,0,0,0,0,0,0,0,0,306.472,0,113.186,-419.658
"MtrElec",10,3,14,"",0,0,0,0,0,0,0,0,0,0,0,0,0,0,0,0,0,0,0,0,0,283.368,0,134.7,-418.069
"MtrElec",10,3,15,"",0,0,0,0,0,0,0,0,0,0,0,0,0,0,0,0,0,0,0,0,0,297.923,0,84.8027,-382.726
"MtrElec",10,3,16,"",0.0000020,0,0,0,0,0,0,0,0,0,0,0,0,0,0,0,0,0,0,0,0,282.928,0,31.2966,-314.225
"MtrElec",10,3,17,"",67.0099,0,0,0,0,0,0,0,0,0,0,0,0,0,0,0,0,0,0,0,0,279.333,0,0,-212.323
"MtrElec",10,3,18,"",232.675,0,0,0,0,0,0,0,0,0,0,0,0,0,0,0,0,0,0,0,0,322.196,0,0,-89.5212
"MtrElec",10,3,19,"",198.854,0,0,0,0,0,0,0,0,0,0,0,0,0,0,0,0,0,0,0,0,360.871,0,-157.698,-4.31952
"MtrElec",10,3,20,"",187.693,0,0,0,0,0,0,0,0,0,0,0,0,0,0,0,0,0,0,0,0,345.39,0,-157.698,0
"MtrElec",10,3,21,"",131.367,0,0,0,0,0,0,0,0,0,0,0,0,0,0,0,0,0,0,0,0,282.26,0,-150.892,0
"MtrElec",10,3,22,"",262.249,0,0,0,0,0,0,0,0,0,0,0,0,0,0,0,0,0,0,0,0,262.249,0,0,0
"MtrElec",10,3,23,"",191.831,0,0,0,0,0,0,0,0,0,0,0,0,0,0,0,0,0,0,0,0,191.831,0,0,0
"MtrElec",10,3,24,"",204.595,0,0,0,0,0,0,0,0,0,0,0,0,0,0,0,0,0,0,0,0,204.595,0,0,0
"MtrElec",10,4,1,"",143.757,0,0,0,0,0,0,0,0,0,0,0,0,0,0,0,0,0,0,0,0,143.757,0,0,0
"MtrElec",10,4,2,"",117.399,0,0,0,0,0,0,0,0,0,0,0,0,0,0,0,0,0,0,0,0,117.399,0,0,0
"MtrElec",10,4,3,"",98.2686,0,0,0,0,0,0,0,0,0,0,0,0,0,0,0,0,0,0,0,0,98.2686,0,0,0
"MtrElec",10,4,4,"",106.794,0,0,0,0,0,0,0,0,0,0,0,0,0,0,0,0,0,0,0,0,106.794,0,0,0
"MtrElec",10,4,5,"",119.678,0,0,0,0,0,0,0,0,0,0,0,0,0,0,0,0,0,0,0,0,119.678,0,0,0
"MtrElec",10,4,6,"",104,0,0,0,0,0,0,0,0,0,0,0,0,0,0,0,0,0,0,0,0,104,0,0,0
"MtrElec",10,4,7,"",146.594,0,0,0,0,0,0,0,0,0,0,0,0,0,0,0,0,0,0,0,0,146.594,0,0,0
"MtrElec",10,4,8,"",129.637,0,0,0,0,0,0,0,0,0,0,0,0,0,0,0,0,0,0,0,0,170.795,0,0,-41.1585
"MtrElec",10,4,9,"",127.153,0,0,0,0,0,0,0,0,0,0,0,0,0,0,0,0,0,0,0,0,175.552,0,0,-48.399
"MtrElec",10,4,10,"",0.0000002,0,0,0,0,0,0,0,0,0,0,0,0,0,0,0,0,0,0,0,0,251.319,0,4.0425,-255.362
"MtrElec",10,4,11,"",0.0000078,0,0,0,0,0,0,0,0,0,0,0,0,0,0,0,0,0,0,0,0,281.109,0,93.6103,-374.72
"MtrElec",10,4,12,"",0,0,0,0,0,0,0,0,0,0,0,0,0,0,0,0,0,0,0,0,0,294.405,0,128.964,-423.369
"MtrElec",10,4,13,"",-14.9303,0,0,0,0,0,0,0,0,0,0,0,0,0,0,0,0,0,0,0,0,268.078,0,157.698,-440.706
"MtrElec",10,4,14,"",-9.19117,0,0,0,0,0,0,0,0,0,0,0,0,0,0,0,0,0,0,0,0,262.612,0,157.698,-429.501
"MtrElec",10,4,15,"",-112.054,0,0,0,0,0,0,0,0,0,0,0,0,0,0,0,0,0,0,0,0,228.989,0,46.3724,-387.416
"MtrElec",10,4,16,"",-97.1545,0,0,0,0,0,0,0,0,0,0,0,0,0,0,0,0,0,0,0,0,217.719,0,0,-314.874
"MtrElec",10,4,17,"",41.1622,0,0,0,0,0,0,0,0,0,0,0,0,0,0,0,0,0,0,0,0,254.761,0,0,-213.599
"MtrElec",10,4,18,"",210.066,0,0,0,0,0,0,0,0,0,0,0,0,0,0,0,0,0,0,0,0,298.827,0,0,-88.7611
"MtrElec",10,4,19,"",162.188,0,0,0,0,0,0,0,0,0,0,0,0,0,0,0,0,0,0,0,0,323.778,0,-157.698,-3.89195
"MtrElec",10,4,20,"",124.802,0,0,0,0,0,0,0,0,0,0,0,0,0,0,0,0,0,0,0,0,282.5,0,-157.698,0
"MtrElec",10,4,21,"",75.7532,0,0,0,0,0,0,0,0,0,0,0,0,0,0,0,0,0,0,0,0,233.451,0,-157.698,0
"MtrElec",10,4,22,"",203.527,0,0,0,0,0,0,0,0,0,0,0,0,0,0,0,0,0,0,0,0,261.451,0,-57.9236,0
"MtrElec",10,4,23,"",198.038,0,0,0,0,0,0,0,0,0,0,0,0,0,0,0,0,0,0,0,0,198.038,0,0,0
"MtrElec",10,4,24,"",174.385,0,0,0,0,0,0,0,0,0,0,0,0,0,0,0,0,0,0,0,0,174.385,0,0,0
"MtrElec",10,5,1,"",121.977,0,0,0,0,0,0,0,0,0,0,0,0,0,0,0,0,0,0,0,0,121.977,0,0,0
"MtrElec",10,5,2,"",117.757,0,0,0,0,0,0,0,0,0,0,0,0,0,0,0,0,0,0,0,0,117.757,0,0,0
"MtrElec",10,5,3,"",147.586,0,0,0,0,0,0,0,0,0,0,0,0,0,0,0,0,0,0,0,0,147.586,0,0,0
"MtrElec",10,5,4,"",97.5497,0,0,0,0,0,0,0,0,0,0,0,0,0,0,0,0,0,0,0,0,97.5497,0,0,0
"MtrElec",10,5,5,"",109.356,0,0,0,0,0,0,0,0,0,0,0,0,0,0,0,0,0,0,0,0,109.356,0,0,0
"MtrElec",10,5,6,"",116.389,0,0,0,0,0,0,0,0,0,0,0,0,0,0,0,0,0,0,0,0,116.389,0,0,0
"MtrElec",10,5,7,"",186.088,0,0,0,0,0,0,0,0,0,0,0,0,0,0,0,0,0,0,0,0,186.088,0,0,0
"MtrElec",10,5,8,"",126.257,0,0,0,0,0,0,0,0,0,0,0,0,0,0,0,0,0,0,0,0,193.564,0,0,-67.3074
"MtrElec",10,5,9,"",113.834,0,0,0,0,0,0,0,0,0,0,0,0,0,0,0,0,0,0,0,0,200.7,0,0,-86.8665
"MtrElec",10,5,10,"",50.0617,0,0,0,0,0,0,0,0,0,0,0,0,0,0,0,0,0,0,0,0,185.92,0,0,-135.859
"MtrElec",10,5,11,"",0.0000078,0,0,0,0,0,0,0,0,0,0,0,0,0,0,0,0,0,0,0,0,179.443,0,128.919,-308.361
"MtrElec",10,5,12,"",-43.6501,0,0,0,0,0,0,0,0,0,0,0,0,0,0,0,0,0,0,0,0,171.838,0,157.698,-373.186
"MtrElec",10,5,13,"",-29.9692,0,0,0,0,0,0,0,0,0,0,0,0,0,0,0,0,0,0,0,0,189.942,0,157.698,-377.609
"MtrElec",10,5,14,"",-91.7854,0,0,0,0,0,0,0,0,0,0,0,0,0,0,0,0,0,0,0,0,182.924,0,144.071,-418.78
"MtrElec",10,5,15,"",-192.403,0,0,0,0,0,0,0,0,0,0,0,0,0,0,0,0,0,0,0,0,191.202,0,0,-383.605
"MtrElec",10,5,16,"",-82.8706,0,0,0,0,0,0,0,0,0,0,0,0,0,0,0,0,0,0,0,0,225.944,0,0,-308.815
"MtrElec",10,5,17,"",82.1619,0,0,0,0,0,0,0,0,0,0,0,0,0,0,0,0,0,0,0,0,285.693,0,0,-203.531
"MtrElec",10,5,18,"",206.789,0,0,0,0,0,0,0,0,0,0,0,0,0,0,0,0,0,0,0,0,288.504,0,0,-81.7145
"MtrElec",10,5,19,"",151.497,0,0,0,0,0,0,0,0,0,0,0,0,0,0,0,0,0,0,0,0,312.325,0,-157.698,-3.12979
"MtrElec",10,5,20,"",127.444,0,0,0,0,0,0,0,0,0,0,0,0,0,0,0,0,0,0,0,0,285.142,0,-157.698,0
"MtrElec",10,5,21,"",130.304,0,0,0,0,0,0,0,0,0,0,0,0,0,0,0,0,0,0,0,0,288.002,0,-157.698,0
"MtrElec",10,5,22,"",171.238,0,0,0,0,0,0,0,0,0,0,0,0,0,0,0,0,0,0,0,0,229.161,0,-57.9236,0
"MtrElec",10,5,23,"",247.991,0,0,0,0,0,0,0,0,0,0,0,0,0,0,0,0,0,0,0,0,247.991,0,0,0
"MtrElec",10,5,24,"",179.457,0,0,0,0,0,0,0,0,0,0,0,0,0,0,0,0,0,0,0,0,179.457,0,0,0
"MtrElec",10,6,1,"",132.825,0,0,0,0,0,0,0,0,0,0,0,0,0,0,0,0,0,0,0,0,132.825,0,0,0
"MtrElec",10,6,2,"",111.439,0,0,0,0,0,0,0,0,0,0,0,0,0,0,0,0,0,0,0,0,111.439,0,0,0
"MtrElec",10,6,3,"",130.719,0,0,0,0,0,0,0,0,0,0,0,0,0,0,0,0,0,0,0,0,130.719,0,0,0
"MtrElec",10,6,4,"",112.442,0,0,0,0,0,0,0,0,0,0,0,0,0,0,0,0,0,0,0,0,112.442,0,0,0
"MtrElec",10,6,5,"",111.759,0,0,0,0,0,0,0,0,0,0,0,0,0,0,0,0,0,0,0,0,111.759,0,0,0
"MtrElec",10,6,6,"",125.818,0,0,0,0,0,0,0,0,0,0,0,0,0,0,0,0,0,0,0,0,125.818,0,0,0
"MtrElec",10,6,7,"",181.849,0,0,0,0,0,0,0,0,0,0,0,0,0,0,0,0,0,0,0,0,181.849,0,0,0
"MtrElec",10,6,8,"",194.739,0,0,0,0,0,0,0,0,0,0,0,0,0,0,0,0,0,0,0,0,221.783,0,0,-27.0441
"MtrElec",10,6,9,"",132.622,0,0,0,0,0,0,0,0,0,0,0,0,0,0,0,0,0,0,0,0,248.775,0,0,-116.153
"MtrElec",10,6,10,"",67.3764,0,0,0,0,0,0,0,0,0,0,0,0,0,0,0,0,0,0,0,0,247.395,0,0,-180.019
"MtrElec",10,6,11,"",0,0,0,0,0,0,0,0,0,0,0,0,0,0,0,0,0,0,0,0,0,256.554,0,38.8038,-295.358
"MtrElec",10,6,12,"",0,0,0,0,0,0,0,0,0,0,0,0,0,0,0,0,0,0,0,0,0,230.265,0,132.792,-363.057
"MtrElec",10,6,13,"",0,0,0,0,0,0,0,0,0,0,0,0,0,0,0,0,0,0,0,0,0,228.873,0,141.967,-370.84
"MtrElec",10,6,14,"",0,0,0,0,0,0,0,0,0,0,0,0,0,0,0,0,0,0,0,0,0,202.514,0,128.734,-331.248
"MtrElec",10,6,15,"",0,0,0,0,0,0,0,0,0,0,0,0,0,0,0,0,0,0,0,0,0,227.235,0,87.9671,-315.202
"MtrElec",10,6,16,"",0,0,0,0,0,0,0,0,0,0,0,0,0,0,0,0,0,0,0,0,0,217.753,0,8.91739,-226.67
"MtrElec",10,6,17,"",114.39,0,0,0,0,0,0,0,0,0,0,0,0,0,0,0,0,0,0,0,0,262.878,0,0,-148.488
"MtrElec",10,6,18,"",225.818,0,0,0,0,0,0,0,0,0,0,0,0,0,0,0,0,0,0,0,0,294.521,0,0,-68.703
"MtrElec",10,6,19,"",137.783,0,0,0,0,0,0,0,0,0,0,0,0,0,0,0,0,0,0,0,0,298.001,0,-157.698,-2.51989
"MtrElec",10,6,20,"",130.383,0,0,0,0,0,0,0,0,0,0,0,0,0,0,0,0,0,0,0,0,288.081,0,-157.698,0
"MtrElec",10,6,21,"",141.026,0,0,0,0,0,0,0,0,0,0,0,0,0,0,0,0,0,0,0,0,298.724,0,-157.698,0
"MtrElec",10,6,22,"",226.099,0,0,0,0,0,0,0,0,0,0,0,0,0,0,0,0,0,0,0,0,239.616,0,-13.5175,0
"MtrElec",10,6,23,"",242.797,0,0,0,0,0,0,0,0,0,0,0,0,0,0,0,0,0,0,0,0,242.797,0,0,0
"MtrElec",10,6,24,"",181.11,0,0,0,0,0,0,0,0,0,0,0,0,0,0,0,0,0,0,0,0,181.11,0,0,0
"MtrElec",10,7,1,"",135.964,0,0,0,0,0,0,0,0,0,0,0,0,0,0,0,0,0,0,0,0,135.964,0,0,0
"MtrElec",10,7,2,"",114.072,0,0,0,0,0,0,0,0,0,0,0,0,0,0,0,0,0,0,0,0,114.072,0,0,0
"MtrElec",10,7,3,"",124.642,0,0,0,0,0,0,0,0,0,0,0,0,0,0,0,0,0,0,0,0,124.642,0,0,0
"MtrElec",10,7,4,"",106.385,0,0,0,0,0,0,0,0,0,0,0,0,0,0,0,0,0,0,0,0,106.385,0,0,0
"MtrElec",10,7,5,"",103.05,0,0,0,0,0,0,0,0,0,0,0,0,0,0,0,0,0,0,0,0,103.05,0,0,0
"MtrElec",10,7,6,"",111.51,0,0,0,0,0,0,0,0,0,0,0,0,0,0,0,0,0,0,0,0,111.51,0,0,0
"MtrElec",10,7,7,"",163.917,0,0,0,0,0,0,0,0,0,0,0,0,0,0,0,0,0,0,0,0,163.917,0,0,0
"MtrElec",10,7,8,"",130.146,0,0,0,0,0,0,0,0,0,0,0,0,0,0,0,0,0,0,0,0,184.26,0,0,-54.1138
"MtrElec",10,7,9,"",79.7226,0,0,0,0,0,0,0,0,0,0,0,0,0,0,0,0,0,0,0,0,250.864,0,0,-171.141
"MtrElec",10,7,10,"",0,0,0,0,0,0,0,0,0,0,0,0,0,0,0,0,0,0,0,0,0,252.285,0,26.7739,-279.059
"MtrElec",10,7,11,"",0,0,0,0,0,0,0,0,0,0,0,0,0,0,0,0,0,0,0,0,0,267.429,0,88.218,-355.647
"MtrElec",10,7,12,"",0,0,0,0,0,0,0,0,0,0,0,0,0,0,0,0,0,0,0,0,0,263.292,0,144.596,-407.889
"MtrElec",10,7,13,"",0.0000156,0,0,0,0,0,0,0,0,0,0,0,0,0,0,0,0,0,0,0,0,279.678,0,145.157,-424.836
"MtrElec",10,7,14,"",-69.4528,0,0,0,0,0,0,0,0,0,0,0,0,0,0,0,0,0,0,0,0,186.618,0,157.698,-413.768
"MtrElec",10,7,15,"",-126.704,0,0,0,0,0,0,0,0,0,0,0,0,0,0,0,0,0,0,0,0,227.285,0,25.9415,-379.931
"MtrElec",10,7,16,"",-52.3366,0,0,0,0,0,0,0,0,0,0,0,0,0,0,0,0,0,0,0,0,256.288,0,0,-308.625
"MtrElec",10,7,17,"",85.973,0,0,0,0,0,0,0,0,0,0,0,0,0,0,0,0,0,0,0,0,288.587,0,0,-202.614
"MtrElec",10,7,18,"",211.443,0,0,0,0,0,0,0,0,0,0,0,0,0,0,0,0,0,0,0,0,290.876,0,0,-79.4326
"MtrElec",10,7,19,"",165.532,0,0,0,0,0,0,0,0,0,0,0,0,0,0,0,0,0,0,0,0,325.826,0,-157.698,-2.5961
"MtrElec",10,7,20,"",165.683,0,0,0,0,0,0,0,0,0,0,0,0,0,0,0,0,0,0,0,0,323.381,0,-157.698,0
"MtrElec",10,7,21,"",150.793,0,0,0,0,0,0,0,0,0,0,0,0,0,0,0,0,0,0,0,0,308.491,0,-157.698,0
"MtrElec",10,7,22,"",171.17,0,0,0,0,0,0,0,0,0,0,0,0,0,0,0,0,0,0,0,0,229.094,0,-57.9236,0
"MtrElec",10,7,23,"",255.043,0,0,0,0,0,0,0,0,0,0,0,0,0,0,0,0,0,0,0,0,255.043,0,0,0
"MtrElec",10,7,24,"",139.846,0,0,0,0,0,0,0,0,0,0,0,0,0,0,0,0,0,0,0,0,139.846,0,0,0
"MtrElec",10,8,1,"",128.297,0,0,0,0,0,0,0,0,0,0,0,0,0,0,0,0,0,0,0,0,128.297,0,0,0
"MtrElec",10,8,2,"",113.728,0,0,0,0,0,0,0,0,0,0,0,0,0,0,0,0,0,0,0,0,113.728,0,0,0
"MtrElec",10,8,3,"",133.378,0,0,0,0,0,0,0,0,0,0,0,0,0,0,0,0,0,0,0,0,133.378,0,0,0
"MtrElec",10,8,4,"",96.9645,0,0,0,0,0,0,0,0,0,0,0,0,0,0,0,0,0,0,0,0,96.9645,0,0,0
"MtrElec",10,8,5,"",103.441,0,0,0,0,0,0,0,0,0,0,0,0,0,0,0,0,0,0,0,0,103.441,0,0,0
"MtrElec",10,8,6,"",100.148,0,0,0,0,0,0,0,0,0,0,0,0,0,0,0,0,0,0,0,0,100.148,0,0,0
"MtrElec",10,8,7,"",168.696,0,0,0,0,0,0,0,0,0,0,0,0,0,0,0,0,0,0,0,0,168.696,0,0,0
"MtrElec",10,8,8,"",184.621,0,0,0,0,0,0,0,0,0,0,0,0,0,0,0,0,0,0,0,0,219.752,0,0,-35.1311
"MtrElec",10,8,9,"",95.8391,0,0,0,0,0,0,0,0,0,0,0,0,0,0,0,0,0,0,0,0,194.798,0,0,-98.9593
"MtrElec",10,8,10,"",94.2996,0,0,0,0,0,0,0,0,0,0,0,0,0,0,0,0,0,0,0,0,183.003,0,0,-88.7037
"MtrElec",10,8,11,"",0,0,0,0,0,0,0,0,0,0,0,0,0,0,0,0,0,0,0,0,0,209.49,0,123.901,-333.391
"MtrElec",10,8,12,"",-73.5111,0,0,0,0,0,0,0,0,0,0,0,0,0,0,0,0,0,0,0,0,182.365,0,157.698,-413.574
"MtrElec",10,8,13,"",-58.787,0,0,0,0,0,0,0,0,0,0,0,0,0,0,0,0,0,0,0,0,219.774,0,157.698,-436.259
"MtrElec",10,8,14,"",-101.632,0,0,0,0,0,0,0,0,0,0,0,0,0,0,0,0,0,0,0,0,174.405,0,149.088,-425.125
"MtrElec",10,8,15,"",-188.935,0,0,0,0,0,0,0,0,0,0,0,0,0,0,0,0,0,0,0,0,193.387,0,0,-382.322
"MtrElec",10,8,16,"",-69.0528,0,0,0,0,0,0,0,0,0,0,0,0,0,0,0,0,0,0,0,0,240.174,0,0,-309.227
"MtrElec",10,8,17,"",79.7791,0,0,0,0,0,0,0,0,0,0,0,0,0,0,0,0,0,0,0,0,284.3,0,0,-204.521
"MtrElec",10,8,18,"",178.313,0,0,0,0,0,0,0,0,0,0,0,0,0,0,0,0,0,0,0,0,258.158,0,0,-79.8451
"MtrElec",10,8,19,"",119.549,0,0,0,0,0,0,0,0,0,0,0,0,0,0,0,0,0,0,0,0,279.44,0,-157.698,-2.19287
"MtrElec",10,8,20,"",126.811,0,0,0,0,0,0,0,0,0,0,0,0,0,0,0,0,0,0,0,0,284.509,0,-157.698,0
"MtrElec",10,8,21,"",115.187,0,0,0,0,0,0,0,0,0,0,0,0,0,0,0,0,0,0,0,0,272.885,0,-157.698,0
"MtrElec",10,8,22,"",168.872,0,0,0,0,0,0,0,0,0,0,0,0,0,0,0,0,0,0,0,0,226.795,0,-57.9236,0
"MtrElec",10,8,23,"",216.828,0,0,0,0,0,0,0,0,0,0,0,0,0,0,0,0,0,0,0,0,216.828,0,0,0
"MtrElec",10,8,24,"",162.741,0,0,0,0,0,0,0,0,0,0,0,0,0,0,0,0,0,0,0,0,162.741,0,0,0
"MtrElec",10,9,1,"",115.573,0,0,0,0,0,0,0,0,0,0,0,0,0,0,0,0,0,0,0,0,115.573,0,0,0
"MtrElec",10,9,2,"",109.234,0,0,0,0,0,0,0,0,0,0,0,0,0,0,0,0,0,0,0,0,109.234,0,0,0
"MtrElec",10,9,3,"",105.254,0,0,0,0,0,0,0,0,0,0,0,0,0,0,0,0,0,0,0,0,105.254,0,0,0
"MtrElec",10,9,4,"",89.7208,0,0,0,0,0,0,0,0,0,0,0,0,0,0,0,0,0,0,0,0,89.7208,0,0,0
"MtrElec",10,9,5,"",101.781,0,0,0,0,0,0,0,0,0,0,0,0,0,0,0,0,0,0,0,0,101.781,0,0,0
"MtrElec",10,9,6,"",144.592,0,0,0,0,0,0,0,0,0,0,0,0,0,0,0,0,0,0,0,0,144.592,0,0,0
"MtrElec",10,9,7,"",152.402,0,0,0,0,0,0,0,0,0,0,0,0,0,0,0,0,0,0,0,0,152.402,0,0,0
"MtrElec",10,9,8,"",203.979,0,0,0,0,0,0,0,0,0,0,0,0,0,0,0,0,0,0,0,0,233.022,0,0,-29.0425
"MtrElec",10,9,9,"",114.171,0,0,0,0,0,0,0,0,0,0,0,0,0,0,0,0,0,0,0,0,217.354,0,0,-103.183
"MtrElec",10,9,10,"",0.0000039,0,0,0,0,0,0,0,0,0,0,0,0,0,0,0,0,0,0,0,0,198.397,0,41.3375,-239.735
"MtrElec",10,9,11,"",0.0000156,0,0,0,0,0,0,0,0,0,0,0,0,0,0,0,0,0,0,0,0,215.837,0,139.095,-354.932
"MtrElec",10,9,12,"",-38.712,0,0,0,0,0,0,0,0,0,0,0,0,0,0,0,0,0,0,0,0,212.081,0,157.698,-408.49
"MtrElec",10,9,13,"",0,0,0,0,0,0,0,0,0,0,0,0,0,0,0,0,0,0,0,0,0,253.73,0,150.697,-404.428
"MtrElec",10,9,14,"",-62.517,0,0,0,0,0,0,0,0,0,0,0,0,0,0,0,0,0,0,0,0,161.591,0,99.5577,-323.665
"MtrElec",10,9,15,"",-145.194,0,0,0,0,0,0,0,0,0,0,0,0,0,0,0,0,0,0,0,0,232.72,0,0,-377.914
"MtrElec",10,9,16,"",-55.6084,0,0,0,0,0,0,0,0,0,0,0,0,0,0,0,0,0,0,0,0,208.941,0,0,-264.55
"MtrElec",10,9,17,"",46.2359,0,0,0,0,0,0,0,0,0,0,0,0,0,0,0,0,0,0,0,0,244.986,0,0,-198.75
"MtrElec",10,9,18,"",196.896,0,0,0,0,0,0,0,0,0,0,0,0,0,0,0,0,0,0,0,0,271.808,0,0,-74.9117
"MtrElec",10,9,19,"",136.414,0,0,0,0,0,0,0,0,0,0,0,0,0,0,0,0,0,0,0,0,295.645,0,-157.698,-1.53294
"MtrElec",10,9,20,"",155.949,0,0,0,0,0,0,0,0,0,0,0,0,0,0,0,0,0,0,0,0,313.647,0,-157.698,0
"MtrElec",10,9,21,"",139.554,0,0,0,0,0,0,0,0,0,0,0,0,0,0,0,0,0,0,0,0,297.252,0,-157.698,0
"MtrElec",10,9,22,"",183.817,0,0,0,0,0,0,0,0,0,0,0,0,0,0,0,0,0,0,0,0,241.741,0,-57.9236,0
"MtrElec",10,9,23,"",247.339,0,0,0,0,0,0,0,0,0,0,0,0,0,0,0,0,0,0,0,0,247.339,0,0,0
"MtrElec",10,9,24,"",170.183,0,0,0,0,0,0,0,0,0,0,0,0,0,0,0,0,0,0,0,0,170.183,0,0,0
"MtrElec",10,10,1,"",150.587,0,0,0,0,0,0,0,0,0,0,0,0,0,0,0,0,0,0,0,0,150.587,0,0,0
"MtrElec",10,10,2,"",110.432,0,0,0,0,0,0,0,0,0,0,0,0,0,0,0,0,0,0,0,0,110.432,0,0,0
"MtrElec",10,10,3,"",93.2998,0,0,0,0,0,0,0,0,0,0,0,0,0,0,0,0,0,0,0,0,93.2998,0,0,0
"MtrElec",10,10,4,"",112.996,0,0,0,0,0,0,0,0,0,0,0,0,0,0,0,0,0,0,0,0,112.996,0,0,0
"MtrElec",10,10,5,"",156.401,0,0,0,0,0,0,0,0,0,0,0,0,0,0,0,0,0,0,0,0,156.401,0,0,0
"MtrElec",10,10,6,"",130.026,0,0,0,0,0,0,0,0,0,0,0,0,0,0,0,0,0,0,0,0,130.026,0,0,0
"MtrElec",10,10,7,"",119.488,0,0,0,0,0,0,0,0,0,0,0,0,0,0,0,0,0,0,0,0,119.488,0,0,0
"MtrElec",10,10,8,"",111.387,0,0,0,0,0,0,0,0,0,0,0,0,0,0,0,0,0,0,0,0,170.444,0,0,-59.0568
"MtrElec",10,10,9,"",38.2155,0,0,0,0,0,0,0,0,0,0,0,0,0,0,0,0,0,0,0,0,201.532,0,0,-163.316
"MtrElec",10,10,10,"",117.941,0,0,0,0,0,0,0,0,0,0,0,0,0,0,0,0,0,0,0,0,272.235,0,0,-154.294
"MtrElec",10,10,11,"",36.8461,0,0,0,0,0,0,0,0,0,0,0,0,0,0,0,0,0,0,0,0,274.7,0,0,-237.854
"MtrElec",10,10,12,"",0.0000156,0,0,0,0,0,0,0,0,0,0,0,0,0,0,0,0,0,0,0,0,258.38,0,144.073,-402.452
"MtrElec",10,10,13,"",-5.8778,0,0,0,0,0,0,0,0,0,0,0,0,0,0,0,0,0,0,0,0,279.537,0,157.698,-443.113
"MtrElec",10,10,14,"",-45.4144,0,0,0,0,0,0,0,0,0,0,0,0,0,0,0,0,0,0,0,0,226.755,0,157.698,-429.868
"MtrElec",10,10,15,"",-9.33577,0,0,0,0,0,0,0,0,0,0,0,0,0,0,0,0,0,0,0,0,248.909,0,128.917,-387.162
"MtrElec",10,10,16,"",-94.6034,0,0,0,0,0,0,0,0,0,0,0,0,0,0,0,0,0,0,0,0,223.162,0,0,-317.765
"MtrElec",10,10,17,"",13.3585,0,0,0,0,0,0,0,0,0,0,0,0,0,0,0,0,0,0,0,0,223.993,0,0,-210.635
"MtrElec",10,10,18,"",222.111,0,0,0,0,0,0,0,0,0,0,0,0,0,0,0,0,0,0,0,0,302.314,0,0,-80.2024
"MtrElec",10,10,19,"",228.435,0,0,0,0,0,0,0,0,0,0,0,0,0,0,0,0,0,0,0,0,387.94,0,-157.698,-1.80692
"MtrElec",10,10,20,"",152.465,0,0,0,0,0,0,0,0,0,0,0,0,0,0,0,0,0,0,0,0,310.162,0,-157.698,0
"MtrElec",10,10,21,"",118.145,0,0,0,0,0,0,0,0,0,0,0,0,0,0,0,0,0,0,0,0,275.843,0,-157.698,0
"MtrElec",10,10,22,"",245.842,0,0,0,0,0,0,0,0,0,0,0,0,0,0,0,0,0,0,0,0,303.766,0,-57.9236,0
"MtrElec",10,10,23,"",176.305,0,0,0,0,0,0,0,0,0,0,0,0,0,0,0,0,0,0,0,0,176.305,0,0,0
"MtrElec",10,10,24,"",173.731,0,0,0,0,0,0,0,0,0,0,0,0,0,0,0,0,0,0,0,0,173.731,0,0,0
"MtrElec",10,11,1,"",104.532,0,0,0,0,0,0,0,0,0,0,0,0,0,0,0,0,0,0,0,0,104.532,0,0,0
"MtrElec",10,11,2,"",108.013,0,0,0,0,0,0,0,0,0,0,0,0,0,0,0,0,0,0,0,0,108.013,0,0,0
"MtrElec",10,11,3,"",106.076,0,0,0,0,0,0,0,0,0,0,0,0,0,0,0,0,0,0,0,0,106.076,0,0,0
"MtrElec",10,11,4,"",94.7016,0,0,0,0,0,0,0,0,0,0,0,0,0,0,0,0,0,0,0,0,94.7016,0,0,0
"MtrElec",10,11,5,"",131.869,0,0,0,0,0,0,0,0,0,0,0,0,0,0,0,0,0,0,0,0,131.869,0,0,0
"MtrElec",10,11,6,"",145.581,0,0,0,0,0,0,0,0,0,0,0,0,0,0,0,0,0,0,0,0,145.581,0,0,0
"MtrElec",10,11,7,"",104.603,0,0,0,0,0,0,0,0,0,0,0,0,0,0,0,0,0,0,0,0,104.603,0,0,0
"MtrElec",10,11,8,"",144.912,0,0,0,0,0,0,0,0,0,0,0,0,0,0,0,0,0,0,0,0,190.509,0,0,-45.5977
"MtrElec",10,11,9,"",35.0375,0,0,0,0,0,0,0,0,0,0,0,0,0,0,0,0,0,0,0,0,175.378,0,0,-140.34
"MtrElec",10,11,10,"",102.025,0,0,0,0,0,0,0,0,0,0,0,0,0,0,0,0,0,0,0,0,246.463,0,0,-144.438
"MtrElec",10,11,11,"",238.234,0,0,0,0,0,0,0,0,0,0,0,0,0,0,0,0,0,0,0,0,273.639,0,0,-35.4048
"MtrElec",10,11,12,"",225.083,0,0,0,0,0,0,0,0,0,0,0,0,0,0,0,0,0,0,0,0,242.554,0,0,-17.471
"MtrElec",10,11,13,"",198.169,0,0,0,0,0,0,0,0,0,0,0,0,0,0,0,0,0,0,0,0,266.627,0,0,-68.4588
"MtrElec",10,11,14,"",0,0,0,0,0,0,0,0,0,0,0,0,0,0,0,0,0,0,0,0,0,200.679,0,86.8549,-287.534
"MtrElec",10,11,15,"",-20.3763,0,0,0,0,0,0,0,0,0,0,0,0,0,0,0,0,0,0,0,0,195.103,0,157.698,-373.177
"MtrElec",10,11,16,"",0,0,0,0,0,0,0,0,0,0,0,0,0,0,0,0,0,0,0,0,0,146.452,0,69.2684,-215.72
"MtrElec",10,11,17,"",160.993,0,0,0,0,0,0,0,0,0,0,0,0,0,0,0,0,0,0,0,0,174.44,0,0,-13.447
"MtrElec",10,11,18,"",197.747,0,0,0,0,0,0,0,0,0,0,0,0,0,0,0,0,0,0,0,0,199.431,0,0,-1.68416
"MtrElec",10,11,19,"",106.724,0,0,0,0,0,0,0,0,0,0,0,0,0,0,0,0,0,0,0,0,264.422,0,-157.698,0
"MtrElec",10,11,20,"",112.499,0,0,0,0,0,0,0,0,0,0,0,0,0,0,0,0,0,0,0,0,238.025,0,-125.526,0
"MtrElec",10,11,21,"",232.42,0,0,0,0,0,0,0,0,0,0,0,0,0,0,0,0,0,0,0,0,232.42,0,0,0
"MtrElec",10,11,22,"",226.84,0,0,0,0,0,0,0,0,0,0,0,0,0,0,0,0,0,0,0,0,226.84,0,0,0
"MtrElec",10,11,23,"",158.571,0,0,0,0,0,0,0,0,0,0,0,0,0,0,0,0,0,0,0,0,158.571,0,0,0
"MtrElec",10,11,24,"",187.521,0,0,0,0,0,0,0,0,0,0,0,0,0,0,0,0,0,0,0,0,187.521,0,0,0
"MtrElec",10,12,1,"",106.657,0,0,0,0,0,0,0,0,0,0,0,0,0,0,0,0,0,0,0,0,106.657,0,0,0
"MtrElec",10,12,2,"",103.934,0,0,0,0,0,0,0,0,0,0,0,0,0,0,0,0,0,0,0,0,103.934,0,0,0
"MtrElec",10,12,3,"",105.271,0,0,0,0,0,0,0,0,0,0,0,0,0,0,0,0,0,0,0,0,105.271,0,0,0
"MtrElec",10,12,4,"",116.532,0,0,0,0,0,0,0,0,0,0,0,0,0,0,0,0,0,0,0,0,116.532,0,0,0
"MtrElec",10,12,5,"",134.92,0,0,0,0,0,0,0,0,0,0,0,0,0,0,0,0,0,0,0,0,134.92,0,0,0
"MtrElec",10,12,6,"",102.831,0,0,0,0,0,0,0,0,0,0,0,0,0,0,0,0,0,0,0,0,102.831,0,0,0
"MtrElec",10,12,7,"",216.779,0,0,0,0,0,0,0,0,0,0,0,0,0,0,0,0,0,0,0,0,216.779,0,0,0
"MtrElec",10,12,8,"",189.614,0,0,0,0,0,0,0,0,0,0,0,0,0,0,0,0,0,0,0,0,243.782,0,0,-54.1672
"MtrElec",10,12,9,"",116.306,0,0,0,0,0,0,0,0,0,0,0,0,0,0,0,0,0,0,0,0,242.587,0,0,-126.281
"MtrElec",10,12,10,"",0,0,0,0,0,0,0,0,0,0,0,0,0,0,0,0,0,0,0,0,0,215.276,0,35.5114,-250.787
"MtrElec",10,12,11,"",60.9994,0,0,0,0,0,0,0,0,0,0,0,0,0,0,0,0,0,0,0,0,222.55,0,0,-161.551
"MtrElec",10,12,12,"",91.1256,0,0,0,0,0,0,0,0,0,0,0,0,0,0,0,0,0,0,0,0,227.606,0,0,-136.48
"MtrElec",10,12,13,"",68.0483,0,0,0,0,0,0,0,0,0,0,0,0,0,0,0,0,0,0,0,0,280.276,0,0,-212.228
"MtrElec",10,12,14,"",0,0,0,0,0,0,0,0,0,0,0,0,0,0,0,0,0,0,0,0,0,132.593,0,97.7838,-230.376
"MtrElec",10,12,15,"",0,0,0,0,0,0,0,0,0,0,0,0,0,0,0,0,0,0,0,0,0,137.628,0,140.802,-278.43
"MtrElec",10,12,16,"",20.3002,0,0,0,0,0,0,0,0,0,0,0,0,0,0,0,0,0,0,0,0,166.648,0,0,-146.347
"MtrElec",10,12,17,"",104.002,0,0,0,0,0,0,0,0,0,0,0,0,0,0,0,0,0,0,0,0,153.414,0,0,-49.4125
"MtrElec",10,12,18,"",214.787,0,0,0,0,0,0,0,0,0,0,0,0,0,0,0,0,0,0,0,0,224.327,0,0,-9.54024
"MtrElec",10,12,19,"",122.345,0,0,0,0,0,0,0,0,0,0,0,0,0,0,0,0,0,0,0,0,280.404,0,-157.698,-0.361022
"MtrElec",10,12,20,"",186.08,0,0,0,0,0,0,0,0,0,0,0,0,0,0,0,0,0,0,0,0,275.755,0,-89.675,0
"MtrElec",10,12,21,"",273.168,0,0,0,0,0,0,0,0,0,0,0,0,0,0,0,0,0,0,0,0,273.168,0,0,0
"MtrElec",10,12,22,"",221.693,0,0,0,0,0,0,0,0,0,0,0,0,0,0,0,0,0,0,0,0,221.693,0,0,0
"MtrElec",10,12,23,"",238.809,0,0,0,0,0,0,0,0,0,0,0,0,0,0,0,0,0,0,0,0,238.809,0,0,0
"MtrElec",10,12,24,"",152.098,0,0,0,0,0,0,0,0,0,0,0,0,0,0,0,0,0,0,0,0,152.098,0,0,0
"MtrElec",10,13,1,"",175.748,0,0,0,0,0,0,0,0,0,0,0,0,0,0,0,0,0,0,0,0,175.748,0,0,0
"MtrElec",10,13,2,"",108.972,0,0,0,0,0,0,0,0,0,0,0,0,0,0,0,0,0,0,0,0,108.972,0,0,0
"MtrElec",10,13,3,"",89.6188,0,0,0,0,0,0,0,0,0,0,0,0,0,0,0,0,0,0,0,0,89.6188,0,0,0
"MtrElec",10,13,4,"",102.734,0,0,0,0,0,0,0,0,0,0,0,0,0,0,0,0,0,0,0,0,102.734,0,0,0
"MtrElec",10,13,5,"",101.414,0,0,0,0,0,0,0,0,0,0,0,0,0,0,0,0,0,0,0,0,101.414,0,0,0
"MtrElec",10,13,6,"",107.564,0,0,0,0,0,0,0,0,0,0,0,0,0,0,0,0,0,0,0,0,107.564,0,0,0
"MtrElec",10,13,7,"",162.36,0,0,0,0,0,0,0,0,0,0,0,0,0,0,0,0,0,0,0,0,162.36,0,0,0
"MtrElec",10,13,8,"",195.863,0,0,0,0,0,0,0,0,0,0,0,0,0,0,0,0,0,0,0,0,246.936,0,0,-51.0725
"MtrElec",10,13,9,"",59.7689,0,0,0,0,0,0,0,0,0,0,0,0,0,0,0,0,0,0,0,0,225.09,0,0,-165.321
"MtrElec",10,13,10,"",0.0000078,0,0,0,0,0,0,0,0,0,0,0,0,0,0,0,0,0,0,0,0,200.077,0,72.9968,-273.074
"MtrElec",10,13,11,"",-9.93045,0,0,0,0,0,0,0,0,0,0,0,0,0,0,0,0,0,0,0,0,190.49,0,157.698,-358.118
"MtrElec",10,13,12,"",-61.1436,0,0,0,0,0,0,0,0,0,0,0,0,0,0,0,0,0,0,0,0,192.367,0,157.698,-411.209
"MtrElec",10,13,13,"",-53.6797,0,0,0,0,0,0,0,0,0,0,0,0,0,0,0,0,0,0,0,0,216.712,0,157.698,-428.09
"MtrElec",10,13,14,"",-216.617,0,0,0,0,0,0,0,0,0,0,0,0,0,0,0,0,0,0,0,0,158.175,0,42.2945,-417.086
"MtrElec",10,13,15,"",-217.286,0,0,0,0,0,0,0,0,0,0,0,0,0,0,0,0,0,0,0,0,147.956,0,0,-365.242
"MtrElec",10,13,16,"",-65.4839,0,0,0,0,0,0,0,0,0,0,0,0,0,0,0,0,0,0,0,0,173.319,0,0,-238.803
"MtrElec",10,13,17,"",23.3276,0,0,0,0,0,0,0,0,0,0,0,0,0,0,0,0,0,0,0,0,199.986,0,0,-176.658
"MtrElec",10,13,18,"",159.805,0,0,0,0,0,0,0,0,0,0,0,0,0,0,0,0,0,0,0,0,219.841,0,0,-60.0361
"MtrElec",10,13,19,"",112.172,0,0,0,0,0,0,0,0,0,0,0,0,0,0,0,0,0,0,0,0,269.969,0,-157.698,-0.09908
"MtrElec",10,13,20,"",118.433,0,0,0,0,0,0,0,0,0,0,0,0,0,0,0,0,0,0,0,0,276.131,0,-157.698,0
"MtrElec",10,13,21,"",104.645,0,0,0,0,0,0,0,0,0,0,0,0,0,0,0,0,0,0,0,0,262.343,0,-157.698,0
"MtrElec",10,13,22,"",155.761,0,0,0,0,0,0,0,0,0,0,0,0,0,0,0,0,0,0,0,0,213.685,0,-57.9236,0
"MtrElec",10,13,23,"",201.482,0,0,0,0,0,0,0,0,0,0,0,0,0,0,0,0,0,0,0,0,201.482,0,0,0
"MtrElec",10,13,24,"",161.414,0,0,0,0,0,0,0,0,0,0,0,0,0,0,0,0,0,0,0,0,161.414,0,0,0
"MtrElec",10,14,1,"",103.735,0,0,0,0,0,0,0,0,0,0,0,0,0,0,0,0,0,0,0,0,103.735,0,0,0
"MtrElec",10,14,2,"",109.424,0,0,0,0,0,0,0,0,0,0,0,0,0,0,0,0,0,0,0,0,109.424,0,0,0
"MtrElec",10,14,3,"",139.568,0,0,0,0,0,0,0,0,0,0,0,0,0,0,0,0,0,0,0,0,139.568,0,0,0
"MtrElec",10,14,4,"",88.6102,0,0,0,0,0,0,0,0,0,0,0,0,0,0,0,0,0,0,0,0,88.6102,0,0,0
"MtrElec",10,14,5,"",99.5608,0,0,0,0,0,0,0,0,0,0,0,0,0,0,0,0,0,0,0,0,99.5608,0,0,0
"MtrElec",10,14,6,"",112.113,0,0,0,0,0,0,0,0,0,0,0,0,0,0,0,0,0,0,0,0,112.113,0,0,0
"MtrElec",10,14,7,"",149.663,0,0,0,0,0,0,0,0,0,0,0,0,0,0,0,0,0,0,0,0,149.663,0,0,0
"MtrElec",10,14,8,"",144.62,0,0,0,0,0,0,0,0,0,0,0,0,0,0,0,0,0,0,0,0,194.574,0,0,-49.9535
"MtrElec",10,14,9,"",56.0406,0,0,0,0,0,0,0,0,0,0,0,0,0,0,0,0,0,0,0,0,221.596,0,0,-165.556
"MtrElec",10,14,10,"",0,0,0,0,0,0,0,0,0,0,0,0,0,0,0,0,0,0,0,0,0,233.863,0,42.1262,-275.989
"MtrElec",10,14,11,"",0.0000078,0,0,0,0,0,0,0,0,0,0,0,0,0,0,0,0,0,0,0,0,241.114,0,114.615,-355.728
"MtrElec",10,14,12,"",-18.2572,0,0,0,0,0,0,0,0,0,0,0,0,0,0,0,0,0,0,0,0,229.517,0,157.698,-405.472
"MtrElec",10,14,13,"",-4.50506,0,0,0,0,0,0,0,0,0,0,0,0,0,0,0,0,0,0,0,0,258.094,0,157.698,-420.297
"MtrElec",10,14,14,"",-82.4287,0,0,0,0,0,0,0,0,0,0,0,0,0,0,0,0,0,0,0,0,197.066,0,116.248,-395.744
"MtrElec",10,14,15,"",-125.855,0,0,0,0,0,0,0,0,0,0,0,0,0,0,0,0,0,0,0,0,236.006,0,0,-361.861
"MtrElec",10,14,16,"",-42.4354,0,0,0,0,0,0,0,0,0,0,0,0,0,0,0,0,0,0,0,0,249.709,0,0,-292.144
"MtrElec",10,14,17,"",80.7514,0,0,0,0,0,0,0,0,0,0,0,0,0,0,0,0,0,0,0,0,269.404,0,0,-188.653
"MtrElec",10,14,18,"",233.632,0,0,0,0,0,0,0,0,0,0,0,0,0,0,0,0,0,0,0,0,300.708,0,0,-67.0764
"MtrElec",10,14,19,"",185.652,0,0,0,0,0,0,0,0,0,0,0,0,0,0,0,0,0,0,0,0,343.35,0,-157.698,0
"MtrElec",10,14,20,"",146.105,0,0,0,0,0,0,0,0,0,0,0,0,0,0,0,0,0,0,0,0,303.803,0,-157.698,0
"MtrElec",10,14,21,"",154.85,0,0,0,0,0,0,0,0,0,0,0,0,0,0,0,0,0,0,0,0,312.548,0,-157.698,0
"MtrElec",10,14,22,"",193.712,0,0,0,0,0,0,0,0,0,0,0,0,0,0,0,0,0,0,0,0,251.636,0,-57.9236,0
"MtrElec",10,14,23,"",241.946,0,0,0,0,0,0,0,0,0,0,0,0,0,0,0,0,0,0,0,0,241.946,0,0,0
"MtrElec",10,14,24,"",155.769,0,0,0,0,0,0,0,0,0,0,0,0,0,0,0,0,0,0,0,0,155.769,0,0,0
"MtrElec",10,15,1,"",170.714,0,0,0,0,0,0,0,0,0,0,0,0,0,0,0,0,0,0,0,0,170.714,0,0,0
"MtrElec",10,15,2,"",118.076,0,0,0,0,0,0,0,0,0,0,0,0,0,0,0,0,0,0,0,0,118.076,0,0,0
"MtrElec",10,15,3,"",95.5027,0,0,0,0,0,0,0,0,0,0,0,0,0,0,0,0,0,0,0,0,95.5027,0,0,0
"MtrElec",10,15,4,"",106.352,0,0,0,0,0,0,0,0,0,0,0,0,0,0,0,0,0,0,0,0,106.352,0,0,0
"MtrElec",10,15,5,"",103.873,0,0,0,0,0,0,0,0,0,0,0,0,0,0,0,0,0,0,0,0,103.873,0,0,0
"MtrElec",10,15,6,"",110.551,0,0,0,0,0,0,0,0,0,0,0,0,0,0,0,0,0,0,0,0,110.551,0,0,0
"MtrElec",10,15,7,"",166.204,0,0,0,0,0,0,0,0,0,0,0,0,0,0,0,0,0,0,0,0,166.204,0,0,0
"MtrElec",10,15,8,"",156.923,0,0,0,0,0,0,0,0,0,0,0,0,0,0,0,0,0,0,0,0,207.361,0,0,-50.4378
"MtrElec",10,15,9,"",68.0195,0,0,0,0,0,0,0,0,0,0,0,0,0,0,0,0,0,0,0,0,232.999,0,0,-164.98
"MtrElec",10,15,10,"",0,0,0,0,0,0,0,0,0,0,0,0,0,0,0,0,0,0,0,0,0,267.959,0,4.52372,-272.483
"MtrElec",10,15,11,"",0,0,0,0,0,0,0,0,0,0,0,0,0,0,0,0,0,0,0,0,0,307.037,0,38.9347,-345.972
"MtrElec",10,15,12,"",0,0,0,0,0,0,0,0,0,0,0,0,0,0,0,0,0,0,0,0,0,233.689,0,133.377,-367.066
"MtrElec",10,15,13,"",0,0,0,0,0,0,0,0,0,0,0,0,0,0,0,0,0,0,0,0,0,264.257,0,115.878,-380.135
"MtrElec",10,15,14,"",0,0,0,0,0,0,0,0,0,0,0,0,0,0,0,0,0,0,0,0,0,245.568,0,151.544,-397.112
"MtrElec",10,15,15,"",0.0000078,0,0,0,0,0,0,0,0,0,0,0,0,0,0,0,0,0,0,0,0,243.444,0,120.635,-364.079
"MtrElec",10,15,16,"",-0.148504,0,0,0,0,0,0,0,0,0,0,0,0,0,0,0,0,0,0,0,0,270.663,0,23.4932,-294.305
"MtrElec",10,15,17,"",126.109,0,0,0,0,0,0,0,0,0,0,0,0,0,0,0,0,0,0,0,0,317.759,0,0,-191.65
"MtrElec",10,15,18,"",241.646,0,0,0,0,0,0,0,0,0,0,0,0,0,0,0,0,0,0,0,0,307.179,0,0,-65.5324
"MtrElec",10,15,19,"",158.316,0,0,0,0,0,0,0,0,0,0,0,0,0,0,0,0,0,0,0,0,316.014,0,-157.698,0
"MtrElec",10,15,20,"",148.762,0,0,0,0,0,0,0,0,0,0,0,0,0,0,0,0,0,0,0,0,306.46,0,-157.698,0
"MtrElec",10,15,21,"",150.791,0,0,0,0,0,0,0,0,0,0,0,0,0,0,0,0,0,0,0,0,308.489,0,-157.698,0
"MtrElec",10,15,22,"",198.605,0,0,0,0,0,0,0,0,0,0,0,0,0,0,0,0,0,0,0,0,256.528,0,-57.9236,0
"MtrElec",10,15,23,"",225.63,0,0,0,0,0,0,0,0,0,0,0,0,0,0,0,0,0,0,0,0,225.63,0,0,0
"MtrElec",10,15,24,"",155.59,0,0,0,0,0,0,0,0,0,0,0,0,0,0,0,0,0,0,0,0,155.59,0,0,0
"MtrElec",10,16,1,"",173.634,0,0,0,0,0,0,0,0,0,0,0,0,0,0,0,0,0,0,0,0,173.634,0,0,0
"MtrElec",10,16,2,"",116.737,0,0,0,0,0,0,0,0,0,0,0,0,0,0,0,0,0,0,0,0,116.737,0,0,0
"MtrElec",10,16,3,"",94.0642,0,0,0,0,0,0,0,0,0,0,0,0,0,0,0,0,0,0,0,0,94.0642,0,0,0
"MtrElec",10,16,4,"",106.122,0,0,0,0,0,0,0,0,0,0,0,0,0,0,0,0,0,0,0,0,106.122,0,0,0
"MtrElec",10,16,5,"",102.943,0,0,0,0,0,0,0,0,0,0,0,0,0,0,0,0,0,0,0,0,102.943,0,0,0
"MtrElec",10,16,6,"",120.663,0,0,0,0,0,0,0,0,0,0,0,0,0,0,0,0,0,0,0,0,120.663,0,0,0
"MtrElec",10,16,7,"",177.107,0,0,0,0,0,0,0,0,0,0,0,0,0,0,0,0,0,0,0,0,177.107,0,0,0
"MtrElec",10,16,8,"",175.148,0,0,0,0,0,0,0,0,0,0,0,0,0,0,0,0,0,0,0,0,223.28,0,0,-48.1318
"MtrElec",10,16,9,"",85.2882,0,0,0,0,0,0,0,0,0,0,0,0,0,0,0,0,0,0,0,0,253.131,0,0,-167.842
"MtrElec",10,16,10,"",8.4565,0,0,0,0,0,0,0,0,0,0,0,0,0,0,0,0,0,0,0,0,283.944,0,0,-275.488
"MtrElec",10,16,11,"",0,0,0,0,0,0,0,0,0,0,0,0,0,0,0,0,0,0,0,0,0,268.596,0,75.2898,-343.886
"MtrElec",10,16,12,"",0.0000078,0,0,0,0,0,0,0,0,0,0,0,0,0,0,0,0,0,0,0,0,258.82,0,129.217,-388.037
"MtrElec",10,16,13,"",0,0,0,0,0,0,0,0,0,0,0,0,0,0,0,0,0,0,0,0,0,276.128,0,134.377,-410.505
"MtrElec",10,16,14,"",0,0,0,0,0,0,0,0,0,0,0,0,0,0,0,0,0,0,0,0,0,247.216,0,156.332,-403.548
"MtrElec",10,16,15,"",-21.1334,0,0,0,0,0,0,0,0,0,0,0,0,0,0,0,0,0,0,0,0,246.051,0,93.1688,-360.354
"MtrElec",10,16,16,"",-29.7571,0,0,0,0,0,0,0,0,0,0,0,0,0,0,0,0,0,0,0,0,258.129,0,0,-287.886
"MtrElec",10,16,17,"",118.866,0,0,0,0,0,0,0,0,0,0,0,0,0,0,0,0,0,0,0,0,304.562,0,0,-185.696
"MtrElec",10,16,18,"",207.825,0,0,0,0,0,0,0,0,0,0,0,0,0,0,0,0,0,0,0,0,272.108,0,0,-64.2824
"MtrElec",10,16,19,"",163.72,0,0,0,0,0,0,0,0,0,0,0,0,0,0,0,0,0,0,0,0,321.418,0,-157.698,0
"MtrElec",10,16,20,"",187.246,0,0,0,0,0,0,0,0,0,0,0,0,0,0,0,0,0,0,0,0,344.943,0,-157.698,0
"MtrElec",10,16,21,"",126.764,0,0,0,0,0,0,0,0,0,0,0,0,0,0,0,0,0,0,0,0,284.462,0,-157.698,0
"MtrElec",10,16,22,"",193.454,0,0,0,0,0,0,0,0,0,0,0,0,0,0,0,0,0,0,0,0,251.377,0,-57.9236,0
"MtrElec",10,16,23,"",266.901,0,0,0,0,0,0,0,0,0,0,0,0,0,0,0,0,0,0,0,0,266.901,0,0,0
"MtrElec",10,16,24,"",180.374,0,0,0,0,0,0,0,0,0,0,0,0,0,0,0,0,0,0,0,0,180.374,0,0,0
"MtrElec",10,17,1,"",148.455,0,0,0,0,0,0,0,0,0,0,0,0,0,0,0,0,0,0,0,0,148.455,0,0,0
"MtrElec",10,17,2,"",122.773,0,0,0,0,0,0,0,0,0,0,0,0,0,0,0,0,0,0,0,0,122.773,0,0,0
"MtrElec",10,17,3,"",97.3156,0,0,0,0,0,0,0,0,0,0,0,0,0,0,0,0,0,0,0,0,97.3156,0,0,0
"MtrElec",10,17,4,"",111.262,0,0,0,0,0,0,0,0,0,0,0,0,0,0,0,0,0,0,0,0,111.262,0,0,0
"MtrElec",10,17,5,"",119.649,0,0,0,0,0,0,0,0,0,0,0,0,0,0,0,0,0,0,0,0,119.649,0,0,0
"MtrElec",10,17,6,"",132.786,0,0,0,0,0,0,0,0,0,0,0,0,0,0,0,0,0,0,0,0,132.786,0,0,0
"MtrElec",10,17,7,"",121.897,0,0,0,0,0,0,0,0,0,0,0,0,0,0,0,0,0,0,0,0,121.897,0,0,0
"MtrElec",10,17,8,"",124.879,0,0,0,0,0,0,0,0,0,0,0,0,0,0,0,0,0,0,0,0,171.864,0,0,-46.9849
"MtrElec",10,17,9,"",57.3408,0,0,0,0,0,0,0,0,0,0,0,0,0,0,0,0,0,0,0,0,221.747,0,0,-164.406
"MtrElec",10,17,10,"",0,0,0,0,0,0,0,0,0,0,0,0,0,0,0,0,0,0,0,0,0,243.325,0,24.6349,-267.96
"MtrElec",10,17,11,"",0,0,0,0,0,0,0,0,0,0,0,0,0,0,0,0,0,0,0,0,0,291.888,0,49.5352,-341.423
"MtrElec",10,17,12,"",13.279,0,0,0,0,0,0,0,0,0,0,0,0,0,0,0,0,0,0,0,0,405.843,0,0,-392.564
"MtrElec",10,17,13,"",0,0,0,0,0,0,0,0,0,0,0,0,0,0,0,0,0,0,0,0,0,362.588,0,50.8227,-413.41
"MtrElec",10,17,14,"",0,0,0,0,0,0,0,0,0,0,0,0,0,0,0,0,0,0,0,0,0,314.975,0,76.6511,-391.626
"MtrElec",10,17,15,"",0,0,0,0,0,0,0,0,0,0,0,0,0,0,0,0,0,0,0,0,0,323.954,0,18.2059,-342.16
"MtrElec",10,17,16,"",23.2245,0,0,0,0,0,0,0,0,0,0,0,0,0,0,0,0,0,0,0,0,307.342,0,0,-284.117
"MtrElec",10,17,17,"",146.328,0,0,0,0,0,0,0,0,0,0,0,0,0,0,0,0,0,0,0,0,329.438,0,0,-183.11
"MtrElec",10,17,18,"",286.016,0,0,0,0,0,0,0,0,0,0,0,0,0,0,0,0,0,0,0,0,347.315,0,0,-61.2986
"MtrElec",10,17,19,"",279.445,0,0,0,0,0,0,0,0,0,0,0,0,0,0,0,0,0,0,0,0,437.143,0,-157.698,0
"MtrElec",10,17,20,"",329.855,0,0,0,0,0,0,0,0,0,0,0,0,0,0,0,0,0,0,0,0,370.572,0,-40.7165,0
"MtrElec",10,17,21,"",340.801,0,0,0,0,0,0,0,0,0,0,0,0,0,0,0,0,0,0,0,0,340.801,0,0,0
"MtrElec",10,17,22,"",344.947,0,0,0,0,0,0,0,0,0,0,0,0,0,0,0,0,0,0,0,0,344.947,0,0,0
"MtrElec",10,17,23,"",251.015,0,0,0,0,0,0,0,0,0,0,0,0,0,0,0,0,0,0,0,0,251.015,0,0,0
"MtrElec",10,17,24,"",203.663,0,0,0,0,0,0,0,0,0,0,0,0,0,0,0,0,0,0,0,0,203.663,0,0,0
"MtrElec",10,18,1,"",152.978,0,0,0,0,0,0,0,0,0,0,0,0,0,0,0,0,0,0,0,0,152.978,0,0,0
"MtrElec",10,18,2,"",136.1,0,0,0,0,0,0,0,0,0,0,0,0,0,0,0,0,0,0,0,0,136.1,0,0,0
"MtrElec",10,18,3,"",132.721,0,0,0,0,0,0,0,0,0,0,0,0,0,0,0,0,0,0,0,0,132.721,0,0,0
"MtrElec",10,18,4,"",122.853,0,0,0,0,0,0,0,0,0,0,0,0,0,0,0,0,0,0,0,0,122.853,0,0,0
"MtrElec",10,18,5,"",126.559,0,0,0,0,0,0,0,0,0,0,0,0,0,0,0,0,0,0,0,0,126.559,0,0,0
"MtrElec",10,18,6,"",106.675,0,0,0,0,0,0,0,0,0,0,0,0,0,0,0,0,0,0,0,0,106.675,0,0,0
"MtrElec",10,18,7,"",169.734,0,0,0,0,0,0,0,0,0,0,0,0,0,0,0,0,0,0,0,0,169.734,0,0,0
"MtrElec",10,18,8,"",136.99,0,0,0,0,0,0,0,0,0,0,0,0,0,0,0,0,0,0,0,0,165.808,0,0,-28.8185
"MtrElec",10,18,9,"",89.2582,0,0,0,0,0,0,0,0,0,0,0,0,0,0,0,0,0,0,0,0,182.691,0,0,-93.4325
"MtrElec",10,18,10,"",29.7714,0,0,0,0,0,0,0,0,0,0,0,0,0,0,0,0,0,0,0,0,259.638,0,0,-229.867
"MtrElec",10,18,11,"",0.0000002,0,0,0,0,0,0,0,0,0,0,0,0,0,0,0,0,0,0,0,0,273.416,0,3.9155,-277.332
"MtrElec",10,18,12,"",0.0000078,0,0,0,0,0,0,0,0,0,0,0,0,0,0,0,0,0,0,0,0,294.627,0,71.4444,-366.071
"MtrElec",10,18,13,"",0,0,0,0,0,0,0,0,0,0,0,0,0,0,0,0,0,0,0,0,0,277.69,0,129.903,-407.592
"MtrElec",10,18,14,"",-14.375,0,0,0,0,0,0,0,0,0,0,0,0,0,0,0,0,0,0,0,0,237.797,0,157.698,-409.87
"MtrElec",10,18,15,"",0.0000078,0,0,0,0,0,0,0,0,0,0,0,0,0,0,0,0,0,0,0,0,244.501,0,105.657,-350.158
"MtrElec",10,18,16,"",16.4106,0,0,0,0,0,0,0,0,0,0,0,0,0,0,0,0,0,0,0,0,246.178,0,0,-229.767
"MtrElec",10,18,17,"",77.167,0,0,0,0,0,0,0,0,0,0,0,0,0,0,0,0,0,0,0,0,247.059,0,0,-169.892
"MtrElec",10,18,18,"",228.509,0,0,0,0,0,0,0,0,0,0,0,0,0,0,0,0,0,0,0,0,286.461,0,0,-57.9516
"MtrElec",10,18,19,"",187.147,0,0,0,0,0,0,0,0,0,0,0,0,0,0,0,0,0,0,0,0,344.845,0,-157.698,0
"MtrElec",10,18,20,"",194.234,0,0,0,0,0,0,0,0,0,0,0,0,0,0,0,0,0,0,0,0,351.932,0,-157.698,0
"MtrElec",10,18,21,"",225.626,0,0,0,0,0,0,0,0,0,0,0,0,0,0,0,0,0,0,0,0,333.157,0,-107.531,0
"MtrElec",10,18,22,"",325.785,0,0,0,0,0,0,0,0,0,0,0,0,0,0,0,0,0,0,0,0,325.785,0,0,0
"MtrElec",10,18,23,"",209.326,0,0,0,0,0,0,0,0,0,0,0,0,0,0,0,0,0,0,0,0,209.326,0,0,0
"MtrElec",10,18,24,"",191.711,0,0,0,0,0,0,0,0,0,0,0,0,0,0,0,0,0,0,0,0,191.711,0,0,0
"MtrElec",10,19,1,"",142.037,0,0,0,0,0,0,0,0,0,0,0,0,0,0,0,0,0,0,0,0,142.037,0,0,0
"MtrElec",10,19,2,"",113.893,0,0,0,0,0,0,0,0,0,0,0,0,0,0,0,0,0,0,0,0,113.893,0,0,0
"MtrElec",10,19,3,"",93.2057,0,0,0,0,0,0,0,0,0,0,0,0,0,0,0,0,0,0,0,0,93.2057,0,0,0
"MtrElec",10,19,4,"",105.656,0,0,0,0,0,0,0,0,0,0,0,0,0,0,0,0,0,0,0,0,105.656,0,0,0
"MtrElec",10,19,5,"",103.373,0,0,0,0,0,0,0,0,0,0,0,0,0,0,0,0,0,0,0,0,103.373,0,0,0
"MtrElec",10,19,6,"",101.817,0,0,0,0,0,0,0,0,0,0,0,0,0,0,0,0,0,0,0,0,101.817,0,0,0
"MtrElec",10,19,7,"",166.676,0,0,0,0,0,0,0,0,0,0,0,0,0,0,0,0,0,0,0,0,166.676,0,0,0
"MtrElec",10,19,8,"",208.832,0,0,0,0,0,0,0,0,0,0,0,0,0,0,0,0,0,0,0,0,254.722,0,0,-45.8899
"MtrElec",10,19,9,"",127.434,0,0,0,0,0,0,0,0,0,0,0,0,0,0,0,0,0,0,0,0,286.222,0,0,-158.788
"MtrElec",10,19,10,"",17.1544,0,0,0,0,0,0,0,0,0,0,0,0,0,0,0,0,0,0,0,0,287.024,0,0,-269.869
"MtrElec",10,19,11,"",0,0,0,0,0,0,0,0,0,0,0,0,0,0,0,0,0,0,0,0,0,226.309,0,123.768,-350.078
"MtrElec",10,19,12,"",0,0,0,0,0,0,0,0,0,0,0,0,0,0,0,0,0,0,0,0,0,256.395,0,152.782,-409.177
"MtrElec",10,19,13,"",0,0,0,0,0,0,0,0,0,0,0,0,0,0,0,0,0,0,0,0,0,314.802,0,114.467,-429.269
"MtrElec",10,19,14,"",-34.3925,0,0,0,0,0,0,0,0,0,0,0,0,0,0,0,0,0,0,0,0,221.783,0,157.698,-413.874
"MtrElec",10,19,15,"",-98.3162,0,0,0,0,0,0,0,0,0,0,0,0,0,0,0,0,0,0,0,0,233.604,0,39.6697,-371.589
"MtrElec",10,19,16,"",-76.272,0,0,0,0,0,0,0,0,0,0,0,0,0,0,0,0,0,0,0,0,218.08,0,0,-294.352
"MtrElec",10,19,17,"",97.0127,0,0,0,0,0,0,0,0,0,0,0,0,0,0,0,0,0,0,0,0,280.472,0,0,-183.46
"MtrElec",10,19,18,"",261.384,0,0,0,0,0,0,0,0,0,0,0,0,0,0,0,0,0,0,0,0,319.538,0,0,-58.1546
"MtrElec",10,19,19,"",155.205,0,0,0,0,0,0,0,0,0,0,0,0,0,0,0,0,0,0,0,0,312.902,0,-157.698,0
"MtrElec",10,19,20,"",157.928,0,0,0,0,0,0,0,0,0,0,0,0,0,0,0,0,0,0,0,0,315.626,0,-157.698,0
"MtrElec",10,19,21,"",140.513,0,0,0,0,0,0,0,0,0,0,0,0,0,0,0,0,0,0,0,0,298.21,0,-157.698,0
"MtrElec",10,19,22,"",191.672,0,0,0,0,0,0,0,0,0,0,0,0,0,0,0,0,0,0,0,0,249.596,0,-57.9236,0
"MtrElec",10,19,23,"",229.628,0,0,0,0,0,0,0,0,0,0,0,0,0,0,0,0,0,0,0,0,229.628,0,0,0
"MtrElec",10,19,24,"",158.131,0,0,0,0,0,0,0,0,0,0,0,0,0,0,0,0,0,0,0,0,158.131,0,0,0
"MtrElec",10,20,1,"",116.321,0,0,0,0,0,0,0,0,0,0,0,0,0,0,0,0,0,0,0,0,116.321,0,0,0
"MtrElec",10,20,2,"",112.432,0,0,0,0,0,0,0,0,0,0,0,0,0,0,0,0,0,0,0,0,112.432,0,0,0
"MtrElec",10,20,3,"",106.342,0,0,0,0,0,0,0,0,0,0,0,0,0,0,0,0,0,0,0,0,106.342,0,0,0
"MtrElec",10,20,4,"",93.8495,0,0,0,0,0,0,0,0,0,0,0,0,0,0,0,0,0,0,0,0,93.8495,0,0,0
"MtrElec",10,20,5,"",134.898,0,0,0,0,0,0,0,0,0,0,0,0,0,0,0,0,0,0,0,0,134.898,0,0,0
"MtrElec",10,20,6,"",114.302,0,0,0,0,0,0,0,0,0,0,0,0,0,0,0,0,0,0,0,0,114.302,0,0,0
"MtrElec",10,20,7,"",210.785,0,0,0,0,0,0,0,0,0,0,0,0,0,0,0,0,0,0,0,0,210.785,0,0,0
"MtrElec",10,20,8,"",191.156,0,0,0,0,0,0,0,0,0,0,0,0,0,0,0,0,0,0,0,0,204.205,0,0,-13.0493
"MtrElec",10,20,9,"",90.1174,0,0,0,0,0,0,0,0,0,0,0,0,0,0,0,0,0,0,0,0,210.565,0,0,-120.447
"MtrElec",10,20,10,"",41.5717,0,0,0,0,0,0,0,0,0,0,0,0,0,0,0,0,0,0,0,0,212.863,0,0,-171.291
"MtrElec",10,20,11,"",190.944,0,0,0,0,0,0,0,0,0,0,0,0,0,0,0,0,0,0,0,0,244.502,0,0,-53.5583
"MtrElec",10,20,12,"",98.2442,0,0,0,0,0,0,0,0,0,0,0,0,0,0,0,0,0,0,0,0,202.384,0,0,-104.14
"MtrElec",10,20,13,"",0,0,0,0,0,0,0,0,0,0,0,0,0,0,0,0,0,0,0,0,0,213.472,0,8.45631,-221.929
"MtrElec",10,20,14,"",0,0,0,0,0,0,0,0,0,0,0,0,0,0,0,0,0,0,0,0,0,133.174,0,103.446,-236.62
"MtrElec",10,20,15,"",-7.54784,0,0,0,0,0,0,0,0,0,0,0,0,0,0,0,0,0,0,0,0,197.619,0,157.698,-362.865
"MtrElec",10,20,16,"",0,0,0,0,0,0,0,0,0,0,0,0,0,0,0,0,0,0,0,0,0,189.543,0,13.812,-203.355
"MtrElec",10,20,17,"",65.2999,0,0,0,0,0,0,0,0,0,0,0,0,0,0,0,0,0,0,0,0,226.182,0,0,-160.882
"MtrElec",10,20,18,"",197.773,0,0,0,0,0,0,0,0,0,0,0,0,0,0,0,0,0,0,0,0,254.04,0,0,-56.2677
"MtrElec",10,20,19,"",139.717,0,0,0,0,0,0,0,0,0,0,0,0,0,0,0,0,0,0,0,0,297.415,0,-157.698,0
"MtrElec",10,20,20,"",175.584,0,0,0,0,0,0,0,0,0,0,0,0,0,0,0,0,0,0,0,0,273.665,0,-98.0813,0
"MtrElec",10,20,21,"",258.583,0,0,0,0,0,0,0,0,0,0,0,0,0,0,0,0,0,0,0,0,258.583,0,0,0
"MtrElec",10,20,22,"",239.831,0,0,0,0,0,0,0,0,0,0,0,0,0,0,0,0,0,0,0,0,239.831,0,0,0
"MtrElec",10,20,23,"",234.455,0,0,0,0,0,0,0,0,0,0,0,0,0,0,0,0,0,0,0,0,234.455,0,0,0
"MtrElec",10,20,24,"",151.225,0,0,0,0,0,0,0,0,0,0,0,0,0,0,0,0,0,0,0,0,151.225,0,0,0
"MtrElec",10,21,1,"",117.536,0,0,0,0,0,0,0,0,0,0,0,0,0,0,0,0,0,0,0,0,117.536,0,0,0
"MtrElec",10,21,2,"",110.981,0,0,0,0,0,0,0,0,0,0,0,0,0,0,0,0,0,0,0,0,110.981,0,0,0
"MtrElec",10,21,3,"",137.707,0,0,0,0,0,0,0,0,0,0,0,0,0,0,0,0,0,0,0,0,137.707,0,0,0
"MtrElec",10,21,4,"",101.669,0,0,0,0,0,0,0,0,0,0,0,0,0,0,0,0,0,0,0,0,101.669,0,0,0
"MtrElec",10,21,5,"",108.734,0,0,0,0,0,0,0,0,0,0,0,0,0,0,0,0,0,0,0,0,108.734,0,0,0
"MtrElec",10,21,6,"",113.026,0,0,0,0,0,0,0,0,0,0,0,0,0,0,0,0,0,0,0,0,113.026,0,0,0
"MtrElec",10,21,7,"",180.938,0,0,0,0,0,0,0,0,0,0,0,0,0,0,0,0,0,0,0,0,180.938,0,0,0
"MtrElec",10,21,8,"",237.109,0,0,0,0,0,0,0,0,0,0,0,0,0,0,0,0,0,0,0,0,237.109,0,0,0
"MtrElec",10,21,9,"",171.666,0,0,0,0,0,0,0,0,0,0,0,0,0,0,0,0,0,0,0,0,201.935,0,0,-30.2688
"MtrElec",10,21,10,"",158.726,0,0,0,0,0,0,0,0,0,0,0,0,0,0,0,0,0,0,0,0,231.014,0,0,-72.2881
"MtrElec",10,21,11,"",11.6058,0,0,0,0,0,0,0,0,0,0,0,0,0,0,0,0,0,0,0,0,207.828,0,0,-196.223
"MtrElec",10,21,12,"",24.7347,0,0,0,0,0,0,0,0,0,0,0,0,0,0,0,0,0,0,0,0,236.047,0,0,-211.313
"MtrElec",10,21,13,"",30.4945,0,0,0,0,0,0,0,0,0,0,0,0,0,0,0,0,0,0,0,0,242.833,0,0,-212.339
"MtrElec",10,21,14,"",0,0,0,0,0,0,0,0,0,0,0,0,0,0,0,0,0,0,0,0,0,174.652,0,1.00442,-175.657
"MtrElec",10,21,15,"",14.2703,0,0,0,0,0,0,0,0,0,0,0,0,0,0,0,0,0,0,0,0,156.093,0,0,-141.822
"MtrElec",10,21,16,"",54.8597,0,0,0,0,0,0,0,0,0,0,0,0,0,0,0,0,0,0,0,0,193.437,0,0,-138.577
"MtrElec",10,21,17,"",146.767,0,0,0,0,0,0,0,0,0,0,0,0,0,0,0,0,0,0,0,0,223.185,0,0,-76.4176
"MtrElec",10,21,18,"",244.381,0,0,0,0,0,0,0,0,0,0,0,0,0,0,0,0,0,0,0,0,244.381,0,0,0
"MtrElec",10,21,19,"",264.611,0,0,0,0,0,0,0,0,0,0,0,0,0,0,0,0,0,0,0,0,265.518,0,-0.906491,0
"MtrElec",10,21,20,"",317.968,0,0,0,0,0,0,0,0,0,0,0,0,0,0,0,0,0,0,0,0,317.968,0,0,0
"MtrElec",10,21,21,"",346.813,0,0,0,0,0,0,0,0,0,0,0,0,0,0,0,0,0,0,0,0,346.813,0,0,0
"MtrElec",10,21,22,"",224.709,0,0,0,0,0,0,0,0,0,0,0,0,0,0,0,0,0,0,0,0,224.709,0,0,0
"MtrElec",10,21,23,"",254.743,0,0,0,0,0,0,0,0,0,0,0,0,0,0,0,0,0,0,0,0,254.743,0,0,0
"MtrElec",10,21,24,"",201.17,0,0,0,0,0,0,0,0,0,0,0,0,0,0,0,0,0,0,0,0,201.17,0,0,0
"MtrElec",10,22,1,"",129.433,0,0,0,0,0,0,0,0,0,0,0,0,0,0,0,0,0,0,0,0,129.433,0,0,0
"MtrElec",10,22,2,"",106.061,0,0,0,0,0,0,0,0,0,0,0,0,0,0,0,0,0,0,0,0,106.061,0,0,0
"MtrElec",10,22,3,"",95.1994,0,0,0,0,0,0,0,0,0,0,0,0,0,0,0,0,0,0,0,0,95.1994,0,0,0
"MtrElec",10,22,4,"",113.127,0,0,0,0,0,0,0,0,0,0,0,0,0,0,0,0,0,0,0,0,113.127,0,0,0
"MtrElec",10,22,5,"",98.6245,0,0,0,0,0,0,0,0,0,0,0,0,0,0,0,0,0,0,0,0,98.6245,0,0,0
"MtrElec",10,22,6,"",115.359,0,0,0,0,0,0,0,0,0,0,0,0,0,0,0,0,0,0,0,0,115.359,0,0,0
"MtrElec",10,22,7,"",168.118,0,0,0,0,0,0,0,0,0,0,0,0,0,0,0,0,0,0,0,0,168.118,0,0,0
"MtrElec",10,22,8,"",193.77,0,0,0,0,0,0,0,0,0,0,0,0,0,0,0,0,0,0,0,0,205.713,0,0,-11.943
"MtrElec",10,22,9,"",121.913,0,0,0,0,0,0,0,0,0,0,0,0,0,0,0,0,0,0,0,0,213.816,0,0,-91.9025
"MtrElec",10,22,10,"",80.0843,0,0,0,0,0,0,0,0,0,0,0,0,0,0,0,0,0,0,0,0,234.865,0,0,-154.781
"MtrElec",10,22,11,"",0,0,0,0,0,0,0,0,0,0,0,0,0,0,0,0,0,0,0,0,0,244.494,0,102.268,-346.762
"MtrElec",10,22,12,"",0,0,0,0,0,0,0,0,0,0,0,0,0,0,0,0,0,0,0,0,0,215.105,0,132.345,-347.45
"MtrElec",10,22,13,"",0,0,0,0,0,0,0,0,0,0,0,0,0,0,0,0,0,0,0,0,0,216.716,0,153.065,-369.78
"MtrElec",10,22,14,"",-109.435,0,0,0,0,0,0,0,0,0,0,0,0,0,0,0,0,0,0,0,0,146.319,0,157.698,-413.452
"MtrElec",10,22,15,"",-118.13,0,0,0,0,0,0,0,0,0,0,0,0,0,0,0,0,0,0,0,0,206.562,0,43.0103,-367.703
"MtrElec",10,22,16,"",-125.087,0,0,0,0,0,0,0,0,0,0,0,0,0,0,0,0,0,0,0,0,165.623,0,0,-290.71
"MtrElec",10,22,17,"",33.8505,0,0,0,0,0,0,0,0,0,0,0,0,0,0,0,0,0,0,0,0,214.993,0,0,-181.142
"MtrElec",10,22,18,"",187.034,0,0,0,0,0,0,0,0,0,0,0,0,0,0,0,0,0,0,0,0,240.715,0,0,-53.6814
"MtrElec",10,22,19,"",136.772,0,0,0,0,0,0,0,0,0,0,0,0,0,0,0,0,0,0,0,0,294.47,0,-157.698,0
"MtrElec",10,22,20,"",113.081,0,0,0,0,0,0,0,0,0,0,0,0,0,0,0,0,0,0,0,0,270.779,0,-157.698,0
"MtrElec",10,22,21,"",71.5153,0,0,0,0,0,0,0,0,0,0,0,0,0,0,0,0,0,0,0,0,229.213,0,-157.698,0
"MtrElec",10,22,22,"",164.844,0,0,0,0,0,0,0,0,0,0,0,0,0,0,0,0,0,0,0,0,222.767,0,-57.9236,0
"MtrElec",10,22,23,"",206.638,0,0,0,0,0,0,0,0,0,0,0,0,0,0,0,0,0,0,0,0,206.638,0,0,0
"MtrElec",10,22,24,"",188.084,0,0,0,0,0,0,0,0,0,0,0,0,0,0,0,0,0,0,0,0,188.084,0,0,0
"MtrElec",10,23,1,"",110.843,0,0,0,0,0,0,0,0,0,0,0,0,0,0,0,0,0,0,0,0,110.843,0,0,0
"MtrElec",10,23,2,"",106.917,0,0,0,0,0,0,0,0,0,0,0,0,0,0,0,0,0,0,0,0,106.917,0,0,0
"MtrElec",10,23,3,"",94.1065,0,0,0,0,0,0,0,0,0,0,0,0,0,0,0,0,0,0,0,0,94.1065,0,0,0
"MtrElec",10,23,4,"",106.909,0,0,0,0,0,0,0,0,0,0,0,0,0,0,0,0,0,0,0,0,106.909,0,0,0
"MtrElec",10,23,5,"",115.864,0,0,0,0,0,0,0,0,0,0,0,0,0,0,0,0,0,0,0,0,115.864,0,0,0
"MtrElec",10,23,6,"",122.594,0,0,0,0,0,0,0,0,0,0,0,0,0,0,0,0,0,0,0,0,122.594,0,0,0
"MtrElec",10,23,7,"",158.878,0,0,0,0,0,0,0,0,0,0,0,0,0,0,0,0,0,0,0,0,158.878,0,0,0
"MtrElec",10,23,8,"",215.272,0,0,0,0,0,0,0,0,0,0,0,0,0,0,0,0,0,0,0,0,245.283,0,0,-30.0104
"MtrElec",10,23,9,"",124.461,0,0,0,0,0,0,0,0,0,0,0,0,0,0,0,0,0,0,0,0,236.031,0,0,-111.57
"MtrElec",10,23,10,"",78.2651,0,0,0,0,0,0,0,0,0,0,0,0,0,0,0,0,0,0,0,0,265.4,0,0,-187.135
"MtrElec",10,23,11,"",0.0000039,0,0,0,0,0,0,0,0,0,0,0,0,0,0,0,0,0,0,0,0,285.047,0,63.687,-348.734
"MtrElec",10,23,12,"",0.0000078,0,0,0,0,0,0,0,0,0,0,0,0,0,0,0,0,0,0,0,0,260.149,0,122.064,-382.213
"MtrElec",10,23,13,"",0,0,0,0,0,0,0,0,0,0,0,0,0,0,0,0,0,0,0,0,0,273.286,0,133.735,-407.021
"MtrElec",10,23,14,"",-129.184,0,0,0,0,0,0,0,0,0,0,0,0,0,0,0,0,0,0,0,0,134.885,0,157.698,-421.767
"MtrElec",10,23,15,"",-84.1982,0,0,0,0,0,0,0,0,0,0,0,0,0,0,0,0,0,0,0,0,183.48,0,111.201,-378.88
"MtrElec",10,23,16,"",-148.216,0,0,0,0,0,0,0,0,0,0,0,0,0,0,0,0,0,0,0,0,154.121,0,0,-302.336
"MtrElec",10,23,17,"",10.9432,0,0,0,0,0,0,0,0,0,0,0,0,0,0,0,0,0,0,0,0,198.192,0,0,-187.249
"MtrElec",10,23,18,"",170.511,0,0,0,0,0,0,0,0,0,0,0,0,0,0,0,0,0,0,0,0,226.915,0,0,-56.4033
"MtrElec",10,23,19,"",87.3381,0,0,0,0,0,0,0,0,0,0,0,0,0,0,0,0,0,0,0,0,245.036,0,-157.698,0
"MtrElec",10,23,20,"",105.36,0,0,0,0,0,0,0,0,0,0,0,0,0,0,0,0,0,0,0,0,263.058,0,-157.698,0
"MtrElec",10,23,21,"",69.1439,0,0,0,0,0,0,0,0,0,0,0,0,0,0,0,0,0,0,0,0,226.842,0,-157.698,0
"MtrElec",10,23,22,"",155.382,0,0,0,0,0,0,0,0,0,0,0,0,0,0,0,0,0,0,0,0,213.305,0,-57.9236,0
"MtrElec",10,23,23,"",208.658,0,0,0,0,0,0,0,0,0,0,0,0,0,0,0,0,0,0,0,0,208.658,0,0,0
"MtrElec",10,23,24,"",146.889,0,0,0,0,0,0,0,0,0,0,0,0,0,0,0,0,0,0,0,0,146.889,0,0,0
"MtrElec",10,24,1,"",160.654,0,0,0,0,0,0,0,0,0,0,0,0,0,0,0,0,0,0,0,0,160.654,0,0,0
"MtrElec",10,24,2,"",104.826,0,0,0,0,0,0,0,0,0,0,0,0,0,0,0,0,0,0,0,0,104.826,0,0,0
"MtrElec",10,24,3,"",91.0826,0,0,0,0,0,0,0,0,0,0,0,0,0,0,0,0,0,0,0,0,91.0826,0,0,0
"MtrElec",10,24,4,"",108.352,0,0,0,0,0,0,0,0,0,0,0,0,0,0,0,0,0,0,0,0,108.352,0,0,0
"MtrElec",10,24,5,"",130.445,0,0,0,0,0,0,0,0,0,0,0,0,0,0,0,0,0,0,0,0,130.445,0,0,0
"MtrElec",10,24,6,"",92.4782,0,0,0,0,0,0,0,0,0,0,0,0,0,0,0,0,0,0,0,0,92.4782,0,0,0
"MtrElec",10,24,7,"",159.161,0,0,0,0,0,0,0,0,0,0,0,0,0,0,0,0,0,0,0,0,159.161,0,0,0
"MtrElec",10,24,8,"",110.958,0,0,0,0,0,0,0,0,0,0,0,0,0,0,0,0,0,0,0,0,156.46,0,0,-45.5012
"MtrElec",10,24,9,"",26.4771,0,0,0,0,0,0,0,0,0,0,0,0,0,0,0,0,0,0,0,0,192.713,0,0,-166.236
"MtrElec",10,24,10,"",0,0,0,0,0,0,0,0,0,0,0,0,0,0,0,0,0,0,0,0,0,278.1,0,5.13741,-283.237
"MtrElec",10,24,11,"",0,0,0,0,0,0,0,0,0,0,0,0,0,0,0,0,0,0,0,0,0,228.026,0,140.989,-369.015
"MtrElec",10,24,12,"",0.0000156,0,0,0,0,0,0,0,0,0,0,0,0,0,0,0,0,0,0,0,0,289.078,0,136.347,-425.426
"MtrElec",10,24,13,"",-26.1118,0,0,0,0,0,0,0,0,0,0,0,0,0,0,0,0,0,0,0,0,262.524,0,157.698,-446.333
"MtrElec",10,24,14,"",-96.0707,0,0,0,0,0,0,0,0,0,0,0,0,0,0,0,0,0,0,0,0,187.713,0,148.213,-431.997
"MtrElec",10,24,15,"",-163.076,0,0,0,0,0,0,0,0,0,0,0,0,0,0,0,0,0,0,0,0,219.812,0,0,-382.887
"MtrElec",10,24,16,"",-103.532,0,0,0,0,0,0,0,0,0,0,0,0,0,0,0,0,0,0,0,0,197.703,0,0,-301.235
"MtrElec",10,24,17,"",1.54875,0,0,0,0,0,0,0,0,0,0,0,0,0,0,0,0,0,0,0,0,191.675,0,0,-190.126
"MtrElec",10,24,18,"",175.661,0,0,0,0,0,0,0,0,0,0,0,0,0,0,0,0,0,0,0,0,232.715,0,0,-57.0538
"MtrElec",10,24,19,"",117.037,0,0,0,0,0,0,0,0,0,0,0,0,0,0,0,0,0,0,0,0,274.735,0,-157.698,0
"MtrElec",10,24,20,"",91.5804,0,0,0,0,0,0,0,0,0,0,0,0,0,0,0,0,0,0,0,0,249.278,0,-157.698,0
"MtrElec",10,24,21,"",65.4645,0,0,0,0,0,0,0,0,0,0,0,0,0,0,0,0,0,0,0,0,223.162,0,-157.698,0
"MtrElec",10,24,22,"",171.738,0,0,0,0,0,0,0,0,0,0,0,0,0,0,0,0,0,0,0,0,229.662,0,-57.9236,0
"MtrElec",10,24,23,"",143.297,0,0,0,0,0,0,0,0,0,0,0,0,0,0,0,0,0,0,0,0,143.297,0,0,0
"MtrElec",10,24,24,"",190.534,0,0,0,0,0,0,0,0,0,0,0,0,0,0,0,0,0,0,0,0,190.534,0,0,0
"MtrElec",10,25,1,"",103.558,0,0,0,0,0,0,0,0,0,0,0,0,0,0,0,0,0,0,0,0,103.558,0,0,0
"MtrElec",10,25,2,"",102.856,0,0,0,0,0,0,0,0,0,0,0,0,0,0,0,0,0,0,0,0,102.856,0,0,0
"MtrElec",10,25,3,"",104.031,0,0,0,0,0,0,0,0,0,0,0,0,0,0,0,0,0,0,0,0,104.031,0,0,0
"MtrElec",10,25,4,"",96.8058,0,0,0,0,0,0,0,0,0,0,0,0,0,0,0,0,0,0,0,0,96.8058,0,0,0
"MtrElec",10,25,5,"",126.793,0,0,0,0,0,0,0,0,0,0,0,0,0,0,0,0,0,0,0,0,126.793,0,0,0
"MtrElec",10,25,6,"",138.874,0,0,0,0,0,0,0,0,0,0,0,0,0,0,0,0,0,0,0,0,138.874,0,0,0
"MtrElec",10,25,7,"",103.295,0,0,0,0,0,0,0,0,0,0,0,0,0,0,0,0,0,0,0,0,103.295,0,0,0
"MtrElec",10,25,8,"",144.198,0,0,0,0,0,0,0,0,0,0,0,0,0,0,0,0,0,0,0,0,189.128,0,0,-44.9297
"MtrElec",10,25,9,"",48.8501,0,0,0,0,0,0,0,0,0,0,0,0,0,0,0,0,0,0,0,0,211.238,0,0,-162.388
"MtrElec",10,25,10,"",0.0000039,0,0,0,0,0,0,0,0,0,0,0,0,0,0,0,0,0,0,0,0,223.352,0,51.9351,-275.287
"MtrElec",10,25,11,"",0,0,0,0,0,0,0,0,0,0,0,0,0,0,0,0,0,0,0,0,0,219.788,0,129.397,-349.184
"MtrElec",10,25,12,"",-20.8654,0,0,0,0,0,0,0,0,0,0,0,0,0,0,0,0,0,0,0,0,222.131,0,157.698,-400.694
"MtrElec",10,25,13,"",-31.7614,0,0,0,0,0,0,0,0,0,0,0,0,0,0,0,0,0,0,0,0,227.805,0,157.698,-417.264
"MtrElec",10,25,14,"",-121.554,0,0,0,0,0,0,0,0,0,0,0,0,0,0,0,0,0,0,0,0,193.238,0,91.6573,-406.449
"MtrElec",10,25,15,"",-178.345,0,0,0,0,0,0,0,0,0,0,0,0,0,0,0,0,0,0,0,0,189.14,0,0,-367.486
"MtrElec",10,25,16,"",-116.566,0,0,0,0,0,0,0,0,0,0,0,0,0,0,0,0,0,0,0,0,172.485,0,0,-289.051
"MtrElec",10,25,17,"",11.2918,0,0,0,0,0,0,0,0,0,0,0,0,0,0,0,0,0,0,0,0,191.742,0,0,-180.45
"MtrElec",10,25,18,"",179.852,0,0,0,0,0,0,0,0,0,0,0,0,0,0,0,0,0,0,0,0,232.664,0,0,-52.8116
"MtrElec",10,25,19,"",111.294,0,0,0,0,0,0,0,0,0,0,0,0,0,0,0,0,0,0,0,0,268.992,0,-157.698,0
"MtrElec",10,25,20,"",68.1185,0,0,0,0,0,0,0,0,0,0,0,0,0,0,0,0,0,0,0,0,225.816,0,-157.698,0
"MtrElec",10,25,21,"",80.1122,0,0,0,0,0,0,0,0,0,0,0,0,0,0,0,0,0,0,0,0,237.81,0,-157.698,0
"MtrElec",10,25,22,"",177.781,0,0,0,0,0,0,0,0,0,0,0,0,0,0,0,0,0,0,0,0,235.705,0,-57.9236,0
"MtrElec",10,25,23,"",196.042,0,0,0,0,0,0,0,0,0,0,0,0,0,0,0,0,0,0,0,0,196.042,0,0,0
"MtrElec",10,25,24,"",168.951,0,0,0,0,0,0,0,0,0,0,0,0,0,0,0,0,0,0,0,0,168.951,0,0,0
"MtrElec",10,26,1,"",128.522,0,0,0,0,0,0,0,0,0,0,0,0,0,0,0,0,0,0,0,0,128.522,0,0,0
"MtrElec",10,26,2,"",111.566,0,0,0,0,0,0,0,0,0,0,0,0,0,0,0,0,0,0,0,0,111.566,0,0,0
"MtrElec",10,26,3,"",101.029,0,0,0,0,0,0,0,0,0,0,0,0,0,0,0,0,0,0,0,0,101.029,0,0,0
"MtrElec",10,26,4,"",104.801,0,0,0,0,0,0,0,0,0,0,0,0,0,0,0,0,0,0,0,0,104.801,0,0,0
"MtrElec",10,26,5,"",139.101,0,0,0,0,0,0,0,0,0,0,0,0,0,0,0,0,0,0,0,0,139.101,0,0,0
"MtrElec",10,26,6,"",98.8487,0,0,0,0,0,0,0,0,0,0,0,0,0,0,0,0,0,0,0,0,98.8487,0,0,0
"MtrElec",10,26,7,"",165.525,0,0,0,0,0,0,0,0,0,0,0,0,0,0,0,0,0,0,0,0,165.525,0,0,0
"MtrElec",10,26,8,"",189.064,0,0,0,0,0,0,0,0,0,0,0,0,0,0,0,0,0,0,0,0,230.463,0,0,-41.3988
"MtrElec",10,26,9,"",71.9062,0,0,0,0,0,0,0,0,0,0,0,0,0,0,0,0,0,0,0,0,232.284,0,0,-160.378
"MtrElec",10,26,10,"",0,0,0,0,0,0,0,0,0,0,0,0,0,0,0,0,0,0,0,0,0,199.25,0,78.6116,-277.862
"MtrElec",10,26,11,"",0,0,0,0,0,0,0,0,0,0,0,0,0,0,0,0,0,0,0,0,0,229.965,0,136.467,-366.431
"MtrElec",10,26,12,"",-28.0098,0,0,0,0,0,0,0,0,0,0,0,0,0,0,0,0,0,0,0,0,234.608,0,157.698,-420.316
"MtrElec",10,26,13,"",-37.3074,0,0,0,0,0,0,0,0,0,0,0,0,0,0,0,0,0,0,0,0,246.972,0,157.698,-441.978
"MtrElec",10,26,14,"",-169.579,0,0,0,0,0,0,0,0,0,0,0,0,0,0,0,0,0,0,0,0,199.014,0,57.9107,-426.504
"MtrElec",10,26,15,"",-199.642,0,0,0,0,0,0,0,0,0,0,0,0,0,0,0,0,0,0,0,0,179.61,0,0,-379.252
"MtrElec",10,26,16,"",-100.521,0,0,0,0,0,0,0,0,0,0,0,0,0,0,0,0,0,0,0,0,195.829,0,0,-296.351
"MtrElec",10,26,17,"",76.8121,0,0,0,0,0,0,0,0,0,0,0,0,0,0,0,0,0,0,0,0,258.033,0,0,-181.221
"MtrElec",10,26,18,"",235.734,0,0,0,0,0,0,0,0,0,0,0,0,0,0,0,0,0,0,0,0,287.848,0,0,-52.1146
"MtrElec",10,26,19,"",128.341,0,0,0,0,0,0,0,0,0,0,0,0,0,0,0,0,0,0,0,0,286.039,0,-157.698,0
"MtrElec",10,26,20,"",121.396,0,0,0,0,0,0,0,0,0,0,0,0,0,0,0,0,0,0,0,0,279.094,0,-157.698,0
"MtrElec",10,26,21,"",136.31,0,0,0,0,0,0,0,0,0,0,0,0,0,0,0,0,0,0,0,0,294.008,0,-157.698,0
"MtrElec",10,26,22,"",177.07,0,0,0,0,0,0,0,0,0,0,0,0,0,0,0,0,0,0,0,0,234.994,0,-57.9236,0
"MtrElec",10,26,23,"",206.94,0,0,0,0,0,0,0,0,0,0,0,0,0,0,0,0,0,0,0,0,206.94,0,0,0
"MtrElec",10,26,24,"",157.303,0,0,0,0,0,0,0,0,0,0,0,0,0,0,0,0,0,0,0,0,157.303,0,0,0
"MtrElec",10,27,1,"",110.563,0,0,0,0,0,0,0,0,0,0,0,0,0,0,0,0,0,0,0,0,110.563,0,0,0
"MtrElec",10,27,2,"",142.62,0,0,0,0,0,0,0,0,0,0,0,0,0,0,0,0,0,0,0,0,142.62,0,0,0
"MtrElec",10,27,3,"",96.6564,0,0,0,0,0,0,0,0,0,0,0,0,0,0,0,0,0,0,0,0,96.6564,0,0,0
"MtrElec",10,27,4,"",105.026,0,0,0,0,0,0,0,0,0,0,0,0,0,0,0,0,0,0,0,0,105.026,0,0,0
"MtrElec",10,27,5,"",100.848,0,0,0,0,0,0,0,0,0,0,0,0,0,0,0,0,0,0,0,0,100.848,0,0,0
"MtrElec",10,27,6,"",128.888,0,0,0,0,0,0,0,0,0,0,0,0,0,0,0,0,0,0,0,0,128.888,0,0,0
"MtrElec",10,27,7,"",156.892,0,0,0,0,0,0,0,0,0,0,0,0,0,0,0,0,0,0,0,0,156.892,0,0,0
"MtrElec",10,27,8,"",192.123,0,0,0,0,0,0,0,0,0,0,0,0,0,0,0,0,0,0,0,0,234.588,0,0,-42.4649
"MtrElec",10,27,9,"",50.4545,0,0,0,0,0,0,0,0,0,0,0,0,0,0,0,0,0,0,0,0,212.214,0,0,-161.759
"MtrElec",10,27,10,"",0,0,0,0,0,0,0,0,0,0,0,0,0,0,0,0,0,0,0,0,0,240.067,0,35.7644,-275.832
"MtrElec",10,27,11,"",0,0,0,0,0,0,0,0,0,0,0,0,0,0,0,0,0,0,0,0,0,260.514,0,95.2145,-355.729
"MtrElec",10,27,12,"",0,0,0,0,0,0,0,0,0,0,0,0,0,0,0,0,0,0,0,0,0,254.393,0,149.44,-403.832
"MtrElec",10,27,13,"",-13.1525,0,0,0,0,0,0,0,0,0,0,0,0,0,0,0,0,0,0,0,0,252.772,0,157.698,-423.623
"MtrElec",10,27,14,"",-85.2746,0,0,0,0,0,0,0,0,0,0,0,0,0,0,0,0,0,0,0,0,175.071,0,150.268,-410.614
"MtrElec",10,27,15,"",-129.95,0,0,0,0,0,0,0,0,0,0,0,0,0,0,0,0,0,0,0,0,232.509,0,0,-362.459
"MtrElec",10,27,16,"",-45.4296,0,0,0,0,0,0,0,0,0,0,0,0,0,0,0,0,0,0,0,0,239.232,0,0,-284.661
"MtrElec",10,27,17,"",54.478,0,0,0,0,0,0,0,0,0,0,0,0,0,0,0,0,0,0,0,0,230.608,0,0,-176.13
"MtrElec",10,27,18,"",236.07,0,0,0,0,0,0,0,0,0,0,0,0,0,0,0,0,0,0,0,0,286.002,0,0,-49.9315
"MtrElec",10,27,19,"",135.112,0,0,0,0,0,0,0,0,0,0,0,0,0,0,0,0,0,0,0,0,292.81,0,-157.698,0
"MtrElec",10,27,20,"",151.587,0,0,0,0,0,0,0,0,0,0,0,0,0,0,0,0,0,0,0,0,309.285,0,-157.698,0
"MtrElec",10,27,21,"",163.2,0,0,0,0,0,0,0,0,0,0,0,0,0,0,0,0,0,0,0,0,320.898,0,-157.698,0
"MtrElec",10,27,22,"",185.209,0,0,0,0,0,0,0,0,0,0,0,0,0,0,0,0,0,0,0,0,243.133,0,-57.9236,0
"MtrElec",10,27,23,"",265.935,0,0,0,0,0,0,0,0,0,0,0,0,0,0,0,0,0,0,0,0,265.935,0,0,0
"MtrElec",10,27,24,"",190.121,0,0,0,0,0,0,0,0,0,0,0,0,0,0,0,0,0,0,0,0,190.121,0,0,0
"MtrElec",10,28,1,"",131.795,0,0,0,0,0,0,0,0,0,0,0,0,0,0,0,0,0,0,0,0,131.795,0,0,0
"MtrElec",10,28,2,"",106.442,0,0,0,0,0,0,0,0,0,0,0,0,0,0,0,0,0,0,0,0,106.442,0,0,0
"MtrElec",10,28,3,"",101.784,0,0,0,0,0,0,0,0,0,0,0,0,0,0,0,0,0,0,0,0,101.784,0,0,0
"MtrElec",10,28,4,"",104.424,0,0,0,0,0,0,0,0,0,0,0,0,0,0,0,0,0,0,0,0,104.424,0,0,0
"MtrElec",10,28,5,"",96.0009,0,0,0,0,0,0,0,0,0,0,0,0,0,0,0,0,0,0,0,0,96.0009,0,0,0
"MtrElec",10,28,6,"",138.72,0,0,0,0,0,0,0,0,0,0,0,0,0,0,0,0,0,0,0,0,138.72,0,0,0
"MtrElec",10,28,7,"",146.016,0,0,0,0,0,0,0,0,0,0,0,0,0,0,0,0,0,0,0,0,146.016,0,0,0
"MtrElec",10,28,8,"",184.353,0,0,0,0,0,0,0,0,0,0,0,0,0,0,0,0,0,0,0,0,225.409,0,0,-41.056
"MtrElec",10,28,9,"",81.0446,0,0,0,0,0,0,0,0,0,0,0,0,0,0,0,0,0,0,0,0,239.85,0,0,-158.806
"MtrElec",10,28,10,"",0,0,0,0,0,0,0,0,0,0,0,0,0,0,0,0,0,0,0,0,0,209.699,0,56.3693,-266.068
"MtrElec",10,28,11,"",0.0000078,0,0,0,0,0,0,0,0,0,0,0,0,0,0,0,0,0,0,0,0,221.71,0,118.637,-340.347
"MtrElec",10,28,12,"",0.0000156,0,0,0,0,0,0,0,0,0,0,0,0,0,0,0,0,0,0,0,0,237.773,0,147.238,-385.011
"MtrElec",10,28,13,"",-6.87444,0,0,0,0,0,0,0,0,0,0,0,0,0,0,0,0,0,0,0,0,244.288,0,157.698,-408.86
"MtrElec",10,28,14,"",-109.969,0,0,0,0,0,0,0,0,0,0,0,0,0,0,0,0,0,0,0,0,180.577,0,108.443,-398.989
"MtrElec",10,28,15,"",-140.902,0,0,0,0,0,0,0,0,0,0,0,0,0,0,0,0,0,0,0,0,216.183,0,0,-357.084
"MtrElec",10,28,16,"",-85.8472,0,0,0,0,0,0,0,0,0,0,0,0,0,0,0,0,0,0,0,0,199.123,0,0,-284.97
"MtrElec",10,28,17,"",66.3296,0,0,0,0,0,0,0,0,0,0,0,0,0,0,0,0,0,0,0,0,240.915,0,0,-174.586
"MtrElec",10,28,18,"",193.939,0,0,0,0,0,0,0,0,0,0,0,0,0,0,0,0,0,0,0,0,242.331,0,0,-48.3921
"MtrElec",10,28,19,"",133.185,0,0,0,0,0,0,0,0,0,0,0,0,0,0,0,0,0,0,0,0,290.883,0,-157.698,0
"MtrElec",10,28,20,"",152.024,0,0,0,0,0,0,0,0,0,0,0,0,0,0,0,0,0,0,0,0,309.722,0,-157.698,0
"MtrElec",10,28,21,"",179.709,0,0,0,0,0,0,0,0,0,0,0,0,0,0,0,0,0,0,0,0,337.407,0,-157.698,0
"MtrElec",10,28,22,"",170.906,0,0,0,0,0,0,0,0,0,0,0,0,0,0,0,0,0,0,0,0,228.83,0,-57.9236,0
"MtrElec",10,28,23,"",257.468,0,0,0,0,0,0,0,0,0,0,0,0,0,0,0,0,0,0,0,0,257.468,0,0,0
"MtrElec",10,28,24,"",169.1,0,0,0,0,0,0,0,0,0,0,0,0,0,0,0,0,0,0,0,0,169.1,0,0,0
"MtrElec",10,29,1,"",108,0,0,0,0,0,0,0,0,0,0,0,0,0,0,0,0,0,0,0,0,108,0,0,0
"MtrElec",10,29,2,"",108.951,0,0,0,0,0,0,0,0,0,0,0,0,0,0,0,0,0,0,0,0,108.951,0,0,0
"MtrElec",10,29,3,"",141.593,0,0,0,0,0,0,0,0,0,0,0,0,0,0,0,0,0,0,0,0,141.593,0,0,0
"MtrElec",10,29,4,"",92.9798,0,0,0,0,0,0,0,0,0,0,0,0,0,0,0,0,0,0,0,0,92.9798,0,0,0
"MtrElec",10,29,5,"",103.646,0,0,0,0,0,0,0,0,0,0,0,0,0,0,0,0,0,0,0,0,103.646,0,0,0
"MtrElec",10,29,6,"",113.6,0,0,0,0,0,0,0,0,0,0,0,0,0,0,0,0,0,0,0,0,113.6,0,0,0
"MtrElec",10,29,7,"",170.475,0,0,0,0,0,0,0,0,0,0,0,0,0,0,0,0,0,0,0,0,170.475,0,0,0
"MtrElec",10,29,8,"",217.473,0,0,0,0,0,0,0,0,0,0,0,0,0,0,0,0,0,0,0,0,259.13,0,0,-41.6571
"MtrElec",10,29,9,"",65.0955,0,0,0,0,0,0,0,0,0,0,0,0,0,0,0,0,0,0,0,0,224.985,0,0,-159.89
"MtrElec",10,29,10,"",0.272687,0,0,0,0,0,0,0,0,0,0,0,0,0,0,0,0,0,0,0,0,271.907,0,0,-271.634
"MtrElec",10,29,11,"",0,0,0,0,0,0,0,0,0,0,0,0,0,0,0,0,0,0,0,0,0,249.877,0,94.4337,-344.31
"MtrElec",10,29,12,"",-21.6062,0,0,0,0,0,0,0,0,0,0,0,0,0,0,0,0,0,0,0,0,216.429,0,157.698,-395.733
"MtrElec",10,29,13,"",0,0,0,0,0,0,0,0,0,0,0,0,0,0,0,0,0,0,0,0,0,266.302,0,145.089,-411.391
"MtrElec",10,29,14,"",-36.9463,0,0,0,0,0,0,0,0,0,0,0,0,0,0,0,0,0,0,0,0,205.886,0,157.698,-400.53
"MtrElec",10,29,15,"",-124.338,0,0,0,0,0,0,0,0,0,0,0,0,0,0,0,0,0,0,0,0,203.274,0,33.4661,-361.078
"MtrElec",10,29,16,"",-91.0447,0,0,0,0,0,0,0,0,0,0,0,0,0,0,0,0,0,0,0,0,193.555,0,0,-284.6
"MtrElec",10,29,17,"",89.2805,0,0,0,0,0,0,0,0,0,0,0,0,0,0,0,0,0,0,0,0,265.175,0,0,-175.895
"MtrElec",10,29,18,"",225.184,0,0,0,0,0,0,0,0,0,0,0,0,0,0,0,0,0,0,0,0,273.627,0,0,-48.4436
"MtrElec",10,29,19,"",148.275,0,0,0,0,0,0,0,0,0,0,0,0,0,0,0,0,0,0,0,0,305.973,0,-157.698,0
"MtrElec",10,29,20,"",128.899,0,0,0,0,0,0,0,0,0,0,0,0,0,0,0,0,0,0,0,0,286.597,0,-157.698,0
"MtrElec",10,29,21,"",129.604,0,0,0,0,0,0,0,0,0,0,0,0,0,0,0,0,0,0,0,0,287.302,0,-157.698,0
"MtrElec",10,29,22,"",169.502,0,0,0,0,0,0,0,0,0,0,0,0,0,0,0,0,0,0,0,0,227.426,0,-57.9236,0
"MtrElec",10,29,23,"",209.153,0,0,0,0,0,0,0,0,0,0,0,0,0,0,0,0,0,0,0,0,209.153,0,0,0
"MtrElec",10,29,24,"",157.059,0,0,0,0,0,0,0,0,0,0,0,0,0,0,0,0,0,0,0,0,157.059,0,0,0
"MtrElec",10,30,1,"",134.211,0,0,0,0,0,0,0,0,0,0,0,0,0,0,0,0,0,0,0,0,134.211,0,0,0
"MtrElec",10,30,2,"",106.441,0,0,0,0,0,0,0,0,0,0,0,0,0,0,0,0,0,0,0,0,106.441,0,0,0
"MtrElec",10,30,3,"",127.31,0,0,0,0,0,0,0,0,0,0,0,0,0,0,0,0,0,0,0,0,127.31,0,0,0
"MtrElec",10,30,4,"",106.317,0,0,0,0,0,0,0,0,0,0,0,0,0,0,0,0,0,0,0,0,106.317,0,0,0
"MtrElec",10,30,5,"",105.871,0,0,0,0,0,0,0,0,0,0,0,0,0,0,0,0,0,0,0,0,105.871,0,0,0
"MtrElec",10,30,6,"",102.387,0,0,0,0,0,0,0,0,0,0,0,0,0,0,0,0,0,0,0,0,102.387,0,0,0
"MtrElec",10,30,7,"",196.168,0,0,0,0,0,0,0,0,0,0,0,0,0,0,0,0,0,0,0,0,196.168,0,0,0
"MtrElec",10,30,8,"",203.321,0,0,0,0,0,0,0,0,0,0,0,0,0,0,0,0,0,0,0,0,245.108,0,0,-41.787
"MtrElec",10,30,9,"",60.9869,0,0,0,0,0,0,0,0,0,0,0,0,0,0,0,0,0,0,0,0,220.978,0,0,-159.991
"MtrElec",10,30,10,"",0,0,0,0,0,0,0,0,0,0,0,0,0,0,0,0,0,0,0,0,0,255.372,0,16.4733,-271.846
"MtrElec",10,30,11,"",0,0,0,0,0,0,0,0,0,0,0,0,0,0,0,0,0,0,0,0,0,288.867,0,55.6124,-344.479
"MtrElec",10,30,12,"",-51.2431,0,0,0,0,0,0,0,0,0,0,0,0,0,0,0,0,0,0,0,0,188.06,0,157.698,-397.001
"MtrElec",10,30,13,"",-51.9765,0,0,0,0,0,0,0,0,0,0,0,0,0,0,0,0,0,0,0,0,209.274,0,157.698,-418.948
"MtrElec",10,30,14,"",-70.6839,0,0,0,0,0,0,0,0,0,0,0,0,0,0,0,0,0,0,0,0,176.101,0,157.698,-404.483
"MtrElec",10,30,15,"",-118.135,0,0,0,0,0,0,0,0,0,0,0,0,0,0,0,0,0,0,0,0,199.383,0,43.2055,-360.724
"MtrElec",10,30,16,"",-108.385,0,0,0,0,0,0,0,0,0,0,0,0,0,0,0,0,0,0,0,0,176.669,0,0,-285.054
"MtrElec",10,30,17,"",64.9802,0,0,0,0,0,0,0,0,0,0,0,0,0,0,0,0,0,0,0,0,238.718,0,0,-173.738
"MtrElec",10,30,18,"",210.681,0,0,0,0,0,0,0,0,0,0,0,0,0,0,0,0,0,0,0,0,258.052,0,0,-47.3714
"MtrElec",10,30,19,"",116.508,0,0,0,0,0,0,0,0,0,0,0,0,0,0,0,0,0,0,0,0,274.206,0,-157.698,0
"MtrElec",10,30,20,"",125.075,0,0,0,0,0,0,0,0,0,0,0,0,0,0,0,0,0,0,0,0,282.773,0,-157.698,0
"MtrElec",10,30,21,"",138.346,0,0,0,0,0,0,0,0,0,0,0,0,0,0,0,0,0,0,0,0,296.044,0,-157.698,0
"MtrElec",10,30,22,"",161.397,0,0,0,0,0,0,0,0,0,0,0,0,0,0,0,0,0,0,0,0,219.32,0,-57.9236,0
"MtrElec",10,30,23,"",226.926,0,0,0,0,0,0,0,0,0,0,0,0,0,0,0,0,0,0,0,0,226.926,0,0,0
"MtrElec",10,30,24,"",217.066,0,0,0,0,0,0,0,0,0,0,0,0,0,0,0,0,0,0,0,0,217.066,0,0,0
"MtrElec",10,31,1,"",127.603,0,0,0,0,0,0,0,0,0,0,0,0,0,0,0,0,0,0,0,0,127.603,0,0,0
"MtrElec",10,31,2,"",95.6358,0,0,0,0,0,0,0,0,0,0,0,0,0,0,0,0,0,0,0,0,95.6358,0,0,0
"MtrElec",10,31,3,"",99.4717,0,0,0,0,0,0,0,0,0,0,0,0,0,0,0,0,0,0,0,0,99.4717,0,0,0
"MtrElec",10,31,4,"",105.571,0,0,0,0,0,0,0,0,0,0,0,0,0,0,0,0,0,0,0,0,105.571,0,0,0
"MtrElec",10,31,5,"",128.757,0,0,0,0,0,0,0,0,0,0,0,0,0,0,0,0,0,0,0,0,128.757,0,0,0
"MtrElec",10,31,6,"",94.7568,0,0,0,0,0,0,0,0,0,0,0,0,0,0,0,0,0,0,0,0,94.7568,0,0,0
"MtrElec",10,31,7,"",157.406,0,0,0,0,0,0,0,0,0,0,0,0,0,0,0,0,0,0,0,0,157.406,0,0,0
"MtrElec",10,31,8,"",134.501,0,0,0,0,0,0,0,0,0,0,0,0,0,0,0,0,0,0,0,0,174.267,0,0,-39.7659
"MtrElec",10,31,9,"",15.1904,0,0,0,0,0,0,0,0,0,0,0,0,0,0,0,0,0,0,0,0,171.963,0,0,-156.773
"MtrElec",10,31,10,"",0,0,0,0,0,0,0,0,0,0,0,0,0,0,0,0,0,0,0,0,0,238.793,0,29.8125,-268.606
"MtrElec",10,31,11,"",0,0,0,0,0,0,0,0,0,0,0,0,0,0,0,0,0,0,0,0,0,287.232,0,63.5968,-350.829
"MtrElec",10,31,12,"",-8.39436,0,0,0,0,0,0,0,0,0,0,0,0,0,0,0,0,0,0,0,0,237.537,0,157.698,-403.629
"MtrElec",10,31,13,"",-9.12922,0,0,0,0,0,0,0,0,0,0,0,0,0,0,0,0,0,0,0,0,255.219,0,157.698,-422.046
"MtrElec",10,31,14,"",-13.6266,0,0,0,0,0,0,0,0,0,0,0,0,0,0,0,0,0,0,0,0,236.767,0,157.698,-408.092
"MtrElec",10,31,15,"",-77.0446,0,0,0,0,0,0,0,0,0,0,0,0,0,0,0,0,0,0,0,0,262.667,0,21.8819,-361.593
"MtrElec",10,31,16,"",-47.2139,0,0,0,0,0,0,0,0,0,0,0,0,0,0,0,0,0,0,0,0,218.86,0,0,-266.074
"MtrElec",10,31,17,"",87.4497,0,0,0,0,0,0,0,0,0,0,0,0,0,0,0,0,0,0,0,0,210.26,0,0,-122.81
"MtrElec",10,31,18,"",226.375,0,0,0,0,0,0,0,0,0,0,0,0,0,0,0,0,0,0,0,0,270.023,0,0,-43.6477
"MtrElec",10,31,19,"",176.018,0,0,0,0,0,0,0,0,0,0,0,0,0,0,0,0,0,0,0,0,333.716,0,-157.698,0
"MtrElec",10,31,20,"",150.546,0,0,0,0,0,0,0,0,0,0,0,0,0,0,0,0,0,0,0,0,308.244,0,-157.698,0
"MtrElec",10,31,21,"",113.03,0,0,0,0,0,0,0,0,0,0,0,0,0,0,0,0,0,0,0,0,270.728,0,-157.698,0
"MtrElec",10,31,22,"",223.009,0,0,0,0,0,0,0,0,0,0,0,0,0,0,0,0,0,0,0,0,280.932,0,-57.9236,0
"MtrElec",10,31,23,"",192.453,0,0,0,0,0,0,0,0,0,0,0,0,0,0,0,0,0,0,0,0,192.453,0,0,0
"MtrElec",10,31,24,"",169.958,0,0,0,0,0,0,0,0,0,0,0,0,0,0,0,0,0,0,0,0,169.958,0,0,0
"MtrElec",11,1,1,"",120.128,0,0,0,0,0,0,0,0,0,0,0,0,0,0,0,0,0,0,0,0,120.128,0,0,0
"MtrElec",11,1,2,"",109.129,0,0,0,0,0,0,0,0,0,0,0,0,0,0,0,0,0,0,0,0,109.129,0,0,0
"MtrElec",11,1,3,"",98.0864,0,0,0,0,0,0,0,0,0,0,0,0,0,0,0,0,0,0,0,0,98.0864,0,0,0
"MtrElec",11,1,3,"",97.8216,0,0,0,0,0,0,0,0,0,0,0,0,0,0,0,0,0,0,0,0,97.8216,0,0,0
"MtrElec",11,1,4,"",140.4,0,0,0,0,0,0,0,0,0,0,0,0,0,0,0,0,0,0,0,0,140.4,0,0,0
"MtrElec",11,1,5,"",108.172,0,0,0,0,0,0,0,0,0,0,0,0,0,0,0,0,0,0,0,0,108.172,0,0,0
"MtrElec",11,1,6,"",97.8042,0,0,0,0,0,0,0,0,0,0,0,0,0,0,0,0,0,0,0,0,97.8042,0,0,0
"MtrElec",11,1,7,"",84.506,0,0,0,0,0,0,0,0,0,0,0,0,0,0,0,0,0,0,0,0,117.475,0,0,-32.9685
"MtrElec",11,1,8,"",30.1998,0,0,0,0,0,0,0,0,0,0,0,0,0,0,0,0,0,0,0,0,156.44,0,0,-126.241
"MtrElec",11,1,9,"",0,0,0,0,0,0,0,0,0,0,0,0,0,0,0,0,0,0,0,0,0,179.183,0,26.4683,-205.651
"MtrElec",11,1,10,"",0.0000039,0,0,0,0,0,0,0,0,0,0,0,0,0,0,0,0,0,0,0,0,231.727,0,64.2613,-295.989
"MtrElec",11,1,11,"",0,0,0,0,0,0,0,0,0,0,0,0,0,0,0,0,0,0,0,0,0,271.957,0,93.711,-365.668
"MtrElec",11,1,12,"",0.0000039,0,0,0,0,0,0,0,0,0,0,0,0,0,0,0,0,0,0,0,0,333.257,0,38.4484,-371.705
"MtrElec",11,1,13,"",0,0,0,0,0,0,0,0,0,0,0,0,0,0,0,0,0,0,0,0,0,261.608,0,51.8602,-313.468
"MtrElec",11,1,14,"",0,0,0,0,0,0,0,0,0,0,0,0,0,0,0,0,0,0,0,0,0,259.799,0,30.8547,-290.653
"MtrElec",11,1,15,"",80.1118,0,0,0,0,0,0,0,0,0,0,0,0,0,0,0,0,0,0,0,0,294.001,0,0,-213.889
"MtrElec",11,1,16,"",120.38,0,0,0,0,0,0,0,0,0,0,0,0,0,0,0,0,0,0,0,0,252.703,0,0,-132.323
"MtrElec",11,1,17,"",226.097,0,0,0,0,0,0,0,0,0,0,0,0,0,0,0,0,0,0,0,0,249.867,0,0,-23.7698
"MtrElec",11,1,18,"",251.768,0,0,0,0,0,0,0,0,0,0,0,0,0,0,0,0,0,0,0,0,251.768,0,0,0
"MtrElec",11,1,19,"",138.809,0,0,0,0,0,0,0,0,0,0,0,0,0,0,0,0,0,0,0,0,296.506,0,-157.698,0
"MtrElec",11,1,20,"",190.039,0,0,0,0,0,0,0,0,0,0,0,0,0,0,0,0,0,0,0,0,308.149,0,-118.11,0
"MtrElec",11,1,21,"",250.401,0,0,0,0,0,0,0,0,0,0,0,0,0,0,0,0,0,0,0,0,250.401,0,0,0
"MtrElec",11,1,22,"",248.248,0,0,0,0,0,0,0,0,0,0,0,0,0,0,0,0,0,0,0,0,248.248,0,0,0
"MtrElec",11,1,23,"",199.042,0,0,0,0,0,0,0,0,0,0,0,0,0,0,0,0,0,0,0,0,199.042,0,0,0
"MtrElec",11,1,24,"",150.179,0,0,0,0,0,0,0,0,0,0,0,0,0,0,0,0,0,0,0,0,150.179,0,0,0
"MtrElec",11,2,1,"",136.821,0,0,0,0,0,0,0,0,0,0,0,0,0,0,0,0,0,0,0,0,136.821,0,0,0
"MtrElec",11,2,2,"",111.493,0,0,0,0,0,0,0,0,0,0,0,0,0,0,0,0,0,0,0,0,111.493,0,0,0
"MtrElec",11,2,3,"",132.154,0,0,0,0,0,0,0,0,0,0,0,0,0,0,0,0,0,0,0,0,132.154,0,0,0
"MtrElec",11,2,4,"",105.207,0,0,0,0,0,0,0,0,0,0,0,0,0,0,0,0,0,0,0,0,105.207,0,0,0
"MtrElec",11,2,5,"",101.677,0,0,0,0,0,0,0,0,0,0,0,0,0,0,0,0,0,0,0,0,101.677,0,0,0
"MtrElec",11,2,6,"",100.232,0,0,0,0,0,0,0,0,0,0,0,0,0,0,0,0,0,0,0,0,100.232,0,0,0
"MtrElec",11,2,7,"",178.292,0,0,0,0,0,0,0,0,0,0,0,0,0,0,0,0,0,0,0,0,181.063,0,0,-2.77125
"MtrElec",11,2,8,"",136.991,0,0,0,0,0,0,0,0,0,0,0,0,0,0,0,0,0,0,0,0,228.869,0,0,-91.8776
"MtrElec",11,2,9,"",9.31633,0,0,0,0,0,0,0,0,0,0,0,0,0,0,0,0,0,0,0,0,211.539,0,0,-202.222
"MtrElec",11,2,10,"",0.0000078,0,0,0,0,0,0,0,0,0,0,0,0,0,0,0,0,0,0,0,0,217.172,0,120.451,-337.624
"MtrElec",11,2,11,"",-11.592,0,0,0,0,0,0,0,0,0,0,0,0,0,0,0,0,0,0,0,0,201.752,0,157.698,-371.042
"MtrElec",11,2,12,"",-3.57259,0,0,0,0,0,0,0,0,0,0,0,0,0,0,0,0,0,0,0,0,180.401,0,157.698,-341.672
"MtrElec",11,2,13,"",0.0000078,0,0,0,0,0,0,0,0,0,0,0,0,0,0,0,0,0,0,0,0,225.942,0,114.294,-340.236
"MtrElec",11,2,14,"",-103.952,0,0,0,0,0,0,0,0,0,0,0,0,0,0,0,0,0,0,0,0,183.271,0,38.2441,-325.468
"MtrElec",11,2,15,"",-77.2431,0,0,0,0,0,0,0,0,0,0,0,0,0,0,0,0,0,0,0,0,177.746,0,0,-254.989
"MtrElec",11,2,16,"",36.9379,0,0,0,0,0,0,0,0,0,0,0,0,0,0,0,0,0,0,0,0,183.218,0,0,-146.28
"MtrElec",11,2,17,"",198.099,0,0,0,0,0,0,0,0,0,0,0,0,0,0,0,0,0,0,0,0,237.013,0,0,-38.9144
"MtrElec",11,2,18,"",249.825,0,0,0,0,0,0,0,0,0,0,0,0,0,0,0,0,0,0,0,0,249.825,0,0,0
"MtrElec",11,2,19,"",112.956,0,0,0,0,0,0,0,0,0,0,0,0,0,0,0,0,0,0,0,0,270.654,0,-157.698,0
"MtrElec",11,2,20,"",80.7274,0,0,0,0,0,0,0,0,0,0,0,0,0,0,0,0,0,0,0,0,238.425,0,-157.698,0
"MtrElec",11,2,21,"",117.184,0,0,0,0,0,0,0,0,0,0,0,0,0,0,0,0,0,0,0,0,274.882,0,-157.698,0
"MtrElec",11,2,22,"",168.86,0,0,0,0,0,0,0,0,0,0,0,0,0,0,0,0,0,0,0,0,226.783,0,-57.9236,0
"MtrElec",11,2,23,"",252.028,0,0,0,0,0,0,0,0,0,0,0,0,0,0,0,0,0,0,0,0,252.028,0,0,0
"MtrElec",11,2,24,"",174.021,0,0,0,0,0,0,0,0,0,0,0,0,0,0,0,0,0,0,0,0,174.021,0,0,0
"MtrElec",11,3,1,"",143.244,0,0,0,0,0,0,0,0,0,0,0,0,0,0,0,0,0,0,0,0,143.244,0,0,0
"MtrElec",11,3,2,"",128.585,0,0,0,0,0,0,0,0,0,0,0,0,0,0,0,0,0,0,0,0,128.585,0,0,0
"MtrElec",11,3,3,"",90.5623,0,0,0,0,0,0,0,0,0,0,0,0,0,0,0,0,0,0,0,0,90.5623,0,0,0
"MtrElec",11,3,4,"",105.622,0,0,0,0,0,0,0,0,0,0,0,0,0,0,0,0,0,0,0,0,105.622,0,0,0
"MtrElec",11,3,5,"",103.541,0,0,0,0,0,0,0,0,0,0,0,0,0,0,0,0,0,0,0,0,103.541,0,0,0
"MtrElec",11,3,6,"",106.212,0,0,0,0,0,0,0,0,0,0,0,0,0,0,0,0,0,0,0,0,106.212,0,0,0
"MtrElec",11,3,7,"",149.31,0,0,0,0,0,0,0,0,0,0,0,0,0,0,0,0,0,0,0,0,162.46,0,0,-13.1503
"MtrElec",11,3,8,"",163.885,0,0,0,0,0,0,0,0,0,0,0,0,0,0,0,0,0,0,0,0,232.132,0,0,-68.2478
"MtrElec",11,3,9,"",43.3335,0,0,0,0,0,0,0,0,0,0,0,0,0,0,0,0,0,0,0,0,209.978,0,0,-166.644
"MtrElec",11,3,10,"",0,0,0,0,0,0,0,0,0,0,0,0,0,0,0,0,0,0,0,0,0,236.576,0,103.909,-340.485
"MtrElec",11,3,11,"",-0.310344,0,0,0,0,0,0,0,0,0,0,0,0,0,0,0,0,0,0,0,0,239.01,0,157.698,-397.019
"MtrElec",11,3,12,"",-46.747,0,0,0,0,0,0,0,0,0,0,0,0,0,0,0,0,0,0,0,0,216.361,0,157.698,-420.806
"MtrElec",11,3,13,"",-21.5157,0,0,0,0,0,0,0,0,0,0,0,0,0,0,0,0,0,0,0,0,227.346,0,157.698,-406.56
"MtrElec",11,3,14,"",-224.077,0,0,0,0,0,0,0,0,0,0,0,0,0,0,0,0,0,0,0,0,123.047,0,11.3825,-358.506
"MtrElec",11,3,15,"",-93.0563,0,0,0,0,0,0,0,0,0,0,0,0,0,0,0,0,0,0,0,0,183.095,0,0,-276.151
"MtrElec",11,3,16,"",22.7037,0,0,0,0,0,0,0,0,0,0,0,0,0,0,0,0,0,0,0,0,188.053,0,0,-165.349
"MtrElec",11,3,17,"",158.137,0,0,0,0,0,0,0,0,0,0,0,0,0,0,0,0,0,0,0,0,199.397,0,0,-41.2596
"MtrElec",11,3,18,"",228.791,0,0,0,0,0,0,0,0,0,0,0,0,0,0,0,0,0,0,0,0,228.791,0,0,0
"MtrElec",11,3,19,"",98.4043,0,0,0,0,0,0,0,0,0,0,0,0,0,0,0,0,0,0,0,0,256.102,0,-157.698,0
"MtrElec",11,3,20,"",108.942,0,0,0,0,0,0,0,0,0,0,0,0,0,0,0,0,0,0,0,0,266.64,0,-157.698,0
"MtrElec",11,3,21,"",89.3345,0,0,0,0,0,0,0,0,0,0,0,0,0,0,0,0,0,0,0,0,247.032,0,-157.698,0
"MtrElec",11,3,22,"",150.119,0,0,0,0,0,0,0,0,0,0,0,0,0,0,0,0,0,0,0,0,208.043,0,-57.9236,0
"MtrElec",11,3,23,"",218.165,0,0,0,0,0,0,0,0,0,0,0,0,0,0,0,0,0,0,0,0,218.165,0,0,0
"MtrElec",11,3,24,"",187.852,0,0,0,0,0,0,0,0,0,0,0,0,0,0,0,0,0,0,0,0,187.852,0,0,0
"MtrElec",11,4,1,"",139.551,0,0,0,0,0,0,0,0,0,0,0,0,0,0,0,0,0,0,0,0,139.551,0,0,0
"MtrElec",11,4,2,"",103.877,0,0,0,0,0,0,0,0,0,0,0,0,0,0,0,0,0,0,0,0,103.877,0,0,0
"MtrElec",11,4,3,"",93.9488,0,0,0,0,0,0,0,0,0,0,0,0,0,0,0,0,0,0,0,0,93.9488,0,0,0
"MtrElec",11,4,4,"",105.158,0,0,0,0,0,0,0,0,0,0,0,0,0,0,0,0,0,0,0,0,105.158,0,0,0
"MtrElec",11,4,5,"",103.368,0,0,0,0,0,0,0,0,0,0,0,0,0,0,0,0,0,0,0,0,103.368,0,0,0
"MtrElec",11,4,6,"",98.4853,0,0,0,0,0,0,0,0,0,0,0,0,0,0,0,0,0,0,0,0,98.4853,0,0,0
"MtrElec",11,4,7,"",196.615,0,0,0,0,0,0,0,0,0,0,0,0,0,0,0,0,0,0,0,0,201.149,0,0,-4.53391
"MtrElec",11,4,8,"",208.51,0,0,0,0,0,0,0,0,0,0,0,0,0,0,0,0,0,0,0,0,231.606,0,0,-23.0961
"MtrElec",11,4,9,"",149.119,0,0,0,0,0,0,0,0,0,0,0,0,0,0,0,0,0,0,0,0,250.331,0,0,-101.212
"MtrElec",11,4,10,"",86.7655,0,0,0,0,0,0,0,0,0,0,0,0,0,0,0,0,0,0,0,0,261.432,0,0,-174.667
"MtrElec",11,4,11,"",138.834,0,0,0,0,0,0,0,0,0,0,0,0,0,0,0,0,0,0,0,0,219.663,0,0,-80.8287
"MtrElec",11,4,12,"",120.391,0,0,0,0,0,0,0,0,0,0,0,0,0,0,0,0,0,0,0,0,211.242,0,0,-90.8515
"MtrElec",11,4,13,"",48.6968,0,0,0,0,0,0,0,0,0,0,0,0,0,0,0,0,0,0,0,0,217.274,0,0,-168.577
"MtrElec",11,4,14,"",0,0,0,0,0,0,0,0,0,0,0,0,0,0,0,0,0,0,0,0,0,137.955,0,128.463,-266.418
"MtrElec",11,4,15,"",0,0,0,0,0,0,0,0,0,0,0,0,0,0,0,0,0,0,0,0,0,183.842,0,102.793,-286.635
"MtrElec",11,4,16,"",0,0,0,0,0,0,0,0,0,0,0,0,0,0,0,0,0,0,0,0,0,147.987,0,24.5583,-172.546
"MtrElec",11,4,17,"",165.588,0,0,0,0,0,0,0,0,0,0,0,0,0,0,0,0,0,0,0,0,208.723,0,0,-43.1351
"MtrElec",11,4,18,"",228.169,0,0,0,0,0,0,0,0,0,0,0,0,0,0,0,0,0,0,0,0,228.169,0,0,0
"MtrElec",11,4,19,"",98.4835,0,0,0,0,0,0,0,0,0,0,0,0,0,0,0,0,0,0,0,0,256.181,0,-157.698,0
"MtrElec",11,4,20,"",187.886,0,0,0,0,0,0,0,0,0,0,0,0,0,0,0,0,0,0,0,0,261.061,0,-73.175,0
"MtrElec",11,4,21,"",294.821,0,0,0,0,0,0,0,0,0,0,0,0,0,0,0,0,0,0,0,0,294.821,0,0,0
"MtrElec",11,4,22,"",225.449,0,0,0,0,0,0,0,0,0,0,0,0,0,0,0,0,0,0,0,0,225.449,0,0,0
"MtrElec",11,4,23,"",198.414,0,0,0,0,0,0,0,0,0,0,0,0,0,0,0,0,0,0,0,0,198.414,0,0,0
"MtrElec",11,4,24,"",139.73,0,0,0,0,0,0,0,0,0,0,0,0,0,0,0,0,0,0,0,0,139.73,0,0,0
"MtrElec",11,5,1,"",98.7272,0,0,0,0,0,0,0,0,0,0,0,0,0,0,0,0,0,0,0,0,98.7272,0,0,0
"MtrElec",11,5,2,"",113.241,0,0,0,0,0,0,0,0,0,0,0,0,0,0,0,0,0,0,0,0,113.241,0,0,0
"MtrElec",11,5,3,"",113.852,0,0,0,0,0,0,0,0,0,0,0,0,0,0,0,0,0,0,0,0,113.852,0,0,0
"MtrElec",11,5,4,"",136.599,0,0,0,0,0,0,0,0,0,0,0,0,0,0,0,0,0,0,0,0,136.599,0,0,0
"MtrElec",11,5,5,"",101.904,0,0,0,0,0,0,0,0,0,0,0,0,0,0,0,0,0,0,0,0,101.904,0,0,0
"MtrElec",11,5,6,"",110.02,0,0,0,0,0,0,0,0,0,0,0,0,0,0,0,0,0,0,0,0,110.02,0,0,0
"MtrElec",11,5,7,"",141.897,0,0,0,0,0,0,0,0,0,0,0,0,0,0,0,0,0,0,0,0,179.039,0,0,-37.1419
"MtrElec",11,5,8,"",88.8247,0,0,0,0,0,0,0,0,0,0,0,0,0,0,0,0,0,0,0,0,241.691,0,0,-152.866
"MtrElec",11,5,9,"",0,0,0,0,0,0,0,0,0,0,0,0,0,0,0,0,0,0,0,0,0,196.502,0,74.1886,-270.69
"MtrElec",11,5,10,"",0,0,0,0,0,0,0,0,0,0,0,0,0,0,0,0,0,0,0,0,0,191.369,0,156.093,-347.462
"MtrElec",11,5,11,"",-57.5219,0,0,0,0,0,0,0,0,0,0,0,0,0,0,0,0,0,0,0,0,182.983,0,157.698,-398.203
"MtrElec",11,5,12,"",-61.9515,0,0,0,0,0,0,0,0,0,0,0,0,0,0,0,0,0,0,0,0,202.211,0,157.698,-421.86
"MtrElec",11,5,13,"",-194.259,0,0,0,0,0,0,0,0,0,0,0,0,0,0,0,0,0,0,0,0,170.846,0,42.7075,-407.813
"MtrElec",11,5,14,"",-215.393,0,0,0,0,0,0,0,0,0,0,0,0,0,0,0,0,0,0,0,0,144.633,0,0,-360.026
"MtrElec",11,5,15,"",-116.971,0,0,0,0,0,0,0,0,0,0,0,0,0,0,0,0,0,0,0,0,163.082,0,0,-280.053
"MtrElec",11,5,16,"",-25.8121,0,0,0,0,0,0,0,0,0,0,0,0,0,0,0,0,0,0,0,0,141.302,0,0,-167.114
"MtrElec",11,5,17,"",161.943,0,0,0,0,0,0,0,0,0,0,0,0,0,0,0,0,0,0,0,0,203.111,0,0,-41.168
"MtrElec",11,5,18,"",202.75,0,0,0,0,0,0,0,0,0,0,0,0,0,0,0,0,0,0,0,0,202.75,0,0,0
"MtrElec",11,5,19,"",97.843,0,0,0,0,0,0,0,0,0,0,0,0,0,0,0,0,0,0,0,0,255.541,0,-157.698,0
"MtrElec",11,5,20,"",114.652,0,0,0,0,0,0,0,0,0,0,0,0,0,0,0,0,0,0,0,0,272.35,0,-157.698,0
"MtrElec",11,5,21,"",112.905,0,0,0,0,0,0,0,0,0,0,0,0,0,0,0,0,0,0,0,0,270.603,0,-157.698,0
"MtrElec",11,5,22,"",172.47,0,0,0,0,0,0,0,0,0,0,0,0,0,0,0,0,0,0,0,0,230.394,0,-57.9236,0
"MtrElec",11,5,23,"",208.678,0,0,0,0,0,0,0,0,0,0,0,0,0,0,0,0,0,0,0,0,208.678,0,0,0
"MtrElec",11,5,24,"",171.727,0,0,0,0,0,0,0,0,0,0,0,0,0,0,0,0,0,0,0,0,171.727,0,0,0
"MtrElec",11,6,1,"",155.267,0,0,0,0,0,0,0,0,0,0,0,0,0,0,0,0,0,0,0,0,155.267,0,0,0
"MtrElec",11,6,2,"",109.167,0,0,0,0,0,0,0,0,0,0,0,0,0,0,0,0,0,0,0,0,109.167,0,0,0
"MtrElec",11,6,3,"",96.5666,0,0,0,0,0,0,0,0,0,0,0,0,0,0,0,0,0,0,0,0,96.5666,0,0,0
"MtrElec",11,6,4,"",110.901,0,0,0,0,0,0,0,0,0,0,0,0,0,0,0,0,0,0,0,0,110.901,0,0,0
"MtrElec",11,6,5,"",110.04,0,0,0,0,0,0,0,0,0,0,0,0,0,0,0,0,0,0,0,0,110.04,0,0,0
"MtrElec",11,6,6,"",104.594,0,0,0,0,0,0,0,0,0,0,0,0,0,0,0,0,0,0,0,0,104.594,0,0,0
"MtrElec",11,6,7,"",160.246,0,0,0,0,0,0,0,0,0,0,0,0,0,0,0,0,0,0,0,0,173.191,0,0,-12.9451
"MtrElec",11,6,8,"",172.283,0,0,0,0,0,0,0,0,0,0,0,0,0,0,0,0,0,0,0,0,237.357,0,0,-65.0735
"MtrElec",11,6,9,"",151.046,0,0,0,0,0,0,0,0,0,0,0,0,0,0,0,0,0,0,0,0,242.068,0,0,-91.022
"MtrElec",11,6,10,"",34.128,0,0,0,0,0,0,0,0,0,0,0,0,0,0,0,0,0,0,0,0,193.283,0,0,-159.155
"MtrElec",11,6,11,"",0.0000156,0,0,0,0,0,0,0,0,0,0,0,0,0,0,0,0,0,0,0,0,182.393,0,132.676,-315.069
"MtrElec",11,6,12,"",-1.57352,0,0,0,0,0,0,0,0,0,0,0,0,0,0,0,0,0,0,0,0,172.931,0,157.698,-332.203
"MtrElec",11,6,13,"",0.0000078,0,0,0,0,0,0,0,0,0,0,0,0,0,0,0,0,0,0,0,0,191.773,0,120.639,-312.411
"MtrElec",11,6,14,"",0,0,0,0,0,0,0,0,0,0,0,0,0,0,0,0,0,0,0,0,0,147.082,0,27.112,-174.194
"MtrElec",11,6,15,"",0.0000039,0,0,0,0,0,0,0,0,0,0,0,0,0,0,0,0,0,0,0,0,129.935,0,65.3755,-195.31
"MtrElec",11,6,16,"",83.5451,0,0,0,0,0,0,0,0,0,0,0,0,0,0,0,0,0,0,0,0,163.957,0,0,-80.4117
"MtrElec",11,6,17,"",150.947,0,0,0,0,0,0,0,0,0,0,0,0,0,0,0,0,0,0,0,0,169.928,0,0,-18.9805
"MtrElec",11,6,18,"",229.399,0,0,0,0,0,0,0,0,0,0,0,0,0,0,0,0,0,0,0,0,229.399,0,0,0
"MtrElec",11,6,19,"",100.088,0,0,0,0,0,0,0,0,0,0,0,0,0,0,0,0,0,0,0,0,257.786,0,-157.698,0
"MtrElec",11,6,20,"",85.2093,0,0,0,0,0,0,0,0,0,0,0,0,0,0,0,0,0,0,0,0,242.907,0,-157.698,0
"MtrElec",11,6,21,"",114.26,0,0,0,0,0,0,0,0,0,0,0,0,0,0,0,0,0,0,0,0,253.274,0,-139.014,0
"MtrElec",11,6,22,"",219.409,0,0,0,0,0,0,0,0,0,0,0,0,0,0,0,0,0,0,0,0,219.409,0,0,0
"MtrElec",11,6,23,"",173.084,0,0,0,0,0,0,0,0,0,0,0,0,0,0,0,0,0,0,0,0,173.084,0,0,0
"MtrElec",11,6,24,"",160.399,0,0,0,0,0,0,0,0,0,0,0,0,0,0,0,0,0,0,0,0,160.399,0,0,0
"MtrElec",11,7,1,"",104.622,0,0,0,0,0,0,0,0,0,0,0,0,0,0,0,0,0,0,0,0,104.622,0,0,0
"MtrElec",11,7,2,"",106.767,0,0,0,0,0,0,0,0,0,0,0,0,0,0,0,0,0,0,0,0,106.767,0,0,0
"MtrElec",11,7,3,"",106.236,0,0,0,0,0,0,0,0,0,0,0,0,0,0,0,0,0,0,0,0,106.236,0,0,0
"MtrElec",11,7,4,"",93.4503,0,0,0,0,0,0,0,0,0,0,0,0,0,0,0,0,0,0,0,0,93.4503,0,0,0
"MtrElec",11,7,5,"",155.604,0,0,0,0,0,0,0,0,0,0,0,0,0,0,0,0,0,0,0,0,155.604,0,0,0
"MtrElec",11,7,6,"",109.35,0,0,0,0,0,0,0,0,0,0,0,0,0,0,0,0,0,0,0,0,109.35,0,0,0
"MtrElec",11,7,7,"",101.852,0,0,0,0,0,0,0,0,0,0,0,0,0,0,0,0,0,0,0,0,104.871,0,0,-3.01831
"MtrElec",11,7,8,"",108.643,0,0,0,0,0,0,0,0,0,0,0,0,0,0,0,0,0,0,0,0,177.058,0,0,-68.4149
"MtrElec",11,7,9,"",95.2032,0,0,0,0,0,0,0,0,0,0,0,0,0,0,0,0,0,0,0,0,225.34,0,0,-130.137
"MtrElec",11,7,10,"",0.0000020,0,0,0,0,0,0,0,0,0,0,0,0,0,0,0,0,0,0,0,0,222.327,0,26.37,-248.697
"MtrElec",11,7,11,"",0.0000156,0,0,0,0,0,0,0,0,0,0,0,0,0,0,0,0,0,0,0,0,237.17,0,146.308,-383.478
"MtrElec",11,7,12,"",0.0000078,0,0,0,0,0,0,0,0,0,0,0,0,0,0,0,0,0,0,0,0,287.721,0,121.438,-409.159
"MtrElec",11,7,13,"",0,0,0,0,0,0,0,0,0,0,0,0,0,0,0,0,0,0,0,0,0,275.738,0,106.125,-381.864
"MtrElec",11,7,14,"",0,0,0,0,0,0,0,0,0,0,0,0,0,0,0,0,0,0,0,0,0,209.901,0,83.4777,-293.379
"MtrElec",11,7,15,"",0,0,0,0,0,0,0,0,0,0,0,0,0,0,0,0,0,0,0,0,0,210.222,0,23.5387,-233.761
"MtrElec",11,7,16,"",61.4327,0,0,0,0,0,0,0,0,0,0,0,0,0,0,0,0,0,0,0,0,170.799,0,0,-109.366
"MtrElec",11,7,17,"",177.743,0,0,0,0,0,0,0,0,0,0,0,0,0,0,0,0,0,0,0,0,200.038,0,0,-22.2951
"MtrElec",11,7,18,"",247.933,0,0,0,0,0,0,0,0,0,0,0,0,0,0,0,0,0,0,0,0,247.933,0,0,0
"MtrElec",11,7,19,"",178.967,0,0,0,0,0,0,0,0,0,0,0,0,0,0,0,0,0,0,0,0,336.665,0,-157.698,0
"MtrElec",11,7,20,"",115.714,0,0,0,0,0,0,0,0,0,0,0,0,0,0,0,0,0,0,0,0,273.412,0,-157.698,0
"MtrElec",11,7,21,"",78.1495,0,0,0,0,0,0,0,0,0,0,0,0,0,0,0,0,0,0,0,0,220.554,0,-142.404,0
"MtrElec",11,7,22,"",224.164,0,0,0,0,0,0,0,0,0,0,0,0,0,0,0,0,0,0,0,0,224.164,0,0,0
"MtrElec",11,7,23,"",192.266,0,0,0,0,0,0,0,0,0,0,0,0,0,0,0,0,0,0,0,0,192.266,0,0,0
"MtrElec",11,7,24,"",165.622,0,0,0,0,0,0,0,0,0,0,0,0,0,0,0,0,0,0,0,0,165.622,0,0,0
"MtrElec",11,8,1,"",106.804,0,0,0,0,0,0,0,0,0,0,0,0,0,0,0,0,0,0,0,0,106.804,0,0,0
"MtrElec",11,8,2,"",107.098,0,0,0,0,0,0,0,0,0,0,0,0,0,0,0,0,0,0,0,0,107.098,0,0,0
"MtrElec",11,8,3,"",146.171,0,0,0,0,0,0,0,0,0,0,0,0,0,0,0,0,0,0,0,0,146.171,0,0,0
"MtrElec",11,8,4,"",100.279,0,0,0,0,0,0,0,0,0,0,0,0,0,0,0,0,0,0,0,0,100.279,0,0,0
"MtrElec",11,8,5,"",131.078,0,0,0,0,0,0,0,0,0,0,0,0,0,0,0,0,0,0,0,0,131.078,0,0,0
"MtrElec",11,8,6,"",107.607,0,0,0,0,0,0,0,0,0,0,0,0,0,0,0,0,0,0,0,0,107.607,0,0,0
"MtrElec",11,8,7,"",141.438,0,0,0,0,0,0,0,0,0,0,0,0,0,0,0,0,0,0,0,0,141.438,0,0,0
"MtrElec",11,8,8,"",105.612,0,0,0,0,0,0,0,0,0,0,0,0,0,0,0,0,0,0,0,0,136.161,0,0,-30.5486
"MtrElec",11,8,9,"",71.6485,0,0,0,0,0,0,0,0,0,0,0,0,0,0,0,0,0,0,0,0,208.988,0,0,-137.34
"MtrElec",11,8,10,"",78.274,0,0,0,0,0,0,0,0,0,0,0,0,0,0,0,0,0,0,0,0,250.422,0,0,-172.148
"MtrElec",11,8,11,"",0,0,0,0,0,0,0,0,0,0,0,0,0,0,0,0,0,0,0,0,0,255.587,0,0.367266,-255.954
"MtrElec",11,8,12,"",0.0000039,0,0,0,0,0,0,0,0,0,0,0,0,0,0,0,0,0,0,0,0,269.906,0,54.1592,-324.065
"MtrElec",11,8,13,"",0.0000020,0,0,0,0,0,0,0,0,0,0,0,0,0,0,0,0,0,0,0,0,265.605,0,30.0521,-295.657
"MtrElec",11,8,14,"",0,0,0,0,0,0,0,0,0,0,0,0,0,0,0,0,0,0,0,0,0,203.847,0,18.8397,-222.687
"MtrElec",11,8,15,"",110.085,0,0,0,0,0,0,0,0,0,0,0,0,0,0,0,0,0,0,0,0,236.962,0,0,-126.876
"MtrElec",11,8,16,"",158.238,0,0,0,0,0,0,0,0,0,0,0,0,0,0,0,0,0,0,0,0,211.316,0,0,-53.078
"MtrElec",11,8,17,"",214.868,0,0,0,0,0,0,0,0,0,0,0,0,0,0,0,0,0,0,0,0,219.853,0,0,-4.98422
"MtrElec",11,8,18,"",225.479,0,0,0,0,0,0,0,0,0,0,0,0,0,0,0,0,0,0,0,0,225.479,0,0,0
"MtrElec",11,8,19,"",217.589,0,0,0,0,0,0,0,0,0,0,0,0,0,0,0,0,0,0,0,0,310.924,0,-93.335,0
"MtrElec",11,8,20,"",295.387,0,0,0,0,0,0,0,0,0,0,0,0,0,0,0,0,0,0,0,0,295.387,0,0,0
"MtrElec",11,8,21,"",208.805,0,0,0,0,0,0,0,0,0,0,0,0,0,0,0,0,0,0,0,0,208.805,0,0,0
"MtrElec",11,8,22,"",273.007,0,0,0,0,0,0,0,0,0,0,0,0,0,0,0,0,0,0,0,0,273.007,0,0,0
"MtrElec",11,8,23,"",189.475,0,0,0,0,0,0,0,0,0,0,0,0,0,0,0,0,0,0,0,0,189.475,0,0,0
"MtrElec",11,8,24,"",155.246,0,0,0,0,0,0,0,0,0,0,0,0,0,0,0,0,0,0,0,0,155.246,0,0,0
"MtrElec",11,9,1,"",106.899,0,0,0,0,0,0,0,0,0,0,0,0,0,0,0,0,0,0,0,0,106.899,0,0,0
"MtrElec",11,9,2,"",106.45,0,0,0,0,0,0,0,0,0,0,0,0,0,0,0,0,0,0,0,0,106.45,0,0,0
"MtrElec",11,9,3,"",102.629,0,0,0,0,0,0,0,0,0,0,0,0,0,0,0,0,0,0,0,0,102.629,0,0,0
"MtrElec",11,9,4,"",99.4973,0,0,0,0,0,0,0,0,0,0,0,0,0,0,0,0,0,0,0,0,99.4973,0,0,0
"MtrElec",11,9,5,"",128.139,0,0,0,0,0,0,0,0,0,0,0,0,0,0,0,0,0,0,0,0,128.139,0,0,0
"MtrElec",11,9,6,"",110.771,0,0,0,0,0,0,0,0,0,0,0,0,0,0,0,0,0,0,0,0,110.771,0,0,0
"MtrElec",11,9,7,"",183.002,0,0,0,0,0,0,0,0,0,0,0,0,0,0,0,0,0,0,0,0,191.865,0,0,-8.86291
"MtrElec",11,9,8,"",109.162,0,0,0,0,0,0,0,0,0,0,0,0,0,0,0,0,0,0,0,0,187.617,0,0,-78.4547
"MtrElec",11,9,9,"",103.867,0,0,0,0,0,0,0,0,0,0,0,0,0,0,0,0,0,0,0,0,212.987,0,0,-109.12
"MtrElec",11,9,10,"",0.0000010,0,0,0,0,0,0,0,0,0,0,0,0,0,0,0,0,0,0,0,0,213.371,0,13.3489,-226.72
"MtrElec",11,9,11,"",0,0,0,0,0,0,0,0,0,0,0,0,0,0,0,0,0,0,0,0,0,193.14,0,55.1163,-248.257
"MtrElec",11,9,12,"",0,0,0,0,0,0,0,0,0,0,0,0,0,0,0,0,0,0,0,0,0,195.547,0,19.5804,-215.127
"MtrElec",11,9,13,"",0,0,0,0,0,0,0,0,0,0,0,0,0,0,0,0,0,0,0,0,0,181.215,0,29.7066,-210.922
"MtrElec",11,9,14,"",0,0,0,0,0,0,0,0,0,0,0,0,0,0,0,0,0,0,0,0,0,122.668,0,77.1954,-199.864
"MtrElec",11,9,15,"",57.9774,0,0,0,0,0,0,0,0,0,0,0,0,0,0,0,0,0,0,0,0,160.705,0,0,-102.727
"MtrElec",11,9,16,"",117.093,0,0,0,0,0,0,0,0,0,0,0,0,0,0,0,0,0,0,0,0,125.804,0,0,-8.71123
"MtrElec",11,9,17,"",206.3,0,0,0,0,0,0,0,0,0,0,0,0,0,0,0,0,0,0,0,0,206.3,0,0,0
"MtrElec",11,9,18,"",252.298,0,0,0,0,0,0,0,0,0,0,0,0,0,0,0,0,0,0,0,0,252.298,0,0,0
"MtrElec",11,9,19,"",94.6977,0,0,0,0,0,0,0,0,0,0,0,0,0,0,0,0,0,0,0,0,252.396,0,-157.698,0
"MtrElec",11,9,20,"",222.096,0,0,0,0,0,0,0,0,0,0,0,0,0,0,0,0,0,0,0,0,240.339,0,-18.2423,0
"MtrElec",11,9,21,"",266.226,0,0,0,0,0,0,0,0,0,0,0,0,0,0,0,0,0,0,0,0,266.226,0,0,0
"MtrElec",11,9,22,"",222.502,0,0,0,0,0,0,0,0,0,0,0,0,0,0,0,0,0,0,0,0,222.502,0,0,0
"MtrElec",11,9,23,"",183.624,0,0,0,0,0,0,0,0,0,0,0,0,0,0,0,0,0,0,0,0,183.624,0,0,0
"MtrElec",11,9,24,"",194.654,0,0,0,0,0,0,0,0,0,0,0,0,0,0,0,0,0,0,0,0,194.654,0,0,0
"MtrElec",11,10,1,"",156.825,0,0,0,0,0,0,0,0,0,0,0,0,0,0,0,0,0,0,0,0,156.825,0,0,0
"MtrElec",11,10,2,"",108.769,0,0,0,0,0,0,0,0,0,0,0,0,0,0,0,0,0,0,0,0,108.769,0,0,0
"MtrElec",11,10,3,"",93.2162,0,0,0,0,0,0,0,0,0,0,0,0,0,0,0,0,0,0,0,0,93.2162,0,0,0
"MtrElec",11,10,4,"",107.671,0,0,0,0,0,0,0,0,0,0,0,0,0,0,0,0,0,0,0,0,107.671,0,0,0
"MtrElec",11,10,5,"",106.752,0,0,0,0,0,0,0,0,0,0,0,0,0,0,0,0,0,0,0,0,106.752,0,0,0
"MtrElec",11,10,6,"",133.697,0,0,0,0,0,0,0,0,0,0,0,0,0,0,0,0,0,0,0,0,133.697,0,0,0
"MtrElec",11,10,7,"",177.835,0,0,0,0,0,0,0,0,0,0,0,0,0,0,0,0,0,0,0,0,191.342,0,0,-13.5071
"MtrElec",11,10,8,"",156.633,0,0,0,0,0,0,0,0,0,0,0,0,0,0,0,0,0,0,0,0,198.825,0,0,-42.192
"MtrElec",11,10,9,"",159.44,0,0,0,0,0,0,0,0,0,0,0,0,0,0,0,0,0,0,0,0,238.397,0,0,-78.9575
"MtrElec",11,10,10,"",60.4686,0,0,0,0,0,0,0,0,0,0,0,0,0,0,0,0,0,0,0,0,234.353,0,0,-173.884
"MtrElec",11,10,11,"",121.733,0,0,0,0,0,0,0,0,0,0,0,0,0,0,0,0,0,0,0,0,240.093,0,0,-118.36
"MtrElec",11,10,12,"",106.727,0,0,0,0,0,0,0,0,0,0,0,0,0,0,0,0,0,0,0,0,186.558,0,0,-79.8313
"MtrElec",11,10,13,"",0,0,0,0,0,0,0,0,0,0,0,0,0,0,0,0,0,0,0,0,0,175.857,0,43.6623,-219.519
"MtrElec",11,10,14,"",0,0,0,0,0,0,0,0,0,0,0,0,0,0,0,0,0,0,0,0,0,149.483,0,136.387,-285.87
"MtrElec",11,10,15,"",133.311,0,0,0,0,0,0,0,0,0,0,0,0,0,0,0,0,0,0,0,0,154.722,0,0,-21.4111
"MtrElec",11,10,16,"",27.9857,0,0,0,0,0,0,0,0,0,0,0,0,0,0,0,0,0,0,0,0,148.833,0,0,-120.848
"MtrElec",11,10,17,"",165.338,0,0,0,0,0,0,0,0,0,0,0,0,0,0,0,0,0,0,0,0,192.473,0,0,-27.1344
"MtrElec",11,10,18,"",209.36,0,0,0,0,0,0,0,0,0,0,0,0,0,0,0,0,0,0,0,0,209.36,0,0,0
"MtrElec",11,10,19,"",83.4012,0,0,0,0,0,0,0,0,0,0,0,0,0,0,0,0,0,0,0,0,241.099,0,-157.698,0
"MtrElec",11,10,20,"",264.761,0,0,0,0,0,0,0,0,0,0,0,0,0,0,0,0,0,0,0,0,269.558,0,-4.79621,0
"MtrElec",11,10,21,"",305.678,0,0,0,0,0,0,0,0,0,0,0,0,0,0,0,0,0,0,0,0,305.678,0,0,0
"MtrElec",11,10,22,"",223.357,0,0,0,0,0,0,0,0,0,0,0,0,0,0,0,0,0,0,0,0,223.357,0,0,0
"MtrElec",11,10,23,"",188.744,0,0,0,0,0,0,0,0,0,0,0,0,0,0,0,0,0,0,0,0,188.744,0,0,0
"MtrElec",11,10,24,"",216.65,0,0,0,0,0,0,0,0,0,0,0,0,0,0,0,0,0,0,0,0,216.65,0,0,0
"MtrElec",11,11,1,"",117.007,0,0,0,0,0,0,0,0,0,0,0,0,0,0,0,0,0,0,0,0,117.007,0,0,0
"MtrElec",11,11,2,"",107.009,0,0,0,0,0,0,0,0,0,0,0,0,0,0,0,0,0,0,0,0,107.009,0,0,0
"MtrElec",11,11,3,"",89.7915,0,0,0,0,0,0,0,0,0,0,0,0,0,0,0,0,0,0,0,0,89.7915,0,0,0
"MtrElec",11,11,4,"",104.398,0,0,0,0,0,0,0,0,0,0,0,0,0,0,0,0,0,0,0,0,104.398,0,0,0
"MtrElec",11,11,5,"",102.561,0,0,0,0,0,0,0,0,0,0,0,0,0,0,0,0,0,0,0,0,102.561,0,0,0
"MtrElec",11,11,6,"",133.355,0,0,0,0,0,0,0,0,0,0,0,0,0,0,0,0,0,0,0,0,133.355,0,0,0
"MtrElec",11,11,7,"",147.238,0,0,0,0,0,0,0,0,0,0,0,0,0,0,0,0,0,0,0,0,157.17,0,0,-9.93191
"MtrElec",11,11,8,"",131.425,0,0,0,0,0,0,0,0,0,0,0,0,0,0,0,0,0,0,0,0,237.515,0,0,-106.09
"MtrElec",11,11,9,"",170.553,0,0,0,0,0,0,0,0,0,0,0,0,0,0,0,0,0,0,0,0,253.406,0,0,-82.8535
"MtrElec",11,11,10,"",286.55,0,0,0,0,0,0,0,0,0,0,0,0,0,0,0,0,0,0,0,0,332.128,0,0,-45.5773
"MtrElec",11,11,11,"",219.694,0,0,0,0,0,0,0,0,0,0,0,0,0,0,0,0,0,0,0,0,288.708,0,0,-69.0144
"MtrElec",11,11,12,"",233.084,0,0,0,0,0,0,0,0,0,0,0,0,0,0,0,0,0,0,0,0,315.816,0,0,-82.7317
"MtrElec",11,11,13,"",190.59,0,0,0,0,0,0,0,0,0,0,0,0,0,0,0,0,0,0,0,0,301.178,0,0,-110.588
"MtrElec",11,11,14,"",116.556,0,0,0,0,0,0,0,0,0,0,0,0,0,0,0,0,0,0,0,0,220.278,0,0,-103.722
"MtrElec",11,11,15,"",152.451,0,0,0,0,0,0,0,0,0,0,0,0,0,0,0,0,0,0,0,0,236.727,0,0,-84.2759
"MtrElec",11,11,16,"",165.603,0,0,0,0,0,0,0,0,0,0,0,0,0,0,0,0,0,0,0,0,219.446,0,0,-53.8424
"MtrElec",11,11,17,"",239.493,0,0,0,0,0,0,0,0,0,0,0,0,0,0,0,0,0,0,0,0,240.218,0,0,-0.72526
"MtrElec",11,11,18,"",276.364,0,0,0,0,0,0,0,0,0,0,0,0,0,0,0,0,0,0,0,0,276.364,0,0,0
"MtrElec",11,11,19,"",335.186,0,0,0,0,0,0,0,0,0,0,0,0,0,0,0,0,0,0,0,0,335.186,0,0,0
"MtrElec",11,11,20,"",249.754,0,0,0,0,0,0,0,0,0,0,0,0,0,0,0,0,0,0,0,0,249.754,0,0,0
"MtrElec",11,11,21,"",236.594,0,0,0,0,0,0,0,0,0,0,0,0,0,0,0,0,0,0,0,0,236.594,0,0,0
"MtrElec",11,11,22,"",194.169,0,0,0,0,0,0,0,0,0,0,0,0,0,0,0,0,0,0,0,0,194.169,0,0,0
"MtrElec",11,11,23,"",189.711,0,0,0,0,0,0,0,0,0,0,0,0,0,0,0,0,0,0,0,0,189.711,0,0,0
"MtrElec",11,11,24,"",149.547,0,0,0,0,0,0,0,0,0,0,0,0,0,0,0,0,0,0,0,0,149.547,0,0,0
"MtrElec",11,12,1,"",111.132,0,0,0,0,0,0,0,0,0,0,0,0,0,0,0,0,0,0,0,0,111.132,0,0,0
"MtrElec",11,12,2,"",96.0251,0,0,0,0,0,0,0,0,0,0,0,0,0,0,0,0,0,0,0,0,96.0251,0,0,0
"MtrElec",11,12,3,"",106.869,0,0,0,0,0,0,0,0,0,0,0,0,0,0,0,0,0,0,0,0,106.869,0,0,0
"MtrElec",11,12,4,"",107.36,0,0,0,0,0,0,0,0,0,0,0,0,0,0,0,0,0,0,0,0,107.36,0,0,0
"MtrElec",11,12,5,"",129.002,0,0,0,0,0,0,0,0,0,0,0,0,0,0,0,0,0,0,0,0,129.002,0,0,0
"MtrElec",11,12,6,"",113.993,0,0,0,0,0,0,0,0,0,0,0,0,0,0,0,0,0,0,0,0,113.993,0,0,0
"MtrElec",11,12,7,"",185.259,0,0,0,0,0,0,0,0,0,0,0,0,0,0,0,0,0,0,0,0,211.669,0,0,-26.4104
"MtrElec",11,12,8,"",79.8049,0,0,0,0,0,0,0,0,0,0,0,0,0,0,0,0,0,0,0,0,221.643,0,0,-141.838
"MtrElec",11,12,9,"",0,0,0,0,0,0,0,0,0,0,0,0,0,0,0,0,0,0,0,0,0,232.45,0,26.9214,-259.371
"MtrElec",11,12,10,"",0,0,0,0,0,0,0,0,0,0,0,0,0,0,0,0,0,0,0,0,0,245.758,0,93.4206,-339.178
"MtrElec",11,12,11,"",-23.7504,0,0,0,0,0,0,0,0,0,0,0,0,0,0,0,0,0,0,0,0,202.984,0,157.698,-384.433
"MtrElec",11,12,12,"",-73.0052,0,0,0,0,0,0,0,0,0,0,0,0,0,0,0,0,0,0,0,0,168.352,0,157.698,-399.055
"MtrElec",11,12,13,"",-81.0729,0,0,0,0,0,0,0,0,0,0,0,0,0,0,0,0,0,0,0,0,150.522,0,152.647,-384.242
"MtrElec",11,12,14,"",-203.551,0,0,0,0,0,0,0,0,0,0,0,0,0,0,0,0,0,0,0,0,146.361,0,0,-349.912
"MtrElec",11,12,15,"",-101.292,0,0,0,0,0,0,0,0,0,0,0,0,0,0,0,0,0,0,0,0,172.119,0,0,-273.412
"MtrElec",11,12,16,"",-27.0505,0,0,0,0,0,0,0,0,0,0,0,0,0,0,0,0,0,0,0,0,130.614,0,0,-157.664
"MtrElec",11,12,17,"",138.731,0,0,0,0,0,0,0,0,0,0,0,0,0,0,0,0,0,0,0,0,173.561,0,0,-34.8298
"MtrElec",11,12,18,"",218.134,0,0,0,0,0,0,0,0,0,0,0,0,0,0,0,0,0,0,0,0,218.134,0,0,0
"MtrElec",11,12,19,"",96.4505,0,0,0,0,0,0,0,0,0,0,0,0,0,0,0,0,0,0,0,0,254.148,0,-157.698,0
"MtrElec",11,12,20,"",110.871,0,0,0,0,0,0,0,0,0,0,0,0,0,0,0,0,0,0,0,0,268.569,0,-157.698,0
"MtrElec",11,12,21,"",140.451,0,0,0,0,0,0,0,0,0,0,0,0,0,0,0,0,0,0,0,0,298.149,0,-157.698,0
"MtrElec",11,12,22,"",174.606,0,0,0,0,0,0,0,0,0,0,0,0,0,0,0,0,0,0,0,0,232.529,0,-57.9236,0
"MtrElec",11,12,23,"",212.579,0,0,0,0,0,0,0,0,0,0,0,0,0,0,0,0,0,0,0,0,212.579,0,0,0
"MtrElec",11,12,24,"",160.002,0,0,0,0,0,0,0,0,0,0,0,0,0,0,0,0,0,0,0,0,160.002,0,0,0
"MtrElec",11,13,1,"",112.44,0,0,0,0,0,0,0,0,0,0,0,0,0,0,0,0,0,0,0,0,112.44,0,0,0
"MtrElec",11,13,2,"",111.91,0,0,0,0,0,0,0,0,0,0,0,0,0,0,0,0,0,0,0,0,111.91,0,0,0
"MtrElec",11,13,3,"",144.406,0,0,0,0,0,0,0,0,0,0,0,0,0,0,0,0,0,0,0,0,144.406,0,0,0
"MtrElec",11,13,4,"",101.846,0,0,0,0,0,0,0,0,0,0,0,0,0,0,0,0,0,0,0,0,101.846,0,0,0
"MtrElec",11,13,5,"",108.201,0,0,0,0,0,0,0,0,0,0,0,0,0,0,0,0,0,0,0,0,108.201,0,0,0
"MtrElec",11,13,6,"",105.205,0,0,0,0,0,0,0,0,0,0,0,0,0,0,0,0,0,0,0,0,105.205,0,0,0
"MtrElec",11,13,7,"",150.615,0,0,0,0,0,0,0,0,0,0,0,0,0,0,0,0,0,0,0,0,166.258,0,0,-15.6437
"MtrElec",11,13,8,"",103.904,0,0,0,0,0,0,0,0,0,0,0,0,0,0,0,0,0,0,0,0,239.55,0,0,-135.646
"MtrElec",11,13,9,"",16.1277,0,0,0,0,0,0,0,0,0,0,0,0,0,0,0,0,0,0,0,0,270.129,0,0,-254.001
"MtrElec",11,13,10,"",0,0,0,0,0,0,0,0,0,0,0,0,0,0,0,0,0,0,0,0,0,244.926,0,95.0638,-339.99
"MtrElec",11,13,11,"",-13.2516,0,0,0,0,0,0,0,0,0,0,0,0,0,0,0,0,0,0,0,0,208.716,0,157.698,-379.666
"MtrElec",11,13,12,"",-8.95191,0,0,0,0,0,0,0,0,0,0,0,0,0,0,0,0,0,0,0,0,218.411,0,157.698,-385.061
"MtrElec",11,13,13,"",0,0,0,0,0,0,0,0,0,0,0,0,0,0,0,0,0,0,0,0,0,255.342,0,124.296,-379.638
"MtrElec",11,13,14,"",-110.011,0,0,0,0,0,0,0,0,0,0,0,0,0,0,0,0,0,0,0,0,176.602,0,53.6294,-340.242
"MtrElec",11,13,15,"",-84.6431,0,0,0,0,0,0,0,0,0,0,0,0,0,0,0,0,0,0,0,0,178.721,0,0,-263.364
"MtrElec",11,13,16,"",55.5,0,0,0,0,0,0,0,0,0,0,0,0,0,0,0,0,0,0,0,0,190.983,0,0,-135.483
"MtrElec",11,13,17,"",222.822,0,0,0,0,0,0,0,0,0,0,0,0,0,0,0,0,0,0,0,0,248.207,0,0,-25.3852
"MtrElec",11,13,18,"",238.18,0,0,0,0,0,0,0,0,0,0,0,0,0,0,0,0,0,0,0,0,238.18,0,0,0
"MtrElec",11,13,19,"",110.745,0,0,0,0,0,0,0,0,0,0,0,0,0,0,0,0,0,0,0,0,268.443,0,-157.698,0
"MtrElec",11,13,20,"",121.556,0,0,0,0,0,0,0,0,0,0,0,0,0,0,0,0,0,0,0,0,279.254,0,-157.698,0
"MtrElec",11,13,21,"",164.064,0,0,0,0,0,0,0,0,0,0,0,0,0,0,0,0,0,0,0,0,321.762,0,-157.698,0
"MtrElec",11,13,22,"",163.93,0,0,0,0,0,0,0,0,0,0,0,0,0,0,0,0,0,0,0,0,221.854,0,-57.9236,0
"MtrElec",11,13,23,"",169.326,0,0,0,0,0,0,0,0,0,0,0,0,0,0,0,0,0,0,0,0,169.326,0,0,0
"MtrElec",11,13,24,"",180.777,0,0,0,0,0,0,0,0,0,0,0,0,0,0,0,0,0,0,0,0,180.777,0,0,0
"MtrElec",11,14,1,"",135.351,0,0,0,0,0,0,0,0,0,0,0,0,0,0,0,0,0,0,0,0,135.351,0,0,0
"MtrElec",11,14,2,"",106.482,0,0,0,0,0,0,0,0,0,0,0,0,0,0,0,0,0,0,0,0,106.482,0,0,0
"MtrElec",11,14,3,"",98.3672,0,0,0,0,0,0,0,0,0,0,0,0,0,0,0,0,0,0,0,0,98.3672,0,0,0
"MtrElec",11,14,4,"",150.019,0,0,0,0,0,0,0,0,0,0,0,0,0,0,0,0,0,0,0,0,150.019,0,0,0
"MtrElec",11,14,5,"",134.769,0,0,0,0,0,0,0,0,0,0,0,0,0,0,0,0,0,0,0,0,134.769,0,0,0
"MtrElec",11,14,6,"",97.5408,0,0,0,0,0,0,0,0,0,0,0,0,0,0,0,0,0,0,0,0,97.5408,0,0,0
"MtrElec",11,14,7,"",104.269,0,0,0,0,0,0,0,0,0,0,0,0,0,0,0,0,0,0,0,0,120.472,0,0,-16.2033
"MtrElec",11,14,8,"",71.5798,0,0,0,0,0,0,0,0,0,0,0,0,0,0,0,0,0,0,0,0,206.641,0,0,-135.061
"MtrElec",11,14,9,"",0,0,0,0,0,0,0,0,0,0,0,0,0,0,0,0,0,0,0,0,0,209.587,0,36.9537,-246.541
"MtrElec",11,14,10,"",0.0000039,0,0,0,0,0,0,0,0,0,0,0,0,0,0,0,0,0,0,0,0,294.121,0,36.5436,-330.665
"MtrElec",11,14,11,"",0.0000078,0,0,0,0,0,0,0,0,0,0,0,0,0,0,0,0,0,0,0,0,259.211,0,123.566,-382.777
"MtrElec",11,14,12,"",0.0000078,0,0,0,0,0,0,0,0,0,0,0,0,0,0,0,0,0,0,0,0,297.94,0,100.421,-398.36
"MtrElec",11,14,13,"",0.0000078,0,0,0,0,0,0,0,0,0,0,0,0,0,0,0,0,0,0,0,0,260.359,0,122.477,-382.836
"MtrElec",11,14,14,"",0,0,0,0,0,0,0,0,0,0,0,0,0,0,0,0,0,0,0,0,0,211.335,0,124.147,-335.482
"MtrElec",11,14,15,"",-0.788012,0,0,0,0,0,0,0,0,0,0,0,0,0,0,0,0,0,0,0,0,213.287,0,44.2767,-258.352
"MtrElec",11,14,16,"",50.1519,0,0,0,0,0,0,0,0,0,0,0,0,0,0,0,0,0,0,0,0,199.965,0,0,-149.813
"MtrElec",11,14,17,"",170.917,0,0,0,0,0,0,0,0,0,0,0,0,0,0,0,0,0,0,0,0,203.508,0,0,-32.5905
"MtrElec",11,14,18,"",239.996,0,0,0,0,0,0,0,0,0,0,0,0,0,0,0,0,0,0,0,0,239.996,0,0,0
"MtrElec",11,14,19,"",136.275,0,0,0,0,0,0,0,0,0,0,0,0,0,0,0,0,0,0,0,0,293.973,0,-157.698,0
"MtrElec",11,14,20,"",129.609,0,0,0,0,0,0,0,0,0,0,0,0,0,0,0,0,0,0,0,0,287.307,0,-157.698,0
"MtrElec",11,14,21,"",106.445,0,0,0,0,0,0,0,0,0,0,0,0,0,0,0,0,0,0,0,0,264.143,0,-157.698,0
"MtrElec",11,14,22,"",210.092,0,0,0,0,0,0,0,0,0,0,0,0,0,0,0,0,0,0,0,0,268.016,0,-57.9236,0
"MtrElec",11,14,23,"",216.545,0,0,0,0,0,0,0,0,0,0,0,0,0,0,0,0,0,0,0,0,216.545,0,0,0
"MtrElec",11,14,24,"",160.125,0,0,0,0,0,0,0,0,0,0,0,0,0,0,0,0,0,0,0,0,160.125,0,0,0
"MtrElec",11,15,1,"",120.927,0,0,0,0,0,0,0,0,0,0,0,0,0,0,0,0,0,0,0,0,120.927,0,0,0
"MtrElec",11,15,2,"",107.903,0,0,0,0,0,0,0,0,0,0,0,0,0,0,0,0,0,0,0,0,107.903,0,0,0
"MtrElec",11,15,3,"",100.403,0,0,0,0,0,0,0,0,0,0,0,0,0,0,0,0,0,0,0,0,100.403,0,0,0
"MtrElec",11,15,4,"",97.4971,0,0,0,0,0,0,0,0,0,0,0,0,0,0,0,0,0,0,0,0,97.4971,0,0,0
"MtrElec",11,15,5,"",143.967,0,0,0,0,0,0,0,0,0,0,0,0,0,0,0,0,0,0,0,0,143.967,0,0,0
"MtrElec",11,15,6,"",105.363,0,0,0,0,0,0,0,0,0,0,0,0,0,0,0,0,0,0,0,0,105.363,0,0,0
"MtrElec",11,15,7,"",95.7622,0,0,0,0,0,0,0,0,0,0,0,0,0,0,0,0,0,0,0,0,110.577,0,0,-14.8147
"MtrElec",11,15,8,"",64.7796,0,0,0,0,0,0,0,0,0,0,0,0,0,0,0,0,0,0,0,0,193.932,0,0,-129.152
"MtrElec",11,15,9,"",0,0,0,0,0,0,0,0,0,0,0,0,0,0,0,0,0,0,0,0,0,218.021,0,30.9046,-248.926
"MtrElec",11,15,10,"",0,0,0,0,0,0,0,0,0,0,0,0,0,0,0,0,0,0,0,0,0,250.934,0,87.5035,-338.437
"MtrElec",11,15,11,"",0.0000156,0,0,0,0,0,0,0,0,0,0,0,0,0,0,0,0,0,0,0,0,258.441,0,140.738,-399.178
"MtrElec",11,15,12,"",0.0000078,0,0,0,0,0,0,0,0,0,0,0,0,0,0,0,0,0,0,0,0,321.061,0,101.862,-422.922
"MtrElec",11,15,13,"",0,0,0,0,0,0,0,0,0,0,0,0,0,0,0,0,0,0,0,0,0,276.858,0,133.503,-410.361
"MtrElec",11,15,14,"",-38.3405,0,0,0,0,0,0,0,0,0,0,0,0,0,0,0,0,0,0,0,0,229.797,0,93.8746,-362.012
"MtrElec",11,15,15,"",-25.4548,0,0,0,0,0,0,0,0,0,0,0,0,0,0,0,0,0,0,0,0,255.102,0,0,-280.557
"MtrElec",11,15,16,"",78.4139,0,0,0,0,0,0,0,0,0,0,0,0,0,0,0,0,0,0,0,0,240.447,0,0,-162.033
"MtrElec",11,15,17,"",197.441,0,0,0,0,0,0,0,0,0,0,0,0,0,0,0,0,0,0,0,0,223.76,0,0,-26.3193
"MtrElec",11,15,18,"",233.896,0,0,0,0,0,0,0,0,0,0,0,0,0,0,0,0,0,0,0,0,233.896,0,0,0
"MtrElec",11,15,19,"",130.039,0,0,0,0,0,0,0,0,0,0,0,0,0,0,0,0,0,0,0,0,287.737,0,-157.698,0
"MtrElec",11,15,20,"",117.777,0,0,0,0,0,0,0,0,0,0,0,0,0,0,0,0,0,0,0,0,275.475,0,-157.698,0
"MtrElec",11,15,21,"",76.0033,0,0,0,0,0,0,0,0,0,0,0,0,0,0,0,0,0,0,0,0,233.701,0,-157.698,0
"MtrElec",11,15,22,"",157.285,0,0,0,0,0,0,0,0,0,0,0,0,0,0,0,0,0,0,0,0,215.208,0,-57.9236,0
"MtrElec",11,15,23,"",192.339,0,0,0,0,0,0,0,0,0,0,0,0,0,0,0,0,0,0,0,0,192.339,0,0,0
"MtrElec",11,15,24,"",169.831,0,0,0,0,0,0,0,0,0,0,0,0,0,0,0,0,0,0,0,0,169.831,0,0,0
"MtrElec",11,16,1,"",114.147,0,0,0,0,0,0,0,0,0,0,0,0,0,0,0,0,0,0,0,0,114.147,0,0,0
"MtrElec",11,16,2,"",107.216,0,0,0,0,0,0,0,0,0,0,0,0,0,0,0,0,0,0,0,0,107.216,0,0,0
"MtrElec",11,16,3,"",103.961,0,0,0,0,0,0,0,0,0,0,0,0,0,0,0,0,0,0,0,0,103.961,0,0,0
"MtrElec",11,16,4,"",99.5918,0,0,0,0,0,0,0,0,0,0,0,0,0,0,0,0,0,0,0,0,99.5918,0,0,0
"MtrElec",11,16,5,"",94.8759,0,0,0,0,0,0,0,0,0,0,0,0,0,0,0,0,0,0,0,0,94.8759,0,0,0
"MtrElec",11,16,6,"",149.583,0,0,0,0,0,0,0,0,0,0,0,0,0,0,0,0,0,0,0,0,149.583,0,0,0
"MtrElec",11,16,7,"",126.703,0,0,0,0,0,0,0,0,0,0,0,0,0,0,0,0,0,0,0,0,143.788,0,0,-17.0857
"MtrElec",11,16,8,"",74.015,0,0,0,0,0,0,0,0,0,0,0,0,0,0,0,0,0,0,0,0,212.245,0,0,-138.23
"MtrElec",11,16,9,"",0,0,0,0,0,0,0,0,0,0,0,0,0,0,0,0,0,0,0,0,0,228.26,0,33.9058,-262.165
"MtrElec",11,16,10,"",0,0,0,0,0,0,0,0,0,0,0,0,0,0,0,0,0,0,0,0,0,281.925,0,68.4879,-350.413
"MtrElec",11,16,11,"",-11.9817,0,0,0,0,0,0,0,0,0,0,0,0,0,0,0,0,0,0,0,0,234.243,0,157.698,-403.923
"MtrElec",11,16,12,"",-58.061,0,0,0,0,0,0,0,0,0,0,0,0,0,0,0,0,0,0,0,0,205.605,0,157.698,-421.364
"MtrElec",11,16,13,"",-35.9575,0,0,0,0,0,0,0,0,0,0,0,0,0,0,0,0,0,0,0,0,213.101,0,157.698,-406.757
"MtrElec",11,16,14,"",-153.43,0,0,0,0,0,0,0,0,0,0,0,0,0,0,0,0,0,0,0,0,193.351,0,12.8975,-359.678
"MtrElec",11,16,15,"",-105.913,0,0,0,0,0,0,0,0,0,0,0,0,0,0,0,0,0,0,0,0,171.299,0,0,-277.212
"MtrElec",11,16,16,"",14.7816,0,0,0,0,0,0,0,0,0,0,0,0,0,0,0,0,0,0,0,0,176.468,0,0,-161.687
"MtrElec",11,16,17,"",210.73,0,0,0,0,0,0,0,0,0,0,0,0,0,0,0,0,0,0,0,0,245.951,0,0,-35.2208
"MtrElec",11,16,18,"",243.421,0,0,0,0,0,0,0,0,0,0,0,0,0,0,0,0,0,0,0,0,243.421,0,0,0
"MtrElec",11,16,19,"",133.274,0,0,0,0,0,0,0,0,0,0,0,0,0,0,0,0,0,0,0,0,290.972,0,-157.698,0
"MtrElec",11,16,20,"",119.866,0,0,0,0,0,0,0,0,0,0,0,0,0,0,0,0,0,0,0,0,277.564,0,-157.698,0
"MtrElec",11,16,21,"",136.168,0,0,0,0,0,0,0,0,0,0,0,0,0,0,0,0,0,0,0,0,293.866,0,-157.698,0
"MtrElec",11,16,22,"",169.388,0,0,0,0,0,0,0,0,0,0,0,0,0,0,0,0,0,0,0,0,227.312,0,-57.9236,0
"MtrElec",11,16,23,"",188.546,0,0,0,0,0,0,0,0,0,0,0,0,0,0,0,0,0,0,0,0,188.546,0,0,0
"MtrElec",11,16,24,"",162.778,0,0,0,0,0,0,0,0,0,0,0,0,0,0,0,0,0,0,0,0,162.778,0,0,0
"MtrElec",11,17,1,"",123.024,0,0,0,0,0,0,0,0,0,0,0,0,0,0,0,0,0,0,0,0,123.024,0,0,0
"MtrElec",11,17,2,"",107.914,0,0,0,0,0,0,0,0,0,0,0,0,0,0,0,0,0,0,0,0,107.914,0,0,0
"MtrElec",11,17,3,"",100.092,0,0,0,0,0,0,0,0,0,0,0,0,0,0,0,0,0,0,0,0,100.092,0,0,0
"MtrElec",11,17,4,"",94.9524,0,0,0,0,0,0,0,0,0,0,0,0,0,0,0,0,0,0,0,0,94.9524,0,0,0
"MtrElec",11,17,5,"",133.592,0,0,0,0,0,0,0,0,0,0,0,0,0,0,0,0,0,0,0,0,133.592,0,0,0
"MtrElec",11,17,6,"",119.284,0,0,0,0,0,0,0,0,0,0,0,0,0,0,0,0,0,0,0,0,119.284,0,0,0
"MtrElec",11,17,7,"",170.046,0,0,0,0,0,0,0,0,0,0,0,0,0,0,0,0,0,0,0,0,185.889,0,0,-15.843
"MtrElec",11,17,8,"",57.4403,0,0,0,0,0,0,0,0,0,0,0,0,0,0,0,0,0,0,0,0,194.256,0,0,-136.816
"MtrElec",11,17,9,"",0.0000039,0,0,0,0,0,0,0,0,0,0,0,0,0,0,0,0,0,0,0,0,221.738,0,34.0903,-255.829
"MtrElec",11,17,10,"",0,0,0,0,0,0,0,0,0,0,0,0,0,0,0,0,0,0,0,0,0,251.506,0,87.9384,-339.444
"MtrElec",11,17,11,"",0.0000078,0,0,0,0,0,0,0,0,0,0,0,0,0,0,0,0,0,0,0,0,267.413,0,123.325,-390.738
"MtrElec",11,17,12,"",-58.2065,0,0,0,0,0,0,0,0,0,0,0,0,0,0,0,0,0,0,0,0,198.68,0,157.698,-414.584
"MtrElec",11,17,13,"",0.0000078,0,0,0,0,0,0,0,0,0,0,0,0,0,0,0,0,0,0,0,0,257.633,0,120.933,-378.566
"MtrElec",11,17,14,"",-130.434,0,0,0,0,0,0,0,0,0,0,0,0,0,0,0,0,0,0,0,0,158.551,0,64.4003,-353.385
"MtrElec",11,17,15,"",-79.1436,0,0,0,0,0,0,0,0,0,0,0,0,0,0,0,0,0,0,0,0,190.981,0,0,-270.125
"MtrElec",11,17,16,"",29.8449,0,0,0,0,0,0,0,0,0,0,0,0,0,0,0,0,0,0,0,0,185.098,0,0,-155.253
"MtrElec",11,17,17,"",151.166,0,0,0,0,0,0,0,0,0,0,0,0,0,0,0,0,0,0,0,0,183.351,0,0,-32.1854
"MtrElec",11,17,18,"",259.41,0,0,0,0,0,0,0,0,0,0,0,0,0,0,0,0,0,0,0,0,259.41,0,0,0
"MtrElec",11,17,19,"",133.163,0,0,0,0,0,0,0,0,0,0,0,0,0,0,0,0,0,0,0,0,290.861,0,-157.698,0
"MtrElec",11,17,20,"",159.883,0,0,0,0,0,0,0,0,0,0,0,0,0,0,0,0,0,0,0,0,317.581,0,-157.698,0
"MtrElec",11,17,21,"",152.964,0,0,0,0,0,0,0,0,0,0,0,0,0,0,0,0,0,0,0,0,310.662,0,-157.698,0
"MtrElec",11,17,22,"",180.906,0,0,0,0,0,0,0,0,0,0,0,0,0,0,0,0,0,0,0,0,238.83,0,-57.9236,0
"MtrElec",11,17,23,"",179.242,0,0,0,0,0,0,0,0,0,0,0,0,0,0,0,0,0,0,0,0,179.242,0,0,0
"MtrElec",11,17,24,"",145.943,0,0,0,0,0,0,0,0,0,0,0,0,0,0,0,0,0,0,0,0,145.943,0,0,0
"MtrElec",11,18,1,"",112.52,0,0,0,0,0,0,0,0,0,0,0,0,0,0,0,0,0,0,0,0,112.52,0,0,0
"MtrElec",11,18,2,"",107.878,0,0,0,0,0,0,0,0,0,0,0,0,0,0,0,0,0,0,0,0,107.878,0,0,0
"MtrElec",11,18,3,"",142.024,0,0,0,0,0,0,0,0,0,0,0,0,0,0,0,0,0,0,0,0,142.024,0,0,0
"MtrElec",11,18,4,"",91.864,0,0,0,0,0,0,0,0,0,0,0,0,0,0,0,0,0,0,0,0,91.864,0,0,0
"MtrElec",11,18,5,"",101.502,0,0,0,0,0,0,0,0,0,0,0,0,0,0,0,0,0,0,0,0,101.502,0,0,0
"MtrElec",11,18,6,"",111.813,0,0,0,0,0,0,0,0,0,0,0,0,0,0,0,0,0,0,0,0,111.813,0,0,0
"MtrElec",11,18,7,"",206.431,0,0,0,0,0,0,0,0,0,0,0,0,0,0,0,0,0,0,0,0,210.786,0,0,-4.35439
"MtrElec",11,18,8,"",157.437,0,0,0,0,0,0,0,0,0,0,0,0,0,0,0,0,0,0,0,0,229.653,0,0,-72.216
"MtrElec",11,18,9,"",33.4989,0,0,0,0,0,0,0,0,0,0,0,0,0,0,0,0,0,0,0,0,229.475,0,0,-195.976
"MtrElec",11,18,10,"",0.0000078,0,0,0,0,0,0,0,0,0,0,0,0,0,0,0,0,0,0,0,0,248.01,0,99.2729,-347.283
"MtrElec",11,18,11,"",-4.11556,0,0,0,0,0,0,0,0,0,0,0,0,0,0,0,0,0,0,0,0,214.213,0,157.698,-376.026
"MtrElec",11,18,12,"",-56.7576,0,0,0,0,0,0,0,0,0,0,0,0,0,0,0,0,0,0,0,0,203.136,0,157.698,-417.591
"MtrElec",11,18,13,"",0.0000156,0,0,0,0,0,0,0,0,0,0,0,0,0,0,0,0,0,0,0,0,256.006,0,146.427,-402.433
"MtrElec",11,18,14,"",-175.465,0,0,0,0,0,0,0,0,0,0,0,0,0,0,0,0,0,0,0,0,155.97,0,27.2892,-358.724
"MtrElec",11,18,15,"",-59.4284,0,0,0,0,0,0,0,0,0,0,0,0,0,0,0,0,0,0,0,0,216.317,0,0,-275.746
"MtrElec",11,18,16,"",7.97658,0,0,0,0,0,0,0,0,0,0,0,0,0,0,0,0,0,0,0,0,166.055,0,0,-158.078
"MtrElec",11,18,17,"",166.741,0,0,0,0,0,0,0,0,0,0,0,0,0,0,0,0,0,0,0,0,199.484,0,0,-32.7423
"MtrElec",11,18,18,"",256.087,0,0,0,0,0,0,0,0,0,0,0,0,0,0,0,0,0,0,0,0,256.087,0,0,0
"MtrElec",11,18,19,"",162.466,0,0,0,0,0,0,0,0,0,0,0,0,0,0,0,0,0,0,0,0,320.164,0,-157.698,0
"MtrElec",11,18,20,"",128.603,0,0,0,0,0,0,0,0,0,0,0,0,0,0,0,0,0,0,0,0,286.301,0,-157.698,0
"MtrElec",11,18,21,"",102.058,0,0,0,0,0,0,0,0,0,0,0,0,0,0,0,0,0,0,0,0,259.756,0,-157.698,0
"MtrElec",11,18,22,"",163.607,0,0,0,0,0,0,0,0,0,0,0,0,0,0,0,0,0,0,0,0,221.531,0,-57.9236,0
"MtrElec",11,18,23,"",193.141,0,0,0,0,0,0,0,0,0,0,0,0,0,0,0,0,0,0,0,0,193.141,0,0,0
"MtrElec",11,18,24,"",154.215,0,0,0,0,0,0,0,0,0,0,0,0,0,0,0,0,0,0,0,0,154.215,0,0,0
"MtrElec",11,19,1,"",109.471,0,0,0,0,0,0,0,0,0,0,0,0,0,0,0,0,0,0,0,0,109.471,0,0,0
"MtrElec",11,19,2,"",107.83,0,0,0,0,0,0,0,0,0,0,0,0,0,0,0,0,0,0,0,0,107.83,0,0,0
"MtrElec",11,19,3,"",100.021,0,0,0,0,0,0,0,0,0,0,0,0,0,0,0,0,0,0,0,0,100.021,0,0,0
"MtrElec",11,19,4,"",97.8274,0,0,0,0,0,0,0,0,0,0,0,0,0,0,0,0,0,0,0,0,97.8274,0,0,0
"MtrElec",11,19,5,"",105.412,0,0,0,0,0,0,0,0,0,0,0,0,0,0,0,0,0,0,0,0,105.412,0,0,0
"MtrElec",11,19,6,"",149.229,0,0,0,0,0,0,0,0,0,0,0,0,0,0,0,0,0,0,0,0,149.229,0,0,0
"MtrElec",11,19,7,"",195.404,0,0,0,0,0,0,0,0,0,0,0,0,0,0,0,0,0,0,0,0,211.817,0,0,-16.4131
"MtrElec",11,19,8,"",65.8841,0,0,0,0,0,0,0,0,0,0,0,0,0,0,0,0,0,0,0,0,202.543,0,0,-136.659
"MtrElec",11,19,9,"",0.0000002,0,0,0,0,0,0,0,0,0,0,0,0,0,0,0,0,0,0,0,0,260.239,0,3.96033,-264.199
"MtrElec",11,19,10,"",0,0,0,0,0,0,0,0,0,0,0,0,0,0,0,0,0,0,0,0,0,201.197,0,142.278,-343.476
"MtrElec",11,19,11,"",0.0000156,0,0,0,0,0,0,0,0,0,0,0,0,0,0,0,0,0,0,0,0,224.872,0,155.928,-380.8
"MtrElec",11,19,12,"",-35.8664,0,0,0,0,0,0,0,0,0,0,0,0,0,0,0,0,0,0,0,0,201.286,0,157.698,-394.85
"MtrElec",11,19,13,"",-10.7303,0,0,0,0,0,0,0,0,0,0,0,0,0,0,0,0,0,0,0,0,253.857,0,128.52,-393.108
"MtrElec",11,19,14,"",-175.772,0,0,0,0,0,0,0,0,0,0,0,0,0,0,0,0,0,0,0,0,174.887,0,0,-350.659
"MtrElec",11,19,15,"",-104.8,0,0,0,0,0,0,0,0,0,0,0,0,0,0,0,0,0,0,0,0,164.978,0,0,-269.778
"MtrElec",11,19,16,"",22.6492,0,0,0,0,0,0,0,0,0,0,0,0,0,0,0,0,0,0,0,0,180.21,0,0,-157.561
"MtrElec",11,19,17,"",135.126,0,0,0,0,0,0,0,0,0,0,0,0,0,0,0,0,0,0,0,0,168.423,0,0,-33.2964
"MtrElec",11,19,18,"",230.689,0,0,0,0,0,0,0,0,0,0,0,0,0,0,0,0,0,0,0,0,230.689,0,0,0
"MtrElec",11,19,19,"",103.973,0,0,0,0,0,0,0,0,0,0,0,0,0,0,0,0,0,0,0,0,261.671,0,-157.698,0
"MtrElec",11,19,20,"",132.909,0,0,0,0,0,0,0,0,0,0,0,0,0,0,0,0,0,0,0,0,290.607,0,-157.698,0
"MtrElec",11,19,21,"",134.979,0,0,0,0,0,0,0,0,0,0,0,0,0,0,0,0,0,0,0,0,292.677,0,-157.698,0
"MtrElec",11,19,22,"",139.809,0,0,0,0,0,0,0,0,0,0,0,0,0,0,0,0,0,0,0,0,197.732,0,-57.9236,0
"MtrElec",11,19,23,"",206.259,0,0,0,0,0,0,0,0,0,0,0,0,0,0,0,0,0,0,0,0,206.259,0,0,0
"MtrElec",11,19,24,"",182.848,0,0,0,0,0,0,0,0,0,0,0,0,0,0,0,0,0,0,0,0,182.848,0,0,0
"MtrElec",11,20,1,"",133.502,0,0,0,0,0,0,0,0,0,0,0,0,0,0,0,0,0,0,0,0,133.502,0,0,0
"MtrElec",11,20,2,"",109.452,0,0,0,0,0,0,0,0,0,0,0,0,0,0,0,0,0,0,0,0,109.452,0,0,0
"MtrElec",11,20,3,"",91.749,0,0,0,0,0,0,0,0,0,0,0,0,0,0,0,0,0,0,0,0,91.749,0,0,0
"MtrElec",11,20,4,"",103.889,0,0,0,0,0,0,0,0,0,0,0,0,0,0,0,0,0,0,0,0,103.889,0,0,0
"MtrElec",11,20,5,"",106.438,0,0,0,0,0,0,0,0,0,0,0,0,0,0,0,0,0,0,0,0,106.438,0,0,0
"MtrElec",11,20,6,"",142.329,0,0,0,0,0,0,0,0,0,0,0,0,0,0,0,0,0,0,0,0,142.329,0,0,0
"MtrElec",11,20,7,"",152.005,0,0,0,0,0,0,0,0,0,0,0,0,0,0,0,0,0,0,0,0,156.131,0,0,-4.12631
"MtrElec",11,20,8,"",157.66,0,0,0,0,0,0,0,0,0,0,0,0,0,0,0,0,0,0,0,0,249.686,0,0,-92.0259
"MtrElec",11,20,9,"",0,0,0,0,0,0,0,0,0,0,0,0,0,0,0,0,0,0,0,0,0,227.921,0,16.4894,-244.41
"MtrElec",11,20,10,"",0,0,0,0,0,0,0,0,0,0,0,0,0,0,0,0,0,0,0,0,0,223.56,0,105.674,-329.234
"MtrElec",11,20,11,"",0,0,0,0,0,0,0,0,0,0,0,0,0,0,0,0,0,0,0,0,0,231.341,0,147.72,-379.062
"MtrElec",11,20,12,"",-32.7255,0,0,0,0,0,0,0,0,0,0,0,0,0,0,0,0,0,0,0,0,206.425,0,157.698,-396.849
"MtrElec",11,20,13,"",-5.29842,0,0,0,0,0,0,0,0,0,0,0,0,0,0,0,0,0,0,0,0,222.805,0,157.698,-385.802
"MtrElec",11,20,14,"",-161.573,0,0,0,0,0,0,0,0,0,0,0,0,0,0,0,0,0,0,0,0,178.626,0,3.10549,-343.304
"MtrElec",11,20,15,"",-83.444,0,0,0,0,0,0,0,0,0,0,0,0,0,0,0,0,0,0,0,0,180.838,0,0,-264.282
"MtrElec",11,20,16,"",30.4011,0,0,0,0,0,0,0,0,0,0,0,0,0,0,0,0,0,0,0,0,183.937,0,0,-153.535
"MtrElec",11,20,17,"",198.697,0,0,0,0,0,0,0,0,0,0,0,0,0,0,0,0,0,0,0,0,230.428,0,0,-31.7313
"MtrElec",11,20,18,"",240.847,0,0,0,0,0,0,0,0,0,0,0,0,0,0,0,0,0,0,0,0,240.847,0,0,0
"MtrElec",11,20,19,"",103.367,0,0,0,0,0,0,0,0,0,0,0,0,0,0,0,0,0,0,0,0,261.065,0,-157.698,0
"MtrElec",11,20,20,"",115.871,0,0,0,0,0,0,0,0,0,0,0,0,0,0,0,0,0,0,0,0,273.569,0,-157.698,0
"MtrElec",11,20,21,"",150.798,0,0,0,0,0,0,0,0,0,0,0,0,0,0,0,0,0,0,0,0,308.496,0,-157.698,0
"MtrElec",11,20,22,"",175.686,0,0,0,0,0,0,0,0,0,0,0,0,0,0,0,0,0,0,0,0,233.61,0,-57.9236,0
"MtrElec",11,20,23,"",191.995,0,0,0,0,0,0,0,0,0,0,0,0,0,0,0,0,0,0,0,0,191.995,0,0,0
"MtrElec",11,20,24,"",190.269,0,0,0,0,0,0,0,0,0,0,0,0,0,0,0,0,0,0,0,0,190.269,0,0,0
"MtrElec",11,21,1,"",132.199,0,0,0,0,0,0,0,0,0,0,0,0,0,0,0,0,0,0,0,0,132.199,0,0,0
"MtrElec",11,21,2,"",108.331,0,0,0,0,0,0,0,0,0,0,0,0,0,0,0,0,0,0,0,0,108.331,0,0,0
"MtrElec",11,21,3,"",91.6716,0,0,0,0,0,0,0,0,0,0,0,0,0,0,0,0,0,0,0,0,91.6716,0,0,0
"MtrElec",11,21,4,"",107.949,0,0,0,0,0,0,0,0,0,0,0,0,0,0,0,0,0,0,0,0,107.949,0,0,0
"MtrElec",11,21,5,"",120.352,0,0,0,0,0,0,0,0,0,0,0,0,0,0,0,0,0,0,0,0,120.352,0,0,0
"MtrElec",11,21,6,"",136.549,0,0,0,0,0,0,0,0,0,0,0,0,0,0,0,0,0,0,0,0,136.549,0,0,0
"MtrElec",11,21,7,"",117.508,0,0,0,0,0,0,0,0,0,0,0,0,0,0,0,0,0,0,0,0,120.728,0,0,-3.21991
"MtrElec",11,21,8,"",81.8276,0,0,0,0,0,0,0,0,0,0,0,0,0,0,0,0,0,0,0,0,171.576,0,0,-89.7485
"MtrElec",11,21,9,"",0,0,0,0,0,0,0,0,0,0,0,0,0,0,0,0,0,0,0,0,0,180.644,0,62.4995,-243.143
"MtrElec",11,21,10,"",0,0,0,0,0,0,0,0,0,0,0,0,0,0,0,0,0,0,0,0,0,226.616,0,96.9556,-323.571
"MtrElec",11,21,11,"",0.0000078,0,0,0,0,0,0,0,0,0,0,0,0,0,0,0,0,0,0,0,0,261.055,0,110.21,-371.266
"MtrElec",11,21,12,"",0,0,0,0,0,0,0,0,0,0,0,0,0,0,0,0,0,0,0,0,0,317.755,0,74.7846,-392.539
"MtrElec",11,21,13,"",0,0,0,0,0,0,0,0,0,0,0,0,0,0,0,0,0,0,0,0,0,238.106,0,139.662,-377.769
"MtrElec",11,21,14,"",-8.63664,0,0,0,0,0,0,0,0,0,0,0,0,0,0,0,0,0,0,0,0,220.74,0,104.273,-333.65
"MtrElec",11,21,15,"",-27.518,0,0,0,0,0,0,0,0,0,0,0,0,0,0,0,0,0,0,0,0,228.505,0,0,-256.023
"MtrElec",11,21,16,"",82.8312,0,0,0,0,0,0,0,0,0,0,0,0,0,0,0,0,0,0,0,0,228.215,0,0,-145.384
"MtrElec",11,21,17,"",189.375,0,0,0,0,0,0,0,0,0,0,0,0,0,0,0,0,0,0,0,0,213.314,0,0,-23.9389
"MtrElec",11,21,18,"",266.221,0,0,0,0,0,0,0,0,0,0,0,0,0,0,0,0,0,0,0,0,266.221,0,0,0
"MtrElec",11,21,19,"",178.071,0,0,0,0,0,0,0,0,0,0,0,0,0,0,0,0,0,0,0,0,335.769,0,-157.698,0
"MtrElec",11,21,20,"",144.973,0,0,0,0,0,0,0,0,0,0,0,0,0,0,0,0,0,0,0,0,302.671,0,-157.698,0
"MtrElec",11,21,21,"",48.2066,0,0,0,0,0,0,0,0,0,0,0,0,0,0,0,0,0,0,0,0,205.905,0,-157.698,0
"MtrElec",11,21,22,"",211.685,0,0,0,0,0,0,0,0,0,0,0,0,0,0,0,0,0,0,0,0,269.609,0,-57.9236,0
"MtrElec",11,21,23,"",187.207,0,0,0,0,0,0,0,0,0,0,0,0,0,0,0,0,0,0,0,0,187.207,0,0,0
"MtrElec",11,21,24,"",141.283,0,0,0,0,0,0,0,0,0,0,0,0,0,0,0,0,0,0,0,0,141.283,0,0,0
"MtrElec",11,22,1,"",108.386,0,0,0,0,0,0,0,0,0,0,0,0,0,0,0,0,0,0,0,0,108.386,0,0,0
"MtrElec",11,22,2,"",113.529,0,0,0,0,0,0,0,0,0,0,0,0,0,0,0,0,0,0,0,0,113.529,0,0,0
"MtrElec",11,22,3,"",132.712,0,0,0,0,0,0,0,0,0,0,0,0,0,0,0,0,0,0,0,0,132.712,0,0,0
"MtrElec",11,22,4,"",98.5969,0,0,0,0,0,0,0,0,0,0,0,0,0,0,0,0,0,0,0,0,98.5969,0,0,0
"MtrElec",11,22,5,"",141.882,0,0,0,0,0,0,0,0,0,0,0,0,0,0,0,0,0,0,0,0,141.882,0,0,0
"MtrElec",11,22,6,"",102.147,0,0,0,0,0,0,0,0,0,0,0,0,0,0,0,0,0,0,0,0,102.147,0,0,0
"MtrElec",11,22,7,"",154.838,0,0,0,0,0,0,0,0,0,0,0,0,0,0,0,0,0,0,0,0,159.423,0,0,-4.58469
"MtrElec",11,22,8,"",42.5207,0,0,0,0,0,0,0,0,0,0,0,0,0,0,0,0,0,0,0,0,135.322,0,0,-92.8017
"MtrElec",11,22,9,"",68.2614,0,0,0,0,0,0,0,0,0,0,0,0,0,0,0,0,0,0,0,0,260.444,0,0,-192.182
"MtrElec",11,22,10,"",0.0000039,0,0,0,0,0,0,0,0,0,0,0,0,0,0,0,0,0,0,0,0,247.475,0,52.7162,-300.191
"MtrElec",11,22,11,"",0,0,0,0,0,0,0,0,0,0,0,0,0,0,0,0,0,0,0,0,0,270.168,0,28.3224,-298.491
"MtrElec",11,22,12,"",0,0,0,0,0,0,0,0,0,0,0,0,0,0,0,0,0,0,0,0,0,249.432,0,14.2831,-263.715
"MtrElec",11,22,13,"",0.0000039,0,0,0,0,0,0,0,0,0,0,0,0,0,0,0,0,0,0,0,0,237.98,0,57.9428,-295.923
"MtrElec",11,22,14,"",0,0,0,0,0,0,0,0,0,0,0,0,0,0,0,0,0,0,0,0,0,226.547,0,106.077,-332.624
"MtrElec",11,22,15,"",16.8283,0,0,0,0,0,0,0,0,0,0,0,0,0,0,0,0,0,0,0,0,269.447,0,0,-252.619
"MtrElec",11,22,16,"",70.7102,0,0,0,0,0,0,0,0,0,0,0,0,0,0,0,0,0,0,0,0,215.461,0,0,-144.751
"MtrElec",11,22,17,"",177.26,0,0,0,0,0,0,0,0,0,0,0,0,0,0,0,0,0,0,0,0,205.782,0,0,-28.5223
"MtrElec",11,22,18,"",234.445,0,0,0,0,0,0,0,0,0,0,0,0,0,0,0,0,0,0,0,0,234.445,0,0,0
"MtrElec",11,22,19,"",126.234,0,0,0,0,0,0,0,0,0,0,0,0,0,0,0,0,0,0,0,0,283.932,0,-157.698,0
"MtrElec",11,22,20,"",167.885,0,0,0,0,0,0,0,0,0,0,0,0,0,0,0,0,0,0,0,0,244.243,0,-76.3574,0
"MtrElec",11,22,21,"",264.043,0,0,0,0,0,0,0,0,0,0,0,0,0,0,0,0,0,0,0,0,264.043,0,0,0
"MtrElec",11,22,22,"",266.569,0,0,0,0,0,0,0,0,0,0,0,0,0,0,0,0,0,0,0,0,266.569,0,0,0
"MtrElec",11,22,23,"",170.119,0,0,0,0,0,0,0,0,0,0,0,0,0,0,0,0,0,0,0,0,170.119,0,0,0
"MtrElec",11,22,24,"",191.112,0,0,0,0,0,0,0,0,0,0,0,0,0,0,0,0,0,0,0,0,191.112,0,0,0
"MtrElec",11,23,1,"",106.814,0,0,0,0,0,0,0,0,0,0,0,0,0,0,0,0,0,0,0,0,106.814,0,0,0
"MtrElec",11,23,2,"",116.053,0,0,0,0,0,0,0,0,0,0,0,0,0,0,0,0,0,0,0,0,116.053,0,0,0
"MtrElec",11,23,3,"",107.613,0,0,0,0,0,0,0,0,0,0,0,0,0,0,0,0,0,0,0,0,107.613,0,0,0
"MtrElec",11,23,4,"",96.6652,0,0,0,0,0,0,0,0,0,0,0,0,0,0,0,0,0,0,0,0,96.6652,0,0,0
"MtrElec",11,23,5,"",96.826,0,0,0,0,0,0,0,0,0,0,0,0,0,0,0,0,0,0,0,0,96.826,0,0,0
"MtrElec",11,23,6,"",149.859,0,0,0,0,0,0,0,0,0,0,0,0,0,0,0,0,0,0,0,0,149.859,0,0,0
"MtrElec",11,23,7,"",150.899,0,0,0,0,0,0,0,0,0,0,0,0,0,0,0,0,0,0,0,0,150.899,0,0,0
"MtrElec",11,23,8,"",214.975,0,0,0,0,0,0,0,0,0,0,0,0,0,0,0,0,0,0,0,0,251.109,0,0,-36.1343
"MtrElec",11,23,9,"",138.189,0,0,0,0,0,0,0,0,0,0,0,0,0,0,0,0,0,0,0,0,259.354,0,0,-121.166
"MtrElec",11,23,10,"",14.7093,0,0,0,0,0,0,0,0,0,0,0,0,0,0,0,0,0,0,0,0,223.698,0,0,-208.988
"MtrElec",11,23,11,"",4.04939,0,0,0,0,0,0,0,0,0,0,0,0,0,0,0,0,0,0,0,0,209.206,0,0,-205.157
"MtrElec",11,23,12,"",21.8424,0,0,0,0,0,0,0,0,0,0,0,0,0,0,0,0,0,0,0,0,192.579,0,0,-170.737
"MtrElec",11,23,13,"",65.3962,0,0,0,0,0,0,0,0,0,0,0,0,0,0,0,0,0,0,0,0,225.703,0,0,-160.307
"MtrElec",11,23,14,"",0,0,0,0,0,0,0,0,0,0,0,0,0,0,0,0,0,0,0,0,0,126.841,0,42.5836,-169.424
"MtrElec",11,23,15,"",26.298,0,0,0,0,0,0,0,0,0,0,0,0,0,0,0,0,0,0,0,0,169.448,0,0,-143.15
"MtrElec",11,23,16,"",87.9894,0,0,0,0,0,0,0,0,0,0,0,0,0,0,0,0,0,0,0,0,126.07,0,0,-38.081
"MtrElec",11,23,17,"",202.882,0,0,0,0,0,0,0,0,0,0,0,0,0,0,0,0,0,0,0,0,203.532,0,0,-0.650191
"MtrElec",11,23,18,"",213.144,0,0,0,0,0,0,0,0,0,0,0,0,0,0,0,0,0,0,0,0,213.144,0,0,0
"MtrElec",11,23,19,"",206.587,0,0,0,0,0,0,0,0,0,0,0,0,0,0,0,0,0,0,0,0,245.019,0,-38.4317,0
"MtrElec",11,23,20,"",251.455,0,0,0,0,0,0,0,0,0,0,0,0,0,0,0,0,0,0,0,0,251.455,0,0,0
"MtrElec",11,23,21,"",262.791,0,0,0,0,0,0,0,0,0,0,0,0,0,0,0,0,0,0,0,0,262.791,0,0,0
"MtrElec",11,23,22,"",212.908,0,0,0,0,0,0,0,0,0,0,0,0,0,0,0,0,0,0,0,0,212.908,0,0,0
"MtrElec",11,23,23,"",216.064,0,0,0,0,0,0,0,0,0,0,0,0,0,0,0,0,0,0,0,0,216.064,0,0,0
"MtrElec",11,23,24,"",138.007,0,0,0,0,0,0,0,0,0,0,0,0,0,0,0,0,0,0,0,0,138.007,0,0,0
"MtrElec",11,24,1,"",125.793,0,0,0,0,0,0,0,0,0,0,0,0,0,0,0,0,0,0,0,0,125.793,0,0,0
"MtrElec",11,24,2,"",151.683,0,0,0,0,0,0,0,0,0,0,0,0,0,0,0,0,0,0,0,0,151.683,0,0,0
"MtrElec",11,24,3,"",92.9064,0,0,0,0,0,0,0,0,0,0,0,0,0,0,0,0,0,0,0,0,92.9064,0,0,0
"MtrElec",11,24,4,"",107.644,0,0,0,0,0,0,0,0,0,0,0,0,0,0,0,0,0,0,0,0,107.644,0,0,0
"MtrElec",11,24,5,"",106.246,0,0,0,0,0,0,0,0,0,0,0,0,0,0,0,0,0,0,0,0,106.246,0,0,0
"MtrElec",11,24,6,"",102.179,0,0,0,0,0,0,0,0,0,0,0,0,0,0,0,0,0,0,0,0,102.179,0,0,0
"MtrElec",11,24,7,"",207.736,0,0,0,0,0,0,0,0,0,0,0,0,0,0,0,0,0,0,0,0,217.093,0,0,-9.35706
"MtrElec",11,24,8,"",94.4492,0,0,0,0,0,0,0,0,0,0,0,0,0,0,0,0,0,0,0,0,201.019,0,0,-106.57
"MtrElec",11,24,9,"",0,0,0,0,0,0,0,0,0,0,0,0,0,0,0,0,0,0,0,0,0,207.223,0,20.9797,-228.203
"MtrElec",11,24,10,"",0,0,0,0,0,0,0,0,0,0,0,0,0,0,0,0,0,0,0,0,0,231.212,0,77.1358,-308.348
"MtrElec",11,24,11,"",0,0,0,0,0,0,0,0,0,0,0,0,0,0,0,0,0,0,0,0,0,236.87,0,127.861,-364.731
"MtrElec",11,24,12,"",-49.1088,0,0,0,0,0,0,0,0,0,0,0,0,0,0,0,0,0,0,0,0,181.947,0,157.698,-388.754
"MtrElec",11,24,13,"",-43.6499,0,0,0,0,0,0,0,0,0,0,0,0,0,0,0,0,0,0,0,0,178.247,0,157.698,-379.595
"MtrElec",11,24,14,"",-134.066,0,0,0,0,0,0,0,0,0,0,0,0,0,0,0,0,0,0,0,0,156.075,0,47.0125,-337.154
"MtrElec",11,24,15,"",-75.6913,0,0,0,0,0,0,0,0,0,0,0,0,0,0,0,0,0,0,0,0,182.776,0,0,-258.467
"MtrElec",11,24,16,"",12.9373,0,0,0,0,0,0,0,0,0,0,0,0,0,0,0,0,0,0,0,0,160.277,0,0,-147.34
"MtrElec",11,24,17,"",178.684,0,0,0,0,0,0,0,0,0,0,0,0,0,0,0,0,0,0,0,0,206.798,0,0,-28.1145
"MtrElec",11,24,18,"",249.843,0,0,0,0,0,0,0,0,0,0,0,0,0,0,0,0,0,0,0,0,249.843,0,0,0
"MtrElec",11,24,19,"",131.36,0,0,0,0,0,0,0,0,0,0,0,0,0,0,0,0,0,0,0,0,289.058,0,-157.698,0
"MtrElec",11,24,20,"",110.066,0,0,0,0,0,0,0,0,0,0,0,0,0,0,0,0,0,0,0,0,267.764,0,-157.698,0
"MtrElec",11,24,21,"",88.3836,0,0,0,0,0,0,0,0,0,0,0,0,0,0,0,0,0,0,0,0,246.081,0,-157.698,0
"MtrElec",11,24,22,"",171.407,0,0,0,0,0,0,0,0,0,0,0,0,0,0,0,0,0,0,0,0,229.331,0,-57.9236,0
"MtrElec",11,24,23,"",212.705,0,0,0,0,0,0,0,0,0,0,0,0,0,0,0,0,0,0,0,0,212.705,0,0,0
"MtrElec",11,24,24,"",164.581,0,0,0,0,0,0,0,0,0,0,0,0,0,0,0,0,0,0,0,0,164.581,0,0,0
"MtrElec",11,25,1,"",107.415,0,0,0,0,0,0,0,0,0,0,0,0,0,0,0,0,0,0,0,0,107.415,0,0,0
"MtrElec",11,25,2,"",110.478,0,0,0,0,0,0,0,0,0,0,0,0,0,0,0,0,0,0,0,0,110.478,0,0,0
"MtrElec",11,25,3,"",130.224,0,0,0,0,0,0,0,0,0,0,0,0,0,0,0,0,0,0,0,0,130.224,0,0,0
"MtrElec",11,25,4,"",109.054,0,0,0,0,0,0,0,0,0,0,0,0,0,0,0,0,0,0,0,0,109.054,0,0,0
"MtrElec",11,25,5,"",106.281,0,0,0,0,0,0,0,0,0,0,0,0,0,0,0,0,0,0,0,0,106.281,0,0,0
"MtrElec",11,25,6,"",100.238,0,0,0,0,0,0,0,0,0,0,0,0,0,0,0,0,0,0,0,0,100.238,0,0,0
"MtrElec",11,25,7,"",193.239,0,0,0,0,0,0,0,0,0,0,0,0,0,0,0,0,0,0,0,0,193.763,0,0,-0.524003
"MtrElec",11,25,8,"",179.701,0,0,0,0,0,0,0,0,0,0,0,0,0,0,0,0,0,0,0,0,217.811,0,0,-38.1101
"MtrElec",11,25,9,"",176.546,0,0,0,0,0,0,0,0,0,0,0,0,0,0,0,0,0,0,0,0,270.464,0,0,-93.9179
"MtrElec",11,25,10,"",179.508,0,0,0,0,0,0,0,0,0,0,0,0,0,0,0,0,0,0,0,0,254.344,0,0,-74.8358
"MtrElec",11,25,11,"",48.9784,0,0,0,0,0,0,0,0,0,0,0,0,0,0,0,0,0,0,0,0,261.234,0,0,-212.256
"MtrElec",11,25,12,"",0.0000078,0,0,0,0,0,0,0,0,0,0,0,0,0,0,0,0,0,0,0,0,247.991,0,103.886,-351.877
"MtrElec",11,25,13,"",0,0,0,0,0,0,0,0,0,0,0,0,0,0,0,0,0,0,0,0,0,232.971,0,132.296,-365.267
"MtrElec",11,25,14,"",-19.0955,0,0,0,0,0,0,0,0,0,0,0,0,0,0,0,0,0,0,0,0,136.361,0,157.698,-313.154
"MtrElec",11,25,15,"",0,0,0,0,0,0,0,0,0,0,0,0,0,0,0,0,0,0,0,0,0,168.834,0,48.903,-217.737
"MtrElec",11,25,16,"",31.7428,0,0,0,0,0,0,0,0,0,0,0,0,0,0,0,0,0,0,0,0,171.997,0,0,-140.254
"MtrElec",11,25,17,"",196.973,0,0,0,0,0,0,0,0,0,0,0,0,0,0,0,0,0,0,0,0,223.031,0,0,-26.0582
"MtrElec",11,25,18,"",199.592,0,0,0,0,0,0,0,0,0,0,0,0,0,0,0,0,0,0,0,0,199.592,0,0,0
"MtrElec",11,25,19,"",89.9392,0,0,0,0,0,0,0,0,0,0,0,0,0,0,0,0,0,0,0,0,247.637,0,-157.698,0
"MtrElec",11,25,20,"",119.452,0,0,0,0,0,0,0,0,0,0,0,0,0,0,0,0,0,0,0,0,277.15,0,-157.698,0
"MtrElec",11,25,21,"",186.444,0,0,0,0,0,0,0,0,0,0,0,0,0,0,0,0,0,0,0,0,270.659,0,-84.2148,0
"MtrElec",11,25,22,"",232.017,0,0,0,0,0,0,0,0,0,0,0,0,0,0,0,0,0,0,0,0,232.017,0,0,0
"MtrElec",11,25,23,"",215.715,0,0,0,0,0,0,0,0,0,0,0,0,0,0,0,0,0,0,0,0,215.715,0,0,0
"MtrElec",11,25,24,"",168.418,0,0,0,0,0,0,0,0,0,0,0,0,0,0,0,0,0,0,0,0,168.418,0,0,0
"MtrElec",11,26,1,"",140.708,0,0,0,0,0,0,0,0,0,0,0,0,0,0,0,0,0,0,0,0,140.708,0,0,0
"MtrElec",11,26,2,"",107.158,0,0,0,0,0,0,0,0,0,0,0,0,0,0,0,0,0,0,0,0,107.158,0,0,0
"MtrElec",11,26,3,"",97.5592,0,0,0,0,0,0,0,0,0,0,0,0,0,0,0,0,0,0,0,0,97.5592,0,0,0
"MtrElec",11,26,4,"",104.472,0,0,0,0,0,0,0,0,0,0,0,0,0,0,0,0,0,0,0,0,104.472,0,0,0
"MtrElec",11,26,5,"",92.1622,0,0,0,0,0,0,0,0,0,0,0,0,0,0,0,0,0,0,0,0,92.1622,0,0,0
"MtrElec",11,26,6,"",148.918,0,0,0,0,0,0,0,0,0,0,0,0,0,0,0,0,0,0,0,0,148.918,0,0,0
"MtrElec",11,26,7,"",163.157,0,0,0,0,0,0,0,0,0,0,0,0,0,0,0,0,0,0,0,0,163.157,0,0,0
"MtrElec",11,26,8,"",200.486,0,0,0,0,0,0,0,0,0,0,0,0,0,0,0,0,0,0,0,0,220.528,0,0,-20.0419
"MtrElec",11,26,9,"",209.479,0,0,0,0,0,0,0,0,0,0,0,0,0,0,0,0,0,0,0,0,276.422,0,0,-66.9435
"MtrElec",11,26,10,"",131.534,0,0,0,0,0,0,0,0,0,0,0,0,0,0,0,0,0,0,0,0,322.179,0,0,-190.645
"MtrElec",11,26,11,"",23.3944,0,0,0,0,0,0,0,0,0,0,0,0,0,0,0,0,0,0,0,0,318.68,0,0,-295.285
"MtrElec",11,26,12,"",0,0,0,0,0,0,0,0,0,0,0,0,0,0,0,0,0,0,0,0,0,308.588,0,98.6522,-407.24
"MtrElec",11,26,13,"",0,0,0,0,0,0,0,0,0,0,0,0,0,0,0,0,0,0,0,0,0,255.877,0,142.389,-398.266
"MtrElec",11,26,14,"",-37.5745,0,0,0,0,0,0,0,0,0,0,0,0,0,0,0,0,0,0,0,0,157.225,0,157.698,-352.497
"MtrElec",11,26,15,"",0,0,0,0,0,0,0,0,0,0,0,0,0,0,0,0,0,0,0,0,0,205.39,0,68.624,-274.014
"MtrElec",11,26,16,"",29.2964,0,0,0,0,0,0,0,0,0,0,0,0,0,0,0,0,0,0,0,0,188.574,0,0,-159.278
"MtrElec",11,26,17,"",189.366,0,0,0,0,0,0,0,0,0,0,0,0,0,0,0,0,0,0,0,0,222.35,0,0,-32.9834
"MtrElec",11,26,18,"",336.933,0,0,0,0,0,0,0,0,0,0,0,0,0,0,0,0,0,0,0,0,336.933,0,0,0
"MtrElec",11,26,19,"",175.728,0,0,0,0,0,0,0,0,0,0,0,0,0,0,0,0,0,0,0,0,333.425,0,-157.698,0
"MtrElec",11,26,20,"",57.1232,0,0,0,0,0,0,0,0,0,0,0,0,0,0,0,0,0,0,0,0,214.821,0,-157.698,0
"MtrElec",11,26,21,"",168.2,0,0,0,0,0,0,0,0,0,0,0,0,0,0,0,0,0,0,0,0,274.599,0,-106.399,0
"MtrElec",11,26,22,"",204.058,0,0,0,0,0,0,0,0,0,0,0,0,0,0,0,0,0,0,0,0,204.058,0,0,0
"MtrElec",11,26,23,"",205.393,0,0,0,0,0,0,0,0,0,0,0,0,0,0,0,0,0,0,0,0,205.393,0,0,0
"MtrElec",11,26,24,"",151.107,0,0,0,0,0,0,0,0,0,0,0,0,0,0,0,0,0,0,0,0,151.107,0,0,0
"MtrElec",11,27,1,"",98.5815,0,0,0,0,0,0,0,0,0,0,0,0,0,0,0,0,0,0,0,0,98.5815,0,0,0
"MtrElec",11,27,2,"",152.144,0,0,0,0,0,0,0,0,0,0,0,0,0,0,0,0,0,0,0,0,152.144,0,0,0
"MtrElec",11,27,3,"",102.783,0,0,0,0,0,0,0,0,0,0,0,0,0,0,0,0,0,0,0,0,102.783,0,0,0
"MtrElec",11,27,4,"",95.2724,0,0,0,0,0,0,0,0,0,0,0,0,0,0,0,0,0,0,0,0,95.2724,0,0,0
"MtrElec",11,27,5,"",101.265,0,0,0,0,0,0,0,0,0,0,0,0,0,0,0,0,0,0,0,0,101.265,0,0,0
"MtrElec",11,27,6,"",155.813,0,0,0,0,0,0,0,0,0,0,0,0,0,0,0,0,0,0,0,0,155.813,0,0,0
"MtrElec",11,27,7,"",164.497,0,0,0,0,0,0,0,0,0,0,0,0,0,0,0,0,0,0,0,0,176.31,0,0,-11.8136
"MtrElec",11,27,8,"",84.0938,0,0,0,0,0,0,0,0,0,0,0,0,0,0,0,0,0,0,0,0,202.075,0,0,-117.981
"MtrElec",11,27,9,"",20.6899,0,0,0,0,0,0,0,0,0,0,0,0,0,0,0,0,0,0,0,0,271.758,0,0,-251.068
"MtrElec",11,27,10,"",0,0,0,0,0,0,0,0,0,0,0,0,0,0,0,0,0,0,0,0,0,273.903,0,68.9709,-342.874
"MtrElec",11,27,11,"",0.0000078,0,0,0,0,0,0,0,0,0,0,0,0,0,0,0,0,0,0,0,0,328.818,0,71.9283,-400.746
"MtrElec",11,27,12,"",0.0000078,0,0,0,0,0,0,0,0,0,0,0,0,0,0,0,0,0,0,0,0,293.304,0,130.435,-423.739
"MtrElec",11,27,13,"",0.0000078,0,0,0,0,0,0,0,0,0,0,0,0,0,0,0,0,0,0,0,0,292.801,0,117.805,-410.606
"MtrElec",11,27,14,"",0,0,0,0,0,0,0,0,0,0,0,0,0,0,0,0,0,0,0,0,0,273.136,0,85.8196,-358.956
"MtrElec",11,27,15,"",3.25334,0,0,0,0,0,0,0,0,0,0,0,0,0,0,0,0,0,0,0,0,278.218,0,0,-274.965
"MtrElec",11,27,16,"",17.1903,0,0,0,0,0,0,0,0,0,0,0,0,0,0,0,0,0,0,0,0,173.673,0,0,-156.483
"MtrElec",11,27,17,"",231.264,0,0,0,0,0,0,0,0,0,0,0,0,0,0,0,0,0,0,0,0,262.264,0,0,-30.9999
"MtrElec",11,27,18,"",381.054,0,0,0,0,0,0,0,0,0,0,0,0,0,0,0,0,0,0,0,0,381.054,0,0,0
"MtrElec",11,27,19,"",243.324,0,0,0,0,0,0,0,0,0,0,0,0,0,0,0,0,0,0,0,0,401.022,0,-157.698,0
"MtrElec",11,27,20,"",139.276,0,0,0,0,0,0,0,0,0,0,0,0,0,0,0,0,0,0,0,0,296.974,0,-157.698,0
"MtrElec",11,27,21,"",128.435,0,0,0,0,0,0,0,0,0,0,0,0,0,0,0,0,0,0,0,0,241.689,0,-113.255,0
"MtrElec",11,27,22,"",252.144,0,0,0,0,0,0,0,0,0,0,0,0,0,0,0,0,0,0,0,0,252.144,0,0,0
"MtrElec",11,27,23,"",275.723,0,0,0,0,0,0,0,0,0,0,0,0,0,0,0,0,0,0,0,0,275.723,0,0,0
"MtrElec",11,27,24,"",195.904,0,0,0,0,0,0,0,0,0,0,0,0,0,0,0,0,0,0,0,0,195.904,0,0,0
"MtrElec",11,28,1,"",107.639,0,0,0,0,0,0,0,0,0,0,0,0,0,0,0,0,0,0,0,0,107.639,0,0,0
"MtrElec",11,28,2,"",131.69,0,0,0,0,0,0,0,0,0,0,0,0,0,0,0,0,0,0,0,0,131.69,0,0,0
"MtrElec",11,28,3,"",162.335,0,0,0,0,0,0,0,0,0,0,0,0,0,0,0,0,0,0,0,0,162.335,0,0,0
"MtrElec",11,28,4,"",109.021,0,0,0,0,0,0,0,0,0,0,0,0,0,0,0,0,0,0,0,0,109.021,0,0,0
"MtrElec",11,28,5,"",108.149,0,0,0,0,0,0,0,0,0,0,0,0,0,0,0,0,0,0,0,0,108.149,0,0,0
"MtrElec",11,28,6,"",101.213,0,0,0,0,0,0,0,0,0,0,0,0,0,0,0,0,0,0,0,0,101.213,0,0,0
"MtrElec",11,28,7,"",145.076,0,0,0,0,0,0,0,0,0,0,0,0,0,0,0,0,0,0,0,0,154.926,0,0,-9.84969
"MtrElec",11,28,8,"",75.7563,0,0,0,0,0,0,0,0,0,0,0,0,0,0,0,0,0,0,0,0,186.984,0,0,-111.228
"MtrElec",11,28,9,"",21.9146,0,0,0,0,0,0,0,0,0,0,0,0,0,0,0,0,0,0,0,0,252.154,0,0,-230.239
"MtrElec",11,28,10,"",0,0,0,0,0,0,0,0,0,0,0,0,0,0,0,0,0,0,0,0,0,266.418,0,50.9594,-317.377
"MtrElec",11,28,11,"",0,0,0,0,0,0,0,0,0,0,0,0,0,0,0,0,0,0,0,0,0,300.426,0,70.5257,-370.951
"MtrElec",11,28,12,"",0,0,0,0,0,0,0,0,0,0,0,0,0,0,0,0,0,0,0,0,0,324.038,0,69.5803,-393.618
"MtrElec",11,28,13,"",0,0,0,0,0,0,0,0,0,0,0,0,0,0,0,0,0,0,0,0,0,266.562,0,112.956,-379.519
"MtrElec",11,28,14,"",0,0,0,0,0,0,0,0,0,0,0,0,0,0,0,0,0,0,0,0,0,244.848,0,83.7955,-328.643
"MtrElec",11,28,15,"",13.6724,0,0,0,0,0,0,0,0,0,0,0,0,0,0,0,0,0,0,0,0,268.823,0,0,-255.151
"MtrElec",11,28,16,"",100.547,0,0,0,0,0,0,0,0,0,0,0,0,0,0,0,0,0,0,0,0,248.442,0,0,-147.895
"MtrElec",11,28,17,"",178.496,0,0,0,0,0,0,0,0,0,0,0,0,0,0,0,0,0,0,0,0,207.346,0,0,-28.8496
"MtrElec",11,28,18,"",238.003,0,0,0,0,0,0,0,0,0,0,0,0,0,0,0,0,0,0,0,0,238.003,0,0,0
"MtrElec",11,28,19,"",184.594,0,0,0,0,0,0,0,0,0,0,0,0,0,0,0,0,0,0,0,0,342.292,0,-157.698,0
"MtrElec",11,28,20,"",125.225,0,0,0,0,0,0,0,0,0,0,0,0,0,0,0,0,0,0,0,0,282.923,0,-157.698,0
"MtrElec",11,28,21,"",252.137,0,0,0,0,0,0,0,0,0,0,0,0,0,0,0,0,0,0,0,0,286.747,0,-34.6093,0
"MtrElec",11,28,22,"",265.269,0,0,0,0,0,0,0,0,0,0,0,0,0,0,0,0,0,0,0,0,265.269,0,0,0
"MtrElec",11,28,23,"",194.806,0,0,0,0,0,0,0,0,0,0,0,0,0,0,0,0,0,0,0,0,194.806,0,0,0
"MtrElec",11,28,24,"",195.704,0,0,0,0,0,0,0,0,0,0,0,0,0,0,0,0,0,0,0,0,195.704,0,0,0
"MtrElec",11,29,1,"",158.519,0,0,0,0,0,0,0,0,0,0,0,0,0,0,0,0,0,0,0,0,158.519,0,0,0
"MtrElec",11,29,2,"",119.811,0,0,0,0,0,0,0,0,0,0,0,0,0,0,0,0,0,0,0,0,119.811,0,0,0
"MtrElec",11,29,3,"",106.17,0,0,0,0,0,0,0,0,0,0,0,0,0,0,0,0,0,0,0,0,106.17,0,0,0
"MtrElec",11,29,4,"",125.387,0,0,0,0,0,0,0,0,0,0,0,0,0,0,0,0,0,0,0,0,125.387,0,0,0
"MtrElec",11,29,5,"",231.755,0,0,0,0,0,0,0,0,0,0,0,0,0,0,0,0,0,0,0,0,231.755,0,0,0
"MtrElec",11,29,6,"",116.19,0,0,0,0,0,0,0,0,0,0,0,0,0,0,0,0,0,0,0,0,116.19,0,0,0
"MtrElec",11,29,7,"",136.658,0,0,0,0,0,0,0,0,0,0,0,0,0,0,0,0,0,0,0,0,136.658,0,0,0
"MtrElec",11,29,8,"",80.3861,0,0,0,0,0,0,0,0,0,0,0,0,0,0,0,0,0,0,0,0,157.94,0,0,-77.5543
"MtrElec",11,29,9,"",0.0000020,0,0,0,0,0,0,0,0,0,0,0,0,0,0,0,0,0,0,0,0,191.055,0,31.9851,-223.04
"MtrElec",11,29,10,"",0,0,0,0,0,0,0,0,0,0,0,0,0,0,0,0,0,0,0,0,0,263.635,0,46.7808,-310.416
"MtrElec",11,29,11,"",0,0,0,0,0,0,0,0,0,0,0,0,0,0,0,0,0,0,0,0,0,286.98,0,74.3206,-361.301
"MtrElec",11,29,12,"",0.0000078,0,0,0,0,0,0,0,0,0,0,0,0,0,0,0,0,0,0,0,0,266.039,0,112.746,-378.785
"MtrElec",11,29,13,"",0.0000156,0,0,0,0,0,0,0,0,0,0,0,0,0,0,0,0,0,0,0,0,219.87,0,153.671,-373.541
"MtrElec",11,29,14,"",0,0,0,0,0,0,0,0,0,0,0,0,0,0,0,0,0,0,0,0,0,186.128,0,144.629,-330.758
"MtrElec",11,29,15,"",-49.3279,0,0,0,0,0,0,0,0,0,0,0,0,0,0,0,0,0,0,0,0,180.44,0,24.2529,-254.021
"MtrElec",11,29,16,"",17.8251,0,0,0,0,0,0,0,0,0,0,0,0,0,0,0,0,0,0,0,0,161.86,0,0,-144.035
"MtrElec",11,29,17,"",161.676,0,0,0,0,0,0,0,0,0,0,0,0,0,0,0,0,0,0,0,0,188.684,0,0,-27.0075
"MtrElec",11,29,18,"",256.819,0,0,0,0,0,0,0,0,0,0,0,0,0,0,0,0,0,0,0,0,256.819,0,0,0
"MtrElec",11,29,19,"",124.934,0,0,0,0,0,0,0,0,0,0,0,0,0,0,0,0,0,0,0,0,282.632,0,-157.698,0
"MtrElec",11,29,20,"",105.618,0,0,0,0,0,0,0,0,0,0,0,0,0,0,0,0,0,0,0,0,263.315,0,-157.698,0
"MtrElec",11,29,21,"",83.6516,0,0,0,0,0,0,0,0,0,0,0,0,0,0,0,0,0,0,0,0,241.35,0,-157.698,0
"MtrElec",11,29,22,"",228.302,0,0,0,0,0,0,0,0,0,0,0,0,0,0,0,0,0,0,0,0,286.226,0,-57.9236,0
"MtrElec",11,29,23,"",192.727,0,0,0,0,0,0,0,0,0,0,0,0,0,0,0,0,0,0,0,0,192.727,0,0,0
"MtrElec",11,29,24,"",172.689,0,0,0,0,0,0,0,0,0,0,0,0,0,0,0,0,0,0,0,0,172.689,0,0,0
"MtrElec",11,30,1,"",115.409,0,0,0,0,0,0,0,0,0,0,0,0,0,0,0,0,0,0,0,0,115.409,0,0,0
"MtrElec",11,30,2,"",117.018,0,0,0,0,0,0,0,0,0,0,0,0,0,0,0,0,0,0,0,0,117.018,0,0,0
"MtrElec",11,30,3,"",118.939,0,0,0,0,0,0,0,0,0,0,0,0,0,0,0,0,0,0,0,0,118.939,0,0,0
"MtrElec",11,30,4,"",107.099,0,0,0,0,0,0,0,0,0,0,0,0,0,0,0,0,0,0,0,0,107.099,0,0,0
"MtrElec",11,30,5,"",166.814,0,0,0,0,0,0,0,0,0,0,0,0,0,0,0,0,0,0,0,0,166.814,0,0,0
"MtrElec",11,30,6,"",132.621,0,0,0,0,0,0,0,0,0,0,0,0,0,0,0,0,0,0,0,0,132.621,0,0,0
"MtrElec",11,30,7,"",324.673,0,0,0,0,0,0,0,0,0,0,0,0,0,0,0,0,0,0,0,0,324.673,0,0,0
"MtrElec",11,30,8,"",160.139,0,0,0,0,0,0,0,0,0,0,0,0,0,0,0,0,0,0,0,0,261.582,0,0,-101.443
"MtrElec",11,30,9,"",56.4682,0,0,0,0,0,0,0,0,0,0,0,0,0,0,0,0,0,0,0,0,278.481,0,0,-222.013
"MtrElec",11,30,10,"",0,0,0,0,0,0,0,0,0,0,0,0,0,0,0,0,0,0,0,0,0,245.15,0,67.5472,-312.697
"MtrElec",11,30,11,"",0,0,0,0,0,0,0,0,0,0,0,0,0,0,0,0,0,0,0,0,0,221.786,0,146.124,-367.911
"MtrElec",11,30,12,"",-10.9209,0,0,0,0,0,0,0,0,0,0,0,0,0,0,0,0,0,0,0,0,222.973,0,157.698,-391.592
"MtrElec",11,30,13,"",0,0,0,0,0,0,0,0,0,0,0,0,0,0,0,0,0,0,0,0,0,246.761,0,133.774,-380.536
"MtrElec",11,30,14,"",-116.284,0,0,0,0,0,0,0,0,0,0,0,0,0,0,0,0,0,0,0,0,130.525,0,83.241,-330.051
"MtrElec",11,30,15,"",-80.2631,0,0,0,0,0,0,0,0,0,0,0,0,0,0,0,0,0,0,0,0,174.781,0,0,-255.044
"MtrElec",11,30,16,"",41.964,0,0,0,0,0,0,0,0,0,0,0,0,0,0,0,0,0,0,0,0,187.205,0,0,-145.241
"MtrElec",11,30,17,"",139.569,0,0,0,0,0,0,0,0,0,0,0,0,0,0,0,0,0,0,0,0,167.16,0,0,-27.5909
"MtrElec",11,30,18,"",247.493,0,0,0,0,0,0,0,0,0,0,0,0,0,0,0,0,0,0,0,0,247.493,0,0,0
"MtrElec",11,30,19,"",161.379,0,0,0,0,0,0,0,0,0,0,0,0,0,0,0,0,0,0,0,0,319.077,0,-157.698,0
"MtrElec",11,30,20,"",108.593,0,0,0,0,0,0,0,0,0,0,0,0,0,0,0,0,0,0,0,0,266.291,0,-157.698,0
"MtrElec",11,30,21,"",113.489,0,0,0,0,0,0,0,0,0,0,0,0,0,0,0,0,0,0,0,0,271.187,0,-157.698,0
"MtrElec",11,30,22,"",155.162,0,0,0,0,0,0,0,0,0,0,0,0,0,0,0,0,0,0,0,0,213.086,0,-57.9236,0
"MtrElec",11,30,23,"",235.42,0,0,0,0,0,0,0,0,0,0,0,0,0,0,0,0,0,0,0,0,235.42,0,0,0
"MtrElec",11,30,24,"",182.234,0,0,0,0,0,0,0,0,0,0,0,0,0,0,0,0,0,0,0,0,182.234,0,0,0
"MtrElec",12,1,1,"",146.653,0,0,0,0,0,0,0,0,0,0,0,0,0,0,0,0,0,0,0,0,146.653,0,0,0
"MtrElec",12,1,2,"",115.967,0,0,0,0,0,0,0,0,0,0,0,0,0,0,0,0,0,0,0,0,115.967,0,0,0
"MtrElec",12,1,3,"",107.203,0,0,0,0,0,0,0,0,0,0,0,0,0,0,0,0,0,0,0,0,107.203,0,0,0
"MtrElec",12,1,4,"",124.114,0,0,0,0,0,0,0,0,0,0,0,0,0,0,0,0,0,0,0,0,124.114,0,0,0
"MtrElec",12,1,5,"",129.783,0,0,0,0,0,0,0,0,0,0,0,0,0,0,0,0,0,0,0,0,129.783,0,0,0
"MtrElec",12,1,6,"",166.448,0,0,0,0,0,0,0,0,0,0,0,0,0,0,0,0,0,0,0,0,166.448,0,0,0
"MtrElec",12,1,7,"",331.557,0,0,0,0,0,0,0,0,0,0,0,0,0,0,0,0,0,0,0,0,331.557,0,0,0
"MtrElec",12,1,8,"",98.7024,0,0,0,0,0,0,0,0,0,0,0,0,0,0,0,0,0,0,0,0,212.283,0,0,-113.58
"MtrElec",12,1,9,"",6.91989,0,0,0,0,0,0,0,0,0,0,0,0,0,0,0,0,0,0,0,0,247.927,0,0,-241.008
"MtrElec",12,1,10,"",0,0,0,0,0,0,0,0,0,0,0,0,0,0,0,0,0,0,0,0,0,212.998,0,116.234,-329.232
"MtrElec",12,1,11,"",0.0000156,0,0,0,0,0,0,0,0,0,0,0,0,0,0,0,0,0,0,0,0,249.488,0,137.628,-387.116
"MtrElec",12,1,12,"",-101.103,0,0,0,0,0,0,0,0,0,0,0,0,0,0,0,0,0,0,0,0,156.563,0,157.698,-415.364
"MtrElec",12,1,13,"",-22.5317,0,0,0,0,0,0,0,0,0,0,0,0,0,0,0,0,0,0,0,0,227.542,0,157.698,-407.772
"MtrElec",12,1,14,"",-182.998,0,0,0,0,0,0,0,0,0,0,0,0,0,0,0,0,0,0,0,0,158.656,0,19.1273,-360.781
"MtrElec",12,1,15,"",-139.594,0,0,0,0,0,0,0,0,0,0,0,0,0,0,0,0,0,0,0,0,138.155,0,0,-277.749
"MtrElec",12,1,16,"",30.775,0,0,0,0,0,0,0,0,0,0,0,0,0,0,0,0,0,0,0,0,189.783,0,0,-159.008
"MtrElec",12,1,17,"",166.461,0,0,0,0,0,0,0,0,0,0,0,0,0,0,0,0,0,0,0,0,197.159,0,0,-30.698
"MtrElec",12,1,18,"",220.865,0,0,0,0,0,0,0,0,0,0,0,0,0,0,0,0,0,0,0,0,220.865,0,0,0
"MtrElec",12,1,19,"",130.255,0,0,0,0,0,0,0,0,0,0,0,0,0,0,0,0,0,0,0,0,287.953,0,-157.698,0
"MtrElec",12,1,20,"",132.581,0,0,0,0,0,0,0,0,0,0,0,0,0,0,0,0,0,0,0,0,290.279,0,-157.698,0
"MtrElec",12,1,21,"",122.975,0,0,0,0,0,0,0,0,0,0,0,0,0,0,0,0,0,0,0,0,280.673,0,-157.698,0
"MtrElec",12,1,22,"",179.191,0,0,0,0,0,0,0,0,0,0,0,0,0,0,0,0,0,0,0,0,237.115,0,-57.9236,0
"MtrElec",12,1,23,"",170.057,0,0,0,0,0,0,0,0,0,0,0,0,0,0,0,0,0,0,0,0,170.057,0,0,0
"MtrElec",12,1,24,"",187.85,0,0,0,0,0,0,0,0,0,0,0,0,0,0,0,0,0,0,0,0,187.85,0,0,0
"MtrElec",12,2,1,"",128.611,0,0,0,0,0,0,0,0,0,0,0,0,0,0,0,0,0,0,0,0,128.611,0,0,0
"MtrElec",12,2,2,"",125.969,0,0,0,0,0,0,0,0,0,0,0,0,0,0,0,0,0,0,0,0,125.969,0,0,0
"MtrElec",12,2,3,"",120.754,0,0,0,0,0,0,0,0,0,0,0,0,0,0,0,0,0,0,0,0,120.754,0,0,0
"MtrElec",12,2,4,"",132.496,0,0,0,0,0,0,0,0,0,0,0,0,0,0,0,0,0,0,0,0,132.496,0,0,0
"MtrElec",12,2,5,"",131.436,0,0,0,0,0,0,0,0,0,0,0,0,0,0,0,0,0,0,0,0,131.436,0,0,0
"MtrElec",12,2,6,"",242.256,0,0,0,0,0,0,0,0,0,0,0,0,0,0,0,0,0,0,0,0,242.256,0,0,0
"MtrElec",12,2,7,"",240.395,0,0,0,0,0,0,0,0,0,0,0,0,0,0,0,0,0,0,0,0,240.395,0,0,0
"MtrElec",12,2,8,"",151.446,0,0,0,0,0,0,0,0,0,0,0,0,0,0,0,0,0,0,0,0,257.457,0,0,-106.01
"MtrElec",12,2,9,"",38.5925,0,0,0,0,0,0,0,0,0,0,0,0,0,0,0,0,0,0,0,0,274.241,0,0,-235.648
"MtrElec",12,2,10,"",0,0,0,0,0,0,0,0,0,0,0,0,0,0,0,0,0,0,0,0,0,240.694,0,93.1993,-333.893
"MtrElec",12,2,11,"",0.0000156,0,0,0,0,0,0,0,0,0,0,0,0,0,0,0,0,0,0,0,0,254.926,0,139.051,-393.978
"MtrElec",12,2,12,"",-73.3324,0,0,0,0,0,0,0,0,0,0,0,0,0,0,0,0,0,0,0,0,189.366,0,157.698,-420.396
"MtrElec",12,2,13,"",-0.256984,0,0,0,0,0,0,0,0,0,0,0,0,0,0,0,0,0,0,0,0,252.439,0,157.698,-410.394
"MtrElec",12,2,14,"",-145.691,0,0,0,0,0,0,0,0,0,0,0,0,0,0,0,0,0,0,0,0,175.221,0,40.7385,-361.651
"MtrElec",12,2,15,"",-134.677,0,0,0,0,0,0,0,0,0,0,0,0,0,0,0,0,0,0,0,0,143.822,0,0,-278.499
"MtrElec",12,2,16,"",15.1765,0,0,0,0,0,0,0,0,0,0,0,0,0,0,0,0,0,0,0,0,172.711,0,0,-157.534
"MtrElec",12,2,17,"",205.026,0,0,0,0,0,0,0,0,0,0,0,0,0,0,0,0,0,0,0,0,234.678,0,0,-29.652
"MtrElec",12,2,18,"",211.217,0,0,0,0,0,0,0,0,0,0,0,0,0,0,0,0,0,0,0,0,211.217,0,0,0
"MtrElec",12,2,19,"",138.333,0,0,0,0,0,0,0,0,0,0,0,0,0,0,0,0,0,0,0,0,296.03,0,-157.698,0
"MtrElec",12,2,20,"",112.784,0,0,0,0,0,0,0,0,0,0,0,0,0,0,0,0,0,0,0,0,270.482,0,-157.698,0
"MtrElec",12,2,21,"",77.0123,0,0,0,0,0,0,0,0,0,0,0,0,0,0,0,0,0,0,0,0,234.71,0,-157.698,0
"MtrElec",12,2,22,"",179.668,0,0,0,0,0,0,0,0,0,0,0,0,0,0,0,0,0,0,0,0,237.592,0,-57.9236,0
"MtrElec",12,2,23,"",250.747,0,0,0,0,0,0,0,0,0,0,0,0,0,0,0,0,0,0,0,0,250.747,0,0,0
"MtrElec",12,2,24,"",163.976,0,0,0,0,0,0,0,0,0,0,0,0,0,0,0,0,0,0,0,0,163.976,0,0,0
"MtrElec",12,3,1,"",182.37,0,0,0,0,0,0,0,0,0,0,0,0,0,0,0,0,0,0,0,0,182.37,0,0,0
"MtrElec",12,3,2,"",116.994,0,0,0,0,0,0,0,0,0,0,0,0,0,0,0,0,0,0,0,0,116.994,0,0,0
"MtrElec",12,3,3,"",104.583,0,0,0,0,0,0,0,0,0,0,0,0,0,0,0,0,0,0,0,0,104.583,0,0,0
"MtrElec",12,3,4,"",117.31,0,0,0,0,0,0,0,0,0,0,0,0,0,0,0,0,0,0,0,0,117.31,0,0,0
"MtrElec",12,3,5,"",111.581,0,0,0,0,0,0,0,0,0,0,0,0,0,0,0,0,0,0,0,0,111.581,0,0,0
"MtrElec",12,3,6,"",164.879,0,0,0,0,0,0,0,0,0,0,0,0,0,0,0,0,0,0,0,0,164.879,0,0,0
"MtrElec",12,3,7,"",197.458,0,0,0,0,0,0,0,0,0,0,0,0,0,0,0,0,0,0,0,0,197.458,0,0,0
"MtrElec",12,3,8,"",148.764,0,0,0,0,0,0,0,0,0,0,0,0,0,0,0,0,0,0,0,0,256.819,0,0,-108.056
"MtrElec",12,3,9,"",58.9767,0,0,0,0,0,0,0,0,0,0,0,0,0,0,0,0,0,0,0,0,295.292,0,0,-236.316
"MtrElec",12,3,10,"",0.0000078,0,0,0,0,0,0,0,0,0,0,0,0,0,0,0,0,0,0,0,0,261.774,0,73.8667,-335.641
"MtrElec",12,3,11,"",-21.3822,0,0,0,0,0,0,0,0,0,0,0,0,0,0,0,0,0,0,0,0,216.762,0,157.698,-395.842
"MtrElec",12,3,12,"",-66.4345,0,0,0,0,0,0,0,0,0,0,0,0,0,0,0,0,0,0,0,0,196.847,0,157.698,-420.979
"MtrElec",12,3,13,"",0,0,0,0,0,0,0,0,0,0,0,0,0,0,0,0,0,0,0,0,0,257.536,0,150.346,-407.882
"MtrElec",12,3,14,"",-156.112,0,0,0,0,0,0,0,0,0,0,0,0,0,0,0,0,0,0,0,0,153.217,0,48.7765,-358.106
"MtrElec",12,3,15,"",-131.792,0,0,0,0,0,0,0,0,0,0,0,0,0,0,0,0,0,0,0,0,144.235,0,0,-276.027
"MtrElec",12,3,16,"",18.895,0,0,0,0,0,0,0,0,0,0,0,0,0,0,0,0,0,0,0,0,176.326,0,0,-157.431
"MtrElec",12,3,17,"",178.762,0,0,0,0,0,0,0,0,0,0,0,0,0,0,0,0,0,0,0,0,209.36,0,0,-30.5982
"MtrElec",12,3,18,"",225.693,0,0,0,0,0,0,0,0,0,0,0,0,0,0,0,0,0,0,0,0,225.693,0,0,0
"MtrElec",12,3,19,"",161.5,0,0,0,0,0,0,0,0,0,0,0,0,0,0,0,0,0,0,0,0,319.198,0,-157.698,0
"MtrElec",12,3,20,"",126.741,0,0,0,0,0,0,0,0,0,0,0,0,0,0,0,0,0,0,0,0,284.439,0,-157.698,0
"MtrElec",12,3,21,"",122.933,0,0,0,0,0,0,0,0,0,0,0,0,0,0,0,0,0,0,0,0,280.631,0,-157.698,0
"MtrElec",12,3,22,"",169.756,0,0,0,0,0,0,0,0,0,0,0,0,0,0,0,0,0,0,0,0,227.68,0,-57.9236,0
"MtrElec",12,3,23,"",236.218,0,0,0,0,0,0,0,0,0,0,0,0,0,0,0,0,0,0,0,0,236.218,0,0,0
"MtrElec",12,3,24,"",184.512,0,0,0,0,0,0,0,0,0,0,0,0,0,0,0,0,0,0,0,0,184.512,0,0,0
"MtrElec",12,4,1,"",132.17,0,0,0,0,0,0,0,0,0,0,0,0,0,0,0,0,0,0,0,0,132.17,0,0,0
"MtrElec",12,4,2,"",119.571,0,0,0,0,0,0,0,0,0,0,0,0,0,0,0,0,0,0,0,0,119.571,0,0,0
"MtrElec",12,4,3,"",109.854,0,0,0,0,0,0,0,0,0,0,0,0,0,0,0,0,0,0,0,0,109.854,0,0,0
"MtrElec",12,4,4,"",127.74,0,0,0,0,0,0,0,0,0,0,0,0,0,0,0,0,0,0,0,0,127.74,0,0,0
"MtrElec",12,4,5,"",223.3,0,0,0,0,0,0,0,0,0,0,0,0,0,0,0,0,0,0,0,0,223.3,0,0,0
"MtrElec",12,4,6,"",128.394,0,0,0,0,0,0,0,0,0,0,0,0,0,0,0,0,0,0,0,0,128.394,0,0,0
"MtrElec",12,4,7,"",278.106,0,0,0,0,0,0,0,0,0,0,0,0,0,0,0,0,0,0,0,0,278.106,0,0,0
"MtrElec",12,4,8,"",218.487,0,0,0,0,0,0,0,0,0,0,0,0,0,0,0,0,0,0,0,0,318.691,0,0,-100.204
"MtrElec",12,4,9,"",87.5681,0,0,0,0,0,0,0,0,0,0,0,0,0,0,0,0,0,0,0,0,308.504,0,0,-220.936
"MtrElec",12,4,10,"",0,0,0,0,0,0,0,0,0,0,0,0,0,0,0,0,0,0,0,0,0,300.856,0,10.9667,-311.823
"MtrElec",12,4,11,"",0,0,0,0,0,0,0,0,0,0,0,0,0,0,0,0,0,0,0,0,0,323.421,0,49.2966,-372.718
"MtrElec",12,4,12,"",0,0,0,0,0,0,0,0,0,0,0,0,0,0,0,0,0,0,0,0,0,215.273,0,126.324,-341.597
"MtrElec",12,4,13,"",64.8531,0,0,0,0,0,0,0,0,0,0,0,0,0,0,0,0,0,0,0,0,246.906,0,0,-182.052
"MtrElec",12,4,14,"",0,0,0,0,0,0,0,0,0,0,0,0,0,0,0,0,0,0,0,0,0,128.345,0,48.5802,-176.925
"MtrElec",12,4,15,"",90.6711,0,0,0,0,0,0,0,0,0,0,0,0,0,0,0,0,0,0,0,0,164.364,0,0,-73.693
"MtrElec",12,4,16,"",145.292,0,0,0,0,0,0,0,0,0,0,0,0,0,0,0,0,0,0,0,0,160.088,0,0,-14.7964
"MtrElec",12,4,17,"",200.943,0,0,0,0,0,0,0,0,0,0,0,0,0,0,0,0,0,0,0,0,200.943,0,0,0
"MtrElec",12,4,18,"",238.162,0,0,0,0,0,0,0,0,0,0,0,0,0,0,0,0,0,0,0,0,238.162,0,0,0
"MtrElec",12,4,19,"",81.3661,0,0,0,0,0,0,0,0,0,0,0,0,0,0,0,0,0,0,0,0,239.064,0,-157.698,0
"MtrElec",12,4,20,"",257.26,0,0,0,0,0,0,0,0,0,0,0,0,0,0,0,0,0,0,0,0,311.801,0,-54.5408,0
"MtrElec",12,4,21,"",295.626,0,0,0,0,0,0,0,0,0,0,0,0,0,0,0,0,0,0,0,0,295.626,0,0,0
"MtrElec",12,4,22,"",260.14,0,0,0,0,0,0,0,0,0,0,0,0,0,0,0,0,0,0,0,0,260.14,0,0,0
"MtrElec",12,4,23,"",260.433,0,0,0,0,0,0,0,0,0,0,0,0,0,0,0,0,0,0,0,0,260.433,0,0,0
"MtrElec",12,4,24,"",193.865,0,0,0,0,0,0,0,0,0,0,0,0,0,0,0,0,0,0,0,0,193.865,0,0,0
"MtrElec",12,5,1,"",121.15,0,0,0,0,0,0,0,0,0,0,0,0,0,0,0,0,0,0,0,0,121.15,0,0,0
"MtrElec",12,5,2,"",135.304,0,0,0,0,0,0,0,0,0,0,0,0,0,0,0,0,0,0,0,0,135.304,0,0,0
"MtrElec",12,5,3,"",147.776,0,0,0,0,0,0,0,0,0,0,0,0,0,0,0,0,0,0,0,0,147.776,0,0,0
"MtrElec",12,5,4,"",106.148,0,0,0,0,0,0,0,0,0,0,0,0,0,0,0,0,0,0,0,0,106.148,0,0,0
"MtrElec",12,5,5,"",130.549,0,0,0,0,0,0,0,0,0,0,0,0,0,0,0,0,0,0,0,0,130.549,0,0,0
"MtrElec",12,5,6,"",164.013,0,0,0,0,0,0,0,0,0,0,0,0,0,0,0,0,0,0,0,0,164.013,0,0,0
"MtrElec",12,5,7,"",127.493,0,0,0,0,0,0,0,0,0,0,0,0,0,0,0,0,0,0,0,0,127.493,0,0,0
"MtrElec",12,5,8,"",187.491,0,0,0,0,0,0,0,0,0,0,0,0,0,0,0,0,0,0,0,0,192.296,0,0,-4.80446
"MtrElec",12,5,9,"",186.605,0,0,0,0,0,0,0,0,0,0,0,0,0,0,0,0,0,0,0,0,209.77,0,0,-23.1651
"MtrElec",12,5,10,"",234.894,0,0,0,0,0,0,0,0,0,0,0,0,0,0,0,0,0,0,0,0,261.079,0,0,-26.1848
"MtrElec",12,5,11,"",240.735,0,0,0,0,0,0,0,0,0,0,0,0,0,0,0,0,0,0,0,0,293.337,0,0,-52.6025
"MtrElec",12,5,12,"",141.672,0,0,0,0,0,0,0,0,0,0,0,0,0,0,0,0,0,0,0,0,239.114,0,0,-97.4422
"MtrElec",12,5,13,"",220.831,0,0,0,0,0,0,0,0,0,0,0,0,0,0,0,0,0,0,0,0,276.109,0,0,-55.2781
"MtrElec",12,5,14,"",188.803,0,0,0,0,0,0,0,0,0,0,0,0,0,0,0,0,0,0,0,0,217.36,0,0,-28.5568
"MtrElec",12,5,15,"",187.053,0,0,0,0,0,0,0,0,0,0,0,0,0,0,0,0,0,0,0,0,220.568,0,0,-33.5148
"MtrElec",12,5,16,"",191.332,0,0,0,0,0,0,0,0,0,0,0,0,0,0,0,0,0,0,0,0,200.003,0,0,-8.67063
"MtrElec",12,5,17,"",187.837,0,0,0,0,0,0,0,0,0,0,0,0,0,0,0,0,0,0,0,0,187.837,0,0,0
"MtrElec",12,5,18,"",294.721,0,0,0,0,0,0,0,0,0,0,0,0,0,0,0,0,0,0,0,0,294.721,0,0,0
"MtrElec",12,5,19,"",312.856,0,0,0,0,0,0,0,0,0,0,0,0,0,0,0,0,0,0,0,0,312.856,0,0,0
"MtrElec",12,5,20,"",357.196,0,0,0,0,0,0,0,0,0,0,0,0,0,0,0,0,0,0,0,0,357.196,0,0,0
"MtrElec",12,5,21,"",287.945,0,0,0,0,0,0,0,0,0,0,0,0,0,0,0,0,0,0,0,0,287.945,0,0,0
"MtrElec",12,5,22,"",350.451,0,0,0,0,0,0,0,0,0,0,0,0,0,0,0,0,0,0,0,0,350.451,0,0,0
"MtrElec",12,5,23,"",230.698,0,0,0,0,0,0,0,0,0,0,0,0,0,0,0,0,0,0,0,0,230.698,0,0,0
"MtrElec",12,5,24,"",332.345,0,0,0,0,0,0,0,0,0,0,0,0,0,0,0,0,0,0,0,0,332.345,0,0,0
"MtrElec",12,6,1,"",162.255,0,0,0,0,0,0,0,0,0,0,0,0,0,0,0,0,0,0,0,0,162.255,0,0,0
"MtrElec",12,6,2,"",138.326,0,0,0,0,0,0,0,0,0,0,0,0,0,0,0,0,0,0,0,0,138.326,0,0,0
"MtrElec",12,6,3,"",125.877,0,0,0,0,0,0,0,0,0,0,0,0,0,0,0,0,0,0,0,0,125.877,0,0,0
"MtrElec",12,6,4,"",144.903,0,0,0,0,0,0,0,0,0,0,0,0,0,0,0,0,0,0,0,0,144.903,0,0,0
"MtrElec",12,6,5,"",158.149,0,0,0,0,0,0,0,0,0,0,0,0,0,0,0,0,0,0,0,0,158.149,0,0,0
"MtrElec",12,6,6,"",232.824,0,0,0,0,0,0,0,0,0,0,0,0,0,0,0,0,0,0,0,0,232.824,0,0,0
"MtrElec",12,6,7,"",150.641,0,0,0,0,0,0,0,0,0,0,0,0,0,0,0,0,0,0,0,0,150.641,0,0,0
"MtrElec",12,6,8,"",209.699,0,0,0,0,0,0,0,0,0,0,0,0,0,0,0,0,0,0,0,0,313.323,0,0,-103.624
"MtrElec",12,6,9,"",184.214,0,0,0,0,0,0,0,0,0,0,0,0,0,0,0,0,0,0,0,0,282.381,0,0,-98.1677
"MtrElec",12,6,10,"",17.8843,0,0,0,0,0,0,0,0,0,0,0,0,0,0,0,0,0,0,0,0,287.465,0,0,-269.581
"MtrElec",12,6,11,"",115.671,0,0,0,0,0,0,0,0,0,0,0,0,0,0,0,0,0,0,0,0,301.271,0,0,-185.6
"MtrElec",12,6,12,"",195.994,0,0,0,0,0,0,0,0,0,0,0,0,0,0,0,0,0,0,0,0,244.52,0,0,-48.526
"MtrElec",12,6,13,"",148.105,0,0,0,0,0,0,0,0,0,0,0,0,0,0,0,0,0,0,0,0,323.751,0,0,-175.646
"MtrElec",12,6,14,"",149.452,0,0,0,0,0,0,0,0,0,0,0,0,0,0,0,0,0,0,0,0,204.177,0,0,-54.7249
"MtrElec",12,6,15,"",212.063,0,0,0,0,0,0,0,0,0,0,0,0,0,0,0,0,0,0,0,0,252.531,0,0,-40.468
"MtrElec",12,6,16,"",178.916,0,0,0,0,0,0,0,0,0,0,0,0,0,0,0,0,0,0,0,0,223.489,0,0,-44.5729
"MtrElec",12,6,17,"",194.388,0,0,0,0,0,0,0,0,0,0,0,0,0,0,0,0,0,0,0,0,204.799,0,0,-10.4117
"MtrElec",12,6,18,"",245.361,0,0,0,0,0,0,0,0,0,0,0,0,0,0,0,0,0,0,0,0,245.361,0,0,0
"MtrElec",12,6,19,"",372.186,0,0,0,0,0,0,0,0,0,0,0,0,0,0,0,0,0,0,0,0,372.186,0,0,0
"MtrElec",12,6,20,"",356.831,0,0,0,0,0,0,0,0,0,0,0,0,0,0,0,0,0,0,0,0,356.831,0,0,0
"MtrElec",12,6,21,"",282.08,0,0,0,0,0,0,0,0,0,0,0,0,0,0,0,0,0,0,0,0,282.08,0,0,0
"MtrElec",12,6,22,"",342.378,0,0,0,0,0,0,0,0,0,0,0,0,0,0,0,0,0,0,0,0,342.378,0,0,0
"MtrElec",12,6,23,"",190.096,0,0,0,0,0,0,0,0,0,0,0,0,0,0,0,0,0,0,0,0,190.096,0,0,0
"MtrElec",12,6,24,"",207.126,0,0,0,0,0,0,0,0,0,0,0,0,0,0,0,0,0,0,0,0,207.126,0,0,0
"MtrElec",12,7,1,"",139.004,0,0,0,0,0,0,0,0,0,0,0,0,0,0,0,0,0,0,0,0,139.004,0,0,0
"MtrElec",12,7,2,"",148.157,0,0,0,0,0,0,0,0,0,0,0,0,0,0,0,0,0,0,0,0,148.157,0,0,0
"MtrElec",12,7,3,"",151.246,0,0,0,0,0,0,0,0,0,0,0,0,0,0,0,0,0,0,0,0,151.246,0,0,0
"MtrElec",12,7,4,"",150.098,0,0,0,0,0,0,0,0,0,0,0,0,0,0,0,0,0,0,0,0,150.098,0,0,0
"MtrElec",12,7,5,"",144.419,0,0,0,0,0,0,0,0,0,0,0,0,0,0,0,0,0,0,0,0,144.419,0,0,0
"MtrElec",12,7,6,"",315.064,0,0,0,0,0,0,0,0,0,0,0,0,0,0,0,0,0,0,0,0,315.064,0,0,0
"MtrElec",12,7,7,"",179.405,0,0,0,0,0,0,0,0,0,0,0,0,0,0,0,0,0,0,0,0,179.405,0,0,0
"MtrElec",12,7,8,"",250.892,0,0,0,0,0,0,0,0,0,0,0,0,0,0,0,0,0,0,0,0,280.36,0,0,-29.4676
"MtrElec",12,7,9,"",219.437,0,0,0,0,0,0,0,0,0,0,0,0,0,0,0,0,0,0,0,0,298.284,0,0,-78.8473
"MtrElec",12,7,10,"",103.669,0,0,0,0,0,0,0,0,0,0,0,0,0,0,0,0,0,0,0,0,274.921,0,0,-171.252
"MtrElec",12,7,11,"",104.049,0,0,0,0,0,0,0,0,0,0,0,0,0,0,0,0,0,0,0,0,244.827,0,0,-140.778
"MtrElec",12,7,12,"",163.17,0,0,0,0,0,0,0,0,0,0,0,0,0,0,0,0,0,0,0,0,259.593,0,0,-96.4235
"MtrElec",12,7,13,"",50.3095,0,0,0,0,0,0,0,0,0,0,0,0,0,0,0,0,0,0,0,0,221.092,0,0,-170.783
"MtrElec",12,7,14,"",6.79781,0,0,0,0,0,0,0,0,0,0,0,0,0,0,0,0,0,0,0,0,178.565,0,0,-171.767
"MtrElec",12,7,15,"",56.1738,0,0,0,0,0,0,0,0,0,0,0,0,0,0,0,0,0,0,0,0,137.275,0,0,-81.1014
"MtrElec",12,7,16,"",164.564,0,0,0,0,0,0,0,0,0,0,0,0,0,0,0,0,0,0,0,0,184.178,0,0,-19.6146
"MtrElec",12,7,17,"",196.197,0,0,0,0,0,0,0,0,0,0,0,0,0,0,0,0,0,0,0,0,196.197,0,0,0
"MtrElec",12,7,18,"",202.036,0,0,0,0,0,0,0,0,0,0,0,0,0,0,0,0,0,0,0,0,202.036,0,0,0
"MtrElec",12,7,19,"",278.443,0,0,0,0,0,0,0,0,0,0,0,0,0,0,0,0,0,0,0,0,278.443,0,0,0
"MtrElec",12,7,20,"",266.565,0,0,0,0,0,0,0,0,0,0,0,0,0,0,0,0,0,0,0,0,266.565,0,0,0
"MtrElec",12,7,21,"",295.927,0,0,0,0,0,0,0,0,0,0,0,0,0,0,0,0,0,0,0,0,295.927,0,0,0
"MtrElec",12,7,22,"",241.929,0,0,0,0,0,0,0,0,0,0,0,0,0,0,0,0,0,0,0,0,241.929,0,0,0
"MtrElec",12,7,23,"",237.719,0,0,0,0,0,0,0,0,0,0,0,0,0,0,0,0,0,0,0,0,237.719,0,0,0
"MtrElec",12,7,24,"",143.345,0,0,0,0,0,0,0,0,0,0,0,0,0,0,0,0,0,0,0,0,143.345,0,0,0
"MtrElec",12,8,1,"",140.461,0,0,0,0,0,0,0,0,0,0,0,0,0,0,0,0,0,0,0,0,140.461,0,0,0
"MtrElec",12,8,2,"",124.443,0,0,0,0,0,0,0,0,0,0,0,0,0,0,0,0,0,0,0,0,124.443,0,0,0
"MtrElec",12,8,3,"",151.811,0,0,0,0,0,0,0,0,0,0,0,0,0,0,0,0,0,0,0,0,151.811,0,0,0
"MtrElec",12,8,4,"",116.757,0,0,0,0,0,0,0,0,0,0,0,0,0,0,0,0,0,0,0,0,116.757,0,0,0
"MtrElec",12,8,5,"",121.011,0,0,0,0,0,0,0,0,0,0,0,0,0,0,0,0,0,0,0,0,121.011,0,0,0
"MtrElec",12,8,6,"",122.85,0,0,0,0,0,0,0,0,0,0,0,0,0,0,0,0,0,0,0,0,122.85,0,0,0
"MtrElec",12,8,7,"",212.622,0,0,0,0,0,0,0,0,0,0,0,0,0,0,0,0,0,0,0,0,212.622,0,0,0
"MtrElec",12,8,8,"",199.555,0,0,0,0,0,0,0,0,0,0,0,0,0,0,0,0,0,0,0,0,256.997,0,0,-57.4413
"MtrElec",12,8,9,"",183.981,0,0,0,0,0,0,0,0,0,0,0,0,0,0,0,0,0,0,0,0,286.61,0,0,-102.629
"MtrElec",12,8,10,"",31.5983,0,0,0,0,0,0,0,0,0,0,0,0,0,0,0,0,0,0,0,0,283.395,0,0,-251.797
"MtrElec",12,8,11,"",108.393,0,0,0,0,0,0,0,0,0,0,0,0,0,0,0,0,0,0,0,0,247.109,0,0,-138.715
"MtrElec",12,8,12,"",59.713,0,0,0,0,0,0,0,0,0,0,0,0,0,0,0,0,0,0,0,0,176.71,0,0,-116.997
"MtrElec",12,8,13,"",65.5369,0,0,0,0,0,0,0,0,0,0,0,0,0,0,0,0,0,0,0,0,210.629,0,0,-145.092
"MtrElec",12,8,14,"",0,0,0,0,0,0,0,0,0,0,0,0,0,0,0,0,0,0,0,0,0,134.519,0,156.341,-290.86
"MtrElec",12,8,15,"",0.0000039,0,0,0,0,0,0,0,0,0,0,0,0,0,0,0,0,0,0,0,0,188.01,0,55.6638,-243.674
"MtrElec",12,8,16,"",53.7106,0,0,0,0,0,0,0,0,0,0,0,0,0,0,0,0,0,0,0,0,189.434,0,0,-135.724
"MtrElec",12,8,17,"",194.21,0,0,0,0,0,0,0,0,0,0,0,0,0,0,0,0,0,0,0,0,212.292,0,0,-18.0814
"MtrElec",12,8,18,"",220.54,0,0,0,0,0,0,0,0,0,0,0,0,0,0,0,0,0,0,0,0,220.54,0,0,0
"MtrElec",12,8,19,"",144.005,0,0,0,0,0,0,0,0,0,0,0,0,0,0,0,0,0,0,0,0,301.702,0,-157.698,0
"MtrElec",12,8,20,"",240.717,0,0,0,0,0,0,0,0,0,0,0,0,0,0,0,0,0,0,0,0,274.353,0,-33.6364,0
"MtrElec",12,8,21,"",292.871,0,0,0,0,0,0,0,0,0,0,0,0,0,0,0,0,0,0,0,0,292.871,0,0,0
"MtrElec",12,8,22,"",266.242,0,0,0,0,0,0,0,0,0,0,0,0,0,0,0,0,0,0,0,0,266.242,0,0,0
"MtrElec",12,8,23,"",226.43,0,0,0,0,0,0,0,0,0,0,0,0,0,0,0,0,0,0,0,0,226.43,0,0,0
"MtrElec",12,8,24,"",176.133,0,0,0,0,0,0,0,0,0,0,0,0,0,0,0,0,0,0,0,0,176.133,0,0,0
"MtrElec",12,9,1,"",118.8,0,0,0,0,0,0,0,0,0,0,0,0,0,0,0,0,0,0,0,0,118.8,0,0,0
"MtrElec",12,9,2,"",110.115,0,0,0,0,0,0,0,0,0,0,0,0,0,0,0,0,0,0,0,0,110.115,0,0,0
"MtrElec",12,9,3,"",110.425,0,0,0,0,0,0,0,0,0,0,0,0,0,0,0,0,0,0,0,0,110.425,0,0,0
"MtrElec",12,9,4,"",126.031,0,0,0,0,0,0,0,0,0,0,0,0,0,0,0,0,0,0,0,0,126.031,0,0,0
"MtrElec",12,9,5,"",109.305,0,0,0,0,0,0,0,0,0,0,0,0,0,0,0,0,0,0,0,0,109.305,0,0,0
"MtrElec",12,9,6,"",157.322,0,0,0,0,0,0,0,0,0,0,0,0,0,0,0,0,0,0,0,0,157.322,0,0,0
"MtrElec",12,9,7,"",159.734,0,0,0,0,0,0,0,0,0,0,0,0,0,0,0,0,0,0,0,0,159.734,0,0,0
"MtrElec",12,9,8,"",178.296,0,0,0,0,0,0,0,0,0,0,0,0,0,0,0,0,0,0,0,0,241.739,0,0,-63.4429
"MtrElec",12,9,9,"",24.1091,0,0,0,0,0,0,0,0,0,0,0,0,0,0,0,0,0,0,0,0,207.861,0,0,-183.752
"MtrElec",12,9,10,"",0.0000078,0,0,0,0,0,0,0,0,0,0,0,0,0,0,0,0,0,0,0,0,216.311,0,91.9684,-308.279
"MtrElec",12,9,11,"",0,0,0,0,0,0,0,0,0,0,0,0,0,0,0,0,0,0,0,0,0,241.24,0,119.769,-361.009
"MtrElec",12,9,12,"",-22.9366,0,0,0,0,0,0,0,0,0,0,0,0,0,0,0,0,0,0,0,0,203.813,0,157.698,-384.447
"MtrElec",12,9,13,"",-42.8048,0,0,0,0,0,0,0,0,0,0,0,0,0,0,0,0,0,0,0,0,172.9,0,157.698,-373.403
"MtrElec",12,9,14,"",-121.742,0,0,0,0,0,0,0,0,0,0,0,0,0,0,0,0,0,0,0,0,138.109,0,61.2514,-321.102
"MtrElec",12,9,15,"",-92.6815,0,0,0,0,0,0,0,0,0,0,0,0,0,0,0,0,0,0,0,0,163.062,0,0,-255.744
"MtrElec",12,9,16,"",2.77758,0,0,0,0,0,0,0,0,0,0,0,0,0,0,0,0,0,0,0,0,151.845,0,0,-149.067
"MtrElec",12,9,17,"",155.456,0,0,0,0,0,0,0,0,0,0,0,0,0,0,0,0,0,0,0,0,185.181,0,0,-29.7246
"MtrElec",12,9,18,"",259.83,0,0,0,0,0,0,0,0,0,0,0,0,0,0,0,0,0,0,0,0,259.83,0,0,0
"MtrElec",12,9,19,"",143.007,0,0,0,0,0,0,0,0,0,0,0,0,0,0,0,0,0,0,0,0,300.705,0,-157.698,0
"MtrElec",12,9,20,"",100.803,0,0,0,0,0,0,0,0,0,0,0,0,0,0,0,0,0,0,0,0,258.501,0,-157.698,0
"MtrElec",12,9,21,"",145.927,0,0,0,0,0,0,0,0,0,0,0,0,0,0,0,0,0,0,0,0,303.625,0,-157.698,0
"MtrElec",12,9,22,"",213.193,0,0,0,0,0,0,0,0,0,0,0,0,0,0,0,0,0,0,0,0,271.117,0,-57.9236,0
"MtrElec",12,9,23,"",167.394,0,0,0,0,0,0,0,0,0,0,0,0,0,0,0,0,0,0,0,0,167.394,0,0,0
"MtrElec",12,9,24,"",195.635,0,0,0,0,0,0,0,0,0,0,0,0,0,0,0,0,0,0,0,0,195.635,0,0,0
"MtrElec",12,10,1,"",115.011,0,0,0,0,0,0,0,0,0,0,0,0,0,0,0,0,0,0,0,0,115.011,0,0,0
"MtrElec",12,10,2,"",116.04,0,0,0,0,0,0,0,0,0,0,0,0,0,0,0,0,0,0,0,0,116.04,0,0,0
"MtrElec",12,10,3,"",112.509,0,0,0,0,0,0,0,0,0,0,0,0,0,0,0,0,0,0,0,0,112.509,0,0,0
"MtrElec",12,10,4,"",106.347,0,0,0,0,0,0,0,0,0,0,0,0,0,0,0,0,0,0,0,0,106.347,0,0,0
"MtrElec",12,10,5,"",112.782,0,0,0,0,0,0,0,0,0,0,0,0,0,0,0,0,0,0,0,0,112.782,0,0,0
"MtrElec",12,10,6,"",160.225,0,0,0,0,0,0,0,0,0,0,0,0,0,0,0,0,0,0,0,0,160.225,0,0,0
"MtrElec",12,10,7,"",200.925,0,0,0,0,0,0,0,0,0,0,0,0,0,0,0,0,0,0,0,0,200.925,0,0,0
"MtrElec",12,10,8,"",154.715,0,0,0,0,0,0,0,0,0,0,0,0,0,0,0,0,0,0,0,0,248.391,0,0,-93.6766
"MtrElec",12,10,9,"",29.6059,0,0,0,0,0,0,0,0,0,0,0,0,0,0,0,0,0,0,0,0,244.537,0,0,-214.931
"MtrElec",12,10,10,"",0,0,0,0,0,0,0,0,0,0,0,0,0,0,0,0,0,0,0,0,0,268.567,0,40.0683,-308.635
"MtrElec",12,10,11,"",0,0,0,0,0,0,0,0,0,0,0,0,0,0,0,0,0,0,0,0,0,223.309,0,142.472,-365.781
"MtrElec",12,10,12,"",-25.6524,0,0,0,0,0,0,0,0,0,0,0,0,0,0,0,0,0,0,0,0,203.972,0,157.698,-387.322
"MtrElec",12,10,13,"",0,0,0,0,0,0,0,0,0,0,0,0,0,0,0,0,0,0,0,0,0,262.333,0,116.477,-378.81
"MtrElec",12,10,14,"",-27.6775,0,0,0,0,0,0,0,0,0,0,0,0,0,0,0,0,0,0,0,0,178.753,0,131.669,-338.099
"MtrElec",12,10,15,"",-98.506,0,0,0,0,0,0,0,0,0,0,0,0,0,0,0,0,0,0,0,0,162.275,0,0,-260.781
"MtrElec",12,10,16,"",17.5145,0,0,0,0,0,0,0,0,0,0,0,0,0,0,0,0,0,0,0,0,169.467,0,0,-151.952
"MtrElec",12,10,17,"",210.383,0,0,0,0,0,0,0,0,0,0,0,0,0,0,0,0,0,0,0,0,242.707,0,0,-32.3246
"MtrElec",12,10,18,"",235.331,0,0,0,0,0,0,0,0,0,0,0,0,0,0,0,0,0,0,0,0,235.331,0,0,0
"MtrElec",12,10,19,"",198.649,0,0,0,0,0,0,0,0,0,0,0,0,0,0,0,0,0,0,0,0,356.347,0,-157.698,0
"MtrElec",12,10,20,"",129.687,0,0,0,0,0,0,0,0,0,0,0,0,0,0,0,0,0,0,0,0,287.385,0,-157.698,0
"MtrElec",12,10,21,"",119.61,0,0,0,0,0,0,0,0,0,0,0,0,0,0,0,0,0,0,0,0,277.308,0,-157.698,0
"MtrElec",12,10,22,"",186.376,0,0,0,0,0,0,0,0,0,0,0,0,0,0,0,0,0,0,0,0,244.299,0,-57.9236,0
"MtrElec",12,10,23,"",230.141,0,0,0,0,0,0,0,0,0,0,0,0,0,0,0,0,0,0,0,0,230.141,0,0,0
"MtrElec",12,10,24,"",129.915,0,0,0,0,0,0,0,0,0,0,0,0,0,0,0,0,0,0,0,0,129.915,0,0,0
"MtrElec",12,11,1,"",120.029,0,0,0,0,0,0,0,0,0,0,0,0,0,0,0,0,0,0,0,0,120.029,0,0,0
"MtrElec",12,11,2,"",110.051,0,0,0,0,0,0,0,0,0,0,0,0,0,0,0,0,0,0,0,0,110.051,0,0,0
"MtrElec",12,11,3,"",146.175,0,0,0,0,0,0,0,0,0,0,0,0,0,0,0,0,0,0,0,0,146.175,0,0,0
"MtrElec",12,11,4,"",116.404,0,0,0,0,0,0,0,0,0,0,0,0,0,0,0,0,0,0,0,0,116.404,0,0,0
"MtrElec",12,11,5,"",117.705,0,0,0,0,0,0,0,0,0,0,0,0,0,0,0,0,0,0,0,0,117.705,0,0,0
"MtrElec",12,11,6,"",103.655,0,0,0,0,0,0,0,0,0,0,0,0,0,0,0,0,0,0,0,0,103.655,0,0,0
"MtrElec",12,11,7,"",182.873,0,0,0,0,0,0,0,0,0,0,0,0,0,0,0,0,0,0,0,0,182.873,0,0,0
"MtrElec",12,11,8,"",152.152,0,0,0,0,0,0,0,0,0,0,0,0,0,0,0,0,0,0,0,0,247.62,0,0,-95.4678
"MtrElec",12,11,9,"",52.9642,0,0,0,0,0,0,0,0,0,0,0,0,0,0,0,0,0,0,0,0,267.278,0,0,-214.314
"MtrElec",12,11,10,"",0,0,0,0,0,0,0,0,0,0,0,0,0,0,0,0,0,0,0,0,0,208.245,0,91.289,-299.534
"MtrElec",12,11,11,"",0,0,0,0,0,0,0,0,0,0,0,0,0,0,0,0,0,0,0,0,0,211.32,0,132.963,-344.283
"MtrElec",12,11,12,"",-52.3973,0,0,0,0,0,0,0,0,0,0,0,0,0,0,0,0,0,0,0,0,160.324,0,157.698,-370.419
"MtrElec",12,11,13,"",-38.5113,0,0,0,0,0,0,0,0,0,0,0,0,0,0,0,0,0,0,0,0,163.224,0,157.698,-359.433
"MtrElec",12,11,14,"",-109.807,0,0,0,0,0,0,0,0,0,0,0,0,0,0,0,0,0,0,0,0,154.772,0,48.7368,-313.316
"MtrElec",12,11,15,"",-85.6571,0,0,0,0,0,0,0,0,0,0,0,0,0,0,0,0,0,0,0,0,158.33,0,0,-243.988
"MtrElec",12,11,16,"",10.0986,0,0,0,0,0,0,0,0,0,0,0,0,0,0,0,0,0,0,0,0,155.078,0,0,-144.98
"MtrElec",12,11,17,"",185.971,0,0,0,0,0,0,0,0,0,0,0,0,0,0,0,0,0,0,0,0,217.305,0,0,-31.3337
"MtrElec",12,11,18,"",266.068,0,0,0,0,0,0,0,0,0,0,0,0,0,0,0,0,0,0,0,0,266.068,0,0,0
"MtrElec",12,11,19,"",90.0675,0,0,0,0,0,0,0,0,0,0,0,0,0,0,0,0,0,0,0,0,247.765,0,-157.698,0
"MtrElec",12,11,20,"",81.5733,0,0,0,0,0,0,0,0,0,0,0,0,0,0,0,0,0,0,0,0,239.271,0,-157.698,0
"MtrElec",12,11,21,"",182.632,0,0,0,0,0,0,0,0,0,0,0,0,0,0,0,0,0,0,0,0,340.33,0,-157.698,0
"MtrElec",12,11,22,"",175.604,0,0,0,0,0,0,0,0,0,0,0,0,0,0,0,0,0,0,0,0,233.528,0,-57.9236,0
"MtrElec",12,11,23,"",214.722,0,0,0,0,0,0,0,0,0,0,0,0,0,0,0,0,0,0,0,0,214.722,0,0,0
"MtrElec",12,11,24,"",207.929,0,0,0,0,0,0,0,0,0,0,0,0,0,0,0,0,0,0,0,0,207.929,0,0,0
"MtrElec",12,12,1,"",142.679,0,0,0,0,0,0,0,0,0,0,0,0,0,0,0,0,0,0,0,0,142.679,0,0,0
"MtrElec",12,12,2,"",111.493,0,0,0,0,0,0,0,0,0,0,0,0,0,0,0,0,0,0,0,0,111.493,0,0,0
"MtrElec",12,12,3,"",101.102,0,0,0,0,0,0,0,0,0,0,0,0,0,0,0,0,0,0,0,0,101.102,0,0,0
"MtrElec",12,12,4,"",120.519,0,0,0,0,0,0,0,0,0,0,0,0,0,0,0,0,0,0,0,0,120.519,0,0,0
"MtrElec",12,12,5,"",163.401,0,0,0,0,0,0,0,0,0,0,0,0,0,0,0,0,0,0,0,0,163.401,0,0,0
"MtrElec",12,12,6,"",127.468,0,0,0,0,0,0,0,0,0,0,0,0,0,0,0,0,0,0,0,0,127.468,0,0,0
"MtrElec",12,12,7,"",125.911,0,0,0,0,0,0,0,0,0,0,0,0,0,0,0,0,0,0,0,0,125.911,0,0,0
"MtrElec",12,12,8,"",91.6798,0,0,0,0,0,0,0,0,0,0,0,0,0,0,0,0,0,0,0,0,181.541,0,0,-89.8614
"MtrElec",12,12,9,"",0.970406,0,0,0,0,0,0,0,0,0,0,0,0,0,0,0,0,0,0,0,0,208.875,0,0,-207.905
"MtrElec",12,12,10,"",0,0,0,0,0,0,0,0,0,0,0,0,0,0,0,0,0,0,0,0,0,267.514,0,28.4595,-295.973
"MtrElec",12,12,11,"",0,0,0,0,0,0,0,0,0,0,0,0,0,0,0,0,0,0,0,0,0,266.177,0,86.9655,-353.143
"MtrElec",12,12,12,"",0,0,0,0,0,0,0,0,0,0,0,0,0,0,0,0,0,0,0,0,0,237.06,0,147.49,-384.55
"MtrElec",12,12,13,"",0,0,0,0,0,0,0,0,0,0,0,0,0,0,0,0,0,0,0,0,0,300.365,0,75.6204,-375.986
"MtrElec",12,12,14,"",0,0,0,0,0,0,0,0,0,0,0,0,0,0,0,0,0,0,0,0,0,225.667,0,107.03,-332.697
"MtrElec",12,12,15,"",0,0,0,0,0,0,0,0,0,0,0,0,0,0,0,0,0,0,0,0,0,219.117,0,39.5858,-258.702
"MtrElec",12,12,16,"",41.7073,0,0,0,0,0,0,0,0,0,0,0,0,0,0,0,0,0,0,0,0,191.686,0,0,-149.979
"MtrElec",12,12,17,"",135.012,0,0,0,0,0,0,0,0,0,0,0,0,0,0,0,0,0,0,0,0,167.235,0,0,-32.2226
"MtrElec",12,12,18,"",233.08,0,0,0,0,0,0,0,0,0,0,0,0,0,0,0,0,0,0,0,0,233.08,0,0,0
"MtrElec",12,12,19,"",145.713,0,0,0,0,0,0,0,0,0,0,0,0,0,0,0,0,0,0,0,0,303.411,0,-157.698,0
"MtrElec",12,12,20,"",73.3432,0,0,0,0,0,0,0,0,0,0,0,0,0,0,0,0,0,0,0,0,231.041,0,-157.698,0
"MtrElec",12,12,21,"",129.594,0,0,0,0,0,0,0,0,0,0,0,0,0,0,0,0,0,0,0,0,252.047,0,-122.453,0
"MtrElec",12,12,22,"",240.581,0,0,0,0,0,0,0,0,0,0,0,0,0,0,0,0,0,0,0,0,240.581,0,0,0
"MtrElec",12,12,23,"",190.278,0,0,0,0,0,0,0,0,0,0,0,0,0,0,0,0,0,0,0,0,190.278,0,0,0
"MtrElec",12,12,24,"",185.918,0,0,0,0,0,0,0,0,0,0,0,0,0,0,0,0,0,0,0,0,185.918,0,0,0
"MtrElec",12,13,1,"",113.734,0,0,0,0,0,0,0,0,0,0,0,0,0,0,0,0,0,0,0,0,113.734,0,0,0
"MtrElec",12,13,2,"",109.79,0,0,0,0,0,0,0,0,0,0,0,0,0,0,0,0,0,0,0,0,109.79,0,0,0
"MtrElec",12,13,3,"",110.049,0,0,0,0,0,0,0,0,0,0,0,0,0,0,0,0,0,0,0,0,110.049,0,0,0
"MtrElec",12,13,4,"",101.862,0,0,0,0,0,0,0,0,0,0,0,0,0,0,0,0,0,0,0,0,101.862,0,0,0
"MtrElec",12,13,5,"",148.767,0,0,0,0,0,0,0,0,0,0,0,0,0,0,0,0,0,0,0,0,148.767,0,0,0
"MtrElec",12,13,6,"",114.238,0,0,0,0,0,0,0,0,0,0,0,0,0,0,0,0,0,0,0,0,114.238,0,0,0
"MtrElec",12,13,7,"",111.196,0,0,0,0,0,0,0,0,0,0,0,0,0,0,0,0,0,0,0,0,111.196,0,0,0
"MtrElec",12,13,8,"",149.016,0,0,0,0,0,0,0,0,0,0,0,0,0,0,0,0,0,0,0,0,208.161,0,0,-59.1451
"MtrElec",12,13,9,"",118.052,0,0,0,0,0,0,0,0,0,0,0,0,0,0,0,0,0,0,0,0,242.371,0,0,-124.319
"MtrElec",12,13,10,"",0,0,0,0,0,0,0,0,0,0,0,0,0,0,0,0,0,0,0,0,0,214.153,0,93.8457,-307.999
"MtrElec",12,13,11,"",0.0000039,0,0,0,0,0,0,0,0,0,0,0,0,0,0,0,0,0,0,0,0,294.792,0,59.0703,-353.862
"MtrElec",12,13,12,"",0,0,0,0,0,0,0,0,0,0,0,0,0,0,0,0,0,0,0,0,0,296.645,0,90.2625,-386.908
"MtrElec",12,13,13,"",0,0,0,0,0,0,0,0,0,0,0,0,0,0,0,0,0,0,0,0,0,297.36,0,85.4466,-382.807
"MtrElec",12,13,14,"",0,0,0,0,0,0,0,0,0,0,0,0,0,0,0,0,0,0,0,0,0,248.215,0,91.4825,-339.698
"MtrElec",12,13,15,"",5.66191,0,0,0,0,0,0,0,0,0,0,0,0,0,0,0,0,0,0,0,0,268.55,0,0,-262.888
"MtrElec",12,13,16,"",62.2334,0,0,0,0,0,0,0,0,0,0,0,0,0,0,0,0,0,0,0,0,214.361,0,0,-152.127
"MtrElec",12,13,17,"",178.851,0,0,0,0,0,0,0,0,0,0,0,0,0,0,0,0,0,0,0,0,212.264,0,0,-33.4136
"MtrElec",12,13,18,"",255.943,0,0,0,0,0,0,0,0,0,0,0,0,0,0,0,0,0,0,0,0,255.943,0,0,0
"MtrElec",12,13,19,"",183.104,0,0,0,0,0,0,0,0,0,0,0,0,0,0,0,0,0,0,0,0,340.802,0,-157.698,0
"MtrElec",12,13,20,"",102.868,0,0,0,0,0,0,0,0,0,0,0,0,0,0,0,0,0,0,0,0,260.566,0,-157.698,0
"MtrElec",12,13,21,"",184.124,0,0,0,0,0,0,0,0,0,0,0,0,0,0,0,0,0,0,0,0,247.875,0,-63.7512,0
"MtrElec",12,13,22,"",309.326,0,0,0,0,0,0,0,0,0,0,0,0,0,0,0,0,0,0,0,0,309.326,0,0,0
"MtrElec",12,13,23,"",170.948,0,0,0,0,0,0,0,0,0,0,0,0,0,0,0,0,0,0,0,0,170.948,0,0,0
"MtrElec",12,13,24,"",155.434,0,0,0,0,0,0,0,0,0,0,0,0,0,0,0,0,0,0,0,0,155.434,0,0,0
"MtrElec",12,14,1,"",111.264,0,0,0,0,0,0,0,0,0,0,0,0,0,0,0,0,0,0,0,0,111.264,0,0,0
"MtrElec",12,14,2,"",119.975,0,0,0,0,0,0,0,0,0,0,0,0,0,0,0,0,0,0,0,0,119.975,0,0,0
"MtrElec",12,14,3,"",112.652,0,0,0,0,0,0,0,0,0,0,0,0,0,0,0,0,0,0,0,0,112.652,0,0,0
"MtrElec",12,14,4,"",151.991,0,0,0,0,0,0,0,0,0,0,0,0,0,0,0,0,0,0,0,0,151.991,0,0,0
"MtrElec",12,14,5,"",119.095,0,0,0,0,0,0,0,0,0,0,0,0,0,0,0,0,0,0,0,0,119.095,0,0,0
"MtrElec",12,14,6,"",109.956,0,0,0,0,0,0,0,0,0,0,0,0,0,0,0,0,0,0,0,0,109.956,0,0,0
"MtrElec",12,14,7,"",210.226,0,0,0,0,0,0,0,0,0,0,0,0,0,0,0,0,0,0,0,0,210.226,0,0,0
"MtrElec",12,14,8,"",159.291,0,0,0,0,0,0,0,0,0,0,0,0,0,0,0,0,0,0,0,0,248.291,0,0,-88.9997
"MtrElec",12,14,9,"",72.6923,0,0,0,0,0,0,0,0,0,0,0,0,0,0,0,0,0,0,0,0,283.822,0,0,-211.13
"MtrElec",12,14,10,"",0,0,0,0,0,0,0,0,0,0,0,0,0,0,0,0,0,0,0,0,0,224.103,0,80.6609,-304.763
"MtrElec",12,14,11,"",0,0,0,0,0,0,0,0,0,0,0,0,0,0,0,0,0,0,0,0,0,214.361,0,146.308,-360.669
"MtrElec",12,14,12,"",-7.88427,0,0,0,0,0,0,0,0,0,0,0,0,0,0,0,0,0,0,0,0,221.867,0,157.698,-387.449
"MtrElec",12,14,13,"",0,0,0,0,0,0,0,0,0,0,0,0,0,0,0,0,0,0,0,0,0,301.341,0,78.338,-379.679
"MtrElec",12,14,14,"",-89.5136,0,0,0,0,0,0,0,0,0,0,0,0,0,0,0,0,0,0,0,0,122.124,0,125.38,-337.017
"MtrElec",12,14,15,"",-78.1421,0,0,0,0,0,0,0,0,0,0,0,0,0,0,0,0,0,0,0,0,182.645,0,0,-260.787
"MtrElec",12,14,16,"",33.366,0,0,0,0,0,0,0,0,0,0,0,0,0,0,0,0,0,0,0,0,184.655,0,0,-151.289
"MtrElec",12,14,17,"",178.56,0,0,0,0,0,0,0,0,0,0,0,0,0,0,0,0,0,0,0,0,211.093,0,0,-32.5335
"MtrElec",12,14,18,"",217.84,0,0,0,0,0,0,0,0,0,0,0,0,0,0,0,0,0,0,0,0,217.84,0,0,0
"MtrElec",12,14,19,"",122.512,0,0,0,0,0,0,0,0,0,0,0,0,0,0,0,0,0,0,0,0,280.21,0,-157.698,0
"MtrElec",12,14,20,"",103.419,0,0,0,0,0,0,0,0,0,0,0,0,0,0,0,0,0,0,0,0,261.117,0,-157.698,0
"MtrElec",12,14,21,"",97.8468,0,0,0,0,0,0,0,0,0,0,0,0,0,0,0,0,0,0,0,0,255.545,0,-157.698,0
"MtrElec",12,14,22,"",215.978,0,0,0,0,0,0,0,0,0,0,0,0,0,0,0,0,0,0,0,0,273.902,0,-57.9236,0
"MtrElec",12,14,23,"",216.799,0,0,0,0,0,0,0,0,0,0,0,0,0,0,0,0,0,0,0,0,216.799,0,0,0
"MtrElec",12,14,24,"",143.893,0,0,0,0,0,0,0,0,0,0,0,0,0,0,0,0,0,0,0,0,143.893,0,0,0
"MtrElec",12,15,1,"",148.153,0,0,0,0,0,0,0,0,0,0,0,0,0,0,0,0,0,0,0,0,148.153,0,0,0
"MtrElec",12,15,2,"",144.533,0,0,0,0,0,0,0,0,0,0,0,0,0,0,0,0,0,0,0,0,144.533,0,0,0
"MtrElec",12,15,3,"",97.984,0,0,0,0,0,0,0,0,0,0,0,0,0,0,0,0,0,0,0,0,97.984,0,0,0
"MtrElec",12,15,4,"",116.027,0,0,0,0,0,0,0,0,0,0,0,0,0,0,0,0,0,0,0,0,116.027,0,0,0
"MtrElec",12,15,5,"",114.699,0,0,0,0,0,0,0,0,0,0,0,0,0,0,0,0,0,0,0,0,114.699,0,0,0
"MtrElec",12,15,6,"",110.824,0,0,0,0,0,0,0,0,0,0,0,0,0,0,0,0,0,0,0,0,110.824,0,0,0
"MtrElec",12,15,7,"",227.858,0,0,0,0,0,0,0,0,0,0,0,0,0,0,0,0,0,0,0,0,227.858,0,0,0
"MtrElec",12,15,8,"",157.23,0,0,0,0,0,0,0,0,0,0,0,0,0,0,0,0,0,0,0,0,243.656,0,0,-86.4258
"MtrElec",12,15,9,"",0,0,0,0,0,0,0,0,0,0,0,0,0,0,0,0,0,0,0,0,0,209.179,0,3.47494,-212.654
"MtrElec",12,15,10,"",0,0,0,0,0,0,0,0,0,0,0,0,0,0,0,0,0,0,0,0,0,223.298,0,83.2157,-306.514
"MtrElec",12,15,11,"",0,0,0,0,0,0,0,0,0,0,0,0,0,0,0,0,0,0,0,0,0,225.035,0,142.821,-367.856
"MtrElec",12,15,12,"",-33.5811,0,0,0,0,0,0,0,0,0,0,0,0,0,0,0,0,0,0,0,0,205.047,0,157.698,-396.326
"MtrElec",12,15,13,"",-5.54441,0,0,0,0,0,0,0,0,0,0,0,0,0,0,0,0,0,0,0,0,223.599,0,157.698,-386.842
"MtrElec",12,15,14,"",-164.299,0,0,0,0,0,0,0,0,0,0,0,0,0,0,0,0,0,0,0,0,136.139,0,43.4775,-343.916
"MtrElec",12,15,15,"",-105.432,0,0,0,0,0,0,0,0,0,0,0,0,0,0,0,0,0,0,0,0,163.651,0,0,-269.082
"MtrElec",12,15,16,"",40.2723,0,0,0,0,0,0,0,0,0,0,0,0,0,0,0,0,0,0,0,0,197.335,0,0,-157.062
"MtrElec",12,15,17,"",165.525,0,0,0,0,0,0,0,0,0,0,0,0,0,0,0,0,0,0,0,0,199.147,0,0,-33.6221
"MtrElec",12,15,18,"",234.587,0,0,0,0,0,0,0,0,0,0,0,0,0,0,0,0,0,0,0,0,234.587,0,0,0
"MtrElec",12,15,19,"",131.078,0,0,0,0,0,0,0,0,0,0,0,0,0,0,0,0,0,0,0,0,288.776,0,-157.698,0
"MtrElec",12,15,20,"",106.752,0,0,0,0,0,0,0,0,0,0,0,0,0,0,0,0,0,0,0,0,264.45,0,-157.698,0
"MtrElec",12,15,21,"",138.074,0,0,0,0,0,0,0,0,0,0,0,0,0,0,0,0,0,0,0,0,295.772,0,-157.698,0
"MtrElec",12,15,22,"",178.353,0,0,0,0,0,0,0,0,0,0,0,0,0,0,0,0,0,0,0,0,236.277,0,-57.9236,0
"MtrElec",12,15,23,"",225.934,0,0,0,0,0,0,0,0,0,0,0,0,0,0,0,0,0,0,0,0,225.934,0,0,0
"MtrElec",12,15,24,"",181.813,0,0,0,0,0,0,0,0,0,0,0,0,0,0,0,0,0,0,0,0,181.813,0,0,0
"MtrElec",12,16,1,"",132.475,0,0,0,0,0,0,0,0,0,0,0,0,0,0,0,0,0,0,0,0,132.475,0,0,0
"MtrElec",12,16,2,"",146.685,0,0,0,0,0,0,0,0,0,0,0,0,0,0,0,0,0,0,0,0,146.685,0,0,0
"MtrElec",12,16,3,"",99.6471,0,0,0,0,0,0,0,0,0,0,0,0,0,0,0,0,0,0,0,0,99.6471,0,0,0
"MtrElec",12,16,4,"",105.812,0,0,0,0,0,0,0,0,0,0,0,0,0,0,0,0,0,0,0,0,105.812,0,0,0
"MtrElec",12,16,5,"",109.243,0,0,0,0,0,0,0,0,0,0,0,0,0,0,0,0,0,0,0,0,109.243,0,0,0
"MtrElec",12,16,6,"",99.2452,0,0,0,0,0,0,0,0,0,0,0,0,0,0,0,0,0,0,0,0,99.2452,0,0,0
"MtrElec",12,16,7,"",162.657,0,0,0,0,0,0,0,0,0,0,0,0,0,0,0,0,0,0,0,0,162.657,0,0,0
"MtrElec",12,16,8,"",125.102,0,0,0,0,0,0,0,0,0,0,0,0,0,0,0,0,0,0,0,0,217.137,0,0,-92.0351
"MtrElec",12,16,9,"",10.4775,0,0,0,0,0,0,0,0,0,0,0,0,0,0,0,0,0,0,0,0,230.502,0,0,-220.024
"MtrElec",12,16,10,"",0,0,0,0,0,0,0,0,0,0,0,0,0,0,0,0,0,0,0,0,0,226.222,0,95.9697,-322.192
"MtrElec",12,16,11,"",0.0000156,0,0,0,0,0,0,0,0,0,0,0,0,0,0,0,0,0,0,0,0,249.853,0,134.55,-384.403
"MtrElec",12,16,12,"",-50.2813,0,0,0,0,0,0,0,0,0,0,0,0,0,0,0,0,0,0,0,0,204.925,0,157.698,-412.904
"MtrElec",12,16,13,"",0,0,0,0,0,0,0,0,0,0,0,0,0,0,0,0,0,0,0,0,0,254.429,0,149.847,-404.276
"MtrElec",12,16,14,"",-179.05,0,0,0,0,0,0,0,0,0,0,0,0,0,0,0,0,0,0,0,0,130.097,0,50.3203,-359.467
"MtrElec",12,16,15,"",-108.855,0,0,0,0,0,0,0,0,0,0,0,0,0,0,0,0,0,0,0,0,170.389,0,0,-279.244
"MtrElec",12,16,16,"",12.086,0,0,0,0,0,0,0,0,0,0,0,0,0,0,0,0,0,0,0,0,174.49,0,0,-162.404
"MtrElec",12,16,17,"",189.619,0,0,0,0,0,0,0,0,0,0,0,0,0,0,0,0,0,0,0,0,217.279,0,0,-27.6591
"MtrElec",12,16,18,"",252.419,0,0,0,0,0,0,0,0,0,0,0,0,0,0,0,0,0,0,0,0,252.419,0,0,0
"MtrElec",12,16,19,"",138.405,0,0,0,0,0,0,0,0,0,0,0,0,0,0,0,0,0,0,0,0,296.103,0,-157.698,0
"MtrElec",12,16,20,"",110.001,0,0,0,0,0,0,0,0,0,0,0,0,0,0,0,0,0,0,0,0,267.699,0,-157.698,0
"MtrElec",12,16,21,"",170.733,0,0,0,0,0,0,0,0,0,0,0,0,0,0,0,0,0,0,0,0,328.431,0,-157.698,0
"MtrElec",12,16,22,"",146.029,0,0,0,0,0,0,0,0,0,0,0,0,0,0,0,0,0,0,0,0,203.953,0,-57.9236,0
"MtrElec",12,16,23,"",197.821,0,0,0,0,0,0,0,0,0,0,0,0,0,0,0,0,0,0,0,0,197.821,0,0,0
"MtrElec",12,16,24,"",176.742,0,0,0,0,0,0,0,0,0,0,0,0,0,0,0,0,0,0,0,0,176.742,0,0,0
"MtrElec",12,17,1,"",155.442,0,0,0,0,0,0,0,0,0,0,0,0,0,0,0,0,0,0,0,0,155.442,0,0,0
"MtrElec",12,17,2,"",112.122,0,0,0,0,0,0,0,0,0,0,0,0,0,0,0,0,0,0,0,0,112.122,0,0,0
"MtrElec",12,17,3,"",95.5877,0,0,0,0,0,0,0,0,0,0,0,0,0,0,0,0,0,0,0,0,95.5877,0,0,0
"MtrElec",12,17,4,"",112.089,0,0,0,0,0,0,0,0,0,0,0,0,0,0,0,0,0,0,0,0,112.089,0,0,0
"MtrElec",12,17,5,"",111.607,0,0,0,0,0,0,0,0,0,0,0,0,0,0,0,0,0,0,0,0,111.607,0,0,0
"MtrElec",12,17,6,"",155.018,0,0,0,0,0,0,0,0,0,0,0,0,0,0,0,0,0,0,0,0,155.018,0,0,0
"MtrElec",12,17,7,"",170.303,0,0,0,0,0,0,0,0,0,0,0,0,0,0,0,0,0,0,0,0,170.303,0,0,0
"MtrElec",12,17,8,"",166.597,0,0,0,0,0,0,0,0,0,0,0,0,0,0,0,0,0,0,0,0,261.502,0,0,-94.9058
"MtrElec",12,17,9,"",73.7648,0,0,0,0,0,0,0,0,0,0,0,0,0,0,0,0,0,0,0,0,294.904,0,0,-221.14
"MtrElec",12,17,10,"",0.0000078,0,0,0,0,0,0,0,0,0,0,0,0,0,0,0,0,0,0,0,0,230.217,0,87.6833,-317.9
"MtrElec",12,17,11,"",-3.53361,0,0,0,0,0,0,0,0,0,0,0,0,0,0,0,0,0,0,0,0,217.067,0,157.698,-378.299
"MtrElec",12,17,12,"",0.0000156,0,0,0,0,0,0,0,0,0,0,0,0,0,0,0,0,0,0,0,0,247.741,0,153.453,-401.194
"MtrElec",12,17,13,"",-26.9269,0,0,0,0,0,0,0,0,0,0,0,0,0,0,0,0,0,0,0,0,211.507,0,157.698,-396.131
"MtrElec",12,17,14,"",-178.829,0,0,0,0,0,0,0,0,0,0,0,0,0,0,0,0,0,0,0,0,142.785,0,31.853,-353.467
"MtrElec",12,17,15,"",-84.5819,0,0,0,0,0,0,0,0,0,0,0,0,0,0,0,0,0,0,0,0,190.27,0,0,-274.852
"MtrElec",12,17,16,"",-13.6404,0,0,0,0,0,0,0,0,0,0,0,0,0,0,0,0,0,0,0,0,152.048,0,0,-165.688
"MtrElec",12,17,17,"",158.291,0,0,0,0,0,0,0,0,0,0,0,0,0,0,0,0,0,0,0,0,197.673,0,0,-39.3814
"MtrElec",12,17,18,"",250.639,0,0,0,0,0,0,0,0,0,0,0,0,0,0,0,0,0,0,0,0,250.639,0,0,0
"MtrElec",12,17,19,"",137.047,0,0,0,0,0,0,0,0,0,0,0,0,0,0,0,0,0,0,0,0,294.745,0,-157.698,0
"MtrElec",12,17,20,"",121.875,0,0,0,0,0,0,0,0,0,0,0,0,0,0,0,0,0,0,0,0,279.573,0,-157.698,0
"MtrElec",12,17,21,"",109.724,0,0,0,0,0,0,0,0,0,0,0,0,0,0,0,0,0,0,0,0,267.422,0,-157.698,0
"MtrElec",12,17,22,"",170.147,0,0,0,0,0,0,0,0,0,0,0,0,0,0,0,0,0,0,0,0,228.071,0,-57.9236,0
"MtrElec",12,17,23,"",206.348,0,0,0,0,0,0,0,0,0,0,0,0,0,0,0,0,0,0,0,0,206.348,0,0,0
"MtrElec",12,17,24,"",137.294,0,0,0,0,0,0,0,0,0,0,0,0,0,0,0,0,0,0,0,0,137.294,0,0,0
"MtrElec",12,18,1,"",162.263,0,0,0,0,0,0,0,0,0,0,0,0,0,0,0,0,0,0,0,0,162.263,0,0,0
"MtrElec",12,18,2,"",108.711,0,0,0,0,0,0,0,0,0,0,0,0,0,0,0,0,0,0,0,0,108.711,0,0,0
"MtrElec",12,18,3,"",90.8899,0,0,0,0,0,0,0,0,0,0,0,0,0,0,0,0,0,0,0,0,90.8899,0,0,0
"MtrElec",12,18,4,"",105.996,0,0,0,0,0,0,0,0,0,0,0,0,0,0,0,0,0,0,0,0,105.996,0,0,0
"MtrElec",12,18,5,"",107.179,0,0,0,0,0,0,0,0,0,0,0,0,0,0,0,0,0,0,0,0,107.179,0,0,0
"MtrElec",12,18,6,"",122.201,0,0,0,0,0,0,0,0,0,0,0,0,0,0,0,0,0,0,0,0,122.201,0,0,0
"MtrElec",12,18,7,"",153.761,0,0,0,0,0,0,0,0,0,0,0,0,0,0,0,0,0,0,0,0,153.761,0,0,0
"MtrElec",12,18,8,"",140.548,0,0,0,0,0,0,0,0,0,0,0,0,0,0,0,0,0,0,0,0,233.374,0,0,-92.8264
"MtrElec",12,18,9,"",38.0661,0,0,0,0,0,0,0,0,0,0,0,0,0,0,0,0,0,0,0,0,253.721,0,0,-215.655
"MtrElec",12,18,10,"",0.0000039,0,0,0,0,0,0,0,0,0,0,0,0,0,0,0,0,0,0,0,0,259.097,0,46.6353,-305.733
"MtrElec",12,18,11,"",0,0,0,0,0,0,0,0,0,0,0,0,0,0,0,0,0,0,0,0,0,290.19,0,71.7702,-361.96
"MtrElec",12,18,12,"",0,0,0,0,0,0,0,0,0,0,0,0,0,0,0,0,0,0,0,0,0,237.23,0,149.568,-386.798
"MtrElec",12,18,13,"",-56.5705,0,0,0,0,0,0,0,0,0,0,0,0,0,0,0,0,0,0,0,0,163.913,0,157.698,-378.181
"MtrElec",12,18,14,"",-26.8642,0,0,0,0,0,0,0,0,0,0,0,0,0,0,0,0,0,0,0,0,153.63,0,157.698,-338.192
"MtrElec",12,18,15,"",-92.3338,0,0,0,0,0,0,0,0,0,0,0,0,0,0,0,0,0,0,0,0,167.693,0,5.01567,-265.043
"MtrElec",12,18,16,"",13.1259,0,0,0,0,0,0,0,0,0,0,0,0,0,0,0,0,0,0,0,0,169.265,0,0,-156.139
"MtrElec",12,18,17,"",215.041,0,0,0,0,0,0,0,0,0,0,0,0,0,0,0,0,0,0,0,0,250.343,0,0,-35.3019
"MtrElec",12,18,18,"",200.617,0,0,0,0,0,0,0,0,0,0,0,0,0,0,0,0,0,0,0,0,200.617,0,0,0
"MtrElec",12,18,19,"",90.6485,0,0,0,0,0,0,0,0,0,0,0,0,0,0,0,0,0,0,0,0,248.346,0,-157.698,0
"MtrElec",12,18,20,"",137.214,0,0,0,0,0,0,0,0,0,0,0,0,0,0,0,0,0,0,0,0,294.912,0,-157.698,0
"MtrElec",12,18,21,"",135.628,0,0,0,0,0,0,0,0,0,0,0,0,0,0,0,0,0,0,0,0,293.326,0,-157.698,0
"MtrElec",12,18,22,"",221.417,0,0,0,0,0,0,0,0,0,0,0,0,0,0,0,0,0,0,0,0,279.34,0,-57.9236,0
"MtrElec",12,18,23,"",225.403,0,0,0,0,0,0,0,0,0,0,0,0,0,0,0,0,0,0,0,0,225.403,0,0,0
"MtrElec",12,18,24,"",224.701,0,0,0,0,0,0,0,0,0,0,0,0,0,0,0,0,0,0,0,0,224.701,0,0,0
"MtrElec",12,19,1,"",129.035,0,0,0,0,0,0,0,0,0,0,0,0,0,0,0,0,0,0,0,0,129.035,0,0,0
"MtrElec",12,19,2,"",102.993,0,0,0,0,0,0,0,0,0,0,0,0,0,0,0,0,0,0,0,0,102.993,0,0,0
"MtrElec",12,19,3,"",103.742,0,0,0,0,0,0,0,0,0,0,0,0,0,0,0,0,0,0,0,0,103.742,0,0,0
"MtrElec",12,19,4,"",113.023,0,0,0,0,0,0,0,0,0,0,0,0,0,0,0,0,0,0,0,0,113.023,0,0,0
"MtrElec",12,19,5,"",121.024,0,0,0,0,0,0,0,0,0,0,0,0,0,0,0,0,0,0,0,0,121.024,0,0,0
"MtrElec",12,19,6,"",139.488,0,0,0,0,0,0,0,0,0,0,0,0,0,0,0,0,0,0,0,0,139.488,0,0,0
"MtrElec",12,19,7,"",121.68,0,0,0,0,0,0,0,0,0,0,0,0,0,0,0,0,0,0,0,0,121.68,0,0,0
"MtrElec",12,19,8,"",140.618,0,0,0,0,0,0,0,0,0,0,0,0,0,0,0,0,0,0,0,0,224.567,0,0,-83.9488
"MtrElec",12,19,9,"",0,0,0,0,0,0,0,0,0,0,0,0,0,0,0,0,0,0,0,0,0,198.98,0,17.2795,-216.26
"MtrElec",12,19,10,"",0.0000020,0,0,0,0,0,0,0,0,0,0,0,0,0,0,0,0,0,0,0,0,286.721,0,21.8144,-308.536
"MtrElec",12,19,11,"",0.0000078,0,0,0,0,0,0,0,0,0,0,0,0,0,0,0,0,0,0,0,0,280.09,0,85.41,-365.5
"MtrElec",12,19,12,"",0,0,0,0,0,0,0,0,0,0,0,0,0,0,0,0,0,0,0,0,0,276.32,0,115.421,-391.741
"MtrElec",12,19,13,"",0,0,0,0,0,0,0,0,0,0,0,0,0,0,0,0,0,0,0,0,0,239.525,0,145.198,-384.723
"MtrElec",12,19,14,"",0.0000078,0,0,0,0,0,0,0,0,0,0,0,0,0,0,0,0,0,0,0,0,215.701,0,129.361,-345.062
"MtrElec",12,19,15,"",0,0,0,0,0,0,0,0,0,0,0,0,0,0,0,0,0,0,0,0,0,247.703,0,22.191,-269.894
"MtrElec",12,19,16,"",61.3368,0,0,0,0,0,0,0,0,0,0,0,0,0,0,0,0,0,0,0,0,223.492,0,0,-162.155
"MtrElec",12,19,17,"",185.204,0,0,0,0,0,0,0,0,0,0,0,0,0,0,0,0,0,0,0,0,223.904,0,0,-38.6996
"MtrElec",12,19,18,"",264.782,0,0,0,0,0,0,0,0,0,0,0,0,0,0,0,0,0,0,0,0,264.782,0,0,0
"MtrElec",12,19,19,"",172.565,0,0,0,0,0,0,0,0,0,0,0,0,0,0,0,0,0,0,0,0,330.263,0,-157.698,0
"MtrElec",12,19,20,"",177.246,0,0,0,0,0,0,0,0,0,0,0,0,0,0,0,0,0,0,0,0,334.944,0,-157.698,0
"MtrElec",12,19,21,"",91.1556,0,0,0,0,0,0,0,0,0,0,0,0,0,0,0,0,0,0,0,0,248.854,0,-157.698,0
"MtrElec",12,19,22,"",251.67,0,0,0,0,0,0,0,0,0,0,0,0,0,0,0,0,0,0,0,0,262.925,0,-11.2549,0
"MtrElec",12,19,23,"",205.186,0,0,0,0,0,0,0,0,0,0,0,0,0,0,0,0,0,0,0,0,205.186,0,0,0
"MtrElec",12,19,24,"",165.677,0,0,0,0,0,0,0,0,0,0,0,0,0,0,0,0,0,0,0,0,165.677,0,0,0
"MtrElec",12,20,1,"",139.648,0,0,0,0,0,0,0,0,0,0,0,0,0,0,0,0,0,0,0,0,139.648,0,0,0
"MtrElec",12,20,2,"",110.649,0,0,0,0,0,0,0,0,0,0,0,0,0,0,0,0,0,0,0,0,110.649,0,0,0
"MtrElec",12,20,3,"",146.259,0,0,0,0,0,0,0,0,0,0,0,0,0,0,0,0,0,0,0,0,146.259,0,0,0
"MtrElec",12,20,4,"",115.118,0,0,0,0,0,0,0,0,0,0,0,0,0,0,0,0,0,0,0,0,115.118,0,0,0
"MtrElec",12,20,5,"",130.405,0,0,0,0,0,0,0,0,0,0,0,0,0,0,0,0,0,0,0,0,130.405,0,0,0
"MtrElec",12,20,6,"",102.652,0,0,0,0,0,0,0,0,0,0,0,0,0,0,0,0,0,0,0,0,102.652,0,0,0
"MtrElec",12,20,7,"",194.815,0,0,0,0,0,0,0,0,0,0,0,0,0,0,0,0,0,0,0,0,194.815,0,0,0
"MtrElec",12,20,8,"",94.6795,0,0,0,0,0,0,0,0,0,0,0,0,0,0,0,0,0,0,0,0,172.061,0,0,-77.381
"MtrElec",12,20,9,"",51.6163,0,0,0,0,0,0,0,0,0,0,0,0,0,0,0,0,0,0,0,0,257.196,0,0,-205.58
"MtrElec",12,20,10,"",0,0,0,0,0,0,0,0,0,0,0,0,0,0,0,0,0,0,0,0,0,257.301,0,40.6738,-297.975
"MtrElec",12,20,11,"",0,0,0,0,0,0,0,0,0,0,0,0,0,0,0,0,0,0,0,0,0,299.151,0,47.09,-346.24
"MtrElec",12,20,12,"",0.0000078,0,0,0,0,0,0,0,0,0,0,0,0,0,0,0,0,0,0,0,0,273.672,0,101.946,-375.619
"MtrElec",12,20,13,"",0,0,0,0,0,0,0,0,0,0,0,0,0,0,0,0,0,0,0,0,0,276.224,0,99.2492,-375.474
"MtrElec",12,20,14,"",0.0000078,0,0,0,0,0,0,0,0,0,0,0,0,0,0,0,0,0,0,0,0,232.742,0,102.742,-335.484
"MtrElec",12,20,15,"",0.0000078,0,0,0,0,0,0,0,0,0,0,0,0,0,0,0,0,0,0,0,0,164.096,0,98.0585,-262.154
"MtrElec",12,20,16,"",25.3951,0,0,0,0,0,0,0,0,0,0,0,0,0,0,0,0,0,0,0,0,179.41,0,0,-154.015
"MtrElec",12,20,17,"",189.88,0,0,0,0,0,0,0,0,0,0,0,0,0,0,0,0,0,0,0,0,224.315,0,0,-34.4355
"MtrElec",12,20,18,"",240.422,0,0,0,0,0,0,0,0,0,0,0,0,0,0,0,0,0,0,0,0,240.422,0,0,0
"MtrElec",12,20,19,"",178.24,0,0,0,0,0,0,0,0,0,0,0,0,0,0,0,0,0,0,0,0,335.937,0,-157.698,0
"MtrElec",12,20,20,"",113.883,0,0,0,0,0,0,0,0,0,0,0,0,0,0,0,0,0,0,0,0,271.581,0,-157.698,0
"MtrElec",12,20,21,"",172.6,0,0,0,0,0,0,0,0,0,0,0,0,0,0,0,0,0,0,0,0,299.212,0,-126.612,0
"MtrElec",12,20,22,"",289.358,0,0,0,0,0,0,0,0,0,0,0,0,0,0,0,0,0,0,0,0,289.358,0,0,0
"MtrElec",12,20,23,"",199.101,0,0,0,0,0,0,0,0,0,0,0,0,0,0,0,0,0,0,0,0,199.101,0,0,0
"MtrElec",12,20,24,"",160.238,0,0,0,0,0,0,0,0,0,0,0,0,0,0,0,0,0,0,0,0,160.238,0,0,0
"MtrElec",12,21,1,"",103.466,0,0,0,0,0,0,0,0,0,0,0,0,0,0,0,0,0,0,0,0,103.466,0,0,0
"MtrElec",12,21,2,"",109.211,0,0,0,0,0,0,0,0,0,0,0,0,0,0,0,0,0,0,0,0,109.211,0,0,0
"MtrElec",12,21,3,"",108.537,0,0,0,0,0,0,0,0,0,0,0,0,0,0,0,0,0,0,0,0,108.537,0,0,0
"MtrElec",12,21,4,"",102.684,0,0,0,0,0,0,0,0,0,0,0,0,0,0,0,0,0,0,0,0,102.684,0,0,0
"MtrElec",12,21,5,"",126.733,0,0,0,0,0,0,0,0,0,0,0,0,0,0,0,0,0,0,0,0,126.733,0,0,0
"MtrElec",12,21,6,"",136.889,0,0,0,0,0,0,0,0,0,0,0,0,0,0,0,0,0,0,0,0,136.889,0,0,0
"MtrElec",12,21,7,"",197.043,0,0,0,0,0,0,0,0,0,0,0,0,0,0,0,0,0,0,0,0,197.043,0,0,0
"MtrElec",12,21,8,"",184.382,0,0,0,0,0,0,0,0,0,0,0,0,0,0,0,0,0,0,0,0,252.667,0,0,-68.2844
"MtrElec",12,21,9,"",54.5005,0,0,0,0,0,0,0,0,0,0,0,0,0,0,0,0,0,0,0,0,255.319,0,0,-200.818
"MtrElec",12,21,10,"",0.0000039,0,0,0,0,0,0,0,0,0,0,0,0,0,0,0,0,0,0,0,0,238.948,0,59.6238,-298.572
"MtrElec",12,21,11,"",0,0,0,0,0,0,0,0,0,0,0,0,0,0,0,0,0,0,0,0,0,244.814,0,116.698,-361.513
"MtrElec",12,21,12,"",-1.27688,0,0,0,0,0,0,0,0,0,0,0,0,0,0,0,0,0,0,0,0,229.215,0,157.698,-388.19
"MtrElec",12,21,13,"",0.0000156,0,0,0,0,0,0,0,0,0,0,0,0,0,0,0,0,0,0,0,0,232.522,0,150.515,-383.037
"MtrElec",12,21,14,"",-123.73,0,0,0,0,0,0,0,0,0,0,0,0,0,0,0,0,0,0,0,0,120.766,0,103.85,-348.347
"MtrElec",12,21,15,"",-104.912,0,0,0,0,0,0,0,0,0,0,0,0,0,0,0,0,0,0,0,0,173.796,0,0,-278.708
"MtrElec",12,21,16,"",29.9497,0,0,0,0,0,0,0,0,0,0,0,0,0,0,0,0,0,0,0,0,197.323,0,0,-167.373
"MtrElec",12,21,17,"",165.577,0,0,0,0,0,0,0,0,0,0,0,0,0,0,0,0,0,0,0,0,204.056,0,0,-38.4793
"MtrElec",12,21,18,"",221.57,0,0,0,0,0,0,0,0,0,0,0,0,0,0,0,0,0,0,0,0,221.57,0,0,0
"MtrElec",12,21,19,"",149.014,0,0,0,0,0,0,0,0,0,0,0,0,0,0,0,0,0,0,0,0,306.711,0,-157.698,0
"MtrElec",12,21,20,"",76.8812,0,0,0,0,0,0,0,0,0,0,0,0,0,0,0,0,0,0,0,0,234.579,0,-157.698,0
"MtrElec",12,21,21,"",163.244,0,0,0,0,0,0,0,0,0,0,0,0,0,0,0,0,0,0,0,0,320.941,0,-157.698,0
"MtrElec",12,21,22,"",166.826,0,0,0,0,0,0,0,0,0,0,0,0,0,0,0,0,0,0,0,0,224.75,0,-57.9236,0
"MtrElec",12,21,23,"",226.351,0,0,0,0,0,0,0,0,0,0,0,0,0,0,0,0,0,0,0,0,226.351,0,0,0
"MtrElec",12,21,24,"",148.653,0,0,0,0,0,0,0,0,0,0,0,0,0,0,0,0,0,0,0,0,148.653,0,0,0
"MtrElec",12,22,1,"",124.969,0,0,0,0,0,0,0,0,0,0,0,0,0,0,0,0,0,0,0,0,124.969,0,0,0
"MtrElec",12,22,2,"",116.582,0,0,0,0,0,0,0,0,0,0,0,0,0,0,0,0,0,0,0,0,116.582,0,0,0
"MtrElec",12,22,3,"",108.856,0,0,0,0,0,0,0,0,0,0,0,0,0,0,0,0,0,0,0,0,108.856,0,0,0
"MtrElec",12,22,4,"",113.879,0,0,0,0,0,0,0,0,0,0,0,0,0,0,0,0,0,0,0,0,113.879,0,0,0
"MtrElec",12,22,5,"",122.547,0,0,0,0,0,0,0,0,0,0,0,0,0,0,0,0,0,0,0,0,122.547,0,0,0
"MtrElec",12,22,6,"",98.5948,0,0,0,0,0,0,0,0,0,0,0,0,0,0,0,0,0,0,0,0,98.5948,0,0,0
"MtrElec",12,22,7,"",182.266,0,0,0,0,0,0,0,0,0,0,0,0,0,0,0,0,0,0,0,0,182.266,0,0,0
"MtrElec",12,22,8,"",206.241,0,0,0,0,0,0,0,0,0,0,0,0,0,0,0,0,0,0,0,0,231.911,0,0,-25.6694
"MtrElec",12,22,9,"",120.021,0,0,0,0,0,0,0,0,0,0,0,0,0,0,0,0,0,0,0,0,220.468,0,0,-100.447
"MtrElec",12,22,10,"",0,0,0,0,0,0,0,0,0,0,0,0,0,0,0,0,0,0,0,0,0,222.128,0,5.69272,-227.821
"MtrElec",12,22,11,"",0.0000020,0,0,0,0,0,0,0,0,0,0,0,0,0,0,0,0,0,0,0,0,248.852,0,31.0056,-279.857
"MtrElec",12,22,12,"",0,0,0,0,0,0,0,0,0,0,0,0,0,0,0,0,0,0,0,0,0,247.2,0,37.6137,-284.814
"MtrElec",12,22,13,"",0,0,0,0,0,0,0,0,0,0,0,0,0,0,0,0,0,0,0,0,0,192.002,0,90.069,-282.071
"MtrElec",12,22,14,"",0,0,0,0,0,0,0,0,0,0,0,0,0,0,0,0,0,0,0,0,0,165.635,0,91.5311,-257.167
"MtrElec",12,22,15,"",0,0,0,0,0,0,0,0,0,0,0,0,0,0,0,0,0,0,0,0,0,152.117,0,73.1093,-225.226
"MtrElec",12,22,16,"",68.0247,0,0,0,0,0,0,0,0,0,0,0,0,0,0,0,0,0,0,0,0,189.84,0,0,-121.815
"MtrElec",12,22,17,"",205.233,0,0,0,0,0,0,0,0,0,0,0,0,0,0,0,0,0,0,0,0,226.925,0,0,-21.6913
"MtrElec",12,22,18,"",231.201,0,0,0,0,0,0,0,0,0,0,0,0,0,0,0,0,0,0,0,0,231.201,0,0,0
"MtrElec",12,22,19,"",151.715,0,0,0,0,0,0,0,0,0,0,0,0,0,0,0,0,0,0,0,0,309.413,0,-157.698,0
"MtrElec",12,22,20,"",115.296,0,0,0,0,0,0,0,0,0,0,0,0,0,0,0,0,0,0,0,0,254.54,0,-139.244,0
"MtrElec",12,22,21,"",280.45,0,0,0,0,0,0,0,0,0,0,0,0,0,0,0,0,0,0,0,0,280.45,0,0,0
"MtrElec",12,22,22,"",238.659,0,0,0,0,0,0,0,0,0,0,0,0,0,0,0,0,0,0,0,0,238.659,0,0,0
"MtrElec",12,22,23,"",234.509,0,0,0,0,0,0,0,0,0,0,0,0,0,0,0,0,0,0,0,0,234.509,0,0,0
"MtrElec",12,22,24,"",126.996,0,0,0,0,0,0,0,0,0,0,0,0,0,0,0,0,0,0,0,0,126.996,0,0,0
"MtrElec",12,23,1,"",152.26,0,0,0,0,0,0,0,0,0,0,0,0,0,0,0,0,0,0,0,0,152.26,0,0,0
"MtrElec",12,23,2,"",119.585,0,0,0,0,0,0,0,0,0,0,0,0,0,0,0,0,0,0,0,0,119.585,0,0,0
"MtrElec",12,23,3,"",141.787,0,0,0,0,0,0,0,0,0,0,0,0,0,0,0,0,0,0,0,0,141.787,0,0,0
"MtrElec",12,23,4,"",117.072,0,0,0,0,0,0,0,0,0,0,0,0,0,0,0,0,0,0,0,0,117.072,0,0,0
"MtrElec",12,23,5,"",115.768,0,0,0,0,0,0,0,0,0,0,0,0,0,0,0,0,0,0,0,0,115.768,0,0,0
"MtrElec",12,23,6,"",112.583,0,0,0,0,0,0,0,0,0,0,0,0,0,0,0,0,0,0,0,0,112.583,0,0,0
"MtrElec",12,23,7,"",200.878,0,0,0,0,0,0,0,0,0,0,0,0,0,0,0,0,0,0,0,0,200.878,0,0,0
"MtrElec",12,23,8,"",175.182,0,0,0,0,0,0,0,0,0,0,0,0,0,0,0,0,0,0,0,0,257.253,0,0,-82.0708
"MtrElec",12,23,9,"",56.2958,0,0,0,0,0,0,0,0,0,0,0,0,0,0,0,0,0,0,0,0,274.256,0,0,-217.96
"MtrElec",12,23,10,"",0,0,0,0,0,0,0,0,0,0,0,0,0,0,0,0,0,0,0,0,0,273.831,0,46.761,-320.592
"MtrElec",12,23,11,"",-9.81641,0,0,0,0,0,0,0,0,0,0,0,0,0,0,0,0,0,0,0,0,220.379,0,157.698,-387.893
"MtrElec",12,23,12,"",-37.6544,0,0,0,0,0,0,0,0,0,0,0,0,0,0,0,0,0,0,0,0,223.506,0,157.698,-418.858
"MtrElec",12,23,13,"",-40.7382,0,0,0,0,0,0,0,0,0,0,0,0,0,0,0,0,0,0,0,0,216.835,0,157.698,-415.271
"MtrElec",12,23,14,"",-151.949,0,0,0,0,0,0,0,0,0,0,0,0,0,0,0,0,0,0,0,0,151.184,0,68.5302,-371.663
"MtrElec",12,23,15,"",-141.892,0,0,0,0,0,0,0,0,0,0,0,0,0,0,0,0,0,0,0,0,148.136,0,0,-290.028
"MtrElec",12,23,16,"",11.8689,0,0,0,0,0,0,0,0,0,0,0,0,0,0,0,0,0,0,0,0,183.76,0,0,-171.891
"MtrElec",12,23,17,"",157.074,0,0,0,0,0,0,0,0,0,0,0,0,0,0,0,0,0,0,0,0,199.883,0,0,-42.8092
"MtrElec",12,23,18,"",237.997,0,0,0,0,0,0,0,0,0,0,0,0,0,0,0,0,0,0,0,0,237.997,0,0,0
"MtrElec",12,23,19,"",158.465,0,0,0,0,0,0,0,0,0,0,0,0,0,0,0,0,0,0,0,0,316.163,0,-157.698,0
"MtrElec",12,23,20,"",115.166,0,0,0,0,0,0,0,0,0,0,0,0,0,0,0,0,0,0,0,0,272.864,0,-157.698,0
"MtrElec",12,23,21,"",152.462,0,0,0,0,0,0,0,0,0,0,0,0,0,0,0,0,0,0,0,0,310.16,0,-157.698,0
"MtrElec",12,23,22,"",160.933,0,0,0,0,0,0,0,0,0,0,0,0,0,0,0,0,0,0,0,0,218.857,0,-57.9236,0
"MtrElec",12,23,23,"",215.851,0,0,0,0,0,0,0,0,0,0,0,0,0,0,0,0,0,0,0,0,215.851,0,0,0
"MtrElec",12,23,24,"",142.619,0,0,0,0,0,0,0,0,0,0,0,0,0,0,0,0,0,0,0,0,142.619,0,0,0
"MtrElec",12,24,1,"",161.675,0,0,0,0,0,0,0,0,0,0,0,0,0,0,0,0,0,0,0,0,161.675,0,0,0
"MtrElec",12,24,2,"",117.569,0,0,0,0,0,0,0,0,0,0,0,0,0,0,0,0,0,0,0,0,117.569,0,0,0
"MtrElec",12,24,3,"",104.849,0,0,0,0,0,0,0,0,0,0,0,0,0,0,0,0,0,0,0,0,104.849,0,0,0
"MtrElec",12,24,4,"",114.525,0,0,0,0,0,0,0,0,0,0,0,0,0,0,0,0,0,0,0,0,114.525,0,0,0
"MtrElec",12,24,5,"",108.529,0,0,0,0,0,0,0,0,0,0,0,0,0,0,0,0,0,0,0,0,108.529,0,0,0
"MtrElec",12,24,6,"",127.318,0,0,0,0,0,0,0,0,0,0,0,0,0,0,0,0,0,0,0,0,127.318,0,0,0
"MtrElec",12,24,7,"",161.154,0,0,0,0,0,0,0,0,0,0,0,0,0,0,0,0,0,0,0,0,161.154,0,0,0
"MtrElec",12,24,8,"",162.82,0,0,0,0,0,0,0,0,0,0,0,0,0,0,0,0,0,0,0,0,242.028,0,0,-79.2074
"MtrElec",12,24,9,"",54.3847,0,0,0,0,0,0,0,0,0,0,0,0,0,0,0,0,0,0,0,0,264.337,0,0,-209.953
"MtrElec",12,24,10,"",-0.0636406,0,0,0,0,0,0,0,0,0,0,0,0,0,0,0,0,0,0,0,0,148.642,0,157.698,-306.404
"MtrElec",12,24,11,"",-35.6007,0,0,0,0,0,0,0,0,0,0,0,0,0,0,0,0,0,0,0,0,183.341,0,157.698,-376.639
"MtrElec",12,24,12,"",-26.7085,0,0,0,0,0,0,0,0,0,0,0,0,0,0,0,0,0,0,0,0,222.266,0,157.698,-406.673
"MtrElec",12,24,13,"",-98.3167,0,0,0,0,0,0,0,0,0,0,0,0,0,0,0,0,0,0,0,0,181.718,0,115.291,-395.326
"MtrElec",12,24,14,"",-200.717,0,0,0,0,0,0,0,0,0,0,0,0,0,0,0,0,0,0,0,0,151.943,0,0,-352.66
"MtrElec",12,24,15,"",-67.958,0,0,0,0,0,0,0,0,0,0,0,0,0,0,0,0,0,0,0,0,211.078,0,0,-279.036
"MtrElec",12,24,16,"",4.55972,0,0,0,0,0,0,0,0,0,0,0,0,0,0,0,0,0,0,0,0,172.695,0,0,-168.135
"MtrElec",12,24,17,"",189.572,0,0,0,0,0,0,0,0,0,0,0,0,0,0,0,0,0,0,0,0,231.19,0,0,-41.6177
"MtrElec",12,24,18,"",268.599,0,0,0,0,0,0,0,0,0,0,0,0,0,0,0,0,0,0,0,0,268.599,0,0,0
"MtrElec",12,24,19,"",135.883,0,0,0,0,0,0,0,0,0,0,0,0,0,0,0,0,0,0,0,0,293.581,0,-157.698,0
"MtrElec",12,24,20,"",101.706,0,0,0,0,0,0,0,0,0,0,0,0,0,0,0,0,0,0,0,0,259.404,0,-157.698,0
"MtrElec",12,24,21,"",159.484,0,0,0,0,0,0,0,0,0,0,0,0,0,0,0,0,0,0,0,0,317.182,0,-157.698,0
"MtrElec",12,24,22,"",180.065,0,0,0,0,0,0,0,0,0,0,0,0,0,0,0,0,0,0,0,0,237.989,0,-57.9236,0
"MtrElec",12,24,23,"",184.384,0,0,0,0,0,0,0,0,0,0,0,0,0,0,0,0,0,0,0,0,184.384,0,0,0
"MtrElec",12,24,24,"",214.575,0,0,0,0,0,0,0,0,0,0,0,0,0,0,0,0,0,0,0,0,214.575,0,0,0
"MtrElec",12,25,1,"",136.928,0,0,0,0,0,0,0,0,0,0,0,0,0,0,0,0,0,0,0,0,136.928,0,0,0
"MtrElec",12,25,2,"",131.714,0,0,0,0,0,0,0,0,0,0,0,0,0,0,0,0,0,0,0,0,131.714,0,0,0
"MtrElec",12,25,3,"",123.485,0,0,0,0,0,0,0,0,0,0,0,0,0,0,0,0,0,0,0,0,123.485,0,0,0
"MtrElec",12,25,4,"",124.254,0,0,0,0,0,0,0,0,0,0,0,0,0,0,0,0,0,0,0,0,124.254,0,0,0
"MtrElec",12,25,5,"",133.081,0,0,0,0,0,0,0,0,0,0,0,0,0,0,0,0,0,0,0,0,133.081,0,0,0
"MtrElec",12,25,6,"",286.141,0,0,0,0,0,0,0,0,0,0,0,0,0,0,0,0,0,0,0,0,286.141,0,0,0
"MtrElec",12,25,7,"",217.474,0,0,0,0,0,0,0,0,0,0,0,0,0,0,0,0,0,0,0,0,217.474,0,0,0
"MtrElec",12,25,8,"",182.584,0,0,0,0,0,0,0,0,0,0,0,0,0,0,0,0,0,0,0,0,261.902,0,0,-79.3173
"MtrElec",12,25,9,"",86.6149,0,0,0,0,0,0,0,0,0,0,0,0,0,0,0,0,0,0,0,0,294.418,0,0,-207.803
"MtrElec",12,25,10,"",76.3635,0,0,0,0,0,0,0,0,0,0,0,0,0,0,0,0,0,0,0,0,377.744,0,0,-301.381
"MtrElec",12,25,11,"",0,0,0,0,0,0,0,0,0,0,0,0,0,0,0,0,0,0,0,0,0,349.99,0,11.4046,-361.395
"MtrElec",12,25,12,"",0,0,0,0,0,0,0,0,0,0,0,0,0,0,0,0,0,0,0,0,0,244.003,0,141.316,-385.319
"MtrElec",12,25,13,"",0,0,0,0,0,0,0,0,0,0,0,0,0,0,0,0,0,0,0,0,0,222.026,0,151.227,-373.253
"MtrElec",12,25,14,"",-31.4494,0,0,0,0,0,0,0,0,0,0,0,0,0,0,0,0,0,0,0,0,155.872,0,157.698,-345.019
"MtrElec",12,25,15,"",0,0,0,0,0,0,0,0,0,0,0,0,0,0,0,0,0,0,0,0,0,205.202,0,72.9837,-278.185
"MtrElec",12,25,16,"",0,0,0,0,0,0,0,0,0,0,0,0,0,0,0,0,0,0,0,0,0,166.882,0,1.76784,-168.649
"MtrElec",12,25,17,"",151.33,0,0,0,0,0,0,0,0,0,0,0,0,0,0,0,0,0,0,0,0,194.481,0,0,-43.1503
"MtrElec",12,25,18,"",322.76,0,0,0,0,0,0,0,0,0,0,0,0,0,0,0,0,0,0,0,0,322.76,0,0,0
"MtrElec",12,25,19,"",153.775,0,0,0,0,0,0,0,0,0,0,0,0,0,0,0,0,0,0,0,0,311.473,0,-157.698,0
"MtrElec",12,25,20,"",64.4924,0,0,0,0,0,0,0,0,0,0,0,0,0,0,0,0,0,0,0,0,222.19,0,-157.698,0
"MtrElec",12,25,21,"",130.889,0,0,0,0,0,0,0,0,0,0,0,0,0,0,0,0,0,0,0,0,288.587,0,-157.698,0
"MtrElec",12,25,22,"",179.937,0,0,0,0,0,0,0,0,0,0,0,0,0,0,0,0,0,0,0,0,190.942,0,-11.0046,0
"MtrElec",12,25,23,"",236.2,0,0,0,0,0,0,0,0,0,0,0,0,0,0,0,0,0,0,0,0,236.2,0,0,0
"MtrElec",12,25,24,"",184.699,0,0,0,0,0,0,0,0,0,0,0,0,0,0,0,0,0,0,0,0,184.699,0,0,0
"MtrElec",12,26,1,"",128.598,0,0,0,0,0,0,0,0,0,0,0,0,0,0,0,0,0,0,0,0,128.598,0,0,0
"MtrElec",12,26,2,"",115.196,0,0,0,0,0,0,0,0,0,0,0,0,0,0,0,0,0,0,0,0,115.196,0,0,0
"MtrElec",12,26,3,"",130.288,0,0,0,0,0,0,0,0,0,0,0,0,0,0,0,0,0,0,0,0,130.288,0,0,0
"MtrElec",12,26,4,"",179.629,0,0,0,0,0,0,0,0,0,0,0,0,0,0,0,0,0,0,0,0,179.629,0,0,0
"MtrElec",12,26,5,"",152.085,0,0,0,0,0,0,0,0,0,0,0,0,0,0,0,0,0,0,0,0,152.085,0,0,0
"MtrElec",12,26,6,"",128.331,0,0,0,0,0,0,0,0,0,0,0,0,0,0,0,0,0,0,0,0,128.331,0,0,0
"MtrElec",12,26,7,"",140.734,0,0,0,0,0,0,0,0,0,0,0,0,0,0,0,0,0,0,0,0,140.734,0,0,0
"MtrElec",12,26,8,"",143.109,0,0,0,0,0,0,0,0,0,0,0,0,0,0,0,0,0,0,0,0,206.194,0,0,-63.0846
"MtrElec",12,26,9,"",89.6045,0,0,0,0,0,0,0,0,0,0,0,0,0,0,0,0,0,0,0,0,218.064,0,0,-128.459
"MtrElec",12,26,10,"",87.3677,0,0,0,0,0,0,0,0,0,0,0,0,0,0,0,0,0,0,0,0,275.369,0,0,-188.001
"MtrElec",12,26,11,"",150.673,0,0,0,0,0,0,0,0,0,0,0,0,0,0,0,0,0,0,0,0,308.608,0,0,-157.936
"MtrElec",12,26,12,"",74.4692,0,0,0,0,0,0,0,0,0,0,0,0,0,0,0,0,0,0,0,0,258.04,0,0,-183.571
"MtrElec",12,26,13,"",16.926,0,0,0,0,0,0,0,0,0,0,0,0,0,0,0,0,0,0,0,0,243.462,0,0,-226.536
"MtrElec",12,26,14,"",54.619,0,0,0,0,0,0,0,0,0,0,0,0,0,0,0,0,0,0,0,0,236.447,0,0,-181.828
"MtrElec",12,26,15,"",107.346,0,0,0,0,0,0,0,0,0,0,0,0,0,0,0,0,0,0,0,0,224.164,0,0,-116.818
"MtrElec",12,26,16,"",169.688,0,0,0,0,0,0,0,0,0,0,0,0,0,0,0,0,0,0,0,0,222.754,0,0,-53.0667
"MtrElec",12,26,17,"",170.96,0,0,0,0,0,0,0,0,0,0,0,0,0,0,0,0,0,0,0,0,174.145,0,0,-3.18537
"MtrElec",12,26,18,"",209.233,0,0,0,0,0,0,0,0,0,0,0,0,0,0,0,0,0,0,0,0,209.233,0,0,0
"MtrElec",12,26,19,"",308.687,0,0,0,0,0,0,0,0,0,0,0,0,0,0,0,0,0,0,0,0,308.687,0,0,0
"MtrElec",12,26,20,"",248.927,0,0,0,0,0,0,0,0,0,0,0,0,0,0,0,0,0,0,0,0,248.927,0,0,0
"MtrElec",12,26,21,"",287.141,0,0,0,0,0,0,0,0,0,0,0,0,0,0,0,0,0,0,0,0,287.141,0,0,0
"MtrElec",12,26,22,"",284.292,0,0,0,0,0,0,0,0,0,0,0,0,0,0,0,0,0,0,0,0,284.292,0,0,0
"MtrElec",12,26,23,"",188.443,0,0,0,0,0,0,0,0,0,0,0,0,0,0,0,0,0,0,0,0,188.443,0,0,0
"MtrElec",12,26,24,"",176.235,0,0,0,0,0,0,0,0,0,0,0,0,0,0,0,0,0,0,0,0,176.235,0,0,0
"MtrElec",12,27,1,"",122.219,0,0,0,0,0,0,0,0,0,0,0,0,0,0,0,0,0,0,0,0,122.219,0,0,0
"MtrElec",12,27,2,"",118.306,0,0,0,0,0,0,0,0,0,0,0,0,0,0,0,0,0,0,0,0,118.306,0,0,0
"MtrElec",12,27,3,"",117.674,0,0,0,0,0,0,0,0,0,0,0,0,0,0,0,0,0,0,0,0,117.674,0,0,0
"MtrElec",12,27,4,"",111.355,0,0,0,0,0,0,0,0,0,0,0,0,0,0,0,0,0,0,0,0,111.355,0,0,0
"MtrElec",12,27,5,"",108.574,0,0,0,0,0,0,0,0,0,0,0,0,0,0,0,0,0,0,0,0,108.574,0,0,0
"MtrElec",12,27,6,"",122.779,0,0,0,0,0,0,0,0,0,0,0,0,0,0,0,0,0,0,0,0,122.779,0,0,0
"MtrElec",12,27,7,"",179.327,0,0,0,0,0,0,0,0,0,0,0,0,0,0,0,0,0,0,0,0,179.327,0,0,0
"MtrElec",12,27,8,"",197.121,0,0,0,0,0,0,0,0,0,0,0,0,0,0,0,0,0,0,0,0,218.195,0,0,-21.0744
"MtrElec",12,27,9,"",163.616,0,0,0,0,0,0,0,0,0,0,0,0,0,0,0,0,0,0,0,0,219.644,0,0,-56.0286
"MtrElec",12,27,10,"",194.873,0,0,0,0,0,0,0,0,0,0,0,0,0,0,0,0,0,0,0,0,294.301,0,0,-99.4278
"MtrElec",12,27,11,"",151.529,0,0,0,0,0,0,0,0,0,0,0,0,0,0,0,0,0,0,0,0,266.111,0,0,-114.583
"MtrElec",12,27,12,"",184.602,0,0,0,0,0,0,0,0,0,0,0,0,0,0,0,0,0,0,0,0,325.648,0,0,-141.046
"MtrElec",12,27,13,"",52.9751,0,0,0,0,0,0,0,0,0,0,0,0,0,0,0,0,0,0,0,0,189.822,0,0,-136.847
"MtrElec",12,27,14,"",73.9419,0,0,0,0,0,0,0,0,0,0,0,0,0,0,0,0,0,0,0,0,215.209,0,0,-141.268
"MtrElec",12,27,15,"",59.9022,0,0,0,0,0,0,0,0,0,0,0,0,0,0,0,0,0,0,0,0,239.254,0,0,-179.352
"MtrElec",12,27,16,"",93.7881,0,0,0,0,0,0,0,0,0,0,0,0,0,0,0,0,0,0,0,0,217.619,0,0,-123.831
"MtrElec",12,27,17,"",152.349,0,0,0,0,0,0,0,0,0,0,0,0,0,0,0,0,0,0,0,0,169.131,0,0,-16.7811
"MtrElec",12,27,18,"",239.047,0,0,0,0,0,0,0,0,0,0,0,0,0,0,0,0,0,0,0,0,239.047,0,0,0
"MtrElec",12,27,19,"",307.991,0,0,0,0,0,0,0,0,0,0,0,0,0,0,0,0,0,0,0,0,307.991,0,0,0
"MtrElec",12,27,20,"",288.213,0,0,0,0,0,0,0,0,0,0,0,0,0,0,0,0,0,0,0,0,288.213,0,0,0
"MtrElec",12,27,21,"",218.545,0,0,0,0,0,0,0,0,0,0,0,0,0,0,0,0,0,0,0,0,218.545,0,0,0
"MtrElec",12,27,22,"",267.524,0,0,0,0,0,0,0,0,0,0,0,0,0,0,0,0,0,0,0,0,267.524,0,0,0
"MtrElec",12,27,23,"",189.012,0,0,0,0,0,0,0,0,0,0,0,0,0,0,0,0,0,0,0,0,189.012,0,0,0
"MtrElec",12,27,24,"",157.484,0,0,0,0,0,0,0,0,0,0,0,0,0,0,0,0,0,0,0,0,157.484,0,0,0
"MtrElec",12,28,1,"",111.195,0,0,0,0,0,0,0,0,0,0,0,0,0,0,0,0,0,0,0,0,111.195,0,0,0
"MtrElec",12,28,2,"",111.977,0,0,0,0,0,0,0,0,0,0,0,0,0,0,0,0,0,0,0,0,111.977,0,0,0
"MtrElec",12,28,3,"",99.54,0,0,0,0,0,0,0,0,0,0,0,0,0,0,0,0,0,0,0,0,99.54,0,0,0
"MtrElec",12,28,4,"",154.8,0,0,0,0,0,0,0,0,0,0,0,0,0,0,0,0,0,0,0,0,154.8,0,0,0
"MtrElec",12,28,5,"",115.542,0,0,0,0,0,0,0,0,0,0,0,0,0,0,0,0,0,0,0,0,115.542,0,0,0
"MtrElec",12,28,6,"",100.796,0,0,0,0,0,0,0,0,0,0,0,0,0,0,0,0,0,0,0,0,100.796,0,0,0
"MtrElec",12,28,7,"",208.807,0,0,0,0,0,0,0,0,0,0,0,0,0,0,0,0,0,0,0,0,208.807,0,0,0
"MtrElec",12,28,8,"",249.879,0,0,0,0,0,0,0,0,0,0,0,0,0,0,0,0,0,0,0,0,251.185,0,0,-1.30606
"MtrElec",12,28,9,"",245.236,0,0,0,0,0,0,0,0,0,0,0,0,0,0,0,0,0,0,0,0,247.984,0,0,-2.74869
"MtrElec",12,28,10,"",150.469,0,0,0,0,0,0,0,0,0,0,0,0,0,0,0,0,0,0,0,0,179.133,0,0,-28.6642
"MtrElec",12,28,11,"",138.569,0,0,0,0,0,0,0,0,0,0,0,0,0,0,0,0,0,0,0,0,235.667,0,0,-97.098
"MtrElec",12,28,12,"",154.186,0,0,0,0,0,0,0,0,0,0,0,0,0,0,0,0,0,0,0,0,201.321,0,0,-47.1351
"MtrElec",12,28,13,"",78.9208,0,0,0,0,0,0,0,0,0,0,0,0,0,0,0,0,0,0,0,0,136.148,0,0,-57.2274
"MtrElec",12,28,14,"",139.722,0,0,0,0,0,0,0,0,0,0,0,0,0,0,0,0,0,0,0,0,184.058,0,0,-44.3358
"MtrElec",12,28,15,"",114.455,0,0,0,0,0,0,0,0,0,0,0,0,0,0,0,0,0,0,0,0,142.88,0,0,-28.4252
"MtrElec",12,28,16,"",193.841,0,0,0,0,0,0,0,0,0,0,0,0,0,0,0,0,0,0,0,0,207.692,0,0,-13.8511
"MtrElec",12,28,17,"",242.821,0,0,0,0,0,0,0,0,0,0,0,0,0,0,0,0,0,0,0,0,244.581,0,0,-1.75994
"MtrElec",12,28,18,"",224.078,0,0,0,0,0,0,0,0,0,0,0,0,0,0,0,0,0,0,0,0,224.078,0,0,0
"MtrElec",12,28,19,"",268.867,0,0,0,0,0,0,0,0,0,0,0,0,0,0,0,0,0,0,0,0,268.867,0,0,0
"MtrElec",12,28,20,"",255.945,0,0,0,0,0,0,0,0,0,0,0,0,0,0,0,0,0,0,0,0,255.945,0,0,0
"MtrElec",12,28,21,"",252.088,0,0,0,0,0,0,0,0,0,0,0,0,0,0,0,0,0,0,0,0,252.088,0,0,0
"MtrElec",12,28,22,"",226.936,0,0,0,0,0,0,0,0,0,0,0,0,0,0,0,0,0,0,0,0,226.936,0,0,0
"MtrElec",12,28,23,"",233.534,0,0,0,0,0,0,0,0,0,0,0,0,0,0,0,0,0,0,0,0,233.534,0,0,0
"MtrElec",12,28,24,"",175.672,0,0,0,0,0,0,0,0,0,0,0,0,0,0,0,0,0,0,0,0,175.672,0,0,0
"MtrElec",12,29,1,"",118.341,0,0,0,0,0,0,0,0,0,0,0,0,0,0,0,0,0,0,0,0,118.341,0,0,0
"MtrElec",12,29,2,"",112.794,0,0,0,0,0,0,0,0,0,0,0,0,0,0,0,0,0,0,0,0,112.794,0,0,0
"MtrElec",12,29,3,"",141.607,0,0,0,0,0,0,0,0,0,0,0,0,0,0,0,0,0,0,0,0,141.607,0,0,0
"MtrElec",12,29,4,"",112.633,0,0,0,0,0,0,0,0,0,0,0,0,0,0,0,0,0,0,0,0,112.633,0,0,0
"MtrElec",12,29,5,"",113.022,0,0,0,0,0,0,0,0,0,0,0,0,0,0,0,0,0,0,0,0,113.022,0,0,0
"MtrElec",12,29,6,"",104.485,0,0,0,0,0,0,0,0,0,0,0,0,0,0,0,0,0,0,0,0,104.485,0,0,0
"MtrElec",12,29,7,"",227.841,0,0,0,0,0,0,0,0,0,0,0,0,0,0,0,0,0,0,0,0,227.841,0,0,0
"MtrElec",12,29,8,"",250.301,0,0,0,0,0,0,0,0,0,0,0,0,0,0,0,0,0,0,0,0,250.301,0,0,0
"MtrElec",12,29,9,"",263.712,0,0,0,0,0,0,0,0,0,0,0,0,0,0,0,0,0,0,0,0,265.988,0,0,-2.27612
"MtrElec",12,29,10,"",161.422,0,0,0,0,0,0,0,0,0,0,0,0,0,0,0,0,0,0,0,0,222.738,0,0,-61.3161
"MtrElec",12,29,11,"",191.296,0,0,0,0,0,0,0,0,0,0,0,0,0,0,0,0,0,0,0,0,219.389,0,0,-28.0938
"MtrElec",12,29,12,"",141.205,0,0,0,0,0,0,0,0,0,0,0,0,0,0,0,0,0,0,0,0,232.823,0,0,-91.6183
"MtrElec",12,29,13,"",123.402,0,0,0,0,0,0,0,0,0,0,0,0,0,0,0,0,0,0,0,0,223.656,0,0,-100.255
"MtrElec",12,29,14,"",117.707,0,0,0,0,0,0,0,0,0,0,0,0,0,0,0,0,0,0,0,0,168.612,0,0,-50.9051
"MtrElec",12,29,15,"",119.923,0,0,0,0,0,0,0,0,0,0,0,0,0,0,0,0,0,0,0,0,132.263,0,0,-12.3403
"MtrElec",12,29,16,"",49.3559,0,0,0,0,0,0,0,0,0,0,0,0,0,0,0,0,0,0,0,0,163.325,0,0,-113.969
"MtrElec",12,29,17,"",133.176,0,0,0,0,0,0,0,0,0,0,0,0,0,0,0,0,0,0,0,0,172.988,0,0,-39.8127
"MtrElec",12,29,18,"",254.137,0,0,0,0,0,0,0,0,0,0,0,0,0,0,0,0,0,0,0,0,254.137,0,0,0
"MtrElec",12,29,19,"",293.35,0,0,0,0,0,0,0,0,0,0,0,0,0,0,0,0,0,0,0,0,293.35,0,0,0
"MtrElec",12,29,20,"",253.088,0,0,0,0,0,0,0,0,0,0,0,0,0,0,0,0,0,0,0,0,253.088,0,0,0
"MtrElec",12,29,21,"",274.361,0,0,0,0,0,0,0,0,0,0,0,0,0,0,0,0,0,0,0,0,274.361,0,0,0
"MtrElec",12,29,22,"",267.892,0,0,0,0,0,0,0,0,0,0,0,0,0,0,0,0,0,0,0,0,267.892,0,0,0
"MtrElec",12,29,23,"",191.693,0,0,0,0,0,0,0,0,0,0,0,0,0,0,0,0,0,0,0,0,191.693,0,0,0
"MtrElec",12,29,24,"",231.373,0,0,0,0,0,0,0,0,0,0,0,0,0,0,0,0,0,0,0,0,231.373,0,0,0
"MtrElec",12,30,1,"",156.542,0,0,0,0,0,0,0,0,0,0,0,0,0,0,0,0,0,0,0,0,156.542,0,0,0
"MtrElec",12,30,2,"",127.301,0,0,0,0,0,0,0,0,0,0,0,0,0,0,0,0,0,0,0,0,127.301,0,0,0
"MtrElec",12,30,3,"",115.415,0,0,0,0,0,0,0,0,0,0,0,0,0,0,0,0,0,0,0,0,115.415,0,0,0
"MtrElec",12,30,4,"",125.621,0,0,0,0,0,0,0,0,0,0,0,0,0,0,0,0,0,0,0,0,125.621,0,0,0
"MtrElec",12,30,5,"",129.641,0,0,0,0,0,0,0,0,0,0,0,0,0,0,0,0,0,0,0,0,129.641,0,0,0
"MtrElec",12,30,6,"",173.79,0,0,0,0,0,0,0,0,0,0,0,0,0,0,0,0,0,0,0,0,173.79,0,0,0
"MtrElec",12,30,7,"",327.923,0,0,0,0,0,0,0,0,0,0,0,0,0,0,0,0,0,0,0,0,327.923,0,0,0
"MtrElec",12,30,8,"",219.081,0,0,0,0,0,0,0,0,0,0,0,0,0,0,0,0,0,0,0,0,288.516,0,0,-69.4344
"MtrElec",12,30,9,"",91.4443,0,0,0,0,0,0,0,0,0,0,0,0,0,0,0,0,0,0,0,0,290.773,0,0,-199.329
"MtrElec",12,30,10,"",22.5684,0,0,0,0,0,0,0,0,0,0,0,0,0,0,0,0,0,0,0,0,315.556,0,0,-292.988
"MtrElec",12,30,11,"",0,0,0,0,0,0,0,0,0,0,0,0,0,0,0,0,0,0,0,0,0,265.397,0,86.0057,-351.402
"MtrElec",12,30,12,"",0,0,0,0,0,0,0,0,0,0,0,0,0,0,0,0,0,0,0,0,0,243.18,0,140.465,-383.645
"MtrElec",12,30,13,"",0,0,0,0,0,0,0,0,0,0,0,0,0,0,0,0,0,0,0,0,0,285.925,0,6.52694,-292.452
"MtrElec",12,30,14,"",-15.1175,0,0,0,0,0,0,0,0,0,0,0,0,0,0,0,0,0,0,0,0,146.711,0,157.698,-319.527
"MtrElec",12,30,15,"",0.0000039,0,0,0,0,0,0,0,0,0,0,0,0,0,0,0,0,0,0,0,0,197.538,0,50.9512,-248.49
"MtrElec",12,30,16,"",0.0000020,0,0,0,0,0,0,0,0,0,0,0,0,0,0,0,0,0,0,0,0,139.017,0,30.7534,-169.771
"MtrElec",12,30,17,"",219.66,0,0,0,0,0,0,0,0,0,0,0,0,0,0,0,0,0,0,0,0,251.48,0,0,-31.82
"MtrElec",12,30,18,"",259.226,0,0,0,0,0,0,0,0,0,0,0,0,0,0,0,0,0,0,0,0,259.226,0,0,0
"MtrElec",12,30,19,"",91.0635,0,0,0,0,0,0,0,0,0,0,0,0,0,0,0,0,0,0,0,0,248.761,0,-157.698,0
"MtrElec",12,30,20,"",176.52,0,0,0,0,0,0,0,0,0,0,0,0,0,0,0,0,0,0,0,0,334.218,0,-157.698,0
"MtrElec",12,30,21,"",228.523,0,0,0,0,0,0,0,0,0,0,0,0,0,0,0,0,0,0,0,0,339.468,0,-110.945,0
"MtrElec",12,30,22,"",234.953,0,0,0,0,0,0,0,0,0,0,0,0,0,0,0,0,0,0,0,0,234.953,0,0,0
"MtrElec",12,30,23,"",230.617,0,0,0,0,0,0,0,0,0,0,0,0,0,0,0,0,0,0,0,0,230.617,0,0,0
"MtrElec",12,30,24,"",180.156,0,0,0,0,0,0,0,0,0,0,0,0,0,0,0,0,0,0,0,0,180.156,0,0,0
"MtrElec",12,31,1,"",180.338,0,0,0,0,0,0,0,0,0,0,0,0,0,0,0,0,0,0,0,0,180.338,0,0,0
"MtrElec",12,31,2,"",131.487,0,0,0,0,0,0,0,0,0,0,0,0,0,0,0,0,0,0,0,0,131.487,0,0,0
"MtrElec",12,31,3,"",111.581,0,0,0,0,0,0,0,0,0,0,0,0,0,0,0,0,0,0,0,0,111.581,0,0,0
"MtrElec",12,31,4,"",131.49,0,0,0,0,0,0,0,0,0,0,0,0,0,0,0,0,0,0,0,0,131.49,0,0,0
"MtrElec",12,31,5,"",111.322,0,0,0,0,0,0,0,0,0,0,0,0,0,0,0,0,0,0,0,0,111.322,0,0,0
"MtrElec",12,31,6,"",170.619,0,0,0,0,0,0,0,0,0,0,0,0,0,0,0,0,0,0,0,0,170.619,0,0,0
"MtrElec",12,31,7,"",183.159,0,0,0,0,0,0,0,0,0,0,0,0,0,0,0,0,0,0,0,0,183.159,0,0,0
"MtrElec",12,31,8,"",257.058,0,0,0,0,0,0,0,0,0,0,0,0,0,0,0,0,0,0,0,0,257.058,0,0,0
"MtrElec",12,31,9,"",288.102,0,0,0,0,0,0,0,0,0,0,0,0,0,0,0,0,0,0,0,0,295.81,0,0,-7.70758
"MtrElec",12,31,10,"",296.557,0,0,0,0,0,0,0,0,0,0,0,0,0,0,0,0,0,0,0,0,304.711,0,0,-8.15386
"MtrElec",12,31,11,"",232.195,0,0,0,0,0,0,0,0,0,0,0,0,0,0,0,0,0,0,0,0,243.717,0,0,-11.5211
"MtrElec",12,31,12,"",205.853,0,0,0,0,0,0,0,0,0,0,0,0,0,0,0,0,0,0,0,0,229.531,0,0,-23.6771
"MtrElec",12,31,13,"",218.525,0,0,0,0,0,0,0,0,0,0,0,0,0,0,0,0,0,0,0,0,239.296,0,0,-20.7713
"MtrElec",12,31,14,"",0.0000020,0,0,0,0,0,0,0,0,0,0,0,0,0,0,0,0,0,0,0,0,138.951,0,18.6157,-157.567
"MtrElec",12,31,15,"",0.0000039,0,0,0,0,0,0,0,0,0,0,0,0,0,0,0,0,0,0,0,0,199.438,0,56.0328,-255.47
"MtrElec",12,31,16,"",22.8375,0,0,0,0,0,0,0,0,0,0,0,0,0,0,0,0,0,0,0,0,191.641,0,0,-168.804
"MtrElec",12,31,17,"",155.697,0,0,0,0,0,0,0,0,0,0,0,0,0,0,0,0,0,0,0,0,180.725,0,0,-25.0287
"MtrElec",12,31,18,"",267.838,0,0,0,0,0,0,0,0,0,0,0,0,0,0,0,0,0,0,0,0,267.838,0,0,0
"MtrElec",12,31,19,"",232.717,0,0,0,0,0,0,0,0,0,0,0,0,0,0,0,0,0,0,0,0,300.087,0,-67.3703,0
"MtrElec",12,31,20,"",281.425,0,0,0,0,0,0,0,0,0,0,0,0,0,0,0,0,0,0,0,0,281.425,0,0,0
"MtrElec",12,31,21,"",340.682,0,0,0,0,0,0,0,0,0,0,0,0,0,0,0,0,0,0,0,0,340.682,0,0,0
"MtrElec",12,31,22,"",249.867,0,0,0,0,0,0,0,0,0,0,0,0,0,0,0,0,0,0,0,0,249.867,0,0,0
"MtrElec",12,31,23,"",323.251,0,0,0,0,0,0,0,0,0,0,0,0,0,0,0,0,0,0,0,0,323.251,0,0,0
"MtrElec",12,31,24,"",191.945,0,0,0,0,0,0,0,0,0,0,0,0,0,0,0,0,0,0,0,0,191.945,0,0,0

