"(RunTitle not specified)  /  Proposed (PV-Batt only)  /  Euclid_Bldg B_2024-04-29.cibd22",001
"Mon 29-Apr-24  10:58:25 am"
"Energy Use","Hour"
"Meter","Mon","Day","Hr","Subhr","Tot","Clg","Htg","HPBU","Dhw","DhwBU","DhwMFL","FanC","FanH","FanV","Fan","Aux","Proc","Lit","Rcp","Ext","Refr","Dish","Dry","Wash","Cook","User1","User2","BT","PV"
"MtrElec",1,1,1,"",102.578,0,0,0,0,0,0,0,0,0,0,0,0,0,0,0,0,0,0,0,0,102.578,0,0,0
"MtrElec",1,1,2,"",99.1029,0,0,0,0,0,0,0,0,0,0,0,0,0,0,0,0,0,0,0,0,99.1029,0,0,0
"MtrElec",1,1,3,"",97.9581,0,0,0,0,0,0,0,0,0,0,0,0,0,0,0,0,0,0,0,0,97.9581,0,0,0
"MtrElec",1,1,4,"",102.846,0,0,0,0,0,0,0,0,0,0,0,0,0,0,0,0,0,0,0,0,102.846,0,0,0
"MtrElec",1,1,5,"",108.657,0,0,0,0,0,0,0,0,0,0,0,0,0,0,0,0,0,0,0,0,108.657,0,0,0
"MtrElec",1,1,6,"",119.202,0,0,0,0,0,0,0,0,0,0,0,0,0,0,0,0,0,0,0,0,119.202,0,0,0
"MtrElec",1,1,7,"",131.25,0,0,0,0,0,0,0,0,0,0,0,0,0,0,0,0,0,0,0,0,131.25,0,0,0
"MtrElec",1,1,8,"",109.412,0,0,0,0,0,0,0,0,0,0,0,0,0,0,0,0,0,0,0,0,147.082,0,0,-37.6707
"MtrElec",1,1,9,"",51.8453,0,0,0,0,0,0,0,0,0,0,0,0,0,0,0,0,0,0,0,0,165.035,0,0,-113.19
"MtrElec",1,1,10,"",24.0046,0,0,0,0,0,0,0,0,0,0,0,0,0,0,0,0,0,0,0,0,181.119,0,0,-157.114
"MtrElec",1,1,11,"",0.0000010,0,0,0,0,0,0,0,0,0,0,0,0,0,0,0,0,0,0,0,0,243.775,0,10.2817,-254.057
"MtrElec",1,1,12,"",0,0,0,0,0,0,0,0,0,0,0,0,0,0,0,0,0,0,0,0,0,228.679,0,65.5546,-294.234
"MtrElec",1,1,13,"",0,0,0,0,0,0,0,0,0,0,0,0,0,0,0,0,0,0,0,0,0,205.244,0,40.5779,-245.822
"MtrElec",1,1,14,"",0.0000078,0,0,0,0,0,0,0,0,0,0,0,0,0,0,0,0,0,0,0,0,174.048,0,101.225,-275.273
"MtrElec",1,1,15,"",0.0000039,0,0,0,0,0,0,0,0,0,0,0,0,0,0,0,0,0,0,0,0,135.267,0,53.4779,-188.745
"MtrElec",1,1,16,"",84.322,0,0,0,0,0,0,0,0,0,0,0,0,0,0,0,0,0,0,0,0,124.047,0,0,-39.7247
"MtrElec",1,1,17,"",171.173,0,0,0,0,0,0,0,0,0,0,0,0,0,0,0,0,0,0,0,0,175.542,0,0,-4.36916
"MtrElec",1,1,18,"",213.464,0,0,0,0,0,0,0,0,0,0,0,0,0,0,0,0,0,0,0,0,213.464,0,0,0
"MtrElec",1,1,19,"",6.18748,0,0,0,0,0,0,0,0,0,0,0,0,0,0,0,0,0,0,0,0,230.414,0,-224.226,0
"MtrElec",1,1,20,"",166.195,0,0,0,0,0,0,0,0,0,0,0,0,0,0,0,0,0,0,0,0,186.652,0,-20.4568,0
"MtrElec",1,1,21,"",157.281,0,0,0,0,0,0,0,0,0,0,0,0,0,0,0,0,0,0,0,0,157.281,0,0,0
"MtrElec",1,1,22,"",154.763,0,0,0,0,0,0,0,0,0,0,0,0,0,0,0,0,0,0,0,0,154.763,0,0,0
"MtrElec",1,1,23,"",150.995,0,0,0,0,0,0,0,0,0,0,0,0,0,0,0,0,0,0,0,0,150.995,0,0,0
"MtrElec",1,1,24,"",136.128,0,0,0,0,0,0,0,0,0,0,0,0,0,0,0,0,0,0,0,0,136.128,0,0,0
"MtrElec",1,2,1,"",98.8664,0,0,0,0,0,0,0,0,0,0,0,0,0,0,0,0,0,0,0,0,98.8664,0,0,0
"MtrElec",1,2,2,"",96.5509,0,0,0,0,0,0,0,0,0,0,0,0,0,0,0,0,0,0,0,0,96.5509,0,0,0
"MtrElec",1,2,3,"",94.4201,0,0,0,0,0,0,0,0,0,0,0,0,0,0,0,0,0,0,0,0,94.4201,0,0,0
"MtrElec",1,2,4,"",93.3783,0,0,0,0,0,0,0,0,0,0,0,0,0,0,0,0,0,0,0,0,93.3783,0,0,0
"MtrElec",1,2,5,"",93.9113,0,0,0,0,0,0,0,0,0,0,0,0,0,0,0,0,0,0,0,0,93.9113,0,0,0
"MtrElec",1,2,6,"",101.039,0,0,0,0,0,0,0,0,0,0,0,0,0,0,0,0,0,0,0,0,101.039,0,0,0
"MtrElec",1,2,7,"",109.11,0,0,0,0,0,0,0,0,0,0,0,0,0,0,0,0,0,0,0,0,109.11,0,0,0
"MtrElec",1,2,8,"",118.472,0,0,0,0,0,0,0,0,0,0,0,0,0,0,0,0,0,0,0,0,121.913,0,0,-3.44089
"MtrElec",1,2,9,"",147.17,0,0,0,0,0,0,0,0,0,0,0,0,0,0,0,0,0,0,0,0,155.267,0,0,-8.09629
"MtrElec",1,2,10,"",112.063,0,0,0,0,0,0,0,0,0,0,0,0,0,0,0,0,0,0,0,0,144.451,0,0,-32.3879
"MtrElec",1,2,11,"",141.796,0,0,0,0,0,0,0,0,0,0,0,0,0,0,0,0,0,0,0,0,193.728,0,0,-51.9313
"MtrElec",1,2,12,"",107.404,0,0,0,0,0,0,0,0,0,0,0,0,0,0,0,0,0,0,0,0,166.981,0,0,-59.5774
"MtrElec",1,2,13,"",77.0622,0,0,0,0,0,0,0,0,0,0,0,0,0,0,0,0,0,0,0,0,121.552,0,0,-44.4902
"MtrElec",1,2,14,"",79.1652,0,0,0,0,0,0,0,0,0,0,0,0,0,0,0,0,0,0,0,0,116.733,0,0,-37.5679
"MtrElec",1,2,15,"",101.059,0,0,0,0,0,0,0,0,0,0,0,0,0,0,0,0,0,0,0,0,121.852,0,0,-20.7922
"MtrElec",1,2,16,"",117.389,0,0,0,0,0,0,0,0,0,0,0,0,0,0,0,0,0,0,0,0,124.251,0,0,-6.86155
"MtrElec",1,2,17,"",156.821,0,0,0,0,0,0,0,0,0,0,0,0,0,0,0,0,0,0,0,0,156.821,0,0,0
"MtrElec",1,2,18,"",169.205,0,0,0,0,0,0,0,0,0,0,0,0,0,0,0,0,0,0,0,0,169.205,0,0,0
"MtrElec",1,2,19,"",202.403,0,0,0,0,0,0,0,0,0,0,0,0,0,0,0,0,0,0,0,0,202.403,0,0,0
"MtrElec",1,2,20,"",186.039,0,0,0,0,0,0,0,0,0,0,0,0,0,0,0,0,0,0,0,0,186.039,0,0,0
"MtrElec",1,2,21,"",198.484,0,0,0,0,0,0,0,0,0,0,0,0,0,0,0,0,0,0,0,0,198.484,0,0,0
"MtrElec",1,2,22,"",180.8,0,0,0,0,0,0,0,0,0,0,0,0,0,0,0,0,0,0,0,0,180.8,0,0,0
"MtrElec",1,2,23,"",162.845,0,0,0,0,0,0,0,0,0,0,0,0,0,0,0,0,0,0,0,0,162.845,0,0,0
"MtrElec",1,2,24,"",137.62,0,0,0,0,0,0,0,0,0,0,0,0,0,0,0,0,0,0,0,0,137.62,0,0,0
"MtrElec",1,3,1,"",101.133,0,0,0,0,0,0,0,0,0,0,0,0,0,0,0,0,0,0,0,0,101.133,0,0,0
"MtrElec",1,3,2,"",102.087,0,0,0,0,0,0,0,0,0,0,0,0,0,0,0,0,0,0,0,0,102.087,0,0,0
"MtrElec",1,3,3,"",103.939,0,0,0,0,0,0,0,0,0,0,0,0,0,0,0,0,0,0,0,0,103.939,0,0,0
"MtrElec",1,3,4,"",108.686,0,0,0,0,0,0,0,0,0,0,0,0,0,0,0,0,0,0,0,0,108.686,0,0,0
"MtrElec",1,3,5,"",139.408,0,0,0,0,0,0,0,0,0,0,0,0,0,0,0,0,0,0,0,0,139.408,0,0,0
"MtrElec",1,3,6,"",113.186,0,0,0,0,0,0,0,0,0,0,0,0,0,0,0,0,0,0,0,0,113.186,0,0,0
"MtrElec",1,3,7,"",115.947,0,0,0,0,0,0,0,0,0,0,0,0,0,0,0,0,0,0,0,0,115.947,0,0,0
"MtrElec",1,3,8,"",30.6145,0,0,0,0,0,0,0,0,0,0,0,0,0,0,0,0,0,0,0,0,118.407,0,0,-87.7929
"MtrElec",1,3,9,"",0.0000078,0,0,0,0,0,0,0,0,0,0,0,0,0,0,0,0,0,0,0,0,119.925,0,128.659,-248.584
"MtrElec",1,3,10,"",-24.6513,0,0,0,0,0,0,0,0,0,0,0,0,0,0,0,0,0,0,0,0,126.662,0,224.226,-375.539
"MtrElec",1,3,11,"",-58.2086,0,0,0,0,0,0,0,0,0,0,0,0,0,0,0,0,0,0,0,0,191.042,0,208.861,-458.112
"MtrElec",1,3,12,"",-366.389,0,0,0,0,0,0,0,0,0,0,0,0,0,0,0,0,0,0,0,0,131.082,0,0,-497.471
"MtrElec",1,3,13,"",-322.344,0,0,0,0,0,0,0,0,0,0,0,0,0,0,0,0,0,0,0,0,170.523,0,0,-492.866
"MtrElec",1,3,14,"",-312.084,0,0,0,0,0,0,0,0,0,0,0,0,0,0,0,0,0,0,0,0,133.21,0,0,-445.293
"MtrElec",1,3,15,"",-187.705,0,0,0,0,0,0,0,0,0,0,0,0,0,0,0,0,0,0,0,0,168.73,0,0,-356.435
"MtrElec",1,3,16,"",-93.0931,0,0,0,0,0,0,0,0,0,0,0,0,0,0,0,0,0,0,0,0,133.752,0,0,-226.846
"MtrElec",1,3,17,"",78.725,0,0,0,0,0,0,0,0,0,0,0,0,0,0,0,0,0,0,0,0,144.868,0,0,-66.1428
"MtrElec",1,3,18,"",164.764,0,0,0,0,0,0,0,0,0,0,0,0,0,0,0,0,0,0,0,0,164.764,0,0,0
"MtrElec",1,3,19,"",-2.62711,0,0,0,0,0,0,0,0,0,0,0,0,0,0,0,0,0,0,0,0,221.599,0,-224.226,0
"MtrElec",1,3,20,"",-13.6749,0,0,0,0,0,0,0,0,0,0,0,0,0,0,0,0,0,0,0,0,210.552,0,-224.226,0
"MtrElec",1,3,21,"",129.668,0,0,0,0,0,0,0,0,0,0,0,0,0,0,0,0,0,0,0,0,188.191,0,-58.5231,0
"MtrElec",1,3,22,"",194.288,0,0,0,0,0,0,0,0,0,0,0,0,0,0,0,0,0,0,0,0,194.288,0,0,0
"MtrElec",1,3,23,"",135.841,0,0,0,0,0,0,0,0,0,0,0,0,0,0,0,0,0,0,0,0,135.841,0,0,0
"MtrElec",1,3,24,"",140.515,0,0,0,0,0,0,0,0,0,0,0,0,0,0,0,0,0,0,0,0,140.515,0,0,0
"MtrElec",1,4,1,"",99.4243,0,0,0,0,0,0,0,0,0,0,0,0,0,0,0,0,0,0,0,0,99.4243,0,0,0
"MtrElec",1,4,2,"",92.0988,0,0,0,0,0,0,0,0,0,0,0,0,0,0,0,0,0,0,0,0,92.0988,0,0,0
"MtrElec",1,4,3,"",92.6314,0,0,0,0,0,0,0,0,0,0,0,0,0,0,0,0,0,0,0,0,92.6314,0,0,0
"MtrElec",1,4,4,"",96.7055,0,0,0,0,0,0,0,0,0,0,0,0,0,0,0,0,0,0,0,0,96.7055,0,0,0
"MtrElec",1,4,5,"",121.681,0,0,0,0,0,0,0,0,0,0,0,0,0,0,0,0,0,0,0,0,121.681,0,0,0
"MtrElec",1,4,6,"",112.784,0,0,0,0,0,0,0,0,0,0,0,0,0,0,0,0,0,0,0,0,112.784,0,0,0
"MtrElec",1,4,7,"",125.357,0,0,0,0,0,0,0,0,0,0,0,0,0,0,0,0,0,0,0,0,125.357,0,0,0
"MtrElec",1,4,8,"",35.7374,0,0,0,0,0,0,0,0,0,0,0,0,0,0,0,0,0,0,0,0,131.033,0,0,-95.2953
"MtrElec",1,4,9,"",0.0000078,0,0,0,0,0,0,0,0,0,0,0,0,0,0,0,0,0,0,0,0,129.775,0,124.359,-254.134
"MtrElec",1,4,10,"",0.0000156,0,0,0,0,0,0,0,0,0,0,0,0,0,0,0,0,0,0,0,0,167.998,0,209.37,-377.368
"MtrElec",1,4,11,"",-43.8208,0,0,0,0,0,0,0,0,0,0,0,0,0,0,0,0,0,0,0,0,186.783,0,224.226,-454.83
"MtrElec",1,4,12,"",-278.501,0,0,0,0,0,0,0,0,0,0,0,0,0,0,0,0,0,0,0,0,205.925,0,3.79111,-488.218
"MtrElec",1,4,13,"",-294.436,0,0,0,0,0,0,0,0,0,0,0,0,0,0,0,0,0,0,0,0,179.862,0,0,-474.298
"MtrElec",1,4,14,"",-263.177,0,0,0,0,0,0,0,0,0,0,0,0,0,0,0,0,0,0,0,0,161.516,0,0,-424.692
"MtrElec",1,4,15,"",-181.557,0,0,0,0,0,0,0,0,0,0,0,0,0,0,0,0,0,0,0,0,168.045,0,0,-349.602
"MtrElec",1,4,16,"",-93.442,0,0,0,0,0,0,0,0,0,0,0,0,0,0,0,0,0,0,0,0,133.811,0,0,-227.253
"MtrElec",1,4,17,"",78.5123,0,0,0,0,0,0,0,0,0,0,0,0,0,0,0,0,0,0,0,0,147.156,0,0,-68.6438
"MtrElec",1,4,18,"",152.203,0,0,0,0,0,0,0,0,0,0,0,0,0,0,0,0,0,0,0,0,152.203,0,0,0
"MtrElec",1,4,19,"",-10.936,0,0,0,0,0,0,0,0,0,0,0,0,0,0,0,0,0,0,0,0,213.29,0,-224.226,0
"MtrElec",1,4,20,"",-34.4382,0,0,0,0,0,0,0,0,0,0,0,0,0,0,0,0,0,0,0,0,189.788,0,-224.226,0
"MtrElec",1,4,21,"",122.397,0,0,0,0,0,0,0,0,0,0,0,0,0,0,0,0,0,0,0,0,180.921,0,-58.5231,0
"MtrElec",1,4,22,"",165.424,0,0,0,0,0,0,0,0,0,0,0,0,0,0,0,0,0,0,0,0,165.424,0,0,0
"MtrElec",1,4,23,"",144.344,0,0,0,0,0,0,0,0,0,0,0,0,0,0,0,0,0,0,0,0,144.344,0,0,0
"MtrElec",1,4,24,"",150.626,0,0,0,0,0,0,0,0,0,0,0,0,0,0,0,0,0,0,0,0,150.626,0,0,0
"MtrElec",1,5,1,"",120.172,0,0,0,0,0,0,0,0,0,0,0,0,0,0,0,0,0,0,0,0,120.172,0,0,0
"MtrElec",1,5,2,"",110.213,0,0,0,0,0,0,0,0,0,0,0,0,0,0,0,0,0,0,0,0,110.213,0,0,0
"MtrElec",1,5,3,"",110.22,0,0,0,0,0,0,0,0,0,0,0,0,0,0,0,0,0,0,0,0,110.22,0,0,0
"MtrElec",1,5,4,"",113.704,0,0,0,0,0,0,0,0,0,0,0,0,0,0,0,0,0,0,0,0,113.704,0,0,0
"MtrElec",1,5,5,"",119.045,0,0,0,0,0,0,0,0,0,0,0,0,0,0,0,0,0,0,0,0,119.045,0,0,0
"MtrElec",1,5,6,"",121.107,0,0,0,0,0,0,0,0,0,0,0,0,0,0,0,0,0,0,0,0,121.107,0,0,0
"MtrElec",1,5,7,"",137.937,0,0,0,0,0,0,0,0,0,0,0,0,0,0,0,0,0,0,0,0,137.937,0,0,0
"MtrElec",1,5,8,"",57.6218,0,0,0,0,0,0,0,0,0,0,0,0,0,0,0,0,0,0,0,0,140.889,0,0,-83.2669
"MtrElec",1,5,9,"",0,0,0,0,0,0,0,0,0,0,0,0,0,0,0,0,0,0,0,0,0,166.397,0,6.32383,-172.721
"MtrElec",1,5,10,"",0,0,0,0,0,0,0,0,0,0,0,0,0,0,0,0,0,0,0,0,0,176.666,0,151.242,-327.908
"MtrElec",1,5,11,"",0,0,0,0,0,0,0,0,0,0,0,0,0,0,0,0,0,0,0,0,0,220.088,0,138.135,-358.223
"MtrElec",1,5,12,"",0,0,0,0,0,0,0,0,0,0,0,0,0,0,0,0,0,0,0,0,0,176.18,0,199.957,-376.137
"MtrElec",1,5,13,"",-209.171,0,0,0,0,0,0,0,0,0,0,0,0,0,0,0,0,0,0,0,0,190.216,0,66.0882,-465.476
"MtrElec",1,5,14,"",-316.077,0,0,0,0,0,0,0,0,0,0,0,0,0,0,0,0,0,0,0,0,101.638,0,0,-417.716
"MtrElec",1,5,15,"",-212.246,0,0,0,0,0,0,0,0,0,0,0,0,0,0,0,0,0,0,0,0,124.534,0,0,-336.78
"MtrElec",1,5,16,"",-93.3636,0,0,0,0,0,0,0,0,0,0,0,0,0,0,0,0,0,0,0,0,125.768,0,0,-219.132
"MtrElec",1,5,17,"",89.5804,0,0,0,0,0,0,0,0,0,0,0,0,0,0,0,0,0,0,0,0,156.149,0,0,-66.5684
"MtrElec",1,5,18,"",158.203,0,0,0,0,0,0,0,0,0,0,0,0,0,0,0,0,0,0,0,0,158.203,0,0,0
"MtrElec",1,5,19,"",-61.7868,0,0,0,0,0,0,0,0,0,0,0,0,0,0,0,0,0,0,0,0,162.44,0,-224.226,0
"MtrElec",1,5,20,"",-52.3925,0,0,0,0,0,0,0,0,0,0,0,0,0,0,0,0,0,0,0,0,171.834,0,-224.226,0
"MtrElec",1,5,21,"",157.011,0,0,0,0,0,0,0,0,0,0,0,0,0,0,0,0,0,0,0,0,215.534,0,-58.5231,0
"MtrElec",1,5,22,"",142.056,0,0,0,0,0,0,0,0,0,0,0,0,0,0,0,0,0,0,0,0,142.056,0,0,0
"MtrElec",1,5,23,"",135.059,0,0,0,0,0,0,0,0,0,0,0,0,0,0,0,0,0,0,0,0,135.059,0,0,0
"MtrElec",1,5,24,"",141.062,0,0,0,0,0,0,0,0,0,0,0,0,0,0,0,0,0,0,0,0,141.062,0,0,0
"MtrElec",1,6,1,"",130.052,0,0,0,0,0,0,0,0,0,0,0,0,0,0,0,0,0,0,0,0,130.052,0,0,0
"MtrElec",1,6,2,"",102.975,0,0,0,0,0,0,0,0,0,0,0,0,0,0,0,0,0,0,0,0,102.975,0,0,0
"MtrElec",1,6,3,"",103.972,0,0,0,0,0,0,0,0,0,0,0,0,0,0,0,0,0,0,0,0,103.972,0,0,0
"MtrElec",1,6,4,"",105.489,0,0,0,0,0,0,0,0,0,0,0,0,0,0,0,0,0,0,0,0,105.489,0,0,0
"MtrElec",1,6,5,"",110.44,0,0,0,0,0,0,0,0,0,0,0,0,0,0,0,0,0,0,0,0,110.44,0,0,0
"MtrElec",1,6,6,"",116.876,0,0,0,0,0,0,0,0,0,0,0,0,0,0,0,0,0,0,0,0,116.876,0,0,0
"MtrElec",1,6,7,"",125.842,0,0,0,0,0,0,0,0,0,0,0,0,0,0,0,0,0,0,0,0,125.842,0,0,0
"MtrElec",1,6,8,"",109.291,0,0,0,0,0,0,0,0,0,0,0,0,0,0,0,0,0,0,0,0,133.294,0,0,-24.0035
"MtrElec",1,6,9,"",0.0000039,0,0,0,0,0,0,0,0,0,0,0,0,0,0,0,0,0,0,0,0,164.846,0,42.7324,-207.578
"MtrElec",1,6,10,"",0.0000156,0,0,0,0,0,0,0,0,0,0,0,0,0,0,0,0,0,0,0,0,167.651,0,158.977,-326.628
"MtrElec",1,6,11,"",-30.0836,0,0,0,0,0,0,0,0,0,0,0,0,0,0,0,0,0,0,0,0,165.05,0,224.226,-419.36
"MtrElec",1,6,12,"",-158.571,0,0,0,0,0,0,0,0,0,0,0,0,0,0,0,0,0,0,0,0,153.97,0,135.811,-448.351
"MtrElec",1,6,13,"",-170.416,0,0,0,0,0,0,0,0,0,0,0,0,0,0,0,0,0,0,0,0,154.188,0,0,-324.604
"MtrElec",1,6,14,"",-47.6156,0,0,0,0,0,0,0,0,0,0,0,0,0,0,0,0,0,0,0,0,99.0486,0,0,-146.664
"MtrElec",1,6,15,"",-8.9025,0,0,0,0,0,0,0,0,0,0,0,0,0,0,0,0,0,0,0,0,106.334,0,0,-115.237
"MtrElec",1,6,16,"",98.1992,0,0,0,0,0,0,0,0,0,0,0,0,0,0,0,0,0,0,0,0,127.016,0,0,-28.8163
"MtrElec",1,6,17,"",155.571,0,0,0,0,0,0,0,0,0,0,0,0,0,0,0,0,0,0,0,0,155.571,0,0,0
"MtrElec",1,6,18,"",155.368,0,0,0,0,0,0,0,0,0,0,0,0,0,0,0,0,0,0,0,0,155.368,0,0,0
"MtrElec",1,6,19,"",-44.6558,0,0,0,0,0,0,0,0,0,0,0,0,0,0,0,0,0,0,0,0,179.571,0,-224.226,0
"MtrElec",1,6,20,"",-31.1577,0,0,0,0,0,0,0,0,0,0,0,0,0,0,0,0,0,0,0,0,193.069,0,-224.226,0
"MtrElec",1,6,21,"",152.587,0,0,0,0,0,0,0,0,0,0,0,0,0,0,0,0,0,0,0,0,211.11,0,-58.5231,0
"MtrElec",1,6,22,"",154.072,0,0,0,0,0,0,0,0,0,0,0,0,0,0,0,0,0,0,0,0,154.072,0,0,0
"MtrElec",1,6,23,"",153.393,0,0,0,0,0,0,0,0,0,0,0,0,0,0,0,0,0,0,0,0,153.393,0,0,0
"MtrElec",1,6,24,"",138.584,0,0,0,0,0,0,0,0,0,0,0,0,0,0,0,0,0,0,0,0,138.584,0,0,0
"MtrElec",1,7,1,"",107.533,0,0,0,0,0,0,0,0,0,0,0,0,0,0,0,0,0,0,0,0,107.533,0,0,0
"MtrElec",1,7,2,"",86.7011,0,0,0,0,0,0,0,0,0,0,0,0,0,0,0,0,0,0,0,0,86.7011,0,0,0
"MtrElec",1,7,3,"",85.4089,0,0,0,0,0,0,0,0,0,0,0,0,0,0,0,0,0,0,0,0,85.4089,0,0,0
"MtrElec",1,7,4,"",92.4376,0,0,0,0,0,0,0,0,0,0,0,0,0,0,0,0,0,0,0,0,92.4376,0,0,0
"MtrElec",1,7,5,"",85.5226,0,0,0,0,0,0,0,0,0,0,0,0,0,0,0,0,0,0,0,0,85.5226,0,0,0
"MtrElec",1,7,6,"",98.0182,0,0,0,0,0,0,0,0,0,0,0,0,0,0,0,0,0,0,0,0,98.0182,0,0,0
"MtrElec",1,7,7,"",113.749,0,0,0,0,0,0,0,0,0,0,0,0,0,0,0,0,0,0,0,0,113.749,0,0,0
"MtrElec",1,7,8,"",70.7282,0,0,0,0,0,0,0,0,0,0,0,0,0,0,0,0,0,0,0,0,115.987,0,0,-45.2587
"MtrElec",1,7,9,"",0,0,0,0,0,0,0,0,0,0,0,0,0,0,0,0,0,0,0,0,0,114.983,0,11.3096,-126.293
"MtrElec",1,7,10,"",0,0,0,0,0,0,0,0,0,0,0,0,0,0,0,0,0,0,0,0,0,113.995,0,214.237,-328.232
"MtrElec",1,7,11,"",-58.0267,0,0,0,0,0,0,0,0,0,0,0,0,0,0,0,0,0,0,0,0,144.404,0,224.226,-426.657
"MtrElec",1,7,12,"",-219.214,0,0,0,0,0,0,0,0,0,0,0,0,0,0,0,0,0,0,0,0,121.223,0,111.973,-452.411
"MtrElec",1,7,13,"",-342.738,0,0,0,0,0,0,0,0,0,0,0,0,0,0,0,0,0,0,0,0,99.3868,0,0,-442.125
"MtrElec",1,7,14,"",-306.279,0,0,0,0,0,0,0,0,0,0,0,0,0,0,0,0,0,0,0,0,102.791,0,0,-409.07
"MtrElec",1,7,15,"",-221.717,0,0,0,0,0,0,0,0,0,0,0,0,0,0,0,0,0,0,0,0,111.054,0,0,-332.77
"MtrElec",1,7,16,"",-49.7262,0,0,0,0,0,0,0,0,0,0,0,0,0,0,0,0,0,0,0,0,135.061,0,0,-184.787
"MtrElec",1,7,17,"",111.672,0,0,0,0,0,0,0,0,0,0,0,0,0,0,0,0,0,0,0,0,151.371,0,0,-39.6986
"MtrElec",1,7,18,"",151.074,0,0,0,0,0,0,0,0,0,0,0,0,0,0,0,0,0,0,0,0,151.074,0,0,0
"MtrElec",1,7,19,"",-45.6511,0,0,0,0,0,0,0,0,0,0,0,0,0,0,0,0,0,0,0,0,178.575,0,-224.226,0
"MtrElec",1,7,20,"",-37.8929,0,0,0,0,0,0,0,0,0,0,0,0,0,0,0,0,0,0,0,0,186.334,0,-224.226,0
"MtrElec",1,7,21,"",113.485,0,0,0,0,0,0,0,0,0,0,0,0,0,0,0,0,0,0,0,0,172.008,0,-58.5231,0
"MtrElec",1,7,22,"",147.583,0,0,0,0,0,0,0,0,0,0,0,0,0,0,0,0,0,0,0,0,147.583,0,0,0
"MtrElec",1,7,23,"",131.711,0,0,0,0,0,0,0,0,0,0,0,0,0,0,0,0,0,0,0,0,131.711,0,0,0
"MtrElec",1,7,24,"",114.892,0,0,0,0,0,0,0,0,0,0,0,0,0,0,0,0,0,0,0,0,114.892,0,0,0
"MtrElec",1,8,1,"",100.825,0,0,0,0,0,0,0,0,0,0,0,0,0,0,0,0,0,0,0,0,100.825,0,0,0
"MtrElec",1,8,2,"",92.1274,0,0,0,0,0,0,0,0,0,0,0,0,0,0,0,0,0,0,0,0,92.1274,0,0,0
"MtrElec",1,8,3,"",98.114,0,0,0,0,0,0,0,0,0,0,0,0,0,0,0,0,0,0,0,0,98.114,0,0,0
"MtrElec",1,8,4,"",101.315,0,0,0,0,0,0,0,0,0,0,0,0,0,0,0,0,0,0,0,0,101.315,0,0,0
"MtrElec",1,8,5,"",103.487,0,0,0,0,0,0,0,0,0,0,0,0,0,0,0,0,0,0,0,0,103.487,0,0,0
"MtrElec",1,8,6,"",102.978,0,0,0,0,0,0,0,0,0,0,0,0,0,0,0,0,0,0,0,0,102.978,0,0,0
"MtrElec",1,8,7,"",111.87,0,0,0,0,0,0,0,0,0,0,0,0,0,0,0,0,0,0,0,0,111.87,0,0,0
"MtrElec",1,8,8,"",54.6829,0,0,0,0,0,0,0,0,0,0,0,0,0,0,0,0,0,0,0,0,138.489,0,0,-83.8063
"MtrElec",1,8,9,"",0,0,0,0,0,0,0,0,0,0,0,0,0,0,0,0,0,0,0,0,0,184.407,0,52.6457,-237.053
"MtrElec",1,8,10,"",0,0,0,0,0,0,0,0,0,0,0,0,0,0,0,0,0,0,0,0,0,152.817,0,201.907,-354.724
"MtrElec",1,8,11,"",-32.9583,0,0,0,0,0,0,0,0,0,0,0,0,0,0,0,0,0,0,0,0,162.661,0,224.226,-419.846
"MtrElec",1,8,12,"",-203.409,0,0,0,0,0,0,0,0,0,0,0,0,0,0,0,0,0,0,0,0,168.968,0,82.967,-455.344
"MtrElec",1,8,13,"",-325.158,0,0,0,0,0,0,0,0,0,0,0,0,0,0,0,0,0,0,0,0,128.242,0,0,-453.4
"MtrElec",1,8,14,"",-300.665,0,0,0,0,0,0,0,0,0,0,0,0,0,0,0,0,0,0,0,0,103.259,0,0,-403.923
"MtrElec",1,8,15,"",-221.55,0,0,0,0,0,0,0,0,0,0,0,0,0,0,0,0,0,0,0,0,107.08,0,0,-328.63
"MtrElec",1,8,16,"",-93.2785,0,0,0,0,0,0,0,0,0,0,0,0,0,0,0,0,0,0,0,0,123.522,0,0,-216.801
"MtrElec",1,8,17,"",81.9049,0,0,0,0,0,0,0,0,0,0,0,0,0,0,0,0,0,0,0,0,147.731,0,0,-65.8257
"MtrElec",1,8,18,"",151.577,0,0,0,0,0,0,0,0,0,0,0,0,0,0,0,0,0,0,0,0,151.577,0,0,0
"MtrElec",1,8,19,"",-43.2831,0,0,0,0,0,0,0,0,0,0,0,0,0,0,0,0,0,0,0,0,180.943,0,-224.226,0
"MtrElec",1,8,20,"",-41.1788,0,0,0,0,0,0,0,0,0,0,0,0,0,0,0,0,0,0,0,0,183.048,0,-224.226,0
"MtrElec",1,8,21,"",139.888,0,0,0,0,0,0,0,0,0,0,0,0,0,0,0,0,0,0,0,0,198.411,0,-58.5231,0
"MtrElec",1,8,22,"",144.339,0,0,0,0,0,0,0,0,0,0,0,0,0,0,0,0,0,0,0,0,144.339,0,0,0
"MtrElec",1,8,23,"",139.148,0,0,0,0,0,0,0,0,0,0,0,0,0,0,0,0,0,0,0,0,139.148,0,0,0
"MtrElec",1,8,24,"",117.254,0,0,0,0,0,0,0,0,0,0,0,0,0,0,0,0,0,0,0,0,117.254,0,0,0
"MtrElec",1,9,1,"",117.84,0,0,0,0,0,0,0,0,0,0,0,0,0,0,0,0,0,0,0,0,117.84,0,0,0
"MtrElec",1,9,2,"",89.165,0,0,0,0,0,0,0,0,0,0,0,0,0,0,0,0,0,0,0,0,89.165,0,0,0
"MtrElec",1,9,3,"",86.2995,0,0,0,0,0,0,0,0,0,0,0,0,0,0,0,0,0,0,0,0,86.2995,0,0,0
"MtrElec",1,9,4,"",86.2681,0,0,0,0,0,0,0,0,0,0,0,0,0,0,0,0,0,0,0,0,86.2681,0,0,0
"MtrElec",1,9,5,"",85.7696,0,0,0,0,0,0,0,0,0,0,0,0,0,0,0,0,0,0,0,0,85.7696,0,0,0
"MtrElec",1,9,6,"",93.7868,0,0,0,0,0,0,0,0,0,0,0,0,0,0,0,0,0,0,0,0,93.7868,0,0,0
"MtrElec",1,9,7,"",109.453,0,0,0,0,0,0,0,0,0,0,0,0,0,0,0,0,0,0,0,0,109.453,0,0,0
"MtrElec",1,9,8,"",41.9121,0,0,0,0,0,0,0,0,0,0,0,0,0,0,0,0,0,0,0,0,118.451,0,0,-76.5394
"MtrElec",1,9,9,"",0,0,0,0,0,0,0,0,0,0,0,0,0,0,0,0,0,0,0,0,0,156.994,0,6.01806,-163.012
"MtrElec",1,9,10,"",0,0,0,0,0,0,0,0,0,0,0,0,0,0,0,0,0,0,0,0,0,174.9,0,102.653,-277.553
"MtrElec",1,9,11,"",0,0,0,0,0,0,0,0,0,0,0,0,0,0,0,0,0,0,0,0,0,160.722,0,199.435,-360.157
"MtrElec",1,9,12,"",0,0,0,0,0,0,0,0,0,0,0,0,0,0,0,0,0,0,0,0,0,163.109,0,186.574,-349.683
"MtrElec",1,9,13,"",-120.645,0,0,0,0,0,0,0,0,0,0,0,0,0,0,0,0,0,0,0,0,193.211,0,67.0666,-380.923
"MtrElec",1,9,14,"",-239.813,0,0,0,0,0,0,0,0,0,0,0,0,0,0,0,0,0,0,0,0,102.945,0,0,-342.759
"MtrElec",1,9,15,"",-191.385,0,0,0,0,0,0,0,0,0,0,0,0,0,0,0,0,0,0,0,0,107.407,0,0,-298.792
"MtrElec",1,9,16,"",2.37448,0,0,0,0,0,0,0,0,0,0,0,0,0,0,0,0,0,0,0,0,122.457,0,0,-120.082
"MtrElec",1,9,17,"",127.576,0,0,0,0,0,0,0,0,0,0,0,0,0,0,0,0,0,0,0,0,150.797,0,0,-23.2216
"MtrElec",1,9,18,"",153.7,0,0,0,0,0,0,0,0,0,0,0,0,0,0,0,0,0,0,0,0,153.7,0,0,0
"MtrElec",1,9,19,"",-44.3381,0,0,0,0,0,0,0,0,0,0,0,0,0,0,0,0,0,0,0,0,179.888,0,-224.226,0
"MtrElec",1,9,20,"",-35.7365,0,0,0,0,0,0,0,0,0,0,0,0,0,0,0,0,0,0,0,0,188.49,0,-224.226,0
"MtrElec",1,9,21,"",144.635,0,0,0,0,0,0,0,0,0,0,0,0,0,0,0,0,0,0,0,0,203.158,0,-58.5231,0
"MtrElec",1,9,22,"",150.57,0,0,0,0,0,0,0,0,0,0,0,0,0,0,0,0,0,0,0,0,150.57,0,0,0
"MtrElec",1,9,23,"",154.866,0,0,0,0,0,0,0,0,0,0,0,0,0,0,0,0,0,0,0,0,154.866,0,0,0
"MtrElec",1,9,24,"",143.485,0,0,0,0,0,0,0,0,0,0,0,0,0,0,0,0,0,0,0,0,143.485,0,0,0
"MtrElec",1,10,1,"",101.527,0,0,0,0,0,0,0,0,0,0,0,0,0,0,0,0,0,0,0,0,101.527,0,0,0
"MtrElec",1,10,2,"",84.851,0,0,0,0,0,0,0,0,0,0,0,0,0,0,0,0,0,0,0,0,84.851,0,0,0
"MtrElec",1,10,3,"",88.6679,0,0,0,0,0,0,0,0,0,0,0,0,0,0,0,0,0,0,0,0,88.6679,0,0,0
"MtrElec",1,10,4,"",91.1345,0,0,0,0,0,0,0,0,0,0,0,0,0,0,0,0,0,0,0,0,91.1345,0,0,0
"MtrElec",1,10,5,"",108.983,0,0,0,0,0,0,0,0,0,0,0,0,0,0,0,0,0,0,0,0,108.983,0,0,0
"MtrElec",1,10,6,"",92.4489,0,0,0,0,0,0,0,0,0,0,0,0,0,0,0,0,0,0,0,0,92.4489,0,0,0
"MtrElec",1,10,7,"",102.719,0,0,0,0,0,0,0,0,0,0,0,0,0,0,0,0,0,0,0,0,102.719,0,0,0
"MtrElec",1,10,8,"",46.241,0,0,0,0,0,0,0,0,0,0,0,0,0,0,0,0,0,0,0,0,127.054,0,0,-80.8128
"MtrElec",1,10,9,"",0,0,0,0,0,0,0,0,0,0,0,0,0,0,0,0,0,0,0,0,0,120.856,0,107.58,-228.437
"MtrElec",1,10,10,"",0.0000156,0,0,0,0,0,0,0,0,0,0,0,0,0,0,0,0,0,0,0,0,140.077,0,202.935,-343.012
"MtrElec",1,10,11,"",0.0000156,0,0,0,0,0,0,0,0,0,0,0,0,0,0,0,0,0,0,0,0,195.984,0,216.56,-412.544
"MtrElec",1,10,12,"",-215.563,0,0,0,0,0,0,0,0,0,0,0,0,0,0,0,0,0,0,0,0,193.838,0,34.6707,-444.071
"MtrElec",1,10,13,"",-271.694,0,0,0,0,0,0,0,0,0,0,0,0,0,0,0,0,0,0,0,0,178.664,0,0,-450.358
"MtrElec",1,10,14,"",-282.25,0,0,0,0,0,0,0,0,0,0,0,0,0,0,0,0,0,0,0,0,133.372,0,0,-415.622
"MtrElec",1,10,15,"",-181.047,0,0,0,0,0,0,0,0,0,0,0,0,0,0,0,0,0,0,0,0,154.552,0,0,-335.599
"MtrElec",1,10,16,"",-78.0603,0,0,0,0,0,0,0,0,0,0,0,0,0,0,0,0,0,0,0,0,138.983,0,0,-217.043
"MtrElec",1,10,17,"",93.089,0,0,0,0,0,0,0,0,0,0,0,0,0,0,0,0,0,0,0,0,161.896,0,0,-68.8068
"MtrElec",1,10,18,"",173.95,0,0,0,0,0,0,0,0,0,0,0,0,0,0,0,0,0,0,0,0,173.95,0,0,0
"MtrElec",1,10,19,"",10.0698,0,0,0,0,0,0,0,0,0,0,0,0,0,0,0,0,0,0,0,0,234.296,0,-224.226,0
"MtrElec",1,10,20,"",-19.6895,0,0,0,0,0,0,0,0,0,0,0,0,0,0,0,0,0,0,0,0,204.537,0,-224.226,0
"MtrElec",1,10,21,"",116.143,0,0,0,0,0,0,0,0,0,0,0,0,0,0,0,0,0,0,0,0,174.666,0,-58.5231,0
"MtrElec",1,10,22,"",170.844,0,0,0,0,0,0,0,0,0,0,0,0,0,0,0,0,0,0,0,0,170.844,0,0,0
"MtrElec",1,10,23,"",126.74,0,0,0,0,0,0,0,0,0,0,0,0,0,0,0,0,0,0,0,0,126.74,0,0,0
"MtrElec",1,10,24,"",143.091,0,0,0,0,0,0,0,0,0,0,0,0,0,0,0,0,0,0,0,0,143.091,0,0,0
"MtrElec",1,11,1,"",98.4303,0,0,0,0,0,0,0,0,0,0,0,0,0,0,0,0,0,0,0,0,98.4303,0,0,0
"MtrElec",1,11,2,"",82.6669,0,0,0,0,0,0,0,0,0,0,0,0,0,0,0,0,0,0,0,0,82.6669,0,0,0
"MtrElec",1,11,3,"",80.145,0,0,0,0,0,0,0,0,0,0,0,0,0,0,0,0,0,0,0,0,80.145,0,0,0
"MtrElec",1,11,4,"",88.1786,0,0,0,0,0,0,0,0,0,0,0,0,0,0,0,0,0,0,0,0,88.1786,0,0,0
"MtrElec",1,11,5,"",114.396,0,0,0,0,0,0,0,0,0,0,0,0,0,0,0,0,0,0,0,0,114.396,0,0,0
"MtrElec",1,11,6,"",91.6914,0,0,0,0,0,0,0,0,0,0,0,0,0,0,0,0,0,0,0,0,91.6914,0,0,0
"MtrElec",1,11,7,"",101.164,0,0,0,0,0,0,0,0,0,0,0,0,0,0,0,0,0,0,0,0,101.164,0,0,0
"MtrElec",1,11,8,"",29.7147,0,0,0,0,0,0,0,0,0,0,0,0,0,0,0,0,0,0,0,0,111.137,0,0,-81.4224
"MtrElec",1,11,9,"",0.0000078,0,0,0,0,0,0,0,0,0,0,0,0,0,0,0,0,0,0,0,0,118.104,0,110.983,-229.087
"MtrElec",1,11,10,"",0.0000078,0,0,0,0,0,0,0,0,0,0,0,0,0,0,0,0,0,0,0,0,127.156,0,215.526,-342.682
"MtrElec",1,11,11,"",-29.6924,0,0,0,0,0,0,0,0,0,0,0,0,0,0,0,0,0,0,0,0,158.236,0,224.226,-412.155
"MtrElec",1,11,12,"",-252.985,0,0,0,0,0,0,0,0,0,0,0,0,0,0,0,0,0,0,0,0,181.2,0,11.0108,-445.196
"MtrElec",1,11,13,"",-268.386,0,0,0,0,0,0,0,0,0,0,0,0,0,0,0,0,0,0,0,0,187.151,0,0,-455.537
"MtrElec",1,11,14,"",-259.327,0,0,0,0,0,0,0,0,0,0,0,0,0,0,0,0,0,0,0,0,161.107,0,0,-420.433
"MtrElec",1,11,15,"",-144.599,0,0,0,0,0,0,0,0,0,0,0,0,0,0,0,0,0,0,0,0,197.001,0,0,-341.6
"MtrElec",1,11,16,"",-72.0549,0,0,0,0,0,0,0,0,0,0,0,0,0,0,0,0,0,0,0,0,147.478,0,0,-219.533
"MtrElec",1,11,17,"",78.3755,0,0,0,0,0,0,0,0,0,0,0,0,0,0,0,0,0,0,0,0,147.564,0,0,-69.1887
"MtrElec",1,11,18,"",165.188,0,0,0,0,0,0,0,0,0,0,0,0,0,0,0,0,0,0,0,0,165.188,0,0,0
"MtrElec",1,11,19,"",-0.549125,0,0,0,0,0,0,0,0,0,0,0,0,0,0,0,0,0,0,0,0,223.677,0,-224.226,0
"MtrElec",1,11,20,"",-27.2996,0,0,0,0,0,0,0,0,0,0,0,0,0,0,0,0,0,0,0,0,196.927,0,-224.226,0
"MtrElec",1,11,21,"",124.223,0,0,0,0,0,0,0,0,0,0,0,0,0,0,0,0,0,0,0,0,182.746,0,-58.5231,0
"MtrElec",1,11,22,"",179.135,0,0,0,0,0,0,0,0,0,0,0,0,0,0,0,0,0,0,0,0,179.135,0,0,0
"MtrElec",1,11,23,"",130.851,0,0,0,0,0,0,0,0,0,0,0,0,0,0,0,0,0,0,0,0,130.851,0,0,0
"MtrElec",1,11,24,"",129.89,0,0,0,0,0,0,0,0,0,0,0,0,0,0,0,0,0,0,0,0,129.89,0,0,0
"MtrElec",1,12,1,"",91.2468,0,0,0,0,0,0,0,0,0,0,0,0,0,0,0,0,0,0,0,0,91.2468,0,0,0
"MtrElec",1,12,2,"",88.0704,0,0,0,0,0,0,0,0,0,0,0,0,0,0,0,0,0,0,0,0,88.0704,0,0,0
"MtrElec",1,12,3,"",88.6662,0,0,0,0,0,0,0,0,0,0,0,0,0,0,0,0,0,0,0,0,88.6662,0,0,0
"MtrElec",1,12,4,"",89.987,0,0,0,0,0,0,0,0,0,0,0,0,0,0,0,0,0,0,0,0,89.987,0,0,0
"MtrElec",1,12,5,"",89.6004,0,0,0,0,0,0,0,0,0,0,0,0,0,0,0,0,0,0,0,0,89.6004,0,0,0
"MtrElec",1,12,6,"",93.0968,0,0,0,0,0,0,0,0,0,0,0,0,0,0,0,0,0,0,0,0,93.0968,0,0,0
"MtrElec",1,12,7,"",104.806,0,0,0,0,0,0,0,0,0,0,0,0,0,0,0,0,0,0,0,0,104.806,0,0,0
"MtrElec",1,12,8,"",54.304,0,0,0,0,0,0,0,0,0,0,0,0,0,0,0,0,0,0,0,0,127.999,0,0,-73.6953
"MtrElec",1,12,9,"",0.0000078,0,0,0,0,0,0,0,0,0,0,0,0,0,0,0,0,0,0,0,0,130.738,0,92.543,-223.281
"MtrElec",1,12,10,"",0,0,0,0,0,0,0,0,0,0,0,0,0,0,0,0,0,0,0,0,0,168.429,0,172.807,-341.236
"MtrElec",1,12,11,"",-13.5966,0,0,0,0,0,0,0,0,0,0,0,0,0,0,0,0,0,0,0,0,179.875,0,224.226,-417.698
"MtrElec",1,12,12,"",-256.545,0,0,0,0,0,0,0,0,0,0,0,0,0,0,0,0,0,0,0,0,124.928,0,72.1694,-453.643
"MtrElec",1,12,13,"",-339.717,0,0,0,0,0,0,0,0,0,0,0,0,0,0,0,0,0,0,0,0,117.988,0,0,-457.705
"MtrElec",1,12,14,"",-282.141,0,0,0,0,0,0,0,0,0,0,0,0,0,0,0,0,0,0,0,0,121.588,0,0,-403.729
"MtrElec",1,12,15,"",-152.893,0,0,0,0,0,0,0,0,0,0,0,0,0,0,0,0,0,0,0,0,121.978,0,0,-274.871
"MtrElec",1,12,16,"",-97.2345,0,0,0,0,0,0,0,0,0,0,0,0,0,0,0,0,0,0,0,0,120.456,0,0,-217.691
"MtrElec",1,12,17,"",77.1592,0,0,0,0,0,0,0,0,0,0,0,0,0,0,0,0,0,0,0,0,141.845,0,0,-64.6855
"MtrElec",1,12,18,"",153.414,0,0,0,0,0,0,0,0,0,0,0,0,0,0,0,0,0,0,0,0,153.414,0,0,0
"MtrElec",1,12,19,"",-33.9652,0,0,0,0,0,0,0,0,0,0,0,0,0,0,0,0,0,0,0,0,190.261,0,-224.226,0
"MtrElec",1,12,20,"",-24.9261,0,0,0,0,0,0,0,0,0,0,0,0,0,0,0,0,0,0,0,0,199.3,0,-224.226,0
"MtrElec",1,12,21,"",133.177,0,0,0,0,0,0,0,0,0,0,0,0,0,0,0,0,0,0,0,0,191.7,0,-58.5231,0
"MtrElec",1,12,22,"",161.78,0,0,0,0,0,0,0,0,0,0,0,0,0,0,0,0,0,0,0,0,161.78,0,0,0
"MtrElec",1,12,23,"",153.576,0,0,0,0,0,0,0,0,0,0,0,0,0,0,0,0,0,0,0,0,153.576,0,0,0
"MtrElec",1,12,24,"",152.423,0,0,0,0,0,0,0,0,0,0,0,0,0,0,0,0,0,0,0,0,152.423,0,0,0
"MtrElec",1,13,1,"",118.097,0,0,0,0,0,0,0,0,0,0,0,0,0,0,0,0,0,0,0,0,118.097,0,0,0
"MtrElec",1,13,2,"",88.3683,0,0,0,0,0,0,0,0,0,0,0,0,0,0,0,0,0,0,0,0,88.3683,0,0,0
"MtrElec",1,13,3,"",88.3232,0,0,0,0,0,0,0,0,0,0,0,0,0,0,0,0,0,0,0,0,88.3232,0,0,0
"MtrElec",1,13,4,"",89.1985,0,0,0,0,0,0,0,0,0,0,0,0,0,0,0,0,0,0,0,0,89.1985,0,0,0
"MtrElec",1,13,5,"",89.0466,0,0,0,0,0,0,0,0,0,0,0,0,0,0,0,0,0,0,0,0,89.0466,0,0,0
"MtrElec",1,13,6,"",92.7648,0,0,0,0,0,0,0,0,0,0,0,0,0,0,0,0,0,0,0,0,92.7648,0,0,0
"MtrElec",1,13,7,"",102.442,0,0,0,0,0,0,0,0,0,0,0,0,0,0,0,0,0,0,0,0,102.442,0,0,0
"MtrElec",1,13,8,"",39.3596,0,0,0,0,0,0,0,0,0,0,0,0,0,0,0,0,0,0,0,0,113.349,0,0,-73.9896
"MtrElec",1,13,9,"",0,0,0,0,0,0,0,0,0,0,0,0,0,0,0,0,0,0,0,0,0,128.276,0,97.1389,-225.415
"MtrElec",1,13,10,"",0,0,0,0,0,0,0,0,0,0,0,0,0,0,0,0,0,0,0,0,0,153.48,0,163.425,-316.905
"MtrElec",1,13,11,"",0,0,0,0,0,0,0,0,0,0,0,0,0,0,0,0,0,0,0,0,0,154.63,0,212.821,-367.451
"MtrElec",1,13,12,"",-232.934,0,0,0,0,0,0,0,0,0,0,0,0,0,0,0,0,0,0,0,0,127.21,0,88.3615,-448.505
"MtrElec",1,13,13,"",-327.067,0,0,0,0,0,0,0,0,0,0,0,0,0,0,0,0,0,0,0,0,111.989,0,0,-439.056
"MtrElec",1,13,14,"",-286.417,0,0,0,0,0,0,0,0,0,0,0,0,0,0,0,0,0,0,0,0,115.911,0,0,-402.328
"MtrElec",1,13,15,"",-158.295,0,0,0,0,0,0,0,0,0,0,0,0,0,0,0,0,0,0,0,0,116.026,0,0,-274.32
"MtrElec",1,13,16,"",-33.5983,0,0,0,0,0,0,0,0,0,0,0,0,0,0,0,0,0,0,0,0,122.559,0,0,-156.157
"MtrElec",1,13,17,"",103.7,0,0,0,0,0,0,0,0,0,0,0,0,0,0,0,0,0,0,0,0,149.572,0,0,-45.8715
"MtrElec",1,13,18,"",168.899,0,0,0,0,0,0,0,0,0,0,0,0,0,0,0,0,0,0,0,0,168.899,0,0,0
"MtrElec",1,13,19,"",-32.7635,0,0,0,0,0,0,0,0,0,0,0,0,0,0,0,0,0,0,0,0,191.463,0,-224.226,0
"MtrElec",1,13,20,"",-18.2353,0,0,0,0,0,0,0,0,0,0,0,0,0,0,0,0,0,0,0,0,205.991,0,-224.226,0
"MtrElec",1,13,21,"",114.393,0,0,0,0,0,0,0,0,0,0,0,0,0,0,0,0,0,0,0,0,172.916,0,-58.5231,0
"MtrElec",1,13,22,"",154.072,0,0,0,0,0,0,0,0,0,0,0,0,0,0,0,0,0,0,0,0,154.072,0,0,0
"MtrElec",1,13,23,"",187.257,0,0,0,0,0,0,0,0,0,0,0,0,0,0,0,0,0,0,0,0,187.257,0,0,0
"MtrElec",1,13,24,"",146.78,0,0,0,0,0,0,0,0,0,0,0,0,0,0,0,0,0,0,0,0,146.78,0,0,0
"MtrElec",1,14,1,"",96.2377,0,0,0,0,0,0,0,0,0,0,0,0,0,0,0,0,0,0,0,0,96.2377,0,0,0
"MtrElec",1,14,2,"",84.7593,0,0,0,0,0,0,0,0,0,0,0,0,0,0,0,0,0,0,0,0,84.7593,0,0,0
"MtrElec",1,14,3,"",86.4855,0,0,0,0,0,0,0,0,0,0,0,0,0,0,0,0,0,0,0,0,86.4855,0,0,0
"MtrElec",1,14,4,"",87.3453,0,0,0,0,0,0,0,0,0,0,0,0,0,0,0,0,0,0,0,0,87.3453,0,0,0
"MtrElec",1,14,5,"",87.8145,0,0,0,0,0,0,0,0,0,0,0,0,0,0,0,0,0,0,0,0,87.8145,0,0,0
"MtrElec",1,14,6,"",87.3337,0,0,0,0,0,0,0,0,0,0,0,0,0,0,0,0,0,0,0,0,87.3337,0,0,0
"MtrElec",1,14,7,"",98.3819,0,0,0,0,0,0,0,0,0,0,0,0,0,0,0,0,0,0,0,0,98.3819,0,0,0
"MtrElec",1,14,8,"",42.3094,0,0,0,0,0,0,0,0,0,0,0,0,0,0,0,0,0,0,0,0,124.201,0,0,-81.8915
"MtrElec",1,14,9,"",0,0,0,0,0,0,0,0,0,0,0,0,0,0,0,0,0,0,0,0,0,130.453,0,102.993,-233.446
"MtrElec",1,14,10,"",0.0000156,0,0,0,0,0,0,0,0,0,0,0,0,0,0,0,0,0,0,0,0,137.319,0,217.106,-354.425
"MtrElec",1,14,11,"",-57.8486,0,0,0,0,0,0,0,0,0,0,0,0,0,0,0,0,0,0,0,0,146.199,0,224.226,-428.274
"MtrElec",1,14,12,"",-331.384,0,0,0,0,0,0,0,0,0,0,0,0,0,0,0,0,0,0,0,0,119.109,0,17.4214,-467.914
"MtrElec",1,14,13,"",-338.857,0,0,0,0,0,0,0,0,0,0,0,0,0,0,0,0,0,0,0,0,127.378,0,0,-466.234
"MtrElec",1,14,14,"",-313.881,0,0,0,0,0,0,0,0,0,0,0,0,0,0,0,0,0,0,0,0,111.163,0,0,-425.044
"MtrElec",1,14,15,"",-228.016,0,0,0,0,0,0,0,0,0,0,0,0,0,0,0,0,0,0,0,0,116.823,0,0,-344.839
"MtrElec",1,14,16,"",-88.3514,0,0,0,0,0,0,0,0,0,0,0,0,0,0,0,0,0,0,0,0,139.138,0,0,-227.49
"MtrElec",1,14,17,"",89.0923,0,0,0,0,0,0,0,0,0,0,0,0,0,0,0,0,0,0,0,0,165.533,0,0,-76.4405
"MtrElec",1,14,18,"",179.471,0,0,0,0,0,0,0,0,0,0,0,0,0,0,0,0,0,0,0,0,179.471,0,0,0
"MtrElec",1,14,19,"",-40.679,0,0,0,0,0,0,0,0,0,0,0,0,0,0,0,0,0,0,0,0,183.548,0,-224.226,0
"MtrElec",1,14,20,"",-37.3709,0,0,0,0,0,0,0,0,0,0,0,0,0,0,0,0,0,0,0,0,186.856,0,-224.226,0
"MtrElec",1,14,21,"",122.701,0,0,0,0,0,0,0,0,0,0,0,0,0,0,0,0,0,0,0,0,181.224,0,-58.5231,0
"MtrElec",1,14,22,"",148.687,0,0,0,0,0,0,0,0,0,0,0,0,0,0,0,0,0,0,0,0,148.687,0,0,0
"MtrElec",1,14,23,"",156.485,0,0,0,0,0,0,0,0,0,0,0,0,0,0,0,0,0,0,0,0,156.485,0,0,0
"MtrElec",1,14,24,"",120.272,0,0,0,0,0,0,0,0,0,0,0,0,0,0,0,0,0,0,0,0,120.272,0,0,0
"MtrElec",1,15,1,"",106.84,0,0,0,0,0,0,0,0,0,0,0,0,0,0,0,0,0,0,0,0,106.84,0,0,0
"MtrElec",1,15,2,"",81.1062,0,0,0,0,0,0,0,0,0,0,0,0,0,0,0,0,0,0,0,0,81.1062,0,0,0
"MtrElec",1,15,3,"",84.0427,0,0,0,0,0,0,0,0,0,0,0,0,0,0,0,0,0,0,0,0,84.0427,0,0,0
"MtrElec",1,15,4,"",86.075,0,0,0,0,0,0,0,0,0,0,0,0,0,0,0,0,0,0,0,0,86.075,0,0,0
"MtrElec",1,15,5,"",85.9071,0,0,0,0,0,0,0,0,0,0,0,0,0,0,0,0,0,0,0,0,85.9071,0,0,0
"MtrElec",1,15,6,"",89.35,0,0,0,0,0,0,0,0,0,0,0,0,0,0,0,0,0,0,0,0,89.35,0,0,0
"MtrElec",1,15,7,"",106.708,0,0,0,0,0,0,0,0,0,0,0,0,0,0,0,0,0,0,0,0,106.708,0,0,0
"MtrElec",1,15,8,"",46.6631,0,0,0,0,0,0,0,0,0,0,0,0,0,0,0,0,0,0,0,0,120.555,0,0,-73.8919
"MtrElec",1,15,9,"",0.0000078,0,0,0,0,0,0,0,0,0,0,0,0,0,0,0,0,0,0,0,0,127.229,0,65.909,-193.138
"MtrElec",1,15,10,"",0.0000078,0,0,0,0,0,0,0,0,0,0,0,0,0,0,0,0,0,0,0,0,121.151,0,105.785,-226.936
"MtrElec",1,15,11,"",0,0,0,0,0,0,0,0,0,0,0,0,0,0,0,0,0,0,0,0,0,133.404,0,200.584,-333.988
"MtrElec",1,15,12,"",-145.22,0,0,0,0,0,0,0,0,0,0,0,0,0,0,0,0,0,0,0,0,123.371,0,189.468,-458.059
"MtrElec",1,15,13,"",-336.56,0,0,0,0,0,0,0,0,0,0,0,0,0,0,0,0,0,0,0,0,120.205,0,0,-456.764
"MtrElec",1,15,14,"",-322.035,0,0,0,0,0,0,0,0,0,0,0,0,0,0,0,0,0,0,0,0,100.243,0,0,-422.277
"MtrElec",1,15,15,"",-203.612,0,0,0,0,0,0,0,0,0,0,0,0,0,0,0,0,0,0,0,0,121.366,0,0,-324.978
"MtrElec",1,15,16,"",-81.9899,0,0,0,0,0,0,0,0,0,0,0,0,0,0,0,0,0,0,0,0,123.67,0,0,-205.66
"MtrElec",1,15,17,"",65.5509,0,0,0,0,0,0,0,0,0,0,0,0,0,0,0,0,0,0,0,0,140.36,0,0,-74.8092
"MtrElec",1,15,18,"",152.811,0,0,0,0,0,0,0,0,0,0,0,0,0,0,0,0,0,0,0,0,152.811,0,0,0
"MtrElec",1,15,19,"",-55.0277,0,0,0,0,0,0,0,0,0,0,0,0,0,0,0,0,0,0,0,0,169.199,0,-224.226,0
"MtrElec",1,15,20,"",-42.3154,0,0,0,0,0,0,0,0,0,0,0,0,0,0,0,0,0,0,0,0,181.911,0,-224.226,0
"MtrElec",1,15,21,"",123.65,0,0,0,0,0,0,0,0,0,0,0,0,0,0,0,0,0,0,0,0,182.173,0,-58.5231,0
"MtrElec",1,15,22,"",156.571,0,0,0,0,0,0,0,0,0,0,0,0,0,0,0,0,0,0,0,0,156.571,0,0,0
"MtrElec",1,15,23,"",133.816,0,0,0,0,0,0,0,0,0,0,0,0,0,0,0,0,0,0,0,0,133.816,0,0,0
"MtrElec",1,15,24,"",114.132,0,0,0,0,0,0,0,0,0,0,0,0,0,0,0,0,0,0,0,0,114.132,0,0,0
"MtrElec",1,16,1,"",96.9676,0,0,0,0,0,0,0,0,0,0,0,0,0,0,0,0,0,0,0,0,96.9676,0,0,0
"MtrElec",1,16,2,"",83.8349,0,0,0,0,0,0,0,0,0,0,0,0,0,0,0,0,0,0,0,0,83.8349,0,0,0
"MtrElec",1,16,3,"",85.7078,0,0,0,0,0,0,0,0,0,0,0,0,0,0,0,0,0,0,0,0,85.7078,0,0,0
"MtrElec",1,16,4,"",100.005,0,0,0,0,0,0,0,0,0,0,0,0,0,0,0,0,0,0,0,0,100.005,0,0,0
"MtrElec",1,16,5,"",84.4406,0,0,0,0,0,0,0,0,0,0,0,0,0,0,0,0,0,0,0,0,84.4406,0,0,0
"MtrElec",1,16,6,"",88.0984,0,0,0,0,0,0,0,0,0,0,0,0,0,0,0,0,0,0,0,0,88.0984,0,0,0
"MtrElec",1,16,7,"",99.2305,0,0,0,0,0,0,0,0,0,0,0,0,0,0,0,0,0,0,0,0,99.2305,0,0,0
"MtrElec",1,16,8,"",39.4051,0,0,0,0,0,0,0,0,0,0,0,0,0,0,0,0,0,0,0,0,122.071,0,0,-82.6659
"MtrElec",1,16,9,"",0,0,0,0,0,0,0,0,0,0,0,0,0,0,0,0,0,0,0,0,0,120.421,0,116.936,-237.358
"MtrElec",1,16,10,"",0,0,0,0,0,0,0,0,0,0,0,0,0,0,0,0,0,0,0,0,0,130.32,0,190.503,-320.824
"MtrElec",1,16,11,"",0,0,0,0,0,0,0,0,0,0,0,0,0,0,0,0,0,0,0,0,0,151.993,0,148.64,-300.633
"MtrElec",1,16,12,"",-269.162,0,0,0,0,0,0,0,0,0,0,0,0,0,0,0,0,0,0,0,0,111.147,0,105.667,-485.976
"MtrElec",1,16,13,"",-352.31,0,0,0,0,0,0,0,0,0,0,0,0,0,0,0,0,0,0,0,0,131.296,0,0,-483.607
"MtrElec",1,16,14,"",-344.528,0,0,0,0,0,0,0,0,0,0,0,0,0,0,0,0,0,0,0,0,94.4357,0,0,-438.964
"MtrElec",1,16,15,"",-253.644,0,0,0,0,0,0,0,0,0,0,0,0,0,0,0,0,0,0,0,0,103.684,0,0,-357.327
"MtrElec",1,16,16,"",-108.635,0,0,0,0,0,0,0,0,0,0,0,0,0,0,0,0,0,0,0,0,111.093,0,0,-219.728
"MtrElec",1,16,17,"",91.3365,0,0,0,0,0,0,0,0,0,0,0,0,0,0,0,0,0,0,0,0,140.77,0,0,-49.433
"MtrElec",1,16,18,"",150.505,0,0,0,0,0,0,0,0,0,0,0,0,0,0,0,0,0,0,0,0,150.505,0,0,0
"MtrElec",1,16,19,"",-44.0065,0,0,0,0,0,0,0,0,0,0,0,0,0,0,0,0,0,0,0,0,180.22,0,-224.226,0
"MtrElec",1,16,20,"",-38.6361,0,0,0,0,0,0,0,0,0,0,0,0,0,0,0,0,0,0,0,0,185.59,0,-224.226,0
"MtrElec",1,16,21,"",101.202,0,0,0,0,0,0,0,0,0,0,0,0,0,0,0,0,0,0,0,0,159.725,0,-58.5231,0
"MtrElec",1,16,22,"",143.358,0,0,0,0,0,0,0,0,0,0,0,0,0,0,0,0,0,0,0,0,143.358,0,0,0
"MtrElec",1,16,23,"",140.324,0,0,0,0,0,0,0,0,0,0,0,0,0,0,0,0,0,0,0,0,140.324,0,0,0
"MtrElec",1,16,24,"",142.363,0,0,0,0,0,0,0,0,0,0,0,0,0,0,0,0,0,0,0,0,142.363,0,0,0
"MtrElec",1,17,1,"",111.748,0,0,0,0,0,0,0,0,0,0,0,0,0,0,0,0,0,0,0,0,111.748,0,0,0
"MtrElec",1,17,2,"",90.6937,0,0,0,0,0,0,0,0,0,0,0,0,0,0,0,0,0,0,0,0,90.6937,0,0,0
"MtrElec",1,17,3,"",89.9488,0,0,0,0,0,0,0,0,0,0,0,0,0,0,0,0,0,0,0,0,89.9488,0,0,0
"MtrElec",1,17,4,"",91.5733,0,0,0,0,0,0,0,0,0,0,0,0,0,0,0,0,0,0,0,0,91.5733,0,0,0
"MtrElec",1,17,5,"",105.881,0,0,0,0,0,0,0,0,0,0,0,0,0,0,0,0,0,0,0,0,105.881,0,0,0
"MtrElec",1,17,6,"",95.357,0,0,0,0,0,0,0,0,0,0,0,0,0,0,0,0,0,0,0,0,95.357,0,0,0
"MtrElec",1,17,7,"",104.105,0,0,0,0,0,0,0,0,0,0,0,0,0,0,0,0,0,0,0,0,104.105,0,0,0
"MtrElec",1,17,8,"",36.5261,0,0,0,0,0,0,0,0,0,0,0,0,0,0,0,0,0,0,0,0,118.877,0,0,-82.3505
"MtrElec",1,17,9,"",0.0000078,0,0,0,0,0,0,0,0,0,0,0,0,0,0,0,0,0,0,0,0,127.608,0,110.588,-238.196
"MtrElec",1,17,10,"",-3.93958,0,0,0,0,0,0,0,0,0,0,0,0,0,0,0,0,0,0,0,0,139.373,0,224.226,-367.539
"MtrElec",1,17,11,"",-60.1336,0,0,0,0,0,0,0,0,0,0,0,0,0,0,0,0,0,0,0,0,163.193,0,224.226,-447.554
"MtrElec",1,17,12,"",-318.698,0,0,0,0,0,0,0,0,0,0,0,0,0,0,0,0,0,0,0,0,165.328,0,2.70547,-486.732
"MtrElec",1,17,13,"",-293.353,0,0,0,0,0,0,0,0,0,0,0,0,0,0,0,0,0,0,0,0,190.989,0,0,-484.342
"MtrElec",1,17,14,"",-308.517,0,0,0,0,0,0,0,0,0,0,0,0,0,0,0,0,0,0,0,0,133.934,0,0,-442.451
"MtrElec",1,17,15,"",-227.884,0,0,0,0,0,0,0,0,0,0,0,0,0,0,0,0,0,0,0,0,132.179,0,0,-360.064
"MtrElec",1,17,16,"",-113.22,0,0,0,0,0,0,0,0,0,0,0,0,0,0,0,0,0,0,0,0,122.827,0,0,-236.047
"MtrElec",1,17,17,"",50.2031,0,0,0,0,0,0,0,0,0,0,0,0,0,0,0,0,0,0,0,0,131.788,0,0,-81.5847
"MtrElec",1,17,18,"",153.638,0,0,0,0,0,0,0,0,0,0,0,0,0,0,0,0,0,0,0,0,153.638,0,0,0
"MtrElec",1,17,19,"",-4.92073,0,0,0,0,0,0,0,0,0,0,0,0,0,0,0,0,0,0,0,0,219.306,0,-224.226,0
"MtrElec",1,17,20,"",-29.0565,0,0,0,0,0,0,0,0,0,0,0,0,0,0,0,0,0,0,0,0,195.17,0,-224.226,0
"MtrElec",1,17,21,"",131.711,0,0,0,0,0,0,0,0,0,0,0,0,0,0,0,0,0,0,0,0,190.234,0,-58.5231,0
"MtrElec",1,17,22,"",185.108,0,0,0,0,0,0,0,0,0,0,0,0,0,0,0,0,0,0,0,0,185.108,0,0,0
"MtrElec",1,17,23,"",121.386,0,0,0,0,0,0,0,0,0,0,0,0,0,0,0,0,0,0,0,0,121.386,0,0,0
"MtrElec",1,17,24,"",113.959,0,0,0,0,0,0,0,0,0,0,0,0,0,0,0,0,0,0,0,0,113.959,0,0,0
"MtrElec",1,18,1,"",99.9904,0,0,0,0,0,0,0,0,0,0,0,0,0,0,0,0,0,0,0,0,99.9904,0,0,0
"MtrElec",1,18,2,"",88.399,0,0,0,0,0,0,0,0,0,0,0,0,0,0,0,0,0,0,0,0,88.399,0,0,0
"MtrElec",1,18,3,"",92.8017,0,0,0,0,0,0,0,0,0,0,0,0,0,0,0,0,0,0,0,0,92.8017,0,0,0
"MtrElec",1,18,4,"",96.309,0,0,0,0,0,0,0,0,0,0,0,0,0,0,0,0,0,0,0,0,96.309,0,0,0
"MtrElec",1,18,5,"",105.561,0,0,0,0,0,0,0,0,0,0,0,0,0,0,0,0,0,0,0,0,105.561,0,0,0
"MtrElec",1,18,6,"",93.58,0,0,0,0,0,0,0,0,0,0,0,0,0,0,0,0,0,0,0,0,93.58,0,0,0
"MtrElec",1,18,7,"",104.755,0,0,0,0,0,0,0,0,0,0,0,0,0,0,0,0,0,0,0,0,104.755,0,0,0
"MtrElec",1,18,8,"",103.982,0,0,0,0,0,0,0,0,0,0,0,0,0,0,0,0,0,0,0,0,150.965,0,0,-46.983
"MtrElec",1,18,9,"",117.118,0,0,0,0,0,0,0,0,0,0,0,0,0,0,0,0,0,0,0,0,163.129,0,0,-46.0111
"MtrElec",1,18,10,"",0,0,0,0,0,0,0,0,0,0,0,0,0,0,0,0,0,0,0,0,0,193.569,0,20.2185,-213.787
"MtrElec",1,18,11,"",-25.6551,0,0,0,0,0,0,0,0,0,0,0,0,0,0,0,0,0,0,0,0,175.805,0,224.226,-425.687
"MtrElec",1,18,12,"",-76.2713,0,0,0,0,0,0,0,0,0,0,0,0,0,0,0,0,0,0,0,0,170.378,0,224.226,-470.876
"MtrElec",1,18,13,"",-149.773,0,0,0,0,0,0,0,0,0,0,0,0,0,0,0,0,0,0,0,0,155.259,0,93.0749,-398.107
"MtrElec",1,18,14,"",-189.055,0,0,0,0,0,0,0,0,0,0,0,0,0,0,0,0,0,0,0,0,148.65,0,0,-337.705
"MtrElec",1,18,15,"",-84.4778,0,0,0,0,0,0,0,0,0,0,0,0,0,0,0,0,0,0,0,0,166.588,0,0,-251.066
"MtrElec",1,18,16,"",4.61084,0,0,0,0,0,0,0,0,0,0,0,0,0,0,0,0,0,0,0,0,129.077,0,0,-124.466
"MtrElec",1,18,17,"",108.167,0,0,0,0,0,0,0,0,0,0,0,0,0,0,0,0,0,0,0,0,133.5,0,0,-25.3338
"MtrElec",1,18,18,"",159.604,0,0,0,0,0,0,0,0,0,0,0,0,0,0,0,0,0,0,0,0,159.604,0,0,0
"MtrElec",1,18,19,"",-33.9113,0,0,0,0,0,0,0,0,0,0,0,0,0,0,0,0,0,0,0,0,190.315,0,-224.226,0
"MtrElec",1,18,20,"",-49.588,0,0,0,0,0,0,0,0,0,0,0,0,0,0,0,0,0,0,0,0,174.638,0,-224.226,0
"MtrElec",1,18,21,"",103.993,0,0,0,0,0,0,0,0,0,0,0,0,0,0,0,0,0,0,0,0,162.516,0,-58.5231,0
"MtrElec",1,18,22,"",154.162,0,0,0,0,0,0,0,0,0,0,0,0,0,0,0,0,0,0,0,0,154.162,0,0,0
"MtrElec",1,18,23,"",127.887,0,0,0,0,0,0,0,0,0,0,0,0,0,0,0,0,0,0,0,0,127.887,0,0,0
"MtrElec",1,18,24,"",129.064,0,0,0,0,0,0,0,0,0,0,0,0,0,0,0,0,0,0,0,0,129.064,0,0,0
"MtrElec",1,19,1,"",103.436,0,0,0,0,0,0,0,0,0,0,0,0,0,0,0,0,0,0,0,0,103.436,0,0,0
"MtrElec",1,19,2,"",84.0396,0,0,0,0,0,0,0,0,0,0,0,0,0,0,0,0,0,0,0,0,84.0396,0,0,0
"MtrElec",1,19,3,"",81.5682,0,0,0,0,0,0,0,0,0,0,0,0,0,0,0,0,0,0,0,0,81.5682,0,0,0
"MtrElec",1,19,4,"",82.2421,0,0,0,0,0,0,0,0,0,0,0,0,0,0,0,0,0,0,0,0,82.2421,0,0,0
"MtrElec",1,19,5,"",81.3202,0,0,0,0,0,0,0,0,0,0,0,0,0,0,0,0,0,0,0,0,81.3202,0,0,0
"MtrElec",1,19,6,"",87.0802,0,0,0,0,0,0,0,0,0,0,0,0,0,0,0,0,0,0,0,0,87.0802,0,0,0
"MtrElec",1,19,7,"",101.343,0,0,0,0,0,0,0,0,0,0,0,0,0,0,0,0,0,0,0,0,101.343,0,0,0
"MtrElec",1,19,8,"",108.898,0,0,0,0,0,0,0,0,0,0,0,0,0,0,0,0,0,0,0,0,112.864,0,0,-3.96526
"MtrElec",1,19,9,"",106.209,0,0,0,0,0,0,0,0,0,0,0,0,0,0,0,0,0,0,0,0,138.991,0,0,-32.782
"MtrElec",1,19,10,"",0.0000078,0,0,0,0,0,0,0,0,0,0,0,0,0,0,0,0,0,0,0,0,200.386,0,88.3714,-288.758
"MtrElec",1,19,11,"",-25.5139,0,0,0,0,0,0,0,0,0,0,0,0,0,0,0,0,0,0,0,0,151.874,0,224.226,-401.615
"MtrElec",1,19,12,"",-17.8612,0,0,0,0,0,0,0,0,0,0,0,0,0,0,0,0,0,0,0,0,193.556,0,224.226,-435.644
"MtrElec",1,19,13,"",-247.391,0,0,0,0,0,0,0,0,0,0,0,0,0,0,0,0,0,0,0,0,171.456,0,24.9219,-443.769
"MtrElec",1,19,14,"",-268.783,0,0,0,0,0,0,0,0,0,0,0,0,0,0,0,0,0,0,0,0,148.249,0,0,-417.032
"MtrElec",1,19,15,"",-215.816,0,0,0,0,0,0,0,0,0,0,0,0,0,0,0,0,0,0,0,0,119.818,0,0,-335.634
"MtrElec",1,19,16,"",-80.2806,0,0,0,0,0,0,0,0,0,0,0,0,0,0,0,0,0,0,0,0,135.869,0,0,-216.15
"MtrElec",1,19,17,"",90.7866,0,0,0,0,0,0,0,0,0,0,0,0,0,0,0,0,0,0,0,0,159.978,0,0,-69.1912
"MtrElec",1,19,18,"",202.815,0,0,0,0,0,0,0,0,0,0,0,0,0,0,0,0,0,0,0,0,202.815,0,0,0
"MtrElec",1,19,19,"",-10.1669,0,0,0,0,0,0,0,0,0,0,0,0,0,0,0,0,0,0,0,0,214.06,0,-224.226,0
"MtrElec",1,19,20,"",-62.4931,0,0,0,0,0,0,0,0,0,0,0,0,0,0,0,0,0,0,0,0,161.733,0,-224.226,0
"MtrElec",1,19,21,"",88.705,0,0,0,0,0,0,0,0,0,0,0,0,0,0,0,0,0,0,0,0,147.228,0,-58.5231,0
"MtrElec",1,19,22,"",138.79,0,0,0,0,0,0,0,0,0,0,0,0,0,0,0,0,0,0,0,0,138.79,0,0,0
"MtrElec",1,19,23,"",141.913,0,0,0,0,0,0,0,0,0,0,0,0,0,0,0,0,0,0,0,0,141.913,0,0,0
"MtrElec",1,19,24,"",127.487,0,0,0,0,0,0,0,0,0,0,0,0,0,0,0,0,0,0,0,0,127.487,0,0,0
"MtrElec",1,20,1,"",92.2387,0,0,0,0,0,0,0,0,0,0,0,0,0,0,0,0,0,0,0,0,92.2387,0,0,0
"MtrElec",1,20,2,"",87.5794,0,0,0,0,0,0,0,0,0,0,0,0,0,0,0,0,0,0,0,0,87.5794,0,0,0
"MtrElec",1,20,3,"",88.4109,0,0,0,0,0,0,0,0,0,0,0,0,0,0,0,0,0,0,0,0,88.4109,0,0,0
"MtrElec",1,20,4,"",90.2279,0,0,0,0,0,0,0,0,0,0,0,0,0,0,0,0,0,0,0,0,90.2279,0,0,0
"MtrElec",1,20,5,"",90.1661,0,0,0,0,0,0,0,0,0,0,0,0,0,0,0,0,0,0,0,0,90.1661,0,0,0
"MtrElec",1,20,6,"",93.1907,0,0,0,0,0,0,0,0,0,0,0,0,0,0,0,0,0,0,0,0,93.1907,0,0,0
"MtrElec",1,20,7,"",100.938,0,0,0,0,0,0,0,0,0,0,0,0,0,0,0,0,0,0,0,0,100.938,0,0,0
"MtrElec",1,20,8,"",89.0894,0,0,0,0,0,0,0,0,0,0,0,0,0,0,0,0,0,0,0,0,129.03,0,0,-39.941
"MtrElec",1,20,9,"",144.875,0,0,0,0,0,0,0,0,0,0,0,0,0,0,0,0,0,0,0,0,155.763,0,0,-10.8883
"MtrElec",1,20,10,"",126.849,0,0,0,0,0,0,0,0,0,0,0,0,0,0,0,0,0,0,0,0,151.619,0,0,-24.7698
"MtrElec",1,20,11,"",16.3736,0,0,0,0,0,0,0,0,0,0,0,0,0,0,0,0,0,0,0,0,159.708,0,0,-143.335
"MtrElec",1,20,12,"",0,0,0,0,0,0,0,0,0,0,0,0,0,0,0,0,0,0,0,0,0,140.122,0,63.0784,-203.201
"MtrElec",1,20,13,"",0,0,0,0,0,0,0,0,0,0,0,0,0,0,0,0,0,0,0,0,0,167.314,0,47.7015,-215.015
"MtrElec",1,20,14,"",0.0000039,0,0,0,0,0,0,0,0,0,0,0,0,0,0,0,0,0,0,0,0,98.2239,0,51.94,-150.164
"MtrElec",1,20,15,"",20.9851,0,0,0,0,0,0,0,0,0,0,0,0,0,0,0,0,0,0,0,0,110.068,0,0,-89.0827
"MtrElec",1,20,16,"",87.451,0,0,0,0,0,0,0,0,0,0,0,0,0,0,0,0,0,0,0,0,128.127,0,0,-40.6759
"MtrElec",1,20,17,"",150.745,0,0,0,0,0,0,0,0,0,0,0,0,0,0,0,0,0,0,0,0,167.057,0,0,-16.3118
"MtrElec",1,20,18,"",157.995,0,0,0,0,0,0,0,0,0,0,0,0,0,0,0,0,0,0,0,0,157.995,0,0,0
"MtrElec",1,20,19,"",21.8483,0,0,0,0,0,0,0,0,0,0,0,0,0,0,0,0,0,0,0,0,168.703,0,-146.855,0
"MtrElec",1,20,20,"",189.147,0,0,0,0,0,0,0,0,0,0,0,0,0,0,0,0,0,0,0,0,189.147,0,0,0
"MtrElec",1,20,21,"",197.398,0,0,0,0,0,0,0,0,0,0,0,0,0,0,0,0,0,0,0,0,197.398,0,0,0
"MtrElec",1,20,22,"",151.997,0,0,0,0,0,0,0,0,0,0,0,0,0,0,0,0,0,0,0,0,151.997,0,0,0
"MtrElec",1,20,23,"",172.49,0,0,0,0,0,0,0,0,0,0,0,0,0,0,0,0,0,0,0,0,172.49,0,0,0
"MtrElec",1,20,24,"",146.896,0,0,0,0,0,0,0,0,0,0,0,0,0,0,0,0,0,0,0,0,146.896,0,0,0
"MtrElec",1,21,1,"",103.213,0,0,0,0,0,0,0,0,0,0,0,0,0,0,0,0,0,0,0,0,103.213,0,0,0
"MtrElec",1,21,2,"",92.4485,0,0,0,0,0,0,0,0,0,0,0,0,0,0,0,0,0,0,0,0,92.4485,0,0,0
"MtrElec",1,21,3,"",85.3656,0,0,0,0,0,0,0,0,0,0,0,0,0,0,0,0,0,0,0,0,85.3656,0,0,0
"MtrElec",1,21,4,"",86.4295,0,0,0,0,0,0,0,0,0,0,0,0,0,0,0,0,0,0,0,0,86.4295,0,0,0
"MtrElec",1,21,5,"",85.8481,0,0,0,0,0,0,0,0,0,0,0,0,0,0,0,0,0,0,0,0,85.8481,0,0,0
"MtrElec",1,21,6,"",92.9986,0,0,0,0,0,0,0,0,0,0,0,0,0,0,0,0,0,0,0,0,92.9986,0,0,0
"MtrElec",1,21,7,"",107.211,0,0,0,0,0,0,0,0,0,0,0,0,0,0,0,0,0,0,0,0,107.211,0,0,0
"MtrElec",1,21,8,"",62.1601,0,0,0,0,0,0,0,0,0,0,0,0,0,0,0,0,0,0,0,0,118.369,0,0,-56.2087
"MtrElec",1,21,9,"",0,0,0,0,0,0,0,0,0,0,0,0,0,0,0,0,0,0,0,0,0,121.557,0,39.1249,-160.682
"MtrElec",1,21,10,"",0.0000156,0,0,0,0,0,0,0,0,0,0,0,0,0,0,0,0,0,0,0,0,121.96,0,222.751,-344.71
"MtrElec",1,21,11,"",-62.599,0,0,0,0,0,0,0,0,0,0,0,0,0,0,0,0,0,0,0,0,155.613,0,224.226,-442.439
"MtrElec",1,21,12,"",-300.664,0,0,0,0,0,0,0,0,0,0,0,0,0,0,0,0,0,0,0,0,116.978,0,75.6444,-493.286
"MtrElec",1,21,13,"",-314.312,0,0,0,0,0,0,0,0,0,0,0,0,0,0,0,0,0,0,0,0,174.541,0,0,-488.853
"MtrElec",1,21,14,"",-344.574,0,0,0,0,0,0,0,0,0,0,0,0,0,0,0,0,0,0,0,0,97.0474,0,0,-441.621
"MtrElec",1,21,15,"",-253.76,0,0,0,0,0,0,0,0,0,0,0,0,0,0,0,0,0,0,0,0,106.558,0,0,-360.318
"MtrElec",1,21,16,"",-118.068,0,0,0,0,0,0,0,0,0,0,0,0,0,0,0,0,0,0,0,0,125.505,0,0,-243.573
"MtrElec",1,21,17,"",68.811,0,0,0,0,0,0,0,0,0,0,0,0,0,0,0,0,0,0,0,0,156.52,0,0,-87.709
"MtrElec",1,21,18,"",151.985,0,0,0,0,0,0,0,0,0,0,0,0,0,0,0,0,0,0,0,0,151.985,0,0,0
"MtrElec",1,21,19,"",-41.9165,0,0,0,0,0,0,0,0,0,0,0,0,0,0,0,0,0,0,0,0,182.31,0,-224.226,0
"MtrElec",1,21,20,"",-49.7812,0,0,0,0,0,0,0,0,0,0,0,0,0,0,0,0,0,0,0,0,174.445,0,-224.226,0
"MtrElec",1,21,21,"",104.454,0,0,0,0,0,0,0,0,0,0,0,0,0,0,0,0,0,0,0,0,162.977,0,-58.5231,0
"MtrElec",1,21,22,"",160.154,0,0,0,0,0,0,0,0,0,0,0,0,0,0,0,0,0,0,0,0,160.154,0,0,0
"MtrElec",1,21,23,"",156.173,0,0,0,0,0,0,0,0,0,0,0,0,0,0,0,0,0,0,0,0,156.173,0,0,0
"MtrElec",1,21,24,"",135.222,0,0,0,0,0,0,0,0,0,0,0,0,0,0,0,0,0,0,0,0,135.222,0,0,0
"MtrElec",1,22,1,"",86.4411,0,0,0,0,0,0,0,0,0,0,0,0,0,0,0,0,0,0,0,0,86.4411,0,0,0
"MtrElec",1,22,2,"",88.4816,0,0,0,0,0,0,0,0,0,0,0,0,0,0,0,0,0,0,0,0,88.4816,0,0,0
"MtrElec",1,22,3,"",82.0712,0,0,0,0,0,0,0,0,0,0,0,0,0,0,0,0,0,0,0,0,82.0712,0,0,0
"MtrElec",1,22,4,"",79.4824,0,0,0,0,0,0,0,0,0,0,0,0,0,0,0,0,0,0,0,0,79.4824,0,0,0
"MtrElec",1,22,5,"",78.5911,0,0,0,0,0,0,0,0,0,0,0,0,0,0,0,0,0,0,0,0,78.5911,0,0,0
"MtrElec",1,22,6,"",88.443,0,0,0,0,0,0,0,0,0,0,0,0,0,0,0,0,0,0,0,0,88.443,0,0,0
"MtrElec",1,22,7,"",116.681,0,0,0,0,0,0,0,0,0,0,0,0,0,0,0,0,0,0,0,0,116.681,0,0,0
"MtrElec",1,22,8,"",35.3997,0,0,0,0,0,0,0,0,0,0,0,0,0,0,0,0,0,0,0,0,120.874,0,0,-85.4744
"MtrElec",1,22,9,"",0,0,0,0,0,0,0,0,0,0,0,0,0,0,0,0,0,0,0,0,0,128.102,0,115.582,-243.684
"MtrElec",1,22,10,"",0.0000156,0,0,0,0,0,0,0,0,0,0,0,0,0,0,0,0,0,0,0,0,154.221,0,219.951,-374.172
"MtrElec",1,22,11,"",-72.6013,0,0,0,0,0,0,0,0,0,0,0,0,0,0,0,0,0,0,0,0,161.878,0,224.226,-458.706
"MtrElec",1,22,12,"",-383.982,0,0,0,0,0,0,0,0,0,0,0,0,0,0,0,0,0,0,0,0,118.632,0,1.98663,-504.6
"MtrElec",1,22,13,"",-356.071,0,0,0,0,0,0,0,0,0,0,0,0,0,0,0,0,0,0,0,0,151.981,0,0,-508.052
"MtrElec",1,22,14,"",-346.781,0,0,0,0,0,0,0,0,0,0,0,0,0,0,0,0,0,0,0,0,120.032,0,0,-466.814
"MtrElec",1,22,15,"",-264.528,0,0,0,0,0,0,0,0,0,0,0,0,0,0,0,0,0,0,0,0,117.284,0,0,-381.812
"MtrElec",1,22,16,"",-142.063,0,0,0,0,0,0,0,0,0,0,0,0,0,0,0,0,0,0,0,0,111.603,0,0,-253.666
"MtrElec",1,22,17,"",32.6266,0,0,0,0,0,0,0,0,0,0,0,0,0,0,0,0,0,0,0,0,131.138,0,0,-98.5111
"MtrElec",1,22,18,"",160.988,0,0,0,0,0,0,0,0,0,0,0,0,0,0,0,0,0,0,0,0,161.288,0,0,-0.299693
"MtrElec",1,22,19,"",-44.5381,0,0,0,0,0,0,0,0,0,0,0,0,0,0,0,0,0,0,0,0,179.688,0,-224.226,0
"MtrElec",1,22,20,"",-58.4514,0,0,0,0,0,0,0,0,0,0,0,0,0,0,0,0,0,0,0,0,165.775,0,-224.226,0
"MtrElec",1,22,21,"",93.2568,0,0,0,0,0,0,0,0,0,0,0,0,0,0,0,0,0,0,0,0,151.78,0,-58.5231,0
"MtrElec",1,22,22,"",168.594,0,0,0,0,0,0,0,0,0,0,0,0,0,0,0,0,0,0,0,0,168.594,0,0,0
"MtrElec",1,22,23,"",158.464,0,0,0,0,0,0,0,0,0,0,0,0,0,0,0,0,0,0,0,0,158.464,0,0,0
"MtrElec",1,22,24,"",134.708,0,0,0,0,0,0,0,0,0,0,0,0,0,0,0,0,0,0,0,0,134.708,0,0,0
"MtrElec",1,23,1,"",112.022,0,0,0,0,0,0,0,0,0,0,0,0,0,0,0,0,0,0,0,0,112.022,0,0,0
"MtrElec",1,23,2,"",82.5943,0,0,0,0,0,0,0,0,0,0,0,0,0,0,0,0,0,0,0,0,82.5943,0,0,0
"MtrElec",1,23,3,"",79.452,0,0,0,0,0,0,0,0,0,0,0,0,0,0,0,0,0,0,0,0,79.452,0,0,0
"MtrElec",1,23,4,"",79.6404,0,0,0,0,0,0,0,0,0,0,0,0,0,0,0,0,0,0,0,0,79.6404,0,0,0
"MtrElec",1,23,5,"",78.861,0,0,0,0,0,0,0,0,0,0,0,0,0,0,0,0,0,0,0,0,78.861,0,0,0
"MtrElec",1,23,6,"",89.8822,0,0,0,0,0,0,0,0,0,0,0,0,0,0,0,0,0,0,0,0,89.8822,0,0,0
"MtrElec",1,23,7,"",101.42,0,0,0,0,0,0,0,0,0,0,0,0,0,0,0,0,0,0,0,0,101.42,0,0,0
"MtrElec",1,23,8,"",44.6061,0,0,0,0,0,0,0,0,0,0,0,0,0,0,0,0,0,0,0,0,121.906,0,0,-77.2997
"MtrElec",1,23,9,"",0,0,0,0,0,0,0,0,0,0,0,0,0,0,0,0,0,0,0,0,0,164.017,0,67.7571,-231.774
"MtrElec",1,23,10,"",0,0,0,0,0,0,0,0,0,0,0,0,0,0,0,0,0,0,0,0,0,176.038,0,177.739,-353.777
"MtrElec",1,23,11,"",-68.1759,0,0,0,0,0,0,0,0,0,0,0,0,0,0,0,0,0,0,0,0,145.345,0,224.226,-437.748
"MtrElec",1,23,12,"",-237.991,0,0,0,0,0,0,0,0,0,0,0,0,0,0,0,0,0,0,0,0,145.576,0,92.024,-475.59
"MtrElec",1,23,13,"",-259.997,0,0,0,0,0,0,0,0,0,0,0,0,0,0,0,0,0,0,0,0,222.422,0,0,-482.419
"MtrElec",1,23,14,"",-342.693,0,0,0,0,0,0,0,0,0,0,0,0,0,0,0,0,0,0,0,0,104.548,0,0,-447.241
"MtrElec",1,23,15,"",-249.08,0,0,0,0,0,0,0,0,0,0,0,0,0,0,0,0,0,0,0,0,119.093,0,0,-368.172
"MtrElec",1,23,16,"",-128.64,0,0,0,0,0,0,0,0,0,0,0,0,0,0,0,0,0,0,0,0,119.091,0,0,-247.731
"MtrElec",1,23,17,"",47.6642,0,0,0,0,0,0,0,0,0,0,0,0,0,0,0,0,0,0,0,0,143.714,0,0,-96.0493
"MtrElec",1,23,18,"",174.15,0,0,0,0,0,0,0,0,0,0,0,0,0,0,0,0,0,0,0,0,174.521,0,0,-0.37026
"MtrElec",1,23,19,"",-23.4408,0,0,0,0,0,0,0,0,0,0,0,0,0,0,0,0,0,0,0,0,200.786,0,-224.226,0
"MtrElec",1,23,20,"",-14.2574,0,0,0,0,0,0,0,0,0,0,0,0,0,0,0,0,0,0,0,0,209.969,0,-224.226,0
"MtrElec",1,23,21,"",163.846,0,0,0,0,0,0,0,0,0,0,0,0,0,0,0,0,0,0,0,0,222.369,0,-58.5231,0
"MtrElec",1,23,22,"",155.406,0,0,0,0,0,0,0,0,0,0,0,0,0,0,0,0,0,0,0,0,155.406,0,0,0
"MtrElec",1,23,23,"",147.52,0,0,0,0,0,0,0,0,0,0,0,0,0,0,0,0,0,0,0,0,147.52,0,0,0
"MtrElec",1,23,24,"",121.089,0,0,0,0,0,0,0,0,0,0,0,0,0,0,0,0,0,0,0,0,121.089,0,0,0
"MtrElec",1,24,1,"",90.7459,0,0,0,0,0,0,0,0,0,0,0,0,0,0,0,0,0,0,0,0,90.7459,0,0,0
"MtrElec",1,24,2,"",86.3224,0,0,0,0,0,0,0,0,0,0,0,0,0,0,0,0,0,0,0,0,86.3224,0,0,0
"MtrElec",1,24,3,"",83.6322,0,0,0,0,0,0,0,0,0,0,0,0,0,0,0,0,0,0,0,0,83.6322,0,0,0
"MtrElec",1,24,4,"",87.0563,0,0,0,0,0,0,0,0,0,0,0,0,0,0,0,0,0,0,0,0,87.0563,0,0,0
"MtrElec",1,24,5,"",99.626,0,0,0,0,0,0,0,0,0,0,0,0,0,0,0,0,0,0,0,0,99.626,0,0,0
"MtrElec",1,24,6,"",90.3838,0,0,0,0,0,0,0,0,0,0,0,0,0,0,0,0,0,0,0,0,90.3838,0,0,0
"MtrElec",1,24,7,"",98.907,0,0,0,0,0,0,0,0,0,0,0,0,0,0,0,0,0,0,0,0,98.907,0,0,0
"MtrElec",1,24,8,"",108.68,0,0,0,0,0,0,0,0,0,0,0,0,0,0,0,0,0,0,0,0,111.587,0,0,-2.90744
"MtrElec",1,24,9,"",53.3363,0,0,0,0,0,0,0,0,0,0,0,0,0,0,0,0,0,0,0,0,127.023,0,0,-73.6871
"MtrElec",1,24,10,"",0,0,0,0,0,0,0,0,0,0,0,0,0,0,0,0,0,0,0,0,0,146.103,0,58.0096,-204.113
"MtrElec",1,24,11,"",0.0000078,0,0,0,0,0,0,0,0,0,0,0,0,0,0,0,0,0,0,0,0,153.703,0,122.349,-276.051
"MtrElec",1,24,12,"",0,0,0,0,0,0,0,0,0,0,0,0,0,0,0,0,0,0,0,0,0,192.21,0,143.41,-335.62
"MtrElec",1,24,13,"",0,0,0,0,0,0,0,0,0,0,0,0,0,0,0,0,0,0,0,0,0,175.228,0,94.0964,-269.325
"MtrElec",1,24,14,"",0,0,0,0,0,0,0,0,0,0,0,0,0,0,0,0,0,0,0,0,0,144.569,0,1.29883,-145.868
"MtrElec",1,24,15,"",31.1081,0,0,0,0,0,0,0,0,0,0,0,0,0,0,0,0,0,0,0,0,166.533,0,0,-135.424
"MtrElec",1,24,16,"",56.3059,0,0,0,0,0,0,0,0,0,0,0,0,0,0,0,0,0,0,0,0,136.914,0,0,-80.6079
"MtrElec",1,24,17,"",70.4954,0,0,0,0,0,0,0,0,0,0,0,0,0,0,0,0,0,0,0,0,138.269,0,0,-67.774
"MtrElec",1,24,18,"",149.56,0,0,0,0,0,0,0,0,0,0,0,0,0,0,0,0,0,0,0,0,149.56,0,0,0
"MtrElec",1,24,19,"",-23.7425,0,0,0,0,0,0,0,0,0,0,0,0,0,0,0,0,0,0,0,0,200.484,0,-224.226,0
"MtrElec",1,24,20,"",43.3011,0,0,0,0,0,0,0,0,0,0,0,0,0,0,0,0,0,0,0,0,197.369,0,-154.068,0
"MtrElec",1,24,21,"",169.538,0,0,0,0,0,0,0,0,0,0,0,0,0,0,0,0,0,0,0,0,169.538,0,0,0
"MtrElec",1,24,22,"",158.33,0,0,0,0,0,0,0,0,0,0,0,0,0,0,0,0,0,0,0,0,158.33,0,0,0
"MtrElec",1,24,23,"",136.167,0,0,0,0,0,0,0,0,0,0,0,0,0,0,0,0,0,0,0,0,136.167,0,0,0
"MtrElec",1,24,24,"",166.686,0,0,0,0,0,0,0,0,0,0,0,0,0,0,0,0,0,0,0,0,166.686,0,0,0
"MtrElec",1,25,1,"",104.261,0,0,0,0,0,0,0,0,0,0,0,0,0,0,0,0,0,0,0,0,104.261,0,0,0
"MtrElec",1,25,2,"",84.7565,0,0,0,0,0,0,0,0,0,0,0,0,0,0,0,0,0,0,0,0,84.7565,0,0,0
"MtrElec",1,25,3,"",84.9285,0,0,0,0,0,0,0,0,0,0,0,0,0,0,0,0,0,0,0,0,84.9285,0,0,0
"MtrElec",1,25,4,"",87.1826,0,0,0,0,0,0,0,0,0,0,0,0,0,0,0,0,0,0,0,0,87.1826,0,0,0
"MtrElec",1,25,5,"",104.092,0,0,0,0,0,0,0,0,0,0,0,0,0,0,0,0,0,0,0,0,104.092,0,0,0
"MtrElec",1,25,6,"",87.0563,0,0,0,0,0,0,0,0,0,0,0,0,0,0,0,0,0,0,0,0,87.0563,0,0,0
"MtrElec",1,25,7,"",94.994,0,0,0,0,0,0,0,0,0,0,0,0,0,0,0,0,0,0,0,0,94.994,0,0,0
"MtrElec",1,25,8,"",83.2267,0,0,0,0,0,0,0,0,0,0,0,0,0,0,0,0,0,0,0,0,102.79,0,0,-19.563
"MtrElec",1,25,9,"",1.86285,0,0,0,0,0,0,0,0,0,0,0,0,0,0,0,0,0,0,0,0,111.976,0,0,-110.113
"MtrElec",1,25,10,"",0,0,0,0,0,0,0,0,0,0,0,0,0,0,0,0,0,0,0,0,0,128.453,0,202.438,-330.891
"MtrElec",1,25,11,"",-11.2808,0,0,0,0,0,0,0,0,0,0,0,0,0,0,0,0,0,0,0,0,207.083,0,224.226,-442.59
"MtrElec",1,25,12,"",-189.557,0,0,0,0,0,0,0,0,0,0,0,0,0,0,0,0,0,0,0,0,165.72,0,135.082,-490.358
"MtrElec",1,25,13,"",-336.228,0,0,0,0,0,0,0,0,0,0,0,0,0,0,0,0,0,0,0,0,155.936,0,0,-492.164
"MtrElec",1,25,14,"",-323.592,0,0,0,0,0,0,0,0,0,0,0,0,0,0,0,0,0,0,0,0,123.618,0,0,-447.21
"MtrElec",1,25,15,"",-236.205,0,0,0,0,0,0,0,0,0,0,0,0,0,0,0,0,0,0,0,0,136.394,0,0,-372.599
"MtrElec",1,25,16,"",-134.001,0,0,0,0,0,0,0,0,0,0,0,0,0,0,0,0,0,0,0,0,116.696,0,0,-250.697
"MtrElec",1,25,17,"",29.9733,0,0,0,0,0,0,0,0,0,0,0,0,0,0,0,0,0,0,0,0,123.82,0,0,-93.8471
"MtrElec",1,25,18,"",140.069,0,0,0,0,0,0,0,0,0,0,0,0,0,0,0,0,0,0,0,0,140.452,0,0,-0.382985
"MtrElec",1,25,19,"",-30.6684,0,0,0,0,0,0,0,0,0,0,0,0,0,0,0,0,0,0,0,0,193.558,0,-224.226,0
"MtrElec",1,25,20,"",-41.2621,0,0,0,0,0,0,0,0,0,0,0,0,0,0,0,0,0,0,0,0,182.964,0,-224.226,0
"MtrElec",1,25,21,"",107.616,0,0,0,0,0,0,0,0,0,0,0,0,0,0,0,0,0,0,0,0,166.139,0,-58.5231,0
"MtrElec",1,25,22,"",172.643,0,0,0,0,0,0,0,0,0,0,0,0,0,0,0,0,0,0,0,0,172.643,0,0,0
"MtrElec",1,25,23,"",126.973,0,0,0,0,0,0,0,0,0,0,0,0,0,0,0,0,0,0,0,0,126.973,0,0,0
"MtrElec",1,25,24,"",138.692,0,0,0,0,0,0,0,0,0,0,0,0,0,0,0,0,0,0,0,0,138.692,0,0,0
"MtrElec",1,26,1,"",94.6596,0,0,0,0,0,0,0,0,0,0,0,0,0,0,0,0,0,0,0,0,94.6596,0,0,0
"MtrElec",1,26,2,"",88.8491,0,0,0,0,0,0,0,0,0,0,0,0,0,0,0,0,0,0,0,0,88.8491,0,0,0
"MtrElec",1,26,3,"",88.3956,0,0,0,0,0,0,0,0,0,0,0,0,0,0,0,0,0,0,0,0,88.3956,0,0,0
"MtrElec",1,26,4,"",95.646,0,0,0,0,0,0,0,0,0,0,0,0,0,0,0,0,0,0,0,0,95.646,0,0,0
"MtrElec",1,26,5,"",86.3538,0,0,0,0,0,0,0,0,0,0,0,0,0,0,0,0,0,0,0,0,86.3538,0,0,0
"MtrElec",1,26,6,"",93.3995,0,0,0,0,0,0,0,0,0,0,0,0,0,0,0,0,0,0,0,0,93.3995,0,0,0
"MtrElec",1,26,7,"",103.506,0,0,0,0,0,0,0,0,0,0,0,0,0,0,0,0,0,0,0,0,103.506,0,0,0
"MtrElec",1,26,8,"",47.9646,0,0,0,0,0,0,0,0,0,0,0,0,0,0,0,0,0,0,0,0,128.077,0,0,-80.1121
"MtrElec",1,26,9,"",0,0,0,0,0,0,0,0,0,0,0,0,0,0,0,0,0,0,0,0,0,146.54,0,89.2972,-235.837
"MtrElec",1,26,10,"",0,0,0,0,0,0,0,0,0,0,0,0,0,0,0,0,0,0,0,0,0,160.288,0,192.033,-352.321
"MtrElec",1,26,11,"",-60.7824,0,0,0,0,0,0,0,0,0,0,0,0,0,0,0,0,0,0,0,0,145.611,0,224.226,-430.62
"MtrElec",1,26,12,"",-289.547,0,0,0,0,0,0,0,0,0,0,0,0,0,0,0,0,0,0,0,0,136.47,0,56.1893,-482.207
"MtrElec",1,26,13,"",-283.716,0,0,0,0,0,0,0,0,0,0,0,0,0,0,0,0,0,0,0,0,204.334,0,0,-488.05
"MtrElec",1,26,14,"",-344.166,0,0,0,0,0,0,0,0,0,0,0,0,0,0,0,0,0,0,0,0,105.775,0,0,-449.941
"MtrElec",1,26,15,"",-252.701,0,0,0,0,0,0,0,0,0,0,0,0,0,0,0,0,0,0,0,0,116.901,0,0,-369.603
"MtrElec",1,26,16,"",-133.18,0,0,0,0,0,0,0,0,0,0,0,0,0,0,0,0,0,0,0,0,115.298,0,0,-248.478
"MtrElec",1,26,17,"",47.0863,0,0,0,0,0,0,0,0,0,0,0,0,0,0,0,0,0,0,0,0,140.175,0,0,-93.0885
"MtrElec",1,26,18,"",150.661,0,0,0,0,0,0,0,0,0,0,0,0,0,0,0,0,0,0,0,0,150.661,0,0,0
"MtrElec",1,26,19,"",-57.248,0,0,0,0,0,0,0,0,0,0,0,0,0,0,0,0,0,0,0,0,166.979,0,-224.226,0
"MtrElec",1,26,20,"",-27.0161,0,0,0,0,0,0,0,0,0,0,0,0,0,0,0,0,0,0,0,0,197.21,0,-224.226,0
"MtrElec",1,26,21,"",147.631,0,0,0,0,0,0,0,0,0,0,0,0,0,0,0,0,0,0,0,0,206.154,0,-58.5231,0
"MtrElec",1,26,22,"",137.994,0,0,0,0,0,0,0,0,0,0,0,0,0,0,0,0,0,0,0,0,137.994,0,0,0
"MtrElec",1,26,23,"",138.124,0,0,0,0,0,0,0,0,0,0,0,0,0,0,0,0,0,0,0,0,138.124,0,0,0
"MtrElec",1,26,24,"",115.015,0,0,0,0,0,0,0,0,0,0,0,0,0,0,0,0,0,0,0,0,115.015,0,0,0
"MtrElec",1,27,1,"",98.255,0,0,0,0,0,0,0,0,0,0,0,0,0,0,0,0,0,0,0,0,98.255,0,0,0
"MtrElec",1,27,2,"",91.6112,0,0,0,0,0,0,0,0,0,0,0,0,0,0,0,0,0,0,0,0,91.6112,0,0,0
"MtrElec",1,27,3,"",87.9974,0,0,0,0,0,0,0,0,0,0,0,0,0,0,0,0,0,0,0,0,87.9974,0,0,0
"MtrElec",1,27,4,"",87.0792,0,0,0,0,0,0,0,0,0,0,0,0,0,0,0,0,0,0,0,0,87.0792,0,0,0
"MtrElec",1,27,5,"",87.4818,0,0,0,0,0,0,0,0,0,0,0,0,0,0,0,0,0,0,0,0,87.4818,0,0,0
"MtrElec",1,27,6,"",97.5364,0,0,0,0,0,0,0,0,0,0,0,0,0,0,0,0,0,0,0,0,97.5364,0,0,0
"MtrElec",1,27,7,"",112.564,0,0,0,0,0,0,0,0,0,0,0,0,0,0,0,0,0,0,0,0,112.564,0,0,0
"MtrElec",1,27,8,"",30.1713,0,0,0,0,0,0,0,0,0,0,0,0,0,0,0,0,0,0,0,0,114.192,0,0,-84.0204
"MtrElec",1,27,9,"",0.0000078,0,0,0,0,0,0,0,0,0,0,0,0,0,0,0,0,0,0,0,0,119.473,0,109.762,-229.235
"MtrElec",1,27,10,"",0.0000156,0,0,0,0,0,0,0,0,0,0,0,0,0,0,0,0,0,0,0,0,134.967,0,212.965,-347.932
"MtrElec",1,27,11,"",-44.3542,0,0,0,0,0,0,0,0,0,0,0,0,0,0,0,0,0,0,0,0,166.685,0,224.226,-435.265
"MtrElec",1,27,12,"",-351.298,0,0,0,0,0,0,0,0,0,0,0,0,0,0,0,0,0,0,0,0,117.519,0,14.7929,-483.609
"MtrElec",1,27,13,"",-344.569,0,0,0,0,0,0,0,0,0,0,0,0,0,0,0,0,0,0,0,0,141.058,0,0,-485.627
"MtrElec",1,27,14,"",-261.088,0,0,0,0,0,0,0,0,0,0,0,0,0,0,0,0,0,0,0,0,107.373,0,0,-368.461
"MtrElec",1,27,15,"",-142.432,0,0,0,0,0,0,0,0,0,0,0,0,0,0,0,0,0,0,0,0,106.979,0,0,-249.412
"MtrElec",1,27,16,"",-3.41443,0,0,0,0,0,0,0,0,0,0,0,0,0,0,0,0,0,0,0,0,123.004,0,0,-126.418
"MtrElec",1,27,17,"",143.193,0,0,0,0,0,0,0,0,0,0,0,0,0,0,0,0,0,0,0,0,178.741,0,0,-35.5472
"MtrElec",1,27,18,"",158.106,0,0,0,0,0,0,0,0,0,0,0,0,0,0,0,0,0,0,0,0,158.106,0,0,0
"MtrElec",1,27,19,"",-45.6423,0,0,0,0,0,0,0,0,0,0,0,0,0,0,0,0,0,0,0,0,178.584,0,-224.226,0
"MtrElec",1,27,20,"",-40.4831,0,0,0,0,0,0,0,0,0,0,0,0,0,0,0,0,0,0,0,0,183.743,0,-224.226,0
"MtrElec",1,27,21,"",133.762,0,0,0,0,0,0,0,0,0,0,0,0,0,0,0,0,0,0,0,0,192.285,0,-58.5231,0
"MtrElec",1,27,22,"",159.516,0,0,0,0,0,0,0,0,0,0,0,0,0,0,0,0,0,0,0,0,159.516,0,0,0
"MtrElec",1,27,23,"",147.654,0,0,0,0,0,0,0,0,0,0,0,0,0,0,0,0,0,0,0,0,147.654,0,0,0
"MtrElec",1,27,24,"",134.65,0,0,0,0,0,0,0,0,0,0,0,0,0,0,0,0,0,0,0,0,134.65,0,0,0
"MtrElec",1,28,1,"",108.124,0,0,0,0,0,0,0,0,0,0,0,0,0,0,0,0,0,0,0,0,108.124,0,0,0
"MtrElec",1,28,2,"",85.3349,0,0,0,0,0,0,0,0,0,0,0,0,0,0,0,0,0,0,0,0,85.3349,0,0,0
"MtrElec",1,28,3,"",82.0777,0,0,0,0,0,0,0,0,0,0,0,0,0,0,0,0,0,0,0,0,82.0777,0,0,0
"MtrElec",1,28,4,"",82.0705,0,0,0,0,0,0,0,0,0,0,0,0,0,0,0,0,0,0,0,0,82.0705,0,0,0
"MtrElec",1,28,5,"",81.5409,0,0,0,0,0,0,0,0,0,0,0,0,0,0,0,0,0,0,0,0,81.5409,0,0,0
"MtrElec",1,28,6,"",89.9136,0,0,0,0,0,0,0,0,0,0,0,0,0,0,0,0,0,0,0,0,89.9136,0,0,0
"MtrElec",1,28,7,"",109.606,0,0,0,0,0,0,0,0,0,0,0,0,0,0,0,0,0,0,0,0,109.606,0,0,0
"MtrElec",1,28,8,"",37.8908,0,0,0,0,0,0,0,0,0,0,0,0,0,0,0,0,0,0,0,0,122.706,0,0,-84.8152
"MtrElec",1,28,9,"",0,0,0,0,0,0,0,0,0,0,0,0,0,0,0,0,0,0,0,0,0,138.068,0,101.47,-239.538
"MtrElec",1,28,10,"",0.0000156,0,0,0,0,0,0,0,0,0,0,0,0,0,0,0,0,0,0,0,0,160.642,0,203.669,-364.311
"MtrElec",1,28,11,"",-38.5145,0,0,0,0,0,0,0,0,0,0,0,0,0,0,0,0,0,0,0,0,187.669,0,224.226,-450.41
"MtrElec",1,28,12,"",-325.074,0,0,0,0,0,0,0,0,0,0,0,0,0,0,0,0,0,0,0,0,133.948,0,32.381,-491.403
"MtrElec",1,28,13,"",-344.616,0,0,0,0,0,0,0,0,0,0,0,0,0,0,0,0,0,0,0,0,149.455,0,0,-494.071
"MtrElec",1,28,14,"",-359.037,0,0,0,0,0,0,0,0,0,0,0,0,0,0,0,0,0,0,0,0,97.8646,0,0,-456.901
"MtrElec",1,28,15,"",-270.761,0,0,0,0,0,0,0,0,0,0,0,0,0,0,0,0,0,0,0,0,109.641,0,0,-380.402
"MtrElec",1,28,16,"",-141.14,0,0,0,0,0,0,0,0,0,0,0,0,0,0,0,0,0,0,0,0,117.692,0,0,-258.832
"MtrElec",1,28,17,"",44.8769,0,0,0,0,0,0,0,0,0,0,0,0,0,0,0,0,0,0,0,0,148.605,0,0,-103.728
"MtrElec",1,28,18,"",164.021,0,0,0,0,0,0,0,0,0,0,0,0,0,0,0,0,0,0,0,0,164.021,0,0,0
"MtrElec",1,28,19,"",-48.314,0,0,0,0,0,0,0,0,0,0,0,0,0,0,0,0,0,0,0,0,175.913,0,-224.226,0
"MtrElec",1,28,20,"",-36.1425,0,0,0,0,0,0,0,0,0,0,0,0,0,0,0,0,0,0,0,0,188.084,0,-224.226,0
"MtrElec",1,28,21,"",147.962,0,0,0,0,0,0,0,0,0,0,0,0,0,0,0,0,0,0,0,0,206.485,0,-58.5231,0
"MtrElec",1,28,22,"",143.425,0,0,0,0,0,0,0,0,0,0,0,0,0,0,0,0,0,0,0,0,143.425,0,0,0
"MtrElec",1,28,23,"",127.554,0,0,0,0,0,0,0,0,0,0,0,0,0,0,0,0,0,0,0,0,127.554,0,0,0
"MtrElec",1,28,24,"",125.515,0,0,0,0,0,0,0,0,0,0,0,0,0,0,0,0,0,0,0,0,125.515,0,0,0
"MtrElec",1,29,1,"",99.0019,0,0,0,0,0,0,0,0,0,0,0,0,0,0,0,0,0,0,0,0,99.0019,0,0,0
"MtrElec",1,29,2,"",90.9345,0,0,0,0,0,0,0,0,0,0,0,0,0,0,0,0,0,0,0,0,90.9345,0,0,0
"MtrElec",1,29,3,"",91.8865,0,0,0,0,0,0,0,0,0,0,0,0,0,0,0,0,0,0,0,0,91.8865,0,0,0
"MtrElec",1,29,4,"",93.3742,0,0,0,0,0,0,0,0,0,0,0,0,0,0,0,0,0,0,0,0,93.3742,0,0,0
"MtrElec",1,29,5,"",94.7261,0,0,0,0,0,0,0,0,0,0,0,0,0,0,0,0,0,0,0,0,94.7261,0,0,0
"MtrElec",1,29,6,"",99.8358,0,0,0,0,0,0,0,0,0,0,0,0,0,0,0,0,0,0,0,0,99.8358,0,0,0
"MtrElec",1,29,7,"",120.97,0,0,0,0,0,0,0,0,0,0,0,0,0,0,0,0,0,0,0,0,120.97,0,0,0
"MtrElec",1,29,8,"",39.7237,0,0,0,0,0,0,0,0,0,0,0,0,0,0,0,0,0,0,0,0,124.192,0,0,-84.4683
"MtrElec",1,29,9,"",0,0,0,0,0,0,0,0,0,0,0,0,0,0,0,0,0,0,0,0,0,144.917,0,93.5955,-238.513
"MtrElec",1,29,10,"",0.0000156,0,0,0,0,0,0,0,0,0,0,0,0,0,0,0,0,0,0,0,0,143.41,0,210.766,-354.175
"MtrElec",1,29,11,"",-36.1888,0,0,0,0,0,0,0,0,0,0,0,0,0,0,0,0,0,0,0,0,169.39,0,224.226,-429.805
"MtrElec",1,29,12,"",-295.337,0,0,0,0,0,0,0,0,0,0,0,0,0,0,0,0,0,0,0,0,152.084,0,33.1585,-480.579
"MtrElec",1,29,13,"",-292.314,0,0,0,0,0,0,0,0,0,0,0,0,0,0,0,0,0,0,0,0,192.941,0,0,-485.256
"MtrElec",1,29,14,"",-341.832,0,0,0,0,0,0,0,0,0,0,0,0,0,0,0,0,0,0,0,0,105.626,0,0,-447.458
"MtrElec",1,29,15,"",-268.022,0,0,0,0,0,0,0,0,0,0,0,0,0,0,0,0,0,0,0,0,104.755,0,0,-372.777
"MtrElec",1,29,16,"",-133.407,0,0,0,0,0,0,0,0,0,0,0,0,0,0,0,0,0,0,0,0,120.955,0,0,-254.362
"MtrElec",1,29,17,"",54.4157,0,0,0,0,0,0,0,0,0,0,0,0,0,0,0,0,0,0,0,0,155.922,0,0,-101.507
"MtrElec",1,29,18,"",157.634,0,0,0,0,0,0,0,0,0,0,0,0,0,0,0,0,0,0,0,0,160.325,0,0,-2.69032
"MtrElec",1,29,19,"",-39.7191,0,0,0,0,0,0,0,0,0,0,0,0,0,0,0,0,0,0,0,0,184.507,0,-224.226,0
"MtrElec",1,29,20,"",-46.0776,0,0,0,0,0,0,0,0,0,0,0,0,0,0,0,0,0,0,0,0,178.149,0,-224.226,0
"MtrElec",1,29,21,"",170.779,0,0,0,0,0,0,0,0,0,0,0,0,0,0,0,0,0,0,0,0,229.302,0,-58.5231,0
"MtrElec",1,29,22,"",147.464,0,0,0,0,0,0,0,0,0,0,0,0,0,0,0,0,0,0,0,0,147.464,0,0,0
"MtrElec",1,29,23,"",140.874,0,0,0,0,0,0,0,0,0,0,0,0,0,0,0,0,0,0,0,0,140.874,0,0,0
"MtrElec",1,29,24,"",112.543,0,0,0,0,0,0,0,0,0,0,0,0,0,0,0,0,0,0,0,0,112.543,0,0,0
"MtrElec",1,30,1,"",87.4832,0,0,0,0,0,0,0,0,0,0,0,0,0,0,0,0,0,0,0,0,87.4832,0,0,0
"MtrElec",1,30,2,"",87.8199,0,0,0,0,0,0,0,0,0,0,0,0,0,0,0,0,0,0,0,0,87.8199,0,0,0
"MtrElec",1,30,3,"",88.0619,0,0,0,0,0,0,0,0,0,0,0,0,0,0,0,0,0,0,0,0,88.0619,0,0,0
"MtrElec",1,30,4,"",89.2534,0,0,0,0,0,0,0,0,0,0,0,0,0,0,0,0,0,0,0,0,89.2534,0,0,0
"MtrElec",1,30,5,"",89.5762,0,0,0,0,0,0,0,0,0,0,0,0,0,0,0,0,0,0,0,0,89.5762,0,0,0
"MtrElec",1,30,6,"",94.2955,0,0,0,0,0,0,0,0,0,0,0,0,0,0,0,0,0,0,0,0,94.2955,0,0,0
"MtrElec",1,30,7,"",104.43,0,0,0,0,0,0,0,0,0,0,0,0,0,0,0,0,0,0,0,0,104.43,0,0,0
"MtrElec",1,30,8,"",28.965,0,0,0,0,0,0,0,0,0,0,0,0,0,0,0,0,0,0,0,0,116.99,0,0,-88.025
"MtrElec",1,30,9,"",0,0,0,0,0,0,0,0,0,0,0,0,0,0,0,0,0,0,0,0,0,142.777,0,85.5691,-228.346
"MtrElec",1,30,10,"",0,0,0,0,0,0,0,0,0,0,0,0,0,0,0,0,0,0,0,0,0,157.362,0,188.979,-346.342
"MtrElec",1,30,11,"",-39.5647,0,0,0,0,0,0,0,0,0,0,0,0,0,0,0,0,0,0,0,0,174.549,0,224.226,-438.34
"MtrElec",1,30,12,"",-275.8,0,0,0,0,0,0,0,0,0,0,0,0,0,0,0,0,0,0,0,0,148.998,0,62.9714,-487.77
"MtrElec",1,30,13,"",-309.625,0,0,0,0,0,0,0,0,0,0,0,0,0,0,0,0,0,0,0,0,178.872,0,0,-488.497
"MtrElec",1,30,14,"",-359.611,0,0,0,0,0,0,0,0,0,0,0,0,0,0,0,0,0,0,0,0,95.1434,0,0,-454.755
"MtrElec",1,30,15,"",-272.298,0,0,0,0,0,0,0,0,0,0,0,0,0,0,0,0,0,0,0,0,104.076,0,0,-376.374
"MtrElec",1,30,16,"",-148.762,0,0,0,0,0,0,0,0,0,0,0,0,0,0,0,0,0,0,0,0,108.665,0,0,-257.428
"MtrElec",1,30,17,"",23.4847,0,0,0,0,0,0,0,0,0,0,0,0,0,0,0,0,0,0,0,0,133.199,0,0,-109.715
"MtrElec",1,30,18,"",155.147,0,0,0,0,0,0,0,0,0,0,0,0,0,0,0,0,0,0,0,0,159.914,0,0,-4.76685
"MtrElec",1,30,19,"",-33.3387,0,0,0,0,0,0,0,0,0,0,0,0,0,0,0,0,0,0,0,0,190.888,0,-224.226,0
"MtrElec",1,30,20,"",-46.7822,0,0,0,0,0,0,0,0,0,0,0,0,0,0,0,0,0,0,0,0,177.444,0,-224.226,0
"MtrElec",1,30,21,"",145.226,0,0,0,0,0,0,0,0,0,0,0,0,0,0,0,0,0,0,0,0,203.749,0,-58.5231,0
"MtrElec",1,30,22,"",169.456,0,0,0,0,0,0,0,0,0,0,0,0,0,0,0,0,0,0,0,0,169.456,0,0,0
"MtrElec",1,30,23,"",137.099,0,0,0,0,0,0,0,0,0,0,0,0,0,0,0,0,0,0,0,0,137.099,0,0,0
"MtrElec",1,30,24,"",118.998,0,0,0,0,0,0,0,0,0,0,0,0,0,0,0,0,0,0,0,0,118.998,0,0,0
"MtrElec",1,31,1,"",95.472,0,0,0,0,0,0,0,0,0,0,0,0,0,0,0,0,0,0,0,0,95.472,0,0,0
"MtrElec",1,31,2,"",83.1494,0,0,0,0,0,0,0,0,0,0,0,0,0,0,0,0,0,0,0,0,83.1494,0,0,0
"MtrElec",1,31,3,"",81.8061,0,0,0,0,0,0,0,0,0,0,0,0,0,0,0,0,0,0,0,0,81.8061,0,0,0
"MtrElec",1,31,4,"",82.0237,0,0,0,0,0,0,0,0,0,0,0,0,0,0,0,0,0,0,0,0,82.0237,0,0,0
"MtrElec",1,31,5,"",80.1931,0,0,0,0,0,0,0,0,0,0,0,0,0,0,0,0,0,0,0,0,80.1931,0,0,0
"MtrElec",1,31,6,"",85.8689,0,0,0,0,0,0,0,0,0,0,0,0,0,0,0,0,0,0,0,0,85.8689,0,0,0
"MtrElec",1,31,7,"",94.5381,0,0,0,0,0,0,0,0,0,0,0,0,0,0,0,0,0,0,0,0,94.5381,0,0,0
"MtrElec",1,31,8,"",93.5376,0,0,0,0,0,0,0,0,0,0,0,0,0,0,0,0,0,0,0,0,106.302,0,0,-12.7642
"MtrElec",1,31,9,"",0.0000039,0,0,0,0,0,0,0,0,0,0,0,0,0,0,0,0,0,0,0,0,110.157,0,49.4796,-159.636
"MtrElec",1,31,10,"",0.0000078,0,0,0,0,0,0,0,0,0,0,0,0,0,0,0,0,0,0,0,0,121.424,0,209.843,-331.267
"MtrElec",1,31,11,"",0,0,0,0,0,0,0,0,0,0,0,0,0,0,0,0,0,0,0,0,0,196.949,0,220.306,-417.255
"MtrElec",1,31,12,"",-232.439,0,0,0,0,0,0,0,0,0,0,0,0,0,0,0,0,0,0,0,0,187.166,0,82.1176,-501.723
"MtrElec",1,31,13,"",-382.489,0,0,0,0,0,0,0,0,0,0,0,0,0,0,0,0,0,0,0,0,123.852,0,0,-506.341
"MtrElec",1,31,14,"",-354.073,0,0,0,0,0,0,0,0,0,0,0,0,0,0,0,0,0,0,0,0,112.088,0,0,-466.161
"MtrElec",1,31,15,"",-233.374,0,0,0,0,0,0,0,0,0,0,0,0,0,0,0,0,0,0,0,0,156.302,0,0,-389.676
"MtrElec",1,31,16,"",-119.548,0,0,0,0,0,0,0,0,0,0,0,0,0,0,0,0,0,0,0,0,149.659,0,0,-269.207
"MtrElec",1,31,17,"",32.4547,0,0,0,0,0,0,0,0,0,0,0,0,0,0,0,0,0,0,0,0,146.113,0,0,-113.658
"MtrElec",1,31,18,"",189.276,0,0,0,0,0,0,0,0,0,0,0,0,0,0,0,0,0,0,0,0,194.437,0,0,-5.1602
"MtrElec",1,31,19,"",-10.9179,0,0,0,0,0,0,0,0,0,0,0,0,0,0,0,0,0,0,0,0,213.309,0,-224.226,0
"MtrElec",1,31,20,"",-11.3189,0,0,0,0,0,0,0,0,0,0,0,0,0,0,0,0,0,0,0,0,212.908,0,-224.226,0
"MtrElec",1,31,21,"",90.0743,0,0,0,0,0,0,0,0,0,0,0,0,0,0,0,0,0,0,0,0,148.597,0,-58.5231,0
"MtrElec",1,31,22,"",142.096,0,0,0,0,0,0,0,0,0,0,0,0,0,0,0,0,0,0,0,0,142.096,0,0,0
"MtrElec",1,31,23,"",137.093,0,0,0,0,0,0,0,0,0,0,0,0,0,0,0,0,0,0,0,0,137.093,0,0,0
"MtrElec",1,31,24,"",148.101,0,0,0,0,0,0,0,0,0,0,0,0,0,0,0,0,0,0,0,0,148.101,0,0,0
"MtrElec",2,1,1,"",100.275,0,0,0,0,0,0,0,0,0,0,0,0,0,0,0,0,0,0,0,0,100.275,0,0,0
"MtrElec",2,1,2,"",85.3973,0,0,0,0,0,0,0,0,0,0,0,0,0,0,0,0,0,0,0,0,85.3973,0,0,0
"MtrElec",2,1,3,"",87.5535,0,0,0,0,0,0,0,0,0,0,0,0,0,0,0,0,0,0,0,0,87.5535,0,0,0
"MtrElec",2,1,4,"",92.9068,0,0,0,0,0,0,0,0,0,0,0,0,0,0,0,0,0,0,0,0,92.9068,0,0,0
"MtrElec",2,1,5,"",106.07,0,0,0,0,0,0,0,0,0,0,0,0,0,0,0,0,0,0,0,0,106.07,0,0,0
"MtrElec",2,1,6,"",95.7757,0,0,0,0,0,0,0,0,0,0,0,0,0,0,0,0,0,0,0,0,95.7757,0,0,0
"MtrElec",2,1,7,"",104.519,0,0,0,0,0,0,0,0,0,0,0,0,0,0,0,0,0,0,0,0,104.519,0,0,0
"MtrElec",2,1,8,"",33.309,0,0,0,0,0,0,0,0,0,0,0,0,0,0,0,0,0,0,0,0,123.533,0,0,-90.2245
"MtrElec",2,1,9,"",0.0000078,0,0,0,0,0,0,0,0,0,0,0,0,0,0,0,0,0,0,0,0,127.931,0,103.521,-231.451
"MtrElec",2,1,10,"",-7.1497,0,0,0,0,0,0,0,0,0,0,0,0,0,0,0,0,0,0,0,0,124.594,0,224.226,-355.97
"MtrElec",2,1,11,"",-90.0726,0,0,0,0,0,0,0,0,0,0,0,0,0,0,0,0,0,0,0,0,138.398,0,224.226,-452.697
"MtrElec",2,1,12,"",-218.615,0,0,0,0,0,0,0,0,0,0,0,0,0,0,0,0,0,0,0,0,150.291,0,9.77279,-378.679
"MtrElec",2,1,13,"",-18.2976,0,0,0,0,0,0,0,0,0,0,0,0,0,0,0,0,0,0,0,0,139.865,0,0,-158.163
"MtrElec",2,1,14,"",62.2946,0,0,0,0,0,0,0,0,0,0,0,0,0,0,0,0,0,0,0,0,118.391,0,0,-56.0968
"MtrElec",2,1,15,"",94.437,0,0,0,0,0,0,0,0,0,0,0,0,0,0,0,0,0,0,0,0,132.126,0,0,-37.6889
"MtrElec",2,1,16,"",100.225,0,0,0,0,0,0,0,0,0,0,0,0,0,0,0,0,0,0,0,0,114.439,0,0,-14.2142
"MtrElec",2,1,17,"",122.334,0,0,0,0,0,0,0,0,0,0,0,0,0,0,0,0,0,0,0,0,122.334,0,0,0
"MtrElec",2,1,18,"",135.632,0,0,0,0,0,0,0,0,0,0,0,0,0,0,0,0,0,0,0,0,135.632,0,0,0
"MtrElec",2,1,19,"",-51.013,0,0,0,0,0,0,0,0,0,0,0,0,0,0,0,0,0,0,0,0,173.214,0,-224.226,0
"MtrElec",2,1,20,"",-52.3475,0,0,0,0,0,0,0,0,0,0,0,0,0,0,0,0,0,0,0,0,171.879,0,-224.226,0
"MtrElec",2,1,21,"",93.4025,0,0,0,0,0,0,0,0,0,0,0,0,0,0,0,0,0,0,0,0,151.926,0,-58.5231,0
"MtrElec",2,1,22,"",153.678,0,0,0,0,0,0,0,0,0,0,0,0,0,0,0,0,0,0,0,0,153.678,0,0,0
"MtrElec",2,1,23,"",132.173,0,0,0,0,0,0,0,0,0,0,0,0,0,0,0,0,0,0,0,0,132.173,0,0,0
"MtrElec",2,1,24,"",129.882,0,0,0,0,0,0,0,0,0,0,0,0,0,0,0,0,0,0,0,0,129.882,0,0,0
"MtrElec",2,2,1,"",100.816,0,0,0,0,0,0,0,0,0,0,0,0,0,0,0,0,0,0,0,0,100.816,0,0,0
"MtrElec",2,2,2,"",89.1725,0,0,0,0,0,0,0,0,0,0,0,0,0,0,0,0,0,0,0,0,89.1725,0,0,0
"MtrElec",2,2,3,"",87.3255,0,0,0,0,0,0,0,0,0,0,0,0,0,0,0,0,0,0,0,0,87.3255,0,0,0
"MtrElec",2,2,4,"",88.1253,0,0,0,0,0,0,0,0,0,0,0,0,0,0,0,0,0,0,0,0,88.1253,0,0,0
"MtrElec",2,2,5,"",88.1328,0,0,0,0,0,0,0,0,0,0,0,0,0,0,0,0,0,0,0,0,88.1328,0,0,0
"MtrElec",2,2,6,"",95.1533,0,0,0,0,0,0,0,0,0,0,0,0,0,0,0,0,0,0,0,0,95.1533,0,0,0
"MtrElec",2,2,7,"",109.428,0,0,0,0,0,0,0,0,0,0,0,0,0,0,0,0,0,0,0,0,109.428,0,0,0
"MtrElec",2,2,8,"",68.716,0,0,0,0,0,0,0,0,0,0,0,0,0,0,0,0,0,0,0,0,126.375,0,0,-57.6591
"MtrElec",2,2,9,"",39.4088,0,0,0,0,0,0,0,0,0,0,0,0,0,0,0,0,0,0,0,0,136.564,0,0,-97.1556
"MtrElec",2,2,10,"",0,0,0,0,0,0,0,0,0,0,0,0,0,0,0,0,0,0,0,0,0,149.339,0,54.2022,-203.542
"MtrElec",2,2,11,"",0,0,0,0,0,0,0,0,0,0,0,0,0,0,0,0,0,0,0,0,0,161.028,0,39.2972,-200.325
"MtrElec",2,2,12,"",0,0,0,0,0,0,0,0,0,0,0,0,0,0,0,0,0,0,0,0,0,127.057,0,118.505,-245.562
"MtrElec",2,2,13,"",0,0,0,0,0,0,0,0,0,0,0,0,0,0,0,0,0,0,0,0,0,134.268,0,17.2294,-151.498
"MtrElec",2,2,14,"",0,0,0,0,0,0,0,0,0,0,0,0,0,0,0,0,0,0,0,0,0,111.249,0,95.7044,-206.953
"MtrElec",2,2,15,"",9.69368,0,0,0,0,0,0,0,0,0,0,0,0,0,0,0,0,0,0,0,0,111.71,0,0,-102.016
"MtrElec",2,2,16,"",43.1885,0,0,0,0,0,0,0,0,0,0,0,0,0,0,0,0,0,0,0,0,124.968,0,0,-81.7794
"MtrElec",2,2,17,"",107.784,0,0,0,0,0,0,0,0,0,0,0,0,0,0,0,0,0,0,0,0,150.838,0,0,-43.0537
"MtrElec",2,2,18,"",149.577,0,0,0,0,0,0,0,0,0,0,0,0,0,0,0,0,0,0,0,0,149.577,0,0,0
"MtrElec",2,2,19,"",-56.0875,0,0,0,0,0,0,0,0,0,0,0,0,0,0,0,0,0,0,0,0,168.139,0,-224.226,0
"MtrElec",2,2,20,"",126.353,0,0,0,0,0,0,0,0,0,0,0,0,0,0,0,0,0,0,0,0,195.383,0,-69.03,0
"MtrElec",2,2,21,"",186.503,0,0,0,0,0,0,0,0,0,0,0,0,0,0,0,0,0,0,0,0,186.503,0,0,0
"MtrElec",2,2,22,"",148.017,0,0,0,0,0,0,0,0,0,0,0,0,0,0,0,0,0,0,0,0,148.017,0,0,0
"MtrElec",2,2,23,"",208.66,0,0,0,0,0,0,0,0,0,0,0,0,0,0,0,0,0,0,0,0,208.66,0,0,0
"MtrElec",2,2,24,"",146.41,0,0,0,0,0,0,0,0,0,0,0,0,0,0,0,0,0,0,0,0,146.41,0,0,0
"MtrElec",2,3,1,"",105.15,0,0,0,0,0,0,0,0,0,0,0,0,0,0,0,0,0,0,0,0,105.15,0,0,0
"MtrElec",2,3,2,"",92.0995,0,0,0,0,0,0,0,0,0,0,0,0,0,0,0,0,0,0,0,0,92.0995,0,0,0
"MtrElec",2,3,3,"",91.3232,0,0,0,0,0,0,0,0,0,0,0,0,0,0,0,0,0,0,0,0,91.3232,0,0,0
"MtrElec",2,3,4,"",92.1977,0,0,0,0,0,0,0,0,0,0,0,0,0,0,0,0,0,0,0,0,92.1977,0,0,0
"MtrElec",2,3,5,"",91.7146,0,0,0,0,0,0,0,0,0,0,0,0,0,0,0,0,0,0,0,0,91.7146,0,0,0
"MtrElec",2,3,6,"",98.2164,0,0,0,0,0,0,0,0,0,0,0,0,0,0,0,0,0,0,0,0,98.2164,0,0,0
"MtrElec",2,3,7,"",111.687,0,0,0,0,0,0,0,0,0,0,0,0,0,0,0,0,0,0,0,0,111.687,0,0,0
"MtrElec",2,3,8,"",121.556,0,0,0,0,0,0,0,0,0,0,0,0,0,0,0,0,0,0,0,0,121.556,0,0,0
"MtrElec",2,3,9,"",58.1135,0,0,0,0,0,0,0,0,0,0,0,0,0,0,0,0,0,0,0,0,143.675,0,0,-85.5611
"MtrElec",2,3,10,"",40.0246,0,0,0,0,0,0,0,0,0,0,0,0,0,0,0,0,0,0,0,0,143.475,0,0,-103.45
"MtrElec",2,3,11,"",100.486,0,0,0,0,0,0,0,0,0,0,0,0,0,0,0,0,0,0,0,0,165.261,0,0,-64.775
"MtrElec",2,3,12,"",108.073,0,0,0,0,0,0,0,0,0,0,0,0,0,0,0,0,0,0,0,0,160.609,0,0,-52.5354
"MtrElec",2,3,13,"",122.43,0,0,0,0,0,0,0,0,0,0,0,0,0,0,0,0,0,0,0,0,229.521,0,0,-107.091
"MtrElec",2,3,14,"",0.0000078,0,0,0,0,0,0,0,0,0,0,0,0,0,0,0,0,0,0,0,0,109.928,0,81.3012,-191.229
"MtrElec",2,3,15,"",0,0,0,0,0,0,0,0,0,0,0,0,0,0,0,0,0,0,0,0,0,127.211,0,78.4622,-205.673
"MtrElec",2,3,16,"",71.3898,0,0,0,0,0,0,0,0,0,0,0,0,0,0,0,0,0,0,0,0,118.494,0,0,-47.1043
"MtrElec",2,3,17,"",87.1804,0,0,0,0,0,0,0,0,0,0,0,0,0,0,0,0,0,0,0,0,155.334,0,0,-68.1531
"MtrElec",2,3,18,"",152.575,0,0,0,0,0,0,0,0,0,0,0,0,0,0,0,0,0,0,0,0,158.124,0,0,-5.54899
"MtrElec",2,3,19,"",35.7431,0,0,0,0,0,0,0,0,0,0,0,0,0,0,0,0,0,0,0,0,179.93,0,-144.186,0
"MtrElec",2,3,20,"",198.661,0,0,0,0,0,0,0,0,0,0,0,0,0,0,0,0,0,0,0,0,198.661,0,0,0
"MtrElec",2,3,21,"",196.931,0,0,0,0,0,0,0,0,0,0,0,0,0,0,0,0,0,0,0,0,196.931,0,0,0
"MtrElec",2,3,22,"",159.102,0,0,0,0,0,0,0,0,0,0,0,0,0,0,0,0,0,0,0,0,159.102,0,0,0
"MtrElec",2,3,23,"",164.405,0,0,0,0,0,0,0,0,0,0,0,0,0,0,0,0,0,0,0,0,164.405,0,0,0
"MtrElec",2,3,24,"",142.524,0,0,0,0,0,0,0,0,0,0,0,0,0,0,0,0,0,0,0,0,142.524,0,0,0
"MtrElec",2,4,1,"",116.609,0,0,0,0,0,0,0,0,0,0,0,0,0,0,0,0,0,0,0,0,116.609,0,0,0
"MtrElec",2,4,2,"",109.923,0,0,0,0,0,0,0,0,0,0,0,0,0,0,0,0,0,0,0,0,109.923,0,0,0
"MtrElec",2,4,3,"",110.895,0,0,0,0,0,0,0,0,0,0,0,0,0,0,0,0,0,0,0,0,110.895,0,0,0
"MtrElec",2,4,4,"",112.275,0,0,0,0,0,0,0,0,0,0,0,0,0,0,0,0,0,0,0,0,112.275,0,0,0
"MtrElec",2,4,5,"",114.341,0,0,0,0,0,0,0,0,0,0,0,0,0,0,0,0,0,0,0,0,114.341,0,0,0
"MtrElec",2,4,6,"",123.64,0,0,0,0,0,0,0,0,0,0,0,0,0,0,0,0,0,0,0,0,123.64,0,0,0
"MtrElec",2,4,7,"",139.835,0,0,0,0,0,0,0,0,0,0,0,0,0,0,0,0,0,0,0,0,139.835,0,0,0
"MtrElec",2,4,8,"",31.3807,0,0,0,0,0,0,0,0,0,0,0,0,0,0,0,0,0,0,0,0,133.462,0,0,-102.082
"MtrElec",2,4,9,"",0,0,0,0,0,0,0,0,0,0,0,0,0,0,0,0,0,0,0,0,0,126.807,0,128.402,-255.209
"MtrElec",2,4,10,"",-12.4615,0,0,0,0,0,0,0,0,0,0,0,0,0,0,0,0,0,0,0,0,140.461,0,224.226,-377.149
"MtrElec",2,4,11,"",-105.838,0,0,0,0,0,0,0,0,0,0,0,0,0,0,0,0,0,0,0,0,141.376,0,209.118,-456.332
"MtrElec",2,4,12,"",-386.229,0,0,0,0,0,0,0,0,0,0,0,0,0,0,0,0,0,0,0,0,117.074,0,0,-503.303
"MtrElec",2,4,13,"",-378.045,0,0,0,0,0,0,0,0,0,0,0,0,0,0,0,0,0,0,0,0,131.059,0,0,-509.104
"MtrElec",2,4,14,"",-285.295,0,0,0,0,0,0,0,0,0,0,0,0,0,0,0,0,0,0,0,0,93.7458,0,0,-379.041
"MtrElec",2,4,15,"",-226.764,0,0,0,0,0,0,0,0,0,0,0,0,0,0,0,0,0,0,0,0,103.809,0,0,-330.573
"MtrElec",2,4,16,"",-137.257,0,0,0,0,0,0,0,0,0,0,0,0,0,0,0,0,0,0,0,0,130.214,0,0,-267.471
"MtrElec",2,4,17,"",25.2088,0,0,0,0,0,0,0,0,0,0,0,0,0,0,0,0,0,0,0,0,150.035,0,0,-124.826
"MtrElec",2,4,18,"",140.83,0,0,0,0,0,0,0,0,0,0,0,0,0,0,0,0,0,0,0,0,148.435,0,0,-7.60523
"MtrElec",2,4,19,"",-61.895,0,0,0,0,0,0,0,0,0,0,0,0,0,0,0,0,0,0,0,0,162.332,0,-224.226,0
"MtrElec",2,4,20,"",-64.3223,0,0,0,0,0,0,0,0,0,0,0,0,0,0,0,0,0,0,0,0,159.904,0,-224.226,0
"MtrElec",2,4,21,"",122.34,0,0,0,0,0,0,0,0,0,0,0,0,0,0,0,0,0,0,0,0,180.863,0,-58.5231,0
"MtrElec",2,4,22,"",158.734,0,0,0,0,0,0,0,0,0,0,0,0,0,0,0,0,0,0,0,0,158.734,0,0,0
"MtrElec",2,4,23,"",139.257,0,0,0,0,0,0,0,0,0,0,0,0,0,0,0,0,0,0,0,0,139.257,0,0,0
"MtrElec",2,4,24,"",120.262,0,0,0,0,0,0,0,0,0,0,0,0,0,0,0,0,0,0,0,0,120.262,0,0,0
"MtrElec",2,5,1,"",102.869,0,0,0,0,0,0,0,0,0,0,0,0,0,0,0,0,0,0,0,0,102.869,0,0,0
"MtrElec",2,5,2,"",91.2236,0,0,0,0,0,0,0,0,0,0,0,0,0,0,0,0,0,0,0,0,91.2236,0,0,0
"MtrElec",2,5,3,"",94.2873,0,0,0,0,0,0,0,0,0,0,0,0,0,0,0,0,0,0,0,0,94.2873,0,0,0
"MtrElec",2,5,4,"",98.7033,0,0,0,0,0,0,0,0,0,0,0,0,0,0,0,0,0,0,0,0,98.7033,0,0,0
"MtrElec",2,5,5,"",110.609,0,0,0,0,0,0,0,0,0,0,0,0,0,0,0,0,0,0,0,0,110.609,0,0,0
"MtrElec",2,5,6,"",118.727,0,0,0,0,0,0,0,0,0,0,0,0,0,0,0,0,0,0,0,0,118.727,0,0,0
"MtrElec",2,5,7,"",130.871,0,0,0,0,0,0,0,0,0,0,0,0,0,0,0,0,0,0,0,0,130.871,0,0,0
"MtrElec",2,5,8,"",23.7634,0,0,0,0,0,0,0,0,0,0,0,0,0,0,0,0,0,0,0,0,137.886,0,0,-114.122
"MtrElec",2,5,9,"",0.0000078,0,0,0,0,0,0,0,0,0,0,0,0,0,0,0,0,0,0,0,0,143.878,0,124.919,-268.797
"MtrElec",2,5,10,"",-29.6042,0,0,0,0,0,0,0,0,0,0,0,0,0,0,0,0,0,0,0,0,137.38,0,224.226,-391.211
"MtrElec",2,5,11,"",-124.555,0,0,0,0,0,0,0,0,0,0,0,0,0,0,0,0,0,0,0,0,140.572,0,212.601,-477.728
"MtrElec",2,5,12,"",-387.512,0,0,0,0,0,0,0,0,0,0,0,0,0,0,0,0,0,0,0,0,132.212,0,0,-519.724
"MtrElec",2,5,13,"",-387.859,0,0,0,0,0,0,0,0,0,0,0,0,0,0,0,0,0,0,0,0,138.779,0,0,-526.639
"MtrElec",2,5,14,"",-382.429,0,0,0,0,0,0,0,0,0,0,0,0,0,0,0,0,0,0,0,0,103.169,0,0,-485.598
"MtrElec",2,5,15,"",-291.105,0,0,0,0,0,0,0,0,0,0,0,0,0,0,0,0,0,0,0,0,111.599,0,0,-402.704
"MtrElec",2,5,16,"",-148.666,0,0,0,0,0,0,0,0,0,0,0,0,0,0,0,0,0,0,0,0,134.622,0,0,-283.288
"MtrElec",2,5,17,"",19.9726,0,0,0,0,0,0,0,0,0,0,0,0,0,0,0,0,0,0,0,0,148.93,0,0,-128.957
"MtrElec",2,5,18,"",143.561,0,0,0,0,0,0,0,0,0,0,0,0,0,0,0,0,0,0,0,0,151.955,0,0,-8.39388
"MtrElec",2,5,19,"",-61.1661,0,0,0,0,0,0,0,0,0,0,0,0,0,0,0,0,0,0,0,0,163.06,0,-224.226,0
"MtrElec",2,5,20,"",-47.1978,0,0,0,0,0,0,0,0,0,0,0,0,0,0,0,0,0,0,0,0,177.029,0,-224.226,0
"MtrElec",2,5,21,"",155.023,0,0,0,0,0,0,0,0,0,0,0,0,0,0,0,0,0,0,0,0,213.546,0,-58.5231,0
"MtrElec",2,5,22,"",162.078,0,0,0,0,0,0,0,0,0,0,0,0,0,0,0,0,0,0,0,0,162.078,0,0,0
"MtrElec",2,5,23,"",137.99,0,0,0,0,0,0,0,0,0,0,0,0,0,0,0,0,0,0,0,0,137.99,0,0,0
"MtrElec",2,5,24,"",126.035,0,0,0,0,0,0,0,0,0,0,0,0,0,0,0,0,0,0,0,0,126.035,0,0,0
"MtrElec",2,6,1,"",110.111,0,0,0,0,0,0,0,0,0,0,0,0,0,0,0,0,0,0,0,0,110.111,0,0,0
"MtrElec",2,6,2,"",100.8,0,0,0,0,0,0,0,0,0,0,0,0,0,0,0,0,0,0,0,0,100.8,0,0,0
"MtrElec",2,6,3,"",106.848,0,0,0,0,0,0,0,0,0,0,0,0,0,0,0,0,0,0,0,0,106.848,0,0,0
"MtrElec",2,6,4,"",125.046,0,0,0,0,0,0,0,0,0,0,0,0,0,0,0,0,0,0,0,0,125.046,0,0,0
"MtrElec",2,6,5,"",113.988,0,0,0,0,0,0,0,0,0,0,0,0,0,0,0,0,0,0,0,0,113.988,0,0,0
"MtrElec",2,6,6,"",115.215,0,0,0,0,0,0,0,0,0,0,0,0,0,0,0,0,0,0,0,0,115.215,0,0,0
"MtrElec",2,6,7,"",121.407,0,0,0,0,0,0,0,0,0,0,0,0,0,0,0,0,0,0,0,0,121.407,0,0,0
"MtrElec",2,6,8,"",40.0574,0,0,0,0,0,0,0,0,0,0,0,0,0,0,0,0,0,0,0,0,131.948,0,0,-91.8904
"MtrElec",2,6,9,"",0.0000078,0,0,0,0,0,0,0,0,0,0,0,0,0,0,0,0,0,0,0,0,120.73,0,87.0841,-207.814
"MtrElec",2,6,10,"",0.0000156,0,0,0,0,0,0,0,0,0,0,0,0,0,0,0,0,0,0,0,0,137.504,0,214.733,-352.237
"MtrElec",2,6,11,"",-61.5805,0,0,0,0,0,0,0,0,0,0,0,0,0,0,0,0,0,0,0,0,172.048,0,224.226,-457.855
"MtrElec",2,6,12,"",-339.332,0,0,0,0,0,0,0,0,0,0,0,0,0,0,0,0,0,0,0,0,133.752,0,35.703,-508.787
"MtrElec",2,6,13,"",-369.323,0,0,0,0,0,0,0,0,0,0,0,0,0,0,0,0,0,0,0,0,118.916,0,0,-488.238
"MtrElec",2,6,14,"",-345.978,0,0,0,0,0,0,0,0,0,0,0,0,0,0,0,0,0,0,0,0,97.1508,0,0,-443.129
"MtrElec",2,6,15,"",-272.827,0,0,0,0,0,0,0,0,0,0,0,0,0,0,0,0,0,0,0,0,115.381,0,0,-388.209
"MtrElec",2,6,16,"",-162.068,0,0,0,0,0,0,0,0,0,0,0,0,0,0,0,0,0,0,0,0,106.554,0,0,-268.622
"MtrElec",2,6,17,"",22.8219,0,0,0,0,0,0,0,0,0,0,0,0,0,0,0,0,0,0,0,0,140.3,0,0,-117.479
"MtrElec",2,6,18,"",149.842,0,0,0,0,0,0,0,0,0,0,0,0,0,0,0,0,0,0,0,0,156.161,0,0,-6.31913
"MtrElec",2,6,19,"",-56.1145,0,0,0,0,0,0,0,0,0,0,0,0,0,0,0,0,0,0,0,0,168.112,0,-224.226,0
"MtrElec",2,6,20,"",-63.2424,0,0,0,0,0,0,0,0,0,0,0,0,0,0,0,0,0,0,0,0,160.984,0,-224.226,0
"MtrElec",2,6,21,"",98.1327,0,0,0,0,0,0,0,0,0,0,0,0,0,0,0,0,0,0,0,0,156.656,0,-58.5231,0
"MtrElec",2,6,22,"",159.375,0,0,0,0,0,0,0,0,0,0,0,0,0,0,0,0,0,0,0,0,159.375,0,0,0
"MtrElec",2,6,23,"",135.627,0,0,0,0,0,0,0,0,0,0,0,0,0,0,0,0,0,0,0,0,135.627,0,0,0
"MtrElec",2,6,24,"",124.841,0,0,0,0,0,0,0,0,0,0,0,0,0,0,0,0,0,0,0,0,124.841,0,0,0
"MtrElec",2,7,1,"",140.995,0,0,0,0,0,0,0,0,0,0,0,0,0,0,0,0,0,0,0,0,140.995,0,0,0
"MtrElec",2,7,2,"",94.376,0,0,0,0,0,0,0,0,0,0,0,0,0,0,0,0,0,0,0,0,94.376,0,0,0
"MtrElec",2,7,3,"",98.2164,0,0,0,0,0,0,0,0,0,0,0,0,0,0,0,0,0,0,0,0,98.2164,0,0,0
"MtrElec",2,7,4,"",102.624,0,0,0,0,0,0,0,0,0,0,0,0,0,0,0,0,0,0,0,0,102.624,0,0,0
"MtrElec",2,7,5,"",112.76,0,0,0,0,0,0,0,0,0,0,0,0,0,0,0,0,0,0,0,0,112.76,0,0,0
"MtrElec",2,7,6,"",112.07,0,0,0,0,0,0,0,0,0,0,0,0,0,0,0,0,0,0,0,0,112.07,0,0,0
"MtrElec",2,7,7,"",118.097,0,0,0,0,0,0,0,0,0,0,0,0,0,0,0,0,0,0,0,0,118.097,0,0,0
"MtrElec",2,7,8,"",34.6558,0,0,0,0,0,0,0,0,0,0,0,0,0,0,0,0,0,0,0,0,137.758,0,0,-103.103
"MtrElec",2,7,9,"",0,0,0,0,0,0,0,0,0,0,0,0,0,0,0,0,0,0,0,0,0,144.226,0,106.315,-250.54
"MtrElec",2,7,10,"",0.0000156,0,0,0,0,0,0,0,0,0,0,0,0,0,0,0,0,0,0,0,0,149.654,0,219.317,-368.971
"MtrElec",2,7,11,"",-67.7219,0,0,0,0,0,0,0,0,0,0,0,0,0,0,0,0,0,0,0,0,157.86,0,224.226,-449.808
"MtrElec",2,7,12,"",-286.615,0,0,0,0,0,0,0,0,0,0,0,0,0,0,0,0,0,0,0,0,185.756,0,11.8883,-484.26
"MtrElec",2,7,13,"",-326.245,0,0,0,0,0,0,0,0,0,0,0,0,0,0,0,0,0,0,0,0,157.613,0,0,-483.858
"MtrElec",2,7,14,"",-335.558,0,0,0,0,0,0,0,0,0,0,0,0,0,0,0,0,0,0,0,0,124.479,0,0,-460.037
"MtrElec",2,7,15,"",-243.402,0,0,0,0,0,0,0,0,0,0,0,0,0,0,0,0,0,0,0,0,146.878,0,0,-390.28
"MtrElec",2,7,16,"",-151.934,0,0,0,0,0,0,0,0,0,0,0,0,0,0,0,0,0,0,0,0,120.574,0,0,-272.508
"MtrElec",2,7,17,"",-4.2973,0,0,0,0,0,0,0,0,0,0,0,0,0,0,0,0,0,0,0,0,119.057,0,0,-123.354
"MtrElec",2,7,18,"",151.038,0,0,0,0,0,0,0,0,0,0,0,0,0,0,0,0,0,0,0,0,158.79,0,0,-7.75228
"MtrElec",2,7,19,"",11.7568,0,0,0,0,0,0,0,0,0,0,0,0,0,0,0,0,0,0,0,0,235.983,0,-224.226,0
"MtrElec",2,7,20,"",-37.9991,0,0,0,0,0,0,0,0,0,0,0,0,0,0,0,0,0,0,0,0,186.227,0,-224.226,0
"MtrElec",2,7,21,"",100.678,0,0,0,0,0,0,0,0,0,0,0,0,0,0,0,0,0,0,0,0,159.201,0,-58.5231,0
"MtrElec",2,7,22,"",163.779,0,0,0,0,0,0,0,0,0,0,0,0,0,0,0,0,0,0,0,0,163.779,0,0,0
"MtrElec",2,7,23,"",116.461,0,0,0,0,0,0,0,0,0,0,0,0,0,0,0,0,0,0,0,0,116.461,0,0,0
"MtrElec",2,7,24,"",113.768,0,0,0,0,0,0,0,0,0,0,0,0,0,0,0,0,0,0,0,0,113.768,0,0,0
"MtrElec",2,8,1,"",93.2951,0,0,0,0,0,0,0,0,0,0,0,0,0,0,0,0,0,0,0,0,93.2951,0,0,0
"MtrElec",2,8,2,"",82.3424,0,0,0,0,0,0,0,0,0,0,0,0,0,0,0,0,0,0,0,0,82.3424,0,0,0
"MtrElec",2,8,3,"",88.3342,0,0,0,0,0,0,0,0,0,0,0,0,0,0,0,0,0,0,0,0,88.3342,0,0,0
"MtrElec",2,8,4,"",91.8551,0,0,0,0,0,0,0,0,0,0,0,0,0,0,0,0,0,0,0,0,91.8551,0,0,0
"MtrElec",2,8,5,"",109.208,0,0,0,0,0,0,0,0,0,0,0,0,0,0,0,0,0,0,0,0,109.208,0,0,0
"MtrElec",2,8,6,"",92.7044,0,0,0,0,0,0,0,0,0,0,0,0,0,0,0,0,0,0,0,0,92.7044,0,0,0
"MtrElec",2,8,7,"",104.581,0,0,0,0,0,0,0,0,0,0,0,0,0,0,0,0,0,0,0,0,104.581,0,0,0
"MtrElec",2,8,8,"",21.9878,0,0,0,0,0,0,0,0,0,0,0,0,0,0,0,0,0,0,0,0,125.544,0,0,-103.556
"MtrElec",2,8,9,"",0.0000078,0,0,0,0,0,0,0,0,0,0,0,0,0,0,0,0,0,0,0,0,131.446,0,122.47,-253.915
"MtrElec",2,8,10,"",-17.4309,0,0,0,0,0,0,0,0,0,0,0,0,0,0,0,0,0,0,0,0,130.446,0,224.226,-372.104
"MtrElec",2,8,11,"",-66.5607,0,0,0,0,0,0,0,0,0,0,0,0,0,0,0,0,0,0,0,0,163.944,0,215.05,-445.555
"MtrElec",2,8,12,"",-325.265,0,0,0,0,0,0,0,0,0,0,0,0,0,0,0,0,0,0,0,0,168.164,0,0,-493.429
"MtrElec",2,8,13,"",-340.258,0,0,0,0,0,0,0,0,0,0,0,0,0,0,0,0,0,0,0,0,158.13,0,0,-498.389
"MtrElec",2,8,14,"",-315.08,0,0,0,0,0,0,0,0,0,0,0,0,0,0,0,0,0,0,0,0,138.746,0,0,-453.827
"MtrElec",2,8,15,"",-219.22,0,0,0,0,0,0,0,0,0,0,0,0,0,0,0,0,0,0,0,0,166.134,0,0,-385.354
"MtrElec",2,8,16,"",-137.762,0,0,0,0,0,0,0,0,0,0,0,0,0,0,0,0,0,0,0,0,137.704,0,0,-275.467
"MtrElec",2,8,17,"",9.42739,0,0,0,0,0,0,0,0,0,0,0,0,0,0,0,0,0,0,0,0,137.268,0,0,-127.84
"MtrElec",2,8,18,"",158.771,0,0,0,0,0,0,0,0,0,0,0,0,0,0,0,0,0,0,0,0,167.616,0,0,-8.84535
"MtrElec",2,8,19,"",-19.8154,0,0,0,0,0,0,0,0,0,0,0,0,0,0,0,0,0,0,0,0,204.411,0,-224.226,0
"MtrElec",2,8,20,"",-32.9617,0,0,0,0,0,0,0,0,0,0,0,0,0,0,0,0,0,0,0,0,191.265,0,-224.226,0
"MtrElec",2,8,21,"",107.446,0,0,0,0,0,0,0,0,0,0,0,0,0,0,0,0,0,0,0,0,165.97,0,-58.5231,0
"MtrElec",2,8,22,"",165.821,0,0,0,0,0,0,0,0,0,0,0,0,0,0,0,0,0,0,0,0,165.821,0,0,0
"MtrElec",2,8,23,"",121.01,0,0,0,0,0,0,0,0,0,0,0,0,0,0,0,0,0,0,0,0,121.01,0,0,0
"MtrElec",2,8,24,"",120.864,0,0,0,0,0,0,0,0,0,0,0,0,0,0,0,0,0,0,0,0,120.864,0,0,0
"MtrElec",2,9,1,"",93.3316,0,0,0,0,0,0,0,0,0,0,0,0,0,0,0,0,0,0,0,0,93.3316,0,0,0
"MtrElec",2,9,2,"",79.1494,0,0,0,0,0,0,0,0,0,0,0,0,0,0,0,0,0,0,0,0,79.1494,0,0,0
"MtrElec",2,9,3,"",80.2501,0,0,0,0,0,0,0,0,0,0,0,0,0,0,0,0,0,0,0,0,80.2501,0,0,0
"MtrElec",2,9,4,"",81.9828,0,0,0,0,0,0,0,0,0,0,0,0,0,0,0,0,0,0,0,0,81.9828,0,0,0
"MtrElec",2,9,5,"",85.7495,0,0,0,0,0,0,0,0,0,0,0,0,0,0,0,0,0,0,0,0,85.7495,0,0,0
"MtrElec",2,9,6,"",89.8942,0,0,0,0,0,0,0,0,0,0,0,0,0,0,0,0,0,0,0,0,89.8942,0,0,0
"MtrElec",2,9,7,"",100.589,0,0,0,0,0,0,0,0,0,0,0,0,0,0,0,0,0,0,0,0,100.589,0,0,0
"MtrElec",2,9,8,"",9.93787,0,0,0,0,0,0,0,0,0,0,0,0,0,0,0,0,0,0,0,0,117.849,0,0,-107.911
"MtrElec",2,9,9,"",0,0,0,0,0,0,0,0,0,0,0,0,0,0,0,0,0,0,0,0,0,128.719,0,130.04,-258.759
"MtrElec",2,9,10,"",-5.73523,0,0,0,0,0,0,0,0,0,0,0,0,0,0,0,0,0,0,0,0,148.712,0,224.226,-378.674
"MtrElec",2,9,11,"",-100.356,0,0,0,0,0,0,0,0,0,0,0,0,0,0,0,0,0,0,0,0,151.134,0,207.48,-458.969
"MtrElec",2,9,12,"",-373.151,0,0,0,0,0,0,0,0,0,0,0,0,0,0,0,0,0,0,0,0,129.432,0,0,-502.583
"MtrElec",2,9,13,"",-330.428,0,0,0,0,0,0,0,0,0,0,0,0,0,0,0,0,0,0,0,0,174.247,0,0,-504.675
"MtrElec",2,9,14,"",-359.886,0,0,0,0,0,0,0,0,0,0,0,0,0,0,0,0,0,0,0,0,98.8896,0,0,-458.776
"MtrElec",2,9,15,"",-260.613,0,0,0,0,0,0,0,0,0,0,0,0,0,0,0,0,0,0,0,0,114.465,0,0,-375.078
"MtrElec",2,9,16,"",-145.644,0,0,0,0,0,0,0,0,0,0,0,0,0,0,0,0,0,0,0,0,123.111,0,0,-268.756
"MtrElec",2,9,17,"",9.71121,0,0,0,0,0,0,0,0,0,0,0,0,0,0,0,0,0,0,0,0,137.354,0,0,-127.643
"MtrElec",2,9,18,"",144.368,0,0,0,0,0,0,0,0,0,0,0,0,0,0,0,0,0,0,0,0,154.033,0,0,-9.66479
"MtrElec",2,9,19,"",-63.8764,0,0,0,0,0,0,0,0,0,0,0,0,0,0,0,0,0,0,0,0,160.35,0,-224.226,0
"MtrElec",2,9,20,"",-58.0164,0,0,0,0,0,0,0,0,0,0,0,0,0,0,0,0,0,0,0,0,166.21,0,-224.226,0
"MtrElec",2,9,21,"",152.642,0,0,0,0,0,0,0,0,0,0,0,0,0,0,0,0,0,0,0,0,211.165,0,-58.5231,0
"MtrElec",2,9,22,"",146.638,0,0,0,0,0,0,0,0,0,0,0,0,0,0,0,0,0,0,0,0,146.638,0,0,0
"MtrElec",2,9,23,"",145.179,0,0,0,0,0,0,0,0,0,0,0,0,0,0,0,0,0,0,0,0,145.179,0,0,0
"MtrElec",2,9,24,"",157.4,0,0,0,0,0,0,0,0,0,0,0,0,0,0,0,0,0,0,0,0,157.4,0,0,0
"MtrElec",2,10,1,"",114.559,0,0,0,0,0,0,0,0,0,0,0,0,0,0,0,0,0,0,0,0,114.559,0,0,0
"MtrElec",2,10,2,"",81.9702,0,0,0,0,0,0,0,0,0,0,0,0,0,0,0,0,0,0,0,0,81.9702,0,0,0
"MtrElec",2,10,3,"",77.8299,0,0,0,0,0,0,0,0,0,0,0,0,0,0,0,0,0,0,0,0,77.8299,0,0,0
"MtrElec",2,10,4,"",77.3672,0,0,0,0,0,0,0,0,0,0,0,0,0,0,0,0,0,0,0,0,77.3672,0,0,0
"MtrElec",2,10,5,"",76.938,0,0,0,0,0,0,0,0,0,0,0,0,0,0,0,0,0,0,0,0,76.938,0,0,0
"MtrElec",2,10,6,"",89.3056,0,0,0,0,0,0,0,0,0,0,0,0,0,0,0,0,0,0,0,0,89.3056,0,0,0
"MtrElec",2,10,7,"",111.335,0,0,0,0,0,0,0,0,0,0,0,0,0,0,0,0,0,0,0,0,111.335,0,0,0
"MtrElec",2,10,8,"",7.42,0,0,0,0,0,0,0,0,0,0,0,0,0,0,0,0,0,0,0,0,116.951,0,0,-109.531
"MtrElec",2,10,9,"",0.0000078,0,0,0,0,0,0,0,0,0,0,0,0,0,0,0,0,0,0,0,0,147.792,0,112.255,-260.047
"MtrElec",2,10,10,"",0,0,0,0,0,0,0,0,0,0,0,0,0,0,0,0,0,0,0,0,0,148.667,0,141.456,-290.124
"MtrElec",2,10,11,"",-69.3436,0,0,0,0,0,0,0,0,0,0,0,0,0,0,0,0,0,0,0,0,133.421,0,224.226,-426.992
"MtrElec",2,10,12,"",-278.822,0,0,0,0,0,0,0,0,0,0,0,0,0,0,0,0,0,0,0,0,117.611,0,83.8089,-480.242
"MtrElec",2,10,13,"",-344.695,0,0,0,0,0,0,0,0,0,0,0,0,0,0,0,0,0,0,0,0,137.515,0,0,-482.21
"MtrElec",2,10,14,"",-289.508,0,0,0,0,0,0,0,0,0,0,0,0,0,0,0,0,0,0,0,0,142.376,0,0,-431.884
"MtrElec",2,10,15,"",-242.542,0,0,0,0,0,0,0,0,0,0,0,0,0,0,0,0,0,0,0,0,118.725,0,0,-361.267
"MtrElec",2,10,16,"",-149.003,0,0,0,0,0,0,0,0,0,0,0,0,0,0,0,0,0,0,0,0,113.644,0,0,-262.648
"MtrElec",2,10,17,"",69.2728,0,0,0,0,0,0,0,0,0,0,0,0,0,0,0,0,0,0,0,0,153.465,0,0,-84.1923
"MtrElec",2,10,18,"",169.646,0,0,0,0,0,0,0,0,0,0,0,0,0,0,0,0,0,0,0,0,172.712,0,0,-3.06562
"MtrElec",2,10,19,"",-50.0224,0,0,0,0,0,0,0,0,0,0,0,0,0,0,0,0,0,0,0,0,174.204,0,-224.226,0
"MtrElec",2,10,20,"",-46.5311,0,0,0,0,0,0,0,0,0,0,0,0,0,0,0,0,0,0,0,0,177.695,0,-224.226,0
"MtrElec",2,10,21,"",125.251,0,0,0,0,0,0,0,0,0,0,0,0,0,0,0,0,0,0,0,0,183.774,0,-58.5231,0
"MtrElec",2,10,22,"",133.63,0,0,0,0,0,0,0,0,0,0,0,0,0,0,0,0,0,0,0,0,133.63,0,0,0
"MtrElec",2,10,23,"",141.079,0,0,0,0,0,0,0,0,0,0,0,0,0,0,0,0,0,0,0,0,141.079,0,0,0
"MtrElec",2,10,24,"",122.37,0,0,0,0,0,0,0,0,0,0,0,0,0,0,0,0,0,0,0,0,122.37,0,0,0
"MtrElec",2,11,1,"",90.7513,0,0,0,0,0,0,0,0,0,0,0,0,0,0,0,0,0,0,0,0,90.7513,0,0,0
"MtrElec",2,11,2,"",81.4092,0,0,0,0,0,0,0,0,0,0,0,0,0,0,0,0,0,0,0,0,81.4092,0,0,0
"MtrElec",2,11,3,"",77.7497,0,0,0,0,0,0,0,0,0,0,0,0,0,0,0,0,0,0,0,0,77.7497,0,0,0
"MtrElec",2,11,4,"",77.288,0,0,0,0,0,0,0,0,0,0,0,0,0,0,0,0,0,0,0,0,77.288,0,0,0
"MtrElec",2,11,5,"",80.4054,0,0,0,0,0,0,0,0,0,0,0,0,0,0,0,0,0,0,0,0,80.4054,0,0,0
"MtrElec",2,11,6,"",88.9722,0,0,0,0,0,0,0,0,0,0,0,0,0,0,0,0,0,0,0,0,88.9722,0,0,0
"MtrElec",2,11,7,"",103.944,0,0,0,0,0,0,0,0,0,0,0,0,0,0,0,0,0,0,0,0,103.944,0,0,0
"MtrElec",2,11,8,"",0,0,0,0,0,0,0,0,0,0,0,0,0,0,0,0,0,0,0,0,0,104.24,0,5.85966,-110.099
"MtrElec",2,11,9,"",0,0,0,0,0,0,0,0,0,0,0,0,0,0,0,0,0,0,0,0,0,119.408,0,144.62,-264.028
"MtrElec",2,11,10,"",0,0,0,0,0,0,0,0,0,0,0,0,0,0,0,0,0,0,0,0,0,159.717,0,216.86,-376.578
"MtrElec",2,11,11,"",-98.4733,0,0,0,0,0,0,0,0,0,0,0,0,0,0,0,0,0,0,0,0,155.344,0,194.406,-448.224
"MtrElec",2,11,12,"",-354.847,0,0,0,0,0,0,0,0,0,0,0,0,0,0,0,0,0,0,0,0,143.567,0,0,-498.414
"MtrElec",2,11,13,"",-339.819,0,0,0,0,0,0,0,0,0,0,0,0,0,0,0,0,0,0,0,0,168.521,0,0,-508.341
"MtrElec",2,11,14,"",-338.243,0,0,0,0,0,0,0,0,0,0,0,0,0,0,0,0,0,0,0,0,120.157,0,0,-458.401
"MtrElec",2,11,15,"",-255.525,0,0,0,0,0,0,0,0,0,0,0,0,0,0,0,0,0,0,0,0,124.062,0,0,-379.587
"MtrElec",2,11,16,"",-149.65,0,0,0,0,0,0,0,0,0,0,0,0,0,0,0,0,0,0,0,0,129.616,0,0,-279.266
"MtrElec",2,11,17,"",7.08836,0,0,0,0,0,0,0,0,0,0,0,0,0,0,0,0,0,0,0,0,138.544,0,0,-131.456
"MtrElec",2,11,18,"",161.354,0,0,0,0,0,0,0,0,0,0,0,0,0,0,0,0,0,0,0,0,171.119,0,0,-9.76515
"MtrElec",2,11,19,"",-28.8713,0,0,0,0,0,0,0,0,0,0,0,0,0,0,0,0,0,0,0,0,195.355,0,-224.226,0
"MtrElec",2,11,20,"",-43.0405,0,0,0,0,0,0,0,0,0,0,0,0,0,0,0,0,0,0,0,0,181.186,0,-224.226,0
"MtrElec",2,11,21,"",108.778,0,0,0,0,0,0,0,0,0,0,0,0,0,0,0,0,0,0,0,0,167.301,0,-58.5231,0
"MtrElec",2,11,22,"",144.502,0,0,0,0,0,0,0,0,0,0,0,0,0,0,0,0,0,0,0,0,144.502,0,0,0
"MtrElec",2,11,23,"",153.491,0,0,0,0,0,0,0,0,0,0,0,0,0,0,0,0,0,0,0,0,153.491,0,0,0
"MtrElec",2,11,24,"",131.075,0,0,0,0,0,0,0,0,0,0,0,0,0,0,0,0,0,0,0,0,131.075,0,0,0
"MtrElec",2,12,1,"",90.2579,0,0,0,0,0,0,0,0,0,0,0,0,0,0,0,0,0,0,0,0,90.2579,0,0,0
"MtrElec",2,12,2,"",77.9295,0,0,0,0,0,0,0,0,0,0,0,0,0,0,0,0,0,0,0,0,77.9295,0,0,0
"MtrElec",2,12,3,"",78.4526,0,0,0,0,0,0,0,0,0,0,0,0,0,0,0,0,0,0,0,0,78.4526,0,0,0
"MtrElec",2,12,4,"",79.8994,0,0,0,0,0,0,0,0,0,0,0,0,0,0,0,0,0,0,0,0,79.8994,0,0,0
"MtrElec",2,12,5,"",79.7837,0,0,0,0,0,0,0,0,0,0,0,0,0,0,0,0,0,0,0,0,79.7837,0,0,0
"MtrElec",2,12,6,"",83.9977,0,0,0,0,0,0,0,0,0,0,0,0,0,0,0,0,0,0,0,0,83.9977,0,0,0
"MtrElec",2,12,7,"",95.7593,0,0,0,0,0,0,0,0,0,0,0,0,0,0,0,0,0,0,0,0,95.7593,0,0,0
"MtrElec",2,12,8,"",21.6724,0,0,0,0,0,0,0,0,0,0,0,0,0,0,0,0,0,0,0,0,130.545,0,0,-108.873
"MtrElec",2,12,9,"",0,0,0,0,0,0,0,0,0,0,0,0,0,0,0,0,0,0,0,0,0,157.567,0,106.91,-264.477
"MtrElec",2,12,10,"",0.0000156,0,0,0,0,0,0,0,0,0,0,0,0,0,0,0,0,0,0,0,0,164.785,0,221.988,-386.773
"MtrElec",2,12,11,"",-67.8525,0,0,0,0,0,0,0,0,0,0,0,0,0,0,0,0,0,0,0,0,171.633,0,224.226,-463.712
"MtrElec",2,12,12,"",-336.07,0,0,0,0,0,0,0,0,0,0,0,0,0,0,0,0,0,0,0,0,158.117,0,8.62216,-502.809
"MtrElec",2,12,13,"",-296.689,0,0,0,0,0,0,0,0,0,0,0,0,0,0,0,0,0,0,0,0,206.738,0,0,-503.427
"MtrElec",2,12,14,"",-345.755,0,0,0,0,0,0,0,0,0,0,0,0,0,0,0,0,0,0,0,0,119.41,0,0,-465.165
"MtrElec",2,12,15,"",-255.959,0,0,0,0,0,0,0,0,0,0,0,0,0,0,0,0,0,0,0,0,134.658,0,0,-390.617
"MtrElec",2,12,16,"",-128.431,0,0,0,0,0,0,0,0,0,0,0,0,0,0,0,0,0,0,0,0,151.335,0,0,-279.766
"MtrElec",2,12,17,"",39.027,0,0,0,0,0,0,0,0,0,0,0,0,0,0,0,0,0,0,0,0,172.475,0,0,-133.448
"MtrElec",2,12,18,"",147.488,0,0,0,0,0,0,0,0,0,0,0,0,0,0,0,0,0,0,0,0,157.898,0,0,-10.4106
"MtrElec",2,12,19,"",-37.1051,0,0,0,0,0,0,0,0,0,0,0,0,0,0,0,0,0,0,0,0,187.121,0,-224.226,0
"MtrElec",2,12,20,"",-48.6797,0,0,0,0,0,0,0,0,0,0,0,0,0,0,0,0,0,0,0,0,175.547,0,-224.226,0
"MtrElec",2,12,21,"",118.306,0,0,0,0,0,0,0,0,0,0,0,0,0,0,0,0,0,0,0,0,176.829,0,-58.5231,0
"MtrElec",2,12,22,"",144.939,0,0,0,0,0,0,0,0,0,0,0,0,0,0,0,0,0,0,0,0,144.939,0,0,0
"MtrElec",2,12,23,"",128.468,0,0,0,0,0,0,0,0,0,0,0,0,0,0,0,0,0,0,0,0,128.468,0,0,0
"MtrElec",2,12,24,"",106.094,0,0,0,0,0,0,0,0,0,0,0,0,0,0,0,0,0,0,0,0,106.094,0,0,0
"MtrElec",2,13,1,"",90.3552,0,0,0,0,0,0,0,0,0,0,0,0,0,0,0,0,0,0,0,0,90.3552,0,0,0
"MtrElec",2,13,2,"",77.8555,0,0,0,0,0,0,0,0,0,0,0,0,0,0,0,0,0,0,0,0,77.8555,0,0,0
"MtrElec",2,13,3,"",80.9377,0,0,0,0,0,0,0,0,0,0,0,0,0,0,0,0,0,0,0,0,80.9377,0,0,0
"MtrElec",2,13,4,"",82.9655,0,0,0,0,0,0,0,0,0,0,0,0,0,0,0,0,0,0,0,0,82.9655,0,0,0
"MtrElec",2,13,5,"",82.8614,0,0,0,0,0,0,0,0,0,0,0,0,0,0,0,0,0,0,0,0,82.8614,0,0,0
"MtrElec",2,13,6,"",81.9965,0,0,0,0,0,0,0,0,0,0,0,0,0,0,0,0,0,0,0,0,81.9965,0,0,0
"MtrElec",2,13,7,"",92.4987,0,0,0,0,0,0,0,0,0,0,0,0,0,0,0,0,0,0,0,0,92.4987,0,0,0
"MtrElec",2,13,8,"",26.5112,0,0,0,0,0,0,0,0,0,0,0,0,0,0,0,0,0,0,0,0,111.343,0,0,-84.8321
"MtrElec",2,13,9,"",0.0000078,0,0,0,0,0,0,0,0,0,0,0,0,0,0,0,0,0,0,0,0,139.664,0,76.8233,-216.488
"MtrElec",2,13,10,"",-1.43678,0,0,0,0,0,0,0,0,0,0,0,0,0,0,0,0,0,0,0,0,151.032,0,224.226,-376.695
"MtrElec",2,13,11,"",-93.6846,0,0,0,0,0,0,0,0,0,0,0,0,0,0,0,0,0,0,0,0,142.457,0,224.226,-460.368
"MtrElec",2,13,12,"",-350.105,0,0,0,0,0,0,0,0,0,0,0,0,0,0,0,0,0,0,0,0,118.855,0,36.4701,-505.431
"MtrElec",2,13,13,"",-357.567,0,0,0,0,0,0,0,0,0,0,0,0,0,0,0,0,0,0,0,0,158.081,0,0,-515.648
"MtrElec",2,13,14,"",-381.726,0,0,0,0,0,0,0,0,0,0,0,0,0,0,0,0,0,0,0,0,99.6969,0,0,-481.423
"MtrElec",2,13,15,"",-298.363,0,0,0,0,0,0,0,0,0,0,0,0,0,0,0,0,0,0,0,0,101.788,0,0,-400.151
"MtrElec",2,13,16,"",-171.171,0,0,0,0,0,0,0,0,0,0,0,0,0,0,0,0,0,0,0,0,103.437,0,0,-274.607
"MtrElec",2,13,17,"",60.9802,0,0,0,0,0,0,0,0,0,0,0,0,0,0,0,0,0,0,0,0,126.326,0,0,-65.3454
"MtrElec",2,13,18,"",158.393,0,0,0,0,0,0,0,0,0,0,0,0,0,0,0,0,0,0,0,0,158.393,0,0,0
"MtrElec",2,13,19,"",-46.3834,0,0,0,0,0,0,0,0,0,0,0,0,0,0,0,0,0,0,0,0,177.843,0,-224.226,0
"MtrElec",2,13,20,"",-49.5335,0,0,0,0,0,0,0,0,0,0,0,0,0,0,0,0,0,0,0,0,174.693,0,-224.226,0
"MtrElec",2,13,21,"",116.766,0,0,0,0,0,0,0,0,0,0,0,0,0,0,0,0,0,0,0,0,175.289,0,-58.5231,0
"MtrElec",2,13,22,"",145.092,0,0,0,0,0,0,0,0,0,0,0,0,0,0,0,0,0,0,0,0,145.092,0,0,0
"MtrElec",2,13,23,"",145.768,0,0,0,0,0,0,0,0,0,0,0,0,0,0,0,0,0,0,0,0,145.768,0,0,0
"MtrElec",2,13,24,"",119.051,0,0,0,0,0,0,0,0,0,0,0,0,0,0,0,0,0,0,0,0,119.051,0,0,0
"MtrElec",2,14,1,"",98.6562,0,0,0,0,0,0,0,0,0,0,0,0,0,0,0,0,0,0,0,0,98.6562,0,0,0
"MtrElec",2,14,2,"",77.273,0,0,0,0,0,0,0,0,0,0,0,0,0,0,0,0,0,0,0,0,77.273,0,0,0
"MtrElec",2,14,3,"",77.0738,0,0,0,0,0,0,0,0,0,0,0,0,0,0,0,0,0,0,0,0,77.0738,0,0,0
"MtrElec",2,14,4,"",78.1946,0,0,0,0,0,0,0,0,0,0,0,0,0,0,0,0,0,0,0,0,78.1946,0,0,0
"MtrElec",2,14,5,"",88.0956,0,0,0,0,0,0,0,0,0,0,0,0,0,0,0,0,0,0,0,0,88.0956,0,0,0
"MtrElec",2,14,6,"",81.8016,0,0,0,0,0,0,0,0,0,0,0,0,0,0,0,0,0,0,0,0,81.8016,0,0,0
"MtrElec",2,14,7,"",90.9093,0,0,0,0,0,0,0,0,0,0,0,0,0,0,0,0,0,0,0,0,90.9093,0,0,0
"MtrElec",2,14,8,"",103.913,0,0,0,0,0,0,0,0,0,0,0,0,0,0,0,0,0,0,0,0,103.913,0,0,0
"MtrElec",2,14,9,"",94.0506,0,0,0,0,0,0,0,0,0,0,0,0,0,0,0,0,0,0,0,0,115.74,0,0,-21.6892
"MtrElec",2,14,10,"",0,0,0,0,0,0,0,0,0,0,0,0,0,0,0,0,0,0,0,0,0,129.338,0,95.2508,-224.589
"MtrElec",2,14,11,"",0,0,0,0,0,0,0,0,0,0,0,0,0,0,0,0,0,0,0,0,0,199.471,0,164.814,-364.285
"MtrElec",2,14,12,"",0.0000078,0,0,0,0,0,0,0,0,0,0,0,0,0,0,0,0,0,0,0,0,165.581,0,113.65,-279.232
"MtrElec",2,14,13,"",0.0000156,0,0,0,0,0,0,0,0,0,0,0,0,0,0,0,0,0,0,0,0,160.885,0,167.242,-328.127
"MtrElec",2,14,14,"",-281.629,0,0,0,0,0,0,0,0,0,0,0,0,0,0,0,0,0,0,0,0,141.582,0,20.789,-444
"MtrElec",2,14,15,"",-211.222,0,0,0,0,0,0,0,0,0,0,0,0,0,0,0,0,0,0,0,0,167.055,0,0,-378.278
"MtrElec",2,14,16,"",-160.854,0,0,0,0,0,0,0,0,0,0,0,0,0,0,0,0,0,0,0,0,131.955,0,0,-292.809
"MtrElec",2,14,17,"",-24.0253,0,0,0,0,0,0,0,0,0,0,0,0,0,0,0,0,0,0,0,0,125.607,0,0,-149.632
"MtrElec",2,14,18,"",146.069,0,0,0,0,0,0,0,0,0,0,0,0,0,0,0,0,0,0,0,0,159.095,0,0,-13.0255
"MtrElec",2,14,19,"",5.09148,0,0,0,0,0,0,0,0,0,0,0,0,0,0,0,0,0,0,0,0,229.318,0,-224.226,0
"MtrElec",2,14,20,"",-46.2759,0,0,0,0,0,0,0,0,0,0,0,0,0,0,0,0,0,0,0,0,177.951,0,-224.226,0
"MtrElec",2,14,21,"",106.402,0,0,0,0,0,0,0,0,0,0,0,0,0,0,0,0,0,0,0,0,164.925,0,-58.5231,0
"MtrElec",2,14,22,"",169.116,0,0,0,0,0,0,0,0,0,0,0,0,0,0,0,0,0,0,0,0,169.116,0,0,0
"MtrElec",2,14,23,"",119.404,0,0,0,0,0,0,0,0,0,0,0,0,0,0,0,0,0,0,0,0,119.404,0,0,0
"MtrElec",2,14,24,"",124.951,0,0,0,0,0,0,0,0,0,0,0,0,0,0,0,0,0,0,0,0,124.951,0,0,0
"MtrElec",2,15,1,"",81.315,0,0,0,0,0,0,0,0,0,0,0,0,0,0,0,0,0,0,0,0,81.315,0,0,0
"MtrElec",2,15,2,"",76.6169,0,0,0,0,0,0,0,0,0,0,0,0,0,0,0,0,0,0,0,0,76.6169,0,0,0
"MtrElec",2,15,3,"",77.877,0,0,0,0,0,0,0,0,0,0,0,0,0,0,0,0,0,0,0,0,77.877,0,0,0
"MtrElec",2,15,4,"",80.3081,0,0,0,0,0,0,0,0,0,0,0,0,0,0,0,0,0,0,0,0,80.3081,0,0,0
"MtrElec",2,15,5,"",102.243,0,0,0,0,0,0,0,0,0,0,0,0,0,0,0,0,0,0,0,0,102.243,0,0,0
"MtrElec",2,15,6,"",77.8715,0,0,0,0,0,0,0,0,0,0,0,0,0,0,0,0,0,0,0,0,77.8715,0,0,0
"MtrElec",2,15,7,"",79.9853,0,0,0,0,0,0,0,0,0,0,0,0,0,0,0,0,0,0,0,0,88.6201,0,0,-8.63476
"MtrElec",2,15,8,"",2.61363,0,0,0,0,0,0,0,0,0,0,0,0,0,0,0,0,0,0,0,0,119.394,0,0,-116.781
"MtrElec",2,15,9,"",-0.0000078,0,0,0,0,0,0,0,0,0,0,0,0,0,0,0,0,0,0,0,0,130.12,0,152.211,-282.331
"MtrElec",2,15,10,"",-20.2456,0,0,0,0,0,0,0,0,0,0,0,0,0,0,0,0,0,0,0,0,169.543,0,224.226,-414.016
"MtrElec",2,15,11,"",-114.531,0,0,0,0,0,0,0,0,0,0,0,0,0,0,0,0,0,0,0,0,200.282,0,185.309,-500.121
"MtrElec",2,15,12,"",-367.466,0,0,0,0,0,0,0,0,0,0,0,0,0,0,0,0,0,0,0,0,170.991,0,0,-538.457
"MtrElec",2,15,13,"",-369.145,0,0,0,0,0,0,0,0,0,0,0,0,0,0,0,0,0,0,0,0,163.862,0,0,-533.007
"MtrElec",2,15,14,"",-354.016,0,0,0,0,0,0,0,0,0,0,0,0,0,0,0,0,0,0,0,0,136.124,0,0,-490.139
"MtrElec",2,15,15,"",-249.857,0,0,0,0,0,0,0,0,0,0,0,0,0,0,0,0,0,0,0,0,162.287,0,0,-412.144
"MtrElec",2,15,16,"",-179.65,0,0,0,0,0,0,0,0,0,0,0,0,0,0,0,0,0,0,0,0,115.965,0,0,-295.615
"MtrElec",2,15,17,"",-26.2725,0,0,0,0,0,0,0,0,0,0,0,0,0,0,0,0,0,0,0,0,116.678,0,0,-142.95
"MtrElec",2,15,18,"",128.348,0,0,0,0,0,0,0,0,0,0,0,0,0,0,0,0,0,0,0,0,140.517,0,0,-12.1683
"MtrElec",2,15,19,"",-28.2025,0,0,0,0,0,0,0,0,0,0,0,0,0,0,0,0,0,0,0,0,196.024,0,-224.226,0
"MtrElec",2,15,20,"",-53.7372,0,0,0,0,0,0,0,0,0,0,0,0,0,0,0,0,0,0,0,0,170.489,0,-224.226,0
"MtrElec",2,15,21,"",108.352,0,0,0,0,0,0,0,0,0,0,0,0,0,0,0,0,0,0,0,0,166.875,0,-58.5231,0
"MtrElec",2,15,22,"",179.657,0,0,0,0,0,0,0,0,0,0,0,0,0,0,0,0,0,0,0,0,179.657,0,0,0
"MtrElec",2,15,23,"",120.125,0,0,0,0,0,0,0,0,0,0,0,0,0,0,0,0,0,0,0,0,120.125,0,0,0
"MtrElec",2,15,24,"",132.283,0,0,0,0,0,0,0,0,0,0,0,0,0,0,0,0,0,0,0,0,132.283,0,0,0
"MtrElec",2,16,1,"",140.208,0,0,0,0,0,0,0,0,0,0,0,0,0,0,0,0,0,0,0,0,140.208,0,0,0
"MtrElec",2,16,2,"",115.47,0,0,0,0,0,0,0,0,0,0,0,0,0,0,0,0,0,0,0,0,115.47,0,0,0
"MtrElec",2,16,3,"",120.541,0,0,0,0,0,0,0,0,0,0,0,0,0,0,0,0,0,0,0,0,120.541,0,0,0
"MtrElec",2,16,4,"",124.068,0,0,0,0,0,0,0,0,0,0,0,0,0,0,0,0,0,0,0,0,124.068,0,0,0
"MtrElec",2,16,5,"",126.796,0,0,0,0,0,0,0,0,0,0,0,0,0,0,0,0,0,0,0,0,126.796,0,0,0
"MtrElec",2,16,6,"",133.454,0,0,0,0,0,0,0,0,0,0,0,0,0,0,0,0,0,0,0,0,133.454,0,0,0
"MtrElec",2,16,7,"",128.943,0,0,0,0,0,0,0,0,0,0,0,0,0,0,0,0,0,0,0,0,137.556,0,0,-8.61298
"MtrElec",2,16,8,"",24.9853,0,0,0,0,0,0,0,0,0,0,0,0,0,0,0,0,0,0,0,0,141.059,0,0,-116.074
"MtrElec",2,16,9,"",0,0,0,0,0,0,0,0,0,0,0,0,0,0,0,0,0,0,0,0,0,164.102,0,112.858,-276.96
"MtrElec",2,16,10,"",0,0,0,0,0,0,0,0,0,0,0,0,0,0,0,0,0,0,0,0,0,240.085,0,161.352,-401.437
"MtrElec",2,16,11,"",-39.6682,0,0,0,0,0,0,0,0,0,0,0,0,0,0,0,0,0,0,0,0,217.053,0,224.226,-480.948
"MtrElec",2,16,12,"",-277.302,0,0,0,0,0,0,0,0,0,0,0,0,0,0,0,0,0,0,0,0,184.476,0,63.3101,-525.089
"MtrElec",2,16,13,"",-344.627,0,0,0,0,0,0,0,0,0,0,0,0,0,0,0,0,0,0,0,0,181.831,0,0,-526.458
"MtrElec",2,16,14,"",-313.45,0,0,0,0,0,0,0,0,0,0,0,0,0,0,0,0,0,0,0,0,171.342,0,0,-484.792
"MtrElec",2,16,15,"",-277.062,0,0,0,0,0,0,0,0,0,0,0,0,0,0,0,0,0,0,0,0,129.247,0,0,-406.309
"MtrElec",2,16,16,"",-169.533,0,0,0,0,0,0,0,0,0,0,0,0,0,0,0,0,0,0,0,0,122.446,0,0,-291.979
"MtrElec",2,16,17,"",-20.4349,0,0,0,0,0,0,0,0,0,0,0,0,0,0,0,0,0,0,0,0,121.266,0,0,-141.701
"MtrElec",2,16,18,"",153.364,0,0,0,0,0,0,0,0,0,0,0,0,0,0,0,0,0,0,0,0,165.58,0,0,-12.2156
"MtrElec",2,16,19,"",-40.7731,0,0,0,0,0,0,0,0,0,0,0,0,0,0,0,0,0,0,0,0,183.453,0,-224.226,0
"MtrElec",2,16,20,"",-71.0078,0,0,0,0,0,0,0,0,0,0,0,0,0,0,0,0,0,0,0,0,153.219,0,-224.226,0
"MtrElec",2,16,21,"",77.7076,0,0,0,0,0,0,0,0,0,0,0,0,0,0,0,0,0,0,0,0,136.231,0,-58.5231,0
"MtrElec",2,16,22,"",129.513,0,0,0,0,0,0,0,0,0,0,0,0,0,0,0,0,0,0,0,0,129.513,0,0,0
"MtrElec",2,16,23,"",131.179,0,0,0,0,0,0,0,0,0,0,0,0,0,0,0,0,0,0,0,0,131.179,0,0,0
"MtrElec",2,16,24,"",120.998,0,0,0,0,0,0,0,0,0,0,0,0,0,0,0,0,0,0,0,0,120.998,0,0,0
"MtrElec",2,17,1,"",90.9973,0,0,0,0,0,0,0,0,0,0,0,0,0,0,0,0,0,0,0,0,90.9973,0,0,0
"MtrElec",2,17,2,"",90.3794,0,0,0,0,0,0,0,0,0,0,0,0,0,0,0,0,0,0,0,0,90.3794,0,0,0
"MtrElec",2,17,3,"",91.4119,0,0,0,0,0,0,0,0,0,0,0,0,0,0,0,0,0,0,0,0,91.4119,0,0,0
"MtrElec",2,17,4,"",96.7918,0,0,0,0,0,0,0,0,0,0,0,0,0,0,0,0,0,0,0,0,96.7918,0,0,0
"MtrElec",2,17,5,"",98.5317,0,0,0,0,0,0,0,0,0,0,0,0,0,0,0,0,0,0,0,0,98.5317,0,0,0
"MtrElec",2,17,6,"",105.048,0,0,0,0,0,0,0,0,0,0,0,0,0,0,0,0,0,0,0,0,105.048,0,0,0
"MtrElec",2,17,7,"",111.043,0,0,0,0,0,0,0,0,0,0,0,0,0,0,0,0,0,0,0,0,119.562,0,0,-8.51933
"MtrElec",2,17,8,"",111.929,0,0,0,0,0,0,0,0,0,0,0,0,0,0,0,0,0,0,0,0,132.348,0,0,-20.4185
"MtrElec",2,17,9,"",93.7547,0,0,0,0,0,0,0,0,0,0,0,0,0,0,0,0,0,0,0,0,148.546,0,0,-54.7911
"MtrElec",2,17,10,"",0,0,0,0,0,0,0,0,0,0,0,0,0,0,0,0,0,0,0,0,0,151.127,0,83.1274,-234.254
"MtrElec",2,17,11,"",-100.155,0,0,0,0,0,0,0,0,0,0,0,0,0,0,0,0,0,0,0,0,151.951,0,224.226,-476.333
"MtrElec",2,17,12,"",-173.023,0,0,0,0,0,0,0,0,0,0,0,0,0,0,0,0,0,0,0,0,117.064,0,224.226,-514.314
"MtrElec",2,17,13,"",-367.29,0,0,0,0,0,0,0,0,0,0,0,0,0,0,0,0,0,0,0,0,127.356,0,30.166,-524.812
"MtrElec",2,17,14,"",-374.913,0,0,0,0,0,0,0,0,0,0,0,0,0,0,0,0,0,0,0,0,114.25,0,0,-489.163
"MtrElec",2,17,15,"",-315.489,0,0,0,0,0,0,0,0,0,0,0,0,0,0,0,0,0,0,0,0,96.785,0,0,-412.274
"MtrElec",2,17,16,"",-187.471,0,0,0,0,0,0,0,0,0,0,0,0,0,0,0,0,0,0,0,0,108.834,0,0,-296.305
"MtrElec",2,17,17,"",-5.67995,0,0,0,0,0,0,0,0,0,0,0,0,0,0,0,0,0,0,0,0,136.589,0,0,-142.269
"MtrElec",2,17,18,"",128.346,0,0,0,0,0,0,0,0,0,0,0,0,0,0,0,0,0,0,0,0,140.323,0,0,-11.9773
"MtrElec",2,17,19,"",-64.0467,0,0,0,0,0,0,0,0,0,0,0,0,0,0,0,0,0,0,0,0,160.18,0,-224.226,0
"MtrElec",2,17,20,"",-57.464,0,0,0,0,0,0,0,0,0,0,0,0,0,0,0,0,0,0,0,0,166.763,0,-224.226,0
"MtrElec",2,17,21,"",151.462,0,0,0,0,0,0,0,0,0,0,0,0,0,0,0,0,0,0,0,0,209.985,0,-58.5231,0
"MtrElec",2,17,22,"",150.735,0,0,0,0,0,0,0,0,0,0,0,0,0,0,0,0,0,0,0,0,150.735,0,0,0
"MtrElec",2,17,23,"",156.553,0,0,0,0,0,0,0,0,0,0,0,0,0,0,0,0,0,0,0,0,156.553,0,0,0
"MtrElec",2,17,24,"",118.789,0,0,0,0,0,0,0,0,0,0,0,0,0,0,0,0,0,0,0,0,118.789,0,0,0
"MtrElec",2,18,1,"",97.3344,0,0,0,0,0,0,0,0,0,0,0,0,0,0,0,0,0,0,0,0,97.3344,0,0,0
"MtrElec",2,18,2,"",86.8942,0,0,0,0,0,0,0,0,0,0,0,0,0,0,0,0,0,0,0,0,86.8942,0,0,0
"MtrElec",2,18,3,"",86.1081,0,0,0,0,0,0,0,0,0,0,0,0,0,0,0,0,0,0,0,0,86.1081,0,0,0
"MtrElec",2,18,4,"",88.1987,0,0,0,0,0,0,0,0,0,0,0,0,0,0,0,0,0,0,0,0,88.1987,0,0,0
"MtrElec",2,18,5,"",88.7583,0,0,0,0,0,0,0,0,0,0,0,0,0,0,0,0,0,0,0,0,88.7583,0,0,0
"MtrElec",2,18,6,"",96.7901,0,0,0,0,0,0,0,0,0,0,0,0,0,0,0,0,0,0,0,0,96.7901,0,0,0
"MtrElec",2,18,7,"",116.325,0,0,0,0,0,0,0,0,0,0,0,0,0,0,0,0,0,0,0,0,116.325,0,0,0
"MtrElec",2,18,8,"",85.8969,0,0,0,0,0,0,0,0,0,0,0,0,0,0,0,0,0,0,0,0,121.482,0,0,-35.5855
"MtrElec",2,18,9,"",0,0,0,0,0,0,0,0,0,0,0,0,0,0,0,0,0,0,0,0,0,147.328,0,33.1846,-180.512
"MtrElec",2,18,10,"",0.0000156,0,0,0,0,0,0,0,0,0,0,0,0,0,0,0,0,0,0,0,0,162.216,0,166.205,-328.42
"MtrElec",2,18,11,"",-15.1735,0,0,0,0,0,0,0,0,0,0,0,0,0,0,0,0,0,0,0,0,179.577,0,224.226,-418.977
"MtrElec",2,18,12,"",-214.392,0,0,0,0,0,0,0,0,0,0,0,0,0,0,0,0,0,0,0,0,147.407,0,138.13,-499.929
"MtrElec",2,18,13,"",-374.954,0,0,0,0,0,0,0,0,0,0,0,0,0,0,0,0,0,0,0,0,133.3,0,0,-508.254
"MtrElec",2,18,14,"",-385.333,0,0,0,0,0,0,0,0,0,0,0,0,0,0,0,0,0,0,0,0,91.4184,0,0,-476.752
"MtrElec",2,18,15,"",-247.261,0,0,0,0,0,0,0,0,0,0,0,0,0,0,0,0,0,0,0,0,104.344,0,0,-351.605
"MtrElec",2,18,16,"",-152.726,0,0,0,0,0,0,0,0,0,0,0,0,0,0,0,0,0,0,0,0,114.708,0,0,-267.434
"MtrElec",2,18,17,"",37.9817,0,0,0,0,0,0,0,0,0,0,0,0,0,0,0,0,0,0,0,0,146.755,0,0,-108.773
"MtrElec",2,18,18,"",153.627,0,0,0,0,0,0,0,0,0,0,0,0,0,0,0,0,0,0,0,0,161.921,0,0,-8.29436
"MtrElec",2,18,19,"",-58.6882,0,0,0,0,0,0,0,0,0,0,0,0,0,0,0,0,0,0,0,0,165.538,0,-224.226,0
"MtrElec",2,18,20,"",-53.9774,0,0,0,0,0,0,0,0,0,0,0,0,0,0,0,0,0,0,0,0,170.249,0,-224.226,0
"MtrElec",2,18,21,"",147.214,0,0,0,0,0,0,0,0,0,0,0,0,0,0,0,0,0,0,0,0,205.737,0,-58.5231,0
"MtrElec",2,18,22,"",131.364,0,0,0,0,0,0,0,0,0,0,0,0,0,0,0,0,0,0,0,0,131.364,0,0,0
"MtrElec",2,18,23,"",123.697,0,0,0,0,0,0,0,0,0,0,0,0,0,0,0,0,0,0,0,0,123.697,0,0,0
"MtrElec",2,18,24,"",109.197,0,0,0,0,0,0,0,0,0,0,0,0,0,0,0,0,0,0,0,0,109.197,0,0,0
"MtrElec",2,19,1,"",97.7193,0,0,0,0,0,0,0,0,0,0,0,0,0,0,0,0,0,0,0,0,97.7193,0,0,0
"MtrElec",2,19,2,"",82.8242,0,0,0,0,0,0,0,0,0,0,0,0,0,0,0,0,0,0,0,0,82.8242,0,0,0
"MtrElec",2,19,3,"",80.0369,0,0,0,0,0,0,0,0,0,0,0,0,0,0,0,0,0,0,0,0,80.0369,0,0,0
"MtrElec",2,19,4,"",80.2071,0,0,0,0,0,0,0,0,0,0,0,0,0,0,0,0,0,0,0,0,80.2071,0,0,0
"MtrElec",2,19,5,"",79.9178,0,0,0,0,0,0,0,0,0,0,0,0,0,0,0,0,0,0,0,0,79.9178,0,0,0
"MtrElec",2,19,6,"",86.8751,0,0,0,0,0,0,0,0,0,0,0,0,0,0,0,0,0,0,0,0,86.8751,0,0,0
"MtrElec",2,19,7,"",95.7167,0,0,0,0,0,0,0,0,0,0,0,0,0,0,0,0,0,0,0,0,95.7167,0,0,0
"MtrElec",2,19,8,"",119.001,0,0,0,0,0,0,0,0,0,0,0,0,0,0,0,0,0,0,0,0,119.001,0,0,0
"MtrElec",2,19,9,"",102.22,0,0,0,0,0,0,0,0,0,0,0,0,0,0,0,0,0,0,0,0,133.805,0,0,-31.5852
"MtrElec",2,19,10,"",93.27,0,0,0,0,0,0,0,0,0,0,0,0,0,0,0,0,0,0,0,0,131.692,0,0,-38.4219
"MtrElec",2,19,11,"",134.328,0,0,0,0,0,0,0,0,0,0,0,0,0,0,0,0,0,0,0,0,161.315,0,0,-26.9878
"MtrElec",2,19,12,"",76.6703,0,0,0,0,0,0,0,0,0,0,0,0,0,0,0,0,0,0,0,0,138.202,0,0,-61.532
"MtrElec",2,19,13,"",71.5696,0,0,0,0,0,0,0,0,0,0,0,0,0,0,0,0,0,0,0,0,176.723,0,0,-105.153
"MtrElec",2,19,14,"",23.1583,0,0,0,0,0,0,0,0,0,0,0,0,0,0,0,0,0,0,0,0,111.01,0,0,-87.8516
"MtrElec",2,19,15,"",0,0,0,0,0,0,0,0,0,0,0,0,0,0,0,0,0,0,0,0,0,109.193,0,75.9212,-185.114
"MtrElec",2,19,16,"",0,0,0,0,0,0,0,0,0,0,0,0,0,0,0,0,0,0,0,0,0,113.24,0,16.8427,-130.083
"MtrElec",2,19,17,"",89.1679,0,0,0,0,0,0,0,0,0,0,0,0,0,0,0,0,0,0,0,0,129.643,0,0,-40.4746
"MtrElec",2,19,18,"",170.655,0,0,0,0,0,0,0,0,0,0,0,0,0,0,0,0,0,0,0,0,171.092,0,0,-0.436678
"MtrElec",2,19,19,"",92.6984,0,0,0,0,0,0,0,0,0,0,0,0,0,0,0,0,0,0,0,0,176.418,0,-83.7194,0
"MtrElec",2,19,20,"",192.709,0,0,0,0,0,0,0,0,0,0,0,0,0,0,0,0,0,0,0,0,192.709,0,0,0
"MtrElec",2,19,21,"",205.305,0,0,0,0,0,0,0,0,0,0,0,0,0,0,0,0,0,0,0,0,205.305,0,0,0
"MtrElec",2,19,22,"",154.295,0,0,0,0,0,0,0,0,0,0,0,0,0,0,0,0,0,0,0,0,154.295,0,0,0
"MtrElec",2,19,23,"",144.574,0,0,0,0,0,0,0,0,0,0,0,0,0,0,0,0,0,0,0,0,144.574,0,0,0
"MtrElec",2,19,24,"",120.895,0,0,0,0,0,0,0,0,0,0,0,0,0,0,0,0,0,0,0,0,120.895,0,0,0
"MtrElec",2,20,1,"",88.8562,0,0,0,0,0,0,0,0,0,0,0,0,0,0,0,0,0,0,0,0,88.8562,0,0,0
"MtrElec",2,20,2,"",86.5035,0,0,0,0,0,0,0,0,0,0,0,0,0,0,0,0,0,0,0,0,86.5035,0,0,0
"MtrElec",2,20,3,"",83.9475,0,0,0,0,0,0,0,0,0,0,0,0,0,0,0,0,0,0,0,0,83.9475,0,0,0
"MtrElec",2,20,4,"",84.4798,0,0,0,0,0,0,0,0,0,0,0,0,0,0,0,0,0,0,0,0,84.4798,0,0,0
"MtrElec",2,20,5,"",87.1703,0,0,0,0,0,0,0,0,0,0,0,0,0,0,0,0,0,0,0,0,87.1703,0,0,0
"MtrElec",2,20,6,"",94.0812,0,0,0,0,0,0,0,0,0,0,0,0,0,0,0,0,0,0,0,0,94.0812,0,0,0
"MtrElec",2,20,7,"",104.243,0,0,0,0,0,0,0,0,0,0,0,0,0,0,0,0,0,0,0,0,104.243,0,0,0
"MtrElec",2,20,8,"",110.719,0,0,0,0,0,0,0,0,0,0,0,0,0,0,0,0,0,0,0,0,130.789,0,0,-20.0702
"MtrElec",2,20,9,"",57.3153,0,0,0,0,0,0,0,0,0,0,0,0,0,0,0,0,0,0,0,0,164.078,0,0,-106.762
"MtrElec",2,20,10,"",2.42791,0,0,0,0,0,0,0,0,0,0,0,0,0,0,0,0,0,0,0,0,154.873,0,0,-152.445
"MtrElec",2,20,11,"",76.1907,0,0,0,0,0,0,0,0,0,0,0,0,0,0,0,0,0,0,0,0,182.86,0,0,-106.67
"MtrElec",2,20,12,"",0,0,0,0,0,0,0,0,0,0,0,0,0,0,0,0,0,0,0,0,0,157.859,0,30.5684,-188.428
"MtrElec",2,20,13,"",41.0124,0,0,0,0,0,0,0,0,0,0,0,0,0,0,0,0,0,0,0,0,154.627,0,0,-113.615
"MtrElec",2,20,14,"",0,0,0,0,0,0,0,0,0,0,0,0,0,0,0,0,0,0,0,0,0,98.4286,0,38.1271,-136.556
"MtrElec",2,20,15,"",0,0,0,0,0,0,0,0,0,0,0,0,0,0,0,0,0,0,0,0,0,112.003,0,50.0299,-162.033
"MtrElec",2,20,16,"",0,0,0,0,0,0,0,0,0,0,0,0,0,0,0,0,0,0,0,0,0,124.339,0,74.5182,-198.858
"MtrElec",2,20,17,"",157.912,0,0,0,0,0,0,0,0,0,0,0,0,0,0,0,0,0,0,0,0,164.618,0,0,-6.70615
"MtrElec",2,20,18,"",154.218,0,0,0,0,0,0,0,0,0,0,0,0,0,0,0,0,0,0,0,0,154.218,0,0,0
"MtrElec",2,20,19,"",-11.6381,0,0,0,0,0,0,0,0,0,0,0,0,0,0,0,0,0,0,0,0,162.764,0,-174.402,0
"MtrElec",2,20,20,"",172.094,0,0,0,0,0,0,0,0,0,0,0,0,0,0,0,0,0,0,0,0,172.094,0,0,0
"MtrElec",2,20,21,"",161.406,0,0,0,0,0,0,0,0,0,0,0,0,0,0,0,0,0,0,0,0,161.406,0,0,0
"MtrElec",2,20,22,"",154.008,0,0,0,0,0,0,0,0,0,0,0,0,0,0,0,0,0,0,0,0,154.008,0,0,0
"MtrElec",2,20,23,"",149.348,0,0,0,0,0,0,0,0,0,0,0,0,0,0,0,0,0,0,0,0,149.348,0,0,0
"MtrElec",2,20,24,"",126.983,0,0,0,0,0,0,0,0,0,0,0,0,0,0,0,0,0,0,0,0,126.983,0,0,0
"MtrElec",2,21,1,"",123.07,0,0,0,0,0,0,0,0,0,0,0,0,0,0,0,0,0,0,0,0,123.07,0,0,0
"MtrElec",2,21,2,"",93.7185,0,0,0,0,0,0,0,0,0,0,0,0,0,0,0,0,0,0,0,0,93.7185,0,0,0
"MtrElec",2,21,3,"",97.1788,0,0,0,0,0,0,0,0,0,0,0,0,0,0,0,0,0,0,0,0,97.1788,0,0,0
"MtrElec",2,21,4,"",100.003,0,0,0,0,0,0,0,0,0,0,0,0,0,0,0,0,0,0,0,0,100.003,0,0,0
"MtrElec",2,21,5,"",110.355,0,0,0,0,0,0,0,0,0,0,0,0,0,0,0,0,0,0,0,0,110.355,0,0,0
"MtrElec",2,21,6,"",98.9398,0,0,0,0,0,0,0,0,0,0,0,0,0,0,0,0,0,0,0,0,98.9398,0,0,0
"MtrElec",2,21,7,"",104.155,0,0,0,0,0,0,0,0,0,0,0,0,0,0,0,0,0,0,0,0,105.177,0,0,-1.02204
"MtrElec",2,21,8,"",71.1116,0,0,0,0,0,0,0,0,0,0,0,0,0,0,0,0,0,0,0,0,122.64,0,0,-51.5286
"MtrElec",2,21,9,"",76.4386,0,0,0,0,0,0,0,0,0,0,0,0,0,0,0,0,0,0,0,0,135.517,0,0,-59.0783
"MtrElec",2,21,10,"",75.9565,0,0,0,0,0,0,0,0,0,0,0,0,0,0,0,0,0,0,0,0,150.038,0,0,-74.0811
"MtrElec",2,21,11,"",40.861,0,0,0,0,0,0,0,0,0,0,0,0,0,0,0,0,0,0,0,0,186.768,0,0,-145.907
"MtrElec",2,21,12,"",0.0000039,0,0,0,0,0,0,0,0,0,0,0,0,0,0,0,0,0,0,0,0,192.206,0,49.6053,-241.811
"MtrElec",2,21,13,"",0,0,0,0,0,0,0,0,0,0,0,0,0,0,0,0,0,0,0,0,0,147.538,0,141.316,-288.853
"MtrElec",2,21,14,"",0,0,0,0,0,0,0,0,0,0,0,0,0,0,0,0,0,0,0,0,0,119.634,0,110.169,-229.803
"MtrElec",2,21,15,"",92.3003,0,0,0,0,0,0,0,0,0,0,0,0,0,0,0,0,0,0,0,0,149.984,0,0,-57.6837
"MtrElec",2,21,16,"",66.9929,0,0,0,0,0,0,0,0,0,0,0,0,0,0,0,0,0,0,0,0,133.264,0,0,-66.2706
"MtrElec",2,21,17,"",106.017,0,0,0,0,0,0,0,0,0,0,0,0,0,0,0,0,0,0,0,0,148.595,0,0,-42.5786
"MtrElec",2,21,18,"",166.437,0,0,0,0,0,0,0,0,0,0,0,0,0,0,0,0,0,0,0,0,169.161,0,0,-2.72388
"MtrElec",2,21,19,"",29.2877,0,0,0,0,0,0,0,0,0,0,0,0,0,0,0,0,0,0,0,0,253.514,0,-224.226,0
"MtrElec",2,21,20,"",149.144,0,0,0,0,0,0,0,0,0,0,0,0,0,0,0,0,0,0,0,0,196.651,0,-47.5071,0
"MtrElec",2,21,21,"",151.277,0,0,0,0,0,0,0,0,0,0,0,0,0,0,0,0,0,0,0,0,151.277,0,0,0
"MtrElec",2,21,22,"",151.235,0,0,0,0,0,0,0,0,0,0,0,0,0,0,0,0,0,0,0,0,151.235,0,0,0
"MtrElec",2,21,23,"",123.243,0,0,0,0,0,0,0,0,0,0,0,0,0,0,0,0,0,0,0,0,123.243,0,0,0
"MtrElec",2,21,24,"",128.09,0,0,0,0,0,0,0,0,0,0,0,0,0,0,0,0,0,0,0,0,128.09,0,0,0
"MtrElec",2,22,1,"",110.204,0,0,0,0,0,0,0,0,0,0,0,0,0,0,0,0,0,0,0,0,110.204,0,0,0
"MtrElec",2,22,2,"",93.622,0,0,0,0,0,0,0,0,0,0,0,0,0,0,0,0,0,0,0,0,93.622,0,0,0
"MtrElec",2,22,3,"",94.0666,0,0,0,0,0,0,0,0,0,0,0,0,0,0,0,0,0,0,0,0,94.0666,0,0,0
"MtrElec",2,22,4,"",96.7519,0,0,0,0,0,0,0,0,0,0,0,0,0,0,0,0,0,0,0,0,96.7519,0,0,0
"MtrElec",2,22,5,"",108.967,0,0,0,0,0,0,0,0,0,0,0,0,0,0,0,0,0,0,0,0,108.967,0,0,0
"MtrElec",2,22,6,"",98.4931,0,0,0,0,0,0,0,0,0,0,0,0,0,0,0,0,0,0,0,0,98.4931,0,0,0
"MtrElec",2,22,7,"",103.435,0,0,0,0,0,0,0,0,0,0,0,0,0,0,0,0,0,0,0,0,104.101,0,0,-0.665643
"MtrElec",2,22,8,"",60.7523,0,0,0,0,0,0,0,0,0,0,0,0,0,0,0,0,0,0,0,0,118.495,0,0,-57.7425
"MtrElec",2,22,9,"",0.0000078,0,0,0,0,0,0,0,0,0,0,0,0,0,0,0,0,0,0,0,0,123.746,0,76.0582,-199.804
"MtrElec",2,22,10,"",0.0000020,0,0,0,0,0,0,0,0,0,0,0,0,0,0,0,0,0,0,0,0,119.53,0,28.0309,-147.561
"MtrElec",2,22,11,"",0,0,0,0,0,0,0,0,0,0,0,0,0,0,0,0,0,0,0,0,0,142.368,0,59.83,-202.198
"MtrElec",2,22,12,"",3.36239,0,0,0,0,0,0,0,0,0,0,0,0,0,0,0,0,0,0,0,0,167.779,0,0,-164.416
"MtrElec",2,22,13,"",0.0000039,0,0,0,0,0,0,0,0,0,0,0,0,0,0,0,0,0,0,0,0,172.962,0,65.3029,-238.265
"MtrElec",2,22,14,"",0,0,0,0,0,0,0,0,0,0,0,0,0,0,0,0,0,0,0,0,0,114.569,0,179.297,-293.866
"MtrElec",2,22,15,"",21.4222,0,0,0,0,0,0,0,0,0,0,0,0,0,0,0,0,0,0,0,0,146.423,0,0,-125.001
"MtrElec",2,22,16,"",50.4124,0,0,0,0,0,0,0,0,0,0,0,0,0,0,0,0,0,0,0,0,112.183,0,0,-61.7709
"MtrElec",2,22,17,"",100.906,0,0,0,0,0,0,0,0,0,0,0,0,0,0,0,0,0,0,0,0,116.273,0,0,-15.3674
"MtrElec",2,22,18,"",151.334,0,0,0,0,0,0,0,0,0,0,0,0,0,0,0,0,0,0,0,0,153.463,0,0,-2.1292
"MtrElec",2,22,19,"",-15.5707,0,0,0,0,0,0,0,0,0,0,0,0,0,0,0,0,0,0,0,0,208.656,0,-224.226,0
"MtrElec",2,22,20,"",47.6003,0,0,0,0,0,0,0,0,0,0,0,0,0,0,0,0,0,0,0,0,192.062,0,-144.462,0
"MtrElec",2,22,21,"",180.83,0,0,0,0,0,0,0,0,0,0,0,0,0,0,0,0,0,0,0,0,180.83,0,0,0
"MtrElec",2,22,22,"",194.576,0,0,0,0,0,0,0,0,0,0,0,0,0,0,0,0,0,0,0,0,194.576,0,0,0
"MtrElec",2,22,23,"",132.23,0,0,0,0,0,0,0,0,0,0,0,0,0,0,0,0,0,0,0,0,132.23,0,0,0
"MtrElec",2,22,24,"",136.989,0,0,0,0,0,0,0,0,0,0,0,0,0,0,0,0,0,0,0,0,136.989,0,0,0
"MtrElec",2,23,1,"",108.606,0,0,0,0,0,0,0,0,0,0,0,0,0,0,0,0,0,0,0,0,108.606,0,0,0
"MtrElec",2,23,2,"",96.265,0,0,0,0,0,0,0,0,0,0,0,0,0,0,0,0,0,0,0,0,96.265,0,0,0
"MtrElec",2,23,3,"",96.4202,0,0,0,0,0,0,0,0,0,0,0,0,0,0,0,0,0,0,0,0,96.4202,0,0,0
"MtrElec",2,23,4,"",97.8728,0,0,0,0,0,0,0,0,0,0,0,0,0,0,0,0,0,0,0,0,97.8728,0,0,0
"MtrElec",2,23,5,"",98.4846,0,0,0,0,0,0,0,0,0,0,0,0,0,0,0,0,0,0,0,0,98.4846,0,0,0
"MtrElec",2,23,6,"",108.287,0,0,0,0,0,0,0,0,0,0,0,0,0,0,0,0,0,0,0,0,108.287,0,0,0
"MtrElec",2,23,7,"",130.779,0,0,0,0,0,0,0,0,0,0,0,0,0,0,0,0,0,0,0,0,130.892,0,0,-0.113565
"MtrElec",2,23,8,"",47.4029,0,0,0,0,0,0,0,0,0,0,0,0,0,0,0,0,0,0,0,0,126.906,0,0,-79.5031
"MtrElec",2,23,9,"",0.0000078,0,0,0,0,0,0,0,0,0,0,0,0,0,0,0,0,0,0,0,0,141.742,0,104.727,-246.469
"MtrElec",2,23,10,"",0,0,0,0,0,0,0,0,0,0,0,0,0,0,0,0,0,0,0,0,0,160.197,0,187.378,-347.574
"MtrElec",2,23,11,"",0,0,0,0,0,0,0,0,0,0,0,0,0,0,0,0,0,0,0,0,0,184.45,0,209.708,-394.159
"MtrElec",2,23,12,"",-308.969,0,0,0,0,0,0,0,0,0,0,0,0,0,0,0,0,0,0,0,0,140.991,0,59.9332,-509.893
"MtrElec",2,23,13,"",-369.897,0,0,0,0,0,0,0,0,0,0,0,0,0,0,0,0,0,0,0,0,129.324,0,0,-499.22
"MtrElec",2,23,14,"",-140.929,0,0,0,0,0,0,0,0,0,0,0,0,0,0,0,0,0,0,0,0,93.7816,0,0,-234.71
"MtrElec",2,23,15,"",44.8008,0,0,0,0,0,0,0,0,0,0,0,0,0,0,0,0,0,0,0,0,120.394,0,0,-75.5928
"MtrElec",2,23,16,"",83.9794,0,0,0,0,0,0,0,0,0,0,0,0,0,0,0,0,0,0,0,0,115.858,0,0,-31.8788
"MtrElec",2,23,17,"",85.0337,0,0,0,0,0,0,0,0,0,0,0,0,0,0,0,0,0,0,0,0,130.377,0,0,-45.3435
"MtrElec",2,23,18,"",153.907,0,0,0,0,0,0,0,0,0,0,0,0,0,0,0,0,0,0,0,0,157.167,0,0,-3.26004
"MtrElec",2,23,19,"",-39.1756,0,0,0,0,0,0,0,0,0,0,0,0,0,0,0,0,0,0,0,0,185.051,0,-224.226,0
"MtrElec",2,23,20,"",-40.0228,0,0,0,0,0,0,0,0,0,0,0,0,0,0,0,0,0,0,0,0,184.204,0,-224.226,0
"MtrElec",2,23,21,"",133.919,0,0,0,0,0,0,0,0,0,0,0,0,0,0,0,0,0,0,0,0,192.442,0,-58.5231,0
"MtrElec",2,23,22,"",152.151,0,0,0,0,0,0,0,0,0,0,0,0,0,0,0,0,0,0,0,0,152.151,0,0,0
"MtrElec",2,23,23,"",158.079,0,0,0,0,0,0,0,0,0,0,0,0,0,0,0,0,0,0,0,0,158.079,0,0,0
"MtrElec",2,23,24,"",112.376,0,0,0,0,0,0,0,0,0,0,0,0,0,0,0,0,0,0,0,0,112.376,0,0,0
"MtrElec",2,24,1,"",88.3812,0,0,0,0,0,0,0,0,0,0,0,0,0,0,0,0,0,0,0,0,88.3812,0,0,0
"MtrElec",2,24,2,"",86.5285,0,0,0,0,0,0,0,0,0,0,0,0,0,0,0,0,0,0,0,0,86.5285,0,0,0
"MtrElec",2,24,3,"",90.9247,0,0,0,0,0,0,0,0,0,0,0,0,0,0,0,0,0,0,0,0,90.9247,0,0,0
"MtrElec",2,24,4,"",93.553,0,0,0,0,0,0,0,0,0,0,0,0,0,0,0,0,0,0,0,0,93.553,0,0,0
"MtrElec",2,24,5,"",94.1635,0,0,0,0,0,0,0,0,0,0,0,0,0,0,0,0,0,0,0,0,94.1635,0,0,0
"MtrElec",2,24,6,"",97.6957,0,0,0,0,0,0,0,0,0,0,0,0,0,0,0,0,0,0,0,0,97.6957,0,0,0
"MtrElec",2,24,7,"",112.324,0,0,0,0,0,0,0,0,0,0,0,0,0,0,0,0,0,0,0,0,112.324,0,0,0
"MtrElec",2,24,8,"",121.328,0,0,0,0,0,0,0,0,0,0,0,0,0,0,0,0,0,0,0,0,131.697,0,0,-10.3694
"MtrElec",2,24,9,"",100.225,0,0,0,0,0,0,0,0,0,0,0,0,0,0,0,0,0,0,0,0,154.363,0,0,-54.139
"MtrElec",2,24,10,"",39.9682,0,0,0,0,0,0,0,0,0,0,0,0,0,0,0,0,0,0,0,0,164.199,0,0,-124.231
"MtrElec",2,24,11,"",0,0,0,0,0,0,0,0,0,0,0,0,0,0,0,0,0,0,0,0,0,161.09,0,57.4667,-218.557
"MtrElec",2,24,12,"",0.0000078,0,0,0,0,0,0,0,0,0,0,0,0,0,0,0,0,0,0,0,0,138.585,0,127.661,-266.246
"MtrElec",2,24,13,"",0.0000156,0,0,0,0,0,0,0,0,0,0,0,0,0,0,0,0,0,0,0,0,178.079,0,204.324,-382.403
"MtrElec",2,24,14,"",16.9783,0,0,0,0,0,0,0,0,0,0,0,0,0,0,0,0,0,0,0,0,102.728,0,0,-85.7493
"MtrElec",2,24,15,"",18.7573,0,0,0,0,0,0,0,0,0,0,0,0,0,0,0,0,0,0,0,0,109.713,0,0,-90.9553
"MtrElec",2,24,16,"",0.0000010,0,0,0,0,0,0,0,0,0,0,0,0,0,0,0,0,0,0,0,0,107.302,0,13.9868,-121.288
"MtrElec",2,24,17,"",85.4535,0,0,0,0,0,0,0,0,0,0,0,0,0,0,0,0,0,0,0,0,151.508,0,0,-66.0548
"MtrElec",2,24,18,"",147.605,0,0,0,0,0,0,0,0,0,0,0,0,0,0,0,0,0,0,0,0,150.874,0,0,-3.26921
"MtrElec",2,24,19,"",-48.9073,0,0,0,0,0,0,0,0,0,0,0,0,0,0,0,0,0,0,0,0,175.319,0,-224.226,0
"MtrElec",2,24,20,"",36.6706,0,0,0,0,0,0,0,0,0,0,0,0,0,0,0,0,0,0,0,0,176.547,0,-139.876,0
"MtrElec",2,24,21,"",189.906,0,0,0,0,0,0,0,0,0,0,0,0,0,0,0,0,0,0,0,0,189.906,0,0,0
"MtrElec",2,24,22,"",148.137,0,0,0,0,0,0,0,0,0,0,0,0,0,0,0,0,0,0,0,0,148.137,0,0,0
"MtrElec",2,24,23,"",154.611,0,0,0,0,0,0,0,0,0,0,0,0,0,0,0,0,0,0,0,0,154.611,0,0,0
"MtrElec",2,24,24,"",120.414,0,0,0,0,0,0,0,0,0,0,0,0,0,0,0,0,0,0,0,0,120.414,0,0,0
"MtrElec",2,25,1,"",116.274,0,0,0,0,0,0,0,0,0,0,0,0,0,0,0,0,0,0,0,0,116.274,0,0,0
"MtrElec",2,25,2,"",92.6034,0,0,0,0,0,0,0,0,0,0,0,0,0,0,0,0,0,0,0,0,92.6034,0,0,0
"MtrElec",2,25,3,"",95.4628,0,0,0,0,0,0,0,0,0,0,0,0,0,0,0,0,0,0,0,0,95.4628,0,0,0
"MtrElec",2,25,4,"",98.457,0,0,0,0,0,0,0,0,0,0,0,0,0,0,0,0,0,0,0,0,98.457,0,0,0
"MtrElec",2,25,5,"",106.11,0,0,0,0,0,0,0,0,0,0,0,0,0,0,0,0,0,0,0,0,106.11,0,0,0
"MtrElec",2,25,6,"",110.556,0,0,0,0,0,0,0,0,0,0,0,0,0,0,0,0,0,0,0,0,110.556,0,0,0
"MtrElec",2,25,7,"",115.75,0,0,0,0,0,0,0,0,0,0,0,0,0,0,0,0,0,0,0,0,115.835,0,0,-0.0846064
"MtrElec",2,25,8,"",41.6515,0,0,0,0,0,0,0,0,0,0,0,0,0,0,0,0,0,0,0,0,124.886,0,0,-83.2345
"MtrElec",2,25,9,"",0,0,0,0,0,0,0,0,0,0,0,0,0,0,0,0,0,0,0,0,0,128.654,0,40.2743,-168.929
"MtrElec",2,25,10,"",0,0,0,0,0,0,0,0,0,0,0,0,0,0,0,0,0,0,0,0,0,132.865,0,156.686,-289.551
"MtrElec",2,25,11,"",-98.8308,0,0,0,0,0,0,0,0,0,0,0,0,0,0,0,0,0,0,0,0,166.467,0,224.226,-489.525
"MtrElec",2,25,12,"",-250.477,0,0,0,0,0,0,0,0,0,0,0,0,0,0,0,0,0,0,0,0,141.096,0,140.559,-532.133
"MtrElec",2,25,13,"",-423.402,0,0,0,0,0,0,0,0,0,0,0,0,0,0,0,0,0,0,0,0,117.601,0,0,-541.003
"MtrElec",2,25,14,"",-405.691,0,0,0,0,0,0,0,0,0,0,0,0,0,0,0,0,0,0,0,0,97.0675,0,0,-502.759
"MtrElec",2,25,15,"",-325.117,0,0,0,0,0,0,0,0,0,0,0,0,0,0,0,0,0,0,0,0,101.661,0,0,-426.778
"MtrElec",2,25,16,"",-205.516,0,0,0,0,0,0,0,0,0,0,0,0,0,0,0,0,0,0,0,0,105.745,0,0,-311.26
"MtrElec",2,25,17,"",-16.9325,0,0,0,0,0,0,0,0,0,0,0,0,0,0,0,0,0,0,0,0,143.095,0,0,-160.027
"MtrElec",2,25,18,"",120.579,0,0,0,0,0,0,0,0,0,0,0,0,0,0,0,0,0,0,0,0,144.128,0,0,-23.5497
"MtrElec",2,25,19,"",-42.9487,0,0,0,0,0,0,0,0,0,0,0,0,0,0,0,0,0,0,0,0,181.278,0,-224.226,0
"MtrElec",2,25,20,"",-61.3176,0,0,0,0,0,0,0,0,0,0,0,0,0,0,0,0,0,0,0,0,162.909,0,-224.226,0
"MtrElec",2,25,21,"",144.45,0,0,0,0,0,0,0,0,0,0,0,0,0,0,0,0,0,0,0,0,202.973,0,-58.5231,0
"MtrElec",2,25,22,"",142.094,0,0,0,0,0,0,0,0,0,0,0,0,0,0,0,0,0,0,0,0,142.094,0,0,0
"MtrElec",2,25,23,"",165.812,0,0,0,0,0,0,0,0,0,0,0,0,0,0,0,0,0,0,0,0,165.812,0,0,0
"MtrElec",2,25,24,"",131.857,0,0,0,0,0,0,0,0,0,0,0,0,0,0,0,0,0,0,0,0,131.857,0,0,0
"MtrElec",2,26,1,"",83.9895,0,0,0,0,0,0,0,0,0,0,0,0,0,0,0,0,0,0,0,0,83.9895,0,0,0
"MtrElec",2,26,2,"",81.8231,0,0,0,0,0,0,0,0,0,0,0,0,0,0,0,0,0,0,0,0,81.8231,0,0,0
"MtrElec",2,26,3,"",86.1074,0,0,0,0,0,0,0,0,0,0,0,0,0,0,0,0,0,0,0,0,86.1074,0,0,0
"MtrElec",2,26,4,"",89.135,0,0,0,0,0,0,0,0,0,0,0,0,0,0,0,0,0,0,0,0,89.135,0,0,0
"MtrElec",2,26,5,"",90.2743,0,0,0,0,0,0,0,0,0,0,0,0,0,0,0,0,0,0,0,0,90.2743,0,0,0
"MtrElec",2,26,6,"",93.3674,0,0,0,0,0,0,0,0,0,0,0,0,0,0,0,0,0,0,0,0,93.3674,0,0,0
"MtrElec",2,26,7,"",98.1691,0,0,0,0,0,0,0,0,0,0,0,0,0,0,0,0,0,0,0,0,102.592,0,0,-4.42336
"MtrElec",2,26,8,"",48.3485,0,0,0,0,0,0,0,0,0,0,0,0,0,0,0,0,0,0,0,0,131.704,0,0,-83.356
"MtrElec",2,26,9,"",0,0,0,0,0,0,0,0,0,0,0,0,0,0,0,0,0,0,0,0,0,135.499,0,138.057,-273.556
"MtrElec",2,26,10,"",-38.8212,0,0,0,0,0,0,0,0,0,0,0,0,0,0,0,0,0,0,0,0,140.725,0,224.226,-403.773
"MtrElec",2,26,11,"",-120.283,0,0,0,0,0,0,0,0,0,0,0,0,0,0,0,0,0,0,0,0,168.01,0,199.463,-487.756
"MtrElec",2,26,12,"",-406.221,0,0,0,0,0,0,0,0,0,0,0,0,0,0,0,0,0,0,0,0,122.52,0,0,-528.741
"MtrElec",2,26,13,"",-379.637,0,0,0,0,0,0,0,0,0,0,0,0,0,0,0,0,0,0,0,0,148.291,0,0,-527.928
"MtrElec",2,26,14,"",-395.967,0,0,0,0,0,0,0,0,0,0,0,0,0,0,0,0,0,0,0,0,93.2203,0,0,-489.188
"MtrElec",2,26,15,"",-310.982,0,0,0,0,0,0,0,0,0,0,0,0,0,0,0,0,0,0,0,0,100.993,0,0,-411.975
"MtrElec",2,26,16,"",-187.614,0,0,0,0,0,0,0,0,0,0,0,0,0,0,0,0,0,0,0,0,111.004,0,0,-298.617
"MtrElec",2,26,17,"",-15.4148,0,0,0,0,0,0,0,0,0,0,0,0,0,0,0,0,0,0,0,0,137.053,0,0,-152.468
"MtrElec",2,26,18,"",125.189,0,0,0,0,0,0,0,0,0,0,0,0,0,0,0,0,0,0,0,0,147.056,0,0,-21.8671
"MtrElec",2,26,19,"",-44.7268,0,0,0,0,0,0,0,0,0,0,0,0,0,0,0,0,0,0,0,0,179.5,0,-224.226,0
"MtrElec",2,26,20,"",-55.4873,0,0,0,0,0,0,0,0,0,0,0,0,0,0,0,0,0,0,0,0,168.739,0,-224.226,0
"MtrElec",2,26,21,"",128.012,0,0,0,0,0,0,0,0,0,0,0,0,0,0,0,0,0,0,0,0,186.535,0,-58.5231,0
"MtrElec",2,26,22,"",155.283,0,0,0,0,0,0,0,0,0,0,0,0,0,0,0,0,0,0,0,0,155.283,0,0,0
"MtrElec",2,26,23,"",156.332,0,0,0,0,0,0,0,0,0,0,0,0,0,0,0,0,0,0,0,0,156.332,0,0,0
"MtrElec",2,26,24,"",127.14,0,0,0,0,0,0,0,0,0,0,0,0,0,0,0,0,0,0,0,0,127.14,0,0,0
"MtrElec",2,27,1,"",82.2196,0,0,0,0,0,0,0,0,0,0,0,0,0,0,0,0,0,0,0,0,82.2196,0,0,0
"MtrElec",2,27,2,"",79.2538,0,0,0,0,0,0,0,0,0,0,0,0,0,0,0,0,0,0,0,0,79.2538,0,0,0
"MtrElec",2,27,3,"",79.076,0,0,0,0,0,0,0,0,0,0,0,0,0,0,0,0,0,0,0,0,79.076,0,0,0
"MtrElec",2,27,4,"",79.9727,0,0,0,0,0,0,0,0,0,0,0,0,0,0,0,0,0,0,0,0,79.9727,0,0,0
"MtrElec",2,27,5,"",79.9713,0,0,0,0,0,0,0,0,0,0,0,0,0,0,0,0,0,0,0,0,79.9713,0,0,0
"MtrElec",2,27,6,"",84.7763,0,0,0,0,0,0,0,0,0,0,0,0,0,0,0,0,0,0,0,0,84.7763,0,0,0
"MtrElec",2,27,7,"",92.3418,0,0,0,0,0,0,0,0,0,0,0,0,0,0,0,0,0,0,0,0,105.644,0,0,-13.3018
"MtrElec",2,27,8,"",0,0,0,0,0,0,0,0,0,0,0,0,0,0,0,0,0,0,0,0,0,108.841,0,25.4833,-134.325
"MtrElec",2,27,9,"",0,0,0,0,0,0,0,0,0,0,0,0,0,0,0,0,0,0,0,0,0,120.499,0,163.666,-284.165
"MtrElec",2,27,10,"",-39.454,0,0,0,0,0,0,0,0,0,0,0,0,0,0,0,0,0,0,0,0,139.299,0,224.226,-402.979
"MtrElec",2,27,11,"",-209.934,0,0,0,0,0,0,0,0,0,0,0,0,0,0,0,0,0,0,0,0,126.86,0,148.371,-485.165
"MtrElec",2,27,12,"",-400.927,0,0,0,0,0,0,0,0,0,0,0,0,0,0,0,0,0,0,0,0,124.764,0,0,-525.69
"MtrElec",2,27,13,"",-336.272,0,0,0,0,0,0,0,0,0,0,0,0,0,0,0,0,0,0,0,0,188.243,0,0,-524.515
"MtrElec",2,27,14,"",-381.414,0,0,0,0,0,0,0,0,0,0,0,0,0,0,0,0,0,0,0,0,101.719,0,0,-483.133
"MtrElec",2,27,15,"",-299.748,0,0,0,0,0,0,0,0,0,0,0,0,0,0,0,0,0,0,0,0,112.025,0,0,-411.773
"MtrElec",2,27,16,"",-193.195,0,0,0,0,0,0,0,0,0,0,0,0,0,0,0,0,0,0,0,0,109.385,0,0,-302.58
"MtrElec",2,27,17,"",-14.3044,0,0,0,0,0,0,0,0,0,0,0,0,0,0,0,0,0,0,0,0,142.227,0,0,-156.532
"MtrElec",2,27,18,"",134.017,0,0,0,0,0,0,0,0,0,0,0,0,0,0,0,0,0,0,0,0,157.443,0,0,-23.4252
"MtrElec",2,27,19,"",-50.266,0,0,0,0,0,0,0,0,0,0,0,0,0,0,0,0,0,0,0,0,173.96,0,-224.226,0
"MtrElec",2,27,20,"",-35.6355,0,0,0,0,0,0,0,0,0,0,0,0,0,0,0,0,0,0,0,0,188.591,0,-224.226,0
"MtrElec",2,27,21,"",118.708,0,0,0,0,0,0,0,0,0,0,0,0,0,0,0,0,0,0,0,0,177.231,0,-58.5231,0
"MtrElec",2,27,22,"",140.691,0,0,0,0,0,0,0,0,0,0,0,0,0,0,0,0,0,0,0,0,140.691,0,0,0
"MtrElec",2,27,23,"",160.503,0,0,0,0,0,0,0,0,0,0,0,0,0,0,0,0,0,0,0,0,160.503,0,0,0
"MtrElec",2,27,24,"",143.539,0,0,0,0,0,0,0,0,0,0,0,0,0,0,0,0,0,0,0,0,143.539,0,0,0
"MtrElec",2,28,1,"",90.4169,0,0,0,0,0,0,0,0,0,0,0,0,0,0,0,0,0,0,0,0,90.4169,0,0,0
"MtrElec",2,28,2,"",78.1322,0,0,0,0,0,0,0,0,0,0,0,0,0,0,0,0,0,0,0,0,78.1322,0,0,0
"MtrElec",2,28,3,"",79.6834,0,0,0,0,0,0,0,0,0,0,0,0,0,0,0,0,0,0,0,0,79.6834,0,0,0
"MtrElec",2,28,4,"",79.7673,0,0,0,0,0,0,0,0,0,0,0,0,0,0,0,0,0,0,0,0,79.7673,0,0,0
"MtrElec",2,28,5,"",82.5649,0,0,0,0,0,0,0,0,0,0,0,0,0,0,0,0,0,0,0,0,82.5649,0,0,0
"MtrElec",2,28,6,"",80.6046,0,0,0,0,0,0,0,0,0,0,0,0,0,0,0,0,0,0,0,0,80.6046,0,0,0
"MtrElec",2,28,7,"",72.4481,0,0,0,0,0,0,0,0,0,0,0,0,0,0,0,0,0,0,0,0,90.0088,0,0,-17.5607
"MtrElec",2,28,8,"",0,0,0,0,0,0,0,0,0,0,0,0,0,0,0,0,0,0,0,0,0,110.405,0,24.4052,-134.81
"MtrElec",2,28,9,"",0,0,0,0,0,0,0,0,0,0,0,0,0,0,0,0,0,0,0,0,0,123.409,0,119.933,-243.341
"MtrElec",2,28,10,"",-53.9225,0,0,0,0,0,0,0,0,0,0,0,0,0,0,0,0,0,0,0,0,124.403,0,224.226,-402.552
"MtrElec",2,28,11,"",-130.019,0,0,0,0,0,0,0,0,0,0,0,0,0,0,0,0,0,0,0,0,152.566,0,193.182,-475.767
"MtrElec",2,28,12,"",-317.453,0,0,0,0,0,0,0,0,0,0,0,0,0,0,0,0,0,0,0,0,202.709,0,0,-520.162
"MtrElec",2,28,13,"",-356.95,0,0,0,0,0,0,0,0,0,0,0,0,0,0,0,0,0,0,0,0,168.841,0,0,-525.791
"MtrElec",2,28,14,"",-354.038,0,0,0,0,0,0,0,0,0,0,0,0,0,0,0,0,0,0,0,0,139.588,0,0,-493.626
"MtrElec",2,28,15,"",-268.928,0,0,0,0,0,0,0,0,0,0,0,0,0,0,0,0,0,0,0,0,147.567,0,0,-416.495
"MtrElec",2,28,16,"",-177.552,0,0,0,0,0,0,0,0,0,0,0,0,0,0,0,0,0,0,0,0,124.195,0,0,-301.747
"MtrElec",2,28,17,"",-29.5548,0,0,0,0,0,0,0,0,0,0,0,0,0,0,0,0,0,0,0,0,125.265,0,0,-154.82
"MtrElec",2,28,18,"",135.842,0,0,0,0,0,0,0,0,0,0,0,0,0,0,0,0,0,0,0,0,158.152,0,0,-22.3096
"MtrElec",2,28,19,"",2.86441,0,0,0,0,0,0,0,0,0,0,0,0,0,0,0,0,0,0,0,0,227.091,0,-224.226,0
"MtrElec",2,28,20,"",-38.5505,0,0,0,0,0,0,0,0,0,0,0,0,0,0,0,0,0,0,0,0,185.676,0,-224.226,0
"MtrElec",2,28,21,"",102.5,0,0,0,0,0,0,0,0,0,0,0,0,0,0,0,0,0,0,0,0,161.023,0,-58.5231,0
"MtrElec",2,28,22,"",166.176,0,0,0,0,0,0,0,0,0,0,0,0,0,0,0,0,0,0,0,0,166.176,0,0,0
"MtrElec",2,28,23,"",122.941,0,0,0,0,0,0,0,0,0,0,0,0,0,0,0,0,0,0,0,0,122.941,0,0,0
"MtrElec",2,28,24,"",134.715,0,0,0,0,0,0,0,0,0,0,0,0,0,0,0,0,0,0,0,0,134.715,0,0,0
"MtrElec",3,1,1,"",96.3223,0,0,0,0,0,0,0,0,0,0,0,0,0,0,0,0,0,0,0,0,96.3223,0,0,0
"MtrElec",3,1,2,"",77.0001,0,0,0,0,0,0,0,0,0,0,0,0,0,0,0,0,0,0,0,0,77.0001,0,0,0
"MtrElec",3,1,3,"",77.3273,0,0,0,0,0,0,0,0,0,0,0,0,0,0,0,0,0,0,0,0,77.3273,0,0,0
"MtrElec",3,1,4,"",77.8869,0,0,0,0,0,0,0,0,0,0,0,0,0,0,0,0,0,0,0,0,77.8869,0,0,0
"MtrElec",3,1,5,"",81.9367,0,0,0,0,0,0,0,0,0,0,0,0,0,0,0,0,0,0,0,0,81.9367,0,0,0
"MtrElec",3,1,6,"",79.7878,0,0,0,0,0,0,0,0,0,0,0,0,0,0,0,0,0,0,0,0,79.7878,0,0,0
"MtrElec",3,1,7,"",81.243,0,0,0,0,0,0,0,0,0,0,0,0,0,0,0,0,0,0,0,0,89.1333,0,0,-7.89025
"MtrElec",3,1,8,"",30.315,0,0,0,0,0,0,0,0,0,0,0,0,0,0,0,0,0,0,0,0,112.234,0,0,-81.9192
"MtrElec",3,1,9,"",11.6336,0,0,0,0,0,0,0,0,0,0,0,0,0,0,0,0,0,0,0,0,123.376,0,0,-111.743
"MtrElec",3,1,10,"",19.2884,0,0,0,0,0,0,0,0,0,0,0,0,0,0,0,0,0,0,0,0,135.757,0,0,-116.469
"MtrElec",3,1,11,"",0,0,0,0,0,0,0,0,0,0,0,0,0,0,0,0,0,0,0,0,0,143.258,0,79.5712,-222.829
"MtrElec",3,1,12,"",0.0000156,0,0,0,0,0,0,0,0,0,0,0,0,0,0,0,0,0,0,0,0,158.632,0,180.809,-339.441
"MtrElec",3,1,13,"",0,0,0,0,0,0,0,0,0,0,0,0,0,0,0,0,0,0,0,0,0,181.985,0,34.5899,-216.575
"MtrElec",3,1,14,"",0.0000156,0,0,0,0,0,0,0,0,0,0,0,0,0,0,0,0,0,0,0,0,129.273,0,170.899,-300.172
"MtrElec",3,1,15,"",-49.2367,0,0,0,0,0,0,0,0,0,0,0,0,0,0,0,0,0,0,0,0,141.499,0,95.8775,-286.614
"MtrElec",3,1,16,"",-4.75633,0,0,0,0,0,0,0,0,0,0,0,0,0,0,0,0,0,0,0,0,116.441,0,0,-121.197
"MtrElec",3,1,17,"",92.6988,0,0,0,0,0,0,0,0,0,0,0,0,0,0,0,0,0,0,0,0,117.319,0,0,-24.6198
"MtrElec",3,1,18,"",141.705,0,0,0,0,0,0,0,0,0,0,0,0,0,0,0,0,0,0,0,0,151.629,0,0,-9.92357
"MtrElec",3,1,19,"",19.7408,0,0,0,0,0,0,0,0,0,0,0,0,0,0,0,0,0,0,0,0,243.967,0,-224.226,0
"MtrElec",3,1,20,"",-34.4624,0,0,0,0,0,0,0,0,0,0,0,0,0,0,0,0,0,0,0,0,189.764,0,-224.226,0
"MtrElec",3,1,21,"",130.407,0,0,0,0,0,0,0,0,0,0,0,0,0,0,0,0,0,0,0,0,188.93,0,-58.5231,0
"MtrElec",3,1,22,"",211.652,0,0,0,0,0,0,0,0,0,0,0,0,0,0,0,0,0,0,0,0,211.652,0,0,0
"MtrElec",3,1,23,"",117.691,0,0,0,0,0,0,0,0,0,0,0,0,0,0,0,0,0,0,0,0,117.691,0,0,0
"MtrElec",3,1,24,"",122.855,0,0,0,0,0,0,0,0,0,0,0,0,0,0,0,0,0,0,0,0,122.855,0,0,0
"MtrElec",3,2,1,"",88.1386,0,0,0,0,0,0,0,0,0,0,0,0,0,0,0,0,0,0,0,0,88.1386,0,0,0
"MtrElec",3,2,2,"",80.2798,0,0,0,0,0,0,0,0,0,0,0,0,0,0,0,0,0,0,0,0,80.2798,0,0,0
"MtrElec",3,2,3,"",78.3076,0,0,0,0,0,0,0,0,0,0,0,0,0,0,0,0,0,0,0,0,78.3076,0,0,0
"MtrElec",3,2,4,"",79.1883,0,0,0,0,0,0,0,0,0,0,0,0,0,0,0,0,0,0,0,0,79.1883,0,0,0
"MtrElec",3,2,5,"",78.8303,0,0,0,0,0,0,0,0,0,0,0,0,0,0,0,0,0,0,0,0,78.8303,0,0,0
"MtrElec",3,2,6,"",86.4599,0,0,0,0,0,0,0,0,0,0,0,0,0,0,0,0,0,0,0,0,86.4599,0,0,0
"MtrElec",3,2,7,"",102.108,0,0,0,0,0,0,0,0,0,0,0,0,0,0,0,0,0,0,0,0,102.108,0,0,0
"MtrElec",3,2,8,"",105.967,0,0,0,0,0,0,0,0,0,0,0,0,0,0,0,0,0,0,0,0,126.411,0,0,-20.444
"MtrElec",3,2,9,"",40.4586,0,0,0,0,0,0,0,0,0,0,0,0,0,0,0,0,0,0,0,0,155.655,0,0,-115.197
"MtrElec",3,2,10,"",0.0000039,0,0,0,0,0,0,0,0,0,0,0,0,0,0,0,0,0,0,0,0,129.617,0,65.0945,-194.711
"MtrElec",3,2,11,"",0.0000020,0,0,0,0,0,0,0,0,0,0,0,0,0,0,0,0,0,0,0,0,141.565,0,29.1155,-170.68
"MtrElec",3,2,12,"",0.0000078,0,0,0,0,0,0,0,0,0,0,0,0,0,0,0,0,0,0,0,0,121.545,0,174.743,-296.288
"MtrElec",3,2,13,"",-43.8327,0,0,0,0,0,0,0,0,0,0,0,0,0,0,0,0,0,0,0,0,95.5495,0,224.226,-363.609
"MtrElec",3,2,14,"",-72.1338,0,0,0,0,0,0,0,0,0,0,0,0,0,0,0,0,0,0,0,0,97.2886,0,68.5671,-237.99
"MtrElec",3,2,15,"",-13.9899,0,0,0,0,0,0,0,0,0,0,0,0,0,0,0,0,0,0,0,0,92.1418,0,0,-106.132
"MtrElec",3,2,16,"",16.5017,0,0,0,0,0,0,0,0,0,0,0,0,0,0,0,0,0,0,0,0,101.236,0,0,-84.7344
"MtrElec",3,2,17,"",77.2005,0,0,0,0,0,0,0,0,0,0,0,0,0,0,0,0,0,0,0,0,124.931,0,0,-47.7305
"MtrElec",3,2,18,"",142.233,0,0,0,0,0,0,0,0,0,0,0,0,0,0,0,0,0,0,0,0,150.28,0,0,-8.04646
"MtrElec",3,2,19,"",-51.0399,0,0,0,0,0,0,0,0,0,0,0,0,0,0,0,0,0,0,0,0,173.187,0,-224.226,0
"MtrElec",3,2,20,"",-51.7094,0,0,0,0,0,0,0,0,0,0,0,0,0,0,0,0,0,0,0,0,172.517,0,-224.226,0
"MtrElec",3,2,21,"",133.835,0,0,0,0,0,0,0,0,0,0,0,0,0,0,0,0,0,0,0,0,192.358,0,-58.5231,0
"MtrElec",3,2,22,"",145.243,0,0,0,0,0,0,0,0,0,0,0,0,0,0,0,0,0,0,0,0,145.243,0,0,0
"MtrElec",3,2,23,"",138.646,0,0,0,0,0,0,0,0,0,0,0,0,0,0,0,0,0,0,0,0,138.646,0,0,0
"MtrElec",3,2,24,"",144.642,0,0,0,0,0,0,0,0,0,0,0,0,0,0,0,0,0,0,0,0,144.642,0,0,0
"MtrElec",3,3,1,"",126.86,0,0,0,0,0,0,0,0,0,0,0,0,0,0,0,0,0,0,0,0,126.86,0,0,0
"MtrElec",3,3,2,"",82.5062,0,0,0,0,0,0,0,0,0,0,0,0,0,0,0,0,0,0,0,0,82.5062,0,0,0
"MtrElec",3,3,3,"",80.5282,0,0,0,0,0,0,0,0,0,0,0,0,0,0,0,0,0,0,0,0,80.5282,0,0,0
"MtrElec",3,3,4,"",84.2393,0,0,0,0,0,0,0,0,0,0,0,0,0,0,0,0,0,0,0,0,84.2393,0,0,0
"MtrElec",3,3,5,"",83.534,0,0,0,0,0,0,0,0,0,0,0,0,0,0,0,0,0,0,0,0,83.534,0,0,0
"MtrElec",3,3,6,"",86.221,0,0,0,0,0,0,0,0,0,0,0,0,0,0,0,0,0,0,0,0,86.221,0,0,0
"MtrElec",3,3,7,"",90.7677,0,0,0,0,0,0,0,0,0,0,0,0,0,0,0,0,0,0,0,0,94.3924,0,0,-3.62475
"MtrElec",3,3,8,"",45.7125,0,0,0,0,0,0,0,0,0,0,0,0,0,0,0,0,0,0,0,0,108.116,0,0,-62.4036
"MtrElec",3,3,9,"",0,0,0,0,0,0,0,0,0,0,0,0,0,0,0,0,0,0,0,0,0,124.82,0,78.9877,-203.808
"MtrElec",3,3,10,"",0,0,0,0,0,0,0,0,0,0,0,0,0,0,0,0,0,0,0,0,0,132.45,0,179.095,-311.544
"MtrElec",3,3,11,"",-108.314,0,0,0,0,0,0,0,0,0,0,0,0,0,0,0,0,0,0,0,0,131.322,0,224.226,-463.862
"MtrElec",3,3,12,"",-325.714,0,0,0,0,0,0,0,0,0,0,0,0,0,0,0,0,0,0,0,0,123.317,0,79.4374,-528.468
"MtrElec",3,3,13,"",-380.957,0,0,0,0,0,0,0,0,0,0,0,0,0,0,0,0,0,0,0,0,149.142,0,0,-530.099
"MtrElec",3,3,14,"",-391.121,0,0,0,0,0,0,0,0,0,0,0,0,0,0,0,0,0,0,0,0,88.6494,0,0,-479.77
"MtrElec",3,3,15,"",-250.29,0,0,0,0,0,0,0,0,0,0,0,0,0,0,0,0,0,0,0,0,90.3941,0,0,-340.685
"MtrElec",3,3,16,"",-115.448,0,0,0,0,0,0,0,0,0,0,0,0,0,0,0,0,0,0,0,0,101.778,0,0,-217.226
"MtrElec",3,3,17,"",42.0481,0,0,0,0,0,0,0,0,0,0,0,0,0,0,0,0,0,0,0,0,122.161,0,0,-80.113
"MtrElec",3,3,18,"",131.686,0,0,0,0,0,0,0,0,0,0,0,0,0,0,0,0,0,0,0,0,141.674,0,0,-9.98824
"MtrElec",3,3,19,"",-49.1462,0,0,0,0,0,0,0,0,0,0,0,0,0,0,0,0,0,0,0,0,175.08,0,-224.226,0
"MtrElec",3,3,20,"",-53.1855,0,0,0,0,0,0,0,0,0,0,0,0,0,0,0,0,0,0,0,0,171.041,0,-224.226,0
"MtrElec",3,3,21,"",128.75,0,0,0,0,0,0,0,0,0,0,0,0,0,0,0,0,0,0,0,0,187.273,0,-58.5231,0
"MtrElec",3,3,22,"",144.195,0,0,0,0,0,0,0,0,0,0,0,0,0,0,0,0,0,0,0,0,144.195,0,0,0
"MtrElec",3,3,23,"",165.508,0,0,0,0,0,0,0,0,0,0,0,0,0,0,0,0,0,0,0,0,165.508,0,0,0
"MtrElec",3,3,24,"",107.688,0,0,0,0,0,0,0,0,0,0,0,0,0,0,0,0,0,0,0,0,107.688,0,0,0
"MtrElec",3,4,1,"",109.501,0,0,0,0,0,0,0,0,0,0,0,0,0,0,0,0,0,0,0,0,109.501,0,0,0
"MtrElec",3,4,2,"",79.4896,0,0,0,0,0,0,0,0,0,0,0,0,0,0,0,0,0,0,0,0,79.4896,0,0,0
"MtrElec",3,4,3,"",76.9472,0,0,0,0,0,0,0,0,0,0,0,0,0,0,0,0,0,0,0,0,76.9472,0,0,0
"MtrElec",3,4,4,"",77.648,0,0,0,0,0,0,0,0,0,0,0,0,0,0,0,0,0,0,0,0,77.648,0,0,0
"MtrElec",3,4,5,"",77.4624,0,0,0,0,0,0,0,0,0,0,0,0,0,0,0,0,0,0,0,0,77.4624,0,0,0
"MtrElec",3,4,6,"",84.2781,0,0,0,0,0,0,0,0,0,0,0,0,0,0,0,0,0,0,0,0,84.2781,0,0,0
"MtrElec",3,4,7,"",72.043,0,0,0,0,0,0,0,0,0,0,0,0,0,0,0,0,0,0,0,0,92.5331,0,0,-20.4901
"MtrElec",3,4,8,"",0,0,0,0,0,0,0,0,0,0,0,0,0,0,0,0,0,0,0,0,0,107.669,0,4.28066,-111.949
"MtrElec",3,4,9,"",39.6723,0,0,0,0,0,0,0,0,0,0,0,0,0,0,0,0,0,0,0,0,131.551,0,0,-91.8786
"MtrElec",3,4,10,"",32.3429,0,0,0,0,0,0,0,0,0,0,0,0,0,0,0,0,0,0,0,0,147.592,0,0,-115.249
"MtrElec",3,4,11,"",20.0436,0,0,0,0,0,0,0,0,0,0,0,0,0,0,0,0,0,0,0,0,161.02,0,0,-140.976
"MtrElec",3,4,12,"",0,0,0,0,0,0,0,0,0,0,0,0,0,0,0,0,0,0,0,0,0,141.334,0,122.103,-263.437
"MtrElec",3,4,13,"",-99.5843,0,0,0,0,0,0,0,0,0,0,0,0,0,0,0,0,0,0,0,0,162.031,0,224.226,-485.842
"MtrElec",3,4,14,"",-192.973,0,0,0,0,0,0,0,0,0,0,0,0,0,0,0,0,0,0,0,0,91.4443,0,211.136,-495.554
"MtrElec",3,4,15,"",-325.124,0,0,0,0,0,0,0,0,0,0,0,0,0,0,0,0,0,0,0,0,91.8695,0,0,-416.993
"MtrElec",3,4,16,"",-145.396,0,0,0,0,0,0,0,0,0,0,0,0,0,0,0,0,0,0,0,0,114.801,0,0,-260.197
"MtrElec",3,4,17,"",-15.4169,0,0,0,0,0,0,0,0,0,0,0,0,0,0,0,0,0,0,0,0,143.387,0,0,-158.804
"MtrElec",3,4,18,"",113.738,0,0,0,0,0,0,0,0,0,0,0,0,0,0,0,0,0,0,0,0,138.94,0,0,-25.2027
"MtrElec",3,4,19,"",-54.0283,0,0,0,0,0,0,0,0,0,0,0,0,0,0,0,0,0,0,0,0,170.198,0,-224.226,0
"MtrElec",3,4,20,"",-51.1327,0,0,0,0,0,0,0,0,0,0,0,0,0,0,0,0,0,0,0,0,173.094,0,-224.226,0
"MtrElec",3,4,21,"",127.464,0,0,0,0,0,0,0,0,0,0,0,0,0,0,0,0,0,0,0,0,185.987,0,-58.5231,0
"MtrElec",3,4,22,"",142.573,0,0,0,0,0,0,0,0,0,0,0,0,0,0,0,0,0,0,0,0,142.573,0,0,0
"MtrElec",3,4,23,"",138.588,0,0,0,0,0,0,0,0,0,0,0,0,0,0,0,0,0,0,0,0,138.588,0,0,0
"MtrElec",3,4,24,"",122.379,0,0,0,0,0,0,0,0,0,0,0,0,0,0,0,0,0,0,0,0,122.379,0,0,0
"MtrElec",3,5,1,"",89.2851,0,0,0,0,0,0,0,0,0,0,0,0,0,0,0,0,0,0,0,0,89.2851,0,0,0
"MtrElec",3,5,2,"",81.4594,0,0,0,0,0,0,0,0,0,0,0,0,0,0,0,0,0,0,0,0,81.4594,0,0,0
"MtrElec",3,5,3,"",78.7754,0,0,0,0,0,0,0,0,0,0,0,0,0,0,0,0,0,0,0,0,78.7754,0,0,0
"MtrElec",3,5,4,"",78.3741,0,0,0,0,0,0,0,0,0,0,0,0,0,0,0,0,0,0,0,0,78.3741,0,0,0
"MtrElec",3,5,5,"",78.1469,0,0,0,0,0,0,0,0,0,0,0,0,0,0,0,0,0,0,0,0,78.1469,0,0,0
"MtrElec",3,5,6,"",85.6884,0,0,0,0,0,0,0,0,0,0,0,0,0,0,0,0,0,0,0,0,85.6884,0,0,0
"MtrElec",3,5,7,"",83.6126,0,0,0,0,0,0,0,0,0,0,0,0,0,0,0,0,0,0,0,0,99.9095,0,0,-16.2969
"MtrElec",3,5,8,"",0,0,0,0,0,0,0,0,0,0,0,0,0,0,0,0,0,0,0,0,0,110.253,0,5.02739,-115.28
"MtrElec",3,5,9,"",0,0,0,0,0,0,0,0,0,0,0,0,0,0,0,0,0,0,0,0,0,148.529,0,145.071,-293.6
"MtrElec",3,5,10,"",-16.5023,0,0,0,0,0,0,0,0,0,0,0,0,0,0,0,0,0,0,0,0,167.155,0,224.226,-407.884
"MtrElec",3,5,11,"",-156.896,0,0,0,0,0,0,0,0,0,0,0,0,0,0,0,0,0,0,0,0,134.939,0,187.422,-479.257
"MtrElec",3,5,12,"",-397.921,0,0,0,0,0,0,0,0,0,0,0,0,0,0,0,0,0,0,0,0,122.387,0,0,-520.308
"MtrElec",3,5,13,"",-382.17,0,0,0,0,0,0,0,0,0,0,0,0,0,0,0,0,0,0,0,0,142.877,0,0,-525.047
"MtrElec",3,5,14,"",-383.966,0,0,0,0,0,0,0,0,0,0,0,0,0,0,0,0,0,0,0,0,107.162,0,0,-491.128
"MtrElec",3,5,15,"",-290.581,0,0,0,0,0,0,0,0,0,0,0,0,0,0,0,0,0,0,0,0,114.568,0,0,-405.149
"MtrElec",3,5,16,"",-171.13,0,0,0,0,0,0,0,0,0,0,0,0,0,0,0,0,0,0,0,0,118.806,0,0,-289.936
"MtrElec",3,5,17,"",3.70258,0,0,0,0,0,0,0,0,0,0,0,0,0,0,0,0,0,0,0,0,149.039,0,0,-145.337
"MtrElec",3,5,18,"",154.832,0,0,0,0,0,0,0,0,0,0,0,0,0,0,0,0,0,0,0,0,164.377,0,0,-9.54508
"MtrElec",3,5,19,"",-24.4873,0,0,0,0,0,0,0,0,0,0,0,0,0,0,0,0,0,0,0,0,199.739,0,-224.226,0
"MtrElec",3,5,20,"",-50.4585,0,0,0,0,0,0,0,0,0,0,0,0,0,0,0,0,0,0,0,0,173.768,0,-224.226,0
"MtrElec",3,5,21,"",101.625,0,0,0,0,0,0,0,0,0,0,0,0,0,0,0,0,0,0,0,0,160.148,0,-58.5231,0
"MtrElec",3,5,22,"",145.981,0,0,0,0,0,0,0,0,0,0,0,0,0,0,0,0,0,0,0,0,145.981,0,0,0
"MtrElec",3,5,23,"",137.769,0,0,0,0,0,0,0,0,0,0,0,0,0,0,0,0,0,0,0,0,137.769,0,0,0
"MtrElec",3,5,24,"",147.723,0,0,0,0,0,0,0,0,0,0,0,0,0,0,0,0,0,0,0,0,147.723,0,0,0
"MtrElec",3,6,1,"",88.1339,0,0,0,0,0,0,0,0,0,0,0,0,0,0,0,0,0,0,0,0,88.1339,0,0,0
"MtrElec",3,6,2,"",77.5678,0,0,0,0,0,0,0,0,0,0,0,0,0,0,0,0,0,0,0,0,77.5678,0,0,0
"MtrElec",3,6,3,"",79.8772,0,0,0,0,0,0,0,0,0,0,0,0,0,0,0,0,0,0,0,0,79.8772,0,0,0
"MtrElec",3,6,4,"",81.3526,0,0,0,0,0,0,0,0,0,0,0,0,0,0,0,0,0,0,0,0,81.3526,0,0,0
"MtrElec",3,6,5,"",81.5676,0,0,0,0,0,0,0,0,0,0,0,0,0,0,0,0,0,0,0,0,81.5676,0,0,0
"MtrElec",3,6,6,"",80.4917,0,0,0,0,0,0,0,0,0,0,0,0,0,0,0,0,0,0,0,0,80.4917,0,0,0
"MtrElec",3,6,7,"",75.1162,0,0,0,0,0,0,0,0,0,0,0,0,0,0,0,0,0,0,0,0,90.3429,0,0,-15.2267
"MtrElec",3,6,8,"",43.1907,0,0,0,0,0,0,0,0,0,0,0,0,0,0,0,0,0,0,0,0,108.94,0,0,-65.7498
"MtrElec",3,6,9,"",0,0,0,0,0,0,0,0,0,0,0,0,0,0,0,0,0,0,0,0,0,135.127,0,125.801,-260.928
"MtrElec",3,6,10,"",0.0000156,0,0,0,0,0,0,0,0,0,0,0,0,0,0,0,0,0,0,0,0,156.225,0,209.594,-365.819
"MtrElec",3,6,11,"",-49.466,0,0,0,0,0,0,0,0,0,0,0,0,0,0,0,0,0,0,0,0,161.202,0,224.226,-434.895
"MtrElec",3,6,12,"",-386.687,0,0,0,0,0,0,0,0,0,0,0,0,0,0,0,0,0,0,0,0,131.86,0,2.12515,-520.672
"MtrElec",3,6,13,"",-377.403,0,0,0,0,0,0,0,0,0,0,0,0,0,0,0,0,0,0,0,0,145.185,0,0,-522.588
"MtrElec",3,6,14,"",-394.344,0,0,0,0,0,0,0,0,0,0,0,0,0,0,0,0,0,0,0,0,96.3698,0,0,-490.714
"MtrElec",3,6,15,"",-315.863,0,0,0,0,0,0,0,0,0,0,0,0,0,0,0,0,0,0,0,0,102.134,0,0,-417.997
"MtrElec",3,6,16,"",-183.504,0,0,0,0,0,0,0,0,0,0,0,0,0,0,0,0,0,0,0,0,115.04,0,0,-298.545
"MtrElec",3,6,17,"",-13.4252,0,0,0,0,0,0,0,0,0,0,0,0,0,0,0,0,0,0,0,0,138.362,0,0,-151.787
"MtrElec",3,6,18,"",126.347,0,0,0,0,0,0,0,0,0,0,0,0,0,0,0,0,0,0,0,0,151.046,0,0,-24.6992
"MtrElec",3,6,19,"",-21.2901,0,0,0,0,0,0,0,0,0,0,0,0,0,0,0,0,0,0,0,0,202.936,0,-224.226,0
"MtrElec",3,6,20,"",-46.0425,0,0,0,0,0,0,0,0,0,0,0,0,0,0,0,0,0,0,0,0,178.184,0,-224.226,0
"MtrElec",3,6,21,"",145.56,0,0,0,0,0,0,0,0,0,0,0,0,0,0,0,0,0,0,0,0,204.083,0,-58.5231,0
"MtrElec",3,6,22,"",132.514,0,0,0,0,0,0,0,0,0,0,0,0,0,0,0,0,0,0,0,0,132.514,0,0,0
"MtrElec",3,6,23,"",151.781,0,0,0,0,0,0,0,0,0,0,0,0,0,0,0,0,0,0,0,0,151.781,0,0,0
"MtrElec",3,6,24,"",134.979,0,0,0,0,0,0,0,0,0,0,0,0,0,0,0,0,0,0,0,0,134.979,0,0,0
"MtrElec",3,7,1,"",86.6458,0,0,0,0,0,0,0,0,0,0,0,0,0,0,0,0,0,0,0,0,86.6458,0,0,0
"MtrElec",3,7,2,"",76.4998,0,0,0,0,0,0,0,0,0,0,0,0,0,0,0,0,0,0,0,0,76.4998,0,0,0
"MtrElec",3,7,3,"",76.6455,0,0,0,0,0,0,0,0,0,0,0,0,0,0,0,0,0,0,0,0,76.6455,0,0,0
"MtrElec",3,7,4,"",76.9915,0,0,0,0,0,0,0,0,0,0,0,0,0,0,0,0,0,0,0,0,76.9915,0,0,0
"MtrElec",3,7,5,"",80.708,0,0,0,0,0,0,0,0,0,0,0,0,0,0,0,0,0,0,0,0,80.708,0,0,0
"MtrElec",3,7,6,"",78.3755,0,0,0,0,0,0,0,0,0,0,0,0,0,0,0,0,0,0,0,0,78.3755,0,0,0
"MtrElec",3,7,7,"",58.4323,0,0,0,0,0,0,0,0,0,0,0,0,0,0,0,0,0,0,0,0,85.7826,0,0,-27.3503
"MtrElec",3,7,8,"",0.0000039,0,0,0,0,0,0,0,0,0,0,0,0,0,0,0,0,0,0,0,0,93.5612,0,55.9331,-149.494
"MtrElec",3,7,9,"",0,0,0,0,0,0,0,0,0,0,0,0,0,0,0,0,0,0,0,0,0,113.796,0,187.212,-301.008
"MtrElec",3,7,10,"",-78.1675,0,0,0,0,0,0,0,0,0,0,0,0,0,0,0,0,0,0,0,0,120.114,0,224.226,-422.509
"MtrElec",3,7,11,"",-256.976,0,0,0,0,0,0,0,0,0,0,0,0,0,0,0,0,0,0,0,0,156.793,0,94.3747,-508.144
"MtrElec",3,7,12,"",-312.252,0,0,0,0,0,0,0,0,0,0,0,0,0,0,0,0,0,0,0,0,175.198,0,0,-487.45
"MtrElec",3,7,13,"",-277.228,0,0,0,0,0,0,0,0,0,0,0,0,0,0,0,0,0,0,0,0,150.007,0,0,-427.236
"MtrElec",3,7,14,"",-228.104,0,0,0,0,0,0,0,0,0,0,0,0,0,0,0,0,0,0,0,0,151.905,0,0,-380.009
"MtrElec",3,7,15,"",-182.356,0,0,0,0,0,0,0,0,0,0,0,0,0,0,0,0,0,0,0,0,163.07,0,0,-345.426
"MtrElec",3,7,16,"",-134.038,0,0,0,0,0,0,0,0,0,0,0,0,0,0,0,0,0,0,0,0,129.002,0,0,-263.04
"MtrElec",3,7,17,"",11.0161,0,0,0,0,0,0,0,0,0,0,0,0,0,0,0,0,0,0,0,0,132.954,0,0,-121.938
"MtrElec",3,7,18,"",114.199,0,0,0,0,0,0,0,0,0,0,0,0,0,0,0,0,0,0,0,0,137.321,0,0,-23.1216
"MtrElec",3,7,19,"",-53.9447,0,0,0,0,0,0,0,0,0,0,0,0,0,0,0,0,0,0,0,0,170.282,0,-224.226,0
"MtrElec",3,7,20,"",-29.5277,0,0,0,0,0,0,0,0,0,0,0,0,0,0,0,0,0,0,0,0,194.699,0,-224.226,0
"MtrElec",3,7,21,"",103.861,0,0,0,0,0,0,0,0,0,0,0,0,0,0,0,0,0,0,0,0,162.384,0,-58.5231,0
"MtrElec",3,7,22,"",149.185,0,0,0,0,0,0,0,0,0,0,0,0,0,0,0,0,0,0,0,0,149.185,0,0,0
"MtrElec",3,7,23,"",127.897,0,0,0,0,0,0,0,0,0,0,0,0,0,0,0,0,0,0,0,0,127.897,0,0,0
"MtrElec",3,7,24,"",131.116,0,0,0,0,0,0,0,0,0,0,0,0,0,0,0,0,0,0,0,0,131.116,0,0,0
"MtrElec",3,8,1,"",100.07,0,0,0,0,0,0,0,0,0,0,0,0,0,0,0,0,0,0,0,0,100.07,0,0,0
"MtrElec",3,8,2,"",76.6643,0,0,0,0,0,0,0,0,0,0,0,0,0,0,0,0,0,0,0,0,76.6643,0,0,0
"MtrElec",3,8,4,"",75.9,0,0,0,0,0,0,0,0,0,0,0,0,0,0,0,0,0,0,0,0,75.9,0,0,0
"MtrElec",3,8,5,"",72.7902,0,0,0,0,0,0,0,0,0,0,0,0,0,0,0,0,0,0,0,0,72.7902,0,0,0
"MtrElec",3,8,6,"",77.9558,0,0,0,0,0,0,0,0,0,0,0,0,0,0,0,0,0,0,0,0,77.9558,0,0,0
"MtrElec",3,8,7,"",87.6579,0,0,0,0,0,0,0,0,0,0,0,0,0,0,0,0,0,0,0,0,87.6579,0,0,0
"MtrElec",3,8,8,"",76.5836,0,0,0,0,0,0,0,0,0,0,0,0,0,0,0,0,0,0,0,0,111.289,0,0,-34.7054
"MtrElec",3,8,9,"",0,0,0,0,0,0,0,0,0,0,0,0,0,0,0,0,0,0,0,0,0,127.708,0,33.2954,-161.004
"MtrElec",3,8,10,"",0,0,0,0,0,0,0,0,0,0,0,0,0,0,0,0,0,0,0,0,0,133.154,0,180.103,-313.257
"MtrElec",3,8,11,"",-41.1828,0,0,0,0,0,0,0,0,0,0,0,0,0,0,0,0,0,0,0,0,168.141,0,224.226,-433.551
"MtrElec",3,8,12,"",-218.411,0,0,0,0,0,0,0,0,0,0,0,0,0,0,0,0,0,0,0,0,170.139,0,124.122,-512.671
"MtrElec",3,8,13,"",-404.293,0,0,0,0,0,0,0,0,0,0,0,0,0,0,0,0,0,0,0,0,146.683,0,0,-550.976
"MtrElec",3,8,14,"",-395.053,0,0,0,0,0,0,0,0,0,0,0,0,0,0,0,0,0,0,0,0,154.203,0,0,-549.255
"MtrElec",3,8,15,"",-324.707,0,0,0,0,0,0,0,0,0,0,0,0,0,0,0,0,0,0,0,0,183.838,0,0,-508.546
"MtrElec",3,8,16,"",-270.67,0,0,0,0,0,0,0,0,0,0,0,0,0,0,0,0,0,0,0,0,152.86,0,0,-423.53
"MtrElec",3,8,17,"",-140.573,0,0,0,0,0,0,0,0,0,0,0,0,0,0,0,0,0,0,0,0,175.379,0,0,-315.952
"MtrElec",3,8,18,"",45.137,0,0,0,0,0,0,0,0,0,0,0,0,0,0,0,0,0,0,0,0,206.548,0,0,-161.411
"MtrElec",3,8,19,"",-38.3322,0,0,0,0,0,0,0,0,0,0,0,0,0,0,0,0,0,0,0,0,209.243,0,-224.226,-23.3491
"MtrElec",3,8,20,"",-21.227,0,0,0,0,0,0,0,0,0,0,0,0,0,0,0,0,0,0,0,0,202.999,0,-224.226,0
"MtrElec",3,8,21,"",128.222,0,0,0,0,0,0,0,0,0,0,0,0,0,0,0,0,0,0,0,0,186.745,0,-58.5231,0
"MtrElec",3,8,22,"",194.662,0,0,0,0,0,0,0,0,0,0,0,0,0,0,0,0,0,0,0,0,194.662,0,0,0
"MtrElec",3,8,23,"",133.515,0,0,0,0,0,0,0,0,0,0,0,0,0,0,0,0,0,0,0,0,133.515,0,0,0
"MtrElec",3,8,24,"",130.245,0,0,0,0,0,0,0,0,0,0,0,0,0,0,0,0,0,0,0,0,130.245,0,0,0
"MtrElec",3,9,1,"",86.1763,0,0,0,0,0,0,0,0,0,0,0,0,0,0,0,0,0,0,0,0,86.1763,0,0,0
"MtrElec",3,9,2,"",77.3266,0,0,0,0,0,0,0,0,0,0,0,0,0,0,0,0,0,0,0,0,77.3266,0,0,0
"MtrElec",3,9,3,"",80.247,0,0,0,0,0,0,0,0,0,0,0,0,0,0,0,0,0,0,0,0,80.247,0,0,0
"MtrElec",3,9,4,"",81.6187,0,0,0,0,0,0,0,0,0,0,0,0,0,0,0,0,0,0,0,0,81.6187,0,0,0
"MtrElec",3,9,5,"",81.5508,0,0,0,0,0,0,0,0,0,0,0,0,0,0,0,0,0,0,0,0,81.5508,0,0,0
"MtrElec",3,9,6,"",80.4327,0,0,0,0,0,0,0,0,0,0,0,0,0,0,0,0,0,0,0,0,80.4327,0,0,0
"MtrElec",3,9,7,"",90.3883,0,0,0,0,0,0,0,0,0,0,0,0,0,0,0,0,0,0,0,0,90.3883,0,0,0
"MtrElec",3,9,8,"",99.278,0,0,0,0,0,0,0,0,0,0,0,0,0,0,0,0,0,0,0,0,117.376,0,0,-18.0983
"MtrElec",3,9,9,"",0.0000010,0,0,0,0,0,0,0,0,0,0,0,0,0,0,0,0,0,0,0,0,120.529,0,8.42417,-128.953
"MtrElec",3,9,10,"",0,0,0,0,0,0,0,0,0,0,0,0,0,0,0,0,0,0,0,0,0,125.039,0,184.047,-309.086
"MtrElec",3,9,11,"",-31.5644,0,0,0,0,0,0,0,0,0,0,0,0,0,0,0,0,0,0,0,0,130.534,0,224.226,-386.325
"MtrElec",3,9,12,"",-244.111,0,0,0,0,0,0,0,0,0,0,0,0,0,0,0,0,0,0,0,0,111.011,0,145.048,-500.171
"MtrElec",3,9,13,"",-412.446,0,0,0,0,0,0,0,0,0,0,0,0,0,0,0,0,0,0,0,0,131.099,0,0,-543.544
"MtrElec",3,9,14,"",-423.567,0,0,0,0,0,0,0,0,0,0,0,0,0,0,0,0,0,0,0,0,119.957,0,0,-543.523
"MtrElec",3,9,15,"",-363.231,0,0,0,0,0,0,0,0,0,0,0,0,0,0,0,0,0,0,0,0,135.666,0,0,-498.897
"MtrElec",3,9,16,"",-275.354,0,0,0,0,0,0,0,0,0,0,0,0,0,0,0,0,0,0,0,0,147.028,0,0,-422.382
"MtrElec",3,9,17,"",-143.96,0,0,0,0,0,0,0,0,0,0,0,0,0,0,0,0,0,0,0,0,169.427,0,0,-313.387
"MtrElec",3,9,18,"",35.5042,0,0,0,0,0,0,0,0,0,0,0,0,0,0,0,0,0,0,0,0,197.847,0,0,-162.343
"MtrElec",3,9,19,"",-27.222,0,0,0,0,0,0,0,0,0,0,0,0,0,0,0,0,0,0,0,0,218.557,0,-224.226,-21.5527
"MtrElec",3,9,20,"",-40.3992,0,0,0,0,0,0,0,0,0,0,0,0,0,0,0,0,0,0,0,0,183.827,0,-224.226,0
"MtrElec",3,9,21,"",125.292,0,0,0,0,0,0,0,0,0,0,0,0,0,0,0,0,0,0,0,0,183.815,0,-58.5231,0
"MtrElec",3,9,22,"",147.662,0,0,0,0,0,0,0,0,0,0,0,0,0,0,0,0,0,0,0,0,147.662,0,0,0
"MtrElec",3,9,23,"",136.276,0,0,0,0,0,0,0,0,0,0,0,0,0,0,0,0,0,0,0,0,136.276,0,0,0
"MtrElec",3,9,24,"",128.502,0,0,0,0,0,0,0,0,0,0,0,0,0,0,0,0,0,0,0,0,128.502,0,0,0
"MtrElec",3,10,1,"",111.226,0,0,0,0,0,0,0,0,0,0,0,0,0,0,0,0,0,0,0,0,111.226,0,0,0
"MtrElec",3,10,2,"",78.7184,0,0,0,0,0,0,0,0,0,0,0,0,0,0,0,0,0,0,0,0,78.7184,0,0,0
"MtrElec",3,10,3,"",74.8166,0,0,0,0,0,0,0,0,0,0,0,0,0,0,0,0,0,0,0,0,74.8166,0,0,0
"MtrElec",3,10,4,"",74.1178,0,0,0,0,0,0,0,0,0,0,0,0,0,0,0,0,0,0,0,0,74.1178,0,0,0
"MtrElec",3,10,5,"",73.1832,0,0,0,0,0,0,0,0,0,0,0,0,0,0,0,0,0,0,0,0,73.1832,0,0,0
"MtrElec",3,10,6,"",80.4692,0,0,0,0,0,0,0,0,0,0,0,0,0,0,0,0,0,0,0,0,80.4692,0,0,0
"MtrElec",3,10,7,"",90.7018,0,0,0,0,0,0,0,0,0,0,0,0,0,0,0,0,0,0,0,0,90.7018,0,0,0
"MtrElec",3,10,8,"",80.232,0,0,0,0,0,0,0,0,0,0,0,0,0,0,0,0,0,0,0,0,115.32,0,0,-35.0878
"MtrElec",3,10,9,"",0,0,0,0,0,0,0,0,0,0,0,0,0,0,0,0,0,0,0,0,0,135.9,0,25.103,-161.003
"MtrElec",3,10,10,"",0.0000156,0,0,0,0,0,0,0,0,0,0,0,0,0,0,0,0,0,0,0,0,135.609,0,172.577,-308.186
"MtrElec",3,10,11,"",-51.0834,0,0,0,0,0,0,0,0,0,0,0,0,0,0,0,0,0,0,0,0,142.823,0,224.226,-418.133
"MtrElec",3,10,12,"",-214.536,0,0,0,0,0,0,0,0,0,0,0,0,0,0,0,0,0,0,0,0,144.12,0,139.84,-498.495
"MtrElec",3,10,13,"",-357.251,0,0,0,0,0,0,0,0,0,0,0,0,0,0,0,0,0,0,0,0,184.133,0,0,-541.384
"MtrElec",3,10,14,"",-422.369,0,0,0,0,0,0,0,0,0,0,0,0,0,0,0,0,0,0,0,0,117.238,0,0,-539.607
"MtrElec",3,10,15,"",-373.537,0,0,0,0,0,0,0,0,0,0,0,0,0,0,0,0,0,0,0,0,131.146,0,0,-504.683
"MtrElec",3,10,16,"",-295.626,0,0,0,0,0,0,0,0,0,0,0,0,0,0,0,0,0,0,0,0,133.939,0,0,-429.564
"MtrElec",3,10,17,"",-143.548,0,0,0,0,0,0,0,0,0,0,0,0,0,0,0,0,0,0,0,0,169.588,0,0,-313.137
"MtrElec",3,10,18,"",17.2405,0,0,0,0,0,0,0,0,0,0,0,0,0,0,0,0,0,0,0,0,182.387,0,0,-165.147
"MtrElec",3,10,19,"",-50.5635,0,0,0,0,0,0,0,0,0,0,0,0,0,0,0,0,0,0,0,0,202.36,0,-224.226,-28.697
"MtrElec",3,10,20,"",-32.8563,0,0,0,0,0,0,0,0,0,0,0,0,0,0,0,0,0,0,0,0,191.37,0,-224.226,0
"MtrElec",3,10,21,"",119.03,0,0,0,0,0,0,0,0,0,0,0,0,0,0,0,0,0,0,0,0,177.553,0,-58.5231,0
"MtrElec",3,10,22,"",147.609,0,0,0,0,0,0,0,0,0,0,0,0,0,0,0,0,0,0,0,0,147.609,0,0,0
"MtrElec",3,10,23,"",164.746,0,0,0,0,0,0,0,0,0,0,0,0,0,0,0,0,0,0,0,0,164.746,0,0,0
"MtrElec",3,10,24,"",109.049,0,0,0,0,0,0,0,0,0,0,0,0,0,0,0,0,0,0,0,0,109.049,0,0,0
"MtrElec",3,11,1,"",92.8399,0,0,0,0,0,0,0,0,0,0,0,0,0,0,0,0,0,0,0,0,92.8399,0,0,0
"MtrElec",3,11,2,"",78.1342,0,0,0,0,0,0,0,0,0,0,0,0,0,0,0,0,0,0,0,0,78.1342,0,0,0
"MtrElec",3,11,3,"",74.6423,0,0,0,0,0,0,0,0,0,0,0,0,0,0,0,0,0,0,0,0,74.6423,0,0,0
"MtrElec",3,11,4,"",74.0441,0,0,0,0,0,0,0,0,0,0,0,0,0,0,0,0,0,0,0,0,74.0441,0,0,0
"MtrElec",3,11,5,"",73.1119,0,0,0,0,0,0,0,0,0,0,0,0,0,0,0,0,0,0,0,0,73.1119,0,0,0
"MtrElec",3,11,6,"",81.8852,0,0,0,0,0,0,0,0,0,0,0,0,0,0,0,0,0,0,0,0,81.8852,0,0,0
"MtrElec",3,11,7,"",103.249,0,0,0,0,0,0,0,0,0,0,0,0,0,0,0,0,0,0,0,0,103.249,0,0,0
"MtrElec",3,11,8,"",94.2262,0,0,0,0,0,0,0,0,0,0,0,0,0,0,0,0,0,0,0,0,110.87,0,0,-16.6435
"MtrElec",3,11,9,"",37.2387,0,0,0,0,0,0,0,0,0,0,0,0,0,0,0,0,0,0,0,0,136.059,0,0,-98.8204
"MtrElec",3,11,10,"",0,0,0,0,0,0,0,0,0,0,0,0,0,0,0,0,0,0,0,0,0,135.805,0,120.635,-256.44
"MtrElec",3,11,11,"",0,0,0,0,0,0,0,0,0,0,0,0,0,0,0,0,0,0,0,0,0,137.558,0,162.838,-300.396
"MtrElec",3,11,12,"",-6.71909,0,0,0,0,0,0,0,0,0,0,0,0,0,0,0,0,0,0,0,0,135.949,0,224.226,-366.895
"MtrElec",3,11,13,"",-234.747,0,0,0,0,0,0,0,0,0,0,0,0,0,0,0,0,0,0,0,0,170.475,0,54.047,-459.268
"MtrElec",3,11,14,"",-348.327,0,0,0,0,0,0,0,0,0,0,0,0,0,0,0,0,0,0,0,0,95.2844,0,0,-443.611
"MtrElec",3,11,15,"",-237.034,0,0,0,0,0,0,0,0,0,0,0,0,0,0,0,0,0,0,0,0,105.478,0,0,-342.512
"MtrElec",3,11,16,"",-179.282,0,0,0,0,0,0,0,0,0,0,0,0,0,0,0,0,0,0,0,0,102.208,0,0,-281.49
"MtrElec",3,11,17,"",-86.9287,0,0,0,0,0,0,0,0,0,0,0,0,0,0,0,0,0,0,0,0,125.552,0,0,-212.481
"MtrElec",3,11,18,"",14.0913,0,0,0,0,0,0,0,0,0,0,0,0,0,0,0,0,0,0,0,0,171.649,0,0,-157.557
"MtrElec",3,11,19,"",-45.3319,0,0,0,0,0,0,0,0,0,0,0,0,0,0,0,0,0,0,0,0,202.603,0,-224.226,-23.7087
"MtrElec",3,11,20,"",-30.19,0,0,0,0,0,0,0,0,0,0,0,0,0,0,0,0,0,0,0,0,194.036,0,-224.226,0
"MtrElec",3,11,21,"",110.616,0,0,0,0,0,0,0,0,0,0,0,0,0,0,0,0,0,0,0,0,169.139,0,-58.5231,0
"MtrElec",3,11,22,"",140.994,0,0,0,0,0,0,0,0,0,0,0,0,0,0,0,0,0,0,0,0,140.994,0,0,0
"MtrElec",3,11,23,"",154.567,0,0,0,0,0,0,0,0,0,0,0,0,0,0,0,0,0,0,0,0,154.567,0,0,0
"MtrElec",3,11,24,"",120.031,0,0,0,0,0,0,0,0,0,0,0,0,0,0,0,0,0,0,0,0,120.031,0,0,0
"MtrElec",3,12,1,"",93.1576,0,0,0,0,0,0,0,0,0,0,0,0,0,0,0,0,0,0,0,0,93.1576,0,0,0
"MtrElec",3,12,2,"",76.8919,0,0,0,0,0,0,0,0,0,0,0,0,0,0,0,0,0,0,0,0,76.8919,0,0,0
"MtrElec",3,12,3,"",74.1973,0,0,0,0,0,0,0,0,0,0,0,0,0,0,0,0,0,0,0,0,74.1973,0,0,0
"MtrElec",3,12,4,"",74.2519,0,0,0,0,0,0,0,0,0,0,0,0,0,0,0,0,0,0,0,0,74.2519,0,0,0
"MtrElec",3,12,5,"",73.2556,0,0,0,0,0,0,0,0,0,0,0,0,0,0,0,0,0,0,0,0,73.2556,0,0,0
"MtrElec",3,12,6,"",80.749,0,0,0,0,0,0,0,0,0,0,0,0,0,0,0,0,0,0,0,0,80.749,0,0,0
"MtrElec",3,12,7,"",90.7322,0,0,0,0,0,0,0,0,0,0,0,0,0,0,0,0,0,0,0,0,90.7322,0,0,0
"MtrElec",3,12,8,"",65.884,0,0,0,0,0,0,0,0,0,0,0,0,0,0,0,0,0,0,0,0,103.926,0,0,-38.042
"MtrElec",3,12,9,"",0,0,0,0,0,0,0,0,0,0,0,0,0,0,0,0,0,0,0,0,0,117.458,0,45.5974,-163.056
"MtrElec",3,12,10,"",0,0,0,0,0,0,0,0,0,0,0,0,0,0,0,0,0,0,0,0,0,136.439,0,180.479,-316.918
"MtrElec",3,12,11,"",-61.9815,0,0,0,0,0,0,0,0,0,0,0,0,0,0,0,0,0,0,0,0,154.748,0,224.226,-440.956
"MtrElec",3,12,12,"",-303.777,0,0,0,0,0,0,0,0,0,0,0,0,0,0,0,0,0,0,0,0,104.92,0,111.444,-520.141
"MtrElec",3,12,13,"",-459.336,0,0,0,0,0,0,0,0,0,0,0,0,0,0,0,0,0,0,0,0,100.055,0,0,-559.391
"MtrElec",3,12,14,"",-442.183,0,0,0,0,0,0,0,0,0,0,0,0,0,0,0,0,0,0,0,0,112.782,0,0,-554.965
"MtrElec",3,12,15,"",-399.203,0,0,0,0,0,0,0,0,0,0,0,0,0,0,0,0,0,0,0,0,107.58,0,0,-506.783
"MtrElec",3,12,16,"",-297.98,0,0,0,0,0,0,0,0,0,0,0,0,0,0,0,0,0,0,0,0,128.84,0,0,-426.819
"MtrElec",3,12,17,"",-145.1,0,0,0,0,0,0,0,0,0,0,0,0,0,0,0,0,0,0,0,0,167.832,0,0,-312.932
"MtrElec",3,12,18,"",13.7447,0,0,0,0,0,0,0,0,0,0,0,0,0,0,0,0,0,0,0,0,179.05,0,0,-165.305
"MtrElec",3,12,19,"",-70.9867,0,0,0,0,0,0,0,0,0,0,0,0,0,0,0,0,0,0,0,0,182.679,0,-224.226,-29.439
"MtrElec",3,12,20,"",-25.8235,0,0,0,0,0,0,0,0,0,0,0,0,0,0,0,0,0,0,0,0,198.403,0,-224.226,0
"MtrElec",3,12,21,"",112.824,0,0,0,0,0,0,0,0,0,0,0,0,0,0,0,0,0,0,0,0,171.347,0,-58.5231,0
"MtrElec",3,12,22,"",141.659,0,0,0,0,0,0,0,0,0,0,0,0,0,0,0,0,0,0,0,0,141.659,0,0,0
"MtrElec",3,12,23,"",126.122,0,0,0,0,0,0,0,0,0,0,0,0,0,0,0,0,0,0,0,0,126.122,0,0,0
"MtrElec",3,12,24,"",122.837,0,0,0,0,0,0,0,0,0,0,0,0,0,0,0,0,0,0,0,0,122.837,0,0,0
"MtrElec",3,13,1,"",95.8351,0,0,0,0,0,0,0,0,0,0,0,0,0,0,0,0,0,0,0,0,95.8351,0,0,0
"MtrElec",3,13,2,"",76.1255,0,0,0,0,0,0,0,0,0,0,0,0,0,0,0,0,0,0,0,0,76.1255,0,0,0
"MtrElec",3,13,3,"",76.4961,0,0,0,0,0,0,0,0,0,0,0,0,0,0,0,0,0,0,0,0,76.4961,0,0,0
"MtrElec",3,13,4,"",77.5914,0,0,0,0,0,0,0,0,0,0,0,0,0,0,0,0,0,0,0,0,77.5914,0,0,0
"MtrElec",3,13,5,"",77.0959,0,0,0,0,0,0,0,0,0,0,0,0,0,0,0,0,0,0,0,0,77.0959,0,0,0
"MtrElec",3,13,6,"",80.128,0,0,0,0,0,0,0,0,0,0,0,0,0,0,0,0,0,0,0,0,80.128,0,0,0
"MtrElec",3,13,7,"",89.6441,0,0,0,0,0,0,0,0,0,0,0,0,0,0,0,0,0,0,0,0,89.6441,0,0,0
"MtrElec",3,13,8,"",102.864,0,0,0,0,0,0,0,0,0,0,0,0,0,0,0,0,0,0,0,0,103.299,0,0,-0.434675
"MtrElec",3,13,9,"",0,0,0,0,0,0,0,0,0,0,0,0,0,0,0,0,0,0,0,0,0,106.335,0,22.5922,-128.927
"MtrElec",3,13,10,"",0,0,0,0,0,0,0,0,0,0,0,0,0,0,0,0,0,0,0,0,0,111.828,0,57.6743,-169.503
"MtrElec",3,13,11,"",0,0,0,0,0,0,0,0,0,0,0,0,0,0,0,0,0,0,0,0,0,144.053,0,202.486,-346.539
"MtrElec",3,13,12,"",-184.546,0,0,0,0,0,0,0,0,0,0,0,0,0,0,0,0,0,0,0,0,104.11,0,224.226,-512.882
"MtrElec",3,13,13,"",-353.852,0,0,0,0,0,0,0,0,0,0,0,0,0,0,0,0,0,0,0,0,139.995,0,54.7673,-548.615
"MtrElec",3,13,14,"",-461.861,0,0,0,0,0,0,0,0,0,0,0,0,0,0,0,0,0,0,0,0,88.9395,0,0,-550.8
"MtrElec",3,13,15,"",-424.435,0,0,0,0,0,0,0,0,0,0,0,0,0,0,0,0,0,0,0,0,90.9107,0,0,-515.345
"MtrElec",3,13,16,"",-330.682,0,0,0,0,0,0,0,0,0,0,0,0,0,0,0,0,0,0,0,0,108.462,0,0,-439.144
"MtrElec",3,13,17,"",-160.937,0,0,0,0,0,0,0,0,0,0,0,0,0,0,0,0,0,0,0,0,138.793,0,0,-299.73
"MtrElec",3,13,18,"",-3.85669,0,0,0,0,0,0,0,0,0,0,0,0,0,0,0,0,0,0,0,0,147.443,0,0,-151.299
"MtrElec",3,13,19,"",-97.0686,0,0,0,0,0,0,0,0,0,0,0,0,0,0,0,0,0,0,0,0,157.851,0,-224.226,-30.6929
"MtrElec",3,13,20,"",-32.672,0,0,0,0,0,0,0,0,0,0,0,0,0,0,0,0,0,0,0,0,191.554,0,-224.226,0
"MtrElec",3,13,21,"",122.256,0,0,0,0,0,0,0,0,0,0,0,0,0,0,0,0,0,0,0,0,180.779,0,-58.5231,0
"MtrElec",3,13,22,"",144.465,0,0,0,0,0,0,0,0,0,0,0,0,0,0,0,0,0,0,0,0,144.465,0,0,0
"MtrElec",3,13,23,"",150.347,0,0,0,0,0,0,0,0,0,0,0,0,0,0,0,0,0,0,0,0,150.347,0,0,0
"MtrElec",3,13,24,"",125.41,0,0,0,0,0,0,0,0,0,0,0,0,0,0,0,0,0,0,0,0,125.41,0,0,0
"MtrElec",3,14,1,"",88.2492,0,0,0,0,0,0,0,0,0,0,0,0,0,0,0,0,0,0,0,0,88.2492,0,0,0
"MtrElec",3,14,2,"",76.1699,0,0,0,0,0,0,0,0,0,0,0,0,0,0,0,0,0,0,0,0,76.1699,0,0,0
"MtrElec",3,14,3,"",76.0699,0,0,0,0,0,0,0,0,0,0,0,0,0,0,0,0,0,0,0,0,76.0699,0,0,0
"MtrElec",3,14,4,"",77.155,0,0,0,0,0,0,0,0,0,0,0,0,0,0,0,0,0,0,0,0,77.155,0,0,0
"MtrElec",3,14,5,"",87.1457,0,0,0,0,0,0,0,0,0,0,0,0,0,0,0,0,0,0,0,0,87.1457,0,0,0
"MtrElec",3,14,6,"",77.3344,0,0,0,0,0,0,0,0,0,0,0,0,0,0,0,0,0,0,0,0,77.3344,0,0,0
"MtrElec",3,14,7,"",85.5471,0,0,0,0,0,0,0,0,0,0,0,0,0,0,0,0,0,0,0,0,85.5471,0,0,0
"MtrElec",3,14,8,"",57.3898,0,0,0,0,0,0,0,0,0,0,0,0,0,0,0,0,0,0,0,0,98.472,0,0,-41.0822
"MtrElec",3,14,9,"",0,0,0,0,0,0,0,0,0,0,0,0,0,0,0,0,0,0,0,0,0,118.313,0,52.063,-170.376
"MtrElec",3,14,10,"",0,0,0,0,0,0,0,0,0,0,0,0,0,0,0,0,0,0,0,0,0,132.758,0,190.772,-323.53
"MtrElec",3,14,11,"",-61.4388,0,0,0,0,0,0,0,0,0,0,0,0,0,0,0,0,0,0,0,0,153.493,0,224.226,-439.158
"MtrElec",3,14,12,"",-271.377,0,0,0,0,0,0,0,0,0,0,0,0,0,0,0,0,0,0,0,0,152.037,0,94.6848,-518.099
"MtrElec",3,14,13,"",-374.751,0,0,0,0,0,0,0,0,0,0,0,0,0,0,0,0,0,0,0,0,185.429,0,0,-560.18
"MtrElec",3,14,14,"",-417.474,0,0,0,0,0,0,0,0,0,0,0,0,0,0,0,0,0,0,0,0,139.347,0,0,-556.821
"MtrElec",3,14,15,"",-317.25,0,0,0,0,0,0,0,0,0,0,0,0,0,0,0,0,0,0,0,0,198.967,0,0,-516.217
"MtrElec",3,14,16,"",-280.216,0,0,0,0,0,0,0,0,0,0,0,0,0,0,0,0,0,0,0,0,154.781,0,0,-434.998
"MtrElec",3,14,17,"",-172.128,0,0,0,0,0,0,0,0,0,0,0,0,0,0,0,0,0,0,0,0,144.747,0,0,-316.875
"MtrElec",3,14,18,"",18.003,0,0,0,0,0,0,0,0,0,0,0,0,0,0,0,0,0,0,0,0,179.772,0,0,-161.769
"MtrElec",3,14,19,"",3.37729,0,0,0,0,0,0,0,0,0,0,0,0,0,0,0,0,0,0,0,0,253.554,0,-224.226,-25.95
"MtrElec",3,14,20,"",-35.6341,0,0,0,0,0,0,0,0,0,0,0,0,0,0,0,0,0,0,0,0,188.592,0,-224.226,0
"MtrElec",3,14,21,"",84.1078,0,0,0,0,0,0,0,0,0,0,0,0,0,0,0,0,0,0,0,0,142.631,0,-58.5231,0
"MtrElec",3,14,22,"",142.577,0,0,0,0,0,0,0,0,0,0,0,0,0,0,0,0,0,0,0,0,142.577,0,0,0
"MtrElec",3,14,23,"",112.687,0,0,0,0,0,0,0,0,0,0,0,0,0,0,0,0,0,0,0,0,112.687,0,0,0
"MtrElec",3,14,24,"",105.225,0,0,0,0,0,0,0,0,0,0,0,0,0,0,0,0,0,0,0,0,105.225,0,0,0
"MtrElec",3,15,1,"",84.6794,0,0,0,0,0,0,0,0,0,0,0,0,0,0,0,0,0,0,0,0,84.6794,0,0,0
"MtrElec",3,15,2,"",76.2695,0,0,0,0,0,0,0,0,0,0,0,0,0,0,0,0,0,0,0,0,76.2695,0,0,0
"MtrElec",3,15,3,"",74.703,0,0,0,0,0,0,0,0,0,0,0,0,0,0,0,0,0,0,0,0,74.703,0,0,0
"MtrElec",3,15,4,"",75.3595,0,0,0,0,0,0,0,0,0,0,0,0,0,0,0,0,0,0,0,0,75.3595,0,0,0
"MtrElec",3,15,5,"",79.7963,0,0,0,0,0,0,0,0,0,0,0,0,0,0,0,0,0,0,0,0,79.7963,0,0,0
"MtrElec",3,15,6,"",77.4399,0,0,0,0,0,0,0,0,0,0,0,0,0,0,0,0,0,0,0,0,77.4399,0,0,0
"MtrElec",3,15,7,"",86.682,0,0,0,0,0,0,0,0,0,0,0,0,0,0,0,0,0,0,0,0,86.682,0,0,0
"MtrElec",3,15,8,"",63.743,0,0,0,0,0,0,0,0,0,0,0,0,0,0,0,0,0,0,0,0,106.97,0,0,-43.2266
"MtrElec",3,15,9,"",0,0,0,0,0,0,0,0,0,0,0,0,0,0,0,0,0,0,0,0,0,121.173,0,52.8304,-174.004
"MtrElec",3,15,10,"",0.0000078,0,0,0,0,0,0,0,0,0,0,0,0,0,0,0,0,0,0,0,0,122.106,0,201.22,-323.326
"MtrElec",3,15,11,"",-82.5535,0,0,0,0,0,0,0,0,0,0,0,0,0,0,0,0,0,0,0,0,131.532,0,224.226,-438.312
"MtrElec",3,15,12,"",-249.098,0,0,0,0,0,0,0,0,0,0,0,0,0,0,0,0,0,0,0,0,175.685,0,83.4691,-508.252
"MtrElec",3,15,13,"",-383.808,0,0,0,0,0,0,0,0,0,0,0,0,0,0,0,0,0,0,0,0,157.955,0,0,-541.764
"MtrElec",3,15,14,"",-426.194,0,0,0,0,0,0,0,0,0,0,0,0,0,0,0,0,0,0,0,0,115.833,0,0,-542.027
"MtrElec",3,15,15,"",-352.708,0,0,0,0,0,0,0,0,0,0,0,0,0,0,0,0,0,0,0,0,151.343,0,0,-504.051
"MtrElec",3,15,16,"",-286.485,0,0,0,0,0,0,0,0,0,0,0,0,0,0,0,0,0,0,0,0,139.367,0,0,-425.852
"MtrElec",3,15,17,"",-167.141,0,0,0,0,0,0,0,0,0,0,0,0,0,0,0,0,0,0,0,0,142.511,0,0,-309.651
"MtrElec",3,15,18,"",14.7579,0,0,0,0,0,0,0,0,0,0,0,0,0,0,0,0,0,0,0,0,179.754,0,0,-164.996
"MtrElec",3,15,19,"",-50.6881,0,0,0,0,0,0,0,0,0,0,0,0,0,0,0,0,0,0,0,0,204.077,0,-224.226,-30.539
"MtrElec",3,15,20,"",-2.94683,0,0,0,0,0,0,0,0,0,0,0,0,0,0,0,0,0,0,0,0,221.28,0,-224.226,0
"MtrElec",3,15,21,"",112.607,0,0,0,0,0,0,0,0,0,0,0,0,0,0,0,0,0,0,0,0,171.13,0,-58.5231,0
"MtrElec",3,15,22,"",166.653,0,0,0,0,0,0,0,0,0,0,0,0,0,0,0,0,0,0,0,0,166.653,0,0,0
"MtrElec",3,15,23,"",120.336,0,0,0,0,0,0,0,0,0,0,0,0,0,0,0,0,0,0,0,0,120.336,0,0,0
"MtrElec",3,15,24,"",139.644,0,0,0,0,0,0,0,0,0,0,0,0,0,0,0,0,0,0,0,0,139.644,0,0,0
"MtrElec",3,16,1,"",100.585,0,0,0,0,0,0,0,0,0,0,0,0,0,0,0,0,0,0,0,0,100.585,0,0,0
"MtrElec",3,16,2,"",76.4527,0,0,0,0,0,0,0,0,0,0,0,0,0,0,0,0,0,0,0,0,76.4527,0,0,0
"MtrElec",3,16,3,"",73.8066,0,0,0,0,0,0,0,0,0,0,0,0,0,0,0,0,0,0,0,0,73.8066,0,0,0
"MtrElec",3,16,4,"",73.9605,0,0,0,0,0,0,0,0,0,0,0,0,0,0,0,0,0,0,0,0,73.9605,0,0,0
"MtrElec",3,16,5,"",73.0116,0,0,0,0,0,0,0,0,0,0,0,0,0,0,0,0,0,0,0,0,73.0116,0,0,0
"MtrElec",3,16,6,"",81.0148,0,0,0,0,0,0,0,0,0,0,0,0,0,0,0,0,0,0,0,0,81.0148,0,0,0
"MtrElec",3,16,7,"",97.966,0,0,0,0,0,0,0,0,0,0,0,0,0,0,0,0,0,0,0,0,97.966,0,0,0
"MtrElec",3,16,8,"",79.2442,0,0,0,0,0,0,0,0,0,0,0,0,0,0,0,0,0,0,0,0,119.679,0,0,-40.4353
"MtrElec",3,16,9,"",0.0000039,0,0,0,0,0,0,0,0,0,0,0,0,0,0,0,0,0,0,0,0,118.729,0,46.7994,-165.529
"MtrElec",3,16,10,"",0,0,0,0,0,0,0,0,0,0,0,0,0,0,0,0,0,0,0,0,0,156.36,0,156.101,-312.461
"MtrElec",3,16,11,"",-40.3443,0,0,0,0,0,0,0,0,0,0,0,0,0,0,0,0,0,0,0,0,157.145,0,224.226,-421.716
"MtrElec",3,16,12,"",-232.498,0,0,0,0,0,0,0,0,0,0,0,0,0,0,0,0,0,0,0,0,128.83,0,134.619,-495.947
"MtrElec",3,16,13,"",-370.754,0,0,0,0,0,0,0,0,0,0,0,0,0,0,0,0,0,0,0,0,168.032,0,0,-538.786
"MtrElec",3,16,14,"",-411.587,0,0,0,0,0,0,0,0,0,0,0,0,0,0,0,0,0,0,0,0,124.505,0,0,-536.093
"MtrElec",3,16,15,"",-359.341,0,0,0,0,0,0,0,0,0,0,0,0,0,0,0,0,0,0,0,0,134.236,0,0,-493.577
"MtrElec",3,16,16,"",-287.957,0,0,0,0,0,0,0,0,0,0,0,0,0,0,0,0,0,0,0,0,136.564,0,0,-424.522
"MtrElec",3,16,17,"",-145.581,0,0,0,0,0,0,0,0,0,0,0,0,0,0,0,0,0,0,0,0,171.048,0,0,-316.628
"MtrElec",3,16,18,"",32.0649,0,0,0,0,0,0,0,0,0,0,0,0,0,0,0,0,0,0,0,0,202.762,0,0,-170.697
"MtrElec",3,16,19,"",-38.3584,0,0,0,0,0,0,0,0,0,0,0,0,0,0,0,0,0,0,0,0,218.954,0,-224.226,-33.0855
"MtrElec",3,16,20,"",-19.8014,0,0,0,0,0,0,0,0,0,0,0,0,0,0,0,0,0,0,0,0,204.425,0,-224.226,0
"MtrElec",3,16,21,"",133.374,0,0,0,0,0,0,0,0,0,0,0,0,0,0,0,0,0,0,0,0,191.897,0,-58.5231,0
"MtrElec",3,16,22,"",169.975,0,0,0,0,0,0,0,0,0,0,0,0,0,0,0,0,0,0,0,0,169.975,0,0,0
"MtrElec",3,16,23,"",160.21,0,0,0,0,0,0,0,0,0,0,0,0,0,0,0,0,0,0,0,0,160.21,0,0,0
"MtrElec",3,16,24,"",144.105,0,0,0,0,0,0,0,0,0,0,0,0,0,0,0,0,0,0,0,0,144.105,0,0,0
"MtrElec",3,17,1,"",95.0963,0,0,0,0,0,0,0,0,0,0,0,0,0,0,0,0,0,0,0,0,95.0963,0,0,0
"MtrElec",3,17,2,"",77.4788,0,0,0,0,0,0,0,0,0,0,0,0,0,0,0,0,0,0,0,0,77.4788,0,0,0
"MtrElec",3,17,3,"",77.2082,0,0,0,0,0,0,0,0,0,0,0,0,0,0,0,0,0,0,0,0,77.2082,0,0,0
"MtrElec",3,17,4,"",77.9913,0,0,0,0,0,0,0,0,0,0,0,0,0,0,0,0,0,0,0,0,77.9913,0,0,0
"MtrElec",3,17,5,"",77.4917,0,0,0,0,0,0,0,0,0,0,0,0,0,0,0,0,0,0,0,0,77.4917,0,0,0
"MtrElec",3,17,6,"",81.3437,0,0,0,0,0,0,0,0,0,0,0,0,0,0,0,0,0,0,0,0,81.3437,0,0,0
"MtrElec",3,17,7,"",98.0014,0,0,0,0,0,0,0,0,0,0,0,0,0,0,0,0,0,0,0,0,98.0014,0,0,0
"MtrElec",3,17,8,"",72.9258,0,0,0,0,0,0,0,0,0,0,0,0,0,0,0,0,0,0,0,0,118.279,0,0,-45.3529
"MtrElec",3,17,9,"",0,0,0,0,0,0,0,0,0,0,0,0,0,0,0,0,0,0,0,0,0,133.063,0,41.1788,-174.242
"MtrElec",3,17,10,"",0,0,0,0,0,0,0,0,0,0,0,0,0,0,0,0,0,0,0,0,0,147.941,0,169.853,-317.793
"MtrElec",3,17,11,"",-63.9315,0,0,0,0,0,0,0,0,0,0,0,0,0,0,0,0,0,0,0,0,144.607,0,224.226,-432.765
"MtrElec",3,17,12,"",-245.058,0,0,0,0,0,0,0,0,0,0,0,0,0,0,0,0,0,0,0,0,142.682,0,126.488,-514.228
"MtrElec",3,17,13,"",-336.313,0,0,0,0,0,0,0,0,0,0,0,0,0,0,0,0,0,0,0,0,220.039,0,0,-556.352
"MtrElec",3,17,14,"",-459.54,0,0,0,0,0,0,0,0,0,0,0,0,0,0,0,0,0,0,0,0,105.246,0,0,-564.787
"MtrElec",3,17,15,"",-417.048,0,0,0,0,0,0,0,0,0,0,0,0,0,0,0,0,0,0,0,0,113.952,0,0,-531
"MtrElec",3,17,16,"",-325.981,0,0,0,0,0,0,0,0,0,0,0,0,0,0,0,0,0,0,0,0,122.537,0,0,-448.517
"MtrElec",3,17,17,"",-180.17,0,0,0,0,0,0,0,0,0,0,0,0,0,0,0,0,0,0,0,0,148.789,0,0,-328.96
"MtrElec",3,17,18,"",2.48792,0,0,0,0,0,0,0,0,0,0,0,0,0,0,0,0,0,0,0,0,181.186,0,0,-178.698
"MtrElec",3,17,19,"",-63.3555,0,0,0,0,0,0,0,0,0,0,0,0,0,0,0,0,0,0,0,0,195.575,0,-224.226,-34.7037
"MtrElec",3,17,20,"",-42.3499,0,0,0,0,0,0,0,0,0,0,0,0,0,0,0,0,0,0,0,0,181.877,0,-224.226,0
"MtrElec",3,17,21,"",151.012,0,0,0,0,0,0,0,0,0,0,0,0,0,0,0,0,0,0,0,0,209.535,0,-58.5231,0
"MtrElec",3,17,22,"",135.783,0,0,0,0,0,0,0,0,0,0,0,0,0,0,0,0,0,0,0,0,135.783,0,0,0
"MtrElec",3,17,23,"",121.012,0,0,0,0,0,0,0,0,0,0,0,0,0,0,0,0,0,0,0,0,121.012,0,0,0
"MtrElec",3,17,24,"",99.2588,0,0,0,0,0,0,0,0,0,0,0,0,0,0,0,0,0,0,0,0,99.2588,0,0,0
"MtrElec",3,18,1,"",86.2323,0,0,0,0,0,0,0,0,0,0,0,0,0,0,0,0,0,0,0,0,86.2323,0,0,0
"MtrElec",3,18,2,"",76.278,0,0,0,0,0,0,0,0,0,0,0,0,0,0,0,0,0,0,0,0,76.278,0,0,0
"MtrElec",3,18,3,"",73.7831,0,0,0,0,0,0,0,0,0,0,0,0,0,0,0,0,0,0,0,0,73.7831,0,0,0
"MtrElec",3,18,4,"",73.9844,0,0,0,0,0,0,0,0,0,0,0,0,0,0,0,0,0,0,0,0,73.9844,0,0,0
"MtrElec",3,18,5,"",73.0669,0,0,0,0,0,0,0,0,0,0,0,0,0,0,0,0,0,0,0,0,73.0669,0,0,0
"MtrElec",3,18,6,"",80.3289,0,0,0,0,0,0,0,0,0,0,0,0,0,0,0,0,0,0,0,0,80.3289,0,0,0
"MtrElec",3,18,7,"",90.7032,0,0,0,0,0,0,0,0,0,0,0,0,0,0,0,0,0,0,0,0,90.7032,0,0,0
"MtrElec",3,18,8,"",89.3105,0,0,0,0,0,0,0,0,0,0,0,0,0,0,0,0,0,0,0,0,113.87,0,0,-24.5595
"MtrElec",3,18,9,"",0,0,0,0,0,0,0,0,0,0,0,0,0,0,0,0,0,0,0,0,0,128.033,0,18.6931,-146.727
"MtrElec",3,18,10,"",0,0,0,0,0,0,0,0,0,0,0,0,0,0,0,0,0,0,0,0,0,165.226,0,150.549,-315.775
"MtrElec",3,18,11,"",-41.9095,0,0,0,0,0,0,0,0,0,0,0,0,0,0,0,0,0,0,0,0,167.254,0,224.226,-433.39
"MtrElec",3,18,12,"",-236.347,0,0,0,0,0,0,0,0,0,0,0,0,0,0,0,0,0,0,0,0,117.177,0,168.277,-521.801
"MtrElec",3,18,13,"",-390.909,0,0,0,0,0,0,0,0,0,0,0,0,0,0,0,0,0,0,0,0,151.846,0,0,-542.755
"MtrElec",3,18,14,"",-443.755,0,0,0,0,0,0,0,0,0,0,0,0,0,0,0,0,0,0,0,0,103.207,0,0,-546.962
"MtrElec",3,18,15,"",-409.496,0,0,0,0,0,0,0,0,0,0,0,0,0,0,0,0,0,0,0,0,102.266,0,0,-511.762
"MtrElec",3,18,16,"",-322.705,0,0,0,0,0,0,0,0,0,0,0,0,0,0,0,0,0,0,0,0,109.491,0,0,-432.196
"MtrElec",3,18,17,"",-180.098,0,0,0,0,0,0,0,0,0,0,0,0,0,0,0,0,0,0,0,0,138.132,0,0,-318.23
"MtrElec",3,18,18,"",-4.67817,0,0,0,0,0,0,0,0,0,0,0,0,0,0,0,0,0,0,0,0,166.697,0,0,-171.375
"MtrElec",3,18,19,"",-55.4993,0,0,0,0,0,0,0,0,0,0,0,0,0,0,0,0,0,0,0,0,202.566,0,-224.226,-33.8393
"MtrElec",3,18,20,"",-32.1865,0,0,0,0,0,0,0,0,0,0,0,0,0,0,0,0,0,0,0,0,192.04,0,-224.226,0
"MtrElec",3,18,21,"",114.347,0,0,0,0,0,0,0,0,0,0,0,0,0,0,0,0,0,0,0,0,172.87,0,-58.5231,0
"MtrElec",3,18,22,"",159.387,0,0,0,0,0,0,0,0,0,0,0,0,0,0,0,0,0,0,0,0,159.387,0,0,0
"MtrElec",3,18,23,"",195.643,0,0,0,0,0,0,0,0,0,0,0,0,0,0,0,0,0,0,0,0,195.643,0,0,0
"MtrElec",3,18,24,"",146.676,0,0,0,0,0,0,0,0,0,0,0,0,0,0,0,0,0,0,0,0,146.676,0,0,0
"MtrElec",3,19,1,"",81.2222,0,0,0,0,0,0,0,0,0,0,0,0,0,0,0,0,0,0,0,0,81.2222,0,0,0
"MtrElec",3,19,2,"",78.0169,0,0,0,0,0,0,0,0,0,0,0,0,0,0,0,0,0,0,0,0,78.0169,0,0,0
"MtrElec",3,19,3,"",74.56,0,0,0,0,0,0,0,0,0,0,0,0,0,0,0,0,0,0,0,0,74.56,0,0,0
"MtrElec",3,19,4,"",73.9725,0,0,0,0,0,0,0,0,0,0,0,0,0,0,0,0,0,0,0,0,73.9725,0,0,0
"MtrElec",3,19,5,"",73.0447,0,0,0,0,0,0,0,0,0,0,0,0,0,0,0,0,0,0,0,0,73.0447,0,0,0
"MtrElec",3,19,6,"",81.038,0,0,0,0,0,0,0,0,0,0,0,0,0,0,0,0,0,0,0,0,81.038,0,0,0
"MtrElec",3,19,7,"",95.7416,0,0,0,0,0,0,0,0,0,0,0,0,0,0,0,0,0,0,0,0,95.7416,0,0,0
"MtrElec",3,19,8,"",53.907,0,0,0,0,0,0,0,0,0,0,0,0,0,0,0,0,0,0,0,0,103.285,0,0,-49.3777
"MtrElec",3,19,9,"",0.0000039,0,0,0,0,0,0,0,0,0,0,0,0,0,0,0,0,0,0,0,0,133.296,0,52.5819,-185.878
"MtrElec",3,19,10,"",0,0,0,0,0,0,0,0,0,0,0,0,0,0,0,0,0,0,0,0,0,135.972,0,195.138,-331.11
"MtrElec",3,19,11,"",-71.568,0,0,0,0,0,0,0,0,0,0,0,0,0,0,0,0,0,0,0,0,149.089,0,224.226,-444.884
"MtrElec",3,19,12,"",-308.665,0,0,0,0,0,0,0,0,0,0,0,0,0,0,0,0,0,0,0,0,128.067,0,89.7999,-526.532
"MtrElec",3,19,13,"",-432.833,0,0,0,0,0,0,0,0,0,0,0,0,0,0,0,0,0,0,0,0,130.267,0,0,-563.099
"MtrElec",3,19,14,"",-455.017,0,0,0,0,0,0,0,0,0,0,0,0,0,0,0,0,0,0,0,0,101.156,0,0,-556.173
"MtrElec",3,19,15,"",-402.787,0,0,0,0,0,0,0,0,0,0,0,0,0,0,0,0,0,0,0,0,105.953,0,0,-508.74
"MtrElec",3,19,16,"",-315.65,0,0,0,0,0,0,0,0,0,0,0,0,0,0,0,0,0,0,0,0,119.368,0,0,-435.018
"MtrElec",3,19,17,"",-152.314,0,0,0,0,0,0,0,0,0,0,0,0,0,0,0,0,0,0,0,0,173.896,0,0,-326.21
"MtrElec",3,19,18,"",7.96197,0,0,0,0,0,0,0,0,0,0,0,0,0,0,0,0,0,0,0,0,185.357,0,0,-177.395
"MtrElec",3,19,19,"",-69.9442,0,0,0,0,0,0,0,0,0,0,0,0,0,0,0,0,0,0,0,0,189.223,0,-224.226,-34.941
"MtrElec",3,19,20,"",-27.7329,0,0,0,0,0,0,0,0,0,0,0,0,0,0,0,0,0,0,0,0,196.494,0,-224.226,0
"MtrElec",3,19,21,"",143.664,0,0,0,0,0,0,0,0,0,0,0,0,0,0,0,0,0,0,0,0,202.187,0,-58.5231,0
"MtrElec",3,19,22,"",144.861,0,0,0,0,0,0,0,0,0,0,0,0,0,0,0,0,0,0,0,0,144.861,0,0,0
"MtrElec",3,19,23,"",160.214,0,0,0,0,0,0,0,0,0,0,0,0,0,0,0,0,0,0,0,0,160.214,0,0,0
"MtrElec",3,19,24,"",127.163,0,0,0,0,0,0,0,0,0,0,0,0,0,0,0,0,0,0,0,0,127.163,0,0,0
"MtrElec",3,20,1,"",89.3199,0,0,0,0,0,0,0,0,0,0,0,0,0,0,0,0,0,0,0,0,89.3199,0,0,0
"MtrElec",3,20,2,"",79.8536,0,0,0,0,0,0,0,0,0,0,0,0,0,0,0,0,0,0,0,0,79.8536,0,0,0
"MtrElec",3,20,3,"",75.4376,0,0,0,0,0,0,0,0,0,0,0,0,0,0,0,0,0,0,0,0,75.4376,0,0,0
"MtrElec",3,20,4,"",74.0564,0,0,0,0,0,0,0,0,0,0,0,0,0,0,0,0,0,0,0,0,74.0564,0,0,0
"MtrElec",3,20,5,"",73.1303,0,0,0,0,0,0,0,0,0,0,0,0,0,0,0,0,0,0,0,0,73.1303,0,0,0
"MtrElec",3,20,6,"",82.6352,0,0,0,0,0,0,0,0,0,0,0,0,0,0,0,0,0,0,0,0,82.6352,0,0,0
"MtrElec",3,20,7,"",110.148,0,0,0,0,0,0,0,0,0,0,0,0,0,0,0,0,0,0,0,0,110.148,0,0,0
"MtrElec",3,20,8,"",108.894,0,0,0,0,0,0,0,0,0,0,0,0,0,0,0,0,0,0,0,0,118.798,0,0,-9.90372
"MtrElec",3,20,9,"",27.5243,0,0,0,0,0,0,0,0,0,0,0,0,0,0,0,0,0,0,0,0,145.456,0,0,-117.932
"MtrElec",3,20,10,"",0.0000078,0,0,0,0,0,0,0,0,0,0,0,0,0,0,0,0,0,0,0,0,123.546,0,105.928,-229.474
"MtrElec",3,20,11,"",0.0000156,0,0,0,0,0,0,0,0,0,0,0,0,0,0,0,0,0,0,0,0,136.376,0,224.206,-360.582
"MtrElec",3,20,12,"",-79.7021,0,0,0,0,0,0,0,0,0,0,0,0,0,0,0,0,0,0,0,0,149.445,0,224.226,-453.374
"MtrElec",3,20,13,"",-371.444,0,0,0,0,0,0,0,0,0,0,0,0,0,0,0,0,0,0,0,0,150.975,0,7.38635,-529.805
"MtrElec",3,20,14,"",-437.518,0,0,0,0,0,0,0,0,0,0,0,0,0,0,0,0,0,0,0,0,98.1246,0,0,-535.642
"MtrElec",3,20,15,"",-377.839,0,0,0,0,0,0,0,0,0,0,0,0,0,0,0,0,0,0,0,0,132.417,0,0,-510.256
"MtrElec",3,20,16,"",-281.837,0,0,0,0,0,0,0,0,0,0,0,0,0,0,0,0,0,0,0,0,139.803,0,0,-421.64
"MtrElec",3,20,17,"",-68.1771,0,0,0,0,0,0,0,0,0,0,0,0,0,0,0,0,0,0,0,0,154.831,0,0,-223.008
"MtrElec",3,20,18,"",36.8925,0,0,0,0,0,0,0,0,0,0,0,0,0,0,0,0,0,0,0,0,160.99,0,0,-124.097
"MtrElec",3,20,19,"",-65.0444,0,0,0,0,0,0,0,0,0,0,0,0,0,0,0,0,0,0,0,0,192.715,0,-224.226,-33.5328
"MtrElec",3,20,20,"",-42.7351,0,0,0,0,0,0,0,0,0,0,0,0,0,0,0,0,0,0,0,0,181.491,0,-224.226,0
"MtrElec",3,20,21,"",148.778,0,0,0,0,0,0,0,0,0,0,0,0,0,0,0,0,0,0,0,0,207.301,0,-58.5231,0
"MtrElec",3,20,22,"",141.921,0,0,0,0,0,0,0,0,0,0,0,0,0,0,0,0,0,0,0,0,141.921,0,0,0
"MtrElec",3,20,23,"",134.287,0,0,0,0,0,0,0,0,0,0,0,0,0,0,0,0,0,0,0,0,134.287,0,0,0
"MtrElec",3,20,24,"",117.463,0,0,0,0,0,0,0,0,0,0,0,0,0,0,0,0,0,0,0,0,117.463,0,0,0
"MtrElec",3,21,1,"",81.2475,0,0,0,0,0,0,0,0,0,0,0,0,0,0,0,0,0,0,0,0,81.2475,0,0,0
"MtrElec",3,21,2,"",76.5793,0,0,0,0,0,0,0,0,0,0,0,0,0,0,0,0,0,0,0,0,76.5793,0,0,0
"MtrElec",3,21,3,"",75.0087,0,0,0,0,0,0,0,0,0,0,0,0,0,0,0,0,0,0,0,0,75.0087,0,0,0
"MtrElec",3,21,4,"",77.4269,0,0,0,0,0,0,0,0,0,0,0,0,0,0,0,0,0,0,0,0,77.4269,0,0,0
"MtrElec",3,21,5,"",95.053,0,0,0,0,0,0,0,0,0,0,0,0,0,0,0,0,0,0,0,0,95.053,0,0,0
"MtrElec",3,21,6,"",77.8108,0,0,0,0,0,0,0,0,0,0,0,0,0,0,0,0,0,0,0,0,77.8108,0,0,0
"MtrElec",3,21,7,"",87.1252,0,0,0,0,0,0,0,0,0,0,0,0,0,0,0,0,0,0,0,0,87.1252,0,0,0
"MtrElec",3,21,8,"",80.5647,0,0,0,0,0,0,0,0,0,0,0,0,0,0,0,0,0,0,0,0,107.394,0,0,-26.829
"MtrElec",3,21,9,"",72.0686,0,0,0,0,0,0,0,0,0,0,0,0,0,0,0,0,0,0,0,0,122.263,0,0,-50.1949
"MtrElec",3,21,10,"",0,0,0,0,0,0,0,0,0,0,0,0,0,0,0,0,0,0,0,0,0,111.041,0,7.50156,-118.543
"MtrElec",3,21,11,"",0.0000039,0,0,0,0,0,0,0,0,0,0,0,0,0,0,0,0,0,0,0,0,152.161,0,57.1944,-209.355
"MtrElec",3,21,12,"",-27.2077,0,0,0,0,0,0,0,0,0,0,0,0,0,0,0,0,0,0,0,0,138.339,0,224.226,-389.773
"MtrElec",3,21,13,"",-164.232,0,0,0,0,0,0,0,0,0,0,0,0,0,0,0,0,0,0,0,0,141.716,0,224.226,-530.175
"MtrElec",3,21,14,"",-392.827,0,0,0,0,0,0,0,0,0,0,0,0,0,0,0,0,0,0,0,0,112.651,0,48.5973,-554.076
"MtrElec",3,21,15,"",-406.209,0,0,0,0,0,0,0,0,0,0,0,0,0,0,0,0,0,0,0,0,105.71,0,0,-511.92
"MtrElec",3,21,16,"",-332.561,0,0,0,0,0,0,0,0,0,0,0,0,0,0,0,0,0,0,0,0,101.632,0,0,-434.193
"MtrElec",3,21,17,"",-197.81,0,0,0,0,0,0,0,0,0,0,0,0,0,0,0,0,0,0,0,0,117.261,0,0,-315.071
"MtrElec",3,21,18,"",-32.1111,0,0,0,0,0,0,0,0,0,0,0,0,0,0,0,0,0,0,0,0,136.614,0,0,-168.725
"MtrElec",3,21,19,"",-55.4422,0,0,0,0,0,0,0,0,0,0,0,0,0,0,0,0,0,0,0,0,202.452,0,-224.226,-33.6682
"MtrElec",3,21,20,"",-60.3834,0,0,0,0,0,0,0,0,0,0,0,0,0,0,0,0,0,0,0,0,163.843,0,-224.226,0
"MtrElec",3,21,21,"",103.231,0,0,0,0,0,0,0,0,0,0,0,0,0,0,0,0,0,0,0,0,161.754,0,-58.5231,0
"MtrElec",3,21,22,"",173.177,0,0,0,0,0,0,0,0,0,0,0,0,0,0,0,0,0,0,0,0,173.177,0,0,0
"MtrElec",3,21,23,"",114.872,0,0,0,0,0,0,0,0,0,0,0,0,0,0,0,0,0,0,0,0,114.872,0,0,0
"MtrElec",3,21,24,"",124.323,0,0,0,0,0,0,0,0,0,0,0,0,0,0,0,0,0,0,0,0,124.323,0,0,0
"MtrElec",3,22,1,"",80.6091,0,0,0,0,0,0,0,0,0,0,0,0,0,0,0,0,0,0,0,0,80.6091,0,0,0
"MtrElec",3,22,2,"",76.0139,0,0,0,0,0,0,0,0,0,0,0,0,0,0,0,0,0,0,0,0,76.0139,0,0,0
"MtrElec",3,22,3,"",74.4553,0,0,0,0,0,0,0,0,0,0,0,0,0,0,0,0,0,0,0,0,74.4553,0,0,0
"MtrElec",3,22,4,"",75.1224,0,0,0,0,0,0,0,0,0,0,0,0,0,0,0,0,0,0,0,0,75.1224,0,0,0
"MtrElec",3,22,5,"",79.5438,0,0,0,0,0,0,0,0,0,0,0,0,0,0,0,0,0,0,0,0,79.5438,0,0,0
"MtrElec",3,22,6,"",77.2003,0,0,0,0,0,0,0,0,0,0,0,0,0,0,0,0,0,0,0,0,77.2003,0,0,0
"MtrElec",3,22,7,"",86.6718,0,0,0,0,0,0,0,0,0,0,0,0,0,0,0,0,0,0,0,0,86.6718,0,0,0
"MtrElec",3,22,8,"",75.987,0,0,0,0,0,0,0,0,0,0,0,0,0,0,0,0,0,0,0,0,108.35,0,0,-32.3631
"MtrElec",3,22,9,"",5.79705,0,0,0,0,0,0,0,0,0,0,0,0,0,0,0,0,0,0,0,0,116.302,0,0,-110.505
"MtrElec",3,22,10,"",0.0000020,0,0,0,0,0,0,0,0,0,0,0,0,0,0,0,0,0,0,0,0,157.212,0,28.0919,-185.304
"MtrElec",3,22,11,"",0,0,0,0,0,0,0,0,0,0,0,0,0,0,0,0,0,0,0,0,0,170.166,0,23.8634,-194.03
"MtrElec",3,22,12,"",0.0000020,0,0,0,0,0,0,0,0,0,0,0,0,0,0,0,0,0,0,0,0,192.075,0,30.3718,-222.447
"MtrElec",3,22,13,"",-3.68389,0,0,0,0,0,0,0,0,0,0,0,0,0,0,0,0,0,0,0,0,173.061,0,224.226,-400.971
"MtrElec",3,22,14,"",-183.464,0,0,0,0,0,0,0,0,0,0,0,0,0,0,0,0,0,0,0,0,131.137,0,224.226,-538.828
"MtrElec",3,22,15,"",-303.262,0,0,0,0,0,0,0,0,0,0,0,0,0,0,0,0,0,0,0,0,157.653,0,30.9663,-491.882
"MtrElec",3,22,16,"",-306.733,0,0,0,0,0,0,0,0,0,0,0,0,0,0,0,0,0,0,0,0,120.361,0,0,-427.094
"MtrElec",3,22,17,"",-192.068,0,0,0,0,0,0,0,0,0,0,0,0,0,0,0,0,0,0,0,0,122.946,0,0,-315.014
"MtrElec",3,22,18,"",-18.835,0,0,0,0,0,0,0,0,0,0,0,0,0,0,0,0,0,0,0,0,150.724,0,0,-169.559
"MtrElec",3,22,19,"",-73.1575,0,0,0,0,0,0,0,0,0,0,0,0,0,0,0,0,0,0,0,0,185.182,0,-224.226,-34.1129
"MtrElec",3,22,20,"",-32.4823,0,0,0,0,0,0,0,0,0,0,0,0,0,0,0,0,0,0,0,0,191.744,0,-224.226,0
"MtrElec",3,22,21,"",112.603,0,0,0,0,0,0,0,0,0,0,0,0,0,0,0,0,0,0,0,0,171.126,0,-58.5231,0
"MtrElec",3,22,22,"",180.389,0,0,0,0,0,0,0,0,0,0,0,0,0,0,0,0,0,0,0,0,180.389,0,0,0
"MtrElec",3,22,23,"",120.908,0,0,0,0,0,0,0,0,0,0,0,0,0,0,0,0,0,0,0,0,120.908,0,0,0
"MtrElec",3,22,24,"",121.674,0,0,0,0,0,0,0,0,0,0,0,0,0,0,0,0,0,0,0,0,121.674,0,0,0
"MtrElec",3,23,1,"",91.2505,0,0,0,0,0,0,0,0,0,0,0,0,0,0,0,0,0,0,0,0,91.2505,0,0,0
"MtrElec",3,23,2,"",76.9898,0,0,0,0,0,0,0,0,0,0,0,0,0,0,0,0,0,0,0,0,76.9898,0,0,0
"MtrElec",3,23,3,"",79.2988,0,0,0,0,0,0,0,0,0,0,0,0,0,0,0,0,0,0,0,0,79.2988,0,0,0
"MtrElec",3,23,4,"",80.5415,0,0,0,0,0,0,0,0,0,0,0,0,0,0,0,0,0,0,0,0,80.5415,0,0,0
"MtrElec",3,23,5,"",80.4054,0,0,0,0,0,0,0,0,0,0,0,0,0,0,0,0,0,0,0,0,80.4054,0,0,0
"MtrElec",3,23,6,"",79.8212,0,0,0,0,0,0,0,0,0,0,0,0,0,0,0,0,0,0,0,0,79.8212,0,0,0
"MtrElec",3,23,7,"",96.3053,0,0,0,0,0,0,0,0,0,0,0,0,0,0,0,0,0,0,0,0,96.3053,0,0,0
"MtrElec",3,23,8,"",85.3514,0,0,0,0,0,0,0,0,0,0,0,0,0,0,0,0,0,0,0,0,116.089,0,0,-30.7378
"MtrElec",3,23,9,"",35.7728,0,0,0,0,0,0,0,0,0,0,0,0,0,0,0,0,0,0,0,0,129.677,0,0,-93.9042
"MtrElec",3,23,10,"",0,0,0,0,0,0,0,0,0,0,0,0,0,0,0,0,0,0,0,0,0,124.31,0,67.1511,-191.461
"MtrElec",3,23,11,"",0.0000156,0,0,0,0,0,0,0,0,0,0,0,0,0,0,0,0,0,0,0,0,137.321,0,193.671,-330.991
"MtrElec",3,23,12,"",-137.472,0,0,0,0,0,0,0,0,0,0,0,0,0,0,0,0,0,0,0,0,114.952,0,224.226,-476.65
"MtrElec",3,23,13,"",-203.647,0,0,0,0,0,0,0,0,0,0,0,0,0,0,0,0,0,0,0,0,191.355,0,76.698,-471.699
"MtrElec",3,23,14,"",-353.008,0,0,0,0,0,0,0,0,0,0,0,0,0,0,0,0,0,0,0,0,100.544,0,0,-453.552
"MtrElec",3,23,15,"",-279.81,0,0,0,0,0,0,0,0,0,0,0,0,0,0,0,0,0,0,0,0,102.124,0,0,-381.934
"MtrElec",3,23,16,"",-237.306,0,0,0,0,0,0,0,0,0,0,0,0,0,0,0,0,0,0,0,0,106.432,0,0,-343.738
"MtrElec",3,23,17,"",-149.725,0,0,0,0,0,0,0,0,0,0,0,0,0,0,0,0,0,0,0,0,144.419,0,0,-294.144
"MtrElec",3,23,18,"",-2.11878,0,0,0,0,0,0,0,0,0,0,0,0,0,0,0,0,0,0,0,0,152.23,0,0,-154.349
"MtrElec",3,23,19,"",-75.4003,0,0,0,0,0,0,0,0,0,0,0,0,0,0,0,0,0,0,0,0,174.453,0,-224.226,-25.627
"MtrElec",3,23,20,"",-46.9187,0,0,0,0,0,0,0,0,0,0,0,0,0,0,0,0,0,0,0,0,177.308,0,-224.226,0
"MtrElec",3,23,21,"",125.497,0,0,0,0,0,0,0,0,0,0,0,0,0,0,0,0,0,0,0,0,184.02,0,-58.5231,0
"MtrElec",3,23,22,"",143.774,0,0,0,0,0,0,0,0,0,0,0,0,0,0,0,0,0,0,0,0,143.774,0,0,0
"MtrElec",3,23,23,"",135.546,0,0,0,0,0,0,0,0,0,0,0,0,0,0,0,0,0,0,0,0,135.546,0,0,0
"MtrElec",3,23,24,"",136.255,0,0,0,0,0,0,0,0,0,0,0,0,0,0,0,0,0,0,0,0,136.255,0,0,0
"MtrElec",3,24,1,"",107.881,0,0,0,0,0,0,0,0,0,0,0,0,0,0,0,0,0,0,0,0,107.881,0,0,0
"MtrElec",3,24,2,"",80.4637,0,0,0,0,0,0,0,0,0,0,0,0,0,0,0,0,0,0,0,0,80.4637,0,0,0
"MtrElec",3,24,3,"",75.0797,0,0,0,0,0,0,0,0,0,0,0,0,0,0,0,0,0,0,0,0,75.0797,0,0,0
"MtrElec",3,24,4,"",73.0488,0,0,0,0,0,0,0,0,0,0,0,0,0,0,0,0,0,0,0,0,73.0488,0,0,0
"MtrElec",3,24,5,"",72.0364,0,0,0,0,0,0,0,0,0,0,0,0,0,0,0,0,0,0,0,0,72.0364,0,0,0
"MtrElec",3,24,6,"",79.1125,0,0,0,0,0,0,0,0,0,0,0,0,0,0,0,0,0,0,0,0,79.1125,0,0,0
"MtrElec",3,24,7,"",88.3611,0,0,0,0,0,0,0,0,0,0,0,0,0,0,0,0,0,0,0,0,88.3611,0,0,0
"MtrElec",3,24,8,"",97.5514,0,0,0,0,0,0,0,0,0,0,0,0,0,0,0,0,0,0,0,0,97.5514,0,0,0
"MtrElec",3,24,9,"",106.623,0,0,0,0,0,0,0,0,0,0,0,0,0,0,0,0,0,0,0,0,125.913,0,0,-19.2898
"MtrElec",3,24,10,"",82.8942,0,0,0,0,0,0,0,0,0,0,0,0,0,0,0,0,0,0,0,0,157.473,0,0,-74.5788
"MtrElec",3,24,11,"",0,0,0,0,0,0,0,0,0,0,0,0,0,0,0,0,0,0,0,0,0,142.173,0,58.2925,-200.465
"MtrElec",3,24,12,"",-153.895,0,0,0,0,0,0,0,0,0,0,0,0,0,0,0,0,0,0,0,0,109.19,0,224.226,-487.312
"MtrElec",3,24,13,"",-155.019,0,0,0,0,0,0,0,0,0,0,0,0,0,0,0,0,0,0,0,0,173.47,0,224.226,-552.716
"MtrElec",3,24,14,"",-376.062,0,0,0,0,0,0,0,0,0,0,0,0,0,0,0,0,0,0,0,0,117.308,0,55.0009,-548.371
"MtrElec",3,24,15,"",-399.532,0,0,0,0,0,0,0,0,0,0,0,0,0,0,0,0,0,0,0,0,108.785,0,0,-508.317
"MtrElec",3,24,16,"",-275.216,0,0,0,0,0,0,0,0,0,0,0,0,0,0,0,0,0,0,0,0,108.479,0,0,-383.695
"MtrElec",3,24,17,"",-133.31,0,0,0,0,0,0,0,0,0,0,0,0,0,0,0,0,0,0,0,0,136.625,0,0,-269.935
"MtrElec",3,24,18,"",31.8479,0,0,0,0,0,0,0,0,0,0,0,0,0,0,0,0,0,0,0,0,149.777,0,0,-117.929
"MtrElec",3,24,19,"",-48.3857,0,0,0,0,0,0,0,0,0,0,0,0,0,0,0,0,0,0,0,0,189.496,0,-224.226,-13.6554
"MtrElec",3,24,20,"",-41.1812,0,0,0,0,0,0,0,0,0,0,0,0,0,0,0,0,0,0,0,0,183.045,0,-224.226,0
"MtrElec",3,24,21,"",106.168,0,0,0,0,0,0,0,0,0,0,0,0,0,0,0,0,0,0,0,0,164.691,0,-58.5231,0
"MtrElec",3,24,22,"",161.48,0,0,0,0,0,0,0,0,0,0,0,0,0,0,0,0,0,0,0,0,161.48,0,0,0
"MtrElec",3,24,23,"",138.048,0,0,0,0,0,0,0,0,0,0,0,0,0,0,0,0,0,0,0,0,138.048,0,0,0
"MtrElec",3,24,24,"",94.6797,0,0,0,0,0,0,0,0,0,0,0,0,0,0,0,0,0,0,0,0,94.6797,0,0,0
"MtrElec",3,25,1,"",87.2668,0,0,0,0,0,0,0,0,0,0,0,0,0,0,0,0,0,0,0,0,87.2668,0,0,0
"MtrElec",3,25,2,"",78.5802,0,0,0,0,0,0,0,0,0,0,0,0,0,0,0,0,0,0,0,0,78.5802,0,0,0
"MtrElec",3,25,3,"",75.1428,0,0,0,0,0,0,0,0,0,0,0,0,0,0,0,0,0,0,0,0,75.1428,0,0,0
"MtrElec",3,25,4,"",80.4026,0,0,0,0,0,0,0,0,0,0,0,0,0,0,0,0,0,0,0,0,80.4026,0,0,0
"MtrElec",3,25,5,"",71.9354,0,0,0,0,0,0,0,0,0,0,0,0,0,0,0,0,0,0,0,0,71.9354,0,0,0
"MtrElec",3,25,6,"",78.9975,0,0,0,0,0,0,0,0,0,0,0,0,0,0,0,0,0,0,0,0,78.9975,0,0,0
"MtrElec",3,25,7,"",88.8787,0,0,0,0,0,0,0,0,0,0,0,0,0,0,0,0,0,0,0,0,88.8787,0,0,0
"MtrElec",3,25,8,"",83.0496,0,0,0,0,0,0,0,0,0,0,0,0,0,0,0,0,0,0,0,0,111.05,0,0,-28.0009
"MtrElec",3,25,9,"",132.708,0,0,0,0,0,0,0,0,0,0,0,0,0,0,0,0,0,0,0,0,148.012,0,0,-15.3046
"MtrElec",3,25,10,"",108.636,0,0,0,0,0,0,0,0,0,0,0,0,0,0,0,0,0,0,0,0,155.355,0,0,-46.7195
"MtrElec",3,25,11,"",55.0488,0,0,0,0,0,0,0,0,0,0,0,0,0,0,0,0,0,0,0,0,137.798,0,0,-82.7494
"MtrElec",3,25,12,"",15.176,0,0,0,0,0,0,0,0,0,0,0,0,0,0,0,0,0,0,0,0,136.371,0,0,-121.195
"MtrElec",3,25,13,"",0,0,0,0,0,0,0,0,0,0,0,0,0,0,0,0,0,0,0,0,0,171.241,0,72.078,-243.319
"MtrElec",3,25,14,"",0.0000078,0,0,0,0,0,0,0,0,0,0,0,0,0,0,0,0,0,0,0,0,94.4716,0,181.941,-276.413
"MtrElec",3,25,15,"",0,0,0,0,0,0,0,0,0,0,0,0,0,0,0,0,0,0,0,0,0,96.481,0,142.864,-239.345
"MtrElec",3,25,16,"",0,0,0,0,0,0,0,0,0,0,0,0,0,0,0,0,0,0,0,0,0,106.056,0,71.9763,-178.032
"MtrElec",3,25,17,"",37.0972,0,0,0,0,0,0,0,0,0,0,0,0,0,0,0,0,0,0,0,0,146.21,0,0,-109.112
"MtrElec",3,25,18,"",99.1451,0,0,0,0,0,0,0,0,0,0,0,0,0,0,0,0,0,0,0,0,155.593,0,0,-56.4475
"MtrElec",3,25,19,"",-86.592,0,0,0,0,0,0,0,0,0,0,0,0,0,0,0,0,0,0,0,0,159.432,0,-224.226,-21.7971
"MtrElec",3,25,20,"",-40.7474,0,0,0,0,0,0,0,0,0,0,0,0,0,0,0,0,0,0,0,0,158.172,0,-198.919,0
"MtrElec",3,25,21,"",163.714,0,0,0,0,0,0,0,0,0,0,0,0,0,0,0,0,0,0,0,0,163.714,0,0,0
"MtrElec",3,25,22,"",161.903,0,0,0,0,0,0,0,0,0,0,0,0,0,0,0,0,0,0,0,0,161.903,0,0,0
"MtrElec",3,25,23,"",148.348,0,0,0,0,0,0,0,0,0,0,0,0,0,0,0,0,0,0,0,0,148.348,0,0,0
"MtrElec",3,25,24,"",132.775,0,0,0,0,0,0,0,0,0,0,0,0,0,0,0,0,0,0,0,0,132.775,0,0,0
"MtrElec",3,26,1,"",97.968,0,0,0,0,0,0,0,0,0,0,0,0,0,0,0,0,0,0,0,0,97.968,0,0,0
"MtrElec",3,26,2,"",76.5302,0,0,0,0,0,0,0,0,0,0,0,0,0,0,0,0,0,0,0,0,76.5302,0,0,0
"MtrElec",3,26,3,"",74.0028,0,0,0,0,0,0,0,0,0,0,0,0,0,0,0,0,0,0,0,0,74.0028,0,0,0
"MtrElec",3,26,4,"",80.0464,0,0,0,0,0,0,0,0,0,0,0,0,0,0,0,0,0,0,0,0,80.0464,0,0,0
"MtrElec",3,26,5,"",71.5399,0,0,0,0,0,0,0,0,0,0,0,0,0,0,0,0,0,0,0,0,71.5399,0,0,0
"MtrElec",3,26,6,"",79.2695,0,0,0,0,0,0,0,0,0,0,0,0,0,0,0,0,0,0,0,0,79.2695,0,0,0
"MtrElec",3,26,7,"",96.6905,0,0,0,0,0,0,0,0,0,0,0,0,0,0,0,0,0,0,0,0,96.6905,0,0,0
"MtrElec",3,26,8,"",66.104,0,0,0,0,0,0,0,0,0,0,0,0,0,0,0,0,0,0,0,0,121.175,0,0,-55.0707
"MtrElec",3,26,9,"",43.9799,0,0,0,0,0,0,0,0,0,0,0,0,0,0,0,0,0,0,0,0,133.421,0,0,-89.4416
"MtrElec",3,26,10,"",0,0,0,0,0,0,0,0,0,0,0,0,0,0,0,0,0,0,0,0,0,167.994,0,106.876,-274.87
"MtrElec",3,26,11,"",0,0,0,0,0,0,0,0,0,0,0,0,0,0,0,0,0,0,0,0,0,149.652,0,206.613,-356.265
"MtrElec",3,26,12,"",0,0,0,0,0,0,0,0,0,0,0,0,0,0,0,0,0,0,0,0,0,128.026,0,206.5,-334.526
"MtrElec",3,26,13,"",-166.499,0,0,0,0,0,0,0,0,0,0,0,0,0,0,0,0,0,0,0,0,152.673,0,41.7568,-360.928
"MtrElec",3,26,14,"",-377.134,0,0,0,0,0,0,0,0,0,0,0,0,0,0,0,0,0,0,0,0,106.123,0,0,-483.257
"MtrElec",3,26,15,"",-422.644,0,0,0,0,0,0,0,0,0,0,0,0,0,0,0,0,0,0,0,0,102.769,0,0,-525.413
"MtrElec",3,26,16,"",-217.512,0,0,0,0,0,0,0,0,0,0,0,0,0,0,0,0,0,0,0,0,98.2809,0,0,-315.793
"MtrElec",3,26,17,"",6.90515,0,0,0,0,0,0,0,0,0,0,0,0,0,0,0,0,0,0,0,0,132.102,0,0,-125.197
"MtrElec",3,26,18,"",138.55,0,0,0,0,0,0,0,0,0,0,0,0,0,0,0,0,0,0,0,0,151.346,0,0,-12.7965
"MtrElec",3,26,19,"",-65.1709,0,0,0,0,0,0,0,0,0,0,0,0,0,0,0,0,0,0,0,0,159.056,0,-224.226,0
"MtrElec",3,26,20,"",-45.891,0,0,0,0,0,0,0,0,0,0,0,0,0,0,0,0,0,0,0,0,178.335,0,-224.226,0
"MtrElec",3,26,21,"",125.671,0,0,0,0,0,0,0,0,0,0,0,0,0,0,0,0,0,0,0,0,184.194,0,-58.5231,0
"MtrElec",3,26,22,"",144.75,0,0,0,0,0,0,0,0,0,0,0,0,0,0,0,0,0,0,0,0,144.75,0,0,0
"MtrElec",3,26,23,"",125.05,0,0,0,0,0,0,0,0,0,0,0,0,0,0,0,0,0,0,0,0,125.05,0,0,0
"MtrElec",3,26,24,"",109.546,0,0,0,0,0,0,0,0,0,0,0,0,0,0,0,0,0,0,0,0,109.546,0,0,0
"MtrElec",3,27,1,"",96.4018,0,0,0,0,0,0,0,0,0,0,0,0,0,0,0,0,0,0,0,0,96.4018,0,0,0
"MtrElec",3,27,2,"",76.1914,0,0,0,0,0,0,0,0,0,0,0,0,0,0,0,0,0,0,0,0,76.1914,0,0,0
"MtrElec",3,27,3,"",72.7796,0,0,0,0,0,0,0,0,0,0,0,0,0,0,0,0,0,0,0,0,72.7796,0,0,0
"MtrElec",3,27,4,"",72.2613,0,0,0,0,0,0,0,0,0,0,0,0,0,0,0,0,0,0,0,0,72.2613,0,0,0
"MtrElec",3,27,5,"",71.169,0,0,0,0,0,0,0,0,0,0,0,0,0,0,0,0,0,0,0,0,71.169,0,0,0
"MtrElec",3,27,6,"",78.0824,0,0,0,0,0,0,0,0,0,0,0,0,0,0,0,0,0,0,0,0,78.0824,0,0,0
"MtrElec",3,27,7,"",87.5204,0,0,0,0,0,0,0,0,0,0,0,0,0,0,0,0,0,0,0,0,87.5204,0,0,0
"MtrElec",3,27,8,"",47.3495,0,0,0,0,0,0,0,0,0,0,0,0,0,0,0,0,0,0,0,0,102.722,0,0,-55.3723
"MtrElec",3,27,9,"",0,0,0,0,0,0,0,0,0,0,0,0,0,0,0,0,0,0,0,0,0,131.463,0,36.6188,-168.082
"MtrElec",3,27,10,"",0,0,0,0,0,0,0,0,0,0,0,0,0,0,0,0,0,0,0,0,0,153.361,0,110.291,-263.652
"MtrElec",3,27,11,"",-67.4295,0,0,0,0,0,0,0,0,0,0,0,0,0,0,0,0,0,0,0,0,162.491,0,224.226,-454.146
"MtrElec",3,27,12,"",-201.102,0,0,0,0,0,0,0,0,0,0,0,0,0,0,0,0,0,0,0,0,134.166,0,190.61,-525.878
"MtrElec",3,27,13,"",-296.856,0,0,0,0,0,0,0,0,0,0,0,0,0,0,0,0,0,0,0,0,172.071,0,0,-468.927
"MtrElec",3,27,14,"",-302.297,0,0,0,0,0,0,0,0,0,0,0,0,0,0,0,0,0,0,0,0,91.5941,0,0,-393.891
"MtrElec",3,27,15,"",-191.517,0,0,0,0,0,0,0,0,0,0,0,0,0,0,0,0,0,0,0,0,94.0287,0,0,-285.546
"MtrElec",3,27,16,"",-44.05,0,0,0,0,0,0,0,0,0,0,0,0,0,0,0,0,0,0,0,0,102.791,0,0,-146.841
"MtrElec",3,27,17,"",-37.8574,0,0,0,0,0,0,0,0,0,0,0,0,0,0,0,0,0,0,0,0,127.315,0,0,-165.173
"MtrElec",3,27,18,"",86.6896,0,0,0,0,0,0,0,0,0,0,0,0,0,0,0,0,0,0,0,0,148.998,0,0,-62.3084
"MtrElec",3,27,19,"",-89.6979,0,0,0,0,0,0,0,0,0,0,0,0,0,0,0,0,0,0,0,0,159.893,0,-224.226,-25.3646
"MtrElec",3,27,20,"",-43.7243,0,0,0,0,0,0,0,0,0,0,0,0,0,0,0,0,0,0,0,0,180.502,0,-224.226,0
"MtrElec",3,27,21,"",131.697,0,0,0,0,0,0,0,0,0,0,0,0,0,0,0,0,0,0,0,0,190.22,0,-58.5231,0
"MtrElec",3,27,22,"",133.044,0,0,0,0,0,0,0,0,0,0,0,0,0,0,0,0,0,0,0,0,133.044,0,0,0
"MtrElec",3,27,23,"",149.481,0,0,0,0,0,0,0,0,0,0,0,0,0,0,0,0,0,0,0,0,149.481,0,0,0
"MtrElec",3,27,24,"",118.706,0,0,0,0,0,0,0,0,0,0,0,0,0,0,0,0,0,0,0,0,118.706,0,0,0
"MtrElec",3,28,1,"",87.0444,0,0,0,0,0,0,0,0,0,0,0,0,0,0,0,0,0,0,0,0,87.0444,0,0,0
"MtrElec",3,28,2,"",88.8146,0,0,0,0,0,0,0,0,0,0,0,0,0,0,0,0,0,0,0,0,88.8146,0,0,0
"MtrElec",3,28,3,"",86.6219,0,0,0,0,0,0,0,0,0,0,0,0,0,0,0,0,0,0,0,0,86.6219,0,0,0
"MtrElec",3,28,4,"",89.8144,0,0,0,0,0,0,0,0,0,0,0,0,0,0,0,0,0,0,0,0,89.8144,0,0,0
"MtrElec",3,28,5,"",104.404,0,0,0,0,0,0,0,0,0,0,0,0,0,0,0,0,0,0,0,0,104.404,0,0,0
"MtrElec",3,28,6,"",93.8113,0,0,0,0,0,0,0,0,0,0,0,0,0,0,0,0,0,0,0,0,93.8113,0,0,0
"MtrElec",3,28,7,"",100.737,0,0,0,0,0,0,0,0,0,0,0,0,0,0,0,0,0,0,0,0,100.737,0,0,0
"MtrElec",3,28,8,"",60.4119,0,0,0,0,0,0,0,0,0,0,0,0,0,0,0,0,0,0,0,0,116.357,0,0,-55.9448
"MtrElec",3,28,9,"",0.0000039,0,0,0,0,0,0,0,0,0,0,0,0,0,0,0,0,0,0,0,0,123.207,0,63.3794,-186.587
"MtrElec",3,28,10,"",0,0,0,0,0,0,0,0,0,0,0,0,0,0,0,0,0,0,0,0,0,147.775,0,176.64,-324.415
"MtrElec",3,28,11,"",-52.0758,0,0,0,0,0,0,0,0,0,0,0,0,0,0,0,0,0,0,0,0,153.113,0,224.226,-429.415
"MtrElec",3,28,12,"",-210.827,0,0,0,0,0,0,0,0,0,0,0,0,0,0,0,0,0,0,0,0,195.21,0,97.5007,-503.538
"MtrElec",3,28,13,"",-395.677,0,0,0,0,0,0,0,0,0,0,0,0,0,0,0,0,0,0,0,0,136.008,0,0,-531.685
"MtrElec",3,28,14,"",-367.088,0,0,0,0,0,0,0,0,0,0,0,0,0,0,0,0,0,0,0,0,117.549,0,0,-484.637
"MtrElec",3,28,15,"",-299.829,0,0,0,0,0,0,0,0,0,0,0,0,0,0,0,0,0,0,0,0,140.214,0,0,-440.043
"MtrElec",3,28,16,"",-295.728,0,0,0,0,0,0,0,0,0,0,0,0,0,0,0,0,0,0,0,0,108.86,0,0,-404.589
"MtrElec",3,28,17,"",-182.239,0,0,0,0,0,0,0,0,0,0,0,0,0,0,0,0,0,0,0,0,116.255,0,0,-298.494
"MtrElec",3,28,18,"",-1.2752,0,0,0,0,0,0,0,0,0,0,0,0,0,0,0,0,0,0,0,0,155.062,0,0,-156.337
"MtrElec",3,28,19,"",-94.6444,0,0,0,0,0,0,0,0,0,0,0,0,0,0,0,0,0,0,0,0,165.707,0,-224.226,-36.1247
"MtrElec",3,28,20,"",-21.9412,0,0,0,0,0,0,0,0,0,0,0,0,0,0,0,0,0,0,0,0,202.285,0,-224.226,0
"MtrElec",3,28,21,"",97.0982,0,0,0,0,0,0,0,0,0,0,0,0,0,0,0,0,0,0,0,0,155.621,0,-58.5231,0
"MtrElec",3,28,22,"",158.399,0,0,0,0,0,0,0,0,0,0,0,0,0,0,0,0,0,0,0,0,158.399,0,0,0
"MtrElec",3,28,23,"",116.472,0,0,0,0,0,0,0,0,0,0,0,0,0,0,0,0,0,0,0,0,116.472,0,0,0
"MtrElec",3,28,24,"",116.361,0,0,0,0,0,0,0,0,0,0,0,0,0,0,0,0,0,0,0,0,116.361,0,0,0
"MtrElec",3,29,1,"",91.5446,0,0,0,0,0,0,0,0,0,0,0,0,0,0,0,0,0,0,0,0,91.5446,0,0,0
"MtrElec",3,29,2,"",75.6185,0,0,0,0,0,0,0,0,0,0,0,0,0,0,0,0,0,0,0,0,75.6185,0,0,0
"MtrElec",3,29,3,"",79.9065,0,0,0,0,0,0,0,0,0,0,0,0,0,0,0,0,0,0,0,0,79.9065,0,0,0
"MtrElec",3,29,4,"",80.5033,0,0,0,0,0,0,0,0,0,0,0,0,0,0,0,0,0,0,0,0,80.5033,0,0,0
"MtrElec",3,29,5,"",94.0014,0,0,0,0,0,0,0,0,0,0,0,0,0,0,0,0,0,0,0,0,94.0014,0,0,0
"MtrElec",3,29,6,"",76.866,0,0,0,0,0,0,0,0,0,0,0,0,0,0,0,0,0,0,0,0,76.866,0,0,0
"MtrElec",3,29,7,"",87.2194,0,0,0,0,0,0,0,0,0,0,0,0,0,0,0,0,0,0,0,0,87.2194,0,0,0
"MtrElec",3,29,8,"",66.7072,0,0,0,0,0,0,0,0,0,0,0,0,0,0,0,0,0,0,0,0,117.148,0,0,-50.4412
"MtrElec",3,29,9,"",0,0,0,0,0,0,0,0,0,0,0,0,0,0,0,0,0,0,0,0,0,124.164,0,46.4685,-170.633
"MtrElec",3,29,10,"",0,0,0,0,0,0,0,0,0,0,0,0,0,0,0,0,0,0,0,0,0,141.251,0,157.299,-298.549
"MtrElec",3,29,11,"",-11.3017,0,0,0,0,0,0,0,0,0,0,0,0,0,0,0,0,0,0,0,0,159.416,0,224.226,-394.944
"MtrElec",3,29,12,"",-220.724,0,0,0,0,0,0,0,0,0,0,0,0,0,0,0,0,0,0,0,0,141.988,0,133.753,-496.465
"MtrElec",3,29,13,"",-345.931,0,0,0,0,0,0,0,0,0,0,0,0,0,0,0,0,0,0,0,0,176.077,0,0,-522.009
"MtrElec",3,29,14,"",-356.416,0,0,0,0,0,0,0,0,0,0,0,0,0,0,0,0,0,0,0,0,114.757,0,0,-471.173
"MtrElec",3,29,15,"",-296.186,0,0,0,0,0,0,0,0,0,0,0,0,0,0,0,0,0,0,0,0,133.607,0,0,-429.793
"MtrElec",3,29,16,"",-262.072,0,0,0,0,0,0,0,0,0,0,0,0,0,0,0,0,0,0,0,0,104.097,0,0,-366.169
"MtrElec",3,29,17,"",-142.967,0,0,0,0,0,0,0,0,0,0,0,0,0,0,0,0,0,0,0,0,110.736,0,0,-253.703
"MtrElec",3,29,18,"",12.7328,0,0,0,0,0,0,0,0,0,0,0,0,0,0,0,0,0,0,0,0,147.447,0,0,-134.715
"MtrElec",3,29,19,"",-54.5732,0,0,0,0,0,0,0,0,0,0,0,0,0,0,0,0,0,0,0,0,187.629,0,-224.226,-17.9759
"MtrElec",3,29,20,"",-69.372,0,0,0,0,0,0,0,0,0,0,0,0,0,0,0,0,0,0,0,0,154.855,0,-224.226,0
"MtrElec",3,29,21,"",75.1489,0,0,0,0,0,0,0,0,0,0,0,0,0,0,0,0,0,0,0,0,133.672,0,-58.5231,0
"MtrElec",3,29,22,"",131.448,0,0,0,0,0,0,0,0,0,0,0,0,0,0,0,0,0,0,0,0,131.448,0,0,0
"MtrElec",3,29,23,"",127.938,0,0,0,0,0,0,0,0,0,0,0,0,0,0,0,0,0,0,0,0,127.938,0,0,0
"MtrElec",3,29,24,"",118.475,0,0,0,0,0,0,0,0,0,0,0,0,0,0,0,0,0,0,0,0,118.475,0,0,0
"MtrElec",3,30,1,"",84.111,0,0,0,0,0,0,0,0,0,0,0,0,0,0,0,0,0,0,0,0,84.111,0,0,0
"MtrElec",3,30,2,"",77.2737,0,0,0,0,0,0,0,0,0,0,0,0,0,0,0,0,0,0,0,0,77.2737,0,0,0
"MtrElec",3,30,3,"",73.8483,0,0,0,0,0,0,0,0,0,0,0,0,0,0,0,0,0,0,0,0,73.8483,0,0,0
"MtrElec",3,30,4,"",73.2877,0,0,0,0,0,0,0,0,0,0,0,0,0,0,0,0,0,0,0,0,73.2877,0,0,0
"MtrElec",3,30,5,"",72.2951,0,0,0,0,0,0,0,0,0,0,0,0,0,0,0,0,0,0,0,0,72.2951,0,0,0
"MtrElec",3,30,6,"",80.1607,0,0,0,0,0,0,0,0,0,0,0,0,0,0,0,0,0,0,0,0,80.1607,0,0,0
"MtrElec",3,30,7,"",97.16,0,0,0,0,0,0,0,0,0,0,0,0,0,0,0,0,0,0,0,0,97.16,0,0,0
"MtrElec",3,30,8,"",65.39,0,0,0,0,0,0,0,0,0,0,0,0,0,0,0,0,0,0,0,0,122.977,0,0,-57.5866
"MtrElec",3,30,9,"",0,0,0,0,0,0,0,0,0,0,0,0,0,0,0,0,0,0,0,0,0,159.383,0,49.9414,-209.325
"MtrElec",3,30,10,"",0,0,0,0,0,0,0,0,0,0,0,0,0,0,0,0,0,0,0,0,0,139.312,0,221.787,-361.099
"MtrElec",3,30,11,"",-75.662,0,0,0,0,0,0,0,0,0,0,0,0,0,0,0,0,0,0,0,0,176.05,0,224.226,-475.938
"MtrElec",3,30,12,"",-230.347,0,0,0,0,0,0,0,0,0,0,0,0,0,0,0,0,0,0,0,0,152.873,0,65.7911,-449.012
"MtrElec",3,30,13,"",-424.747,0,0,0,0,0,0,0,0,0,0,0,0,0,0,0,0,0,0,0,0,157.836,0,0,-582.583
"MtrElec",3,30,14,"",-468.594,0,0,0,0,0,0,0,0,0,0,0,0,0,0,0,0,0,0,0,0,98.1847,0,0,-566.779
"MtrElec",3,30,15,"",-393.211,0,0,0,0,0,0,0,0,0,0,0,0,0,0,0,0,0,0,0,0,118.904,0,0,-512.115
"MtrElec",3,30,16,"",-315.829,0,0,0,0,0,0,0,0,0,0,0,0,0,0,0,0,0,0,0,0,128.257,0,0,-444.086
"MtrElec",3,30,17,"",-171.64,0,0,0,0,0,0,0,0,0,0,0,0,0,0,0,0,0,0,0,0,163.166,0,0,-334.806
"MtrElec",3,30,18,"",-35.7081,0,0,0,0,0,0,0,0,0,0,0,0,0,0,0,0,0,0,0,0,147.821,0,0,-183.529
"MtrElec",3,30,19,"",-105.877,0,0,0,0,0,0,0,0,0,0,0,0,0,0,0,0,0,0,0,0,158.945,0,-224.226,-40.5956
"MtrElec",3,30,20,"",-66.6453,0,0,0,0,0,0,0,0,0,0,0,0,0,0,0,0,0,0,0,0,157.581,0,-224.226,0
"MtrElec",3,30,21,"",96.6969,0,0,0,0,0,0,0,0,0,0,0,0,0,0,0,0,0,0,0,0,155.22,0,-58.5231,0
"MtrElec",3,30,22,"",156.741,0,0,0,0,0,0,0,0,0,0,0,0,0,0,0,0,0,0,0,0,156.741,0,0,0
"MtrElec",3,30,23,"",154.519,0,0,0,0,0,0,0,0,0,0,0,0,0,0,0,0,0,0,0,0,154.519,0,0,0
"MtrElec",3,30,24,"",130.533,0,0,0,0,0,0,0,0,0,0,0,0,0,0,0,0,0,0,0,0,130.533,0,0,0
"MtrElec",3,31,1,"",102.896,0,0,0,0,0,0,0,0,0,0,0,0,0,0,0,0,0,0,0,0,102.896,0,0,0
"MtrElec",3,31,2,"",78.397,0,0,0,0,0,0,0,0,0,0,0,0,0,0,0,0,0,0,0,0,78.397,0,0,0
"MtrElec",3,31,3,"",72.8891,0,0,0,0,0,0,0,0,0,0,0,0,0,0,0,0,0,0,0,0,72.8891,0,0,0
"MtrElec",3,31,4,"",73.115,0,0,0,0,0,0,0,0,0,0,0,0,0,0,0,0,0,0,0,0,73.115,0,0,0
"MtrElec",3,31,5,"",71.9392,0,0,0,0,0,0,0,0,0,0,0,0,0,0,0,0,0,0,0,0,71.9392,0,0,0
"MtrElec",3,31,6,"",80.1263,0,0,0,0,0,0,0,0,0,0,0,0,0,0,0,0,0,0,0,0,80.1263,0,0,0
"MtrElec",3,31,7,"",95.8525,0,0,0,0,0,0,0,0,0,0,0,0,0,0,0,0,0,0,0,0,95.8525,0,0,0
"MtrElec",3,31,8,"",48.5658,0,0,0,0,0,0,0,0,0,0,0,0,0,0,0,0,0,0,0,0,108.734,0,0,-60.1686
"MtrElec",3,31,9,"",0,0,0,0,0,0,0,0,0,0,0,0,0,0,0,0,0,0,0,0,0,131.792,0,65.9221,-197.714
"MtrElec",3,31,10,"",0,0,0,0,0,0,0,0,0,0,0,0,0,0,0,0,0,0,0,0,0,200.213,0,134.151,-334.364
"MtrElec",3,31,11,"",0.0000156,0,0,0,0,0,0,0,0,0,0,0,0,0,0,0,0,0,0,0,0,238.227,0,199.266,-437.493
"MtrElec",3,31,12,"",-150.665,0,0,0,0,0,0,0,0,0,0,0,0,0,0,0,0,0,0,0,0,199.495,0,162.407,-512.566
"MtrElec",3,31,13,"",-356.014,0,0,0,0,0,0,0,0,0,0,0,0,0,0,0,0,0,0,0,0,206.919,0,0,-562.933
"MtrElec",3,31,14,"",-405.407,0,0,0,0,0,0,0,0,0,0,0,0,0,0,0,0,0,0,0,0,161.999,0,0,-567.406
"MtrElec",3,31,15,"",-367.764,0,0,0,0,0,0,0,0,0,0,0,0,0,0,0,0,0,0,0,0,159.051,0,0,-526.815
"MtrElec",3,31,16,"",-304.238,0,0,0,0,0,0,0,0,0,0,0,0,0,0,0,0,0,0,0,0,141.339,0,0,-445.577
"MtrElec",3,31,17,"",-191.383,0,0,0,0,0,0,0,0,0,0,0,0,0,0,0,0,0,0,0,0,138.392,0,0,-329.775
"MtrElec",3,31,18,"",-6.33647,0,0,0,0,0,0,0,0,0,0,0,0,0,0,0,0,0,0,0,0,175.186,0,0,-181.523
"MtrElec",3,31,19,"",-74.4883,0,0,0,0,0,0,0,0,0,0,0,0,0,0,0,0,0,0,0,0,190.844,0,-224.226,-41.1059
"MtrElec",3,31,20,"",-77.5645,0,0,0,0,0,0,0,0,0,0,0,0,0,0,0,0,0,0,0,0,146.662,0,-224.226,0
"MtrElec",3,31,21,"",78.5481,0,0,0,0,0,0,0,0,0,0,0,0,0,0,0,0,0,0,0,0,137.071,0,-58.5231,0
"MtrElec",3,31,22,"",134.94,0,0,0,0,0,0,0,0,0,0,0,0,0,0,0,0,0,0,0,0,134.94,0,0,0
"MtrElec",3,31,23,"",124.249,0,0,0,0,0,0,0,0,0,0,0,0,0,0,0,0,0,0,0,0,124.249,0,0,0
"MtrElec",3,31,24,"",117.819,0,0,0,0,0,0,0,0,0,0,0,0,0,0,0,0,0,0,0,0,117.819,0,0,0
"MtrElec",4,1,1,"",78.2315,0,0,0,0,0,0,0,0,0,0,0,0,0,0,0,0,0,0,0,0,78.2315,0,0,0
"MtrElec",4,1,2,"",79.5656,0,0,0,0,0,0,0,0,0,0,0,0,0,0,0,0,0,0,0,0,79.5656,0,0,0
"MtrElec",4,1,3,"",74.0871,0,0,0,0,0,0,0,0,0,0,0,0,0,0,0,0,0,0,0,0,74.0871,0,0,0
"MtrElec",4,1,4,"",72.205,0,0,0,0,0,0,0,0,0,0,0,0,0,0,0,0,0,0,0,0,72.205,0,0,0
"MtrElec",4,1,5,"",71.3089,0,0,0,0,0,0,0,0,0,0,0,0,0,0,0,0,0,0,0,0,71.3089,0,0,0
"MtrElec",4,1,6,"",78.1346,0,0,0,0,0,0,0,0,0,0,0,0,0,0,0,0,0,0,0,0,78.1346,0,0,0
"MtrElec",4,1,7,"",92.67,0,0,0,0,0,0,0,0,0,0,0,0,0,0,0,0,0,0,0,0,92.67,0,0,0
"MtrElec",4,1,8,"",44.3337,0,0,0,0,0,0,0,0,0,0,0,0,0,0,0,0,0,0,0,0,101.064,0,0,-56.7304
"MtrElec",4,1,9,"",0,0,0,0,0,0,0,0,0,0,0,0,0,0,0,0,0,0,0,0,0,125.337,0,72.3446,-197.682
"MtrElec",4,1,10,"",0,0,0,0,0,0,0,0,0,0,0,0,0,0,0,0,0,0,0,0,0,151.23,0,176.025,-327.256
"MtrElec",4,1,11,"",-31.4193,0,0,0,0,0,0,0,0,0,0,0,0,0,0,0,0,0,0,0,0,166.381,0,224.226,-422.027
"MtrElec",4,1,12,"",-275.969,0,0,0,0,0,0,0,0,0,0,0,0,0,0,0,0,0,0,0,0,117.804,0,89.1498,-482.922
"MtrElec",4,1,13,"",-380.213,0,0,0,0,0,0,0,0,0,0,0,0,0,0,0,0,0,0,0,0,130.259,0,0,-510.472
"MtrElec",4,1,14,"",-425.274,0,0,0,0,0,0,0,0,0,0,0,0,0,0,0,0,0,0,0,0,97.5169,0,0,-522.791
"MtrElec",4,1,15,"",-392.164,0,0,0,0,0,0,0,0,0,0,0,0,0,0,0,0,0,0,0,0,102.445,0,0,-494.609
"MtrElec",4,1,16,"",-317.451,0,0,0,0,0,0,0,0,0,0,0,0,0,0,0,0,0,0,0,0,105.162,0,0,-422.612
"MtrElec",4,1,17,"",-175.911,0,0,0,0,0,0,0,0,0,0,0,0,0,0,0,0,0,0,0,0,136.554,0,0,-312.465
"MtrElec",4,1,18,"",-39.4625,0,0,0,0,0,0,0,0,0,0,0,0,0,0,0,0,0,0,0,0,134.49,0,0,-173.952
"MtrElec",4,1,19,"",-115.307,0,0,0,0,0,0,0,0,0,0,0,0,0,0,0,0,0,0,0,0,147.902,0,-224.226,-38.9825
"MtrElec",4,1,20,"",-57.8246,0,0,0,0,0,0,0,0,0,0,0,0,0,0,0,0,0,0,0,0,166.402,0,-224.226,0
"MtrElec",4,1,21,"",124.034,0,0,0,0,0,0,0,0,0,0,0,0,0,0,0,0,0,0,0,0,182.557,0,-58.5231,0
"MtrElec",4,1,22,"",137.704,0,0,0,0,0,0,0,0,0,0,0,0,0,0,0,0,0,0,0,0,137.704,0,0,0
"MtrElec",4,1,23,"",166.859,0,0,0,0,0,0,0,0,0,0,0,0,0,0,0,0,0,0,0,0,166.859,0,0,0
"MtrElec",4,1,24,"",147.854,0,0,0,0,0,0,0,0,0,0,0,0,0,0,0,0,0,0,0,0,147.854,0,0,0
"MtrElec",4,2,1,"",87.6077,0,0,0,0,0,0,0,0,0,0,0,0,0,0,0,0,0,0,0,0,87.6077,0,0,0
"MtrElec",4,2,2,"",76.4599,0,0,0,0,0,0,0,0,0,0,0,0,0,0,0,0,0,0,0,0,76.4599,0,0,0
"MtrElec",4,2,3,"",73.1303,0,0,0,0,0,0,0,0,0,0,0,0,0,0,0,0,0,0,0,0,73.1303,0,0,0
"MtrElec",4,2,4,"",72.5267,0,0,0,0,0,0,0,0,0,0,0,0,0,0,0,0,0,0,0,0,72.5267,0,0,0
"MtrElec",4,2,5,"",71.5863,0,0,0,0,0,0,0,0,0,0,0,0,0,0,0,0,0,0,0,0,71.5863,0,0,0
"MtrElec",4,2,6,"",80.3511,0,0,0,0,0,0,0,0,0,0,0,0,0,0,0,0,0,0,0,0,80.3511,0,0,0
"MtrElec",4,2,7,"",107.118,0,0,0,0,0,0,0,0,0,0,0,0,0,0,0,0,0,0,0,0,107.118,0,0,0
"MtrElec",4,2,8,"",55.9633,0,0,0,0,0,0,0,0,0,0,0,0,0,0,0,0,0,0,0,0,114.046,0,0,-58.0831
"MtrElec",4,2,9,"",0.0000039,0,0,0,0,0,0,0,0,0,0,0,0,0,0,0,0,0,0,0,0,135.972,0,41.9059,-177.878
"MtrElec",4,2,10,"",-0.0000078,0,0,0,0,0,0,0,0,0,0,0,0,0,0,0,0,0,0,0,0,126.916,0,181.193,-308.109
"MtrElec",4,2,11,"",-53.4833,0,0,0,0,0,0,0,0,0,0,0,0,0,0,0,0,0,0,0,0,144.82,0,224.226,-422.53
"MtrElec",4,2,12,"",-229.625,0,0,0,0,0,0,0,0,0,0,0,0,0,0,0,0,0,0,0,0,117.855,0,114.421,-461.9
"MtrElec",4,2,13,"",-324.108,0,0,0,0,0,0,0,0,0,0,0,0,0,0,0,0,0,0,0,0,153.36,0,0,-477.468
"MtrElec",4,2,14,"",-336.232,0,0,0,0,0,0,0,0,0,0,0,0,0,0,0,0,0,0,0,0,91.7555,0,0,-427.987
"MtrElec",4,2,15,"",-299.837,0,0,0,0,0,0,0,0,0,0,0,0,0,0,0,0,0,0,0,0,101.687,0,0,-401.524
"MtrElec",4,2,16,"",-310.766,0,0,0,0,0,0,0,0,0,0,0,0,0,0,0,0,0,0,0,0,112.135,0,0,-422.901
"MtrElec",4,2,17,"",-103.545,0,0,0,0,0,0,0,0,0,0,0,0,0,0,0,0,0,0,0,0,140.464,0,0,-244.009
"MtrElec",4,2,18,"",-47.8758,0,0,0,0,0,0,0,0,0,0,0,0,0,0,0,0,0,0,0,0,131.721,0,0,-179.597
"MtrElec",4,2,19,"",-124.07,0,0,0,0,0,0,0,0,0,0,0,0,0,0,0,0,0,0,0,0,141.365,0,-224.226,-41.2085
"MtrElec",4,2,20,"",-69.5129,0,0,0,0,0,0,0,0,0,0,0,0,0,0,0,0,0,0,0,0,154.714,0,-224.226,0
"MtrElec",4,2,21,"",77.7851,0,0,0,0,0,0,0,0,0,0,0,0,0,0,0,0,0,0,0,0,136.308,0,-58.5231,0
"MtrElec",4,2,22,"",138.303,0,0,0,0,0,0,0,0,0,0,0,0,0,0,0,0,0,0,0,0,138.303,0,0,0
"MtrElec",4,2,23,"",134.161,0,0,0,0,0,0,0,0,0,0,0,0,0,0,0,0,0,0,0,0,134.161,0,0,0
"MtrElec",4,2,24,"",126.264,0,0,0,0,0,0,0,0,0,0,0,0,0,0,0,0,0,0,0,0,126.264,0,0,0
"MtrElec",4,3,1,"",93.7813,0,0,0,0,0,0,0,0,0,0,0,0,0,0,0,0,0,0,0,0,93.7813,0,0,0
"MtrElec",4,3,2,"",76.0146,0,0,0,0,0,0,0,0,0,0,0,0,0,0,0,0,0,0,0,0,76.0146,0,0,0
"MtrElec",4,3,3,"",74.474,0,0,0,0,0,0,0,0,0,0,0,0,0,0,0,0,0,0,0,0,74.474,0,0,0
"MtrElec",4,3,4,"",87.0348,0,0,0,0,0,0,0,0,0,0,0,0,0,0,0,0,0,0,0,0,87.0348,0,0,0
"MtrElec",4,3,5,"",71.1592,0,0,0,0,0,0,0,0,0,0,0,0,0,0,0,0,0,0,0,0,71.1592,0,0,0
"MtrElec",4,3,6,"",77.6098,0,0,0,0,0,0,0,0,0,0,0,0,0,0,0,0,0,0,0,0,77.6098,0,0,0
"MtrElec",4,3,7,"",85.2225,0,0,0,0,0,0,0,0,0,0,0,0,0,0,0,0,0,0,0,0,87.0683,0,0,-1.8458
"MtrElec",4,3,8,"",60.8464,0,0,0,0,0,0,0,0,0,0,0,0,0,0,0,0,0,0,0,0,103.265,0,0,-42.4183
"MtrElec",4,3,9,"",51.3546,0,0,0,0,0,0,0,0,0,0,0,0,0,0,0,0,0,0,0,0,118.735,0,0,-67.3804
"MtrElec",4,3,10,"",0.0000005,0,0,0,0,0,0,0,0,0,0,0,0,0,0,0,0,0,0,0,0,143.957,0,7.23242,-151.189
"MtrElec",4,3,11,"",0.0000020,0,0,0,0,0,0,0,0,0,0,0,0,0,0,0,0,0,0,0,0,124.599,0,23.4488,-148.048
"MtrElec",4,3,12,"",8.03074,0,0,0,0,0,0,0,0,0,0,0,0,0,0,0,0,0,0,0,0,120.132,0,0,-112.101
"MtrElec",4,3,13,"",28.4326,0,0,0,0,0,0,0,0,0,0,0,0,0,0,0,0,0,0,0,0,183.082,0,0,-154.65
"MtrElec",4,3,14,"",-0.0000078,0,0,0,0,0,0,0,0,0,0,0,0,0,0,0,0,0,0,0,0,92.8279,0,156.858,-249.686
"MtrElec",4,3,15,"",0,0,0,0,0,0,0,0,0,0,0,0,0,0,0,0,0,0,0,0,0,103.917,0,191.369,-295.287
"MtrElec",4,3,16,"",0,0,0,0,0,0,0,0,0,0,0,0,0,0,0,0,0,0,0,0,0,112.291,0,82.7272,-195.019
"MtrElec",4,3,17,"",0,0,0,0,0,0,0,0,0,0,0,0,0,0,0,0,0,0,0,0,0,126.927,0,18.1217,-145.049
"MtrElec",4,3,18,"",0,0,0,0,0,0,0,0,0,0,0,0,0,0,0,0,0,0,0,0,0,147.092,0,3.95645,-151.049
"MtrElec",4,3,19,"",-103.045,0,0,0,0,0,0,0,0,0,0,0,0,0,0,0,0,0,0,0,0,163.041,0,-224.226,-41.8596
"MtrElec",4,3,20,"",-50.3198,0,0,0,0,0,0,0,0,0,0,0,0,0,0,0,0,0,0,0,0,162.005,0,-212.325,0
"MtrElec",4,3,21,"",173.167,0,0,0,0,0,0,0,0,0,0,0,0,0,0,0,0,0,0,0,0,173.167,0,0,0
"MtrElec",4,3,22,"",138.808,0,0,0,0,0,0,0,0,0,0,0,0,0,0,0,0,0,0,0,0,138.808,0,0,0
"MtrElec",4,3,23,"",146.523,0,0,0,0,0,0,0,0,0,0,0,0,0,0,0,0,0,0,0,0,146.523,0,0,0
"MtrElec",4,3,24,"",116.693,0,0,0,0,0,0,0,0,0,0,0,0,0,0,0,0,0,0,0,0,116.693,0,0,0
"MtrElec",4,4,1,"",84.4832,0,0,0,0,0,0,0,0,0,0,0,0,0,0,0,0,0,0,0,0,84.4832,0,0,0
"MtrElec",4,4,2,"",74.4976,0,0,0,0,0,0,0,0,0,0,0,0,0,0,0,0,0,0,0,0,74.4976,0,0,0
"MtrElec",4,4,3,"",74.5181,0,0,0,0,0,0,0,0,0,0,0,0,0,0,0,0,0,0,0,0,74.5181,0,0,0
"MtrElec",4,4,4,"",74.6975,0,0,0,0,0,0,0,0,0,0,0,0,0,0,0,0,0,0,0,0,74.6975,0,0,0
"MtrElec",4,4,5,"",78.0609,0,0,0,0,0,0,0,0,0,0,0,0,0,0,0,0,0,0,0,0,78.0609,0,0,0
"MtrElec",4,4,6,"",78.3646,0,0,0,0,0,0,0,0,0,0,0,0,0,0,0,0,0,0,0,0,78.3646,0,0,0
"MtrElec",4,4,7,"",84.9274,0,0,0,0,0,0,0,0,0,0,0,0,0,0,0,0,0,0,0,0,88.2168,0,0,-3.28938
"MtrElec",4,4,8,"",53.0625,0,0,0,0,0,0,0,0,0,0,0,0,0,0,0,0,0,0,0,0,116.775,0,0,-63.7122
"MtrElec",4,4,9,"",0.0000078,0,0,0,0,0,0,0,0,0,0,0,0,0,0,0,0,0,0,0,0,140.081,0,76.9569,-217.038
"MtrElec",4,4,10,"",0,0,0,0,0,0,0,0,0,0,0,0,0,0,0,0,0,0,0,0,0,145.678,0,209.638,-355.316
"MtrElec",4,4,11,"",-83.3047,0,0,0,0,0,0,0,0,0,0,0,0,0,0,0,0,0,0,0,0,149.57,0,224.226,-457.101
"MtrElec",4,4,12,"",-351.476,0,0,0,0,0,0,0,0,0,0,0,0,0,0,0,0,0,0,0,0,131.897,0,50.9249,-534.298
"MtrElec",4,4,13,"",-412.021,0,0,0,0,0,0,0,0,0,0,0,0,0,0,0,0,0,0,0,0,159.035,0,0,-571.056
"MtrElec",4,4,14,"",-430.593,0,0,0,0,0,0,0,0,0,0,0,0,0,0,0,0,0,0,0,0,130.394,0,0,-560.987
"MtrElec",4,4,15,"",-370.998,0,0,0,0,0,0,0,0,0,0,0,0,0,0,0,0,0,0,0,0,142.404,0,0,-513.403
"MtrElec",4,4,16,"",-323.762,0,0,0,0,0,0,0,0,0,0,0,0,0,0,0,0,0,0,0,0,110.413,0,0,-434.175
"MtrElec",4,4,17,"",-207.403,0,0,0,0,0,0,0,0,0,0,0,0,0,0,0,0,0,0,0,0,114.689,0,0,-322.092
"MtrElec",4,4,18,"",-32.9822,0,0,0,0,0,0,0,0,0,0,0,0,0,0,0,0,0,0,0,0,146.704,0,0,-179.686
"MtrElec",4,4,19,"",-96.338,0,0,0,0,0,0,0,0,0,0,0,0,0,0,0,0,0,0,0,0,169.515,0,-224.226,-41.6266
"MtrElec",4,4,20,"",-30.0259,0,0,0,0,0,0,0,0,0,0,0,0,0,0,0,0,0,0,0,0,194.201,0,-224.226,0
"MtrElec",4,4,21,"",112.222,0,0,0,0,0,0,0,0,0,0,0,0,0,0,0,0,0,0,0,0,170.746,0,-58.5231,0
"MtrElec",4,4,22,"",178.799,0,0,0,0,0,0,0,0,0,0,0,0,0,0,0,0,0,0,0,0,178.799,0,0,0
"MtrElec",4,4,23,"",125.658,0,0,0,0,0,0,0,0,0,0,0,0,0,0,0,0,0,0,0,0,125.658,0,0,0
"MtrElec",4,4,24,"",147.707,0,0,0,0,0,0,0,0,0,0,0,0,0,0,0,0,0,0,0,0,147.707,0,0,0
"MtrElec",4,5,1,"",94.5671,0,0,0,0,0,0,0,0,0,0,0,0,0,0,0,0,0,0,0,0,94.5671,0,0,0
"MtrElec",4,5,2,"",74.9975,0,0,0,0,0,0,0,0,0,0,0,0,0,0,0,0,0,0,0,0,74.9975,0,0,0
"MtrElec",4,5,3,"",73.5398,0,0,0,0,0,0,0,0,0,0,0,0,0,0,0,0,0,0,0,0,73.5398,0,0,0
"MtrElec",4,5,4,"",75.0422,0,0,0,0,0,0,0,0,0,0,0,0,0,0,0,0,0,0,0,0,75.0422,0,0,0
"MtrElec",4,5,5,"",86.0429,0,0,0,0,0,0,0,0,0,0,0,0,0,0,0,0,0,0,0,0,86.0429,0,0,0
"MtrElec",4,5,6,"",75.816,0,0,0,0,0,0,0,0,0,0,0,0,0,0,0,0,0,0,0,0,75.816,0,0,0
"MtrElec",4,5,7,"",81.6441,0,0,0,0,0,0,0,0,0,0,0,0,0,0,0,0,0,0,0,0,84.8852,0,0,-3.24109
"MtrElec",4,5,8,"",46.2549,0,0,0,0,0,0,0,0,0,0,0,0,0,0,0,0,0,0,0,0,110.4,0,0,-64.1456
"MtrElec",4,5,9,"",0,0,0,0,0,0,0,0,0,0,0,0,0,0,0,0,0,0,0,0,0,136.769,0,74.6984,-211.468
"MtrElec",4,5,10,"",0,0,0,0,0,0,0,0,0,0,0,0,0,0,0,0,0,0,0,0,0,144.331,0,201.734,-346.066
"MtrElec",4,5,11,"",-75.3063,0,0,0,0,0,0,0,0,0,0,0,0,0,0,0,0,0,0,0,0,151.036,0,224.226,-450.569
"MtrElec",4,5,12,"",-307.522,0,0,0,0,0,0,0,0,0,0,0,0,0,0,0,0,0,0,0,0,161.623,0,61.0871,-530.232
"MtrElec",4,5,13,"",-417.076,0,0,0,0,0,0,0,0,0,0,0,0,0,0,0,0,0,0,0,0,149.846,0,0,-566.922
"MtrElec",4,5,14,"",-441.932,0,0,0,0,0,0,0,0,0,0,0,0,0,0,0,0,0,0,0,0,119.342,0,0,-561.274
"MtrElec",4,5,15,"",-328.362,0,0,0,0,0,0,0,0,0,0,0,0,0,0,0,0,0,0,0,0,132.692,0,0,-461.054
"MtrElec",4,5,16,"",-275.096,0,0,0,0,0,0,0,0,0,0,0,0,0,0,0,0,0,0,0,0,105.161,0,0,-380.257
"MtrElec",4,5,17,"",-189.142,0,0,0,0,0,0,0,0,0,0,0,0,0,0,0,0,0,0,0,0,110.115,0,0,-299.257
"MtrElec",4,5,18,"",-49.2315,0,0,0,0,0,0,0,0,0,0,0,0,0,0,0,0,0,0,0,0,122.897,0,0,-172.128
"MtrElec",4,5,19,"",-104.518,0,0,0,0,0,0,0,0,0,0,0,0,0,0,0,0,0,0,0,0,155.512,0,-224.226,-35.8039
"MtrElec",4,5,20,"",-34.6883,0,0,0,0,0,0,0,0,0,0,0,0,0,0,0,0,0,0,0,0,189.538,0,-224.226,0
"MtrElec",4,5,21,"",97.7379,0,0,0,0,0,0,0,0,0,0,0,0,0,0,0,0,0,0,0,0,156.261,0,-58.5231,0
"MtrElec",4,5,22,"",163.344,0,0,0,0,0,0,0,0,0,0,0,0,0,0,0,0,0,0,0,0,163.344,0,0,0
"MtrElec",4,5,23,"",124.946,0,0,0,0,0,0,0,0,0,0,0,0,0,0,0,0,0,0,0,0,124.946,0,0,0
"MtrElec",4,5,24,"",137.211,0,0,0,0,0,0,0,0,0,0,0,0,0,0,0,0,0,0,0,0,137.211,0,0,0
"MtrElec",4,6,1,"",90.3859,0,0,0,0,0,0,0,0,0,0,0,0,0,0,0,0,0,0,0,0,90.3859,0,0,0
"MtrElec",4,6,2,"",74.4816,0,0,0,0,0,0,0,0,0,0,0,0,0,0,0,0,0,0,0,0,74.4816,0,0,0
"MtrElec",4,6,3,"",74.9446,0,0,0,0,0,0,0,0,0,0,0,0,0,0,0,0,0,0,0,0,74.9446,0,0,0
"MtrElec",4,6,4,"",76.016,0,0,0,0,0,0,0,0,0,0,0,0,0,0,0,0,0,0,0,0,76.016,0,0,0
"MtrElec",4,6,5,"",75.4974,0,0,0,0,0,0,0,0,0,0,0,0,0,0,0,0,0,0,0,0,75.4974,0,0,0
"MtrElec",4,6,6,"",77.7763,0,0,0,0,0,0,0,0,0,0,0,0,0,0,0,0,0,0,0,0,77.7763,0,0,0
"MtrElec",4,6,7,"",88.9958,0,0,0,0,0,0,0,0,0,0,0,0,0,0,0,0,0,0,0,0,88.9958,0,0,0
"MtrElec",4,6,8,"",114.668,0,0,0,0,0,0,0,0,0,0,0,0,0,0,0,0,0,0,0,0,122.004,0,0,-7.33633
"MtrElec",4,6,9,"",117.529,0,0,0,0,0,0,0,0,0,0,0,0,0,0,0,0,0,0,0,0,128.312,0,0,-10.7833
"MtrElec",4,6,10,"",61.555,0,0,0,0,0,0,0,0,0,0,0,0,0,0,0,0,0,0,0,0,143.219,0,0,-81.6641
"MtrElec",4,6,11,"",0,0,0,0,0,0,0,0,0,0,0,0,0,0,0,0,0,0,0,0,0,160.69,0,56.391,-217.081
"MtrElec",4,6,12,"",0,0,0,0,0,0,0,0,0,0,0,0,0,0,0,0,0,0,0,0,0,118.291,0,180.814,-299.106
"MtrElec",4,6,13,"",0,0,0,0,0,0,0,0,0,0,0,0,0,0,0,0,0,0,0,0,0,143.834,0,122.739,-266.573
"MtrElec",4,6,14,"",-0.0000078,0,0,0,0,0,0,0,0,0,0,0,0,0,0,0,0,0,0,0,0,92.7734,0,190.37,-283.143
"MtrElec",4,6,15,"",-211.664,0,0,0,0,0,0,0,0,0,0,0,0,0,0,0,0,0,0,0,0,102.102,0,11.4315,-325.197
"MtrElec",4,6,16,"",-254.342,0,0,0,0,0,0,0,0,0,0,0,0,0,0,0,0,0,0,0,0,105.119,0,0,-359.461
"MtrElec",4,6,17,"",-168.054,0,0,0,0,0,0,0,0,0,0,0,0,0,0,0,0,0,0,0,0,133.059,0,0,-301.113
"MtrElec",4,6,18,"",-27.0178,0,0,0,0,0,0,0,0,0,0,0,0,0,0,0,0,0,0,0,0,146.124,0,0,-173.141
"MtrElec",4,6,19,"",-114.355,0,0,0,0,0,0,0,0,0,0,0,0,0,0,0,0,0,0,0,0,151.247,0,-224.226,-41.3753
"MtrElec",4,6,20,"",-42.4908,0,0,0,0,0,0,0,0,0,0,0,0,0,0,0,0,0,0,0,0,181.736,0,-224.226,0
"MtrElec",4,6,21,"",121.621,0,0,0,0,0,0,0,0,0,0,0,0,0,0,0,0,0,0,0,0,180.144,0,-58.5231,0
"MtrElec",4,6,22,"",140.325,0,0,0,0,0,0,0,0,0,0,0,0,0,0,0,0,0,0,0,0,140.325,0,0,0
"MtrElec",4,6,23,"",138.351,0,0,0,0,0,0,0,0,0,0,0,0,0,0,0,0,0,0,0,0,138.351,0,0,0
"MtrElec",4,6,24,"",121.43,0,0,0,0,0,0,0,0,0,0,0,0,0,0,0,0,0,0,0,0,121.43,0,0,0
"MtrElec",4,7,1,"",104.656,0,0,0,0,0,0,0,0,0,0,0,0,0,0,0,0,0,0,0,0,104.656,0,0,0
"MtrElec",4,7,2,"",75.887,0,0,0,0,0,0,0,0,0,0,0,0,0,0,0,0,0,0,0,0,75.887,0,0,0
"MtrElec",4,7,3,"",72.4476,0,0,0,0,0,0,0,0,0,0,0,0,0,0,0,0,0,0,0,0,72.4476,0,0,0
"MtrElec",4,7,4,"",71.9433,0,0,0,0,0,0,0,0,0,0,0,0,0,0,0,0,0,0,0,0,71.9433,0,0,0
"MtrElec",4,7,5,"",70.9575,0,0,0,0,0,0,0,0,0,0,0,0,0,0,0,0,0,0,0,0,70.9575,0,0,0
"MtrElec",4,7,6,"",78.8679,0,0,0,0,0,0,0,0,0,0,0,0,0,0,0,0,0,0,0,0,78.8679,0,0,0
"MtrElec",4,7,7,"",98.8678,0,0,0,0,0,0,0,0,0,0,0,0,0,0,0,0,0,0,0,0,98.8678,0,0,0
"MtrElec",4,7,8,"",82.8411,0,0,0,0,0,0,0,0,0,0,0,0,0,0,0,0,0,0,0,0,102.492,0,0,-19.651
"MtrElec",4,7,9,"",75.4705,0,0,0,0,0,0,0,0,0,0,0,0,0,0,0,0,0,0,0,0,122.983,0,0,-47.5123
"MtrElec",4,7,10,"",0,0,0,0,0,0,0,0,0,0,0,0,0,0,0,0,0,0,0,0,0,144.091,0,79.4504,-223.541
"MtrElec",4,7,11,"",0.0000156,0,0,0,0,0,0,0,0,0,0,0,0,0,0,0,0,0,0,0,0,167.194,0,149.676,-316.869
"MtrElec",4,7,12,"",-73.3011,0,0,0,0,0,0,0,0,0,0,0,0,0,0,0,0,0,0,0,0,124.885,0,224.226,-422.412
"MtrElec",4,7,13,"",-220.305,0,0,0,0,0,0,0,0,0,0,0,0,0,0,0,0,0,0,0,0,156.338,0,108.394,-485.037
"MtrElec",4,7,14,"",-140.318,0,0,0,0,0,0,0,0,0,0,0,0,0,0,0,0,0,0,0,0,94.6074,0,0,-234.925
"MtrElec",4,7,15,"",-246.974,0,0,0,0,0,0,0,0,0,0,0,0,0,0,0,0,0,0,0,0,92.7116,0,0,-339.685
"MtrElec",4,7,16,"",-148.699,0,0,0,0,0,0,0,0,0,0,0,0,0,0,0,0,0,0,0,0,99.7867,0,0,-248.486
"MtrElec",4,7,17,"",-57.5802,0,0,0,0,0,0,0,0,0,0,0,0,0,0,0,0,0,0,0,0,143.116,0,0,-200.697
"MtrElec",4,7,18,"",68.5301,0,0,0,0,0,0,0,0,0,0,0,0,0,0,0,0,0,0,0,0,140.522,0,0,-71.9917
"MtrElec",4,7,19,"",-84.9387,0,0,0,0,0,0,0,0,0,0,0,0,0,0,0,0,0,0,0,0,153.497,0,-224.226,-14.209
"MtrElec",4,7,20,"",-64.712,0,0,0,0,0,0,0,0,0,0,0,0,0,0,0,0,0,0,0,0,159.514,0,-224.226,0
"MtrElec",4,7,21,"",103.889,0,0,0,0,0,0,0,0,0,0,0,0,0,0,0,0,0,0,0,0,162.412,0,-58.5231,0
"MtrElec",4,7,22,"",134.111,0,0,0,0,0,0,0,0,0,0,0,0,0,0,0,0,0,0,0,0,134.111,0,0,0
"MtrElec",4,7,23,"",165.779,0,0,0,0,0,0,0,0,0,0,0,0,0,0,0,0,0,0,0,0,165.779,0,0,0
"MtrElec",4,7,24,"",125.374,0,0,0,0,0,0,0,0,0,0,0,0,0,0,0,0,0,0,0,0,125.374,0,0,0
"MtrElec",4,8,1,"",95.5689,0,0,0,0,0,0,0,0,0,0,0,0,0,0,0,0,0,0,0,0,95.5689,0,0,0
"MtrElec",4,8,2,"",79.6595,0,0,0,0,0,0,0,0,0,0,0,0,0,0,0,0,0,0,0,0,79.6595,0,0,0
"MtrElec",4,8,3,"",78.2707,0,0,0,0,0,0,0,0,0,0,0,0,0,0,0,0,0,0,0,0,78.2707,0,0,0
"MtrElec",4,8,4,"",77.8265,0,0,0,0,0,0,0,0,0,0,0,0,0,0,0,0,0,0,0,0,77.8265,0,0,0
"MtrElec",4,8,5,"",77.1611,0,0,0,0,0,0,0,0,0,0,0,0,0,0,0,0,0,0,0,0,77.1611,0,0,0
"MtrElec",4,8,6,"",79.161,0,0,0,0,0,0,0,0,0,0,0,0,0,0,0,0,0,0,0,0,79.161,0,0,0
"MtrElec",4,8,7,"",83.9291,0,0,0,0,0,0,0,0,0,0,0,0,0,0,0,0,0,0,0,0,88.4758,0,0,-4.54666
"MtrElec",4,8,8,"",30.1452,0,0,0,0,0,0,0,0,0,0,0,0,0,0,0,0,0,0,0,0,101.278,0,0,-71.1329
"MtrElec",4,8,9,"",0,0,0,0,0,0,0,0,0,0,0,0,0,0,0,0,0,0,0,0,0,120.768,0,35.6256,-156.393
"MtrElec",4,8,10,"",0,0,0,0,0,0,0,0,0,0,0,0,0,0,0,0,0,0,0,0,0,129.549,0,173.546,-303.095
"MtrElec",4,8,11,"",-115.117,0,0,0,0,0,0,0,0,0,0,0,0,0,0,0,0,0,0,0,0,146.449,0,224.226,-485.793
"MtrElec",4,8,12,"",-307.414,0,0,0,0,0,0,0,0,0,0,0,0,0,0,0,0,0,0,0,0,124.849,0,128.348,-560.611
"MtrElec",4,8,13,"",-337.556,0,0,0,0,0,0,0,0,0,0,0,0,0,0,0,0,0,0,0,0,156.536,0,0,-494.092
"MtrElec",4,8,14,"",-13.8341,0,0,0,0,0,0,0,0,0,0,0,0,0,0,0,0,0,0,0,0,100.183,0,0,-114.017
"MtrElec",4,8,15,"",-235.011,0,0,0,0,0,0,0,0,0,0,0,0,0,0,0,0,0,0,0,0,91.575,0,0,-326.586
"MtrElec",4,8,16,"",-204.235,0,0,0,0,0,0,0,0,0,0,0,0,0,0,0,0,0,0,0,0,104.74,0,0,-308.976
"MtrElec",4,8,17,"",-100.674,0,0,0,0,0,0,0,0,0,0,0,0,0,0,0,0,0,0,0,0,121.493,0,0,-222.167
"MtrElec",4,8,18,"",-34.6271,0,0,0,0,0,0,0,0,0,0,0,0,0,0,0,0,0,0,0,0,131.193,0,0,-165.82
"MtrElec",4,8,19,"",-100.068,0,0,0,0,0,0,0,0,0,0,0,0,0,0,0,0,0,0,0,0,164.692,0,-224.226,-40.5334
"MtrElec",4,8,20,"",-53.2824,0,0,0,0,0,0,0,0,0,0,0,0,0,0,0,0,0,0,0,0,170.944,0,-224.226,0
"MtrElec",4,8,21,"",146.014,0,0,0,0,0,0,0,0,0,0,0,0,0,0,0,0,0,0,0,0,204.537,0,-58.5231,0
"MtrElec",4,8,22,"",146.667,0,0,0,0,0,0,0,0,0,0,0,0,0,0,0,0,0,0,0,0,146.667,0,0,0
"MtrElec",4,8,23,"",133.355,0,0,0,0,0,0,0,0,0,0,0,0,0,0,0,0,0,0,0,0,133.355,0,0,0
"MtrElec",4,8,24,"",124.342,0,0,0,0,0,0,0,0,0,0,0,0,0,0,0,0,0,0,0,0,124.342,0,0,0
"MtrElec",4,9,1,"",87.9332,0,0,0,0,0,0,0,0,0,0,0,0,0,0,0,0,0,0,0,0,87.9332,0,0,0
"MtrElec",4,9,2,"",188.143,0,0,0,0,0,0,0,0,0,0,0,0,0,0,0,0,0,0,0,0,188.143,0,0,0
"MtrElec",4,9,3,"",135.101,0,0,0,0,0,0,0,0,0,0,0,0,0,0,0,0,0,0,0,0,135.101,0,0,0
"MtrElec",4,9,4,"",133.705,0,0,0,0,0,0,0,0,0,0,0,0,0,0,0,0,0,0,0,0,133.705,0,0,0
"MtrElec",4,9,5,"",132.604,0,0,0,0,0,0,0,0,0,0,0,0,0,0,0,0,0,0,0,0,132.604,0,0,0
"MtrElec",4,9,6,"",135.207,0,0,0,0,0,0,0,0,0,0,0,0,0,0,0,0,0,0,0,0,135.207,0,0,0
"MtrElec",4,9,7,"",126.511,0,0,0,0,0,0,0,0,0,0,0,0,0,0,0,0,0,0,0,0,131.764,0,0,-5.25283
"MtrElec",4,9,8,"",58.125,0,0,0,0,0,0,0,0,0,0,0,0,0,0,0,0,0,0,0,0,131.192,0,0,-73.067
"MtrElec",4,9,9,"",0,0,0,0,0,0,0,0,0,0,0,0,0,0,0,0,0,0,0,0,0,139.839,0,87.5312,-227.37
"MtrElec",4,9,10,"",0,0,0,0,0,0,0,0,0,0,0,0,0,0,0,0,0,0,0,0,0,167.157,0,206.001,-373.158
"MtrElec",4,9,11,"",-83.7289,0,0,0,0,0,0,0,0,0,0,0,0,0,0,0,0,0,0,0,0,171.843,0,224.226,-479.798
"MtrElec",4,9,12,"",-373.287,0,0,0,0,0,0,0,0,0,0,0,0,0,0,0,0,0,0,0,0,135.478,0,43.9873,-552.753
"MtrElec",4,9,13,"",-342.924,0,0,0,0,0,0,0,0,0,0,0,0,0,0,0,0,0,0,0,0,151.913,0,0,-494.836
"MtrElec",4,9,14,"",-222.372,0,0,0,0,0,0,0,0,0,0,0,0,0,0,0,0,0,0,0,0,99.904,0,0,-322.276
"MtrElec",4,9,15,"",-113.389,0,0,0,0,0,0,0,0,0,0,0,0,0,0,0,0,0,0,0,0,109.222,0,0,-222.611
"MtrElec",4,9,16,"",-99.2016,0,0,0,0,0,0,0,0,0,0,0,0,0,0,0,0,0,0,0,0,118.149,0,0,-217.351
"MtrElec",4,9,17,"",-65.5476,0,0,0,0,0,0,0,0,0,0,0,0,0,0,0,0,0,0,0,0,159.471,0,0,-225.019
"MtrElec",4,9,18,"",75.5549,0,0,0,0,0,0,0,0,0,0,0,0,0,0,0,0,0,0,0,0,143.069,0,0,-67.514
"MtrElec",4,9,19,"",-89.268,0,0,0,0,0,0,0,0,0,0,0,0,0,0,0,0,0,0,0,0,181.261,0,-224.226,-46.3025
"MtrElec",4,9,20,"",-47.2504,0,0,0,0,0,0,0,0,0,0,0,0,0,0,0,0,0,0,0,0,176.976,0,-224.226,0
"MtrElec",4,9,21,"",129.061,0,0,0,0,0,0,0,0,0,0,0,0,0,0,0,0,0,0,0,0,187.584,0,-58.5231,0
"MtrElec",4,9,22,"",126.023,0,0,0,0,0,0,0,0,0,0,0,0,0,0,0,0,0,0,0,0,126.023,0,0,0
"MtrElec",4,9,23,"",161.609,0,0,0,0,0,0,0,0,0,0,0,0,0,0,0,0,0,0,0,0,161.609,0,0,0
"MtrElec",4,9,24,"",132.546,0,0,0,0,0,0,0,0,0,0,0,0,0,0,0,0,0,0,0,0,132.546,0,0,0
"MtrElec",4,10,1,"",124.094,0,0,0,0,0,0,0,0,0,0,0,0,0,0,0,0,0,0,0,0,124.094,0,0,0
"MtrElec",4,10,2,"",87.8766,0,0,0,0,0,0,0,0,0,0,0,0,0,0,0,0,0,0,0,0,87.8766,0,0,0
"MtrElec",4,10,3,"",91.4511,0,0,0,0,0,0,0,0,0,0,0,0,0,0,0,0,0,0,0,0,91.4511,0,0,0
"MtrElec",4,10,4,"",93.6987,0,0,0,0,0,0,0,0,0,0,0,0,0,0,0,0,0,0,0,0,93.6987,0,0,0
"MtrElec",4,10,5,"",95.1601,0,0,0,0,0,0,0,0,0,0,0,0,0,0,0,0,0,0,0,0,95.1601,0,0,0
"MtrElec",4,10,6,"",103.543,0,0,0,0,0,0,0,0,0,0,0,0,0,0,0,0,0,0,0,0,103.543,0,0,0
"MtrElec",4,10,7,"",103.819,0,0,0,0,0,0,0,0,0,0,0,0,0,0,0,0,0,0,0,0,108.931,0,0,-5.11207
"MtrElec",4,10,8,"",46.4598,0,0,0,0,0,0,0,0,0,0,0,0,0,0,0,0,0,0,0,0,120.524,0,0,-74.0642
"MtrElec",4,10,9,"",0,0,0,0,0,0,0,0,0,0,0,0,0,0,0,0,0,0,0,0,0,153.365,0,65.0756,-218.44
"MtrElec",4,10,10,"",0,0,0,0,0,0,0,0,0,0,0,0,0,0,0,0,0,0,0,0,0,175.916,0,178.434,-354.35
"MtrElec",4,10,11,"",-62.2351,0,0,0,0,0,0,0,0,0,0,0,0,0,0,0,0,0,0,0,0,175.766,0,224.226,-462.228
"MtrElec",4,10,12,"",-306.004,0,0,0,0,0,0,0,0,0,0,0,0,0,0,0,0,0,0,0,0,126.361,0,94.0104,-526.375
"MtrElec",4,10,13,"",-405.899,0,0,0,0,0,0,0,0,0,0,0,0,0,0,0,0,0,0,0,0,154.691,0,0,-560.59
"MtrElec",4,10,14,"",-453.149,0,0,0,0,0,0,0,0,0,0,0,0,0,0,0,0,0,0,0,0,109.237,0,0,-562.386
"MtrElec",4,10,15,"",-419.692,0,0,0,0,0,0,0,0,0,0,0,0,0,0,0,0,0,0,0,0,98.2686,0,0,-517.96
"MtrElec",4,10,16,"",-340.059,0,0,0,0,0,0,0,0,0,0,0,0,0,0,0,0,0,0,0,0,98.2853,0,0,-438.344
"MtrElec",4,10,17,"",-177.484,0,0,0,0,0,0,0,0,0,0,0,0,0,0,0,0,0,0,0,0,148.213,0,0,-325.698
"MtrElec",4,10,18,"",-41.5563,0,0,0,0,0,0,0,0,0,0,0,0,0,0,0,0,0,0,0,0,140.737,0,0,-182.293
"MtrElec",4,10,19,"",-99.5957,0,0,0,0,0,0,0,0,0,0,0,0,0,0,0,0,0,0,0,0,170.166,0,-224.226,-45.5353
"MtrElec",4,10,20,"",-60.556,0,0,0,0,0,0,0,0,0,0,0,0,0,0,0,0,0,0,0,0,163.67,0,-224.226,0
"MtrElec",4,10,21,"",122.98,0,0,0,0,0,0,0,0,0,0,0,0,0,0,0,0,0,0,0,0,181.503,0,-58.5231,0
"MtrElec",4,10,22,"",139.523,0,0,0,0,0,0,0,0,0,0,0,0,0,0,0,0,0,0,0,0,139.523,0,0,0
"MtrElec",4,10,23,"",135.38,0,0,0,0,0,0,0,0,0,0,0,0,0,0,0,0,0,0,0,0,135.38,0,0,0
"MtrElec",4,10,24,"",122.708,0,0,0,0,0,0,0,0,0,0,0,0,0,0,0,0,0,0,0,0,122.708,0,0,0
"MtrElec",4,11,1,"",84.4518,0,0,0,0,0,0,0,0,0,0,0,0,0,0,0,0,0,0,0,0,84.4518,0,0,0
"MtrElec",4,11,2,"",74.7672,0,0,0,0,0,0,0,0,0,0,0,0,0,0,0,0,0,0,0,0,74.7672,0,0,0
"MtrElec",4,11,3,"",72.3572,0,0,0,0,0,0,0,0,0,0,0,0,0,0,0,0,0,0,0,0,72.3572,0,0,0
"MtrElec",4,11,4,"",75.019,0,0,0,0,0,0,0,0,0,0,0,0,0,0,0,0,0,0,0,0,75.019,0,0,0
"MtrElec",4,11,5,"",87.5944,0,0,0,0,0,0,0,0,0,0,0,0,0,0,0,0,0,0,0,0,87.5944,0,0,0
"MtrElec",4,11,6,"",80.5685,0,0,0,0,0,0,0,0,0,0,0,0,0,0,0,0,0,0,0,0,80.5685,0,0,0
"MtrElec",4,11,7,"",89.6001,0,0,0,0,0,0,0,0,0,0,0,0,0,0,0,0,0,0,0,0,89.6001,0,0,0
"MtrElec",4,11,8,"",113.5,0,0,0,0,0,0,0,0,0,0,0,0,0,0,0,0,0,0,0,0,113.983,0,0,-0.483017
"MtrElec",4,11,9,"",0,0,0,0,0,0,0,0,0,0,0,0,0,0,0,0,0,0,0,0,0,129.003,0,28.4097,-157.413
"MtrElec",4,11,10,"",0,0,0,0,0,0,0,0,0,0,0,0,0,0,0,0,0,0,0,0,0,142.258,0,115.123,-257.381
"MtrElec",4,11,11,"",0,0,0,0,0,0,0,0,0,0,0,0,0,0,0,0,0,0,0,0,0,143.409,0,219.956,-363.365
"MtrElec",4,11,12,"",-92.1831,0,0,0,0,0,0,0,0,0,0,0,0,0,0,0,0,0,0,0,0,171.981,0,198.257,-462.422
"MtrElec",4,11,13,"",-375.751,0,0,0,0,0,0,0,0,0,0,0,0,0,0,0,0,0,0,0,0,167.261,0,0,-543.012
"MtrElec",4,11,14,"",-425.655,0,0,0,0,0,0,0,0,0,0,0,0,0,0,0,0,0,0,0,0,129.365,0,0,-555.021
"MtrElec",4,11,15,"",-374.605,0,0,0,0,0,0,0,0,0,0,0,0,0,0,0,0,0,0,0,0,138.714,0,0,-513.318
"MtrElec",4,11,16,"",-329.417,0,0,0,0,0,0,0,0,0,0,0,0,0,0,0,0,0,0,0,0,107.355,0,0,-436.772
"MtrElec",4,11,17,"",-193.116,0,0,0,0,0,0,0,0,0,0,0,0,0,0,0,0,0,0,0,0,129.752,0,0,-322.868
"MtrElec",4,11,18,"",-28.3141,0,0,0,0,0,0,0,0,0,0,0,0,0,0,0,0,0,0,0,0,152.612,0,0,-180.927
"MtrElec",4,11,19,"",-88.399,0,0,0,0,0,0,0,0,0,0,0,0,0,0,0,0,0,0,0,0,180.84,0,-224.226,-45.0126
"MtrElec",4,11,20,"",-22.9396,0,0,0,0,0,0,0,0,0,0,0,0,0,0,0,0,0,0,0,0,201.287,0,-224.226,0
"MtrElec",4,11,21,"",109.649,0,0,0,0,0,0,0,0,0,0,0,0,0,0,0,0,0,0,0,0,168.172,0,-58.5231,0
"MtrElec",4,11,22,"",155.62,0,0,0,0,0,0,0,0,0,0,0,0,0,0,0,0,0,0,0,0,155.62,0,0,0
"MtrElec",4,11,23,"",113.754,0,0,0,0,0,0,0,0,0,0,0,0,0,0,0,0,0,0,0,0,113.754,0,0,0
"MtrElec",4,11,24,"",129.493,0,0,0,0,0,0,0,0,0,0,0,0,0,0,0,0,0,0,0,0,129.493,0,0,0
"MtrElec",4,12,1,"",90.3917,0,0,0,0,0,0,0,0,0,0,0,0,0,0,0,0,0,0,0,0,90.3917,0,0,0
"MtrElec",4,12,2,"",74.5976,0,0,0,0,0,0,0,0,0,0,0,0,0,0,0,0,0,0,0,0,74.5976,0,0,0
"MtrElec",4,12,3,"",73.1375,0,0,0,0,0,0,0,0,0,0,0,0,0,0,0,0,0,0,0,0,73.1375,0,0,0
"MtrElec",4,12,4,"",75.6536,0,0,0,0,0,0,0,0,0,0,0,0,0,0,0,0,0,0,0,0,75.6536,0,0,0
"MtrElec",4,12,5,"",93.4012,0,0,0,0,0,0,0,0,0,0,0,0,0,0,0,0,0,0,0,0,93.4012,0,0,0
"MtrElec",4,12,6,"",75.7765,0,0,0,0,0,0,0,0,0,0,0,0,0,0,0,0,0,0,0,0,75.7765,0,0,0
"MtrElec",4,12,7,"",79.5609,0,0,0,0,0,0,0,0,0,0,0,0,0,0,0,0,0,0,0,0,85.1247,0,0,-5.56383
"MtrElec",4,12,8,"",35.1864,0,0,0,0,0,0,0,0,0,0,0,0,0,0,0,0,0,0,0,0,111.445,0,0,-76.2585
"MtrElec",4,12,9,"",0,0,0,0,0,0,0,0,0,0,0,0,0,0,0,0,0,0,0,0,0,123.378,0,88.0379,-211.415
"MtrElec",4,12,10,"",0.0000156,0,0,0,0,0,0,0,0,0,0,0,0,0,0,0,0,0,0,0,0,128.03,0,221.883,-349.913
"MtrElec",4,12,11,"",-75.6834,0,0,0,0,0,0,0,0,0,0,0,0,0,0,0,0,0,0,0,0,160.779,0,224.226,-460.689
"MtrElec",4,12,12,"",-347.22,0,0,0,0,0,0,0,0,0,0,0,0,0,0,0,0,0,0,0,0,158.285,0,27.5991,-533.104
"MtrElec",4,12,13,"",-395.539,0,0,0,0,0,0,0,0,0,0,0,0,0,0,0,0,0,0,0,0,157.406,0,0,-552.945
"MtrElec",4,12,14,"",-428.487,0,0,0,0,0,0,0,0,0,0,0,0,0,0,0,0,0,0,0,0,118.875,0,0,-547.362
"MtrElec",4,12,15,"",-372.801,0,0,0,0,0,0,0,0,0,0,0,0,0,0,0,0,0,0,0,0,143.23,0,0,-516.031
"MtrElec",4,12,16,"",-319.885,0,0,0,0,0,0,0,0,0,0,0,0,0,0,0,0,0,0,0,0,119.4,0,0,-439.285
"MtrElec",4,12,17,"",-197.081,0,0,0,0,0,0,0,0,0,0,0,0,0,0,0,0,0,0,0,0,127.185,0,0,-324.266
"MtrElec",4,12,18,"",-37.6911,0,0,0,0,0,0,0,0,0,0,0,0,0,0,0,0,0,0,0,0,140.741,0,0,-178.432
"MtrElec",4,12,19,"",-112.55,0,0,0,0,0,0,0,0,0,0,0,0,0,0,0,0,0,0,0,0,157.687,0,-224.226,-46.0101
"MtrElec",4,12,20,"",-39.3172,0,0,0,0,0,0,0,0,0,0,0,0,0,0,0,0,0,0,0,0,184.909,0,-224.226,0
"MtrElec",4,12,21,"",100.931,0,0,0,0,0,0,0,0,0,0,0,0,0,0,0,0,0,0,0,0,159.454,0,-58.5231,0
"MtrElec",4,12,22,"",139.761,0,0,0,0,0,0,0,0,0,0,0,0,0,0,0,0,0,0,0,0,139.761,0,0,0
"MtrElec",4,12,23,"",115.633,0,0,0,0,0,0,0,0,0,0,0,0,0,0,0,0,0,0,0,0,115.633,0,0,0
"MtrElec",4,12,24,"",128.609,0,0,0,0,0,0,0,0,0,0,0,0,0,0,0,0,0,0,0,0,128.609,0,0,0
"MtrElec",4,13,1,"",101.525,0,0,0,0,0,0,0,0,0,0,0,0,0,0,0,0,0,0,0,0,101.525,0,0,0
"MtrElec",4,13,2,"",74.2884,0,0,0,0,0,0,0,0,0,0,0,0,0,0,0,0,0,0,0,0,74.2884,0,0,0
"MtrElec",4,13,3,"",71.8733,0,0,0,0,0,0,0,0,0,0,0,0,0,0,0,0,0,0,0,0,71.8733,0,0,0
"MtrElec",4,13,4,"",72.0555,0,0,0,0,0,0,0,0,0,0,0,0,0,0,0,0,0,0,0,0,72.0555,0,0,0
"MtrElec",4,13,5,"",71.2578,0,0,0,0,0,0,0,0,0,0,0,0,0,0,0,0,0,0,0,0,71.2578,0,0,0
"MtrElec",4,13,6,"",79.1801,0,0,0,0,0,0,0,0,0,0,0,0,0,0,0,0,0,0,0,0,79.1801,0,0,0
"MtrElec",4,13,7,"",94.9209,0,0,0,0,0,0,0,0,0,0,0,0,0,0,0,0,0,0,0,0,99.7427,0,0,-4.82176
"MtrElec",4,13,8,"",38.2499,0,0,0,0,0,0,0,0,0,0,0,0,0,0,0,0,0,0,0,0,108.719,0,0,-70.4694
"MtrElec",4,13,9,"",0,0,0,0,0,0,0,0,0,0,0,0,0,0,0,0,0,0,0,0,0,137.424,0,11.5967,-149.021
"MtrElec",4,13,10,"",0.0000039,0,0,0,0,0,0,0,0,0,0,0,0,0,0,0,0,0,0,0,0,118.522,0,47.3365,-165.859
"MtrElec",4,13,11,"",-55.5762,0,0,0,0,0,0,0,0,0,0,0,0,0,0,0,0,0,0,0,0,138.988,0,224.226,-418.79
"MtrElec",4,13,12,"",-146.806,0,0,0,0,0,0,0,0,0,0,0,0,0,0,0,0,0,0,0,0,132.753,0,224.226,-503.785
"MtrElec",4,13,13,"",-211.857,0,0,0,0,0,0,0,0,0,0,0,0,0,0,0,0,0,0,0,0,108.845,0,54.3601,-375.062
"MtrElec",4,13,14,"",-221.081,0,0,0,0,0,0,0,0,0,0,0,0,0,0,0,0,0,0,0,0,89.4039,0,0,-310.485
"MtrElec",4,13,15,"",-248.386,0,0,0,0,0,0,0,0,0,0,0,0,0,0,0,0,0,0,0,0,88.5385,0,0,-336.924
"MtrElec",4,13,16,"",-178.104,0,0,0,0,0,0,0,0,0,0,0,0,0,0,0,0,0,0,0,0,101.384,0,0,-279.488
"MtrElec",4,13,17,"",-129.876,0,0,0,0,0,0,0,0,0,0,0,0,0,0,0,0,0,0,0,0,127.682,0,0,-257.558
"MtrElec",4,13,18,"",-23.7758,0,0,0,0,0,0,0,0,0,0,0,0,0,0,0,0,0,0,0,0,128.907,0,0,-152.682
"MtrElec",4,13,19,"",-118.157,0,0,0,0,0,0,0,0,0,0,0,0,0,0,0,0,0,0,0,0,143.291,0,-224.226,-37.2214
"MtrElec",4,13,20,"",-46.455,0,0,0,0,0,0,0,0,0,0,0,0,0,0,0,0,0,0,0,0,177.771,0,-224.226,0
"MtrElec",4,13,21,"",119.73,0,0,0,0,0,0,0,0,0,0,0,0,0,0,0,0,0,0,0,0,178.253,0,-58.5231,0
"MtrElec",4,13,22,"",141.604,0,0,0,0,0,0,0,0,0,0,0,0,0,0,0,0,0,0,0,0,141.604,0,0,0
"MtrElec",4,13,23,"",132.563,0,0,0,0,0,0,0,0,0,0,0,0,0,0,0,0,0,0,0,0,132.563,0,0,0
"MtrElec",4,13,24,"",99.8399,0,0,0,0,0,0,0,0,0,0,0,0,0,0,0,0,0,0,0,0,99.8399,0,0,0
"MtrElec",4,14,1,"",79.2821,0,0,0,0,0,0,0,0,0,0,0,0,0,0,0,0,0,0,0,0,79.2821,0,0,0
"MtrElec",4,14,2,"",78.4598,0,0,0,0,0,0,0,0,0,0,0,0,0,0,0,0,0,0,0,0,78.4598,0,0,0
"MtrElec",4,14,3,"",80.7671,0,0,0,0,0,0,0,0,0,0,0,0,0,0,0,0,0,0,0,0,80.7671,0,0,0
"MtrElec",4,14,4,"",81.1813,0,0,0,0,0,0,0,0,0,0,0,0,0,0,0,0,0,0,0,0,81.1813,0,0,0
"MtrElec",4,14,5,"",81.2622,0,0,0,0,0,0,0,0,0,0,0,0,0,0,0,0,0,0,0,0,81.2622,0,0,0
"MtrElec",4,14,6,"",84.2935,0,0,0,0,0,0,0,0,0,0,0,0,0,0,0,0,0,0,0,0,84.2935,0,0,0
"MtrElec",4,14,7,"",90.3607,0,0,0,0,0,0,0,0,0,0,0,0,0,0,0,0,0,0,0,0,99.0544,0,0,-8.69369
"MtrElec",4,14,8,"",34.6165,0,0,0,0,0,0,0,0,0,0,0,0,0,0,0,0,0,0,0,0,114.392,0,0,-79.7755
"MtrElec",4,14,9,"",0,0,0,0,0,0,0,0,0,0,0,0,0,0,0,0,0,0,0,0,0,138.814,0,82.855,-221.669
"MtrElec",4,14,10,"",0,0,0,0,0,0,0,0,0,0,0,0,0,0,0,0,0,0,0,0,0,148.003,0,208.596,-356.6
"MtrElec",4,14,11,"",-52.2864,0,0,0,0,0,0,0,0,0,0,0,0,0,0,0,0,0,0,0,0,179.266,0,224.226,-455.779
"MtrElec",4,14,12,"",-337.906,0,0,0,0,0,0,0,0,0,0,0,0,0,0,0,0,0,0,0,0,146.075,0,46.0685,-530.049
"MtrElec",4,14,13,"",-457.539,0,0,0,0,0,0,0,0,0,0,0,0,0,0,0,0,0,0,0,0,103.056,0,0,-560.595
"MtrElec",4,14,14,"",-456.473,0,0,0,0,0,0,0,0,0,0,0,0,0,0,0,0,0,0,0,0,95.6866,0,0,-552.159
"MtrElec",4,14,15,"",-407.833,0,0,0,0,0,0,0,0,0,0,0,0,0,0,0,0,0,0,0,0,102.876,0,0,-510.709
"MtrElec",4,14,16,"",-312.675,0,0,0,0,0,0,0,0,0,0,0,0,0,0,0,0,0,0,0,0,118.621,0,0,-431.296
"MtrElec",4,14,17,"",-145.38,0,0,0,0,0,0,0,0,0,0,0,0,0,0,0,0,0,0,0,0,171.782,0,0,-317.162
"MtrElec",4,14,18,"",-37.0723,0,0,0,0,0,0,0,0,0,0,0,0,0,0,0,0,0,0,0,0,142.866,0,0,-179.938
"MtrElec",4,14,19,"",-102.796,0,0,0,0,0,0,0,0,0,0,0,0,0,0,0,0,0,0,0,0,166.491,0,-224.226,-45.0609
"MtrElec",4,14,20,"",-49.4645,0,0,0,0,0,0,0,0,0,0,0,0,0,0,0,0,0,0,0,0,174.762,0,-224.226,0
"MtrElec",4,14,21,"",146.105,0,0,0,0,0,0,0,0,0,0,0,0,0,0,0,0,0,0,0,0,204.628,0,-58.5231,0
"MtrElec",4,14,22,"",146.721,0,0,0,0,0,0,0,0,0,0,0,0,0,0,0,0,0,0,0,0,146.721,0,0,0
"MtrElec",4,14,23,"",123.906,0,0,0,0,0,0,0,0,0,0,0,0,0,0,0,0,0,0,0,0,123.906,0,0,0
"MtrElec",4,14,24,"",128.843,0,0,0,0,0,0,0,0,0,0,0,0,0,0,0,0,0,0,0,0,128.843,0,0,0
"MtrElec",4,15,1,"",101.62,0,0,0,0,0,0,0,0,0,0,0,0,0,0,0,0,0,0,0,0,101.62,0,0,0
"MtrElec",4,15,2,"",74.5788,0,0,0,0,0,0,0,0,0,0,0,0,0,0,0,0,0,0,0,0,74.5788,0,0,0
"MtrElec",4,15,3,"",73.044,0,0,0,0,0,0,0,0,0,0,0,0,0,0,0,0,0,0,0,0,73.044,0,0,0
"MtrElec",4,15,4,"",79.7792,0,0,0,0,0,0,0,0,0,0,0,0,0,0,0,0,0,0,0,0,79.7792,0,0,0
"MtrElec",4,15,5,"",71.3554,0,0,0,0,0,0,0,0,0,0,0,0,0,0,0,0,0,0,0,0,71.3554,0,0,0
"MtrElec",4,15,6,"",80.0631,0,0,0,0,0,0,0,0,0,0,0,0,0,0,0,0,0,0,0,0,80.0631,0,0,0
"MtrElec",4,15,7,"",98.2381,0,0,0,0,0,0,0,0,0,0,0,0,0,0,0,0,0,0,0,0,107.415,0,0,-9.17712
"MtrElec",4,15,8,"",34.1296,0,0,0,0,0,0,0,0,0,0,0,0,0,0,0,0,0,0,0,0,112.633,0,0,-78.5037
"MtrElec",4,15,9,"",0.0000078,0,0,0,0,0,0,0,0,0,0,0,0,0,0,0,0,0,0,0,0,110.137,0,110.245,-220.381
"MtrElec",4,15,10,"",0.0000156,0,0,0,0,0,0,0,0,0,0,0,0,0,0,0,0,0,0,0,0,155.096,0,197.429,-352.525
"MtrElec",4,15,11,"",-97.9778,0,0,0,0,0,0,0,0,0,0,0,0,0,0,0,0,0,0,0,0,129.77,0,224.226,-451.974
"MtrElec",4,15,12,"",-367.868,0,0,0,0,0,0,0,0,0,0,0,0,0,0,0,0,0,0,0,0,114.429,0,29.8459,-512.143
"MtrElec",4,15,13,"",-367.359,0,0,0,0,0,0,0,0,0,0,0,0,0,0,0,0,0,0,0,0,171.485,0,0,-538.844
"MtrElec",4,15,14,"",-425.863,0,0,0,0,0,0,0,0,0,0,0,0,0,0,0,0,0,0,0,0,108.372,0,0,-534.235
"MtrElec",4,15,15,"",-385.914,0,0,0,0,0,0,0,0,0,0,0,0,0,0,0,0,0,0,0,0,110.925,0,0,-496.839
"MtrElec",4,15,16,"",-304.231,0,0,0,0,0,0,0,0,0,0,0,0,0,0,0,0,0,0,0,0,119.06,0,0,-423.291
"MtrElec",4,15,17,"",-157.289,0,0,0,0,0,0,0,0,0,0,0,0,0,0,0,0,0,0,0,0,158.026,0,0,-315.316
"MtrElec",4,15,18,"",-14.6692,0,0,0,0,0,0,0,0,0,0,0,0,0,0,0,0,0,0,0,0,163.47,0,0,-178.139
"MtrElec",4,15,19,"",-96.9342,0,0,0,0,0,0,0,0,0,0,0,0,0,0,0,0,0,0,0,0,171.194,0,-224.226,-43.9013
"MtrElec",4,15,20,"",-60.0347,0,0,0,0,0,0,0,0,0,0,0,0,0,0,0,0,0,0,0,0,164.192,0,-224.226,0
"MtrElec",4,15,21,"",109.795,0,0,0,0,0,0,0,0,0,0,0,0,0,0,0,0,0,0,0,0,168.318,0,-58.5231,0
"MtrElec",4,15,22,"",142.073,0,0,0,0,0,0,0,0,0,0,0,0,0,0,0,0,0,0,0,0,142.073,0,0,0
"MtrElec",4,15,23,"",162.806,0,0,0,0,0,0,0,0,0,0,0,0,0,0,0,0,0,0,0,0,162.806,0,0,0
"MtrElec",4,15,24,"",148.656,0,0,0,0,0,0,0,0,0,0,0,0,0,0,0,0,0,0,0,0,148.656,0,0,0
"MtrElec",4,16,1,"",93.7612,0,0,0,0,0,0,0,0,0,0,0,0,0,0,0,0,0,0,0,0,93.7612,0,0,0
"MtrElec",4,16,2,"",75.3336,0,0,0,0,0,0,0,0,0,0,0,0,0,0,0,0,0,0,0,0,75.3336,0,0,0
"MtrElec",4,16,3,"",73.6135,0,0,0,0,0,0,0,0,0,0,0,0,0,0,0,0,0,0,0,0,73.6135,0,0,0
"MtrElec",4,16,4,"",80.2832,0,0,0,0,0,0,0,0,0,0,0,0,0,0,0,0,0,0,0,0,80.2832,0,0,0
"MtrElec",4,16,5,"",71.9146,0,0,0,0,0,0,0,0,0,0,0,0,0,0,0,0,0,0,0,0,71.9146,0,0,0
"MtrElec",4,16,6,"",79.2333,0,0,0,0,0,0,0,0,0,0,0,0,0,0,0,0,0,0,0,0,79.2333,0,0,0
"MtrElec",4,16,7,"",83.9606,0,0,0,0,0,0,0,0,0,0,0,0,0,0,0,0,0,0,0,0,94.2013,0,0,-10.2408
"MtrElec",4,16,8,"",24.4655,0,0,0,0,0,0,0,0,0,0,0,0,0,0,0,0,0,0,0,0,103.415,0,0,-78.9496
"MtrElec",4,16,9,"",0,0,0,0,0,0,0,0,0,0,0,0,0,0,0,0,0,0,0,0,0,116.373,0,103.291,-219.664
"MtrElec",4,16,10,"",0,0,0,0,0,0,0,0,0,0,0,0,0,0,0,0,0,0,0,0,0,144.722,0,205.447,-350.169
"MtrElec",4,16,11,"",-56.0028,0,0,0,0,0,0,0,0,0,0,0,0,0,0,0,0,0,0,0,0,169.132,0,224.226,-449.362
"MtrElec",4,16,12,"",-321.014,0,0,0,0,0,0,0,0,0,0,0,0,0,0,0,0,0,0,0,0,160.022,0,28.7821,-509.818
"MtrElec",4,16,13,"",-348.646,0,0,0,0,0,0,0,0,0,0,0,0,0,0,0,0,0,0,0,0,177.408,0,0,-526.054
"MtrElec",4,16,14,"",-376.956,0,0,0,0,0,0,0,0,0,0,0,0,0,0,0,0,0,0,0,0,133.45,0,0,-510.406
"MtrElec",4,16,15,"",-308.438,0,0,0,0,0,0,0,0,0,0,0,0,0,0,0,0,0,0,0,0,170.697,0,0,-479.136
"MtrElec",4,16,16,"",-253.505,0,0,0,0,0,0,0,0,0,0,0,0,0,0,0,0,0,0,0,0,169.386,0,0,-422.89
"MtrElec",4,16,17,"",-121.876,0,0,0,0,0,0,0,0,0,0,0,0,0,0,0,0,0,0,0,0,194.338,0,0,-316.213
"MtrElec",4,16,18,"",35.2269,0,0,0,0,0,0,0,0,0,0,0,0,0,0,0,0,0,0,0,0,214.813,0,0,-179.586
"MtrElec",4,16,19,"",-26.0517,0,0,0,0,0,0,0,0,0,0,0,0,0,0,0,0,0,0,0,0,243.014,0,-224.226,-44.8392
"MtrElec",4,16,20,"",1.25114,0,0,0,0,0,0,0,0,0,0,0,0,0,0,0,0,0,0,0,0,225.478,0,-224.226,0
"MtrElec",4,16,21,"",128.719,0,0,0,0,0,0,0,0,0,0,0,0,0,0,0,0,0,0,0,0,187.242,0,-58.5231,0
"MtrElec",4,16,22,"",162.293,0,0,0,0,0,0,0,0,0,0,0,0,0,0,0,0,0,0,0,0,162.293,0,0,0
"MtrElec",4,16,23,"",167.274,0,0,0,0,0,0,0,0,0,0,0,0,0,0,0,0,0,0,0,0,167.274,0,0,0
"MtrElec",4,16,24,"",142.714,0,0,0,0,0,0,0,0,0,0,0,0,0,0,0,0,0,0,0,0,142.714,0,0,0
"MtrElec",4,17,1,"",105.835,0,0,0,0,0,0,0,0,0,0,0,0,0,0,0,0,0,0,0,0,105.835,0,0,0
"MtrElec",4,17,2,"",79.438,0,0,0,0,0,0,0,0,0,0,0,0,0,0,0,0,0,0,0,0,79.438,0,0,0
"MtrElec",4,17,3,"",74.3454,0,0,0,0,0,0,0,0,0,0,0,0,0,0,0,0,0,0,0,0,74.3454,0,0,0
"MtrElec",4,17,4,"",73.1918,0,0,0,0,0,0,0,0,0,0,0,0,0,0,0,0,0,0,0,0,73.1918,0,0,0
"MtrElec",4,17,5,"",72.1855,0,0,0,0,0,0,0,0,0,0,0,0,0,0,0,0,0,0,0,0,72.1855,0,0,0
"MtrElec",4,17,6,"",78.8378,0,0,0,0,0,0,0,0,0,0,0,0,0,0,0,0,0,0,0,0,78.8378,0,0,0
"MtrElec",4,17,7,"",78.7011,0,0,0,0,0,0,0,0,0,0,0,0,0,0,0,0,0,0,0,0,89.5775,0,0,-10.8764
"MtrElec",4,17,8,"",43.2885,0,0,0,0,0,0,0,0,0,0,0,0,0,0,0,0,0,0,0,0,122.368,0,0,-79.0797
"MtrElec",4,17,9,"",0,0,0,0,0,0,0,0,0,0,0,0,0,0,0,0,0,0,0,0,0,153.595,0,66.7268,-220.322
"MtrElec",4,17,10,"",0,0,0,0,0,0,0,0,0,0,0,0,0,0,0,0,0,0,0,0,0,135.78,0,208.492,-344.272
"MtrElec",4,17,11,"",-71.907,0,0,0,0,0,0,0,0,0,0,0,0,0,0,0,0,0,0,0,0,145.969,0,224.226,-442.102
"MtrElec",4,17,12,"",-322.35,0,0,0,0,0,0,0,0,0,0,0,0,0,0,0,0,0,0,0,0,130.282,0,62.301,-514.933
"MtrElec",4,17,13,"",-376.923,0,0,0,0,0,0,0,0,0,0,0,0,0,0,0,0,0,0,0,0,171.866,0,0,-548.79
"MtrElec",4,17,14,"",-436.154,0,0,0,0,0,0,0,0,0,0,0,0,0,0,0,0,0,0,0,0,106.515,0,0,-542.668
"MtrElec",4,17,15,"",-388.251,0,0,0,0,0,0,0,0,0,0,0,0,0,0,0,0,0,0,0,0,114.779,0,0,-503.03
"MtrElec",4,17,16,"",-286.183,0,0,0,0,0,0,0,0,0,0,0,0,0,0,0,0,0,0,0,0,142.553,0,0,-428.737
"MtrElec",4,17,17,"",-139.874,0,0,0,0,0,0,0,0,0,0,0,0,0,0,0,0,0,0,0,0,178.107,0,0,-317.981
"MtrElec",4,17,18,"",19.6295,0,0,0,0,0,0,0,0,0,0,0,0,0,0,0,0,0,0,0,0,183.76,0,0,-164.131
"MtrElec",4,17,19,"",-80.7904,0,0,0,0,0,0,0,0,0,0,0,0,0,0,0,0,0,0,0,0,181.95,0,-224.226,-38.5139
"MtrElec",4,17,20,"",-38.1826,0,0,0,0,0,0,0,0,0,0,0,0,0,0,0,0,0,0,0,0,186.044,0,-224.226,0
"MtrElec",4,17,21,"",138.621,0,0,0,0,0,0,0,0,0,0,0,0,0,0,0,0,0,0,0,0,197.144,0,-58.5231,0
"MtrElec",4,17,22,"",135.674,0,0,0,0,0,0,0,0,0,0,0,0,0,0,0,0,0,0,0,0,135.674,0,0,0
"MtrElec",4,17,23,"",131.404,0,0,0,0,0,0,0,0,0,0,0,0,0,0,0,0,0,0,0,0,131.404,0,0,0
"MtrElec",4,17,24,"",107.093,0,0,0,0,0,0,0,0,0,0,0,0,0,0,0,0,0,0,0,0,107.093,0,0,0
"MtrElec",4,18,1,"",85.655,0,0,0,0,0,0,0,0,0,0,0,0,0,0,0,0,0,0,0,0,85.655,0,0,0
"MtrElec",4,18,2,"",75.571,0,0,0,0,0,0,0,0,0,0,0,0,0,0,0,0,0,0,0,0,75.571,0,0,0
"MtrElec",4,18,3,"",75.683,0,0,0,0,0,0,0,0,0,0,0,0,0,0,0,0,0,0,0,0,75.683,0,0,0
"MtrElec",4,18,4,"",77.6044,0,0,0,0,0,0,0,0,0,0,0,0,0,0,0,0,0,0,0,0,77.6044,0,0,0
"MtrElec",4,18,5,"",94.1771,0,0,0,0,0,0,0,0,0,0,0,0,0,0,0,0,0,0,0,0,94.1771,0,0,0
"MtrElec",4,18,6,"",76.5271,0,0,0,0,0,0,0,0,0,0,0,0,0,0,0,0,0,0,0,0,76.5271,0,0,0
"MtrElec",4,18,7,"",72.7701,0,0,0,0,0,0,0,0,0,0,0,0,0,0,0,0,0,0,0,0,84.2137,0,0,-11.4436
"MtrElec",4,18,8,"",40.0509,0,0,0,0,0,0,0,0,0,0,0,0,0,0,0,0,0,0,0,0,94.706,0,0,-54.6551
"MtrElec",4,18,9,"",56.4564,0,0,0,0,0,0,0,0,0,0,0,0,0,0,0,0,0,0,0,0,102.472,0,0,-46.0159
"MtrElec",4,18,10,"",29.5951,0,0,0,0,0,0,0,0,0,0,0,0,0,0,0,0,0,0,0,0,120.886,0,0,-91.2909
"MtrElec",4,18,11,"",0.0000002,0,0,0,0,0,0,0,0,0,0,0,0,0,0,0,0,0,0,0,0,194.555,0,3.54881,-198.104
"MtrElec",4,18,12,"",80.0784,0,0,0,0,0,0,0,0,0,0,0,0,0,0,0,0,0,0,0,0,204.045,0,0,-123.966
"MtrElec",4,18,13,"",86.8637,0,0,0,0,0,0,0,0,0,0,0,0,0,0,0,0,0,0,0,0,183.716,0,0,-96.8528
"MtrElec",4,18,14,"",17.5864,0,0,0,0,0,0,0,0,0,0,0,0,0,0,0,0,0,0,0,0,132.853,0,0,-115.267
"MtrElec",4,18,15,"",53.0827,0,0,0,0,0,0,0,0,0,0,0,0,0,0,0,0,0,0,0,0,141.341,0,0,-88.258
"MtrElec",4,18,16,"",29.8591,0,0,0,0,0,0,0,0,0,0,0,0,0,0,0,0,0,0,0,0,123.078,0,0,-93.2188
"MtrElec",4,18,17,"",87.0093,0,0,0,0,0,0,0,0,0,0,0,0,0,0,0,0,0,0,0,0,140.51,0,0,-53.5002
"MtrElec",4,18,18,"",124.341,0,0,0,0,0,0,0,0,0,0,0,0,0,0,0,0,0,0,0,0,147.975,0,0,-23.6335
"MtrElec",4,18,19,"",222.59,0,0,0,0,0,0,0,0,0,0,0,0,0,0,0,0,0,0,0,0,232.97,0,-3.2028,-7.17799
"MtrElec",4,18,20,"",216.171,0,0,0,0,0,0,0,0,0,0,0,0,0,0,0,0,0,0,0,0,216.748,0,0,-0.577772
"MtrElec",4,18,21,"",199.619,0,0,0,0,0,0,0,0,0,0,0,0,0,0,0,0,0,0,0,0,199.619,0,0,0
"MtrElec",4,18,22,"",204.987,0,0,0,0,0,0,0,0,0,0,0,0,0,0,0,0,0,0,0,0,204.987,0,0,0
"MtrElec",4,18,23,"",113.169,0,0,0,0,0,0,0,0,0,0,0,0,0,0,0,0,0,0,0,0,113.169,0,0,0
"MtrElec",4,18,24,"",120.942,0,0,0,0,0,0,0,0,0,0,0,0,0,0,0,0,0,0,0,0,120.942,0,0,0
"MtrElec",4,19,1,"",90.4661,0,0,0,0,0,0,0,0,0,0,0,0,0,0,0,0,0,0,0,0,90.4661,0,0,0
"MtrElec",4,19,2,"",74.7248,0,0,0,0,0,0,0,0,0,0,0,0,0,0,0,0,0,0,0,0,74.7248,0,0,0
"MtrElec",4,19,3,"",76.2204,0,0,0,0,0,0,0,0,0,0,0,0,0,0,0,0,0,0,0,0,76.2204,0,0,0
"MtrElec",4,19,4,"",75.0698,0,0,0,0,0,0,0,0,0,0,0,0,0,0,0,0,0,0,0,0,75.0698,0,0,0
"MtrElec",4,19,5,"",70.8981,0,0,0,0,0,0,0,0,0,0,0,0,0,0,0,0,0,0,0,0,70.8981,0,0,0
"MtrElec",4,19,6,"",75.5837,0,0,0,0,0,0,0,0,0,0,0,0,0,0,0,0,0,0,0,0,75.5837,0,0,0
"MtrElec",4,19,7,"",82.3909,0,0,0,0,0,0,0,0,0,0,0,0,0,0,0,0,0,0,0,0,83.6251,0,0,-1.23422
"MtrElec",4,19,8,"",35.8163,0,0,0,0,0,0,0,0,0,0,0,0,0,0,0,0,0,0,0,0,99.0077,0,0,-63.1913
"MtrElec",4,19,9,"",0,0,0,0,0,0,0,0,0,0,0,0,0,0,0,0,0,0,0,0,0,110.225,0,30.7085,-140.934
"MtrElec",4,19,10,"",0,0,0,0,0,0,0,0,0,0,0,0,0,0,0,0,0,0,0,0,0,117.161,0,207.924,-325.085
"MtrElec",4,19,11,"",0.0000156,0,0,0,0,0,0,0,0,0,0,0,0,0,0,0,0,0,0,0,0,189.427,0,175.501,-364.928
"MtrElec",4,19,12,"",-82.7162,0,0,0,0,0,0,0,0,0,0,0,0,0,0,0,0,0,0,0,0,148.125,0,147.612,-378.454
"MtrElec",4,19,13,"",-231.542,0,0,0,0,0,0,0,0,0,0,0,0,0,0,0,0,0,0,0,0,138.105,0,0,-369.647
"MtrElec",4,19,14,"",-183.919,0,0,0,0,0,0,0,0,0,0,0,0,0,0,0,0,0,0,0,0,124.35,0,0,-308.269
"MtrElec",4,19,15,"",-183.77,0,0,0,0,0,0,0,0,0,0,0,0,0,0,0,0,0,0,0,0,160.741,0,0,-344.511
"MtrElec",4,19,16,"",-262.689,0,0,0,0,0,0,0,0,0,0,0,0,0,0,0,0,0,0,0,0,134.86,0,0,-397.548
"MtrElec",4,19,17,"",-145.394,0,0,0,0,0,0,0,0,0,0,0,0,0,0,0,0,0,0,0,0,131.884,0,0,-277.277
"MtrElec",4,19,18,"",83.6388,0,0,0,0,0,0,0,0,0,0,0,0,0,0,0,0,0,0,0,0,145.207,0,0,-61.5679
"MtrElec",4,19,19,"",-86.0027,0,0,0,0,0,0,0,0,0,0,0,0,0,0,0,0,0,0,0,0,178.417,0,-224.226,-40.193
"MtrElec",4,19,20,"",-41.452,0,0,0,0,0,0,0,0,0,0,0,0,0,0,0,0,0,0,0,0,183.29,0,-224.226,-0.515743
"MtrElec",4,19,21,"",98.462,0,0,0,0,0,0,0,0,0,0,0,0,0,0,0,0,0,0,0,0,156.985,0,-58.5231,0
"MtrElec",4,19,22,"",162.896,0,0,0,0,0,0,0,0,0,0,0,0,0,0,0,0,0,0,0,0,162.896,0,0,0
"MtrElec",4,19,23,"",124.653,0,0,0,0,0,0,0,0,0,0,0,0,0,0,0,0,0,0,0,0,124.653,0,0,0
"MtrElec",4,19,24,"",132.069,0,0,0,0,0,0,0,0,0,0,0,0,0,0,0,0,0,0,0,0,132.069,0,0,0
"MtrElec",4,20,1,"",97.3378,0,0,0,0,0,0,0,0,0,0,0,0,0,0,0,0,0,0,0,0,97.3378,0,0,0
"MtrElec",4,20,2,"",74.1366,0,0,0,0,0,0,0,0,0,0,0,0,0,0,0,0,0,0,0,0,74.1366,0,0,0
"MtrElec",4,20,3,"",71.7508,0,0,0,0,0,0,0,0,0,0,0,0,0,0,0,0,0,0,0,0,71.7508,0,0,0
"MtrElec",4,20,4,"",71.9562,0,0,0,0,0,0,0,0,0,0,0,0,0,0,0,0,0,0,0,0,71.9562,0,0,0
"MtrElec",4,20,5,"",70.9759,0,0,0,0,0,0,0,0,0,0,0,0,0,0,0,0,0,0,0,0,70.9759,0,0,0
"MtrElec",4,20,6,"",78.8952,0,0,0,0,0,0,0,0,0,0,0,0,0,0,0,0,0,0,0,0,78.8952,0,0,0
"MtrElec",4,20,7,"",93.5306,0,0,0,0,0,0,0,0,0,0,0,0,0,0,0,0,0,0,0,0,98.8944,0,0,-5.36376
"MtrElec",4,20,8,"",43.2207,0,0,0,0,0,0,0,0,0,0,0,0,0,0,0,0,0,0,0,0,104.149,0,0,-60.9284
"MtrElec",4,20,9,"",24.0627,0,0,0,0,0,0,0,0,0,0,0,0,0,0,0,0,0,0,0,0,126.782,0,0,-102.719
"MtrElec",4,20,10,"",0,0,0,0,0,0,0,0,0,0,0,0,0,0,0,0,0,0,0,0,0,117.799,0,94.753,-212.552
"MtrElec",4,20,11,"",0,0,0,0,0,0,0,0,0,0,0,0,0,0,0,0,0,0,0,0,0,128.036,0,44.4506,-172.487
"MtrElec",4,20,12,"",19.7586,0,0,0,0,0,0,0,0,0,0,0,0,0,0,0,0,0,0,0,0,130.05,0,0,-110.291
"MtrElec",4,20,13,"",0,0,0,0,0,0,0,0,0,0,0,0,0,0,0,0,0,0,0,0,0,145.731,0,75.2055,-220.937
"MtrElec",4,20,14,"",-0.0000078,0,0,0,0,0,0,0,0,0,0,0,0,0,0,0,0,0,0,0,0,91.7187,0,222.475,-314.194
"MtrElec",4,20,15,"",0,0,0,0,0,0,0,0,0,0,0,0,0,0,0,0,0,0,0,0,0,118.236,0,81.5985,-199.835
"MtrElec",4,20,16,"",0,0,0,0,0,0,0,0,0,0,0,0,0,0,0,0,0,0,0,0,0,118.573,0,40.783,-159.356
"MtrElec",4,20,17,"",-39.1902,0,0,0,0,0,0,0,0,0,0,0,0,0,0,0,0,0,0,0,0,133.998,0,2.4807,-175.669
"MtrElec",4,20,18,"",-30.6931,0,0,0,0,0,0,0,0,0,0,0,0,0,0,0,0,0,0,0,0,133.224,0,0,-163.917
"MtrElec",4,20,19,"",-113.591,0,0,0,0,0,0,0,0,0,0,0,0,0,0,0,0,0,0,0,0,147.766,0,-224.226,-37.1307
"MtrElec",4,20,20,"",-65.2136,0,0,0,0,0,0,0,0,0,0,0,0,0,0,0,0,0,0,0,0,159.013,0,-224.226,0
"MtrElec",4,20,21,"",130.176,0,0,0,0,0,0,0,0,0,0,0,0,0,0,0,0,0,0,0,0,188.699,0,-58.5231,0
"MtrElec",4,20,22,"",125.842,0,0,0,0,0,0,0,0,0,0,0,0,0,0,0,0,0,0,0,0,125.842,0,0,0
"MtrElec",4,20,23,"",146.857,0,0,0,0,0,0,0,0,0,0,0,0,0,0,0,0,0,0,0,0,146.857,0,0,0
"MtrElec",4,20,24,"",126.497,0,0,0,0,0,0,0,0,0,0,0,0,0,0,0,0,0,0,0,0,126.497,0,0,0
"MtrElec",4,21,1,"",89.5697,0,0,0,0,0,0,0,0,0,0,0,0,0,0,0,0,0,0,0,0,89.5697,0,0,0
"MtrElec",4,21,2,"",73.9721,0,0,0,0,0,0,0,0,0,0,0,0,0,0,0,0,0,0,0,0,73.9721,0,0,0
"MtrElec",4,21,3,"",71.5898,0,0,0,0,0,0,0,0,0,0,0,0,0,0,0,0,0,0,0,0,71.5898,0,0,0
"MtrElec",4,21,4,"",71.7986,0,0,0,0,0,0,0,0,0,0,0,0,0,0,0,0,0,0,0,0,71.7986,0,0,0
"MtrElec",4,21,5,"",70.7964,0,0,0,0,0,0,0,0,0,0,0,0,0,0,0,0,0,0,0,0,70.7964,0,0,0
"MtrElec",4,21,6,"",77.187,0,0,0,0,0,0,0,0,0,0,0,0,0,0,0,0,0,0,0,0,77.187,0,0,0
"MtrElec",4,21,7,"",83.8455,0,0,0,0,0,0,0,0,0,0,0,0,0,0,0,0,0,0,0,0,86.9014,0,0,-3.05592
"MtrElec",4,21,8,"",57.7659,0,0,0,0,0,0,0,0,0,0,0,0,0,0,0,0,0,0,0,0,109.35,0,0,-51.5836
"MtrElec",4,21,9,"",85.2373,0,0,0,0,0,0,0,0,0,0,0,0,0,0,0,0,0,0,0,0,121.708,0,0,-36.4703
"MtrElec",4,21,10,"",58.4567,0,0,0,0,0,0,0,0,0,0,0,0,0,0,0,0,0,0,0,0,133.675,0,0,-75.2183
"MtrElec",4,21,11,"",18.5479,0,0,0,0,0,0,0,0,0,0,0,0,0,0,0,0,0,0,0,0,130.771,0,0,-112.223
"MtrElec",4,21,12,"",42.1054,0,0,0,0,0,0,0,0,0,0,0,0,0,0,0,0,0,0,0,0,130.017,0,0,-87.9118
"MtrElec",4,21,13,"",14.6452,0,0,0,0,0,0,0,0,0,0,0,0,0,0,0,0,0,0,0,0,186.13,0,0,-171.485
"MtrElec",4,21,14,"",0.0000078,0,0,0,0,0,0,0,0,0,0,0,0,0,0,0,0,0,0,0,0,94.647,0,203.095,-297.742
"MtrElec",4,21,15,"",-4.73616,0,0,0,0,0,0,0,0,0,0,0,0,0,0,0,0,0,0,0,0,97.9656,0,224.226,-326.928
"MtrElec",4,21,16,"",-174.024,0,0,0,0,0,0,0,0,0,0,0,0,0,0,0,0,0,0,0,0,95.3188,0,134.425,-403.767
"MtrElec",4,21,17,"",-219.137,0,0,0,0,0,0,0,0,0,0,0,0,0,0,0,0,0,0,0,0,108.502,0,0,-327.638
"MtrElec",4,21,18,"",-52.4573,0,0,0,0,0,0,0,0,0,0,0,0,0,0,0,0,0,0,0,0,134.39,0,0,-186.847
"MtrElec",4,21,19,"",-91.8286,0,0,0,0,0,0,0,0,0,0,0,0,0,0,0,0,0,0,0,0,179.824,0,-224.226,-47.4263
"MtrElec",4,21,20,"",-50.6419,0,0,0,0,0,0,0,0,0,0,0,0,0,0,0,0,0,0,0,0,174.01,0,-224.226,-0.425699
"MtrElec",4,21,21,"",117.17,0,0,0,0,0,0,0,0,0,0,0,0,0,0,0,0,0,0,0,0,175.693,0,-58.5231,0
"MtrElec",4,21,22,"",159.951,0,0,0,0,0,0,0,0,0,0,0,0,0,0,0,0,0,0,0,0,159.951,0,0,0
"MtrElec",4,21,23,"",141.931,0,0,0,0,0,0,0,0,0,0,0,0,0,0,0,0,0,0,0,0,141.931,0,0,0
"MtrElec",4,21,24,"",111.706,0,0,0,0,0,0,0,0,0,0,0,0,0,0,0,0,0,0,0,0,111.706,0,0,0
"MtrElec",4,22,1,"",93.0828,0,0,0,0,0,0,0,0,0,0,0,0,0,0,0,0,0,0,0,0,93.0828,0,0,0
"MtrElec",4,22,2,"",77.1806,0,0,0,0,0,0,0,0,0,0,0,0,0,0,0,0,0,0,0,0,77.1806,0,0,0
"MtrElec",4,22,3,"",76.5609,0,0,0,0,0,0,0,0,0,0,0,0,0,0,0,0,0,0,0,0,76.5609,0,0,0
"MtrElec",4,22,4,"",82.7556,0,0,0,0,0,0,0,0,0,0,0,0,0,0,0,0,0,0,0,0,82.7556,0,0,0
"MtrElec",4,22,5,"",74.7214,0,0,0,0,0,0,0,0,0,0,0,0,0,0,0,0,0,0,0,0,74.7214,0,0,0
"MtrElec",4,22,6,"",77.6088,0,0,0,0,0,0,0,0,0,0,0,0,0,0,0,0,0,0,0,0,77.6088,0,0,0
"MtrElec",4,22,7,"",86.2543,0,0,0,0,0,0,0,0,0,0,0,0,0,0,0,0,0,0,0,0,93.5377,0,0,-7.28339
"MtrElec",4,22,8,"",40.1544,0,0,0,0,0,0,0,0,0,0,0,0,0,0,0,0,0,0,0,0,115.541,0,0,-75.3865
"MtrElec",4,22,9,"",0,0,0,0,0,0,0,0,0,0,0,0,0,0,0,0,0,0,0,0,0,127.32,0,46.9119,-174.232
"MtrElec",4,22,10,"",-0.0000078,0,0,0,0,0,0,0,0,0,0,0,0,0,0,0,0,0,0,0,0,124.562,0,176.864,-301.426
"MtrElec",4,22,11,"",-38.5261,0,0,0,0,0,0,0,0,0,0,0,0,0,0,0,0,0,0,0,0,118.482,0,224.226,-381.235
"MtrElec",4,22,12,"",-314.936,0,0,0,0,0,0,0,0,0,0,0,0,0,0,0,0,0,0,0,0,103.907,0,113.744,-532.587
"MtrElec",4,22,13,"",-446.693,0,0,0,0,0,0,0,0,0,0,0,0,0,0,0,0,0,0,0,0,120.625,0,0,-567.318
"MtrElec",4,22,14,"",-458.249,0,0,0,0,0,0,0,0,0,0,0,0,0,0,0,0,0,0,0,0,104.025,0,0,-562.274
"MtrElec",4,22,15,"",-415.737,0,0,0,0,0,0,0,0,0,0,0,0,0,0,0,0,0,0,0,0,98.9606,0,0,-514.698
"MtrElec",4,22,16,"",-329.849,0,0,0,0,0,0,0,0,0,0,0,0,0,0,0,0,0,0,0,0,104.075,0,0,-433.923
"MtrElec",4,22,17,"",-186.945,0,0,0,0,0,0,0,0,0,0,0,0,0,0,0,0,0,0,0,0,116.933,0,0,-303.878
"MtrElec",4,22,18,"",-12.033,0,0,0,0,0,0,0,0,0,0,0,0,0,0,0,0,0,0,0,0,134.714,0,0,-146.747
"MtrElec",4,22,19,"",-104.822,0,0,0,0,0,0,0,0,0,0,0,0,0,0,0,0,0,0,0,0,165.48,0,-224.226,-46.0762
"MtrElec",4,22,20,"",-60.682,0,0,0,0,0,0,0,0,0,0,0,0,0,0,0,0,0,0,0,0,164.075,0,-224.226,-0.530617
"MtrElec",4,22,21,"",121.495,0,0,0,0,0,0,0,0,0,0,0,0,0,0,0,0,0,0,0,0,180.018,0,-58.5231,0
"MtrElec",4,22,22,"",139.386,0,0,0,0,0,0,0,0,0,0,0,0,0,0,0,0,0,0,0,0,139.386,0,0,0
"MtrElec",4,22,23,"",136.574,0,0,0,0,0,0,0,0,0,0,0,0,0,0,0,0,0,0,0,0,136.574,0,0,0
"MtrElec",4,22,24,"",106.638,0,0,0,0,0,0,0,0,0,0,0,0,0,0,0,0,0,0,0,0,106.638,0,0,0
"MtrElec",4,23,1,"",78.2585,0,0,0,0,0,0,0,0,0,0,0,0,0,0,0,0,0,0,0,0,78.2585,0,0,0
"MtrElec",4,23,2,"",73.7817,0,0,0,0,0,0,0,0,0,0,0,0,0,0,0,0,0,0,0,0,73.7817,0,0,0
"MtrElec",4,23,3,"",72.2763,0,0,0,0,0,0,0,0,0,0,0,0,0,0,0,0,0,0,0,0,72.2763,0,0,0
"MtrElec",4,23,4,"",79.0586,0,0,0,0,0,0,0,0,0,0,0,0,0,0,0,0,0,0,0,0,79.0586,0,0,0
"MtrElec",4,23,5,"",70.5849,0,0,0,0,0,0,0,0,0,0,0,0,0,0,0,0,0,0,0,0,70.5849,0,0,0
"MtrElec",4,23,6,"",77.6811,0,0,0,0,0,0,0,0,0,0,0,0,0,0,0,0,0,0,0,0,77.6811,0,0,0
"MtrElec",4,23,7,"",89.8946,0,0,0,0,0,0,0,0,0,0,0,0,0,0,0,0,0,0,0,0,92.9545,0,0,-3.05992
"MtrElec",4,23,8,"",80.4823,0,0,0,0,0,0,0,0,0,0,0,0,0,0,0,0,0,0,0,0,106.879,0,0,-26.3972
"MtrElec",4,23,9,"",1.59381,0,0,0,0,0,0,0,0,0,0,0,0,0,0,0,0,0,0,0,0,134.232,0,0,-132.638
"MtrElec",4,23,10,"",0.0000039,0,0,0,0,0,0,0,0,0,0,0,0,0,0,0,0,0,0,0,0,156.838,0,35.7667,-192.605
"MtrElec",4,23,11,"",0,0,0,0,0,0,0,0,0,0,0,0,0,0,0,0,0,0,0,0,0,159.4,0,26.7065,-186.106
"MtrElec",4,23,12,"",0,0,0,0,0,0,0,0,0,0,0,0,0,0,0,0,0,0,0,0,0,124.504,0,43.3405,-167.845
"MtrElec",4,23,13,"",0,0,0,0,0,0,0,0,0,0,0,0,0,0,0,0,0,0,0,0,0,139.519,0,11.52,-151.039
"MtrElec",4,23,14,"",0.0000078,0,0,0,0,0,0,0,0,0,0,0,0,0,0,0,0,0,0,0,0,101.928,0,100.802,-202.73
"MtrElec",4,23,15,"",0.0000156,0,0,0,0,0,0,0,0,0,0,0,0,0,0,0,0,0,0,0,0,98.8487,0,155.092,-253.94
"MtrElec",4,23,16,"",0.0000005,0,0,0,0,0,0,0,0,0,0,0,0,0,0,0,0,0,0,0,0,99.0029,0,8.16985,-107.173
"MtrElec",4,23,17,"",39.052,0,0,0,0,0,0,0,0,0,0,0,0,0,0,0,0,0,0,0,0,135.859,0,0,-96.8074
"MtrElec",4,23,18,"",82.2477,0,0,0,0,0,0,0,0,0,0,0,0,0,0,0,0,0,0,0,0,136.7,0,0,-54.4525
"MtrElec",4,23,19,"",-74.0245,0,0,0,0,0,0,0,0,0,0,0,0,0,0,0,0,0,0,0,0,166.476,0,-224.226,-16.2736
"MtrElec",4,23,20,"",34.5551,0,0,0,0,0,0,0,0,0,0,0,0,0,0,0,0,0,0,0,0,155.581,0,-119.985,-1.04078
"MtrElec",4,23,21,"",191.077,0,0,0,0,0,0,0,0,0,0,0,0,0,0,0,0,0,0,0,0,191.077,0,0,0
"MtrElec",4,23,22,"",125.529,0,0,0,0,0,0,0,0,0,0,0,0,0,0,0,0,0,0,0,0,125.529,0,0,0
"MtrElec",4,23,23,"",143.992,0,0,0,0,0,0,0,0,0,0,0,0,0,0,0,0,0,0,0,0,143.992,0,0,0
"MtrElec",4,23,24,"",107.927,0,0,0,0,0,0,0,0,0,0,0,0,0,0,0,0,0,0,0,0,107.927,0,0,0
"MtrElec",4,24,1,"",92.9361,0,0,0,0,0,0,0,0,0,0,0,0,0,0,0,0,0,0,0,0,92.9361,0,0,0
"MtrElec",4,24,2,"",73.5756,0,0,0,0,0,0,0,0,0,0,0,0,0,0,0,0,0,0,0,0,73.5756,0,0,0
"MtrElec",4,24,3,"",71.1776,0,0,0,0,0,0,0,0,0,0,0,0,0,0,0,0,0,0,0,0,71.1776,0,0,0
"MtrElec",4,24,4,"",71.3925,0,0,0,0,0,0,0,0,0,0,0,0,0,0,0,0,0,0,0,0,71.3925,0,0,0
"MtrElec",4,24,5,"",70.3491,0,0,0,0,0,0,0,0,0,0,0,0,0,0,0,0,0,0,0,0,70.3491,0,0,0
"MtrElec",4,24,6,"",78.1496,0,0,0,0,0,0,0,0,0,0,0,0,0,0,0,0,0,0,0,0,78.1496,0,0,0
"MtrElec",4,24,7,"",96.5102,0,0,0,0,0,0,0,0,0,0,0,0,0,0,0,0,0,0,0,0,100.385,0,0,-3.87464
"MtrElec",4,24,8,"",71.6973,0,0,0,0,0,0,0,0,0,0,0,0,0,0,0,0,0,0,0,0,122.157,0,0,-50.4594
"MtrElec",4,24,9,"",94.4419,0,0,0,0,0,0,0,0,0,0,0,0,0,0,0,0,0,0,0,0,128.658,0,0,-34.2166
"MtrElec",4,24,10,"",73.0026,0,0,0,0,0,0,0,0,0,0,0,0,0,0,0,0,0,0,0,0,130.014,0,0,-57.0111
"MtrElec",4,24,11,"",54.2795,0,0,0,0,0,0,0,0,0,0,0,0,0,0,0,0,0,0,0,0,138.054,0,0,-83.7743
"MtrElec",4,24,12,"",0.0000039,0,0,0,0,0,0,0,0,0,0,0,0,0,0,0,0,0,0,0,0,112.047,0,65.1712,-177.218
"MtrElec",4,24,13,"",0,0,0,0,0,0,0,0,0,0,0,0,0,0,0,0,0,0,0,0,0,140.595,0,132.271,-272.866
"MtrElec",4,24,14,"",-48.5445,0,0,0,0,0,0,0,0,0,0,0,0,0,0,0,0,0,0,0,0,95.5338,0,224.226,-368.305
"MtrElec",4,24,15,"",-123.696,0,0,0,0,0,0,0,0,0,0,0,0,0,0,0,0,0,0,0,0,110.4,0,140.078,-374.174
"MtrElec",4,24,16,"",-66.4401,0,0,0,0,0,0,0,0,0,0,0,0,0,0,0,0,0,0,0,0,104.568,0,0,-171.008
"MtrElec",4,24,17,"",13.3026,0,0,0,0,0,0,0,0,0,0,0,0,0,0,0,0,0,0,0,0,119.244,0,0,-105.942
"MtrElec",4,24,18,"",133.396,0,0,0,0,0,0,0,0,0,0,0,0,0,0,0,0,0,0,0,0,153.469,0,0,-20.0729
"MtrElec",4,24,19,"",-51.3283,0,0,0,0,0,0,0,0,0,0,0,0,0,0,0,0,0,0,0,0,179.042,0,-224.226,-6.144
"MtrElec",4,24,20,"",-70.2818,0,0,0,0,0,0,0,0,0,0,0,0,0,0,0,0,0,0,0,0,155.024,0,-224.226,-1.07903
"MtrElec",4,24,21,"",122.038,0,0,0,0,0,0,0,0,0,0,0,0,0,0,0,0,0,0,0,0,180.561,0,-58.5231,0
"MtrElec",4,24,22,"",152.484,0,0,0,0,0,0,0,0,0,0,0,0,0,0,0,0,0,0,0,0,152.484,0,0,0
"MtrElec",4,24,23,"",117.497,0,0,0,0,0,0,0,0,0,0,0,0,0,0,0,0,0,0,0,0,117.497,0,0,0
"MtrElec",4,24,24,"",107.168,0,0,0,0,0,0,0,0,0,0,0,0,0,0,0,0,0,0,0,0,107.168,0,0,0
"MtrElec",4,25,1,"",106.2,0,0,0,0,0,0,0,0,0,0,0,0,0,0,0,0,0,0,0,0,106.2,0,0,0
"MtrElec",4,25,2,"",82.0394,0,0,0,0,0,0,0,0,0,0,0,0,0,0,0,0,0,0,0,0,82.0394,0,0,0
"MtrElec",4,25,3,"",77.8237,0,0,0,0,0,0,0,0,0,0,0,0,0,0,0,0,0,0,0,0,77.8237,0,0,0
"MtrElec",4,25,4,"",78.9453,0,0,0,0,0,0,0,0,0,0,0,0,0,0,0,0,0,0,0,0,78.9453,0,0,0
"MtrElec",4,25,5,"",84.4583,0,0,0,0,0,0,0,0,0,0,0,0,0,0,0,0,0,0,0,0,84.4583,0,0,0
"MtrElec",4,25,6,"",81.1792,0,0,0,0,0,0,0,0,0,0,0,0,0,0,0,0,0,0,0,0,81.1792,0,0,0
"MtrElec",4,25,7,"",75.7372,0,0,0,0,0,0,0,0,0,0,0,0,0,0,0,0,0,0,0,0,87.4566,0,0,-11.7193
"MtrElec",4,25,8,"",22.9407,0,0,0,0,0,0,0,0,0,0,0,0,0,0,0,0,0,0,0,0,113.085,0,0,-90.1441
"MtrElec",4,25,9,"",0,0,0,0,0,0,0,0,0,0,0,0,0,0,0,0,0,0,0,0,0,123.623,0,66.5534,-190.177
"MtrElec",4,25,10,"",0,0,0,0,0,0,0,0,0,0,0,0,0,0,0,0,0,0,0,0,0,136.956,0,158.364,-295.32
"MtrElec",4,25,11,"",-69.5215,0,0,0,0,0,0,0,0,0,0,0,0,0,0,0,0,0,0,0,0,159.247,0,224.226,-452.995
"MtrElec",4,25,12,"",-260.444,0,0,0,0,0,0,0,0,0,0,0,0,0,0,0,0,0,0,0,0,162.044,0,112.603,-535.091
"MtrElec",4,25,13,"",-424.871,0,0,0,0,0,0,0,0,0,0,0,0,0,0,0,0,0,0,0,0,139.253,0,0,-564.123
"MtrElec",4,25,14,"",-429.691,0,0,0,0,0,0,0,0,0,0,0,0,0,0,0,0,0,0,0,0,128.209,0,0,-557.901
"MtrElec",4,25,15,"",-395.945,0,0,0,0,0,0,0,0,0,0,0,0,0,0,0,0,0,0,0,0,120.102,0,0,-516.047
"MtrElec",4,25,16,"",-326.16,0,0,0,0,0,0,0,0,0,0,0,0,0,0,0,0,0,0,0,0,110.296,0,0,-436.456
"MtrElec",4,25,17,"",-203.376,0,0,0,0,0,0,0,0,0,0,0,0,0,0,0,0,0,0,0,0,119.66,0,0,-323.036
"MtrElec",4,25,18,"",-49.5509,0,0,0,0,0,0,0,0,0,0,0,0,0,0,0,0,0,0,0,0,132.711,0,0,-182.262
"MtrElec",4,25,19,"",-68.3953,0,0,0,0,0,0,0,0,0,0,0,0,0,0,0,0,0,0,0,0,203.969,0,-224.226,-48.1377
"MtrElec",4,25,20,"",-62.5329,0,0,0,0,0,0,0,0,0,0,0,0,0,0,0,0,0,0,0,0,162.96,0,-224.226,-1.26685
"MtrElec",4,25,21,"",119.892,0,0,0,0,0,0,0,0,0,0,0,0,0,0,0,0,0,0,0,0,178.415,0,-58.5231,0
"MtrElec",4,25,22,"",191.723,0,0,0,0,0,0,0,0,0,0,0,0,0,0,0,0,0,0,0,0,191.723,0,0,0
"MtrElec",4,25,23,"",119.627,0,0,0,0,0,0,0,0,0,0,0,0,0,0,0,0,0,0,0,0,119.627,0,0,0
"MtrElec",4,25,24,"",117.846,0,0,0,0,0,0,0,0,0,0,0,0,0,0,0,0,0,0,0,0,117.846,0,0,0
"MtrElec",4,26,1,"",82.8102,0,0,0,0,0,0,0,0,0,0,0,0,0,0,0,0,0,0,0,0,82.8102,0,0,0
"MtrElec",4,26,2,"",74.5546,0,0,0,0,0,0,0,0,0,0,0,0,0,0,0,0,0,0,0,0,74.5546,0,0,0
"MtrElec",4,26,3,"",76.0276,0,0,0,0,0,0,0,0,0,0,0,0,0,0,0,0,0,0,0,0,76.0276,0,0,0
"MtrElec",4,26,4,"",76.6295,0,0,0,0,0,0,0,0,0,0,0,0,0,0,0,0,0,0,0,0,76.6295,0,0,0
"MtrElec",4,26,5,"",85.5686,0,0,0,0,0,0,0,0,0,0,0,0,0,0,0,0,0,0,0,0,85.5686,0,0,0
"MtrElec",4,26,6,"",75.3356,0,0,0,0,0,0,0,0,0,0,0,0,0,0,0,0,0,0,0,0,75.3356,0,0,0
"MtrElec",4,26,7,"",68.5468,0,0,0,0,0,0,0,0,0,0,0,0,0,0,0,0,0,0,0,0,83.8322,0,0,-15.2854
"MtrElec",4,26,8,"",9.17085,0,0,0,0,0,0,0,0,0,0,0,0,0,0,0,0,0,0,0,0,104.65,0,0,-95.4791
"MtrElec",4,26,9,"",0,0,0,0,0,0,0,0,0,0,0,0,0,0,0,0,0,0,0,0,0,125.769,0,101.938,-227.707
"MtrElec",4,26,10,"",-1.75941,0,0,0,0,0,0,0,0,0,0,0,0,0,0,0,0,0,0,0,0,131.098,0,224.226,-357.084
"MtrElec",4,26,11,"",-68.9566,0,0,0,0,0,0,0,0,0,0,0,0,0,0,0,0,0,0,0,0,186.009,0,224.226,-479.192
"MtrElec",4,26,12,"",-343.593,0,0,0,0,0,0,0,0,0,0,0,0,0,0,0,0,0,0,0,0,188.332,0,11.3555,-543.281
"MtrElec",4,26,13,"",-428.587,0,0,0,0,0,0,0,0,0,0,0,0,0,0,0,0,0,0,0,0,140.8,0,0,-569.387
"MtrElec",4,26,14,"",-445.58,0,0,0,0,0,0,0,0,0,0,0,0,0,0,0,0,0,0,0,0,118.391,0,0,-563.971
"MtrElec",4,26,15,"",-363.125,0,0,0,0,0,0,0,0,0,0,0,0,0,0,0,0,0,0,0,0,159.301,0,0,-522.426
"MtrElec",4,26,16,"",-311.378,0,0,0,0,0,0,0,0,0,0,0,0,0,0,0,0,0,0,0,0,129.94,0,0,-441.318
"MtrElec",4,26,17,"",-206.489,0,0,0,0,0,0,0,0,0,0,0,0,0,0,0,0,0,0,0,0,122.621,0,0,-329.111
"MtrElec",4,26,18,"",-53.5128,0,0,0,0,0,0,0,0,0,0,0,0,0,0,0,0,0,0,0,0,136.203,0,0,-189.716
"MtrElec",4,26,19,"",-99.2474,0,0,0,0,0,0,0,0,0,0,0,0,0,0,0,0,0,0,0,0,173.657,0,-224.226,-48.678
"MtrElec",4,26,20,"",-51.7379,0,0,0,0,0,0,0,0,0,0,0,0,0,0,0,0,0,0,0,0,174.225,0,-224.226,-1.73596
"MtrElec",4,26,21,"",124.081,0,0,0,0,0,0,0,0,0,0,0,0,0,0,0,0,0,0,0,0,182.604,0,-58.5231,0
"MtrElec",4,26,22,"",212.24,0,0,0,0,0,0,0,0,0,0,0,0,0,0,0,0,0,0,0,0,212.24,0,0,0
"MtrElec",4,26,23,"",121.203,0,0,0,0,0,0,0,0,0,0,0,0,0,0,0,0,0,0,0,0,121.203,0,0,0
"MtrElec",4,26,24,"",120.427,0,0,0,0,0,0,0,0,0,0,0,0,0,0,0,0,0,0,0,0,120.427,0,0,0
"MtrElec",4,27,1,"",86.3336,0,0,0,0,0,0,0,0,0,0,0,0,0,0,0,0,0,0,0,0,86.3336,0,0,0
"MtrElec",4,27,2,"",75.988,0,0,0,0,0,0,0,0,0,0,0,0,0,0,0,0,0,0,0,0,75.988,0,0,0
"MtrElec",4,27,3,"",76.4074,0,0,0,0,0,0,0,0,0,0,0,0,0,0,0,0,0,0,0,0,76.4074,0,0,0
"MtrElec",4,27,4,"",83.2777,0,0,0,0,0,0,0,0,0,0,0,0,0,0,0,0,0,0,0,0,83.2777,0,0,0
"MtrElec",4,27,5,"",75.2779,0,0,0,0,0,0,0,0,0,0,0,0,0,0,0,0,0,0,0,0,75.2779,0,0,0
"MtrElec",4,27,6,"",78.2509,0,0,0,0,0,0,0,0,0,0,0,0,0,0,0,0,0,0,0,0,78.2509,0,0,0
"MtrElec",4,27,7,"",78.716,0,0,0,0,0,0,0,0,0,0,0,0,0,0,0,0,0,0,0,0,92.9887,0,0,-14.2726
"MtrElec",4,27,8,"",9.71566,0,0,0,0,0,0,0,0,0,0,0,0,0,0,0,0,0,0,0,0,102.588,0,0,-92.8724
"MtrElec",4,27,9,"",0.0000078,0,0,0,0,0,0,0,0,0,0,0,0,0,0,0,0,0,0,0,0,114.089,0,124.458,-238.548
"MtrElec",4,27,10,"",-13.8171,0,0,0,0,0,0,0,0,0,0,0,0,0,0,0,0,0,0,0,0,130.251,0,224.226,-368.294
"MtrElec",4,27,11,"",-113.166,0,0,0,0,0,0,0,0,0,0,0,0,0,0,0,0,0,0,0,0,139.241,0,213.062,-465.468
"MtrElec",4,27,12,"",-406.297,0,0,0,0,0,0,0,0,0,0,0,0,0,0,0,0,0,0,0,0,111.38,0,0,-517.677
"MtrElec",4,27,13,"",-427.2,0,0,0,0,0,0,0,0,0,0,0,0,0,0,0,0,0,0,0,0,99.5192,0,0,-526.719
"MtrElec",4,27,14,"",-447.04,0,0,0,0,0,0,0,0,0,0,0,0,0,0,0,0,0,0,0,0,87.9441,0,0,-534.984
"MtrElec",4,27,15,"",-399.849,0,0,0,0,0,0,0,0,0,0,0,0,0,0,0,0,0,0,0,0,96.5895,0,0,-496.438
"MtrElec",4,27,16,"",-311.581,0,0,0,0,0,0,0,0,0,0,0,0,0,0,0,0,0,0,0,0,108.391,0,0,-419.972
"MtrElec",4,27,17,"",-188.057,0,0,0,0,0,0,0,0,0,0,0,0,0,0,0,0,0,0,0,0,130.288,0,0,-318.345
"MtrElec",4,27,18,"",-39.9155,0,0,0,0,0,0,0,0,0,0,0,0,0,0,0,0,0,0,0,0,142.879,0,0,-182.794
"MtrElec",4,27,19,"",-100.767,0,0,0,0,0,0,0,0,0,0,0,0,0,0,0,0,0,0,0,0,170.764,0,-224.226,-47.3038
"MtrElec",4,27,20,"",-36.5142,0,0,0,0,0,0,0,0,0,0,0,0,0,0,0,0,0,0,0,0,189.315,0,-224.226,-1.60245
"MtrElec",4,27,21,"",143.169,0,0,0,0,0,0,0,0,0,0,0,0,0,0,0,0,0,0,0,0,201.692,0,-58.5231,0
"MtrElec",4,27,22,"",124.074,0,0,0,0,0,0,0,0,0,0,0,0,0,0,0,0,0,0,0,0,124.074,0,0,0
"MtrElec",4,27,23,"",119.35,0,0,0,0,0,0,0,0,0,0,0,0,0,0,0,0,0,0,0,0,119.35,0,0,0
"MtrElec",4,27,24,"",105.235,0,0,0,0,0,0,0,0,0,0,0,0,0,0,0,0,0,0,0,0,105.235,0,0,0
"MtrElec",4,28,1,"",87.0648,0,0,0,0,0,0,0,0,0,0,0,0,0,0,0,0,0,0,0,0,87.0648,0,0,0
"MtrElec",4,28,2,"",80.071,0,0,0,0,0,0,0,0,0,0,0,0,0,0,0,0,0,0,0,0,80.071,0,0,0
"MtrElec",4,28,3,"",78.5444,0,0,0,0,0,0,0,0,0,0,0,0,0,0,0,0,0,0,0,0,78.5444,0,0,0
"MtrElec",4,28,4,"",83.8472,0,0,0,0,0,0,0,0,0,0,0,0,0,0,0,0,0,0,0,0,83.8472,0,0,0
"MtrElec",4,28,5,"",75.8993,0,0,0,0,0,0,0,0,0,0,0,0,0,0,0,0,0,0,0,0,75.8993,0,0,0
"MtrElec",4,28,6,"",79.7373,0,0,0,0,0,0,0,0,0,0,0,0,0,0,0,0,0,0,0,0,79.7373,0,0,0
"MtrElec",4,28,7,"",88.3095,0,0,0,0,0,0,0,0,0,0,0,0,0,0,0,0,0,0,0,0,103.032,0,0,-14.7225
"MtrElec",4,28,8,"",36.5265,0,0,0,0,0,0,0,0,0,0,0,0,0,0,0,0,0,0,0,0,129.91,0,0,-93.3836
"MtrElec",4,28,9,"",0,0,0,0,0,0,0,0,0,0,0,0,0,0,0,0,0,0,0,0,0,134.046,0,101.155,-235.201
"MtrElec",4,28,10,"",0,0,0,0,0,0,0,0,0,0,0,0,0,0,0,0,0,0,0,0,0,140.455,0,215.786,-356.241
"MtrElec",4,28,11,"",-72.5331,0,0,0,0,0,0,0,0,0,0,0,0,0,0,0,0,0,0,0,0,159.494,0,224.226,-456.254
"MtrElec",4,28,12,"",-371.964,0,0,0,0,0,0,0,0,0,0,0,0,0,0,0,0,0,0,0,0,133.275,0,20.5789,-525.818
"MtrElec",4,28,13,"",-422.222,0,0,0,0,0,0,0,0,0,0,0,0,0,0,0,0,0,0,0,0,133.967,0,0,-556.188
"MtrElec",4,28,14,"",-451.274,0,0,0,0,0,0,0,0,0,0,0,0,0,0,0,0,0,0,0,0,98.4959,0,0,-549.77
"MtrElec",4,28,15,"",-400.529,0,0,0,0,0,0,0,0,0,0,0,0,0,0,0,0,0,0,0,0,112.93,0,0,-513.458
"MtrElec",4,28,16,"",-279.063,0,0,0,0,0,0,0,0,0,0,0,0,0,0,0,0,0,0,0,0,120.106,0,0,-399.168
"MtrElec",4,28,17,"",-179.215,0,0,0,0,0,0,0,0,0,0,0,0,0,0,0,0,0,0,0,0,130.679,0,0,-309.894
"MtrElec",4,28,18,"",-26.2395,0,0,0,0,0,0,0,0,0,0,0,0,0,0,0,0,0,0,0,0,155.567,0,0,-181.806
"MtrElec",4,28,19,"",-88.6822,0,0,0,0,0,0,0,0,0,0,0,0,0,0,0,0,0,0,0,0,185.272,0,-224.226,-49.7274
"MtrElec",4,28,20,"",-72.5252,0,0,0,0,0,0,0,0,0,0,0,0,0,0,0,0,0,0,0,0,153.364,0,-224.226,-1.66243
"MtrElec",4,28,21,"",87.4599,0,0,0,0,0,0,0,0,0,0,0,0,0,0,0,0,0,0,0,0,145.983,0,-58.5231,0
"MtrElec",4,28,22,"",148.472,0,0,0,0,0,0,0,0,0,0,0,0,0,0,0,0,0,0,0,0,148.472,0,0,0
"MtrElec",4,28,23,"",135.47,0,0,0,0,0,0,0,0,0,0,0,0,0,0,0,0,0,0,0,0,135.47,0,0,0
"MtrElec",4,28,24,"",122.187,0,0,0,0,0,0,0,0,0,0,0,0,0,0,0,0,0,0,0,0,122.187,0,0,0
"MtrElec",4,29,1,"",118.634,0,0,0,0,0,0,0,0,0,0,0,0,0,0,0,0,0,0,0,0,118.634,0,0,0
"MtrElec",4,29,2,"",74.9466,0,0,0,0,0,0,0,0,0,0,0,0,0,0,0,0,0,0,0,0,74.9466,0,0,0
"MtrElec",4,29,3,"",73.4374,0,0,0,0,0,0,0,0,0,0,0,0,0,0,0,0,0,0,0,0,73.4374,0,0,0
"MtrElec",4,29,4,"",80.1737,0,0,0,0,0,0,0,0,0,0,0,0,0,0,0,0,0,0,0,0,80.1737,0,0,0
"MtrElec",4,29,5,"",71.7979,0,0,0,0,0,0,0,0,0,0,0,0,0,0,0,0,0,0,0,0,71.7979,0,0,0
"MtrElec",4,29,6,"",78.3547,0,0,0,0,0,0,0,0,0,0,0,0,0,0,0,0,0,0,0,0,78.3547,0,0,0
"MtrElec",4,29,7,"",71.7772,0,0,0,0,0,0,0,0,0,0,0,0,0,0,0,0,0,0,0,0,89.2172,0,0,-17.44
"MtrElec",4,29,8,"",25.4118,0,0,0,0,0,0,0,0,0,0,0,0,0,0,0,0,0,0,0,0,123.196,0,0,-97.7846
"MtrElec",4,29,9,"",0.0000078,0,0,0,0,0,0,0,0,0,0,0,0,0,0,0,0,0,0,0,0,153.209,0,86.8623,-240.071
"MtrElec",4,29,10,"",-3.99914,0,0,0,0,0,0,0,0,0,0,0,0,0,0,0,0,0,0,0,0,138.834,0,224.226,-367.059
"MtrElec",4,29,11,"",-69.4747,0,0,0,0,0,0,0,0,0,0,0,0,0,0,0,0,0,0,0,0,168.249,0,224.226,-461.95
"MtrElec",4,29,12,"",-383.356,0,0,0,0,0,0,0,0,0,0,0,0,0,0,0,0,0,0,0,0,123.122,0,26.4311,-532.909
"MtrElec",4,29,13,"",-441.344,0,0,0,0,0,0,0,0,0,0,0,0,0,0,0,0,0,0,0,0,128.065,0,0,-569.409
"MtrElec",4,29,14,"",-482.197,0,0,0,0,0,0,0,0,0,0,0,0,0,0,0,0,0,0,0,0,89.2084,0,0,-571.405
"MtrElec",4,29,15,"",-424.812,0,0,0,0,0,0,0,0,0,0,0,0,0,0,0,0,0,0,0,0,108.693,0,0,-533.505
"MtrElec",4,29,16,"",-330.357,0,0,0,0,0,0,0,0,0,0,0,0,0,0,0,0,0,0,0,0,118.691,0,0,-449.048
"MtrElec",4,29,17,"",-196.657,0,0,0,0,0,0,0,0,0,0,0,0,0,0,0,0,0,0,0,0,134.606,0,0,-331.263
"MtrElec",4,29,18,"",-42.1795,0,0,0,0,0,0,0,0,0,0,0,0,0,0,0,0,0,0,0,0,145.007,0,0,-187.187
"MtrElec",4,29,19,"",-114.98,0,0,0,0,0,0,0,0,0,0,0,0,0,0,0,0,0,0,0,0,161.269,0,-224.226,-52.0223
"MtrElec",4,29,20,"",-51.09,0,0,0,0,0,0,0,0,0,0,0,0,0,0,0,0,0,0,0,0,174.87,0,-224.226,-1.73328
"MtrElec",4,29,21,"",125.64,0,0,0,0,0,0,0,0,0,0,0,0,0,0,0,0,0,0,0,0,184.163,0,-58.5231,0
"MtrElec",4,29,22,"",129.874,0,0,0,0,0,0,0,0,0,0,0,0,0,0,0,0,0,0,0,0,129.874,0,0,0
"MtrElec",4,29,23,"",143.117,0,0,0,0,0,0,0,0,0,0,0,0,0,0,0,0,0,0,0,0,143.117,0,0,0
"MtrElec",4,29,24,"",103.831,0,0,0,0,0,0,0,0,0,0,0,0,0,0,0,0,0,0,0,0,103.831,0,0,0
"MtrElec",4,30,1,"",79.2855,0,0,0,0,0,0,0,0,0,0,0,0,0,0,0,0,0,0,0,0,79.2855,0,0,0
"MtrElec",4,30,2,"",76.3507,0,0,0,0,0,0,0,0,0,0,0,0,0,0,0,0,0,0,0,0,76.3507,0,0,0
"MtrElec",4,30,3,"",73.0386,0,0,0,0,0,0,0,0,0,0,0,0,0,0,0,0,0,0,0,0,73.0386,0,0,0
"MtrElec",4,30,4,"",72.4363,0,0,0,0,0,0,0,0,0,0,0,0,0,0,0,0,0,0,0,0,72.4363,0,0,0
"MtrElec",4,30,5,"",71.4751,0,0,0,0,0,0,0,0,0,0,0,0,0,0,0,0,0,0,0,0,71.4751,0,0,0
"MtrElec",4,30,6,"",77.9701,0,0,0,0,0,0,0,0,0,0,0,0,0,0,0,0,0,0,0,0,77.9701,0,0,0
"MtrElec",4,30,7,"",67.9195,0,0,0,0,0,0,0,0,0,0,0,0,0,0,0,0,0,0,0,0,86.4623,0,0,-18.5428
"MtrElec",4,30,8,"",0,0,0,0,0,0,0,0,0,0,0,0,0,0,0,0,0,0,0,0,0,99.3042,0,2.24898,-101.553
"MtrElec",4,30,9,"",0.0000078,0,0,0,0,0,0,0,0,0,0,0,0,0,0,0,0,0,0,0,0,120.252,0,129.436,-249.688
"MtrElec",4,30,10,"",-22.3141,0,0,0,0,0,0,0,0,0,0,0,0,0,0,0,0,0,0,0,0,139.367,0,224.226,-385.908
"MtrElec",4,30,11,"",-159.62,0,0,0,0,0,0,0,0,0,0,0,0,0,0,0,0,0,0,0,0,131.024,0,205.835,-496.479
"MtrElec",4,30,12,"",-463.849,0,0,0,0,0,0,0,0,0,0,0,0,0,0,0,0,0,0,0,0,109.487,0,0,-573.337
"MtrElec",4,30,13,"",-346.828,0,0,0,0,0,0,0,0,0,0,0,0,0,0,0,0,0,0,0,0,242.051,0,0,-588.878
"MtrElec",4,30,14,"",-494.792,0,0,0,0,0,0,0,0,0,0,0,0,0,0,0,0,0,0,0,0,94.086,0,0,-588.878
"MtrElec",4,30,15,"",-439.556,0,0,0,0,0,0,0,0,0,0,0,0,0,0,0,0,0,0,0,0,111.892,0,0,-551.448
"MtrElec",4,30,16,"",-359.581,0,0,0,0,0,0,0,0,0,0,0,0,0,0,0,0,0,0,0,0,103.196,0,0,-462.777
"MtrElec",4,30,17,"",-222.256,0,0,0,0,0,0,0,0,0,0,0,0,0,0,0,0,0,0,0,0,120.486,0,0,-342.742
"MtrElec",4,30,18,"",-57.3928,0,0,0,0,0,0,0,0,0,0,0,0,0,0,0,0,0,0,0,0,138,0,0,-195.393
"MtrElec",4,30,19,"",-125.412,0,0,0,0,0,0,0,0,0,0,0,0,0,0,0,0,0,0,0,0,153.597,0,-224.226,-54.7824
"MtrElec",4,30,20,"",-48.736,0,0,0,0,0,0,0,0,0,0,0,0,0,0,0,0,0,0,0,0,178.094,0,-224.226,-2.60344
"MtrElec",4,30,21,"",106.37,0,0,0,0,0,0,0,0,0,0,0,0,0,0,0,0,0,0,0,0,164.893,0,-58.5231,0
"MtrElec",4,30,22,"",153.168,0,0,0,0,0,0,0,0,0,0,0,0,0,0,0,0,0,0,0,0,153.168,0,0,0
"MtrElec",4,30,23,"",128.115,0,0,0,0,0,0,0,0,0,0,0,0,0,0,0,0,0,0,0,0,128.115,0,0,0
"MtrElec",4,30,24,"",118.81,0,0,0,0,0,0,0,0,0,0,0,0,0,0,0,0,0,0,0,0,118.81,0,0,0
"MtrElec",5,1,1,"",81.6081,0,0,0,0,0,0,0,0,0,0,0,0,0,0,0,0,0,0,0,0,81.6081,0,0,0
"MtrElec",5,1,2,"",79.0129,0,0,0,0,0,0,0,0,0,0,0,0,0,0,0,0,0,0,0,0,79.0129,0,0,0
"MtrElec",5,1,3,"",73.0822,0,0,0,0,0,0,0,0,0,0,0,0,0,0,0,0,0,0,0,0,73.0822,0,0,0
"MtrElec",5,1,4,"",70.1239,0,0,0,0,0,0,0,0,0,0,0,0,0,0,0,0,0,0,0,0,70.1239,0,0,0
"MtrElec",5,1,5,"",69.218,0,0,0,0,0,0,0,0,0,0,0,0,0,0,0,0,0,0,0,0,69.218,0,0,0
"MtrElec",5,1,6,"",76.0931,0,0,0,0,0,0,0,0,0,0,0,0,0,0,0,0,0,0,0,0,76.0931,0,0,0
"MtrElec",5,1,7,"",73.9798,0,0,0,0,0,0,0,0,0,0,0,0,0,0,0,0,0,0,0,0,90.8022,0,0,-16.8223
"MtrElec",5,1,8,"",10.4073,0,0,0,0,0,0,0,0,0,0,0,0,0,0,0,0,0,0,0,0,106.786,0,0,-96.379
"MtrElec",5,1,9,"",0,0,0,0,0,0,0,0,0,0,0,0,0,0,0,0,0,0,0,0,0,163.407,0,71.3392,-234.746
"MtrElec",5,1,10,"",0,0,0,0,0,0,0,0,0,0,0,0,0,0,0,0,0,0,0,0,0,162.546,0,198.776,-361.322
"MtrElec",5,1,11,"",-49.5391,0,0,0,0,0,0,0,0,0,0,0,0,0,0,0,0,0,0,0,0,182.911,0,224.226,-456.676
"MtrElec",5,1,12,"",-294.591,0,0,0,0,0,0,0,0,0,0,0,0,0,0,0,0,0,0,0,0,158.745,0,67.4047,-520.741
"MtrElec",5,1,13,"",-428.5,0,0,0,0,0,0,0,0,0,0,0,0,0,0,0,0,0,0,0,0,121.891,0,0,-550.39
"MtrElec",5,1,14,"",-449.874,0,0,0,0,0,0,0,0,0,0,0,0,0,0,0,0,0,0,0,0,91.9616,0,0,-541.835
"MtrElec",5,1,15,"",-403.447,0,0,0,0,0,0,0,0,0,0,0,0,0,0,0,0,0,0,0,0,95.0138,0,0,-498.461
"MtrElec",5,1,16,"",-321.347,0,0,0,0,0,0,0,0,0,0,0,0,0,0,0,0,0,0,0,0,101.365,0,0,-422.712
"MtrElec",5,1,17,"",-187.346,0,0,0,0,0,0,0,0,0,0,0,0,0,0,0,0,0,0,0,0,126.832,0,0,-314.179
"MtrElec",5,1,18,"",-30.8091,0,0,0,0,0,0,0,0,0,0,0,0,0,0,0,0,0,0,0,0,147.842,0,0,-178.651
"MtrElec",5,1,19,"",-78.7132,0,0,0,0,0,0,0,0,0,0,0,0,0,0,0,0,0,0,0,0,196.146,0,-224.226,-50.6329
"MtrElec",5,1,20,"",-48.9254,0,0,0,0,0,0,0,0,0,0,0,0,0,0,0,0,0,0,0,0,177.325,0,-224.226,-2.0241
"MtrElec",5,1,21,"",159.012,0,0,0,0,0,0,0,0,0,0,0,0,0,0,0,0,0,0,0,0,217.536,0,-58.5231,0
"MtrElec",5,1,22,"",131.618,0,0,0,0,0,0,0,0,0,0,0,0,0,0,0,0,0,0,0,0,131.618,0,0,0
"MtrElec",5,1,23,"",115.19,0,0,0,0,0,0,0,0,0,0,0,0,0,0,0,0,0,0,0,0,115.19,0,0,0
"MtrElec",5,1,24,"",123.172,0,0,0,0,0,0,0,0,0,0,0,0,0,0,0,0,0,0,0,0,123.172,0,0,0
"MtrElec",5,2,1,"",90.983,0,0,0,0,0,0,0,0,0,0,0,0,0,0,0,0,0,0,0,0,90.983,0,0,0
"MtrElec",5,2,2,"",73.3477,0,0,0,0,0,0,0,0,0,0,0,0,0,0,0,0,0,0,0,0,73.3477,0,0,0
"MtrElec",5,2,3,"",71.8856,0,0,0,0,0,0,0,0,0,0,0,0,0,0,0,0,0,0,0,0,71.8856,0,0,0
"MtrElec",5,2,4,"",74.212,0,0,0,0,0,0,0,0,0,0,0,0,0,0,0,0,0,0,0,0,74.212,0,0,0
"MtrElec",5,2,5,"",91.9978,0,0,0,0,0,0,0,0,0,0,0,0,0,0,0,0,0,0,0,0,91.9978,0,0,0
"MtrElec",5,2,6,"",73.8913,0,0,0,0,0,0,0,0,0,0,0,0,0,0,0,0,0,0,0,0,73.8913,0,0,0
"MtrElec",5,2,7,"",63.8683,0,0,0,0,0,0,0,0,0,0,0,0,0,0,0,0,0,0,0,0,81.0455,0,0,-17.1772
"MtrElec",5,2,8,"",0,0,0,0,0,0,0,0,0,0,0,0,0,0,0,0,0,0,0,0,0,91.7617,0,3.21711,-94.9788
"MtrElec",5,2,9,"",0.0000156,0,0,0,0,0,0,0,0,0,0,0,0,0,0,0,0,0,0,0,0,100.755,0,131.193,-231.948
"MtrElec",5,2,10,"",-25.9275,0,0,0,0,0,0,0,0,0,0,0,0,0,0,0,0,0,0,0,0,106.208,0,224.226,-356.362
"MtrElec",5,2,11,"",-71.6015,0,0,0,0,0,0,0,0,0,0,0,0,0,0,0,0,0,0,0,0,172.078,0,203.11,-446.79
"MtrElec",5,2,12,"",-333.687,0,0,0,0,0,0,0,0,0,0,0,0,0,0,0,0,0,0,0,0,170.872,0,0,-504.56
"MtrElec",5,2,13,"",-382.01,0,0,0,0,0,0,0,0,0,0,0,0,0,0,0,0,0,0,0,0,151.568,0,0,-533.579
"MtrElec",5,2,14,"",-397.307,0,0,0,0,0,0,0,0,0,0,0,0,0,0,0,0,0,0,0,0,131.781,0,0,-529.088
"MtrElec",5,2,15,"",-338.43,0,0,0,0,0,0,0,0,0,0,0,0,0,0,0,0,0,0,0,0,153.134,0,0,-491.564
"MtrElec",5,2,16,"",-270.17,0,0,0,0,0,0,0,0,0,0,0,0,0,0,0,0,0,0,0,0,147.811,0,0,-417.981
"MtrElec",5,2,17,"",-148.595,0,0,0,0,0,0,0,0,0,0,0,0,0,0,0,0,0,0,0,0,160.612,0,0,-309.207
"MtrElec",5,2,18,"",18.512,0,0,0,0,0,0,0,0,0,0,0,0,0,0,0,0,0,0,0,0,194.01,0,0,-175.497
"MtrElec",5,2,19,"",-16.1207,0,0,0,0,0,0,0,0,0,0,0,0,0,0,0,0,0,0,0,0,258.068,0,-224.226,-49.9619
"MtrElec",5,2,20,"",-0.906969,0,0,0,0,0,0,0,0,0,0,0,0,0,0,0,0,0,0,0,0,225.326,0,-224.226,-2.00625
"MtrElec",5,2,21,"",106.475,0,0,0,0,0,0,0,0,0,0,0,0,0,0,0,0,0,0,0,0,164.998,0,-58.5231,0
"MtrElec",5,2,22,"",153.131,0,0,0,0,0,0,0,0,0,0,0,0,0,0,0,0,0,0,0,0,153.131,0,0,0
"MtrElec",5,2,23,"",124.483,0,0,0,0,0,0,0,0,0,0,0,0,0,0,0,0,0,0,0,0,124.483,0,0,0
"MtrElec",5,2,24,"",130.301,0,0,0,0,0,0,0,0,0,0,0,0,0,0,0,0,0,0,0,0,130.301,0,0,0
"MtrElec",5,3,1,"",93.5448,0,0,0,0,0,0,0,0,0,0,0,0,0,0,0,0,0,0,0,0,93.5448,0,0,0
"MtrElec",5,3,2,"",75.4199,0,0,0,0,0,0,0,0,0,0,0,0,0,0,0,0,0,0,0,0,75.4199,0,0,0
"MtrElec",5,3,3,"",79.35,0,0,0,0,0,0,0,0,0,0,0,0,0,0,0,0,0,0,0,0,79.35,0,0,0
"MtrElec",5,3,4,"",77.2154,0,0,0,0,0,0,0,0,0,0,0,0,0,0,0,0,0,0,0,0,77.2154,0,0,0
"MtrElec",5,3,5,"",77.1911,0,0,0,0,0,0,0,0,0,0,0,0,0,0,0,0,0,0,0,0,77.1911,0,0,0
"MtrElec",5,3,6,"",74.0915,0,0,0,0,0,0,0,0,0,0,0,0,0,0,0,0,0,0,0,0,74.0915,0,0,0
"MtrElec",5,3,7,"",64.3719,0,0,0,0,0,0,0,0,0,0,0,0,0,0,0,0,0,0,0,0,81.6266,0,0,-17.2547
"MtrElec",5,3,8,"",0.353555,0,0,0,0,0,0,0,0,0,0,0,0,0,0,0,0,0,0,0,0,94.2484,0,0,-93.8949
"MtrElec",5,3,9,"",0.0000078,0,0,0,0,0,0,0,0,0,0,0,0,0,0,0,0,0,0,0,0,94.5309,0,131.521,-226.052
"MtrElec",5,3,10,"",-16.0284,0,0,0,0,0,0,0,0,0,0,0,0,0,0,0,0,0,0,0,0,109.12,0,224.226,-349.374
"MtrElec",5,3,11,"",-39.9463,0,0,0,0,0,0,0,0,0,0,0,0,0,0,0,0,0,0,0,0,196.165,0,205.999,-442.11
"MtrElec",5,3,12,"",-308.421,0,0,0,0,0,0,0,0,0,0,0,0,0,0,0,0,0,0,0,0,196.58,0,0,-505.001
"MtrElec",5,3,13,"",-358.747,0,0,0,0,0,0,0,0,0,0,0,0,0,0,0,0,0,0,0,0,173.861,0,0,-532.608
"MtrElec",5,3,14,"",-356.241,0,0,0,0,0,0,0,0,0,0,0,0,0,0,0,0,0,0,0,0,166.957,0,0,-523.198
"MtrElec",5,3,15,"",-286.798,0,0,0,0,0,0,0,0,0,0,0,0,0,0,0,0,0,0,0,0,194.161,0,0,-480.959
"MtrElec",5,3,16,"",-231.434,0,0,0,0,0,0,0,0,0,0,0,0,0,0,0,0,0,0,0,0,176.459,0,0,-407.894
"MtrElec",5,3,17,"",-109.106,0,0,0,0,0,0,0,0,0,0,0,0,0,0,0,0,0,0,0,0,191.061,0,0,-300.166
"MtrElec",5,3,18,"",37.8704,0,0,0,0,0,0,0,0,0,0,0,0,0,0,0,0,0,0,0,0,208.707,0,0,-170.837
"MtrElec",5,3,19,"",-8.16947,0,0,0,0,0,0,0,0,0,0,0,0,0,0,0,0,0,0,0,0,265.771,0,-224.226,-49.7142
"MtrElec",5,3,20,"",-2.42626,0,0,0,0,0,0,0,0,0,0,0,0,0,0,0,0,0,0,0,0,224.566,0,-224.226,-2.76602
"MtrElec",5,3,21,"",138.356,0,0,0,0,0,0,0,0,0,0,0,0,0,0,0,0,0,0,0,0,196.879,0,-58.5231,0
"MtrElec",5,3,22,"",199.593,0,0,0,0,0,0,0,0,0,0,0,0,0,0,0,0,0,0,0,0,199.593,0,0,0
"MtrElec",5,3,23,"",121.436,0,0,0,0,0,0,0,0,0,0,0,0,0,0,0,0,0,0,0,0,121.436,0,0,0
"MtrElec",5,3,24,"",100.136,0,0,0,0,0,0,0,0,0,0,0,0,0,0,0,0,0,0,0,0,100.136,0,0,0
"MtrElec",5,4,1,"",84.2928,0,0,0,0,0,0,0,0,0,0,0,0,0,0,0,0,0,0,0,0,84.2928,0,0,0
"MtrElec",5,4,2,"",78.5734,0,0,0,0,0,0,0,0,0,0,0,0,0,0,0,0,0,0,0,0,78.5734,0,0,0
"MtrElec",5,4,3,"",72.8929,0,0,0,0,0,0,0,0,0,0,0,0,0,0,0,0,0,0,0,0,72.8929,0,0,0
"MtrElec",5,4,4,"",70.9005,0,0,0,0,0,0,0,0,0,0,0,0,0,0,0,0,0,0,0,0,70.9005,0,0,0
"MtrElec",5,4,5,"",69.9608,0,0,0,0,0,0,0,0,0,0,0,0,0,0,0,0,0,0,0,0,69.9608,0,0,0
"MtrElec",5,4,6,"",76.3129,0,0,0,0,0,0,0,0,0,0,0,0,0,0,0,0,0,0,0,0,76.3129,0,0,0
"MtrElec",5,4,7,"",66.402,0,0,0,0,0,0,0,0,0,0,0,0,0,0,0,0,0,0,0,0,84.6023,0,0,-18.2003
"MtrElec",5,4,8,"",0.615766,0,0,0,0,0,0,0,0,0,0,0,0,0,0,0,0,0,0,0,0,97.0672,0,0,-96.4514
"MtrElec",5,4,9,"",0.0000078,0,0,0,0,0,0,0,0,0,0,0,0,0,0,0,0,0,0,0,0,112.547,0,118.642,-231.189
"MtrElec",5,4,10,"",0,0,0,0,0,0,0,0,0,0,0,0,0,0,0,0,0,0,0,0,0,142.57,0,207.722,-350.292
"MtrElec",5,4,11,"",-37.5803,0,0,0,0,0,0,0,0,0,0,0,0,0,0,0,0,0,0,0,0,179.783,0,224.226,-441.589
"MtrElec",5,4,12,"",-369.18,0,0,0,0,0,0,0,0,0,0,0,0,0,0,0,0,0,0,0,0,127.83,0,11.1564,-508.166
"MtrElec",5,4,13,"",-361.565,0,0,0,0,0,0,0,0,0,0,0,0,0,0,0,0,0,0,0,0,171.046,0,0,-532.612
"MtrElec",5,4,14,"",-390.738,0,0,0,0,0,0,0,0,0,0,0,0,0,0,0,0,0,0,0,0,135.798,0,0,-526.536
"MtrElec",5,4,15,"",-342.99,0,0,0,0,0,0,0,0,0,0,0,0,0,0,0,0,0,0,0,0,143.673,0,0,-486.663
"MtrElec",5,4,16,"",-242.224,0,0,0,0,0,0,0,0,0,0,0,0,0,0,0,0,0,0,0,0,173.012,0,0,-415.236
"MtrElec",5,4,17,"",-103.639,0,0,0,0,0,0,0,0,0,0,0,0,0,0,0,0,0,0,0,0,204.178,0,0,-307.817
"MtrElec",5,4,18,"",25.846,0,0,0,0,0,0,0,0,0,0,0,0,0,0,0,0,0,0,0,0,201.632,0,0,-175.786
"MtrElec",5,4,19,"",-67.6145,0,0,0,0,0,0,0,0,0,0,0,0,0,0,0,0,0,0,0,0,208.319,0,-224.226,-51.707
"MtrElec",5,4,20,"",-11.8912,0,0,0,0,0,0,0,0,0,0,0,0,0,0,0,0,0,0,0,0,215.665,0,-224.226,-3.32938
"MtrElec",5,4,21,"",141.297,0,0,0,0,0,0,0,0,0,0,0,0,0,0,0,0,0,0,0,0,199.82,0,-58.5231,0
"MtrElec",5,4,22,"",167.871,0,0,0,0,0,0,0,0,0,0,0,0,0,0,0,0,0,0,0,0,167.871,0,0,0
"MtrElec",5,4,23,"",141.656,0,0,0,0,0,0,0,0,0,0,0,0,0,0,0,0,0,0,0,0,141.656,0,0,0
"MtrElec",5,4,24,"",128.701,0,0,0,0,0,0,0,0,0,0,0,0,0,0,0,0,0,0,0,0,128.701,0,0,0
"MtrElec",5,5,1,"",79.1545,0,0,0,0,0,0,0,0,0,0,0,0,0,0,0,0,0,0,0,0,79.1545,0,0,0
"MtrElec",5,5,2,"",76.6698,0,0,0,0,0,0,0,0,0,0,0,0,0,0,0,0,0,0,0,0,76.6698,0,0,0
"MtrElec",5,5,3,"",72.1958,0,0,0,0,0,0,0,0,0,0,0,0,0,0,0,0,0,0,0,0,72.1958,0,0,0
"MtrElec",5,5,4,"",70.7019,0,0,0,0,0,0,0,0,0,0,0,0,0,0,0,0,0,0,0,0,70.7019,0,0,0
"MtrElec",5,5,5,"",69.8458,0,0,0,0,0,0,0,0,0,0,0,0,0,0,0,0,0,0,0,0,69.8458,0,0,0
"MtrElec",5,5,6,"",76.1153,0,0,0,0,0,0,0,0,0,0,0,0,0,0,0,0,0,0,0,0,76.1153,0,0,0
"MtrElec",5,5,7,"",65.623,0,0,0,0,0,0,0,0,0,0,0,0,0,0,0,0,0,0,0,0,84.533,0,0,-18.91
"MtrElec",5,5,8,"",1.43002,0,0,0,0,0,0,0,0,0,0,0,0,0,0,0,0,0,0,0,0,100.781,0,0,-99.3513
"MtrElec",5,5,9,"",0,0,0,0,0,0,0,0,0,0,0,0,0,0,0,0,0,0,0,0,0,126.393,0,103.865,-230.258
"MtrElec",5,5,10,"",0,0,0,0,0,0,0,0,0,0,0,0,0,0,0,0,0,0,0,0,0,138.555,0,218.588,-357.143
"MtrElec",5,5,11,"",-83.195,0,0,0,0,0,0,0,0,0,0,0,0,0,0,0,0,0,0,0,0,130.471,0,224.226,-437.892
"MtrElec",5,5,12,"",-350.622,0,0,0,0,0,0,0,0,0,0,0,0,0,0,0,0,0,0,0,0,116.45,0,15.0671,-482.139
"MtrElec",5,5,13,"",-326.746,0,0,0,0,0,0,0,0,0,0,0,0,0,0,0,0,0,0,0,0,174.304,0,0,-501.05
"MtrElec",5,5,14,"",-398.11,0,0,0,0,0,0,0,0,0,0,0,0,0,0,0,0,0,0,0,0,103.293,0,0,-501.403
"MtrElec",5,5,15,"",-322.411,0,0,0,0,0,0,0,0,0,0,0,0,0,0,0,0,0,0,0,0,99.9078,0,0,-422.318
"MtrElec",5,5,16,"",-234.165,0,0,0,0,0,0,0,0,0,0,0,0,0,0,0,0,0,0,0,0,110.591,0,0,-344.756
"MtrElec",5,5,17,"",-152.154,0,0,0,0,0,0,0,0,0,0,0,0,0,0,0,0,0,0,0,0,143.657,0,0,-295.812
"MtrElec",5,5,18,"",18.352,0,0,0,0,0,0,0,0,0,0,0,0,0,0,0,0,0,0,0,0,175.63,0,0,-157.278
"MtrElec",5,5,19,"",-96.6033,0,0,0,0,0,0,0,0,0,0,0,0,0,0,0,0,0,0,0,0,180.044,0,-224.226,-52.4204
"MtrElec",5,5,20,"",-50.7702,0,0,0,0,0,0,0,0,0,0,0,0,0,0,0,0,0,0,0,0,176.429,0,-224.226,-2.97322
"MtrElec",5,5,21,"",74.6671,0,0,0,0,0,0,0,0,0,0,0,0,0,0,0,0,0,0,0,0,133.19,0,-58.5231,0
"MtrElec",5,5,22,"",122.245,0,0,0,0,0,0,0,0,0,0,0,0,0,0,0,0,0,0,0,0,122.245,0,0,0
"MtrElec",5,5,23,"",135.982,0,0,0,0,0,0,0,0,0,0,0,0,0,0,0,0,0,0,0,0,135.982,0,0,0
"MtrElec",5,5,24,"",112.204,0,0,0,0,0,0,0,0,0,0,0,0,0,0,0,0,0,0,0,0,112.204,0,0,0
"MtrElec",5,6,1,"",77.0024,0,0,0,0,0,0,0,0,0,0,0,0,0,0,0,0,0,0,0,0,77.0024,0,0,0
"MtrElec",5,6,2,"",75.9269,0,0,0,0,0,0,0,0,0,0,0,0,0,0,0,0,0,0,0,0,75.9269,0,0,0
"MtrElec",5,6,3,"",74.704,0,0,0,0,0,0,0,0,0,0,0,0,0,0,0,0,0,0,0,0,74.704,0,0,0
"MtrElec",5,6,4,"",74.1932,0,0,0,0,0,0,0,0,0,0,0,0,0,0,0,0,0,0,0,0,74.1932,0,0,0
"MtrElec",5,6,5,"",73.7756,0,0,0,0,0,0,0,0,0,0,0,0,0,0,0,0,0,0,0,0,73.7756,0,0,0
"MtrElec",5,6,6,"",76.5377,0,0,0,0,0,0,0,0,0,0,0,0,0,0,0,0,0,0,0,0,76.5377,0,0,0
"MtrElec",5,6,7,"",90.0576,0,0,0,0,0,0,0,0,0,0,0,0,0,0,0,0,0,0,0,0,91.0304,0,0,-0.972823
"MtrElec",5,6,8,"",85.639,0,0,0,0,0,0,0,0,0,0,0,0,0,0,0,0,0,0,0,0,101.961,0,0,-16.3219
"MtrElec",5,6,9,"",96.811,0,0,0,0,0,0,0,0,0,0,0,0,0,0,0,0,0,0,0,0,121.624,0,0,-24.8134
"MtrElec",5,6,10,"",0,0,0,0,0,0,0,0,0,0,0,0,0,0,0,0,0,0,0,0,0,141.392,0,7.01995,-148.412
"MtrElec",5,6,11,"",76.084,0,0,0,0,0,0,0,0,0,0,0,0,0,0,0,0,0,0,0,0,152.362,0,0,-76.2782
"MtrElec",5,6,12,"",39.7111,0,0,0,0,0,0,0,0,0,0,0,0,0,0,0,0,0,0,0,0,135.98,0,0,-96.2691
"MtrElec",5,6,13,"",0.0000039,0,0,0,0,0,0,0,0,0,0,0,0,0,0,0,0,0,0,0,0,160.936,0,47.8436,-208.779
"MtrElec",5,6,14,"",0.0000078,0,0,0,0,0,0,0,0,0,0,0,0,0,0,0,0,0,0,0,0,85.1738,0,142.25,-227.423
"MtrElec",5,6,15,"",52.0665,0,0,0,0,0,0,0,0,0,0,0,0,0,0,0,0,0,0,0,0,94.1194,0,0,-42.053
"MtrElec",5,6,16,"",0.0000020,0,0,0,0,0,0,0,0,0,0,0,0,0,0,0,0,0,0,0,0,114.312,0,25.1675,-139.48
"MtrElec",5,6,17,"",0,0,0,0,0,0,0,0,0,0,0,0,0,0,0,0,0,0,0,0,0,124.981,0,66.2028,-191.183
"MtrElec",5,6,18,"",0,0,0,0,0,0,0,0,0,0,0,0,0,0,0,0,0,0,0,0,0,132.17,0,19.3196,-151.49
"MtrElec",5,6,19,"",-146.309,0,0,0,0,0,0,0,0,0,0,0,0,0,0,0,0,0,0,0,0,136.284,0,-224.226,-58.3663
"MtrElec",5,6,20,"",90.0959,0,0,0,0,0,0,0,0,0,0,0,0,0,0,0,0,0,0,0,0,147.802,0,-53.5657,-4.14001
"MtrElec",5,6,21,"",162.694,0,0,0,0,0,0,0,0,0,0,0,0,0,0,0,0,0,0,0,0,162.694,0,0,0
"MtrElec",5,6,22,"",138.386,0,0,0,0,0,0,0,0,0,0,0,0,0,0,0,0,0,0,0,0,138.386,0,0,0
"MtrElec",5,6,23,"",132.519,0,0,0,0,0,0,0,0,0,0,0,0,0,0,0,0,0,0,0,0,132.519,0,0,0
"MtrElec",5,6,24,"",112.173,0,0,0,0,0,0,0,0,0,0,0,0,0,0,0,0,0,0,0,0,112.173,0,0,0
"MtrElec",5,7,1,"",106.661,0,0,0,0,0,0,0,0,0,0,0,0,0,0,0,0,0,0,0,0,106.661,0,0,0
"MtrElec",5,7,2,"",74.4723,0,0,0,0,0,0,0,0,0,0,0,0,0,0,0,0,0,0,0,0,74.4723,0,0,0
"MtrElec",5,7,3,"",72.2101,0,0,0,0,0,0,0,0,0,0,0,0,0,0,0,0,0,0,0,0,72.2101,0,0,0
"MtrElec",5,7,4,"",72.3769,0,0,0,0,0,0,0,0,0,0,0,0,0,0,0,0,0,0,0,0,72.3769,0,0,0
"MtrElec",5,7,5,"",71.3806,0,0,0,0,0,0,0,0,0,0,0,0,0,0,0,0,0,0,0,0,71.3806,0,0,0
"MtrElec",5,7,6,"",78.8324,0,0,0,0,0,0,0,0,0,0,0,0,0,0,0,0,0,0,0,0,78.8324,0,0,0
"MtrElec",5,7,7,"",83.8274,0,0,0,0,0,0,0,0,0,0,0,0,0,0,0,0,0,0,0,0,100.147,0,0,-16.3193
"MtrElec",5,7,8,"",38.5552,0,0,0,0,0,0,0,0,0,0,0,0,0,0,0,0,0,0,0,0,115.96,0,0,-77.405
"MtrElec",5,7,9,"",0,0,0,0,0,0,0,0,0,0,0,0,0,0,0,0,0,0,0,0,0,127.667,0,21.5066,-149.173
"MtrElec",5,7,10,"",0,0,0,0,0,0,0,0,0,0,0,0,0,0,0,0,0,0,0,0,0,137.357,0,48.0628,-185.42
"MtrElec",5,7,11,"",0.284383,0,0,0,0,0,0,0,0,0,0,0,0,0,0,0,0,0,0,0,0,126.829,0,0,-126.545
"MtrElec",5,7,12,"",0.0000078,0,0,0,0,0,0,0,0,0,0,0,0,0,0,0,0,0,0,0,0,118.5,0,148.044,-266.544
"MtrElec",5,7,13,"",0,0,0,0,0,0,0,0,0,0,0,0,0,0,0,0,0,0,0,0,0,180.028,0,56.8468,-236.875
"MtrElec",5,7,14,"",0.0000039,0,0,0,0,0,0,0,0,0,0,0,0,0,0,0,0,0,0,0,0,92.8774,0,58.993,-151.87
"MtrElec",5,7,15,"",0.0000078,0,0,0,0,0,0,0,0,0,0,0,0,0,0,0,0,0,0,0,0,109.211,0,173.195,-282.407
"MtrElec",5,7,16,"",0,0,0,0,0,0,0,0,0,0,0,0,0,0,0,0,0,0,0,0,0,110.848,0,3.77523,-114.623
"MtrElec",5,7,17,"",-27.2246,0,0,0,0,0,0,0,0,0,0,0,0,0,0,0,0,0,0,0,0,134.007,0,51.3228,-212.555
"MtrElec",5,7,18,"",68.0101,0,0,0,0,0,0,0,0,0,0,0,0,0,0,0,0,0,0,0,0,130.728,0,0,-62.7175
"MtrElec",5,7,19,"",-116.555,0,0,0,0,0,0,0,0,0,0,0,0,0,0,0,0,0,0,0,0,148.543,0,-224.226,-40.872
"MtrElec",5,7,20,"",-80.5409,0,0,0,0,0,0,0,0,0,0,0,0,0,0,0,0,0,0,0,0,146.974,0,-224.226,-3.28863
"MtrElec",5,7,21,"",107.943,0,0,0,0,0,0,0,0,0,0,0,0,0,0,0,0,0,0,0,0,166.466,0,-58.5231,0
"MtrElec",5,7,22,"",118.424,0,0,0,0,0,0,0,0,0,0,0,0,0,0,0,0,0,0,0,0,118.424,0,0,0
"MtrElec",5,7,23,"",132.782,0,0,0,0,0,0,0,0,0,0,0,0,0,0,0,0,0,0,0,0,132.782,0,0,0
"MtrElec",5,7,24,"",147.796,0,0,0,0,0,0,0,0,0,0,0,0,0,0,0,0,0,0,0,0,147.796,0,0,0
"MtrElec",5,8,1,"",89.2159,0,0,0,0,0,0,0,0,0,0,0,0,0,0,0,0,0,0,0,0,89.2159,0,0,0
"MtrElec",5,8,2,"",73.9063,0,0,0,0,0,0,0,0,0,0,0,0,0,0,0,0,0,0,0,0,73.9063,0,0,0
"MtrElec",5,8,3,"",71.6283,0,0,0,0,0,0,0,0,0,0,0,0,0,0,0,0,0,0,0,0,71.6283,0,0,0
"MtrElec",5,8,4,"",71.8105,0,0,0,0,0,0,0,0,0,0,0,0,0,0,0,0,0,0,0,0,71.8105,0,0,0
"MtrElec",5,8,5,"",70.7562,0,0,0,0,0,0,0,0,0,0,0,0,0,0,0,0,0,0,0,0,70.7562,0,0,0
"MtrElec",5,8,6,"",77.3426,0,0,0,0,0,0,0,0,0,0,0,0,0,0,0,0,0,0,0,0,77.3426,0,0,0
"MtrElec",5,8,7,"",72.0932,0,0,0,0,0,0,0,0,0,0,0,0,0,0,0,0,0,0,0,0,92.2325,0,0,-20.1393
"MtrElec",5,8,8,"",0.231492,0,0,0,0,0,0,0,0,0,0,0,0,0,0,0,0,0,0,0,0,105.356,0,0,-105.124
"MtrElec",5,8,9,"",0.0000078,0,0,0,0,0,0,0,0,0,0,0,0,0,0,0,0,0,0,0,0,109.053,0,136.972,-246.025
"MtrElec",5,8,10,"",-11.9113,0,0,0,0,0,0,0,0,0,0,0,0,0,0,0,0,0,0,0,0,115.913,0,224.226,-352.051
"MtrElec",5,8,11,"",-97.3106,0,0,0,0,0,0,0,0,0,0,0,0,0,0,0,0,0,0,0,0,159.841,0,200.548,-457.7
"MtrElec",5,8,12,"",-414.539,0,0,0,0,0,0,0,0,0,0,0,0,0,0,0,0,0,0,0,0,112.527,0,0,-527.065
"MtrElec",5,8,13,"",-438.898,0,0,0,0,0,0,0,0,0,0,0,0,0,0,0,0,0,0,0,0,117.658,0,0,-556.556
"MtrElec",5,8,14,"",-459.475,0,0,0,0,0,0,0,0,0,0,0,0,0,0,0,0,0,0,0,0,93.7939,0,0,-553.268
"MtrElec",5,8,15,"",-418.34,0,0,0,0,0,0,0,0,0,0,0,0,0,0,0,0,0,0,0,0,91.8534,0,0,-510.193
"MtrElec",5,8,16,"",-297.32,0,0,0,0,0,0,0,0,0,0,0,0,0,0,0,0,0,0,0,0,105.667,0,0,-402.987
"MtrElec",5,8,17,"",-178.137,0,0,0,0,0,0,0,0,0,0,0,0,0,0,0,0,0,0,0,0,139.467,0,0,-317.604
"MtrElec",5,8,18,"",-39.586,0,0,0,0,0,0,0,0,0,0,0,0,0,0,0,0,0,0,0,0,142.949,0,0,-182.535
"MtrElec",5,8,19,"",-138.033,0,0,0,0,0,0,0,0,0,0,0,0,0,0,0,0,0,0,0,0,141.988,0,-224.226,-55.7946
"MtrElec",5,8,20,"",-80.0539,0,0,0,0,0,0,0,0,0,0,0,0,0,0,0,0,0,0,0,0,150.053,0,-224.226,-5.88067
"MtrElec",5,8,21,"",79.5741,0,0,0,0,0,0,0,0,0,0,0,0,0,0,0,0,0,0,0,0,138.097,0,-58.5231,0
"MtrElec",5,8,22,"",120.389,0,0,0,0,0,0,0,0,0,0,0,0,0,0,0,0,0,0,0,0,120.389,0,0,0
"MtrElec",5,8,23,"",120.786,0,0,0,0,0,0,0,0,0,0,0,0,0,0,0,0,0,0,0,0,120.786,0,0,0
"MtrElec",5,8,24,"",96.5038,0,0,0,0,0,0,0,0,0,0,0,0,0,0,0,0,0,0,0,0,96.5038,0,0,0
"MtrElec",5,9,1,"",100.098,0,0,0,0,0,0,0,0,0,0,0,0,0,0,0,0,0,0,0,0,100.098,0,0,0
"MtrElec",5,9,2,"",71.7846,0,0,0,0,0,0,0,0,0,0,0,0,0,0,0,0,0,0,0,0,71.7846,0,0,0
"MtrElec",5,9,3,"",76.3572,0,0,0,0,0,0,0,0,0,0,0,0,0,0,0,0,0,0,0,0,76.3572,0,0,0
"MtrElec",5,9,4,"",77.7842,0,0,0,0,0,0,0,0,0,0,0,0,0,0,0,0,0,0,0,0,77.7842,0,0,0
"MtrElec",5,9,5,"",97.8701,0,0,0,0,0,0,0,0,0,0,0,0,0,0,0,0,0,0,0,0,97.8701,0,0,0
"MtrElec",5,9,6,"",72.3425,0,0,0,0,0,0,0,0,0,0,0,0,0,0,0,0,0,0,0,0,72.3425,0,0,0
"MtrElec",5,9,7,"",58.3938,0,0,0,0,0,0,0,0,0,0,0,0,0,0,0,0,0,0,0,0,80.144,0,0,-21.7502
"MtrElec",5,9,8,"",4.6857,0,0,0,0,0,0,0,0,0,0,0,0,0,0,0,0,0,0,0,0,97.9308,0,0,-93.2451
"MtrElec",5,9,9,"",0,0,0,0,0,0,0,0,0,0,0,0,0,0,0,0,0,0,0,0,0,103.049,0,44.2988,-147.348
"MtrElec",5,9,10,"",0,0,0,0,0,0,0,0,0,0,0,0,0,0,0,0,0,0,0,0,0,126.602,0,84.8124,-211.414
"MtrElec",5,9,11,"",0,0,0,0,0,0,0,0,0,0,0,0,0,0,0,0,0,0,0,0,0,189.665,0,152.217,-341.882
"MtrElec",5,9,12,"",-24.4077,0,0,0,0,0,0,0,0,0,0,0,0,0,0,0,0,0,0,0,0,163.604,0,224.226,-412.238
"MtrElec",5,9,13,"",-320.567,0,0,0,0,0,0,0,0,0,0,0,0,0,0,0,0,0,0,0,0,134.065,0,56.1921,-510.824
"MtrElec",5,9,14,"",-401.741,0,0,0,0,0,0,0,0,0,0,0,0,0,0,0,0,0,0,0,0,130.938,0,0,-532.679
"MtrElec",5,9,15,"",-356.642,0,0,0,0,0,0,0,0,0,0,0,0,0,0,0,0,0,0,0,0,141.006,0,0,-497.648
"MtrElec",5,9,16,"",-310.937,0,0,0,0,0,0,0,0,0,0,0,0,0,0,0,0,0,0,0,0,110.064,0,0,-421.001
"MtrElec",5,9,17,"",-135.091,0,0,0,0,0,0,0,0,0,0,0,0,0,0,0,0,0,0,0,0,117.05,0,0,-252.141
"MtrElec",5,9,18,"",-36.3949,0,0,0,0,0,0,0,0,0,0,0,0,0,0,0,0,0,0,0,0,129.797,0,0,-166.192
"MtrElec",5,9,19,"",-136.742,0,0,0,0,0,0,0,0,0,0,0,0,0,0,0,0,0,0,0,0,147.562,0,-224.226,-60.077
"MtrElec",5,9,20,"",-50.9403,0,0,0,0,0,0,0,0,0,0,0,0,0,0,0,0,0,0,0,0,179.494,0,-224.226,-6.20772
"MtrElec",5,9,21,"",91.506,0,0,0,0,0,0,0,0,0,0,0,0,0,0,0,0,0,0,0,0,150.029,0,-58.5231,0
"MtrElec",5,9,22,"",131.169,0,0,0,0,0,0,0,0,0,0,0,0,0,0,0,0,0,0,0,0,131.169,0,0,0
"MtrElec",5,9,23,"",107.026,0,0,0,0,0,0,0,0,0,0,0,0,0,0,0,0,0,0,0,0,107.026,0,0,0
"MtrElec",5,9,24,"",107.451,0,0,0,0,0,0,0,0,0,0,0,0,0,0,0,0,0,0,0,0,107.451,0,0,0
"MtrElec",5,10,1,"",91.027,0,0,0,0,0,0,0,0,0,0,0,0,0,0,0,0,0,0,0,0,91.027,0,0,0
"MtrElec",5,10,2,"",71.7832,0,0,0,0,0,0,0,0,0,0,0,0,0,0,0,0,0,0,0,0,71.7832,0,0,0
"MtrElec",5,10,3,"",70.5078,0,0,0,0,0,0,0,0,0,0,0,0,0,0,0,0,0,0,0,0,70.5078,0,0,0
"MtrElec",5,10,4,"",71.122,0,0,0,0,0,0,0,0,0,0,0,0,0,0,0,0,0,0,0,0,71.122,0,0,0
"MtrElec",5,10,5,"",75.5342,0,0,0,0,0,0,0,0,0,0,0,0,0,0,0,0,0,0,0,0,75.5342,0,0,0
"MtrElec",5,10,6,"",72.3759,0,0,0,0,0,0,0,0,0,0,0,0,0,0,0,0,0,0,0,0,72.3759,0,0,0
"MtrElec",5,10,7,"",57.7792,0,0,0,0,0,0,0,0,0,0,0,0,0,0,0,0,0,0,0,0,80.3259,0,0,-22.5467
"MtrElec",5,10,8,"",53.8707,0,0,0,0,0,0,0,0,0,0,0,0,0,0,0,0,0,0,0,0,100.2,0,0,-46.3288
"MtrElec",5,10,9,"",45.7065,0,0,0,0,0,0,0,0,0,0,0,0,0,0,0,0,0,0,0,0,112.831,0,0,-67.1247
"MtrElec",5,10,10,"",21.7342,0,0,0,0,0,0,0,0,0,0,0,0,0,0,0,0,0,0,0,0,122.032,0,0,-100.298
"MtrElec",5,10,11,"",16.403,0,0,0,0,0,0,0,0,0,0,0,0,0,0,0,0,0,0,0,0,125.837,0,0,-109.434
"MtrElec",5,10,12,"",0,0,0,0,0,0,0,0,0,0,0,0,0,0,0,0,0,0,0,0,0,153.185,0,8.51539,-161.7
"MtrElec",5,10,13,"",0,0,0,0,0,0,0,0,0,0,0,0,0,0,0,0,0,0,0,0,0,165.768,0,59.097,-224.865
"MtrElec",5,10,14,"",0.0000078,0,0,0,0,0,0,0,0,0,0,0,0,0,0,0,0,0,0,0,0,118.384,0,100.448,-218.832
"MtrElec",5,10,15,"",24.3412,0,0,0,0,0,0,0,0,0,0,0,0,0,0,0,0,0,0,0,0,155.771,0,0,-131.43
"MtrElec",5,10,16,"",0.0000039,0,0,0,0,0,0,0,0,0,0,0,0,0,0,0,0,0,0,0,0,112.142,0,58.481,-170.623
"MtrElec",5,10,17,"",0.0000039,0,0,0,0,0,0,0,0,0,0,0,0,0,0,0,0,0,0,0,0,109.953,0,46.2263,-156.18
"MtrElec",5,10,18,"",38.9025,0,0,0,0,0,0,0,0,0,0,0,0,0,0,0,0,0,0,0,0,139.258,0,0,-100.356
"MtrElec",5,10,19,"",-49.697,0,0,0,0,0,0,0,0,0,0,0,0,0,0,0,0,0,0,0,0,220.366,0,-224.226,-45.8364
"MtrElec",5,10,20,"",140.347,0,0,0,0,0,0,0,0,0,0,0,0,0,0,0,0,0,0,0,0,169.243,0,-21.9465,-6.95026
"MtrElec",5,10,21,"",154.088,0,0,0,0,0,0,0,0,0,0,0,0,0,0,0,0,0,0,0,0,154.088,0,0,0
"MtrElec",5,10,22,"",170.954,0,0,0,0,0,0,0,0,0,0,0,0,0,0,0,0,0,0,0,0,170.954,0,0,0
"MtrElec",5,10,23,"",112.245,0,0,0,0,0,0,0,0,0,0,0,0,0,0,0,0,0,0,0,0,112.245,0,0,0
"MtrElec",5,10,24,"",115.912,0,0,0,0,0,0,0,0,0,0,0,0,0,0,0,0,0,0,0,0,115.912,0,0,0
"MtrElec",5,11,1,"",75.5437,0,0,0,0,0,0,0,0,0,0,0,0,0,0,0,0,0,0,0,0,75.5437,0,0,0
"MtrElec",5,11,2,"",71.2711,0,0,0,0,0,0,0,0,0,0,0,0,0,0,0,0,0,0,0,0,71.2711,0,0,0
"MtrElec",5,11,3,"",69.0143,0,0,0,0,0,0,0,0,0,0,0,0,0,0,0,0,0,0,0,0,69.0143,0,0,0
"MtrElec",5,11,4,"",69.2009,0,0,0,0,0,0,0,0,0,0,0,0,0,0,0,0,0,0,0,0,69.2009,0,0,0
"MtrElec",5,11,5,"",68.2213,0,0,0,0,0,0,0,0,0,0,0,0,0,0,0,0,0,0,0,0,68.2213,0,0,0
"MtrElec",5,11,6,"",74.9412,0,0,0,0,0,0,0,0,0,0,0,0,0,0,0,0,0,0,0,0,74.9412,0,0,0
"MtrElec",5,11,7,"",68.8381,0,0,0,0,0,0,0,0,0,0,0,0,0,0,0,0,0,0,0,0,91.1932,0,0,-22.3551
"MtrElec",5,11,8,"",10.3814,0,0,0,0,0,0,0,0,0,0,0,0,0,0,0,0,0,0,0,0,115.747,0,0,-105.366
"MtrElec",5,11,9,"",0.0000078,0,0,0,0,0,0,0,0,0,0,0,0,0,0,0,0,0,0,0,0,125.006,0,116.685,-241.691
"MtrElec",5,11,10,"",-2.07448,0,0,0,0,0,0,0,0,0,0,0,0,0,0,0,0,0,0,0,0,139.971,0,224.226,-366.272
"MtrElec",5,11,11,"",-101.112,0,0,0,0,0,0,0,0,0,0,0,0,0,0,0,0,0,0,0,0,141.974,0,220.835,-463.921
"MtrElec",5,11,12,"",-406.814,0,0,0,0,0,0,0,0,0,0,0,0,0,0,0,0,0,0,0,0,118.77,0,0,-525.584
"MtrElec",5,11,13,"",-423.676,0,0,0,0,0,0,0,0,0,0,0,0,0,0,0,0,0,0,0,0,128.392,0,0,-552.068
"MtrElec",5,11,14,"",-447.216,0,0,0,0,0,0,0,0,0,0,0,0,0,0,0,0,0,0,0,0,96.2394,0,0,-543.455
"MtrElec",5,11,15,"",-391.7,0,0,0,0,0,0,0,0,0,0,0,0,0,0,0,0,0,0,0,0,109.866,0,0,-501.567
"MtrElec",5,11,16,"",-310.672,0,0,0,0,0,0,0,0,0,0,0,0,0,0,0,0,0,0,0,0,115.601,0,0,-426.273
"MtrElec",5,11,17,"",-174.937,0,0,0,0,0,0,0,0,0,0,0,0,0,0,0,0,0,0,0,0,146.394,0,0,-321.331
"MtrElec",5,11,18,"",-49.1226,0,0,0,0,0,0,0,0,0,0,0,0,0,0,0,0,0,0,0,0,137.696,0,0,-186.818
"MtrElec",5,11,19,"",-137.182,0,0,0,0,0,0,0,0,0,0,0,0,0,0,0,0,0,0,0,0,143.137,0,-224.226,-56.0923
"MtrElec",5,11,20,"",-76.019,0,0,0,0,0,0,0,0,0,0,0,0,0,0,0,0,0,0,0,0,154.473,0,-224.226,-6.26586
"MtrElec",5,11,21,"",87.3602,0,0,0,0,0,0,0,0,0,0,0,0,0,0,0,0,0,0,0,0,145.883,0,-58.5231,0
"MtrElec",5,11,22,"",123.677,0,0,0,0,0,0,0,0,0,0,0,0,0,0,0,0,0,0,0,0,123.677,0,0,0
"MtrElec",5,11,23,"",121.589,0,0,0,0,0,0,0,0,0,0,0,0,0,0,0,0,0,0,0,0,121.589,0,0,0
"MtrElec",5,11,24,"",99.9044,0,0,0,0,0,0,0,0,0,0,0,0,0,0,0,0,0,0,0,0,99.9044,0,0,0
"MtrElec",5,12,1,"",76.2095,0,0,0,0,0,0,0,0,0,0,0,0,0,0,0,0,0,0,0,0,76.2095,0,0,0
"MtrElec",5,12,2,"",75.2858,0,0,0,0,0,0,0,0,0,0,0,0,0,0,0,0,0,0,0,0,75.2858,0,0,0
"MtrElec",5,12,3,"",71.9272,0,0,0,0,0,0,0,0,0,0,0,0,0,0,0,0,0,0,0,0,71.9272,0,0,0
"MtrElec",5,12,4,"",77.1703,0,0,0,0,0,0,0,0,0,0,0,0,0,0,0,0,0,0,0,0,77.1703,0,0,0
"MtrElec",5,12,5,"",68.7761,0,0,0,0,0,0,0,0,0,0,0,0,0,0,0,0,0,0,0,0,68.7761,0,0,0
"MtrElec",5,12,6,"",75.5782,0,0,0,0,0,0,0,0,0,0,0,0,0,0,0,0,0,0,0,0,75.5782,0,0,0
"MtrElec",5,12,7,"",68.4656,0,0,0,0,0,0,0,0,0,0,0,0,0,0,0,0,0,0,0,0,90.8189,0,0,-22.3533
"MtrElec",5,12,8,"",6.51388,0,0,0,0,0,0,0,0,0,0,0,0,0,0,0,0,0,0,0,0,113.003,0,0,-106.489
"MtrElec",5,12,9,"",0.0000078,0,0,0,0,0,0,0,0,0,0,0,0,0,0,0,0,0,0,0,0,130.916,0,115.444,-246.36
"MtrElec",5,12,10,"",0,0,0,0,0,0,0,0,0,0,0,0,0,0,0,0,0,0,0,0,0,149.269,0,223.363,-372.632
"MtrElec",5,12,11,"",-97.4152,0,0,0,0,0,0,0,0,0,0,0,0,0,0,0,0,0,0,0,0,143.551,0,222.939,-463.906
"MtrElec",5,12,12,"",-422.002,0,0,0,0,0,0,0,0,0,0,0,0,0,0,0,0,0,0,0,0,109.941,0,0,-531.943
"MtrElec",5,12,13,"",-444.626,0,0,0,0,0,0,0,0,0,0,0,0,0,0,0,0,0,0,0,0,116.512,0,0,-561.138
"MtrElec",5,12,14,"",-455.929,0,0,0,0,0,0,0,0,0,0,0,0,0,0,0,0,0,0,0,0,94.5903,0,0,-550.519
"MtrElec",5,12,15,"",-410.218,0,0,0,0,0,0,0,0,0,0,0,0,0,0,0,0,0,0,0,0,97.0764,0,0,-507.294
"MtrElec",5,12,16,"",-338.994,0,0,0,0,0,0,0,0,0,0,0,0,0,0,0,0,0,0,0,0,94.7787,0,0,-433.773
"MtrElec",5,12,17,"",-194.137,0,0,0,0,0,0,0,0,0,0,0,0,0,0,0,0,0,0,0,0,131.811,0,0,-325.948
"MtrElec",5,12,18,"",-59.2078,0,0,0,0,0,0,0,0,0,0,0,0,0,0,0,0,0,0,0,0,130.772,0,0,-189.98
"MtrElec",5,12,19,"",-128.736,0,0,0,0,0,0,0,0,0,0,0,0,0,0,0,0,0,0,0,0,151.728,0,-224.226,-56.2375
"MtrElec",5,12,20,"",-74.9063,0,0,0,0,0,0,0,0,0,0,0,0,0,0,0,0,0,0,0,0,156.132,0,-224.226,-6.81222
"MtrElec",5,12,21,"",128.752,0,0,0,0,0,0,0,0,0,0,0,0,0,0,0,0,0,0,0,0,187.275,0,-58.5231,0
"MtrElec",5,12,22,"",126.543,0,0,0,0,0,0,0,0,0,0,0,0,0,0,0,0,0,0,0,0,126.543,0,0,0
"MtrElec",5,12,23,"",123.511,0,0,0,0,0,0,0,0,0,0,0,0,0,0,0,0,0,0,0,0,123.511,0,0,0
"MtrElec",5,12,24,"",114.974,0,0,0,0,0,0,0,0,0,0,0,0,0,0,0,0,0,0,0,0,114.974,0,0,0
"MtrElec",5,13,1,"",76.3579,0,0,0,0,0,0,0,0,0,0,0,0,0,0,0,0,0,0,0,0,76.3579,0,0,0
"MtrElec",5,13,2,"",75.4342,0,0,0,0,0,0,0,0,0,0,0,0,0,0,0,0,0,0,0,0,75.4342,0,0,0
"MtrElec",5,13,3,"",74.9439,0,0,0,0,0,0,0,0,0,0,0,0,0,0,0,0,0,0,0,0,74.9439,0,0,0
"MtrElec",5,13,4,"",81.0844,0,0,0,0,0,0,0,0,0,0,0,0,0,0,0,0,0,0,0,0,81.0844,0,0,0
"MtrElec",5,13,5,"",73.1576,0,0,0,0,0,0,0,0,0,0,0,0,0,0,0,0,0,0,0,0,73.1576,0,0,0
"MtrElec",5,13,6,"",75.0667,0,0,0,0,0,0,0,0,0,0,0,0,0,0,0,0,0,0,0,0,75.0667,0,0,0
"MtrElec",5,13,7,"",63.3751,0,0,0,0,0,0,0,0,0,0,0,0,0,0,0,0,0,0,0,0,85.2591,0,0,-21.884
"MtrElec",5,13,8,"",19.7448,0,0,0,0,0,0,0,0,0,0,0,0,0,0,0,0,0,0,0,0,117.742,0,0,-97.9976
"MtrElec",5,13,9,"",0,0,0,0,0,0,0,0,0,0,0,0,0,0,0,0,0,0,0,0,0,147.65,0,19.1916,-166.842
"MtrElec",5,13,10,"",-47.8543,0,0,0,0,0,0,0,0,0,0,0,0,0,0,0,0,0,0,0,0,108.873,0,224.226,-380.954
"MtrElec",5,13,11,"",-136.84,0,0,0,0,0,0,0,0,0,0,0,0,0,0,0,0,0,0,0,0,130.488,0,224.226,-491.554
"MtrElec",5,13,12,"",-339.305,0,0,0,0,0,0,0,0,0,0,0,0,0,0,0,0,0,0,0,0,120.311,0,94.1018,-553.718
"MtrElec",5,13,13,"",-392.757,0,0,0,0,0,0,0,0,0,0,0,0,0,0,0,0,0,0,0,0,180.953,0,0,-573.709
"MtrElec",5,13,14,"",-463.069,0,0,0,0,0,0,0,0,0,0,0,0,0,0,0,0,0,0,0,0,97.8435,0,0,-560.913
"MtrElec",5,13,15,"",-427.119,0,0,0,0,0,0,0,0,0,0,0,0,0,0,0,0,0,0,0,0,88.3369,0,0,-515.456
"MtrElec",5,13,16,"",-335.705,0,0,0,0,0,0,0,0,0,0,0,0,0,0,0,0,0,0,0,0,107.822,0,0,-443.527
"MtrElec",5,13,17,"",-221.259,0,0,0,0,0,0,0,0,0,0,0,0,0,0,0,0,0,0,0,0,112.892,0,0,-334.151
"MtrElec",5,13,18,"",-54.7227,0,0,0,0,0,0,0,0,0,0,0,0,0,0,0,0,0,0,0,0,138.494,0,0,-193.216
"MtrElec",5,13,19,"",-136.684,0,0,0,0,0,0,0,0,0,0,0,0,0,0,0,0,0,0,0,0,146.586,0,-224.226,-59.0429
"MtrElec",5,13,20,"",-69.1742,0,0,0,0,0,0,0,0,0,0,0,0,0,0,0,0,0,0,0,0,162.305,0,-224.226,-7.25294
"MtrElec",5,13,21,"",89.3352,0,0,0,0,0,0,0,0,0,0,0,0,0,0,0,0,0,0,0,0,147.858,0,-58.5231,0
"MtrElec",5,13,22,"",126.968,0,0,0,0,0,0,0,0,0,0,0,0,0,0,0,0,0,0,0,0,126.968,0,0,0
"MtrElec",5,13,23,"",145.252,0,0,0,0,0,0,0,0,0,0,0,0,0,0,0,0,0,0,0,0,145.252,0,0,0
"MtrElec",5,13,24,"",136.421,0,0,0,0,0,0,0,0,0,0,0,0,0,0,0,0,0,0,0,0,136.421,0,0,0
"MtrElec",5,14,1,"",101.258,0,0,0,0,0,0,0,0,0,0,0,0,0,0,0,0,0,0,0,0,101.258,0,0,0
"MtrElec",5,14,2,"",73.7111,0,0,0,0,0,0,0,0,0,0,0,0,0,0,0,0,0,0,0,0,73.7111,0,0,0
"MtrElec",5,14,3,"",70.5242,0,0,0,0,0,0,0,0,0,0,0,0,0,0,0,0,0,0,0,0,70.5242,0,0,0
"MtrElec",5,14,4,"",69.895,0,0,0,0,0,0,0,0,0,0,0,0,0,0,0,0,0,0,0,0,69.895,0,0,0
"MtrElec",5,14,5,"",68.9686,0,0,0,0,0,0,0,0,0,0,0,0,0,0,0,0,0,0,0,0,68.9686,0,0,0
"MtrElec",5,14,6,"",75.0562,0,0,0,0,0,0,0,0,0,0,0,0,0,0,0,0,0,0,0,0,75.0562,0,0,0
"MtrElec",5,14,7,"",57.7154,0,0,0,0,0,0,0,0,0,0,0,0,0,0,0,0,0,0,0,0,83.5708,0,0,-25.8554
"MtrElec",5,14,8,"",0,0,0,0,0,0,0,0,0,0,0,0,0,0,0,0,0,0,0,0,0,103.666,0,6.74759,-110.414
"MtrElec",5,14,9,"",0.0000078,0,0,0,0,0,0,0,0,0,0,0,0,0,0,0,0,0,0,0,0,133.463,0,113.743,-247.206
"MtrElec",5,14,10,"",-17.8615,0,0,0,0,0,0,0,0,0,0,0,0,0,0,0,0,0,0,0,0,133.214,0,224.226,-375.302
"MtrElec",5,14,11,"",-120.651,0,0,0,0,0,0,0,0,0,0,0,0,0,0,0,0,0,0,0,0,137.394,0,217.029,-475.074
"MtrElec",5,14,12,"",-397.954,0,0,0,0,0,0,0,0,0,0,0,0,0,0,0,0,0,0,0,0,132.178,0,0,-530.132
"MtrElec",5,14,13,"",-415.263,0,0,0,0,0,0,0,0,0,0,0,0,0,0,0,0,0,0,0,0,139.285,0,0,-554.548
"MtrElec",5,14,14,"",-459.073,0,0,0,0,0,0,0,0,0,0,0,0,0,0,0,0,0,0,0,0,100.937,0,0,-560.01
"MtrElec",5,14,15,"",-410.859,0,0,0,0,0,0,0,0,0,0,0,0,0,0,0,0,0,0,0,0,110.157,0,0,-521.017
"MtrElec",5,14,16,"",-343.107,0,0,0,0,0,0,0,0,0,0,0,0,0,0,0,0,0,0,0,0,100.237,0,0,-443.345
"MtrElec",5,14,17,"",-209.435,0,0,0,0,0,0,0,0,0,0,0,0,0,0,0,0,0,0,0,0,123.408,0,0,-332.844
"MtrElec",5,14,18,"",-51.5652,0,0,0,0,0,0,0,0,0,0,0,0,0,0,0,0,0,0,0,0,142.11,0,0,-193.675
"MtrElec",5,14,19,"",-118.161,0,0,0,0,0,0,0,0,0,0,0,0,0,0,0,0,0,0,0,0,166.14,0,-224.226,-60.0751
"MtrElec",5,14,20,"",-83.6003,0,0,0,0,0,0,0,0,0,0,0,0,0,0,0,0,0,0,0,0,149.542,0,-224.226,-8.91597
"MtrElec",5,14,21,"",87.9901,0,0,0,0,0,0,0,0,0,0,0,0,0,0,0,0,0,0,0,0,146.513,0,-58.5231,0
"MtrElec",5,14,22,"",138.279,0,0,0,0,0,0,0,0,0,0,0,0,0,0,0,0,0,0,0,0,138.279,0,0,0
"MtrElec",5,14,23,"",120.861,0,0,0,0,0,0,0,0,0,0,0,0,0,0,0,0,0,0,0,0,120.861,0,0,0
"MtrElec",5,14,24,"",109.951,0,0,0,0,0,0,0,0,0,0,0,0,0,0,0,0,0,0,0,0,109.951,0,0,0
"MtrElec",5,15,1,"",96.4127,0,0,0,0,0,0,0,0,0,0,0,0,0,0,0,0,0,0,0,0,96.4127,0,0,0
"MtrElec",5,15,2,"",75.1135,0,0,0,0,0,0,0,0,0,0,0,0,0,0,0,0,0,0,0,0,75.1135,0,0,0
"MtrElec",5,15,3,"",70.8927,0,0,0,0,0,0,0,0,0,0,0,0,0,0,0,0,0,0,0,0,70.8927,0,0,0
"MtrElec",5,15,4,"",69.5793,0,0,0,0,0,0,0,0,0,0,0,0,0,0,0,0,0,0,0,0,69.5793,0,0,0
"MtrElec",5,15,5,"",68.6287,0,0,0,0,0,0,0,0,0,0,0,0,0,0,0,0,0,0,0,0,68.6287,0,0,0
"MtrElec",5,15,6,"",75.4097,0,0,0,0,0,0,0,0,0,0,0,0,0,0,0,0,0,0,0,0,75.4097,0,0,0
"MtrElec",5,15,7,"",63.8318,0,0,0,0,0,0,0,0,0,0,0,0,0,0,0,0,0,0,0,0,90.1354,0,0,-26.3036
"MtrElec",5,15,8,"",5.52031,0,0,0,0,0,0,0,0,0,0,0,0,0,0,0,0,0,0,0,0,108.904,0,0,-103.384
"MtrElec",5,15,9,"",0.0000002,0,0,0,0,0,0,0,0,0,0,0,0,0,0,0,0,0,0,0,0,126.216,0,3.64311,-129.86
"MtrElec",5,15,10,"",0.0000078,0,0,0,0,0,0,0,0,0,0,0,0,0,0,0,0,0,0,0,0,122.26,0,110.021,-232.282
"MtrElec",5,15,11,"",32.5733,0,0,0,0,0,0,0,0,0,0,0,0,0,0,0,0,0,0,0,0,154.909,0,0,-122.336
"MtrElec",5,15,12,"",63.4675,0,0,0,0,0,0,0,0,0,0,0,0,0,0,0,0,0,0,0,0,119.695,0,0,-56.228
"MtrElec",5,15,13,"",16.1964,0,0,0,0,0,0,0,0,0,0,0,0,0,0,0,0,0,0,0,0,119.714,0,0,-103.517
"MtrElec",5,15,14,"",0.0000001,0,0,0,0,0,0,0,0,0,0,0,0,0,0,0,0,0,0,0,0,90.6182,0,0.792195,-91.4104
"MtrElec",5,15,15,"",0,0,0,0,0,0,0,0,0,0,0,0,0,0,0,0,0,0,0,0,0,97.4227,0,87.562,-184.985
"MtrElec",5,15,16,"",0.0000078,0,0,0,0,0,0,0,0,0,0,0,0,0,0,0,0,0,0,0,0,94.4344,0,194.52,-288.955
"MtrElec",5,15,17,"",0,0,0,0,0,0,0,0,0,0,0,0,0,0,0,0,0,0,0,0,0,134.588,0,101.495,-236.083
"MtrElec",5,15,18,"",0,0,0,0,0,0,0,0,0,0,0,0,0,0,0,0,0,0,0,0,0,137.722,0,52.8901,-190.612
"MtrElec",5,15,19,"",-133.513,0,0,0,0,0,0,0,0,0,0,0,0,0,0,0,0,0,0,0,0,153.09,0,-224.226,-62.3766
"MtrElec",5,15,20,"",-83.8728,0,0,0,0,0,0,0,0,0,0,0,0,0,0,0,0,0,0,0,0,150.646,0,-224.226,-10.2926
"MtrElec",5,15,21,"",105.707,0,0,0,0,0,0,0,0,0,0,0,0,0,0,0,0,0,0,0,0,154.464,0,-48.7563,0
"MtrElec",5,15,22,"",124.494,0,0,0,0,0,0,0,0,0,0,0,0,0,0,0,0,0,0,0,0,124.494,0,0,0
"MtrElec",5,15,23,"",138.877,0,0,0,0,0,0,0,0,0,0,0,0,0,0,0,0,0,0,0,0,138.877,0,0,0
"MtrElec",5,15,24,"",117.504,0,0,0,0,0,0,0,0,0,0,0,0,0,0,0,0,0,0,0,0,117.504,0,0,0
"MtrElec",5,16,1,"",75.7997,0,0,0,0,0,0,0,0,0,0,0,0,0,0,0,0,0,0,0,0,75.7997,0,0,0
"MtrElec",5,16,2,"",71.615,0,0,0,0,0,0,0,0,0,0,0,0,0,0,0,0,0,0,0,0,71.615,0,0,0
"MtrElec",5,16,3,"",70.3297,0,0,0,0,0,0,0,0,0,0,0,0,0,0,0,0,0,0,0,0,70.3297,0,0,0
"MtrElec",5,16,4,"",72.7035,0,0,0,0,0,0,0,0,0,0,0,0,0,0,0,0,0,0,0,0,72.7035,0,0,0
"MtrElec",5,16,5,"",90.2327,0,0,0,0,0,0,0,0,0,0,0,0,0,0,0,0,0,0,0,0,90.2327,0,0,0
"MtrElec",5,16,6,"",72.1582,0,0,0,0,0,0,0,0,0,0,0,0,0,0,0,0,0,0,0,0,72.1582,0,0,0
"MtrElec",5,16,7,"",53.2242,0,0,0,0,0,0,0,0,0,0,0,0,0,0,0,0,0,0,0,0,79.8516,0,0,-26.6274
"MtrElec",5,16,8,"",11.7177,0,0,0,0,0,0,0,0,0,0,0,0,0,0,0,0,0,0,0,0,97.2794,0,0,-85.5618
"MtrElec",5,16,9,"",0,0,0,0,0,0,0,0,0,0,0,0,0,0,0,0,0,0,0,0,0,104.363,0,45.8862,-150.25
"MtrElec",5,16,10,"",5.22186,0,0,0,0,0,0,0,0,0,0,0,0,0,0,0,0,0,0,0,0,127.942,0,0,-122.72
"MtrElec",5,16,11,"",30.6949,0,0,0,0,0,0,0,0,0,0,0,0,0,0,0,0,0,0,0,0,198.049,0,0,-167.355
"MtrElec",5,16,12,"",0.0000078,0,0,0,0,0,0,0,0,0,0,0,0,0,0,0,0,0,0,0,0,165.84,0,111.679,-277.52
"MtrElec",5,16,13,"",0,0,0,0,0,0,0,0,0,0,0,0,0,0,0,0,0,0,0,0,0,159.569,0,186.469,-346.037
"MtrElec",5,16,14,"",0.0000078,0,0,0,0,0,0,0,0,0,0,0,0,0,0,0,0,0,0,0,0,128.74,0,184.459,-313.199
"MtrElec",5,16,15,"",0,0,0,0,0,0,0,0,0,0,0,0,0,0,0,0,0,0,0,0,0,177.372,0,25.9324,-203.304
"MtrElec",5,16,16,"",2.57272,0,0,0,0,0,0,0,0,0,0,0,0,0,0,0,0,0,0,0,0,122.736,0,0,-120.164
"MtrElec",5,16,17,"",48.3588,0,0,0,0,0,0,0,0,0,0,0,0,0,0,0,0,0,0,0,0,121.675,0,0,-73.3161
"MtrElec",5,16,18,"",78.936,0,0,0,0,0,0,0,0,0,0,0,0,0,0,0,0,0,0,0,0,132.965,0,0,-54.029
"MtrElec",5,16,19,"",-62.3778,0,0,0,0,0,0,0,0,0,0,0,0,0,0,0,0,0,0,0,0,161.849,0,-224.226,0
"MtrElec",5,16,20,"",-57.7912,0,0,0,0,0,0,0,0,0,0,0,0,0,0,0,0,0,0,0,0,166.435,0,-224.226,0
"MtrElec",5,16,21,"",89.638,0,0,0,0,0,0,0,0,0,0,0,0,0,0,0,0,0,0,0,0,141.554,0,-51.9157,0
"MtrElec",5,16,22,"",150.828,0,0,0,0,0,0,0,0,0,0,0,0,0,0,0,0,0,0,0,0,150.828,0,0,0
"MtrElec",5,16,23,"",110.231,0,0,0,0,0,0,0,0,0,0,0,0,0,0,0,0,0,0,0,0,110.231,0,0,0
"MtrElec",5,16,24,"",121.563,0,0,0,0,0,0,0,0,0,0,0,0,0,0,0,0,0,0,0,0,121.563,0,0,0
"MtrElec",5,17,1,"",86.9307,0,0,0,0,0,0,0,0,0,0,0,0,0,0,0,0,0,0,0,0,86.9307,0,0,0
"MtrElec",5,17,2,"",71.5297,0,0,0,0,0,0,0,0,0,0,0,0,0,0,0,0,0,0,0,0,71.5297,0,0,0
"MtrElec",5,17,3,"",71.7106,0,0,0,0,0,0,0,0,0,0,0,0,0,0,0,0,0,0,0,0,71.7106,0,0,0
"MtrElec",5,17,4,"",70.9855,0,0,0,0,0,0,0,0,0,0,0,0,0,0,0,0,0,0,0,0,70.9855,0,0,0
"MtrElec",5,17,5,"",67.7774,0,0,0,0,0,0,0,0,0,0,0,0,0,0,0,0,0,0,0,0,67.7774,0,0,0
"MtrElec",5,17,6,"",72.0562,0,0,0,0,0,0,0,0,0,0,0,0,0,0,0,0,0,0,0,0,72.0562,0,0,0
"MtrElec",5,17,7,"",58.3716,0,0,0,0,0,0,0,0,0,0,0,0,0,0,0,0,0,0,0,0,79.2139,0,0,-20.8423
"MtrElec",5,17,8,"",23.5233,0,0,0,0,0,0,0,0,0,0,0,0,0,0,0,0,0,0,0,0,94.3047,0,0,-70.7814
"MtrElec",5,17,9,"",36.7603,0,0,0,0,0,0,0,0,0,0,0,0,0,0,0,0,0,0,0,0,111.899,0,0,-75.1388
"MtrElec",5,17,10,"",63.2491,0,0,0,0,0,0,0,0,0,0,0,0,0,0,0,0,0,0,0,0,130.738,0,0,-67.4891
"MtrElec",5,17,11,"",100.704,0,0,0,0,0,0,0,0,0,0,0,0,0,0,0,0,0,0,0,0,175.511,0,0,-74.8068
"MtrElec",5,17,12,"",93.4558,0,0,0,0,0,0,0,0,0,0,0,0,0,0,0,0,0,0,0,0,152.956,0,0,-59.5006
"MtrElec",5,17,13,"",88.0995,0,0,0,0,0,0,0,0,0,0,0,0,0,0,0,0,0,0,0,0,140.925,0,0,-52.8253
"MtrElec",5,17,14,"",68.7281,0,0,0,0,0,0,0,0,0,0,0,0,0,0,0,0,0,0,0,0,141.194,0,0,-72.4663
"MtrElec",5,17,15,"",42.6458,0,0,0,0,0,0,0,0,0,0,0,0,0,0,0,0,0,0,0,0,148.279,0,0,-105.633
"MtrElec",5,17,16,"",84.4409,0,0,0,0,0,0,0,0,0,0,0,0,0,0,0,0,0,0,0,0,136.078,0,0,-51.6373
"MtrElec",5,17,17,"",87.9804,0,0,0,0,0,0,0,0,0,0,0,0,0,0,0,0,0,0,0,0,146.851,0,0,-58.8709
"MtrElec",5,17,18,"",121.928,0,0,0,0,0,0,0,0,0,0,0,0,0,0,0,0,0,0,0,0,143.739,0,0,-21.8111
"MtrElec",5,17,19,"",133.534,0,0,0,0,0,0,0,0,0,0,0,0,0,0,0,0,0,0,0,0,168.259,0,0,-34.7248
"MtrElec",5,17,20,"",162.511,0,0,0,0,0,0,0,0,0,0,0,0,0,0,0,0,0,0,0,0,170.91,0,0,-8.39918
"MtrElec",5,17,21,"",128.952,0,0,0,0,0,0,0,0,0,0,0,0,0,0,0,0,0,0,0,0,128.952,0,0,0
"MtrElec",5,17,22,"",115.088,0,0,0,0,0,0,0,0,0,0,0,0,0,0,0,0,0,0,0,0,115.088,0,0,0
"MtrElec",5,17,23,"",111.78,0,0,0,0,0,0,0,0,0,0,0,0,0,0,0,0,0,0,0,0,111.78,0,0,0
"MtrElec",5,17,24,"",124.941,0,0,0,0,0,0,0,0,0,0,0,0,0,0,0,0,0,0,0,0,124.941,0,0,0
"MtrElec",5,18,1,"",82.5247,0,0,0,0,0,0,0,0,0,0,0,0,0,0,0,0,0,0,0,0,82.5247,0,0,0
"MtrElec",5,18,2,"",75.8706,0,0,0,0,0,0,0,0,0,0,0,0,0,0,0,0,0,0,0,0,75.8706,0,0,0
"MtrElec",5,18,3,"",70.8405,0,0,0,0,0,0,0,0,0,0,0,0,0,0,0,0,0,0,0,0,70.8405,0,0,0
"MtrElec",5,18,4,"",68.6939,0,0,0,0,0,0,0,0,0,0,0,0,0,0,0,0,0,0,0,0,68.6939,0,0,0
"MtrElec",5,18,5,"",67.6382,0,0,0,0,0,0,0,0,0,0,0,0,0,0,0,0,0,0,0,0,67.6382,0,0,0
"MtrElec",5,18,6,"",74.9708,0,0,0,0,0,0,0,0,0,0,0,0,0,0,0,0,0,0,0,0,74.9708,0,0,0
"MtrElec",5,18,7,"",71.3214,0,0,0,0,0,0,0,0,0,0,0,0,0,0,0,0,0,0,0,0,94.6193,0,0,-23.2979
"MtrElec",5,18,8,"",0,0,0,0,0,0,0,0,0,0,0,0,0,0,0,0,0,0,0,0,0,97.4575,0,11.1276,-108.585
"MtrElec",5,18,9,"",0.0000078,0,0,0,0,0,0,0,0,0,0,0,0,0,0,0,0,0,0,0,0,119.132,0,130.025,-249.158
"MtrElec",5,18,10,"",-36.6728,0,0,0,0,0,0,0,0,0,0,0,0,0,0,0,0,0,0,0,0,115.797,0,224.226,-376.696
"MtrElec",5,18,11,"",-142.058,0,0,0,0,0,0,0,0,0,0,0,0,0,0,0,0,0,0,0,0,132.656,0,196.367,-471.081
"MtrElec",5,18,12,"",-414.671,0,0,0,0,0,0,0,0,0,0,0,0,0,0,0,0,0,0,0,0,115.781,0,0,-530.452
"MtrElec",5,18,13,"",-414.917,0,0,0,0,0,0,0,0,0,0,0,0,0,0,0,0,0,0,0,0,142.197,0,0,-557.113
"MtrElec",5,18,14,"",-461.382,0,0,0,0,0,0,0,0,0,0,0,0,0,0,0,0,0,0,0,0,88.9043,0,0,-550.286
"MtrElec",5,18,15,"",-417.044,0,0,0,0,0,0,0,0,0,0,0,0,0,0,0,0,0,0,0,0,93.7188,0,0,-510.763
"MtrElec",5,18,16,"",-335.729,0,0,0,0,0,0,0,0,0,0,0,0,0,0,0,0,0,0,0,0,98.8876,0,0,-434.616
"MtrElec",5,18,17,"",-207.408,0,0,0,0,0,0,0,0,0,0,0,0,0,0,0,0,0,0,0,0,118.972,0,0,-326.38
"MtrElec",5,18,18,"",-50.8571,0,0,0,0,0,0,0,0,0,0,0,0,0,0,0,0,0,0,0,0,141.375,0,0,-192.232
"MtrElec",5,18,19,"",-110.373,0,0,0,0,0,0,0,0,0,0,0,0,0,0,0,0,0,0,0,0,172.436,0,-224.226,-58.5825
"MtrElec",5,18,20,"",-81.5421,0,0,0,0,0,0,0,0,0,0,0,0,0,0,0,0,0,0,0,0,151.23,0,-224.226,-8.54612
"MtrElec",5,18,21,"",122.768,0,0,0,0,0,0,0,0,0,0,0,0,0,0,0,0,0,0,0,0,181.291,0,-58.5231,0
"MtrElec",5,18,22,"",118.032,0,0,0,0,0,0,0,0,0,0,0,0,0,0,0,0,0,0,0,0,118.032,0,0,0
"MtrElec",5,18,23,"",126.093,0,0,0,0,0,0,0,0,0,0,0,0,0,0,0,0,0,0,0,0,126.093,0,0,0
"MtrElec",5,18,24,"",110.677,0,0,0,0,0,0,0,0,0,0,0,0,0,0,0,0,0,0,0,0,110.677,0,0,0
"MtrElec",5,19,1,"",75.7717,0,0,0,0,0,0,0,0,0,0,0,0,0,0,0,0,0,0,0,0,75.7717,0,0,0
"MtrElec",5,19,2,"",74.8357,0,0,0,0,0,0,0,0,0,0,0,0,0,0,0,0,0,0,0,0,74.8357,0,0,0
"MtrElec",5,19,3,"",70.7245,0,0,0,0,0,0,0,0,0,0,0,0,0,0,0,0,0,0,0,0,70.7245,0,0,0
"MtrElec",5,19,4,"",69.336,0,0,0,0,0,0,0,0,0,0,0,0,0,0,0,0,0,0,0,0,69.336,0,0,0
"MtrElec",5,19,5,"",68.3574,0,0,0,0,0,0,0,0,0,0,0,0,0,0,0,0,0,0,0,0,68.3574,0,0,0
"MtrElec",5,19,6,"",75.8642,0,0,0,0,0,0,0,0,0,0,0,0,0,0,0,0,0,0,0,0,75.8642,0,0,0
"MtrElec",5,19,7,"",73.3852,0,0,0,0,0,0,0,0,0,0,0,0,0,0,0,0,0,0,0,0,95.4611,0,0,-22.0759
"MtrElec",5,19,8,"",0,0,0,0,0,0,0,0,0,0,0,0,0,0,0,0,0,0,0,0,0,96.3817,0,11.2949,-107.677
"MtrElec",5,19,9,"",0.0000078,0,0,0,0,0,0,0,0,0,0,0,0,0,0,0,0,0,0,0,0,100.203,0,150.325,-250.528
"MtrElec",5,19,10,"",-39.8144,0,0,0,0,0,0,0,0,0,0,0,0,0,0,0,0,0,0,0,0,113.472,0,224.226,-377.513
"MtrElec",5,19,11,"",-154.322,0,0,0,0,0,0,0,0,0,0,0,0,0,0,0,0,0,0,0,0,137.062,0,175.9,-467.284
"MtrElec",5,19,12,"",-409.293,0,0,0,0,0,0,0,0,0,0,0,0,0,0,0,0,0,0,0,0,112.873,0,0,-522.165
"MtrElec",5,19,13,"",-446.383,0,0,0,0,0,0,0,0,0,0,0,0,0,0,0,0,0,0,0,0,99.8481,0,0,-546.231
"MtrElec",5,19,14,"",-430.717,0,0,0,0,0,0,0,0,0,0,0,0,0,0,0,0,0,0,0,0,103.512,0,0,-534.229
"MtrElec",5,19,15,"",-388.578,0,0,0,0,0,0,0,0,0,0,0,0,0,0,0,0,0,0,0,0,94.1959,0,0,-482.774
"MtrElec",5,19,16,"",-303.132,0,0,0,0,0,0,0,0,0,0,0,0,0,0,0,0,0,0,0,0,112.684,0,0,-415.816
"MtrElec",5,19,17,"",-183.776,0,0,0,0,0,0,0,0,0,0,0,0,0,0,0,0,0,0,0,0,138.553,0,0,-322.329
"MtrElec",5,19,18,"",-41.281,0,0,0,0,0,0,0,0,0,0,0,0,0,0,0,0,0,0,0,0,149.656,0,0,-190.937
"MtrElec",5,19,19,"",-109.055,0,0,0,0,0,0,0,0,0,0,0,0,0,0,0,0,0,0,0,0,173.725,0,-224.226,-58.5541
"MtrElec",5,19,20,"",-74.141,0,0,0,0,0,0,0,0,0,0,0,0,0,0,0,0,0,0,0,0,158.923,0,-224.226,-8.83772
"MtrElec",5,19,21,"",118.051,0,0,0,0,0,0,0,0,0,0,0,0,0,0,0,0,0,0,0,0,176.574,0,-58.5231,0
"MtrElec",5,19,22,"",132.051,0,0,0,0,0,0,0,0,0,0,0,0,0,0,0,0,0,0,0,0,132.051,0,0,0
"MtrElec",5,19,23,"",130.874,0,0,0,0,0,0,0,0,0,0,0,0,0,0,0,0,0,0,0,0,130.874,0,0,0
"MtrElec",5,19,24,"",106.022,0,0,0,0,0,0,0,0,0,0,0,0,0,0,0,0,0,0,0,0,106.022,0,0,0
"MtrElec",5,20,1,"",92.9283,0,0,0,0,0,0,0,0,0,0,0,0,0,0,0,0,0,0,0,0,92.9283,0,0,0
"MtrElec",5,20,2,"",75.914,0,0,0,0,0,0,0,0,0,0,0,0,0,0,0,0,0,0,0,0,75.914,0,0,0
"MtrElec",5,20,3,"",72.4216,0,0,0,0,0,0,0,0,0,0,0,0,0,0,0,0,0,0,0,0,72.4216,0,0,0
"MtrElec",5,20,4,"",77.7125,0,0,0,0,0,0,0,0,0,0,0,0,0,0,0,0,0,0,0,0,77.7125,0,0,0
"MtrElec",5,20,5,"",69.3726,0,0,0,0,0,0,0,0,0,0,0,0,0,0,0,0,0,0,0,0,69.3726,0,0,0
"MtrElec",5,20,6,"",75.5455,0,0,0,0,0,0,0,0,0,0,0,0,0,0,0,0,0,0,0,0,75.5455,0,0,0
"MtrElec",5,20,7,"",59.7507,0,0,0,0,0,0,0,0,0,0,0,0,0,0,0,0,0,0,0,0,83.3968,0,0,-23.6461
"MtrElec",5,20,8,"",0.0000010,0,0,0,0,0,0,0,0,0,0,0,0,0,0,0,0,0,0,0,0,93.4807,0,13.6343,-107.115
"MtrElec",5,20,9,"",0,0,0,0,0,0,0,0,0,0,0,0,0,0,0,0,0,0,0,0,0,119.775,0,122.379,-242.155
"MtrElec",5,20,10,"",0,0,0,0,0,0,0,0,0,0,0,0,0,0,0,0,0,0,0,0,0,141.381,0,222.947,-364.328
"MtrElec",5,20,11,"",-75.8288,0,0,0,0,0,0,0,0,0,0,0,0,0,0,0,0,0,0,0,0,174.949,0,202.786,-453.563
"MtrElec",5,20,12,"",-367.74,0,0,0,0,0,0,0,0,0,0,0,0,0,0,0,0,0,0,0,0,138.852,0,0,-506.592
"MtrElec",5,20,13,"",-405.525,0,0,0,0,0,0,0,0,0,0,0,0,0,0,0,0,0,0,0,0,122.495,0,0,-528.02
"MtrElec",5,20,14,"",-412.892,0,0,0,0,0,0,0,0,0,0,0,0,0,0,0,0,0,0,0,0,105.046,0,0,-517.938
"MtrElec",5,20,15,"",-366.442,0,0,0,0,0,0,0,0,0,0,0,0,0,0,0,0,0,0,0,0,112.126,0,0,-478.568
"MtrElec",5,20,16,"",-298.625,0,0,0,0,0,0,0,0,0,0,0,0,0,0,0,0,0,0,0,0,117.347,0,0,-415.972
"MtrElec",5,20,17,"",-175.282,0,0,0,0,0,0,0,0,0,0,0,0,0,0,0,0,0,0,0,0,139.886,0,0,-315.168
"MtrElec",5,20,18,"",-9.67144,0,0,0,0,0,0,0,0,0,0,0,0,0,0,0,0,0,0,0,0,175.674,0,0,-185.346
"MtrElec",5,20,19,"",-86.1565,0,0,0,0,0,0,0,0,0,0,0,0,0,0,0,0,0,0,0,0,196.065,0,-224.226,-57.9946
"MtrElec",5,20,20,"",-43.8519,0,0,0,0,0,0,0,0,0,0,0,0,0,0,0,0,0,0,0,0,188.937,0,-224.226,-8.56276
"MtrElec",5,20,21,"",142.276,0,0,0,0,0,0,0,0,0,0,0,0,0,0,0,0,0,0,0,0,200.799,0,-58.5231,0
"MtrElec",5,20,22,"",177.543,0,0,0,0,0,0,0,0,0,0,0,0,0,0,0,0,0,0,0,0,177.543,0,0,0
"MtrElec",5,20,23,"",163.295,0,0,0,0,0,0,0,0,0,0,0,0,0,0,0,0,0,0,0,0,163.295,0,0,0
"MtrElec",5,20,24,"",137.839,0,0,0,0,0,0,0,0,0,0,0,0,0,0,0,0,0,0,0,0,137.839,0,0,0
"MtrElec",5,21,1,"",91.1383,0,0,0,0,0,0,0,0,0,0,0,0,0,0,0,0,0,0,0,0,91.1383,0,0,0
"MtrElec",5,21,2,"",78.4625,0,0,0,0,0,0,0,0,0,0,0,0,0,0,0,0,0,0,0,0,78.4625,0,0,0
"MtrElec",5,21,3,"",72.9846,0,0,0,0,0,0,0,0,0,0,0,0,0,0,0,0,0,0,0,0,72.9846,0,0,0
"MtrElec",5,21,4,"",71.1905,0,0,0,0,0,0,0,0,0,0,0,0,0,0,0,0,0,0,0,0,71.1905,0,0,0
"MtrElec",5,21,5,"",70.0093,0,0,0,0,0,0,0,0,0,0,0,0,0,0,0,0,0,0,0,0,70.0093,0,0,0
"MtrElec",5,21,6,"",76.1999,0,0,0,0,0,0,0,0,0,0,0,0,0,0,0,0,0,0,0,0,76.1999,0,0,0
"MtrElec",5,21,7,"",62.0595,0,0,0,0,0,0,0,0,0,0,0,0,0,0,0,0,0,0,0,0,85.4024,0,0,-23.343
"MtrElec",5,21,8,"",3.39292,0,0,0,0,0,0,0,0,0,0,0,0,0,0,0,0,0,0,0,0,108.722,0,0,-105.329
"MtrElec",5,21,9,"",0.0000078,0,0,0,0,0,0,0,0,0,0,0,0,0,0,0,0,0,0,0,0,127.542,0,109.346,-236.888
"MtrElec",5,21,10,"",0,0,0,0,0,0,0,0,0,0,0,0,0,0,0,0,0,0,0,0,0,160.03,0,192.448,-352.478
"MtrElec",5,21,11,"",-45.7678,0,0,0,0,0,0,0,0,0,0,0,0,0,0,0,0,0,0,0,0,171.314,0,224.226,-441.309
"MtrElec",5,21,12,"",-300.606,0,0,0,0,0,0,0,0,0,0,0,0,0,0,0,0,0,0,0,0,166.134,0,35.7258,-502.466
"MtrElec",5,21,13,"",-317.494,0,0,0,0,0,0,0,0,0,0,0,0,0,0,0,0,0,0,0,0,217.301,0,0,-534.795
"MtrElec",5,21,14,"",-376.409,0,0,0,0,0,0,0,0,0,0,0,0,0,0,0,0,0,0,0,0,154.291,0,0,-530.7
"MtrElec",5,21,15,"",-315.563,0,0,0,0,0,0,0,0,0,0,0,0,0,0,0,0,0,0,0,0,176.623,0,0,-492.186
"MtrElec",5,21,16,"",-233.036,0,0,0,0,0,0,0,0,0,0,0,0,0,0,0,0,0,0,0,0,187.324,0,0,-420.36
"MtrElec",5,21,17,"",-102.506,0,0,0,0,0,0,0,0,0,0,0,0,0,0,0,0,0,0,0,0,213.426,0,0,-315.933
"MtrElec",5,21,18,"",36.338,0,0,0,0,0,0,0,0,0,0,0,0,0,0,0,0,0,0,0,0,223.422,0,0,-187.085
"MtrElec",5,21,19,"",-34.3675,0,0,0,0,0,0,0,0,0,0,0,0,0,0,0,0,0,0,0,0,247.107,0,-224.226,-57.2482
"MtrElec",5,21,20,"",21.4425,0,0,0,0,0,0,0,0,0,0,0,0,0,0,0,0,0,0,0,0,254.281,0,-224.226,-8.61221
"MtrElec",5,21,21,"",143.921,0,0,0,0,0,0,0,0,0,0,0,0,0,0,0,0,0,0,0,0,202.444,0,-58.5231,0
"MtrElec",5,21,22,"",176.233,0,0,0,0,0,0,0,0,0,0,0,0,0,0,0,0,0,0,0,0,176.233,0,0,0
"MtrElec",5,21,23,"",177.791,0,0,0,0,0,0,0,0,0,0,0,0,0,0,0,0,0,0,0,0,177.791,0,0,0
"MtrElec",5,21,24,"",140.148,0,0,0,0,0,0,0,0,0,0,0,0,0,0,0,0,0,0,0,0,140.148,0,0,0
"MtrElec",5,22,1,"",92.7563,0,0,0,0,0,0,0,0,0,0,0,0,0,0,0,0,0,0,0,0,92.7563,0,0,0
"MtrElec",5,22,2,"",82.6376,0,0,0,0,0,0,0,0,0,0,0,0,0,0,0,0,0,0,0,0,82.6376,0,0,0
"MtrElec",5,22,3,"",75.151,0,0,0,0,0,0,0,0,0,0,0,0,0,0,0,0,0,0,0,0,75.151,0,0,0
"MtrElec",5,22,4,"",71.515,0,0,0,0,0,0,0,0,0,0,0,0,0,0,0,0,0,0,0,0,71.515,0,0,0
"MtrElec",5,22,5,"",70.1628,0,0,0,0,0,0,0,0,0,0,0,0,0,0,0,0,0,0,0,0,70.1628,0,0,0
"MtrElec",5,22,6,"",76.2654,0,0,0,0,0,0,0,0,0,0,0,0,0,0,0,0,0,0,0,0,76.2654,0,0,0
"MtrElec",5,22,7,"",62.5954,0,0,0,0,0,0,0,0,0,0,0,0,0,0,0,0,0,0,0,0,84.6535,0,0,-22.0581
"MtrElec",5,22,8,"",1.64952,0,0,0,0,0,0,0,0,0,0,0,0,0,0,0,0,0,0,0,0,107.826,0,0,-106.176
"MtrElec",5,22,9,"",0,0,0,0,0,0,0,0,0,0,0,0,0,0,0,0,0,0,0,0,0,137.801,0,104.849,-242.649
"MtrElec",5,22,10,"",0,0,0,0,0,0,0,0,0,0,0,0,0,0,0,0,0,0,0,0,0,158.576,0,203.736,-362.313
"MtrElec",5,22,11,"",-10.8055,0,0,0,0,0,0,0,0,0,0,0,0,0,0,0,0,0,0,0,0,215.41,0,224.226,-450.442
"MtrElec",5,22,12,"",-315.936,0,0,0,0,0,0,0,0,0,0,0,0,0,0,0,0,0,0,0,0,163.121,0,28.935,-507.992
"MtrElec",5,22,13,"",-339.686,0,0,0,0,0,0,0,0,0,0,0,0,0,0,0,0,0,0,0,0,193.657,0,0,-533.344
"MtrElec",5,22,14,"",-377.346,0,0,0,0,0,0,0,0,0,0,0,0,0,0,0,0,0,0,0,0,148.945,0,0,-526.291
"MtrElec",5,22,15,"",-324.061,0,0,0,0,0,0,0,0,0,0,0,0,0,0,0,0,0,0,0,0,162.696,0,0,-486.757
"MtrElec",5,22,16,"",-226.021,0,0,0,0,0,0,0,0,0,0,0,0,0,0,0,0,0,0,0,0,188.149,0,0,-414.171
"MtrElec",5,22,17,"",-75.9232,0,0,0,0,0,0,0,0,0,0,0,0,0,0,0,0,0,0,0,0,234.18,0,0,-310.103
"MtrElec",5,22,18,"",40.7928,0,0,0,0,0,0,0,0,0,0,0,0,0,0,0,0,0,0,0,0,223.47,0,0,-182.678
"MtrElec",5,22,19,"",-40.3022,0,0,0,0,0,0,0,0,0,0,0,0,0,0,0,0,0,0,0,0,243.22,0,-224.226,-59.2954
"MtrElec",5,22,20,"",-11.227,0,0,0,0,0,0,0,0,0,0,0,0,0,0,0,0,0,0,0,0,222.1,0,-224.226,-9.10049
"MtrElec",5,22,21,"",171.378,0,0,0,0,0,0,0,0,0,0,0,0,0,0,0,0,0,0,0,0,229.901,0,-58.5231,0
"MtrElec",5,22,22,"",172.152,0,0,0,0,0,0,0,0,0,0,0,0,0,0,0,0,0,0,0,0,172.152,0,0,0
"MtrElec",5,22,23,"",154.101,0,0,0,0,0,0,0,0,0,0,0,0,0,0,0,0,0,0,0,0,154.101,0,0,0
"MtrElec",5,22,24,"",143.004,0,0,0,0,0,0,0,0,0,0,0,0,0,0,0,0,0,0,0,0,143.004,0,0,0
"MtrElec",5,23,1,"",103.463,0,0,0,0,0,0,0,0,0,0,0,0,0,0,0,0,0,0,0,0,103.463,0,0,0
"MtrElec",5,23,2,"",80.8281,0,0,0,0,0,0,0,0,0,0,0,0,0,0,0,0,0,0,0,0,80.8281,0,0,0
"MtrElec",5,23,3,"",75.9389,0,0,0,0,0,0,0,0,0,0,0,0,0,0,0,0,0,0,0,0,75.9389,0,0,0
"MtrElec",5,23,4,"",73.6046,0,0,0,0,0,0,0,0,0,0,0,0,0,0,0,0,0,0,0,0,73.6046,0,0,0
"MtrElec",5,23,5,"",70.6709,0,0,0,0,0,0,0,0,0,0,0,0,0,0,0,0,0,0,0,0,70.6709,0,0,0
"MtrElec",5,23,6,"",74.1721,0,0,0,0,0,0,0,0,0,0,0,0,0,0,0,0,0,0,0,0,74.1721,0,0,0
"MtrElec",5,23,7,"",58.5949,0,0,0,0,0,0,0,0,0,0,0,0,0,0,0,0,0,0,0,0,82.9594,0,0,-24.3645
"MtrElec",5,23,8,"",6.20681,0,0,0,0,0,0,0,0,0,0,0,0,0,0,0,0,0,0,0,0,112.285,0,0,-106.078
"MtrElec",5,23,9,"",0,0,0,0,0,0,0,0,0,0,0,0,0,0,0,0,0,0,0,0,0,124.029,0,112.311,-236.34
"MtrElec",5,23,10,"",0.0000156,0,0,0,0,0,0,0,0,0,0,0,0,0,0,0,0,0,0,0,0,142.23,0,207.224,-349.453
"MtrElec",5,23,11,"",-23.2654,0,0,0,0,0,0,0,0,0,0,0,0,0,0,0,0,0,0,0,0,192.815,0,224.226,-440.307
"MtrElec",5,23,12,"",-265.909,0,0,0,0,0,0,0,0,0,0,0,0,0,0,0,0,0,0,0,0,216.326,0,17.9855,-500.22
"MtrElec",5,23,13,"",-324.783,0,0,0,0,0,0,0,0,0,0,0,0,0,0,0,0,0,0,0,0,212.56,0,0,-537.342
"MtrElec",5,23,14,"",-334.388,0,0,0,0,0,0,0,0,0,0,0,0,0,0,0,0,0,0,0,0,204.746,0,0,-539.134
"MtrElec",5,23,15,"",-276.074,0,0,0,0,0,0,0,0,0,0,0,0,0,0,0,0,0,0,0,0,222.141,0,0,-498.215
"MtrElec",5,23,16,"",-222.903,0,0,0,0,0,0,0,0,0,0,0,0,0,0,0,0,0,0,0,0,202.849,0,0,-425.752
"MtrElec",5,23,17,"",-115.877,0,0,0,0,0,0,0,0,0,0,0,0,0,0,0,0,0,0,0,0,203.337,0,0,-319.214
"MtrElec",5,23,18,"",39.0783,0,0,0,0,0,0,0,0,0,0,0,0,0,0,0,0,0,0,0,0,227.888,0,0,-188.81
"MtrElec",5,23,19,"",15.9219,0,0,0,0,0,0,0,0,0,0,0,0,0,0,0,0,0,0,0,0,298.553,0,-224.226,-58.405
"MtrElec",5,23,20,"",21.555,0,0,0,0,0,0,0,0,0,0,0,0,0,0,0,0,0,0,0,0,254.413,0,-224.226,-8.63108
"MtrElec",5,23,21,"",161.53,0,0,0,0,0,0,0,0,0,0,0,0,0,0,0,0,0,0,0,0,220.053,0,-58.5231,0
"MtrElec",5,23,22,"",207.515,0,0,0,0,0,0,0,0,0,0,0,0,0,0,0,0,0,0,0,0,207.515,0,0,0
"MtrElec",5,23,23,"",127.636,0,0,0,0,0,0,0,0,0,0,0,0,0,0,0,0,0,0,0,0,127.636,0,0,0
"MtrElec",5,23,24,"",123.419,0,0,0,0,0,0,0,0,0,0,0,0,0,0,0,0,0,0,0,0,123.419,0,0,0
"MtrElec",5,24,1,"",94.8223,0,0,0,0,0,0,0,0,0,0,0,0,0,0,0,0,0,0,0,0,94.8223,0,0,0
"MtrElec",5,24,2,"",78.4837,0,0,0,0,0,0,0,0,0,0,0,0,0,0,0,0,0,0,0,0,78.4837,0,0,0
"MtrElec",5,24,3,"",74.0642,0,0,0,0,0,0,0,0,0,0,0,0,0,0,0,0,0,0,0,0,74.0642,0,0,0
"MtrElec",5,24,4,"",76.8011,0,0,0,0,0,0,0,0,0,0,0,0,0,0,0,0,0,0,0,0,76.8011,0,0,0
"MtrElec",5,24,5,"",100.806,0,0,0,0,0,0,0,0,0,0,0,0,0,0,0,0,0,0,0,0,100.806,0,0,0
"MtrElec",5,24,6,"",74.1697,0,0,0,0,0,0,0,0,0,0,0,0,0,0,0,0,0,0,0,0,74.1697,0,0,0
"MtrElec",5,24,7,"",57.4929,0,0,0,0,0,0,0,0,0,0,0,0,0,0,0,0,0,0,0,0,82.8024,0,0,-25.3095
"MtrElec",5,24,8,"",2.43143,0,0,0,0,0,0,0,0,0,0,0,0,0,0,0,0,0,0,0,0,107.377,0,0,-104.946
"MtrElec",5,24,9,"",0.0000078,0,0,0,0,0,0,0,0,0,0,0,0,0,0,0,0,0,0,0,0,123.893,0,111.325,-235.218
"MtrElec",5,24,10,"",0.0000156,0,0,0,0,0,0,0,0,0,0,0,0,0,0,0,0,0,0,0,0,146.886,0,185.001,-331.887
"MtrElec",5,24,11,"",-29.2309,0,0,0,0,0,0,0,0,0,0,0,0,0,0,0,0,0,0,0,0,171.997,0,224.226,-425.454
"MtrElec",5,24,12,"",-201.987,0,0,0,0,0,0,0,0,0,0,0,0,0,0,0,0,0,0,0,0,170.191,0,41.1939,-413.372
"MtrElec",5,24,13,"",-288.701,0,0,0,0,0,0,0,0,0,0,0,0,0,0,0,0,0,0,0,0,169.803,0,0,-458.504
"MtrElec",5,24,14,"",-373.74,0,0,0,0,0,0,0,0,0,0,0,0,0,0,0,0,0,0,0,0,147.779,0,0,-521.519
"MtrElec",5,24,15,"",-334.975,0,0,0,0,0,0,0,0,0,0,0,0,0,0,0,0,0,0,0,0,166.81,0,0,-501.785
"MtrElec",5,24,16,"",-288.502,0,0,0,0,0,0,0,0,0,0,0,0,0,0,0,0,0,0,0,0,142.919,0,0,-431.421
"MtrElec",5,24,17,"",-165.014,0,0,0,0,0,0,0,0,0,0,0,0,0,0,0,0,0,0,0,0,161.786,0,0,-326.8
"MtrElec",5,24,18,"",-3.49227,0,0,0,0,0,0,0,0,0,0,0,0,0,0,0,0,0,0,0,0,191.312,0,0,-194.804
"MtrElec",5,24,19,"",-79.1557,0,0,0,0,0,0,0,0,0,0,0,0,0,0,0,0,0,0,0,0,205.936,0,-224.226,-60.8651
"MtrElec",5,24,20,"",-48.1609,0,0,0,0,0,0,0,0,0,0,0,0,0,0,0,0,0,0,0,0,185.485,0,-224.226,-9.41974
"MtrElec",5,24,21,"",119.135,0,0,0,0,0,0,0,0,0,0,0,0,0,0,0,0,0,0,0,0,177.658,0,-58.5231,0
"MtrElec",5,24,22,"",187.878,0,0,0,0,0,0,0,0,0,0,0,0,0,0,0,0,0,0,0,0,187.878,0,0,0
"MtrElec",5,24,23,"",109.666,0,0,0,0,0,0,0,0,0,0,0,0,0,0,0,0,0,0,0,0,109.666,0,0,0
"MtrElec",5,24,24,"",104.422,0,0,0,0,0,0,0,0,0,0,0,0,0,0,0,0,0,0,0,0,104.422,0,0,0
"MtrElec",5,25,1,"",84.9452,0,0,0,0,0,0,0,0,0,0,0,0,0,0,0,0,0,0,0,0,84.9452,0,0,0
"MtrElec",5,25,2,"",75.584,0,0,0,0,0,0,0,0,0,0,0,0,0,0,0,0,0,0,0,0,75.584,0,0,0
"MtrElec",5,25,3,"",70.3525,0,0,0,0,0,0,0,0,0,0,0,0,0,0,0,0,0,0,0,0,70.3525,0,0,0
"MtrElec",5,25,4,"",70.5242,0,0,0,0,0,0,0,0,0,0,0,0,0,0,0,0,0,0,0,0,70.5242,0,0,0
"MtrElec",5,25,5,"",69.5363,0,0,0,0,0,0,0,0,0,0,0,0,0,0,0,0,0,0,0,0,69.5363,0,0,0
"MtrElec",5,25,6,"",73.8657,0,0,0,0,0,0,0,0,0,0,0,0,0,0,0,0,0,0,0,0,73.8657,0,0,0
"MtrElec",5,25,7,"",56.5051,0,0,0,0,0,0,0,0,0,0,0,0,0,0,0,0,0,0,0,0,83.9577,0,0,-27.4527
"MtrElec",5,25,8,"",45.4767,0,0,0,0,0,0,0,0,0,0,0,0,0,0,0,0,0,0,0,0,98.5528,0,0,-53.0761
"MtrElec",5,25,9,"",38.4123,0,0,0,0,0,0,0,0,0,0,0,0,0,0,0,0,0,0,0,0,135.228,0,0,-96.8153
"MtrElec",5,25,10,"",0,0,0,0,0,0,0,0,0,0,0,0,0,0,0,0,0,0,0,0,0,237.708,0,29.756,-267.464
"MtrElec",5,25,11,"",0,0,0,0,0,0,0,0,0,0,0,0,0,0,0,0,0,0,0,0,0,176.927,0,71.5494,-248.476
"MtrElec",5,25,12,"",0,0,0,0,0,0,0,0,0,0,0,0,0,0,0,0,0,0,0,0,0,195.732,0,66.9719,-262.704
"MtrElec",5,25,13,"",0.0000156,0,0,0,0,0,0,0,0,0,0,0,0,0,0,0,0,0,0,0,0,156.909,0,211.581,-368.49
"MtrElec",5,25,14,"",-208.558,0,0,0,0,0,0,0,0,0,0,0,0,0,0,0,0,0,0,0,0,164.647,0,181.888,-555.092
"MtrElec",5,25,15,"",-387.006,0,0,0,0,0,0,0,0,0,0,0,0,0,0,0,0,0,0,0,0,128.201,0,0,-515.207
"MtrElec",5,25,16,"",-306.244,0,0,0,0,0,0,0,0,0,0,0,0,0,0,0,0,0,0,0,0,134.664,0,0,-440.907
"MtrElec",5,25,17,"",-163.823,0,0,0,0,0,0,0,0,0,0,0,0,0,0,0,0,0,0,0,0,169.079,0,0,-332.902
"MtrElec",5,25,18,"",-43.6635,0,0,0,0,0,0,0,0,0,0,0,0,0,0,0,0,0,0,0,0,154.667,0,0,-198.33
"MtrElec",5,25,19,"",-92.9365,0,0,0,0,0,0,0,0,0,0,0,0,0,0,0,0,0,0,0,0,193.69,0,-224.226,-62.4004
"MtrElec",5,25,20,"",-81.1865,0,0,0,0,0,0,0,0,0,0,0,0,0,0,0,0,0,0,0,0,152.667,0,-224.226,-9.62736
"MtrElec",5,25,21,"",76.4298,0,0,0,0,0,0,0,0,0,0,0,0,0,0,0,0,0,0,0,0,134.953,0,-58.5231,0
"MtrElec",5,25,22,"",126.65,0,0,0,0,0,0,0,0,0,0,0,0,0,0,0,0,0,0,0,0,126.65,0,0,0
"MtrElec",5,25,23,"",121.635,0,0,0,0,0,0,0,0,0,0,0,0,0,0,0,0,0,0,0,0,121.635,0,0,0
"MtrElec",5,25,24,"",120.527,0,0,0,0,0,0,0,0,0,0,0,0,0,0,0,0,0,0,0,0,120.527,0,0,0
"MtrElec",5,26,1,"",76.4497,0,0,0,0,0,0,0,0,0,0,0,0,0,0,0,0,0,0,0,0,76.4497,0,0,0
"MtrElec",5,26,2,"",73.7739,0,0,0,0,0,0,0,0,0,0,0,0,0,0,0,0,0,0,0,0,73.7739,0,0,0
"MtrElec",5,26,3,"",70.6149,0,0,0,0,0,0,0,0,0,0,0,0,0,0,0,0,0,0,0,0,70.6149,0,0,0
"MtrElec",5,26,4,"",70.0045,0,0,0,0,0,0,0,0,0,0,0,0,0,0,0,0,0,0,0,0,70.0045,0,0,0
"MtrElec",5,26,5,"",69.1047,0,0,0,0,0,0,0,0,0,0,0,0,0,0,0,0,0,0,0,0,69.1047,0,0,0
"MtrElec",5,26,6,"",75.2404,0,0,0,0,0,0,0,0,0,0,0,0,0,0,0,0,0,0,0,0,75.2404,0,0,0
"MtrElec",5,26,7,"",56.0615,0,0,0,0,0,0,0,0,0,0,0,0,0,0,0,0,0,0,0,0,83.5783,0,0,-27.5168
"MtrElec",5,26,8,"",40.0802,0,0,0,0,0,0,0,0,0,0,0,0,0,0,0,0,0,0,0,0,99.4529,0,0,-59.3727
"MtrElec",5,26,9,"",12.9724,0,0,0,0,0,0,0,0,0,0,0,0,0,0,0,0,0,0,0,0,138.357,0,0,-125.385
"MtrElec",5,26,10,"",0.0000078,0,0,0,0,0,0,0,0,0,0,0,0,0,0,0,0,0,0,0,0,146.035,0,94.0123,-240.047
"MtrElec",5,26,11,"",0,0,0,0,0,0,0,0,0,0,0,0,0,0,0,0,0,0,0,0,0,163.548,0,107.478,-271.026
"MtrElec",5,26,12,"",0.0000156,0,0,0,0,0,0,0,0,0,0,0,0,0,0,0,0,0,0,0,0,130.954,0,149.099,-280.053
"MtrElec",5,26,13,"",-121.563,0,0,0,0,0,0,0,0,0,0,0,0,0,0,0,0,0,0,0,0,164.026,0,211.157,-496.747
"MtrElec",5,26,14,"",-453.224,0,0,0,0,0,0,0,0,0,0,0,0,0,0,0,0,0,0,0,0,94.1914,0,0,-547.415
"MtrElec",5,26,15,"",-402.821,0,0,0,0,0,0,0,0,0,0,0,0,0,0,0,0,0,0,0,0,104.215,0,0,-507.036
"MtrElec",5,26,16,"",-316.217,0,0,0,0,0,0,0,0,0,0,0,0,0,0,0,0,0,0,0,0,116.859,0,0,-433.076
"MtrElec",5,26,17,"",-175.086,0,0,0,0,0,0,0,0,0,0,0,0,0,0,0,0,0,0,0,0,150.783,0,0,-325.869
"MtrElec",5,26,18,"",-63.3294,0,0,0,0,0,0,0,0,0,0,0,0,0,0,0,0,0,0,0,0,131.063,0,0,-194.393
"MtrElec",5,26,19,"",-142.763,0,0,0,0,0,0,0,0,0,0,0,0,0,0,0,0,0,0,0,0,144.108,0,-224.226,-62.6446
"MtrElec",5,26,20,"",-70.4554,0,0,0,0,0,0,0,0,0,0,0,0,0,0,0,0,0,0,0,0,163.745,0,-224.226,-9.97411
"MtrElec",5,26,21,"",132.149,0,0,0,0,0,0,0,0,0,0,0,0,0,0,0,0,0,0,0,0,190.672,0,-58.5231,0
"MtrElec",5,26,22,"",119.47,0,0,0,0,0,0,0,0,0,0,0,0,0,0,0,0,0,0,0,0,119.47,0,0,0
"MtrElec",5,26,23,"",120.481,0,0,0,0,0,0,0,0,0,0,0,0,0,0,0,0,0,0,0,0,120.481,0,0,0
"MtrElec",5,26,24,"",122.577,0,0,0,0,0,0,0,0,0,0,0,0,0,0,0,0,0,0,0,0,122.577,0,0,0
"MtrElec",5,27,1,"",76.5043,0,0,0,0,0,0,0,0,0,0,0,0,0,0,0,0,0,0,0,0,76.5043,0,0,0
"MtrElec",5,27,2,"",72.0968,0,0,0,0,0,0,0,0,0,0,0,0,0,0,0,0,0,0,0,0,72.0968,0,0,0
"MtrElec",5,27,3,"",69.8448,0,0,0,0,0,0,0,0,0,0,0,0,0,0,0,0,0,0,0,0,69.8448,0,0,0
"MtrElec",5,27,4,"",70.0086,0,0,0,0,0,0,0,0,0,0,0,0,0,0,0,0,0,0,0,0,70.0086,0,0,0
"MtrElec",5,27,5,"",69.1078,0,0,0,0,0,0,0,0,0,0,0,0,0,0,0,0,0,0,0,0,69.1078,0,0,0
"MtrElec",5,27,6,"",77.4713,0,0,0,0,0,0,0,0,0,0,0,0,0,0,0,0,0,0,0,0,77.4713,0,0,0
"MtrElec",5,27,7,"",76.0388,0,0,0,0,0,0,0,0,0,0,0,0,0,0,0,0,0,0,0,0,103.926,0,0,-27.8871
"MtrElec",5,27,8,"",30.8561,0,0,0,0,0,0,0,0,0,0,0,0,0,0,0,0,0,0,0,0,111.192,0,0,-80.336
"MtrElec",5,27,9,"",0,0,0,0,0,0,0,0,0,0,0,0,0,0,0,0,0,0,0,0,0,125.407,0,39.0906,-164.498
"MtrElec",5,27,10,"",0.0000156,0,0,0,0,0,0,0,0,0,0,0,0,0,0,0,0,0,0,0,0,153.841,0,180.543,-334.384
"MtrElec",5,27,11,"",-85.7795,0,0,0,0,0,0,0,0,0,0,0,0,0,0,0,0,0,0,0,0,155.027,0,224.226,-465.033
"MtrElec",5,27,12,"",-277.113,0,0,0,0,0,0,0,0,0,0,0,0,0,0,0,0,0,0,0,0,129.579,0,117.887,-524.579
"MtrElec",5,27,13,"",-390.314,0,0,0,0,0,0,0,0,0,0,0,0,0,0,0,0,0,0,0,0,162.129,0,0,-552.443
"MtrElec",5,27,14,"",-449.571,0,0,0,0,0,0,0,0,0,0,0,0,0,0,0,0,0,0,0,0,88.9756,0,0,-538.546
"MtrElec",5,27,15,"",-399.747,0,0,0,0,0,0,0,0,0,0,0,0,0,0,0,0,0,0,0,0,96.5735,0,0,-496.32
"MtrElec",5,27,16,"",-320.723,0,0,0,0,0,0,0,0,0,0,0,0,0,0,0,0,0,0,0,0,105.946,0,0,-426.668
"MtrElec",5,27,17,"",-198.79,0,0,0,0,0,0,0,0,0,0,0,0,0,0,0,0,0,0,0,0,127.568,0,0,-326.357
"MtrElec",5,27,18,"",-47.7487,0,0,0,0,0,0,0,0,0,0,0,0,0,0,0,0,0,0,0,0,148.106,0,0,-195.854
"MtrElec",5,27,19,"",-138.248,0,0,0,0,0,0,0,0,0,0,0,0,0,0,0,0,0,0,0,0,148.941,0,-224.226,-62.9621
"MtrElec",5,27,20,"",-57.6829,0,0,0,0,0,0,0,0,0,0,0,0,0,0,0,0,0,0,0,0,176.413,0,-224.226,-9.86983
"MtrElec",5,27,21,"",119.719,0,0,0,0,0,0,0,0,0,0,0,0,0,0,0,0,0,0,0,0,178.242,0,-58.5231,0
"MtrElec",5,27,22,"",136.872,0,0,0,0,0,0,0,0,0,0,0,0,0,0,0,0,0,0,0,0,136.872,0,0,0
"MtrElec",5,27,23,"",127.951,0,0,0,0,0,0,0,0,0,0,0,0,0,0,0,0,0,0,0,0,127.951,0,0,0
"MtrElec",5,27,24,"",131.461,0,0,0,0,0,0,0,0,0,0,0,0,0,0,0,0,0,0,0,0,131.461,0,0,0
"MtrElec",5,28,1,"",84.2352,0,0,0,0,0,0,0,0,0,0,0,0,0,0,0,0,0,0,0,0,84.2352,0,0,0
"MtrElec",5,28,2,"",74.0185,0,0,0,0,0,0,0,0,0,0,0,0,0,0,0,0,0,0,0,0,74.0185,0,0,0
"MtrElec",5,28,3,"",73.6995,0,0,0,0,0,0,0,0,0,0,0,0,0,0,0,0,0,0,0,0,73.6995,0,0,0
"MtrElec",5,28,4,"",73.9636,0,0,0,0,0,0,0,0,0,0,0,0,0,0,0,0,0,0,0,0,73.9636,0,0,0
"MtrElec",5,28,5,"",73.5159,0,0,0,0,0,0,0,0,0,0,0,0,0,0,0,0,0,0,0,0,73.5159,0,0,0
"MtrElec",5,28,6,"",76.2248,0,0,0,0,0,0,0,0,0,0,0,0,0,0,0,0,0,0,0,0,76.2248,0,0,0
"MtrElec",5,28,7,"",66.2358,0,0,0,0,0,0,0,0,0,0,0,0,0,0,0,0,0,0,0,0,91.5457,0,0,-25.3098
"MtrElec",5,28,8,"",3.12539,0,0,0,0,0,0,0,0,0,0,0,0,0,0,0,0,0,0,0,0,112.127,0,0,-109.001
"MtrElec",5,28,9,"",0.0000078,0,0,0,0,0,0,0,0,0,0,0,0,0,0,0,0,0,0,0,0,125.862,0,114.883,-240.745
"MtrElec",5,28,10,"",0,0,0,0,0,0,0,0,0,0,0,0,0,0,0,0,0,0,0,0,0,143.187,0,221.089,-364.276
"MtrElec",5,28,11,"",-90.8148,0,0,0,0,0,0,0,0,0,0,0,0,0,0,0,0,0,0,0,0,144.854,0,224.226,-459.895
"MtrElec",5,28,12,"",-394.037,0,0,0,0,0,0,0,0,0,0,0,0,0,0,0,0,0,0,0,0,118.433,0,1.54811,-514.018
"MtrElec",5,28,13,"",-428.498,0,0,0,0,0,0,0,0,0,0,0,0,0,0,0,0,0,0,0,0,104.865,0,0,-533.362
"MtrElec",5,28,14,"",-431.067,0,0,0,0,0,0,0,0,0,0,0,0,0,0,0,0,0,0,0,0,99.843,0,0,-530.91
"MtrElec",5,28,15,"",-383.242,0,0,0,0,0,0,0,0,0,0,0,0,0,0,0,0,0,0,0,0,110.844,0,0,-494.086
"MtrElec",5,28,16,"",-309.268,0,0,0,0,0,0,0,0,0,0,0,0,0,0,0,0,0,0,0,0,111.336,0,0,-420.604
"MtrElec",5,28,17,"",-159.251,0,0,0,0,0,0,0,0,0,0,0,0,0,0,0,0,0,0,0,0,157.616,0,0,-316.867
"MtrElec",5,28,18,"",-32.3116,0,0,0,0,0,0,0,0,0,0,0,0,0,0,0,0,0,0,0,0,155.8,0,0,-188.112
"MtrElec",5,28,19,"",-111.399,0,0,0,0,0,0,0,0,0,0,0,0,0,0,0,0,0,0,0,0,175.73,0,-224.226,-62.9023
"MtrElec",5,28,20,"",-59.7617,0,0,0,0,0,0,0,0,0,0,0,0,0,0,0,0,0,0,0,0,175.048,0,-224.226,-10.5834
"MtrElec",5,28,21,"",115.578,0,0,0,0,0,0,0,0,0,0,0,0,0,0,0,0,0,0,0,0,174.101,0,-58.5231,0
"MtrElec",5,28,22,"",139.362,0,0,0,0,0,0,0,0,0,0,0,0,0,0,0,0,0,0,0,0,139.362,0,0,0
"MtrElec",5,28,23,"",157.589,0,0,0,0,0,0,0,0,0,0,0,0,0,0,0,0,0,0,0,0,157.589,0,0,0
"MtrElec",5,28,24,"",125.302,0,0,0,0,0,0,0,0,0,0,0,0,0,0,0,0,0,0,0,0,125.302,0,0,0
"MtrElec",5,29,1,"",84.8285,0,0,0,0,0,0,0,0,0,0,0,0,0,0,0,0,0,0,0,0,84.8285,0,0,0
"MtrElec",5,29,2,"",72.6271,0,0,0,0,0,0,0,0,0,0,0,0,0,0,0,0,0,0,0,0,72.6271,0,0,0
"MtrElec",5,29,3,"",71.255,0,0,0,0,0,0,0,0,0,0,0,0,0,0,0,0,0,0,0,0,71.255,0,0,0
"MtrElec",5,29,4,"",78.0063,0,0,0,0,0,0,0,0,0,0,0,0,0,0,0,0,0,0,0,0,78.0063,0,0,0
"MtrElec",5,29,5,"",69.6582,0,0,0,0,0,0,0,0,0,0,0,0,0,0,0,0,0,0,0,0,69.6582,0,0,0
"MtrElec",5,29,6,"",75.8816,0,0,0,0,0,0,0,0,0,0,0,0,0,0,0,0,0,0,0,0,75.8816,0,0,0
"MtrElec",5,29,7,"",55.2611,0,0,0,0,0,0,0,0,0,0,0,0,0,0,0,0,0,0,0,0,84.0816,0,0,-28.8205
"MtrElec",5,29,8,"",0,0,0,0,0,0,0,0,0,0,0,0,0,0,0,0,0,0,0,0,0,98.1976,0,12.1578,-110.355
"MtrElec",5,29,9,"",0,0,0,0,0,0,0,0,0,0,0,0,0,0,0,0,0,0,0,0,0,135.693,0,108.599,-244.292
"MtrElec",5,29,10,"",0,0,0,0,0,0,0,0,0,0,0,0,0,0,0,0,0,0,0,0,0,184.378,0,158.268,-342.647
"MtrElec",5,29,11,"",0.0000156,0,0,0,0,0,0,0,0,0,0,0,0,0,0,0,0,0,0,0,0,201.939,0,204.578,-406.517
"MtrElec",5,29,12,"",-248.958,0,0,0,0,0,0,0,0,0,0,0,0,0,0,0,0,0,0,0,0,142.898,0,78.144,-470
"MtrElec",5,29,13,"",-376.398,0,0,0,0,0,0,0,0,0,0,0,0,0,0,0,0,0,0,0,0,165.362,0,0,-541.76
"MtrElec",5,29,14,"",-433.31,0,0,0,0,0,0,0,0,0,0,0,0,0,0,0,0,0,0,0,0,100.696,0,0,-534.006
"MtrElec",5,29,15,"",-384.629,0,0,0,0,0,0,0,0,0,0,0,0,0,0,0,0,0,0,0,0,108.35,0,0,-492.979
"MtrElec",5,29,16,"",-265.741,0,0,0,0,0,0,0,0,0,0,0,0,0,0,0,0,0,0,0,0,125.291,0,0,-391.032
"MtrElec",5,29,17,"",-133.769,0,0,0,0,0,0,0,0,0,0,0,0,0,0,0,0,0,0,0,0,163.478,0,0,-297.248
"MtrElec",5,29,18,"",-7.20448,0,0,0,0,0,0,0,0,0,0,0,0,0,0,0,0,0,0,0,0,156.321,0,0,-163.526
"MtrElec",5,29,19,"",-100.298,0,0,0,0,0,0,0,0,0,0,0,0,0,0,0,0,0,0,0,0,185.689,0,-224.226,-61.7611
"MtrElec",5,29,20,"",-50.1891,0,0,0,0,0,0,0,0,0,0,0,0,0,0,0,0,0,0,0,0,184.693,0,-224.226,-10.6559
"MtrElec",5,29,21,"",115.825,0,0,0,0,0,0,0,0,0,0,0,0,0,0,0,0,0,0,0,0,174.348,0,-58.5231,0
"MtrElec",5,29,22,"",125.103,0,0,0,0,0,0,0,0,0,0,0,0,0,0,0,0,0,0,0,0,125.103,0,0,0
"MtrElec",5,29,23,"",145.204,0,0,0,0,0,0,0,0,0,0,0,0,0,0,0,0,0,0,0,0,145.204,0,0,0
"MtrElec",5,29,24,"",119.067,0,0,0,0,0,0,0,0,0,0,0,0,0,0,0,0,0,0,0,0,119.067,0,0,0
"MtrElec",5,30,1,"",83.1405,0,0,0,0,0,0,0,0,0,0,0,0,0,0,0,0,0,0,0,0,83.1405,0,0,0
"MtrElec",5,30,2,"",73.1501,0,0,0,0,0,0,0,0,0,0,0,0,0,0,0,0,0,0,0,0,73.1501,0,0,0
"MtrElec",5,30,3,"",71.8443,0,0,0,0,0,0,0,0,0,0,0,0,0,0,0,0,0,0,0,0,71.8443,0,0,0
"MtrElec",5,30,4,"",72.4353,0,0,0,0,0,0,0,0,0,0,0,0,0,0,0,0,0,0,0,0,72.4353,0,0,0
"MtrElec",5,30,5,"",77.0137,0,0,0,0,0,0,0,0,0,0,0,0,0,0,0,0,0,0,0,0,77.0137,0,0,0
"MtrElec",5,30,6,"",73.8943,0,0,0,0,0,0,0,0,0,0,0,0,0,0,0,0,0,0,0,0,73.8943,0,0,0
"MtrElec",5,30,7,"",60.9217,0,0,0,0,0,0,0,0,0,0,0,0,0,0,0,0,0,0,0,0,84.2491,0,0,-23.3275
"MtrElec",5,30,8,"",43.4164,0,0,0,0,0,0,0,0,0,0,0,0,0,0,0,0,0,0,0,0,121.941,0,0,-78.525
"MtrElec",5,30,9,"",0,0,0,0,0,0,0,0,0,0,0,0,0,0,0,0,0,0,0,0,0,130.587,0,32.157,-162.744
"MtrElec",5,30,10,"",0,0,0,0,0,0,0,0,0,0,0,0,0,0,0,0,0,0,0,0,0,150.595,0,126.083,-276.678
"MtrElec",5,30,11,"",-35.3682,0,0,0,0,0,0,0,0,0,0,0,0,0,0,0,0,0,0,0,0,145.798,0,224.226,-405.393
"MtrElec",5,30,12,"",-114.026,0,0,0,0,0,0,0,0,0,0,0,0,0,0,0,0,0,0,0,0,185.821,0,179.28,-479.128
"MtrElec",5,30,13,"",-369.086,0,0,0,0,0,0,0,0,0,0,0,0,0,0,0,0,0,0,0,0,167.951,0,0,-537.037
"MtrElec",5,30,14,"",-386.494,0,0,0,0,0,0,0,0,0,0,0,0,0,0,0,0,0,0,0,0,145.882,0,0,-532.376
"MtrElec",5,30,15,"",-324.48,0,0,0,0,0,0,0,0,0,0,0,0,0,0,0,0,0,0,0,0,172.049,0,0,-496.528
"MtrElec",5,30,16,"",-302.699,0,0,0,0,0,0,0,0,0,0,0,0,0,0,0,0,0,0,0,0,120.47,0,0,-423.17
"MtrElec",5,30,17,"",-189.471,0,0,0,0,0,0,0,0,0,0,0,0,0,0,0,0,0,0,0,0,126.593,0,0,-316.064
"MtrElec",5,30,18,"",-27.6874,0,0,0,0,0,0,0,0,0,0,0,0,0,0,0,0,0,0,0,0,160.1,0,0,-187.788
"MtrElec",5,30,19,"",-84.5132,0,0,0,0,0,0,0,0,0,0,0,0,0,0,0,0,0,0,0,0,203.752,0,-224.226,-64.0385
"MtrElec",5,30,20,"",-71.2873,0,0,0,0,0,0,0,0,0,0,0,0,0,0,0,0,0,0,0,0,163.712,0,-224.226,-10.7729
"MtrElec",5,30,21,"",92.9411,0,0,0,0,0,0,0,0,0,0,0,0,0,0,0,0,0,0,0,0,151.464,0,-58.5231,0
"MtrElec",5,30,22,"",154.374,0,0,0,0,0,0,0,0,0,0,0,0,0,0,0,0,0,0,0,0,154.374,0,0,0
"MtrElec",5,30,23,"",108.334,0,0,0,0,0,0,0,0,0,0,0,0,0,0,0,0,0,0,0,0,108.334,0,0,0
"MtrElec",5,30,24,"",111.054,0,0,0,0,0,0,0,0,0,0,0,0,0,0,0,0,0,0,0,0,111.054,0,0,0
"MtrElec",5,31,1,"",77.4177,0,0,0,0,0,0,0,0,0,0,0,0,0,0,0,0,0,0,0,0,77.4177,0,0,0
"MtrElec",5,31,2,"",73.101,0,0,0,0,0,0,0,0,0,0,0,0,0,0,0,0,0,0,0,0,73.101,0,0,0
"MtrElec",5,31,3,"",71.8092,0,0,0,0,0,0,0,0,0,0,0,0,0,0,0,0,0,0,0,0,71.8092,0,0,0
"MtrElec",5,31,4,"",74.1755,0,0,0,0,0,0,0,0,0,0,0,0,0,0,0,0,0,0,0,0,74.1755,0,0,0
"MtrElec",5,31,5,"",91.9019,0,0,0,0,0,0,0,0,0,0,0,0,0,0,0,0,0,0,0,0,91.9019,0,0,0
"MtrElec",5,31,6,"",73.8803,0,0,0,0,0,0,0,0,0,0,0,0,0,0,0,0,0,0,0,0,73.8803,0,0,0
"MtrElec",5,31,7,"",77.3589,0,0,0,0,0,0,0,0,0,0,0,0,0,0,0,0,0,0,0,0,82.8365,0,0,-5.47758
"MtrElec",5,31,8,"",85.8928,0,0,0,0,0,0,0,0,0,0,0,0,0,0,0,0,0,0,0,0,108.898,0,0,-23.0049
"MtrElec",5,31,9,"",29.1912,0,0,0,0,0,0,0,0,0,0,0,0,0,0,0,0,0,0,0,0,115.485,0,0,-86.2936
"MtrElec",5,31,10,"",0,0,0,0,0,0,0,0,0,0,0,0,0,0,0,0,0,0,0,0,0,138.447,0,38.926,-177.373
"MtrElec",5,31,11,"",0,0,0,0,0,0,0,0,0,0,0,0,0,0,0,0,0,0,0,0,0,154.289,0,110.046,-264.335
"MtrElec",5,31,12,"",0,0,0,0,0,0,0,0,0,0,0,0,0,0,0,0,0,0,0,0,0,177.718,0,69.4034,-247.121
"MtrElec",5,31,13,"",-9.09998,0,0,0,0,0,0,0,0,0,0,0,0,0,0,0,0,0,0,0,0,168.356,0,224.226,-401.683
"MtrElec",5,31,14,"",-162.225,0,0,0,0,0,0,0,0,0,0,0,0,0,0,0,0,0,0,0,0,135.698,0,119.145,-417.068
"MtrElec",5,31,15,"",-64.5568,0,0,0,0,0,0,0,0,0,0,0,0,0,0,0,0,0,0,0,0,132.43,0,0,-196.987
"MtrElec",5,31,16,"",-12.674,0,0,0,0,0,0,0,0,0,0,0,0,0,0,0,0,0,0,0,0,104.824,0,0,-117.498
"MtrElec",5,31,17,"",-23.4788,0,0,0,0,0,0,0,0,0,0,0,0,0,0,0,0,0,0,0,0,118.204,0,0,-141.683
"MtrElec",5,31,18,"",-5.84616,0,0,0,0,0,0,0,0,0,0,0,0,0,0,0,0,0,0,0,0,134.699,0,0,-140.545
"MtrElec",5,31,19,"",-74.2274,0,0,0,0,0,0,0,0,0,0,0,0,0,0,0,0,0,0,0,0,199.651,0,-224.226,-49.6517
"MtrElec",5,31,20,"",-55.513,0,0,0,0,0,0,0,0,0,0,0,0,0,0,0,0,0,0,0,0,176.27,0,-224.226,-7.55667
"MtrElec",5,31,21,"",84.0187,0,0,0,0,0,0,0,0,0,0,0,0,0,0,0,0,0,0,0,0,142.542,0,-58.5231,0
"MtrElec",5,31,22,"",133.262,0,0,0,0,0,0,0,0,0,0,0,0,0,0,0,0,0,0,0,0,133.262,0,0,0
"MtrElec",5,31,23,"",108.201,0,0,0,0,0,0,0,0,0,0,0,0,0,0,0,0,0,0,0,0,108.201,0,0,0
"MtrElec",5,31,24,"",110.578,0,0,0,0,0,0,0,0,0,0,0,0,0,0,0,0,0,0,0,0,110.578,0,0,0
"MtrElec",6,1,1,"",86.6342,0,0,0,0,0,0,0,0,0,0,0,0,0,0,0,0,0,0,0,0,86.6342,0,0,0
"MtrElec",6,1,2,"",71.0039,0,0,0,0,0,0,0,0,0,0,0,0,0,0,0,0,0,0,0,0,71.0039,0,0,0
"MtrElec",6,1,3,"",68.83,0,0,0,0,0,0,0,0,0,0,0,0,0,0,0,0,0,0,0,0,68.83,0,0,0
"MtrElec",6,1,4,"",68.9754,0,0,0,0,0,0,0,0,0,0,0,0,0,0,0,0,0,0,0,0,68.9754,0,0,0
"MtrElec",6,1,5,"",68.1384,0,0,0,0,0,0,0,0,0,0,0,0,0,0,0,0,0,0,0,0,68.1384,0,0,0
"MtrElec",6,1,6,"",74.9657,0,0,0,0,0,0,0,0,0,0,0,0,0,0,0,0,0,0,0,0,74.9657,0,0,0
"MtrElec",6,1,7,"",66.9534,0,0,0,0,0,0,0,0,0,0,0,0,0,0,0,0,0,0,0,0,89.8024,0,0,-22.849
"MtrElec",6,1,8,"",7.3674,0,0,0,0,0,0,0,0,0,0,0,0,0,0,0,0,0,0,0,0,110.019,0,0,-102.651
"MtrElec",6,1,9,"",0.0000078,0,0,0,0,0,0,0,0,0,0,0,0,0,0,0,0,0,0,0,0,113.487,0,122.932,-236.42
"MtrElec",6,1,10,"",0,0,0,0,0,0,0,0,0,0,0,0,0,0,0,0,0,0,0,0,0,127.906,0,209.784,-337.69
"MtrElec",6,1,11,"",-31.6273,0,0,0,0,0,0,0,0,0,0,0,0,0,0,0,0,0,0,0,0,133.479,0,224.226,-389.333
"MtrElec",6,1,12,"",-368.23,0,0,0,0,0,0,0,0,0,0,0,0,0,0,0,0,0,0,0,0,116.18,0,4.80359,-489.214
"MtrElec",6,1,13,"",-391.947,0,0,0,0,0,0,0,0,0,0,0,0,0,0,0,0,0,0,0,0,133.488,0,0,-525.435
"MtrElec",6,1,14,"",-406.476,0,0,0,0,0,0,0,0,0,0,0,0,0,0,0,0,0,0,0,0,110.592,0,0,-517.068
"MtrElec",6,1,15,"",-337.25,0,0,0,0,0,0,0,0,0,0,0,0,0,0,0,0,0,0,0,0,145.308,0,0,-482.557
"MtrElec",6,1,16,"",-259.557,0,0,0,0,0,0,0,0,0,0,0,0,0,0,0,0,0,0,0,0,143.358,0,0,-402.915
"MtrElec",6,1,17,"",-77.0706,0,0,0,0,0,0,0,0,0,0,0,0,0,0,0,0,0,0,0,0,188.481,0,0,-265.552
"MtrElec",6,1,18,"",17.4748,0,0,0,0,0,0,0,0,0,0,0,0,0,0,0,0,0,0,0,0,190.236,0,0,-172.761
"MtrElec",6,1,19,"",-89.6413,0,0,0,0,0,0,0,0,0,0,0,0,0,0,0,0,0,0,0,0,198.658,0,-224.226,-64.0723
"MtrElec",6,1,20,"",-39.6959,0,0,0,0,0,0,0,0,0,0,0,0,0,0,0,0,0,0,0,0,195.435,0,-224.226,-10.9042
"MtrElec",6,1,21,"",106.578,0,0,0,0,0,0,0,0,0,0,0,0,0,0,0,0,0,0,0,0,165.101,0,-58.5231,0
"MtrElec",6,1,22,"",132.895,0,0,0,0,0,0,0,0,0,0,0,0,0,0,0,0,0,0,0,0,132.895,0,0,0
"MtrElec",6,1,23,"",145.171,0,0,0,0,0,0,0,0,0,0,0,0,0,0,0,0,0,0,0,0,145.171,0,0,0
"MtrElec",6,1,24,"",103.891,0,0,0,0,0,0,0,0,0,0,0,0,0,0,0,0,0,0,0,0,103.891,0,0,0
"MtrElec",6,2,1,"",113.475,0,0,0,0,0,0,0,0,0,0,0,0,0,0,0,0,0,0,0,0,113.475,0,0,0
"MtrElec",6,2,2,"",74.9767,0,0,0,0,0,0,0,0,0,0,0,0,0,0,0,0,0,0,0,0,74.9767,0,0,0
"MtrElec",6,2,3,"",70.6849,0,0,0,0,0,0,0,0,0,0,0,0,0,0,0,0,0,0,0,0,70.6849,0,0,0
"MtrElec",6,2,4,"",69.7213,0,0,0,0,0,0,0,0,0,0,0,0,0,0,0,0,0,0,0,0,69.7213,0,0,0
"MtrElec",6,2,5,"",68.8051,0,0,0,0,0,0,0,0,0,0,0,0,0,0,0,0,0,0,0,0,68.8051,0,0,0
"MtrElec",6,2,6,"",75.6079,0,0,0,0,0,0,0,0,0,0,0,0,0,0,0,0,0,0,0,0,75.6079,0,0,0
"MtrElec",6,2,7,"",63.4538,0,0,0,0,0,0,0,0,0,0,0,0,0,0,0,0,0,0,0,0,89.6949,0,0,-26.2411
"MtrElec",6,2,8,"",0.0000005,0,0,0,0,0,0,0,0,0,0,0,0,0,0,0,0,0,0,0,0,100.518,0,6.64125,-107.159
"MtrElec",6,2,9,"",0.0000078,0,0,0,0,0,0,0,0,0,0,0,0,0,0,0,0,0,0,0,0,110.362,0,128.951,-239.313
"MtrElec",6,2,10,"",-3.89255,0,0,0,0,0,0,0,0,0,0,0,0,0,0,0,0,0,0,0,0,131.785,0,224.226,-359.904
"MtrElec",6,2,11,"",-60.3428,0,0,0,0,0,0,0,0,0,0,0,0,0,0,0,0,0,0,0,0,191.942,0,201.928,-454.213
"MtrElec",6,2,12,"",-362.448,0,0,0,0,0,0,0,0,0,0,0,0,0,0,0,0,0,0,0,0,152.414,0,0,-514.862
"MtrElec",6,2,13,"",-388.805,0,0,0,0,0,0,0,0,0,0,0,0,0,0,0,0,0,0,0,0,151.985,0,0,-540.789
"MtrElec",6,2,14,"",-428.685,0,0,0,0,0,0,0,0,0,0,0,0,0,0,0,0,0,0,0,0,108.453,0,0,-537.138
"MtrElec",6,2,15,"",-372.742,0,0,0,0,0,0,0,0,0,0,0,0,0,0,0,0,0,0,0,0,128.251,0,0,-500.993
"MtrElec",6,2,16,"",-284.341,0,0,0,0,0,0,0,0,0,0,0,0,0,0,0,0,0,0,0,0,146.324,0,0,-430.665
"MtrElec",6,2,17,"",-161.911,0,0,0,0,0,0,0,0,0,0,0,0,0,0,0,0,0,0,0,0,166.05,0,0,-327.961
"MtrElec",6,2,18,"",-17.9414,0,0,0,0,0,0,0,0,0,0,0,0,0,0,0,0,0,0,0,0,180.375,0,0,-198.316
"MtrElec",6,2,19,"",-70.2265,0,0,0,0,0,0,0,0,0,0,0,0,0,0,0,0,0,0,0,0,217.962,0,-224.226,-63.9625
"MtrElec",6,2,20,"",-35.2456,0,0,0,0,0,0,0,0,0,0,0,0,0,0,0,0,0,0,0,0,199.508,0,-224.226,-10.5276
"MtrElec",6,2,21,"",117.741,0,0,0,0,0,0,0,0,0,0,0,0,0,0,0,0,0,0,0,0,176.264,0,-58.5231,0
"MtrElec",6,2,22,"",119.649,0,0,0,0,0,0,0,0,0,0,0,0,0,0,0,0,0,0,0,0,119.649,0,0,0
"MtrElec",6,2,23,"",139.457,0,0,0,0,0,0,0,0,0,0,0,0,0,0,0,0,0,0,0,0,139.457,0,0,0
"MtrElec",6,2,24,"",96.2258,0,0,0,0,0,0,0,0,0,0,0,0,0,0,0,0,0,0,0,0,96.2258,0,0,0
"MtrElec",6,3,1,"",78.4901,0,0,0,0,0,0,0,0,0,0,0,0,0,0,0,0,0,0,0,0,78.4901,0,0,0
"MtrElec",6,3,2,"",71.5236,0,0,0,0,0,0,0,0,0,0,0,0,0,0,0,0,0,0,0,0,71.5236,0,0,0
"MtrElec",6,3,3,"",72.6735,0,0,0,0,0,0,0,0,0,0,0,0,0,0,0,0,0,0,0,0,72.6735,0,0,0
"MtrElec",6,3,4,"",73.4088,0,0,0,0,0,0,0,0,0,0,0,0,0,0,0,0,0,0,0,0,73.4088,0,0,0
"MtrElec",6,3,5,"",72.9359,0,0,0,0,0,0,0,0,0,0,0,0,0,0,0,0,0,0,0,0,72.9359,0,0,0
"MtrElec",6,3,6,"",75.5567,0,0,0,0,0,0,0,0,0,0,0,0,0,0,0,0,0,0,0,0,75.5567,0,0,0
"MtrElec",6,3,7,"",62.7633,0,0,0,0,0,0,0,0,0,0,0,0,0,0,0,0,0,0,0,0,89.6697,0,0,-26.9063
"MtrElec",6,3,8,"",19.966,0,0,0,0,0,0,0,0,0,0,0,0,0,0,0,0,0,0,0,0,102.32,0,0,-82.3535
"MtrElec",6,3,9,"",66.6105,0,0,0,0,0,0,0,0,0,0,0,0,0,0,0,0,0,0,0,0,126.905,0,0,-60.2944
"MtrElec",6,3,10,"",0.0000020,0,0,0,0,0,0,0,0,0,0,0,0,0,0,0,0,0,0,0,0,138.933,0,21.4073,-160.34
"MtrElec",6,3,11,"",-60.4235,0,0,0,0,0,0,0,0,0,0,0,0,0,0,0,0,0,0,0,0,135.939,0,224.226,-420.589
"MtrElec",6,3,12,"",-161.46,0,0,0,0,0,0,0,0,0,0,0,0,0,0,0,0,0,0,0,0,117.427,0,224.226,-503.114
"MtrElec",6,3,13,"",-292.02,0,0,0,0,0,0,0,0,0,0,0,0,0,0,0,0,0,0,0,0,156.627,0,91.8861,-540.534
"MtrElec",6,3,14,"",-440.736,0,0,0,0,0,0,0,0,0,0,0,0,0,0,0,0,0,0,0,0,96.5694,0,0,-537.305
"MtrElec",6,3,15,"",-406.394,0,0,0,0,0,0,0,0,0,0,0,0,0,0,0,0,0,0,0,0,91.9575,0,0,-498.351
"MtrElec",6,3,16,"",-318.345,0,0,0,0,0,0,0,0,0,0,0,0,0,0,0,0,0,0,0,0,112.487,0,0,-430.832
"MtrElec",6,3,17,"",-181.768,0,0,0,0,0,0,0,0,0,0,0,0,0,0,0,0,0,0,0,0,147.594,0,0,-329.362
"MtrElec",6,3,18,"",-29.6986,0,0,0,0,0,0,0,0,0,0,0,0,0,0,0,0,0,0,0,0,169.353,0,0,-199.052
"MtrElec",6,3,19,"",-115.618,0,0,0,0,0,0,0,0,0,0,0,0,0,0,0,0,0,0,0,0,174.613,0,-224.226,-66.0042
"MtrElec",6,3,20,"",-46.9321,0,0,0,0,0,0,0,0,0,0,0,0,0,0,0,0,0,0,0,0,187.783,0,-224.226,-10.4883
"MtrElec",6,3,21,"",122.618,0,0,0,0,0,0,0,0,0,0,0,0,0,0,0,0,0,0,0,0,181.141,0,-58.5231,0
"MtrElec",6,3,22,"",134.306,0,0,0,0,0,0,0,0,0,0,0,0,0,0,0,0,0,0,0,0,134.306,0,0,0
"MtrElec",6,3,23,"",133.804,0,0,0,0,0,0,0,0,0,0,0,0,0,0,0,0,0,0,0,0,133.804,0,0,0
"MtrElec",6,3,24,"",113.278,0,0,0,0,0,0,0,0,0,0,0,0,0,0,0,0,0,0,0,0,113.278,0,0,0
"MtrElec",6,4,1,"",78.3755,0,0,0,0,0,0,0,0,0,0,0,0,0,0,0,0,0,0,0,0,78.3755,0,0,0
"MtrElec",6,4,2,"",71.4546,0,0,0,0,0,0,0,0,0,0,0,0,0,0,0,0,0,0,0,0,71.4546,0,0,0
"MtrElec",6,4,3,"",69.2702,0,0,0,0,0,0,0,0,0,0,0,0,0,0,0,0,0,0,0,0,69.2702,0,0,0
"MtrElec",6,4,4,"",69.4012,0,0,0,0,0,0,0,0,0,0,0,0,0,0,0,0,0,0,0,0,69.4012,0,0,0
"MtrElec",6,4,5,"",68.6113,0,0,0,0,0,0,0,0,0,0,0,0,0,0,0,0,0,0,0,0,68.6113,0,0,0
"MtrElec",6,4,6,"",75.5117,0,0,0,0,0,0,0,0,0,0,0,0,0,0,0,0,0,0,0,0,75.5117,0,0,0
"MtrElec",6,4,7,"",60.8856,0,0,0,0,0,0,0,0,0,0,0,0,0,0,0,0,0,0,0,0,88.7409,0,0,-27.8553
"MtrElec",6,4,8,"",17.1723,0,0,0,0,0,0,0,0,0,0,0,0,0,0,0,0,0,0,0,0,95.7941,0,0,-78.6218
"MtrElec",6,4,9,"",72.093,0,0,0,0,0,0,0,0,0,0,0,0,0,0,0,0,0,0,0,0,111.237,0,0,-39.1441
"MtrElec",6,4,10,"",39.5889,0,0,0,0,0,0,0,0,0,0,0,0,0,0,0,0,0,0,0,0,118.452,0,0,-78.8628
"MtrElec",6,4,11,"",0,0,0,0,0,0,0,0,0,0,0,0,0,0,0,0,0,0,0,0,0,127.978,0,53.8589,-181.837
"MtrElec",6,4,12,"",-164.63,0,0,0,0,0,0,0,0,0,0,0,0,0,0,0,0,0,0,0,0,102.018,0,224.226,-490.875
"MtrElec",6,4,13,"",-176.284,0,0,0,0,0,0,0,0,0,0,0,0,0,0,0,0,0,0,0,0,155.263,0,224.226,-555.773
"MtrElec",6,4,14,"",-404.67,0,0,0,0,0,0,0,0,0,0,0,0,0,0,0,0,0,0,0,0,84.9128,0,59.4345,-549.017
"MtrElec",6,4,15,"",-410.209,0,0,0,0,0,0,0,0,0,0,0,0,0,0,0,0,0,0,0,0,93.9,0,0,-504.109
"MtrElec",6,4,16,"",-323.733,0,0,0,0,0,0,0,0,0,0,0,0,0,0,0,0,0,0,0,0,104.87,0,0,-428.603
"MtrElec",6,4,17,"",-196.888,0,0,0,0,0,0,0,0,0,0,0,0,0,0,0,0,0,0,0,0,131.543,0,0,-328.431
"MtrElec",6,4,18,"",-46.5935,0,0,0,0,0,0,0,0,0,0,0,0,0,0,0,0,0,0,0,0,152.987,0,0,-199.58
"MtrElec",6,4,19,"",-101.69,0,0,0,0,0,0,0,0,0,0,0,0,0,0,0,0,0,0,0,0,188.284,0,-224.226,-65.7477
"MtrElec",6,4,20,"",-65.7984,0,0,0,0,0,0,0,0,0,0,0,0,0,0,0,0,0,0,0,0,169.362,0,-224.226,-10.9335
"MtrElec",6,4,21,"",122.618,0,0,0,0,0,0,0,0,0,0,0,0,0,0,0,0,0,0,0,0,181.141,0,-58.5231,0
"MtrElec",6,4,22,"",129.058,0,0,0,0,0,0,0,0,0,0,0,0,0,0,0,0,0,0,0,0,129.058,0,0,0
"MtrElec",6,4,23,"",146.373,0,0,0,0,0,0,0,0,0,0,0,0,0,0,0,0,0,0,0,0,146.373,0,0,0
"MtrElec",6,4,24,"",104.951,0,0,0,0,0,0,0,0,0,0,0,0,0,0,0,0,0,0,0,0,104.951,0,0,0
"MtrElec",6,5,1,"",81.3669,0,0,0,0,0,0,0,0,0,0,0,0,0,0,0,0,0,0,0,0,81.3669,0,0,0
"MtrElec",6,5,2,"",73.4272,0,0,0,0,0,0,0,0,0,0,0,0,0,0,0,0,0,0,0,0,73.4272,0,0,0
"MtrElec",6,5,3,"",70.1266,0,0,0,0,0,0,0,0,0,0,0,0,0,0,0,0,0,0,0,0,70.1266,0,0,0
"MtrElec",6,5,4,"",69.3678,0,0,0,0,0,0,0,0,0,0,0,0,0,0,0,0,0,0,0,0,69.3678,0,0,0
"MtrElec",6,5,5,"",68.5796,0,0,0,0,0,0,0,0,0,0,0,0,0,0,0,0,0,0,0,0,68.5796,0,0,0
"MtrElec",6,5,6,"",75.4799,0,0,0,0,0,0,0,0,0,0,0,0,0,0,0,0,0,0,0,0,75.4799,0,0,0
"MtrElec",6,5,7,"",65.9324,0,0,0,0,0,0,0,0,0,0,0,0,0,0,0,0,0,0,0,0,90.204,0,0,-24.2716
"MtrElec",6,5,8,"",28.779,0,0,0,0,0,0,0,0,0,0,0,0,0,0,0,0,0,0,0,0,110.391,0,0,-81.6116
"MtrElec",6,5,9,"",56.4541,0,0,0,0,0,0,0,0,0,0,0,0,0,0,0,0,0,0,0,0,123.639,0,0,-67.1852
"MtrElec",6,5,10,"",30.6259,0,0,0,0,0,0,0,0,0,0,0,0,0,0,0,0,0,0,0,0,156.873,0,0,-126.247
"MtrElec",6,5,11,"",0,0,0,0,0,0,0,0,0,0,0,0,0,0,0,0,0,0,0,0,0,134.751,0,196.29,-331.041
"MtrElec",6,5,12,"",-182.874,0,0,0,0,0,0,0,0,0,0,0,0,0,0,0,0,0,0,0,0,113.029,0,224.226,-520.129
"MtrElec",6,5,13,"",-312.992,0,0,0,0,0,0,0,0,0,0,0,0,0,0,0,0,0,0,0,0,87.5678,0,141.229,-541.79
"MtrElec",6,5,14,"",-436.169,0,0,0,0,0,0,0,0,0,0,0,0,0,0,0,0,0,0,0,0,95.2362,0,0,-531.406
"MtrElec",6,5,15,"",-389.711,0,0,0,0,0,0,0,0,0,0,0,0,0,0,0,0,0,0,0,0,105.087,0,0,-494.798
"MtrElec",6,5,16,"",-295.822,0,0,0,0,0,0,0,0,0,0,0,0,0,0,0,0,0,0,0,0,124.282,0,0,-420.104
"MtrElec",6,5,17,"",-157.083,0,0,0,0,0,0,0,0,0,0,0,0,0,0,0,0,0,0,0,0,163.566,0,0,-320.649
"MtrElec",6,5,18,"",-32.7814,0,0,0,0,0,0,0,0,0,0,0,0,0,0,0,0,0,0,0,0,163.695,0,0,-196.476
"MtrElec",6,5,19,"",-99.2263,0,0,0,0,0,0,0,0,0,0,0,0,0,0,0,0,0,0,0,0,190.61,0,-224.226,-65.6101
"MtrElec",6,5,20,"",-49.6586,0,0,0,0,0,0,0,0,0,0,0,0,0,0,0,0,0,0,0,0,186.046,0,-224.226,-11.4777
"MtrElec",6,5,21,"",150.253,0,0,0,0,0,0,0,0,0,0,0,0,0,0,0,0,0,0,0,0,208.776,0,-58.5231,0
"MtrElec",6,5,22,"",137.639,0,0,0,0,0,0,0,0,0,0,0,0,0,0,0,0,0,0,0,0,137.639,0,0,0
"MtrElec",6,5,23,"",139.605,0,0,0,0,0,0,0,0,0,0,0,0,0,0,0,0,0,0,0,0,139.605,0,0,0
"MtrElec",6,5,24,"",132.659,0,0,0,0,0,0,0,0,0,0,0,0,0,0,0,0,0,0,0,0,132.659,0,0,0
"MtrElec",6,6,1,"",81.9384,0,0,0,0,0,0,0,0,0,0,0,0,0,0,0,0,0,0,0,0,81.9384,0,0,0
"MtrElec",6,6,2,"",71.9712,0,0,0,0,0,0,0,0,0,0,0,0,0,0,0,0,0,0,0,0,71.9712,0,0,0
"MtrElec",6,6,3,"",72.6871,0,0,0,0,0,0,0,0,0,0,0,0,0,0,0,0,0,0,0,0,72.6871,0,0,0
"MtrElec",6,6,4,"",73.4746,0,0,0,0,0,0,0,0,0,0,0,0,0,0,0,0,0,0,0,0,73.4746,0,0,0
"MtrElec",6,6,5,"",83.3337,0,0,0,0,0,0,0,0,0,0,0,0,0,0,0,0,0,0,0,0,83.3337,0,0,0
"MtrElec",6,6,6,"",72.5895,0,0,0,0,0,0,0,0,0,0,0,0,0,0,0,0,0,0,0,0,72.5895,0,0,0
"MtrElec",6,6,7,"",58.9112,0,0,0,0,0,0,0,0,0,0,0,0,0,0,0,0,0,0,0,0,79.9611,0,0,-21.0499
"MtrElec",6,6,8,"",3.05095,0,0,0,0,0,0,0,0,0,0,0,0,0,0,0,0,0,0,0,0,96.6478,0,0,-93.5969
"MtrElec",6,6,9,"",0,0,0,0,0,0,0,0,0,0,0,0,0,0,0,0,0,0,0,0,0,126.14,0,61.8449,-187.985
"MtrElec",6,6,10,"",0.0000156,0,0,0,0,0,0,0,0,0,0,0,0,0,0,0,0,0,0,0,0,153.575,0,210.671,-364.246
"MtrElec",6,6,11,"",-52.6088,0,0,0,0,0,0,0,0,0,0,0,0,0,0,0,0,0,0,0,0,177.79,0,224.226,-454.625
"MtrElec",6,6,12,"",-252.639,0,0,0,0,0,0,0,0,0,0,0,0,0,0,0,0,0,0,0,0,196.159,0,65.004,-513.803
"MtrElec",6,6,13,"",-372.312,0,0,0,0,0,0,0,0,0,0,0,0,0,0,0,0,0,0,0,0,168.302,0,0,-540.614
"MtrElec",6,6,14,"",-394.151,0,0,0,0,0,0,0,0,0,0,0,0,0,0,0,0,0,0,0,0,138.721,0,0,-532.873
"MtrElec",6,6,15,"",-344.989,0,0,0,0,0,0,0,0,0,0,0,0,0,0,0,0,0,0,0,0,147.683,0,0,-492.672
"MtrElec",6,6,16,"",-295.06,0,0,0,0,0,0,0,0,0,0,0,0,0,0,0,0,0,0,0,0,128.635,0,0,-423.694
"MtrElec",6,6,17,"",-173.991,0,0,0,0,0,0,0,0,0,0,0,0,0,0,0,0,0,0,0,0,146.867,0,0,-320.858
"MtrElec",6,6,18,"",-24.5388,0,0,0,0,0,0,0,0,0,0,0,0,0,0,0,0,0,0,0,0,170.248,0,0,-194.786
"MtrElec",6,6,19,"",-43.9851,0,0,0,0,0,0,0,0,0,0,0,0,0,0,0,0,0,0,0,0,247.217,0,-224.226,-66.9757
"MtrElec",6,6,20,"",-38.8449,0,0,0,0,0,0,0,0,0,0,0,0,0,0,0,0,0,0,0,0,197.264,0,-224.226,-11.882
"MtrElec",6,6,21,"",110.625,0,0,0,0,0,0,0,0,0,0,0,0,0,0,0,0,0,0,0,0,169.148,0,-58.5231,0
"MtrElec",6,6,22,"",160.036,0,0,0,0,0,0,0,0,0,0,0,0,0,0,0,0,0,0,0,0,160.036,0,0,0
"MtrElec",6,6,23,"",120.292,0,0,0,0,0,0,0,0,0,0,0,0,0,0,0,0,0,0,0,0,120.292,0,0,0
"MtrElec",6,6,24,"",116.784,0,0,0,0,0,0,0,0,0,0,0,0,0,0,0,0,0,0,0,0,116.784,0,0,0
"MtrElec",6,7,1,"",80.7623,0,0,0,0,0,0,0,0,0,0,0,0,0,0,0,0,0,0,0,0,80.7623,0,0,0
"MtrElec",6,7,2,"",72.1316,0,0,0,0,0,0,0,0,0,0,0,0,0,0,0,0,0,0,0,0,72.1316,0,0,0
"MtrElec",6,7,3,"",70.9336,0,0,0,0,0,0,0,0,0,0,0,0,0,0,0,0,0,0,0,0,70.9336,0,0,0
"MtrElec",6,7,4,"",73.3552,0,0,0,0,0,0,0,0,0,0,0,0,0,0,0,0,0,0,0,0,73.3552,0,0,0
"MtrElec",6,7,5,"",91.07,0,0,0,0,0,0,0,0,0,0,0,0,0,0,0,0,0,0,0,0,91.07,0,0,0
"MtrElec",6,7,6,"",72.6404,0,0,0,0,0,0,0,0,0,0,0,0,0,0,0,0,0,0,0,0,72.6404,0,0,0
"MtrElec",6,7,7,"",55.5975,0,0,0,0,0,0,0,0,0,0,0,0,0,0,0,0,0,0,0,0,80.9428,0,0,-25.3453
"MtrElec",6,7,8,"",17.6766,0,0,0,0,0,0,0,0,0,0,0,0,0,0,0,0,0,0,0,0,103.231,0,0,-85.5539
"MtrElec",6,7,9,"",0.0000020,0,0,0,0,0,0,0,0,0,0,0,0,0,0,0,0,0,0,0,0,111.962,0,19.0129,-130.975
"MtrElec",6,7,10,"",0,0,0,0,0,0,0,0,0,0,0,0,0,0,0,0,0,0,0,0,0,143.303,0,199.409,-342.712
"MtrElec",6,7,11,"",-52.7338,0,0,0,0,0,0,0,0,0,0,0,0,0,0,0,0,0,0,0,0,178.711,0,224.226,-455.671
"MtrElec",6,7,12,"",-219.411,0,0,0,0,0,0,0,0,0,0,0,0,0,0,0,0,0,0,0,0,174.259,0,119.098,-512.768
"MtrElec",6,7,13,"",-393.333,0,0,0,0,0,0,0,0,0,0,0,0,0,0,0,0,0,0,0,0,143.354,0,0,-536.688
"MtrElec",6,7,14,"",-403.635,0,0,0,0,0,0,0,0,0,0,0,0,0,0,0,0,0,0,0,0,124.399,0,0,-528.034
"MtrElec",6,7,15,"",-337.999,0,0,0,0,0,0,0,0,0,0,0,0,0,0,0,0,0,0,0,0,153.647,0,0,-491.646
"MtrElec",6,7,16,"",-288.62,0,0,0,0,0,0,0,0,0,0,0,0,0,0,0,0,0,0,0,0,130.83,0,0,-419.45
"MtrElec",6,7,17,"",-169.887,0,0,0,0,0,0,0,0,0,0,0,0,0,0,0,0,0,0,0,0,148.365,0,0,-318.252
"MtrElec",6,7,18,"",7.59455,0,0,0,0,0,0,0,0,0,0,0,0,0,0,0,0,0,0,0,0,199.839,0,0,-192.245
"MtrElec",6,7,19,"",-55.9216,0,0,0,0,0,0,0,0,0,0,0,0,0,0,0,0,0,0,0,0,235.492,0,-224.226,-67.1866
"MtrElec",6,7,20,"",-26.1186,0,0,0,0,0,0,0,0,0,0,0,0,0,0,0,0,0,0,0,0,209.986,0,-224.226,-11.8779
"MtrElec",6,7,21,"",103.776,0,0,0,0,0,0,0,0,0,0,0,0,0,0,0,0,0,0,0,0,162.299,0,-58.5231,0
"MtrElec",6,7,22,"",145.142,0,0,0,0,0,0,0,0,0,0,0,0,0,0,0,0,0,0,0,0,145.142,0,0,0
"MtrElec",6,7,23,"",113.849,0,0,0,0,0,0,0,0,0,0,0,0,0,0,0,0,0,0,0,0,113.849,0,0,0
"MtrElec",6,7,24,"",133.006,0,0,0,0,0,0,0,0,0,0,0,0,0,0,0,0,0,0,0,0,133.006,0,0,0
"MtrElec",6,8,1,"",96.0913,0,0,0,0,0,0,0,0,0,0,0,0,0,0,0,0,0,0,0,0,96.0913,0,0,0
"MtrElec",6,8,2,"",75.4257,0,0,0,0,0,0,0,0,0,0,0,0,0,0,0,0,0,0,0,0,75.4257,0,0,0
"MtrElec",6,8,3,"",70.9732,0,0,0,0,0,0,0,0,0,0,0,0,0,0,0,0,0,0,0,0,70.9732,0,0,0
"MtrElec",6,8,4,"",69.5374,0,0,0,0,0,0,0,0,0,0,0,0,0,0,0,0,0,0,0,0,69.5374,0,0,0
"MtrElec",6,8,5,"",68.7471,0,0,0,0,0,0,0,0,0,0,0,0,0,0,0,0,0,0,0,0,68.7471,0,0,0
"MtrElec",6,8,6,"",74.8671,0,0,0,0,0,0,0,0,0,0,0,0,0,0,0,0,0,0,0,0,74.8671,0,0,0
"MtrElec",6,8,7,"",57.5654,0,0,0,0,0,0,0,0,0,0,0,0,0,0,0,0,0,0,0,0,83.2746,0,0,-25.7092
"MtrElec",6,8,8,"",0,0,0,0,0,0,0,0,0,0,0,0,0,0,0,0,0,0,0,0,0,98.3904,0,8.47513,-106.866
"MtrElec",6,8,9,"",0.0000078,0,0,0,0,0,0,0,0,0,0,0,0,0,0,0,0,0,0,0,0,109.436,0,130.792,-240.228
"MtrElec",6,8,10,"",0.0000156,0,0,0,0,0,0,0,0,0,0,0,0,0,0,0,0,0,0,0,0,143.882,0,220.07,-363.952
"MtrElec",6,8,11,"",-105.388,0,0,0,0,0,0,0,0,0,0,0,0,0,0,0,0,0,0,0,0,146.739,0,202.41,-454.537
"MtrElec",6,8,12,"",-394.349,0,0,0,0,0,0,0,0,0,0,0,0,0,0,0,0,0,0,0,0,117.727,0,0,-512.076
"MtrElec",6,8,13,"",-379.427,0,0,0,0,0,0,0,0,0,0,0,0,0,0,0,0,0,0,0,0,156.797,0,0,-536.224
"MtrElec",6,8,14,"",-422.672,0,0,0,0,0,0,0,0,0,0,0,0,0,0,0,0,0,0,0,0,110.247,0,0,-532.919
"MtrElec",6,8,15,"",-386.442,0,0,0,0,0,0,0,0,0,0,0,0,0,0,0,0,0,0,0,0,114.685,0,0,-501.127
"MtrElec",6,8,16,"",-305.355,0,0,0,0,0,0,0,0,0,0,0,0,0,0,0,0,0,0,0,0,125.262,0,0,-430.617
"MtrElec",6,8,17,"",-174.039,0,0,0,0,0,0,0,0,0,0,0,0,0,0,0,0,0,0,0,0,152.77,0,0,-326.809
"MtrElec",6,8,18,"",-16.8036,0,0,0,0,0,0,0,0,0,0,0,0,0,0,0,0,0,0,0,0,182.156,0,0,-198.96
"MtrElec",6,8,19,"",-90.2353,0,0,0,0,0,0,0,0,0,0,0,0,0,0,0,0,0,0,0,0,202.226,0,-224.226,-68.2344
"MtrElec",6,8,20,"",-42.3039,0,0,0,0,0,0,0,0,0,0,0,0,0,0,0,0,0,0,0,0,193.93,0,-224.226,-12.0074
"MtrElec",6,8,21,"",122.68,0,0,0,0,0,0,0,0,0,0,0,0,0,0,0,0,0,0,0,0,181.203,0,-58.5231,0
"MtrElec",6,8,22,"",138.98,0,0,0,0,0,0,0,0,0,0,0,0,0,0,0,0,0,0,0,0,138.98,0,0,0
"MtrElec",6,8,23,"",114.291,0,0,0,0,0,0,0,0,0,0,0,0,0,0,0,0,0,0,0,0,114.291,0,0,0
"MtrElec",6,8,24,"",102.528,0,0,0,0,0,0,0,0,0,0,0,0,0,0,0,0,0,0,0,0,102.528,0,0,0
"MtrElec",6,9,1,"",82.1357,0,0,0,0,0,0,0,0,0,0,0,0,0,0,0,0,0,0,0,0,82.1357,0,0,0
"MtrElec",6,9,2,"",71.6635,0,0,0,0,0,0,0,0,0,0,0,0,0,0,0,0,0,0,0,0,71.6635,0,0,0
"MtrElec",6,9,3,"",72.6745,0,0,0,0,0,0,0,0,0,0,0,0,0,0,0,0,0,0,0,0,72.6745,0,0,0
"MtrElec",6,9,4,"",73.4139,0,0,0,0,0,0,0,0,0,0,0,0,0,0,0,0,0,0,0,0,73.4139,0,0,0
"MtrElec",6,9,5,"",72.944,0,0,0,0,0,0,0,0,0,0,0,0,0,0,0,0,0,0,0,0,72.944,0,0,0
"MtrElec",6,9,6,"",76.3398,0,0,0,0,0,0,0,0,0,0,0,0,0,0,0,0,0,0,0,0,76.3398,0,0,0
"MtrElec",6,9,7,"",74.2964,0,0,0,0,0,0,0,0,0,0,0,0,0,0,0,0,0,0,0,0,96.584,0,0,-22.2877
"MtrElec",6,9,8,"",20.2303,0,0,0,0,0,0,0,0,0,0,0,0,0,0,0,0,0,0,0,0,105.606,0,0,-85.3754
"MtrElec",6,9,9,"",12.3287,0,0,0,0,0,0,0,0,0,0,0,0,0,0,0,0,0,0,0,0,116.32,0,0,-103.991
"MtrElec",6,9,10,"",0.0000156,0,0,0,0,0,0,0,0,0,0,0,0,0,0,0,0,0,0,0,0,150.232,0,157.989,-308.221
"MtrElec",6,9,11,"",-54.7553,0,0,0,0,0,0,0,0,0,0,0,0,0,0,0,0,0,0,0,0,151.394,0,224.226,-430.376
"MtrElec",6,9,12,"",-185.333,0,0,0,0,0,0,0,0,0,0,0,0,0,0,0,0,0,0,0,0,130.241,0,179.531,-495.105
"MtrElec",6,9,13,"",-393.631,0,0,0,0,0,0,0,0,0,0,0,0,0,0,0,0,0,0,0,0,134.038,0,0,-527.669
"MtrElec",6,9,14,"",-426.249,0,0,0,0,0,0,0,0,0,0,0,0,0,0,0,0,0,0,0,0,103.599,0,0,-529.847
"MtrElec",6,9,15,"",-362.454,0,0,0,0,0,0,0,0,0,0,0,0,0,0,0,0,0,0,0,0,126.757,0,0,-489.211
"MtrElec",6,9,16,"",-290.706,0,0,0,0,0,0,0,0,0,0,0,0,0,0,0,0,0,0,0,0,130.497,0,0,-421.203
"MtrElec",6,9,17,"",-151.185,0,0,0,0,0,0,0,0,0,0,0,0,0,0,0,0,0,0,0,0,177.837,0,0,-329.022
"MtrElec",6,9,18,"",-5.59997,0,0,0,0,0,0,0,0,0,0,0,0,0,0,0,0,0,0,0,0,197.697,0,0,-203.297
"MtrElec",6,9,19,"",-74.9373,0,0,0,0,0,0,0,0,0,0,0,0,0,0,0,0,0,0,0,0,219.426,0,-224.226,-70.1363
"MtrElec",6,9,20,"",-25.4914,0,0,0,0,0,0,0,0,0,0,0,0,0,0,0,0,0,0,0,0,211.209,0,-224.226,-12.4737
"MtrElec",6,9,21,"",159.287,0,0,0,0,0,0,0,0,0,0,0,0,0,0,0,0,0,0,0,0,217.81,0,-58.5231,0
"MtrElec",6,9,22,"",148.693,0,0,0,0,0,0,0,0,0,0,0,0,0,0,0,0,0,0,0,0,148.693,0,0,0
"MtrElec",6,9,23,"",117.917,0,0,0,0,0,0,0,0,0,0,0,0,0,0,0,0,0,0,0,0,117.917,0,0,0
"MtrElec",6,9,24,"",107.381,0,0,0,0,0,0,0,0,0,0,0,0,0,0,0,0,0,0,0,0,107.381,0,0,0
"MtrElec",6,10,1,"",82.5547,0,0,0,0,0,0,0,0,0,0,0,0,0,0,0,0,0,0,0,0,82.5547,0,0,0
"MtrElec",6,10,2,"",77.5027,0,0,0,0,0,0,0,0,0,0,0,0,0,0,0,0,0,0,0,0,77.5027,0,0,0
"MtrElec",6,10,3,"",71.9016,0,0,0,0,0,0,0,0,0,0,0,0,0,0,0,0,0,0,0,0,71.9016,0,0,0
"MtrElec",6,10,4,"",69.5476,0,0,0,0,0,0,0,0,0,0,0,0,0,0,0,0,0,0,0,0,69.5476,0,0,0
"MtrElec",6,10,5,"",68.7208,0,0,0,0,0,0,0,0,0,0,0,0,0,0,0,0,0,0,0,0,68.7208,0,0,0
"MtrElec",6,10,6,"",74.8664,0,0,0,0,0,0,0,0,0,0,0,0,0,0,0,0,0,0,0,0,74.8664,0,0,0
"MtrElec",6,10,7,"",55.5553,0,0,0,0,0,0,0,0,0,0,0,0,0,0,0,0,0,0,0,0,82.3373,0,0,-26.7821
"MtrElec",6,10,8,"",12.5145,0,0,0,0,0,0,0,0,0,0,0,0,0,0,0,0,0,0,0,0,92.0677,0,0,-79.5532
"MtrElec",6,10,9,"",41.1946,0,0,0,0,0,0,0,0,0,0,0,0,0,0,0,0,0,0,0,0,114.337,0,0,-73.1422
"MtrElec",6,10,10,"",0.0000078,0,0,0,0,0,0,0,0,0,0,0,0,0,0,0,0,0,0,0,0,123.796,0,150.368,-274.164
"MtrElec",6,10,11,"",-57.2947,0,0,0,0,0,0,0,0,0,0,0,0,0,0,0,0,0,0,0,0,160.618,0,224.226,-442.139
"MtrElec",6,10,12,"",-176.069,0,0,0,0,0,0,0,0,0,0,0,0,0,0,0,0,0,0,0,0,131.239,0,187.152,-494.46
"MtrElec",6,10,13,"",-372.936,0,0,0,0,0,0,0,0,0,0,0,0,0,0,0,0,0,0,0,0,154.278,0,0,-527.214
"MtrElec",6,10,14,"",-422.224,0,0,0,0,0,0,0,0,0,0,0,0,0,0,0,0,0,0,0,0,99.2523,0,0,-521.477
"MtrElec",6,10,15,"",-380.637,0,0,0,0,0,0,0,0,0,0,0,0,0,0,0,0,0,0,0,0,107.39,0,0,-488.026
"MtrElec",6,10,16,"",-290.622,0,0,0,0,0,0,0,0,0,0,0,0,0,0,0,0,0,0,0,0,129.89,0,0,-420.511
"MtrElec",6,10,17,"",-140.751,0,0,0,0,0,0,0,0,0,0,0,0,0,0,0,0,0,0,0,0,184.281,0,0,-325.032
"MtrElec",6,10,18,"",-26.9681,0,0,0,0,0,0,0,0,0,0,0,0,0,0,0,0,0,0,0,0,174.506,0,0,-201.474
"MtrElec",6,10,19,"",-110.889,0,0,0,0,0,0,0,0,0,0,0,0,0,0,0,0,0,0,0,0,183.757,0,-224.226,-70.4194
"MtrElec",6,10,20,"",-27.2275,0,0,0,0,0,0,0,0,0,0,0,0,0,0,0,0,0,0,0,0,209.383,0,-224.226,-12.3843
"MtrElec",6,10,21,"",140.832,0,0,0,0,0,0,0,0,0,0,0,0,0,0,0,0,0,0,0,0,199.355,0,-58.5231,0
"MtrElec",6,10,22,"",153.493,0,0,0,0,0,0,0,0,0,0,0,0,0,0,0,0,0,0,0,0,153.493,0,0,0
"MtrElec",6,10,23,"",153.409,0,0,0,0,0,0,0,0,0,0,0,0,0,0,0,0,0,0,0,0,153.409,0,0,0
"MtrElec",6,10,24,"",135.362,0,0,0,0,0,0,0,0,0,0,0,0,0,0,0,0,0,0,0,0,135.362,0,0,0
"MtrElec",6,11,1,"",86.1303,0,0,0,0,0,0,0,0,0,0,0,0,0,0,0,0,0,0,0,0,86.1303,0,0,0
"MtrElec",6,11,2,"",74.1956,0,0,0,0,0,0,0,0,0,0,0,0,0,0,0,0,0,0,0,0,74.1956,0,0,0
"MtrElec",6,11,3,"",70.4938,0,0,0,0,0,0,0,0,0,0,0,0,0,0,0,0,0,0,0,0,70.4938,0,0,0
"MtrElec",6,11,4,"",69.6459,0,0,0,0,0,0,0,0,0,0,0,0,0,0,0,0,0,0,0,0,69.6459,0,0,0
"MtrElec",6,11,5,"",68.7768,0,0,0,0,0,0,0,0,0,0,0,0,0,0,0,0,0,0,0,0,68.7768,0,0,0
"MtrElec",6,11,6,"",74.8968,0,0,0,0,0,0,0,0,0,0,0,0,0,0,0,0,0,0,0,0,74.8968,0,0,0
"MtrElec",6,11,7,"",58.4649,0,0,0,0,0,0,0,0,0,0,0,0,0,0,0,0,0,0,0,0,83.8888,0,0,-25.424
"MtrElec",6,11,8,"",1.42716,0,0,0,0,0,0,0,0,0,0,0,0,0,0,0,0,0,0,0,0,106.571,0,0,-105.144
"MtrElec",6,11,9,"",0.0000078,0,0,0,0,0,0,0,0,0,0,0,0,0,0,0,0,0,0,0,0,125.936,0,90.6145,-216.55
"MtrElec",6,11,10,"",0,0,0,0,0,0,0,0,0,0,0,0,0,0,0,0,0,0,0,0,0,169.397,0,172.483,-341.88
"MtrElec",6,11,11,"",-15.4888,0,0,0,0,0,0,0,0,0,0,0,0,0,0,0,0,0,0,0,0,160.796,0,224.226,-400.512
"MtrElec",6,11,12,"",-137.317,0,0,0,0,0,0,0,0,0,0,0,0,0,0,0,0,0,0,0,0,166.592,0,74.4226,-378.331
"MtrElec",6,11,13,"",-250.669,0,0,0,0,0,0,0,0,0,0,0,0,0,0,0,0,0,0,0,0,189.49,0,0,-440.16
"MtrElec",6,11,14,"",-203.655,0,0,0,0,0,0,0,0,0,0,0,0,0,0,0,0,0,0,0,0,162.912,0,0,-366.567
"MtrElec",6,11,15,"",-226.571,0,0,0,0,0,0,0,0,0,0,0,0,0,0,0,0,0,0,0,0,186.404,0,0,-412.974
"MtrElec",6,11,16,"",-161.61,0,0,0,0,0,0,0,0,0,0,0,0,0,0,0,0,0,0,0,0,180.401,0,0,-342.011
"MtrElec",6,11,17,"",-45.7227,0,0,0,0,0,0,0,0,0,0,0,0,0,0,0,0,0,0,0,0,222.929,0,0,-268.652
"MtrElec",6,11,18,"",41.3508,0,0,0,0,0,0,0,0,0,0,0,0,0,0,0,0,0,0,0,0,217.432,0,0,-176.082
"MtrElec",6,11,19,"",-53.3109,0,0,0,0,0,0,0,0,0,0,0,0,0,0,0,0,0,0,0,0,238.017,0,-224.226,-67.1013
"MtrElec",6,11,20,"",15.3017,0,0,0,0,0,0,0,0,0,0,0,0,0,0,0,0,0,0,0,0,251.836,0,-224.226,-12.3075
"MtrElec",6,11,21,"",198.36,0,0,0,0,0,0,0,0,0,0,0,0,0,0,0,0,0,0,0,0,256.883,0,-58.5231,0
"MtrElec",6,11,22,"",158.431,0,0,0,0,0,0,0,0,0,0,0,0,0,0,0,0,0,0,0,0,158.431,0,0,0
"MtrElec",6,11,23,"",193.634,0,0,0,0,0,0,0,0,0,0,0,0,0,0,0,0,0,0,0,0,193.634,0,0,0
"MtrElec",6,11,24,"",168.844,0,0,0,0,0,0,0,0,0,0,0,0,0,0,0,0,0,0,0,0,168.844,0,0,0
"MtrElec",6,12,1,"",117.252,0,0,0,0,0,0,0,0,0,0,0,0,0,0,0,0,0,0,0,0,117.252,0,0,0
"MtrElec",6,12,2,"",83.8042,0,0,0,0,0,0,0,0,0,0,0,0,0,0,0,0,0,0,0,0,83.8042,0,0,0
"MtrElec",6,12,3,"",75.1264,0,0,0,0,0,0,0,0,0,0,0,0,0,0,0,0,0,0,0,0,75.1264,0,0,0
"MtrElec",6,12,4,"",71.2943,0,0,0,0,0,0,0,0,0,0,0,0,0,0,0,0,0,0,0,0,71.2943,0,0,0
"MtrElec",6,12,5,"",69.8445,0,0,0,0,0,0,0,0,0,0,0,0,0,0,0,0,0,0,0,0,69.8445,0,0,0
"MtrElec",6,12,6,"",75.7966,0,0,0,0,0,0,0,0,0,0,0,0,0,0,0,0,0,0,0,0,75.7966,0,0,0
"MtrElec",6,12,7,"",75.3355,0,0,0,0,0,0,0,0,0,0,0,0,0,0,0,0,0,0,0,0,89.857,0,0,-14.5214
"MtrElec",6,12,8,"",57.3848,0,0,0,0,0,0,0,0,0,0,0,0,0,0,0,0,0,0,0,0,100.528,0,0,-43.1433
"MtrElec",6,12,9,"",0,0,0,0,0,0,0,0,0,0,0,0,0,0,0,0,0,0,0,0,0,109.416,0,89.96,-199.376
"MtrElec",6,12,10,"",0.0000078,0,0,0,0,0,0,0,0,0,0,0,0,0,0,0,0,0,0,0,0,128.4,0,177.935,-306.335
"MtrElec",6,12,11,"",-33.3477,0,0,0,0,0,0,0,0,0,0,0,0,0,0,0,0,0,0,0,0,131.414,0,224.226,-388.988
"MtrElec",6,12,12,"",-215.995,0,0,0,0,0,0,0,0,0,0,0,0,0,0,0,0,0,0,0,0,124.327,0,69.6249,-409.947
"MtrElec",6,12,13,"",-374.539,0,0,0,0,0,0,0,0,0,0,0,0,0,0,0,0,0,0,0,0,131.983,0,0,-506.522
"MtrElec",6,12,14,"",-412.781,0,0,0,0,0,0,0,0,0,0,0,0,0,0,0,0,0,0,0,0,123.721,0,0,-536.502
"MtrElec",6,12,15,"",-373.859,0,0,0,0,0,0,0,0,0,0,0,0,0,0,0,0,0,0,0,0,123.379,0,0,-497.238
"MtrElec",6,12,16,"",-270.105,0,0,0,0,0,0,0,0,0,0,0,0,0,0,0,0,0,0,0,0,130.471,0,0,-400.576
"MtrElec",6,12,17,"",-150.931,0,0,0,0,0,0,0,0,0,0,0,0,0,0,0,0,0,0,0,0,175.967,0,0,-326.898
"MtrElec",6,12,18,"",-1.77473,0,0,0,0,0,0,0,0,0,0,0,0,0,0,0,0,0,0,0,0,199.66,0,0,-201.435
"MtrElec",6,12,19,"",-64.5171,0,0,0,0,0,0,0,0,0,0,0,0,0,0,0,0,0,0,0,0,228.912,0,-224.226,-69.2025
"MtrElec",6,12,20,"",-14.1802,0,0,0,0,0,0,0,0,0,0,0,0,0,0,0,0,0,0,0,0,221.739,0,-224.226,-11.6923
"MtrElec",6,12,21,"",125.506,0,0,0,0,0,0,0,0,0,0,0,0,0,0,0,0,0,0,0,0,184.029,0,-58.5231,0
"MtrElec",6,12,22,"",129.338,0,0,0,0,0,0,0,0,0,0,0,0,0,0,0,0,0,0,0,0,129.338,0,0,0
"MtrElec",6,12,23,"",160.151,0,0,0,0,0,0,0,0,0,0,0,0,0,0,0,0,0,0,0,0,160.151,0,0,0
"MtrElec",6,12,24,"",124.559,0,0,0,0,0,0,0,0,0,0,0,0,0,0,0,0,0,0,0,0,124.559,0,0,0
"MtrElec",6,13,1,"",82.986,0,0,0,0,0,0,0,0,0,0,0,0,0,0,0,0,0,0,0,0,82.986,0,0,0
"MtrElec",6,13,2,"",72.5421,0,0,0,0,0,0,0,0,0,0,0,0,0,0,0,0,0,0,0,0,72.5421,0,0,0
"MtrElec",6,13,3,"",74.2372,0,0,0,0,0,0,0,0,0,0,0,0,0,0,0,0,0,0,0,0,74.2372,0,0,0
"MtrElec",6,13,4,"",75.7939,0,0,0,0,0,0,0,0,0,0,0,0,0,0,0,0,0,0,0,0,75.7939,0,0,0
"MtrElec",6,13,5,"",91.3662,0,0,0,0,0,0,0,0,0,0,0,0,0,0,0,0,0,0,0,0,91.3662,0,0,0
"MtrElec",6,13,6,"",72.7148,0,0,0,0,0,0,0,0,0,0,0,0,0,0,0,0,0,0,0,0,72.7148,0,0,0
"MtrElec",6,13,7,"",55.6231,0,0,0,0,0,0,0,0,0,0,0,0,0,0,0,0,0,0,0,0,79.6769,0,0,-24.0538
"MtrElec",6,13,8,"",1.11509,0,0,0,0,0,0,0,0,0,0,0,0,0,0,0,0,0,0,0,0,90.2207,0,0,-89.1056
"MtrElec",6,13,9,"",0,0,0,0,0,0,0,0,0,0,0,0,0,0,0,0,0,0,0,0,0,102.471,0,45.4658,-147.936
"MtrElec",6,13,10,"",0.0000156,0,0,0,0,0,0,0,0,0,0,0,0,0,0,0,0,0,0,0,0,145.335,0,180.676,-326.011
"MtrElec",6,13,11,"",-63.1369,0,0,0,0,0,0,0,0,0,0,0,0,0,0,0,0,0,0,0,0,172.739,0,224.226,-460.103
"MtrElec",6,13,12,"",-223.34,0,0,0,0,0,0,0,0,0,0,0,0,0,0,0,0,0,0,0,0,185.733,0,111.378,-520.451
"MtrElec",6,13,13,"",-353.106,0,0,0,0,0,0,0,0,0,0,0,0,0,0,0,0,0,0,0,0,192.059,0,0,-545.165
"MtrElec",6,13,14,"",-411.279,0,0,0,0,0,0,0,0,0,0,0,0,0,0,0,0,0,0,0,0,123.364,0,0,-534.643
"MtrElec",6,13,15,"",-326.257,0,0,0,0,0,0,0,0,0,0,0,0,0,0,0,0,0,0,0,0,174.305,0,0,-500.562
"MtrElec",6,13,16,"",-267.238,0,0,0,0,0,0,0,0,0,0,0,0,0,0,0,0,0,0,0,0,166.369,0,0,-433.607
"MtrElec",6,13,17,"",-154.966,0,0,0,0,0,0,0,0,0,0,0,0,0,0,0,0,0,0,0,0,176.855,0,0,-331.82
"MtrElec",6,13,18,"",12.8826,0,0,0,0,0,0,0,0,0,0,0,0,0,0,0,0,0,0,0,0,217.291,0,0,-204.408
"MtrElec",6,13,19,"",-8.25685,0,0,0,0,0,0,0,0,0,0,0,0,0,0,0,0,0,0,0,0,286.83,0,-224.226,-70.86
"MtrElec",6,13,20,"",26.7323,0,0,0,0,0,0,0,0,0,0,0,0,0,0,0,0,0,0,0,0,263.495,0,-224.226,-12.5362
"MtrElec",6,13,21,"",126.61,0,0,0,0,0,0,0,0,0,0,0,0,0,0,0,0,0,0,0,0,185.133,0,-58.5231,0
"MtrElec",6,13,22,"",177.675,0,0,0,0,0,0,0,0,0,0,0,0,0,0,0,0,0,0,0,0,177.675,0,0,0
"MtrElec",6,13,23,"",121.25,0,0,0,0,0,0,0,0,0,0,0,0,0,0,0,0,0,0,0,0,121.25,0,0,0
"MtrElec",6,13,24,"",112.214,0,0,0,0,0,0,0,0,0,0,0,0,0,0,0,0,0,0,0,0,112.214,0,0,0
"MtrElec",6,14,1,"",87.8851,0,0,0,0,0,0,0,0,0,0,0,0,0,0,0,0,0,0,0,0,87.8851,0,0,0
"MtrElec",6,14,2,"",73.8408,0,0,0,0,0,0,0,0,0,0,0,0,0,0,0,0,0,0,0,0,73.8408,0,0,0
"MtrElec",6,14,3,"",75.0527,0,0,0,0,0,0,0,0,0,0,0,0,0,0,0,0,0,0,0,0,75.0527,0,0,0
"MtrElec",6,14,4,"",76.1504,0,0,0,0,0,0,0,0,0,0,0,0,0,0,0,0,0,0,0,0,76.1504,0,0,0
"MtrElec",6,14,5,"",91.5126,0,0,0,0,0,0,0,0,0,0,0,0,0,0,0,0,0,0,0,0,91.5126,0,0,0
"MtrElec",6,14,6,"",72.7403,0,0,0,0,0,0,0,0,0,0,0,0,0,0,0,0,0,0,0,0,72.7403,0,0,0
"MtrElec",6,14,7,"",54.7516,0,0,0,0,0,0,0,0,0,0,0,0,0,0,0,0,0,0,0,0,80.6671,0,0,-25.9155
"MtrElec",6,14,8,"",0,0,0,0,0,0,0,0,0,0,0,0,0,0,0,0,0,0,0,0,0,100.474,0,4.00971,-104.484
"MtrElec",6,14,9,"",0,0,0,0,0,0,0,0,0,0,0,0,0,0,0,0,0,0,0,0,0,116.553,0,110.702,-227.255
"MtrElec",6,14,10,"",-12.4225,0,0,0,0,0,0,0,0,0,0,0,0,0,0,0,0,0,0,0,0,133.863,0,224.226,-370.512
"MtrElec",6,14,11,"",-41.3117,0,0,0,0,0,0,0,0,0,0,0,0,0,0,0,0,0,0,0,0,187.924,0,222.808,-452.043
"MtrElec",6,14,12,"",-353.801,0,0,0,0,0,0,0,0,0,0,0,0,0,0,0,0,0,0,0,0,157.428,0,0,-511.229
"MtrElec",6,14,13,"",-393.519,0,0,0,0,0,0,0,0,0,0,0,0,0,0,0,0,0,0,0,0,151.194,0,0,-544.713
"MtrElec",6,14,14,"",-409.009,0,0,0,0,0,0,0,0,0,0,0,0,0,0,0,0,0,0,0,0,130.441,0,0,-539.45
"MtrElec",6,14,15,"",-364.331,0,0,0,0,0,0,0,0,0,0,0,0,0,0,0,0,0,0,0,0,136.903,0,0,-501.234
"MtrElec",6,14,16,"",-293.398,0,0,0,0,0,0,0,0,0,0,0,0,0,0,0,0,0,0,0,0,138.858,0,0,-432.256
"MtrElec",6,14,17,"",-172.7,0,0,0,0,0,0,0,0,0,0,0,0,0,0,0,0,0,0,0,0,161.439,0,0,-334.14
"MtrElec",6,14,18,"",0.207453,0,0,0,0,0,0,0,0,0,0,0,0,0,0,0,0,0,0,0,0,206.902,0,0,-206.694
"MtrElec",6,14,19,"",-41.681,0,0,0,0,0,0,0,0,0,0,0,0,0,0,0,0,0,0,0,0,255.134,0,-224.226,-72.5881
"MtrElec",6,14,20,"",-23.5151,0,0,0,0,0,0,0,0,0,0,0,0,0,0,0,0,0,0,0,0,213.401,0,-224.226,-12.6893
"MtrElec",6,14,21,"",90.1794,0,0,0,0,0,0,0,0,0,0,0,0,0,0,0,0,0,0,0,0,148.702,0,-58.5231,0
"MtrElec",6,14,22,"",131.564,0,0,0,0,0,0,0,0,0,0,0,0,0,0,0,0,0,0,0,0,131.564,0,0,0
"MtrElec",6,14,23,"",107.779,0,0,0,0,0,0,0,0,0,0,0,0,0,0,0,0,0,0,0,0,107.779,0,0,0
"MtrElec",6,14,24,"",119.451,0,0,0,0,0,0,0,0,0,0,0,0,0,0,0,0,0,0,0,0,119.451,0,0,0
"MtrElec",6,15,1,"",83.984,0,0,0,0,0,0,0,0,0,0,0,0,0,0,0,0,0,0,0,0,83.984,0,0,0
"MtrElec",6,15,2,"",77.2522,0,0,0,0,0,0,0,0,0,0,0,0,0,0,0,0,0,0,0,0,77.2522,0,0,0
"MtrElec",6,15,3,"",71.7791,0,0,0,0,0,0,0,0,0,0,0,0,0,0,0,0,0,0,0,0,71.7791,0,0,0
"MtrElec",6,15,4,"",69.5333,0,0,0,0,0,0,0,0,0,0,0,0,0,0,0,0,0,0,0,0,69.5333,0,0,0
"MtrElec",6,15,5,"",68.7478,0,0,0,0,0,0,0,0,0,0,0,0,0,0,0,0,0,0,0,0,68.7478,0,0,0
"MtrElec",6,15,6,"",75.6325,0,0,0,0,0,0,0,0,0,0,0,0,0,0,0,0,0,0,0,0,75.6325,0,0,0
"MtrElec",6,15,7,"",65.1893,0,0,0,0,0,0,0,0,0,0,0,0,0,0,0,0,0,0,0,0,89.2664,0,0,-24.0771
"MtrElec",6,15,8,"",17.4751,0,0,0,0,0,0,0,0,0,0,0,0,0,0,0,0,0,0,0,0,99.2875,0,0,-81.8123
"MtrElec",6,15,9,"",56.7993,0,0,0,0,0,0,0,0,0,0,0,0,0,0,0,0,0,0,0,0,130.002,0,0,-73.2025
"MtrElec",6,15,10,"",0,0,0,0,0,0,0,0,0,0,0,0,0,0,0,0,0,0,0,0,0,129.925,0,67.5341,-197.459
"MtrElec",6,15,11,"",-64.7675,0,0,0,0,0,0,0,0,0,0,0,0,0,0,0,0,0,0,0,0,145.687,0,224.226,-434.681
"MtrElec",6,15,12,"",-161.089,0,0,0,0,0,0,0,0,0,0,0,0,0,0,0,0,0,0,0,0,131.468,0,224.226,-516.784
"MtrElec",6,15,13,"",-312.188,0,0,0,0,0,0,0,0,0,0,0,0,0,0,0,0,0,0,0,0,180.873,0,45.7593,-538.82
"MtrElec",6,15,14,"",-433.63,0,0,0,0,0,0,0,0,0,0,0,0,0,0,0,0,0,0,0,0,97.2221,0,0,-530.852
"MtrElec",6,15,15,"",-380.468,0,0,0,0,0,0,0,0,0,0,0,0,0,0,0,0,0,0,0,0,116.129,0,0,-496.597
"MtrElec",6,15,16,"",-319.402,0,0,0,0,0,0,0,0,0,0,0,0,0,0,0,0,0,0,0,0,113.353,0,0,-432.755
"MtrElec",6,15,17,"",-170.91,0,0,0,0,0,0,0,0,0,0,0,0,0,0,0,0,0,0,0,0,163.431,0,0,-334.341
"MtrElec",6,15,18,"",-31.46,0,0,0,0,0,0,0,0,0,0,0,0,0,0,0,0,0,0,0,0,175.773,0,0,-207.233
"MtrElec",6,15,19,"",-92.2788,0,0,0,0,0,0,0,0,0,0,0,0,0,0,0,0,0,0,0,0,204.779,0,-224.226,-72.8312
"MtrElec",6,15,20,"",-45.475,0,0,0,0,0,0,0,0,0,0,0,0,0,0,0,0,0,0,0,0,192.097,0,-224.226,-13.3455
"MtrElec",6,15,21,"",132.852,0,0,0,0,0,0,0,0,0,0,0,0,0,0,0,0,0,0,0,0,191.375,0,-58.5231,0
"MtrElec",6,15,22,"",149.391,0,0,0,0,0,0,0,0,0,0,0,0,0,0,0,0,0,0,0,0,149.391,0,0,0
"MtrElec",6,15,23,"",144.788,0,0,0,0,0,0,0,0,0,0,0,0,0,0,0,0,0,0,0,0,144.788,0,0,0
"MtrElec",6,15,24,"",117.548,0,0,0,0,0,0,0,0,0,0,0,0,0,0,0,0,0,0,0,0,117.548,0,0,0
"MtrElec",6,16,1,"",104.883,0,0,0,0,0,0,0,0,0,0,0,0,0,0,0,0,0,0,0,0,104.883,0,0,0
"MtrElec",6,16,2,"",73.521,0,0,0,0,0,0,0,0,0,0,0,0,0,0,0,0,0,0,0,0,73.521,0,0,0
"MtrElec",6,16,3,"",70.156,0,0,0,0,0,0,0,0,0,0,0,0,0,0,0,0,0,0,0,0,70.156,0,0,0
"MtrElec",6,16,4,"",69.48,0,0,0,0,0,0,0,0,0,0,0,0,0,0,0,0,0,0,0,0,69.48,0,0,0
"MtrElec",6,16,5,"",68.6772,0,0,0,0,0,0,0,0,0,0,0,0,0,0,0,0,0,0,0,0,68.6772,0,0,0
"MtrElec",6,16,6,"",74.8439,0,0,0,0,0,0,0,0,0,0,0,0,0,0,0,0,0,0,0,0,74.8439,0,0,0
"MtrElec",6,16,7,"",58.6885,0,0,0,0,0,0,0,0,0,0,0,0,0,0,0,0,0,0,0,0,82.7734,0,0,-24.0849
"MtrElec",6,16,8,"",0,0,0,0,0,0,0,0,0,0,0,0,0,0,0,0,0,0,0,0,0,98.8951,0,3.63123,-102.526
"MtrElec",6,16,9,"",0.0000078,0,0,0,0,0,0,0,0,0,0,0,0,0,0,0,0,0,0,0,0,119.346,0,117.523,-236.869
"MtrElec",6,16,10,"",0,0,0,0,0,0,0,0,0,0,0,0,0,0,0,0,0,0,0,0,0,157.631,0,207.098,-364.729
"MtrElec",6,16,11,"",-69.4092,0,0,0,0,0,0,0,0,0,0,0,0,0,0,0,0,0,0,0,0,158.191,0,224.226,-451.827
"MtrElec",6,16,12,"",-380.773,0,0,0,0,0,0,0,0,0,0,0,0,0,0,0,0,0,0,0,0,120.953,0,9.26764,-510.994
"MtrElec",6,16,13,"",-392.787,0,0,0,0,0,0,0,0,0,0,0,0,0,0,0,0,0,0,0,0,144.562,0,0,-537.349
"MtrElec",6,16,14,"",-435.342,0,0,0,0,0,0,0,0,0,0,0,0,0,0,0,0,0,0,0,0,95.6935,0,0,-531.036
"MtrElec",6,16,15,"",-390.695,0,0,0,0,0,0,0,0,0,0,0,0,0,0,0,0,0,0,0,0,107.778,0,0,-498.474
"MtrElec",6,16,16,"",-302.119,0,0,0,0,0,0,0,0,0,0,0,0,0,0,0,0,0,0,0,0,130.331,0,0,-432.45
"MtrElec",6,16,17,"",-174.9,0,0,0,0,0,0,0,0,0,0,0,0,0,0,0,0,0,0,0,0,157.527,0,0,-332.427
"MtrElec",6,16,18,"",-25.3492,0,0,0,0,0,0,0,0,0,0,0,0,0,0,0,0,0,0,0,0,179.342,0,0,-204.691
"MtrElec",6,16,19,"",-77.104,0,0,0,0,0,0,0,0,0,0,0,0,0,0,0,0,0,0,0,0,218.419,0,-224.226,-71.2961
"MtrElec",6,16,20,"",-28.3314,0,0,0,0,0,0,0,0,0,0,0,0,0,0,0,0,0,0,0,0,208.418,0,-224.226,-12.5228
"MtrElec",6,16,21,"",151.95,0,0,0,0,0,0,0,0,0,0,0,0,0,0,0,0,0,0,0,0,210.473,0,-58.5231,0
"MtrElec",6,16,22,"",153.636,0,0,0,0,0,0,0,0,0,0,0,0,0,0,0,0,0,0,0,0,153.636,0,0,0
"MtrElec",6,16,23,"",126.864,0,0,0,0,0,0,0,0,0,0,0,0,0,0,0,0,0,0,0,0,126.864,0,0,0
"MtrElec",6,16,24,"",111.717,0,0,0,0,0,0,0,0,0,0,0,0,0,0,0,0,0,0,0,0,111.717,0,0,0
"MtrElec",6,17,1,"",86.785,0,0,0,0,0,0,0,0,0,0,0,0,0,0,0,0,0,0,0,0,86.785,0,0,0
"MtrElec",6,17,2,"",75.8775,0,0,0,0,0,0,0,0,0,0,0,0,0,0,0,0,0,0,0,0,75.8775,0,0,0
"MtrElec",6,17,3,"",72.262,0,0,0,0,0,0,0,0,0,0,0,0,0,0,0,0,0,0,0,0,72.262,0,0,0
"MtrElec",6,17,4,"",77.6767,0,0,0,0,0,0,0,0,0,0,0,0,0,0,0,0,0,0,0,0,77.6767,0,0,0
"MtrElec",6,17,5,"",68.9191,0,0,0,0,0,0,0,0,0,0,0,0,0,0,0,0,0,0,0,0,68.9191,0,0,0
"MtrElec",6,17,6,"",74.9804,0,0,0,0,0,0,0,0,0,0,0,0,0,0,0,0,0,0,0,0,74.9804,0,0,0
"MtrElec",6,17,7,"",58.9527,0,0,0,0,0,0,0,0,0,0,0,0,0,0,0,0,0,0,0,0,83.9516,0,0,-24.9989
"MtrElec",6,17,8,"",9.31339,0,0,0,0,0,0,0,0,0,0,0,0,0,0,0,0,0,0,0,0,113.757,0,0,-104.444
"MtrElec",6,17,9,"",0,0,0,0,0,0,0,0,0,0,0,0,0,0,0,0,0,0,0,0,0,147.073,0,91.3351,-238.409
"MtrElec",6,17,10,"",0,0,0,0,0,0,0,0,0,0,0,0,0,0,0,0,0,0,0,0,0,169.395,0,190.125,-359.52
"MtrElec",6,17,11,"",-67.3657,0,0,0,0,0,0,0,0,0,0,0,0,0,0,0,0,0,0,0,0,163.375,0,224.226,-454.967
"MtrElec",6,17,12,"",-312.488,0,0,0,0,0,0,0,0,0,0,0,0,0,0,0,0,0,0,0,0,147.273,0,56.0593,-515.82
"MtrElec",6,17,13,"",-269.652,0,0,0,0,0,0,0,0,0,0,0,0,0,0,0,0,0,0,0,0,272.52,0,0,-542.172
"MtrElec",6,17,14,"",-414.258,0,0,0,0,0,0,0,0,0,0,0,0,0,0,0,0,0,0,0,0,124.827,0,0,-539.084
"MtrElec",6,17,15,"",-365.757,0,0,0,0,0,0,0,0,0,0,0,0,0,0,0,0,0,0,0,0,138.737,0,0,-504.494
"MtrElec",6,17,16,"",-271.098,0,0,0,0,0,0,0,0,0,0,0,0,0,0,0,0,0,0,0,0,161.175,0,0,-432.273
"MtrElec",6,17,17,"",-128.21,0,0,0,0,0,0,0,0,0,0,0,0,0,0,0,0,0,0,0,0,203.463,0,0,-331.673
"MtrElec",6,17,18,"",20.4962,0,0,0,0,0,0,0,0,0,0,0,0,0,0,0,0,0,0,0,0,225.454,0,0,-204.958
"MtrElec",6,17,19,"",-55.2505,0,0,0,0,0,0,0,0,0,0,0,0,0,0,0,0,0,0,0,0,240.758,0,-224.226,-71.7816
"MtrElec",6,17,20,"",-9.01129,0,0,0,0,0,0,0,0,0,0,0,0,0,0,0,0,0,0,0,0,227.717,0,-224.226,-12.5021
"MtrElec",6,17,21,"",148.775,0,0,0,0,0,0,0,0,0,0,0,0,0,0,0,0,0,0,0,0,207.298,0,-58.5231,0
"MtrElec",6,17,22,"",165.458,0,0,0,0,0,0,0,0,0,0,0,0,0,0,0,0,0,0,0,0,165.458,0,0,0
"MtrElec",6,17,23,"",164.757,0,0,0,0,0,0,0,0,0,0,0,0,0,0,0,0,0,0,0,0,164.757,0,0,0
"MtrElec",6,17,24,"",145.529,0,0,0,0,0,0,0,0,0,0,0,0,0,0,0,0,0,0,0,0,145.529,0,0,0
"MtrElec",6,18,1,"",91.4051,0,0,0,0,0,0,0,0,0,0,0,0,0,0,0,0,0,0,0,0,91.4051,0,0,0
"MtrElec",6,18,2,"",77.9452,0,0,0,0,0,0,0,0,0,0,0,0,0,0,0,0,0,0,0,0,77.9452,0,0,0
"MtrElec",6,18,3,"",72.3845,0,0,0,0,0,0,0,0,0,0,0,0,0,0,0,0,0,0,0,0,72.3845,0,0,0
"MtrElec",6,18,4,"",70.3587,0,0,0,0,0,0,0,0,0,0,0,0,0,0,0,0,0,0,0,0,70.3587,0,0,0
"MtrElec",6,18,5,"",69.1405,0,0,0,0,0,0,0,0,0,0,0,0,0,0,0,0,0,0,0,0,69.1405,0,0,0
"MtrElec",6,18,6,"",75.7836,0,0,0,0,0,0,0,0,0,0,0,0,0,0,0,0,0,0,0,0,75.7836,0,0,0
"MtrElec",6,18,7,"",67.3797,0,0,0,0,0,0,0,0,0,0,0,0,0,0,0,0,0,0,0,0,90.4408,0,0,-23.0611
"MtrElec",6,18,8,"",12.3408,0,0,0,0,0,0,0,0,0,0,0,0,0,0,0,0,0,0,0,0,114.819,0,0,-102.478
"MtrElec",6,18,9,"",0,0,0,0,0,0,0,0,0,0,0,0,0,0,0,0,0,0,0,0,0,148.003,0,89.3346,-237.338
"MtrElec",6,18,10,"",0,0,0,0,0,0,0,0,0,0,0,0,0,0,0,0,0,0,0,0,0,147.654,0,211.422,-359.076
"MtrElec",6,18,11,"",-57.3428,0,0,0,0,0,0,0,0,0,0,0,0,0,0,0,0,0,0,0,0,172.331,0,224.226,-453.9
"MtrElec",6,18,12,"",-309.865,0,0,0,0,0,0,0,0,0,0,0,0,0,0,0,0,0,0,0,0,168.401,0,36.7633,-515.029
"MtrElec",6,18,13,"",-371.631,0,0,0,0,0,0,0,0,0,0,0,0,0,0,0,0,0,0,0,0,172.094,0,0,-543.725
"MtrElec",6,18,14,"",-407.219,0,0,0,0,0,0,0,0,0,0,0,0,0,0,0,0,0,0,0,0,131.156,0,0,-538.375
"MtrElec",6,18,15,"",-355.276,0,0,0,0,0,0,0,0,0,0,0,0,0,0,0,0,0,0,0,0,145.901,0,0,-501.176
"MtrElec",6,18,16,"",-270.672,0,0,0,0,0,0,0,0,0,0,0,0,0,0,0,0,0,0,0,0,164.273,0,0,-434.946
"MtrElec",6,18,17,"",-146.896,0,0,0,0,0,0,0,0,0,0,0,0,0,0,0,0,0,0,0,0,187.188,0,0,-334.085
"MtrElec",6,18,18,"",1.03163,0,0,0,0,0,0,0,0,0,0,0,0,0,0,0,0,0,0,0,0,206.056,0,0,-205.024
"MtrElec",6,18,19,"",-67.2244,0,0,0,0,0,0,0,0,0,0,0,0,0,0,0,0,0,0,0,0,229.684,0,-224.226,-72.6817
"MtrElec",6,18,20,"",-17.1959,0,0,0,0,0,0,0,0,0,0,0,0,0,0,0,0,0,0,0,0,220.226,0,-224.226,-13.1955
"MtrElec",6,18,21,"",160.609,0,0,0,0,0,0,0,0,0,0,0,0,0,0,0,0,0,0,0,0,219.132,0,-58.5231,0
"MtrElec",6,18,22,"",151.358,0,0,0,0,0,0,0,0,0,0,0,0,0,0,0,0,0,0,0,0,151.358,0,0,0
"MtrElec",6,18,23,"",130.199,0,0,0,0,0,0,0,0,0,0,0,0,0,0,0,0,0,0,0,0,130.199,0,0,0
"MtrElec",6,18,24,"",106.368,0,0,0,0,0,0,0,0,0,0,0,0,0,0,0,0,0,0,0,0,106.368,0,0,0
"MtrElec",6,19,1,"",80.0311,0,0,0,0,0,0,0,0,0,0,0,0,0,0,0,0,0,0,0,0,80.0311,0,0,0
"MtrElec",6,19,2,"",77.0908,0,0,0,0,0,0,0,0,0,0,0,0,0,0,0,0,0,0,0,0,77.0908,0,0,0
"MtrElec",6,19,3,"",76.1607,0,0,0,0,0,0,0,0,0,0,0,0,0,0,0,0,0,0,0,0,76.1607,0,0,0
"MtrElec",6,19,4,"",81.2789,0,0,0,0,0,0,0,0,0,0,0,0,0,0,0,0,0,0,0,0,81.2789,0,0,0
"MtrElec",6,19,5,"",73.1843,0,0,0,0,0,0,0,0,0,0,0,0,0,0,0,0,0,0,0,0,73.1843,0,0,0
"MtrElec",6,19,6,"",75.7505,0,0,0,0,0,0,0,0,0,0,0,0,0,0,0,0,0,0,0,0,75.7505,0,0,0
"MtrElec",6,19,7,"",64.9201,0,0,0,0,0,0,0,0,0,0,0,0,0,0,0,0,0,0,0,0,89.9863,0,0,-25.0663
"MtrElec",6,19,8,"",0,0,0,0,0,0,0,0,0,0,0,0,0,0,0,0,0,0,0,0,0,102.301,0,2.58523,-104.887
"MtrElec",6,19,9,"",0,0,0,0,0,0,0,0,0,0,0,0,0,0,0,0,0,0,0,0,0,120.694,0,125.097,-245.791
"MtrElec",6,19,10,"",0.0000156,0,0,0,0,0,0,0,0,0,0,0,0,0,0,0,0,0,0,0,0,157.724,0,212.036,-369.76
"MtrElec",6,19,11,"",-50.614,0,0,0,0,0,0,0,0,0,0,0,0,0,0,0,0,0,0,0,0,191.2,0,222.028,-463.841
"MtrElec",6,19,12,"",-383.483,0,0,0,0,0,0,0,0,0,0,0,0,0,0,0,0,0,0,0,0,145.279,0,0,-528.763
"MtrElec",6,19,13,"",-419.559,0,0,0,0,0,0,0,0,0,0,0,0,0,0,0,0,0,0,0,0,138.699,0,0,-558.259
"MtrElec",6,19,14,"",-445.446,0,0,0,0,0,0,0,0,0,0,0,0,0,0,0,0,0,0,0,0,106.414,0,0,-551.86
"MtrElec",6,19,15,"",-387.466,0,0,0,0,0,0,0,0,0,0,0,0,0,0,0,0,0,0,0,0,125.53,0,0,-512.995
"MtrElec",6,19,16,"",-279.67,0,0,0,0,0,0,0,0,0,0,0,0,0,0,0,0,0,0,0,0,158.906,0,0,-438.576
"MtrElec",6,19,17,"",-153.983,0,0,0,0,0,0,0,0,0,0,0,0,0,0,0,0,0,0,0,0,181.666,0,0,-335.649
"MtrElec",6,19,18,"",-18.6053,0,0,0,0,0,0,0,0,0,0,0,0,0,0,0,0,0,0,0,0,189.111,0,0,-207.716
"MtrElec",6,19,19,"",-88.3248,0,0,0,0,0,0,0,0,0,0,0,0,0,0,0,0,0,0,0,0,209.194,0,-224.226,-73.2922
"MtrElec",6,19,20,"",-41.6569,0,0,0,0,0,0,0,0,0,0,0,0,0,0,0,0,0,0,0,0,195.588,0,-224.226,-13.0184
"MtrElec",6,19,21,"",169.43,0,0,0,0,0,0,0,0,0,0,0,0,0,0,0,0,0,0,0,0,227.953,0,-58.5231,0
"MtrElec",6,19,22,"",162.599,0,0,0,0,0,0,0,0,0,0,0,0,0,0,0,0,0,0,0,0,162.599,0,0,0
"MtrElec",6,19,23,"",146.635,0,0,0,0,0,0,0,0,0,0,0,0,0,0,0,0,0,0,0,0,146.635,0,0,0
"MtrElec",6,19,24,"",131.513,0,0,0,0,0,0,0,0,0,0,0,0,0,0,0,0,0,0,0,0,131.513,0,0,0
"MtrElec",6,20,1,"",83.3207,0,0,0,0,0,0,0,0,0,0,0,0,0,0,0,0,0,0,0,0,83.3207,0,0,0
"MtrElec",6,20,2,"",75.7191,0,0,0,0,0,0,0,0,0,0,0,0,0,0,0,0,0,0,0,0,75.7191,0,0,0
"MtrElec",6,20,3,"",74.2536,0,0,0,0,0,0,0,0,0,0,0,0,0,0,0,0,0,0,0,0,74.2536,0,0,0
"MtrElec",6,20,4,"",74.5297,0,0,0,0,0,0,0,0,0,0,0,0,0,0,0,0,0,0,0,0,74.5297,0,0,0
"MtrElec",6,20,5,"",84.1007,0,0,0,0,0,0,0,0,0,0,0,0,0,0,0,0,0,0,0,0,84.1007,0,0,0
"MtrElec",6,20,6,"",72.8161,0,0,0,0,0,0,0,0,0,0,0,0,0,0,0,0,0,0,0,0,72.8161,0,0,0
"MtrElec",6,20,7,"",56.2244,0,0,0,0,0,0,0,0,0,0,0,0,0,0,0,0,0,0,0,0,79.2695,0,0,-23.045
"MtrElec",6,20,8,"",0,0,0,0,0,0,0,0,0,0,0,0,0,0,0,0,0,0,0,0,0,87.6831,0,14.7949,-102.478
"MtrElec",6,20,9,"",0,0,0,0,0,0,0,0,0,0,0,0,0,0,0,0,0,0,0,0,0,100.746,0,140.197,-240.943
"MtrElec",6,20,10,"",-28.5927,0,0,0,0,0,0,0,0,0,0,0,0,0,0,0,0,0,0,0,0,111.751,0,224.226,-364.57
"MtrElec",6,20,11,"",-111.853,0,0,0,0,0,0,0,0,0,0,0,0,0,0,0,0,0,0,0,0,162.457,0,182.528,-456.838
"MtrElec",6,20,12,"",-357.658,0,0,0,0,0,0,0,0,0,0,0,0,0,0,0,0,0,0,0,0,161.901,0,0,-519.559
"MtrElec",6,20,13,"",-380.742,0,0,0,0,0,0,0,0,0,0,0,0,0,0,0,0,0,0,0,0,166.119,0,0,-546.861
"MtrElec",6,20,14,"",-398.556,0,0,0,0,0,0,0,0,0,0,0,0,0,0,0,0,0,0,0,0,141.174,0,0,-539.73
"MtrElec",6,20,15,"",-339.885,0,0,0,0,0,0,0,0,0,0,0,0,0,0,0,0,0,0,0,0,168.291,0,0,-508.176
"MtrElec",6,20,16,"",-271.475,0,0,0,0,0,0,0,0,0,0,0,0,0,0,0,0,0,0,0,0,168.366,0,0,-439.84
"MtrElec",6,20,17,"",-153.914,0,0,0,0,0,0,0,0,0,0,0,0,0,0,0,0,0,0,0,0,182.844,0,0,-336.757
"MtrElec",6,20,18,"",19.426,0,0,0,0,0,0,0,0,0,0,0,0,0,0,0,0,0,0,0,0,227.167,0,0,-207.741
"MtrElec",6,20,19,"",-15.5614,0,0,0,0,0,0,0,0,0,0,0,0,0,0,0,0,0,0,0,0,282.502,0,-224.226,-73.8365
"MtrElec",6,20,20,"",26.5856,0,0,0,0,0,0,0,0,0,0,0,0,0,0,0,0,0,0,0,0,263.767,0,-224.226,-12.9552
"MtrElec",6,20,21,"",142.802,0,0,0,0,0,0,0,0,0,0,0,0,0,0,0,0,0,0,0,0,201.325,0,-58.5231,0
"MtrElec",6,20,22,"",196.286,0,0,0,0,0,0,0,0,0,0,0,0,0,0,0,0,0,0,0,0,196.286,0,0,0
"MtrElec",6,20,23,"",133.013,0,0,0,0,0,0,0,0,0,0,0,0,0,0,0,0,0,0,0,0,133.013,0,0,0
"MtrElec",6,20,24,"",148.432,0,0,0,0,0,0,0,0,0,0,0,0,0,0,0,0,0,0,0,0,148.432,0,0,0
"MtrElec",6,21,1,"",106.757,0,0,0,0,0,0,0,0,0,0,0,0,0,0,0,0,0,0,0,0,106.757,0,0,0
"MtrElec",6,21,2,"",76.6172,0,0,0,0,0,0,0,0,0,0,0,0,0,0,0,0,0,0,0,0,76.6172,0,0,0
"MtrElec",6,21,3,"",76.7595,0,0,0,0,0,0,0,0,0,0,0,0,0,0,0,0,0,0,0,0,76.7595,0,0,0
"MtrElec",6,21,4,"",77.1355,0,0,0,0,0,0,0,0,0,0,0,0,0,0,0,0,0,0,0,0,77.1355,0,0,0
"MtrElec",6,21,5,"",92.0026,0,0,0,0,0,0,0,0,0,0,0,0,0,0,0,0,0,0,0,0,92.0026,0,0,0
"MtrElec",6,21,6,"",72.8379,0,0,0,0,0,0,0,0,0,0,0,0,0,0,0,0,0,0,0,0,72.8379,0,0,0
"MtrElec",6,21,7,"",57.1756,0,0,0,0,0,0,0,0,0,0,0,0,0,0,0,0,0,0,0,0,81.6958,0,0,-24.5202
"MtrElec",6,21,8,"",8.68272,0,0,0,0,0,0,0,0,0,0,0,0,0,0,0,0,0,0,0,0,110.588,0,0,-101.905
"MtrElec",6,21,9,"",0,0,0,0,0,0,0,0,0,0,0,0,0,0,0,0,0,0,0,0,0,133.218,0,105.143,-238.361
"MtrElec",6,21,10,"",0,0,0,0,0,0,0,0,0,0,0,0,0,0,0,0,0,0,0,0,0,148.158,0,188.066,-336.224
"MtrElec",6,21,11,"",-40.7202,0,0,0,0,0,0,0,0,0,0,0,0,0,0,0,0,0,0,0,0,174.99,0,224.226,-439.937
"MtrElec",6,21,12,"",-265.974,0,0,0,0,0,0,0,0,0,0,0,0,0,0,0,0,0,0,0,0,194.252,0,44.3109,-504.537
"MtrElec",6,21,13,"",-383.271,0,0,0,0,0,0,0,0,0,0,0,0,0,0,0,0,0,0,0,0,152.432,0,0,-535.703
"MtrElec",6,21,14,"",-388.32,0,0,0,0,0,0,0,0,0,0,0,0,0,0,0,0,0,0,0,0,146.188,0,0,-534.508
"MtrElec",6,21,15,"",-328.136,0,0,0,0,0,0,0,0,0,0,0,0,0,0,0,0,0,0,0,0,173.327,0,0,-501.463
"MtrElec",6,21,16,"",-268.06,0,0,0,0,0,0,0,0,0,0,0,0,0,0,0,0,0,0,0,0,165.633,0,0,-433.694
"MtrElec",6,21,17,"",-153.912,0,0,0,0,0,0,0,0,0,0,0,0,0,0,0,0,0,0,0,0,179.221,0,0,-333.132
"MtrElec",6,21,18,"",1.09083,0,0,0,0,0,0,0,0,0,0,0,0,0,0,0,0,0,0,0,0,206.982,0,0,-205.892
"MtrElec",6,21,19,"",-52.1702,0,0,0,0,0,0,0,0,0,0,0,0,0,0,0,0,0,0,0,0,245.959,0,-224.226,-73.9031
"MtrElec",6,21,20,"",6.87423,0,0,0,0,0,0,0,0,0,0,0,0,0,0,0,0,0,0,0,0,244.756,0,-224.226,-13.6548
"MtrElec",6,21,21,"",130.082,0,0,0,0,0,0,0,0,0,0,0,0,0,0,0,0,0,0,0,0,188.605,0,-58.5231,0
"MtrElec",6,21,22,"",178.012,0,0,0,0,0,0,0,0,0,0,0,0,0,0,0,0,0,0,0,0,178.012,0,0,0
"MtrElec",6,21,23,"",131.434,0,0,0,0,0,0,0,0,0,0,0,0,0,0,0,0,0,0,0,0,131.434,0,0,0
"MtrElec",6,21,24,"",161.811,0,0,0,0,0,0,0,0,0,0,0,0,0,0,0,0,0,0,0,0,161.811,0,0,0
"MtrElec",6,22,1,"",106.558,0,0,0,0,0,0,0,0,0,0,0,0,0,0,0,0,0,0,0,0,106.558,0,0,0
"MtrElec",6,22,2,"",77.8343,0,0,0,0,0,0,0,0,0,0,0,0,0,0,0,0,0,0,0,0,77.8343,0,0,0
"MtrElec",6,22,3,"",72.6373,0,0,0,0,0,0,0,0,0,0,0,0,0,0,0,0,0,0,0,0,72.6373,0,0,0
"MtrElec",6,22,4,"",70.6767,0,0,0,0,0,0,0,0,0,0,0,0,0,0,0,0,0,0,0,0,70.6767,0,0,0
"MtrElec",6,22,5,"",69.2514,0,0,0,0,0,0,0,0,0,0,0,0,0,0,0,0,0,0,0,0,69.2514,0,0,0
"MtrElec",6,22,6,"",75.0777,0,0,0,0,0,0,0,0,0,0,0,0,0,0,0,0,0,0,0,0,75.0777,0,0,0
"MtrElec",6,22,7,"",59.8459,0,0,0,0,0,0,0,0,0,0,0,0,0,0,0,0,0,0,0,0,83.4214,0,0,-23.5754
"MtrElec",6,22,8,"",0.471305,0,0,0,0,0,0,0,0,0,0,0,0,0,0,0,0,0,0,0,0,101.318,0,0,-100.847
"MtrElec",6,22,9,"",0.0000078,0,0,0,0,0,0,0,0,0,0,0,0,0,0,0,0,0,0,0,0,102.02,0,134.928,-236.949
"MtrElec",6,22,10,"",0.0000156,0,0,0,0,0,0,0,0,0,0,0,0,0,0,0,0,0,0,0,0,146.885,0,209.177,-356.062
"MtrElec",6,22,11,"",-40.766,0,0,0,0,0,0,0,0,0,0,0,0,0,0,0,0,0,0,0,0,188.847,0,217.641,-447.254
"MtrElec",6,22,12,"",-380.526,0,0,0,0,0,0,0,0,0,0,0,0,0,0,0,0,0,0,0,0,127.685,0,0,-508.211
"MtrElec",6,22,13,"",-384.864,0,0,0,0,0,0,0,0,0,0,0,0,0,0,0,0,0,0,0,0,154.314,0,0,-539.178
"MtrElec",6,22,14,"",-404.083,0,0,0,0,0,0,0,0,0,0,0,0,0,0,0,0,0,0,0,0,132.171,0,0,-536.254
"MtrElec",6,22,15,"",-360.166,0,0,0,0,0,0,0,0,0,0,0,0,0,0,0,0,0,0,0,0,137.368,0,0,-497.534
"MtrElec",6,22,16,"",-277.388,0,0,0,0,0,0,0,0,0,0,0,0,0,0,0,0,0,0,0,0,149.736,0,0,-427.124
"MtrElec",6,22,17,"",-139.482,0,0,0,0,0,0,0,0,0,0,0,0,0,0,0,0,0,0,0,0,188.413,0,0,-327.895
"MtrElec",6,22,18,"",6.211,0,0,0,0,0,0,0,0,0,0,0,0,0,0,0,0,0,0,0,0,209.773,0,0,-203.562
"MtrElec",6,22,19,"",-62.9834,0,0,0,0,0,0,0,0,0,0,0,0,0,0,0,0,0,0,0,0,234.358,0,-224.226,-73.115
"MtrElec",6,22,20,"",-32.7023,0,0,0,0,0,0,0,0,0,0,0,0,0,0,0,0,0,0,0,0,204.497,0,-224.226,-12.9729
"MtrElec",6,22,21,"",146.04,0,0,0,0,0,0,0,0,0,0,0,0,0,0,0,0,0,0,0,0,204.563,0,-58.5231,0
"MtrElec",6,22,22,"",175.028,0,0,0,0,0,0,0,0,0,0,0,0,0,0,0,0,0,0,0,0,175.028,0,0,0
"MtrElec",6,22,23,"",172.366,0,0,0,0,0,0,0,0,0,0,0,0,0,0,0,0,0,0,0,0,172.366,0,0,0
"MtrElec",6,22,24,"",154.12,0,0,0,0,0,0,0,0,0,0,0,0,0,0,0,0,0,0,0,0,154.12,0,0,0
"MtrElec",6,23,1,"",89.7232,0,0,0,0,0,0,0,0,0,0,0,0,0,0,0,0,0,0,0,0,89.7232,0,0,0
"MtrElec",6,23,2,"",78.3929,0,0,0,0,0,0,0,0,0,0,0,0,0,0,0,0,0,0,0,0,78.3929,0,0,0
"MtrElec",6,23,3,"",75.0439,0,0,0,0,0,0,0,0,0,0,0,0,0,0,0,0,0,0,0,0,75.0439,0,0,0
"MtrElec",6,23,4,"",73.9076,0,0,0,0,0,0,0,0,0,0,0,0,0,0,0,0,0,0,0,0,73.9076,0,0,0
"MtrElec",6,23,5,"",73.5238,0,0,0,0,0,0,0,0,0,0,0,0,0,0,0,0,0,0,0,0,73.5238,0,0,0
"MtrElec",6,23,6,"",76.5558,0,0,0,0,0,0,0,0,0,0,0,0,0,0,0,0,0,0,0,0,76.5558,0,0,0
"MtrElec",6,23,7,"",75.8749,0,0,0,0,0,0,0,0,0,0,0,0,0,0,0,0,0,0,0,0,99.037,0,0,-23.1621
"MtrElec",6,23,8,"",53.764,0,0,0,0,0,0,0,0,0,0,0,0,0,0,0,0,0,0,0,0,132.015,0,0,-78.2511
"MtrElec",6,23,9,"",43.85,0,0,0,0,0,0,0,0,0,0,0,0,0,0,0,0,0,0,0,0,158.712,0,0,-114.862
"MtrElec",6,23,10,"",0,0,0,0,0,0,0,0,0,0,0,0,0,0,0,0,0,0,0,0,0,139.507,0,157.088,-296.595
"MtrElec",6,23,11,"",-86.2662,0,0,0,0,0,0,0,0,0,0,0,0,0,0,0,0,0,0,0,0,137.545,0,224.226,-448.038
"MtrElec",6,23,12,"",-155.979,0,0,0,0,0,0,0,0,0,0,0,0,0,0,0,0,0,0,0,0,138.845,0,180.432,-475.256
"MtrElec",6,23,13,"",-323.648,0,0,0,0,0,0,0,0,0,0,0,0,0,0,0,0,0,0,0,0,161.981,0,0,-485.629
"MtrElec",6,23,14,"",-395.247,0,0,0,0,0,0,0,0,0,0,0,0,0,0,0,0,0,0,0,0,123.01,0,0,-518.257
"MtrElec",6,23,15,"",-361.238,0,0,0,0,0,0,0,0,0,0,0,0,0,0,0,0,0,0,0,0,130.608,0,0,-491.846
"MtrElec",6,23,16,"",-229.709,0,0,0,0,0,0,0,0,0,0,0,0,0,0,0,0,0,0,0,0,133.195,0,0,-362.904
"MtrElec",6,23,17,"",-124.069,0,0,0,0,0,0,0,0,0,0,0,0,0,0,0,0,0,0,0,0,162.674,0,0,-286.743
"MtrElec",6,23,18,"",15.666,0,0,0,0,0,0,0,0,0,0,0,0,0,0,0,0,0,0,0,0,182.267,0,0,-166.601
"MtrElec",6,23,19,"",-85.0066,0,0,0,0,0,0,0,0,0,0,0,0,0,0,0,0,0,0,0,0,206.365,0,-224.226,-67.145
"MtrElec",6,23,20,"",-42.7624,0,0,0,0,0,0,0,0,0,0,0,0,0,0,0,0,0,0,0,0,196.583,0,-224.226,-15.1186
"MtrElec",6,23,21,"",127.223,0,0,0,0,0,0,0,0,0,0,0,0,0,0,0,0,0,0,0,0,185.746,0,-58.5231,0
"MtrElec",6,23,22,"",120.573,0,0,0,0,0,0,0,0,0,0,0,0,0,0,0,0,0,0,0,0,120.573,0,0,0
"MtrElec",6,23,23,"",105.878,0,0,0,0,0,0,0,0,0,0,0,0,0,0,0,0,0,0,0,0,105.878,0,0,0
"MtrElec",6,23,24,"",100.404,0,0,0,0,0,0,0,0,0,0,0,0,0,0,0,0,0,0,0,0,100.404,0,0,0
"MtrElec",6,24,1,"",76.6254,0,0,0,0,0,0,0,0,0,0,0,0,0,0,0,0,0,0,0,0,76.6254,0,0,0
"MtrElec",6,24,2,"",72.1265,0,0,0,0,0,0,0,0,0,0,0,0,0,0,0,0,0,0,0,0,72.1265,0,0,0
"MtrElec",6,24,3,"",76.7588,0,0,0,0,0,0,0,0,0,0,0,0,0,0,0,0,0,0,0,0,76.7588,0,0,0
"MtrElec",6,24,4,"",85.0053,0,0,0,0,0,0,0,0,0,0,0,0,0,0,0,0,0,0,0,0,85.0053,0,0,0
"MtrElec",6,24,5,"",77.5231,0,0,0,0,0,0,0,0,0,0,0,0,0,0,0,0,0,0,0,0,77.5231,0,0,0
"MtrElec",6,24,6,"",75.6069,0,0,0,0,0,0,0,0,0,0,0,0,0,0,0,0,0,0,0,0,75.6069,0,0,0
"MtrElec",6,24,7,"",73.5511,0,0,0,0,0,0,0,0,0,0,0,0,0,0,0,0,0,0,0,0,83.4838,0,0,-9.93269
"MtrElec",6,24,8,"",48.3706,0,0,0,0,0,0,0,0,0,0,0,0,0,0,0,0,0,0,0,0,103.16,0,0,-54.7889
"MtrElec",6,24,9,"",22.49,0,0,0,0,0,0,0,0,0,0,0,0,0,0,0,0,0,0,0,0,128.813,0,0,-106.323
"MtrElec",6,24,10,"",69.107,0,0,0,0,0,0,0,0,0,0,0,0,0,0,0,0,0,0,0,0,173.963,0,0,-104.856
"MtrElec",6,24,11,"",6.72653,0,0,0,0,0,0,0,0,0,0,0,0,0,0,0,0,0,0,0,0,169.515,0,0,-162.788
"MtrElec",6,24,12,"",0,0,0,0,0,0,0,0,0,0,0,0,0,0,0,0,0,0,0,0,0,125.23,0,189.22,-314.449
"MtrElec",6,24,13,"",-10.6698,0,0,0,0,0,0,0,0,0,0,0,0,0,0,0,0,0,0,0,0,142.644,0,224.226,-377.54
"MtrElec",6,24,14,"",-123.03,0,0,0,0,0,0,0,0,0,0,0,0,0,0,0,0,0,0,0,0,93.3517,0,148.3,-364.682
"MtrElec",6,24,15,"",-264.911,0,0,0,0,0,0,0,0,0,0,0,0,0,0,0,0,0,0,0,0,104.144,0,0,-369.054
"MtrElec",6,24,16,"",-284.033,0,0,0,0,0,0,0,0,0,0,0,0,0,0,0,0,0,0,0,0,119.716,0,0,-403.749
"MtrElec",6,24,17,"",-167.1,0,0,0,0,0,0,0,0,0,0,0,0,0,0,0,0,0,0,0,0,153.234,0,0,-320.334
"MtrElec",6,24,18,"",-36.6296,0,0,0,0,0,0,0,0,0,0,0,0,0,0,0,0,0,0,0,0,161.819,0,0,-198.449
"MtrElec",6,24,19,"",-97.2635,0,0,0,0,0,0,0,0,0,0,0,0,0,0,0,0,0,0,0,0,198.207,0,-224.226,-71.2445
"MtrElec",6,24,20,"",-35.1193,0,0,0,0,0,0,0,0,0,0,0,0,0,0,0,0,0,0,0,0,202.053,0,-224.226,-12.9461
"MtrElec",6,24,21,"",126.484,0,0,0,0,0,0,0,0,0,0,0,0,0,0,0,0,0,0,0,0,185.007,0,-58.5231,0
"MtrElec",6,24,22,"",154.715,0,0,0,0,0,0,0,0,0,0,0,0,0,0,0,0,0,0,0,0,154.715,0,0,0
"MtrElec",6,24,23,"",132.485,0,0,0,0,0,0,0,0,0,0,0,0,0,0,0,0,0,0,0,0,132.485,0,0,0
"MtrElec",6,24,24,"",118.872,0,0,0,0,0,0,0,0,0,0,0,0,0,0,0,0,0,0,0,0,118.872,0,0,0
"MtrElec",6,25,1,"",94.5681,0,0,0,0,0,0,0,0,0,0,0,0,0,0,0,0,0,0,0,0,94.5681,0,0,0
"MtrElec",6,25,2,"",75.2882,0,0,0,0,0,0,0,0,0,0,0,0,0,0,0,0,0,0,0,0,75.2882,0,0,0
"MtrElec",6,25,3,"",80.6227,0,0,0,0,0,0,0,0,0,0,0,0,0,0,0,0,0,0,0,0,80.6227,0,0,0
"MtrElec",6,25,4,"",81.4761,0,0,0,0,0,0,0,0,0,0,0,0,0,0,0,0,0,0,0,0,81.4761,0,0,0
"MtrElec",6,25,5,"",81.6989,0,0,0,0,0,0,0,0,0,0,0,0,0,0,0,0,0,0,0,0,81.6989,0,0,0
"MtrElec",6,25,6,"",75.7147,0,0,0,0,0,0,0,0,0,0,0,0,0,0,0,0,0,0,0,0,75.7147,0,0,0
"MtrElec",6,25,7,"",67.2247,0,0,0,0,0,0,0,0,0,0,0,0,0,0,0,0,0,0,0,0,90.3009,0,0,-23.0762
"MtrElec",6,25,8,"",11.8165,0,0,0,0,0,0,0,0,0,0,0,0,0,0,0,0,0,0,0,0,107.596,0,0,-95.7798
"MtrElec",6,25,9,"",0,0,0,0,0,0,0,0,0,0,0,0,0,0,0,0,0,0,0,0,0,118.056,0,104.002,-222.058
"MtrElec",6,25,10,"",-0.107508,0,0,0,0,0,0,0,0,0,0,0,0,0,0,0,0,0,0,0,0,114.385,0,224.226,-338.719
"MtrElec",6,25,11,"",-50.7551,0,0,0,0,0,0,0,0,0,0,0,0,0,0,0,0,0,0,0,0,149.764,0,224.226,-424.745
"MtrElec",6,25,12,"",-352.492,0,0,0,0,0,0,0,0,0,0,0,0,0,0,0,0,0,0,0,0,125.231,0,9.29148,-487.014
"MtrElec",6,25,13,"",-408.067,0,0,0,0,0,0,0,0,0,0,0,0,0,0,0,0,0,0,0,0,115.145,0,0,-523.211
"MtrElec",6,25,14,"",-402.643,0,0,0,0,0,0,0,0,0,0,0,0,0,0,0,0,0,0,0,0,117.6,0,0,-520.243
"MtrElec",6,25,15,"",-371.692,0,0,0,0,0,0,0,0,0,0,0,0,0,0,0,0,0,0,0,0,112.099,0,0,-483.791
"MtrElec",6,25,16,"",-273.323,0,0,0,0,0,0,0,0,0,0,0,0,0,0,0,0,0,0,0,0,145.602,0,0,-418.925
"MtrElec",6,25,17,"",-151.343,0,0,0,0,0,0,0,0,0,0,0,0,0,0,0,0,0,0,0,0,170.262,0,0,-321.605
"MtrElec",6,25,18,"",-7.05611,0,0,0,0,0,0,0,0,0,0,0,0,0,0,0,0,0,0,0,0,191.694,0,0,-198.75
"MtrElec",6,25,19,"",-59.4402,0,0,0,0,0,0,0,0,0,0,0,0,0,0,0,0,0,0,0,0,236.167,0,-224.226,-71.3809
"MtrElec",6,25,20,"",-19.8616,0,0,0,0,0,0,0,0,0,0,0,0,0,0,0,0,0,0,0,0,215.84,0,-224.226,-11.4748
"MtrElec",6,25,21,"",150.585,0,0,0,0,0,0,0,0,0,0,0,0,0,0,0,0,0,0,0,0,209.108,0,-58.5231,0
"MtrElec",6,25,22,"",159.449,0,0,0,0,0,0,0,0,0,0,0,0,0,0,0,0,0,0,0,0,159.449,0,0,0
"MtrElec",6,25,23,"",154.267,0,0,0,0,0,0,0,0,0,0,0,0,0,0,0,0,0,0,0,0,154.267,0,0,0
"MtrElec",6,25,24,"",128.821,0,0,0,0,0,0,0,0,0,0,0,0,0,0,0,0,0,0,0,0,128.821,0,0,0
"MtrElec",6,26,1,"",88.6634,0,0,0,0,0,0,0,0,0,0,0,0,0,0,0,0,0,0,0,0,88.6634,0,0,0
"MtrElec",6,26,2,"",84.2915,0,0,0,0,0,0,0,0,0,0,0,0,0,0,0,0,0,0,0,0,84.2915,0,0,0
"MtrElec",6,26,3,"",77.891,0,0,0,0,0,0,0,0,0,0,0,0,0,0,0,0,0,0,0,0,77.891,0,0,0
"MtrElec",6,26,4,"",80.8513,0,0,0,0,0,0,0,0,0,0,0,0,0,0,0,0,0,0,0,0,80.8513,0,0,0
"MtrElec",6,26,5,"",71.1069,0,0,0,0,0,0,0,0,0,0,0,0,0,0,0,0,0,0,0,0,71.1069,0,0,0
"MtrElec",6,26,6,"",75.1125,0,0,0,0,0,0,0,0,0,0,0,0,0,0,0,0,0,0,0,0,75.1125,0,0,0
"MtrElec",6,26,7,"",64.3288,0,0,0,0,0,0,0,0,0,0,0,0,0,0,0,0,0,0,0,0,84.3488,0,0,-20.02
"MtrElec",6,26,8,"",16.7297,0,0,0,0,0,0,0,0,0,0,0,0,0,0,0,0,0,0,0,0,109.154,0,0,-92.4247
"MtrElec",6,26,9,"",0,0,0,0,0,0,0,0,0,0,0,0,0,0,0,0,0,0,0,0,0,143.402,0,77.165,-220.567
"MtrElec",6,26,10,"",0,0,0,0,0,0,0,0,0,0,0,0,0,0,0,0,0,0,0,0,0,168.229,0,163.754,-331.983
"MtrElec",6,26,11,"",0.0000156,0,0,0,0,0,0,0,0,0,0,0,0,0,0,0,0,0,0,0,0,195.84,0,217.813,-413.652
"MtrElec",6,26,12,"",-195.37,0,0,0,0,0,0,0,0,0,0,0,0,0,0,0,0,0,0,0,0,176.044,0,103.015,-474.429
"MtrElec",6,26,13,"",-323.32,0,0,0,0,0,0,0,0,0,0,0,0,0,0,0,0,0,0,0,0,184.011,0,0,-507.331
"MtrElec",6,26,14,"",-349.68,0,0,0,0,0,0,0,0,0,0,0,0,0,0,0,0,0,0,0,0,161.277,0,0,-510.957
"MtrElec",6,26,15,"",-299.147,0,0,0,0,0,0,0,0,0,0,0,0,0,0,0,0,0,0,0,0,183.183,0,0,-482.329
"MtrElec",6,26,16,"",-215.944,0,0,0,0,0,0,0,0,0,0,0,0,0,0,0,0,0,0,0,0,199.081,0,0,-415.024
"MtrElec",6,26,17,"",-76.3816,0,0,0,0,0,0,0,0,0,0,0,0,0,0,0,0,0,0,0,0,240.644,0,0,-317.025
"MtrElec",6,26,18,"",74.2448,0,0,0,0,0,0,0,0,0,0,0,0,0,0,0,0,0,0,0,0,270.122,0,0,-195.877
"MtrElec",6,26,19,"",-10.3289,0,0,0,0,0,0,0,0,0,0,0,0,0,0,0,0,0,0,0,0,284.712,0,-224.226,-70.8145
"MtrElec",6,26,20,"",31.7504,0,0,0,0,0,0,0,0,0,0,0,0,0,0,0,0,0,0,0,0,267.137,0,-224.226,-11.1602
"MtrElec",6,26,21,"",158.438,0,0,0,0,0,0,0,0,0,0,0,0,0,0,0,0,0,0,0,0,216.961,0,-58.5231,0
"MtrElec",6,26,22,"",193.204,0,0,0,0,0,0,0,0,0,0,0,0,0,0,0,0,0,0,0,0,193.204,0,0,0
"MtrElec",6,26,23,"",205.647,0,0,0,0,0,0,0,0,0,0,0,0,0,0,0,0,0,0,0,0,205.647,0,0,0
"MtrElec",6,26,24,"",171.341,0,0,0,0,0,0,0,0,0,0,0,0,0,0,0,0,0,0,0,0,171.341,0,0,0
"MtrElec",6,27,1,"",114.329,0,0,0,0,0,0,0,0,0,0,0,0,0,0,0,0,0,0,0,0,114.329,0,0,0
"MtrElec",6,27,2,"",93.0883,0,0,0,0,0,0,0,0,0,0,0,0,0,0,0,0,0,0,0,0,93.0883,0,0,0
"MtrElec",6,27,3,"",86.8785,0,0,0,0,0,0,0,0,0,0,0,0,0,0,0,0,0,0,0,0,86.8785,0,0,0
"MtrElec",6,27,4,"",84.8183,0,0,0,0,0,0,0,0,0,0,0,0,0,0,0,0,0,0,0,0,84.8183,0,0,0
"MtrElec",6,27,5,"",99.4205,0,0,0,0,0,0,0,0,0,0,0,0,0,0,0,0,0,0,0,0,99.4205,0,0,0
"MtrElec",6,27,6,"",79.7898,0,0,0,0,0,0,0,0,0,0,0,0,0,0,0,0,0,0,0,0,79.7898,0,0,0
"MtrElec",6,27,7,"",83.5571,0,0,0,0,0,0,0,0,0,0,0,0,0,0,0,0,0,0,0,0,102.733,0,0,-19.1763
"MtrElec",6,27,8,"",37.0837,0,0,0,0,0,0,0,0,0,0,0,0,0,0,0,0,0,0,0,0,129.576,0,0,-92.492
"MtrElec",6,27,9,"",0.0000078,0,0,0,0,0,0,0,0,0,0,0,0,0,0,0,0,0,0,0,0,143.043,0,80.3618,-223.404
"MtrElec",6,27,10,"",0.0000156,0,0,0,0,0,0,0,0,0,0,0,0,0,0,0,0,0,0,0,0,160.502,0,176.209,-336.71
"MtrElec",6,27,11,"",0,0,0,0,0,0,0,0,0,0,0,0,0,0,0,0,0,0,0,0,0,254.525,0,171.099,-425.623
"MtrElec",6,27,12,"",-69.979,0,0,0,0,0,0,0,0,0,0,0,0,0,0,0,0,0,0,0,0,284.893,0,134.077,-488.95
"MtrElec",6,27,13,"",-227.821,0,0,0,0,0,0,0,0,0,0,0,0,0,0,0,0,0,0,0,0,288.668,0,0,-516.489
"MtrElec",6,27,14,"",-276.175,0,0,0,0,0,0,0,0,0,0,0,0,0,0,0,0,0,0,0,0,238.398,0,0,-514.573
"MtrElec",6,27,15,"",-242.857,0,0,0,0,0,0,0,0,0,0,0,0,0,0,0,0,0,0,0,0,240.31,0,0,-483.167
"MtrElec",6,27,16,"",-166.908,0,0,0,0,0,0,0,0,0,0,0,0,0,0,0,0,0,0,0,0,249.857,0,0,-416.765
"MtrElec",6,27,17,"",-33.3009,0,0,0,0,0,0,0,0,0,0,0,0,0,0,0,0,0,0,0,0,287.202,0,0,-320.502
"MtrElec",6,27,18,"",104.127,0,0,0,0,0,0,0,0,0,0,0,0,0,0,0,0,0,0,0,0,303.746,0,0,-199.619
"MtrElec",6,27,19,"",118.32,0,0,0,0,0,0,0,0,0,0,0,0,0,0,0,0,0,0,0,0,414.333,0,-224.226,-71.7858
"MtrElec",6,27,20,"",65.9986,0,0,0,0,0,0,0,0,0,0,0,0,0,0,0,0,0,0,0,0,302.296,0,-224.226,-12.0707
"MtrElec",6,27,21,"",163.78,0,0,0,0,0,0,0,0,0,0,0,0,0,0,0,0,0,0,0,0,222.303,0,-58.5231,0
"MtrElec",6,27,22,"",204.488,0,0,0,0,0,0,0,0,0,0,0,0,0,0,0,0,0,0,0,0,204.488,0,0,0
"MtrElec",6,27,23,"",163.356,0,0,0,0,0,0,0,0,0,0,0,0,0,0,0,0,0,0,0,0,163.356,0,0,0
"MtrElec",6,27,24,"",138.811,0,0,0,0,0,0,0,0,0,0,0,0,0,0,0,0,0,0,0,0,138.811,0,0,0
"MtrElec",6,28,1,"",117.302,0,0,0,0,0,0,0,0,0,0,0,0,0,0,0,0,0,0,0,0,117.302,0,0,0
"MtrElec",6,28,2,"",99.5328,0,0,0,0,0,0,0,0,0,0,0,0,0,0,0,0,0,0,0,0,99.5328,0,0,0
"MtrElec",6,28,3,"",94.445,0,0,0,0,0,0,0,0,0,0,0,0,0,0,0,0,0,0,0,0,94.445,0,0,0
"MtrElec",6,28,4,"",94.7797,0,0,0,0,0,0,0,0,0,0,0,0,0,0,0,0,0,0,0,0,94.7797,0,0,0
"MtrElec",6,28,5,"",121.495,0,0,0,0,0,0,0,0,0,0,0,0,0,0,0,0,0,0,0,0,121.495,0,0,0
"MtrElec",6,28,6,"",87.7838,0,0,0,0,0,0,0,0,0,0,0,0,0,0,0,0,0,0,0,0,87.7838,0,0,0
"MtrElec",6,28,7,"",91.9614,0,0,0,0,0,0,0,0,0,0,0,0,0,0,0,0,0,0,0,0,112.943,0,0,-20.9811
"MtrElec",6,28,8,"",55.2389,0,0,0,0,0,0,0,0,0,0,0,0,0,0,0,0,0,0,0,0,146.317,0,0,-91.0777
"MtrElec",6,28,9,"",0,0,0,0,0,0,0,0,0,0,0,0,0,0,0,0,0,0,0,0,0,169.747,0,47.4983,-217.245
"MtrElec",6,28,10,"",0.0000078,0,0,0,0,0,0,0,0,0,0,0,0,0,0,0,0,0,0,0,0,214.084,0,117.43,-331.514
"MtrElec",6,28,11,"",0,0,0,0,0,0,0,0,0,0,0,0,0,0,0,0,0,0,0,0,0,253.473,0,168.135,-421.608
"MtrElec",6,28,12,"",-2.27811,0,0,0,0,0,0,0,0,0,0,0,0,0,0,0,0,0,0,0,0,250.035,0,224.226,-476.54
"MtrElec",6,28,13,"",-247.367,0,0,0,0,0,0,0,0,0,0,0,0,0,0,0,0,0,0,0,0,255.238,0,4.45638,-507.062
"MtrElec",6,28,14,"",-256.866,0,0,0,0,0,0,0,0,0,0,0,0,0,0,0,0,0,0,0,0,250.775,0,0,-507.641
"MtrElec",6,28,15,"",-176.143,0,0,0,0,0,0,0,0,0,0,0,0,0,0,0,0,0,0,0,0,298.955,0,0,-475.099
"MtrElec",6,28,16,"",-143.687,0,0,0,0,0,0,0,0,0,0,0,0,0,0,0,0,0,0,0,0,267.055,0,0,-410.742
"MtrElec",6,28,17,"",-13.988,0,0,0,0,0,0,0,0,0,0,0,0,0,0,0,0,0,0,0,0,301.803,0,0,-315.791
"MtrElec",6,28,18,"",111.63,0,0,0,0,0,0,0,0,0,0,0,0,0,0,0,0,0,0,0,0,307.977,0,0,-196.348
"MtrElec",6,28,19,"",35.8036,0,0,0,0,0,0,0,0,0,0,0,0,0,0,0,0,0,0,0,0,330.415,0,-224.226,-70.3851
"MtrElec",6,28,20,"",68.097,0,0,0,0,0,0,0,0,0,0,0,0,0,0,0,0,0,0,0,0,303.836,0,-224.226,-11.5123
"MtrElec",6,28,21,"",211.522,0,0,0,0,0,0,0,0,0,0,0,0,0,0,0,0,0,0,0,0,270.045,0,-58.5231,0
"MtrElec",6,28,22,"",257.129,0,0,0,0,0,0,0,0,0,0,0,0,0,0,0,0,0,0,0,0,257.129,0,0,0
"MtrElec",6,28,23,"",179.277,0,0,0,0,0,0,0,0,0,0,0,0,0,0,0,0,0,0,0,0,179.277,0,0,0
"MtrElec",6,28,24,"",166.029,0,0,0,0,0,0,0,0,0,0,0,0,0,0,0,0,0,0,0,0,166.029,0,0,0
"MtrElec",6,29,1,"",112.709,0,0,0,0,0,0,0,0,0,0,0,0,0,0,0,0,0,0,0,0,112.709,0,0,0
"MtrElec",6,29,2,"",103.035,0,0,0,0,0,0,0,0,0,0,0,0,0,0,0,0,0,0,0,0,103.035,0,0,0
"MtrElec",6,29,3,"",98.3962,0,0,0,0,0,0,0,0,0,0,0,0,0,0,0,0,0,0,0,0,98.3962,0,0,0
"MtrElec",6,29,4,"",95.6051,0,0,0,0,0,0,0,0,0,0,0,0,0,0,0,0,0,0,0,0,95.6051,0,0,0
"MtrElec",6,29,5,"",94.0621,0,0,0,0,0,0,0,0,0,0,0,0,0,0,0,0,0,0,0,0,94.0621,0,0,0
"MtrElec",6,29,6,"",98.833,0,0,0,0,0,0,0,0,0,0,0,0,0,0,0,0,0,0,0,0,98.833,0,0,0
"MtrElec",6,29,7,"",114.086,0,0,0,0,0,0,0,0,0,0,0,0,0,0,0,0,0,0,0,0,134.334,0,0,-20.2484
"MtrElec",6,29,8,"",67.317,0,0,0,0,0,0,0,0,0,0,0,0,0,0,0,0,0,0,0,0,158.972,0,0,-91.6553
"MtrElec",6,29,9,"",0,0,0,0,0,0,0,0,0,0,0,0,0,0,0,0,0,0,0,0,0,176.547,0,33.9843,-210.531
"MtrElec",6,29,10,"",0.0000078,0,0,0,0,0,0,0,0,0,0,0,0,0,0,0,0,0,0,0,0,193.869,0,127.453,-321.321
"MtrElec",6,29,11,"",0,0,0,0,0,0,0,0,0,0,0,0,0,0,0,0,0,0,0,0,0,243.822,0,163.966,-407.788
"MtrElec",6,29,12,"",-8.03784,0,0,0,0,0,0,0,0,0,0,0,0,0,0,0,0,0,0,0,0,230.315,0,224.226,-462.58
"MtrElec",6,29,13,"",-203.041,0,0,0,0,0,0,0,0,0,0,0,0,0,0,0,0,0,0,0,0,272.873,0,12.1171,-488.031
"MtrElec",6,29,14,"",-253.572,0,0,0,0,0,0,0,0,0,0,0,0,0,0,0,0,0,0,0,0,230.955,0,0,-484.526
"MtrElec",6,29,15,"",-199.669,0,0,0,0,0,0,0,0,0,0,0,0,0,0,0,0,0,0,0,0,242.45,0,0,-442.119
"MtrElec",6,29,16,"",-114.878,0,0,0,0,0,0,0,0,0,0,0,0,0,0,0,0,0,0,0,0,265.088,0,0,-379.966
"MtrElec",6,29,17,"",10.6199,0,0,0,0,0,0,0,0,0,0,0,0,0,0,0,0,0,0,0,0,299.694,0,0,-289.074
"MtrElec",6,29,18,"",130.4,0,0,0,0,0,0,0,0,0,0,0,0,0,0,0,0,0,0,0,0,309.718,0,0,-179.318
"MtrElec",6,29,19,"",31.3667,0,0,0,0,0,0,0,0,0,0,0,0,0,0,0,0,0,0,0,0,332.219,0,-224.226,-76.6254
"MtrElec",6,29,20,"",50.1725,0,0,0,0,0,0,0,0,0,0,0,0,0,0,0,0,0,0,0,0,290.015,0,-224.226,-15.6162
"MtrElec",6,29,21,"",188.686,0,0,0,0,0,0,0,0,0,0,0,0,0,0,0,0,0,0,0,0,247.209,0,-58.5231,0
"MtrElec",6,29,22,"",218.954,0,0,0,0,0,0,0,0,0,0,0,0,0,0,0,0,0,0,0,0,218.954,0,0,0
"MtrElec",6,29,23,"",214.301,0,0,0,0,0,0,0,0,0,0,0,0,0,0,0,0,0,0,0,0,214.301,0,0,0
"MtrElec",6,29,24,"",182.851,0,0,0,0,0,0,0,0,0,0,0,0,0,0,0,0,0,0,0,0,182.851,0,0,0
"MtrElec",6,30,1,"",125.015,0,0,0,0,0,0,0,0,0,0,0,0,0,0,0,0,0,0,0,0,125.015,0,0,0
"MtrElec",6,30,2,"",114.449,0,0,0,0,0,0,0,0,0,0,0,0,0,0,0,0,0,0,0,0,114.449,0,0,0
"MtrElec",6,30,3,"",105.79,0,0,0,0,0,0,0,0,0,0,0,0,0,0,0,0,0,0,0,0,105.79,0,0,0
"MtrElec",6,30,4,"",99.4898,0,0,0,0,0,0,0,0,0,0,0,0,0,0,0,0,0,0,0,0,99.4898,0,0,0
"MtrElec",6,30,5,"",93.0542,0,0,0,0,0,0,0,0,0,0,0,0,0,0,0,0,0,0,0,0,93.0542,0,0,0
"MtrElec",6,30,6,"",100.452,0,0,0,0,0,0,0,0,0,0,0,0,0,0,0,0,0,0,0,0,100.452,0,0,0
"MtrElec",6,30,7,"",105.615,0,0,0,0,0,0,0,0,0,0,0,0,0,0,0,0,0,0,0,0,129.419,0,0,-23.8036
"MtrElec",6,30,8,"",78.6116,0,0,0,0,0,0,0,0,0,0,0,0,0,0,0,0,0,0,0,0,173.776,0,0,-95.1639
"MtrElec",6,30,9,"",29.684,0,0,0,0,0,0,0,0,0,0,0,0,0,0,0,0,0,0,0,0,236.337,0,0,-206.653
"MtrElec",6,30,10,"",0,0,0,0,0,0,0,0,0,0,0,0,0,0,0,0,0,0,0,0,0,286.27,0,24.7852,-311.056
"MtrElec",6,30,11,"",0.0000078,0,0,0,0,0,0,0,0,0,0,0,0,0,0,0,0,0,0,0,0,302.269,0,79.9889,-382.258
"MtrElec",6,30,12,"",0,0,0,0,0,0,0,0,0,0,0,0,0,0,0,0,0,0,0,0,0,290.422,0,149.037,-439.459
"MtrElec",6,30,13,"",0,0,0,0,0,0,0,0,0,0,0,0,0,0,0,0,0,0,0,0,0,321.458,0,72.5686,-394.027
"MtrElec",6,30,14,"",0.0000156,0,0,0,0,0,0,0,0,0,0,0,0,0,0,0,0,0,0,0,0,244.025,0,182.858,-426.883
"MtrElec",6,30,15,"",-141.075,0,0,0,0,0,0,0,0,0,0,0,0,0,0,0,0,0,0,0,0,238.155,0,52.5083,-431.739
"MtrElec",6,30,16,"",-147.076,0,0,0,0,0,0,0,0,0,0,0,0,0,0,0,0,0,0,0,0,223.492,0,0,-370.568
"MtrElec",6,30,17,"",-24.4931,0,0,0,0,0,0,0,0,0,0,0,0,0,0,0,0,0,0,0,0,255.387,0,0,-279.88
"MtrElec",6,30,18,"",71.8467,0,0,0,0,0,0,0,0,0,0,0,0,0,0,0,0,0,0,0,0,250.299,0,0,-178.452
"MtrElec",6,30,19,"",-46.6102,0,0,0,0,0,0,0,0,0,0,0,0,0,0,0,0,0,0,0,0,256.44,0,-224.226,-78.8238
"MtrElec",6,30,20,"",28.2959,0,0,0,0,0,0,0,0,0,0,0,0,0,0,0,0,0,0,0,0,267.121,0,-224.226,-14.5991
"MtrElec",6,30,21,"",237.247,0,0,0,0,0,0,0,0,0,0,0,0,0,0,0,0,0,0,0,0,295.77,0,-58.5231,0
"MtrElec",6,30,22,"",209.634,0,0,0,0,0,0,0,0,0,0,0,0,0,0,0,0,0,0,0,0,209.634,0,0,0
"MtrElec",6,30,23,"",226.074,0,0,0,0,0,0,0,0,0,0,0,0,0,0,0,0,0,0,0,0,226.074,0,0,0
"MtrElec",6,30,24,"",172.416,0,0,0,0,0,0,0,0,0,0,0,0,0,0,0,0,0,0,0,0,172.416,0,0,0
"MtrElec",7,1,1,"",109.208,0,0,0,0,0,0,0,0,0,0,0,0,0,0,0,0,0,0,0,0,109.208,0,0,0
"MtrElec",7,1,2,"",97.0713,0,0,0,0,0,0,0,0,0,0,0,0,0,0,0,0,0,0,0,0,97.0713,0,0,0
"MtrElec",7,1,3,"",86.2831,0,0,0,0,0,0,0,0,0,0,0,0,0,0,0,0,0,0,0,0,86.2831,0,0,0
"MtrElec",7,1,4,"",79.48,0,0,0,0,0,0,0,0,0,0,0,0,0,0,0,0,0,0,0,0,79.48,0,0,0
"MtrElec",7,1,5,"",75.6134,0,0,0,0,0,0,0,0,0,0,0,0,0,0,0,0,0,0,0,0,75.6134,0,0,0
"MtrElec",7,1,6,"",77.4563,0,0,0,0,0,0,0,0,0,0,0,0,0,0,0,0,0,0,0,0,77.4563,0,0,0
"MtrElec",7,1,7,"",76.1241,0,0,0,0,0,0,0,0,0,0,0,0,0,0,0,0,0,0,0,0,96.2244,0,0,-20.1002
"MtrElec",7,1,8,"",36.704,0,0,0,0,0,0,0,0,0,0,0,0,0,0,0,0,0,0,0,0,129.643,0,0,-92.9392
"MtrElec",7,1,9,"",0.0000039,0,0,0,0,0,0,0,0,0,0,0,0,0,0,0,0,0,0,0,0,163.85,0,61.1457,-224.996
"MtrElec",7,1,10,"",0,0,0,0,0,0,0,0,0,0,0,0,0,0,0,0,0,0,0,0,0,187.601,0,151.538,-339.139
"MtrElec",7,1,11,"",-11.4018,0,0,0,0,0,0,0,0,0,0,0,0,0,0,0,0,0,0,0,0,198.667,0,224.226,-434.295
"MtrElec",7,1,12,"",-198.372,0,0,0,0,0,0,0,0,0,0,0,0,0,0,0,0,0,0,0,0,174.908,0,124.836,-498.117
"MtrElec",7,1,13,"",-325.972,0,0,0,0,0,0,0,0,0,0,0,0,0,0,0,0,0,0,0,0,199.955,0,0,-525.927
"MtrElec",7,1,14,"",-332.288,0,0,0,0,0,0,0,0,0,0,0,0,0,0,0,0,0,0,0,0,189.779,0,0,-522.067
"MtrElec",7,1,15,"",-269.396,0,0,0,0,0,0,0,0,0,0,0,0,0,0,0,0,0,0,0,0,215.341,0,0,-484.737
"MtrElec",7,1,16,"",-174.661,0,0,0,0,0,0,0,0,0,0,0,0,0,0,0,0,0,0,0,0,242.837,0,0,-417.499
"MtrElec",7,1,17,"",-24.9605,0,0,0,0,0,0,0,0,0,0,0,0,0,0,0,0,0,0,0,0,297.456,0,0,-322.416
"MtrElec",7,1,18,"",85.7064,0,0,0,0,0,0,0,0,0,0,0,0,0,0,0,0,0,0,0,0,287.555,0,0,-201.849
"MtrElec",7,1,19,"",3.16184,0,0,0,0,0,0,0,0,0,0,0,0,0,0,0,0,0,0,0,0,300.56,0,-224.226,-73.1717
"MtrElec",7,1,20,"",57.2493,0,0,0,0,0,0,0,0,0,0,0,0,0,0,0,0,0,0,0,0,293.617,0,-224.226,-12.1413
"MtrElec",7,1,21,"",220.927,0,0,0,0,0,0,0,0,0,0,0,0,0,0,0,0,0,0,0,0,279.451,0,-58.5231,0
"MtrElec",7,1,22,"",202.766,0,0,0,0,0,0,0,0,0,0,0,0,0,0,0,0,0,0,0,0,202.766,0,0,0
"MtrElec",7,1,23,"",174.169,0,0,0,0,0,0,0,0,0,0,0,0,0,0,0,0,0,0,0,0,174.169,0,0,0
"MtrElec",7,1,24,"",143.502,0,0,0,0,0,0,0,0,0,0,0,0,0,0,0,0,0,0,0,0,143.502,0,0,0
"MtrElec",7,2,1,"",109.524,0,0,0,0,0,0,0,0,0,0,0,0,0,0,0,0,0,0,0,0,109.524,0,0,0
"MtrElec",7,2,2,"",91.1031,0,0,0,0,0,0,0,0,0,0,0,0,0,0,0,0,0,0,0,0,91.1031,0,0,0
"MtrElec",7,2,3,"",82.394,0,0,0,0,0,0,0,0,0,0,0,0,0,0,0,0,0,0,0,0,82.394,0,0,0
"MtrElec",7,2,4,"",77.764,0,0,0,0,0,0,0,0,0,0,0,0,0,0,0,0,0,0,0,0,77.764,0,0,0
"MtrElec",7,2,5,"",75.2786,0,0,0,0,0,0,0,0,0,0,0,0,0,0,0,0,0,0,0,0,75.2786,0,0,0
"MtrElec",7,2,6,"",77.7992,0,0,0,0,0,0,0,0,0,0,0,0,0,0,0,0,0,0,0,0,77.7992,0,0,0
"MtrElec",7,2,7,"",79.4956,0,0,0,0,0,0,0,0,0,0,0,0,0,0,0,0,0,0,0,0,100.056,0,0,-20.5607
"MtrElec",7,2,8,"",33.3167,0,0,0,0,0,0,0,0,0,0,0,0,0,0,0,0,0,0,0,0,127.816,0,0,-94.4993
"MtrElec",7,2,9,"",0,0,0,0,0,0,0,0,0,0,0,0,0,0,0,0,0,0,0,0,0,133.221,0,89.9802,-223.201
"MtrElec",7,2,10,"",0,0,0,0,0,0,0,0,0,0,0,0,0,0,0,0,0,0,0,0,0,170.552,0,173.103,-343.655
"MtrElec",7,2,11,"",-1.53309,0,0,0,0,0,0,0,0,0,0,0,0,0,0,0,0,0,0,0,0,208.986,0,224.226,-434.746
"MtrElec",7,2,12,"",-216.188,0,0,0,0,0,0,0,0,0,0,0,0,0,0,0,0,0,0,0,0,204.41,0,74.4366,-495.035
"MtrElec",7,2,13,"",-340.603,0,0,0,0,0,0,0,0,0,0,0,0,0,0,0,0,0,0,0,0,186.087,0,0,-526.69
"MtrElec",7,2,14,"",-332.285,0,0,0,0,0,0,0,0,0,0,0,0,0,0,0,0,0,0,0,0,193.734,0,0,-526.02
"MtrElec",7,2,15,"",-270.787,0,0,0,0,0,0,0,0,0,0,0,0,0,0,0,0,0,0,0,0,219.884,0,0,-490.67
"MtrElec",7,2,16,"",-190.944,0,0,0,0,0,0,0,0,0,0,0,0,0,0,0,0,0,0,0,0,230.103,0,0,-421.047
"MtrElec",7,2,17,"",-31.0959,0,0,0,0,0,0,0,0,0,0,0,0,0,0,0,0,0,0,0,0,291.956,0,0,-323.052
"MtrElec",7,2,18,"",94.1148,0,0,0,0,0,0,0,0,0,0,0,0,0,0,0,0,0,0,0,0,296.559,0,0,-202.444
"MtrElec",7,2,19,"",-4.74431,0,0,0,0,0,0,0,0,0,0,0,0,0,0,0,0,0,0,0,0,293.904,0,-224.226,-74.4215
"MtrElec",7,2,20,"",57.7416,0,0,0,0,0,0,0,0,0,0,0,0,0,0,0,0,0,0,0,0,294.552,0,-224.226,-12.5839
"MtrElec",7,2,21,"",256.002,0,0,0,0,0,0,0,0,0,0,0,0,0,0,0,0,0,0,0,0,314.525,0,-58.5231,0
"MtrElec",7,2,22,"",210.807,0,0,0,0,0,0,0,0,0,0,0,0,0,0,0,0,0,0,0,0,210.807,0,0,0
"MtrElec",7,2,23,"",187.199,0,0,0,0,0,0,0,0,0,0,0,0,0,0,0,0,0,0,0,0,187.199,0,0,0
"MtrElec",7,2,24,"",144.083,0,0,0,0,0,0,0,0,0,0,0,0,0,0,0,0,0,0,0,0,144.083,0,0,0
"MtrElec",7,3,1,"",102.756,0,0,0,0,0,0,0,0,0,0,0,0,0,0,0,0,0,0,0,0,102.756,0,0,0
"MtrElec",7,3,2,"",92.208,0,0,0,0,0,0,0,0,0,0,0,0,0,0,0,0,0,0,0,0,92.208,0,0,0
"MtrElec",7,3,3,"",83.796,0,0,0,0,0,0,0,0,0,0,0,0,0,0,0,0,0,0,0,0,83.796,0,0,0
"MtrElec",7,3,4,"",79.6939,0,0,0,0,0,0,0,0,0,0,0,0,0,0,0,0,0,0,0,0,79.6939,0,0,0
"MtrElec",7,3,5,"",74.8559,0,0,0,0,0,0,0,0,0,0,0,0,0,0,0,0,0,0,0,0,74.8559,0,0,0
"MtrElec",7,3,6,"",74.3741,0,0,0,0,0,0,0,0,0,0,0,0,0,0,0,0,0,0,0,0,74.3741,0,0,0
"MtrElec",7,3,7,"",70.9019,0,0,0,0,0,0,0,0,0,0,0,0,0,0,0,0,0,0,0,0,92.0626,0,0,-21.1607
"MtrElec",7,3,8,"",28.8682,0,0,0,0,0,0,0,0,0,0,0,0,0,0,0,0,0,0,0,0,122.074,0,0,-93.2059
"MtrElec",7,3,9,"",0.0000039,0,0,0,0,0,0,0,0,0,0,0,0,0,0,0,0,0,0,0,0,171.509,0,46.9108,-218.42
"MtrElec",7,3,10,"",0,0,0,0,0,0,0,0,0,0,0,0,0,0,0,0,0,0,0,0,0,271.338,0,54.3139,-325.652
"MtrElec",7,3,11,"",0,0,0,0,0,0,0,0,0,0,0,0,0,0,0,0,0,0,0,0,0,284.782,0,127.513,-412.294
"MtrElec",7,3,12,"",0.0000156,0,0,0,0,0,0,0,0,0,0,0,0,0,0,0,0,0,0,0,0,328.353,0,146.068,-474.421
"MtrElec",7,3,13,"",-46.6086,0,0,0,0,0,0,0,0,0,0,0,0,0,0,0,0,0,0,0,0,268.258,0,186.941,-501.808
"MtrElec",7,3,14,"",-239.565,0,0,0,0,0,0,0,0,0,0,0,0,0,0,0,0,0,0,0,0,257.728,0,0,-497.294
"MtrElec",7,3,15,"",-221.602,0,0,0,0,0,0,0,0,0,0,0,0,0,0,0,0,0,0,0,0,246.809,0,0,-468.411
"MtrElec",7,3,16,"",-151.228,0,0,0,0,0,0,0,0,0,0,0,0,0,0,0,0,0,0,0,0,252.486,0,0,-403.713
"MtrElec",7,3,17,"",-7.92037,0,0,0,0,0,0,0,0,0,0,0,0,0,0,0,0,0,0,0,0,300.835,0,0,-308.756
"MtrElec",7,3,18,"",118.918,0,0,0,0,0,0,0,0,0,0,0,0,0,0,0,0,0,0,0,0,311.076,0,0,-192.158
"MtrElec",7,3,19,"",-15.2056,0,0,0,0,0,0,0,0,0,0,0,0,0,0,0,0,0,0,0,0,284.198,0,-224.226,-75.1777
"MtrElec",7,3,20,"",12.335,0,0,0,0,0,0,0,0,0,0,0,0,0,0,0,0,0,0,0,0,252.532,0,-224.226,-15.9706
"MtrElec",7,3,21,"",132.458,0,0,0,0,0,0,0,0,0,0,0,0,0,0,0,0,0,0,0,0,190.981,0,-58.5231,0
"MtrElec",7,3,22,"",169.041,0,0,0,0,0,0,0,0,0,0,0,0,0,0,0,0,0,0,0,0,169.041,0,0,0
"MtrElec",7,3,23,"",143.386,0,0,0,0,0,0,0,0,0,0,0,0,0,0,0,0,0,0,0,0,143.386,0,0,0
"MtrElec",7,3,24,"",129.184,0,0,0,0,0,0,0,0,0,0,0,0,0,0,0,0,0,0,0,0,129.184,0,0,0
"MtrElec",7,4,1,"",101.707,0,0,0,0,0,0,0,0,0,0,0,0,0,0,0,0,0,0,0,0,101.707,0,0,0
"MtrElec",7,4,2,"",92.8017,0,0,0,0,0,0,0,0,0,0,0,0,0,0,0,0,0,0,0,0,92.8017,0,0,0
"MtrElec",7,4,3,"",91.4767,0,0,0,0,0,0,0,0,0,0,0,0,0,0,0,0,0,0,0,0,91.4767,0,0,0
"MtrElec",7,4,4,"",92.6505,0,0,0,0,0,0,0,0,0,0,0,0,0,0,0,0,0,0,0,0,92.6505,0,0,0
"MtrElec",7,4,5,"",113.561,0,0,0,0,0,0,0,0,0,0,0,0,0,0,0,0,0,0,0,0,113.561,0,0,0
"MtrElec",7,4,6,"",85.658,0,0,0,0,0,0,0,0,0,0,0,0,0,0,0,0,0,0,0,0,85.658,0,0,0
"MtrElec",7,4,7,"",79.9003,0,0,0,0,0,0,0,0,0,0,0,0,0,0,0,0,0,0,0,0,102.323,0,0,-22.4223
"MtrElec",7,4,8,"",40.2287,0,0,0,0,0,0,0,0,0,0,0,0,0,0,0,0,0,0,0,0,130.242,0,0,-90.0137
"MtrElec",7,4,9,"",0.0000039,0,0,0,0,0,0,0,0,0,0,0,0,0,0,0,0,0,0,0,0,143.562,0,62.3666,-205.928
"MtrElec",7,4,10,"",0.0000078,0,0,0,0,0,0,0,0,0,0,0,0,0,0,0,0,0,0,0,0,184.199,0,126.7,-310.899
"MtrElec",7,4,11,"",0,0,0,0,0,0,0,0,0,0,0,0,0,0,0,0,0,0,0,0,0,296.867,0,103.894,-400.76
"MtrElec",7,4,12,"",0,0,0,0,0,0,0,0,0,0,0,0,0,0,0,0,0,0,0,0,0,279.875,0,183.791,-463.666
"MtrElec",7,4,13,"",-174.402,0,0,0,0,0,0,0,0,0,0,0,0,0,0,0,0,0,0,0,0,235.349,0,84.9944,-494.746
"MtrElec",7,4,14,"",-255.797,0,0,0,0,0,0,0,0,0,0,0,0,0,0,0,0,0,0,0,0,239.324,0,0,-495.122
"MtrElec",7,4,15,"",-185.21,0,0,0,0,0,0,0,0,0,0,0,0,0,0,0,0,0,0,0,0,276.398,0,0,-461.609
"MtrElec",7,4,16,"",-149.675,0,0,0,0,0,0,0,0,0,0,0,0,0,0,0,0,0,0,0,0,245.75,0,0,-395.425
"MtrElec",7,4,17,"",-59.0458,0,0,0,0,0,0,0,0,0,0,0,0,0,0,0,0,0,0,0,0,243.536,0,0,-302.582
"MtrElec",7,4,18,"",80.9775,0,0,0,0,0,0,0,0,0,0,0,0,0,0,0,0,0,0,0,0,270.337,0,0,-189.359
"MtrElec",7,4,19,"",4.17287,0,0,0,0,0,0,0,0,0,0,0,0,0,0,0,0,0,0,0,0,302.452,0,-224.226,-74.0524
"MtrElec",7,4,20,"",49.2358,0,0,0,0,0,0,0,0,0,0,0,0,0,0,0,0,0,0,0,0,287.409,0,-224.226,-13.9464
"MtrElec",7,4,21,"",135.71,0,0,0,0,0,0,0,0,0,0,0,0,0,0,0,0,0,0,0,0,194.233,0,-58.5231,0
"MtrElec",7,4,22,"",171.795,0,0,0,0,0,0,0,0,0,0,0,0,0,0,0,0,0,0,0,0,171.795,0,0,0
"MtrElec",7,4,23,"",164.596,0,0,0,0,0,0,0,0,0,0,0,0,0,0,0,0,0,0,0,0,164.596,0,0,0
"MtrElec",7,4,24,"",178.416,0,0,0,0,0,0,0,0,0,0,0,0,0,0,0,0,0,0,0,0,178.416,0,0,0
"MtrElec",7,5,1,"",128.686,0,0,0,0,0,0,0,0,0,0,0,0,0,0,0,0,0,0,0,0,128.686,0,0,0
"MtrElec",7,5,2,"",98.4454,0,0,0,0,0,0,0,0,0,0,0,0,0,0,0,0,0,0,0,0,98.4454,0,0,0
"MtrElec",7,5,3,"",93.0207,0,0,0,0,0,0,0,0,0,0,0,0,0,0,0,0,0,0,0,0,93.0207,0,0,0
"MtrElec",7,5,4,"",92.9873,0,0,0,0,0,0,0,0,0,0,0,0,0,0,0,0,0,0,0,0,92.9873,0,0,0
"MtrElec",7,5,5,"",101.274,0,0,0,0,0,0,0,0,0,0,0,0,0,0,0,0,0,0,0,0,101.274,0,0,0
"MtrElec",7,5,6,"",89.7621,0,0,0,0,0,0,0,0,0,0,0,0,0,0,0,0,0,0,0,0,89.7621,0,0,0
"MtrElec",7,5,7,"",93.214,0,0,0,0,0,0,0,0,0,0,0,0,0,0,0,0,0,0,0,0,113.877,0,0,-20.6635
"MtrElec",7,5,8,"",65.9634,0,0,0,0,0,0,0,0,0,0,0,0,0,0,0,0,0,0,0,0,149.442,0,0,-83.4785
"MtrElec",7,5,9,"",0,0,0,0,0,0,0,0,0,0,0,0,0,0,0,0,0,0,0,0,0,177.982,0,27.7689,-205.751
"MtrElec",7,5,10,"",0,0,0,0,0,0,0,0,0,0,0,0,0,0,0,0,0,0,0,0,0,218.95,0,94.5167,-313.467
"MtrElec",7,5,11,"",0,0,0,0,0,0,0,0,0,0,0,0,0,0,0,0,0,0,0,0,0,220.265,0,182.483,-402.748
"MtrElec",7,5,12,"",0.0000156,0,0,0,0,0,0,0,0,0,0,0,0,0,0,0,0,0,0,0,0,274.175,0,177.967,-452.142
"MtrElec",7,5,13,"",-120.166,0,0,0,0,0,0,0,0,0,0,0,0,0,0,0,0,0,0,0,0,283.243,0,79.0108,-482.42
"MtrElec",7,5,14,"",-224.241,0,0,0,0,0,0,0,0,0,0,0,0,0,0,0,0,0,0,0,0,259.037,0,0,-483.278
"MtrElec",7,5,15,"",-164.185,0,0,0,0,0,0,0,0,0,0,0,0,0,0,0,0,0,0,0,0,287.499,0,0,-451.685
"MtrElec",7,5,16,"",-142.363,0,0,0,0,0,0,0,0,0,0,0,0,0,0,0,0,0,0,0,0,247.132,0,0,-389.496
"MtrElec",7,5,17,"",-45.5636,0,0,0,0,0,0,0,0,0,0,0,0,0,0,0,0,0,0,0,0,255.545,0,0,-301.109
"MtrElec",7,5,18,"",97.7451,0,0,0,0,0,0,0,0,0,0,0,0,0,0,0,0,0,0,0,0,287.667,0,0,-189.922
"MtrElec",7,5,19,"",38.0329,0,0,0,0,0,0,0,0,0,0,0,0,0,0,0,0,0,0,0,0,335.057,0,-224.226,-72.7978
"MtrElec",7,5,20,"",79.9258,0,0,0,0,0,0,0,0,0,0,0,0,0,0,0,0,0,0,0,0,317.54,0,-224.226,-13.3876
"MtrElec",7,5,21,"",191.782,0,0,0,0,0,0,0,0,0,0,0,0,0,0,0,0,0,0,0,0,250.305,0,-58.5231,0
"MtrElec",7,5,22,"",236.024,0,0,0,0,0,0,0,0,0,0,0,0,0,0,0,0,0,0,0,0,236.024,0,0,0
"MtrElec",7,5,23,"",169.222,0,0,0,0,0,0,0,0,0,0,0,0,0,0,0,0,0,0,0,0,169.222,0,0,0
"MtrElec",7,5,24,"",159.235,0,0,0,0,0,0,0,0,0,0,0,0,0,0,0,0,0,0,0,0,159.235,0,0,0
"MtrElec",7,6,1,"",122.836,0,0,0,0,0,0,0,0,0,0,0,0,0,0,0,0,0,0,0,0,122.836,0,0,0
"MtrElec",7,6,2,"",108.456,0,0,0,0,0,0,0,0,0,0,0,0,0,0,0,0,0,0,0,0,108.456,0,0,0
"MtrElec",7,6,3,"",96.0425,0,0,0,0,0,0,0,0,0,0,0,0,0,0,0,0,0,0,0,0,96.0425,0,0,0
"MtrElec",7,6,4,"",90.2757,0,0,0,0,0,0,0,0,0,0,0,0,0,0,0,0,0,0,0,0,90.2757,0,0,0
"MtrElec",7,6,5,"",88.3386,0,0,0,0,0,0,0,0,0,0,0,0,0,0,0,0,0,0,0,0,88.3386,0,0,0
"MtrElec",7,6,6,"",97.6015,0,0,0,0,0,0,0,0,0,0,0,0,0,0,0,0,0,0,0,0,97.6015,0,0,0
"MtrElec",7,6,7,"",100.475,0,0,0,0,0,0,0,0,0,0,0,0,0,0,0,0,0,0,0,0,122.038,0,0,-21.5627
"MtrElec",7,6,8,"",79.1112,0,0,0,0,0,0,0,0,0,0,0,0,0,0,0,0,0,0,0,0,167.921,0,0,-88.8097
"MtrElec",7,6,9,"",0.0000001,0,0,0,0,0,0,0,0,0,0,0,0,0,0,0,0,0,0,0,0,201.248,0,1.7717,-203.02
"MtrElec",7,6,10,"",0,0,0,0,0,0,0,0,0,0,0,0,0,0,0,0,0,0,0,0,0,220.878,0,86.1161,-306.994
"MtrElec",7,6,11,"",0.0000156,0,0,0,0,0,0,0,0,0,0,0,0,0,0,0,0,0,0,0,0,242.642,0,152.552,-395.194
"MtrElec",7,6,12,"",-6.40634,0,0,0,0,0,0,0,0,0,0,0,0,0,0,0,0,0,0,0,0,224.73,0,224.226,-455.362
"MtrElec",7,6,13,"",-92.3161,0,0,0,0,0,0,0,0,0,0,0,0,0,0,0,0,0,0,0,0,291.848,0,97.0803,-481.245
"MtrElec",7,6,14,"",-271.556,0,0,0,0,0,0,0,0,0,0,0,0,0,0,0,0,0,0,0,0,209.82,0,0,-481.376
"MtrElec",7,6,15,"",-196.914,0,0,0,0,0,0,0,0,0,0,0,0,0,0,0,0,0,0,0,0,233.838,0,0,-430.752
"MtrElec",7,6,16,"",-132.017,0,0,0,0,0,0,0,0,0,0,0,0,0,0,0,0,0,0,0,0,238.968,0,0,-370.984
"MtrElec",7,6,17,"",-20.2136,0,0,0,0,0,0,0,0,0,0,0,0,0,0,0,0,0,0,0,0,270.431,0,0,-290.645
"MtrElec",7,6,18,"",106.034,0,0,0,0,0,0,0,0,0,0,0,0,0,0,0,0,0,0,0,0,289.13,0,0,-183.096
"MtrElec",7,6,19,"",-11.9681,0,0,0,0,0,0,0,0,0,0,0,0,0,0,0,0,0,0,0,0,284.902,0,-224.226,-72.6433
"MtrElec",7,6,20,"",39.443,0,0,0,0,0,0,0,0,0,0,0,0,0,0,0,0,0,0,0,0,275.014,0,-224.226,-11.3446
"MtrElec",7,6,21,"",186.74,0,0,0,0,0,0,0,0,0,0,0,0,0,0,0,0,0,0,0,0,245.263,0,-58.5231,0
"MtrElec",7,6,22,"",205.823,0,0,0,0,0,0,0,0,0,0,0,0,0,0,0,0,0,0,0,0,205.823,0,0,0
"MtrElec",7,6,23,"",181.138,0,0,0,0,0,0,0,0,0,0,0,0,0,0,0,0,0,0,0,0,181.138,0,0,0
"MtrElec",7,6,24,"",162.184,0,0,0,0,0,0,0,0,0,0,0,0,0,0,0,0,0,0,0,0,162.184,0,0,0
"MtrElec",7,7,1,"",119.964,0,0,0,0,0,0,0,0,0,0,0,0,0,0,0,0,0,0,0,0,119.964,0,0,0
"MtrElec",7,7,2,"",101.613,0,0,0,0,0,0,0,0,0,0,0,0,0,0,0,0,0,0,0,0,101.613,0,0,0
"MtrElec",7,7,3,"",94.3361,0,0,0,0,0,0,0,0,0,0,0,0,0,0,0,0,0,0,0,0,94.3361,0,0,0
"MtrElec",7,7,4,"",91.3205,0,0,0,0,0,0,0,0,0,0,0,0,0,0,0,0,0,0,0,0,91.3205,0,0,0
"MtrElec",7,7,5,"",88.8453,0,0,0,0,0,0,0,0,0,0,0,0,0,0,0,0,0,0,0,0,88.8453,0,0,0
"MtrElec",7,7,6,"",97.898,0,0,0,0,0,0,0,0,0,0,0,0,0,0,0,0,0,0,0,0,97.898,0,0,0
"MtrElec",7,7,7,"",104.131,0,0,0,0,0,0,0,0,0,0,0,0,0,0,0,0,0,0,0,0,125.777,0,0,-21.6456
"MtrElec",7,7,8,"",63.2789,0,0,0,0,0,0,0,0,0,0,0,0,0,0,0,0,0,0,0,0,148.592,0,0,-85.3126
"MtrElec",7,7,9,"",0,0,0,0,0,0,0,0,0,0,0,0,0,0,0,0,0,0,0,0,0,174.167,0,24.4349,-198.602
"MtrElec",7,7,10,"",0,0,0,0,0,0,0,0,0,0,0,0,0,0,0,0,0,0,0,0,0,197.866,0,119.3,-317.166
"MtrElec",7,7,11,"",0,0,0,0,0,0,0,0,0,0,0,0,0,0,0,0,0,0,0,0,0,246.627,0,163.446,-410.073
"MtrElec",7,7,12,"",-37.1378,0,0,0,0,0,0,0,0,0,0,0,0,0,0,0,0,0,0,0,0,206.226,0,224.226,-467.59
"MtrElec",7,7,13,"",-244.821,0,0,0,0,0,0,0,0,0,0,0,0,0,0,0,0,0,0,0,0,216.292,0,30.3394,-491.452
"MtrElec",7,7,14,"",-295.103,0,0,0,0,0,0,0,0,0,0,0,0,0,0,0,0,0,0,0,0,198.17,0,0,-493.273
"MtrElec",7,7,15,"",-232.43,0,0,0,0,0,0,0,0,0,0,0,0,0,0,0,0,0,0,0,0,221.188,0,0,-453.617
"MtrElec",7,7,16,"",-154.283,0,0,0,0,0,0,0,0,0,0,0,0,0,0,0,0,0,0,0,0,237.266,0,0,-391.549
"MtrElec",7,7,17,"",-53.1612,0,0,0,0,0,0,0,0,0,0,0,0,0,0,0,0,0,0,0,0,250.792,0,0,-303.953
"MtrElec",7,7,18,"",85.3125,0,0,0,0,0,0,0,0,0,0,0,0,0,0,0,0,0,0,0,0,273.918,0,0,-188.606
"MtrElec",7,7,19,"",11.5313,0,0,0,0,0,0,0,0,0,0,0,0,0,0,0,0,0,0,0,0,309.87,0,-224.226,-74.1119
"MtrElec",7,7,20,"",42.0687,0,0,0,0,0,0,0,0,0,0,0,0,0,0,0,0,0,0,0,0,280.105,0,-224.226,-13.8101
"MtrElec",7,7,21,"",186.958,0,0,0,0,0,0,0,0,0,0,0,0,0,0,0,0,0,0,0,0,245.481,0,-58.5231,0
"MtrElec",7,7,22,"",231.333,0,0,0,0,0,0,0,0,0,0,0,0,0,0,0,0,0,0,0,0,231.333,0,0,0
"MtrElec",7,7,23,"",208.831,0,0,0,0,0,0,0,0,0,0,0,0,0,0,0,0,0,0,0,0,208.831,0,0,0
"MtrElec",7,7,24,"",141.732,0,0,0,0,0,0,0,0,0,0,0,0,0,0,0,0,0,0,0,0,141.732,0,0,0
"MtrElec",7,8,1,"",107.147,0,0,0,0,0,0,0,0,0,0,0,0,0,0,0,0,0,0,0,0,107.147,0,0,0
"MtrElec",7,8,2,"",95.631,0,0,0,0,0,0,0,0,0,0,0,0,0,0,0,0,0,0,0,0,95.631,0,0,0
"MtrElec",7,8,3,"",93.5745,0,0,0,0,0,0,0,0,0,0,0,0,0,0,0,0,0,0,0,0,93.5745,0,0,0
"MtrElec",7,8,4,"",96.9996,0,0,0,0,0,0,0,0,0,0,0,0,0,0,0,0,0,0,0,0,96.9996,0,0,0
"MtrElec",7,8,5,"",85.1022,0,0,0,0,0,0,0,0,0,0,0,0,0,0,0,0,0,0,0,0,85.1022,0,0,0
"MtrElec",7,8,6,"",83.3023,0,0,0,0,0,0,0,0,0,0,0,0,0,0,0,0,0,0,0,0,83.3023,0,0,0
"MtrElec",7,8,7,"",89.0687,0,0,0,0,0,0,0,0,0,0,0,0,0,0,0,0,0,0,0,0,110.051,0,0,-20.9823
"MtrElec",7,8,8,"",62.7015,0,0,0,0,0,0,0,0,0,0,0,0,0,0,0,0,0,0,0,0,151.533,0,0,-88.8317
"MtrElec",7,8,9,"",0,0,0,0,0,0,0,0,0,0,0,0,0,0,0,0,0,0,0,0,0,192.427,0,17.3165,-209.743
"MtrElec",7,8,10,"",0,0,0,0,0,0,0,0,0,0,0,0,0,0,0,0,0,0,0,0,0,207.225,0,108.52,-315.745
"MtrElec",7,8,11,"",0,0,0,0,0,0,0,0,0,0,0,0,0,0,0,0,0,0,0,0,0,214.753,0,189.647,-404.4
"MtrElec",7,8,12,"",-12.1536,0,0,0,0,0,0,0,0,0,0,0,0,0,0,0,0,0,0,0,0,230.09,0,224.226,-466.471
"MtrElec",7,8,13,"",-192.969,0,0,0,0,0,0,0,0,0,0,0,0,0,0,0,0,0,0,0,0,279.823,0,22.0365,-494.829
"MtrElec",7,8,14,"",-300.555,0,0,0,0,0,0,0,0,0,0,0,0,0,0,0,0,0,0,0,0,195.624,0,0,-496.179
"MtrElec",7,8,15,"",-244.889,0,0,0,0,0,0,0,0,0,0,0,0,0,0,0,0,0,0,0,0,221.603,0,0,-466.493
"MtrElec",7,8,16,"",-193.283,0,0,0,0,0,0,0,0,0,0,0,0,0,0,0,0,0,0,0,0,211.735,0,0,-405.018
"MtrElec",7,8,17,"",-71.573,0,0,0,0,0,0,0,0,0,0,0,0,0,0,0,0,0,0,0,0,240.555,0,0,-312.128
"MtrElec",7,8,18,"",68.0039,0,0,0,0,0,0,0,0,0,0,0,0,0,0,0,0,0,0,0,0,262.242,0,0,-194.238
"MtrElec",7,8,19,"",-17.4495,0,0,0,0,0,0,0,0,0,0,0,0,0,0,0,0,0,0,0,0,280.571,0,-224.226,-73.7944
"MtrElec",7,8,20,"",30.7498,0,0,0,0,0,0,0,0,0,0,0,0,0,0,0,0,0,0,0,0,268.124,0,-224.226,-13.1473
"MtrElec",7,8,21,"",169.111,0,0,0,0,0,0,0,0,0,0,0,0,0,0,0,0,0,0,0,0,227.634,0,-58.5231,0
"MtrElec",7,8,22,"",179.466,0,0,0,0,0,0,0,0,0,0,0,0,0,0,0,0,0,0,0,0,179.466,0,0,0
"MtrElec",7,8,23,"",174.576,0,0,0,0,0,0,0,0,0,0,0,0,0,0,0,0,0,0,0,0,174.576,0,0,0
"MtrElec",7,8,24,"",148.021,0,0,0,0,0,0,0,0,0,0,0,0,0,0,0,0,0,0,0,0,148.021,0,0,0
"MtrElec",7,9,1,"",126.601,0,0,0,0,0,0,0,0,0,0,0,0,0,0,0,0,0,0,0,0,126.601,0,0,0
"MtrElec",7,9,2,"",92.6877,0,0,0,0,0,0,0,0,0,0,0,0,0,0,0,0,0,0,0,0,92.6877,0,0,0
"MtrElec",7,9,3,"",83.5718,0,0,0,0,0,0,0,0,0,0,0,0,0,0,0,0,0,0,0,0,83.5718,0,0,0
"MtrElec",7,9,4,"",78.686,0,0,0,0,0,0,0,0,0,0,0,0,0,0,0,0,0,0,0,0,78.686,0,0,0
"MtrElec",7,9,5,"",75.8962,0,0,0,0,0,0,0,0,0,0,0,0,0,0,0,0,0,0,0,0,75.8962,0,0,0
"MtrElec",7,9,6,"",76.7346,0,0,0,0,0,0,0,0,0,0,0,0,0,0,0,0,0,0,0,0,76.7346,0,0,0
"MtrElec",7,9,7,"",68.0892,0,0,0,0,0,0,0,0,0,0,0,0,0,0,0,0,0,0,0,0,89.0224,0,0,-20.9332
"MtrElec",7,9,8,"",30.2896,0,0,0,0,0,0,0,0,0,0,0,0,0,0,0,0,0,0,0,0,118.999,0,0,-88.7098
"MtrElec",7,9,9,"",0,0,0,0,0,0,0,0,0,0,0,0,0,0,0,0,0,0,0,0,0,138.846,0,71.2425,-210.088
"MtrElec",7,9,10,"",0,0,0,0,0,0,0,0,0,0,0,0,0,0,0,0,0,0,0,0,0,191.706,0,128.715,-320.42
"MtrElec",7,9,11,"",0,0,0,0,0,0,0,0,0,0,0,0,0,0,0,0,0,0,0,0,0,186.421,0,215.33,-401.751
"MtrElec",7,9,12,"",-110.925,0,0,0,0,0,0,0,0,0,0,0,0,0,0,0,0,0,0,0,0,199.914,0,146.459,-457.298
"MtrElec",7,9,13,"",-300.955,0,0,0,0,0,0,0,0,0,0,0,0,0,0,0,0,0,0,0,0,201.051,0,0,-502.006
"MtrElec",7,9,14,"",-327.395,0,0,0,0,0,0,0,0,0,0,0,0,0,0,0,0,0,0,0,0,183.647,0,0,-511.042
"MtrElec",7,9,15,"",-272.132,0,0,0,0,0,0,0,0,0,0,0,0,0,0,0,0,0,0,0,0,208.701,0,0,-480.833
"MtrElec",7,9,16,"",-204.025,0,0,0,0,0,0,0,0,0,0,0,0,0,0,0,0,0,0,0,0,213.907,0,0,-417.933
"MtrElec",7,9,17,"",-87.7439,0,0,0,0,0,0,0,0,0,0,0,0,0,0,0,0,0,0,0,0,237.11,0,0,-324.853
"MtrElec",7,9,18,"",60.1971,0,0,0,0,0,0,0,0,0,0,0,0,0,0,0,0,0,0,0,0,264.18,0,0,-203.983
"MtrElec",7,9,19,"",5.50881,0,0,0,0,0,0,0,0,0,0,0,0,0,0,0,0,0,0,0,0,304.633,0,-224.226,-74.8975
"MtrElec",7,9,20,"",34.6147,0,0,0,0,0,0,0,0,0,0,0,0,0,0,0,0,0,0,0,0,271.289,0,-224.226,-12.4478
"MtrElec",7,9,21,"",188.944,0,0,0,0,0,0,0,0,0,0,0,0,0,0,0,0,0,0,0,0,247.467,0,-58.5231,0
"MtrElec",7,9,22,"",183.857,0,0,0,0,0,0,0,0,0,0,0,0,0,0,0,0,0,0,0,0,183.857,0,0,0
"MtrElec",7,9,23,"",152.899,0,0,0,0,0,0,0,0,0,0,0,0,0,0,0,0,0,0,0,0,152.899,0,0,0
"MtrElec",7,9,24,"",131.188,0,0,0,0,0,0,0,0,0,0,0,0,0,0,0,0,0,0,0,0,131.188,0,0,0
"MtrElec",7,10,1,"",107.221,0,0,0,0,0,0,0,0,0,0,0,0,0,0,0,0,0,0,0,0,107.221,0,0,0
"MtrElec",7,10,2,"",83.2286,0,0,0,0,0,0,0,0,0,0,0,0,0,0,0,0,0,0,0,0,83.2286,0,0,0
"MtrElec",7,10,3,"",78.7153,0,0,0,0,0,0,0,0,0,0,0,0,0,0,0,0,0,0,0,0,78.7153,0,0,0
"MtrElec",7,10,4,"",83.2139,0,0,0,0,0,0,0,0,0,0,0,0,0,0,0,0,0,0,0,0,83.2139,0,0,0
"MtrElec",7,10,5,"",73.1088,0,0,0,0,0,0,0,0,0,0,0,0,0,0,0,0,0,0,0,0,73.1088,0,0,0
"MtrElec",7,10,6,"",78.2158,0,0,0,0,0,0,0,0,0,0,0,0,0,0,0,0,0,0,0,0,78.2158,0,0,0
"MtrElec",7,10,7,"",78.7957,0,0,0,0,0,0,0,0,0,0,0,0,0,0,0,0,0,0,0,0,98.4522,0,0,-19.6565
"MtrElec",7,10,8,"",16.4886,0,0,0,0,0,0,0,0,0,0,0,0,0,0,0,0,0,0,0,0,106.005,0,0,-89.5163
"MtrElec",7,10,9,"",0,0,0,0,0,0,0,0,0,0,0,0,0,0,0,0,0,0,0,0,0,130.26,0,92.0454,-222.306
"MtrElec",7,10,10,"",0,0,0,0,0,0,0,0,0,0,0,0,0,0,0,0,0,0,0,0,0,151.628,0,188.148,-339.776
"MtrElec",7,10,11,"",-7.59092,0,0,0,0,0,0,0,0,0,0,0,0,0,0,0,0,0,0,0,0,201.839,0,224.226,-433.656
"MtrElec",7,10,12,"",-274.462,0,0,0,0,0,0,0,0,0,0,0,0,0,0,0,0,0,0,0,0,161.699,0,57.3268,-493.488
"MtrElec",7,10,13,"",-349.066,0,0,0,0,0,0,0,0,0,0,0,0,0,0,0,0,0,0,0,0,175.86,0,0,-524.926
"MtrElec",7,10,14,"",-345.052,0,0,0,0,0,0,0,0,0,0,0,0,0,0,0,0,0,0,0,0,179.382,0,0,-524.434
"MtrElec",7,10,15,"",-315.065,0,0,0,0,0,0,0,0,0,0,0,0,0,0,0,0,0,0,0,0,176.261,0,0,-491.326
"MtrElec",7,10,16,"",-227.656,0,0,0,0,0,0,0,0,0,0,0,0,0,0,0,0,0,0,0,0,199.084,0,0,-426.741
"MtrElec",7,10,17,"",-79.3115,0,0,0,0,0,0,0,0,0,0,0,0,0,0,0,0,0,0,0,0,251.527,0,0,-330.838
"MtrElec",7,10,18,"",46.8381,0,0,0,0,0,0,0,0,0,0,0,0,0,0,0,0,0,0,0,0,254.054,0,0,-207.216
"MtrElec",7,10,19,"",-33.8733,0,0,0,0,0,0,0,0,0,0,0,0,0,0,0,0,0,0,0,0,267.247,0,-224.226,-76.8938
"MtrElec",7,10,20,"",7.44027,0,0,0,0,0,0,0,0,0,0,0,0,0,0,0,0,0,0,0,0,244.275,0,-224.226,-12.6087
"MtrElec",7,10,21,"",191.363,0,0,0,0,0,0,0,0,0,0,0,0,0,0,0,0,0,0,0,0,249.886,0,-58.5231,0
"MtrElec",7,10,22,"",167.075,0,0,0,0,0,0,0,0,0,0,0,0,0,0,0,0,0,0,0,0,167.075,0,0,0
"MtrElec",7,10,23,"",151.661,0,0,0,0,0,0,0,0,0,0,0,0,0,0,0,0,0,0,0,0,151.661,0,0,0
"MtrElec",7,10,24,"",121.628,0,0,0,0,0,0,0,0,0,0,0,0,0,0,0,0,0,0,0,0,121.628,0,0,0
"MtrElec",7,11,1,"",89.5523,0,0,0,0,0,0,0,0,0,0,0,0,0,0,0,0,0,0,0,0,89.5523,0,0,0
"MtrElec",7,11,2,"",77.373,0,0,0,0,0,0,0,0,0,0,0,0,0,0,0,0,0,0,0,0,77.373,0,0,0
"MtrElec",7,11,3,"",77.0645,0,0,0,0,0,0,0,0,0,0,0,0,0,0,0,0,0,0,0,0,77.0645,0,0,0
"MtrElec",7,11,4,"",75.5844,0,0,0,0,0,0,0,0,0,0,0,0,0,0,0,0,0,0,0,0,75.5844,0,0,0
"MtrElec",7,11,5,"",71.8952,0,0,0,0,0,0,0,0,0,0,0,0,0,0,0,0,0,0,0,0,71.8952,0,0,0
"MtrElec",7,11,6,"",74.357,0,0,0,0,0,0,0,0,0,0,0,0,0,0,0,0,0,0,0,0,74.357,0,0,0
"MtrElec",7,11,7,"",62.7479,0,0,0,0,0,0,0,0,0,0,0,0,0,0,0,0,0,0,0,0,81.2942,0,0,-18.5463
"MtrElec",7,11,8,"",12.6829,0,0,0,0,0,0,0,0,0,0,0,0,0,0,0,0,0,0,0,0,90.6988,0,0,-78.0159
"MtrElec",7,11,9,"",0.0000078,0,0,0,0,0,0,0,0,0,0,0,0,0,0,0,0,0,0,0,0,97.738,0,82.0155,-179.754
"MtrElec",7,11,10,"",0,0,0,0,0,0,0,0,0,0,0,0,0,0,0,0,0,0,0,0,0,128.267,0,218.118,-346.386
"MtrElec",7,11,11,"",-57.3592,0,0,0,0,0,0,0,0,0,0,0,0,0,0,0,0,0,0,0,0,158.672,0,224.226,-440.258
"MtrElec",7,11,12,"",-250.491,0,0,0,0,0,0,0,0,0,0,0,0,0,0,0,0,0,0,0,0,202.076,0,37.3859,-489.953
"MtrElec",7,11,13,"",-349.029,0,0,0,0,0,0,0,0,0,0,0,0,0,0,0,0,0,0,0,0,170.663,0,0,-519.691
"MtrElec",7,11,14,"",-365.566,0,0,0,0,0,0,0,0,0,0,0,0,0,0,0,0,0,0,0,0,161.886,0,0,-527.452
"MtrElec",7,11,15,"",-303.346,0,0,0,0,0,0,0,0,0,0,0,0,0,0,0,0,0,0,0,0,192.764,0,0,-496.11
"MtrElec",7,11,16,"",-249.866,0,0,0,0,0,0,0,0,0,0,0,0,0,0,0,0,0,0,0,0,179.448,0,0,-429.314
"MtrElec",7,11,17,"",-143.24,0,0,0,0,0,0,0,0,0,0,0,0,0,0,0,0,0,0,0,0,190.46,0,0,-333.699
"MtrElec",7,11,18,"",28.5221,0,0,0,0,0,0,0,0,0,0,0,0,0,0,0,0,0,0,0,0,239.119,0,0,-210.597
"MtrElec",7,11,19,"",-41.5298,0,0,0,0,0,0,0,0,0,0,0,0,0,0,0,0,0,0,0,0,261.104,0,-224.226,-78.4078
"MtrElec",7,11,20,"",-9.2824,0,0,0,0,0,0,0,0,0,0,0,0,0,0,0,0,0,0,0,0,228.218,0,-224.226,-13.2742
"MtrElec",7,11,21,"",112.642,0,0,0,0,0,0,0,0,0,0,0,0,0,0,0,0,0,0,0,0,171.165,0,-58.5231,0
"MtrElec",7,11,22,"",153.293,0,0,0,0,0,0,0,0,0,0,0,0,0,0,0,0,0,0,0,0,153.293,0,0,0
"MtrElec",7,11,23,"",117.698,0,0,0,0,0,0,0,0,0,0,0,0,0,0,0,0,0,0,0,0,117.698,0,0,0
"MtrElec",7,11,24,"",131.992,0,0,0,0,0,0,0,0,0,0,0,0,0,0,0,0,0,0,0,0,131.992,0,0,0
"MtrElec",7,12,1,"",89.6199,0,0,0,0,0,0,0,0,0,0,0,0,0,0,0,0,0,0,0,0,89.6199,0,0,0
"MtrElec",7,12,2,"",76.0365,0,0,0,0,0,0,0,0,0,0,0,0,0,0,0,0,0,0,0,0,76.0365,0,0,0
"MtrElec",7,12,3,"",75.8884,0,0,0,0,0,0,0,0,0,0,0,0,0,0,0,0,0,0,0,0,75.8884,0,0,0
"MtrElec",7,12,4,"",78.4983,0,0,0,0,0,0,0,0,0,0,0,0,0,0,0,0,0,0,0,0,78.4983,0,0,0
"MtrElec",7,12,5,"",95.0984,0,0,0,0,0,0,0,0,0,0,0,0,0,0,0,0,0,0,0,0,95.0984,0,0,0
"MtrElec",7,12,6,"",74.3355,0,0,0,0,0,0,0,0,0,0,0,0,0,0,0,0,0,0,0,0,74.3355,0,0,0
"MtrElec",7,12,7,"",60.5906,0,0,0,0,0,0,0,0,0,0,0,0,0,0,0,0,0,0,0,0,82.7625,0,0,-22.1719
"MtrElec",7,12,8,"",33.9316,0,0,0,0,0,0,0,0,0,0,0,0,0,0,0,0,0,0,0,0,103.043,0,0,-69.1112
"MtrElec",7,12,9,"",37.6228,0,0,0,0,0,0,0,0,0,0,0,0,0,0,0,0,0,0,0,0,108.912,0,0,-71.2896
"MtrElec",7,12,10,"",0,0,0,0,0,0,0,0,0,0,0,0,0,0,0,0,0,0,0,0,0,149.448,0,28.8924,-178.34
"MtrElec",7,12,11,"",0,0,0,0,0,0,0,0,0,0,0,0,0,0,0,0,0,0,0,0,0,205.204,0,215.199,-420.403
"MtrElec",7,12,12,"",-87.1315,0,0,0,0,0,0,0,0,0,0,0,0,0,0,0,0,0,0,0,0,197.552,0,224.226,-508.91
"MtrElec",7,12,13,"",-305.611,0,0,0,0,0,0,0,0,0,0,0,0,0,0,0,0,0,0,0,0,141.873,0,93.4286,-540.913
"MtrElec",7,12,14,"",-391.55,0,0,0,0,0,0,0,0,0,0,0,0,0,0,0,0,0,0,0,0,147.998,0,0,-539.548
"MtrElec",7,12,15,"",-331.07,0,0,0,0,0,0,0,0,0,0,0,0,0,0,0,0,0,0,0,0,177.136,0,0,-508.206
"MtrElec",7,12,16,"",-259.448,0,0,0,0,0,0,0,0,0,0,0,0,0,0,0,0,0,0,0,0,184.553,0,0,-444.002
"MtrElec",7,12,17,"",-149.33,0,0,0,0,0,0,0,0,0,0,0,0,0,0,0,0,0,0,0,0,193.123,0,0,-342.452
"MtrElec",7,12,18,"",-0.355875,0,0,0,0,0,0,0,0,0,0,0,0,0,0,0,0,0,0,0,0,214.003,0,0,-214.359
"MtrElec",7,12,19,"",-59.241,0,0,0,0,0,0,0,0,0,0,0,0,0,0,0,0,0,0,0,0,244.91,0,-224.226,-79.9242
"MtrElec",7,12,20,"",0.977721,0,0,0,0,0,0,0,0,0,0,0,0,0,0,0,0,0,0,0,0,238.786,0,-224.226,-13.5814
"MtrElec",7,12,21,"",115.397,0,0,0,0,0,0,0,0,0,0,0,0,0,0,0,0,0,0,0,0,173.921,0,-58.5231,0
"MtrElec",7,12,22,"",154.823,0,0,0,0,0,0,0,0,0,0,0,0,0,0,0,0,0,0,0,0,154.823,0,0,0
"MtrElec",7,12,23,"",110.594,0,0,0,0,0,0,0,0,0,0,0,0,0,0,0,0,0,0,0,0,110.594,0,0,0
"MtrElec",7,12,24,"",118.601,0,0,0,0,0,0,0,0,0,0,0,0,0,0,0,0,0,0,0,0,118.601,0,0,0
"MtrElec",7,13,1,"",87.578,0,0,0,0,0,0,0,0,0,0,0,0,0,0,0,0,0,0,0,0,87.578,0,0,0
"MtrElec",7,13,2,"",75.0811,0,0,0,0,0,0,0,0,0,0,0,0,0,0,0,0,0,0,0,0,75.0811,0,0,0
"MtrElec",7,13,3,"",76.7592,0,0,0,0,0,0,0,0,0,0,0,0,0,0,0,0,0,0,0,0,76.7592,0,0,0
"MtrElec",7,13,4,"",84.082,0,0,0,0,0,0,0,0,0,0,0,0,0,0,0,0,0,0,0,0,84.082,0,0,0
"MtrElec",7,13,5,"",75.6792,0,0,0,0,0,0,0,0,0,0,0,0,0,0,0,0,0,0,0,0,75.6792,0,0,0
"MtrElec",7,13,6,"",76.638,0,0,0,0,0,0,0,0,0,0,0,0,0,0,0,0,0,0,0,0,76.638,0,0,0
"MtrElec",7,13,7,"",64.0113,0,0,0,0,0,0,0,0,0,0,0,0,0,0,0,0,0,0,0,0,86.0221,0,0,-22.0108
"MtrElec",7,13,8,"",48.9296,0,0,0,0,0,0,0,0,0,0,0,0,0,0,0,0,0,0,0,0,117.684,0,0,-68.7547
"MtrElec",7,13,9,"",110.35,0,0,0,0,0,0,0,0,0,0,0,0,0,0,0,0,0,0,0,0,159.954,0,0,-49.6042
"MtrElec",7,13,10,"",56.0344,0,0,0,0,0,0,0,0,0,0,0,0,0,0,0,0,0,0,0,0,153.096,0,0,-97.0611
"MtrElec",7,13,11,"",0.0000078,0,0,0,0,0,0,0,0,0,0,0,0,0,0,0,0,0,0,0,0,159.308,0,81.2229,-240.531
"MtrElec",7,13,12,"",-74.7089,0,0,0,0,0,0,0,0,0,0,0,0,0,0,0,0,0,0,0,0,140.16,0,224.226,-439.095
"MtrElec",7,13,13,"",-188.072,0,0,0,0,0,0,0,0,0,0,0,0,0,0,0,0,0,0,0,0,118.76,0,224.226,-531.058
"MtrElec",7,13,14,"",-400.714,0,0,0,0,0,0,0,0,0,0,0,0,0,0,0,0,0,0,0,0,96.7652,0,32.0705,-529.55
"MtrElec",7,13,15,"",-384.142,0,0,0,0,0,0,0,0,0,0,0,0,0,0,0,0,0,0,0,0,117.127,0,0,-501.269
"MtrElec",7,13,16,"",-303.001,0,0,0,0,0,0,0,0,0,0,0,0,0,0,0,0,0,0,0,0,132.992,0,0,-435.992
"MtrElec",7,13,17,"",-163.198,0,0,0,0,0,0,0,0,0,0,0,0,0,0,0,0,0,0,0,0,175.575,0,0,-338.773
"MtrElec",7,13,18,"",-21.6596,0,0,0,0,0,0,0,0,0,0,0,0,0,0,0,0,0,0,0,0,191.769,0,0,-213.429
"MtrElec",7,13,19,"",-95.8589,0,0,0,0,0,0,0,0,0,0,0,0,0,0,0,0,0,0,0,0,207.796,0,-224.226,-79.4287
"MtrElec",7,13,20,"",-27.3282,0,0,0,0,0,0,0,0,0,0,0,0,0,0,0,0,0,0,0,0,210.503,0,-224.226,-13.6052
"MtrElec",7,13,21,"",129.849,0,0,0,0,0,0,0,0,0,0,0,0,0,0,0,0,0,0,0,0,188.372,0,-58.5231,0
"MtrElec",7,13,22,"",139.058,0,0,0,0,0,0,0,0,0,0,0,0,0,0,0,0,0,0,0,0,139.058,0,0,0
"MtrElec",7,13,23,"",140.332,0,0,0,0,0,0,0,0,0,0,0,0,0,0,0,0,0,0,0,0,140.332,0,0,0
"MtrElec",7,13,24,"",131.966,0,0,0,0,0,0,0,0,0,0,0,0,0,0,0,0,0,0,0,0,131.966,0,0,0
"MtrElec",7,14,1,"",121.267,0,0,0,0,0,0,0,0,0,0,0,0,0,0,0,0,0,0,0,0,121.267,0,0,0
"MtrElec",7,14,2,"",73.8619,0,0,0,0,0,0,0,0,0,0,0,0,0,0,0,0,0,0,0,0,73.8619,0,0,0
"MtrElec",7,14,3,"",72.7107,0,0,0,0,0,0,0,0,0,0,0,0,0,0,0,0,0,0,0,0,72.7107,0,0,0
"MtrElec",7,14,4,"",79.5936,0,0,0,0,0,0,0,0,0,0,0,0,0,0,0,0,0,0,0,0,79.5936,0,0,0
"MtrElec",7,14,5,"",70.9148,0,0,0,0,0,0,0,0,0,0,0,0,0,0,0,0,0,0,0,0,70.9148,0,0,0
"MtrElec",7,14,6,"",77.3433,0,0,0,0,0,0,0,0,0,0,0,0,0,0,0,0,0,0,0,0,77.3433,0,0,0
"MtrElec",7,14,7,"",70.3077,0,0,0,0,0,0,0,0,0,0,0,0,0,0,0,0,0,0,0,0,92.6751,0,0,-22.3673
"MtrElec",7,14,8,"",38.7433,0,0,0,0,0,0,0,0,0,0,0,0,0,0,0,0,0,0,0,0,116.717,0,0,-77.9741
"MtrElec",7,14,9,"",50.1245,0,0,0,0,0,0,0,0,0,0,0,0,0,0,0,0,0,0,0,0,138.354,0,0,-88.2293
"MtrElec",7,14,10,"",37.9273,0,0,0,0,0,0,0,0,0,0,0,0,0,0,0,0,0,0,0,0,147.083,0,0,-109.156
"MtrElec",7,14,11,"",21.7555,0,0,0,0,0,0,0,0,0,0,0,0,0,0,0,0,0,0,0,0,163.957,0,0,-142.202
"MtrElec",7,14,12,"",0,0,0,0,0,0,0,0,0,0,0,0,0,0,0,0,0,0,0,0,0,127.729,0,57.4236,-185.153
"MtrElec",7,14,13,"",0,0,0,0,0,0,0,0,0,0,0,0,0,0,0,0,0,0,0,0,0,167.523,0,109.549,-277.072
"MtrElec",7,14,14,"",-35.4206,0,0,0,0,0,0,0,0,0,0,0,0,0,0,0,0,0,0,0,0,97.7725,0,224.226,-357.42
"MtrElec",7,14,15,"",-213.63,0,0,0,0,0,0,0,0,0,0,0,0,0,0,0,0,0,0,0,0,121.322,0,170.547,-505.499
"MtrElec",7,14,16,"",-306.229,0,0,0,0,0,0,0,0,0,0,0,0,0,0,0,0,0,0,0,0,134.372,0,0,-440.602
"MtrElec",7,14,17,"",-158.413,0,0,0,0,0,0,0,0,0,0,0,0,0,0,0,0,0,0,0,0,182.997,0,0,-341.41
"MtrElec",7,14,18,"",-30.4375,0,0,0,0,0,0,0,0,0,0,0,0,0,0,0,0,0,0,0,0,183.051,0,0,-213.488
"MtrElec",7,14,19,"",-107.325,0,0,0,0,0,0,0,0,0,0,0,0,0,0,0,0,0,0,0,0,195.099,0,-224.226,-78.1971
"MtrElec",7,14,20,"",-39.7949,0,0,0,0,0,0,0,0,0,0,0,0,0,0,0,0,0,0,0,0,196.864,0,-224.226,-12.4321
"MtrElec",7,14,21,"",123.97,0,0,0,0,0,0,0,0,0,0,0,0,0,0,0,0,0,0,0,0,182.493,0,-58.5231,0
"MtrElec",7,14,22,"",132.825,0,0,0,0,0,0,0,0,0,0,0,0,0,0,0,0,0,0,0,0,132.825,0,0,0
"MtrElec",7,14,23,"",160.025,0,0,0,0,0,0,0,0,0,0,0,0,0,0,0,0,0,0,0,0,160.025,0,0,0
"MtrElec",7,14,24,"",136.339,0,0,0,0,0,0,0,0,0,0,0,0,0,0,0,0,0,0,0,0,136.339,0,0,0
"MtrElec",7,15,1,"",94.0086,0,0,0,0,0,0,0,0,0,0,0,0,0,0,0,0,0,0,0,0,94.0086,0,0,0
"MtrElec",7,15,2,"",75.786,0,0,0,0,0,0,0,0,0,0,0,0,0,0,0,0,0,0,0,0,75.786,0,0,0
"MtrElec",7,15,3,"",72.3995,0,0,0,0,0,0,0,0,0,0,0,0,0,0,0,0,0,0,0,0,72.3995,0,0,0
"MtrElec",7,15,4,"",71.6253,0,0,0,0,0,0,0,0,0,0,0,0,0,0,0,0,0,0,0,0,71.6253,0,0,0
"MtrElec",7,15,5,"",70.7204,0,0,0,0,0,0,0,0,0,0,0,0,0,0,0,0,0,0,0,0,70.7204,0,0,0
"MtrElec",7,15,6,"",78.0479,0,0,0,0,0,0,0,0,0,0,0,0,0,0,0,0,0,0,0,0,78.0479,0,0,0
"MtrElec",7,15,7,"",78.1381,0,0,0,0,0,0,0,0,0,0,0,0,0,0,0,0,0,0,0,0,99.2568,0,0,-21.1187
"MtrElec",7,15,8,"",41.4014,0,0,0,0,0,0,0,0,0,0,0,0,0,0,0,0,0,0,0,0,121.733,0,0,-80.3315
"MtrElec",7,15,9,"",24.8386,0,0,0,0,0,0,0,0,0,0,0,0,0,0,0,0,0,0,0,0,173.362,0,0,-148.523
"MtrElec",7,15,10,"",0,0,0,0,0,0,0,0,0,0,0,0,0,0,0,0,0,0,0,0,0,157.809,0,72.9183,-230.727
"MtrElec",7,15,11,"",-72.1236,0,0,0,0,0,0,0,0,0,0,0,0,0,0,0,0,0,0,0,0,147.084,0,224.226,-443.434
"MtrElec",7,15,12,"",-151.323,0,0,0,0,0,0,0,0,0,0,0,0,0,0,0,0,0,0,0,0,126.688,0,224.226,-502.237
"MtrElec",7,15,13,"",-326.284,0,0,0,0,0,0,0,0,0,0,0,0,0,0,0,0,0,0,0,0,167.64,0,40.3751,-534.3
"MtrElec",7,15,14,"",-424.011,0,0,0,0,0,0,0,0,0,0,0,0,0,0,0,0,0,0,0,0,115.345,0,0,-539.356
"MtrElec",7,15,15,"",-390.443,0,0,0,0,0,0,0,0,0,0,0,0,0,0,0,0,0,0,0,0,117.539,0,0,-507.982
"MtrElec",7,15,16,"",-309.033,0,0,0,0,0,0,0,0,0,0,0,0,0,0,0,0,0,0,0,0,134.492,0,0,-443.525
"MtrElec",7,15,17,"",-182.874,0,0,0,0,0,0,0,0,0,0,0,0,0,0,0,0,0,0,0,0,161.989,0,0,-344.863
"MtrElec",7,15,18,"",-16.0978,0,0,0,0,0,0,0,0,0,0,0,0,0,0,0,0,0,0,0,0,200.035,0,0,-216.133
"MtrElec",7,15,19,"",-82.4795,0,0,0,0,0,0,0,0,0,0,0,0,0,0,0,0,0,0,0,0,221.616,0,-224.226,-79.8695
"MtrElec",7,15,20,"",-18.1141,0,0,0,0,0,0,0,0,0,0,0,0,0,0,0,0,0,0,0,0,219.07,0,-224.226,-12.9572
"MtrElec",7,15,21,"",170.457,0,0,0,0,0,0,0,0,0,0,0,0,0,0,0,0,0,0,0,0,228.98,0,-58.5231,0
"MtrElec",7,15,22,"",167.533,0,0,0,0,0,0,0,0,0,0,0,0,0,0,0,0,0,0,0,0,167.533,0,0,0
"MtrElec",7,15,23,"",140.43,0,0,0,0,0,0,0,0,0,0,0,0,0,0,0,0,0,0,0,0,140.43,0,0,0
"MtrElec",7,15,24,"",116.362,0,0,0,0,0,0,0,0,0,0,0,0,0,0,0,0,0,0,0,0,116.362,0,0,0
"MtrElec",7,16,1,"",90.3105,0,0,0,0,0,0,0,0,0,0,0,0,0,0,0,0,0,0,0,0,90.3105,0,0,0
"MtrElec",7,16,2,"",73.5548,0,0,0,0,0,0,0,0,0,0,0,0,0,0,0,0,0,0,0,0,73.5548,0,0,0
"MtrElec",7,16,3,"",71.8747,0,0,0,0,0,0,0,0,0,0,0,0,0,0,0,0,0,0,0,0,71.8747,0,0,0
"MtrElec",7,16,4,"",78.5635,0,0,0,0,0,0,0,0,0,0,0,0,0,0,0,0,0,0,0,0,78.5635,0,0,0
"MtrElec",7,16,5,"",70.1713,0,0,0,0,0,0,0,0,0,0,0,0,0,0,0,0,0,0,0,0,70.1713,0,0,0
"MtrElec",7,16,6,"",77.4733,0,0,0,0,0,0,0,0,0,0,0,0,0,0,0,0,0,0,0,0,77.4733,0,0,0
"MtrElec",7,16,7,"",70.7424,0,0,0,0,0,0,0,0,0,0,0,0,0,0,0,0,0,0,0,0,91.9725,0,0,-21.2301
"MtrElec",7,16,8,"",42.9842,0,0,0,0,0,0,0,0,0,0,0,0,0,0,0,0,0,0,0,0,115.331,0,0,-72.3464
"MtrElec",7,16,9,"",94.3359,0,0,0,0,0,0,0,0,0,0,0,0,0,0,0,0,0,0,0,0,165.806,0,0,-71.4702
"MtrElec",7,16,10,"",1.7073,0,0,0,0,0,0,0,0,0,0,0,0,0,0,0,0,0,0,0,0,146.867,0,0,-145.16
"MtrElec",7,16,11,"",0,0,0,0,0,0,0,0,0,0,0,0,0,0,0,0,0,0,0,0,0,161.137,0,198.348,-359.484
"MtrElec",7,16,12,"",-136.507,0,0,0,0,0,0,0,0,0,0,0,0,0,0,0,0,0,0,0,0,159.869,0,224.226,-520.602
"MtrElec",7,16,13,"",-257.428,0,0,0,0,0,0,0,0,0,0,0,0,0,0,0,0,0,0,0,0,147.534,0,139.172,-544.134
"MtrElec",7,16,14,"",-453.395,0,0,0,0,0,0,0,0,0,0,0,0,0,0,0,0,0,0,0,0,89.9829,0,0,-543.378
"MtrElec",7,16,15,"",-411.037,0,0,0,0,0,0,0,0,0,0,0,0,0,0,0,0,0,0,0,0,99.2704,0,0,-510.307
"MtrElec",7,16,16,"",-314.178,0,0,0,0,0,0,0,0,0,0,0,0,0,0,0,0,0,0,0,0,128.09,0,0,-442.268
"MtrElec",7,16,17,"",-175.54,0,0,0,0,0,0,0,0,0,0,0,0,0,0,0,0,0,0,0,0,166.406,0,0,-341.946
"MtrElec",7,16,18,"",-24.1442,0,0,0,0,0,0,0,0,0,0,0,0,0,0,0,0,0,0,0,0,190.312,0,0,-214.456
"MtrElec",7,16,19,"",-73.2056,0,0,0,0,0,0,0,0,0,0,0,0,0,0,0,0,0,0,0,0,229.853,0,-224.226,-78.8325
"MtrElec",7,16,20,"",-19.7503,0,0,0,0,0,0,0,0,0,0,0,0,0,0,0,0,0,0,0,0,216.861,0,-224.226,-12.3851
"MtrElec",7,16,21,"",146.445,0,0,0,0,0,0,0,0,0,0,0,0,0,0,0,0,0,0,0,0,204.968,0,-58.5231,0
"MtrElec",7,16,22,"",148.659,0,0,0,0,0,0,0,0,0,0,0,0,0,0,0,0,0,0,0,0,148.659,0,0,0
"MtrElec",7,16,23,"",140.209,0,0,0,0,0,0,0,0,0,0,0,0,0,0,0,0,0,0,0,0,140.209,0,0,0
"MtrElec",7,16,24,"",111.43,0,0,0,0,0,0,0,0,0,0,0,0,0,0,0,0,0,0,0,0,111.43,0,0,0
"MtrElec",7,17,1,"",79.3711,0,0,0,0,0,0,0,0,0,0,0,0,0,0,0,0,0,0,0,0,79.3711,0,0,0
"MtrElec",7,17,2,"",73.7479,0,0,0,0,0,0,0,0,0,0,0,0,0,0,0,0,0,0,0,0,73.7479,0,0,0
"MtrElec",7,17,3,"",71.0199,0,0,0,0,0,0,0,0,0,0,0,0,0,0,0,0,0,0,0,0,71.0199,0,0,0
"MtrElec",7,17,4,"",71.0278,0,0,0,0,0,0,0,0,0,0,0,0,0,0,0,0,0,0,0,0,71.0278,0,0,0
"MtrElec",7,17,5,"",70.1976,0,0,0,0,0,0,0,0,0,0,0,0,0,0,0,0,0,0,0,0,70.1976,0,0,0
"MtrElec",7,17,6,"",76.6698,0,0,0,0,0,0,0,0,0,0,0,0,0,0,0,0,0,0,0,0,76.6698,0,0,0
"MtrElec",7,17,7,"",64.8638,0,0,0,0,0,0,0,0,0,0,0,0,0,0,0,0,0,0,0,0,84.3167,0,0,-19.4529
"MtrElec",7,17,8,"",7.61864,0,0,0,0,0,0,0,0,0,0,0,0,0,0,0,0,0,0,0,0,95.5532,0,0,-87.9346
"MtrElec",7,17,9,"",0,0,0,0,0,0,0,0,0,0,0,0,0,0,0,0,0,0,0,0,0,106.27,0,119.337,-225.607
"MtrElec",7,17,10,"",-7.18225,0,0,0,0,0,0,0,0,0,0,0,0,0,0,0,0,0,0,0,0,118.762,0,224.226,-350.171
"MtrElec",7,17,11,"",-84.1589,0,0,0,0,0,0,0,0,0,0,0,0,0,0,0,0,0,0,0,0,138.749,0,218.183,-441.09
"MtrElec",7,17,12,"",-377.756,0,0,0,0,0,0,0,0,0,0,0,0,0,0,0,0,0,0,0,0,125.694,0,0,-503.45
"MtrElec",7,17,13,"",-363.434,0,0,0,0,0,0,0,0,0,0,0,0,0,0,0,0,0,0,0,0,174.552,0,0,-537.986
"MtrElec",7,17,14,"",-412.062,0,0,0,0,0,0,0,0,0,0,0,0,0,0,0,0,0,0,0,0,123.688,0,0,-535.75
"MtrElec",7,17,15,"",-361.872,0,0,0,0,0,0,0,0,0,0,0,0,0,0,0,0,0,0,0,0,144.283,0,0,-506.155
"MtrElec",7,17,16,"",-283.664,0,0,0,0,0,0,0,0,0,0,0,0,0,0,0,0,0,0,0,0,158.385,0,0,-442.049
"MtrElec",7,17,17,"",-135.861,0,0,0,0,0,0,0,0,0,0,0,0,0,0,0,0,0,0,0,0,208.325,0,0,-344.185
"MtrElec",7,17,18,"",21.1549,0,0,0,0,0,0,0,0,0,0,0,0,0,0,0,0,0,0,0,0,239.384,0,0,-218.229
"MtrElec",7,17,19,"",-41.021,0,0,0,0,0,0,0,0,0,0,0,0,0,0,0,0,0,0,0,0,263.279,0,-224.226,-80.0735
"MtrElec",7,17,20,"",6.27533,0,0,0,0,0,0,0,0,0,0,0,0,0,0,0,0,0,0,0,0,242.256,0,-224.226,-11.7543
"MtrElec",7,17,21,"",196.099,0,0,0,0,0,0,0,0,0,0,0,0,0,0,0,0,0,0,0,0,254.622,0,-58.5231,0
"MtrElec",7,17,22,"",168.642,0,0,0,0,0,0,0,0,0,0,0,0,0,0,0,0,0,0,0,0,168.642,0,0,0
"MtrElec",7,17,23,"",162.226,0,0,0,0,0,0,0,0,0,0,0,0,0,0,0,0,0,0,0,0,162.226,0,0,0
"MtrElec",7,17,24,"",153.296,0,0,0,0,0,0,0,0,0,0,0,0,0,0,0,0,0,0,0,0,153.296,0,0,0
"MtrElec",7,18,1,"",107.766,0,0,0,0,0,0,0,0,0,0,0,0,0,0,0,0,0,0,0,0,107.766,0,0,0
"MtrElec",7,18,2,"",78.3407,0,0,0,0,0,0,0,0,0,0,0,0,0,0,0,0,0,0,0,0,78.3407,0,0,0
"MtrElec",7,18,3,"",78.3874,0,0,0,0,0,0,0,0,0,0,0,0,0,0,0,0,0,0,0,0,78.3874,0,0,0
"MtrElec",7,18,4,"",75.9119,0,0,0,0,0,0,0,0,0,0,0,0,0,0,0,0,0,0,0,0,75.9119,0,0,0
"MtrElec",7,18,5,"",70.8401,0,0,0,0,0,0,0,0,0,0,0,0,0,0,0,0,0,0,0,0,70.8401,0,0,0
"MtrElec",7,18,6,"",75.4114,0,0,0,0,0,0,0,0,0,0,0,0,0,0,0,0,0,0,0,0,75.4114,0,0,0
"MtrElec",7,18,7,"",64.778,0,0,0,0,0,0,0,0,0,0,0,0,0,0,0,0,0,0,0,0,83.419,0,0,-18.641
"MtrElec",7,18,8,"",26.4326,0,0,0,0,0,0,0,0,0,0,0,0,0,0,0,0,0,0,0,0,112.277,0,0,-85.8445
"MtrElec",7,18,9,"",0,0,0,0,0,0,0,0,0,0,0,0,0,0,0,0,0,0,0,0,0,140.581,0,79.9138,-220.494
"MtrElec",7,18,10,"",0,0,0,0,0,0,0,0,0,0,0,0,0,0,0,0,0,0,0,0,0,159.131,0,183.961,-343.091
"MtrElec",7,18,11,"",-11.7252,0,0,0,0,0,0,0,0,0,0,0,0,0,0,0,0,0,0,0,0,202.611,0,224.226,-438.563
"MtrElec",7,18,12,"",-200.031,0,0,0,0,0,0,0,0,0,0,0,0,0,0,0,0,0,0,0,0,225.055,0,73.6452,-498.73
"MtrElec",7,18,13,"",-290.869,0,0,0,0,0,0,0,0,0,0,0,0,0,0,0,0,0,0,0,0,236.457,0,0,-527.327
"MtrElec",7,18,14,"",-312.675,0,0,0,0,0,0,0,0,0,0,0,0,0,0,0,0,0,0,0,0,212.706,0,0,-525.382
"MtrElec",7,18,15,"",-251.599,0,0,0,0,0,0,0,0,0,0,0,0,0,0,0,0,0,0,0,0,240.357,0,0,-491.956
"MtrElec",7,18,16,"",-195.07,0,0,0,0,0,0,0,0,0,0,0,0,0,0,0,0,0,0,0,0,232.03,0,0,-427.1
"MtrElec",7,18,17,"",-90.6139,0,0,0,0,0,0,0,0,0,0,0,0,0,0,0,0,0,0,0,0,240.719,0,0,-331.333
"MtrElec",7,18,18,"",66.0331,0,0,0,0,0,0,0,0,0,0,0,0,0,0,0,0,0,0,0,0,274.143,0,0,-208.11
"MtrElec",7,18,19,"",31.3041,0,0,0,0,0,0,0,0,0,0,0,0,0,0,0,0,0,0,0,0,331.043,0,-224.226,-75.5121
"MtrElec",7,18,20,"",35.7583,0,0,0,0,0,0,0,0,0,0,0,0,0,0,0,0,0,0,0,0,270.625,0,-224.226,-10.6403
"MtrElec",7,18,21,"",145.568,0,0,0,0,0,0,0,0,0,0,0,0,0,0,0,0,0,0,0,0,204.091,0,-58.5231,0
"MtrElec",7,18,22,"",177.461,0,0,0,0,0,0,0,0,0,0,0,0,0,0,0,0,0,0,0,0,177.461,0,0,0
"MtrElec",7,18,23,"",161.647,0,0,0,0,0,0,0,0,0,0,0,0,0,0,0,0,0,0,0,0,161.647,0,0,0
"MtrElec",7,18,24,"",181.915,0,0,0,0,0,0,0,0,0,0,0,0,0,0,0,0,0,0,0,0,181.915,0,0,0
"MtrElec",7,19,1,"",115.45,0,0,0,0,0,0,0,0,0,0,0,0,0,0,0,0,0,0,0,0,115.45,0,0,0
"MtrElec",7,19,2,"",85.455,0,0,0,0,0,0,0,0,0,0,0,0,0,0,0,0,0,0,0,0,85.455,0,0,0
"MtrElec",7,19,3,"",78.2083,0,0,0,0,0,0,0,0,0,0,0,0,0,0,0,0,0,0,0,0,78.2083,0,0,0
"MtrElec",7,19,4,"",76.9107,0,0,0,0,0,0,0,0,0,0,0,0,0,0,0,0,0,0,0,0,76.9107,0,0,0
"MtrElec",7,19,5,"",80.8022,0,0,0,0,0,0,0,0,0,0,0,0,0,0,0,0,0,0,0,0,80.8022,0,0,0
"MtrElec",7,19,6,"",78.0397,0,0,0,0,0,0,0,0,0,0,0,0,0,0,0,0,0,0,0,0,78.0397,0,0,0
"MtrElec",7,19,7,"",69.6605,0,0,0,0,0,0,0,0,0,0,0,0,0,0,0,0,0,0,0,0,87.462,0,0,-17.8016
"MtrElec",7,19,8,"",34.6768,0,0,0,0,0,0,0,0,0,0,0,0,0,0,0,0,0,0,0,0,117.12,0,0,-82.4435
"MtrElec",7,19,9,"",0,0,0,0,0,0,0,0,0,0,0,0,0,0,0,0,0,0,0,0,0,140.075,0,73.2527,-213.328
"MtrElec",7,19,10,"",0.0000156,0,0,0,0,0,0,0,0,0,0,0,0,0,0,0,0,0,0,0,0,157.083,0,171.449,-328.532
"MtrElec",7,19,11,"",-9.32066,0,0,0,0,0,0,0,0,0,0,0,0,0,0,0,0,0,0,0,0,191.948,0,224.226,-425.495
"MtrElec",7,19,12,"",-147.814,0,0,0,0,0,0,0,0,0,0,0,0,0,0,0,0,0,0,0,0,249.601,0,92.8178,-490.233
"MtrElec",7,19,13,"",-305.362,0,0,0,0,0,0,0,0,0,0,0,0,0,0,0,0,0,0,0,0,214.975,0,0,-520.337
"MtrElec",7,19,14,"",-319.134,0,0,0,0,0,0,0,0,0,0,0,0,0,0,0,0,0,0,0,0,205.264,0,0,-524.398
"MtrElec",7,19,15,"",-236.173,0,0,0,0,0,0,0,0,0,0,0,0,0,0,0,0,0,0,0,0,260,0,0,-496.173
"MtrElec",7,19,16,"",-199.47,0,0,0,0,0,0,0,0,0,0,0,0,0,0,0,0,0,0,0,0,231.458,0,0,-430.928
"MtrElec",7,19,17,"",-102.473,0,0,0,0,0,0,0,0,0,0,0,0,0,0,0,0,0,0,0,0,231.417,0,0,-333.89
"MtrElec",7,19,18,"",61.7345,0,0,0,0,0,0,0,0,0,0,0,0,0,0,0,0,0,0,0,0,273.156,0,0,-211.422
"MtrElec",7,19,19,"",21.8243,0,0,0,0,0,0,0,0,0,0,0,0,0,0,0,0,0,0,0,0,322.571,0,-224.226,-76.52
"MtrElec",7,19,20,"",61.095,0,0,0,0,0,0,0,0,0,0,0,0,0,0,0,0,0,0,0,0,295.964,0,-224.226,-10.6421
"MtrElec",7,19,21,"",150.696,0,0,0,0,0,0,0,0,0,0,0,0,0,0,0,0,0,0,0,0,209.219,0,-58.5231,0
"MtrElec",7,19,22,"",192.964,0,0,0,0,0,0,0,0,0,0,0,0,0,0,0,0,0,0,0,0,192.964,0,0,0
"MtrElec",7,19,23,"",158.223,0,0,0,0,0,0,0,0,0,0,0,0,0,0,0,0,0,0,0,0,158.223,0,0,0
"MtrElec",7,19,24,"",159.303,0,0,0,0,0,0,0,0,0,0,0,0,0,0,0,0,0,0,0,0,159.303,0,0,0
"MtrElec",7,20,1,"",104.014,0,0,0,0,0,0,0,0,0,0,0,0,0,0,0,0,0,0,0,0,104.014,0,0,0
"MtrElec",7,20,2,"",81.8705,0,0,0,0,0,0,0,0,0,0,0,0,0,0,0,0,0,0,0,0,81.8705,0,0,0
"MtrElec",7,20,3,"",76.058,0,0,0,0,0,0,0,0,0,0,0,0,0,0,0,0,0,0,0,0,76.058,0,0,0
"MtrElec",7,20,4,"",80.7514,0,0,0,0,0,0,0,0,0,0,0,0,0,0,0,0,0,0,0,0,80.7514,0,0,0
"MtrElec",7,20,5,"",71.4014,0,0,0,0,0,0,0,0,0,0,0,0,0,0,0,0,0,0,0,0,71.4014,0,0,0
"MtrElec",7,20,6,"",78.0387,0,0,0,0,0,0,0,0,0,0,0,0,0,0,0,0,0,0,0,0,78.0387,0,0,0
"MtrElec",7,20,7,"",68.6258,0,0,0,0,0,0,0,0,0,0,0,0,0,0,0,0,0,0,0,0,86.7284,0,0,-18.1026
"MtrElec",7,20,8,"",36.344,0,0,0,0,0,0,0,0,0,0,0,0,0,0,0,0,0,0,0,0,122.088,0,0,-85.7444
"MtrElec",7,20,9,"",0,0,0,0,0,0,0,0,0,0,0,0,0,0,0,0,0,0,0,0,0,168.625,0,54.0382,-222.663
"MtrElec",7,20,10,"",0,0,0,0,0,0,0,0,0,0,0,0,0,0,0,0,0,0,0,0,0,155.7,0,185.766,-341.467
"MtrElec",7,20,11,"",-38.1188,0,0,0,0,0,0,0,0,0,0,0,0,0,0,0,0,0,0,0,0,174.908,0,224.226,-437.253
"MtrElec",7,20,12,"",-213.489,0,0,0,0,0,0,0,0,0,0,0,0,0,0,0,0,0,0,0,0,192.459,0,97.7152,-503.663
"MtrElec",7,20,13,"",-365.503,0,0,0,0,0,0,0,0,0,0,0,0,0,0,0,0,0,0,0,0,172.113,0,0,-537.615
"MtrElec",7,20,14,"",-385.326,0,0,0,0,0,0,0,0,0,0,0,0,0,0,0,0,0,0,0,0,151.385,0,0,-536.711
"MtrElec",7,20,15,"",-327.046,0,0,0,0,0,0,0,0,0,0,0,0,0,0,0,0,0,0,0,0,175.617,0,0,-502.663
"MtrElec",7,20,16,"",-235.766,0,0,0,0,0,0,0,0,0,0,0,0,0,0,0,0,0,0,0,0,201.86,0,0,-437.625
"MtrElec",7,20,17,"",-108.868,0,0,0,0,0,0,0,0,0,0,0,0,0,0,0,0,0,0,0,0,232.531,0,0,-341.399
"MtrElec",7,20,18,"",30.392,0,0,0,0,0,0,0,0,0,0,0,0,0,0,0,0,0,0,0,0,246.776,0,0,-216.384
"MtrElec",7,20,19,"",-32.5544,0,0,0,0,0,0,0,0,0,0,0,0,0,0,0,0,0,0,0,0,270.781,0,-224.226,-79.1085
"MtrElec",7,20,20,"",10.9882,0,0,0,0,0,0,0,0,0,0,0,0,0,0,0,0,0,0,0,0,246.502,0,-224.226,-11.2871
"MtrElec",7,20,21,"",164.766,0,0,0,0,0,0,0,0,0,0,0,0,0,0,0,0,0,0,0,0,223.289,0,-58.5231,0
"MtrElec",7,20,22,"",171.234,0,0,0,0,0,0,0,0,0,0,0,0,0,0,0,0,0,0,0,0,171.234,0,0,0
"MtrElec",7,20,23,"",154.375,0,0,0,0,0,0,0,0,0,0,0,0,0,0,0,0,0,0,0,0,154.375,0,0,0
"MtrElec",7,20,24,"",129.187,0,0,0,0,0,0,0,0,0,0,0,0,0,0,0,0,0,0,0,0,129.187,0,0,0
"MtrElec",7,21,1,"",87.4849,0,0,0,0,0,0,0,0,0,0,0,0,0,0,0,0,0,0,0,0,87.4849,0,0,0
"MtrElec",7,21,2,"",83.029,0,0,0,0,0,0,0,0,0,0,0,0,0,0,0,0,0,0,0,0,83.029,0,0,0
"MtrElec",7,21,3,"",78.6635,0,0,0,0,0,0,0,0,0,0,0,0,0,0,0,0,0,0,0,0,78.6635,0,0,0
"MtrElec",7,21,4,"",76.1129,0,0,0,0,0,0,0,0,0,0,0,0,0,0,0,0,0,0,0,0,76.1129,0,0,0
"MtrElec",7,21,5,"",75.0957,0,0,0,0,0,0,0,0,0,0,0,0,0,0,0,0,0,0,0,0,75.0957,0,0,0
"MtrElec",7,21,6,"",77.4255,0,0,0,0,0,0,0,0,0,0,0,0,0,0,0,0,0,0,0,0,77.4255,0,0,0
"MtrElec",7,21,7,"",65.9114,0,0,0,0,0,0,0,0,0,0,0,0,0,0,0,0,0,0,0,0,84.892,0,0,-18.9806
"MtrElec",7,21,8,"",11.9775,0,0,0,0,0,0,0,0,0,0,0,0,0,0,0,0,0,0,0,0,99.958,0,0,-87.9805
"MtrElec",7,21,9,"",0,0,0,0,0,0,0,0,0,0,0,0,0,0,0,0,0,0,0,0,0,104.565,0,124.136,-228.701
"MtrElec",7,21,10,"",-1.08523,0,0,0,0,0,0,0,0,0,0,0,0,0,0,0,0,0,0,0,0,124.204,0,224.226,-349.515
"MtrElec",7,21,11,"",-62.6239,0,0,0,0,0,0,0,0,0,0,0,0,0,0,0,0,0,0,0,0,173.869,0,213.384,-449.877
"MtrElec",7,21,12,"",-379.624,0,0,0,0,0,0,0,0,0,0,0,0,0,0,0,0,0,0,0,0,137.654,0,0,-517.277
"MtrElec",7,21,13,"",-394.184,0,0,0,0,0,0,0,0,0,0,0,0,0,0,0,0,0,0,0,0,148.987,0,0,-543.171
"MtrElec",7,21,14,"",-394.562,0,0,0,0,0,0,0,0,0,0,0,0,0,0,0,0,0,0,0,0,144.013,0,0,-538.574
"MtrElec",7,21,15,"",-358.504,0,0,0,0,0,0,0,0,0,0,0,0,0,0,0,0,0,0,0,0,149.461,0,0,-507.965
"MtrElec",7,21,16,"",-255.549,0,0,0,0,0,0,0,0,0,0,0,0,0,0,0,0,0,0,0,0,189.935,0,0,-445.484
"MtrElec",7,21,17,"",-97.838,0,0,0,0,0,0,0,0,0,0,0,0,0,0,0,0,0,0,0,0,249.135,0,0,-346.973
"MtrElec",7,21,18,"",20.1471,0,0,0,0,0,0,0,0,0,0,0,0,0,0,0,0,0,0,0,0,239.143,0,0,-218.996
"MtrElec",7,21,19,"",-39.443,0,0,0,0,0,0,0,0,0,0,0,0,0,0,0,0,0,0,0,0,264.747,0,-224.226,-79.9634
"MtrElec",7,21,20,"",7.28643,0,0,0,0,0,0,0,0,0,0,0,0,0,0,0,0,0,0,0,0,242.908,0,-224.226,-11.3946
"MtrElec",7,21,21,"",153.623,0,0,0,0,0,0,0,0,0,0,0,0,0,0,0,0,0,0,0,0,212.146,0,-58.5231,0
"MtrElec",7,21,22,"",164.902,0,0,0,0,0,0,0,0,0,0,0,0,0,0,0,0,0,0,0,0,164.902,0,0,0
"MtrElec",7,21,23,"",158.939,0,0,0,0,0,0,0,0,0,0,0,0,0,0,0,0,0,0,0,0,158.939,0,0,0
"MtrElec",7,21,24,"",128.894,0,0,0,0,0,0,0,0,0,0,0,0,0,0,0,0,0,0,0,0,128.894,0,0,0
"MtrElec",7,22,1,"",91.0478,0,0,0,0,0,0,0,0,0,0,0,0,0,0,0,0,0,0,0,0,91.0478,0,0,0
"MtrElec",7,22,2,"",75.3233,0,0,0,0,0,0,0,0,0,0,0,0,0,0,0,0,0,0,0,0,75.3233,0,0,0
"MtrElec",7,22,3,"",74.9664,0,0,0,0,0,0,0,0,0,0,0,0,0,0,0,0,0,0,0,0,74.9664,0,0,0
"MtrElec",7,22,4,"",75.3653,0,0,0,0,0,0,0,0,0,0,0,0,0,0,0,0,0,0,0,0,75.3653,0,0,0
"MtrElec",7,22,5,"",74.7218,0,0,0,0,0,0,0,0,0,0,0,0,0,0,0,0,0,0,0,0,74.7218,0,0,0
"MtrElec",7,22,6,"",78.123,0,0,0,0,0,0,0,0,0,0,0,0,0,0,0,0,0,0,0,0,78.123,0,0,0
"MtrElec",7,22,7,"",74.4447,0,0,0,0,0,0,0,0,0,0,0,0,0,0,0,0,0,0,0,0,92.6945,0,0,-18.2498
"MtrElec",7,22,8,"",46.1916,0,0,0,0,0,0,0,0,0,0,0,0,0,0,0,0,0,0,0,0,111.681,0,0,-65.4891
"MtrElec",7,22,9,"",0.0000005,0,0,0,0,0,0,0,0,0,0,0,0,0,0,0,0,0,0,0,0,121.951,0,7.65934,-129.611
"MtrElec",7,22,10,"",0,0,0,0,0,0,0,0,0,0,0,0,0,0,0,0,0,0,0,0,0,146.211,0,145.53,-291.741
"MtrElec",7,22,11,"",-48.6587,0,0,0,0,0,0,0,0,0,0,0,0,0,0,0,0,0,0,0,0,174.481,0,224.226,-447.366
"MtrElec",7,22,12,"",-182.449,0,0,0,0,0,0,0,0,0,0,0,0,0,0,0,0,0,0,0,0,146.578,0,184.331,-513.358
"MtrElec",7,22,13,"",-308.855,0,0,0,0,0,0,0,0,0,0,0,0,0,0,0,0,0,0,0,0,232.738,0,0,-541.593
"MtrElec",7,22,14,"",-411.913,0,0,0,0,0,0,0,0,0,0,0,0,0,0,0,0,0,0,0,0,124.692,0,0,-536.606
"MtrElec",7,22,15,"",-359.026,0,0,0,0,0,0,0,0,0,0,0,0,0,0,0,0,0,0,0,0,143.805,0,0,-502.831
"MtrElec",7,22,16,"",-272.625,0,0,0,0,0,0,0,0,0,0,0,0,0,0,0,0,0,0,0,0,165.471,0,0,-438.097
"MtrElec",7,22,17,"",-117.245,0,0,0,0,0,0,0,0,0,0,0,0,0,0,0,0,0,0,0,0,222.055,0,0,-339.299
"MtrElec",7,22,18,"",31.964,0,0,0,0,0,0,0,0,0,0,0,0,0,0,0,0,0,0,0,0,244.088,0,0,-212.124
"MtrElec",7,22,19,"",-38.7326,0,0,0,0,0,0,0,0,0,0,0,0,0,0,0,0,0,0,0,0,262.06,0,-224.226,-76.566
"MtrElec",7,22,20,"",8.59954,0,0,0,0,0,0,0,0,0,0,0,0,0,0,0,0,0,0,0,0,243.738,0,-224.226,-10.912
"MtrElec",7,22,21,"",129.819,0,0,0,0,0,0,0,0,0,0,0,0,0,0,0,0,0,0,0,0,188.342,0,-58.5231,0
"MtrElec",7,22,22,"",170.506,0,0,0,0,0,0,0,0,0,0,0,0,0,0,0,0,0,0,0,0,170.506,0,0,0
"MtrElec",7,22,23,"",147.986,0,0,0,0,0,0,0,0,0,0,0,0,0,0,0,0,0,0,0,0,147.986,0,0,0
"MtrElec",7,22,24,"",143.472,0,0,0,0,0,0,0,0,0,0,0,0,0,0,0,0,0,0,0,0,143.472,0,0,0
"MtrElec",7,23,1,"",92.6386,0,0,0,0,0,0,0,0,0,0,0,0,0,0,0,0,0,0,0,0,92.6386,0,0,0
"MtrElec",7,23,2,"",76.624,0,0,0,0,0,0,0,0,0,0,0,0,0,0,0,0,0,0,0,0,76.624,0,0,0
"MtrElec",7,23,3,"",72.4827,0,0,0,0,0,0,0,0,0,0,0,0,0,0,0,0,0,0,0,0,72.4827,0,0,0
"MtrElec",7,23,4,"",71.4215,0,0,0,0,0,0,0,0,0,0,0,0,0,0,0,0,0,0,0,0,71.4215,0,0,0
"MtrElec",7,23,5,"",70.5368,0,0,0,0,0,0,0,0,0,0,0,0,0,0,0,0,0,0,0,0,70.5368,0,0,0
"MtrElec",7,23,6,"",79.1265,0,0,0,0,0,0,0,0,0,0,0,0,0,0,0,0,0,0,0,0,79.1265,0,0,0
"MtrElec",7,23,7,"",80.6396,0,0,0,0,0,0,0,0,0,0,0,0,0,0,0,0,0,0,0,0,98.3143,0,0,-17.6747
"MtrElec",7,23,8,"",26.02,0,0,0,0,0,0,0,0,0,0,0,0,0,0,0,0,0,0,0,0,110.807,0,0,-84.7868
"MtrElec",7,23,9,"",0,0,0,0,0,0,0,0,0,0,0,0,0,0,0,0,0,0,0,0,0,136.4,0,87.1855,-223.586
"MtrElec",7,23,10,"",0,0,0,0,0,0,0,0,0,0,0,0,0,0,0,0,0,0,0,0,0,147.558,0,197.681,-345.239
"MtrElec",7,23,11,"",-31.1868,0,0,0,0,0,0,0,0,0,0,0,0,0,0,0,0,0,0,0,0,179.066,0,224.226,-434.479
"MtrElec",7,23,12,"",-307.341,0,0,0,0,0,0,0,0,0,0,0,0,0,0,0,0,0,0,0,0,142.909,0,52.6536,-502.904
"MtrElec",7,23,13,"",-395.037,0,0,0,0,0,0,0,0,0,0,0,0,0,0,0,0,0,0,0,0,143.28,0,0,-538.317
"MtrElec",7,23,14,"",-399.696,0,0,0,0,0,0,0,0,0,0,0,0,0,0,0,0,0,0,0,0,136.067,0,0,-535.763
"MtrElec",7,23,15,"",-343.265,0,0,0,0,0,0,0,0,0,0,0,0,0,0,0,0,0,0,0,0,158.915,0,0,-502.18
"MtrElec",7,23,16,"",-258.102,0,0,0,0,0,0,0,0,0,0,0,0,0,0,0,0,0,0,0,0,175.676,0,0,-433.778
"MtrElec",7,23,17,"",-129.394,0,0,0,0,0,0,0,0,0,0,0,0,0,0,0,0,0,0,0,0,206.853,0,0,-336.248
"MtrElec",7,23,18,"",41.3641,0,0,0,0,0,0,0,0,0,0,0,0,0,0,0,0,0,0,0,0,251.212,0,0,-209.848
"MtrElec",7,23,19,"",-40.0769,0,0,0,0,0,0,0,0,0,0,0,0,0,0,0,0,0,0,0,0,258.89,0,-224.226,-74.7403
"MtrElec",7,23,20,"",0.444613,0,0,0,0,0,0,0,0,0,0,0,0,0,0,0,0,0,0,0,0,235.063,0,-224.226,-10.3922
"MtrElec",7,23,21,"",171.937,0,0,0,0,0,0,0,0,0,0,0,0,0,0,0,0,0,0,0,0,230.46,0,-58.5231,0
"MtrElec",7,23,22,"",161.003,0,0,0,0,0,0,0,0,0,0,0,0,0,0,0,0,0,0,0,0,161.003,0,0,0
"MtrElec",7,23,23,"",145.432,0,0,0,0,0,0,0,0,0,0,0,0,0,0,0,0,0,0,0,0,145.432,0,0,0
"MtrElec",7,23,24,"",120.239,0,0,0,0,0,0,0,0,0,0,0,0,0,0,0,0,0,0,0,0,120.239,0,0,0
"MtrElec",7,24,1,"",100.423,0,0,0,0,0,0,0,0,0,0,0,0,0,0,0,0,0,0,0,0,100.423,0,0,0
"MtrElec",7,24,2,"",79.5244,0,0,0,0,0,0,0,0,0,0,0,0,0,0,0,0,0,0,0,0,79.5244,0,0,0
"MtrElec",7,24,3,"",74.2345,0,0,0,0,0,0,0,0,0,0,0,0,0,0,0,0,0,0,0,0,74.2345,0,0,0
"MtrElec",7,24,4,"",72.3118,0,0,0,0,0,0,0,0,0,0,0,0,0,0,0,0,0,0,0,0,72.3118,0,0,0
"MtrElec",7,24,5,"",70.8718,0,0,0,0,0,0,0,0,0,0,0,0,0,0,0,0,0,0,0,0,70.8718,0,0,0
"MtrElec",7,24,6,"",79.4544,0,0,0,0,0,0,0,0,0,0,0,0,0,0,0,0,0,0,0,0,79.4544,0,0,0
"MtrElec",7,24,7,"",82.13,0,0,0,0,0,0,0,0,0,0,0,0,0,0,0,0,0,0,0,0,97.5125,0,0,-15.3825
"MtrElec",7,24,8,"",23.869,0,0,0,0,0,0,0,0,0,0,0,0,0,0,0,0,0,0,0,0,104.691,0,0,-80.8222
"MtrElec",7,24,9,"",0,0,0,0,0,0,0,0,0,0,0,0,0,0,0,0,0,0,0,0,0,130.971,0,80.2494,-211.22
"MtrElec",7,24,10,"",0,0,0,0,0,0,0,0,0,0,0,0,0,0,0,0,0,0,0,0,0,151.128,0,177.508,-328.637
"MtrElec",7,24,11,"",-27.4406,0,0,0,0,0,0,0,0,0,0,0,0,0,0,0,0,0,0,0,0,167.177,0,224.226,-418.845
"MtrElec",7,24,12,"",-244.386,0,0,0,0,0,0,0,0,0,0,0,0,0,0,0,0,0,0,0,0,152.982,0,79.7624,-477.13
"MtrElec",7,24,13,"",-305.673,0,0,0,0,0,0,0,0,0,0,0,0,0,0,0,0,0,0,0,0,200.452,0,0,-506.124
"MtrElec",7,24,14,"",-333.961,0,0,0,0,0,0,0,0,0,0,0,0,0,0,0,0,0,0,0,0,169.22,0,0,-503.181
"MtrElec",7,24,15,"",-296.025,0,0,0,0,0,0,0,0,0,0,0,0,0,0,0,0,0,0,0,0,172.511,0,0,-468.536
"MtrElec",7,24,16,"",-211.937,0,0,0,0,0,0,0,0,0,0,0,0,0,0,0,0,0,0,0,0,194.761,0,0,-406.698
"MtrElec",7,24,17,"",-78.2474,0,0,0,0,0,0,0,0,0,0,0,0,0,0,0,0,0,0,0,0,234.427,0,0,-312.674
"MtrElec",7,24,18,"",60.735,0,0,0,0,0,0,0,0,0,0,0,0,0,0,0,0,0,0,0,0,254.377,0,0,-193.642
"MtrElec",7,24,19,"",-21.9226,0,0,0,0,0,0,0,0,0,0,0,0,0,0,0,0,0,0,0,0,273.865,0,-224.226,-71.561
"MtrElec",7,24,20,"",32.7791,0,0,0,0,0,0,0,0,0,0,0,0,0,0,0,0,0,0,0,0,267.542,0,-224.226,-10.5368
"MtrElec",7,24,21,"",218.401,0,0,0,0,0,0,0,0,0,0,0,0,0,0,0,0,0,0,0,0,276.924,0,-58.5231,0
"MtrElec",7,24,22,"",183.833,0,0,0,0,0,0,0,0,0,0,0,0,0,0,0,0,0,0,0,0,183.833,0,0,0
"MtrElec",7,24,23,"",179.817,0,0,0,0,0,0,0,0,0,0,0,0,0,0,0,0,0,0,0,0,179.817,0,0,0
"MtrElec",7,24,24,"",149.055,0,0,0,0,0,0,0,0,0,0,0,0,0,0,0,0,0,0,0,0,149.055,0,0,0
"MtrElec",7,25,1,"",116.749,0,0,0,0,0,0,0,0,0,0,0,0,0,0,0,0,0,0,0,0,116.749,0,0,0
"MtrElec",7,25,2,"",88.357,0,0,0,0,0,0,0,0,0,0,0,0,0,0,0,0,0,0,0,0,88.357,0,0,0
"MtrElec",7,25,3,"",89.4363,0,0,0,0,0,0,0,0,0,0,0,0,0,0,0,0,0,0,0,0,89.4363,0,0,0
"MtrElec",7,25,4,"",85.2301,0,0,0,0,0,0,0,0,0,0,0,0,0,0,0,0,0,0,0,0,85.2301,0,0,0
"MtrElec",7,25,5,"",84.2986,0,0,0,0,0,0,0,0,0,0,0,0,0,0,0,0,0,0,0,0,84.2986,0,0,0
"MtrElec",7,25,6,"",83.0965,0,0,0,0,0,0,0,0,0,0,0,0,0,0,0,0,0,0,0,0,83.0965,0,0,0
"MtrElec",7,25,7,"",82.1041,0,0,0,0,0,0,0,0,0,0,0,0,0,0,0,0,0,0,0,0,98.1959,0,0,-16.0918
"MtrElec",7,25,8,"",46.6689,0,0,0,0,0,0,0,0,0,0,0,0,0,0,0,0,0,0,0,0,127.074,0,0,-80.405
"MtrElec",7,25,9,"",0,0,0,0,0,0,0,0,0,0,0,0,0,0,0,0,0,0,0,0,0,133.691,0,66.5516,-200.243
"MtrElec",7,25,10,"",0,0,0,0,0,0,0,0,0,0,0,0,0,0,0,0,0,0,0,0,0,154.671,0,155.787,-310.458
"MtrElec",7,25,11,"",0,0,0,0,0,0,0,0,0,0,0,0,0,0,0,0,0,0,0,0,0,232.917,0,162.443,-395.36
"MtrElec",7,25,12,"",-31.6905,0,0,0,0,0,0,0,0,0,0,0,0,0,0,0,0,0,0,0,0,260.671,0,176.965,-469.327
"MtrElec",7,25,13,"",-270.886,0,0,0,0,0,0,0,0,0,0,0,0,0,0,0,0,0,0,0,0,230.82,0,0,-501.706
"MtrElec",7,25,14,"",-278.629,0,0,0,0,0,0,0,0,0,0,0,0,0,0,0,0,0,0,0,0,225.958,0,0,-504.587
"MtrElec",7,25,15,"",-244.683,0,0,0,0,0,0,0,0,0,0,0,0,0,0,0,0,0,0,0,0,229.886,0,0,-474.569
"MtrElec",7,25,16,"",-200.763,0,0,0,0,0,0,0,0,0,0,0,0,0,0,0,0,0,0,0,0,208.325,0,0,-409.088
"MtrElec",7,25,17,"",-96.573,0,0,0,0,0,0,0,0,0,0,0,0,0,0,0,0,0,0,0,0,218.777,0,0,-315.35
"MtrElec",7,25,18,"",61.8665,0,0,0,0,0,0,0,0,0,0,0,0,0,0,0,0,0,0,0,0,256.397,0,0,-194.53
"MtrElec",7,25,19,"",3.73151,0,0,0,0,0,0,0,0,0,0,0,0,0,0,0,0,0,0,0,0,288.593,0,-224.226,-60.635
"MtrElec",7,25,20,"",35.3495,0,0,0,0,0,0,0,0,0,0,0,0,0,0,0,0,0,0,0,0,268.824,0,-224.226,-9.24772
"MtrElec",7,25,21,"",156.877,0,0,0,0,0,0,0,0,0,0,0,0,0,0,0,0,0,0,0,0,215.4,0,-58.5231,0
"MtrElec",7,25,22,"",206.829,0,0,0,0,0,0,0,0,0,0,0,0,0,0,0,0,0,0,0,0,206.829,0,0,0
"MtrElec",7,25,23,"",156.612,0,0,0,0,0,0,0,0,0,0,0,0,0,0,0,0,0,0,0,0,156.612,0,0,0
"MtrElec",7,25,24,"",144.8,0,0,0,0,0,0,0,0,0,0,0,0,0,0,0,0,0,0,0,0,144.8,0,0,0
"MtrElec",7,26,1,"",119.311,0,0,0,0,0,0,0,0,0,0,0,0,0,0,0,0,0,0,0,0,119.311,0,0,0
"MtrElec",7,26,2,"",90.8632,0,0,0,0,0,0,0,0,0,0,0,0,0,0,0,0,0,0,0,0,90.8632,0,0,0
"MtrElec",7,26,3,"",87.1822,0,0,0,0,0,0,0,0,0,0,0,0,0,0,0,0,0,0,0,0,87.1822,0,0,0
"MtrElec",7,26,4,"",82.0586,0,0,0,0,0,0,0,0,0,0,0,0,0,0,0,0,0,0,0,0,82.0586,0,0,0
"MtrElec",7,26,5,"",75.3465,0,0,0,0,0,0,0,0,0,0,0,0,0,0,0,0,0,0,0,0,75.3465,0,0,0
"MtrElec",7,26,6,"",79.7786,0,0,0,0,0,0,0,0,0,0,0,0,0,0,0,0,0,0,0,0,79.7786,0,0,0
"MtrElec",7,26,7,"",76.3531,0,0,0,0,0,0,0,0,0,0,0,0,0,0,0,0,0,0,0,0,90.9639,0,0,-14.6107
"MtrElec",7,26,8,"",41.6416,0,0,0,0,0,0,0,0,0,0,0,0,0,0,0,0,0,0,0,0,119.845,0,0,-78.2036
"MtrElec",7,26,9,"",0.0000039,0,0,0,0,0,0,0,0,0,0,0,0,0,0,0,0,0,0,0,0,142.984,0,61.8267,-204.811
"MtrElec",7,26,10,"",0,0,0,0,0,0,0,0,0,0,0,0,0,0,0,0,0,0,0,0,0,156.205,0,166.968,-323.172
"MtrElec",7,26,11,"",-4.29481,0,0,0,0,0,0,0,0,0,0,0,0,0,0,0,0,0,0,0,0,186.164,0,224.226,-414.686
"MtrElec",7,26,12,"",-170.504,0,0,0,0,0,0,0,0,0,0,0,0,0,0,0,0,0,0,0,0,196.704,0,108.725,-475.934
"MtrElec",7,26,13,"",-273.459,0,0,0,0,0,0,0,0,0,0,0,0,0,0,0,0,0,0,0,0,236.797,0,0,-510.256
"MtrElec",7,26,14,"",-316.459,0,0,0,0,0,0,0,0,0,0,0,0,0,0,0,0,0,0,0,0,196.771,0,0,-513.231
"MtrElec",7,26,15,"",-272.025,0,0,0,0,0,0,0,0,0,0,0,0,0,0,0,0,0,0,0,0,211.515,0,0,-483.54
"MtrElec",7,26,16,"",-209.624,0,0,0,0,0,0,0,0,0,0,0,0,0,0,0,0,0,0,0,0,210.593,0,0,-420.217
"MtrElec",7,26,17,"",-112.688,0,0,0,0,0,0,0,0,0,0,0,0,0,0,0,0,0,0,0,0,211.729,0,0,-324.417
"MtrElec",7,26,18,"",38.9599,0,0,0,0,0,0,0,0,0,0,0,0,0,0,0,0,0,0,0,0,240.041,0,0,-201.081
"MtrElec",7,26,19,"",-8.26685,0,0,0,0,0,0,0,0,0,0,0,0,0,0,0,0,0,0,0,0,286.603,0,-224.226,-70.6437
"MtrElec",7,26,20,"",8.33432,0,0,0,0,0,0,0,0,0,0,0,0,0,0,0,0,0,0,0,0,242,0,-224.226,-9.43909
"MtrElec",7,26,21,"",143.7,0,0,0,0,0,0,0,0,0,0,0,0,0,0,0,0,0,0,0,0,202.224,0,-58.5231,0
"MtrElec",7,26,22,"",182.567,0,0,0,0,0,0,0,0,0,0,0,0,0,0,0,0,0,0,0,0,182.567,0,0,0
"MtrElec",7,26,23,"",113.874,0,0,0,0,0,0,0,0,0,0,0,0,0,0,0,0,0,0,0,0,113.874,0,0,0
"MtrElec",7,26,24,"",116.14,0,0,0,0,0,0,0,0,0,0,0,0,0,0,0,0,0,0,0,0,116.14,0,0,0
"MtrElec",7,27,1,"",92.3977,0,0,0,0,0,0,0,0,0,0,0,0,0,0,0,0,0,0,0,0,92.3977,0,0,0
"MtrElec",7,27,2,"",77.0748,0,0,0,0,0,0,0,0,0,0,0,0,0,0,0,0,0,0,0,0,77.0748,0,0,0
"MtrElec",7,27,3,"",75.8734,0,0,0,0,0,0,0,0,0,0,0,0,0,0,0,0,0,0,0,0,75.8734,0,0,0
"MtrElec",7,27,4,"",76.2084,0,0,0,0,0,0,0,0,0,0,0,0,0,0,0,0,0,0,0,0,76.2084,0,0,0
"MtrElec",7,27,5,"",75.4936,0,0,0,0,0,0,0,0,0,0,0,0,0,0,0,0,0,0,0,0,75.4936,0,0,0
"MtrElec",7,27,6,"",80.1065,0,0,0,0,0,0,0,0,0,0,0,0,0,0,0,0,0,0,0,0,80.1065,0,0,0
"MtrElec",7,27,7,"",83.4029,0,0,0,0,0,0,0,0,0,0,0,0,0,0,0,0,0,0,0,0,98.2345,0,0,-14.8315
"MtrElec",7,27,8,"",40.6279,0,0,0,0,0,0,0,0,0,0,0,0,0,0,0,0,0,0,0,0,106.218,0,0,-65.5904
"MtrElec",7,27,9,"",0.0000005,0,0,0,0,0,0,0,0,0,0,0,0,0,0,0,0,0,0,0,0,126.797,0,7.1484,-133.945
"MtrElec",7,27,10,"",0.0000078,0,0,0,0,0,0,0,0,0,0,0,0,0,0,0,0,0,0,0,0,152.555,0,101.17,-253.725
"MtrElec",7,27,11,"",-23.3206,0,0,0,0,0,0,0,0,0,0,0,0,0,0,0,0,0,0,0,0,180.145,0,224.226,-427.692
"MtrElec",7,27,12,"",-118.447,0,0,0,0,0,0,0,0,0,0,0,0,0,0,0,0,0,0,0,0,151.865,0,224.226,-494.539
"MtrElec",7,27,13,"",-348.395,0,0,0,0,0,0,0,0,0,0,0,0,0,0,0,0,0,0,0,0,169.404,0,4.97539,-522.774
"MtrElec",7,27,14,"",-380.771,0,0,0,0,0,0,0,0,0,0,0,0,0,0,0,0,0,0,0,0,143.4,0,0,-524.171
"MtrElec",7,27,15,"",-362.106,0,0,0,0,0,0,0,0,0,0,0,0,0,0,0,0,0,0,0,0,131.362,0,0,-493.468
"MtrElec",7,27,16,"",-268.887,0,0,0,0,0,0,0,0,0,0,0,0,0,0,0,0,0,0,0,0,157.593,0,0,-426.48
"MtrElec",7,27,17,"",-124.961,0,0,0,0,0,0,0,0,0,0,0,0,0,0,0,0,0,0,0,0,202.087,0,0,-327.048
"MtrElec",7,27,18,"",15.6415,0,0,0,0,0,0,0,0,0,0,0,0,0,0,0,0,0,0,0,0,218.469,0,0,-202.827
"MtrElec",7,27,19,"",-69.5138,0,0,0,0,0,0,0,0,0,0,0,0,0,0,0,0,0,0,0,0,228.112,0,-224.226,-73.3998
"MtrElec",7,27,20,"",-4.65243,0,0,0,0,0,0,0,0,0,0,0,0,0,0,0,0,0,0,0,0,230.452,0,-224.226,-10.8778
"MtrElec",7,27,21,"",175.872,0,0,0,0,0,0,0,0,0,0,0,0,0,0,0,0,0,0,0,0,234.395,0,-58.5231,0
"MtrElec",7,27,22,"",140.062,0,0,0,0,0,0,0,0,0,0,0,0,0,0,0,0,0,0,0,0,140.062,0,0,0
"MtrElec",7,27,23,"",138.599,0,0,0,0,0,0,0,0,0,0,0,0,0,0,0,0,0,0,0,0,138.599,0,0,0
"MtrElec",7,27,24,"",135.609,0,0,0,0,0,0,0,0,0,0,0,0,0,0,0,0,0,0,0,0,135.609,0,0,0
"MtrElec",7,28,1,"",98.0748,0,0,0,0,0,0,0,0,0,0,0,0,0,0,0,0,0,0,0,0,98.0748,0,0,0
"MtrElec",7,28,2,"",77.2027,0,0,0,0,0,0,0,0,0,0,0,0,0,0,0,0,0,0,0,0,77.2027,0,0,0
"MtrElec",7,28,3,"",72.885,0,0,0,0,0,0,0,0,0,0,0,0,0,0,0,0,0,0,0,0,72.885,0,0,0
"MtrElec",7,28,4,"",71.6959,0,0,0,0,0,0,0,0,0,0,0,0,0,0,0,0,0,0,0,0,71.6959,0,0,0
"MtrElec",7,28,5,"",70.6739,0,0,0,0,0,0,0,0,0,0,0,0,0,0,0,0,0,0,0,0,70.6739,0,0,0
"MtrElec",7,28,6,"",77.4945,0,0,0,0,0,0,0,0,0,0,0,0,0,0,0,0,0,0,0,0,77.4945,0,0,0
"MtrElec",7,28,7,"",69.0157,0,0,0,0,0,0,0,0,0,0,0,0,0,0,0,0,0,0,0,0,84.3696,0,0,-15.3539
"MtrElec",7,28,8,"",13.9818,0,0,0,0,0,0,0,0,0,0,0,0,0,0,0,0,0,0,0,0,95.3171,0,0,-81.3353
"MtrElec",7,28,9,"",0,0,0,0,0,0,0,0,0,0,0,0,0,0,0,0,0,0,0,0,0,125.932,0,84.3343,-210.266
"MtrElec",7,28,10,"",0,0,0,0,0,0,0,0,0,0,0,0,0,0,0,0,0,0,0,0,0,147.182,0,180.523,-327.705
"MtrElec",7,28,11,"",-46.3191,0,0,0,0,0,0,0,0,0,0,0,0,0,0,0,0,0,0,0,0,151.778,0,224.226,-422.324
"MtrElec",7,28,12,"",-280.224,0,0,0,0,0,0,0,0,0,0,0,0,0,0,0,0,0,0,0,0,134.608,0,72.6624,-487.494
"MtrElec",7,28,13,"",-304.863,0,0,0,0,0,0,0,0,0,0,0,0,0,0,0,0,0,0,0,0,209.494,0,0,-514.357
"MtrElec",7,28,14,"",-387.58,0,0,0,0,0,0,0,0,0,0,0,0,0,0,0,0,0,0,0,0,126.924,0,0,-514.504
"MtrElec",7,28,15,"",-341.218,0,0,0,0,0,0,0,0,0,0,0,0,0,0,0,0,0,0,0,0,139.401,0,0,-480.619
"MtrElec",7,28,16,"",-253.347,0,0,0,0,0,0,0,0,0,0,0,0,0,0,0,0,0,0,0,0,162.086,0,0,-415.433
"MtrElec",7,28,17,"",-120.575,0,0,0,0,0,0,0,0,0,0,0,0,0,0,0,0,0,0,0,0,199.746,0,0,-320.321
"MtrElec",7,28,18,"",38.0677,0,0,0,0,0,0,0,0,0,0,0,0,0,0,0,0,0,0,0,0,235.153,0,0,-197.086
"MtrElec",7,28,19,"",-49.258,0,0,0,0,0,0,0,0,0,0,0,0,0,0,0,0,0,0,0,0,246.043,0,-224.226,-71.0742
"MtrElec",7,28,20,"",10.4845,0,0,0,0,0,0,0,0,0,0,0,0,0,0,0,0,0,0,0,0,245.01,0,-224.226,-10.2994
"MtrElec",7,28,21,"",194.608,0,0,0,0,0,0,0,0,0,0,0,0,0,0,0,0,0,0,0,0,253.131,0,-58.5231,0
"MtrElec",7,28,22,"",156.157,0,0,0,0,0,0,0,0,0,0,0,0,0,0,0,0,0,0,0,0,156.157,0,0,0
"MtrElec",7,28,23,"",130.586,0,0,0,0,0,0,0,0,0,0,0,0,0,0,0,0,0,0,0,0,130.586,0,0,0
"MtrElec",7,28,24,"",115.729,0,0,0,0,0,0,0,0,0,0,0,0,0,0,0,0,0,0,0,0,115.729,0,0,0
"MtrElec",7,29,1,"",108.503,0,0,0,0,0,0,0,0,0,0,0,0,0,0,0,0,0,0,0,0,108.503,0,0,0
"MtrElec",7,29,2,"",80.1269,0,0,0,0,0,0,0,0,0,0,0,0,0,0,0,0,0,0,0,0,80.1269,0,0,0
"MtrElec",7,29,3,"",75.5581,0,0,0,0,0,0,0,0,0,0,0,0,0,0,0,0,0,0,0,0,75.5581,0,0,0
"MtrElec",7,29,4,"",80.2873,0,0,0,0,0,0,0,0,0,0,0,0,0,0,0,0,0,0,0,0,80.2873,0,0,0
"MtrElec",7,29,5,"",71.5915,0,0,0,0,0,0,0,0,0,0,0,0,0,0,0,0,0,0,0,0,71.5915,0,0,0
"MtrElec",7,29,6,"",78.9231,0,0,0,0,0,0,0,0,0,0,0,0,0,0,0,0,0,0,0,0,78.9231,0,0,0
"MtrElec",7,29,7,"",71.2809,0,0,0,0,0,0,0,0,0,0,0,0,0,0,0,0,0,0,0,0,86.5384,0,0,-15.2574
"MtrElec",7,29,8,"",50.127,0,0,0,0,0,0,0,0,0,0,0,0,0,0,0,0,0,0,0,0,121.8,0,0,-71.6735
"MtrElec",7,29,9,"",12.7707,0,0,0,0,0,0,0,0,0,0,0,0,0,0,0,0,0,0,0,0,144.168,0,0,-131.397
"MtrElec",7,29,10,"",0,0,0,0,0,0,0,0,0,0,0,0,0,0,0,0,0,0,0,0,0,133.429,0,172.656,-306.085
"MtrElec",7,29,11,"",-50.854,0,0,0,0,0,0,0,0,0,0,0,0,0,0,0,0,0,0,0,0,136.443,0,224.226,-411.523
"MtrElec",7,29,12,"",-175.505,0,0,0,0,0,0,0,0,0,0,0,0,0,0,0,0,0,0,0,0,138.75,0,164.864,-479.119
"MtrElec",7,29,13,"",-379.074,0,0,0,0,0,0,0,0,0,0,0,0,0,0,0,0,0,0,0,0,131.632,0,0,-510.706
"MtrElec",7,29,14,"",-383.722,0,0,0,0,0,0,0,0,0,0,0,0,0,0,0,0,0,0,0,0,126.392,0,0,-510.114
"MtrElec",7,29,15,"",-341.154,0,0,0,0,0,0,0,0,0,0,0,0,0,0,0,0,0,0,0,0,136.595,0,0,-477.748
"MtrElec",7,29,16,"",-240.595,0,0,0,0,0,0,0,0,0,0,0,0,0,0,0,0,0,0,0,0,171.18,0,0,-411.775
"MtrElec",7,29,17,"",-111.59,0,0,0,0,0,0,0,0,0,0,0,0,0,0,0,0,0,0,0,0,202.876,0,0,-314.465
"MtrElec",7,29,18,"",45.3928,0,0,0,0,0,0,0,0,0,0,0,0,0,0,0,0,0,0,0,0,238.367,0,0,-192.974
"MtrElec",7,29,19,"",-61.5091,0,0,0,0,0,0,0,0,0,0,0,0,0,0,0,0,0,0,0,0,233.461,0,-224.226,-70.7436
"MtrElec",7,29,20,"",-0.353725,0,0,0,0,0,0,0,0,0,0,0,0,0,0,0,0,0,0,0,0,234.15,0,-224.226,-10.2768
"MtrElec",7,29,21,"",182.001,0,0,0,0,0,0,0,0,0,0,0,0,0,0,0,0,0,0,0,0,240.524,0,-58.5231,0
"MtrElec",7,29,22,"",146.42,0,0,0,0,0,0,0,0,0,0,0,0,0,0,0,0,0,0,0,0,146.42,0,0,0
"MtrElec",7,29,23,"",133.481,0,0,0,0,0,0,0,0,0,0,0,0,0,0,0,0,0,0,0,0,133.481,0,0,0
"MtrElec",7,29,24,"",126.823,0,0,0,0,0,0,0,0,0,0,0,0,0,0,0,0,0,0,0,0,126.823,0,0,0
"MtrElec",7,30,1,"",85.3158,0,0,0,0,0,0,0,0,0,0,0,0,0,0,0,0,0,0,0,0,85.3158,0,0,0
"MtrElec",7,30,2,"",82.8976,0,0,0,0,0,0,0,0,0,0,0,0,0,0,0,0,0,0,0,0,82.8976,0,0,0
"MtrElec",7,30,3,"",83.3866,0,0,0,0,0,0,0,0,0,0,0,0,0,0,0,0,0,0,0,0,83.3866,0,0,0
"MtrElec",7,30,4,"",81.4638,0,0,0,0,0,0,0,0,0,0,0,0,0,0,0,0,0,0,0,0,81.4638,0,0,0
"MtrElec",7,30,5,"",80.4576,0,0,0,0,0,0,0,0,0,0,0,0,0,0,0,0,0,0,0,0,80.4576,0,0,0
"MtrElec",7,30,6,"",79.8355,0,0,0,0,0,0,0,0,0,0,0,0,0,0,0,0,0,0,0,0,79.8355,0,0,0
"MtrElec",7,30,7,"",79.806,0,0,0,0,0,0,0,0,0,0,0,0,0,0,0,0,0,0,0,0,94.6156,0,0,-14.8096
"MtrElec",7,30,8,"",52.3359,0,0,0,0,0,0,0,0,0,0,0,0,0,0,0,0,0,0,0,0,133.005,0,0,-80.669
"MtrElec",7,30,9,"",0,0,0,0,0,0,0,0,0,0,0,0,0,0,0,0,0,0,0,0,0,150.7,0,51.6928,-202.392
"MtrElec",7,30,10,"",0.0000156,0,0,0,0,0,0,0,0,0,0,0,0,0,0,0,0,0,0,0,0,153.897,0,164.996,-318.893
"MtrElec",7,30,11,"",-25.7827,0,0,0,0,0,0,0,0,0,0,0,0,0,0,0,0,0,0,0,0,155.22,0,224.226,-405.229
"MtrElec",7,30,12,"",-199.033,0,0,0,0,0,0,0,0,0,0,0,0,0,0,0,0,0,0,0,0,146.376,0,120.831,-466.239
"MtrElec",7,30,13,"",-303.784,0,0,0,0,0,0,0,0,0,0,0,0,0,0,0,0,0,0,0,0,194.978,0,0,-498.762
"MtrElec",7,30,14,"",-341.115,0,0,0,0,0,0,0,0,0,0,0,0,0,0,0,0,0,0,0,0,156.554,0,0,-497.669
"MtrElec",7,30,15,"",-278.506,0,0,0,0,0,0,0,0,0,0,0,0,0,0,0,0,0,0,0,0,190.957,0,0,-469.463
"MtrElec",7,30,16,"",-220.35,0,0,0,0,0,0,0,0,0,0,0,0,0,0,0,0,0,0,0,0,179.561,0,0,-399.911
"MtrElec",7,30,17,"",-73.2963,0,0,0,0,0,0,0,0,0,0,0,0,0,0,0,0,0,0,0,0,207.152,0,0,-280.448
"MtrElec",7,30,18,"",53.0275,0,0,0,0,0,0,0,0,0,0,0,0,0,0,0,0,0,0,0,0,232.141,0,0,-179.113
"MtrElec",7,30,19,"",-27.5725,0,0,0,0,0,0,0,0,0,0,0,0,0,0,0,0,0,0,0,0,253.491,0,-224.226,-56.8369
"MtrElec",7,30,20,"",-6.27228,0,0,0,0,0,0,0,0,0,0,0,0,0,0,0,0,0,0,0,0,223.549,0,-224.226,-5.59521
"MtrElec",7,30,21,"",156.235,0,0,0,0,0,0,0,0,0,0,0,0,0,0,0,0,0,0,0,0,214.758,0,-58.5231,0
"MtrElec",7,30,22,"",170.214,0,0,0,0,0,0,0,0,0,0,0,0,0,0,0,0,0,0,0,0,170.214,0,0,0
"MtrElec",7,30,23,"",159.601,0,0,0,0,0,0,0,0,0,0,0,0,0,0,0,0,0,0,0,0,159.601,0,0,0
"MtrElec",7,30,24,"",144.565,0,0,0,0,0,0,0,0,0,0,0,0,0,0,0,0,0,0,0,0,144.565,0,0,0
"MtrElec",7,31,1,"",101.736,0,0,0,0,0,0,0,0,0,0,0,0,0,0,0,0,0,0,0,0,101.736,0,0,0
"MtrElec",7,31,2,"",87.3979,0,0,0,0,0,0,0,0,0,0,0,0,0,0,0,0,0,0,0,0,87.3979,0,0,0
"MtrElec",7,31,3,"",81.1284,0,0,0,0,0,0,0,0,0,0,0,0,0,0,0,0,0,0,0,0,81.1284,0,0,0
"MtrElec",7,31,4,"",78.5478,0,0,0,0,0,0,0,0,0,0,0,0,0,0,0,0,0,0,0,0,78.5478,0,0,0
"MtrElec",7,31,5,"",76.1497,0,0,0,0,0,0,0,0,0,0,0,0,0,0,0,0,0,0,0,0,76.1497,0,0,0
"MtrElec",7,31,6,"",84.3665,0,0,0,0,0,0,0,0,0,0,0,0,0,0,0,0,0,0,0,0,84.3665,0,0,0
"MtrElec",7,31,7,"",79.1094,0,0,0,0,0,0,0,0,0,0,0,0,0,0,0,0,0,0,0,0,91.3474,0,0,-12.238
"MtrElec",7,31,8,"",54.9033,0,0,0,0,0,0,0,0,0,0,0,0,0,0,0,0,0,0,0,0,100.464,0,0,-45.5604
"MtrElec",7,31,9,"",87.2988,0,0,0,0,0,0,0,0,0,0,0,0,0,0,0,0,0,0,0,0,130.643,0,0,-43.3439
"MtrElec",7,31,10,"",113.137,0,0,0,0,0,0,0,0,0,0,0,0,0,0,0,0,0,0,0,0,148.61,0,0,-35.4732
"MtrElec",7,31,11,"",44.8018,0,0,0,0,0,0,0,0,0,0,0,0,0,0,0,0,0,0,0,0,133.254,0,0,-88.4525
"MtrElec",7,31,12,"",0.0000020,0,0,0,0,0,0,0,0,0,0,0,0,0,0,0,0,0,0,0,0,125.552,0,28.2584,-153.81
"MtrElec",7,31,13,"",0.0000156,0,0,0,0,0,0,0,0,0,0,0,0,0,0,0,0,0,0,0,0,156.364,0,137.823,-294.187
"MtrElec",7,31,14,"",-73.7115,0,0,0,0,0,0,0,0,0,0,0,0,0,0,0,0,0,0,0,0,118.718,0,224.226,-416.656
"MtrElec",7,31,15,"",-57.1196,0,0,0,0,0,0,0,0,0,0,0,0,0,0,0,0,0,0,0,0,143.342,0,171.439,-371.9
"MtrElec",7,31,16,"",-196.255,0,0,0,0,0,0,0,0,0,0,0,0,0,0,0,0,0,0,0,0,182.102,0,0,-378.358
"MtrElec",7,31,17,"",-67.2781,0,0,0,0,0,0,0,0,0,0,0,0,0,0,0,0,0,0,0,0,237.219,0,0,-304.498
"MtrElec",7,31,18,"",64.5314,0,0,0,0,0,0,0,0,0,0,0,0,0,0,0,0,0,0,0,0,251.106,0,0,-186.575
"MtrElec",7,31,19,"",-22.7684,0,0,0,0,0,0,0,0,0,0,0,0,0,0,0,0,0,0,0,0,270.476,0,-224.226,-69.0181
"MtrElec",7,31,20,"",30.5012,0,0,0,0,0,0,0,0,0,0,0,0,0,0,0,0,0,0,0,0,263.901,0,-224.226,-9.17337
"MtrElec",7,31,21,"",203.955,0,0,0,0,0,0,0,0,0,0,0,0,0,0,0,0,0,0,0,0,262.478,0,-58.5231,0
"MtrElec",7,31,22,"",194.684,0,0,0,0,0,0,0,0,0,0,0,0,0,0,0,0,0,0,0,0,194.684,0,0,0
"MtrElec",7,31,23,"",205.787,0,0,0,0,0,0,0,0,0,0,0,0,0,0,0,0,0,0,0,0,205.787,0,0,0
"MtrElec",7,31,24,"",164.001,0,0,0,0,0,0,0,0,0,0,0,0,0,0,0,0,0,0,0,0,164.001,0,0,0
"MtrElec",8,1,1,"",97.882,0,0,0,0,0,0,0,0,0,0,0,0,0,0,0,0,0,0,0,0,97.882,0,0,0
"MtrElec",8,1,2,"",87.7469,0,0,0,0,0,0,0,0,0,0,0,0,0,0,0,0,0,0,0,0,87.7469,0,0,0
"MtrElec",8,1,3,"",81.9094,0,0,0,0,0,0,0,0,0,0,0,0,0,0,0,0,0,0,0,0,81.9094,0,0,0
"MtrElec",8,1,4,"",81.5044,0,0,0,0,0,0,0,0,0,0,0,0,0,0,0,0,0,0,0,0,81.5044,0,0,0
"MtrElec",8,1,5,"",97.4265,0,0,0,0,0,0,0,0,0,0,0,0,0,0,0,0,0,0,0,0,97.4265,0,0,0
"MtrElec",8,1,6,"",79.536,0,0,0,0,0,0,0,0,0,0,0,0,0,0,0,0,0,0,0,0,79.536,0,0,0
"MtrElec",8,1,7,"",72.1525,0,0,0,0,0,0,0,0,0,0,0,0,0,0,0,0,0,0,0,0,85.8904,0,0,-13.7379
"MtrElec",8,1,8,"",35.077,0,0,0,0,0,0,0,0,0,0,0,0,0,0,0,0,0,0,0,0,114.434,0,0,-79.3573
"MtrElec",8,1,9,"",0,0,0,0,0,0,0,0,0,0,0,0,0,0,0,0,0,0,0,0,0,138.07,0,73.2838,-211.353
"MtrElec",8,1,10,"",0,0,0,0,0,0,0,0,0,0,0,0,0,0,0,0,0,0,0,0,0,171.807,0,160.051,-331.858
"MtrElec",8,1,11,"",0.0000156,0,0,0,0,0,0,0,0,0,0,0,0,0,0,0,0,0,0,0,0,249.063,0,172.731,-421.793
"MtrElec",8,1,12,"",-70.9607,0,0,0,0,0,0,0,0,0,0,0,0,0,0,0,0,0,0,0,0,260.804,0,155.681,-487.446
"MtrElec",8,1,13,"",-292.775,0,0,0,0,0,0,0,0,0,0,0,0,0,0,0,0,0,0,0,0,229.93,0,0,-522.705
"MtrElec",8,1,14,"",-315.822,0,0,0,0,0,0,0,0,0,0,0,0,0,0,0,0,0,0,0,0,206.263,0,0,-522.085
"MtrElec",8,1,15,"",-245.501,0,0,0,0,0,0,0,0,0,0,0,0,0,0,0,0,0,0,0,0,244.646,0,0,-490.147
"MtrElec",8,1,16,"",-181.685,0,0,0,0,0,0,0,0,0,0,0,0,0,0,0,0,0,0,0,0,243.076,0,0,-424.761
"MtrElec",8,1,17,"",-61.0403,0,0,0,0,0,0,0,0,0,0,0,0,0,0,0,0,0,0,0,0,265.64,0,0,-326.68
"MtrElec",8,1,18,"",90.156,0,0,0,0,0,0,0,0,0,0,0,0,0,0,0,0,0,0,0,0,291.171,0,0,-201.015
"MtrElec",8,1,19,"",56.2182,0,0,0,0,0,0,0,0,0,0,0,0,0,0,0,0,0,0,0,0,349.724,0,-224.226,-69.2792
"MtrElec",8,1,20,"",54.1559,0,0,0,0,0,0,0,0,0,0,0,0,0,0,0,0,0,0,0,0,287.63,0,-224.226,-9.24734
"MtrElec",8,1,21,"",173.107,0,0,0,0,0,0,0,0,0,0,0,0,0,0,0,0,0,0,0,0,231.63,0,-58.5231,0
"MtrElec",8,1,22,"",210.602,0,0,0,0,0,0,0,0,0,0,0,0,0,0,0,0,0,0,0,0,210.602,0,0,0
"MtrElec",8,1,23,"",150.092,0,0,0,0,0,0,0,0,0,0,0,0,0,0,0,0,0,0,0,0,150.092,0,0,0
"MtrElec",8,1,24,"",135.947,0,0,0,0,0,0,0,0,0,0,0,0,0,0,0,0,0,0,0,0,135.947,0,0,0
"MtrElec",8,2,1,"",108.529,0,0,0,0,0,0,0,0,0,0,0,0,0,0,0,0,0,0,0,0,108.529,0,0,0
"MtrElec",8,2,2,"",89.8464,0,0,0,0,0,0,0,0,0,0,0,0,0,0,0,0,0,0,0,0,89.8464,0,0,0
"MtrElec",8,2,3,"",87.3634,0,0,0,0,0,0,0,0,0,0,0,0,0,0,0,0,0,0,0,0,87.3634,0,0,0
"MtrElec",8,2,4,"",83.6902,0,0,0,0,0,0,0,0,0,0,0,0,0,0,0,0,0,0,0,0,83.6902,0,0,0
"MtrElec",8,2,5,"",76.7319,0,0,0,0,0,0,0,0,0,0,0,0,0,0,0,0,0,0,0,0,76.7319,0,0,0
"MtrElec",8,2,6,"",80.6214,0,0,0,0,0,0,0,0,0,0,0,0,0,0,0,0,0,0,0,0,80.6214,0,0,0
"MtrElec",8,2,7,"",72.1748,0,0,0,0,0,0,0,0,0,0,0,0,0,0,0,0,0,0,0,0,85.9218,0,0,-13.747
"MtrElec",8,2,8,"",40.9217,0,0,0,0,0,0,0,0,0,0,0,0,0,0,0,0,0,0,0,0,119.806,0,0,-78.8843
"MtrElec",8,2,9,"",0.0000039,0,0,0,0,0,0,0,0,0,0,0,0,0,0,0,0,0,0,0,0,151.923,0,54.8032,-206.727
"MtrElec",8,2,10,"",0,0,0,0,0,0,0,0,0,0,0,0,0,0,0,0,0,0,0,0,0,174.284,0,147.99,-322.273
"MtrElec",8,2,11,"",0,0,0,0,0,0,0,0,0,0,0,0,0,0,0,0,0,0,0,0,0,227.583,0,190.351,-417.934
"MtrElec",8,2,12,"",-24.2239,0,0,0,0,0,0,0,0,0,0,0,0,0,0,0,0,0,0,0,0,288.304,0,168.602,-481.131
"MtrElec",8,2,13,"",-251.667,0,0,0,0,0,0,0,0,0,0,0,0,0,0,0,0,0,0,0,0,263.989,0,0,-515.656
"MtrElec",8,2,14,"",-287.076,0,0,0,0,0,0,0,0,0,0,0,0,0,0,0,0,0,0,0,0,231.211,0,0,-518.287
"MtrElec",8,2,15,"",-189.057,0,0,0,0,0,0,0,0,0,0,0,0,0,0,0,0,0,0,0,0,295.948,0,0,-485.005
"MtrElec",8,2,16,"",-154.373,0,0,0,0,0,0,0,0,0,0,0,0,0,0,0,0,0,0,0,0,262.531,0,0,-416.904
"MtrElec",8,2,17,"",-47.3805,0,0,0,0,0,0,0,0,0,0,0,0,0,0,0,0,0,0,0,0,270.664,0,0,-318.045
"MtrElec",8,2,18,"",94.2667,0,0,0,0,0,0,0,0,0,0,0,0,0,0,0,0,0,0,0,0,287.899,0,0,-193.633
"MtrElec",8,2,19,"",26.0413,0,0,0,0,0,0,0,0,0,0,0,0,0,0,0,0,0,0,0,0,318.377,0,-224.226,-68.1094
"MtrElec",8,2,20,"",73.2569,0,0,0,0,0,0,0,0,0,0,0,0,0,0,0,0,0,0,0,0,306.286,0,-224.226,-8.80217
"MtrElec",8,2,21,"",191.344,0,0,0,0,0,0,0,0,0,0,0,0,0,0,0,0,0,0,0,0,249.867,0,-58.5231,0
"MtrElec",8,2,22,"",239.762,0,0,0,0,0,0,0,0,0,0,0,0,0,0,0,0,0,0,0,0,239.762,0,0,0
"MtrElec",8,2,23,"",145.397,0,0,0,0,0,0,0,0,0,0,0,0,0,0,0,0,0,0,0,0,145.397,0,0,0
"MtrElec",8,2,24,"",142.971,0,0,0,0,0,0,0,0,0,0,0,0,0,0,0,0,0,0,0,0,142.971,0,0,0
"MtrElec",8,3,1,"",105.923,0,0,0,0,0,0,0,0,0,0,0,0,0,0,0,0,0,0,0,0,105.923,0,0,0
"MtrElec",8,3,2,"",83.8793,0,0,0,0,0,0,0,0,0,0,0,0,0,0,0,0,0,0,0,0,83.8793,0,0,0
"MtrElec",8,3,3,"",78.3687,0,0,0,0,0,0,0,0,0,0,0,0,0,0,0,0,0,0,0,0,78.3687,0,0,0
"MtrElec",8,3,4,"",76.9574,0,0,0,0,0,0,0,0,0,0,0,0,0,0,0,0,0,0,0,0,76.9574,0,0,0
"MtrElec",8,3,5,"",74.9698,0,0,0,0,0,0,0,0,0,0,0,0,0,0,0,0,0,0,0,0,74.9698,0,0,0
"MtrElec",8,3,6,"",83.7315,0,0,0,0,0,0,0,0,0,0,0,0,0,0,0,0,0,0,0,0,83.7315,0,0,0
"MtrElec",8,3,7,"",81.7946,0,0,0,0,0,0,0,0,0,0,0,0,0,0,0,0,0,0,0,0,95.4498,0,0,-13.6553
"MtrElec",8,3,8,"",38.2834,0,0,0,0,0,0,0,0,0,0,0,0,0,0,0,0,0,0,0,0,115.468,0,0,-77.1845
"MtrElec",8,3,9,"",0,0,0,0,0,0,0,0,0,0,0,0,0,0,0,0,0,0,0,0,0,162.172,0,43.6768,-205.849
"MtrElec",8,3,10,"",0.0000156,0,0,0,0,0,0,0,0,0,0,0,0,0,0,0,0,0,0,0,0,176.935,0,151.329,-328.264
"MtrElec",8,3,11,"",-5.59823,0,0,0,0,0,0,0,0,0,0,0,0,0,0,0,0,0,0,0,0,191.654,0,224.226,-421.479
"MtrElec",8,3,12,"",-154.458,0,0,0,0,0,0,0,0,0,0,0,0,0,0,0,0,0,0,0,0,183.522,0,142.515,-480.494
"MtrElec",8,3,13,"",-256.767,0,0,0,0,0,0,0,0,0,0,0,0,0,0,0,0,0,0,0,0,241.797,0,0,-498.564
"MtrElec",8,3,14,"",-309.987,0,0,0,0,0,0,0,0,0,0,0,0,0,0,0,0,0,0,0,0,188.443,0,0,-498.43
"MtrElec",8,3,15,"",-269.187,0,0,0,0,0,0,0,0,0,0,0,0,0,0,0,0,0,0,0,0,204.474,0,0,-473.66
"MtrElec",8,3,16,"",-158.242,0,0,0,0,0,0,0,0,0,0,0,0,0,0,0,0,0,0,0,0,252.47,0,0,-410.712
"MtrElec",8,3,17,"",-24.0216,0,0,0,0,0,0,0,0,0,0,0,0,0,0,0,0,0,0,0,0,288.647,0,0,-312.669
"MtrElec",8,3,18,"",91.7664,0,0,0,0,0,0,0,0,0,0,0,0,0,0,0,0,0,0,0,0,281.352,0,0,-189.586
"MtrElec",8,3,19,"",11.4956,0,0,0,0,0,0,0,0,0,0,0,0,0,0,0,0,0,0,0,0,302.979,0,-224.226,-67.2568
"MtrElec",8,3,20,"",48.9745,0,0,0,0,0,0,0,0,0,0,0,0,0,0,0,0,0,0,0,0,281.9,0,-224.226,-8.69944
"MtrElec",8,3,21,"",183.133,0,0,0,0,0,0,0,0,0,0,0,0,0,0,0,0,0,0,0,0,241.656,0,-58.5231,0
"MtrElec",8,3,22,"",217.41,0,0,0,0,0,0,0,0,0,0,0,0,0,0,0,0,0,0,0,0,217.41,0,0,0
"MtrElec",8,3,23,"",183.264,0,0,0,0,0,0,0,0,0,0,0,0,0,0,0,0,0,0,0,0,183.264,0,0,0
"MtrElec",8,3,24,"",145.368,0,0,0,0,0,0,0,0,0,0,0,0,0,0,0,0,0,0,0,0,145.368,0,0,0
"MtrElec",8,4,1,"",125.889,0,0,0,0,0,0,0,0,0,0,0,0,0,0,0,0,0,0,0,0,125.889,0,0,0
"MtrElec",8,4,2,"",99.9812,0,0,0,0,0,0,0,0,0,0,0,0,0,0,0,0,0,0,0,0,99.9812,0,0,0
"MtrElec",8,4,3,"",91.7501,0,0,0,0,0,0,0,0,0,0,0,0,0,0,0,0,0,0,0,0,91.7501,0,0,0
"MtrElec",8,4,4,"",88.544,0,0,0,0,0,0,0,0,0,0,0,0,0,0,0,0,0,0,0,0,88.544,0,0,0
"MtrElec",8,4,5,"",87.5784,0,0,0,0,0,0,0,0,0,0,0,0,0,0,0,0,0,0,0,0,87.5784,0,0,0
"MtrElec",8,4,6,"",99.4042,0,0,0,0,0,0,0,0,0,0,0,0,0,0,0,0,0,0,0,0,99.4042,0,0,0
"MtrElec",8,4,7,"",118.802,0,0,0,0,0,0,0,0,0,0,0,0,0,0,0,0,0,0,0,0,119.638,0,0,-0.836389
"MtrElec",8,4,8,"",96.2635,0,0,0,0,0,0,0,0,0,0,0,0,0,0,0,0,0,0,0,0,146.855,0,0,-50.592
"MtrElec",8,4,9,"",0.625656,0,0,0,0,0,0,0,0,0,0,0,0,0,0,0,0,0,0,0,0,190.461,0,0,-189.836
"MtrElec",8,4,10,"",0.0000078,0,0,0,0,0,0,0,0,0,0,0,0,0,0,0,0,0,0,0,0,207.49,0,96.4514,-303.941
"MtrElec",8,4,11,"",0,0,0,0,0,0,0,0,0,0,0,0,0,0,0,0,0,0,0,0,0,219.163,0,178.554,-397.717
"MtrElec",8,4,12,"",-18.4879,0,0,0,0,0,0,0,0,0,0,0,0,0,0,0,0,0,0,0,0,223.123,0,224.226,-465.837
"MtrElec",8,4,13,"",-129.645,0,0,0,0,0,0,0,0,0,0,0,0,0,0,0,0,0,0,0,0,268.227,0,62.5145,-460.386
"MtrElec",8,4,14,"",-239.738,0,0,0,0,0,0,0,0,0,0,0,0,0,0,0,0,0,0,0,0,222.013,0,0,-461.75
"MtrElec",8,4,15,"",-241.655,0,0,0,0,0,0,0,0,0,0,0,0,0,0,0,0,0,0,0,0,229.43,0,0,-471.084
"MtrElec",8,4,16,"",-170.959,0,0,0,0,0,0,0,0,0,0,0,0,0,0,0,0,0,0,0,0,234.649,0,0,-405.608
"MtrElec",8,4,17,"",-50.4602,0,0,0,0,0,0,0,0,0,0,0,0,0,0,0,0,0,0,0,0,256.068,0,0,-306.528
"MtrElec",8,4,18,"",87.0363,0,0,0,0,0,0,0,0,0,0,0,0,0,0,0,0,0,0,0,0,270.9,0,0,-183.863
"MtrElec",8,4,19,"",5.63487,0,0,0,0,0,0,0,0,0,0,0,0,0,0,0,0,0,0,0,0,293.93,0,-224.226,-64.0686
"MtrElec",8,4,20,"",52.1569,0,0,0,0,0,0,0,0,0,0,0,0,0,0,0,0,0,0,0,0,286.136,0,-224.226,-9.75219
"MtrElec",8,4,21,"",211.045,0,0,0,0,0,0,0,0,0,0,0,0,0,0,0,0,0,0,0,0,269.568,0,-58.5231,0
"MtrElec",8,4,22,"",198.237,0,0,0,0,0,0,0,0,0,0,0,0,0,0,0,0,0,0,0,0,198.237,0,0,0
"MtrElec",8,4,23,"",181.764,0,0,0,0,0,0,0,0,0,0,0,0,0,0,0,0,0,0,0,0,181.764,0,0,0
"MtrElec",8,4,24,"",146.762,0,0,0,0,0,0,0,0,0,0,0,0,0,0,0,0,0,0,0,0,146.762,0,0,0
"MtrElec",8,5,1,"",115.222,0,0,0,0,0,0,0,0,0,0,0,0,0,0,0,0,0,0,0,0,115.222,0,0,0
"MtrElec",8,5,2,"",100.435,0,0,0,0,0,0,0,0,0,0,0,0,0,0,0,0,0,0,0,0,100.435,0,0,0
"MtrElec",8,5,3,"",92.1882,0,0,0,0,0,0,0,0,0,0,0,0,0,0,0,0,0,0,0,0,92.1882,0,0,0
"MtrElec",8,5,4,"",87.7971,0,0,0,0,0,0,0,0,0,0,0,0,0,0,0,0,0,0,0,0,87.7971,0,0,0
"MtrElec",8,5,5,"",84.6982,0,0,0,0,0,0,0,0,0,0,0,0,0,0,0,0,0,0,0,0,84.6982,0,0,0
"MtrElec",8,5,6,"",93.6725,0,0,0,0,0,0,0,0,0,0,0,0,0,0,0,0,0,0,0,0,93.6725,0,0,0
"MtrElec",8,5,7,"",100.735,0,0,0,0,0,0,0,0,0,0,0,0,0,0,0,0,0,0,0,0,113.778,0,0,-13.0439
"MtrElec",8,5,8,"",65.515,0,0,0,0,0,0,0,0,0,0,0,0,0,0,0,0,0,0,0,0,142.008,0,0,-76.4928
"MtrElec",8,5,9,"",0.0000020,0,0,0,0,0,0,0,0,0,0,0,0,0,0,0,0,0,0,0,0,176.149,0,25.5478,-201.697
"MtrElec",8,5,10,"",0.0000078,0,0,0,0,0,0,0,0,0,0,0,0,0,0,0,0,0,0,0,0,203.74,0,117.808,-321.548
"MtrElec",8,5,11,"",0.0000156,0,0,0,0,0,0,0,0,0,0,0,0,0,0,0,0,0,0,0,0,227.99,0,187.065,-415.055
"MtrElec",8,5,12,"",-23.0104,0,0,0,0,0,0,0,0,0,0,0,0,0,0,0,0,0,0,0,0,231.248,0,224.226,-478.485
"MtrElec",8,5,13,"",-212.565,0,0,0,0,0,0,0,0,0,0,0,0,0,0,0,0,0,0,0,0,291.231,0,7.09927,-510.894
"MtrElec",8,5,14,"",-312.41,0,0,0,0,0,0,0,0,0,0,0,0,0,0,0,0,0,0,0,0,201.408,0,0,-513.818
"MtrElec",8,5,15,"",-275.563,0,0,0,0,0,0,0,0,0,0,0,0,0,0,0,0,0,0,0,0,207.357,0,0,-482.921
"MtrElec",8,5,16,"",-180.084,0,0,0,0,0,0,0,0,0,0,0,0,0,0,0,0,0,0,0,0,235.481,0,0,-415.566
"MtrElec",8,5,17,"",-51.1825,0,0,0,0,0,0,0,0,0,0,0,0,0,0,0,0,0,0,0,0,264.883,0,0,-316.066
"MtrElec",8,5,18,"",92.6036,0,0,0,0,0,0,0,0,0,0,0,0,0,0,0,0,0,0,0,0,284.536,0,0,-191.933
"MtrElec",8,5,19,"",11.8897,0,0,0,0,0,0,0,0,0,0,0,0,0,0,0,0,0,0,0,0,300.745,0,-224.226,-64.6291
"MtrElec",8,5,20,"",43.7926,0,0,0,0,0,0,0,0,0,0,0,0,0,0,0,0,0,0,0,0,275.863,0,-224.226,-7.84352
"MtrElec",8,5,21,"",200.645,0,0,0,0,0,0,0,0,0,0,0,0,0,0,0,0,0,0,0,0,259.168,0,-58.5231,0
"MtrElec",8,5,22,"",209.95,0,0,0,0,0,0,0,0,0,0,0,0,0,0,0,0,0,0,0,0,209.95,0,0,0
"MtrElec",8,5,23,"",170.96,0,0,0,0,0,0,0,0,0,0,0,0,0,0,0,0,0,0,0,0,170.96,0,0,0
"MtrElec",8,5,24,"",171.425,0,0,0,0,0,0,0,0,0,0,0,0,0,0,0,0,0,0,0,0,171.425,0,0,0
"MtrElec",8,6,1,"",112.937,0,0,0,0,0,0,0,0,0,0,0,0,0,0,0,0,0,0,0,0,112.937,0,0,0
"MtrElec",8,6,2,"",99.0984,0,0,0,0,0,0,0,0,0,0,0,0,0,0,0,0,0,0,0,0,99.0984,0,0,0
"MtrElec",8,6,3,"",90.969,0,0,0,0,0,0,0,0,0,0,0,0,0,0,0,0,0,0,0,0,90.969,0,0,0
"MtrElec",8,6,4,"",92.0715,0,0,0,0,0,0,0,0,0,0,0,0,0,0,0,0,0,0,0,0,92.0715,0,0,0
"MtrElec",8,6,5,"",80.4282,0,0,0,0,0,0,0,0,0,0,0,0,0,0,0,0,0,0,0,0,80.4282,0,0,0
"MtrElec",8,6,6,"",88.4819,0,0,0,0,0,0,0,0,0,0,0,0,0,0,0,0,0,0,0,0,88.4819,0,0,0
"MtrElec",8,6,7,"",92.4245,0,0,0,0,0,0,0,0,0,0,0,0,0,0,0,0,0,0,0,0,103.989,0,0,-11.5649
"MtrElec",8,6,8,"",51.8692,0,0,0,0,0,0,0,0,0,0,0,0,0,0,0,0,0,0,0,0,126.796,0,0,-74.9266
"MtrElec",8,6,9,"",0,0,0,0,0,0,0,0,0,0,0,0,0,0,0,0,0,0,0,0,0,151.415,0,52.4256,-203.841
"MtrElec",8,6,10,"",0,0,0,0,0,0,0,0,0,0,0,0,0,0,0,0,0,0,0,0,0,189.459,0,130.489,-319.948
"MtrElec",8,6,11,"",0,0,0,0,0,0,0,0,0,0,0,0,0,0,0,0,0,0,0,0,0,203.101,0,211.943,-415.044
"MtrElec",8,6,12,"",-104.059,0,0,0,0,0,0,0,0,0,0,0,0,0,0,0,0,0,0,0,0,209.793,0,166.889,-480.741
"MtrElec",8,6,13,"",-308.71,0,0,0,0,0,0,0,0,0,0,0,0,0,0,0,0,0,0,0,0,205.079,0,0,-513.789
"MtrElec",8,6,14,"",-301.926,0,0,0,0,0,0,0,0,0,0,0,0,0,0,0,0,0,0,0,0,210.216,0,0,-512.142
"MtrElec",8,6,15,"",-245.985,0,0,0,0,0,0,0,0,0,0,0,0,0,0,0,0,0,0,0,0,230.018,0,0,-476.003
"MtrElec",8,6,16,"",-152.457,0,0,0,0,0,0,0,0,0,0,0,0,0,0,0,0,0,0,0,0,260.148,0,0,-412.605
"MtrElec",8,6,17,"",-32.1967,0,0,0,0,0,0,0,0,0,0,0,0,0,0,0,0,0,0,0,0,283.401,0,0,-315.597
"MtrElec",8,6,18,"",94.4655,0,0,0,0,0,0,0,0,0,0,0,0,0,0,0,0,0,0,0,0,286.286,0,0,-191.82
"MtrElec",8,6,19,"",2.23722,0,0,0,0,0,0,0,0,0,0,0,0,0,0,0,0,0,0,0,0,290.634,0,-224.226,-64.1708
"MtrElec",8,6,20,"",51.2127,0,0,0,0,0,0,0,0,0,0,0,0,0,0,0,0,0,0,0,0,282.365,0,-224.226,-6.9263
"MtrElec",8,6,21,"",218.212,0,0,0,0,0,0,0,0,0,0,0,0,0,0,0,0,0,0,0,0,276.735,0,-58.5231,0
"MtrElec",8,6,22,"",207.035,0,0,0,0,0,0,0,0,0,0,0,0,0,0,0,0,0,0,0,0,207.035,0,0,0
"MtrElec",8,6,23,"",198.606,0,0,0,0,0,0,0,0,0,0,0,0,0,0,0,0,0,0,0,0,198.606,0,0,0
"MtrElec",8,6,24,"",150.445,0,0,0,0,0,0,0,0,0,0,0,0,0,0,0,0,0,0,0,0,150.445,0,0,0
"MtrElec",8,7,1,"",125.295,0,0,0,0,0,0,0,0,0,0,0,0,0,0,0,0,0,0,0,0,125.295,0,0,0
"MtrElec",8,7,2,"",101.162,0,0,0,0,0,0,0,0,0,0,0,0,0,0,0,0,0,0,0,0,101.162,0,0,0
"MtrElec",8,7,3,"",91.8319,0,0,0,0,0,0,0,0,0,0,0,0,0,0,0,0,0,0,0,0,91.8319,0,0,0
"MtrElec",8,7,4,"",86.8707,0,0,0,0,0,0,0,0,0,0,0,0,0,0,0,0,0,0,0,0,86.8707,0,0,0
"MtrElec",8,7,5,"",83.5906,0,0,0,0,0,0,0,0,0,0,0,0,0,0,0,0,0,0,0,0,83.5906,0,0,0
"MtrElec",8,7,6,"",91.3676,0,0,0,0,0,0,0,0,0,0,0,0,0,0,0,0,0,0,0,0,91.3676,0,0,0
"MtrElec",8,7,7,"",95.9794,0,0,0,0,0,0,0,0,0,0,0,0,0,0,0,0,0,0,0,0,107.468,0,0,-11.489
"MtrElec",8,7,8,"",58.4448,0,0,0,0,0,0,0,0,0,0,0,0,0,0,0,0,0,0,0,0,133.264,0,0,-74.819
"MtrElec",8,7,9,"",0.0000039,0,0,0,0,0,0,0,0,0,0,0,0,0,0,0,0,0,0,0,0,152.277,0,46.6233,-198.9
"MtrElec",8,7,10,"",0,0,0,0,0,0,0,0,0,0,0,0,0,0,0,0,0,0,0,0,0,178.138,0,135.067,-313.205
"MtrElec",8,7,11,"",0.0000156,0,0,0,0,0,0,0,0,0,0,0,0,0,0,0,0,0,0,0,0,210.569,0,189.643,-400.212
"MtrElec",8,7,12,"",-56.6812,0,0,0,0,0,0,0,0,0,0,0,0,0,0,0,0,0,0,0,0,218.585,0,190.413,-465.68
"MtrElec",8,7,13,"",-264.396,0,0,0,0,0,0,0,0,0,0,0,0,0,0,0,0,0,0,0,0,231.349,0,0,-495.745
"MtrElec",8,7,14,"",-292.837,0,0,0,0,0,0,0,0,0,0,0,0,0,0,0,0,0,0,0,0,200.284,0,0,-493.121
"MtrElec",8,7,15,"",-245.559,0,0,0,0,0,0,0,0,0,0,0,0,0,0,0,0,0,0,0,0,219.371,0,0,-464.93
"MtrElec",8,7,16,"",-152.607,0,0,0,0,0,0,0,0,0,0,0,0,0,0,0,0,0,0,0,0,249.538,0,0,-402.144
"MtrElec",8,7,17,"",-21.1405,0,0,0,0,0,0,0,0,0,0,0,0,0,0,0,0,0,0,0,0,288.881,0,0,-310.021
"MtrElec",8,7,18,"",98.4353,0,0,0,0,0,0,0,0,0,0,0,0,0,0,0,0,0,0,0,0,287.108,0,0,-188.673
"MtrElec",8,7,19,"",11.6943,0,0,0,0,0,0,0,0,0,0,0,0,0,0,0,0,0,0,0,0,297.01,0,-224.226,-61.0896
"MtrElec",8,7,20,"",56.3831,0,0,0,0,0,0,0,0,0,0,0,0,0,0,0,0,0,0,0,0,284.294,0,-224.226,-3.68441
"MtrElec",8,7,21,"",210.662,0,0,0,0,0,0,0,0,0,0,0,0,0,0,0,0,0,0,0,0,269.185,0,-58.5231,0
"MtrElec",8,7,22,"",205.685,0,0,0,0,0,0,0,0,0,0,0,0,0,0,0,0,0,0,0,0,205.685,0,0,0
"MtrElec",8,7,23,"",189.32,0,0,0,0,0,0,0,0,0,0,0,0,0,0,0,0,0,0,0,0,189.32,0,0,0
"MtrElec",8,7,24,"",158.65,0,0,0,0,0,0,0,0,0,0,0,0,0,0,0,0,0,0,0,0,158.65,0,0,0
"MtrElec",8,8,1,"",119.656,0,0,0,0,0,0,0,0,0,0,0,0,0,0,0,0,0,0,0,0,119.656,0,0,0
"MtrElec",8,8,2,"",102.061,0,0,0,0,0,0,0,0,0,0,0,0,0,0,0,0,0,0,0,0,102.061,0,0,0
"MtrElec",8,8,3,"",99.6918,0,0,0,0,0,0,0,0,0,0,0,0,0,0,0,0,0,0,0,0,99.6918,0,0,0
"MtrElec",8,8,4,"",94.027,0,0,0,0,0,0,0,0,0,0,0,0,0,0,0,0,0,0,0,0,94.027,0,0,0
"MtrElec",8,8,5,"",91.1584,0,0,0,0,0,0,0,0,0,0,0,0,0,0,0,0,0,0,0,0,91.1584,0,0,0
"MtrElec",8,8,6,"",88.2553,0,0,0,0,0,0,0,0,0,0,0,0,0,0,0,0,0,0,0,0,88.2553,0,0,0
"MtrElec",8,8,7,"",94.4776,0,0,0,0,0,0,0,0,0,0,0,0,0,0,0,0,0,0,0,0,105.473,0,0,-10.9958
"MtrElec",8,8,8,"",67.2297,0,0,0,0,0,0,0,0,0,0,0,0,0,0,0,0,0,0,0,0,141.307,0,0,-74.0772
"MtrElec",8,8,9,"",0,0,0,0,0,0,0,0,0,0,0,0,0,0,0,0,0,0,0,0,0,160.261,0,41.2197,-201.48
"MtrElec",8,8,10,"",0,0,0,0,0,0,0,0,0,0,0,0,0,0,0,0,0,0,0,0,0,192.095,0,132.791,-324.886
"MtrElec",8,8,11,"",0,0,0,0,0,0,0,0,0,0,0,0,0,0,0,0,0,0,0,0,0,237.301,0,182.307,-419.608
"MtrElec",8,8,12,"",-2.40916,0,0,0,0,0,0,0,0,0,0,0,0,0,0,0,0,0,0,0,0,270.136,0,205.429,-477.974
"MtrElec",8,8,13,"",-282.826,0,0,0,0,0,0,0,0,0,0,0,0,0,0,0,0,0,0,0,0,225.054,0,0,-507.88
"MtrElec",8,8,14,"",-285.966,0,0,0,0,0,0,0,0,0,0,0,0,0,0,0,0,0,0,0,0,223.944,0,0,-509.91
"MtrElec",8,8,15,"",-198.514,0,0,0,0,0,0,0,0,0,0,0,0,0,0,0,0,0,0,0,0,280.206,0,0,-478.719
"MtrElec",8,8,16,"",-163.847,0,0,0,0,0,0,0,0,0,0,0,0,0,0,0,0,0,0,0,0,249.56,0,0,-413.407
"MtrElec",8,8,17,"",-53.6811,0,0,0,0,0,0,0,0,0,0,0,0,0,0,0,0,0,0,0,0,262.998,0,0,-316.679
"MtrElec",8,8,18,"",98.092,0,0,0,0,0,0,0,0,0,0,0,0,0,0,0,0,0,0,0,0,290.386,0,0,-192.294
"MtrElec",8,8,19,"",5.08872,0,0,0,0,0,0,0,0,0,0,0,0,0,0,0,0,0,0,0,0,291.823,0,-224.226,-62.5081
"MtrElec",8,8,20,"",68.9839,0,0,0,0,0,0,0,0,0,0,0,0,0,0,0,0,0,0,0,0,299.332,0,-224.226,-6.12202
"MtrElec",8,8,21,"",167.492,0,0,0,0,0,0,0,0,0,0,0,0,0,0,0,0,0,0,0,0,226.015,0,-58.5231,0
"MtrElec",8,8,22,"",221.131,0,0,0,0,0,0,0,0,0,0,0,0,0,0,0,0,0,0,0,0,221.131,0,0,0
"MtrElec",8,8,23,"",173.164,0,0,0,0,0,0,0,0,0,0,0,0,0,0,0,0,0,0,0,0,173.164,0,0,0
"MtrElec",8,8,24,"",183.21,0,0,0,0,0,0,0,0,0,0,0,0,0,0,0,0,0,0,0,0,183.21,0,0,0
"MtrElec",8,9,1,"",111.027,0,0,0,0,0,0,0,0,0,0,0,0,0,0,0,0,0,0,0,0,111.027,0,0,0
"MtrElec",8,9,2,"",93.7131,0,0,0,0,0,0,0,0,0,0,0,0,0,0,0,0,0,0,0,0,93.7131,0,0,0
"MtrElec",8,9,3,"",88.7665,0,0,0,0,0,0,0,0,0,0,0,0,0,0,0,0,0,0,0,0,88.7665,0,0,0
"MtrElec",8,9,4,"",88.0093,0,0,0,0,0,0,0,0,0,0,0,0,0,0,0,0,0,0,0,0,88.0093,0,0,0
"MtrElec",8,9,5,"",96.9037,0,0,0,0,0,0,0,0,0,0,0,0,0,0,0,0,0,0,0,0,96.9037,0,0,0
"MtrElec",8,9,6,"",85.6123,0,0,0,0,0,0,0,0,0,0,0,0,0,0,0,0,0,0,0,0,85.6123,0,0,0
"MtrElec",8,9,7,"",81.9001,0,0,0,0,0,0,0,0,0,0,0,0,0,0,0,0,0,0,0,0,92.5727,0,0,-10.6726
"MtrElec",8,9,8,"",51.2897,0,0,0,0,0,0,0,0,0,0,0,0,0,0,0,0,0,0,0,0,125.924,0,0,-74.634
"MtrElec",8,9,9,"",0,0,0,0,0,0,0,0,0,0,0,0,0,0,0,0,0,0,0,0,0,142.665,0,65.981,-208.646
"MtrElec",8,9,10,"",0,0,0,0,0,0,0,0,0,0,0,0,0,0,0,0,0,0,0,0,0,170.184,0,156.264,-326.448
"MtrElec",8,9,11,"",0,0,0,0,0,0,0,0,0,0,0,0,0,0,0,0,0,0,0,0,0,231.326,0,189.806,-421.132
"MtrElec",8,9,12,"",-101.424,0,0,0,0,0,0,0,0,0,0,0,0,0,0,0,0,0,0,0,0,240.163,0,149.695,-491.282
"MtrElec",8,9,13,"",-275.221,0,0,0,0,0,0,0,0,0,0,0,0,0,0,0,0,0,0,0,0,250.524,0,0,-525.745
"MtrElec",8,9,14,"",-299.035,0,0,0,0,0,0,0,0,0,0,0,0,0,0,0,0,0,0,0,0,226.39,0,0,-525.425
"MtrElec",8,9,15,"",-235.123,0,0,0,0,0,0,0,0,0,0,0,0,0,0,0,0,0,0,0,0,255.328,0,0,-490.451
"MtrElec",8,9,16,"",-190.2,0,0,0,0,0,0,0,0,0,0,0,0,0,0,0,0,0,0,0,0,230.481,0,0,-420.681
"MtrElec",8,9,17,"",-83.338,0,0,0,0,0,0,0,0,0,0,0,0,0,0,0,0,0,0,0,0,237.948,0,0,-321.286
"MtrElec",8,9,18,"",72.5286,0,0,0,0,0,0,0,0,0,0,0,0,0,0,0,0,0,0,0,0,268.491,0,0,-195.963
"MtrElec",8,9,19,"",20.8923,0,0,0,0,0,0,0,0,0,0,0,0,0,0,0,0,0,0,0,0,308.377,0,-224.226,-63.2582
"MtrElec",8,9,20,"",43.6139,0,0,0,0,0,0,0,0,0,0,0,0,0,0,0,0,0,0,0,0,273.981,0,-224.226,-6.14078
"MtrElec",8,9,21,"",181.869,0,0,0,0,0,0,0,0,0,0,0,0,0,0,0,0,0,0,0,0,240.392,0,-58.5231,0
"MtrElec",8,9,22,"",233.544,0,0,0,0,0,0,0,0,0,0,0,0,0,0,0,0,0,0,0,0,233.544,0,0,0
"MtrElec",8,9,23,"",152.201,0,0,0,0,0,0,0,0,0,0,0,0,0,0,0,0,0,0,0,0,152.201,0,0,0
"MtrElec",8,9,24,"",137.235,0,0,0,0,0,0,0,0,0,0,0,0,0,0,0,0,0,0,0,0,137.235,0,0,0
"MtrElec",8,10,1,"",107.918,0,0,0,0,0,0,0,0,0,0,0,0,0,0,0,0,0,0,0,0,107.918,0,0,0
"MtrElec",8,10,2,"",91.5655,0,0,0,0,0,0,0,0,0,0,0,0,0,0,0,0,0,0,0,0,91.5655,0,0,0
"MtrElec",8,10,3,"",83.0832,0,0,0,0,0,0,0,0,0,0,0,0,0,0,0,0,0,0,0,0,83.0832,0,0,0
"MtrElec",8,10,4,"",78.0585,0,0,0,0,0,0,0,0,0,0,0,0,0,0,0,0,0,0,0,0,78.0585,0,0,0
"MtrElec",8,10,5,"",75.2442,0,0,0,0,0,0,0,0,0,0,0,0,0,0,0,0,0,0,0,0,75.2442,0,0,0
"MtrElec",8,10,6,"",82.9416,0,0,0,0,0,0,0,0,0,0,0,0,0,0,0,0,0,0,0,0,82.9416,0,0,0
"MtrElec",8,10,7,"",78.955,0,0,0,0,0,0,0,0,0,0,0,0,0,0,0,0,0,0,0,0,90.7465,0,0,-11.7915
"MtrElec",8,10,8,"",39.2368,0,0,0,0,0,0,0,0,0,0,0,0,0,0,0,0,0,0,0,0,114.55,0,0,-75.3135
"MtrElec",8,10,9,"",0.0000039,0,0,0,0,0,0,0,0,0,0,0,0,0,0,0,0,0,0,0,0,147.372,0,63.4951,-210.867
"MtrElec",8,10,10,"",0.0000156,0,0,0,0,0,0,0,0,0,0,0,0,0,0,0,0,0,0,0,0,166.316,0,165.095,-331.41
"MtrElec",8,10,11,"",-27.1749,0,0,0,0,0,0,0,0,0,0,0,0,0,0,0,0,0,0,0,0,170.889,0,224.226,-422.29
"MtrElec",8,10,12,"",-211.761,0,0,0,0,0,0,0,0,0,0,0,0,0,0,0,0,0,0,0,0,175.13,0,108.93,-495.822
"MtrElec",8,10,13,"",-339.123,0,0,0,0,0,0,0,0,0,0,0,0,0,0,0,0,0,0,0,0,194.943,0,0,-534.066
"MtrElec",8,10,14,"",-348.928,0,0,0,0,0,0,0,0,0,0,0,0,0,0,0,0,0,0,0,0,184.358,0,0,-533.286
"MtrElec",8,10,15,"",-314.584,0,0,0,0,0,0,0,0,0,0,0,0,0,0,0,0,0,0,0,0,185.822,0,0,-500.406
"MtrElec",8,10,16,"",-225.396,0,0,0,0,0,0,0,0,0,0,0,0,0,0,0,0,0,0,0,0,208.283,0,0,-433.68
"MtrElec",8,10,17,"",-90.7723,0,0,0,0,0,0,0,0,0,0,0,0,0,0,0,0,0,0,0,0,239.915,0,0,-330.687
"MtrElec",8,10,18,"",59.4394,0,0,0,0,0,0,0,0,0,0,0,0,0,0,0,0,0,0,0,0,259.562,0,0,-200.123
"MtrElec",8,10,19,"",-8.68834,0,0,0,0,0,0,0,0,0,0,0,0,0,0,0,0,0,0,0,0,280.046,0,-224.226,-64.5075
"MtrElec",8,10,20,"",17.3135,0,0,0,0,0,0,0,0,0,0,0,0,0,0,0,0,0,0,0,0,247.713,0,-224.226,-6.1729
"MtrElec",8,10,21,"",196.341,0,0,0,0,0,0,0,0,0,0,0,0,0,0,0,0,0,0,0,0,254.864,0,-58.5231,0
"MtrElec",8,10,22,"",185.937,0,0,0,0,0,0,0,0,0,0,0,0,0,0,0,0,0,0,0,0,185.937,0,0,0
"MtrElec",8,10,23,"",195.557,0,0,0,0,0,0,0,0,0,0,0,0,0,0,0,0,0,0,0,0,195.557,0,0,0
"MtrElec",8,10,24,"",161.225,0,0,0,0,0,0,0,0,0,0,0,0,0,0,0,0,0,0,0,0,161.225,0,0,0
"MtrElec",8,11,1,"",113.38,0,0,0,0,0,0,0,0,0,0,0,0,0,0,0,0,0,0,0,0,113.38,0,0,0
"MtrElec",8,11,2,"",87.1976,0,0,0,0,0,0,0,0,0,0,0,0,0,0,0,0,0,0,0,0,87.1976,0,0,0
"MtrElec",8,11,3,"",86.2896,0,0,0,0,0,0,0,0,0,0,0,0,0,0,0,0,0,0,0,0,86.2896,0,0,0
"MtrElec",8,11,4,"",83.8455,0,0,0,0,0,0,0,0,0,0,0,0,0,0,0,0,0,0,0,0,83.8455,0,0,0
"MtrElec",8,11,5,"",82.164,0,0,0,0,0,0,0,0,0,0,0,0,0,0,0,0,0,0,0,0,82.164,0,0,0
"MtrElec",8,11,6,"",81.0438,0,0,0,0,0,0,0,0,0,0,0,0,0,0,0,0,0,0,0,0,81.0438,0,0,0
"MtrElec",8,11,7,"",77.2466,0,0,0,0,0,0,0,0,0,0,0,0,0,0,0,0,0,0,0,0,89.1408,0,0,-11.8942
"MtrElec",8,11,8,"",51.8605,0,0,0,0,0,0,0,0,0,0,0,0,0,0,0,0,0,0,0,0,129.483,0,0,-77.6223
"MtrElec",8,11,9,"",0,0,0,0,0,0,0,0,0,0,0,0,0,0,0,0,0,0,0,0,0,177.272,0,42.7542,-220.026
"MtrElec",8,11,10,"",0,0,0,0,0,0,0,0,0,0,0,0,0,0,0,0,0,0,0,0,0,177.498,0,171.992,-349.49
"MtrElec",8,11,11,"",-33.4243,0,0,0,0,0,0,0,0,0,0,0,0,0,0,0,0,0,0,0,0,190.86,0,224.226,-448.511
"MtrElec",8,11,12,"",-192.996,0,0,0,0,0,0,0,0,0,0,0,0,0,0,0,0,0,0,0,0,195.387,0,122.773,-511.156
"MtrElec",8,11,13,"",-325.15,0,0,0,0,0,0,0,0,0,0,0,0,0,0,0,0,0,0,0,0,217.182,0,0,-542.332
"MtrElec",8,11,14,"",-372.35,0,0,0,0,0,0,0,0,0,0,0,0,0,0,0,0,0,0,0,0,170.648,0,0,-542.999
"MtrElec",8,11,15,"",-318.586,0,0,0,0,0,0,0,0,0,0,0,0,0,0,0,0,0,0,0,0,185.802,0,0,-504.388
"MtrElec",8,11,16,"",-213.416,0,0,0,0,0,0,0,0,0,0,0,0,0,0,0,0,0,0,0,0,220.115,0,0,-433.532
"MtrElec",8,11,17,"",-70.7255,0,0,0,0,0,0,0,0,0,0,0,0,0,0,0,0,0,0,0,0,259.839,0,0,-330.564
"MtrElec",8,11,18,"",72.3208,0,0,0,0,0,0,0,0,0,0,0,0,0,0,0,0,0,0,0,0,271.665,0,0,-199.345
"MtrElec",8,11,19,"",-13.2203,0,0,0,0,0,0,0,0,0,0,0,0,0,0,0,0,0,0,0,0,275.193,0,-224.226,-64.187
"MtrElec",8,11,20,"",25.221,0,0,0,0,0,0,0,0,0,0,0,0,0,0,0,0,0,0,0,0,255.583,0,-224.226,-6.13544
"MtrElec",8,11,21,"",191.707,0,0,0,0,0,0,0,0,0,0,0,0,0,0,0,0,0,0,0,0,250.23,0,-58.5231,0
"MtrElec",8,11,22,"",171.754,0,0,0,0,0,0,0,0,0,0,0,0,0,0,0,0,0,0,0,0,171.754,0,0,0
"MtrElec",8,11,23,"",160.975,0,0,0,0,0,0,0,0,0,0,0,0,0,0,0,0,0,0,0,0,160.975,0,0,0
"MtrElec",8,11,24,"",120.984,0,0,0,0,0,0,0,0,0,0,0,0,0,0,0,0,0,0,0,0,120.984,0,0,0
"MtrElec",8,12,1,"",93.3009,0,0,0,0,0,0,0,0,0,0,0,0,0,0,0,0,0,0,0,0,93.3009,0,0,0
"MtrElec",8,12,2,"",85.3216,0,0,0,0,0,0,0,0,0,0,0,0,0,0,0,0,0,0,0,0,85.3216,0,0,0
"MtrElec",8,12,3,"",78.253,0,0,0,0,0,0,0,0,0,0,0,0,0,0,0,0,0,0,0,0,78.253,0,0,0
"MtrElec",8,12,4,"",75.4991,0,0,0,0,0,0,0,0,0,0,0,0,0,0,0,0,0,0,0,0,75.4991,0,0,0
"MtrElec",8,12,5,"",73.3641,0,0,0,0,0,0,0,0,0,0,0,0,0,0,0,0,0,0,0,0,73.3641,0,0,0
"MtrElec",8,12,6,"",81.0752,0,0,0,0,0,0,0,0,0,0,0,0,0,0,0,0,0,0,0,0,81.0752,0,0,0
"MtrElec",8,12,7,"",82.2653,0,0,0,0,0,0,0,0,0,0,0,0,0,0,0,0,0,0,0,0,94.2266,0,0,-11.9613
"MtrElec",8,12,8,"",38.4617,0,0,0,0,0,0,0,0,0,0,0,0,0,0,0,0,0,0,0,0,116.601,0,0,-78.1396
"MtrElec",8,12,9,"",0,0,0,0,0,0,0,0,0,0,0,0,0,0,0,0,0,0,0,0,0,133.274,0,84.0377,-217.312
"MtrElec",8,12,10,"",0,0,0,0,0,0,0,0,0,0,0,0,0,0,0,0,0,0,0,0,0,157.864,0,188.055,-345.918
"MtrElec",8,12,11,"",-33.3737,0,0,0,0,0,0,0,0,0,0,0,0,0,0,0,0,0,0,0,0,186.47,0,224.226,-444.07
"MtrElec",8,12,12,"",-279.117,0,0,0,0,0,0,0,0,0,0,0,0,0,0,0,0,0,0,0,0,164.412,0,65.4276,-508.957
"MtrElec",8,12,13,"",-359.458,0,0,0,0,0,0,0,0,0,0,0,0,0,0,0,0,0,0,0,0,180.296,0,0,-539.753
"MtrElec",8,12,14,"",-352.116,0,0,0,0,0,0,0,0,0,0,0,0,0,0,0,0,0,0,0,0,182.512,0,0,-534.628
"MtrElec",8,12,15,"",-289.748,0,0,0,0,0,0,0,0,0,0,0,0,0,0,0,0,0,0,0,0,203.812,0,0,-493.561
"MtrElec",8,12,16,"",-182.274,0,0,0,0,0,0,0,0,0,0,0,0,0,0,0,0,0,0,0,0,224.226,0,0,-406.501
"MtrElec",8,12,17,"",-14.2837,0,0,0,0,0,0,0,0,0,0,0,0,0,0,0,0,0,0,0,0,260.086,0,0,-274.369
"MtrElec",8,12,18,"",87.7728,0,0,0,0,0,0,0,0,0,0,0,0,0,0,0,0,0,0,0,0,272.181,0,0,-184.408
"MtrElec",8,12,19,"",1.07498,0,0,0,0,0,0,0,0,0,0,0,0,0,0,0,0,0,0,0,0,288.376,0,-224.226,-63.0749
"MtrElec",8,12,20,"",11.2543,0,0,0,0,0,0,0,0,0,0,0,0,0,0,0,0,0,0,0,0,242.55,0,-224.226,-7.06916
"MtrElec",8,12,21,"",176.753,0,0,0,0,0,0,0,0,0,0,0,0,0,0,0,0,0,0,0,0,235.276,0,-58.5231,0
"MtrElec",8,12,22,"",188.075,0,0,0,0,0,0,0,0,0,0,0,0,0,0,0,0,0,0,0,0,188.075,0,0,0
"MtrElec",8,12,23,"",171.349,0,0,0,0,0,0,0,0,0,0,0,0,0,0,0,0,0,0,0,0,171.349,0,0,0
"MtrElec",8,12,24,"",144.054,0,0,0,0,0,0,0,0,0,0,0,0,0,0,0,0,0,0,0,0,144.054,0,0,0
"MtrElec",8,13,1,"",108.393,0,0,0,0,0,0,0,0,0,0,0,0,0,0,0,0,0,0,0,0,108.393,0,0,0
"MtrElec",8,13,2,"",91.6914,0,0,0,0,0,0,0,0,0,0,0,0,0,0,0,0,0,0,0,0,91.6914,0,0,0
"MtrElec",8,13,3,"",82.1261,0,0,0,0,0,0,0,0,0,0,0,0,0,0,0,0,0,0,0,0,82.1261,0,0,0
"MtrElec",8,13,4,"",76.5592,0,0,0,0,0,0,0,0,0,0,0,0,0,0,0,0,0,0,0,0,76.5592,0,0,0
"MtrElec",8,13,5,"",74.1113,0,0,0,0,0,0,0,0,0,0,0,0,0,0,0,0,0,0,0,0,74.1113,0,0,0
"MtrElec",8,13,6,"",83.6687,0,0,0,0,0,0,0,0,0,0,0,0,0,0,0,0,0,0,0,0,83.6687,0,0,0
"MtrElec",8,13,7,"",90.2608,0,0,0,0,0,0,0,0,0,0,0,0,0,0,0,0,0,0,0,0,99.4731,0,0,-9.21233
"MtrElec",8,13,8,"",32.5202,0,0,0,0,0,0,0,0,0,0,0,0,0,0,0,0,0,0,0,0,106.431,0,0,-73.9109
"MtrElec",8,13,9,"",0.0000020,0,0,0,0,0,0,0,0,0,0,0,0,0,0,0,0,0,0,0,0,164.907,0,21.5375,-186.445
"MtrElec",8,13,10,"",0,0,0,0,0,0,0,0,0,0,0,0,0,0,0,0,0,0,0,0,0,193.48,0,74.3229,-267.802
"MtrElec",8,13,11,"",0,0,0,0,0,0,0,0,0,0,0,0,0,0,0,0,0,0,0,0,0,213.731,0,194.501,-408.233
"MtrElec",8,13,12,"",-3.88198,0,0,0,0,0,0,0,0,0,0,0,0,0,0,0,0,0,0,0,0,229.385,0,224.226,-457.493
"MtrElec",8,13,13,"",-144.909,0,0,0,0,0,0,0,0,0,0,0,0,0,0,0,0,0,0,0,0,257.245,0,47.1581,-449.311
"MtrElec",8,13,14,"",-211.699,0,0,0,0,0,0,0,0,0,0,0,0,0,0,0,0,0,0,0,0,194.543,0,0,-406.242
"MtrElec",8,13,15,"",-135.871,0,0,0,0,0,0,0,0,0,0,0,0,0,0,0,0,0,0,0,0,212.037,0,0,-347.907
"MtrElec",8,13,16,"",-18.4294,0,0,0,0,0,0,0,0,0,0,0,0,0,0,0,0,0,0,0,0,241.48,0,0,-259.909
"MtrElec",8,13,17,"",93.9207,0,0,0,0,0,0,0,0,0,0,0,0,0,0,0,0,0,0,0,0,265.609,0,0,-171.688
"MtrElec",8,13,18,"",93.3144,0,0,0,0,0,0,0,0,0,0,0,0,0,0,0,0,0,0,0,0,267.482,0,0,-174.168
"MtrElec",8,13,19,"",14.3929,0,0,0,0,0,0,0,0,0,0,0,0,0,0,0,0,0,0,0,0,294.321,0,-224.226,-55.7012
"MtrElec",8,13,20,"",47.5037,0,0,0,0,0,0,0,0,0,0,0,0,0,0,0,0,0,0,0,0,274.458,0,-224.226,-2.72766
"MtrElec",8,13,21,"",214.337,0,0,0,0,0,0,0,0,0,0,0,0,0,0,0,0,0,0,0,0,272.86,0,-58.5231,0
"MtrElec",8,13,22,"",191.14,0,0,0,0,0,0,0,0,0,0,0,0,0,0,0,0,0,0,0,0,191.14,0,0,0
"MtrElec",8,13,23,"",186.729,0,0,0,0,0,0,0,0,0,0,0,0,0,0,0,0,0,0,0,0,186.729,0,0,0
"MtrElec",8,13,24,"",165.725,0,0,0,0,0,0,0,0,0,0,0,0,0,0,0,0,0,0,0,0,165.725,0,0,0
"MtrElec",8,14,1,"",121.527,0,0,0,0,0,0,0,0,0,0,0,0,0,0,0,0,0,0,0,0,121.527,0,0,0
"MtrElec",8,14,2,"",96.524,0,0,0,0,0,0,0,0,0,0,0,0,0,0,0,0,0,0,0,0,96.524,0,0,0
"MtrElec",8,14,3,"",86.6223,0,0,0,0,0,0,0,0,0,0,0,0,0,0,0,0,0,0,0,0,86.6223,0,0,0
"MtrElec",8,14,4,"",81.6228,0,0,0,0,0,0,0,0,0,0,0,0,0,0,0,0,0,0,0,0,81.6228,0,0,0
"MtrElec",8,14,5,"",78.9753,0,0,0,0,0,0,0,0,0,0,0,0,0,0,0,0,0,0,0,0,78.9753,0,0,0
"MtrElec",8,14,6,"",87.4706,0,0,0,0,0,0,0,0,0,0,0,0,0,0,0,0,0,0,0,0,87.4706,0,0,0
"MtrElec",8,14,7,"",82.2084,0,0,0,0,0,0,0,0,0,0,0,0,0,0,0,0,0,0,0,0,92.6648,0,0,-10.4564
"MtrElec",8,14,8,"",51.1147,0,0,0,0,0,0,0,0,0,0,0,0,0,0,0,0,0,0,0,0,125.187,0,0,-74.0719
"MtrElec",8,14,9,"",0,0,0,0,0,0,0,0,0,0,0,0,0,0,0,0,0,0,0,0,0,161.561,0,35.2869,-196.848
"MtrElec",8,14,10,"",0,0,0,0,0,0,0,0,0,0,0,0,0,0,0,0,0,0,0,0,0,176.953,0,136.907,-313.86
"MtrElec",8,14,11,"",0.0000156,0,0,0,0,0,0,0,0,0,0,0,0,0,0,0,0,0,0,0,0,213.315,0,188.696,-402.011
"MtrElec",8,14,12,"",-61.2054,0,0,0,0,0,0,0,0,0,0,0,0,0,0,0,0,0,0,0,0,200.369,0,200.856,-462.431
"MtrElec",8,14,13,"",-251.894,0,0,0,0,0,0,0,0,0,0,0,0,0,0,0,0,0,0,0,0,241.365,0,0,-493.259
"MtrElec",8,14,14,"",-278.064,0,0,0,0,0,0,0,0,0,0,0,0,0,0,0,0,0,0,0,0,216.006,0,0,-494.07
"MtrElec",8,14,15,"",-216.82,0,0,0,0,0,0,0,0,0,0,0,0,0,0,0,0,0,0,0,0,240.003,0,0,-456.823
"MtrElec",8,14,16,"",-113.378,0,0,0,0,0,0,0,0,0,0,0,0,0,0,0,0,0,0,0,0,269.079,0,0,-382.457
"MtrElec",8,14,17,"",28.0839,0,0,0,0,0,0,0,0,0,0,0,0,0,0,0,0,0,0,0,0,304.815,0,0,-276.731
"MtrElec",8,14,18,"",164.92,0,0,0,0,0,0,0,0,0,0,0,0,0,0,0,0,0,0,0,0,292.327,0,0,-127.407
"MtrElec",8,14,19,"",29.5401,0,0,0,0,0,0,0,0,0,0,0,0,0,0,0,0,0,0,0,0,296.793,0,-224.226,-43.0265
"MtrElec",8,14,20,"",40.7794,0,0,0,0,0,0,0,0,0,0,0,0,0,0,0,0,0,0,0,0,267.256,0,-224.226,-2.25036
"MtrElec",8,14,21,"",197.562,0,0,0,0,0,0,0,0,0,0,0,0,0,0,0,0,0,0,0,0,256.085,0,-58.5231,0
"MtrElec",8,14,22,"",215.527,0,0,0,0,0,0,0,0,0,0,0,0,0,0,0,0,0,0,0,0,215.527,0,0,0
"MtrElec",8,14,23,"",231.898,0,0,0,0,0,0,0,0,0,0,0,0,0,0,0,0,0,0,0,0,231.898,0,0,0
"MtrElec",8,14,24,"",176.701,0,0,0,0,0,0,0,0,0,0,0,0,0,0,0,0,0,0,0,0,176.701,0,0,0
"MtrElec",8,15,1,"",123.077,0,0,0,0,0,0,0,0,0,0,0,0,0,0,0,0,0,0,0,0,123.077,0,0,0
"MtrElec",8,15,2,"",103.791,0,0,0,0,0,0,0,0,0,0,0,0,0,0,0,0,0,0,0,0,103.791,0,0,0
"MtrElec",8,15,3,"",95.067,0,0,0,0,0,0,0,0,0,0,0,0,0,0,0,0,0,0,0,0,95.067,0,0,0
"MtrElec",8,15,4,"",93.0375,0,0,0,0,0,0,0,0,0,0,0,0,0,0,0,0,0,0,0,0,93.0375,0,0,0
"MtrElec",8,15,5,"",95.2315,0,0,0,0,0,0,0,0,0,0,0,0,0,0,0,0,0,0,0,0,95.2315,0,0,0
"MtrElec",8,15,6,"",92.685,0,0,0,0,0,0,0,0,0,0,0,0,0,0,0,0,0,0,0,0,92.685,0,0,0
"MtrElec",8,15,7,"",94.8522,0,0,0,0,0,0,0,0,0,0,0,0,0,0,0,0,0,0,0,0,104.401,0,0,-9.54867
"MtrElec",8,15,8,"",49.604,0,0,0,0,0,0,0,0,0,0,0,0,0,0,0,0,0,0,0,0,122.638,0,0,-73.0344
"MtrElec",8,15,9,"",0.0000039,0,0,0,0,0,0,0,0,0,0,0,0,0,0,0,0,0,0,0,0,147.964,0,48.8783,-196.842
"MtrElec",8,15,10,"",0,0,0,0,0,0,0,0,0,0,0,0,0,0,0,0,0,0,0,0,0,179.288,0,132.601,-311.889
"MtrElec",8,15,11,"",0,0,0,0,0,0,0,0,0,0,0,0,0,0,0,0,0,0,0,0,0,193.458,0,211.754,-405.212
"MtrElec",8,15,12,"",-66.3189,0,0,0,0,0,0,0,0,0,0,0,0,0,0,0,0,0,0,0,0,242.217,0,168.513,-477.049
"MtrElec",8,15,13,"",-262.06,0,0,0,0,0,0,0,0,0,0,0,0,0,0,0,0,0,0,0,0,247.774,0,0,-509.834
"MtrElec",8,15,14,"",-279.797,0,0,0,0,0,0,0,0,0,0,0,0,0,0,0,0,0,0,0,0,226.77,0,0,-506.567
"MtrElec",8,15,15,"",-200.156,0,0,0,0,0,0,0,0,0,0,0,0,0,0,0,0,0,0,0,0,272.611,0,0,-472.767
"MtrElec",8,15,16,"",-155.346,0,0,0,0,0,0,0,0,0,0,0,0,0,0,0,0,0,0,0,0,247.65,0,0,-402.997
"MtrElec",8,15,17,"",-49.9423,0,0,0,0,0,0,0,0,0,0,0,0,0,0,0,0,0,0,0,0,250.194,0,0,-300.137
"MtrElec",8,15,18,"",102.621,0,0,0,0,0,0,0,0,0,0,0,0,0,0,0,0,0,0,0,0,277.431,0,0,-174.81
"MtrElec",8,15,19,"",32.3345,0,0,0,0,0,0,0,0,0,0,0,0,0,0,0,0,0,0,0,0,313.297,0,-224.226,-56.7362
"MtrElec",8,15,20,"",87.4067,0,0,0,0,0,0,0,0,0,0,0,0,0,0,0,0,0,0,0,0,314.396,0,-224.226,-2.7628
"MtrElec",8,15,21,"",208.681,0,0,0,0,0,0,0,0,0,0,0,0,0,0,0,0,0,0,0,0,267.204,0,-58.5231,0
"MtrElec",8,15,22,"",271.327,0,0,0,0,0,0,0,0,0,0,0,0,0,0,0,0,0,0,0,0,271.327,0,0,0
"MtrElec",8,15,23,"",168.806,0,0,0,0,0,0,0,0,0,0,0,0,0,0,0,0,0,0,0,0,168.806,0,0,0
"MtrElec",8,15,24,"",161.797,0,0,0,0,0,0,0,0,0,0,0,0,0,0,0,0,0,0,0,0,161.797,0,0,0
"MtrElec",8,16,1,"",118.286,0,0,0,0,0,0,0,0,0,0,0,0,0,0,0,0,0,0,0,0,118.286,0,0,0
"MtrElec",8,16,2,"",95.3714,0,0,0,0,0,0,0,0,0,0,0,0,0,0,0,0,0,0,0,0,95.3714,0,0,0
"MtrElec",8,16,3,"",90.9025,0,0,0,0,0,0,0,0,0,0,0,0,0,0,0,0,0,0,0,0,90.9025,0,0,0
"MtrElec",8,16,4,"",86.4343,0,0,0,0,0,0,0,0,0,0,0,0,0,0,0,0,0,0,0,0,86.4343,0,0,0
"MtrElec",8,16,5,"",92.5799,0,0,0,0,0,0,0,0,0,0,0,0,0,0,0,0,0,0,0,0,92.5799,0,0,0
"MtrElec",8,16,6,"",82.7751,0,0,0,0,0,0,0,0,0,0,0,0,0,0,0,0,0,0,0,0,82.7751,0,0,0
"MtrElec",8,16,7,"",74.4362,0,0,0,0,0,0,0,0,0,0,0,0,0,0,0,0,0,0,0,0,86.0327,0,0,-11.5964
"MtrElec",8,16,8,"",46.6022,0,0,0,0,0,0,0,0,0,0,0,0,0,0,0,0,0,0,0,0,120.541,0,0,-73.9385
"MtrElec",8,16,9,"",0,0,0,0,0,0,0,0,0,0,0,0,0,0,0,0,0,0,0,0,0,145.67,0,52.7284,-198.398
"MtrElec",8,16,10,"",0,0,0,0,0,0,0,0,0,0,0,0,0,0,0,0,0,0,0,0,0,154.08,0,161.377,-315.457
"MtrElec",8,16,11,"",-2.40455,0,0,0,0,0,0,0,0,0,0,0,0,0,0,0,0,0,0,0,0,187.134,0,224.226,-413.765
"MtrElec",8,16,12,"",-121.396,0,0,0,0,0,0,0,0,0,0,0,0,0,0,0,0,0,0,0,0,240.982,0,123.414,-485.793
"MtrElec",8,16,13,"",-244.966,0,0,0,0,0,0,0,0,0,0,0,0,0,0,0,0,0,0,0,0,267.104,0,0,-512.071
"MtrElec",8,16,14,"",-289.316,0,0,0,0,0,0,0,0,0,0,0,0,0,0,0,0,0,0,0,0,219.085,0,0,-508.401
"MtrElec",8,16,15,"",-231.828,0,0,0,0,0,0,0,0,0,0,0,0,0,0,0,0,0,0,0,0,242.587,0,0,-474.415
"MtrElec",8,16,16,"",-190.34,0,0,0,0,0,0,0,0,0,0,0,0,0,0,0,0,0,0,0,0,218.552,0,0,-408.892
"MtrElec",8,16,17,"",-77.6631,0,0,0,0,0,0,0,0,0,0,0,0,0,0,0,0,0,0,0,0,229.022,0,0,-306.685
"MtrElec",8,16,18,"",90.5519,0,0,0,0,0,0,0,0,0,0,0,0,0,0,0,0,0,0,0,0,269.994,0,0,-179.443
"MtrElec",8,16,19,"",37.2893,0,0,0,0,0,0,0,0,0,0,0,0,0,0,0,0,0,0,0,0,317.362,0,-224.226,-55.8467
"MtrElec",8,16,20,"",21.4487,0,0,0,0,0,0,0,0,0,0,0,0,0,0,0,0,0,0,0,0,247.682,0,-224.226,-2.00727
"MtrElec",8,16,21,"",147.623,0,0,0,0,0,0,0,0,0,0,0,0,0,0,0,0,0,0,0,0,206.146,0,-58.5231,0
"MtrElec",8,16,22,"",191.872,0,0,0,0,0,0,0,0,0,0,0,0,0,0,0,0,0,0,0,0,191.872,0,0,0
"MtrElec",8,16,23,"",151.674,0,0,0,0,0,0,0,0,0,0,0,0,0,0,0,0,0,0,0,0,151.674,0,0,0
"MtrElec",8,16,24,"",154.311,0,0,0,0,0,0,0,0,0,0,0,0,0,0,0,0,0,0,0,0,154.311,0,0,0
"MtrElec",8,17,1,"",110.946,0,0,0,0,0,0,0,0,0,0,0,0,0,0,0,0,0,0,0,0,110.946,0,0,0
"MtrElec",8,17,2,"",89.4946,0,0,0,0,0,0,0,0,0,0,0,0,0,0,0,0,0,0,0,0,89.4946,0,0,0
"MtrElec",8,17,3,"",82.5741,0,0,0,0,0,0,0,0,0,0,0,0,0,0,0,0,0,0,0,0,82.5741,0,0,0
"MtrElec",8,17,4,"",85.9347,0,0,0,0,0,0,0,0,0,0,0,0,0,0,0,0,0,0,0,0,85.9347,0,0,0
"MtrElec",8,17,5,"",75.6584,0,0,0,0,0,0,0,0,0,0,0,0,0,0,0,0,0,0,0,0,75.6584,0,0,0
"MtrElec",8,17,6,"",84.1512,0,0,0,0,0,0,0,0,0,0,0,0,0,0,0,0,0,0,0,0,84.1512,0,0,0
"MtrElec",8,17,7,"",81.9218,0,0,0,0,0,0,0,0,0,0,0,0,0,0,0,0,0,0,0,0,93.6237,0,0,-11.7018
"MtrElec",8,17,8,"",35.5727,0,0,0,0,0,0,0,0,0,0,0,0,0,0,0,0,0,0,0,0,109.191,0,0,-73.6178
"MtrElec",8,17,9,"",0,0,0,0,0,0,0,0,0,0,0,0,0,0,0,0,0,0,0,0,0,144.645,0,59.2332,-203.879
"MtrElec",8,17,10,"",0,0,0,0,0,0,0,0,0,0,0,0,0,0,0,0,0,0,0,0,0,164.107,0,160.531,-324.637
"MtrElec",8,17,11,"",0,0,0,0,0,0,0,0,0,0,0,0,0,0,0,0,0,0,0,0,0,234.625,0,185.713,-420.339
"MtrElec",8,17,12,"",-121.926,0,0,0,0,0,0,0,0,0,0,0,0,0,0,0,0,0,0,0,0,216.257,0,156.269,-494.452
"MtrElec",8,17,13,"",-259.793,0,0,0,0,0,0,0,0,0,0,0,0,0,0,0,0,0,0,0,0,271.096,0,0,-530.89
"MtrElec",8,17,14,"",-359.248,0,0,0,0,0,0,0,0,0,0,0,0,0,0,0,0,0,0,0,0,171.601,0,0,-530.849
"MtrElec",8,17,15,"",-304.203,0,0,0,0,0,0,0,0,0,0,0,0,0,0,0,0,0,0,0,0,190.197,0,0,-494.4
"MtrElec",8,17,16,"",-204.742,0,0,0,0,0,0,0,0,0,0,0,0,0,0,0,0,0,0,0,0,218.801,0,0,-423.543
"MtrElec",8,17,17,"",-77.0153,0,0,0,0,0,0,0,0,0,0,0,0,0,0,0,0,0,0,0,0,244.3,0,0,-321.315
"MtrElec",8,17,18,"",85.4754,0,0,0,0,0,0,0,0,0,0,0,0,0,0,0,0,0,0,0,0,276.721,0,0,-191.246
"MtrElec",8,17,19,"",21.8674,0,0,0,0,0,0,0,0,0,0,0,0,0,0,0,0,0,0,0,0,302.427,0,-224.226,-56.3332
"MtrElec",8,17,20,"",40.5713,0,0,0,0,0,0,0,0,0,0,0,0,0,0,0,0,0,0,0,0,267.277,0,-224.226,-2.47886
"MtrElec",8,17,21,"",181.672,0,0,0,0,0,0,0,0,0,0,0,0,0,0,0,0,0,0,0,0,240.195,0,-58.5231,0
"MtrElec",8,17,22,"",188.758,0,0,0,0,0,0,0,0,0,0,0,0,0,0,0,0,0,0,0,0,188.758,0,0,0
"MtrElec",8,17,23,"",184.035,0,0,0,0,0,0,0,0,0,0,0,0,0,0,0,0,0,0,0,0,184.035,0,0,0
"MtrElec",8,17,24,"",127.608,0,0,0,0,0,0,0,0,0,0,0,0,0,0,0,0,0,0,0,0,127.608,0,0,0
"MtrElec",8,18,1,"",111.856,0,0,0,0,0,0,0,0,0,0,0,0,0,0,0,0,0,0,0,0,111.856,0,0,0
"MtrElec",8,18,2,"",93.1446,0,0,0,0,0,0,0,0,0,0,0,0,0,0,0,0,0,0,0,0,93.1446,0,0,0
"MtrElec",8,18,3,"",89.1152,0,0,0,0,0,0,0,0,0,0,0,0,0,0,0,0,0,0,0,0,89.1152,0,0,0
"MtrElec",8,18,4,"",91.1147,0,0,0,0,0,0,0,0,0,0,0,0,0,0,0,0,0,0,0,0,91.1147,0,0,0
"MtrElec",8,18,5,"",80.0065,0,0,0,0,0,0,0,0,0,0,0,0,0,0,0,0,0,0,0,0,80.0065,0,0,0
"MtrElec",8,18,6,"",82.943,0,0,0,0,0,0,0,0,0,0,0,0,0,0,0,0,0,0,0,0,82.943,0,0,0
"MtrElec",8,18,7,"",76.8611,0,0,0,0,0,0,0,0,0,0,0,0,0,0,0,0,0,0,0,0,88.6276,0,0,-11.7665
"MtrElec",8,18,8,"",49.1503,0,0,0,0,0,0,0,0,0,0,0,0,0,0,0,0,0,0,0,0,124.035,0,0,-74.8848
"MtrElec",8,18,9,"",0,0,0,0,0,0,0,0,0,0,0,0,0,0,0,0,0,0,0,0,0,137.439,0,75.1501,-212.589
"MtrElec",8,18,10,"",0,0,0,0,0,0,0,0,0,0,0,0,0,0,0,0,0,0,0,0,0,170.215,0,164.63,-334.844
"MtrElec",8,18,11,"",-19.031,0,0,0,0,0,0,0,0,0,0,0,0,0,0,0,0,0,0,0,0,187.736,0,224.226,-430.994
"MtrElec",8,18,12,"",-227.574,0,0,0,0,0,0,0,0,0,0,0,0,0,0,0,0,0,0,0,0,177.171,0,97.7399,-502.485
"MtrElec",8,18,13,"",-319.936,0,0,0,0,0,0,0,0,0,0,0,0,0,0,0,0,0,0,0,0,217.569,0,0,-537.505
"MtrElec",8,18,14,"",-363.986,0,0,0,0,0,0,0,0,0,0,0,0,0,0,0,0,0,0,0,0,171.483,0,0,-535.469
"MtrElec",8,18,15,"",-309.171,0,0,0,0,0,0,0,0,0,0,0,0,0,0,0,0,0,0,0,0,191.811,0,0,-500.981
"MtrElec",8,18,16,"",-210.74,0,0,0,0,0,0,0,0,0,0,0,0,0,0,0,0,0,0,0,0,219.601,0,0,-430.341
"MtrElec",8,18,17,"",-62.8158,0,0,0,0,0,0,0,0,0,0,0,0,0,0,0,0,0,0,0,0,261.897,0,0,-324.713
"MtrElec",8,18,18,"",54.1304,0,0,0,0,0,0,0,0,0,0,0,0,0,0,0,0,0,0,0,0,245.32,0,0,-191.189
"MtrElec",8,18,19,"",-4.3205,0,0,0,0,0,0,0,0,0,0,0,0,0,0,0,0,0,0,0,0,276.247,0,-224.226,-56.3412
"MtrElec",8,18,20,"",20.8285,0,0,0,0,0,0,0,0,0,0,0,0,0,0,0,0,0,0,0,0,247.116,0,-224.226,-2.06075
"MtrElec",8,18,21,"",188.929,0,0,0,0,0,0,0,0,0,0,0,0,0,0,0,0,0,0,0,0,247.452,0,-58.5231,0
"MtrElec",8,18,22,"",175.196,0,0,0,0,0,0,0,0,0,0,0,0,0,0,0,0,0,0,0,0,175.196,0,0,0
"MtrElec",8,18,23,"",166.816,0,0,0,0,0,0,0,0,0,0,0,0,0,0,0,0,0,0,0,0,166.816,0,0,0
"MtrElec",8,18,24,"",168.919,0,0,0,0,0,0,0,0,0,0,0,0,0,0,0,0,0,0,0,0,168.919,0,0,0
"MtrElec",8,19,1,"",94.9895,0,0,0,0,0,0,0,0,0,0,0,0,0,0,0,0,0,0,0,0,94.9895,0,0,0
"MtrElec",8,19,2,"",85.3359,0,0,0,0,0,0,0,0,0,0,0,0,0,0,0,0,0,0,0,0,85.3359,0,0,0
"MtrElec",8,19,3,"",78.9733,0,0,0,0,0,0,0,0,0,0,0,0,0,0,0,0,0,0,0,0,78.9733,0,0,0
"MtrElec",8,19,4,"",76.9066,0,0,0,0,0,0,0,0,0,0,0,0,0,0,0,0,0,0,0,0,76.9066,0,0,0
"MtrElec",8,19,5,"",74.4406,0,0,0,0,0,0,0,0,0,0,0,0,0,0,0,0,0,0,0,0,74.4406,0,0,0
"MtrElec",8,19,6,"",82.6714,0,0,0,0,0,0,0,0,0,0,0,0,0,0,0,0,0,0,0,0,82.6714,0,0,0
"MtrElec",8,19,7,"",82.4883,0,0,0,0,0,0,0,0,0,0,0,0,0,0,0,0,0,0,0,0,93.7598,0,0,-11.2715
"MtrElec",8,19,8,"",27.4396,0,0,0,0,0,0,0,0,0,0,0,0,0,0,0,0,0,0,0,0,103.225,0,0,-75.7851
"MtrElec",8,19,9,"",0,0,0,0,0,0,0,0,0,0,0,0,0,0,0,0,0,0,0,0,0,125.554,0,94.5035,-220.057
"MtrElec",8,19,10,"",0,0,0,0,0,0,0,0,0,0,0,0,0,0,0,0,0,0,0,0,0,156.504,0,196.076,-352.579
"MtrElec",8,19,11,"",-13.1637,0,0,0,0,0,0,0,0,0,0,0,0,0,0,0,0,0,0,0,0,215.723,0,224.226,-453.113
"MtrElec",8,19,12,"",-289.435,0,0,0,0,0,0,0,0,0,0,0,0,0,0,0,0,0,0,0,0,184.619,0,46.9405,-520.994
"MtrElec",8,19,13,"",-400.531,0,0,0,0,0,0,0,0,0,0,0,0,0,0,0,0,0,0,0,0,155.257,0,0,-555.789
"MtrElec",8,19,14,"",-389.05,0,0,0,0,0,0,0,0,0,0,0,0,0,0,0,0,0,0,0,0,165.24,0,0,-554.29
"MtrElec",8,19,15,"",-321.539,0,0,0,0,0,0,0,0,0,0,0,0,0,0,0,0,0,0,0,0,191.683,0,0,-513.223
"MtrElec",8,19,16,"",-215.82,0,0,0,0,0,0,0,0,0,0,0,0,0,0,0,0,0,0,0,0,223.85,0,0,-439.669
"MtrElec",8,19,17,"",-53.1457,0,0,0,0,0,0,0,0,0,0,0,0,0,0,0,0,0,0,0,0,279.831,0,0,-332.976
"MtrElec",8,19,18,"",72.4367,0,0,0,0,0,0,0,0,0,0,0,0,0,0,0,0,0,0,0,0,269.428,0,0,-196.991
"MtrElec",8,19,19,"",-22.0514,0,0,0,0,0,0,0,0,0,0,0,0,0,0,0,0,0,0,0,0,258.804,0,-224.226,-56.6289
"MtrElec",8,19,20,"",12.3545,0,0,0,0,0,0,0,0,0,0,0,0,0,0,0,0,0,0,0,0,238.671,0,-224.226,-2.09032
"MtrElec",8,19,21,"",175.181,0,0,0,0,0,0,0,0,0,0,0,0,0,0,0,0,0,0,0,0,233.704,0,-58.5231,0
"MtrElec",8,19,22,"",176.306,0,0,0,0,0,0,0,0,0,0,0,0,0,0,0,0,0,0,0,0,176.306,0,0,0
"MtrElec",8,19,23,"",151.586,0,0,0,0,0,0,0,0,0,0,0,0,0,0,0,0,0,0,0,0,151.586,0,0,0
"MtrElec",8,19,24,"",127.587,0,0,0,0,0,0,0,0,0,0,0,0,0,0,0,0,0,0,0,0,127.587,0,0,0
"MtrElec",8,20,1,"",95.3673,0,0,0,0,0,0,0,0,0,0,0,0,0,0,0,0,0,0,0,0,95.3673,0,0,0
"MtrElec",8,20,2,"",82.6089,0,0,0,0,0,0,0,0,0,0,0,0,0,0,0,0,0,0,0,0,82.6089,0,0,0
"MtrElec",8,20,3,"",76.6189,0,0,0,0,0,0,0,0,0,0,0,0,0,0,0,0,0,0,0,0,76.6189,0,0,0
"MtrElec",8,20,4,"",74.4396,0,0,0,0,0,0,0,0,0,0,0,0,0,0,0,0,0,0,0,0,74.4396,0,0,0
"MtrElec",8,20,5,"",72.725,0,0,0,0,0,0,0,0,0,0,0,0,0,0,0,0,0,0,0,0,72.725,0,0,0
"MtrElec",8,20,6,"",81.0697,0,0,0,0,0,0,0,0,0,0,0,0,0,0,0,0,0,0,0,0,81.0697,0,0,0
"MtrElec",8,20,7,"",81.3257,0,0,0,0,0,0,0,0,0,0,0,0,0,0,0,0,0,0,0,0,92.5696,0,0,-11.244
"MtrElec",8,20,8,"",28.4811,0,0,0,0,0,0,0,0,0,0,0,0,0,0,0,0,0,0,0,0,102.596,0,0,-74.1151
"MtrElec",8,20,9,"",0,0,0,0,0,0,0,0,0,0,0,0,0,0,0,0,0,0,0,0,0,137.994,0,72.1484,-210.143
"MtrElec",8,20,10,"",0.0000078,0,0,0,0,0,0,0,0,0,0,0,0,0,0,0,0,0,0,0,0,125.789,0,206.699,-332.488
"MtrElec",8,20,11,"",-47.9246,0,0,0,0,0,0,0,0,0,0,0,0,0,0,0,0,0,0,0,0,157.096,0,224.226,-429.247
"MtrElec",8,20,12,"",-249.082,0,0,0,0,0,0,0,0,0,0,0,0,0,0,0,0,0,0,0,0,188.601,0,58.6727,-496.355
"MtrElec",8,20,13,"",-350.104,0,0,0,0,0,0,0,0,0,0,0,0,0,0,0,0,0,0,0,0,177.763,0,0,-527.866
"MtrElec",8,20,14,"",-375.237,0,0,0,0,0,0,0,0,0,0,0,0,0,0,0,0,0,0,0,0,151.655,0,0,-526.891
"MtrElec",8,20,15,"",-314.678,0,0,0,0,0,0,0,0,0,0,0,0,0,0,0,0,0,0,0,0,175.166,0,0,-489.844
"MtrElec",8,20,16,"",-214.063,0,0,0,0,0,0,0,0,0,0,0,0,0,0,0,0,0,0,0,0,204.987,0,0,-419.05
"MtrElec",8,20,17,"",-85.1149,0,0,0,0,0,0,0,0,0,0,0,0,0,0,0,0,0,0,0,0,229.361,0,0,-314.475
"MtrElec",8,20,18,"",58.5912,0,0,0,0,0,0,0,0,0,0,0,0,0,0,0,0,0,0,0,0,241.199,0,0,-182.608
"MtrElec",8,20,19,"",-13.7041,0,0,0,0,0,0,0,0,0,0,0,0,0,0,0,0,0,0,0,0,263.755,0,-224.226,-53.2322
"MtrElec",8,20,20,"",12.1212,0,0,0,0,0,0,0,0,0,0,0,0,0,0,0,0,0,0,0,0,237.964,0,-224.226,-1.61665
"MtrElec",8,20,21,"",188.111,0,0,0,0,0,0,0,0,0,0,0,0,0,0,0,0,0,0,0,0,246.634,0,-58.5231,0
"MtrElec",8,20,22,"",172.16,0,0,0,0,0,0,0,0,0,0,0,0,0,0,0,0,0,0,0,0,172.16,0,0,0
"MtrElec",8,20,23,"",165.771,0,0,0,0,0,0,0,0,0,0,0,0,0,0,0,0,0,0,0,0,165.771,0,0,0
"MtrElec",8,20,24,"",130.604,0,0,0,0,0,0,0,0,0,0,0,0,0,0,0,0,0,0,0,0,130.604,0,0,0
"MtrElec",8,21,1,"",105.652,0,0,0,0,0,0,0,0,0,0,0,0,0,0,0,0,0,0,0,0,105.652,0,0,0
"MtrElec",8,21,2,"",84.5962,0,0,0,0,0,0,0,0,0,0,0,0,0,0,0,0,0,0,0,0,84.5962,0,0,0
"MtrElec",8,21,3,"",78.3127,0,0,0,0,0,0,0,0,0,0,0,0,0,0,0,0,0,0,0,0,78.3127,0,0,0
"MtrElec",8,21,4,"",76.4207,0,0,0,0,0,0,0,0,0,0,0,0,0,0,0,0,0,0,0,0,76.4207,0,0,0
"MtrElec",8,21,5,"",74.2219,0,0,0,0,0,0,0,0,0,0,0,0,0,0,0,0,0,0,0,0,74.2219,0,0,0
"MtrElec",8,21,6,"",81.5607,0,0,0,0,0,0,0,0,0,0,0,0,0,0,0,0,0,0,0,0,81.5607,0,0,0
"MtrElec",8,21,7,"",76.1687,0,0,0,0,0,0,0,0,0,0,0,0,0,0,0,0,0,0,0,0,86.2169,0,0,-10.0483
"MtrElec",8,21,8,"",35.4137,0,0,0,0,0,0,0,0,0,0,0,0,0,0,0,0,0,0,0,0,108.534,0,0,-73.1203
"MtrElec",8,21,9,"",0.0000039,0,0,0,0,0,0,0,0,0,0,0,0,0,0,0,0,0,0,0,0,148.328,0,58.6052,-206.934
"MtrElec",8,21,10,"",0.0000078,0,0,0,0,0,0,0,0,0,0,0,0,0,0,0,0,0,0,0,0,213.51,0,115.172,-328.682
"MtrElec",8,21,11,"",0,0,0,0,0,0,0,0,0,0,0,0,0,0,0,0,0,0,0,0,0,198.244,0,219.27,-417.514
"MtrElec",8,21,12,"",-143.048,0,0,0,0,0,0,0,0,0,0,0,0,0,0,0,0,0,0,0,0,175.607,0,168.699,-487.355
"MtrElec",8,21,13,"",-323.67,0,0,0,0,0,0,0,0,0,0,0,0,0,0,0,0,0,0,0,0,204.037,0,0,-527.707
"MtrElec",8,21,14,"",-347.104,0,0,0,0,0,0,0,0,0,0,0,0,0,0,0,0,0,0,0,0,181.938,0,0,-529.041
"MtrElec",8,21,15,"",-298.141,0,0,0,0,0,0,0,0,0,0,0,0,0,0,0,0,0,0,0,0,195.061,0,0,-493.202
"MtrElec",8,21,16,"",-218.984,0,0,0,0,0,0,0,0,0,0,0,0,0,0,0,0,0,0,0,0,202.458,0,0,-421.442
"MtrElec",8,21,17,"",-71.0938,0,0,0,0,0,0,0,0,0,0,0,0,0,0,0,0,0,0,0,0,245.298,0,0,-316.391
"MtrElec",8,21,18,"",90.1532,0,0,0,0,0,0,0,0,0,0,0,0,0,0,0,0,0,0,0,0,274.244,0,0,-184.091
"MtrElec",8,21,19,"",-5.50533,0,0,0,0,0,0,0,0,0,0,0,0,0,0,0,0,0,0,0,0,270.353,0,-224.226,-51.6319
"MtrElec",8,21,20,"",35.205,0,0,0,0,0,0,0,0,0,0,0,0,0,0,0,0,0,0,0,0,260.606,0,-224.226,-1.1748
"MtrElec",8,21,21,"",176.284,0,0,0,0,0,0,0,0,0,0,0,0,0,0,0,0,0,0,0,0,234.807,0,-58.5231,0
"MtrElec",8,21,22,"",183.976,0,0,0,0,0,0,0,0,0,0,0,0,0,0,0,0,0,0,0,0,183.976,0,0,0
"MtrElec",8,21,23,"",146.175,0,0,0,0,0,0,0,0,0,0,0,0,0,0,0,0,0,0,0,0,146.175,0,0,0
"MtrElec",8,21,24,"",139.189,0,0,0,0,0,0,0,0,0,0,0,0,0,0,0,0,0,0,0,0,139.189,0,0,0
"MtrElec",8,22,1,"",110.56,0,0,0,0,0,0,0,0,0,0,0,0,0,0,0,0,0,0,0,0,110.56,0,0,0
"MtrElec",8,22,2,"",82.2851,0,0,0,0,0,0,0,0,0,0,0,0,0,0,0,0,0,0,0,0,82.2851,0,0,0
"MtrElec",8,22,3,"",79.1088,0,0,0,0,0,0,0,0,0,0,0,0,0,0,0,0,0,0,0,0,79.1088,0,0,0
"MtrElec",8,22,4,"",78.1598,0,0,0,0,0,0,0,0,0,0,0,0,0,0,0,0,0,0,0,0,78.1598,0,0,0
"MtrElec",8,22,5,"",81.312,0,0,0,0,0,0,0,0,0,0,0,0,0,0,0,0,0,0,0,0,81.312,0,0,0
"MtrElec",8,22,6,"",79.1743,0,0,0,0,0,0,0,0,0,0,0,0,0,0,0,0,0,0,0,0,79.1743,0,0,0
"MtrElec",8,22,7,"",76.1898,0,0,0,0,0,0,0,0,0,0,0,0,0,0,0,0,0,0,0,0,86.207,0,0,-10.0173
"MtrElec",8,22,8,"",49.9518,0,0,0,0,0,0,0,0,0,0,0,0,0,0,0,0,0,0,0,0,123.089,0,0,-73.1371
"MtrElec",8,22,9,"",0,0,0,0,0,0,0,0,0,0,0,0,0,0,0,0,0,0,0,0,0,153.587,0,58.9591,-212.546
"MtrElec",8,22,10,"",0,0,0,0,0,0,0,0,0,0,0,0,0,0,0,0,0,0,0,0,0,176.262,0,167.064,-343.326
"MtrElec",8,22,11,"",-60.4606,0,0,0,0,0,0,0,0,0,0,0,0,0,0,0,0,0,0,0,0,156.065,0,224.226,-440.753
"MtrElec",8,22,12,"",-187.282,0,0,0,0,0,0,0,0,0,0,0,0,0,0,0,0,0,0,0,0,205.488,0,111.497,-504.266
"MtrElec",8,22,13,"",-304.702,0,0,0,0,0,0,0,0,0,0,0,0,0,0,0,0,0,0,0,0,230.394,0,0,-535.096
"MtrElec",8,22,14,"",-345.009,0,0,0,0,0,0,0,0,0,0,0,0,0,0,0,0,0,0,0,0,186.318,0,0,-531.327
"MtrElec",8,22,15,"",-288.11,0,0,0,0,0,0,0,0,0,0,0,0,0,0,0,0,0,0,0,0,208.747,0,0,-496.857
"MtrElec",8,22,16,"",-218.601,0,0,0,0,0,0,0,0,0,0,0,0,0,0,0,0,0,0,0,0,206.222,0,0,-424.823
"MtrElec",8,22,17,"",-93.4647,0,0,0,0,0,0,0,0,0,0,0,0,0,0,0,0,0,0,0,0,224.853,0,0,-318.318
"MtrElec",8,22,18,"",86.5161,0,0,0,0,0,0,0,0,0,0,0,0,0,0,0,0,0,0,0,0,270.954,0,0,-184.438
"MtrElec",8,22,19,"",60.4855,0,0,0,0,0,0,0,0,0,0,0,0,0,0,0,0,0,0,0,0,335.441,0,-224.226,-50.7287
"MtrElec",8,22,20,"",33.4831,0,0,0,0,0,0,0,0,0,0,0,0,0,0,0,0,0,0,0,0,258.864,0,-224.226,-1.15408
"MtrElec",8,22,21,"",167.716,0,0,0,0,0,0,0,0,0,0,0,0,0,0,0,0,0,0,0,0,226.24,0,-58.5231,0
"MtrElec",8,22,22,"",209.594,0,0,0,0,0,0,0,0,0,0,0,0,0,0,0,0,0,0,0,0,209.594,0,0,0
"MtrElec",8,22,23,"",147.155,0,0,0,0,0,0,0,0,0,0,0,0,0,0,0,0,0,0,0,0,147.155,0,0,0
"MtrElec",8,22,24,"",164.929,0,0,0,0,0,0,0,0,0,0,0,0,0,0,0,0,0,0,0,0,164.929,0,0,0
"MtrElec",8,23,1,"",107.795,0,0,0,0,0,0,0,0,0,0,0,0,0,0,0,0,0,0,0,0,107.795,0,0,0
"MtrElec",8,23,2,"",85.8842,0,0,0,0,0,0,0,0,0,0,0,0,0,0,0,0,0,0,0,0,85.8842,0,0,0
"MtrElec",8,23,3,"",84.1345,0,0,0,0,0,0,0,0,0,0,0,0,0,0,0,0,0,0,0,0,84.1345,0,0,0
"MtrElec",8,23,4,"",84.5842,0,0,0,0,0,0,0,0,0,0,0,0,0,0,0,0,0,0,0,0,84.5842,0,0,0
"MtrElec",8,23,5,"",104.9,0,0,0,0,0,0,0,0,0,0,0,0,0,0,0,0,0,0,0,0,104.9,0,0,0
"MtrElec",8,23,6,"",79.7052,0,0,0,0,0,0,0,0,0,0,0,0,0,0,0,0,0,0,0,0,79.7052,0,0,0
"MtrElec",8,23,7,"",76.7767,0,0,0,0,0,0,0,0,0,0,0,0,0,0,0,0,0,0,0,0,86.8123,0,0,-10.0356
"MtrElec",8,23,8,"",50.4387,0,0,0,0,0,0,0,0,0,0,0,0,0,0,0,0,0,0,0,0,124.13,0,0,-73.6908
"MtrElec",8,23,9,"",0.0000078,0,0,0,0,0,0,0,0,0,0,0,0,0,0,0,0,0,0,0,0,143.905,0,68.7619,-212.666
"MtrElec",8,23,10,"",0,0,0,0,0,0,0,0,0,0,0,0,0,0,0,0,0,0,0,0,0,181.965,0,154.891,-336.856
"MtrElec",8,23,11,"",0,0,0,0,0,0,0,0,0,0,0,0,0,0,0,0,0,0,0,0,0,227.912,0,212.201,-440.113
"MtrElec",8,23,12,"",-188.235,0,0,0,0,0,0,0,0,0,0,0,0,0,0,0,0,0,0,0,0,194.493,0,125.893,-508.62
"MtrElec",8,23,13,"",-295.664,0,0,0,0,0,0,0,0,0,0,0,0,0,0,0,0,0,0,0,0,239.259,0,0,-534.923
"MtrElec",8,23,14,"",-327.242,0,0,0,0,0,0,0,0,0,0,0,0,0,0,0,0,0,0,0,0,203.298,0,0,-530.54
"MtrElec",8,23,15,"",-246.132,0,0,0,0,0,0,0,0,0,0,0,0,0,0,0,0,0,0,0,0,247.773,0,0,-493.904
"MtrElec",8,23,16,"",-178.415,0,0,0,0,0,0,0,0,0,0,0,0,0,0,0,0,0,0,0,0,244.82,0,0,-423.235
"MtrElec",8,23,17,"",-47.2928,0,0,0,0,0,0,0,0,0,0,0,0,0,0,0,0,0,0,0,0,268.684,0,0,-315.976
"MtrElec",8,23,18,"",104.187,0,0,0,0,0,0,0,0,0,0,0,0,0,0,0,0,0,0,0,0,286.937,0,0,-182.75
"MtrElec",8,23,19,"",58.6895,0,0,0,0,0,0,0,0,0,0,0,0,0,0,0,0,0,0,0,0,332.793,0,-224.226,-49.8772
"MtrElec",8,23,20,"",74.4794,0,0,0,0,0,0,0,0,0,0,0,0,0,0,0,0,0,0,0,0,299.365,0,-224.226,-0.659602
"MtrElec",8,23,21,"",163.751,0,0,0,0,0,0,0,0,0,0,0,0,0,0,0,0,0,0,0,0,222.274,0,-58.5231,0
"MtrElec",8,23,22,"",201.159,0,0,0,0,0,0,0,0,0,0,0,0,0,0,0,0,0,0,0,0,201.159,0,0,0
"MtrElec",8,23,23,"",161.467,0,0,0,0,0,0,0,0,0,0,0,0,0,0,0,0,0,0,0,0,161.467,0,0,0
"MtrElec",8,23,24,"",155.627,0,0,0,0,0,0,0,0,0,0,0,0,0,0,0,0,0,0,0,0,155.627,0,0,0
"MtrElec",8,24,1,"",130.117,0,0,0,0,0,0,0,0,0,0,0,0,0,0,0,0,0,0,0,0,130.117,0,0,0
"MtrElec",8,24,2,"",90.911,0,0,0,0,0,0,0,0,0,0,0,0,0,0,0,0,0,0,0,0,90.911,0,0,0
"MtrElec",8,24,3,"",85.0844,0,0,0,0,0,0,0,0,0,0,0,0,0,0,0,0,0,0,0,0,85.0844,0,0,0
"MtrElec",8,24,4,"",82.1449,0,0,0,0,0,0,0,0,0,0,0,0,0,0,0,0,0,0,0,0,82.1449,0,0,0
"MtrElec",8,24,5,"",80.1041,0,0,0,0,0,0,0,0,0,0,0,0,0,0,0,0,0,0,0,0,80.1041,0,0,0
"MtrElec",8,24,6,"",83.9666,0,0,0,0,0,0,0,0,0,0,0,0,0,0,0,0,0,0,0,0,83.9666,0,0,0
"MtrElec",8,24,7,"",85.0406,0,0,0,0,0,0,0,0,0,0,0,0,0,0,0,0,0,0,0,0,94.5531,0,0,-9.51256
"MtrElec",8,24,8,"",50.2059,0,0,0,0,0,0,0,0,0,0,0,0,0,0,0,0,0,0,0,0,121.662,0,0,-71.4557
"MtrElec",8,24,9,"",0,0,0,0,0,0,0,0,0,0,0,0,0,0,0,0,0,0,0,0,0,160.756,0,46.8527,-207.609
"MtrElec",8,24,10,"",0,0,0,0,0,0,0,0,0,0,0,0,0,0,0,0,0,0,0,0,0,176.76,0,152.838,-329.599
"MtrElec",8,24,11,"",0,0,0,0,0,0,0,0,0,0,0,0,0,0,0,0,0,0,0,0,0,204.696,0,213.463,-418.159
"MtrElec",8,24,12,"",-129.912,0,0,0,0,0,0,0,0,0,0,0,0,0,0,0,0,0,0,0,0,204.55,0,148.592,-483.054
"MtrElec",8,24,13,"",-233.014,0,0,0,0,0,0,0,0,0,0,0,0,0,0,0,0,0,0,0,0,276.168,0,0,-509.182
"MtrElec",8,24,14,"",-273.764,0,0,0,0,0,0,0,0,0,0,0,0,0,0,0,0,0,0,0,0,229.756,0,0,-503.521
"MtrElec",8,24,15,"",-202.849,0,0,0,0,0,0,0,0,0,0,0,0,0,0,0,0,0,0,0,0,263.792,0,0,-466.641
"MtrElec",8,24,16,"",-117.558,0,0,0,0,0,0,0,0,0,0,0,0,0,0,0,0,0,0,0,0,278.478,0,0,-396.036
"MtrElec",8,24,17,"",22.0497,0,0,0,0,0,0,0,0,0,0,0,0,0,0,0,0,0,0,0,0,316.461,0,0,-294.411
"MtrElec",8,24,18,"",155.076,0,0,0,0,0,0,0,0,0,0,0,0,0,0,0,0,0,0,0,0,322.216,0,0,-167.14
"MtrElec",8,24,19,"",45.3023,0,0,0,0,0,0,0,0,0,0,0,0,0,0,0,0,0,0,0,0,315.101,0,-224.226,-45.5717
"MtrElec",8,24,20,"",70.7896,0,0,0,0,0,0,0,0,0,0,0,0,0,0,0,0,0,0,0,0,295.147,0,-224.226,-0.131312
"MtrElec",8,24,21,"",227.737,0,0,0,0,0,0,0,0,0,0,0,0,0,0,0,0,0,0,0,0,286.26,0,-58.5231,0
"MtrElec",8,24,22,"",219.439,0,0,0,0,0,0,0,0,0,0,0,0,0,0,0,0,0,0,0,0,219.439,0,0,0
"MtrElec",8,24,23,"",198.995,0,0,0,0,0,0,0,0,0,0,0,0,0,0,0,0,0,0,0,0,198.995,0,0,0
"MtrElec",8,24,24,"",167.856,0,0,0,0,0,0,0,0,0,0,0,0,0,0,0,0,0,0,0,0,167.856,0,0,0
"MtrElec",8,25,1,"",128.117,0,0,0,0,0,0,0,0,0,0,0,0,0,0,0,0,0,0,0,0,128.117,0,0,0
"MtrElec",8,25,2,"",100.655,0,0,0,0,0,0,0,0,0,0,0,0,0,0,0,0,0,0,0,0,100.655,0,0,0
"MtrElec",8,25,3,"",91.2597,0,0,0,0,0,0,0,0,0,0,0,0,0,0,0,0,0,0,0,0,91.2597,0,0,0
"MtrElec",8,25,4,"",88.833,0,0,0,0,0,0,0,0,0,0,0,0,0,0,0,0,0,0,0,0,88.833,0,0,0
"MtrElec",8,25,5,"",86.9116,0,0,0,0,0,0,0,0,0,0,0,0,0,0,0,0,0,0,0,0,86.9116,0,0,0
"MtrElec",8,25,6,"",96.5502,0,0,0,0,0,0,0,0,0,0,0,0,0,0,0,0,0,0,0,0,96.5502,0,0,0
"MtrElec",8,25,7,"",115.423,0,0,0,0,0,0,0,0,0,0,0,0,0,0,0,0,0,0,0,0,124.018,0,0,-8.5943
"MtrElec",8,25,8,"",82.8768,0,0,0,0,0,0,0,0,0,0,0,0,0,0,0,0,0,0,0,0,152.652,0,0,-69.7755
"MtrElec",8,25,9,"",0.0000010,0,0,0,0,0,0,0,0,0,0,0,0,0,0,0,0,0,0,0,0,181.672,0,11.576,-193.248
"MtrElec",8,25,10,"",0,0,0,0,0,0,0,0,0,0,0,0,0,0,0,0,0,0,0,0,0,239.088,0,69.0621,-308.15
"MtrElec",8,25,11,"",0,0,0,0,0,0,0,0,0,0,0,0,0,0,0,0,0,0,0,0,0,239.008,0,165.787,-404.795
"MtrElec",8,25,12,"",-44.1805,0,0,0,0,0,0,0,0,0,0,0,0,0,0,0,0,0,0,0,0,210.021,0,224.226,-478.428
"MtrElec",8,25,13,"",-166.863,0,0,0,0,0,0,0,0,0,0,0,0,0,0,0,0,0,0,0,0,250.292,0,91.0951,-508.25
"MtrElec",8,25,14,"",-283.196,0,0,0,0,0,0,0,0,0,0,0,0,0,0,0,0,0,0,0,0,220.005,0,0,-503.2
"MtrElec",8,25,15,"",-223.284,0,0,0,0,0,0,0,0,0,0,0,0,0,0,0,0,0,0,0,0,235.928,0,0,-459.212
"MtrElec",8,25,16,"",-131.259,0,0,0,0,0,0,0,0,0,0,0,0,0,0,0,0,0,0,0,0,258.343,0,0,-389.602
"MtrElec",8,25,17,"",-3.60681,0,0,0,0,0,0,0,0,0,0,0,0,0,0,0,0,0,0,0,0,283.946,0,0,-287.553
"MtrElec",8,25,18,"",124.472,0,0,0,0,0,0,0,0,0,0,0,0,0,0,0,0,0,0,0,0,287.619,0,0,-163.147
"MtrElec",8,25,19,"",13.6084,0,0,0,0,0,0,0,0,0,0,0,0,0,0,0,0,0,0,0,0,283.279,0,-224.226,-45.444
"MtrElec",8,25,20,"",43.6637,0,0,0,0,0,0,0,0,0,0,0,0,0,0,0,0,0,0,0,0,267.89,0,-224.226,0
"MtrElec",8,25,21,"",197.906,0,0,0,0,0,0,0,0,0,0,0,0,0,0,0,0,0,0,0,0,256.429,0,-58.5231,0
"MtrElec",8,25,22,"",188.515,0,0,0,0,0,0,0,0,0,0,0,0,0,0,0,0,0,0,0,0,188.515,0,0,0
"MtrElec",8,25,23,"",193.118,0,0,0,0,0,0,0,0,0,0,0,0,0,0,0,0,0,0,0,0,193.118,0,0,0
"MtrElec",8,25,24,"",172.226,0,0,0,0,0,0,0,0,0,0,0,0,0,0,0,0,0,0,0,0,172.226,0,0,0
"MtrElec",8,26,1,"",116.209,0,0,0,0,0,0,0,0,0,0,0,0,0,0,0,0,0,0,0,0,116.209,0,0,0
"MtrElec",8,26,2,"",96.743,0,0,0,0,0,0,0,0,0,0,0,0,0,0,0,0,0,0,0,0,96.743,0,0,0
"MtrElec",8,26,3,"",92.2001,0,0,0,0,0,0,0,0,0,0,0,0,0,0,0,0,0,0,0,0,92.2001,0,0,0
"MtrElec",8,26,4,"",91.0867,0,0,0,0,0,0,0,0,0,0,0,0,0,0,0,0,0,0,0,0,91.0867,0,0,0
"MtrElec",8,26,5,"",90.3326,0,0,0,0,0,0,0,0,0,0,0,0,0,0,0,0,0,0,0,0,90.3326,0,0,0
"MtrElec",8,26,6,"",95.9381,0,0,0,0,0,0,0,0,0,0,0,0,0,0,0,0,0,0,0,0,95.9381,0,0,0
"MtrElec",8,26,7,"",101.775,0,0,0,0,0,0,0,0,0,0,0,0,0,0,0,0,0,0,0,0,110.411,0,0,-8.63642
"MtrElec",8,26,8,"",69.1908,0,0,0,0,0,0,0,0,0,0,0,0,0,0,0,0,0,0,0,0,139.598,0,0,-70.4073
"MtrElec",8,26,9,"",0,0,0,0,0,0,0,0,0,0,0,0,0,0,0,0,0,0,0,0,0,147.835,0,54.5313,-202.366
"MtrElec",8,26,10,"",0,0,0,0,0,0,0,0,0,0,0,0,0,0,0,0,0,0,0,0,0,186.039,0,142.94,-328.978
"MtrElec",8,26,11,"",0.0000156,0,0,0,0,0,0,0,0,0,0,0,0,0,0,0,0,0,0,0,0,238.365,0,185.465,-423.83
"MtrElec",8,26,12,"",-82.129,0,0,0,0,0,0,0,0,0,0,0,0,0,0,0,0,0,0,0,0,220.254,0,178.81,-481.193
"MtrElec",8,26,13,"",-265.76,0,0,0,0,0,0,0,0,0,0,0,0,0,0,0,0,0,0,0,0,251.214,0,0,-516.973
"MtrElec",8,26,14,"",-316.84,0,0,0,0,0,0,0,0,0,0,0,0,0,0,0,0,0,0,0,0,204.015,0,0,-520.855
"MtrElec",8,26,15,"",-245.672,0,0,0,0,0,0,0,0,0,0,0,0,0,0,0,0,0,0,0,0,239.938,0,0,-485.61
"MtrElec",8,26,16,"",-160.964,0,0,0,0,0,0,0,0,0,0,0,0,0,0,0,0,0,0,0,0,251.442,0,0,-412.406
"MtrElec",8,26,17,"",-28.5976,0,0,0,0,0,0,0,0,0,0,0,0,0,0,0,0,0,0,0,0,279.228,0,0,-307.826
"MtrElec",8,26,18,"",113.479,0,0,0,0,0,0,0,0,0,0,0,0,0,0,0,0,0,0,0,0,287.782,0,0,-174.303
"MtrElec",8,26,19,"",6.25506,0,0,0,0,0,0,0,0,0,0,0,0,0,0,0,0,0,0,0,0,276.128,0,-224.226,-45.6469
"MtrElec",8,26,20,"",23.4188,0,0,0,0,0,0,0,0,0,0,0,0,0,0,0,0,0,0,0,0,247.645,0,-224.226,0
"MtrElec",8,26,21,"",204.834,0,0,0,0,0,0,0,0,0,0,0,0,0,0,0,0,0,0,0,0,263.358,0,-58.5231,0
"MtrElec",8,26,22,"",199.219,0,0,0,0,0,0,0,0,0,0,0,0,0,0,0,0,0,0,0,0,199.219,0,0,0
"MtrElec",8,26,23,"",198.82,0,0,0,0,0,0,0,0,0,0,0,0,0,0,0,0,0,0,0,0,198.82,0,0,0
"MtrElec",8,26,24,"",178.307,0,0,0,0,0,0,0,0,0,0,0,0,0,0,0,0,0,0,0,0,178.307,0,0,0
"MtrElec",8,27,1,"",117.884,0,0,0,0,0,0,0,0,0,0,0,0,0,0,0,0,0,0,0,0,117.884,0,0,0
"MtrElec",8,27,2,"",92.5741,0,0,0,0,0,0,0,0,0,0,0,0,0,0,0,0,0,0,0,0,92.5741,0,0,0
"MtrElec",8,27,3,"",82.8874,0,0,0,0,0,0,0,0,0,0,0,0,0,0,0,0,0,0,0,0,82.8874,0,0,0
"MtrElec",8,27,4,"",78.4686,0,0,0,0,0,0,0,0,0,0,0,0,0,0,0,0,0,0,0,0,78.4686,0,0,0
"MtrElec",8,27,5,"",76.4149,0,0,0,0,0,0,0,0,0,0,0,0,0,0,0,0,0,0,0,0,76.4149,0,0,0
"MtrElec",8,27,6,"",84.9462,0,0,0,0,0,0,0,0,0,0,0,0,0,0,0,0,0,0,0,0,84.9462,0,0,0
"MtrElec",8,27,7,"",81.9547,0,0,0,0,0,0,0,0,0,0,0,0,0,0,0,0,0,0,0,0,90.216,0,0,-8.26123
"MtrElec",8,27,8,"",53.8424,0,0,0,0,0,0,0,0,0,0,0,0,0,0,0,0,0,0,0,0,126.31,0,0,-72.4675
"MtrElec",8,27,9,"",0.0000039,0,0,0,0,0,0,0,0,0,0,0,0,0,0,0,0,0,0,0,0,152.172,0,60.056,-212.228
"MtrElec",8,27,10,"",0,0,0,0,0,0,0,0,0,0,0,0,0,0,0,0,0,0,0,0,0,139.527,0,202.812,-342.338
"MtrElec",8,27,11,"",-38.7021,0,0,0,0,0,0,0,0,0,0,0,0,0,0,0,0,0,0,0,0,175.054,0,224.226,-437.983
"MtrElec",8,27,12,"",-249.967,0,0,0,0,0,0,0,0,0,0,0,0,0,0,0,0,0,0,0,0,178.329,0,74.6523,-502.949
"MtrElec",8,27,13,"",-332.289,0,0,0,0,0,0,0,0,0,0,0,0,0,0,0,0,0,0,0,0,201.921,0,0,-534.209
"MtrElec",8,27,14,"",-348.922,0,0,0,0,0,0,0,0,0,0,0,0,0,0,0,0,0,0,0,0,180.006,0,0,-528.929
"MtrElec",8,27,15,"",-281.068,0,0,0,0,0,0,0,0,0,0,0,0,0,0,0,0,0,0,0,0,207.833,0,0,-488.901
"MtrElec",8,27,16,"",-180.951,0,0,0,0,0,0,0,0,0,0,0,0,0,0,0,0,0,0,0,0,234.265,0,0,-415.216
"MtrElec",8,27,17,"",-50.5103,0,0,0,0,0,0,0,0,0,0,0,0,0,0,0,0,0,0,0,0,258.288,0,0,-308.798
"MtrElec",8,27,18,"",87.7634,0,0,0,0,0,0,0,0,0,0,0,0,0,0,0,0,0,0,0,0,262.034,0,0,-174.271
"MtrElec",8,27,19,"",11.6833,0,0,0,0,0,0,0,0,0,0,0,0,0,0,0,0,0,0,0,0,280.851,0,-224.226,-44.9414
"MtrElec",8,27,20,"",32.2569,0,0,0,0,0,0,0,0,0,0,0,0,0,0,0,0,0,0,0,0,256.483,0,-224.226,0
"MtrElec",8,27,21,"",195.871,0,0,0,0,0,0,0,0,0,0,0,0,0,0,0,0,0,0,0,0,254.394,0,-58.5231,0
"MtrElec",8,27,22,"",202.985,0,0,0,0,0,0,0,0,0,0,0,0,0,0,0,0,0,0,0,0,202.985,0,0,0
"MtrElec",8,27,23,"",181.84,0,0,0,0,0,0,0,0,0,0,0,0,0,0,0,0,0,0,0,0,181.84,0,0,0
"MtrElec",8,27,24,"",183.273,0,0,0,0,0,0,0,0,0,0,0,0,0,0,0,0,0,0,0,0,183.273,0,0,0
"MtrElec",8,28,1,"",127.725,0,0,0,0,0,0,0,0,0,0,0,0,0,0,0,0,0,0,0,0,127.725,0,0,0
"MtrElec",8,28,2,"",94.1416,0,0,0,0,0,0,0,0,0,0,0,0,0,0,0,0,0,0,0,0,94.1416,0,0,0
"MtrElec",8,28,3,"",86.3271,0,0,0,0,0,0,0,0,0,0,0,0,0,0,0,0,0,0,0,0,86.3271,0,0,0
"MtrElec",8,28,4,"",83.0095,0,0,0,0,0,0,0,0,0,0,0,0,0,0,0,0,0,0,0,0,83.0095,0,0,0
"MtrElec",8,28,5,"",78.6819,0,0,0,0,0,0,0,0,0,0,0,0,0,0,0,0,0,0,0,0,78.6819,0,0,0
"MtrElec",8,28,6,"",85.4011,0,0,0,0,0,0,0,0,0,0,0,0,0,0,0,0,0,0,0,0,85.4011,0,0,0
"MtrElec",8,28,7,"",80.3002,0,0,0,0,0,0,0,0,0,0,0,0,0,0,0,0,0,0,0,0,86.1712,0,0,-5.87097
"MtrElec",8,28,8,"",34.4432,0,0,0,0,0,0,0,0,0,0,0,0,0,0,0,0,0,0,0,0,105.912,0,0,-71.4686
"MtrElec",8,28,9,"",0.0000039,0,0,0,0,0,0,0,0,0,0,0,0,0,0,0,0,0,0,0,0,147.748,0,56.1674,-203.915
"MtrElec",8,28,10,"",0,0,0,0,0,0,0,0,0,0,0,0,0,0,0,0,0,0,0,0,0,168.939,0,160.869,-329.808
"MtrElec",8,28,11,"",0,0,0,0,0,0,0,0,0,0,0,0,0,0,0,0,0,0,0,0,0,222.603,0,203.989,-426.592
"MtrElec",8,28,12,"",-144.039,0,0,0,0,0,0,0,0,0,0,0,0,0,0,0,0,0,0,0,0,205.06,0,140.721,-489.82
"MtrElec",8,28,13,"",-260.507,0,0,0,0,0,0,0,0,0,0,0,0,0,0,0,0,0,0,0,0,255.765,0,0,-516.271
"MtrElec",8,28,14,"",-331.737,0,0,0,0,0,0,0,0,0,0,0,0,0,0,0,0,0,0,0,0,178.567,0,0,-510.304
"MtrElec",8,28,15,"",-265.12,0,0,0,0,0,0,0,0,0,0,0,0,0,0,0,0,0,0,0,0,207.992,0,0,-473.112
"MtrElec",8,28,16,"",-163.377,0,0,0,0,0,0,0,0,0,0,0,0,0,0,0,0,0,0,0,0,238.721,0,0,-402.098
"MtrElec",8,28,17,"",-20.6623,0,0,0,0,0,0,0,0,0,0,0,0,0,0,0,0,0,0,0,0,275.11,0,0,-295.773
"MtrElec",8,28,18,"",120.992,0,0,0,0,0,0,0,0,0,0,0,0,0,0,0,0,0,0,0,0,285.844,0,0,-164.851
"MtrElec",8,28,19,"",19.5344,0,0,0,0,0,0,0,0,0,0,0,0,0,0,0,0,0,0,0,0,286.306,0,-224.226,-42.5453
"MtrElec",8,28,20,"",29.418,0,0,0,0,0,0,0,0,0,0,0,0,0,0,0,0,0,0,0,0,253.644,0,-224.226,0
"MtrElec",8,28,21,"",183.654,0,0,0,0,0,0,0,0,0,0,0,0,0,0,0,0,0,0,0,0,242.177,0,-58.5231,0
"MtrElec",8,28,22,"",183.599,0,0,0,0,0,0,0,0,0,0,0,0,0,0,0,0,0,0,0,0,183.599,0,0,0
"MtrElec",8,28,23,"",196.022,0,0,0,0,0,0,0,0,0,0,0,0,0,0,0,0,0,0,0,0,196.022,0,0,0
"MtrElec",8,28,24,"",159.113,0,0,0,0,0,0,0,0,0,0,0,0,0,0,0,0,0,0,0,0,159.113,0,0,0
"MtrElec",8,29,1,"",104.018,0,0,0,0,0,0,0,0,0,0,0,0,0,0,0,0,0,0,0,0,104.018,0,0,0
"MtrElec",8,29,2,"",94.071,0,0,0,0,0,0,0,0,0,0,0,0,0,0,0,0,0,0,0,0,94.071,0,0,0
"MtrElec",8,29,3,"",89.0736,0,0,0,0,0,0,0,0,0,0,0,0,0,0,0,0,0,0,0,0,89.0736,0,0,0
"MtrElec",8,29,4,"",86.4333,0,0,0,0,0,0,0,0,0,0,0,0,0,0,0,0,0,0,0,0,86.4333,0,0,0
"MtrElec",8,29,5,"",100.258,0,0,0,0,0,0,0,0,0,0,0,0,0,0,0,0,0,0,0,0,100.258,0,0,0
"MtrElec",8,29,6,"",83.3214,0,0,0,0,0,0,0,0,0,0,0,0,0,0,0,0,0,0,0,0,83.3214,0,0,0
"MtrElec",8,29,7,"",79.7358,0,0,0,0,0,0,0,0,0,0,0,0,0,0,0,0,0,0,0,0,84.964,0,0,-5.2282
"MtrElec",8,29,8,"",39.7824,0,0,0,0,0,0,0,0,0,0,0,0,0,0,0,0,0,0,0,0,111.063,0,0,-71.2807
"MtrElec",8,29,9,"",0,0,0,0,0,0,0,0,0,0,0,0,0,0,0,0,0,0,0,0,0,152.584,0,50.1181,-202.702
"MtrElec",8,29,10,"",0,0,0,0,0,0,0,0,0,0,0,0,0,0,0,0,0,0,0,0,0,201.58,0,122.799,-324.379
"MtrElec",8,29,11,"",0,0,0,0,0,0,0,0,0,0,0,0,0,0,0,0,0,0,0,0,0,262.423,0,125.184,-387.607
"MtrElec",8,29,12,"",0,0,0,0,0,0,0,0,0,0,0,0,0,0,0,0,0,0,0,0,0,278.492,0,106.452,-384.945
"MtrElec",8,29,13,"",0.0000078,0,0,0,0,0,0,0,0,0,0,0,0,0,0,0,0,0,0,0,0,320.102,0,119.094,-439.196
"MtrElec",8,29,14,"",-106.841,0,0,0,0,0,0,0,0,0,0,0,0,0,0,0,0,0,0,0,0,289.599,0,38.0989,-434.539
"MtrElec",8,29,15,"",-87.5612,0,0,0,0,0,0,0,0,0,0,0,0,0,0,0,0,0,0,0,0,323.985,0,0,-411.547
"MtrElec",8,29,16,"",-72.2878,0,0,0,0,0,0,0,0,0,0,0,0,0,0,0,0,0,0,0,0,276.915,0,0,-349.202
"MtrElec",8,29,17,"",38.229,0,0,0,0,0,0,0,0,0,0,0,0,0,0,0,0,0,0,0,0,284.891,0,0,-246.661
"MtrElec",8,29,18,"",141.385,0,0,0,0,0,0,0,0,0,0,0,0,0,0,0,0,0,0,0,0,286.347,0,0,-144.962
"MtrElec",8,29,19,"",42.5544,0,0,0,0,0,0,0,0,0,0,0,0,0,0,0,0,0,0,0,0,307.269,0,-224.226,-40.4884
"MtrElec",8,29,20,"",66.395,0,0,0,0,0,0,0,0,0,0,0,0,0,0,0,0,0,0,0,0,290.621,0,-224.226,0
"MtrElec",8,29,21,"",171.841,0,0,0,0,0,0,0,0,0,0,0,0,0,0,0,0,0,0,0,0,230.364,0,-58.5231,0
"MtrElec",8,29,22,"",198.724,0,0,0,0,0,0,0,0,0,0,0,0,0,0,0,0,0,0,0,0,198.724,0,0,0
"MtrElec",8,29,23,"",187.928,0,0,0,0,0,0,0,0,0,0,0,0,0,0,0,0,0,0,0,0,187.928,0,0,0
"MtrElec",8,29,24,"",193.211,0,0,0,0,0,0,0,0,0,0,0,0,0,0,0,0,0,0,0,0,193.211,0,0,0
"MtrElec",8,30,1,"",139.743,0,0,0,0,0,0,0,0,0,0,0,0,0,0,0,0,0,0,0,0,139.743,0,0,0
"MtrElec",8,30,2,"",104.813,0,0,0,0,0,0,0,0,0,0,0,0,0,0,0,0,0,0,0,0,104.813,0,0,0
"MtrElec",8,30,3,"",96.2254,0,0,0,0,0,0,0,0,0,0,0,0,0,0,0,0,0,0,0,0,96.2254,0,0,0
"MtrElec",8,30,4,"",95.5382,0,0,0,0,0,0,0,0,0,0,0,0,0,0,0,0,0,0,0,0,95.5382,0,0,0
"MtrElec",8,30,5,"",106.05,0,0,0,0,0,0,0,0,0,0,0,0,0,0,0,0,0,0,0,0,106.05,0,0,0
"MtrElec",8,30,6,"",98.907,0,0,0,0,0,0,0,0,0,0,0,0,0,0,0,0,0,0,0,0,98.907,0,0,0
"MtrElec",8,30,7,"",113.337,0,0,0,0,0,0,0,0,0,0,0,0,0,0,0,0,0,0,0,0,113.337,0,0,0
"MtrElec",8,30,8,"",129.676,0,0,0,0,0,0,0,0,0,0,0,0,0,0,0,0,0,0,0,0,146.031,0,0,-16.3554
"MtrElec",8,30,9,"",119.363,0,0,0,0,0,0,0,0,0,0,0,0,0,0,0,0,0,0,0,0,157.337,0,0,-37.9738
"MtrElec",8,30,10,"",0,0,0,0,0,0,0,0,0,0,0,0,0,0,0,0,0,0,0,0,0,184.749,0,19.3167,-204.066
"MtrElec",8,30,11,"",0,0,0,0,0,0,0,0,0,0,0,0,0,0,0,0,0,0,0,0,0,251.08,0,157.51,-408.59
"MtrElec",8,30,12,"",0,0,0,0,0,0,0,0,0,0,0,0,0,0,0,0,0,0,0,0,0,289.03,0,184.61,-473.64
"MtrElec",8,30,13,"",-44.6583,0,0,0,0,0,0,0,0,0,0,0,0,0,0,0,0,0,0,0,0,256.422,0,200.31,-501.39
"MtrElec",8,30,14,"",-249.894,0,0,0,0,0,0,0,0,0,0,0,0,0,0,0,0,0,0,0,0,247.007,0,0,-496.901
"MtrElec",8,30,15,"",-184.99,0,0,0,0,0,0,0,0,0,0,0,0,0,0,0,0,0,0,0,0,276.58,0,0,-461.57
"MtrElec",8,30,16,"",-140.366,0,0,0,0,0,0,0,0,0,0,0,0,0,0,0,0,0,0,0,0,242.462,0,0,-382.827
"MtrElec",8,30,17,"",-30.4651,0,0,0,0,0,0,0,0,0,0,0,0,0,0,0,0,0,0,0,0,246.208,0,0,-276.673
"MtrElec",8,30,18,"",117.686,0,0,0,0,0,0,0,0,0,0,0,0,0,0,0,0,0,0,0,0,269.095,0,0,-151.409
"MtrElec",8,30,19,"",51.6488,0,0,0,0,0,0,0,0,0,0,0,0,0,0,0,0,0,0,0,0,314.822,0,-224.226,-38.9468
"MtrElec",8,30,20,"",63.7128,0,0,0,0,0,0,0,0,0,0,0,0,0,0,0,0,0,0,0,0,287.939,0,-224.226,0
"MtrElec",8,30,21,"",191.089,0,0,0,0,0,0,0,0,0,0,0,0,0,0,0,0,0,0,0,0,249.612,0,-58.5231,0
"MtrElec",8,30,22,"",245.644,0,0,0,0,0,0,0,0,0,0,0,0,0,0,0,0,0,0,0,0,245.644,0,0,0
"MtrElec",8,30,23,"",172.206,0,0,0,0,0,0,0,0,0,0,0,0,0,0,0,0,0,0,0,0,172.206,0,0,0
"MtrElec",8,30,24,"",167.505,0,0,0,0,0,0,0,0,0,0,0,0,0,0,0,0,0,0,0,0,167.505,0,0,0
"MtrElec",8,31,1,"",123.36,0,0,0,0,0,0,0,0,0,0,0,0,0,0,0,0,0,0,0,0,123.36,0,0,0
"MtrElec",8,31,2,"",102.14,0,0,0,0,0,0,0,0,0,0,0,0,0,0,0,0,0,0,0,0,102.14,0,0,0
"MtrElec",8,31,3,"",92.5014,0,0,0,0,0,0,0,0,0,0,0,0,0,0,0,0,0,0,0,0,92.5014,0,0,0
"MtrElec",8,31,4,"",87.4003,0,0,0,0,0,0,0,0,0,0,0,0,0,0,0,0,0,0,0,0,87.4003,0,0,0
"MtrElec",8,31,5,"",82.1596,0,0,0,0,0,0,0,0,0,0,0,0,0,0,0,0,0,0,0,0,82.1596,0,0,0
"MtrElec",8,31,6,"",90.637,0,0,0,0,0,0,0,0,0,0,0,0,0,0,0,0,0,0,0,0,90.637,0,0,0
"MtrElec",8,31,7,"",95.1816,0,0,0,0,0,0,0,0,0,0,0,0,0,0,0,0,0,0,0,0,99.2158,0,0,-4.0342
"MtrElec",8,31,8,"",58.2402,0,0,0,0,0,0,0,0,0,0,0,0,0,0,0,0,0,0,0,0,127.923,0,0,-69.6827
"MtrElec",8,31,9,"",0.0000039,0,0,0,0,0,0,0,0,0,0,0,0,0,0,0,0,0,0,0,0,158.472,0,36.225,-194.697
"MtrElec",8,31,10,"",0.0000156,0,0,0,0,0,0,0,0,0,0,0,0,0,0,0,0,0,0,0,0,162.216,0,152.502,-314.718
"MtrElec",8,31,11,"",0,0,0,0,0,0,0,0,0,0,0,0,0,0,0,0,0,0,0,0,0,193.822,0,217.164,-410.986
"MtrElec",8,31,12,"",-115.244,0,0,0,0,0,0,0,0,0,0,0,0,0,0,0,0,0,0,0,0,215.81,0,155.855,-486.909
"MtrElec",8,31,13,"",-272.373,0,0,0,0,0,0,0,0,0,0,0,0,0,0,0,0,0,0,0,0,246.385,0,0,-518.758
"MtrElec",8,31,14,"",-321.64,0,0,0,0,0,0,0,0,0,0,0,0,0,0,0,0,0,0,0,0,193.98,0,0,-515.62
"MtrElec",8,31,15,"",-283.627,0,0,0,0,0,0,0,0,0,0,0,0,0,0,0,0,0,0,0,0,195.183,0,0,-478.81
"MtrElec",8,31,16,"",-181.959,0,0,0,0,0,0,0,0,0,0,0,0,0,0,0,0,0,0,0,0,220.227,0,0,-402.186
"MtrElec",8,31,17,"",-38.1765,0,0,0,0,0,0,0,0,0,0,0,0,0,0,0,0,0,0,0,0,255.328,0,0,-293.505
"MtrElec",8,31,18,"",95.0717,0,0,0,0,0,0,0,0,0,0,0,0,0,0,0,0,0,0,0,0,256.126,0,0,-161.055
"MtrElec",8,31,19,"",-12.0344,0,0,0,0,0,0,0,0,0,0,0,0,0,0,0,0,0,0,0,0,251.648,0,-224.226,-39.4563
"MtrElec",8,31,20,"",3.66967,0,0,0,0,0,0,0,0,0,0,0,0,0,0,0,0,0,0,0,0,227.896,0,-224.226,0
"MtrElec",8,31,21,"",161.598,0,0,0,0,0,0,0,0,0,0,0,0,0,0,0,0,0,0,0,0,220.121,0,-58.5231,0
"MtrElec",8,31,22,"",185.471,0,0,0,0,0,0,0,0,0,0,0,0,0,0,0,0,0,0,0,0,185.471,0,0,0
"MtrElec",8,31,23,"",173.235,0,0,0,0,0,0,0,0,0,0,0,0,0,0,0,0,0,0,0,0,173.235,0,0,0
"MtrElec",8,31,24,"",136.376,0,0,0,0,0,0,0,0,0,0,0,0,0,0,0,0,0,0,0,0,136.376,0,0,0
"MtrElec",9,1,1,"",107.048,0,0,0,0,0,0,0,0,0,0,0,0,0,0,0,0,0,0,0,0,107.048,0,0,0
"MtrElec",9,1,2,"",98.459,0,0,0,0,0,0,0,0,0,0,0,0,0,0,0,0,0,0,0,0,98.459,0,0,0
"MtrElec",9,1,3,"",86.8359,0,0,0,0,0,0,0,0,0,0,0,0,0,0,0,0,0,0,0,0,86.8359,0,0,0
"MtrElec",9,1,4,"",80.9268,0,0,0,0,0,0,0,0,0,0,0,0,0,0,0,0,0,0,0,0,80.9268,0,0,0
"MtrElec",9,1,5,"",79.6875,0,0,0,0,0,0,0,0,0,0,0,0,0,0,0,0,0,0,0,0,79.6875,0,0,0
"MtrElec",9,1,6,"",91.6958,0,0,0,0,0,0,0,0,0,0,0,0,0,0,0,0,0,0,0,0,91.6958,0,0,0
"MtrElec",9,1,7,"",107.803,0,0,0,0,0,0,0,0,0,0,0,0,0,0,0,0,0,0,0,0,113.173,0,0,-5.36954
"MtrElec",9,1,8,"",59.3274,0,0,0,0,0,0,0,0,0,0,0,0,0,0,0,0,0,0,0,0,129.46,0,0,-70.1329
"MtrElec",9,1,9,"",0,0,0,0,0,0,0,0,0,0,0,0,0,0,0,0,0,0,0,0,0,160.965,0,45.2318,-206.197
"MtrElec",9,1,10,"",0,0,0,0,0,0,0,0,0,0,0,0,0,0,0,0,0,0,0,0,0,200.843,0,132.524,-333.367
"MtrElec",9,1,11,"",0.0000156,0,0,0,0,0,0,0,0,0,0,0,0,0,0,0,0,0,0,0,0,240.709,0,190.218,-430.927
"MtrElec",9,1,12,"",-53.661,0,0,0,0,0,0,0,0,0,0,0,0,0,0,0,0,0,0,0,0,247.791,0,193.772,-495.225
"MtrElec",9,1,13,"",-237.417,0,0,0,0,0,0,0,0,0,0,0,0,0,0,0,0,0,0,0,0,287.762,0,0,-525.179
"MtrElec",9,1,14,"",-262.407,0,0,0,0,0,0,0,0,0,0,0,0,0,0,0,0,0,0,0,0,258.471,0,0,-520.878
"MtrElec",9,1,15,"",-200.402,0,0,0,0,0,0,0,0,0,0,0,0,0,0,0,0,0,0,0,0,281.339,0,0,-481.741
"MtrElec",9,1,16,"",-119.49,0,0,0,0,0,0,0,0,0,0,0,0,0,0,0,0,0,0,0,0,285.089,0,0,-404.579
"MtrElec",9,1,17,"",26.9511,0,0,0,0,0,0,0,0,0,0,0,0,0,0,0,0,0,0,0,0,323.283,0,0,-296.331
"MtrElec",9,1,18,"",156.549,0,0,0,0,0,0,0,0,0,0,0,0,0,0,0,0,0,0,0,0,319.148,0,0,-162.599
"MtrElec",9,1,19,"",61.0781,0,0,0,0,0,0,0,0,0,0,0,0,0,0,0,0,0,0,0,0,323.683,0,-224.226,-38.3782
"MtrElec",9,1,20,"",54.6706,0,0,0,0,0,0,0,0,0,0,0,0,0,0,0,0,0,0,0,0,278.897,0,-224.226,0
"MtrElec",9,1,21,"",205.503,0,0,0,0,0,0,0,0,0,0,0,0,0,0,0,0,0,0,0,0,264.026,0,-58.5231,0
"MtrElec",9,1,22,"",241.975,0,0,0,0,0,0,0,0,0,0,0,0,0,0,0,0,0,0,0,0,241.975,0,0,0
"MtrElec",9,1,23,"",199.834,0,0,0,0,0,0,0,0,0,0,0,0,0,0,0,0,0,0,0,0,199.834,0,0,0
"MtrElec",9,1,24,"",160.399,0,0,0,0,0,0,0,0,0,0,0,0,0,0,0,0,0,0,0,0,160.399,0,0,0
"MtrElec",9,2,1,"",119.226,0,0,0,0,0,0,0,0,0,0,0,0,0,0,0,0,0,0,0,0,119.226,0,0,0
"MtrElec",9,2,2,"",100.187,0,0,0,0,0,0,0,0,0,0,0,0,0,0,0,0,0,0,0,0,100.187,0,0,0
"MtrElec",9,2,3,"",90.7687,0,0,0,0,0,0,0,0,0,0,0,0,0,0,0,0,0,0,0,0,90.7687,0,0,0
"MtrElec",9,2,4,"",87.2211,0,0,0,0,0,0,0,0,0,0,0,0,0,0,0,0,0,0,0,0,87.2211,0,0,0
"MtrElec",9,2,5,"",83.491,0,0,0,0,0,0,0,0,0,0,0,0,0,0,0,0,0,0,0,0,83.491,0,0,0
"MtrElec",9,2,6,"",94.0457,0,0,0,0,0,0,0,0,0,0,0,0,0,0,0,0,0,0,0,0,94.0457,0,0,0
"MtrElec",9,2,7,"",114.514,0,0,0,0,0,0,0,0,0,0,0,0,0,0,0,0,0,0,0,0,119.281,0,0,-4.76718
"MtrElec",9,2,8,"",65.3489,0,0,0,0,0,0,0,0,0,0,0,0,0,0,0,0,0,0,0,0,135.433,0,0,-70.0841
"MtrElec",9,2,9,"",0,0,0,0,0,0,0,0,0,0,0,0,0,0,0,0,0,0,0,0,0,163.372,0,43.4348,-206.807
"MtrElec",9,2,10,"",0.0000078,0,0,0,0,0,0,0,0,0,0,0,0,0,0,0,0,0,0,0,0,219.711,0,108.668,-328.379
"MtrElec",9,2,11,"",0.0000156,0,0,0,0,0,0,0,0,0,0,0,0,0,0,0,0,0,0,0,0,259.448,0,163.238,-422.686
"MtrElec",9,2,12,"",-22.389,0,0,0,0,0,0,0,0,0,0,0,0,0,0,0,0,0,0,0,0,241.186,0,224.226,-487.801
"MtrElec",9,2,13,"",-233.858,0,0,0,0,0,0,0,0,0,0,0,0,0,0,0,0,0,0,0,0,260.715,0,22.179,-516.752
"MtrElec",9,2,14,"",-265.467,0,0,0,0,0,0,0,0,0,0,0,0,0,0,0,0,0,0,0,0,249.578,0,0,-515.045
"MtrElec",9,2,15,"",-202.426,0,0,0,0,0,0,0,0,0,0,0,0,0,0,0,0,0,0,0,0,272.994,0,0,-475.42
"MtrElec",9,2,16,"",-109.987,0,0,0,0,0,0,0,0,0,0,0,0,0,0,0,0,0,0,0,0,289.652,0,0,-399.64
"MtrElec",9,2,17,"",19.6036,0,0,0,0,0,0,0,0,0,0,0,0,0,0,0,0,0,0,0,0,312.827,0,0,-293.223
"MtrElec",9,2,18,"",165.601,0,0,0,0,0,0,0,0,0,0,0,0,0,0,0,0,0,0,0,0,326.287,0,0,-160.686
"MtrElec",9,2,19,"",81.8803,0,0,0,0,0,0,0,0,0,0,0,0,0,0,0,0,0,0,0,0,342.978,0,-224.226,-36.8713
"MtrElec",9,2,20,"",81.0157,0,0,0,0,0,0,0,0,0,0,0,0,0,0,0,0,0,0,0,0,305.242,0,-224.226,0
"MtrElec",9,2,21,"",203.449,0,0,0,0,0,0,0,0,0,0,0,0,0,0,0,0,0,0,0,0,261.972,0,-58.5231,0
"MtrElec",9,2,22,"",212.615,0,0,0,0,0,0,0,0,0,0,0,0,0,0,0,0,0,0,0,0,212.615,0,0,0
"MtrElec",9,2,23,"",213.308,0,0,0,0,0,0,0,0,0,0,0,0,0,0,0,0,0,0,0,0,213.308,0,0,0
"MtrElec",9,2,24,"",183.303,0,0,0,0,0,0,0,0,0,0,0,0,0,0,0,0,0,0,0,0,183.303,0,0,0
"MtrElec",9,3,1,"",135.519,0,0,0,0,0,0,0,0,0,0,0,0,0,0,0,0,0,0,0,0,135.519,0,0,0
"MtrElec",9,3,2,"",109.195,0,0,0,0,0,0,0,0,0,0,0,0,0,0,0,0,0,0,0,0,109.195,0,0,0
"MtrElec",9,3,3,"",99.2431,0,0,0,0,0,0,0,0,0,0,0,0,0,0,0,0,0,0,0,0,99.2431,0,0,0
"MtrElec",9,3,4,"",94.5971,0,0,0,0,0,0,0,0,0,0,0,0,0,0,0,0,0,0,0,0,94.5971,0,0,0
"MtrElec",9,3,5,"",92.1725,0,0,0,0,0,0,0,0,0,0,0,0,0,0,0,0,0,0,0,0,92.1725,0,0,0
"MtrElec",9,3,6,"",102.544,0,0,0,0,0,0,0,0,0,0,0,0,0,0,0,0,0,0,0,0,102.544,0,0,0
"MtrElec",9,3,7,"",120.874,0,0,0,0,0,0,0,0,0,0,0,0,0,0,0,0,0,0,0,0,125.539,0,0,-4.66524
"MtrElec",9,3,8,"",94.4449,0,0,0,0,0,0,0,0,0,0,0,0,0,0,0,0,0,0,0,0,162.169,0,0,-67.7239
"MtrElec",9,3,9,"",22.3632,0,0,0,0,0,0,0,0,0,0,0,0,0,0,0,0,0,0,0,0,219.377,0,0,-197.013
"MtrElec",9,3,10,"",0.0000039,0,0,0,0,0,0,0,0,0,0,0,0,0,0,0,0,0,0,0,0,261.769,0,55.866,-317.635
"MtrElec",9,3,11,"",0.0000078,0,0,0,0,0,0,0,0,0,0,0,0,0,0,0,0,0,0,0,0,290.268,0,114.042,-404.31
"MtrElec",9,3,12,"",0,0,0,0,0,0,0,0,0,0,0,0,0,0,0,0,0,0,0,0,0,271.846,0,192.014,-463.859
"MtrElec",9,3,13,"",-29.2757,0,0,0,0,0,0,0,0,0,0,0,0,0,0,0,0,0,0,0,0,272.57,0,199.824,-501.67
"MtrElec",9,3,14,"",-237.442,0,0,0,0,0,0,0,0,0,0,0,0,0,0,0,0,0,0,0,0,257.754,0,0,-495.196
"MtrElec",9,3,15,"",-188.549,0,0,0,0,0,0,0,0,0,0,0,0,0,0,0,0,0,0,0,0,269.776,0,0,-458.325
"MtrElec",9,3,16,"",-103.329,0,0,0,0,0,0,0,0,0,0,0,0,0,0,0,0,0,0,0,0,277.615,0,0,-380.944
"MtrElec",9,3,17,"",30.4059,0,0,0,0,0,0,0,0,0,0,0,0,0,0,0,0,0,0,0,0,302.26,0,0,-271.854
"MtrElec",9,3,18,"",170.535,0,0,0,0,0,0,0,0,0,0,0,0,0,0,0,0,0,0,0,0,316.197,0,0,-145.662
"MtrElec",9,3,19,"",71.3465,0,0,0,0,0,0,0,0,0,0,0,0,0,0,0,0,0,0,0,0,329.811,0,-224.226,-34.2379
"MtrElec",9,3,20,"",97.1043,0,0,0,0,0,0,0,0,0,0,0,0,0,0,0,0,0,0,0,0,321.331,0,-224.226,0
"MtrElec",9,3,21,"",250.534,0,0,0,0,0,0,0,0,0,0,0,0,0,0,0,0,0,0,0,0,309.057,0,-58.5231,0
"MtrElec",9,3,22,"",222.515,0,0,0,0,0,0,0,0,0,0,0,0,0,0,0,0,0,0,0,0,222.515,0,0,0
"MtrElec",9,3,23,"",198.437,0,0,0,0,0,0,0,0,0,0,0,0,0,0,0,0,0,0,0,0,198.437,0,0,0
"MtrElec",9,3,24,"",179.887,0,0,0,0,0,0,0,0,0,0,0,0,0,0,0,0,0,0,0,0,179.887,0,0,0
"MtrElec",9,4,1,"",133.077,0,0,0,0,0,0,0,0,0,0,0,0,0,0,0,0,0,0,0,0,133.077,0,0,0
"MtrElec",9,4,2,"",116.732,0,0,0,0,0,0,0,0,0,0,0,0,0,0,0,0,0,0,0,0,116.732,0,0,0
"MtrElec",9,4,3,"",105.916,0,0,0,0,0,0,0,0,0,0,0,0,0,0,0,0,0,0,0,0,105.916,0,0,0
"MtrElec",9,4,4,"",106.643,0,0,0,0,0,0,0,0,0,0,0,0,0,0,0,0,0,0,0,0,106.643,0,0,0
"MtrElec",9,4,5,"",93.5278,0,0,0,0,0,0,0,0,0,0,0,0,0,0,0,0,0,0,0,0,93.5278,0,0,0
"MtrElec",9,4,6,"",100.096,0,0,0,0,0,0,0,0,0,0,0,0,0,0,0,0,0,0,0,0,100.096,0,0,0
"MtrElec",9,4,7,"",112.755,0,0,0,0,0,0,0,0,0,0,0,0,0,0,0,0,0,0,0,0,116.807,0,0,-4.05205
"MtrElec",9,4,8,"",95.9154,0,0,0,0,0,0,0,0,0,0,0,0,0,0,0,0,0,0,0,0,163.949,0,0,-68.0338
"MtrElec",9,4,9,"",10.3485,0,0,0,0,0,0,0,0,0,0,0,0,0,0,0,0,0,0,0,0,208.761,0,0,-198.412
"MtrElec",9,4,10,"",0.0000039,0,0,0,0,0,0,0,0,0,0,0,0,0,0,0,0,0,0,0,0,270.435,0,44.5541,-314.989
"MtrElec",9,4,11,"",0,0,0,0,0,0,0,0,0,0,0,0,0,0,0,0,0,0,0,0,0,277.31,0,131.211,-408.521
"MtrElec",9,4,12,"",0,0,0,0,0,0,0,0,0,0,0,0,0,0,0,0,0,0,0,0,0,258.298,0,206.459,-464.757
"MtrElec",9,4,13,"",0,0,0,0,0,0,0,0,0,0,0,0,0,0,0,0,0,0,0,0,0,317.999,0,172.543,-490.542
"MtrElec",9,4,14,"",-222.204,0,0,0,0,0,0,0,0,0,0,0,0,0,0,0,0,0,0,0,0,262.981,0,6.97937,-492.165
"MtrElec",9,4,15,"",-184.617,0,0,0,0,0,0,0,0,0,0,0,0,0,0,0,0,0,0,0,0,271.492,0,0,-456.109
"MtrElec",9,4,16,"",-101.596,0,0,0,0,0,0,0,0,0,0,0,0,0,0,0,0,0,0,0,0,277.937,0,0,-379.533
"MtrElec",9,4,17,"",27.2537,0,0,0,0,0,0,0,0,0,0,0,0,0,0,0,0,0,0,0,0,301.809,0,0,-274.555
"MtrElec",9,4,18,"",173.281,0,0,0,0,0,0,0,0,0,0,0,0,0,0,0,0,0,0,0,0,320.357,0,0,-147.076
"MtrElec",9,4,19,"",57.5244,0,0,0,0,0,0,0,0,0,0,0,0,0,0,0,0,0,0,0,0,314.538,0,-224.226,-32.787
"MtrElec",9,4,20,"",60.6459,0,0,0,0,0,0,0,0,0,0,0,0,0,0,0,0,0,0,0,0,284.872,0,-224.226,0
"MtrElec",9,4,21,"",223.985,0,0,0,0,0,0,0,0,0,0,0,0,0,0,0,0,0,0,0,0,282.508,0,-58.5231,0
"MtrElec",9,4,22,"",221.573,0,0,0,0,0,0,0,0,0,0,0,0,0,0,0,0,0,0,0,0,221.573,0,0,0
"MtrElec",9,4,23,"",198.605,0,0,0,0,0,0,0,0,0,0,0,0,0,0,0,0,0,0,0,0,198.605,0,0,0
"MtrElec",9,4,24,"",188.729,0,0,0,0,0,0,0,0,0,0,0,0,0,0,0,0,0,0,0,0,188.729,0,0,0
"MtrElec",9,5,1,"",127.694,0,0,0,0,0,0,0,0,0,0,0,0,0,0,0,0,0,0,0,0,127.694,0,0,0
"MtrElec",9,5,2,"",111.072,0,0,0,0,0,0,0,0,0,0,0,0,0,0,0,0,0,0,0,0,111.072,0,0,0
"MtrElec",9,5,3,"",103.902,0,0,0,0,0,0,0,0,0,0,0,0,0,0,0,0,0,0,0,0,103.902,0,0,0
"MtrElec",9,5,4,"",100.786,0,0,0,0,0,0,0,0,0,0,0,0,0,0,0,0,0,0,0,0,100.786,0,0,0
"MtrElec",9,5,5,"",104.364,0,0,0,0,0,0,0,0,0,0,0,0,0,0,0,0,0,0,0,0,104.364,0,0,0
"MtrElec",9,5,6,"",104.052,0,0,0,0,0,0,0,0,0,0,0,0,0,0,0,0,0,0,0,0,104.052,0,0,0
"MtrElec",9,5,7,"",117.71,0,0,0,0,0,0,0,0,0,0,0,0,0,0,0,0,0,0,0,0,121.754,0,0,-4.0439
"MtrElec",9,5,8,"",94.1059,0,0,0,0,0,0,0,0,0,0,0,0,0,0,0,0,0,0,0,0,160.011,0,0,-65.905
"MtrElec",9,5,9,"",0,0,0,0,0,0,0,0,0,0,0,0,0,0,0,0,0,0,0,0,0,189.73,0,3.87709,-193.607
"MtrElec",9,5,10,"",0,0,0,0,0,0,0,0,0,0,0,0,0,0,0,0,0,0,0,0,0,212.887,0,102.856,-315.742
"MtrElec",9,5,11,"",0,0,0,0,0,0,0,0,0,0,0,0,0,0,0,0,0,0,0,0,0,266.364,0,143.405,-409.769
"MtrElec",9,5,12,"",0.0000156,0,0,0,0,0,0,0,0,0,0,0,0,0,0,0,0,0,0,0,0,290.236,0,182.106,-472.342
"MtrElec",9,5,13,"",-103.064,0,0,0,0,0,0,0,0,0,0,0,0,0,0,0,0,0,0,0,0,266.588,0,129.503,-499.154
"MtrElec",9,5,14,"",-218.852,0,0,0,0,0,0,0,0,0,0,0,0,0,0,0,0,0,0,0,0,273.532,0,0,-492.385
"MtrElec",9,5,15,"",-145.983,0,0,0,0,0,0,0,0,0,0,0,0,0,0,0,0,0,0,0,0,308.847,0,0,-454.83
"MtrElec",9,5,16,"",-75.7265,0,0,0,0,0,0,0,0,0,0,0,0,0,0,0,0,0,0,0,0,307.081,0,0,-382.808
"MtrElec",9,5,17,"",34.4358,0,0,0,0,0,0,0,0,0,0,0,0,0,0,0,0,0,0,0,0,313.578,0,0,-279.142
"MtrElec",9,5,18,"",175.26,0,0,0,0,0,0,0,0,0,0,0,0,0,0,0,0,0,0,0,0,325.526,0,0,-150.266
"MtrElec",9,5,19,"",91.8763,0,0,0,0,0,0,0,0,0,0,0,0,0,0,0,0,0,0,0,0,347.414,0,-224.226,-31.311
"MtrElec",9,5,20,"",79.571,0,0,0,0,0,0,0,0,0,0,0,0,0,0,0,0,0,0,0,0,303.797,0,-224.226,0
"MtrElec",9,5,21,"",213.589,0,0,0,0,0,0,0,0,0,0,0,0,0,0,0,0,0,0,0,0,272.112,0,-58.5231,0
"MtrElec",9,5,22,"",254.393,0,0,0,0,0,0,0,0,0,0,0,0,0,0,0,0,0,0,0,0,254.393,0,0,0
"MtrElec",9,5,23,"",197.593,0,0,0,0,0,0,0,0,0,0,0,0,0,0,0,0,0,0,0,0,197.593,0,0,0
"MtrElec",9,5,24,"",190.574,0,0,0,0,0,0,0,0,0,0,0,0,0,0,0,0,0,0,0,0,190.574,0,0,0
"MtrElec",9,6,1,"",131.048,0,0,0,0,0,0,0,0,0,0,0,0,0,0,0,0,0,0,0,0,131.048,0,0,0
"MtrElec",9,6,2,"",118.682,0,0,0,0,0,0,0,0,0,0,0,0,0,0,0,0,0,0,0,0,118.682,0,0,0
"MtrElec",9,6,3,"",107.742,0,0,0,0,0,0,0,0,0,0,0,0,0,0,0,0,0,0,0,0,107.742,0,0,0
"MtrElec",9,6,4,"",100.55,0,0,0,0,0,0,0,0,0,0,0,0,0,0,0,0,0,0,0,0,100.55,0,0,0
"MtrElec",9,6,5,"",99.6512,0,0,0,0,0,0,0,0,0,0,0,0,0,0,0,0,0,0,0,0,99.6512,0,0,0
"MtrElec",9,6,6,"",97.6568,0,0,0,0,0,0,0,0,0,0,0,0,0,0,0,0,0,0,0,0,97.6568,0,0,0
"MtrElec",9,6,7,"",106.922,0,0,0,0,0,0,0,0,0,0,0,0,0,0,0,0,0,0,0,0,111.147,0,0,-4.22473
"MtrElec",9,6,8,"",78.7395,0,0,0,0,0,0,0,0,0,0,0,0,0,0,0,0,0,0,0,0,146.294,0,0,-67.5547
"MtrElec",9,6,9,"",0,0,0,0,0,0,0,0,0,0,0,0,0,0,0,0,0,0,0,0,0,156.782,0,44.903,-201.685
"MtrElec",9,6,10,"",0.0000156,0,0,0,0,0,0,0,0,0,0,0,0,0,0,0,0,0,0,0,0,193.633,0,133.398,-327.032
"MtrElec",9,6,11,"",0,0,0,0,0,0,0,0,0,0,0,0,0,0,0,0,0,0,0,0,0,231.409,0,190.348,-421.756
"MtrElec",9,6,12,"",-17.685,0,0,0,0,0,0,0,0,0,0,0,0,0,0,0,0,0,0,0,0,272.25,0,193.097,-483.032
"MtrElec",9,6,13,"",-199.876,0,0,0,0,0,0,0,0,0,0,0,0,0,0,0,0,0,0,0,0,309.68,0,0,-509.556
"MtrElec",9,6,14,"",-225.098,0,0,0,0,0,0,0,0,0,0,0,0,0,0,0,0,0,0,0,0,278.354,0,0,-503.452
"MtrElec",9,6,15,"",-151.869,0,0,0,0,0,0,0,0,0,0,0,0,0,0,0,0,0,0,0,0,314.845,0,0,-466.714
"MtrElec",9,6,16,"",-104.079,0,0,0,0,0,0,0,0,0,0,0,0,0,0,0,0,0,0,0,0,283.302,0,0,-387.381
"MtrElec",9,6,17,"",4.95578,0,0,0,0,0,0,0,0,0,0,0,0,0,0,0,0,0,0,0,0,282.442,0,0,-277.486
"MtrElec",9,6,18,"",148.107,0,0,0,0,0,0,0,0,0,0,0,0,0,0,0,0,0,0,0,0,295.802,0,0,-147.695
"MtrElec",9,6,19,"",84.4424,0,0,0,0,0,0,0,0,0,0,0,0,0,0,0,0,0,0,0,0,339.979,0,-224.226,-31.3102
"MtrElec",9,6,20,"",63.5063,0,0,0,0,0,0,0,0,0,0,0,0,0,0,0,0,0,0,0,0,287.733,0,-224.226,0
"MtrElec",9,6,21,"",207.806,0,0,0,0,0,0,0,0,0,0,0,0,0,0,0,0,0,0,0,0,266.329,0,-58.5231,0
"MtrElec",9,6,22,"",254.628,0,0,0,0,0,0,0,0,0,0,0,0,0,0,0,0,0,0,0,0,254.628,0,0,0
"MtrElec",9,6,23,"",185.93,0,0,0,0,0,0,0,0,0,0,0,0,0,0,0,0,0,0,0,0,185.93,0,0,0
"MtrElec",9,6,24,"",173.239,0,0,0,0,0,0,0,0,0,0,0,0,0,0,0,0,0,0,0,0,173.239,0,0,0
"MtrElec",9,7,1,"",129.809,0,0,0,0,0,0,0,0,0,0,0,0,0,0,0,0,0,0,0,0,129.809,0,0,0
"MtrElec",9,7,2,"",104.761,0,0,0,0,0,0,0,0,0,0,0,0,0,0,0,0,0,0,0,0,104.761,0,0,0
"MtrElec",9,7,3,"",93.8298,0,0,0,0,0,0,0,0,0,0,0,0,0,0,0,0,0,0,0,0,93.8298,0,0,0
"MtrElec",9,7,4,"",89.9072,0,0,0,0,0,0,0,0,0,0,0,0,0,0,0,0,0,0,0,0,89.9072,0,0,0
"MtrElec",9,7,5,"",83.6725,0,0,0,0,0,0,0,0,0,0,0,0,0,0,0,0,0,0,0,0,83.6725,0,0,0
"MtrElec",9,7,6,"",88.9275,0,0,0,0,0,0,0,0,0,0,0,0,0,0,0,0,0,0,0,0,88.9275,0,0,0
"MtrElec",9,7,7,"",90.8841,0,0,0,0,0,0,0,0,0,0,0,0,0,0,0,0,0,0,0,0,94.5794,0,0,-3.69528
"MtrElec",9,7,8,"",64.9934,0,0,0,0,0,0,0,0,0,0,0,0,0,0,0,0,0,0,0,0,133.499,0,0,-68.5052
"MtrElec",9,7,9,"",0,0,0,0,0,0,0,0,0,0,0,0,0,0,0,0,0,0,0,0,0,193.007,0,11.0266,-204.034
"MtrElec",9,7,10,"",0,0,0,0,0,0,0,0,0,0,0,0,0,0,0,0,0,0,0,0,0,249.084,0,84.8432,-333.927
"MtrElec",9,7,11,"",0,0,0,0,0,0,0,0,0,0,0,0,0,0,0,0,0,0,0,0,0,235.394,0,192.885,-428.279
"MtrElec",9,7,12,"",0,0,0,0,0,0,0,0,0,0,0,0,0,0,0,0,0,0,0,0,0,303.325,0,183.069,-486.394
"MtrElec",9,7,13,"",-124.8,0,0,0,0,0,0,0,0,0,0,0,0,0,0,0,0,0,0,0,0,308.392,0,89.9228,-523.115
"MtrElec",9,7,14,"",-184.756,0,0,0,0,0,0,0,0,0,0,0,0,0,0,0,0,0,0,0,0,334.237,0,0,-518.993
"MtrElec",9,7,15,"",-216.705,0,0,0,0,0,0,0,0,0,0,0,0,0,0,0,0,0,0,0,0,258.291,0,0,-474.996
"MtrElec",9,7,16,"",-127.566,0,0,0,0,0,0,0,0,0,0,0,0,0,0,0,0,0,0,0,0,271.777,0,0,-399.343
"MtrElec",9,7,17,"",27.9042,0,0,0,0,0,0,0,0,0,0,0,0,0,0,0,0,0,0,0,0,317.091,0,0,-289.187
"MtrElec",9,7,18,"",146.475,0,0,0,0,0,0,0,0,0,0,0,0,0,0,0,0,0,0,0,0,298.695,0,0,-152.22
"MtrElec",9,7,19,"",31.8255,0,0,0,0,0,0,0,0,0,0,0,0,0,0,0,0,0,0,0,0,286.112,0,-224.226,-30.0597
"MtrElec",9,7,20,"",1.78036,0,0,0,0,0,0,0,0,0,0,0,0,0,0,0,0,0,0,0,0,226.007,0,-224.226,0
"MtrElec",9,7,21,"",143.825,0,0,0,0,0,0,0,0,0,0,0,0,0,0,0,0,0,0,0,0,202.348,0,-58.5231,0
"MtrElec",9,7,22,"",189.927,0,0,0,0,0,0,0,0,0,0,0,0,0,0,0,0,0,0,0,0,189.927,0,0,0
"MtrElec",9,7,23,"",151.42,0,0,0,0,0,0,0,0,0,0,0,0,0,0,0,0,0,0,0,0,151.42,0,0,0
"MtrElec",9,7,24,"",143.538,0,0,0,0,0,0,0,0,0,0,0,0,0,0,0,0,0,0,0,0,143.538,0,0,0
"MtrElec",9,8,1,"",94.7899,0,0,0,0,0,0,0,0,0,0,0,0,0,0,0,0,0,0,0,0,94.7899,0,0,0
"MtrElec",9,8,2,"",85.629,0,0,0,0,0,0,0,0,0,0,0,0,0,0,0,0,0,0,0,0,85.629,0,0,0
"MtrElec",9,8,3,"",79.8922,0,0,0,0,0,0,0,0,0,0,0,0,0,0,0,0,0,0,0,0,79.8922,0,0,0
"MtrElec",9,8,4,"",78.3151,0,0,0,0,0,0,0,0,0,0,0,0,0,0,0,0,0,0,0,0,78.3151,0,0,0
"MtrElec",9,8,5,"",76.7179,0,0,0,0,0,0,0,0,0,0,0,0,0,0,0,0,0,0,0,0,76.7179,0,0,0
"MtrElec",9,8,6,"",85.4277,0,0,0,0,0,0,0,0,0,0,0,0,0,0,0,0,0,0,0,0,85.4277,0,0,0
"MtrElec",9,8,7,"",86.7339,0,0,0,0,0,0,0,0,0,0,0,0,0,0,0,0,0,0,0,0,90.5312,0,0,-3.79731
"MtrElec",9,8,8,"",57.287,0,0,0,0,0,0,0,0,0,0,0,0,0,0,0,0,0,0,0,0,112.733,0,0,-55.4457
"MtrElec",9,8,9,"",0,0,0,0,0,0,0,0,0,0,0,0,0,0,0,0,0,0,0,0,0,155.944,0,31.3139,-187.258
"MtrElec",9,8,10,"",0.0000156,0,0,0,0,0,0,0,0,0,0,0,0,0,0,0,0,0,0,0,0,186.246,0,151.493,-337.739
"MtrElec",9,8,11,"",-27.2537,0,0,0,0,0,0,0,0,0,0,0,0,0,0,0,0,0,0,0,0,189.895,0,224.226,-441.375
"MtrElec",9,8,12,"",-164.122,0,0,0,0,0,0,0,0,0,0,0,0,0,0,0,0,0,0,0,0,186.059,0,154.713,-504.894
"MtrElec",9,8,13,"",-321.611,0,0,0,0,0,0,0,0,0,0,0,0,0,0,0,0,0,0,0,0,213.2,0,0,-534.812
"MtrElec",9,8,14,"",-344.011,0,0,0,0,0,0,0,0,0,0,0,0,0,0,0,0,0,0,0,0,185.801,0,0,-529.812
"MtrElec",9,8,15,"",-291.401,0,0,0,0,0,0,0,0,0,0,0,0,0,0,0,0,0,0,0,0,196.501,0,0,-487.902
"MtrElec",9,8,16,"",-191.027,0,0,0,0,0,0,0,0,0,0,0,0,0,0,0,0,0,0,0,0,216.262,0,0,-407.289
"MtrElec",9,8,17,"",-29.1733,0,0,0,0,0,0,0,0,0,0,0,0,0,0,0,0,0,0,0,0,265.758,0,0,-294.931
"MtrElec",9,8,18,"",105.252,0,0,0,0,0,0,0,0,0,0,0,0,0,0,0,0,0,0,0,0,260.375,0,0,-155.123
"MtrElec",9,8,19,"",13.802,0,0,0,0,0,0,0,0,0,0,0,0,0,0,0,0,0,0,0,0,267.786,0,-224.226,-29.7579
"MtrElec",9,8,20,"",37.3755,0,0,0,0,0,0,0,0,0,0,0,0,0,0,0,0,0,0,0,0,261.602,0,-224.226,0
"MtrElec",9,8,21,"",166.602,0,0,0,0,0,0,0,0,0,0,0,0,0,0,0,0,0,0,0,0,225.125,0,-58.5231,0
"MtrElec",9,8,22,"",173.666,0,0,0,0,0,0,0,0,0,0,0,0,0,0,0,0,0,0,0,0,173.666,0,0,0
"MtrElec",9,8,23,"",172.818,0,0,0,0,0,0,0,0,0,0,0,0,0,0,0,0,0,0,0,0,172.818,0,0,0
"MtrElec",9,8,24,"",147.523,0,0,0,0,0,0,0,0,0,0,0,0,0,0,0,0,0,0,0,0,147.523,0,0,0
"MtrElec",9,9,1,"",101.064,0,0,0,0,0,0,0,0,0,0,0,0,0,0,0,0,0,0,0,0,101.064,0,0,0
"MtrElec",9,9,2,"",81.5276,0,0,0,0,0,0,0,0,0,0,0,0,0,0,0,0,0,0,0,0,81.5276,0,0,0
"MtrElec",9,9,3,"",78.4782,0,0,0,0,0,0,0,0,0,0,0,0,0,0,0,0,0,0,0,0,78.4782,0,0,0
"MtrElec",9,9,4,"",78.4516,0,0,0,0,0,0,0,0,0,0,0,0,0,0,0,0,0,0,0,0,78.4516,0,0,0
"MtrElec",9,9,5,"",77.1283,0,0,0,0,0,0,0,0,0,0,0,0,0,0,0,0,0,0,0,0,77.1283,0,0,0
"MtrElec",9,9,6,"",86.0583,0,0,0,0,0,0,0,0,0,0,0,0,0,0,0,0,0,0,0,0,86.0583,0,0,0
"MtrElec",9,9,7,"",86.4516,0,0,0,0,0,0,0,0,0,0,0,0,0,0,0,0,0,0,0,0,90.2671,0,0,-3.81556
"MtrElec",9,9,8,"",75.551,0,0,0,0,0,0,0,0,0,0,0,0,0,0,0,0,0,0,0,0,115.087,0,0,-39.5357
"MtrElec",9,9,9,"",0.314906,0,0,0,0,0,0,0,0,0,0,0,0,0,0,0,0,0,0,0,0,155.165,0,0,-154.85
"MtrElec",9,9,10,"",0,0,0,0,0,0,0,0,0,0,0,0,0,0,0,0,0,0,0,0,0,157.49,0,189.185,-346.675
"MtrElec",9,9,11,"",-50.3944,0,0,0,0,0,0,0,0,0,0,0,0,0,0,0,0,0,0,0,0,175.087,0,224.226,-449.708
"MtrElec",9,9,12,"",-200.52,0,0,0,0,0,0,0,0,0,0,0,0,0,0,0,0,0,0,0,0,165.687,0,148.335,-514.542
"MtrElec",9,9,13,"",-317.312,0,0,0,0,0,0,0,0,0,0,0,0,0,0,0,0,0,0,0,0,220.132,0,0,-537.443
"MtrElec",9,9,14,"",-381.245,0,0,0,0,0,0,0,0,0,0,0,0,0,0,0,0,0,0,0,0,150.422,0,0,-531.667
"MtrElec",9,9,15,"",-325.048,0,0,0,0,0,0,0,0,0,0,0,0,0,0,0,0,0,0,0,0,165.312,0,0,-490.361
"MtrElec",9,9,16,"",-225.75,0,0,0,0,0,0,0,0,0,0,0,0,0,0,0,0,0,0,0,0,185.807,0,0,-411.557
"MtrElec",9,9,17,"",-80.9476,0,0,0,0,0,0,0,0,0,0,0,0,0,0,0,0,0,0,0,0,220.581,0,0,-301.528
"MtrElec",9,9,18,"",72.2395,0,0,0,0,0,0,0,0,0,0,0,0,0,0,0,0,0,0,0,0,233.472,0,0,-161.233
"MtrElec",9,9,19,"",-7.34623,0,0,0,0,0,0,0,0,0,0,0,0,0,0,0,0,0,0,0,0,246.678,0,-224.226,-29.7973
"MtrElec",9,9,20,"",16.686,0,0,0,0,0,0,0,0,0,0,0,0,0,0,0,0,0,0,0,0,240.912,0,-224.226,0
"MtrElec",9,9,21,"",172.623,0,0,0,0,0,0,0,0,0,0,0,0,0,0,0,0,0,0,0,0,231.146,0,-58.5231,0
"MtrElec",9,9,22,"",165.268,0,0,0,0,0,0,0,0,0,0,0,0,0,0,0,0,0,0,0,0,165.268,0,0,0
"MtrElec",9,9,23,"",153.436,0,0,0,0,0,0,0,0,0,0,0,0,0,0,0,0,0,0,0,0,153.436,0,0,0
"MtrElec",9,9,24,"",124,0,0,0,0,0,0,0,0,0,0,0,0,0,0,0,0,0,0,0,0,124,0,0,0
"MtrElec",9,10,1,"",101.438,0,0,0,0,0,0,0,0,0,0,0,0,0,0,0,0,0,0,0,0,101.438,0,0,0
"MtrElec",9,10,2,"",81.3447,0,0,0,0,0,0,0,0,0,0,0,0,0,0,0,0,0,0,0,0,81.3447,0,0,0
"MtrElec",9,10,3,"",82.9979,0,0,0,0,0,0,0,0,0,0,0,0,0,0,0,0,0,0,0,0,82.9979,0,0,0
"MtrElec",9,10,4,"",83.0126,0,0,0,0,0,0,0,0,0,0,0,0,0,0,0,0,0,0,0,0,83.0126,0,0,0
"MtrElec",9,10,5,"",82.6577,0,0,0,0,0,0,0,0,0,0,0,0,0,0,0,0,0,0,0,0,82.6577,0,0,0
"MtrElec",9,10,6,"",81.545,0,0,0,0,0,0,0,0,0,0,0,0,0,0,0,0,0,0,0,0,81.545,0,0,0
"MtrElec",9,10,7,"",86.0236,0,0,0,0,0,0,0,0,0,0,0,0,0,0,0,0,0,0,0,0,90.0928,0,0,-4.06916
"MtrElec",9,10,8,"",42.3286,0,0,0,0,0,0,0,0,0,0,0,0,0,0,0,0,0,0,0,0,114.204,0,0,-71.875
"MtrElec",9,10,9,"",0,0,0,0,0,0,0,0,0,0,0,0,0,0,0,0,0,0,0,0,0,131.228,0,85.8585,-217.087
"MtrElec",9,10,10,"",0.0000156,0,0,0,0,0,0,0,0,0,0,0,0,0,0,0,0,0,0,0,0,132.098,0,215.974,-348.072
"MtrElec",9,10,11,"",-41.7638,0,0,0,0,0,0,0,0,0,0,0,0,0,0,0,0,0,0,0,0,185.297,0,224.226,-451.287
"MtrElec",9,10,12,"",-345.277,0,0,0,0,0,0,0,0,0,0,0,0,0,0,0,0,0,0,0,0,134.683,0,35.6873,-515.648
"MtrElec",9,10,13,"",-400.762,0,0,0,0,0,0,0,0,0,0,0,0,0,0,0,0,0,0,0,0,134.25,0,0,-535.013
"MtrElec",9,10,14,"",-393.5,0,0,0,0,0,0,0,0,0,0,0,0,0,0,0,0,0,0,0,0,129.107,0,0,-522.607
"MtrElec",9,10,15,"",-324.832,0,0,0,0,0,0,0,0,0,0,0,0,0,0,0,0,0,0,0,0,154.059,0,0,-478.891
"MtrElec",9,10,16,"",-204.534,0,0,0,0,0,0,0,0,0,0,0,0,0,0,0,0,0,0,0,0,198.169,0,0,-402.703
"MtrElec",9,10,17,"",-48.8039,0,0,0,0,0,0,0,0,0,0,0,0,0,0,0,0,0,0,0,0,244.3,0,0,-293.104
"MtrElec",9,10,18,"",91.4053,0,0,0,0,0,0,0,0,0,0,0,0,0,0,0,0,0,0,0,0,246.681,0,0,-155.276
"MtrElec",9,10,19,"",-0.0392012,0,0,0,0,0,0,0,0,0,0,0,0,0,0,0,0,0,0,0,0,252.357,0,-224.226,-28.1698
"MtrElec",9,10,20,"",5.25528,0,0,0,0,0,0,0,0,0,0,0,0,0,0,0,0,0,0,0,0,229.482,0,-224.226,0
"MtrElec",9,10,21,"",187.854,0,0,0,0,0,0,0,0,0,0,0,0,0,0,0,0,0,0,0,0,246.377,0,-58.5231,0
"MtrElec",9,10,22,"",191.565,0,0,0,0,0,0,0,0,0,0,0,0,0,0,0,0,0,0,0,0,191.565,0,0,0
"MtrElec",9,10,23,"",201.304,0,0,0,0,0,0,0,0,0,0,0,0,0,0,0,0,0,0,0,0,201.304,0,0,0
"MtrElec",9,10,24,"",154.844,0,0,0,0,0,0,0,0,0,0,0,0,0,0,0,0,0,0,0,0,154.844,0,0,0
"MtrElec",9,11,1,"",94.9793,0,0,0,0,0,0,0,0,0,0,0,0,0,0,0,0,0,0,0,0,94.9793,0,0,0
"MtrElec",9,11,2,"",85.6594,0,0,0,0,0,0,0,0,0,0,0,0,0,0,0,0,0,0,0,0,85.6594,0,0,0
"MtrElec",9,11,3,"",82.5011,0,0,0,0,0,0,0,0,0,0,0,0,0,0,0,0,0,0,0,0,82.5011,0,0,0
"MtrElec",9,11,4,"",81.0875,0,0,0,0,0,0,0,0,0,0,0,0,0,0,0,0,0,0,0,0,81.0875,0,0,0
"MtrElec",9,11,5,"",79.7864,0,0,0,0,0,0,0,0,0,0,0,0,0,0,0,0,0,0,0,0,79.7864,0,0,0
"MtrElec",9,11,6,"",84.1713,0,0,0,0,0,0,0,0,0,0,0,0,0,0,0,0,0,0,0,0,84.1713,0,0,0
"MtrElec",9,11,7,"",87.8324,0,0,0,0,0,0,0,0,0,0,0,0,0,0,0,0,0,0,0,0,91.1956,0,0,-3.36319
"MtrElec",9,11,8,"",60.3928,0,0,0,0,0,0,0,0,0,0,0,0,0,0,0,0,0,0,0,0,128.971,0,0,-68.5779
"MtrElec",9,11,9,"",0,0,0,0,0,0,0,0,0,0,0,0,0,0,0,0,0,0,0,0,0,179.237,0,28.4483,-207.685
"MtrElec",9,11,10,"",0,0,0,0,0,0,0,0,0,0,0,0,0,0,0,0,0,0,0,0,0,177.074,0,154.368,-331.442
"MtrElec",9,11,11,"",-9.15452,0,0,0,0,0,0,0,0,0,0,0,0,0,0,0,0,0,0,0,0,186.832,0,224.226,-420.213
"MtrElec",9,11,12,"",-114.585,0,0,0,0,0,0,0,0,0,0,0,0,0,0,0,0,0,0,0,0,223.794,0,154.704,-493.083
"MtrElec",9,11,13,"",-265.264,0,0,0,0,0,0,0,0,0,0,0,0,0,0,0,0,0,0,0,0,262.778,0,0,-528.042
"MtrElec",9,11,14,"",-331.009,0,0,0,0,0,0,0,0,0,0,0,0,0,0,0,0,0,0,0,0,192.131,0,0,-523.14
"MtrElec",9,11,15,"",-268.739,0,0,0,0,0,0,0,0,0,0,0,0,0,0,0,0,0,0,0,0,211.492,0,0,-480.231
"MtrElec",9,11,16,"",-162.026,0,0,0,0,0,0,0,0,0,0,0,0,0,0,0,0,0,0,0,0,235.9,0,0,-397.926
"MtrElec",9,11,17,"",-12.1742,0,0,0,0,0,0,0,0,0,0,0,0,0,0,0,0,0,0,0,0,271.637,0,0,-283.811
"MtrElec",9,11,18,"",128.2,0,0,0,0,0,0,0,0,0,0,0,0,0,0,0,0,0,0,0,0,274.634,0,0,-146.434
"MtrElec",9,11,19,"",20.408,0,0,0,0,0,0,0,0,0,0,0,0,0,0,0,0,0,0,0,0,270.636,0,-224.226,-26.0011
"MtrElec",9,11,20,"",33.5296,0,0,0,0,0,0,0,0,0,0,0,0,0,0,0,0,0,0,0,0,257.756,0,-224.226,0
"MtrElec",9,11,21,"",207.744,0,0,0,0,0,0,0,0,0,0,0,0,0,0,0,0,0,0,0,0,266.267,0,-58.5231,0
"MtrElec",9,11,22,"",193.323,0,0,0,0,0,0,0,0,0,0,0,0,0,0,0,0,0,0,0,0,193.323,0,0,0
"MtrElec",9,11,23,"",182.609,0,0,0,0,0,0,0,0,0,0,0,0,0,0,0,0,0,0,0,0,182.609,0,0,0
"MtrElec",9,11,24,"",143.688,0,0,0,0,0,0,0,0,0,0,0,0,0,0,0,0,0,0,0,0,143.688,0,0,0
"MtrElec",9,12,1,"",105.14,0,0,0,0,0,0,0,0,0,0,0,0,0,0,0,0,0,0,0,0,105.14,0,0,0
"MtrElec",9,12,2,"",95.3086,0,0,0,0,0,0,0,0,0,0,0,0,0,0,0,0,0,0,0,0,95.3086,0,0,0
"MtrElec",9,12,3,"",89.222,0,0,0,0,0,0,0,0,0,0,0,0,0,0,0,0,0,0,0,0,89.222,0,0,0
"MtrElec",9,12,4,"",88.0974,0,0,0,0,0,0,0,0,0,0,0,0,0,0,0,0,0,0,0,0,88.0974,0,0,0
"MtrElec",9,12,5,"",96.9594,0,0,0,0,0,0,0,0,0,0,0,0,0,0,0,0,0,0,0,0,96.9594,0,0,0
"MtrElec",9,12,6,"",86.8557,0,0,0,0,0,0,0,0,0,0,0,0,0,0,0,0,0,0,0,0,86.8557,0,0,0
"MtrElec",9,12,7,"",89.3222,0,0,0,0,0,0,0,0,0,0,0,0,0,0,0,0,0,0,0,0,91.9691,0,0,-2.6469
"MtrElec",9,12,8,"",66.5352,0,0,0,0,0,0,0,0,0,0,0,0,0,0,0,0,0,0,0,0,132.697,0,0,-66.1622
"MtrElec",9,12,9,"",0,0,0,0,0,0,0,0,0,0,0,0,0,0,0,0,0,0,0,0,0,186.908,0,14.9791,-201.887
"MtrElec",9,12,10,"",0.0000078,0,0,0,0,0,0,0,0,0,0,0,0,0,0,0,0,0,0,0,0,224.238,0,104.857,-329.095
"MtrElec",9,12,11,"",0.0000156,0,0,0,0,0,0,0,0,0,0,0,0,0,0,0,0,0,0,0,0,208.116,0,222.375,-430.49
"MtrElec",9,12,12,"",-10.9397,0,0,0,0,0,0,0,0,0,0,0,0,0,0,0,0,0,0,0,0,260.382,0,219.536,-490.858
"MtrElec",9,12,13,"",-255.615,0,0,0,0,0,0,0,0,0,0,0,0,0,0,0,0,0,0,0,0,266.426,0,0,-522.041
"MtrElec",9,12,14,"",-284.743,0,0,0,0,0,0,0,0,0,0,0,0,0,0,0,0,0,0,0,0,232.665,0,0,-517.408
"MtrElec",9,12,15,"",-201.252,0,0,0,0,0,0,0,0,0,0,0,0,0,0,0,0,0,0,0,0,274.078,0,0,-475.33
"MtrElec",9,12,16,"",-143.498,0,0,0,0,0,0,0,0,0,0,0,0,0,0,0,0,0,0,0,0,247.802,0,0,-391.3
"MtrElec",9,12,17,"",-7.03975,0,0,0,0,0,0,0,0,0,0,0,0,0,0,0,0,0,0,0,0,266.525,0,0,-273.565
"MtrElec",9,12,18,"",123.529,0,0,0,0,0,0,0,0,0,0,0,0,0,0,0,0,0,0,0,0,261.387,0,0,-137.858
"MtrElec",9,12,19,"",36.2469,0,0,0,0,0,0,0,0,0,0,0,0,0,0,0,0,0,0,0,0,284.694,0,-224.226,-24.2202
"MtrElec",9,12,20,"",59.4445,0,0,0,0,0,0,0,0,0,0,0,0,0,0,0,0,0,0,0,0,283.671,0,-224.226,0
"MtrElec",9,12,21,"",169.44,0,0,0,0,0,0,0,0,0,0,0,0,0,0,0,0,0,0,0,0,227.963,0,-58.5231,0
"MtrElec",9,12,22,"",201.197,0,0,0,0,0,0,0,0,0,0,0,0,0,0,0,0,0,0,0,0,201.197,0,0,0
"MtrElec",9,12,23,"",166.45,0,0,0,0,0,0,0,0,0,0,0,0,0,0,0,0,0,0,0,0,166.45,0,0,0
"MtrElec",9,12,24,"",158.765,0,0,0,0,0,0,0,0,0,0,0,0,0,0,0,0,0,0,0,0,158.765,0,0,0
"MtrElec",9,13,1,"",121.979,0,0,0,0,0,0,0,0,0,0,0,0,0,0,0,0,0,0,0,0,121.979,0,0,0
"MtrElec",9,13,2,"",96.6898,0,0,0,0,0,0,0,0,0,0,0,0,0,0,0,0,0,0,0,0,96.6898,0,0,0
"MtrElec",9,13,3,"",95.0718,0,0,0,0,0,0,0,0,0,0,0,0,0,0,0,0,0,0,0,0,95.0718,0,0,0
"MtrElec",9,13,4,"",92.9464,0,0,0,0,0,0,0,0,0,0,0,0,0,0,0,0,0,0,0,0,92.9464,0,0,0
"MtrElec",9,13,5,"",117.036,0,0,0,0,0,0,0,0,0,0,0,0,0,0,0,0,0,0,0,0,117.036,0,0,0
"MtrElec",9,13,6,"",84.721,0,0,0,0,0,0,0,0,0,0,0,0,0,0,0,0,0,0,0,0,84.721,0,0,0
"MtrElec",9,13,7,"",89.166,0,0,0,0,0,0,0,0,0,0,0,0,0,0,0,0,0,0,0,0,91.7197,0,0,-2.55366
"MtrElec",9,13,8,"",58.0995,0,0,0,0,0,0,0,0,0,0,0,0,0,0,0,0,0,0,0,0,124.691,0,0,-66.5917
"MtrElec",9,13,9,"",0,0,0,0,0,0,0,0,0,0,0,0,0,0,0,0,0,0,0,0,0,145.048,0,57.167,-202.215
"MtrElec",9,13,10,"",0,0,0,0,0,0,0,0,0,0,0,0,0,0,0,0,0,0,0,0,0,181.66,0,150.907,-332.567
"MtrElec",9,13,11,"",0,0,0,0,0,0,0,0,0,0,0,0,0,0,0,0,0,0,0,0,0,303.09,0,132.233,-435.322
"MtrElec",9,13,12,"",-45.5664,0,0,0,0,0,0,0,0,0,0,0,0,0,0,0,0,0,0,0,0,236.305,0,221.44,-503.311
"MtrElec",9,13,13,"",-307.935,0,0,0,0,0,0,0,0,0,0,0,0,0,0,0,0,0,0,0,0,222.959,0,0,-530.894
"MtrElec",9,13,14,"",-296.782,0,0,0,0,0,0,0,0,0,0,0,0,0,0,0,0,0,0,0,0,222.228,0,0,-519.01
"MtrElec",9,13,15,"",-204.655,0,0,0,0,0,0,0,0,0,0,0,0,0,0,0,0,0,0,0,0,267.175,0,0,-471.829
"MtrElec",9,13,16,"",-154.121,0,0,0,0,0,0,0,0,0,0,0,0,0,0,0,0,0,0,0,0,234.323,0,0,-388.444
"MtrElec",9,13,17,"",-22.6865,0,0,0,0,0,0,0,0,0,0,0,0,0,0,0,0,0,0,0,0,248.554,0,0,-271.24
"MtrElec",9,13,18,"",111.172,0,0,0,0,0,0,0,0,0,0,0,0,0,0,0,0,0,0,0,0,240.162,0,0,-128.99
"MtrElec",9,13,19,"",-14.2499,0,0,0,0,0,0,0,0,0,0,0,0,0,0,0,0,0,0,0,0,232.406,0,-224.226,-22.4294
"MtrElec",9,13,20,"",25.9124,0,0,0,0,0,0,0,0,0,0,0,0,0,0,0,0,0,0,0,0,250.139,0,-224.226,0
"MtrElec",9,13,21,"",209.007,0,0,0,0,0,0,0,0,0,0,0,0,0,0,0,0,0,0,0,0,267.53,0,-58.5231,0
"MtrElec",9,13,22,"",253.905,0,0,0,0,0,0,0,0,0,0,0,0,0,0,0,0,0,0,0,0,253.905,0,0,0
"MtrElec",9,13,23,"",121.056,0,0,0,0,0,0,0,0,0,0,0,0,0,0,0,0,0,0,0,0,121.056,0,0,0
"MtrElec",9,13,24,"",121.66,0,0,0,0,0,0,0,0,0,0,0,0,0,0,0,0,0,0,0,0,121.66,0,0,0
"MtrElec",9,14,1,"",90.9721,0,0,0,0,0,0,0,0,0,0,0,0,0,0,0,0,0,0,0,0,90.9721,0,0,0
"MtrElec",9,14,2,"",88.5242,0,0,0,0,0,0,0,0,0,0,0,0,0,0,0,0,0,0,0,0,88.5242,0,0,0
"MtrElec",9,14,3,"",80.9452,0,0,0,0,0,0,0,0,0,0,0,0,0,0,0,0,0,0,0,0,80.9452,0,0,0
"MtrElec",9,14,4,"",77.4965,0,0,0,0,0,0,0,0,0,0,0,0,0,0,0,0,0,0,0,0,77.4965,0,0,0
"MtrElec",9,14,5,"",76.2258,0,0,0,0,0,0,0,0,0,0,0,0,0,0,0,0,0,0,0,0,76.2258,0,0,0
"MtrElec",9,14,6,"",86.1289,0,0,0,0,0,0,0,0,0,0,0,0,0,0,0,0,0,0,0,0,86.1289,0,0,0
"MtrElec",9,14,7,"",103.292,0,0,0,0,0,0,0,0,0,0,0,0,0,0,0,0,0,0,0,0,103.292,0,0,0
"MtrElec",9,14,8,"",78.047,0,0,0,0,0,0,0,0,0,0,0,0,0,0,0,0,0,0,0,0,116.306,0,0,-38.2585
"MtrElec",9,14,9,"",94.0111,0,0,0,0,0,0,0,0,0,0,0,0,0,0,0,0,0,0,0,0,155.771,0,0,-61.7596
"MtrElec",9,14,10,"",0,0,0,0,0,0,0,0,0,0,0,0,0,0,0,0,0,0,0,0,0,169.913,0,6.0718,-175.985
"MtrElec",9,14,11,"",96.8159,0,0,0,0,0,0,0,0,0,0,0,0,0,0,0,0,0,0,0,0,185.001,0,0,-88.1855
"MtrElec",9,14,12,"",0,0,0,0,0,0,0,0,0,0,0,0,0,0,0,0,0,0,0,0,0,141.568,0,73.5169,-215.085
"MtrElec",9,14,13,"",4.53227,0,0,0,0,0,0,0,0,0,0,0,0,0,0,0,0,0,0,0,0,160.672,0,0,-156.14
"MtrElec",9,14,14,"",0,0,0,0,0,0,0,0,0,0,0,0,0,0,0,0,0,0,0,0,0,96.5086,0,50.4489,-146.958
"MtrElec",9,14,15,"",0,0,0,0,0,0,0,0,0,0,0,0,0,0,0,0,0,0,0,0,0,101.639,0,197.321,-298.96
"MtrElec",9,14,16,"",-59.3767,0,0,0,0,0,0,0,0,0,0,0,0,0,0,0,0,0,0,0,0,106.044,0,224.226,-389.647
"MtrElec",9,14,17,"",-91.2406,0,0,0,0,0,0,0,0,0,0,0,0,0,0,0,0,0,0,0,0,142.714,0,10.1614,-244.116
"MtrElec",9,14,18,"",26.3104,0,0,0,0,0,0,0,0,0,0,0,0,0,0,0,0,0,0,0,0,165.886,0,0,-139.576
"MtrElec",9,14,19,"",-72.0737,0,0,0,0,0,0,0,0,0,0,0,0,0,0,0,0,0,0,0,0,175.071,0,-224.226,-22.9187
"MtrElec",9,14,20,"",-44.6541,0,0,0,0,0,0,0,0,0,0,0,0,0,0,0,0,0,0,0,0,179.572,0,-224.226,0
"MtrElec",9,14,21,"",110.519,0,0,0,0,0,0,0,0,0,0,0,0,0,0,0,0,0,0,0,0,169.043,0,-58.5231,0
"MtrElec",9,14,22,"",132.517,0,0,0,0,0,0,0,0,0,0,0,0,0,0,0,0,0,0,0,0,132.517,0,0,0
"MtrElec",9,14,23,"",158.968,0,0,0,0,0,0,0,0,0,0,0,0,0,0,0,0,0,0,0,0,158.968,0,0,0
"MtrElec",9,14,24,"",126.853,0,0,0,0,0,0,0,0,0,0,0,0,0,0,0,0,0,0,0,0,126.853,0,0,0
"MtrElec",9,15,1,"",89.3704,0,0,0,0,0,0,0,0,0,0,0,0,0,0,0,0,0,0,0,0,89.3704,0,0,0
"MtrElec",9,15,2,"",78.8873,0,0,0,0,0,0,0,0,0,0,0,0,0,0,0,0,0,0,0,0,78.8873,0,0,0
"MtrElec",9,15,3,"",75.3128,0,0,0,0,0,0,0,0,0,0,0,0,0,0,0,0,0,0,0,0,75.3128,0,0,0
"MtrElec",9,15,4,"",74.6204,0,0,0,0,0,0,0,0,0,0,0,0,0,0,0,0,0,0,0,0,74.6204,0,0,0
"MtrElec",9,15,5,"",73.6787,0,0,0,0,0,0,0,0,0,0,0,0,0,0,0,0,0,0,0,0,73.6787,0,0,0
"MtrElec",9,15,6,"",81.7839,0,0,0,0,0,0,0,0,0,0,0,0,0,0,0,0,0,0,0,0,81.7839,0,0,0
"MtrElec",9,15,7,"",94.3073,0,0,0,0,0,0,0,0,0,0,0,0,0,0,0,0,0,0,0,0,96.3128,0,0,-2.00543
"MtrElec",9,15,8,"",103.786,0,0,0,0,0,0,0,0,0,0,0,0,0,0,0,0,0,0,0,0,109.679,0,0,-5.89317
"MtrElec",9,15,9,"",77.0634,0,0,0,0,0,0,0,0,0,0,0,0,0,0,0,0,0,0,0,0,123.393,0,0,-46.3298
"MtrElec",9,15,10,"",0,0,0,0,0,0,0,0,0,0,0,0,0,0,0,0,0,0,0,0,0,151.997,0,1.33577,-153.332
"MtrElec",9,15,11,"",0,0,0,0,0,0,0,0,0,0,0,0,0,0,0,0,0,0,0,0,0,157.716,0,101.649,-259.365
"MtrElec",9,15,12,"",-110.363,0,0,0,0,0,0,0,0,0,0,0,0,0,0,0,0,0,0,0,0,134.669,0,224.226,-469.259
"MtrElec",9,15,13,"",-141.274,0,0,0,0,0,0,0,0,0,0,0,0,0,0,0,0,0,0,0,0,198.94,0,224.226,-564.441
"MtrElec",9,15,14,"",-447.614,0,0,0,0,0,0,0,0,0,0,0,0,0,0,0,0,0,0,0,0,97.349,0,10.3086,-555.271
"MtrElec",9,15,15,"",-394.004,0,0,0,0,0,0,0,0,0,0,0,0,0,0,0,0,0,0,0,0,114.694,0,0,-508.699
"MtrElec",9,15,16,"",-301.833,0,0,0,0,0,0,0,0,0,0,0,0,0,0,0,0,0,0,0,0,120.205,0,0,-422.038
"MtrElec",9,15,17,"",-73.6284,0,0,0,0,0,0,0,0,0,0,0,0,0,0,0,0,0,0,0,0,129.63,0,0,-203.258
"MtrElec",9,15,18,"",20.0706,0,0,0,0,0,0,0,0,0,0,0,0,0,0,0,0,0,0,0,0,148.131,0,0,-128.061
"MtrElec",9,15,19,"",-89.6303,0,0,0,0,0,0,0,0,0,0,0,0,0,0,0,0,0,0,0,0,158.119,0,-224.226,-23.5231
"MtrElec",9,15,20,"",-59.185,0,0,0,0,0,0,0,0,0,0,0,0,0,0,0,0,0,0,0,0,165.041,0,-224.226,0
"MtrElec",9,15,21,"",140.518,0,0,0,0,0,0,0,0,0,0,0,0,0,0,0,0,0,0,0,0,199.041,0,-58.5231,0
"MtrElec",9,15,22,"",155.624,0,0,0,0,0,0,0,0,0,0,0,0,0,0,0,0,0,0,0,0,155.624,0,0,0
"MtrElec",9,15,23,"",147.393,0,0,0,0,0,0,0,0,0,0,0,0,0,0,0,0,0,0,0,0,147.393,0,0,0
"MtrElec",9,15,24,"",137.103,0,0,0,0,0,0,0,0,0,0,0,0,0,0,0,0,0,0,0,0,137.103,0,0,0
"MtrElec",9,16,1,"",88.6286,0,0,0,0,0,0,0,0,0,0,0,0,0,0,0,0,0,0,0,0,88.6286,0,0,0
"MtrElec",9,16,2,"",78.0861,0,0,0,0,0,0,0,0,0,0,0,0,0,0,0,0,0,0,0,0,78.0861,0,0,0
"MtrElec",9,16,3,"",74.7126,0,0,0,0,0,0,0,0,0,0,0,0,0,0,0,0,0,0,0,0,74.7126,0,0,0
"MtrElec",9,16,4,"",74.1301,0,0,0,0,0,0,0,0,0,0,0,0,0,0,0,0,0,0,0,0,74.1301,0,0,0
"MtrElec",9,16,5,"",73.2498,0,0,0,0,0,0,0,0,0,0,0,0,0,0,0,0,0,0,0,0,73.2498,0,0,0
"MtrElec",9,16,6,"",81.1076,0,0,0,0,0,0,0,0,0,0,0,0,0,0,0,0,0,0,0,0,81.1076,0,0,0
"MtrElec",9,16,7,"",92.1898,0,0,0,0,0,0,0,0,0,0,0,0,0,0,0,0,0,0,0,0,95.2243,0,0,-3.03447
"MtrElec",9,16,8,"",31.5068,0,0,0,0,0,0,0,0,0,0,0,0,0,0,0,0,0,0,0,0,103.329,0,0,-71.8224
"MtrElec",9,16,9,"",0,0,0,0,0,0,0,0,0,0,0,0,0,0,0,0,0,0,0,0,0,149.223,0,73.9321,-223.155
"MtrElec",9,16,10,"",0,0,0,0,0,0,0,0,0,0,0,0,0,0,0,0,0,0,0,0,0,162.488,0,200.979,-363.467
"MtrElec",9,16,11,"",-95.6994,0,0,0,0,0,0,0,0,0,0,0,0,0,0,0,0,0,0,0,0,148.477,0,224.226,-468.402
"MtrElec",9,16,12,"",-333.539,0,0,0,0,0,0,0,0,0,0,0,0,0,0,0,0,0,0,0,0,138.299,0,62.6093,-534.447
"MtrElec",9,16,13,"",-333.837,0,0,0,0,0,0,0,0,0,0,0,0,0,0,0,0,0,0,0,0,223.95,0,0,-557.787
"MtrElec",9,16,14,"",-431.562,0,0,0,0,0,0,0,0,0,0,0,0,0,0,0,0,0,0,0,0,112.91,0,0,-544.472
"MtrElec",9,16,15,"",-383.77,0,0,0,0,0,0,0,0,0,0,0,0,0,0,0,0,0,0,0,0,121.089,0,0,-504.859
"MtrElec",9,16,16,"",-283.921,0,0,0,0,0,0,0,0,0,0,0,0,0,0,0,0,0,0,0,0,137.069,0,0,-420.991
"MtrElec",9,16,17,"",-132.009,0,0,0,0,0,0,0,0,0,0,0,0,0,0,0,0,0,0,0,0,165.406,0,0,-297.414
"MtrElec",9,16,18,"",59.6805,0,0,0,0,0,0,0,0,0,0,0,0,0,0,0,0,0,0,0,0,208.788,0,0,-149.107
"MtrElec",9,16,19,"",-25.0354,0,0,0,0,0,0,0,0,0,0,0,0,0,0,0,0,0,0,0,0,221.537,0,-224.226,-22.3459
"MtrElec",9,16,20,"",-5.85362,0,0,0,0,0,0,0,0,0,0,0,0,0,0,0,0,0,0,0,0,218.373,0,-224.226,0
"MtrElec",9,16,21,"",178.47,0,0,0,0,0,0,0,0,0,0,0,0,0,0,0,0,0,0,0,0,236.993,0,-58.5231,0
"MtrElec",9,16,22,"",169.874,0,0,0,0,0,0,0,0,0,0,0,0,0,0,0,0,0,0,0,0,169.874,0,0,0
"MtrElec",9,16,23,"",146.947,0,0,0,0,0,0,0,0,0,0,0,0,0,0,0,0,0,0,0,0,146.947,0,0,0
"MtrElec",9,16,24,"",134.543,0,0,0,0,0,0,0,0,0,0,0,0,0,0,0,0,0,0,0,0,134.543,0,0,0
"MtrElec",9,17,1,"",92.8297,0,0,0,0,0,0,0,0,0,0,0,0,0,0,0,0,0,0,0,0,92.8297,0,0,0
"MtrElec",9,17,2,"",82.4076,0,0,0,0,0,0,0,0,0,0,0,0,0,0,0,0,0,0,0,0,82.4076,0,0,0
"MtrElec",9,17,3,"",76.5708,0,0,0,0,0,0,0,0,0,0,0,0,0,0,0,0,0,0,0,0,76.5708,0,0,0
"MtrElec",9,17,4,"",74.6385,0,0,0,0,0,0,0,0,0,0,0,0,0,0,0,0,0,0,0,0,74.6385,0,0,0
"MtrElec",9,17,5,"",73.6674,0,0,0,0,0,0,0,0,0,0,0,0,0,0,0,0,0,0,0,0,73.6674,0,0,0
"MtrElec",9,17,6,"",80.7633,0,0,0,0,0,0,0,0,0,0,0,0,0,0,0,0,0,0,0,0,80.7633,0,0,0
"MtrElec",9,17,7,"",86.0217,0,0,0,0,0,0,0,0,0,0,0,0,0,0,0,0,0,0,0,0,89.0848,0,0,-3.0631
"MtrElec",9,17,8,"",28.4969,0,0,0,0,0,0,0,0,0,0,0,0,0,0,0,0,0,0,0,0,100.449,0,0,-71.952
"MtrElec",9,17,9,"",0,0,0,0,0,0,0,0,0,0,0,0,0,0,0,0,0,0,0,0,0,124.926,0,97.5789,-222.505
"MtrElec",9,17,10,"",0,0,0,0,0,0,0,0,0,0,0,0,0,0,0,0,0,0,0,0,0,145.722,0,214.335,-360.057
"MtrElec",9,17,11,"",-50.1326,0,0,0,0,0,0,0,0,0,0,0,0,0,0,0,0,0,0,0,0,184.236,0,224.226,-458.595
"MtrElec",9,17,12,"",-327.495,0,0,0,0,0,0,0,0,0,0,0,0,0,0,0,0,0,0,0,0,170.2,0,25.6059,-523.301
"MtrElec",9,17,13,"",-356.044,0,0,0,0,0,0,0,0,0,0,0,0,0,0,0,0,0,0,0,0,190.85,0,0,-546.894
"MtrElec",9,17,14,"",-369.01,0,0,0,0,0,0,0,0,0,0,0,0,0,0,0,0,0,0,0,0,161.794,0,0,-530.804
"MtrElec",9,17,15,"",-290.348,0,0,0,0,0,0,0,0,0,0,0,0,0,0,0,0,0,0,0,0,183.721,0,0,-474.069
"MtrElec",9,17,16,"",-180.532,0,0,0,0,0,0,0,0,0,0,0,0,0,0,0,0,0,0,0,0,214.516,0,0,-395.048
"MtrElec",9,17,17,"",-29.7348,0,0,0,0,0,0,0,0,0,0,0,0,0,0,0,0,0,0,0,0,260.23,0,0,-289.965
"MtrElec",9,17,18,"",108.057,0,0,0,0,0,0,0,0,0,0,0,0,0,0,0,0,0,0,0,0,254.962,0,0,-146.905
"MtrElec",9,17,19,"",4.96152,0,0,0,0,0,0,0,0,0,0,0,0,0,0,0,0,0,0,0,0,250.478,0,-224.226,-21.2897
"MtrElec",9,17,20,"",2.79547,0,0,0,0,0,0,0,0,0,0,0,0,0,0,0,0,0,0,0,0,227.022,0,-224.226,0
"MtrElec",9,17,21,"",171.302,0,0,0,0,0,0,0,0,0,0,0,0,0,0,0,0,0,0,0,0,229.825,0,-58.5231,0
"MtrElec",9,17,22,"",181.203,0,0,0,0,0,0,0,0,0,0,0,0,0,0,0,0,0,0,0,0,181.203,0,0,0
"MtrElec",9,17,23,"",163.964,0,0,0,0,0,0,0,0,0,0,0,0,0,0,0,0,0,0,0,0,163.964,0,0,0
"MtrElec",9,17,24,"",124.72,0,0,0,0,0,0,0,0,0,0,0,0,0,0,0,0,0,0,0,0,124.72,0,0,0
"MtrElec",9,18,1,"",97.8834,0,0,0,0,0,0,0,0,0,0,0,0,0,0,0,0,0,0,0,0,97.8834,0,0,0
"MtrElec",9,18,2,"",83.8107,0,0,0,0,0,0,0,0,0,0,0,0,0,0,0,0,0,0,0,0,83.8107,0,0,0
"MtrElec",9,18,3,"",78.1008,0,0,0,0,0,0,0,0,0,0,0,0,0,0,0,0,0,0,0,0,78.1008,0,0,0
"MtrElec",9,18,4,"",75.971,0,0,0,0,0,0,0,0,0,0,0,0,0,0,0,0,0,0,0,0,75.971,0,0,0
"MtrElec",9,18,5,"",74.5249,0,0,0,0,0,0,0,0,0,0,0,0,0,0,0,0,0,0,0,0,74.5249,0,0,0
"MtrElec",9,18,6,"",82.0804,0,0,0,0,0,0,0,0,0,0,0,0,0,0,0,0,0,0,0,0,82.0804,0,0,0
"MtrElec",9,18,7,"",87.2247,0,0,0,0,0,0,0,0,0,0,0,0,0,0,0,0,0,0,0,0,90.2484,0,0,-3.02365
"MtrElec",9,18,8,"",41.1704,0,0,0,0,0,0,0,0,0,0,0,0,0,0,0,0,0,0,0,0,110.526,0,0,-69.3556
"MtrElec",9,18,9,"",0,0,0,0,0,0,0,0,0,0,0,0,0,0,0,0,0,0,0,0,0,137.074,0,76.1148,-213.189
"MtrElec",9,18,10,"",0,0,0,0,0,0,0,0,0,0,0,0,0,0,0,0,0,0,0,0,0,164.454,0,176.098,-340.552
"MtrElec",9,18,11,"",-13.7603,0,0,0,0,0,0,0,0,0,0,0,0,0,0,0,0,0,0,0,0,199.925,0,224.226,-437.912
"MtrElec",9,18,12,"",-237.802,0,0,0,0,0,0,0,0,0,0,0,0,0,0,0,0,0,0,0,0,183.39,0,85.3067,-506.498
"MtrElec",9,18,13,"",-308.889,0,0,0,0,0,0,0,0,0,0,0,0,0,0,0,0,0,0,0,0,230.099,0,0,-538.988
"MtrElec",9,18,14,"",-357.833,0,0,0,0,0,0,0,0,0,0,0,0,0,0,0,0,0,0,0,0,173.917,0,0,-531.751
"MtrElec",9,18,15,"",-274.994,0,0,0,0,0,0,0,0,0,0,0,0,0,0,0,0,0,0,0,0,211.788,0,0,-486.782
"MtrElec",9,18,16,"",-182.1,0,0,0,0,0,0,0,0,0,0,0,0,0,0,0,0,0,0,0,0,221.857,0,0,-403.958
"MtrElec",9,18,17,"",-32.9151,0,0,0,0,0,0,0,0,0,0,0,0,0,0,0,0,0,0,0,0,254.444,0,0,-287.359
"MtrElec",9,18,18,"",106.274,0,0,0,0,0,0,0,0,0,0,0,0,0,0,0,0,0,0,0,0,248.527,0,0,-142.253
"MtrElec",9,18,19,"",6.2844,0,0,0,0,0,0,0,0,0,0,0,0,0,0,0,0,0,0,0,0,250.026,0,-224.226,-19.5154
"MtrElec",9,18,20,"",34.3083,0,0,0,0,0,0,0,0,0,0,0,0,0,0,0,0,0,0,0,0,258.535,0,-224.226,0
"MtrElec",9,18,21,"",168.843,0,0,0,0,0,0,0,0,0,0,0,0,0,0,0,0,0,0,0,0,227.366,0,-58.5231,0
"MtrElec",9,18,22,"",173.333,0,0,0,0,0,0,0,0,0,0,0,0,0,0,0,0,0,0,0,0,173.333,0,0,0
"MtrElec",9,18,23,"",184.567,0,0,0,0,0,0,0,0,0,0,0,0,0,0,0,0,0,0,0,0,184.567,0,0,0
"MtrElec",9,18,24,"",150.244,0,0,0,0,0,0,0,0,0,0,0,0,0,0,0,0,0,0,0,0,150.244,0,0,0
"MtrElec",9,19,1,"",101.744,0,0,0,0,0,0,0,0,0,0,0,0,0,0,0,0,0,0,0,0,101.744,0,0,0
"MtrElec",9,19,2,"",85.0831,0,0,0,0,0,0,0,0,0,0,0,0,0,0,0,0,0,0,0,0,85.0831,0,0,0
"MtrElec",9,19,3,"",81.4502,0,0,0,0,0,0,0,0,0,0,0,0,0,0,0,0,0,0,0,0,81.4502,0,0,0
"MtrElec",9,19,4,"",78.6727,0,0,0,0,0,0,0,0,0,0,0,0,0,0,0,0,0,0,0,0,78.6727,0,0,0
"MtrElec",9,19,5,"",74.4276,0,0,0,0,0,0,0,0,0,0,0,0,0,0,0,0,0,0,0,0,74.4276,0,0,0
"MtrElec",9,19,6,"",79.8529,0,0,0,0,0,0,0,0,0,0,0,0,0,0,0,0,0,0,0,0,79.8529,0,0,0
"MtrElec",9,19,7,"",84.5575,0,0,0,0,0,0,0,0,0,0,0,0,0,0,0,0,0,0,0,0,86.985,0,0,-2.42746
"MtrElec",9,19,8,"",37.0772,0,0,0,0,0,0,0,0,0,0,0,0,0,0,0,0,0,0,0,0,105.217,0,0,-68.1402
"MtrElec",9,19,9,"",0,0,0,0,0,0,0,0,0,0,0,0,0,0,0,0,0,0,0,0,0,132.843,0,80.398,-213.241
"MtrElec",9,19,10,"",0,0,0,0,0,0,0,0,0,0,0,0,0,0,0,0,0,0,0,0,0,144.059,0,202.199,-346.258
"MtrElec",9,19,11,"",-55.4823,0,0,0,0,0,0,0,0,0,0,0,0,0,0,0,0,0,0,0,0,155.939,0,224.226,-435.648
"MtrElec",9,19,12,"",-251.737,0,0,0,0,0,0,0,0,0,0,0,0,0,0,0,0,0,0,0,0,192.839,0,54.9224,-499.499
"MtrElec",9,19,13,"",-297.387,0,0,0,0,0,0,0,0,0,0,0,0,0,0,0,0,0,0,0,0,240.817,0,0,-538.204
"MtrElec",9,19,14,"",-335.211,0,0,0,0,0,0,0,0,0,0,0,0,0,0,0,0,0,0,0,0,200.404,0,0,-535.615
"MtrElec",9,19,15,"",-265.384,0,0,0,0,0,0,0,0,0,0,0,0,0,0,0,0,0,0,0,0,224.535,0,0,-489.919
"MtrElec",9,19,16,"",-214.492,0,0,0,0,0,0,0,0,0,0,0,0,0,0,0,0,0,0,0,0,190.474,0,0,-404.967
"MtrElec",9,19,17,"",-83.935,0,0,0,0,0,0,0,0,0,0,0,0,0,0,0,0,0,0,0,0,203.167,0,0,-287.102
"MtrElec",9,19,18,"",90.1883,0,0,0,0,0,0,0,0,0,0,0,0,0,0,0,0,0,0,0,0,230.396,0,0,-140.208
"MtrElec",9,19,19,"",50.224,0,0,0,0,0,0,0,0,0,0,0,0,0,0,0,0,0,0,0,0,294.395,0,-224.226,-19.9448
"MtrElec",9,19,20,"",18.3777,0,0,0,0,0,0,0,0,0,0,0,0,0,0,0,0,0,0,0,0,242.604,0,-224.226,0
"MtrElec",9,19,21,"",120.551,0,0,0,0,0,0,0,0,0,0,0,0,0,0,0,0,0,0,0,0,179.075,0,-58.5231,0
"MtrElec",9,19,22,"",165.948,0,0,0,0,0,0,0,0,0,0,0,0,0,0,0,0,0,0,0,0,165.948,0,0,0
"MtrElec",9,19,23,"",146.977,0,0,0,0,0,0,0,0,0,0,0,0,0,0,0,0,0,0,0,0,146.977,0,0,0
"MtrElec",9,19,24,"",139.734,0,0,0,0,0,0,0,0,0,0,0,0,0,0,0,0,0,0,0,0,139.734,0,0,0
"MtrElec",9,20,1,"",100.893,0,0,0,0,0,0,0,0,0,0,0,0,0,0,0,0,0,0,0,0,100.893,0,0,0
"MtrElec",9,20,2,"",80.5982,0,0,0,0,0,0,0,0,0,0,0,0,0,0,0,0,0,0,0,0,80.5982,0,0,0
"MtrElec",9,20,3,"",82.5673,0,0,0,0,0,0,0,0,0,0,0,0,0,0,0,0,0,0,0,0,82.5673,0,0,0
"MtrElec",9,20,4,"",85.0391,0,0,0,0,0,0,0,0,0,0,0,0,0,0,0,0,0,0,0,0,85.0391,0,0,0
"MtrElec",9,20,5,"",112.001,0,0,0,0,0,0,0,0,0,0,0,0,0,0,0,0,0,0,0,0,112.001,0,0,0
"MtrElec",9,20,6,"",79.2807,0,0,0,0,0,0,0,0,0,0,0,0,0,0,0,0,0,0,0,0,79.2807,0,0,0
"MtrElec",9,20,7,"",84.3767,0,0,0,0,0,0,0,0,0,0,0,0,0,0,0,0,0,0,0,0,86.8359,0,0,-2.45915
"MtrElec",9,20,8,"",32.0317,0,0,0,0,0,0,0,0,0,0,0,0,0,0,0,0,0,0,0,0,100.594,0,0,-68.5619
"MtrElec",9,20,9,"",0,0,0,0,0,0,0,0,0,0,0,0,0,0,0,0,0,0,0,0,0,111.825,0,102.863,-214.687
"MtrElec",9,20,10,"",0,0,0,0,0,0,0,0,0,0,0,0,0,0,0,0,0,0,0,0,0,142.518,0,208.377,-350.895
"MtrElec",9,20,11,"",-16.3341,0,0,0,0,0,0,0,0,0,0,0,0,0,0,0,0,0,0,0,0,214.308,0,224.226,-454.869
"MtrElec",9,20,12,"",-272.677,0,0,0,0,0,0,0,0,0,0,0,0,0,0,0,0,0,0,0,0,222.347,0,26.2807,-521.304
"MtrElec",9,20,13,"",-376.506,0,0,0,0,0,0,0,0,0,0,0,0,0,0,0,0,0,0,0,0,174.511,0,0,-551.017
"MtrElec",9,20,14,"",-392.472,0,0,0,0,0,0,0,0,0,0,0,0,0,0,0,0,0,0,0,0,145.366,0,0,-537.838
"MtrElec",9,20,15,"",-335.32,0,0,0,0,0,0,0,0,0,0,0,0,0,0,0,0,0,0,0,0,152.879,0,0,-488.199
"MtrElec",9,20,16,"",-243.319,0,0,0,0,0,0,0,0,0,0,0,0,0,0,0,0,0,0,0,0,159.836,0,0,-403.155
"MtrElec",9,20,17,"",-109.733,0,0,0,0,0,0,0,0,0,0,0,0,0,0,0,0,0,0,0,0,173.807,0,0,-283.54
"MtrElec",9,20,18,"",62.2985,0,0,0,0,0,0,0,0,0,0,0,0,0,0,0,0,0,0,0,0,198.617,0,0,-136.319
"MtrElec",9,20,19,"",-0.512496,0,0,0,0,0,0,0,0,0,0,0,0,0,0,0,0,0,0,0,0,241.615,0,-224.226,-17.9013
"MtrElec",9,20,20,"",-32.4745,0,0,0,0,0,0,0,0,0,0,0,0,0,0,0,0,0,0,0,0,191.752,0,-224.226,0
"MtrElec",9,20,21,"",110.201,0,0,0,0,0,0,0,0,0,0,0,0,0,0,0,0,0,0,0,0,168.724,0,-58.5231,0
"MtrElec",9,20,22,"",164.727,0,0,0,0,0,0,0,0,0,0,0,0,0,0,0,0,0,0,0,0,164.727,0,0,0
"MtrElec",9,20,23,"",135.7,0,0,0,0,0,0,0,0,0,0,0,0,0,0,0,0,0,0,0,0,135.7,0,0,0
"MtrElec",9,20,24,"",120.325,0,0,0,0,0,0,0,0,0,0,0,0,0,0,0,0,0,0,0,0,120.325,0,0,0
"MtrElec",9,21,1,"",95.0598,0,0,0,0,0,0,0,0,0,0,0,0,0,0,0,0,0,0,0,0,95.0598,0,0,0
"MtrElec",9,21,2,"",78.3301,0,0,0,0,0,0,0,0,0,0,0,0,0,0,0,0,0,0,0,0,78.3301,0,0,0
"MtrElec",9,21,3,"",75.1456,0,0,0,0,0,0,0,0,0,0,0,0,0,0,0,0,0,0,0,0,75.1456,0,0,0
"MtrElec",9,21,4,"",74.9371,0,0,0,0,0,0,0,0,0,0,0,0,0,0,0,0,0,0,0,0,74.9371,0,0,0
"MtrElec",9,21,5,"",73.8247,0,0,0,0,0,0,0,0,0,0,0,0,0,0,0,0,0,0,0,0,73.8247,0,0,0
"MtrElec",9,21,6,"",81.1373,0,0,0,0,0,0,0,0,0,0,0,0,0,0,0,0,0,0,0,0,81.1373,0,0,0
"MtrElec",9,21,7,"",88.8465,0,0,0,0,0,0,0,0,0,0,0,0,0,0,0,0,0,0,0,0,90.7844,0,0,-1.9379
"MtrElec",9,21,8,"",50.1956,0,0,0,0,0,0,0,0,0,0,0,0,0,0,0,0,0,0,0,0,117.201,0,0,-67.0056
"MtrElec",9,21,9,"",0.0000039,0,0,0,0,0,0,0,0,0,0,0,0,0,0,0,0,0,0,0,0,150.847,0,61.1226,-211.97
"MtrElec",9,21,10,"",0,0,0,0,0,0,0,0,0,0,0,0,0,0,0,0,0,0,0,0,0,137.281,0,202.01,-339.291
"MtrElec",9,21,11,"",-42.3495,0,0,0,0,0,0,0,0,0,0,0,0,0,0,0,0,0,0,0,0,163.977,0,224.226,-430.553
"MtrElec",9,21,12,"",-287.497,0,0,0,0,0,0,0,0,0,0,0,0,0,0,0,0,0,0,0,0,144.572,0,74.3873,-506.456
"MtrElec",9,21,13,"",-395.462,0,0,0,0,0,0,0,0,0,0,0,0,0,0,0,0,0,0,0,0,144.183,0,0,-539.645
"MtrElec",9,21,14,"",-403.614,0,0,0,0,0,0,0,0,0,0,0,0,0,0,0,0,0,0,0,0,124.412,0,0,-528.026
"MtrElec",9,21,15,"",-336.235,0,0,0,0,0,0,0,0,0,0,0,0,0,0,0,0,0,0,0,0,143.835,0,0,-480.07
"MtrElec",9,21,16,"",-239.422,0,0,0,0,0,0,0,0,0,0,0,0,0,0,0,0,0,0,0,0,154.549,0,0,-393.971
"MtrElec",9,21,17,"",-75.3524,0,0,0,0,0,0,0,0,0,0,0,0,0,0,0,0,0,0,0,0,196.114,0,0,-271.466
"MtrElec",9,21,18,"",76.0917,0,0,0,0,0,0,0,0,0,0,0,0,0,0,0,0,0,0,0,0,203.752,0,0,-127.66
"MtrElec",9,21,19,"",-40.3444,0,0,0,0,0,0,0,0,0,0,0,0,0,0,0,0,0,0,0,0,199.801,0,-224.226,-15.9192
"MtrElec",9,21,20,"",-16.5329,0,0,0,0,0,0,0,0,0,0,0,0,0,0,0,0,0,0,0,0,207.694,0,-224.226,0
"MtrElec",9,21,21,"",160.987,0,0,0,0,0,0,0,0,0,0,0,0,0,0,0,0,0,0,0,0,219.51,0,-58.5231,0
"MtrElec",9,21,22,"",142.062,0,0,0,0,0,0,0,0,0,0,0,0,0,0,0,0,0,0,0,0,142.062,0,0,0
"MtrElec",9,21,23,"",175.267,0,0,0,0,0,0,0,0,0,0,0,0,0,0,0,0,0,0,0,0,175.267,0,0,0
"MtrElec",9,21,24,"",152.643,0,0,0,0,0,0,0,0,0,0,0,0,0,0,0,0,0,0,0,0,152.643,0,0,0
"MtrElec",9,22,1,"",103.355,0,0,0,0,0,0,0,0,0,0,0,0,0,0,0,0,0,0,0,0,103.355,0,0,0
"MtrElec",9,22,2,"",78.9091,0,0,0,0,0,0,0,0,0,0,0,0,0,0,0,0,0,0,0,0,78.9091,0,0,0
"MtrElec",9,22,3,"",75.3257,0,0,0,0,0,0,0,0,0,0,0,0,0,0,0,0,0,0,0,0,75.3257,0,0,0
"MtrElec",9,22,4,"",74.6945,0,0,0,0,0,0,0,0,0,0,0,0,0,0,0,0,0,0,0,0,74.6945,0,0,0
"MtrElec",9,22,5,"",73.7677,0,0,0,0,0,0,0,0,0,0,0,0,0,0,0,0,0,0,0,0,73.7677,0,0,0
"MtrElec",9,22,6,"",82.5223,0,0,0,0,0,0,0,0,0,0,0,0,0,0,0,0,0,0,0,0,82.5223,0,0,0
"MtrElec",9,22,7,"",101.941,0,0,0,0,0,0,0,0,0,0,0,0,0,0,0,0,0,0,0,0,101.941,0,0,0
"MtrElec",9,22,8,"",54.5711,0,0,0,0,0,0,0,0,0,0,0,0,0,0,0,0,0,0,0,0,103.988,0,0,-49.417
"MtrElec",9,22,9,"",0,0,0,0,0,0,0,0,0,0,0,0,0,0,0,0,0,0,0,0,0,115.209,0,67.4205,-182.629
"MtrElec",9,22,10,"",0.0000156,0,0,0,0,0,0,0,0,0,0,0,0,0,0,0,0,0,0,0,0,116.139,0,208.392,-324.531
"MtrElec",9,22,11,"",-69.0473,0,0,0,0,0,0,0,0,0,0,0,0,0,0,0,0,0,0,0,0,141.466,0,224.226,-434.74
"MtrElec",9,22,12,"",-332.365,0,0,0,0,0,0,0,0,0,0,0,0,0,0,0,0,0,0,0,0,114.68,0,61.7072,-508.751
"MtrElec",9,22,13,"",-396.967,0,0,0,0,0,0,0,0,0,0,0,0,0,0,0,0,0,0,0,0,141.401,0,0,-538.368
"MtrElec",9,22,14,"",-427.162,0,0,0,0,0,0,0,0,0,0,0,0,0,0,0,0,0,0,0,0,100.12,0,0,-527.282
"MtrElec",9,22,15,"",-374.207,0,0,0,0,0,0,0,0,0,0,0,0,0,0,0,0,0,0,0,0,108.34,0,0,-482.547
"MtrElec",9,22,16,"",-273.589,0,0,0,0,0,0,0,0,0,0,0,0,0,0,0,0,0,0,0,0,125.118,0,0,-398.707
"MtrElec",9,22,17,"",-116.415,0,0,0,0,0,0,0,0,0,0,0,0,0,0,0,0,0,0,0,0,162.645,0,0,-279.061
"MtrElec",9,22,18,"",50.4087,0,0,0,0,0,0,0,0,0,0,0,0,0,0,0,0,0,0,0,0,182,0,0,-131.591
"MtrElec",9,22,19,"",-56.0427,0,0,0,0,0,0,0,0,0,0,0,0,0,0,0,0,0,0,0,0,184.674,0,-224.226,-16.4904
"MtrElec",9,22,20,"",-45.4324,0,0,0,0,0,0,0,0,0,0,0,0,0,0,0,0,0,0,0,0,178.794,0,-224.226,0
"MtrElec",9,22,21,"",133.754,0,0,0,0,0,0,0,0,0,0,0,0,0,0,0,0,0,0,0,0,192.277,0,-58.5231,0
"MtrElec",9,22,22,"",131.796,0,0,0,0,0,0,0,0,0,0,0,0,0,0,0,0,0,0,0,0,131.796,0,0,0
"MtrElec",9,22,23,"",136,0,0,0,0,0,0,0,0,0,0,0,0,0,0,0,0,0,0,0,0,136,0,0,0
"MtrElec",9,22,24,"",102.215,0,0,0,0,0,0,0,0,0,0,0,0,0,0,0,0,0,0,0,0,102.215,0,0,0
"MtrElec",9,23,1,"",104.659,0,0,0,0,0,0,0,0,0,0,0,0,0,0,0,0,0,0,0,0,104.659,0,0,0
"MtrElec",9,23,2,"",78.6352,0,0,0,0,0,0,0,0,0,0,0,0,0,0,0,0,0,0,0,0,78.6352,0,0,0
"MtrElec",9,23,3,"",75.0309,0,0,0,0,0,0,0,0,0,0,0,0,0,0,0,0,0,0,0,0,75.0309,0,0,0
"MtrElec",9,23,4,"",74.3372,0,0,0,0,0,0,0,0,0,0,0,0,0,0,0,0,0,0,0,0,74.3372,0,0,0
"MtrElec",9,23,5,"",73.449,0,0,0,0,0,0,0,0,0,0,0,0,0,0,0,0,0,0,0,0,73.449,0,0,0
"MtrElec",9,23,6,"",82.0016,0,0,0,0,0,0,0,0,0,0,0,0,0,0,0,0,0,0,0,0,82.0016,0,0,0
"MtrElec",9,23,7,"",102.414,0,0,0,0,0,0,0,0,0,0,0,0,0,0,0,0,0,0,0,0,102.414,0,0,0
"MtrElec",9,23,8,"",38.2686,0,0,0,0,0,0,0,0,0,0,0,0,0,0,0,0,0,0,0,0,106.668,0,0,-68.3997
"MtrElec",9,23,9,"",0,0,0,0,0,0,0,0,0,0,0,0,0,0,0,0,0,0,0,0,0,123.038,0,92.5164,-215.554
"MtrElec",9,23,10,"",0,0,0,0,0,0,0,0,0,0,0,0,0,0,0,0,0,0,0,0,0,155.068,0,198.831,-353.9
"MtrElec",9,23,11,"",-83.4084,0,0,0,0,0,0,0,0,0,0,0,0,0,0,0,0,0,0,0,0,149.717,0,224.226,-457.352
"MtrElec",9,23,12,"",-351.796,0,0,0,0,0,0,0,0,0,0,0,0,0,0,0,0,0,0,0,0,122.794,0,46.1723,-520.763
"MtrElec",9,23,13,"",-357.477,0,0,0,0,0,0,0,0,0,0,0,0,0,0,0,0,0,0,0,0,185.503,0,0,-542.98
"MtrElec",9,23,14,"",-403.046,0,0,0,0,0,0,0,0,0,0,0,0,0,0,0,0,0,0,0,0,123.475,0,0,-526.521
"MtrElec",9,23,15,"",-335.634,0,0,0,0,0,0,0,0,0,0,0,0,0,0,0,0,0,0,0,0,134.485,0,0,-470.119
"MtrElec",9,23,16,"",-245.994,0,0,0,0,0,0,0,0,0,0,0,0,0,0,0,0,0,0,0,0,145.755,0,0,-391.749
"MtrElec",9,23,17,"",-98.2448,0,0,0,0,0,0,0,0,0,0,0,0,0,0,0,0,0,0,0,0,180.802,0,0,-279.047
"MtrElec",9,23,18,"",60.8457,0,0,0,0,0,0,0,0,0,0,0,0,0,0,0,0,0,0,0,0,191.862,0,0,-131.017
"MtrElec",9,23,19,"",-36.226,0,0,0,0,0,0,0,0,0,0,0,0,0,0,0,0,0,0,0,0,202.872,0,-224.226,-14.8711
"MtrElec",9,23,20,"",-6.73397,0,0,0,0,0,0,0,0,0,0,0,0,0,0,0,0,0,0,0,0,217.493,0,-224.226,0
"MtrElec",9,23,21,"",143.547,0,0,0,0,0,0,0,0,0,0,0,0,0,0,0,0,0,0,0,0,202.07,0,-58.5231,0
"MtrElec",9,23,22,"",168.194,0,0,0,0,0,0,0,0,0,0,0,0,0,0,0,0,0,0,0,0,168.194,0,0,0
"MtrElec",9,23,23,"",138.135,0,0,0,0,0,0,0,0,0,0,0,0,0,0,0,0,0,0,0,0,138.135,0,0,0
"MtrElec",9,23,24,"",138.582,0,0,0,0,0,0,0,0,0,0,0,0,0,0,0,0,0,0,0,0,138.582,0,0,0
"MtrElec",9,24,1,"",88.7501,0,0,0,0,0,0,0,0,0,0,0,0,0,0,0,0,0,0,0,0,88.7501,0,0,0
"MtrElec",9,24,2,"",77.4232,0,0,0,0,0,0,0,0,0,0,0,0,0,0,0,0,0,0,0,0,77.4232,0,0,0
"MtrElec",9,24,3,"",80.6736,0,0,0,0,0,0,0,0,0,0,0,0,0,0,0,0,0,0,0,0,80.6736,0,0,0
"MtrElec",9,24,4,"",82.1278,0,0,0,0,0,0,0,0,0,0,0,0,0,0,0,0,0,0,0,0,82.1278,0,0,0
"MtrElec",9,24,5,"",81.9842,0,0,0,0,0,0,0,0,0,0,0,0,0,0,0,0,0,0,0,0,81.9842,0,0,0
"MtrElec",9,24,6,"",82.1776,0,0,0,0,0,0,0,0,0,0,0,0,0,0,0,0,0,0,0,0,82.1776,0,0,0
"MtrElec",9,24,7,"",103.43,0,0,0,0,0,0,0,0,0,0,0,0,0,0,0,0,0,0,0,0,103.43,0,0,0
"MtrElec",9,24,8,"",48.1706,0,0,0,0,0,0,0,0,0,0,0,0,0,0,0,0,0,0,0,0,116.815,0,0,-68.6447
"MtrElec",9,24,9,"",0.0000078,0,0,0,0,0,0,0,0,0,0,0,0,0,0,0,0,0,0,0,0,123.822,0,90.4337,-214.255
"MtrElec",9,24,10,"",0,0,0,0,0,0,0,0,0,0,0,0,0,0,0,0,0,0,0,0,0,138.141,0,205.616,-343.757
"MtrElec",9,24,11,"",-60.0024,0,0,0,0,0,0,0,0,0,0,0,0,0,0,0,0,0,0,0,0,156.325,0,224.226,-440.554
"MtrElec",9,24,12,"",-335.557,0,0,0,0,0,0,0,0,0,0,0,0,0,0,0,0,0,0,0,0,126.697,0,41.4701,-503.725
"MtrElec",9,24,13,"",-366.032,0,0,0,0,0,0,0,0,0,0,0,0,0,0,0,0,0,0,0,0,161.504,0,0,-527.537
"MtrElec",9,24,14,"",-385.869,0,0,0,0,0,0,0,0,0,0,0,0,0,0,0,0,0,0,0,0,128.418,0,0,-514.287
"MtrElec",9,24,15,"",-324.576,0,0,0,0,0,0,0,0,0,0,0,0,0,0,0,0,0,0,0,0,141.529,0,0,-466.105
"MtrElec",9,24,16,"",-214.457,0,0,0,0,0,0,0,0,0,0,0,0,0,0,0,0,0,0,0,0,173.083,0,0,-387.54
"MtrElec",9,24,17,"",-61.8769,0,0,0,0,0,0,0,0,0,0,0,0,0,0,0,0,0,0,0,0,209.931,0,0,-271.807
"MtrElec",9,24,18,"",106.187,0,0,0,0,0,0,0,0,0,0,0,0,0,0,0,0,0,0,0,0,232.223,0,0,-126.036
"MtrElec",9,24,19,"",-9.71691,0,0,0,0,0,0,0,0,0,0,0,0,0,0,0,0,0,0,0,0,228.162,0,-224.226,-13.6524
"MtrElec",9,24,20,"",10.5062,0,0,0,0,0,0,0,0,0,0,0,0,0,0,0,0,0,0,0,0,234.733,0,-224.226,0
"MtrElec",9,24,21,"",143.102,0,0,0,0,0,0,0,0,0,0,0,0,0,0,0,0,0,0,0,0,201.625,0,-58.5231,0
"MtrElec",9,24,22,"",169.914,0,0,0,0,0,0,0,0,0,0,0,0,0,0,0,0,0,0,0,0,169.914,0,0,0
"MtrElec",9,24,23,"",163.911,0,0,0,0,0,0,0,0,0,0,0,0,0,0,0,0,0,0,0,0,163.911,0,0,0
"MtrElec",9,24,24,"",138.963,0,0,0,0,0,0,0,0,0,0,0,0,0,0,0,0,0,0,0,0,138.963,0,0,0
"MtrElec",9,25,1,"",92.3226,0,0,0,0,0,0,0,0,0,0,0,0,0,0,0,0,0,0,0,0,92.3226,0,0,0
"MtrElec",9,25,2,"",83.4743,0,0,0,0,0,0,0,0,0,0,0,0,0,0,0,0,0,0,0,0,83.4743,0,0,0
"MtrElec",9,25,3,"",77.2785,0,0,0,0,0,0,0,0,0,0,0,0,0,0,0,0,0,0,0,0,77.2785,0,0,0
"MtrElec",9,25,4,"",75.0794,0,0,0,0,0,0,0,0,0,0,0,0,0,0,0,0,0,0,0,0,75.0794,0,0,0
"MtrElec",9,25,5,"",74.1325,0,0,0,0,0,0,0,0,0,0,0,0,0,0,0,0,0,0,0,0,74.1325,0,0,0
"MtrElec",9,25,6,"",82.454,0,0,0,0,0,0,0,0,0,0,0,0,0,0,0,0,0,0,0,0,82.454,0,0,0
"MtrElec",9,25,7,"",97.9482,0,0,0,0,0,0,0,0,0,0,0,0,0,0,0,0,0,0,0,0,97.9482,0,0,0
"MtrElec",9,25,8,"",52.9832,0,0,0,0,0,0,0,0,0,0,0,0,0,0,0,0,0,0,0,0,120.067,0,0,-67.0838
"MtrElec",9,25,9,"",0,0,0,0,0,0,0,0,0,0,0,0,0,0,0,0,0,0,0,0,0,126.645,0,85.8239,-212.469
"MtrElec",9,25,10,"",0.0000156,0,0,0,0,0,0,0,0,0,0,0,0,0,0,0,0,0,0,0,0,166.041,0,174.67,-340.711
"MtrElec",9,25,11,"",-33.1793,0,0,0,0,0,0,0,0,0,0,0,0,0,0,0,0,0,0,0,0,178.266,0,224.226,-435.671
"MtrElec",9,25,12,"",-278.945,0,0,0,0,0,0,0,0,0,0,0,0,0,0,0,0,0,0,0,0,141.833,0,77.0258,-497.804
"MtrElec",9,25,13,"",-309.602,0,0,0,0,0,0,0,0,0,0,0,0,0,0,0,0,0,0,0,0,209.673,0,0,-519.274
"MtrElec",9,25,14,"",-350.57,0,0,0,0,0,0,0,0,0,0,0,0,0,0,0,0,0,0,0,0,164.101,0,0,-514.672
"MtrElec",9,25,15,"",-287.749,0,0,0,0,0,0,0,0,0,0,0,0,0,0,0,0,0,0,0,0,186.331,0,0,-474.08
"MtrElec",9,25,16,"",-187.206,0,0,0,0,0,0,0,0,0,0,0,0,0,0,0,0,0,0,0,0,202.178,0,0,-389.384
"MtrElec",9,25,17,"",-30.2737,0,0,0,0,0,0,0,0,0,0,0,0,0,0,0,0,0,0,0,0,237.762,0,0,-268.036
"MtrElec",9,25,18,"",118.22,0,0,0,0,0,0,0,0,0,0,0,0,0,0,0,0,0,0,0,0,241.397,0,0,-123.177
"MtrElec",9,25,19,"",6.49511,0,0,0,0,0,0,0,0,0,0,0,0,0,0,0,0,0,0,0,0,243.588,0,-224.226,-12.8659
"MtrElec",9,25,20,"",-8.50417,0,0,0,0,0,0,0,0,0,0,0,0,0,0,0,0,0,0,0,0,215.722,0,-224.226,0
"MtrElec",9,25,21,"",136.895,0,0,0,0,0,0,0,0,0,0,0,0,0,0,0,0,0,0,0,0,195.418,0,-58.5231,0
"MtrElec",9,25,22,"",163.286,0,0,0,0,0,0,0,0,0,0,0,0,0,0,0,0,0,0,0,0,163.286,0,0,0
"MtrElec",9,25,23,"",140.94,0,0,0,0,0,0,0,0,0,0,0,0,0,0,0,0,0,0,0,0,140.94,0,0,0
"MtrElec",9,25,24,"",120.765,0,0,0,0,0,0,0,0,0,0,0,0,0,0,0,0,0,0,0,0,120.765,0,0,0
"MtrElec",9,26,1,"",95.3198,0,0,0,0,0,0,0,0,0,0,0,0,0,0,0,0,0,0,0,0,95.3198,0,0,0
"MtrElec",9,26,2,"",80.679,0,0,0,0,0,0,0,0,0,0,0,0,0,0,0,0,0,0,0,0,80.679,0,0,0
"MtrElec",9,26,3,"",81.2031,0,0,0,0,0,0,0,0,0,0,0,0,0,0,0,0,0,0,0,0,81.2031,0,0,0
"MtrElec",9,26,4,"",82.8126,0,0,0,0,0,0,0,0,0,0,0,0,0,0,0,0,0,0,0,0,82.8126,0,0,0
"MtrElec",9,26,5,"",104.37,0,0,0,0,0,0,0,0,0,0,0,0,0,0,0,0,0,0,0,0,104.37,0,0,0
"MtrElec",9,26,6,"",79.5254,0,0,0,0,0,0,0,0,0,0,0,0,0,0,0,0,0,0,0,0,79.5254,0,0,0
"MtrElec",9,26,7,"",86.9236,0,0,0,0,0,0,0,0,0,0,0,0,0,0,0,0,0,0,0,0,86.9236,0,0,0
"MtrElec",9,26,8,"",35.845,0,0,0,0,0,0,0,0,0,0,0,0,0,0,0,0,0,0,0,0,103.245,0,0,-67.4002
"MtrElec",9,26,9,"",0,0,0,0,0,0,0,0,0,0,0,0,0,0,0,0,0,0,0,0,0,128.904,0,77.739,-206.643
"MtrElec",9,26,10,"",0.0000156,0,0,0,0,0,0,0,0,0,0,0,0,0,0,0,0,0,0,0,0,155.871,0,178.214,-334.085
"MtrElec",9,26,11,"",0,0,0,0,0,0,0,0,0,0,0,0,0,0,0,0,0,0,0,0,0,221.327,0,217.781,-439.109
"MtrElec",9,26,12,"",-231.807,0,0,0,0,0,0,0,0,0,0,0,0,0,0,0,0,0,0,0,0,190.434,0,88.0124,-510.254
"MtrElec",9,26,13,"",-325.632,0,0,0,0,0,0,0,0,0,0,0,0,0,0,0,0,0,0,0,0,216.723,0,0,-542.355
"MtrElec",9,26,14,"",-364.992,0,0,0,0,0,0,0,0,0,0,0,0,0,0,0,0,0,0,0,0,167.059,0,0,-532.051
"MtrElec",9,26,15,"",-286.227,0,0,0,0,0,0,0,0,0,0,0,0,0,0,0,0,0,0,0,0,195.114,0,0,-481.341
"MtrElec",9,26,16,"",-200.444,0,0,0,0,0,0,0,0,0,0,0,0,0,0,0,0,0,0,0,0,191.307,0,0,-391.751
"MtrElec",9,26,17,"",-67.1733,0,0,0,0,0,0,0,0,0,0,0,0,0,0,0,0,0,0,0,0,203.529,0,0,-270.702
"MtrElec",9,26,18,"",108.761,0,0,0,0,0,0,0,0,0,0,0,0,0,0,0,0,0,0,0,0,233.201,0,0,-124.44
"MtrElec",9,26,19,"",94.4951,0,0,0,0,0,0,0,0,0,0,0,0,0,0,0,0,0,0,0,0,331.077,0,-224.226,-12.3556
"MtrElec",9,26,20,"",30.0503,0,0,0,0,0,0,0,0,0,0,0,0,0,0,0,0,0,0,0,0,254.277,0,-224.226,0
"MtrElec",9,26,21,"",158.21,0,0,0,0,0,0,0,0,0,0,0,0,0,0,0,0,0,0,0,0,216.733,0,-58.5231,0
"MtrElec",9,26,22,"",221.338,0,0,0,0,0,0,0,0,0,0,0,0,0,0,0,0,0,0,0,0,221.338,0,0,0
"MtrElec",9,26,23,"",129.789,0,0,0,0,0,0,0,0,0,0,0,0,0,0,0,0,0,0,0,0,129.789,0,0,0
"MtrElec",9,26,24,"",136.281,0,0,0,0,0,0,0,0,0,0,0,0,0,0,0,0,0,0,0,0,136.281,0,0,0
"MtrElec",9,27,1,"",98.4457,0,0,0,0,0,0,0,0,0,0,0,0,0,0,0,0,0,0,0,0,98.4457,0,0,0
"MtrElec",9,27,2,"",79.5643,0,0,0,0,0,0,0,0,0,0,0,0,0,0,0,0,0,0,0,0,79.5643,0,0,0
"MtrElec",9,27,3,"",79.6881,0,0,0,0,0,0,0,0,0,0,0,0,0,0,0,0,0,0,0,0,79.6881,0,0,0
"MtrElec",9,27,4,"",80.7974,0,0,0,0,0,0,0,0,0,0,0,0,0,0,0,0,0,0,0,0,80.7974,0,0,0
"MtrElec",9,27,5,"",96.3036,0,0,0,0,0,0,0,0,0,0,0,0,0,0,0,0,0,0,0,0,96.3036,0,0,0
"MtrElec",9,27,6,"",78.8651,0,0,0,0,0,0,0,0,0,0,0,0,0,0,0,0,0,0,0,0,78.8651,0,0,0
"MtrElec",9,27,7,"",87.4026,0,0,0,0,0,0,0,0,0,0,0,0,0,0,0,0,0,0,0,0,87.4026,0,0,0
"MtrElec",9,27,8,"",39.029,0,0,0,0,0,0,0,0,0,0,0,0,0,0,0,0,0,0,0,0,107.693,0,0,-68.6643
"MtrElec",9,27,9,"",0.0000078,0,0,0,0,0,0,0,0,0,0,0,0,0,0,0,0,0,0,0,0,122.655,0,89.2783,-211.933
"MtrElec",9,27,10,"",0,0,0,0,0,0,0,0,0,0,0,0,0,0,0,0,0,0,0,0,0,142.54,0,194.394,-336.934
"MtrElec",9,27,11,"",0.0000156,0,0,0,0,0,0,0,0,0,0,0,0,0,0,0,0,0,0,0,0,220.78,0,213.855,-434.634
"MtrElec",9,27,12,"",-251.333,0,0,0,0,0,0,0,0,0,0,0,0,0,0,0,0,0,0,0,0,187.187,0,64.2193,-502.739
"MtrElec",9,27,13,"",-363.31,0,0,0,0,0,0,0,0,0,0,0,0,0,0,0,0,0,0,0,0,167.017,0,0,-530.327
"MtrElec",9,27,14,"",-327.767,0,0,0,0,0,0,0,0,0,0,0,0,0,0,0,0,0,0,0,0,190.101,0,0,-517.868
"MtrElec",9,27,15,"",-237.031,0,0,0,0,0,0,0,0,0,0,0,0,0,0,0,0,0,0,0,0,234.184,0,0,-471.214
"MtrElec",9,27,16,"",-169.961,0,0,0,0,0,0,0,0,0,0,0,0,0,0,0,0,0,0,0,0,217.689,0,0,-387.65
"MtrElec",9,27,17,"",-35.4236,0,0,0,0,0,0,0,0,0,0,0,0,0,0,0,0,0,0,0,0,232.56,0,0,-267.984
"MtrElec",9,27,18,"",129.921,0,0,0,0,0,0,0,0,0,0,0,0,0,0,0,0,0,0,0,0,251.751,0,0,-121.83
"MtrElec",9,27,19,"",33.9152,0,0,0,0,0,0,0,0,0,0,0,0,0,0,0,0,0,0,0,0,269.721,0,-224.226,-11.5798
"MtrElec",9,27,20,"",59.6472,0,0,0,0,0,0,0,0,0,0,0,0,0,0,0,0,0,0,0,0,283.874,0,-224.226,0
"MtrElec",9,27,21,"",159.325,0,0,0,0,0,0,0,0,0,0,0,0,0,0,0,0,0,0,0,0,217.848,0,-58.5231,0
"MtrElec",9,27,22,"",201.719,0,0,0,0,0,0,0,0,0,0,0,0,0,0,0,0,0,0,0,0,201.719,0,0,0
"MtrElec",9,27,23,"",146.81,0,0,0,0,0,0,0,0,0,0,0,0,0,0,0,0,0,0,0,0,146.81,0,0,0
"MtrElec",9,27,24,"",135.168,0,0,0,0,0,0,0,0,0,0,0,0,0,0,0,0,0,0,0,0,135.168,0,0,0
"MtrElec",9,28,1,"",107.372,0,0,0,0,0,0,0,0,0,0,0,0,0,0,0,0,0,0,0,0,107.372,0,0,0
"MtrElec",9,28,2,"",87.6033,0,0,0,0,0,0,0,0,0,0,0,0,0,0,0,0,0,0,0,0,87.6033,0,0,0
"MtrElec",9,28,3,"",79.6881,0,0,0,0,0,0,0,0,0,0,0,0,0,0,0,0,0,0,0,0,79.6881,0,0,0
"MtrElec",9,28,4,"",76.7394,0,0,0,0,0,0,0,0,0,0,0,0,0,0,0,0,0,0,0,0,76.7394,0,0,0
"MtrElec",9,28,5,"",75.1418,0,0,0,0,0,0,0,0,0,0,0,0,0,0,0,0,0,0,0,0,75.1418,0,0,0
"MtrElec",9,28,6,"",82.7076,0,0,0,0,0,0,0,0,0,0,0,0,0,0,0,0,0,0,0,0,82.7076,0,0,0
"MtrElec",9,28,7,"",89.1787,0,0,0,0,0,0,0,0,0,0,0,0,0,0,0,0,0,0,0,0,89.1787,0,0,0
"MtrElec",9,28,8,"",35.968,0,0,0,0,0,0,0,0,0,0,0,0,0,0,0,0,0,0,0,0,104.965,0,0,-68.9966
"MtrElec",9,28,9,"",0,0,0,0,0,0,0,0,0,0,0,0,0,0,0,0,0,0,0,0,0,130.637,0,86.8001,-217.437
"MtrElec",9,28,10,"",0,0,0,0,0,0,0,0,0,0,0,0,0,0,0,0,0,0,0,0,0,180.762,0,173.951,-354.713
"MtrElec",9,28,11,"",-41.8254,0,0,0,0,0,0,0,0,0,0,0,0,0,0,0,0,0,0,0,0,186.985,0,224.226,-453.037
"MtrElec",9,28,12,"",-262.223,0,0,0,0,0,0,0,0,0,0,0,0,0,0,0,0,0,0,0,0,175.711,0,76.7691,-514.703
"MtrElec",9,28,13,"",-320.333,0,0,0,0,0,0,0,0,0,0,0,0,0,0,0,0,0,0,0,0,221.238,0,0,-541.572
"MtrElec",9,28,14,"",-323.587,0,0,0,0,0,0,0,0,0,0,0,0,0,0,0,0,0,0,0,0,190.603,0,0,-514.19
"MtrElec",9,28,15,"",-219.501,0,0,0,0,0,0,0,0,0,0,0,0,0,0,0,0,0,0,0,0,199.051,0,0,-418.552
"MtrElec",9,28,16,"",-83.3621,0,0,0,0,0,0,0,0,0,0,0,0,0,0,0,0,0,0,0,0,207.247,0,0,-290.609
"MtrElec",9,28,17,"",58.0024,0,0,0,0,0,0,0,0,0,0,0,0,0,0,0,0,0,0,0,0,247.438,0,0,-189.436
"MtrElec",9,28,18,"",144.271,0,0,0,0,0,0,0,0,0,0,0,0,0,0,0,0,0,0,0,0,260.098,0,0,-115.827
"MtrElec",9,28,19,"",35.9168,0,0,0,0,0,0,0,0,0,0,0,0,0,0,0,0,0,0,0,0,268.124,0,-224.226,-7.98062
"MtrElec",9,28,20,"",50.8595,0,0,0,0,0,0,0,0,0,0,0,0,0,0,0,0,0,0,0,0,275.086,0,-224.226,0
"MtrElec",9,28,21,"",196.691,0,0,0,0,0,0,0,0,0,0,0,0,0,0,0,0,0,0,0,0,255.214,0,-58.5231,0
"MtrElec",9,28,22,"",195.248,0,0,0,0,0,0,0,0,0,0,0,0,0,0,0,0,0,0,0,0,195.248,0,0,0
"MtrElec",9,28,23,"",164.99,0,0,0,0,0,0,0,0,0,0,0,0,0,0,0,0,0,0,0,0,164.99,0,0,0
"MtrElec",9,28,24,"",131.795,0,0,0,0,0,0,0,0,0,0,0,0,0,0,0,0,0,0,0,0,131.795,0,0,0
"MtrElec",9,29,1,"",109.698,0,0,0,0,0,0,0,0,0,0,0,0,0,0,0,0,0,0,0,0,109.698,0,0,0
"MtrElec",9,29,2,"",89.0388,0,0,0,0,0,0,0,0,0,0,0,0,0,0,0,0,0,0,0,0,89.0388,0,0,0
"MtrElec",9,29,3,"",83.8916,0,0,0,0,0,0,0,0,0,0,0,0,0,0,0,0,0,0,0,0,83.8916,0,0,0
"MtrElec",9,29,4,"",80.6306,0,0,0,0,0,0,0,0,0,0,0,0,0,0,0,0,0,0,0,0,80.6306,0,0,0
"MtrElec",9,29,5,"",79.002,0,0,0,0,0,0,0,0,0,0,0,0,0,0,0,0,0,0,0,0,79.002,0,0,0
"MtrElec",9,29,6,"",84.3259,0,0,0,0,0,0,0,0,0,0,0,0,0,0,0,0,0,0,0,0,84.3259,0,0,0
"MtrElec",9,29,7,"",103.589,0,0,0,0,0,0,0,0,0,0,0,0,0,0,0,0,0,0,0,0,103.589,0,0,0
"MtrElec",9,29,8,"",70.0826,0,0,0,0,0,0,0,0,0,0,0,0,0,0,0,0,0,0,0,0,115.728,0,0,-45.6453
"MtrElec",9,29,9,"",0.0000020,0,0,0,0,0,0,0,0,0,0,0,0,0,0,0,0,0,0,0,0,173.144,0,24.9051,-198.049
"MtrElec",9,29,10,"",0,0,0,0,0,0,0,0,0,0,0,0,0,0,0,0,0,0,0,0,0,190.351,0,151.076,-341.427
"MtrElec",9,29,11,"",0,0,0,0,0,0,0,0,0,0,0,0,0,0,0,0,0,0,0,0,0,229.629,0,216.207,-445.836
"MtrElec",9,29,12,"",-128.667,0,0,0,0,0,0,0,0,0,0,0,0,0,0,0,0,0,0,0,0,208.017,0,169.558,-506.241
"MtrElec",9,29,13,"",-263.826,0,0,0,0,0,0,0,0,0,0,0,0,0,0,0,0,0,0,0,0,252.592,0,0,-516.418
"MtrElec",9,29,14,"",-269.124,0,0,0,0,0,0,0,0,0,0,0,0,0,0,0,0,0,0,0,0,167.136,0,0,-436.26
"MtrElec",9,29,15,"",-217.319,0,0,0,0,0,0,0,0,0,0,0,0,0,0,0,0,0,0,0,0,190.211,0,0,-407.53
"MtrElec",9,29,16,"",-121.26,0,0,0,0,0,0,0,0,0,0,0,0,0,0,0,0,0,0,0,0,208.672,0,0,-329.932
"MtrElec",9,29,17,"",36.7523,0,0,0,0,0,0,0,0,0,0,0,0,0,0,0,0,0,0,0,0,221.544,0,0,-184.792
"MtrElec",9,29,18,"",134.496,0,0,0,0,0,0,0,0,0,0,0,0,0,0,0,0,0,0,0,0,232.553,0,0,-98.0568
"MtrElec",9,29,19,"",-1.94733,0,0,0,0,0,0,0,0,0,0,0,0,0,0,0,0,0,0,0,0,228.058,0,-224.226,-5.77838
"MtrElec",9,29,20,"",9.65797,0,0,0,0,0,0,0,0,0,0,0,0,0,0,0,0,0,0,0,0,233.884,0,-224.226,0
"MtrElec",9,29,21,"",183.439,0,0,0,0,0,0,0,0,0,0,0,0,0,0,0,0,0,0,0,0,241.962,0,-58.5231,0
"MtrElec",9,29,22,"",180.433,0,0,0,0,0,0,0,0,0,0,0,0,0,0,0,0,0,0,0,0,180.433,0,0,0
"MtrElec",9,29,23,"",157.253,0,0,0,0,0,0,0,0,0,0,0,0,0,0,0,0,0,0,0,0,157.253,0,0,0
"MtrElec",9,29,24,"",133.039,0,0,0,0,0,0,0,0,0,0,0,0,0,0,0,0,0,0,0,0,133.039,0,0,0
"MtrElec",9,30,1,"",93.1804,0,0,0,0,0,0,0,0,0,0,0,0,0,0,0,0,0,0,0,0,93.1804,0,0,0
"MtrElec",9,30,2,"",85.8242,0,0,0,0,0,0,0,0,0,0,0,0,0,0,0,0,0,0,0,0,85.8242,0,0,0
"MtrElec",9,30,3,"",79.2115,0,0,0,0,0,0,0,0,0,0,0,0,0,0,0,0,0,0,0,0,79.2115,0,0,0
"MtrElec",9,30,4,"",76.3224,0,0,0,0,0,0,0,0,0,0,0,0,0,0,0,0,0,0,0,0,76.3224,0,0,0
"MtrElec",9,30,5,"",74.6948,0,0,0,0,0,0,0,0,0,0,0,0,0,0,0,0,0,0,0,0,74.6948,0,0,0
"MtrElec",9,30,6,"",82.2056,0,0,0,0,0,0,0,0,0,0,0,0,0,0,0,0,0,0,0,0,82.2056,0,0,0
"MtrElec",9,30,7,"",91.8906,0,0,0,0,0,0,0,0,0,0,0,0,0,0,0,0,0,0,0,0,91.8906,0,0,0
"MtrElec",9,30,8,"",58.0542,0,0,0,0,0,0,0,0,0,0,0,0,0,0,0,0,0,0,0,0,125.101,0,0,-67.0464
"MtrElec",9,30,9,"",0,0,0,0,0,0,0,0,0,0,0,0,0,0,0,0,0,0,0,0,0,155.134,0,33.2048,-188.339
"MtrElec",9,30,10,"",0,0,0,0,0,0,0,0,0,0,0,0,0,0,0,0,0,0,0,0,0,178.428,0,136.505,-314.933
"MtrElec",9,30,11,"",0,0,0,0,0,0,0,0,0,0,0,0,0,0,0,0,0,0,0,0,0,181.968,0,198.469,-380.437
"MtrElec",9,30,12,"",-33.8754,0,0,0,0,0,0,0,0,0,0,0,0,0,0,0,0,0,0,0,0,167.546,0,193.568,-394.99
"MtrElec",9,30,13,"",-197.561,0,0,0,0,0,0,0,0,0,0,0,0,0,0,0,0,0,0,0,0,227.11,0,0,-424.671
"MtrElec",9,30,14,"",-257.959,0,0,0,0,0,0,0,0,0,0,0,0,0,0,0,0,0,0,0,0,147.843,0,0,-405.802
"MtrElec",9,30,15,"",-161.625,0,0,0,0,0,0,0,0,0,0,0,0,0,0,0,0,0,0,0,0,162.778,0,0,-324.403
"MtrElec",9,30,16,"",-25.5253,0,0,0,0,0,0,0,0,0,0,0,0,0,0,0,0,0,0,0,0,174.011,0,0,-199.537
"MtrElec",9,30,17,"",97.5683,0,0,0,0,0,0,0,0,0,0,0,0,0,0,0,0,0,0,0,0,227.266,0,0,-129.698
"MtrElec",9,30,18,"",158.883,0,0,0,0,0,0,0,0,0,0,0,0,0,0,0,0,0,0,0,0,204.674,0,0,-45.7905
"MtrElec",9,30,19,"",-25.5205,0,0,0,0,0,0,0,0,0,0,0,0,0,0,0,0,0,0,0,0,200.029,0,-224.226,-1.32323
"MtrElec",9,30,20,"",2.97084,0,0,0,0,0,0,0,0,0,0,0,0,0,0,0,0,0,0,0,0,227.197,0,-224.226,0
"MtrElec",9,30,21,"",159.859,0,0,0,0,0,0,0,0,0,0,0,0,0,0,0,0,0,0,0,0,218.382,0,-58.5231,0
"MtrElec",9,30,22,"",172.608,0,0,0,0,0,0,0,0,0,0,0,0,0,0,0,0,0,0,0,0,172.608,0,0,0
"MtrElec",9,30,23,"",163.656,0,0,0,0,0,0,0,0,0,0,0,0,0,0,0,0,0,0,0,0,163.656,0,0,0
"MtrElec",9,30,24,"",125.805,0,0,0,0,0,0,0,0,0,0,0,0,0,0,0,0,0,0,0,0,125.805,0,0,0
"MtrElec",10,1,1,"",105.48,0,0,0,0,0,0,0,0,0,0,0,0,0,0,0,0,0,0,0,0,105.48,0,0,0
"MtrElec",10,1,2,"",91.8616,0,0,0,0,0,0,0,0,0,0,0,0,0,0,0,0,0,0,0,0,91.8616,0,0,0
"MtrElec",10,1,3,"",87.4566,0,0,0,0,0,0,0,0,0,0,0,0,0,0,0,0,0,0,0,0,87.4566,0,0,0
"MtrElec",10,1,4,"",91.3304,0,0,0,0,0,0,0,0,0,0,0,0,0,0,0,0,0,0,0,0,91.3304,0,0,0
"MtrElec",10,1,5,"",81.7883,0,0,0,0,0,0,0,0,0,0,0,0,0,0,0,0,0,0,0,0,81.7883,0,0,0
"MtrElec",10,1,6,"",92.9627,0,0,0,0,0,0,0,0,0,0,0,0,0,0,0,0,0,0,0,0,92.9627,0,0,0
"MtrElec",10,1,7,"",112.405,0,0,0,0,0,0,0,0,0,0,0,0,0,0,0,0,0,0,0,0,112.405,0,0,0
"MtrElec",10,1,8,"",80.491,0,0,0,0,0,0,0,0,0,0,0,0,0,0,0,0,0,0,0,0,142.332,0,0,-61.8406
"MtrElec",10,1,9,"",0.0000020,0,0,0,0,0,0,0,0,0,0,0,0,0,0,0,0,0,0,0,0,171.898,0,27.6783,-199.576
"MtrElec",10,1,10,"",0,0,0,0,0,0,0,0,0,0,0,0,0,0,0,0,0,0,0,0,0,196.27,0,125.667,-321.937
"MtrElec",10,1,11,"",0,0,0,0,0,0,0,0,0,0,0,0,0,0,0,0,0,0,0,0,0,251.131,0,166.34,-417.471
"MtrElec",10,1,12,"",0,0,0,0,0,0,0,0,0,0,0,0,0,0,0,0,0,0,0,0,0,262.232,0,219.464,-481.696
"MtrElec",10,1,13,"",-212.831,0,0,0,0,0,0,0,0,0,0,0,0,0,0,0,0,0,0,0,0,267.311,0,22.5971,-502.74
"MtrElec",10,1,14,"",-235.688,0,0,0,0,0,0,0,0,0,0,0,0,0,0,0,0,0,0,0,0,251.515,0,0,-487.202
"MtrElec",10,1,15,"",-154.408,0,0,0,0,0,0,0,0,0,0,0,0,0,0,0,0,0,0,0,0,278.824,0,0,-433.232
"MtrElec",10,1,16,"",-53.9004,0,0,0,0,0,0,0,0,0,0,0,0,0,0,0,0,0,0,0,0,306.393,0,0,-360.293
"MtrElec",10,1,17,"",88.6414,0,0,0,0,0,0,0,0,0,0,0,0,0,0,0,0,0,0,0,0,336.555,0,0,-247.914
"MtrElec",10,1,18,"",235.708,0,0,0,0,0,0,0,0,0,0,0,0,0,0,0,0,0,0,0,0,340.964,0,0,-105.257
"MtrElec",10,1,19,"",95.9459,0,0,0,0,0,0,0,0,0,0,0,0,0,0,0,0,0,0,0,0,325.487,0,-224.226,-5.31473
"MtrElec",10,1,20,"",77.548,0,0,0,0,0,0,0,0,0,0,0,0,0,0,0,0,0,0,0,0,301.774,0,-224.226,0
"MtrElec",10,1,21,"",232.798,0,0,0,0,0,0,0,0,0,0,0,0,0,0,0,0,0,0,0,0,291.321,0,-58.5231,0
"MtrElec",10,1,22,"",227.793,0,0,0,0,0,0,0,0,0,0,0,0,0,0,0,0,0,0,0,0,227.793,0,0,0
"MtrElec",10,1,23,"",194.121,0,0,0,0,0,0,0,0,0,0,0,0,0,0,0,0,0,0,0,0,194.121,0,0,0
"MtrElec",10,1,24,"",168.451,0,0,0,0,0,0,0,0,0,0,0,0,0,0,0,0,0,0,0,0,168.451,0,0,0
"MtrElec",10,2,1,"",127.129,0,0,0,0,0,0,0,0,0,0,0,0,0,0,0,0,0,0,0,0,127.129,0,0,0
"MtrElec",10,2,2,"",111.417,0,0,0,0,0,0,0,0,0,0,0,0,0,0,0,0,0,0,0,0,111.417,0,0,0
"MtrElec",10,2,3,"",101.492,0,0,0,0,0,0,0,0,0,0,0,0,0,0,0,0,0,0,0,0,101.492,0,0,0
"MtrElec",10,2,4,"",95.3284,0,0,0,0,0,0,0,0,0,0,0,0,0,0,0,0,0,0,0,0,95.3284,0,0,0
"MtrElec",10,2,5,"",90.7407,0,0,0,0,0,0,0,0,0,0,0,0,0,0,0,0,0,0,0,0,90.7407,0,0,0
"MtrElec",10,2,6,"",98.9275,0,0,0,0,0,0,0,0,0,0,0,0,0,0,0,0,0,0,0,0,98.9275,0,0,0
"MtrElec",10,2,7,"",111.1,0,0,0,0,0,0,0,0,0,0,0,0,0,0,0,0,0,0,0,0,111.1,0,0,0
"MtrElec",10,2,8,"",76.5336,0,0,0,0,0,0,0,0,0,0,0,0,0,0,0,0,0,0,0,0,140.83,0,0,-64.2964
"MtrElec",10,2,9,"",0.0000020,0,0,0,0,0,0,0,0,0,0,0,0,0,0,0,0,0,0,0,0,177.6,0,24.1858,-201.786
"MtrElec",10,2,10,"",0,0,0,0,0,0,0,0,0,0,0,0,0,0,0,0,0,0,0,0,0,195.573,0,128.893,-324.466
"MtrElec",10,2,11,"",0,0,0,0,0,0,0,0,0,0,0,0,0,0,0,0,0,0,0,0,0,236.163,0,181.792,-417.955
"MtrElec",10,2,12,"",-12.657,0,0,0,0,0,0,0,0,0,0,0,0,0,0,0,0,0,0,0,0,244.091,0,224.226,-480.974
"MtrElec",10,2,13,"",-236.507,0,0,0,0,0,0,0,0,0,0,0,0,0,0,0,0,0,0,0,0,269.334,0,2.64848,-508.489
"MtrElec",10,2,14,"",-265.834,0,0,0,0,0,0,0,0,0,0,0,0,0,0,0,0,0,0,0,0,232.094,0,0,-497.929
"MtrElec",10,2,15,"",-184.214,0,0,0,0,0,0,0,0,0,0,0,0,0,0,0,0,0,0,0,0,262.942,0,0,-447.155
"MtrElec",10,2,16,"",-73.3378,0,0,0,0,0,0,0,0,0,0,0,0,0,0,0,0,0,0,0,0,288.961,0,0,-362.299
"MtrElec",10,2,17,"",70.3955,0,0,0,0,0,0,0,0,0,0,0,0,0,0,0,0,0,0,0,0,311.621,0,0,-241.226
"MtrElec",10,2,18,"",187.72,0,0,0,0,0,0,0,0,0,0,0,0,0,0,0,0,0,0,0,0,287.953,0,0,-100.233
"MtrElec",10,2,19,"",92.0096,0,0,0,0,0,0,0,0,0,0,0,0,0,0,0,0,0,0,0,0,320.908,0,-224.226,-4.6723
"MtrElec",10,2,20,"",49.4309,0,0,0,0,0,0,0,0,0,0,0,0,0,0,0,0,0,0,0,0,273.657,0,-224.226,0
"MtrElec",10,2,21,"",203.501,0,0,0,0,0,0,0,0,0,0,0,0,0,0,0,0,0,0,0,0,262.024,0,-58.5231,0
"MtrElec",10,2,22,"",215.914,0,0,0,0,0,0,0,0,0,0,0,0,0,0,0,0,0,0,0,0,215.914,0,0,0
"MtrElec",10,2,23,"",242.603,0,0,0,0,0,0,0,0,0,0,0,0,0,0,0,0,0,0,0,0,242.603,0,0,0
"MtrElec",10,2,24,"",173.919,0,0,0,0,0,0,0,0,0,0,0,0,0,0,0,0,0,0,0,0,173.919,0,0,0
"MtrElec",10,3,1,"",124.568,0,0,0,0,0,0,0,0,0,0,0,0,0,0,0,0,0,0,0,0,124.568,0,0,0
"MtrElec",10,3,2,"",103.141,0,0,0,0,0,0,0,0,0,0,0,0,0,0,0,0,0,0,0,0,103.141,0,0,0
"MtrElec",10,3,3,"",95.6017,0,0,0,0,0,0,0,0,0,0,0,0,0,0,0,0,0,0,0,0,95.6017,0,0,0
"MtrElec",10,3,4,"",94.6115,0,0,0,0,0,0,0,0,0,0,0,0,0,0,0,0,0,0,0,0,94.6115,0,0,0
"MtrElec",10,3,5,"",109.167,0,0,0,0,0,0,0,0,0,0,0,0,0,0,0,0,0,0,0,0,109.167,0,0,0
"MtrElec",10,3,6,"",92.5492,0,0,0,0,0,0,0,0,0,0,0,0,0,0,0,0,0,0,0,0,92.5492,0,0,0
"MtrElec",10,3,7,"",103.253,0,0,0,0,0,0,0,0,0,0,0,0,0,0,0,0,0,0,0,0,103.253,0,0,0
"MtrElec",10,3,8,"",69.6736,0,0,0,0,0,0,0,0,0,0,0,0,0,0,0,0,0,0,0,0,133.151,0,0,-63.4777
"MtrElec",10,3,9,"",0,0,0,0,0,0,0,0,0,0,0,0,0,0,0,0,0,0,0,0,0,155.246,0,46.9582,-202.204
"MtrElec",10,3,10,"",0,0,0,0,0,0,0,0,0,0,0,0,0,0,0,0,0,0,0,0,0,174.707,0,152.371,-327.077
"MtrElec",10,3,11,"",0,0,0,0,0,0,0,0,0,0,0,0,0,0,0,0,0,0,0,0,0,224.387,0,202.713,-427.1
"MtrElec",10,3,12,"",-85.4863,0,0,0,0,0,0,0,0,0,0,0,0,0,0,0,0,0,0,0,0,247.705,0,159.704,-492.895
"MtrElec",10,3,13,"",-279.038,0,0,0,0,0,0,0,0,0,0,0,0,0,0,0,0,0,0,0,0,239.679,0,0,-518.717
"MtrElec",10,3,14,"",-282.913,0,0,0,0,0,0,0,0,0,0,0,0,0,0,0,0,0,0,0,0,221.75,0,0,-504.663
"MtrElec",10,3,15,"",-206.357,0,0,0,0,0,0,0,0,0,0,0,0,0,0,0,0,0,0,0,0,250.848,0,0,-457.205
"MtrElec",10,3,16,"",-128.042,0,0,0,0,0,0,0,0,0,0,0,0,0,0,0,0,0,0,0,0,245.407,0,0,-373.448
"MtrElec",10,3,17,"",-2.35322,0,0,0,0,0,0,0,0,0,0,0,0,0,0,0,0,0,0,0,0,249.861,0,0,-252.215
"MtrElec",10,3,18,"",188.192,0,0,0,0,0,0,0,0,0,0,0,0,0,0,0,0,0,0,0,0,274.948,0,0,-86.7558
"MtrElec",10,3,19,"",60.9715,0,0,0,0,0,0,0,0,0,0,0,0,0,0,0,0,0,0,0,0,287.798,0,-224.226,-2.6003
"MtrElec",10,3,20,"",66.2681,0,0,0,0,0,0,0,0,0,0,0,0,0,0,0,0,0,0,0,0,290.495,0,-224.226,0
"MtrElec",10,3,21,"",166.795,0,0,0,0,0,0,0,0,0,0,0,0,0,0,0,0,0,0,0,0,225.318,0,-58.5231,0
"MtrElec",10,3,22,"",213.675,0,0,0,0,0,0,0,0,0,0,0,0,0,0,0,0,0,0,0,0,213.675,0,0,0
"MtrElec",10,3,23,"",157.367,0,0,0,0,0,0,0,0,0,0,0,0,0,0,0,0,0,0,0,0,157.367,0,0,0
"MtrElec",10,3,24,"",162.362,0,0,0,0,0,0,0,0,0,0,0,0,0,0,0,0,0,0,0,0,162.362,0,0,0
"MtrElec",10,4,1,"",122.836,0,0,0,0,0,0,0,0,0,0,0,0,0,0,0,0,0,0,0,0,122.836,0,0,0
"MtrElec",10,4,2,"",92.3332,0,0,0,0,0,0,0,0,0,0,0,0,0,0,0,0,0,0,0,0,92.3332,0,0,0
"MtrElec",10,4,3,"",85.3912,0,0,0,0,0,0,0,0,0,0,0,0,0,0,0,0,0,0,0,0,85.3912,0,0,0
"MtrElec",10,4,4,"",84.2283,0,0,0,0,0,0,0,0,0,0,0,0,0,0,0,0,0,0,0,0,84.2283,0,0,0
"MtrElec",10,4,5,"",87.6442,0,0,0,0,0,0,0,0,0,0,0,0,0,0,0,0,0,0,0,0,87.6442,0,0,0
"MtrElec",10,4,6,"",85.8962,0,0,0,0,0,0,0,0,0,0,0,0,0,0,0,0,0,0,0,0,85.8962,0,0,0
"MtrElec",10,4,7,"",89.8427,0,0,0,0,0,0,0,0,0,0,0,0,0,0,0,0,0,0,0,0,89.8427,0,0,0
"MtrElec",10,4,8,"",35.0228,0,0,0,0,0,0,0,0,0,0,0,0,0,0,0,0,0,0,0,0,100.642,0,0,-65.6189
"MtrElec",10,4,9,"",0,0,0,0,0,0,0,0,0,0,0,0,0,0,0,0,0,0,0,0,0,110.021,0,100.09,-210.111
"MtrElec",10,4,10,"",-1.87601,0,0,0,0,0,0,0,0,0,0,0,0,0,0,0,0,0,0,0,0,116.866,0,224.226,-342.968
"MtrElec",10,4,11,"",-24.4766,0,0,0,0,0,0,0,0,0,0,0,0,0,0,0,0,0,0,0,0,193.425,0,224.226,-442.128
"MtrElec",10,4,12,"",-271.045,0,0,0,0,0,0,0,0,0,0,0,0,0,0,0,0,0,0,0,0,215.412,0,13.2033,-499.66
"MtrElec",10,4,13,"",-323.629,0,0,0,0,0,0,0,0,0,0,0,0,0,0,0,0,0,0,0,0,197.524,0,0,-521.154
"MtrElec",10,4,14,"",-322.356,0,0,0,0,0,0,0,0,0,0,0,0,0,0,0,0,0,0,0,0,189.3,0,0,-511.656
"MtrElec",10,4,15,"",-275.635,0,0,0,0,0,0,0,0,0,0,0,0,0,0,0,0,0,0,0,0,188.022,0,0,-463.657
"MtrElec",10,4,16,"",-183.201,0,0,0,0,0,0,0,0,0,0,0,0,0,0,0,0,0,0,0,0,193.444,0,0,-376.645
"MtrElec",10,4,17,"",-51.801,0,0,0,0,0,0,0,0,0,0,0,0,0,0,0,0,0,0,0,0,203.042,0,0,-254.843
"MtrElec",10,4,18,"",120.853,0,0,0,0,0,0,0,0,0,0,0,0,0,0,0,0,0,0,0,0,226.114,0,0,-105.261
"MtrElec",10,4,19,"",28.8983,0,0,0,0,0,0,0,0,0,0,0,0,0,0,0,0,0,0,0,0,257.744,0,-224.226,-4.61904
"MtrElec",10,4,20,"",-6.98475,0,0,0,0,0,0,0,0,0,0,0,0,0,0,0,0,0,0,0,0,217.242,0,-224.226,0
"MtrElec",10,4,21,"",141.81,0,0,0,0,0,0,0,0,0,0,0,0,0,0,0,0,0,0,0,0,200.333,0,-58.5231,0
"MtrElec",10,4,22,"",195.257,0,0,0,0,0,0,0,0,0,0,0,0,0,0,0,0,0,0,0,0,195.257,0,0,0
"MtrElec",10,4,23,"",130.823,0,0,0,0,0,0,0,0,0,0,0,0,0,0,0,0,0,0,0,0,130.823,0,0,0
"MtrElec",10,4,24,"",151.617,0,0,0,0,0,0,0,0,0,0,0,0,0,0,0,0,0,0,0,0,151.617,0,0,0
"MtrElec",10,5,1,"",108.666,0,0,0,0,0,0,0,0,0,0,0,0,0,0,0,0,0,0,0,0,108.666,0,0,0
"MtrElec",10,5,2,"",89.0452,0,0,0,0,0,0,0,0,0,0,0,0,0,0,0,0,0,0,0,0,89.0452,0,0,0
"MtrElec",10,5,3,"",87.7664,0,0,0,0,0,0,0,0,0,0,0,0,0,0,0,0,0,0,0,0,87.7664,0,0,0
"MtrElec",10,5,4,"",85.873,0,0,0,0,0,0,0,0,0,0,0,0,0,0,0,0,0,0,0,0,85.873,0,0,0
"MtrElec",10,5,5,"",85.065,0,0,0,0,0,0,0,0,0,0,0,0,0,0,0,0,0,0,0,0,85.065,0,0,0
"MtrElec",10,5,6,"",85.6611,0,0,0,0,0,0,0,0,0,0,0,0,0,0,0,0,0,0,0,0,85.6611,0,0,0
"MtrElec",10,5,7,"",100.298,0,0,0,0,0,0,0,0,0,0,0,0,0,0,0,0,0,0,0,0,100.298,0,0,0
"MtrElec",10,5,8,"",50.6349,0,0,0,0,0,0,0,0,0,0,0,0,0,0,0,0,0,0,0,0,118.551,0,0,-67.9165
"MtrElec",10,5,9,"",0,0,0,0,0,0,0,0,0,0,0,0,0,0,0,0,0,0,0,0,0,123.015,0,86.7641,-209.779
"MtrElec",10,5,10,"",-5.55234,0,0,0,0,0,0,0,0,0,0,0,0,0,0,0,0,0,0,0,0,117.869,0,224.226,-347.648
"MtrElec",10,5,11,"",-82.3217,0,0,0,0,0,0,0,0,0,0,0,0,0,0,0,0,0,0,0,0,134.983,0,224.226,-441.531
"MtrElec",10,5,12,"",-343.507,0,0,0,0,0,0,0,0,0,0,0,0,0,0,0,0,0,0,0,0,130.309,0,26.5292,-500.345
"MtrElec",10,5,13,"",-387.976,0,0,0,0,0,0,0,0,0,0,0,0,0,0,0,0,0,0,0,0,131.795,0,0,-519.771
"MtrElec",10,5,14,"",-382.876,0,0,0,0,0,0,0,0,0,0,0,0,0,0,0,0,0,0,0,0,126.441,0,0,-509.317
"MtrElec",10,5,15,"",-310.991,0,0,0,0,0,0,0,0,0,0,0,0,0,0,0,0,0,0,0,0,146.363,0,0,-457.354
"MtrElec",10,5,16,"",-181.667,0,0,0,0,0,0,0,0,0,0,0,0,0,0,0,0,0,0,0,0,185.123,0,0,-366.79
"MtrElec",10,5,17,"",-11.8812,0,0,0,0,0,0,0,0,0,0,0,0,0,0,0,0,0,0,0,0,230.237,0,0,-242.118
"MtrElec",10,5,18,"",129.161,0,0,0,0,0,0,0,0,0,0,0,0,0,0,0,0,0,0,0,0,226.416,0,0,-97.2552
"MtrElec",10,5,19,"",4.92893,0,0,0,0,0,0,0,0,0,0,0,0,0,0,0,0,0,0,0,0,232.886,0,-224.226,-3.73098
"MtrElec",10,5,20,"",-13.2965,0,0,0,0,0,0,0,0,0,0,0,0,0,0,0,0,0,0,0,0,210.93,0,-224.226,0
"MtrElec",10,5,21,"",167.959,0,0,0,0,0,0,0,0,0,0,0,0,0,0,0,0,0,0,0,0,226.482,0,-58.5231,0
"MtrElec",10,5,22,"",166.699,0,0,0,0,0,0,0,0,0,0,0,0,0,0,0,0,0,0,0,0,166.699,0,0,0
"MtrElec",10,5,23,"",176.231,0,0,0,0,0,0,0,0,0,0,0,0,0,0,0,0,0,0,0,0,176.231,0,0,0
"MtrElec",10,5,24,"",145.228,0,0,0,0,0,0,0,0,0,0,0,0,0,0,0,0,0,0,0,0,145.228,0,0,0
"MtrElec",10,6,1,"",112.443,0,0,0,0,0,0,0,0,0,0,0,0,0,0,0,0,0,0,0,0,112.443,0,0,0
"MtrElec",10,6,2,"",85.6505,0,0,0,0,0,0,0,0,0,0,0,0,0,0,0,0,0,0,0,0,85.6505,0,0,0
"MtrElec",10,6,3,"",87.4634,0,0,0,0,0,0,0,0,0,0,0,0,0,0,0,0,0,0,0,0,87.4634,0,0,0
"MtrElec",10,6,4,"",86.97,0,0,0,0,0,0,0,0,0,0,0,0,0,0,0,0,0,0,0,0,86.97,0,0,0
"MtrElec",10,6,5,"",86.0453,0,0,0,0,0,0,0,0,0,0,0,0,0,0,0,0,0,0,0,0,86.0453,0,0,0
"MtrElec",10,6,6,"",87.7906,0,0,0,0,0,0,0,0,0,0,0,0,0,0,0,0,0,0,0,0,87.7906,0,0,0
"MtrElec",10,6,7,"",108.08,0,0,0,0,0,0,0,0,0,0,0,0,0,0,0,0,0,0,0,0,108.08,0,0,0
"MtrElec",10,6,8,"",103.049,0,0,0,0,0,0,0,0,0,0,0,0,0,0,0,0,0,0,0,0,135.413,0,0,-32.3639
"MtrElec",10,6,9,"",40.3444,0,0,0,0,0,0,0,0,0,0,0,0,0,0,0,0,0,0,0,0,125.408,0,0,-85.0637
"MtrElec",10,6,10,"",0,0,0,0,0,0,0,0,0,0,0,0,0,0,0,0,0,0,0,0,0,141.61,0,87.9788,-229.589
"MtrElec",10,6,11,"",0,0,0,0,0,0,0,0,0,0,0,0,0,0,0,0,0,0,0,0,0,175.678,0,174.055,-349.733
"MtrElec",10,6,12,"",-50.3182,0,0,0,0,0,0,0,0,0,0,0,0,0,0,0,0,0,0,0,0,155.66,0,224.226,-430.205
"MtrElec",10,6,13,"",-185.327,0,0,0,0,0,0,0,0,0,0,0,0,0,0,0,0,0,0,0,0,173.115,0,75.4863,-433.927
"MtrElec",10,6,14,"",-290.4,0,0,0,0,0,0,0,0,0,0,0,0,0,0,0,0,0,0,0,0,147.975,0,0,-438.375
"MtrElec",10,6,15,"",-198.547,0,0,0,0,0,0,0,0,0,0,0,0,0,0,0,0,0,0,0,0,183.582,0,0,-382.129
"MtrElec",10,6,16,"",-120.616,0,0,0,0,0,0,0,0,0,0,0,0,0,0,0,0,0,0,0,0,178.165,0,0,-298.781
"MtrElec",10,6,17,"",12.7935,0,0,0,0,0,0,0,0,0,0,0,0,0,0,0,0,0,0,0,0,209.626,0,0,-196.832
"MtrElec",10,6,18,"",161.858,0,0,0,0,0,0,0,0,0,0,0,0,0,0,0,0,0,0,0,0,212.82,0,0,-50.9615
"MtrElec",10,6,19,"",-2.8953,0,0,0,0,0,0,0,0,0,0,0,0,0,0,0,0,0,0,0,0,221.331,0,-224.226,0
"MtrElec",10,6,20,"",-21.1059,0,0,0,0,0,0,0,0,0,0,0,0,0,0,0,0,0,0,0,0,203.121,0,-224.226,0
"MtrElec",10,6,21,"",139.51,0,0,0,0,0,0,0,0,0,0,0,0,0,0,0,0,0,0,0,0,198.033,0,-58.5231,0
"MtrElec",10,6,22,"",175.142,0,0,0,0,0,0,0,0,0,0,0,0,0,0,0,0,0,0,0,0,175.142,0,0,0
"MtrElec",10,6,23,"",187.45,0,0,0,0,0,0,0,0,0,0,0,0,0,0,0,0,0,0,0,0,187.45,0,0,0
"MtrElec",10,6,24,"",164.285,0,0,0,0,0,0,0,0,0,0,0,0,0,0,0,0,0,0,0,0,164.285,0,0,0
"MtrElec",10,7,1,"",108.428,0,0,0,0,0,0,0,0,0,0,0,0,0,0,0,0,0,0,0,0,108.428,0,0,0
"MtrElec",10,7,2,"",86.9563,0,0,0,0,0,0,0,0,0,0,0,0,0,0,0,0,0,0,0,0,86.9563,0,0,0
"MtrElec",10,7,3,"",82.2346,0,0,0,0,0,0,0,0,0,0,0,0,0,0,0,0,0,0,0,0,82.2346,0,0,0
"MtrElec",10,7,4,"",80.9933,0,0,0,0,0,0,0,0,0,0,0,0,0,0,0,0,0,0,0,0,80.9933,0,0,0
"MtrElec",10,7,5,"",78.5294,0,0,0,0,0,0,0,0,0,0,0,0,0,0,0,0,0,0,0,0,78.5294,0,0,0
"MtrElec",10,7,6,"",86.4114,0,0,0,0,0,0,0,0,0,0,0,0,0,0,0,0,0,0,0,0,86.4114,0,0,0
"MtrElec",10,7,7,"",93.1385,0,0,0,0,0,0,0,0,0,0,0,0,0,0,0,0,0,0,0,0,93.1385,0,0,0
"MtrElec",10,7,8,"",44.0675,0,0,0,0,0,0,0,0,0,0,0,0,0,0,0,0,0,0,0,0,108.388,0,0,-64.3208
"MtrElec",10,7,9,"",0,0,0,0,0,0,0,0,0,0,0,0,0,0,0,0,0,0,0,0,0,145.571,0,60.288,-205.859
"MtrElec",10,7,10,"",0,0,0,0,0,0,0,0,0,0,0,0,0,0,0,0,0,0,0,0,0,181.134,0,154.553,-335.687
"MtrElec",10,7,11,"",-13.6512,0,0,0,0,0,0,0,0,0,0,0,0,0,0,0,0,0,0,0,0,194.05,0,224.226,-431.927
"MtrElec",10,7,12,"",-196.08,0,0,0,0,0,0,0,0,0,0,0,0,0,0,0,0,0,0,0,0,176.864,0,122.679,-495.622
"MtrElec",10,7,13,"",-293.153,0,0,0,0,0,0,0,0,0,0,0,0,0,0,0,0,0,0,0,0,226.653,0,0,-519.806
"MtrElec",10,7,14,"",-341.516,0,0,0,0,0,0,0,0,0,0,0,0,0,0,0,0,0,0,0,0,163.019,0,0,-504.535
"MtrElec",10,7,15,"",-272.862,0,0,0,0,0,0,0,0,0,0,0,0,0,0,0,0,0,0,0,0,179.611,0,0,-452.473
"MtrElec",10,7,16,"",-142.485,0,0,0,0,0,0,0,0,0,0,0,0,0,0,0,0,0,0,0,0,224.078,0,0,-366.563
"MtrElec",10,7,17,"",2.583,0,0,0,0,0,0,0,0,0,0,0,0,0,0,0,0,0,0,0,0,244.174,0,0,-241.591
"MtrElec",10,7,18,"",141.172,0,0,0,0,0,0,0,0,0,0,0,0,0,0,0,0,0,0,0,0,235.689,0,0,-94.5177
"MtrElec",10,7,19,"",6.23975,0,0,0,0,0,0,0,0,0,0,0,0,0,0,0,0,0,0,0,0,233.565,0,-224.226,-3.09885
"MtrElec",10,7,20,"",28.4401,0,0,0,0,0,0,0,0,0,0,0,0,0,0,0,0,0,0,0,0,252.667,0,-224.226,0
"MtrElec",10,7,21,"",168.802,0,0,0,0,0,0,0,0,0,0,0,0,0,0,0,0,0,0,0,0,227.325,0,-58.5231,0
"MtrElec",10,7,22,"",181.6,0,0,0,0,0,0,0,0,0,0,0,0,0,0,0,0,0,0,0,0,181.6,0,0,0
"MtrElec",10,7,23,"",181.763,0,0,0,0,0,0,0,0,0,0,0,0,0,0,0,0,0,0,0,0,181.763,0,0,0
"MtrElec",10,7,24,"",115.095,0,0,0,0,0,0,0,0,0,0,0,0,0,0,0,0,0,0,0,0,115.095,0,0,0
"MtrElec",10,8,1,"",105.299,0,0,0,0,0,0,0,0,0,0,0,0,0,0,0,0,0,0,0,0,105.299,0,0,0
"MtrElec",10,8,2,"",86.2613,0,0,0,0,0,0,0,0,0,0,0,0,0,0,0,0,0,0,0,0,86.2613,0,0,0
"MtrElec",10,8,3,"",80.4265,0,0,0,0,0,0,0,0,0,0,0,0,0,0,0,0,0,0,0,0,80.4265,0,0,0
"MtrElec",10,8,4,"",78.7027,0,0,0,0,0,0,0,0,0,0,0,0,0,0,0,0,0,0,0,0,78.7027,0,0,0
"MtrElec",10,8,5,"",77.1277,0,0,0,0,0,0,0,0,0,0,0,0,0,0,0,0,0,0,0,0,77.1277,0,0,0
"MtrElec",10,8,6,"",86.6912,0,0,0,0,0,0,0,0,0,0,0,0,0,0,0,0,0,0,0,0,86.6912,0,0,0
"MtrElec",10,8,7,"",105.981,0,0,0,0,0,0,0,0,0,0,0,0,0,0,0,0,0,0,0,0,105.981,0,0,0
"MtrElec",10,8,8,"",48.7725,0,0,0,0,0,0,0,0,0,0,0,0,0,0,0,0,0,0,0,0,110.892,0,0,-62.1197
"MtrElec",10,8,9,"",0,0,0,0,0,0,0,0,0,0,0,0,0,0,0,0,0,0,0,0,0,120.508,0,83.5117,-204.02
"MtrElec",10,8,10,"",0.0000078,0,0,0,0,0,0,0,0,0,0,0,0,0,0,0,0,0,0,0,0,114.112,0,223.648,-337.759
"MtrElec",10,8,11,"",-62.8935,0,0,0,0,0,0,0,0,0,0,0,0,0,0,0,0,0,0,0,0,153.593,0,224.226,-440.713
"MtrElec",10,8,12,"",-323.627,0,0,0,0,0,0,0,0,0,0,0,0,0,0,0,0,0,0,0,0,147.753,0,30.3602,-501.74
"MtrElec",10,8,13,"",-361.864,0,0,0,0,0,0,0,0,0,0,0,0,0,0,0,0,0,0,0,0,163.139,0,0,-525.003
"MtrElec",10,8,14,"",-379.954,0,0,0,0,0,0,0,0,0,0,0,0,0,0,0,0,0,0,0,0,129.967,0,0,-509.921
"MtrElec",10,8,15,"",-305.038,0,0,0,0,0,0,0,0,0,0,0,0,0,0,0,0,0,0,0,0,151.327,0,0,-456.365
"MtrElec",10,8,16,"",-181.051,0,0,0,0,0,0,0,0,0,0,0,0,0,0,0,0,0,0,0,0,185.295,0,0,-366.345
"MtrElec",10,8,17,"",-20.4835,0,0,0,0,0,0,0,0,0,0,0,0,0,0,0,0,0,0,0,0,221.978,0,0,-242.461
"MtrElec",10,8,18,"",121.037,0,0,0,0,0,0,0,0,0,0,0,0,0,0,0,0,0,0,0,0,215.749,0,0,-94.712
"MtrElec",10,8,19,"",-18.2171,0,0,0,0,0,0,0,0,0,0,0,0,0,0,0,0,0,0,0,0,208.636,0,-224.226,-2.62695
"MtrElec",10,8,20,"",-27.3511,0,0,0,0,0,0,0,0,0,0,0,0,0,0,0,0,0,0,0,0,196.875,0,-224.226,0
"MtrElec",10,8,21,"",125.51,0,0,0,0,0,0,0,0,0,0,0,0,0,0,0,0,0,0,0,0,184.033,0,-58.5231,0
"MtrElec",10,8,22,"",156.045,0,0,0,0,0,0,0,0,0,0,0,0,0,0,0,0,0,0,0,0,156.045,0,0,0
"MtrElec",10,8,23,"",148.574,0,0,0,0,0,0,0,0,0,0,0,0,0,0,0,0,0,0,0,0,148.574,0,0,0
"MtrElec",10,8,24,"",139.159,0,0,0,0,0,0,0,0,0,0,0,0,0,0,0,0,0,0,0,0,139.159,0,0,0
"MtrElec",10,9,1,"",95.3389,0,0,0,0,0,0,0,0,0,0,0,0,0,0,0,0,0,0,0,0,95.3389,0,0,0
"MtrElec",10,9,2,"",81.3307,0,0,0,0,0,0,0,0,0,0,0,0,0,0,0,0,0,0,0,0,81.3307,0,0,0
"MtrElec",10,9,3,"",77.6231,0,0,0,0,0,0,0,0,0,0,0,0,0,0,0,0,0,0,0,0,77.6231,0,0,0
"MtrElec",10,9,4,"",77.4733,0,0,0,0,0,0,0,0,0,0,0,0,0,0,0,0,0,0,0,0,77.4733,0,0,0
"MtrElec",10,9,5,"",76.4381,0,0,0,0,0,0,0,0,0,0,0,0,0,0,0,0,0,0,0,0,76.4381,0,0,0
"MtrElec",10,9,6,"",84.5579,0,0,0,0,0,0,0,0,0,0,0,0,0,0,0,0,0,0,0,0,84.5579,0,0,0
"MtrElec",10,9,7,"",97.2996,0,0,0,0,0,0,0,0,0,0,0,0,0,0,0,0,0,0,0,0,97.2996,0,0,0
"MtrElec",10,9,8,"",56.8842,0,0,0,0,0,0,0,0,0,0,0,0,0,0,0,0,0,0,0,0,117.335,0,0,-60.4511
"MtrElec",10,9,9,"",4.3246,0,0,0,0,0,0,0,0,0,0,0,0,0,0,0,0,0,0,0,0,122.681,0,0,-118.356
"MtrElec",10,9,10,"",0,0,0,0,0,0,0,0,0,0,0,0,0,0,0,0,0,0,0,0,0,137.998,0,193.376,-331.374
"MtrElec",10,9,11,"",0,0,0,0,0,0,0,0,0,0,0,0,0,0,0,0,0,0,0,0,0,160.898,0,154.865,-315.763
"MtrElec",10,9,12,"",-130.201,0,0,0,0,0,0,0,0,0,0,0,0,0,0,0,0,0,0,0,0,136.111,0,213.505,-479.817
"MtrElec",10,9,13,"",-367.811,0,0,0,0,0,0,0,0,0,0,0,0,0,0,0,0,0,0,0,0,142.79,0,0,-510.601
"MtrElec",10,9,14,"",-371.136,0,0,0,0,0,0,0,0,0,0,0,0,0,0,0,0,0,0,0,0,134.115,0,0,-505.251
"MtrElec",10,9,15,"",-300.097,0,0,0,0,0,0,0,0,0,0,0,0,0,0,0,0,0,0,0,0,150.828,0,0,-450.925
"MtrElec",10,9,16,"",-148.486,0,0,0,0,0,0,0,0,0,0,0,0,0,0,0,0,0,0,0,0,161.376,0,0,-309.862
"MtrElec",10,9,17,"",-33.0201,0,0,0,0,0,0,0,0,0,0,0,0,0,0,0,0,0,0,0,0,201.866,0,0,-234.886
"MtrElec",10,9,18,"",113.584,0,0,0,0,0,0,0,0,0,0,0,0,0,0,0,0,0,0,0,0,202.211,0,0,-88.6275
"MtrElec",10,9,19,"",-13.5301,0,0,0,0,0,0,0,0,0,0,0,0,0,0,0,0,0,0,0,0,212.551,0,-224.226,-1.85466
"MtrElec",10,9,20,"",3.98391,0,0,0,0,0,0,0,0,0,0,0,0,0,0,0,0,0,0,0,0,228.21,0,-224.226,0
"MtrElec",10,9,21,"",174.354,0,0,0,0,0,0,0,0,0,0,0,0,0,0,0,0,0,0,0,0,232.877,0,-58.5231,0
"MtrElec",10,9,22,"",153.513,0,0,0,0,0,0,0,0,0,0,0,0,0,0,0,0,0,0,0,0,153.513,0,0,0
"MtrElec",10,9,23,"",171.946,0,0,0,0,0,0,0,0,0,0,0,0,0,0,0,0,0,0,0,0,171.946,0,0,0
"MtrElec",10,9,24,"",140.106,0,0,0,0,0,0,0,0,0,0,0,0,0,0,0,0,0,0,0,0,140.106,0,0,0
"MtrElec",10,10,1,"",89.7038,0,0,0,0,0,0,0,0,0,0,0,0,0,0,0,0,0,0,0,0,89.7038,0,0,0
"MtrElec",10,10,2,"",83.7527,0,0,0,0,0,0,0,0,0,0,0,0,0,0,0,0,0,0,0,0,83.7527,0,0,0
"MtrElec",10,10,3,"",79.3019,0,0,0,0,0,0,0,0,0,0,0,0,0,0,0,0,0,0,0,0,79.3019,0,0,0
"MtrElec",10,10,4,"",84.6463,0,0,0,0,0,0,0,0,0,0,0,0,0,0,0,0,0,0,0,0,84.6463,0,0,0
"MtrElec",10,10,5,"",122.568,0,0,0,0,0,0,0,0,0,0,0,0,0,0,0,0,0,0,0,0,122.568,0,0,0
"MtrElec",10,10,6,"",82.8983,0,0,0,0,0,0,0,0,0,0,0,0,0,0,0,0,0,0,0,0,82.8983,0,0,0
"MtrElec",10,10,7,"",93.5868,0,0,0,0,0,0,0,0,0,0,0,0,0,0,0,0,0,0,0,0,93.5868,0,0,0
"MtrElec",10,10,8,"",45.7121,0,0,0,0,0,0,0,0,0,0,0,0,0,0,0,0,0,0,0,0,106.99,0,0,-61.2783
"MtrElec",10,10,9,"",0,0,0,0,0,0,0,0,0,0,0,0,0,0,0,0,0,0,0,0,0,124.547,0,79.7998,-204.346
"MtrElec",10,10,10,"",0.0000078,0,0,0,0,0,0,0,0,0,0,0,0,0,0,0,0,0,0,0,0,155.898,0,112.178,-268.077
"MtrElec",10,10,11,"",-21.1942,0,0,0,0,0,0,0,0,0,0,0,0,0,0,0,0,0,0,0,0,201.403,0,224.226,-446.823
"MtrElec",10,10,12,"",-197.112,0,0,0,0,0,0,0,0,0,0,0,0,0,0,0,0,0,0,0,0,165.584,0,145.542,-508.238
"MtrElec",10,10,13,"",-335.41,0,0,0,0,0,0,0,0,0,0,0,0,0,0,0,0,0,0,0,0,196.122,0,0,-531.532
"MtrElec",10,10,14,"",-371.405,0,0,0,0,0,0,0,0,0,0,0,0,0,0,0,0,0,0,0,0,148.901,0,0,-520.306
"MtrElec",10,10,15,"",-295.321,0,0,0,0,0,0,0,0,0,0,0,0,0,0,0,0,0,0,0,0,172.604,0,0,-467.925
"MtrElec",10,10,16,"",-224.242,0,0,0,0,0,0,0,0,0,0,0,0,0,0,0,0,0,0,0,0,151.221,0,0,-375.463
"MtrElec",10,10,17,"",-85.3889,0,0,0,0,0,0,0,0,0,0,0,0,0,0,0,0,0,0,0,0,163.056,0,0,-248.445
"MtrElec",10,10,18,"",105.861,0,0,0,0,0,0,0,0,0,0,0,0,0,0,0,0,0,0,0,0,201.018,0,0,-95.1578
"MtrElec",10,10,19,"",22.8104,0,0,0,0,0,0,0,0,0,0,0,0,0,0,0,0,0,0,0,0,249.336,0,-224.226,-2.29913
"MtrElec",10,10,20,"",-16.8632,0,0,0,0,0,0,0,0,0,0,0,0,0,0,0,0,0,0,0,0,207.363,0,-224.226,0
"MtrElec",10,10,21,"",138.548,0,0,0,0,0,0,0,0,0,0,0,0,0,0,0,0,0,0,0,0,197.072,0,-58.5231,0
"MtrElec",10,10,22,"",216.945,0,0,0,0,0,0,0,0,0,0,0,0,0,0,0,0,0,0,0,0,216.945,0,0,0
"MtrElec",10,10,23,"",119.826,0,0,0,0,0,0,0,0,0,0,0,0,0,0,0,0,0,0,0,0,119.826,0,0,0
"MtrElec",10,10,24,"",128.325,0,0,0,0,0,0,0,0,0,0,0,0,0,0,0,0,0,0,0,0,128.325,0,0,0
"MtrElec",10,11,1,"",84.6327,0,0,0,0,0,0,0,0,0,0,0,0,0,0,0,0,0,0,0,0,84.6327,0,0,0
"MtrElec",10,11,2,"",79.8106,0,0,0,0,0,0,0,0,0,0,0,0,0,0,0,0,0,0,0,0,79.8106,0,0,0
"MtrElec",10,11,3,"",78.2158,0,0,0,0,0,0,0,0,0,0,0,0,0,0,0,0,0,0,0,0,78.2158,0,0,0
"MtrElec",10,11,4,"",81.4996,0,0,0,0,0,0,0,0,0,0,0,0,0,0,0,0,0,0,0,0,81.4996,0,0,0
"MtrElec",10,11,5,"",105.599,0,0,0,0,0,0,0,0,0,0,0,0,0,0,0,0,0,0,0,0,105.599,0,0,0
"MtrElec",10,11,6,"",81.1666,0,0,0,0,0,0,0,0,0,0,0,0,0,0,0,0,0,0,0,0,81.1666,0,0,0
"MtrElec",10,11,7,"",90.9264,0,0,0,0,0,0,0,0,0,0,0,0,0,0,0,0,0,0,0,0,90.9264,0,0,0
"MtrElec",10,11,8,"",109.615,0,0,0,0,0,0,0,0,0,0,0,0,0,0,0,0,0,0,0,0,109.615,0,0,0
"MtrElec",10,11,9,"",50.5578,0,0,0,0,0,0,0,0,0,0,0,0,0,0,0,0,0,0,0,0,122.943,0,0,-72.3854
"MtrElec",10,11,10,"",24.1077,0,0,0,0,0,0,0,0,0,0,0,0,0,0,0,0,0,0,0,0,150.162,0,0,-126.054
"MtrElec",10,11,11,"",45.801,0,0,0,0,0,0,0,0,0,0,0,0,0,0,0,0,0,0,0,0,164.299,0,0,-118.498
"MtrElec",10,11,12,"",65.8244,0,0,0,0,0,0,0,0,0,0,0,0,0,0,0,0,0,0,0,0,147.651,0,0,-81.8271
"MtrElec",10,11,13,"",0.0000010,0,0,0,0,0,0,0,0,0,0,0,0,0,0,0,0,0,0,0,0,185,0,11.1988,-196.199
"MtrElec",10,11,14,"",0,0,0,0,0,0,0,0,0,0,0,0,0,0,0,0,0,0,0,0,0,138.185,0,142.312,-280.497
"MtrElec",10,11,15,"",0,0,0,0,0,0,0,0,0,0,0,0,0,0,0,0,0,0,0,0,0,150.075,0,148.561,-298.636
"MtrElec",10,11,16,"",0.0000078,0,0,0,0,0,0,0,0,0,0,0,0,0,0,0,0,0,0,0,0,106.876,0,125.279,-232.155
"MtrElec",10,11,17,"",80.7451,0,0,0,0,0,0,0,0,0,0,0,0,0,0,0,0,0,0,0,0,110.968,0,0,-30.2228
"MtrElec",10,11,18,"",120.25,0,0,0,0,0,0,0,0,0,0,0,0,0,0,0,0,0,0,0,0,134.561,0,0,-14.3108
"MtrElec",10,11,19,"",-23.7698,0,0,0,0,0,0,0,0,0,0,0,0,0,0,0,0,0,0,0,0,200.457,0,-224.226,0
"MtrElec",10,11,20,"",16.8134,0,0,0,0,0,0,0,0,0,0,0,0,0,0,0,0,0,0,0,0,178.27,0,-161.457,0
"MtrElec",10,11,21,"",173.347,0,0,0,0,0,0,0,0,0,0,0,0,0,0,0,0,0,0,0,0,173.347,0,0,0
"MtrElec",10,11,22,"",183.371,0,0,0,0,0,0,0,0,0,0,0,0,0,0,0,0,0,0,0,0,183.371,0,0,0
"MtrElec",10,11,23,"",122.91,0,0,0,0,0,0,0,0,0,0,0,0,0,0,0,0,0,0,0,0,122.91,0,0,0
"MtrElec",10,11,24,"",136.174,0,0,0,0,0,0,0,0,0,0,0,0,0,0,0,0,0,0,0,0,136.174,0,0,0
"MtrElec",10,12,1,"",91.04,0,0,0,0,0,0,0,0,0,0,0,0,0,0,0,0,0,0,0,0,91.04,0,0,0
"MtrElec",10,12,2,"",80.2945,0,0,0,0,0,0,0,0,0,0,0,0,0,0,0,0,0,0,0,0,80.2945,0,0,0
"MtrElec",10,12,3,"",80.5487,0,0,0,0,0,0,0,0,0,0,0,0,0,0,0,0,0,0,0,0,80.5487,0,0,0
"MtrElec",10,12,4,"",87.4719,0,0,0,0,0,0,0,0,0,0,0,0,0,0,0,0,0,0,0,0,87.4719,0,0,0
"MtrElec",10,12,5,"",79.5083,0,0,0,0,0,0,0,0,0,0,0,0,0,0,0,0,0,0,0,0,79.5083,0,0,0
"MtrElec",10,12,6,"",83.262,0,0,0,0,0,0,0,0,0,0,0,0,0,0,0,0,0,0,0,0,83.262,0,0,0
"MtrElec",10,12,7,"",100.167,0,0,0,0,0,0,0,0,0,0,0,0,0,0,0,0,0,0,0,0,100.167,0,0,0
"MtrElec",10,12,8,"",100.202,0,0,0,0,0,0,0,0,0,0,0,0,0,0,0,0,0,0,0,0,121.362,0,0,-21.1599
"MtrElec",10,12,9,"",55.0808,0,0,0,0,0,0,0,0,0,0,0,0,0,0,0,0,0,0,0,0,140.331,0,0,-85.2503
"MtrElec",10,12,10,"",37.3897,0,0,0,0,0,0,0,0,0,0,0,0,0,0,0,0,0,0,0,0,149.346,0,0,-111.957
"MtrElec",10,12,11,"",0.0000039,0,0,0,0,0,0,0,0,0,0,0,0,0,0,0,0,0,0,0,0,171.3,0,61.2867,-232.587
"MtrElec",10,12,12,"",3.87278,0,0,0,0,0,0,0,0,0,0,0,0,0,0,0,0,0,0,0,0,141.574,0,0,-137.702
"MtrElec",10,12,13,"",0,0,0,0,0,0,0,0,0,0,0,0,0,0,0,0,0,0,0,0,0,213.515,0,134.817,-348.332
"MtrElec",10,12,14,"",0.0000156,0,0,0,0,0,0,0,0,0,0,0,0,0,0,0,0,0,0,0,0,95.1772,0,208.123,-303.3
"MtrElec",10,12,15,"",0,0,0,0,0,0,0,0,0,0,0,0,0,0,0,0,0,0,0,0,0,102.119,0,57.7773,-159.896
"MtrElec",10,12,16,"",0.0000010,0,0,0,0,0,0,0,0,0,0,0,0,0,0,0,0,0,0,0,0,103.079,0,14.8499,-117.929
"MtrElec",10,12,17,"",89.6786,0,0,0,0,0,0,0,0,0,0,0,0,0,0,0,0,0,0,0,0,127.266,0,0,-37.5878
"MtrElec",10,12,18,"",128.966,0,0,0,0,0,0,0,0,0,0,0,0,0,0,0,0,0,0,0,0,151.782,0,0,-22.8157
"MtrElec",10,12,19,"",-31.1506,0,0,0,0,0,0,0,0,0,0,0,0,0,0,0,0,0,0,0,0,193.573,0,-224.226,-0.496876
"MtrElec",10,12,20,"",-31.1438,0,0,0,0,0,0,0,0,0,0,0,0,0,0,0,0,0,0,0,0,174.99,0,-206.134,0
"MtrElec",10,12,21,"",199.872,0,0,0,0,0,0,0,0,0,0,0,0,0,0,0,0,0,0,0,0,199.872,0,0,0
"MtrElec",10,12,22,"",149.173,0,0,0,0,0,0,0,0,0,0,0,0,0,0,0,0,0,0,0,0,149.173,0,0,0
"MtrElec",10,12,23,"",165.252,0,0,0,0,0,0,0,0,0,0,0,0,0,0,0,0,0,0,0,0,165.252,0,0,0
"MtrElec",10,12,24,"",130.21,0,0,0,0,0,0,0,0,0,0,0,0,0,0,0,0,0,0,0,0,130.21,0,0,0
"MtrElec",10,13,1,"",121.153,0,0,0,0,0,0,0,0,0,0,0,0,0,0,0,0,0,0,0,0,121.153,0,0,0
"MtrElec",10,13,2,"",80.1147,0,0,0,0,0,0,0,0,0,0,0,0,0,0,0,0,0,0,0,0,80.1147,0,0,0
"MtrElec",10,13,3,"",76.6223,0,0,0,0,0,0,0,0,0,0,0,0,0,0,0,0,0,0,0,0,76.6223,0,0,0
"MtrElec",10,13,4,"",76.0733,0,0,0,0,0,0,0,0,0,0,0,0,0,0,0,0,0,0,0,0,76.0733,0,0,0
"MtrElec",10,13,5,"",75.0855,0,0,0,0,0,0,0,0,0,0,0,0,0,0,0,0,0,0,0,0,75.0855,0,0,0
"MtrElec",10,13,6,"",82.2326,0,0,0,0,0,0,0,0,0,0,0,0,0,0,0,0,0,0,0,0,82.2326,0,0,0
"MtrElec",10,13,7,"",92.5894,0,0,0,0,0,0,0,0,0,0,0,0,0,0,0,0,0,0,0,0,92.5894,0,0,0
"MtrElec",10,13,8,"",52.0563,0,0,0,0,0,0,0,0,0,0,0,0,0,0,0,0,0,0,0,0,112.496,0,0,-60.4392
"MtrElec",10,13,9,"",0.0000039,0,0,0,0,0,0,0,0,0,0,0,0,0,0,0,0,0,0,0,0,140.267,0,55.6228,-195.889
"MtrElec",10,13,10,"",0,0,0,0,0,0,0,0,0,0,0,0,0,0,0,0,0,0,0,0,0,135.84,0,189.323,-325.163
"MtrElec",10,13,11,"",-55.5217,0,0,0,0,0,0,0,0,0,0,0,0,0,0,0,0,0,0,0,0,139.251,0,224.226,-418.999
"MtrElec",10,13,12,"",-259.015,0,0,0,0,0,0,0,0,0,0,0,0,0,0,0,0,0,0,0,0,122.593,0,92.5744,-474.183
"MtrElec",10,13,13,"",-352.399,0,0,0,0,0,0,0,0,0,0,0,0,0,0,0,0,0,0,0,0,140.787,0,0,-493.186
"MtrElec",10,13,14,"",-385.986,0,0,0,0,0,0,0,0,0,0,0,0,0,0,0,0,0,0,0,0,105.219,0,0,-491.205
"MtrElec",10,13,15,"",-299.003,0,0,0,0,0,0,0,0,0,0,0,0,0,0,0,0,0,0,0,0,99.456,0,0,-398.459
"MtrElec",10,13,16,"",-225.732,0,0,0,0,0,0,0,0,0,0,0,0,0,0,0,0,0,0,0,0,113.784,0,0,-339.515
"MtrElec",10,13,17,"",-83.4492,0,0,0,0,0,0,0,0,0,0,0,0,0,0,0,0,0,0,0,0,146.807,0,0,-230.256
"MtrElec",10,13,18,"",75.382,0,0,0,0,0,0,0,0,0,0,0,0,0,0,0,0,0,0,0,0,157.923,0,0,-82.5411
"MtrElec",10,13,19,"",-35.5516,0,0,0,0,0,0,0,0,0,0,0,0,0,0,0,0,0,0,0,0,189.325,0,-224.226,-0.649737
"MtrElec",10,13,20,"",-43.5718,0,0,0,0,0,0,0,0,0,0,0,0,0,0,0,0,0,0,0,0,180.655,0,-224.226,0
"MtrElec",10,13,21,"",140.654,0,0,0,0,0,0,0,0,0,0,0,0,0,0,0,0,0,0,0,0,199.177,0,-58.5231,0
"MtrElec",10,13,22,"",142.866,0,0,0,0,0,0,0,0,0,0,0,0,0,0,0,0,0,0,0,0,142.866,0,0,0
"MtrElec",10,13,23,"",143.241,0,0,0,0,0,0,0,0,0,0,0,0,0,0,0,0,0,0,0,0,143.241,0,0,0
"MtrElec",10,13,24,"",128.212,0,0,0,0,0,0,0,0,0,0,0,0,0,0,0,0,0,0,0,0,128.212,0,0,0
"MtrElec",10,14,1,"",84.3344,0,0,0,0,0,0,0,0,0,0,0,0,0,0,0,0,0,0,0,0,84.3344,0,0,0
"MtrElec",10,14,2,"",82.5424,0,0,0,0,0,0,0,0,0,0,0,0,0,0,0,0,0,0,0,0,82.5424,0,0,0
"MtrElec",10,14,3,"",77.9896,0,0,0,0,0,0,0,0,0,0,0,0,0,0,0,0,0,0,0,0,77.9896,0,0,0
"MtrElec",10,14,4,"",76.6008,0,0,0,0,0,0,0,0,0,0,0,0,0,0,0,0,0,0,0,0,76.6008,0,0,0
"MtrElec",10,14,5,"",75.6209,0,0,0,0,0,0,0,0,0,0,0,0,0,0,0,0,0,0,0,0,75.6209,0,0,0
"MtrElec",10,14,6,"",83.6387,0,0,0,0,0,0,0,0,0,0,0,0,0,0,0,0,0,0,0,0,83.6387,0,0,0
"MtrElec",10,14,7,"",98.5972,0,0,0,0,0,0,0,0,0,0,0,0,0,0,0,0,0,0,0,0,98.5972,0,0,0
"MtrElec",10,14,8,"",44.0924,0,0,0,0,0,0,0,0,0,0,0,0,0,0,0,0,0,0,0,0,103.367,0,0,-59.2749
"MtrElec",10,14,9,"",0,0,0,0,0,0,0,0,0,0,0,0,0,0,0,0,0,0,0,0,0,103.055,0,91.9222,-194.977
"MtrElec",10,14,10,"",0,0,0,0,0,0,0,0,0,0,0,0,0,0,0,0,0,0,0,0,0,139.651,0,186.616,-326.267
"MtrElec",10,14,11,"",-40.5574,0,0,0,0,0,0,0,0,0,0,0,0,0,0,0,0,0,0,0,0,162.317,0,224.226,-427.101
"MtrElec",10,14,12,"",-280.246,0,0,0,0,0,0,0,0,0,0,0,0,0,0,0,0,0,0,0,0,156.046,0,58.9818,-495.274
"MtrElec",10,14,13,"",-332.093,0,0,0,0,0,0,0,0,0,0,0,0,0,0,0,0,0,0,0,0,189.065,0,0,-521.159
"MtrElec",10,14,14,"",-367.223,0,0,0,0,0,0,0,0,0,0,0,0,0,0,0,0,0,0,0,0,134.406,0,0,-501.629
"MtrElec",10,14,15,"",-293.597,0,0,0,0,0,0,0,0,0,0,0,0,0,0,0,0,0,0,0,0,148.613,0,0,-442.21
"MtrElec",10,14,16,"",-181.101,0,0,0,0,0,0,0,0,0,0,0,0,0,0,0,0,0,0,0,0,166.498,0,0,-347.599
"MtrElec",10,14,17,"",-30.317,0,0,0,0,0,0,0,0,0,0,0,0,0,0,0,0,0,0,0,0,194.741,0,0,-225.058
"MtrElec",10,14,18,"",129.831,0,0,0,0,0,0,0,0,0,0,0,0,0,0,0,0,0,0,0,0,210.233,0,0,-80.4014
"MtrElec",10,14,19,"",0.258102,0,0,0,0,0,0,0,0,0,0,0,0,0,0,0,0,0,0,0,0,224.504,0,-224.226,-0.0192107
"MtrElec",10,14,20,"",-4.59489,0,0,0,0,0,0,0,0,0,0,0,0,0,0,0,0,0,0,0,0,219.632,0,-224.226,0
"MtrElec",10,14,21,"",179.68,0,0,0,0,0,0,0,0,0,0,0,0,0,0,0,0,0,0,0,0,238.203,0,-58.5231,0
"MtrElec",10,14,22,"",177.102,0,0,0,0,0,0,0,0,0,0,0,0,0,0,0,0,0,0,0,0,177.102,0,0,0
"MtrElec",10,14,23,"",156.773,0,0,0,0,0,0,0,0,0,0,0,0,0,0,0,0,0,0,0,0,156.773,0,0,0
"MtrElec",10,14,24,"",137.564,0,0,0,0,0,0,0,0,0,0,0,0,0,0,0,0,0,0,0,0,137.564,0,0,0
"MtrElec",10,15,1,"",110.579,0,0,0,0,0,0,0,0,0,0,0,0,0,0,0,0,0,0,0,0,110.579,0,0,0
"MtrElec",10,15,2,"",89.5878,0,0,0,0,0,0,0,0,0,0,0,0,0,0,0,0,0,0,0,0,89.5878,0,0,0
"MtrElec",10,15,3,"",81.3498,0,0,0,0,0,0,0,0,0,0,0,0,0,0,0,0,0,0,0,0,81.3498,0,0,0
"MtrElec",10,15,4,"",77.9916,0,0,0,0,0,0,0,0,0,0,0,0,0,0,0,0,0,0,0,0,77.9916,0,0,0
"MtrElec",10,15,5,"",76.6636,0,0,0,0,0,0,0,0,0,0,0,0,0,0,0,0,0,0,0,0,76.6636,0,0,0
"MtrElec",10,15,6,"",85.3485,0,0,0,0,0,0,0,0,0,0,0,0,0,0,0,0,0,0,0,0,85.3485,0,0,0
"MtrElec",10,15,7,"",102.416,0,0,0,0,0,0,0,0,0,0,0,0,0,0,0,0,0,0,0,0,102.416,0,0,0
"MtrElec",10,15,8,"",59.1262,0,0,0,0,0,0,0,0,0,0,0,0,0,0,0,0,0,0,0,0,118.402,0,0,-59.2758
"MtrElec",10,15,9,"",0,0,0,0,0,0,0,0,0,0,0,0,0,0,0,0,0,0,0,0,0,145.846,0,49.9993,-195.846
"MtrElec",10,15,10,"",0.0000156,0,0,0,0,0,0,0,0,0,0,0,0,0,0,0,0,0,0,0,0,186.166,0,139.276,-325.443
"MtrElec",10,15,11,"",0.0000156,0,0,0,0,0,0,0,0,0,0,0,0,0,0,0,0,0,0,0,0,213.652,0,207.433,-421.086
"MtrElec",10,15,12,"",-111.841,0,0,0,0,0,0,0,0,0,0,0,0,0,0,0,0,0,0,0,0,170.099,0,165.038,-446.977
"MtrElec",10,15,13,"",-316.178,0,0,0,0,0,0,0,0,0,0,0,0,0,0,0,0,0,0,0,0,184.448,0,0,-500.626
"MtrElec",10,15,14,"",-310.069,0,0,0,0,0,0,0,0,0,0,0,0,0,0,0,0,0,0,0,0,175.337,0,0,-485.406
"MtrElec",10,15,15,"",-236.417,0,0,0,0,0,0,0,0,0,0,0,0,0,0,0,0,0,0,0,0,197.345,0,0,-433.762
"MtrElec",10,15,16,"",-138.749,0,0,0,0,0,0,0,0,0,0,0,0,0,0,0,0,0,0,0,0,210.563,0,0,-349.312
"MtrElec",10,15,17,"",20.4722,0,0,0,0,0,0,0,0,0,0,0,0,0,0,0,0,0,0,0,0,247.212,0,0,-226.74
"MtrElec",10,15,18,"",171.111,0,0,0,0,0,0,0,0,0,0,0,0,0,0,0,0,0,0,0,0,236.252,0,0,-65.1414
"MtrElec",10,15,19,"",16.1752,0,0,0,0,0,0,0,0,0,0,0,0,0,0,0,0,0,0,0,0,240.402,0,-224.226,0
"MtrElec",10,15,20,"",11.0228,0,0,0,0,0,0,0,0,0,0,0,0,0,0,0,0,0,0,0,0,235.249,0,-224.226,0
"MtrElec",10,15,21,"",193.075,0,0,0,0,0,0,0,0,0,0,0,0,0,0,0,0,0,0,0,0,251.598,0,-58.5231,0
"MtrElec",10,15,22,"",189.338,0,0,0,0,0,0,0,0,0,0,0,0,0,0,0,0,0,0,0,0,189.338,0,0,0
"MtrElec",10,15,23,"",157.701,0,0,0,0,0,0,0,0,0,0,0,0,0,0,0,0,0,0,0,0,157.701,0,0,0
"MtrElec",10,15,24,"",133.637,0,0,0,0,0,0,0,0,0,0,0,0,0,0,0,0,0,0,0,0,133.637,0,0,0
"MtrElec",10,16,1,"",115.9,0,0,0,0,0,0,0,0,0,0,0,0,0,0,0,0,0,0,0,0,115.9,0,0,0
"MtrElec",10,16,2,"",92.1022,0,0,0,0,0,0,0,0,0,0,0,0,0,0,0,0,0,0,0,0,92.1022,0,0,0
"MtrElec",10,16,3,"",83.0413,0,0,0,0,0,0,0,0,0,0,0,0,0,0,0,0,0,0,0,0,83.0413,0,0,0
"MtrElec",10,16,4,"",79.898,0,0,0,0,0,0,0,0,0,0,0,0,0,0,0,0,0,0,0,0,79.898,0,0,0
"MtrElec",10,16,5,"",78.1356,0,0,0,0,0,0,0,0,0,0,0,0,0,0,0,0,0,0,0,0,78.1356,0,0,0
"MtrElec",10,16,6,"",89.8863,0,0,0,0,0,0,0,0,0,0,0,0,0,0,0,0,0,0,0,0,89.8863,0,0,0
"MtrElec",10,16,7,"",124.489,0,0,0,0,0,0,0,0,0,0,0,0,0,0,0,0,0,0,0,0,124.489,0,0,0
"MtrElec",10,16,8,"",63.4323,0,0,0,0,0,0,0,0,0,0,0,0,0,0,0,0,0,0,0,0,119.97,0,0,-56.5378
"MtrElec",10,16,9,"",0,0,0,0,0,0,0,0,0,0,0,0,0,0,0,0,0,0,0,0,0,146.075,0,50.1309,-196.206
"MtrElec",10,16,10,"",0,0,0,0,0,0,0,0,0,0,0,0,0,0,0,0,0,0,0,0,0,178.954,0,149.391,-328.345
"MtrElec",10,16,11,"",-16.7898,0,0,0,0,0,0,0,0,0,0,0,0,0,0,0,0,0,0,0,0,181.043,0,224.226,-422.059
"MtrElec",10,16,12,"",-160.157,0,0,0,0,0,0,0,0,0,0,0,0,0,0,0,0,0,0,0,0,181.19,0,137.998,-479.346
"MtrElec",10,16,13,"",-263.566,0,0,0,0,0,0,0,0,0,0,0,0,0,0,0,0,0,0,0,0,231.754,0,0,-495.32
"MtrElec",10,16,14,"",-292.948,0,0,0,0,0,0,0,0,0,0,0,0,0,0,0,0,0,0,0,0,189.494,0,0,-482.442
"MtrElec",10,16,15,"",-221.746,0,0,0,0,0,0,0,0,0,0,0,0,0,0,0,0,0,0,0,0,211.715,0,0,-433.461
"MtrElec",10,16,16,"",-116.199,0,0,0,0,0,0,0,0,0,0,0,0,0,0,0,0,0,0,0,0,227.278,0,0,-343.477
"MtrElec",10,16,17,"",24.1889,0,0,0,0,0,0,0,0,0,0,0,0,0,0,0,0,0,0,0,0,244.996,0,0,-220.807
"MtrElec",10,16,18,"",163.828,0,0,0,0,0,0,0,0,0,0,0,0,0,0,0,0,0,0,0,0,240.304,0,0,-76.4758
"MtrElec",10,16,19,"",15.0369,0,0,0,0,0,0,0,0,0,0,0,0,0,0,0,0,0,0,0,0,239.263,0,-224.226,0
"MtrElec",10,16,20,"",17.4735,0,0,0,0,0,0,0,0,0,0,0,0,0,0,0,0,0,0,0,0,241.7,0,-224.226,0
"MtrElec",10,16,21,"",157.228,0,0,0,0,0,0,0,0,0,0,0,0,0,0,0,0,0,0,0,0,215.751,0,-58.5231,0
"MtrElec",10,16,22,"",188.094,0,0,0,0,0,0,0,0,0,0,0,0,0,0,0,0,0,0,0,0,188.094,0,0,0
"MtrElec",10,16,23,"",202.96,0,0,0,0,0,0,0,0,0,0,0,0,0,0,0,0,0,0,0,0,202.96,0,0,0
"MtrElec",10,16,24,"",169.017,0,0,0,0,0,0,0,0,0,0,0,0,0,0,0,0,0,0,0,0,169.017,0,0,0
"MtrElec",10,17,1,"",98.229,0,0,0,0,0,0,0,0,0,0,0,0,0,0,0,0,0,0,0,0,98.229,0,0,0
"MtrElec",10,17,2,"",87.6852,0,0,0,0,0,0,0,0,0,0,0,0,0,0,0,0,0,0,0,0,87.6852,0,0,0
"MtrElec",10,17,3,"",84.1819,0,0,0,0,0,0,0,0,0,0,0,0,0,0,0,0,0,0,0,0,84.1819,0,0,0
"MtrElec",10,17,4,"",83.0559,0,0,0,0,0,0,0,0,0,0,0,0,0,0,0,0,0,0,0,0,83.0559,0,0,0
"MtrElec",10,17,5,"",86.4762,0,0,0,0,0,0,0,0,0,0,0,0,0,0,0,0,0,0,0,0,86.4762,0,0,0
"MtrElec",10,17,6,"",85.2318,0,0,0,0,0,0,0,0,0,0,0,0,0,0,0,0,0,0,0,0,85.2318,0,0,0
"MtrElec",10,17,7,"",95.3731,0,0,0,0,0,0,0,0,0,0,0,0,0,0,0,0,0,0,0,0,95.3731,0,0,0
"MtrElec",10,17,8,"",54.3922,0,0,0,0,0,0,0,0,0,0,0,0,0,0,0,0,0,0,0,0,109.875,0,0,-55.4832
"MtrElec",10,17,9,"",0,0,0,0,0,0,0,0,0,0,0,0,0,0,0,0,0,0,0,0,0,132.648,0,60.4122,-193.061
"MtrElec",10,17,10,"",0.0000156,0,0,0,0,0,0,0,0,0,0,0,0,0,0,0,0,0,0,0,0,145.343,0,172.361,-317.704
"MtrElec",10,17,11,"",0.0000156,0,0,0,0,0,0,0,0,0,0,0,0,0,0,0,0,0,0,0,0,205.376,0,210.364,-415.741
"MtrElec",10,17,12,"",-59.5789,0,0,0,0,0,0,0,0,0,0,0,0,0,0,0,0,0,0,0,0,296.681,0,118.609,-474.87
"MtrElec",10,17,13,"",-251.009,0,0,0,0,0,0,0,0,0,0,0,0,0,0,0,0,0,0,0,0,242.943,0,0,-493.952
"MtrElec",10,17,14,"",-218.274,0,0,0,0,0,0,0,0,0,0,0,0,0,0,0,0,0,0,0,0,250.33,0,0,-468.604
"MtrElec",10,17,15,"",-144.108,0,0,0,0,0,0,0,0,0,0,0,0,0,0,0,0,0,0,0,0,269.992,0,0,-414.1
"MtrElec",10,17,16,"",-85.4615,0,0,0,0,0,0,0,0,0,0,0,0,0,0,0,0,0,0,0,0,253.658,0,0,-339.12
"MtrElec",10,17,17,"",40.4013,0,0,0,0,0,0,0,0,0,0,0,0,0,0,0,0,0,0,0,0,256.385,0,0,-215.984
"MtrElec",10,17,18,"",207.684,0,0,0,0,0,0,0,0,0,0,0,0,0,0,0,0,0,0,0,0,280.347,0,0,-72.6624
"MtrElec",10,17,19,"",100.466,0,0,0,0,0,0,0,0,0,0,0,0,0,0,0,0,0,0,0,0,324.692,0,-224.226,0
"MtrElec",10,17,20,"",60.9448,0,0,0,0,0,0,0,0,0,0,0,0,0,0,0,0,0,0,0,0,285.171,0,-224.226,0
"MtrElec",10,17,21,"",194.955,0,0,0,0,0,0,0,0,0,0,0,0,0,0,0,0,0,0,0,0,253.478,0,-58.5231,0
"MtrElec",10,17,22,"",264.974,0,0,0,0,0,0,0,0,0,0,0,0,0,0,0,0,0,0,0,0,264.974,0,0,0
"MtrElec",10,17,23,"",173.808,0,0,0,0,0,0,0,0,0,0,0,0,0,0,0,0,0,0,0,0,173.808,0,0,0
"MtrElec",10,17,24,"",162.659,0,0,0,0,0,0,0,0,0,0,0,0,0,0,0,0,0,0,0,0,162.659,0,0,0
"MtrElec",10,18,1,"",110.721,0,0,0,0,0,0,0,0,0,0,0,0,0,0,0,0,0,0,0,0,110.721,0,0,0
"MtrElec",10,18,2,"",97.6728,0,0,0,0,0,0,0,0,0,0,0,0,0,0,0,0,0,0,0,0,97.6728,0,0,0
"MtrElec",10,18,3,"",94.534,0,0,0,0,0,0,0,0,0,0,0,0,0,0,0,0,0,0,0,0,94.534,0,0,0
"MtrElec",10,18,4,"",90.9277,0,0,0,0,0,0,0,0,0,0,0,0,0,0,0,0,0,0,0,0,90.9277,0,0,0
"MtrElec",10,18,5,"",97.7663,0,0,0,0,0,0,0,0,0,0,0,0,0,0,0,0,0,0,0,0,97.7663,0,0,0
"MtrElec",10,18,6,"",90.3903,0,0,0,0,0,0,0,0,0,0,0,0,0,0,0,0,0,0,0,0,90.3903,0,0,0
"MtrElec",10,18,7,"",102.485,0,0,0,0,0,0,0,0,0,0,0,0,0,0,0,0,0,0,0,0,102.485,0,0,0
"MtrElec",10,18,8,"",73.4471,0,0,0,0,0,0,0,0,0,0,0,0,0,0,0,0,0,0,0,0,105.016,0,0,-31.569
"MtrElec",10,18,9,"",0,0,0,0,0,0,0,0,0,0,0,0,0,0,0,0,0,0,0,0,0,119.36,0,43.5264,-162.886
"MtrElec",10,18,10,"",0,0,0,0,0,0,0,0,0,0,0,0,0,0,0,0,0,0,0,0,0,157.043,0,52.1855,-209.229
"MtrElec",10,18,11,"",0,0,0,0,0,0,0,0,0,0,0,0,0,0,0,0,0,0,0,0,0,200.855,0,102.147,-303.001
"MtrElec",10,18,12,"",0,0,0,0,0,0,0,0,0,0,0,0,0,0,0,0,0,0,0,0,0,192.185,0,168.776,-360.961
"MtrElec",10,18,13,"",-115.412,0,0,0,0,0,0,0,0,0,0,0,0,0,0,0,0,0,0,0,0,195.632,0,195.112,-506.156
"MtrElec",10,18,14,"",-309.517,0,0,0,0,0,0,0,0,0,0,0,0,0,0,0,0,0,0,0,0,180.592,0,0,-490.109
"MtrElec",10,18,15,"",-243.086,0,0,0,0,0,0,0,0,0,0,0,0,0,0,0,0,0,0,0,0,197.665,0,0,-440.75
"MtrElec",10,18,16,"",-138.757,0,0,0,0,0,0,0,0,0,0,0,0,0,0,0,0,0,0,0,0,192.765,0,0,-331.522
"MtrElec",10,18,17,"",5.83556,0,0,0,0,0,0,0,0,0,0,0,0,0,0,0,0,0,0,0,0,206.818,0,0,-200.983
"MtrElec",10,18,18,"",144.165,0,0,0,0,0,0,0,0,0,0,0,0,0,0,0,0,0,0,0,0,212.982,0,0,-68.8169
"MtrElec",10,18,19,"",16.5754,0,0,0,0,0,0,0,0,0,0,0,0,0,0,0,0,0,0,0,0,240.802,0,-224.226,0
"MtrElec",10,18,20,"",40.4576,0,0,0,0,0,0,0,0,0,0,0,0,0,0,0,0,0,0,0,0,264.684,0,-224.226,0
"MtrElec",10,18,21,"",198.003,0,0,0,0,0,0,0,0,0,0,0,0,0,0,0,0,0,0,0,0,256.526,0,-58.5231,0
"MtrElec",10,18,22,"",277.176,0,0,0,0,0,0,0,0,0,0,0,0,0,0,0,0,0,0,0,0,277.176,0,0,0
"MtrElec",10,18,23,"",138.013,0,0,0,0,0,0,0,0,0,0,0,0,0,0,0,0,0,0,0,0,138.013,0,0,0
"MtrElec",10,18,24,"",127.112,0,0,0,0,0,0,0,0,0,0,0,0,0,0,0,0,0,0,0,0,127.112,0,0,0
"MtrElec",10,19,1,"",112.728,0,0,0,0,0,0,0,0,0,0,0,0,0,0,0,0,0,0,0,0,112.728,0,0,0
"MtrElec",10,19,2,"",85.8235,0,0,0,0,0,0,0,0,0,0,0,0,0,0,0,0,0,0,0,0,85.8235,0,0,0
"MtrElec",10,19,3,"",80.3624,0,0,0,0,0,0,0,0,0,0,0,0,0,0,0,0,0,0,0,0,80.3624,0,0,0
"MtrElec",10,19,4,"",78.9777,0,0,0,0,0,0,0,0,0,0,0,0,0,0,0,0,0,0,0,0,78.9777,0,0,0
"MtrElec",10,19,5,"",77.777,0,0,0,0,0,0,0,0,0,0,0,0,0,0,0,0,0,0,0,0,77.777,0,0,0
"MtrElec",10,19,6,"",85.9402,0,0,0,0,0,0,0,0,0,0,0,0,0,0,0,0,0,0,0,0,85.9402,0,0,0
"MtrElec",10,19,7,"",99.5915,0,0,0,0,0,0,0,0,0,0,0,0,0,0,0,0,0,0,0,0,99.5915,0,0,0
"MtrElec",10,19,8,"",80.1074,0,0,0,0,0,0,0,0,0,0,0,0,0,0,0,0,0,0,0,0,134.269,0,0,-54.1616
"MtrElec",10,19,9,"",0,0,0,0,0,0,0,0,0,0,0,0,0,0,0,0,0,0,0,0,0,163.797,0,23.1342,-186.931
"MtrElec",10,19,10,"",0.0000078,0,0,0,0,0,0,0,0,0,0,0,0,0,0,0,0,0,0,0,0,200.516,0,119.772,-320.288
"MtrElec",10,19,11,"",-6.46134,0,0,0,0,0,0,0,0,0,0,0,0,0,0,0,0,0,0,0,0,196.012,0,224.226,-426.7
"MtrElec",10,19,12,"",-132.576,0,0,0,0,0,0,0,0,0,0,0,0,0,0,0,0,0,0,0,0,165.719,0,194.614,-492.908
"MtrElec",10,19,13,"",-326.761,0,0,0,0,0,0,0,0,0,0,0,0,0,0,0,0,0,0,0,0,186.275,0,0,-513.036
"MtrElec",10,19,14,"",-338.158,0,0,0,0,0,0,0,0,0,0,0,0,0,0,0,0,0,0,0,0,159.424,0,0,-497.582
"MtrElec",10,19,15,"",-258.151,0,0,0,0,0,0,0,0,0,0,0,0,0,0,0,0,0,0,0,0,183.433,0,0,-441.583
"MtrElec",10,19,16,"",-155.792,0,0,0,0,0,0,0,0,0,0,0,0,0,0,0,0,0,0,0,0,192.184,0,0,-347.976
"MtrElec",10,19,17,"",11.0068,0,0,0,0,0,0,0,0,0,0,0,0,0,0,0,0,0,0,0,0,228.586,0,0,-217.579
"MtrElec",10,19,18,"",180.028,0,0,0,0,0,0,0,0,0,0,0,0,0,0,0,0,0,0,0,0,249.151,0,0,-69.1228
"MtrElec",10,19,19,"",2.00283,0,0,0,0,0,0,0,0,0,0,0,0,0,0,0,0,0,0,0,0,226.229,0,-224.226,0
"MtrElec",10,19,20,"",2.00077,0,0,0,0,0,0,0,0,0,0,0,0,0,0,0,0,0,0,0,0,226.227,0,-224.226,0
"MtrElec",10,19,21,"",151.255,0,0,0,0,0,0,0,0,0,0,0,0,0,0,0,0,0,0,0,0,209.778,0,-58.5231,0
"MtrElec",10,19,22,"",178.181,0,0,0,0,0,0,0,0,0,0,0,0,0,0,0,0,0,0,0,0,178.181,0,0,0
"MtrElec",10,19,23,"",164.98,0,0,0,0,0,0,0,0,0,0,0,0,0,0,0,0,0,0,0,0,164.98,0,0,0
"MtrElec",10,19,24,"",133.251,0,0,0,0,0,0,0,0,0,0,0,0,0,0,0,0,0,0,0,0,133.251,0,0,0
"MtrElec",10,20,1,"",101.006,0,0,0,0,0,0,0,0,0,0,0,0,0,0,0,0,0,0,0,0,101.006,0,0,0
"MtrElec",10,20,2,"",81.6361,0,0,0,0,0,0,0,0,0,0,0,0,0,0,0,0,0,0,0,0,81.6361,0,0,0
"MtrElec",10,20,3,"",79.1149,0,0,0,0,0,0,0,0,0,0,0,0,0,0,0,0,0,0,0,0,79.1149,0,0,0
"MtrElec",10,20,4,"",79.2684,0,0,0,0,0,0,0,0,0,0,0,0,0,0,0,0,0,0,0,0,79.2684,0,0,0
"MtrElec",10,20,5,"",77.9336,0,0,0,0,0,0,0,0,0,0,0,0,0,0,0,0,0,0,0,0,77.9336,0,0,0
"MtrElec",10,20,6,"",86.4165,0,0,0,0,0,0,0,0,0,0,0,0,0,0,0,0,0,0,0,0,86.4165,0,0,0
"MtrElec",10,20,7,"",98.025,0,0,0,0,0,0,0,0,0,0,0,0,0,0,0,0,0,0,0,0,98.025,0,0,0
"MtrElec",10,20,8,"",63.8933,0,0,0,0,0,0,0,0,0,0,0,0,0,0,0,0,0,0,0,0,112.72,0,0,-48.8267
"MtrElec",10,20,9,"",0,0,0,0,0,0,0,0,0,0,0,0,0,0,0,0,0,0,0,0,0,149.398,0,28.3253,-177.723
"MtrElec",10,20,10,"",0,0,0,0,0,0,0,0,0,0,0,0,0,0,0,0,0,0,0,0,0,154.89,0,158.667,-313.557
"MtrElec",10,20,11,"",51.45,0,0,0,0,0,0,0,0,0,0,0,0,0,0,0,0,0,0,0,0,183.69,0,0,-132.24
"MtrElec",10,20,12,"",49.2006,0,0,0,0,0,0,0,0,0,0,0,0,0,0,0,0,0,0,0,0,130.768,0,0,-81.5677
"MtrElec",10,20,13,"",0,0,0,0,0,0,0,0,0,0,0,0,0,0,0,0,0,0,0,0,0,151.102,0,132.42,-283.522
"MtrElec",10,20,14,"",-160.155,0,0,0,0,0,0,0,0,0,0,0,0,0,0,0,0,0,0,0,0,109.766,0,224.226,-494.147
"MtrElec",10,20,15,"",-291.984,0,0,0,0,0,0,0,0,0,0,0,0,0,0,0,0,0,0,0,0,125.927,0,18.107,-436.018
"MtrElec",10,20,16,"",-197.405,0,0,0,0,0,0,0,0,0,0,0,0,0,0,0,0,0,0,0,0,150.003,0,0,-347.408
"MtrElec",10,20,17,"",-48.2444,0,0,0,0,0,0,0,0,0,0,0,0,0,0,0,0,0,0,0,0,170.811,0,0,-219.056
"MtrElec",10,20,18,"",105.994,0,0,0,0,0,0,0,0,0,0,0,0,0,0,0,0,0,0,0,0,175.513,0,0,-69.5193
"MtrElec",10,20,19,"",-26.6554,0,0,0,0,0,0,0,0,0,0,0,0,0,0,0,0,0,0,0,0,197.571,0,-224.226,0
"MtrElec",10,20,20,"",-34.1406,0,0,0,0,0,0,0,0,0,0,0,0,0,0,0,0,0,0,0,0,190.086,0,-224.226,0
"MtrElec",10,20,21,"",118.62,0,0,0,0,0,0,0,0,0,0,0,0,0,0,0,0,0,0,0,0,177.143,0,-58.5231,0
"MtrElec",10,20,22,"",155.094,0,0,0,0,0,0,0,0,0,0,0,0,0,0,0,0,0,0,0,0,155.094,0,0,0
"MtrElec",10,20,23,"",161.246,0,0,0,0,0,0,0,0,0,0,0,0,0,0,0,0,0,0,0,0,161.246,0,0,0
"MtrElec",10,20,24,"",117.102,0,0,0,0,0,0,0,0,0,0,0,0,0,0,0,0,0,0,0,0,117.102,0,0,0
"MtrElec",10,21,1,"",94.6391,0,0,0,0,0,0,0,0,0,0,0,0,0,0,0,0,0,0,0,0,94.6391,0,0,0
"MtrElec",10,21,2,"",81.2526,0,0,0,0,0,0,0,0,0,0,0,0,0,0,0,0,0,0,0,0,81.2526,0,0,0
"MtrElec",10,21,3,"",78.0892,0,0,0,0,0,0,0,0,0,0,0,0,0,0,0,0,0,0,0,0,78.0892,0,0,0
"MtrElec",10,21,4,"",78.0384,0,0,0,0,0,0,0,0,0,0,0,0,0,0,0,0,0,0,0,0,78.0384,0,0,0
"MtrElec",10,21,5,"",76.9769,0,0,0,0,0,0,0,0,0,0,0,0,0,0,0,0,0,0,0,0,76.9769,0,0,0
"MtrElec",10,21,6,"",86.9434,0,0,0,0,0,0,0,0,0,0,0,0,0,0,0,0,0,0,0,0,86.9434,0,0,0
"MtrElec",10,21,7,"",109.061,0,0,0,0,0,0,0,0,0,0,0,0,0,0,0,0,0,0,0,0,109.061,0,0,0
"MtrElec",10,21,8,"",53.7246,0,0,0,0,0,0,0,0,0,0,0,0,0,0,0,0,0,0,0,0,105.194,0,0,-51.4696
"MtrElec",10,21,9,"",69.0765,0,0,0,0,0,0,0,0,0,0,0,0,0,0,0,0,0,0,0,0,134.714,0,0,-65.6372
"MtrElec",10,21,10,"",95.4892,0,0,0,0,0,0,0,0,0,0,0,0,0,0,0,0,0,0,0,0,153.458,0,0,-57.9687
"MtrElec",10,21,11,"",46.5534,0,0,0,0,0,0,0,0,0,0,0,0,0,0,0,0,0,0,0,0,157.632,0,0,-111.078
"MtrElec",10,21,12,"",0,0,0,0,0,0,0,0,0,0,0,0,0,0,0,0,0,0,0,0,0,148.801,0,4.0508,-152.852
"MtrElec",10,21,13,"",0,0,0,0,0,0,0,0,0,0,0,0,0,0,0,0,0,0,0,0,0,159.309,0,40.6822,-199.991
"MtrElec",10,21,14,"",0.0000078,0,0,0,0,0,0,0,0,0,0,0,0,0,0,0,0,0,0,0,0,106.794,0,75.5754,-182.37
"MtrElec",10,21,15,"",0.0000039,0,0,0,0,0,0,0,0,0,0,0,0,0,0,0,0,0,0,0,0,109.883,0,62.3042,-172.187
"MtrElec",10,21,16,"",53.2376,0,0,0,0,0,0,0,0,0,0,0,0,0,0,0,0,0,0,0,0,111.158,0,0,-57.9207
"MtrElec",10,21,17,"",135.063,0,0,0,0,0,0,0,0,0,0,0,0,0,0,0,0,0,0,0,0,141.444,0,0,-6.38124
"MtrElec",10,21,18,"",132.338,0,0,0,0,0,0,0,0,0,0,0,0,0,0,0,0,0,0,0,0,161.586,0,0,-29.2483
"MtrElec",10,21,19,"",14.018,0,0,0,0,0,0,0,0,0,0,0,0,0,0,0,0,0,0,0,0,178.826,0,-164.808,0
"MtrElec",10,21,20,"",189.022,0,0,0,0,0,0,0,0,0,0,0,0,0,0,0,0,0,0,0,0,189.022,0,0,0
"MtrElec",10,21,21,"",220.103,0,0,0,0,0,0,0,0,0,0,0,0,0,0,0,0,0,0,0,0,220.103,0,0,0
"MtrElec",10,21,22,"",141.674,0,0,0,0,0,0,0,0,0,0,0,0,0,0,0,0,0,0,0,0,141.674,0,0,0
"MtrElec",10,21,23,"",160.799,0,0,0,0,0,0,0,0,0,0,0,0,0,0,0,0,0,0,0,0,160.799,0,0,0
"MtrElec",10,21,24,"",136.086,0,0,0,0,0,0,0,0,0,0,0,0,0,0,0,0,0,0,0,0,136.086,0,0,0
"MtrElec",10,22,1,"",97.4197,0,0,0,0,0,0,0,0,0,0,0,0,0,0,0,0,0,0,0,0,97.4197,0,0,0
"MtrElec",10,22,2,"",79.1545,0,0,0,0,0,0,0,0,0,0,0,0,0,0,0,0,0,0,0,0,79.1545,0,0,0
"MtrElec",10,22,3,"",77.4573,0,0,0,0,0,0,0,0,0,0,0,0,0,0,0,0,0,0,0,0,77.4573,0,0,0
"MtrElec",10,22,4,"",84.242,0,0,0,0,0,0,0,0,0,0,0,0,0,0,0,0,0,0,0,0,84.242,0,0,0
"MtrElec",10,22,5,"",75.859,0,0,0,0,0,0,0,0,0,0,0,0,0,0,0,0,0,0,0,0,75.859,0,0,0
"MtrElec",10,22,6,"",84.0478,0,0,0,0,0,0,0,0,0,0,0,0,0,0,0,0,0,0,0,0,84.0478,0,0,0
"MtrElec",10,22,7,"",100.285,0,0,0,0,0,0,0,0,0,0,0,0,0,0,0,0,0,0,0,0,100.285,0,0,0
"MtrElec",10,22,8,"",63.0731,0,0,0,0,0,0,0,0,0,0,0,0,0,0,0,0,0,0,0,0,109.679,0,0,-46.6064
"MtrElec",10,22,9,"",0.0000078,0,0,0,0,0,0,0,0,0,0,0,0,0,0,0,0,0,0,0,0,107.655,0,68.9321,-176.587
"MtrElec",10,22,10,"",0.0000156,0,0,0,0,0,0,0,0,0,0,0,0,0,0,0,0,0,0,0,0,139.242,0,134.232,-273.474
"MtrElec",10,22,11,"",0,0,0,0,0,0,0,0,0,0,0,0,0,0,0,0,0,0,0,0,0,170.467,0,143.323,-313.791
"MtrElec",10,22,12,"",-151.388,0,0,0,0,0,0,0,0,0,0,0,0,0,0,0,0,0,0,0,0,119.555,0,215.258,-486.201
"MtrElec",10,22,13,"",-381.344,0,0,0,0,0,0,0,0,0,0,0,0,0,0,0,0,0,0,0,0,132.982,0,0,-514.326
"MtrElec",10,22,14,"",-388.422,0,0,0,0,0,0,0,0,0,0,0,0,0,0,0,0,0,0,0,0,109.65,0,0,-498.072
"MtrElec",10,22,15,"",-317.238,0,0,0,0,0,0,0,0,0,0,0,0,0,0,0,0,0,0,0,0,121.42,0,0,-438.659
"MtrElec",10,22,16,"",-230.464,0,0,0,0,0,0,0,0,0,0,0,0,0,0,0,0,0,0,0,0,117.238,0,0,-347.702
"MtrElec",10,22,17,"",-76.2179,0,0,0,0,0,0,0,0,0,0,0,0,0,0,0,0,0,0,0,0,138.851,0,0,-215.068
"MtrElec",10,22,18,"",89.6541,0,0,0,0,0,0,0,0,0,0,0,0,0,0,0,0,0,0,0,0,153.29,0,0,-63.6356
"MtrElec",10,22,19,"",-31.3024,0,0,0,0,0,0,0,0,0,0,0,0,0,0,0,0,0,0,0,0,192.924,0,-224.226,0
"MtrElec",10,22,20,"",-44.9277,0,0,0,0,0,0,0,0,0,0,0,0,0,0,0,0,0,0,0,0,179.299,0,-224.226,0
"MtrElec",10,22,21,"",113.959,0,0,0,0,0,0,0,0,0,0,0,0,0,0,0,0,0,0,0,0,172.482,0,-58.5231,0
"MtrElec",10,22,22,"",152.785,0,0,0,0,0,0,0,0,0,0,0,0,0,0,0,0,0,0,0,0,152.785,0,0,0
"MtrElec",10,22,23,"",146.405,0,0,0,0,0,0,0,0,0,0,0,0,0,0,0,0,0,0,0,0,146.405,0,0,0
"MtrElec",10,22,24,"",120.693,0,0,0,0,0,0,0,0,0,0,0,0,0,0,0,0,0,0,0,0,120.693,0,0,0
"MtrElec",10,23,1,"",83.6718,0,0,0,0,0,0,0,0,0,0,0,0,0,0,0,0,0,0,0,0,83.6718,0,0,0
"MtrElec",10,23,2,"",80.5367,0,0,0,0,0,0,0,0,0,0,0,0,0,0,0,0,0,0,0,0,80.5367,0,0,0
"MtrElec",10,23,3,"",79.7806,0,0,0,0,0,0,0,0,0,0,0,0,0,0,0,0,0,0,0,0,79.7806,0,0,0
"MtrElec",10,23,4,"",80.201,0,0,0,0,0,0,0,0,0,0,0,0,0,0,0,0,0,0,0,0,80.201,0,0,0
"MtrElec",10,23,5,"",79.7008,0,0,0,0,0,0,0,0,0,0,0,0,0,0,0,0,0,0,0,0,79.7008,0,0,0
"MtrElec",10,23,6,"",83.5237,0,0,0,0,0,0,0,0,0,0,0,0,0,0,0,0,0,0,0,0,83.5237,0,0,0
"MtrElec",10,23,7,"",99.8317,0,0,0,0,0,0,0,0,0,0,0,0,0,0,0,0,0,0,0,0,99.8317,0,0,0
"MtrElec",10,23,8,"",90.7706,0,0,0,0,0,0,0,0,0,0,0,0,0,0,0,0,0,0,0,0,117.183,0,0,-26.4122
"MtrElec",10,23,9,"",88.2173,0,0,0,0,0,0,0,0,0,0,0,0,0,0,0,0,0,0,0,0,139.605,0,0,-51.3877
"MtrElec",10,23,10,"",0.0000020,0,0,0,0,0,0,0,0,0,0,0,0,0,0,0,0,0,0,0,0,157.371,0,23.368,-180.739
"MtrElec",10,23,11,"",0,0,0,0,0,0,0,0,0,0,0,0,0,0,0,0,0,0,0,0,0,185.16,0,169.17,-354.331
"MtrElec",10,23,12,"",-38.2082,0,0,0,0,0,0,0,0,0,0,0,0,0,0,0,0,0,0,0,0,163.339,0,224.226,-425.774
"MtrElec",10,23,13,"",-202.628,0,0,0,0,0,0,0,0,0,0,0,0,0,0,0,0,0,0,0,0,173.402,0,144.982,-521.011
"MtrElec",10,23,14,"",-399.185,0,0,0,0,0,0,0,0,0,0,0,0,0,0,0,0,0,0,0,0,107.361,0,0,-506.546
"MtrElec",10,23,15,"",-343.112,0,0,0,0,0,0,0,0,0,0,0,0,0,0,0,0,0,0,0,0,107.242,0,0,-450.354
"MtrElec",10,23,16,"",-246.454,0,0,0,0,0,0,0,0,0,0,0,0,0,0,0,0,0,0,0,0,112.115,0,0,-358.569
"MtrElec",10,23,17,"",-93.1101,0,0,0,0,0,0,0,0,0,0,0,0,0,0,0,0,0,0,0,0,129.995,0,0,-223.105
"MtrElec",10,23,18,"",78.7869,0,0,0,0,0,0,0,0,0,0,0,0,0,0,0,0,0,0,0,0,145.807,0,0,-67.0196
"MtrElec",10,23,19,"",-42.8661,0,0,0,0,0,0,0,0,0,0,0,0,0,0,0,0,0,0,0,0,181.36,0,-224.226,0
"MtrElec",10,23,20,"",-49.2711,0,0,0,0,0,0,0,0,0,0,0,0,0,0,0,0,0,0,0,0,174.955,0,-224.226,0
"MtrElec",10,23,21,"",114.987,0,0,0,0,0,0,0,0,0,0,0,0,0,0,0,0,0,0,0,0,173.51,0,-58.5231,0
"MtrElec",10,23,22,"",138.229,0,0,0,0,0,0,0,0,0,0,0,0,0,0,0,0,0,0,0,0,138.229,0,0,0
"MtrElec",10,23,23,"",138.044,0,0,0,0,0,0,0,0,0,0,0,0,0,0,0,0,0,0,0,0,138.044,0,0,0
"MtrElec",10,23,24,"",123.927,0,0,0,0,0,0,0,0,0,0,0,0,0,0,0,0,0,0,0,0,123.927,0,0,0
"MtrElec",10,24,1,"",96.8413,0,0,0,0,0,0,0,0,0,0,0,0,0,0,0,0,0,0,0,0,96.8413,0,0,0
"MtrElec",10,24,2,"",79.0603,0,0,0,0,0,0,0,0,0,0,0,0,0,0,0,0,0,0,0,0,79.0603,0,0,0
"MtrElec",10,24,3,"",81.8064,0,0,0,0,0,0,0,0,0,0,0,0,0,0,0,0,0,0,0,0,81.8064,0,0,0
"MtrElec",10,24,4,"",82.9167,0,0,0,0,0,0,0,0,0,0,0,0,0,0,0,0,0,0,0,0,82.9167,0,0,0
"MtrElec",10,24,5,"",97.4712,0,0,0,0,0,0,0,0,0,0,0,0,0,0,0,0,0,0,0,0,97.4712,0,0,0
"MtrElec",10,24,6,"",80.4115,0,0,0,0,0,0,0,0,0,0,0,0,0,0,0,0,0,0,0,0,80.4115,0,0,0
"MtrElec",10,24,7,"",90.2695,0,0,0,0,0,0,0,0,0,0,0,0,0,0,0,0,0,0,0,0,90.2695,0,0,0
"MtrElec",10,24,8,"",59.3961,0,0,0,0,0,0,0,0,0,0,0,0,0,0,0,0,0,0,0,0,112.937,0,0,-53.541
"MtrElec",10,24,9,"",0.0000078,0,0,0,0,0,0,0,0,0,0,0,0,0,0,0,0,0,0,0,0,119.084,0,78.1253,-197.209
"MtrElec",10,24,10,"",0.0000156,0,0,0,0,0,0,0,0,0,0,0,0,0,0,0,0,0,0,0,0,141.179,0,198.476,-339.655
"MtrElec",10,24,11,"",-50.3868,0,0,0,0,0,0,0,0,0,0,0,0,0,0,0,0,0,0,0,0,167.557,0,224.226,-442.17
"MtrElec",10,24,12,"",-269.908,0,0,0,0,0,0,0,0,0,0,0,0,0,0,0,0,0,0,0,0,177.818,0,60.9185,-508.644
"MtrElec",10,24,13,"",-390.059,0,0,0,0,0,0,0,0,0,0,0,0,0,0,0,0,0,0,0,0,144.188,0,0,-534.247
"MtrElec",10,24,14,"",-401.986,0,0,0,0,0,0,0,0,0,0,0,0,0,0,0,0,0,0,0,0,113.385,0,0,-515.371
"MtrElec",10,24,15,"",-312.55,0,0,0,0,0,0,0,0,0,0,0,0,0,0,0,0,0,0,0,0,142.768,0,0,-455.318
"MtrElec",10,24,16,"",-243.264,0,0,0,0,0,0,0,0,0,0,0,0,0,0,0,0,0,0,0,0,115.909,0,0,-359.173
"MtrElec",10,24,17,"",-108.057,0,0,0,0,0,0,0,0,0,0,0,0,0,0,0,0,0,0,0,0,117.951,0,0,-226.008
"MtrElec",10,24,18,"",89.2402,0,0,0,0,0,0,0,0,0,0,0,0,0,0,0,0,0,0,0,0,156.951,0,0,-67.7107
"MtrElec",10,24,19,"",-42.0643,0,0,0,0,0,0,0,0,0,0,0,0,0,0,0,0,0,0,0,0,182.162,0,-224.226,0
"MtrElec",10,24,20,"",-44.0488,0,0,0,0,0,0,0,0,0,0,0,0,0,0,0,0,0,0,0,0,180.178,0,-224.226,0
"MtrElec",10,24,21,"",99.4266,0,0,0,0,0,0,0,0,0,0,0,0,0,0,0,0,0,0,0,0,157.95,0,-58.5231,0
"MtrElec",10,24,22,"",166.522,0,0,0,0,0,0,0,0,0,0,0,0,0,0,0,0,0,0,0,0,166.522,0,0,0
"MtrElec",10,24,23,"",120.969,0,0,0,0,0,0,0,0,0,0,0,0,0,0,0,0,0,0,0,0,120.969,0,0,0
"MtrElec",10,24,24,"",117.163,0,0,0,0,0,0,0,0,0,0,0,0,0,0,0,0,0,0,0,0,117.163,0,0,0
"MtrElec",10,25,1,"",87.7125,0,0,0,0,0,0,0,0,0,0,0,0,0,0,0,0,0,0,0,0,87.7125,0,0,0
"MtrElec",10,25,2,"",79.1064,0,0,0,0,0,0,0,0,0,0,0,0,0,0,0,0,0,0,0,0,79.1064,0,0,0
"MtrElec",10,25,3,"",80.3634,0,0,0,0,0,0,0,0,0,0,0,0,0,0,0,0,0,0,0,0,80.3634,0,0,0
"MtrElec",10,25,4,"",81.0237,0,0,0,0,0,0,0,0,0,0,0,0,0,0,0,0,0,0,0,0,81.0237,0,0,0
"MtrElec",10,25,5,"",89.9931,0,0,0,0,0,0,0,0,0,0,0,0,0,0,0,0,0,0,0,0,89.9931,0,0,0
"MtrElec",10,25,6,"",80.3709,0,0,0,0,0,0,0,0,0,0,0,0,0,0,0,0,0,0,0,0,80.3709,0,0,0
"MtrElec",10,25,7,"",89.8307,0,0,0,0,0,0,0,0,0,0,0,0,0,0,0,0,0,0,0,0,89.8307,0,0,0
"MtrElec",10,25,8,"",57.7339,0,0,0,0,0,0,0,0,0,0,0,0,0,0,0,0,0,0,0,0,110.632,0,0,-52.8986
"MtrElec",10,25,9,"",0.0000039,0,0,0,0,0,0,0,0,0,0,0,0,0,0,0,0,0,0,0,0,129.657,0,60.4967,-190.154
"MtrElec",10,25,10,"",0,0,0,0,0,0,0,0,0,0,0,0,0,0,0,0,0,0,0,0,0,117.551,0,208.797,-326.348
"MtrElec",10,25,11,"",-64.6564,0,0,0,0,0,0,0,0,0,0,0,0,0,0,0,0,0,0,0,0,138.647,0,224.226,-427.53
"MtrElec",10,25,12,"",-276.041,0,0,0,0,0,0,0,0,0,0,0,0,0,0,0,0,0,0,0,0,143.197,0,68.226,-487.463
"MtrElec",10,25,13,"",-371.112,0,0,0,0,0,0,0,0,0,0,0,0,0,0,0,0,0,0,0,0,134.728,0,0,-505.84
"MtrElec",10,25,14,"",-372.336,0,0,0,0,0,0,0,0,0,0,0,0,0,0,0,0,0,0,0,0,121.418,0,0,-493.753
"MtrElec",10,25,15,"",-309.416,0,0,0,0,0,0,0,0,0,0,0,0,0,0,0,0,0,0,0,0,129.905,0,0,-439.321
"MtrElec",10,25,16,"",-218.888,0,0,0,0,0,0,0,0,0,0,0,0,0,0,0,0,0,0,0,0,125.498,0,0,-344.385
"MtrElec",10,25,17,"",-88.9692,0,0,0,0,0,0,0,0,0,0,0,0,0,0,0,0,0,0,0,0,125.617,0,0,-214.586
"MtrElec",10,25,18,"",76.1603,0,0,0,0,0,0,0,0,0,0,0,0,0,0,0,0,0,0,0,0,139.749,0,0,-63.5884
"MtrElec",10,25,19,"",-50.6158,0,0,0,0,0,0,0,0,0,0,0,0,0,0,0,0,0,0,0,0,173.611,0,-224.226,0
"MtrElec",10,25,20,"",-49.1707,0,0,0,0,0,0,0,0,0,0,0,0,0,0,0,0,0,0,0,0,175.056,0,-224.226,0
"MtrElec",10,25,21,"",109.372,0,0,0,0,0,0,0,0,0,0,0,0,0,0,0,0,0,0,0,0,167.895,0,-58.5231,0
"MtrElec",10,25,22,"",168.982,0,0,0,0,0,0,0,0,0,0,0,0,0,0,0,0,0,0,0,0,168.982,0,0,0
"MtrElec",10,25,23,"",125.073,0,0,0,0,0,0,0,0,0,0,0,0,0,0,0,0,0,0,0,0,125.073,0,0,0
"MtrElec",10,25,24,"",138.147,0,0,0,0,0,0,0,0,0,0,0,0,0,0,0,0,0,0,0,0,138.147,0,0,0
"MtrElec",10,26,1,"",95.559,0,0,0,0,0,0,0,0,0,0,0,0,0,0,0,0,0,0,0,0,95.559,0,0,0
"MtrElec",10,26,2,"",79.049,0,0,0,0,0,0,0,0,0,0,0,0,0,0,0,0,0,0,0,0,79.049,0,0,0
"MtrElec",10,26,3,"",79.3148,0,0,0,0,0,0,0,0,0,0,0,0,0,0,0,0,0,0,0,0,79.3148,0,0,0
"MtrElec",10,26,4,"",80.5988,0,0,0,0,0,0,0,0,0,0,0,0,0,0,0,0,0,0,0,0,80.5988,0,0,0
"MtrElec",10,26,5,"",80.0198,0,0,0,0,0,0,0,0,0,0,0,0,0,0,0,0,0,0,0,0,80.0198,0,0,0
"MtrElec",10,26,6,"",83.7496,0,0,0,0,0,0,0,0,0,0,0,0,0,0,0,0,0,0,0,0,83.7496,0,0,0
"MtrElec",10,26,7,"",100.185,0,0,0,0,0,0,0,0,0,0,0,0,0,0,0,0,0,0,0,0,100.185,0,0,0
"MtrElec",10,26,8,"",71.3965,0,0,0,0,0,0,0,0,0,0,0,0,0,0,0,0,0,0,0,0,121.674,0,0,-50.2774
"MtrElec",10,26,9,"",0,0,0,0,0,0,0,0,0,0,0,0,0,0,0,0,0,0,0,0,0,140.696,0,51.1392,-191.835
"MtrElec",10,26,10,"",0.0000078,0,0,0,0,0,0,0,0,0,0,0,0,0,0,0,0,0,0,0,0,120.038,0,205.239,-325.277
"MtrElec",10,26,11,"",-50.284,0,0,0,0,0,0,0,0,0,0,0,0,0,0,0,0,0,0,0,0,152.253,0,224.226,-426.763
"MtrElec",10,26,12,"",-258.998,0,0,0,0,0,0,0,0,0,0,0,0,0,0,0,0,0,0,0,0,143.124,0,81.1415,-483.264
"MtrElec",10,26,13,"",-343.515,0,0,0,0,0,0,0,0,0,0,0,0,0,0,0,0,0,0,0,0,156.37,0,0,-499.885
"MtrElec",10,26,14,"",-346.856,0,0,0,0,0,0,0,0,0,0,0,0,0,0,0,0,0,0,0,0,133.451,0,0,-480.307
"MtrElec",10,26,15,"",-305.13,0,0,0,0,0,0,0,0,0,0,0,0,0,0,0,0,0,0,0,0,132.078,0,0,-437.208
"MtrElec",10,26,16,"",-199.259,0,0,0,0,0,0,0,0,0,0,0,0,0,0,0,0,0,0,0,0,147.694,0,0,-346.953
"MtrElec",10,26,17,"",-40.6242,0,0,0,0,0,0,0,0,0,0,0,0,0,0,0,0,0,0,0,0,171.837,0,0,-212.462
"MtrElec",10,26,18,"",136.556,0,0,0,0,0,0,0,0,0,0,0,0,0,0,0,0,0,0,0,0,197.646,0,0,-61.0903
"MtrElec",10,26,19,"",-26.7895,0,0,0,0,0,0,0,0,0,0,0,0,0,0,0,0,0,0,0,0,197.437,0,-224.226,0
"MtrElec",10,26,20,"",-26.016,0,0,0,0,0,0,0,0,0,0,0,0,0,0,0,0,0,0,0,0,198.211,0,-224.226,0
"MtrElec",10,26,21,"",127.6,0,0,0,0,0,0,0,0,0,0,0,0,0,0,0,0,0,0,0,0,186.123,0,-58.5231,0
"MtrElec",10,26,22,"",169.695,0,0,0,0,0,0,0,0,0,0,0,0,0,0,0,0,0,0,0,0,169.695,0,0,0
"MtrElec",10,26,23,"",122.778,0,0,0,0,0,0,0,0,0,0,0,0,0,0,0,0,0,0,0,0,122.778,0,0,0
"MtrElec",10,26,24,"",110.557,0,0,0,0,0,0,0,0,0,0,0,0,0,0,0,0,0,0,0,0,110.557,0,0,0
"MtrElec",10,27,1,"",90.5531,0,0,0,0,0,0,0,0,0,0,0,0,0,0,0,0,0,0,0,0,90.5531,0,0,0
"MtrElec",10,27,2,"",81.2072,0,0,0,0,0,0,0,0,0,0,0,0,0,0,0,0,0,0,0,0,81.2072,0,0,0
"MtrElec",10,27,3,"",77.4266,0,0,0,0,0,0,0,0,0,0,0,0,0,0,0,0,0,0,0,0,77.4266,0,0,0
"MtrElec",10,27,4,"",76.7595,0,0,0,0,0,0,0,0,0,0,0,0,0,0,0,0,0,0,0,0,76.7595,0,0,0
"MtrElec",10,27,5,"",75.7952,0,0,0,0,0,0,0,0,0,0,0,0,0,0,0,0,0,0,0,0,75.7952,0,0,0
"MtrElec",10,27,6,"",83.8544,0,0,0,0,0,0,0,0,0,0,0,0,0,0,0,0,0,0,0,0,83.8544,0,0,0
"MtrElec",10,27,7,"",98.7398,0,0,0,0,0,0,0,0,0,0,0,0,0,0,0,0,0,0,0,0,98.7398,0,0,0
"MtrElec",10,27,8,"",57.4315,0,0,0,0,0,0,0,0,0,0,0,0,0,0,0,0,0,0,0,0,107.407,0,0,-49.9752
"MtrElec",10,27,9,"",0.0000039,0,0,0,0,0,0,0,0,0,0,0,0,0,0,0,0,0,0,0,0,127.827,0,60.433,-188.26
"MtrElec",10,27,10,"",0,0,0,0,0,0,0,0,0,0,0,0,0,0,0,0,0,0,0,0,0,149.527,0,171.726,-321.253
"MtrElec",10,27,11,"",-12.1965,0,0,0,0,0,0,0,0,0,0,0,0,0,0,0,0,0,0,0,0,181.465,0,224.226,-417.888
"MtrElec",10,27,12,"",-191.969,0,0,0,0,0,0,0,0,0,0,0,0,0,0,0,0,0,0,0,0,177.346,0,105.361,-474.676
"MtrElec",10,27,13,"",-322.061,0,0,0,0,0,0,0,0,0,0,0,0,0,0,0,0,0,0,0,0,175.491,0,0,-497.552
"MtrElec",10,27,14,"",-349.567,0,0,0,0,0,0,0,0,0,0,0,0,0,0,0,0,0,0,0,0,132.174,0,0,-481.741
"MtrElec",10,27,15,"",-263.244,0,0,0,0,0,0,0,0,0,0,0,0,0,0,0,0,0,0,0,0,154.755,0,0,-417.999
"MtrElec",10,27,16,"",-140.588,0,0,0,0,0,0,0,0,0,0,0,0,0,0,0,0,0,0,0,0,180.712,0,0,-321.3
"MtrElec",10,27,17,"",1.41898,0,0,0,0,0,0,0,0,0,0,0,0,0,0,0,0,0,0,0,0,206.686,0,0,-205.267
"MtrElec",10,27,18,"",153.178,0,0,0,0,0,0,0,0,0,0,0,0,0,0,0,0,0,0,0,0,212.686,0,0,-59.5078
"MtrElec",10,27,19,"",-17.2294,0,0,0,0,0,0,0,0,0,0,0,0,0,0,0,0,0,0,0,0,206.997,0,-224.226,0
"MtrElec",10,27,20,"",-18.5768,0,0,0,0,0,0,0,0,0,0,0,0,0,0,0,0,0,0,0,0,205.65,0,-224.226,0
"MtrElec",10,27,21,"",188.419,0,0,0,0,0,0,0,0,0,0,0,0,0,0,0,0,0,0,0,0,246.942,0,-58.5231,0
"MtrElec",10,27,22,"",165.937,0,0,0,0,0,0,0,0,0,0,0,0,0,0,0,0,0,0,0,0,165.937,0,0,0
"MtrElec",10,27,23,"",166.954,0,0,0,0,0,0,0,0,0,0,0,0,0,0,0,0,0,0,0,0,166.954,0,0,0
"MtrElec",10,27,24,"",124.136,0,0,0,0,0,0,0,0,0,0,0,0,0,0,0,0,0,0,0,0,124.136,0,0,0
"MtrElec",10,28,1,"",100.047,0,0,0,0,0,0,0,0,0,0,0,0,0,0,0,0,0,0,0,0,100.047,0,0,0
"MtrElec",10,28,2,"",85.7454,0,0,0,0,0,0,0,0,0,0,0,0,0,0,0,0,0,0,0,0,85.7454,0,0,0
"MtrElec",10,28,3,"",79.204,0,0,0,0,0,0,0,0,0,0,0,0,0,0,0,0,0,0,0,0,79.204,0,0,0
"MtrElec",10,28,4,"",76.9356,0,0,0,0,0,0,0,0,0,0,0,0,0,0,0,0,0,0,0,0,76.9356,0,0,0
"MtrElec",10,28,5,"",76.0136,0,0,0,0,0,0,0,0,0,0,0,0,0,0,0,0,0,0,0,0,76.0136,0,0,0
"MtrElec",10,28,6,"",83.3681,0,0,0,0,0,0,0,0,0,0,0,0,0,0,0,0,0,0,0,0,83.3681,0,0,0
"MtrElec",10,28,7,"",92.6318,0,0,0,0,0,0,0,0,0,0,0,0,0,0,0,0,0,0,0,0,92.6318,0,0,0
"MtrElec",10,28,8,"",56.3341,0,0,0,0,0,0,0,0,0,0,0,0,0,0,0,0,0,0,0,0,105.197,0,0,-48.8632
"MtrElec",10,28,9,"",0,0,0,0,0,0,0,0,0,0,0,0,0,0,0,0,0,0,0,0,0,134.16,0,52.3311,-186.491
"MtrElec",10,28,10,"",0,0,0,0,0,0,0,0,0,0,0,0,0,0,0,0,0,0,0,0,0,131.828,0,184.226,-316.054
"MtrElec",10,28,11,"",-14.063,0,0,0,0,0,0,0,0,0,0,0,0,0,0,0,0,0,0,0,0,167.585,0,224.226,-405.875
"MtrElec",10,28,12,"",-205.495,0,0,0,0,0,0,0,0,0,0,0,0,0,0,0,0,0,0,0,0,152.854,0,100.963,-459.312
"MtrElec",10,28,13,"",-319.819,0,0,0,0,0,0,0,0,0,0,0,0,0,0,0,0,0,0,0,0,163.171,0,0,-482.99
"MtrElec",10,28,14,"",-328.977,0,0,0,0,0,0,0,0,0,0,0,0,0,0,0,0,0,0,0,0,138.181,0,0,-467.158
"MtrElec",10,28,15,"",-274.794,0,0,0,0,0,0,0,0,0,0,0,0,0,0,0,0,0,0,0,0,148.494,0,0,-423.288
"MtrElec",10,28,16,"",-173.308,0,0,0,0,0,0,0,0,0,0,0,0,0,0,0,0,0,0,0,0,164.207,0,0,-337.515
"MtrElec",10,28,17,"",-19.1067,0,0,0,0,0,0,0,0,0,0,0,0,0,0,0,0,0,0,0,0,187.36,0,0,-206.466
"MtrElec",10,28,18,"",142.007,0,0,0,0,0,0,0,0,0,0,0,0,0,0,0,0,0,0,0,0,199.383,0,0,-57.3758
"MtrElec",10,28,19,"",-20.462,0,0,0,0,0,0,0,0,0,0,0,0,0,0,0,0,0,0,0,0,203.764,0,-224.226,0
"MtrElec",10,28,20,"",-15.9972,0,0,0,0,0,0,0,0,0,0,0,0,0,0,0,0,0,0,0,0,208.229,0,-224.226,0
"MtrElec",10,28,21,"",189.656,0,0,0,0,0,0,0,0,0,0,0,0,0,0,0,0,0,0,0,0,248.179,0,-58.5231,0
"MtrElec",10,28,22,"",171.543,0,0,0,0,0,0,0,0,0,0,0,0,0,0,0,0,0,0,0,0,171.543,0,0,0
"MtrElec",10,28,23,"",156.387,0,0,0,0,0,0,0,0,0,0,0,0,0,0,0,0,0,0,0,0,156.387,0,0,0
"MtrElec",10,28,24,"",134.653,0,0,0,0,0,0,0,0,0,0,0,0,0,0,0,0,0,0,0,0,134.653,0,0,0
"MtrElec",10,29,1,"",91.9145,0,0,0,0,0,0,0,0,0,0,0,0,0,0,0,0,0,0,0,0,91.9145,0,0,0
"MtrElec",10,29,2,"",81.7511,0,0,0,0,0,0,0,0,0,0,0,0,0,0,0,0,0,0,0,0,81.7511,0,0,0
"MtrElec",10,29,3,"",80.4006,0,0,0,0,0,0,0,0,0,0,0,0,0,0,0,0,0,0,0,0,80.4006,0,0,0
"MtrElec",10,29,4,"",80.6862,0,0,0,0,0,0,0,0,0,0,0,0,0,0,0,0,0,0,0,0,80.6862,0,0,0
"MtrElec",10,29,5,"",80.1962,0,0,0,0,0,0,0,0,0,0,0,0,0,0,0,0,0,0,0,0,80.1962,0,0,0
"MtrElec",10,29,6,"",83.3565,0,0,0,0,0,0,0,0,0,0,0,0,0,0,0,0,0,0,0,0,83.3565,0,0,0
"MtrElec",10,29,7,"",95.1021,0,0,0,0,0,0,0,0,0,0,0,0,0,0,0,0,0,0,0,0,95.1021,0,0,0
"MtrElec",10,29,8,"",78.0988,0,0,0,0,0,0,0,0,0,0,0,0,0,0,0,0,0,0,0,0,127.344,0,0,-49.2454
"MtrElec",10,29,9,"",0,0,0,0,0,0,0,0,0,0,0,0,0,0,0,0,0,0,0,0,0,161.813,0,25.2619,-187.075
"MtrElec",10,29,10,"",0,0,0,0,0,0,0,0,0,0,0,0,0,0,0,0,0,0,0,0,0,181.49,0,136.726,-318.216
"MtrElec",10,29,11,"",-6.5675,0,0,0,0,0,0,0,0,0,0,0,0,0,0,0,0,0,0,0,0,178.18,0,224.226,-408.974
"MtrElec",10,29,12,"",-144.238,0,0,0,0,0,0,0,0,0,0,0,0,0,0,0,0,0,0,0,0,151.802,0,175.532,-471.572
"MtrElec",10,29,13,"",-306.012,0,0,0,0,0,0,0,0,0,0,0,0,0,0,0,0,0,0,0,0,190.157,0,0,-496.169
"MtrElec",10,29,14,"",-330.939,0,0,0,0,0,0,0,0,0,0,0,0,0,0,0,0,0,0,0,0,146.323,0,0,-477.262
"MtrElec",10,29,15,"",-273.435,0,0,0,0,0,0,0,0,0,0,0,0,0,0,0,0,0,0,0,0,150.177,0,0,-423.613
"MtrElec",10,29,16,"",-178.484,0,0,0,0,0,0,0,0,0,0,0,0,0,0,0,0,0,0,0,0,156.195,0,0,-334.679
"MtrElec",10,29,17,"",-11.6699,0,0,0,0,0,0,0,0,0,0,0,0,0,0,0,0,0,0,0,0,195.735,0,0,-207.405
"MtrElec",10,29,18,"",138.871,0,0,0,0,0,0,0,0,0,0,0,0,0,0,0,0,0,0,0,0,196.847,0,0,-57.9759
"MtrElec",10,29,19,"",-9.68308,0,0,0,0,0,0,0,0,0,0,0,0,0,0,0,0,0,0,0,0,214.543,0,-224.226,0
"MtrElec",10,29,20,"",-4.57237,0,0,0,0,0,0,0,0,0,0,0,0,0,0,0,0,0,0,0,0,219.654,0,-224.226,0
"MtrElec",10,29,21,"",177.313,0,0,0,0,0,0,0,0,0,0,0,0,0,0,0,0,0,0,0,0,235.836,0,-58.5231,0
"MtrElec",10,29,22,"",159.169,0,0,0,0,0,0,0,0,0,0,0,0,0,0,0,0,0,0,0,0,159.169,0,0,0
"MtrElec",10,29,23,"",141.291,0,0,0,0,0,0,0,0,0,0,0,0,0,0,0,0,0,0,0,0,141.291,0,0,0
"MtrElec",10,29,24,"",130.178,0,0,0,0,0,0,0,0,0,0,0,0,0,0,0,0,0,0,0,0,130.178,0,0,0
"MtrElec",10,30,1,"",99.0756,0,0,0,0,0,0,0,0,0,0,0,0,0,0,0,0,0,0,0,0,99.0756,0,0,0
"MtrElec",10,30,2,"",79.8751,0,0,0,0,0,0,0,0,0,0,0,0,0,0,0,0,0,0,0,0,79.8751,0,0,0
"MtrElec",10,30,3,"",79.6455,0,0,0,0,0,0,0,0,0,0,0,0,0,0,0,0,0,0,0,0,79.6455,0,0,0
"MtrElec",10,30,4,"",80.6644,0,0,0,0,0,0,0,0,0,0,0,0,0,0,0,0,0,0,0,0,80.6644,0,0,0
"MtrElec",10,30,5,"",80.1628,0,0,0,0,0,0,0,0,0,0,0,0,0,0,0,0,0,0,0,0,80.1628,0,0,0
"MtrElec",10,30,6,"",84.934,0,0,0,0,0,0,0,0,0,0,0,0,0,0,0,0,0,0,0,0,84.934,0,0,0
"MtrElec",10,30,7,"",106.908,0,0,0,0,0,0,0,0,0,0,0,0,0,0,0,0,0,0,0,0,106.908,0,0,0
"MtrElec",10,30,8,"",69.8747,0,0,0,0,0,0,0,0,0,0,0,0,0,0,0,0,0,0,0,0,119.115,0,0,-49.2404
"MtrElec",10,30,9,"",0,0,0,0,0,0,0,0,0,0,0,0,0,0,0,0,0,0,0,0,0,136.756,0,49.6702,-186.426
"MtrElec",10,30,10,"",0.0000156,0,0,0,0,0,0,0,0,0,0,0,0,0,0,0,0,0,0,0,0,150.982,0,166.05,-317.032
"MtrElec",10,30,11,"",0.0000156,0,0,0,0,0,0,0,0,0,0,0,0,0,0,0,0,0,0,0,0,187.402,0,220.019,-407.421
"MtrElec",10,30,12,"",-180.594,0,0,0,0,0,0,0,0,0,0,0,0,0,0,0,0,0,0,0,0,164.004,0,126.008,-470.606
"MtrElec",10,30,13,"",-346.929,0,0,0,0,0,0,0,0,0,0,0,0,0,0,0,0,0,0,0,0,148.874,0,0,-495.802
"MtrElec",10,30,14,"",-355.508,0,0,0,0,0,0,0,0,0,0,0,0,0,0,0,0,0,0,0,0,125.769,0,0,-481.278
"MtrElec",10,30,15,"",-273.398,0,0,0,0,0,0,0,0,0,0,0,0,0,0,0,0,0,0,0,0,156.46,0,0,-429.858
"MtrElec",10,30,16,"",-184.69,0,0,0,0,0,0,0,0,0,0,0,0,0,0,0,0,0,0,0,0,153.13,0,0,-337.82
"MtrElec",10,30,17,"",-26.0754,0,0,0,0,0,0,0,0,0,0,0,0,0,0,0,0,0,0,0,0,180.098,0,0,-206.173
"MtrElec",10,30,18,"",131.253,0,0,0,0,0,0,0,0,0,0,0,0,0,0,0,0,0,0,0,0,187.297,0,0,-56.0437
"MtrElec",10,30,19,"",-37.2187,0,0,0,0,0,0,0,0,0,0,0,0,0,0,0,0,0,0,0,0,187.008,0,-224.226,0
"MtrElec",10,30,20,"",-24.5689,0,0,0,0,0,0,0,0,0,0,0,0,0,0,0,0,0,0,0,0,199.658,0,-224.226,0
"MtrElec",10,30,21,"",160.014,0,0,0,0,0,0,0,0,0,0,0,0,0,0,0,0,0,0,0,0,218.537,0,-58.5231,0
"MtrElec",10,30,22,"",150.329,0,0,0,0,0,0,0,0,0,0,0,0,0,0,0,0,0,0,0,0,150.329,0,0,0
"MtrElec",10,30,23,"",143.028,0,0,0,0,0,0,0,0,0,0,0,0,0,0,0,0,0,0,0,0,143.028,0,0,0
"MtrElec",10,30,24,"",144.909,0,0,0,0,0,0,0,0,0,0,0,0,0,0,0,0,0,0,0,0,144.909,0,0,0
"MtrElec",10,31,1,"",101.104,0,0,0,0,0,0,0,0,0,0,0,0,0,0,0,0,0,0,0,0,101.104,0,0,0
"MtrElec",10,31,2,"",79.9546,0,0,0,0,0,0,0,0,0,0,0,0,0,0,0,0,0,0,0,0,79.9546,0,0,0
"MtrElec",10,31,3,"",76.5759,0,0,0,0,0,0,0,0,0,0,0,0,0,0,0,0,0,0,0,0,76.5759,0,0,0
"MtrElec",10,31,4,"",80.332,0,0,0,0,0,0,0,0,0,0,0,0,0,0,0,0,0,0,0,0,80.332,0,0,0
"MtrElec",10,31,5,"",105.585,0,0,0,0,0,0,0,0,0,0,0,0,0,0,0,0,0,0,0,0,105.585,0,0,0
"MtrElec",10,31,6,"",81.024,0,0,0,0,0,0,0,0,0,0,0,0,0,0,0,0,0,0,0,0,81.024,0,0,0
"MtrElec",10,31,7,"",90.1474,0,0,0,0,0,0,0,0,0,0,0,0,0,0,0,0,0,0,0,0,90.1474,0,0,0
"MtrElec",10,31,8,"",59.103,0,0,0,0,0,0,0,0,0,0,0,0,0,0,0,0,0,0,0,0,105.916,0,0,-46.8129
"MtrElec",10,31,9,"",0,0,0,0,0,0,0,0,0,0,0,0,0,0,0,0,0,0,0,0,0,117.538,0,65.6495,-183.187
"MtrElec",10,31,10,"",0,0,0,0,0,0,0,0,0,0,0,0,0,0,0,0,0,0,0,0,0,139.857,0,174.788,-314.646
"MtrElec",10,31,11,"",-3.68247,0,0,0,0,0,0,0,0,0,0,0,0,0,0,0,0,0,0,0,0,188.789,0,224.226,-416.698
"MtrElec",10,31,12,"",-227.408,0,0,0,0,0,0,0,0,0,0,0,0,0,0,0,0,0,0,0,0,154.665,0,97.082,-479.155
"MtrElec",10,31,13,"",-325.673,0,0,0,0,0,0,0,0,0,0,0,0,0,0,0,0,0,0,0,0,177.9,0,0,-503.573
"MtrElec",10,31,14,"",-323.789,0,0,0,0,0,0,0,0,0,0,0,0,0,0,0,0,0,0,0,0,165.62,0,0,-489.409
"MtrElec",10,31,15,"",-225.957,0,0,0,0,0,0,0,0,0,0,0,0,0,0,0,0,0,0,0,0,205.309,0,0,-431.266
"MtrElec",10,31,16,"",-151.093,0,0,0,0,0,0,0,0,0,0,0,0,0,0,0,0,0,0,0,0,159.017,0,0,-310.11
"MtrElec",10,31,17,"",-11.3575,0,0,0,0,0,0,0,0,0,0,0,0,0,0,0,0,0,0,0,0,158.915,0,0,-170.272
"MtrElec",10,31,18,"",121.938,0,0,0,0,0,0,0,0,0,0,0,0,0,0,0,0,0,0,0,0,174.154,0,0,-52.2163
"MtrElec",10,31,19,"",-3.03588,0,0,0,0,0,0,0,0,0,0,0,0,0,0,0,0,0,0,0,0,221.191,0,-224.226,0
"MtrElec",10,31,20,"",8.95847,0,0,0,0,0,0,0,0,0,0,0,0,0,0,0,0,0,0,0,0,233.185,0,-224.226,0
"MtrElec",10,31,21,"",149.582,0,0,0,0,0,0,0,0,0,0,0,0,0,0,0,0,0,0,0,0,208.105,0,-58.5231,0
"MtrElec",10,31,22,"",206.326,0,0,0,0,0,0,0,0,0,0,0,0,0,0,0,0,0,0,0,0,206.326,0,0,0
"MtrElec",10,31,23,"",129.476,0,0,0,0,0,0,0,0,0,0,0,0,0,0,0,0,0,0,0,0,129.476,0,0,0
"MtrElec",10,31,24,"",141.237,0,0,0,0,0,0,0,0,0,0,0,0,0,0,0,0,0,0,0,0,141.237,0,0,0
"MtrElec",11,1,1,"",98.487,0,0,0,0,0,0,0,0,0,0,0,0,0,0,0,0,0,0,0,0,98.487,0,0,0
"MtrElec",11,1,2,"",81.7047,0,0,0,0,0,0,0,0,0,0,0,0,0,0,0,0,0,0,0,0,81.7047,0,0,0
"MtrElec",11,1,3,"",78.3373,0,0,0,0,0,0,0,0,0,0,0,0,0,0,0,0,0,0,0,0,78.3373,0,0,0
"MtrElec",11,1,3,"",78.28,0,0,0,0,0,0,0,0,0,0,0,0,0,0,0,0,0,0,0,0,78.28,0,0,0
"MtrElec",11,1,4,"",79.4868,0,0,0,0,0,0,0,0,0,0,0,0,0,0,0,0,0,0,0,0,79.4868,0,0,0
"MtrElec",11,1,5,"",84.9923,0,0,0,0,0,0,0,0,0,0,0,0,0,0,0,0,0,0,0,0,84.9923,0,0,0
"MtrElec",11,1,6,"",83.2497,0,0,0,0,0,0,0,0,0,0,0,0,0,0,0,0,0,0,0,0,83.2497,0,0,0
"MtrElec",11,1,7,"",47.2077,0,0,0,0,0,0,0,0,0,0,0,0,0,0,0,0,0,0,0,0,92.3649,0,0,-45.1572
"MtrElec",11,1,8,"",0.0000039,0,0,0,0,0,0,0,0,0,0,0,0,0,0,0,0,0,0,0,0,104.251,0,43.961,-148.212
"MtrElec",11,1,9,"",0.0000078,0,0,0,0,0,0,0,0,0,0,0,0,0,0,0,0,0,0,0,0,118.617,0,167.474,-286.091
"MtrElec",11,1,10,"",-39.3538,0,0,0,0,0,0,0,0,0,0,0,0,0,0,0,0,0,0,0,0,128.163,0,224.226,-391.744
"MtrElec",11,1,11,"",-65.0929,0,0,0,0,0,0,0,0,0,0,0,0,0,0,0,0,0,0,0,0,177.883,0,126.085,-369.061
"MtrElec",11,1,12,"",-173.29,0,0,0,0,0,0,0,0,0,0,0,0,0,0,0,0,0,0,0,0,242.002,0,0,-415.292
"MtrElec",11,1,13,"",-244.443,0,0,0,0,0,0,0,0,0,0,0,0,0,0,0,0,0,0,0,0,170.977,0,0,-415.42
"MtrElec",11,1,14,"",-139.487,0,0,0,0,0,0,0,0,0,0,0,0,0,0,0,0,0,0,0,0,183.974,0,0,-323.461
"MtrElec",11,1,15,"",-19.3512,0,0,0,0,0,0,0,0,0,0,0,0,0,0,0,0,0,0,0,0,227.997,0,0,-247.349
"MtrElec",11,1,16,"",26.1793,0,0,0,0,0,0,0,0,0,0,0,0,0,0,0,0,0,0,0,0,189.255,0,0,-163.076
"MtrElec",11,1,17,"",143.889,0,0,0,0,0,0,0,0,0,0,0,0,0,0,0,0,0,0,0,0,170.593,0,0,-26.7045
"MtrElec",11,1,18,"",179.215,0,0,0,0,0,0,0,0,0,0,0,0,0,0,0,0,0,0,0,0,179.215,0,0,0
"MtrElec",11,1,19,"",-24.5518,0,0,0,0,0,0,0,0,0,0,0,0,0,0,0,0,0,0,0,0,199.675,0,-224.226,0
"MtrElec",11,1,20,"",22.4409,0,0,0,0,0,0,0,0,0,0,0,0,0,0,0,0,0,0,0,0,246.667,0,-224.226,0
"MtrElec",11,1,21,"",143.782,0,0,0,0,0,0,0,0,0,0,0,0,0,0,0,0,0,0,0,0,202.305,0,-58.5231,0
"MtrElec",11,1,22,"",188.089,0,0,0,0,0,0,0,0,0,0,0,0,0,0,0,0,0,0,0,0,188.089,0,0,0
"MtrElec",11,1,23,"",139.886,0,0,0,0,0,0,0,0,0,0,0,0,0,0,0,0,0,0,0,0,139.886,0,0,0
"MtrElec",11,1,24,"",148.949,0,0,0,0,0,0,0,0,0,0,0,0,0,0,0,0,0,0,0,0,148.949,0,0,0
"MtrElec",11,2,1,"",118.586,0,0,0,0,0,0,0,0,0,0,0,0,0,0,0,0,0,0,0,0,118.586,0,0,0
"MtrElec",11,2,2,"",86.9236,0,0,0,0,0,0,0,0,0,0,0,0,0,0,0,0,0,0,0,0,86.9236,0,0,0
"MtrElec",11,2,3,"",80.7619,0,0,0,0,0,0,0,0,0,0,0,0,0,0,0,0,0,0,0,0,80.7619,0,0,0
"MtrElec",11,2,4,"",79.075,0,0,0,0,0,0,0,0,0,0,0,0,0,0,0,0,0,0,0,0,79.075,0,0,0
"MtrElec",11,2,5,"",78.0875,0,0,0,0,0,0,0,0,0,0,0,0,0,0,0,0,0,0,0,0,78.0875,0,0,0
"MtrElec",11,2,6,"",87.316,0,0,0,0,0,0,0,0,0,0,0,0,0,0,0,0,0,0,0,0,87.316,0,0,0
"MtrElec",11,2,7,"",69.5217,0,0,0,0,0,0,0,0,0,0,0,0,0,0,0,0,0,0,0,0,102.713,0,0,-33.1912
"MtrElec",11,2,8,"",0.0000002,0,0,0,0,0,0,0,0,0,0,0,0,0,0,0,0,0,0,0,0,112.084,0,3.90356,-115.988
"MtrElec",11,2,9,"",0.0000078,0,0,0,0,0,0,0,0,0,0,0,0,0,0,0,0,0,0,0,0,127.767,0,153.645,-281.412
"MtrElec",11,2,10,"",-22.4572,0,0,0,0,0,0,0,0,0,0,0,0,0,0,0,0,0,0,0,0,144.736,0,224.226,-391.42
"MtrElec",11,2,11,"",-93.1467,0,0,0,0,0,0,0,0,0,0,0,0,0,0,0,0,0,0,0,0,179.409,0,179.971,-452.527
"MtrElec",11,2,12,"",-331.209,0,0,0,0,0,0,0,0,0,0,0,0,0,0,0,0,0,0,0,0,128.243,0,0,-459.452
"MtrElec",11,2,13,"",-301.159,0,0,0,0,0,0,0,0,0,0,0,0,0,0,0,0,0,0,0,0,161.146,0,0,-462.305
"MtrElec",11,2,14,"",-182.637,0,0,0,0,0,0,0,0,0,0,0,0,0,0,0,0,0,0,0,0,148.359,0,0,-330.996
"MtrElec",11,2,15,"",-80.1554,0,0,0,0,0,0,0,0,0,0,0,0,0,0,0,0,0,0,0,0,139.894,0,0,-220.049
"MtrElec",11,2,16,"",-5.70706,0,0,0,0,0,0,0,0,0,0,0,0,0,0,0,0,0,0,0,0,156.721,0,0,-162.428
"MtrElec",11,2,17,"",128.463,0,0,0,0,0,0,0,0,0,0,0,0,0,0,0,0,0,0,0,0,174.583,0,0,-46.1202
"MtrElec",11,2,18,"",169.558,0,0,0,0,0,0,0,0,0,0,0,0,0,0,0,0,0,0,0,0,169.558,0,0,0
"MtrElec",11,2,19,"",-39.4495,0,0,0,0,0,0,0,0,0,0,0,0,0,0,0,0,0,0,0,0,184.777,0,-224.226,0
"MtrElec",11,2,20,"",-50.0985,0,0,0,0,0,0,0,0,0,0,0,0,0,0,0,0,0,0,0,0,174.128,0,-224.226,0
"MtrElec",11,2,21,"",133.7,0,0,0,0,0,0,0,0,0,0,0,0,0,0,0,0,0,0,0,0,192.223,0,-58.5231,0
"MtrElec",11,2,22,"",150.943,0,0,0,0,0,0,0,0,0,0,0,0,0,0,0,0,0,0,0,0,150.943,0,0,0
"MtrElec",11,2,23,"",156.055,0,0,0,0,0,0,0,0,0,0,0,0,0,0,0,0,0,0,0,0,156.055,0,0,0
"MtrElec",11,2,24,"",146.862,0,0,0,0,0,0,0,0,0,0,0,0,0,0,0,0,0,0,0,0,146.862,0,0,0
"MtrElec",11,3,1,"",99.8744,0,0,0,0,0,0,0,0,0,0,0,0,0,0,0,0,0,0,0,0,99.8744,0,0,0
"MtrElec",11,3,2,"",81.2093,0,0,0,0,0,0,0,0,0,0,0,0,0,0,0,0,0,0,0,0,81.2093,0,0,0
"MtrElec",11,3,3,"",78.4598,0,0,0,0,0,0,0,0,0,0,0,0,0,0,0,0,0,0,0,0,78.4598,0,0,0
"MtrElec",11,3,4,"",78.6853,0,0,0,0,0,0,0,0,0,0,0,0,0,0,0,0,0,0,0,0,78.6853,0,0,0
"MtrElec",11,3,5,"",77.6948,0,0,0,0,0,0,0,0,0,0,0,0,0,0,0,0,0,0,0,0,77.6948,0,0,0
"MtrElec",11,3,6,"",86.5336,0,0,0,0,0,0,0,0,0,0,0,0,0,0,0,0,0,0,0,0,86.5336,0,0,0
"MtrElec",11,3,7,"",69.0818,0,0,0,0,0,0,0,0,0,0,0,0,0,0,0,0,0,0,0,0,103.421,0,0,-34.3395
"MtrElec",11,3,8,"",0,0,0,0,0,0,0,0,0,0,0,0,0,0,0,0,0,0,0,0,0,120.438,0,48.9946,-169.432
"MtrElec",11,3,9,"",0.0000078,0,0,0,0,0,0,0,0,0,0,0,0,0,0,0,0,0,0,0,0,122.728,0,188.908,-311.635
"MtrElec",11,3,10,"",-45.1796,0,0,0,0,0,0,0,0,0,0,0,0,0,0,0,0,0,0,0,0,145.157,0,224.226,-414.563
"MtrElec",11,3,11,"",-198.974,0,0,0,0,0,0,0,0,0,0,0,0,0,0,0,0,0,0,0,0,173.718,0,99.6176,-472.309
"MtrElec",11,3,12,"",-356.809,0,0,0,0,0,0,0,0,0,0,0,0,0,0,0,0,0,0,0,0,137.905,0,0,-494.714
"MtrElec",11,3,13,"",-336.564,0,0,0,0,0,0,0,0,0,0,0,0,0,0,0,0,0,0,0,0,144.412,0,0,-480.975
"MtrElec",11,3,14,"",-317.476,0,0,0,0,0,0,0,0,0,0,0,0,0,0,0,0,0,0,0,0,110.116,0,0,-427.592
"MtrElec",11,3,15,"",-209.812,0,0,0,0,0,0,0,0,0,0,0,0,0,0,0,0,0,0,0,0,120.714,0,0,-330.526
"MtrElec",11,3,16,"",-70.4258,0,0,0,0,0,0,0,0,0,0,0,0,0,0,0,0,0,0,0,0,126.249,0,0,-196.675
"MtrElec",11,3,17,"",97.8623,0,0,0,0,0,0,0,0,0,0,0,0,0,0,0,0,0,0,0,0,146.89,0,0,-49.0276
"MtrElec",11,3,18,"",170.663,0,0,0,0,0,0,0,0,0,0,0,0,0,0,0,0,0,0,0,0,170.663,0,0,0
"MtrElec",11,3,19,"",-55.6811,0,0,0,0,0,0,0,0,0,0,0,0,0,0,0,0,0,0,0,0,168.545,0,-224.226,0
"MtrElec",11,3,20,"",-52.1287,0,0,0,0,0,0,0,0,0,0,0,0,0,0,0,0,0,0,0,0,172.098,0,-224.226,0
"MtrElec",11,3,21,"",132.985,0,0,0,0,0,0,0,0,0,0,0,0,0,0,0,0,0,0,0,0,191.508,0,-58.5231,0
"MtrElec",11,3,22,"",156.245,0,0,0,0,0,0,0,0,0,0,0,0,0,0,0,0,0,0,0,0,156.245,0,0,0
"MtrElec",11,3,23,"",138.277,0,0,0,0,0,0,0,0,0,0,0,0,0,0,0,0,0,0,0,0,138.277,0,0,0
"MtrElec",11,3,24,"",126.778,0,0,0,0,0,0,0,0,0,0,0,0,0,0,0,0,0,0,0,0,126.778,0,0,0
"MtrElec",11,4,1,"",111.827,0,0,0,0,0,0,0,0,0,0,0,0,0,0,0,0,0,0,0,0,111.827,0,0,0
"MtrElec",11,4,2,"",80.648,0,0,0,0,0,0,0,0,0,0,0,0,0,0,0,0,0,0,0,0,80.648,0,0,0
"MtrElec",11,4,3,"",77.9531,0,0,0,0,0,0,0,0,0,0,0,0,0,0,0,0,0,0,0,0,77.9531,0,0,0
"MtrElec",11,4,4,"",78.2138,0,0,0,0,0,0,0,0,0,0,0,0,0,0,0,0,0,0,0,0,78.2138,0,0,0
"MtrElec",11,4,5,"",77.2212,0,0,0,0,0,0,0,0,0,0,0,0,0,0,0,0,0,0,0,0,77.2212,0,0,0
"MtrElec",11,4,6,"",85.9566,0,0,0,0,0,0,0,0,0,0,0,0,0,0,0,0,0,0,0,0,85.9566,0,0,0
"MtrElec",11,4,7,"",87.0266,0,0,0,0,0,0,0,0,0,0,0,0,0,0,0,0,0,0,0,0,103.498,0,0,-16.4711
"MtrElec",11,4,8,"",106.864,0,0,0,0,0,0,0,0,0,0,0,0,0,0,0,0,0,0,0,0,125.528,0,0,-18.6642
"MtrElec",11,4,9,"",91.7336,0,0,0,0,0,0,0,0,0,0,0,0,0,0,0,0,0,0,0,0,158.127,0,0,-66.3935
"MtrElec",11,4,10,"",85.8145,0,0,0,0,0,0,0,0,0,0,0,0,0,0,0,0,0,0,0,0,178.922,0,0,-93.1072
"MtrElec",11,4,11,"",0,0,0,0,0,0,0,0,0,0,0,0,0,0,0,0,0,0,0,0,0,149.461,0,73.5196,-222.981
"MtrElec",11,4,12,"",0,0,0,0,0,0,0,0,0,0,0,0,0,0,0,0,0,0,0,0,0,139.826,0,70.0026,-209.829
"MtrElec",11,4,13,"",0,0,0,0,0,0,0,0,0,0,0,0,0,0,0,0,0,0,0,0,0,146.338,0,42.3473,-188.686
"MtrElec",11,4,14,"",0,0,0,0,0,0,0,0,0,0,0,0,0,0,0,0,0,0,0,0,0,107.457,0,128.091,-235.549
"MtrElec",11,4,15,"",-6.38079,0,0,0,0,0,0,0,0,0,0,0,0,0,0,0,0,0,0,0,0,111.328,0,224.226,-341.935
"MtrElec",11,4,16,"",-58.7335,0,0,0,0,0,0,0,0,0,0,0,0,0,0,0,0,0,0,0,0,122.247,0,23.5589,-204.54
"MtrElec",11,4,17,"",87.6557,0,0,0,0,0,0,0,0,0,0,0,0,0,0,0,0,0,0,0,0,138.752,0,0,-51.0962
"MtrElec",11,4,18,"",154.291,0,0,0,0,0,0,0,0,0,0,0,0,0,0,0,0,0,0,0,0,154.291,0,0,0
"MtrElec",11,4,19,"",-42.8006,0,0,0,0,0,0,0,0,0,0,0,0,0,0,0,0,0,0,0,0,181.426,0,-224.226,0
"MtrElec",11,4,20,"",-27.1235,0,0,0,0,0,0,0,0,0,0,0,0,0,0,0,0,0,0,0,0,197.103,0,-224.226,0
"MtrElec",11,4,21,"",158.533,0,0,0,0,0,0,0,0,0,0,0,0,0,0,0,0,0,0,0,0,217.056,0,-58.5231,0
"MtrElec",11,4,22,"",146.527,0,0,0,0,0,0,0,0,0,0,0,0,0,0,0,0,0,0,0,0,146.527,0,0,0
"MtrElec",11,4,23,"",136.411,0,0,0,0,0,0,0,0,0,0,0,0,0,0,0,0,0,0,0,0,136.411,0,0,0
"MtrElec",11,4,24,"",112.158,0,0,0,0,0,0,0,0,0,0,0,0,0,0,0,0,0,0,0,0,112.158,0,0,0
"MtrElec",11,5,1,"",85.382,0,0,0,0,0,0,0,0,0,0,0,0,0,0,0,0,0,0,0,0,85.382,0,0,0
"MtrElec",11,5,2,"",83.6602,0,0,0,0,0,0,0,0,0,0,0,0,0,0,0,0,0,0,0,0,83.6602,0,0,0
"MtrElec",11,5,3,"",79.9983,0,0,0,0,0,0,0,0,0,0,0,0,0,0,0,0,0,0,0,0,79.9983,0,0,0
"MtrElec",11,5,4,"",85.2779,0,0,0,0,0,0,0,0,0,0,0,0,0,0,0,0,0,0,0,0,85.2779,0,0,0
"MtrElec",11,5,5,"",76.7793,0,0,0,0,0,0,0,0,0,0,0,0,0,0,0,0,0,0,0,0,76.7793,0,0,0
"MtrElec",11,5,6,"",88.4857,0,0,0,0,0,0,0,0,0,0,0,0,0,0,0,0,0,0,0,0,88.4857,0,0,0
"MtrElec",11,5,7,"",59.0489,0,0,0,0,0,0,0,0,0,0,0,0,0,0,0,0,0,0,0,0,102.42,0,0,-43.3709
"MtrElec",11,5,8,"",0.0000039,0,0,0,0,0,0,0,0,0,0,0,0,0,0,0,0,0,0,0,0,117.331,0,61.2442,-178.575
"MtrElec",11,5,9,"",0,0,0,0,0,0,0,0,0,0,0,0,0,0,0,0,0,0,0,0,0,123.782,0,193.883,-317.665
"MtrElec",11,5,10,"",-78.5179,0,0,0,0,0,0,0,0,0,0,0,0,0,0,0,0,0,0,0,0,113.503,0,224.226,-416.247
"MtrElec",11,5,11,"",-250.508,0,0,0,0,0,0,0,0,0,0,0,0,0,0,0,0,0,0,0,0,136.375,0,82.3927,-469.276
"MtrElec",11,5,12,"",-358.68,0,0,0,0,0,0,0,0,0,0,0,0,0,0,0,0,0,0,0,0,136.097,0,0,-494.777
"MtrElec",11,5,13,"",-374.861,0,0,0,0,0,0,0,0,0,0,0,0,0,0,0,0,0,0,0,0,108.453,0,0,-483.314
"MtrElec",11,5,14,"",-312.387,0,0,0,0,0,0,0,0,0,0,0,0,0,0,0,0,0,0,0,0,114.053,0,0,-426.44
"MtrElec",11,5,15,"",-225.728,0,0,0,0,0,0,0,0,0,0,0,0,0,0,0,0,0,0,0,0,107.028,0,0,-332.755
"MtrElec",11,5,16,"",-85.6795,0,0,0,0,0,0,0,0,0,0,0,0,0,0,0,0,0,0,0,0,113.273,0,0,-198.953
"MtrElec",11,5,17,"",85.5926,0,0,0,0,0,0,0,0,0,0,0,0,0,0,0,0,0,0,0,0,135.194,0,0,-49.6018
"MtrElec",11,5,18,"",158.092,0,0,0,0,0,0,0,0,0,0,0,0,0,0,0,0,0,0,0,0,158.092,0,0,0
"MtrElec",11,5,19,"",-51.187,0,0,0,0,0,0,0,0,0,0,0,0,0,0,0,0,0,0,0,0,173.04,0,-224.226,0
"MtrElec",11,5,20,"",-36.7707,0,0,0,0,0,0,0,0,0,0,0,0,0,0,0,0,0,0,0,0,187.456,0,-224.226,0
"MtrElec",11,5,21,"",123.018,0,0,0,0,0,0,0,0,0,0,0,0,0,0,0,0,0,0,0,0,181.541,0,-58.5231,0
"MtrElec",11,5,22,"",153.188,0,0,0,0,0,0,0,0,0,0,0,0,0,0,0,0,0,0,0,0,153.188,0,0,0
"MtrElec",11,5,23,"",128.622,0,0,0,0,0,0,0,0,0,0,0,0,0,0,0,0,0,0,0,0,128.622,0,0,0
"MtrElec",11,5,24,"",124.198,0,0,0,0,0,0,0,0,0,0,0,0,0,0,0,0,0,0,0,0,124.198,0,0,0
"MtrElec",11,6,1,"",92.9109,0,0,0,0,0,0,0,0,0,0,0,0,0,0,0,0,0,0,0,0,92.9109,0,0,0
"MtrElec",11,6,2,"",82.0275,0,0,0,0,0,0,0,0,0,0,0,0,0,0,0,0,0,0,0,0,82.0275,0,0,0
"MtrElec",11,6,3,"",78.4021,0,0,0,0,0,0,0,0,0,0,0,0,0,0,0,0,0,0,0,0,78.4021,0,0,0
"MtrElec",11,6,4,"",77.8848,0,0,0,0,0,0,0,0,0,0,0,0,0,0,0,0,0,0,0,0,77.8848,0,0,0
"MtrElec",11,6,5,"",76.8458,0,0,0,0,0,0,0,0,0,0,0,0,0,0,0,0,0,0,0,0,76.8458,0,0,0
"MtrElec",11,6,6,"",85.4649,0,0,0,0,0,0,0,0,0,0,0,0,0,0,0,0,0,0,0,0,85.4649,0,0,0
"MtrElec",11,6,7,"",101.162,0,0,0,0,0,0,0,0,0,0,0,0,0,0,0,0,0,0,0,0,101.162,0,0,0
"MtrElec",11,6,8,"",18.444,0,0,0,0,0,0,0,0,0,0,0,0,0,0,0,0,0,0,0,0,108.986,0,0,-90.5418
"MtrElec",11,6,9,"",11.4382,0,0,0,0,0,0,0,0,0,0,0,0,0,0,0,0,0,0,0,0,123.866,0,0,-112.428
"MtrElec",11,6,10,"",0.0000078,0,0,0,0,0,0,0,0,0,0,0,0,0,0,0,0,0,0,0,0,125.991,0,83.6086,-209.599
"MtrElec",11,6,11,"",-95.7469,0,0,0,0,0,0,0,0,0,0,0,0,0,0,0,0,0,0,0,0,125.36,0,224.226,-445.333
"MtrElec",11,6,12,"",-49.0845,0,0,0,0,0,0,0,0,0,0,0,0,0,0,0,0,0,0,0,0,126.307,0,224.226,-399.618
"MtrElec",11,6,13,"",-144.393,0,0,0,0,0,0,0,0,0,0,0,0,0,0,0,0,0,0,0,0,177.943,0,29.6848,-352.021
"MtrElec",11,6,14,"",-66.2968,0,0,0,0,0,0,0,0,0,0,0,0,0,0,0,0,0,0,0,0,95.4,0,0,-161.697
"MtrElec",11,6,15,"",-42.1501,0,0,0,0,0,0,0,0,0,0,0,0,0,0,0,0,0,0,0,0,104.713,0,0,-146.863
"MtrElec",11,6,16,"",53.9404,0,0,0,0,0,0,0,0,0,0,0,0,0,0,0,0,0,0,0,0,114.891,0,0,-60.9505
"MtrElec",11,6,17,"",109.607,0,0,0,0,0,0,0,0,0,0,0,0,0,0,0,0,0,0,0,0,135.468,0,0,-25.861
"MtrElec",11,6,18,"",155.166,0,0,0,0,0,0,0,0,0,0,0,0,0,0,0,0,0,0,0,0,155.166,0,0,0
"MtrElec",11,6,19,"",-57.8116,0,0,0,0,0,0,0,0,0,0,0,0,0,0,0,0,0,0,0,0,166.415,0,-224.226,0
"MtrElec",11,6,20,"",-33.7267,0,0,0,0,0,0,0,0,0,0,0,0,0,0,0,0,0,0,0,0,190.5,0,-224.226,0
"MtrElec",11,6,21,"",131.727,0,0,0,0,0,0,0,0,0,0,0,0,0,0,0,0,0,0,0,0,190.25,0,-58.5231,0
"MtrElec",11,6,22,"",149.509,0,0,0,0,0,0,0,0,0,0,0,0,0,0,0,0,0,0,0,0,149.509,0,0,0
"MtrElec",11,6,23,"",136.764,0,0,0,0,0,0,0,0,0,0,0,0,0,0,0,0,0,0,0,0,136.764,0,0,0
"MtrElec",11,6,24,"",107.364,0,0,0,0,0,0,0,0,0,0,0,0,0,0,0,0,0,0,0,0,107.364,0,0,0
"MtrElec",11,7,1,"",91.4013,0,0,0,0,0,0,0,0,0,0,0,0,0,0,0,0,0,0,0,0,91.4013,0,0,0
"MtrElec",11,7,2,"",80.852,0,0,0,0,0,0,0,0,0,0,0,0,0,0,0,0,0,0,0,0,80.852,0,0,0
"MtrElec",11,7,3,"",80.4999,0,0,0,0,0,0,0,0,0,0,0,0,0,0,0,0,0,0,0,0,80.4999,0,0,0
"MtrElec",11,7,4,"",82.5328,0,0,0,0,0,0,0,0,0,0,0,0,0,0,0,0,0,0,0,0,82.5328,0,0,0
"MtrElec",11,7,5,"",99.0473,0,0,0,0,0,0,0,0,0,0,0,0,0,0,0,0,0,0,0,0,99.0473,0,0,0
"MtrElec",11,7,6,"",82.4397,0,0,0,0,0,0,0,0,0,0,0,0,0,0,0,0,0,0,0,0,82.4397,0,0,0
"MtrElec",11,7,7,"",89.6726,0,0,0,0,0,0,0,0,0,0,0,0,0,0,0,0,0,0,0,0,92.0739,0,0,-2.40124
"MtrElec",11,7,8,"",59.574,0,0,0,0,0,0,0,0,0,0,0,0,0,0,0,0,0,0,0,0,108.98,0,0,-49.406
"MtrElec",11,7,9,"",0.0000020,0,0,0,0,0,0,0,0,0,0,0,0,0,0,0,0,0,0,0,0,124.97,0,22.2452,-147.215
"MtrElec",11,7,10,"",-0.0000078,0,0,0,0,0,0,0,0,0,0,0,0,0,0,0,0,0,0,0,0,127.164,0,137.431,-264.595
"MtrElec",11,7,11,"",-54.0086,0,0,0,0,0,0,0,0,0,0,0,0,0,0,0,0,0,0,0,0,163.824,0,224.226,-442.059
"MtrElec",11,7,12,"",-123.375,0,0,0,0,0,0,0,0,0,0,0,0,0,0,0,0,0,0,0,0,175.17,0,177.844,-476.388
"MtrElec",11,7,13,"",-305.293,0,0,0,0,0,0,0,0,0,0,0,0,0,0,0,0,0,0,0,0,157.996,0,0,-463.288
"MtrElec",11,7,14,"",-245.227,0,0,0,0,0,0,0,0,0,0,0,0,0,0,0,0,0,0,0,0,134.007,0,0,-379.234
"MtrElec",11,7,15,"",-162.204,0,0,0,0,0,0,0,0,0,0,0,0,0,0,0,0,0,0,0,0,148.43,0,0,-310.634
"MtrElec",11,7,16,"",-7.36287,0,0,0,0,0,0,0,0,0,0,0,0,0,0,0,0,0,0,0,0,137.23,0,0,-144.593
"MtrElec",11,7,17,"",105.565,0,0,0,0,0,0,0,0,0,0,0,0,0,0,0,0,0,0,0,0,138.051,0,0,-32.486
"MtrElec",11,7,18,"",162.744,0,0,0,0,0,0,0,0,0,0,0,0,0,0,0,0,0,0,0,0,162.744,0,0,0
"MtrElec",11,7,19,"",-19.1545,0,0,0,0,0,0,0,0,0,0,0,0,0,0,0,0,0,0,0,0,205.072,0,-224.226,0
"MtrElec",11,7,20,"",-31.3832,0,0,0,0,0,0,0,0,0,0,0,0,0,0,0,0,0,0,0,0,192.843,0,-224.226,0
"MtrElec",11,7,21,"",107.771,0,0,0,0,0,0,0,0,0,0,0,0,0,0,0,0,0,0,0,0,166.294,0,-58.5231,0
"MtrElec",11,7,22,"",169.099,0,0,0,0,0,0,0,0,0,0,0,0,0,0,0,0,0,0,0,0,169.099,0,0,0
"MtrElec",11,7,23,"",124.739,0,0,0,0,0,0,0,0,0,0,0,0,0,0,0,0,0,0,0,0,124.739,0,0,0
"MtrElec",11,7,24,"",139.052,0,0,0,0,0,0,0,0,0,0,0,0,0,0,0,0,0,0,0,0,139.052,0,0,0
"MtrElec",11,8,1,"",93.4783,0,0,0,0,0,0,0,0,0,0,0,0,0,0,0,0,0,0,0,0,93.4783,0,0,0
"MtrElec",11,8,2,"",80.9397,0,0,0,0,0,0,0,0,0,0,0,0,0,0,0,0,0,0,0,0,80.9397,0,0,0
"MtrElec",11,8,3,"",83.5125,0,0,0,0,0,0,0,0,0,0,0,0,0,0,0,0,0,0,0,0,83.5125,0,0,0
"MtrElec",11,8,4,"",84.6327,0,0,0,0,0,0,0,0,0,0,0,0,0,0,0,0,0,0,0,0,84.6327,0,0,0
"MtrElec",11,8,5,"",99.1421,0,0,0,0,0,0,0,0,0,0,0,0,0,0,0,0,0,0,0,0,99.1421,0,0,0
"MtrElec",11,8,6,"",82.5404,0,0,0,0,0,0,0,0,0,0,0,0,0,0,0,0,0,0,0,0,82.5404,0,0,0
"MtrElec",11,8,7,"",92.194,0,0,0,0,0,0,0,0,0,0,0,0,0,0,0,0,0,0,0,0,92.194,0,0,0
"MtrElec",11,8,8,"",89.6028,0,0,0,0,0,0,0,0,0,0,0,0,0,0,0,0,0,0,0,0,108.479,0,0,-18.8766
"MtrElec",11,8,9,"",0,0,0,0,0,0,0,0,0,0,0,0,0,0,0,0,0,0,0,0,0,126.514,0,0.690437,-127.204
"MtrElec",11,8,10,"",0,0,0,0,0,0,0,0,0,0,0,0,0,0,0,0,0,0,0,0,0,121.814,0,81.0578,-202.872
"MtrElec",11,8,11,"",0,0,0,0,0,0,0,0,0,0,0,0,0,0,0,0,0,0,0,0,0,171.049,0,91.0404,-262.09
"MtrElec",11,8,12,"",0,0,0,0,0,0,0,0,0,0,0,0,0,0,0,0,0,0,0,0,0,189.764,0,172.982,-362.746
"MtrElec",11,8,13,"",0,0,0,0,0,0,0,0,0,0,0,0,0,0,0,0,0,0,0,0,0,163.531,0,169.891,-333.422
"MtrElec",11,8,14,"",-103.027,0,0,0,0,0,0,0,0,0,0,0,0,0,0,0,0,0,0,0,0,127.724,0,46.0846,-276.835
"MtrElec",11,8,15,"",41.2227,0,0,0,0,0,0,0,0,0,0,0,0,0,0,0,0,0,0,0,0,165.634,0,0,-124.412
"MtrElec",11,8,16,"",78.2948,0,0,0,0,0,0,0,0,0,0,0,0,0,0,0,0,0,0,0,0,134.05,0,0,-55.7552
"MtrElec",11,8,17,"",124.919,0,0,0,0,0,0,0,0,0,0,0,0,0,0,0,0,0,0,0,0,130.914,0,0,-5.99461
"MtrElec",11,8,18,"",156.547,0,0,0,0,0,0,0,0,0,0,0,0,0,0,0,0,0,0,0,0,156.547,0,0,0
"MtrElec",11,8,19,"",-18.9136,0,0,0,0,0,0,0,0,0,0,0,0,0,0,0,0,0,0,0,0,205.313,0,-224.226,0
"MtrElec",11,8,20,"",-32.2902,0,0,0,0,0,0,0,0,0,0,0,0,0,0,0,0,0,0,0,0,191.936,0,-224.226,0
"MtrElec",11,8,21,"",112.621,0,0,0,0,0,0,0,0,0,0,0,0,0,0,0,0,0,0,0,0,171.144,0,-58.5231,0
"MtrElec",11,8,22,"",171.839,0,0,0,0,0,0,0,0,0,0,0,0,0,0,0,0,0,0,0,0,171.839,0,0,0
"MtrElec",11,8,23,"",127.33,0,0,0,0,0,0,0,0,0,0,0,0,0,0,0,0,0,0,0,0,127.33,0,0,0
"MtrElec",11,8,24,"",128.526,0,0,0,0,0,0,0,0,0,0,0,0,0,0,0,0,0,0,0,0,128.526,0,0,0
"MtrElec",11,9,1,"",92.5424,0,0,0,0,0,0,0,0,0,0,0,0,0,0,0,0,0,0,0,0,92.5424,0,0,0
"MtrElec",11,9,2,"",79.9676,0,0,0,0,0,0,0,0,0,0,0,0,0,0,0,0,0,0,0,0,79.9676,0,0,0
"MtrElec",11,9,3,"",77.2785,0,0,0,0,0,0,0,0,0,0,0,0,0,0,0,0,0,0,0,0,77.2785,0,0,0
"MtrElec",11,9,4,"",77.5682,0,0,0,0,0,0,0,0,0,0,0,0,0,0,0,0,0,0,0,0,77.5682,0,0,0
"MtrElec",11,9,5,"",76.5193,0,0,0,0,0,0,0,0,0,0,0,0,0,0,0,0,0,0,0,0,76.5193,0,0,0
"MtrElec",11,9,6,"",85.8532,0,0,0,0,0,0,0,0,0,0,0,0,0,0,0,0,0,0,0,0,85.8532,0,0,0
"MtrElec",11,9,7,"",101.667,0,0,0,0,0,0,0,0,0,0,0,0,0,0,0,0,0,0,0,0,107.779,0,0,-6.11138
"MtrElec",11,9,8,"",26.7724,0,0,0,0,0,0,0,0,0,0,0,0,0,0,0,0,0,0,0,0,110.74,0,0,-83.9679
"MtrElec",11,9,9,"",0,0,0,0,0,0,0,0,0,0,0,0,0,0,0,0,0,0,0,0,0,125.811,0,57.0331,-182.844
"MtrElec",11,9,10,"",0,0,0,0,0,0,0,0,0,0,0,0,0,0,0,0,0,0,0,0,0,129.075,0,181.993,-311.067
"MtrElec",11,9,11,"",0.0000156,0,0,0,0,0,0,0,0,0,0,0,0,0,0,0,0,0,0,0,0,144.666,0,175.381,-320.047
"MtrElec",11,9,12,"",0,0,0,0,0,0,0,0,0,0,0,0,0,0,0,0,0,0,0,0,0,132.089,0,110.508,-242.597
"MtrElec",11,9,13,"",-159.18,0,0,0,0,0,0,0,0,0,0,0,0,0,0,0,0,0,0,0,0,125.852,0,36.8314,-321.863
"MtrElec",11,9,14,"",-153.047,0,0,0,0,0,0,0,0,0,0,0,0,0,0,0,0,0,0,0,0,104.993,0,0,-258.041
"MtrElec",11,9,15,"",-11.9733,0,0,0,0,0,0,0,0,0,0,0,0,0,0,0,0,0,0,0,0,99.4997,0,0,-111.473
"MtrElec",11,9,16,"",57.7123,0,0,0,0,0,0,0,0,0,0,0,0,0,0,0,0,0,0,0,0,103.251,0,0,-45.5383
"MtrElec",11,9,17,"",122.664,0,0,0,0,0,0,0,0,0,0,0,0,0,0,0,0,0,0,0,0,128.603,0,0,-5.93852
"MtrElec",11,9,18,"",170.392,0,0,0,0,0,0,0,0,0,0,0,0,0,0,0,0,0,0,0,0,170.392,0,0,0
"MtrElec",11,9,19,"",-36.2572,0,0,0,0,0,0,0,0,0,0,0,0,0,0,0,0,0,0,0,0,187.969,0,-224.226,0
"MtrElec",11,9,20,"",-53.5645,0,0,0,0,0,0,0,0,0,0,0,0,0,0,0,0,0,0,0,0,170.662,0,-224.226,0
"MtrElec",11,9,21,"",135.778,0,0,0,0,0,0,0,0,0,0,0,0,0,0,0,0,0,0,0,0,194.301,0,-58.5231,0
"MtrElec",11,9,22,"",143.998,0,0,0,0,0,0,0,0,0,0,0,0,0,0,0,0,0,0,0,0,143.998,0,0,0
"MtrElec",11,9,23,"",142.928,0,0,0,0,0,0,0,0,0,0,0,0,0,0,0,0,0,0,0,0,142.928,0,0,0
"MtrElec",11,9,24,"",142.239,0,0,0,0,0,0,0,0,0,0,0,0,0,0,0,0,0,0,0,0,142.239,0,0,0
"MtrElec",11,10,1,"",122.137,0,0,0,0,0,0,0,0,0,0,0,0,0,0,0,0,0,0,0,0,122.137,0,0,0
"MtrElec",11,10,2,"",79.9659,0,0,0,0,0,0,0,0,0,0,0,0,0,0,0,0,0,0,0,0,79.9659,0,0,0
"MtrElec",11,10,3,"",80.1259,0,0,0,0,0,0,0,0,0,0,0,0,0,0,0,0,0,0,0,0,80.1259,0,0,0
"MtrElec",11,10,4,"",81.3075,0,0,0,0,0,0,0,0,0,0,0,0,0,0,0,0,0,0,0,0,81.3075,0,0,0
"MtrElec",11,10,5,"",80.6968,0,0,0,0,0,0,0,0,0,0,0,0,0,0,0,0,0,0,0,0,80.6968,0,0,0
"MtrElec",11,10,6,"",84.3351,0,0,0,0,0,0,0,0,0,0,0,0,0,0,0,0,0,0,0,0,84.3351,0,0,0
"MtrElec",11,10,7,"",73.2504,0,0,0,0,0,0,0,0,0,0,0,0,0,0,0,0,0,0,0,0,95.7805,0,0,-22.53
"MtrElec",11,10,8,"",68.2803,0,0,0,0,0,0,0,0,0,0,0,0,0,0,0,0,0,0,0,0,120.027,0,0,-51.7469
"MtrElec",11,10,9,"",22.5165,0,0,0,0,0,0,0,0,0,0,0,0,0,0,0,0,0,0,0,0,121.429,0,0,-98.9126
"MtrElec",11,10,10,"",0,0,0,0,0,0,0,0,0,0,0,0,0,0,0,0,0,0,0,0,0,138.26,0,36.0791,-174.339
"MtrElec",11,10,11,"",0,0,0,0,0,0,0,0,0,0,0,0,0,0,0,0,0,0,0,0,0,179.263,0,154.953,-334.216
"MtrElec",11,10,12,"",0.0000020,0,0,0,0,0,0,0,0,0,0,0,0,0,0,0,0,0,0,0,0,133.052,0,29.7331,-162.785
"MtrElec",11,10,13,"",5.79226,0,0,0,0,0,0,0,0,0,0,0,0,0,0,0,0,0,0,0,0,113.69,0,0,-107.898
"MtrElec",11,10,14,"",0,0,0,0,0,0,0,0,0,0,0,0,0,0,0,0,0,0,0,0,0,95.1967,0,199.621,-294.818
"MtrElec",11,10,15,"",-7.39568,0,0,0,0,0,0,0,0,0,0,0,0,0,0,0,0,0,0,0,0,107.666,0,141.359,-256.421
"MtrElec",11,10,16,"",-76.8093,0,0,0,0,0,0,0,0,0,0,0,0,0,0,0,0,0,0,0,0,112.668,0,0,-189.477
"MtrElec",11,10,17,"",96.8289,0,0,0,0,0,0,0,0,0,0,0,0,0,0,0,0,0,0,0,0,139.295,0,0,-42.466
"MtrElec",11,10,18,"",152.559,0,0,0,0,0,0,0,0,0,0,0,0,0,0,0,0,0,0,0,0,152.559,0,0,0
"MtrElec",11,10,19,"",-54.2582,0,0,0,0,0,0,0,0,0,0,0,0,0,0,0,0,0,0,0,0,169.968,0,-224.226,0
"MtrElec",11,10,20,"",-50.2121,0,0,0,0,0,0,0,0,0,0,0,0,0,0,0,0,0,0,0,0,174.014,0,-224.226,0
"MtrElec",11,10,21,"",130.646,0,0,0,0,0,0,0,0,0,0,0,0,0,0,0,0,0,0,0,0,189.169,0,-58.5231,0
"MtrElec",11,10,22,"",162.81,0,0,0,0,0,0,0,0,0,0,0,0,0,0,0,0,0,0,0,0,162.81,0,0,0
"MtrElec",11,10,23,"",150.25,0,0,0,0,0,0,0,0,0,0,0,0,0,0,0,0,0,0,0,0,150.25,0,0,0
"MtrElec",11,10,24,"",151.175,0,0,0,0,0,0,0,0,0,0,0,0,0,0,0,0,0,0,0,0,151.175,0,0,0
"MtrElec",11,11,1,"",90.7459,0,0,0,0,0,0,0,0,0,0,0,0,0,0,0,0,0,0,0,0,90.7459,0,0,0
"MtrElec",11,11,2,"",80.2576,0,0,0,0,0,0,0,0,0,0,0,0,0,0,0,0,0,0,0,0,80.2576,0,0,0
"MtrElec",11,11,3,"",76.9823,0,0,0,0,0,0,0,0,0,0,0,0,0,0,0,0,0,0,0,0,76.9823,0,0,0
"MtrElec",11,11,4,"",77.2897,0,0,0,0,0,0,0,0,0,0,0,0,0,0,0,0,0,0,0,0,77.2897,0,0,0
"MtrElec",11,11,5,"",76.0293,0,0,0,0,0,0,0,0,0,0,0,0,0,0,0,0,0,0,0,0,76.0293,0,0,0
"MtrElec",11,11,6,"",81.7634,0,0,0,0,0,0,0,0,0,0,0,0,0,0,0,0,0,0,0,0,81.7634,0,0,0
"MtrElec",11,11,7,"",78.7815,0,0,0,0,0,0,0,0,0,0,0,0,0,0,0,0,0,0,0,0,95.657,0,0,-16.8755
"MtrElec",11,11,8,"",0,0,0,0,0,0,0,0,0,0,0,0,0,0,0,0,0,0,0,0,0,114.802,0,25.8483,-140.651
"MtrElec",11,11,9,"",42.6608,0,0,0,0,0,0,0,0,0,0,0,0,0,0,0,0,0,0,0,0,151.189,0,0,-108.528
"MtrElec",11,11,10,"",179.874,0,0,0,0,0,0,0,0,0,0,0,0,0,0,0,0,0,0,0,0,234.869,0,0,-54.995
"MtrElec",11,11,11,"",102.594,0,0,0,0,0,0,0,0,0,0,0,0,0,0,0,0,0,0,0,0,196.125,0,0,-93.5306
"MtrElec",11,11,12,"",56.632,0,0,0,0,0,0,0,0,0,0,0,0,0,0,0,0,0,0,0,0,171.482,0,0,-114.849
"MtrElec",11,11,13,"",70.0763,0,0,0,0,0,0,0,0,0,0,0,0,0,0,0,0,0,0,0,0,188.268,0,0,-118.191
"MtrElec",11,11,14,"",77.6293,0,0,0,0,0,0,0,0,0,0,0,0,0,0,0,0,0,0,0,0,187.985,0,0,-110.356
"MtrElec",11,11,15,"",27.5244,0,0,0,0,0,0,0,0,0,0,0,0,0,0,0,0,0,0,0,0,162.159,0,0,-134.634
"MtrElec",11,11,16,"",5.87272,0,0,0,0,0,0,0,0,0,0,0,0,0,0,0,0,0,0,0,0,142.721,0,0,-136.848
"MtrElec",11,11,17,"",116.297,0,0,0,0,0,0,0,0,0,0,0,0,0,0,0,0,0,0,0,0,158.215,0,0,-41.9184
"MtrElec",11,11,18,"",174.674,0,0,0,0,0,0,0,0,0,0,0,0,0,0,0,0,0,0,0,0,174.674,0,0,0
"MtrElec",11,11,19,"",189.923,0,0,0,0,0,0,0,0,0,0,0,0,0,0,0,0,0,0,0,0,213.252,0,-23.3281,0
"MtrElec",11,11,20,"",176.203,0,0,0,0,0,0,0,0,0,0,0,0,0,0,0,0,0,0,0,0,176.203,0,0,0
"MtrElec",11,11,21,"",163.654,0,0,0,0,0,0,0,0,0,0,0,0,0,0,0,0,0,0,0,0,163.654,0,0,0
"MtrElec",11,11,22,"",147.99,0,0,0,0,0,0,0,0,0,0,0,0,0,0,0,0,0,0,0,0,147.99,0,0,0
"MtrElec",11,11,23,"",134.357,0,0,0,0,0,0,0,0,0,0,0,0,0,0,0,0,0,0,0,0,134.357,0,0,0
"MtrElec",11,11,24,"",123.996,0,0,0,0,0,0,0,0,0,0,0,0,0,0,0,0,0,0,0,0,123.996,0,0,0
"MtrElec",11,12,1,"",84.5313,0,0,0,0,0,0,0,0,0,0,0,0,0,0,0,0,0,0,0,0,84.5313,0,0,0
"MtrElec",11,12,2,"",79.5295,0,0,0,0,0,0,0,0,0,0,0,0,0,0,0,0,0,0,0,0,79.5295,0,0,0
"MtrElec",11,12,3,"",76.8073,0,0,0,0,0,0,0,0,0,0,0,0,0,0,0,0,0,0,0,0,76.8073,0,0,0
"MtrElec",11,12,4,"",80.186,0,0,0,0,0,0,0,0,0,0,0,0,0,0,0,0,0,0,0,0,80.186,0,0,0
"MtrElec",11,12,5,"",79.0583,0,0,0,0,0,0,0,0,0,0,0,0,0,0,0,0,0,0,0,0,79.0583,0,0,0
"MtrElec",11,12,6,"",86.7663,0,0,0,0,0,0,0,0,0,0,0,0,0,0,0,0,0,0,0,0,86.7663,0,0,0
"MtrElec",11,12,7,"",67.9753,0,0,0,0,0,0,0,0,0,0,0,0,0,0,0,0,0,0,0,0,98.4604,0,0,-30.4851
"MtrElec",11,12,8,"",0,0,0,0,0,0,0,0,0,0,0,0,0,0,0,0,0,0,0,0,0,122.312,0,43.1423,-165.454
"MtrElec",11,12,9,"",0,0,0,0,0,0,0,0,0,0,0,0,0,0,0,0,0,0,0,0,0,126.329,0,176.711,-303.04
"MtrElec",11,12,10,"",-34.4375,0,0,0,0,0,0,0,0,0,0,0,0,0,0,0,0,0,0,0,0,142.894,0,224.226,-401.558
"MtrElec",11,12,11,"",-181.521,0,0,0,0,0,0,0,0,0,0,0,0,0,0,0,0,0,0,0,0,157.958,0,117.667,-457.146
"MtrElec",11,12,12,"",-363.362,0,0,0,0,0,0,0,0,0,0,0,0,0,0,0,0,0,0,0,0,120.438,0,0,-483.799
"MtrElec",11,12,13,"",-356.959,0,0,0,0,0,0,0,0,0,0,0,0,0,0,0,0,0,0,0,0,114.482,0,0,-471.442
"MtrElec",11,12,14,"",-318.282,0,0,0,0,0,0,0,0,0,0,0,0,0,0,0,0,0,0,0,0,96.6533,0,0,-414.936
"MtrElec",11,12,15,"",-202.746,0,0,0,0,0,0,0,0,0,0,0,0,0,0,0,0,0,0,0,0,117.099,0,0,-319.844
"MtrElec",11,12,16,"",-77.9788,0,0,0,0,0,0,0,0,0,0,0,0,0,0,0,0,0,0,0,0,109.007,0,0,-186.985
"MtrElec",11,12,17,"",93.3484,0,0,0,0,0,0,0,0,0,0,0,0,0,0,0,0,0,0,0,0,135.008,0,0,-41.6597
"MtrElec",11,12,18,"",154.173,0,0,0,0,0,0,0,0,0,0,0,0,0,0,0,0,0,0,0,0,154.173,0,0,0
"MtrElec",11,12,19,"",-45.8702,0,0,0,0,0,0,0,0,0,0,0,0,0,0,0,0,0,0,0,0,178.356,0,-224.226,0
"MtrElec",11,12,20,"",-37.4569,0,0,0,0,0,0,0,0,0,0,0,0,0,0,0,0,0,0,0,0,186.77,0,-224.226,0
"MtrElec",11,12,21,"",139.484,0,0,0,0,0,0,0,0,0,0,0,0,0,0,0,0,0,0,0,0,198.008,0,-58.5231,0
"MtrElec",11,12,22,"",158.63,0,0,0,0,0,0,0,0,0,0,0,0,0,0,0,0,0,0,0,0,158.63,0,0,0
"MtrElec",11,12,23,"",143.821,0,0,0,0,0,0,0,0,0,0,0,0,0,0,0,0,0,0,0,0,143.821,0,0,0
"MtrElec",11,12,24,"",138.075,0,0,0,0,0,0,0,0,0,0,0,0,0,0,0,0,0,0,0,0,138.075,0,0,0
"MtrElec",11,13,1,"",92.2025,0,0,0,0,0,0,0,0,0,0,0,0,0,0,0,0,0,0,0,0,92.2025,0,0,0
"MtrElec",11,13,2,"",79.7175,0,0,0,0,0,0,0,0,0,0,0,0,0,0,0,0,0,0,0,0,79.7175,0,0,0
"MtrElec",11,13,3,"",76.9994,0,0,0,0,0,0,0,0,0,0,0,0,0,0,0,0,0,0,0,0,76.9994,0,0,0
"MtrElec",11,13,4,"",80.3709,0,0,0,0,0,0,0,0,0,0,0,0,0,0,0,0,0,0,0,0,80.3709,0,0,0
"MtrElec",11,13,5,"",79.2599,0,0,0,0,0,0,0,0,0,0,0,0,0,0,0,0,0,0,0,0,79.2599,0,0,0
"MtrElec",11,13,6,"",87.0062,0,0,0,0,0,0,0,0,0,0,0,0,0,0,0,0,0,0,0,0,87.0062,0,0,0
"MtrElec",11,13,7,"",79.704,0,0,0,0,0,0,0,0,0,0,0,0,0,0,0,0,0,0,0,0,98.039,0,0,-18.335
"MtrElec",11,13,8,"",0,0,0,0,0,0,0,0,0,0,0,0,0,0,0,0,0,0,0,0,0,119.24,0,39.6619,-158.901
"MtrElec",11,13,9,"",0.0000156,0,0,0,0,0,0,0,0,0,0,0,0,0,0,0,0,0,0,0,0,131.178,0,162.217,-293.396
"MtrElec",11,13,10,"",-1.28914,0,0,0,0,0,0,0,0,0,0,0,0,0,0,0,0,0,0,0,0,163.31,0,224.226,-388.826
"MtrElec",11,13,11,"",-146.4,0,0,0,0,0,0,0,0,0,0,0,0,0,0,0,0,0,0,0,0,158.472,0,135.64,-440.513
"MtrElec",11,13,12,"",-328.694,0,0,0,0,0,0,0,0,0,0,0,0,0,0,0,0,0,0,0,0,137.357,0,0,-466.051
"MtrElec",11,13,13,"",-270.565,0,0,0,0,0,0,0,0,0,0,0,0,0,0,0,0,0,0,0,0,188.877,0,0,-459.441
"MtrElec",11,13,14,"",-297.144,0,0,0,0,0,0,0,0,0,0,0,0,0,0,0,0,0,0,0,0,109.241,0,0,-406.385
"MtrElec",11,13,15,"",-174.76,0,0,0,0,0,0,0,0,0,0,0,0,0,0,0,0,0,0,0,0,137.928,0,0,-312.688
"MtrElec",11,13,16,"",-3.37386,0,0,0,0,0,0,0,0,0,0,0,0,0,0,0,0,0,0,0,0,139.176,0,0,-142.55
"MtrElec",11,13,17,"",170.301,0,0,0,0,0,0,0,0,0,0,0,0,0,0,0,0,0,0,0,0,189.696,0,0,-19.3954
"MtrElec",11,13,18,"",157.332,0,0,0,0,0,0,0,0,0,0,0,0,0,0,0,0,0,0,0,0,157.332,0,0,0
"MtrElec",11,13,19,"",-47.2787,0,0,0,0,0,0,0,0,0,0,0,0,0,0,0,0,0,0,0,0,176.948,0,-224.226,0
"MtrElec",11,13,20,"",-40.654,0,0,0,0,0,0,0,0,0,0,0,0,0,0,0,0,0,0,0,0,183.572,0,-224.226,0
"MtrElec",11,13,21,"",149.89,0,0,0,0,0,0,0,0,0,0,0,0,0,0,0,0,0,0,0,0,208.414,0,-58.5231,0
"MtrElec",11,13,22,"",146.963,0,0,0,0,0,0,0,0,0,0,0,0,0,0,0,0,0,0,0,0,146.963,0,0,0
"MtrElec",11,13,23,"",128.107,0,0,0,0,0,0,0,0,0,0,0,0,0,0,0,0,0,0,0,0,128.107,0,0,0
"MtrElec",11,13,24,"",117.393,0,0,0,0,0,0,0,0,0,0,0,0,0,0,0,0,0,0,0,0,117.393,0,0,0
"MtrElec",11,14,1,"",100.554,0,0,0,0,0,0,0,0,0,0,0,0,0,0,0,0,0,0,0,0,100.554,0,0,0
"MtrElec",11,14,2,"",80.6565,0,0,0,0,0,0,0,0,0,0,0,0,0,0,0,0,0,0,0,0,80.6565,0,0,0
"MtrElec",11,14,3,"",80.2904,0,0,0,0,0,0,0,0,0,0,0,0,0,0,0,0,0,0,0,0,80.2904,0,0,0
"MtrElec",11,14,4,"",82.3124,0,0,0,0,0,0,0,0,0,0,0,0,0,0,0,0,0,0,0,0,82.3124,0,0,0
"MtrElec",11,14,5,"",98.7842,0,0,0,0,0,0,0,0,0,0,0,0,0,0,0,0,0,0,0,0,98.7842,0,0,0
"MtrElec",11,14,6,"",82.1527,0,0,0,0,0,0,0,0,0,0,0,0,0,0,0,0,0,0,0,0,82.1527,0,0,0
"MtrElec",11,14,7,"",72.5737,0,0,0,0,0,0,0,0,0,0,0,0,0,0,0,0,0,0,0,0,91.5975,0,0,-19.0238
"MtrElec",11,14,8,"",0,0,0,0,0,0,0,0,0,0,0,0,0,0,0,0,0,0,0,0,0,106.385,0,52.7151,-159.1
"MtrElec",11,14,9,"",0.0000156,0,0,0,0,0,0,0,0,0,0,0,0,0,0,0,0,0,0,0,0,117.727,0,173.231,-290.957
"MtrElec",11,14,10,"",-6.47064,0,0,0,0,0,0,0,0,0,0,0,0,0,0,0,0,0,0,0,0,156.661,0,224.226,-387.358
"MtrElec",11,14,11,"",-148.019,0,0,0,0,0,0,0,0,0,0,0,0,0,0,0,0,0,0,0,0,190.969,0,111.574,-450.562
"MtrElec",11,14,12,"",-274.254,0,0,0,0,0,0,0,0,0,0,0,0,0,0,0,0,0,0,0,0,197.212,0,0,-471.467
"MtrElec",11,14,13,"",-263.092,0,0,0,0,0,0,0,0,0,0,0,0,0,0,0,0,0,0,0,0,189.285,0,0,-452.377
"MtrElec",11,14,14,"",-268.309,0,0,0,0,0,0,0,0,0,0,0,0,0,0,0,0,0,0,0,0,130.313,0,0,-398.622
"MtrElec",11,14,15,"",-166.763,0,0,0,0,0,0,0,0,0,0,0,0,0,0,0,0,0,0,0,0,142.494,0,0,-309.257
"MtrElec",11,14,16,"",-58.8826,0,0,0,0,0,0,0,0,0,0,0,0,0,0,0,0,0,0,0,0,119.247,0,0,-178.13
"MtrElec",11,14,17,"",94.5556,0,0,0,0,0,0,0,0,0,0,0,0,0,0,0,0,0,0,0,0,123.878,0,0,-29.3225
"MtrElec",11,14,18,"",146.261,0,0,0,0,0,0,0,0,0,0,0,0,0,0,0,0,0,0,0,0,146.261,0,0,0
"MtrElec",11,14,19,"",-28.9071,0,0,0,0,0,0,0,0,0,0,0,0,0,0,0,0,0,0,0,0,195.319,0,-224.226,0
"MtrElec",11,14,20,"",-41.0983,0,0,0,0,0,0,0,0,0,0,0,0,0,0,0,0,0,0,0,0,183.128,0,-224.226,0
"MtrElec",11,14,21,"",118.745,0,0,0,0,0,0,0,0,0,0,0,0,0,0,0,0,0,0,0,0,177.268,0,-58.5231,0
"MtrElec",11,14,22,"",185.288,0,0,0,0,0,0,0,0,0,0,0,0,0,0,0,0,0,0,0,0,185.288,0,0,0
"MtrElec",11,14,23,"",146.412,0,0,0,0,0,0,0,0,0,0,0,0,0,0,0,0,0,0,0,0,146.412,0,0,0
"MtrElec",11,14,24,"",130.747,0,0,0,0,0,0,0,0,0,0,0,0,0,0,0,0,0,0,0,0,130.747,0,0,0
"MtrElec",11,15,1,"",93.7342,0,0,0,0,0,0,0,0,0,0,0,0,0,0,0,0,0,0,0,0,93.7342,0,0,0
"MtrElec",11,15,2,"",81.0213,0,0,0,0,0,0,0,0,0,0,0,0,0,0,0,0,0,0,0,0,81.0213,0,0,0
"MtrElec",11,15,3,"",79.1726,0,0,0,0,0,0,0,0,0,0,0,0,0,0,0,0,0,0,0,0,79.1726,0,0,0
"MtrElec",11,15,4,"",79.0726,0,0,0,0,0,0,0,0,0,0,0,0,0,0,0,0,0,0,0,0,79.0726,0,0,0
"MtrElec",11,15,5,"",77.0082,0,0,0,0,0,0,0,0,0,0,0,0,0,0,0,0,0,0,0,0,77.0082,0,0,0
"MtrElec",11,15,6,"",83.3125,0,0,0,0,0,0,0,0,0,0,0,0,0,0,0,0,0,0,0,0,83.3125,0,0,0
"MtrElec",11,15,7,"",78.1882,0,0,0,0,0,0,0,0,0,0,0,0,0,0,0,0,0,0,0,0,94.7036,0,0,-16.5154
"MtrElec",11,15,8,"",0,0,0,0,0,0,0,0,0,0,0,0,0,0,0,0,0,0,0,0,0,125.204,0,28.2855,-153.489
"MtrElec",11,15,9,"",0.0000156,0,0,0,0,0,0,0,0,0,0,0,0,0,0,0,0,0,0,0,0,138.478,0,159.993,-298.472
"MtrElec",11,15,10,"",-21.9963,0,0,0,0,0,0,0,0,0,0,0,0,0,0,0,0,0,0,0,0,163.277,0,224.226,-409.5
"MtrElec",11,15,11,"",-155.673,0,0,0,0,0,0,0,0,0,0,0,0,0,0,0,0,0,0,0,0,170.459,0,149.241,-475.374
"MtrElec",11,15,12,"",-269.576,0,0,0,0,0,0,0,0,0,0,0,0,0,0,0,0,0,0,0,0,232.646,0,0,-502.222
"MtrElec",11,15,13,"",-288.977,0,0,0,0,0,0,0,0,0,0,0,0,0,0,0,0,0,0,0,0,198.868,0,0,-487.845
"MtrElec",11,15,14,"",-265.649,0,0,0,0,0,0,0,0,0,0,0,0,0,0,0,0,0,0,0,0,163.265,0,0,-428.914
"MtrElec",11,15,15,"",-149.012,0,0,0,0,0,0,0,0,0,0,0,0,0,0,0,0,0,0,0,0,183.536,0,0,-332.548
"MtrElec",11,15,16,"",-34.2388,0,0,0,0,0,0,0,0,0,0,0,0,0,0,0,0,0,0,0,0,157.913,0,0,-192.152
"MtrElec",11,15,17,"",115.131,0,0,0,0,0,0,0,0,0,0,0,0,0,0,0,0,0,0,0,0,156.291,0,0,-41.1602
"MtrElec",11,15,18,"",169.676,0,0,0,0,0,0,0,0,0,0,0,0,0,0,0,0,0,0,0,0,169.676,0,0,0
"MtrElec",11,15,19,"",2.89373,0,0,0,0,0,0,0,0,0,0,0,0,0,0,0,0,0,0,0,0,227.12,0,-224.226,0
"MtrElec",11,15,20,"",-2.55444,0,0,0,0,0,0,0,0,0,0,0,0,0,0,0,0,0,0,0,0,221.672,0,-224.226,0
"MtrElec",11,15,21,"",105.138,0,0,0,0,0,0,0,0,0,0,0,0,0,0,0,0,0,0,0,0,163.661,0,-58.5231,0
"MtrElec",11,15,22,"",145.257,0,0,0,0,0,0,0,0,0,0,0,0,0,0,0,0,0,0,0,0,145.257,0,0,0
"MtrElec",11,15,23,"",130.894,0,0,0,0,0,0,0,0,0,0,0,0,0,0,0,0,0,0,0,0,130.894,0,0,0
"MtrElec",11,15,24,"",148.691,0,0,0,0,0,0,0,0,0,0,0,0,0,0,0,0,0,0,0,0,148.691,0,0,0
"MtrElec",11,16,1,"",101.457,0,0,0,0,0,0,0,0,0,0,0,0,0,0,0,0,0,0,0,0,101.457,0,0,0
"MtrElec",11,16,2,"",80.9636,0,0,0,0,0,0,0,0,0,0,0,0,0,0,0,0,0,0,0,0,80.9636,0,0,0
"MtrElec",11,16,3,"",78.1656,0,0,0,0,0,0,0,0,0,0,0,0,0,0,0,0,0,0,0,0,78.1656,0,0,0
"MtrElec",11,16,4,"",78.3874,0,0,0,0,0,0,0,0,0,0,0,0,0,0,0,0,0,0,0,0,78.3874,0,0,0
"MtrElec",11,16,5,"",77.3843,0,0,0,0,0,0,0,0,0,0,0,0,0,0,0,0,0,0,0,0,77.3843,0,0,0
"MtrElec",11,16,6,"",86.0914,0,0,0,0,0,0,0,0,0,0,0,0,0,0,0,0,0,0,0,0,86.0914,0,0,0
"MtrElec",11,16,7,"",81.897,0,0,0,0,0,0,0,0,0,0,0,0,0,0,0,0,0,0,0,0,102.714,0,0,-20.8166
"MtrElec",11,16,8,"",0,0,0,0,0,0,0,0,0,0,0,0,0,0,0,0,0,0,0,0,0,115.967,0,50.0362,-166.003
"MtrElec",11,16,9,"",0,0,0,0,0,0,0,0,0,0,0,0,0,0,0,0,0,0,0,0,0,128.705,0,182.686,-311.391
"MtrElec",11,16,10,"",-25.0065,0,0,0,0,0,0,0,0,0,0,0,0,0,0,0,0,0,0,0,0,162.097,0,224.226,-411.33
"MtrElec",11,16,11,"",-170.515,0,0,0,0,0,0,0,0,0,0,0,0,0,0,0,0,0,0,0,0,193.613,0,104.798,-468.925
"MtrElec",11,16,12,"",-350.683,0,0,0,0,0,0,0,0,0,0,0,0,0,0,0,0,0,0,0,0,138.297,0,0,-488.98
"MtrElec",11,16,13,"",-334.907,0,0,0,0,0,0,0,0,0,0,0,0,0,0,0,0,0,0,0,0,136.769,0,0,-471.676
"MtrElec",11,16,14,"",-296.033,0,0,0,0,0,0,0,0,0,0,0,0,0,0,0,0,0,0,0,0,119.5,0,0,-415.533
"MtrElec",11,16,15,"",-199.147,0,0,0,0,0,0,0,0,0,0,0,0,0,0,0,0,0,0,0,0,122.612,0,0,-321.759
"MtrElec",11,16,16,"",-49.7662,0,0,0,0,0,0,0,0,0,0,0,0,0,0,0,0,0,0,0,0,139.611,0,0,-189.377
"MtrElec",11,16,17,"",122.055,0,0,0,0,0,0,0,0,0,0,0,0,0,0,0,0,0,0,0,0,163.85,0,0,-41.7955
"MtrElec",11,16,18,"",174.121,0,0,0,0,0,0,0,0,0,0,0,0,0,0,0,0,0,0,0,0,174.121,0,0,0
"MtrElec",11,16,19,"",-25.7734,0,0,0,0,0,0,0,0,0,0,0,0,0,0,0,0,0,0,0,0,198.453,0,-224.226,0
"MtrElec",11,16,20,"",-23.9673,0,0,0,0,0,0,0,0,0,0,0,0,0,0,0,0,0,0,0,0,200.259,0,-224.226,0
"MtrElec",11,16,21,"",144.991,0,0,0,0,0,0,0,0,0,0,0,0,0,0,0,0,0,0,0,0,203.514,0,-58.5231,0
"MtrElec",11,16,22,"",160.361,0,0,0,0,0,0,0,0,0,0,0,0,0,0,0,0,0,0,0,0,160.361,0,0,0
"MtrElec",11,16,23,"",139.905,0,0,0,0,0,0,0,0,0,0,0,0,0,0,0,0,0,0,0,0,139.905,0,0,0
"MtrElec",11,16,24,"",139.048,0,0,0,0,0,0,0,0,0,0,0,0,0,0,0,0,0,0,0,0,139.048,0,0,0
"MtrElec",11,17,1,"",99.138,0,0,0,0,0,0,0,0,0,0,0,0,0,0,0,0,0,0,0,0,99.138,0,0,0
"MtrElec",11,17,2,"",82.4748,0,0,0,0,0,0,0,0,0,0,0,0,0,0,0,0,0,0,0,0,82.4748,0,0,0
"MtrElec",11,17,3,"",78.8314,0,0,0,0,0,0,0,0,0,0,0,0,0,0,0,0,0,0,0,0,78.8314,0,0,0
"MtrElec",11,17,4,"",78.281,0,0,0,0,0,0,0,0,0,0,0,0,0,0,0,0,0,0,0,0,78.281,0,0,0
"MtrElec",11,17,5,"",77.27,0,0,0,0,0,0,0,0,0,0,0,0,0,0,0,0,0,0,0,0,77.27,0,0,0
"MtrElec",11,17,6,"",85.9573,0,0,0,0,0,0,0,0,0,0,0,0,0,0,0,0,0,0,0,0,85.9573,0,0,0
"MtrElec",11,17,7,"",82.8075,0,0,0,0,0,0,0,0,0,0,0,0,0,0,0,0,0,0,0,0,101.549,0,0,-18.7412
"MtrElec",11,17,8,"",0.0000039,0,0,0,0,0,0,0,0,0,0,0,0,0,0,0,0,0,0,0,0,104.45,0,56.2498,-160.7
"MtrElec",11,17,9,"",0.0000078,0,0,0,0,0,0,0,0,0,0,0,0,0,0,0,0,0,0,0,0,129.962,0,172.968,-302.929
"MtrElec",11,17,10,"",-28.8299,0,0,0,0,0,0,0,0,0,0,0,0,0,0,0,0,0,0,0,0,151.634,0,224.226,-404.691
"MtrElec",11,17,11,"",-198.293,0,0,0,0,0,0,0,0,0,0,0,0,0,0,0,0,0,0,0,0,160.147,0,108.302,-466.743
"MtrElec",11,17,12,"",-366.603,0,0,0,0,0,0,0,0,0,0,0,0,0,0,0,0,0,0,0,0,121.372,0,0,-487.975
"MtrElec",11,17,13,"",-220.016,0,0,0,0,0,0,0,0,0,0,0,0,0,0,0,0,0,0,0,0,188.989,0,0,-409.005
"MtrElec",11,17,14,"",-257.533,0,0,0,0,0,0,0,0,0,0,0,0,0,0,0,0,0,0,0,0,128.605,0,0,-386.137
"MtrElec",11,17,15,"",-189.18,0,0,0,0,0,0,0,0,0,0,0,0,0,0,0,0,0,0,0,0,127.329,0,0,-316.51
"MtrElec",11,17,16,"",-45.4997,0,0,0,0,0,0,0,0,0,0,0,0,0,0,0,0,0,0,0,0,137.272,0,0,-182.772
"MtrElec",11,17,17,"",108.422,0,0,0,0,0,0,0,0,0,0,0,0,0,0,0,0,0,0,0,0,147.443,0,0,-39.0213
"MtrElec",11,17,18,"",181.861,0,0,0,0,0,0,0,0,0,0,0,0,0,0,0,0,0,0,0,0,181.861,0,0,0
"MtrElec",11,17,19,"",-24.012,0,0,0,0,0,0,0,0,0,0,0,0,0,0,0,0,0,0,0,0,200.214,0,-224.226,0
"MtrElec",11,17,20,"",-10.5846,0,0,0,0,0,0,0,0,0,0,0,0,0,0,0,0,0,0,0,0,213.642,0,-224.226,0
"MtrElec",11,17,21,"",169.04,0,0,0,0,0,0,0,0,0,0,0,0,0,0,0,0,0,0,0,0,227.563,0,-58.5231,0
"MtrElec",11,17,22,"",180.528,0,0,0,0,0,0,0,0,0,0,0,0,0,0,0,0,0,0,0,0,180.528,0,0,0
"MtrElec",11,17,23,"",150.259,0,0,0,0,0,0,0,0,0,0,0,0,0,0,0,0,0,0,0,0,150.259,0,0,0
"MtrElec",11,17,24,"",119.61,0,0,0,0,0,0,0,0,0,0,0,0,0,0,0,0,0,0,0,0,119.61,0,0,0
"MtrElec",11,18,1,"",107.857,0,0,0,0,0,0,0,0,0,0,0,0,0,0,0,0,0,0,0,0,107.857,0,0,0
"MtrElec",11,18,2,"",87.3815,0,0,0,0,0,0,0,0,0,0,0,0,0,0,0,0,0,0,0,0,87.3815,0,0,0
"MtrElec",11,18,3,"",83.2617,0,0,0,0,0,0,0,0,0,0,0,0,0,0,0,0,0,0,0,0,83.2617,0,0,0
"MtrElec",11,18,4,"",83.8653,0,0,0,0,0,0,0,0,0,0,0,0,0,0,0,0,0,0,0,0,83.8653,0,0,0
"MtrElec",11,18,5,"",82.5673,0,0,0,0,0,0,0,0,0,0,0,0,0,0,0,0,0,0,0,0,82.5673,0,0,0
"MtrElec",11,18,6,"",93.3561,0,0,0,0,0,0,0,0,0,0,0,0,0,0,0,0,0,0,0,0,93.3561,0,0,0
"MtrElec",11,18,7,"",106.019,0,0,0,0,0,0,0,0,0,0,0,0,0,0,0,0,0,0,0,0,109.484,0,0,-3.46452
"MtrElec",11,18,8,"",79.0338,0,0,0,0,0,0,0,0,0,0,0,0,0,0,0,0,0,0,0,0,149.235,0,0,-70.2013
"MtrElec",11,18,9,"",0,0,0,0,0,0,0,0,0,0,0,0,0,0,0,0,0,0,0,0,0,163.87,0,104.956,-268.826
"MtrElec",11,18,10,"",0,0,0,0,0,0,0,0,0,0,0,0,0,0,0,0,0,0,0,0,0,219.195,0,183.115,-402.311
"MtrElec",11,18,11,"",-41.5662,0,0,0,0,0,0,0,0,0,0,0,0,0,0,0,0,0,0,0,0,192.318,0,224.226,-458.111
"MtrElec",11,18,12,"",-251.308,0,0,0,0,0,0,0,0,0,0,0,0,0,0,0,0,0,0,0,0,177.467,0,49.4484,-478.224
"MtrElec",11,18,13,"",-229.525,0,0,0,0,0,0,0,0,0,0,0,0,0,0,0,0,0,0,0,0,238.161,0,0,-467.685
"MtrElec",11,18,14,"",-245.248,0,0,0,0,0,0,0,0,0,0,0,0,0,0,0,0,0,0,0,0,168.208,0,0,-413.456
"MtrElec",11,18,15,"",-127.085,0,0,0,0,0,0,0,0,0,0,0,0,0,0,0,0,0,0,0,0,189.457,0,0,-316.542
"MtrElec",11,18,16,"",-15.7262,0,0,0,0,0,0,0,0,0,0,0,0,0,0,0,0,0,0,0,0,167.815,0,0,-183.541
"MtrElec",11,18,17,"",132.268,0,0,0,0,0,0,0,0,0,0,0,0,0,0,0,0,0,0,0,0,170.985,0,0,-38.717
"MtrElec",11,18,18,"",193.598,0,0,0,0,0,0,0,0,0,0,0,0,0,0,0,0,0,0,0,0,193.598,0,0,0
"MtrElec",11,18,19,"",1.40228,0,0,0,0,0,0,0,0,0,0,0,0,0,0,0,0,0,0,0,0,225.629,0,-224.226,0
"MtrElec",11,18,20,"",-9.18353,0,0,0,0,0,0,0,0,0,0,0,0,0,0,0,0,0,0,0,0,215.043,0,-224.226,0
"MtrElec",11,18,21,"",140.678,0,0,0,0,0,0,0,0,0,0,0,0,0,0,0,0,0,0,0,0,199.201,0,-58.5231,0
"MtrElec",11,18,22,"",145.356,0,0,0,0,0,0,0,0,0,0,0,0,0,0,0,0,0,0,0,0,145.356,0,0,0
"MtrElec",11,18,23,"",155.74,0,0,0,0,0,0,0,0,0,0,0,0,0,0,0,0,0,0,0,0,155.74,0,0,0
"MtrElec",11,18,24,"",121.873,0,0,0,0,0,0,0,0,0,0,0,0,0,0,0,0,0,0,0,0,121.873,0,0,0
"MtrElec",11,19,1,"",94.0051,0,0,0,0,0,0,0,0,0,0,0,0,0,0,0,0,0,0,0,0,94.0051,0,0,0
"MtrElec",11,19,2,"",81.0567,0,0,0,0,0,0,0,0,0,0,0,0,0,0,0,0,0,0,0,0,81.0567,0,0,0
"MtrElec",11,19,3,"",78.2851,0,0,0,0,0,0,0,0,0,0,0,0,0,0,0,0,0,0,0,0,78.2851,0,0,0
"MtrElec",11,19,4,"",81.6088,0,0,0,0,0,0,0,0,0,0,0,0,0,0,0,0,0,0,0,0,81.6088,0,0,0
"MtrElec",11,19,5,"",77.5105,0,0,0,0,0,0,0,0,0,0,0,0,0,0,0,0,0,0,0,0,77.5105,0,0,0
"MtrElec",11,19,6,"",85.4946,0,0,0,0,0,0,0,0,0,0,0,0,0,0,0,0,0,0,0,0,85.4946,0,0,0
"MtrElec",11,19,7,"",77.0173,0,0,0,0,0,0,0,0,0,0,0,0,0,0,0,0,0,0,0,0,96.2244,0,0,-19.207
"MtrElec",11,19,8,"",0,0,0,0,0,0,0,0,0,0,0,0,0,0,0,0,0,0,0,0,0,120.061,0,43.8808,-163.942
"MtrElec",11,19,9,"",0.0000078,0,0,0,0,0,0,0,0,0,0,0,0,0,0,0,0,0,0,0,0,121.578,0,181.694,-303.272
"MtrElec",11,19,10,"",-35.129,0,0,0,0,0,0,0,0,0,0,0,0,0,0,0,0,0,0,0,0,139.042,0,224.226,-398.398
"MtrElec",11,19,11,"",-165.041,0,0,0,0,0,0,0,0,0,0,0,0,0,0,0,0,0,0,0,0,176.723,0,111.945,-453.709
"MtrElec",11,19,12,"",-333.4,0,0,0,0,0,0,0,0,0,0,0,0,0,0,0,0,0,0,0,0,150.907,0,0,-484.307
"MtrElec",11,19,13,"",-290.084,0,0,0,0,0,0,0,0,0,0,0,0,0,0,0,0,0,0,0,0,183.72,0,0,-473.804
"MtrElec",11,19,14,"",-289.538,0,0,0,0,0,0,0,0,0,0,0,0,0,0,0,0,0,0,0,0,124.776,0,0,-414.313
"MtrElec",11,19,15,"",-167.197,0,0,0,0,0,0,0,0,0,0,0,0,0,0,0,0,0,0,0,0,151.308,0,0,-318.505
"MtrElec",11,19,16,"",-43.1987,0,0,0,0,0,0,0,0,0,0,0,0,0,0,0,0,0,0,0,0,143.07,0,0,-186.269
"MtrElec",11,19,17,"",113.674,0,0,0,0,0,0,0,0,0,0,0,0,0,0,0,0,0,0,0,0,153.153,0,0,-39.4794
"MtrElec",11,19,18,"",167.635,0,0,0,0,0,0,0,0,0,0,0,0,0,0,0,0,0,0,0,0,167.635,0,0,0
"MtrElec",11,19,19,"",-40.1422,0,0,0,0,0,0,0,0,0,0,0,0,0,0,0,0,0,0,0,0,184.084,0,-224.226,0
"MtrElec",11,19,20,"",-23.7674,0,0,0,0,0,0,0,0,0,0,0,0,0,0,0,0,0,0,0,0,200.459,0,-224.226,0
"MtrElec",11,19,21,"",138.468,0,0,0,0,0,0,0,0,0,0,0,0,0,0,0,0,0,0,0,0,196.991,0,-58.5231,0
"MtrElec",11,19,22,"",146.849,0,0,0,0,0,0,0,0,0,0,0,0,0,0,0,0,0,0,0,0,146.849,0,0,0
"MtrElec",11,19,23,"",154.862,0,0,0,0,0,0,0,0,0,0,0,0,0,0,0,0,0,0,0,0,154.862,0,0,0
"MtrElec",11,19,24,"",136.101,0,0,0,0,0,0,0,0,0,0,0,0,0,0,0,0,0,0,0,0,136.101,0,0,0
"MtrElec",11,20,1,"",93.696,0,0,0,0,0,0,0,0,0,0,0,0,0,0,0,0,0,0,0,0,93.696,0,0,0
"MtrElec",11,20,2,"",82.7826,0,0,0,0,0,0,0,0,0,0,0,0,0,0,0,0,0,0,0,0,82.7826,0,0,0
"MtrElec",11,20,3,"",78.9791,0,0,0,0,0,0,0,0,0,0,0,0,0,0,0,0,0,0,0,0,78.9791,0,0,0
"MtrElec",11,20,4,"",78.4222,0,0,0,0,0,0,0,0,0,0,0,0,0,0,0,0,0,0,0,0,78.4222,0,0,0
"MtrElec",11,20,5,"",77.4228,0,0,0,0,0,0,0,0,0,0,0,0,0,0,0,0,0,0,0,0,77.4228,0,0,0
"MtrElec",11,20,6,"",86.8932,0,0,0,0,0,0,0,0,0,0,0,0,0,0,0,0,0,0,0,0,86.8932,0,0,0
"MtrElec",11,20,7,"",92.9501,0,0,0,0,0,0,0,0,0,0,0,0,0,0,0,0,0,0,0,0,109.024,0,0,-16.0736
"MtrElec",11,20,8,"",0,0,0,0,0,0,0,0,0,0,0,0,0,0,0,0,0,0,0,0,0,120.391,0,29.0074,-149.399
"MtrElec",11,20,9,"",0,0,0,0,0,0,0,0,0,0,0,0,0,0,0,0,0,0,0,0,0,144.609,0,144.148,-288.758
"MtrElec",11,20,10,"",-11.8637,0,0,0,0,0,0,0,0,0,0,0,0,0,0,0,0,0,0,0,0,151.89,0,224.226,-387.98
"MtrElec",11,20,11,"",-140.578,0,0,0,0,0,0,0,0,0,0,0,0,0,0,0,0,0,0,0,0,147.57,0,164.364,-452.511
"MtrElec",11,20,12,"",-312.736,0,0,0,0,0,0,0,0,0,0,0,0,0,0,0,0,0,0,0,0,162.154,0,0,-474.89
"MtrElec",11,20,13,"",-283.323,0,0,0,0,0,0,0,0,0,0,0,0,0,0,0,0,0,0,0,0,172.67,0,0,-455.993
"MtrElec",11,20,14,"",-262.276,0,0,0,0,0,0,0,0,0,0,0,0,0,0,0,0,0,0,0,0,143.44,0,0,-405.716
"MtrElec",11,20,15,"",-157.469,0,0,0,0,0,0,0,0,0,0,0,0,0,0,0,0,0,0,0,0,155.89,0,0,-313.359
"MtrElec",11,20,16,"",-26.7641,0,0,0,0,0,0,0,0,0,0,0,0,0,0,0,0,0,0,0,0,155.603,0,0,-182.367
"MtrElec",11,20,17,"",133.145,0,0,0,0,0,0,0,0,0,0,0,0,0,0,0,0,0,0,0,0,170.797,0,0,-37.652
"MtrElec",11,20,18,"",178.991,0,0,0,0,0,0,0,0,0,0,0,0,0,0,0,0,0,0,0,0,178.991,0,0,0
"MtrElec",11,20,19,"",-15.596,0,0,0,0,0,0,0,0,0,0,0,0,0,0,0,0,0,0,0,0,208.631,0,-224.226,0
"MtrElec",11,20,20,"",-28.0667,0,0,0,0,0,0,0,0,0,0,0,0,0,0,0,0,0,0,0,0,196.16,0,-224.226,0
"MtrElec",11,20,21,"",148.742,0,0,0,0,0,0,0,0,0,0,0,0,0,0,0,0,0,0,0,0,207.265,0,-58.5231,0
"MtrElec",11,20,22,"",158.248,0,0,0,0,0,0,0,0,0,0,0,0,0,0,0,0,0,0,0,0,158.248,0,0,0
"MtrElec",11,20,23,"",161.249,0,0,0,0,0,0,0,0,0,0,0,0,0,0,0,0,0,0,0,0,161.249,0,0,0
"MtrElec",11,20,24,"",121.804,0,0,0,0,0,0,0,0,0,0,0,0,0,0,0,0,0,0,0,0,121.804,0,0,0
"MtrElec",11,21,1,"",94.2917,0,0,0,0,0,0,0,0,0,0,0,0,0,0,0,0,0,0,0,0,94.2917,0,0,0
"MtrElec",11,21,2,"",81.5362,0,0,0,0,0,0,0,0,0,0,0,0,0,0,0,0,0,0,0,0,81.5362,0,0,0
"MtrElec",11,21,3,"",79.7154,0,0,0,0,0,0,0,0,0,0,0,0,0,0,0,0,0,0,0,0,79.7154,0,0,0
"MtrElec",11,21,4,"",81.3638,0,0,0,0,0,0,0,0,0,0,0,0,0,0,0,0,0,0,0,0,81.3638,0,0,0
"MtrElec",11,21,5,"",92.3503,0,0,0,0,0,0,0,0,0,0,0,0,0,0,0,0,0,0,0,0,92.3503,0,0,0
"MtrElec",11,21,6,"",83.0409,0,0,0,0,0,0,0,0,0,0,0,0,0,0,0,0,0,0,0,0,83.0409,0,0,0
"MtrElec",11,21,7,"",78.3043,0,0,0,0,0,0,0,0,0,0,0,0,0,0,0,0,0,0,0,0,92.7362,0,0,-14.4318
"MtrElec",11,21,8,"",0,0,0,0,0,0,0,0,0,0,0,0,0,0,0,0,0,0,0,0,0,108.669,0,35.9041,-144.573
"MtrElec",11,21,9,"",0.0000156,0,0,0,0,0,0,0,0,0,0,0,0,0,0,0,0,0,0,0,0,116.631,0,164.253,-280.884
"MtrElec",11,21,10,"",-40.5901,0,0,0,0,0,0,0,0,0,0,0,0,0,0,0,0,0,0,0,0,117.477,0,224.226,-382.293
"MtrElec",11,21,11,"",-131.822,0,0,0,0,0,0,0,0,0,0,0,0,0,0,0,0,0,0,0,0,168.082,0,137.363,-437.267
"MtrElec",11,21,12,"",-220.59,0,0,0,0,0,0,0,0,0,0,0,0,0,0,0,0,0,0,0,0,237.511,0,0,-458.101
"MtrElec",11,21,13,"",-273.972,0,0,0,0,0,0,0,0,0,0,0,0,0,0,0,0,0,0,0,0,172.652,0,0,-446.624
"MtrElec",11,21,14,"",-214.092,0,0,0,0,0,0,0,0,0,0,0,0,0,0,0,0,0,0,0,0,173.22,0,0,-387.312
"MtrElec",11,21,15,"",-111.914,0,0,0,0,0,0,0,0,0,0,0,0,0,0,0,0,0,0,0,0,187.655,0,0,-299.569
"MtrElec",11,21,16,"",-23.1048,0,0,0,0,0,0,0,0,0,0,0,0,0,0,0,0,0,0,0,0,151.691,0,0,-174.796
"MtrElec",11,21,17,"",119.384,0,0,0,0,0,0,0,0,0,0,0,0,0,0,0,0,0,0,0,0,148.132,0,0,-28.7487
"MtrElec",11,21,18,"",189.004,0,0,0,0,0,0,0,0,0,0,0,0,0,0,0,0,0,0,0,0,189.004,0,0,0
"MtrElec",11,21,19,"",4.78647,0,0,0,0,0,0,0,0,0,0,0,0,0,0,0,0,0,0,0,0,229.013,0,-224.226,0
"MtrElec",11,21,20,"",-17.5815,0,0,0,0,0,0,0,0,0,0,0,0,0,0,0,0,0,0,0,0,206.645,0,-224.226,0
"MtrElec",11,21,21,"",109.976,0,0,0,0,0,0,0,0,0,0,0,0,0,0,0,0,0,0,0,0,168.499,0,-58.5231,0
"MtrElec",11,21,22,"",160.517,0,0,0,0,0,0,0,0,0,0,0,0,0,0,0,0,0,0,0,0,160.517,0,0,0
"MtrElec",11,21,23,"",131.085,0,0,0,0,0,0,0,0,0,0,0,0,0,0,0,0,0,0,0,0,131.085,0,0,0
"MtrElec",11,21,24,"",119.064,0,0,0,0,0,0,0,0,0,0,0,0,0,0,0,0,0,0,0,0,119.064,0,0,0
"MtrElec",11,22,1,"",86.7905,0,0,0,0,0,0,0,0,0,0,0,0,0,0,0,0,0,0,0,0,86.7905,0,0,0
"MtrElec",11,22,2,"",81.5358,0,0,0,0,0,0,0,0,0,0,0,0,0,0,0,0,0,0,0,0,81.5358,0,0,0
"MtrElec",11,22,3,"",79.6455,0,0,0,0,0,0,0,0,0,0,0,0,0,0,0,0,0,0,0,0,79.6455,0,0,0
"MtrElec",11,22,4,"",83.998,0,0,0,0,0,0,0,0,0,0,0,0,0,0,0,0,0,0,0,0,83.998,0,0,0
"MtrElec",11,22,5,"",114.926,0,0,0,0,0,0,0,0,0,0,0,0,0,0,0,0,0,0,0,0,114.926,0,0,0
"MtrElec",11,22,6,"",83.116,0,0,0,0,0,0,0,0,0,0,0,0,0,0,0,0,0,0,0,0,83.116,0,0,0
"MtrElec",11,22,7,"",79.7978,0,0,0,0,0,0,0,0,0,0,0,0,0,0,0,0,0,0,0,0,93.2558,0,0,-13.458
"MtrElec",11,22,8,"",0.0000010,0,0,0,0,0,0,0,0,0,0,0,0,0,0,0,0,0,0,0,0,113.99,0,11.9908,-125.981
"MtrElec",11,22,9,"",-0.0000078,0,0,0,0,0,0,0,0,0,0,0,0,0,0,0,0,0,0,0,0,129.058,0,146.6,-275.658
"MtrElec",11,22,10,"",0,0,0,0,0,0,0,0,0,0,0,0,0,0,0,0,0,0,0,0,0,155.115,0,211.687,-366.802
"MtrElec",11,22,11,"",0.0000156,0,0,0,0,0,0,0,0,0,0,0,0,0,0,0,0,0,0,0,0,198.7,0,168.173,-366.872
"MtrElec",11,22,12,"",-176.754,0,0,0,0,0,0,0,0,0,0,0,0,0,0,0,0,0,0,0,0,175.306,0,23.2958,-375.356
"MtrElec",11,22,13,"",-188.714,0,0,0,0,0,0,0,0,0,0,0,0,0,0,0,0,0,0,0,0,187.695,0,0,-376.41
"MtrElec",11,22,14,"",-242.139,0,0,0,0,0,0,0,0,0,0,0,0,0,0,0,0,0,0,0,0,151.589,0,0,-393.729
"MtrElec",11,22,15,"",-106.158,0,0,0,0,0,0,0,0,0,0,0,0,0,0,0,0,0,0,0,0,192.063,0,0,-298.221
"MtrElec",11,22,16,"",-6.62573,0,0,0,0,0,0,0,0,0,0,0,0,0,0,0,0,0,0,0,0,163.173,0,0,-169.799
"MtrElec",11,22,17,"",125.097,0,0,0,0,0,0,0,0,0,0,0,0,0,0,0,0,0,0,0,0,158.953,0,0,-33.8558
"MtrElec",11,22,18,"",176.614,0,0,0,0,0,0,0,0,0,0,0,0,0,0,0,0,0,0,0,0,176.614,0,0,0
"MtrElec",11,22,19,"",-23.9428,0,0,0,0,0,0,0,0,0,0,0,0,0,0,0,0,0,0,0,0,200.284,0,-224.226,0
"MtrElec",11,22,20,"",-28.1509,0,0,0,0,0,0,0,0,0,0,0,0,0,0,0,0,0,0,0,0,196.076,0,-224.226,0
"MtrElec",11,22,21,"",136.797,0,0,0,0,0,0,0,0,0,0,0,0,0,0,0,0,0,0,0,0,195.32,0,-58.5231,0
"MtrElec",11,22,22,"",191.69,0,0,0,0,0,0,0,0,0,0,0,0,0,0,0,0,0,0,0,0,191.69,0,0,0
"MtrElec",11,22,23,"",124.378,0,0,0,0,0,0,0,0,0,0,0,0,0,0,0,0,0,0,0,0,124.378,0,0,0
"MtrElec",11,22,24,"",134.826,0,0,0,0,0,0,0,0,0,0,0,0,0,0,0,0,0,0,0,0,134.826,0,0,0
"MtrElec",11,23,1,"",90.3306,0,0,0,0,0,0,0,0,0,0,0,0,0,0,0,0,0,0,0,0,90.3306,0,0,0
"MtrElec",11,23,2,"",86.5674,0,0,0,0,0,0,0,0,0,0,0,0,0,0,0,0,0,0,0,0,86.5674,0,0,0
"MtrElec",11,23,3,"",80.6548,0,0,0,0,0,0,0,0,0,0,0,0,0,0,0,0,0,0,0,0,80.6548,0,0,0
"MtrElec",11,23,4,"",78.497,0,0,0,0,0,0,0,0,0,0,0,0,0,0,0,0,0,0,0,0,78.497,0,0,0
"MtrElec",11,23,5,"",77.5068,0,0,0,0,0,0,0,0,0,0,0,0,0,0,0,0,0,0,0,0,77.5068,0,0,0
"MtrElec",11,23,6,"",87.2122,0,0,0,0,0,0,0,0,0,0,0,0,0,0,0,0,0,0,0,0,87.2122,0,0,0
"MtrElec",11,23,7,"",109.905,0,0,0,0,0,0,0,0,0,0,0,0,0,0,0,0,0,0,0,0,109.905,0,0,0
"MtrElec",11,23,8,"",89.1737,0,0,0,0,0,0,0,0,0,0,0,0,0,0,0,0,0,0,0,0,126.669,0,0,-37.4955
"MtrElec",11,23,9,"",38.6054,0,0,0,0,0,0,0,0,0,0,0,0,0,0,0,0,0,0,0,0,148.098,0,0,-109.492
"MtrElec",11,23,10,"",0,0,0,0,0,0,0,0,0,0,0,0,0,0,0,0,0,0,0,0,0,125.709,0,74.2172,-199.927
"MtrElec",11,23,11,"",0.0000039,0,0,0,0,0,0,0,0,0,0,0,0,0,0,0,0,0,0,0,0,154.247,0,36.9191,-191.166
"MtrElec",11,23,12,"",0,0,0,0,0,0,0,0,0,0,0,0,0,0,0,0,0,0,0,0,0,137.264,0,46.6648,-183.929
"MtrElec",11,23,13,"",0,0,0,0,0,0,0,0,0,0,0,0,0,0,0,0,0,0,0,0,0,161.106,0,67.4811,-228.587
"MtrElec",11,23,14,"",0.0000078,0,0,0,0,0,0,0,0,0,0,0,0,0,0,0,0,0,0,0,0,106.251,0,83.7016,-189.953
"MtrElec",11,23,15,"",0.0000039,0,0,0,0,0,0,0,0,0,0,0,0,0,0,0,0,0,0,0,0,104.875,0,35.121,-139.996
"MtrElec",11,23,16,"",18.8313,0,0,0,0,0,0,0,0,0,0,0,0,0,0,0,0,0,0,0,0,110.397,0,0,-91.5654
"MtrElec",11,23,17,"",124.116,0,0,0,0,0,0,0,0,0,0,0,0,0,0,0,0,0,0,0,0,132.93,0,0,-8.81438
"MtrElec",11,23,18,"",159.673,0,0,0,0,0,0,0,0,0,0,0,0,0,0,0,0,0,0,0,0,159.673,0,0,0
"MtrElec",11,23,19,"",-41.4221,0,0,0,0,0,0,0,0,0,0,0,0,0,0,0,0,0,0,0,0,182.804,0,-224.226,0
"MtrElec",11,23,20,"",82.7158,0,0,0,0,0,0,0,0,0,0,0,0,0,0,0,0,0,0,0,0,169.044,0,-86.3281,0
"MtrElec",11,23,21,"",176.558,0,0,0,0,0,0,0,0,0,0,0,0,0,0,0,0,0,0,0,0,176.558,0,0,0
"MtrElec",11,23,22,"",141.982,0,0,0,0,0,0,0,0,0,0,0,0,0,0,0,0,0,0,0,0,141.982,0,0,0
"MtrElec",11,23,23,"",154.352,0,0,0,0,0,0,0,0,0,0,0,0,0,0,0,0,0,0,0,0,154.352,0,0,0
"MtrElec",11,23,24,"",123.778,0,0,0,0,0,0,0,0,0,0,0,0,0,0,0,0,0,0,0,0,123.778,0,0,0
"MtrElec",11,24,1,"",99.1739,0,0,0,0,0,0,0,0,0,0,0,0,0,0,0,0,0,0,0,0,99.1739,0,0,0
"MtrElec",11,24,2,"",86.062,0,0,0,0,0,0,0,0,0,0,0,0,0,0,0,0,0,0,0,0,86.062,0,0,0
"MtrElec",11,24,3,"",80.404,0,0,0,0,0,0,0,0,0,0,0,0,0,0,0,0,0,0,0,0,80.404,0,0,0
"MtrElec",11,24,4,"",78.3516,0,0,0,0,0,0,0,0,0,0,0,0,0,0,0,0,0,0,0,0,78.3516,0,0,0
"MtrElec",11,24,5,"",77.3539,0,0,0,0,0,0,0,0,0,0,0,0,0,0,0,0,0,0,0,0,77.3539,0,0,0
"MtrElec",11,24,6,"",85.3059,0,0,0,0,0,0,0,0,0,0,0,0,0,0,0,0,0,0,0,0,85.3059,0,0,0
"MtrElec",11,24,7,"",86.8711,0,0,0,0,0,0,0,0,0,0,0,0,0,0,0,0,0,0,0,0,97.3091,0,0,-10.438
"MtrElec",11,24,8,"",0.0000002,0,0,0,0,0,0,0,0,0,0,0,0,0,0,0,0,0,0,0,0,122.285,0,3.11479,-125.399
"MtrElec",11,24,9,"",0.0000078,0,0,0,0,0,0,0,0,0,0,0,0,0,0,0,0,0,0,0,0,128.319,0,141.433,-269.752
"MtrElec",11,24,10,"",-29.7254,0,0,0,0,0,0,0,0,0,0,0,0,0,0,0,0,0,0,0,0,123.57,0,224.226,-377.522
"MtrElec",11,24,11,"",-100.203,0,0,0,0,0,0,0,0,0,0,0,0,0,0,0,0,0,0,0,0,150.745,0,192.972,-443.919
"MtrElec",11,24,12,"",-345.165,0,0,0,0,0,0,0,0,0,0,0,0,0,0,0,0,0,0,0,0,120.554,0,0,-465.719
"MtrElec",11,24,13,"",-322.863,0,0,0,0,0,0,0,0,0,0,0,0,0,0,0,0,0,0,0,0,129.893,0,0,-452.756
"MtrElec",11,24,14,"",-275.446,0,0,0,0,0,0,0,0,0,0,0,0,0,0,0,0,0,0,0,0,126.634,0,0,-402.08
"MtrElec",11,24,15,"",-187.258,0,0,0,0,0,0,0,0,0,0,0,0,0,0,0,0,0,0,0,0,119.756,0,0,-307.013
"MtrElec",11,24,16,"",-39.9293,0,0,0,0,0,0,0,0,0,0,0,0,0,0,0,0,0,0,0,0,135.202,0,0,-175.131
"MtrElec",11,24,17,"",128.667,0,0,0,0,0,0,0,0,0,0,0,0,0,0,0,0,0,0,0,0,162.396,0,0,-33.7292
"MtrElec",11,24,18,"",168.69,0,0,0,0,0,0,0,0,0,0,0,0,0,0,0,0,0,0,0,0,168.69,0,0,0
"MtrElec",11,24,19,"",-47.4084,0,0,0,0,0,0,0,0,0,0,0,0,0,0,0,0,0,0,0,0,176.818,0,-224.226,0
"MtrElec",11,24,20,"",-48.2379,0,0,0,0,0,0,0,0,0,0,0,0,0,0,0,0,0,0,0,0,175.989,0,-224.226,0
"MtrElec",11,24,21,"",122.706,0,0,0,0,0,0,0,0,0,0,0,0,0,0,0,0,0,0,0,0,181.229,0,-58.5231,0
"MtrElec",11,24,22,"",158.713,0,0,0,0,0,0,0,0,0,0,0,0,0,0,0,0,0,0,0,0,158.713,0,0,0
"MtrElec",11,24,23,"",147.256,0,0,0,0,0,0,0,0,0,0,0,0,0,0,0,0,0,0,0,0,147.256,0,0,0
"MtrElec",11,24,24,"",130.177,0,0,0,0,0,0,0,0,0,0,0,0,0,0,0,0,0,0,0,0,130.177,0,0,0
"MtrElec",11,25,1,"",93.8748,0,0,0,0,0,0,0,0,0,0,0,0,0,0,0,0,0,0,0,0,93.8748,0,0,0
"MtrElec",11,25,2,"",80.663,0,0,0,0,0,0,0,0,0,0,0,0,0,0,0,0,0,0,0,0,80.663,0,0,0
"MtrElec",11,25,3,"",77.9469,0,0,0,0,0,0,0,0,0,0,0,0,0,0,0,0,0,0,0,0,77.9469,0,0,0
"MtrElec",11,25,4,"",78.1871,0,0,0,0,0,0,0,0,0,0,0,0,0,0,0,0,0,0,0,0,78.1871,0,0,0
"MtrElec",11,25,5,"",77.1724,0,0,0,0,0,0,0,0,0,0,0,0,0,0,0,0,0,0,0,0,77.1724,0,0,0
"MtrElec",11,25,6,"",85.1076,0,0,0,0,0,0,0,0,0,0,0,0,0,0,0,0,0,0,0,0,85.1076,0,0,0
"MtrElec",11,25,7,"",95.0377,0,0,0,0,0,0,0,0,0,0,0,0,0,0,0,0,0,0,0,0,95.0377,0,0,0
"MtrElec",11,25,8,"",59.7621,0,0,0,0,0,0,0,0,0,0,0,0,0,0,0,0,0,0,0,0,115.403,0,0,-55.6409
"MtrElec",11,25,9,"",19.1968,0,0,0,0,0,0,0,0,0,0,0,0,0,0,0,0,0,0,0,0,150.444,0,0,-131.247
"MtrElec",11,25,10,"",50.7956,0,0,0,0,0,0,0,0,0,0,0,0,0,0,0,0,0,0,0,0,178.745,0,0,-127.949
"MtrElec",11,25,11,"",0,0,0,0,0,0,0,0,0,0,0,0,0,0,0,0,0,0,0,0,0,177.589,0,135.774,-313.363
"MtrElec",11,25,12,"",-54.5736,0,0,0,0,0,0,0,0,0,0,0,0,0,0,0,0,0,0,0,0,155.479,0,224.226,-434.279
"MtrElec",11,25,13,"",-83.0607,0,0,0,0,0,0,0,0,0,0,0,0,0,0,0,0,0,0,0,0,159.295,0,201.746,-444.102
"MtrElec",11,25,14,"",-263.753,0,0,0,0,0,0,0,0,0,0,0,0,0,0,0,0,0,0,0,0,115.965,0,0,-379.718
"MtrElec",11,25,15,"",-150.124,0,0,0,0,0,0,0,0,0,0,0,0,0,0,0,0,0,0,0,0,107.721,0,0,-257.845
"MtrElec",11,25,16,"",-52.0209,0,0,0,0,0,0,0,0,0,0,0,0,0,0,0,0,0,0,0,0,115.506,0,0,-167.527
"MtrElec",11,25,17,"",137.476,0,0,0,0,0,0,0,0,0,0,0,0,0,0,0,0,0,0,0,0,169.548,0,0,-32.072
"MtrElec",11,25,18,"",166.356,0,0,0,0,0,0,0,0,0,0,0,0,0,0,0,0,0,0,0,0,166.356,0,0,0
"MtrElec",11,25,19,"",-44.6128,0,0,0,0,0,0,0,0,0,0,0,0,0,0,0,0,0,0,0,0,179.614,0,-224.226,0
"MtrElec",11,25,20,"",-33.3449,0,0,0,0,0,0,0,0,0,0,0,0,0,0,0,0,0,0,0,0,190.882,0,-224.226,0
"MtrElec",11,25,21,"",134.522,0,0,0,0,0,0,0,0,0,0,0,0,0,0,0,0,0,0,0,0,193.045,0,-58.5231,0
"MtrElec",11,25,22,"",146.269,0,0,0,0,0,0,0,0,0,0,0,0,0,0,0,0,0,0,0,0,146.269,0,0,0
"MtrElec",11,25,23,"",147.506,0,0,0,0,0,0,0,0,0,0,0,0,0,0,0,0,0,0,0,0,147.506,0,0,0
"MtrElec",11,25,24,"",126.052,0,0,0,0,0,0,0,0,0,0,0,0,0,0,0,0,0,0,0,0,126.052,0,0,0
"MtrElec",11,26,1,"",106.148,0,0,0,0,0,0,0,0,0,0,0,0,0,0,0,0,0,0,0,0,106.148,0,0,0
"MtrElec",11,26,2,"",88.1479,0,0,0,0,0,0,0,0,0,0,0,0,0,0,0,0,0,0,0,0,88.1479,0,0,0
"MtrElec",11,26,3,"",77.4542,0,0,0,0,0,0,0,0,0,0,0,0,0,0,0,0,0,0,0,0,77.4542,0,0,0
"MtrElec",11,26,4,"",77.7613,0,0,0,0,0,0,0,0,0,0,0,0,0,0,0,0,0,0,0,0,77.7613,0,0,0
"MtrElec",11,26,5,"",76.566,0,0,0,0,0,0,0,0,0,0,0,0,0,0,0,0,0,0,0,0,76.566,0,0,0
"MtrElec",11,26,6,"",82.3179,0,0,0,0,0,0,0,0,0,0,0,0,0,0,0,0,0,0,0,0,82.3179,0,0,0
"MtrElec",11,26,7,"",95.0554,0,0,0,0,0,0,0,0,0,0,0,0,0,0,0,0,0,0,0,0,95.0554,0,0,0
"MtrElec",11,26,8,"",27.339,0,0,0,0,0,0,0,0,0,0,0,0,0,0,0,0,0,0,0,0,115.278,0,0,-87.9391
"MtrElec",11,26,9,"",0,0,0,0,0,0,0,0,0,0,0,0,0,0,0,0,0,0,0,0,0,149.554,0,83.8865,-233.441
"MtrElec",11,26,10,"",0,0,0,0,0,0,0,0,0,0,0,0,0,0,0,0,0,0,0,0,0,241.888,0,101.241,-343.129
"MtrElec",11,26,11,"",-22.7589,0,0,0,0,0,0,0,0,0,0,0,0,0,0,0,0,0,0,0,0,214.401,0,224.226,-461.387
"MtrElec",11,26,12,"",-155.416,0,0,0,0,0,0,0,0,0,0,0,0,0,0,0,0,0,0,0,0,183.066,0,152.393,-490.875
"MtrElec",11,26,13,"",-315.742,0,0,0,0,0,0,0,0,0,0,0,0,0,0,0,0,0,0,0,0,161.008,0,0,-476.75
"MtrElec",11,26,14,"",-290.373,0,0,0,0,0,0,0,0,0,0,0,0,0,0,0,0,0,0,0,0,128.479,0,0,-418.852
"MtrElec",11,26,15,"",-197.07,0,0,0,0,0,0,0,0,0,0,0,0,0,0,0,0,0,0,0,0,128.496,0,0,-325.566
"MtrElec",11,26,16,"",-62.6212,0,0,0,0,0,0,0,0,0,0,0,0,0,0,0,0,0,0,0,0,127.744,0,0,-190.366
"MtrElec",11,26,17,"",91.4485,0,0,0,0,0,0,0,0,0,0,0,0,0,0,0,0,0,0,0,0,131.878,0,0,-40.4297
"MtrElec",11,26,18,"",197.896,0,0,0,0,0,0,0,0,0,0,0,0,0,0,0,0,0,0,0,0,197.896,0,0,0
"MtrElec",11,26,19,"",9.51637,0,0,0,0,0,0,0,0,0,0,0,0,0,0,0,0,0,0,0,0,233.743,0,-224.226,0
"MtrElec",11,26,20,"",-67.008,0,0,0,0,0,0,0,0,0,0,0,0,0,0,0,0,0,0,0,0,157.218,0,-224.226,0
"MtrElec",11,26,21,"",86.9928,0,0,0,0,0,0,0,0,0,0,0,0,0,0,0,0,0,0,0,0,145.516,0,-58.5231,0
"MtrElec",11,26,22,"",152.971,0,0,0,0,0,0,0,0,0,0,0,0,0,0,0,0,0,0,0,0,152.971,0,0,0
"MtrElec",11,26,23,"",142.321,0,0,0,0,0,0,0,0,0,0,0,0,0,0,0,0,0,0,0,0,142.321,0,0,0
"MtrElec",11,26,24,"",127.354,0,0,0,0,0,0,0,0,0,0,0,0,0,0,0,0,0,0,0,0,127.354,0,0,0
"MtrElec",11,27,1,"",88.4727,0,0,0,0,0,0,0,0,0,0,0,0,0,0,0,0,0,0,0,0,88.4727,0,0,0
"MtrElec",11,27,2,"",88.4706,0,0,0,0,0,0,0,0,0,0,0,0,0,0,0,0,0,0,0,0,88.4706,0,0,0
"MtrElec",11,27,3,"",81.2656,0,0,0,0,0,0,0,0,0,0,0,0,0,0,0,0,0,0,0,0,81.2656,0,0,0
"MtrElec",11,27,4,"",81.9692,0,0,0,0,0,0,0,0,0,0,0,0,0,0,0,0,0,0,0,0,81.9692,0,0,0
"MtrElec",11,27,5,"",79.2568,0,0,0,0,0,0,0,0,0,0,0,0,0,0,0,0,0,0,0,0,79.2568,0,0,0
"MtrElec",11,27,6,"",81.8658,0,0,0,0,0,0,0,0,0,0,0,0,0,0,0,0,0,0,0,0,81.8658,0,0,0
"MtrElec",11,27,7,"",80.7305,0,0,0,0,0,0,0,0,0,0,0,0,0,0,0,0,0,0,0,0,94.7807,0,0,-14.0503
"MtrElec",11,27,8,"",0,0,0,0,0,0,0,0,0,0,0,0,0,0,0,0,0,0,0,0,0,118.081,0,20.9255,-139.006
"MtrElec",11,27,9,"",0,0,0,0,0,0,0,0,0,0,0,0,0,0,0,0,0,0,0,0,0,149.416,0,146.379,-295.794
"MtrElec",11,27,10,"",-9.40784,0,0,0,0,0,0,0,0,0,0,0,0,0,0,0,0,0,0,0,0,172.656,0,224.226,-406.29
"MtrElec",11,27,11,"",-39.8481,0,0,0,0,0,0,0,0,0,0,0,0,0,0,0,0,0,0,0,0,260.85,0,170.216,-470.914
"MtrElec",11,27,12,"",-304.14,0,0,0,0,0,0,0,0,0,0,0,0,0,0,0,0,0,0,0,0,181.348,0,0,-485.488
"MtrElec",11,27,13,"",-248.142,0,0,0,0,0,0,0,0,0,0,0,0,0,0,0,0,0,0,0,0,218.875,0,0,-467.017
"MtrElec",11,27,14,"",-185.739,0,0,0,0,0,0,0,0,0,0,0,0,0,0,0,0,0,0,0,0,225.353,0,0,-411.092
"MtrElec",11,27,15,"",-139.976,0,0,0,0,0,0,0,0,0,0,0,0,0,0,0,0,0,0,0,0,176.557,0,0,-316.534
"MtrElec",11,27,16,"",-56.0655,0,0,0,0,0,0,0,0,0,0,0,0,0,0,0,0,0,0,0,0,126.807,0,0,-182.873
"MtrElec",11,27,17,"",147.686,0,0,0,0,0,0,0,0,0,0,0,0,0,0,0,0,0,0,0,0,185.516,0,0,-37.83
"MtrElec",11,27,18,"",211.644,0,0,0,0,0,0,0,0,0,0,0,0,0,0,0,0,0,0,0,0,211.644,0,0,0
"MtrElec",11,27,19,"",0.150375,0,0,0,0,0,0,0,0,0,0,0,0,0,0,0,0,0,0,0,0,224.377,0,-224.226,0
"MtrElec",11,27,20,"",-10.5279,0,0,0,0,0,0,0,0,0,0,0,0,0,0,0,0,0,0,0,0,213.699,0,-224.226,0
"MtrElec",11,27,21,"",111.339,0,0,0,0,0,0,0,0,0,0,0,0,0,0,0,0,0,0,0,0,169.862,0,-58.5231,0
"MtrElec",11,27,22,"",181.132,0,0,0,0,0,0,0,0,0,0,0,0,0,0,0,0,0,0,0,0,181.132,0,0,0
"MtrElec",11,27,23,"",153.232,0,0,0,0,0,0,0,0,0,0,0,0,0,0,0,0,0,0,0,0,153.232,0,0,0
"MtrElec",11,27,24,"",141.941,0,0,0,0,0,0,0,0,0,0,0,0,0,0,0,0,0,0,0,0,141.941,0,0,0
"MtrElec",11,28,1,"",88.0755,0,0,0,0,0,0,0,0,0,0,0,0,0,0,0,0,0,0,0,0,88.0755,0,0,0
"MtrElec",11,28,2,"",83.1443,0,0,0,0,0,0,0,0,0,0,0,0,0,0,0,0,0,0,0,0,83.1443,0,0,0
"MtrElec",11,28,3,"",84.2522,0,0,0,0,0,0,0,0,0,0,0,0,0,0,0,0,0,0,0,0,84.2522,0,0,0
"MtrElec",11,28,4,"",83.1678,0,0,0,0,0,0,0,0,0,0,0,0,0,0,0,0,0,0,0,0,83.1678,0,0,0
"MtrElec",11,28,5,"",78.8129,0,0,0,0,0,0,0,0,0,0,0,0,0,0,0,0,0,0,0,0,78.8129,0,0,0
"MtrElec",11,28,6,"",84.5013,0,0,0,0,0,0,0,0,0,0,0,0,0,0,0,0,0,0,0,0,84.5013,0,0,0
"MtrElec",11,28,7,"",84.326,0,0,0,0,0,0,0,0,0,0,0,0,0,0,0,0,0,0,0,0,95.7003,0,0,-11.3743
"MtrElec",11,28,8,"",0.0000005,0,0,0,0,0,0,0,0,0,0,0,0,0,0,0,0,0,0,0,0,125.426,0,6.51275,-131.939
"MtrElec",11,28,9,"",0,0,0,0,0,0,0,0,0,0,0,0,0,0,0,0,0,0,0,0,0,123.806,0,152.015,-275.821
"MtrElec",11,28,10,"",-1.63539,0,0,0,0,0,0,0,0,0,0,0,0,0,0,0,0,0,0,0,0,147.982,0,224.226,-373.844
"MtrElec",11,28,11,"",-90.4951,0,0,0,0,0,0,0,0,0,0,0,0,0,0,0,0,0,0,0,0,167.09,0,178.992,-436.578
"MtrElec",11,28,12,"",-257.486,0,0,0,0,0,0,0,0,0,0,0,0,0,0,0,0,0,0,0,0,207.572,0,0,-465.058
"MtrElec",11,28,13,"",-270.277,0,0,0,0,0,0,0,0,0,0,0,0,0,0,0,0,0,0,0,0,180.997,0,0,-451.274
"MtrElec",11,28,14,"",-252.225,0,0,0,0,0,0,0,0,0,0,0,0,0,0,0,0,0,0,0,0,145.187,0,0,-397.411
"MtrElec",11,28,15,"",-130.34,0,0,0,0,0,0,0,0,0,0,0,0,0,0,0,0,0,0,0,0,177.428,0,0,-307.767
"MtrElec",11,28,16,"",-52.9196,0,0,0,0,0,0,0,0,0,0,0,0,0,0,0,0,0,0,0,0,122.442,0,0,-175.362
"MtrElec",11,28,17,"",89.7255,0,0,0,0,0,0,0,0,0,0,0,0,0,0,0,0,0,0,0,0,124.367,0,0,-34.6412
"MtrElec",11,28,18,"",167.283,0,0,0,0,0,0,0,0,0,0,0,0,0,0,0,0,0,0,0,0,167.283,0,0,0
"MtrElec",11,28,19,"",-17.8084,0,0,0,0,0,0,0,0,0,0,0,0,0,0,0,0,0,0,0,0,206.418,0,-224.226,0
"MtrElec",11,28,20,"",-13.9138,0,0,0,0,0,0,0,0,0,0,0,0,0,0,0,0,0,0,0,0,210.313,0,-224.226,0
"MtrElec",11,28,21,"",99.8251,0,0,0,0,0,0,0,0,0,0,0,0,0,0,0,0,0,0,0,0,158.348,0,-58.5231,0
"MtrElec",11,28,22,"",152.455,0,0,0,0,0,0,0,0,0,0,0,0,0,0,0,0,0,0,0,0,152.455,0,0,0
"MtrElec",11,28,23,"",127.266,0,0,0,0,0,0,0,0,0,0,0,0,0,0,0,0,0,0,0,0,127.266,0,0,0
"MtrElec",11,28,24,"",156.085,0,0,0,0,0,0,0,0,0,0,0,0,0,0,0,0,0,0,0,0,156.085,0,0,0
"MtrElec",11,29,1,"",111.181,0,0,0,0,0,0,0,0,0,0,0,0,0,0,0,0,0,0,0,0,111.181,0,0,0
"MtrElec",11,29,2,"",83.0778,0,0,0,0,0,0,0,0,0,0,0,0,0,0,0,0,0,0,0,0,83.0778,0,0,0
"MtrElec",11,29,3,"",81.2526,0,0,0,0,0,0,0,0,0,0,0,0,0,0,0,0,0,0,0,0,81.2526,0,0,0
"MtrElec",11,29,4,"",82.8468,0,0,0,0,0,0,0,0,0,0,0,0,0,0,0,0,0,0,0,0,82.8468,0,0,0
"MtrElec",11,29,5,"",93.6615,0,0,0,0,0,0,0,0,0,0,0,0,0,0,0,0,0,0,0,0,93.6615,0,0,0
"MtrElec",11,29,6,"",84.4593,0,0,0,0,0,0,0,0,0,0,0,0,0,0,0,0,0,0,0,0,84.4593,0,0,0
"MtrElec",11,29,7,"",83.8653,0,0,0,0,0,0,0,0,0,0,0,0,0,0,0,0,0,0,0,0,93.3913,0,0,-9.52597
"MtrElec",11,29,8,"",0,0,0,0,0,0,0,0,0,0,0,0,0,0,0,0,0,0,0,0,0,105.465,0,16.4532,-121.918
"MtrElec",11,29,9,"",0.0000078,0,0,0,0,0,0,0,0,0,0,0,0,0,0,0,0,0,0,0,0,115.356,0,148.233,-263.589
"MtrElec",11,29,10,"",-13.424,0,0,0,0,0,0,0,0,0,0,0,0,0,0,0,0,0,0,0,0,133.471,0,224.226,-371.121
"MtrElec",11,29,11,"",-84.5028,0,0,0,0,0,0,0,0,0,0,0,0,0,0,0,0,0,0,0,0,179.118,0,172.834,-436.454
"MtrElec",11,29,12,"",-274.558,0,0,0,0,0,0,0,0,0,0,0,0,0,0,0,0,0,0,0,0,188.422,0,0,-462.98
"MtrElec",11,29,13,"",-288.645,0,0,0,0,0,0,0,0,0,0,0,0,0,0,0,0,0,0,0,0,158.072,0,0,-446.717
"MtrElec",11,29,14,"",-267.13,0,0,0,0,0,0,0,0,0,0,0,0,0,0,0,0,0,0,0,0,125.983,0,0,-393.113
"MtrElec",11,29,15,"",-167.356,0,0,0,0,0,0,0,0,0,0,0,0,0,0,0,0,0,0,0,0,136.007,0,0,-303.363
"MtrElec",11,29,16,"",-60.7216,0,0,0,0,0,0,0,0,0,0,0,0,0,0,0,0,0,0,0,0,109.742,0,0,-170.464
"MtrElec",11,29,17,"",82.6096,0,0,0,0,0,0,0,0,0,0,0,0,0,0,0,0,0,0,0,0,115.164,0,0,-32.5549
"MtrElec",11,29,18,"",138.669,0,0,0,0,0,0,0,0,0,0,0,0,0,0,0,0,0,0,0,0,138.669,0,0,0
"MtrElec",11,29,19,"",-38.7197,0,0,0,0,0,0,0,0,0,0,0,0,0,0,0,0,0,0,0,0,185.507,0,-224.226,0
"MtrElec",11,29,20,"",-45.8217,0,0,0,0,0,0,0,0,0,0,0,0,0,0,0,0,0,0,0,0,178.405,0,-224.226,0
"MtrElec",11,29,21,"",118.796,0,0,0,0,0,0,0,0,0,0,0,0,0,0,0,0,0,0,0,0,177.319,0,-58.5231,0
"MtrElec",11,29,22,"",184.761,0,0,0,0,0,0,0,0,0,0,0,0,0,0,0,0,0,0,0,0,184.761,0,0,0
"MtrElec",11,29,23,"",122.588,0,0,0,0,0,0,0,0,0,0,0,0,0,0,0,0,0,0,0,0,122.588,0,0,0
"MtrElec",11,29,24,"",126.276,0,0,0,0,0,0,0,0,0,0,0,0,0,0,0,0,0,0,0,0,126.276,0,0,0
"MtrElec",11,30,1,"",109.294,0,0,0,0,0,0,0,0,0,0,0,0,0,0,0,0,0,0,0,0,109.294,0,0,0
"MtrElec",11,30,2,"",91.7818,0,0,0,0,0,0,0,0,0,0,0,0,0,0,0,0,0,0,0,0,91.7818,0,0,0
"MtrElec",11,30,3,"",89.4728,0,0,0,0,0,0,0,0,0,0,0,0,0,0,0,0,0,0,0,0,89.4728,0,0,0
"MtrElec",11,30,4,"",92.4533,0,0,0,0,0,0,0,0,0,0,0,0,0,0,0,0,0,0,0,0,92.4533,0,0,0
"MtrElec",11,30,5,"",96.223,0,0,0,0,0,0,0,0,0,0,0,0,0,0,0,0,0,0,0,0,96.223,0,0,0
"MtrElec",11,30,6,"",104.319,0,0,0,0,0,0,0,0,0,0,0,0,0,0,0,0,0,0,0,0,104.319,0,0,0
"MtrElec",11,30,7,"",123.206,0,0,0,0,0,0,0,0,0,0,0,0,0,0,0,0,0,0,0,0,123.206,0,0,0
"MtrElec",11,30,8,"",4.83051,0,0,0,0,0,0,0,0,0,0,0,0,0,0,0,0,0,0,0,0,124.319,0,0,-119.488
"MtrElec",11,30,9,"",0.0000078,0,0,0,0,0,0,0,0,0,0,0,0,0,0,0,0,0,0,0,0,126.053,0,139.477,-265.53
"MtrElec",11,30,10,"",0,0,0,0,0,0,0,0,0,0,0,0,0,0,0,0,0,0,0,0,0,152.193,0,220.698,-372.89
"MtrElec",11,30,11,"",-73.1157,0,0,0,0,0,0,0,0,0,0,0,0,0,0,0,0,0,0,0,0,157.536,0,201.572,-432.224
"MtrElec",11,30,12,"",-344.692,0,0,0,0,0,0,0,0,0,0,0,0,0,0,0,0,0,0,0,0,119.432,0,0,-464.124
"MtrElec",11,30,13,"",-291.784,0,0,0,0,0,0,0,0,0,0,0,0,0,0,0,0,0,0,0,0,162.069,0,0,-453.852
"MtrElec",11,30,14,"",-297.355,0,0,0,0,0,0,0,0,0,0,0,0,0,0,0,0,0,0,0,0,100.485,0,0,-397.841
"MtrElec",11,30,15,"",-190.651,0,0,0,0,0,0,0,0,0,0,0,0,0,0,0,0,0,0,0,0,114.536,0,0,-305.187
"MtrElec",11,30,16,"",-56.6984,0,0,0,0,0,0,0,0,0,0,0,0,0,0,0,0,0,0,0,0,116.607,0,0,-173.305
"MtrElec",11,30,17,"",112.763,0,0,0,0,0,0,0,0,0,0,0,0,0,0,0,0,0,0,0,0,146.174,0,0,-33.4115
"MtrElec",11,30,18,"",169.991,0,0,0,0,0,0,0,0,0,0,0,0,0,0,0,0,0,0,0,0,169.991,0,0,0
"MtrElec",11,30,19,"",-41.5668,0,0,0,0,0,0,0,0,0,0,0,0,0,0,0,0,0,0,0,0,182.66,0,-224.226,0
"MtrElec",11,30,20,"",-51.7077,0,0,0,0,0,0,0,0,0,0,0,0,0,0,0,0,0,0,0,0,172.519,0,-224.226,0
"MtrElec",11,30,21,"",113.039,0,0,0,0,0,0,0,0,0,0,0,0,0,0,0,0,0,0,0,0,171.562,0,-58.5231,0
"MtrElec",11,30,22,"",155.163,0,0,0,0,0,0,0,0,0,0,0,0,0,0,0,0,0,0,0,0,155.163,0,0,0
"MtrElec",11,30,23,"",175.759,0,0,0,0,0,0,0,0,0,0,0,0,0,0,0,0,0,0,0,0,175.759,0,0,0
"MtrElec",11,30,24,"",118.915,0,0,0,0,0,0,0,0,0,0,0,0,0,0,0,0,0,0,0,0,118.915,0,0,0
"MtrElec",12,1,1,"",109.642,0,0,0,0,0,0,0,0,0,0,0,0,0,0,0,0,0,0,0,0,109.642,0,0,0
"MtrElec",12,1,2,"",86.6697,0,0,0,0,0,0,0,0,0,0,0,0,0,0,0,0,0,0,0,0,86.6697,0,0,0
"MtrElec",12,1,3,"",88.4174,0,0,0,0,0,0,0,0,0,0,0,0,0,0,0,0,0,0,0,0,88.4174,0,0,0
"MtrElec",12,1,4,"",90.7612,0,0,0,0,0,0,0,0,0,0,0,0,0,0,0,0,0,0,0,0,90.7612,0,0,0
"MtrElec",12,1,5,"",93.5506,0,0,0,0,0,0,0,0,0,0,0,0,0,0,0,0,0,0,0,0,93.5506,0,0,0
"MtrElec",12,1,6,"",101.616,0,0,0,0,0,0,0,0,0,0,0,0,0,0,0,0,0,0,0,0,101.616,0,0,0
"MtrElec",12,1,7,"",124.752,0,0,0,0,0,0,0,0,0,0,0,0,0,0,0,0,0,0,0,0,124.752,0,0,0
"MtrElec",12,1,8,"",0,0,0,0,0,0,0,0,0,0,0,0,0,0,0,0,0,0,0,0,0,130.376,0,2.80476,-133.181
"MtrElec",12,1,9,"",0,0,0,0,0,0,0,0,0,0,0,0,0,0,0,0,0,0,0,0,0,129.287,0,151.453,-280.74
"MtrElec",12,1,10,"",-30.8559,0,0,0,0,0,0,0,0,0,0,0,0,0,0,0,0,0,0,0,0,130.448,0,224.226,-385.53
"MtrElec",12,1,11,"",-107.728,0,0,0,0,0,0,0,0,0,0,0,0,0,0,0,0,0,0,0,0,164.364,0,183.262,-455.354
"MtrElec",12,1,12,"",-351.16,0,0,0,0,0,0,0,0,0,0,0,0,0,0,0,0,0,0,0,0,137.901,0,0,-489.061
"MtrElec",12,1,13,"",-323.724,0,0,0,0,0,0,0,0,0,0,0,0,0,0,0,0,0,0,0,0,150.062,0,0,-473.787
"MtrElec",12,1,14,"",-316.938,0,0,0,0,0,0,0,0,0,0,0,0,0,0,0,0,0,0,0,0,100.17,0,0,-417.108
"MtrElec",12,1,15,"",-209.315,0,0,0,0,0,0,0,0,0,0,0,0,0,0,0,0,0,0,0,0,109.428,0,0,-318.743
"MtrElec",12,1,16,"",-64.9322,0,0,0,0,0,0,0,0,0,0,0,0,0,0,0,0,0,0,0,0,117.786,0,0,-182.718
"MtrElec",12,1,17,"",111.71,0,0,0,0,0,0,0,0,0,0,0,0,0,0,0,0,0,0,0,0,148.943,0,0,-37.2335
"MtrElec",12,1,18,"",155.842,0,0,0,0,0,0,0,0,0,0,0,0,0,0,0,0,0,0,0,0,155.842,0,0,0
"MtrElec",12,1,19,"",-28.7464,0,0,0,0,0,0,0,0,0,0,0,0,0,0,0,0,0,0,0,0,195.48,0,-224.226,0
"MtrElec",12,1,20,"",-27.9585,0,0,0,0,0,0,0,0,0,0,0,0,0,0,0,0,0,0,0,0,196.268,0,-224.226,0
"MtrElec",12,1,21,"",155.237,0,0,0,0,0,0,0,0,0,0,0,0,0,0,0,0,0,0,0,0,213.76,0,-58.5231,0
"MtrElec",12,1,22,"",150.712,0,0,0,0,0,0,0,0,0,0,0,0,0,0,0,0,0,0,0,0,150.712,0,0,0
"MtrElec",12,1,23,"",144.248,0,0,0,0,0,0,0,0,0,0,0,0,0,0,0,0,0,0,0,0,144.248,0,0,0
"MtrElec",12,1,24,"",122.149,0,0,0,0,0,0,0,0,0,0,0,0,0,0,0,0,0,0,0,0,122.149,0,0,0
"MtrElec",12,2,1,"",111.984,0,0,0,0,0,0,0,0,0,0,0,0,0,0,0,0,0,0,0,0,111.984,0,0,0
"MtrElec",12,2,2,"",101.423,0,0,0,0,0,0,0,0,0,0,0,0,0,0,0,0,0,0,0,0,101.423,0,0,0
"MtrElec",12,2,3,"",102.636,0,0,0,0,0,0,0,0,0,0,0,0,0,0,0,0,0,0,0,0,102.636,0,0,0
"MtrElec",12,2,4,"",111.979,0,0,0,0,0,0,0,0,0,0,0,0,0,0,0,0,0,0,0,0,111.979,0,0,0
"MtrElec",12,2,5,"",105.668,0,0,0,0,0,0,0,0,0,0,0,0,0,0,0,0,0,0,0,0,105.668,0,0,0
"MtrElec",12,2,6,"",113.461,0,0,0,0,0,0,0,0,0,0,0,0,0,0,0,0,0,0,0,0,113.461,0,0,0
"MtrElec",12,2,7,"",123.164,0,0,0,0,0,0,0,0,0,0,0,0,0,0,0,0,0,0,0,0,123.164,0,0,0
"MtrElec",12,2,8,"",7.6333,0,0,0,0,0,0,0,0,0,0,0,0,0,0,0,0,0,0,0,0,132.643,0,0,-125.01
"MtrElec",12,2,9,"",0,0,0,0,0,0,0,0,0,0,0,0,0,0,0,0,0,0,0,0,0,154.768,0,122.412,-277.18
"MtrElec",12,2,10,"",-23.0282,0,0,0,0,0,0,0,0,0,0,0,0,0,0,0,0,0,0,0,0,141.716,0,224.226,-388.971
"MtrElec",12,2,11,"",-85.4657,0,0,0,0,0,0,0,0,0,0,0,0,0,0,0,0,0,0,0,0,155.47,0,215.108,-456.044
"MtrElec",12,2,12,"",-348.282,0,0,0,0,0,0,0,0,0,0,0,0,0,0,0,0,0,0,0,0,140.864,0,0,-489.146
"MtrElec",12,2,13,"",-292.438,0,0,0,0,0,0,0,0,0,0,0,0,0,0,0,0,0,0,0,0,189.365,0,0,-481.802
"MtrElec",12,2,14,"",-324.286,0,0,0,0,0,0,0,0,0,0,0,0,0,0,0,0,0,0,0,0,101.161,0,0,-425.447
"MtrElec",12,2,15,"",-217.638,0,0,0,0,0,0,0,0,0,0,0,0,0,0,0,0,0,0,0,0,108.328,0,0,-325.967
"MtrElec",12,2,16,"",-65.2507,0,0,0,0,0,0,0,0,0,0,0,0,0,0,0,0,0,0,0,0,118.651,0,0,-183.902
"MtrElec",12,2,17,"",108.975,0,0,0,0,0,0,0,0,0,0,0,0,0,0,0,0,0,0,0,0,144.588,0,0,-35.6132
"MtrElec",12,2,18,"",172.002,0,0,0,0,0,0,0,0,0,0,0,0,0,0,0,0,0,0,0,0,172.002,0,0,0
"MtrElec",12,2,19,"",-29.552,0,0,0,0,0,0,0,0,0,0,0,0,0,0,0,0,0,0,0,0,194.675,0,-224.226,0
"MtrElec",12,2,20,"",-39.4816,0,0,0,0,0,0,0,0,0,0,0,0,0,0,0,0,0,0,0,0,184.745,0,-224.226,0
"MtrElec",12,2,21,"",113.239,0,0,0,0,0,0,0,0,0,0,0,0,0,0,0,0,0,0,0,0,171.762,0,-58.5231,0
"MtrElec",12,2,22,"",155.052,0,0,0,0,0,0,0,0,0,0,0,0,0,0,0,0,0,0,0,0,155.052,0,0,0
"MtrElec",12,2,23,"",168.803,0,0,0,0,0,0,0,0,0,0,0,0,0,0,0,0,0,0,0,0,168.803,0,0,0
"MtrElec",12,2,24,"",147.063,0,0,0,0,0,0,0,0,0,0,0,0,0,0,0,0,0,0,0,0,147.063,0,0,0
"MtrElec",12,3,1,"",108.615,0,0,0,0,0,0,0,0,0,0,0,0,0,0,0,0,0,0,0,0,108.615,0,0,0
"MtrElec",12,3,2,"",85.5802,0,0,0,0,0,0,0,0,0,0,0,0,0,0,0,0,0,0,0,0,85.5802,0,0,0
"MtrElec",12,3,3,"",87.5719,0,0,0,0,0,0,0,0,0,0,0,0,0,0,0,0,0,0,0,0,87.5719,0,0,0
"MtrElec",12,3,4,"",94.8466,0,0,0,0,0,0,0,0,0,0,0,0,0,0,0,0,0,0,0,0,94.8466,0,0,0
"MtrElec",12,3,5,"",98.2546,0,0,0,0,0,0,0,0,0,0,0,0,0,0,0,0,0,0,0,0,98.2546,0,0,0
"MtrElec",12,3,6,"",108.887,0,0,0,0,0,0,0,0,0,0,0,0,0,0,0,0,0,0,0,0,108.887,0,0,0
"MtrElec",12,3,7,"",135.27,0,0,0,0,0,0,0,0,0,0,0,0,0,0,0,0,0,0,0,0,135.27,0,0,0
"MtrElec",12,3,8,"",2.59109,0,0,0,0,0,0,0,0,0,0,0,0,0,0,0,0,0,0,0,0,131.616,0,0,-129.025
"MtrElec",12,3,9,"",0.0000078,0,0,0,0,0,0,0,0,0,0,0,0,0,0,0,0,0,0,0,0,159.182,0,120.5,-279.682
"MtrElec",12,3,10,"",-9.48019,0,0,0,0,0,0,0,0,0,0,0,0,0,0,0,0,0,0,0,0,153.831,0,224.226,-387.538
"MtrElec",12,3,11,"",-96.0974,0,0,0,0,0,0,0,0,0,0,0,0,0,0,0,0,0,0,0,0,131.256,0,217.02,-444.373
"MtrElec",12,3,12,"",-337.729,0,0,0,0,0,0,0,0,0,0,0,0,0,0,0,0,0,0,0,0,134.413,0,0,-472.143
"MtrElec",12,3,13,"",-273.733,0,0,0,0,0,0,0,0,0,0,0,0,0,0,0,0,0,0,0,0,184.143,0,0,-457.876
"MtrElec",12,3,14,"",-297.738,0,0,0,0,0,0,0,0,0,0,0,0,0,0,0,0,0,0,0,0,108.718,0,0,-406.456
"MtrElec",12,3,15,"",-215,0,0,0,0,0,0,0,0,0,0,0,0,0,0,0,0,0,0,0,0,103.891,0,0,-318.891
"MtrElec",12,3,16,"",-73.9109,0,0,0,0,0,0,0,0,0,0,0,0,0,0,0,0,0,0,0,0,109.309,0,0,-183.22
"MtrElec",12,3,17,"",108.268,0,0,0,0,0,0,0,0,0,0,0,0,0,0,0,0,0,0,0,0,144.824,0,0,-36.5557
"MtrElec",12,3,18,"",165.162,0,0,0,0,0,0,0,0,0,0,0,0,0,0,0,0,0,0,0,0,165.162,0,0,0
"MtrElec",12,3,19,"",-43.8062,0,0,0,0,0,0,0,0,0,0,0,0,0,0,0,0,0,0,0,0,180.42,0,-224.226,0
"MtrElec",12,3,20,"",-12.9024,0,0,0,0,0,0,0,0,0,0,0,0,0,0,0,0,0,0,0,0,211.324,0,-224.226,0
"MtrElec",12,3,21,"",132.14,0,0,0,0,0,0,0,0,0,0,0,0,0,0,0,0,0,0,0,0,190.663,0,-58.5231,0
"MtrElec",12,3,22,"",156.917,0,0,0,0,0,0,0,0,0,0,0,0,0,0,0,0,0,0,0,0,156.917,0,0,0
"MtrElec",12,3,23,"",162.813,0,0,0,0,0,0,0,0,0,0,0,0,0,0,0,0,0,0,0,0,162.813,0,0,0
"MtrElec",12,3,24,"",141.528,0,0,0,0,0,0,0,0,0,0,0,0,0,0,0,0,0,0,0,0,141.528,0,0,0
"MtrElec",12,4,1,"",95.0636,0,0,0,0,0,0,0,0,0,0,0,0,0,0,0,0,0,0,0,0,95.0636,0,0,0
"MtrElec",12,4,2,"",92.1919,0,0,0,0,0,0,0,0,0,0,0,0,0,0,0,0,0,0,0,0,92.1919,0,0,0
"MtrElec",12,4,3,"",93.118,0,0,0,0,0,0,0,0,0,0,0,0,0,0,0,0,0,0,0,0,93.118,0,0,0
"MtrElec",12,4,4,"",97.5381,0,0,0,0,0,0,0,0,0,0,0,0,0,0,0,0,0,0,0,0,97.5381,0,0,0
"MtrElec",12,4,5,"",100.015,0,0,0,0,0,0,0,0,0,0,0,0,0,0,0,0,0,0,0,0,100.015,0,0,0
"MtrElec",12,4,6,"",109.223,0,0,0,0,0,0,0,0,0,0,0,0,0,0,0,0,0,0,0,0,109.223,0,0,0
"MtrElec",12,4,7,"",124.986,0,0,0,0,0,0,0,0,0,0,0,0,0,0,0,0,0,0,0,0,124.986,0,0,0
"MtrElec",12,4,8,"",55.6576,0,0,0,0,0,0,0,0,0,0,0,0,0,0,0,0,0,0,0,0,135.98,0,0,-80.3223
"MtrElec",12,4,9,"",0,0,0,0,0,0,0,0,0,0,0,0,0,0,0,0,0,0,0,0,0,171.211,0,93.0722,-264.283
"MtrElec",12,4,10,"",0,0,0,0,0,0,0,0,0,0,0,0,0,0,0,0,0,0,0,0,0,181.919,0,190.234,-372.152
"MtrElec",12,4,11,"",-20.4535,0,0,0,0,0,0,0,0,0,0,0,0,0,0,0,0,0,0,0,0,188.275,0,224.226,-432.955
"MtrElec",12,4,12,"",-242.48,0,0,0,0,0,0,0,0,0,0,0,0,0,0,0,0,0,0,0,0,165.223,0,54.214,-461.917
"MtrElec",12,4,13,"",-285.587,0,0,0,0,0,0,0,0,0,0,0,0,0,0,0,0,0,0,0,0,169.197,0,0,-454.784
"MtrElec",12,4,14,"",-160.799,0,0,0,0,0,0,0,0,0,0,0,0,0,0,0,0,0,0,0,0,95.861,0,0,-256.66
"MtrElec",12,4,15,"",-28.1199,0,0,0,0,0,0,0,0,0,0,0,0,0,0,0,0,0,0,0,0,101.683,0,0,-129.803
"MtrElec",12,4,16,"",104.946,0,0,0,0,0,0,0,0,0,0,0,0,0,0,0,0,0,0,0,0,116.854,0,0,-11.9079
"MtrElec",12,4,17,"",134.818,0,0,0,0,0,0,0,0,0,0,0,0,0,0,0,0,0,0,0,0,141.633,0,0,-6.81508
"MtrElec",12,4,18,"",158.605,0,0,0,0,0,0,0,0,0,0,0,0,0,0,0,0,0,0,0,0,158.605,0,0,0
"MtrElec",12,4,19,"",-38.6675,0,0,0,0,0,0,0,0,0,0,0,0,0,0,0,0,0,0,0,0,185.559,0,-224.226,0
"MtrElec",12,4,20,"",-34.2549,0,0,0,0,0,0,0,0,0,0,0,0,0,0,0,0,0,0,0,0,189.972,0,-224.226,0
"MtrElec",12,4,21,"",148.151,0,0,0,0,0,0,0,0,0,0,0,0,0,0,0,0,0,0,0,0,206.674,0,-58.5231,0
"MtrElec",12,4,22,"",146.879,0,0,0,0,0,0,0,0,0,0,0,0,0,0,0,0,0,0,0,0,146.879,0,0,0
"MtrElec",12,4,23,"",176.582,0,0,0,0,0,0,0,0,0,0,0,0,0,0,0,0,0,0,0,0,176.582,0,0,0
"MtrElec",12,4,24,"",149.439,0,0,0,0,0,0,0,0,0,0,0,0,0,0,0,0,0,0,0,0,149.439,0,0,0
"MtrElec",12,5,1,"",94.9152,0,0,0,0,0,0,0,0,0,0,0,0,0,0,0,0,0,0,0,0,94.9152,0,0,0
"MtrElec",12,5,2,"",91.7211,0,0,0,0,0,0,0,0,0,0,0,0,0,0,0,0,0,0,0,0,91.7211,0,0,0
"MtrElec",12,5,3,"",94.13,0,0,0,0,0,0,0,0,0,0,0,0,0,0,0,0,0,0,0,0,94.13,0,0,0
"MtrElec",12,5,4,"",95.6805,0,0,0,0,0,0,0,0,0,0,0,0,0,0,0,0,0,0,0,0,95.6805,0,0,0
"MtrElec",12,5,5,"",105.203,0,0,0,0,0,0,0,0,0,0,0,0,0,0,0,0,0,0,0,0,105.203,0,0,0
"MtrElec",12,5,6,"",95.3062,0,0,0,0,0,0,0,0,0,0,0,0,0,0,0,0,0,0,0,0,95.3062,0,0,0
"MtrElec",12,5,7,"",103.11,0,0,0,0,0,0,0,0,0,0,0,0,0,0,0,0,0,0,0,0,103.11,0,0,0
"MtrElec",12,5,8,"",113.672,0,0,0,0,0,0,0,0,0,0,0,0,0,0,0,0,0,0,0,0,115.328,0,0,-1.65585
"MtrElec",12,5,9,"",106.582,0,0,0,0,0,0,0,0,0,0,0,0,0,0,0,0,0,0,0,0,123.308,0,0,-16.7258
"MtrElec",12,5,10,"",115.512,0,0,0,0,0,0,0,0,0,0,0,0,0,0,0,0,0,0,0,0,138.565,0,0,-23.0521
"MtrElec",12,5,11,"",135.267,0,0,0,0,0,0,0,0,0,0,0,0,0,0,0,0,0,0,0,0,184.925,0,0,-49.6578
"MtrElec",12,5,12,"",63.4632,0,0,0,0,0,0,0,0,0,0,0,0,0,0,0,0,0,0,0,0,158.536,0,0,-95.0726
"MtrElec",12,5,13,"",131.482,0,0,0,0,0,0,0,0,0,0,0,0,0,0,0,0,0,0,0,0,185.531,0,0,-54.0491
"MtrElec",12,5,14,"",76.1584,0,0,0,0,0,0,0,0,0,0,0,0,0,0,0,0,0,0,0,0,123.453,0,0,-47.2946
"MtrElec",12,5,15,"",103.018,0,0,0,0,0,0,0,0,0,0,0,0,0,0,0,0,0,0,0,0,144.141,0,0,-41.1235
"MtrElec",12,5,16,"",118.704,0,0,0,0,0,0,0,0,0,0,0,0,0,0,0,0,0,0,0,0,138.375,0,0,-19.6713
"MtrElec",12,5,17,"",152.563,0,0,0,0,0,0,0,0,0,0,0,0,0,0,0,0,0,0,0,0,153.065,0,0,-0.50245
"MtrElec",12,5,18,"",183.682,0,0,0,0,0,0,0,0,0,0,0,0,0,0,0,0,0,0,0,0,183.682,0,0,0
"MtrElec",12,5,19,"",207.123,0,0,0,0,0,0,0,0,0,0,0,0,0,0,0,0,0,0,0,0,207.123,0,0,0
"MtrElec",12,5,20,"",200.936,0,0,0,0,0,0,0,0,0,0,0,0,0,0,0,0,0,0,0,0,200.936,0,0,0
"MtrElec",12,5,21,"",203.06,0,0,0,0,0,0,0,0,0,0,0,0,0,0,0,0,0,0,0,0,203.06,0,0,0
"MtrElec",12,5,22,"",219.009,0,0,0,0,0,0,0,0,0,0,0,0,0,0,0,0,0,0,0,0,219.009,0,0,0
"MtrElec",12,5,23,"",158.952,0,0,0,0,0,0,0,0,0,0,0,0,0,0,0,0,0,0,0,0,158.952,0,0,0
"MtrElec",12,5,24,"",199.543,0,0,0,0,0,0,0,0,0,0,0,0,0,0,0,0,0,0,0,0,199.543,0,0,0
"MtrElec",12,6,1,"",126.74,0,0,0,0,0,0,0,0,0,0,0,0,0,0,0,0,0,0,0,0,126.74,0,0,0
"MtrElec",12,6,2,"",112.786,0,0,0,0,0,0,0,0,0,0,0,0,0,0,0,0,0,0,0,0,112.786,0,0,0
"MtrElec",12,6,3,"",112.099,0,0,0,0,0,0,0,0,0,0,0,0,0,0,0,0,0,0,0,0,112.099,0,0,0
"MtrElec",12,6,4,"",118.817,0,0,0,0,0,0,0,0,0,0,0,0,0,0,0,0,0,0,0,0,118.817,0,0,0
"MtrElec",12,6,5,"",133.595,0,0,0,0,0,0,0,0,0,0,0,0,0,0,0,0,0,0,0,0,133.595,0,0,0
"MtrElec",12,6,6,"",118.99,0,0,0,0,0,0,0,0,0,0,0,0,0,0,0,0,0,0,0,0,118.99,0,0,0
"MtrElec",12,6,7,"",123.188,0,0,0,0,0,0,0,0,0,0,0,0,0,0,0,0,0,0,0,0,123.188,0,0,0
"MtrElec",12,6,8,"",55.0518,0,0,0,0,0,0,0,0,0,0,0,0,0,0,0,0,0,0,0,0,143.519,0,0,-88.4676
"MtrElec",12,6,9,"",99.3357,0,0,0,0,0,0,0,0,0,0,0,0,0,0,0,0,0,0,0,0,154.678,0,0,-55.3427
"MtrElec",12,6,10,"",0.0000078,0,0,0,0,0,0,0,0,0,0,0,0,0,0,0,0,0,0,0,0,154.807,0,124.949,-279.757
"MtrElec",12,6,11,"",2.82916,0,0,0,0,0,0,0,0,0,0,0,0,0,0,0,0,0,0,0,0,165.554,0,0,-162.725
"MtrElec",12,6,12,"",115.306,0,0,0,0,0,0,0,0,0,0,0,0,0,0,0,0,0,0,0,0,168.408,0,0,-53.1017
"MtrElec",12,6,13,"",27.8042,0,0,0,0,0,0,0,0,0,0,0,0,0,0,0,0,0,0,0,0,177.428,0,0,-149.624
"MtrElec",12,6,14,"",33.09,0,0,0,0,0,0,0,0,0,0,0,0,0,0,0,0,0,0,0,0,142.101,0,0,-109.011
"MtrElec",12,6,15,"",76.4765,0,0,0,0,0,0,0,0,0,0,0,0,0,0,0,0,0,0,0,0,165.476,0,0,-88.9996
"MtrElec",12,6,16,"",3.11395,0,0,0,0,0,0,0,0,0,0,0,0,0,0,0,0,0,0,0,0,132.179,0,0,-129.065
"MtrElec",12,6,17,"",117.876,0,0,0,0,0,0,0,0,0,0,0,0,0,0,0,0,0,0,0,0,145.891,0,0,-28.0149
"MtrElec",12,6,18,"",157.71,0,0,0,0,0,0,0,0,0,0,0,0,0,0,0,0,0,0,0,0,157.71,0,0,0
"MtrElec",12,6,19,"",109.817,0,0,0,0,0,0,0,0,0,0,0,0,0,0,0,0,0,0,0,0,222.584,0,-112.767,0
"MtrElec",12,6,20,"",207.567,0,0,0,0,0,0,0,0,0,0,0,0,0,0,0,0,0,0,0,0,207.567,0,0,0
"MtrElec",12,6,21,"",205.296,0,0,0,0,0,0,0,0,0,0,0,0,0,0,0,0,0,0,0,0,205.296,0,0,0
"MtrElec",12,6,22,"",212.933,0,0,0,0,0,0,0,0,0,0,0,0,0,0,0,0,0,0,0,0,212.933,0,0,0
"MtrElec",12,6,23,"",138.402,0,0,0,0,0,0,0,0,0,0,0,0,0,0,0,0,0,0,0,0,138.402,0,0,0
"MtrElec",12,6,24,"",141.766,0,0,0,0,0,0,0,0,0,0,0,0,0,0,0,0,0,0,0,0,141.766,0,0,0
"MtrElec",12,7,1,"",108.362,0,0,0,0,0,0,0,0,0,0,0,0,0,0,0,0,0,0,0,0,108.362,0,0,0
"MtrElec",12,7,2,"",100.213,0,0,0,0,0,0,0,0,0,0,0,0,0,0,0,0,0,0,0,0,100.213,0,0,0
"MtrElec",12,7,3,"",101.888,0,0,0,0,0,0,0,0,0,0,0,0,0,0,0,0,0,0,0,0,101.888,0,0,0
"MtrElec",12,7,4,"",104.61,0,0,0,0,0,0,0,0,0,0,0,0,0,0,0,0,0,0,0,0,104.61,0,0,0
"MtrElec",12,7,5,"",107.138,0,0,0,0,0,0,0,0,0,0,0,0,0,0,0,0,0,0,0,0,107.138,0,0,0
"MtrElec",12,7,6,"",113.03,0,0,0,0,0,0,0,0,0,0,0,0,0,0,0,0,0,0,0,0,113.03,0,0,0
"MtrElec",12,7,7,"",120.712,0,0,0,0,0,0,0,0,0,0,0,0,0,0,0,0,0,0,0,0,120.712,0,0,0
"MtrElec",12,7,8,"",103.714,0,0,0,0,0,0,0,0,0,0,0,0,0,0,0,0,0,0,0,0,143.329,0,0,-39.6149
"MtrElec",12,7,9,"",56.0347,0,0,0,0,0,0,0,0,0,0,0,0,0,0,0,0,0,0,0,0,163.376,0,0,-107.341
"MtrElec",12,7,10,"",0,0,0,0,0,0,0,0,0,0,0,0,0,0,0,0,0,0,0,0,0,154.309,0,41.625,-195.934
"MtrElec",12,7,11,"",72.7099,0,0,0,0,0,0,0,0,0,0,0,0,0,0,0,0,0,0,0,0,160.542,0,0,-87.8319
"MtrElec",12,7,12,"",37.6041,0,0,0,0,0,0,0,0,0,0,0,0,0,0,0,0,0,0,0,0,147.974,0,0,-110.37
"MtrElec",12,7,13,"",27.655,0,0,0,0,0,0,0,0,0,0,0,0,0,0,0,0,0,0,0,0,196.65,0,0,-168.995
"MtrElec",12,7,14,"",0,0,0,0,0,0,0,0,0,0,0,0,0,0,0,0,0,0,0,0,0,104.252,0,72.8869,-177.139
"MtrElec",12,7,15,"",46.2851,0,0,0,0,0,0,0,0,0,0,0,0,0,0,0,0,0,0,0,0,108.606,0,0,-62.3213
"MtrElec",12,7,16,"",82.3665,0,0,0,0,0,0,0,0,0,0,0,0,0,0,0,0,0,0,0,0,119.858,0,0,-37.4918
"MtrElec",12,7,17,"",119.101,0,0,0,0,0,0,0,0,0,0,0,0,0,0,0,0,0,0,0,0,146.032,0,0,-26.9307
"MtrElec",12,7,18,"",156.459,0,0,0,0,0,0,0,0,0,0,0,0,0,0,0,0,0,0,0,0,156.459,0,0,0
"MtrElec",12,7,19,"",67.228,0,0,0,0,0,0,0,0,0,0,0,0,0,0,0,0,0,0,0,0,170.575,0,-103.347,0
"MtrElec",12,7,20,"",182.701,0,0,0,0,0,0,0,0,0,0,0,0,0,0,0,0,0,0,0,0,182.701,0,0,0
"MtrElec",12,7,21,"",199.675,0,0,0,0,0,0,0,0,0,0,0,0,0,0,0,0,0,0,0,0,199.675,0,0,0
"MtrElec",12,7,22,"",162.388,0,0,0,0,0,0,0,0,0,0,0,0,0,0,0,0,0,0,0,0,162.388,0,0,0
"MtrElec",12,7,23,"",165.129,0,0,0,0,0,0,0,0,0,0,0,0,0,0,0,0,0,0,0,0,165.129,0,0,0
"MtrElec",12,7,24,"",124.276,0,0,0,0,0,0,0,0,0,0,0,0,0,0,0,0,0,0,0,0,124.276,0,0,0
"MtrElec",12,8,1,"",121.263,0,0,0,0,0,0,0,0,0,0,0,0,0,0,0,0,0,0,0,0,121.263,0,0,0
"MtrElec",12,8,2,"",99.8525,0,0,0,0,0,0,0,0,0,0,0,0,0,0,0,0,0,0,0,0,99.8525,0,0,0
"MtrElec",12,8,3,"",97.1453,0,0,0,0,0,0,0,0,0,0,0,0,0,0,0,0,0,0,0,0,97.1453,0,0,0
"MtrElec",12,8,4,"",96.9109,0,0,0,0,0,0,0,0,0,0,0,0,0,0,0,0,0,0,0,0,96.9109,0,0,0
"MtrElec",12,8,5,"",96.7301,0,0,0,0,0,0,0,0,0,0,0,0,0,0,0,0,0,0,0,0,96.7301,0,0,0
"MtrElec",12,8,6,"",103.188,0,0,0,0,0,0,0,0,0,0,0,0,0,0,0,0,0,0,0,0,103.188,0,0,0
"MtrElec",12,8,7,"",122.089,0,0,0,0,0,0,0,0,0,0,0,0,0,0,0,0,0,0,0,0,122.089,0,0,0
"MtrElec",12,8,8,"",43.2826,0,0,0,0,0,0,0,0,0,0,0,0,0,0,0,0,0,0,0,0,123.151,0,0,-79.8687
"MtrElec",12,8,9,"",0,0,0,0,0,0,0,0,0,0,0,0,0,0,0,0,0,0,0,0,0,145.091,0,25.2198,-170.31
"MtrElec",12,8,10,"",0.0000078,0,0,0,0,0,0,0,0,0,0,0,0,0,0,0,0,0,0,0,0,168.221,0,87.3535,-255.574
"MtrElec",12,8,11,"",0,0,0,0,0,0,0,0,0,0,0,0,0,0,0,0,0,0,0,0,0,150.111,0,30.1568,-180.267
"MtrElec",12,8,12,"",0,0,0,0,0,0,0,0,0,0,0,0,0,0,0,0,0,0,0,0,0,138.095,0,201.755,-339.85
"MtrElec",12,8,13,"",0,0,0,0,0,0,0,0,0,0,0,0,0,0,0,0,0,0,0,0,0,122.702,0,4.11186,-126.814
"MtrElec",12,8,14,"",0.0000078,0,0,0,0,0,0,0,0,0,0,0,0,0,0,0,0,0,0,0,0,110.111,0,119.86,-229.971
"MtrElec",12,8,15,"",-86.2363,0,0,0,0,0,0,0,0,0,0,0,0,0,0,0,0,0,0,0,0,107.715,0,93.2892,-287.241
"MtrElec",12,8,16,"",-39.4117,0,0,0,0,0,0,0,0,0,0,0,0,0,0,0,0,0,0,0,0,121.403,0,0,-160.814
"MtrElec",12,8,17,"",128.693,0,0,0,0,0,0,0,0,0,0,0,0,0,0,0,0,0,0,0,0,151.091,0,0,-22.398
"MtrElec",12,8,18,"",153.728,0,0,0,0,0,0,0,0,0,0,0,0,0,0,0,0,0,0,0,0,153.728,0,0,0
"MtrElec",12,8,19,"",-42.5379,0,0,0,0,0,0,0,0,0,0,0,0,0,0,0,0,0,0,0,0,181.689,0,-224.226,0
"MtrElec",12,8,20,"",-32.7809,0,0,0,0,0,0,0,0,0,0,0,0,0,0,0,0,0,0,0,0,191.446,0,-224.226,0
"MtrElec",12,8,21,"",144.172,0,0,0,0,0,0,0,0,0,0,0,0,0,0,0,0,0,0,0,0,202.695,0,-58.5231,0
"MtrElec",12,8,22,"",151.07,0,0,0,0,0,0,0,0,0,0,0,0,0,0,0,0,0,0,0,0,151.07,0,0,0
"MtrElec",12,8,23,"",150.759,0,0,0,0,0,0,0,0,0,0,0,0,0,0,0,0,0,0,0,0,150.759,0,0,0
"MtrElec",12,8,24,"",109.342,0,0,0,0,0,0,0,0,0,0,0,0,0,0,0,0,0,0,0,0,109.342,0,0,0
"MtrElec",12,9,1,"",87.0915,0,0,0,0,0,0,0,0,0,0,0,0,0,0,0,0,0,0,0,0,87.0915,0,0,0
"MtrElec",12,9,2,"",82.6813,0,0,0,0,0,0,0,0,0,0,0,0,0,0,0,0,0,0,0,0,82.6813,0,0,0
"MtrElec",12,9,3,"",84.8053,0,0,0,0,0,0,0,0,0,0,0,0,0,0,0,0,0,0,0,0,84.8053,0,0,0
"MtrElec",12,9,4,"",93.3909,0,0,0,0,0,0,0,0,0,0,0,0,0,0,0,0,0,0,0,0,93.3909,0,0,0
"MtrElec",12,9,5,"",85.5423,0,0,0,0,0,0,0,0,0,0,0,0,0,0,0,0,0,0,0,0,85.5423,0,0,0
"MtrElec",12,9,6,"",89.166,0,0,0,0,0,0,0,0,0,0,0,0,0,0,0,0,0,0,0,0,89.166,0,0,0
"MtrElec",12,9,7,"",104.685,0,0,0,0,0,0,0,0,0,0,0,0,0,0,0,0,0,0,0,0,104.685,0,0,0
"MtrElec",12,9,8,"",43.57,0,0,0,0,0,0,0,0,0,0,0,0,0,0,0,0,0,0,0,0,114.016,0,0,-70.446
"MtrElec",12,9,9,"",83.7588,0,0,0,0,0,0,0,0,0,0,0,0,0,0,0,0,0,0,0,0,121.442,0,0,-37.683
"MtrElec",12,9,10,"",0.0000078,0,0,0,0,0,0,0,0,0,0,0,0,0,0,0,0,0,0,0,0,123.616,0,106.323,-229.939
"MtrElec",12,9,11,"",-37.8162,0,0,0,0,0,0,0,0,0,0,0,0,0,0,0,0,0,0,0,0,161.86,0,224.226,-423.903
"MtrElec",12,9,12,"",-111.261,0,0,0,0,0,0,0,0,0,0,0,0,0,0,0,0,0,0,0,0,120.102,0,224.226,-455.589
"MtrElec",12,9,13,"",-327.432,0,0,0,0,0,0,0,0,0,0,0,0,0,0,0,0,0,0,0,0,114.985,0,6.97066,-449.388
"MtrElec",12,9,14,"",-290.391,0,0,0,0,0,0,0,0,0,0,0,0,0,0,0,0,0,0,0,0,105.944,0,0,-396.335
"MtrElec",12,9,15,"",-206.378,0,0,0,0,0,0,0,0,0,0,0,0,0,0,0,0,0,0,0,0,100.967,0,0,-307.345
"MtrElec",12,9,16,"",-65.4141,0,0,0,0,0,0,0,0,0,0,0,0,0,0,0,0,0,0,0,0,111.906,0,0,-177.32
"MtrElec",12,9,17,"",107.559,0,0,0,0,0,0,0,0,0,0,0,0,0,0,0,0,0,0,0,0,143.999,0,0,-36.4402
"MtrElec",12,9,18,"",155.254,0,0,0,0,0,0,0,0,0,0,0,0,0,0,0,0,0,0,0,0,155.254,0,0,0
"MtrElec",12,9,19,"",-35.2564,0,0,0,0,0,0,0,0,0,0,0,0,0,0,0,0,0,0,0,0,188.97,0,-224.226,0
"MtrElec",12,9,20,"",-50.0603,0,0,0,0,0,0,0,0,0,0,0,0,0,0,0,0,0,0,0,0,174.166,0,-224.226,0
"MtrElec",12,9,21,"",143.086,0,0,0,0,0,0,0,0,0,0,0,0,0,0,0,0,0,0,0,0,201.609,0,-58.5231,0
"MtrElec",12,9,22,"",159.577,0,0,0,0,0,0,0,0,0,0,0,0,0,0,0,0,0,0,0,0,159.577,0,0,0
"MtrElec",12,9,23,"",151.062,0,0,0,0,0,0,0,0,0,0,0,0,0,0,0,0,0,0,0,0,151.062,0,0,0
"MtrElec",12,9,24,"",120.888,0,0,0,0,0,0,0,0,0,0,0,0,0,0,0,0,0,0,0,0,120.888,0,0,0
"MtrElec",12,10,1,"",100.231,0,0,0,0,0,0,0,0,0,0,0,0,0,0,0,0,0,0,0,0,100.231,0,0,0
"MtrElec",12,10,2,"",84.4866,0,0,0,0,0,0,0,0,0,0,0,0,0,0,0,0,0,0,0,0,84.4866,0,0,0
"MtrElec",12,10,3,"",85.4741,0,0,0,0,0,0,0,0,0,0,0,0,0,0,0,0,0,0,0,0,85.4741,0,0,0
"MtrElec",12,10,4,"",93.4339,0,0,0,0,0,0,0,0,0,0,0,0,0,0,0,0,0,0,0,0,93.4339,0,0,0
"MtrElec",12,10,5,"",86.8127,0,0,0,0,0,0,0,0,0,0,0,0,0,0,0,0,0,0,0,0,86.8127,0,0,0
"MtrElec",12,10,6,"",95.3714,0,0,0,0,0,0,0,0,0,0,0,0,0,0,0,0,0,0,0,0,95.3714,0,0,0
"MtrElec",12,10,7,"",116.813,0,0,0,0,0,0,0,0,0,0,0,0,0,0,0,0,0,0,0,0,116.813,0,0,0
"MtrElec",12,10,8,"",9.97615,0,0,0,0,0,0,0,0,0,0,0,0,0,0,0,0,0,0,0,0,120.005,0,0,-110.029
"MtrElec",12,10,9,"",0,0,0,0,0,0,0,0,0,0,0,0,0,0,0,0,0,0,0,0,0,134.322,0,116.919,-251.241
"MtrElec",12,10,10,"",0,0,0,0,0,0,0,0,0,0,0,0,0,0,0,0,0,0,0,0,0,156.792,0,195.52,-352.313
"MtrElec",12,10,11,"",-20.932,0,0,0,0,0,0,0,0,0,0,0,0,0,0,0,0,0,0,0,0,167.324,0,224.226,-412.482
"MtrElec",12,10,12,"",-271.053,0,0,0,0,0,0,0,0,0,0,0,0,0,0,0,0,0,0,0,0,139.869,0,25.0803,-436.003
"MtrElec",12,10,13,"",-229.331,0,0,0,0,0,0,0,0,0,0,0,0,0,0,0,0,0,0,0,0,200.456,0,0,-429.787
"MtrElec",12,10,14,"",-264.581,0,0,0,0,0,0,0,0,0,0,0,0,0,0,0,0,0,0,0,0,115.938,0,0,-380.519
"MtrElec",12,10,15,"",-164.457,0,0,0,0,0,0,0,0,0,0,0,0,0,0,0,0,0,0,0,0,126.211,0,0,-290.667
"MtrElec",12,10,16,"",-46.9712,0,0,0,0,0,0,0,0,0,0,0,0,0,0,0,0,0,0,0,0,125.579,0,0,-172.55
"MtrElec",12,10,17,"",134.154,0,0,0,0,0,0,0,0,0,0,0,0,0,0,0,0,0,0,0,0,172.191,0,0,-38.0372
"MtrElec",12,10,18,"",167.519,0,0,0,0,0,0,0,0,0,0,0,0,0,0,0,0,0,0,0,0,167.519,0,0,0
"MtrElec",12,10,19,"",-9.21016,0,0,0,0,0,0,0,0,0,0,0,0,0,0,0,0,0,0,0,0,215.016,0,-224.226,0
"MtrElec",12,10,20,"",-26.062,0,0,0,0,0,0,0,0,0,0,0,0,0,0,0,0,0,0,0,0,198.164,0,-224.226,0
"MtrElec",12,10,21,"",133.453,0,0,0,0,0,0,0,0,0,0,0,0,0,0,0,0,0,0,0,0,191.976,0,-58.5231,0
"MtrElec",12,10,22,"",165.268,0,0,0,0,0,0,0,0,0,0,0,0,0,0,0,0,0,0,0,0,165.268,0,0,0
"MtrElec",12,10,23,"",153.261,0,0,0,0,0,0,0,0,0,0,0,0,0,0,0,0,0,0,0,0,153.261,0,0,0
"MtrElec",12,10,24,"",117.176,0,0,0,0,0,0,0,0,0,0,0,0,0,0,0,0,0,0,0,0,117.176,0,0,0
"MtrElec",12,11,1,"",86.4281,0,0,0,0,0,0,0,0,0,0,0,0,0,0,0,0,0,0,0,0,86.4281,0,0,0
"MtrElec",12,11,2,"",82.9276,0,0,0,0,0,0,0,0,0,0,0,0,0,0,0,0,0,0,0,0,82.9276,0,0,0
"MtrElec",12,11,3,"",85.2598,0,0,0,0,0,0,0,0,0,0,0,0,0,0,0,0,0,0,0,0,85.2598,0,0,0
"MtrElec",12,11,4,"",86.9205,0,0,0,0,0,0,0,0,0,0,0,0,0,0,0,0,0,0,0,0,86.9205,0,0,0
"MtrElec",12,11,5,"",87.0887,0,0,0,0,0,0,0,0,0,0,0,0,0,0,0,0,0,0,0,0,87.0887,0,0,0
"MtrElec",12,11,6,"",86.6581,0,0,0,0,0,0,0,0,0,0,0,0,0,0,0,0,0,0,0,0,86.6581,0,0,0
"MtrElec",12,11,7,"",98.9722,0,0,0,0,0,0,0,0,0,0,0,0,0,0,0,0,0,0,0,0,98.9722,0,0,0
"MtrElec",12,11,8,"",13.5713,0,0,0,0,0,0,0,0,0,0,0,0,0,0,0,0,0,0,0,0,126.201,0,0,-112.63
"MtrElec",12,11,9,"",0.0000078,0,0,0,0,0,0,0,0,0,0,0,0,0,0,0,0,0,0,0,0,129.048,0,124.962,-254.01
"MtrElec",12,11,10,"",-1.50806,0,0,0,0,0,0,0,0,0,0,0,0,0,0,0,0,0,0,0,0,130.774,0,224.226,-356.508
"MtrElec",12,11,11,"",-57.1051,0,0,0,0,0,0,0,0,0,0,0,0,0,0,0,0,0,0,0,0,141.518,0,212.558,-411.181
"MtrElec",12,11,12,"",-332.375,0,0,0,0,0,0,0,0,0,0,0,0,0,0,0,0,0,0,0,0,107.094,0,0,-439.469
"MtrElec",12,11,13,"",-320.177,0,0,0,0,0,0,0,0,0,0,0,0,0,0,0,0,0,0,0,0,105.851,0,0,-426.028
"MtrElec",12,11,14,"",-257.66,0,0,0,0,0,0,0,0,0,0,0,0,0,0,0,0,0,0,0,0,115.832,0,0,-373.493
"MtrElec",12,11,15,"",-172.582,0,0,0,0,0,0,0,0,0,0,0,0,0,0,0,0,0,0,0,0,117.681,0,0,-290.263
"MtrElec",12,11,16,"",-38.2376,0,0,0,0,0,0,0,0,0,0,0,0,0,0,0,0,0,0,0,0,135.769,0,0,-174.007
"MtrElec",12,11,17,"",120.968,0,0,0,0,0,0,0,0,0,0,0,0,0,0,0,0,0,0,0,0,159.272,0,0,-38.3031
"MtrElec",12,11,18,"",180.073,0,0,0,0,0,0,0,0,0,0,0,0,0,0,0,0,0,0,0,0,180.073,0,0,0
"MtrElec",12,11,19,"",-48.376,0,0,0,0,0,0,0,0,0,0,0,0,0,0,0,0,0,0,0,0,175.85,0,-224.226,0
"MtrElec",12,11,20,"",-48.0789,0,0,0,0,0,0,0,0,0,0,0,0,0,0,0,0,0,0,0,0,176.148,0,-224.226,0
"MtrElec",12,11,21,"",156.452,0,0,0,0,0,0,0,0,0,0,0,0,0,0,0,0,0,0,0,0,214.975,0,-58.5231,0
"MtrElec",12,11,22,"",170.042,0,0,0,0,0,0,0,0,0,0,0,0,0,0,0,0,0,0,0,0,170.042,0,0,0
"MtrElec",12,11,23,"",145.335,0,0,0,0,0,0,0,0,0,0,0,0,0,0,0,0,0,0,0,0,145.335,0,0,0
"MtrElec",12,11,24,"",141.726,0,0,0,0,0,0,0,0,0,0,0,0,0,0,0,0,0,0,0,0,141.726,0,0,0
"MtrElec",12,12,1,"",102.224,0,0,0,0,0,0,0,0,0,0,0,0,0,0,0,0,0,0,0,0,102.224,0,0,0
"MtrElec",12,12,2,"",82.0104,0,0,0,0,0,0,0,0,0,0,0,0,0,0,0,0,0,0,0,0,82.0104,0,0,0
"MtrElec",12,12,3,"",83.0372,0,0,0,0,0,0,0,0,0,0,0,0,0,0,0,0,0,0,0,0,83.0372,0,0,0
"MtrElec",12,12,4,"",84.7221,0,0,0,0,0,0,0,0,0,0,0,0,0,0,0,0,0,0,0,0,84.7221,0,0,0
"MtrElec",12,12,5,"",100.578,0,0,0,0,0,0,0,0,0,0,0,0,0,0,0,0,0,0,0,0,100.578,0,0,0
"MtrElec",12,12,6,"",84.3136,0,0,0,0,0,0,0,0,0,0,0,0,0,0,0,0,0,0,0,0,84.3136,0,0,0
"MtrElec",12,12,7,"",93.0426,0,0,0,0,0,0,0,0,0,0,0,0,0,0,0,0,0,0,0,0,93.0426,0,0,0
"MtrElec",12,12,8,"",0.0000002,0,0,0,0,0,0,0,0,0,0,0,0,0,0,0,0,0,0,0,0,101.192,0,3.81055,-105.003
"MtrElec",12,12,9,"",0.0000078,0,0,0,0,0,0,0,0,0,0,0,0,0,0,0,0,0,0,0,0,115.517,0,129.507,-245.023
"MtrElec",12,12,10,"",-1.93366,0,0,0,0,0,0,0,0,0,0,0,0,0,0,0,0,0,0,0,0,123.496,0,224.226,-349.656
"MtrElec",12,12,11,"",-39.9555,0,0,0,0,0,0,0,0,0,0,0,0,0,0,0,0,0,0,0,0,167.478,0,204.203,-411.637
"MtrElec",12,12,12,"",-296.79,0,0,0,0,0,0,0,0,0,0,0,0,0,0,0,0,0,0,0,0,140.061,0,0,-436.851
"MtrElec",12,12,13,"",-260.685,0,0,0,0,0,0,0,0,0,0,0,0,0,0,0,0,0,0,0,0,178.079,0,0,-438.764
"MtrElec",12,12,14,"",-244.944,0,0,0,0,0,0,0,0,0,0,0,0,0,0,0,0,0,0,0,0,148.903,0,0,-393.846
"MtrElec",12,12,15,"",-140.79,0,0,0,0,0,0,0,0,0,0,0,0,0,0,0,0,0,0,0,0,166.534,0,0,-307.323
"MtrElec",12,12,16,"",-45.526,0,0,0,0,0,0,0,0,0,0,0,0,0,0,0,0,0,0,0,0,133.17,0,0,-178.696
"MtrElec",12,12,17,"",93.4129,0,0,0,0,0,0,0,0,0,0,0,0,0,0,0,0,0,0,0,0,132.109,0,0,-38.6956
"MtrElec",12,12,18,"",152.244,0,0,0,0,0,0,0,0,0,0,0,0,0,0,0,0,0,0,0,0,152.244,0,0,0
"MtrElec",12,12,19,"",-28.6805,0,0,0,0,0,0,0,0,0,0,0,0,0,0,0,0,0,0,0,0,195.546,0,-224.226,0
"MtrElec",12,12,20,"",-43.6745,0,0,0,0,0,0,0,0,0,0,0,0,0,0,0,0,0,0,0,0,180.552,0,-224.226,0
"MtrElec",12,12,21,"",117.29,0,0,0,0,0,0,0,0,0,0,0,0,0,0,0,0,0,0,0,0,175.813,0,-58.5231,0
"MtrElec",12,12,22,"",176.352,0,0,0,0,0,0,0,0,0,0,0,0,0,0,0,0,0,0,0,0,176.352,0,0,0
"MtrElec",12,12,23,"",130.209,0,0,0,0,0,0,0,0,0,0,0,0,0,0,0,0,0,0,0,0,130.209,0,0,0
"MtrElec",12,12,24,"",143.982,0,0,0,0,0,0,0,0,0,0,0,0,0,0,0,0,0,0,0,0,143.982,0,0,0
"MtrElec",12,13,1,"",99.0534,0,0,0,0,0,0,0,0,0,0,0,0,0,0,0,0,0,0,0,0,99.0534,0,0,0
"MtrElec",12,13,2,"",82.885,0,0,0,0,0,0,0,0,0,0,0,0,0,0,0,0,0,0,0,0,82.885,0,0,0
"MtrElec",12,13,3,"",82.7724,0,0,0,0,0,0,0,0,0,0,0,0,0,0,0,0,0,0,0,0,82.7724,0,0,0
"MtrElec",12,13,4,"",83.2507,0,0,0,0,0,0,0,0,0,0,0,0,0,0,0,0,0,0,0,0,83.2507,0,0,0
"MtrElec",12,13,5,"",86.6789,0,0,0,0,0,0,0,0,0,0,0,0,0,0,0,0,0,0,0,0,86.6789,0,0,0
"MtrElec",12,13,6,"",84.9834,0,0,0,0,0,0,0,0,0,0,0,0,0,0,0,0,0,0,0,0,84.9834,0,0,0
"MtrElec",12,13,7,"",95.0342,0,0,0,0,0,0,0,0,0,0,0,0,0,0,0,0,0,0,0,0,95.0342,0,0,0
"MtrElec",12,13,8,"",42.4261,0,0,0,0,0,0,0,0,0,0,0,0,0,0,0,0,0,0,0,0,116.888,0,0,-74.4615
"MtrElec",12,13,9,"",0,0,0,0,0,0,0,0,0,0,0,0,0,0,0,0,0,0,0,0,0,134.001,0,84.5329,-218.533
"MtrElec",12,13,10,"",-3.41605,0,0,0,0,0,0,0,0,0,0,0,0,0,0,0,0,0,0,0,0,129.587,0,224.226,-357.229
"MtrElec",12,13,11,"",-49.4355,0,0,0,0,0,0,0,0,0,0,0,0,0,0,0,0,0,0,0,0,155.268,0,224.226,-428.93
"MtrElec",12,13,12,"",-241.104,0,0,0,0,0,0,0,0,0,0,0,0,0,0,0,0,0,0,0,0,191.885,0,28.7605,-461.75
"MtrElec",12,13,13,"",-287.546,0,0,0,0,0,0,0,0,0,0,0,0,0,0,0,0,0,0,0,0,166.556,0,0,-454.102
"MtrElec",12,13,14,"",-256.383,0,0,0,0,0,0,0,0,0,0,0,0,0,0,0,0,0,0,0,0,145.272,0,0,-401.654
"MtrElec",12,13,15,"",-123.388,0,0,0,0,0,0,0,0,0,0,0,0,0,0,0,0,0,0,0,0,187.161,0,0,-310.549
"MtrElec",12,13,16,"",-27.78,0,0,0,0,0,0,0,0,0,0,0,0,0,0,0,0,0,0,0,0,153.891,0,0,-181.671
"MtrElec",12,13,17,"",111.964,0,0,0,0,0,0,0,0,0,0,0,0,0,0,0,0,0,0,0,0,152.35,0,0,-40.3859
"MtrElec",12,13,18,"",162.994,0,0,0,0,0,0,0,0,0,0,0,0,0,0,0,0,0,0,0,0,162.994,0,0,0
"MtrElec",12,13,19,"",-14.1168,0,0,0,0,0,0,0,0,0,0,0,0,0,0,0,0,0,0,0,0,210.11,0,-224.226,0
"MtrElec",12,13,20,"",-24.7176,0,0,0,0,0,0,0,0,0,0,0,0,0,0,0,0,0,0,0,0,199.509,0,-224.226,0
"MtrElec",12,13,21,"",118.658,0,0,0,0,0,0,0,0,0,0,0,0,0,0,0,0,0,0,0,0,177.181,0,-58.5231,0
"MtrElec",12,13,22,"",188.59,0,0,0,0,0,0,0,0,0,0,0,0,0,0,0,0,0,0,0,0,188.59,0,0,0
"MtrElec",12,13,23,"",124.181,0,0,0,0,0,0,0,0,0,0,0,0,0,0,0,0,0,0,0,0,124.181,0,0,0
"MtrElec",12,13,24,"",107.308,0,0,0,0,0,0,0,0,0,0,0,0,0,0,0,0,0,0,0,0,107.308,0,0,0
"MtrElec",12,14,1,"",94.4774,0,0,0,0,0,0,0,0,0,0,0,0,0,0,0,0,0,0,0,0,94.4774,0,0,0
"MtrElec",12,14,2,"",88.1912,0,0,0,0,0,0,0,0,0,0,0,0,0,0,0,0,0,0,0,0,88.1912,0,0,0
"MtrElec",12,14,3,"",87.5552,0,0,0,0,0,0,0,0,0,0,0,0,0,0,0,0,0,0,0,0,87.5552,0,0,0
"MtrElec",12,14,4,"",88.6447,0,0,0,0,0,0,0,0,0,0,0,0,0,0,0,0,0,0,0,0,88.6447,0,0,0
"MtrElec",12,14,5,"",88.3048,0,0,0,0,0,0,0,0,0,0,0,0,0,0,0,0,0,0,0,0,88.3048,0,0,0
"MtrElec",12,14,6,"",92.584,0,0,0,0,0,0,0,0,0,0,0,0,0,0,0,0,0,0,0,0,92.584,0,0,0
"MtrElec",12,14,7,"",109.144,0,0,0,0,0,0,0,0,0,0,0,0,0,0,0,0,0,0,0,0,109.144,0,0,0
"MtrElec",12,14,8,"",17.8234,0,0,0,0,0,0,0,0,0,0,0,0,0,0,0,0,0,0,0,0,122.205,0,0,-104.381
"MtrElec",12,14,9,"",0,0,0,0,0,0,0,0,0,0,0,0,0,0,0,0,0,0,0,0,0,155.412,0,90.8509,-246.263
"MtrElec",12,14,10,"",0,0,0,0,0,0,0,0,0,0,0,0,0,0,0,0,0,0,0,0,0,149.844,0,201.828,-351.672
"MtrElec",12,14,11,"",-31.4264,0,0,0,0,0,0,0,0,0,0,0,0,0,0,0,0,0,0,0,0,156.818,0,224.226,-412.47
"MtrElec",12,14,12,"",-249.92,0,0,0,0,0,0,0,0,0,0,0,0,0,0,0,0,0,0,0,0,142.436,0,44.8413,-437.197
"MtrElec",12,14,13,"",-200.364,0,0,0,0,0,0,0,0,0,0,0,0,0,0,0,0,0,0,0,0,233.408,0,0,-433.772
"MtrElec",12,14,14,"",-279.049,0,0,0,0,0,0,0,0,0,0,0,0,0,0,0,0,0,0,0,0,112.66,0,0,-391.708
"MtrElec",12,14,15,"",-179.048,0,0,0,0,0,0,0,0,0,0,0,0,0,0,0,0,0,0,0,0,127.651,0,0,-306.699
"MtrElec",12,14,16,"",-41.564,0,0,0,0,0,0,0,0,0,0,0,0,0,0,0,0,0,0,0,0,137.539,0,0,-179.103
"MtrElec",12,14,17,"",126.409,0,0,0,0,0,0,0,0,0,0,0,0,0,0,0,0,0,0,0,0,165.73,0,0,-39.3213
"MtrElec",12,14,18,"",166.893,0,0,0,0,0,0,0,0,0,0,0,0,0,0,0,0,0,0,0,0,166.893,0,0,0
"MtrElec",12,14,19,"",-45.2847,0,0,0,0,0,0,0,0,0,0,0,0,0,0,0,0,0,0,0,0,178.942,0,-224.226,0
"MtrElec",12,14,20,"",-36.38,0,0,0,0,0,0,0,0,0,0,0,0,0,0,0,0,0,0,0,0,187.846,0,-224.226,0
"MtrElec",12,14,21,"",151.588,0,0,0,0,0,0,0,0,0,0,0,0,0,0,0,0,0,0,0,0,210.111,0,-58.5231,0
"MtrElec",12,14,22,"",155.9,0,0,0,0,0,0,0,0,0,0,0,0,0,0,0,0,0,0,0,0,155.9,0,0,0
"MtrElec",12,14,23,"",139.892,0,0,0,0,0,0,0,0,0,0,0,0,0,0,0,0,0,0,0,0,139.892,0,0,0
"MtrElec",12,14,24,"",121.657,0,0,0,0,0,0,0,0,0,0,0,0,0,0,0,0,0,0,0,0,121.657,0,0,0
"MtrElec",12,15,1,"",104.196,0,0,0,0,0,0,0,0,0,0,0,0,0,0,0,0,0,0,0,0,104.196,0,0,0
"MtrElec",12,15,2,"",81.7207,0,0,0,0,0,0,0,0,0,0,0,0,0,0,0,0,0,0,0,0,81.7207,0,0,0
"MtrElec",12,15,3,"",82.641,0,0,0,0,0,0,0,0,0,0,0,0,0,0,0,0,0,0,0,0,82.641,0,0,0
"MtrElec",12,15,4,"",83.4517,0,0,0,0,0,0,0,0,0,0,0,0,0,0,0,0,0,0,0,0,83.4517,0,0,0
"MtrElec",12,15,5,"",82.8464,0,0,0,0,0,0,0,0,0,0,0,0,0,0,0,0,0,0,0,0,82.8464,0,0,0
"MtrElec",12,15,6,"",90.9499,0,0,0,0,0,0,0,0,0,0,0,0,0,0,0,0,0,0,0,0,90.9499,0,0,0
"MtrElec",12,15,7,"",101.297,0,0,0,0,0,0,0,0,0,0,0,0,0,0,0,0,0,0,0,0,101.297,0,0,0
"MtrElec",12,15,8,"",10.461,0,0,0,0,0,0,0,0,0,0,0,0,0,0,0,0,0,0,0,0,111.697,0,0,-101.236
"MtrElec",12,15,9,"",0.0000078,0,0,0,0,0,0,0,0,0,0,0,0,0,0,0,0,0,0,0,0,129.671,0,121.615,-251.286
"MtrElec",12,15,10,"",-13.3631,0,0,0,0,0,0,0,0,0,0,0,0,0,0,0,0,0,0,0,0,127.858,0,224.226,-365.448
"MtrElec",12,15,11,"",-77.5433,0,0,0,0,0,0,0,0,0,0,0,0,0,0,0,0,0,0,0,0,137.973,0,215.904,-431.421
"MtrElec",12,15,12,"",-330.147,0,0,0,0,0,0,0,0,0,0,0,0,0,0,0,0,0,0,0,0,133.279,0,0,-463.426
"MtrElec",12,15,13,"",-287.361,0,0,0,0,0,0,0,0,0,0,0,0,0,0,0,0,0,0,0,0,164.942,0,0,-452.303
"MtrElec",12,15,14,"",-281.875,0,0,0,0,0,0,0,0,0,0,0,0,0,0,0,0,0,0,0,0,118.141,0,0,-400.016
"MtrElec",12,15,15,"",-196.811,0,0,0,0,0,0,0,0,0,0,0,0,0,0,0,0,0,0,0,0,117.387,0,0,-314.198
"MtrElec",12,15,16,"",-49.8381,0,0,0,0,0,0,0,0,0,0,0,0,0,0,0,0,0,0,0,0,133.962,0,0,-183.8
"MtrElec",12,15,17,"",118.464,0,0,0,0,0,0,0,0,0,0,0,0,0,0,0,0,0,0,0,0,158.803,0,0,-40.3397
"MtrElec",12,15,18,"",171.095,0,0,0,0,0,0,0,0,0,0,0,0,0,0,0,0,0,0,0,0,171.095,0,0,0
"MtrElec",12,15,19,"",-35.109,0,0,0,0,0,0,0,0,0,0,0,0,0,0,0,0,0,0,0,0,189.118,0,-224.226,0
"MtrElec",12,15,20,"",-42.4499,0,0,0,0,0,0,0,0,0,0,0,0,0,0,0,0,0,0,0,0,181.777,0,-224.226,0
"MtrElec",12,15,21,"",145.04,0,0,0,0,0,0,0,0,0,0,0,0,0,0,0,0,0,0,0,0,203.563,0,-58.5231,0
"MtrElec",12,15,22,"",156.335,0,0,0,0,0,0,0,0,0,0,0,0,0,0,0,0,0,0,0,0,156.335,0,0,0
"MtrElec",12,15,23,"",158.56,0,0,0,0,0,0,0,0,0,0,0,0,0,0,0,0,0,0,0,0,158.56,0,0,0
"MtrElec",12,15,24,"",163.468,0,0,0,0,0,0,0,0,0,0,0,0,0,0,0,0,0,0,0,0,163.468,0,0,0
"MtrElec",12,16,1,"",108.103,0,0,0,0,0,0,0,0,0,0,0,0,0,0,0,0,0,0,0,0,108.103,0,0,0
"MtrElec",12,16,2,"",83.6066,0,0,0,0,0,0,0,0,0,0,0,0,0,0,0,0,0,0,0,0,83.6066,0,0,0
"MtrElec",12,16,3,"",83.1634,0,0,0,0,0,0,0,0,0,0,0,0,0,0,0,0,0,0,0,0,83.1634,0,0,0
"MtrElec",12,16,4,"",83.2569,0,0,0,0,0,0,0,0,0,0,0,0,0,0,0,0,0,0,0,0,83.2569,0,0,0
"MtrElec",12,16,5,"",82.5799,0,0,0,0,0,0,0,0,0,0,0,0,0,0,0,0,0,0,0,0,82.5799,0,0,0
"MtrElec",12,16,6,"",86.5779,0,0,0,0,0,0,0,0,0,0,0,0,0,0,0,0,0,0,0,0,86.5779,0,0,0
"MtrElec",12,16,7,"",97.0826,0,0,0,0,0,0,0,0,0,0,0,0,0,0,0,0,0,0,0,0,97.0826,0,0,0
"MtrElec",12,16,8,"",6.43138,0,0,0,0,0,0,0,0,0,0,0,0,0,0,0,0,0,0,0,0,114.889,0,0,-108.457
"MtrElec",12,16,9,"",0.0000078,0,0,0,0,0,0,0,0,0,0,0,0,0,0,0,0,0,0,0,0,124.008,0,137.692,-261.7
"MtrElec",12,16,10,"",-22.4738,0,0,0,0,0,0,0,0,0,0,0,0,0,0,0,0,0,0,0,0,136.314,0,224.226,-383.014
"MtrElec",12,16,11,"",-110.003,0,0,0,0,0,0,0,0,0,0,0,0,0,0,0,0,0,0,0,0,147.781,0,199.828,-457.613
"MtrElec",12,16,12,"",-363.744,0,0,0,0,0,0,0,0,0,0,0,0,0,0,0,0,0,0,0,0,124.974,0,0,-488.718
"MtrElec",12,16,13,"",-310.615,0,0,0,0,0,0,0,0,0,0,0,0,0,0,0,0,0,0,0,0,167.088,0,0,-477.703
"MtrElec",12,16,14,"",-312.651,0,0,0,0,0,0,0,0,0,0,0,0,0,0,0,0,0,0,0,0,111.011,0,0,-423.662
"MtrElec",12,16,15,"",-222.406,0,0,0,0,0,0,0,0,0,0,0,0,0,0,0,0,0,0,0,0,105.991,0,0,-328.397
"MtrElec",12,16,16,"",-56.0228,0,0,0,0,0,0,0,0,0,0,0,0,0,0,0,0,0,0,0,0,112.132,0,0,-168.155
"MtrElec",12,16,17,"",132.281,0,0,0,0,0,0,0,0,0,0,0,0,0,0,0,0,0,0,0,0,155.665,0,0,-23.384
"MtrElec",12,16,18,"",162.601,0,0,0,0,0,0,0,0,0,0,0,0,0,0,0,0,0,0,0,0,162.601,0,0,0
"MtrElec",12,16,19,"",-30.9035,0,0,0,0,0,0,0,0,0,0,0,0,0,0,0,0,0,0,0,0,193.323,0,-224.226,0
"MtrElec",12,16,20,"",-47.4633,0,0,0,0,0,0,0,0,0,0,0,0,0,0,0,0,0,0,0,0,176.763,0,-224.226,0
"MtrElec",12,16,21,"",137.072,0,0,0,0,0,0,0,0,0,0,0,0,0,0,0,0,0,0,0,0,195.595,0,-58.5231,0
"MtrElec",12,16,22,"",157.713,0,0,0,0,0,0,0,0,0,0,0,0,0,0,0,0,0,0,0,0,157.713,0,0,0
"MtrElec",12,16,23,"",147.936,0,0,0,0,0,0,0,0,0,0,0,0,0,0,0,0,0,0,0,0,147.936,0,0,0
"MtrElec",12,16,24,"",121.21,0,0,0,0,0,0,0,0,0,0,0,0,0,0,0,0,0,0,0,0,121.21,0,0,0
"MtrElec",12,17,1,"",114.221,0,0,0,0,0,0,0,0,0,0,0,0,0,0,0,0,0,0,0,0,114.221,0,0,0
"MtrElec",12,17,2,"",84.6569,0,0,0,0,0,0,0,0,0,0,0,0,0,0,0,0,0,0,0,0,84.6569,0,0,0
"MtrElec",12,17,3,"",82.8102,0,0,0,0,0,0,0,0,0,0,0,0,0,0,0,0,0,0,0,0,82.8102,0,0,0
"MtrElec",12,17,4,"",82.5315,0,0,0,0,0,0,0,0,0,0,0,0,0,0,0,0,0,0,0,0,82.5315,0,0,0
"MtrElec",12,17,5,"",81.9135,0,0,0,0,0,0,0,0,0,0,0,0,0,0,0,0,0,0,0,0,81.9135,0,0,0
"MtrElec",12,17,6,"",85.8204,0,0,0,0,0,0,0,0,0,0,0,0,0,0,0,0,0,0,0,0,85.8204,0,0,0
"MtrElec",12,17,7,"",98.1161,0,0,0,0,0,0,0,0,0,0,0,0,0,0,0,0,0,0,0,0,98.1161,0,0,0
"MtrElec",12,17,8,"",23.7117,0,0,0,0,0,0,0,0,0,0,0,0,0,0,0,0,0,0,0,0,124.18,0,0,-100.469
"MtrElec",12,17,9,"",0,0,0,0,0,0,0,0,0,0,0,0,0,0,0,0,0,0,0,0,0,141.454,0,116.054,-257.508
"MtrElec",12,17,10,"",-6.1338,0,0,0,0,0,0,0,0,0,0,0,0,0,0,0,0,0,0,0,0,135.282,0,224.226,-365.643
"MtrElec",12,17,11,"",-63.2026,0,0,0,0,0,0,0,0,0,0,0,0,0,0,0,0,0,0,0,0,152.235,0,221.466,-436.903
"MtrElec",12,17,12,"",-322.839,0,0,0,0,0,0,0,0,0,0,0,0,0,0,0,0,0,0,0,0,156.831,0,0,-479.671
"MtrElec",12,17,13,"",-322.927,0,0,0,0,0,0,0,0,0,0,0,0,0,0,0,0,0,0,0,0,151.569,0,0,-474.496
"MtrElec",12,17,14,"",-305.954,0,0,0,0,0,0,0,0,0,0,0,0,0,0,0,0,0,0,0,0,113.472,0,0,-419.426
"MtrElec",12,17,15,"",-197.487,0,0,0,0,0,0,0,0,0,0,0,0,0,0,0,0,0,0,0,0,129.139,0,0,-326.626
"MtrElec",12,17,16,"",-79.9594,0,0,0,0,0,0,0,0,0,0,0,0,0,0,0,0,0,0,0,0,115.302,0,0,-195.262
"MtrElec",12,17,17,"",94.9344,0,0,0,0,0,0,0,0,0,0,0,0,0,0,0,0,0,0,0,0,141.877,0,0,-46.9427
"MtrElec",12,17,18,"",167.261,0,0,0,0,0,0,0,0,0,0,0,0,0,0,0,0,0,0,0,0,167.261,0,0,0
"MtrElec",12,17,19,"",-36.234,0,0,0,0,0,0,0,0,0,0,0,0,0,0,0,0,0,0,0,0,187.993,0,-224.226,0
"MtrElec",12,17,20,"",-34.85,0,0,0,0,0,0,0,0,0,0,0,0,0,0,0,0,0,0,0,0,189.376,0,-224.226,0
"MtrElec",12,17,21,"",149.852,0,0,0,0,0,0,0,0,0,0,0,0,0,0,0,0,0,0,0,0,208.375,0,-58.5231,0
"MtrElec",12,17,22,"",148.481,0,0,0,0,0,0,0,0,0,0,0,0,0,0,0,0,0,0,0,0,148.481,0,0,0
"MtrElec",12,17,23,"",136.376,0,0,0,0,0,0,0,0,0,0,0,0,0,0,0,0,0,0,0,0,136.376,0,0,0
"MtrElec",12,17,24,"",122.248,0,0,0,0,0,0,0,0,0,0,0,0,0,0,0,0,0,0,0,0,122.248,0,0,0
"MtrElec",12,18,1,"",97.535,0,0,0,0,0,0,0,0,0,0,0,0,0,0,0,0,0,0,0,0,97.535,0,0,0
"MtrElec",12,18,2,"",84.3655,0,0,0,0,0,0,0,0,0,0,0,0,0,0,0,0,0,0,0,0,84.3655,0,0,0
"MtrElec",12,18,3,"",81.586,0,0,0,0,0,0,0,0,0,0,0,0,0,0,0,0,0,0,0,0,81.586,0,0,0
"MtrElec",12,18,4,"",78.7512,0,0,0,0,0,0,0,0,0,0,0,0,0,0,0,0,0,0,0,0,78.7512,0,0,0
"MtrElec",12,18,5,"",80.7609,0,0,0,0,0,0,0,0,0,0,0,0,0,0,0,0,0,0,0,0,80.7609,0,0,0
"MtrElec",12,18,6,"",89.5697,0,0,0,0,0,0,0,0,0,0,0,0,0,0,0,0,0,0,0,0,89.5697,0,0,0
"MtrElec",12,18,7,"",102.924,0,0,0,0,0,0,0,0,0,0,0,0,0,0,0,0,0,0,0,0,102.924,0,0,0
"MtrElec",12,18,8,"",7.65748,0,0,0,0,0,0,0,0,0,0,0,0,0,0,0,0,0,0,0,0,108.799,0,0,-101.142
"MtrElec",12,18,9,"",-0.0000078,0,0,0,0,0,0,0,0,0,0,0,0,0,0,0,0,0,0,0,0,120.26,0,137.855,-258.115
"MtrElec",12,18,10,"",0,0,0,0,0,0,0,0,0,0,0,0,0,0,0,0,0,0,0,0,0,178.106,0,188.869,-366.975
"MtrElec",12,18,11,"",-10.796,0,0,0,0,0,0,0,0,0,0,0,0,0,0,0,0,0,0,0,0,204.509,0,224.226,-439.531
"MtrElec",12,18,12,"",-345.774,0,0,0,0,0,0,0,0,0,0,0,0,0,0,0,0,0,0,0,0,113.751,0,10.7954,-470.32
"MtrElec",12,18,13,"",-338.006,0,0,0,0,0,0,0,0,0,0,0,0,0,0,0,0,0,0,0,0,121.175,0,0,-459.181
"MtrElec",12,18,14,"",-299.555,0,0,0,0,0,0,0,0,0,0,0,0,0,0,0,0,0,0,0,0,104.113,0,0,-403.668
"MtrElec",12,18,15,"",-204.365,0,0,0,0,0,0,0,0,0,0,0,0,0,0,0,0,0,0,0,0,107.864,0,0,-312.228
"MtrElec",12,18,16,"",-58.084,0,0,0,0,0,0,0,0,0,0,0,0,0,0,0,0,0,0,0,0,125.817,0,0,-183.901
"MtrElec",12,18,17,"",126.425,0,0,0,0,0,0,0,0,0,0,0,0,0,0,0,0,0,0,0,0,168.601,0,0,-42.1755
"MtrElec",12,18,18,"",152.831,0,0,0,0,0,0,0,0,0,0,0,0,0,0,0,0,0,0,0,0,152.831,0,0,0
"MtrElec",12,18,19,"",-53.265,0,0,0,0,0,0,0,0,0,0,0,0,0,0,0,0,0,0,0,0,170.962,0,-224.226,0
"MtrElec",12,18,20,"",-31.0676,0,0,0,0,0,0,0,0,0,0,0,0,0,0,0,0,0,0,0,0,193.159,0,-224.226,0
"MtrElec",12,18,21,"",128.34,0,0,0,0,0,0,0,0,0,0,0,0,0,0,0,0,0,0,0,0,186.863,0,-58.5231,0
"MtrElec",12,18,22,"",159.691,0,0,0,0,0,0,0,0,0,0,0,0,0,0,0,0,0,0,0,0,159.691,0,0,0
"MtrElec",12,18,23,"",160.156,0,0,0,0,0,0,0,0,0,0,0,0,0,0,0,0,0,0,0,0,160.156,0,0,0
"MtrElec",12,18,24,"",141.066,0,0,0,0,0,0,0,0,0,0,0,0,0,0,0,0,0,0,0,0,141.066,0,0,0
"MtrElec",12,19,1,"",101.762,0,0,0,0,0,0,0,0,0,0,0,0,0,0,0,0,0,0,0,0,101.762,0,0,0
"MtrElec",12,19,2,"",84.8862,0,0,0,0,0,0,0,0,0,0,0,0,0,0,0,0,0,0,0,0,84.8862,0,0,0
"MtrElec",12,19,3,"",85.917,0,0,0,0,0,0,0,0,0,0,0,0,0,0,0,0,0,0,0,0,85.917,0,0,0
"MtrElec",12,19,4,"",86.6138,0,0,0,0,0,0,0,0,0,0,0,0,0,0,0,0,0,0,0,0,86.6138,0,0,0
"MtrElec",12,19,5,"",95.4618,0,0,0,0,0,0,0,0,0,0,0,0,0,0,0,0,0,0,0,0,95.4618,0,0,0
"MtrElec",12,19,6,"",86.4387,0,0,0,0,0,0,0,0,0,0,0,0,0,0,0,0,0,0,0,0,86.4387,0,0,0
"MtrElec",12,19,7,"",97.608,0,0,0,0,0,0,0,0,0,0,0,0,0,0,0,0,0,0,0,0,97.608,0,0,0
"MtrElec",12,19,8,"",27.0246,0,0,0,0,0,0,0,0,0,0,0,0,0,0,0,0,0,0,0,0,126.213,0,0,-99.1887
"MtrElec",12,19,9,"",0,0,0,0,0,0,0,0,0,0,0,0,0,0,0,0,0,0,0,0,0,135.901,0,114.752,-250.653
"MtrElec",12,19,10,"",0.0000156,0,0,0,0,0,0,0,0,0,0,0,0,0,0,0,0,0,0,0,0,151.104,0,207.628,-358.732
"MtrElec",12,19,11,"",-38.0668,0,0,0,0,0,0,0,0,0,0,0,0,0,0,0,0,0,0,0,0,161.699,0,224.226,-423.993
"MtrElec",12,19,12,"",-247.464,0,0,0,0,0,0,0,0,0,0,0,0,0,0,0,0,0,0,0,0,180.067,0,15.1396,-442.671
"MtrElec",12,19,13,"",-284.693,0,0,0,0,0,0,0,0,0,0,0,0,0,0,0,0,0,0,0,0,146.72,0,0,-431.413
"MtrElec",12,19,14,"",-265.737,0,0,0,0,0,0,0,0,0,0,0,0,0,0,0,0,0,0,0,0,126.593,0,0,-392.33
"MtrElec",12,19,15,"",-160.074,0,0,0,0,0,0,0,0,0,0,0,0,0,0,0,0,0,0,0,0,152.492,0,0,-312.566
"MtrElec",12,19,16,"",-60.5186,0,0,0,0,0,0,0,0,0,0,0,0,0,0,0,0,0,0,0,0,129.036,0,0,-189.554
"MtrElec",12,19,17,"",91.3215,0,0,0,0,0,0,0,0,0,0,0,0,0,0,0,0,0,0,0,0,137.127,0,0,-45.8059
"MtrElec",12,19,18,"",155.704,0,0,0,0,0,0,0,0,0,0,0,0,0,0,0,0,0,0,0,0,155.704,0,0,0
"MtrElec",12,19,19,"",-15.7765,0,0,0,0,0,0,0,0,0,0,0,0,0,0,0,0,0,0,0,0,208.45,0,-224.226,0
"MtrElec",12,19,20,"",-10.4672,0,0,0,0,0,0,0,0,0,0,0,0,0,0,0,0,0,0,0,0,213.759,0,-224.226,0
"MtrElec",12,19,21,"",112.764,0,0,0,0,0,0,0,0,0,0,0,0,0,0,0,0,0,0,0,0,171.287,0,-58.5231,0
"MtrElec",12,19,22,"",167.764,0,0,0,0,0,0,0,0,0,0,0,0,0,0,0,0,0,0,0,0,167.764,0,0,0
"MtrElec",12,19,23,"",126.021,0,0,0,0,0,0,0,0,0,0,0,0,0,0,0,0,0,0,0,0,126.021,0,0,0
"MtrElec",12,19,24,"",133.878,0,0,0,0,0,0,0,0,0,0,0,0,0,0,0,0,0,0,0,0,133.878,0,0,0
"MtrElec",12,20,1,"",109.318,0,0,0,0,0,0,0,0,0,0,0,0,0,0,0,0,0,0,0,0,109.318,0,0,0
"MtrElec",12,20,2,"",84.8388,0,0,0,0,0,0,0,0,0,0,0,0,0,0,0,0,0,0,0,0,84.8388,0,0,0
"MtrElec",12,20,3,"",87.3361,0,0,0,0,0,0,0,0,0,0,0,0,0,0,0,0,0,0,0,0,87.3361,0,0,0
"MtrElec",12,20,4,"",88.4529,0,0,0,0,0,0,0,0,0,0,0,0,0,0,0,0,0,0,0,0,88.4529,0,0,0
"MtrElec",12,20,5,"",102.859,0,0,0,0,0,0,0,0,0,0,0,0,0,0,0,0,0,0,0,0,102.859,0,0,0
"MtrElec",12,20,6,"",86.4043,0,0,0,0,0,0,0,0,0,0,0,0,0,0,0,0,0,0,0,0,86.4043,0,0,0
"MtrElec",12,20,7,"",96.1845,0,0,0,0,0,0,0,0,0,0,0,0,0,0,0,0,0,0,0,0,96.1845,0,0,0
"MtrElec",12,20,8,"",19.1109,0,0,0,0,0,0,0,0,0,0,0,0,0,0,0,0,0,0,0,0,109.65,0,0,-90.5389
"MtrElec",12,20,9,"",0,0,0,0,0,0,0,0,0,0,0,0,0,0,0,0,0,0,0,0,0,122.824,0,115.358,-238.182
"MtrElec",12,20,10,"",-1.76479,0,0,0,0,0,0,0,0,0,0,0,0,0,0,0,0,0,0,0,0,126.033,0,224.226,-352.024
"MtrElec",12,20,11,"",-6.21163,0,0,0,0,0,0,0,0,0,0,0,0,0,0,0,0,0,0,0,0,194.546,0,222.162,-422.919
"MtrElec",12,20,12,"",-293.879,0,0,0,0,0,0,0,0,0,0,0,0,0,0,0,0,0,0,0,0,159.235,0,0,-453.114
"MtrElec",12,20,13,"",-275.922,0,0,0,0,0,0,0,0,0,0,0,0,0,0,0,0,0,0,0,0,171.318,0,0,-447.24
"MtrElec",12,20,14,"",-255.184,0,0,0,0,0,0,0,0,0,0,0,0,0,0,0,0,0,0,0,0,143.852,0,0,-399.036
"MtrElec",12,20,15,"",-174.836,0,0,0,0,0,0,0,0,0,0,0,0,0,0,0,0,0,0,0,0,136.572,0,0,-311.408
"MtrElec",12,20,16,"",-65.3941,0,0,0,0,0,0,0,0,0,0,0,0,0,0,0,0,0,0,0,0,117.933,0,0,-183.328
"MtrElec",12,20,17,"",94.8994,0,0,0,0,0,0,0,0,0,0,0,0,0,0,0,0,0,0,0,0,136.981,0,0,-42.0817
"MtrElec",12,20,18,"",168.923,0,0,0,0,0,0,0,0,0,0,0,0,0,0,0,0,0,0,0,0,168.923,0,0,0
"MtrElec",12,20,19,"",-20.187,0,0,0,0,0,0,0,0,0,0,0,0,0,0,0,0,0,0,0,0,204.039,0,-224.226,0
"MtrElec",12,20,20,"",-40.4159,0,0,0,0,0,0,0,0,0,0,0,0,0,0,0,0,0,0,0,0,183.811,0,-224.226,0
"MtrElec",12,20,21,"",139.751,0,0,0,0,0,0,0,0,0,0,0,0,0,0,0,0,0,0,0,0,198.274,0,-58.5231,0
"MtrElec",12,20,22,"",209.527,0,0,0,0,0,0,0,0,0,0,0,0,0,0,0,0,0,0,0,0,209.527,0,0,0
"MtrElec",12,20,23,"",132.824,0,0,0,0,0,0,0,0,0,0,0,0,0,0,0,0,0,0,0,0,132.824,0,0,0
"MtrElec",12,20,24,"",128.501,0,0,0,0,0,0,0,0,0,0,0,0,0,0,0,0,0,0,0,0,128.501,0,0,0
"MtrElec",12,21,1,"",89.7997,0,0,0,0,0,0,0,0,0,0,0,0,0,0,0,0,0,0,0,0,89.7997,0,0,0
"MtrElec",12,21,2,"",80.9373,0,0,0,0,0,0,0,0,0,0,0,0,0,0,0,0,0,0,0,0,80.9373,0,0,0
"MtrElec",12,21,3,"",78.1776,0,0,0,0,0,0,0,0,0,0,0,0,0,0,0,0,0,0,0,0,78.1776,0,0,0
"MtrElec",12,21,4,"",78.4775,0,0,0,0,0,0,0,0,0,0,0,0,0,0,0,0,0,0,0,0,78.4775,0,0,0
"MtrElec",12,21,5,"",77.3682,0,0,0,0,0,0,0,0,0,0,0,0,0,0,0,0,0,0,0,0,77.3682,0,0,0
"MtrElec",12,21,6,"",85.3861,0,0,0,0,0,0,0,0,0,0,0,0,0,0,0,0,0,0,0,0,85.3861,0,0,0
"MtrElec",12,21,7,"",97.1173,0,0,0,0,0,0,0,0,0,0,0,0,0,0,0,0,0,0,0,0,97.1173,0,0,0
"MtrElec",12,21,8,"",38.0093,0,0,0,0,0,0,0,0,0,0,0,0,0,0,0,0,0,0,0,0,117.928,0,0,-79.9187
"MtrElec",12,21,9,"",0.0000078,0,0,0,0,0,0,0,0,0,0,0,0,0,0,0,0,0,0,0,0,120.669,0,113.569,-234.239
"MtrElec",12,21,10,"",0,0,0,0,0,0,0,0,0,0,0,0,0,0,0,0,0,0,0,0,0,157.973,0,193.608,-351.581
"MtrElec",12,21,11,"",-19.5098,0,0,0,0,0,0,0,0,0,0,0,0,0,0,0,0,0,0,0,0,179.86,0,224.226,-423.597
"MtrElec",12,21,12,"",-279.07,0,0,0,0,0,0,0,0,0,0,0,0,0,0,0,0,0,0,0,0,137.478,0,30.3422,-446.89
"MtrElec",12,21,13,"",-300.371,0,0,0,0,0,0,0,0,0,0,0,0,0,0,0,0,0,0,0,0,151.07,0,0,-451.441
"MtrElec",12,21,14,"",-310.527,0,0,0,0,0,0,0,0,0,0,0,0,0,0,0,0,0,0,0,0,104.185,0,0,-414.712
"MtrElec",12,21,15,"",-225.384,0,0,0,0,0,0,0,0,0,0,0,0,0,0,0,0,0,0,0,0,106.655,0,0,-332.039
"MtrElec",12,21,16,"",-74.0801,0,0,0,0,0,0,0,0,0,0,0,0,0,0,0,0,0,0,0,0,124.513,0,0,-198.593
"MtrElec",12,21,17,"",114.9,0,0,0,0,0,0,0,0,0,0,0,0,0,0,0,0,0,0,0,0,160.611,0,0,-45.7111
"MtrElec",12,21,18,"",157.164,0,0,0,0,0,0,0,0,0,0,0,0,0,0,0,0,0,0,0,0,157.164,0,0,0
"MtrElec",12,21,19,"",-31.0516,0,0,0,0,0,0,0,0,0,0,0,0,0,0,0,0,0,0,0,0,193.175,0,-224.226,0
"MtrElec",12,21,20,"",-45.2628,0,0,0,0,0,0,0,0,0,0,0,0,0,0,0,0,0,0,0,0,178.964,0,-224.226,0
"MtrElec",12,21,21,"",126.902,0,0,0,0,0,0,0,0,0,0,0,0,0,0,0,0,0,0,0,0,185.425,0,-58.5231,0
"MtrElec",12,21,22,"",173.508,0,0,0,0,0,0,0,0,0,0,0,0,0,0,0,0,0,0,0,0,173.508,0,0,0
"MtrElec",12,21,23,"",142.158,0,0,0,0,0,0,0,0,0,0,0,0,0,0,0,0,0,0,0,0,142.158,0,0,0
"MtrElec",12,21,24,"",115.186,0,0,0,0,0,0,0,0,0,0,0,0,0,0,0,0,0,0,0,0,115.186,0,0,0
"MtrElec",12,22,1,"",94.2447,0,0,0,0,0,0,0,0,0,0,0,0,0,0,0,0,0,0,0,0,94.2447,0,0,0
"MtrElec",12,22,2,"",87.028,0,0,0,0,0,0,0,0,0,0,0,0,0,0,0,0,0,0,0,0,87.028,0,0,0
"MtrElec",12,22,3,"",82.4025,0,0,0,0,0,0,0,0,0,0,0,0,0,0,0,0,0,0,0,0,82.4025,0,0,0
"MtrElec",12,22,4,"",81.1325,0,0,0,0,0,0,0,0,0,0,0,0,0,0,0,0,0,0,0,0,81.1325,0,0,0
"MtrElec",12,22,5,"",79.9594,0,0,0,0,0,0,0,0,0,0,0,0,0,0,0,0,0,0,0,0,79.9594,0,0,0
"MtrElec",12,22,6,"",87.8732,0,0,0,0,0,0,0,0,0,0,0,0,0,0,0,0,0,0,0,0,87.8732,0,0,0
"MtrElec",12,22,7,"",99.7164,0,0,0,0,0,0,0,0,0,0,0,0,0,0,0,0,0,0,0,0,99.7164,0,0,0
"MtrElec",12,22,8,"",106.014,0,0,0,0,0,0,0,0,0,0,0,0,0,0,0,0,0,0,0,0,119.669,0,0,-13.6554
"MtrElec",12,22,9,"",28.9884,0,0,0,0,0,0,0,0,0,0,0,0,0,0,0,0,0,0,0,0,120.997,0,0,-92.0088
"MtrElec",12,22,10,"",0,0,0,0,0,0,0,0,0,0,0,0,0,0,0,0,0,0,0,0,0,138.385,0,118.996,-257.381
"MtrElec",12,22,11,"",0,0,0,0,0,0,0,0,0,0,0,0,0,0,0,0,0,0,0,0,0,176.505,0,155.052,-331.557
"MtrElec",12,22,12,"",0,0,0,0,0,0,0,0,0,0,0,0,0,0,0,0,0,0,0,0,0,138.966,0,203.716,-342.682
"MtrElec",12,22,13,"",-115.553,0,0,0,0,0,0,0,0,0,0,0,0,0,0,0,0,0,0,0,0,142.992,0,83.9825,-342.527
"MtrElec",12,22,14,"",-208.007,0,0,0,0,0,0,0,0,0,0,0,0,0,0,0,0,0,0,0,0,104.214,0,0,-312.221
"MtrElec",12,22,15,"",-134.627,0,0,0,0,0,0,0,0,0,0,0,0,0,0,0,0,0,0,0,0,110.613,0,0,-245.24
"MtrElec",12,22,16,"",-40.4837,0,0,0,0,0,0,0,0,0,0,0,0,0,0,0,0,0,0,0,0,110.476,0,0,-150.959
"MtrElec",12,22,17,"",126.539,0,0,0,0,0,0,0,0,0,0,0,0,0,0,0,0,0,0,0,0,165.54,0,0,-39.0003
"MtrElec",12,22,18,"",162.584,0,0,0,0,0,0,0,0,0,0,0,0,0,0,0,0,0,0,0,0,162.584,0,0,0
"MtrElec",12,22,19,"",-33.0364,0,0,0,0,0,0,0,0,0,0,0,0,0,0,0,0,0,0,0,0,191.19,0,-224.226,0
"MtrElec",12,22,20,"",-41.791,0,0,0,0,0,0,0,0,0,0,0,0,0,0,0,0,0,0,0,0,182.436,0,-224.226,0
"MtrElec",12,22,21,"",116.558,0,0,0,0,0,0,0,0,0,0,0,0,0,0,0,0,0,0,0,0,175.081,0,-58.5231,0
"MtrElec",12,22,22,"",152.002,0,0,0,0,0,0,0,0,0,0,0,0,0,0,0,0,0,0,0,0,152.002,0,0,0
"MtrElec",12,22,23,"",151.812,0,0,0,0,0,0,0,0,0,0,0,0,0,0,0,0,0,0,0,0,151.812,0,0,0
"MtrElec",12,22,24,"",109.362,0,0,0,0,0,0,0,0,0,0,0,0,0,0,0,0,0,0,0,0,109.362,0,0,0
"MtrElec",12,23,1,"",103.251,0,0,0,0,0,0,0,0,0,0,0,0,0,0,0,0,0,0,0,0,103.251,0,0,0
"MtrElec",12,23,2,"",85.0281,0,0,0,0,0,0,0,0,0,0,0,0,0,0,0,0,0,0,0,0,85.0281,0,0,0
"MtrElec",12,23,3,"",84.185,0,0,0,0,0,0,0,0,0,0,0,0,0,0,0,0,0,0,0,0,84.185,0,0,0
"MtrElec",12,23,4,"",84.6091,0,0,0,0,0,0,0,0,0,0,0,0,0,0,0,0,0,0,0,0,84.6091,0,0,0
"MtrElec",12,23,5,"",83.8523,0,0,0,0,0,0,0,0,0,0,0,0,0,0,0,0,0,0,0,0,83.8523,0,0,0
"MtrElec",12,23,6,"",88.9797,0,0,0,0,0,0,0,0,0,0,0,0,0,0,0,0,0,0,0,0,88.9797,0,0,0
"MtrElec",12,23,7,"",110.68,0,0,0,0,0,0,0,0,0,0,0,0,0,0,0,0,0,0,0,0,110.68,0,0,0
"MtrElec",12,23,8,"",39.392,0,0,0,0,0,0,0,0,0,0,0,0,0,0,0,0,0,0,0,0,136.952,0,0,-97.5601
"MtrElec",12,23,9,"",0.0000078,0,0,0,0,0,0,0,0,0,0,0,0,0,0,0,0,0,0,0,0,144.377,0,110.797,-255.174
"MtrElec",12,23,10,"",-7.75028,0,0,0,0,0,0,0,0,0,0,0,0,0,0,0,0,0,0,0,0,138.384,0,224.226,-370.361
"MtrElec",12,23,11,"",-103.01,0,0,0,0,0,0,0,0,0,0,0,0,0,0,0,0,0,0,0,0,129.952,0,224.226,-457.188
"MtrElec",12,23,12,"",-359.815,0,0,0,0,0,0,0,0,0,0,0,0,0,0,0,0,0,0,0,0,138.999,0,2.4966,-501.311
"MtrElec",12,23,13,"",-326.598,0,0,0,0,0,0,0,0,0,0,0,0,0,0,0,0,0,0,0,0,168.682,0,0,-495.279
"MtrElec",12,23,14,"",-342.21,0,0,0,0,0,0,0,0,0,0,0,0,0,0,0,0,0,0,0,0,97.3016,0,0,-439.511
"MtrElec",12,23,15,"",-233.935,0,0,0,0,0,0,0,0,0,0,0,0,0,0,0,0,0,0,0,0,109.339,0,0,-343.274
"MtrElec",12,23,16,"",-97.9111,0,0,0,0,0,0,0,0,0,0,0,0,0,0,0,0,0,0,0,0,106.893,0,0,-204.804
"MtrElec",12,23,17,"",86.9276,0,0,0,0,0,0,0,0,0,0,0,0,0,0,0,0,0,0,0,0,138.793,0,0,-51.8656
"MtrElec",12,23,18,"",153.913,0,0,0,0,0,0,0,0,0,0,0,0,0,0,0,0,0,0,0,0,153.913,0,0,0
"MtrElec",12,23,19,"",-49.1895,0,0,0,0,0,0,0,0,0,0,0,0,0,0,0,0,0,0,0,0,175.037,0,-224.226,0
"MtrElec",12,23,20,"",-37.6875,0,0,0,0,0,0,0,0,0,0,0,0,0,0,0,0,0,0,0,0,186.539,0,-224.226,0
"MtrElec",12,23,21,"",132.281,0,0,0,0,0,0,0,0,0,0,0,0,0,0,0,0,0,0,0,0,190.804,0,-58.5231,0
"MtrElec",12,23,22,"",142.069,0,0,0,0,0,0,0,0,0,0,0,0,0,0,0,0,0,0,0,0,142.069,0,0,0
"MtrElec",12,23,23,"",151.903,0,0,0,0,0,0,0,0,0,0,0,0,0,0,0,0,0,0,0,0,151.903,0,0,0
"MtrElec",12,23,24,"",125.382,0,0,0,0,0,0,0,0,0,0,0,0,0,0,0,0,0,0,0,0,125.382,0,0,0
"MtrElec",12,24,1,"",119.369,0,0,0,0,0,0,0,0,0,0,0,0,0,0,0,0,0,0,0,0,119.369,0,0,0
"MtrElec",12,24,2,"",98.3215,0,0,0,0,0,0,0,0,0,0,0,0,0,0,0,0,0,0,0,0,98.3215,0,0,0
"MtrElec",12,24,3,"",95.5351,0,0,0,0,0,0,0,0,0,0,0,0,0,0,0,0,0,0,0,0,95.5351,0,0,0
"MtrElec",12,24,4,"",99.0128,0,0,0,0,0,0,0,0,0,0,0,0,0,0,0,0,0,0,0,0,99.0128,0,0,0
"MtrElec",12,24,5,"",108.234,0,0,0,0,0,0,0,0,0,0,0,0,0,0,0,0,0,0,0,0,108.234,0,0,0
"MtrElec",12,24,6,"",112.779,0,0,0,0,0,0,0,0,0,0,0,0,0,0,0,0,0,0,0,0,112.779,0,0,0
"MtrElec",12,24,7,"",119.413,0,0,0,0,0,0,0,0,0,0,0,0,0,0,0,0,0,0,0,0,119.413,0,0,0
"MtrElec",12,24,8,"",27.2272,0,0,0,0,0,0,0,0,0,0,0,0,0,0,0,0,0,0,0,0,121.259,0,0,-94.032
"MtrElec",12,24,9,"",0,0,0,0,0,0,0,0,0,0,0,0,0,0,0,0,0,0,0,0,0,129.547,0,118.668,-248.215
"MtrElec",12,24,10,"",-25.7118,0,0,0,0,0,0,0,0,0,0,0,0,0,0,0,0,0,0,0,0,113.475,0,224.226,-363.413
"MtrElec",12,24,11,"",-119.456,0,0,0,0,0,0,0,0,0,0,0,0,0,0,0,0,0,0,0,0,103.555,0,218.852,-441.863
"MtrElec",12,24,12,"",-354.143,0,0,0,0,0,0,0,0,0,0,0,0,0,0,0,0,0,0,0,0,123.183,0,0,-477.327
"MtrElec",12,24,13,"",-331.992,0,0,0,0,0,0,0,0,0,0,0,0,0,0,0,0,0,0,0,0,138.092,0,0,-470.084
"MtrElec",12,24,14,"",-309.098,0,0,0,0,0,0,0,0,0,0,0,0,0,0,0,0,0,0,0,0,110.252,0,0,-419.351
"MtrElec",12,24,15,"",-205.596,0,0,0,0,0,0,0,0,0,0,0,0,0,0,0,0,0,0,0,0,125.76,0,0,-331.356
"MtrElec",12,24,16,"",-68.0624,0,0,0,0,0,0,0,0,0,0,0,0,0,0,0,0,0,0,0,0,131.948,0,0,-200.011
"MtrElec",12,24,17,"",117.404,0,0,0,0,0,0,0,0,0,0,0,0,0,0,0,0,0,0,0,0,166.975,0,0,-49.5714
"MtrElec",12,24,18,"",177.248,0,0,0,0,0,0,0,0,0,0,0,0,0,0,0,0,0,0,0,0,177.248,0,0,0
"MtrElec",12,24,19,"",-43.5008,0,0,0,0,0,0,0,0,0,0,0,0,0,0,0,0,0,0,0,0,180.726,0,-224.226,0
"MtrElec",12,24,20,"",-51.5524,0,0,0,0,0,0,0,0,0,0,0,0,0,0,0,0,0,0,0,0,172.674,0,-224.226,0
"MtrElec",12,24,21,"",161.393,0,0,0,0,0,0,0,0,0,0,0,0,0,0,0,0,0,0,0,0,219.916,0,-58.5231,0
"MtrElec",12,24,22,"",147.396,0,0,0,0,0,0,0,0,0,0,0,0,0,0,0,0,0,0,0,0,147.396,0,0,0
"MtrElec",12,24,23,"",155.317,0,0,0,0,0,0,0,0,0,0,0,0,0,0,0,0,0,0,0,0,155.317,0,0,0
"MtrElec",12,24,24,"",135.552,0,0,0,0,0,0,0,0,0,0,0,0,0,0,0,0,0,0,0,0,135.552,0,0,0
"MtrElec",12,25,1,"",120.846,0,0,0,0,0,0,0,0,0,0,0,0,0,0,0,0,0,0,0,0,120.846,0,0,0
"MtrElec",12,25,2,"",98.2942,0,0,0,0,0,0,0,0,0,0,0,0,0,0,0,0,0,0,0,0,98.2942,0,0,0
"MtrElec",12,25,3,"",101.49,0,0,0,0,0,0,0,0,0,0,0,0,0,0,0,0,0,0,0,0,101.49,0,0,0
"MtrElec",12,25,4,"",105.958,0,0,0,0,0,0,0,0,0,0,0,0,0,0,0,0,0,0,0,0,105.958,0,0,0
"MtrElec",12,25,5,"",108.506,0,0,0,0,0,0,0,0,0,0,0,0,0,0,0,0,0,0,0,0,108.506,0,0,0
"MtrElec",12,25,6,"",114.561,0,0,0,0,0,0,0,0,0,0,0,0,0,0,0,0,0,0,0,0,114.561,0,0,0
"MtrElec",12,25,7,"",125.972,0,0,0,0,0,0,0,0,0,0,0,0,0,0,0,0,0,0,0,0,125.972,0,0,0
"MtrElec",12,25,8,"",45.5331,0,0,0,0,0,0,0,0,0,0,0,0,0,0,0,0,0,0,0,0,138.732,0,0,-93.1991
"MtrElec",12,25,9,"",0,0,0,0,0,0,0,0,0,0,0,0,0,0,0,0,0,0,0,0,0,167.164,0,78.0394,-245.204
"MtrElec",12,25,10,"",0.0000078,0,0,0,0,0,0,0,0,0,0,0,0,0,0,0,0,0,0,0,0,243.533,0,114.26,-357.792
"MtrElec",12,25,11,"",-17.9604,0,0,0,0,0,0,0,0,0,0,0,0,0,0,0,0,0,0,0,0,181.061,0,224.226,-423.248
"MtrElec",12,25,12,"",-124.471,0,0,0,0,0,0,0,0,0,0,0,0,0,0,0,0,0,0,0,0,182.023,0,145.221,-451.714
"MtrElec",12,25,13,"",-300.77,0,0,0,0,0,0,0,0,0,0,0,0,0,0,0,0,0,0,0,0,148.906,0,0,-449.676
"MtrElec",12,25,14,"",-276.849,0,0,0,0,0,0,0,0,0,0,0,0,0,0,0,0,0,0,0,0,128.239,0,0,-405.088
"MtrElec",12,25,15,"",-191.461,0,0,0,0,0,0,0,0,0,0,0,0,0,0,0,0,0,0,0,0,135.421,0,0,-326.881
"MtrElec",12,25,16,"",-68.167,0,0,0,0,0,0,0,0,0,0,0,0,0,0,0,0,0,0,0,0,132.462,0,0,-200.629
"MtrElec",12,25,17,"",80.7868,0,0,0,0,0,0,0,0,0,0,0,0,0,0,0,0,0,0,0,0,132.266,0,0,-51.4797
"MtrElec",12,25,18,"",175.66,0,0,0,0,0,0,0,0,0,0,0,0,0,0,0,0,0,0,0,0,175.66,0,0,0
"MtrElec",12,25,19,"",-17.8688,0,0,0,0,0,0,0,0,0,0,0,0,0,0,0,0,0,0,0,0,206.358,0,-224.226,0
"MtrElec",12,25,20,"",-56.8849,0,0,0,0,0,0,0,0,0,0,0,0,0,0,0,0,0,0,0,0,167.342,0,-224.226,0
"MtrElec",12,25,21,"",90.3834,0,0,0,0,0,0,0,0,0,0,0,0,0,0,0,0,0,0,0,0,148.906,0,-58.5231,0
"MtrElec",12,25,22,"",148.341,0,0,0,0,0,0,0,0,0,0,0,0,0,0,0,0,0,0,0,0,148.341,0,0,0
"MtrElec",12,25,23,"",133.78,0,0,0,0,0,0,0,0,0,0,0,0,0,0,0,0,0,0,0,0,133.78,0,0,0
"MtrElec",12,25,24,"",134.132,0,0,0,0,0,0,0,0,0,0,0,0,0,0,0,0,0,0,0,0,134.132,0,0,0
"MtrElec",12,26,1,"",93.1599,0,0,0,0,0,0,0,0,0,0,0,0,0,0,0,0,0,0,0,0,93.1599,0,0,0
"MtrElec",12,26,2,"",89.7089,0,0,0,0,0,0,0,0,0,0,0,0,0,0,0,0,0,0,0,0,89.7089,0,0,0
"MtrElec",12,26,3,"",90.4415,0,0,0,0,0,0,0,0,0,0,0,0,0,0,0,0,0,0,0,0,90.4415,0,0,0
"MtrElec",12,26,4,"",97.6118,0,0,0,0,0,0,0,0,0,0,0,0,0,0,0,0,0,0,0,0,97.6118,0,0,0
"MtrElec",12,26,5,"",123.689,0,0,0,0,0,0,0,0,0,0,0,0,0,0,0,0,0,0,0,0,123.689,0,0,0
"MtrElec",12,26,6,"",99.9658,0,0,0,0,0,0,0,0,0,0,0,0,0,0,0,0,0,0,0,0,99.9658,0,0,0
"MtrElec",12,26,7,"",107.429,0,0,0,0,0,0,0,0,0,0,0,0,0,0,0,0,0,0,0,0,107.429,0,0,0
"MtrElec",12,26,8,"",58.6302,0,0,0,0,0,0,0,0,0,0,0,0,0,0,0,0,0,0,0,0,116.266,0,0,-57.6357
"MtrElec",12,26,9,"",6.25119,0,0,0,0,0,0,0,0,0,0,0,0,0,0,0,0,0,0,0,0,124.522,0,0,-118.27
"MtrElec",12,26,10,"",0.0000078,0,0,0,0,0,0,0,0,0,0,0,0,0,0,0,0,0,0,0,0,131.402,0,109.508,-240.91
"MtrElec",12,26,11,"",7.39228,0,0,0,0,0,0,0,0,0,0,0,0,0,0,0,0,0,0,0,0,162.827,0,0,-155.435
"MtrElec",12,26,12,"",0,0,0,0,0,0,0,0,0,0,0,0,0,0,0,0,0,0,0,0,0,170.384,0,111.192,-281.576
"MtrElec",12,26,13,"",0,0,0,0,0,0,0,0,0,0,0,0,0,0,0,0,0,0,0,0,0,141.945,0,135.02,-276.966
"MtrElec",12,26,14,"",0,0,0,0,0,0,0,0,0,0,0,0,0,0,0,0,0,0,0,0,0,122.881,0,69.4745,-192.355
"MtrElec",12,26,15,"",0,0,0,0,0,0,0,0,0,0,0,0,0,0,0,0,0,0,0,0,0,141.573,0,2.07767,-143.651
"MtrElec",12,26,16,"",68.9874,0,0,0,0,0,0,0,0,0,0,0,0,0,0,0,0,0,0,0,0,119.328,0,0,-50.3406
"MtrElec",12,26,17,"",114.273,0,0,0,0,0,0,0,0,0,0,0,0,0,0,0,0,0,0,0,0,118.14,0,0,-3.86618
"MtrElec",12,26,18,"",141.058,0,0,0,0,0,0,0,0,0,0,0,0,0,0,0,0,0,0,0,0,141.058,0,0,0
"MtrElec",12,26,19,"",-39.3673,0,0,0,0,0,0,0,0,0,0,0,0,0,0,0,0,0,0,0,0,184.859,0,-224.226,0
"MtrElec",12,26,20,"",16.3983,0,0,0,0,0,0,0,0,0,0,0,0,0,0,0,0,0,0,0,0,177.785,0,-161.387,0
"MtrElec",12,26,21,"",175.853,0,0,0,0,0,0,0,0,0,0,0,0,0,0,0,0,0,0,0,0,175.853,0,0,0
"MtrElec",12,26,22,"",191.55,0,0,0,0,0,0,0,0,0,0,0,0,0,0,0,0,0,0,0,0,191.55,0,0,0
"MtrElec",12,26,23,"",128.901,0,0,0,0,0,0,0,0,0,0,0,0,0,0,0,0,0,0,0,0,128.901,0,0,0
"MtrElec",12,26,24,"",128.858,0,0,0,0,0,0,0,0,0,0,0,0,0,0,0,0,0,0,0,0,128.858,0,0,0
"MtrElec",12,27,1,"",100.982,0,0,0,0,0,0,0,0,0,0,0,0,0,0,0,0,0,0,0,0,100.982,0,0,0
"MtrElec",12,27,2,"",86.0238,0,0,0,0,0,0,0,0,0,0,0,0,0,0,0,0,0,0,0,0,86.0238,0,0,0
"MtrElec",12,27,3,"",87.8414,0,0,0,0,0,0,0,0,0,0,0,0,0,0,0,0,0,0,0,0,87.8414,0,0,0
"MtrElec",12,27,4,"",90.8182,0,0,0,0,0,0,0,0,0,0,0,0,0,0,0,0,0,0,0,0,90.8182,0,0,0
"MtrElec",12,27,5,"",96.3919,0,0,0,0,0,0,0,0,0,0,0,0,0,0,0,0,0,0,0,0,96.3919,0,0,0
"MtrElec",12,27,6,"",93.7881,0,0,0,0,0,0,0,0,0,0,0,0,0,0,0,0,0,0,0,0,93.7881,0,0,0
"MtrElec",12,27,7,"",104.52,0,0,0,0,0,0,0,0,0,0,0,0,0,0,0,0,0,0,0,0,104.52,0,0,0
"MtrElec",12,27,8,"",127.968,0,0,0,0,0,0,0,0,0,0,0,0,0,0,0,0,0,0,0,0,139.112,0,0,-11.1434
"MtrElec",12,27,9,"",74.7655,0,0,0,0,0,0,0,0,0,0,0,0,0,0,0,0,0,0,0,0,149.62,0,0,-74.8541
"MtrElec",12,27,10,"",0,0,0,0,0,0,0,0,0,0,0,0,0,0,0,0,0,0,0,0,0,172.959,0,7.4562,-180.416
"MtrElec",12,27,11,"",0,0,0,0,0,0,0,0,0,0,0,0,0,0,0,0,0,0,0,0,0,145.982,0,3.40866,-149.39
"MtrElec",12,27,12,"",11.1788,0,0,0,0,0,0,0,0,0,0,0,0,0,0,0,0,0,0,0,0,188.098,0,0,-176.919
"MtrElec",12,27,13,"",0,0,0,0,0,0,0,0,0,0,0,0,0,0,0,0,0,0,0,0,0,147.112,0,11.8857,-158.998
"MtrElec",12,27,14,"",0,0,0,0,0,0,0,0,0,0,0,0,0,0,0,0,0,0,0,0,0,124.956,0,35.6349,-160.591
"MtrElec",12,27,15,"",13.5038,0,0,0,0,0,0,0,0,0,0,0,0,0,0,0,0,0,0,0,0,146.546,0,0,-133.042
"MtrElec",12,27,16,"",0.0000010,0,0,0,0,0,0,0,0,0,0,0,0,0,0,0,0,0,0,0,0,135.883,0,12.8971,-148.78
"MtrElec",12,27,17,"",108.966,0,0,0,0,0,0,0,0,0,0,0,0,0,0,0,0,0,0,0,0,141.81,0,0,-32.8436
"MtrElec",12,27,18,"",160.323,0,0,0,0,0,0,0,0,0,0,0,0,0,0,0,0,0,0,0,0,160.323,0,0,0
"MtrElec",12,27,19,"",131.927,0,0,0,0,0,0,0,0,0,0,0,0,0,0,0,0,0,0,0,0,196.26,0,-64.3326,0
"MtrElec",12,27,20,"",197.96,0,0,0,0,0,0,0,0,0,0,0,0,0,0,0,0,0,0,0,0,197.96,0,0,0
"MtrElec",12,27,21,"",166.417,0,0,0,0,0,0,0,0,0,0,0,0,0,0,0,0,0,0,0,0,166.417,0,0,0
"MtrElec",12,27,22,"",167.694,0,0,0,0,0,0,0,0,0,0,0,0,0,0,0,0,0,0,0,0,167.694,0,0,0
"MtrElec",12,27,23,"",119.371,0,0,0,0,0,0,0,0,0,0,0,0,0,0,0,0,0,0,0,0,119.371,0,0,0
"MtrElec",12,27,24,"",112.612,0,0,0,0,0,0,0,0,0,0,0,0,0,0,0,0,0,0,0,0,112.612,0,0,0
"MtrElec",12,28,1,"",90.1098,0,0,0,0,0,0,0,0,0,0,0,0,0,0,0,0,0,0,0,0,90.1098,0,0,0
"MtrElec",12,28,2,"",83.4681,0,0,0,0,0,0,0,0,0,0,0,0,0,0,0,0,0,0,0,0,83.4681,0,0,0
"MtrElec",12,28,3,"",85.7218,0,0,0,0,0,0,0,0,0,0,0,0,0,0,0,0,0,0,0,0,85.7218,0,0,0
"MtrElec",12,28,4,"",87.5405,0,0,0,0,0,0,0,0,0,0,0,0,0,0,0,0,0,0,0,0,87.5405,0,0,0
"MtrElec",12,28,5,"",87.9633,0,0,0,0,0,0,0,0,0,0,0,0,0,0,0,0,0,0,0,0,87.9633,0,0,0
"MtrElec",12,28,6,"",87.3931,0,0,0,0,0,0,0,0,0,0,0,0,0,0,0,0,0,0,0,0,87.3931,0,0,0
"MtrElec",12,28,7,"",99.1117,0,0,0,0,0,0,0,0,0,0,0,0,0,0,0,0,0,0,0,0,99.1117,0,0,0
"MtrElec",12,28,8,"",127.826,0,0,0,0,0,0,0,0,0,0,0,0,0,0,0,0,0,0,0,0,127.826,0,0,0
"MtrElec",12,28,9,"",91.3481,0,0,0,0,0,0,0,0,0,0,0,0,0,0,0,0,0,0,0,0,127.358,0,0,-36.0103
"MtrElec",12,28,10,"",128.023,0,0,0,0,0,0,0,0,0,0,0,0,0,0,0,0,0,0,0,0,154.129,0,0,-26.1063
"MtrElec",12,28,11,"",92.2208,0,0,0,0,0,0,0,0,0,0,0,0,0,0,0,0,0,0,0,0,152.214,0,0,-59.9934
"MtrElec",12,28,12,"",0,0,0,0,0,0,0,0,0,0,0,0,0,0,0,0,0,0,0,0,0,122.544,0,6.3796,-128.924
"MtrElec",12,28,13,"",0,0,0,0,0,0,0,0,0,0,0,0,0,0,0,0,0,0,0,0,0,112.454,0,20.623,-133.077
"MtrElec",12,28,14,"",69.6822,0,0,0,0,0,0,0,0,0,0,0,0,0,0,0,0,0,0,0,0,113.996,0,0,-44.3137
"MtrElec",12,28,15,"",69.7195,0,0,0,0,0,0,0,0,0,0,0,0,0,0,0,0,0,0,0,0,117.428,0,0,-47.7083
"MtrElec",12,28,16,"",111.375,0,0,0,0,0,0,0,0,0,0,0,0,0,0,0,0,0,0,0,0,130.672,0,0,-19.2967
"MtrElec",12,28,17,"",169.261,0,0,0,0,0,0,0,0,0,0,0,0,0,0,0,0,0,0,0,0,170.832,0,0,-1.57112
"MtrElec",12,28,18,"",165.774,0,0,0,0,0,0,0,0,0,0,0,0,0,0,0,0,0,0,0,0,165.774,0,0,0
"MtrElec",12,28,19,"",177.621,0,0,0,0,0,0,0,0,0,0,0,0,0,0,0,0,0,0,0,0,201.991,0,-24.3698,0
"MtrElec",12,28,20,"",170.882,0,0,0,0,0,0,0,0,0,0,0,0,0,0,0,0,0,0,0,0,170.882,0,0,0
"MtrElec",12,28,21,"",171.657,0,0,0,0,0,0,0,0,0,0,0,0,0,0,0,0,0,0,0,0,171.657,0,0,0
"MtrElec",12,28,22,"",142.254,0,0,0,0,0,0,0,0,0,0,0,0,0,0,0,0,0,0,0,0,142.254,0,0,0
"MtrElec",12,28,23,"",162.273,0,0,0,0,0,0,0,0,0,0,0,0,0,0,0,0,0,0,0,0,162.273,0,0,0
"MtrElec",12,28,24,"",148.414,0,0,0,0,0,0,0,0,0,0,0,0,0,0,0,0,0,0,0,0,148.414,0,0,0
"MtrElec",12,29,1,"",96.5243,0,0,0,0,0,0,0,0,0,0,0,0,0,0,0,0,0,0,0,0,96.5243,0,0,0
"MtrElec",12,29,2,"",86.9632,0,0,0,0,0,0,0,0,0,0,0,0,0,0,0,0,0,0,0,0,86.9632,0,0,0
"MtrElec",12,29,3,"",87.5859,0,0,0,0,0,0,0,0,0,0,0,0,0,0,0,0,0,0,0,0,87.5859,0,0,0
"MtrElec",12,29,4,"",88.9415,0,0,0,0,0,0,0,0,0,0,0,0,0,0,0,0,0,0,0,0,88.9415,0,0,0
"MtrElec",12,29,5,"",88.6883,0,0,0,0,0,0,0,0,0,0,0,0,0,0,0,0,0,0,0,0,88.6883,0,0,0
"MtrElec",12,29,6,"",92.3492,0,0,0,0,0,0,0,0,0,0,0,0,0,0,0,0,0,0,0,0,92.3492,0,0,0
"MtrElec",12,29,7,"",113.487,0,0,0,0,0,0,0,0,0,0,0,0,0,0,0,0,0,0,0,0,113.487,0,0,0
"MtrElec",12,29,8,"",125.025,0,0,0,0,0,0,0,0,0,0,0,0,0,0,0,0,0,0,0,0,125.025,0,0,0
"MtrElec",12,29,9,"",136.013,0,0,0,0,0,0,0,0,0,0,0,0,0,0,0,0,0,0,0,0,141.097,0,0,-5.08421
"MtrElec",12,29,10,"",0,0,0,0,0,0,0,0,0,0,0,0,0,0,0,0,0,0,0,0,0,147.568,0,0.891734,-148.46
"MtrElec",12,29,11,"",0,0,0,0,0,0,0,0,0,0,0,0,0,0,0,0,0,0,0,0,0,152.916,0,114.317,-267.233
"MtrElec",12,29,12,"",17.5082,0,0,0,0,0,0,0,0,0,0,0,0,0,0,0,0,0,0,0,0,113.68,0,0,-96.1717
"MtrElec",12,29,13,"",0.0000020,0,0,0,0,0,0,0,0,0,0,0,0,0,0,0,0,0,0,0,0,201.107,0,22.656,-223.763
"MtrElec",12,29,14,"",0,0,0,0,0,0,0,0,0,0,0,0,0,0,0,0,0,0,0,0,0,95.9548,0,59.6522,-155.607
"MtrElec",12,29,15,"",58.0704,0,0,0,0,0,0,0,0,0,0,0,0,0,0,0,0,0,0,0,0,99.3059,0,0,-41.2355
"MtrElec",12,29,16,"",105.408,0,0,0,0,0,0,0,0,0,0,0,0,0,0,0,0,0,0,0,0,108.688,0,0,-3.28008
"MtrElec",12,29,17,"",127.529,0,0,0,0,0,0,0,0,0,0,0,0,0,0,0,0,0,0,0,0,127.529,0,0,0
"MtrElec",12,29,18,"",164.189,0,0,0,0,0,0,0,0,0,0,0,0,0,0,0,0,0,0,0,0,164.189,0,0,0
"MtrElec",12,29,19,"",-6.39931,0,0,0,0,0,0,0,0,0,0,0,0,0,0,0,0,0,0,0,0,171.86,0,-178.259,0
"MtrElec",12,29,20,"",176.51,0,0,0,0,0,0,0,0,0,0,0,0,0,0,0,0,0,0,0,0,176.51,0,0,0
"MtrElec",12,29,21,"",194.838,0,0,0,0,0,0,0,0,0,0,0,0,0,0,0,0,0,0,0,0,194.838,0,0,0
"MtrElec",12,29,22,"",167.215,0,0,0,0,0,0,0,0,0,0,0,0,0,0,0,0,0,0,0,0,167.215,0,0,0
"MtrElec",12,29,23,"",167.051,0,0,0,0,0,0,0,0,0,0,0,0,0,0,0,0,0,0,0,0,167.051,0,0,0
"MtrElec",12,29,24,"",151.539,0,0,0,0,0,0,0,0,0,0,0,0,0,0,0,0,0,0,0,0,151.539,0,0,0
"MtrElec",12,30,1,"",127.125,0,0,0,0,0,0,0,0,0,0,0,0,0,0,0,0,0,0,0,0,127.125,0,0,0
"MtrElec",12,30,2,"",95.4324,0,0,0,0,0,0,0,0,0,0,0,0,0,0,0,0,0,0,0,0,95.4324,0,0,0
"MtrElec",12,30,3,"",93.61,0,0,0,0,0,0,0,0,0,0,0,0,0,0,0,0,0,0,0,0,93.61,0,0,0
"MtrElec",12,30,4,"",93.6714,0,0,0,0,0,0,0,0,0,0,0,0,0,0,0,0,0,0,0,0,93.6714,0,0,0
"MtrElec",12,30,5,"",93.4879,0,0,0,0,0,0,0,0,0,0,0,0,0,0,0,0,0,0,0,0,93.4879,0,0,0
"MtrElec",12,30,6,"",101.522,0,0,0,0,0,0,0,0,0,0,0,0,0,0,0,0,0,0,0,0,101.522,0,0,0
"MtrElec",12,30,7,"",118.153,0,0,0,0,0,0,0,0,0,0,0,0,0,0,0,0,0,0,0,0,118.153,0,0,0
"MtrElec",12,30,8,"",59.7875,0,0,0,0,0,0,0,0,0,0,0,0,0,0,0,0,0,0,0,0,141.099,0,0,-81.3117
"MtrElec",12,30,9,"",0,0,0,0,0,0,0,0,0,0,0,0,0,0,0,0,0,0,0,0,0,160.258,0,73.8281,-234.086
"MtrElec",12,30,10,"",0.0000156,0,0,0,0,0,0,0,0,0,0,0,0,0,0,0,0,0,0,0,0,171.087,0,180.286,-351.372
"MtrElec",12,30,11,"",-12.2962,0,0,0,0,0,0,0,0,0,0,0,0,0,0,0,0,0,0,0,0,186.171,0,224.226,-422.694
"MtrElec",12,30,12,"",-224.299,0,0,0,0,0,0,0,0,0,0,0,0,0,0,0,0,0,0,0,0,152.622,0,83.406,-460.326
"MtrElec",12,30,13,"",-252.118,0,0,0,0,0,0,0,0,0,0,0,0,0,0,0,0,0,0,0,0,205.969,0,0,-458.088
"MtrElec",12,30,14,"",-311.884,0,0,0,0,0,0,0,0,0,0,0,0,0,0,0,0,0,0,0,0,100.068,0,0,-411.953
"MtrElec",12,30,15,"",-218.193,0,0,0,0,0,0,0,0,0,0,0,0,0,0,0,0,0,0,0,0,112.059,0,0,-330.253
"MtrElec",12,30,16,"",-82.4012,0,0,0,0,0,0,0,0,0,0,0,0,0,0,0,0,0,0,0,0,118.882,0,0,-201.283
"MtrElec",12,30,17,"",123.299,0,0,0,0,0,0,0,0,0,0,0,0,0,0,0,0,0,0,0,0,162.072,0,0,-38.7727
"MtrElec",12,30,18,"",175.737,0,0,0,0,0,0,0,0,0,0,0,0,0,0,0,0,0,0,0,0,175.737,0,0,0
"MtrElec",12,30,19,"",-46.2738,0,0,0,0,0,0,0,0,0,0,0,0,0,0,0,0,0,0,0,0,177.953,0,-224.226,0
"MtrElec",12,30,20,"",-29.2019,0,0,0,0,0,0,0,0,0,0,0,0,0,0,0,0,0,0,0,0,195.025,0,-224.226,0
"MtrElec",12,30,21,"",168.602,0,0,0,0,0,0,0,0,0,0,0,0,0,0,0,0,0,0,0,0,227.125,0,-58.5231,0
"MtrElec",12,30,22,"",161.205,0,0,0,0,0,0,0,0,0,0,0,0,0,0,0,0,0,0,0,0,161.205,0,0,0
"MtrElec",12,30,23,"",148.004,0,0,0,0,0,0,0,0,0,0,0,0,0,0,0,0,0,0,0,0,148.004,0,0,0
"MtrElec",12,30,24,"",166.099,0,0,0,0,0,0,0,0,0,0,0,0,0,0,0,0,0,0,0,0,166.099,0,0,0
"MtrElec",12,31,1,"",102.286,0,0,0,0,0,0,0,0,0,0,0,0,0,0,0,0,0,0,0,0,102.286,0,0,0
"MtrElec",12,31,2,"",91.8159,0,0,0,0,0,0,0,0,0,0,0,0,0,0,0,0,0,0,0,0,91.8159,0,0,0
"MtrElec",12,31,3,"",91.1758,0,0,0,0,0,0,0,0,0,0,0,0,0,0,0,0,0,0,0,0,91.1758,0,0,0
"MtrElec",12,31,4,"",98.3873,0,0,0,0,0,0,0,0,0,0,0,0,0,0,0,0,0,0,0,0,98.3873,0,0,0
"MtrElec",12,31,5,"",90.476,0,0,0,0,0,0,0,0,0,0,0,0,0,0,0,0,0,0,0,0,90.476,0,0,0
"MtrElec",12,31,6,"",98.4054,0,0,0,0,0,0,0,0,0,0,0,0,0,0,0,0,0,0,0,0,98.4054,0,0,0
"MtrElec",12,31,7,"",119.131,0,0,0,0,0,0,0,0,0,0,0,0,0,0,0,0,0,0,0,0,119.131,0,0,0
"MtrElec",12,31,8,"",123.245,0,0,0,0,0,0,0,0,0,0,0,0,0,0,0,0,0,0,0,0,123.245,0,0,0
"MtrElec",12,31,9,"",148.646,0,0,0,0,0,0,0,0,0,0,0,0,0,0,0,0,0,0,0,0,164.3,0,0,-15.6535
"MtrElec",12,31,10,"",160.469,0,0,0,0,0,0,0,0,0,0,0,0,0,0,0,0,0,0,0,0,175.495,0,0,-15.026
"MtrElec",12,31,11,"",127.685,0,0,0,0,0,0,0,0,0,0,0,0,0,0,0,0,0,0,0,0,156.007,0,0,-28.3221
"MtrElec",12,31,12,"",99.7299,0,0,0,0,0,0,0,0,0,0,0,0,0,0,0,0,0,0,0,0,147.667,0,0,-47.937
"MtrElec",12,31,13,"",59.7884,0,0,0,0,0,0,0,0,0,0,0,0,0,0,0,0,0,0,0,0,140.608,0,0,-80.8201
"MtrElec",12,31,14,"",0,0,0,0,0,0,0,0,0,0,0,0,0,0,0,0,0,0,0,0,0,103.565,0,122.747,-226.311
"MtrElec",12,31,15,"",0,0,0,0,0,0,0,0,0,0,0,0,0,0,0,0,0,0,0,0,0,108.027,0,192.909,-300.936
"MtrElec",12,31,16,"",0,0,0,0,0,0,0,0,0,0,0,0,0,0,0,0,0,0,0,0,0,119.29,0,85.3987,-204.689
"MtrElec",12,31,17,"",85.0904,0,0,0,0,0,0,0,0,0,0,0,0,0,0,0,0,0,0,0,0,134.815,0,0,-49.725
"MtrElec",12,31,18,"",161.243,0,0,0,0,0,0,0,0,0,0,0,0,0,0,0,0,0,0,0,0,161.243,0,0,0
"MtrElec",12,31,19,"",-49.5522,0,0,0,0,0,0,0,0,0,0,0,0,0,0,0,0,0,0,0,0,174.674,0,-224.226,0
"MtrElec",12,31,20,"",56.5438,0,0,0,0,0,0,0,0,0,0,0,0,0,0,0,0,0,0,0,0,194.269,0,-137.725,0
"MtrElec",12,31,21,"",202.123,0,0,0,0,0,0,0,0,0,0,0,0,0,0,0,0,0,0,0,0,202.123,0,0,0
"MtrElec",12,31,22,"",152.71,0,0,0,0,0,0,0,0,0,0,0,0,0,0,0,0,0,0,0,0,152.71,0,0,0
"MtrElec",12,31,23,"",186.885,0,0,0,0,0,0,0,0,0,0,0,0,0,0,0,0,0,0,0,0,186.885,0,0,0
"MtrElec",12,31,24,"",143.219,0,0,0,0,0,0,0,0,0,0,0,0,0,0,0,0,0,0,0,0,143.219,0,0,0

