"Title 24 Multi Family Compliance  /  Standard (PV-Batt only)  /  Jefferson Murrieta Bldg 1B_2025-12-15.cibd22",001
"Tue 16-Dec-25   9:0 am"
"Energy Use","Hour"
"Meter","Mon","Day","Hr","Subhr","Tot","Clg","Htg","HPBU","Dhw","DhwBU","DhwMFL","FanC","FanH","FanV","Fan","Aux","Proc","Lit","Rcp","Ext","Refr","Dish","Dry","Wash","Cook","User1","User2","BT","PV"
"MtrElec",1,1,1,"",91.6214,0,0,0,0,0,0,0,0,0,0,0,0,0,0,0,0,0,0,0,0,91.6214,0,0,0
"MtrElec",1,1,2,"",88.3284,0,0,0,0,0,0,0,0,0,0,0,0,0,0,0,0,0,0,0,0,88.3284,0,0,0
"MtrElec",1,1,3,"",84.1072,0,0,0,0,0,0,0,0,0,0,0,0,0,0,0,0,0,0,0,0,84.1072,0,0,0
"MtrElec",1,1,4,"",85.671,0,0,0,0,0,0,0,0,0,0,0,0,0,0,0,0,0,0,0,0,85.671,0,0,0
"MtrElec",1,1,5,"",87.65,0,0,0,0,0,0,0,0,0,0,0,0,0,0,0,0,0,0,0,0,87.65,0,0,0
"MtrElec",1,1,6,"",164.646,0,0,0,0,0,0,0,0,0,0,0,0,0,0,0,0,0,0,0,0,164.646,0,0,0
"MtrElec",1,1,7,"",178.149,0,0,0,0,0,0,0,0,0,0,0,0,0,0,0,0,0,0,0,0,178.149,0,0,0
"MtrElec",1,1,8,"",181.309,0,0,0,0,0,0,0,0,0,0,0,0,0,0,0,0,0,0,0,0,197.086,0,0,-15.7767
"MtrElec",1,1,9,"",155.402,0,0,0,0,0,0,0,0,0,0,0,0,0,0,0,0,0,0,0,0,208.167,0,0,-52.7649
"MtrElec",1,1,10,"",125.071,0,0,0,0,0,0,0,0,0,0,0,0,0,0,0,0,0,0,0,0,188.625,0,0,-63.5534
"MtrElec",1,1,11,"",111.538,0,0,0,0,0,0,0,0,0,0,0,0,0,0,0,0,0,0,0,0,245.867,0,0,-134.328
"MtrElec",1,1,12,"",64.8088,0,0,0,0,0,0,0,0,0,0,0,0,0,0,0,0,0,0,0,0,176.895,0,0,-112.086
"MtrElec",1,1,13,"",0,0,0,0,0,0,0,0,0,0,0,0,0,0,0,0,0,0,0,0,0,162.891,0,3.45586,-166.347
"MtrElec",1,1,14,"",0,0,0,0,0,0,0,0,0,0,0,0,0,0,0,0,0,0,0,0,0,126.053,0,26.9111,-152.964
"MtrElec",1,1,15,"",42.5648,0,0,0,0,0,0,0,0,0,0,0,0,0,0,0,0,0,0,0,0,134.847,0,0,-92.2822
"MtrElec",1,1,16,"",64.5139,0,0,0,0,0,0,0,0,0,0,0,0,0,0,0,0,0,0,0,0,91.589,0,0,-27.0751
"MtrElec",1,1,17,"",139.018,0,0,0,0,0,0,0,0,0,0,0,0,0,0,0,0,0,0,0,0,142.335,0,0,-3.31665
"MtrElec",1,1,18,"",211.754,0,0,0,0,0,0,0,0,0,0,0,0,0,0,0,0,0,0,0,0,211.754,0,0,0
"MtrElec",1,1,19,"",191.11,0,0,0,0,0,0,0,0,0,0,0,0,0,0,0,0,0,0,0,0,218.516,0,-27.4062,0
"MtrElec",1,1,20,"",179.12,0,0,0,0,0,0,0,0,0,0,0,0,0,0,0,0,0,0,0,0,179.12,0,0,0
"MtrElec",1,1,21,"",138.933,0,0,0,0,0,0,0,0,0,0,0,0,0,0,0,0,0,0,0,0,138.933,0,0,0
"MtrElec",1,1,22,"",162.714,0,0,0,0,0,0,0,0,0,0,0,0,0,0,0,0,0,0,0,0,162.714,0,0,0
"MtrElec",1,1,23,"",168.39,0,0,0,0,0,0,0,0,0,0,0,0,0,0,0,0,0,0,0,0,168.39,0,0,0
"MtrElec",1,1,24,"",114.995,0,0,0,0,0,0,0,0,0,0,0,0,0,0,0,0,0,0,0,0,114.995,0,0,0
"MtrElec",1,2,1,"",84.6716,0,0,0,0,0,0,0,0,0,0,0,0,0,0,0,0,0,0,0,0,84.6716,0,0,0
"MtrElec",1,2,2,"",83.2344,0,0,0,0,0,0,0,0,0,0,0,0,0,0,0,0,0,0,0,0,83.2344,0,0,0
"MtrElec",1,2,3,"",102.811,0,0,0,0,0,0,0,0,0,0,0,0,0,0,0,0,0,0,0,0,102.811,0,0,0
"MtrElec",1,2,4,"",102.1,0,0,0,0,0,0,0,0,0,0,0,0,0,0,0,0,0,0,0,0,102.1,0,0,0
"MtrElec",1,2,5,"",84.6071,0,0,0,0,0,0,0,0,0,0,0,0,0,0,0,0,0,0,0,0,84.6071,0,0,0
"MtrElec",1,2,6,"",83.6977,0,0,0,0,0,0,0,0,0,0,0,0,0,0,0,0,0,0,0,0,83.6977,0,0,0
"MtrElec",1,2,7,"",97.8093,0,0,0,0,0,0,0,0,0,0,0,0,0,0,0,0,0,0,0,0,97.8093,0,0,0
"MtrElec",1,2,8,"",130.349,0,0,0,0,0,0,0,0,0,0,0,0,0,0,0,0,0,0,0,0,143.205,0,0,-12.8562
"MtrElec",1,2,9,"",152.901,0,0,0,0,0,0,0,0,0,0,0,0,0,0,0,0,0,0,0,0,160.768,0,0,-7.86686
"MtrElec",1,2,10,"",114.074,0,0,0,0,0,0,0,0,0,0,0,0,0,0,0,0,0,0,0,0,143.043,0,0,-28.969
"MtrElec",1,2,11,"",145.051,0,0,0,0,0,0,0,0,0,0,0,0,0,0,0,0,0,0,0,0,182.692,0,0,-37.6413
"MtrElec",1,2,12,"",119.771,0,0,0,0,0,0,0,0,0,0,0,0,0,0,0,0,0,0,0,0,142.319,0,0,-22.548
"MtrElec",1,2,13,"",69.1195,0,0,0,0,0,0,0,0,0,0,0,0,0,0,0,0,0,0,0,0,88.8869,0,0,-19.7674
"MtrElec",1,2,14,"",109.329,0,0,0,0,0,0,0,0,0,0,0,0,0,0,0,0,0,0,0,0,124.782,0,0,-15.4536
"MtrElec",1,2,15,"",76.1242,0,0,0,0,0,0,0,0,0,0,0,0,0,0,0,0,0,0,0,0,85.1513,0,0,-9.02716
"MtrElec",1,2,16,"",110.097,0,0,0,0,0,0,0,0,0,0,0,0,0,0,0,0,0,0,0,0,114.144,0,0,-4.04712
"MtrElec",1,2,17,"",121.282,0,0,0,0,0,0,0,0,0,0,0,0,0,0,0,0,0,0,0,0,121.282,0,0,0
"MtrElec",1,2,18,"",147.911,0,0,0,0,0,0,0,0,0,0,0,0,0,0,0,0,0,0,0,0,147.911,0,0,0
"MtrElec",1,2,19,"",179.426,0,0,0,0,0,0,0,0,0,0,0,0,0,0,0,0,0,0,0,0,179.426,0,0,0
"MtrElec",1,2,20,"",133.42,0,0,0,0,0,0,0,0,0,0,0,0,0,0,0,0,0,0,0,0,133.42,0,0,0
"MtrElec",1,2,21,"",206.739,0,0,0,0,0,0,0,0,0,0,0,0,0,0,0,0,0,0,0,0,206.739,0,0,0
"MtrElec",1,2,22,"",181.789,0,0,0,0,0,0,0,0,0,0,0,0,0,0,0,0,0,0,0,0,181.789,0,0,0
"MtrElec",1,2,23,"",118.541,0,0,0,0,0,0,0,0,0,0,0,0,0,0,0,0,0,0,0,0,118.541,0,0,0
"MtrElec",1,2,24,"",110.068,0,0,0,0,0,0,0,0,0,0,0,0,0,0,0,0,0,0,0,0,110.068,0,0,0
"MtrElec",1,3,1,"",105.521,0,0,0,0,0,0,0,0,0,0,0,0,0,0,0,0,0,0,0,0,105.521,0,0,0
"MtrElec",1,3,2,"",72.5919,0,0,0,0,0,0,0,0,0,0,0,0,0,0,0,0,0,0,0,0,72.5919,0,0,0
"MtrElec",1,3,3,"",75.5857,0,0,0,0,0,0,0,0,0,0,0,0,0,0,0,0,0,0,0,0,75.5857,0,0,0
"MtrElec",1,3,4,"",79.4756,0,0,0,0,0,0,0,0,0,0,0,0,0,0,0,0,0,0,0,0,79.4756,0,0,0
"MtrElec",1,3,5,"",104.956,0,0,0,0,0,0,0,0,0,0,0,0,0,0,0,0,0,0,0,0,104.956,0,0,0
"MtrElec",1,3,6,"",85.8112,0,0,0,0,0,0,0,0,0,0,0,0,0,0,0,0,0,0,0,0,85.8112,0,0,0
"MtrElec",1,3,7,"",136.869,0,0,0,0,0,0,0,0,0,0,0,0,0,0,0,0,0,0,0,0,136.869,0,0,0
"MtrElec",1,3,8,"",53.7141,0,0,0,0,0,0,0,0,0,0,0,0,0,0,0,0,0,0,0,0,98.2921,0,0,-44.578
"MtrElec",1,3,9,"",17.6552,0,0,0,0,0,0,0,0,0,0,0,0,0,0,0,0,0,0,0,0,143.373,0,0,-125.717
"MtrElec",1,3,10,"",0,0,0,0,0,0,0,0,0,0,0,0,0,0,0,0,0,0,0,0,0,162.657,0,25.9695,-188.626
"MtrElec",1,3,11,"",0,0,0,0,0,0,0,0,0,0,0,0,0,0,0,0,0,0,0,0,0,201.873,0,30.226,-232.099
"MtrElec",1,3,12,"",0,0,0,0,0,0,0,0,0,0,0,0,0,0,0,0,0,0,0,0,0,159.354,0,92.995,-252.349
"MtrElec",1,3,13,"",0.0000078,0,0,0,0,0,0,0,0,0,0,0,0,0,0,0,0,0,0,0,0,170.451,0,80.0438,-250.494
"MtrElec",1,3,14,"",0,0,0,0,0,0,0,0,0,0,0,0,0,0,0,0,0,0,0,0,0,150.895,0,75.1685,-226.064
"MtrElec",1,3,15,"",0,0,0,0,0,0,0,0,0,0,0,0,0,0,0,0,0,0,0,0,0,135.23,0,42.3534,-177.584
"MtrElec",1,3,16,"",35.7313,0,0,0,0,0,0,0,0,0,0,0,0,0,0,0,0,0,0,0,0,147.118,0,0,-111.387
"MtrElec",1,3,17,"",93.8185,0,0,0,0,0,0,0,0,0,0,0,0,0,0,0,0,0,0,0,0,127.111,0,0,-33.2922
"MtrElec",1,3,18,"",151.749,0,0,0,0,0,0,0,0,0,0,0,0,0,0,0,0,0,0,0,0,151.749,0,0,0
"MtrElec",1,3,19,"",127.572,0,0,0,0,0,0,0,0,0,0,0,0,0,0,0,0,0,0,0,0,221.995,0,-94.4224,0
"MtrElec",1,3,20,"",119.094,0,0,0,0,0,0,0,0,0,0,0,0,0,0,0,0,0,0,0,0,213.516,0,-94.4224,0
"MtrElec",1,3,21,"",95.4717,0,0,0,0,0,0,0,0,0,0,0,0,0,0,0,0,0,0,0,0,189.894,0,-94.4224,0
"MtrElec",1,3,22,"",153.237,0,0,0,0,0,0,0,0,0,0,0,0,0,0,0,0,0,0,0,0,182.917,0,-29.68,0
"MtrElec",1,3,23,"",128.484,0,0,0,0,0,0,0,0,0,0,0,0,0,0,0,0,0,0,0,0,128.484,0,0,0
"MtrElec",1,3,24,"",150.416,0,0,0,0,0,0,0,0,0,0,0,0,0,0,0,0,0,0,0,0,150.416,0,0,0
"MtrElec",1,4,1,"",87.0713,0,0,0,0,0,0,0,0,0,0,0,0,0,0,0,0,0,0,0,0,87.0713,0,0,0
"MtrElec",1,4,2,"",82.1667,0,0,0,0,0,0,0,0,0,0,0,0,0,0,0,0,0,0,0,0,82.1667,0,0,0
"MtrElec",1,4,3,"",83.8356,0,0,0,0,0,0,0,0,0,0,0,0,0,0,0,0,0,0,0,0,83.8356,0,0,0
"MtrElec",1,4,4,"",88.703,0,0,0,0,0,0,0,0,0,0,0,0,0,0,0,0,0,0,0,0,88.703,0,0,0
"MtrElec",1,4,5,"",109.054,0,0,0,0,0,0,0,0,0,0,0,0,0,0,0,0,0,0,0,0,109.054,0,0,0
"MtrElec",1,4,6,"",92.0984,0,0,0,0,0,0,0,0,0,0,0,0,0,0,0,0,0,0,0,0,92.0984,0,0,0
"MtrElec",1,4,7,"",155.28,0,0,0,0,0,0,0,0,0,0,0,0,0,0,0,0,0,0,0,0,155.28,0,0,0
"MtrElec",1,4,8,"",139.111,0,0,0,0,0,0,0,0,0,0,0,0,0,0,0,0,0,0,0,0,187.626,0,0,-48.5158
"MtrElec",1,4,9,"",59.1499,0,0,0,0,0,0,0,0,0,0,0,0,0,0,0,0,0,0,0,0,190.318,0,0,-131.168
"MtrElec",1,4,10,"",0,0,0,0,0,0,0,0,0,0,0,0,0,0,0,0,0,0,0,0,0,173.931,0,18.0947,-192.025
"MtrElec",1,4,11,"",0,0,0,0,0,0,0,0,0,0,0,0,0,0,0,0,0,0,0,0,0,186.12,0,42.8861,-229.006
"MtrElec",1,4,12,"",0,0,0,0,0,0,0,0,0,0,0,0,0,0,0,0,0,0,0,0,0,203.147,0,44.8083,-247.955
"MtrElec",1,4,13,"",0,0,0,0,0,0,0,0,0,0,0,0,0,0,0,0,0,0,0,0,0,200.625,0,45.2881,-245.913
"MtrElec",1,4,14,"",0,0,0,0,0,0,0,0,0,0,0,0,0,0,0,0,0,0,0,0,0,175.065,0,47.8886,-222.954
"MtrElec",1,4,15,"",0.0000005,0,0,0,0,0,0,0,0,0,0,0,0,0,0,0,0,0,0,0,0,172.123,0,7.06806,-179.191
"MtrElec",1,4,16,"",0,0,0,0,0,0,0,0,0,0,0,0,0,0,0,0,0,0,0,0,0,114.337,0,0.236477,-114.574
"MtrElec",1,4,17,"",124.793,0,0,0,0,0,0,0,0,0,0,0,0,0,0,0,0,0,0,0,0,158.919,0,0,-34.1261
"MtrElec",1,4,18,"",114.413,0,0,0,0,0,0,0,0,0,0,0,0,0,0,0,0,0,0,0,0,114.413,0,0,0
"MtrElec",1,4,19,"",119.544,0,0,0,0,0,0,0,0,0,0,0,0,0,0,0,0,0,0,0,0,213.967,0,-94.4224,0
"MtrElec",1,4,20,"",95.5052,0,0,0,0,0,0,0,0,0,0,0,0,0,0,0,0,0,0,0,0,187.242,0,-91.7367,0
"MtrElec",1,4,21,"",187.372,0,0,0,0,0,0,0,0,0,0,0,0,0,0,0,0,0,0,0,0,187.372,0,0,0
"MtrElec",1,4,22,"",200.788,0,0,0,0,0,0,0,0,0,0,0,0,0,0,0,0,0,0,0,0,200.788,0,0,0
"MtrElec",1,4,23,"",114.482,0,0,0,0,0,0,0,0,0,0,0,0,0,0,0,0,0,0,0,0,114.482,0,0,0
"MtrElec",1,4,24,"",106.749,0,0,0,0,0,0,0,0,0,0,0,0,0,0,0,0,0,0,0,0,106.749,0,0,0
"MtrElec",1,5,1,"",91.5576,0,0,0,0,0,0,0,0,0,0,0,0,0,0,0,0,0,0,0,0,91.5576,0,0,0
"MtrElec",1,5,2,"",81.084,0,0,0,0,0,0,0,0,0,0,0,0,0,0,0,0,0,0,0,0,81.084,0,0,0
"MtrElec",1,5,3,"",78.5468,0,0,0,0,0,0,0,0,0,0,0,0,0,0,0,0,0,0,0,0,78.5468,0,0,0
"MtrElec",1,5,4,"",110.771,0,0,0,0,0,0,0,0,0,0,0,0,0,0,0,0,0,0,0,0,110.771,0,0,0
"MtrElec",1,5,5,"",79.1866,0,0,0,0,0,0,0,0,0,0,0,0,0,0,0,0,0,0,0,0,79.1866,0,0,0
"MtrElec",1,5,6,"",80.8339,0,0,0,0,0,0,0,0,0,0,0,0,0,0,0,0,0,0,0,0,80.8339,0,0,0
"MtrElec",1,5,7,"",107.219,0,0,0,0,0,0,0,0,0,0,0,0,0,0,0,0,0,0,0,0,107.219,0,0,0
"MtrElec",1,5,8,"",112.662,0,0,0,0,0,0,0,0,0,0,0,0,0,0,0,0,0,0,0,0,149.883,0,0,-37.2215
"MtrElec",1,5,9,"",51.9755,0,0,0,0,0,0,0,0,0,0,0,0,0,0,0,0,0,0,0,0,152.028,0,0,-100.052
"MtrElec",1,5,10,"",0.0000002,0,0,0,0,0,0,0,0,0,0,0,0,0,0,0,0,0,0,0,0,164.321,0,3.83455,-168.156
"MtrElec",1,5,11,"",3.17641,0,0,0,0,0,0,0,0,0,0,0,0,0,0,0,0,0,0,0,0,211.5,0,0,-208.324
"MtrElec",1,5,12,"",0,0,0,0,0,0,0,0,0,0,0,0,0,0,0,0,0,0,0,0,0,148.653,0,48.8785,-197.532
"MtrElec",1,5,13,"",-2.9888,0,0,0,0,0,0,0,0,0,0,0,0,0,0,0,0,0,0,0,0,148.927,0,94.4224,-246.338
"MtrElec",1,5,14,"",-5.92759,0,0,0,0,0,0,0,0,0,0,0,0,0,0,0,0,0,0,0,0,121.842,0,94.4224,-222.192
"MtrElec",1,5,15,"",0,0,0,0,0,0,0,0,0,0,0,0,0,0,0,0,0,0,0,0,0,103.544,0,74.2276,-177.771
"MtrElec",1,5,16,"",26.381,0,0,0,0,0,0,0,0,0,0,0,0,0,0,0,0,0,0,0,0,139.682,0,0,-113.301
"MtrElec",1,5,17,"",91.5863,0,0,0,0,0,0,0,0,0,0,0,0,0,0,0,0,0,0,0,0,125.498,0,0,-33.9115
"MtrElec",1,5,18,"",146.077,0,0,0,0,0,0,0,0,0,0,0,0,0,0,0,0,0,0,0,0,146.077,0,0,0
"MtrElec",1,5,19,"",38.0508,0,0,0,0,0,0,0,0,0,0,0,0,0,0,0,0,0,0,0,0,132.473,0,-94.4224,0
"MtrElec",1,5,20,"",47.6512,0,0,0,0,0,0,0,0,0,0,0,0,0,0,0,0,0,0,0,0,142.074,0,-94.4224,0
"MtrElec",1,5,21,"",78.7102,0,0,0,0,0,0,0,0,0,0,0,0,0,0,0,0,0,0,0,0,173.133,0,-94.4224,0
"MtrElec",1,5,22,"",129.252,0,0,0,0,0,0,0,0,0,0,0,0,0,0,0,0,0,0,0,0,130.981,0,-1.72913,0
"MtrElec",1,5,23,"",133.823,0,0,0,0,0,0,0,0,0,0,0,0,0,0,0,0,0,0,0,0,133.823,0,0,0
"MtrElec",1,5,24,"",150.454,0,0,0,0,0,0,0,0,0,0,0,0,0,0,0,0,0,0,0,0,150.454,0,0,0
"MtrElec",1,6,1,"",96.683,0,0,0,0,0,0,0,0,0,0,0,0,0,0,0,0,0,0,0,0,96.683,0,0,0
"MtrElec",1,6,2,"",75.2001,0,0,0,0,0,0,0,0,0,0,0,0,0,0,0,0,0,0,0,0,75.2001,0,0,0
"MtrElec",1,6,3,"",72.7867,0,0,0,0,0,0,0,0,0,0,0,0,0,0,0,0,0,0,0,0,72.7867,0,0,0
"MtrElec",1,6,4,"",70.2918,0,0,0,0,0,0,0,0,0,0,0,0,0,0,0,0,0,0,0,0,70.2918,0,0,0
"MtrElec",1,6,5,"",69.7131,0,0,0,0,0,0,0,0,0,0,0,0,0,0,0,0,0,0,0,0,69.7131,0,0,0
"MtrElec",1,6,6,"",77.7763,0,0,0,0,0,0,0,0,0,0,0,0,0,0,0,0,0,0,0,0,77.7763,0,0,0
"MtrElec",1,6,7,"",137.902,0,0,0,0,0,0,0,0,0,0,0,0,0,0,0,0,0,0,0,0,137.902,0,0,0
"MtrElec",1,6,8,"",113.139,0,0,0,0,0,0,0,0,0,0,0,0,0,0,0,0,0,0,0,0,145.154,0,0,-32.0152
"MtrElec",1,6,9,"",77.2294,0,0,0,0,0,0,0,0,0,0,0,0,0,0,0,0,0,0,0,0,166.921,0,0,-89.6918
"MtrElec",1,6,10,"",39.8411,0,0,0,0,0,0,0,0,0,0,0,0,0,0,0,0,0,0,0,0,171.324,0,0,-131.483
"MtrElec",1,6,11,"",0,0,0,0,0,0,0,0,0,0,0,0,0,0,0,0,0,0,0,0,0,128.101,0,82.8228,-210.924
"MtrElec",1,6,12,"",0,0,0,0,0,0,0,0,0,0,0,0,0,0,0,0,0,0,0,0,0,159.635,0,66.4064,-226.041
"MtrElec",1,6,13,"",0,0,0,0,0,0,0,0,0,0,0,0,0,0,0,0,0,0,0,0,0,84.7565,0,61.4559,-146.212
"MtrElec",1,6,14,"",50.1987,0,0,0,0,0,0,0,0,0,0,0,0,0,0,0,0,0,0,0,0,116.004,0,0,-65.8052
"MtrElec",1,6,15,"",57.0429,0,0,0,0,0,0,0,0,0,0,0,0,0,0,0,0,0,0,0,0,84.0833,0,0,-27.0404
"MtrElec",1,6,16,"",74.1668,0,0,0,0,0,0,0,0,0,0,0,0,0,0,0,0,0,0,0,0,110.659,0,0,-36.4927
"MtrElec",1,6,17,"",125.187,0,0,0,0,0,0,0,0,0,0,0,0,0,0,0,0,0,0,0,0,127.616,0,0,-2.42921
"MtrElec",1,6,18,"",127.898,0,0,0,0,0,0,0,0,0,0,0,0,0,0,0,0,0,0,0,0,127.898,0,0,0
"MtrElec",1,6,19,"",84.7531,0,0,0,0,0,0,0,0,0,0,0,0,0,0,0,0,0,0,0,0,179.176,0,-94.4224,0
"MtrElec",1,6,20,"",61.958,0,0,0,0,0,0,0,0,0,0,0,0,0,0,0,0,0,0,0,0,156.38,0,-94.4224,0
"MtrElec",1,6,21,"",217.189,0,0,0,0,0,0,0,0,0,0,0,0,0,0,0,0,0,0,0,0,218.488,0,-1.29841,0
"MtrElec",1,6,22,"",141.414,0,0,0,0,0,0,0,0,0,0,0,0,0,0,0,0,0,0,0,0,141.414,0,0,0
"MtrElec",1,6,23,"",150.518,0,0,0,0,0,0,0,0,0,0,0,0,0,0,0,0,0,0,0,0,150.518,0,0,0
"MtrElec",1,6,24,"",104.482,0,0,0,0,0,0,0,0,0,0,0,0,0,0,0,0,0,0,0,0,104.482,0,0,0
"MtrElec",1,7,1,"",89.5066,0,0,0,0,0,0,0,0,0,0,0,0,0,0,0,0,0,0,0,0,89.5066,0,0,0
"MtrElec",1,7,2,"",69.3961,0,0,0,0,0,0,0,0,0,0,0,0,0,0,0,0,0,0,0,0,69.3961,0,0,0
"MtrElec",1,7,3,"",68.6202,0,0,0,0,0,0,0,0,0,0,0,0,0,0,0,0,0,0,0,0,68.6202,0,0,0
"MtrElec",1,7,4,"",75.5977,0,0,0,0,0,0,0,0,0,0,0,0,0,0,0,0,0,0,0,0,75.5977,0,0,0
"MtrElec",1,7,5,"",67.875,0,0,0,0,0,0,0,0,0,0,0,0,0,0,0,0,0,0,0,0,67.875,0,0,0
"MtrElec",1,7,6,"",79.6677,0,0,0,0,0,0,0,0,0,0,0,0,0,0,0,0,0,0,0,0,79.6677,0,0,0
"MtrElec",1,7,7,"",131.833,0,0,0,0,0,0,0,0,0,0,0,0,0,0,0,0,0,0,0,0,131.833,0,0,0
"MtrElec",1,7,8,"",124.54,0,0,0,0,0,0,0,0,0,0,0,0,0,0,0,0,0,0,0,0,134.498,0,0,-9.95868
"MtrElec",1,7,9,"",39.7423,0,0,0,0,0,0,0,0,0,0,0,0,0,0,0,0,0,0,0,0,96.7127,0,0,-56.9704
"MtrElec",1,7,10,"",0.0000010,0,0,0,0,0,0,0,0,0,0,0,0,0,0,0,0,0,0,0,0,130.174,0,12.3059,-142.48
"MtrElec",1,7,11,"",0.0000078,0,0,0,0,0,0,0,0,0,0,0,0,0,0,0,0,0,0,0,0,116.115,0,93.415,-209.531
"MtrElec",1,7,12,"",-1.3986,0,0,0,0,0,0,0,0,0,0,0,0,0,0,0,0,0,0,0,0,132.263,0,94.4224,-228.084
"MtrElec",1,7,13,"",-43.3493,0,0,0,0,0,0,0,0,0,0,0,0,0,0,0,0,0,0,0,0,88.0646,0,94.4224,-225.836
"MtrElec",1,7,14,"",-30.0223,0,0,0,0,0,0,0,0,0,0,0,0,0,0,0,0,0,0,0,0,118.911,0,57.7327,-206.666
"MtrElec",1,7,15,"",-79.704,0,0,0,0,0,0,0,0,0,0,0,0,0,0,0,0,0,0,0,0,89.8802,0,0,-169.584
"MtrElec",1,7,16,"",54.9888,0,0,0,0,0,0,0,0,0,0,0,0,0,0,0,0,0,0,0,0,140.09,0,0,-85.101
"MtrElec",1,7,17,"",89.6374,0,0,0,0,0,0,0,0,0,0,0,0,0,0,0,0,0,0,0,0,113.402,0,0,-23.7648
"MtrElec",1,7,18,"",123.336,0,0,0,0,0,0,0,0,0,0,0,0,0,0,0,0,0,0,0,0,123.336,0,0,0
"MtrElec",1,7,19,"",85.3513,0,0,0,0,0,0,0,0,0,0,0,0,0,0,0,0,0,0,0,0,179.774,0,-94.4224,0
"MtrElec",1,7,20,"",53.4372,0,0,0,0,0,0,0,0,0,0,0,0,0,0,0,0,0,0,0,0,147.86,0,-94.4224,0
"MtrElec",1,7,21,"",83.3565,0,0,0,0,0,0,0,0,0,0,0,0,0,0,0,0,0,0,0,0,177.779,0,-94.4224,0
"MtrElec",1,7,22,"",101.178,0,0,0,0,0,0,0,0,0,0,0,0,0,0,0,0,0,0,0,0,135.86,0,-34.6821,0
"MtrElec",1,7,23,"",104.18,0,0,0,0,0,0,0,0,0,0,0,0,0,0,0,0,0,0,0,0,104.18,0,0,0
"MtrElec",1,7,24,"",125.205,0,0,0,0,0,0,0,0,0,0,0,0,0,0,0,0,0,0,0,0,125.205,0,0,0
"MtrElec",1,8,1,"",86.465,0,0,0,0,0,0,0,0,0,0,0,0,0,0,0,0,0,0,0,0,86.465,0,0,0
"MtrElec",1,8,2,"",78.946,0,0,0,0,0,0,0,0,0,0,0,0,0,0,0,0,0,0,0,0,78.946,0,0,0
"MtrElec",1,8,3,"",81.1895,0,0,0,0,0,0,0,0,0,0,0,0,0,0,0,0,0,0,0,0,81.1895,0,0,0
"MtrElec",1,8,4,"",83.0051,0,0,0,0,0,0,0,0,0,0,0,0,0,0,0,0,0,0,0,0,83.0051,0,0,0
"MtrElec",1,8,5,"",83.7854,0,0,0,0,0,0,0,0,0,0,0,0,0,0,0,0,0,0,0,0,83.7854,0,0,0
"MtrElec",1,8,6,"",83.6605,0,0,0,0,0,0,0,0,0,0,0,0,0,0,0,0,0,0,0,0,83.6605,0,0,0
"MtrElec",1,8,7,"",118.965,0,0,0,0,0,0,0,0,0,0,0,0,0,0,0,0,0,0,0,0,118.965,0,0,0
"MtrElec",1,8,8,"",105.82,0,0,0,0,0,0,0,0,0,0,0,0,0,0,0,0,0,0,0,0,148.611,0,0,-42.7916
"MtrElec",1,8,9,"",47.8002,0,0,0,0,0,0,0,0,0,0,0,0,0,0,0,0,0,0,0,0,166.846,0,0,-119.046
"MtrElec",1,8,10,"",0.0000020,0,0,0,0,0,0,0,0,0,0,0,0,0,0,0,0,0,0,0,0,157.192,0,18.1388,-175.331
"MtrElec",1,8,11,"",0,0,0,0,0,0,0,0,0,0,0,0,0,0,0,0,0,0,0,0,0,121.814,0,86.5671,-208.381
"MtrElec",1,8,12,"",0,0,0,0,0,0,0,0,0,0,0,0,0,0,0,0,0,0,0,0,0,149.952,0,78.9621,-228.914
"MtrElec",1,8,13,"",-43.5588,0,0,0,0,0,0,0,0,0,0,0,0,0,0,0,0,0,0,0,0,91.9875,0,94.4224,-229.969
"MtrElec",1,8,14,"",-56.3396,0,0,0,0,0,0,0,0,0,0,0,0,0,0,0,0,0,0,0,0,79.3367,0,74.2082,-209.884
"MtrElec",1,8,15,"",-46.9683,0,0,0,0,0,0,0,0,0,0,0,0,0,0,0,0,0,0,0,0,120.957,0,0,-167.925
"MtrElec",1,8,16,"",-9.27888,0,0,0,0,0,0,0,0,0,0,0,0,0,0,0,0,0,0,0,0,100.32,0,0,-109.599
"MtrElec",1,8,17,"",106.559,0,0,0,0,0,0,0,0,0,0,0,0,0,0,0,0,0,0,0,0,139.771,0,0,-33.213
"MtrElec",1,8,18,"",128.493,0,0,0,0,0,0,0,0,0,0,0,0,0,0,0,0,0,0,0,0,128.493,0,0,0
"MtrElec",1,8,19,"",32.3648,0,0,0,0,0,0,0,0,0,0,0,0,0,0,0,0,0,0,0,0,126.787,0,-94.4224,0
"MtrElec",1,8,20,"",93.1003,0,0,0,0,0,0,0,0,0,0,0,0,0,0,0,0,0,0,0,0,187.523,0,-94.4224,0
"MtrElec",1,8,21,"",105.861,0,0,0,0,0,0,0,0,0,0,0,0,0,0,0,0,0,0,0,0,200.283,0,-94.4224,0
"MtrElec",1,8,22,"",69.6973,0,0,0,0,0,0,0,0,0,0,0,0,0,0,0,0,0,0,0,0,104.379,0,-34.6821,0
"MtrElec",1,8,23,"",145.447,0,0,0,0,0,0,0,0,0,0,0,0,0,0,0,0,0,0,0,0,145.447,0,0,0
"MtrElec",1,8,24,"",123.041,0,0,0,0,0,0,0,0,0,0,0,0,0,0,0,0,0,0,0,0,123.041,0,0,0
"MtrElec",1,9,1,"",90.1477,0,0,0,0,0,0,0,0,0,0,0,0,0,0,0,0,0,0,0,0,90.1477,0,0,0
"MtrElec",1,9,2,"",75.6598,0,0,0,0,0,0,0,0,0,0,0,0,0,0,0,0,0,0,0,0,75.6598,0,0,0
"MtrElec",1,9,3,"",73.5057,0,0,0,0,0,0,0,0,0,0,0,0,0,0,0,0,0,0,0,0,73.5057,0,0,0
"MtrElec",1,9,4,"",72.4435,0,0,0,0,0,0,0,0,0,0,0,0,0,0,0,0,0,0,0,0,72.4435,0,0,0
"MtrElec",1,9,5,"",74.2816,0,0,0,0,0,0,0,0,0,0,0,0,0,0,0,0,0,0,0,0,74.2816,0,0,0
"MtrElec",1,9,6,"",79.5749,0,0,0,0,0,0,0,0,0,0,0,0,0,0,0,0,0,0,0,0,79.5749,0,0,0
"MtrElec",1,9,7,"",139.595,0,0,0,0,0,0,0,0,0,0,0,0,0,0,0,0,0,0,0,0,139.595,0,0,0
"MtrElec",1,9,8,"",131.011,0,0,0,0,0,0,0,0,0,0,0,0,0,0,0,0,0,0,0,0,148.876,0,0,-17.8659
"MtrElec",1,9,9,"",109.496,0,0,0,0,0,0,0,0,0,0,0,0,0,0,0,0,0,0,0,0,180.944,0,0,-71.4489
"MtrElec",1,9,10,"",53.4815,0,0,0,0,0,0,0,0,0,0,0,0,0,0,0,0,0,0,0,0,181.285,0,0,-127.803
"MtrElec",1,9,11,"",0,0,0,0,0,0,0,0,0,0,0,0,0,0,0,0,0,0,0,0,0,152.473,0,4.07037,-156.543
"MtrElec",1,9,12,"",0,0,0,0,0,0,0,0,0,0,0,0,0,0,0,0,0,0,0,0,0,107.35,0,70.8839,-178.234
"MtrElec",1,9,13,"",0,0,0,0,0,0,0,0,0,0,0,0,0,0,0,0,0,0,0,0,0,141.837,0,39.7776,-181.614
"MtrElec",1,9,14,"",0,0,0,0,0,0,0,0,0,0,0,0,0,0,0,0,0,0,0,0,0,79.5899,0,70.2809,-149.871
"MtrElec",1,9,15,"",0.0000039,0,0,0,0,0,0,0,0,0,0,0,0,0,0,0,0,0,0,0,0,78.5925,0,64.6436,-143.236
"MtrElec",1,9,16,"",27.2588,0,0,0,0,0,0,0,0,0,0,0,0,0,0,0,0,0,0,0,0,111.895,0,0,-84.6366
"MtrElec",1,9,17,"",70.7816,0,0,0,0,0,0,0,0,0,0,0,0,0,0,0,0,0,0,0,0,93.6271,0,0,-22.8455
"MtrElec",1,9,18,"",144.025,0,0,0,0,0,0,0,0,0,0,0,0,0,0,0,0,0,0,0,0,144.025,0,0,0
"MtrElec",1,9,19,"",60.3195,0,0,0,0,0,0,0,0,0,0,0,0,0,0,0,0,0,0,0,0,154.742,0,-94.4224,0
"MtrElec",1,9,20,"",99.7932,0,0,0,0,0,0,0,0,0,0,0,0,0,0,0,0,0,0,0,0,194.216,0,-94.4224,0
"MtrElec",1,9,21,"",139.787,0,0,0,0,0,0,0,0,0,0,0,0,0,0,0,0,0,0,0,0,176.257,0,-36.47,0
"MtrElec",1,9,22,"",131.019,0,0,0,0,0,0,0,0,0,0,0,0,0,0,0,0,0,0,0,0,131.019,0,0,0
"MtrElec",1,9,23,"",161.035,0,0,0,0,0,0,0,0,0,0,0,0,0,0,0,0,0,0,0,0,161.035,0,0,0
"MtrElec",1,9,24,"",108.464,0,0,0,0,0,0,0,0,0,0,0,0,0,0,0,0,0,0,0,0,108.464,0,0,0
"MtrElec",1,10,1,"",80.303,0,0,0,0,0,0,0,0,0,0,0,0,0,0,0,0,0,0,0,0,80.303,0,0,0
"MtrElec",1,10,2,"",73.0942,0,0,0,0,0,0,0,0,0,0,0,0,0,0,0,0,0,0,0,0,73.0942,0,0,0
"MtrElec",1,10,3,"",73.7483,0,0,0,0,0,0,0,0,0,0,0,0,0,0,0,0,0,0,0,0,73.7483,0,0,0
"MtrElec",1,10,4,"",78.4762,0,0,0,0,0,0,0,0,0,0,0,0,0,0,0,0,0,0,0,0,78.4762,0,0,0
"MtrElec",1,10,5,"",110.283,0,0,0,0,0,0,0,0,0,0,0,0,0,0,0,0,0,0,0,0,110.283,0,0,0
"MtrElec",1,10,6,"",96.5154,0,0,0,0,0,0,0,0,0,0,0,0,0,0,0,0,0,0,0,0,96.5154,0,0,0
"MtrElec",1,10,7,"",87.1942,0,0,0,0,0,0,0,0,0,0,0,0,0,0,0,0,0,0,0,0,87.1942,0,0,0
"MtrElec",1,10,8,"",103.272,0,0,0,0,0,0,0,0,0,0,0,0,0,0,0,0,0,0,0,0,144.413,0,0,-41.1416
"MtrElec",1,10,9,"",30.9947,0,0,0,0,0,0,0,0,0,0,0,0,0,0,0,0,0,0,0,0,148.616,0,0,-117.621
"MtrElec",1,10,10,"",0.0000002,0,0,0,0,0,0,0,0,0,0,0,0,0,0,0,0,0,0,0,0,171.053,0,3.647,-174.7
"MtrElec",1,10,11,"",0,0,0,0,0,0,0,0,0,0,0,0,0,0,0,0,0,0,0,0,0,160.465,0,46.1996,-206.665
"MtrElec",1,10,12,"",0,0,0,0,0,0,0,0,0,0,0,0,0,0,0,0,0,0,0,0,0,173.298,0,52.9405,-226.239
"MtrElec",1,10,13,"",0.0000010,0,0,0,0,0,0,0,0,0,0,0,0,0,0,0,0,0,0,0,0,211.056,0,16.0118,-227.067
"MtrElec",1,10,14,"",-3.02336,0,0,0,0,0,0,0,0,0,0,0,0,0,0,0,0,0,0,0,0,111.024,0,94.4224,-208.469
"MtrElec",1,10,15,"",0.0000010,0,0,0,0,0,0,0,0,0,0,0,0,0,0,0,0,0,0,0,0,155.323,0,14.3023,-169.625
"MtrElec",1,10,16,"",0,0,0,0,0,0,0,0,0,0,0,0,0,0,0,0,0,0,0,0,0,99.0589,0,11.0907,-110.15
"MtrElec",1,10,17,"",120.976,0,0,0,0,0,0,0,0,0,0,0,0,0,0,0,0,0,0,0,0,155.443,0,0,-34.4665
"MtrElec",1,10,18,"",140.06,0,0,0,0,0,0,0,0,0,0,0,0,0,0,0,0,0,0,0,0,140.06,0,0,0
"MtrElec",1,10,19,"",127.977,0,0,0,0,0,0,0,0,0,0,0,0,0,0,0,0,0,0,0,0,222.4,0,-94.4224,0
"MtrElec",1,10,20,"",65.7987,0,0,0,0,0,0,0,0,0,0,0,0,0,0,0,0,0,0,0,0,160.221,0,-94.4224,0
"MtrElec",1,10,21,"",160.315,0,0,0,0,0,0,0,0,0,0,0,0,0,0,0,0,0,0,0,0,186.819,0,-26.5047,0
"MtrElec",1,10,22,"",147.019,0,0,0,0,0,0,0,0,0,0,0,0,0,0,0,0,0,0,0,0,147.019,0,0,0
"MtrElec",1,10,23,"",130.615,0,0,0,0,0,0,0,0,0,0,0,0,0,0,0,0,0,0,0,0,130.615,0,0,0
"MtrElec",1,10,24,"",115.096,0,0,0,0,0,0,0,0,0,0,0,0,0,0,0,0,0,0,0,0,115.096,0,0,0
"MtrElec",1,11,1,"",73.2501,0,0,0,0,0,0,0,0,0,0,0,0,0,0,0,0,0,0,0,0,73.2501,0,0,0
"MtrElec",1,11,2,"",68.5629,0,0,0,0,0,0,0,0,0,0,0,0,0,0,0,0,0,0,0,0,68.5629,0,0,0
"MtrElec",1,11,3,"",68.4752,0,0,0,0,0,0,0,0,0,0,0,0,0,0,0,0,0,0,0,0,68.4752,0,0,0
"MtrElec",1,11,4,"",71.4669,0,0,0,0,0,0,0,0,0,0,0,0,0,0,0,0,0,0,0,0,71.4669,0,0,0
"MtrElec",1,11,5,"",79.0763,0,0,0,0,0,0,0,0,0,0,0,0,0,0,0,0,0,0,0,0,79.0763,0,0,0
"MtrElec",1,11,6,"",76.7145,0,0,0,0,0,0,0,0,0,0,0,0,0,0,0,0,0,0,0,0,76.7145,0,0,0
"MtrElec",1,11,7,"",82.7802,0,0,0,0,0,0,0,0,0,0,0,0,0,0,0,0,0,0,0,0,82.7802,0,0,0
"MtrElec",1,11,8,"",84.4078,0,0,0,0,0,0,0,0,0,0,0,0,0,0,0,0,0,0,0,0,125.818,0,0,-41.41
"MtrElec",1,11,9,"",0,0,0,0,0,0,0,0,0,0,0,0,0,0,0,0,0,0,0,0,0,117.279,0,0.580781,-117.86
"MtrElec",1,11,10,"",0,0,0,0,0,0,0,0,0,0,0,0,0,0,0,0,0,0,0,0,0,150.525,0,27.3198,-177.844
"MtrElec",1,11,11,"",0,0,0,0,0,0,0,0,0,0,0,0,0,0,0,0,0,0,0,0,0,165.83,0,47.8876,-213.717
"MtrElec",1,11,12,"",0,0,0,0,0,0,0,0,0,0,0,0,0,0,0,0,0,0,0,0,0,166.459,0,65.2042,-231.663
"MtrElec",1,11,13,"",0.0000039,0,0,0,0,0,0,0,0,0,0,0,0,0,0,0,0,0,0,0,0,183.714,0,42.8236,-226.537
"MtrElec",1,11,14,"",0,0,0,0,0,0,0,0,0,0,0,0,0,0,0,0,0,0,0,0,0,141.065,0,65.0218,-206.086
"MtrElec",1,11,15,"",0.0000002,0,0,0,0,0,0,0,0,0,0,0,0,0,0,0,0,0,0,0,0,168.984,0,2.33605,-171.32
"MtrElec",1,11,16,"",10.1772,0,0,0,0,0,0,0,0,0,0,0,0,0,0,0,0,0,0,0,0,121.028,0,0,-110.85
"MtrElec",1,11,17,"",110.231,0,0,0,0,0,0,0,0,0,0,0,0,0,0,0,0,0,0,0,0,145.109,0,0,-34.8778
"MtrElec",1,11,18,"",134.223,0,0,0,0,0,0,0,0,0,0,0,0,0,0,0,0,0,0,0,0,134.223,0,0,0
"MtrElec",1,11,19,"",103.302,0,0,0,0,0,0,0,0,0,0,0,0,0,0,0,0,0,0,0,0,197.725,0,-94.4224,0
"MtrElec",1,11,20,"",59.578,0,0,0,0,0,0,0,0,0,0,0,0,0,0,0,0,0,0,0,0,154,0,-94.4224,0
"MtrElec",1,11,21,"",116.133,0,0,0,0,0,0,0,0,0,0,0,0,0,0,0,0,0,0,0,0,153.973,0,-37.8395,0
"MtrElec",1,11,22,"",156.431,0,0,0,0,0,0,0,0,0,0,0,0,0,0,0,0,0,0,0,0,156.431,0,0,0
"MtrElec",1,11,23,"",100.659,0,0,0,0,0,0,0,0,0,0,0,0,0,0,0,0,0,0,0,0,100.659,0,0,0
"MtrElec",1,11,24,"",97.3818,0,0,0,0,0,0,0,0,0,0,0,0,0,0,0,0,0,0,0,0,97.3818,0,0,0
"MtrElec",1,12,1,"",100.572,0,0,0,0,0,0,0,0,0,0,0,0,0,0,0,0,0,0,0,0,100.572,0,0,0
"MtrElec",1,12,2,"",82.8222,0,0,0,0,0,0,0,0,0,0,0,0,0,0,0,0,0,0,0,0,82.8222,0,0,0
"MtrElec",1,12,3,"",72.0197,0,0,0,0,0,0,0,0,0,0,0,0,0,0,0,0,0,0,0,0,72.0197,0,0,0
"MtrElec",1,12,4,"",72.8024,0,0,0,0,0,0,0,0,0,0,0,0,0,0,0,0,0,0,0,0,72.8024,0,0,0
"MtrElec",1,12,5,"",73.9366,0,0,0,0,0,0,0,0,0,0,0,0,0,0,0,0,0,0,0,0,73.9366,0,0,0
"MtrElec",1,12,6,"",79.6663,0,0,0,0,0,0,0,0,0,0,0,0,0,0,0,0,0,0,0,0,79.6663,0,0,0
"MtrElec",1,12,7,"",163.44,0,0,0,0,0,0,0,0,0,0,0,0,0,0,0,0,0,0,0,0,163.44,0,0,0
"MtrElec",1,12,8,"",109.01,0,0,0,0,0,0,0,0,0,0,0,0,0,0,0,0,0,0,0,0,140.225,0,0,-31.2148
"MtrElec",1,12,9,"",38.1746,0,0,0,0,0,0,0,0,0,0,0,0,0,0,0,0,0,0,0,0,142.404,0,0,-104.229
"MtrElec",1,12,10,"",4.82188,0,0,0,0,0,0,0,0,0,0,0,0,0,0,0,0,0,0,0,0,178.453,0,0,-173.631
"MtrElec",1,12,11,"",0,0,0,0,0,0,0,0,0,0,0,0,0,0,0,0,0,0,0,0,0,190.164,0,23.1938,-213.357
"MtrElec",1,12,12,"",-3.45663,0,0,0,0,0,0,0,0,0,0,0,0,0,0,0,0,0,0,0,0,135.518,0,94.4224,-233.397
"MtrElec",1,12,13,"",-43.1535,0,0,0,0,0,0,0,0,0,0,0,0,0,0,0,0,0,0,0,0,94.5402,0,94.4224,-232.116
"MtrElec",1,12,14,"",0,0,0,0,0,0,0,0,0,0,0,0,0,0,0,0,0,0,0,0,0,117.278,0,94.139,-211.417
"MtrElec",1,12,15,"",-36.4262,0,0,0,0,0,0,0,0,0,0,0,0,0,0,0,0,0,0,0,0,89.4329,0,46.1209,-171.98
"MtrElec",1,12,16,"",-18.5443,0,0,0,0,0,0,0,0,0,0,0,0,0,0,0,0,0,0,0,0,91.3153,0,0,-109.86
"MtrElec",1,12,17,"",124.323,0,0,0,0,0,0,0,0,0,0,0,0,0,0,0,0,0,0,0,0,156.92,0,0,-32.5968
"MtrElec",1,12,18,"",121.829,0,0,0,0,0,0,0,0,0,0,0,0,0,0,0,0,0,0,0,0,121.829,0,0,0
"MtrElec",1,12,19,"",102.339,0,0,0,0,0,0,0,0,0,0,0,0,0,0,0,0,0,0,0,0,196.761,0,-94.4224,0
"MtrElec",1,12,20,"",76.9008,0,0,0,0,0,0,0,0,0,0,0,0,0,0,0,0,0,0,0,0,171.323,0,-94.4224,0
"MtrElec",1,12,21,"",87.7384,0,0,0,0,0,0,0,0,0,0,0,0,0,0,0,0,0,0,0,0,182.161,0,-94.4224,0
"MtrElec",1,12,22,"",129.105,0,0,0,0,0,0,0,0,0,0,0,0,0,0,0,0,0,0,0,0,163.787,0,-34.6821,0
"MtrElec",1,12,23,"",120.829,0,0,0,0,0,0,0,0,0,0,0,0,0,0,0,0,0,0,0,0,120.829,0,0,0
"MtrElec",1,12,24,"",171.601,0,0,0,0,0,0,0,0,0,0,0,0,0,0,0,0,0,0,0,0,171.601,0,0,0
"MtrElec",1,13,1,"",88.8576,0,0,0,0,0,0,0,0,0,0,0,0,0,0,0,0,0,0,0,0,88.8576,0,0,0
"MtrElec",1,13,2,"",74.6436,0,0,0,0,0,0,0,0,0,0,0,0,0,0,0,0,0,0,0,0,74.6436,0,0,0
"MtrElec",1,13,3,"",77.3505,0,0,0,0,0,0,0,0,0,0,0,0,0,0,0,0,0,0,0,0,77.3505,0,0,0
"MtrElec",1,13,4,"",78.1749,0,0,0,0,0,0,0,0,0,0,0,0,0,0,0,0,0,0,0,0,78.1749,0,0,0
"MtrElec",1,13,5,"",78.3468,0,0,0,0,0,0,0,0,0,0,0,0,0,0,0,0,0,0,0,0,78.3468,0,0,0
"MtrElec",1,13,6,"",88.1427,0,0,0,0,0,0,0,0,0,0,0,0,0,0,0,0,0,0,0,0,88.1427,0,0,0
"MtrElec",1,13,7,"",134.329,0,0,0,0,0,0,0,0,0,0,0,0,0,0,0,0,0,0,0,0,134.329,0,0,0
"MtrElec",1,13,8,"",119.842,0,0,0,0,0,0,0,0,0,0,0,0,0,0,0,0,0,0,0,0,139.591,0,0,-19.7489
"MtrElec",1,13,9,"",42.5933,0,0,0,0,0,0,0,0,0,0,0,0,0,0,0,0,0,0,0,0,145.095,0,0,-102.502
"MtrElec",1,13,10,"",11.4944,0,0,0,0,0,0,0,0,0,0,0,0,0,0,0,0,0,0,0,0,173.39,0,0,-161.896
"MtrElec",1,13,11,"",0,0,0,0,0,0,0,0,0,0,0,0,0,0,0,0,0,0,0,0,0,114.922,0,92.3331,-207.255
"MtrElec",1,13,12,"",-11.2065,0,0,0,0,0,0,0,0,0,0,0,0,0,0,0,0,0,0,0,0,120.568,0,94.4224,-226.197
"MtrElec",1,13,13,"",-41.0956,0,0,0,0,0,0,0,0,0,0,0,0,0,0,0,0,0,0,0,0,74.4365,0,94.4224,-209.954
"MtrElec",1,13,14,"",-45.3271,0,0,0,0,0,0,0,0,0,0,0,0,0,0,0,0,0,0,0,0,83.3596,0,71.1205,-199.807
"MtrElec",1,13,15,"",-51.1719,0,0,0,0,0,0,0,0,0,0,0,0,0,0,0,0,0,0,0,0,108.282,0,0,-159.454
"MtrElec",1,13,16,"",-0.239422,0,0,0,0,0,0,0,0,0,0,0,0,0,0,0,0,0,0,0,0,84.9773,0,0,-85.2167
"MtrElec",1,13,17,"",109.231,0,0,0,0,0,0,0,0,0,0,0,0,0,0,0,0,0,0,0,0,137.827,0,0,-28.5953
"MtrElec",1,13,18,"",135.72,0,0,0,0,0,0,0,0,0,0,0,0,0,0,0,0,0,0,0,0,135.72,0,0,0
"MtrElec",1,13,19,"",86.2098,0,0,0,0,0,0,0,0,0,0,0,0,0,0,0,0,0,0,0,0,180.632,0,-94.4224,0
"MtrElec",1,13,20,"",76.0317,0,0,0,0,0,0,0,0,0,0,0,0,0,0,0,0,0,0,0,0,170.454,0,-94.4224,0
"MtrElec",1,13,21,"",70.4385,0,0,0,0,0,0,0,0,0,0,0,0,0,0,0,0,0,0,0,0,164.861,0,-94.4224,0
"MtrElec",1,13,22,"",105.708,0,0,0,0,0,0,0,0,0,0,0,0,0,0,0,0,0,0,0,0,140.39,0,-34.6821,0
"MtrElec",1,13,23,"",163.455,0,0,0,0,0,0,0,0,0,0,0,0,0,0,0,0,0,0,0,0,163.455,0,0,0
"MtrElec",1,13,24,"",125.523,0,0,0,0,0,0,0,0,0,0,0,0,0,0,0,0,0,0,0,0,125.523,0,0,0
"MtrElec",1,14,1,"",92.2772,0,0,0,0,0,0,0,0,0,0,0,0,0,0,0,0,0,0,0,0,92.2772,0,0,0
"MtrElec",1,14,2,"",65.7291,0,0,0,0,0,0,0,0,0,0,0,0,0,0,0,0,0,0,0,0,65.7291,0,0,0
"MtrElec",1,14,3,"",71.9136,0,0,0,0,0,0,0,0,0,0,0,0,0,0,0,0,0,0,0,0,71.9136,0,0,0
"MtrElec",1,14,4,"",74.7371,0,0,0,0,0,0,0,0,0,0,0,0,0,0,0,0,0,0,0,0,74.7371,0,0,0
"MtrElec",1,14,5,"",75.9293,0,0,0,0,0,0,0,0,0,0,0,0,0,0,0,0,0,0,0,0,75.9293,0,0,0
"MtrElec",1,14,6,"",111.647,0,0,0,0,0,0,0,0,0,0,0,0,0,0,0,0,0,0,0,0,111.647,0,0,0
"MtrElec",1,14,7,"",93.7308,0,0,0,0,0,0,0,0,0,0,0,0,0,0,0,0,0,0,0,0,93.7308,0,0,0
"MtrElec",1,14,8,"",104.17,0,0,0,0,0,0,0,0,0,0,0,0,0,0,0,0,0,0,0,0,145.954,0,0,-41.784
"MtrElec",1,14,9,"",25.8362,0,0,0,0,0,0,0,0,0,0,0,0,0,0,0,0,0,0,0,0,143.726,0,0,-117.89
"MtrElec",1,14,10,"",0,0,0,0,0,0,0,0,0,0,0,0,0,0,0,0,0,0,0,0,0,148.612,0,29.3063,-177.919
"MtrElec",1,14,11,"",0,0,0,0,0,0,0,0,0,0,0,0,0,0,0,0,0,0,0,0,0,161.614,0,52.0672,-213.682
"MtrElec",1,14,12,"",-4.2866,0,0,0,0,0,0,0,0,0,0,0,0,0,0,0,0,0,0,0,0,135.112,0,94.4224,-233.821
"MtrElec",1,14,13,"",-41.3289,0,0,0,0,0,0,0,0,0,0,0,0,0,0,0,0,0,0,0,0,100.762,0,94.4224,-236.513
"MtrElec",1,14,14,"",-24.7634,0,0,0,0,0,0,0,0,0,0,0,0,0,0,0,0,0,0,0,0,112.019,0,82.0801,-218.862
"MtrElec",1,14,15,"",-96.2529,0,0,0,0,0,0,0,0,0,0,0,0,0,0,0,0,0,0,0,0,81.0127,0,0,-177.266
"MtrElec",1,14,16,"",16.72,0,0,0,0,0,0,0,0,0,0,0,0,0,0,0,0,0,0,0,0,132.792,0,0,-116.072
"MtrElec",1,14,17,"",92.5923,0,0,0,0,0,0,0,0,0,0,0,0,0,0,0,0,0,0,0,0,131.348,0,0,-38.7556
"MtrElec",1,14,18,"",188.179,0,0,0,0,0,0,0,0,0,0,0,0,0,0,0,0,0,0,0,0,188.179,0,0,0
"MtrElec",1,14,19,"",54.2462,0,0,0,0,0,0,0,0,0,0,0,0,0,0,0,0,0,0,0,0,148.669,0,-94.4224,0
"MtrElec",1,14,20,"",74.5413,0,0,0,0,0,0,0,0,0,0,0,0,0,0,0,0,0,0,0,0,168.964,0,-94.4224,0
"MtrElec",1,14,21,"",46.2601,0,0,0,0,0,0,0,0,0,0,0,0,0,0,0,0,0,0,0,0,140.683,0,-94.4224,0
"MtrElec",1,14,22,"",129.865,0,0,0,0,0,0,0,0,0,0,0,0,0,0,0,0,0,0,0,0,164.547,0,-34.6821,0
"MtrElec",1,14,23,"",121.661,0,0,0,0,0,0,0,0,0,0,0,0,0,0,0,0,0,0,0,0,121.661,0,0,0
"MtrElec",1,14,24,"",103.131,0,0,0,0,0,0,0,0,0,0,0,0,0,0,0,0,0,0,0,0,103.131,0,0,0
"MtrElec",1,15,1,"",104.662,0,0,0,0,0,0,0,0,0,0,0,0,0,0,0,0,0,0,0,0,104.662,0,0,0
"MtrElec",1,15,2,"",65.8454,0,0,0,0,0,0,0,0,0,0,0,0,0,0,0,0,0,0,0,0,65.8454,0,0,0
"MtrElec",1,15,3,"",69.1525,0,0,0,0,0,0,0,0,0,0,0,0,0,0,0,0,0,0,0,0,69.1525,0,0,0
"MtrElec",1,15,4,"",71.2694,0,0,0,0,0,0,0,0,0,0,0,0,0,0,0,0,0,0,0,0,71.2694,0,0,0
"MtrElec",1,15,5,"",72.6199,0,0,0,0,0,0,0,0,0,0,0,0,0,0,0,0,0,0,0,0,72.6199,0,0,0
"MtrElec",1,15,6,"",75.3261,0,0,0,0,0,0,0,0,0,0,0,0,0,0,0,0,0,0,0,0,75.3261,0,0,0
"MtrElec",1,15,7,"",125.457,0,0,0,0,0,0,0,0,0,0,0,0,0,0,0,0,0,0,0,0,125.457,0,0,0
"MtrElec",1,15,8,"",114.866,0,0,0,0,0,0,0,0,0,0,0,0,0,0,0,0,0,0,0,0,154.008,0,0,-39.1428
"MtrElec",1,15,9,"",40.1402,0,0,0,0,0,0,0,0,0,0,0,0,0,0,0,0,0,0,0,0,119.028,0,0,-78.8875
"MtrElec",1,15,10,"",34.1262,0,0,0,0,0,0,0,0,0,0,0,0,0,0,0,0,0,0,0,0,158.435,0,0,-124.309
"MtrElec",1,15,11,"",0,0,0,0,0,0,0,0,0,0,0,0,0,0,0,0,0,0,0,0,0,123.375,0,80.279,-203.654
"MtrElec",1,15,12,"",-8.13892,0,0,0,0,0,0,0,0,0,0,0,0,0,0,0,0,0,0,0,0,127.446,0,94.4224,-230.008
"MtrElec",1,15,13,"",-44.0427,0,0,0,0,0,0,0,0,0,0,0,0,0,0,0,0,0,0,0,0,91.8569,0,94.4224,-230.322
"MtrElec",1,15,14,"",-18.7137,0,0,0,0,0,0,0,0,0,0,0,0,0,0,0,0,0,0,0,0,110.36,0,83.1747,-212.249
"MtrElec",1,15,15,"",-65.1568,0,0,0,0,0,0,0,0,0,0,0,0,0,0,0,0,0,0,0,0,94.1471,0,0,-159.304
"MtrElec",1,15,16,"",26.8642,0,0,0,0,0,0,0,0,0,0,0,0,0,0,0,0,0,0,0,0,126.022,0,0,-99.1574
"MtrElec",1,15,17,"",74.2893,0,0,0,0,0,0,0,0,0,0,0,0,0,0,0,0,0,0,0,0,109.523,0,0,-35.2339
"MtrElec",1,15,18,"",115.286,0,0,0,0,0,0,0,0,0,0,0,0,0,0,0,0,0,0,0,0,115.286,0,0,0
"MtrElec",1,15,19,"",74.7907,0,0,0,0,0,0,0,0,0,0,0,0,0,0,0,0,0,0,0,0,169.213,0,-94.4224,0
"MtrElec",1,15,20,"",47.9716,0,0,0,0,0,0,0,0,0,0,0,0,0,0,0,0,0,0,0,0,142.394,0,-94.4224,0
"MtrElec",1,15,21,"",93.1477,0,0,0,0,0,0,0,0,0,0,0,0,0,0,0,0,0,0,0,0,187.57,0,-94.4224,0
"MtrElec",1,15,22,"",107.26,0,0,0,0,0,0,0,0,0,0,0,0,0,0,0,0,0,0,0,0,141.942,0,-34.6821,0
"MtrElec",1,15,23,"",105.513,0,0,0,0,0,0,0,0,0,0,0,0,0,0,0,0,0,0,0,0,105.513,0,0,0
"MtrElec",1,15,24,"",134.889,0,0,0,0,0,0,0,0,0,0,0,0,0,0,0,0,0,0,0,0,134.889,0,0,0
"MtrElec",1,16,1,"",79.2876,0,0,0,0,0,0,0,0,0,0,0,0,0,0,0,0,0,0,0,0,79.2876,0,0,0
"MtrElec",1,16,2,"",71.6351,0,0,0,0,0,0,0,0,0,0,0,0,0,0,0,0,0,0,0,0,71.6351,0,0,0
"MtrElec",1,16,3,"",77.0843,0,0,0,0,0,0,0,0,0,0,0,0,0,0,0,0,0,0,0,0,77.0843,0,0,0
"MtrElec",1,16,4,"",92.2182,0,0,0,0,0,0,0,0,0,0,0,0,0,0,0,0,0,0,0,0,92.2182,0,0,0
"MtrElec",1,16,5,"",78.2404,0,0,0,0,0,0,0,0,0,0,0,0,0,0,0,0,0,0,0,0,78.2404,0,0,0
"MtrElec",1,16,6,"",84.9459,0,0,0,0,0,0,0,0,0,0,0,0,0,0,0,0,0,0,0,0,84.9459,0,0,0
"MtrElec",1,16,7,"",134.097,0,0,0,0,0,0,0,0,0,0,0,0,0,0,0,0,0,0,0,0,134.097,0,0,0
"MtrElec",1,16,8,"",112.984,0,0,0,0,0,0,0,0,0,0,0,0,0,0,0,0,0,0,0,0,143.233,0,0,-30.249
"MtrElec",1,16,9,"",73.3257,0,0,0,0,0,0,0,0,0,0,0,0,0,0,0,0,0,0,0,0,142.914,0,0,-69.5887
"MtrElec",1,16,10,"",0,0,0,0,0,0,0,0,0,0,0,0,0,0,0,0,0,0,0,0,0,154.64,0,2.26672,-156.907
"MtrElec",1,16,11,"",0.0000039,0,0,0,0,0,0,0,0,0,0,0,0,0,0,0,0,0,0,0,0,173.289,0,41.2886,-214.577
"MtrElec",1,16,12,"",-43.3324,0,0,0,0,0,0,0,0,0,0,0,0,0,0,0,0,0,0,0,0,108.043,0,94.4224,-245.798
"MtrElec",1,16,13,"",-19.0682,0,0,0,0,0,0,0,0,0,0,0,0,0,0,0,0,0,0,0,0,129.369,0,94.4224,-242.86
"MtrElec",1,16,14,"",-13.5293,0,0,0,0,0,0,0,0,0,0,0,0,0,0,0,0,0,0,0,0,112.413,0,94.4224,-220.365
"MtrElec",1,16,15,"",-78.9232,0,0,0,0,0,0,0,0,0,0,0,0,0,0,0,0,0,0,0,0,75.7376,0,25.4759,-180.137
"MtrElec",1,16,16,"",-6.06408,0,0,0,0,0,0,0,0,0,0,0,0,0,0,0,0,0,0,0,0,104.72,0,0,-110.784
"MtrElec",1,16,17,"",97.2263,0,0,0,0,0,0,0,0,0,0,0,0,0,0,0,0,0,0,0,0,121.49,0,0,-24.264
"MtrElec",1,16,18,"",115.083,0,0,0,0,0,0,0,0,0,0,0,0,0,0,0,0,0,0,0,0,115.083,0,0,0
"MtrElec",1,16,19,"",83.7015,0,0,0,0,0,0,0,0,0,0,0,0,0,0,0,0,0,0,0,0,178.124,0,-94.4224,0
"MtrElec",1,16,20,"",45.5132,0,0,0,0,0,0,0,0,0,0,0,0,0,0,0,0,0,0,0,0,139.936,0,-94.4224,0
"MtrElec",1,16,21,"",79.4776,0,0,0,0,0,0,0,0,0,0,0,0,0,0,0,0,0,0,0,0,173.9,0,-94.4224,0
"MtrElec",1,16,22,"",100.496,0,0,0,0,0,0,0,0,0,0,0,0,0,0,0,0,0,0,0,0,135.178,0,-34.6821,0
"MtrElec",1,16,23,"",121.942,0,0,0,0,0,0,0,0,0,0,0,0,0,0,0,0,0,0,0,0,121.942,0,0,0
"MtrElec",1,16,24,"",139.894,0,0,0,0,0,0,0,0,0,0,0,0,0,0,0,0,0,0,0,0,139.894,0,0,0
"MtrElec",1,17,1,"",80.3784,0,0,0,0,0,0,0,0,0,0,0,0,0,0,0,0,0,0,0,0,80.3784,0,0,0
"MtrElec",1,17,2,"",69.4872,0,0,0,0,0,0,0,0,0,0,0,0,0,0,0,0,0,0,0,0,69.4872,0,0,0
"MtrElec",1,17,3,"",68.6959,0,0,0,0,0,0,0,0,0,0,0,0,0,0,0,0,0,0,0,0,68.6959,0,0,0
"MtrElec",1,17,4,"",72.7287,0,0,0,0,0,0,0,0,0,0,0,0,0,0,0,0,0,0,0,0,72.7287,0,0,0
"MtrElec",1,17,5,"",87.6234,0,0,0,0,0,0,0,0,0,0,0,0,0,0,0,0,0,0,0,0,87.6234,0,0,0
"MtrElec",1,17,6,"",77.5921,0,0,0,0,0,0,0,0,0,0,0,0,0,0,0,0,0,0,0,0,77.5921,0,0,0
"MtrElec",1,17,7,"",119.403,0,0,0,0,0,0,0,0,0,0,0,0,0,0,0,0,0,0,0,0,119.403,0,0,0
"MtrElec",1,17,8,"",56.0514,0,0,0,0,0,0,0,0,0,0,0,0,0,0,0,0,0,0,0,0,98.0328,0,0,-41.9814
"MtrElec",1,17,9,"",7.94984,0,0,0,0,0,0,0,0,0,0,0,0,0,0,0,0,0,0,0,0,128.838,0,0,-120.888
"MtrElec",1,17,10,"",0,0,0,0,0,0,0,0,0,0,0,0,0,0,0,0,0,0,0,0,0,172.538,0,11.0334,-183.572
"MtrElec",1,17,11,"",0,0,0,0,0,0,0,0,0,0,0,0,0,0,0,0,0,0,0,0,0,190.143,0,33.9925,-224.135
"MtrElec",1,17,12,"",0,0,0,0,0,0,0,0,0,0,0,0,0,0,0,0,0,0,0,0,0,150.58,0,93.2431,-243.823
"MtrElec",1,17,13,"",0,0,0,0,0,0,0,0,0,0,0,0,0,0,0,0,0,0,0,0,0,197.568,0,45.7895,-243.357
"MtrElec",1,17,14,"",-8.79349,0,0,0,0,0,0,0,0,0,0,0,0,0,0,0,0,0,0,0,0,118.881,0,94.4224,-222.097
"MtrElec",1,17,15,"",0,0,0,0,0,0,0,0,0,0,0,0,0,0,0,0,0,0,0,0,0,163.873,0,16.901,-180.774
"MtrElec",1,17,16,"",0.0000010,0,0,0,0,0,0,0,0,0,0,0,0,0,0,0,0,0,0,0,0,106.436,0,12.7053,-119.141
"MtrElec",1,17,17,"",105.442,0,0,0,0,0,0,0,0,0,0,0,0,0,0,0,0,0,0,0,0,146.67,0,0,-41.2277
"MtrElec",1,17,18,"",136.784,0,0,0,0,0,0,0,0,0,0,0,0,0,0,0,0,0,0,0,0,136.784,0,0,0
"MtrElec",1,17,19,"",93.9219,0,0,0,0,0,0,0,0,0,0,0,0,0,0,0,0,0,0,0,0,188.344,0,-94.4224,0
"MtrElec",1,17,20,"",105.096,0,0,0,0,0,0,0,0,0,0,0,0,0,0,0,0,0,0,0,0,199.518,0,-94.4224,0
"MtrElec",1,17,21,"",132.608,0,0,0,0,0,0,0,0,0,0,0,0,0,0,0,0,0,0,0,0,221.812,0,-89.2038,0
"MtrElec",1,17,22,"",191.621,0,0,0,0,0,0,0,0,0,0,0,0,0,0,0,0,0,0,0,0,191.621,0,0,0
"MtrElec",1,17,23,"",92.5877,0,0,0,0,0,0,0,0,0,0,0,0,0,0,0,0,0,0,0,0,92.5877,0,0,0
"MtrElec",1,17,24,"",87.1157,0,0,0,0,0,0,0,0,0,0,0,0,0,0,0,0,0,0,0,0,87.1157,0,0,0
"MtrElec",1,18,1,"",79.6298,0,0,0,0,0,0,0,0,0,0,0,0,0,0,0,0,0,0,0,0,79.6298,0,0,0
"MtrElec",1,18,2,"",106.411,0,0,0,0,0,0,0,0,0,0,0,0,0,0,0,0,0,0,0,0,106.411,0,0,0
"MtrElec",1,18,3,"",80.9288,0,0,0,0,0,0,0,0,0,0,0,0,0,0,0,0,0,0,0,0,80.9288,0,0,0
"MtrElec",1,18,4,"",80.1297,0,0,0,0,0,0,0,0,0,0,0,0,0,0,0,0,0,0,0,0,80.1297,0,0,0
"MtrElec",1,18,5,"",95.7579,0,0,0,0,0,0,0,0,0,0,0,0,0,0,0,0,0,0,0,0,95.7579,0,0,0
"MtrElec",1,18,6,"",77.9466,0,0,0,0,0,0,0,0,0,0,0,0,0,0,0,0,0,0,0,0,77.9466,0,0,0
"MtrElec",1,18,7,"",84.4696,0,0,0,0,0,0,0,0,0,0,0,0,0,0,0,0,0,0,0,0,84.4696,0,0,0
"MtrElec",1,18,8,"",108.757,0,0,0,0,0,0,0,0,0,0,0,0,0,0,0,0,0,0,0,0,135.703,0,0,-26.9459
"MtrElec",1,18,9,"",92.5467,0,0,0,0,0,0,0,0,0,0,0,0,0,0,0,0,0,0,0,0,154.39,0,0,-61.8438
"MtrElec",1,18,10,"",1.26992,0,0,0,0,0,0,0,0,0,0,0,0,0,0,0,0,0,0,0,0,161.828,0,0,-160.558
"MtrElec",1,18,11,"",0.0000010,0,0,0,0,0,0,0,0,0,0,0,0,0,0,0,0,0,0,0,0,198.018,0,12.7631,-210.781
"MtrElec",1,18,12,"",0,0,0,0,0,0,0,0,0,0,0,0,0,0,0,0,0,0,0,0,0,164.105,0,71.9274,-236.033
"MtrElec",1,18,13,"",-29.7396,0,0,0,0,0,0,0,0,0,0,0,0,0,0,0,0,0,0,0,0,100.984,0,94.4224,-225.146
"MtrElec",1,18,14,"",0,0,0,0,0,0,0,0,0,0,0,0,0,0,0,0,0,0,0,0,0,160.342,0,8.71672,-169.059
"MtrElec",1,18,15,"",23.4611,0,0,0,0,0,0,0,0,0,0,0,0,0,0,0,0,0,0,0,0,150.764,0,0,-127.303
"MtrElec",1,18,16,"",16.0687,0,0,0,0,0,0,0,0,0,0,0,0,0,0,0,0,0,0,0,0,99.2107,0,0,-83.142
"MtrElec",1,18,17,"",117.563,0,0,0,0,0,0,0,0,0,0,0,0,0,0,0,0,0,0,0,0,125.156,0,0,-7.59306
"MtrElec",1,18,18,"",129.612,0,0,0,0,0,0,0,0,0,0,0,0,0,0,0,0,0,0,0,0,129.612,0,0,0
"MtrElec",1,18,19,"",36.847,0,0,0,0,0,0,0,0,0,0,0,0,0,0,0,0,0,0,0,0,131.269,0,-94.4224,0
"MtrElec",1,18,20,"",96.4877,0,0,0,0,0,0,0,0,0,0,0,0,0,0,0,0,0,0,0,0,171.581,0,-75.0938,0
"MtrElec",1,18,21,"",121.243,0,0,0,0,0,0,0,0,0,0,0,0,0,0,0,0,0,0,0,0,121.243,0,0,0
"MtrElec",1,18,22,"",120.131,0,0,0,0,0,0,0,0,0,0,0,0,0,0,0,0,0,0,0,0,120.131,0,0,0
"MtrElec",1,18,23,"",148.399,0,0,0,0,0,0,0,0,0,0,0,0,0,0,0,0,0,0,0,0,148.399,0,0,0
"MtrElec",1,18,24,"",110.005,0,0,0,0,0,0,0,0,0,0,0,0,0,0,0,0,0,0,0,0,110.005,0,0,0
"MtrElec",1,19,1,"",86.4186,0,0,0,0,0,0,0,0,0,0,0,0,0,0,0,0,0,0,0,0,86.4186,0,0,0
"MtrElec",1,19,2,"",68.6796,0,0,0,0,0,0,0,0,0,0,0,0,0,0,0,0,0,0,0,0,68.6796,0,0,0
"MtrElec",1,19,3,"",66.9083,0,0,0,0,0,0,0,0,0,0,0,0,0,0,0,0,0,0,0,0,66.9083,0,0,0
"MtrElec",1,19,4,"",67.1315,0,0,0,0,0,0,0,0,0,0,0,0,0,0,0,0,0,0,0,0,67.1315,0,0,0
"MtrElec",1,19,5,"",66.3689,0,0,0,0,0,0,0,0,0,0,0,0,0,0,0,0,0,0,0,0,66.3689,0,0,0
"MtrElec",1,19,6,"",70.2829,0,0,0,0,0,0,0,0,0,0,0,0,0,0,0,0,0,0,0,0,70.2829,0,0,0
"MtrElec",1,19,7,"",103.06,0,0,0,0,0,0,0,0,0,0,0,0,0,0,0,0,0,0,0,0,103.06,0,0,0
"MtrElec",1,19,8,"",102.659,0,0,0,0,0,0,0,0,0,0,0,0,0,0,0,0,0,0,0,0,135.715,0,0,-33.0556
"MtrElec",1,19,9,"",102.918,0,0,0,0,0,0,0,0,0,0,0,0,0,0,0,0,0,0,0,0,152.835,0,0,-49.9169
"MtrElec",1,19,10,"",125.548,0,0,0,0,0,0,0,0,0,0,0,0,0,0,0,0,0,0,0,0,209.093,0,0,-83.5453
"MtrElec",1,19,11,"",0.0000020,0,0,0,0,0,0,0,0,0,0,0,0,0,0,0,0,0,0,0,0,159.497,0,31.3583,-190.856
"MtrElec",1,19,12,"",0,0,0,0,0,0,0,0,0,0,0,0,0,0,0,0,0,0,0,0,0,185.012,0,35.0107,-220.022
"MtrElec",1,19,13,"",0.0000020,0,0,0,0,0,0,0,0,0,0,0,0,0,0,0,0,0,0,0,0,202.927,0,21.0607,-223.988
"MtrElec",1,19,14,"",0,0,0,0,0,0,0,0,0,0,0,0,0,0,0,0,0,0,0,0,0,131.551,0,78.5326,-210.084
"MtrElec",1,19,15,"",0.0000020,0,0,0,0,0,0,0,0,0,0,0,0,0,0,0,0,0,0,0,0,137.36,0,31.5575,-168.917
"MtrElec",1,19,16,"",3.62991,0,0,0,0,0,0,0,0,0,0,0,0,0,0,0,0,0,0,0,0,112.373,0,0,-108.743
"MtrElec",1,19,17,"",111.334,0,0,0,0,0,0,0,0,0,0,0,0,0,0,0,0,0,0,0,0,146.071,0,0,-34.7371
"MtrElec",1,19,18,"",202.379,0,0,0,0,0,0,0,0,0,0,0,0,0,0,0,0,0,0,0,0,202.379,0,0,0
"MtrElec",1,19,19,"",93.8294,0,0,0,0,0,0,0,0,0,0,0,0,0,0,0,0,0,0,0,0,188.252,0,-94.4224,0
"MtrElec",1,19,20,"",93.2148,0,0,0,0,0,0,0,0,0,0,0,0,0,0,0,0,0,0,0,0,177.054,0,-83.8391,0
"MtrElec",1,19,21,"",160.5,0,0,0,0,0,0,0,0,0,0,0,0,0,0,0,0,0,0,0,0,160.5,0,0,0
"MtrElec",1,19,22,"",157.557,0,0,0,0,0,0,0,0,0,0,0,0,0,0,0,0,0,0,0,0,157.557,0,0,0
"MtrElec",1,19,23,"",115.111,0,0,0,0,0,0,0,0,0,0,0,0,0,0,0,0,0,0,0,0,115.111,0,0,0
"MtrElec",1,19,24,"",98.4512,0,0,0,0,0,0,0,0,0,0,0,0,0,0,0,0,0,0,0,0,98.4512,0,0,0
"MtrElec",1,20,1,"",75.4953,0,0,0,0,0,0,0,0,0,0,0,0,0,0,0,0,0,0,0,0,75.4953,0,0,0
"MtrElec",1,20,2,"",72.5701,0,0,0,0,0,0,0,0,0,0,0,0,0,0,0,0,0,0,0,0,72.5701,0,0,0
"MtrElec",1,20,3,"",70.0581,0,0,0,0,0,0,0,0,0,0,0,0,0,0,0,0,0,0,0,0,70.0581,0,0,0
"MtrElec",1,20,4,"",99.4676,0,0,0,0,0,0,0,0,0,0,0,0,0,0,0,0,0,0,0,0,99.4676,0,0,0
"MtrElec",1,20,5,"",70.6084,0,0,0,0,0,0,0,0,0,0,0,0,0,0,0,0,0,0,0,0,70.6084,0,0,0
"MtrElec",1,20,6,"",74.0516,0,0,0,0,0,0,0,0,0,0,0,0,0,0,0,0,0,0,0,0,74.0516,0,0,0
"MtrElec",1,20,7,"",98.5924,0,0,0,0,0,0,0,0,0,0,0,0,0,0,0,0,0,0,0,0,98.5924,0,0,0
"MtrElec",1,20,8,"",150.031,0,0,0,0,0,0,0,0,0,0,0,0,0,0,0,0,0,0,0,0,150.031,0,0,0
"MtrElec",1,20,9,"",150.83,0,0,0,0,0,0,0,0,0,0,0,0,0,0,0,0,0,0,0,0,153.987,0,0,-3.15727
"MtrElec",1,20,10,"",144.561,0,0,0,0,0,0,0,0,0,0,0,0,0,0,0,0,0,0,0,0,155.038,0,0,-10.4767
"MtrElec",1,20,11,"",111.474,0,0,0,0,0,0,0,0,0,0,0,0,0,0,0,0,0,0,0,0,145.081,0,0,-33.6075
"MtrElec",1,20,12,"",45.4696,0,0,0,0,0,0,0,0,0,0,0,0,0,0,0,0,0,0,0,0,99.3141,0,0,-53.8445
"MtrElec",1,20,13,"",92.9182,0,0,0,0,0,0,0,0,0,0,0,0,0,0,0,0,0,0,0,0,145.475,0,0,-52.5567
"MtrElec",1,20,14,"",23.0347,0,0,0,0,0,0,0,0,0,0,0,0,0,0,0,0,0,0,0,0,77.3133,0,0,-54.2786
"MtrElec",1,20,15,"",0,0,0,0,0,0,0,0,0,0,0,0,0,0,0,0,0,0,0,0,0,98.4317,0,2.80047,-101.232
"MtrElec",1,20,16,"",31.6843,0,0,0,0,0,0,0,0,0,0,0,0,0,0,0,0,0,0,0,0,116.715,0,0,-85.0304
"MtrElec",1,20,17,"",92.5954,0,0,0,0,0,0,0,0,0,0,0,0,0,0,0,0,0,0,0,0,125.222,0,0,-32.6264
"MtrElec",1,20,18,"",164.137,0,0,0,0,0,0,0,0,0,0,0,0,0,0,0,0,0,0,0,0,164.137,0,0,0
"MtrElec",1,20,19,"",127.217,0,0,0,0,0,0,0,0,0,0,0,0,0,0,0,0,0,0,0,0,129.745,0,-2.52742,0
"MtrElec",1,20,20,"",178.875,0,0,0,0,0,0,0,0,0,0,0,0,0,0,0,0,0,0,0,0,178.875,0,0,0
"MtrElec",1,20,21,"",189.716,0,0,0,0,0,0,0,0,0,0,0,0,0,0,0,0,0,0,0,0,189.716,0,0,0
"MtrElec",1,20,22,"",125.721,0,0,0,0,0,0,0,0,0,0,0,0,0,0,0,0,0,0,0,0,125.721,0,0,0
"MtrElec",1,20,23,"",173.966,0,0,0,0,0,0,0,0,0,0,0,0,0,0,0,0,0,0,0,0,173.966,0,0,0
"MtrElec",1,20,24,"",123.772,0,0,0,0,0,0,0,0,0,0,0,0,0,0,0,0,0,0,0,0,123.772,0,0,0
"MtrElec",1,21,1,"",78.2472,0,0,0,0,0,0,0,0,0,0,0,0,0,0,0,0,0,0,0,0,78.2472,0,0,0
"MtrElec",1,21,2,"",73.0147,0,0,0,0,0,0,0,0,0,0,0,0,0,0,0,0,0,0,0,0,73.0147,0,0,0
"MtrElec",1,21,3,"",71.1363,0,0,0,0,0,0,0,0,0,0,0,0,0,0,0,0,0,0,0,0,71.1363,0,0,0
"MtrElec",1,21,4,"",71.2397,0,0,0,0,0,0,0,0,0,0,0,0,0,0,0,0,0,0,0,0,71.2397,0,0,0
"MtrElec",1,21,5,"",70.6282,0,0,0,0,0,0,0,0,0,0,0,0,0,0,0,0,0,0,0,0,70.6282,0,0,0
"MtrElec",1,21,6,"",75.9457,0,0,0,0,0,0,0,0,0,0,0,0,0,0,0,0,0,0,0,0,75.9457,0,0,0
"MtrElec",1,21,7,"",104.527,0,0,0,0,0,0,0,0,0,0,0,0,0,0,0,0,0,0,0,0,104.527,0,0,0
"MtrElec",1,21,8,"",125.526,0,0,0,0,0,0,0,0,0,0,0,0,0,0,0,0,0,0,0,0,145.017,0,0,-19.4913
"MtrElec",1,21,9,"",97.442,0,0,0,0,0,0,0,0,0,0,0,0,0,0,0,0,0,0,0,0,150.447,0,0,-53.0051
"MtrElec",1,21,10,"",8.57192,0,0,0,0,0,0,0,0,0,0,0,0,0,0,0,0,0,0,0,0,153.891,0,0,-145.319
"MtrElec",1,21,11,"",0,0,0,0,0,0,0,0,0,0,0,0,0,0,0,0,0,0,0,0,0,142.073,0,86.6024,-228.676
"MtrElec",1,21,12,"",-23.2202,0,0,0,0,0,0,0,0,0,0,0,0,0,0,0,0,0,0,0,0,134.571,0,94.4224,-252.213
"MtrElec",1,21,13,"",0,0,0,0,0,0,0,0,0,0,0,0,0,0,0,0,0,0,0,0,0,160.37,0,90.7258,-251.096
"MtrElec",1,21,14,"",-74.0431,0,0,0,0,0,0,0,0,0,0,0,0,0,0,0,0,0,0,0,0,76.7059,0,80.5479,-231.297
"MtrElec",1,21,15,"",-81.209,0,0,0,0,0,0,0,0,0,0,0,0,0,0,0,0,0,0,0,0,107.722,0,0,-188.931
"MtrElec",1,21,16,"",-3.8535,0,0,0,0,0,0,0,0,0,0,0,0,0,0,0,0,0,0,0,0,121.303,0,0,-125.157
"MtrElec",1,21,17,"",72.1197,0,0,0,0,0,0,0,0,0,0,0,0,0,0,0,0,0,0,0,0,116.179,0,0,-44.0596
"MtrElec",1,21,18,"",120.179,0,0,0,0,0,0,0,0,0,0,0,0,0,0,0,0,0,0,0,0,120.179,0,0,0
"MtrElec",1,21,19,"",79.4496,0,0,0,0,0,0,0,0,0,0,0,0,0,0,0,0,0,0,0,0,173.872,0,-94.4224,0
"MtrElec",1,21,20,"",31.5644,0,0,0,0,0,0,0,0,0,0,0,0,0,0,0,0,0,0,0,0,125.987,0,-94.4224,0
"MtrElec",1,21,21,"",62.9393,0,0,0,0,0,0,0,0,0,0,0,0,0,0,0,0,0,0,0,0,157.362,0,-94.4224,0
"MtrElec",1,21,22,"",85.1475,0,0,0,0,0,0,0,0,0,0,0,0,0,0,0,0,0,0,0,0,119.83,0,-34.6821,0
"MtrElec",1,21,23,"",109.051,0,0,0,0,0,0,0,0,0,0,0,0,0,0,0,0,0,0,0,0,109.051,0,0,0
"MtrElec",1,21,24,"",132.889,0,0,0,0,0,0,0,0,0,0,0,0,0,0,0,0,0,0,0,0,132.889,0,0,0
"MtrElec",1,22,1,"",70.1113,0,0,0,0,0,0,0,0,0,0,0,0,0,0,0,0,0,0,0,0,70.1113,0,0,0
"MtrElec",1,22,2,"",74.0776,0,0,0,0,0,0,0,0,0,0,0,0,0,0,0,0,0,0,0,0,74.0776,0,0,0
"MtrElec",1,22,3,"",68.743,0,0,0,0,0,0,0,0,0,0,0,0,0,0,0,0,0,0,0,0,68.743,0,0,0
"MtrElec",1,22,4,"",66.0311,0,0,0,0,0,0,0,0,0,0,0,0,0,0,0,0,0,0,0,0,66.0311,0,0,0
"MtrElec",1,22,5,"",65.5967,0,0,0,0,0,0,0,0,0,0,0,0,0,0,0,0,0,0,0,0,65.5967,0,0,0
"MtrElec",1,22,6,"",75.1445,0,0,0,0,0,0,0,0,0,0,0,0,0,0,0,0,0,0,0,0,75.1445,0,0,0
"MtrElec",1,22,7,"",146.707,0,0,0,0,0,0,0,0,0,0,0,0,0,0,0,0,0,0,0,0,146.707,0,0,0
"MtrElec",1,22,8,"",94.4247,0,0,0,0,0,0,0,0,0,0,0,0,0,0,0,0,0,0,0,0,137.992,0,0,-43.5677
"MtrElec",1,22,9,"",14.0061,0,0,0,0,0,0,0,0,0,0,0,0,0,0,0,0,0,0,0,0,137.804,0,0,-123.798
"MtrElec",1,22,10,"",0.0000020,0,0,0,0,0,0,0,0,0,0,0,0,0,0,0,0,0,0,0,0,162.513,0,26.9541,-189.467
"MtrElec",1,22,11,"",0,0,0,0,0,0,0,0,0,0,0,0,0,0,0,0,0,0,0,0,0,161.308,0,70.3977,-231.705
"MtrElec",1,22,12,"",-67.6846,0,0,0,0,0,0,0,0,0,0,0,0,0,0,0,0,0,0,0,0,92.3694,0,94.4224,-254.476
"MtrElec",1,22,13,"",-20.7885,0,0,0,0,0,0,0,0,0,0,0,0,0,0,0,0,0,0,0,0,141.443,0,94.4224,-256.654
"MtrElec",1,22,14,"",-58.8969,0,0,0,0,0,0,0,0,0,0,0,0,0,0,0,0,0,0,0,0,110.283,0,66.1019,-235.282
"MtrElec",1,22,15,"",-107.38,0,0,0,0,0,0,0,0,0,0,0,0,0,0,0,0,0,0,0,0,84.6003,0,0,-191.98
"MtrElec",1,22,16,"",-12.3614,0,0,0,0,0,0,0,0,0,0,0,0,0,0,0,0,0,0,0,0,115.568,0,0,-127.929
"MtrElec",1,22,17,"",45.4338,0,0,0,0,0,0,0,0,0,0,0,0,0,0,0,0,0,0,0,0,94.8991,0,0,-49.4654
"MtrElec",1,22,18,"",162.74,0,0,0,0,0,0,0,0,0,0,0,0,0,0,0,0,0,0,0,0,162.74,0,0,0
"MtrElec",1,22,19,"",52.9476,0,0,0,0,0,0,0,0,0,0,0,0,0,0,0,0,0,0,0,0,147.37,0,-94.4224,0
"MtrElec",1,22,20,"",56.2044,0,0,0,0,0,0,0,0,0,0,0,0,0,0,0,0,0,0,0,0,150.627,0,-94.4224,0
"MtrElec",1,22,21,"",69.5647,0,0,0,0,0,0,0,0,0,0,0,0,0,0,0,0,0,0,0,0,163.987,0,-94.4224,0
"MtrElec",1,22,22,"",103.099,0,0,0,0,0,0,0,0,0,0,0,0,0,0,0,0,0,0,0,0,137.781,0,-34.6821,0
"MtrElec",1,22,23,"",129.616,0,0,0,0,0,0,0,0,0,0,0,0,0,0,0,0,0,0,0,0,129.616,0,0,0
"MtrElec",1,22,24,"",120.684,0,0,0,0,0,0,0,0,0,0,0,0,0,0,0,0,0,0,0,0,120.684,0,0,0
"MtrElec",1,23,1,"",95.2553,0,0,0,0,0,0,0,0,0,0,0,0,0,0,0,0,0,0,0,0,95.2553,0,0,0
"MtrElec",1,23,2,"",70.169,0,0,0,0,0,0,0,0,0,0,0,0,0,0,0,0,0,0,0,0,70.169,0,0,0
"MtrElec",1,23,3,"",71.3714,0,0,0,0,0,0,0,0,0,0,0,0,0,0,0,0,0,0,0,0,71.3714,0,0,0
"MtrElec",1,23,4,"",72.4394,0,0,0,0,0,0,0,0,0,0,0,0,0,0,0,0,0,0,0,0,72.4394,0,0,0
"MtrElec",1,23,5,"",70.6528,0,0,0,0,0,0,0,0,0,0,0,0,0,0,0,0,0,0,0,0,70.6528,0,0,0
"MtrElec",1,23,6,"",73.5265,0,0,0,0,0,0,0,0,0,0,0,0,0,0,0,0,0,0,0,0,73.5265,0,0,0
"MtrElec",1,23,7,"",119.781,0,0,0,0,0,0,0,0,0,0,0,0,0,0,0,0,0,0,0,0,119.781,0,0,0
"MtrElec",1,23,8,"",113.026,0,0,0,0,0,0,0,0,0,0,0,0,0,0,0,0,0,0,0,0,151.862,0,0,-38.8367
"MtrElec",1,23,9,"",59.3283,0,0,0,0,0,0,0,0,0,0,0,0,0,0,0,0,0,0,0,0,176.67,0,0,-117.342
"MtrElec",1,23,10,"",0.0000020,0,0,0,0,0,0,0,0,0,0,0,0,0,0,0,0,0,0,0,0,162.059,0,16.6058,-178.664
"MtrElec",1,23,11,"",-6.05385,0,0,0,0,0,0,0,0,0,0,0,0,0,0,0,0,0,0,0,0,118.925,0,94.4224,-219.401
"MtrElec",1,23,12,"",-7.37005,0,0,0,0,0,0,0,0,0,0,0,0,0,0,0,0,0,0,0,0,134.695,0,94.4224,-236.487
"MtrElec",1,23,13,"",0,0,0,0,0,0,0,0,0,0,0,0,0,0,0,0,0,0,0,0,0,169.374,0,72.1813,-241.555
"MtrElec",1,23,14,"",-67.8537,0,0,0,0,0,0,0,0,0,0,0,0,0,0,0,0,0,0,0,0,80.9131,0,74.6666,-223.433
"MtrElec",1,23,15,"",-81.2642,0,0,0,0,0,0,0,0,0,0,0,0,0,0,0,0,0,0,0,0,103.961,0,0,-185.225
"MtrElec",1,23,16,"",-1.0389,0,0,0,0,0,0,0,0,0,0,0,0,0,0,0,0,0,0,0,0,123.654,0,0,-124.693
"MtrElec",1,23,17,"",77.9709,0,0,0,0,0,0,0,0,0,0,0,0,0,0,0,0,0,0,0,0,126.094,0,0,-48.1234
"MtrElec",1,23,18,"",182.778,0,0,0,0,0,0,0,0,0,0,0,0,0,0,0,0,0,0,0,0,182.864,0,0,-0.0854756
"MtrElec",1,23,19,"",67.7023,0,0,0,0,0,0,0,0,0,0,0,0,0,0,0,0,0,0,0,0,162.125,0,-94.4224,0
"MtrElec",1,23,20,"",110.314,0,0,0,0,0,0,0,0,0,0,0,0,0,0,0,0,0,0,0,0,204.736,0,-94.4224,0
"MtrElec",1,23,21,"",73.1979,0,0,0,0,0,0,0,0,0,0,0,0,0,0,0,0,0,0,0,0,167.62,0,-94.4224,0
"MtrElec",1,23,22,"",130.366,0,0,0,0,0,0,0,0,0,0,0,0,0,0,0,0,0,0,0,0,165.048,0,-34.6821,0
"MtrElec",1,23,23,"",149.186,0,0,0,0,0,0,0,0,0,0,0,0,0,0,0,0,0,0,0,0,149.186,0,0,0
"MtrElec",1,23,24,"",96.9853,0,0,0,0,0,0,0,0,0,0,0,0,0,0,0,0,0,0,0,0,96.9853,0,0,0
"MtrElec",1,24,1,"",73.3815,0,0,0,0,0,0,0,0,0,0,0,0,0,0,0,0,0,0,0,0,73.3815,0,0,0
"MtrElec",1,24,2,"",72.0043,0,0,0,0,0,0,0,0,0,0,0,0,0,0,0,0,0,0,0,0,72.0043,0,0,0
"MtrElec",1,24,3,"",71.6246,0,0,0,0,0,0,0,0,0,0,0,0,0,0,0,0,0,0,0,0,71.6246,0,0,0
"MtrElec",1,24,4,"",74.3116,0,0,0,0,0,0,0,0,0,0,0,0,0,0,0,0,0,0,0,0,74.3116,0,0,0
"MtrElec",1,24,5,"",81.11,0,0,0,0,0,0,0,0,0,0,0,0,0,0,0,0,0,0,0,0,81.11,0,0,0
"MtrElec",1,24,6,"",120.15,0,0,0,0,0,0,0,0,0,0,0,0,0,0,0,0,0,0,0,0,120.15,0,0,0
"MtrElec",1,24,7,"",98.3778,0,0,0,0,0,0,0,0,0,0,0,0,0,0,0,0,0,0,0,0,98.3778,0,0,0
"MtrElec",1,24,8,"",88.507,0,0,0,0,0,0,0,0,0,0,0,0,0,0,0,0,0,0,0,0,92.3796,0,0,-3.87261
"MtrElec",1,24,9,"",122.946,0,0,0,0,0,0,0,0,0,0,0,0,0,0,0,0,0,0,0,0,144.528,0,0,-21.5824
"MtrElec",1,24,10,"",62.8966,0,0,0,0,0,0,0,0,0,0,0,0,0,0,0,0,0,0,0,0,160.014,0,0,-97.1174
"MtrElec",1,24,11,"",46.9686,0,0,0,0,0,0,0,0,0,0,0,0,0,0,0,0,0,0,0,0,168.853,0,0,-121.885
"MtrElec",1,24,12,"",34.5908,0,0,0,0,0,0,0,0,0,0,0,0,0,0,0,0,0,0,0,0,202.122,0,0,-167.531
"MtrElec",1,24,13,"",0.0000002,0,0,0,0,0,0,0,0,0,0,0,0,0,0,0,0,0,0,0,0,160.059,0,3.00883,-163.068
"MtrElec",1,24,14,"",0,0,0,0,0,0,0,0,0,0,0,0,0,0,0,0,0,0,0,0,0,117.425,0,8.73112,-126.156
"MtrElec",1,24,15,"",61.9374,0,0,0,0,0,0,0,0,0,0,0,0,0,0,0,0,0,0,0,0,160.716,0,0,-98.7785
"MtrElec",1,24,16,"",40.5918,0,0,0,0,0,0,0,0,0,0,0,0,0,0,0,0,0,0,0,0,102.488,0,0,-61.8966
"MtrElec",1,24,17,"",141.902,0,0,0,0,0,0,0,0,0,0,0,0,0,0,0,0,0,0,0,0,156.956,0,0,-15.0542
"MtrElec",1,24,18,"",111.711,0,0,0,0,0,0,0,0,0,0,0,0,0,0,0,0,0,0,0,0,111.711,0,0,0
"MtrElec",1,24,19,"",164.981,0,0,0,0,0,0,0,0,0,0,0,0,0,0,0,0,0,0,0,0,175.577,0,-10.5953,0
"MtrElec",1,24,20,"",178.468,0,0,0,0,0,0,0,0,0,0,0,0,0,0,0,0,0,0,0,0,178.468,0,0,0
"MtrElec",1,24,21,"",137.961,0,0,0,0,0,0,0,0,0,0,0,0,0,0,0,0,0,0,0,0,137.961,0,0,0
"MtrElec",1,24,22,"",172.422,0,0,0,0,0,0,0,0,0,0,0,0,0,0,0,0,0,0,0,0,172.422,0,0,0
"MtrElec",1,24,23,"",145.488,0,0,0,0,0,0,0,0,0,0,0,0,0,0,0,0,0,0,0,0,145.488,0,0,0
"MtrElec",1,24,24,"",119.826,0,0,0,0,0,0,0,0,0,0,0,0,0,0,0,0,0,0,0,0,119.826,0,0,0
"MtrElec",1,25,1,"",86.5346,0,0,0,0,0,0,0,0,0,0,0,0,0,0,0,0,0,0,0,0,86.5346,0,0,0
"MtrElec",1,25,2,"",71.729,0,0,0,0,0,0,0,0,0,0,0,0,0,0,0,0,0,0,0,0,71.729,0,0,0
"MtrElec",1,25,3,"",71.2294,0,0,0,0,0,0,0,0,0,0,0,0,0,0,0,0,0,0,0,0,71.2294,0,0,0
"MtrElec",1,25,4,"",94.6504,0,0,0,0,0,0,0,0,0,0,0,0,0,0,0,0,0,0,0,0,94.6504,0,0,0
"MtrElec",1,25,5,"",107.688,0,0,0,0,0,0,0,0,0,0,0,0,0,0,0,0,0,0,0,0,107.688,0,0,0
"MtrElec",1,25,6,"",72.5755,0,0,0,0,0,0,0,0,0,0,0,0,0,0,0,0,0,0,0,0,72.5755,0,0,0
"MtrElec",1,25,7,"",78.2793,0,0,0,0,0,0,0,0,0,0,0,0,0,0,0,0,0,0,0,0,78.2793,0,0,0
"MtrElec",1,25,8,"",88.2812,0,0,0,0,0,0,0,0,0,0,0,0,0,0,0,0,0,0,0,0,110.9,0,0,-22.6185
"MtrElec",1,25,9,"",17.6226,0,0,0,0,0,0,0,0,0,0,0,0,0,0,0,0,0,0,0,0,127.088,0,0,-109.465
"MtrElec",1,25,10,"",0,0,0,0,0,0,0,0,0,0,0,0,0,0,0,0,0,0,0,0,0,129.865,0,53.1405,-183.005
"MtrElec",1,25,11,"",0,0,0,0,0,0,0,0,0,0,0,0,0,0,0,0,0,0,0,0,0,198.808,0,25.4225,-224.23
"MtrElec",1,25,12,"",0,0,0,0,0,0,0,0,0,0,0,0,0,0,0,0,0,0,0,0,0,172.498,0,75.5248,-248.023
"MtrElec",1,25,13,"",-16.3838,0,0,0,0,0,0,0,0,0,0,0,0,0,0,0,0,0,0,0,0,136.245,0,94.4224,-247.051
"MtrElec",1,25,14,"",-38.9604,0,0,0,0,0,0,0,0,0,0,0,0,0,0,0,0,0,0,0,0,94.4886,0,94.4224,-227.872
"MtrElec",1,25,15,"",-58.3471,0,0,0,0,0,0,0,0,0,0,0,0,0,0,0,0,0,0,0,0,121.563,0,9.36579,-189.276
"MtrElec",1,25,16,"",-44.158,0,0,0,0,0,0,0,0,0,0,0,0,0,0,0,0,0,0,0,0,83.4121,0,0,-127.57
"MtrElec",1,25,17,"",53.9791,0,0,0,0,0,0,0,0,0,0,0,0,0,0,0,0,0,0,0,0,101.575,0,0,-47.5963
"MtrElec",1,25,18,"",138.222,0,0,0,0,0,0,0,0,0,0,0,0,0,0,0,0,0,0,0,0,138.34,0,0,-0.118253
"MtrElec",1,25,19,"",83.1341,0,0,0,0,0,0,0,0,0,0,0,0,0,0,0,0,0,0,0,0,177.557,0,-94.4224,0
"MtrElec",1,25,20,"",78.9777,0,0,0,0,0,0,0,0,0,0,0,0,0,0,0,0,0,0,0,0,173.4,0,-94.4224,0
"MtrElec",1,25,21,"",17.4323,0,0,0,0,0,0,0,0,0,0,0,0,0,0,0,0,0,0,0,0,111.855,0,-94.4224,0
"MtrElec",1,25,22,"",116.429,0,0,0,0,0,0,0,0,0,0,0,0,0,0,0,0,0,0,0,0,151.111,0,-34.6821,0
"MtrElec",1,25,23,"",122.765,0,0,0,0,0,0,0,0,0,0,0,0,0,0,0,0,0,0,0,0,122.765,0,0,0
"MtrElec",1,25,24,"",151.095,0,0,0,0,0,0,0,0,0,0,0,0,0,0,0,0,0,0,0,0,151.095,0,0,0
"MtrElec",1,26,1,"",83.4562,0,0,0,0,0,0,0,0,0,0,0,0,0,0,0,0,0,0,0,0,83.4562,0,0,0
"MtrElec",1,26,2,"",77.9381,0,0,0,0,0,0,0,0,0,0,0,0,0,0,0,0,0,0,0,0,77.9381,0,0,0
"MtrElec",1,26,3,"",76.104,0,0,0,0,0,0,0,0,0,0,0,0,0,0,0,0,0,0,0,0,76.104,0,0,0
"MtrElec",1,26,4,"",80.0072,0,0,0,0,0,0,0,0,0,0,0,0,0,0,0,0,0,0,0,0,80.0072,0,0,0
"MtrElec",1,26,5,"",70.172,0,0,0,0,0,0,0,0,0,0,0,0,0,0,0,0,0,0,0,0,70.172,0,0,0
"MtrElec",1,26,6,"",75.6611,0,0,0,0,0,0,0,0,0,0,0,0,0,0,0,0,0,0,0,0,75.6611,0,0,0
"MtrElec",1,26,7,"",130.675,0,0,0,0,0,0,0,0,0,0,0,0,0,0,0,0,0,0,0,0,130.675,0,0,0
"MtrElec",1,26,8,"",104.703,0,0,0,0,0,0,0,0,0,0,0,0,0,0,0,0,0,0,0,0,145.644,0,0,-40.9408
"MtrElec",1,26,9,"",51.6394,0,0,0,0,0,0,0,0,0,0,0,0,0,0,0,0,0,0,0,0,172.207,0,0,-120.568
"MtrElec",1,26,10,"",0,0,0,0,0,0,0,0,0,0,0,0,0,0,0,0,0,0,0,0,0,172.399,0,5.48358,-177.883
"MtrElec",1,26,11,"",0,0,0,0,0,0,0,0,0,0,0,0,0,0,0,0,0,0,0,0,0,151.562,0,65.171,-216.733
"MtrElec",1,26,12,"",0,0,0,0,0,0,0,0,0,0,0,0,0,0,0,0,0,0,0,0,0,153.725,0,85.8369,-239.562
"MtrElec",1,26,13,"",0,0,0,0,0,0,0,0,0,0,0,0,0,0,0,0,0,0,0,0,0,218.47,0,25.4344,-243.905
"MtrElec",1,26,14,"",-37.4664,0,0,0,0,0,0,0,0,0,0,0,0,0,0,0,0,0,0,0,0,94.9414,0,94.4224,-226.83
"MtrElec",1,26,15,"",-21.6701,0,0,0,0,0,0,0,0,0,0,0,0,0,0,0,0,0,0,0,0,89.1756,0,75.9502,-186.796
"MtrElec",1,26,16,"",5.11655,0,0,0,0,0,0,0,0,0,0,0,0,0,0,0,0,0,0,0,0,125.408,0,0,-120.292
"MtrElec",1,26,17,"",64.8464,0,0,0,0,0,0,0,0,0,0,0,0,0,0,0,0,0,0,0,0,98.4153,0,0,-33.569
"MtrElec",1,26,18,"",154.081,0,0,0,0,0,0,0,0,0,0,0,0,0,0,0,0,0,0,0,0,154.081,0,0,0
"MtrElec",1,26,19,"",36.1335,0,0,0,0,0,0,0,0,0,0,0,0,0,0,0,0,0,0,0,0,130.556,0,-94.4224,0
"MtrElec",1,26,20,"",101.618,0,0,0,0,0,0,0,0,0,0,0,0,0,0,0,0,0,0,0,0,196.041,0,-94.4224,0
"MtrElec",1,26,21,"",99.6502,0,0,0,0,0,0,0,0,0,0,0,0,0,0,0,0,0,0,0,0,194.073,0,-94.4224,0
"MtrElec",1,26,22,"",108.582,0,0,0,0,0,0,0,0,0,0,0,0,0,0,0,0,0,0,0,0,143.264,0,-34.6821,0
"MtrElec",1,26,23,"",120.61,0,0,0,0,0,0,0,0,0,0,0,0,0,0,0,0,0,0,0,0,120.61,0,0,0
"MtrElec",1,26,24,"",138.01,0,0,0,0,0,0,0,0,0,0,0,0,0,0,0,0,0,0,0,0,138.01,0,0,0
"MtrElec",1,27,1,"",74.7839,0,0,0,0,0,0,0,0,0,0,0,0,0,0,0,0,0,0,0,0,74.7839,0,0,0
"MtrElec",1,27,2,"",73.8363,0,0,0,0,0,0,0,0,0,0,0,0,0,0,0,0,0,0,0,0,73.8363,0,0,0
"MtrElec",1,27,3,"",72.6192,0,0,0,0,0,0,0,0,0,0,0,0,0,0,0,0,0,0,0,0,72.6192,0,0,0
"MtrElec",1,27,4,"",74.4928,0,0,0,0,0,0,0,0,0,0,0,0,0,0,0,0,0,0,0,0,74.4928,0,0,0
"MtrElec",1,27,5,"",74.5925,0,0,0,0,0,0,0,0,0,0,0,0,0,0,0,0,0,0,0,0,74.5925,0,0,0
"MtrElec",1,27,6,"",79.2132,0,0,0,0,0,0,0,0,0,0,0,0,0,0,0,0,0,0,0,0,79.2132,0,0,0
"MtrElec",1,27,7,"",152.045,0,0,0,0,0,0,0,0,0,0,0,0,0,0,0,0,0,0,0,0,152.045,0,0,0
"MtrElec",1,27,8,"",93.0833,0,0,0,0,0,0,0,0,0,0,0,0,0,0,0,0,0,0,0,0,136.826,0,0,-43.7425
"MtrElec",1,27,9,"",22.475,0,0,0,0,0,0,0,0,0,0,0,0,0,0,0,0,0,0,0,0,139.189,0,0,-116.714
"MtrElec",1,27,10,"",0,0,0,0,0,0,0,0,0,0,0,0,0,0,0,0,0,0,0,0,0,163.052,0,14.3994,-177.452
"MtrElec",1,27,11,"",0,0,0,0,0,0,0,0,0,0,0,0,0,0,0,0,0,0,0,0,0,130.194,0,85.1614,-215.355
"MtrElec",1,27,12,"",-53.6936,0,0,0,0,0,0,0,0,0,0,0,0,0,0,0,0,0,0,0,0,90.117,0,94.4224,-238.233
"MtrElec",1,27,13,"",-11.5351,0,0,0,0,0,0,0,0,0,0,0,0,0,0,0,0,0,0,0,0,138.581,0,94.4224,-244.538
"MtrElec",1,27,14,"",-66.3881,0,0,0,0,0,0,0,0,0,0,0,0,0,0,0,0,0,0,0,0,86.4943,0,63.8929,-216.775
"MtrElec",1,27,15,"",-25.4454,0,0,0,0,0,0,0,0,0,0,0,0,0,0,0,0,0,0,0,0,122.933,0,0,-148.378
"MtrElec",1,27,16,"",10.8157,0,0,0,0,0,0,0,0,0,0,0,0,0,0,0,0,0,0,0,0,92.9689,0,0,-82.1532
"MtrElec",1,27,17,"",118.572,0,0,0,0,0,0,0,0,0,0,0,0,0,0,0,0,0,0,0,0,123.86,0,0,-5.28835
"MtrElec",1,27,18,"",158.074,0,0,0,0,0,0,0,0,0,0,0,0,0,0,0,0,0,0,0,0,158.074,0,0,0
"MtrElec",1,27,19,"",45.0764,0,0,0,0,0,0,0,0,0,0,0,0,0,0,0,0,0,0,0,0,139.499,0,-94.4224,0
"MtrElec",1,27,20,"",78.1967,0,0,0,0,0,0,0,0,0,0,0,0,0,0,0,0,0,0,0,0,172.619,0,-94.4224,0
"MtrElec",1,27,21,"",101.362,0,0,0,0,0,0,0,0,0,0,0,0,0,0,0,0,0,0,0,0,195.784,0,-94.4224,0
"MtrElec",1,27,22,"",121.648,0,0,0,0,0,0,0,0,0,0,0,0,0,0,0,0,0,0,0,0,156.33,0,-34.6821,0
"MtrElec",1,27,23,"",152.441,0,0,0,0,0,0,0,0,0,0,0,0,0,0,0,0,0,0,0,0,152.441,0,0,0
"MtrElec",1,27,24,"",114.121,0,0,0,0,0,0,0,0,0,0,0,0,0,0,0,0,0,0,0,0,114.121,0,0,0
"MtrElec",1,28,1,"",91.1823,0,0,0,0,0,0,0,0,0,0,0,0,0,0,0,0,0,0,0,0,91.1823,0,0,0
"MtrElec",1,28,2,"",70.0482,0,0,0,0,0,0,0,0,0,0,0,0,0,0,0,0,0,0,0,0,70.0482,0,0,0
"MtrElec",1,28,3,"",67.647,0,0,0,0,0,0,0,0,0,0,0,0,0,0,0,0,0,0,0,0,67.647,0,0,0
"MtrElec",1,28,4,"",67.041,0,0,0,0,0,0,0,0,0,0,0,0,0,0,0,0,0,0,0,0,67.041,0,0,0
"MtrElec",1,28,5,"",66.5476,0,0,0,0,0,0,0,0,0,0,0,0,0,0,0,0,0,0,0,0,66.5476,0,0,0
"MtrElec",1,28,6,"",73.7333,0,0,0,0,0,0,0,0,0,0,0,0,0,0,0,0,0,0,0,0,73.7333,0,0,0
"MtrElec",1,28,7,"",118.056,0,0,0,0,0,0,0,0,0,0,0,0,0,0,0,0,0,0,0,0,118.056,0,0,0
"MtrElec",1,28,8,"",100.976,0,0,0,0,0,0,0,0,0,0,0,0,0,0,0,0,0,0,0,0,143.618,0,0,-42.6424
"MtrElec",1,28,9,"",32.1974,0,0,0,0,0,0,0,0,0,0,0,0,0,0,0,0,0,0,0,0,151.196,0,0,-118.999
"MtrElec",1,28,10,"",0.0000020,0,0,0,0,0,0,0,0,0,0,0,0,0,0,0,0,0,0,0,0,158.349,0,22.9147,-181.264
"MtrElec",1,28,11,"",0.0000039,0,0,0,0,0,0,0,0,0,0,0,0,0,0,0,0,0,0,0,0,166.631,0,59.3731,-226.004
"MtrElec",1,28,12,"",-41.0082,0,0,0,0,0,0,0,0,0,0,0,0,0,0,0,0,0,0,0,0,113.247,0,94.4224,-248.678
"MtrElec",1,28,13,"",0,0,0,0,0,0,0,0,0,0,0,0,0,0,0,0,0,0,0,0,0,157.939,0,92.2538,-250.193
"MtrElec",1,28,14,"",-53.2069,0,0,0,0,0,0,0,0,0,0,0,0,0,0,0,0,0,0,0,0,94.2273,0,83.3344,-230.769
"MtrElec",1,28,15,"",-86.2799,0,0,0,0,0,0,0,0,0,0,0,0,0,0,0,0,0,0,0,0,106.221,0,0,-192.501
"MtrElec",1,28,16,"",-28.18,0,0,0,0,0,0,0,0,0,0,0,0,0,0,0,0,0,0,0,0,103.023,0,0,-131.203
"MtrElec",1,28,17,"",93.455,0,0,0,0,0,0,0,0,0,0,0,0,0,0,0,0,0,0,0,0,145.499,0,0,-52.0441
"MtrElec",1,28,18,"",122.587,0,0,0,0,0,0,0,0,0,0,0,0,0,0,0,0,0,0,0,0,122.587,0,0,0
"MtrElec",1,28,19,"",89.1312,0,0,0,0,0,0,0,0,0,0,0,0,0,0,0,0,0,0,0,0,183.554,0,-94.4224,0
"MtrElec",1,28,20,"",64.9098,0,0,0,0,0,0,0,0,0,0,0,0,0,0,0,0,0,0,0,0,159.332,0,-94.4224,0
"MtrElec",1,28,21,"",63.1877,0,0,0,0,0,0,0,0,0,0,0,0,0,0,0,0,0,0,0,0,157.61,0,-94.4224,0
"MtrElec",1,28,22,"",109.832,0,0,0,0,0,0,0,0,0,0,0,0,0,0,0,0,0,0,0,0,144.514,0,-34.6821,0
"MtrElec",1,28,23,"",91.9606,0,0,0,0,0,0,0,0,0,0,0,0,0,0,0,0,0,0,0,0,91.9606,0,0,0
"MtrElec",1,28,24,"",132.516,0,0,0,0,0,0,0,0,0,0,0,0,0,0,0,0,0,0,0,0,132.516,0,0,0
"MtrElec",1,29,1,"",87.7285,0,0,0,0,0,0,0,0,0,0,0,0,0,0,0,0,0,0,0,0,87.7285,0,0,0
"MtrElec",1,29,2,"",77.4525,0,0,0,0,0,0,0,0,0,0,0,0,0,0,0,0,0,0,0,0,77.4525,0,0,0
"MtrElec",1,29,3,"",78.6795,0,0,0,0,0,0,0,0,0,0,0,0,0,0,0,0,0,0,0,0,78.6795,0,0,0
"MtrElec",1,29,4,"",85.9777,0,0,0,0,0,0,0,0,0,0,0,0,0,0,0,0,0,0,0,0,85.9777,0,0,0
"MtrElec",1,29,5,"",79.3285,0,0,0,0,0,0,0,0,0,0,0,0,0,0,0,0,0,0,0,0,79.3285,0,0,0
"MtrElec",1,29,6,"",80.8882,0,0,0,0,0,0,0,0,0,0,0,0,0,0,0,0,0,0,0,0,80.8882,0,0,0
"MtrElec",1,29,7,"",176.037,0,0,0,0,0,0,0,0,0,0,0,0,0,0,0,0,0,0,0,0,176.037,0,0,0
"MtrElec",1,29,8,"",120.54,0,0,0,0,0,0,0,0,0,0,0,0,0,0,0,0,0,0,0,0,147.016,0,0,-26.4765
"MtrElec",1,29,9,"",80.5921,0,0,0,0,0,0,0,0,0,0,0,0,0,0,0,0,0,0,0,0,157.473,0,0,-76.8809
"MtrElec",1,29,10,"",0.0000005,0,0,0,0,0,0,0,0,0,0,0,0,0,0,0,0,0,0,0,0,161.163,0,8.04228,-169.206
"MtrElec",1,29,11,"",0,0,0,0,0,0,0,0,0,0,0,0,0,0,0,0,0,0,0,0,0,148.838,0,72.1074,-220.945
"MtrElec",1,29,12,"",-15.195,0,0,0,0,0,0,0,0,0,0,0,0,0,0,0,0,0,0,0,0,134.623,0,94.4224,-244.24
"MtrElec",1,29,13,"",0,0,0,0,0,0,0,0,0,0,0,0,0,0,0,0,0,0,0,0,0,176.378,0,67.9323,-244.31
"MtrElec",1,29,14,"",-48.0545,0,0,0,0,0,0,0,0,0,0,0,0,0,0,0,0,0,0,0,0,83.9264,0,94.4224,-226.403
"MtrElec",1,29,15,"",-62.0874,0,0,0,0,0,0,0,0,0,0,0,0,0,0,0,0,0,0,0,0,110.667,0,15.3717,-188.126
"MtrElec",1,29,16,"",-23.7227,0,0,0,0,0,0,0,0,0,0,0,0,0,0,0,0,0,0,0,0,104.261,0,0,-127.984
"MtrElec",1,29,17,"",89.3371,0,0,0,0,0,0,0,0,0,0,0,0,0,0,0,0,0,0,0,0,140.343,0,0,-51.0063
"MtrElec",1,29,18,"",124.447,0,0,0,0,0,0,0,0,0,0,0,0,0,0,0,0,0,0,0,0,125.718,0,0,-1.27056
"MtrElec",1,29,19,"",93.2528,0,0,0,0,0,0,0,0,0,0,0,0,0,0,0,0,0,0,0,0,187.675,0,-94.4224,0
"MtrElec",1,29,20,"",52.7176,0,0,0,0,0,0,0,0,0,0,0,0,0,0,0,0,0,0,0,0,147.14,0,-94.4224,0
"MtrElec",1,29,21,"",118.001,0,0,0,0,0,0,0,0,0,0,0,0,0,0,0,0,0,0,0,0,212.424,0,-94.4224,0
"MtrElec",1,29,22,"",98.4088,0,0,0,0,0,0,0,0,0,0,0,0,0,0,0,0,0,0,0,0,133.091,0,-34.6821,0
"MtrElec",1,29,23,"",103.106,0,0,0,0,0,0,0,0,0,0,0,0,0,0,0,0,0,0,0,0,103.106,0,0,0
"MtrElec",1,29,24,"",126.156,0,0,0,0,0,0,0,0,0,0,0,0,0,0,0,0,0,0,0,0,126.156,0,0,0
"MtrElec",1,30,1,"",74.5447,0,0,0,0,0,0,0,0,0,0,0,0,0,0,0,0,0,0,0,0,74.5447,0,0,0
"MtrElec",1,30,2,"",74.4795,0,0,0,0,0,0,0,0,0,0,0,0,0,0,0,0,0,0,0,0,74.4795,0,0,0
"MtrElec",1,30,3,"",76.9441,0,0,0,0,0,0,0,0,0,0,0,0,0,0,0,0,0,0,0,0,76.9441,0,0,0
"MtrElec",1,30,4,"",77.9824,0,0,0,0,0,0,0,0,0,0,0,0,0,0,0,0,0,0,0,0,77.9824,0,0,0
"MtrElec",1,30,5,"",78.5079,0,0,0,0,0,0,0,0,0,0,0,0,0,0,0,0,0,0,0,0,78.5079,0,0,0
"MtrElec",1,30,6,"",89.3854,0,0,0,0,0,0,0,0,0,0,0,0,0,0,0,0,0,0,0,0,89.3854,0,0,0
"MtrElec",1,30,7,"",134.873,0,0,0,0,0,0,0,0,0,0,0,0,0,0,0,0,0,0,0,0,134.873,0,0,0
"MtrElec",1,30,8,"",95.4256,0,0,0,0,0,0,0,0,0,0,0,0,0,0,0,0,0,0,0,0,140.615,0,0,-45.189
"MtrElec",1,30,9,"",48.5645,0,0,0,0,0,0,0,0,0,0,0,0,0,0,0,0,0,0,0,0,164.621,0,0,-116.056
"MtrElec",1,30,10,"",0.0000010,0,0,0,0,0,0,0,0,0,0,0,0,0,0,0,0,0,0,0,0,170.173,0,8.91574,-179.089
"MtrElec",1,30,11,"",0,0,0,0,0,0,0,0,0,0,0,0,0,0,0,0,0,0,0,0,0,135.603,0,86.6233,-222.226
"MtrElec",1,30,12,"",-35.8214,0,0,0,0,0,0,0,0,0,0,0,0,0,0,0,0,0,0,0,0,114.29,0,94.4224,-244.533
"MtrElec",1,30,13,"",-5.52541,0,0,0,0,0,0,0,0,0,0,0,0,0,0,0,0,0,0,0,0,144.957,0,94.4224,-244.905
"MtrElec",1,30,14,"",-75.4666,0,0,0,0,0,0,0,0,0,0,0,0,0,0,0,0,0,0,0,0,85.6184,0,67.9146,-229
"MtrElec",1,30,15,"",-103.893,0,0,0,0,0,0,0,0,0,0,0,0,0,0,0,0,0,0,0,0,86.1712,0,0,-190.064
"MtrElec",1,30,16,"",-17.7827,0,0,0,0,0,0,0,0,0,0,0,0,0,0,0,0,0,0,0,0,112.672,0,0,-130.454
"MtrElec",1,30,17,"",49.0682,0,0,0,0,0,0,0,0,0,0,0,0,0,0,0,0,0,0,0,0,104.273,0,0,-55.2044
"MtrElec",1,30,18,"",142.076,0,0,0,0,0,0,0,0,0,0,0,0,0,0,0,0,0,0,0,0,144.141,0,0,-2.0652
"MtrElec",1,30,19,"",67.3188,0,0,0,0,0,0,0,0,0,0,0,0,0,0,0,0,0,0,0,0,161.741,0,-94.4224,0
"MtrElec",1,30,20,"",54.815,0,0,0,0,0,0,0,0,0,0,0,0,0,0,0,0,0,0,0,0,149.237,0,-94.4224,0
"MtrElec",1,30,21,"",108.909,0,0,0,0,0,0,0,0,0,0,0,0,0,0,0,0,0,0,0,0,203.332,0,-94.4224,0
"MtrElec",1,30,22,"",118.279,0,0,0,0,0,0,0,0,0,0,0,0,0,0,0,0,0,0,0,0,152.961,0,-34.6821,0
"MtrElec",1,30,23,"",136.614,0,0,0,0,0,0,0,0,0,0,0,0,0,0,0,0,0,0,0,0,136.614,0,0,0
"MtrElec",1,30,24,"",102.202,0,0,0,0,0,0,0,0,0,0,0,0,0,0,0,0,0,0,0,0,102.202,0,0,0
"MtrElec",1,31,1,"",78.6003,0,0,0,0,0,0,0,0,0,0,0,0,0,0,0,0,0,0,0,0,78.6003,0,0,0
"MtrElec",1,31,2,"",68.3888,0,0,0,0,0,0,0,0,0,0,0,0,0,0,0,0,0,0,0,0,68.3888,0,0,0
"MtrElec",1,31,3,"",66.5698,0,0,0,0,0,0,0,0,0,0,0,0,0,0,0,0,0,0,0,0,66.5698,0,0,0
"MtrElec",1,31,4,"",67.3376,0,0,0,0,0,0,0,0,0,0,0,0,0,0,0,0,0,0,0,0,67.3376,0,0,0
"MtrElec",1,31,5,"",68.6465,0,0,0,0,0,0,0,0,0,0,0,0,0,0,0,0,0,0,0,0,68.6465,0,0,0
"MtrElec",1,31,6,"",69.9837,0,0,0,0,0,0,0,0,0,0,0,0,0,0,0,0,0,0,0,0,69.9837,0,0,0
"MtrElec",1,31,7,"",76.8301,0,0,0,0,0,0,0,0,0,0,0,0,0,0,0,0,0,0,0,0,76.8301,0,0,0
"MtrElec",1,31,8,"",108.505,0,0,0,0,0,0,0,0,0,0,0,0,0,0,0,0,0,0,0,0,127.484,0,0,-18.9791
"MtrElec",1,31,9,"",22.3138,0,0,0,0,0,0,0,0,0,0,0,0,0,0,0,0,0,0,0,0,112.422,0,0,-90.1084
"MtrElec",1,31,10,"",0,0,0,0,0,0,0,0,0,0,0,0,0,0,0,0,0,0,0,0,0,135.35,0,37.1537,-172.504
"MtrElec",1,31,11,"",0,0,0,0,0,0,0,0,0,0,0,0,0,0,0,0,0,0,0,0,0,196.814,0,30.2066,-227.021
"MtrElec",1,31,12,"",0,0,0,0,0,0,0,0,0,0,0,0,0,0,0,0,0,0,0,0,0,190.048,0,59.7211,-249.769
"MtrElec",1,31,13,"",-67.346,0,0,0,0,0,0,0,0,0,0,0,0,0,0,0,0,0,0,0,0,92.0558,0,94.4224,-253.824
"MtrElec",1,31,14,"",-19.7934,0,0,0,0,0,0,0,0,0,0,0,0,0,0,0,0,0,0,0,0,119,0,94.4224,-233.216
"MtrElec",1,31,15,"",0,0,0,0,0,0,0,0,0,0,0,0,0,0,0,0,0,0,0,0,0,161.488,0,34.2321,-195.72
"MtrElec",1,31,16,"",-21.3605,0,0,0,0,0,0,0,0,0,0,0,0,0,0,0,0,0,0,0,0,112.087,0,2.14012,-135.588
"MtrElec",1,31,17,"",107.811,0,0,0,0,0,0,0,0,0,0,0,0,0,0,0,0,0,0,0,0,147.831,0,0,-40.0197
"MtrElec",1,31,18,"",155.462,0,0,0,0,0,0,0,0,0,0,0,0,0,0,0,0,0,0,0,0,157.897,0,0,-2.43458
"MtrElec",1,31,19,"",98.04,0,0,0,0,0,0,0,0,0,0,0,0,0,0,0,0,0,0,0,0,192.462,0,-94.4224,0
"MtrElec",1,31,20,"",94.3805,0,0,0,0,0,0,0,0,0,0,0,0,0,0,0,0,0,0,0,0,188.803,0,-94.4224,0
"MtrElec",1,31,21,"",36.8562,0,0,0,0,0,0,0,0,0,0,0,0,0,0,0,0,0,0,0,0,131.279,0,-94.4224,0
"MtrElec",1,31,22,"",111.661,0,0,0,0,0,0,0,0,0,0,0,0,0,0,0,0,0,0,0,0,146.343,0,-34.6821,0
"MtrElec",1,31,23,"",119.933,0,0,0,0,0,0,0,0,0,0,0,0,0,0,0,0,0,0,0,0,119.933,0,0,0
"MtrElec",1,31,24,"",195.208,0,0,0,0,0,0,0,0,0,0,0,0,0,0,0,0,0,0,0,0,195.208,0,0,0
"MtrElec",2,1,1,"",89.2315,0,0,0,0,0,0,0,0,0,0,0,0,0,0,0,0,0,0,0,0,89.2315,0,0,0
"MtrElec",2,1,2,"",76.2446,0,0,0,0,0,0,0,0,0,0,0,0,0,0,0,0,0,0,0,0,76.2446,0,0,0
"MtrElec",2,1,3,"",75.4199,0,0,0,0,0,0,0,0,0,0,0,0,0,0,0,0,0,0,0,0,75.4199,0,0,0
"MtrElec",2,1,4,"",79.0995,0,0,0,0,0,0,0,0,0,0,0,0,0,0,0,0,0,0,0,0,79.0995,0,0,0
"MtrElec",2,1,5,"",92.7723,0,0,0,0,0,0,0,0,0,0,0,0,0,0,0,0,0,0,0,0,92.7723,0,0,0
"MtrElec",2,1,6,"",81.9702,0,0,0,0,0,0,0,0,0,0,0,0,0,0,0,0,0,0,0,0,81.9702,0,0,0
"MtrElec",2,1,7,"",88.1598,0,0,0,0,0,0,0,0,0,0,0,0,0,0,0,0,0,0,0,0,88.1598,0,0,0
"MtrElec",2,1,8,"",45.7743,0,0,0,0,0,0,0,0,0,0,0,0,0,0,0,0,0,0,0,0,92.2168,0,0,-46.4425
"MtrElec",2,1,9,"",13.2948,0,0,0,0,0,0,0,0,0,0,0,0,0,0,0,0,0,0,0,0,132.572,0,0,-119.277
"MtrElec",2,1,10,"",0,0,0,0,0,0,0,0,0,0,0,0,0,0,0,0,0,0,0,0,0,139.336,0,47.1005,-186.436
"MtrElec",2,1,11,"",0,0,0,0,0,0,0,0,0,0,0,0,0,0,0,0,0,0,0,0,0,145.794,0,87.7333,-233.527
"MtrElec",2,1,12,"",0,0,0,0,0,0,0,0,0,0,0,0,0,0,0,0,0,0,0,0,0,165.565,0,89.2372,-254.802
"MtrElec",2,1,13,"",-15.4079,0,0,0,0,0,0,0,0,0,0,0,0,0,0,0,0,0,0,0,0,144.956,0,94.4224,-254.787
"MtrElec",2,1,14,"",-63.6116,0,0,0,0,0,0,0,0,0,0,0,0,0,0,0,0,0,0,0,0,105.964,0,33.8051,-203.381
"MtrElec",2,1,15,"",60.4327,0,0,0,0,0,0,0,0,0,0,0,0,0,0,0,0,0,0,0,0,125.063,0,0,-64.6308
"MtrElec",2,1,16,"",38.6822,0,0,0,0,0,0,0,0,0,0,0,0,0,0,0,0,0,0,0,0,95.3577,0,0,-56.6755
"MtrElec",2,1,17,"",79.3724,0,0,0,0,0,0,0,0,0,0,0,0,0,0,0,0,0,0,0,0,125.941,0,0,-46.569
"MtrElec",2,1,18,"",118.954,0,0,0,0,0,0,0,0,0,0,0,0,0,0,0,0,0,0,0,0,119.237,0,0,-0.282889
"MtrElec",2,1,19,"",68.6349,0,0,0,0,0,0,0,0,0,0,0,0,0,0,0,0,0,0,0,0,163.057,0,-94.4224,0
"MtrElec",2,1,20,"",96.5107,0,0,0,0,0,0,0,0,0,0,0,0,0,0,0,0,0,0,0,0,190.933,0,-94.4224,0
"MtrElec",2,1,21,"",53.9377,0,0,0,0,0,0,0,0,0,0,0,0,0,0,0,0,0,0,0,0,148.36,0,-94.4224,0
"MtrElec",2,1,22,"",132.069,0,0,0,0,0,0,0,0,0,0,0,0,0,0,0,0,0,0,0,0,166.751,0,-34.6821,0
"MtrElec",2,1,23,"",156.656,0,0,0,0,0,0,0,0,0,0,0,0,0,0,0,0,0,0,0,0,156.656,0,0,0
"MtrElec",2,1,24,"",110.492,0,0,0,0,0,0,0,0,0,0,0,0,0,0,0,0,0,0,0,0,110.492,0,0,0
"MtrElec",2,2,1,"",89.1466,0,0,0,0,0,0,0,0,0,0,0,0,0,0,0,0,0,0,0,0,89.1466,0,0,0
"MtrElec",2,2,2,"",80.1512,0,0,0,0,0,0,0,0,0,0,0,0,0,0,0,0,0,0,0,0,80.1512,0,0,0
"MtrElec",2,2,3,"",78.9405,0,0,0,0,0,0,0,0,0,0,0,0,0,0,0,0,0,0,0,0,78.9405,0,0,0
"MtrElec",2,2,4,"",78.2738,0,0,0,0,0,0,0,0,0,0,0,0,0,0,0,0,0,0,0,0,78.2738,0,0,0
"MtrElec",2,2,5,"",77.7572,0,0,0,0,0,0,0,0,0,0,0,0,0,0,0,0,0,0,0,0,77.7572,0,0,0
"MtrElec",2,2,6,"",89.6779,0,0,0,0,0,0,0,0,0,0,0,0,0,0,0,0,0,0,0,0,89.6779,0,0,0
"MtrElec",2,2,7,"",141.218,0,0,0,0,0,0,0,0,0,0,0,0,0,0,0,0,0,0,0,0,141.218,0,0,0
"MtrElec",2,2,8,"",120.776,0,0,0,0,0,0,0,0,0,0,0,0,0,0,0,0,0,0,0,0,148.875,0,0,-28.0996
"MtrElec",2,2,9,"",119.272,0,0,0,0,0,0,0,0,0,0,0,0,0,0,0,0,0,0,0,0,154.383,0,0,-35.1118
"MtrElec",2,2,10,"",87.0096,0,0,0,0,0,0,0,0,0,0,0,0,0,0,0,0,0,0,0,0,174.061,0,0,-87.0519
"MtrElec",2,2,11,"",46.3424,0,0,0,0,0,0,0,0,0,0,0,0,0,0,0,0,0,0,0,0,175.592,0,0,-129.25
"MtrElec",2,2,12,"",0.372938,0,0,0,0,0,0,0,0,0,0,0,0,0,0,0,0,0,0,0,0,135.338,0,0,-134.965
"MtrElec",2,2,13,"",-8.56844,0,0,0,0,0,0,0,0,0,0,0,0,0,0,0,0,0,0,0,0,79.2142,0,94.4224,-182.205
"MtrElec",2,2,14,"",0.0000039,0,0,0,0,0,0,0,0,0,0,0,0,0,0,0,0,0,0,0,0,90.0641,0,53.4841,-143.548
"MtrElec",2,2,15,"",71.8915,0,0,0,0,0,0,0,0,0,0,0,0,0,0,0,0,0,0,0,0,122.2,0,0,-50.3088
"MtrElec",2,2,16,"",74.6988,0,0,0,0,0,0,0,0,0,0,0,0,0,0,0,0,0,0,0,0,109.27,0,0,-34.5712
"MtrElec",2,2,17,"",86.9072,0,0,0,0,0,0,0,0,0,0,0,0,0,0,0,0,0,0,0,0,126.908,0,0,-40.0009
"MtrElec",2,2,18,"",151.144,0,0,0,0,0,0,0,0,0,0,0,0,0,0,0,0,0,0,0,0,151.674,0,0,-0.530281
"MtrElec",2,2,19,"",68.9908,0,0,0,0,0,0,0,0,0,0,0,0,0,0,0,0,0,0,0,0,163.413,0,-94.4224,0
"MtrElec",2,2,20,"",166.033,0,0,0,0,0,0,0,0,0,0,0,0,0,0,0,0,0,0,0,0,205.096,0,-39.0632,0
"MtrElec",2,2,21,"",189.042,0,0,0,0,0,0,0,0,0,0,0,0,0,0,0,0,0,0,0,0,189.042,0,0,0
"MtrElec",2,2,22,"",162.049,0,0,0,0,0,0,0,0,0,0,0,0,0,0,0,0,0,0,0,0,162.049,0,0,0
"MtrElec",2,2,23,"",142.438,0,0,0,0,0,0,0,0,0,0,0,0,0,0,0,0,0,0,0,0,142.438,0,0,0
"MtrElec",2,2,24,"",94.1099,0,0,0,0,0,0,0,0,0,0,0,0,0,0,0,0,0,0,0,0,94.1099,0,0,0
"MtrElec",2,3,1,"",126.198,0,0,0,0,0,0,0,0,0,0,0,0,0,0,0,0,0,0,0,0,126.198,0,0,0
"MtrElec",2,3,2,"",78.0438,0,0,0,0,0,0,0,0,0,0,0,0,0,0,0,0,0,0,0,0,78.0438,0,0,0
"MtrElec",2,3,3,"",76.7909,0,0,0,0,0,0,0,0,0,0,0,0,0,0,0,0,0,0,0,0,76.7909,0,0,0
"MtrElec",2,3,4,"",77.0618,0,0,0,0,0,0,0,0,0,0,0,0,0,0,0,0,0,0,0,0,77.0618,0,0,0
"MtrElec",2,3,5,"",76.8608,0,0,0,0,0,0,0,0,0,0,0,0,0,0,0,0,0,0,0,0,76.8608,0,0,0
"MtrElec",2,3,6,"",81.2335,0,0,0,0,0,0,0,0,0,0,0,0,0,0,0,0,0,0,0,0,81.2335,0,0,0
"MtrElec",2,3,7,"",138.697,0,0,0,0,0,0,0,0,0,0,0,0,0,0,0,0,0,0,0,0,138.697,0,0,0
"MtrElec",2,3,8,"",142.217,0,0,0,0,0,0,0,0,0,0,0,0,0,0,0,0,0,0,0,0,143.055,0,0,-0.837642
"MtrElec",2,3,9,"",145.955,0,0,0,0,0,0,0,0,0,0,0,0,0,0,0,0,0,0,0,0,158.575,0,0,-12.6201
"MtrElec",2,3,10,"",39.3181,0,0,0,0,0,0,0,0,0,0,0,0,0,0,0,0,0,0,0,0,154.391,0,0,-115.073
"MtrElec",2,3,11,"",140.179,0,0,0,0,0,0,0,0,0,0,0,0,0,0,0,0,0,0,0,0,168.197,0,0,-28.0177
"MtrElec",2,3,12,"",140.935,0,0,0,0,0,0,0,0,0,0,0,0,0,0,0,0,0,0,0,0,176.175,0,0,-35.2401
"MtrElec",2,3,13,"",167.718,0,0,0,0,0,0,0,0,0,0,0,0,0,0,0,0,0,0,0,0,220.158,0,0,-52.4402
"MtrElec",2,3,14,"",0,0,0,0,0,0,0,0,0,0,0,0,0,0,0,0,0,0,0,0,0,84.8865,0,77.1686,-162.055
"MtrElec",2,3,15,"",7.42606,0,0,0,0,0,0,0,0,0,0,0,0,0,0,0,0,0,0,0,0,125.066,0,0,-117.64
"MtrElec",2,3,16,"",41.1406,0,0,0,0,0,0,0,0,0,0,0,0,0,0,0,0,0,0,0,0,104.066,0,0,-62.9252
"MtrElec",2,3,17,"",107.975,0,0,0,0,0,0,0,0,0,0,0,0,0,0,0,0,0,0,0,0,115.98,0,0,-8.00472
"MtrElec",2,3,18,"",166.131,0,0,0,0,0,0,0,0,0,0,0,0,0,0,0,0,0,0,0,0,168.877,0,0,-2.74666
"MtrElec",2,3,19,"",80.5485,0,0,0,0,0,0,0,0,0,0,0,0,0,0,0,0,0,0,0,0,150.193,0,-69.6447,0
"MtrElec",2,3,20,"",196.468,0,0,0,0,0,0,0,0,0,0,0,0,0,0,0,0,0,0,0,0,196.468,0,0,0
"MtrElec",2,3,21,"",194.382,0,0,0,0,0,0,0,0,0,0,0,0,0,0,0,0,0,0,0,0,194.382,0,0,0
"MtrElec",2,3,22,"",115.211,0,0,0,0,0,0,0,0,0,0,0,0,0,0,0,0,0,0,0,0,115.211,0,0,0
"MtrElec",2,3,23,"",128.513,0,0,0,0,0,0,0,0,0,0,0,0,0,0,0,0,0,0,0,0,128.513,0,0,0
"MtrElec",2,3,24,"",150.532,0,0,0,0,0,0,0,0,0,0,0,0,0,0,0,0,0,0,0,0,150.532,0,0,0
"MtrElec",2,4,1,"",91.9405,0,0,0,0,0,0,0,0,0,0,0,0,0,0,0,0,0,0,0,0,91.9405,0,0,0
"MtrElec",2,4,2,"",89.5458,0,0,0,0,0,0,0,0,0,0,0,0,0,0,0,0,0,0,0,0,89.5458,0,0,0
"MtrElec",2,4,3,"",91.5764,0,0,0,0,0,0,0,0,0,0,0,0,0,0,0,0,0,0,0,0,91.5764,0,0,0
"MtrElec",2,4,4,"",91.719,0,0,0,0,0,0,0,0,0,0,0,0,0,0,0,0,0,0,0,0,91.719,0,0,0
"MtrElec",2,4,5,"",92.2827,0,0,0,0,0,0,0,0,0,0,0,0,0,0,0,0,0,0,0,0,92.2827,0,0,0
"MtrElec",2,4,6,"",96.6038,0,0,0,0,0,0,0,0,0,0,0,0,0,0,0,0,0,0,0,0,96.6038,0,0,0
"MtrElec",2,4,7,"",142.905,0,0,0,0,0,0,0,0,0,0,0,0,0,0,0,0,0,0,0,0,142.905,0,0,0
"MtrElec",2,4,8,"",137.757,0,0,0,0,0,0,0,0,0,0,0,0,0,0,0,0,0,0,0,0,190.025,0,0,-52.2686
"MtrElec",2,4,9,"",22.5404,0,0,0,0,0,0,0,0,0,0,0,0,0,0,0,0,0,0,0,0,153.291,0,0,-130.751
"MtrElec",2,4,10,"",0,0,0,0,0,0,0,0,0,0,0,0,0,0,0,0,0,0,0,0,0,143.395,0,48.9013,-192.296
"MtrElec",2,4,11,"",0,0,0,0,0,0,0,0,0,0,0,0,0,0,0,0,0,0,0,0,0,161.857,0,71.0336,-232.891
"MtrElec",2,4,12,"",-28.4898,0,0,0,0,0,0,0,0,0,0,0,0,0,0,0,0,0,0,0,0,135.165,0,94.4224,-258.077
"MtrElec",2,4,13,"",-72.374,0,0,0,0,0,0,0,0,0,0,0,0,0,0,0,0,0,0,0,0,92.6891,0,94.4224,-259.485
"MtrElec",2,4,14,"",-87.1784,0,0,0,0,0,0,0,0,0,0,0,0,0,0,0,0,0,0,0,0,113.707,0,43.5188,-244.404
"MtrElec",2,4,15,"",-117.333,0,0,0,0,0,0,0,0,0,0,0,0,0,0,0,0,0,0,0,0,89.1408,0,0,-206.474
"MtrElec",2,4,16,"",-8.36831,0,0,0,0,0,0,0,0,0,0,0,0,0,0,0,0,0,0,0,0,135.123,0,0,-143.492
"MtrElec",2,4,17,"",77.8115,0,0,0,0,0,0,0,0,0,0,0,0,0,0,0,0,0,0,0,0,141.788,0,0,-63.9769
"MtrElec",2,4,18,"",115.533,0,0,0,0,0,0,0,0,0,0,0,0,0,0,0,0,0,0,0,0,119.369,0,0,-3.83578
"MtrElec",2,4,19,"",58.236,0,0,0,0,0,0,0,0,0,0,0,0,0,0,0,0,0,0,0,0,152.658,0,-94.4224,0
"MtrElec",2,4,20,"",83.6606,0,0,0,0,0,0,0,0,0,0,0,0,0,0,0,0,0,0,0,0,178.083,0,-94.4224,0
"MtrElec",2,4,21,"",112.127,0,0,0,0,0,0,0,0,0,0,0,0,0,0,0,0,0,0,0,0,206.55,0,-94.4224,0
"MtrElec",2,4,22,"",101.847,0,0,0,0,0,0,0,0,0,0,0,0,0,0,0,0,0,0,0,0,136.529,0,-34.6821,0
"MtrElec",2,4,23,"",144.351,0,0,0,0,0,0,0,0,0,0,0,0,0,0,0,0,0,0,0,0,144.351,0,0,0
"MtrElec",2,4,24,"",129.474,0,0,0,0,0,0,0,0,0,0,0,0,0,0,0,0,0,0,0,0,129.474,0,0,0
"MtrElec",2,5,1,"",96.9212,0,0,0,0,0,0,0,0,0,0,0,0,0,0,0,0,0,0,0,0,96.9212,0,0,0
"MtrElec",2,5,2,"",92.0783,0,0,0,0,0,0,0,0,0,0,0,0,0,0,0,0,0,0,0,0,92.0783,0,0,0
"MtrElec",2,5,3,"",91.6753,0,0,0,0,0,0,0,0,0,0,0,0,0,0,0,0,0,0,0,0,91.6753,0,0,0
"MtrElec",2,5,4,"",91.8183,0,0,0,0,0,0,0,0,0,0,0,0,0,0,0,0,0,0,0,0,91.8183,0,0,0
"MtrElec",2,5,5,"",96.2503,0,0,0,0,0,0,0,0,0,0,0,0,0,0,0,0,0,0,0,0,96.2503,0,0,0
"MtrElec",2,5,6,"",103.821,0,0,0,0,0,0,0,0,0,0,0,0,0,0,0,0,0,0,0,0,103.821,0,0,0
"MtrElec",2,5,7,"",176.111,0,0,0,0,0,0,0,0,0,0,0,0,0,0,0,0,0,0,0,0,176.111,0,0,0
"MtrElec",2,5,8,"",136.591,0,0,0,0,0,0,0,0,0,0,0,0,0,0,0,0,0,0,0,0,194.958,0,0,-58.3674
"MtrElec",2,5,9,"",30.5611,0,0,0,0,0,0,0,0,0,0,0,0,0,0,0,0,0,0,0,0,170.46,0,0,-139.898
"MtrElec",2,5,10,"",0,0,0,0,0,0,0,0,0,0,0,0,0,0,0,0,0,0,0,0,0,162.91,0,42.9508,-205.861
"MtrElec",2,5,11,"",0.0000078,0,0,0,0,0,0,0,0,0,0,0,0,0,0,0,0,0,0,0,0,166.762,0,83.7953,-250.557
"MtrElec",2,5,12,"",-67.0112,0,0,0,0,0,0,0,0,0,0,0,0,0,0,0,0,0,0,0,0,113.584,0,94.4224,-275.018
"MtrElec",2,5,13,"",-52.968,0,0,0,0,0,0,0,0,0,0,0,0,0,0,0,0,0,0,0,0,129.064,0,94.4224,-276.454
"MtrElec",2,5,14,"",-100.778,0,0,0,0,0,0,0,0,0,0,0,0,0,0,0,0,0,0,0,0,113.618,0,36.7075,-251.104
"MtrElec",2,5,15,"",-117.627,0,0,0,0,0,0,0,0,0,0,0,0,0,0,0,0,0,0,0,0,88.1775,0,0,-205.805
"MtrElec",2,5,16,"",-24.8787,0,0,0,0,0,0,0,0,0,0,0,0,0,0,0,0,0,0,0,0,120.874,0,0,-145.753
"MtrElec",2,5,17,"",79.8934,0,0,0,0,0,0,0,0,0,0,0,0,0,0,0,0,0,0,0,0,145.741,0,0,-65.8472
"MtrElec",2,5,18,"",123.21,0,0,0,0,0,0,0,0,0,0,0,0,0,0,0,0,0,0,0,0,127.513,0,0,-4.30295
"MtrElec",2,5,19,"",63.9667,0,0,0,0,0,0,0,0,0,0,0,0,0,0,0,0,0,0,0,0,158.389,0,-94.4224,0
"MtrElec",2,5,20,"",131.42,0,0,0,0,0,0,0,0,0,0,0,0,0,0,0,0,0,0,0,0,225.842,0,-94.4224,0
"MtrElec",2,5,21,"",133.907,0,0,0,0,0,0,0,0,0,0,0,0,0,0,0,0,0,0,0,0,228.33,0,-94.4224,0
"MtrElec",2,5,22,"",98.6159,0,0,0,0,0,0,0,0,0,0,0,0,0,0,0,0,0,0,0,0,133.298,0,-34.6821,0
"MtrElec",2,5,23,"",179.552,0,0,0,0,0,0,0,0,0,0,0,0,0,0,0,0,0,0,0,0,179.552,0,0,0
"MtrElec",2,5,24,"",153.416,0,0,0,0,0,0,0,0,0,0,0,0,0,0,0,0,0,0,0,0,153.416,0,0,0
"MtrElec",2,6,1,"",110.627,0,0,0,0,0,0,0,0,0,0,0,0,0,0,0,0,0,0,0,0,110.627,0,0,0
"MtrElec",2,6,2,"",100.346,0,0,0,0,0,0,0,0,0,0,0,0,0,0,0,0,0,0,0,0,100.346,0,0,0
"MtrElec",2,6,3,"",103.819,0,0,0,0,0,0,0,0,0,0,0,0,0,0,0,0,0,0,0,0,103.819,0,0,0
"MtrElec",2,6,4,"",108.05,0,0,0,0,0,0,0,0,0,0,0,0,0,0,0,0,0,0,0,0,108.05,0,0,0
"MtrElec",2,6,5,"",109.811,0,0,0,0,0,0,0,0,0,0,0,0,0,0,0,0,0,0,0,0,109.811,0,0,0
"MtrElec",2,6,6,"",107.617,0,0,0,0,0,0,0,0,0,0,0,0,0,0,0,0,0,0,0,0,107.617,0,0,0
"MtrElec",2,6,7,"",171.195,0,0,0,0,0,0,0,0,0,0,0,0,0,0,0,0,0,0,0,0,171.195,0,0,0
"MtrElec",2,6,8,"",149.424,0,0,0,0,0,0,0,0,0,0,0,0,0,0,0,0,0,0,0,0,198.064,0,0,-48.6404
"MtrElec",2,6,9,"",18.4876,0,0,0,0,0,0,0,0,0,0,0,0,0,0,0,0,0,0,0,0,150.959,0,0,-132.472
"MtrElec",2,6,10,"",0,0,0,0,0,0,0,0,0,0,0,0,0,0,0,0,0,0,0,0,0,147.766,0,43.3123,-191.078
"MtrElec",2,6,11,"",-10.0992,0,0,0,0,0,0,0,0,0,0,0,0,0,0,0,0,0,0,0,0,124.407,0,94.4224,-228.928
"MtrElec",2,6,12,"",-11.4999,0,0,0,0,0,0,0,0,0,0,0,0,0,0,0,0,0,0,0,0,148.938,0,94.4224,-254.861
"MtrElec",2,6,13,"",-70.852,0,0,0,0,0,0,0,0,0,0,0,0,0,0,0,0,0,0,0,0,95.4379,0,94.4224,-260.712
"MtrElec",2,6,14,"",-140.93,0,0,0,0,0,0,0,0,0,0,0,0,0,0,0,0,0,0,0,0,74.1629,0,25.7189,-240.811
"MtrElec",2,6,15,"",-83.9502,0,0,0,0,0,0,0,0,0,0,0,0,0,0,0,0,0,0,0,0,115.988,0,0,-199.938
"MtrElec",2,6,16,"",-29.1599,0,0,0,0,0,0,0,0,0,0,0,0,0,0,0,0,0,0,0,0,108.375,0,0,-137.535
"MtrElec",2,6,17,"",41.4544,0,0,0,0,0,0,0,0,0,0,0,0,0,0,0,0,0,0,0,0,101.376,0,0,-59.9216
"MtrElec",2,6,18,"",173.885,0,0,0,0,0,0,0,0,0,0,0,0,0,0,0,0,0,0,0,0,177.138,0,0,-3.25299
"MtrElec",2,6,19,"",93.6923,0,0,0,0,0,0,0,0,0,0,0,0,0,0,0,0,0,0,0,0,188.115,0,-94.4224,0
"MtrElec",2,6,20,"",31.5722,0,0,0,0,0,0,0,0,0,0,0,0,0,0,0,0,0,0,0,0,125.995,0,-94.4224,0
"MtrElec",2,6,21,"",68.8679,0,0,0,0,0,0,0,0,0,0,0,0,0,0,0,0,0,0,0,0,163.29,0,-94.4224,0
"MtrElec",2,6,22,"",166.952,0,0,0,0,0,0,0,0,0,0,0,0,0,0,0,0,0,0,0,0,201.634,0,-34.6821,0
"MtrElec",2,6,23,"",127.078,0,0,0,0,0,0,0,0,0,0,0,0,0,0,0,0,0,0,0,0,127.078,0,0,0
"MtrElec",2,6,24,"",107.847,0,0,0,0,0,0,0,0,0,0,0,0,0,0,0,0,0,0,0,0,107.847,0,0,0
"MtrElec",2,7,1,"",128.803,0,0,0,0,0,0,0,0,0,0,0,0,0,0,0,0,0,0,0,0,128.803,0,0,0
"MtrElec",2,7,2,"",96.9399,0,0,0,0,0,0,0,0,0,0,0,0,0,0,0,0,0,0,0,0,96.9399,0,0,0
"MtrElec",2,7,3,"",99.975,0,0,0,0,0,0,0,0,0,0,0,0,0,0,0,0,0,0,0,0,99.975,0,0,0
"MtrElec",2,7,4,"",101.848,0,0,0,0,0,0,0,0,0,0,0,0,0,0,0,0,0,0,0,0,101.848,0,0,0
"MtrElec",2,7,5,"",108.444,0,0,0,0,0,0,0,0,0,0,0,0,0,0,0,0,0,0,0,0,108.444,0,0,0
"MtrElec",2,7,6,"",102.371,0,0,0,0,0,0,0,0,0,0,0,0,0,0,0,0,0,0,0,0,102.371,0,0,0
"MtrElec",2,7,7,"",130.215,0,0,0,0,0,0,0,0,0,0,0,0,0,0,0,0,0,0,0,0,130.215,0,0,0
"MtrElec",2,7,8,"",92.3222,0,0,0,0,0,0,0,0,0,0,0,0,0,0,0,0,0,0,0,0,145.081,0,0,-52.7589
"MtrElec",2,7,9,"",0,0,0,0,0,0,0,0,0,0,0,0,0,0,0,0,0,0,0,0,0,120.33,0,5.30284,-125.633
"MtrElec",2,7,10,"",0,0,0,0,0,0,0,0,0,0,0,0,0,0,0,0,0,0,0,0,0,157.013,0,27.5943,-184.607
"MtrElec",2,7,11,"",0.0000078,0,0,0,0,0,0,0,0,0,0,0,0,0,0,0,0,0,0,0,0,157.909,0,73.2931,-231.202
"MtrElec",2,7,12,"",0.0000078,0,0,0,0,0,0,0,0,0,0,0,0,0,0,0,0,0,0,0,0,164.148,0,90.316,-254.464
"MtrElec",2,7,13,"",-6.26965,0,0,0,0,0,0,0,0,0,0,0,0,0,0,0,0,0,0,0,0,154.633,0,94.4224,-255.325
"MtrElec",2,7,14,"",-67.8571,0,0,0,0,0,0,0,0,0,0,0,0,0,0,0,0,0,0,0,0,107.843,0,61.3698,-237.07
"MtrElec",2,7,15,"",-37.2729,0,0,0,0,0,0,0,0,0,0,0,0,0,0,0,0,0,0,0,0,161.402,0,0,-198.675
"MtrElec",2,7,16,"",-39.0925,0,0,0,0,0,0,0,0,0,0,0,0,0,0,0,0,0,0,0,0,99.5976,0,0,-138.69
"MtrElec",2,7,17,"",76.9445,0,0,0,0,0,0,0,0,0,0,0,0,0,0,0,0,0,0,0,0,140.026,0,0,-63.0812
"MtrElec",2,7,18,"",106.606,0,0,0,0,0,0,0,0,0,0,0,0,0,0,0,0,0,0,0,0,110.626,0,0,-4.01987
"MtrElec",2,7,19,"",92.1858,0,0,0,0,0,0,0,0,0,0,0,0,0,0,0,0,0,0,0,0,186.608,0,-94.4224,0
"MtrElec",2,7,20,"",104.405,0,0,0,0,0,0,0,0,0,0,0,0,0,0,0,0,0,0,0,0,198.827,0,-94.4224,0
"MtrElec",2,7,21,"",63.1731,0,0,0,0,0,0,0,0,0,0,0,0,0,0,0,0,0,0,0,0,157.595,0,-94.4224,0
"MtrElec",2,7,22,"",113.384,0,0,0,0,0,0,0,0,0,0,0,0,0,0,0,0,0,0,0,0,148.066,0,-34.6821,0
"MtrElec",2,7,23,"",186.582,0,0,0,0,0,0,0,0,0,0,0,0,0,0,0,0,0,0,0,0,186.582,0,0,0
"MtrElec",2,7,24,"",141.666,0,0,0,0,0,0,0,0,0,0,0,0,0,0,0,0,0,0,0,0,141.666,0,0,0
"MtrElec",2,8,1,"",89.9594,0,0,0,0,0,0,0,0,0,0,0,0,0,0,0,0,0,0,0,0,89.9594,0,0,0
"MtrElec",2,8,2,"",81.9347,0,0,0,0,0,0,0,0,0,0,0,0,0,0,0,0,0,0,0,0,81.9347,0,0,0
"MtrElec",2,8,3,"",83.5186,0,0,0,0,0,0,0,0,0,0,0,0,0,0,0,0,0,0,0,0,83.5186,0,0,0
"MtrElec",2,8,4,"",89.1435,0,0,0,0,0,0,0,0,0,0,0,0,0,0,0,0,0,0,0,0,89.1435,0,0,0
"MtrElec",2,8,5,"",105.418,0,0,0,0,0,0,0,0,0,0,0,0,0,0,0,0,0,0,0,0,105.418,0,0,0
"MtrElec",2,8,6,"",92.0681,0,0,0,0,0,0,0,0,0,0,0,0,0,0,0,0,0,0,0,0,92.0681,0,0,0
"MtrElec",2,8,7,"",96.8567,0,0,0,0,0,0,0,0,0,0,0,0,0,0,0,0,0,0,0,0,96.8567,0,0,0
"MtrElec",2,8,8,"",95.2664,0,0,0,0,0,0,0,0,0,0,0,0,0,0,0,0,0,0,0,0,148.766,0,0,-53.4999
"MtrElec",2,8,9,"",30.2712,0,0,0,0,0,0,0,0,0,0,0,0,0,0,0,0,0,0,0,0,160.335,0,0,-130.064
"MtrElec",2,8,10,"",0,0,0,0,0,0,0,0,0,0,0,0,0,0,0,0,0,0,0,0,0,153.513,0,36.2213,-189.734
"MtrElec",2,8,11,"",0.0000039,0,0,0,0,0,0,0,0,0,0,0,0,0,0,0,0,0,0,0,0,166.612,0,60.0389,-226.651
"MtrElec",2,8,12,"",-23.6888,0,0,0,0,0,0,0,0,0,0,0,0,0,0,0,0,0,0,0,0,126.465,0,94.4224,-244.576
"MtrElec",2,8,13,"",0,0,0,0,0,0,0,0,0,0,0,0,0,0,0,0,0,0,0,0,0,161.343,0,82.7271,-244.07
"MtrElec",2,8,14,"",-38.1222,0,0,0,0,0,0,0,0,0,0,0,0,0,0,0,0,0,0,0,0,115.947,0,78.8887,-232.958
"MtrElec",2,8,15,"",-37.8228,0,0,0,0,0,0,0,0,0,0,0,0,0,0,0,0,0,0,0,0,160.094,0,0,-197.917
"MtrElec",2,8,16,"",-10.6313,0,0,0,0,0,0,0,0,0,0,0,0,0,0,0,0,0,0,0,0,130.141,0,0,-140.772
"MtrElec",2,8,17,"",74.4697,0,0,0,0,0,0,0,0,0,0,0,0,0,0,0,0,0,0,0,0,139.898,0,0,-65.4287
"MtrElec",2,8,18,"",145.308,0,0,0,0,0,0,0,0,0,0,0,0,0,0,0,0,0,0,0,0,149.837,0,0,-4.52884
"MtrElec",2,8,19,"",98.5556,0,0,0,0,0,0,0,0,0,0,0,0,0,0,0,0,0,0,0,0,192.978,0,-94.4224,0
"MtrElec",2,8,20,"",101.351,0,0,0,0,0,0,0,0,0,0,0,0,0,0,0,0,0,0,0,0,195.774,0,-94.4224,0
"MtrElec",2,8,21,"",54.1664,0,0,0,0,0,0,0,0,0,0,0,0,0,0,0,0,0,0,0,0,148.589,0,-94.4224,0
"MtrElec",2,8,22,"",128.16,0,0,0,0,0,0,0,0,0,0,0,0,0,0,0,0,0,0,0,0,162.842,0,-34.6821,0
"MtrElec",2,8,23,"",130.997,0,0,0,0,0,0,0,0,0,0,0,0,0,0,0,0,0,0,0,0,130.997,0,0,0
"MtrElec",2,8,24,"",100.368,0,0,0,0,0,0,0,0,0,0,0,0,0,0,0,0,0,0,0,0,100.368,0,0,0
"MtrElec",2,9,1,"",89.5107,0,0,0,0,0,0,0,0,0,0,0,0,0,0,0,0,0,0,0,0,89.5107,0,0,0
"MtrElec",2,9,2,"",78.6314,0,0,0,0,0,0,0,0,0,0,0,0,0,0,0,0,0,0,0,0,78.6314,0,0,0
"MtrElec",2,9,3,"",81.7566,0,0,0,0,0,0,0,0,0,0,0,0,0,0,0,0,0,0,0,0,81.7566,0,0,0
"MtrElec",2,9,4,"",81.1806,0,0,0,0,0,0,0,0,0,0,0,0,0,0,0,0,0,0,0,0,81.1806,0,0,0
"MtrElec",2,9,5,"",107.053,0,0,0,0,0,0,0,0,0,0,0,0,0,0,0,0,0,0,0,0,107.053,0,0,0
"MtrElec",2,9,6,"",112.589,0,0,0,0,0,0,0,0,0,0,0,0,0,0,0,0,0,0,0,0,112.589,0,0,0
"MtrElec",2,9,7,"",125.304,0,0,0,0,0,0,0,0,0,0,0,0,0,0,0,0,0,0,0,0,125.304,0,0,0
"MtrElec",2,9,8,"",100.053,0,0,0,0,0,0,0,0,0,0,0,0,0,0,0,0,0,0,0,0,156.285,0,0,-56.2322
"MtrElec",2,9,9,"",15.805,0,0,0,0,0,0,0,0,0,0,0,0,0,0,0,0,0,0,0,0,152.446,0,0,-136.641
"MtrElec",2,9,10,"",0,0,0,0,0,0,0,0,0,0,0,0,0,0,0,0,0,0,0,0,0,180.613,0,18.4079,-199.021
"MtrElec",2,9,11,"",-23.478,0,0,0,0,0,0,0,0,0,0,0,0,0,0,0,0,0,0,0,0,120.522,0,94.4224,-238.423
"MtrElec",2,9,12,"",-50.0811,0,0,0,0,0,0,0,0,0,0,0,0,0,0,0,0,0,0,0,0,116.312,0,94.4224,-260.816
"MtrElec",2,9,13,"",-67.5651,0,0,0,0,0,0,0,0,0,0,0,0,0,0,0,0,0,0,0,0,98.6218,0,94.4224,-260.609
"MtrElec",2,9,14,"",-105.786,0,0,0,0,0,0,0,0,0,0,0,0,0,0,0,0,0,0,0,0,87.5357,0,50.6233,-243.945
"MtrElec",2,9,15,"",-99.5169,0,0,0,0,0,0,0,0,0,0,0,0,0,0,0,0,0,0,0,0,106.686,0,0,-206.203
"MtrElec",2,9,16,"",-56.2183,0,0,0,0,0,0,0,0,0,0,0,0,0,0,0,0,0,0,0,0,88.4184,0,0,-144.637
"MtrElec",2,9,17,"",52.3083,0,0,0,0,0,0,0,0,0,0,0,0,0,0,0,0,0,0,0,0,119.499,0,0,-67.1903
"MtrElec",2,9,18,"",113.488,0,0,0,0,0,0,0,0,0,0,0,0,0,0,0,0,0,0,0,0,118.122,0,0,-4.63382
"MtrElec",2,9,19,"",45.2405,0,0,0,0,0,0,0,0,0,0,0,0,0,0,0,0,0,0,0,0,139.663,0,-94.4224,0
"MtrElec",2,9,20,"",56.8254,0,0,0,0,0,0,0,0,0,0,0,0,0,0,0,0,0,0,0,0,151.248,0,-94.4224,0
"MtrElec",2,9,21,"",85.0159,0,0,0,0,0,0,0,0,0,0,0,0,0,0,0,0,0,0,0,0,179.438,0,-94.4224,0
"MtrElec",2,9,22,"",119.112,0,0,0,0,0,0,0,0,0,0,0,0,0,0,0,0,0,0,0,0,153.794,0,-34.6821,0
"MtrElec",2,9,23,"",126.667,0,0,0,0,0,0,0,0,0,0,0,0,0,0,0,0,0,0,0,0,126.667,0,0,0
"MtrElec",2,9,24,"",126.544,0,0,0,0,0,0,0,0,0,0,0,0,0,0,0,0,0,0,0,0,126.544,0,0,0
"MtrElec",2,10,1,"",113.263,0,0,0,0,0,0,0,0,0,0,0,0,0,0,0,0,0,0,0,0,113.263,0,0,0
"MtrElec",2,10,2,"",131.718,0,0,0,0,0,0,0,0,0,0,0,0,0,0,0,0,0,0,0,0,131.718,0,0,0
"MtrElec",2,10,3,"",76.1692,0,0,0,0,0,0,0,0,0,0,0,0,0,0,0,0,0,0,0,0,76.1692,0,0,0
"MtrElec",2,10,4,"",78.0145,0,0,0,0,0,0,0,0,0,0,0,0,0,0,0,0,0,0,0,0,78.0145,0,0,0
"MtrElec",2,10,5,"",79.7407,0,0,0,0,0,0,0,0,0,0,0,0,0,0,0,0,0,0,0,0,79.7407,0,0,0
"MtrElec",2,10,6,"",85.8525,0,0,0,0,0,0,0,0,0,0,0,0,0,0,0,0,0,0,0,0,85.8525,0,0,0
"MtrElec",2,10,7,"",126.857,0,0,0,0,0,0,0,0,0,0,0,0,0,0,0,0,0,0,0,0,126.857,0,0,0
"MtrElec",2,10,8,"",86.8451,0,0,0,0,0,0,0,0,0,0,0,0,0,0,0,0,0,0,0,0,147.812,0,0,-60.9671
"MtrElec",2,10,9,"",30.6861,0,0,0,0,0,0,0,0,0,0,0,0,0,0,0,0,0,0,0,0,158.679,0,0,-127.993
"MtrElec",2,10,10,"",0,0,0,0,0,0,0,0,0,0,0,0,0,0,0,0,0,0,0,0,0,147.107,0,37.9583,-185.065
"MtrElec",2,10,11,"",0,0,0,0,0,0,0,0,0,0,0,0,0,0,0,0,0,0,0,0,0,146.871,0,74.7471,-221.619
"MtrElec",2,10,12,"",-2.21037,0,0,0,0,0,0,0,0,0,0,0,0,0,0,0,0,0,0,0,0,147.882,0,94.4224,-244.515
"MtrElec",2,10,13,"",-18.7426,0,0,0,0,0,0,0,0,0,0,0,0,0,0,0,0,0,0,0,0,140.066,0,94.4224,-253.231
"MtrElec",2,10,14,"",-60.7543,0,0,0,0,0,0,0,0,0,0,0,0,0,0,0,0,0,0,0,0,128.045,0,50.7483,-239.548
"MtrElec",2,10,15,"",-119.516,0,0,0,0,0,0,0,0,0,0,0,0,0,0,0,0,0,0,0,0,81.5259,0,0,-201.042
"MtrElec",2,10,16,"",-56.2937,0,0,0,0,0,0,0,0,0,0,0,0,0,0,0,0,0,0,0,0,79.5285,0,0,-135.822
"MtrElec",2,10,17,"",110.013,0,0,0,0,0,0,0,0,0,0,0,0,0,0,0,0,0,0,0,0,146.066,0,0,-36.053
"MtrElec",2,10,18,"",122.811,0,0,0,0,0,0,0,0,0,0,0,0,0,0,0,0,0,0,0,0,123.382,0,0,-0.571256
"MtrElec",2,10,19,"",53.9456,0,0,0,0,0,0,0,0,0,0,0,0,0,0,0,0,0,0,0,0,148.368,0,-94.4224,0
"MtrElec",2,10,20,"",78.1834,0,0,0,0,0,0,0,0,0,0,0,0,0,0,0,0,0,0,0,0,172.606,0,-94.4224,0
"MtrElec",2,10,21,"",101.002,0,0,0,0,0,0,0,0,0,0,0,0,0,0,0,0,0,0,0,0,195.424,0,-94.4224,0
"MtrElec",2,10,22,"",88.0826,0,0,0,0,0,0,0,0,0,0,0,0,0,0,0,0,0,0,0,0,122.765,0,-34.6821,0
"MtrElec",2,10,23,"",113.243,0,0,0,0,0,0,0,0,0,0,0,0,0,0,0,0,0,0,0,0,113.243,0,0,0
"MtrElec",2,10,24,"",152.182,0,0,0,0,0,0,0,0,0,0,0,0,0,0,0,0,0,0,0,0,152.182,0,0,0
"MtrElec",2,11,1,"",88.6337,0,0,0,0,0,0,0,0,0,0,0,0,0,0,0,0,0,0,0,0,88.6337,0,0,0
"MtrElec",2,11,2,"",81.7197,0,0,0,0,0,0,0,0,0,0,0,0,0,0,0,0,0,0,0,0,81.7197,0,0,0
"MtrElec",2,11,3,"",79.551,0,0,0,0,0,0,0,0,0,0,0,0,0,0,0,0,0,0,0,0,79.551,0,0,0
"MtrElec",2,11,4,"",80.0212,0,0,0,0,0,0,0,0,0,0,0,0,0,0,0,0,0,0,0,0,80.0212,0,0,0
"MtrElec",2,11,5,"",80.2143,0,0,0,0,0,0,0,0,0,0,0,0,0,0,0,0,0,0,0,0,80.2143,0,0,0
"MtrElec",2,11,6,"",84.2297,0,0,0,0,0,0,0,0,0,0,0,0,0,0,0,0,0,0,0,0,84.2297,0,0,0
"MtrElec",2,11,7,"",152.489,0,0,0,0,0,0,0,0,0,0,0,0,0,0,0,0,0,0,0,0,152.489,0,0,0
"MtrElec",2,11,8,"",79.0846,0,0,0,0,0,0,0,0,0,0,0,0,0,0,0,0,0,0,0,0,136.305,0,0,-57.2202
"MtrElec",2,11,9,"",2.95322,0,0,0,0,0,0,0,0,0,0,0,0,0,0,0,0,0,0,0,0,139.903,0,0,-136.95
"MtrElec",2,11,10,"",0,0,0,0,0,0,0,0,0,0,0,0,0,0,0,0,0,0,0,0,0,150.044,0,49.3848,-199.429
"MtrElec",2,11,11,"",-20.4666,0,0,0,0,0,0,0,0,0,0,0,0,0,0,0,0,0,0,0,0,122.682,0,94.4224,-237.571
"MtrElec",2,11,12,"",-23.8923,0,0,0,0,0,0,0,0,0,0,0,0,0,0,0,0,0,0,0,0,138.657,0,94.4224,-256.972
"MtrElec",2,11,13,"",-52.411,0,0,0,0,0,0,0,0,0,0,0,0,0,0,0,0,0,0,0,0,111.209,0,94.4224,-258.043
"MtrElec",2,11,14,"",-111.665,0,0,0,0,0,0,0,0,0,0,0,0,0,0,0,0,0,0,0,0,102.807,0,19.6465,-234.118
"MtrElec",2,11,15,"",-113.592,0,0,0,0,0,0,0,0,0,0,0,0,0,0,0,0,0,0,0,0,81.1844,0,0,-194.776
"MtrElec",2,11,16,"",-32.9881,0,0,0,0,0,0,0,0,0,0,0,0,0,0,0,0,0,0,0,0,110.092,0,0,-143.08
"MtrElec",2,11,17,"",32.2559,0,0,0,0,0,0,0,0,0,0,0,0,0,0,0,0,0,0,0,0,99.5625,0,0,-67.3066
"MtrElec",2,11,18,"",168.654,0,0,0,0,0,0,0,0,0,0,0,0,0,0,0,0,0,0,0,0,173.731,0,0,-5.07757
"MtrElec",2,11,19,"",85.8877,0,0,0,0,0,0,0,0,0,0,0,0,0,0,0,0,0,0,0,0,180.31,0,-94.4224,0
"MtrElec",2,11,20,"",46.472,0,0,0,0,0,0,0,0,0,0,0,0,0,0,0,0,0,0,0,0,140.894,0,-94.4224,0
"MtrElec",2,11,21,"",82.2084,0,0,0,0,0,0,0,0,0,0,0,0,0,0,0,0,0,0,0,0,176.631,0,-94.4224,0
"MtrElec",2,11,22,"",88.4061,0,0,0,0,0,0,0,0,0,0,0,0,0,0,0,0,0,0,0,0,123.088,0,-34.6821,0
"MtrElec",2,11,23,"",142.981,0,0,0,0,0,0,0,0,0,0,0,0,0,0,0,0,0,0,0,0,142.981,0,0,0
"MtrElec",2,11,24,"",108.69,0,0,0,0,0,0,0,0,0,0,0,0,0,0,0,0,0,0,0,0,108.69,0,0,0
"MtrElec",2,12,1,"",85.8034,0,0,0,0,0,0,0,0,0,0,0,0,0,0,0,0,0,0,0,0,85.8034,0,0,0
"MtrElec",2,12,2,"",75.542,0,0,0,0,0,0,0,0,0,0,0,0,0,0,0,0,0,0,0,0,75.542,0,0,0
"MtrElec",2,12,3,"",76.8585,0,0,0,0,0,0,0,0,0,0,0,0,0,0,0,0,0,0,0,0,76.8585,0,0,0
"MtrElec",2,12,4,"",80.7773,0,0,0,0,0,0,0,0,0,0,0,0,0,0,0,0,0,0,0,0,80.7773,0,0,0
"MtrElec",2,12,5,"",81.804,0,0,0,0,0,0,0,0,0,0,0,0,0,0,0,0,0,0,0,0,81.804,0,0,0
"MtrElec",2,12,6,"",93.6957,0,0,0,0,0,0,0,0,0,0,0,0,0,0,0,0,0,0,0,0,93.6957,0,0,0
"MtrElec",2,12,7,"",174.559,0,0,0,0,0,0,0,0,0,0,0,0,0,0,0,0,0,0,0,0,174.559,0,0,0
"MtrElec",2,12,8,"",98.7572,0,0,0,0,0,0,0,0,0,0,0,0,0,0,0,0,0,0,0,0,154.985,0,0,-56.2276
"MtrElec",2,12,9,"",21.6382,0,0,0,0,0,0,0,0,0,0,0,0,0,0,0,0,0,0,0,0,155.767,0,0,-134.129
"MtrElec",2,12,10,"",0.0000020,0,0,0,0,0,0,0,0,0,0,0,0,0,0,0,0,0,0,0,0,167.877,0,26.7811,-194.658
"MtrElec",2,12,11,"",-7.5636,0,0,0,0,0,0,0,0,0,0,0,0,0,0,0,0,0,0,0,0,130.638,0,94.4224,-232.624
"MtrElec",2,12,12,"",0.0000078,0,0,0,0,0,0,0,0,0,0,0,0,0,0,0,0,0,0,0,0,172.09,0,87.7905,-259.88
"MtrElec",2,12,13,"",-25.7711,0,0,0,0,0,0,0,0,0,0,0,0,0,0,0,0,0,0,0,0,145.087,0,94.4224,-265.28
"MtrElec",2,12,14,"",-112.639,0,0,0,0,0,0,0,0,0,0,0,0,0,0,0,0,0,0,0,0,83.6312,0,48.882,-245.152
"MtrElec",2,12,15,"",-83.0396,0,0,0,0,0,0,0,0,0,0,0,0,0,0,0,0,0,0,0,0,120.18,0,0,-203.219
"MtrElec",2,12,16,"",-51.9037,0,0,0,0,0,0,0,0,0,0,0,0,0,0,0,0,0,0,0,0,92.2786,0,0,-144.182
"MtrElec",2,12,17,"",43.8421,0,0,0,0,0,0,0,0,0,0,0,0,0,0,0,0,0,0,0,0,112.367,0,0,-68.5248
"MtrElec",2,12,18,"",133.762,0,0,0,0,0,0,0,0,0,0,0,0,0,0,0,0,0,0,0,0,139.125,0,0,-5.36301
"MtrElec",2,12,19,"",30.627,0,0,0,0,0,0,0,0,0,0,0,0,0,0,0,0,0,0,0,0,125.049,0,-94.4224,0
"MtrElec",2,12,20,"",76.2944,0,0,0,0,0,0,0,0,0,0,0,0,0,0,0,0,0,0,0,0,170.717,0,-94.4224,0
"MtrElec",2,12,21,"",52.8295,0,0,0,0,0,0,0,0,0,0,0,0,0,0,0,0,0,0,0,0,147.252,0,-94.4224,0
"MtrElec",2,12,22,"",93.7966,0,0,0,0,0,0,0,0,0,0,0,0,0,0,0,0,0,0,0,0,128.479,0,-34.6821,0
"MtrElec",2,12,23,"",145.256,0,0,0,0,0,0,0,0,0,0,0,0,0,0,0,0,0,0,0,0,145.256,0,0,0
"MtrElec",2,12,24,"",92.9515,0,0,0,0,0,0,0,0,0,0,0,0,0,0,0,0,0,0,0,0,92.9515,0,0,0
"MtrElec",2,13,1,"",77.9278,0,0,0,0,0,0,0,0,0,0,0,0,0,0,0,0,0,0,0,0,77.9278,0,0,0
"MtrElec",2,13,2,"",76.0471,0,0,0,0,0,0,0,0,0,0,0,0,0,0,0,0,0,0,0,0,76.0471,0,0,0
"MtrElec",2,13,3,"",137.544,0,0,0,0,0,0,0,0,0,0,0,0,0,0,0,0,0,0,0,0,137.544,0,0,0
"MtrElec",2,13,4,"",83.9837,0,0,0,0,0,0,0,0,0,0,0,0,0,0,0,0,0,0,0,0,83.9837,0,0,0
"MtrElec",2,13,5,"",83.9479,0,0,0,0,0,0,0,0,0,0,0,0,0,0,0,0,0,0,0,0,83.9479,0,0,0
"MtrElec",2,13,6,"",79.9314,0,0,0,0,0,0,0,0,0,0,0,0,0,0,0,0,0,0,0,0,79.9314,0,0,0
"MtrElec",2,13,7,"",129.976,0,0,0,0,0,0,0,0,0,0,0,0,0,0,0,0,0,0,0,0,129.976,0,0,0
"MtrElec",2,13,8,"",106.731,0,0,0,0,0,0,0,0,0,0,0,0,0,0,0,0,0,0,0,0,147.384,0,0,-40.6529
"MtrElec",2,13,9,"",36.5682,0,0,0,0,0,0,0,0,0,0,0,0,0,0,0,0,0,0,0,0,160.162,0,0,-123.594
"MtrElec",2,13,10,"",0.689609,0,0,0,0,0,0,0,0,0,0,0,0,0,0,0,0,0,0,0,0,165.916,0,0,-165.226
"MtrElec",2,13,11,"",-22.3672,0,0,0,0,0,0,0,0,0,0,0,0,0,0,0,0,0,0,0,0,115.901,0,94.4224,-232.691
"MtrElec",2,13,12,"",-23.2952,0,0,0,0,0,0,0,0,0,0,0,0,0,0,0,0,0,0,0,0,129.672,0,94.4224,-247.389
"MtrElec",2,13,13,"",0,0,0,0,0,0,0,0,0,0,0,0,0,0,0,0,0,0,0,0,0,130.816,0,86.9445,-217.761
"MtrElec",2,13,14,"",-10.4807,0,0,0,0,0,0,0,0,0,0,0,0,0,0,0,0,0,0,0,0,111.631,0,76.5092,-198.621
"MtrElec",2,13,15,"",-119.131,0,0,0,0,0,0,0,0,0,0,0,0,0,0,0,0,0,0,0,0,82.1722,0,0,-201.303
"MtrElec",2,13,16,"",-19.2289,0,0,0,0,0,0,0,0,0,0,0,0,0,0,0,0,0,0,0,0,118.85,0,0,-138.079
"MtrElec",2,13,17,"",57.7179,0,0,0,0,0,0,0,0,0,0,0,0,0,0,0,0,0,0,0,0,98.8906,0,0,-41.1727
"MtrElec",2,13,18,"",141.834,0,0,0,0,0,0,0,0,0,0,0,0,0,0,0,0,0,0,0,0,142.121,0,0,-0.287297
"MtrElec",2,13,19,"",95.8699,0,0,0,0,0,0,0,0,0,0,0,0,0,0,0,0,0,0,0,0,190.292,0,-94.4224,0
"MtrElec",2,13,20,"",63.1413,0,0,0,0,0,0,0,0,0,0,0,0,0,0,0,0,0,0,0,0,157.564,0,-94.4224,0
"MtrElec",2,13,21,"",106.868,0,0,0,0,0,0,0,0,0,0,0,0,0,0,0,0,0,0,0,0,201.29,0,-94.4224,0
"MtrElec",2,13,22,"",95.8643,0,0,0,0,0,0,0,0,0,0,0,0,0,0,0,0,0,0,0,0,130.546,0,-34.6821,0
"MtrElec",2,13,23,"",143.724,0,0,0,0,0,0,0,0,0,0,0,0,0,0,0,0,0,0,0,0,143.724,0,0,0
"MtrElec",2,13,24,"",144.033,0,0,0,0,0,0,0,0,0,0,0,0,0,0,0,0,0,0,0,0,144.033,0,0,0
"MtrElec",2,14,1,"",85.5748,0,0,0,0,0,0,0,0,0,0,0,0,0,0,0,0,0,0,0,0,85.5748,0,0,0
"MtrElec",2,14,2,"",71.8832,0,0,0,0,0,0,0,0,0,0,0,0,0,0,0,0,0,0,0,0,71.8832,0,0,0
"MtrElec",2,14,3,"",71.4642,0,0,0,0,0,0,0,0,0,0,0,0,0,0,0,0,0,0,0,0,71.4642,0,0,0
"MtrElec",2,14,4,"",71.2646,0,0,0,0,0,0,0,0,0,0,0,0,0,0,0,0,0,0,0,0,71.2646,0,0,0
"MtrElec",2,14,5,"",70.1109,0,0,0,0,0,0,0,0,0,0,0,0,0,0,0,0,0,0,0,0,70.1109,0,0,0
"MtrElec",2,14,6,"",75.0545,0,0,0,0,0,0,0,0,0,0,0,0,0,0,0,0,0,0,0,0,75.0545,0,0,0
"MtrElec",2,14,7,"",91.9159,0,0,0,0,0,0,0,0,0,0,0,0,0,0,0,0,0,0,0,0,91.9159,0,0,0
"MtrElec",2,14,8,"",105.183,0,0,0,0,0,0,0,0,0,0,0,0,0,0,0,0,0,0,0,0,138.065,0,0,-32.8821
"MtrElec",2,14,9,"",0,0,0,0,0,0,0,0,0,0,0,0,0,0,0,0,0,0,0,0,0,107.868,0,21.3845,-129.252
"MtrElec",2,14,10,"",0.0000020,0,0,0,0,0,0,0,0,0,0,0,0,0,0,0,0,0,0,0,0,158.098,0,29.6418,-187.74
"MtrElec",2,14,11,"",0,0,0,0,0,0,0,0,0,0,0,0,0,0,0,0,0,0,0,0,0,181.786,0,15.28,-197.065
"MtrElec",2,14,12,"",61.972,0,0,0,0,0,0,0,0,0,0,0,0,0,0,0,0,0,0,0,0,227.402,0,0,-165.43
"MtrElec",2,14,13,"",96.4488,0,0,0,0,0,0,0,0,0,0,0,0,0,0,0,0,0,0,0,0,199.015,0,0,-102.567
"MtrElec",2,14,14,"",39.8825,0,0,0,0,0,0,0,0,0,0,0,0,0,0,0,0,0,0,0,0,170.63,0,0,-130.747
"MtrElec",2,14,15,"",0,0,0,0,0,0,0,0,0,0,0,0,0,0,0,0,0,0,0,0,0,188.58,0,12.8361,-201.417
"MtrElec",2,14,16,"",22.2039,0,0,0,0,0,0,0,0,0,0,0,0,0,0,0,0,0,0,0,0,160.243,0,0,-138.039
"MtrElec",2,14,17,"",65.3694,0,0,0,0,0,0,0,0,0,0,0,0,0,0,0,0,0,0,0,0,142.427,0,0,-77.0574
"MtrElec",2,14,18,"",155.961,0,0,0,0,0,0,0,0,0,0,0,0,0,0,0,0,0,0,0,0,162.428,0,0,-6.46728
"MtrElec",2,14,19,"",191.071,0,0,0,0,0,0,0,0,0,0,0,0,0,0,0,0,0,0,0,0,262.497,0,-71.426,0
"MtrElec",2,14,20,"",234.76,0,0,0,0,0,0,0,0,0,0,0,0,0,0,0,0,0,0,0,0,234.76,0,0,0
"MtrElec",2,14,21,"",234.547,0,0,0,0,0,0,0,0,0,0,0,0,0,0,0,0,0,0,0,0,234.547,0,0,0
"MtrElec",2,14,22,"",241.201,0,0,0,0,0,0,0,0,0,0,0,0,0,0,0,0,0,0,0,0,241.201,0,0,0
"MtrElec",2,14,23,"",157.763,0,0,0,0,0,0,0,0,0,0,0,0,0,0,0,0,0,0,0,0,157.763,0,0,0
"MtrElec",2,14,24,"",109.686,0,0,0,0,0,0,0,0,0,0,0,0,0,0,0,0,0,0,0,0,109.686,0,0,0
"MtrElec",2,15,1,"",79.2579,0,0,0,0,0,0,0,0,0,0,0,0,0,0,0,0,0,0,0,0,79.2579,0,0,0
"MtrElec",2,15,2,"",76.853,0,0,0,0,0,0,0,0,0,0,0,0,0,0,0,0,0,0,0,0,76.853,0,0,0
"MtrElec",2,15,3,"",80.2058,0,0,0,0,0,0,0,0,0,0,0,0,0,0,0,0,0,0,0,0,80.2058,0,0,0
"MtrElec",2,15,4,"",81.5754,0,0,0,0,0,0,0,0,0,0,0,0,0,0,0,0,0,0,0,0,81.5754,0,0,0
"MtrElec",2,15,5,"",91.5706,0,0,0,0,0,0,0,0,0,0,0,0,0,0,0,0,0,0,0,0,91.5706,0,0,0
"MtrElec",2,15,6,"",81.5495,0,0,0,0,0,0,0,0,0,0,0,0,0,0,0,0,0,0,0,0,81.5495,0,0,0
"MtrElec",2,15,7,"",92.2881,0,0,0,0,0,0,0,0,0,0,0,0,0,0,0,0,0,0,0,0,92.2881,0,0,0
"MtrElec",2,15,8,"",69.5681,0,0,0,0,0,0,0,0,0,0,0,0,0,0,0,0,0,0,0,0,129.489,0,0,-59.9212
"MtrElec",2,15,9,"",5.44073,0,0,0,0,0,0,0,0,0,0,0,0,0,0,0,0,0,0,0,0,149.477,0,0,-144.037
"MtrElec",2,15,10,"",0,0,0,0,0,0,0,0,0,0,0,0,0,0,0,0,0,0,0,0,0,176.733,0,34.9555,-211.689
"MtrElec",2,15,11,"",0.0000078,0,0,0,0,0,0,0,0,0,0,0,0,0,0,0,0,0,0,0,0,185.846,0,69.6066,-255.452
"MtrElec",2,15,12,"",0,0,0,0,0,0,0,0,0,0,0,0,0,0,0,0,0,0,0,0,0,192.221,0,86.6096,-278.83
"MtrElec",2,15,13,"",-43.2931,0,0,0,0,0,0,0,0,0,0,0,0,0,0,0,0,0,0,0,0,140.201,0,94.4224,-277.916
"MtrElec",2,15,14,"",-51.1577,0,0,0,0,0,0,0,0,0,0,0,0,0,0,0,0,0,0,0,0,136.956,0,66.7045,-254.818
"MtrElec",2,15,15,"",-67.9207,0,0,0,0,0,0,0,0,0,0,0,0,0,0,0,0,0,0,0,0,145.968,0,0,-213.888
"MtrElec",2,15,16,"",-32.6865,0,0,0,0,0,0,0,0,0,0,0,0,0,0,0,0,0,0,0,0,118.88,0,0,-151.566
"MtrElec",2,15,17,"",42.1869,0,0,0,0,0,0,0,0,0,0,0,0,0,0,0,0,0,0,0,0,115.024,0,0,-72.8366
"MtrElec",2,15,18,"",98.9475,0,0,0,0,0,0,0,0,0,0,0,0,0,0,0,0,0,0,0,0,104.83,0,0,-5.88298
"MtrElec",2,15,19,"",85.6028,0,0,0,0,0,0,0,0,0,0,0,0,0,0,0,0,0,0,0,0,180.025,0,-94.4224,0
"MtrElec",2,15,20,"",87.837,0,0,0,0,0,0,0,0,0,0,0,0,0,0,0,0,0,0,0,0,182.259,0,-94.4224,0
"MtrElec",2,15,21,"",102.225,0,0,0,0,0,0,0,0,0,0,0,0,0,0,0,0,0,0,0,0,196.648,0,-94.4224,0
"MtrElec",2,15,22,"",95.9701,0,0,0,0,0,0,0,0,0,0,0,0,0,0,0,0,0,0,0,0,130.652,0,-34.6821,0
"MtrElec",2,15,23,"",181.611,0,0,0,0,0,0,0,0,0,0,0,0,0,0,0,0,0,0,0,0,181.611,0,0,0
"MtrElec",2,15,24,"",163.467,0,0,0,0,0,0,0,0,0,0,0,0,0,0,0,0,0,0,0,0,163.467,0,0,0
"MtrElec",2,16,1,"",95.341,0,0,0,0,0,0,0,0,0,0,0,0,0,0,0,0,0,0,0,0,95.341,0,0,0
"MtrElec",2,16,2,"",91.5999,0,0,0,0,0,0,0,0,0,0,0,0,0,0,0,0,0,0,0,0,91.5999,0,0,0
"MtrElec",2,16,3,"",93.8253,0,0,0,0,0,0,0,0,0,0,0,0,0,0,0,0,0,0,0,0,93.8253,0,0,0
"MtrElec",2,16,4,"",96.7526,0,0,0,0,0,0,0,0,0,0,0,0,0,0,0,0,0,0,0,0,96.7526,0,0,0
"MtrElec",2,16,5,"",98.9374,0,0,0,0,0,0,0,0,0,0,0,0,0,0,0,0,0,0,0,0,98.9374,0,0,0
"MtrElec",2,16,6,"",104.349,0,0,0,0,0,0,0,0,0,0,0,0,0,0,0,0,0,0,0,0,104.349,0,0,0
"MtrElec",2,16,7,"",186.849,0,0,0,0,0,0,0,0,0,0,0,0,0,0,0,0,0,0,0,0,191.638,0,0,-4.78987
"MtrElec",2,16,8,"",128.346,0,0,0,0,0,0,0,0,0,0,0,0,0,0,0,0,0,0,0,0,187.728,0,0,-59.3824
"MtrElec",2,16,9,"",27.5357,0,0,0,0,0,0,0,0,0,0,0,0,0,0,0,0,0,0,0,0,166.337,0,0,-138.802
"MtrElec",2,16,10,"",37.5625,0,0,0,0,0,0,0,0,0,0,0,0,0,0,0,0,0,0,0,0,236.308,0,0,-198.746
"MtrElec",2,16,11,"",22.0541,0,0,0,0,0,0,0,0,0,0,0,0,0,0,0,0,0,0,0,0,264.43,0,0,-242.376
"MtrElec",2,16,12,"",0,0,0,0,0,0,0,0,0,0,0,0,0,0,0,0,0,0,0,0,0,221.386,0,45.6737,-267.06
"MtrElec",2,16,13,"",0.0000039,0,0,0,0,0,0,0,0,0,0,0,0,0,0,0,0,0,0,0,0,205.087,0,62.6159,-267.703
"MtrElec",2,16,14,"",0.0000039,0,0,0,0,0,0,0,0,0,0,0,0,0,0,0,0,0,0,0,0,199.074,0,49.5192,-248.594
"MtrElec",2,16,15,"",0,0,0,0,0,0,0,0,0,0,0,0,0,0,0,0,0,0,0,0,0,135.845,0,69.726,-205.571
"MtrElec",2,16,16,"",10.9445,0,0,0,0,0,0,0,0,0,0,0,0,0,0,0,0,0,0,0,0,159.931,0,0,-148.986
"MtrElec",2,16,17,"",25.4673,0,0,0,0,0,0,0,0,0,0,0,0,0,0,0,0,0,0,0,0,97.9335,0,0,-72.4662
"MtrElec",2,16,18,"",139.238,0,0,0,0,0,0,0,0,0,0,0,0,0,0,0,0,0,0,0,0,145.496,0,0,-6.25811
"MtrElec",2,16,19,"",83.4292,0,0,0,0,0,0,0,0,0,0,0,0,0,0,0,0,0,0,0,0,177.852,0,-94.4224,0
"MtrElec",2,16,20,"",19.6372,0,0,0,0,0,0,0,0,0,0,0,0,0,0,0,0,0,0,0,0,114.06,0,-94.4224,0
"MtrElec",2,16,21,"",117.356,0,0,0,0,0,0,0,0,0,0,0,0,0,0,0,0,0,0,0,0,133.861,0,-16.5052,0
"MtrElec",2,16,22,"",155.879,0,0,0,0,0,0,0,0,0,0,0,0,0,0,0,0,0,0,0,0,155.879,0,0,0
"MtrElec",2,16,23,"",188.988,0,0,0,0,0,0,0,0,0,0,0,0,0,0,0,0,0,0,0,0,188.988,0,0,0
"MtrElec",2,16,24,"",150.735,0,0,0,0,0,0,0,0,0,0,0,0,0,0,0,0,0,0,0,0,150.735,0,0,0
"MtrElec",2,17,1,"",89.021,0,0,0,0,0,0,0,0,0,0,0,0,0,0,0,0,0,0,0,0,89.021,0,0,0
"MtrElec",2,17,2,"",89.7621,0,0,0,0,0,0,0,0,0,0,0,0,0,0,0,0,0,0,0,0,89.7621,0,0,0
"MtrElec",2,17,3,"",90.635,0,0,0,0,0,0,0,0,0,0,0,0,0,0,0,0,0,0,0,0,90.635,0,0,0
"MtrElec",2,17,4,"",93.2364,0,0,0,0,0,0,0,0,0,0,0,0,0,0,0,0,0,0,0,0,93.2364,0,0,0
"MtrElec",2,17,5,"",95.7075,0,0,0,0,0,0,0,0,0,0,0,0,0,0,0,0,0,0,0,0,95.7075,0,0,0
"MtrElec",2,17,6,"",103.506,0,0,0,0,0,0,0,0,0,0,0,0,0,0,0,0,0,0,0,0,103.506,0,0,0
"MtrElec",2,17,7,"",168.016,0,0,0,0,0,0,0,0,0,0,0,0,0,0,0,0,0,0,0,0,170.489,0,0,-2.47326
"MtrElec",2,17,8,"",126.762,0,0,0,0,0,0,0,0,0,0,0,0,0,0,0,0,0,0,0,0,197.024,0,0,-70.262
"MtrElec",2,17,9,"",87.2782,0,0,0,0,0,0,0,0,0,0,0,0,0,0,0,0,0,0,0,0,162.025,0,0,-74.747
"MtrElec",2,17,10,"",0,0,0,0,0,0,0,0,0,0,0,0,0,0,0,0,0,0,0,0,0,159.147,0,20.5335,-179.68
"MtrElec",2,17,11,"",0,0,0,0,0,0,0,0,0,0,0,0,0,0,0,0,0,0,0,0,0,157.378,0,85.2015,-242.579
"MtrElec",2,17,12,"",-40.2648,0,0,0,0,0,0,0,0,0,0,0,0,0,0,0,0,0,0,0,0,132.561,0,94.4224,-267.249
"MtrElec",2,17,13,"",-64.4725,0,0,0,0,0,0,0,0,0,0,0,0,0,0,0,0,0,0,0,0,110.313,0,94.4224,-269.208
"MtrElec",2,17,14,"",-77.1954,0,0,0,0,0,0,0,0,0,0,0,0,0,0,0,0,0,0,0,0,114.707,0,57.7187,-249.621
"MtrElec",2,17,15,"",-128.241,0,0,0,0,0,0,0,0,0,0,0,0,0,0,0,0,0,0,0,0,80.4504,0,0,-208.691
"MtrElec",2,17,16,"",-59.0953,0,0,0,0,0,0,0,0,0,0,0,0,0,0,0,0,0,0,0,0,91.8995,0,0,-150.995
"MtrElec",2,17,17,"",68.9319,0,0,0,0,0,0,0,0,0,0,0,0,0,0,0,0,0,0,0,0,141.767,0,0,-72.8354
"MtrElec",2,17,18,"",103.576,0,0,0,0,0,0,0,0,0,0,0,0,0,0,0,0,0,0,0,0,109.756,0,0,-6.17974
"MtrElec",2,17,19,"",48.6865,0,0,0,0,0,0,0,0,0,0,0,0,0,0,0,0,0,0,0,0,143.109,0,-94.4224,0
"MtrElec",2,17,20,"",85.5502,0,0,0,0,0,0,0,0,0,0,0,0,0,0,0,0,0,0,0,0,179.973,0,-94.4224,0
"MtrElec",2,17,21,"",112.339,0,0,0,0,0,0,0,0,0,0,0,0,0,0,0,0,0,0,0,0,206.761,0,-94.4224,0
"MtrElec",2,17,22,"",133.251,0,0,0,0,0,0,0,0,0,0,0,0,0,0,0,0,0,0,0,0,167.934,0,-34.6821,0
"MtrElec",2,17,23,"",139.96,0,0,0,0,0,0,0,0,0,0,0,0,0,0,0,0,0,0,0,0,139.96,0,0,0
"MtrElec",2,17,24,"",92.7184,0,0,0,0,0,0,0,0,0,0,0,0,0,0,0,0,0,0,0,0,92.7184,0,0,0
"MtrElec",2,18,1,"",110.294,0,0,0,0,0,0,0,0,0,0,0,0,0,0,0,0,0,0,0,0,110.294,0,0,0
"MtrElec",2,18,2,"",141.573,0,0,0,0,0,0,0,0,0,0,0,0,0,0,0,0,0,0,0,0,141.573,0,0,0
"MtrElec",2,18,3,"",83.4118,0,0,0,0,0,0,0,0,0,0,0,0,0,0,0,0,0,0,0,0,83.4118,0,0,0
"MtrElec",2,18,4,"",85.8883,0,0,0,0,0,0,0,0,0,0,0,0,0,0,0,0,0,0,0,0,85.8883,0,0,0
"MtrElec",2,18,5,"",88.992,0,0,0,0,0,0,0,0,0,0,0,0,0,0,0,0,0,0,0,0,88.992,0,0,0
"MtrElec",2,18,6,"",93.3647,0,0,0,0,0,0,0,0,0,0,0,0,0,0,0,0,0,0,0,0,93.3647,0,0,0
"MtrElec",2,18,7,"",124.815,0,0,0,0,0,0,0,0,0,0,0,0,0,0,0,0,0,0,0,0,126.103,0,0,-1.28813
"MtrElec",2,18,8,"",116.924,0,0,0,0,0,0,0,0,0,0,0,0,0,0,0,0,0,0,0,0,152.603,0,0,-35.6789
"MtrElec",2,18,9,"",84.0341,0,0,0,0,0,0,0,0,0,0,0,0,0,0,0,0,0,0,0,0,165.481,0,0,-81.4465
"MtrElec",2,18,10,"",23.9997,0,0,0,0,0,0,0,0,0,0,0,0,0,0,0,0,0,0,0,0,161.384,0,0,-137.384
"MtrElec",2,18,11,"",7.23944,0,0,0,0,0,0,0,0,0,0,0,0,0,0,0,0,0,0,0,0,177.168,0,0,-169.929
"MtrElec",2,18,12,"",0,0,0,0,0,0,0,0,0,0,0,0,0,0,0,0,0,0,0,0,0,155.936,0,87.1507,-243.087
"MtrElec",2,18,13,"",-62.7383,0,0,0,0,0,0,0,0,0,0,0,0,0,0,0,0,0,0,0,0,108.1,0,94.4224,-265.26
"MtrElec",2,18,14,"",-53.914,0,0,0,0,0,0,0,0,0,0,0,0,0,0,0,0,0,0,0,0,95.5266,0,94.4224,-243.863
"MtrElec",2,18,15,"",-5.73595,0,0,0,0,0,0,0,0,0,0,0,0,0,0,0,0,0,0,0,0,89.5697,0,76.303,-171.609
"MtrElec",2,18,16,"",-32.9767,0,0,0,0,0,0,0,0,0,0,0,0,0,0,0,0,0,0,0,0,84.0342,0,0,-117.011
"MtrElec",2,18,17,"",92.2782,0,0,0,0,0,0,0,0,0,0,0,0,0,0,0,0,0,0,0,0,132.817,0,0,-40.5383
"MtrElec",2,18,18,"",145.35,0,0,0,0,0,0,0,0,0,0,0,0,0,0,0,0,0,0,0,0,146.908,0,0,-1.55844
"MtrElec",2,18,19,"",35.964,0,0,0,0,0,0,0,0,0,0,0,0,0,0,0,0,0,0,0,0,130.386,0,-94.4224,0
"MtrElec",2,18,20,"",89.9884,0,0,0,0,0,0,0,0,0,0,0,0,0,0,0,0,0,0,0,0,184.411,0,-94.4224,0
"MtrElec",2,18,21,"",83.7025,0,0,0,0,0,0,0,0,0,0,0,0,0,0,0,0,0,0,0,0,178.125,0,-94.4224,0
"MtrElec",2,18,22,"",84.7657,0,0,0,0,0,0,0,0,0,0,0,0,0,0,0,0,0,0,0,0,119.448,0,-34.6821,0
"MtrElec",2,18,23,"",153.258,0,0,0,0,0,0,0,0,0,0,0,0,0,0,0,0,0,0,0,0,153.258,0,0,0
"MtrElec",2,18,24,"",96.9539,0,0,0,0,0,0,0,0,0,0,0,0,0,0,0,0,0,0,0,0,96.9539,0,0,0
"MtrElec",2,19,1,"",80.939,0,0,0,0,0,0,0,0,0,0,0,0,0,0,0,0,0,0,0,0,80.939,0,0,0
"MtrElec",2,19,2,"",74.3676,0,0,0,0,0,0,0,0,0,0,0,0,0,0,0,0,0,0,0,0,74.3676,0,0,0
"MtrElec",2,19,3,"",74.3014,0,0,0,0,0,0,0,0,0,0,0,0,0,0,0,0,0,0,0,0,74.3014,0,0,0
"MtrElec",2,19,4,"",74.6757,0,0,0,0,0,0,0,0,0,0,0,0,0,0,0,0,0,0,0,0,74.6757,0,0,0
"MtrElec",2,19,5,"",74.5211,0,0,0,0,0,0,0,0,0,0,0,0,0,0,0,0,0,0,0,0,74.5211,0,0,0
"MtrElec",2,19,6,"",113.944,0,0,0,0,0,0,0,0,0,0,0,0,0,0,0,0,0,0,0,0,113.944,0,0,0
"MtrElec",2,19,7,"",83.912,0,0,0,0,0,0,0,0,0,0,0,0,0,0,0,0,0,0,0,0,83.912,0,0,0
"MtrElec",2,19,8,"",138.136,0,0,0,0,0,0,0,0,0,0,0,0,0,0,0,0,0,0,0,0,138.136,0,0,0
"MtrElec",2,19,9,"",144.879,0,0,0,0,0,0,0,0,0,0,0,0,0,0,0,0,0,0,0,0,153.041,0,0,-8.16222
"MtrElec",2,19,10,"",142.637,0,0,0,0,0,0,0,0,0,0,0,0,0,0,0,0,0,0,0,0,159.225,0,0,-16.588
"MtrElec",2,19,11,"",163.539,0,0,0,0,0,0,0,0,0,0,0,0,0,0,0,0,0,0,0,0,191.576,0,0,-28.037
"MtrElec",2,19,12,"",120.859,0,0,0,0,0,0,0,0,0,0,0,0,0,0,0,0,0,0,0,0,157.817,0,0,-36.958
"MtrElec",2,19,13,"",110.207,0,0,0,0,0,0,0,0,0,0,0,0,0,0,0,0,0,0,0,0,164.473,0,0,-54.2662
"MtrElec",2,19,14,"",69.717,0,0,0,0,0,0,0,0,0,0,0,0,0,0,0,0,0,0,0,0,112.155,0,0,-42.4383
"MtrElec",2,19,15,"",78.5708,0,0,0,0,0,0,0,0,0,0,0,0,0,0,0,0,0,0,0,0,123.054,0,0,-44.4829
"MtrElec",2,19,16,"",43.2203,0,0,0,0,0,0,0,0,0,0,0,0,0,0,0,0,0,0,0,0,104.748,0,0,-61.5276
"MtrElec",2,19,17,"",146.383,0,0,0,0,0,0,0,0,0,0,0,0,0,0,0,0,0,0,0,0,159.917,0,0,-13.5338
"MtrElec",2,19,18,"",189.472,0,0,0,0,0,0,0,0,0,0,0,0,0,0,0,0,0,0,0,0,189.472,0,0,0
"MtrElec",2,19,19,"",156.155,0,0,0,0,0,0,0,0,0,0,0,0,0,0,0,0,0,0,0,0,156.155,0,0,0
"MtrElec",2,19,20,"",192.514,0,0,0,0,0,0,0,0,0,0,0,0,0,0,0,0,0,0,0,0,192.514,0,0,0
"MtrElec",2,19,21,"",179.23,0,0,0,0,0,0,0,0,0,0,0,0,0,0,0,0,0,0,0,0,179.23,0,0,0
"MtrElec",2,19,22,"",130.82,0,0,0,0,0,0,0,0,0,0,0,0,0,0,0,0,0,0,0,0,130.82,0,0,0
"MtrElec",2,19,23,"",160.766,0,0,0,0,0,0,0,0,0,0,0,0,0,0,0,0,0,0,0,0,160.766,0,0,0
"MtrElec",2,19,24,"",102.887,0,0,0,0,0,0,0,0,0,0,0,0,0,0,0,0,0,0,0,0,102.887,0,0,0
"MtrElec",2,20,1,"",78.9409,0,0,0,0,0,0,0,0,0,0,0,0,0,0,0,0,0,0,0,0,78.9409,0,0,0
"MtrElec",2,20,2,"",73.8329,0,0,0,0,0,0,0,0,0,0,0,0,0,0,0,0,0,0,0,0,73.8329,0,0,0
"MtrElec",2,20,3,"",72.5912,0,0,0,0,0,0,0,0,0,0,0,0,0,0,0,0,0,0,0,0,72.5912,0,0,0
"MtrElec",2,20,4,"",72.8383,0,0,0,0,0,0,0,0,0,0,0,0,0,0,0,0,0,0,0,0,72.8383,0,0,0
"MtrElec",2,20,5,"",72.3592,0,0,0,0,0,0,0,0,0,0,0,0,0,0,0,0,0,0,0,0,72.3592,0,0,0
"MtrElec",2,20,6,"",90.4005,0,0,0,0,0,0,0,0,0,0,0,0,0,0,0,0,0,0,0,0,90.4005,0,0,0
"MtrElec",2,20,7,"",131.991,0,0,0,0,0,0,0,0,0,0,0,0,0,0,0,0,0,0,0,0,131.991,0,0,0
"MtrElec",2,20,8,"",143.401,0,0,0,0,0,0,0,0,0,0,0,0,0,0,0,0,0,0,0,0,146.858,0,0,-3.45658
"MtrElec",2,20,9,"",142.697,0,0,0,0,0,0,0,0,0,0,0,0,0,0,0,0,0,0,0,0,165.636,0,0,-22.9391
"MtrElec",2,20,10,"",144.654,0,0,0,0,0,0,0,0,0,0,0,0,0,0,0,0,0,0,0,0,172.472,0,0,-27.8187
"MtrElec",2,20,11,"",126.747,0,0,0,0,0,0,0,0,0,0,0,0,0,0,0,0,0,0,0,0,194.074,0,0,-67.3277
"MtrElec",2,20,12,"",11.273,0,0,0,0,0,0,0,0,0,0,0,0,0,0,0,0,0,0,0,0,156.49,0,0,-145.217
"MtrElec",2,20,13,"",12.6204,0,0,0,0,0,0,0,0,0,0,0,0,0,0,0,0,0,0,0,0,107.277,0,0,-94.6566
"MtrElec",2,20,14,"",27.8242,0,0,0,0,0,0,0,0,0,0,0,0,0,0,0,0,0,0,0,0,120.042,0,0,-92.218
"MtrElec",2,20,15,"",0,0,0,0,0,0,0,0,0,0,0,0,0,0,0,0,0,0,0,0,0,99.1404,0,0.296406,-99.4368
"MtrElec",2,20,16,"",40.2848,0,0,0,0,0,0,0,0,0,0,0,0,0,0,0,0,0,0,0,0,150.545,0,0,-110.26
"MtrElec",2,20,17,"",110.765,0,0,0,0,0,0,0,0,0,0,0,0,0,0,0,0,0,0,0,0,146.042,0,0,-35.2768
"MtrElec",2,20,18,"",153.837,0,0,0,0,0,0,0,0,0,0,0,0,0,0,0,0,0,0,0,0,153.837,0,0,0
"MtrElec",2,20,19,"",179.529,0,0,0,0,0,0,0,0,0,0,0,0,0,0,0,0,0,0,0,0,179.796,0,-0.267507,0
"MtrElec",2,20,20,"",141.27,0,0,0,0,0,0,0,0,0,0,0,0,0,0,0,0,0,0,0,0,141.27,0,0,0
"MtrElec",2,20,21,"",171.785,0,0,0,0,0,0,0,0,0,0,0,0,0,0,0,0,0,0,0,0,171.785,0,0,0
"MtrElec",2,20,22,"",167.478,0,0,0,0,0,0,0,0,0,0,0,0,0,0,0,0,0,0,0,0,167.478,0,0,0
"MtrElec",2,20,23,"",146.556,0,0,0,0,0,0,0,0,0,0,0,0,0,0,0,0,0,0,0,0,146.556,0,0,0
"MtrElec",2,20,24,"",106.722,0,0,0,0,0,0,0,0,0,0,0,0,0,0,0,0,0,0,0,0,106.722,0,0,0
"MtrElec",2,21,1,"",148.183,0,0,0,0,0,0,0,0,0,0,0,0,0,0,0,0,0,0,0,0,148.183,0,0,0
"MtrElec",2,21,2,"",85.8256,0,0,0,0,0,0,0,0,0,0,0,0,0,0,0,0,0,0,0,0,85.8256,0,0,0
"MtrElec",2,21,3,"",88.906,0,0,0,0,0,0,0,0,0,0,0,0,0,0,0,0,0,0,0,0,88.906,0,0,0
"MtrElec",2,21,4,"",89.1565,0,0,0,0,0,0,0,0,0,0,0,0,0,0,0,0,0,0,0,0,89.1565,0,0,0
"MtrElec",2,21,5,"",87.5309,0,0,0,0,0,0,0,0,0,0,0,0,0,0,0,0,0,0,0,0,87.5309,0,0,0
"MtrElec",2,21,6,"",88.686,0,0,0,0,0,0,0,0,0,0,0,0,0,0,0,0,0,0,0,0,88.686,0,0,0
"MtrElec",2,21,7,"",98.9808,0,0,0,0,0,0,0,0,0,0,0,0,0,0,0,0,0,0,0,0,99.8088,0,0,-0.828053
"MtrElec",2,21,8,"",113.85,0,0,0,0,0,0,0,0,0,0,0,0,0,0,0,0,0,0,0,0,146.292,0,0,-32.442
"MtrElec",2,21,9,"",73.2516,0,0,0,0,0,0,0,0,0,0,0,0,0,0,0,0,0,0,0,0,146.221,0,0,-72.9698
"MtrElec",2,21,10,"",22.8129,0,0,0,0,0,0,0,0,0,0,0,0,0,0,0,0,0,0,0,0,144.009,0,0,-121.196
"MtrElec",2,21,11,"",0.0000002,0,0,0,0,0,0,0,0,0,0,0,0,0,0,0,0,0,0,0,0,180.375,0,3.32794,-183.703
"MtrElec",2,21,12,"",63.172,0,0,0,0,0,0,0,0,0,0,0,0,0,0,0,0,0,0,0,0,200.857,0,0,-137.685
"MtrElec",2,21,13,"",45.6388,0,0,0,0,0,0,0,0,0,0,0,0,0,0,0,0,0,0,0,0,167.615,0,0,-121.976
"MtrElec",2,21,14,"",9.13827,0,0,0,0,0,0,0,0,0,0,0,0,0,0,0,0,0,0,0,0,150.553,0,0,-141.415
"MtrElec",2,21,15,"",93.6758,0,0,0,0,0,0,0,0,0,0,0,0,0,0,0,0,0,0,0,0,144.492,0,0,-50.8157
"MtrElec",2,21,16,"",103.553,0,0,0,0,0,0,0,0,0,0,0,0,0,0,0,0,0,0,0,0,145.392,0,0,-41.8396
"MtrElec",2,21,17,"",146.751,0,0,0,0,0,0,0,0,0,0,0,0,0,0,0,0,0,0,0,0,167.797,0,0,-21.0462
"MtrElec",2,21,18,"",147.171,0,0,0,0,0,0,0,0,0,0,0,0,0,0,0,0,0,0,0,0,147.171,0,0,0
"MtrElec",2,21,19,"",235.964,0,0,0,0,0,0,0,0,0,0,0,0,0,0,0,0,0,0,0,0,238.968,0,-3.00346,0
"MtrElec",2,21,20,"",201.328,0,0,0,0,0,0,0,0,0,0,0,0,0,0,0,0,0,0,0,0,201.328,0,0,0
"MtrElec",2,21,21,"",151.154,0,0,0,0,0,0,0,0,0,0,0,0,0,0,0,0,0,0,0,0,151.154,0,0,0
"MtrElec",2,21,22,"",124.167,0,0,0,0,0,0,0,0,0,0,0,0,0,0,0,0,0,0,0,0,124.167,0,0,0
"MtrElec",2,21,23,"",148.36,0,0,0,0,0,0,0,0,0,0,0,0,0,0,0,0,0,0,0,0,148.36,0,0,0
"MtrElec",2,21,24,"",110.341,0,0,0,0,0,0,0,0,0,0,0,0,0,0,0,0,0,0,0,0,110.341,0,0,0
"MtrElec",2,22,1,"",87.9537,0,0,0,0,0,0,0,0,0,0,0,0,0,0,0,0,0,0,0,0,87.9537,0,0,0
"MtrElec",2,22,2,"",74.5136,0,0,0,0,0,0,0,0,0,0,0,0,0,0,0,0,0,0,0,0,74.5136,0,0,0
"MtrElec",2,22,3,"",74.66,0,0,0,0,0,0,0,0,0,0,0,0,0,0,0,0,0,0,0,0,74.66,0,0,0
"MtrElec",2,22,4,"",77.5334,0,0,0,0,0,0,0,0,0,0,0,0,0,0,0,0,0,0,0,0,77.5334,0,0,0
"MtrElec",2,22,5,"",87.5098,0,0,0,0,0,0,0,0,0,0,0,0,0,0,0,0,0,0,0,0,87.5098,0,0,0
"MtrElec",2,22,6,"",83.0382,0,0,0,0,0,0,0,0,0,0,0,0,0,0,0,0,0,0,0,0,83.0382,0,0,0
"MtrElec",2,22,7,"",86.8137,0,0,0,0,0,0,0,0,0,0,0,0,0,0,0,0,0,0,0,0,86.8137,0,0,0
"MtrElec",2,22,8,"",136.785,0,0,0,0,0,0,0,0,0,0,0,0,0,0,0,0,0,0,0,0,137.812,0,0,-1.0268
"MtrElec",2,22,9,"",26.8549,0,0,0,0,0,0,0,0,0,0,0,0,0,0,0,0,0,0,0,0,107.407,0,0,-80.5517
"MtrElec",2,22,10,"",19.5647,0,0,0,0,0,0,0,0,0,0,0,0,0,0,0,0,0,0,0,0,128.197,0,0,-108.632
"MtrElec",2,22,11,"",49.918,0,0,0,0,0,0,0,0,0,0,0,0,0,0,0,0,0,0,0,0,150.018,0,0,-100.1
"MtrElec",2,22,12,"",78.0334,0,0,0,0,0,0,0,0,0,0,0,0,0,0,0,0,0,0,0,0,174.459,0,0,-96.4256
"MtrElec",2,22,13,"",35.2489,0,0,0,0,0,0,0,0,0,0,0,0,0,0,0,0,0,0,0,0,150.362,0,0,-115.113
"MtrElec",2,22,14,"",0.0000002,0,0,0,0,0,0,0,0,0,0,0,0,0,0,0,0,0,0,0,0,142.316,0,3.36908,-145.685
"MtrElec",2,22,15,"",47.9245,0,0,0,0,0,0,0,0,0,0,0,0,0,0,0,0,0,0,0,0,133.853,0,0,-85.9286
"MtrElec",2,22,16,"",119.335,0,0,0,0,0,0,0,0,0,0,0,0,0,0,0,0,0,0,0,0,127.903,0,0,-8.56794
"MtrElec",2,22,17,"",120.523,0,0,0,0,0,0,0,0,0,0,0,0,0,0,0,0,0,0,0,0,131.148,0,0,-10.6256
"MtrElec",2,22,18,"",139.404,0,0,0,0,0,0,0,0,0,0,0,0,0,0,0,0,0,0,0,0,141.426,0,0,-2.02274
"MtrElec",2,22,19,"",213.941,0,0,0,0,0,0,0,0,0,0,0,0,0,0,0,0,0,0,0,0,216.982,0,-3.04059,0
"MtrElec",2,22,20,"",187.246,0,0,0,0,0,0,0,0,0,0,0,0,0,0,0,0,0,0,0,0,187.246,0,0,0
"MtrElec",2,22,21,"",150.098,0,0,0,0,0,0,0,0,0,0,0,0,0,0,0,0,0,0,0,0,150.098,0,0,0
"MtrElec",2,22,22,"",133.129,0,0,0,0,0,0,0,0,0,0,0,0,0,0,0,0,0,0,0,0,133.129,0,0,0
"MtrElec",2,22,23,"",142.396,0,0,0,0,0,0,0,0,0,0,0,0,0,0,0,0,0,0,0,0,142.396,0,0,0
"MtrElec",2,22,24,"",120.048,0,0,0,0,0,0,0,0,0,0,0,0,0,0,0,0,0,0,0,0,120.048,0,0,0
"MtrElec",2,23,1,"",96.1125,0,0,0,0,0,0,0,0,0,0,0,0,0,0,0,0,0,0,0,0,96.1125,0,0,0
"MtrElec",2,23,2,"",92.3086,0,0,0,0,0,0,0,0,0,0,0,0,0,0,0,0,0,0,0,0,92.3086,0,0,0
"MtrElec",2,23,3,"",93.7806,0,0,0,0,0,0,0,0,0,0,0,0,0,0,0,0,0,0,0,0,93.7806,0,0,0
"MtrElec",2,23,4,"",95.8613,0,0,0,0,0,0,0,0,0,0,0,0,0,0,0,0,0,0,0,0,95.8613,0,0,0
"MtrElec",2,23,5,"",97.3183,0,0,0,0,0,0,0,0,0,0,0,0,0,0,0,0,0,0,0,0,97.3183,0,0,0
"MtrElec",2,23,6,"",101.139,0,0,0,0,0,0,0,0,0,0,0,0,0,0,0,0,0,0,0,0,101.139,0,0,0
"MtrElec",2,23,7,"",143.342,0,0,0,0,0,0,0,0,0,0,0,0,0,0,0,0,0,0,0,0,147.492,0,0,-4.15023
"MtrElec",2,23,8,"",130.817,0,0,0,0,0,0,0,0,0,0,0,0,0,0,0,0,0,0,0,0,191.416,0,0,-60.5991
"MtrElec",2,23,9,"",79.6427,0,0,0,0,0,0,0,0,0,0,0,0,0,0,0,0,0,0,0,0,176.702,0,0,-97.0591
"MtrElec",2,23,10,"",6.57981,0,0,0,0,0,0,0,0,0,0,0,0,0,0,0,0,0,0,0,0,192.251,0,0,-185.671
"MtrElec",2,23,11,"",0,0,0,0,0,0,0,0,0,0,0,0,0,0,0,0,0,0,0,0,0,169.899,0,18.575,-188.474
"MtrElec",2,23,12,"",-19.3738,0,0,0,0,0,0,0,0,0,0,0,0,0,0,0,0,0,0,0,0,122.912,0,94.4224,-236.708
"MtrElec",2,23,13,"",-28.0751,0,0,0,0,0,0,0,0,0,0,0,0,0,0,0,0,0,0,0,0,133.915,0,94.4224,-256.413
"MtrElec",2,23,14,"",0,0,0,0,0,0,0,0,0,0,0,0,0,0,0,0,0,0,0,0,0,76.6998,0,24.1016,-100.801
"MtrElec",2,23,15,"",102.457,0,0,0,0,0,0,0,0,0,0,0,0,0,0,0,0,0,0,0,0,132.332,0,0,-29.8748
"MtrElec",2,23,16,"",92.1241,0,0,0,0,0,0,0,0,0,0,0,0,0,0,0,0,0,0,0,0,116.011,0,0,-23.8873
"MtrElec",2,23,17,"",99.5569,0,0,0,0,0,0,0,0,0,0,0,0,0,0,0,0,0,0,0,0,106.381,0,0,-6.82404
"MtrElec",2,23,18,"",174.059,0,0,0,0,0,0,0,0,0,0,0,0,0,0,0,0,0,0,0,0,174.059,0,0,0
"MtrElec",2,23,19,"",63.4928,0,0,0,0,0,0,0,0,0,0,0,0,0,0,0,0,0,0,0,0,157.915,0,-94.4224,0
"MtrElec",2,23,20,"",83.8216,0,0,0,0,0,0,0,0,0,0,0,0,0,0,0,0,0,0,0,0,178.244,0,-94.4224,0
"MtrElec",2,23,21,"",189.284,0,0,0,0,0,0,0,0,0,0,0,0,0,0,0,0,0,0,0,0,209.387,0,-20.1032,0
"MtrElec",2,23,22,"",149.077,0,0,0,0,0,0,0,0,0,0,0,0,0,0,0,0,0,0,0,0,149.077,0,0,0
"MtrElec",2,23,23,"",123.744,0,0,0,0,0,0,0,0,0,0,0,0,0,0,0,0,0,0,0,0,123.744,0,0,0
"MtrElec",2,23,24,"",117.627,0,0,0,0,0,0,0,0,0,0,0,0,0,0,0,0,0,0,0,0,117.627,0,0,0
"MtrElec",2,24,1,"",77.7388,0,0,0,0,0,0,0,0,0,0,0,0,0,0,0,0,0,0,0,0,77.7388,0,0,0
"MtrElec",2,24,2,"",78.5768,0,0,0,0,0,0,0,0,0,0,0,0,0,0,0,0,0,0,0,0,78.5768,0,0,0
"MtrElec",2,24,3,"",74.9746,0,0,0,0,0,0,0,0,0,0,0,0,0,0,0,0,0,0,0,0,74.9746,0,0,0
"MtrElec",2,24,4,"",71.4301,0,0,0,0,0,0,0,0,0,0,0,0,0,0,0,0,0,0,0,0,71.4301,0,0,0
"MtrElec",2,24,5,"",73.9656,0,0,0,0,0,0,0,0,0,0,0,0,0,0,0,0,0,0,0,0,73.9656,0,0,0
"MtrElec",2,24,6,"",84.2375,0,0,0,0,0,0,0,0,0,0,0,0,0,0,0,0,0,0,0,0,84.2375,0,0,0
"MtrElec",2,24,7,"",132.53,0,0,0,0,0,0,0,0,0,0,0,0,0,0,0,0,0,0,0,0,132.53,0,0,0
"MtrElec",2,24,8,"",135.462,0,0,0,0,0,0,0,0,0,0,0,0,0,0,0,0,0,0,0,0,144.81,0,0,-9.34789
"MtrElec",2,24,9,"",131.733,0,0,0,0,0,0,0,0,0,0,0,0,0,0,0,0,0,0,0,0,148.432,0,0,-16.6993
"MtrElec",2,24,10,"",129.125,0,0,0,0,0,0,0,0,0,0,0,0,0,0,0,0,0,0,0,0,172.278,0,0,-43.1531
"MtrElec",2,24,11,"",86.2203,0,0,0,0,0,0,0,0,0,0,0,0,0,0,0,0,0,0,0,0,170.709,0,0,-84.4884
"MtrElec",2,24,12,"",25.0198,0,0,0,0,0,0,0,0,0,0,0,0,0,0,0,0,0,0,0,0,132.387,0,0,-107.367
"MtrElec",2,24,13,"",0,0,0,0,0,0,0,0,0,0,0,0,0,0,0,0,0,0,0,0,0,112.007,0,4.39625,-116.403
"MtrElec",2,24,14,"",0,0,0,0,0,0,0,0,0,0,0,0,0,0,0,0,0,0,0,0,0,107.46,0,7.2317,-114.692
"MtrElec",2,24,15,"",49.4721,0,0,0,0,0,0,0,0,0,0,0,0,0,0,0,0,0,0,0,0,114.944,0,0,-65.4719
"MtrElec",2,24,16,"",0,0,0,0,0,0,0,0,0,0,0,0,0,0,0,0,0,0,0,0,0,82.5622,0,52.2418,-134.804
"MtrElec",2,24,17,"",74.5833,0,0,0,0,0,0,0,0,0,0,0,0,0,0,0,0,0,0,0,0,114.165,0,0,-39.5814
"MtrElec",2,24,18,"",156.955,0,0,0,0,0,0,0,0,0,0,0,0,0,0,0,0,0,0,0,0,162.061,0,0,-5.1062
"MtrElec",2,24,19,"",104.992,0,0,0,0,0,0,0,0,0,0,0,0,0,0,0,0,0,0,0,0,162.634,0,-57.6425,0
"MtrElec",2,24,20,"",167.452,0,0,0,0,0,0,0,0,0,0,0,0,0,0,0,0,0,0,0,0,167.452,0,0,0
"MtrElec",2,24,21,"",212.339,0,0,0,0,0,0,0,0,0,0,0,0,0,0,0,0,0,0,0,0,212.339,0,0,0
"MtrElec",2,24,22,"",175.899,0,0,0,0,0,0,0,0,0,0,0,0,0,0,0,0,0,0,0,0,175.899,0,0,0
"MtrElec",2,24,23,"",179.639,0,0,0,0,0,0,0,0,0,0,0,0,0,0,0,0,0,0,0,0,179.639,0,0,0
"MtrElec",2,24,24,"",104.474,0,0,0,0,0,0,0,0,0,0,0,0,0,0,0,0,0,0,0,0,104.474,0,0,0
"MtrElec",2,25,1,"",99.7471,0,0,0,0,0,0,0,0,0,0,0,0,0,0,0,0,0,0,0,0,99.7471,0,0,0
"MtrElec",2,25,2,"",85.0435,0,0,0,0,0,0,0,0,0,0,0,0,0,0,0,0,0,0,0,0,85.0435,0,0,0
"MtrElec",2,25,3,"",89.1831,0,0,0,0,0,0,0,0,0,0,0,0,0,0,0,0,0,0,0,0,89.1831,0,0,0
"MtrElec",2,25,4,"",92.7778,0,0,0,0,0,0,0,0,0,0,0,0,0,0,0,0,0,0,0,0,92.7778,0,0,0
"MtrElec",2,25,5,"",93.6199,0,0,0,0,0,0,0,0,0,0,0,0,0,0,0,0,0,0,0,0,93.6199,0,0,0
"MtrElec",2,25,6,"",104.204,0,0,0,0,0,0,0,0,0,0,0,0,0,0,0,0,0,0,0,0,104.204,0,0,0
"MtrElec",2,25,7,"",134.779,0,0,0,0,0,0,0,0,0,0,0,0,0,0,0,0,0,0,0,0,141.779,0,0,-7.00011
"MtrElec",2,25,8,"",76.5942,0,0,0,0,0,0,0,0,0,0,0,0,0,0,0,0,0,0,0,0,144.247,0,0,-67.6527
"MtrElec",2,25,9,"",10.0944,0,0,0,0,0,0,0,0,0,0,0,0,0,0,0,0,0,0,0,0,155.727,0,0,-145.633
"MtrElec",2,25,10,"",0,0,0,0,0,0,0,0,0,0,0,0,0,0,0,0,0,0,0,0,0,156.563,0,52.7738,-209.337
"MtrElec",2,25,11,"",-28.6774,0,0,0,0,0,0,0,0,0,0,0,0,0,0,0,0,0,0,0,0,130.806,0,94.4224,-253.906
"MtrElec",2,25,12,"",-42.9811,0,0,0,0,0,0,0,0,0,0,0,0,0,0,0,0,0,0,0,0,138.347,0,94.4224,-275.75
"MtrElec",2,25,13,"",-71.258,0,0,0,0,0,0,0,0,0,0,0,0,0,0,0,0,0,0,0,0,110.393,0,94.4224,-276.073
"MtrElec",2,25,14,"",-159.818,0,0,0,0,0,0,0,0,0,0,0,0,0,0,0,0,0,0,0,0,78.2462,0,16.2574,-254.322
"MtrElec",2,25,15,"",-97.9129,0,0,0,0,0,0,0,0,0,0,0,0,0,0,0,0,0,0,0,0,116.141,0,0,-214.054
"MtrElec",2,25,16,"",-60.53,0,0,0,0,0,0,0,0,0,0,0,0,0,0,0,0,0,0,0,0,96.2653,0,0,-156.795
"MtrElec",2,25,17,"",34.6958,0,0,0,0,0,0,0,0,0,0,0,0,0,0,0,0,0,0,0,0,115.544,0,0,-80.8481
"MtrElec",2,25,18,"",126.576,0,0,0,0,0,0,0,0,0,0,0,0,0,0,0,0,0,0,0,0,138.516,0,0,-11.9405
"MtrElec",2,25,19,"",67.7706,0,0,0,0,0,0,0,0,0,0,0,0,0,0,0,0,0,0,0,0,162.193,0,-94.4224,0
"MtrElec",2,25,20,"",54.0272,0,0,0,0,0,0,0,0,0,0,0,0,0,0,0,0,0,0,0,0,148.45,0,-94.4224,0
"MtrElec",2,25,21,"",108.123,0,0,0,0,0,0,0,0,0,0,0,0,0,0,0,0,0,0,0,0,202.545,0,-94.4224,0
"MtrElec",2,25,22,"",77.7565,0,0,0,0,0,0,0,0,0,0,0,0,0,0,0,0,0,0,0,0,112.439,0,-34.6821,0
"MtrElec",2,25,23,"",178.334,0,0,0,0,0,0,0,0,0,0,0,0,0,0,0,0,0,0,0,0,178.334,0,0,0
"MtrElec",2,25,24,"",114.236,0,0,0,0,0,0,0,0,0,0,0,0,0,0,0,0,0,0,0,0,114.236,0,0,0
"MtrElec",2,26,1,"",84.8173,0,0,0,0,0,0,0,0,0,0,0,0,0,0,0,0,0,0,0,0,84.8173,0,0,0
"MtrElec",2,26,2,"",81.9804,0,0,0,0,0,0,0,0,0,0,0,0,0,0,0,0,0,0,0,0,81.9804,0,0,0
"MtrElec",2,26,3,"",83.2183,0,0,0,0,0,0,0,0,0,0,0,0,0,0,0,0,0,0,0,0,83.2183,0,0,0
"MtrElec",2,26,4,"",83.6616,0,0,0,0,0,0,0,0,0,0,0,0,0,0,0,0,0,0,0,0,83.6616,0,0,0
"MtrElec",2,26,5,"",77.3843,0,0,0,0,0,0,0,0,0,0,0,0,0,0,0,0,0,0,0,0,77.3843,0,0,0
"MtrElec",2,26,6,"",115.169,0,0,0,0,0,0,0,0,0,0,0,0,0,0,0,0,0,0,0,0,115.169,0,0,0
"MtrElec",2,26,7,"",129.372,0,0,0,0,0,0,0,0,0,0,0,0,0,0,0,0,0,0,0,0,132.105,0,0,-2.733
"MtrElec",2,26,8,"",89.0563,0,0,0,0,0,0,0,0,0,0,0,0,0,0,0,0,0,0,0,0,134.834,0,0,-45.7782
"MtrElec",2,26,9,"",18.3997,0,0,0,0,0,0,0,0,0,0,0,0,0,0,0,0,0,0,0,0,159.773,0,0,-141.373
"MtrElec",2,26,10,"",0,0,0,0,0,0,0,0,0,0,0,0,0,0,0,0,0,0,0,0,0,175.555,0,35.8535,-211.409
"MtrElec",2,26,11,"",0,0,0,0,0,0,0,0,0,0,0,0,0,0,0,0,0,0,0,0,0,186.806,0,68.0168,-254.823
"MtrElec",2,26,12,"",-80.6703,0,0,0,0,0,0,0,0,0,0,0,0,0,0,0,0,0,0,0,0,102.607,0,94.4224,-277.7
"MtrElec",2,26,13,"",-26.4585,0,0,0,0,0,0,0,0,0,0,0,0,0,0,0,0,0,0,0,0,156.64,0,94.4224,-277.521
"MtrElec",2,26,14,"",-118.1,0,0,0,0,0,0,0,0,0,0,0,0,0,0,0,0,0,0,0,0,79.9038,0,59.5833,-257.587
"MtrElec",2,26,15,"",-138.521,0,0,0,0,0,0,0,0,0,0,0,0,0,0,0,0,0,0,0,0,78.5475,0,0,-217.069
"MtrElec",2,26,16,"",-44.9733,0,0,0,0,0,0,0,0,0,0,0,0,0,0,0,0,0,0,0,0,111.747,0,0,-156.72
"MtrElec",2,26,17,"",22.9961,0,0,0,0,0,0,0,0,0,0,0,0,0,0,0,0,0,0,0,0,102.8,0,0,-79.8042
"MtrElec",2,26,18,"",98.4277,0,0,0,0,0,0,0,0,0,0,0,0,0,0,0,0,0,0,0,0,109.397,0,0,-10.9693
"MtrElec",2,26,19,"",88.3393,0,0,0,0,0,0,0,0,0,0,0,0,0,0,0,0,0,0,0,0,182.762,0,-94.4224,0
"MtrElec",2,26,20,"",87.4562,0,0,0,0,0,0,0,0,0,0,0,0,0,0,0,0,0,0,0,0,181.879,0,-94.4224,0
"MtrElec",2,26,21,"",91.631,0,0,0,0,0,0,0,0,0,0,0,0,0,0,0,0,0,0,0,0,186.053,0,-94.4224,0
"MtrElec",2,26,22,"",91.6708,0,0,0,0,0,0,0,0,0,0,0,0,0,0,0,0,0,0,0,0,126.353,0,-34.6821,0
"MtrElec",2,26,23,"",168.589,0,0,0,0,0,0,0,0,0,0,0,0,0,0,0,0,0,0,0,0,168.589,0,0,0
"MtrElec",2,26,24,"",101.33,0,0,0,0,0,0,0,0,0,0,0,0,0,0,0,0,0,0,0,0,101.33,0,0,0
"MtrElec",2,27,1,"",76.0979,0,0,0,0,0,0,0,0,0,0,0,0,0,0,0,0,0,0,0,0,76.0979,0,0,0
"MtrElec",2,27,2,"",74.2878,0,0,0,0,0,0,0,0,0,0,0,0,0,0,0,0,0,0,0,0,74.2878,0,0,0
"MtrElec",2,27,3,"",76.0559,0,0,0,0,0,0,0,0,0,0,0,0,0,0,0,0,0,0,0,0,76.0559,0,0,0
"MtrElec",2,27,4,"",77.6644,0,0,0,0,0,0,0,0,0,0,0,0,0,0,0,0,0,0,0,0,77.6644,0,0,0
"MtrElec",2,27,5,"",76.5742,0,0,0,0,0,0,0,0,0,0,0,0,0,0,0,0,0,0,0,0,76.5742,0,0,0
"MtrElec",2,27,6,"",90.3507,0,0,0,0,0,0,0,0,0,0,0,0,0,0,0,0,0,0,0,0,90.3507,0,0,0
"MtrElec",2,27,7,"",133.775,0,0,0,0,0,0,0,0,0,0,0,0,0,0,0,0,0,0,0,0,140.906,0,0,-7.13066
"MtrElec",2,27,8,"",64.6151,0,0,0,0,0,0,0,0,0,0,0,0,0,0,0,0,0,0,0,0,133.504,0,0,-68.8893
"MtrElec",2,27,9,"",0,0,0,0,0,0,0,0,0,0,0,0,0,0,0,0,0,0,0,0,0,142.203,0,4.89895,-147.102
"MtrElec",2,27,10,"",0,0,0,0,0,0,0,0,0,0,0,0,0,0,0,0,0,0,0,0,0,163.609,0,44.3584,-207.968
"MtrElec",2,27,11,"",-3.12149,0,0,0,0,0,0,0,0,0,0,0,0,0,0,0,0,0,0,0,0,151.173,0,94.4224,-248.717
"MtrElec",2,27,12,"",-65.8398,0,0,0,0,0,0,0,0,0,0,0,0,0,0,0,0,0,0,0,0,106.615,0,94.4224,-266.878
"MtrElec",2,27,13,"",-8.36185,0,0,0,0,0,0,0,0,0,0,0,0,0,0,0,0,0,0,0,0,166.218,0,94.4224,-269.002
"MtrElec",2,27,14,"",-134.286,0,0,0,0,0,0,0,0,0,0,0,0,0,0,0,0,0,0,0,0,96.0323,0,19.7739,-250.092
"MtrElec",2,27,15,"",-134.344,0,0,0,0,0,0,0,0,0,0,0,0,0,0,0,0,0,0,0,0,75.9133,0,0,-210.258
"MtrElec",2,27,16,"",-75.9624,0,0,0,0,0,0,0,0,0,0,0,0,0,0,0,0,0,0,0,0,78.4905,0,0,-154.453
"MtrElec",2,27,17,"",41.283,0,0,0,0,0,0,0,0,0,0,0,0,0,0,0,0,0,0,0,0,121.105,0,0,-79.8221
"MtrElec",2,27,18,"",130.278,0,0,0,0,0,0,0,0,0,0,0,0,0,0,0,0,0,0,0,0,141.956,0,0,-11.678
"MtrElec",2,27,19,"",40.5127,0,0,0,0,0,0,0,0,0,0,0,0,0,0,0,0,0,0,0,0,134.935,0,-94.4224,0
"MtrElec",2,27,20,"",93.5554,0,0,0,0,0,0,0,0,0,0,0,0,0,0,0,0,0,0,0,0,187.978,0,-94.4224,0
"MtrElec",2,27,21,"",68.278,0,0,0,0,0,0,0,0,0,0,0,0,0,0,0,0,0,0,0,0,162.7,0,-94.4224,0
"MtrElec",2,27,22,"",73.3637,0,0,0,0,0,0,0,0,0,0,0,0,0,0,0,0,0,0,0,0,108.046,0,-34.6821,0
"MtrElec",2,27,23,"",174.646,0,0,0,0,0,0,0,0,0,0,0,0,0,0,0,0,0,0,0,0,174.646,0,0,0
"MtrElec",2,27,24,"",179.592,0,0,0,0,0,0,0,0,0,0,0,0,0,0,0,0,0,0,0,0,179.592,0,0,0
"MtrElec",2,28,1,"",87.1061,0,0,0,0,0,0,0,0,0,0,0,0,0,0,0,0,0,0,0,0,87.1061,0,0,0
"MtrElec",2,28,2,"",77.5948,0,0,0,0,0,0,0,0,0,0,0,0,0,0,0,0,0,0,0,0,77.5948,0,0,0
"MtrElec",2,28,3,"",78.9501,0,0,0,0,0,0,0,0,0,0,0,0,0,0,0,0,0,0,0,0,78.9501,0,0,0
"MtrElec",2,28,4,"",79.9116,0,0,0,0,0,0,0,0,0,0,0,0,0,0,0,0,0,0,0,0,79.9116,0,0,0
"MtrElec",2,28,5,"",84.7009,0,0,0,0,0,0,0,0,0,0,0,0,0,0,0,0,0,0,0,0,84.7009,0,0,0
"MtrElec",2,28,6,"",80.1068,0,0,0,0,0,0,0,0,0,0,0,0,0,0,0,0,0,0,0,0,80.1068,0,0,0
"MtrElec",2,28,7,"",79.5477,0,0,0,0,0,0,0,0,0,0,0,0,0,0,0,0,0,0,0,0,88.7481,0,0,-9.20037
"MtrElec",2,28,8,"",62.9406,0,0,0,0,0,0,0,0,0,0,0,0,0,0,0,0,0,0,0,0,132.438,0,0,-69.4978
"MtrElec",2,28,9,"",0,0,0,0,0,0,0,0,0,0,0,0,0,0,0,0,0,0,0,0,0,101.553,0,45.7581,-147.311
"MtrElec",2,28,10,"",0,0,0,0,0,0,0,0,0,0,0,0,0,0,0,0,0,0,0,0,0,133.946,0,74.5491,-208.495
"MtrElec",2,28,11,"",0,0,0,0,0,0,0,0,0,0,0,0,0,0,0,0,0,0,0,0,0,158.692,0,88.817,-247.51
"MtrElec",2,28,12,"",0,0,0,0,0,0,0,0,0,0,0,0,0,0,0,0,0,0,0,0,0,202.543,0,65.9924,-268.535
"MtrElec",2,28,13,"",-35.3843,0,0,0,0,0,0,0,0,0,0,0,0,0,0,0,0,0,0,0,0,157.87,0,77.1818,-270.436
"MtrElec",2,28,14,"",-141.765,0,0,0,0,0,0,0,0,0,0,0,0,0,0,0,0,0,0,0,0,109.757,0,0,-251.522
"MtrElec",2,28,15,"",-75.2069,0,0,0,0,0,0,0,0,0,0,0,0,0,0,0,0,0,0,0,0,136.686,0,0,-211.893
"MtrElec",2,28,16,"",-39.6966,0,0,0,0,0,0,0,0,0,0,0,0,0,0,0,0,0,0,0,0,113.905,0,0,-153.602
"MtrElec",2,28,17,"",53.276,0,0,0,0,0,0,0,0,0,0,0,0,0,0,0,0,0,0,0,0,132.204,0,0,-78.9284
"MtrElec",2,28,18,"",113.552,0,0,0,0,0,0,0,0,0,0,0,0,0,0,0,0,0,0,0,0,124.918,0,0,-11.366
"MtrElec",2,28,19,"",112.554,0,0,0,0,0,0,0,0,0,0,0,0,0,0,0,0,0,0,0,0,206.976,0,-94.4224,0
"MtrElec",2,28,20,"",96.6038,0,0,0,0,0,0,0,0,0,0,0,0,0,0,0,0,0,0,0,0,191.026,0,-94.4224,0
"MtrElec",2,28,21,"",25.1229,0,0,0,0,0,0,0,0,0,0,0,0,0,0,0,0,0,0,0,0,119.545,0,-94.4224,0
"MtrElec",2,28,22,"",134.493,0,0,0,0,0,0,0,0,0,0,0,0,0,0,0,0,0,0,0,0,169.175,0,-34.6821,0
"MtrElec",2,28,23,"",149.166,0,0,0,0,0,0,0,0,0,0,0,0,0,0,0,0,0,0,0,0,149.166,0,0,0
"MtrElec",2,28,24,"",123.366,0,0,0,0,0,0,0,0,0,0,0,0,0,0,0,0,0,0,0,0,123.366,0,0,0
"MtrElec",3,1,1,"",87.0625,0,0,0,0,0,0,0,0,0,0,0,0,0,0,0,0,0,0,0,0,87.0625,0,0,0
"MtrElec",3,1,2,"",67.3563,0,0,0,0,0,0,0,0,0,0,0,0,0,0,0,0,0,0,0,0,67.3563,0,0,0
"MtrElec",3,1,3,"",67.1069,0,0,0,0,0,0,0,0,0,0,0,0,0,0,0,0,0,0,0,0,67.1069,0,0,0
"MtrElec",3,1,4,"",66.8479,0,0,0,0,0,0,0,0,0,0,0,0,0,0,0,0,0,0,0,0,66.8479,0,0,0
"MtrElec",3,1,5,"",64.9545,0,0,0,0,0,0,0,0,0,0,0,0,0,0,0,0,0,0,0,0,64.9545,0,0,0
"MtrElec",3,1,6,"",67.7436,0,0,0,0,0,0,0,0,0,0,0,0,0,0,0,0,0,0,0,0,67.7436,0,0,0
"MtrElec",3,1,7,"",110.399,0,0,0,0,0,0,0,0,0,0,0,0,0,0,0,0,0,0,0,0,111.348,0,0,-0.94914
"MtrElec",3,1,8,"",43.729,0,0,0,0,0,0,0,0,0,0,0,0,0,0,0,0,0,0,0,0,81.7119,0,0,-37.9828
"MtrElec",3,1,9,"",83.5902,0,0,0,0,0,0,0,0,0,0,0,0,0,0,0,0,0,0,0,0,129.473,0,0,-45.8828
"MtrElec",3,1,10,"",76.6508,0,0,0,0,0,0,0,0,0,0,0,0,0,0,0,0,0,0,0,0,144.153,0,0,-67.5022
"MtrElec",3,1,11,"",58.1619,0,0,0,0,0,0,0,0,0,0,0,0,0,0,0,0,0,0,0,0,159.02,0,0,-100.858
"MtrElec",3,1,12,"",50.4847,0,0,0,0,0,0,0,0,0,0,0,0,0,0,0,0,0,0,0,0,177.379,0,0,-126.895
"MtrElec",3,1,13,"",112.21,0,0,0,0,0,0,0,0,0,0,0,0,0,0,0,0,0,0,0,0,181.794,0,0,-69.5845
"MtrElec",3,1,14,"",20.6262,0,0,0,0,0,0,0,0,0,0,0,0,0,0,0,0,0,0,0,0,152.741,0,0,-132.115
"MtrElec",3,1,15,"",30.8729,0,0,0,0,0,0,0,0,0,0,0,0,0,0,0,0,0,0,0,0,162.225,0,0,-131.352
"MtrElec",3,1,16,"",21.8453,0,0,0,0,0,0,0,0,0,0,0,0,0,0,0,0,0,0,0,0,102.992,0,0,-81.1471
"MtrElec",3,1,17,"",101.719,0,0,0,0,0,0,0,0,0,0,0,0,0,0,0,0,0,0,0,0,134.401,0,0,-32.6826
"MtrElec",3,1,18,"",174.619,0,0,0,0,0,0,0,0,0,0,0,0,0,0,0,0,0,0,0,0,174.619,0,0,0
"MtrElec",3,1,19,"",217.873,0,0,0,0,0,0,0,0,0,0,0,0,0,0,0,0,0,0,0,0,217.873,0,0,0
"MtrElec",3,1,20,"",201.301,0,0,0,0,0,0,0,0,0,0,0,0,0,0,0,0,0,0,0,0,201.301,0,0,0
"MtrElec",3,1,21,"",192.116,0,0,0,0,0,0,0,0,0,0,0,0,0,0,0,0,0,0,0,0,192.116,0,0,0
"MtrElec",3,1,22,"",198.582,0,0,0,0,0,0,0,0,0,0,0,0,0,0,0,0,0,0,0,0,198.582,0,0,0
"MtrElec",3,1,23,"",92.3738,0,0,0,0,0,0,0,0,0,0,0,0,0,0,0,0,0,0,0,0,92.3738,0,0,0
"MtrElec",3,1,24,"",86.3217,0,0,0,0,0,0,0,0,0,0,0,0,0,0,0,0,0,0,0,0,86.3217,0,0,0
"MtrElec",3,2,1,"",70.5641,0,0,0,0,0,0,0,0,0,0,0,0,0,0,0,0,0,0,0,0,70.5641,0,0,0
"MtrElec",3,2,2,"",67.3427,0,0,0,0,0,0,0,0,0,0,0,0,0,0,0,0,0,0,0,0,67.3427,0,0,0
"MtrElec",3,2,3,"",65.6769,0,0,0,0,0,0,0,0,0,0,0,0,0,0,0,0,0,0,0,0,65.6769,0,0,0
"MtrElec",3,2,4,"",65.9249,0,0,0,0,0,0,0,0,0,0,0,0,0,0,0,0,0,0,0,0,65.9249,0,0,0
"MtrElec",3,2,5,"",98.284,0,0,0,0,0,0,0,0,0,0,0,0,0,0,0,0,0,0,0,0,98.284,0,0,0
"MtrElec",3,2,6,"",70.9858,0,0,0,0,0,0,0,0,0,0,0,0,0,0,0,0,0,0,0,0,70.9858,0,0,0
"MtrElec",3,2,7,"",106.269,0,0,0,0,0,0,0,0,0,0,0,0,0,0,0,0,0,0,0,0,109.393,0,0,-3.12349
"MtrElec",3,2,8,"",108.344,0,0,0,0,0,0,0,0,0,0,0,0,0,0,0,0,0,0,0,0,144.883,0,0,-36.539
"MtrElec",3,2,9,"",80.2032,0,0,0,0,0,0,0,0,0,0,0,0,0,0,0,0,0,0,0,0,157.596,0,0,-77.393
"MtrElec",3,2,10,"",8.21963,0,0,0,0,0,0,0,0,0,0,0,0,0,0,0,0,0,0,0,0,137.519,0,0,-129.3
"MtrElec",3,2,11,"",16.2833,0,0,0,0,0,0,0,0,0,0,0,0,0,0,0,0,0,0,0,0,137.903,0,0,-121.619
"MtrElec",3,2,12,"",20.7616,0,0,0,0,0,0,0,0,0,0,0,0,0,0,0,0,0,0,0,0,119.1,0,0,-98.3388
"MtrElec",3,2,13,"",0,0,0,0,0,0,0,0,0,0,0,0,0,0,0,0,0,0,0,0,0,87.4477,0,61.7167,-149.164
"MtrElec",3,2,14,"",0,0,0,0,0,0,0,0,0,0,0,0,0,0,0,0,0,0,0,0,0,72.09,0,18.8376,-90.9276
"MtrElec",3,2,15,"",37.4834,0,0,0,0,0,0,0,0,0,0,0,0,0,0,0,0,0,0,0,0,76.7636,0,0,-39.2802
"MtrElec",3,2,16,"",75.5543,0,0,0,0,0,0,0,0,0,0,0,0,0,0,0,0,0,0,0,0,106.045,0,0,-30.4902
"MtrElec",3,2,17,"",77.188,0,0,0,0,0,0,0,0,0,0,0,0,0,0,0,0,0,0,0,0,92.4106,0,0,-15.2226
"MtrElec",3,2,18,"",121.04,0,0,0,0,0,0,0,0,0,0,0,0,0,0,0,0,0,0,0,0,124.421,0,0,-3.38094
"MtrElec",3,2,19,"",102.902,0,0,0,0,0,0,0,0,0,0,0,0,0,0,0,0,0,0,0,0,175.602,0,-72.7002,0
"MtrElec",3,2,20,"",135.038,0,0,0,0,0,0,0,0,0,0,0,0,0,0,0,0,0,0,0,0,135.038,0,0,0
"MtrElec",3,2,21,"",195.321,0,0,0,0,0,0,0,0,0,0,0,0,0,0,0,0,0,0,0,0,195.321,0,0,0
"MtrElec",3,2,22,"",123.335,0,0,0,0,0,0,0,0,0,0,0,0,0,0,0,0,0,0,0,0,123.335,0,0,0
"MtrElec",3,2,23,"",112.774,0,0,0,0,0,0,0,0,0,0,0,0,0,0,0,0,0,0,0,0,112.774,0,0,0
"MtrElec",3,2,24,"",143.659,0,0,0,0,0,0,0,0,0,0,0,0,0,0,0,0,0,0,0,0,143.659,0,0,0
"MtrElec",3,3,1,"",81.17,0,0,0,0,0,0,0,0,0,0,0,0,0,0,0,0,0,0,0,0,81.17,0,0,0
"MtrElec",3,3,2,"",67.5167,0,0,0,0,0,0,0,0,0,0,0,0,0,0,0,0,0,0,0,0,67.5167,0,0,0
"MtrElec",3,3,3,"",65.9621,0,0,0,0,0,0,0,0,0,0,0,0,0,0,0,0,0,0,0,0,65.9621,0,0,0
"MtrElec",3,3,4,"",65.8758,0,0,0,0,0,0,0,0,0,0,0,0,0,0,0,0,0,0,0,0,65.8758,0,0,0
"MtrElec",3,3,5,"",65.2183,0,0,0,0,0,0,0,0,0,0,0,0,0,0,0,0,0,0,0,0,65.2183,0,0,0
"MtrElec",3,3,6,"",69.3862,0,0,0,0,0,0,0,0,0,0,0,0,0,0,0,0,0,0,0,0,69.3862,0,0,0
"MtrElec",3,3,7,"",111.464,0,0,0,0,0,0,0,0,0,0,0,0,0,0,0,0,0,0,0,0,114.17,0,0,-2.70573
"MtrElec",3,3,8,"",98.4772,0,0,0,0,0,0,0,0,0,0,0,0,0,0,0,0,0,0,0,0,135.034,0,0,-36.5572
"MtrElec",3,3,9,"",31.1042,0,0,0,0,0,0,0,0,0,0,0,0,0,0,0,0,0,0,0,0,146.619,0,0,-115.515
"MtrElec",3,3,10,"",0,0,0,0,0,0,0,0,0,0,0,0,0,0,0,0,0,0,0,0,0,122.593,0,48.8766,-171.47
"MtrElec",3,3,11,"",0,0,0,0,0,0,0,0,0,0,0,0,0,0,0,0,0,0,0,0,0,153.066,0,89.1265,-242.192
"MtrElec",3,3,12,"",-44.1545,0,0,0,0,0,0,0,0,0,0,0,0,0,0,0,0,0,0,0,0,126.21,0,94.4224,-264.787
"MtrElec",3,3,13,"",-40.9121,0,0,0,0,0,0,0,0,0,0,0,0,0,0,0,0,0,0,0,0,118.633,0,94.4224,-253.967
"MtrElec",3,3,14,"",-107.034,0,0,0,0,0,0,0,0,0,0,0,0,0,0,0,0,0,0,0,0,72.3623,0,25.4505,-204.847
"MtrElec",3,3,15,"",-66.7422,0,0,0,0,0,0,0,0,0,0,0,0,0,0,0,0,0,0,0,0,97.8817,0,0,-164.624
"MtrElec",3,3,16,"",-37.8389,0,0,0,0,0,0,0,0,0,0,0,0,0,0,0,0,0,0,0,0,83.3255,0,0,-121.164
"MtrElec",3,3,17,"",73.4575,0,0,0,0,0,0,0,0,0,0,0,0,0,0,0,0,0,0,0,0,121.372,0,0,-47.9147
"MtrElec",3,3,18,"",120.004,0,0,0,0,0,0,0,0,0,0,0,0,0,0,0,0,0,0,0,0,122.383,0,0,-2.3783
"MtrElec",3,3,19,"",76.7182,0,0,0,0,0,0,0,0,0,0,0,0,0,0,0,0,0,0,0,0,171.141,0,-94.4224,0
"MtrElec",3,3,20,"",47.4714,0,0,0,0,0,0,0,0,0,0,0,0,0,0,0,0,0,0,0,0,141.894,0,-94.4224,0
"MtrElec",3,3,21,"",73.3515,0,0,0,0,0,0,0,0,0,0,0,0,0,0,0,0,0,0,0,0,167.774,0,-94.4224,0
"MtrElec",3,3,22,"",122.14,0,0,0,0,0,0,0,0,0,0,0,0,0,0,0,0,0,0,0,0,156.822,0,-34.6821,0
"MtrElec",3,3,23,"",112.736,0,0,0,0,0,0,0,0,0,0,0,0,0,0,0,0,0,0,0,0,112.736,0,0,0
"MtrElec",3,3,24,"",88.4283,0,0,0,0,0,0,0,0,0,0,0,0,0,0,0,0,0,0,0,0,88.4283,0,0,0
"MtrElec",3,4,1,"",82.0002,0,0,0,0,0,0,0,0,0,0,0,0,0,0,0,0,0,0,0,0,82.0002,0,0,0
"MtrElec",3,4,2,"",68.0524,0,0,0,0,0,0,0,0,0,0,0,0,0,0,0,0,0,0,0,0,68.0524,0,0,0
"MtrElec",3,4,3,"",65.6929,0,0,0,0,0,0,0,0,0,0,0,0,0,0,0,0,0,0,0,0,65.6929,0,0,0
"MtrElec",3,4,4,"",65.4053,0,0,0,0,0,0,0,0,0,0,0,0,0,0,0,0,0,0,0,0,65.4053,0,0,0
"MtrElec",3,4,5,"",96.44,0,0,0,0,0,0,0,0,0,0,0,0,0,0,0,0,0,0,0,0,96.44,0,0,0
"MtrElec",3,4,6,"",71.5621,0,0,0,0,0,0,0,0,0,0,0,0,0,0,0,0,0,0,0,0,71.5621,0,0,0
"MtrElec",3,4,7,"",109.586,0,0,0,0,0,0,0,0,0,0,0,0,0,0,0,0,0,0,0,0,118.81,0,0,-9.22419
"MtrElec",3,4,8,"",58.6638,0,0,0,0,0,0,0,0,0,0,0,0,0,0,0,0,0,0,0,0,132.591,0,0,-73.9276
"MtrElec",3,4,9,"",73.8064,0,0,0,0,0,0,0,0,0,0,0,0,0,0,0,0,0,0,0,0,155.098,0,0,-81.292
"MtrElec",3,4,10,"",102.747,0,0,0,0,0,0,0,0,0,0,0,0,0,0,0,0,0,0,0,0,153.529,0,0,-50.7819
"MtrElec",3,4,11,"",16.4245,0,0,0,0,0,0,0,0,0,0,0,0,0,0,0,0,0,0,0,0,111.437,0,0,-95.0125
"MtrElec",3,4,12,"",0.0000039,0,0,0,0,0,0,0,0,0,0,0,0,0,0,0,0,0,0,0,0,122.941,0,51.7524,-174.693
"MtrElec",3,4,13,"",0,0,0,0,0,0,0,0,0,0,0,0,0,0,0,0,0,0,0,0,0,147.123,0,22.9662,-170.089
"MtrElec",3,4,14,"",-29.8353,0,0,0,0,0,0,0,0,0,0,0,0,0,0,0,0,0,0,0,0,79.0327,0,94.4224,-203.29
"MtrElec",3,4,15,"",-22.8026,0,0,0,0,0,0,0,0,0,0,0,0,0,0,0,0,0,0,0,0,93.3381,0,94.4224,-210.563
"MtrElec",3,4,16,"",0,0,0,0,0,0,0,0,0,0,0,0,0,0,0,0,0,0,0,0,0,108.619,0,44.6421,-153.261
"MtrElec",3,4,17,"",27.3891,0,0,0,0,0,0,0,0,0,0,0,0,0,0,0,0,0,0,0,0,107.325,0,0,-79.936
"MtrElec",3,4,18,"",92.6747,0,0,0,0,0,0,0,0,0,0,0,0,0,0,0,0,0,0,0,0,105.398,0,0,-12.7233
"MtrElec",3,4,19,"",65.363,0,0,0,0,0,0,0,0,0,0,0,0,0,0,0,0,0,0,0,0,159.785,0,-94.4224,0
"MtrElec",3,4,20,"",50.8624,0,0,0,0,0,0,0,0,0,0,0,0,0,0,0,0,0,0,0,0,145.285,0,-94.4224,0
"MtrElec",3,4,21,"",107.275,0,0,0,0,0,0,0,0,0,0,0,0,0,0,0,0,0,0,0,0,196.586,0,-89.3106,0
"MtrElec",3,4,22,"",117.503,0,0,0,0,0,0,0,0,0,0,0,0,0,0,0,0,0,0,0,0,117.503,0,0,0
"MtrElec",3,4,23,"",105.383,0,0,0,0,0,0,0,0,0,0,0,0,0,0,0,0,0,0,0,0,105.383,0,0,0
"MtrElec",3,4,24,"",128.673,0,0,0,0,0,0,0,0,0,0,0,0,0,0,0,0,0,0,0,0,128.673,0,0,0
"MtrElec",3,5,1,"",69.2214,0,0,0,0,0,0,0,0,0,0,0,0,0,0,0,0,0,0,0,0,69.2214,0,0,0
"MtrElec",3,5,2,"",67.7463,0,0,0,0,0,0,0,0,0,0,0,0,0,0,0,0,0,0,0,0,67.7463,0,0,0
"MtrElec",3,5,3,"",65.9645,0,0,0,0,0,0,0,0,0,0,0,0,0,0,0,0,0,0,0,0,65.9645,0,0,0
"MtrElec",3,5,4,"",65.6912,0,0,0,0,0,0,0,0,0,0,0,0,0,0,0,0,0,0,0,0,65.6912,0,0,0
"MtrElec",3,5,5,"",65.522,0,0,0,0,0,0,0,0,0,0,0,0,0,0,0,0,0,0,0,0,65.522,0,0,0
"MtrElec",3,5,6,"",72.4848,0,0,0,0,0,0,0,0,0,0,0,0,0,0,0,0,0,0,0,0,72.4848,0,0,0
"MtrElec",3,5,7,"",102.35,0,0,0,0,0,0,0,0,0,0,0,0,0,0,0,0,0,0,0,0,116.418,0,0,-14.0674
"MtrElec",3,5,8,"",62.2142,0,0,0,0,0,0,0,0,0,0,0,0,0,0,0,0,0,0,0,0,136.176,0,0,-73.9619
"MtrElec",3,5,9,"",23.4006,0,0,0,0,0,0,0,0,0,0,0,0,0,0,0,0,0,0,0,0,172.233,0,0,-148.832
"MtrElec",3,5,10,"",0,0,0,0,0,0,0,0,0,0,0,0,0,0,0,0,0,0,0,0,0,178.505,0,26.186,-204.691
"MtrElec",3,5,11,"",-11.9364,0,0,0,0,0,0,0,0,0,0,0,0,0,0,0,0,0,0,0,0,129.704,0,94.4224,-236.063
"MtrElec",3,5,12,"",-13.1576,0,0,0,0,0,0,0,0,0,0,0,0,0,0,0,0,0,0,0,0,144.686,0,94.4224,-252.266
"MtrElec",3,5,13,"",-40.8537,0,0,0,0,0,0,0,0,0,0,0,0,0,0,0,0,0,0,0,0,122.203,0,94.4224,-257.48
"MtrElec",3,5,14,"",-88.2945,0,0,0,0,0,0,0,0,0,0,0,0,0,0,0,0,0,0,0,0,112.496,0,42.8452,-243.635
"MtrElec",3,5,15,"",-118.009,0,0,0,0,0,0,0,0,0,0,0,0,0,0,0,0,0,0,0,0,84.3873,0,0,-202.397
"MtrElec",3,5,16,"",-38.0225,0,0,0,0,0,0,0,0,0,0,0,0,0,0,0,0,0,0,0,0,108.071,0,0,-146.094
"MtrElec",3,5,17,"",54.0175,0,0,0,0,0,0,0,0,0,0,0,0,0,0,0,0,0,0,0,0,127.365,0,0,-73.3471
"MtrElec",3,5,18,"",165.82,0,0,0,0,0,0,0,0,0,0,0,0,0,0,0,0,0,0,0,0,170.659,0,0,-4.83884
"MtrElec",3,5,19,"",70.7797,0,0,0,0,0,0,0,0,0,0,0,0,0,0,0,0,0,0,0,0,165.202,0,-94.4224,0
"MtrElec",3,5,20,"",68.7556,0,0,0,0,0,0,0,0,0,0,0,0,0,0,0,0,0,0,0,0,163.178,0,-94.4224,0
"MtrElec",3,5,21,"",55.0446,0,0,0,0,0,0,0,0,0,0,0,0,0,0,0,0,0,0,0,0,149.467,0,-94.4224,0
"MtrElec",3,5,22,"",84.159,0,0,0,0,0,0,0,0,0,0,0,0,0,0,0,0,0,0,0,0,118.841,0,-34.6821,0
"MtrElec",3,5,23,"",160.164,0,0,0,0,0,0,0,0,0,0,0,0,0,0,0,0,0,0,0,0,160.164,0,0,0
"MtrElec",3,5,24,"",120.485,0,0,0,0,0,0,0,0,0,0,0,0,0,0,0,0,0,0,0,0,120.485,0,0,0
"MtrElec",3,6,1,"",72.8792,0,0,0,0,0,0,0,0,0,0,0,0,0,0,0,0,0,0,0,0,72.8792,0,0,0
"MtrElec",3,6,2,"",63.6961,0,0,0,0,0,0,0,0,0,0,0,0,0,0,0,0,0,0,0,0,63.6961,0,0,0
"MtrElec",3,6,3,"",67.2656,0,0,0,0,0,0,0,0,0,0,0,0,0,0,0,0,0,0,0,0,67.2656,0,0,0
"MtrElec",3,6,4,"",69.2763,0,0,0,0,0,0,0,0,0,0,0,0,0,0,0,0,0,0,0,0,69.2763,0,0,0
"MtrElec",3,6,5,"",106.161,0,0,0,0,0,0,0,0,0,0,0,0,0,0,0,0,0,0,0,0,106.161,0,0,0
"MtrElec",3,6,6,"",66.5739,0,0,0,0,0,0,0,0,0,0,0,0,0,0,0,0,0,0,0,0,66.5739,0,0,0
"MtrElec",3,6,7,"",100.956,0,0,0,0,0,0,0,0,0,0,0,0,0,0,0,0,0,0,0,0,109.763,0,0,-8.80675
"MtrElec",3,6,8,"",66.9566,0,0,0,0,0,0,0,0,0,0,0,0,0,0,0,0,0,0,0,0,134.082,0,0,-67.1259
"MtrElec",3,6,9,"",0.761641,0,0,0,0,0,0,0,0,0,0,0,0,0,0,0,0,0,0,0,0,141.073,0,0,-140.312
"MtrElec",3,6,10,"",0,0,0,0,0,0,0,0,0,0,0,0,0,0,0,0,0,0,0,0,0,157.423,0,38.8018,-196.225
"MtrElec",3,6,11,"",0.0000039,0,0,0,0,0,0,0,0,0,0,0,0,0,0,0,0,0,0,0,0,181.839,0,43.1238,-224.963
"MtrElec",3,6,12,"",-68.5713,0,0,0,0,0,0,0,0,0,0,0,0,0,0,0,0,0,0,0,0,99.1974,0,94.4224,-262.191
"MtrElec",3,6,13,"",-18.1142,0,0,0,0,0,0,0,0,0,0,0,0,0,0,0,0,0,0,0,0,152.04,0,94.4224,-264.576
"MtrElec",3,6,14,"",-67.5398,0,0,0,0,0,0,0,0,0,0,0,0,0,0,0,0,0,0,0,0,99.0442,0,81.528,-248.112
"MtrElec",3,6,15,"",-113.394,0,0,0,0,0,0,0,0,0,0,0,0,0,0,0,0,0,0,0,0,80.2419,0,0,-193.636
"MtrElec",3,6,16,"",-26.4062,0,0,0,0,0,0,0,0,0,0,0,0,0,0,0,0,0,0,0,0,122.736,0,0,-149.143
"MtrElec",3,6,17,"",33.5804,0,0,0,0,0,0,0,0,0,0,0,0,0,0,0,0,0,0,0,0,109.49,0,0,-75.91
"MtrElec",3,6,18,"",128.365,0,0,0,0,0,0,0,0,0,0,0,0,0,0,0,0,0,0,0,0,140.735,0,0,-12.3699
"MtrElec",3,6,19,"",90.6336,0,0,0,0,0,0,0,0,0,0,0,0,0,0,0,0,0,0,0,0,185.056,0,-94.4224,0
"MtrElec",3,6,20,"",43.137,0,0,0,0,0,0,0,0,0,0,0,0,0,0,0,0,0,0,0,0,137.559,0,-94.4224,0
"MtrElec",3,6,21,"",84.2802,0,0,0,0,0,0,0,0,0,0,0,0,0,0,0,0,0,0,0,0,178.703,0,-94.4224,0
"MtrElec",3,6,22,"",87.0563,0,0,0,0,0,0,0,0,0,0,0,0,0,0,0,0,0,0,0,0,121.738,0,-34.6821,0
"MtrElec",3,6,23,"",164.224,0,0,0,0,0,0,0,0,0,0,0,0,0,0,0,0,0,0,0,0,164.224,0,0,0
"MtrElec",3,6,24,"",123.06,0,0,0,0,0,0,0,0,0,0,0,0,0,0,0,0,0,0,0,0,123.06,0,0,0
"MtrElec",3,7,1,"",71.4925,0,0,0,0,0,0,0,0,0,0,0,0,0,0,0,0,0,0,0,0,71.4925,0,0,0
"MtrElec",3,7,2,"",62.7701,0,0,0,0,0,0,0,0,0,0,0,0,0,0,0,0,0,0,0,0,62.7701,0,0,0
"MtrElec",3,7,3,"",62.4227,0,0,0,0,0,0,0,0,0,0,0,0,0,0,0,0,0,0,0,0,62.4227,0,0,0
"MtrElec",3,7,4,"",63.332,0,0,0,0,0,0,0,0,0,0,0,0,0,0,0,0,0,0,0,0,63.332,0,0,0
"MtrElec",3,7,5,"",68.5826,0,0,0,0,0,0,0,0,0,0,0,0,0,0,0,0,0,0,0,0,68.5826,0,0,0
"MtrElec",3,7,6,"",64.4451,0,0,0,0,0,0,0,0,0,0,0,0,0,0,0,0,0,0,0,0,64.4451,0,0,0
"MtrElec",3,7,7,"",75.6826,0,0,0,0,0,0,0,0,0,0,0,0,0,0,0,0,0,0,0,0,89.7809,0,0,-14.0983
"MtrElec",3,7,8,"",8.82209,0,0,0,0,0,0,0,0,0,0,0,0,0,0,0,0,0,0,0,0,84.271,0,0,-75.4489
"MtrElec",3,7,9,"",0,0,0,0,0,0,0,0,0,0,0,0,0,0,0,0,0,0,0,0,0,118.421,0,34.5274,-152.949
"MtrElec",3,7,10,"",0,0,0,0,0,0,0,0,0,0,0,0,0,0,0,0,0,0,0,0,0,151.826,0,63.4703,-215.297
"MtrElec",3,7,11,"",0,0,0,0,0,0,0,0,0,0,0,0,0,0,0,0,0,0,0,0,0,170.646,0,89.2923,-259.939
"MtrElec",3,7,12,"",0,0,0,0,0,0,0,0,0,0,0,0,0,0,0,0,0,0,0,0,0,204.153,0,42.6832,-246.836
"MtrElec",3,7,13,"",0,0,0,0,0,0,0,0,0,0,0,0,0,0,0,0,0,0,0,0,0,129.745,0,72.4872,-202.232
"MtrElec",3,7,14,"",0,0,0,0,0,0,0,0,0,0,0,0,0,0,0,0,0,0,0,0,0,179.106,0,9.04731,-188.154
"MtrElec",3,7,15,"",0.0000020,0,0,0,0,0,0,0,0,0,0,0,0,0,0,0,0,0,0,0,0,153.312,0,21.3156,-174.627
"MtrElec",3,7,16,"",-2.57228,0,0,0,0,0,0,0,0,0,0,0,0,0,0,0,0,0,0,0,0,127.042,0,19.4753,-149.089
"MtrElec",3,7,17,"",87.0441,0,0,0,0,0,0,0,0,0,0,0,0,0,0,0,0,0,0,0,0,143.21,0,0,-56.1654
"MtrElec",3,7,18,"",108.402,0,0,0,0,0,0,0,0,0,0,0,0,0,0,0,0,0,0,0,0,119.074,0,0,-10.672
"MtrElec",3,7,19,"",74.9848,0,0,0,0,0,0,0,0,0,0,0,0,0,0,0,0,0,0,0,0,169.407,0,-94.4224,0
"MtrElec",3,7,20,"",117.442,0,0,0,0,0,0,0,0,0,0,0,0,0,0,0,0,0,0,0,0,211.864,0,-94.4224,0
"MtrElec",3,7,21,"",46.7351,0,0,0,0,0,0,0,0,0,0,0,0,0,0,0,0,0,0,0,0,141.158,0,-94.4224,0
"MtrElec",3,7,22,"",140.015,0,0,0,0,0,0,0,0,0,0,0,0,0,0,0,0,0,0,0,0,174.697,0,-34.6821,0
"MtrElec",3,7,23,"",125.723,0,0,0,0,0,0,0,0,0,0,0,0,0,0,0,0,0,0,0,0,125.723,0,0,0
"MtrElec",3,7,24,"",99.613,0,0,0,0,0,0,0,0,0,0,0,0,0,0,0,0,0,0,0,0,99.613,0,0,0
"MtrElec",3,8,1,"",86.0156,0,0,0,0,0,0,0,0,0,0,0,0,0,0,0,0,0,0,0,0,86.0156,0,0,0
"MtrElec",3,8,2,"",80.8994,0,0,0,0,0,0,0,0,0,0,0,0,0,0,0,0,0,0,0,0,80.8994,0,0,0
"MtrElec",3,8,4,"",75.0255,0,0,0,0,0,0,0,0,0,0,0,0,0,0,0,0,0,0,0,0,75.0255,0,0,0
"MtrElec",3,8,5,"",60.5798,0,0,0,0,0,0,0,0,0,0,0,0,0,0,0,0,0,0,0,0,60.5798,0,0,0
"MtrElec",3,8,6,"",64.5,0,0,0,0,0,0,0,0,0,0,0,0,0,0,0,0,0,0,0,0,64.5,0,0,0
"MtrElec",3,8,7,"",71.8082,0,0,0,0,0,0,0,0,0,0,0,0,0,0,0,0,0,0,0,0,71.8082,0,0,0
"MtrElec",3,8,8,"",81.4222,0,0,0,0,0,0,0,0,0,0,0,0,0,0,0,0,0,0,0,0,98.5481,0,0,-17.1259
"MtrElec",3,8,9,"",63.9901,0,0,0,0,0,0,0,0,0,0,0,0,0,0,0,0,0,0,0,0,145.166,0,0,-81.1763
"MtrElec",3,8,10,"",0,0,0,0,0,0,0,0,0,0,0,0,0,0,0,0,0,0,0,0,0,153.085,0,6.28131,-159.366
"MtrElec",3,8,11,"",0,0,0,0,0,0,0,0,0,0,0,0,0,0,0,0,0,0,0,0,0,201.106,0,19.8811,-220.987
"MtrElec",3,8,12,"",-14.3608,0,0,0,0,0,0,0,0,0,0,0,0,0,0,0,0,0,0,0,0,154.386,0,94.4224,-263.17
"MtrElec",3,8,13,"",-59.084,0,0,0,0,0,0,0,0,0,0,0,0,0,0,0,0,0,0,0,0,124.661,0,94.4224,-278.168
"MtrElec",3,8,14,"",-44.1677,0,0,0,0,0,0,0,0,0,0,0,0,0,0,0,0,0,0,0,0,130.45,0,94.4224,-269.04
"MtrElec",3,8,15,"",-56.1019,0,0,0,0,0,0,0,0,0,0,0,0,0,0,0,0,0,0,0,0,152.314,0,42.8688,-251.285
"MtrElec",3,8,16,"",-104.156,0,0,0,0,0,0,0,0,0,0,0,0,0,0,0,0,0,0,0,0,112.883,0,0,-217.04
"MtrElec",3,8,17,"",-4.17884,0,0,0,0,0,0,0,0,0,0,0,0,0,0,0,0,0,0,0,0,156.266,0,0,-160.445
"MtrElec",3,8,18,"",80.4613,0,0,0,0,0,0,0,0,0,0,0,0,0,0,0,0,0,0,0,0,165.583,0,0,-85.1217
"MtrElec",3,8,19,"",90.4788,0,0,0,0,0,0,0,0,0,0,0,0,0,0,0,0,0,0,0,0,199.853,0,-94.4224,-14.9519
"MtrElec",3,8,20,"",72.6881,0,0,0,0,0,0,0,0,0,0,0,0,0,0,0,0,0,0,0,0,167.111,0,-94.4224,0
"MtrElec",3,8,21,"",80.5729,0,0,0,0,0,0,0,0,0,0,0,0,0,0,0,0,0,0,0,0,174.995,0,-94.4224,0
"MtrElec",3,8,22,"",168.07,0,0,0,0,0,0,0,0,0,0,0,0,0,0,0,0,0,0,0,0,202.752,0,-34.6821,0
"MtrElec",3,8,23,"",108.068,0,0,0,0,0,0,0,0,0,0,0,0,0,0,0,0,0,0,0,0,108.068,0,0,0
"MtrElec",3,8,24,"",91.7872,0,0,0,0,0,0,0,0,0,0,0,0,0,0,0,0,0,0,0,0,91.7872,0,0,0
"MtrElec",3,9,1,"",67.0056,0,0,0,0,0,0,0,0,0,0,0,0,0,0,0,0,0,0,0,0,67.0056,0,0,0
"MtrElec",3,9,2,"",62.6087,0,0,0,0,0,0,0,0,0,0,0,0,0,0,0,0,0,0,0,0,62.6087,0,0,0
"MtrElec",3,9,3,"",70.2703,0,0,0,0,0,0,0,0,0,0,0,0,0,0,0,0,0,0,0,0,70.2703,0,0,0
"MtrElec",3,9,4,"",103.138,0,0,0,0,0,0,0,0,0,0,0,0,0,0,0,0,0,0,0,0,103.138,0,0,0
"MtrElec",3,9,5,"",72.4875,0,0,0,0,0,0,0,0,0,0,0,0,0,0,0,0,0,0,0,0,72.4875,0,0,0
"MtrElec",3,9,6,"",64.746,0,0,0,0,0,0,0,0,0,0,0,0,0,0,0,0,0,0,0,0,64.746,0,0,0
"MtrElec",3,9,7,"",109.748,0,0,0,0,0,0,0,0,0,0,0,0,0,0,0,0,0,0,0,0,109.748,0,0,0
"MtrElec",3,9,8,"",130.078,0,0,0,0,0,0,0,0,0,0,0,0,0,0,0,0,0,0,0,0,147.318,0,0,-17.2404
"MtrElec",3,9,9,"",68.9257,0,0,0,0,0,0,0,0,0,0,0,0,0,0,0,0,0,0,0,0,150.218,0,0,-81.2924
"MtrElec",3,9,10,"",0.0000039,0,0,0,0,0,0,0,0,0,0,0,0,0,0,0,0,0,0,0,0,115.321,0,41.3902,-156.711
"MtrElec",3,9,11,"",0,0,0,0,0,0,0,0,0,0,0,0,0,0,0,0,0,0,0,0,0,149.565,0,63.6505,-213.216
"MtrElec",3,9,12,"",-55.4324,0,0,0,0,0,0,0,0,0,0,0,0,0,0,0,0,0,0,0,0,103.232,0,94.4224,-253.086
"MtrElec",3,9,13,"",-71.7212,0,0,0,0,0,0,0,0,0,0,0,0,0,0,0,0,0,0,0,0,109.078,0,94.4224,-275.222
"MtrElec",3,9,14,"",-88.6273,0,0,0,0,0,0,0,0,0,0,0,0,0,0,0,0,0,0,0,0,123.471,0,58.4129,-270.511
"MtrElec",3,9,15,"",-140.109,0,0,0,0,0,0,0,0,0,0,0,0,0,0,0,0,0,0,0,0,100.933,0,0,-241.042
"MtrElec",3,9,16,"",-64.3347,0,0,0,0,0,0,0,0,0,0,0,0,0,0,0,0,0,0,0,0,141.07,0,0,-205.405
"MtrElec",3,9,17,"",-25.3837,0,0,0,0,0,0,0,0,0,0,0,0,0,0,0,0,0,0,0,0,130.129,0,0,-155.512
"MtrElec",3,9,18,"",96.5495,0,0,0,0,0,0,0,0,0,0,0,0,0,0,0,0,0,0,0,0,181.544,0,0,-84.9944
"MtrElec",3,9,19,"",85.5161,0,0,0,0,0,0,0,0,0,0,0,0,0,0,0,0,0,0,0,0,195.018,0,-94.4224,-15.0792
"MtrElec",3,9,20,"",67.8119,0,0,0,0,0,0,0,0,0,0,0,0,0,0,0,0,0,0,0,0,162.234,0,-94.4224,0
"MtrElec",3,9,21,"",85.8716,0,0,0,0,0,0,0,0,0,0,0,0,0,0,0,0,0,0,0,0,180.294,0,-94.4224,0
"MtrElec",3,9,22,"",85.9661,0,0,0,0,0,0,0,0,0,0,0,0,0,0,0,0,0,0,0,0,120.648,0,-34.6821,0
"MtrElec",3,9,23,"",145.994,0,0,0,0,0,0,0,0,0,0,0,0,0,0,0,0,0,0,0,0,145.994,0,0,0
"MtrElec",3,9,24,"",112.886,0,0,0,0,0,0,0,0,0,0,0,0,0,0,0,0,0,0,0,0,112.886,0,0,0
"MtrElec",3,10,1,"",75.3206,0,0,0,0,0,0,0,0,0,0,0,0,0,0,0,0,0,0,0,0,75.3206,0,0,0
"MtrElec",3,10,2,"",64.6078,0,0,0,0,0,0,0,0,0,0,0,0,0,0,0,0,0,0,0,0,64.6078,0,0,0
"MtrElec",3,10,3,"",61.4803,0,0,0,0,0,0,0,0,0,0,0,0,0,0,0,0,0,0,0,0,61.4803,0,0,0
"MtrElec",3,10,4,"",60.5846,0,0,0,0,0,0,0,0,0,0,0,0,0,0,0,0,0,0,0,0,60.5846,0,0,0
"MtrElec",3,10,5,"",59.8776,0,0,0,0,0,0,0,0,0,0,0,0,0,0,0,0,0,0,0,0,59.8776,0,0,0
"MtrElec",3,10,6,"",64.7484,0,0,0,0,0,0,0,0,0,0,0,0,0,0,0,0,0,0,0,0,64.7484,0,0,0
"MtrElec",3,10,7,"",120.716,0,0,0,0,0,0,0,0,0,0,0,0,0,0,0,0,0,0,0,0,120.716,0,0,0
"MtrElec",3,10,8,"",114.671,0,0,0,0,0,0,0,0,0,0,0,0,0,0,0,0,0,0,0,0,132.368,0,0,-17.6972
"MtrElec",3,10,9,"",63.1366,0,0,0,0,0,0,0,0,0,0,0,0,0,0,0,0,0,0,0,0,145.46,0,0,-82.3232
"MtrElec",3,10,10,"",5.04327,0,0,0,0,0,0,0,0,0,0,0,0,0,0,0,0,0,0,0,0,161.043,0,0,-155.999
"MtrElec",3,10,11,"",0,0,0,0,0,0,0,0,0,0,0,0,0,0,0,0,0,0,0,0,0,141.359,0,66.416,-207.775
"MtrElec",3,10,12,"",0.0000039,0,0,0,0,0,0,0,0,0,0,0,0,0,0,0,0,0,0,0,0,184.727,0,62.985,-247.712
"MtrElec",3,10,13,"",-27.4072,0,0,0,0,0,0,0,0,0,0,0,0,0,0,0,0,0,0,0,0,149.344,0,94.4224,-271.173
"MtrElec",3,10,14,"",-54.7726,0,0,0,0,0,0,0,0,0,0,0,0,0,0,0,0,0,0,0,0,122.429,0,94.4224,-271.624
"MtrElec",3,10,15,"",-116.553,0,0,0,0,0,0,0,0,0,0,0,0,0,0,0,0,0,0,0,0,103.181,0,34.0525,-253.787
"MtrElec",3,10,16,"",-87.3821,0,0,0,0,0,0,0,0,0,0,0,0,0,0,0,0,0,0,0,0,128.749,0,0,-216.131
"MtrElec",3,10,17,"",-30.6945,0,0,0,0,0,0,0,0,0,0,0,0,0,0,0,0,0,0,0,0,127.942,0,0,-158.636
"MtrElec",3,10,18,"",79.9087,0,0,0,0,0,0,0,0,0,0,0,0,0,0,0,0,0,0,0,0,163.392,0,0,-83.4833
"MtrElec",3,10,19,"",67.8348,0,0,0,0,0,0,0,0,0,0,0,0,0,0,0,0,0,0,0,0,176.475,0,-94.4224,-14.218
"MtrElec",3,10,20,"",77.1615,0,0,0,0,0,0,0,0,0,0,0,0,0,0,0,0,0,0,0,0,171.584,0,-94.4224,0
"MtrElec",3,10,21,"",114.194,0,0,0,0,0,0,0,0,0,0,0,0,0,0,0,0,0,0,0,0,208.617,0,-94.4224,0
"MtrElec",3,10,22,"",107.977,0,0,0,0,0,0,0,0,0,0,0,0,0,0,0,0,0,0,0,0,142.659,0,-34.6821,0
"MtrElec",3,10,23,"",118.458,0,0,0,0,0,0,0,0,0,0,0,0,0,0,0,0,0,0,0,0,118.458,0,0,0
"MtrElec",3,10,24,"",111.984,0,0,0,0,0,0,0,0,0,0,0,0,0,0,0,0,0,0,0,0,111.984,0,0,0
"MtrElec",3,11,1,"",77.5201,0,0,0,0,0,0,0,0,0,0,0,0,0,0,0,0,0,0,0,0,77.5201,0,0,0
"MtrElec",3,11,2,"",64.2154,0,0,0,0,0,0,0,0,0,0,0,0,0,0,0,0,0,0,0,0,64.2154,0,0,0
"MtrElec",3,11,3,"",61.3868,0,0,0,0,0,0,0,0,0,0,0,0,0,0,0,0,0,0,0,0,61.3868,0,0,0
"MtrElec",3,11,4,"",60.5477,0,0,0,0,0,0,0,0,0,0,0,0,0,0,0,0,0,0,0,0,60.5477,0,0,0
"MtrElec",3,11,5,"",59.85,0,0,0,0,0,0,0,0,0,0,0,0,0,0,0,0,0,0,0,0,59.85,0,0,0
"MtrElec",3,11,6,"",67.904,0,0,0,0,0,0,0,0,0,0,0,0,0,0,0,0,0,0,0,0,67.904,0,0,0
"MtrElec",3,11,7,"",121.496,0,0,0,0,0,0,0,0,0,0,0,0,0,0,0,0,0,0,0,0,121.496,0,0,0
"MtrElec",3,11,8,"",137.408,0,0,0,0,0,0,0,0,0,0,0,0,0,0,0,0,0,0,0,0,143.624,0,0,-6.21535
"MtrElec",3,11,9,"",108.081,0,0,0,0,0,0,0,0,0,0,0,0,0,0,0,0,0,0,0,0,171.058,0,0,-62.9775
"MtrElec",3,11,10,"",13.7336,0,0,0,0,0,0,0,0,0,0,0,0,0,0,0,0,0,0,0,0,148.782,0,0,-135.048
"MtrElec",3,11,11,"",0,0,0,0,0,0,0,0,0,0,0,0,0,0,0,0,0,0,0,0,0,108.593,0,50.6796,-159.272
"MtrElec",3,11,12,"",0.0000039,0,0,0,0,0,0,0,0,0,0,0,0,0,0,0,0,0,0,0,0,156.793,0,48.091,-204.884
"MtrElec",3,11,13,"",0,0,0,0,0,0,0,0,0,0,0,0,0,0,0,0,0,0,0,0,0,155.73,0,66.7101,-222.44
"MtrElec",3,11,14,"",-31.3315,0,0,0,0,0,0,0,0,0,0,0,0,0,0,0,0,0,0,0,0,75.6898,0,94.4224,-201.444
"MtrElec",3,11,15,"",-1.40379,0,0,0,0,0,0,0,0,0,0,0,0,0,0,0,0,0,0,0,0,85.4492,0,92.3954,-179.248
"MtrElec",3,11,16,"",-57.1986,0,0,0,0,0,0,0,0,0,0,0,0,0,0,0,0,0,0,0,0,91.4037,0,0,-148.602
"MtrElec",3,11,17,"",-5.70687,0,0,0,0,0,0,0,0,0,0,0,0,0,0,0,0,0,0,0,0,118.456,0,0,-124.163
"MtrElec",3,11,18,"",68.0888,0,0,0,0,0,0,0,0,0,0,0,0,0,0,0,0,0,0,0,0,142.398,0,0,-74.3093
"MtrElec",3,11,19,"",109.309,0,0,0,0,0,0,0,0,0,0,0,0,0,0,0,0,0,0,0,0,216.559,0,-94.4224,-12.8274
"MtrElec",3,11,20,"",69.6947,0,0,0,0,0,0,0,0,0,0,0,0,0,0,0,0,0,0,0,0,164.117,0,-94.4224,0
"MtrElec",3,11,21,"",68.2066,0,0,0,0,0,0,0,0,0,0,0,0,0,0,0,0,0,0,0,0,162.629,0,-94.4224,0
"MtrElec",3,11,22,"",78.9207,0,0,0,0,0,0,0,0,0,0,0,0,0,0,0,0,0,0,0,0,113.603,0,-34.6821,0
"MtrElec",3,11,23,"",147.327,0,0,0,0,0,0,0,0,0,0,0,0,0,0,0,0,0,0,0,0,147.327,0,0,0
"MtrElec",3,11,24,"",104.898,0,0,0,0,0,0,0,0,0,0,0,0,0,0,0,0,0,0,0,0,104.898,0,0,0
"MtrElec",3,12,1,"",67.3635,0,0,0,0,0,0,0,0,0,0,0,0,0,0,0,0,0,0,0,0,67.3635,0,0,0
"MtrElec",3,12,2,"",63.3399,0,0,0,0,0,0,0,0,0,0,0,0,0,0,0,0,0,0,0,0,63.3399,0,0,0
"MtrElec",3,12,3,"",61.2506,0,0,0,0,0,0,0,0,0,0,0,0,0,0,0,0,0,0,0,0,61.2506,0,0,0
"MtrElec",3,12,4,"",60.9893,0,0,0,0,0,0,0,0,0,0,0,0,0,0,0,0,0,0,0,0,60.9893,0,0,0
"MtrElec",3,12,5,"",60.1226,0,0,0,0,0,0,0,0,0,0,0,0,0,0,0,0,0,0,0,0,60.1226,0,0,0
"MtrElec",3,12,6,"",69.3398,0,0,0,0,0,0,0,0,0,0,0,0,0,0,0,0,0,0,0,0,69.3398,0,0,0
"MtrElec",3,12,7,"",123.852,0,0,0,0,0,0,0,0,0,0,0,0,0,0,0,0,0,0,0,0,123.852,0,0,0
"MtrElec",3,12,8,"",117.253,0,0,0,0,0,0,0,0,0,0,0,0,0,0,0,0,0,0,0,0,136.398,0,0,-19.1448
"MtrElec",3,12,9,"",35.6734,0,0,0,0,0,0,0,0,0,0,0,0,0,0,0,0,0,0,0,0,118.041,0,0,-82.3672
"MtrElec",3,12,10,"",0,0,0,0,0,0,0,0,0,0,0,0,0,0,0,0,0,0,0,0,0,151.984,0,7.05527,-159.039
"MtrElec",3,12,11,"",-19.0903,0,0,0,0,0,0,0,0,0,0,0,0,0,0,0,0,0,0,0,0,106.954,0,94.4224,-220.467
"MtrElec",3,12,12,"",-32.0479,0,0,0,0,0,0,0,0,0,0,0,0,0,0,0,0,0,0,0,0,136.593,0,94.4224,-263.064
"MtrElec",3,12,13,"",-84.3588,0,0,0,0,0,0,0,0,0,0,0,0,0,0,0,0,0,0,0,0,105.308,0,94.4224,-284.089
"MtrElec",3,12,14,"",-95.1955,0,0,0,0,0,0,0,0,0,0,0,0,0,0,0,0,0,0,0,0,125.028,0,61.976,-282.2
"MtrElec",3,12,15,"",-166.096,0,0,0,0,0,0,0,0,0,0,0,0,0,0,0,0,0,0,0,0,94.5258,0,0,-260.622
"MtrElec",3,12,16,"",-122.286,0,0,0,0,0,0,0,0,0,0,0,0,0,0,0,0,0,0,0,0,96.6045,0,0,-218.89
"MtrElec",3,12,17,"",-9.4042,0,0,0,0,0,0,0,0,0,0,0,0,0,0,0,0,0,0,0,0,149.663,0,0,-159.067
"MtrElec",3,12,18,"",59.1606,0,0,0,0,0,0,0,0,0,0,0,0,0,0,0,0,0,0,0,0,143.713,0,0,-84.5526
"MtrElec",3,12,19,"",58.7778,0,0,0,0,0,0,0,0,0,0,0,0,0,0,0,0,0,0,0,0,167.853,0,-94.4224,-14.6525
"MtrElec",3,12,20,"",117.503,0,0,0,0,0,0,0,0,0,0,0,0,0,0,0,0,0,0,0,0,211.925,0,-94.4224,0
"MtrElec",3,12,21,"",70.6579,0,0,0,0,0,0,0,0,0,0,0,0,0,0,0,0,0,0,0,0,165.08,0,-94.4224,0
"MtrElec",3,12,22,"",102.316,0,0,0,0,0,0,0,0,0,0,0,0,0,0,0,0,0,0,0,0,136.998,0,-34.6821,0
"MtrElec",3,12,23,"",95.5948,0,0,0,0,0,0,0,0,0,0,0,0,0,0,0,0,0,0,0,0,95.5948,0,0,0
"MtrElec",3,12,24,"",121.711,0,0,0,0,0,0,0,0,0,0,0,0,0,0,0,0,0,0,0,0,121.711,0,0,0
"MtrElec",3,13,1,"",73.4347,0,0,0,0,0,0,0,0,0,0,0,0,0,0,0,0,0,0,0,0,73.4347,0,0,0
"MtrElec",3,13,2,"",62.2978,0,0,0,0,0,0,0,0,0,0,0,0,0,0,0,0,0,0,0,0,62.2978,0,0,0
"MtrElec",3,13,3,"",60.5587,0,0,0,0,0,0,0,0,0,0,0,0,0,0,0,0,0,0,0,0,60.5587,0,0,0
"MtrElec",3,13,4,"",60.5126,0,0,0,0,0,0,0,0,0,0,0,0,0,0,0,0,0,0,0,0,60.5126,0,0,0
"MtrElec",3,13,5,"",59.8148,0,0,0,0,0,0,0,0,0,0,0,0,0,0,0,0,0,0,0,0,59.8148,0,0,0
"MtrElec",3,13,6,"",66.2719,0,0,0,0,0,0,0,0,0,0,0,0,0,0,0,0,0,0,0,0,66.2719,0,0,0
"MtrElec",3,13,7,"",121.433,0,0,0,0,0,0,0,0,0,0,0,0,0,0,0,0,0,0,0,0,121.433,0,0,0
"MtrElec",3,13,8,"",132.019,0,0,0,0,0,0,0,0,0,0,0,0,0,0,0,0,0,0,0,0,132.019,0,0,0
"MtrElec",3,13,9,"",79.9613,0,0,0,0,0,0,0,0,0,0,0,0,0,0,0,0,0,0,0,0,136.702,0,0,-56.7407
"MtrElec",3,13,10,"",0,0,0,0,0,0,0,0,0,0,0,0,0,0,0,0,0,0,0,0,0,90.8817,0,2.88276,-93.7644
"MtrElec",3,13,11,"",0,0,0,0,0,0,0,0,0,0,0,0,0,0,0,0,0,0,0,0,0,99.6167,0,29.0813,-128.698
"MtrElec",3,13,12,"",-11.9266,0,0,0,0,0,0,0,0,0,0,0,0,0,0,0,0,0,0,0,0,111.961,0,94.4224,-218.31
"MtrElec",3,13,13,"",-93.5225,0,0,0,0,0,0,0,0,0,0,0,0,0,0,0,0,0,0,0,0,77.2505,0,94.4224,-265.195
"MtrElec",3,13,14,"",-113.195,0,0,0,0,0,0,0,0,0,0,0,0,0,0,0,0,0,0,0,0,69.8854,0,94.4224,-277.502
"MtrElec",3,13,15,"",-124.08,0,0,0,0,0,0,0,0,0,0,0,0,0,0,0,0,0,0,0,0,95.3239,0,37.0672,-256.471
"MtrElec",3,13,16,"",-121.393,0,0,0,0,0,0,0,0,0,0,0,0,0,0,0,0,0,0,0,0,97.6394,0,0,-219.032
"MtrElec",3,13,17,"",-39.4873,0,0,0,0,0,0,0,0,0,0,0,0,0,0,0,0,0,0,0,0,121.295,0,0,-160.782
"MtrElec",3,13,18,"",58.5624,0,0,0,0,0,0,0,0,0,0,0,0,0,0,0,0,0,0,0,0,143.938,0,0,-85.376
"MtrElec",3,13,19,"",26.792,0,0,0,0,0,0,0,0,0,0,0,0,0,0,0,0,0,0,0,0,136.387,0,-94.4224,-15.1725
"MtrElec",3,13,20,"",97.4739,0,0,0,0,0,0,0,0,0,0,0,0,0,0,0,0,0,0,0,0,191.896,0,-94.4224,0
"MtrElec",3,13,21,"",72.9209,0,0,0,0,0,0,0,0,0,0,0,0,0,0,0,0,0,0,0,0,167.343,0,-94.4224,0
"MtrElec",3,13,22,"",98.8527,0,0,0,0,0,0,0,0,0,0,0,0,0,0,0,0,0,0,0,0,133.535,0,-34.6821,0
"MtrElec",3,13,23,"",137.581,0,0,0,0,0,0,0,0,0,0,0,0,0,0,0,0,0,0,0,0,137.581,0,0,0
"MtrElec",3,13,24,"",106.876,0,0,0,0,0,0,0,0,0,0,0,0,0,0,0,0,0,0,0,0,106.876,0,0,0
"MtrElec",3,14,1,"",71.3205,0,0,0,0,0,0,0,0,0,0,0,0,0,0,0,0,0,0,0,0,71.3205,0,0,0
"MtrElec",3,14,2,"",62.479,0,0,0,0,0,0,0,0,0,0,0,0,0,0,0,0,0,0,0,0,62.479,0,0,0
"MtrElec",3,14,3,"",61.8212,0,0,0,0,0,0,0,0,0,0,0,0,0,0,0,0,0,0,0,0,61.8212,0,0,0
"MtrElec",3,14,4,"",62.2255,0,0,0,0,0,0,0,0,0,0,0,0,0,0,0,0,0,0,0,0,62.2255,0,0,0
"MtrElec",3,14,5,"",68.8676,0,0,0,0,0,0,0,0,0,0,0,0,0,0,0,0,0,0,0,0,68.8676,0,0,0
"MtrElec",3,14,6,"",64.7495,0,0,0,0,0,0,0,0,0,0,0,0,0,0,0,0,0,0,0,0,64.7495,0,0,0
"MtrElec",3,14,7,"",94.9349,0,0,0,0,0,0,0,0,0,0,0,0,0,0,0,0,0,0,0,0,94.9349,0,0,0
"MtrElec",3,14,8,"",78.6894,0,0,0,0,0,0,0,0,0,0,0,0,0,0,0,0,0,0,0,0,99.4096,0,0,-20.7202
"MtrElec",3,14,9,"",63.5432,0,0,0,0,0,0,0,0,0,0,0,0,0,0,0,0,0,0,0,0,148.663,0,0,-85.1193
"MtrElec",3,14,10,"",2.54609,0,0,0,0,0,0,0,0,0,0,0,0,0,0,0,0,0,0,0,0,164.029,0,0,-161.483
"MtrElec",3,14,11,"",0,0,0,0,0,0,0,0,0,0,0,0,0,0,0,0,0,0,0,0,0,155.686,0,66.1192,-221.805
"MtrElec",3,14,12,"",0,0,0,0,0,0,0,0,0,0,0,0,0,0,0,0,0,0,0,0,0,171.805,0,88.8736,-260.679
"MtrElec",3,14,13,"",0,0,0,0,0,0,0,0,0,0,0,0,0,0,0,0,0,0,0,0,0,198.072,0,80.9575,-279.029
"MtrElec",3,14,14,"",-40.6507,0,0,0,0,0,0,0,0,0,0,0,0,0,0,0,0,0,0,0,0,142.121,0,94.4224,-277.195
"MtrElec",3,14,15,"",-57.6838,0,0,0,0,0,0,0,0,0,0,0,0,0,0,0,0,0,0,0,0,178.761,0,21.9257,-258.371
"MtrElec",3,14,16,"",-106.041,0,0,0,0,0,0,0,0,0,0,0,0,0,0,0,0,0,0,0,0,111.382,0,0,-217.423
"MtrElec",3,14,17,"",-14.0662,0,0,0,0,0,0,0,0,0,0,0,0,0,0,0,0,0,0,0,0,144.757,0,0,-158.823
"MtrElec",3,14,18,"",63.6515,0,0,0,0,0,0,0,0,0,0,0,0,0,0,0,0,0,0,0,0,148.577,0,0,-84.9253
"MtrElec",3,14,19,"",110.092,0,0,0,0,0,0,0,0,0,0,0,0,0,0,0,0,0,0,0,0,219.886,0,-94.4224,-15.3721
"MtrElec",3,14,20,"",58.4244,0,0,0,0,0,0,0,0,0,0,0,0,0,0,0,0,0,0,0,0,152.847,0,-94.4224,0
"MtrElec",3,14,21,"",53.0257,0,0,0,0,0,0,0,0,0,0,0,0,0,0,0,0,0,0,0,0,147.448,0,-94.4224,0
"MtrElec",3,14,22,"",78.6044,0,0,0,0,0,0,0,0,0,0,0,0,0,0,0,0,0,0,0,0,113.286,0,-34.6821,0
"MtrElec",3,14,23,"",123.371,0,0,0,0,0,0,0,0,0,0,0,0,0,0,0,0,0,0,0,0,123.371,0,0,0
"MtrElec",3,14,24,"",82.1394,0,0,0,0,0,0,0,0,0,0,0,0,0,0,0,0,0,0,0,0,82.1394,0,0,0
"MtrElec",3,15,1,"",65.9519,0,0,0,0,0,0,0,0,0,0,0,0,0,0,0,0,0,0,0,0,65.9519,0,0,0
"MtrElec",3,15,2,"",62.567,0,0,0,0,0,0,0,0,0,0,0,0,0,0,0,0,0,0,0,0,62.567,0,0,0
"MtrElec",3,15,3,"",63.346,0,0,0,0,0,0,0,0,0,0,0,0,0,0,0,0,0,0,0,0,63.346,0,0,0
"MtrElec",3,15,4,"",62.4115,0,0,0,0,0,0,0,0,0,0,0,0,0,0,0,0,0,0,0,0,62.4115,0,0,0
"MtrElec",3,15,5,"",59.5821,0,0,0,0,0,0,0,0,0,0,0,0,0,0,0,0,0,0,0,0,59.5821,0,0,0
"MtrElec",3,15,6,"",62.9195,0,0,0,0,0,0,0,0,0,0,0,0,0,0,0,0,0,0,0,0,62.9195,0,0,0
"MtrElec",3,15,7,"",69.232,0,0,0,0,0,0,0,0,0,0,0,0,0,0,0,0,0,0,0,0,69.232,0,0,0
"MtrElec",3,15,8,"",100.083,0,0,0,0,0,0,0,0,0,0,0,0,0,0,0,0,0,0,0,0,122.051,0,0,-21.9674
"MtrElec",3,15,9,"",8.0652,0,0,0,0,0,0,0,0,0,0,0,0,0,0,0,0,0,0,0,0,93.9836,0,0,-85.9184
"MtrElec",3,15,10,"",0.0000010,0,0,0,0,0,0,0,0,0,0,0,0,0,0,0,0,0,0,0,0,146.264,0,14.9595,-161.224
"MtrElec",3,15,11,"",0,0,0,0,0,0,0,0,0,0,0,0,0,0,0,0,0,0,0,0,0,162.33,0,61.5268,-223.857
"MtrElec",3,15,12,"",-13.9961,0,0,0,0,0,0,0,0,0,0,0,0,0,0,0,0,0,0,0,0,156.179,0,94.4224,-264.598
"MtrElec",3,15,13,"",-33.3674,0,0,0,0,0,0,0,0,0,0,0,0,0,0,0,0,0,0,0,0,154.838,0,94.4224,-282.628
"MtrElec",3,15,14,"",-80.2828,0,0,0,0,0,0,0,0,0,0,0,0,0,0,0,0,0,0,0,0,110.932,0,86.9673,-278.182
"MtrElec",3,15,15,"",-117.349,0,0,0,0,0,0,0,0,0,0,0,0,0,0,0,0,0,0,0,0,142.012,0,0,-259.361
"MtrElec",3,15,16,"",-93.6073,0,0,0,0,0,0,0,0,0,0,0,0,0,0,0,0,0,0,0,0,127.141,0,0,-220.748
"MtrElec",3,15,17,"",-6.04353,0,0,0,0,0,0,0,0,0,0,0,0,0,0,0,0,0,0,0,0,153.805,0,0,-159.848
"MtrElec",3,15,18,"",83.3789,0,0,0,0,0,0,0,0,0,0,0,0,0,0,0,0,0,0,0,0,167.573,0,0,-84.1944
"MtrElec",3,15,19,"",92.7076,0,0,0,0,0,0,0,0,0,0,0,0,0,0,0,0,0,0,0,0,202.219,0,-94.4224,-15.0894
"MtrElec",3,15,20,"",99.4294,0,0,0,0,0,0,0,0,0,0,0,0,0,0,0,0,0,0,0,0,193.852,0,-94.4224,0
"MtrElec",3,15,21,"",93.8939,0,0,0,0,0,0,0,0,0,0,0,0,0,0,0,0,0,0,0,0,188.316,0,-94.4224,0
"MtrElec",3,15,22,"",111.257,0,0,0,0,0,0,0,0,0,0,0,0,0,0,0,0,0,0,0,0,145.939,0,-34.6821,0
"MtrElec",3,15,23,"",137.39,0,0,0,0,0,0,0,0,0,0,0,0,0,0,0,0,0,0,0,0,137.39,0,0,0
"MtrElec",3,15,24,"",104.439,0,0,0,0,0,0,0,0,0,0,0,0,0,0,0,0,0,0,0,0,104.439,0,0,0
"MtrElec",3,16,1,"",82.6857,0,0,0,0,0,0,0,0,0,0,0,0,0,0,0,0,0,0,0,0,82.6857,0,0,0
"MtrElec",3,16,2,"",62.8656,0,0,0,0,0,0,0,0,0,0,0,0,0,0,0,0,0,0,0,0,62.8656,0,0,0
"MtrElec",3,16,3,"",60.848,0,0,0,0,0,0,0,0,0,0,0,0,0,0,0,0,0,0,0,0,60.848,0,0,0
"MtrElec",3,16,4,"",60.6726,0,0,0,0,0,0,0,0,0,0,0,0,0,0,0,0,0,0,0,0,60.6726,0,0,0
"MtrElec",3,16,5,"",59.9356,0,0,0,0,0,0,0,0,0,0,0,0,0,0,0,0,0,0,0,0,59.9356,0,0,0
"MtrElec",3,16,6,"",72.192,0,0,0,0,0,0,0,0,0,0,0,0,0,0,0,0,0,0,0,0,72.192,0,0,0
"MtrElec",3,16,7,"",124.758,0,0,0,0,0,0,0,0,0,0,0,0,0,0,0,0,0,0,0,0,124.758,0,0,0
"MtrElec",3,16,8,"",124.751,0,0,0,0,0,0,0,0,0,0,0,0,0,0,0,0,0,0,0,0,145.29,0,0,-20.5393
"MtrElec",3,16,9,"",57.7685,0,0,0,0,0,0,0,0,0,0,0,0,0,0,0,0,0,0,0,0,141.347,0,0,-83.578
"MtrElec",3,16,10,"",32.0478,0,0,0,0,0,0,0,0,0,0,0,0,0,0,0,0,0,0,0,0,189.968,0,0,-157.92
"MtrElec",3,16,11,"",0,0,0,0,0,0,0,0,0,0,0,0,0,0,0,0,0,0,0,0,0,135.34,0,78.9644,-214.305
"MtrElec",3,16,12,"",-2.95879,0,0,0,0,0,0,0,0,0,0,0,0,0,0,0,0,0,0,0,0,152.154,0,94.4224,-249.536
"MtrElec",3,16,13,"",-8.98005,0,0,0,0,0,0,0,0,0,0,0,0,0,0,0,0,0,0,0,0,155.498,0,94.4224,-258.901
"MtrElec",3,16,14,"",-57.9535,0,0,0,0,0,0,0,0,0,0,0,0,0,0,0,0,0,0,0,0,122.768,0,84.4892,-265.211
"MtrElec",3,16,15,"",-120.974,0,0,0,0,0,0,0,0,0,0,0,0,0,0,0,0,0,0,0,0,130.199,0,0,-251.173
"MtrElec",3,16,16,"",-99.2662,0,0,0,0,0,0,0,0,0,0,0,0,0,0,0,0,0,0,0,0,116.328,0,0,-215.595
"MtrElec",3,16,17,"",3.58687,0,0,0,0,0,0,0,0,0,0,0,0,0,0,0,0,0,0,0,0,164.373,0,0,-160.786
"MtrElec",3,16,18,"",107.996,0,0,0,0,0,0,0,0,0,0,0,0,0,0,0,0,0,0,0,0,194.549,0,0,-86.5522
"MtrElec",3,16,19,"",84.3698,0,0,0,0,0,0,0,0,0,0,0,0,0,0,0,0,0,0,0,0,195.278,0,-94.4224,-16.4859
"MtrElec",3,16,20,"",83.0662,0,0,0,0,0,0,0,0,0,0,0,0,0,0,0,0,0,0,0,0,177.489,0,-94.4224,0
"MtrElec",3,16,21,"",95.1311,0,0,0,0,0,0,0,0,0,0,0,0,0,0,0,0,0,0,0,0,189.554,0,-94.4224,0
"MtrElec",3,16,22,"",125.826,0,0,0,0,0,0,0,0,0,0,0,0,0,0,0,0,0,0,0,0,160.508,0,-34.6821,0
"MtrElec",3,16,23,"",164.691,0,0,0,0,0,0,0,0,0,0,0,0,0,0,0,0,0,0,0,0,164.691,0,0,0
"MtrElec",3,16,24,"",125.873,0,0,0,0,0,0,0,0,0,0,0,0,0,0,0,0,0,0,0,0,125.873,0,0,0
"MtrElec",3,17,1,"",79.7028,0,0,0,0,0,0,0,0,0,0,0,0,0,0,0,0,0,0,0,0,79.7028,0,0,0
"MtrElec",3,17,2,"",63.3566,0,0,0,0,0,0,0,0,0,0,0,0,0,0,0,0,0,0,0,0,63.3566,0,0,0
"MtrElec",3,17,3,"",64.0407,0,0,0,0,0,0,0,0,0,0,0,0,0,0,0,0,0,0,0,0,64.0407,0,0,0
"MtrElec",3,17,4,"",64.4393,0,0,0,0,0,0,0,0,0,0,0,0,0,0,0,0,0,0,0,0,64.4393,0,0,0
"MtrElec",3,17,5,"",64.1537,0,0,0,0,0,0,0,0,0,0,0,0,0,0,0,0,0,0,0,0,64.1537,0,0,0
"MtrElec",3,17,6,"",65.6008,0,0,0,0,0,0,0,0,0,0,0,0,0,0,0,0,0,0,0,0,65.6008,0,0,0
"MtrElec",3,17,7,"",124.492,0,0,0,0,0,0,0,0,0,0,0,0,0,0,0,0,0,0,0,0,124.492,0,0,0
"MtrElec",3,17,8,"",116.488,0,0,0,0,0,0,0,0,0,0,0,0,0,0,0,0,0,0,0,0,139.359,0,0,-22.8711
"MtrElec",3,17,9,"",26.9823,0,0,0,0,0,0,0,0,0,0,0,0,0,0,0,0,0,0,0,0,114.62,0,0,-87.6373
"MtrElec",3,17,10,"",5.92134,0,0,0,0,0,0,0,0,0,0,0,0,0,0,0,0,0,0,0,0,165.754,0,0,-159.832
"MtrElec",3,17,11,"",0,0,0,0,0,0,0,0,0,0,0,0,0,0,0,0,0,0,0,0,0,158.663,0,58.8882,-217.551
"MtrElec",3,17,12,"",-42.8003,0,0,0,0,0,0,0,0,0,0,0,0,0,0,0,0,0,0,0,0,120.927,0,94.4224,-258.149
"MtrElec",3,17,13,"",-15.4199,0,0,0,0,0,0,0,0,0,0,0,0,0,0,0,0,0,0,0,0,170.165,0,94.4224,-280.007
"MtrElec",3,17,14,"",-104.776,0,0,0,0,0,0,0,0,0,0,0,0,0,0,0,0,0,0,0,0,82.9716,0,94.4224,-282.17
"MtrElec",3,17,15,"",-156.089,0,0,0,0,0,0,0,0,0,0,0,0,0,0,0,0,0,0,0,0,97.3651,0,10.143,-263.597
"MtrElec",3,17,16,"",-108.871,0,0,0,0,0,0,0,0,0,0,0,0,0,0,0,0,0,0,0,0,116.441,0,0,-225.312
"MtrElec",3,17,17,"",-49.667,0,0,0,0,0,0,0,0,0,0,0,0,0,0,0,0,0,0,0,0,116.798,0,0,-166.465
"MtrElec",3,17,18,"",52.8896,0,0,0,0,0,0,0,0,0,0,0,0,0,0,0,0,0,0,0,0,143.025,0,0,-90.135
"MtrElec",3,17,19,"",89.8998,0,0,0,0,0,0,0,0,0,0,0,0,0,0,0,0,0,0,0,0,201.867,0,-94.4224,-17.5448
"MtrElec",3,17,20,"",53.5331,0,0,0,0,0,0,0,0,0,0,0,0,0,0,0,0,0,0,0,0,147.956,0,-94.4224,0
"MtrElec",3,17,21,"",106.886,0,0,0,0,0,0,0,0,0,0,0,0,0,0,0,0,0,0,0,0,201.309,0,-94.4224,0
"MtrElec",3,17,22,"",78.9234,0,0,0,0,0,0,0,0,0,0,0,0,0,0,0,0,0,0,0,0,113.605,0,-34.6821,0
"MtrElec",3,17,23,"",96.5619,0,0,0,0,0,0,0,0,0,0,0,0,0,0,0,0,0,0,0,0,96.5619,0,0,0
"MtrElec",3,17,24,"",79.7775,0,0,0,0,0,0,0,0,0,0,0,0,0,0,0,0,0,0,0,0,79.7775,0,0,0
"MtrElec",3,18,1,"",74.2836,0,0,0,0,0,0,0,0,0,0,0,0,0,0,0,0,0,0,0,0,74.2836,0,0,0
"MtrElec",3,18,2,"",85.2383,0,0,0,0,0,0,0,0,0,0,0,0,0,0,0,0,0,0,0,0,85.2383,0,0,0
"MtrElec",3,18,3,"",60.6303,0,0,0,0,0,0,0,0,0,0,0,0,0,0,0,0,0,0,0,0,60.6303,0,0,0
"MtrElec",3,18,4,"",60.5791,0,0,0,0,0,0,0,0,0,0,0,0,0,0,0,0,0,0,0,0,60.5791,0,0,0
"MtrElec",3,18,5,"",59.8906,0,0,0,0,0,0,0,0,0,0,0,0,0,0,0,0,0,0,0,0,59.8906,0,0,0
"MtrElec",3,18,6,"",64.7576,0,0,0,0,0,0,0,0,0,0,0,0,0,0,0,0,0,0,0,0,64.7576,0,0,0
"MtrElec",3,18,7,"",116.315,0,0,0,0,0,0,0,0,0,0,0,0,0,0,0,0,0,0,0,0,116.315,0,0,0
"MtrElec",3,18,8,"",128.257,0,0,0,0,0,0,0,0,0,0,0,0,0,0,0,0,0,0,0,0,140.887,0,0,-12.6291
"MtrElec",3,18,9,"",83.5452,0,0,0,0,0,0,0,0,0,0,0,0,0,0,0,0,0,0,0,0,150.341,0,0,-66.7953
"MtrElec",3,18,10,"",9.38869,0,0,0,0,0,0,0,0,0,0,0,0,0,0,0,0,0,0,0,0,153.613,0,0,-144.224
"MtrElec",3,18,11,"",0,0,0,0,0,0,0,0,0,0,0,0,0,0,0,0,0,0,0,0,0,119.122,0,94.2358,-213.357
"MtrElec",3,18,12,"",-45.6564,0,0,0,0,0,0,0,0,0,0,0,0,0,0,0,0,0,0,0,0,125.593,0,94.4224,-265.672
"MtrElec",3,18,13,"",-104.317,0,0,0,0,0,0,0,0,0,0,0,0,0,0,0,0,0,0,0,0,84.5112,0,94.4224,-283.25
"MtrElec",3,18,14,"",-99.4655,0,0,0,0,0,0,0,0,0,0,0,0,0,0,0,0,0,0,0,0,111.739,0,69.2179,-280.423
"MtrElec",3,18,15,"",-174.646,0,0,0,0,0,0,0,0,0,0,0,0,0,0,0,0,0,0,0,0,84.0376,0,0,-258.684
"MtrElec",3,18,16,"",-122.649,0,0,0,0,0,0,0,0,0,0,0,0,0,0,0,0,0,0,0,0,96.9416,0,0,-219.591
"MtrElec",3,18,17,"",-32.3223,0,0,0,0,0,0,0,0,0,0,0,0,0,0,0,0,0,0,0,0,129.358,0,0,-161.68
"MtrElec",3,18,18,"",72.4368,0,0,0,0,0,0,0,0,0,0,0,0,0,0,0,0,0,0,0,0,159.06,0,0,-86.6228
"MtrElec",3,18,19,"",70.5312,0,0,0,0,0,0,0,0,0,0,0,0,0,0,0,0,0,0,0,0,181.751,0,-94.4224,-16.7974
"MtrElec",3,18,20,"",95.4348,0,0,0,0,0,0,0,0,0,0,0,0,0,0,0,0,0,0,0,0,189.857,0,-94.4224,0
"MtrElec",3,18,21,"",57.2414,0,0,0,0,0,0,0,0,0,0,0,0,0,0,0,0,0,0,0,0,151.664,0,-94.4224,0
"MtrElec",3,18,22,"",131.306,0,0,0,0,0,0,0,0,0,0,0,0,0,0,0,0,0,0,0,0,165.988,0,-34.6821,0
"MtrElec",3,18,23,"",174.241,0,0,0,0,0,0,0,0,0,0,0,0,0,0,0,0,0,0,0,0,174.241,0,0,0
"MtrElec",3,18,24,"",124.406,0,0,0,0,0,0,0,0,0,0,0,0,0,0,0,0,0,0,0,0,124.406,0,0,0
"MtrElec",3,19,1,"",71.7436,0,0,0,0,0,0,0,0,0,0,0,0,0,0,0,0,0,0,0,0,71.7436,0,0,0
"MtrElec",3,19,2,"",62.4183,0,0,0,0,0,0,0,0,0,0,0,0,0,0,0,0,0,0,0,0,62.4183,0,0,0
"MtrElec",3,19,3,"",60.6327,0,0,0,0,0,0,0,0,0,0,0,0,0,0,0,0,0,0,0,0,60.6327,0,0,0
"MtrElec",3,19,4,"",60.5829,0,0,0,0,0,0,0,0,0,0,0,0,0,0,0,0,0,0,0,0,60.5829,0,0,0
"MtrElec",3,19,5,"",91.2171,0,0,0,0,0,0,0,0,0,0,0,0,0,0,0,0,0,0,0,0,91.2171,0,0,0
"MtrElec",3,19,6,"",64.7505,0,0,0,0,0,0,0,0,0,0,0,0,0,0,0,0,0,0,0,0,64.7505,0,0,0
"MtrElec",3,19,7,"",87.4627,0,0,0,0,0,0,0,0,0,0,0,0,0,0,0,0,0,0,0,0,87.4627,0,0,0
"MtrElec",3,19,8,"",107.298,0,0,0,0,0,0,0,0,0,0,0,0,0,0,0,0,0,0,0,0,132.186,0,0,-24.8887
"MtrElec",3,19,9,"",45.2574,0,0,0,0,0,0,0,0,0,0,0,0,0,0,0,0,0,0,0,0,139.022,0,0,-93.7648
"MtrElec",3,19,10,"",0,0,0,0,0,0,0,0,0,0,0,0,0,0,0,0,0,0,0,0,0,111.776,0,57.5986,-169.374
"MtrElec",3,19,11,"",-18.355,0,0,0,0,0,0,0,0,0,0,0,0,0,0,0,0,0,0,0,0,112.729,0,94.4224,-225.507
"MtrElec",3,19,12,"",-41.3709,0,0,0,0,0,0,0,0,0,0,0,0,0,0,0,0,0,0,0,0,125.449,0,94.4224,-261.242
"MtrElec",3,19,13,"",-69.5115,0,0,0,0,0,0,0,0,0,0,0,0,0,0,0,0,0,0,0,0,117.11,0,94.4224,-281.044
"MtrElec",3,19,14,"",-188.896,0,0,0,0,0,0,0,0,0,0,0,0,0,0,0,0,0,0,0,0,79.0296,0,11.4326,-279.358
"MtrElec",3,19,15,"",-151.58,0,0,0,0,0,0,0,0,0,0,0,0,0,0,0,0,0,0,0,0,105.167,0,0,-256.747
"MtrElec",3,19,16,"",-114.384,0,0,0,0,0,0,0,0,0,0,0,0,0,0,0,0,0,0,0,0,104.363,0,0,-218.747
"MtrElec",3,19,17,"",-28.6983,0,0,0,0,0,0,0,0,0,0,0,0,0,0,0,0,0,0,0,0,135.796,0,0,-164.495
"MtrElec",3,19,18,"",79.674,0,0,0,0,0,0,0,0,0,0,0,0,0,0,0,0,0,0,0,0,169.433,0,0,-89.7589
"MtrElec",3,19,19,"",50.395,0,0,0,0,0,0,0,0,0,0,0,0,0,0,0,0,0,0,0,0,162.523,0,-94.4224,-17.7059
"MtrElec",3,19,20,"",79.7141,0,0,0,0,0,0,0,0,0,0,0,0,0,0,0,0,0,0,0,0,174.137,0,-94.4224,0
"MtrElec",3,19,21,"",89.4312,0,0,0,0,0,0,0,0,0,0,0,0,0,0,0,0,0,0,0,0,183.854,0,-94.4224,0
"MtrElec",3,19,22,"",83.2671,0,0,0,0,0,0,0,0,0,0,0,0,0,0,0,0,0,0,0,0,117.949,0,-34.6821,0
"MtrElec",3,19,23,"",155.895,0,0,0,0,0,0,0,0,0,0,0,0,0,0,0,0,0,0,0,0,155.895,0,0,0
"MtrElec",3,19,24,"",93.1685,0,0,0,0,0,0,0,0,0,0,0,0,0,0,0,0,0,0,0,0,93.1685,0,0,0
"MtrElec",3,20,1,"",73.9984,0,0,0,0,0,0,0,0,0,0,0,0,0,0,0,0,0,0,0,0,73.9984,0,0,0
"MtrElec",3,20,2,"",64.4236,0,0,0,0,0,0,0,0,0,0,0,0,0,0,0,0,0,0,0,0,64.4236,0,0,0
"MtrElec",3,20,3,"",61.4813,0,0,0,0,0,0,0,0,0,0,0,0,0,0,0,0,0,0,0,0,61.4813,0,0,0
"MtrElec",3,20,4,"",60.5993,0,0,0,0,0,0,0,0,0,0,0,0,0,0,0,0,0,0,0,0,60.5993,0,0,0
"MtrElec",3,20,5,"",59.9097,0,0,0,0,0,0,0,0,0,0,0,0,0,0,0,0,0,0,0,0,59.9097,0,0,0
"MtrElec",3,20,6,"",74.3608,0,0,0,0,0,0,0,0,0,0,0,0,0,0,0,0,0,0,0,0,74.3608,0,0,0
"MtrElec",3,20,7,"",135.561,0,0,0,0,0,0,0,0,0,0,0,0,0,0,0,0,0,0,0,0,135.561,0,0,0
"MtrElec",3,20,8,"",126.702,0,0,0,0,0,0,0,0,0,0,0,0,0,0,0,0,0,0,0,0,143.607,0,0,-16.9052
"MtrElec",3,20,9,"",90.3002,0,0,0,0,0,0,0,0,0,0,0,0,0,0,0,0,0,0,0,0,157.638,0,0,-67.3376
"MtrElec",3,20,10,"",0,0,0,0,0,0,0,0,0,0,0,0,0,0,0,0,0,0,0,0,0,126.575,0,2.71674,-129.292
"MtrElec",3,20,11,"",0,0,0,0,0,0,0,0,0,0,0,0,0,0,0,0,0,0,0,0,0,116.472,0,65.4044,-181.876
"MtrElec",3,20,12,"",0,0,0,0,0,0,0,0,0,0,0,0,0,0,0,0,0,0,0,0,0,129.897,0,92.3641,-222.261
"MtrElec",3,20,13,"",-42.2844,0,0,0,0,0,0,0,0,0,0,0,0,0,0,0,0,0,0,0,0,108.56,0,94.4224,-245.267
"MtrElec",3,20,14,"",-47.2442,0,0,0,0,0,0,0,0,0,0,0,0,0,0,0,0,0,0,0,0,103.917,0,94.4224,-245.584
"MtrElec",3,20,15,"",-114.816,0,0,0,0,0,0,0,0,0,0,0,0,0,0,0,0,0,0,0,0,111.156,0,2.96843,-228.94
"MtrElec",3,20,16,"",-43.3964,0,0,0,0,0,0,0,0,0,0,0,0,0,0,0,0,0,0,0,0,148.326,0,0,-191.722
"MtrElec",3,20,17,"",3.76294,0,0,0,0,0,0,0,0,0,0,0,0,0,0,0,0,0,0,0,0,118.184,0,0,-114.421
"MtrElec",3,20,18,"",82.6095,0,0,0,0,0,0,0,0,0,0,0,0,0,0,0,0,0,0,0,0,134.771,0,0,-52.1619
"MtrElec",3,20,19,"",62.1212,0,0,0,0,0,0,0,0,0,0,0,0,0,0,0,0,0,0,0,0,173.531,0,-94.4224,-16.9876
"MtrElec",3,20,20,"",51.293,0,0,0,0,0,0,0,0,0,0,0,0,0,0,0,0,0,0,0,0,145.715,0,-94.4224,0
"MtrElec",3,20,21,"",113.651,0,0,0,0,0,0,0,0,0,0,0,0,0,0,0,0,0,0,0,0,208.074,0,-94.4224,0
"MtrElec",3,20,22,"",106.484,0,0,0,0,0,0,0,0,0,0,0,0,0,0,0,0,0,0,0,0,141.166,0,-34.6821,0
"MtrElec",3,20,23,"",101.382,0,0,0,0,0,0,0,0,0,0,0,0,0,0,0,0,0,0,0,0,101.382,0,0,0
"MtrElec",3,20,24,"",109.288,0,0,0,0,0,0,0,0,0,0,0,0,0,0,0,0,0,0,0,0,109.288,0,0,0
"MtrElec",3,21,1,"",66.0007,0,0,0,0,0,0,0,0,0,0,0,0,0,0,0,0,0,0,0,0,66.0007,0,0,0
"MtrElec",3,21,2,"",62.6459,0,0,0,0,0,0,0,0,0,0,0,0,0,0,0,0,0,0,0,0,62.6459,0,0,0
"MtrElec",3,21,3,"",61.9761,0,0,0,0,0,0,0,0,0,0,0,0,0,0,0,0,0,0,0,0,61.9761,0,0,0
"MtrElec",3,21,4,"",63.2628,0,0,0,0,0,0,0,0,0,0,0,0,0,0,0,0,0,0,0,0,63.2628,0,0,0
"MtrElec",3,21,5,"",74.6027,0,0,0,0,0,0,0,0,0,0,0,0,0,0,0,0,0,0,0,0,74.6027,0,0,0
"MtrElec",3,21,6,"",63.0424,0,0,0,0,0,0,0,0,0,0,0,0,0,0,0,0,0,0,0,0,63.0424,0,0,0
"MtrElec",3,21,7,"",70.3549,0,0,0,0,0,0,0,0,0,0,0,0,0,0,0,0,0,0,0,0,70.3549,0,0,0
"MtrElec",3,21,8,"",107.363,0,0,0,0,0,0,0,0,0,0,0,0,0,0,0,0,0,0,0,0,119.756,0,0,-12.3925
"MtrElec",3,21,9,"",87.7175,0,0,0,0,0,0,0,0,0,0,0,0,0,0,0,0,0,0,0,0,96.2988,0,0,-8.58127
"MtrElec",3,21,10,"",109.134,0,0,0,0,0,0,0,0,0,0,0,0,0,0,0,0,0,0,0,0,136.268,0,0,-27.1341
"MtrElec",3,21,11,"",85.4916,0,0,0,0,0,0,0,0,0,0,0,0,0,0,0,0,0,0,0,0,177.233,0,0,-91.7418
"MtrElec",3,21,12,"",0,0,0,0,0,0,0,0,0,0,0,0,0,0,0,0,0,0,0,0,0,137.588,0,92.6898,-230.278
"MtrElec",3,21,13,"",-21.9091,0,0,0,0,0,0,0,0,0,0,0,0,0,0,0,0,0,0,0,0,149.476,0,94.4224,-265.807
"MtrElec",3,21,14,"",-84.8525,0,0,0,0,0,0,0,0,0,0,0,0,0,0,0,0,0,0,0,0,89.9034,0,94.4224,-269.178
"MtrElec",3,21,15,"",-101.843,0,0,0,0,0,0,0,0,0,0,0,0,0,0,0,0,0,0,0,0,81.2144,0,70.7639,-253.821
"MtrElec",3,21,16,"",-97.57,0,0,0,0,0,0,0,0,0,0,0,0,0,0,0,0,0,0,0,0,118.289,0,0,-215.859
"MtrElec",3,21,17,"",-52.6992,0,0,0,0,0,0,0,0,0,0,0,0,0,0,0,0,0,0,0,0,105.556,0,0,-158.255
"MtrElec",3,21,18,"",38.4949,0,0,0,0,0,0,0,0,0,0,0,0,0,0,0,0,0,0,0,0,123.527,0,0,-85.0318
"MtrElec",3,21,19,"",98.6789,0,0,0,0,0,0,0,0,0,0,0,0,0,0,0,0,0,0,0,0,209.854,0,-94.4224,-16.7531
"MtrElec",3,21,20,"",41.0593,0,0,0,0,0,0,0,0,0,0,0,0,0,0,0,0,0,0,0,0,135.482,0,-94.4224,0
"MtrElec",3,21,21,"",84.7627,0,0,0,0,0,0,0,0,0,0,0,0,0,0,0,0,0,0,0,0,179.185,0,-94.4224,0
"MtrElec",3,21,22,"",110.707,0,0,0,0,0,0,0,0,0,0,0,0,0,0,0,0,0,0,0,0,145.389,0,-34.6821,0
"MtrElec",3,21,23,"",87.7944,0,0,0,0,0,0,0,0,0,0,0,0,0,0,0,0,0,0,0,0,87.7944,0,0,0
"MtrElec",3,21,24,"",97.6728,0,0,0,0,0,0,0,0,0,0,0,0,0,0,0,0,0,0,0,0,97.6728,0,0,0
"MtrElec",3,22,1,"",65.7492,0,0,0,0,0,0,0,0,0,0,0,0,0,0,0,0,0,0,0,0,65.7492,0,0,0
"MtrElec",3,22,2,"",62.4654,0,0,0,0,0,0,0,0,0,0,0,0,0,0,0,0,0,0,0,0,62.4654,0,0,0
"MtrElec",3,22,3,"",87.6661,0,0,0,0,0,0,0,0,0,0,0,0,0,0,0,0,0,0,0,0,87.6661,0,0,0
"MtrElec",3,22,4,"",62.7254,0,0,0,0,0,0,0,0,0,0,0,0,0,0,0,0,0,0,0,0,62.7254,0,0,0
"MtrElec",3,22,5,"",66.9687,0,0,0,0,0,0,0,0,0,0,0,0,0,0,0,0,0,0,0,0,66.9687,0,0,0
"MtrElec",3,22,6,"",62.8584,0,0,0,0,0,0,0,0,0,0,0,0,0,0,0,0,0,0,0,0,62.8584,0,0,0
"MtrElec",3,22,7,"",69.0436,0,0,0,0,0,0,0,0,0,0,0,0,0,0,0,0,0,0,0,0,69.0436,0,0,0
"MtrElec",3,22,8,"",90.8231,0,0,0,0,0,0,0,0,0,0,0,0,0,0,0,0,0,0,0,0,118.902,0,0,-28.0791
"MtrElec",3,22,9,"",50.2764,0,0,0,0,0,0,0,0,0,0,0,0,0,0,0,0,0,0,0,0,138.813,0,0,-88.5366
"MtrElec",3,22,10,"",46.1587,0,0,0,0,0,0,0,0,0,0,0,0,0,0,0,0,0,0,0,0,167.473,0,0,-121.314
"MtrElec",3,22,11,"",23.2255,0,0,0,0,0,0,0,0,0,0,0,0,0,0,0,0,0,0,0,0,168.21,0,0,-144.984
"MtrElec",3,22,12,"",69.6987,0,0,0,0,0,0,0,0,0,0,0,0,0,0,0,0,0,0,0,0,181.113,0,0,-111.415
"MtrElec",3,22,13,"",32.3097,0,0,0,0,0,0,0,0,0,0,0,0,0,0,0,0,0,0,0,0,195.452,0,0,-163.142
"MtrElec",3,22,14,"",-16.4975,0,0,0,0,0,0,0,0,0,0,0,0,0,0,0,0,0,0,0,0,141.78,0,94.4224,-252.7
"MtrElec",3,22,15,"",0,0,0,0,0,0,0,0,0,0,0,0,0,0,0,0,0,0,0,0,0,159.631,0,92.9076,-252.539
"MtrElec",3,22,16,"",-4.61184,0,0,0,0,0,0,0,0,0,0,0,0,0,0,0,0,0,0,0,0,117.25,0,94.4224,-216.285
"MtrElec",3,22,17,"",0,0,0,0,0,0,0,0,0,0,0,0,0,0,0,0,0,0,0,0,0,124.828,0,33.5786,-158.407
"MtrElec",3,22,18,"",51.9747,0,0,0,0,0,0,0,0,0,0,0,0,0,0,0,0,0,0,0,0,136.854,0,0,-84.8797
"MtrElec",3,22,19,"",87.0065,0,0,0,0,0,0,0,0,0,0,0,0,0,0,0,0,0,0,0,0,198.573,0,-94.4224,-17.1436
"MtrElec",3,22,20,"",57.4983,0,0,0,0,0,0,0,0,0,0,0,0,0,0,0,0,0,0,0,0,151.921,0,-94.4224,0
"MtrElec",3,22,21,"",67.4529,0,0,0,0,0,0,0,0,0,0,0,0,0,0,0,0,0,0,0,0,161.875,0,-94.4224,0
"MtrElec",3,22,22,"",174.511,0,0,0,0,0,0,0,0,0,0,0,0,0,0,0,0,0,0,0,0,175.83,0,-1.31894,0
"MtrElec",3,22,23,"",98.663,0,0,0,0,0,0,0,0,0,0,0,0,0,0,0,0,0,0,0,0,98.663,0,0,0
"MtrElec",3,22,24,"",93.2456,0,0,0,0,0,0,0,0,0,0,0,0,0,0,0,0,0,0,0,0,93.2456,0,0,0
"MtrElec",3,23,1,"",98.7647,0,0,0,0,0,0,0,0,0,0,0,0,0,0,0,0,0,0,0,0,98.7647,0,0,0
"MtrElec",3,23,2,"",62.0528,0,0,0,0,0,0,0,0,0,0,0,0,0,0,0,0,0,0,0,0,62.0528,0,0,0
"MtrElec",3,23,3,"",63.185,0,0,0,0,0,0,0,0,0,0,0,0,0,0,0,0,0,0,0,0,63.185,0,0,0
"MtrElec",3,23,4,"",64.0435,0,0,0,0,0,0,0,0,0,0,0,0,0,0,0,0,0,0,0,0,64.0435,0,0,0
"MtrElec",3,23,5,"",63.7685,0,0,0,0,0,0,0,0,0,0,0,0,0,0,0,0,0,0,0,0,63.7685,0,0,0
"MtrElec",3,23,6,"",64.4164,0,0,0,0,0,0,0,0,0,0,0,0,0,0,0,0,0,0,0,0,64.4164,0,0,0
"MtrElec",3,23,7,"",93.8687,0,0,0,0,0,0,0,0,0,0,0,0,0,0,0,0,0,0,0,0,93.8687,0,0,0
"MtrElec",3,23,8,"",119.135,0,0,0,0,0,0,0,0,0,0,0,0,0,0,0,0,0,0,0,0,130.866,0,0,-11.731
"MtrElec",3,23,9,"",104.873,0,0,0,0,0,0,0,0,0,0,0,0,0,0,0,0,0,0,0,0,143.59,0,0,-38.7169
"MtrElec",3,23,10,"",54.3047,0,0,0,0,0,0,0,0,0,0,0,0,0,0,0,0,0,0,0,0,152.297,0,0,-97.9924
"MtrElec",3,23,11,"",0.0000010,0,0,0,0,0,0,0,0,0,0,0,0,0,0,0,0,0,0,0,0,154.833,0,9.98786,-164.821
"MtrElec",3,23,12,"",0,0,0,0,0,0,0,0,0,0,0,0,0,0,0,0,0,0,0,0,0,144.787,0,60.3766,-205.164
"MtrElec",3,23,13,"",0,0,0,0,0,0,0,0,0,0,0,0,0,0,0,0,0,0,0,0,0,168.174,0,59.9891,-228.163
"MtrElec",3,23,14,"",-33.9359,0,0,0,0,0,0,0,0,0,0,0,0,0,0,0,0,0,0,0,0,102.005,0,94.4224,-230.363
"MtrElec",3,23,15,"",-26.35,0,0,0,0,0,0,0,0,0,0,0,0,0,0,0,0,0,0,0,0,83.0754,0,94.4224,-203.848
"MtrElec",3,23,16,"",-48.3486,0,0,0,0,0,0,0,0,0,0,0,0,0,0,0,0,0,0,0,0,78.1851,0,33.1,-159.634
"MtrElec",3,23,17,"",-20.269,0,0,0,0,0,0,0,0,0,0,0,0,0,0,0,0,0,0,0,0,117.475,0,0,-137.744
"MtrElec",3,23,18,"",51.624,0,0,0,0,0,0,0,0,0,0,0,0,0,0,0,0,0,0,0,0,122.589,0,0,-70.9653
"MtrElec",3,23,19,"",38.2648,0,0,0,0,0,0,0,0,0,0,0,0,0,0,0,0,0,0,0,0,145.669,0,-94.4224,-12.9818
"MtrElec",3,23,20,"",57.5922,0,0,0,0,0,0,0,0,0,0,0,0,0,0,0,0,0,0,0,0,152.015,0,-94.4224,0
"MtrElec",3,23,21,"",102.618,0,0,0,0,0,0,0,0,0,0,0,0,0,0,0,0,0,0,0,0,197.04,0,-94.4224,0
"MtrElec",3,23,22,"",106.758,0,0,0,0,0,0,0,0,0,0,0,0,0,0,0,0,0,0,0,0,141.44,0,-34.6821,0
"MtrElec",3,23,23,"",93.914,0,0,0,0,0,0,0,0,0,0,0,0,0,0,0,0,0,0,0,0,93.914,0,0,0
"MtrElec",3,23,24,"",129.847,0,0,0,0,0,0,0,0,0,0,0,0,0,0,0,0,0,0,0,0,129.847,0,0,0
"MtrElec",3,24,1,"",95.6153,0,0,0,0,0,0,0,0,0,0,0,0,0,0,0,0,0,0,0,0,95.6153,0,0,0
"MtrElec",3,24,2,"",65.4769,0,0,0,0,0,0,0,0,0,0,0,0,0,0,0,0,0,0,0,0,65.4769,0,0,0
"MtrElec",3,24,3,"",61.7768,0,0,0,0,0,0,0,0,0,0,0,0,0,0,0,0,0,0,0,0,61.7768,0,0,0
"MtrElec",3,24,4,"",60.2553,0,0,0,0,0,0,0,0,0,0,0,0,0,0,0,0,0,0,0,0,60.2553,0,0,0
"MtrElec",3,24,5,"",59.5357,0,0,0,0,0,0,0,0,0,0,0,0,0,0,0,0,0,0,0,0,59.5357,0,0,0
"MtrElec",3,24,6,"",70.8091,0,0,0,0,0,0,0,0,0,0,0,0,0,0,0,0,0,0,0,0,70.8091,0,0,0
"MtrElec",3,24,7,"",121.958,0,0,0,0,0,0,0,0,0,0,0,0,0,0,0,0,0,0,0,0,121.958,0,0,0
"MtrElec",3,24,8,"",104.417,0,0,0,0,0,0,0,0,0,0,0,0,0,0,0,0,0,0,0,0,106.343,0,0,-1.92617
"MtrElec",3,24,9,"",118.489,0,0,0,0,0,0,0,0,0,0,0,0,0,0,0,0,0,0,0,0,148.566,0,0,-30.0772
"MtrElec",3,24,10,"",68.8235,0,0,0,0,0,0,0,0,0,0,0,0,0,0,0,0,0,0,0,0,154.285,0,0,-85.4615
"MtrElec",3,24,11,"",0.0000039,0,0,0,0,0,0,0,0,0,0,0,0,0,0,0,0,0,0,0,0,125.582,0,39.5528,-165.135
"MtrElec",3,24,12,"",-10.5208,0,0,0,0,0,0,0,0,0,0,0,0,0,0,0,0,0,0,0,0,113.146,0,94.4224,-218.089
"MtrElec",3,24,13,"",-8.45737,0,0,0,0,0,0,0,0,0,0,0,0,0,0,0,0,0,0,0,0,157.545,0,94.4224,-260.424
"MtrElec",3,24,14,"",-30.7558,0,0,0,0,0,0,0,0,0,0,0,0,0,0,0,0,0,0,0,0,116.156,0,94.4224,-241.335
"MtrElec",3,24,15,"",-112.255,0,0,0,0,0,0,0,0,0,0,0,0,0,0,0,0,0,0,0,0,77.6838,0,29.4784,-219.417
"MtrElec",3,24,16,"",-90.4514,0,0,0,0,0,0,0,0,0,0,0,0,0,0,0,0,0,0,0,0,85.1469,0,0,-175.598
"MtrElec",3,24,17,"",29.0679,0,0,0,0,0,0,0,0,0,0,0,0,0,0,0,0,0,0,0,0,138.899,0,0,-109.831
"MtrElec",3,24,18,"",81.6149,0,0,0,0,0,0,0,0,0,0,0,0,0,0,0,0,0,0,0,0,126.914,0,0,-45.2986
"MtrElec",3,24,19,"",76.1294,0,0,0,0,0,0,0,0,0,0,0,0,0,0,0,0,0,0,0,0,177.444,0,-94.4224,-6.89175
"MtrElec",3,24,20,"",53.4324,0,0,0,0,0,0,0,0,0,0,0,0,0,0,0,0,0,0,0,0,147.855,0,-94.4224,0
"MtrElec",3,24,21,"",74.1025,0,0,0,0,0,0,0,0,0,0,0,0,0,0,0,0,0,0,0,0,168.525,0,-94.4224,0
"MtrElec",3,24,22,"",115.338,0,0,0,0,0,0,0,0,0,0,0,0,0,0,0,0,0,0,0,0,150.021,0,-34.6821,0
"MtrElec",3,24,23,"",106.775,0,0,0,0,0,0,0,0,0,0,0,0,0,0,0,0,0,0,0,0,106.775,0,0,0
"MtrElec",3,24,24,"",81.4177,0,0,0,0,0,0,0,0,0,0,0,0,0,0,0,0,0,0,0,0,81.4177,0,0,0
"MtrElec",3,25,1,"",96.5973,0,0,0,0,0,0,0,0,0,0,0,0,0,0,0,0,0,0,0,0,96.5973,0,0,0
"MtrElec",3,25,2,"",63.6586,0,0,0,0,0,0,0,0,0,0,0,0,0,0,0,0,0,0,0,0,63.6586,0,0,0
"MtrElec",3,25,3,"",61.8983,0,0,0,0,0,0,0,0,0,0,0,0,0,0,0,0,0,0,0,0,61.8983,0,0,0
"MtrElec",3,25,4,"",67.6641,0,0,0,0,0,0,0,0,0,0,0,0,0,0,0,0,0,0,0,0,67.6641,0,0,0
"MtrElec",3,25,5,"",59.493,0,0,0,0,0,0,0,0,0,0,0,0,0,0,0,0,0,0,0,0,59.493,0,0,0
"MtrElec",3,25,6,"",64.298,0,0,0,0,0,0,0,0,0,0,0,0,0,0,0,0,0,0,0,0,64.298,0,0,0
"MtrElec",3,25,7,"",98.1581,0,0,0,0,0,0,0,0,0,0,0,0,0,0,0,0,0,0,0,0,98.1581,0,0,0
"MtrElec",3,25,8,"",113.582,0,0,0,0,0,0,0,0,0,0,0,0,0,0,0,0,0,0,0,0,128.709,0,0,-15.127
"MtrElec",3,25,9,"",136.645,0,0,0,0,0,0,0,0,0,0,0,0,0,0,0,0,0,0,0,0,149.234,0,0,-12.5884
"MtrElec",3,25,10,"",66.9353,0,0,0,0,0,0,0,0,0,0,0,0,0,0,0,0,0,0,0,0,118.562,0,0,-51.6263
"MtrElec",3,25,11,"",65.705,0,0,0,0,0,0,0,0,0,0,0,0,0,0,0,0,0,0,0,0,143.841,0,0,-78.1358
"MtrElec",3,25,12,"",46.4211,0,0,0,0,0,0,0,0,0,0,0,0,0,0,0,0,0,0,0,0,121.176,0,0,-74.7553
"MtrElec",3,25,13,"",0,0,0,0,0,0,0,0,0,0,0,0,0,0,0,0,0,0,0,0,0,100.49,0,27.1415,-127.632
"MtrElec",3,25,14,"",-2.54795,0,0,0,0,0,0,0,0,0,0,0,0,0,0,0,0,0,0,0,0,76.003,0,94.4224,-172.973
"MtrElec",3,25,15,"",0.0000039,0,0,0,0,0,0,0,0,0,0,0,0,0,0,0,0,0,0,0,0,114.829,0,34.6647,-149.494
"MtrElec",3,25,16,"",0,0,0,0,0,0,0,0,0,0,0,0,0,0,0,0,0,0,0,0,0,96.0258,0,81.7548,-177.781
"MtrElec",3,25,17,"",65.1688,0,0,0,0,0,0,0,0,0,0,0,0,0,0,0,0,0,0,0,0,168.8,0,0,-103.631
"MtrElec",3,25,18,"",44.6776,0,0,0,0,0,0,0,0,0,0,0,0,0,0,0,0,0,0,0,0,122.476,0,0,-77.7984
"MtrElec",3,25,19,"",48.6196,0,0,0,0,0,0,0,0,0,0,0,0,0,0,0,0,0,0,0,0,151.538,0,-94.4224,-8.4962
"MtrElec",3,25,20,"",58.6448,0,0,0,0,0,0,0,0,0,0,0,0,0,0,0,0,0,0,0,0,153.067,0,-94.4224,0
"MtrElec",3,25,21,"",83.1222,0,0,0,0,0,0,0,0,0,0,0,0,0,0,0,0,0,0,0,0,109.057,0,-25.9352,0
"MtrElec",3,25,22,"",157.327,0,0,0,0,0,0,0,0,0,0,0,0,0,0,0,0,0,0,0,0,157.327,0,0,0
"MtrElec",3,25,23,"",116.678,0,0,0,0,0,0,0,0,0,0,0,0,0,0,0,0,0,0,0,0,116.678,0,0,0
"MtrElec",3,25,24,"",85.3789,0,0,0,0,0,0,0,0,0,0,0,0,0,0,0,0,0,0,0,0,85.3789,0,0,0
"MtrElec",3,26,1,"",78.1721,0,0,0,0,0,0,0,0,0,0,0,0,0,0,0,0,0,0,0,0,78.1721,0,0,0
"MtrElec",3,26,2,"",61.8345,0,0,0,0,0,0,0,0,0,0,0,0,0,0,0,0,0,0,0,0,61.8345,0,0,0
"MtrElec",3,26,3,"",60.9882,0,0,0,0,0,0,0,0,0,0,0,0,0,0,0,0,0,0,0,0,60.9882,0,0,0
"MtrElec",3,26,4,"",67.5327,0,0,0,0,0,0,0,0,0,0,0,0,0,0,0,0,0,0,0,0,67.5327,0,0,0
"MtrElec",3,26,5,"",86.5919,0,0,0,0,0,0,0,0,0,0,0,0,0,0,0,0,0,0,0,0,86.5919,0,0,0
"MtrElec",3,26,6,"",66.605,0,0,0,0,0,0,0,0,0,0,0,0,0,0,0,0,0,0,0,0,66.605,0,0,0
"MtrElec",3,26,7,"",88.9108,0,0,0,0,0,0,0,0,0,0,0,0,0,0,0,0,0,0,0,0,88.9108,0,0,0
"MtrElec",3,26,8,"",114.11,0,0,0,0,0,0,0,0,0,0,0,0,0,0,0,0,0,0,0,0,138.355,0,0,-24.2451
"MtrElec",3,26,9,"",95.5118,0,0,0,0,0,0,0,0,0,0,0,0,0,0,0,0,0,0,0,0,152.77,0,0,-57.2586
"MtrElec",3,26,10,"",61.403,0,0,0,0,0,0,0,0,0,0,0,0,0,0,0,0,0,0,0,0,186.333,0,0,-124.93
"MtrElec",3,26,11,"",72.9631,0,0,0,0,0,0,0,0,0,0,0,0,0,0,0,0,0,0,0,0,156.878,0,0,-83.9152
"MtrElec",3,26,12,"",0.0000010,0,0,0,0,0,0,0,0,0,0,0,0,0,0,0,0,0,0,0,0,124.271,0,14.6547,-138.926
"MtrElec",3,26,13,"",81.2216,0,0,0,0,0,0,0,0,0,0,0,0,0,0,0,0,0,0,0,0,150.833,0,0,-69.6114
"MtrElec",3,26,14,"",0,0,0,0,0,0,0,0,0,0,0,0,0,0,0,0,0,0,0,0,0,108.17,0,69.7488,-177.919
"MtrElec",3,26,15,"",-64.1237,0,0,0,0,0,0,0,0,0,0,0,0,0,0,0,0,0,0,0,0,91.2526,0,94.4224,-249.799
"MtrElec",3,26,16,"",-51.02,0,0,0,0,0,0,0,0,0,0,0,0,0,0,0,0,0,0,0,0,77.6241,0,94.4224,-223.067
"MtrElec",3,26,17,"",0,0,0,0,0,0,0,0,0,0,0,0,0,0,0,0,0,0,0,0,0,142.779,0,12.1685,-154.947
"MtrElec",3,26,18,"",91.0767,0,0,0,0,0,0,0,0,0,0,0,0,0,0,0,0,0,0,0,0,137.508,0,0,-46.4309
"MtrElec",3,26,19,"",30.2854,0,0,0,0,0,0,0,0,0,0,0,0,0,0,0,0,0,0,0,0,136.892,0,-94.4224,-12.1845
"MtrElec",3,26,20,"",82.4336,0,0,0,0,0,0,0,0,0,0,0,0,0,0,0,0,0,0,0,0,176.856,0,-94.4224,0
"MtrElec",3,26,21,"",98.2097,0,0,0,0,0,0,0,0,0,0,0,0,0,0,0,0,0,0,0,0,166.954,0,-68.7439,0
"MtrElec",3,26,22,"",159.092,0,0,0,0,0,0,0,0,0,0,0,0,0,0,0,0,0,0,0,0,159.092,0,0,0
"MtrElec",3,26,23,"",111.012,0,0,0,0,0,0,0,0,0,0,0,0,0,0,0,0,0,0,0,0,111.012,0,0,0
"MtrElec",3,26,24,"",90.0675,0,0,0,0,0,0,0,0,0,0,0,0,0,0,0,0,0,0,0,0,90.0675,0,0,0
"MtrElec",3,27,1,"",74.7777,0,0,0,0,0,0,0,0,0,0,0,0,0,0,0,0,0,0,0,0,74.7777,0,0,0
"MtrElec",3,27,2,"",63.3774,0,0,0,0,0,0,0,0,0,0,0,0,0,0,0,0,0,0,0,0,63.3774,0,0,0
"MtrElec",3,27,3,"",60.7719,0,0,0,0,0,0,0,0,0,0,0,0,0,0,0,0,0,0,0,0,60.7719,0,0,0
"MtrElec",3,27,4,"",60.0479,0,0,0,0,0,0,0,0,0,0,0,0,0,0,0,0,0,0,0,0,60.0479,0,0,0
"MtrElec",3,27,5,"",92.0964,0,0,0,0,0,0,0,0,0,0,0,0,0,0,0,0,0,0,0,0,92.0964,0,0,0
"MtrElec",3,27,6,"",66.202,0,0,0,0,0,0,0,0,0,0,0,0,0,0,0,0,0,0,0,0,66.202,0,0,0
"MtrElec",3,27,7,"",77.5231,0,0,0,0,0,0,0,0,0,0,0,0,0,0,0,0,0,0,0,0,77.5231,0,0,0
"MtrElec",3,27,8,"",91.8633,0,0,0,0,0,0,0,0,0,0,0,0,0,0,0,0,0,0,0,0,128.353,0,0,-36.4894
"MtrElec",3,27,9,"",50.7611,0,0,0,0,0,0,0,0,0,0,0,0,0,0,0,0,0,0,0,0,149.27,0,0,-98.5091
"MtrElec",3,27,10,"",51.4997,0,0,0,0,0,0,0,0,0,0,0,0,0,0,0,0,0,0,0,0,176.215,0,0,-124.715
"MtrElec",3,27,11,"",0,0,0,0,0,0,0,0,0,0,0,0,0,0,0,0,0,0,0,0,0,174.633,0,13.1983,-187.831
"MtrElec",3,27,12,"",-9.18474,0,0,0,0,0,0,0,0,0,0,0,0,0,0,0,0,0,0,0,0,115.698,0,94.4224,-219.305
"MtrElec",3,27,13,"",-29.295,0,0,0,0,0,0,0,0,0,0,0,0,0,0,0,0,0,0,0,0,135.948,0,94.4224,-259.665
"MtrElec",3,27,14,"",0.0000078,0,0,0,0,0,0,0,0,0,0,0,0,0,0,0,0,0,0,0,0,84.8633,0,89.7221,-174.585
"MtrElec",3,27,15,"",0,0,0,0,0,0,0,0,0,0,0,0,0,0,0,0,0,0,0,0,0,78.6297,0,37.6586,-116.288
"MtrElec",3,27,16,"",0,0,0,0,0,0,0,0,0,0,0,0,0,0,0,0,0,0,0,0,0,85.2407,0,14.2602,-99.5009
"MtrElec",3,27,17,"",32.0255,0,0,0,0,0,0,0,0,0,0,0,0,0,0,0,0,0,0,0,0,114.735,0,0,-82.7097
"MtrElec",3,27,18,"",118.513,0,0,0,0,0,0,0,0,0,0,0,0,0,0,0,0,0,0,0,0,154.402,0,0,-35.8886
"MtrElec",3,27,19,"",35.9648,0,0,0,0,0,0,0,0,0,0,0,0,0,0,0,0,0,0,0,0,137.914,0,-94.4224,-7.52703
"MtrElec",3,27,20,"",73.1891,0,0,0,0,0,0,0,0,0,0,0,0,0,0,0,0,0,0,0,0,167.611,0,-94.4224,0
"MtrElec",3,27,21,"",79.6615,0,0,0,0,0,0,0,0,0,0,0,0,0,0,0,0,0,0,0,0,174.084,0,-94.4224,0
"MtrElec",3,27,22,"",113.36,0,0,0,0,0,0,0,0,0,0,0,0,0,0,0,0,0,0,0,0,140.268,0,-26.9075,0
"MtrElec",3,27,23,"",166.424,0,0,0,0,0,0,0,0,0,0,0,0,0,0,0,0,0,0,0,0,166.424,0,0,0
"MtrElec",3,27,24,"",99.2121,0,0,0,0,0,0,0,0,0,0,0,0,0,0,0,0,0,0,0,0,99.2121,0,0,0
"MtrElec",3,28,1,"",65.134,0,0,0,0,0,0,0,0,0,0,0,0,0,0,0,0,0,0,0,0,65.134,0,0,0
"MtrElec",3,28,2,"",61.9003,0,0,0,0,0,0,0,0,0,0,0,0,0,0,0,0,0,0,0,0,61.9003,0,0,0
"MtrElec",3,28,3,"",59.7916,0,0,0,0,0,0,0,0,0,0,0,0,0,0,0,0,0,0,0,0,59.7916,0,0,0
"MtrElec",3,28,4,"",61.7273,0,0,0,0,0,0,0,0,0,0,0,0,0,0,0,0,0,0,0,0,61.7273,0,0,0
"MtrElec",3,28,5,"",76.1057,0,0,0,0,0,0,0,0,0,0,0,0,0,0,0,0,0,0,0,0,76.1057,0,0,0
"MtrElec",3,28,6,"",64.6853,0,0,0,0,0,0,0,0,0,0,0,0,0,0,0,0,0,0,0,0,64.6853,0,0,0
"MtrElec",3,28,7,"",77.487,0,0,0,0,0,0,0,0,0,0,0,0,0,0,0,0,0,0,0,0,77.487,0,0,0
"MtrElec",3,28,8,"",98.5241,0,0,0,0,0,0,0,0,0,0,0,0,0,0,0,0,0,0,0,0,127.007,0,0,-28.4832
"MtrElec",3,28,9,"",24.6079,0,0,0,0,0,0,0,0,0,0,0,0,0,0,0,0,0,0,0,0,119.358,0,0,-94.7498
"MtrElec",3,28,10,"",0.139359,0,0,0,0,0,0,0,0,0,0,0,0,0,0,0,0,0,0,0,0,165.768,0,0,-165.629
"MtrElec",3,28,11,"",0,0,0,0,0,0,0,0,0,0,0,0,0,0,0,0,0,0,0,0,0,160.118,0,61.5295,-221.647
"MtrElec",3,28,12,"",0,0,0,0,0,0,0,0,0,0,0,0,0,0,0,0,0,0,0,0,0,194.156,0,58.622,-252.778
"MtrElec",3,28,13,"",-46.3656,0,0,0,0,0,0,0,0,0,0,0,0,0,0,0,0,0,0,0,0,121.391,0,94.4224,-262.179
"MtrElec",3,28,14,"",-20.4637,0,0,0,0,0,0,0,0,0,0,0,0,0,0,0,0,0,0,0,0,119.892,0,94.4224,-234.779
"MtrElec",3,28,15,"",-57.5404,0,0,0,0,0,0,0,0,0,0,0,0,0,0,0,0,0,0,0,0,118.419,0,43.3021,-219.262
"MtrElec",3,28,16,"",-64.0935,0,0,0,0,0,0,0,0,0,0,0,0,0,0,0,0,0,0,0,0,125.822,0,0,-189.915
"MtrElec",3,28,17,"",-40.0096,0,0,0,0,0,0,0,0,0,0,0,0,0,0,0,0,0,0,0,0,115.212,0,0,-155.221
"MtrElec",3,28,18,"",43.191,0,0,0,0,0,0,0,0,0,0,0,0,0,0,0,0,0,0,0,0,125.818,0,0,-82.6266
"MtrElec",3,28,19,"",48.7915,0,0,0,0,0,0,0,0,0,0,0,0,0,0,0,0,0,0,0,0,161.188,0,-94.4224,-17.9742
"MtrElec",3,28,20,"",65.5762,0,0,0,0,0,0,0,0,0,0,0,0,0,0,0,0,0,0,0,0,159.999,0,-94.4224,0
"MtrElec",3,28,21,"",59.5593,0,0,0,0,0,0,0,0,0,0,0,0,0,0,0,0,0,0,0,0,153.982,0,-94.4224,0
"MtrElec",3,28,22,"",120.408,0,0,0,0,0,0,0,0,0,0,0,0,0,0,0,0,0,0,0,0,155.09,0,-34.6821,0
"MtrElec",3,28,23,"",91.2283,0,0,0,0,0,0,0,0,0,0,0,0,0,0,0,0,0,0,0,0,91.2283,0,0,0
"MtrElec",3,28,24,"",97.7981,0,0,0,0,0,0,0,0,0,0,0,0,0,0,0,0,0,0,0,0,97.7981,0,0,0
"MtrElec",3,29,1,"",84.055,0,0,0,0,0,0,0,0,0,0,0,0,0,0,0,0,0,0,0,0,84.055,0,0,0
"MtrElec",3,29,2,"",62.1787,0,0,0,0,0,0,0,0,0,0,0,0,0,0,0,0,0,0,0,0,62.1787,0,0,0
"MtrElec",3,29,3,"",62.9847,0,0,0,0,0,0,0,0,0,0,0,0,0,0,0,0,0,0,0,0,62.9847,0,0,0
"MtrElec",3,29,4,"",64.6993,0,0,0,0,0,0,0,0,0,0,0,0,0,0,0,0,0,0,0,0,64.6993,0,0,0
"MtrElec",3,29,5,"",81.5409,0,0,0,0,0,0,0,0,0,0,0,0,0,0,0,0,0,0,0,0,81.5409,0,0,0
"MtrElec",3,29,6,"",62.5101,0,0,0,0,0,0,0,0,0,0,0,0,0,0,0,0,0,0,0,0,62.5101,0,0,0
"MtrElec",3,29,7,"",69.1327,0,0,0,0,0,0,0,0,0,0,0,0,0,0,0,0,0,0,0,0,69.1327,0,0,0
"MtrElec",3,29,8,"",90.9676,0,0,0,0,0,0,0,0,0,0,0,0,0,0,0,0,0,0,0,0,117.04,0,0,-26.0729
"MtrElec",3,29,9,"",72.2703,0,0,0,0,0,0,0,0,0,0,0,0,0,0,0,0,0,0,0,0,149.063,0,0,-76.7924
"MtrElec",3,29,10,"",31.2455,0,0,0,0,0,0,0,0,0,0,0,0,0,0,0,0,0,0,0,0,167.044,0,0,-135.799
"MtrElec",3,29,11,"",0.0000010,0,0,0,0,0,0,0,0,0,0,0,0,0,0,0,0,0,0,0,0,165.912,0,15.4059,-181.318
"MtrElec",3,29,12,"",-7.87734,0,0,0,0,0,0,0,0,0,0,0,0,0,0,0,0,0,0,0,0,145.157,0,94.4224,-247.457
"MtrElec",3,29,13,"",-7.97493,0,0,0,0,0,0,0,0,0,0,0,0,0,0,0,0,0,0,0,0,160.967,0,94.4224,-263.365
"MtrElec",3,29,14,"",-58.031,0,0,0,0,0,0,0,0,0,0,0,0,0,0,0,0,0,0,0,0,88.1874,0,94.4224,-240.641
"MtrElec",3,29,15,"",-32.4882,0,0,0,0,0,0,0,0,0,0,0,0,0,0,0,0,0,0,0,0,127.778,0,53.6253,-213.891
"MtrElec",3,29,16,"",-99.6827,0,0,0,0,0,0,0,0,0,0,0,0,0,0,0,0,0,0,0,0,84.2747,0,0,-183.957
"MtrElec",3,29,17,"",-17.962,0,0,0,0,0,0,0,0,0,0,0,0,0,0,0,0,0,0,0,0,105.359,0,0,-123.321
"MtrElec",3,29,18,"",57.9329,0,0,0,0,0,0,0,0,0,0,0,0,0,0,0,0,0,0,0,0,125.294,0,0,-67.3616
"MtrElec",3,29,19,"",44.2334,0,0,0,0,0,0,0,0,0,0,0,0,0,0,0,0,0,0,0,0,153.364,0,-94.4224,-14.7079
"MtrElec",3,29,20,"",20.0399,0,0,0,0,0,0,0,0,0,0,0,0,0,0,0,0,0,0,0,0,114.462,0,-94.4224,0
"MtrElec",3,29,21,"",29.4536,0,0,0,0,0,0,0,0,0,0,0,0,0,0,0,0,0,0,0,0,123.876,0,-94.4224,0
"MtrElec",3,29,22,"",82.0384,0,0,0,0,0,0,0,0,0,0,0,0,0,0,0,0,0,0,0,0,116.72,0,-34.6821,0
"MtrElec",3,29,23,"",95.7542,0,0,0,0,0,0,0,0,0,0,0,0,0,0,0,0,0,0,0,0,95.7542,0,0,0
"MtrElec",3,29,24,"",95.1004,0,0,0,0,0,0,0,0,0,0,0,0,0,0,0,0,0,0,0,0,95.1004,0,0,0
"MtrElec",3,30,1,"",93.536,0,0,0,0,0,0,0,0,0,0,0,0,0,0,0,0,0,0,0,0,93.536,0,0,0
"MtrElec",3,30,2,"",63.7749,0,0,0,0,0,0,0,0,0,0,0,0,0,0,0,0,0,0,0,0,63.7749,0,0,0
"MtrElec",3,30,3,"",61.121,0,0,0,0,0,0,0,0,0,0,0,0,0,0,0,0,0,0,0,0,61.121,0,0,0
"MtrElec",3,30,4,"",60.3055,0,0,0,0,0,0,0,0,0,0,0,0,0,0,0,0,0,0,0,0,60.3055,0,0,0
"MtrElec",3,30,5,"",59.5906,0,0,0,0,0,0,0,0,0,0,0,0,0,0,0,0,0,0,0,0,59.5906,0,0,0
"MtrElec",3,30,6,"",65.2613,0,0,0,0,0,0,0,0,0,0,0,0,0,0,0,0,0,0,0,0,65.2613,0,0,0
"MtrElec",3,30,7,"",94.9172,0,0,0,0,0,0,0,0,0,0,0,0,0,0,0,0,0,0,0,0,94.9172,0,0,0
"MtrElec",3,30,8,"",115.681,0,0,0,0,0,0,0,0,0,0,0,0,0,0,0,0,0,0,0,0,144.415,0,0,-28.7334
"MtrElec",3,30,9,"",74.0116,0,0,0,0,0,0,0,0,0,0,0,0,0,0,0,0,0,0,0,0,177.495,0,0,-103.484
"MtrElec",3,30,10,"",0,0,0,0,0,0,0,0,0,0,0,0,0,0,0,0,0,0,0,0,0,159.652,0,17.3722,-177.024
"MtrElec",3,30,11,"",0.0000078,0,0,0,0,0,0,0,0,0,0,0,0,0,0,0,0,0,0,0,0,157.495,0,77.6214,-235.116
"MtrElec",3,30,12,"",-26.1224,0,0,0,0,0,0,0,0,0,0,0,0,0,0,0,0,0,0,0,0,153.781,0,94.4224,-274.326
"MtrElec",3,30,13,"",-79.2306,0,0,0,0,0,0,0,0,0,0,0,0,0,0,0,0,0,0,0,0,118.566,0,94.4224,-292.219
"MtrElec",3,30,14,"",-111.435,0,0,0,0,0,0,0,0,0,0,0,0,0,0,0,0,0,0,0,0,103.614,0,68.4601,-283.509
"MtrElec",3,30,15,"",-169.875,0,0,0,0,0,0,0,0,0,0,0,0,0,0,0,0,0,0,0,0,97.9994,0,0,-267.874
"MtrElec",3,30,16,"",-133.085,0,0,0,0,0,0,0,0,0,0,0,0,0,0,0,0,0,0,0,0,97.3712,0,0,-230.456
"MtrElec",3,30,17,"",-24.9662,0,0,0,0,0,0,0,0,0,0,0,0,0,0,0,0,0,0,0,0,144.992,0,0,-169.958
"MtrElec",3,30,18,"",19.8329,0,0,0,0,0,0,0,0,0,0,0,0,0,0,0,0,0,0,0,0,112.847,0,0,-93.0138
"MtrElec",3,30,19,"",14.2135,0,0,0,0,0,0,0,0,0,0,0,0,0,0,0,0,0,0,0,0,129.139,0,-94.4224,-20.5033
"MtrElec",3,30,20,"",53.1332,0,0,0,0,0,0,0,0,0,0,0,0,0,0,0,0,0,0,0,0,147.556,0,-94.4224,0
"MtrElec",3,30,21,"",53.428,0,0,0,0,0,0,0,0,0,0,0,0,0,0,0,0,0,0,0,0,147.85,0,-94.4224,0
"MtrElec",3,30,22,"",122.045,0,0,0,0,0,0,0,0,0,0,0,0,0,0,0,0,0,0,0,0,156.727,0,-34.6821,0
"MtrElec",3,30,23,"",114.881,0,0,0,0,0,0,0,0,0,0,0,0,0,0,0,0,0,0,0,0,114.881,0,0,0
"MtrElec",3,30,24,"",135.233,0,0,0,0,0,0,0,0,0,0,0,0,0,0,0,0,0,0,0,0,135.233,0,0,0
"MtrElec",3,31,1,"",88.0714,0,0,0,0,0,0,0,0,0,0,0,0,0,0,0,0,0,0,0,0,88.0714,0,0,0
"MtrElec",3,31,2,"",64.9828,0,0,0,0,0,0,0,0,0,0,0,0,0,0,0,0,0,0,0,0,64.9828,0,0,0
"MtrElec",3,31,3,"",60.2963,0,0,0,0,0,0,0,0,0,0,0,0,0,0,0,0,0,0,0,0,60.2963,0,0,0
"MtrElec",3,31,4,"",60.2741,0,0,0,0,0,0,0,0,0,0,0,0,0,0,0,0,0,0,0,0,60.2741,0,0,0
"MtrElec",3,31,5,"",61.3404,0,0,0,0,0,0,0,0,0,0,0,0,0,0,0,0,0,0,0,0,61.3404,0,0,0
"MtrElec",3,31,6,"",75.843,0,0,0,0,0,0,0,0,0,0,0,0,0,0,0,0,0,0,0,0,75.843,0,0,0
"MtrElec",3,31,7,"",126.834,0,0,0,0,0,0,0,0,0,0,0,0,0,0,0,0,0,0,0,0,126.834,0,0,0
"MtrElec",3,31,8,"",109.817,0,0,0,0,0,0,0,0,0,0,0,0,0,0,0,0,0,0,0,0,140.26,0,0,-30.4435
"MtrElec",3,31,9,"",56.3008,0,0,0,0,0,0,0,0,0,0,0,0,0,0,0,0,0,0,0,0,156.124,0,0,-99.8233
"MtrElec",3,31,10,"",37.8505,0,0,0,0,0,0,0,0,0,0,0,0,0,0,0,0,0,0,0,0,209.776,0,0,-171.926
"MtrElec",3,31,11,"",0,0,0,0,0,0,0,0,0,0,0,0,0,0,0,0,0,0,0,0,0,213.573,0,15.3906,-228.964
"MtrElec",3,31,12,"",-37.9503,0,0,0,0,0,0,0,0,0,0,0,0,0,0,0,0,0,0,0,0,132.298,0,94.4224,-264.67
"MtrElec",3,31,13,"",-33.9123,0,0,0,0,0,0,0,0,0,0,0,0,0,0,0,0,0,0,0,0,155.365,0,94.4224,-283.699
"MtrElec",3,31,14,"",-78.1503,0,0,0,0,0,0,0,0,0,0,0,0,0,0,0,0,0,0,0,0,110.484,0,94.4224,-283.057
"MtrElec",3,31,15,"",-38.548,0,0,0,0,0,0,0,0,0,0,0,0,0,0,0,0,0,0,0,0,170.096,0,53.6406,-262.284
"MtrElec",3,31,16,"",-87.2923,0,0,0,0,0,0,0,0,0,0,0,0,0,0,0,0,0,0,0,0,137.724,0,0,-225.017
"MtrElec",3,31,17,"",-70.8762,0,0,0,0,0,0,0,0,0,0,0,0,0,0,0,0,0,0,0,0,95.4362,0,0,-166.312
"MtrElec",3,31,18,"",80.1184,0,0,0,0,0,0,0,0,0,0,0,0,0,0,0,0,0,0,0,0,171.625,0,0,-91.5064
"MtrElec",3,31,19,"",50.4824,0,0,0,0,0,0,0,0,0,0,0,0,0,0,0,0,0,0,0,0,165.702,0,-94.4224,-20.7973
"MtrElec",3,31,20,"",53.6279,0,0,0,0,0,0,0,0,0,0,0,0,0,0,0,0,0,0,0,0,148.05,0,-94.4224,0
"MtrElec",3,31,21,"",27.0446,0,0,0,0,0,0,0,0,0,0,0,0,0,0,0,0,0,0,0,0,121.467,0,-94.4224,0
"MtrElec",3,31,22,"",104.913,0,0,0,0,0,0,0,0,0,0,0,0,0,0,0,0,0,0,0,0,139.595,0,-34.6821,0
"MtrElec",3,31,23,"",92.6512,0,0,0,0,0,0,0,0,0,0,0,0,0,0,0,0,0,0,0,0,92.6512,0,0,0
"MtrElec",3,31,24,"",91.3542,0,0,0,0,0,0,0,0,0,0,0,0,0,0,0,0,0,0,0,0,91.3542,0,0,0
"MtrElec",4,1,1,"",64.2724,0,0,0,0,0,0,0,0,0,0,0,0,0,0,0,0,0,0,0,0,64.2724,0,0,0
"MtrElec",4,1,2,"",62.798,0,0,0,0,0,0,0,0,0,0,0,0,0,0,0,0,0,0,0,0,62.798,0,0,0
"MtrElec",4,1,3,"",60.0902,0,0,0,0,0,0,0,0,0,0,0,0,0,0,0,0,0,0,0,0,60.0902,0,0,0
"MtrElec",4,1,4,"",59.3381,0,0,0,0,0,0,0,0,0,0,0,0,0,0,0,0,0,0,0,0,59.3381,0,0,0
"MtrElec",4,1,5,"",86.9697,0,0,0,0,0,0,0,0,0,0,0,0,0,0,0,0,0,0,0,0,86.9697,0,0,0
"MtrElec",4,1,6,"",63.6886,0,0,0,0,0,0,0,0,0,0,0,0,0,0,0,0,0,0,0,0,63.6886,0,0,0
"MtrElec",4,1,7,"",115.92,0,0,0,0,0,0,0,0,0,0,0,0,0,0,0,0,0,0,0,0,115.92,0,0,0
"MtrElec",4,1,8,"",97.063,0,0,0,0,0,0,0,0,0,0,0,0,0,0,0,0,0,0,0,0,125.656,0,0,-28.5932
"MtrElec",4,1,9,"",13.7436,0,0,0,0,0,0,0,0,0,0,0,0,0,0,0,0,0,0,0,0,112.47,0,0,-98.726
"MtrElec",4,1,10,"",2.76591,0,0,0,0,0,0,0,0,0,0,0,0,0,0,0,0,0,0,0,0,169.38,0,0,-166.614
"MtrElec",4,1,11,"",0.0000039,0,0,0,0,0,0,0,0,0,0,0,0,0,0,0,0,0,0,0,0,151.328,0,64.6998,-216.028
"MtrElec",4,1,12,"",-28.7625,0,0,0,0,0,0,0,0,0,0,0,0,0,0,0,0,0,0,0,0,124.859,0,94.4224,-248.044
"MtrElec",4,1,13,"",-50.9139,0,0,0,0,0,0,0,0,0,0,0,0,0,0,0,0,0,0,0,0,120.482,0,94.4224,-265.818
"MtrElec",4,1,14,"",-88.7112,0,0,0,0,0,0,0,0,0,0,0,0,0,0,0,0,0,0,0,0,81.2475,0,94.4224,-264.381
"MtrElec",4,1,15,"",-134.997,0,0,0,0,0,0,0,0,0,0,0,0,0,0,0,0,0,0,0,0,109.405,0,4.33134,-248.733
"MtrElec",4,1,16,"",-123.63,0,0,0,0,0,0,0,0,0,0,0,0,0,0,0,0,0,0,0,0,89.4533,0,0,-213.083
"MtrElec",4,1,17,"",-25.7142,0,0,0,0,0,0,0,0,0,0,0,0,0,0,0,0,0,0,0,0,132.644,0,0,-158.358
"MtrElec",4,1,18,"",24.83,0,0,0,0,0,0,0,0,0,0,0,0,0,0,0,0,0,0,0,0,113.264,0,0,-88.4336
"MtrElec",4,1,19,"",10.9058,0,0,0,0,0,0,0,0,0,0,0,0,0,0,0,0,0,0,0,0,125.354,0,-94.4224,-20.0256
"MtrElec",4,1,20,"",94.9872,0,0,0,0,0,0,0,0,0,0,0,0,0,0,0,0,0,0,0,0,189.41,0,-94.4224,0
"MtrElec",4,1,21,"",53.5075,0,0,0,0,0,0,0,0,0,0,0,0,0,0,0,0,0,0,0,0,147.93,0,-94.4224,0
"MtrElec",4,1,22,"",119.469,0,0,0,0,0,0,0,0,0,0,0,0,0,0,0,0,0,0,0,0,154.151,0,-34.6821,0
"MtrElec",4,1,23,"",136.862,0,0,0,0,0,0,0,0,0,0,0,0,0,0,0,0,0,0,0,0,136.862,0,0,0
"MtrElec",4,1,24,"",111.209,0,0,0,0,0,0,0,0,0,0,0,0,0,0,0,0,0,0,0,0,111.209,0,0,0
"MtrElec",4,2,1,"",86.3374,0,0,0,0,0,0,0,0,0,0,0,0,0,0,0,0,0,0,0,0,86.3374,0,0,0
"MtrElec",4,2,2,"",71.1745,0,0,0,0,0,0,0,0,0,0,0,0,0,0,0,0,0,0,0,0,71.1745,0,0,0
"MtrElec",4,2,3,"",60.7177,0,0,0,0,0,0,0,0,0,0,0,0,0,0,0,0,0,0,0,0,60.7177,0,0,0
"MtrElec",4,2,4,"",59.7776,0,0,0,0,0,0,0,0,0,0,0,0,0,0,0,0,0,0,0,0,59.7776,0,0,0
"MtrElec",4,2,5,"",59.0757,0,0,0,0,0,0,0,0,0,0,0,0,0,0,0,0,0,0,0,0,59.0757,0,0,0
"MtrElec",4,2,6,"",64.2318,0,0,0,0,0,0,0,0,0,0,0,0,0,0,0,0,0,0,0,0,64.2318,0,0,0
"MtrElec",4,2,7,"",96.439,0,0,0,0,0,0,0,0,0,0,0,0,0,0,0,0,0,0,0,0,96.439,0,0,0
"MtrElec",4,2,8,"",97.431,0,0,0,0,0,0,0,0,0,0,0,0,0,0,0,0,0,0,0,0,139.636,0,0,-42.2054
"MtrElec",4,2,9,"",91.3232,0,0,0,0,0,0,0,0,0,0,0,0,0,0,0,0,0,0,0,0,147.689,0,0,-56.3659
"MtrElec",4,2,10,"",0,0,0,0,0,0,0,0,0,0,0,0,0,0,0,0,0,0,0,0,0,148.948,0,6.40733,-155.355
"MtrElec",4,2,11,"",0,0,0,0,0,0,0,0,0,0,0,0,0,0,0,0,0,0,0,0,0,121.364,0,91.9397,-213.304
"MtrElec",4,2,12,"",0.0000010,0,0,0,0,0,0,0,0,0,0,0,0,0,0,0,0,0,0,0,0,141.27,0,13.5728,-154.843
"MtrElec",4,2,13,"",0,0,0,0,0,0,0,0,0,0,0,0,0,0,0,0,0,0,0,0,0,151.184,0,88.4574,-239.642
"MtrElec",4,2,14,"",-2.20791,0,0,0,0,0,0,0,0,0,0,0,0,0,0,0,0,0,0,0,0,101.052,0,94.4224,-197.682
"MtrElec",4,2,15,"",-48.6748,0,0,0,0,0,0,0,0,0,0,0,0,0,0,0,0,0,0,0,0,96.974,0,57.4988,-203.148
"MtrElec",4,2,16,"",-64.0437,0,0,0,0,0,0,0,0,0,0,0,0,0,0,0,0,0,0,0,0,129.271,0,0,-193.314
"MtrElec",4,2,17,"",-20.9424,0,0,0,0,0,0,0,0,0,0,0,0,0,0,0,0,0,0,0,0,125.012,0,0,-145.954
"MtrElec",4,2,18,"",20.5381,0,0,0,0,0,0,0,0,0,0,0,0,0,0,0,0,0,0,0,0,110.712,0,0,-90.1739
"MtrElec",4,2,19,"",23.4338,0,0,0,0,0,0,0,0,0,0,0,0,0,0,0,0,0,0,0,0,138.616,0,-94.4224,-20.7603
"MtrElec",4,2,20,"",53.7388,0,0,0,0,0,0,0,0,0,0,0,0,0,0,0,0,0,0,0,0,148.161,0,-94.4224,0
"MtrElec",4,2,21,"",34.3777,0,0,0,0,0,0,0,0,0,0,0,0,0,0,0,0,0,0,0,0,128.8,0,-94.4224,0
"MtrElec",4,2,22,"",89.0128,0,0,0,0,0,0,0,0,0,0,0,0,0,0,0,0,0,0,0,0,123.695,0,-34.6821,0
"MtrElec",4,2,23,"",108.529,0,0,0,0,0,0,0,0,0,0,0,0,0,0,0,0,0,0,0,0,108.529,0,0,0
"MtrElec",4,2,24,"",137.009,0,0,0,0,0,0,0,0,0,0,0,0,0,0,0,0,0,0,0,0,137.009,0,0,0
"MtrElec",4,3,1,"",72.3544,0,0,0,0,0,0,0,0,0,0,0,0,0,0,0,0,0,0,0,0,72.3544,0,0,0
"MtrElec",4,3,2,"",63.1509,0,0,0,0,0,0,0,0,0,0,0,0,0,0,0,0,0,0,0,0,63.1509,0,0,0
"MtrElec",4,3,3,"",62.2016,0,0,0,0,0,0,0,0,0,0,0,0,0,0,0,0,0,0,0,0,62.2016,0,0,0
"MtrElec",4,3,4,"",74.5771,0,0,0,0,0,0,0,0,0,0,0,0,0,0,0,0,0,0,0,0,74.5771,0,0,0
"MtrElec",4,3,5,"",58.9949,0,0,0,0,0,0,0,0,0,0,0,0,0,0,0,0,0,0,0,0,58.9949,0,0,0
"MtrElec",4,3,6,"",66.6125,0,0,0,0,0,0,0,0,0,0,0,0,0,0,0,0,0,0,0,0,66.6125,0,0,0
"MtrElec",4,3,7,"",117.465,0,0,0,0,0,0,0,0,0,0,0,0,0,0,0,0,0,0,0,0,117.465,0,0,0
"MtrElec",4,3,8,"",86.3684,0,0,0,0,0,0,0,0,0,0,0,0,0,0,0,0,0,0,0,0,111.568,0,0,-25.1997
"MtrElec",4,3,9,"",139.45,0,0,0,0,0,0,0,0,0,0,0,0,0,0,0,0,0,0,0,0,146.26,0,0,-6.80982
"MtrElec",4,3,10,"",112.365,0,0,0,0,0,0,0,0,0,0,0,0,0,0,0,0,0,0,0,0,161.947,0,0,-49.582
"MtrElec",4,3,11,"",0,0,0,0,0,0,0,0,0,0,0,0,0,0,0,0,0,0,0,0,0,112.021,0,19.442,-131.463
"MtrElec",4,3,12,"",-14.7123,0,0,0,0,0,0,0,0,0,0,0,0,0,0,0,0,0,0,0,0,138.268,0,94.4224,-247.403
"MtrElec",4,3,13,"",0.0000039,0,0,0,0,0,0,0,0,0,0,0,0,0,0,0,0,0,0,0,0,137.308,0,56.1675,-193.475
"MtrElec",4,3,14,"",0,0,0,0,0,0,0,0,0,0,0,0,0,0,0,0,0,0,0,0,0,117.228,0,18.4777,-135.705
"MtrElec",4,3,15,"",15.1984,0,0,0,0,0,0,0,0,0,0,0,0,0,0,0,0,0,0,0,0,86.9164,0,0,-71.7181
"MtrElec",4,3,16,"",53.1183,0,0,0,0,0,0,0,0,0,0,0,0,0,0,0,0,0,0,0,0,108.35,0,0,-55.2318
"MtrElec",4,3,17,"",38.5616,0,0,0,0,0,0,0,0,0,0,0,0,0,0,0,0,0,0,0,0,111.268,0,0,-72.7066
"MtrElec",4,3,18,"",71.383,0,0,0,0,0,0,0,0,0,0,0,0,0,0,0,0,0,0,0,0,161.554,0,0,-90.1713
"MtrElec",4,3,19,"",16.9864,0,0,0,0,0,0,0,0,0,0,0,0,0,0,0,0,0,0,0,0,132.418,0,-94.4224,-21.0095
"MtrElec",4,3,20,"",89.9908,0,0,0,0,0,0,0,0,0,0,0,0,0,0,0,0,0,0,0,0,165.698,0,-75.7075,0
"MtrElec",4,3,21,"",171.628,0,0,0,0,0,0,0,0,0,0,0,0,0,0,0,0,0,0,0,0,171.628,0,0,0
"MtrElec",4,3,22,"",120.073,0,0,0,0,0,0,0,0,0,0,0,0,0,0,0,0,0,0,0,0,120.073,0,0,0
"MtrElec",4,3,23,"",140.428,0,0,0,0,0,0,0,0,0,0,0,0,0,0,0,0,0,0,0,0,140.428,0,0,0
"MtrElec",4,3,24,"",87.5026,0,0,0,0,0,0,0,0,0,0,0,0,0,0,0,0,0,0,0,0,87.5026,0,0,0
"MtrElec",4,4,1,"",70.3447,0,0,0,0,0,0,0,0,0,0,0,0,0,0,0,0,0,0,0,0,70.3447,0,0,0
"MtrElec",4,4,2,"",61.614,0,0,0,0,0,0,0,0,0,0,0,0,0,0,0,0,0,0,0,0,61.614,0,0,0
"MtrElec",4,4,3,"",61.0381,0,0,0,0,0,0,0,0,0,0,0,0,0,0,0,0,0,0,0,0,61.0381,0,0,0
"MtrElec",4,4,4,"",61.4267,0,0,0,0,0,0,0,0,0,0,0,0,0,0,0,0,0,0,0,0,61.4267,0,0,0
"MtrElec",4,4,5,"",66.1747,0,0,0,0,0,0,0,0,0,0,0,0,0,0,0,0,0,0,0,0,66.1747,0,0,0
"MtrElec",4,4,6,"",94.9916,0,0,0,0,0,0,0,0,0,0,0,0,0,0,0,0,0,0,0,0,94.9916,0,0,0
"MtrElec",4,4,7,"",69.3568,0,0,0,0,0,0,0,0,0,0,0,0,0,0,0,0,0,0,0,0,70.963,0,0,-1.60613
"MtrElec",4,4,8,"",61.0152,0,0,0,0,0,0,0,0,0,0,0,0,0,0,0,0,0,0,0,0,92.8082,0,0,-31.793
"MtrElec",4,4,9,"",45.2336,0,0,0,0,0,0,0,0,0,0,0,0,0,0,0,0,0,0,0,0,152.982,0,0,-107.749
"MtrElec",4,4,10,"",0,0,0,0,0,0,0,0,0,0,0,0,0,0,0,0,0,0,0,0,0,134.66,0,44.2158,-178.876
"MtrElec",4,4,11,"",0,0,0,0,0,0,0,0,0,0,0,0,0,0,0,0,0,0,0,0,0,158.863,0,72.9413,-231.804
"MtrElec",4,4,12,"",-39.1582,0,0,0,0,0,0,0,0,0,0,0,0,0,0,0,0,0,0,0,0,131.444,0,94.4224,-265.025
"MtrElec",4,4,13,"",-28.7628,0,0,0,0,0,0,0,0,0,0,0,0,0,0,0,0,0,0,0,0,157.54,0,94.4224,-280.725
"MtrElec",4,4,14,"",-136.466,0,0,0,0,0,0,0,0,0,0,0,0,0,0,0,0,0,0,0,0,98.7954,0,46.2966,-281.558
"MtrElec",4,4,15,"",-110.137,0,0,0,0,0,0,0,0,0,0,0,0,0,0,0,0,0,0,0,0,145.487,0,0,-255.624
"MtrElec",4,4,16,"",-108.988,0,0,0,0,0,0,0,0,0,0,0,0,0,0,0,0,0,0,0,0,99.1206,0,0,-208.108
"MtrElec",4,4,17,"",-24.9752,0,0,0,0,0,0,0,0,0,0,0,0,0,0,0,0,0,0,0,0,135.331,0,0,-160.306
"MtrElec",4,4,18,"",47.0425,0,0,0,0,0,0,0,0,0,0,0,0,0,0,0,0,0,0,0,0,137.508,0,0,-90.4653
"MtrElec",4,4,19,"",78.6748,0,0,0,0,0,0,0,0,0,0,0,0,0,0,0,0,0,0,0,0,194.099,0,-94.4224,-21.0013
"MtrElec",4,4,20,"",61.3578,0,0,0,0,0,0,0,0,0,0,0,0,0,0,0,0,0,0,0,0,155.78,0,-94.4224,0
"MtrElec",4,4,21,"",80.9452,0,0,0,0,0,0,0,0,0,0,0,0,0,0,0,0,0,0,0,0,175.368,0,-94.4224,0
"MtrElec",4,4,22,"",105.109,0,0,0,0,0,0,0,0,0,0,0,0,0,0,0,0,0,0,0,0,139.791,0,-34.6821,0
"MtrElec",4,4,23,"",125.504,0,0,0,0,0,0,0,0,0,0,0,0,0,0,0,0,0,0,0,0,125.504,0,0,0
"MtrElec",4,4,24,"",100.988,0,0,0,0,0,0,0,0,0,0,0,0,0,0,0,0,0,0,0,0,100.988,0,0,0
"MtrElec",4,5,1,"",69.4087,0,0,0,0,0,0,0,0,0,0,0,0,0,0,0,0,0,0,0,0,69.4087,0,0,0
"MtrElec",4,5,2,"",62.0132,0,0,0,0,0,0,0,0,0,0,0,0,0,0,0,0,0,0,0,0,62.0132,0,0,0
"MtrElec",4,5,3,"",59.8268,0,0,0,0,0,0,0,0,0,0,0,0,0,0,0,0,0,0,0,0,59.8268,0,0,0
"MtrElec",4,5,4,"",60.8258,0,0,0,0,0,0,0,0,0,0,0,0,0,0,0,0,0,0,0,0,60.8258,0,0,0
"MtrElec",4,5,5,"",66.6364,0,0,0,0,0,0,0,0,0,0,0,0,0,0,0,0,0,0,0,0,66.6364,0,0,0
"MtrElec",4,5,6,"",62.015,0,0,0,0,0,0,0,0,0,0,0,0,0,0,0,0,0,0,0,0,62.015,0,0,0
"MtrElec",4,5,7,"",65.9848,0,0,0,0,0,0,0,0,0,0,0,0,0,0,0,0,0,0,0,0,67.8862,0,0,-1.90139
"MtrElec",4,5,8,"",98.3643,0,0,0,0,0,0,0,0,0,0,0,0,0,0,0,0,0,0,0,0,130.346,0,0,-31.9818
"MtrElec",4,5,9,"",45.0622,0,0,0,0,0,0,0,0,0,0,0,0,0,0,0,0,0,0,0,0,152.199,0,0,-107.137
"MtrElec",4,5,10,"",0.0000020,0,0,0,0,0,0,0,0,0,0,0,0,0,0,0,0,0,0,0,0,149.819,0,28.1815,-178
"MtrElec",4,5,11,"",0,0,0,0,0,0,0,0,0,0,0,0,0,0,0,0,0,0,0,0,0,160.167,0,69.3018,-229.469
"MtrElec",4,5,12,"",-3.36549,0,0,0,0,0,0,0,0,0,0,0,0,0,0,0,0,0,0,0,0,166.617,0,94.4224,-264.405
"MtrElec",4,5,13,"",-17.2433,0,0,0,0,0,0,0,0,0,0,0,0,0,0,0,0,0,0,0,0,169.396,0,94.4224,-281.061
"MtrElec",4,5,14,"",-51.2227,0,0,0,0,0,0,0,0,0,0,0,0,0,0,0,0,0,0,0,0,140.108,0,65.9704,-257.301
"MtrElec",4,5,15,"",-58.4369,0,0,0,0,0,0,0,0,0,0,0,0,0,0,0,0,0,0,0,0,158.028,0,0,-216.465
"MtrElec",4,5,16,"",-91.7861,0,0,0,0,0,0,0,0,0,0,0,0,0,0,0,0,0,0,0,0,101.555,0,0,-193.341
"MtrElec",4,5,17,"",-0.768656,0,0,0,0,0,0,0,0,0,0,0,0,0,0,0,0,0,0,0,0,148.94,0,0,-149.709
"MtrElec",4,5,18,"",35.1525,0,0,0,0,0,0,0,0,0,0,0,0,0,0,0,0,0,0,0,0,122.834,0,0,-87.6811
"MtrElec",4,5,19,"",76.296,0,0,0,0,0,0,0,0,0,0,0,0,0,0,0,0,0,0,0,0,192.704,0,-94.4224,-21.9856
"MtrElec",4,5,20,"",98.5286,0,0,0,0,0,0,0,0,0,0,0,0,0,0,0,0,0,0,0,0,192.951,0,-94.4224,0
"MtrElec",4,5,21,"",37.1289,0,0,0,0,0,0,0,0,0,0,0,0,0,0,0,0,0,0,0,0,131.551,0,-94.4224,0
"MtrElec",4,5,22,"",116.53,0,0,0,0,0,0,0,0,0,0,0,0,0,0,0,0,0,0,0,0,151.212,0,-34.6821,0
"MtrElec",4,5,23,"",106.755,0,0,0,0,0,0,0,0,0,0,0,0,0,0,0,0,0,0,0,0,106.755,0,0,0
"MtrElec",4,5,24,"",122.152,0,0,0,0,0,0,0,0,0,0,0,0,0,0,0,0,0,0,0,0,122.152,0,0,0
"MtrElec",4,6,1,"",72.4524,0,0,0,0,0,0,0,0,0,0,0,0,0,0,0,0,0,0,0,0,72.4524,0,0,0
"MtrElec",4,6,2,"",61.466,0,0,0,0,0,0,0,0,0,0,0,0,0,0,0,0,0,0,0,0,61.466,0,0,0
"MtrElec",4,6,3,"",62.6554,0,0,0,0,0,0,0,0,0,0,0,0,0,0,0,0,0,0,0,0,62.6554,0,0,0
"MtrElec",4,6,4,"",63.4822,0,0,0,0,0,0,0,0,0,0,0,0,0,0,0,0,0,0,0,0,63.4822,0,0,0
"MtrElec",4,6,5,"",63.2437,0,0,0,0,0,0,0,0,0,0,0,0,0,0,0,0,0,0,0,0,63.2437,0,0,0
"MtrElec",4,6,6,"",68.2872,0,0,0,0,0,0,0,0,0,0,0,0,0,0,0,0,0,0,0,0,68.2872,0,0,0
"MtrElec",4,6,7,"",123.475,0,0,0,0,0,0,0,0,0,0,0,0,0,0,0,0,0,0,0,0,123.475,0,0,0
"MtrElec",4,6,8,"",140.325,0,0,0,0,0,0,0,0,0,0,0,0,0,0,0,0,0,0,0,0,150.303,0,0,-9.97823
"MtrElec",4,6,9,"",116.552,0,0,0,0,0,0,0,0,0,0,0,0,0,0,0,0,0,0,0,0,158.26,0,0,-41.7086
"MtrElec",4,6,10,"",86.7503,0,0,0,0,0,0,0,0,0,0,0,0,0,0,0,0,0,0,0,0,138.473,0,0,-51.7225
"MtrElec",4,6,11,"",72.9384,0,0,0,0,0,0,0,0,0,0,0,0,0,0,0,0,0,0,0,0,141.506,0,0,-68.5675
"MtrElec",4,6,12,"",11.4844,0,0,0,0,0,0,0,0,0,0,0,0,0,0,0,0,0,0,0,0,140.569,0,0,-129.085
"MtrElec",4,6,13,"",0,0,0,0,0,0,0,0,0,0,0,0,0,0,0,0,0,0,0,0,0,119.823,0,46.8375,-166.661
"MtrElec",4,6,14,"",0,0,0,0,0,0,0,0,0,0,0,0,0,0,0,0,0,0,0,0,0,102.881,0,42.9923,-145.873
"MtrElec",4,6,15,"",0,0,0,0,0,0,0,0,0,0,0,0,0,0,0,0,0,0,0,0,0,94.7654,0,42.2749,-137.04
"MtrElec",4,6,16,"",0,0,0,0,0,0,0,0,0,0,0,0,0,0,0,0,0,0,0,0,0,91.0004,0,62.1164,-153.117
"MtrElec",4,6,17,"",0,0,0,0,0,0,0,0,0,0,0,0,0,0,0,0,0,0,0,0,0,130.051,0,13.5989,-143.65
"MtrElec",4,6,18,"",29.3448,0,0,0,0,0,0,0,0,0,0,0,0,0,0,0,0,0,0,0,0,114.911,0,0,-85.5662
"MtrElec",4,6,19,"",58.5403,0,0,0,0,0,0,0,0,0,0,0,0,0,0,0,0,0,0,0,0,173.764,0,-94.4224,-20.8011
"MtrElec",4,6,20,"",69.4145,0,0,0,0,0,0,0,0,0,0,0,0,0,0,0,0,0,0,0,0,162.55,0,-93.1351,0
"MtrElec",4,6,21,"",181.423,0,0,0,0,0,0,0,0,0,0,0,0,0,0,0,0,0,0,0,0,181.423,0,0,0
"MtrElec",4,6,22,"",103.187,0,0,0,0,0,0,0,0,0,0,0,0,0,0,0,0,0,0,0,0,103.187,0,0,0
"MtrElec",4,6,23,"",165.415,0,0,0,0,0,0,0,0,0,0,0,0,0,0,0,0,0,0,0,0,165.415,0,0,0
"MtrElec",4,6,24,"",91.8862,0,0,0,0,0,0,0,0,0,0,0,0,0,0,0,0,0,0,0,0,91.8862,0,0,0
"MtrElec",4,7,1,"",72.107,0,0,0,0,0,0,0,0,0,0,0,0,0,0,0,0,0,0,0,0,72.107,0,0,0
"MtrElec",4,7,2,"",61.3452,0,0,0,0,0,0,0,0,0,0,0,0,0,0,0,0,0,0,0,0,61.3452,0,0,0
"MtrElec",4,7,3,"",60.5675,0,0,0,0,0,0,0,0,0,0,0,0,0,0,0,0,0,0,0,0,60.5675,0,0,0
"MtrElec",4,7,4,"",67.0823,0,0,0,0,0,0,0,0,0,0,0,0,0,0,0,0,0,0,0,0,67.0823,0,0,0
"MtrElec",4,7,5,"",58.9481,0,0,0,0,0,0,0,0,0,0,0,0,0,0,0,0,0,0,0,0,58.9481,0,0,0
"MtrElec",4,7,6,"",82.756,0,0,0,0,0,0,0,0,0,0,0,0,0,0,0,0,0,0,0,0,82.756,0,0,0
"MtrElec",4,7,7,"",105.457,0,0,0,0,0,0,0,0,0,0,0,0,0,0,0,0,0,0,0,0,107.533,0,0,-2.07588
"MtrElec",4,7,8,"",84.5085,0,0,0,0,0,0,0,0,0,0,0,0,0,0,0,0,0,0,0,0,118.376,0,0,-33.8679
"MtrElec",4,7,9,"",71.705,0,0,0,0,0,0,0,0,0,0,0,0,0,0,0,0,0,0,0,0,140.309,0,0,-68.6035
"MtrElec",4,7,10,"",88.2233,0,0,0,0,0,0,0,0,0,0,0,0,0,0,0,0,0,0,0,0,157.605,0,0,-69.3821
"MtrElec",4,7,11,"",1.79853,0,0,0,0,0,0,0,0,0,0,0,0,0,0,0,0,0,0,0,0,191.648,0,0,-189.85
"MtrElec",4,7,12,"",-41.944,0,0,0,0,0,0,0,0,0,0,0,0,0,0,0,0,0,0,0,0,130.393,0,94.4224,-266.759
"MtrElec",4,7,13,"",-74.3549,0,0,0,0,0,0,0,0,0,0,0,0,0,0,0,0,0,0,0,0,104.503,0,94.4224,-273.28
"MtrElec",4,7,14,"",-44.8243,0,0,0,0,0,0,0,0,0,0,0,0,0,0,0,0,0,0,0,0,104.385,0,94.4224,-243.631
"MtrElec",4,7,15,"",-124.602,0,0,0,0,0,0,0,0,0,0,0,0,0,0,0,0,0,0,0,0,75.6055,0,69.0312,-269.239
"MtrElec",4,7,16,"",-72.7237,0,0,0,0,0,0,0,0,0,0,0,0,0,0,0,0,0,0,0,0,113.306,0,0,-186.03
"MtrElec",4,7,17,"",21.5612,0,0,0,0,0,0,0,0,0,0,0,0,0,0,0,0,0,0,0,0,126.056,0,0,-104.495
"MtrElec",4,7,18,"",75.7421,0,0,0,0,0,0,0,0,0,0,0,0,0,0,0,0,0,0,0,0,102.891,0,0,-27.1489
"MtrElec",4,7,19,"",30.1284,0,0,0,0,0,0,0,0,0,0,0,0,0,0,0,0,0,0,0,0,138.823,0,-94.4224,-14.2721
"MtrElec",4,7,20,"",85.3161,0,0,0,0,0,0,0,0,0,0,0,0,0,0,0,0,0,0,0,0,179.739,0,-94.4224,0
"MtrElec",4,7,21,"",88.6413,0,0,0,0,0,0,0,0,0,0,0,0,0,0,0,0,0,0,0,0,183.064,0,-94.4224,0
"MtrElec",4,7,22,"",63.896,0,0,0,0,0,0,0,0,0,0,0,0,0,0,0,0,0,0,0,0,98.5781,0,-34.6821,0
"MtrElec",4,7,23,"",178.817,0,0,0,0,0,0,0,0,0,0,0,0,0,0,0,0,0,0,0,0,178.817,0,0,0
"MtrElec",4,7,24,"",138.02,0,0,0,0,0,0,0,0,0,0,0,0,0,0,0,0,0,0,0,0,138.02,0,0,0
"MtrElec",4,8,1,"",73.4412,0,0,0,0,0,0,0,0,0,0,0,0,0,0,0,0,0,0,0,0,73.4412,0,0,0
"MtrElec",4,8,2,"",66.1897,0,0,0,0,0,0,0,0,0,0,0,0,0,0,0,0,0,0,0,0,66.1897,0,0,0
"MtrElec",4,8,3,"",65.7584,0,0,0,0,0,0,0,0,0,0,0,0,0,0,0,0,0,0,0,0,65.7584,0,0,0
"MtrElec",4,8,4,"",65.3411,0,0,0,0,0,0,0,0,0,0,0,0,0,0,0,0,0,0,0,0,65.3411,0,0,0
"MtrElec",4,8,5,"",65.2012,0,0,0,0,0,0,0,0,0,0,0,0,0,0,0,0,0,0,0,0,65.2012,0,0,0
"MtrElec",4,8,6,"",76.549,0,0,0,0,0,0,0,0,0,0,0,0,0,0,0,0,0,0,0,0,76.549,0,0,0
"MtrElec",4,8,7,"",118.682,0,0,0,0,0,0,0,0,0,0,0,0,0,0,0,0,0,0,0,0,121.47,0,0,-2.78752
"MtrElec",4,8,8,"",84.6073,0,0,0,0,0,0,0,0,0,0,0,0,0,0,0,0,0,0,0,0,134.592,0,0,-49.9845
"MtrElec",4,8,9,"",46.7754,0,0,0,0,0,0,0,0,0,0,0,0,0,0,0,0,0,0,0,0,150.03,0,0,-103.255
"MtrElec",4,8,10,"",16.9348,0,0,0,0,0,0,0,0,0,0,0,0,0,0,0,0,0,0,0,0,150.661,0,0,-133.726
"MtrElec",4,8,11,"",-15.3397,0,0,0,0,0,0,0,0,0,0,0,0,0,0,0,0,0,0,0,0,123.921,0,94.4224,-233.683
"MtrElec",4,8,12,"",0,0,0,0,0,0,0,0,0,0,0,0,0,0,0,0,0,0,0,0,0,134.985,0,82.3147,-217.3
"MtrElec",4,8,13,"",44.3225,0,0,0,0,0,0,0,0,0,0,0,0,0,0,0,0,0,0,0,0,136.66,0,0,-92.3371
"MtrElec",4,8,14,"",0.0000005,0,0,0,0,0,0,0,0,0,0,0,0,0,0,0,0,0,0,0,0,79.782,0,7.82339,-87.6054
"MtrElec",4,8,15,"",0,0,0,0,0,0,0,0,0,0,0,0,0,0,0,0,0,0,0,0,0,76.8581,0,43.3315,-120.19
"MtrElec",4,8,16,"",0,0,0,0,0,0,0,0,0,0,0,0,0,0,0,0,0,0,0,0,0,123.017,0,7.96534,-130.983
"MtrElec",4,8,17,"",43.6028,0,0,0,0,0,0,0,0,0,0,0,0,0,0,0,0,0,0,0,0,104.084,0,0,-60.4811
"MtrElec",4,8,18,"",58.051,0,0,0,0,0,0,0,0,0,0,0,0,0,0,0,0,0,0,0,0,128.086,0,0,-70.0346
"MtrElec",4,8,19,"",54.2504,0,0,0,0,0,0,0,0,0,0,0,0,0,0,0,0,0,0,0,0,170.556,0,-94.4224,-21.8833
"MtrElec",4,8,20,"",40.4782,0,0,0,0,0,0,0,0,0,0,0,0,0,0,0,0,0,0,0,0,134.901,0,-94.4224,0
"MtrElec",4,8,21,"",181.912,0,0,0,0,0,0,0,0,0,0,0,0,0,0,0,0,0,0,0,0,205.928,0,-24.0164,0
"MtrElec",4,8,22,"",128.664,0,0,0,0,0,0,0,0,0,0,0,0,0,0,0,0,0,0,0,0,128.664,0,0,0
"MtrElec",4,8,23,"",137.778,0,0,0,0,0,0,0,0,0,0,0,0,0,0,0,0,0,0,0,0,137.778,0,0,0
"MtrElec",4,8,24,"",96.0439,0,0,0,0,0,0,0,0,0,0,0,0,0,0,0,0,0,0,0,0,96.0439,0,0,0
"MtrElec",4,9,1,"",74.2407,0,0,0,0,0,0,0,0,0,0,0,0,0,0,0,0,0,0,0,0,74.2407,0,0,0
"MtrElec",4,9,2,"",65.8028,0,0,0,0,0,0,0,0,0,0,0,0,0,0,0,0,0,0,0,0,65.8028,0,0,0
"MtrElec",4,9,3,"",63.2607,0,0,0,0,0,0,0,0,0,0,0,0,0,0,0,0,0,0,0,0,63.2607,0,0,0
"MtrElec",4,9,4,"",62.6421,0,0,0,0,0,0,0,0,0,0,0,0,0,0,0,0,0,0,0,0,62.6421,0,0,0
"MtrElec",4,9,5,"",61.8768,0,0,0,0,0,0,0,0,0,0,0,0,0,0,0,0,0,0,0,0,61.8768,0,0,0
"MtrElec",4,9,6,"",131.266,0,0,0,0,0,0,0,0,0,0,0,0,0,0,0,0,0,0,0,0,131.266,0,0,0
"MtrElec",4,9,7,"",120.842,0,0,0,0,0,0,0,0,0,0,0,0,0,0,0,0,0,0,0,0,123.48,0,0,-2.63763
"MtrElec",4,9,8,"",84.8094,0,0,0,0,0,0,0,0,0,0,0,0,0,0,0,0,0,0,0,0,121.354,0,0,-36.5447
"MtrElec",4,9,9,"",28.7317,0,0,0,0,0,0,0,0,0,0,0,0,0,0,0,0,0,0,0,0,141.312,0,0,-112.581
"MtrElec",4,9,10,"",0.0000020,0,0,0,0,0,0,0,0,0,0,0,0,0,0,0,0,0,0,0,0,150.896,0,30.9328,-181.829
"MtrElec",4,9,11,"",0,0,0,0,0,0,0,0,0,0,0,0,0,0,0,0,0,0,0,0,0,145.744,0,91.5316,-237.276
"MtrElec",4,9,12,"",-54.1363,0,0,0,0,0,0,0,0,0,0,0,0,0,0,0,0,0,0,0,0,122.836,0,94.4224,-271.394
"MtrElec",4,9,13,"",-39.7468,0,0,0,0,0,0,0,0,0,0,0,0,0,0,0,0,0,0,0,0,138.32,0,94.4224,-272.49
"MtrElec",4,9,14,"",-134.701,0,0,0,0,0,0,0,0,0,0,0,0,0,0,0,0,0,0,0,0,97.9216,0,40.9892,-273.612
"MtrElec",4,9,15,"",-87.3567,0,0,0,0,0,0,0,0,0,0,0,0,0,0,0,0,0,0,0,0,91.1389,0,0,-178.496
"MtrElec",4,9,16,"",-59.4479,0,0,0,0,0,0,0,0,0,0,0,0,0,0,0,0,0,0,0,0,130.425,0,0,-189.873
"MtrElec",4,9,17,"",15.2468,0,0,0,0,0,0,0,0,0,0,0,0,0,0,0,0,0,0,0,0,127.855,0,0,-112.608
"MtrElec",4,9,18,"",112.623,0,0,0,0,0,0,0,0,0,0,0,0,0,0,0,0,0,0,0,0,152.091,0,0,-39.4678
"MtrElec",4,9,19,"",55.9309,0,0,0,0,0,0,0,0,0,0,0,0,0,0,0,0,0,0,0,0,173.702,0,-94.4224,-23.3485
"MtrElec",4,9,20,"",91.2836,0,0,0,0,0,0,0,0,0,0,0,0,0,0,0,0,0,0,0,0,185.706,0,-94.4224,0
"MtrElec",4,9,21,"",91.7081,0,0,0,0,0,0,0,0,0,0,0,0,0,0,0,0,0,0,0,0,186.131,0,-94.4224,0
"MtrElec",4,9,22,"",64.8835,0,0,0,0,0,0,0,0,0,0,0,0,0,0,0,0,0,0,0,0,99.5656,0,-34.6821,0
"MtrElec",4,9,23,"",141.951,0,0,0,0,0,0,0,0,0,0,0,0,0,0,0,0,0,0,0,0,141.951,0,0,0
"MtrElec",4,9,24,"",128.163,0,0,0,0,0,0,0,0,0,0,0,0,0,0,0,0,0,0,0,0,128.163,0,0,0
"MtrElec",4,10,1,"",93.956,0,0,0,0,0,0,0,0,0,0,0,0,0,0,0,0,0,0,0,0,93.956,0,0,0
"MtrElec",4,10,2,"",73.8001,0,0,0,0,0,0,0,0,0,0,0,0,0,0,0,0,0,0,0,0,73.8001,0,0,0
"MtrElec",4,10,3,"",70.6282,0,0,0,0,0,0,0,0,0,0,0,0,0,0,0,0,0,0,0,0,70.6282,0,0,0
"MtrElec",4,10,4,"",73.2583,0,0,0,0,0,0,0,0,0,0,0,0,0,0,0,0,0,0,0,0,73.2583,0,0,0
"MtrElec",4,10,5,"",73.2771,0,0,0,0,0,0,0,0,0,0,0,0,0,0,0,0,0,0,0,0,73.2771,0,0,0
"MtrElec",4,10,6,"",76.679,0,0,0,0,0,0,0,0,0,0,0,0,0,0,0,0,0,0,0,0,76.679,0,0,0
"MtrElec",4,10,7,"",118.259,0,0,0,0,0,0,0,0,0,0,0,0,0,0,0,0,0,0,0,0,120.806,0,0,-2.54747
"MtrElec",4,10,8,"",98.2946,0,0,0,0,0,0,0,0,0,0,0,0,0,0,0,0,0,0,0,0,135.853,0,0,-37.5583
"MtrElec",4,10,9,"",31.0634,0,0,0,0,0,0,0,0,0,0,0,0,0,0,0,0,0,0,0,0,142.128,0,0,-111.065
"MtrElec",4,10,10,"",0.0000010,0,0,0,0,0,0,0,0,0,0,0,0,0,0,0,0,0,0,0,0,164.614,0,15.6039,-180.218
"MtrElec",4,10,11,"",0.0000078,0,0,0,0,0,0,0,0,0,0,0,0,0,0,0,0,0,0,0,0,147.231,0,88.0116,-235.243
"MtrElec",4,10,12,"",-82.1182,0,0,0,0,0,0,0,0,0,0,0,0,0,0,0,0,0,0,0,0,88.066,0,94.4224,-264.607
"MtrElec",4,10,13,"",-57.0079,0,0,0,0,0,0,0,0,0,0,0,0,0,0,0,0,0,0,0,0,128.087,0,94.4224,-279.517
"MtrElec",4,10,14,"",-144.012,0,0,0,0,0,0,0,0,0,0,0,0,0,0,0,0,0,0,0,0,76.0191,0,59.8381,-279.869
"MtrElec",4,10,15,"",-146.677,0,0,0,0,0,0,0,0,0,0,0,0,0,0,0,0,0,0,0,0,112.458,0,0,-259.135
"MtrElec",4,10,16,"",-136.517,0,0,0,0,0,0,0,0,0,0,0,0,0,0,0,0,0,0,0,0,84.2897,0,0,-220.806
"MtrElec",4,10,17,"",-49.18,0,0,0,0,0,0,0,0,0,0,0,0,0,0,0,0,0,0,0,0,115.522,0,0,-164.702
"MtrElec",4,10,18,"",40.7724,0,0,0,0,0,0,0,0,0,0,0,0,0,0,0,0,0,0,0,0,132.85,0,0,-92.0779
"MtrElec",4,10,19,"",28.3665,0,0,0,0,0,0,0,0,0,0,0,0,0,0,0,0,0,0,0,0,145.498,0,-94.4224,-22.7089
"MtrElec",4,10,20,"",59.3088,0,0,0,0,0,0,0,0,0,0,0,0,0,0,0,0,0,0,0,0,153.731,0,-94.4224,0
"MtrElec",4,10,21,"",97.7449,0,0,0,0,0,0,0,0,0,0,0,0,0,0,0,0,0,0,0,0,192.167,0,-94.4224,0
"MtrElec",4,10,22,"",81.9193,0,0,0,0,0,0,0,0,0,0,0,0,0,0,0,0,0,0,0,0,116.601,0,-34.6821,0
"MtrElec",4,10,23,"",137.447,0,0,0,0,0,0,0,0,0,0,0,0,0,0,0,0,0,0,0,0,137.447,0,0,0
"MtrElec",4,10,24,"",93.8557,0,0,0,0,0,0,0,0,0,0,0,0,0,0,0,0,0,0,0,0,93.8557,0,0,0
"MtrElec",4,11,1,"",64.124,0,0,0,0,0,0,0,0,0,0,0,0,0,0,0,0,0,0,0,0,64.124,0,0,0
"MtrElec",4,11,2,"",60.9797,0,0,0,0,0,0,0,0,0,0,0,0,0,0,0,0,0,0,0,0,60.9797,0,0,0
"MtrElec",4,11,3,"",59.0631,0,0,0,0,0,0,0,0,0,0,0,0,0,0,0,0,0,0,0,0,59.0631,0,0,0
"MtrElec",4,11,4,"",61.6106,0,0,0,0,0,0,0,0,0,0,0,0,0,0,0,0,0,0,0,0,61.6106,0,0,0
"MtrElec",4,11,5,"",61.4762,0,0,0,0,0,0,0,0,0,0,0,0,0,0,0,0,0,0,0,0,61.4762,0,0,0
"MtrElec",4,11,6,"",64.7593,0,0,0,0,0,0,0,0,0,0,0,0,0,0,0,0,0,0,0,0,64.7593,0,0,0
"MtrElec",4,11,7,"",71.499,0,0,0,0,0,0,0,0,0,0,0,0,0,0,0,0,0,0,0,0,73.3358,0,0,-1.83672
"MtrElec",4,11,8,"",111.083,0,0,0,0,0,0,0,0,0,0,0,0,0,0,0,0,0,0,0,0,149.637,0,0,-38.5538
"MtrElec",4,11,9,"",18.1586,0,0,0,0,0,0,0,0,0,0,0,0,0,0,0,0,0,0,0,0,125.419,0,0,-107.26
"MtrElec",4,11,10,"",28.7204,0,0,0,0,0,0,0,0,0,0,0,0,0,0,0,0,0,0,0,0,166.548,0,0,-137.828
"MtrElec",4,11,11,"",0,0,0,0,0,0,0,0,0,0,0,0,0,0,0,0,0,0,0,0,0,145.759,0,46.738,-192.497
"MtrElec",4,11,12,"",0.0000039,0,0,0,0,0,0,0,0,0,0,0,0,0,0,0,0,0,0,0,0,167.293,0,51.3146,-218.608
"MtrElec",4,11,13,"",-11.6298,0,0,0,0,0,0,0,0,0,0,0,0,0,0,0,0,0,0,0,0,159.992,0,94.4224,-266.045
"MtrElec",4,11,14,"",-68.8,0,0,0,0,0,0,0,0,0,0,0,0,0,0,0,0,0,0,0,0,115.074,0,94.4224,-278.296
"MtrElec",4,11,15,"",-71.9452,0,0,0,0,0,0,0,0,0,0,0,0,0,0,0,0,0,0,0,0,115.543,0,65.401,-252.889
"MtrElec",4,11,16,"",-85.9595,0,0,0,0,0,0,0,0,0,0,0,0,0,0,0,0,0,0,0,0,131.841,0,0,-217.801
"MtrElec",4,11,17,"",-38.4292,0,0,0,0,0,0,0,0,0,0,0,0,0,0,0,0,0,0,0,0,124.228,0,0,-162.657
"MtrElec",4,11,18,"",25.6195,0,0,0,0,0,0,0,0,0,0,0,0,0,0,0,0,0,0,0,0,116.613,0,0,-90.9938
"MtrElec",4,11,19,"",57.9683,0,0,0,0,0,0,0,0,0,0,0,0,0,0,0,0,0,0,0,0,175.052,0,-94.4224,-22.6612
"MtrElec",4,11,20,"",66.0747,0,0,0,0,0,0,0,0,0,0,0,0,0,0,0,0,0,0,0,0,160.497,0,-94.4224,0
"MtrElec",4,11,21,"",37.8594,0,0,0,0,0,0,0,0,0,0,0,0,0,0,0,0,0,0,0,0,132.282,0,-94.4224,0
"MtrElec",4,11,22,"",76.811,0,0,0,0,0,0,0,0,0,0,0,0,0,0,0,0,0,0,0,0,111.493,0,-34.6821,0
"MtrElec",4,11,23,"",109.056,0,0,0,0,0,0,0,0,0,0,0,0,0,0,0,0,0,0,0,0,109.056,0,0,0
"MtrElec",4,11,24,"",83.0737,0,0,0,0,0,0,0,0,0,0,0,0,0,0,0,0,0,0,0,0,83.0737,0,0,0
"MtrElec",4,12,1,"",71.9433,0,0,0,0,0,0,0,0,0,0,0,0,0,0,0,0,0,0,0,0,71.9433,0,0,0
"MtrElec",4,12,2,"",61.2401,0,0,0,0,0,0,0,0,0,0,0,0,0,0,0,0,0,0,0,0,61.2401,0,0,0
"MtrElec",4,12,3,"",60.6566,0,0,0,0,0,0,0,0,0,0,0,0,0,0,0,0,0,0,0,0,60.6566,0,0,0
"MtrElec",4,12,4,"",83.9151,0,0,0,0,0,0,0,0,0,0,0,0,0,0,0,0,0,0,0,0,83.9151,0,0,0
"MtrElec",4,12,5,"",92.1503,0,0,0,0,0,0,0,0,0,0,0,0,0,0,0,0,0,0,0,0,92.1503,0,0,0
"MtrElec",4,12,6,"",63.2365,0,0,0,0,0,0,0,0,0,0,0,0,0,0,0,0,0,0,0,0,63.2365,0,0,0
"MtrElec",4,12,7,"",65.1734,0,0,0,0,0,0,0,0,0,0,0,0,0,0,0,0,0,0,0,0,67.9726,0,0,-2.7991
"MtrElec",4,12,8,"",44.5673,0,0,0,0,0,0,0,0,0,0,0,0,0,0,0,0,0,0,0,0,82.7485,0,0,-38.1812
"MtrElec",4,12,9,"",24.7184,0,0,0,0,0,0,0,0,0,0,0,0,0,0,0,0,0,0,0,0,132.199,0,0,-107.481
"MtrElec",4,12,10,"",0,0,0,0,0,0,0,0,0,0,0,0,0,0,0,0,0,0,0,0,0,140.782,0,35.4897,-176.271
"MtrElec",4,12,11,"",0.0000078,0,0,0,0,0,0,0,0,0,0,0,0,0,0,0,0,0,0,0,0,151.94,0,77.5198,-229.459
"MtrElec",4,12,12,"",-10.1819,0,0,0,0,0,0,0,0,0,0,0,0,0,0,0,0,0,0,0,0,156.28,0,94.4224,-260.884
"MtrElec",4,12,13,"",-30.5287,0,0,0,0,0,0,0,0,0,0,0,0,0,0,0,0,0,0,0,0,144.34,0,94.4224,-269.291
"MtrElec",4,12,14,"",-83.566,0,0,0,0,0,0,0,0,0,0,0,0,0,0,0,0,0,0,0,0,140.993,0,50.4442,-275.003
"MtrElec",4,12,15,"",-143.848,0,0,0,0,0,0,0,0,0,0,0,0,0,0,0,0,0,0,0,0,115.749,0,0,-259.597
"MtrElec",4,12,16,"",-92.1361,0,0,0,0,0,0,0,0,0,0,0,0,0,0,0,0,0,0,0,0,127.067,0,0,-219.204
"MtrElec",4,12,17,"",-58.0889,0,0,0,0,0,0,0,0,0,0,0,0,0,0,0,0,0,0,0,0,103.398,0,0,-161.487
"MtrElec",4,12,18,"",19.1975,0,0,0,0,0,0,0,0,0,0,0,0,0,0,0,0,0,0,0,0,109.013,0,0,-89.8156
"MtrElec",4,12,19,"",33.8383,0,0,0,0,0,0,0,0,0,0,0,0,0,0,0,0,0,0,0,0,151.18,0,-94.4224,-22.9196
"MtrElec",4,12,20,"",43.6031,0,0,0,0,0,0,0,0,0,0,0,0,0,0,0,0,0,0,0,0,138.025,0,-94.4224,0
"MtrElec",4,12,21,"",53.8886,0,0,0,0,0,0,0,0,0,0,0,0,0,0,0,0,0,0,0,0,148.311,0,-94.4224,0
"MtrElec",4,12,22,"",59.1709,0,0,0,0,0,0,0,0,0,0,0,0,0,0,0,0,0,0,0,0,93.853,0,-34.6821,0
"MtrElec",4,12,23,"",113.134,0,0,0,0,0,0,0,0,0,0,0,0,0,0,0,0,0,0,0,0,113.134,0,0,0
"MtrElec",4,12,24,"",124.603,0,0,0,0,0,0,0,0,0,0,0,0,0,0,0,0,0,0,0,0,124.603,0,0,0
"MtrElec",4,13,1,"",79.3899,0,0,0,0,0,0,0,0,0,0,0,0,0,0,0,0,0,0,0,0,79.3899,0,0,0
"MtrElec",4,13,2,"",61.0398,0,0,0,0,0,0,0,0,0,0,0,0,0,0,0,0,0,0,0,0,61.0398,0,0,0
"MtrElec",4,13,3,"",59.3678,0,0,0,0,0,0,0,0,0,0,0,0,0,0,0,0,0,0,0,0,59.3678,0,0,0
"MtrElec",4,13,4,"",59.3129,0,0,0,0,0,0,0,0,0,0,0,0,0,0,0,0,0,0,0,0,59.3129,0,0,0
"MtrElec",4,13,5,"",58.5926,0,0,0,0,0,0,0,0,0,0,0,0,0,0,0,0,0,0,0,0,58.5926,0,0,0
"MtrElec",4,13,6,"",70.8299,0,0,0,0,0,0,0,0,0,0,0,0,0,0,0,0,0,0,0,0,70.8299,0,0,0
"MtrElec",4,13,7,"",129.14,0,0,0,0,0,0,0,0,0,0,0,0,0,0,0,0,0,0,0,0,131.541,0,0,-2.40134
"MtrElec",4,13,8,"",92.9173,0,0,0,0,0,0,0,0,0,0,0,0,0,0,0,0,0,0,0,0,128.748,0,0,-35.8306
"MtrElec",4,13,9,"",63.5583,0,0,0,0,0,0,0,0,0,0,0,0,0,0,0,0,0,0,0,0,137.652,0,0,-74.094
"MtrElec",4,13,10,"",12.1628,0,0,0,0,0,0,0,0,0,0,0,0,0,0,0,0,0,0,0,0,131.564,0,0,-119.401
"MtrElec",4,13,11,"",-23.0555,0,0,0,0,0,0,0,0,0,0,0,0,0,0,0,0,0,0,0,0,97.5555,0,94.4224,-215.033
"MtrElec",4,13,12,"",-65.4619,0,0,0,0,0,0,0,0,0,0,0,0,0,0,0,0,0,0,0,0,89.8154,0,94.4224,-249.7
"MtrElec",4,13,13,"",-49.5243,0,0,0,0,0,0,0,0,0,0,0,0,0,0,0,0,0,0,0,0,97.8458,0,94.4224,-241.793
"MtrElec",4,13,14,"",-102.664,0,0,0,0,0,0,0,0,0,0,0,0,0,0,0,0,0,0,0,0,70.9786,0,69.0312,-242.674
"MtrElec",4,13,15,"",-93.5954,0,0,0,0,0,0,0,0,0,0,0,0,0,0,0,0,0,0,0,0,69.6094,0,0,-163.205
"MtrElec",4,13,16,"",-96.7648,0,0,0,0,0,0,0,0,0,0,0,0,0,0,0,0,0,0,0,0,107.915,0,0,-204.68
"MtrElec",4,13,17,"",-43.3231,0,0,0,0,0,0,0,0,0,0,0,0,0,0,0,0,0,0,0,0,91.6398,0,0,-134.963
"MtrElec",4,13,18,"",25.6019,0,0,0,0,0,0,0,0,0,0,0,0,0,0,0,0,0,0,0,0,99.4936,0,0,-73.8917
"MtrElec",4,13,19,"",15.3003,0,0,0,0,0,0,0,0,0,0,0,0,0,0,0,0,0,0,0,0,132.402,0,-94.4224,-22.6796
"MtrElec",4,13,20,"",60.5058,0,0,0,0,0,0,0,0,0,0,0,0,0,0,0,0,0,0,0,0,154.928,0,-94.4224,0
"MtrElec",4,13,21,"",88.8996,0,0,0,0,0,0,0,0,0,0,0,0,0,0,0,0,0,0,0,0,183.322,0,-94.4224,0
"MtrElec",4,13,22,"",97.8714,0,0,0,0,0,0,0,0,0,0,0,0,0,0,0,0,0,0,0,0,132.553,0,-34.6821,0
"MtrElec",4,13,23,"",98.3338,0,0,0,0,0,0,0,0,0,0,0,0,0,0,0,0,0,0,0,0,98.3338,0,0,0
"MtrElec",4,13,24,"",73.4784,0,0,0,0,0,0,0,0,0,0,0,0,0,0,0,0,0,0,0,0,73.4784,0,0,0
"MtrElec",4,14,1,"",64.3669,0,0,0,0,0,0,0,0,0,0,0,0,0,0,0,0,0,0,0,0,64.3669,0,0,0
"MtrElec",4,14,2,"",69.1873,0,0,0,0,0,0,0,0,0,0,0,0,0,0,0,0,0,0,0,0,69.1873,0,0,0
"MtrElec",4,14,3,"",95.0475,0,0,0,0,0,0,0,0,0,0,0,0,0,0,0,0,0,0,0,0,95.0475,0,0,0
"MtrElec",4,14,4,"",69.06,0,0,0,0,0,0,0,0,0,0,0,0,0,0,0,0,0,0,0,0,69.06,0,0,0
"MtrElec",4,14,5,"",69.3971,0,0,0,0,0,0,0,0,0,0,0,0,0,0,0,0,0,0,0,0,69.3971,0,0,0
"MtrElec",4,14,6,"",65.4919,0,0,0,0,0,0,0,0,0,0,0,0,0,0,0,0,0,0,0,0,65.4919,0,0,0
"MtrElec",4,14,7,"",110.953,0,0,0,0,0,0,0,0,0,0,0,0,0,0,0,0,0,0,0,0,115.307,0,0,-4.35419
"MtrElec",4,14,8,"",103.448,0,0,0,0,0,0,0,0,0,0,0,0,0,0,0,0,0,0,0,0,143.763,0,0,-40.3144
"MtrElec",4,14,9,"",52.7993,0,0,0,0,0,0,0,0,0,0,0,0,0,0,0,0,0,0,0,0,164.608,0,0,-111.809
"MtrElec",4,14,10,"",0.0000020,0,0,0,0,0,0,0,0,0,0,0,0,0,0,0,0,0,0,0,0,159.076,0,20.4946,-179.57
"MtrElec",4,14,11,"",0,0,0,0,0,0,0,0,0,0,0,0,0,0,0,0,0,0,0,0,0,141.855,0,88.2831,-230.138
"MtrElec",4,14,12,"",-5.46288,0,0,0,0,0,0,0,0,0,0,0,0,0,0,0,0,0,0,0,0,164.931,0,94.4224,-264.817
"MtrElec",4,14,13,"",-97.4625,0,0,0,0,0,0,0,0,0,0,0,0,0,0,0,0,0,0,0,0,84.8862,0,94.4224,-276.771
"MtrElec",4,14,14,"",-131.594,0,0,0,0,0,0,0,0,0,0,0,0,0,0,0,0,0,0,0,0,89.455,0,54.6758,-275.725
"MtrElec",4,14,15,"",-153.601,0,0,0,0,0,0,0,0,0,0,0,0,0,0,0,0,0,0,0,0,101.398,0,0,-254.999
"MtrElec",4,14,16,"",-110.969,0,0,0,0,0,0,0,0,0,0,0,0,0,0,0,0,0,0,0,0,104.275,0,0,-215.244
"MtrElec",4,14,17,"",-1.95395,0,0,0,0,0,0,0,0,0,0,0,0,0,0,0,0,0,0,0,0,157.51,0,0,-159.464
"MtrElec",4,14,18,"",46.0801,0,0,0,0,0,0,0,0,0,0,0,0,0,0,0,0,0,0,0,0,136.859,0,0,-90.7791
"MtrElec",4,14,19,"",20.0245,0,0,0,0,0,0,0,0,0,0,0,0,0,0,0,0,0,0,0,0,137.208,0,-94.4224,-22.761
"MtrElec",4,14,20,"",69.001,0,0,0,0,0,0,0,0,0,0,0,0,0,0,0,0,0,0,0,0,163.423,0,-94.4224,0
"MtrElec",4,14,21,"",128.672,0,0,0,0,0,0,0,0,0,0,0,0,0,0,0,0,0,0,0,0,223.094,0,-94.4224,0
"MtrElec",4,14,22,"",84.6599,0,0,0,0,0,0,0,0,0,0,0,0,0,0,0,0,0,0,0,0,119.342,0,-34.6821,0
"MtrElec",4,14,23,"",110.206,0,0,0,0,0,0,0,0,0,0,0,0,0,0,0,0,0,0,0,0,110.206,0,0,0
"MtrElec",4,14,24,"",123.716,0,0,0,0,0,0,0,0,0,0,0,0,0,0,0,0,0,0,0,0,123.716,0,0,0
"MtrElec",4,15,1,"",79.5486,0,0,0,0,0,0,0,0,0,0,0,0,0,0,0,0,0,0,0,0,79.5486,0,0,0
"MtrElec",4,15,2,"",61.2984,0,0,0,0,0,0,0,0,0,0,0,0,0,0,0,0,0,0,0,0,61.2984,0,0,0
"MtrElec",4,15,3,"",60.5047,0,0,0,0,0,0,0,0,0,0,0,0,0,0,0,0,0,0,0,0,60.5047,0,0,0
"MtrElec",4,15,4,"",67.0093,0,0,0,0,0,0,0,0,0,0,0,0,0,0,0,0,0,0,0,0,67.0093,0,0,0
"MtrElec",4,15,5,"",58.855,0,0,0,0,0,0,0,0,0,0,0,0,0,0,0,0,0,0,0,0,58.855,0,0,0
"MtrElec",4,15,6,"",70.3235,0,0,0,0,0,0,0,0,0,0,0,0,0,0,0,0,0,0,0,0,70.3235,0,0,0
"MtrElec",4,15,7,"",128.403,0,0,0,0,0,0,0,0,0,0,0,0,0,0,0,0,0,0,0,0,133.313,0,0,-4.90917
"MtrElec",4,15,8,"",96.3968,0,0,0,0,0,0,0,0,0,0,0,0,0,0,0,0,0,0,0,0,135.569,0,0,-39.1726
"MtrElec",4,15,9,"",7.09702,0,0,0,0,0,0,0,0,0,0,0,0,0,0,0,0,0,0,0,0,118.067,0,0,-110.969
"MtrElec",4,15,10,"",0,0,0,0,0,0,0,0,0,0,0,0,0,0,0,0,0,0,0,0,0,163.184,0,13.4937,-176.677
"MtrElec",4,15,11,"",-17.9068,0,0,0,0,0,0,0,0,0,0,0,0,0,0,0,0,0,0,0,0,113.232,0,94.4224,-225.561
"MtrElec",4,15,12,"",-33.0291,0,0,0,0,0,0,0,0,0,0,0,0,0,0,0,0,0,0,0,0,125.46,0,94.4224,-252.911
"MtrElec",4,15,13,"",-15.6846,0,0,0,0,0,0,0,0,0,0,0,0,0,0,0,0,0,0,0,0,153.041,0,94.4224,-263.148
"MtrElec",4,15,14,"",-84.2166,0,0,0,0,0,0,0,0,0,0,0,0,0,0,0,0,0,0,0,0,119.78,0,55.5375,-259.534
"MtrElec",4,15,15,"",-151.374,0,0,0,0,0,0,0,0,0,0,0,0,0,0,0,0,0,0,0,0,92.0425,0,0,-243.417
"MtrElec",4,15,16,"",-86.0701,0,0,0,0,0,0,0,0,0,0,0,0,0,0,0,0,0,0,0,0,123.592,0,0,-209.662
"MtrElec",4,15,17,"",-29.1,0,0,0,0,0,0,0,0,0,0,0,0,0,0,0,0,0,0,0,0,127.491,0,0,-156.591
"MtrElec",4,15,18,"",80.7326,0,0,0,0,0,0,0,0,0,0,0,0,0,0,0,0,0,0,0,0,170.386,0,0,-89.6529
"MtrElec",4,15,19,"",34.8149,0,0,0,0,0,0,0,0,0,0,0,0,0,0,0,0,0,0,0,0,151.675,0,-94.4224,-22.438
"MtrElec",4,15,20,"",73.8981,0,0,0,0,0,0,0,0,0,0,0,0,0,0,0,0,0,0,0,0,168.321,0,-94.4224,0
"MtrElec",4,15,21,"",57.0633,0,0,0,0,0,0,0,0,0,0,0,0,0,0,0,0,0,0,0,0,151.486,0,-94.4224,0
"MtrElec",4,15,22,"",97.1739,0,0,0,0,0,0,0,0,0,0,0,0,0,0,0,0,0,0,0,0,131.856,0,-34.6821,0
"MtrElec",4,15,23,"",116.75,0,0,0,0,0,0,0,0,0,0,0,0,0,0,0,0,0,0,0,0,116.75,0,0,0
"MtrElec",4,15,24,"",110.858,0,0,0,0,0,0,0,0,0,0,0,0,0,0,0,0,0,0,0,0,110.858,0,0,0
"MtrElec",4,16,1,"",98.8043,0,0,0,0,0,0,0,0,0,0,0,0,0,0,0,0,0,0,0,0,98.8043,0,0,0
"MtrElec",4,16,2,"",61.9522,0,0,0,0,0,0,0,0,0,0,0,0,0,0,0,0,0,0,0,0,61.9522,0,0,0
"MtrElec",4,16,3,"",60.876,0,0,0,0,0,0,0,0,0,0,0,0,0,0,0,0,0,0,0,0,60.876,0,0,0
"MtrElec",4,16,4,"",67.2761,0,0,0,0,0,0,0,0,0,0,0,0,0,0,0,0,0,0,0,0,67.2761,0,0,0
"MtrElec",4,16,5,"",59.1184,0,0,0,0,0,0,0,0,0,0,0,0,0,0,0,0,0,0,0,0,59.1184,0,0,0
"MtrElec",4,16,6,"",64.324,0,0,0,0,0,0,0,0,0,0,0,0,0,0,0,0,0,0,0,0,64.324,0,0,0
"MtrElec",4,16,7,"",95.6001,0,0,0,0,0,0,0,0,0,0,0,0,0,0,0,0,0,0,0,0,101.024,0,0,-5.42381
"MtrElec",4,16,8,"",86.8856,0,0,0,0,0,0,0,0,0,0,0,0,0,0,0,0,0,0,0,0,126.615,0,0,-39.7291
"MtrElec",4,16,9,"",35.9991,0,0,0,0,0,0,0,0,0,0,0,0,0,0,0,0,0,0,0,0,146.278,0,0,-110.279
"MtrElec",4,16,10,"",0,0,0,0,0,0,0,0,0,0,0,0,0,0,0,0,0,0,0,0,0,130.643,0,44.3976,-175.04
"MtrElec",4,16,11,"",0,0,0,0,0,0,0,0,0,0,0,0,0,0,0,0,0,0,0,0,0,159.41,0,60.7791,-220.189
"MtrElec",4,16,12,"",0,0,0,0,0,0,0,0,0,0,0,0,0,0,0,0,0,0,0,0,0,173.955,0,75.8041,-249.759
"MtrElec",4,16,13,"",-15.8038,0,0,0,0,0,0,0,0,0,0,0,0,0,0,0,0,0,0,0,0,157.344,0,94.4224,-267.57
"MtrElec",4,16,14,"",-46.487,0,0,0,0,0,0,0,0,0,0,0,0,0,0,0,0,0,0,0,0,144.06,0,76.8952,-267.442
"MtrElec",4,16,15,"",-98.7735,0,0,0,0,0,0,0,0,0,0,0,0,0,0,0,0,0,0,0,0,148.237,0,0,-247.01
"MtrElec",4,16,16,"",-56.8826,0,0,0,0,0,0,0,0,0,0,0,0,0,0,0,0,0,0,0,0,155.183,0,0,-212.066
"MtrElec",4,16,17,"",3.40783,0,0,0,0,0,0,0,0,0,0,0,0,0,0,0,0,0,0,0,0,162.657,0,0,-159.249
"MtrElec",4,16,18,"",114.703,0,0,0,0,0,0,0,0,0,0,0,0,0,0,0,0,0,0,0,0,204.998,0,0,-90.2949
"MtrElec",4,16,19,"",94.4433,0,0,0,0,0,0,0,0,0,0,0,0,0,0,0,0,0,0,0,0,211.524,0,-94.4224,-22.658
"MtrElec",4,16,20,"",106.765,0,0,0,0,0,0,0,0,0,0,0,0,0,0,0,0,0,0,0,0,201.188,0,-94.4224,0
"MtrElec",4,16,21,"",95.9736,0,0,0,0,0,0,0,0,0,0,0,0,0,0,0,0,0,0,0,0,190.396,0,-94.4224,0
"MtrElec",4,16,22,"",105.227,0,0,0,0,0,0,0,0,0,0,0,0,0,0,0,0,0,0,0,0,139.909,0,-34.6821,0
"MtrElec",4,16,23,"",168.162,0,0,0,0,0,0,0,0,0,0,0,0,0,0,0,0,0,0,0,0,168.162,0,0,0
"MtrElec",4,16,24,"",106.757,0,0,0,0,0,0,0,0,0,0,0,0,0,0,0,0,0,0,0,0,106.757,0,0,0
"MtrElec",4,17,1,"",83.1764,0,0,0,0,0,0,0,0,0,0,0,0,0,0,0,0,0,0,0,0,83.1764,0,0,0
"MtrElec",4,17,2,"",65.9041,0,0,0,0,0,0,0,0,0,0,0,0,0,0,0,0,0,0,0,0,65.9041,0,0,0
"MtrElec",4,17,3,"",85.8747,0,0,0,0,0,0,0,0,0,0,0,0,0,0,0,0,0,0,0,0,85.8747,0,0,0
"MtrElec",4,17,4,"",63.243,0,0,0,0,0,0,0,0,0,0,0,0,0,0,0,0,0,0,0,0,63.243,0,0,0
"MtrElec",4,17,5,"",59.2822,0,0,0,0,0,0,0,0,0,0,0,0,0,0,0,0,0,0,0,0,59.2822,0,0,0
"MtrElec",4,17,6,"",63.82,0,0,0,0,0,0,0,0,0,0,0,0,0,0,0,0,0,0,0,0,63.82,0,0,0
"MtrElec",4,17,7,"",91.0341,0,0,0,0,0,0,0,0,0,0,0,0,0,0,0,0,0,0,0,0,96.4974,0,0,-5.46328
"MtrElec",4,17,8,"",107.749,0,0,0,0,0,0,0,0,0,0,0,0,0,0,0,0,0,0,0,0,147.524,0,0,-39.7744
"MtrElec",4,17,9,"",61.53,0,0,0,0,0,0,0,0,0,0,0,0,0,0,0,0,0,0,0,0,170.948,0,0,-109.418
"MtrElec",4,17,10,"",0,0,0,0,0,0,0,0,0,0,0,0,0,0,0,0,0,0,0,0,0,105.34,0,66.8878,-172.228
"MtrElec",4,17,11,"",0,0,0,0,0,0,0,0,0,0,0,0,0,0,0,0,0,0,0,0,0,145.193,0,73.4216,-218.614
"MtrElec",4,17,12,"",-59.2758,0,0,0,0,0,0,0,0,0,0,0,0,0,0,0,0,0,0,0,0,102.983,0,94.4224,-256.681
"MtrElec",4,17,13,"",-31.6212,0,0,0,0,0,0,0,0,0,0,0,0,0,0,0,0,0,0,0,0,148.752,0,94.4224,-274.795
"MtrElec",4,17,14,"",-134.389,0,0,0,0,0,0,0,0,0,0,0,0,0,0,0,0,0,0,0,0,113.506,0,23.1442,-271.039
"MtrElec",4,17,15,"",-158.651,0,0,0,0,0,0,0,0,0,0,0,0,0,0,0,0,0,0,0,0,94.3474,0,0,-252.998
"MtrElec",4,17,16,"",-87.4271,0,0,0,0,0,0,0,0,0,0,0,0,0,0,0,0,0,0,0,0,128.874,0,0,-216.302
"MtrElec",4,17,17,"",0.367578,0,0,0,0,0,0,0,0,0,0,0,0,0,0,0,0,0,0,0,0,160.921,0,0,-160.553
"MtrElec",4,17,18,"",59.0112,0,0,0,0,0,0,0,0,0,0,0,0,0,0,0,0,0,0,0,0,146.795,0,0,-87.7838
"MtrElec",4,17,19,"",74.3059,0,0,0,0,0,0,0,0,0,0,0,0,0,0,0,0,0,0,0,0,189.242,0,-94.4224,-20.5141
"MtrElec",4,17,20,"",46.4607,0,0,0,0,0,0,0,0,0,0,0,0,0,0,0,0,0,0,0,0,140.883,0,-94.4224,0
"MtrElec",4,17,21,"",93.9987,0,0,0,0,0,0,0,0,0,0,0,0,0,0,0,0,0,0,0,0,188.421,0,-94.4224,0
"MtrElec",4,17,22,"",81.6255,0,0,0,0,0,0,0,0,0,0,0,0,0,0,0,0,0,0,0,0,116.308,0,-34.6821,0
"MtrElec",4,17,23,"",107.274,0,0,0,0,0,0,0,0,0,0,0,0,0,0,0,0,0,0,0,0,107.274,0,0,0
"MtrElec",4,17,24,"",111.436,0,0,0,0,0,0,0,0,0,0,0,0,0,0,0,0,0,0,0,0,111.436,0,0,0
"MtrElec",4,18,1,"",65.3694,0,0,0,0,0,0,0,0,0,0,0,0,0,0,0,0,0,0,0,0,65.3694,0,0,0
"MtrElec",4,18,2,"",61.9587,0,0,0,0,0,0,0,0,0,0,0,0,0,0,0,0,0,0,0,0,61.9587,0,0,0
"MtrElec",4,18,3,"",61.5867,0,0,0,0,0,0,0,0,0,0,0,0,0,0,0,0,0,0,0,0,61.5867,0,0,0
"MtrElec",4,18,4,"",62.7769,0,0,0,0,0,0,0,0,0,0,0,0,0,0,0,0,0,0,0,0,62.7769,0,0,0
"MtrElec",4,18,5,"",73.9578,0,0,0,0,0,0,0,0,0,0,0,0,0,0,0,0,0,0,0,0,73.9578,0,0,0
"MtrElec",4,18,6,"",62.1736,0,0,0,0,0,0,0,0,0,0,0,0,0,0,0,0,0,0,0,0,62.1736,0,0,0
"MtrElec",4,18,7,"",70.2885,0,0,0,0,0,0,0,0,0,0,0,0,0,0,0,0,0,0,0,0,77.7026,0,0,-7.41407
"MtrElec",4,18,8,"",66.5853,0,0,0,0,0,0,0,0,0,0,0,0,0,0,0,0,0,0,0,0,103.232,0,0,-36.6465
"MtrElec",4,18,9,"",59.5508,0,0,0,0,0,0,0,0,0,0,0,0,0,0,0,0,0,0,0,0,78.9569,0,0,-19.4061
"MtrElec",4,18,10,"",91.8391,0,0,0,0,0,0,0,0,0,0,0,0,0,0,0,0,0,0,0,0,135.995,0,0,-44.1562
"MtrElec",4,18,11,"",106.151,0,0,0,0,0,0,0,0,0,0,0,0,0,0,0,0,0,0,0,0,188.266,0,0,-82.1152
"MtrElec",4,18,12,"",106.257,0,0,0,0,0,0,0,0,0,0,0,0,0,0,0,0,0,0,0,0,217.431,0,0,-111.174
"MtrElec",4,18,13,"",71.8057,0,0,0,0,0,0,0,0,0,0,0,0,0,0,0,0,0,0,0,0,185.963,0,0,-114.158
"MtrElec",4,18,14,"",34.01,0,0,0,0,0,0,0,0,0,0,0,0,0,0,0,0,0,0,0,0,168.118,0,0,-134.108
"MtrElec",4,18,15,"",65.2112,0,0,0,0,0,0,0,0,0,0,0,0,0,0,0,0,0,0,0,0,128.608,0,0,-63.3971
"MtrElec",4,18,16,"",42.8677,0,0,0,0,0,0,0,0,0,0,0,0,0,0,0,0,0,0,0,0,107.151,0,0,-64.2837
"MtrElec",4,18,17,"",137.846,0,0,0,0,0,0,0,0,0,0,0,0,0,0,0,0,0,0,0,0,163.212,0,0,-25.3658
"MtrElec",4,18,18,"",117.13,0,0,0,0,0,0,0,0,0,0,0,0,0,0,0,0,0,0,0,0,124.96,0,0,-7.83046
"MtrElec",4,18,19,"",205.051,0,0,0,0,0,0,0,0,0,0,0,0,0,0,0,0,0,0,0,0,218.553,0,0,-13.5021
"MtrElec",4,18,20,"",194.916,0,0,0,0,0,0,0,0,0,0,0,0,0,0,0,0,0,0,0,0,195.159,0,0,-0.242272
"MtrElec",4,18,21,"",135.161,0,0,0,0,0,0,0,0,0,0,0,0,0,0,0,0,0,0,0,0,135.161,0,0,0
"MtrElec",4,18,22,"",177.589,0,0,0,0,0,0,0,0,0,0,0,0,0,0,0,0,0,0,0,0,177.589,0,0,0
"MtrElec",4,18,23,"",93.437,0,0,0,0,0,0,0,0,0,0,0,0,0,0,0,0,0,0,0,0,93.437,0,0,0
"MtrElec",4,18,24,"",133.072,0,0,0,0,0,0,0,0,0,0,0,0,0,0,0,0,0,0,0,0,133.072,0,0,0
"MtrElec",4,19,1,"",72.4118,0,0,0,0,0,0,0,0,0,0,0,0,0,0,0,0,0,0,0,0,72.4118,0,0,0
"MtrElec",4,19,2,"",61.6929,0,0,0,0,0,0,0,0,0,0,0,0,0,0,0,0,0,0,0,0,61.6929,0,0,0
"MtrElec",4,19,3,"",61.123,0,0,0,0,0,0,0,0,0,0,0,0,0,0,0,0,0,0,0,0,61.123,0,0,0
"MtrElec",4,19,4,"",60.6371,0,0,0,0,0,0,0,0,0,0,0,0,0,0,0,0,0,0,0,0,60.6371,0,0,0
"MtrElec",4,19,5,"",58.8355,0,0,0,0,0,0,0,0,0,0,0,0,0,0,0,0,0,0,0,0,58.8355,0,0,0
"MtrElec",4,19,6,"",61.8914,0,0,0,0,0,0,0,0,0,0,0,0,0,0,0,0,0,0,0,0,61.8914,0,0,0
"MtrElec",4,19,7,"",93.8122,0,0,0,0,0,0,0,0,0,0,0,0,0,0,0,0,0,0,0,0,94.6807,0,0,-0.868542
"MtrElec",4,19,8,"",44.4606,0,0,0,0,0,0,0,0,0,0,0,0,0,0,0,0,0,0,0,0,79.0644,0,0,-34.6038
"MtrElec",4,19,9,"",53.376,0,0,0,0,0,0,0,0,0,0,0,0,0,0,0,0,0,0,0,0,113.604,0,0,-60.2284
"MtrElec",4,19,10,"",0,0,0,0,0,0,0,0,0,0,0,0,0,0,0,0,0,0,0,0,0,140.804,0,12.7804,-153.585
"MtrElec",4,19,11,"",20.6228,0,0,0,0,0,0,0,0,0,0,0,0,0,0,0,0,0,0,0,0,195.416,0,0,-174.793
"MtrElec",4,19,12,"",0,0,0,0,0,0,0,0,0,0,0,0,0,0,0,0,0,0,0,0,0,137.776,0,87.2563,-225.032
"MtrElec",4,19,13,"",-29.7271,0,0,0,0,0,0,0,0,0,0,0,0,0,0,0,0,0,0,0,0,145.336,0,94.4224,-269.486
"MtrElec",4,19,14,"",-23.4419,0,0,0,0,0,0,0,0,0,0,0,0,0,0,0,0,0,0,0,0,123.488,0,94.4224,-241.353
"MtrElec",4,19,15,"",-42.324,0,0,0,0,0,0,0,0,0,0,0,0,0,0,0,0,0,0,0,0,150.258,0,63.417,-255.999
"MtrElec",4,19,16,"",-99.2876,0,0,0,0,0,0,0,0,0,0,0,0,0,0,0,0,0,0,0,0,117.528,0,0,-216.816
"MtrElec",4,19,17,"",-14.8947,0,0,0,0,0,0,0,0,0,0,0,0,0,0,0,0,0,0,0,0,145.586,0,0,-160.48
"MtrElec",4,19,18,"",55.386,0,0,0,0,0,0,0,0,0,0,0,0,0,0,0,0,0,0,0,0,120.17,0,0,-64.7838
"MtrElec",4,19,19,"",71.2828,0,0,0,0,0,0,0,0,0,0,0,0,0,0,0,0,0,0,0,0,189.907,0,-94.4224,-24.2015
"MtrElec",4,19,20,"",83.9528,0,0,0,0,0,0,0,0,0,0,0,0,0,0,0,0,0,0,0,0,178.593,0,-94.4224,-0.218208
"MtrElec",4,19,21,"",72.0531,0,0,0,0,0,0,0,0,0,0,0,0,0,0,0,0,0,0,0,0,166.476,0,-94.4224,0
"MtrElec",4,19,22,"",130.689,0,0,0,0,0,0,0,0,0,0,0,0,0,0,0,0,0,0,0,0,165.371,0,-34.6821,0
"MtrElec",4,19,23,"",102.446,0,0,0,0,0,0,0,0,0,0,0,0,0,0,0,0,0,0,0,0,102.446,0,0,0
"MtrElec",4,19,24,"",137.202,0,0,0,0,0,0,0,0,0,0,0,0,0,0,0,0,0,0,0,0,137.202,0,0,0
"MtrElec",4,20,1,"",75.9744,0,0,0,0,0,0,0,0,0,0,0,0,0,0,0,0,0,0,0,0,75.9744,0,0,0
"MtrElec",4,20,2,"",61.4066,0,0,0,0,0,0,0,0,0,0,0,0,0,0,0,0,0,0,0,0,61.4066,0,0,0
"MtrElec",4,20,3,"",59.7244,0,0,0,0,0,0,0,0,0,0,0,0,0,0,0,0,0,0,0,0,59.7244,0,0,0
"MtrElec",4,20,4,"",59.6589,0,0,0,0,0,0,0,0,0,0,0,0,0,0,0,0,0,0,0,0,59.6589,0,0,0
"MtrElec",4,20,5,"",58.9758,0,0,0,0,0,0,0,0,0,0,0,0,0,0,0,0,0,0,0,0,58.9758,0,0,0
"MtrElec",4,20,6,"",63.4136,0,0,0,0,0,0,0,0,0,0,0,0,0,0,0,0,0,0,0,0,63.4136,0,0,0
"MtrElec",4,20,7,"",114.13,0,0,0,0,0,0,0,0,0,0,0,0,0,0,0,0,0,0,0,0,117.987,0,0,-3.85701
"MtrElec",4,20,8,"",92.7757,0,0,0,0,0,0,0,0,0,0,0,0,0,0,0,0,0,0,0,0,130.718,0,0,-37.9424
"MtrElec",4,20,9,"",85.9802,0,0,0,0,0,0,0,0,0,0,0,0,0,0,0,0,0,0,0,0,145.477,0,0,-59.4964
"MtrElec",4,20,10,"",0,0,0,0,0,0,0,0,0,0,0,0,0,0,0,0,0,0,0,0,0,106.536,0,18.5769,-125.112
"MtrElec",4,20,11,"",0.0000039,0,0,0,0,0,0,0,0,0,0,0,0,0,0,0,0,0,0,0,0,130.031,0,56.8128,-186.844
"MtrElec",4,20,12,"",18.6758,0,0,0,0,0,0,0,0,0,0,0,0,0,0,0,0,0,0,0,0,119.912,0,0,-101.236
"MtrElec",4,20,13,"",0,0,0,0,0,0,0,0,0,0,0,0,0,0,0,0,0,0,0,0,0,82.4564,0,8.72791,-91.1843
"MtrElec",4,20,14,"",0.0000078,0,0,0,0,0,0,0,0,0,0,0,0,0,0,0,0,0,0,0,0,102.155,0,70.9464,-173.102
"MtrElec",4,20,15,"",-13.9802,0,0,0,0,0,0,0,0,0,0,0,0,0,0,0,0,0,0,0,0,98.3986,0,94.4224,-206.801
"MtrElec",4,20,16,"",-1.10224,0,0,0,0,0,0,0,0,0,0,0,0,0,0,0,0,0,0,0,0,121.861,0,94.4224,-217.385
"MtrElec",4,20,17,"",-52.7427,0,0,0,0,0,0,0,0,0,0,0,0,0,0,0,0,0,0,0,0,99.946,0,8.38958,-161.078
"MtrElec",4,20,18,"",37.7679,0,0,0,0,0,0,0,0,0,0,0,0,0,0,0,0,0,0,0,0,127.775,0,0,-90.0075
"MtrElec",4,20,19,"",16.3642,0,0,0,0,0,0,0,0,0,0,0,0,0,0,0,0,0,0,0,0,134.478,0,-94.4224,-23.6916
"MtrElec",4,20,20,"",50.0278,0,0,0,0,0,0,0,0,0,0,0,0,0,0,0,0,0,0,0,0,144.45,0,-94.4224,0
"MtrElec",4,20,21,"",100.673,0,0,0,0,0,0,0,0,0,0,0,0,0,0,0,0,0,0,0,0,195.095,0,-94.4224,0
"MtrElec",4,20,22,"",69.1101,0,0,0,0,0,0,0,0,0,0,0,0,0,0,0,0,0,0,0,0,103.792,0,-34.6821,0
"MtrElec",4,20,23,"",169.414,0,0,0,0,0,0,0,0,0,0,0,0,0,0,0,0,0,0,0,0,169.414,0,0,0
"MtrElec",4,20,24,"",138.378,0,0,0,0,0,0,0,0,0,0,0,0,0,0,0,0,0,0,0,0,138.378,0,0,0
"MtrElec",4,21,1,"",75.8771,0,0,0,0,0,0,0,0,0,0,0,0,0,0,0,0,0,0,0,0,75.8771,0,0,0
"MtrElec",4,21,2,"",61.412,0,0,0,0,0,0,0,0,0,0,0,0,0,0,0,0,0,0,0,0,61.412,0,0,0
"MtrElec",4,21,3,"",59.722,0,0,0,0,0,0,0,0,0,0,0,0,0,0,0,0,0,0,0,0,59.722,0,0,0
"MtrElec",4,21,4,"",59.6486,0,0,0,0,0,0,0,0,0,0,0,0,0,0,0,0,0,0,0,0,59.6486,0,0,0
"MtrElec",4,21,5,"",58.9652,0,0,0,0,0,0,0,0,0,0,0,0,0,0,0,0,0,0,0,0,58.9652,0,0,0
"MtrElec",4,21,6,"",67.429,0,0,0,0,0,0,0,0,0,0,0,0,0,0,0,0,0,0,0,0,67.429,0,0,0
"MtrElec",4,21,7,"",112.009,0,0,0,0,0,0,0,0,0,0,0,0,0,0,0,0,0,0,0,0,121.21,0,0,-9.20117
"MtrElec",4,21,8,"",83.4098,0,0,0,0,0,0,0,0,0,0,0,0,0,0,0,0,0,0,0,0,126.62,0,0,-43.2106
"MtrElec",4,21,9,"",99.3413,0,0,0,0,0,0,0,0,0,0,0,0,0,0,0,0,0,0,0,0,126.902,0,0,-27.5603
"MtrElec",4,21,10,"",116.334,0,0,0,0,0,0,0,0,0,0,0,0,0,0,0,0,0,0,0,0,158.014,0,0,-41.6801
"MtrElec",4,21,11,"",51.8134,0,0,0,0,0,0,0,0,0,0,0,0,0,0,0,0,0,0,0,0,122.287,0,0,-70.4733
"MtrElec",4,21,12,"",0,0,0,0,0,0,0,0,0,0,0,0,0,0,0,0,0,0,0,0,0,148.275,0,4.08617,-152.361
"MtrElec",4,21,13,"",14.296,0,0,0,0,0,0,0,0,0,0,0,0,0,0,0,0,0,0,0,0,165.182,0,0,-150.886
"MtrElec",4,21,14,"",-74.522,0,0,0,0,0,0,0,0,0,0,0,0,0,0,0,0,0,0,0,0,69.5544,0,94.4224,-238.499
"MtrElec",4,21,15,"",-53.1466,0,0,0,0,0,0,0,0,0,0,0,0,0,0,0,0,0,0,0,0,111.221,0,94.4224,-258.79
"MtrElec",4,21,16,"",-50.8785,0,0,0,0,0,0,0,0,0,0,0,0,0,0,0,0,0,0,0,0,75.9768,0,94.4224,-221.278
"MtrElec",4,21,17,"",-14.6059,0,0,0,0,0,0,0,0,0,0,0,0,0,0,0,0,0,0,0,0,85.1629,0,64.945,-164.714
"MtrElec",4,21,18,"",45.6365,0,0,0,0,0,0,0,0,0,0,0,0,0,0,0,0,0,0,0,0,139.163,0,0,-93.5266
"MtrElec",4,21,19,"",23.489,0,0,0,0,0,0,0,0,0,0,0,0,0,0,0,0,0,0,0,0,141.794,0,-94.4224,-23.8821
"MtrElec",4,21,20,"",85.8042,0,0,0,0,0,0,0,0,0,0,0,0,0,0,0,0,0,0,0,0,180.397,0,-94.4224,-0.170785
"MtrElec",4,21,21,"",71.2615,0,0,0,0,0,0,0,0,0,0,0,0,0,0,0,0,0,0,0,0,165.684,0,-94.4224,0
"MtrElec",4,21,22,"",91.9343,0,0,0,0,0,0,0,0,0,0,0,0,0,0,0,0,0,0,0,0,126.616,0,-34.6821,0
"MtrElec",4,21,23,"",133.612,0,0,0,0,0,0,0,0,0,0,0,0,0,0,0,0,0,0,0,0,133.612,0,0,0
"MtrElec",4,21,24,"",86.7113,0,0,0,0,0,0,0,0,0,0,0,0,0,0,0,0,0,0,0,0,86.7113,0,0,0
"MtrElec",4,22,1,"",79.4605,0,0,0,0,0,0,0,0,0,0,0,0,0,0,0,0,0,0,0,0,79.4605,0,0,0
"MtrElec",4,22,2,"",64.7242,0,0,0,0,0,0,0,0,0,0,0,0,0,0,0,0,0,0,0,0,64.7242,0,0,0
"MtrElec",4,22,3,"",64.8327,0,0,0,0,0,0,0,0,0,0,0,0,0,0,0,0,0,0,0,0,64.8327,0,0,0
"MtrElec",4,22,4,"",99.0053,0,0,0,0,0,0,0,0,0,0,0,0,0,0,0,0,0,0,0,0,99.0053,0,0,0
"MtrElec",4,22,5,"",63.054,0,0,0,0,0,0,0,0,0,0,0,0,0,0,0,0,0,0,0,0,63.054,0,0,0
"MtrElec",4,22,6,"",63.9902,0,0,0,0,0,0,0,0,0,0,0,0,0,0,0,0,0,0,0,0,63.9902,0,0,0
"MtrElec",4,22,7,"",93.4701,0,0,0,0,0,0,0,0,0,0,0,0,0,0,0,0,0,0,0,0,97.6967,0,0,-4.22664
"MtrElec",4,22,8,"",98.6784,0,0,0,0,0,0,0,0,0,0,0,0,0,0,0,0,0,0,0,0,140.895,0,0,-42.2163
"MtrElec",4,22,9,"",31.5515,0,0,0,0,0,0,0,0,0,0,0,0,0,0,0,0,0,0,0,0,146.421,0,0,-114.87
"MtrElec",4,22,10,"",0.0000039,0,0,0,0,0,0,0,0,0,0,0,0,0,0,0,0,0,0,0,0,129.93,0,50.8676,-180.797
"MtrElec",4,22,11,"",-43.4518,0,0,0,0,0,0,0,0,0,0,0,0,0,0,0,0,0,0,0,0,94.5207,0,94.4224,-232.395
"MtrElec",4,22,12,"",-53.7552,0,0,0,0,0,0,0,0,0,0,0,0,0,0,0,0,0,0,0,0,111.458,0,94.4224,-259.636
"MtrElec",4,22,13,"",-92.237,0,0,0,0,0,0,0,0,0,0,0,0,0,0,0,0,0,0,0,0,87.8428,0,94.4224,-274.502
"MtrElec",4,22,14,"",-179.752,0,0,0,0,0,0,0,0,0,0,0,0,0,0,0,0,0,0,0,0,79.5107,0,18.1636,-277.426
"MtrElec",4,22,15,"",-147.234,0,0,0,0,0,0,0,0,0,0,0,0,0,0,0,0,0,0,0,0,109.224,0,0,-256.458
"MtrElec",4,22,16,"",-133.468,0,0,0,0,0,0,0,0,0,0,0,0,0,0,0,0,0,0,0,0,83.3105,0,0,-216.778
"MtrElec",4,22,17,"",-19.5254,0,0,0,0,0,0,0,0,0,0,0,0,0,0,0,0,0,0,0,0,126.197,0,0,-145.722
"MtrElec",4,22,18,"",28.1426,0,0,0,0,0,0,0,0,0,0,0,0,0,0,0,0,0,0,0,0,118.401,0,0,-90.2587
"MtrElec",4,22,19,"",54.3792,0,0,0,0,0,0,0,0,0,0,0,0,0,0,0,0,0,0,0,0,169.884,0,-94.4224,-21.0823
"MtrElec",4,22,20,"",40.8843,0,0,0,0,0,0,0,0,0,0,0,0,0,0,0,0,0,0,0,0,135.307,0,-94.4224,0
"MtrElec",4,22,21,"",90.1511,0,0,0,0,0,0,0,0,0,0,0,0,0,0,0,0,0,0,0,0,184.574,0,-94.4224,0
"MtrElec",4,22,22,"",77.4743,0,0,0,0,0,0,0,0,0,0,0,0,0,0,0,0,0,0,0,0,112.156,0,-34.6821,0
"MtrElec",4,22,23,"",139.269,0,0,0,0,0,0,0,0,0,0,0,0,0,0,0,0,0,0,0,0,139.269,0,0,0
"MtrElec",4,22,24,"",83.8888,0,0,0,0,0,0,0,0,0,0,0,0,0,0,0,0,0,0,0,0,83.8888,0,0,0
"MtrElec",4,23,1,"",70.1185,0,0,0,0,0,0,0,0,0,0,0,0,0,0,0,0,0,0,0,0,70.1185,0,0,0
"MtrElec",4,23,2,"",61.2745,0,0,0,0,0,0,0,0,0,0,0,0,0,0,0,0,0,0,0,0,61.2745,0,0,0
"MtrElec",4,23,3,"",60.4983,0,0,0,0,0,0,0,0,0,0,0,0,0,0,0,0,0,0,0,0,60.4983,0,0,0
"MtrElec",4,23,4,"",67.0148,0,0,0,0,0,0,0,0,0,0,0,0,0,0,0,0,0,0,0,0,67.0148,0,0,0
"MtrElec",4,23,5,"",58.8744,0,0,0,0,0,0,0,0,0,0,0,0,0,0,0,0,0,0,0,0,58.8744,0,0,0
"MtrElec",4,23,6,"",75.282,0,0,0,0,0,0,0,0,0,0,0,0,0,0,0,0,0,0,0,0,75.282,0,0,0
"MtrElec",4,23,7,"",132.1,0,0,0,0,0,0,0,0,0,0,0,0,0,0,0,0,0,0,0,0,134.04,0,0,-1.94075
"MtrElec",4,23,8,"",94.7135,0,0,0,0,0,0,0,0,0,0,0,0,0,0,0,0,0,0,0,0,133.781,0,0,-39.0676
"MtrElec",4,23,9,"",69.3903,0,0,0,0,0,0,0,0,0,0,0,0,0,0,0,0,0,0,0,0,137.409,0,0,-68.0186
"MtrElec",4,23,10,"",36.4278,0,0,0,0,0,0,0,0,0,0,0,0,0,0,0,0,0,0,0,0,162.029,0,0,-125.601
"MtrElec",4,23,11,"",0,0,0,0,0,0,0,0,0,0,0,0,0,0,0,0,0,0,0,0,0,125.139,0,27.6312,-152.77
"MtrElec",4,23,12,"",0,0,0,0,0,0,0,0,0,0,0,0,0,0,0,0,0,0,0,0,0,113.553,0,45.3179,-158.871
"MtrElec",4,23,13,"",0.0000039,0,0,0,0,0,0,0,0,0,0,0,0,0,0,0,0,0,0,0,0,99.7423,0,46.256,-145.998
"MtrElec",4,23,14,"",0,0,0,0,0,0,0,0,0,0,0,0,0,0,0,0,0,0,0,0,0,84.4836,0,94.1015,-178.585
"MtrElec",4,23,15,"",0,0,0,0,0,0,0,0,0,0,0,0,0,0,0,0,0,0,0,0,0,112.129,0,26.9855,-139.114
"MtrElec",4,23,16,"",0.0000001,0,0,0,0,0,0,0,0,0,0,0,0,0,0,0,0,0,0,0,0,75.2558,0,1.82046,-77.0762
"MtrElec",4,23,17,"",0.0000005,0,0,0,0,0,0,0,0,0,0,0,0,0,0,0,0,0,0,0,0,99.0189,0,7.52346,-106.542
"MtrElec",4,23,18,"",65.0592,0,0,0,0,0,0,0,0,0,0,0,0,0,0,0,0,0,0,0,0,133.674,0,0,-68.6151
"MtrElec",4,23,19,"",21.8104,0,0,0,0,0,0,0,0,0,0,0,0,0,0,0,0,0,0,0,0,140.746,0,-94.4224,-24.5134
"MtrElec",4,23,20,"",63.3371,0,0,0,0,0,0,0,0,0,0,0,0,0,0,0,0,0,0,0,0,158.24,0,-94.4224,-0.480881
"MtrElec",4,23,21,"",116.224,0,0,0,0,0,0,0,0,0,0,0,0,0,0,0,0,0,0,0,0,152.676,0,-36.4517,0
"MtrElec",4,23,22,"",149.137,0,0,0,0,0,0,0,0,0,0,0,0,0,0,0,0,0,0,0,0,149.137,0,0,0
"MtrElec",4,23,23,"",134.72,0,0,0,0,0,0,0,0,0,0,0,0,0,0,0,0,0,0,0,0,134.72,0,0,0
"MtrElec",4,23,24,"",81.0677,0,0,0,0,0,0,0,0,0,0,0,0,0,0,0,0,0,0,0,0,81.0677,0,0,0
"MtrElec",4,24,1,"",66.9888,0,0,0,0,0,0,0,0,0,0,0,0,0,0,0,0,0,0,0,0,66.9888,0,0,0
"MtrElec",4,24,2,"",61.2288,0,0,0,0,0,0,0,0,0,0,0,0,0,0,0,0,0,0,0,0,61.2288,0,0,0
"MtrElec",4,24,3,"",59.5637,0,0,0,0,0,0,0,0,0,0,0,0,0,0,0,0,0,0,0,0,59.5637,0,0,0
"MtrElec",4,24,4,"",59.5084,0,0,0,0,0,0,0,0,0,0,0,0,0,0,0,0,0,0,0,0,59.5084,0,0,0
"MtrElec",4,24,5,"",58.814,0,0,0,0,0,0,0,0,0,0,0,0,0,0,0,0,0,0,0,0,58.814,0,0,0
"MtrElec",4,24,6,"",65.5899,0,0,0,0,0,0,0,0,0,0,0,0,0,0,0,0,0,0,0,0,65.5899,0,0,0
"MtrElec",4,24,7,"",116.385,0,0,0,0,0,0,0,0,0,0,0,0,0,0,0,0,0,0,0,0,120.893,0,0,-4.50805
"MtrElec",4,24,8,"",110.552,0,0,0,0,0,0,0,0,0,0,0,0,0,0,0,0,0,0,0,0,145.097,0,0,-34.5443
"MtrElec",4,24,9,"",128.49,0,0,0,0,0,0,0,0,0,0,0,0,0,0,0,0,0,0,0,0,151.997,0,0,-23.5065
"MtrElec",4,24,10,"",74.7362,0,0,0,0,0,0,0,0,0,0,0,0,0,0,0,0,0,0,0,0,110.675,0,0,-35.9389
"MtrElec",4,24,11,"",30.6285,0,0,0,0,0,0,0,0,0,0,0,0,0,0,0,0,0,0,0,0,131.02,0,0,-100.392
"MtrElec",4,24,12,"",0,0,0,0,0,0,0,0,0,0,0,0,0,0,0,0,0,0,0,0,0,90.4736,0,73.5226,-163.996
"MtrElec",4,24,13,"",0,0,0,0,0,0,0,0,0,0,0,0,0,0,0,0,0,0,0,0,0,123.336,0,80.3009,-203.636
"MtrElec",4,24,14,"",-44.9014,0,0,0,0,0,0,0,0,0,0,0,0,0,0,0,0,0,0,0,0,78.0401,0,94.4224,-217.364
"MtrElec",4,24,15,"",-3.27855,0,0,0,0,0,0,0,0,0,0,0,0,0,0,0,0,0,0,0,0,109.62,0,94.4224,-207.321
"MtrElec",4,24,16,"",-77.5165,0,0,0,0,0,0,0,0,0,0,0,0,0,0,0,0,0,0,0,0,102.15,0,9.63012,-189.296
"MtrElec",4,24,17,"",-56.4344,0,0,0,0,0,0,0,0,0,0,0,0,0,0,0,0,0,0,0,0,100.937,0,0,-157.371
"MtrElec",4,24,18,"",64.486,0,0,0,0,0,0,0,0,0,0,0,0,0,0,0,0,0,0,0,0,152.833,0,0,-88.3475
"MtrElec",4,24,19,"",15.0075,0,0,0,0,0,0,0,0,0,0,0,0,0,0,0,0,0,0,0,0,133.544,0,-94.4224,-24.1141
"MtrElec",4,24,20,"",69.0899,0,0,0,0,0,0,0,0,0,0,0,0,0,0,0,0,0,0,0,0,163.956,0,-94.4224,-0.444043
"MtrElec",4,24,21,"",60.5007,0,0,0,0,0,0,0,0,0,0,0,0,0,0,0,0,0,0,0,0,154.923,0,-94.4224,0
"MtrElec",4,24,22,"",82.2486,0,0,0,0,0,0,0,0,0,0,0,0,0,0,0,0,0,0,0,0,116.931,0,-34.6821,0
"MtrElec",4,24,23,"",104.581,0,0,0,0,0,0,0,0,0,0,0,0,0,0,0,0,0,0,0,0,104.581,0,0,0
"MtrElec",4,24,24,"",86.8069,0,0,0,0,0,0,0,0,0,0,0,0,0,0,0,0,0,0,0,0,86.8069,0,0,0
"MtrElec",4,25,1,"",77.6415,0,0,0,0,0,0,0,0,0,0,0,0,0,0,0,0,0,0,0,0,77.6415,0,0,0
"MtrElec",4,25,2,"",61.4741,0,0,0,0,0,0,0,0,0,0,0,0,0,0,0,0,0,0,0,0,61.4741,0,0,0
"MtrElec",4,25,3,"",60.904,0,0,0,0,0,0,0,0,0,0,0,0,0,0,0,0,0,0,0,0,60.904,0,0,0
"MtrElec",4,25,4,"",61.2998,0,0,0,0,0,0,0,0,0,0,0,0,0,0,0,0,0,0,0,0,61.2998,0,0,0
"MtrElec",4,25,5,"",66.0403,0,0,0,0,0,0,0,0,0,0,0,0,0,0,0,0,0,0,0,0,66.0403,0,0,0
"MtrElec",4,25,6,"",84.6098,0,0,0,0,0,0,0,0,0,0,0,0,0,0,0,0,0,0,0,0,84.6098,0,0,0
"MtrElec",4,25,7,"",71.0186,0,0,0,0,0,0,0,0,0,0,0,0,0,0,0,0,0,0,0,0,76.2722,0,0,-5.25365
"MtrElec",4,25,8,"",32.4409,0,0,0,0,0,0,0,0,0,0,0,0,0,0,0,0,0,0,0,0,76.7182,0,0,-44.2773
"MtrElec",4,25,9,"",43.9768,0,0,0,0,0,0,0,0,0,0,0,0,0,0,0,0,0,0,0,0,124.5,0,0,-80.5233
"MtrElec",4,25,10,"",0,0,0,0,0,0,0,0,0,0,0,0,0,0,0,0,0,0,0,0,0,144.371,0,0.0296094,-144.401
"MtrElec",4,25,11,"",0,0,0,0,0,0,0,0,0,0,0,0,0,0,0,0,0,0,0,0,0,190.037,0,29.9437,-219.981
"MtrElec",4,25,12,"",-39.271,0,0,0,0,0,0,0,0,0,0,0,0,0,0,0,0,0,0,0,0,129.598,0,94.4224,-263.292
"MtrElec",4,25,13,"",-40.5837,0,0,0,0,0,0,0,0,0,0,0,0,0,0,0,0,0,0,0,0,145.755,0,94.4224,-280.761
"MtrElec",4,25,14,"",-77.7411,0,0,0,0,0,0,0,0,0,0,0,0,0,0,0,0,0,0,0,0,104.649,0,94.4224,-276.812
"MtrElec",4,25,15,"",-88.7697,0,0,0,0,0,0,0,0,0,0,0,0,0,0,0,0,0,0,0,0,129.988,0,39.0579,-257.815
"MtrElec",4,25,16,"",-118.075,0,0,0,0,0,0,0,0,0,0,0,0,0,0,0,0,0,0,0,0,101.119,0,0,-219.194
"MtrElec",4,25,17,"",-30.4832,0,0,0,0,0,0,0,0,0,0,0,0,0,0,0,0,0,0,0,0,131.623,0,0,-162.106
"MtrElec",4,25,18,"",29.1181,0,0,0,0,0,0,0,0,0,0,0,0,0,0,0,0,0,0,0,0,120.66,0,0,-91.5416
"MtrElec",4,25,19,"",71.6594,0,0,0,0,0,0,0,0,0,0,0,0,0,0,0,0,0,0,0,0,190.361,0,-94.4224,-24.279
"MtrElec",4,25,20,"",44.304,0,0,0,0,0,0,0,0,0,0,0,0,0,0,0,0,0,0,0,0,139.099,0,-94.4224,-0.372551
"MtrElec",4,25,21,"",62.1467,0,0,0,0,0,0,0,0,0,0,0,0,0,0,0,0,0,0,0,0,156.569,0,-94.4224,0
"MtrElec",4,25,22,"",106.553,0,0,0,0,0,0,0,0,0,0,0,0,0,0,0,0,0,0,0,0,141.235,0,-34.6821,0
"MtrElec",4,25,23,"",96.0033,0,0,0,0,0,0,0,0,0,0,0,0,0,0,0,0,0,0,0,0,96.0033,0,0,0
"MtrElec",4,25,24,"",111.043,0,0,0,0,0,0,0,0,0,0,0,0,0,0,0,0,0,0,0,0,111.043,0,0,0
"MtrElec",4,26,1,"",81.1134,0,0,0,0,0,0,0,0,0,0,0,0,0,0,0,0,0,0,0,0,81.1134,0,0,0
"MtrElec",4,26,2,"",61.6093,0,0,0,0,0,0,0,0,0,0,0,0,0,0,0,0,0,0,0,0,61.6093,0,0,0
"MtrElec",4,26,3,"",62.7025,0,0,0,0,0,0,0,0,0,0,0,0,0,0,0,0,0,0,0,0,62.7025,0,0,0
"MtrElec",4,26,4,"",63.5078,0,0,0,0,0,0,0,0,0,0,0,0,0,0,0,0,0,0,0,0,63.5078,0,0,0
"MtrElec",4,26,5,"",73.7978,0,0,0,0,0,0,0,0,0,0,0,0,0,0,0,0,0,0,0,0,73.7978,0,0,0
"MtrElec",4,26,6,"",61.7652,0,0,0,0,0,0,0,0,0,0,0,0,0,0,0,0,0,0,0,0,61.7652,0,0,0
"MtrElec",4,26,7,"",61.2212,0,0,0,0,0,0,0,0,0,0,0,0,0,0,0,0,0,0,0,0,67.0984,0,0,-5.87718
"MtrElec",4,26,8,"",71.3224,0,0,0,0,0,0,0,0,0,0,0,0,0,0,0,0,0,0,0,0,118.199,0,0,-46.8762
"MtrElec",4,26,9,"",0.0000005,0,0,0,0,0,0,0,0,0,0,0,0,0,0,0,0,0,0,0,0,115.176,0,6.89857,-122.075
"MtrElec",4,26,10,"",0,0,0,0,0,0,0,0,0,0,0,0,0,0,0,0,0,0,0,0,0,142.671,0,47.0288,-189.7
"MtrElec",4,26,11,"",0,0,0,0,0,0,0,0,0,0,0,0,0,0,0,0,0,0,0,0,0,206.195,0,34.0227,-240.218
"MtrElec",4,26,12,"",-22.9939,0,0,0,0,0,0,0,0,0,0,0,0,0,0,0,0,0,0,0,0,153.681,0,94.4224,-271.097
"MtrElec",4,26,13,"",-27.1432,0,0,0,0,0,0,0,0,0,0,0,0,0,0,0,0,0,0,0,0,154.83,0,94.4224,-276.396
"MtrElec",4,26,14,"",-69.5155,0,0,0,0,0,0,0,0,0,0,0,0,0,0,0,0,0,0,0,0,123.406,0,75.5036,-268.425
"MtrElec",4,26,15,"",-76.7034,0,0,0,0,0,0,0,0,0,0,0,0,0,0,0,0,0,0,0,0,182.197,0,0,-258.901
"MtrElec",4,26,16,"",-76.4178,0,0,0,0,0,0,0,0,0,0,0,0,0,0,0,0,0,0,0,0,146.465,0,0,-222.883
"MtrElec",4,26,17,"",-43.3929,0,0,0,0,0,0,0,0,0,0,0,0,0,0,0,0,0,0,0,0,123.206,0,0,-166.598
"MtrElec",4,26,18,"",58.3206,0,0,0,0,0,0,0,0,0,0,0,0,0,0,0,0,0,0,0,0,154.174,0,0,-95.8532
"MtrElec",4,26,19,"",74.9311,0,0,0,0,0,0,0,0,0,0,0,0,0,0,0,0,0,0,0,0,194.035,0,-94.4224,-24.6812
"MtrElec",4,26,20,"",66.7539,0,0,0,0,0,0,0,0,0,0,0,0,0,0,0,0,0,0,0,0,162.015,0,-94.4224,-0.838577
"MtrElec",4,26,21,"",100.857,0,0,0,0,0,0,0,0,0,0,0,0,0,0,0,0,0,0,0,0,195.279,0,-94.4224,0
"MtrElec",4,26,22,"",148.446,0,0,0,0,0,0,0,0,0,0,0,0,0,0,0,0,0,0,0,0,183.129,0,-34.6821,0
"MtrElec",4,26,23,"",97.6053,0,0,0,0,0,0,0,0,0,0,0,0,0,0,0,0,0,0,0,0,97.6053,0,0,0
"MtrElec",4,26,24,"",80.0219,0,0,0,0,0,0,0,0,0,0,0,0,0,0,0,0,0,0,0,0,80.0219,0,0,0
"MtrElec",4,27,1,"",94.6466,0,0,0,0,0,0,0,0,0,0,0,0,0,0,0,0,0,0,0,0,94.6466,0,0,0
"MtrElec",4,27,2,"",68.583,0,0,0,0,0,0,0,0,0,0,0,0,0,0,0,0,0,0,0,0,68.583,0,0,0
"MtrElec",4,27,3,"",64.6676,0,0,0,0,0,0,0,0,0,0,0,0,0,0,0,0,0,0,0,0,64.6676,0,0,0
"MtrElec",4,27,4,"",71.0022,0,0,0,0,0,0,0,0,0,0,0,0,0,0,0,0,0,0,0,0,71.0022,0,0,0
"MtrElec",4,27,5,"",63.1881,0,0,0,0,0,0,0,0,0,0,0,0,0,0,0,0,0,0,0,0,63.1881,0,0,0
"MtrElec",4,27,6,"",69.7322,0,0,0,0,0,0,0,0,0,0,0,0,0,0,0,0,0,0,0,0,69.7322,0,0,0
"MtrElec",4,27,7,"",118.802,0,0,0,0,0,0,0,0,0,0,0,0,0,0,0,0,0,0,0,0,125.943,0,0,-7.1418
"MtrElec",4,27,8,"",75.8074,0,0,0,0,0,0,0,0,0,0,0,0,0,0,0,0,0,0,0,0,122.143,0,0,-46.3352
"MtrElec",4,27,9,"",0,0,0,0,0,0,0,0,0,0,0,0,0,0,0,0,0,0,0,0,0,119.968,0,0.0172031,-119.985
"MtrElec",4,27,10,"",0,0,0,0,0,0,0,0,0,0,0,0,0,0,0,0,0,0,0,0,0,144.184,0,40.6003,-184.784
"MtrElec",4,27,11,"",-10.5659,0,0,0,0,0,0,0,0,0,0,0,0,0,0,0,0,0,0,0,0,128.265,0,94.4224,-233.254
"MtrElec",4,27,12,"",-40.5611,0,0,0,0,0,0,0,0,0,0,0,0,0,0,0,0,0,0,0,0,126.086,0,94.4224,-261.07
"MtrElec",4,27,13,"",-82.1303,0,0,0,0,0,0,0,0,0,0,0,0,0,0,0,0,0,0,0,0,96.5011,0,94.4224,-273.054
"MtrElec",4,27,14,"",-133.655,0,0,0,0,0,0,0,0,0,0,0,0,0,0,0,0,0,0,0,0,99.6485,0,28.4137,-261.717
"MtrElec",4,27,15,"",-155.588,0,0,0,0,0,0,0,0,0,0,0,0,0,0,0,0,0,0,0,0,86.9239,0,0,-242.512
"MtrElec",4,27,16,"",-79.6498,0,0,0,0,0,0,0,0,0,0,0,0,0,0,0,0,0,0,0,0,131.3,0,0,-210.95
"MtrElec",4,27,17,"",-20.7255,0,0,0,0,0,0,0,0,0,0,0,0,0,0,0,0,0,0,0,0,139.126,0,0,-159.851
"MtrElec",4,27,18,"",73.6311,0,0,0,0,0,0,0,0,0,0,0,0,0,0,0,0,0,0,0,0,165.911,0,0,-92.2801
"MtrElec",4,27,19,"",69.075,0,0,0,0,0,0,0,0,0,0,0,0,0,0,0,0,0,0,0,0,187.46,0,-94.4224,-23.9621
"MtrElec",4,27,20,"",123.829,0,0,0,0,0,0,0,0,0,0,0,0,0,0,0,0,0,0,0,0,219.027,0,-94.4224,-0.775328
"MtrElec",4,27,21,"",82.3332,0,0,0,0,0,0,0,0,0,0,0,0,0,0,0,0,0,0,0,0,176.756,0,-94.4224,0
"MtrElec",4,27,22,"",96.1844,0,0,0,0,0,0,0,0,0,0,0,0,0,0,0,0,0,0,0,0,130.866,0,-34.6821,0
"MtrElec",4,27,23,"",126.697,0,0,0,0,0,0,0,0,0,0,0,0,0,0,0,0,0,0,0,0,126.697,0,0,0
"MtrElec",4,27,24,"",98.3911,0,0,0,0,0,0,0,0,0,0,0,0,0,0,0,0,0,0,0,0,98.3911,0,0,0
"MtrElec",4,28,1,"",75.1101,0,0,0,0,0,0,0,0,0,0,0,0,0,0,0,0,0,0,0,0,75.1101,0,0,0
"MtrElec",4,28,2,"",66.1815,0,0,0,0,0,0,0,0,0,0,0,0,0,0,0,0,0,0,0,0,66.1815,0,0,0
"MtrElec",4,28,3,"",62.9553,0,0,0,0,0,0,0,0,0,0,0,0,0,0,0,0,0,0,0,0,62.9553,0,0,0
"MtrElec",4,28,4,"",67.6122,0,0,0,0,0,0,0,0,0,0,0,0,0,0,0,0,0,0,0,0,67.6122,0,0,0
"MtrElec",4,28,5,"",59.1962,0,0,0,0,0,0,0,0,0,0,0,0,0,0,0,0,0,0,0,0,59.1962,0,0,0
"MtrElec",4,28,6,"",87.3542,0,0,0,0,0,0,0,0,0,0,0,0,0,0,0,0,0,0,0,0,87.3542,0,0,0
"MtrElec",4,28,7,"",104.833,0,0,0,0,0,0,0,0,0,0,0,0,0,0,0,0,0,0,0,0,112.473,0,0,-7.64016
"MtrElec",4,28,8,"",96.6823,0,0,0,0,0,0,0,0,0,0,0,0,0,0,0,0,0,0,0,0,143.519,0,0,-46.8371
"MtrElec",4,28,9,"",40.4371,0,0,0,0,0,0,0,0,0,0,0,0,0,0,0,0,0,0,0,0,158.273,0,0,-117.836
"MtrElec",4,28,10,"",0.0000020,0,0,0,0,0,0,0,0,0,0,0,0,0,0,0,0,0,0,0,0,146.427,0,32.36,-178.787
"MtrElec",4,28,11,"",0.0000078,0,0,0,0,0,0,0,0,0,0,0,0,0,0,0,0,0,0,0,0,142.378,0,86.0831,-228.461
"MtrElec",4,28,12,"",-19.8209,0,0,0,0,0,0,0,0,0,0,0,0,0,0,0,0,0,0,0,0,148.902,0,94.4224,-263.145
"MtrElec",4,28,13,"",-65.7733,0,0,0,0,0,0,0,0,0,0,0,0,0,0,0,0,0,0,0,0,118.557,0,94.4224,-278.752
"MtrElec",4,28,14,"",-115.052,0,0,0,0,0,0,0,0,0,0,0,0,0,0,0,0,0,0,0,0,116.648,0,45.0105,-276.711
"MtrElec",4,28,15,"",-149.27,0,0,0,0,0,0,0,0,0,0,0,0,0,0,0,0,0,0,0,0,108.326,0,0,-257.596
"MtrElec",4,28,16,"",-77.5154,0,0,0,0,0,0,0,0,0,0,0,0,0,0,0,0,0,0,0,0,141.027,0,0,-218.542
"MtrElec",4,28,17,"",-22.7068,0,0,0,0,0,0,0,0,0,0,0,0,0,0,0,0,0,0,0,0,128.018,0,0,-150.725
"MtrElec",4,28,18,"",51.3887,0,0,0,0,0,0,0,0,0,0,0,0,0,0,0,0,0,0,0,0,143.29,0,0,-91.9014
"MtrElec",4,28,19,"",81.2038,0,0,0,0,0,0,0,0,0,0,0,0,0,0,0,0,0,0,0,0,200.715,0,-94.4224,-25.0884
"MtrElec",4,28,20,"",52.0938,0,0,0,0,0,0,0,0,0,0,0,0,0,0,0,0,0,0,0,0,147.086,0,-94.4224,-0.56991
"MtrElec",4,28,21,"",66.65,0,0,0,0,0,0,0,0,0,0,0,0,0,0,0,0,0,0,0,0,161.072,0,-94.4224,0
"MtrElec",4,28,22,"",84.4627,0,0,0,0,0,0,0,0,0,0,0,0,0,0,0,0,0,0,0,0,119.145,0,-34.6821,0
"MtrElec",4,28,23,"",163.644,0,0,0,0,0,0,0,0,0,0,0,0,0,0,0,0,0,0,0,0,163.644,0,0,0
"MtrElec",4,28,24,"",132.376,0,0,0,0,0,0,0,0,0,0,0,0,0,0,0,0,0,0,0,0,132.376,0,0,0
"MtrElec",4,29,1,"",90.5439,0,0,0,0,0,0,0,0,0,0,0,0,0,0,0,0,0,0,0,0,90.5439,0,0,0
"MtrElec",4,29,2,"",61.7986,0,0,0,0,0,0,0,0,0,0,0,0,0,0,0,0,0,0,0,0,61.7986,0,0,0
"MtrElec",4,29,3,"",59.9383,0,0,0,0,0,0,0,0,0,0,0,0,0,0,0,0,0,0,0,0,59.9383,0,0,0
"MtrElec",4,29,4,"",59.8336,0,0,0,0,0,0,0,0,0,0,0,0,0,0,0,0,0,0,0,0,59.8336,0,0,0
"MtrElec",4,29,5,"",59.1628,0,0,0,0,0,0,0,0,0,0,0,0,0,0,0,0,0,0,0,0,59.1628,0,0,0
"MtrElec",4,29,6,"",63.5709,0,0,0,0,0,0,0,0,0,0,0,0,0,0,0,0,0,0,0,0,63.5709,0,0,0
"MtrElec",4,29,7,"",96.5575,0,0,0,0,0,0,0,0,0,0,0,0,0,0,0,0,0,0,0,0,105.287,0,0,-8.72948
"MtrElec",4,29,8,"",94.8435,0,0,0,0,0,0,0,0,0,0,0,0,0,0,0,0,0,0,0,0,143.972,0,0,-49.1287
"MtrElec",4,29,9,"",39.168,0,0,0,0,0,0,0,0,0,0,0,0,0,0,0,0,0,0,0,0,161.571,0,0,-122.403
"MtrElec",4,29,10,"",0,0,0,0,0,0,0,0,0,0,0,0,0,0,0,0,0,0,0,0,0,141.933,0,47.9939,-189.927
"MtrElec",4,29,11,"",-8.70126,0,0,0,0,0,0,0,0,0,0,0,0,0,0,0,0,0,0,0,0,137.837,0,94.4224,-240.96
"MtrElec",4,29,12,"",-48.5556,0,0,0,0,0,0,0,0,0,0,0,0,0,0,0,0,0,0,0,0,129.45,0,94.4224,-272.428
"MtrElec",4,29,13,"",-103.222,0,0,0,0,0,0,0,0,0,0,0,0,0,0,0,0,0,0,0,0,90.2511,0,94.4224,-287.895
"MtrElec",4,29,14,"",-182.574,0,0,0,0,0,0,0,0,0,0,0,0,0,0,0,0,0,0,0,0,79.1657,0,21.0373,-282.777
"MtrElec",4,29,15,"",-134.576,0,0,0,0,0,0,0,0,0,0,0,0,0,0,0,0,0,0,0,0,127.486,0,0,-262.062
"MtrElec",4,29,16,"",-103.277,0,0,0,0,0,0,0,0,0,0,0,0,0,0,0,0,0,0,0,0,119.422,0,0,-222.699
"MtrElec",4,29,17,"",-40.128,0,0,0,0,0,0,0,0,0,0,0,0,0,0,0,0,0,0,0,0,125.966,0,0,-166.094
"MtrElec",4,29,18,"",58.6617,0,0,0,0,0,0,0,0,0,0,0,0,0,0,0,0,0,0,0,0,153.012,0,0,-94.3506
"MtrElec",4,29,19,"",22.0444,0,0,0,0,0,0,0,0,0,0,0,0,0,0,0,0,0,0,0,0,142.955,0,-94.4224,-26.4879
"MtrElec",4,29,20,"",69.6399,0,0,0,0,0,0,0,0,0,0,0,0,0,0,0,0,0,0,0,0,164.902,0,-94.4224,-0.839209
"MtrElec",4,29,21,"",70.3645,0,0,0,0,0,0,0,0,0,0,0,0,0,0,0,0,0,0,0,0,164.787,0,-94.4224,0
"MtrElec",4,29,22,"",68.4594,0,0,0,0,0,0,0,0,0,0,0,0,0,0,0,0,0,0,0,0,103.141,0,-34.6821,0
"MtrElec",4,29,23,"",157.433,0,0,0,0,0,0,0,0,0,0,0,0,0,0,0,0,0,0,0,0,157.433,0,0,0
"MtrElec",4,29,24,"",82.0179,0,0,0,0,0,0,0,0,0,0,0,0,0,0,0,0,0,0,0,0,82.0179,0,0,0
"MtrElec",4,30,1,"",64.9961,0,0,0,0,0,0,0,0,0,0,0,0,0,0,0,0,0,0,0,0,64.9961,0,0,0
"MtrElec",4,30,2,"",61.5434,0,0,0,0,0,0,0,0,0,0,0,0,0,0,0,0,0,0,0,0,61.5434,0,0,0
"MtrElec",4,30,3,"",59.9179,0,0,0,0,0,0,0,0,0,0,0,0,0,0,0,0,0,0,0,0,59.9179,0,0,0
"MtrElec",4,30,4,"",59.9482,0,0,0,0,0,0,0,0,0,0,0,0,0,0,0,0,0,0,0,0,59.9482,0,0,0
"MtrElec",4,30,5,"",59.2327,0,0,0,0,0,0,0,0,0,0,0,0,0,0,0,0,0,0,0,0,59.2327,0,0,0
"MtrElec",4,30,6,"",63.762,0,0,0,0,0,0,0,0,0,0,0,0,0,0,0,0,0,0,0,0,63.762,0,0,0
"MtrElec",4,30,7,"",99.9054,0,0,0,0,0,0,0,0,0,0,0,0,0,0,0,0,0,0,0,0,109.295,0,0,-9.38985
"MtrElec",4,30,8,"",76.8677,0,0,0,0,0,0,0,0,0,0,0,0,0,0,0,0,0,0,0,0,127.461,0,0,-50.5931
"MtrElec",4,30,9,"",0,0,0,0,0,0,0,0,0,0,0,0,0,0,0,0,0,0,0,0,0,110.449,0,16.1948,-126.643
"MtrElec",4,30,10,"",0,0,0,0,0,0,0,0,0,0,0,0,0,0,0,0,0,0,0,0,0,162.5,0,35.6172,-198.118
"MtrElec",4,30,11,"",-15.4143,0,0,0,0,0,0,0,0,0,0,0,0,0,0,0,0,0,0,0,0,143.46,0,94.4224,-253.296
"MtrElec",4,30,12,"",-91.6077,0,0,0,0,0,0,0,0,0,0,0,0,0,0,0,0,0,0,0,0,102.763,0,94.4224,-288.793
"MtrElec",4,30,13,"",-45.3062,0,0,0,0,0,0,0,0,0,0,0,0,0,0,0,0,0,0,0,0,162.907,0,94.4224,-302.636
"MtrElec",4,30,14,"",-185.4,0,0,0,0,0,0,0,0,0,0,0,0,0,0,0,0,0,0,0,0,97.3579,0,17.2191,-299.977
"MtrElec",4,30,15,"",-168.364,0,0,0,0,0,0,0,0,0,0,0,0,0,0,0,0,0,0,0,0,105.304,0,0,-273.668
"MtrElec",4,30,16,"",-149.474,0,0,0,0,0,0,0,0,0,0,0,0,0,0,0,0,0,0,0,0,79.9423,0,0,-229.416
"MtrElec",4,30,17,"",-55.7739,0,0,0,0,0,0,0,0,0,0,0,0,0,0,0,0,0,0,0,0,115.7,0,0,-171.474
"MtrElec",4,30,18,"",51.3751,0,0,0,0,0,0,0,0,0,0,0,0,0,0,0,0,0,0,0,0,149.765,0,0,-98.3902
"MtrElec",4,30,19,"",36.4335,0,0,0,0,0,0,0,0,0,0,0,0,0,0,0,0,0,0,0,0,158.727,0,-94.4224,-27.8713
"MtrElec",4,30,20,"",72.1753,0,0,0,0,0,0,0,0,0,0,0,0,0,0,0,0,0,0,0,0,167.638,0,-94.4224,-1.04038
"MtrElec",4,30,21,"",82.6567,0,0,0,0,0,0,0,0,0,0,0,0,0,0,0,0,0,0,0,0,177.079,0,-94.4224,0
"MtrElec",4,30,22,"",103.255,0,0,0,0,0,0,0,0,0,0,0,0,0,0,0,0,0,0,0,0,137.937,0,-34.6821,0
"MtrElec",4,30,23,"",120.819,0,0,0,0,0,0,0,0,0,0,0,0,0,0,0,0,0,0,0,0,120.819,0,0,0
"MtrElec",4,30,24,"",126.963,0,0,0,0,0,0,0,0,0,0,0,0,0,0,0,0,0,0,0,0,126.963,0,0,0
"MtrElec",5,1,1,"",74.343,0,0,0,0,0,0,0,0,0,0,0,0,0,0,0,0,0,0,0,0,74.343,0,0,0
"MtrElec",5,1,2,"",63.5508,0,0,0,0,0,0,0,0,0,0,0,0,0,0,0,0,0,0,0,0,63.5508,0,0,0
"MtrElec",5,1,3,"",59.8643,0,0,0,0,0,0,0,0,0,0,0,0,0,0,0,0,0,0,0,0,59.8643,0,0,0
"MtrElec",5,1,4,"",58.091,0,0,0,0,0,0,0,0,0,0,0,0,0,0,0,0,0,0,0,0,58.091,0,0,0
"MtrElec",5,1,5,"",57.4475,0,0,0,0,0,0,0,0,0,0,0,0,0,0,0,0,0,0,0,0,57.4475,0,0,0
"MtrElec",5,1,6,"",61.5854,0,0,0,0,0,0,0,0,0,0,0,0,0,0,0,0,0,0,0,0,61.5854,0,0,0
"MtrElec",5,1,7,"",100.185,0,0,0,0,0,0,0,0,0,0,0,0,0,0,0,0,0,0,0,0,108.654,0,0,-8.46934
"MtrElec",5,1,8,"",38.0478,0,0,0,0,0,0,0,0,0,0,0,0,0,0,0,0,0,0,0,0,86.5302,0,0,-48.4824
"MtrElec",5,1,9,"",40.1881,0,0,0,0,0,0,0,0,0,0,0,0,0,0,0,0,0,0,0,0,159.734,0,0,-119.546
"MtrElec",5,1,10,"",0,0,0,0,0,0,0,0,0,0,0,0,0,0,0,0,0,0,0,0,0,169.595,0,13.3657,-182.961
"MtrElec",5,1,11,"",0,0,0,0,0,0,0,0,0,0,0,0,0,0,0,0,0,0,0,0,0,145.986,0,84.9997,-230.986
"MtrElec",5,1,12,"",-11.1892,0,0,0,0,0,0,0,0,0,0,0,0,0,0,0,0,0,0,0,0,155.048,0,94.4224,-260.66
"MtrElec",5,1,13,"",-59.7324,0,0,0,0,0,0,0,0,0,0,0,0,0,0,0,0,0,0,0,0,121.198,0,94.4224,-275.352
"MtrElec",5,1,14,"",-83.6217,0,0,0,0,0,0,0,0,0,0,0,0,0,0,0,0,0,0,0,0,122.022,0,65.0882,-270.732
"MtrElec",5,1,15,"",-144.848,0,0,0,0,0,0,0,0,0,0,0,0,0,0,0,0,0,0,0,0,104.293,0,0,-249.14
"MtrElec",5,1,16,"",-81.3394,0,0,0,0,0,0,0,0,0,0,0,0,0,0,0,0,0,0,0,0,132.149,0,0,-213.488
"MtrElec",5,1,17,"",-26.0151,0,0,0,0,0,0,0,0,0,0,0,0,0,0,0,0,0,0,0,0,132.985,0,0,-159
"MtrElec",5,1,18,"",52.3359,0,0,0,0,0,0,0,0,0,0,0,0,0,0,0,0,0,0,0,0,142.891,0,0,-90.5549
"MtrElec",5,1,19,"",62.8291,0,0,0,0,0,0,0,0,0,0,0,0,0,0,0,0,0,0,0,0,182.915,0,-94.4224,-25.6634
"MtrElec",5,1,20,"",65.858,0,0,0,0,0,0,0,0,0,0,0,0,0,0,0,0,0,0,0,0,161.271,0,-94.4224,-0.99064
"MtrElec",5,1,21,"",100.143,0,0,0,0,0,0,0,0,0,0,0,0,0,0,0,0,0,0,0,0,194.565,0,-94.4224,0
"MtrElec",5,1,22,"",83.6905,0,0,0,0,0,0,0,0,0,0,0,0,0,0,0,0,0,0,0,0,118.373,0,-34.6821,0
"MtrElec",5,1,23,"",127.818,0,0,0,0,0,0,0,0,0,0,0,0,0,0,0,0,0,0,0,0,127.818,0,0,0
"MtrElec",5,1,24,"",96.6881,0,0,0,0,0,0,0,0,0,0,0,0,0,0,0,0,0,0,0,0,96.6881,0,0,0
"MtrElec",5,2,1,"",79.9209,0,0,0,0,0,0,0,0,0,0,0,0,0,0,0,0,0,0,0,0,79.9209,0,0,0
"MtrElec",5,2,2,"",61.2462,0,0,0,0,0,0,0,0,0,0,0,0,0,0,0,0,0,0,0,0,61.2462,0,0,0
"MtrElec",5,2,3,"",59.923,0,0,0,0,0,0,0,0,0,0,0,0,0,0,0,0,0,0,0,0,59.923,0,0,0
"MtrElec",5,2,4,"",82.7113,0,0,0,0,0,0,0,0,0,0,0,0,0,0,0,0,0,0,0,0,82.7113,0,0,0
"MtrElec",5,2,5,"",78.3574,0,0,0,0,0,0,0,0,0,0,0,0,0,0,0,0,0,0,0,0,78.3574,0,0,0
"MtrElec",5,2,6,"",60.3191,0,0,0,0,0,0,0,0,0,0,0,0,0,0,0,0,0,0,0,0,60.3191,0,0,0
"MtrElec",5,2,7,"",56.8017,0,0,0,0,0,0,0,0,0,0,0,0,0,0,0,0,0,0,0,0,65.7161,0,0,-8.91443
"MtrElec",5,2,8,"",50.9599,0,0,0,0,0,0,0,0,0,0,0,0,0,0,0,0,0,0,0,0,98.7985,0,0,-47.8386
"MtrElec",5,2,9,"",0,0,0,0,0,0,0,0,0,0,0,0,0,0,0,0,0,0,0,0,0,107.237,0,8.14105,-115.378
"MtrElec",5,2,10,"",0,0,0,0,0,0,0,0,0,0,0,0,0,0,0,0,0,0,0,0,0,142.897,0,33.5361,-176.433
"MtrElec",5,2,11,"",0,0,0,0,0,0,0,0,0,0,0,0,0,0,0,0,0,0,0,0,0,192.402,0,27.7025,-220.105
"MtrElec",5,2,12,"",-1.68916,0,0,0,0,0,0,0,0,0,0,0,0,0,0,0,0,0,0,0,0,150.305,0,94.4224,-246.417
"MtrElec",5,2,13,"",0,0,0,0,0,0,0,0,0,0,0,0,0,0,0,0,0,0,0,0,0,174.899,0,87.7449,-262.644
"MtrElec",5,2,14,"",-47.2108,0,0,0,0,0,0,0,0,0,0,0,0,0,0,0,0,0,0,0,0,121.027,0,94.4224,-262.66
"MtrElec",5,2,15,"",-75.7258,0,0,0,0,0,0,0,0,0,0,0,0,0,0,0,0,0,0,0,0,164.976,0,6.32913,-247.031
"MtrElec",5,2,16,"",-52.3628,0,0,0,0,0,0,0,0,0,0,0,0,0,0,0,0,0,0,0,0,158.243,0,0,-210.606
"MtrElec",5,2,17,"",-14.1466,0,0,0,0,0,0,0,0,0,0,0,0,0,0,0,0,0,0,0,0,141.279,0,0,-155.425
"MtrElec",5,2,18,"",80.3113,0,0,0,0,0,0,0,0,0,0,0,0,0,0,0,0,0,0,0,0,168.886,0,0,-88.575
"MtrElec",5,2,19,"",98.3294,0,0,0,0,0,0,0,0,0,0,0,0,0,0,0,0,0,0,0,0,217.937,0,-94.4224,-25.1856
"MtrElec",5,2,20,"",78.9113,0,0,0,0,0,0,0,0,0,0,0,0,0,0,0,0,0,0,0,0,174.31,0,-94.4224,-0.976473
"MtrElec",5,2,21,"",77.5508,0,0,0,0,0,0,0,0,0,0,0,0,0,0,0,0,0,0,0,0,171.973,0,-94.4224,0
"MtrElec",5,2,22,"",93.67,0,0,0,0,0,0,0,0,0,0,0,0,0,0,0,0,0,0,0,0,128.352,0,-34.6821,0
"MtrElec",5,2,23,"",140.664,0,0,0,0,0,0,0,0,0,0,0,0,0,0,0,0,0,0,0,0,140.664,0,0,0
"MtrElec",5,2,24,"",109.057,0,0,0,0,0,0,0,0,0,0,0,0,0,0,0,0,0,0,0,0,109.057,0,0,0
"MtrElec",5,3,1,"",75.612,0,0,0,0,0,0,0,0,0,0,0,0,0,0,0,0,0,0,0,0,75.612,0,0,0
"MtrElec",5,3,2,"",62.3664,0,0,0,0,0,0,0,0,0,0,0,0,0,0,0,0,0,0,0,0,62.3664,0,0,0
"MtrElec",5,3,3,"",64.0172,0,0,0,0,0,0,0,0,0,0,0,0,0,0,0,0,0,0,0,0,64.0172,0,0,0
"MtrElec",5,3,4,"",62.8629,0,0,0,0,0,0,0,0,0,0,0,0,0,0,0,0,0,0,0,0,62.8629,0,0,0
"MtrElec",5,3,5,"",77.5869,0,0,0,0,0,0,0,0,0,0,0,0,0,0,0,0,0,0,0,0,77.5869,0,0,0
"MtrElec",5,3,6,"",74.5488,0,0,0,0,0,0,0,0,0,0,0,0,0,0,0,0,0,0,0,0,74.5488,0,0,0
"MtrElec",5,3,7,"",57.1261,0,0,0,0,0,0,0,0,0,0,0,0,0,0,0,0,0,0,0,0,65.7683,0,0,-8.64225
"MtrElec",5,3,8,"",33.9907,0,0,0,0,0,0,0,0,0,0,0,0,0,0,0,0,0,0,0,0,81.2874,0,0,-47.2967
"MtrElec",5,3,9,"",3.42466,0,0,0,0,0,0,0,0,0,0,0,0,0,0,0,0,0,0,0,0,118.919,0,0,-115.494
"MtrElec",5,3,10,"",0.0000039,0,0,0,0,0,0,0,0,0,0,0,0,0,0,0,0,0,0,0,0,118.949,0,54.7007,-173.65
"MtrElec",5,3,11,"",0,0,0,0,0,0,0,0,0,0,0,0,0,0,0,0,0,0,0,0,0,211.604,0,8.572,-220.176
"MtrElec",5,3,12,"",0,0,0,0,0,0,0,0,0,0,0,0,0,0,0,0,0,0,0,0,0,174.234,0,79.0758,-253.31
"MtrElec",5,3,13,"",0,0,0,0,0,0,0,0,0,0,0,0,0,0,0,0,0,0,0,0,0,178.286,0,87.343,-265.629
"MtrElec",5,3,14,"",-26.8863,0,0,0,0,0,0,0,0,0,0,0,0,0,0,0,0,0,0,0,0,141.533,0,94.4224,-262.842
"MtrElec",5,3,15,"",-28.189,0,0,0,0,0,0,0,0,0,0,0,0,0,0,0,0,0,0,0,0,186.363,0,28.1845,-242.736
"MtrElec",5,3,16,"",-64.9932,0,0,0,0,0,0,0,0,0,0,0,0,0,0,0,0,0,0,0,0,140.944,0,0,-205.937
"MtrElec",5,3,17,"",20.64,0,0,0,0,0,0,0,0,0,0,0,0,0,0,0,0,0,0,0,0,172.926,0,0,-152.286
"MtrElec",5,3,18,"",86.3219,0,0,0,0,0,0,0,0,0,0,0,0,0,0,0,0,0,0,0,0,172.809,0,0,-86.4873
"MtrElec",5,3,19,"",109.639,0,0,0,0,0,0,0,0,0,0,0,0,0,0,0,0,0,0,0,0,229.462,0,-94.4224,-25.4004
"MtrElec",5,3,20,"",72.4002,0,0,0,0,0,0,0,0,0,0,0,0,0,0,0,0,0,0,0,0,167.952,0,-94.4224,-1.12969
"MtrElec",5,3,21,"",89.6922,0,0,0,0,0,0,0,0,0,0,0,0,0,0,0,0,0,0,0,0,184.115,0,-94.4224,0
"MtrElec",5,3,22,"",131.656,0,0,0,0,0,0,0,0,0,0,0,0,0,0,0,0,0,0,0,0,166.338,0,-34.6821,0
"MtrElec",5,3,23,"",100.203,0,0,0,0,0,0,0,0,0,0,0,0,0,0,0,0,0,0,0,0,100.203,0,0,0
"MtrElec",5,3,24,"",107.002,0,0,0,0,0,0,0,0,0,0,0,0,0,0,0,0,0,0,0,0,107.002,0,0,0
"MtrElec",5,4,1,"",79.929,0,0,0,0,0,0,0,0,0,0,0,0,0,0,0,0,0,0,0,0,79.929,0,0,0
"MtrElec",5,4,2,"",63.3146,0,0,0,0,0,0,0,0,0,0,0,0,0,0,0,0,0,0,0,0,63.3146,0,0,0
"MtrElec",5,4,3,"",59.6323,0,0,0,0,0,0,0,0,0,0,0,0,0,0,0,0,0,0,0,0,59.6323,0,0,0
"MtrElec",5,4,4,"",58.7448,0,0,0,0,0,0,0,0,0,0,0,0,0,0,0,0,0,0,0,0,58.7448,0,0,0
"MtrElec",5,4,5,"",57.7993,0,0,0,0,0,0,0,0,0,0,0,0,0,0,0,0,0,0,0,0,57.7993,0,0,0
"MtrElec",5,4,6,"",62.091,0,0,0,0,0,0,0,0,0,0,0,0,0,0,0,0,0,0,0,0,62.091,0,0,0
"MtrElec",5,4,7,"",95.5569,0,0,0,0,0,0,0,0,0,0,0,0,0,0,0,0,0,0,0,0,104.983,0,0,-9.4261
"MtrElec",5,4,8,"",84.7492,0,0,0,0,0,0,0,0,0,0,0,0,0,0,0,0,0,0,0,0,132.978,0,0,-48.2287
"MtrElec",5,4,9,"",18.094,0,0,0,0,0,0,0,0,0,0,0,0,0,0,0,0,0,0,0,0,133.956,0,0,-115.862
"MtrElec",5,4,10,"",0,0,0,0,0,0,0,0,0,0,0,0,0,0,0,0,0,0,0,0,0,146.037,0,29.2567,-175.294
"MtrElec",5,4,11,"",0,0,0,0,0,0,0,0,0,0,0,0,0,0,0,0,0,0,0,0,0,156.975,0,66.079,-223.054
"MtrElec",5,4,12,"",-16.0459,0,0,0,0,0,0,0,0,0,0,0,0,0,0,0,0,0,0,0,0,143.02,0,94.4224,-253.488
"MtrElec",5,4,13,"",-24.4225,0,0,0,0,0,0,0,0,0,0,0,0,0,0,0,0,0,0,0,0,148.792,0,94.4224,-267.637
"MtrElec",5,4,14,"",-58.778,0,0,0,0,0,0,0,0,0,0,0,0,0,0,0,0,0,0,0,0,139.348,0,68.118,-266.244
"MtrElec",5,4,15,"",-128.301,0,0,0,0,0,0,0,0,0,0,0,0,0,0,0,0,0,0,0,0,118.622,0,0,-246.923
"MtrElec",5,4,16,"",-72.8209,0,0,0,0,0,0,0,0,0,0,0,0,0,0,0,0,0,0,0,0,137.268,0,0,-210.089
"MtrElec",5,4,17,"",27.389,0,0,0,0,0,0,0,0,0,0,0,0,0,0,0,0,0,0,0,0,183.048,0,0,-155.659
"MtrElec",5,4,18,"",66.96,0,0,0,0,0,0,0,0,0,0,0,0,0,0,0,0,0,0,0,0,155.903,0,0,-88.9427
"MtrElec",5,4,19,"",41.4948,0,0,0,0,0,0,0,0,0,0,0,0,0,0,0,0,0,0,0,0,162.024,0,-94.4224,-26.1072
"MtrElec",5,4,20,"",87.0424,0,0,0,0,0,0,0,0,0,0,0,0,0,0,0,0,0,0,0,0,182.87,0,-94.4224,-1.40544
"MtrElec",5,4,21,"",47.5676,0,0,0,0,0,0,0,0,0,0,0,0,0,0,0,0,0,0,0,0,141.99,0,-94.4224,0
"MtrElec",5,4,22,"",140.752,0,0,0,0,0,0,0,0,0,0,0,0,0,0,0,0,0,0,0,0,175.434,0,-34.6821,0
"MtrElec",5,4,23,"",119.772,0,0,0,0,0,0,0,0,0,0,0,0,0,0,0,0,0,0,0,0,119.772,0,0,0
"MtrElec",5,4,24,"",125.651,0,0,0,0,0,0,0,0,0,0,0,0,0,0,0,0,0,0,0,0,125.651,0,0,0
"MtrElec",5,5,1,"",74.3608,0,0,0,0,0,0,0,0,0,0,0,0,0,0,0,0,0,0,0,0,74.3608,0,0,0
"MtrElec",5,5,2,"",64.7795,0,0,0,0,0,0,0,0,0,0,0,0,0,0,0,0,0,0,0,0,64.7795,0,0,0
"MtrElec",5,5,3,"",60.1175,0,0,0,0,0,0,0,0,0,0,0,0,0,0,0,0,0,0,0,0,60.1175,0,0,0
"MtrElec",5,5,4,"",58.2316,0,0,0,0,0,0,0,0,0,0,0,0,0,0,0,0,0,0,0,0,58.2316,0,0,0
"MtrElec",5,5,5,"",57.5628,0,0,0,0,0,0,0,0,0,0,0,0,0,0,0,0,0,0,0,0,57.5628,0,0,0
"MtrElec",5,5,6,"",61.8314,0,0,0,0,0,0,0,0,0,0,0,0,0,0,0,0,0,0,0,0,61.8314,0,0,0
"MtrElec",5,5,7,"",94.3358,0,0,0,0,0,0,0,0,0,0,0,0,0,0,0,0,0,0,0,0,104.143,0,0,-9.80684
"MtrElec",5,5,8,"",75.9363,0,0,0,0,0,0,0,0,0,0,0,0,0,0,0,0,0,0,0,0,126.775,0,0,-50.8387
"MtrElec",5,5,9,"",0,0,0,0,0,0,0,0,0,0,0,0,0,0,0,0,0,0,0,0,0,118.024,0,4.00208,-122.026
"MtrElec",5,5,10,"",0,0,0,0,0,0,0,0,0,0,0,0,0,0,0,0,0,0,0,0,0,151.261,0,35.1063,-186.367
"MtrElec",5,5,11,"",-30.6819,0,0,0,0,0,0,0,0,0,0,0,0,0,0,0,0,0,0,0,0,106.574,0,94.4224,-231.678
"MtrElec",5,5,12,"",-5.1838,0,0,0,0,0,0,0,0,0,0,0,0,0,0,0,0,0,0,0,0,146.615,0,94.4224,-246.221
"MtrElec",5,5,13,"",-48.9869,0,0,0,0,0,0,0,0,0,0,0,0,0,0,0,0,0,0,0,0,137.797,0,94.4224,-281.206
"MtrElec",5,5,14,"",-142.725,0,0,0,0,0,0,0,0,0,0,0,0,0,0,0,0,0,0,0,0,85.6522,0,29.9228,-258.3
"MtrElec",5,5,15,"",-94.7788,0,0,0,0,0,0,0,0,0,0,0,0,0,0,0,0,0,0,0,0,119.881,0,0,-214.66
"MtrElec",5,5,16,"",-65.5793,0,0,0,0,0,0,0,0,0,0,0,0,0,0,0,0,0,0,0,0,100.446,0,0,-166.026
"MtrElec",5,5,17,"",5.66516,0,0,0,0,0,0,0,0,0,0,0,0,0,0,0,0,0,0,0,0,138.968,0,0,-133.302
"MtrElec",5,5,18,"",95.1195,0,0,0,0,0,0,0,0,0,0,0,0,0,0,0,0,0,0,0,0,173.094,0,0,-77.9749
"MtrElec",5,5,19,"",58.9648,0,0,0,0,0,0,0,0,0,0,0,0,0,0,0,0,0,0,0,0,179.082,0,-94.4224,-25.6952
"MtrElec",5,5,20,"",94.6785,0,0,0,0,0,0,0,0,0,0,0,0,0,0,0,0,0,0,0,0,190.31,0,-94.4224,-1.20875
"MtrElec",5,5,21,"",49.8251,0,0,0,0,0,0,0,0,0,0,0,0,0,0,0,0,0,0,0,0,144.248,0,-94.4224,0
"MtrElec",5,5,22,"",85.7637,0,0,0,0,0,0,0,0,0,0,0,0,0,0,0,0,0,0,0,0,120.446,0,-34.6821,0
"MtrElec",5,5,23,"",120.631,0,0,0,0,0,0,0,0,0,0,0,0,0,0,0,0,0,0,0,0,120.631,0,0,0
"MtrElec",5,5,24,"",107.732,0,0,0,0,0,0,0,0,0,0,0,0,0,0,0,0,0,0,0,0,107.732,0,0,0
"MtrElec",5,6,1,"",63.0795,0,0,0,0,0,0,0,0,0,0,0,0,0,0,0,0,0,0,0,0,63.0795,0,0,0
"MtrElec",5,6,2,"",61.8631,0,0,0,0,0,0,0,0,0,0,0,0,0,0,0,0,0,0,0,0,61.8631,0,0,0
"MtrElec",5,6,3,"",59.1576,0,0,0,0,0,0,0,0,0,0,0,0,0,0,0,0,0,0,0,0,59.1576,0,0,0
"MtrElec",5,6,4,"",58.1272,0,0,0,0,0,0,0,0,0,0,0,0,0,0,0,0,0,0,0,0,58.1272,0,0,0
"MtrElec",5,6,5,"",57.4864,0,0,0,0,0,0,0,0,0,0,0,0,0,0,0,0,0,0,0,0,57.4864,0,0,0
"MtrElec",5,6,6,"",62.5698,0,0,0,0,0,0,0,0,0,0,0,0,0,0,0,0,0,0,0,0,62.5698,0,0,0
"MtrElec",5,6,7,"",112.57,0,0,0,0,0,0,0,0,0,0,0,0,0,0,0,0,0,0,0,0,115.919,0,0,-3.34936
"MtrElec",5,6,8,"",106.54,0,0,0,0,0,0,0,0,0,0,0,0,0,0,0,0,0,0,0,0,125.815,0,0,-19.2746
"MtrElec",5,6,9,"",78.4851,0,0,0,0,0,0,0,0,0,0,0,0,0,0,0,0,0,0,0,0,133.984,0,0,-55.499
"MtrElec",5,6,10,"",78.4163,0,0,0,0,0,0,0,0,0,0,0,0,0,0,0,0,0,0,0,0,132.38,0,0,-53.9641
"MtrElec",5,6,11,"",87.496,0,0,0,0,0,0,0,0,0,0,0,0,0,0,0,0,0,0,0,0,132.128,0,0,-44.6316
"MtrElec",5,6,12,"",60.2352,0,0,0,0,0,0,0,0,0,0,0,0,0,0,0,0,0,0,0,0,96.3158,0,0,-36.0807
"MtrElec",5,6,13,"",67.093,0,0,0,0,0,0,0,0,0,0,0,0,0,0,0,0,0,0,0,0,143.666,0,0,-76.5727
"MtrElec",5,6,14,"",21.9354,0,0,0,0,0,0,0,0,0,0,0,0,0,0,0,0,0,0,0,0,69.9994,0,0,-48.0639
"MtrElec",5,6,15,"",6.67364,0,0,0,0,0,0,0,0,0,0,0,0,0,0,0,0,0,0,0,0,89.2551,0,0,-82.5815
"MtrElec",5,6,16,"",50.8766,0,0,0,0,0,0,0,0,0,0,0,0,0,0,0,0,0,0,0,0,112.572,0,0,-61.6957
"MtrElec",5,6,17,"",0,0,0,0,0,0,0,0,0,0,0,0,0,0,0,0,0,0,0,0,0,105.345,0,14.3823,-119.727
"MtrElec",5,6,18,"",109.327,0,0,0,0,0,0,0,0,0,0,0,0,0,0,0,0,0,0,0,0,131.915,0,0,-22.5874
"MtrElec",5,6,19,"",93.3174,0,0,0,0,0,0,0,0,0,0,0,0,0,0,0,0,0,0,0,0,106.297,0,-12.98,0
"MtrElec",5,6,20,"",163.379,0,0,0,0,0,0,0,0,0,0,0,0,0,0,0,0,0,0,0,0,163.379,0,0,0
"MtrElec",5,6,21,"",147.811,0,0,0,0,0,0,0,0,0,0,0,0,0,0,0,0,0,0,0,0,147.811,0,0,0
"MtrElec",5,6,22,"",108.45,0,0,0,0,0,0,0,0,0,0,0,0,0,0,0,0,0,0,0,0,108.45,0,0,0
"MtrElec",5,6,23,"",131.188,0,0,0,0,0,0,0,0,0,0,0,0,0,0,0,0,0,0,0,0,131.188,0,0,0
"MtrElec",5,6,24,"",87.3719,0,0,0,0,0,0,0,0,0,0,0,0,0,0,0,0,0,0,0,0,87.3719,0,0,0
"MtrElec",5,7,1,"",77.343,0,0,0,0,0,0,0,0,0,0,0,0,0,0,0,0,0,0,0,0,77.343,0,0,0
"MtrElec",5,7,2,"",61.224,0,0,0,0,0,0,0,0,0,0,0,0,0,0,0,0,0,0,0,0,61.224,0,0,0
"MtrElec",5,7,3,"",59.649,0,0,0,0,0,0,0,0,0,0,0,0,0,0,0,0,0,0,0,0,59.649,0,0,0
"MtrElec",5,7,4,"",59.5729,0,0,0,0,0,0,0,0,0,0,0,0,0,0,0,0,0,0,0,0,59.5729,0,0,0
"MtrElec",5,7,5,"",58.8891,0,0,0,0,0,0,0,0,0,0,0,0,0,0,0,0,0,0,0,0,58.8891,0,0,0
"MtrElec",5,7,6,"",69.2937,0,0,0,0,0,0,0,0,0,0,0,0,0,0,0,0,0,0,0,0,69.2937,0,0,0
"MtrElec",5,7,7,"",117.03,0,0,0,0,0,0,0,0,0,0,0,0,0,0,0,0,0,0,0,0,126.253,0,0,-9.22296
"MtrElec",5,7,8,"",98.7366,0,0,0,0,0,0,0,0,0,0,0,0,0,0,0,0,0,0,0,0,142.238,0,0,-43.5018
"MtrElec",5,7,9,"",43.1474,0,0,0,0,0,0,0,0,0,0,0,0,0,0,0,0,0,0,0,0,134.227,0,0,-91.0793
"MtrElec",5,7,10,"",70.4,0,0,0,0,0,0,0,0,0,0,0,0,0,0,0,0,0,0,0,0,157.508,0,0,-87.1081
"MtrElec",5,7,11,"",0,0,0,0,0,0,0,0,0,0,0,0,0,0,0,0,0,0,0,0,0,129.096,0,47.919,-177.015
"MtrElec",5,7,12,"",0,0,0,0,0,0,0,0,0,0,0,0,0,0,0,0,0,0,0,0,0,113.383,0,63.2055,-176.588
"MtrElec",5,7,13,"",0,0,0,0,0,0,0,0,0,0,0,0,0,0,0,0,0,0,0,0,0,148.27,0,19.2227,-167.493
"MtrElec",5,7,14,"",-37.4289,0,0,0,0,0,0,0,0,0,0,0,0,0,0,0,0,0,0,0,0,79.6823,0,94.4224,-211.534
"MtrElec",5,7,15,"",59.6766,0,0,0,0,0,0,0,0,0,0,0,0,0,0,0,0,0,0,0,0,138.447,0,0,-78.7703
"MtrElec",5,7,16,"",76.1851,0,0,0,0,0,0,0,0,0,0,0,0,0,0,0,0,0,0,0,0,86.6554,0,0,-10.4703
"MtrElec",5,7,17,"",96.152,0,0,0,0,0,0,0,0,0,0,0,0,0,0,0,0,0,0,0,0,99.2162,0,0,-3.06417
"MtrElec",5,7,18,"",85.5436,0,0,0,0,0,0,0,0,0,0,0,0,0,0,0,0,0,0,0,0,142.554,0,0,-57.0102
"MtrElec",5,7,19,"",-2.68513,0,0,0,0,0,0,0,0,0,0,0,0,0,0,0,0,0,0,0,0,120.622,0,-94.4224,-28.8849
"MtrElec",5,7,20,"",72.7059,0,0,0,0,0,0,0,0,0,0,0,0,0,0,0,0,0,0,0,0,168.74,0,-94.4224,-1.61155
"MtrElec",5,7,21,"",125.036,0,0,0,0,0,0,0,0,0,0,0,0,0,0,0,0,0,0,0,0,139.046,0,-14.0097,0
"MtrElec",5,7,22,"",103.18,0,0,0,0,0,0,0,0,0,0,0,0,0,0,0,0,0,0,0,0,103.18,0,0,0
"MtrElec",5,7,23,"",140.819,0,0,0,0,0,0,0,0,0,0,0,0,0,0,0,0,0,0,0,0,140.819,0,0,0
"MtrElec",5,7,24,"",102.959,0,0,0,0,0,0,0,0,0,0,0,0,0,0,0,0,0,0,0,0,102.959,0,0,0
"MtrElec",5,8,1,"",69.882,0,0,0,0,0,0,0,0,0,0,0,0,0,0,0,0,0,0,0,0,69.882,0,0,0
"MtrElec",5,8,2,"",61.4056,0,0,0,0,0,0,0,0,0,0,0,0,0,0,0,0,0,0,0,0,61.4056,0,0,0
"MtrElec",5,8,3,"",59.9834,0,0,0,0,0,0,0,0,0,0,0,0,0,0,0,0,0,0,0,0,59.9834,0,0,0
"MtrElec",5,8,4,"",60.1154,0,0,0,0,0,0,0,0,0,0,0,0,0,0,0,0,0,0,0,0,60.1154,0,0,0
"MtrElec",5,8,5,"",59.5415,0,0,0,0,0,0,0,0,0,0,0,0,0,0,0,0,0,0,0,0,59.5415,0,0,0
"MtrElec",5,8,6,"",99.5314,0,0,0,0,0,0,0,0,0,0,0,0,0,0,0,0,0,0,0,0,99.5314,0,0,0
"MtrElec",5,8,7,"",71.7444,0,0,0,0,0,0,0,0,0,0,0,0,0,0,0,0,0,0,0,0,85.9856,0,0,-14.2412
"MtrElec",5,8,8,"",34.6106,0,0,0,0,0,0,0,0,0,0,0,0,0,0,0,0,0,0,0,0,99.5058,0,0,-64.8952
"MtrElec",5,8,9,"",19.253,0,0,0,0,0,0,0,0,0,0,0,0,0,0,0,0,0,0,0,0,136.434,0,0,-117.181
"MtrElec",5,8,10,"",0,0,0,0,0,0,0,0,0,0,0,0,0,0,0,0,0,0,0,0,0,119.244,0,42.369,-161.613
"MtrElec",5,8,11,"",0,0,0,0,0,0,0,0,0,0,0,0,0,0,0,0,0,0,0,0,0,148.79,0,70.305,-219.095
"MtrElec",5,8,12,"",-57.5113,0,0,0,0,0,0,0,0,0,0,0,0,0,0,0,0,0,0,0,0,113.984,0,94.4224,-265.918
"MtrElec",5,8,13,"",-63.9997,0,0,0,0,0,0,0,0,0,0,0,0,0,0,0,0,0,0,0,0,124.157,0,94.4224,-282.579
"MtrElec",5,8,14,"",-128.293,0,0,0,0,0,0,0,0,0,0,0,0,0,0,0,0,0,0,0,0,98.905,0,50.7797,-277.978
"MtrElec",5,8,15,"",-181.931,0,0,0,0,0,0,0,0,0,0,0,0,0,0,0,0,0,0,0,0,73.7643,0,0,-255.695
"MtrElec",5,8,16,"",-121.098,0,0,0,0,0,0,0,0,0,0,0,0,0,0,0,0,0,0,0,0,95.7887,0,0,-216.886
"MtrElec",5,8,17,"",-26.6479,0,0,0,0,0,0,0,0,0,0,0,0,0,0,0,0,0,0,0,0,133.495,0,0,-160.143
"MtrElec",5,8,18,"",21.0718,0,0,0,0,0,0,0,0,0,0,0,0,0,0,0,0,0,0,0,0,113.325,0,0,-92.2528
"MtrElec",5,8,19,"",33.2788,0,0,0,0,0,0,0,0,0,0,0,0,0,0,0,0,0,0,0,0,155.651,0,-94.4224,-27.9493
"MtrElec",5,8,20,"",33.4615,0,0,0,0,0,0,0,0,0,0,0,0,0,0,0,0,0,0,0,0,129.838,0,-94.4224,-1.95377
"MtrElec",5,8,21,"",73.1481,0,0,0,0,0,0,0,0,0,0,0,0,0,0,0,0,0,0,0,0,167.571,0,-94.4224,0
"MtrElec",5,8,22,"",55.7601,0,0,0,0,0,0,0,0,0,0,0,0,0,0,0,0,0,0,0,0,90.4422,0,-34.6821,0
"MtrElec",5,8,23,"",93.5854,0,0,0,0,0,0,0,0,0,0,0,0,0,0,0,0,0,0,0,0,93.5854,0,0,0
"MtrElec",5,8,24,"",101.255,0,0,0,0,0,0,0,0,0,0,0,0,0,0,0,0,0,0,0,0,101.255,0,0,0
"MtrElec",5,9,1,"",81.081,0,0,0,0,0,0,0,0,0,0,0,0,0,0,0,0,0,0,0,0,81.081,0,0,0
"MtrElec",5,9,2,"",59.5156,0,0,0,0,0,0,0,0,0,0,0,0,0,0,0,0,0,0,0,0,59.5156,0,0,0
"MtrElec",5,9,3,"",61.9771,0,0,0,0,0,0,0,0,0,0,0,0,0,0,0,0,0,0,0,0,61.9771,0,0,0
"MtrElec",5,9,4,"",63.1959,0,0,0,0,0,0,0,0,0,0,0,0,0,0,0,0,0,0,0,0,63.1959,0,0,0
"MtrElec",5,9,5,"",79.0743,0,0,0,0,0,0,0,0,0,0,0,0,0,0,0,0,0,0,0,0,79.0743,0,0,0
"MtrElec",5,9,6,"",59.4872,0,0,0,0,0,0,0,0,0,0,0,0,0,0,0,0,0,0,0,0,59.4872,0,0,0
"MtrElec",5,9,7,"",52.3428,0,0,0,0,0,0,0,0,0,0,0,0,0,0,0,0,0,0,0,0,64.8692,0,0,-12.5264
"MtrElec",5,9,8,"",17.2202,0,0,0,0,0,0,0,0,0,0,0,0,0,0,0,0,0,0,0,0,71.544,0,0,-54.3238
"MtrElec",5,9,9,"",22.0273,0,0,0,0,0,0,0,0,0,0,0,0,0,0,0,0,0,0,0,0,121.381,0,0,-99.3535
"MtrElec",5,9,10,"",0,0,0,0,0,0,0,0,0,0,0,0,0,0,0,0,0,0,0,0,0,133.173,0,28.0502,-161.223
"MtrElec",5,9,11,"",0.0000039,0,0,0,0,0,0,0,0,0,0,0,0,0,0,0,0,0,0,0,0,191.493,0,33.291,-224.784
"MtrElec",5,9,12,"",-15.8764,0,0,0,0,0,0,0,0,0,0,0,0,0,0,0,0,0,0,0,0,144.928,0,94.4224,-255.227
"MtrElec",5,9,13,"",-22.0283,0,0,0,0,0,0,0,0,0,0,0,0,0,0,0,0,0,0,0,0,153.992,0,94.4224,-270.443
"MtrElec",5,9,14,"",-48.8229,0,0,0,0,0,0,0,0,0,0,0,0,0,0,0,0,0,0,0,0,126.385,0,94.4224,-269.631
"MtrElec",5,9,15,"",-126.311,0,0,0,0,0,0,0,0,0,0,0,0,0,0,0,0,0,0,0,0,116.389,0,7.69007,-250.39
"MtrElec",5,9,16,"",-111.311,0,0,0,0,0,0,0,0,0,0,0,0,0,0,0,0,0,0,0,0,99.7993,0,0,-211.111
"MtrElec",5,9,17,"",-45.8201,0,0,0,0,0,0,0,0,0,0,0,0,0,0,0,0,0,0,0,0,109.913,0,0,-155.733
"MtrElec",5,9,18,"",12.8642,0,0,0,0,0,0,0,0,0,0,0,0,0,0,0,0,0,0,0,0,101.74,0,0,-88.8755
"MtrElec",5,9,19,"",39.3053,0,0,0,0,0,0,0,0,0,0,0,0,0,0,0,0,0,0,0,0,163.615,0,-94.4224,-29.8867
"MtrElec",5,9,20,"",38.5882,0,0,0,0,0,0,0,0,0,0,0,0,0,0,0,0,0,0,0,0,135.858,0,-94.4224,-2.84785
"MtrElec",5,9,21,"",61.0394,0,0,0,0,0,0,0,0,0,0,0,0,0,0,0,0,0,0,0,0,155.462,0,-94.4224,0
"MtrElec",5,9,22,"",71.3904,0,0,0,0,0,0,0,0,0,0,0,0,0,0,0,0,0,0,0,0,106.073,0,-34.6821,0
"MtrElec",5,9,23,"",109.173,0,0,0,0,0,0,0,0,0,0,0,0,0,0,0,0,0,0,0,0,109.173,0,0,0
"MtrElec",5,9,24,"",99.5389,0,0,0,0,0,0,0,0,0,0,0,0,0,0,0,0,0,0,0,0,99.5389,0,0,0
"MtrElec",5,10,1,"",73.9001,0,0,0,0,0,0,0,0,0,0,0,0,0,0,0,0,0,0,0,0,73.9001,0,0,0
"MtrElec",5,10,2,"",59.5879,0,0,0,0,0,0,0,0,0,0,0,0,0,0,0,0,0,0,0,0,59.5879,0,0,0
"MtrElec",5,10,3,"",57.6573,0,0,0,0,0,0,0,0,0,0,0,0,0,0,0,0,0,0,0,0,57.6573,0,0,0
"MtrElec",5,10,4,"",58.4868,0,0,0,0,0,0,0,0,0,0,0,0,0,0,0,0,0,0,0,0,58.4868,0,0,0
"MtrElec",5,10,5,"",64.2629,0,0,0,0,0,0,0,0,0,0,0,0,0,0,0,0,0,0,0,0,64.2629,0,0,0
"MtrElec",5,10,6,"",59.5927,0,0,0,0,0,0,0,0,0,0,0,0,0,0,0,0,0,0,0,0,59.5927,0,0,0
"MtrElec",5,10,7,"",76.268,0,0,0,0,0,0,0,0,0,0,0,0,0,0,0,0,0,0,0,0,78.4724,0,0,-2.20444
"MtrElec",5,10,8,"",89.0482,0,0,0,0,0,0,0,0,0,0,0,0,0,0,0,0,0,0,0,0,102.465,0,0,-13.4164
"MtrElec",5,10,9,"",70.3166,0,0,0,0,0,0,0,0,0,0,0,0,0,0,0,0,0,0,0,0,103.381,0,0,-33.0645
"MtrElec",5,10,10,"",71.1961,0,0,0,0,0,0,0,0,0,0,0,0,0,0,0,0,0,0,0,0,144.875,0,0,-73.6793
"MtrElec",5,10,11,"",0.0000010,0,0,0,0,0,0,0,0,0,0,0,0,0,0,0,0,0,0,0,0,110.51,0,13.8189,-124.329
"MtrElec",5,10,12,"",56.3963,0,0,0,0,0,0,0,0,0,0,0,0,0,0,0,0,0,0,0,0,131.085,0,0,-74.6882
"MtrElec",5,10,13,"",140.895,0,0,0,0,0,0,0,0,0,0,0,0,0,0,0,0,0,0,0,0,179.316,0,0,-38.4207
"MtrElec",5,10,14,"",34.3303,0,0,0,0,0,0,0,0,0,0,0,0,0,0,0,0,0,0,0,0,100.786,0,0,-66.4561
"MtrElec",5,10,15,"",45.3939,0,0,0,0,0,0,0,0,0,0,0,0,0,0,0,0,0,0,0,0,154.444,0,0,-109.05
"MtrElec",5,10,16,"",0,0,0,0,0,0,0,0,0,0,0,0,0,0,0,0,0,0,0,0,0,91.443,0,59.5571,-151
"MtrElec",5,10,17,"",65.7767,0,0,0,0,0,0,0,0,0,0,0,0,0,0,0,0,0,0,0,0,122.734,0,0,-56.9576
"MtrElec",5,10,18,"",104.635,0,0,0,0,0,0,0,0,0,0,0,0,0,0,0,0,0,0,0,0,126.751,0,0,-22.1167
"MtrElec",5,10,19,"",142.379,0,0,0,0,0,0,0,0,0,0,0,0,0,0,0,0,0,0,0,0,217.517,0,-66.2218,-8.91636
"MtrElec",5,10,20,"",152.56,0,0,0,0,0,0,0,0,0,0,0,0,0,0,0,0,0,0,0,0,152.56,0,0,0
"MtrElec",5,10,21,"",148.756,0,0,0,0,0,0,0,0,0,0,0,0,0,0,0,0,0,0,0,0,148.756,0,0,0
"MtrElec",5,10,22,"",149.442,0,0,0,0,0,0,0,0,0,0,0,0,0,0,0,0,0,0,0,0,149.442,0,0,0
"MtrElec",5,10,23,"",90.4876,0,0,0,0,0,0,0,0,0,0,0,0,0,0,0,0,0,0,0,0,90.4876,0,0,0
"MtrElec",5,10,24,"",92.5444,0,0,0,0,0,0,0,0,0,0,0,0,0,0,0,0,0,0,0,0,92.5444,0,0,0
"MtrElec",5,11,1,"",90.3043,0,0,0,0,0,0,0,0,0,0,0,0,0,0,0,0,0,0,0,0,90.3043,0,0,0
"MtrElec",5,11,2,"",59.1832,0,0,0,0,0,0,0,0,0,0,0,0,0,0,0,0,0,0,0,0,59.1832,0,0,0
"MtrElec",5,11,3,"",57.6133,0,0,0,0,0,0,0,0,0,0,0,0,0,0,0,0,0,0,0,0,57.6133,0,0,0
"MtrElec",5,11,4,"",57.5491,0,0,0,0,0,0,0,0,0,0,0,0,0,0,0,0,0,0,0,0,57.5491,0,0,0
"MtrElec",5,11,5,"",56.8616,0,0,0,0,0,0,0,0,0,0,0,0,0,0,0,0,0,0,0,0,56.8616,0,0,0
"MtrElec",5,11,6,"",61.6499,0,0,0,0,0,0,0,0,0,0,0,0,0,0,0,0,0,0,0,0,61.6499,0,0,0
"MtrElec",5,11,7,"",98.7118,0,0,0,0,0,0,0,0,0,0,0,0,0,0,0,0,0,0,0,0,109.879,0,0,-11.1676
"MtrElec",5,11,8,"",89.2277,0,0,0,0,0,0,0,0,0,0,0,0,0,0,0,0,0,0,0,0,141.404,0,0,-52.1758
"MtrElec",5,11,9,"",31.4806,0,0,0,0,0,0,0,0,0,0,0,0,0,0,0,0,0,0,0,0,150.992,0,0,-119.511
"MtrElec",5,11,10,"",0.0000039,0,0,0,0,0,0,0,0,0,0,0,0,0,0,0,0,0,0,0,0,120.308,0,62.4702,-182.778
"MtrElec",5,11,11,"",-8.71115,0,0,0,0,0,0,0,0,0,0,0,0,0,0,0,0,0,0,0,0,129.501,0,94.4224,-232.635
"MtrElec",5,11,12,"",-47.0218,0,0,0,0,0,0,0,0,0,0,0,0,0,0,0,0,0,0,0,0,121.606,0,94.4224,-263.05
"MtrElec",5,11,13,"",-70.2953,0,0,0,0,0,0,0,0,0,0,0,0,0,0,0,0,0,0,0,0,110.639,0,94.4224,-275.357
"MtrElec",5,11,14,"",-193.742,0,0,0,0,0,0,0,0,0,0,0,0,0,0,0,0,0,0,0,0,71.8068,0,6.56098,-272.11
"MtrElec",5,11,15,"",-144.752,0,0,0,0,0,0,0,0,0,0,0,0,0,0,0,0,0,0,0,0,106.984,0,0,-251.736
"MtrElec",5,11,16,"",-134.681,0,0,0,0,0,0,0,0,0,0,0,0,0,0,0,0,0,0,0,0,80.1317,0,0,-214.812
"MtrElec",5,11,17,"",-60.1366,0,0,0,0,0,0,0,0,0,0,0,0,0,0,0,0,0,0,0,0,103.007,0,0,-163.143
"MtrElec",5,11,18,"",42.4195,0,0,0,0,0,0,0,0,0,0,0,0,0,0,0,0,0,0,0,0,137.4,0,0,-94.9802
"MtrElec",5,11,19,"",-4.81063,0,0,0,0,0,0,0,0,0,0,0,0,0,0,0,0,0,0,0,0,118.327,0,-94.4224,-28.7147
"MtrElec",5,11,20,"",61.9334,0,0,0,0,0,0,0,0,0,0,0,0,0,0,0,0,0,0,0,0,159.261,0,-94.4224,-2.90515
"MtrElec",5,11,21,"",22.369,0,0,0,0,0,0,0,0,0,0,0,0,0,0,0,0,0,0,0,0,116.791,0,-94.4224,0
"MtrElec",5,11,22,"",101.646,0,0,0,0,0,0,0,0,0,0,0,0,0,0,0,0,0,0,0,0,136.328,0,-34.6821,0
"MtrElec",5,11,23,"",95.6208,0,0,0,0,0,0,0,0,0,0,0,0,0,0,0,0,0,0,0,0,95.6208,0,0,0
"MtrElec",5,11,24,"",110.702,0,0,0,0,0,0,0,0,0,0,0,0,0,0,0,0,0,0,0,0,110.702,0,0,0
"MtrElec",5,12,1,"",68.1998,0,0,0,0,0,0,0,0,0,0,0,0,0,0,0,0,0,0,0,0,68.1998,0,0,0
"MtrElec",5,12,2,"",62.9516,0,0,0,0,0,0,0,0,0,0,0,0,0,0,0,0,0,0,0,0,62.9516,0,0,0
"MtrElec",5,12,3,"",59.4026,0,0,0,0,0,0,0,0,0,0,0,0,0,0,0,0,0,0,0,0,59.4026,0,0,0
"MtrElec",5,12,4,"",57.8347,0,0,0,0,0,0,0,0,0,0,0,0,0,0,0,0,0,0,0,0,57.8347,0,0,0
"MtrElec",5,12,5,"",57.1677,0,0,0,0,0,0,0,0,0,0,0,0,0,0,0,0,0,0,0,0,57.1677,0,0,0
"MtrElec",5,12,6,"",62.001,0,0,0,0,0,0,0,0,0,0,0,0,0,0,0,0,0,0,0,0,62.001,0,0,0
"MtrElec",5,12,7,"",107.014,0,0,0,0,0,0,0,0,0,0,0,0,0,0,0,0,0,0,0,0,118.555,0,0,-11.5412
"MtrElec",5,12,8,"",85.6118,0,0,0,0,0,0,0,0,0,0,0,0,0,0,0,0,0,0,0,0,139.175,0,0,-53.5636
"MtrElec",5,12,9,"",25.4482,0,0,0,0,0,0,0,0,0,0,0,0,0,0,0,0,0,0,0,0,148.863,0,0,-123.415
"MtrElec",5,12,10,"",0,0,0,0,0,0,0,0,0,0,0,0,0,0,0,0,0,0,0,0,0,165.965,0,20.2091,-186.174
"MtrElec",5,12,11,"",-0.0589453,0,0,0,0,0,0,0,0,0,0,0,0,0,0,0,0,0,0,0,0,141.364,0,94.4224,-235.846
"MtrElec",5,12,12,"",-63.7482,0,0,0,0,0,0,0,0,0,0,0,0,0,0,0,0,0,0,0,0,109.038,0,94.4224,-267.208
"MtrElec",5,12,13,"",-111.389,0,0,0,0,0,0,0,0,0,0,0,0,0,0,0,0,0,0,0,0,73.7592,0,94.4224,-279.57
"MtrElec",5,12,14,"",-120.656,0,0,0,0,0,0,0,0,0,0,0,0,0,0,0,0,0,0,0,0,106.718,0,48.8222,-276.197
"MtrElec",5,12,15,"",-175.451,0,0,0,0,0,0,0,0,0,0,0,0,0,0,0,0,0,0,0,0,82.6632,0,0,-258.114
"MtrElec",5,12,16,"",-124.313,0,0,0,0,0,0,0,0,0,0,0,0,0,0,0,0,0,0,0,0,94.7029,0,0,-219.016
"MtrElec",5,12,17,"",-41.0055,0,0,0,0,0,0,0,0,0,0,0,0,0,0,0,0,0,0,0,0,123.878,0,0,-164.884
"MtrElec",5,12,18,"",10.7977,0,0,0,0,0,0,0,0,0,0,0,0,0,0,0,0,0,0,0,0,107.059,0,0,-96.2609
"MtrElec",5,12,19,"",33.4562,0,0,0,0,0,0,0,0,0,0,0,0,0,0,0,0,0,0,0,0,156.382,0,-94.4224,-28.5031
"MtrElec",5,12,20,"",72.3595,0,0,0,0,0,0,0,0,0,0,0,0,0,0,0,0,0,0,0,0,169.946,0,-94.4224,-3.16378
"MtrElec",5,12,21,"",47.4281,0,0,0,0,0,0,0,0,0,0,0,0,0,0,0,0,0,0,0,0,141.85,0,-94.4224,0
"MtrElec",5,12,22,"",77.3494,0,0,0,0,0,0,0,0,0,0,0,0,0,0,0,0,0,0,0,0,112.031,0,-34.6821,0
"MtrElec",5,12,23,"",143.327,0,0,0,0,0,0,0,0,0,0,0,0,0,0,0,0,0,0,0,0,143.327,0,0,0
"MtrElec",5,12,24,"",97.3241,0,0,0,0,0,0,0,0,0,0,0,0,0,0,0,0,0,0,0,0,97.3241,0,0,0
"MtrElec",5,13,1,"",62.7568,0,0,0,0,0,0,0,0,0,0,0,0,0,0,0,0,0,0,0,0,62.7568,0,0,0
"MtrElec",5,13,2,"",63.1358,0,0,0,0,0,0,0,0,0,0,0,0,0,0,0,0,0,0,0,0,63.1358,0,0,0
"MtrElec",5,13,3,"",63.4088,0,0,0,0,0,0,0,0,0,0,0,0,0,0,0,0,0,0,0,0,63.4088,0,0,0
"MtrElec",5,13,4,"",69.1736,0,0,0,0,0,0,0,0,0,0,0,0,0,0,0,0,0,0,0,0,69.1736,0,0,0
"MtrElec",5,13,5,"",92.24,0,0,0,0,0,0,0,0,0,0,0,0,0,0,0,0,0,0,0,0,92.24,0,0,0
"MtrElec",5,13,6,"",61.3991,0,0,0,0,0,0,0,0,0,0,0,0,0,0,0,0,0,0,0,0,61.3991,0,0,0
"MtrElec",5,13,7,"",79.7479,0,0,0,0,0,0,0,0,0,0,0,0,0,0,0,0,0,0,0,0,95.7692,0,0,-16.0213
"MtrElec",5,13,8,"",80.6446,0,0,0,0,0,0,0,0,0,0,0,0,0,0,0,0,0,0,0,0,147.848,0,0,-67.2031
"MtrElec",5,13,9,"",54.8238,0,0,0,0,0,0,0,0,0,0,0,0,0,0,0,0,0,0,0,0,164.933,0,0,-110.109
"MtrElec",5,13,10,"",-17.182,0,0,0,0,0,0,0,0,0,0,0,0,0,0,0,0,0,0,0,0,86.0381,0,94.4224,-197.643
"MtrElec",5,13,11,"",-18.3109,0,0,0,0,0,0,0,0,0,0,0,0,0,0,0,0,0,0,0,0,132.944,0,94.4224,-245.677
"MtrElec",5,13,12,"",-77.6221,0,0,0,0,0,0,0,0,0,0,0,0,0,0,0,0,0,0,0,0,107.027,0,94.4224,-279.071
"MtrElec",5,13,13,"",-80.0641,0,0,0,0,0,0,0,0,0,0,0,0,0,0,0,0,0,0,0,0,142.551,0,69.0312,-291.646
"MtrElec",5,13,14,"",-207.192,0,0,0,0,0,0,0,0,0,0,0,0,0,0,0,0,0,0,0,0,76.8025,0,0,-283.994
"MtrElec",5,13,15,"",-160.634,0,0,0,0,0,0,0,0,0,0,0,0,0,0,0,0,0,0,0,0,100.703,0,0,-261.337
"MtrElec",5,13,16,"",-133.65,0,0,0,0,0,0,0,0,0,0,0,0,0,0,0,0,0,0,0,0,89.7004,0,0,-223.35
"MtrElec",5,13,17,"",-52.4284,0,0,0,0,0,0,0,0,0,0,0,0,0,0,0,0,0,0,0,0,115.353,0,0,-167.781
"MtrElec",5,13,18,"",13.6484,0,0,0,0,0,0,0,0,0,0,0,0,0,0,0,0,0,0,0,0,110.984,0,0,-97.3359
"MtrElec",5,13,19,"",19.1932,0,0,0,0,0,0,0,0,0,0,0,0,0,0,0,0,0,0,0,0,143.691,0,-94.4224,-30.0757
"MtrElec",5,13,20,"",36.0307,0,0,0,0,0,0,0,0,0,0,0,0,0,0,0,0,0,0,0,0,134.369,0,-94.4224,-3.9162
"MtrElec",5,13,21,"",72.7578,0,0,0,0,0,0,0,0,0,0,0,0,0,0,0,0,0,0,0,0,167.18,0,-94.4224,0
"MtrElec",5,13,22,"",65.4035,0,0,0,0,0,0,0,0,0,0,0,0,0,0,0,0,0,0,0,0,100.086,0,-34.6821,0
"MtrElec",5,13,23,"",107.015,0,0,0,0,0,0,0,0,0,0,0,0,0,0,0,0,0,0,0,0,107.015,0,0,0
"MtrElec",5,13,24,"",136.419,0,0,0,0,0,0,0,0,0,0,0,0,0,0,0,0,0,0,0,0,136.419,0,0,0
"MtrElec",5,14,1,"",72.8147,0,0,0,0,0,0,0,0,0,0,0,0,0,0,0,0,0,0,0,0,72.8147,0,0,0
"MtrElec",5,14,2,"",61.4612,0,0,0,0,0,0,0,0,0,0,0,0,0,0,0,0,0,0,0,0,61.4612,0,0,0
"MtrElec",5,14,3,"",58.8441,0,0,0,0,0,0,0,0,0,0,0,0,0,0,0,0,0,0,0,0,58.8441,0,0,0
"MtrElec",5,14,4,"",57.9781,0,0,0,0,0,0,0,0,0,0,0,0,0,0,0,0,0,0,0,0,57.9781,0,0,0
"MtrElec",5,14,5,"",57.3219,0,0,0,0,0,0,0,0,0,0,0,0,0,0,0,0,0,0,0,0,57.3219,0,0,0
"MtrElec",5,14,6,"",61.4349,0,0,0,0,0,0,0,0,0,0,0,0,0,0,0,0,0,0,0,0,61.4349,0,0,0
"MtrElec",5,14,7,"",92.5098,0,0,0,0,0,0,0,0,0,0,0,0,0,0,0,0,0,0,0,0,105.702,0,0,-13.1922
"MtrElec",5,14,8,"",75.3309,0,0,0,0,0,0,0,0,0,0,0,0,0,0,0,0,0,0,0,0,130.929,0,0,-55.5984
"MtrElec",5,14,9,"",31.523,0,0,0,0,0,0,0,0,0,0,0,0,0,0,0,0,0,0,0,0,155.893,0,0,-124.37
"MtrElec",5,14,10,"",0.0000039,0,0,0,0,0,0,0,0,0,0,0,0,0,0,0,0,0,0,0,0,128.389,0,58.886,-187.275
"MtrElec",5,14,11,"",0,0,0,0,0,0,0,0,0,0,0,0,0,0,0,0,0,0,0,0,0,159.902,0,72.3738,-232.275
"MtrElec",5,14,12,"",-35.9634,0,0,0,0,0,0,0,0,0,0,0,0,0,0,0,0,0,0,0,0,131.906,0,94.4224,-262.292
"MtrElec",5,14,13,"",-39.4258,0,0,0,0,0,0,0,0,0,0,0,0,0,0,0,0,0,0,0,0,145.241,0,94.4224,-279.089
"MtrElec",5,14,14,"",-164.947,0,0,0,0,0,0,0,0,0,0,0,0,0,0,0,0,0,0,0,0,79.7898,0,32.1939,-276.931
"MtrElec",5,14,15,"",-144.302,0,0,0,0,0,0,0,0,0,0,0,0,0,0,0,0,0,0,0,0,113.058,0,0,-257.36
"MtrElec",5,14,16,"",-142.634,0,0,0,0,0,0,0,0,0,0,0,0,0,0,0,0,0,0,0,0,79.1558,0,0,-221.79
"MtrElec",5,14,17,"",-45.137,0,0,0,0,0,0,0,0,0,0,0,0,0,0,0,0,0,0,0,0,122.359,0,0,-167.496
"MtrElec",5,14,18,"",17.8599,0,0,0,0,0,0,0,0,0,0,0,0,0,0,0,0,0,0,0,0,115.544,0,0,-97.6844
"MtrElec",5,14,19,"",34.2432,0,0,0,0,0,0,0,0,0,0,0,0,0,0,0,0,0,0,0,0,158.77,0,-94.4224,-30.1043
"MtrElec",5,14,20,"",43.6933,0,0,0,0,0,0,0,0,0,0,0,0,0,0,0,0,0,0,0,0,142.333,0,-94.4224,-4.21693
"MtrElec",5,14,21,"",51.248,0,0,0,0,0,0,0,0,0,0,0,0,0,0,0,0,0,0,0,0,145.67,0,-94.4224,0
"MtrElec",5,14,22,"",99.2478,0,0,0,0,0,0,0,0,0,0,0,0,0,0,0,0,0,0,0,0,133.93,0,-34.6821,0
"MtrElec",5,14,23,"",97.3142,0,0,0,0,0,0,0,0,0,0,0,0,0,0,0,0,0,0,0,0,97.3142,0,0,0
"MtrElec",5,14,24,"",111.72,0,0,0,0,0,0,0,0,0,0,0,0,0,0,0,0,0,0,0,0,111.72,0,0,0
"MtrElec",5,15,1,"",68.3005,0,0,0,0,0,0,0,0,0,0,0,0,0,0,0,0,0,0,0,0,68.3005,0,0,0
"MtrElec",5,15,2,"",61.2779,0,0,0,0,0,0,0,0,0,0,0,0,0,0,0,0,0,0,0,0,61.2779,0,0,0
"MtrElec",5,15,3,"",58.7861,0,0,0,0,0,0,0,0,0,0,0,0,0,0,0,0,0,0,0,0,58.7861,0,0,0
"MtrElec",5,15,4,"",57.9262,0,0,0,0,0,0,0,0,0,0,0,0,0,0,0,0,0,0,0,0,57.9262,0,0,0
"MtrElec",5,15,5,"",57.2697,0,0,0,0,0,0,0,0,0,0,0,0,0,0,0,0,0,0,0,0,57.2697,0,0,0
"MtrElec",5,15,6,"",61.3779,0,0,0,0,0,0,0,0,0,0,0,0,0,0,0,0,0,0,0,0,61.3779,0,0,0
"MtrElec",5,15,7,"",91.0206,0,0,0,0,0,0,0,0,0,0,0,0,0,0,0,0,0,0,0,0,104.42,0,0,-13.3995
"MtrElec",5,15,8,"",79.6111,0,0,0,0,0,0,0,0,0,0,0,0,0,0,0,0,0,0,0,0,135.708,0,0,-56.0966
"MtrElec",5,15,9,"",12.1514,0,0,0,0,0,0,0,0,0,0,0,0,0,0,0,0,0,0,0,0,137.71,0,0,-125.558
"MtrElec",5,15,10,"",0,0,0,0,0,0,0,0,0,0,0,0,0,0,0,0,0,0,0,0,0,134.657,0,43.398,-178.055
"MtrElec",5,15,11,"",0.0000078,0,0,0,0,0,0,0,0,0,0,0,0,0,0,0,0,0,0,0,0,134.117,0,73.7584,-207.876
"MtrElec",5,15,12,"",0.0000020,0,0,0,0,0,0,0,0,0,0,0,0,0,0,0,0,0,0,0,0,123.191,0,31.6289,-154.82
"MtrElec",5,15,13,"",-69.5996,0,0,0,0,0,0,0,0,0,0,0,0,0,0,0,0,0,0,0,0,80.1559,0,94.4224,-244.178
"MtrElec",5,15,14,"",-108.075,0,0,0,0,0,0,0,0,0,0,0,0,0,0,0,0,0,0,0,0,67.8576,0,94.4224,-270.355
"MtrElec",5,15,15,"",-72.0127,0,0,0,0,0,0,0,0,0,0,0,0,0,0,0,0,0,0,0,0,110.157,0,14.6684,-196.838
"MtrElec",5,15,16,"",-128.296,0,0,0,0,0,0,0,0,0,0,0,0,0,0,0,0,0,0,0,0,82.6144,0,0,-210.91
"MtrElec",5,15,17,"",-50.8688,0,0,0,0,0,0,0,0,0,0,0,0,0,0,0,0,0,0,0,0,104.166,0,0,-155.035
"MtrElec",5,15,18,"",54.5938,0,0,0,0,0,0,0,0,0,0,0,0,0,0,0,0,0,0,0,0,132.82,0,0,-78.2265
"MtrElec",5,15,19,"",3.71575,0,0,0,0,0,0,0,0,0,0,0,0,0,0,0,0,0,0,0,0,129.475,0,-94.4224,-31.3368
"MtrElec",5,15,20,"",36.6163,0,0,0,0,0,0,0,0,0,0,0,0,0,0,0,0,0,0,0,0,135.281,0,-94.4224,-4.24269
"MtrElec",5,15,21,"",60.1291,0,0,0,0,0,0,0,0,0,0,0,0,0,0,0,0,0,0,0,0,154.552,0,-94.4224,0
"MtrElec",5,15,22,"",64.9978,0,0,0,0,0,0,0,0,0,0,0,0,0,0,0,0,0,0,0,0,99.6799,0,-34.6821,0
"MtrElec",5,15,23,"",168.343,0,0,0,0,0,0,0,0,0,0,0,0,0,0,0,0,0,0,0,0,168.343,0,0,0
"MtrElec",5,15,24,"",87.9926,0,0,0,0,0,0,0,0,0,0,0,0,0,0,0,0,0,0,0,0,87.9926,0,0,0
"MtrElec",5,16,1,"",62.7871,0,0,0,0,0,0,0,0,0,0,0,0,0,0,0,0,0,0,0,0,62.7871,0,0,0
"MtrElec",5,16,2,"",59.7585,0,0,0,0,0,0,0,0,0,0,0,0,0,0,0,0,0,0,0,0,59.7585,0,0,0
"MtrElec",5,16,3,"",59.29,0,0,0,0,0,0,0,0,0,0,0,0,0,0,0,0,0,0,0,0,59.29,0,0,0
"MtrElec",5,16,4,"",60.5416,0,0,0,0,0,0,0,0,0,0,0,0,0,0,0,0,0,0,0,0,60.5416,0,0,0
"MtrElec",5,16,5,"",71.9016,0,0,0,0,0,0,0,0,0,0,0,0,0,0,0,0,0,0,0,0,71.9016,0,0,0
"MtrElec",5,16,6,"",59.78,0,0,0,0,0,0,0,0,0,0,0,0,0,0,0,0,0,0,0,0,59.78,0,0,0
"MtrElec",5,16,7,"",68.9276,0,0,0,0,0,0,0,0,0,0,0,0,0,0,0,0,0,0,0,0,84.4795,0,0,-15.5518
"MtrElec",5,16,8,"",65.1549,0,0,0,0,0,0,0,0,0,0,0,0,0,0,0,0,0,0,0,0,110.597,0,0,-45.4421
"MtrElec",5,16,9,"",34.1675,0,0,0,0,0,0,0,0,0,0,0,0,0,0,0,0,0,0,0,0,114.592,0,0,-80.4245
"MtrElec",5,16,10,"",63.8008,0,0,0,0,0,0,0,0,0,0,0,0,0,0,0,0,0,0,0,0,151.35,0,0,-87.5488
"MtrElec",5,16,11,"",81.5837,0,0,0,0,0,0,0,0,0,0,0,0,0,0,0,0,0,0,0,0,186.03,0,0,-104.446
"MtrElec",5,16,12,"",0,0,0,0,0,0,0,0,0,0,0,0,0,0,0,0,0,0,0,0,0,169.139,0,5.72791,-174.867
"MtrElec",5,16,13,"",2.34794,0,0,0,0,0,0,0,0,0,0,0,0,0,0,0,0,0,0,0,0,179.08,0,0,-176.732
"MtrElec",5,16,14,"",0,0,0,0,0,0,0,0,0,0,0,0,0,0,0,0,0,0,0,0,0,111.265,0,39.8798,-151.145
"MtrElec",5,16,15,"",76.5407,0,0,0,0,0,0,0,0,0,0,0,0,0,0,0,0,0,0,0,0,161.253,0,0,-84.7119
"MtrElec",5,16,16,"",0,0,0,0,0,0,0,0,0,0,0,0,0,0,0,0,0,0,0,0,0,97.536,0,10.1995,-107.735
"MtrElec",5,16,17,"",29.1848,0,0,0,0,0,0,0,0,0,0,0,0,0,0,0,0,0,0,0,0,142.048,0,0,-112.863
"MtrElec",5,16,18,"",48.9471,0,0,0,0,0,0,0,0,0,0,0,0,0,0,0,0,0,0,0,0,113.517,0,0,-64.57
"MtrElec",5,16,19,"",85.3329,0,0,0,0,0,0,0,0,0,0,0,0,0,0,0,0,0,0,0,0,160.485,0,-50.366,-24.786
"MtrElec",5,16,20,"",138.681,0,0,0,0,0,0,0,0,0,0,0,0,0,0,0,0,0,0,0,0,141.101,0,0,-2.41937
"MtrElec",5,16,21,"",121.773,0,0,0,0,0,0,0,0,0,0,0,0,0,0,0,0,0,0,0,0,121.773,0,0,0
"MtrElec",5,16,22,"",129.259,0,0,0,0,0,0,0,0,0,0,0,0,0,0,0,0,0,0,0,0,129.259,0,0,0
"MtrElec",5,16,23,"",81.2806,0,0,0,0,0,0,0,0,0,0,0,0,0,0,0,0,0,0,0,0,81.2806,0,0,0
"MtrElec",5,16,24,"",82.9539,0,0,0,0,0,0,0,0,0,0,0,0,0,0,0,0,0,0,0,0,82.9539,0,0,0
"MtrElec",5,17,1,"",66.4197,0,0,0,0,0,0,0,0,0,0,0,0,0,0,0,0,0,0,0,0,66.4197,0,0,0
"MtrElec",5,17,2,"",59.636,0,0,0,0,0,0,0,0,0,0,0,0,0,0,0,0,0,0,0,0,59.636,0,0,0
"MtrElec",5,17,3,"",59.1686,0,0,0,0,0,0,0,0,0,0,0,0,0,0,0,0,0,0,0,0,59.1686,0,0,0
"MtrElec",5,17,4,"",58.6581,0,0,0,0,0,0,0,0,0,0,0,0,0,0,0,0,0,0,0,0,58.6581,0,0,0
"MtrElec",5,17,5,"",75.755,0,0,0,0,0,0,0,0,0,0,0,0,0,0,0,0,0,0,0,0,75.755,0,0,0
"MtrElec",5,17,6,"",67.7729,0,0,0,0,0,0,0,0,0,0,0,0,0,0,0,0,0,0,0,0,67.7729,0,0,0
"MtrElec",5,17,7,"",54.6898,0,0,0,0,0,0,0,0,0,0,0,0,0,0,0,0,0,0,0,0,64.008,0,0,-9.31824
"MtrElec",5,17,8,"",37.0097,0,0,0,0,0,0,0,0,0,0,0,0,0,0,0,0,0,0,0,0,69.1149,0,0,-32.1052
"MtrElec",5,17,9,"",69.9618,0,0,0,0,0,0,0,0,0,0,0,0,0,0,0,0,0,0,0,0,94.3375,0,0,-24.3757
"MtrElec",5,17,10,"",80.3424,0,0,0,0,0,0,0,0,0,0,0,0,0,0,0,0,0,0,0,0,131.835,0,0,-51.4921
"MtrElec",5,17,11,"",131.201,0,0,0,0,0,0,0,0,0,0,0,0,0,0,0,0,0,0,0,0,172.951,0,0,-41.7499
"MtrElec",5,17,12,"",98.4409,0,0,0,0,0,0,0,0,0,0,0,0,0,0,0,0,0,0,0,0,131.052,0,0,-32.6109
"MtrElec",5,17,13,"",108.058,0,0,0,0,0,0,0,0,0,0,0,0,0,0,0,0,0,0,0,0,139.875,0,0,-31.8173
"MtrElec",5,17,14,"",95.5702,0,0,0,0,0,0,0,0,0,0,0,0,0,0,0,0,0,0,0,0,130.191,0,0,-34.6207
"MtrElec",5,17,15,"",67.1373,0,0,0,0,0,0,0,0,0,0,0,0,0,0,0,0,0,0,0,0,102.11,0,0,-34.9724
"MtrElec",5,17,16,"",69.9493,0,0,0,0,0,0,0,0,0,0,0,0,0,0,0,0,0,0,0,0,114.627,0,0,-44.6781
"MtrElec",5,17,17,"",82.6395,0,0,0,0,0,0,0,0,0,0,0,0,0,0,0,0,0,0,0,0,112.252,0,0,-29.6124
"MtrElec",5,17,18,"",117.545,0,0,0,0,0,0,0,0,0,0,0,0,0,0,0,0,0,0,0,0,124.003,0,0,-6.45809
"MtrElec",5,17,19,"",155.54,0,0,0,0,0,0,0,0,0,0,0,0,0,0,0,0,0,0,0,0,173.83,0,0,-18.29
"MtrElec",5,17,20,"",154.823,0,0,0,0,0,0,0,0,0,0,0,0,0,0,0,0,0,0,0,0,158.797,0,0,-3.97316
"MtrElec",5,17,21,"",101.157,0,0,0,0,0,0,0,0,0,0,0,0,0,0,0,0,0,0,0,0,101.157,0,0,0
"MtrElec",5,17,22,"",124.111,0,0,0,0,0,0,0,0,0,0,0,0,0,0,0,0,0,0,0,0,124.111,0,0,0
"MtrElec",5,17,23,"",108.91,0,0,0,0,0,0,0,0,0,0,0,0,0,0,0,0,0,0,0,0,108.91,0,0,0
"MtrElec",5,17,24,"",123.613,0,0,0,0,0,0,0,0,0,0,0,0,0,0,0,0,0,0,0,0,123.613,0,0,0
"MtrElec",5,18,1,"",77.1676,0,0,0,0,0,0,0,0,0,0,0,0,0,0,0,0,0,0,0,0,77.1676,0,0,0
"MtrElec",5,18,2,"",59.0215,0,0,0,0,0,0,0,0,0,0,0,0,0,0,0,0,0,0,0,0,59.0215,0,0,0
"MtrElec",5,18,3,"",57.4594,0,0,0,0,0,0,0,0,0,0,0,0,0,0,0,0,0,0,0,0,57.4594,0,0,0
"MtrElec",5,18,4,"",59.5231,0,0,0,0,0,0,0,0,0,0,0,0,0,0,0,0,0,0,0,0,59.5231,0,0,0
"MtrElec",5,18,5,"",59.0249,0,0,0,0,0,0,0,0,0,0,0,0,0,0,0,0,0,0,0,0,59.0249,0,0,0
"MtrElec",5,18,6,"",63.8053,0,0,0,0,0,0,0,0,0,0,0,0,0,0,0,0,0,0,0,0,63.8053,0,0,0
"MtrElec",5,18,7,"",95.6222,0,0,0,0,0,0,0,0,0,0,0,0,0,0,0,0,0,0,0,0,107.346,0,0,-11.7237
"MtrElec",5,18,8,"",72.1498,0,0,0,0,0,0,0,0,0,0,0,0,0,0,0,0,0,0,0,0,126.457,0,0,-54.3075
"MtrElec",5,18,9,"",10.788,0,0,0,0,0,0,0,0,0,0,0,0,0,0,0,0,0,0,0,0,134.094,0,0,-123.306
"MtrElec",5,18,10,"",0.0000078,0,0,0,0,0,0,0,0,0,0,0,0,0,0,0,0,0,0,0,0,113.339,0,72.6965,-186.035
"MtrElec",5,18,11,"",-13.6481,0,0,0,0,0,0,0,0,0,0,0,0,0,0,0,0,0,0,0,0,125.251,0,94.4224,-233.321
"MtrElec",5,18,12,"",-78.2383,0,0,0,0,0,0,0,0,0,0,0,0,0,0,0,0,0,0,0,0,90.8602,0,94.4224,-263.521
"MtrElec",5,18,13,"",-45.3755,0,0,0,0,0,0,0,0,0,0,0,0,0,0,0,0,0,0,0,0,138.778,0,90.7571,-274.911
"MtrElec",5,18,14,"",-197.578,0,0,0,0,0,0,0,0,0,0,0,0,0,0,0,0,0,0,0,0,75.8014,0,0,-273.379
"MtrElec",5,18,15,"",-161.533,0,0,0,0,0,0,0,0,0,0,0,0,0,0,0,0,0,0,0,0,95.816,0,0,-257.349
"MtrElec",5,18,16,"",-139.183,0,0,0,0,0,0,0,0,0,0,0,0,0,0,0,0,0,0,0,0,81.3812,0,0,-220.564
"MtrElec",5,18,17,"",-74.5846,0,0,0,0,0,0,0,0,0,0,0,0,0,0,0,0,0,0,0,0,91.0161,0,0,-165.601
"MtrElec",5,18,18,"",48.6714,0,0,0,0,0,0,0,0,0,0,0,0,0,0,0,0,0,0,0,0,145.639,0,0,-96.968
"MtrElec",5,18,19,"",21.8107,0,0,0,0,0,0,0,0,0,0,0,0,0,0,0,0,0,0,0,0,145.879,0,-94.4224,-29.6461
"MtrElec",5,18,20,"",39.8964,0,0,0,0,0,0,0,0,0,0,0,0,0,0,0,0,0,0,0,0,138.371,0,-94.4224,-4.05228
"MtrElec",5,18,21,"",93.3459,0,0,0,0,0,0,0,0,0,0,0,0,0,0,0,0,0,0,0,0,187.768,0,-94.4224,0
"MtrElec",5,18,22,"",56.8493,0,0,0,0,0,0,0,0,0,0,0,0,0,0,0,0,0,0,0,0,91.5313,0,-34.6821,0
"MtrElec",5,18,23,"",121.316,0,0,0,0,0,0,0,0,0,0,0,0,0,0,0,0,0,0,0,0,121.316,0,0,0
"MtrElec",5,18,24,"",82.3233,0,0,0,0,0,0,0,0,0,0,0,0,0,0,0,0,0,0,0,0,82.3233,0,0,0
"MtrElec",5,19,1,"",62.4951,0,0,0,0,0,0,0,0,0,0,0,0,0,0,0,0,0,0,0,0,62.4951,0,0,0
"MtrElec",5,19,2,"",61.0469,0,0,0,0,0,0,0,0,0,0,0,0,0,0,0,0,0,0,0,0,61.0469,0,0,0
"MtrElec",5,19,3,"",58.5486,0,0,0,0,0,0,0,0,0,0,0,0,0,0,0,0,0,0,0,0,58.5486,0,0,0
"MtrElec",5,19,4,"",57.6908,0,0,0,0,0,0,0,0,0,0,0,0,0,0,0,0,0,0,0,0,57.6908,0,0,0
"MtrElec",5,19,5,"",57.0083,0,0,0,0,0,0,0,0,0,0,0,0,0,0,0,0,0,0,0,0,57.0083,0,0,0
"MtrElec",5,19,6,"",68.3001,0,0,0,0,0,0,0,0,0,0,0,0,0,0,0,0,0,0,0,0,68.3001,0,0,0
"MtrElec",5,19,7,"",86.4133,0,0,0,0,0,0,0,0,0,0,0,0,0,0,0,0,0,0,0,0,97.9339,0,0,-11.5206
"MtrElec",5,19,8,"",60.853,0,0,0,0,0,0,0,0,0,0,0,0,0,0,0,0,0,0,0,0,115.217,0,0,-54.3644
"MtrElec",5,19,9,"",1.91153,0,0,0,0,0,0,0,0,0,0,0,0,0,0,0,0,0,0,0,0,126.607,0,0,-124.696
"MtrElec",5,19,10,"",-12.1653,0,0,0,0,0,0,0,0,0,0,0,0,0,0,0,0,0,0,0,0,80.5442,0,94.4224,-187.132
"MtrElec",5,19,11,"",-5.3699,0,0,0,0,0,0,0,0,0,0,0,0,0,0,0,0,0,0,0,0,135.653,0,94.4224,-235.445
"MtrElec",5,19,12,"",-81.8544,0,0,0,0,0,0,0,0,0,0,0,0,0,0,0,0,0,0,0,0,90.3695,0,94.4224,-266.646
"MtrElec",5,19,13,"",-105.272,0,0,0,0,0,0,0,0,0,0,0,0,0,0,0,0,0,0,0,0,102.638,0,69.0312,-276.942
"MtrElec",5,19,14,"",-183.603,0,0,0,0,0,0,0,0,0,0,0,0,0,0,0,0,0,0,0,0,86.4909,0,0,-270.094
"MtrElec",5,19,15,"",-147.95,0,0,0,0,0,0,0,0,0,0,0,0,0,0,0,0,0,0,0,0,100.591,0,0,-248.541
"MtrElec",5,19,16,"",-113.729,0,0,0,0,0,0,0,0,0,0,0,0,0,0,0,0,0,0,0,0,99.6601,0,0,-213.389
"MtrElec",5,19,17,"",-45.4716,0,0,0,0,0,0,0,0,0,0,0,0,0,0,0,0,0,0,0,0,117.331,0,0,-162.802
"MtrElec",5,19,18,"",62.2242,0,0,0,0,0,0,0,0,0,0,0,0,0,0,0,0,0,0,0,0,158.318,0,0,-96.0936
"MtrElec",5,19,19,"",24.8425,0,0,0,0,0,0,0,0,0,0,0,0,0,0,0,0,0,0,0,0,148.579,0,-94.4224,-29.314
"MtrElec",5,19,20,"",50.1655,0,0,0,0,0,0,0,0,0,0,0,0,0,0,0,0,0,0,0,0,148.771,0,-94.4224,-4.18339
"MtrElec",5,19,21,"",80.6135,0,0,0,0,0,0,0,0,0,0,0,0,0,0,0,0,0,0,0,0,175.036,0,-94.4224,0
"MtrElec",5,19,22,"",97.9447,0,0,0,0,0,0,0,0,0,0,0,0,0,0,0,0,0,0,0,0,132.627,0,-34.6821,0
"MtrElec",5,19,23,"",137.585,0,0,0,0,0,0,0,0,0,0,0,0,0,0,0,0,0,0,0,0,137.585,0,0,0
"MtrElec",5,19,24,"",83.0378,0,0,0,0,0,0,0,0,0,0,0,0,0,0,0,0,0,0,0,0,83.0378,0,0,0
"MtrElec",5,20,1,"",78.0432,0,0,0,0,0,0,0,0,0,0,0,0,0,0,0,0,0,0,0,0,78.0432,0,0,0
"MtrElec",5,20,2,"",60.067,0,0,0,0,0,0,0,0,0,0,0,0,0,0,0,0,0,0,0,0,60.067,0,0,0
"MtrElec",5,20,3,"",59.1181,0,0,0,0,0,0,0,0,0,0,0,0,0,0,0,0,0,0,0,0,59.1181,0,0,0
"MtrElec",5,20,4,"",65.5489,0,0,0,0,0,0,0,0,0,0,0,0,0,0,0,0,0,0,0,0,65.5489,0,0,0
"MtrElec",5,20,5,"",85.4622,0,0,0,0,0,0,0,0,0,0,0,0,0,0,0,0,0,0,0,0,85.4622,0,0,0
"MtrElec",5,20,6,"",61.583,0,0,0,0,0,0,0,0,0,0,0,0,0,0,0,0,0,0,0,0,61.583,0,0,0
"MtrElec",5,20,7,"",69.0372,0,0,0,0,0,0,0,0,0,0,0,0,0,0,0,0,0,0,0,0,80.9503,0,0,-11.913
"MtrElec",5,20,8,"",70.218,0,0,0,0,0,0,0,0,0,0,0,0,0,0,0,0,0,0,0,0,124.622,0,0,-54.4043
"MtrElec",5,20,9,"",3.32669,0,0,0,0,0,0,0,0,0,0,0,0,0,0,0,0,0,0,0,0,125.712,0,0,-122.385
"MtrElec",5,20,10,"",0,0,0,0,0,0,0,0,0,0,0,0,0,0,0,0,0,0,0,0,0,144.171,0,34.3307,-178.501
"MtrElec",5,20,11,"",0.0000039,0,0,0,0,0,0,0,0,0,0,0,0,0,0,0,0,0,0,0,0,169.399,0,52.629,-222.028
"MtrElec",5,20,12,"",-2.65077,0,0,0,0,0,0,0,0,0,0,0,0,0,0,0,0,0,0,0,0,150.949,0,94.4224,-248.022
"MtrElec",5,20,13,"",-39.2911,0,0,0,0,0,0,0,0,0,0,0,0,0,0,0,0,0,0,0,0,125.103,0,94.4224,-258.816
"MtrElec",5,20,14,"",-63.3432,0,0,0,0,0,0,0,0,0,0,0,0,0,0,0,0,0,0,0,0,120.846,0,76.4939,-260.683
"MtrElec",5,20,15,"",-126.467,0,0,0,0,0,0,0,0,0,0,0,0,0,0,0,0,0,0,0,0,116.235,0,0,-242.702
"MtrElec",5,20,16,"",-70.5804,0,0,0,0,0,0,0,0,0,0,0,0,0,0,0,0,0,0,0,0,139.647,0,0,-210.227
"MtrElec",5,20,17,"",-4.04866,0,0,0,0,0,0,0,0,0,0,0,0,0,0,0,0,0,0,0,0,155.048,0,0,-159.096
"MtrElec",5,20,18,"",77.4673,0,0,0,0,0,0,0,0,0,0,0,0,0,0,0,0,0,0,0,0,170.407,0,0,-92.9394
"MtrElec",5,20,19,"",84.0773,0,0,0,0,0,0,0,0,0,0,0,0,0,0,0,0,0,0,0,0,207.753,0,-94.4224,-29.2532
"MtrElec",5,20,20,"",62.169,0,0,0,0,0,0,0,0,0,0,0,0,0,0,0,0,0,0,0,0,160.642,0,-94.4224,-4.05077
"MtrElec",5,20,21,"",96.0685,0,0,0,0,0,0,0,0,0,0,0,0,0,0,0,0,0,0,0,0,190.491,0,-94.4224,0
"MtrElec",5,20,22,"",87.3364,0,0,0,0,0,0,0,0,0,0,0,0,0,0,0,0,0,0,0,0,122.018,0,-34.6821,0
"MtrElec",5,20,23,"",155.076,0,0,0,0,0,0,0,0,0,0,0,0,0,0,0,0,0,0,0,0,155.076,0,0,0
"MtrElec",5,20,24,"",114.616,0,0,0,0,0,0,0,0,0,0,0,0,0,0,0,0,0,0,0,0,114.616,0,0,0
"MtrElec",5,21,1,"",88.0039,0,0,0,0,0,0,0,0,0,0,0,0,0,0,0,0,0,0,0,0,88.0039,0,0,0
"MtrElec",5,21,2,"",66.3654,0,0,0,0,0,0,0,0,0,0,0,0,0,0,0,0,0,0,0,0,66.3654,0,0,0
"MtrElec",5,21,3,"",62.3313,0,0,0,0,0,0,0,0,0,0,0,0,0,0,0,0,0,0,0,0,62.3313,0,0,0
"MtrElec",5,21,4,"",60.0745,0,0,0,0,0,0,0,0,0,0,0,0,0,0,0,0,0,0,0,0,60.0745,0,0,0
"MtrElec",5,21,5,"",58.3612,0,0,0,0,0,0,0,0,0,0,0,0,0,0,0,0,0,0,0,0,58.3612,0,0,0
"MtrElec",5,21,6,"",87.0324,0,0,0,0,0,0,0,0,0,0,0,0,0,0,0,0,0,0,0,0,87.0324,0,0,0
"MtrElec",5,21,7,"",86.749,0,0,0,0,0,0,0,0,0,0,0,0,0,0,0,0,0,0,0,0,98.531,0,0,-11.782
"MtrElec",5,21,8,"",89.3282,0,0,0,0,0,0,0,0,0,0,0,0,0,0,0,0,0,0,0,0,142.218,0,0,-52.8894
"MtrElec",5,21,9,"",13.4025,0,0,0,0,0,0,0,0,0,0,0,0,0,0,0,0,0,0,0,0,133.042,0,0,-119.64
"MtrElec",5,21,10,"",0,0,0,0,0,0,0,0,0,0,0,0,0,0,0,0,0,0,0,0,0,156.296,0,20.5207,-176.816
"MtrElec",5,21,11,"",0.0000039,0,0,0,0,0,0,0,0,0,0,0,0,0,0,0,0,0,0,0,0,157.896,0,63.0659,-220.962
"MtrElec",5,21,12,"",0.0000078,0,0,0,0,0,0,0,0,0,0,0,0,0,0,0,0,0,0,0,0,181.29,0,70.125,-251.415
"MtrElec",5,21,13,"",0,0,0,0,0,0,0,0,0,0,0,0,0,0,0,0,0,0,0,0,0,175.374,0,91.5262,-266.9
"MtrElec",5,21,14,"",-26.6772,0,0,0,0,0,0,0,0,0,0,0,0,0,0,0,0,0,0,0,0,146.314,0,94.4224,-267.413
"MtrElec",5,21,15,"",-99.3786,0,0,0,0,0,0,0,0,0,0,0,0,0,0,0,0,0,0,0,0,137.587,0,12.6383,-249.604
"MtrElec",5,21,16,"",-39.1453,0,0,0,0,0,0,0,0,0,0,0,0,0,0,0,0,0,0,0,0,173.751,0,0,-212.896
"MtrElec",5,21,17,"",11.9081,0,0,0,0,0,0,0,0,0,0,0,0,0,0,0,0,0,0,0,0,171.827,0,0,-159.919
"MtrElec",5,21,18,"",95.6085,0,0,0,0,0,0,0,0,0,0,0,0,0,0,0,0,0,0,0,0,190.498,0,0,-94.8892
"MtrElec",5,21,19,"",80.3665,0,0,0,0,0,0,0,0,0,0,0,0,0,0,0,0,0,0,0,0,204.116,0,-94.4224,-29.3273
"MtrElec",5,21,20,"",140.052,0,0,0,0,0,0,0,0,0,0,0,0,0,0,0,0,0,0,0,0,238.817,0,-94.4224,-4.34223
"MtrElec",5,21,21,"",57.0486,0,0,0,0,0,0,0,0,0,0,0,0,0,0,0,0,0,0,0,0,151.471,0,-94.4224,0
"MtrElec",5,21,22,"",126.307,0,0,0,0,0,0,0,0,0,0,0,0,0,0,0,0,0,0,0,0,160.989,0,-34.6821,0
"MtrElec",5,21,23,"",146.585,0,0,0,0,0,0,0,0,0,0,0,0,0,0,0,0,0,0,0,0,146.585,0,0,0
"MtrElec",5,21,24,"",143.611,0,0,0,0,0,0,0,0,0,0,0,0,0,0,0,0,0,0,0,0,143.611,0,0,0
"MtrElec",5,22,1,"",78.1595,0,0,0,0,0,0,0,0,0,0,0,0,0,0,0,0,0,0,0,0,78.1595,0,0,0
"MtrElec",5,22,2,"",66.258,0,0,0,0,0,0,0,0,0,0,0,0,0,0,0,0,0,0,0,0,66.258,0,0,0
"MtrElec",5,22,3,"",61.2755,0,0,0,0,0,0,0,0,0,0,0,0,0,0,0,0,0,0,0,0,61.2755,0,0,0
"MtrElec",5,22,4,"",59.319,0,0,0,0,0,0,0,0,0,0,0,0,0,0,0,0,0,0,0,0,59.319,0,0,0
"MtrElec",5,22,5,"",58.046,0,0,0,0,0,0,0,0,0,0,0,0,0,0,0,0,0,0,0,0,58.046,0,0,0
"MtrElec",5,22,6,"",61.7724,0,0,0,0,0,0,0,0,0,0,0,0,0,0,0,0,0,0,0,0,61.7724,0,0,0
"MtrElec",5,22,7,"",84.0821,0,0,0,0,0,0,0,0,0,0,0,0,0,0,0,0,0,0,0,0,95.4526,0,0,-11.3704
"MtrElec",5,22,8,"",87.1316,0,0,0,0,0,0,0,0,0,0,0,0,0,0,0,0,0,0,0,0,140.058,0,0,-52.9265
"MtrElec",5,22,9,"",26.7495,0,0,0,0,0,0,0,0,0,0,0,0,0,0,0,0,0,0,0,0,148.376,0,0,-121.626
"MtrElec",5,22,10,"",0,0,0,0,0,0,0,0,0,0,0,0,0,0,0,0,0,0,0,0,0,161.958,0,20.8965,-182.854
"MtrElec",5,22,11,"",0,0,0,0,0,0,0,0,0,0,0,0,0,0,0,0,0,0,0,0,0,187.031,0,39.2361,-226.267
"MtrElec",5,22,12,"",0,0,0,0,0,0,0,0,0,0,0,0,0,0,0,0,0,0,0,0,0,173.669,0,81.7651,-255.434
"MtrElec",5,22,13,"",-4.03979,0,0,0,0,0,0,0,0,0,0,0,0,0,0,0,0,0,0,0,0,168.493,0,94.4224,-266.955
"MtrElec",5,22,14,"",-58.4415,0,0,0,0,0,0,0,0,0,0,0,0,0,0,0,0,0,0,0,0,108.372,0,94.4224,-261.236
"MtrElec",5,22,15,"",-70.4565,0,0,0,0,0,0,0,0,0,0,0,0,0,0,0,0,0,0,0,0,150.421,0,21.5558,-242.434
"MtrElec",5,22,16,"",-66.5758,0,0,0,0,0,0,0,0,0,0,0,0,0,0,0,0,0,0,0,0,139.941,0,0,-206.517
"MtrElec",5,22,17,"",40.5365,0,0,0,0,0,0,0,0,0,0,0,0,0,0,0,0,0,0,0,0,196.277,0,0,-155.74
"MtrElec",5,22,18,"",76.4014,0,0,0,0,0,0,0,0,0,0,0,0,0,0,0,0,0,0,0,0,168.533,0,0,-92.1317
"MtrElec",5,22,19,"",79.5928,0,0,0,0,0,0,0,0,0,0,0,0,0,0,0,0,0,0,0,0,203.904,0,-94.4224,-29.8884
"MtrElec",5,22,20,"",84.8685,0,0,0,0,0,0,0,0,0,0,0,0,0,0,0,0,0,0,0,0,183.614,0,-94.4224,-4.32318
"MtrElec",5,22,21,"",109.447,0,0,0,0,0,0,0,0,0,0,0,0,0,0,0,0,0,0,0,0,203.87,0,-94.4224,0
"MtrElec",5,22,22,"",124.154,0,0,0,0,0,0,0,0,0,0,0,0,0,0,0,0,0,0,0,0,158.836,0,-34.6821,0
"MtrElec",5,22,23,"",153.686,0,0,0,0,0,0,0,0,0,0,0,0,0,0,0,0,0,0,0,0,153.686,0,0,0
"MtrElec",5,22,24,"",105.13,0,0,0,0,0,0,0,0,0,0,0,0,0,0,0,0,0,0,0,0,105.13,0,0,0
"MtrElec",5,23,1,"",85.4649,0,0,0,0,0,0,0,0,0,0,0,0,0,0,0,0,0,0,0,0,85.4649,0,0,0
"MtrElec",5,23,2,"",65.7226,0,0,0,0,0,0,0,0,0,0,0,0,0,0,0,0,0,0,0,0,65.7226,0,0,0
"MtrElec",5,23,3,"",61.452,0,0,0,0,0,0,0,0,0,0,0,0,0,0,0,0,0,0,0,0,61.452,0,0,0
"MtrElec",5,23,4,"",59.9117,0,0,0,0,0,0,0,0,0,0,0,0,0,0,0,0,0,0,0,0,59.9117,0,0,0
"MtrElec",5,23,5,"",58.2882,0,0,0,0,0,0,0,0,0,0,0,0,0,0,0,0,0,0,0,0,58.2882,0,0,0
"MtrElec",5,23,6,"",60.2956,0,0,0,0,0,0,0,0,0,0,0,0,0,0,0,0,0,0,0,0,60.2956,0,0,0
"MtrElec",5,23,7,"",64.9303,0,0,0,0,0,0,0,0,0,0,0,0,0,0,0,0,0,0,0,0,77.241,0,0,-12.3107
"MtrElec",5,23,8,"",63.8514,0,0,0,0,0,0,0,0,0,0,0,0,0,0,0,0,0,0,0,0,116.564,0,0,-52.7127
"MtrElec",5,23,9,"",3.08432,0,0,0,0,0,0,0,0,0,0,0,0,0,0,0,0,0,0,0,0,121.584,0,0,-118.499
"MtrElec",5,23,10,"",0,0,0,0,0,0,0,0,0,0,0,0,0,0,0,0,0,0,0,0,0,168.526,0,9.03747,-177.563
"MtrElec",5,23,11,"",0,0,0,0,0,0,0,0,0,0,0,0,0,0,0,0,0,0,0,0,0,170.267,0,52.0252,-222.293
"MtrElec",5,23,12,"",0,0,0,0,0,0,0,0,0,0,0,0,0,0,0,0,0,0,0,0,0,190,0,63.6162,-253.616
"MtrElec",5,23,13,"",0.0000078,0,0,0,0,0,0,0,0,0,0,0,0,0,0,0,0,0,0,0,0,187.783,0,83.2718,-271.055
"MtrElec",5,23,14,"",0,0,0,0,0,0,0,0,0,0,0,0,0,0,0,0,0,0,0,0,0,177.744,0,92.1561,-269.9
"MtrElec",5,23,15,"",-3.23631,0,0,0,0,0,0,0,0,0,0,0,0,0,0,0,0,0,0,0,0,193.78,0,52.1918,-249.208
"MtrElec",5,23,16,"",-61.5959,0,0,0,0,0,0,0,0,0,0,0,0,0,0,0,0,0,0,0,0,151.984,0,0,-213.58
"MtrElec",5,23,17,"",2.71523,0,0,0,0,0,0,0,0,0,0,0,0,0,0,0,0,0,0,0,0,163.421,0,0,-160.706
"MtrElec",5,23,18,"",88.0802,0,0,0,0,0,0,0,0,0,0,0,0,0,0,0,0,0,0,0,0,183.115,0,0,-95.0347
"MtrElec",5,23,19,"",110.843,0,0,0,0,0,0,0,0,0,0,0,0,0,0,0,0,0,0,0,0,235.026,0,-94.4224,-29.7603
"MtrElec",5,23,20,"",91.5961,0,0,0,0,0,0,0,0,0,0,0,0,0,0,0,0,0,0,0,0,190.578,0,-94.4224,-4.55976
"MtrElec",5,23,21,"",92.7505,0,0,0,0,0,0,0,0,0,0,0,0,0,0,0,0,0,0,0,0,187.173,0,-94.4224,0
"MtrElec",5,23,22,"",108.886,0,0,0,0,0,0,0,0,0,0,0,0,0,0,0,0,0,0,0,0,143.568,0,-34.6821,0
"MtrElec",5,23,23,"",151.751,0,0,0,0,0,0,0,0,0,0,0,0,0,0,0,0,0,0,0,0,151.751,0,0,0
"MtrElec",5,23,24,"",97.6913,0,0,0,0,0,0,0,0,0,0,0,0,0,0,0,0,0,0,0,0,97.6913,0,0,0
"MtrElec",5,24,1,"",79.0023,0,0,0,0,0,0,0,0,0,0,0,0,0,0,0,0,0,0,0,0,79.0023,0,0,0
"MtrElec",5,24,2,"",64.7027,0,0,0,0,0,0,0,0,0,0,0,0,0,0,0,0,0,0,0,0,64.7027,0,0,0
"MtrElec",5,24,3,"",61.7099,0,0,0,0,0,0,0,0,0,0,0,0,0,0,0,0,0,0,0,0,61.7099,0,0,0
"MtrElec",5,24,4,"",59.9394,0,0,0,0,0,0,0,0,0,0,0,0,0,0,0,0,0,0,0,0,59.9394,0,0,0
"MtrElec",5,24,5,"",57.7269,0,0,0,0,0,0,0,0,0,0,0,0,0,0,0,0,0,0,0,0,57.7269,0,0,0
"MtrElec",5,24,6,"",60.2925,0,0,0,0,0,0,0,0,0,0,0,0,0,0,0,0,0,0,0,0,60.2925,0,0,0
"MtrElec",5,24,7,"",69.8611,0,0,0,0,0,0,0,0,0,0,0,0,0,0,0,0,0,0,0,0,87.3733,0,0,-17.5122
"MtrElec",5,24,8,"",28.3604,0,0,0,0,0,0,0,0,0,0,0,0,0,0,0,0,0,0,0,0,93.2374,0,0,-64.877
"MtrElec",5,24,9,"",8.45034,0,0,0,0,0,0,0,0,0,0,0,0,0,0,0,0,0,0,0,0,126.61,0,0,-118.16
"MtrElec",5,24,10,"",0,0,0,0,0,0,0,0,0,0,0,0,0,0,0,0,0,0,0,0,0,135.981,0,40.5725,-176.553
"MtrElec",5,24,11,"",0.0000039,0,0,0,0,0,0,0,0,0,0,0,0,0,0,0,0,0,0,0,0,155.633,0,57.8449,-213.478
"MtrElec",5,24,12,"",0,0,0,0,0,0,0,0,0,0,0,0,0,0,0,0,0,0,0,0,0,186.146,0,60.3282,-246.474
"MtrElec",5,24,13,"",-17.1066,0,0,0,0,0,0,0,0,0,0,0,0,0,0,0,0,0,0,0,0,163.413,0,94.4224,-274.942
"MtrElec",5,24,14,"",-30.6622,0,0,0,0,0,0,0,0,0,0,0,0,0,0,0,0,0,0,0,0,145.797,0,94.4224,-270.881
"MtrElec",5,24,15,"",-122.685,0,0,0,0,0,0,0,0,0,0,0,0,0,0,0,0,0,0,0,0,123.443,0,4.70804,-250.837
"MtrElec",5,24,16,"",-100.609,0,0,0,0,0,0,0,0,0,0,0,0,0,0,0,0,0,0,0,0,114.871,0,0,-215.48
"MtrElec",5,24,17,"",-8.38766,0,0,0,0,0,0,0,0,0,0,0,0,0,0,0,0,0,0,0,0,154.918,0,0,-163.305
"MtrElec",5,24,18,"",60.0576,0,0,0,0,0,0,0,0,0,0,0,0,0,0,0,0,0,0,0,0,157.719,0,0,-97.6614
"MtrElec",5,24,19,"",93.5125,0,0,0,0,0,0,0,0,0,0,0,0,0,0,0,0,0,0,0,0,218.664,0,-94.4224,-30.7286
"MtrElec",5,24,20,"",47.1987,0,0,0,0,0,0,0,0,0,0,0,0,0,0,0,0,0,0,0,0,146.335,0,-94.4224,-4.71391
"MtrElec",5,24,21,"",97.2648,0,0,0,0,0,0,0,0,0,0,0,0,0,0,0,0,0,0,0,0,191.687,0,-94.4224,0
"MtrElec",5,24,22,"",131.912,0,0,0,0,0,0,0,0,0,0,0,0,0,0,0,0,0,0,0,0,166.594,0,-34.6821,0
"MtrElec",5,24,23,"",85.0466,0,0,0,0,0,0,0,0,0,0,0,0,0,0,0,0,0,0,0,0,85.0466,0,0,0
"MtrElec",5,24,24,"",71.0367,0,0,0,0,0,0,0,0,0,0,0,0,0,0,0,0,0,0,0,0,71.0367,0,0,0
"MtrElec",5,25,1,"",63.4863,0,0,0,0,0,0,0,0,0,0,0,0,0,0,0,0,0,0,0,0,63.4863,0,0,0
"MtrElec",5,25,2,"",63.2177,0,0,0,0,0,0,0,0,0,0,0,0,0,0,0,0,0,0,0,0,63.2177,0,0,0
"MtrElec",5,25,3,"",59.3334,0,0,0,0,0,0,0,0,0,0,0,0,0,0,0,0,0,0,0,0,59.3334,0,0,0
"MtrElec",5,25,4,"",86.0361,0,0,0,0,0,0,0,0,0,0,0,0,0,0,0,0,0,0,0,0,86.0361,0,0,0
"MtrElec",5,25,5,"",57.4464,0,0,0,0,0,0,0,0,0,0,0,0,0,0,0,0,0,0,0,0,57.4464,0,0,0
"MtrElec",5,25,6,"",60.2314,0,0,0,0,0,0,0,0,0,0,0,0,0,0,0,0,0,0,0,0,60.2314,0,0,0
"MtrElec",5,25,7,"",75.7008,0,0,0,0,0,0,0,0,0,0,0,0,0,0,0,0,0,0,0,0,93.5459,0,0,-17.8451
"MtrElec",5,25,8,"",95.3816,0,0,0,0,0,0,0,0,0,0,0,0,0,0,0,0,0,0,0,0,124.698,0,0,-29.3168
"MtrElec",5,25,9,"",64.5575,0,0,0,0,0,0,0,0,0,0,0,0,0,0,0,0,0,0,0,0,147.89,0,0,-83.3321
"MtrElec",5,25,10,"",82.7314,0,0,0,0,0,0,0,0,0,0,0,0,0,0,0,0,0,0,0,0,190.1,0,0,-107.368
"MtrElec",5,25,11,"",34.2705,0,0,0,0,0,0,0,0,0,0,0,0,0,0,0,0,0,0,0,0,187.893,0,0,-153.622
"MtrElec",5,25,12,"",0,0,0,0,0,0,0,0,0,0,0,0,0,0,0,0,0,0,0,0,0,202.591,0,62.6276,-265.219
"MtrElec",5,25,13,"",0.0000078,0,0,0,0,0,0,0,0,0,0,0,0,0,0,0,0,0,0,0,0,186.679,0,94.4142,-281.093
"MtrElec",5,25,14,"",-53.0123,0,0,0,0,0,0,0,0,0,0,0,0,0,0,0,0,0,0,0,0,131.742,0,94.4224,-279.177
"MtrElec",5,25,15,"",-45.9555,0,0,0,0,0,0,0,0,0,0,0,0,0,0,0,0,0,0,0,0,118.776,0,94.4224,-259.154
"MtrElec",5,25,16,"",-111.346,0,0,0,0,0,0,0,0,0,0,0,0,0,0,0,0,0,0,0,0,104.399,0,6.4118,-222.156
"MtrElec",5,25,17,"",-26.4794,0,0,0,0,0,0,0,0,0,0,0,0,0,0,0,0,0,0,0,0,141.943,0,0,-168.422
"MtrElec",5,25,18,"",78.9933,0,0,0,0,0,0,0,0,0,0,0,0,0,0,0,0,0,0,0,0,179.512,0,0,-100.518
"MtrElec",5,25,19,"",42.8176,0,0,0,0,0,0,0,0,0,0,0,0,0,0,0,0,0,0,0,0,169.166,0,-94.4224,-31.9257
"MtrElec",5,25,20,"",38.4679,0,0,0,0,0,0,0,0,0,0,0,0,0,0,0,0,0,0,0,0,137.731,0,-94.4224,-4.84105
"MtrElec",5,25,21,"",23.1272,0,0,0,0,0,0,0,0,0,0,0,0,0,0,0,0,0,0,0,0,117.55,0,-94.4224,0
"MtrElec",5,25,22,"",85.0755,0,0,0,0,0,0,0,0,0,0,0,0,0,0,0,0,0,0,0,0,119.758,0,-34.6821,0
"MtrElec",5,25,23,"",99.8095,0,0,0,0,0,0,0,0,0,0,0,0,0,0,0,0,0,0,0,0,99.8095,0,0,0
"MtrElec",5,25,24,"",121.179,0,0,0,0,0,0,0,0,0,0,0,0,0,0,0,0,0,0,0,0,121.179,0,0,0
"MtrElec",5,26,1,"",62.8595,0,0,0,0,0,0,0,0,0,0,0,0,0,0,0,0,0,0,0,0,62.8595,0,0,0
"MtrElec",5,26,2,"",59.6787,0,0,0,0,0,0,0,0,0,0,0,0,0,0,0,0,0,0,0,0,59.6787,0,0,0
"MtrElec",5,26,3,"",58.1125,0,0,0,0,0,0,0,0,0,0,0,0,0,0,0,0,0,0,0,0,58.1125,0,0,0
"MtrElec",5,26,4,"",58.033,0,0,0,0,0,0,0,0,0,0,0,0,0,0,0,0,0,0,0,0,58.033,0,0,0
"MtrElec",5,26,5,"",57.3949,0,0,0,0,0,0,0,0,0,0,0,0,0,0,0,0,0,0,0,0,57.3949,0,0,0
"MtrElec",5,26,6,"",61.5362,0,0,0,0,0,0,0,0,0,0,0,0,0,0,0,0,0,0,0,0,61.5362,0,0,0
"MtrElec",5,26,7,"",82.56,0,0,0,0,0,0,0,0,0,0,0,0,0,0,0,0,0,0,0,0,93.68,0,0,-11.12
"MtrElec",5,26,8,"",89.1333,0,0,0,0,0,0,0,0,0,0,0,0,0,0,0,0,0,0,0,0,127.903,0,0,-38.77
"MtrElec",5,26,9,"",56.6486,0,0,0,0,0,0,0,0,0,0,0,0,0,0,0,0,0,0,0,0,140.098,0,0,-83.4491
"MtrElec",5,26,10,"",0,0,0,0,0,0,0,0,0,0,0,0,0,0,0,0,0,0,0,0,0,99.7959,0,65.3378,-165.134
"MtrElec",5,26,11,"",0.0000020,0,0,0,0,0,0,0,0,0,0,0,0,0,0,0,0,0,0,0,0,149.354,0,32.0947,-181.448
"MtrElec",5,26,12,"",-74.2799,0,0,0,0,0,0,0,0,0,0,0,0,0,0,0,0,0,0,0,0,94.8005,0,94.4224,-263.503
"MtrElec",5,26,13,"",-24.6351,0,0,0,0,0,0,0,0,0,0,0,0,0,0,0,0,0,0,0,0,156.755,0,94.4224,-275.813
"MtrElec",5,26,14,"",-125.548,0,0,0,0,0,0,0,0,0,0,0,0,0,0,0,0,0,0,0,0,74.6573,0,66.0212,-266.226
"MtrElec",5,26,15,"",-163.527,0,0,0,0,0,0,0,0,0,0,0,0,0,0,0,0,0,0,0,0,81.8671,0,0,-245.394
"MtrElec",5,26,16,"",-112.299,0,0,0,0,0,0,0,0,0,0,0,0,0,0,0,0,0,0,0,0,103.284,0,0,-215.583
"MtrElec",5,26,17,"",-50.8588,0,0,0,0,0,0,0,0,0,0,0,0,0,0,0,0,0,0,0,0,114.467,0,0,-165.326
"MtrElec",5,26,18,"",6.82223,0,0,0,0,0,0,0,0,0,0,0,0,0,0,0,0,0,0,0,0,105.438,0,0,-98.6156
"MtrElec",5,26,19,"",9.44321,0,0,0,0,0,0,0,0,0,0,0,0,0,0,0,0,0,0,0,0,135.882,0,-94.4224,-32.016
"MtrElec",5,26,20,"",63.0388,0,0,0,0,0,0,0,0,0,0,0,0,0,0,0,0,0,0,0,0,162.234,0,-94.4224,-4.77273
"MtrElec",5,26,21,"",77.4245,0,0,0,0,0,0,0,0,0,0,0,0,0,0,0,0,0,0,0,0,171.847,0,-94.4224,0
"MtrElec",5,26,22,"",80.1791,0,0,0,0,0,0,0,0,0,0,0,0,0,0,0,0,0,0,0,0,114.861,0,-34.6821,0
"MtrElec",5,26,23,"",107.272,0,0,0,0,0,0,0,0,0,0,0,0,0,0,0,0,0,0,0,0,107.272,0,0,0
"MtrElec",5,26,24,"",101.312,0,0,0,0,0,0,0,0,0,0,0,0,0,0,0,0,0,0,0,0,101.312,0,0,0
"MtrElec",5,27,1,"",62.898,0,0,0,0,0,0,0,0,0,0,0,0,0,0,0,0,0,0,0,0,62.898,0,0,0
"MtrElec",5,27,2,"",59.6995,0,0,0,0,0,0,0,0,0,0,0,0,0,0,0,0,0,0,0,0,59.6995,0,0,0
"MtrElec",5,27,3,"",58.118,0,0,0,0,0,0,0,0,0,0,0,0,0,0,0,0,0,0,0,0,58.118,0,0,0
"MtrElec",5,27,4,"",58.0388,0,0,0,0,0,0,0,0,0,0,0,0,0,0,0,0,0,0,0,0,58.0388,0,0,0
"MtrElec",5,27,5,"",57.4017,0,0,0,0,0,0,0,0,0,0,0,0,0,0,0,0,0,0,0,0,57.4017,0,0,0
"MtrElec",5,27,6,"",63.0328,0,0,0,0,0,0,0,0,0,0,0,0,0,0,0,0,0,0,0,0,63.0328,0,0,0
"MtrElec",5,27,7,"",100.282,0,0,0,0,0,0,0,0,0,0,0,0,0,0,0,0,0,0,0,0,118.346,0,0,-18.0635
"MtrElec",5,27,8,"",88.4133,0,0,0,0,0,0,0,0,0,0,0,0,0,0,0,0,0,0,0,0,132.496,0,0,-44.0825
"MtrElec",5,27,9,"",48.8321,0,0,0,0,0,0,0,0,0,0,0,0,0,0,0,0,0,0,0,0,120.174,0,0,-71.3414
"MtrElec",5,27,10,"",24.8478,0,0,0,0,0,0,0,0,0,0,0,0,0,0,0,0,0,0,0,0,165.743,0,0,-140.895
"MtrElec",5,27,11,"",0,0,0,0,0,0,0,0,0,0,0,0,0,0,0,0,0,0,0,0,0,164.161,0,66.4755,-230.637
"MtrElec",5,27,12,"",-57.8586,0,0,0,0,0,0,0,0,0,0,0,0,0,0,0,0,0,0,0,0,108.032,0,94.4224,-260.313
"MtrElec",5,27,13,"",-56.3579,0,0,0,0,0,0,0,0,0,0,0,0,0,0,0,0,0,0,0,0,121.443,0,94.4224,-272.224
"MtrElec",5,27,14,"",-99.0279,0,0,0,0,0,0,0,0,0,0,0,0,0,0,0,0,0,0,0,0,71.6491,0,94.4224,-265.099
"MtrElec",5,27,15,"",-157.883,0,0,0,0,0,0,0,0,0,0,0,0,0,0,0,0,0,0,0,0,87.1966,0,2.55572,-247.636
"MtrElec",5,27,16,"",-125.663,0,0,0,0,0,0,0,0,0,0,0,0,0,0,0,0,0,0,0,0,89.7171,0,0,-215.38
"MtrElec",5,27,17,"",-54.6052,0,0,0,0,0,0,0,0,0,0,0,0,0,0,0,0,0,0,0,0,109.984,0,0,-164.589
"MtrElec",5,27,18,"",39.3971,0,0,0,0,0,0,0,0,0,0,0,0,0,0,0,0,0,0,0,0,138.158,0,0,-98.7611
"MtrElec",5,27,19,"",22.3307,0,0,0,0,0,0,0,0,0,0,0,0,0,0,0,0,0,0,0,0,148.624,0,-94.4224,-31.8705
"MtrElec",5,27,20,"",82.9834,0,0,0,0,0,0,0,0,0,0,0,0,0,0,0,0,0,0,0,0,182.366,0,-94.4224,-4.96005
"MtrElec",5,27,21,"",74.3748,0,0,0,0,0,0,0,0,0,0,0,0,0,0,0,0,0,0,0,0,168.797,0,-94.4224,0
"MtrElec",5,27,22,"",92.1229,0,0,0,0,0,0,0,0,0,0,0,0,0,0,0,0,0,0,0,0,126.805,0,-34.6821,0
"MtrElec",5,27,23,"",113.55,0,0,0,0,0,0,0,0,0,0,0,0,0,0,0,0,0,0,0,0,113.55,0,0,0
"MtrElec",5,27,24,"",122.729,0,0,0,0,0,0,0,0,0,0,0,0,0,0,0,0,0,0,0,0,122.729,0,0,0
"MtrElec",5,28,1,"",63.0772,0,0,0,0,0,0,0,0,0,0,0,0,0,0,0,0,0,0,0,0,63.0772,0,0,0
"MtrElec",5,28,2,"",61.4618,0,0,0,0,0,0,0,0,0,0,0,0,0,0,0,0,0,0,0,0,61.4618,0,0,0
"MtrElec",5,28,3,"",62.1211,0,0,0,0,0,0,0,0,0,0,0,0,0,0,0,0,0,0,0,0,62.1211,0,0,0
"MtrElec",5,28,4,"",61.9123,0,0,0,0,0,0,0,0,0,0,0,0,0,0,0,0,0,0,0,0,61.9123,0,0,0
"MtrElec",5,28,5,"",61.6441,0,0,0,0,0,0,0,0,0,0,0,0,0,0,0,0,0,0,0,0,61.6441,0,0,0
"MtrElec",5,28,6,"",62.3367,0,0,0,0,0,0,0,0,0,0,0,0,0,0,0,0,0,0,0,0,62.3367,0,0,0
"MtrElec",5,28,7,"",100.296,0,0,0,0,0,0,0,0,0,0,0,0,0,0,0,0,0,0,0,0,113.069,0,0,-12.7739
"MtrElec",5,28,8,"",86.0241,0,0,0,0,0,0,0,0,0,0,0,0,0,0,0,0,0,0,0,0,140.878,0,0,-54.8539
"MtrElec",5,28,9,"",0,0,0,0,0,0,0,0,0,0,0,0,0,0,0,0,0,0,0,0,0,108.159,0,14.8304,-122.99
"MtrElec",5,28,10,"",0,0,0,0,0,0,0,0,0,0,0,0,0,0,0,0,0,0,0,0,0,133.79,0,49.1437,-182.934
"MtrElec",5,28,11,"",-3.10218,0,0,0,0,0,0,0,0,0,0,0,0,0,0,0,0,0,0,0,0,126.407,0,94.4224,-223.931
"MtrElec",5,28,12,"",-24.5659,0,0,0,0,0,0,0,0,0,0,0,0,0,0,0,0,0,0,0,0,135.278,0,94.4224,-254.266
"MtrElec",5,28,13,"",-82.6637,0,0,0,0,0,0,0,0,0,0,0,0,0,0,0,0,0,0,0,0,92.6509,0,94.4224,-269.737
"MtrElec",5,28,14,"",-159.178,0,0,0,0,0,0,0,0,0,0,0,0,0,0,0,0,0,0,0,0,101.999,0,5.05708,-266.233
"MtrElec",5,28,15,"",-137.308,0,0,0,0,0,0,0,0,0,0,0,0,0,0,0,0,0,0,0,0,109.681,0,0,-246.989
"MtrElec",5,28,16,"",-92.5302,0,0,0,0,0,0,0,0,0,0,0,0,0,0,0,0,0,0,0,0,119.598,0,0,-212.128
"MtrElec",5,28,17,"",7.90891,0,0,0,0,0,0,0,0,0,0,0,0,0,0,0,0,0,0,0,0,168.424,0,0,-160.515
"MtrElec",5,28,18,"",54.331,0,0,0,0,0,0,0,0,0,0,0,0,0,0,0,0,0,0,0,0,149.577,0,0,-95.246
"MtrElec",5,28,19,"",73.6091,0,0,0,0,0,0,0,0,0,0,0,0,0,0,0,0,0,0,0,0,199.91,0,-94.4224,-31.879
"MtrElec",5,28,20,"",60.3257,0,0,0,0,0,0,0,0,0,0,0,0,0,0,0,0,0,0,0,0,159.841,0,-94.4224,-5.09257
"MtrElec",5,28,21,"",66.1119,0,0,0,0,0,0,0,0,0,0,0,0,0,0,0,0,0,0,0,0,160.534,0,-94.4224,0
"MtrElec",5,28,22,"",106.449,0,0,0,0,0,0,0,0,0,0,0,0,0,0,0,0,0,0,0,0,141.132,0,-34.6821,0
"MtrElec",5,28,23,"",143.871,0,0,0,0,0,0,0,0,0,0,0,0,0,0,0,0,0,0,0,0,143.871,0,0,0
"MtrElec",5,28,24,"",99.3632,0,0,0,0,0,0,0,0,0,0,0,0,0,0,0,0,0,0,0,0,99.3632,0,0,0
"MtrElec",5,29,1,"",72.2159,0,0,0,0,0,0,0,0,0,0,0,0,0,0,0,0,0,0,0,0,72.2159,0,0,0
"MtrElec",5,29,2,"",60.4102,0,0,0,0,0,0,0,0,0,0,0,0,0,0,0,0,0,0,0,0,60.4102,0,0,0
"MtrElec",5,29,3,"",58.4953,0,0,0,0,0,0,0,0,0,0,0,0,0,0,0,0,0,0,0,0,58.4953,0,0,0
"MtrElec",5,29,4,"",58.2404,0,0,0,0,0,0,0,0,0,0,0,0,0,0,0,0,0,0,0,0,58.2404,0,0,0
"MtrElec",5,29,5,"",87.4586,0,0,0,0,0,0,0,0,0,0,0,0,0,0,0,0,0,0,0,0,87.4586,0,0,0
"MtrElec",5,29,6,"",61.7041,0,0,0,0,0,0,0,0,0,0,0,0,0,0,0,0,0,0,0,0,61.7041,0,0,0
"MtrElec",5,29,7,"",60.7868,0,0,0,0,0,0,0,0,0,0,0,0,0,0,0,0,0,0,0,0,74.8753,0,0,-14.0885
"MtrElec",5,29,8,"",73.5994,0,0,0,0,0,0,0,0,0,0,0,0,0,0,0,0,0,0,0,0,128.784,0,0,-55.185
"MtrElec",5,29,9,"",36.4934,0,0,0,0,0,0,0,0,0,0,0,0,0,0,0,0,0,0,0,0,159.405,0,0,-122.911
"MtrElec",5,29,10,"",35.2279,0,0,0,0,0,0,0,0,0,0,0,0,0,0,0,0,0,0,0,0,208.959,0,0,-173.731
"MtrElec",5,29,11,"",0,0,0,0,0,0,0,0,0,0,0,0,0,0,0,0,0,0,0,0,0,208.034,0,8.02995,-216.064
"MtrElec",5,29,12,"",0,0,0,0,0,0,0,0,0,0,0,0,0,0,0,0,0,0,0,0,0,152.659,0,77.0545,-229.713
"MtrElec",5,29,13,"",-31.0523,0,0,0,0,0,0,0,0,0,0,0,0,0,0,0,0,0,0,0,0,146.096,0,94.4224,-271.57
"MtrElec",5,29,14,"",-57.3543,0,0,0,0,0,0,0,0,0,0,0,0,0,0,0,0,0,0,0,0,119.423,0,94.4224,-271.2
"MtrElec",5,29,15,"",-67.2064,0,0,0,0,0,0,0,0,0,0,0,0,0,0,0,0,0,0,0,0,102.422,0,78.3692,-247.997
"MtrElec",5,29,16,"",-76.9072,0,0,0,0,0,0,0,0,0,0,0,0,0,0,0,0,0,0,0,0,131.591,0,0,-208.498
"MtrElec",5,29,17,"",-10.7587,0,0,0,0,0,0,0,0,0,0,0,0,0,0,0,0,0,0,0,0,146.215,0,0,-156.974
"MtrElec",5,29,18,"",69.8121,0,0,0,0,0,0,0,0,0,0,0,0,0,0,0,0,0,0,0,0,164.442,0,0,-94.6298
"MtrElec",5,29,19,"",48.1141,0,0,0,0,0,0,0,0,0,0,0,0,0,0,0,0,0,0,0,0,175.289,0,-94.4224,-32.753
"MtrElec",5,29,20,"",89.0296,0,0,0,0,0,0,0,0,0,0,0,0,0,0,0,0,0,0,0,0,188.565,0,-94.4224,-5.11271
"MtrElec",5,29,21,"",64.1841,0,0,0,0,0,0,0,0,0,0,0,0,0,0,0,0,0,0,0,0,158.607,0,-94.4224,0
"MtrElec",5,29,22,"",124.704,0,0,0,0,0,0,0,0,0,0,0,0,0,0,0,0,0,0,0,0,159.386,0,-34.6821,0
"MtrElec",5,29,23,"",159.057,0,0,0,0,0,0,0,0,0,0,0,0,0,0,0,0,0,0,0,0,159.057,0,0,0
"MtrElec",5,29,24,"",100.405,0,0,0,0,0,0,0,0,0,0,0,0,0,0,0,0,0,0,0,0,100.405,0,0,0
"MtrElec",5,30,1,"",63.8111,0,0,0,0,0,0,0,0,0,0,0,0,0,0,0,0,0,0,0,0,63.8111,0,0,0
"MtrElec",5,30,2,"",60.3314,0,0,0,0,0,0,0,0,0,0,0,0,0,0,0,0,0,0,0,0,60.3314,0,0,0
"MtrElec",5,30,3,"",59.7387,0,0,0,0,0,0,0,0,0,0,0,0,0,0,0,0,0,0,0,0,59.7387,0,0,0
"MtrElec",5,30,4,"",60.1236,0,0,0,0,0,0,0,0,0,0,0,0,0,0,0,0,0,0,0,0,60.1236,0,0,0
"MtrElec",5,30,5,"",65.0443,0,0,0,0,0,0,0,0,0,0,0,0,0,0,0,0,0,0,0,0,65.0443,0,0,0
"MtrElec",5,30,6,"",89.3697,0,0,0,0,0,0,0,0,0,0,0,0,0,0,0,0,0,0,0,0,89.3697,0,0,0
"MtrElec",5,30,7,"",57.1387,0,0,0,0,0,0,0,0,0,0,0,0,0,0,0,0,0,0,0,0,68.9549,0,0,-11.8162
"MtrElec",5,30,8,"",68.6293,0,0,0,0,0,0,0,0,0,0,0,0,0,0,0,0,0,0,0,0,100.591,0,0,-31.962
"MtrElec",5,30,9,"",120.103,0,0,0,0,0,0,0,0,0,0,0,0,0,0,0,0,0,0,0,0,157.746,0,0,-37.6423
"MtrElec",5,30,10,"",56.805,0,0,0,0,0,0,0,0,0,0,0,0,0,0,0,0,0,0,0,0,178.932,0,0,-122.127
"MtrElec",5,30,11,"",0,0,0,0,0,0,0,0,0,0,0,0,0,0,0,0,0,0,0,0,0,170.907,0,21.4029,-192.31
"MtrElec",5,30,12,"",-13.5208,0,0,0,0,0,0,0,0,0,0,0,0,0,0,0,0,0,0,0,0,151.24,0,94.4224,-259.183
"MtrElec",5,30,13,"",-25.3161,0,0,0,0,0,0,0,0,0,0,0,0,0,0,0,0,0,0,0,0,145.672,0,94.4224,-265.411
"MtrElec",5,30,14,"",-15.2968,0,0,0,0,0,0,0,0,0,0,0,0,0,0,0,0,0,0,0,0,154.28,0,94.4224,-264
"MtrElec",5,30,15,"",-42.7466,0,0,0,0,0,0,0,0,0,0,0,0,0,0,0,0,0,0,0,0,158.973,0,47.6283,-249.348
"MtrElec",5,30,16,"",-79.3798,0,0,0,0,0,0,0,0,0,0,0,0,0,0,0,0,0,0,0,0,133.865,0,0,-213.245
"MtrElec",5,30,17,"",-40.4968,0,0,0,0,0,0,0,0,0,0,0,0,0,0,0,0,0,0,0,0,115.865,0,0,-156.362
"MtrElec",5,30,18,"",76.1618,0,0,0,0,0,0,0,0,0,0,0,0,0,0,0,0,0,0,0,0,166.143,0,0,-89.9811
"MtrElec",5,30,19,"",38.7679,0,0,0,0,0,0,0,0,0,0,0,0,0,0,0,0,0,0,0,0,164.974,0,-94.4224,-31.7832
"MtrElec",5,30,20,"",44.1369,0,0,0,0,0,0,0,0,0,0,0,0,0,0,0,0,0,0,0,0,144.123,0,-94.4224,-5.56396
"MtrElec",5,30,21,"",84.748,0,0,0,0,0,0,0,0,0,0,0,0,0,0,0,0,0,0,0,0,179.17,0,-94.4224,0
"MtrElec",5,30,22,"",135.283,0,0,0,0,0,0,0,0,0,0,0,0,0,0,0,0,0,0,0,0,169.966,0,-34.6821,0
"MtrElec",5,30,23,"",89.1695,0,0,0,0,0,0,0,0,0,0,0,0,0,0,0,0,0,0,0,0,89.1695,0,0,0
"MtrElec",5,30,24,"",86.1432,0,0,0,0,0,0,0,0,0,0,0,0,0,0,0,0,0,0,0,0,86.1432,0,0,0
"MtrElec",5,31,1,"",63.458,0,0,0,0,0,0,0,0,0,0,0,0,0,0,0,0,0,0,0,0,63.458,0,0,0
"MtrElec",5,31,2,"",60.3423,0,0,0,0,0,0,0,0,0,0,0,0,0,0,0,0,0,0,0,0,60.3423,0,0,0
"MtrElec",5,31,3,"",58.3292,0,0,0,0,0,0,0,0,0,0,0,0,0,0,0,0,0,0,0,0,58.3292,0,0,0
"MtrElec",5,31,4,"",84.3655,0,0,0,0,0,0,0,0,0,0,0,0,0,0,0,0,0,0,0,0,84.3655,0,0,0
"MtrElec",5,31,5,"",65.1667,0,0,0,0,0,0,0,0,0,0,0,0,0,0,0,0,0,0,0,0,65.1667,0,0,0
"MtrElec",5,31,6,"",60.413,0,0,0,0,0,0,0,0,0,0,0,0,0,0,0,0,0,0,0,0,60.413,0,0,0
"MtrElec",5,31,7,"",65.7557,0,0,0,0,0,0,0,0,0,0,0,0,0,0,0,0,0,0,0,0,65.7557,0,0,0
"MtrElec",5,31,8,"",91.8738,0,0,0,0,0,0,0,0,0,0,0,0,0,0,0,0,0,0,0,0,96.3496,0,0,-4.47581
"MtrElec",5,31,9,"",81.3876,0,0,0,0,0,0,0,0,0,0,0,0,0,0,0,0,0,0,0,0,116.085,0,0,-34.6978
"MtrElec",5,31,10,"",85.0935,0,0,0,0,0,0,0,0,0,0,0,0,0,0,0,0,0,0,0,0,145.705,0,0,-60.611
"MtrElec",5,31,11,"",11.8943,0,0,0,0,0,0,0,0,0,0,0,0,0,0,0,0,0,0,0,0,147.63,0,0,-135.735
"MtrElec",5,31,12,"",0,0,0,0,0,0,0,0,0,0,0,0,0,0,0,0,0,0,0,0,0,147.404,0,32.3752,-179.779
"MtrElec",5,31,13,"",0,0,0,0,0,0,0,0,0,0,0,0,0,0,0,0,0,0,0,0,0,161.016,0,56.0152,-217.031
"MtrElec",5,31,14,"",0,0,0,0,0,0,0,0,0,0,0,0,0,0,0,0,0,0,0,0,0,113.782,0,94.229,-208.011
"MtrElec",5,31,15,"",1.21048,0,0,0,0,0,0,0,0,0,0,0,0,0,0,0,0,0,0,0,0,141.61,0,0,-140.399
"MtrElec",5,31,16,"",0.0000002,0,0,0,0,0,0,0,0,0,0,0,0,0,0,0,0,0,0,0,0,99.8177,0,3.75106,-103.569
"MtrElec",5,31,17,"",64.7422,0,0,0,0,0,0,0,0,0,0,0,0,0,0,0,0,0,0,0,0,136.105,0,0,-71.3626
"MtrElec",5,31,18,"",100.686,0,0,0,0,0,0,0,0,0,0,0,0,0,0,0,0,0,0,0,0,123.228,0,0,-22.5424
"MtrElec",5,31,19,"",100.462,0,0,0,0,0,0,0,0,0,0,0,0,0,0,0,0,0,0,0,0,200.087,0,-94.4224,-5.20232
"MtrElec",5,31,20,"",53.4294,0,0,0,0,0,0,0,0,0,0,0,0,0,0,0,0,0,0,0,0,127.206,0,-73.7768,0
"MtrElec",5,31,21,"",149.239,0,0,0,0,0,0,0,0,0,0,0,0,0,0,0,0,0,0,0,0,149.239,0,0,0
"MtrElec",5,31,22,"",118.939,0,0,0,0,0,0,0,0,0,0,0,0,0,0,0,0,0,0,0,0,118.939,0,0,0
"MtrElec",5,31,23,"",123.378,0,0,0,0,0,0,0,0,0,0,0,0,0,0,0,0,0,0,0,0,123.378,0,0,0
"MtrElec",5,31,24,"",88.1465,0,0,0,0,0,0,0,0,0,0,0,0,0,0,0,0,0,0,0,0,88.1465,0,0,0
"MtrElec",6,1,1,"",65.7277,0,0,0,0,0,0,0,0,0,0,0,0,0,0,0,0,0,0,0,0,65.7277,0,0,0
"MtrElec",6,1,2,"",58.8597,0,0,0,0,0,0,0,0,0,0,0,0,0,0,0,0,0,0,0,0,58.8597,0,0,0
"MtrElec",6,1,3,"",57.299,0,0,0,0,0,0,0,0,0,0,0,0,0,0,0,0,0,0,0,0,57.299,0,0,0
"MtrElec",6,1,4,"",57.1779,0,0,0,0,0,0,0,0,0,0,0,0,0,0,0,0,0,0,0,0,57.1779,0,0,0
"MtrElec",6,1,5,"",56.561,0,0,0,0,0,0,0,0,0,0,0,0,0,0,0,0,0,0,0,0,56.561,0,0,0
"MtrElec",6,1,6,"",61.3387,0,0,0,0,0,0,0,0,0,0,0,0,0,0,0,0,0,0,0,0,61.3387,0,0,0
"MtrElec",6,1,7,"",100.932,0,0,0,0,0,0,0,0,0,0,0,0,0,0,0,0,0,0,0,0,112.663,0,0,-11.7306
"MtrElec",6,1,8,"",92.3512,0,0,0,0,0,0,0,0,0,0,0,0,0,0,0,0,0,0,0,0,143.402,0,0,-51.0505
"MtrElec",6,1,9,"",12.7511,0,0,0,0,0,0,0,0,0,0,0,0,0,0,0,0,0,0,0,0,129.434,0,0,-116.683
"MtrElec",6,1,10,"",0,0,0,0,0,0,0,0,0,0,0,0,0,0,0,0,0,0,0,0,0,144.645,0,19.93,-164.575
"MtrElec",6,1,11,"",0,0,0,0,0,0,0,0,0,0,0,0,0,0,0,0,0,0,0,0,0,125.84,0,75.1336,-200.974
"MtrElec",6,1,12,"",0,0,0,0,0,0,0,0,0,0,0,0,0,0,0,0,0,0,0,0,0,148.936,0,79.146,-228.082
"MtrElec",6,1,13,"",-58.5875,0,0,0,0,0,0,0,0,0,0,0,0,0,0,0,0,0,0,0,0,106.937,0,94.4224,-259.947
"MtrElec",6,1,14,"",-62.7992,0,0,0,0,0,0,0,0,0,0,0,0,0,0,0,0,0,0,0,0,112.673,0,83.6665,-259.138
"MtrElec",6,1,15,"",-80.5153,0,0,0,0,0,0,0,0,0,0,0,0,0,0,0,0,0,0,0,0,160.779,0,0,-241.294
"MtrElec",6,1,16,"",-59.642,0,0,0,0,0,0,0,0,0,0,0,0,0,0,0,0,0,0,0,0,148.149,0,0,-207.791
"MtrElec",6,1,17,"",62.1986,0,0,0,0,0,0,0,0,0,0,0,0,0,0,0,0,0,0,0,0,215.54,0,0,-153.342
"MtrElec",6,1,18,"",93.6641,0,0,0,0,0,0,0,0,0,0,0,0,0,0,0,0,0,0,0,0,173.381,0,0,-79.7169
"MtrElec",6,1,19,"",65.7765,0,0,0,0,0,0,0,0,0,0,0,0,0,0,0,0,0,0,0,0,191.454,0,-94.4224,-31.2556
"MtrElec",6,1,20,"",55.0965,0,0,0,0,0,0,0,0,0,0,0,0,0,0,0,0,0,0,0,0,154.76,0,-94.4224,-5.24104
"MtrElec",6,1,21,"",60.7245,0,0,0,0,0,0,0,0,0,0,0,0,0,0,0,0,0,0,0,0,155.147,0,-94.4224,0
"MtrElec",6,1,22,"",81.4477,0,0,0,0,0,0,0,0,0,0,0,0,0,0,0,0,0,0,0,0,116.13,0,-34.6821,0
"MtrElec",6,1,23,"",153.793,0,0,0,0,0,0,0,0,0,0,0,0,0,0,0,0,0,0,0,0,153.793,0,0,0
"MtrElec",6,1,24,"",87.3798,0,0,0,0,0,0,0,0,0,0,0,0,0,0,0,0,0,0,0,0,87.3798,0,0,0
"MtrElec",6,2,1,"",88.04,0,0,0,0,0,0,0,0,0,0,0,0,0,0,0,0,0,0,0,0,88.04,0,0,0
"MtrElec",6,2,2,"",63.4262,0,0,0,0,0,0,0,0,0,0,0,0,0,0,0,0,0,0,0,0,63.4262,0,0,0
"MtrElec",6,2,3,"",59.6548,0,0,0,0,0,0,0,0,0,0,0,0,0,0,0,0,0,0,0,0,59.6548,0,0,0
"MtrElec",6,2,4,"",58.1603,0,0,0,0,0,0,0,0,0,0,0,0,0,0,0,0,0,0,0,0,58.1603,0,0,0
"MtrElec",6,2,5,"",57.1339,0,0,0,0,0,0,0,0,0,0,0,0,0,0,0,0,0,0,0,0,57.1339,0,0,0
"MtrElec",6,2,6,"",69.7489,0,0,0,0,0,0,0,0,0,0,0,0,0,0,0,0,0,0,0,0,69.7489,0,0,0
"MtrElec",6,2,7,"",111.937,0,0,0,0,0,0,0,0,0,0,0,0,0,0,0,0,0,0,0,0,125.148,0,0,-13.2108
"MtrElec",6,2,8,"",87.3708,0,0,0,0,0,0,0,0,0,0,0,0,0,0,0,0,0,0,0,0,140.555,0,0,-53.1844
"MtrElec",6,2,9,"",8.92297,0,0,0,0,0,0,0,0,0,0,0,0,0,0,0,0,0,0,0,0,128.264,0,0,-119.341
"MtrElec",6,2,10,"",0,0,0,0,0,0,0,0,0,0,0,0,0,0,0,0,0,0,0,0,0,160.206,0,20.2701,-180.476
"MtrElec",6,2,11,"",0,0,0,0,0,0,0,0,0,0,0,0,0,0,0,0,0,0,0,0,0,148.318,0,78.6378,-226.956
"MtrElec",6,2,12,"",0.0000078,0,0,0,0,0,0,0,0,0,0,0,0,0,0,0,0,0,0,0,0,167.279,0,88.1939,-255.473
"MtrElec",6,2,13,"",-32.4996,0,0,0,0,0,0,0,0,0,0,0,0,0,0,0,0,0,0,0,0,139.925,0,94.4224,-266.847
"MtrElec",6,2,14,"",-69.1884,0,0,0,0,0,0,0,0,0,0,0,0,0,0,0,0,0,0,0,0,125.449,0,70.7742,-265.412
"MtrElec",6,2,15,"",-120.27,0,0,0,0,0,0,0,0,0,0,0,0,0,0,0,0,0,0,0,0,128.692,0,0,-248.962
"MtrElec",6,2,16,"",-75.5059,0,0,0,0,0,0,0,0,0,0,0,0,0,0,0,0,0,0,0,0,139.144,0,0,-214.65
"MtrElec",6,2,17,"",-29.5982,0,0,0,0,0,0,0,0,0,0,0,0,0,0,0,0,0,0,0,0,135.159,0,0,-164.758
"MtrElec",6,2,18,"",43.213,0,0,0,0,0,0,0,0,0,0,0,0,0,0,0,0,0,0,0,0,143.518,0,0,-100.305
"MtrElec",6,2,19,"",72.5584,0,0,0,0,0,0,0,0,0,0,0,0,0,0,0,0,0,0,0,0,199.613,0,-94.4224,-32.6317
"MtrElec",6,2,20,"",70.7177,0,0,0,0,0,0,0,0,0,0,0,0,0,0,0,0,0,0,0,0,170.169,0,-94.4224,-5.02909
"MtrElec",6,2,21,"",108.761,0,0,0,0,0,0,0,0,0,0,0,0,0,0,0,0,0,0,0,0,203.183,0,-94.4224,0
"MtrElec",6,2,22,"",68.585,0,0,0,0,0,0,0,0,0,0,0,0,0,0,0,0,0,0,0,0,103.267,0,-34.6821,0
"MtrElec",6,2,23,"",136.292,0,0,0,0,0,0,0,0,0,0,0,0,0,0,0,0,0,0,0,0,136.292,0,0,0
"MtrElec",6,2,24,"",72.6605,0,0,0,0,0,0,0,0,0,0,0,0,0,0,0,0,0,0,0,0,72.6605,0,0,0
"MtrElec",6,3,1,"",63.2873,0,0,0,0,0,0,0,0,0,0,0,0,0,0,0,0,0,0,0,0,63.2873,0,0,0
"MtrElec",6,3,2,"",59.3678,0,0,0,0,0,0,0,0,0,0,0,0,0,0,0,0,0,0,0,0,59.3678,0,0,0
"MtrElec",6,3,3,"",57.7122,0,0,0,0,0,0,0,0,0,0,0,0,0,0,0,0,0,0,0,0,57.7122,0,0,0
"MtrElec",6,3,4,"",57.6519,0,0,0,0,0,0,0,0,0,0,0,0,0,0,0,0,0,0,0,0,57.6519,0,0,0
"MtrElec",6,3,5,"",57.0015,0,0,0,0,0,0,0,0,0,0,0,0,0,0,0,0,0,0,0,0,57.0015,0,0,0
"MtrElec",6,3,6,"",67.343,0,0,0,0,0,0,0,0,0,0,0,0,0,0,0,0,0,0,0,0,67.343,0,0,0
"MtrElec",6,3,7,"",74.3349,0,0,0,0,0,0,0,0,0,0,0,0,0,0,0,0,0,0,0,0,95.3215,0,0,-20.9867
"MtrElec",6,3,8,"",67.2177,0,0,0,0,0,0,0,0,0,0,0,0,0,0,0,0,0,0,0,0,123.357,0,0,-56.139
"MtrElec",6,3,9,"",126.526,0,0,0,0,0,0,0,0,0,0,0,0,0,0,0,0,0,0,0,0,154.081,0,0,-27.555
"MtrElec",6,3,10,"",32.1619,0,0,0,0,0,0,0,0,0,0,0,0,0,0,0,0,0,0,0,0,139.626,0,0,-107.464
"MtrElec",6,3,11,"",0.0000078,0,0,0,0,0,0,0,0,0,0,0,0,0,0,0,0,0,0,0,0,137.884,0,80.2433,-218.127
"MtrElec",6,3,12,"",-39.0131,0,0,0,0,0,0,0,0,0,0,0,0,0,0,0,0,0,0,0,0,120.204,0,94.4224,-253.64
"MtrElec",6,3,13,"",-19.5154,0,0,0,0,0,0,0,0,0,0,0,0,0,0,0,0,0,0,0,0,153.903,0,94.4224,-267.841
"MtrElec",6,3,14,"",-65.3274,0,0,0,0,0,0,0,0,0,0,0,0,0,0,0,0,0,0,0,0,121.51,0,83.2104,-270.047
"MtrElec",6,3,15,"",-158.486,0,0,0,0,0,0,0,0,0,0,0,0,0,0,0,0,0,0,0,0,90.8032,0,0,-249.289
"MtrElec",6,3,16,"",-95.9032,0,0,0,0,0,0,0,0,0,0,0,0,0,0,0,0,0,0,0,0,117.76,0,0,-213.664
"MtrElec",6,3,17,"",-12.77,0,0,0,0,0,0,0,0,0,0,0,0,0,0,0,0,0,0,0,0,151.817,0,0,-164.587
"MtrElec",6,3,18,"",49.6135,0,0,0,0,0,0,0,0,0,0,0,0,0,0,0,0,0,0,0,0,150.262,0,0,-100.649
"MtrElec",6,3,19,"",39.5744,0,0,0,0,0,0,0,0,0,0,0,0,0,0,0,0,0,0,0,0,166.773,0,-94.4224,-32.7759
"MtrElec",6,3,20,"",88.6461,0,0,0,0,0,0,0,0,0,0,0,0,0,0,0,0,0,0,0,0,188.066,0,-94.4224,-4.99699
"MtrElec",6,3,21,"",85.9027,0,0,0,0,0,0,0,0,0,0,0,0,0,0,0,0,0,0,0,0,180.325,0,-94.4224,0
"MtrElec",6,3,22,"",125.668,0,0,0,0,0,0,0,0,0,0,0,0,0,0,0,0,0,0,0,0,160.35,0,-34.6821,0
"MtrElec",6,3,23,"",114.9,0,0,0,0,0,0,0,0,0,0,0,0,0,0,0,0,0,0,0,0,114.9,0,0,0
"MtrElec",6,3,24,"",124.817,0,0,0,0,0,0,0,0,0,0,0,0,0,0,0,0,0,0,0,0,124.817,0,0,0
"MtrElec",6,4,1,"",66.2276,0,0,0,0,0,0,0,0,0,0,0,0,0,0,0,0,0,0,0,0,66.2276,0,0,0
"MtrElec",6,4,2,"",59.7496,0,0,0,0,0,0,0,0,0,0,0,0,0,0,0,0,0,0,0,0,59.7496,0,0,0
"MtrElec",6,4,3,"",57.9514,0,0,0,0,0,0,0,0,0,0,0,0,0,0,0,0,0,0,0,0,57.9514,0,0,0
"MtrElec",6,4,4,"",57.7184,0,0,0,0,0,0,0,0,0,0,0,0,0,0,0,0,0,0,0,0,57.7184,0,0,0
"MtrElec",6,4,5,"",57.0892,0,0,0,0,0,0,0,0,0,0,0,0,0,0,0,0,0,0,0,0,57.0892,0,0,0
"MtrElec",6,4,6,"",61.5277,0,0,0,0,0,0,0,0,0,0,0,0,0,0,0,0,0,0,0,0,61.5277,0,0,0
"MtrElec",6,4,7,"",89.0438,0,0,0,0,0,0,0,0,0,0,0,0,0,0,0,0,0,0,0,0,102.24,0,0,-13.1966
"MtrElec",6,4,8,"",84.579,0,0,0,0,0,0,0,0,0,0,0,0,0,0,0,0,0,0,0,0,128.161,0,0,-43.5817
"MtrElec",6,4,9,"",127.356,0,0,0,0,0,0,0,0,0,0,0,0,0,0,0,0,0,0,0,0,143.65,0,0,-16.2945
"MtrElec",6,4,10,"",75.3075,0,0,0,0,0,0,0,0,0,0,0,0,0,0,0,0,0,0,0,0,104.639,0,0,-29.3319
"MtrElec",6,4,11,"",79.143,0,0,0,0,0,0,0,0,0,0,0,0,0,0,0,0,0,0,0,0,141.602,0,0,-62.4588
"MtrElec",6,4,12,"",-52.5884,0,0,0,0,0,0,0,0,0,0,0,0,0,0,0,0,0,0,0,0,82.8812,0,94.4224,-229.892
"MtrElec",6,4,13,"",-34.1355,0,0,0,0,0,0,0,0,0,0,0,0,0,0,0,0,0,0,0,0,149.827,0,94.4224,-278.385
"MtrElec",6,4,14,"",-106.151,0,0,0,0,0,0,0,0,0,0,0,0,0,0,0,0,0,0,0,0,71.0503,0,94.4224,-271.623
"MtrElec",6,4,15,"",-98.0624,0,0,0,0,0,0,0,0,0,0,0,0,0,0,0,0,0,0,0,0,84.5443,0,69.0312,-251.638
"MtrElec",6,4,16,"",-93.9337,0,0,0,0,0,0,0,0,0,0,0,0,0,0,0,0,0,0,0,0,122.226,0,0,-216.16
"MtrElec",6,4,17,"",-38.9363,0,0,0,0,0,0,0,0,0,0,0,0,0,0,0,0,0,0,0,0,126.654,0,0,-165.59
"MtrElec",6,4,18,"",37.9041,0,0,0,0,0,0,0,0,0,0,0,0,0,0,0,0,0,0,0,0,138.97,0,0,-101.066
"MtrElec",6,4,19,"",74.4021,0,0,0,0,0,0,0,0,0,0,0,0,0,0,0,0,0,0,0,0,202.169,0,-94.4224,-33.3448
"MtrElec",6,4,20,"",48.1277,0,0,0,0,0,0,0,0,0,0,0,0,0,0,0,0,0,0,0,0,148.022,0,-94.4224,-5.47222
"MtrElec",6,4,21,"",85.7174,0,0,0,0,0,0,0,0,0,0,0,0,0,0,0,0,0,0,0,0,180.14,0,-94.4224,0
"MtrElec",6,4,22,"",67.0748,0,0,0,0,0,0,0,0,0,0,0,0,0,0,0,0,0,0,0,0,101.757,0,-34.6821,0
"MtrElec",6,4,23,"",131.078,0,0,0,0,0,0,0,0,0,0,0,0,0,0,0,0,0,0,0,0,131.078,0,0,0
"MtrElec",6,4,24,"",84.8592,0,0,0,0,0,0,0,0,0,0,0,0,0,0,0,0,0,0,0,0,84.8592,0,0,0
"MtrElec",6,5,1,"",62.609,0,0,0,0,0,0,0,0,0,0,0,0,0,0,0,0,0,0,0,0,62.609,0,0,0
"MtrElec",6,5,2,"",61.0872,0,0,0,0,0,0,0,0,0,0,0,0,0,0,0,0,0,0,0,0,61.0872,0,0,0
"MtrElec",6,5,3,"",58.3565,0,0,0,0,0,0,0,0,0,0,0,0,0,0,0,0,0,0,0,0,58.3565,0,0,0
"MtrElec",6,5,4,"",57.3905,0,0,0,0,0,0,0,0,0,0,0,0,0,0,0,0,0,0,0,0,57.3905,0,0,0
"MtrElec",6,5,5,"",56.7934,0,0,0,0,0,0,0,0,0,0,0,0,0,0,0,0,0,0,0,0,56.7934,0,0,0
"MtrElec",6,5,6,"",63.2078,0,0,0,0,0,0,0,0,0,0,0,0,0,0,0,0,0,0,0,0,63.2078,0,0,0
"MtrElec",6,5,7,"",96.9548,0,0,0,0,0,0,0,0,0,0,0,0,0,0,0,0,0,0,0,0,118.514,0,0,-21.5587
"MtrElec",6,5,8,"",86.1779,0,0,0,0,0,0,0,0,0,0,0,0,0,0,0,0,0,0,0,0,145.106,0,0,-58.9277
"MtrElec",6,5,9,"",99.04,0,0,0,0,0,0,0,0,0,0,0,0,0,0,0,0,0,0,0,0,122.388,0,0,-23.3483
"MtrElec",6,5,10,"",126.984,0,0,0,0,0,0,0,0,0,0,0,0,0,0,0,0,0,0,0,0,167.316,0,0,-40.332
"MtrElec",6,5,11,"",32.0392,0,0,0,0,0,0,0,0,0,0,0,0,0,0,0,0,0,0,0,0,119.212,0,0,-87.1725
"MtrElec",6,5,12,"",-39.722,0,0,0,0,0,0,0,0,0,0,0,0,0,0,0,0,0,0,0,0,103.181,0,94.4224,-237.326
"MtrElec",6,5,13,"",-76.0329,0,0,0,0,0,0,0,0,0,0,0,0,0,0,0,0,0,0,0,0,98.4082,0,94.4224,-268.863
"MtrElec",6,5,14,"",-99.2008,0,0,0,0,0,0,0,0,0,0,0,0,0,0,0,0,0,0,0,0,73.8319,0,94.4224,-267.455
"MtrElec",6,5,15,"",-89.0999,0,0,0,0,0,0,0,0,0,0,0,0,0,0,0,0,0,0,0,0,89.6581,0,69.0312,-247.789
"MtrElec",6,5,16,"",-74.8861,0,0,0,0,0,0,0,0,0,0,0,0,0,0,0,0,0,0,0,0,137.034,0,0,-211.92
"MtrElec",6,5,17,"",-20.7846,0,0,0,0,0,0,0,0,0,0,0,0,0,0,0,0,0,0,0,0,141.728,0,0,-162.512
"MtrElec",6,5,18,"",68.8964,0,0,0,0,0,0,0,0,0,0,0,0,0,0,0,0,0,0,0,0,168.25,0,0,-99.3538
"MtrElec",6,5,19,"",29.8096,0,0,0,0,0,0,0,0,0,0,0,0,0,0,0,0,0,0,0,0,157.478,0,-94.4224,-33.2461
"MtrElec",6,5,20,"",107.054,0,0,0,0,0,0,0,0,0,0,0,0,0,0,0,0,0,0,0,0,207.024,0,-94.4224,-5.54813
"MtrElec",6,5,21,"",83.4906,0,0,0,0,0,0,0,0,0,0,0,0,0,0,0,0,0,0,0,0,177.913,0,-94.4224,0
"MtrElec",6,5,22,"",93.5072,0,0,0,0,0,0,0,0,0,0,0,0,0,0,0,0,0,0,0,0,128.189,0,-34.6821,0
"MtrElec",6,5,23,"",136.053,0,0,0,0,0,0,0,0,0,0,0,0,0,0,0,0,0,0,0,0,136.053,0,0,0
"MtrElec",6,5,24,"",89.3885,0,0,0,0,0,0,0,0,0,0,0,0,0,0,0,0,0,0,0,0,89.3885,0,0,0
"MtrElec",6,6,1,"",63.4689,0,0,0,0,0,0,0,0,0,0,0,0,0,0,0,0,0,0,0,0,63.4689,0,0,0
"MtrElec",6,6,2,"",59.5995,0,0,0,0,0,0,0,0,0,0,0,0,0,0,0,0,0,0,0,0,59.5995,0,0,0
"MtrElec",6,6,3,"",60.632,0,0,0,0,0,0,0,0,0,0,0,0,0,0,0,0,0,0,0,0,60.632,0,0,0
"MtrElec",6,6,4,"",60.3068,0,0,0,0,0,0,0,0,0,0,0,0,0,0,0,0,0,0,0,0,60.3068,0,0,0
"MtrElec",6,6,5,"",64.1049,0,0,0,0,0,0,0,0,0,0,0,0,0,0,0,0,0,0,0,0,64.1049,0,0,0
"MtrElec",6,6,6,"",59.2023,0,0,0,0,0,0,0,0,0,0,0,0,0,0,0,0,0,0,0,0,59.2023,0,0,0
"MtrElec",6,6,7,"",80.4385,0,0,0,0,0,0,0,0,0,0,0,0,0,0,0,0,0,0,0,0,86.0241,0,0,-5.58559
"MtrElec",6,6,8,"",65.5614,0,0,0,0,0,0,0,0,0,0,0,0,0,0,0,0,0,0,0,0,85.4287,0,0,-19.8673
"MtrElec",6,6,9,"",82.0749,0,0,0,0,0,0,0,0,0,0,0,0,0,0,0,0,0,0,0,0,142.492,0,0,-60.4174
"MtrElec",6,6,10,"",4.32684,0,0,0,0,0,0,0,0,0,0,0,0,0,0,0,0,0,0,0,0,175.025,0,0,-170.699
"MtrElec",6,6,11,"",0.0000078,0,0,0,0,0,0,0,0,0,0,0,0,0,0,0,0,0,0,0,0,157.373,0,72.0892,-229.462
"MtrElec",6,6,12,"",0.0000039,0,0,0,0,0,0,0,0,0,0,0,0,0,0,0,0,0,0,0,0,195.714,0,64.4559,-260.169
"MtrElec",6,6,13,"",-31.4859,0,0,0,0,0,0,0,0,0,0,0,0,0,0,0,0,0,0,0,0,145.908,0,94.4224,-271.816
"MtrElec",6,6,14,"",-21.8224,0,0,0,0,0,0,0,0,0,0,0,0,0,0,0,0,0,0,0,0,151.537,0,94.4224,-267.782
"MtrElec",6,6,15,"",-61.7772,0,0,0,0,0,0,0,0,0,0,0,0,0,0,0,0,0,0,0,0,159.993,0,26.9085,-248.679
"MtrElec",6,6,16,"",-102.061,0,0,0,0,0,0,0,0,0,0,0,0,0,0,0,0,0,0,0,0,111.89,0,0,-213.95
"MtrElec",6,6,17,"",-26.9995,0,0,0,0,0,0,0,0,0,0,0,0,0,0,0,0,0,0,0,0,135.478,0,0,-162.478
"MtrElec",6,6,18,"",54.2302,0,0,0,0,0,0,0,0,0,0,0,0,0,0,0,0,0,0,0,0,152.125,0,0,-97.8952
"MtrElec",6,6,19,"",68.8865,0,0,0,0,0,0,0,0,0,0,0,0,0,0,0,0,0,0,0,0,197.247,0,-94.4224,-33.938
"MtrElec",6,6,20,"",54.2553,0,0,0,0,0,0,0,0,0,0,0,0,0,0,0,0,0,0,0,0,154.446,0,-94.4224,-5.76874
"MtrElec",6,6,21,"",81.4662,0,0,0,0,0,0,0,0,0,0,0,0,0,0,0,0,0,0,0,0,175.889,0,-94.4224,0
"MtrElec",6,6,22,"",126.293,0,0,0,0,0,0,0,0,0,0,0,0,0,0,0,0,0,0,0,0,160.976,0,-34.6821,0
"MtrElec",6,6,23,"",98.4266,0,0,0,0,0,0,0,0,0,0,0,0,0,0,0,0,0,0,0,0,98.4266,0,0,0
"MtrElec",6,6,24,"",93.1224,0,0,0,0,0,0,0,0,0,0,0,0,0,0,0,0,0,0,0,0,93.1224,0,0,0
"MtrElec",6,7,1,"",93.8956,0,0,0,0,0,0,0,0,0,0,0,0,0,0,0,0,0,0,0,0,93.8956,0,0,0
"MtrElec",6,7,2,"",59.6346,0,0,0,0,0,0,0,0,0,0,0,0,0,0,0,0,0,0,0,0,59.6346,0,0,0
"MtrElec",6,7,3,"",57.3997,0,0,0,0,0,0,0,0,0,0,0,0,0,0,0,0,0,0,0,0,57.3997,0,0,0
"MtrElec",6,7,4,"",59.1962,0,0,0,0,0,0,0,0,0,0,0,0,0,0,0,0,0,0,0,0,59.1962,0,0,0
"MtrElec",6,7,5,"",71.8617,0,0,0,0,0,0,0,0,0,0,0,0,0,0,0,0,0,0,0,0,71.8617,0,0,0
"MtrElec",6,7,6,"",59.2078,0,0,0,0,0,0,0,0,0,0,0,0,0,0,0,0,0,0,0,0,59.2078,0,0,0
"MtrElec",6,7,7,"",46.0535,0,0,0,0,0,0,0,0,0,0,0,0,0,0,0,0,0,0,0,0,64.0762,0,0,-18.0228
"MtrElec",6,7,8,"",78.3933,0,0,0,0,0,0,0,0,0,0,0,0,0,0,0,0,0,0,0,0,101.177,0,0,-22.7838
"MtrElec",6,7,9,"",48.7081,0,0,0,0,0,0,0,0,0,0,0,0,0,0,0,0,0,0,0,0,87.893,0,0,-39.1848
"MtrElec",6,7,10,"",22.5386,0,0,0,0,0,0,0,0,0,0,0,0,0,0,0,0,0,0,0,0,141.458,0,0,-118.919
"MtrElec",6,7,11,"",0,0,0,0,0,0,0,0,0,0,0,0,0,0,0,0,0,0,0,0,0,184.959,0,41.2964,-226.256
"MtrElec",6,7,12,"",-17.6514,0,0,0,0,0,0,0,0,0,0,0,0,0,0,0,0,0,0,0,0,142.488,0,94.4224,-254.562
"MtrElec",6,7,13,"",-24.5754,0,0,0,0,0,0,0,0,0,0,0,0,0,0,0,0,0,0,0,0,149.12,0,94.4224,-268.118
"MtrElec",6,7,14,"",-66.7693,0,0,0,0,0,0,0,0,0,0,0,0,0,0,0,0,0,0,0,0,101.881,0,94.4224,-263.073
"MtrElec",6,7,15,"",-49.9793,0,0,0,0,0,0,0,0,0,0,0,0,0,0,0,0,0,0,0,0,168.294,0,27.7348,-246.008
"MtrElec",6,7,16,"",-82.2366,0,0,0,0,0,0,0,0,0,0,0,0,0,0,0,0,0,0,0,0,127.722,0,0,-209.958
"MtrElec",6,7,17,"",6.90364,0,0,0,0,0,0,0,0,0,0,0,0,0,0,0,0,0,0,0,0,165.741,0,0,-158.837
"MtrElec",6,7,18,"",85.0949,0,0,0,0,0,0,0,0,0,0,0,0,0,0,0,0,0,0,0,0,181.268,0,0,-96.173
"MtrElec",6,7,19,"",97.5602,0,0,0,0,0,0,0,0,0,0,0,0,0,0,0,0,0,0,0,0,225.826,0,-94.4224,-33.8437
"MtrElec",6,7,20,"",76.294,0,0,0,0,0,0,0,0,0,0,0,0,0,0,0,0,0,0,0,0,176.686,0,-94.4224,-5.96931
"MtrElec",6,7,21,"",71.2233,0,0,0,0,0,0,0,0,0,0,0,0,0,0,0,0,0,0,0,0,165.646,0,-94.4224,0
"MtrElec",6,7,22,"",91.1157,0,0,0,0,0,0,0,0,0,0,0,0,0,0,0,0,0,0,0,0,125.798,0,-34.6821,0
"MtrElec",6,7,23,"",120.214,0,0,0,0,0,0,0,0,0,0,0,0,0,0,0,0,0,0,0,0,120.214,0,0,0
"MtrElec",6,7,24,"",105.35,0,0,0,0,0,0,0,0,0,0,0,0,0,0,0,0,0,0,0,0,105.35,0,0,0
"MtrElec",6,8,1,"",71.613,0,0,0,0,0,0,0,0,0,0,0,0,0,0,0,0,0,0,0,0,71.613,0,0,0
"MtrElec",6,8,2,"",59.5371,0,0,0,0,0,0,0,0,0,0,0,0,0,0,0,0,0,0,0,0,59.5371,0,0,0
"MtrElec",6,8,3,"",57.6273,0,0,0,0,0,0,0,0,0,0,0,0,0,0,0,0,0,0,0,0,57.6273,0,0,0
"MtrElec",6,8,4,"",57.4655,0,0,0,0,0,0,0,0,0,0,0,0,0,0,0,0,0,0,0,0,57.4655,0,0,0
"MtrElec",6,8,5,"",56.8278,0,0,0,0,0,0,0,0,0,0,0,0,0,0,0,0,0,0,0,0,56.8278,0,0,0
"MtrElec",6,8,6,"",60.7753,0,0,0,0,0,0,0,0,0,0,0,0,0,0,0,0,0,0,0,0,60.7753,0,0,0
"MtrElec",6,8,7,"",93.0729,0,0,0,0,0,0,0,0,0,0,0,0,0,0,0,0,0,0,0,0,111.598,0,0,-18.5255
"MtrElec",6,8,8,"",64.2271,0,0,0,0,0,0,0,0,0,0,0,0,0,0,0,0,0,0,0,0,96.7952,0,0,-32.5681
"MtrElec",6,8,9,"",53.7166,0,0,0,0,0,0,0,0,0,0,0,0,0,0,0,0,0,0,0,0,133.432,0,0,-79.7158
"MtrElec",6,8,10,"",0,0,0,0,0,0,0,0,0,0,0,0,0,0,0,0,0,0,0,0,0,127.708,0,50.3746,-178.082
"MtrElec",6,8,11,"",0.0000039,0,0,0,0,0,0,0,0,0,0,0,0,0,0,0,0,0,0,0,0,174.206,0,51.5093,-225.715
"MtrElec",6,8,12,"",-21.9496,0,0,0,0,0,0,0,0,0,0,0,0,0,0,0,0,0,0,0,0,141.389,0,94.4224,-257.761
"MtrElec",6,8,13,"",-31.9987,0,0,0,0,0,0,0,0,0,0,0,0,0,0,0,0,0,0,0,0,141.565,0,94.4224,-267.986
"MtrElec",6,8,14,"",-109.514,0,0,0,0,0,0,0,0,0,0,0,0,0,0,0,0,0,0,0,0,92.0814,0,61.5697,-263.165
"MtrElec",6,8,15,"",-126.714,0,0,0,0,0,0,0,0,0,0,0,0,0,0,0,0,0,0,0,0,121.594,0,0,-248.309
"MtrElec",6,8,16,"",-101.66,0,0,0,0,0,0,0,0,0,0,0,0,0,0,0,0,0,0,0,0,113.872,0,0,-215.532
"MtrElec",6,8,17,"",-40.4581,0,0,0,0,0,0,0,0,0,0,0,0,0,0,0,0,0,0,0,0,124.108,0,0,-164.566
"MtrElec",6,8,18,"",53.985,0,0,0,0,0,0,0,0,0,0,0,0,0,0,0,0,0,0,0,0,154.438,0,0,-100.453
"MtrElec",6,8,19,"",45.9643,0,0,0,0,0,0,0,0,0,0,0,0,0,0,0,0,0,0,0,0,174.984,0,-94.4224,-34.5973
"MtrElec",6,8,20,"",78.5508,0,0,0,0,0,0,0,0,0,0,0,0,0,0,0,0,0,0,0,0,179.016,0,-94.4224,-6.04267
"MtrElec",6,8,21,"",74.9555,0,0,0,0,0,0,0,0,0,0,0,0,0,0,0,0,0,0,0,0,169.378,0,-94.4224,0
"MtrElec",6,8,22,"",99.2096,0,0,0,0,0,0,0,0,0,0,0,0,0,0,0,0,0,0,0,0,133.892,0,-34.6821,0
"MtrElec",6,8,23,"",116.659,0,0,0,0,0,0,0,0,0,0,0,0,0,0,0,0,0,0,0,0,116.659,0,0,0
"MtrElec",6,8,24,"",91.1093,0,0,0,0,0,0,0,0,0,0,0,0,0,0,0,0,0,0,0,0,91.1093,0,0,0
"MtrElec",6,9,1,"",75.0429,0,0,0,0,0,0,0,0,0,0,0,0,0,0,0,0,0,0,0,0,75.0429,0,0,0
"MtrElec",6,9,2,"",59.4432,0,0,0,0,0,0,0,0,0,0,0,0,0,0,0,0,0,0,0,0,59.4432,0,0,0
"MtrElec",6,9,3,"",60.9609,0,0,0,0,0,0,0,0,0,0,0,0,0,0,0,0,0,0,0,0,60.9609,0,0,0
"MtrElec",6,9,4,"",86.2145,0,0,0,0,0,0,0,0,0,0,0,0,0,0,0,0,0,0,0,0,86.2145,0,0,0
"MtrElec",6,9,5,"",61.1213,0,0,0,0,0,0,0,0,0,0,0,0,0,0,0,0,0,0,0,0,61.1213,0,0,0
"MtrElec",6,9,6,"",60.7815,0,0,0,0,0,0,0,0,0,0,0,0,0,0,0,0,0,0,0,0,60.7815,0,0,0
"MtrElec",6,9,7,"",66.6851,0,0,0,0,0,0,0,0,0,0,0,0,0,0,0,0,0,0,0,0,81.3311,0,0,-14.646
"MtrElec",6,9,8,"",99.0924,0,0,0,0,0,0,0,0,0,0,0,0,0,0,0,0,0,0,0,0,133.848,0,0,-34.7553
"MtrElec",6,9,9,"",28.3639,0,0,0,0,0,0,0,0,0,0,0,0,0,0,0,0,0,0,0,0,109.134,0,0,-80.7704
"MtrElec",6,9,10,"",21.1045,0,0,0,0,0,0,0,0,0,0,0,0,0,0,0,0,0,0,0,0,172.842,0,0,-151.738
"MtrElec",6,9,11,"",-1.00524,0,0,0,0,0,0,0,0,0,0,0,0,0,0,0,0,0,0,0,0,129.089,0,94.4224,-224.517
"MtrElec",6,9,12,"",-47.14,0,0,0,0,0,0,0,0,0,0,0,0,0,0,0,0,0,0,0,0,116.006,0,94.4224,-257.569
"MtrElec",6,9,13,"",-36.6807,0,0,0,0,0,0,0,0,0,0,0,0,0,0,0,0,0,0,0,0,136.067,0,94.4224,-267.17
"MtrElec",6,9,14,"",-91.5681,0,0,0,0,0,0,0,0,0,0,0,0,0,0,0,0,0,0,0,0,102.612,0,69.0312,-263.211
"MtrElec",6,9,15,"",-107.759,0,0,0,0,0,0,0,0,0,0,0,0,0,0,0,0,0,0,0,0,118.714,0,0,-226.473
"MtrElec",6,9,16,"",-73.5781,0,0,0,0,0,0,0,0,0,0,0,0,0,0,0,0,0,0,0,0,140.729,0,0,-214.307
"MtrElec",6,9,17,"",-18.0134,0,0,0,0,0,0,0,0,0,0,0,0,0,0,0,0,0,0,0,0,147.466,0,0,-165.479
"MtrElec",6,9,18,"",82.56,0,0,0,0,0,0,0,0,0,0,0,0,0,0,0,0,0,0,0,0,185.273,0,0,-102.713
"MtrElec",6,9,19,"",39.6334,0,0,0,0,0,0,0,0,0,0,0,0,0,0,0,0,0,0,0,0,169.89,0,-94.4224,-35.8346
"MtrElec",6,9,20,"",104.406,0,0,0,0,0,0,0,0,0,0,0,0,0,0,0,0,0,0,0,0,205.122,0,-94.4224,-6.29301
"MtrElec",6,9,21,"",83.5446,0,0,0,0,0,0,0,0,0,0,0,0,0,0,0,0,0,0,0,0,177.967,0,-94.4224,0
"MtrElec",6,9,22,"",118.904,0,0,0,0,0,0,0,0,0,0,0,0,0,0,0,0,0,0,0,0,153.587,0,-34.6821,0
"MtrElec",6,9,23,"",88.326,0,0,0,0,0,0,0,0,0,0,0,0,0,0,0,0,0,0,0,0,88.326,0,0,0
"MtrElec",6,9,24,"",92.9095,0,0,0,0,0,0,0,0,0,0,0,0,0,0,0,0,0,0,0,0,92.9095,0,0,0
"MtrElec",6,10,1,"",92.2516,0,0,0,0,0,0,0,0,0,0,0,0,0,0,0,0,0,0,0,0,92.2516,0,0,0
"MtrElec",6,10,2,"",65.0941,0,0,0,0,0,0,0,0,0,0,0,0,0,0,0,0,0,0,0,0,65.0941,0,0,0
"MtrElec",6,10,3,"",59.94,0,0,0,0,0,0,0,0,0,0,0,0,0,0,0,0,0,0,0,0,59.94,0,0,0
"MtrElec",6,10,4,"",57.3963,0,0,0,0,0,0,0,0,0,0,0,0,0,0,0,0,0,0,0,0,57.3963,0,0,0
"MtrElec",6,10,5,"",56.7637,0,0,0,0,0,0,0,0,0,0,0,0,0,0,0,0,0,0,0,0,56.7637,0,0,0
"MtrElec",6,10,6,"",60.7665,0,0,0,0,0,0,0,0,0,0,0,0,0,0,0,0,0,0,0,0,60.7665,0,0,0
"MtrElec",6,10,7,"",95.3813,0,0,0,0,0,0,0,0,0,0,0,0,0,0,0,0,0,0,0,0,112.735,0,0,-17.3534
"MtrElec",6,10,8,"",106.532,0,0,0,0,0,0,0,0,0,0,0,0,0,0,0,0,0,0,0,0,123.802,0,0,-17.2706
"MtrElec",6,10,9,"",94.7223,0,0,0,0,0,0,0,0,0,0,0,0,0,0,0,0,0,0,0,0,141.532,0,0,-46.8102
"MtrElec",6,10,10,"",0,0,0,0,0,0,0,0,0,0,0,0,0,0,0,0,0,0,0,0,0,102.67,0,63.6635,-166.333
"MtrElec",6,10,11,"",0.0000039,0,0,0,0,0,0,0,0,0,0,0,0,0,0,0,0,0,0,0,0,170.917,0,55.0842,-226.001
"MtrElec",6,10,12,"",-12.6582,0,0,0,0,0,0,0,0,0,0,0,0,0,0,0,0,0,0,0,0,146.603,0,94.4224,-253.684
"MtrElec",6,10,13,"",-17.1527,0,0,0,0,0,0,0,0,0,0,0,0,0,0,0,0,0,0,0,0,151.803,0,94.4224,-263.378
"MtrElec",6,10,14,"",-123.669,0,0,0,0,0,0,0,0,0,0,0,0,0,0,0,0,0,0,0,0,87.2911,0,44.706,-255.666
"MtrElec",6,10,15,"",-119.767,0,0,0,0,0,0,0,0,0,0,0,0,0,0,0,0,0,0,0,0,121.908,0,0,-241.674
"MtrElec",6,10,16,"",-91.608,0,0,0,0,0,0,0,0,0,0,0,0,0,0,0,0,0,0,0,0,119.479,0,0,-211.087
"MtrElec",6,10,17,"",-0.596875,0,0,0,0,0,0,0,0,0,0,0,0,0,0,0,0,0,0,0,0,163.582,0,0,-164.179
"MtrElec",6,10,18,"",61.9249,0,0,0,0,0,0,0,0,0,0,0,0,0,0,0,0,0,0,0,0,163.339,0,0,-101.414
"MtrElec",6,10,19,"",19.2148,0,0,0,0,0,0,0,0,0,0,0,0,0,0,0,0,0,0,0,0,149.345,0,-94.4224,-35.7077
"MtrElec",6,10,20,"",125.255,0,0,0,0,0,0,0,0,0,0,0,0,0,0,0,0,0,0,0,0,225.926,0,-94.4224,-6.24807
"MtrElec",6,10,21,"",95.5918,0,0,0,0,0,0,0,0,0,0,0,0,0,0,0,0,0,0,0,0,190.014,0,-94.4224,0
"MtrElec",6,10,22,"",98.8459,0,0,0,0,0,0,0,0,0,0,0,0,0,0,0,0,0,0,0,0,133.528,0,-34.6821,0
"MtrElec",6,10,23,"",174.99,0,0,0,0,0,0,0,0,0,0,0,0,0,0,0,0,0,0,0,0,174.99,0,0,0
"MtrElec",6,10,24,"",105.844,0,0,0,0,0,0,0,0,0,0,0,0,0,0,0,0,0,0,0,0,105.844,0,0,0
"MtrElec",6,11,1,"",73.1785,0,0,0,0,0,0,0,0,0,0,0,0,0,0,0,0,0,0,0,0,73.1785,0,0,0
"MtrElec",6,11,2,"",60.0888,0,0,0,0,0,0,0,0,0,0,0,0,0,0,0,0,0,0,0,0,60.0888,0,0,0
"MtrElec",6,11,3,"",57.8948,0,0,0,0,0,0,0,0,0,0,0,0,0,0,0,0,0,0,0,0,57.8948,0,0,0
"MtrElec",6,11,4,"",57.487,0,0,0,0,0,0,0,0,0,0,0,0,0,0,0,0,0,0,0,0,57.487,0,0,0
"MtrElec",6,11,5,"",56.7773,0,0,0,0,0,0,0,0,0,0,0,0,0,0,0,0,0,0,0,0,56.7773,0,0,0
"MtrElec",6,11,6,"",85.7263,0,0,0,0,0,0,0,0,0,0,0,0,0,0,0,0,0,0,0,0,85.7263,0,0,0
"MtrElec",6,11,7,"",98.3472,0,0,0,0,0,0,0,0,0,0,0,0,0,0,0,0,0,0,0,0,111.196,0,0,-12.849
"MtrElec",6,11,8,"",89.7004,0,0,0,0,0,0,0,0,0,0,0,0,0,0,0,0,0,0,0,0,140.651,0,0,-50.9507
"MtrElec",6,11,9,"",46.2974,0,0,0,0,0,0,0,0,0,0,0,0,0,0,0,0,0,0,0,0,159.817,0,0,-113.519
"MtrElec",6,11,10,"",0,0,0,0,0,0,0,0,0,0,0,0,0,0,0,0,0,0,0,0,0,154.551,0,16.893,-171.444
"MtrElec",6,11,11,"",0,0,0,0,0,0,0,0,0,0,0,0,0,0,0,0,0,0,0,0,0,166.558,0,25.0464,-191.604
"MtrElec",6,11,12,"",0.0000039,0,0,0,0,0,0,0,0,0,0,0,0,0,0,0,0,0,0,0,0,151.989,0,56.4275,-208.416
"MtrElec",6,11,13,"",0,0,0,0,0,0,0,0,0,0,0,0,0,0,0,0,0,0,0,0,0,180.172,0,25.5684,-205.74
"MtrElec",6,11,14,"",0,0,0,0,0,0,0,0,0,0,0,0,0,0,0,0,0,0,0,0,0,153.066,0,60.6395,-213.705
"MtrElec",6,11,15,"",0.0000039,0,0,0,0,0,0,0,0,0,0,0,0,0,0,0,0,0,0,0,0,144.676,0,58.599,-203.275
"MtrElec",6,11,16,"",0,0,0,0,0,0,0,0,0,0,0,0,0,0,0,0,0,0,0,0,0,164.45,0,8.62634,-173.077
"MtrElec",6,11,17,"",40.1663,0,0,0,0,0,0,0,0,0,0,0,0,0,0,0,0,0,0,0,0,170.746,0,0,-130.58
"MtrElec",6,11,18,"",93.4276,0,0,0,0,0,0,0,0,0,0,0,0,0,0,0,0,0,0,0,0,186.459,0,0,-93.0312
"MtrElec",6,11,19,"",50.849,0,0,0,0,0,0,0,0,0,0,0,0,0,0,0,0,0,0,0,0,179.041,0,-94.4224,-33.7697
"MtrElec",6,11,20,"",114.642,0,0,0,0,0,0,0,0,0,0,0,0,0,0,0,0,0,0,0,0,214.743,0,-94.4224,-5.67847
"MtrElec",6,11,21,"",180.407,0,0,0,0,0,0,0,0,0,0,0,0,0,0,0,0,0,0,0,0,218.811,0,-38.4047,0
"MtrElec",6,11,22,"",120.823,0,0,0,0,0,0,0,0,0,0,0,0,0,0,0,0,0,0,0,0,120.823,0,0,0
"MtrElec",6,11,23,"",169.934,0,0,0,0,0,0,0,0,0,0,0,0,0,0,0,0,0,0,0,0,169.934,0,0,0
"MtrElec",6,11,24,"",122.86,0,0,0,0,0,0,0,0,0,0,0,0,0,0,0,0,0,0,0,0,122.86,0,0,0
"MtrElec",6,12,1,"",95.3294,0,0,0,0,0,0,0,0,0,0,0,0,0,0,0,0,0,0,0,0,95.3294,0,0,0
"MtrElec",6,12,2,"",66.1054,0,0,0,0,0,0,0,0,0,0,0,0,0,0,0,0,0,0,0,0,66.1054,0,0,0
"MtrElec",6,12,3,"",60.355,0,0,0,0,0,0,0,0,0,0,0,0,0,0,0,0,0,0,0,0,60.355,0,0,0
"MtrElec",6,12,4,"",58.3002,0,0,0,0,0,0,0,0,0,0,0,0,0,0,0,0,0,0,0,0,58.3002,0,0,0
"MtrElec",6,12,5,"",83.1231,0,0,0,0,0,0,0,0,0,0,0,0,0,0,0,0,0,0,0,0,83.1231,0,0,0
"MtrElec",6,12,6,"",61.5884,0,0,0,0,0,0,0,0,0,0,0,0,0,0,0,0,0,0,0,0,61.5884,0,0,0
"MtrElec",6,12,7,"",67.6747,0,0,0,0,0,0,0,0,0,0,0,0,0,0,0,0,0,0,0,0,81.2488,0,0,-13.5741
"MtrElec",6,12,8,"",111.253,0,0,0,0,0,0,0,0,0,0,0,0,0,0,0,0,0,0,0,0,136.781,0,0,-25.528
"MtrElec",6,12,9,"",49.2471,0,0,0,0,0,0,0,0,0,0,0,0,0,0,0,0,0,0,0,0,140.159,0,0,-90.9117
"MtrElec",6,12,10,"",0,0,0,0,0,0,0,0,0,0,0,0,0,0,0,0,0,0,0,0,0,110.367,0,51.644,-162.011
"MtrElec",6,12,11,"",0.0000039,0,0,0,0,0,0,0,0,0,0,0,0,0,0,0,0,0,0,0,0,143.142,0,60.1812,-203.323
"MtrElec",6,12,12,"",-22.4965,0,0,0,0,0,0,0,0,0,0,0,0,0,0,0,0,0,0,0,0,100.825,0,94.4224,-217.744
"MtrElec",6,12,13,"",-22.8526,0,0,0,0,0,0,0,0,0,0,0,0,0,0,0,0,0,0,0,0,124.1,0,94.4224,-241.375
"MtrElec",6,12,14,"",-100.135,0,0,0,0,0,0,0,0,0,0,0,0,0,0,0,0,0,0,0,0,107.159,0,51.6284,-258.922
"MtrElec",6,12,15,"",-146.57,0,0,0,0,0,0,0,0,0,0,0,0,0,0,0,0,0,0,0,0,102.829,0,0,-249.399
"MtrElec",6,12,16,"",-80.7766,0,0,0,0,0,0,0,0,0,0,0,0,0,0,0,0,0,0,0,0,128.61,0,0,-209.386
"MtrElec",6,12,17,"",-21.7744,0,0,0,0,0,0,0,0,0,0,0,0,0,0,0,0,0,0,0,0,137.423,0,0,-159.197
"MtrElec",6,12,18,"",50.367,0,0,0,0,0,0,0,0,0,0,0,0,0,0,0,0,0,0,0,0,151.743,0,0,-101.376
"MtrElec",6,12,19,"",73.8982,0,0,0,0,0,0,0,0,0,0,0,0,0,0,0,0,0,0,0,0,203.308,0,-94.4224,-34.9876
"MtrElec",6,12,20,"",61.791,0,0,0,0,0,0,0,0,0,0,0,0,0,0,0,0,0,0,0,0,162.082,0,-94.4224,-5.86907
"MtrElec",6,12,21,"",83.7769,0,0,0,0,0,0,0,0,0,0,0,0,0,0,0,0,0,0,0,0,178.199,0,-94.4224,0
"MtrElec",6,12,22,"",75.1663,0,0,0,0,0,0,0,0,0,0,0,0,0,0,0,0,0,0,0,0,109.848,0,-34.6821,0
"MtrElec",6,12,23,"",153.545,0,0,0,0,0,0,0,0,0,0,0,0,0,0,0,0,0,0,0,0,153.545,0,0,0
"MtrElec",6,12,24,"",96.351,0,0,0,0,0,0,0,0,0,0,0,0,0,0,0,0,0,0,0,0,96.351,0,0,0
"MtrElec",6,13,1,"",70.2529,0,0,0,0,0,0,0,0,0,0,0,0,0,0,0,0,0,0,0,0,70.2529,0,0,0
"MtrElec",6,13,2,"",60.4751,0,0,0,0,0,0,0,0,0,0,0,0,0,0,0,0,0,0,0,0,60.4751,0,0,0
"MtrElec",6,13,3,"",59.9841,0,0,0,0,0,0,0,0,0,0,0,0,0,0,0,0,0,0,0,0,59.9841,0,0,0
"MtrElec",6,13,4,"",63.3508,0,0,0,0,0,0,0,0,0,0,0,0,0,0,0,0,0,0,0,0,63.3508,0,0,0
"MtrElec",6,13,5,"",87.9189,0,0,0,0,0,0,0,0,0,0,0,0,0,0,0,0,0,0,0,0,87.9189,0,0,0
"MtrElec",6,13,6,"",59.2597,0,0,0,0,0,0,0,0,0,0,0,0,0,0,0,0,0,0,0,0,59.2597,0,0,0
"MtrElec",6,13,7,"",71.7588,0,0,0,0,0,0,0,0,0,0,0,0,0,0,0,0,0,0,0,0,92.7512,0,0,-20.9924
"MtrElec",6,13,8,"",24.6733,0,0,0,0,0,0,0,0,0,0,0,0,0,0,0,0,0,0,0,0,85.4369,0,0,-60.7636
"MtrElec",6,13,9,"",72.7571,0,0,0,0,0,0,0,0,0,0,0,0,0,0,0,0,0,0,0,0,133.412,0,0,-60.6552
"MtrElec",6,13,10,"",0,0,0,0,0,0,0,0,0,0,0,0,0,0,0,0,0,0,0,0,0,129.093,0,37.9676,-167.061
"MtrElec",6,13,11,"",0,0,0,0,0,0,0,0,0,0,0,0,0,0,0,0,0,0,0,0,0,205.804,0,22.4566,-228.26
"MtrElec",6,13,12,"",-15.3527,0,0,0,0,0,0,0,0,0,0,0,0,0,0,0,0,0,0,0,0,151.022,0,94.4224,-260.797
"MtrElec",6,13,13,"",-2.68435,0,0,0,0,0,0,0,0,0,0,0,0,0,0,0,0,0,0,0,0,177.436,0,94.4224,-274.543
"MtrElec",6,13,14,"",-45.0195,0,0,0,0,0,0,0,0,0,0,0,0,0,0,0,0,0,0,0,0,130.728,0,94.4224,-270.169
"MtrElec",6,13,15,"",-50.7106,0,0,0,0,0,0,0,0,0,0,0,0,0,0,0,0,0,0,0,0,191.755,0,8.60698,-251.072
"MtrElec",6,13,16,"",-69.7671,0,0,0,0,0,0,0,0,0,0,0,0,0,0,0,0,0,0,0,0,148.027,0,0,-217.794
"MtrElec",6,13,17,"",15.419,0,0,0,0,0,0,0,0,0,0,0,0,0,0,0,0,0,0,0,0,183.226,0,0,-167.807
"MtrElec",6,13,18,"",89.1179,0,0,0,0,0,0,0,0,0,0,0,0,0,0,0,0,0,0,0,0,192.561,0,0,-103.444
"MtrElec",6,13,19,"",109.466,0,0,0,0,0,0,0,0,0,0,0,0,0,0,0,0,0,0,0,0,239.841,0,-94.4224,-35.9528
"MtrElec",6,13,20,"",117.339,0,0,0,0,0,0,0,0,0,0,0,0,0,0,0,0,0,0,0,0,217.821,0,-94.4224,-6.05922
"MtrElec",6,13,21,"",77.4225,0,0,0,0,0,0,0,0,0,0,0,0,0,0,0,0,0,0,0,0,171.845,0,-94.4224,0
"MtrElec",6,13,22,"",144.008,0,0,0,0,0,0,0,0,0,0,0,0,0,0,0,0,0,0,0,0,178.69,0,-34.6821,0
"MtrElec",6,13,23,"",111.199,0,0,0,0,0,0,0,0,0,0,0,0,0,0,0,0,0,0,0,0,111.199,0,0,0
"MtrElec",6,13,24,"",79.9826,0,0,0,0,0,0,0,0,0,0,0,0,0,0,0,0,0,0,0,0,79.9826,0,0,0
"MtrElec",6,14,1,"",66.5688,0,0,0,0,0,0,0,0,0,0,0,0,0,0,0,0,0,0,0,0,66.5688,0,0,0
"MtrElec",6,14,2,"",61.3653,0,0,0,0,0,0,0,0,0,0,0,0,0,0,0,0,0,0,0,0,61.3653,0,0,0
"MtrElec",6,14,3,"",59.9974,0,0,0,0,0,0,0,0,0,0,0,0,0,0,0,0,0,0,0,0,59.9974,0,0,0
"MtrElec",6,14,4,"",60.905,0,0,0,0,0,0,0,0,0,0,0,0,0,0,0,0,0,0,0,0,60.905,0,0,0
"MtrElec",6,14,5,"",72.0299,0,0,0,0,0,0,0,0,0,0,0,0,0,0,0,0,0,0,0,0,72.0299,0,0,0
"MtrElec",6,14,6,"",59.2535,0,0,0,0,0,0,0,0,0,0,0,0,0,0,0,0,0,0,0,0,59.2535,0,0,0
"MtrElec",6,14,7,"",74.4872,0,0,0,0,0,0,0,0,0,0,0,0,0,0,0,0,0,0,0,0,92.4031,0,0,-17.9159
"MtrElec",6,14,8,"",47.2462,0,0,0,0,0,0,0,0,0,0,0,0,0,0,0,0,0,0,0,0,78.0769,0,0,-30.8308
"MtrElec",6,14,9,"",56.0244,0,0,0,0,0,0,0,0,0,0,0,0,0,0,0,0,0,0,0,0,120.838,0,0,-64.8131
"MtrElec",6,14,10,"",0,0,0,0,0,0,0,0,0,0,0,0,0,0,0,0,0,0,0,0,0,141.976,0,32.2543,-174.231
"MtrElec",6,14,11,"",0,0,0,0,0,0,0,0,0,0,0,0,0,0,0,0,0,0,0,0,0,143.488,0,88.1811,-231.669
"MtrElec",6,14,12,"",0,0,0,0,0,0,0,0,0,0,0,0,0,0,0,0,0,0,0,0,0,166.976,0,92.5827,-259.559
"MtrElec",6,14,13,"",-27.0105,0,0,0,0,0,0,0,0,0,0,0,0,0,0,0,0,0,0,0,0,149.361,0,94.4224,-270.794
"MtrElec",6,14,14,"",-120.415,0,0,0,0,0,0,0,0,0,0,0,0,0,0,0,0,0,0,0,0,102.924,0,44.8579,-268.197
"MtrElec",6,14,15,"",-115.942,0,0,0,0,0,0,0,0,0,0,0,0,0,0,0,0,0,0,0,0,133.593,0,0,-249.535
"MtrElec",6,14,16,"",-97.7439,0,0,0,0,0,0,0,0,0,0,0,0,0,0,0,0,0,0,0,0,118.052,0,0,-215.796
"MtrElec",6,14,17,"",-7.41461,0,0,0,0,0,0,0,0,0,0,0,0,0,0,0,0,0,0,0,0,160.204,0,0,-167.619
"MtrElec",6,14,18,"",79.0837,0,0,0,0,0,0,0,0,0,0,0,0,0,0,0,0,0,0,0,0,183.269,0,0,-104.186
"MtrElec",6,14,19,"",80.5268,0,0,0,0,0,0,0,0,0,0,0,0,0,0,0,0,0,0,0,0,211.965,0,-94.4224,-37.0156
"MtrElec",6,14,20,"",60.6523,0,0,0,0,0,0,0,0,0,0,0,0,0,0,0,0,0,0,0,0,161.567,0,-94.4224,-6.49251
"MtrElec",6,14,21,"",51.0658,0,0,0,0,0,0,0,0,0,0,0,0,0,0,0,0,0,0,0,0,145.488,0,-94.4224,0
"MtrElec",6,14,22,"",69.1831,0,0,0,0,0,0,0,0,0,0,0,0,0,0,0,0,0,0,0,0,103.865,0,-34.6821,0
"MtrElec",6,14,23,"",117.721,0,0,0,0,0,0,0,0,0,0,0,0,0,0,0,0,0,0,0,0,117.721,0,0,0
"MtrElec",6,14,24,"",85.8348,0,0,0,0,0,0,0,0,0,0,0,0,0,0,0,0,0,0,0,0,85.8348,0,0,0
"MtrElec",6,15,1,"",67.1799,0,0,0,0,0,0,0,0,0,0,0,0,0,0,0,0,0,0,0,0,67.1799,0,0,0
"MtrElec",6,15,2,"",65.1903,0,0,0,0,0,0,0,0,0,0,0,0,0,0,0,0,0,0,0,0,65.1903,0,0,0
"MtrElec",6,15,3,"",59.909,0,0,0,0,0,0,0,0,0,0,0,0,0,0,0,0,0,0,0,0,59.909,0,0,0
"MtrElec",6,15,4,"",57.386,0,0,0,0,0,0,0,0,0,0,0,0,0,0,0,0,0,0,0,0,57.386,0,0,0
"MtrElec",6,15,5,"",56.7603,0,0,0,0,0,0,0,0,0,0,0,0,0,0,0,0,0,0,0,0,56.7603,0,0,0
"MtrElec",6,15,6,"",89.2449,0,0,0,0,0,0,0,0,0,0,0,0,0,0,0,0,0,0,0,0,89.2449,0,0,0
"MtrElec",6,15,7,"",55.3457,0,0,0,0,0,0,0,0,0,0,0,0,0,0,0,0,0,0,0,0,76.7981,0,0,-21.4523
"MtrElec",6,15,8,"",60.4522,0,0,0,0,0,0,0,0,0,0,0,0,0,0,0,0,0,0,0,0,120.2,0,0,-59.7479
"MtrElec",6,15,9,"",107.233,0,0,0,0,0,0,0,0,0,0,0,0,0,0,0,0,0,0,0,0,142.83,0,0,-35.5971
"MtrElec",6,15,10,"",16.8781,0,0,0,0,0,0,0,0,0,0,0,0,0,0,0,0,0,0,0,0,103.859,0,0,-86.9813
"MtrElec",6,15,11,"",-28.8303,0,0,0,0,0,0,0,0,0,0,0,0,0,0,0,0,0,0,0,0,96.9696,0,94.4224,-220.222
"MtrElec",6,15,12,"",-36.0282,0,0,0,0,0,0,0,0,0,0,0,0,0,0,0,0,0,0,0,0,132.041,0,94.4224,-262.491
"MtrElec",6,15,13,"",-35.8221,0,0,0,0,0,0,0,0,0,0,0,0,0,0,0,0,0,0,0,0,143.02,0,94.4224,-273.264
"MtrElec",6,15,14,"",-97.9798,0,0,0,0,0,0,0,0,0,0,0,0,0,0,0,0,0,0,0,0,101.633,0,69.0312,-268.644
"MtrElec",6,15,15,"",-152.359,0,0,0,0,0,0,0,0,0,0,0,0,0,0,0,0,0,0,0,0,100.625,0,0,-252.983
"MtrElec",6,15,16,"",-121.674,0,0,0,0,0,0,0,0,0,0,0,0,0,0,0,0,0,0,0,0,98.5812,0,0,-220.255
"MtrElec",6,15,17,"",-9.13664,0,0,0,0,0,0,0,0,0,0,0,0,0,0,0,0,0,0,0,0,160.326,0,0,-169.463
"MtrElec",6,15,18,"",42.7053,0,0,0,0,0,0,0,0,0,0,0,0,0,0,0,0,0,0,0,0,147.541,0,0,-104.836
"MtrElec",6,15,19,"",53.1533,0,0,0,0,0,0,0,0,0,0,0,0,0,0,0,0,0,0,0,0,184.536,0,-94.4224,-36.96
"MtrElec",6,15,20,"",54.04,0,0,0,0,0,0,0,0,0,0,0,0,0,0,0,0,0,0,0,0,154.961,0,-94.4224,-6.49885
"MtrElec",6,15,21,"",105.482,0,0,0,0,0,0,0,0,0,0,0,0,0,0,0,0,0,0,0,0,199.904,0,-94.4224,0
"MtrElec",6,15,22,"",93.7318,0,0,0,0,0,0,0,0,0,0,0,0,0,0,0,0,0,0,0,0,128.414,0,-34.6821,0
"MtrElec",6,15,23,"",147.465,0,0,0,0,0,0,0,0,0,0,0,0,0,0,0,0,0,0,0,0,147.465,0,0,0
"MtrElec",6,15,24,"",84.6491,0,0,0,0,0,0,0,0,0,0,0,0,0,0,0,0,0,0,0,0,84.6491,0,0,0
"MtrElec",6,16,1,"",86.2869,0,0,0,0,0,0,0,0,0,0,0,0,0,0,0,0,0,0,0,0,86.2869,0,0,0
"MtrElec",6,16,2,"",59.2562,0,0,0,0,0,0,0,0,0,0,0,0,0,0,0,0,0,0,0,0,59.2562,0,0,0
"MtrElec",6,16,3,"",57.4591,0,0,0,0,0,0,0,0,0,0,0,0,0,0,0,0,0,0,0,0,57.4591,0,0,0
"MtrElec",6,16,4,"",57.3007,0,0,0,0,0,0,0,0,0,0,0,0,0,0,0,0,0,0,0,0,57.3007,0,0,0
"MtrElec",6,16,5,"",56.6774,0,0,0,0,0,0,0,0,0,0,0,0,0,0,0,0,0,0,0,0,56.6774,0,0,0
"MtrElec",6,16,6,"",60.7637,0,0,0,0,0,0,0,0,0,0,0,0,0,0,0,0,0,0,0,0,60.7637,0,0,0
"MtrElec",6,16,7,"",87.7932,0,0,0,0,0,0,0,0,0,0,0,0,0,0,0,0,0,0,0,0,104.241,0,0,-16.4473
"MtrElec",6,16,8,"",71.9175,0,0,0,0,0,0,0,0,0,0,0,0,0,0,0,0,0,0,0,0,105.061,0,0,-33.1436
"MtrElec",6,16,9,"",56.2251,0,0,0,0,0,0,0,0,0,0,0,0,0,0,0,0,0,0,0,0,147.569,0,0,-91.3442
"MtrElec",6,16,10,"",0,0,0,0,0,0,0,0,0,0,0,0,0,0,0,0,0,0,0,0,0,139.966,0,42.0097,-181.976
"MtrElec",6,16,11,"",0,0,0,0,0,0,0,0,0,0,0,0,0,0,0,0,0,0,0,0,0,173.032,0,55.6652,-228.697
"MtrElec",6,16,12,"",-57.7547,0,0,0,0,0,0,0,0,0,0,0,0,0,0,0,0,0,0,0,0,101.731,0,94.4224,-253.908
"MtrElec",6,16,13,"",-14.761,0,0,0,0,0,0,0,0,0,0,0,0,0,0,0,0,0,0,0,0,149.297,0,94.4224,-258.48
"MtrElec",6,16,14,"",-110.895,0,0,0,0,0,0,0,0,0,0,0,0,0,0,0,0,0,0,0,0,86.121,0,65.7787,-262.795
"MtrElec",6,16,15,"",-141.531,0,0,0,0,0,0,0,0,0,0,0,0,0,0,0,0,0,0,0,0,108.869,0,0,-250.4
"MtrElec",6,16,16,"",-67.1343,0,0,0,0,0,0,0,0,0,0,0,0,0,0,0,0,0,0,0,0,150.768,0,0,-217.902
"MtrElec",6,16,17,"",-16.4965,0,0,0,0,0,0,0,0,0,0,0,0,0,0,0,0,0,0,0,0,151.167,0,0,-167.664
"MtrElec",6,16,18,"",72.0398,0,0,0,0,0,0,0,0,0,0,0,0,0,0,0,0,0,0,0,0,175.263,0,0,-103.223
"MtrElec",6,16,19,"",47.103,0,0,0,0,0,0,0,0,0,0,0,0,0,0,0,0,0,0,0,0,177.838,0,-94.4224,-36.3122
"MtrElec",6,16,20,"",95.149,0,0,0,0,0,0,0,0,0,0,0,0,0,0,0,0,0,0,0,0,195.609,0,-94.4224,-6.0377
"MtrElec",6,16,21,"",98.8507,0,0,0,0,0,0,0,0,0,0,0,0,0,0,0,0,0,0,0,0,193.273,0,-94.4224,0
"MtrElec",6,16,22,"",93.236,0,0,0,0,0,0,0,0,0,0,0,0,0,0,0,0,0,0,0,0,127.918,0,-34.6821,0
"MtrElec",6,16,23,"",129.328,0,0,0,0,0,0,0,0,0,0,0,0,0,0,0,0,0,0,0,0,129.328,0,0,0
"MtrElec",6,16,24,"",90.0788,0,0,0,0,0,0,0,0,0,0,0,0,0,0,0,0,0,0,0,0,90.0788,0,0,0
"MtrElec",6,17,1,"",73.3972,0,0,0,0,0,0,0,0,0,0,0,0,0,0,0,0,0,0,0,0,73.3972,0,0,0
"MtrElec",6,17,2,"",63.8193,0,0,0,0,0,0,0,0,0,0,0,0,0,0,0,0,0,0,0,0,63.8193,0,0,0
"MtrElec",6,17,3,"",60.4198,0,0,0,0,0,0,0,0,0,0,0,0,0,0,0,0,0,0,0,0,60.4198,0,0,0
"MtrElec",6,17,4,"",65.4128,0,0,0,0,0,0,0,0,0,0,0,0,0,0,0,0,0,0,0,0,65.4128,0,0,0
"MtrElec",6,17,5,"",56.879,0,0,0,0,0,0,0,0,0,0,0,0,0,0,0,0,0,0,0,0,56.879,0,0,0
"MtrElec",6,17,6,"",60.8153,0,0,0,0,0,0,0,0,0,0,0,0,0,0,0,0,0,0,0,0,60.8153,0,0,0
"MtrElec",6,17,7,"",93.1328,0,0,0,0,0,0,0,0,0,0,0,0,0,0,0,0,0,0,0,0,105.773,0,0,-12.6397
"MtrElec",6,17,8,"",91.6082,0,0,0,0,0,0,0,0,0,0,0,0,0,0,0,0,0,0,0,0,143.739,0,0,-52.131
"MtrElec",6,17,9,"",18.1223,0,0,0,0,0,0,0,0,0,0,0,0,0,0,0,0,0,0,0,0,138.781,0,0,-120.658
"MtrElec",6,17,10,"",12.7732,0,0,0,0,0,0,0,0,0,0,0,0,0,0,0,0,0,0,0,0,190.424,0,0,-177.65
"MtrElec",6,17,11,"",0,0,0,0,0,0,0,0,0,0,0,0,0,0,0,0,0,0,0,0,0,140.127,0,84.4851,-224.612
"MtrElec",6,17,12,"",0.0000078,0,0,0,0,0,0,0,0,0,0,0,0,0,0,0,0,0,0,0,0,167.21,0,88.6767,-255.886
"MtrElec",6,17,13,"",0.0000078,0,0,0,0,0,0,0,0,0,0,0,0,0,0,0,0,0,0,0,0,194.77,0,72.6911,-267.461
"MtrElec",6,17,14,"",-65.7872,0,0,0,0,0,0,0,0,0,0,0,0,0,0,0,0,0,0,0,0,107.68,0,94.4224,-267.89
"MtrElec",6,17,15,"",-105.618,0,0,0,0,0,0,0,0,0,0,0,0,0,0,0,0,0,0,0,0,133.573,0,12.0231,-251.214
"MtrElec",6,17,16,"",-69.3003,0,0,0,0,0,0,0,0,0,0,0,0,0,0,0,0,0,0,0,0,147.322,0,0,-216.622
"MtrElec",6,17,17,"",-0.661172,0,0,0,0,0,0,0,0,0,0,0,0,0,0,0,0,0,0,0,0,166.74,0,0,-167.401
"MtrElec",6,17,18,"",71.9271,0,0,0,0,0,0,0,0,0,0,0,0,0,0,0,0,0,0,0,0,175.336,0,0,-103.408
"MtrElec",6,17,19,"",63.7553,0,0,0,0,0,0,0,0,0,0,0,0,0,0,0,0,0,0,0,0,194.618,0,-94.4224,-36.4402
"MtrElec",6,17,20,"",76.6097,0,0,0,0,0,0,0,0,0,0,0,0,0,0,0,0,0,0,0,0,177.038,0,-94.4224,-6.00571
"MtrElec",6,17,21,"",85.7696,0,0,0,0,0,0,0,0,0,0,0,0,0,0,0,0,0,0,0,0,180.192,0,-94.4224,0
"MtrElec",6,17,22,"",121.747,0,0,0,0,0,0,0,0,0,0,0,0,0,0,0,0,0,0,0,0,156.429,0,-34.6821,0
"MtrElec",6,17,23,"",107.834,0,0,0,0,0,0,0,0,0,0,0,0,0,0,0,0,0,0,0,0,107.834,0,0,0
"MtrElec",6,17,24,"",85.846,0,0,0,0,0,0,0,0,0,0,0,0,0,0,0,0,0,0,0,0,85.846,0,0,0
"MtrElec",6,18,1,"",69.3528,0,0,0,0,0,0,0,0,0,0,0,0,0,0,0,0,0,0,0,0,69.3528,0,0,0
"MtrElec",6,18,2,"",63.0891,0,0,0,0,0,0,0,0,0,0,0,0,0,0,0,0,0,0,0,0,63.0891,0,0,0
"MtrElec",6,18,3,"",59.4159,0,0,0,0,0,0,0,0,0,0,0,0,0,0,0,0,0,0,0,0,59.4159,0,0,0
"MtrElec",6,18,4,"",82.0671,0,0,0,0,0,0,0,0,0,0,0,0,0,0,0,0,0,0,0,0,82.0671,0,0,0
"MtrElec",6,18,5,"",57.241,0,0,0,0,0,0,0,0,0,0,0,0,0,0,0,0,0,0,0,0,57.241,0,0,0
"MtrElec",6,18,6,"",61.5963,0,0,0,0,0,0,0,0,0,0,0,0,0,0,0,0,0,0,0,0,61.5963,0,0,0
"MtrElec",6,18,7,"",80.7417,0,0,0,0,0,0,0,0,0,0,0,0,0,0,0,0,0,0,0,0,92.3424,0,0,-11.6007
"MtrElec",6,18,8,"",105.881,0,0,0,0,0,0,0,0,0,0,0,0,0,0,0,0,0,0,0,0,157.261,0,0,-51.3808
"MtrElec",6,18,9,"",52.5163,0,0,0,0,0,0,0,0,0,0,0,0,0,0,0,0,0,0,0,0,173.827,0,0,-121.311
"MtrElec",6,18,10,"",0,0,0,0,0,0,0,0,0,0,0,0,0,0,0,0,0,0,0,0,0,158.948,0,22.5543,-181.503
"MtrElec",6,18,11,"",0,0,0,0,0,0,0,0,0,0,0,0,0,0,0,0,0,0,0,0,0,168.567,0,59.2519,-227.818
"MtrElec",6,18,12,"",-12.8643,0,0,0,0,0,0,0,0,0,0,0,0,0,0,0,0,0,0,0,0,151.401,0,94.4224,-258.688
"MtrElec",6,18,13,"",-12.8916,0,0,0,0,0,0,0,0,0,0,0,0,0,0,0,0,0,0,0,0,165.326,0,94.4224,-272.64
"MtrElec",6,18,14,"",-80.2475,0,0,0,0,0,0,0,0,0,0,0,0,0,0,0,0,0,0,0,0,108.252,0,81.6474,-270.146
"MtrElec",6,18,15,"",-110.256,0,0,0,0,0,0,0,0,0,0,0,0,0,0,0,0,0,0,0,0,142.304,0,0,-252.56
"MtrElec",6,18,16,"",-103.832,0,0,0,0,0,0,0,0,0,0,0,0,0,0,0,0,0,0,0,0,116.318,0,0,-220.149
"MtrElec",6,18,17,"",-25.5062,0,0,0,0,0,0,0,0,0,0,0,0,0,0,0,0,0,0,0,0,142.659,0,0,-168.165
"MtrElec",6,18,18,"",80.8317,0,0,0,0,0,0,0,0,0,0,0,0,0,0,0,0,0,0,0,0,183.895,0,0,-103.063
"MtrElec",6,18,19,"",44.033,0,0,0,0,0,0,0,0,0,0,0,0,0,0,0,0,0,0,0,0,175.228,0,-94.4224,-36.773
"MtrElec",6,18,20,"",101.404,0,0,0,0,0,0,0,0,0,0,0,0,0,0,0,0,0,0,0,0,202.472,0,-94.4224,-6.64585
"MtrElec",6,18,21,"",102.157,0,0,0,0,0,0,0,0,0,0,0,0,0,0,0,0,0,0,0,0,196.579,0,-94.4224,0
"MtrElec",6,18,22,"",114.797,0,0,0,0,0,0,0,0,0,0,0,0,0,0,0,0,0,0,0,0,149.479,0,-34.6821,0
"MtrElec",6,18,23,"",145.955,0,0,0,0,0,0,0,0,0,0,0,0,0,0,0,0,0,0,0,0,145.955,0,0,0
"MtrElec",6,18,24,"",96.7171,0,0,0,0,0,0,0,0,0,0,0,0,0,0,0,0,0,0,0,0,96.7171,0,0,0
"MtrElec",6,19,1,"",69.1436,0,0,0,0,0,0,0,0,0,0,0,0,0,0,0,0,0,0,0,0,69.1436,0,0,0
"MtrElec",6,19,2,"",65.1688,0,0,0,0,0,0,0,0,0,0,0,0,0,0,0,0,0,0,0,0,65.1688,0,0,0
"MtrElec",6,19,3,"",64.4669,0,0,0,0,0,0,0,0,0,0,0,0,0,0,0,0,0,0,0,0,64.4669,0,0,0
"MtrElec",6,19,4,"",69.1634,0,0,0,0,0,0,0,0,0,0,0,0,0,0,0,0,0,0,0,0,69.1634,0,0,0
"MtrElec",6,19,5,"",61.2605,0,0,0,0,0,0,0,0,0,0,0,0,0,0,0,0,0,0,0,0,61.2605,0,0,0
"MtrElec",6,19,6,"",60.8514,0,0,0,0,0,0,0,0,0,0,0,0,0,0,0,0,0,0,0,0,60.8514,0,0,0
"MtrElec",6,19,7,"",95.83,0,0,0,0,0,0,0,0,0,0,0,0,0,0,0,0,0,0,0,0,108.49,0,0,-12.6603
"MtrElec",6,19,8,"",49.9903,0,0,0,0,0,0,0,0,0,0,0,0,0,0,0,0,0,0,0,0,102.121,0,0,-52.1302
"MtrElec",6,19,9,"",29.2577,0,0,0,0,0,0,0,0,0,0,0,0,0,0,0,0,0,0,0,0,152.549,0,0,-123.291
"MtrElec",6,19,10,"",3.58161,0,0,0,0,0,0,0,0,0,0,0,0,0,0,0,0,0,0,0,0,186.528,0,0,-182.947
"MtrElec",6,19,11,"",0.0000039,0,0,0,0,0,0,0,0,0,0,0,0,0,0,0,0,0,0,0,0,173.109,0,55.1122,-228.222
"MtrElec",6,19,12,"",-7.61135,0,0,0,0,0,0,0,0,0,0,0,0,0,0,0,0,0,0,0,0,158.726,0,94.4224,-260.759
"MtrElec",6,19,13,"",-51.2649,0,0,0,0,0,0,0,0,0,0,0,0,0,0,0,0,0,0,0,0,130.279,0,94.4224,-275.966
"MtrElec",6,19,14,"",-58.3125,0,0,0,0,0,0,0,0,0,0,0,0,0,0,0,0,0,0,0,0,121.863,0,94.4224,-274.598
"MtrElec",6,19,15,"",-135.1,0,0,0,0,0,0,0,0,0,0,0,0,0,0,0,0,0,0,0,0,108.073,0,13.919,-257.092
"MtrElec",6,19,16,"",-63.1406,0,0,0,0,0,0,0,0,0,0,0,0,0,0,0,0,0,0,0,0,159.03,0,0,-222.171
"MtrElec",6,19,17,"",-19.1958,0,0,0,0,0,0,0,0,0,0,0,0,0,0,0,0,0,0,0,0,150.88,0,0,-170.076
"MtrElec",6,19,18,"",58.6965,0,0,0,0,0,0,0,0,0,0,0,0,0,0,0,0,0,0,0,0,163.781,0,0,-105.084
"MtrElec",6,19,19,"",41.213,0,0,0,0,0,0,0,0,0,0,0,0,0,0,0,0,0,0,0,0,172.944,0,-94.4224,-37.3088
"MtrElec",6,19,20,"",62.1237,0,0,0,0,0,0,0,0,0,0,0,0,0,0,0,0,0,0,0,0,163.215,0,-94.4224,-6.66913
"MtrElec",6,19,21,"",101.797,0,0,0,0,0,0,0,0,0,0,0,0,0,0,0,0,0,0,0,0,196.22,0,-94.4224,0
"MtrElec",6,19,22,"",104.256,0,0,0,0,0,0,0,0,0,0,0,0,0,0,0,0,0,0,0,0,138.938,0,-34.6821,0
"MtrElec",6,19,23,"",128.604,0,0,0,0,0,0,0,0,0,0,0,0,0,0,0,0,0,0,0,0,128.604,0,0,0
"MtrElec",6,19,24,"",103.569,0,0,0,0,0,0,0,0,0,0,0,0,0,0,0,0,0,0,0,0,103.569,0,0,0
"MtrElec",6,20,1,"",68.8467,0,0,0,0,0,0,0,0,0,0,0,0,0,0,0,0,0,0,0,0,68.8467,0,0,0
"MtrElec",6,20,2,"",74.6259,0,0,0,0,0,0,0,0,0,0,0,0,0,0,0,0,0,0,0,0,74.6259,0,0,0
"MtrElec",6,20,3,"",74.6641,0,0,0,0,0,0,0,0,0,0,0,0,0,0,0,0,0,0,0,0,74.6641,0,0,0
"MtrElec",6,20,4,"",61.3022,0,0,0,0,0,0,0,0,0,0,0,0,0,0,0,0,0,0,0,0,61.3022,0,0,0
"MtrElec",6,20,5,"",72.3558,0,0,0,0,0,0,0,0,0,0,0,0,0,0,0,0,0,0,0,0,72.3558,0,0,0
"MtrElec",6,20,6,"",59.291,0,0,0,0,0,0,0,0,0,0,0,0,0,0,0,0,0,0,0,0,59.291,0,0,0
"MtrElec",6,20,7,"",53.3474,0,0,0,0,0,0,0,0,0,0,0,0,0,0,0,0,0,0,0,0,64.9777,0,0,-11.6303
"MtrElec",6,20,8,"",54.0527,0,0,0,0,0,0,0,0,0,0,0,0,0,0,0,0,0,0,0,0,105.128,0,0,-51.0757
"MtrElec",6,20,9,"",0.0000010,0,0,0,0,0,0,0,0,0,0,0,0,0,0,0,0,0,0,0,0,104.108,0,15.582,-119.69
"MtrElec",6,20,10,"",0.0000020,0,0,0,0,0,0,0,0,0,0,0,0,0,0,0,0,0,0,0,0,149.407,0,28.7885,-178.195
"MtrElec",6,20,11,"",0,0,0,0,0,0,0,0,0,0,0,0,0,0,0,0,0,0,0,0,0,156.469,0,67.793,-224.262
"MtrElec",6,20,12,"",0,0,0,0,0,0,0,0,0,0,0,0,0,0,0,0,0,0,0,0,0,177.78,0,74.7133,-252.494
"MtrElec",6,20,13,"",0,0,0,0,0,0,0,0,0,0,0,0,0,0,0,0,0,0,0,0,0,186.166,0,81.384,-267.55
"MtrElec",6,20,14,"",-54.04,0,0,0,0,0,0,0,0,0,0,0,0,0,0,0,0,0,0,0,0,133.256,0,84.0376,-271.333
"MtrElec",6,20,15,"",-72.3368,0,0,0,0,0,0,0,0,0,0,0,0,0,0,0,0,0,0,0,0,181.226,0,0,-253.562
"MtrElec",6,20,16,"",-79.5363,0,0,0,0,0,0,0,0,0,0,0,0,0,0,0,0,0,0,0,0,140.158,0,0,-219.695
"MtrElec",6,20,17,"",-6.645,0,0,0,0,0,0,0,0,0,0,0,0,0,0,0,0,0,0,0,0,162.871,0,0,-169.516
"MtrElec",6,20,18,"",65.2683,0,0,0,0,0,0,0,0,0,0,0,0,0,0,0,0,0,0,0,0,170.291,0,0,-105.023
"MtrElec",6,20,19,"",118.471,0,0,0,0,0,0,0,0,0,0,0,0,0,0,0,0,0,0,0,0,250.374,0,-94.4224,-37.4803
"MtrElec",6,20,20,"",81.1662,0,0,0,0,0,0,0,0,0,0,0,0,0,0,0,0,0,0,0,0,181.864,0,-94.4224,-6.2754
"MtrElec",6,20,21,"",86.5537,0,0,0,0,0,0,0,0,0,0,0,0,0,0,0,0,0,0,0,0,180.976,0,-94.4224,0
"MtrElec",6,20,22,"",115.554,0,0,0,0,0,0,0,0,0,0,0,0,0,0,0,0,0,0,0,0,150.236,0,-34.6821,0
"MtrElec",6,20,23,"",150.084,0,0,0,0,0,0,0,0,0,0,0,0,0,0,0,0,0,0,0,0,150.084,0,0,0
"MtrElec",6,20,24,"",121.685,0,0,0,0,0,0,0,0,0,0,0,0,0,0,0,0,0,0,0,0,121.685,0,0,0
"MtrElec",6,21,1,"",85.3288,0,0,0,0,0,0,0,0,0,0,0,0,0,0,0,0,0,0,0,0,85.3288,0,0,0
"MtrElec",6,21,2,"",63.693,0,0,0,0,0,0,0,0,0,0,0,0,0,0,0,0,0,0,0,0,63.693,0,0,0
"MtrElec",6,21,3,"",61.3377,0,0,0,0,0,0,0,0,0,0,0,0,0,0,0,0,0,0,0,0,61.3377,0,0,0
"MtrElec",6,21,4,"",60.7317,0,0,0,0,0,0,0,0,0,0,0,0,0,0,0,0,0,0,0,0,60.7317,0,0,0
"MtrElec",6,21,5,"",64.7662,0,0,0,0,0,0,0,0,0,0,0,0,0,0,0,0,0,0,0,0,64.7662,0,0,0
"MtrElec",6,21,6,"",59.304,0,0,0,0,0,0,0,0,0,0,0,0,0,0,0,0,0,0,0,0,59.304,0,0,0
"MtrElec",6,21,7,"",70.8662,0,0,0,0,0,0,0,0,0,0,0,0,0,0,0,0,0,0,0,0,81.4973,0,0,-10.6311
"MtrElec",6,21,8,"",76.5433,0,0,0,0,0,0,0,0,0,0,0,0,0,0,0,0,0,0,0,0,123.753,0,0,-47.2096
"MtrElec",6,21,9,"",38.9071,0,0,0,0,0,0,0,0,0,0,0,0,0,0,0,0,0,0,0,0,155.497,0,0,-116.59
"MtrElec",6,21,10,"",8.86502,0,0,0,0,0,0,0,0,0,0,0,0,0,0,0,0,0,0,0,0,186.743,0,0,-177.878
"MtrElec",6,21,11,"",0.0000039,0,0,0,0,0,0,0,0,0,0,0,0,0,0,0,0,0,0,0,0,171.427,0,52.3588,-223.786
"MtrElec",6,21,12,"",0,0,0,0,0,0,0,0,0,0,0,0,0,0,0,0,0,0,0,0,0,200.37,0,55.5225,-255.892
"MtrElec",6,21,13,"",-38.2854,0,0,0,0,0,0,0,0,0,0,0,0,0,0,0,0,0,0,0,0,134.3,0,94.4224,-267.008
"MtrElec",6,21,14,"",-9.55357,0,0,0,0,0,0,0,0,0,0,0,0,0,0,0,0,0,0,0,0,161.899,0,94.4224,-265.875
"MtrElec",6,21,15,"",-45.6164,0,0,0,0,0,0,0,0,0,0,0,0,0,0,0,0,0,0,0,0,149.212,0,55.5723,-250.4
"MtrElec",6,21,16,"",-81.2939,0,0,0,0,0,0,0,0,0,0,0,0,0,0,0,0,0,0,0,0,134.842,0,0,-216.136
"MtrElec",6,21,17,"",6.91295,0,0,0,0,0,0,0,0,0,0,0,0,0,0,0,0,0,0,0,0,173.117,0,0,-166.204
"MtrElec",6,21,18,"",63.4593,0,0,0,0,0,0,0,0,0,0,0,0,0,0,0,0,0,0,0,0,167.218,0,0,-103.758
"MtrElec",6,21,19,"",89.8787,0,0,0,0,0,0,0,0,0,0,0,0,0,0,0,0,0,0,0,0,220.544,0,-94.4224,-36.2425
"MtrElec",6,21,20,"",75.9453,0,0,0,0,0,0,0,0,0,0,0,0,0,0,0,0,0,0,0,0,177.027,0,-94.4224,-6.6592
"MtrElec",6,21,21,"",65.2814,0,0,0,0,0,0,0,0,0,0,0,0,0,0,0,0,0,0,0,0,159.704,0,-94.4224,0
"MtrElec",6,21,22,"",90.8837,0,0,0,0,0,0,0,0,0,0,0,0,0,0,0,0,0,0,0,0,125.566,0,-34.6821,0
"MtrElec",6,21,23,"",132.95,0,0,0,0,0,0,0,0,0,0,0,0,0,0,0,0,0,0,0,0,132.95,0,0,0
"MtrElec",6,21,24,"",107.759,0,0,0,0,0,0,0,0,0,0,0,0,0,0,0,0,0,0,0,0,107.759,0,0,0
"MtrElec",6,22,1,"",80.3791,0,0,0,0,0,0,0,0,0,0,0,0,0,0,0,0,0,0,0,0,80.3791,0,0,0
"MtrElec",6,22,2,"",62.8202,0,0,0,0,0,0,0,0,0,0,0,0,0,0,0,0,0,0,0,0,62.8202,0,0,0
"MtrElec",6,22,3,"",59.2071,0,0,0,0,0,0,0,0,0,0,0,0,0,0,0,0,0,0,0,0,59.2071,0,0,0
"MtrElec",6,22,4,"",58.2432,0,0,0,0,0,0,0,0,0,0,0,0,0,0,0,0,0,0,0,0,58.2432,0,0,0
"MtrElec",6,22,5,"",57.1902,0,0,0,0,0,0,0,0,0,0,0,0,0,0,0,0,0,0,0,0,57.1902,0,0,0
"MtrElec",6,22,6,"",61.6891,0,0,0,0,0,0,0,0,0,0,0,0,0,0,0,0,0,0,0,0,61.6891,0,0,0
"MtrElec",6,22,7,"",106.666,0,0,0,0,0,0,0,0,0,0,0,0,0,0,0,0,0,0,0,0,118.952,0,0,-12.2862
"MtrElec",6,22,8,"",60.2267,0,0,0,0,0,0,0,0,0,0,0,0,0,0,0,0,0,0,0,0,110.242,0,0,-50.0158
"MtrElec",6,22,9,"",10.1006,0,0,0,0,0,0,0,0,0,0,0,0,0,0,0,0,0,0,0,0,128.289,0,0,-118.188
"MtrElec",6,22,10,"",0,0,0,0,0,0,0,0,0,0,0,0,0,0,0,0,0,0,0,0,0,170.191,0,6.95942,-177.15
"MtrElec",6,22,11,"",0,0,0,0,0,0,0,0,0,0,0,0,0,0,0,0,0,0,0,0,0,180.455,0,42.2681,-222.723
"MtrElec",6,22,12,"",-12.6041,0,0,0,0,0,0,0,0,0,0,0,0,0,0,0,0,0,0,0,0,149.79,0,94.4224,-256.816
"MtrElec",6,22,13,"",-66.8083,0,0,0,0,0,0,0,0,0,0,0,0,0,0,0,0,0,0,0,0,108.506,0,94.4224,-269.737
"MtrElec",6,22,14,"",-49.218,0,0,0,0,0,0,0,0,0,0,0,0,0,0,0,0,0,0,0,0,124.555,0,94.4224,-268.195
"MtrElec",6,22,15,"",-124.593,0,0,0,0,0,0,0,0,0,0,0,0,0,0,0,0,0,0,0,0,106.104,0,19.8037,-250.5
"MtrElec",6,22,16,"",-101.471,0,0,0,0,0,0,0,0,0,0,0,0,0,0,0,0,0,0,0,0,113.572,0,0,-215.043
"MtrElec",6,22,17,"",-24.3513,0,0,0,0,0,0,0,0,0,0,0,0,0,0,0,0,0,0,0,0,141.379,0,0,-165.73
"MtrElec",6,22,18,"",60.5232,0,0,0,0,0,0,0,0,0,0,0,0,0,0,0,0,0,0,0,0,163.735,0,0,-103.212
"MtrElec",6,22,19,"",54.8094,0,0,0,0,0,0,0,0,0,0,0,0,0,0,0,0,0,0,0,0,186.34,0,-94.4224,-37.1086
"MtrElec",6,22,20,"",84.9545,0,0,0,0,0,0,0,0,0,0,0,0,0,0,0,0,0,0,0,0,185.645,0,-94.4224,-6.26806
"MtrElec",6,22,21,"",48.5114,0,0,0,0,0,0,0,0,0,0,0,0,0,0,0,0,0,0,0,0,142.934,0,-94.4224,0
"MtrElec",6,22,22,"",130.2,0,0,0,0,0,0,0,0,0,0,0,0,0,0,0,0,0,0,0,0,164.882,0,-34.6821,0
"MtrElec",6,22,23,"",132.957,0,0,0,0,0,0,0,0,0,0,0,0,0,0,0,0,0,0,0,0,132.957,0,0,0
"MtrElec",6,22,24,"",147.183,0,0,0,0,0,0,0,0,0,0,0,0,0,0,0,0,0,0,0,0,147.183,0,0,0
"MtrElec",6,23,1,"",68.3452,0,0,0,0,0,0,0,0,0,0,0,0,0,0,0,0,0,0,0,0,68.3452,0,0,0
"MtrElec",6,23,2,"",65.9655,0,0,0,0,0,0,0,0,0,0,0,0,0,0,0,0,0,0,0,0,65.9655,0,0,0
"MtrElec",6,23,3,"",60.2389,0,0,0,0,0,0,0,0,0,0,0,0,0,0,0,0,0,0,0,0,60.2389,0,0,0
"MtrElec",6,23,4,"",58.0514,0,0,0,0,0,0,0,0,0,0,0,0,0,0,0,0,0,0,0,0,58.0514,0,0,0
"MtrElec",6,23,5,"",57.31,0,0,0,0,0,0,0,0,0,0,0,0,0,0,0,0,0,0,0,0,57.31,0,0,0
"MtrElec",6,23,6,"",61.6157,0,0,0,0,0,0,0,0,0,0,0,0,0,0,0,0,0,0,0,0,61.6157,0,0,0
"MtrElec",6,23,7,"",93.21,0,0,0,0,0,0,0,0,0,0,0,0,0,0,0,0,0,0,0,0,113.409,0,0,-20.199
"MtrElec",6,23,8,"",70.7805,0,0,0,0,0,0,0,0,0,0,0,0,0,0,0,0,0,0,0,0,128.217,0,0,-57.4364
"MtrElec",6,23,9,"",120.57,0,0,0,0,0,0,0,0,0,0,0,0,0,0,0,0,0,0,0,0,160.366,0,0,-39.7963
"MtrElec",6,23,10,"",58.1005,0,0,0,0,0,0,0,0,0,0,0,0,0,0,0,0,0,0,0,0,140.741,0,0,-82.6404
"MtrElec",6,23,11,"",-6.0605,0,0,0,0,0,0,0,0,0,0,0,0,0,0,0,0,0,0,0,0,106.512,0,94.4224,-206.995
"MtrElec",6,23,12,"",-22.0296,0,0,0,0,0,0,0,0,0,0,0,0,0,0,0,0,0,0,0,0,131.419,0,94.4224,-247.871
"MtrElec",6,23,13,"",-6.15441,0,0,0,0,0,0,0,0,0,0,0,0,0,0,0,0,0,0,0,0,135.277,0,94.4224,-235.854
"MtrElec",6,23,14,"",-42.7168,0,0,0,0,0,0,0,0,0,0,0,0,0,0,0,0,0,0,0,0,132.713,0,69.0312,-244.461
"MtrElec",6,23,15,"",-132.598,0,0,0,0,0,0,0,0,0,0,0,0,0,0,0,0,0,0,0,0,114.714,0,0,-247.312
"MtrElec",6,23,16,"",-80.975,0,0,0,0,0,0,0,0,0,0,0,0,0,0,0,0,0,0,0,0,109.887,0,0,-190.862
"MtrElec",6,23,17,"",13.5799,0,0,0,0,0,0,0,0,0,0,0,0,0,0,0,0,0,0,0,0,146.567,0,0,-132.987
"MtrElec",6,23,18,"",63.0474,0,0,0,0,0,0,0,0,0,0,0,0,0,0,0,0,0,0,0,0,147.428,0,0,-84.3802
"MtrElec",6,23,19,"",57.7138,0,0,0,0,0,0,0,0,0,0,0,0,0,0,0,0,0,0,0,0,185.213,0,-94.4224,-33.0771
"MtrElec",6,23,20,"",54.1943,0,0,0,0,0,0,0,0,0,0,0,0,0,0,0,0,0,0,0,0,155.207,0,-94.4224,-6.58987
"MtrElec",6,23,21,"",67.5877,0,0,0,0,0,0,0,0,0,0,0,0,0,0,0,0,0,0,0,0,162.01,0,-94.4224,0
"MtrElec",6,23,22,"",69.2732,0,0,0,0,0,0,0,0,0,0,0,0,0,0,0,0,0,0,0,0,103.955,0,-34.6821,0
"MtrElec",6,23,23,"",101.692,0,0,0,0,0,0,0,0,0,0,0,0,0,0,0,0,0,0,0,0,101.692,0,0,0
"MtrElec",6,23,24,"",95.8146,0,0,0,0,0,0,0,0,0,0,0,0,0,0,0,0,0,0,0,0,95.8146,0,0,0
"MtrElec",6,24,1,"",63.8401,0,0,0,0,0,0,0,0,0,0,0,0,0,0,0,0,0,0,0,0,63.8401,0,0,0
"MtrElec",6,24,2,"",60.171,0,0,0,0,0,0,0,0,0,0,0,0,0,0,0,0,0,0,0,0,60.171,0,0,0
"MtrElec",6,24,3,"",65.8615,0,0,0,0,0,0,0,0,0,0,0,0,0,0,0,0,0,0,0,0,65.8615,0,0,0
"MtrElec",6,24,4,"",73.5357,0,0,0,0,0,0,0,0,0,0,0,0,0,0,0,0,0,0,0,0,73.5357,0,0,0
"MtrElec",6,24,5,"",65.9423,0,0,0,0,0,0,0,0,0,0,0,0,0,0,0,0,0,0,0,0,65.9423,0,0,0
"MtrElec",6,24,6,"",67.9917,0,0,0,0,0,0,0,0,0,0,0,0,0,0,0,0,0,0,0,0,67.9917,0,0,0
"MtrElec",6,24,7,"",117.615,0,0,0,0,0,0,0,0,0,0,0,0,0,0,0,0,0,0,0,0,119.209,0,0,-1.59399
"MtrElec",6,24,8,"",73.8476,0,0,0,0,0,0,0,0,0,0,0,0,0,0,0,0,0,0,0,0,87.6852,0,0,-13.8376
"MtrElec",6,24,9,"",80.5991,0,0,0,0,0,0,0,0,0,0,0,0,0,0,0,0,0,0,0,0,124.687,0,0,-44.0877
"MtrElec",6,24,10,"",77.3466,0,0,0,0,0,0,0,0,0,0,0,0,0,0,0,0,0,0,0,0,149.229,0,0,-71.882
"MtrElec",6,24,11,"",21.591,0,0,0,0,0,0,0,0,0,0,0,0,0,0,0,0,0,0,0,0,118.362,0,0,-96.7707
"MtrElec",6,24,12,"",0,0,0,0,0,0,0,0,0,0,0,0,0,0,0,0,0,0,0,0,0,83.1617,0,72.1987,-155.36
"MtrElec",6,24,13,"",0,0,0,0,0,0,0,0,0,0,0,0,0,0,0,0,0,0,0,0,0,119.806,0,72.8052,-192.611
"MtrElec",6,24,14,"",-14.5886,0,0,0,0,0,0,0,0,0,0,0,0,0,0,0,0,0,0,0,0,86.4046,0,94.4224,-195.416
"MtrElec",6,24,15,"",0,0,0,0,0,0,0,0,0,0,0,0,0,0,0,0,0,0,0,0,0,120.979,0,94.4117,-215.391
"MtrElec",6,24,16,"",-77.776,0,0,0,0,0,0,0,0,0,0,0,0,0,0,0,0,0,0,0,0,108.339,0,18.4605,-204.575
"MtrElec",6,24,17,"",-34.7347,0,0,0,0,0,0,0,0,0,0,0,0,0,0,0,0,0,0,0,0,126.437,0,0,-161.171
"MtrElec",6,24,18,"",76.3193,0,0,0,0,0,0,0,0,0,0,0,0,0,0,0,0,0,0,0,0,176.528,0,0,-100.209
"MtrElec",6,24,19,"",50.9723,0,0,0,0,0,0,0,0,0,0,0,0,0,0,0,0,0,0,0,0,181.411,0,-94.4224,-36.0161
"MtrElec",6,24,20,"",67.9338,0,0,0,0,0,0,0,0,0,0,0,0,0,0,0,0,0,0,0,0,168.628,0,-94.4224,-6.27172
"MtrElec",6,24,21,"",52.5248,0,0,0,0,0,0,0,0,0,0,0,0,0,0,0,0,0,0,0,0,146.947,0,-94.4224,0
"MtrElec",6,24,22,"",128.142,0,0,0,0,0,0,0,0,0,0,0,0,0,0,0,0,0,0,0,0,162.824,0,-34.6821,0
"MtrElec",6,24,23,"",97.1388,0,0,0,0,0,0,0,0,0,0,0,0,0,0,0,0,0,0,0,0,97.1388,0,0,0
"MtrElec",6,24,24,"",111.819,0,0,0,0,0,0,0,0,0,0,0,0,0,0,0,0,0,0,0,0,111.819,0,0,0
"MtrElec",6,25,1,"",82.3766,0,0,0,0,0,0,0,0,0,0,0,0,0,0,0,0,0,0,0,0,82.3766,0,0,0
"MtrElec",6,25,2,"",62.9919,0,0,0,0,0,0,0,0,0,0,0,0,0,0,0,0,0,0,0,0,62.9919,0,0,0
"MtrElec",6,25,3,"",65.739,0,0,0,0,0,0,0,0,0,0,0,0,0,0,0,0,0,0,0,0,65.739,0,0,0
"MtrElec",6,25,4,"",65.7199,0,0,0,0,0,0,0,0,0,0,0,0,0,0,0,0,0,0,0,0,65.7199,0,0,0
"MtrElec",6,25,5,"",65.6311,0,0,0,0,0,0,0,0,0,0,0,0,0,0,0,0,0,0,0,0,65.6311,0,0,0
"MtrElec",6,25,6,"",73.9854,0,0,0,0,0,0,0,0,0,0,0,0,0,0,0,0,0,0,0,0,73.9854,0,0,0
"MtrElec",6,25,7,"",117.258,0,0,0,0,0,0,0,0,0,0,0,0,0,0,0,0,0,0,0,0,125.795,0,0,-8.53728
"MtrElec",6,25,8,"",69.6709,0,0,0,0,0,0,0,0,0,0,0,0,0,0,0,0,0,0,0,0,116.093,0,0,-46.4217
"MtrElec",6,25,9,"",16.71,0,0,0,0,0,0,0,0,0,0,0,0,0,0,0,0,0,0,0,0,129.012,0,0,-112.302
"MtrElec",6,25,10,"",0,0,0,0,0,0,0,0,0,0,0,0,0,0,0,0,0,0,0,0,0,115.349,0,54.0167,-169.365
"MtrElec",6,25,11,"",0.0000078,0,0,0,0,0,0,0,0,0,0,0,0,0,0,0,0,0,0,0,0,120.454,0,91.796,-212.25
"MtrElec",6,25,12,"",-0.373648,0,0,0,0,0,0,0,0,0,0,0,0,0,0,0,0,0,0,0,0,145.24,0,94.4224,-240.036
"MtrElec",6,25,13,"",-51.1727,0,0,0,0,0,0,0,0,0,0,0,0,0,0,0,0,0,0,0,0,112.623,0,94.4224,-258.219
"MtrElec",6,25,14,"",-114.817,0,0,0,0,0,0,0,0,0,0,0,0,0,0,0,0,0,0,0,0,126.022,0,17.6409,-258.48
"MtrElec",6,25,15,"",-145.687,0,0,0,0,0,0,0,0,0,0,0,0,0,0,0,0,0,0,0,0,98.1321,0,0,-243.819
"MtrElec",6,25,16,"",-65.1561,0,0,0,0,0,0,0,0,0,0,0,0,0,0,0,0,0,0,0,0,146.224,0,0,-211.38
"MtrElec",6,25,17,"",-26.641,0,0,0,0,0,0,0,0,0,0,0,0,0,0,0,0,0,0,0,0,134.828,0,0,-161.469
"MtrElec",6,25,18,"",72.6217,0,0,0,0,0,0,0,0,0,0,0,0,0,0,0,0,0,0,0,0,172.712,0,0,-100.091
"MtrElec",6,25,19,"",74.5912,0,0,0,0,0,0,0,0,0,0,0,0,0,0,0,0,0,0,0,0,204.72,0,-94.4224,-35.7066
"MtrElec",6,25,20,"",77.8577,0,0,0,0,0,0,0,0,0,0,0,0,0,0,0,0,0,0,0,0,178.042,0,-94.4224,-5.76197
"MtrElec",6,25,21,"",80.4951,0,0,0,0,0,0,0,0,0,0,0,0,0,0,0,0,0,0,0,0,174.918,0,-94.4224,0
"MtrElec",6,25,22,"",92.2366,0,0,0,0,0,0,0,0,0,0,0,0,0,0,0,0,0,0,0,0,126.919,0,-34.6821,0
"MtrElec",6,25,23,"",153.115,0,0,0,0,0,0,0,0,0,0,0,0,0,0,0,0,0,0,0,0,153.115,0,0,0
"MtrElec",6,25,24,"",96.498,0,0,0,0,0,0,0,0,0,0,0,0,0,0,0,0,0,0,0,0,96.498,0,0,0
"MtrElec",6,26,1,"",72.6352,0,0,0,0,0,0,0,0,0,0,0,0,0,0,0,0,0,0,0,0,72.6352,0,0,0
"MtrElec",6,26,2,"",70.1782,0,0,0,0,0,0,0,0,0,0,0,0,0,0,0,0,0,0,0,0,70.1782,0,0,0
"MtrElec",6,26,3,"",65.233,0,0,0,0,0,0,0,0,0,0,0,0,0,0,0,0,0,0,0,0,65.233,0,0,0
"MtrElec",6,26,4,"",67.9951,0,0,0,0,0,0,0,0,0,0,0,0,0,0,0,0,0,0,0,0,67.9951,0,0,0
"MtrElec",6,26,5,"",58.669,0,0,0,0,0,0,0,0,0,0,0,0,0,0,0,0,0,0,0,0,58.669,0,0,0
"MtrElec",6,26,6,"",67.6535,0,0,0,0,0,0,0,0,0,0,0,0,0,0,0,0,0,0,0,0,67.6535,0,0,0
"MtrElec",6,26,7,"",96.5137,0,0,0,0,0,0,0,0,0,0,0,0,0,0,0,0,0,0,0,0,106.59,0,0,-10.0765
"MtrElec",6,26,8,"",94.2351,0,0,0,0,0,0,0,0,0,0,0,0,0,0,0,0,0,0,0,0,139.892,0,0,-45.6569
"MtrElec",6,26,9,"",29.535,0,0,0,0,0,0,0,0,0,0,0,0,0,0,0,0,0,0,0,0,139.811,0,0,-110.276
"MtrElec",6,26,10,"",9.40314,0,0,0,0,0,0,0,0,0,0,0,0,0,0,0,0,0,0,0,0,175.855,0,0,-166.452
"MtrElec",6,26,11,"",0,0,0,0,0,0,0,0,0,0,0,0,0,0,0,0,0,0,0,0,0,163.765,0,44.1166,-207.881
"MtrElec",6,26,12,"",0,0,0,0,0,0,0,0,0,0,0,0,0,0,0,0,0,0,0,0,0,176.18,0,62.0623,-238.242
"MtrElec",6,26,13,"",-15.1564,0,0,0,0,0,0,0,0,0,0,0,0,0,0,0,0,0,0,0,0,146.156,0,94.4224,-255.735
"MtrElec",6,26,14,"",-6.66327,0,0,0,0,0,0,0,0,0,0,0,0,0,0,0,0,0,0,0,0,155.051,0,94.4224,-256.136
"MtrElec",6,26,15,"",-30.9133,0,0,0,0,0,0,0,0,0,0,0,0,0,0,0,0,0,0,0,0,152.451,0,57.2748,-240.639
"MtrElec",6,26,16,"",-29.401,0,0,0,0,0,0,0,0,0,0,0,0,0,0,0,0,0,0,0,0,177.619,0,0,-207.02
"MtrElec",6,26,17,"",27.378,0,0,0,0,0,0,0,0,0,0,0,0,0,0,0,0,0,0,0,0,185.868,0,0,-158.49
"MtrElec",6,26,18,"",121.659,0,0,0,0,0,0,0,0,0,0,0,0,0,0,0,0,0,0,0,0,220.108,0,0,-98.449
"MtrElec",6,26,19,"",79.6868,0,0,0,0,0,0,0,0,0,0,0,0,0,0,0,0,0,0,0,0,209.895,0,-94.4224,-35.7854
"MtrElec",6,26,20,"",106.227,0,0,0,0,0,0,0,0,0,0,0,0,0,0,0,0,0,0,0,0,206.016,0,-94.4224,-5.36688
"MtrElec",6,26,21,"",75.5001,0,0,0,0,0,0,0,0,0,0,0,0,0,0,0,0,0,0,0,0,169.923,0,-94.4224,0
"MtrElec",6,26,22,"",132.288,0,0,0,0,0,0,0,0,0,0,0,0,0,0,0,0,0,0,0,0,166.97,0,-34.6821,0
"MtrElec",6,26,23,"",160.608,0,0,0,0,0,0,0,0,0,0,0,0,0,0,0,0,0,0,0,0,160.608,0,0,0
"MtrElec",6,26,24,"",119.006,0,0,0,0,0,0,0,0,0,0,0,0,0,0,0,0,0,0,0,0,119.006,0,0,0
"MtrElec",6,27,1,"",87.3068,0,0,0,0,0,0,0,0,0,0,0,0,0,0,0,0,0,0,0,0,87.3068,0,0,0
"MtrElec",6,27,2,"",74.3823,0,0,0,0,0,0,0,0,0,0,0,0,0,0,0,0,0,0,0,0,74.3823,0,0,0
"MtrElec",6,27,3,"",71.4263,0,0,0,0,0,0,0,0,0,0,0,0,0,0,0,0,0,0,0,0,71.4263,0,0,0
"MtrElec",6,27,4,"",91.8783,0,0,0,0,0,0,0,0,0,0,0,0,0,0,0,0,0,0,0,0,91.8783,0,0,0
"MtrElec",6,27,5,"",73.0099,0,0,0,0,0,0,0,0,0,0,0,0,0,0,0,0,0,0,0,0,73.0099,0,0,0
"MtrElec",6,27,6,"",68.1227,0,0,0,0,0,0,0,0,0,0,0,0,0,0,0,0,0,0,0,0,68.1227,0,0,0
"MtrElec",6,27,7,"",76.8764,0,0,0,0,0,0,0,0,0,0,0,0,0,0,0,0,0,0,0,0,86.5612,0,0,-9.6848
"MtrElec",6,27,8,"",79.1519,0,0,0,0,0,0,0,0,0,0,0,0,0,0,0,0,0,0,0,0,125.253,0,0,-46.1013
"MtrElec",6,27,9,"",34.3237,0,0,0,0,0,0,0,0,0,0,0,0,0,0,0,0,0,0,0,0,145.034,0,0,-110.711
"MtrElec",6,27,10,"",6.2858,0,0,0,0,0,0,0,0,0,0,0,0,0,0,0,0,0,0,0,0,173.192,0,0,-166.906
"MtrElec",6,27,11,"",35.9796,0,0,0,0,0,0,0,0,0,0,0,0,0,0,0,0,0,0,0,0,248.882,0,0,-212.902
"MtrElec",6,27,12,"",0,0,0,0,0,0,0,0,0,0,0,0,0,0,0,0,0,0,0,0,0,234.254,0,11.1777,-245.432
"MtrElec",6,27,13,"",0,0,0,0,0,0,0,0,0,0,0,0,0,0,0,0,0,0,0,0,0,253.138,0,6.19917,-259.337
"MtrElec",6,27,14,"",0,0,0,0,0,0,0,0,0,0,0,0,0,0,0,0,0,0,0,0,0,202.721,0,55.8543,-258.575
"MtrElec",6,27,15,"",0,0,0,0,0,0,0,0,0,0,0,0,0,0,0,0,0,0,0,0,0,210.927,0,30.6096,-241.537
"MtrElec",6,27,16,"",0.000000,0,0,0,0,0,0,0,0,0,0,0,0,0,0,0,0,0,0,0,0,208.302,0,0.0874531,-208.389
"MtrElec",6,27,17,"",93.841,0,0,0,0,0,0,0,0,0,0,0,0,0,0,0,0,0,0,0,0,254.786,0,0,-160.945
"MtrElec",6,27,18,"",151.331,0,0,0,0,0,0,0,0,0,0,0,0,0,0,0,0,0,0,0,0,251.83,0,0,-100.5
"MtrElec",6,27,19,"",161.028,0,0,0,0,0,0,0,0,0,0,0,0,0,0,0,0,0,0,0,0,290.249,0,-93.7952,-35.425
"MtrElec",6,27,20,"",242.338,0,0,0,0,0,0,0,0,0,0,0,0,0,0,0,0,0,0,0,0,248.076,0,0,-5.73759
"MtrElec",6,27,21,"",160.115,0,0,0,0,0,0,0,0,0,0,0,0,0,0,0,0,0,0,0,0,160.115,0,0,0
"MtrElec",6,27,22,"",148.146,0,0,0,0,0,0,0,0,0,0,0,0,0,0,0,0,0,0,0,0,148.146,0,0,0
"MtrElec",6,27,23,"",148.275,0,0,0,0,0,0,0,0,0,0,0,0,0,0,0,0,0,0,0,0,148.275,0,0,0
"MtrElec",6,27,24,"",103.026,0,0,0,0,0,0,0,0,0,0,0,0,0,0,0,0,0,0,0,0,103.026,0,0,0
"MtrElec",6,28,1,"",88.4996,0,0,0,0,0,0,0,0,0,0,0,0,0,0,0,0,0,0,0,0,88.4996,0,0,0
"MtrElec",6,28,2,"",77.9964,0,0,0,0,0,0,0,0,0,0,0,0,0,0,0,0,0,0,0,0,77.9964,0,0,0
"MtrElec",6,28,3,"",73.9544,0,0,0,0,0,0,0,0,0,0,0,0,0,0,0,0,0,0,0,0,73.9544,0,0,0
"MtrElec",6,28,4,"",75.1418,0,0,0,0,0,0,0,0,0,0,0,0,0,0,0,0,0,0,0,0,75.1418,0,0,0
"MtrElec",6,28,5,"",97.7291,0,0,0,0,0,0,0,0,0,0,0,0,0,0,0,0,0,0,0,0,97.7291,0,0,0
"MtrElec",6,28,6,"",69.8779,0,0,0,0,0,0,0,0,0,0,0,0,0,0,0,0,0,0,0,0,69.8779,0,0,0
"MtrElec",6,28,7,"",103.882,0,0,0,0,0,0,0,0,0,0,0,0,0,0,0,0,0,0,0,0,114.49,0,0,-10.6079
"MtrElec",6,28,8,"",77.2298,0,0,0,0,0,0,0,0,0,0,0,0,0,0,0,0,0,0,0,0,122.882,0,0,-45.6527
"MtrElec",6,28,9,"",77.4364,0,0,0,0,0,0,0,0,0,0,0,0,0,0,0,0,0,0,0,0,186.387,0,0,-108.95
"MtrElec",6,28,10,"",80.9497,0,0,0,0,0,0,0,0,0,0,0,0,0,0,0,0,0,0,0,0,244.968,0,0,-164.018
"MtrElec",6,28,11,"",21.8133,0,0,0,0,0,0,0,0,0,0,0,0,0,0,0,0,0,0,0,0,229.843,0,0,-208.03
"MtrElec",6,28,12,"",0,0,0,0,0,0,0,0,0,0,0,0,0,0,0,0,0,0,0,0,0,217.084,0,20.8625,-237.946
"MtrElec",6,28,13,"",0,0,0,0,0,0,0,0,0,0,0,0,0,0,0,0,0,0,0,0,0,220.92,0,31.6589,-252.579
"MtrElec",6,28,14,"",0,0,0,0,0,0,0,0,0,0,0,0,0,0,0,0,0,0,0,0,0,200.492,0,52.4526,-252.944
"MtrElec",6,28,15,"",15.296,0,0,0,0,0,0,0,0,0,0,0,0,0,0,0,0,0,0,0,0,252.262,0,0,-236.966
"MtrElec",6,28,16,"",0.0000010,0,0,0,0,0,0,0,0,0,0,0,0,0,0,0,0,0,0,0,0,194.734,0,11.5808,-206.315
"MtrElec",6,28,17,"",81.0947,0,0,0,0,0,0,0,0,0,0,0,0,0,0,0,0,0,0,0,0,239.977,0,0,-158.882
"MtrElec",6,28,18,"",129.606,0,0,0,0,0,0,0,0,0,0,0,0,0,0,0,0,0,0,0,0,228.246,0,0,-98.6399
"MtrElec",6,28,19,"",131.966,0,0,0,0,0,0,0,0,0,0,0,0,0,0,0,0,0,0,0,0,262.333,0,-94.4224,-35.9448
"MtrElec",6,28,20,"",207.229,0,0,0,0,0,0,0,0,0,0,0,0,0,0,0,0,0,0,0,0,223.788,0,-10.7682,-5.79019
"MtrElec",6,28,21,"",198.733,0,0,0,0,0,0,0,0,0,0,0,0,0,0,0,0,0,0,0,0,198.733,0,0,0
"MtrElec",6,28,22,"",174.113,0,0,0,0,0,0,0,0,0,0,0,0,0,0,0,0,0,0,0,0,174.113,0,0,0
"MtrElec",6,28,23,"",148.879,0,0,0,0,0,0,0,0,0,0,0,0,0,0,0,0,0,0,0,0,148.879,0,0,0
"MtrElec",6,28,24,"",125.665,0,0,0,0,0,0,0,0,0,0,0,0,0,0,0,0,0,0,0,0,125.665,0,0,0
"MtrElec",6,29,1,"",87.5388,0,0,0,0,0,0,0,0,0,0,0,0,0,0,0,0,0,0,0,0,87.5388,0,0,0
"MtrElec",6,29,2,"",80.1675,0,0,0,0,0,0,0,0,0,0,0,0,0,0,0,0,0,0,0,0,80.1675,0,0,0
"MtrElec",6,29,3,"",78.3407,0,0,0,0,0,0,0,0,0,0,0,0,0,0,0,0,0,0,0,0,78.3407,0,0,0
"MtrElec",6,29,4,"",75.7734,0,0,0,0,0,0,0,0,0,0,0,0,0,0,0,0,0,0,0,0,75.7734,0,0,0
"MtrElec",6,29,5,"",73.6111,0,0,0,0,0,0,0,0,0,0,0,0,0,0,0,0,0,0,0,0,73.6111,0,0,0
"MtrElec",6,29,6,"",80.505,0,0,0,0,0,0,0,0,0,0,0,0,0,0,0,0,0,0,0,0,80.505,0,0,0
"MtrElec",6,29,7,"",120.604,0,0,0,0,0,0,0,0,0,0,0,0,0,0,0,0,0,0,0,0,130.823,0,0,-10.2192
"MtrElec",6,29,8,"",112.133,0,0,0,0,0,0,0,0,0,0,0,0,0,0,0,0,0,0,0,0,158.26,0,0,-46.1271
"MtrElec",6,29,9,"",43.8092,0,0,0,0,0,0,0,0,0,0,0,0,0,0,0,0,0,0,0,0,150.564,0,0,-106.755
"MtrElec",6,29,10,"",43.0302,0,0,0,0,0,0,0,0,0,0,0,0,0,0,0,0,0,0,0,0,202.125,0,0,-159.094
"MtrElec",6,29,11,"",0,0,0,0,0,0,0,0,0,0,0,0,0,0,0,0,0,0,0,0,0,189.478,0,8.60381,-198.082
"MtrElec",6,29,12,"",0.0000010,0,0,0,0,0,0,0,0,0,0,0,0,0,0,0,0,0,0,0,0,212.91,0,15.7865,-228.696
"MtrElec",6,29,13,"",0,0,0,0,0,0,0,0,0,0,0,0,0,0,0,0,0,0,0,0,0,220.901,0,23.4939,-244.395
"MtrElec",6,29,14,"",0,0,0,0,0,0,0,0,0,0,0,0,0,0,0,0,0,0,0,0,0,211.779,0,29.5203,-241.3
"MtrElec",6,29,15,"",0,0,0,0,0,0,0,0,0,0,0,0,0,0,0,0,0,0,0,0,0,186.208,0,32.2461,-218.454
"MtrElec",6,29,16,"",0.385594,0,0,0,0,0,0,0,0,0,0,0,0,0,0,0,0,0,0,0,0,189.207,0,0,-188.822
"MtrElec",6,29,17,"",86.371,0,0,0,0,0,0,0,0,0,0,0,0,0,0,0,0,0,0,0,0,230.209,0,0,-143.838
"MtrElec",6,29,18,"",128.184,0,0,0,0,0,0,0,0,0,0,0,0,0,0,0,0,0,0,0,0,217.811,0,0,-89.627
"MtrElec",6,29,19,"",119.546,0,0,0,0,0,0,0,0,0,0,0,0,0,0,0,0,0,0,0,0,252.283,0,-94.4224,-38.3151
"MtrElec",6,29,20,"",209.036,0,0,0,0,0,0,0,0,0,0,0,0,0,0,0,0,0,0,0,0,221.011,0,-4.53728,-7.43737
"MtrElec",6,29,21,"",191.605,0,0,0,0,0,0,0,0,0,0,0,0,0,0,0,0,0,0,0,0,191.605,0,0,0
"MtrElec",6,29,22,"",175.052,0,0,0,0,0,0,0,0,0,0,0,0,0,0,0,0,0,0,0,0,175.052,0,0,0
"MtrElec",6,29,23,"",161.197,0,0,0,0,0,0,0,0,0,0,0,0,0,0,0,0,0,0,0,0,161.197,0,0,0
"MtrElec",6,29,24,"",138.579,0,0,0,0,0,0,0,0,0,0,0,0,0,0,0,0,0,0,0,0,138.579,0,0,0
"MtrElec",6,30,1,"",95.1298,0,0,0,0,0,0,0,0,0,0,0,0,0,0,0,0,0,0,0,0,95.1298,0,0,0
"MtrElec",6,30,2,"",86.0794,0,0,0,0,0,0,0,0,0,0,0,0,0,0,0,0,0,0,0,0,86.0794,0,0,0
"MtrElec",6,30,3,"",90.794,0,0,0,0,0,0,0,0,0,0,0,0,0,0,0,0,0,0,0,0,90.794,0,0,0
"MtrElec",6,30,4,"",86.1101,0,0,0,0,0,0,0,0,0,0,0,0,0,0,0,0,0,0,0,0,86.1101,0,0,0
"MtrElec",6,30,5,"",73.2999,0,0,0,0,0,0,0,0,0,0,0,0,0,0,0,0,0,0,0,0,73.2999,0,0,0
"MtrElec",6,30,6,"",77.8261,0,0,0,0,0,0,0,0,0,0,0,0,0,0,0,0,0,0,0,0,77.8261,0,0,0
"MtrElec",6,30,7,"",125.716,0,0,0,0,0,0,0,0,0,0,0,0,0,0,0,0,0,0,0,0,137.743,0,0,-12.0267
"MtrElec",6,30,8,"",109.407,0,0,0,0,0,0,0,0,0,0,0,0,0,0,0,0,0,0,0,0,157.637,0,0,-48.2308
"MtrElec",6,30,9,"",84.2451,0,0,0,0,0,0,0,0,0,0,0,0,0,0,0,0,0,0,0,0,188.309,0,0,-104.064
"MtrElec",6,30,10,"",90.419,0,0,0,0,0,0,0,0,0,0,0,0,0,0,0,0,0,0,0,0,245.394,0,0,-154.975
"MtrElec",6,30,11,"",40.0584,0,0,0,0,0,0,0,0,0,0,0,0,0,0,0,0,0,0,0,0,209.92,0,0,-169.861
"MtrElec",6,30,12,"",0.0000001,0,0,0,0,0,0,0,0,0,0,0,0,0,0,0,0,0,0,0,0,213.95,0,0.5825,-214.532
"MtrElec",6,30,13,"",0.0000005,0,0,0,0,0,0,0,0,0,0,0,0,0,0,0,0,0,0,0,0,206.032,0,6.10902,-212.141
"MtrElec",6,30,14,"",0,0,0,0,0,0,0,0,0,0,0,0,0,0,0,0,0,0,0,0,0,170.755,0,22.4192,-193.175
"MtrElec",6,30,15,"",0,0,0,0,0,0,0,0,0,0,0,0,0,0,0,0,0,0,0,0,0,193.182,0,24.452,-217.634
"MtrElec",6,30,16,"",0,0,0,0,0,0,0,0,0,0,0,0,0,0,0,0,0,0,0,0,0,160.396,0,21.6914,-182.087
"MtrElec",6,30,17,"",54.9223,0,0,0,0,0,0,0,0,0,0,0,0,0,0,0,0,0,0,0,0,193.744,0,0,-138.821
"MtrElec",6,30,18,"",120.545,0,0,0,0,0,0,0,0,0,0,0,0,0,0,0,0,0,0,0,0,209.091,0,0,-88.5462
"MtrElec",6,30,19,"",90.337,0,0,0,0,0,0,0,0,0,0,0,0,0,0,0,0,0,0,0,0,197.398,0,-67.9168,-39.1443
"MtrElec",6,30,20,"",207.517,0,0,0,0,0,0,0,0,0,0,0,0,0,0,0,0,0,0,0,0,214.133,0,0,-6.61537
"MtrElec",6,30,21,"",264.316,0,0,0,0,0,0,0,0,0,0,0,0,0,0,0,0,0,0,0,0,264.316,0,0,0
"MtrElec",6,30,22,"",166.824,0,0,0,0,0,0,0,0,0,0,0,0,0,0,0,0,0,0,0,0,166.824,0,0,0
"MtrElec",6,30,23,"",198.031,0,0,0,0,0,0,0,0,0,0,0,0,0,0,0,0,0,0,0,0,198.031,0,0,0
"MtrElec",6,30,24,"",134.16,0,0,0,0,0,0,0,0,0,0,0,0,0,0,0,0,0,0,0,0,134.16,0,0,0
"MtrElec",7,1,1,"",94.6401,0,0,0,0,0,0,0,0,0,0,0,0,0,0,0,0,0,0,0,0,94.6401,0,0,0
"MtrElec",7,1,2,"",77.3577,0,0,0,0,0,0,0,0,0,0,0,0,0,0,0,0,0,0,0,0,77.3577,0,0,0
"MtrElec",7,1,3,"",70.8323,0,0,0,0,0,0,0,0,0,0,0,0,0,0,0,0,0,0,0,0,70.8323,0,0,0
"MtrElec",7,1,4,"",66.3559,0,0,0,0,0,0,0,0,0,0,0,0,0,0,0,0,0,0,0,0,66.3559,0,0,0
"MtrElec",7,1,5,"",63.1939,0,0,0,0,0,0,0,0,0,0,0,0,0,0,0,0,0,0,0,0,63.1939,0,0,0
"MtrElec",7,1,6,"",73.9459,0,0,0,0,0,0,0,0,0,0,0,0,0,0,0,0,0,0,0,0,73.9459,0,0,0
"MtrElec",7,1,7,"",106.3,0,0,0,0,0,0,0,0,0,0,0,0,0,0,0,0,0,0,0,0,116.471,0,0,-10.1712
"MtrElec",7,1,8,"",103.577,0,0,0,0,0,0,0,0,0,0,0,0,0,0,0,0,0,0,0,0,149.942,0,0,-46.3653
"MtrElec",7,1,9,"",50.3704,0,0,0,0,0,0,0,0,0,0,0,0,0,0,0,0,0,0,0,0,163.211,0,0,-112.841
"MtrElec",7,1,10,"",43.7971,0,0,0,0,0,0,0,0,0,0,0,0,0,0,0,0,0,0,0,0,215.911,0,0,-172.114
"MtrElec",7,1,11,"",0,0,0,0,0,0,0,0,0,0,0,0,0,0,0,0,0,0,0,0,0,194.664,0,20.7141,-215.378
"MtrElec",7,1,12,"",0,0,0,0,0,0,0,0,0,0,0,0,0,0,0,0,0,0,0,0,0,179.842,0,66.0009,-245.843
"MtrElec",7,1,13,"",-16.4154,0,0,0,0,0,0,0,0,0,0,0,0,0,0,0,0,0,0,0,0,151.054,0,94.4224,-261.892
"MtrElec",7,1,14,"",0,0,0,0,0,0,0,0,0,0,0,0,0,0,0,0,0,0,0,0,0,177.657,0,83.0056,-260.663
"MtrElec",7,1,15,"",0,0,0,0,0,0,0,0,0,0,0,0,0,0,0,0,0,0,0,0,0,174.378,0,68.9826,-243.36
"MtrElec",7,1,16,"",0,0,0,0,0,0,0,0,0,0,0,0,0,0,0,0,0,0,0,0,0,201.673,0,8.49706,-210.17
"MtrElec",7,1,17,"",62.2633,0,0,0,0,0,0,0,0,0,0,0,0,0,0,0,0,0,0,0,0,224.856,0,0,-162.593
"MtrElec",7,1,18,"",131.143,0,0,0,0,0,0,0,0,0,0,0,0,0,0,0,0,0,0,0,0,233.148,0,0,-102.005
"MtrElec",7,1,19,"",105.364,0,0,0,0,0,0,0,0,0,0,0,0,0,0,0,0,0,0,0,0,237.238,0,-94.4224,-37.4512
"MtrElec",7,1,20,"",121.09,0,0,0,0,0,0,0,0,0,0,0,0,0,0,0,0,0,0,0,0,221.593,0,-94.4224,-6.07991
"MtrElec",7,1,21,"",136.883,0,0,0,0,0,0,0,0,0,0,0,0,0,0,0,0,0,0,0,0,231.306,0,-94.4224,0
"MtrElec",7,1,22,"",152.142,0,0,0,0,0,0,0,0,0,0,0,0,0,0,0,0,0,0,0,0,177.189,0,-25.0471,0
"MtrElec",7,1,23,"",157.951,0,0,0,0,0,0,0,0,0,0,0,0,0,0,0,0,0,0,0,0,157.951,0,0,0
"MtrElec",7,1,24,"",110.828,0,0,0,0,0,0,0,0,0,0,0,0,0,0,0,0,0,0,0,0,110.828,0,0,0
"MtrElec",7,2,1,"",87.3347,0,0,0,0,0,0,0,0,0,0,0,0,0,0,0,0,0,0,0,0,87.3347,0,0,0
"MtrElec",7,2,2,"",76.867,0,0,0,0,0,0,0,0,0,0,0,0,0,0,0,0,0,0,0,0,76.867,0,0,0
"MtrElec",7,2,3,"",70.7599,0,0,0,0,0,0,0,0,0,0,0,0,0,0,0,0,0,0,0,0,70.7599,0,0,0
"MtrElec",7,2,4,"",66.8418,0,0,0,0,0,0,0,0,0,0,0,0,0,0,0,0,0,0,0,0,66.8418,0,0,0
"MtrElec",7,2,5,"",64.4106,0,0,0,0,0,0,0,0,0,0,0,0,0,0,0,0,0,0,0,0,64.4106,0,0,0
"MtrElec",7,2,6,"",93.871,0,0,0,0,0,0,0,0,0,0,0,0,0,0,0,0,0,0,0,0,93.871,0,0,0
"MtrElec",7,2,7,"",94.0224,0,0,0,0,0,0,0,0,0,0,0,0,0,0,0,0,0,0,0,0,104.648,0,0,-10.6252
"MtrElec",7,2,8,"",117.847,0,0,0,0,0,0,0,0,0,0,0,0,0,0,0,0,0,0,0,0,165.292,0,0,-47.4445
"MtrElec",7,2,9,"",25.8312,0,0,0,0,0,0,0,0,0,0,0,0,0,0,0,0,0,0,0,0,137.664,0,0,-111.833
"MtrElec",7,2,10,"",12.0638,0,0,0,0,0,0,0,0,0,0,0,0,0,0,0,0,0,0,0,0,184.579,0,0,-172.515
"MtrElec",7,2,11,"",0,0,0,0,0,0,0,0,0,0,0,0,0,0,0,0,0,0,0,0,0,184.118,0,34.5385,-218.656
"MtrElec",7,2,12,"",0,0,0,0,0,0,0,0,0,0,0,0,0,0,0,0,0,0,0,0,0,186.66,0,61.0348,-247.695
"MtrElec",7,2,13,"",-19.4494,0,0,0,0,0,0,0,0,0,0,0,0,0,0,0,0,0,0,0,0,147.889,0,94.4224,-261.761
"MtrElec",7,2,14,"",-14.6838,0,0,0,0,0,0,0,0,0,0,0,0,0,0,0,0,0,0,0,0,152.679,0,94.4224,-261.785
"MtrElec",7,2,15,"",0,0,0,0,0,0,0,0,0,0,0,0,0,0,0,0,0,0,0,0,0,182.602,0,61.9112,-244.514
"MtrElec",7,2,16,"",-25.1749,0,0,0,0,0,0,0,0,0,0,0,0,0,0,0,0,0,0,0,0,179.714,0,5.96915,-210.858
"MtrElec",7,2,17,"",57.6923,0,0,0,0,0,0,0,0,0,0,0,0,0,0,0,0,0,0,0,0,220.134,0,0,-162.442
"MtrElec",7,2,18,"",145.873,0,0,0,0,0,0,0,0,0,0,0,0,0,0,0,0,0,0,0,0,247.685,0,0,-101.812
"MtrElec",7,2,19,"",121.953,0,0,0,0,0,0,0,0,0,0,0,0,0,0,0,0,0,0,0,0,253.845,0,-94.4224,-37.4699
"MtrElec",7,2,20,"",124.036,0,0,0,0,0,0,0,0,0,0,0,0,0,0,0,0,0,0,0,0,224.523,0,-94.4224,-6.06488
"MtrElec",7,2,21,"",157.897,0,0,0,0,0,0,0,0,0,0,0,0,0,0,0,0,0,0,0,0,252.319,0,-94.4224,0
"MtrElec",7,2,22,"",156.449,0,0,0,0,0,0,0,0,0,0,0,0,0,0,0,0,0,0,0,0,191.131,0,-34.6821,0
"MtrElec",7,2,23,"",157.796,0,0,0,0,0,0,0,0,0,0,0,0,0,0,0,0,0,0,0,0,157.796,0,0,0
"MtrElec",7,2,24,"",140.662,0,0,0,0,0,0,0,0,0,0,0,0,0,0,0,0,0,0,0,0,140.662,0,0,0
"MtrElec",7,3,1,"",85.2677,0,0,0,0,0,0,0,0,0,0,0,0,0,0,0,0,0,0,0,0,85.2677,0,0,0
"MtrElec",7,3,2,"",77.2693,0,0,0,0,0,0,0,0,0,0,0,0,0,0,0,0,0,0,0,0,77.2693,0,0,0
"MtrElec",7,3,3,"",71.9003,0,0,0,0,0,0,0,0,0,0,0,0,0,0,0,0,0,0,0,0,71.9003,0,0,0
"MtrElec",7,3,4,"",68.9658,0,0,0,0,0,0,0,0,0,0,0,0,0,0,0,0,0,0,0,0,68.9658,0,0,0
"MtrElec",7,3,5,"",64.9549,0,0,0,0,0,0,0,0,0,0,0,0,0,0,0,0,0,0,0,0,64.9549,0,0,0
"MtrElec",7,3,6,"",66.0884,0,0,0,0,0,0,0,0,0,0,0,0,0,0,0,0,0,0,0,0,66.0884,0,0,0
"MtrElec",7,3,7,"",101.248,0,0,0,0,0,0,0,0,0,0,0,0,0,0,0,0,0,0,0,0,111.837,0,0,-10.5889
"MtrElec",7,3,8,"",94.4706,0,0,0,0,0,0,0,0,0,0,0,0,0,0,0,0,0,0,0,0,140.747,0,0,-46.2761
"MtrElec",7,3,9,"",66.5303,0,0,0,0,0,0,0,0,0,0,0,0,0,0,0,0,0,0,0,0,174.777,0,0,-108.247
"MtrElec",7,3,10,"",99.3254,0,0,0,0,0,0,0,0,0,0,0,0,0,0,0,0,0,0,0,0,262.385,0,0,-163.06
"MtrElec",7,3,11,"",5.89411,0,0,0,0,0,0,0,0,0,0,0,0,0,0,0,0,0,0,0,0,215.042,0,0,-209.147
"MtrElec",7,3,12,"",51.1729,0,0,0,0,0,0,0,0,0,0,0,0,0,0,0,0,0,0,0,0,289.26,0,0,-238.087
"MtrElec",7,3,13,"",0,0,0,0,0,0,0,0,0,0,0,0,0,0,0,0,0,0,0,0,0,247.542,0,2.5497,-250.092
"MtrElec",7,3,14,"",0,0,0,0,0,0,0,0,0,0,0,0,0,0,0,0,0,0,0,0,0,208.348,0,39.7164,-248.065
"MtrElec",7,3,15,"",0,0,0,0,0,0,0,0,0,0,0,0,0,0,0,0,0,0,0,0,0,221.449,0,10.7911,-232.24
"MtrElec",7,3,16,"",7.26541,0,0,0,0,0,0,0,0,0,0,0,0,0,0,0,0,0,0,0,0,197.596,0,0,-190.331
"MtrElec",7,3,17,"",96.0359,0,0,0,0,0,0,0,0,0,0,0,0,0,0,0,0,0,0,0,0,249.6,0,0,-153.564
"MtrElec",7,3,18,"",155.573,0,0,0,0,0,0,0,0,0,0,0,0,0,0,0,0,0,0,0,0,251.642,0,0,-96.0685
"MtrElec",7,3,19,"",155.455,0,0,0,0,0,0,0,0,0,0,0,0,0,0,0,0,0,0,0,0,241.152,0,-47.8841,-37.8129
"MtrElec",7,3,20,"",187.936,0,0,0,0,0,0,0,0,0,0,0,0,0,0,0,0,0,0,0,0,195.705,0,0,-7.76907
"MtrElec",7,3,21,"",183.398,0,0,0,0,0,0,0,0,0,0,0,0,0,0,0,0,0,0,0,0,183.398,0,0,0
"MtrElec",7,3,22,"",133.712,0,0,0,0,0,0,0,0,0,0,0,0,0,0,0,0,0,0,0,0,133.712,0,0,0
"MtrElec",7,3,23,"",110.04,0,0,0,0,0,0,0,0,0,0,0,0,0,0,0,0,0,0,0,0,110.04,0,0,0
"MtrElec",7,3,24,"",125.887,0,0,0,0,0,0,0,0,0,0,0,0,0,0,0,0,0,0,0,0,125.887,0,0,0
"MtrElec",7,4,1,"",83.2944,0,0,0,0,0,0,0,0,0,0,0,0,0,0,0,0,0,0,0,0,83.2944,0,0,0
"MtrElec",7,4,2,"",77.5262,0,0,0,0,0,0,0,0,0,0,0,0,0,0,0,0,0,0,0,0,77.5262,0,0,0
"MtrElec",7,4,3,"",76.795,0,0,0,0,0,0,0,0,0,0,0,0,0,0,0,0,0,0,0,0,76.795,0,0,0
"MtrElec",7,4,4,"",77.7265,0,0,0,0,0,0,0,0,0,0,0,0,0,0,0,0,0,0,0,0,77.7265,0,0,0
"MtrElec",7,4,5,"",92.5011,0,0,0,0,0,0,0,0,0,0,0,0,0,0,0,0,0,0,0,0,92.5011,0,0,0
"MtrElec",7,4,6,"",72.3087,0,0,0,0,0,0,0,0,0,0,0,0,0,0,0,0,0,0,0,0,72.3087,0,0,0
"MtrElec",7,4,7,"",94.8863,0,0,0,0,0,0,0,0,0,0,0,0,0,0,0,0,0,0,0,0,106.088,0,0,-11.2016
"MtrElec",7,4,8,"",73.8705,0,0,0,0,0,0,0,0,0,0,0,0,0,0,0,0,0,0,0,0,118.916,0,0,-45.0453
"MtrElec",7,4,9,"",35.4772,0,0,0,0,0,0,0,0,0,0,0,0,0,0,0,0,0,0,0,0,139.274,0,0,-103.797
"MtrElec",7,4,10,"",53.0608,0,0,0,0,0,0,0,0,0,0,0,0,0,0,0,0,0,0,0,0,211.268,0,0,-158.207
"MtrElec",7,4,11,"",24.6846,0,0,0,0,0,0,0,0,0,0,0,0,0,0,0,0,0,0,0,0,226.903,0,0,-202.218
"MtrElec",7,4,12,"",7.30853,0,0,0,0,0,0,0,0,0,0,0,0,0,0,0,0,0,0,0,0,239.104,0,0,-231.796
"MtrElec",7,4,13,"",0.0000039,0,0,0,0,0,0,0,0,0,0,0,0,0,0,0,0,0,0,0,0,203.101,0,43.4203,-246.521
"MtrElec",7,4,14,"",0.0000039,0,0,0,0,0,0,0,0,0,0,0,0,0,0,0,0,0,0,0,0,180.516,0,65.3041,-245.82
"MtrElec",7,4,15,"",0,0,0,0,0,0,0,0,0,0,0,0,0,0,0,0,0,0,0,0,0,224.296,0,6.26214,-230.558
"MtrElec",7,4,16,"",0.0000010,0,0,0,0,0,0,0,0,0,0,0,0,0,0,0,0,0,0,0,0,183.035,0,13.7182,-196.753
"MtrElec",7,4,17,"",52.9332,0,0,0,0,0,0,0,0,0,0,0,0,0,0,0,0,0,0,0,0,203.709,0,0,-150.776
"MtrElec",7,4,18,"",98.3716,0,0,0,0,0,0,0,0,0,0,0,0,0,0,0,0,0,0,0,0,193.486,0,0,-95.1141
"MtrElec",7,4,19,"",129.936,0,0,0,0,0,0,0,0,0,0,0,0,0,0,0,0,0,0,0,0,261.486,0,-94.4224,-37.1269
"MtrElec",7,4,20,"",185.208,0,0,0,0,0,0,0,0,0,0,0,0,0,0,0,0,0,0,0,0,213.682,0,-21.7335,-6.74053
"MtrElec",7,4,21,"",175.906,0,0,0,0,0,0,0,0,0,0,0,0,0,0,0,0,0,0,0,0,175.906,0,0,0
"MtrElec",7,4,22,"",136.79,0,0,0,0,0,0,0,0,0,0,0,0,0,0,0,0,0,0,0,0,136.79,0,0,0
"MtrElec",7,4,23,"",157.46,0,0,0,0,0,0,0,0,0,0,0,0,0,0,0,0,0,0,0,0,157.46,0,0,0
"MtrElec",7,4,24,"",129.061,0,0,0,0,0,0,0,0,0,0,0,0,0,0,0,0,0,0,0,0,129.061,0,0,0
"MtrElec",7,5,1,"",92.5307,0,0,0,0,0,0,0,0,0,0,0,0,0,0,0,0,0,0,0,0,92.5307,0,0,0
"MtrElec",7,5,2,"",79.3684,0,0,0,0,0,0,0,0,0,0,0,0,0,0,0,0,0,0,0,0,79.3684,0,0,0
"MtrElec",7,5,3,"",78.8027,0,0,0,0,0,0,0,0,0,0,0,0,0,0,0,0,0,0,0,0,78.8027,0,0,0
"MtrElec",7,5,4,"",77.4798,0,0,0,0,0,0,0,0,0,0,0,0,0,0,0,0,0,0,0,0,77.4798,0,0,0
"MtrElec",7,5,5,"",86.0149,0,0,0,0,0,0,0,0,0,0,0,0,0,0,0,0,0,0,0,0,86.0149,0,0,0
"MtrElec",7,5,6,"",75.1715,0,0,0,0,0,0,0,0,0,0,0,0,0,0,0,0,0,0,0,0,75.1715,0,0,0
"MtrElec",7,5,7,"",106.675,0,0,0,0,0,0,0,0,0,0,0,0,0,0,0,0,0,0,0,0,117.329,0,0,-10.6542
"MtrElec",7,5,8,"",80.3637,0,0,0,0,0,0,0,0,0,0,0,0,0,0,0,0,0,0,0,0,123.098,0,0,-42.7341
"MtrElec",7,5,9,"",75.7953,0,0,0,0,0,0,0,0,0,0,0,0,0,0,0,0,0,0,0,0,175.753,0,0,-99.9578
"MtrElec",7,5,10,"",79.2529,0,0,0,0,0,0,0,0,0,0,0,0,0,0,0,0,0,0,0,0,235.838,0,0,-156.585
"MtrElec",7,5,11,"",20.1688,0,0,0,0,0,0,0,0,0,0,0,0,0,0,0,0,0,0,0,0,217.712,0,0,-197.543
"MtrElec",7,5,12,"",12.9568,0,0,0,0,0,0,0,0,0,0,0,0,0,0,0,0,0,0,0,0,239.115,0,0,-226.158
"MtrElec",7,5,13,"",4.91741,0,0,0,0,0,0,0,0,0,0,0,0,0,0,0,0,0,0,0,0,242.898,0,0,-237.981
"MtrElec",7,5,14,"",0,0,0,0,0,0,0,0,0,0,0,0,0,0,0,0,0,0,0,0,0,213.103,0,25.0588,-238.162
"MtrElec",7,5,15,"",0,0,0,0,0,0,0,0,0,0,0,0,0,0,0,0,0,0,0,0,0,226.955,0,2.42489,-229.38
"MtrElec",7,5,16,"",0.0000020,0,0,0,0,0,0,0,0,0,0,0,0,0,0,0,0,0,0,0,0,177.121,0,20.17,-197.291
"MtrElec",7,5,17,"",53.932,0,0,0,0,0,0,0,0,0,0,0,0,0,0,0,0,0,0,0,0,205.951,0,0,-152.019
"MtrElec",7,5,18,"",110.618,0,0,0,0,0,0,0,0,0,0,0,0,0,0,0,0,0,0,0,0,206.207,0,0,-95.5886
"MtrElec",7,5,19,"",185.651,0,0,0,0,0,0,0,0,0,0,0,0,0,0,0,0,0,0,0,0,265.445,0,-43.0075,-36.787
"MtrElec",7,5,20,"",213.047,0,0,0,0,0,0,0,0,0,0,0,0,0,0,0,0,0,0,0,0,219.771,0,0,-6.72457
"MtrElec",7,5,21,"",207.005,0,0,0,0,0,0,0,0,0,0,0,0,0,0,0,0,0,0,0,0,207.005,0,0,0
"MtrElec",7,5,22,"",180.094,0,0,0,0,0,0,0,0,0,0,0,0,0,0,0,0,0,0,0,0,180.094,0,0,0
"MtrElec",7,5,23,"",149.033,0,0,0,0,0,0,0,0,0,0,0,0,0,0,0,0,0,0,0,0,149.033,0,0,0
"MtrElec",7,5,24,"",114.571,0,0,0,0,0,0,0,0,0,0,0,0,0,0,0,0,0,0,0,0,114.571,0,0,0
"MtrElec",7,6,1,"",90.9888,0,0,0,0,0,0,0,0,0,0,0,0,0,0,0,0,0,0,0,0,90.9888,0,0,0
"MtrElec",7,6,2,"",85.6314,0,0,0,0,0,0,0,0,0,0,0,0,0,0,0,0,0,0,0,0,85.6314,0,0,0
"MtrElec",7,6,3,"",82.0797,0,0,0,0,0,0,0,0,0,0,0,0,0,0,0,0,0,0,0,0,82.0797,0,0,0
"MtrElec",7,6,4,"",77.9213,0,0,0,0,0,0,0,0,0,0,0,0,0,0,0,0,0,0,0,0,77.9213,0,0,0
"MtrElec",7,6,5,"",76.4081,0,0,0,0,0,0,0,0,0,0,0,0,0,0,0,0,0,0,0,0,76.4081,0,0,0
"MtrElec",7,6,6,"",81.5341,0,0,0,0,0,0,0,0,0,0,0,0,0,0,0,0,0,0,0,0,81.5341,0,0,0
"MtrElec",7,6,7,"",113.92,0,0,0,0,0,0,0,0,0,0,0,0,0,0,0,0,0,0,0,0,124.611,0,0,-10.691
"MtrElec",7,6,8,"",135.826,0,0,0,0,0,0,0,0,0,0,0,0,0,0,0,0,0,0,0,0,179.956,0,0,-44.1296
"MtrElec",7,6,9,"",81.4328,0,0,0,0,0,0,0,0,0,0,0,0,0,0,0,0,0,0,0,0,183.269,0,0,-101.836
"MtrElec",7,6,10,"",17.7405,0,0,0,0,0,0,0,0,0,0,0,0,0,0,0,0,0,0,0,0,174.618,0,0,-156.877
"MtrElec",7,6,11,"",6.02236,0,0,0,0,0,0,0,0,0,0,0,0,0,0,0,0,0,0,0,0,202.457,0,0,-196.435
"MtrElec",7,6,12,"",0,0,0,0,0,0,0,0,0,0,0,0,0,0,0,0,0,0,0,0,0,170.108,0,53.217,-223.325
"MtrElec",7,6,13,"",0,0,0,0,0,0,0,0,0,0,0,0,0,0,0,0,0,0,0,0,0,233.439,0,1.30859,-234.747
"MtrElec",7,6,14,"",0,0,0,0,0,0,0,0,0,0,0,0,0,0,0,0,0,0,0,0,0,161.036,0,68.7956,-229.831
"MtrElec",7,6,15,"",0,0,0,0,0,0,0,0,0,0,0,0,0,0,0,0,0,0,0,0,0,182.085,0,23.5503,-205.636
"MtrElec",7,6,16,"",8.80097,0,0,0,0,0,0,0,0,0,0,0,0,0,0,0,0,0,0,0,0,184.434,0,0,-175.633
"MtrElec",7,6,17,"",75.2542,0,0,0,0,0,0,0,0,0,0,0,0,0,0,0,0,0,0,0,0,202.667,0,0,-127.413
"MtrElec",7,6,18,"",152.892,0,0,0,0,0,0,0,0,0,0,0,0,0,0,0,0,0,0,0,0,237.456,0,0,-84.5638
"MtrElec",7,6,19,"",81.8858,0,0,0,0,0,0,0,0,0,0,0,0,0,0,0,0,0,0,0,0,209.549,0,-94.4224,-33.2409
"MtrElec",7,6,20,"",179.678,0,0,0,0,0,0,0,0,0,0,0,0,0,0,0,0,0,0,0,0,225.02,0,-38.1291,-7.21281
"MtrElec",7,6,21,"",193.6,0,0,0,0,0,0,0,0,0,0,0,0,0,0,0,0,0,0,0,0,193.6,0,0,0
"MtrElec",7,6,22,"",142.369,0,0,0,0,0,0,0,0,0,0,0,0,0,0,0,0,0,0,0,0,142.369,0,0,0
"MtrElec",7,6,23,"",169.571,0,0,0,0,0,0,0,0,0,0,0,0,0,0,0,0,0,0,0,0,169.571,0,0,0
"MtrElec",7,6,24,"",134.39,0,0,0,0,0,0,0,0,0,0,0,0,0,0,0,0,0,0,0,0,134.39,0,0,0
"MtrElec",7,7,1,"",88.787,0,0,0,0,0,0,0,0,0,0,0,0,0,0,0,0,0,0,0,0,88.787,0,0,0
"MtrElec",7,7,2,"",81.9794,0,0,0,0,0,0,0,0,0,0,0,0,0,0,0,0,0,0,0,0,81.9794,0,0,0
"MtrElec",7,7,3,"",77.4996,0,0,0,0,0,0,0,0,0,0,0,0,0,0,0,0,0,0,0,0,77.4996,0,0,0
"MtrElec",7,7,4,"",74.6904,0,0,0,0,0,0,0,0,0,0,0,0,0,0,0,0,0,0,0,0,74.6904,0,0,0
"MtrElec",7,7,5,"",71.9965,0,0,0,0,0,0,0,0,0,0,0,0,0,0,0,0,0,0,0,0,71.9965,0,0,0
"MtrElec",7,7,6,"",85.2363,0,0,0,0,0,0,0,0,0,0,0,0,0,0,0,0,0,0,0,0,85.2363,0,0,0
"MtrElec",7,7,7,"",113.271,0,0,0,0,0,0,0,0,0,0,0,0,0,0,0,0,0,0,0,0,123.926,0,0,-10.6553
"MtrElec",7,7,8,"",121.006,0,0,0,0,0,0,0,0,0,0,0,0,0,0,0,0,0,0,0,0,165.205,0,0,-44.1989
"MtrElec",7,7,9,"",52.935,0,0,0,0,0,0,0,0,0,0,0,0,0,0,0,0,0,0,0,0,155.391,0,0,-102.456
"MtrElec",7,7,10,"",58.328,0,0,0,0,0,0,0,0,0,0,0,0,0,0,0,0,0,0,0,0,212.002,0,0,-153.674
"MtrElec",7,7,11,"",19.3316,0,0,0,0,0,0,0,0,0,0,0,0,0,0,0,0,0,0,0,0,204.342,0,0,-185.011
"MtrElec",7,7,12,"",0.0000039,0,0,0,0,0,0,0,0,0,0,0,0,0,0,0,0,0,0,0,0,191.355,0,39.1765,-230.532
"MtrElec",7,7,13,"",0,0,0,0,0,0,0,0,0,0,0,0,0,0,0,0,0,0,0,0,0,173.295,0,73.0645,-246.36
"MtrElec",7,7,14,"",0,0,0,0,0,0,0,0,0,0,0,0,0,0,0,0,0,0,0,0,0,171.992,0,75.0257,-247.018
"MtrElec",7,7,15,"",0,0,0,0,0,0,0,0,0,0,0,0,0,0,0,0,0,0,0,0,0,166.852,0,63.9253,-230.777
"MtrElec",7,7,16,"",0.0000039,0,0,0,0,0,0,0,0,0,0,0,0,0,0,0,0,0,0,0,0,163.628,0,36.4973,-200.125
"MtrElec",7,7,17,"",39.8692,0,0,0,0,0,0,0,0,0,0,0,0,0,0,0,0,0,0,0,0,192.954,0,0,-153.085
"MtrElec",7,7,18,"",102.467,0,0,0,0,0,0,0,0,0,0,0,0,0,0,0,0,0,0,0,0,197.542,0,0,-95.0758
"MtrElec",7,7,19,"",112.783,0,0,0,0,0,0,0,0,0,0,0,0,0,0,0,0,0,0,0,0,244.602,0,-94.4224,-37.3959
"MtrElec",7,7,20,"",118.539,0,0,0,0,0,0,0,0,0,0,0,0,0,0,0,0,0,0,0,0,219.661,0,-94.4224,-6.70029
"MtrElec",7,7,21,"",134.312,0,0,0,0,0,0,0,0,0,0,0,0,0,0,0,0,0,0,0,0,205.107,0,-70.7948,0
"MtrElec",7,7,22,"",207.384,0,0,0,0,0,0,0,0,0,0,0,0,0,0,0,0,0,0,0,0,207.384,0,0,0
"MtrElec",7,7,23,"",150.135,0,0,0,0,0,0,0,0,0,0,0,0,0,0,0,0,0,0,0,0,150.135,0,0,0
"MtrElec",7,7,24,"",124.02,0,0,0,0,0,0,0,0,0,0,0,0,0,0,0,0,0,0,0,0,124.02,0,0,0
"MtrElec",7,8,1,"",86.3708,0,0,0,0,0,0,0,0,0,0,0,0,0,0,0,0,0,0,0,0,86.3708,0,0,0
"MtrElec",7,8,2,"",79.4739,0,0,0,0,0,0,0,0,0,0,0,0,0,0,0,0,0,0,0,0,79.4739,0,0,0
"MtrElec",7,8,3,"",77.7593,0,0,0,0,0,0,0,0,0,0,0,0,0,0,0,0,0,0,0,0,77.7593,0,0,0
"MtrElec",7,8,4,"",75.787,0,0,0,0,0,0,0,0,0,0,0,0,0,0,0,0,0,0,0,0,75.787,0,0,0
"MtrElec",7,8,5,"",73.9878,0,0,0,0,0,0,0,0,0,0,0,0,0,0,0,0,0,0,0,0,73.9878,0,0,0
"MtrElec",7,8,6,"",74.153,0,0,0,0,0,0,0,0,0,0,0,0,0,0,0,0,0,0,0,0,74.153,0,0,0
"MtrElec",7,8,7,"",117.522,0,0,0,0,0,0,0,0,0,0,0,0,0,0,0,0,0,0,0,0,128.254,0,0,-10.732
"MtrElec",7,8,8,"",122.664,0,0,0,0,0,0,0,0,0,0,0,0,0,0,0,0,0,0,0,0,167.078,0,0,-44.4136
"MtrElec",7,8,9,"",87.7015,0,0,0,0,0,0,0,0,0,0,0,0,0,0,0,0,0,0,0,0,192.433,0,0,-104.731
"MtrElec",7,8,10,"",33.165,0,0,0,0,0,0,0,0,0,0,0,0,0,0,0,0,0,0,0,0,191.572,0,0,-158.407
"MtrElec",7,8,11,"",0,0,0,0,0,0,0,0,0,0,0,0,0,0,0,0,0,0,0,0,0,190.392,0,9.55928,-199.952
"MtrElec",7,8,12,"",0,0,0,0,0,0,0,0,0,0,0,0,0,0,0,0,0,0,0,0,0,202.1,0,31.2627,-233.362
"MtrElec",7,8,13,"",0.0000010,0,0,0,0,0,0,0,0,0,0,0,0,0,0,0,0,0,0,0,0,239.351,0,10.2792,-249.63
"MtrElec",7,8,14,"",0,0,0,0,0,0,0,0,0,0,0,0,0,0,0,0,0,0,0,0,0,156.228,0,92.5595,-248.787
"MtrElec",7,8,15,"",0.0000020,0,0,0,0,0,0,0,0,0,0,0,0,0,0,0,0,0,0,0,0,203.252,0,29.493,-232.745
"MtrElec",7,8,16,"",0,0,0,0,0,0,0,0,0,0,0,0,0,0,0,0,0,0,0,0,0,161.013,0,40.768,-201.781
"MtrElec",7,8,17,"",51.6229,0,0,0,0,0,0,0,0,0,0,0,0,0,0,0,0,0,0,0,0,207.646,0,0,-156.024
"MtrElec",7,8,18,"",97.456,0,0,0,0,0,0,0,0,0,0,0,0,0,0,0,0,0,0,0,0,195.172,0,0,-97.716
"MtrElec",7,8,19,"",98.7782,0,0,0,0,0,0,0,0,0,0,0,0,0,0,0,0,0,0,0,0,230.566,0,-94.4224,-37.3659
"MtrElec",7,8,20,"",104.079,0,0,0,0,0,0,0,0,0,0,0,0,0,0,0,0,0,0,0,0,205.078,0,-94.4224,-6.57699
"MtrElec",7,8,21,"",181.334,0,0,0,0,0,0,0,0,0,0,0,0,0,0,0,0,0,0,0,0,185.553,0,-4.21936,0
"MtrElec",7,8,22,"",158.489,0,0,0,0,0,0,0,0,0,0,0,0,0,0,0,0,0,0,0,0,158.489,0,0,0
"MtrElec",7,8,23,"",139.931,0,0,0,0,0,0,0,0,0,0,0,0,0,0,0,0,0,0,0,0,139.931,0,0,0
"MtrElec",7,8,24,"",119.865,0,0,0,0,0,0,0,0,0,0,0,0,0,0,0,0,0,0,0,0,119.865,0,0,0
"MtrElec",7,9,1,"",105.446,0,0,0,0,0,0,0,0,0,0,0,0,0,0,0,0,0,0,0,0,105.446,0,0,0
"MtrElec",7,9,2,"",97.4882,0,0,0,0,0,0,0,0,0,0,0,0,0,0,0,0,0,0,0,0,97.4882,0,0,0
"MtrElec",7,9,3,"",71.5399,0,0,0,0,0,0,0,0,0,0,0,0,0,0,0,0,0,0,0,0,71.5399,0,0,0
"MtrElec",7,9,4,"",75.1752,0,0,0,0,0,0,0,0,0,0,0,0,0,0,0,0,0,0,0,0,75.1752,0,0,0
"MtrElec",7,9,5,"",65.3159,0,0,0,0,0,0,0,0,0,0,0,0,0,0,0,0,0,0,0,0,65.3159,0,0,0
"MtrElec",7,9,6,"",68.5093,0,0,0,0,0,0,0,0,0,0,0,0,0,0,0,0,0,0,0,0,68.5093,0,0,0
"MtrElec",7,9,7,"",117.711,0,0,0,0,0,0,0,0,0,0,0,0,0,0,0,0,0,0,0,0,128.216,0,0,-10.5051
"MtrElec",7,9,8,"",92.64,0,0,0,0,0,0,0,0,0,0,0,0,0,0,0,0,0,0,0,0,136.592,0,0,-43.9517
"MtrElec",7,9,9,"",41.8747,0,0,0,0,0,0,0,0,0,0,0,0,0,0,0,0,0,0,0,0,146.722,0,0,-104.847
"MtrElec",7,9,10,"",20.7098,0,0,0,0,0,0,0,0,0,0,0,0,0,0,0,0,0,0,0,0,181.155,0,0,-160.445
"MtrElec",7,9,11,"",0,0,0,0,0,0,0,0,0,0,0,0,0,0,0,0,0,0,0,0,0,169.578,0,31.9701,-201.548
"MtrElec",7,9,12,"",0,0,0,0,0,0,0,0,0,0,0,0,0,0,0,0,0,0,0,0,0,199.738,0,29.815,-229.553
"MtrElec",7,9,13,"",-2.6081,0,0,0,0,0,0,0,0,0,0,0,0,0,0,0,0,0,0,0,0,154.313,0,94.4224,-251.343
"MtrElec",7,9,14,"",-5.82179,0,0,0,0,0,0,0,0,0,0,0,0,0,0,0,0,0,0,0,0,154.871,0,94.4224,-255.115
"MtrElec",7,9,15,"",0,0,0,0,0,0,0,0,0,0,0,0,0,0,0,0,0,0,0,0,0,148.313,0,93.4525,-241.766
"MtrElec",7,9,16,"",-41.562,0,0,0,0,0,0,0,0,0,0,0,0,0,0,0,0,0,0,0,0,160.881,0,8.2159,-210.659
"MtrElec",7,9,17,"",29.7638,0,0,0,0,0,0,0,0,0,0,0,0,0,0,0,0,0,0,0,0,193.24,0,0,-163.476
"MtrElec",7,9,18,"",86.2248,0,0,0,0,0,0,0,0,0,0,0,0,0,0,0,0,0,0,0,0,188.573,0,0,-102.348
"MtrElec",7,9,19,"",95.715,0,0,0,0,0,0,0,0,0,0,0,0,0,0,0,0,0,0,0,0,227.835,0,-94.4224,-37.6977
"MtrElec",7,9,20,"",99.0367,0,0,0,0,0,0,0,0,0,0,0,0,0,0,0,0,0,0,0,0,199.455,0,-94.4224,-5.99611
"MtrElec",7,9,21,"",126.539,0,0,0,0,0,0,0,0,0,0,0,0,0,0,0,0,0,0,0,0,220.961,0,-94.4224,0
"MtrElec",7,9,22,"",99.0714,0,0,0,0,0,0,0,0,0,0,0,0,0,0,0,0,0,0,0,0,133.753,0,-34.6821,0
"MtrElec",7,9,23,"",148.584,0,0,0,0,0,0,0,0,0,0,0,0,0,0,0,0,0,0,0,0,148.584,0,0,0
"MtrElec",7,9,24,"",97.2931,0,0,0,0,0,0,0,0,0,0,0,0,0,0,0,0,0,0,0,0,97.2931,0,0,0
"MtrElec",7,10,1,"",94.5282,0,0,0,0,0,0,0,0,0,0,0,0,0,0,0,0,0,0,0,0,94.5282,0,0,0
"MtrElec",7,10,2,"",87.4282,0,0,0,0,0,0,0,0,0,0,0,0,0,0,0,0,0,0,0,0,87.4282,0,0,0
"MtrElec",7,10,3,"",66.9373,0,0,0,0,0,0,0,0,0,0,0,0,0,0,0,0,0,0,0,0,66.9373,0,0,0
"MtrElec",7,10,4,"",70.9418,0,0,0,0,0,0,0,0,0,0,0,0,0,0,0,0,0,0,0,0,70.9418,0,0,0
"MtrElec",7,10,5,"",61.282,0,0,0,0,0,0,0,0,0,0,0,0,0,0,0,0,0,0,0,0,61.282,0,0,0
"MtrElec",7,10,6,"",64.1619,0,0,0,0,0,0,0,0,0,0,0,0,0,0,0,0,0,0,0,0,64.1619,0,0,0
"MtrElec",7,10,7,"",95.5374,0,0,0,0,0,0,0,0,0,0,0,0,0,0,0,0,0,0,0,0,105.444,0,0,-9.90694
"MtrElec",7,10,8,"",97.6562,0,0,0,0,0,0,0,0,0,0,0,0,0,0,0,0,0,0,0,0,142.325,0,0,-44.6686
"MtrElec",7,10,9,"",45.3118,0,0,0,0,0,0,0,0,0,0,0,0,0,0,0,0,0,0,0,0,158.104,0,0,-112.792
"MtrElec",7,10,10,"",0,0,0,0,0,0,0,0,0,0,0,0,0,0,0,0,0,0,0,0,0,146.03,0,26.5988,-172.629
"MtrElec",7,10,11,"",0,0,0,0,0,0,0,0,0,0,0,0,0,0,0,0,0,0,0,0,0,198.206,0,15.6706,-213.876
"MtrElec",7,10,12,"",-14.4406,0,0,0,0,0,0,0,0,0,0,0,0,0,0,0,0,0,0,0,0,135.637,0,94.4224,-244.5
"MtrElec",7,10,13,"",-3.2957,0,0,0,0,0,0,0,0,0,0,0,0,0,0,0,0,0,0,0,0,163.321,0,94.4224,-261.039
"MtrElec",7,10,14,"",-21.9248,0,0,0,0,0,0,0,0,0,0,0,0,0,0,0,0,0,0,0,0,142.696,0,94.4224,-259.043
"MtrElec",7,10,15,"",-77.2405,0,0,0,0,0,0,0,0,0,0,0,0,0,0,0,0,0,0,0,0,140.234,0,26.7618,-244.236
"MtrElec",7,10,16,"",-44.512,0,0,0,0,0,0,0,0,0,0,0,0,0,0,0,0,0,0,0,0,170.71,0,0,-215.222
"MtrElec",7,10,17,"",15.9335,0,0,0,0,0,0,0,0,0,0,0,0,0,0,0,0,0,0,0,0,183.34,0,0,-167.406
"MtrElec",7,10,18,"",84.9033,0,0,0,0,0,0,0,0,0,0,0,0,0,0,0,0,0,0,0,0,189.636,0,0,-104.732
"MtrElec",7,10,19,"",86.3907,0,0,0,0,0,0,0,0,0,0,0,0,0,0,0,0,0,0,0,0,219.694,0,-94.4224,-38.8805
"MtrElec",7,10,20,"",84.0049,0,0,0,0,0,0,0,0,0,0,0,0,0,0,0,0,0,0,0,0,184.93,0,-94.4224,-6.50243
"MtrElec",7,10,21,"",107.174,0,0,0,0,0,0,0,0,0,0,0,0,0,0,0,0,0,0,0,0,201.596,0,-94.4224,0
"MtrElec",7,10,22,"",106.307,0,0,0,0,0,0,0,0,0,0,0,0,0,0,0,0,0,0,0,0,140.989,0,-34.6821,0
"MtrElec",7,10,23,"",150.491,0,0,0,0,0,0,0,0,0,0,0,0,0,0,0,0,0,0,0,0,150.491,0,0,0
"MtrElec",7,10,24,"",98.256,0,0,0,0,0,0,0,0,0,0,0,0,0,0,0,0,0,0,0,0,98.256,0,0,0
"MtrElec",7,11,1,"",76.7946,0,0,0,0,0,0,0,0,0,0,0,0,0,0,0,0,0,0,0,0,76.7946,0,0,0
"MtrElec",7,11,2,"",65.2244,0,0,0,0,0,0,0,0,0,0,0,0,0,0,0,0,0,0,0,0,65.2244,0,0,0
"MtrElec",7,11,3,"",63.7821,0,0,0,0,0,0,0,0,0,0,0,0,0,0,0,0,0,0,0,0,63.7821,0,0,0
"MtrElec",7,11,4,"",62.8984,0,0,0,0,0,0,0,0,0,0,0,0,0,0,0,0,0,0,0,0,62.8984,0,0,0
"MtrElec",7,11,5,"",60.9378,0,0,0,0,0,0,0,0,0,0,0,0,0,0,0,0,0,0,0,0,60.9378,0,0,0
"MtrElec",7,11,6,"",61.0985,0,0,0,0,0,0,0,0,0,0,0,0,0,0,0,0,0,0,0,0,61.0985,0,0,0
"MtrElec",7,11,7,"",51.4576,0,0,0,0,0,0,0,0,0,0,0,0,0,0,0,0,0,0,0,0,68.0039,0,0,-16.5464
"MtrElec",7,11,8,"",46.3105,0,0,0,0,0,0,0,0,0,0,0,0,0,0,0,0,0,0,0,0,98.0472,0,0,-51.7366
"MtrElec",7,11,9,"",33.0585,0,0,0,0,0,0,0,0,0,0,0,0,0,0,0,0,0,0,0,0,86.4387,0,0,-53.3802
"MtrElec",7,11,10,"",0,0,0,0,0,0,0,0,0,0,0,0,0,0,0,0,0,0,0,0,0,157.15,0,1.06181,-158.212
"MtrElec",7,11,11,"",0,0,0,0,0,0,0,0,0,0,0,0,0,0,0,0,0,0,0,0,0,188.014,0,29.9202,-217.934
"MtrElec",7,11,12,"",0,0,0,0,0,0,0,0,0,0,0,0,0,0,0,0,0,0,0,0,0,165.155,0,86.6599,-251.815
"MtrElec",7,11,13,"",-20.1364,0,0,0,0,0,0,0,0,0,0,0,0,0,0,0,0,0,0,0,0,151.893,0,94.4224,-266.452
"MtrElec",7,11,14,"",-41.8034,0,0,0,0,0,0,0,0,0,0,0,0,0,0,0,0,0,0,0,0,127.344,0,94.4224,-263.57
"MtrElec",7,11,15,"",-19.4969,0,0,0,0,0,0,0,0,0,0,0,0,0,0,0,0,0,0,0,0,182.105,0,45.8117,-247.413
"MtrElec",7,11,16,"",-72.8172,0,0,0,0,0,0,0,0,0,0,0,0,0,0,0,0,0,0,0,0,142.658,0,0,-215.475
"MtrElec",7,11,17,"",3.16769,0,0,0,0,0,0,0,0,0,0,0,0,0,0,0,0,0,0,0,0,171.925,0,0,-168.758
"MtrElec",7,11,18,"",69.7333,0,0,0,0,0,0,0,0,0,0,0,0,0,0,0,0,0,0,0,0,176.378,0,0,-106.645
"MtrElec",7,11,19,"",61.198,0,0,0,0,0,0,0,0,0,0,0,0,0,0,0,0,0,0,0,0,195.34,0,-94.4224,-39.7191
"MtrElec",7,11,20,"",64.5656,0,0,0,0,0,0,0,0,0,0,0,0,0,0,0,0,0,0,0,0,165.393,0,-94.4224,-6.40517
"MtrElec",7,11,21,"",77.0096,0,0,0,0,0,0,0,0,0,0,0,0,0,0,0,0,0,0,0,0,171.432,0,-94.4224,0
"MtrElec",7,11,22,"",102.436,0,0,0,0,0,0,0,0,0,0,0,0,0,0,0,0,0,0,0,0,137.118,0,-34.6821,0
"MtrElec",7,11,23,"",134.41,0,0,0,0,0,0,0,0,0,0,0,0,0,0,0,0,0,0,0,0,134.41,0,0,0
"MtrElec",7,11,24,"",111.72,0,0,0,0,0,0,0,0,0,0,0,0,0,0,0,0,0,0,0,0,111.72,0,0,0
"MtrElec",7,12,1,"",76.9765,0,0,0,0,0,0,0,0,0,0,0,0,0,0,0,0,0,0,0,0,76.9765,0,0,0
"MtrElec",7,12,2,"",63.7623,0,0,0,0,0,0,0,0,0,0,0,0,0,0,0,0,0,0,0,0,63.7623,0,0,0
"MtrElec",7,12,3,"",64.659,0,0,0,0,0,0,0,0,0,0,0,0,0,0,0,0,0,0,0,0,64.659,0,0,0
"MtrElec",7,12,4,"",65.7301,0,0,0,0,0,0,0,0,0,0,0,0,0,0,0,0,0,0,0,0,65.7301,0,0,0
"MtrElec",7,12,5,"",75.6454,0,0,0,0,0,0,0,0,0,0,0,0,0,0,0,0,0,0,0,0,75.6454,0,0,0
"MtrElec",7,12,6,"",60.9736,0,0,0,0,0,0,0,0,0,0,0,0,0,0,0,0,0,0,0,0,60.9736,0,0,0
"MtrElec",7,12,7,"",52.2067,0,0,0,0,0,0,0,0,0,0,0,0,0,0,0,0,0,0,0,0,68.3028,0,0,-16.0961
"MtrElec",7,12,8,"",68.4517,0,0,0,0,0,0,0,0,0,0,0,0,0,0,0,0,0,0,0,0,118.189,0,0,-49.7377
"MtrElec",7,12,9,"",67.1329,0,0,0,0,0,0,0,0,0,0,0,0,0,0,0,0,0,0,0,0,108.289,0,0,-41.1564
"MtrElec",7,12,10,"",57.0904,0,0,0,0,0,0,0,0,0,0,0,0,0,0,0,0,0,0,0,0,187.332,0,0,-130.242
"MtrElec",7,12,11,"",0,0,0,0,0,0,0,0,0,0,0,0,0,0,0,0,0,0,0,0,0,211.524,0,9.37309,-220.897
"MtrElec",7,12,12,"",0,0,0,0,0,0,0,0,0,0,0,0,0,0,0,0,0,0,0,0,0,191.424,0,58.078,-249.503
"MtrElec",7,12,13,"",0,0,0,0,0,0,0,0,0,0,0,0,0,0,0,0,0,0,0,0,0,179.646,0,83.3003,-262.947
"MtrElec",7,12,14,"",-30.2736,0,0,0,0,0,0,0,0,0,0,0,0,0,0,0,0,0,0,0,0,142.1,0,94.4224,-266.796
"MtrElec",7,12,15,"",0.0000039,0,0,0,0,0,0,0,0,0,0,0,0,0,0,0,0,0,0,0,0,198.768,0,55.8816,-254.65
"MtrElec",7,12,16,"",-12.8145,0,0,0,0,0,0,0,0,0,0,0,0,0,0,0,0,0,0,0,0,158.718,0,51.243,-222.775
"MtrElec",7,12,17,"",12.979,0,0,0,0,0,0,0,0,0,0,0,0,0,0,0,0,0,0,0,0,186.188,0,0,-173.209
"MtrElec",7,12,18,"",67.6083,0,0,0,0,0,0,0,0,0,0,0,0,0,0,0,0,0,0,0,0,176.377,0,0,-108.769
"MtrElec",7,12,19,"",71.9934,0,0,0,0,0,0,0,0,0,0,0,0,0,0,0,0,0,0,0,0,207.031,0,-94.4224,-40.6154
"MtrElec",7,12,20,"",83.1013,0,0,0,0,0,0,0,0,0,0,0,0,0,0,0,0,0,0,0,0,184.36,0,-94.4224,-6.83592
"MtrElec",7,12,21,"",64.1281,0,0,0,0,0,0,0,0,0,0,0,0,0,0,0,0,0,0,0,0,158.551,0,-94.4224,0
"MtrElec",7,12,22,"",76.9611,0,0,0,0,0,0,0,0,0,0,0,0,0,0,0,0,0,0,0,0,111.643,0,-34.6821,0
"MtrElec",7,12,23,"",126.938,0,0,0,0,0,0,0,0,0,0,0,0,0,0,0,0,0,0,0,0,126.938,0,0,0
"MtrElec",7,12,24,"",100.141,0,0,0,0,0,0,0,0,0,0,0,0,0,0,0,0,0,0,0,0,100.141,0,0,0
"MtrElec",7,13,1,"",76.5882,0,0,0,0,0,0,0,0,0,0,0,0,0,0,0,0,0,0,0,0,76.5882,0,0,0
"MtrElec",7,13,2,"",63.8077,0,0,0,0,0,0,0,0,0,0,0,0,0,0,0,0,0,0,0,0,63.8077,0,0,0
"MtrElec",7,13,3,"",62.4787,0,0,0,0,0,0,0,0,0,0,0,0,0,0,0,0,0,0,0,0,62.4787,0,0,0
"MtrElec",7,13,4,"",68.6686,0,0,0,0,0,0,0,0,0,0,0,0,0,0,0,0,0,0,0,0,68.6686,0,0,0
"MtrElec",7,13,5,"",60.011,0,0,0,0,0,0,0,0,0,0,0,0,0,0,0,0,0,0,0,0,60.011,0,0,0
"MtrElec",7,13,6,"",70.3297,0,0,0,0,0,0,0,0,0,0,0,0,0,0,0,0,0,0,0,0,70.3297,0,0,0
"MtrElec",7,13,7,"",83.0335,0,0,0,0,0,0,0,0,0,0,0,0,0,0,0,0,0,0,0,0,98.5576,0,0,-15.5242
"MtrElec",7,13,8,"",100.606,0,0,0,0,0,0,0,0,0,0,0,0,0,0,0,0,0,0,0,0,148.971,0,0,-48.3645
"MtrElec",7,13,9,"",140.685,0,0,0,0,0,0,0,0,0,0,0,0,0,0,0,0,0,0,0,0,165.862,0,0,-25.1766
"MtrElec",7,13,10,"",35.6845,0,0,0,0,0,0,0,0,0,0,0,0,0,0,0,0,0,0,0,0,118.682,0,0,-82.9972
"MtrElec",7,13,11,"",1.97903,0,0,0,0,0,0,0,0,0,0,0,0,0,0,0,0,0,0,0,0,154.553,0,0,-152.574
"MtrElec",7,13,12,"",-11.0374,0,0,0,0,0,0,0,0,0,0,0,0,0,0,0,0,0,0,0,0,132.801,0,94.4224,-238.261
"MtrElec",7,13,13,"",-12.5608,0,0,0,0,0,0,0,0,0,0,0,0,0,0,0,0,0,0,0,0,157.063,0,94.4224,-264.046
"MtrElec",7,13,14,"",-76.9825,0,0,0,0,0,0,0,0,0,0,0,0,0,0,0,0,0,0,0,0,96.2445,0,94.4224,-267.649
"MtrElec",7,13,15,"",-59.2066,0,0,0,0,0,0,0,0,0,0,0,0,0,0,0,0,0,0,0,0,125.038,0,69.0312,-253.275
"MtrElec",7,13,16,"",-78.6264,0,0,0,0,0,0,0,0,0,0,0,0,0,0,0,0,0,0,0,0,140.123,0,0,-218.75
"MtrElec",7,13,17,"",-18.8931,0,0,0,0,0,0,0,0,0,0,0,0,0,0,0,0,0,0,0,0,150.573,0,0,-169.466
"MtrElec",7,13,18,"",76.0647,0,0,0,0,0,0,0,0,0,0,0,0,0,0,0,0,0,0,0,0,183.934,0,0,-107.869
"MtrElec",7,13,19,"",35.3071,0,0,0,0,0,0,0,0,0,0,0,0,0,0,0,0,0,0,0,0,169.89,0,-94.4224,-40.1605
"MtrElec",7,13,20,"",93.9991,0,0,0,0,0,0,0,0,0,0,0,0,0,0,0,0,0,0,0,0,195.025,0,-94.4224,-6.60305
"MtrElec",7,13,21,"",54.7887,0,0,0,0,0,0,0,0,0,0,0,0,0,0,0,0,0,0,0,0,149.211,0,-94.4224,0
"MtrElec",7,13,22,"",112.684,0,0,0,0,0,0,0,0,0,0,0,0,0,0,0,0,0,0,0,0,147.366,0,-34.6821,0
"MtrElec",7,13,23,"",116.797,0,0,0,0,0,0,0,0,0,0,0,0,0,0,0,0,0,0,0,0,116.797,0,0,0
"MtrElec",7,13,24,"",116.894,0,0,0,0,0,0,0,0,0,0,0,0,0,0,0,0,0,0,0,0,116.894,0,0,0
"MtrElec",7,14,1,"",102.404,0,0,0,0,0,0,0,0,0,0,0,0,0,0,0,0,0,0,0,0,102.404,0,0,0
"MtrElec",7,14,2,"",62.7342,0,0,0,0,0,0,0,0,0,0,0,0,0,0,0,0,0,0,0,0,62.7342,0,0,0
"MtrElec",7,14,3,"",61.6751,0,0,0,0,0,0,0,0,0,0,0,0,0,0,0,0,0,0,0,0,61.6751,0,0,0
"MtrElec",7,14,4,"",68.192,0,0,0,0,0,0,0,0,0,0,0,0,0,0,0,0,0,0,0,0,68.192,0,0,0
"MtrElec",7,14,5,"",59.6217,0,0,0,0,0,0,0,0,0,0,0,0,0,0,0,0,0,0,0,0,59.6217,0,0,0
"MtrElec",7,14,6,"",62.0102,0,0,0,0,0,0,0,0,0,0,0,0,0,0,0,0,0,0,0,0,62.0102,0,0,0
"MtrElec",7,14,7,"",72.0899,0,0,0,0,0,0,0,0,0,0,0,0,0,0,0,0,0,0,0,0,86.6124,0,0,-14.5225
"MtrElec",7,14,8,"",97.6261,0,0,0,0,0,0,0,0,0,0,0,0,0,0,0,0,0,0,0,0,145.801,0,0,-48.1747
"MtrElec",7,14,9,"",97.9924,0,0,0,0,0,0,0,0,0,0,0,0,0,0,0,0,0,0,0,0,123.39,0,0,-25.3981
"MtrElec",7,14,10,"",92.6231,0,0,0,0,0,0,0,0,0,0,0,0,0,0,0,0,0,0,0,0,128.062,0,0,-35.4386
"MtrElec",7,14,11,"",57.7054,0,0,0,0,0,0,0,0,0,0,0,0,0,0,0,0,0,0,0,0,123.633,0,0,-65.9273
"MtrElec",7,14,12,"",8.15088,0,0,0,0,0,0,0,0,0,0,0,0,0,0,0,0,0,0,0,0,141.335,0,0,-133.184
"MtrElec",7,14,13,"",-1.0798,0,0,0,0,0,0,0,0,0,0,0,0,0,0,0,0,0,0,0,0,103.338,0,94.4224,-198.841
"MtrElec",7,14,14,"",-62.9394,0,0,0,0,0,0,0,0,0,0,0,0,0,0,0,0,0,0,0,0,111.59,0,94.4224,-268.952
"MtrElec",7,14,15,"",-39.3159,0,0,0,0,0,0,0,0,0,0,0,0,0,0,0,0,0,0,0,0,114.676,0,94.4224,-248.414
"MtrElec",7,14,16,"",-18.8126,0,0,0,0,0,0,0,0,0,0,0,0,0,0,0,0,0,0,0,0,130.686,0,69.0312,-218.529
"MtrElec",7,14,17,"",-6.31281,0,0,0,0,0,0,0,0,0,0,0,0,0,0,0,0,0,0,0,0,164.169,0,0,-170.482
"MtrElec",7,14,18,"",47.7005,0,0,0,0,0,0,0,0,0,0,0,0,0,0,0,0,0,0,0,0,155.442,0,0,-107.741
"MtrElec",7,14,19,"",33.4119,0,0,0,0,0,0,0,0,0,0,0,0,0,0,0,0,0,0,0,0,167.462,0,-94.4224,-39.6274
"MtrElec",7,14,20,"",54.6203,0,0,0,0,0,0,0,0,0,0,0,0,0,0,0,0,0,0,0,0,155.288,0,-94.4224,-6.24516
"MtrElec",7,14,21,"",67.6935,0,0,0,0,0,0,0,0,0,0,0,0,0,0,0,0,0,0,0,0,162.116,0,-94.4224,0
"MtrElec",7,14,22,"",100.591,0,0,0,0,0,0,0,0,0,0,0,0,0,0,0,0,0,0,0,0,135.273,0,-34.6821,0
"MtrElec",7,14,23,"",127.294,0,0,0,0,0,0,0,0,0,0,0,0,0,0,0,0,0,0,0,0,127.294,0,0,0
"MtrElec",7,14,24,"",134.359,0,0,0,0,0,0,0,0,0,0,0,0,0,0,0,0,0,0,0,0,134.359,0,0,0
"MtrElec",7,15,1,"",82.1357,0,0,0,0,0,0,0,0,0,0,0,0,0,0,0,0,0,0,0,0,82.1357,0,0,0
"MtrElec",7,15,2,"",62.4797,0,0,0,0,0,0,0,0,0,0,0,0,0,0,0,0,0,0,0,0,62.4797,0,0,0
"MtrElec",7,15,3,"",60.5716,0,0,0,0,0,0,0,0,0,0,0,0,0,0,0,0,0,0,0,0,60.5716,0,0,0
"MtrElec",7,15,4,"",60.2468,0,0,0,0,0,0,0,0,0,0,0,0,0,0,0,0,0,0,0,0,60.2468,0,0,0
"MtrElec",7,15,5,"",59.4118,0,0,0,0,0,0,0,0,0,0,0,0,0,0,0,0,0,0,0,0,59.4118,0,0,0
"MtrElec",7,15,6,"",63.8633,0,0,0,0,0,0,0,0,0,0,0,0,0,0,0,0,0,0,0,0,63.8633,0,0,0
"MtrElec",7,15,7,"",87.6066,0,0,0,0,0,0,0,0,0,0,0,0,0,0,0,0,0,0,0,0,101.471,0,0,-13.8646
"MtrElec",7,15,8,"",102.848,0,0,0,0,0,0,0,0,0,0,0,0,0,0,0,0,0,0,0,0,155.136,0,0,-52.2887
"MtrElec",7,15,9,"",104.202,0,0,0,0,0,0,0,0,0,0,0,0,0,0,0,0,0,0,0,0,173.273,0,0,-69.0715
"MtrElec",7,15,10,"",20.0572,0,0,0,0,0,0,0,0,0,0,0,0,0,0,0,0,0,0,0,0,165.976,0,0,-145.919
"MtrElec",7,15,11,"",0,0,0,0,0,0,0,0,0,0,0,0,0,0,0,0,0,0,0,0,0,150.188,0,73.7776,-223.965
"MtrElec",7,15,12,"",-0.656555,0,0,0,0,0,0,0,0,0,0,0,0,0,0,0,0,0,0,0,0,158.294,0,94.4224,-253.373
"MtrElec",7,15,13,"",-48.8942,0,0,0,0,0,0,0,0,0,0,0,0,0,0,0,0,0,0,0,0,120.96,0,94.4224,-264.277
"MtrElec",7,15,14,"",-72.1074,0,0,0,0,0,0,0,0,0,0,0,0,0,0,0,0,0,0,0,0,106.385,0,89.676,-268.168
"MtrElec",7,15,15,"",-124.085,0,0,0,0,0,0,0,0,0,0,0,0,0,0,0,0,0,0,0,0,130.666,0,0,-254.751
"MtrElec",7,15,16,"",-92.8845,0,0,0,0,0,0,0,0,0,0,0,0,0,0,0,0,0,0,0,0,130.851,0,0,-223.736
"MtrElec",7,15,17,"",-37.5967,0,0,0,0,0,0,0,0,0,0,0,0,0,0,0,0,0,0,0,0,137.215,0,0,-174.812
"MtrElec",7,15,18,"",79.3795,0,0,0,0,0,0,0,0,0,0,0,0,0,0,0,0,0,0,0,0,188.686,0,0,-109.307
"MtrElec",7,15,19,"",48.7199,0,0,0,0,0,0,0,0,0,0,0,0,0,0,0,0,0,0,0,0,183.377,0,-94.4224,-40.2342
"MtrElec",7,15,20,"",94.7495,0,0,0,0,0,0,0,0,0,0,0,0,0,0,0,0,0,0,0,0,195.424,0,-94.4224,-6.25223
"MtrElec",7,15,21,"",83.4732,0,0,0,0,0,0,0,0,0,0,0,0,0,0,0,0,0,0,0,0,177.896,0,-94.4224,0
"MtrElec",7,15,22,"",131.095,0,0,0,0,0,0,0,0,0,0,0,0,0,0,0,0,0,0,0,0,165.777,0,-34.6821,0
"MtrElec",7,15,23,"",110.259,0,0,0,0,0,0,0,0,0,0,0,0,0,0,0,0,0,0,0,0,110.259,0,0,0
"MtrElec",7,15,24,"",109.945,0,0,0,0,0,0,0,0,0,0,0,0,0,0,0,0,0,0,0,0,109.945,0,0,0
"MtrElec",7,16,1,"",86.7854,0,0,0,0,0,0,0,0,0,0,0,0,0,0,0,0,0,0,0,0,86.7854,0,0,0
"MtrElec",7,16,2,"",61.683,0,0,0,0,0,0,0,0,0,0,0,0,0,0,0,0,0,0,0,0,61.683,0,0,0
"MtrElec",7,16,3,"",59.233,0,0,0,0,0,0,0,0,0,0,0,0,0,0,0,0,0,0,0,0,59.233,0,0,0
"MtrElec",7,16,4,"",58.8679,0,0,0,0,0,0,0,0,0,0,0,0,0,0,0,0,0,0,0,0,58.8679,0,0,0
"MtrElec",7,16,5,"",58.2913,0,0,0,0,0,0,0,0,0,0,0,0,0,0,0,0,0,0,0,0,58.2913,0,0,0
"MtrElec",7,16,6,"",62.7332,0,0,0,0,0,0,0,0,0,0,0,0,0,0,0,0,0,0,0,0,62.7332,0,0,0
"MtrElec",7,16,7,"",103.776,0,0,0,0,0,0,0,0,0,0,0,0,0,0,0,0,0,0,0,0,118.876,0,0,-15.0996
"MtrElec",7,16,8,"",83.2773,0,0,0,0,0,0,0,0,0,0,0,0,0,0,0,0,0,0,0,0,133.104,0,0,-49.8268
"MtrElec",7,16,9,"",108.739,0,0,0,0,0,0,0,0,0,0,0,0,0,0,0,0,0,0,0,0,135.358,0,0,-26.6196
"MtrElec",7,16,10,"",102.615,0,0,0,0,0,0,0,0,0,0,0,0,0,0,0,0,0,0,0,0,157.058,0,0,-54.4427
"MtrElec",7,16,11,"",0.0000020,0,0,0,0,0,0,0,0,0,0,0,0,0,0,0,0,0,0,0,0,113.691,0,30.2913,-143.982
"MtrElec",7,16,12,"",-4.45543,0,0,0,0,0,0,0,0,0,0,0,0,0,0,0,0,0,0,0,0,158.546,0,94.4224,-257.424
"MtrElec",7,16,13,"",-69.6172,0,0,0,0,0,0,0,0,0,0,0,0,0,0,0,0,0,0,0,0,111.736,0,94.4224,-275.775
"MtrElec",7,16,14,"",-70.33,0,0,0,0,0,0,0,0,0,0,0,0,0,0,0,0,0,0,0,0,109.45,0,94.4224,-274.203
"MtrElec",7,16,15,"",-114.302,0,0,0,0,0,0,0,0,0,0,0,0,0,0,0,0,0,0,0,0,102.984,0,38.7399,-256.026
"MtrElec",7,16,16,"",-111.319,0,0,0,0,0,0,0,0,0,0,0,0,0,0,0,0,0,0,0,0,111.407,0,0,-222.726
"MtrElec",7,16,17,"",-20.7815,0,0,0,0,0,0,0,0,0,0,0,0,0,0,0,0,0,0,0,0,151.783,0,0,-172.564
"MtrElec",7,16,18,"",65.9006,0,0,0,0,0,0,0,0,0,0,0,0,0,0,0,0,0,0,0,0,174.194,0,0,-108.294
"MtrElec",7,16,19,"",97.8783,0,0,0,0,0,0,0,0,0,0,0,0,0,0,0,0,0,0,0,0,232.193,0,-94.4224,-39.8927
"MtrElec",7,16,20,"",81.4406,0,0,0,0,0,0,0,0,0,0,0,0,0,0,0,0,0,0,0,0,182.066,0,-94.4224,-6.2033
"MtrElec",7,16,21,"",115.982,0,0,0,0,0,0,0,0,0,0,0,0,0,0,0,0,0,0,0,0,210.404,0,-94.4224,0
"MtrElec",7,16,22,"",99.6307,0,0,0,0,0,0,0,0,0,0,0,0,0,0,0,0,0,0,0,0,134.313,0,-34.6821,0
"MtrElec",7,16,23,"",150.772,0,0,0,0,0,0,0,0,0,0,0,0,0,0,0,0,0,0,0,0,150.772,0,0,0
"MtrElec",7,16,24,"",88.6532,0,0,0,0,0,0,0,0,0,0,0,0,0,0,0,0,0,0,0,0,88.6532,0,0,0
"MtrElec",7,17,1,"",70.9438,0,0,0,0,0,0,0,0,0,0,0,0,0,0,0,0,0,0,0,0,70.9438,0,0,0
"MtrElec",7,17,2,"",62.4394,0,0,0,0,0,0,0,0,0,0,0,0,0,0,0,0,0,0,0,0,62.4394,0,0,0
"MtrElec",7,17,3,"",59.5422,0,0,0,0,0,0,0,0,0,0,0,0,0,0,0,0,0,0,0,0,59.5422,0,0,0
"MtrElec",7,17,4,"",58.8267,0,0,0,0,0,0,0,0,0,0,0,0,0,0,0,0,0,0,0,0,58.8267,0,0,0
"MtrElec",7,17,5,"",57.9917,0,0,0,0,0,0,0,0,0,0,0,0,0,0,0,0,0,0,0,0,57.9917,0,0,0
"MtrElec",7,17,6,"",62.5418,0,0,0,0,0,0,0,0,0,0,0,0,0,0,0,0,0,0,0,0,62.5418,0,0,0
"MtrElec",7,17,7,"",100.993,0,0,0,0,0,0,0,0,0,0,0,0,0,0,0,0,0,0,0,0,110.814,0,0,-9.82114
"MtrElec",7,17,8,"",67.2819,0,0,0,0,0,0,0,0,0,0,0,0,0,0,0,0,0,0,0,0,111.081,0,0,-43.7986
"MtrElec",7,17,9,"",16.0651,0,0,0,0,0,0,0,0,0,0,0,0,0,0,0,0,0,0,0,0,130.544,0,0,-114.479
"MtrElec",7,17,10,"",0,0,0,0,0,0,0,0,0,0,0,0,0,0,0,0,0,0,0,0,0,134.958,0,43.0145,-177.972
"MtrElec",7,17,11,"",0,0,0,0,0,0,0,0,0,0,0,0,0,0,0,0,0,0,0,0,0,150.575,0,71.8078,-222.383
"MtrElec",7,17,12,"",-25.9391,0,0,0,0,0,0,0,0,0,0,0,0,0,0,0,0,0,0,0,0,135.418,0,94.4224,-255.779
"MtrElec",7,17,13,"",-27.9823,0,0,0,0,0,0,0,0,0,0,0,0,0,0,0,0,0,0,0,0,150.796,0,94.4224,-273.201
"MtrElec",7,17,14,"",-78.126,0,0,0,0,0,0,0,0,0,0,0,0,0,0,0,0,0,0,0,0,141.992,0,48.6313,-268.749
"MtrElec",7,17,15,"",-119.104,0,0,0,0,0,0,0,0,0,0,0,0,0,0,0,0,0,0,0,0,134.434,0,0,-253.538
"MtrElec",7,17,16,"",-81.8871,0,0,0,0,0,0,0,0,0,0,0,0,0,0,0,0,0,0,0,0,140.196,0,0,-222.083
"MtrElec",7,17,17,"",21.5808,0,0,0,0,0,0,0,0,0,0,0,0,0,0,0,0,0,0,0,0,194.829,0,0,-173.249
"MtrElec",7,17,18,"",82.1361,0,0,0,0,0,0,0,0,0,0,0,0,0,0,0,0,0,0,0,0,192.241,0,0,-110.105
"MtrElec",7,17,19,"",77.368,0,0,0,0,0,0,0,0,0,0,0,0,0,0,0,0,0,0,0,0,212.406,0,-94.4224,-40.6159
"MtrElec",7,17,20,"",82.9432,0,0,0,0,0,0,0,0,0,0,0,0,0,0,0,0,0,0,0,0,183.269,0,-94.4224,-5.90349
"MtrElec",7,17,21,"",123.292,0,0,0,0,0,0,0,0,0,0,0,0,0,0,0,0,0,0,0,0,217.715,0,-94.4224,0
"MtrElec",7,17,22,"",94.7882,0,0,0,0,0,0,0,0,0,0,0,0,0,0,0,0,0,0,0,0,129.47,0,-34.6821,0
"MtrElec",7,17,23,"",148.745,0,0,0,0,0,0,0,0,0,0,0,0,0,0,0,0,0,0,0,0,148.745,0,0,0
"MtrElec",7,17,24,"",113.639,0,0,0,0,0,0,0,0,0,0,0,0,0,0,0,0,0,0,0,0,113.639,0,0,0
"MtrElec",7,18,1,"",87.246,0,0,0,0,0,0,0,0,0,0,0,0,0,0,0,0,0,0,0,0,87.246,0,0,0
"MtrElec",7,18,2,"",67.387,0,0,0,0,0,0,0,0,0,0,0,0,0,0,0,0,0,0,0,0,67.387,0,0,0
"MtrElec",7,18,3,"",65.9202,0,0,0,0,0,0,0,0,0,0,0,0,0,0,0,0,0,0,0,0,65.9202,0,0,0
"MtrElec",7,18,4,"",62.8427,0,0,0,0,0,0,0,0,0,0,0,0,0,0,0,0,0,0,0,0,62.8427,0,0,0
"MtrElec",7,18,5,"",58.8621,0,0,0,0,0,0,0,0,0,0,0,0,0,0,0,0,0,0,0,0,58.8621,0,0,0
"MtrElec",7,18,6,"",88.8637,0,0,0,0,0,0,0,0,0,0,0,0,0,0,0,0,0,0,0,0,88.8637,0,0,0
"MtrElec",7,18,7,"",63.4723,0,0,0,0,0,0,0,0,0,0,0,0,0,0,0,0,0,0,0,0,72.8963,0,0,-9.42398
"MtrElec",7,18,8,"",68.0712,0,0,0,0,0,0,0,0,0,0,0,0,0,0,0,0,0,0,0,0,110.784,0,0,-42.7128
"MtrElec",7,18,9,"",58.2966,0,0,0,0,0,0,0,0,0,0,0,0,0,0,0,0,0,0,0,0,168.784,0,0,-110.487
"MtrElec",7,18,10,"",23.179,0,0,0,0,0,0,0,0,0,0,0,0,0,0,0,0,0,0,0,0,192.434,0,0,-169.255
"MtrElec",7,18,11,"",0,0,0,0,0,0,0,0,0,0,0,0,0,0,0,0,0,0,0,0,0,163.391,0,52.8162,-216.207
"MtrElec",7,18,12,"",0.0000039,0,0,0,0,0,0,0,0,0,0,0,0,0,0,0,0,0,0,0,0,213.163,0,36.709,-249.872
"MtrElec",7,18,13,"",0,0,0,0,0,0,0,0,0,0,0,0,0,0,0,0,0,0,0,0,0,203.747,0,59.2962,-263.043
"MtrElec",7,18,14,"",0,0,0,0,0,0,0,0,0,0,0,0,0,0,0,0,0,0,0,0,0,194.142,0,66.5171,-260.659
"MtrElec",7,18,15,"",0.0000039,0,0,0,0,0,0,0,0,0,0,0,0,0,0,0,0,0,0,0,0,189.871,0,55.2597,-245.131
"MtrElec",7,18,16,"",0.0000010,0,0,0,0,0,0,0,0,0,0,0,0,0,0,0,0,0,0,0,0,203.323,0,9.69555,-213.018
"MtrElec",7,18,17,"",11.4137,0,0,0,0,0,0,0,0,0,0,0,0,0,0,0,0,0,0,0,0,177.456,0,0,-166.043
"MtrElec",7,18,18,"",126.513,0,0,0,0,0,0,0,0,0,0,0,0,0,0,0,0,0,0,0,0,231.06,0,0,-104.547
"MtrElec",7,18,19,"",108.286,0,0,0,0,0,0,0,0,0,0,0,0,0,0,0,0,0,0,0,0,241.237,0,-94.4224,-38.528
"MtrElec",7,18,20,"",102.249,0,0,0,0,0,0,0,0,0,0,0,0,0,0,0,0,0,0,0,0,201.771,0,-94.4224,-5.10014
"MtrElec",7,18,21,"",116.415,0,0,0,0,0,0,0,0,0,0,0,0,0,0,0,0,0,0,0,0,180.535,0,-64.1203,0
"MtrElec",7,18,22,"",136.293,0,0,0,0,0,0,0,0,0,0,0,0,0,0,0,0,0,0,0,0,136.293,0,0,0
"MtrElec",7,18,23,"",163.069,0,0,0,0,0,0,0,0,0,0,0,0,0,0,0,0,0,0,0,0,163.069,0,0,0
"MtrElec",7,18,24,"",151.781,0,0,0,0,0,0,0,0,0,0,0,0,0,0,0,0,0,0,0,0,151.781,0,0,0
"MtrElec",7,19,1,"",90.7465,0,0,0,0,0,0,0,0,0,0,0,0,0,0,0,0,0,0,0,0,90.7465,0,0,0
"MtrElec",7,19,2,"",72.0757,0,0,0,0,0,0,0,0,0,0,0,0,0,0,0,0,0,0,0,0,72.0757,0,0,0
"MtrElec",7,19,3,"",68.4462,0,0,0,0,0,0,0,0,0,0,0,0,0,0,0,0,0,0,0,0,68.4462,0,0,0
"MtrElec",7,19,4,"",65.1882,0,0,0,0,0,0,0,0,0,0,0,0,0,0,0,0,0,0,0,0,65.1882,0,0,0
"MtrElec",7,19,5,"",61.3769,0,0,0,0,0,0,0,0,0,0,0,0,0,0,0,0,0,0,0,0,61.3769,0,0,0
"MtrElec",7,19,6,"",64.7293,0,0,0,0,0,0,0,0,0,0,0,0,0,0,0,0,0,0,0,0,64.7293,0,0,0
"MtrElec",7,19,7,"",71.4105,0,0,0,0,0,0,0,0,0,0,0,0,0,0,0,0,0,0,0,0,80.3726,0,0,-8.9621
"MtrElec",7,19,8,"",88.4115,0,0,0,0,0,0,0,0,0,0,0,0,0,0,0,0,0,0,0,0,129.536,0,0,-41.1249
"MtrElec",7,19,9,"",21.3823,0,0,0,0,0,0,0,0,0,0,0,0,0,0,0,0,0,0,0,0,128.125,0,0,-106.743
"MtrElec",7,19,10,"",0,0,0,0,0,0,0,0,0,0,0,0,0,0,0,0,0,0,0,0,0,157.897,0,9.58248,-167.48
"MtrElec",7,19,11,"",0,0,0,0,0,0,0,0,0,0,0,0,0,0,0,0,0,0,0,0,0,209.402,0,4.59766,-213.999
"MtrElec",7,19,12,"",0,0,0,0,0,0,0,0,0,0,0,0,0,0,0,0,0,0,0,0,0,212.231,0,30.4446,-242.676
"MtrElec",7,19,13,"",0,0,0,0,0,0,0,0,0,0,0,0,0,0,0,0,0,0,0,0,0,188.65,0,69.4534,-258.103
"MtrElec",7,19,14,"",0,0,0,0,0,0,0,0,0,0,0,0,0,0,0,0,0,0,0,0,0,172.158,0,90.3163,-262.474
"MtrElec",7,19,15,"",0,0,0,0,0,0,0,0,0,0,0,0,0,0,0,0,0,0,0,0,0,208.056,0,42.3802,-250.436
"MtrElec",7,19,16,"",0,0,0,0,0,0,0,0,0,0,0,0,0,0,0,0,0,0,0,0,0,180.443,0,37.254,-217.697
"MtrElec",7,19,17,"",0,0,0,0,0,0,0,0,0,0,0,0,0,0,0,0,0,0,0,0,0,165.185,0,2.13794,-167.323
"MtrElec",7,19,18,"",113.079,0,0,0,0,0,0,0,0,0,0,0,0,0,0,0,0,0,0,0,0,218.813,0,0,-105.735
"MtrElec",7,19,19,"",106.082,0,0,0,0,0,0,0,0,0,0,0,0,0,0,0,0,0,0,0,0,239.018,0,-94.4224,-38.5138
"MtrElec",7,19,20,"",132.629,0,0,0,0,0,0,0,0,0,0,0,0,0,0,0,0,0,0,0,0,232.387,0,-94.4224,-5.33542
"MtrElec",7,19,21,"",88.2893,0,0,0,0,0,0,0,0,0,0,0,0,0,0,0,0,0,0,0,0,157.71,0,-69.4205,0
"MtrElec",7,19,22,"",158.251,0,0,0,0,0,0,0,0,0,0,0,0,0,0,0,0,0,0,0,0,158.251,0,0,0
"MtrElec",7,19,23,"",126.615,0,0,0,0,0,0,0,0,0,0,0,0,0,0,0,0,0,0,0,0,126.615,0,0,0
"MtrElec",7,19,24,"",109.301,0,0,0,0,0,0,0,0,0,0,0,0,0,0,0,0,0,0,0,0,109.301,0,0,0
"MtrElec",7,20,1,"",107.766,0,0,0,0,0,0,0,0,0,0,0,0,0,0,0,0,0,0,0,0,107.766,0,0,0
"MtrElec",7,20,2,"",70.7163,0,0,0,0,0,0,0,0,0,0,0,0,0,0,0,0,0,0,0,0,70.7163,0,0,0
"MtrElec",7,20,3,"",65.0934,0,0,0,0,0,0,0,0,0,0,0,0,0,0,0,0,0,0,0,0,65.0934,0,0,0
"MtrElec",7,20,4,"",62.0774,0,0,0,0,0,0,0,0,0,0,0,0,0,0,0,0,0,0,0,0,62.0774,0,0,0
"MtrElec",7,20,5,"",59.8124,0,0,0,0,0,0,0,0,0,0,0,0,0,0,0,0,0,0,0,0,59.8124,0,0,0
"MtrElec",7,20,6,"",64.5144,0,0,0,0,0,0,0,0,0,0,0,0,0,0,0,0,0,0,0,0,64.5144,0,0,0
"MtrElec",7,20,7,"",105.568,0,0,0,0,0,0,0,0,0,0,0,0,0,0,0,0,0,0,0,0,114.696,0,0,-9.12869
"MtrElec",7,20,8,"",99.6769,0,0,0,0,0,0,0,0,0,0,0,0,0,0,0,0,0,0,0,0,142.596,0,0,-42.9188
"MtrElec",7,20,9,"",82.2907,0,0,0,0,0,0,0,0,0,0,0,0,0,0,0,0,0,0,0,0,193.699,0,0,-111.409
"MtrElec",7,20,10,"",0,0,0,0,0,0,0,0,0,0,0,0,0,0,0,0,0,0,0,0,0,155.508,0,15.6251,-171.133
"MtrElec",7,20,11,"",0.0000020,0,0,0,0,0,0,0,0,0,0,0,0,0,0,0,0,0,0,0,0,187.917,0,31.8814,-219.798
"MtrElec",7,20,12,"",0.0000039,0,0,0,0,0,0,0,0,0,0,0,0,0,0,0,0,0,0,0,0,190.488,0,62.5765,-253.065
"MtrElec",7,20,13,"",-20.1478,0,0,0,0,0,0,0,0,0,0,0,0,0,0,0,0,0,0,0,0,152.982,0,94.4224,-267.552
"MtrElec",7,20,14,"",-43.7125,0,0,0,0,0,0,0,0,0,0,0,0,0,0,0,0,0,0,0,0,127.76,0,94.4224,-265.895
"MtrElec",7,20,15,"",-43.2567,0,0,0,0,0,0,0,0,0,0,0,0,0,0,0,0,0,0,0,0,153.71,0,53.3707,-250.337
"MtrElec",7,20,16,"",-51.4504,0,0,0,0,0,0,0,0,0,0,0,0,0,0,0,0,0,0,0,0,167.683,0,0,-219.134
"MtrElec",7,20,17,"",-4.33436,0,0,0,0,0,0,0,0,0,0,0,0,0,0,0,0,0,0,0,0,167.32,0,0,-171.655
"MtrElec",7,20,18,"",95.004,0,0,0,0,0,0,0,0,0,0,0,0,0,0,0,0,0,0,0,0,203.618,0,0,-108.614
"MtrElec",7,20,19,"",62.7623,0,0,0,0,0,0,0,0,0,0,0,0,0,0,0,0,0,0,0,0,196.779,0,-94.4224,-39.594
"MtrElec",7,20,20,"",113.982,0,0,0,0,0,0,0,0,0,0,0,0,0,0,0,0,0,0,0,0,213.804,0,-94.4224,-5.39922
"MtrElec",7,20,21,"",90.9946,0,0,0,0,0,0,0,0,0,0,0,0,0,0,0,0,0,0,0,0,185.417,0,-94.4224,0
"MtrElec",7,20,22,"",117.182,0,0,0,0,0,0,0,0,0,0,0,0,0,0,0,0,0,0,0,0,151.864,0,-34.6821,0
"MtrElec",7,20,23,"",117.022,0,0,0,0,0,0,0,0,0,0,0,0,0,0,0,0,0,0,0,0,117.022,0,0,0
"MtrElec",7,20,24,"",102.745,0,0,0,0,0,0,0,0,0,0,0,0,0,0,0,0,0,0,0,0,102.745,0,0,0
"MtrElec",7,21,1,"",73.3774,0,0,0,0,0,0,0,0,0,0,0,0,0,0,0,0,0,0,0,0,73.3774,0,0,0
"MtrElec",7,21,2,"",68.8785,0,0,0,0,0,0,0,0,0,0,0,0,0,0,0,0,0,0,0,0,68.8785,0,0,0
"MtrElec",7,21,3,"",89.5885,0,0,0,0,0,0,0,0,0,0,0,0,0,0,0,0,0,0,0,0,89.5885,0,0,0
"MtrElec",7,21,4,"",64.3526,0,0,0,0,0,0,0,0,0,0,0,0,0,0,0,0,0,0,0,0,64.3526,0,0,0
"MtrElec",7,21,5,"",63.1997,0,0,0,0,0,0,0,0,0,0,0,0,0,0,0,0,0,0,0,0,63.1997,0,0,0
"MtrElec",7,21,6,"",63.693,0,0,0,0,0,0,0,0,0,0,0,0,0,0,0,0,0,0,0,0,63.693,0,0,0
"MtrElec",7,21,7,"",78.96,0,0,0,0,0,0,0,0,0,0,0,0,0,0,0,0,0,0,0,0,92.0459,0,0,-13.0859
"MtrElec",7,21,8,"",86.4055,0,0,0,0,0,0,0,0,0,0,0,0,0,0,0,0,0,0,0,0,112.189,0,0,-25.784
"MtrElec",7,21,9,"",19.4506,0,0,0,0,0,0,0,0,0,0,0,0,0,0,0,0,0,0,0,0,92.9576,0,0,-73.507
"MtrElec",7,21,10,"",0.0000039,0,0,0,0,0,0,0,0,0,0,0,0,0,0,0,0,0,0,0,0,112.431,0,60.3313,-172.762
"MtrElec",7,21,11,"",0,0,0,0,0,0,0,0,0,0,0,0,0,0,0,0,0,0,0,0,0,174.926,0,50.8969,-225.823
"MtrElec",7,21,12,"",-45.8972,0,0,0,0,0,0,0,0,0,0,0,0,0,0,0,0,0,0,0,0,117.853,0,94.4224,-258.172
"MtrElec",7,21,13,"",-25.7021,0,0,0,0,0,0,0,0,0,0,0,0,0,0,0,0,0,0,0,0,154.072,0,94.4224,-274.197
"MtrElec",7,21,14,"",-98.8334,0,0,0,0,0,0,0,0,0,0,0,0,0,0,0,0,0,0,0,0,121.643,0,52.2254,-272.702
"MtrElec",7,21,15,"",-124.177,0,0,0,0,0,0,0,0,0,0,0,0,0,0,0,0,0,0,0,0,129.94,0,0,-254.117
"MtrElec",7,21,16,"",-56.2403,0,0,0,0,0,0,0,0,0,0,0,0,0,0,0,0,0,0,0,0,165.647,0,0,-221.887
"MtrElec",7,21,17,"",10.4398,0,0,0,0,0,0,0,0,0,0,0,0,0,0,0,0,0,0,0,0,185.394,0,0,-174.954
"MtrElec",7,21,18,"",92.2061,0,0,0,0,0,0,0,0,0,0,0,0,0,0,0,0,0,0,0,0,203.556,0,0,-111.35
"MtrElec",7,21,19,"",50.255,0,0,0,0,0,0,0,0,0,0,0,0,0,0,0,0,0,0,0,0,185.438,0,-94.4224,-40.7601
"MtrElec",7,21,20,"",90.1487,0,0,0,0,0,0,0,0,0,0,0,0,0,0,0,0,0,0,0,0,190.317,0,-94.4224,-5.74543
"MtrElec",7,21,21,"",85.9385,0,0,0,0,0,0,0,0,0,0,0,0,0,0,0,0,0,0,0,0,180.361,0,-94.4224,0
"MtrElec",7,21,22,"",124.866,0,0,0,0,0,0,0,0,0,0,0,0,0,0,0,0,0,0,0,0,159.548,0,-34.6821,0
"MtrElec",7,21,23,"",119.487,0,0,0,0,0,0,0,0,0,0,0,0,0,0,0,0,0,0,0,0,119.487,0,0,0
"MtrElec",7,21,24,"",104.423,0,0,0,0,0,0,0,0,0,0,0,0,0,0,0,0,0,0,0,0,104.423,0,0,0
"MtrElec",7,22,1,"",101.432,0,0,0,0,0,0,0,0,0,0,0,0,0,0,0,0,0,0,0,0,101.432,0,0,0
"MtrElec",7,22,2,"",63.0181,0,0,0,0,0,0,0,0,0,0,0,0,0,0,0,0,0,0,0,0,63.0181,0,0,0
"MtrElec",7,22,3,"",63.4112,0,0,0,0,0,0,0,0,0,0,0,0,0,0,0,0,0,0,0,0,63.4112,0,0,0
"MtrElec",7,22,4,"",63.3829,0,0,0,0,0,0,0,0,0,0,0,0,0,0,0,0,0,0,0,0,63.3829,0,0,0
"MtrElec",7,22,5,"",62.9564,0,0,0,0,0,0,0,0,0,0,0,0,0,0,0,0,0,0,0,0,62.9564,0,0,0
"MtrElec",7,22,6,"",63.807,0,0,0,0,0,0,0,0,0,0,0,0,0,0,0,0,0,0,0,0,63.807,0,0,0
"MtrElec",7,22,7,"",95.3031,0,0,0,0,0,0,0,0,0,0,0,0,0,0,0,0,0,0,0,0,109.778,0,0,-14.475
"MtrElec",7,22,8,"",34.4267,0,0,0,0,0,0,0,0,0,0,0,0,0,0,0,0,0,0,0,0,89.3455,0,0,-54.9189
"MtrElec",7,22,9,"",93.4826,0,0,0,0,0,0,0,0,0,0,0,0,0,0,0,0,0,0,0,0,135.211,0,0,-41.7282
"MtrElec",7,22,10,"",28.0049,0,0,0,0,0,0,0,0,0,0,0,0,0,0,0,0,0,0,0,0,136.522,0,0,-108.518
"MtrElec",7,22,11,"",0,0,0,0,0,0,0,0,0,0,0,0,0,0,0,0,0,0,0,0,0,158.597,0,71.4528,-230.05
"MtrElec",7,22,12,"",-27.4547,0,0,0,0,0,0,0,0,0,0,0,0,0,0,0,0,0,0,0,0,137.133,0,94.4224,-259.01
"MtrElec",7,22,13,"",-28.9938,0,0,0,0,0,0,0,0,0,0,0,0,0,0,0,0,0,0,0,0,145.527,0,94.4224,-268.943
"MtrElec",7,22,14,"",-48.2094,0,0,0,0,0,0,0,0,0,0,0,0,0,0,0,0,0,0,0,0,124.002,0,92.0008,-264.213
"MtrElec",7,22,15,"",-136.963,0,0,0,0,0,0,0,0,0,0,0,0,0,0,0,0,0,0,0,0,112.187,0,0,-249.151
"MtrElec",7,22,16,"",-71.8794,0,0,0,0,0,0,0,0,0,0,0,0,0,0,0,0,0,0,0,0,147.541,0,0,-219.421
"MtrElec",7,22,17,"",7.07297,0,0,0,0,0,0,0,0,0,0,0,0,0,0,0,0,0,0,0,0,178.118,0,0,-171.045
"MtrElec",7,22,18,"",99.3856,0,0,0,0,0,0,0,0,0,0,0,0,0,0,0,0,0,0,0,0,206.219,0,0,-106.834
"MtrElec",7,22,19,"",64.3815,0,0,0,0,0,0,0,0,0,0,0,0,0,0,0,0,0,0,0,0,197.708,0,-94.4224,-38.9039
"MtrElec",7,22,20,"",103.136,0,0,0,0,0,0,0,0,0,0,0,0,0,0,0,0,0,0,0,0,202.78,0,-94.4224,-5.22245
"MtrElec",7,22,21,"",49.6521,0,0,0,0,0,0,0,0,0,0,0,0,0,0,0,0,0,0,0,0,144.075,0,-94.4224,0
"MtrElec",7,22,22,"",126.655,0,0,0,0,0,0,0,0,0,0,0,0,0,0,0,0,0,0,0,0,161.337,0,-34.6821,0
"MtrElec",7,22,23,"",140.807,0,0,0,0,0,0,0,0,0,0,0,0,0,0,0,0,0,0,0,0,140.807,0,0,0
"MtrElec",7,22,24,"",121.733,0,0,0,0,0,0,0,0,0,0,0,0,0,0,0,0,0,0,0,0,121.733,0,0,0
"MtrElec",7,23,1,"",80.3753,0,0,0,0,0,0,0,0,0,0,0,0,0,0,0,0,0,0,0,0,80.3753,0,0,0
"MtrElec",7,23,2,"",64.8218,0,0,0,0,0,0,0,0,0,0,0,0,0,0,0,0,0,0,0,0,64.8218,0,0,0
"MtrElec",7,23,3,"",60.645,0,0,0,0,0,0,0,0,0,0,0,0,0,0,0,0,0,0,0,0,60.645,0,0,0
"MtrElec",7,23,4,"",59.1542,0,0,0,0,0,0,0,0,0,0,0,0,0,0,0,0,0,0,0,0,59.1542,0,0,0
"MtrElec",7,23,5,"",58.3933,0,0,0,0,0,0,0,0,0,0,0,0,0,0,0,0,0,0,0,0,58.3933,0,0,0
"MtrElec",7,23,6,"",75.8358,0,0,0,0,0,0,0,0,0,0,0,0,0,0,0,0,0,0,0,0,75.8358,0,0,0
"MtrElec",7,23,7,"",91.1749,0,0,0,0,0,0,0,0,0,0,0,0,0,0,0,0,0,0,0,0,100.059,0,0,-8.88406
"MtrElec",7,23,8,"",87.508,0,0,0,0,0,0,0,0,0,0,0,0,0,0,0,0,0,0,0,0,128.312,0,0,-40.8038
"MtrElec",7,23,9,"",58.3749,0,0,0,0,0,0,0,0,0,0,0,0,0,0,0,0,0,0,0,0,168.617,0,0,-110.242
"MtrElec",7,23,10,"",0,0,0,0,0,0,0,0,0,0,0,0,0,0,0,0,0,0,0,0,0,154.421,0,21.7414,-176.163
"MtrElec",7,23,11,"",0.0000020,0,0,0,0,0,0,0,0,0,0,0,0,0,0,0,0,0,0,0,0,185.819,0,32.5417,-218.36
"MtrElec",7,23,12,"",0,0,0,0,0,0,0,0,0,0,0,0,0,0,0,0,0,0,0,0,0,160.906,0,91.3629,-252.269
"MtrElec",7,23,13,"",-41.7241,0,0,0,0,0,0,0,0,0,0,0,0,0,0,0,0,0,0,0,0,134.335,0,94.4224,-270.482
"MtrElec",7,23,14,"",-52.2184,0,0,0,0,0,0,0,0,0,0,0,0,0,0,0,0,0,0,0,0,121.259,0,94.4224,-267.899
"MtrElec",7,23,15,"",-82.4673,0,0,0,0,0,0,0,0,0,0,0,0,0,0,0,0,0,0,0,0,152.137,0,17.8077,-252.412
"MtrElec",7,23,16,"",-71.5044,0,0,0,0,0,0,0,0,0,0,0,0,0,0,0,0,0,0,0,0,148.132,0,0,-219.636
"MtrElec",7,23,17,"",-0.918781,0,0,0,0,0,0,0,0,0,0,0,0,0,0,0,0,0,0,0,0,168.519,0,0,-169.438
"MtrElec",7,23,18,"",105.749,0,0,0,0,0,0,0,0,0,0,0,0,0,0,0,0,0,0,0,0,211.063,0,0,-105.315
"MtrElec",7,23,19,"",50.9975,0,0,0,0,0,0,0,0,0,0,0,0,0,0,0,0,0,0,0,0,183.135,0,-94.4224,-37.7151
"MtrElec",7,23,20,"",95.114,0,0,0,0,0,0,0,0,0,0,0,0,0,0,0,0,0,0,0,0,194.742,0,-94.4224,-5.20536
"MtrElec",7,23,21,"",88.4911,0,0,0,0,0,0,0,0,0,0,0,0,0,0,0,0,0,0,0,0,182.914,0,-94.4224,0
"MtrElec",7,23,22,"",98.0795,0,0,0,0,0,0,0,0,0,0,0,0,0,0,0,0,0,0,0,0,132.762,0,-34.6821,0
"MtrElec",7,23,23,"",117.798,0,0,0,0,0,0,0,0,0,0,0,0,0,0,0,0,0,0,0,0,117.798,0,0,0
"MtrElec",7,23,24,"",131.458,0,0,0,0,0,0,0,0,0,0,0,0,0,0,0,0,0,0,0,0,131.458,0,0,0
"MtrElec",7,24,1,"",78.8812,0,0,0,0,0,0,0,0,0,0,0,0,0,0,0,0,0,0,0,0,78.8812,0,0,0
"MtrElec",7,24,2,"",67.0799,0,0,0,0,0,0,0,0,0,0,0,0,0,0,0,0,0,0,0,0,67.0799,0,0,0
"MtrElec",7,24,3,"",62.5664,0,0,0,0,0,0,0,0,0,0,0,0,0,0,0,0,0,0,0,0,62.5664,0,0,0
"MtrElec",7,24,4,"",60.6522,0,0,0,0,0,0,0,0,0,0,0,0,0,0,0,0,0,0,0,0,60.6522,0,0,0
"MtrElec",7,24,5,"",59.3815,0,0,0,0,0,0,0,0,0,0,0,0,0,0,0,0,0,0,0,0,59.3815,0,0,0
"MtrElec",7,24,6,"",76.8387,0,0,0,0,0,0,0,0,0,0,0,0,0,0,0,0,0,0,0,0,76.8387,0,0,0
"MtrElec",7,24,7,"",102.402,0,0,0,0,0,0,0,0,0,0,0,0,0,0,0,0,0,0,0,0,109.818,0,0,-7.41551
"MtrElec",7,24,8,"",84.5289,0,0,0,0,0,0,0,0,0,0,0,0,0,0,0,0,0,0,0,0,124.63,0,0,-40.1012
"MtrElec",7,24,9,"",23.0647,0,0,0,0,0,0,0,0,0,0,0,0,0,0,0,0,0,0,0,0,127.426,0,0,-104.362
"MtrElec",7,24,10,"",0.0000010,0,0,0,0,0,0,0,0,0,0,0,0,0,0,0,0,0,0,0,0,148.7,0,12.9139,-161.614
"MtrElec",7,24,11,"",0,0,0,0,0,0,0,0,0,0,0,0,0,0,0,0,0,0,0,0,0,126.818,0,77.4943,-204.312
"MtrElec",7,24,12,"",0,0,0,0,0,0,0,0,0,0,0,0,0,0,0,0,0,0,0,0,0,159.936,0,76.3969,-236.332
"MtrElec",7,24,13,"",-11.2964,0,0,0,0,0,0,0,0,0,0,0,0,0,0,0,0,0,0,0,0,146.862,0,94.4224,-252.58
"MtrElec",7,24,14,"",-19.1782,0,0,0,0,0,0,0,0,0,0,0,0,0,0,0,0,0,0,0,0,140.138,0,91.071,-250.387
"MtrElec",7,24,15,"",-77.715,0,0,0,0,0,0,0,0,0,0,0,0,0,0,0,0,0,0,0,0,156.734,0,0,-234.449
"MtrElec",7,24,16,"",-53.1359,0,0,0,0,0,0,0,0,0,0,0,0,0,0,0,0,0,0,0,0,151.268,0,0,-204.404
"MtrElec",7,24,17,"",37.5592,0,0,0,0,0,0,0,0,0,0,0,0,0,0,0,0,0,0,0,0,195.128,0,0,-157.569
"MtrElec",7,24,18,"",100.461,0,0,0,0,0,0,0,0,0,0,0,0,0,0,0,0,0,0,0,0,194.647,0,0,-94.1856
"MtrElec",7,24,19,"",100.43,0,0,0,0,0,0,0,0,0,0,0,0,0,0,0,0,0,0,0,0,227.772,0,-94.4224,-32.9194
"MtrElec",7,24,20,"",109.905,0,0,0,0,0,0,0,0,0,0,0,0,0,0,0,0,0,0,0,0,209.6,0,-94.4224,-5.27293
"MtrElec",7,24,21,"",129.403,0,0,0,0,0,0,0,0,0,0,0,0,0,0,0,0,0,0,0,0,223.825,0,-94.4224,0
"MtrElec",7,24,22,"",104.149,0,0,0,0,0,0,0,0,0,0,0,0,0,0,0,0,0,0,0,0,138.831,0,-34.6821,0
"MtrElec",7,24,23,"",175.773,0,0,0,0,0,0,0,0,0,0,0,0,0,0,0,0,0,0,0,0,175.773,0,0,0
"MtrElec",7,24,24,"",122.222,0,0,0,0,0,0,0,0,0,0,0,0,0,0,0,0,0,0,0,0,122.222,0,0,0
"MtrElec",7,25,1,"",104.465,0,0,0,0,0,0,0,0,0,0,0,0,0,0,0,0,0,0,0,0,104.465,0,0,0
"MtrElec",7,25,2,"",71.022,0,0,0,0,0,0,0,0,0,0,0,0,0,0,0,0,0,0,0,0,71.022,0,0,0
"MtrElec",7,25,3,"",68.5096,0,0,0,0,0,0,0,0,0,0,0,0,0,0,0,0,0,0,0,0,68.5096,0,0,0
"MtrElec",7,25,4,"",67.4099,0,0,0,0,0,0,0,0,0,0,0,0,0,0,0,0,0,0,0,0,67.4099,0,0,0
"MtrElec",7,25,5,"",70.8074,0,0,0,0,0,0,0,0,0,0,0,0,0,0,0,0,0,0,0,0,70.8074,0,0,0
"MtrElec",7,25,6,"",66.7961,0,0,0,0,0,0,0,0,0,0,0,0,0,0,0,0,0,0,0,0,66.7961,0,0,0
"MtrElec",7,25,7,"",95.1684,0,0,0,0,0,0,0,0,0,0,0,0,0,0,0,0,0,0,0,0,103.222,0,0,-8.05331
"MtrElec",7,25,8,"",67.1091,0,0,0,0,0,0,0,0,0,0,0,0,0,0,0,0,0,0,0,0,107.248,0,0,-40.1389
"MtrElec",7,25,9,"",31.2663,0,0,0,0,0,0,0,0,0,0,0,0,0,0,0,0,0,0,0,0,131.388,0,0,-100.122
"MtrElec",7,25,10,"",12.6354,0,0,0,0,0,0,0,0,0,0,0,0,0,0,0,0,0,0,0,0,167.753,0,0,-155.118
"MtrElec",7,25,11,"",12.6287,0,0,0,0,0,0,0,0,0,0,0,0,0,0,0,0,0,0,0,0,212.889,0,0,-200.26
"MtrElec",7,25,12,"",0,0,0,0,0,0,0,0,0,0,0,0,0,0,0,0,0,0,0,0,0,221.284,0,14.026,-235.31
"MtrElec",7,25,13,"",0,0,0,0,0,0,0,0,0,0,0,0,0,0,0,0,0,0,0,0,0,213.477,0,37.507,-250.984
"MtrElec",7,25,14,"",0,0,0,0,0,0,0,0,0,0,0,0,0,0,0,0,0,0,0,0,0,196.183,0,55.1463,-251.329
"MtrElec",7,25,15,"",0,0,0,0,0,0,0,0,0,0,0,0,0,0,0,0,0,0,0,0,0,162.392,0,75.6903,-238.082
"MtrElec",7,25,16,"",0,0,0,0,0,0,0,0,0,0,0,0,0,0,0,0,0,0,0,0,0,152.841,0,51.7531,-204.594
"MtrElec",7,25,17,"",32.372,0,0,0,0,0,0,0,0,0,0,0,0,0,0,0,0,0,0,0,0,190.168,0,0,-157.796
"MtrElec",7,25,18,"",102.581,0,0,0,0,0,0,0,0,0,0,0,0,0,0,0,0,0,0,0,0,200.205,0,0,-97.6235
"MtrElec",7,25,19,"",108.568,0,0,0,0,0,0,0,0,0,0,0,0,0,0,0,0,0,0,0,0,239.048,0,-94.4224,-36.0576
"MtrElec",7,25,20,"",131.462,0,0,0,0,0,0,0,0,0,0,0,0,0,0,0,0,0,0,0,0,231.148,0,-94.4224,-5.26388
"MtrElec",7,25,21,"",163.707,0,0,0,0,0,0,0,0,0,0,0,0,0,0,0,0,0,0,0,0,186.157,0,-22.4509,0
"MtrElec",7,25,22,"",194.141,0,0,0,0,0,0,0,0,0,0,0,0,0,0,0,0,0,0,0,0,194.141,0,0,0
"MtrElec",7,25,23,"",139.466,0,0,0,0,0,0,0,0,0,0,0,0,0,0,0,0,0,0,0,0,139.466,0,0,0
"MtrElec",7,25,24,"",118.523,0,0,0,0,0,0,0,0,0,0,0,0,0,0,0,0,0,0,0,0,118.523,0,0,0
"MtrElec",7,26,1,"",100.24,0,0,0,0,0,0,0,0,0,0,0,0,0,0,0,0,0,0,0,0,100.24,0,0,0
"MtrElec",7,26,2,"",74.3771,0,0,0,0,0,0,0,0,0,0,0,0,0,0,0,0,0,0,0,0,74.3771,0,0,0
"MtrElec",7,26,3,"",71.5451,0,0,0,0,0,0,0,0,0,0,0,0,0,0,0,0,0,0,0,0,71.5451,0,0,0
"MtrElec",7,26,4,"",68.4161,0,0,0,0,0,0,0,0,0,0,0,0,0,0,0,0,0,0,0,0,68.4161,0,0,0
"MtrElec",7,26,5,"",63.9739,0,0,0,0,0,0,0,0,0,0,0,0,0,0,0,0,0,0,0,0,63.9739,0,0,0
"MtrElec",7,26,6,"",66.9909,0,0,0,0,0,0,0,0,0,0,0,0,0,0,0,0,0,0,0,0,66.9909,0,0,0
"MtrElec",7,26,7,"",98.4502,0,0,0,0,0,0,0,0,0,0,0,0,0,0,0,0,0,0,0,0,106.032,0,0,-7.58201
"MtrElec",7,26,8,"",70.6492,0,0,0,0,0,0,0,0,0,0,0,0,0,0,0,0,0,0,0,0,109.671,0,0,-39.0221
"MtrElec",7,26,9,"",52.8425,0,0,0,0,0,0,0,0,0,0,0,0,0,0,0,0,0,0,0,0,155.148,0,0,-102.305
"MtrElec",7,26,10,"",21.2932,0,0,0,0,0,0,0,0,0,0,0,0,0,0,0,0,0,0,0,0,180.988,0,0,-159.695
"MtrElec",7,26,11,"",0,0,0,0,0,0,0,0,0,0,0,0,0,0,0,0,0,0,0,0,0,190.297,0,14.7539,-205.051
"MtrElec",7,26,12,"",0,0,0,0,0,0,0,0,0,0,0,0,0,0,0,0,0,0,0,0,0,194.912,0,43.2771,-238.189
"MtrElec",7,26,13,"",0,0,0,0,0,0,0,0,0,0,0,0,0,0,0,0,0,0,0,0,0,209.919,0,45.3564,-255.275
"MtrElec",7,26,14,"",-20.7475,0,0,0,0,0,0,0,0,0,0,0,0,0,0,0,0,0,0,0,0,142.206,0,94.4224,-257.376
"MtrElec",7,26,15,"",0,0,0,0,0,0,0,0,0,0,0,0,0,0,0,0,0,0,0,0,0,163.884,0,78.6785,-242.563
"MtrElec",7,26,16,"",0,0,0,0,0,0,0,0,0,0,0,0,0,0,0,0,0,0,0,0,0,145.787,0,64.7434,-210.531
"MtrElec",7,26,17,"",12.1108,0,0,0,0,0,0,0,0,0,0,0,0,0,0,0,0,0,0,0,0,174.856,0,0,-162.746
"MtrElec",7,26,18,"",65.9261,0,0,0,0,0,0,0,0,0,0,0,0,0,0,0,0,0,0,0,0,167.307,0,0,-101.381
"MtrElec",7,26,19,"",113.498,0,0,0,0,0,0,0,0,0,0,0,0,0,0,0,0,0,0,0,0,243.964,0,-94.4224,-36.0427
"MtrElec",7,26,20,"",89.2636,0,0,0,0,0,0,0,0,0,0,0,0,0,0,0,0,0,0,0,0,188.411,0,-94.4224,-4.72451
"MtrElec",7,26,21,"",73.2143,0,0,0,0,0,0,0,0,0,0,0,0,0,0,0,0,0,0,0,0,167.637,0,-94.4224,0
"MtrElec",7,26,22,"",110.03,0,0,0,0,0,0,0,0,0,0,0,0,0,0,0,0,0,0,0,0,134.725,0,-24.6943,0
"MtrElec",7,26,23,"",133,0,0,0,0,0,0,0,0,0,0,0,0,0,0,0,0,0,0,0,0,133,0,0,0
"MtrElec",7,26,24,"",108.576,0,0,0,0,0,0,0,0,0,0,0,0,0,0,0,0,0,0,0,0,108.576,0,0,0
"MtrElec",7,27,1,"",82.6417,0,0,0,0,0,0,0,0,0,0,0,0,0,0,0,0,0,0,0,0,82.6417,0,0,0
"MtrElec",7,27,2,"",65.395,0,0,0,0,0,0,0,0,0,0,0,0,0,0,0,0,0,0,0,0,65.395,0,0,0
"MtrElec",7,27,3,"",65.0501,0,0,0,0,0,0,0,0,0,0,0,0,0,0,0,0,0,0,0,0,65.0501,0,0,0
"MtrElec",7,27,4,"",64.7297,0,0,0,0,0,0,0,0,0,0,0,0,0,0,0,0,0,0,0,0,64.7297,0,0,0
"MtrElec",7,27,5,"",64.1104,0,0,0,0,0,0,0,0,0,0,0,0,0,0,0,0,0,0,0,0,64.1104,0,0,0
"MtrElec",7,27,6,"",73.2757,0,0,0,0,0,0,0,0,0,0,0,0,0,0,0,0,0,0,0,0,73.2757,0,0,0
"MtrElec",7,27,7,"",81.3018,0,0,0,0,0,0,0,0,0,0,0,0,0,0,0,0,0,0,0,0,93.3961,0,0,-12.0942
"MtrElec",7,27,8,"",78.3083,0,0,0,0,0,0,0,0,0,0,0,0,0,0,0,0,0,0,0,0,128.644,0,0,-50.3355
"MtrElec",7,27,9,"",69.3249,0,0,0,0,0,0,0,0,0,0,0,0,0,0,0,0,0,0,0,0,119.025,0,0,-49.7004
"MtrElec",7,27,10,"",50.9538,0,0,0,0,0,0,0,0,0,0,0,0,0,0,0,0,0,0,0,0,159.541,0,0,-108.587
"MtrElec",7,27,11,"",0,0,0,0,0,0,0,0,0,0,0,0,0,0,0,0,0,0,0,0,0,142.285,0,73.4886,-215.773
"MtrElec",7,27,12,"",0.0000078,0,0,0,0,0,0,0,0,0,0,0,0,0,0,0,0,0,0,0,0,169.166,0,78.3763,-247.543
"MtrElec",7,27,13,"",-43.6259,0,0,0,0,0,0,0,0,0,0,0,0,0,0,0,0,0,0,0,0,124.713,0,94.4224,-262.762
"MtrElec",7,27,14,"",-20.895,0,0,0,0,0,0,0,0,0,0,0,0,0,0,0,0,0,0,0,0,145.408,0,94.4224,-260.725
"MtrElec",7,27,15,"",-121.008,0,0,0,0,0,0,0,0,0,0,0,0,0,0,0,0,0,0,0,0,112.018,0,11.5887,-244.615
"MtrElec",7,27,16,"",-65.4528,0,0,0,0,0,0,0,0,0,0,0,0,0,0,0,0,0,0,0,0,147.536,0,0,-212.989
"MtrElec",7,27,17,"",-10.0564,0,0,0,0,0,0,0,0,0,0,0,0,0,0,0,0,0,0,0,0,155.192,0,0,-165.248
"MtrElec",7,27,18,"",78.0932,0,0,0,0,0,0,0,0,0,0,0,0,0,0,0,0,0,0,0,0,180.225,0,0,-102.132
"MtrElec",7,27,19,"",43.6798,0,0,0,0,0,0,0,0,0,0,0,0,0,0,0,0,0,0,0,0,175.318,0,-94.4224,-37.2162
"MtrElec",7,27,20,"",122.252,0,0,0,0,0,0,0,0,0,0,0,0,0,0,0,0,0,0,0,0,222.114,0,-94.4224,-5.4398
"MtrElec",7,27,21,"",106.934,0,0,0,0,0,0,0,0,0,0,0,0,0,0,0,0,0,0,0,0,201.357,0,-94.4224,0
"MtrElec",7,27,22,"",106.14,0,0,0,0,0,0,0,0,0,0,0,0,0,0,0,0,0,0,0,0,140.822,0,-34.6821,0
"MtrElec",7,27,23,"",135.495,0,0,0,0,0,0,0,0,0,0,0,0,0,0,0,0,0,0,0,0,135.495,0,0,0
"MtrElec",7,27,24,"",132.688,0,0,0,0,0,0,0,0,0,0,0,0,0,0,0,0,0,0,0,0,132.688,0,0,0
"MtrElec",7,28,1,"",92.8266,0,0,0,0,0,0,0,0,0,0,0,0,0,0,0,0,0,0,0,0,92.8266,0,0,0
"MtrElec",7,28,2,"",63.7016,0,0,0,0,0,0,0,0,0,0,0,0,0,0,0,0,0,0,0,0,63.7016,0,0,0
"MtrElec",7,28,3,"",60.689,0,0,0,0,0,0,0,0,0,0,0,0,0,0,0,0,0,0,0,0,60.689,0,0,0
"MtrElec",7,28,4,"",59.9475,0,0,0,0,0,0,0,0,0,0,0,0,0,0,0,0,0,0,0,0,59.9475,0,0,0
"MtrElec",7,28,5,"",58.8113,0,0,0,0,0,0,0,0,0,0,0,0,0,0,0,0,0,0,0,0,58.8113,0,0,0
"MtrElec",7,28,6,"",63.791,0,0,0,0,0,0,0,0,0,0,0,0,0,0,0,0,0,0,0,0,63.791,0,0,0
"MtrElec",7,28,7,"",79.5188,0,0,0,0,0,0,0,0,0,0,0,0,0,0,0,0,0,0,0,0,87.2361,0,0,-7.71732
"MtrElec",7,28,8,"",80.7864,0,0,0,0,0,0,0,0,0,0,0,0,0,0,0,0,0,0,0,0,121.068,0,0,-40.2814
"MtrElec",7,28,9,"",28.8596,0,0,0,0,0,0,0,0,0,0,0,0,0,0,0,0,0,0,0,0,133.583,0,0,-104.724
"MtrElec",7,28,10,"",0.0000010,0,0,0,0,0,0,0,0,0,0,0,0,0,0,0,0,0,0,0,0,150.808,0,13.4336,-164.242
"MtrElec",7,28,11,"",0.0000039,0,0,0,0,0,0,0,0,0,0,0,0,0,0,0,0,0,0,0,0,149.622,0,60.0437,-209.666
"MtrElec",7,28,12,"",-12.2341,0,0,0,0,0,0,0,0,0,0,0,0,0,0,0,0,0,0,0,0,136.782,0,94.4224,-243.439
"MtrElec",7,28,13,"",-35.5611,0,0,0,0,0,0,0,0,0,0,0,0,0,0,0,0,0,0,0,0,128.266,0,94.4224,-258.25
"MtrElec",7,28,14,"",-30.0832,0,0,0,0,0,0,0,0,0,0,0,0,0,0,0,0,0,0,0,0,137.976,0,89.9763,-258.036
"MtrElec",7,28,15,"",-118.297,0,0,0,0,0,0,0,0,0,0,0,0,0,0,0,0,0,0,0,0,123.237,0,0,-241.534
"MtrElec",7,28,16,"",-75.7957,0,0,0,0,0,0,0,0,0,0,0,0,0,0,0,0,0,0,0,0,132.88,0,0,-208.676
"MtrElec",7,28,17,"",-10.9261,0,0,0,0,0,0,0,0,0,0,0,0,0,0,0,0,0,0,0,0,149.888,0,0,-160.814
"MtrElec",7,28,18,"",92.3678,0,0,0,0,0,0,0,0,0,0,0,0,0,0,0,0,0,0,0,0,191.654,0,0,-99.2863
"MtrElec",7,28,19,"",50.5509,0,0,0,0,0,0,0,0,0,0,0,0,0,0,0,0,0,0,0,0,180.804,0,-94.4224,-35.8305
"MtrElec",7,28,20,"",116.405,0,0,0,0,0,0,0,0,0,0,0,0,0,0,0,0,0,0,0,0,215.76,0,-94.4224,-4.9328
"MtrElec",7,28,21,"",134.872,0,0,0,0,0,0,0,0,0,0,0,0,0,0,0,0,0,0,0,0,229.294,0,-94.4224,0
"MtrElec",7,28,22,"",92.4488,0,0,0,0,0,0,0,0,0,0,0,0,0,0,0,0,0,0,0,0,127.131,0,-34.6821,0
"MtrElec",7,28,23,"",119.807,0,0,0,0,0,0,0,0,0,0,0,0,0,0,0,0,0,0,0,0,119.807,0,0,0
"MtrElec",7,28,24,"",122.757,0,0,0,0,0,0,0,0,0,0,0,0,0,0,0,0,0,0,0,0,122.757,0,0,0
"MtrElec",7,29,1,"",87.6248,0,0,0,0,0,0,0,0,0,0,0,0,0,0,0,0,0,0,0,0,87.6248,0,0,0
"MtrElec",7,29,2,"",66.157,0,0,0,0,0,0,0,0,0,0,0,0,0,0,0,0,0,0,0,0,66.157,0,0,0
"MtrElec",7,29,3,"",63.4617,0,0,0,0,0,0,0,0,0,0,0,0,0,0,0,0,0,0,0,0,63.4617,0,0,0
"MtrElec",7,29,4,"",68.6236,0,0,0,0,0,0,0,0,0,0,0,0,0,0,0,0,0,0,0,0,68.6236,0,0,0
"MtrElec",7,29,5,"",59.606,0,0,0,0,0,0,0,0,0,0,0,0,0,0,0,0,0,0,0,0,59.606,0,0,0
"MtrElec",7,29,6,"",64.9989,0,0,0,0,0,0,0,0,0,0,0,0,0,0,0,0,0,0,0,0,64.9989,0,0,0
"MtrElec",7,29,7,"",106.701,0,0,0,0,0,0,0,0,0,0,0,0,0,0,0,0,0,0,0,0,117.25,0,0,-10.5497
"MtrElec",7,29,8,"",74.6884,0,0,0,0,0,0,0,0,0,0,0,0,0,0,0,0,0,0,0,0,117.114,0,0,-42.4254
"MtrElec",7,29,9,"",108.203,0,0,0,0,0,0,0,0,0,0,0,0,0,0,0,0,0,0,0,0,165.842,0,0,-57.6388
"MtrElec",7,29,10,"",0,0,0,0,0,0,0,0,0,0,0,0,0,0,0,0,0,0,0,0,0,110.256,0,5.29214,-115.549
"MtrElec",7,29,11,"",0,0,0,0,0,0,0,0,0,0,0,0,0,0,0,0,0,0,0,0,0,131.28,0,77.2667,-208.547
"MtrElec",7,29,12,"",-7.95171,0,0,0,0,0,0,0,0,0,0,0,0,0,0,0,0,0,0,0,0,138.17,0,94.4224,-240.544
"MtrElec",7,29,13,"",-60.6731,0,0,0,0,0,0,0,0,0,0,0,0,0,0,0,0,0,0,0,0,99.7505,0,94.4224,-254.846
"MtrElec",7,29,14,"",-47.9531,0,0,0,0,0,0,0,0,0,0,0,0,0,0,0,0,0,0,0,0,126.095,0,80.8948,-254.943
"MtrElec",7,29,15,"",-127.629,0,0,0,0,0,0,0,0,0,0,0,0,0,0,0,0,0,0,0,0,111.138,0,0,-238.767
"MtrElec",7,29,16,"",-68.451,0,0,0,0,0,0,0,0,0,0,0,0,0,0,0,0,0,0,0,0,137.571,0,0,-206.022
"MtrElec",7,29,17,"",26.3796,0,0,0,0,0,0,0,0,0,0,0,0,0,0,0,0,0,0,0,0,184.177,0,0,-157.798
"MtrElec",7,29,18,"",79.4073,0,0,0,0,0,0,0,0,0,0,0,0,0,0,0,0,0,0,0,0,176.391,0,0,-96.9833
"MtrElec",7,29,19,"",66.6058,0,0,0,0,0,0,0,0,0,0,0,0,0,0,0,0,0,0,0,0,196.868,0,-94.4224,-35.8396
"MtrElec",7,29,20,"",75.0347,0,0,0,0,0,0,0,0,0,0,0,0,0,0,0,0,0,0,0,0,174.384,0,-94.4224,-4.9271
"MtrElec",7,29,21,"",119.635,0,0,0,0,0,0,0,0,0,0,0,0,0,0,0,0,0,0,0,0,214.057,0,-94.4224,0
"MtrElec",7,29,22,"",83.7072,0,0,0,0,0,0,0,0,0,0,0,0,0,0,0,0,0,0,0,0,118.389,0,-34.6821,0
"MtrElec",7,29,23,"",109.958,0,0,0,0,0,0,0,0,0,0,0,0,0,0,0,0,0,0,0,0,109.958,0,0,0
"MtrElec",7,29,24,"",91.5348,0,0,0,0,0,0,0,0,0,0,0,0,0,0,0,0,0,0,0,0,91.5348,0,0,0
"MtrElec",7,30,1,"",94.361,0,0,0,0,0,0,0,0,0,0,0,0,0,0,0,0,0,0,0,0,94.361,0,0,0
"MtrElec",7,30,2,"",69.8045,0,0,0,0,0,0,0,0,0,0,0,0,0,0,0,0,0,0,0,0,69.8045,0,0,0
"MtrElec",7,30,3,"",71.2622,0,0,0,0,0,0,0,0,0,0,0,0,0,0,0,0,0,0,0,0,71.2622,0,0,0
"MtrElec",7,30,4,"",69.2896,0,0,0,0,0,0,0,0,0,0,0,0,0,0,0,0,0,0,0,0,69.2896,0,0,0
"MtrElec",7,30,5,"",68.5884,0,0,0,0,0,0,0,0,0,0,0,0,0,0,0,0,0,0,0,0,68.5884,0,0,0
"MtrElec",7,30,6,"",65.9915,0,0,0,0,0,0,0,0,0,0,0,0,0,0,0,0,0,0,0,0,65.9915,0,0,0
"MtrElec",7,30,7,"",117.261,0,0,0,0,0,0,0,0,0,0,0,0,0,0,0,0,0,0,0,0,124.887,0,0,-7.62587
"MtrElec",7,30,8,"",94.1485,0,0,0,0,0,0,0,0,0,0,0,0,0,0,0,0,0,0,0,0,131.76,0,0,-37.6116
"MtrElec",7,30,9,"",79.8681,0,0,0,0,0,0,0,0,0,0,0,0,0,0,0,0,0,0,0,0,176.191,0,0,-96.3225
"MtrElec",7,30,10,"",0.0000020,0,0,0,0,0,0,0,0,0,0,0,0,0,0,0,0,0,0,0,0,135.59,0,23.2038,-158.793
"MtrElec",7,30,11,"",0,0,0,0,0,0,0,0,0,0,0,0,0,0,0,0,0,0,0,0,0,168.698,0,36.6709,-205.369
"MtrElec",7,30,12,"",-11.8486,0,0,0,0,0,0,0,0,0,0,0,0,0,0,0,0,0,0,0,0,128.411,0,94.4224,-234.683
"MtrElec",7,30,13,"",0,0,0,0,0,0,0,0,0,0,0,0,0,0,0,0,0,0,0,0,0,154.626,0,89.812,-244.438
"MtrElec",7,30,14,"",-8.09387,0,0,0,0,0,0,0,0,0,0,0,0,0,0,0,0,0,0,0,0,143.476,0,94.4224,-245.993
"MtrElec",7,30,15,"",-80.8744,0,0,0,0,0,0,0,0,0,0,0,0,0,0,0,0,0,0,0,0,138.503,0,13.7669,-233.144
"MtrElec",7,30,16,"",-65.1467,0,0,0,0,0,0,0,0,0,0,0,0,0,0,0,0,0,0,0,0,134.487,0,0,-199.634
"MtrElec",7,30,17,"",56.5379,0,0,0,0,0,0,0,0,0,0,0,0,0,0,0,0,0,0,0,0,165.655,0,0,-109.117
"MtrElec",7,30,18,"",114.407,0,0,0,0,0,0,0,0,0,0,0,0,0,0,0,0,0,0,0,0,160.049,0,0,-45.6427
"MtrElec",7,30,19,"",88.8228,0,0,0,0,0,0,0,0,0,0,0,0,0,0,0,0,0,0,0,0,212.865,0,-94.4224,-29.6194
"MtrElec",7,30,20,"",67.4509,0,0,0,0,0,0,0,0,0,0,0,0,0,0,0,0,0,0,0,0,167.109,0,-94.4224,-5.23518
"MtrElec",7,30,21,"",98.7497,0,0,0,0,0,0,0,0,0,0,0,0,0,0,0,0,0,0,0,0,193.172,0,-94.4224,0
"MtrElec",7,30,22,"",100.217,0,0,0,0,0,0,0,0,0,0,0,0,0,0,0,0,0,0,0,0,134.899,0,-34.6821,0
"MtrElec",7,30,23,"",166.608,0,0,0,0,0,0,0,0,0,0,0,0,0,0,0,0,0,0,0,0,166.608,0,0,0
"MtrElec",7,30,24,"",121.927,0,0,0,0,0,0,0,0,0,0,0,0,0,0,0,0,0,0,0,0,121.927,0,0,0
"MtrElec",7,31,1,"",76.5384,0,0,0,0,0,0,0,0,0,0,0,0,0,0,0,0,0,0,0,0,76.5384,0,0,0
"MtrElec",7,31,2,"",69.8155,0,0,0,0,0,0,0,0,0,0,0,0,0,0,0,0,0,0,0,0,69.8155,0,0,0
"MtrElec",7,31,3,"",65.6591,0,0,0,0,0,0,0,0,0,0,0,0,0,0,0,0,0,0,0,0,65.6591,0,0,0
"MtrElec",7,31,4,"",64.0459,0,0,0,0,0,0,0,0,0,0,0,0,0,0,0,0,0,0,0,0,64.0459,0,0,0
"MtrElec",7,31,5,"",62.811,0,0,0,0,0,0,0,0,0,0,0,0,0,0,0,0,0,0,0,0,62.811,0,0,0
"MtrElec",7,31,6,"",75.5741,0,0,0,0,0,0,0,0,0,0,0,0,0,0,0,0,0,0,0,0,75.5741,0,0,0
"MtrElec",7,31,7,"",93.1548,0,0,0,0,0,0,0,0,0,0,0,0,0,0,0,0,0,0,0,0,94.7111,0,0,-1.55629
"MtrElec",7,31,8,"",114.632,0,0,0,0,0,0,0,0,0,0,0,0,0,0,0,0,0,0,0,0,125.227,0,0,-10.595
"MtrElec",7,31,9,"",93.7797,0,0,0,0,0,0,0,0,0,0,0,0,0,0,0,0,0,0,0,0,112.751,0,0,-18.9714
"MtrElec",7,31,10,"",117.623,0,0,0,0,0,0,0,0,0,0,0,0,0,0,0,0,0,0,0,0,144.916,0,0,-27.2929
"MtrElec",7,31,11,"",87.0788,0,0,0,0,0,0,0,0,0,0,0,0,0,0,0,0,0,0,0,0,114.826,0,0,-27.7469
"MtrElec",7,31,12,"",81.9133,0,0,0,0,0,0,0,0,0,0,0,0,0,0,0,0,0,0,0,0,138.515,0,0,-56.6021
"MtrElec",7,31,13,"",34.8973,0,0,0,0,0,0,0,0,0,0,0,0,0,0,0,0,0,0,0,0,126.683,0,0,-91.7859
"MtrElec",7,31,14,"",0,0,0,0,0,0,0,0,0,0,0,0,0,0,0,0,0,0,0,0,0,94.2706,0,85.2382,-179.509
"MtrElec",7,31,15,"",0.0000039,0,0,0,0,0,0,0,0,0,0,0,0,0,0,0,0,0,0,0,0,121.528,0,56.5063,-178.034
"MtrElec",7,31,16,"",0,0,0,0,0,0,0,0,0,0,0,0,0,0,0,0,0,0,0,0,0,150.818,0,38.0607,-188.879
"MtrElec",7,31,17,"",16.704,0,0,0,0,0,0,0,0,0,0,0,0,0,0,0,0,0,0,0,0,167.168,0,0,-150.464
"MtrElec",7,31,18,"",94.8533,0,0,0,0,0,0,0,0,0,0,0,0,0,0,0,0,0,0,0,0,188.391,0,0,-93.5374
"MtrElec",7,31,19,"",104.013,0,0,0,0,0,0,0,0,0,0,0,0,0,0,0,0,0,0,0,0,233.19,0,-94.4224,-34.7542
"MtrElec",7,31,20,"",129.49,0,0,0,0,0,0,0,0,0,0,0,0,0,0,0,0,0,0,0,0,202.542,0,-67.8518,-5.20041
"MtrElec",7,31,21,"",215.044,0,0,0,0,0,0,0,0,0,0,0,0,0,0,0,0,0,0,0,0,215.044,0,0,0
"MtrElec",7,31,22,"",156.94,0,0,0,0,0,0,0,0,0,0,0,0,0,0,0,0,0,0,0,0,156.94,0,0,0
"MtrElec",7,31,23,"",168.114,0,0,0,0,0,0,0,0,0,0,0,0,0,0,0,0,0,0,0,0,168.114,0,0,0
"MtrElec",7,31,24,"",123.414,0,0,0,0,0,0,0,0,0,0,0,0,0,0,0,0,0,0,0,0,123.414,0,0,0
"MtrElec",8,1,1,"",79.1115,0,0,0,0,0,0,0,0,0,0,0,0,0,0,0,0,0,0,0,0,79.1115,0,0,0
"MtrElec",8,1,2,"",72.955,0,0,0,0,0,0,0,0,0,0,0,0,0,0,0,0,0,0,0,0,72.955,0,0,0
"MtrElec",8,1,3,"",69.5302,0,0,0,0,0,0,0,0,0,0,0,0,0,0,0,0,0,0,0,0,69.5302,0,0,0
"MtrElec",8,1,4,"",68.4155,0,0,0,0,0,0,0,0,0,0,0,0,0,0,0,0,0,0,0,0,68.4155,0,0,0
"MtrElec",8,1,5,"",86.3701,0,0,0,0,0,0,0,0,0,0,0,0,0,0,0,0,0,0,0,0,86.3701,0,0,0
"MtrElec",8,1,6,"",78.2492,0,0,0,0,0,0,0,0,0,0,0,0,0,0,0,0,0,0,0,0,78.2492,0,0,0
"MtrElec",8,1,7,"",66.8798,0,0,0,0,0,0,0,0,0,0,0,0,0,0,0,0,0,0,0,0,73.81,0,0,-6.93027
"MtrElec",8,1,8,"",62.9107,0,0,0,0,0,0,0,0,0,0,0,0,0,0,0,0,0,0,0,0,102.311,0,0,-39.4003
"MtrElec",8,1,9,"",38.6202,0,0,0,0,0,0,0,0,0,0,0,0,0,0,0,0,0,0,0,0,144.039,0,0,-105.418
"MtrElec",8,1,10,"",21.9301,0,0,0,0,0,0,0,0,0,0,0,0,0,0,0,0,0,0,0,0,190.516,0,0,-168.586
"MtrElec",8,1,11,"",0,0,0,0,0,0,0,0,0,0,0,0,0,0,0,0,0,0,0,0,0,194.946,0,22.1687,-217.115
"MtrElec",8,1,12,"",0,0,0,0,0,0,0,0,0,0,0,0,0,0,0,0,0,0,0,0,0,247.094,0,1.68523,-248.779
"MtrElec",8,1,13,"",0,0,0,0,0,0,0,0,0,0,0,0,0,0,0,0,0,0,0,0,0,211.271,0,52.3305,-263.602
"MtrElec",8,1,14,"",0,0,0,0,0,0,0,0,0,0,0,0,0,0,0,0,0,0,0,0,0,169.812,0,92.4114,-262.224
"MtrElec",8,1,15,"",0,0,0,0,0,0,0,0,0,0,0,0,0,0,0,0,0,0,0,0,0,207.168,0,38.0873,-245.255
"MtrElec",8,1,16,"",0.0000039,0,0,0,0,0,0,0,0,0,0,0,0,0,0,0,0,0,0,0,0,175.112,0,36.4551,-211.567
"MtrElec",8,1,17,"",54.7213,0,0,0,0,0,0,0,0,0,0,0,0,0,0,0,0,0,0,0,0,218.214,0,0,-163.493
"MtrElec",8,1,18,"",120.33,0,0,0,0,0,0,0,0,0,0,0,0,0,0,0,0,0,0,0,0,221.416,0,0,-101.085
"MtrElec",8,1,19,"",129.782,0,0,0,0,0,0,0,0,0,0,0,0,0,0,0,0,0,0,0,0,259.415,0,-94.4224,-35.2107
"MtrElec",8,1,20,"",132.261,0,0,0,0,0,0,0,0,0,0,0,0,0,0,0,0,0,0,0,0,231.08,0,-94.4224,-4.39706
"MtrElec",8,1,21,"",167.007,0,0,0,0,0,0,0,0,0,0,0,0,0,0,0,0,0,0,0,0,197.594,0,-30.5874,0
"MtrElec",8,1,22,"",188.854,0,0,0,0,0,0,0,0,0,0,0,0,0,0,0,0,0,0,0,0,188.854,0,0,0
"MtrElec",8,1,23,"",128.801,0,0,0,0,0,0,0,0,0,0,0,0,0,0,0,0,0,0,0,0,128.801,0,0,0
"MtrElec",8,1,24,"",115.198,0,0,0,0,0,0,0,0,0,0,0,0,0,0,0,0,0,0,0,0,115.198,0,0,0
"MtrElec",8,2,1,"",87.866,0,0,0,0,0,0,0,0,0,0,0,0,0,0,0,0,0,0,0,0,87.866,0,0,0
"MtrElec",8,2,2,"",73.5579,0,0,0,0,0,0,0,0,0,0,0,0,0,0,0,0,0,0,0,0,73.5579,0,0,0
"MtrElec",8,2,3,"",72.3415,0,0,0,0,0,0,0,0,0,0,0,0,0,0,0,0,0,0,0,0,72.3415,0,0,0
"MtrElec",8,2,4,"",68.4932,0,0,0,0,0,0,0,0,0,0,0,0,0,0,0,0,0,0,0,0,68.4932,0,0,0
"MtrElec",8,2,5,"",63.8111,0,0,0,0,0,0,0,0,0,0,0,0,0,0,0,0,0,0,0,0,63.8111,0,0,0
"MtrElec",8,2,6,"",67.8159,0,0,0,0,0,0,0,0,0,0,0,0,0,0,0,0,0,0,0,0,67.8159,0,0,0
"MtrElec",8,2,7,"",78.6977,0,0,0,0,0,0,0,0,0,0,0,0,0,0,0,0,0,0,0,0,85.5717,0,0,-6.87399
"MtrElec",8,2,8,"",93.8615,0,0,0,0,0,0,0,0,0,0,0,0,0,0,0,0,0,0,0,0,133.387,0,0,-39.5259
"MtrElec",8,2,9,"",30.1062,0,0,0,0,0,0,0,0,0,0,0,0,0,0,0,0,0,0,0,0,134.938,0,0,-104.832
"MtrElec",8,2,10,"",31.1715,0,0,0,0,0,0,0,0,0,0,0,0,0,0,0,0,0,0,0,0,197.182,0,0,-166.011
"MtrElec",8,2,11,"",4.97436,0,0,0,0,0,0,0,0,0,0,0,0,0,0,0,0,0,0,0,0,218.44,0,0,-213.466
"MtrElec",8,2,12,"",0,0,0,0,0,0,0,0,0,0,0,0,0,0,0,0,0,0,0,0,0,239.615,0,3.86764,-243.483
"MtrElec",8,2,13,"",0,0,0,0,0,0,0,0,0,0,0,0,0,0,0,0,0,0,0,0,0,227.61,0,29.5295,-257.139
"MtrElec",8,2,14,"",0.0000039,0,0,0,0,0,0,0,0,0,0,0,0,0,0,0,0,0,0,0,0,208.466,0,48.9133,-257.38
"MtrElec",8,2,15,"",0,0,0,0,0,0,0,0,0,0,0,0,0,0,0,0,0,0,0,0,0,230.982,0,10.1835,-241.165
"MtrElec",8,2,16,"",8.82594,0,0,0,0,0,0,0,0,0,0,0,0,0,0,0,0,0,0,0,0,216.655,0,0,-207.829
"MtrElec",8,2,17,"",40.075,0,0,0,0,0,0,0,0,0,0,0,0,0,0,0,0,0,0,0,0,199.071,0,0,-158.996
"MtrElec",8,2,18,"",126.883,0,0,0,0,0,0,0,0,0,0,0,0,0,0,0,0,0,0,0,0,224,0,0,-97.1169
"MtrElec",8,2,19,"",160.117,0,0,0,0,0,0,0,0,0,0,0,0,0,0,0,0,0,0,0,0,277.978,0,-83.4758,-34.3846
"MtrElec",8,2,20,"",233.291,0,0,0,0,0,0,0,0,0,0,0,0,0,0,0,0,0,0,0,0,237.469,0,0,-4.17752
"MtrElec",8,2,21,"",226.809,0,0,0,0,0,0,0,0,0,0,0,0,0,0,0,0,0,0,0,0,226.809,0,0,0
"MtrElec",8,2,22,"",207.771,0,0,0,0,0,0,0,0,0,0,0,0,0,0,0,0,0,0,0,0,207.771,0,0,0
"MtrElec",8,2,23,"",136.063,0,0,0,0,0,0,0,0,0,0,0,0,0,0,0,0,0,0,0,0,136.063,0,0,0
"MtrElec",8,2,24,"",108.013,0,0,0,0,0,0,0,0,0,0,0,0,0,0,0,0,0,0,0,0,108.013,0,0,0
"MtrElec",8,3,1,"",84.8104,0,0,0,0,0,0,0,0,0,0,0,0,0,0,0,0,0,0,0,0,84.8104,0,0,0
"MtrElec",8,3,2,"",70.5013,0,0,0,0,0,0,0,0,0,0,0,0,0,0,0,0,0,0,0,0,70.5013,0,0,0
"MtrElec",8,3,3,"",66.534,0,0,0,0,0,0,0,0,0,0,0,0,0,0,0,0,0,0,0,0,66.534,0,0,0
"MtrElec",8,3,4,"",64.9897,0,0,0,0,0,0,0,0,0,0,0,0,0,0,0,0,0,0,0,0,64.9897,0,0,0
"MtrElec",8,3,5,"",63.0512,0,0,0,0,0,0,0,0,0,0,0,0,0,0,0,0,0,0,0,0,63.0512,0,0,0
"MtrElec",8,3,6,"",104.654,0,0,0,0,0,0,0,0,0,0,0,0,0,0,0,0,0,0,0,0,104.654,0,0,0
"MtrElec",8,3,7,"",78.0676,0,0,0,0,0,0,0,0,0,0,0,0,0,0,0,0,0,0,0,0,84.95,0,0,-6.88239
"MtrElec",8,3,8,"",102.86,0,0,0,0,0,0,0,0,0,0,0,0,0,0,0,0,0,0,0,0,141.811,0,0,-38.9517
"MtrElec",8,3,9,"",36.5693,0,0,0,0,0,0,0,0,0,0,0,0,0,0,0,0,0,0,0,0,139.83,0,0,-103.261
"MtrElec",8,3,10,"",26.4806,0,0,0,0,0,0,0,0,0,0,0,0,0,0,0,0,0,0,0,0,189.899,0,0,-163.418
"MtrElec",8,3,11,"",0,0,0,0,0,0,0,0,0,0,0,0,0,0,0,0,0,0,0,0,0,147.882,0,61.8186,-209.701
"MtrElec",8,3,12,"",0,0,0,0,0,0,0,0,0,0,0,0,0,0,0,0,0,0,0,0,0,180.759,0,55.1825,-235.942
"MtrElec",8,3,13,"",0.0000020,0,0,0,0,0,0,0,0,0,0,0,0,0,0,0,0,0,0,0,0,221.367,0,22.0526,-243.419
"MtrElec",8,3,14,"",0,0,0,0,0,0,0,0,0,0,0,0,0,0,0,0,0,0,0,0,0,163.461,0,87.3671,-250.828
"MtrElec",8,3,15,"",0,0,0,0,0,0,0,0,0,0,0,0,0,0,0,0,0,0,0,0,0,150.8,0,88.1196,-238.919
"MtrElec",8,3,16,"",0.0000010,0,0,0,0,0,0,0,0,0,0,0,0,0,0,0,0,0,0,0,0,193.062,0,12.2564,-205.318
"MtrElec",8,3,17,"",36.5321,0,0,0,0,0,0,0,0,0,0,0,0,0,0,0,0,0,0,0,0,192.726,0,0,-156.193
"MtrElec",8,3,18,"",106.903,0,0,0,0,0,0,0,0,0,0,0,0,0,0,0,0,0,0,0,0,202.557,0,0,-95.6536
"MtrElec",8,3,19,"",105.968,0,0,0,0,0,0,0,0,0,0,0,0,0,0,0,0,0,0,0,0,234.432,0,-94.4224,-34.0409
"MtrElec",8,3,20,"",125.352,0,0,0,0,0,0,0,0,0,0,0,0,0,0,0,0,0,0,0,0,224.494,0,-94.4224,-4.71932
"MtrElec",8,3,21,"",109.277,0,0,0,0,0,0,0,0,0,0,0,0,0,0,0,0,0,0,0,0,203.699,0,-94.4224,0
"MtrElec",8,3,22,"",155.264,0,0,0,0,0,0,0,0,0,0,0,0,0,0,0,0,0,0,0,0,166.931,0,-11.6668,0
"MtrElec",8,3,23,"",153.669,0,0,0,0,0,0,0,0,0,0,0,0,0,0,0,0,0,0,0,0,153.669,0,0,0
"MtrElec",8,3,24,"",116.71,0,0,0,0,0,0,0,0,0,0,0,0,0,0,0,0,0,0,0,0,116.71,0,0,0
"MtrElec",8,4,1,"",103.252,0,0,0,0,0,0,0,0,0,0,0,0,0,0,0,0,0,0,0,0,103.252,0,0,0
"MtrElec",8,4,2,"",78.2806,0,0,0,0,0,0,0,0,0,0,0,0,0,0,0,0,0,0,0,0,78.2806,0,0,0
"MtrElec",8,4,3,"",73.2945,0,0,0,0,0,0,0,0,0,0,0,0,0,0,0,0,0,0,0,0,73.2945,0,0,0
"MtrElec",8,4,4,"",71.4673,0,0,0,0,0,0,0,0,0,0,0,0,0,0,0,0,0,0,0,0,71.4673,0,0,0
"MtrElec",8,4,5,"",70.358,0,0,0,0,0,0,0,0,0,0,0,0,0,0,0,0,0,0,0,0,70.358,0,0,0
"MtrElec",8,4,6,"",99.7341,0,0,0,0,0,0,0,0,0,0,0,0,0,0,0,0,0,0,0,0,99.7341,0,0,0
"MtrElec",8,4,7,"",111.829,0,0,0,0,0,0,0,0,0,0,0,0,0,0,0,0,0,0,0,0,115.677,0,0,-3.84799
"MtrElec",8,4,8,"",132.651,0,0,0,0,0,0,0,0,0,0,0,0,0,0,0,0,0,0,0,0,169.836,0,0,-37.1856
"MtrElec",8,4,9,"",94.9229,0,0,0,0,0,0,0,0,0,0,0,0,0,0,0,0,0,0,0,0,192.006,0,0,-97.0826
"MtrElec",8,4,10,"",52.3146,0,0,0,0,0,0,0,0,0,0,0,0,0,0,0,0,0,0,0,0,206.514,0,0,-154.199
"MtrElec",8,4,11,"",0,0,0,0,0,0,0,0,0,0,0,0,0,0,0,0,0,0,0,0,0,194.012,0,4.61111,-198.623
"MtrElec",8,4,12,"",0,0,0,0,0,0,0,0,0,0,0,0,0,0,0,0,0,0,0,0,0,171.162,0,60.5595,-231.722
"MtrElec",8,4,13,"",5.42716,0,0,0,0,0,0,0,0,0,0,0,0,0,0,0,0,0,0,0,0,240.005,0,0,-234.578
"MtrElec",8,4,14,"",0.0000078,0,0,0,0,0,0,0,0,0,0,0,0,0,0,0,0,0,0,0,0,161.792,0,89.0818,-250.874
"MtrElec",8,4,15,"",0,0,0,0,0,0,0,0,0,0,0,0,0,0,0,0,0,0,0,0,0,182.207,0,51.2734,-233.48
"MtrElec",8,4,16,"",0.0000020,0,0,0,0,0,0,0,0,0,0,0,0,0,0,0,0,0,0,0,0,171.247,0,30.5,-201.747
"MtrElec",8,4,17,"",27.459,0,0,0,0,0,0,0,0,0,0,0,0,0,0,0,0,0,0,0,0,181.648,0,0,-154.189
"MtrElec",8,4,18,"",121.087,0,0,0,0,0,0,0,0,0,0,0,0,0,0,0,0,0,0,0,0,213.739,0,0,-92.6516
"MtrElec",8,4,19,"",91.4728,0,0,0,0,0,0,0,0,0,0,0,0,0,0,0,0,0,0,0,0,216.618,0,-94.4224,-30.7224
"MtrElec",8,4,20,"",133.191,0,0,0,0,0,0,0,0,0,0,0,0,0,0,0,0,0,0,0,0,231.828,0,-94.4224,-4.21425
"MtrElec",8,4,21,"",215.947,0,0,0,0,0,0,0,0,0,0,0,0,0,0,0,0,0,0,0,0,240.115,0,-24.1685,0
"MtrElec",8,4,22,"",170.814,0,0,0,0,0,0,0,0,0,0,0,0,0,0,0,0,0,0,0,0,170.814,0,0,0
"MtrElec",8,4,23,"",140.143,0,0,0,0,0,0,0,0,0,0,0,0,0,0,0,0,0,0,0,0,140.143,0,0,0
"MtrElec",8,4,24,"",107.605,0,0,0,0,0,0,0,0,0,0,0,0,0,0,0,0,0,0,0,0,107.605,0,0,0
"MtrElec",8,5,1,"",91.6443,0,0,0,0,0,0,0,0,0,0,0,0,0,0,0,0,0,0,0,0,91.6443,0,0,0
"MtrElec",8,5,2,"",80.7254,0,0,0,0,0,0,0,0,0,0,0,0,0,0,0,0,0,0,0,0,80.7254,0,0,0
"MtrElec",8,5,3,"",73.4217,0,0,0,0,0,0,0,0,0,0,0,0,0,0,0,0,0,0,0,0,73.4217,0,0,0
"MtrElec",8,5,4,"",69.8929,0,0,0,0,0,0,0,0,0,0,0,0,0,0,0,0,0,0,0,0,69.8929,0,0,0
"MtrElec",8,5,5,"",67.7583,0,0,0,0,0,0,0,0,0,0,0,0,0,0,0,0,0,0,0,0,67.7583,0,0,0
"MtrElec",8,5,6,"",96.0405,0,0,0,0,0,0,0,0,0,0,0,0,0,0,0,0,0,0,0,0,96.0405,0,0,0
"MtrElec",8,5,7,"",110.682,0,0,0,0,0,0,0,0,0,0,0,0,0,0,0,0,0,0,0,0,117.237,0,0,-6.55553
"MtrElec",8,5,8,"",124.981,0,0,0,0,0,0,0,0,0,0,0,0,0,0,0,0,0,0,0,0,162.69,0,0,-37.7087
"MtrElec",8,5,9,"",60.7288,0,0,0,0,0,0,0,0,0,0,0,0,0,0,0,0,0,0,0,0,161.22,0,0,-100.491
"MtrElec",8,5,10,"",20.8009,0,0,0,0,0,0,0,0,0,0,0,0,0,0,0,0,0,0,0,0,181.444,0,0,-160.643
"MtrElec",8,5,11,"",0.0000020,0,0,0,0,0,0,0,0,0,0,0,0,0,0,0,0,0,0,0,0,187.542,0,20.8458,-208.388
"MtrElec",8,5,12,"",0,0,0,0,0,0,0,0,0,0,0,0,0,0,0,0,0,0,0,0,0,161.606,0,76.9422,-238.548
"MtrElec",8,5,13,"",0.0000039,0,0,0,0,0,0,0,0,0,0,0,0,0,0,0,0,0,0,0,0,206.478,0,47.1615,-253.639
"MtrElec",8,5,14,"",-3.56905,0,0,0,0,0,0,0,0,0,0,0,0,0,0,0,0,0,0,0,0,156.622,0,94.4224,-254.613
"MtrElec",8,5,15,"",0,0,0,0,0,0,0,0,0,0,0,0,0,0,0,0,0,0,0,0,0,156.13,0,84.2639,-240.394
"MtrElec",8,5,16,"",-15.851,0,0,0,0,0,0,0,0,0,0,0,0,0,0,0,0,0,0,0,0,164.233,0,28.6627,-208.747
"MtrElec",8,5,17,"",51.9126,0,0,0,0,0,0,0,0,0,0,0,0,0,0,0,0,0,0,0,0,211.52,0,0,-159.607
"MtrElec",8,5,18,"",109.398,0,0,0,0,0,0,0,0,0,0,0,0,0,0,0,0,0,0,0,0,206.447,0,0,-97.0495
"MtrElec",8,5,19,"",124.495,0,0,0,0,0,0,0,0,0,0,0,0,0,0,0,0,0,0,0,0,251.786,0,-94.4224,-32.8684
"MtrElec",8,5,20,"",93.2212,0,0,0,0,0,0,0,0,0,0,0,0,0,0,0,0,0,0,0,0,191.347,0,-94.4224,-3.70339
"MtrElec",8,5,21,"",125.601,0,0,0,0,0,0,0,0,0,0,0,0,0,0,0,0,0,0,0,0,220.023,0,-94.4224,0
"MtrElec",8,5,22,"",121.726,0,0,0,0,0,0,0,0,0,0,0,0,0,0,0,0,0,0,0,0,156.408,0,-34.6821,0
"MtrElec",8,5,23,"",146.252,0,0,0,0,0,0,0,0,0,0,0,0,0,0,0,0,0,0,0,0,146.252,0,0,0
"MtrElec",8,5,24,"",132.994,0,0,0,0,0,0,0,0,0,0,0,0,0,0,0,0,0,0,0,0,132.994,0,0,0
"MtrElec",8,6,1,"",90.0402,0,0,0,0,0,0,0,0,0,0,0,0,0,0,0,0,0,0,0,0,90.0402,0,0,0
"MtrElec",8,6,2,"",77.5532,0,0,0,0,0,0,0,0,0,0,0,0,0,0,0,0,0,0,0,0,77.5532,0,0,0
"MtrElec",8,6,3,"",72.6441,0,0,0,0,0,0,0,0,0,0,0,0,0,0,0,0,0,0,0,0,72.6441,0,0,0
"MtrElec",8,6,4,"",70.0946,0,0,0,0,0,0,0,0,0,0,0,0,0,0,0,0,0,0,0,0,70.0946,0,0,0
"MtrElec",8,6,5,"",67.4235,0,0,0,0,0,0,0,0,0,0,0,0,0,0,0,0,0,0,0,0,67.4235,0,0,0
"MtrElec",8,6,6,"",82.8379,0,0,0,0,0,0,0,0,0,0,0,0,0,0,0,0,0,0,0,0,82.8379,0,0,0
"MtrElec",8,6,7,"",108.355,0,0,0,0,0,0,0,0,0,0,0,0,0,0,0,0,0,0,0,0,114.174,0,0,-5.81845
"MtrElec",8,6,8,"",108.644,0,0,0,0,0,0,0,0,0,0,0,0,0,0,0,0,0,0,0,0,145.982,0,0,-37.3383
"MtrElec",8,6,9,"",35.8599,0,0,0,0,0,0,0,0,0,0,0,0,0,0,0,0,0,0,0,0,138.946,0,0,-103.086
"MtrElec",8,6,10,"",4.67059,0,0,0,0,0,0,0,0,0,0,0,0,0,0,0,0,0,0,0,0,169.099,0,0,-164.428
"MtrElec",8,6,11,"",0,0,0,0,0,0,0,0,0,0,0,0,0,0,0,0,0,0,0,0,0,166.665,0,44.1989,-210.864
"MtrElec",8,6,12,"",0,0,0,0,0,0,0,0,0,0,0,0,0,0,0,0,0,0,0,0,0,162.173,0,80.4621,-242.635
"MtrElec",8,6,13,"",-20.8153,0,0,0,0,0,0,0,0,0,0,0,0,0,0,0,0,0,0,0,0,142.445,0,94.4224,-257.683
"MtrElec",8,6,14,"",0,0,0,0,0,0,0,0,0,0,0,0,0,0,0,0,0,0,0,0,0,163.032,0,94.1283,-257.161
"MtrElec",8,6,15,"",-41.0129,0,0,0,0,0,0,0,0,0,0,0,0,0,0,0,0,0,0,0,0,160.718,0,39.0867,-240.818
"MtrElec",8,6,16,"",-27.2165,0,0,0,0,0,0,0,0,0,0,0,0,0,0,0,0,0,0,0,0,180.488,0,0,-207.704
"MtrElec",8,6,17,"",56.0275,0,0,0,0,0,0,0,0,0,0,0,0,0,0,0,0,0,0,0,0,215.463,0,0,-159.435
"MtrElec",8,6,18,"",97.554,0,0,0,0,0,0,0,0,0,0,0,0,0,0,0,0,0,0,0,0,194.515,0,0,-96.9609
"MtrElec",8,6,19,"",100.05,0,0,0,0,0,0,0,0,0,0,0,0,0,0,0,0,0,0,0,0,226.895,0,-94.4224,-32.4229
"MtrElec",8,6,20,"",114.961,0,0,0,0,0,0,0,0,0,0,0,0,0,0,0,0,0,0,0,0,212.858,0,-94.4224,-3.4746
"MtrElec",8,6,21,"",152.163,0,0,0,0,0,0,0,0,0,0,0,0,0,0,0,0,0,0,0,0,246.585,0,-94.4224,0
"MtrElec",8,6,22,"",126.196,0,0,0,0,0,0,0,0,0,0,0,0,0,0,0,0,0,0,0,0,160.878,0,-34.6821,0
"MtrElec",8,6,23,"",180.464,0,0,0,0,0,0,0,0,0,0,0,0,0,0,0,0,0,0,0,0,180.464,0,0,0
"MtrElec",8,6,24,"",111.796,0,0,0,0,0,0,0,0,0,0,0,0,0,0,0,0,0,0,0,0,111.796,0,0,0
"MtrElec",8,7,1,"",102.746,0,0,0,0,0,0,0,0,0,0,0,0,0,0,0,0,0,0,0,0,102.746,0,0,0
"MtrElec",8,7,2,"",80.1031,0,0,0,0,0,0,0,0,0,0,0,0,0,0,0,0,0,0,0,0,80.1031,0,0,0
"MtrElec",8,7,3,"",74.5747,0,0,0,0,0,0,0,0,0,0,0,0,0,0,0,0,0,0,0,0,74.5747,0,0,0
"MtrElec",8,7,4,"",71.1411,0,0,0,0,0,0,0,0,0,0,0,0,0,0,0,0,0,0,0,0,71.1411,0,0,0
"MtrElec",8,7,5,"",68.4086,0,0,0,0,0,0,0,0,0,0,0,0,0,0,0,0,0,0,0,0,68.4086,0,0,0
"MtrElec",8,7,6,"",81.6829,0,0,0,0,0,0,0,0,0,0,0,0,0,0,0,0,0,0,0,0,81.6829,0,0,0
"MtrElec",8,7,7,"",107.811,0,0,0,0,0,0,0,0,0,0,0,0,0,0,0,0,0,0,0,0,113.847,0,0,-6.03595
"MtrElec",8,7,8,"",111.043,0,0,0,0,0,0,0,0,0,0,0,0,0,0,0,0,0,0,0,0,148.298,0,0,-37.2556
"MtrElec",8,7,9,"",36.4128,0,0,0,0,0,0,0,0,0,0,0,0,0,0,0,0,0,0,0,0,136.343,0,0,-99.9302
"MtrElec",8,7,10,"",15.9156,0,0,0,0,0,0,0,0,0,0,0,0,0,0,0,0,0,0,0,0,173.309,0,0,-157.393
"MtrElec",8,7,11,"",0,0,0,0,0,0,0,0,0,0,0,0,0,0,0,0,0,0,0,0,0,176.808,0,26.8409,-203.648
"MtrElec",8,7,12,"",0,0,0,0,0,0,0,0,0,0,0,0,0,0,0,0,0,0,0,0,0,204.472,0,26.8253,-231.297
"MtrElec",8,7,13,"",0,0,0,0,0,0,0,0,0,0,0,0,0,0,0,0,0,0,0,0,0,186.999,0,54.573,-241.572
"MtrElec",8,7,14,"",0,0,0,0,0,0,0,0,0,0,0,0,0,0,0,0,0,0,0,0,0,154.301,0,88.458,-242.759
"MtrElec",8,7,15,"",0.0000039,0,0,0,0,0,0,0,0,0,0,0,0,0,0,0,0,0,0,0,0,172.859,0,59.8138,-232.673
"MtrElec",8,7,16,"",0,0,0,0,0,0,0,0,0,0,0,0,0,0,0,0,0,0,0,0,0,179.069,0,23.3603,-202.429
"MtrElec",8,7,17,"",35.8707,0,0,0,0,0,0,0,0,0,0,0,0,0,0,0,0,0,0,0,0,192.118,0,0,-156.247
"MtrElec",8,7,18,"",102.487,0,0,0,0,0,0,0,0,0,0,0,0,0,0,0,0,0,0,0,0,197.644,0,0,-95.157
"MtrElec",8,7,19,"",102.875,0,0,0,0,0,0,0,0,0,0,0,0,0,0,0,0,0,0,0,0,229.054,0,-94.4224,-31.7564
"MtrElec",8,7,20,"",115.523,0,0,0,0,0,0,0,0,0,0,0,0,0,0,0,0,0,0,0,0,214.155,0,-94.4224,-4.20992
"MtrElec",8,7,21,"",130.316,0,0,0,0,0,0,0,0,0,0,0,0,0,0,0,0,0,0,0,0,194.055,0,-63.739,0
"MtrElec",8,7,22,"",148.776,0,0,0,0,0,0,0,0,0,0,0,0,0,0,0,0,0,0,0,0,148.776,0,0,0
"MtrElec",8,7,23,"",166.695,0,0,0,0,0,0,0,0,0,0,0,0,0,0,0,0,0,0,0,0,166.695,0,0,0
"MtrElec",8,7,24,"",121.042,0,0,0,0,0,0,0,0,0,0,0,0,0,0,0,0,0,0,0,0,121.042,0,0,0
"MtrElec",8,8,1,"",87.4613,0,0,0,0,0,0,0,0,0,0,0,0,0,0,0,0,0,0,0,0,87.4613,0,0,0
"MtrElec",8,8,2,"",80.9721,0,0,0,0,0,0,0,0,0,0,0,0,0,0,0,0,0,0,0,0,80.9721,0,0,0
"MtrElec",8,8,3,"",77.4822,0,0,0,0,0,0,0,0,0,0,0,0,0,0,0,0,0,0,0,0,77.4822,0,0,0
"MtrElec",8,8,4,"",75.4117,0,0,0,0,0,0,0,0,0,0,0,0,0,0,0,0,0,0,0,0,75.4117,0,0,0
"MtrElec",8,8,5,"",78.0643,0,0,0,0,0,0,0,0,0,0,0,0,0,0,0,0,0,0,0,0,78.0643,0,0,0
"MtrElec",8,8,6,"",74.5447,0,0,0,0,0,0,0,0,0,0,0,0,0,0,0,0,0,0,0,0,74.5447,0,0,0
"MtrElec",8,8,7,"",87.2427,0,0,0,0,0,0,0,0,0,0,0,0,0,0,0,0,0,0,0,0,92.7676,0,0,-5.52481
"MtrElec",8,8,8,"",118.281,0,0,0,0,0,0,0,0,0,0,0,0,0,0,0,0,0,0,0,0,155.044,0,0,-36.7633
"MtrElec",8,8,9,"",67.0296,0,0,0,0,0,0,0,0,0,0,0,0,0,0,0,0,0,0,0,0,167.986,0,0,-100.956
"MtrElec",8,8,10,"",35.2869,0,0,0,0,0,0,0,0,0,0,0,0,0,0,0,0,0,0,0,0,197.513,0,0,-162.227
"MtrElec",8,8,11,"",1.17545,0,0,0,0,0,0,0,0,0,0,0,0,0,0,0,0,0,0,0,0,210.704,0,0,-209.529
"MtrElec",8,8,12,"",0,0,0,0,0,0,0,0,0,0,0,0,0,0,0,0,0,0,0,0,0,214.015,0,26.0573,-240.072
"MtrElec",8,8,13,"",0,0,0,0,0,0,0,0,0,0,0,0,0,0,0,0,0,0,0,0,0,202.177,0,53.6287,-255.806
"MtrElec",8,8,14,"",0,0,0,0,0,0,0,0,0,0,0,0,0,0,0,0,0,0,0,0,0,183.382,0,75.2139,-258.596
"MtrElec",8,8,15,"",0,0,0,0,0,0,0,0,0,0,0,0,0,0,0,0,0,0,0,0,0,192.568,0,51.4651,-244.033
"MtrElec",8,8,16,"",0,0,0,0,0,0,0,0,0,0,0,0,0,0,0,0,0,0,0,0,0,202.264,0,6.91383,-209.178
"MtrElec",8,8,17,"",41.5504,0,0,0,0,0,0,0,0,0,0,0,0,0,0,0,0,0,0,0,0,200.015,0,0,-158.465
"MtrElec",8,8,18,"",130.346,0,0,0,0,0,0,0,0,0,0,0,0,0,0,0,0,0,0,0,0,226.403,0,0,-96.0569
"MtrElec",8,8,19,"",122.611,0,0,0,0,0,0,0,0,0,0,0,0,0,0,0,0,0,0,0,0,248.409,0,-94.4224,-31.3761
"MtrElec",8,8,20,"",115.33,0,0,0,0,0,0,0,0,0,0,0,0,0,0,0,0,0,0,0,0,212.81,0,-94.4224,-3.05708
"MtrElec",8,8,21,"",162.982,0,0,0,0,0,0,0,0,0,0,0,0,0,0,0,0,0,0,0,0,166.622,0,-3.63928,0
"MtrElec",8,8,22,"",146.902,0,0,0,0,0,0,0,0,0,0,0,0,0,0,0,0,0,0,0,0,146.902,0,0,0
"MtrElec",8,8,23,"",130.133,0,0,0,0,0,0,0,0,0,0,0,0,0,0,0,0,0,0,0,0,130.133,0,0,0
"MtrElec",8,8,24,"",142.791,0,0,0,0,0,0,0,0,0,0,0,0,0,0,0,0,0,0,0,0,142.791,0,0,0
"MtrElec",8,9,1,"",108.428,0,0,0,0,0,0,0,0,0,0,0,0,0,0,0,0,0,0,0,0,108.428,0,0,0
"MtrElec",8,9,2,"",75.9191,0,0,0,0,0,0,0,0,0,0,0,0,0,0,0,0,0,0,0,0,75.9191,0,0,0
"MtrElec",8,9,3,"",74.8712,0,0,0,0,0,0,0,0,0,0,0,0,0,0,0,0,0,0,0,0,74.8712,0,0,0
"MtrElec",8,9,4,"",73.9431,0,0,0,0,0,0,0,0,0,0,0,0,0,0,0,0,0,0,0,0,73.9431,0,0,0
"MtrElec",8,9,5,"",82.0258,0,0,0,0,0,0,0,0,0,0,0,0,0,0,0,0,0,0,0,0,82.0258,0,0,0
"MtrElec",8,9,6,"",70.5313,0,0,0,0,0,0,0,0,0,0,0,0,0,0,0,0,0,0,0,0,70.5313,0,0,0
"MtrElec",8,9,7,"",80.1339,0,0,0,0,0,0,0,0,0,0,0,0,0,0,0,0,0,0,0,0,85.7365,0,0,-5.60262
"MtrElec",8,9,8,"",74.1029,0,0,0,0,0,0,0,0,0,0,0,0,0,0,0,0,0,0,0,0,111.125,0,0,-37.0223
"MtrElec",8,9,9,"",51.2381,0,0,0,0,0,0,0,0,0,0,0,0,0,0,0,0,0,0,0,0,154.825,0,0,-103.587
"MtrElec",8,9,10,"",25.3234,0,0,0,0,0,0,0,0,0,0,0,0,0,0,0,0,0,0,0,0,191.898,0,0,-166.574
"MtrElec",8,9,11,"",0,0,0,0,0,0,0,0,0,0,0,0,0,0,0,0,0,0,0,0,0,177.681,0,34.6693,-212.35
"MtrElec",8,9,12,"",0,0,0,0,0,0,0,0,0,0,0,0,0,0,0,0,0,0,0,0,0,191.448,0,52.8898,-244.337
"MtrElec",8,9,13,"",0.0000039,0,0,0,0,0,0,0,0,0,0,0,0,0,0,0,0,0,0,0,0,198.921,0,64.1318,-263.053
"MtrElec",8,9,14,"",-8.1436,0,0,0,0,0,0,0,0,0,0,0,0,0,0,0,0,0,0,0,0,160.986,0,94.4224,-263.552
"MtrElec",8,9,15,"",0,0,0,0,0,0,0,0,0,0,0,0,0,0,0,0,0,0,0,0,0,168.818,0,78.2313,-247.049
"MtrElec",8,9,16,"",-14.9127,0,0,0,0,0,0,0,0,0,0,0,0,0,0,0,0,0,0,0,0,168.231,0,27.9538,-211.098
"MtrElec",8,9,17,"",-1.77253,0,0,0,0,0,0,0,0,0,0,0,0,0,0,0,0,0,0,0,0,160.192,0,0,-161.965
"MtrElec",8,9,18,"",109.553,0,0,0,0,0,0,0,0,0,0,0,0,0,0,0,0,0,0,0,0,208.434,0,0,-98.8813
"MtrElec",8,9,19,"",73.1235,0,0,0,0,0,0,0,0,0,0,0,0,0,0,0,0,0,0,0,0,199.777,0,-94.4224,-32.2308
"MtrElec",8,9,20,"",116.441,0,0,0,0,0,0,0,0,0,0,0,0,0,0,0,0,0,0,0,0,213.939,0,-94.4224,-3.07588
"MtrElec",8,9,21,"",80.0304,0,0,0,0,0,0,0,0,0,0,0,0,0,0,0,0,0,0,0,0,174.453,0,-94.4224,0
"MtrElec",8,9,22,"",159.93,0,0,0,0,0,0,0,0,0,0,0,0,0,0,0,0,0,0,0,0,194.612,0,-34.6821,0
"MtrElec",8,9,23,"",114.218,0,0,0,0,0,0,0,0,0,0,0,0,0,0,0,0,0,0,0,0,114.218,0,0,0
"MtrElec",8,9,24,"",106.319,0,0,0,0,0,0,0,0,0,0,0,0,0,0,0,0,0,0,0,0,106.319,0,0,0
"MtrElec",8,10,1,"",85.2008,0,0,0,0,0,0,0,0,0,0,0,0,0,0,0,0,0,0,0,0,85.2008,0,0,0
"MtrElec",8,10,2,"",76.6483,0,0,0,0,0,0,0,0,0,0,0,0,0,0,0,0,0,0,0,0,76.6483,0,0,0
"MtrElec",8,10,3,"",70.4542,0,0,0,0,0,0,0,0,0,0,0,0,0,0,0,0,0,0,0,0,70.4542,0,0,0
"MtrElec",8,10,4,"",66.2887,0,0,0,0,0,0,0,0,0,0,0,0,0,0,0,0,0,0,0,0,66.2887,0,0,0
"MtrElec",8,10,5,"",90.867,0,0,0,0,0,0,0,0,0,0,0,0,0,0,0,0,0,0,0,0,90.867,0,0,0
"MtrElec",8,10,6,"",68.7178,0,0,0,0,0,0,0,0,0,0,0,0,0,0,0,0,0,0,0,0,68.7178,0,0,0
"MtrElec",8,10,7,"",85.1062,0,0,0,0,0,0,0,0,0,0,0,0,0,0,0,0,0,0,0,0,91.2959,0,0,-6.18973
"MtrElec",8,10,8,"",120.843,0,0,0,0,0,0,0,0,0,0,0,0,0,0,0,0,0,0,0,0,158.346,0,0,-37.5027
"MtrElec",8,10,9,"",32.0415,0,0,0,0,0,0,0,0,0,0,0,0,0,0,0,0,0,0,0,0,137.895,0,0,-105.854
"MtrElec",8,10,10,"",0,0,0,0,0,0,0,0,0,0,0,0,0,0,0,0,0,0,0,0,0,148.795,0,20.3199,-169.115
"MtrElec",8,10,11,"",0.0000078,0,0,0,0,0,0,0,0,0,0,0,0,0,0,0,0,0,0,0,0,150.007,0,68.6826,-218.689
"MtrElec",8,10,12,"",-22.5805,0,0,0,0,0,0,0,0,0,0,0,0,0,0,0,0,0,0,0,0,134.924,0,94.4224,-251.927
"MtrElec",8,10,13,"",-10.0023,0,0,0,0,0,0,0,0,0,0,0,0,0,0,0,0,0,0,0,0,163.714,0,94.4224,-268.139
"MtrElec",8,10,14,"",-41.4927,0,0,0,0,0,0,0,0,0,0,0,0,0,0,0,0,0,0,0,0,150.385,0,74.4511,-266.328
"MtrElec",8,10,15,"",-113.554,0,0,0,0,0,0,0,0,0,0,0,0,0,0,0,0,0,0,0,0,136.055,0,0,-249.61
"MtrElec",8,10,16,"",-48.8698,0,0,0,0,0,0,0,0,0,0,0,0,0,0,0,0,0,0,0,0,168.112,0,0,-216.982
"MtrElec",8,10,17,"",4.93369,0,0,0,0,0,0,0,0,0,0,0,0,0,0,0,0,0,0,0,0,171.491,0,0,-166.557
"MtrElec",8,10,18,"",95.6476,0,0,0,0,0,0,0,0,0,0,0,0,0,0,0,0,0,0,0,0,196.756,0,0,-101.109
"MtrElec",8,10,19,"",85.6069,0,0,0,0,0,0,0,0,0,0,0,0,0,0,0,0,0,0,0,0,212.579,0,-94.4224,-32.5497
"MtrElec",8,10,20,"",109.87,0,0,0,0,0,0,0,0,0,0,0,0,0,0,0,0,0,0,0,0,207.359,0,-94.4224,-3.06691
"MtrElec",8,10,21,"",90.9066,0,0,0,0,0,0,0,0,0,0,0,0,0,0,0,0,0,0,0,0,185.329,0,-94.4224,0
"MtrElec",8,10,22,"",125.272,0,0,0,0,0,0,0,0,0,0,0,0,0,0,0,0,0,0,0,0,159.954,0,-34.6821,0
"MtrElec",8,10,23,"",174.966,0,0,0,0,0,0,0,0,0,0,0,0,0,0,0,0,0,0,0,0,174.966,0,0,0
"MtrElec",8,10,24,"",108.933,0,0,0,0,0,0,0,0,0,0,0,0,0,0,0,0,0,0,0,0,108.933,0,0,0
"MtrElec",8,11,1,"",88.8985,0,0,0,0,0,0,0,0,0,0,0,0,0,0,0,0,0,0,0,0,88.8985,0,0,0
"MtrElec",8,11,2,"",71.1844,0,0,0,0,0,0,0,0,0,0,0,0,0,0,0,0,0,0,0,0,71.1844,0,0,0
"MtrElec",8,11,3,"",69.087,0,0,0,0,0,0,0,0,0,0,0,0,0,0,0,0,0,0,0,0,69.087,0,0,0
"MtrElec",8,11,4,"",67.0271,0,0,0,0,0,0,0,0,0,0,0,0,0,0,0,0,0,0,0,0,67.0271,0,0,0
"MtrElec",8,11,5,"",65.9205,0,0,0,0,0,0,0,0,0,0,0,0,0,0,0,0,0,0,0,0,65.9205,0,0,0
"MtrElec",8,11,6,"",91.1915,0,0,0,0,0,0,0,0,0,0,0,0,0,0,0,0,0,0,0,0,91.1915,0,0,0
"MtrElec",8,11,7,"",70.3433,0,0,0,0,0,0,0,0,0,0,0,0,0,0,0,0,0,0,0,0,76.5978,0,0,-6.25448
"MtrElec",8,11,8,"",109.992,0,0,0,0,0,0,0,0,0,0,0,0,0,0,0,0,0,0,0,0,148.726,0,0,-38.7339
"MtrElec",8,11,9,"",36.2677,0,0,0,0,0,0,0,0,0,0,0,0,0,0,0,0,0,0,0,0,147.076,0,0,-110.808
"MtrElec",8,11,10,"",0,0,0,0,0,0,0,0,0,0,0,0,0,0,0,0,0,0,0,0,0,173.22,0,3.40802,-176.628
"MtrElec",8,11,11,"",0.0000039,0,0,0,0,0,0,0,0,0,0,0,0,0,0,0,0,0,0,0,0,171.107,0,51.0607,-222.168
"MtrElec",8,11,12,"",0.0000039,0,0,0,0,0,0,0,0,0,0,0,0,0,0,0,0,0,0,0,0,192.91,0,60.7002,-253.61
"MtrElec",8,11,13,"",-18.9349,0,0,0,0,0,0,0,0,0,0,0,0,0,0,0,0,0,0,0,0,157.496,0,94.4224,-270.853
"MtrElec",8,11,14,"",-10.4169,0,0,0,0,0,0,0,0,0,0,0,0,0,0,0,0,0,0,0,0,163.551,0,94.4224,-268.39
"MtrElec",8,11,15,"",-59.4139,0,0,0,0,0,0,0,0,0,0,0,0,0,0,0,0,0,0,0,0,143.266,0,48.2847,-250.964
"MtrElec",8,11,16,"",-35.2253,0,0,0,0,0,0,0,0,0,0,0,0,0,0,0,0,0,0,0,0,181.353,0,0,-216.578
"MtrElec",8,11,17,"",26.3516,0,0,0,0,0,0,0,0,0,0,0,0,0,0,0,0,0,0,0,0,192.336,0,0,-165.985
"MtrElec",8,11,18,"",119.696,0,0,0,0,0,0,0,0,0,0,0,0,0,0,0,0,0,0,0,0,220.405,0,0,-100.709
"MtrElec",8,11,19,"",71.2904,0,0,0,0,0,0,0,0,0,0,0,0,0,0,0,0,0,0,0,0,198.353,0,-94.4224,-32.6407
"MtrElec",8,11,20,"",105.551,0,0,0,0,0,0,0,0,0,0,0,0,0,0,0,0,0,0,0,0,202.815,0,-94.4224,-2.84142
"MtrElec",8,11,21,"",65.2111,0,0,0,0,0,0,0,0,0,0,0,0,0,0,0,0,0,0,0,0,159.634,0,-94.4224,0
"MtrElec",8,11,22,"",121.766,0,0,0,0,0,0,0,0,0,0,0,0,0,0,0,0,0,0,0,0,156.448,0,-34.6821,0
"MtrElec",8,11,23,"",131.099,0,0,0,0,0,0,0,0,0,0,0,0,0,0,0,0,0,0,0,0,131.099,0,0,0
"MtrElec",8,11,24,"",119.37,0,0,0,0,0,0,0,0,0,0,0,0,0,0,0,0,0,0,0,0,119.37,0,0,0
"MtrElec",8,12,1,"",76.6507,0,0,0,0,0,0,0,0,0,0,0,0,0,0,0,0,0,0,0,0,76.6507,0,0,0
"MtrElec",8,12,2,"",71.974,0,0,0,0,0,0,0,0,0,0,0,0,0,0,0,0,0,0,0,0,71.974,0,0,0
"MtrElec",8,12,3,"",66.3637,0,0,0,0,0,0,0,0,0,0,0,0,0,0,0,0,0,0,0,0,66.3637,0,0,0
"MtrElec",8,12,4,"",63.0461,0,0,0,0,0,0,0,0,0,0,0,0,0,0,0,0,0,0,0,0,63.0461,0,0,0
"MtrElec",8,12,5,"",61.2571,0,0,0,0,0,0,0,0,0,0,0,0,0,0,0,0,0,0,0,0,61.2571,0,0,0
"MtrElec",8,12,6,"",67.3847,0,0,0,0,0,0,0,0,0,0,0,0,0,0,0,0,0,0,0,0,67.3847,0,0,0
"MtrElec",8,12,7,"",123.128,0,0,0,0,0,0,0,0,0,0,0,0,0,0,0,0,0,0,0,0,129.389,0,0,-6.26074
"MtrElec",8,12,8,"",119.226,0,0,0,0,0,0,0,0,0,0,0,0,0,0,0,0,0,0,0,0,158.174,0,0,-38.9481
"MtrElec",8,12,9,"",43.9346,0,0,0,0,0,0,0,0,0,0,0,0,0,0,0,0,0,0,0,0,153.229,0,0,-109.294
"MtrElec",8,12,10,"",0,0,0,0,0,0,0,0,0,0,0,0,0,0,0,0,0,0,0,0,0,169.987,0,2.28339,-172.271
"MtrElec",8,12,11,"",0,0,0,0,0,0,0,0,0,0,0,0,0,0,0,0,0,0,0,0,0,163.893,0,57.547,-221.44
"MtrElec",8,12,12,"",0,0,0,0,0,0,0,0,0,0,0,0,0,0,0,0,0,0,0,0,0,163.594,0,90.675,-254.269
"MtrElec",8,12,13,"",-6.34679,0,0,0,0,0,0,0,0,0,0,0,0,0,0,0,0,0,0,0,0,167.259,0,94.4224,-268.029
"MtrElec",8,12,14,"",-16.2576,0,0,0,0,0,0,0,0,0,0,0,0,0,0,0,0,0,0,0,0,151.723,0,94.4224,-262.403
"MtrElec",8,12,15,"",-73.073,0,0,0,0,0,0,0,0,0,0,0,0,0,0,0,0,0,0,0,0,152.666,0,12.9483,-238.687
"MtrElec",8,12,16,"",-37.7808,0,0,0,0,0,0,0,0,0,0,0,0,0,0,0,0,0,0,0,0,162.197,0,0,-199.978
"MtrElec",8,12,17,"",23.9451,0,0,0,0,0,0,0,0,0,0,0,0,0,0,0,0,0,0,0,0,186.716,0,0,-162.771
"MtrElec",8,12,18,"",115.681,0,0,0,0,0,0,0,0,0,0,0,0,0,0,0,0,0,0,0,0,215.683,0,0,-100.002
"MtrElec",8,12,19,"",93.125,0,0,0,0,0,0,0,0,0,0,0,0,0,0,0,0,0,0,0,0,217.523,0,-94.4224,-29.9758
"MtrElec",8,12,20,"",101.629,0,0,0,0,0,0,0,0,0,0,0,0,0,0,0,0,0,0,0,0,197.425,0,-94.4224,-1.37369
"MtrElec",8,12,21,"",97.4596,0,0,0,0,0,0,0,0,0,0,0,0,0,0,0,0,0,0,0,0,191.882,0,-94.4224,0
"MtrElec",8,12,22,"",101.665,0,0,0,0,0,0,0,0,0,0,0,0,0,0,0,0,0,0,0,0,136.347,0,-34.6821,0
"MtrElec",8,12,23,"",154.127,0,0,0,0,0,0,0,0,0,0,0,0,0,0,0,0,0,0,0,0,154.127,0,0,0
"MtrElec",8,12,24,"",99.5157,0,0,0,0,0,0,0,0,0,0,0,0,0,0,0,0,0,0,0,0,99.5157,0,0,0
"MtrElec",8,13,1,"",83.3941,0,0,0,0,0,0,0,0,0,0,0,0,0,0,0,0,0,0,0,0,83.3941,0,0,0
"MtrElec",8,13,2,"",72.668,0,0,0,0,0,0,0,0,0,0,0,0,0,0,0,0,0,0,0,0,72.668,0,0,0
"MtrElec",8,13,3,"",66.2822,0,0,0,0,0,0,0,0,0,0,0,0,0,0,0,0,0,0,0,0,66.2822,0,0,0
"MtrElec",8,13,4,"",62.9287,0,0,0,0,0,0,0,0,0,0,0,0,0,0,0,0,0,0,0,0,62.9287,0,0,0
"MtrElec",8,13,5,"",61.5328,0,0,0,0,0,0,0,0,0,0,0,0,0,0,0,0,0,0,0,0,61.5328,0,0,0
"MtrElec",8,13,6,"",86.9891,0,0,0,0,0,0,0,0,0,0,0,0,0,0,0,0,0,0,0,0,86.9891,0,0,0
"MtrElec",8,13,7,"",98.2369,0,0,0,0,0,0,0,0,0,0,0,0,0,0,0,0,0,0,0,0,102.27,0,0,-4.03312
"MtrElec",8,13,8,"",92.1459,0,0,0,0,0,0,0,0,0,0,0,0,0,0,0,0,0,0,0,0,128.907,0,0,-36.7613
"MtrElec",8,13,9,"",52.8054,0,0,0,0,0,0,0,0,0,0,0,0,0,0,0,0,0,0,0,0,148.136,0,0,-95.331
"MtrElec",8,13,10,"",33.6329,0,0,0,0,0,0,0,0,0,0,0,0,0,0,0,0,0,0,0,0,181.833,0,0,-148.2
"MtrElec",8,13,11,"",0,0,0,0,0,0,0,0,0,0,0,0,0,0,0,0,0,0,0,0,0,167.707,0,24.7277,-192.435
"MtrElec",8,13,12,"",0,0,0,0,0,0,0,0,0,0,0,0,0,0,0,0,0,0,0,0,0,193.265,0,26.3506,-219.616
"MtrElec",8,13,13,"",0,0,0,0,0,0,0,0,0,0,0,0,0,0,0,0,0,0,0,0,0,167.058,0,70.3664,-237.425
"MtrElec",8,13,14,"",0,0,0,0,0,0,0,0,0,0,0,0,0,0,0,0,0,0,0,0,0,170.837,0,60.6629,-231.5
"MtrElec",8,13,15,"",0,0,0,0,0,0,0,0,0,0,0,0,0,0,0,0,0,0,0,0,0,156.605,0,1.14814,-157.753
"MtrElec",8,13,16,"",105.646,0,0,0,0,0,0,0,0,0,0,0,0,0,0,0,0,0,0,0,0,163.184,0,0,-57.5376
"MtrElec",8,13,17,"",93.532,0,0,0,0,0,0,0,0,0,0,0,0,0,0,0,0,0,0,0,0,205.945,0,0,-112.413
"MtrElec",8,13,18,"",95.1737,0,0,0,0,0,0,0,0,0,0,0,0,0,0,0,0,0,0,0,0,183.42,0,0,-88.2459
"MtrElec",8,13,19,"",98.4554,0,0,0,0,0,0,0,0,0,0,0,0,0,0,0,0,0,0,0,0,222.511,0,-94.4224,-29.6333
"MtrElec",8,13,20,"",123.91,0,0,0,0,0,0,0,0,0,0,0,0,0,0,0,0,0,0,0,0,196.467,0,-70.9658,-1.59136
"MtrElec",8,13,21,"",204.387,0,0,0,0,0,0,0,0,0,0,0,0,0,0,0,0,0,0,0,0,204.387,0,0,0
"MtrElec",8,13,22,"",142.644,0,0,0,0,0,0,0,0,0,0,0,0,0,0,0,0,0,0,0,0,142.644,0,0,0
"MtrElec",8,13,23,"",163.78,0,0,0,0,0,0,0,0,0,0,0,0,0,0,0,0,0,0,0,0,163.78,0,0,0
"MtrElec",8,13,24,"",123.615,0,0,0,0,0,0,0,0,0,0,0,0,0,0,0,0,0,0,0,0,123.615,0,0,0
"MtrElec",8,14,1,"",97.2334,0,0,0,0,0,0,0,0,0,0,0,0,0,0,0,0,0,0,0,0,97.2334,0,0,0
"MtrElec",8,14,2,"",74.401,0,0,0,0,0,0,0,0,0,0,0,0,0,0,0,0,0,0,0,0,74.401,0,0,0
"MtrElec",8,14,3,"",69.6193,0,0,0,0,0,0,0,0,0,0,0,0,0,0,0,0,0,0,0,0,69.6193,0,0,0
"MtrElec",8,14,4,"",67.4116,0,0,0,0,0,0,0,0,0,0,0,0,0,0,0,0,0,0,0,0,67.4116,0,0,0
"MtrElec",8,14,5,"",65.1852,0,0,0,0,0,0,0,0,0,0,0,0,0,0,0,0,0,0,0,0,65.1852,0,0,0
"MtrElec",8,14,6,"",83.6619,0,0,0,0,0,0,0,0,0,0,0,0,0,0,0,0,0,0,0,0,83.6619,0,0,0
"MtrElec",8,14,7,"",97.0955,0,0,0,0,0,0,0,0,0,0,0,0,0,0,0,0,0,0,0,0,102.535,0,0,-5.43929
"MtrElec",8,14,8,"",108.001,0,0,0,0,0,0,0,0,0,0,0,0,0,0,0,0,0,0,0,0,145.235,0,0,-37.2334
"MtrElec",8,14,9,"",54.2301,0,0,0,0,0,0,0,0,0,0,0,0,0,0,0,0,0,0,0,0,153.923,0,0,-99.6933
"MtrElec",8,14,10,"",33.1521,0,0,0,0,0,0,0,0,0,0,0,0,0,0,0,0,0,0,0,0,191.402,0,0,-158.25
"MtrElec",8,14,11,"",0,0,0,0,0,0,0,0,0,0,0,0,0,0,0,0,0,0,0,0,0,180.749,0,22.7116,-203.461
"MtrElec",8,14,12,"",0.0000039,0,0,0,0,0,0,0,0,0,0,0,0,0,0,0,0,0,0,0,0,192.338,0,43.5429,-235.88
"MtrElec",8,14,13,"",0,0,0,0,0,0,0,0,0,0,0,0,0,0,0,0,0,0,0,0,0,212.797,0,34.2866,-247.084
"MtrElec",8,14,14,"",0.0000078,0,0,0,0,0,0,0,0,0,0,0,0,0,0,0,0,0,0,0,0,174.3,0,71.6658,-245.966
"MtrElec",8,14,15,"",0,0,0,0,0,0,0,0,0,0,0,0,0,0,0,0,0,0,0,0,0,164.022,0,55.7701,-219.792
"MtrElec",8,14,16,"",2.2838,0,0,0,0,0,0,0,0,0,0,0,0,0,0,0,0,0,0,0,0,198.419,0,0,-196.136
"MtrElec",8,14,17,"",81.3494,0,0,0,0,0,0,0,0,0,0,0,0,0,0,0,0,0,0,0,0,210.752,0,0,-129.403
"MtrElec",8,14,18,"",125.553,0,0,0,0,0,0,0,0,0,0,0,0,0,0,0,0,0,0,0,0,201.374,0,0,-75.8206
"MtrElec",8,14,19,"",116.501,0,0,0,0,0,0,0,0,0,0,0,0,0,0,0,0,0,0,0,0,233.432,0,-94.4224,-22.5088
"MtrElec",8,14,20,"",105.078,0,0,0,0,0,0,0,0,0,0,0,0,0,0,0,0,0,0,0,0,199.796,0,-94.4224,-0.295686
"MtrElec",8,14,21,"",208.911,0,0,0,0,0,0,0,0,0,0,0,0,0,0,0,0,0,0,0,0,225.815,0,-16.9044,0
"MtrElec",8,14,22,"",175.01,0,0,0,0,0,0,0,0,0,0,0,0,0,0,0,0,0,0,0,0,175.01,0,0,0
"MtrElec",8,14,23,"",173.941,0,0,0,0,0,0,0,0,0,0,0,0,0,0,0,0,0,0,0,0,173.941,0,0,0
"MtrElec",8,14,24,"",123.792,0,0,0,0,0,0,0,0,0,0,0,0,0,0,0,0,0,0,0,0,123.792,0,0,0
"MtrElec",8,15,1,"",85.4301,0,0,0,0,0,0,0,0,0,0,0,0,0,0,0,0,0,0,0,0,85.4301,0,0,0
"MtrElec",8,15,2,"",78.8293,0,0,0,0,0,0,0,0,0,0,0,0,0,0,0,0,0,0,0,0,78.8293,0,0,0
"MtrElec",8,15,3,"",73.0556,0,0,0,0,0,0,0,0,0,0,0,0,0,0,0,0,0,0,0,0,73.0556,0,0,0
"MtrElec",8,15,4,"",71.6577,0,0,0,0,0,0,0,0,0,0,0,0,0,0,0,0,0,0,0,0,71.6577,0,0,0
"MtrElec",8,15,5,"",76.263,0,0,0,0,0,0,0,0,0,0,0,0,0,0,0,0,0,0,0,0,76.263,0,0,0
"MtrElec",8,15,6,"",72.3568,0,0,0,0,0,0,0,0,0,0,0,0,0,0,0,0,0,0,0,0,72.3568,0,0,0
"MtrElec",8,15,7,"",101.987,0,0,0,0,0,0,0,0,0,0,0,0,0,0,0,0,0,0,0,0,108.08,0,0,-6.09278
"MtrElec",8,15,8,"",69.0216,0,0,0,0,0,0,0,0,0,0,0,0,0,0,0,0,0,0,0,0,105.367,0,0,-36.3449
"MtrElec",8,15,9,"",52.3498,0,0,0,0,0,0,0,0,0,0,0,0,0,0,0,0,0,0,0,0,151.698,0,0,-99.3482
"MtrElec",8,15,10,"",27.9622,0,0,0,0,0,0,0,0,0,0,0,0,0,0,0,0,0,0,0,0,185.974,0,0,-158.011
"MtrElec",8,15,11,"",0.0000002,0,0,0,0,0,0,0,0,0,0,0,0,0,0,0,0,0,0,0,0,200.647,0,3.75919,-204.407
"MtrElec",8,15,12,"",0,0,0,0,0,0,0,0,0,0,0,0,0,0,0,0,0,0,0,0,0,218.383,0,21.1143,-239.497
"MtrElec",8,15,13,"",0,0,0,0,0,0,0,0,0,0,0,0,0,0,0,0,0,0,0,0,0,196.214,0,57.9158,-254.13
"MtrElec",8,15,14,"",0,0,0,0,0,0,0,0,0,0,0,0,0,0,0,0,0,0,0,0,0,169.355,0,82.8095,-252.165
"MtrElec",8,15,15,"",0,0,0,0,0,0,0,0,0,0,0,0,0,0,0,0,0,0,0,0,0,206.43,0,28.2044,-234.635
"MtrElec",8,15,16,"",0.0000020,0,0,0,0,0,0,0,0,0,0,0,0,0,0,0,0,0,0,0,0,183.843,0,17.3097,-201.153
"MtrElec",8,15,17,"",50.145,0,0,0,0,0,0,0,0,0,0,0,0,0,0,0,0,0,0,0,0,200.923,0,0,-150.778
"MtrElec",8,15,18,"",129.054,0,0,0,0,0,0,0,0,0,0,0,0,0,0,0,0,0,0,0,0,216.927,0,0,-87.8729
"MtrElec",8,15,19,"",122.966,0,0,0,0,0,0,0,0,0,0,0,0,0,0,0,0,0,0,0,0,245.978,0,-94.4224,-28.5894
"MtrElec",8,15,20,"",141.601,0,0,0,0,0,0,0,0,0,0,0,0,0,0,0,0,0,0,0,0,237.144,0,-94.4224,-1.12033
"MtrElec",8,15,21,"",198.708,0,0,0,0,0,0,0,0,0,0,0,0,0,0,0,0,0,0,0,0,200.393,0,-1.6845,0
"MtrElec",8,15,22,"",185.834,0,0,0,0,0,0,0,0,0,0,0,0,0,0,0,0,0,0,0,0,185.834,0,0,0
"MtrElec",8,15,23,"",125.821,0,0,0,0,0,0,0,0,0,0,0,0,0,0,0,0,0,0,0,0,125.821,0,0,0
"MtrElec",8,15,24,"",140.696,0,0,0,0,0,0,0,0,0,0,0,0,0,0,0,0,0,0,0,0,140.696,0,0,0
"MtrElec",8,16,1,"",90.623,0,0,0,0,0,0,0,0,0,0,0,0,0,0,0,0,0,0,0,0,90.623,0,0,0
"MtrElec",8,16,2,"",75.9437,0,0,0,0,0,0,0,0,0,0,0,0,0,0,0,0,0,0,0,0,75.9437,0,0,0
"MtrElec",8,16,3,"",73.2303,0,0,0,0,0,0,0,0,0,0,0,0,0,0,0,0,0,0,0,0,73.2303,0,0,0
"MtrElec",8,16,4,"",70.5221,0,0,0,0,0,0,0,0,0,0,0,0,0,0,0,0,0,0,0,0,70.5221,0,0,0
"MtrElec",8,16,5,"",72.3718,0,0,0,0,0,0,0,0,0,0,0,0,0,0,0,0,0,0,0,0,72.3718,0,0,0
"MtrElec",8,16,6,"",68.7007,0,0,0,0,0,0,0,0,0,0,0,0,0,0,0,0,0,0,0,0,68.7007,0,0,0
"MtrElec",8,16,7,"",71.4435,0,0,0,0,0,0,0,0,0,0,0,0,0,0,0,0,0,0,0,0,77.2884,0,0,-5.84488
"MtrElec",8,16,8,"",91.2582,0,0,0,0,0,0,0,0,0,0,0,0,0,0,0,0,0,0,0,0,128.542,0,0,-37.2839
"MtrElec",8,16,9,"",20.8446,0,0,0,0,0,0,0,0,0,0,0,0,0,0,0,0,0,0,0,0,121.114,0,0,-100.269
"MtrElec",8,16,10,"",15.4403,0,0,0,0,0,0,0,0,0,0,0,0,0,0,0,0,0,0,0,0,174.099,0,0,-158.659
"MtrElec",8,16,11,"",0.0000039,0,0,0,0,0,0,0,0,0,0,0,0,0,0,0,0,0,0,0,0,164.609,0,43.0501,-207.659
"MtrElec",8,16,12,"",0.0000020,0,0,0,0,0,0,0,0,0,0,0,0,0,0,0,0,0,0,0,0,211.236,0,30.8997,-242.136
"MtrElec",8,16,13,"",0,0,0,0,0,0,0,0,0,0,0,0,0,0,0,0,0,0,0,0,0,214.998,0,40.3185,-255.316
"MtrElec",8,16,14,"",0,0,0,0,0,0,0,0,0,0,0,0,0,0,0,0,0,0,0,0,0,163.263,0,92.0807,-255.343
"MtrElec",8,16,15,"",0.0000039,0,0,0,0,0,0,0,0,0,0,0,0,0,0,0,0,0,0,0,0,186.93,0,51.4145,-238.345
"MtrElec",8,16,16,"",0,0,0,0,0,0,0,0,0,0,0,0,0,0,0,0,0,0,0,0,0,173.977,0,30.3017,-204.279
"MtrElec",8,16,17,"",20.0625,0,0,0,0,0,0,0,0,0,0,0,0,0,0,0,0,0,0,0,0,173.829,0,0,-153.766
"MtrElec",8,16,18,"",125.631,0,0,0,0,0,0,0,0,0,0,0,0,0,0,0,0,0,0,0,0,215.945,0,0,-90.3143
"MtrElec",8,16,19,"",135.977,0,0,0,0,0,0,0,0,0,0,0,0,0,0,0,0,0,0,0,0,258.575,0,-94.4224,-28.1751
"MtrElec",8,16,20,"",99.1525,0,0,0,0,0,0,0,0,0,0,0,0,0,0,0,0,0,0,0,0,194.939,0,-94.4224,-1.36438
"MtrElec",8,16,21,"",111.479,0,0,0,0,0,0,0,0,0,0,0,0,0,0,0,0,0,0,0,0,182.613,0,-71.1339,0
"MtrElec",8,16,22,"",150.603,0,0,0,0,0,0,0,0,0,0,0,0,0,0,0,0,0,0,0,0,150.603,0,0,0
"MtrElec",8,16,23,"",147.193,0,0,0,0,0,0,0,0,0,0,0,0,0,0,0,0,0,0,0,0,147.193,0,0,0
"MtrElec",8,16,24,"",121.562,0,0,0,0,0,0,0,0,0,0,0,0,0,0,0,0,0,0,0,0,121.562,0,0,0
"MtrElec",8,17,1,"",91.676,0,0,0,0,0,0,0,0,0,0,0,0,0,0,0,0,0,0,0,0,91.676,0,0,0
"MtrElec",8,17,2,"",73.1478,0,0,0,0,0,0,0,0,0,0,0,0,0,0,0,0,0,0,0,0,73.1478,0,0,0
"MtrElec",8,17,3,"",69.7155,0,0,0,0,0,0,0,0,0,0,0,0,0,0,0,0,0,0,0,0,69.7155,0,0,0
"MtrElec",8,17,4,"",73.0966,0,0,0,0,0,0,0,0,0,0,0,0,0,0,0,0,0,0,0,0,73.0966,0,0,0
"MtrElec",8,17,5,"",62.3787,0,0,0,0,0,0,0,0,0,0,0,0,0,0,0,0,0,0,0,0,62.3787,0,0,0
"MtrElec",8,17,6,"",81.8606,0,0,0,0,0,0,0,0,0,0,0,0,0,0,0,0,0,0,0,0,81.8606,0,0,0
"MtrElec",8,17,7,"",97.1669,0,0,0,0,0,0,0,0,0,0,0,0,0,0,0,0,0,0,0,0,103.362,0,0,-6.19503
"MtrElec",8,17,8,"",108.688,0,0,0,0,0,0,0,0,0,0,0,0,0,0,0,0,0,0,0,0,145.399,0,0,-36.7112
"MtrElec",8,17,9,"",49.0468,0,0,0,0,0,0,0,0,0,0,0,0,0,0,0,0,0,0,0,0,151.233,0,0,-102.186
"MtrElec",8,17,10,"",0,0,0,0,0,0,0,0,0,0,0,0,0,0,0,0,0,0,0,0,0,151.277,0,11.6595,-162.936
"MtrElec",8,17,11,"",0,0,0,0,0,0,0,0,0,0,0,0,0,0,0,0,0,0,0,0,0,185.381,0,26.2175,-211.599
"MtrElec",8,17,12,"",0,0,0,0,0,0,0,0,0,0,0,0,0,0,0,0,0,0,0,0,0,179.52,0,66.2485,-245.768
"MtrElec",8,17,13,"",-6.63166,0,0,0,0,0,0,0,0,0,0,0,0,0,0,0,0,0,0,0,0,161.776,0,94.4224,-262.83
"MtrElec",8,17,14,"",-38.2241,0,0,0,0,0,0,0,0,0,0,0,0,0,0,0,0,0,0,0,0,130.169,0,94.4224,-262.815
"MtrElec",8,17,15,"",-44.8182,0,0,0,0,0,0,0,0,0,0,0,0,0,0,0,0,0,0,0,0,142.84,0,59.3281,-246.987
"MtrElec",8,17,16,"",-50.3677,0,0,0,0,0,0,0,0,0,0,0,0,0,0,0,0,0,0,0,0,162.164,0,0,-212.532
"MtrElec",8,17,17,"",3.0917,0,0,0,0,0,0,0,0,0,0,0,0,0,0,0,0,0,0,0,0,165.014,0,0,-161.923
"MtrElec",8,17,18,"",126.001,0,0,0,0,0,0,0,0,0,0,0,0,0,0,0,0,0,0,0,0,222.435,0,0,-96.4339
"MtrElec",8,17,19,"",110.955,0,0,0,0,0,0,0,0,0,0,0,0,0,0,0,0,0,0,0,0,234.153,0,-94.4224,-28.7761
"MtrElec",8,17,20,"",100.478,0,0,0,0,0,0,0,0,0,0,0,0,0,0,0,0,0,0,0,0,195.892,0,-94.4224,-0.99156
"MtrElec",8,17,21,"",97.0307,0,0,0,0,0,0,0,0,0,0,0,0,0,0,0,0,0,0,0,0,191.453,0,-94.4224,0
"MtrElec",8,17,22,"",127.529,0,0,0,0,0,0,0,0,0,0,0,0,0,0,0,0,0,0,0,0,162.211,0,-34.6821,0
"MtrElec",8,17,23,"",155.948,0,0,0,0,0,0,0,0,0,0,0,0,0,0,0,0,0,0,0,0,155.948,0,0,0
"MtrElec",8,17,24,"",100.079,0,0,0,0,0,0,0,0,0,0,0,0,0,0,0,0,0,0,0,0,100.079,0,0,0
"MtrElec",8,18,1,"",91.0976,0,0,0,0,0,0,0,0,0,0,0,0,0,0,0,0,0,0,0,0,91.0976,0,0,0
"MtrElec",8,18,2,"",73.2494,0,0,0,0,0,0,0,0,0,0,0,0,0,0,0,0,0,0,0,0,73.2494,0,0,0
"MtrElec",8,18,3,"",76.3886,0,0,0,0,0,0,0,0,0,0,0,0,0,0,0,0,0,0,0,0,76.3886,0,0,0
"MtrElec",8,18,4,"",103.301,0,0,0,0,0,0,0,0,0,0,0,0,0,0,0,0,0,0,0,0,103.301,0,0,0
"MtrElec",8,18,5,"",72.0968,0,0,0,0,0,0,0,0,0,0,0,0,0,0,0,0,0,0,0,0,72.0968,0,0,0
"MtrElec",8,18,6,"",68.7335,0,0,0,0,0,0,0,0,0,0,0,0,0,0,0,0,0,0,0,0,68.7335,0,0,0
"MtrElec",8,18,7,"",93.4175,0,0,0,0,0,0,0,0,0,0,0,0,0,0,0,0,0,0,0,0,99.3325,0,0,-5.915
"MtrElec",8,18,8,"",131.789,0,0,0,0,0,0,0,0,0,0,0,0,0,0,0,0,0,0,0,0,169.059,0,0,-37.2693
"MtrElec",8,18,9,"",32.0592,0,0,0,0,0,0,0,0,0,0,0,0,0,0,0,0,0,0,0,0,138.958,0,0,-106.899
"MtrElec",8,18,10,"",14.8177,0,0,0,0,0,0,0,0,0,0,0,0,0,0,0,0,0,0,0,0,183.433,0,0,-168.615
"MtrElec",8,18,11,"",0,0,0,0,0,0,0,0,0,0,0,0,0,0,0,0,0,0,0,0,0,167.284,0,46.4013,-213.685
"MtrElec",8,18,12,"",-1.69277,0,0,0,0,0,0,0,0,0,0,0,0,0,0,0,0,0,0,0,0,152.945,0,94.4224,-249.06
"MtrElec",8,18,13,"",-44.7385,0,0,0,0,0,0,0,0,0,0,0,0,0,0,0,0,0,0,0,0,129.288,0,94.4224,-268.449
"MtrElec",8,18,14,"",-12.2441,0,0,0,0,0,0,0,0,0,0,0,0,0,0,0,0,0,0,0,0,161.394,0,94.4224,-268.061
"MtrElec",8,18,15,"",-87.1045,0,0,0,0,0,0,0,0,0,0,0,0,0,0,0,0,0,0,0,0,141.191,0,22.6299,-250.925
"MtrElec",8,18,16,"",-40.6475,0,0,0,0,0,0,0,0,0,0,0,0,0,0,0,0,0,0,0,0,174.204,0,0,-214.851
"MtrElec",8,18,17,"",25.227,0,0,0,0,0,0,0,0,0,0,0,0,0,0,0,0,0,0,0,0,187.377,0,0,-162.15
"MtrElec",8,18,18,"",91.0036,0,0,0,0,0,0,0,0,0,0,0,0,0,0,0,0,0,0,0,0,186.935,0,0,-95.9312
"MtrElec",8,18,19,"",85.7314,0,0,0,0,0,0,0,0,0,0,0,0,0,0,0,0,0,0,0,0,208.503,0,-94.4224,-28.3487
"MtrElec",8,18,20,"",133.723,0,0,0,0,0,0,0,0,0,0,0,0,0,0,0,0,0,0,0,0,229.152,0,-94.4224,-1.00737
"MtrElec",8,18,21,"",103.797,0,0,0,0,0,0,0,0,0,0,0,0,0,0,0,0,0,0,0,0,198.219,0,-94.4224,0
"MtrElec",8,18,22,"",123.68,0,0,0,0,0,0,0,0,0,0,0,0,0,0,0,0,0,0,0,0,158.362,0,-34.6821,0
"MtrElec",8,18,23,"",141.194,0,0,0,0,0,0,0,0,0,0,0,0,0,0,0,0,0,0,0,0,141.194,0,0,0
"MtrElec",8,18,24,"",160.621,0,0,0,0,0,0,0,0,0,0,0,0,0,0,0,0,0,0,0,0,160.621,0,0,0
"MtrElec",8,19,1,"",77.4975,0,0,0,0,0,0,0,0,0,0,0,0,0,0,0,0,0,0,0,0,77.4975,0,0,0
"MtrElec",8,19,2,"",70.1724,0,0,0,0,0,0,0,0,0,0,0,0,0,0,0,0,0,0,0,0,70.1724,0,0,0
"MtrElec",8,19,3,"",65.3749,0,0,0,0,0,0,0,0,0,0,0,0,0,0,0,0,0,0,0,0,65.3749,0,0,0
"MtrElec",8,19,4,"",63.5559,0,0,0,0,0,0,0,0,0,0,0,0,0,0,0,0,0,0,0,0,63.5559,0,0,0
"MtrElec",8,19,5,"",61.654,0,0,0,0,0,0,0,0,0,0,0,0,0,0,0,0,0,0,0,0,61.654,0,0,0
"MtrElec",8,19,6,"",67.7613,0,0,0,0,0,0,0,0,0,0,0,0,0,0,0,0,0,0,0,0,67.7613,0,0,0
"MtrElec",8,19,7,"",114.724,0,0,0,0,0,0,0,0,0,0,0,0,0,0,0,0,0,0,0,0,120.699,0,0,-5.97494
"MtrElec",8,19,8,"",89.5162,0,0,0,0,0,0,0,0,0,0,0,0,0,0,0,0,0,0,0,0,127.534,0,0,-38.0176
"MtrElec",8,19,9,"",53.0675,0,0,0,0,0,0,0,0,0,0,0,0,0,0,0,0,0,0,0,0,163.858,0,0,-110.79
"MtrElec",8,19,10,"",0,0,0,0,0,0,0,0,0,0,0,0,0,0,0,0,0,0,0,0,0,142.727,0,33.3124,-176.039
"MtrElec",8,19,11,"",0,0,0,0,0,0,0,0,0,0,0,0,0,0,0,0,0,0,0,0,0,182.99,0,44.0233,-227.013
"MtrElec",8,19,12,"",-1.84685,0,0,0,0,0,0,0,0,0,0,0,0,0,0,0,0,0,0,0,0,161.196,0,94.4224,-257.465
"MtrElec",8,19,13,"",-1.21448,0,0,0,0,0,0,0,0,0,0,0,0,0,0,0,0,0,0,0,0,178.36,0,94.4224,-273.997
"MtrElec",8,19,14,"",-62.9438,0,0,0,0,0,0,0,0,0,0,0,0,0,0,0,0,0,0,0,0,125.915,0,86.1179,-274.977
"MtrElec",8,19,15,"",-107.923,0,0,0,0,0,0,0,0,0,0,0,0,0,0,0,0,0,0,0,0,149.162,0,0,-257.085
"MtrElec",8,19,16,"",-42.6297,0,0,0,0,0,0,0,0,0,0,0,0,0,0,0,0,0,0,0,0,179.126,0,0,-221.756
"MtrElec",8,19,17,"",25.6409,0,0,0,0,0,0,0,0,0,0,0,0,0,0,0,0,0,0,0,0,194.587,0,0,-168.946
"MtrElec",8,19,18,"",104.716,0,0,0,0,0,0,0,0,0,0,0,0,0,0,0,0,0,0,0,0,204.645,0,0,-99.9296
"MtrElec",8,19,19,"",60.2848,0,0,0,0,0,0,0,0,0,0,0,0,0,0,0,0,0,0,0,0,183.39,0,-94.4224,-28.6826
"MtrElec",8,19,20,"",103.473,0,0,0,0,0,0,0,0,0,0,0,0,0,0,0,0,0,0,0,0,198.925,0,-94.4224,-1.02936
"MtrElec",8,19,21,"",95.4314,0,0,0,0,0,0,0,0,0,0,0,0,0,0,0,0,0,0,0,0,189.854,0,-94.4224,0
"MtrElec",8,19,22,"",109.26,0,0,0,0,0,0,0,0,0,0,0,0,0,0,0,0,0,0,0,0,143.942,0,-34.6821,0
"MtrElec",8,19,23,"",137.857,0,0,0,0,0,0,0,0,0,0,0,0,0,0,0,0,0,0,0,0,137.857,0,0,0
"MtrElec",8,19,24,"",99.2462,0,0,0,0,0,0,0,0,0,0,0,0,0,0,0,0,0,0,0,0,99.2462,0,0,0
"MtrElec",8,20,1,"",102.776,0,0,0,0,0,0,0,0,0,0,0,0,0,0,0,0,0,0,0,0,102.776,0,0,0
"MtrElec",8,20,2,"",70.1662,0,0,0,0,0,0,0,0,0,0,0,0,0,0,0,0,0,0,0,0,70.1662,0,0,0
"MtrElec",8,20,3,"",64.4656,0,0,0,0,0,0,0,0,0,0,0,0,0,0,0,0,0,0,0,0,64.4656,0,0,0
"MtrElec",8,20,4,"",61.9757,0,0,0,0,0,0,0,0,0,0,0,0,0,0,0,0,0,0,0,0,61.9757,0,0,0
"MtrElec",8,20,5,"",60.3935,0,0,0,0,0,0,0,0,0,0,0,0,0,0,0,0,0,0,0,0,60.3935,0,0,0
"MtrElec",8,20,6,"",65.3554,0,0,0,0,0,0,0,0,0,0,0,0,0,0,0,0,0,0,0,0,65.3554,0,0,0
"MtrElec",8,20,7,"",104.932,0,0,0,0,0,0,0,0,0,0,0,0,0,0,0,0,0,0,0,0,110.611,0,0,-5.67941
"MtrElec",8,20,8,"",74.8528,0,0,0,0,0,0,0,0,0,0,0,0,0,0,0,0,0,0,0,0,112.049,0,0,-37.1961
"MtrElec",8,20,9,"",54.6085,0,0,0,0,0,0,0,0,0,0,0,0,0,0,0,0,0,0,0,0,159.97,0,0,-105.362
"MtrElec",8,20,10,"",0,0,0,0,0,0,0,0,0,0,0,0,0,0,0,0,0,0,0,0,0,128.046,0,41.1329,-169.179
"MtrElec",8,20,11,"",0,0,0,0,0,0,0,0,0,0,0,0,0,0,0,0,0,0,0,0,0,185.771,0,31.7452,-217.516
"MtrElec",8,20,12,"",0.0000078,0,0,0,0,0,0,0,0,0,0,0,0,0,0,0,0,0,0,0,0,174.001,0,76.1159,-250.117
"MtrElec",8,20,13,"",-38.1201,0,0,0,0,0,0,0,0,0,0,0,0,0,0,0,0,0,0,0,0,132.265,0,94.4224,-264.808
"MtrElec",8,20,14,"",-49.4516,0,0,0,0,0,0,0,0,0,0,0,0,0,0,0,0,0,0,0,0,119,0,94.4224,-262.874
"MtrElec",8,20,15,"",-80.118,0,0,0,0,0,0,0,0,0,0,0,0,0,0,0,0,0,0,0,0,150.851,0,14.4596,-245.429
"MtrElec",8,20,16,"",-64.1409,0,0,0,0,0,0,0,0,0,0,0,0,0,0,0,0,0,0,0,0,147.005,0,0,-211.146
"MtrElec",8,20,17,"",3.029,0,0,0,0,0,0,0,0,0,0,0,0,0,0,0,0,0,0,0,0,162.539,0,0,-159.51
"MtrElec",8,20,18,"",104.253,0,0,0,0,0,0,0,0,0,0,0,0,0,0,0,0,0,0,0,0,196.785,0,0,-92.532
"MtrElec",8,20,19,"",60.8134,0,0,0,0,0,0,0,0,0,0,0,0,0,0,0,0,0,0,0,0,182.222,0,-94.4224,-26.986
"MtrElec",8,20,20,"",123.096,0,0,0,0,0,0,0,0,0,0,0,0,0,0,0,0,0,0,0,0,218.076,0,-94.4224,-0.558373
"MtrElec",8,20,21,"",79.7622,0,0,0,0,0,0,0,0,0,0,0,0,0,0,0,0,0,0,0,0,174.185,0,-94.4224,0
"MtrElec",8,20,22,"",124.853,0,0,0,0,0,0,0,0,0,0,0,0,0,0,0,0,0,0,0,0,159.535,0,-34.6821,0
"MtrElec",8,20,23,"",142.841,0,0,0,0,0,0,0,0,0,0,0,0,0,0,0,0,0,0,0,0,142.841,0,0,0
"MtrElec",8,20,24,"",133.658,0,0,0,0,0,0,0,0,0,0,0,0,0,0,0,0,0,0,0,0,133.658,0,0,0
"MtrElec",8,21,1,"",79.4616,0,0,0,0,0,0,0,0,0,0,0,0,0,0,0,0,0,0,0,0,79.4616,0,0,0
"MtrElec",8,21,2,"",70.1939,0,0,0,0,0,0,0,0,0,0,0,0,0,0,0,0,0,0,0,0,70.1939,0,0,0
"MtrElec",8,21,3,"",65.842,0,0,0,0,0,0,0,0,0,0,0,0,0,0,0,0,0,0,0,0,65.842,0,0,0
"MtrElec",8,21,4,"",63.3952,0,0,0,0,0,0,0,0,0,0,0,0,0,0,0,0,0,0,0,0,63.3952,0,0,0
"MtrElec",8,21,5,"",61.3493,0,0,0,0,0,0,0,0,0,0,0,0,0,0,0,0,0,0,0,0,61.3493,0,0,0
"MtrElec",8,21,6,"",66.5084,0,0,0,0,0,0,0,0,0,0,0,0,0,0,0,0,0,0,0,0,66.5084,0,0,0
"MtrElec",8,21,7,"",84.6189,0,0,0,0,0,0,0,0,0,0,0,0,0,0,0,0,0,0,0,0,89.9597,0,0,-5.3408
"MtrElec",8,21,8,"",117.119,0,0,0,0,0,0,0,0,0,0,0,0,0,0,0,0,0,0,0,0,153.613,0,0,-36.4937
"MtrElec",8,21,9,"",57.147,0,0,0,0,0,0,0,0,0,0,0,0,0,0,0,0,0,0,0,0,161.261,0,0,-104.114
"MtrElec",8,21,10,"",27.7382,0,0,0,0,0,0,0,0,0,0,0,0,0,0,0,0,0,0,0,0,193.44,0,0,-165.701
"MtrElec",8,21,11,"",0.0000020,0,0,0,0,0,0,0,0,0,0,0,0,0,0,0,0,0,0,0,0,195.864,0,18.2488,-214.113
"MtrElec",8,21,12,"",-11.8048,0,0,0,0,0,0,0,0,0,0,0,0,0,0,0,0,0,0,0,0,142.48,0,94.4224,-248.708
"MtrElec",8,21,13,"",0,0,0,0,0,0,0,0,0,0,0,0,0,0,0,0,0,0,0,0,0,172.738,0,90.4795,-263.217
"MtrElec",8,21,14,"",-32.2537,0,0,0,0,0,0,0,0,0,0,0,0,0,0,0,0,0,0,0,0,136.375,0,94.4224,-263.052
"MtrElec",8,21,15,"",-52.1849,0,0,0,0,0,0,0,0,0,0,0,0,0,0,0,0,0,0,0,0,139.55,0,54.7254,-246.461
"MtrElec",8,21,16,"",-52.5189,0,0,0,0,0,0,0,0,0,0,0,0,0,0,0,0,0,0,0,0,159.478,0,0,-211.997
"MtrElec",8,21,17,"",30.2813,0,0,0,0,0,0,0,0,0,0,0,0,0,0,0,0,0,0,0,0,190.05,0,0,-159.769
"MtrElec",8,21,18,"",127.856,0,0,0,0,0,0,0,0,0,0,0,0,0,0,0,0,0,0,0,0,220.827,0,0,-92.9703
"MtrElec",8,21,19,"",103.161,0,0,0,0,0,0,0,0,0,0,0,0,0,0,0,0,0,0,0,0,224.093,0,-94.4224,-26.5097
"MtrElec",8,21,20,"",111.926,0,0,0,0,0,0,0,0,0,0,0,0,0,0,0,0,0,0,0,0,206.914,0,-94.4224,-0.565453
"MtrElec",8,21,21,"",108.561,0,0,0,0,0,0,0,0,0,0,0,0,0,0,0,0,0,0,0,0,202.983,0,-94.4224,0
"MtrElec",8,21,22,"",112.929,0,0,0,0,0,0,0,0,0,0,0,0,0,0,0,0,0,0,0,0,147.611,0,-34.6821,0
"MtrElec",8,21,23,"",143.721,0,0,0,0,0,0,0,0,0,0,0,0,0,0,0,0,0,0,0,0,143.721,0,0,0
"MtrElec",8,21,24,"",98.4819,0,0,0,0,0,0,0,0,0,0,0,0,0,0,0,0,0,0,0,0,98.4819,0,0,0
"MtrElec",8,22,1,"",81.2229,0,0,0,0,0,0,0,0,0,0,0,0,0,0,0,0,0,0,0,0,81.2229,0,0,0
"MtrElec",8,22,2,"",69.2139,0,0,0,0,0,0,0,0,0,0,0,0,0,0,0,0,0,0,0,0,69.2139,0,0,0
"MtrElec",8,22,3,"",66.5698,0,0,0,0,0,0,0,0,0,0,0,0,0,0,0,0,0,0,0,0,66.5698,0,0,0
"MtrElec",8,22,4,"",66.5882,0,0,0,0,0,0,0,0,0,0,0,0,0,0,0,0,0,0,0,0,66.5882,0,0,0
"MtrElec",8,22,5,"",76.7418,0,0,0,0,0,0,0,0,0,0,0,0,0,0,0,0,0,0,0,0,76.7418,0,0,0
"MtrElec",8,22,6,"",89.9672,0,0,0,0,0,0,0,0,0,0,0,0,0,0,0,0,0,0,0,0,89.9672,0,0,0
"MtrElec",8,22,7,"",62.7412,0,0,0,0,0,0,0,0,0,0,0,0,0,0,0,0,0,0,0,0,70.055,0,0,-7.31374
"MtrElec",8,22,8,"",59.9182,0,0,0,0,0,0,0,0,0,0,0,0,0,0,0,0,0,0,0,0,100.795,0,0,-40.8764
"MtrElec",8,22,9,"",66.3935,0,0,0,0,0,0,0,0,0,0,0,0,0,0,0,0,0,0,0,0,119.493,0,0,-53.1
"MtrElec",8,22,10,"",23.6873,0,0,0,0,0,0,0,0,0,0,0,0,0,0,0,0,0,0,0,0,184.786,0,0,-161.099
"MtrElec",8,22,11,"",0,0,0,0,0,0,0,0,0,0,0,0,0,0,0,0,0,0,0,0,0,171.624,0,49.2487,-220.872
"MtrElec",8,22,12,"",0,0,0,0,0,0,0,0,0,0,0,0,0,0,0,0,0,0,0,0,0,186.643,0,66.0355,-252.679
"MtrElec",8,22,13,"",0,0,0,0,0,0,0,0,0,0,0,0,0,0,0,0,0,0,0,0,0,196.868,0,71.7491,-268.617
"MtrElec",8,22,14,"",-21.2848,0,0,0,0,0,0,0,0,0,0,0,0,0,0,0,0,0,0,0,0,150.989,0,94.4224,-266.696
"MtrElec",8,22,15,"",0,0,0,0,0,0,0,0,0,0,0,0,0,0,0,0,0,0,0,0,0,177.09,0,69.7085,-246.799
"MtrElec",8,22,16,"",-57.6108,0,0,0,0,0,0,0,0,0,0,0,0,0,0,0,0,0,0,0,0,152.001,0,1.1342,-210.746
"MtrElec",8,22,17,"",31.2084,0,0,0,0,0,0,0,0,0,0,0,0,0,0,0,0,0,0,0,0,190.247,0,0,-159.038
"MtrElec",8,22,18,"",100.028,0,0,0,0,0,0,0,0,0,0,0,0,0,0,0,0,0,0,0,0,192.977,0,0,-92.9489
"MtrElec",8,22,19,"",137.196,0,0,0,0,0,0,0,0,0,0,0,0,0,0,0,0,0,0,0,0,257.398,0,-94.4224,-25.7796
"MtrElec",8,22,20,"",103.512,0,0,0,0,0,0,0,0,0,0,0,0,0,0,0,0,0,0,0,0,198.266,0,-94.4224,-0.332404
"MtrElec",8,22,21,"",53.7262,0,0,0,0,0,0,0,0,0,0,0,0,0,0,0,0,0,0,0,0,148.149,0,-94.4224,0
"MtrElec",8,22,22,"",98.1338,0,0,0,0,0,0,0,0,0,0,0,0,0,0,0,0,0,0,0,0,132.816,0,-34.6821,0
"MtrElec",8,22,23,"",144.623,0,0,0,0,0,0,0,0,0,0,0,0,0,0,0,0,0,0,0,0,144.623,0,0,0
"MtrElec",8,22,24,"",128.238,0,0,0,0,0,0,0,0,0,0,0,0,0,0,0,0,0,0,0,0,128.238,0,0,0
"MtrElec",8,23,1,"",85.324,0,0,0,0,0,0,0,0,0,0,0,0,0,0,0,0,0,0,0,0,85.324,0,0,0
"MtrElec",8,23,2,"",71.1482,0,0,0,0,0,0,0,0,0,0,0,0,0,0,0,0,0,0,0,0,71.1482,0,0,0
"MtrElec",8,23,3,"",70.1778,0,0,0,0,0,0,0,0,0,0,0,0,0,0,0,0,0,0,0,0,70.1778,0,0,0
"MtrElec",8,23,4,"",71.3751,0,0,0,0,0,0,0,0,0,0,0,0,0,0,0,0,0,0,0,0,71.3751,0,0,0
"MtrElec",8,23,5,"",93.2166,0,0,0,0,0,0,0,0,0,0,0,0,0,0,0,0,0,0,0,0,93.2166,0,0,0
"MtrElec",8,23,6,"",65.7516,0,0,0,0,0,0,0,0,0,0,0,0,0,0,0,0,0,0,0,0,65.7516,0,0,0
"MtrElec",8,23,7,"",96.9159,0,0,0,0,0,0,0,0,0,0,0,0,0,0,0,0,0,0,0,0,101.979,0,0,-5.06274
"MtrElec",8,23,8,"",77.0669,0,0,0,0,0,0,0,0,0,0,0,0,0,0,0,0,0,0,0,0,113.842,0,0,-36.775
"MtrElec",8,23,9,"",73.2296,0,0,0,0,0,0,0,0,0,0,0,0,0,0,0,0,0,0,0,0,181.069,0,0,-107.839
"MtrElec",8,23,10,"",22.8309,0,0,0,0,0,0,0,0,0,0,0,0,0,0,0,0,0,0,0,0,194.371,0,0,-171.54
"MtrElec",8,23,11,"",0.0000005,0,0,0,0,0,0,0,0,0,0,0,0,0,0,0,0,0,0,0,0,214.547,0,7.27059,-221.817
"MtrElec",8,23,12,"",0,0,0,0,0,0,0,0,0,0,0,0,0,0,0,0,0,0,0,0,0,182.588,0,73.418,-256.006
"MtrElec",8,23,13,"",0.0000078,0,0,0,0,0,0,0,0,0,0,0,0,0,0,0,0,0,0,0,0,194.082,0,75.6138,-269.696
"MtrElec",8,23,14,"",-2.11437,0,0,0,0,0,0,0,0,0,0,0,0,0,0,0,0,0,0,0,0,172.068,0,94.4224,-268.605
"MtrElec",8,23,15,"",0,0,0,0,0,0,0,0,0,0,0,0,0,0,0,0,0,0,0,0,0,180.747,0,67.8872,-248.634
"MtrElec",8,23,16,"",-7.70163,0,0,0,0,0,0,0,0,0,0,0,0,0,0,0,0,0,0,0,0,169.87,0,33.6865,-211.258
"MtrElec",8,23,17,"",53.5062,0,0,0,0,0,0,0,0,0,0,0,0,0,0,0,0,0,0,0,0,212.65,0,0,-159.144
"MtrElec",8,23,18,"",108.52,0,0,0,0,0,0,0,0,0,0,0,0,0,0,0,0,0,0,0,0,201.392,0,0,-92.8725
"MtrElec",8,23,19,"",129.747,0,0,0,0,0,0,0,0,0,0,0,0,0,0,0,0,0,0,0,0,249.482,0,-94.4224,-25.3121
"MtrElec",8,23,20,"",105.382,0,0,0,0,0,0,0,0,0,0,0,0,0,0,0,0,0,0,0,0,200.111,0,-94.4224,-0.306819
"MtrElec",8,23,21,"",91.5249,0,0,0,0,0,0,0,0,0,0,0,0,0,0,0,0,0,0,0,0,185.947,0,-94.4224,0
"MtrElec",8,23,22,"",113.651,0,0,0,0,0,0,0,0,0,0,0,0,0,0,0,0,0,0,0,0,148.333,0,-34.6821,0
"MtrElec",8,23,23,"",144.239,0,0,0,0,0,0,0,0,0,0,0,0,0,0,0,0,0,0,0,0,144.239,0,0,0
"MtrElec",8,23,24,"",116.297,0,0,0,0,0,0,0,0,0,0,0,0,0,0,0,0,0,0,0,0,116.297,0,0,0
"MtrElec",8,24,1,"",98.8221,0,0,0,0,0,0,0,0,0,0,0,0,0,0,0,0,0,0,0,0,98.8221,0,0,0
"MtrElec",8,24,2,"",75.7553,0,0,0,0,0,0,0,0,0,0,0,0,0,0,0,0,0,0,0,0,75.7553,0,0,0
"MtrElec",8,24,3,"",73.0136,0,0,0,0,0,0,0,0,0,0,0,0,0,0,0,0,0,0,0,0,73.0136,0,0,0
"MtrElec",8,24,4,"",69.9127,0,0,0,0,0,0,0,0,0,0,0,0,0,0,0,0,0,0,0,0,69.9127,0,0,0
"MtrElec",8,24,5,"",67.7115,0,0,0,0,0,0,0,0,0,0,0,0,0,0,0,0,0,0,0,0,67.7115,0,0,0
"MtrElec",8,24,6,"",72.9321,0,0,0,0,0,0,0,0,0,0,0,0,0,0,0,0,0,0,0,0,72.9321,0,0,0
"MtrElec",8,24,7,"",116.173,0,0,0,0,0,0,0,0,0,0,0,0,0,0,0,0,0,0,0,0,120.921,0,0,-4.74788
"MtrElec",8,24,8,"",110.994,0,0,0,0,0,0,0,0,0,0,0,0,0,0,0,0,0,0,0,0,146.569,0,0,-35.5748
"MtrElec",8,24,9,"",57.7013,0,0,0,0,0,0,0,0,0,0,0,0,0,0,0,0,0,0,0,0,161.309,0,0,-103.608
"MtrElec",8,24,10,"",18.4935,0,0,0,0,0,0,0,0,0,0,0,0,0,0,0,0,0,0,0,0,182.444,0,0,-163.95
"MtrElec",8,24,11,"",0,0,0,0,0,0,0,0,0,0,0,0,0,0,0,0,0,0,0,0,0,166.911,0,40.2,-207.111
"MtrElec",8,24,12,"",0.0000039,0,0,0,0,0,0,0,0,0,0,0,0,0,0,0,0,0,0,0,0,182.657,0,55.6535,-238.311
"MtrElec",8,24,13,"",0.0000039,0,0,0,0,0,0,0,0,0,0,0,0,0,0,0,0,0,0,0,0,200.547,0,54.3355,-254.882
"MtrElec",8,24,14,"",0.0000039,0,0,0,0,0,0,0,0,0,0,0,0,0,0,0,0,0,0,0,0,187.549,0,64.9738,-252.522
"MtrElec",8,24,15,"",0,0,0,0,0,0,0,0,0,0,0,0,0,0,0,0,0,0,0,0,0,184.596,0,49.5756,-234.171
"MtrElec",8,24,16,"",2.79441,0,0,0,0,0,0,0,0,0,0,0,0,0,0,0,0,0,0,0,0,201.588,0,0,-198.793
"MtrElec",8,24,17,"",55.3065,0,0,0,0,0,0,0,0,0,0,0,0,0,0,0,0,0,0,0,0,203.996,0,0,-148.69
"MtrElec",8,24,18,"",157.893,0,0,0,0,0,0,0,0,0,0,0,0,0,0,0,0,0,0,0,0,242.592,0,0,-84.699
"MtrElec",8,24,19,"",101.997,0,0,0,0,0,0,0,0,0,0,0,0,0,0,0,0,0,0,0,0,219.767,0,-94.4224,-23.3479
"MtrElec",8,24,20,"",160.198,0,0,0,0,0,0,0,0,0,0,0,0,0,0,0,0,0,0,0,0,254.62,0,-94.4224,0
"MtrElec",8,24,21,"",185.558,0,0,0,0,0,0,0,0,0,0,0,0,0,0,0,0,0,0,0,0,235.639,0,-50.0814,0
"MtrElec",8,24,22,"",164.878,0,0,0,0,0,0,0,0,0,0,0,0,0,0,0,0,0,0,0,0,164.878,0,0,0
"MtrElec",8,24,23,"",162.524,0,0,0,0,0,0,0,0,0,0,0,0,0,0,0,0,0,0,0,0,162.524,0,0,0
"MtrElec",8,24,24,"",133.453,0,0,0,0,0,0,0,0,0,0,0,0,0,0,0,0,0,0,0,0,133.453,0,0,0
"MtrElec",8,25,1,"",104.641,0,0,0,0,0,0,0,0,0,0,0,0,0,0,0,0,0,0,0,0,104.641,0,0,0
"MtrElec",8,25,2,"",81.4744,0,0,0,0,0,0,0,0,0,0,0,0,0,0,0,0,0,0,0,0,81.4744,0,0,0
"MtrElec",8,25,3,"",76.4176,0,0,0,0,0,0,0,0,0,0,0,0,0,0,0,0,0,0,0,0,76.4176,0,0,0
"MtrElec",8,25,4,"",73.7305,0,0,0,0,0,0,0,0,0,0,0,0,0,0,0,0,0,0,0,0,73.7305,0,0,0
"MtrElec",8,25,5,"",70.6187,0,0,0,0,0,0,0,0,0,0,0,0,0,0,0,0,0,0,0,0,70.6187,0,0,0
"MtrElec",8,25,6,"",77.0867,0,0,0,0,0,0,0,0,0,0,0,0,0,0,0,0,0,0,0,0,77.0867,0,0,0
"MtrElec",8,25,7,"",116.44,0,0,0,0,0,0,0,0,0,0,0,0,0,0,0,0,0,0,0,0,120.761,0,0,-4.32192
"MtrElec",8,25,8,"",125.632,0,0,0,0,0,0,0,0,0,0,0,0,0,0,0,0,0,0,0,0,160.734,0,0,-35.1024
"MtrElec",8,25,9,"",82.3478,0,0,0,0,0,0,0,0,0,0,0,0,0,0,0,0,0,0,0,0,179.133,0,0,-96.7855
"MtrElec",8,25,10,"",54.0484,0,0,0,0,0,0,0,0,0,0,0,0,0,0,0,0,0,0,0,0,208.346,0,0,-154.298
"MtrElec",8,25,11,"",0,0,0,0,0,0,0,0,0,0,0,0,0,0,0,0,0,0,0,0,0,202.099,0,1.59031,-203.689
"MtrElec",8,25,12,"",0,0,0,0,0,0,0,0,0,0,0,0,0,0,0,0,0,0,0,0,0,182.007,0,56.177,-238.184
"MtrElec",8,25,13,"",0,0,0,0,0,0,0,0,0,0,0,0,0,0,0,0,0,0,0,0,0,200.942,0,53.3545,-254.296
"MtrElec",8,25,14,"",0,0,0,0,0,0,0,0,0,0,0,0,0,0,0,0,0,0,0,0,0,155.43,0,94.356,-249.786
"MtrElec",8,25,15,"",0,0,0,0,0,0,0,0,0,0,0,0,0,0,0,0,0,0,0,0,0,179.197,0,33.5836,-212.781
"MtrElec",8,25,16,"",0,0,0,0,0,0,0,0,0,0,0,0,0,0,0,0,0,0,0,0,0,183.438,0,2.42552,-185.863
"MtrElec",8,25,17,"",54.2397,0,0,0,0,0,0,0,0,0,0,0,0,0,0,0,0,0,0,0,0,199.042,0,0,-144.802
"MtrElec",8,25,18,"",141.858,0,0,0,0,0,0,0,0,0,0,0,0,0,0,0,0,0,0,0,0,223.893,0,0,-82.035
"MtrElec",8,25,19,"",92.308,0,0,0,0,0,0,0,0,0,0,0,0,0,0,0,0,0,0,0,0,209.439,0,-94.4224,-22.7081
"MtrElec",8,25,20,"",128.544,0,0,0,0,0,0,0,0,0,0,0,0,0,0,0,0,0,0,0,0,222.967,0,-94.4224,0
"MtrElec",8,25,21,"",161.064,0,0,0,0,0,0,0,0,0,0,0,0,0,0,0,0,0,0,0,0,190.161,0,-29.0971,0
"MtrElec",8,25,22,"",175.452,0,0,0,0,0,0,0,0,0,0,0,0,0,0,0,0,0,0,0,0,175.452,0,0,0
"MtrElec",8,25,23,"",163.057,0,0,0,0,0,0,0,0,0,0,0,0,0,0,0,0,0,0,0,0,163.057,0,0,0
"MtrElec",8,25,24,"",125.652,0,0,0,0,0,0,0,0,0,0,0,0,0,0,0,0,0,0,0,0,125.652,0,0,0
"MtrElec",8,26,1,"",99.4666,0,0,0,0,0,0,0,0,0,0,0,0,0,0,0,0,0,0,0,0,99.4666,0,0,0
"MtrElec",8,26,2,"",78.1684,0,0,0,0,0,0,0,0,0,0,0,0,0,0,0,0,0,0,0,0,78.1684,0,0,0
"MtrElec",8,26,3,"",77.3423,0,0,0,0,0,0,0,0,0,0,0,0,0,0,0,0,0,0,0,0,77.3423,0,0,0
"MtrElec",8,26,4,"",75.455,0,0,0,0,0,0,0,0,0,0,0,0,0,0,0,0,0,0,0,0,75.455,0,0,0
"MtrElec",8,26,5,"",73.6872,0,0,0,0,0,0,0,0,0,0,0,0,0,0,0,0,0,0,0,0,73.6872,0,0,0
"MtrElec",8,26,6,"",75.3373,0,0,0,0,0,0,0,0,0,0,0,0,0,0,0,0,0,0,0,0,75.3373,0,0,0
"MtrElec",8,26,7,"",112.794,0,0,0,0,0,0,0,0,0,0,0,0,0,0,0,0,0,0,0,0,117.141,0,0,-4.34696
"MtrElec",8,26,8,"",91.8741,0,0,0,0,0,0,0,0,0,0,0,0,0,0,0,0,0,0,0,0,127.54,0,0,-35.6658
"MtrElec",8,26,9,"",58.746,0,0,0,0,0,0,0,0,0,0,0,0,0,0,0,0,0,0,0,0,159.77,0,0,-101.024
"MtrElec",8,26,10,"",0.0000010,0,0,0,0,0,0,0,0,0,0,0,0,0,0,0,0,0,0,0,0,149.43,0,14.007,-163.437
"MtrElec",8,26,11,"",0,0,0,0,0,0,0,0,0,0,0,0,0,0,0,0,0,0,0,0,0,194.136,0,15.2579,-209.394
"MtrElec",8,26,12,"",0.0000078,0,0,0,0,0,0,0,0,0,0,0,0,0,0,0,0,0,0,0,0,157.2,0,82.1831,-239.383
"MtrElec",8,26,13,"",0.0000078,0,0,0,0,0,0,0,0,0,0,0,0,0,0,0,0,0,0,0,0,184.367,0,75.6419,-260.009
"MtrElec",8,26,14,"",-10.5442,0,0,0,0,0,0,0,0,0,0,0,0,0,0,0,0,0,0,0,0,156.215,0,94.4224,-261.182
"MtrElec",8,26,15,"",-3.42184,0,0,0,0,0,0,0,0,0,0,0,0,0,0,0,0,0,0,0,0,168.198,0,70.7861,-242.406
"MtrElec",8,26,16,"",-6.64708,0,0,0,0,0,0,0,0,0,0,0,0,0,0,0,0,0,0,0,0,201.169,0,0,-207.816
"MtrElec",8,26,17,"",48.1715,0,0,0,0,0,0,0,0,0,0,0,0,0,0,0,0,0,0,0,0,203.789,0,0,-155.617
"MtrElec",8,26,18,"",139.363,0,0,0,0,0,0,0,0,0,0,0,0,0,0,0,0,0,0,0,0,227.443,0,0,-88.0797
"MtrElec",8,26,19,"",79.4092,0,0,0,0,0,0,0,0,0,0,0,0,0,0,0,0,0,0,0,0,196.892,0,-94.4224,-23.0608
"MtrElec",8,26,20,"",103.253,0,0,0,0,0,0,0,0,0,0,0,0,0,0,0,0,0,0,0,0,197.676,0,-94.4224,0
"MtrElec",8,26,21,"",117.765,0,0,0,0,0,0,0,0,0,0,0,0,0,0,0,0,0,0,0,0,212.187,0,-94.4224,0
"MtrElec",8,26,22,"",127.386,0,0,0,0,0,0,0,0,0,0,0,0,0,0,0,0,0,0,0,0,162.068,0,-34.6821,0
"MtrElec",8,26,23,"",161.758,0,0,0,0,0,0,0,0,0,0,0,0,0,0,0,0,0,0,0,0,161.758,0,0,0
"MtrElec",8,26,24,"",125.363,0,0,0,0,0,0,0,0,0,0,0,0,0,0,0,0,0,0,0,0,125.363,0,0,0
"MtrElec",8,27,1,"",92.9631,0,0,0,0,0,0,0,0,0,0,0,0,0,0,0,0,0,0,0,0,92.9631,0,0,0
"MtrElec",8,27,2,"",74.8443,0,0,0,0,0,0,0,0,0,0,0,0,0,0,0,0,0,0,0,0,74.8443,0,0,0
"MtrElec",8,27,3,"",69.8762,0,0,0,0,0,0,0,0,0,0,0,0,0,0,0,0,0,0,0,0,69.8762,0,0,0
"MtrElec",8,27,4,"",67.2014,0,0,0,0,0,0,0,0,0,0,0,0,0,0,0,0,0,0,0,0,67.2014,0,0,0
"MtrElec",8,27,5,"",64.9757,0,0,0,0,0,0,0,0,0,0,0,0,0,0,0,0,0,0,0,0,64.9757,0,0,0
"MtrElec",8,27,6,"",76.6138,0,0,0,0,0,0,0,0,0,0,0,0,0,0,0,0,0,0,0,0,76.6138,0,0,0
"MtrElec",8,27,7,"",106.592,0,0,0,0,0,0,0,0,0,0,0,0,0,0,0,0,0,0,0,0,111.058,0,0,-4.46522
"MtrElec",8,27,8,"",128.397,0,0,0,0,0,0,0,0,0,0,0,0,0,0,0,0,0,0,0,0,164.73,0,0,-36.333
"MtrElec",8,27,9,"",47.3175,0,0,0,0,0,0,0,0,0,0,0,0,0,0,0,0,0,0,0,0,153.867,0,0,-106.55
"MtrElec",8,27,10,"",0,0,0,0,0,0,0,0,0,0,0,0,0,0,0,0,0,0,0,0,0,161.997,0,11.2534,-173.251
"MtrElec",8,27,11,"",0,0,0,0,0,0,0,0,0,0,0,0,0,0,0,0,0,0,0,0,0,151.317,0,70.4172,-221.734
"MtrElec",8,27,12,"",0,0,0,0,0,0,0,0,0,0,0,0,0,0,0,0,0,0,0,0,0,183.818,0,69.0712,-252.889
"MtrElec",8,27,13,"",-3.16501,0,0,0,0,0,0,0,0,0,0,0,0,0,0,0,0,0,0,0,0,167.818,0,94.4224,-265.405
"MtrElec",8,27,14,"",-13.6415,0,0,0,0,0,0,0,0,0,0,0,0,0,0,0,0,0,0,0,0,154.083,0,94.4224,-262.147
"MtrElec",8,27,15,"",-79.0682,0,0,0,0,0,0,0,0,0,0,0,0,0,0,0,0,0,0,0,0,152.154,0,12.7118,-243.934
"MtrElec",8,27,16,"",-40.0405,0,0,0,0,0,0,0,0,0,0,0,0,0,0,0,0,0,0,0,0,167.979,0,0,-208.019
"MtrElec",8,27,17,"",32.9671,0,0,0,0,0,0,0,0,0,0,0,0,0,0,0,0,0,0,0,0,188.306,0,0,-155.339
"MtrElec",8,27,18,"",114.434,0,0,0,0,0,0,0,0,0,0,0,0,0,0,0,0,0,0,0,0,201.891,0,0,-87.4562
"MtrElec",8,27,19,"",88.9688,0,0,0,0,0,0,0,0,0,0,0,0,0,0,0,0,0,0,0,0,205.998,0,-94.4224,-22.6071
"MtrElec",8,27,20,"",125.728,0,0,0,0,0,0,0,0,0,0,0,0,0,0,0,0,0,0,0,0,220.151,0,-94.4224,0
"MtrElec",8,27,21,"",91.4774,0,0,0,0,0,0,0,0,0,0,0,0,0,0,0,0,0,0,0,0,185.9,0,-94.4224,0
"MtrElec",8,27,22,"",132.561,0,0,0,0,0,0,0,0,0,0,0,0,0,0,0,0,0,0,0,0,167.243,0,-34.6821,0
"MtrElec",8,27,23,"",132.769,0,0,0,0,0,0,0,0,0,0,0,0,0,0,0,0,0,0,0,0,132.769,0,0,0
"MtrElec",8,27,24,"",172.224,0,0,0,0,0,0,0,0,0,0,0,0,0,0,0,0,0,0,0,0,172.224,0,0,0
"MtrElec",8,28,1,"",98.5873,0,0,0,0,0,0,0,0,0,0,0,0,0,0,0,0,0,0,0,0,98.5873,0,0,0
"MtrElec",8,28,2,"",76.1828,0,0,0,0,0,0,0,0,0,0,0,0,0,0,0,0,0,0,0,0,76.1828,0,0,0
"MtrElec",8,28,3,"",71.3397,0,0,0,0,0,0,0,0,0,0,0,0,0,0,0,0,0,0,0,0,71.3397,0,0,0
"MtrElec",8,28,4,"",68.1872,0,0,0,0,0,0,0,0,0,0,0,0,0,0,0,0,0,0,0,0,68.1872,0,0,0
"MtrElec",8,28,5,"",65.0879,0,0,0,0,0,0,0,0,0,0,0,0,0,0,0,0,0,0,0,0,65.0879,0,0,0
"MtrElec",8,28,6,"",70.4604,0,0,0,0,0,0,0,0,0,0,0,0,0,0,0,0,0,0,0,0,70.4604,0,0,0
"MtrElec",8,28,7,"",98.408,0,0,0,0,0,0,0,0,0,0,0,0,0,0,0,0,0,0,0,0,102.55,0,0,-4.14184
"MtrElec",8,28,8,"",117.234,0,0,0,0,0,0,0,0,0,0,0,0,0,0,0,0,0,0,0,0,153.131,0,0,-35.8975
"MtrElec",8,28,9,"",55.5418,0,0,0,0,0,0,0,0,0,0,0,0,0,0,0,0,0,0,0,0,159.681,0,0,-104.139
"MtrElec",8,28,10,"",10.3494,0,0,0,0,0,0,0,0,0,0,0,0,0,0,0,0,0,0,0,0,178.731,0,0,-168.381
"MtrElec",8,28,11,"",0,0,0,0,0,0,0,0,0,0,0,0,0,0,0,0,0,0,0,0,0,192.951,0,23.1322,-216.083
"MtrElec",8,28,12,"",0,0,0,0,0,0,0,0,0,0,0,0,0,0,0,0,0,0,0,0,0,183.097,0,63.3833,-246.48
"MtrElec",8,28,13,"",0,0,0,0,0,0,0,0,0,0,0,0,0,0,0,0,0,0,0,0,0,187.624,0,72.2587,-259.883
"MtrElec",8,28,14,"",-18.4451,0,0,0,0,0,0,0,0,0,0,0,0,0,0,0,0,0,0,0,0,145.287,0,94.4224,-258.154
"MtrElec",8,28,15,"",0,0,0,0,0,0,0,0,0,0,0,0,0,0,0,0,0,0,0,0,0,147.465,0,90.7984,-238.264
"MtrElec",8,28,16,"",-2.49881,0,0,0,0,0,0,0,0,0,0,0,0,0,0,0,0,0,0,0,0,191.502,0,8.30338,-202.304
"MtrElec",8,28,17,"",38.962,0,0,0,0,0,0,0,0,0,0,0,0,0,0,0,0,0,0,0,0,188.233,0,0,-149.271
"MtrElec",8,28,18,"",113.82,0,0,0,0,0,0,0,0,0,0,0,0,0,0,0,0,0,0,0,0,197.17,0,0,-83.3493
"MtrElec",8,28,19,"",117.395,0,0,0,0,0,0,0,0,0,0,0,0,0,0,0,0,0,0,0,0,229.99,0,-94.4224,-18.1722
"MtrElec",8,28,20,"",91.3109,0,0,0,0,0,0,0,0,0,0,0,0,0,0,0,0,0,0,0,0,185.733,0,-94.4224,0
"MtrElec",8,28,21,"",122.325,0,0,0,0,0,0,0,0,0,0,0,0,0,0,0,0,0,0,0,0,216.748,0,-94.4224,0
"MtrElec",8,28,22,"",115.298,0,0,0,0,0,0,0,0,0,0,0,0,0,0,0,0,0,0,0,0,149.98,0,-34.6821,0
"MtrElec",8,28,23,"",172.474,0,0,0,0,0,0,0,0,0,0,0,0,0,0,0,0,0,0,0,0,172.474,0,0,0
"MtrElec",8,28,24,"",130.094,0,0,0,0,0,0,0,0,0,0,0,0,0,0,0,0,0,0,0,0,130.094,0,0,0
"MtrElec",8,29,1,"",80.2706,0,0,0,0,0,0,0,0,0,0,0,0,0,0,0,0,0,0,0,0,80.2706,0,0,0
"MtrElec",8,29,2,"",73.8271,0,0,0,0,0,0,0,0,0,0,0,0,0,0,0,0,0,0,0,0,73.8271,0,0,0
"MtrElec",8,29,3,"",71.8853,0,0,0,0,0,0,0,0,0,0,0,0,0,0,0,0,0,0,0,0,71.8853,0,0,0
"MtrElec",8,29,4,"",70.7934,0,0,0,0,0,0,0,0,0,0,0,0,0,0,0,0,0,0,0,0,70.7934,0,0,0
"MtrElec",8,29,5,"",92.7809,0,0,0,0,0,0,0,0,0,0,0,0,0,0,0,0,0,0,0,0,92.7809,0,0,0
"MtrElec",8,29,6,"",78.643,0,0,0,0,0,0,0,0,0,0,0,0,0,0,0,0,0,0,0,0,78.643,0,0,0
"MtrElec",8,29,7,"",73.559,0,0,0,0,0,0,0,0,0,0,0,0,0,0,0,0,0,0,0,0,76.1699,0,0,-2.61086
"MtrElec",8,29,8,"",91.896,0,0,0,0,0,0,0,0,0,0,0,0,0,0,0,0,0,0,0,0,127.542,0,0,-35.6457
"MtrElec",8,29,9,"",67.9607,0,0,0,0,0,0,0,0,0,0,0,0,0,0,0,0,0,0,0,0,168.903,0,0,-100.942
"MtrElec",8,29,10,"",73.1327,0,0,0,0,0,0,0,0,0,0,0,0,0,0,0,0,0,0,0,0,236.004,0,0,-162.871
"MtrElec",8,29,11,"",40.7664,0,0,0,0,0,0,0,0,0,0,0,0,0,0,0,0,0,0,0,0,222.389,0,0,-181.623
"MtrElec",8,29,12,"",23.4743,0,0,0,0,0,0,0,0,0,0,0,0,0,0,0,0,0,0,0,0,226.256,0,0,-202.782
"MtrElec",8,29,13,"",20.9691,0,0,0,0,0,0,0,0,0,0,0,0,0,0,0,0,0,0,0,0,251.022,0,0,-230.053
"MtrElec",8,29,14,"",23.0055,0,0,0,0,0,0,0,0,0,0,0,0,0,0,0,0,0,0,0,0,239.685,0,0,-216.679
"MtrElec",8,29,15,"",59.1239,0,0,0,0,0,0,0,0,0,0,0,0,0,0,0,0,0,0,0,0,254.463,0,0,-195.34
"MtrElec",8,29,16,"",74.4335,0,0,0,0,0,0,0,0,0,0,0,0,0,0,0,0,0,0,0,0,242.272,0,0,-167.839
"MtrElec",8,29,17,"",85.0441,0,0,0,0,0,0,0,0,0,0,0,0,0,0,0,0,0,0,0,0,218.095,0,0,-133.051
"MtrElec",8,29,18,"",169.587,0,0,0,0,0,0,0,0,0,0,0,0,0,0,0,0,0,0,0,0,241.359,0,0,-71.7729
"MtrElec",8,29,19,"",208.237,0,0,0,0,0,0,0,0,0,0,0,0,0,0,0,0,0,0,0,0,225.723,0,0,-17.4853
"MtrElec",8,29,20,"",240.066,0,0,0,0,0,0,0,0,0,0,0,0,0,0,0,0,0,0,0,0,240.066,0,0,0
"MtrElec",8,29,21,"",198.7,0,0,0,0,0,0,0,0,0,0,0,0,0,0,0,0,0,0,0,0,198.7,0,0,0
"MtrElec",8,29,22,"",146.971,0,0,0,0,0,0,0,0,0,0,0,0,0,0,0,0,0,0,0,0,146.971,0,0,0
"MtrElec",8,29,23,"",169.536,0,0,0,0,0,0,0,0,0,0,0,0,0,0,0,0,0,0,0,0,169.536,0,0,0
"MtrElec",8,29,24,"",131.129,0,0,0,0,0,0,0,0,0,0,0,0,0,0,0,0,0,0,0,0,131.129,0,0,0
"MtrElec",8,30,1,"",107.669,0,0,0,0,0,0,0,0,0,0,0,0,0,0,0,0,0,0,0,0,107.669,0,0,0
"MtrElec",8,30,2,"",80.6562,0,0,0,0,0,0,0,0,0,0,0,0,0,0,0,0,0,0,0,0,80.6562,0,0,0
"MtrElec",8,30,3,"",75.7949,0,0,0,0,0,0,0,0,0,0,0,0,0,0,0,0,0,0,0,0,75.7949,0,0,0
"MtrElec",8,30,4,"",75.3182,0,0,0,0,0,0,0,0,0,0,0,0,0,0,0,0,0,0,0,0,75.3182,0,0,0
"MtrElec",8,30,5,"",80.0195,0,0,0,0,0,0,0,0,0,0,0,0,0,0,0,0,0,0,0,0,80.0195,0,0,0
"MtrElec",8,30,6,"",76.783,0,0,0,0,0,0,0,0,0,0,0,0,0,0,0,0,0,0,0,0,76.783,0,0,0
"MtrElec",8,30,7,"",87.1194,0,0,0,0,0,0,0,0,0,0,0,0,0,0,0,0,0,0,0,0,87.1194,0,0,0
"MtrElec",8,30,8,"",133.807,0,0,0,0,0,0,0,0,0,0,0,0,0,0,0,0,0,0,0,0,135.595,0,0,-1.78866
"MtrElec",8,30,9,"",106.157,0,0,0,0,0,0,0,0,0,0,0,0,0,0,0,0,0,0,0,0,135.634,0,0,-29.4769
"MtrElec",8,30,10,"",49.3155,0,0,0,0,0,0,0,0,0,0,0,0,0,0,0,0,0,0,0,0,153.842,0,0,-104.527
"MtrElec",8,30,11,"",44.0981,0,0,0,0,0,0,0,0,0,0,0,0,0,0,0,0,0,0,0,0,219.002,0,0,-174.904
"MtrElec",8,30,12,"",0.0000010,0,0,0,0,0,0,0,0,0,0,0,0,0,0,0,0,0,0,0,0,211.164,0,15.804,-226.968
"MtrElec",8,30,13,"",0,0,0,0,0,0,0,0,0,0,0,0,0,0,0,0,0,0,0,0,0,196.112,0,48.5091,-244.621
"MtrElec",8,30,14,"",0,0,0,0,0,0,0,0,0,0,0,0,0,0,0,0,0,0,0,0,0,206.04,0,38.153,-244.193
"MtrElec",8,30,15,"",0.0000020,0,0,0,0,0,0,0,0,0,0,0,0,0,0,0,0,0,0,0,0,202.347,0,21.1078,-223.455
"MtrElec",8,30,16,"",15.7077,0,0,0,0,0,0,0,0,0,0,0,0,0,0,0,0,0,0,0,0,200.118,0,0,-184.41
"MtrElec",8,30,17,"",66.4467,0,0,0,0,0,0,0,0,0,0,0,0,0,0,0,0,0,0,0,0,204.608,0,0,-138.161
"MtrElec",8,30,18,"",119.793,0,0,0,0,0,0,0,0,0,0,0,0,0,0,0,0,0,0,0,0,195.433,0,0,-75.64
"MtrElec",8,30,19,"",140.647,0,0,0,0,0,0,0,0,0,0,0,0,0,0,0,0,0,0,0,0,254.565,0,-94.4224,-19.4955
"MtrElec",8,30,20,"",216.466,0,0,0,0,0,0,0,0,0,0,0,0,0,0,0,0,0,0,0,0,233.569,0,-17.1031,0
"MtrElec",8,30,21,"",207.407,0,0,0,0,0,0,0,0,0,0,0,0,0,0,0,0,0,0,0,0,207.407,0,0,0
"MtrElec",8,30,22,"",222.275,0,0,0,0,0,0,0,0,0,0,0,0,0,0,0,0,0,0,0,0,222.275,0,0,0
"MtrElec",8,30,23,"",129.86,0,0,0,0,0,0,0,0,0,0,0,0,0,0,0,0,0,0,0,0,129.86,0,0,0
"MtrElec",8,30,24,"",112.899,0,0,0,0,0,0,0,0,0,0,0,0,0,0,0,0,0,0,0,0,112.899,0,0,0
"MtrElec",8,31,1,"",97.9967,0,0,0,0,0,0,0,0,0,0,0,0,0,0,0,0,0,0,0,0,97.9967,0,0,0
"MtrElec",8,31,2,"",81.3444,0,0,0,0,0,0,0,0,0,0,0,0,0,0,0,0,0,0,0,0,81.3444,0,0,0
"MtrElec",8,31,3,"",74.268,0,0,0,0,0,0,0,0,0,0,0,0,0,0,0,0,0,0,0,0,74.268,0,0,0
"MtrElec",8,31,4,"",70.8217,0,0,0,0,0,0,0,0,0,0,0,0,0,0,0,0,0,0,0,0,70.8217,0,0,0
"MtrElec",8,31,5,"",86.3367,0,0,0,0,0,0,0,0,0,0,0,0,0,0,0,0,0,0,0,0,86.3367,0,0,0
"MtrElec",8,31,6,"",77.9561,0,0,0,0,0,0,0,0,0,0,0,0,0,0,0,0,0,0,0,0,77.9561,0,0,0
"MtrElec",8,31,7,"",90.0994,0,0,0,0,0,0,0,0,0,0,0,0,0,0,0,0,0,0,0,0,92.4028,0,0,-2.30339
"MtrElec",8,31,8,"",127.515,0,0,0,0,0,0,0,0,0,0,0,0,0,0,0,0,0,0,0,0,162.66,0,0,-35.1452
"MtrElec",8,31,9,"",59.2326,0,0,0,0,0,0,0,0,0,0,0,0,0,0,0,0,0,0,0,0,156.776,0,0,-97.5433
"MtrElec",8,31,10,"",1.37445,0,0,0,0,0,0,0,0,0,0,0,0,0,0,0,0,0,0,0,0,159.693,0,0,-158.318
"MtrElec",8,31,11,"",0.0000020,0,0,0,0,0,0,0,0,0,0,0,0,0,0,0,0,0,0,0,0,186.578,0,21.7279,-208.306
"MtrElec",8,31,12,"",0.0000078,0,0,0,0,0,0,0,0,0,0,0,0,0,0,0,0,0,0,0,0,150.434,0,91.1099,-241.544
"MtrElec",8,31,13,"",0.0000078,0,0,0,0,0,0,0,0,0,0,0,0,0,0,0,0,0,0,0,0,180.039,0,76.0903,-256.129
"MtrElec",8,31,14,"",-15.5747,0,0,0,0,0,0,0,0,0,0,0,0,0,0,0,0,0,0,0,0,146.9,0,94.4224,-256.897
"MtrElec",8,31,15,"",-5.45073,0,0,0,0,0,0,0,0,0,0,0,0,0,0,0,0,0,0,0,0,165.741,0,68.9479,-240.14
"MtrElec",8,31,16,"",-44.6094,0,0,0,0,0,0,0,0,0,0,0,0,0,0,0,0,0,0,0,0,157.628,0,0,-202.238
"MtrElec",8,31,17,"",53.148,0,0,0,0,0,0,0,0,0,0,0,0,0,0,0,0,0,0,0,0,200.142,0,0,-146.995
"MtrElec",8,31,18,"",120.9,0,0,0,0,0,0,0,0,0,0,0,0,0,0,0,0,0,0,0,0,201.827,0,0,-80.9274
"MtrElec",8,31,19,"",64.7592,0,0,0,0,0,0,0,0,0,0,0,0,0,0,0,0,0,0,0,0,178.744,0,-94.4224,-19.5627
"MtrElec",8,31,20,"",103.013,0,0,0,0,0,0,0,0,0,0,0,0,0,0,0,0,0,0,0,0,197.436,0,-94.4224,0
"MtrElec",8,31,21,"",87.4037,0,0,0,0,0,0,0,0,0,0,0,0,0,0,0,0,0,0,0,0,181.826,0,-94.4224,0
"MtrElec",8,31,22,"",112.657,0,0,0,0,0,0,0,0,0,0,0,0,0,0,0,0,0,0,0,0,147.339,0,-34.6821,0
"MtrElec",8,31,23,"",111.777,0,0,0,0,0,0,0,0,0,0,0,0,0,0,0,0,0,0,0,0,111.777,0,0,0
"MtrElec",8,31,24,"",103.109,0,0,0,0,0,0,0,0,0,0,0,0,0,0,0,0,0,0,0,0,103.109,0,0,0
"MtrElec",9,1,1,"",109.829,0,0,0,0,0,0,0,0,0,0,0,0,0,0,0,0,0,0,0,0,109.829,0,0,0
"MtrElec",9,1,2,"",81.2833,0,0,0,0,0,0,0,0,0,0,0,0,0,0,0,0,0,0,0,0,81.2833,0,0,0
"MtrElec",9,1,3,"",72.1729,0,0,0,0,0,0,0,0,0,0,0,0,0,0,0,0,0,0,0,0,72.1729,0,0,0
"MtrElec",9,1,4,"",65.8331,0,0,0,0,0,0,0,0,0,0,0,0,0,0,0,0,0,0,0,0,65.8331,0,0,0
"MtrElec",9,1,5,"",63.2979,0,0,0,0,0,0,0,0,0,0,0,0,0,0,0,0,0,0,0,0,63.2979,0,0,0
"MtrElec",9,1,6,"",70.2621,0,0,0,0,0,0,0,0,0,0,0,0,0,0,0,0,0,0,0,0,70.2621,0,0,0
"MtrElec",9,1,7,"",103.719,0,0,0,0,0,0,0,0,0,0,0,0,0,0,0,0,0,0,0,0,106.432,0,0,-2.71304
"MtrElec",9,1,8,"",97.9872,0,0,0,0,0,0,0,0,0,0,0,0,0,0,0,0,0,0,0,0,133.455,0,0,-35.4678
"MtrElec",9,1,9,"",15.9818,0,0,0,0,0,0,0,0,0,0,0,0,0,0,0,0,0,0,0,0,120.127,0,0,-104.146
"MtrElec",9,1,10,"",7.44953,0,0,0,0,0,0,0,0,0,0,0,0,0,0,0,0,0,0,0,0,175.27,0,0,-167.82
"MtrElec",9,1,11,"",0,0,0,0,0,0,0,0,0,0,0,0,0,0,0,0,0,0,0,0,0,200.11,0,16.0623,-216.173
"MtrElec",9,1,12,"",0.0000078,0,0,0,0,0,0,0,0,0,0,0,0,0,0,0,0,0,0,0,0,168.264,0,79.4358,-247.7
"MtrElec",9,1,13,"",0,0,0,0,0,0,0,0,0,0,0,0,0,0,0,0,0,0,0,0,0,170.256,0,92.0577,-262.314
"MtrElec",9,1,14,"",0,0,0,0,0,0,0,0,0,0,0,0,0,0,0,0,0,0,0,0,0,193.734,0,66.3121,-260.046
"MtrElec",9,1,15,"",0.0000039,0,0,0,0,0,0,0,0,0,0,0,0,0,0,0,0,0,0,0,0,179.981,0,61.8626,-241.843
"MtrElec",9,1,16,"",0,0,0,0,0,0,0,0,0,0,0,0,0,0,0,0,0,0,0,0,0,197.021,0,6.25153,-203.273
"MtrElec",9,1,17,"",72.3355,0,0,0,0,0,0,0,0,0,0,0,0,0,0,0,0,0,0,0,0,220.678,0,0,-148.342
"MtrElec",9,1,18,"",131.587,0,0,0,0,0,0,0,0,0,0,0,0,0,0,0,0,0,0,0,0,213.496,0,0,-81.9087
"MtrElec",9,1,19,"",138.408,0,0,0,0,0,0,0,0,0,0,0,0,0,0,0,0,0,0,0,0,252.177,0,-94.4224,-19.3462
"MtrElec",9,1,20,"",99.9866,0,0,0,0,0,0,0,0,0,0,0,0,0,0,0,0,0,0,0,0,194.409,0,-94.4224,0
"MtrElec",9,1,21,"",107.681,0,0,0,0,0,0,0,0,0,0,0,0,0,0,0,0,0,0,0,0,202.104,0,-94.4224,0
"MtrElec",9,1,22,"",174.345,0,0,0,0,0,0,0,0,0,0,0,0,0,0,0,0,0,0,0,0,181.666,0,-7.32141,0
"MtrElec",9,1,23,"",162.946,0,0,0,0,0,0,0,0,0,0,0,0,0,0,0,0,0,0,0,0,162.946,0,0,0
"MtrElec",9,1,24,"",120.655,0,0,0,0,0,0,0,0,0,0,0,0,0,0,0,0,0,0,0,0,120.655,0,0,0
"MtrElec",9,2,1,"",93.3507,0,0,0,0,0,0,0,0,0,0,0,0,0,0,0,0,0,0,0,0,93.3507,0,0,0
"MtrElec",9,2,2,"",76.7943,0,0,0,0,0,0,0,0,0,0,0,0,0,0,0,0,0,0,0,0,76.7943,0,0,0
"MtrElec",9,2,3,"",70.9995,0,0,0,0,0,0,0,0,0,0,0,0,0,0,0,0,0,0,0,0,70.9995,0,0,0
"MtrElec",9,2,4,"",67.4249,0,0,0,0,0,0,0,0,0,0,0,0,0,0,0,0,0,0,0,0,67.4249,0,0,0
"MtrElec",9,2,5,"",65.1268,0,0,0,0,0,0,0,0,0,0,0,0,0,0,0,0,0,0,0,0,65.1268,0,0,0
"MtrElec",9,2,6,"",72.2514,0,0,0,0,0,0,0,0,0,0,0,0,0,0,0,0,0,0,0,0,72.2514,0,0,0
"MtrElec",9,2,7,"",133.006,0,0,0,0,0,0,0,0,0,0,0,0,0,0,0,0,0,0,0,0,135.701,0,0,-2.69502
"MtrElec",9,2,8,"",85.6937,0,0,0,0,0,0,0,0,0,0,0,0,0,0,0,0,0,0,0,0,121.152,0,0,-35.4581
"MtrElec",9,2,9,"",64.9973,0,0,0,0,0,0,0,0,0,0,0,0,0,0,0,0,0,0,0,0,168.727,0,0,-103.729
"MtrElec",9,2,10,"",42.4603,0,0,0,0,0,0,0,0,0,0,0,0,0,0,0,0,0,0,0,0,209.064,0,0,-166.604
"MtrElec",9,2,11,"",0.0000010,0,0,0,0,0,0,0,0,0,0,0,0,0,0,0,0,0,0,0,0,202.901,0,10.7298,-213.631
"MtrElec",9,2,12,"",0,0,0,0,0,0,0,0,0,0,0,0,0,0,0,0,0,0,0,0,0,189.112,0,56.1291,-245.241
"MtrElec",9,2,13,"",0,0,0,0,0,0,0,0,0,0,0,0,0,0,0,0,0,0,0,0,0,187.905,0,72.1071,-260.012
"MtrElec",9,2,14,"",0,0,0,0,0,0,0,0,0,0,0,0,0,0,0,0,0,0,0,0,0,183.881,0,72.641,-256.522
"MtrElec",9,2,15,"",0.0000039,0,0,0,0,0,0,0,0,0,0,0,0,0,0,0,0,0,0,0,0,179.943,0,56.1495,-236.092
"MtrElec",9,2,16,"",0,0,0,0,0,0,0,0,0,0,0,0,0,0,0,0,0,0,0,0,0,195.439,0,3.33663,-198.776
"MtrElec",9,2,17,"",91.9367,0,0,0,0,0,0,0,0,0,0,0,0,0,0,0,0,0,0,0,0,238.421,0,0,-146.484
"MtrElec",9,2,18,"",137.526,0,0,0,0,0,0,0,0,0,0,0,0,0,0,0,0,0,0,0,0,218.555,0,0,-81.0289
"MtrElec",9,2,19,"",148.752,0,0,0,0,0,0,0,0,0,0,0,0,0,0,0,0,0,0,0,0,261.831,0,-94.4224,-18.6562
"MtrElec",9,2,20,"",127.886,0,0,0,0,0,0,0,0,0,0,0,0,0,0,0,0,0,0,0,0,222.308,0,-94.4224,0
"MtrElec",9,2,21,"",170.382,0,0,0,0,0,0,0,0,0,0,0,0,0,0,0,0,0,0,0,0,226.199,0,-55.8167,0
"MtrElec",9,2,22,"",164.865,0,0,0,0,0,0,0,0,0,0,0,0,0,0,0,0,0,0,0,0,164.865,0,0,0
"MtrElec",9,2,23,"",162.311,0,0,0,0,0,0,0,0,0,0,0,0,0,0,0,0,0,0,0,0,162.311,0,0,0
"MtrElec",9,2,24,"",137.565,0,0,0,0,0,0,0,0,0,0,0,0,0,0,0,0,0,0,0,0,137.565,0,0,0
"MtrElec",9,3,1,"",97.1075,0,0,0,0,0,0,0,0,0,0,0,0,0,0,0,0,0,0,0,0,97.1075,0,0,0
"MtrElec",9,3,2,"",78.4635,0,0,0,0,0,0,0,0,0,0,0,0,0,0,0,0,0,0,0,0,78.4635,0,0,0
"MtrElec",9,3,3,"",72.9584,0,0,0,0,0,0,0,0,0,0,0,0,0,0,0,0,0,0,0,0,72.9584,0,0,0
"MtrElec",9,3,4,"",71.385,0,0,0,0,0,0,0,0,0,0,0,0,0,0,0,0,0,0,0,0,71.385,0,0,0
"MtrElec",9,3,5,"",90.7885,0,0,0,0,0,0,0,0,0,0,0,0,0,0,0,0,0,0,0,0,90.7885,0,0,0
"MtrElec",9,3,6,"",76.0324,0,0,0,0,0,0,0,0,0,0,0,0,0,0,0,0,0,0,0,0,76.0324,0,0,0
"MtrElec",9,3,7,"",94.9265,0,0,0,0,0,0,0,0,0,0,0,0,0,0,0,0,0,0,0,0,97.2859,0,0,-2.35944
"MtrElec",9,3,8,"",133.409,0,0,0,0,0,0,0,0,0,0,0,0,0,0,0,0,0,0,0,0,167.767,0,0,-34.3573
"MtrElec",9,3,9,"",64.1248,0,0,0,0,0,0,0,0,0,0,0,0,0,0,0,0,0,0,0,0,164.702,0,0,-100.577
"MtrElec",9,3,10,"",64.5142,0,0,0,0,0,0,0,0,0,0,0,0,0,0,0,0,0,0,0,0,226.49,0,0,-161.975
"MtrElec",9,3,11,"",34.258,0,0,0,0,0,0,0,0,0,0,0,0,0,0,0,0,0,0,0,0,240.392,0,0,-206.134
"MtrElec",9,3,12,"",0,0,0,0,0,0,0,0,0,0,0,0,0,0,0,0,0,0,0,0,0,217.049,0,18.4895,-235.539
"MtrElec",9,3,13,"",0.0000039,0,0,0,0,0,0,0,0,0,0,0,0,0,0,0,0,0,0,0,0,190.728,0,60.9159,-251.644
"MtrElec",9,3,14,"",0,0,0,0,0,0,0,0,0,0,0,0,0,0,0,0,0,0,0,0,0,190.852,0,58.9877,-249.84
"MtrElec",9,3,15,"",0,0,0,0,0,0,0,0,0,0,0,0,0,0,0,0,0,0,0,0,0,185.513,0,45.3937,-230.906
"MtrElec",9,3,16,"",3.26769,0,0,0,0,0,0,0,0,0,0,0,0,0,0,0,0,0,0,0,0,195.005,0,0,-191.738
"MtrElec",9,3,17,"",87.2369,0,0,0,0,0,0,0,0,0,0,0,0,0,0,0,0,0,0,0,0,224.342,0,0,-137.105
"MtrElec",9,3,18,"",136.79,0,0,0,0,0,0,0,0,0,0,0,0,0,0,0,0,0,0,0,0,209.795,0,0,-73.0051
"MtrElec",9,3,19,"",112.862,0,0,0,0,0,0,0,0,0,0,0,0,0,0,0,0,0,0,0,0,224.441,0,-94.4224,-17.1568
"MtrElec",9,3,20,"",177.03,0,0,0,0,0,0,0,0,0,0,0,0,0,0,0,0,0,0,0,0,248.475,0,-71.4452,0
"MtrElec",9,3,21,"",229.577,0,0,0,0,0,0,0,0,0,0,0,0,0,0,0,0,0,0,0,0,229.577,0,0,0
"MtrElec",9,3,22,"",177.184,0,0,0,0,0,0,0,0,0,0,0,0,0,0,0,0,0,0,0,0,177.184,0,0,0
"MtrElec",9,3,23,"",157.779,0,0,0,0,0,0,0,0,0,0,0,0,0,0,0,0,0,0,0,0,157.779,0,0,0
"MtrElec",9,3,24,"",126.169,0,0,0,0,0,0,0,0,0,0,0,0,0,0,0,0,0,0,0,0,126.169,0,0,0
"MtrElec",9,4,1,"",97.8005,0,0,0,0,0,0,0,0,0,0,0,0,0,0,0,0,0,0,0,0,97.8005,0,0,0
"MtrElec",9,4,2,"",83.5647,0,0,0,0,0,0,0,0,0,0,0,0,0,0,0,0,0,0,0,0,83.5647,0,0,0
"MtrElec",9,4,3,"",78.543,0,0,0,0,0,0,0,0,0,0,0,0,0,0,0,0,0,0,0,0,78.543,0,0,0
"MtrElec",9,4,4,"",80.3542,0,0,0,0,0,0,0,0,0,0,0,0,0,0,0,0,0,0,0,0,80.3542,0,0,0
"MtrElec",9,4,5,"",69.7588,0,0,0,0,0,0,0,0,0,0,0,0,0,0,0,0,0,0,0,0,69.7588,0,0,0
"MtrElec",9,4,6,"",98.6549,0,0,0,0,0,0,0,0,0,0,0,0,0,0,0,0,0,0,0,0,98.6549,0,0,0
"MtrElec",9,4,7,"",87.9246,0,0,0,0,0,0,0,0,0,0,0,0,0,0,0,0,0,0,0,0,89.9546,0,0,-2.03002
"MtrElec",9,4,8,"",117.693,0,0,0,0,0,0,0,0,0,0,0,0,0,0,0,0,0,0,0,0,152.133,0,0,-34.4403
"MtrElec",9,4,9,"",96.7058,0,0,0,0,0,0,0,0,0,0,0,0,0,0,0,0,0,0,0,0,197.809,0,0,-101.103
"MtrElec",9,4,10,"",52.7627,0,0,0,0,0,0,0,0,0,0,0,0,0,0,0,0,0,0,0,0,215.444,0,0,-162.681
"MtrElec",9,4,11,"",37.9654,0,0,0,0,0,0,0,0,0,0,0,0,0,0,0,0,0,0,0,0,241.691,0,0,-203.726
"MtrElec",9,4,12,"",0.0000010,0,0,0,0,0,0,0,0,0,0,0,0,0,0,0,0,0,0,0,0,219.112,0,14.2388,-233.351
"MtrElec",9,4,13,"",0,0,0,0,0,0,0,0,0,0,0,0,0,0,0,0,0,0,0,0,0,217.23,0,33.6922,-250.922
"MtrElec",9,4,14,"",0,0,0,0,0,0,0,0,0,0,0,0,0,0,0,0,0,0,0,0,0,197.031,0,51.8114,-248.843
"MtrElec",9,4,15,"",0,0,0,0,0,0,0,0,0,0,0,0,0,0,0,0,0,0,0,0,0,177.577,0,51.5841,-229.161
"MtrElec",9,4,16,"",0.0000002,0,0,0,0,0,0,0,0,0,0,0,0,0,0,0,0,0,0,0,0,186.964,0,3.53584,-190.5
"MtrElec",9,4,17,"",91.5912,0,0,0,0,0,0,0,0,0,0,0,0,0,0,0,0,0,0,0,0,229.025,0,0,-137.434
"MtrElec",9,4,18,"",143.23,0,0,0,0,0,0,0,0,0,0,0,0,0,0,0,0,0,0,0,0,217.228,0,0,-73.9981
"MtrElec",9,4,19,"",127.476,0,0,0,0,0,0,0,0,0,0,0,0,0,0,0,0,0,0,0,0,238.465,0,-94.4224,-16.566
"MtrElec",9,4,20,"",156.08,0,0,0,0,0,0,0,0,0,0,0,0,0,0,0,0,0,0,0,0,201.421,0,-45.3408,0
"MtrElec",9,4,21,"",218.698,0,0,0,0,0,0,0,0,0,0,0,0,0,0,0,0,0,0,0,0,218.698,0,0,0
"MtrElec",9,4,22,"",187.745,0,0,0,0,0,0,0,0,0,0,0,0,0,0,0,0,0,0,0,0,187.745,0,0,0
"MtrElec",9,4,23,"",148.809,0,0,0,0,0,0,0,0,0,0,0,0,0,0,0,0,0,0,0,0,148.809,0,0,0
"MtrElec",9,4,24,"",133.329,0,0,0,0,0,0,0,0,0,0,0,0,0,0,0,0,0,0,0,0,133.329,0,0,0
"MtrElec",9,5,1,"",109.893,0,0,0,0,0,0,0,0,0,0,0,0,0,0,0,0,0,0,0,0,109.893,0,0,0
"MtrElec",9,5,2,"",80.7582,0,0,0,0,0,0,0,0,0,0,0,0,0,0,0,0,0,0,0,0,80.7582,0,0,0
"MtrElec",9,5,3,"",74.8378,0,0,0,0,0,0,0,0,0,0,0,0,0,0,0,0,0,0,0,0,74.8378,0,0,0
"MtrElec",9,5,4,"",73.5896,0,0,0,0,0,0,0,0,0,0,0,0,0,0,0,0,0,0,0,0,73.5896,0,0,0
"MtrElec",9,5,5,"",71.4287,0,0,0,0,0,0,0,0,0,0,0,0,0,0,0,0,0,0,0,0,71.4287,0,0,0
"MtrElec",9,5,6,"",76.8165,0,0,0,0,0,0,0,0,0,0,0,0,0,0,0,0,0,0,0,0,76.8165,0,0,0
"MtrElec",9,5,7,"",98.8281,0,0,0,0,0,0,0,0,0,0,0,0,0,0,0,0,0,0,0,0,100.881,0,0,-2.05319
"MtrElec",9,5,8,"",113.293,0,0,0,0,0,0,0,0,0,0,0,0,0,0,0,0,0,0,0,0,146.545,0,0,-33.2522
"MtrElec",9,5,9,"",88.6102,0,0,0,0,0,0,0,0,0,0,0,0,0,0,0,0,0,0,0,0,187.295,0,0,-98.6846
"MtrElec",9,5,10,"",52.2565,0,0,0,0,0,0,0,0,0,0,0,0,0,0,0,0,0,0,0,0,210.121,0,0,-157.864
"MtrElec",9,5,11,"",30.6256,0,0,0,0,0,0,0,0,0,0,0,0,0,0,0,0,0,0,0,0,229.33,0,0,-198.705
"MtrElec",9,5,12,"",16.7682,0,0,0,0,0,0,0,0,0,0,0,0,0,0,0,0,0,0,0,0,250.642,0,0,-233.874
"MtrElec",9,5,13,"",0,0,0,0,0,0,0,0,0,0,0,0,0,0,0,0,0,0,0,0,0,217.545,0,34.1084,-251.653
"MtrElec",9,5,14,"",0,0,0,0,0,0,0,0,0,0,0,0,0,0,0,0,0,0,0,0,0,223.568,0,26.5784,-250.147
"MtrElec",9,5,15,"",0.922391,0,0,0,0,0,0,0,0,0,0,0,0,0,0,0,0,0,0,0,0,232.623,0,0,-231.701
"MtrElec",9,5,16,"",34.989,0,0,0,0,0,0,0,0,0,0,0,0,0,0,0,0,0,0,0,0,228.704,0,0,-193.715
"MtrElec",9,5,17,"",86.8243,0,0,0,0,0,0,0,0,0,0,0,0,0,0,0,0,0,0,0,0,227.942,0,0,-141.118
"MtrElec",9,5,18,"",155.958,0,0,0,0,0,0,0,0,0,0,0,0,0,0,0,0,0,0,0,0,231.648,0,0,-75.6902
"MtrElec",9,5,19,"",206.009,0,0,0,0,0,0,0,0,0,0,0,0,0,0,0,0,0,0,0,0,276.686,0,-54.7698,-15.9073
"MtrElec",9,5,20,"",219.268,0,0,0,0,0,0,0,0,0,0,0,0,0,0,0,0,0,0,0,0,219.268,0,0,0
"MtrElec",9,5,21,"",208.1,0,0,0,0,0,0,0,0,0,0,0,0,0,0,0,0,0,0,0,0,208.1,0,0,0
"MtrElec",9,5,22,"",187.022,0,0,0,0,0,0,0,0,0,0,0,0,0,0,0,0,0,0,0,0,187.022,0,0,0
"MtrElec",9,5,23,"",138.779,0,0,0,0,0,0,0,0,0,0,0,0,0,0,0,0,0,0,0,0,138.779,0,0,0
"MtrElec",9,5,24,"",140.908,0,0,0,0,0,0,0,0,0,0,0,0,0,0,0,0,0,0,0,0,140.908,0,0,0
"MtrElec",9,6,1,"",93.105,0,0,0,0,0,0,0,0,0,0,0,0,0,0,0,0,0,0,0,0,93.105,0,0,0
"MtrElec",9,6,2,"",84.9985,0,0,0,0,0,0,0,0,0,0,0,0,0,0,0,0,0,0,0,0,84.9985,0,0,0
"MtrElec",9,6,3,"",79.8359,0,0,0,0,0,0,0,0,0,0,0,0,0,0,0,0,0,0,0,0,79.8359,0,0,0
"MtrElec",9,6,4,"",77.6501,0,0,0,0,0,0,0,0,0,0,0,0,0,0,0,0,0,0,0,0,77.6501,0,0,0
"MtrElec",9,6,5,"",100.772,0,0,0,0,0,0,0,0,0,0,0,0,0,0,0,0,0,0,0,0,100.772,0,0,0
"MtrElec",9,6,6,"",75.3902,0,0,0,0,0,0,0,0,0,0,0,0,0,0,0,0,0,0,0,0,75.3902,0,0,0
"MtrElec",9,6,7,"",87.4388,0,0,0,0,0,0,0,0,0,0,0,0,0,0,0,0,0,0,0,0,89.5509,0,0,-2.11216
"MtrElec",9,6,8,"",94.2292,0,0,0,0,0,0,0,0,0,0,0,0,0,0,0,0,0,0,0,0,127.972,0,0,-33.7431
"MtrElec",9,6,9,"",59.4653,0,0,0,0,0,0,0,0,0,0,0,0,0,0,0,0,0,0,0,0,161.104,0,0,-101.638
"MtrElec",9,6,10,"",36.587,0,0,0,0,0,0,0,0,0,0,0,0,0,0,0,0,0,0,0,0,199.844,0,0,-163.257
"MtrElec",9,6,11,"",0.0000020,0,0,0,0,0,0,0,0,0,0,0,0,0,0,0,0,0,0,0,0,184.801,0,26.5936,-211.395
"MtrElec",9,6,12,"",0.0000020,0,0,0,0,0,0,0,0,0,0,0,0,0,0,0,0,0,0,0,0,214.966,0,27.0216,-241.988
"MtrElec",9,6,13,"",0,0,0,0,0,0,0,0,0,0,0,0,0,0,0,0,0,0,0,0,0,195.303,0,60.4191,-255.722
"MtrElec",9,6,14,"",0,0,0,0,0,0,0,0,0,0,0,0,0,0,0,0,0,0,0,0,0,214.168,0,38.046,-252.214
"MtrElec",9,6,15,"",0.0000010,0,0,0,0,0,0,0,0,0,0,0,0,0,0,0,0,0,0,0,0,220.874,0,11.8259,-232.7
"MtrElec",9,6,16,"",15.8456,0,0,0,0,0,0,0,0,0,0,0,0,0,0,0,0,0,0,0,0,208.915,0,0,-193.07
"MtrElec",9,6,17,"",66.5422,0,0,0,0,0,0,0,0,0,0,0,0,0,0,0,0,0,0,0,0,195.101,0,0,-128.558
"MtrElec",9,6,18,"",162.712,0,0,0,0,0,0,0,0,0,0,0,0,0,0,0,0,0,0,0,0,224.762,0,0,-62.0505
"MtrElec",9,6,19,"",115.612,0,0,0,0,0,0,0,0,0,0,0,0,0,0,0,0,0,0,0,0,225.103,0,-94.4224,-15.0687
"MtrElec",9,6,20,"",153.73,0,0,0,0,0,0,0,0,0,0,0,0,0,0,0,0,0,0,0,0,207.233,0,-53.5029,0
"MtrElec",9,6,21,"",223.958,0,0,0,0,0,0,0,0,0,0,0,0,0,0,0,0,0,0,0,0,223.958,0,0,0
"MtrElec",9,6,22,"",197.527,0,0,0,0,0,0,0,0,0,0,0,0,0,0,0,0,0,0,0,0,197.527,0,0,0
"MtrElec",9,6,23,"",162.419,0,0,0,0,0,0,0,0,0,0,0,0,0,0,0,0,0,0,0,0,162.419,0,0,0
"MtrElec",9,6,24,"",124.053,0,0,0,0,0,0,0,0,0,0,0,0,0,0,0,0,0,0,0,0,124.053,0,0,0
"MtrElec",9,7,1,"",95.2035,0,0,0,0,0,0,0,0,0,0,0,0,0,0,0,0,0,0,0,0,95.2035,0,0,0
"MtrElec",9,7,2,"",81.8873,0,0,0,0,0,0,0,0,0,0,0,0,0,0,0,0,0,0,0,0,81.8873,0,0,0
"MtrElec",9,7,3,"",73.0147,0,0,0,0,0,0,0,0,0,0,0,0,0,0,0,0,0,0,0,0,73.0147,0,0,0
"MtrElec",9,7,4,"",70.9903,0,0,0,0,0,0,0,0,0,0,0,0,0,0,0,0,0,0,0,0,70.9903,0,0,0
"MtrElec",9,7,5,"",88.1516,0,0,0,0,0,0,0,0,0,0,0,0,0,0,0,0,0,0,0,0,88.1516,0,0,0
"MtrElec",9,7,6,"",79.392,0,0,0,0,0,0,0,0,0,0,0,0,0,0,0,0,0,0,0,0,79.392,0,0,0
"MtrElec",9,7,7,"",103.618,0,0,0,0,0,0,0,0,0,0,0,0,0,0,0,0,0,0,0,0,105.454,0,0,-1.83548
"MtrElec",9,7,8,"",112.172,0,0,0,0,0,0,0,0,0,0,0,0,0,0,0,0,0,0,0,0,146.837,0,0,-34.6645
"MtrElec",9,7,9,"",84.0298,0,0,0,0,0,0,0,0,0,0,0,0,0,0,0,0,0,0,0,0,186.915,0,0,-102.885
"MtrElec",9,7,10,"",40.1974,0,0,0,0,0,0,0,0,0,0,0,0,0,0,0,0,0,0,0,0,205.116,0,0,-164.918
"MtrElec",9,7,11,"",1.47416,0,0,0,0,0,0,0,0,0,0,0,0,0,0,0,0,0,0,0,0,215.342,0,0,-213.867
"MtrElec",9,7,12,"",0,0,0,0,0,0,0,0,0,0,0,0,0,0,0,0,0,0,0,0,0,229.764,0,15.6652,-245.429
"MtrElec",9,7,13,"",0,0,0,0,0,0,0,0,0,0,0,0,0,0,0,0,0,0,0,0,0,234.892,0,27.293,-262.185
"MtrElec",9,7,14,"",0,0,0,0,0,0,0,0,0,0,0,0,0,0,0,0,0,0,0,0,0,232.764,0,27.1465,-259.91
"MtrElec",9,7,15,"",0.0000039,0,0,0,0,0,0,0,0,0,0,0,0,0,0,0,0,0,0,0,0,198.315,0,42.5496,-240.864
"MtrElec",9,7,16,"",0,0,0,0,0,0,0,0,0,0,0,0,0,0,0,0,0,0,0,0,0,181.36,0,21.4635,-202.824
"MtrElec",9,7,17,"",81.8479,0,0,0,0,0,0,0,0,0,0,0,0,0,0,0,0,0,0,0,0,225.148,0,0,-143.3
"MtrElec",9,7,18,"",165.71,0,0,0,0,0,0,0,0,0,0,0,0,0,0,0,0,0,0,0,0,240.09,0,0,-74.3802
"MtrElec",9,7,19,"",103.296,0,0,0,0,0,0,0,0,0,0,0,0,0,0,0,0,0,0,0,0,212.926,0,-94.4224,-15.2077
"MtrElec",9,7,20,"",163.818,0,0,0,0,0,0,0,0,0,0,0,0,0,0,0,0,0,0,0,0,190.437,0,-26.6189,0
"MtrElec",9,7,21,"",148.858,0,0,0,0,0,0,0,0,0,0,0,0,0,0,0,0,0,0,0,0,148.858,0,0,0
"MtrElec",9,7,22,"",173.503,0,0,0,0,0,0,0,0,0,0,0,0,0,0,0,0,0,0,0,0,173.503,0,0,0
"MtrElec",9,7,23,"",126.088,0,0,0,0,0,0,0,0,0,0,0,0,0,0,0,0,0,0,0,0,126.088,0,0,0
"MtrElec",9,7,24,"",125.578,0,0,0,0,0,0,0,0,0,0,0,0,0,0,0,0,0,0,0,0,125.578,0,0,0
"MtrElec",9,8,1,"",90.0672,0,0,0,0,0,0,0,0,0,0,0,0,0,0,0,0,0,0,0,0,90.0672,0,0,0
"MtrElec",9,8,2,"",70.3164,0,0,0,0,0,0,0,0,0,0,0,0,0,0,0,0,0,0,0,0,70.3164,0,0,0
"MtrElec",9,8,3,"",65.8301,0,0,0,0,0,0,0,0,0,0,0,0,0,0,0,0,0,0,0,0,65.8301,0,0,0
"MtrElec",9,8,4,"",63.7729,0,0,0,0,0,0,0,0,0,0,0,0,0,0,0,0,0,0,0,0,63.7729,0,0,0
"MtrElec",9,8,5,"",63.0632,0,0,0,0,0,0,0,0,0,0,0,0,0,0,0,0,0,0,0,0,63.0632,0,0,0
"MtrElec",9,8,6,"",70.3535,0,0,0,0,0,0,0,0,0,0,0,0,0,0,0,0,0,0,0,0,70.3535,0,0,0
"MtrElec",9,8,7,"",116.532,0,0,0,0,0,0,0,0,0,0,0,0,0,0,0,0,0,0,0,0,118.86,0,0,-2.32732
"MtrElec",9,8,8,"",89.9259,0,0,0,0,0,0,0,0,0,0,0,0,0,0,0,0,0,0,0,0,119.627,0,0,-29.701
"MtrElec",9,8,9,"",104.886,0,0,0,0,0,0,0,0,0,0,0,0,0,0,0,0,0,0,0,0,177.579,0,0,-72.6933
"MtrElec",9,8,10,"",0,0,0,0,0,0,0,0,0,0,0,0,0,0,0,0,0,0,0,0,0,170.942,0,1.21705,-172.159
"MtrElec",9,8,11,"",0.0000039,0,0,0,0,0,0,0,0,0,0,0,0,0,0,0,0,0,0,0,0,164.691,0,57.4252,-222.117
"MtrElec",9,8,12,"",0,0,0,0,0,0,0,0,0,0,0,0,0,0,0,0,0,0,0,0,0,186.857,0,66.4475,-253.305
"MtrElec",9,8,13,"",-29.8144,0,0,0,0,0,0,0,0,0,0,0,0,0,0,0,0,0,0,0,0,144.485,0,94.4224,-268.722
"MtrElec",9,8,14,"",-13.6543,0,0,0,0,0,0,0,0,0,0,0,0,0,0,0,0,0,0,0,0,157.162,0,94.4224,-265.239
"MtrElec",9,8,15,"",-70.8085,0,0,0,0,0,0,0,0,0,0,0,0,0,0,0,0,0,0,0,0,136.294,0,38.3639,-245.466
"MtrElec",9,8,16,"",-62.8992,0,0,0,0,0,0,0,0,0,0,0,0,0,0,0,0,0,0,0,0,143.392,0,0,-206.291
"MtrElec",9,8,17,"",27.5838,0,0,0,0,0,0,0,0,0,0,0,0,0,0,0,0,0,0,0,0,176.477,0,0,-148.893
"MtrElec",9,8,18,"",123.628,0,0,0,0,0,0,0,0,0,0,0,0,0,0,0,0,0,0,0,0,201.944,0,0,-78.3165
"MtrElec",9,8,19,"",86.1973,0,0,0,0,0,0,0,0,0,0,0,0,0,0,0,0,0,0,0,0,195.74,0,-94.4224,-15.12
"MtrElec",9,8,20,"",126.761,0,0,0,0,0,0,0,0,0,0,0,0,0,0,0,0,0,0,0,0,221.184,0,-94.4224,0
"MtrElec",9,8,21,"",96.2302,0,0,0,0,0,0,0,0,0,0,0,0,0,0,0,0,0,0,0,0,190.653,0,-94.4224,0
"MtrElec",9,8,22,"",143.567,0,0,0,0,0,0,0,0,0,0,0,0,0,0,0,0,0,0,0,0,178.249,0,-34.6821,0
"MtrElec",9,8,23,"",136.337,0,0,0,0,0,0,0,0,0,0,0,0,0,0,0,0,0,0,0,0,136.337,0,0,0
"MtrElec",9,8,24,"",149.19,0,0,0,0,0,0,0,0,0,0,0,0,0,0,0,0,0,0,0,0,149.19,0,0,0
"MtrElec",9,9,1,"",76.3487,0,0,0,0,0,0,0,0,0,0,0,0,0,0,0,0,0,0,0,0,76.3487,0,0,0
"MtrElec",9,9,2,"",65.6724,0,0,0,0,0,0,0,0,0,0,0,0,0,0,0,0,0,0,0,0,65.6724,0,0,0
"MtrElec",9,9,3,"",63.7845,0,0,0,0,0,0,0,0,0,0,0,0,0,0,0,0,0,0,0,0,63.7845,0,0,0
"MtrElec",9,9,4,"",63.7569,0,0,0,0,0,0,0,0,0,0,0,0,0,0,0,0,0,0,0,0,63.7569,0,0,0
"MtrElec",9,9,5,"",62.9127,0,0,0,0,0,0,0,0,0,0,0,0,0,0,0,0,0,0,0,0,62.9127,0,0,0
"MtrElec",9,9,6,"",69.7008,0,0,0,0,0,0,0,0,0,0,0,0,0,0,0,0,0,0,0,0,69.7008,0,0,0
"MtrElec",9,9,7,"",96.28,0,0,0,0,0,0,0,0,0,0,0,0,0,0,0,0,0,0,0,0,98.459,0,0,-2.17896
"MtrElec",9,9,8,"",127.684,0,0,0,0,0,0,0,0,0,0,0,0,0,0,0,0,0,0,0,0,143.741,0,0,-16.0572
"MtrElec",9,9,9,"",81.8987,0,0,0,0,0,0,0,0,0,0,0,0,0,0,0,0,0,0,0,0,148.913,0,0,-67.0146
"MtrElec",9,9,10,"",0,0,0,0,0,0,0,0,0,0,0,0,0,0,0,0,0,0,0,0,0,160.989,0,14.9162,-175.905
"MtrElec",9,9,11,"",0,0,0,0,0,0,0,0,0,0,0,0,0,0,0,0,0,0,0,0,0,167.76,0,51.9465,-219.707
"MtrElec",9,9,12,"",-35.345,0,0,0,0,0,0,0,0,0,0,0,0,0,0,0,0,0,0,0,0,129.993,0,94.4224,-259.761
"MtrElec",9,9,13,"",0,0,0,0,0,0,0,0,0,0,0,0,0,0,0,0,0,0,0,0,0,187.262,0,91.0275,-278.29
"MtrElec",9,9,14,"",-67.2135,0,0,0,0,0,0,0,0,0,0,0,0,0,0,0,0,0,0,0,0,110.981,0,94.4224,-272.617
"MtrElec",9,9,15,"",-119.459,0,0,0,0,0,0,0,0,0,0,0,0,0,0,0,0,0,0,0,0,124.046,0,5.56342,-249.069
"MtrElec",9,9,16,"",-58.7176,0,0,0,0,0,0,0,0,0,0,0,0,0,0,0,0,0,0,0,0,150.904,0,0,-209.622
"MtrElec",9,9,17,"",4.15173,0,0,0,0,0,0,0,0,0,0,0,0,0,0,0,0,0,0,0,0,156.848,0,0,-152.696
"MtrElec",9,9,18,"",87.5509,0,0,0,0,0,0,0,0,0,0,0,0,0,0,0,0,0,0,0,0,168.936,0,0,-81.3848
"MtrElec",9,9,19,"",105.242,0,0,0,0,0,0,0,0,0,0,0,0,0,0,0,0,0,0,0,0,214.816,0,-94.4224,-15.1516
"MtrElec",9,9,20,"",103.631,0,0,0,0,0,0,0,0,0,0,0,0,0,0,0,0,0,0,0,0,198.054,0,-94.4224,0
"MtrElec",9,9,21,"",105.129,0,0,0,0,0,0,0,0,0,0,0,0,0,0,0,0,0,0,0,0,199.552,0,-94.4224,0
"MtrElec",9,9,22,"",101.365,0,0,0,0,0,0,0,0,0,0,0,0,0,0,0,0,0,0,0,0,136.047,0,-34.6821,0
"MtrElec",9,9,23,"",170.149,0,0,0,0,0,0,0,0,0,0,0,0,0,0,0,0,0,0,0,0,170.149,0,0,0
"MtrElec",9,9,24,"",103.333,0,0,0,0,0,0,0,0,0,0,0,0,0,0,0,0,0,0,0,0,103.333,0,0,0
"MtrElec",9,10,1,"",70.2235,0,0,0,0,0,0,0,0,0,0,0,0,0,0,0,0,0,0,0,0,70.2235,0,0,0
"MtrElec",9,10,2,"",66.75,0,0,0,0,0,0,0,0,0,0,0,0,0,0,0,0,0,0,0,0,66.75,0,0,0
"MtrElec",9,10,3,"",69.6182,0,0,0,0,0,0,0,0,0,0,0,0,0,0,0,0,0,0,0,0,69.6182,0,0,0
"MtrElec",9,10,4,"",69.0771,0,0,0,0,0,0,0,0,0,0,0,0,0,0,0,0,0,0,0,0,69.0771,0,0,0
"MtrElec",9,10,5,"",68.8392,0,0,0,0,0,0,0,0,0,0,0,0,0,0,0,0,0,0,0,0,68.8392,0,0,0
"MtrElec",9,10,6,"",93.87,0,0,0,0,0,0,0,0,0,0,0,0,0,0,0,0,0,0,0,0,93.87,0,0,0
"MtrElec",9,10,7,"",74.3083,0,0,0,0,0,0,0,0,0,0,0,0,0,0,0,0,0,0,0,0,76.6786,0,0,-2.3703
"MtrElec",9,10,8,"",133.457,0,0,0,0,0,0,0,0,0,0,0,0,0,0,0,0,0,0,0,0,151.043,0,0,-17.5858
"MtrElec",9,10,9,"",93.3959,0,0,0,0,0,0,0,0,0,0,0,0,0,0,0,0,0,0,0,0,140.997,0,0,-47.6015
"MtrElec",9,10,10,"",0,0,0,0,0,0,0,0,0,0,0,0,0,0,0,0,0,0,0,0,0,94.1798,0,69.3412,-163.521
"MtrElec",9,10,11,"",-11.7297,0,0,0,0,0,0,0,0,0,0,0,0,0,0,0,0,0,0,0,0,119.942,0,94.4224,-226.094
"MtrElec",9,10,12,"",-59.0539,0,0,0,0,0,0,0,0,0,0,0,0,0,0,0,0,0,0,0,0,105.038,0,94.4224,-258.514
"MtrElec",9,10,13,"",-71.8349,0,0,0,0,0,0,0,0,0,0,0,0,0,0,0,0,0,0,0,0,107.094,0,94.1124,-273.041
"MtrElec",9,10,14,"",-151.355,0,0,0,0,0,0,0,0,0,0,0,0,0,0,0,0,0,0,0,0,115.556,0,0,-266.91
"MtrElec",9,10,15,"",-125.783,0,0,0,0,0,0,0,0,0,0,0,0,0,0,0,0,0,0,0,0,120.432,0,0,-246.215
"MtrElec",9,10,16,"",-43.4632,0,0,0,0,0,0,0,0,0,0,0,0,0,0,0,0,0,0,0,0,163.049,0,0,-206.512
"MtrElec",9,10,17,"",28.1192,0,0,0,0,0,0,0,0,0,0,0,0,0,0,0,0,0,0,0,0,177.265,0,0,-149.146
"MtrElec",9,10,18,"",99.4827,0,0,0,0,0,0,0,0,0,0,0,0,0,0,0,0,0,0,0,0,178.564,0,0,-79.0814
"MtrElec",9,10,19,"",94.9802,0,0,0,0,0,0,0,0,0,0,0,0,0,0,0,0,0,0,0,0,203.779,0,-94.4224,-14.3762
"MtrElec",9,10,20,"",99.4226,0,0,0,0,0,0,0,0,0,0,0,0,0,0,0,0,0,0,0,0,193.845,0,-94.4224,0
"MtrElec",9,10,21,"",74.414,0,0,0,0,0,0,0,0,0,0,0,0,0,0,0,0,0,0,0,0,168.836,0,-94.4224,0
"MtrElec",9,10,22,"",102.084,0,0,0,0,0,0,0,0,0,0,0,0,0,0,0,0,0,0,0,0,136.766,0,-34.6821,0
"MtrElec",9,10,23,"",168.518,0,0,0,0,0,0,0,0,0,0,0,0,0,0,0,0,0,0,0,0,168.518,0,0,0
"MtrElec",9,10,24,"",112.792,0,0,0,0,0,0,0,0,0,0,0,0,0,0,0,0,0,0,0,0,112.792,0,0,0
"MtrElec",9,11,1,"",77.0065,0,0,0,0,0,0,0,0,0,0,0,0,0,0,0,0,0,0,0,0,77.0065,0,0,0
"MtrElec",9,11,2,"",67.0632,0,0,0,0,0,0,0,0,0,0,0,0,0,0,0,0,0,0,0,0,67.0632,0,0,0
"MtrElec",9,11,3,"",63.3918,0,0,0,0,0,0,0,0,0,0,0,0,0,0,0,0,0,0,0,0,63.3918,0,0,0
"MtrElec",9,11,4,"",62.1753,0,0,0,0,0,0,0,0,0,0,0,0,0,0,0,0,0,0,0,0,62.1753,0,0,0
"MtrElec",9,11,5,"",60.9698,0,0,0,0,0,0,0,0,0,0,0,0,0,0,0,0,0,0,0,0,60.9698,0,0,0
"MtrElec",9,11,6,"",66.33,0,0,0,0,0,0,0,0,0,0,0,0,0,0,0,0,0,0,0,0,66.33,0,0,0
"MtrElec",9,11,7,"",109.889,0,0,0,0,0,0,0,0,0,0,0,0,0,0,0,0,0,0,0,0,111.873,0,0,-1.98406
"MtrElec",9,11,8,"",96.4755,0,0,0,0,0,0,0,0,0,0,0,0,0,0,0,0,0,0,0,0,131.182,0,0,-34.7066
"MtrElec",9,11,9,"",63.7784,0,0,0,0,0,0,0,0,0,0,0,0,0,0,0,0,0,0,0,0,168.574,0,0,-104.796
"MtrElec",9,11,10,"",19.9368,0,0,0,0,0,0,0,0,0,0,0,0,0,0,0,0,0,0,0,0,187.285,0,0,-167.348
"MtrElec",9,11,11,"",0,0,0,0,0,0,0,0,0,0,0,0,0,0,0,0,0,0,0,0,0,186.016,0,28.9571,-214.973
"MtrElec",9,11,12,"",0,0,0,0,0,0,0,0,0,0,0,0,0,0,0,0,0,0,0,0,0,181.896,0,68.2093,-250.105
"MtrElec",9,11,13,"",0,0,0,0,0,0,0,0,0,0,0,0,0,0,0,0,0,0,0,0,0,222.08,0,42.6329,-264.713
"MtrElec",9,11,14,"",-18.5438,0,0,0,0,0,0,0,0,0,0,0,0,0,0,0,0,0,0,0,0,146.601,0,94.4224,-259.567
"MtrElec",9,11,15,"",-1.81593,0,0,0,0,0,0,0,0,0,0,0,0,0,0,0,0,0,0,0,0,142.361,0,94.4224,-238.6
"MtrElec",9,11,16,"",-22.166,0,0,0,0,0,0,0,0,0,0,0,0,0,0,0,0,0,0,0,0,152.94,0,23.6544,-198.76
"MtrElec",9,11,17,"",59.7098,0,0,0,0,0,0,0,0,0,0,0,0,0,0,0,0,0,0,0,0,202.199,0,0,-142.49
"MtrElec",9,11,18,"",113.898,0,0,0,0,0,0,0,0,0,0,0,0,0,0,0,0,0,0,0,0,187.758,0,0,-73.8607
"MtrElec",9,11,19,"",84.2849,0,0,0,0,0,0,0,0,0,0,0,0,0,0,0,0,0,0,0,0,191.656,0,-94.4224,-12.9492
"MtrElec",9,11,20,"",111.531,0,0,0,0,0,0,0,0,0,0,0,0,0,0,0,0,0,0,0,0,205.953,0,-94.4224,0
"MtrElec",9,11,21,"",116.953,0,0,0,0,0,0,0,0,0,0,0,0,0,0,0,0,0,0,0,0,211.376,0,-94.4224,0
"MtrElec",9,11,22,"",102.442,0,0,0,0,0,0,0,0,0,0,0,0,0,0,0,0,0,0,0,0,137.124,0,-34.6821,0
"MtrElec",9,11,23,"",126.113,0,0,0,0,0,0,0,0,0,0,0,0,0,0,0,0,0,0,0,0,126.113,0,0,0
"MtrElec",9,11,24,"",142.012,0,0,0,0,0,0,0,0,0,0,0,0,0,0,0,0,0,0,0,0,142.012,0,0,0
"MtrElec",9,12,1,"",78.7867,0,0,0,0,0,0,0,0,0,0,0,0,0,0,0,0,0,0,0,0,78.7867,0,0,0
"MtrElec",9,12,2,"",71.067,0,0,0,0,0,0,0,0,0,0,0,0,0,0,0,0,0,0,0,0,71.067,0,0,0
"MtrElec",9,12,3,"",65.4384,0,0,0,0,0,0,0,0,0,0,0,0,0,0,0,0,0,0,0,0,65.4384,0,0,0
"MtrElec",9,12,4,"",64.7126,0,0,0,0,0,0,0,0,0,0,0,0,0,0,0,0,0,0,0,0,64.7126,0,0,0
"MtrElec",9,12,5,"",69.7162,0,0,0,0,0,0,0,0,0,0,0,0,0,0,0,0,0,0,0,0,69.7162,0,0,0
"MtrElec",9,12,6,"",66.4746,0,0,0,0,0,0,0,0,0,0,0,0,0,0,0,0,0,0,0,0,66.4746,0,0,0
"MtrElec",9,12,7,"",70.9757,0,0,0,0,0,0,0,0,0,0,0,0,0,0,0,0,0,0,0,0,72.5953,0,0,-1.61962
"MtrElec",9,12,8,"",100.976,0,0,0,0,0,0,0,0,0,0,0,0,0,0,0,0,0,0,0,0,134.475,0,0,-33.499
"MtrElec",9,12,9,"",68.064,0,0,0,0,0,0,0,0,0,0,0,0,0,0,0,0,0,0,0,0,170.461,0,0,-102.397
"MtrElec",9,12,10,"",37.5622,0,0,0,0,0,0,0,0,0,0,0,0,0,0,0,0,0,0,0,0,201.343,0,0,-163.781
"MtrElec",9,12,11,"",0.0000020,0,0,0,0,0,0,0,0,0,0,0,0,0,0,0,0,0,0,0,0,184.478,0,29.1877,-213.666
"MtrElec",9,12,12,"",0,0,0,0,0,0,0,0,0,0,0,0,0,0,0,0,0,0,0,0,0,191.54,0,55.8293,-247.369
"MtrElec",9,12,13,"",0,0,0,0,0,0,0,0,0,0,0,0,0,0,0,0,0,0,0,0,0,213.683,0,47.1784,-260.861
"MtrElec",9,12,14,"",0,0,0,0,0,0,0,0,0,0,0,0,0,0,0,0,0,0,0,0,0,198.919,0,57.4169,-256.336
"MtrElec",9,12,15,"",0.0000020,0,0,0,0,0,0,0,0,0,0,0,0,0,0,0,0,0,0,0,0,216.71,0,17.8688,-234.579
"MtrElec",9,12,16,"",11.3292,0,0,0,0,0,0,0,0,0,0,0,0,0,0,0,0,0,0,0,0,205.273,0,0,-193.943
"MtrElec",9,12,17,"",79.21,0,0,0,0,0,0,0,0,0,0,0,0,0,0,0,0,0,0,0,0,217.065,0,0,-137.855
"MtrElec",9,12,18,"",113.962,0,0,0,0,0,0,0,0,0,0,0,0,0,0,0,0,0,0,0,0,183.725,0,0,-69.7632
"MtrElec",9,12,19,"",129.015,0,0,0,0,0,0,0,0,0,0,0,0,0,0,0,0,0,0,0,0,235.42,0,-94.4224,-11.9817
"MtrElec",9,12,20,"",137.107,0,0,0,0,0,0,0,0,0,0,0,0,0,0,0,0,0,0,0,0,229.936,0,-92.8294,0
"MtrElec",9,12,21,"",177.162,0,0,0,0,0,0,0,0,0,0,0,0,0,0,0,0,0,0,0,0,177.162,0,0,0
"MtrElec",9,12,22,"",135.161,0,0,0,0,0,0,0,0,0,0,0,0,0,0,0,0,0,0,0,0,135.161,0,0,0
"MtrElec",9,12,23,"",159.222,0,0,0,0,0,0,0,0,0,0,0,0,0,0,0,0,0,0,0,0,159.222,0,0,0
"MtrElec",9,12,24,"",126.034,0,0,0,0,0,0,0,0,0,0,0,0,0,0,0,0,0,0,0,0,126.034,0,0,0
"MtrElec",9,13,1,"",95.6225,0,0,0,0,0,0,0,0,0,0,0,0,0,0,0,0,0,0,0,0,95.6225,0,0,0
"MtrElec",9,13,2,"",72.0269,0,0,0,0,0,0,0,0,0,0,0,0,0,0,0,0,0,0,0,0,72.0269,0,0,0
"MtrElec",9,13,3,"",73.6886,0,0,0,0,0,0,0,0,0,0,0,0,0,0,0,0,0,0,0,0,73.6886,0,0,0
"MtrElec",9,13,4,"",73.9155,0,0,0,0,0,0,0,0,0,0,0,0,0,0,0,0,0,0,0,0,73.9155,0,0,0
"MtrElec",9,13,5,"",93.4421,0,0,0,0,0,0,0,0,0,0,0,0,0,0,0,0,0,0,0,0,93.4421,0,0,0
"MtrElec",9,13,6,"",67.1089,0,0,0,0,0,0,0,0,0,0,0,0,0,0,0,0,0,0,0,0,67.1089,0,0,0
"MtrElec",9,13,7,"",97.8183,0,0,0,0,0,0,0,0,0,0,0,0,0,0,0,0,0,0,0,0,99.0943,0,0,-1.27608
"MtrElec",9,13,8,"",64.7018,0,0,0,0,0,0,0,0,0,0,0,0,0,0,0,0,0,0,0,0,98.2219,0,0,-33.52
"MtrElec",9,13,9,"",32.6216,0,0,0,0,0,0,0,0,0,0,0,0,0,0,0,0,0,0,0,0,134.164,0,0,-101.542
"MtrElec",9,13,10,"",38.4465,0,0,0,0,0,0,0,0,0,0,0,0,0,0,0,0,0,0,0,0,205.733,0,0,-167.286
"MtrElec",9,13,11,"",70.1676,0,0,0,0,0,0,0,0,0,0,0,0,0,0,0,0,0,0,0,0,289.087,0,0,-218.92
"MtrElec",9,13,12,"",0,0,0,0,0,0,0,0,0,0,0,0,0,0,0,0,0,0,0,0,0,202.197,0,49.5391,-251.736
"MtrElec",9,13,13,"",0,0,0,0,0,0,0,0,0,0,0,0,0,0,0,0,0,0,0,0,0,197.598,0,68.3084,-265.906
"MtrElec",9,13,14,"",0,0,0,0,0,0,0,0,0,0,0,0,0,0,0,0,0,0,0,0,0,186.383,0,75.9608,-262.344
"MtrElec",9,13,15,"",0,0,0,0,0,0,0,0,0,0,0,0,0,0,0,0,0,0,0,0,0,190.468,0,47.3499,-237.818
"MtrElec",9,13,16,"",0,0,0,0,0,0,0,0,0,0,0,0,0,0,0,0,0,0,0,0,0,180.715,0,15.6277,-196.343
"MtrElec",9,13,17,"",57.59,0,0,0,0,0,0,0,0,0,0,0,0,0,0,0,0,0,0,0,0,193.953,0,0,-136.363
"MtrElec",9,13,18,"",135.066,0,0,0,0,0,0,0,0,0,0,0,0,0,0,0,0,0,0,0,0,200.093,0,0,-65.0273
"MtrElec",9,13,19,"",72.1754,0,0,0,0,0,0,0,0,0,0,0,0,0,0,0,0,0,0,0,0,177.667,0,-94.4224,-11.0692
"MtrElec",9,13,20,"",125.329,0,0,0,0,0,0,0,0,0,0,0,0,0,0,0,0,0,0,0,0,219.751,0,-94.4224,0
"MtrElec",9,13,21,"",168.894,0,0,0,0,0,0,0,0,0,0,0,0,0,0,0,0,0,0,0,0,211.798,0,-42.9044,0
"MtrElec",9,13,22,"",199.014,0,0,0,0,0,0,0,0,0,0,0,0,0,0,0,0,0,0,0,0,199.014,0,0,0
"MtrElec",9,13,23,"",102.622,0,0,0,0,0,0,0,0,0,0,0,0,0,0,0,0,0,0,0,0,102.622,0,0,0
"MtrElec",9,13,24,"",112.942,0,0,0,0,0,0,0,0,0,0,0,0,0,0,0,0,0,0,0,0,112.942,0,0,0
"MtrElec",9,14,1,"",81.4416,0,0,0,0,0,0,0,0,0,0,0,0,0,0,0,0,0,0,0,0,81.4416,0,0,0
"MtrElec",9,14,2,"",72.0122,0,0,0,0,0,0,0,0,0,0,0,0,0,0,0,0,0,0,0,0,72.0122,0,0,0
"MtrElec",9,14,3,"",66.2662,0,0,0,0,0,0,0,0,0,0,0,0,0,0,0,0,0,0,0,0,66.2662,0,0,0
"MtrElec",9,14,4,"",63.4272,0,0,0,0,0,0,0,0,0,0,0,0,0,0,0,0,0,0,0,0,63.4272,0,0,0
"MtrElec",9,14,5,"",62.4797,0,0,0,0,0,0,0,0,0,0,0,0,0,0,0,0,0,0,0,0,62.4797,0,0,0
"MtrElec",9,14,6,"",72.94,0,0,0,0,0,0,0,0,0,0,0,0,0,0,0,0,0,0,0,0,72.94,0,0,0
"MtrElec",9,14,7,"",118.249,0,0,0,0,0,0,0,0,0,0,0,0,0,0,0,0,0,0,0,0,118.249,0,0,0
"MtrElec",9,14,8,"",115.966,0,0,0,0,0,0,0,0,0,0,0,0,0,0,0,0,0,0,0,0,129.687,0,0,-13.721
"MtrElec",9,14,9,"",103.212,0,0,0,0,0,0,0,0,0,0,0,0,0,0,0,0,0,0,0,0,140.169,0,0,-36.9576
"MtrElec",9,14,10,"",103.199,0,0,0,0,0,0,0,0,0,0,0,0,0,0,0,0,0,0,0,0,157.154,0,0,-53.9551
"MtrElec",9,14,11,"",73.1316,0,0,0,0,0,0,0,0,0,0,0,0,0,0,0,0,0,0,0,0,132.803,0,0,-59.6709
"MtrElec",9,14,12,"",25.1208,0,0,0,0,0,0,0,0,0,0,0,0,0,0,0,0,0,0,0,0,125.176,0,0,-100.055
"MtrElec",9,14,13,"",0,0,0,0,0,0,0,0,0,0,0,0,0,0,0,0,0,0,0,0,0,88.5512,0,49.5885,-138.14
"MtrElec",9,14,14,"",0,0,0,0,0,0,0,0,0,0,0,0,0,0,0,0,0,0,0,0,0,87.7674,0,75.1869,-162.954
"MtrElec",9,14,15,"",-1.32001,0,0,0,0,0,0,0,0,0,0,0,0,0,0,0,0,0,0,0,0,118.142,0,94.4224,-213.884
"MtrElec",9,14,16,"",0,0,0,0,0,0,0,0,0,0,0,0,0,0,0,0,0,0,0,0,0,103.194,0,91.5954,-194.789
"MtrElec",9,14,17,"",2.08087,0,0,0,0,0,0,0,0,0,0,0,0,0,0,0,0,0,0,0,0,127.619,0,0,-125.538
"MtrElec",9,14,18,"",106.573,0,0,0,0,0,0,0,0,0,0,0,0,0,0,0,0,0,0,0,0,166.718,0,0,-60.1448
"MtrElec",9,14,19,"",44.5282,0,0,0,0,0,0,0,0,0,0,0,0,0,0,0,0,0,0,0,0,150.249,0,-94.4224,-11.2982
"MtrElec",9,14,20,"",109.04,0,0,0,0,0,0,0,0,0,0,0,0,0,0,0,0,0,0,0,0,203.463,0,-94.4224,0
"MtrElec",9,14,21,"",67.8483,0,0,0,0,0,0,0,0,0,0,0,0,0,0,0,0,0,0,0,0,159.494,0,-91.646,0
"MtrElec",9,14,22,"",146.678,0,0,0,0,0,0,0,0,0,0,0,0,0,0,0,0,0,0,0,0,146.678,0,0,0
"MtrElec",9,14,23,"",138.648,0,0,0,0,0,0,0,0,0,0,0,0,0,0,0,0,0,0,0,0,138.648,0,0,0
"MtrElec",9,14,24,"",129.91,0,0,0,0,0,0,0,0,0,0,0,0,0,0,0,0,0,0,0,0,129.91,0,0,0
"MtrElec",9,15,1,"",68.9355,0,0,0,0,0,0,0,0,0,0,0,0,0,0,0,0,0,0,0,0,68.9355,0,0,0
"MtrElec",9,15,2,"",64.8897,0,0,0,0,0,0,0,0,0,0,0,0,0,0,0,0,0,0,0,0,64.8897,0,0,0
"MtrElec",9,15,3,"",62.722,0,0,0,0,0,0,0,0,0,0,0,0,0,0,0,0,0,0,0,0,62.722,0,0,0
"MtrElec",9,15,4,"",62.32,0,0,0,0,0,0,0,0,0,0,0,0,0,0,0,0,0,0,0,0,62.32,0,0,0
"MtrElec",9,15,5,"",61.1913,0,0,0,0,0,0,0,0,0,0,0,0,0,0,0,0,0,0,0,0,61.1913,0,0,0
"MtrElec",9,15,6,"",66.4548,0,0,0,0,0,0,0,0,0,0,0,0,0,0,0,0,0,0,0,0,66.4548,0,0,0
"MtrElec",9,15,7,"",83.7799,0,0,0,0,0,0,0,0,0,0,0,0,0,0,0,0,0,0,0,0,84.9152,0,0,-1.13533
"MtrElec",9,15,8,"",119.932,0,0,0,0,0,0,0,0,0,0,0,0,0,0,0,0,0,0,0,0,131.249,0,0,-11.317
"MtrElec",9,15,9,"",70.1571,0,0,0,0,0,0,0,0,0,0,0,0,0,0,0,0,0,0,0,0,107.643,0,0,-37.4863
"MtrElec",9,15,10,"",50.041,0,0,0,0,0,0,0,0,0,0,0,0,0,0,0,0,0,0,0,0,152.233,0,0,-102.192
"MtrElec",9,15,11,"",-1.08493,0,0,0,0,0,0,0,0,0,0,0,0,0,0,0,0,0,0,0,0,133.168,0,94.4224,-228.675
"MtrElec",9,15,12,"",-33.6391,0,0,0,0,0,0,0,0,0,0,0,0,0,0,0,0,0,0,0,0,134.772,0,94.4224,-262.834
"MtrElec",9,15,13,"",-10.6396,0,0,0,0,0,0,0,0,0,0,0,0,0,0,0,0,0,0,0,0,171.844,0,94.4224,-276.906
"MtrElec",9,15,14,"",-93.6521,0,0,0,0,0,0,0,0,0,0,0,0,0,0,0,0,0,0,0,0,111.005,0,69.0312,-273.688
"MtrElec",9,15,15,"",-147.015,0,0,0,0,0,0,0,0,0,0,0,0,0,0,0,0,0,0,0,0,104.236,0,0,-251.251
"MtrElec",9,15,16,"",-102.105,0,0,0,0,0,0,0,0,0,0,0,0,0,0,0,0,0,0,0,0,107.334,0,0,-209.439
"MtrElec",9,15,17,"",-3.3263,0,0,0,0,0,0,0,0,0,0,0,0,0,0,0,0,0,0,0,0,147.185,0,0,-150.512
"MtrElec",9,15,18,"",73.0641,0,0,0,0,0,0,0,0,0,0,0,0,0,0,0,0,0,0,0,0,148.91,0,0,-75.8461
"MtrElec",9,15,19,"",47.0176,0,0,0,0,0,0,0,0,0,0,0,0,0,0,0,0,0,0,0,0,153.325,0,-94.4224,-11.8848
"MtrElec",9,15,20,"",85.3595,0,0,0,0,0,0,0,0,0,0,0,0,0,0,0,0,0,0,0,0,179.782,0,-94.4224,0
"MtrElec",9,15,21,"",74.9326,0,0,0,0,0,0,0,0,0,0,0,0,0,0,0,0,0,0,0,0,169.355,0,-94.4224,0
"MtrElec",9,15,22,"",113.735,0,0,0,0,0,0,0,0,0,0,0,0,0,0,0,0,0,0,0,0,148.417,0,-34.6821,0
"MtrElec",9,15,23,"",119.933,0,0,0,0,0,0,0,0,0,0,0,0,0,0,0,0,0,0,0,0,119.933,0,0,0
"MtrElec",9,15,24,"",116.726,0,0,0,0,0,0,0,0,0,0,0,0,0,0,0,0,0,0,0,0,116.726,0,0,0
"MtrElec",9,16,1,"",67.084,0,0,0,0,0,0,0,0,0,0,0,0,0,0,0,0,0,0,0,0,67.084,0,0,0
"MtrElec",9,16,2,"",63.2409,0,0,0,0,0,0,0,0,0,0,0,0,0,0,0,0,0,0,0,0,63.2409,0,0,0
"MtrElec",9,16,3,"",61.1073,0,0,0,0,0,0,0,0,0,0,0,0,0,0,0,0,0,0,0,0,61.1073,0,0,0
"MtrElec",9,16,4,"",60.8364,0,0,0,0,0,0,0,0,0,0,0,0,0,0,0,0,0,0,0,0,60.8364,0,0,0
"MtrElec",9,16,5,"",60.1622,0,0,0,0,0,0,0,0,0,0,0,0,0,0,0,0,0,0,0,0,60.1622,0,0,0
"MtrElec",9,16,6,"",65.8519,0,0,0,0,0,0,0,0,0,0,0,0,0,0,0,0,0,0,0,0,65.8519,0,0,0
"MtrElec",9,16,7,"",118.197,0,0,0,0,0,0,0,0,0,0,0,0,0,0,0,0,0,0,0,0,120.017,0,0,-1.81958
"MtrElec",9,16,8,"",81.572,0,0,0,0,0,0,0,0,0,0,0,0,0,0,0,0,0,0,0,0,117.562,0,0,-35.9902
"MtrElec",9,16,9,"",49.6877,0,0,0,0,0,0,0,0,0,0,0,0,0,0,0,0,0,0,0,0,161.123,0,0,-111.435
"MtrElec",9,16,10,"",0,0,0,0,0,0,0,0,0,0,0,0,0,0,0,0,0,0,0,0,0,156.473,0,22.1959,-178.669
"MtrElec",9,16,11,"",0,0,0,0,0,0,0,0,0,0,0,0,0,0,0,0,0,0,0,0,0,171.305,0,60.5746,-231.88
"MtrElec",9,16,12,"",-22.3619,0,0,0,0,0,0,0,0,0,0,0,0,0,0,0,0,0,0,0,0,154.258,0,94.4224,-271.043
"MtrElec",9,16,13,"",-3.04998,0,0,0,0,0,0,0,0,0,0,0,0,0,0,0,0,0,0,0,0,191.668,0,94.4224,-289.141
"MtrElec",9,16,14,"",-97.5727,0,0,0,0,0,0,0,0,0,0,0,0,0,0,0,0,0,0,0,0,104.32,0,80.6831,-282.576
"MtrElec",9,16,15,"",-145.863,0,0,0,0,0,0,0,0,0,0,0,0,0,0,0,0,0,0,0,0,109.966,0,0,-255.83
"MtrElec",9,16,16,"",-65.2616,0,0,0,0,0,0,0,0,0,0,0,0,0,0,0,0,0,0,0,0,145.087,0,0,-210.349
"MtrElec",9,16,17,"",0.716609,0,0,0,0,0,0,0,0,0,0,0,0,0,0,0,0,0,0,0,0,150.399,0,0,-149.682
"MtrElec",9,16,18,"",128.737,0,0,0,0,0,0,0,0,0,0,0,0,0,0,0,0,0,0,0,0,204.521,0,0,-75.7839
"MtrElec",9,16,19,"",82.0881,0,0,0,0,0,0,0,0,0,0,0,0,0,0,0,0,0,0,0,0,187.771,0,-94.4224,-11.2609
"MtrElec",9,16,20,"",112.957,0,0,0,0,0,0,0,0,0,0,0,0,0,0,0,0,0,0,0,0,207.379,0,-94.4224,0
"MtrElec",9,16,21,"",95.8286,0,0,0,0,0,0,0,0,0,0,0,0,0,0,0,0,0,0,0,0,190.251,0,-94.4224,0
"MtrElec",9,16,22,"",111.289,0,0,0,0,0,0,0,0,0,0,0,0,0,0,0,0,0,0,0,0,145.971,0,-34.6821,0
"MtrElec",9,16,23,"",123.093,0,0,0,0,0,0,0,0,0,0,0,0,0,0,0,0,0,0,0,0,123.093,0,0,0
"MtrElec",9,16,24,"",137.416,0,0,0,0,0,0,0,0,0,0,0,0,0,0,0,0,0,0,0,0,137.416,0,0,0
"MtrElec",9,17,1,"",68.1224,0,0,0,0,0,0,0,0,0,0,0,0,0,0,0,0,0,0,0,0,68.1224,0,0,0
"MtrElec",9,17,2,"",67.5921,0,0,0,0,0,0,0,0,0,0,0,0,0,0,0,0,0,0,0,0,67.5921,0,0,0
"MtrElec",9,17,3,"",62.6844,0,0,0,0,0,0,0,0,0,0,0,0,0,0,0,0,0,0,0,0,62.6844,0,0,0
"MtrElec",9,17,4,"",60.7746,0,0,0,0,0,0,0,0,0,0,0,0,0,0,0,0,0,0,0,0,60.7746,0,0,0
"MtrElec",9,17,5,"",60.1083,0,0,0,0,0,0,0,0,0,0,0,0,0,0,0,0,0,0,0,0,60.1083,0,0,0
"MtrElec",9,17,6,"",64.8129,0,0,0,0,0,0,0,0,0,0,0,0,0,0,0,0,0,0,0,0,64.8129,0,0,0
"MtrElec",9,17,7,"",109.983,0,0,0,0,0,0,0,0,0,0,0,0,0,0,0,0,0,0,0,0,111.803,0,0,-1.82032
"MtrElec",9,17,8,"",58.875,0,0,0,0,0,0,0,0,0,0,0,0,0,0,0,0,0,0,0,0,95.0564,0,0,-36.1814
"MtrElec",9,17,9,"",43.746,0,0,0,0,0,0,0,0,0,0,0,0,0,0,0,0,0,0,0,0,156.017,0,0,-112.271
"MtrElec",9,17,10,"",0,0,0,0,0,0,0,0,0,0,0,0,0,0,0,0,0,0,0,0,0,131.183,0,50.0581,-181.241
"MtrElec",9,17,11,"",0,0,0,0,0,0,0,0,0,0,0,0,0,0,0,0,0,0,0,0,0,171.249,0,61.2441,-232.493
"MtrElec",9,17,12,"",-7.0867,0,0,0,0,0,0,0,0,0,0,0,0,0,0,0,0,0,0,0,0,165.213,0,94.4224,-266.722
"MtrElec",9,17,13,"",-5.91798,0,0,0,0,0,0,0,0,0,0,0,0,0,0,0,0,0,0,0,0,178.603,0,94.4224,-278.943
"MtrElec",9,17,14,"",-79.9484,0,0,0,0,0,0,0,0,0,0,0,0,0,0,0,0,0,0,0,0,138.856,0,52.1515,-270.956
"MtrElec",9,17,15,"",-114.984,0,0,0,0,0,0,0,0,0,0,0,0,0,0,0,0,0,0,0,0,129.781,0,0,-244.765
"MtrElec",9,17,16,"",-53.156,0,0,0,0,0,0,0,0,0,0,0,0,0,0,0,0,0,0,0,0,152.177,0,0,-205.333
"MtrElec",9,17,17,"",39.986,0,0,0,0,0,0,0,0,0,0,0,0,0,0,0,0,0,0,0,0,187.008,0,0,-147.022
"MtrElec",9,17,18,"",109.978,0,0,0,0,0,0,0,0,0,0,0,0,0,0,0,0,0,0,0,0,183.874,0,0,-73.8963
"MtrElec",9,17,19,"",110.234,0,0,0,0,0,0,0,0,0,0,0,0,0,0,0,0,0,0,0,0,215.148,0,-94.4224,-10.4916
"MtrElec",9,17,20,"",102.695,0,0,0,0,0,0,0,0,0,0,0,0,0,0,0,0,0,0,0,0,197.117,0,-94.4224,0
"MtrElec",9,17,21,"",93.61,0,0,0,0,0,0,0,0,0,0,0,0,0,0,0,0,0,0,0,0,188.032,0,-94.4224,0
"MtrElec",9,17,22,"",108.909,0,0,0,0,0,0,0,0,0,0,0,0,0,0,0,0,0,0,0,0,143.591,0,-34.6821,0
"MtrElec",9,17,23,"",129.545,0,0,0,0,0,0,0,0,0,0,0,0,0,0,0,0,0,0,0,0,129.545,0,0,0
"MtrElec",9,17,24,"",89.2319,0,0,0,0,0,0,0,0,0,0,0,0,0,0,0,0,0,0,0,0,89.2319,0,0,0
"MtrElec",9,18,1,"",74.9169,0,0,0,0,0,0,0,0,0,0,0,0,0,0,0,0,0,0,0,0,74.9169,0,0,0
"MtrElec",9,18,2,"",65.8761,0,0,0,0,0,0,0,0,0,0,0,0,0,0,0,0,0,0,0,0,65.8761,0,0,0
"MtrElec",9,18,3,"",62.1651,0,0,0,0,0,0,0,0,0,0,0,0,0,0,0,0,0,0,0,0,62.1651,0,0,0
"MtrElec",9,18,4,"",61.0258,0,0,0,0,0,0,0,0,0,0,0,0,0,0,0,0,0,0,0,0,61.0258,0,0,0
"MtrElec",9,18,5,"",84.3993,0,0,0,0,0,0,0,0,0,0,0,0,0,0,0,0,0,0,0,0,84.3993,0,0,0
"MtrElec",9,18,6,"",64.9102,0,0,0,0,0,0,0,0,0,0,0,0,0,0,0,0,0,0,0,0,64.9102,0,0,0
"MtrElec",9,18,7,"",82.5509,0,0,0,0,0,0,0,0,0,0,0,0,0,0,0,0,0,0,0,0,84.0976,0,0,-1.54673
"MtrElec",9,18,8,"",104.7,0,0,0,0,0,0,0,0,0,0,0,0,0,0,0,0,0,0,0,0,139.926,0,0,-35.226
"MtrElec",9,18,9,"",26.8707,0,0,0,0,0,0,0,0,0,0,0,0,0,0,0,0,0,0,0,0,136.264,0,0,-109.394
"MtrElec",9,18,10,"",0.0000002,0,0,0,0,0,0,0,0,0,0,0,0,0,0,0,0,0,0,0,0,171.838,0,2.92617,-174.765
"MtrElec",9,18,11,"",0,0,0,0,0,0,0,0,0,0,0,0,0,0,0,0,0,0,0,0,0,154.632,0,66.2769,-220.909
"MtrElec",9,18,12,"",0,0,0,0,0,0,0,0,0,0,0,0,0,0,0,0,0,0,0,0,0,162.615,0,91.8466,-254.462
"MtrElec",9,18,13,"",-12.1667,0,0,0,0,0,0,0,0,0,0,0,0,0,0,0,0,0,0,0,0,161.625,0,94.4224,-268.214
"MtrElec",9,18,14,"",-27.8926,0,0,0,0,0,0,0,0,0,0,0,0,0,0,0,0,0,0,0,0,142.891,0,94.4224,-265.206
"MtrElec",9,18,15,"",-92.2878,0,0,0,0,0,0,0,0,0,0,0,0,0,0,0,0,0,0,0,0,148.57,0,2.4039,-243.262
"MtrElec",9,18,16,"",-44.3301,0,0,0,0,0,0,0,0,0,0,0,0,0,0,0,0,0,0,0,0,158.624,0,0,-202.954
"MtrElec",9,18,17,"",12.6455,0,0,0,0,0,0,0,0,0,0,0,0,0,0,0,0,0,0,0,0,157.543,0,0,-144.897
"MtrElec",9,18,18,"",123.351,0,0,0,0,0,0,0,0,0,0,0,0,0,0,0,0,0,0,0,0,195.228,0,0,-71.8767
"MtrElec",9,18,19,"",76.6275,0,0,0,0,0,0,0,0,0,0,0,0,0,0,0,0,0,0,0,0,181.52,0,-94.4224,-10.4701
"MtrElec",9,18,20,"",116.888,0,0,0,0,0,0,0,0,0,0,0,0,0,0,0,0,0,0,0,0,211.31,0,-94.4224,0
"MtrElec",9,18,21,"",97.8182,0,0,0,0,0,0,0,0,0,0,0,0,0,0,0,0,0,0,0,0,192.241,0,-94.4224,0
"MtrElec",9,18,22,"",109.863,0,0,0,0,0,0,0,0,0,0,0,0,0,0,0,0,0,0,0,0,144.545,0,-34.6821,0
"MtrElec",9,18,23,"",168.217,0,0,0,0,0,0,0,0,0,0,0,0,0,0,0,0,0,0,0,0,168.217,0,0,0
"MtrElec",9,18,24,"",111.58,0,0,0,0,0,0,0,0,0,0,0,0,0,0,0,0,0,0,0,0,111.58,0,0,0
"MtrElec",9,19,1,"",70.3065,0,0,0,0,0,0,0,0,0,0,0,0,0,0,0,0,0,0,0,0,70.3065,0,0,0
"MtrElec",9,19,2,"",64.7286,0,0,0,0,0,0,0,0,0,0,0,0,0,0,0,0,0,0,0,0,64.7286,0,0,0
"MtrElec",9,19,3,"",87.1515,0,0,0,0,0,0,0,0,0,0,0,0,0,0,0,0,0,0,0,0,87.1515,0,0,0
"MtrElec",9,19,4,"",62.1624,0,0,0,0,0,0,0,0,0,0,0,0,0,0,0,0,0,0,0,0,62.1624,0,0,0
"MtrElec",9,19,5,"",60.0683,0,0,0,0,0,0,0,0,0,0,0,0,0,0,0,0,0,0,0,0,60.0683,0,0,0
"MtrElec",9,19,6,"",63.3658,0,0,0,0,0,0,0,0,0,0,0,0,0,0,0,0,0,0,0,0,63.3658,0,0,0
"MtrElec",9,19,7,"",68.5617,0,0,0,0,0,0,0,0,0,0,0,0,0,0,0,0,0,0,0,0,69.8001,0,0,-1.23837
"MtrElec",9,19,8,"",71.9075,0,0,0,0,0,0,0,0,0,0,0,0,0,0,0,0,0,0,0,0,106.426,0,0,-34.5189
"MtrElec",9,19,9,"",0.946477,0,0,0,0,0,0,0,0,0,0,0,0,0,0,0,0,0,0,0,0,108.437,0,0,-107.491
"MtrElec",9,19,10,"",0.0000020,0,0,0,0,0,0,0,0,0,0,0,0,0,0,0,0,0,0,0,0,141.434,0,32.1169,-173.551
"MtrElec",9,19,11,"",-3.95848,0,0,0,0,0,0,0,0,0,0,0,0,0,0,0,0,0,0,0,0,124.637,0,94.4224,-223.018
"MtrElec",9,19,12,"",0,0,0,0,0,0,0,0,0,0,0,0,0,0,0,0,0,0,0,0,0,163.431,0,91.5563,-254.988
"MtrElec",9,19,13,"",0.0000039,0,0,0,0,0,0,0,0,0,0,0,0,0,0,0,0,0,0,0,0,211.353,0,58.4713,-269.825
"MtrElec",9,19,14,"",-53.3605,0,0,0,0,0,0,0,0,0,0,0,0,0,0,0,0,0,0,0,0,135.783,0,75.7317,-264.875
"MtrElec",9,19,15,"",-55.1645,0,0,0,0,0,0,0,0,0,0,0,0,0,0,0,0,0,0,0,0,187.442,0,0,-242.606
"MtrElec",9,19,16,"",-63.8885,0,0,0,0,0,0,0,0,0,0,0,0,0,0,0,0,0,0,0,0,138.819,0,0,-202.708
"MtrElec",9,19,17,"",20.8419,0,0,0,0,0,0,0,0,0,0,0,0,0,0,0,0,0,0,0,0,165.351,0,0,-144.509
"MtrElec",9,19,18,"",93.2997,0,0,0,0,0,0,0,0,0,0,0,0,0,0,0,0,0,0,0,0,164.419,0,0,-71.1191
"MtrElec",9,19,19,"",163.803,0,0,0,0,0,0,0,0,0,0,0,0,0,0,0,0,0,0,0,0,268.061,0,-94.4224,-9.83597
"MtrElec",9,19,20,"",91.2669,0,0,0,0,0,0,0,0,0,0,0,0,0,0,0,0,0,0,0,0,185.689,0,-94.4224,0
"MtrElec",9,19,21,"",70.0263,0,0,0,0,0,0,0,0,0,0,0,0,0,0,0,0,0,0,0,0,164.449,0,-94.4224,0
"MtrElec",9,19,22,"",104.819,0,0,0,0,0,0,0,0,0,0,0,0,0,0,0,0,0,0,0,0,139.501,0,-34.6821,0
"MtrElec",9,19,23,"",142.37,0,0,0,0,0,0,0,0,0,0,0,0,0,0,0,0,0,0,0,0,142.37,0,0,0
"MtrElec",9,19,24,"",109.305,0,0,0,0,0,0,0,0,0,0,0,0,0,0,0,0,0,0,0,0,109.305,0,0,0
"MtrElec",9,20,1,"",77.7732,0,0,0,0,0,0,0,0,0,0,0,0,0,0,0,0,0,0,0,0,77.7732,0,0,0
"MtrElec",9,20,2,"",64.8951,0,0,0,0,0,0,0,0,0,0,0,0,0,0,0,0,0,0,0,0,64.8951,0,0,0
"MtrElec",9,20,3,"",66.6115,0,0,0,0,0,0,0,0,0,0,0,0,0,0,0,0,0,0,0,0,66.6115,0,0,0
"MtrElec",9,20,4,"",66.1648,0,0,0,0,0,0,0,0,0,0,0,0,0,0,0,0,0,0,0,0,66.1648,0,0,0
"MtrElec",9,20,5,"",75.0555,0,0,0,0,0,0,0,0,0,0,0,0,0,0,0,0,0,0,0,0,75.0555,0,0,0
"MtrElec",9,20,6,"",63.4003,0,0,0,0,0,0,0,0,0,0,0,0,0,0,0,0,0,0,0,0,63.4003,0,0,0
"MtrElec",9,20,7,"",67.9773,0,0,0,0,0,0,0,0,0,0,0,0,0,0,0,0,0,0,0,0,69.2132,0,0,-1.23593
"MtrElec",9,20,8,"",87.1887,0,0,0,0,0,0,0,0,0,0,0,0,0,0,0,0,0,0,0,0,121.558,0,0,-34.3695
"MtrElec",9,20,9,"",0,0,0,0,0,0,0,0,0,0,0,0,0,0,0,0,0,0,0,0,0,102.22,0,6.12158,-108.341
"MtrElec",9,20,10,"",0.0000002,0,0,0,0,0,0,0,0,0,0,0,0,0,0,0,0,0,0,0,0,173.027,0,3.18466,-176.212
"MtrElec",9,20,11,"",0,0,0,0,0,0,0,0,0,0,0,0,0,0,0,0,0,0,0,0,0,193.456,0,32.5196,-225.976
"MtrElec",9,20,12,"",0,0,0,0,0,0,0,0,0,0,0,0,0,0,0,0,0,0,0,0,0,203.671,0,55.2647,-258.936
"MtrElec",9,20,13,"",-43.6879,0,0,0,0,0,0,0,0,0,0,0,0,0,0,0,0,0,0,0,0,135.513,0,94.4224,-273.623
"MtrElec",9,20,14,"",-53.2475,0,0,0,0,0,0,0,0,0,0,0,0,0,0,0,0,0,0,0,0,121.72,0,94.4224,-269.39
"MtrElec",9,20,15,"",-53.2184,0,0,0,0,0,0,0,0,0,0,0,0,0,0,0,0,0,0,0,0,127.364,0,66.3631,-246.946
"MtrElec",9,20,16,"",-92.1552,0,0,0,0,0,0,0,0,0,0,0,0,0,0,0,0,0,0,0,0,110.371,0,0,-202.526
"MtrElec",9,20,17,"",3.54862,0,0,0,0,0,0,0,0,0,0,0,0,0,0,0,0,0,0,0,0,145.692,0,0,-142.144
"MtrElec",9,20,18,"",71.0821,0,0,0,0,0,0,0,0,0,0,0,0,0,0,0,0,0,0,0,0,139.734,0,0,-68.6515
"MtrElec",9,20,19,"",81.9609,0,0,0,0,0,0,0,0,0,0,0,0,0,0,0,0,0,0,0,0,185.436,0,-94.4224,-9.05283
"MtrElec",9,20,20,"",56.2495,0,0,0,0,0,0,0,0,0,0,0,0,0,0,0,0,0,0,0,0,150.672,0,-94.4224,0
"MtrElec",9,20,21,"",76.4995,0,0,0,0,0,0,0,0,0,0,0,0,0,0,0,0,0,0,0,0,170.922,0,-94.4224,0
"MtrElec",9,20,22,"",114.381,0,0,0,0,0,0,0,0,0,0,0,0,0,0,0,0,0,0,0,0,149.063,0,-34.6821,0
"MtrElec",9,20,23,"",115.076,0,0,0,0,0,0,0,0,0,0,0,0,0,0,0,0,0,0,0,0,115.076,0,0,0
"MtrElec",9,20,24,"",106.404,0,0,0,0,0,0,0,0,0,0,0,0,0,0,0,0,0,0,0,0,106.404,0,0,0
"MtrElec",9,21,1,"",76.8063,0,0,0,0,0,0,0,0,0,0,0,0,0,0,0,0,0,0,0,0,76.8063,0,0,0
"MtrElec",9,21,2,"",63.2386,0,0,0,0,0,0,0,0,0,0,0,0,0,0,0,0,0,0,0,0,63.2386,0,0,0
"MtrElec",9,21,3,"",61.1111,0,0,0,0,0,0,0,0,0,0,0,0,0,0,0,0,0,0,0,0,61.1111,0,0,0
"MtrElec",9,21,4,"",60.8763,0,0,0,0,0,0,0,0,0,0,0,0,0,0,0,0,0,0,0,0,60.8763,0,0,0
"MtrElec",9,21,5,"",60.1297,0,0,0,0,0,0,0,0,0,0,0,0,0,0,0,0,0,0,0,0,60.1297,0,0,0
"MtrElec",9,21,6,"",64.7999,0,0,0,0,0,0,0,0,0,0,0,0,0,0,0,0,0,0,0,0,64.7999,0,0,0
"MtrElec",9,21,7,"",112.855,0,0,0,0,0,0,0,0,0,0,0,0,0,0,0,0,0,0,0,0,112.855,0,0,0
"MtrElec",9,21,8,"",81.6094,0,0,0,0,0,0,0,0,0,0,0,0,0,0,0,0,0,0,0,0,115.586,0,0,-33.9765
"MtrElec",9,21,9,"",40.5117,0,0,0,0,0,0,0,0,0,0,0,0,0,0,0,0,0,0,0,0,147.174,0,0,-106.662
"MtrElec",9,21,10,"",0.0000020,0,0,0,0,0,0,0,0,0,0,0,0,0,0,0,0,0,0,0,0,138.727,0,32.3797,-171.107
"MtrElec",9,21,11,"",0,0,0,0,0,0,0,0,0,0,0,0,0,0,0,0,0,0,0,0,0,149.009,0,67.2373,-216.246
"MtrElec",9,21,12,"",-20.524,0,0,0,0,0,0,0,0,0,0,0,0,0,0,0,0,0,0,0,0,136.472,0,94.4224,-251.418
"MtrElec",9,21,13,"",-68.315,0,0,0,0,0,0,0,0,0,0,0,0,0,0,0,0,0,0,0,0,104.741,0,94.4224,-267.479
"MtrElec",9,21,14,"",-82.4102,0,0,0,0,0,0,0,0,0,0,0,0,0,0,0,0,0,0,0,0,116.382,0,63.8367,-262.629
"MtrElec",9,21,15,"",-140.426,0,0,0,0,0,0,0,0,0,0,0,0,0,0,0,0,0,0,0,0,100.232,0,0,-240.658
"MtrElec",9,21,16,"",-88.4455,0,0,0,0,0,0,0,0,0,0,0,0,0,0,0,0,0,0,0,0,110.048,0,0,-198.494
"MtrElec",9,21,17,"",20.6493,0,0,0,0,0,0,0,0,0,0,0,0,0,0,0,0,0,0,0,0,157.268,0,0,-136.619
"MtrElec",9,21,18,"",93.3806,0,0,0,0,0,0,0,0,0,0,0,0,0,0,0,0,0,0,0,0,157.766,0,0,-64.3855
"MtrElec",9,21,19,"",92.5565,0,0,0,0,0,0,0,0,0,0,0,0,0,0,0,0,0,0,0,0,194.745,0,-94.4224,-7.76585
"MtrElec",9,21,20,"",73.2372,0,0,0,0,0,0,0,0,0,0,0,0,0,0,0,0,0,0,0,0,167.66,0,-94.4224,0
"MtrElec",9,21,21,"",99.742,0,0,0,0,0,0,0,0,0,0,0,0,0,0,0,0,0,0,0,0,194.164,0,-94.4224,0
"MtrElec",9,21,22,"",100.595,0,0,0,0,0,0,0,0,0,0,0,0,0,0,0,0,0,0,0,0,135.277,0,-34.6821,0
"MtrElec",9,21,23,"",155.443,0,0,0,0,0,0,0,0,0,0,0,0,0,0,0,0,0,0,0,0,155.443,0,0,0
"MtrElec",9,21,24,"",111.687,0,0,0,0,0,0,0,0,0,0,0,0,0,0,0,0,0,0,0,0,111.687,0,0,0
"MtrElec",9,22,1,"",72.523,0,0,0,0,0,0,0,0,0,0,0,0,0,0,0,0,0,0,0,0,72.523,0,0,0
"MtrElec",9,22,2,"",63.1628,0,0,0,0,0,0,0,0,0,0,0,0,0,0,0,0,0,0,0,0,63.1628,0,0,0
"MtrElec",9,22,3,"",61.4745,0,0,0,0,0,0,0,0,0,0,0,0,0,0,0,0,0,0,0,0,61.4745,0,0,0
"MtrElec",9,22,4,"",61.3595,0,0,0,0,0,0,0,0,0,0,0,0,0,0,0,0,0,0,0,0,61.3595,0,0,0
"MtrElec",9,22,5,"",60.6201,0,0,0,0,0,0,0,0,0,0,0,0,0,0,0,0,0,0,0,0,60.6201,0,0,0
"MtrElec",9,22,6,"",71.7327,0,0,0,0,0,0,0,0,0,0,0,0,0,0,0,0,0,0,0,0,71.7327,0,0,0
"MtrElec",9,22,7,"",123.159,0,0,0,0,0,0,0,0,0,0,0,0,0,0,0,0,0,0,0,0,123.159,0,0,0
"MtrElec",9,22,8,"",84.5927,0,0,0,0,0,0,0,0,0,0,0,0,0,0,0,0,0,0,0,0,108.779,0,0,-24.1864
"MtrElec",9,22,9,"",42.2224,0,0,0,0,0,0,0,0,0,0,0,0,0,0,0,0,0,0,0,0,111.669,0,0,-69.4464
"MtrElec",9,22,10,"",0.0000020,0,0,0,0,0,0,0,0,0,0,0,0,0,0,0,0,0,0,0,0,133.608,0,19.2737,-152.882
"MtrElec",9,22,11,"",-2.30379,0,0,0,0,0,0,0,0,0,0,0,0,0,0,0,0,0,0,0,0,121.336,0,94.4224,-218.062
"MtrElec",9,22,12,"",-14.7086,0,0,0,0,0,0,0,0,0,0,0,0,0,0,0,0,0,0,0,0,144.403,0,94.4224,-253.534
"MtrElec",9,22,13,"",-54.4479,0,0,0,0,0,0,0,0,0,0,0,0,0,0,0,0,0,0,0,0,114.773,0,94.4224,-263.643
"MtrElec",9,22,14,"",-132.247,0,0,0,0,0,0,0,0,0,0,0,0,0,0,0,0,0,0,0,0,81.0581,0,49.7575,-263.063
"MtrElec",9,22,15,"",-129.987,0,0,0,0,0,0,0,0,0,0,0,0,0,0,0,0,0,0,0,0,113.843,0,0,-243.83
"MtrElec",9,22,16,"",-97.9031,0,0,0,0,0,0,0,0,0,0,0,0,0,0,0,0,0,0,0,0,103.45,0,0,-201.353
"MtrElec",9,22,17,"",0.00454688,0,0,0,0,0,0,0,0,0,0,0,0,0,0,0,0,0,0,0,0,141.229,0,0,-141.225
"MtrElec",9,22,18,"",110.48,0,0,0,0,0,0,0,0,0,0,0,0,0,0,0,0,0,0,0,0,177.133,0,0,-66.6527
"MtrElec",9,22,19,"",74.1463,0,0,0,0,0,0,0,0,0,0,0,0,0,0,0,0,0,0,0,0,176.591,0,-94.4224,-8.02182
"MtrElec",9,22,20,"",82.3036,0,0,0,0,0,0,0,0,0,0,0,0,0,0,0,0,0,0,0,0,176.726,0,-94.4224,0
"MtrElec",9,22,21,"",102.66,0,0,0,0,0,0,0,0,0,0,0,0,0,0,0,0,0,0,0,0,197.082,0,-94.4224,0
"MtrElec",9,22,22,"",76.6618,0,0,0,0,0,0,0,0,0,0,0,0,0,0,0,0,0,0,0,0,111.344,0,-34.6821,0
"MtrElec",9,22,23,"",140.642,0,0,0,0,0,0,0,0,0,0,0,0,0,0,0,0,0,0,0,0,140.642,0,0,0
"MtrElec",9,22,24,"",89.7894,0,0,0,0,0,0,0,0,0,0,0,0,0,0,0,0,0,0,0,0,89.7894,0,0,0
"MtrElec",9,23,1,"",90.0341,0,0,0,0,0,0,0,0,0,0,0,0,0,0,0,0,0,0,0,0,90.0341,0,0,0
"MtrElec",9,23,2,"",64.7928,0,0,0,0,0,0,0,0,0,0,0,0,0,0,0,0,0,0,0,0,64.7928,0,0,0
"MtrElec",9,23,3,"",61.7048,0,0,0,0,0,0,0,0,0,0,0,0,0,0,0,0,0,0,0,0,61.7048,0,0,0
"MtrElec",9,23,4,"",60.7576,0,0,0,0,0,0,0,0,0,0,0,0,0,0,0,0,0,0,0,0,60.7576,0,0,0
"MtrElec",9,23,5,"",60.0748,0,0,0,0,0,0,0,0,0,0,0,0,0,0,0,0,0,0,0,0,60.0748,0,0,0
"MtrElec",9,23,6,"",66.3545,0,0,0,0,0,0,0,0,0,0,0,0,0,0,0,0,0,0,0,0,66.3545,0,0,0
"MtrElec",9,23,7,"",100.282,0,0,0,0,0,0,0,0,0,0,0,0,0,0,0,0,0,0,0,0,100.282,0,0,0
"MtrElec",9,23,8,"",85.6148,0,0,0,0,0,0,0,0,0,0,0,0,0,0,0,0,0,0,0,0,120.309,0,0,-34.6945
"MtrElec",9,23,9,"",17.9731,0,0,0,0,0,0,0,0,0,0,0,0,0,0,0,0,0,0,0,0,128.16,0,0,-110.187
"MtrElec",9,23,10,"",0,0,0,0,0,0,0,0,0,0,0,0,0,0,0,0,0,0,0,0,0,141.778,0,36.8387,-178.617
"MtrElec",9,23,11,"",-0.0395547,0,0,0,0,0,0,0,0,0,0,0,0,0,0,0,0,0,0,0,0,135.39,0,94.4224,-229.852
"MtrElec",9,23,12,"",-26.0338,0,0,0,0,0,0,0,0,0,0,0,0,0,0,0,0,0,0,0,0,144.176,0,94.4224,-264.632
"MtrElec",9,23,13,"",-32.583,0,0,0,0,0,0,0,0,0,0,0,0,0,0,0,0,0,0,0,0,151.341,0,94.4224,-278.347
"MtrElec",9,23,14,"",-121.064,0,0,0,0,0,0,0,0,0,0,0,0,0,0,0,0,0,0,0,0,119.03,0,32.1926,-272.286
"MtrElec",9,23,15,"",-123.599,0,0,0,0,0,0,0,0,0,0,0,0,0,0,0,0,0,0,0,0,122.568,0,0,-246.167
"MtrElec",9,23,16,"",-80.3388,0,0,0,0,0,0,0,0,0,0,0,0,0,0,0,0,0,0,0,0,120.52,0,0,-200.859
"MtrElec",9,23,17,"",29.1704,0,0,0,0,0,0,0,0,0,0,0,0,0,0,0,0,0,0,0,0,169.683,0,0,-140.513
"MtrElec",9,23,18,"",87.1413,0,0,0,0,0,0,0,0,0,0,0,0,0,0,0,0,0,0,0,0,153.315,0,0,-66.174
"MtrElec",9,23,19,"",73.7362,0,0,0,0,0,0,0,0,0,0,0,0,0,0,0,0,0,0,0,0,175.671,0,-94.4224,-7.5123
"MtrElec",9,23,20,"",105.651,0,0,0,0,0,0,0,0,0,0,0,0,0,0,0,0,0,0,0,0,200.074,0,-94.4224,0
"MtrElec",9,23,21,"",72.42,0,0,0,0,0,0,0,0,0,0,0,0,0,0,0,0,0,0,0,0,166.842,0,-94.4224,0
"MtrElec",9,23,22,"",117.135,0,0,0,0,0,0,0,0,0,0,0,0,0,0,0,0,0,0,0,0,151.817,0,-34.6821,0
"MtrElec",9,23,23,"",157.458,0,0,0,0,0,0,0,0,0,0,0,0,0,0,0,0,0,0,0,0,157.458,0,0,0
"MtrElec",9,23,24,"",109.594,0,0,0,0,0,0,0,0,0,0,0,0,0,0,0,0,0,0,0,0,109.594,0,0,0
"MtrElec",9,24,1,"",66.8053,0,0,0,0,0,0,0,0,0,0,0,0,0,0,0,0,0,0,0,0,66.8053,0,0,0
"MtrElec",9,24,2,"",62.8349,0,0,0,0,0,0,0,0,0,0,0,0,0,0,0,0,0,0,0,0,62.8349,0,0,0
"MtrElec",9,24,3,"",66.8189,0,0,0,0,0,0,0,0,0,0,0,0,0,0,0,0,0,0,0,0,66.8189,0,0,0
"MtrElec",9,24,4,"",68.2813,0,0,0,0,0,0,0,0,0,0,0,0,0,0,0,0,0,0,0,0,68.2813,0,0,0
"MtrElec",9,24,5,"",68.4762,0,0,0,0,0,0,0,0,0,0,0,0,0,0,0,0,0,0,0,0,68.4762,0,0,0
"MtrElec",9,24,6,"",74.4836,0,0,0,0,0,0,0,0,0,0,0,0,0,0,0,0,0,0,0,0,74.4836,0,0,0
"MtrElec",9,24,7,"",124.858,0,0,0,0,0,0,0,0,0,0,0,0,0,0,0,0,0,0,0,0,124.858,0,0,0
"MtrElec",9,24,8,"",77.6159,0,0,0,0,0,0,0,0,0,0,0,0,0,0,0,0,0,0,0,0,112.5,0,0,-34.8837
"MtrElec",9,24,9,"",25.0957,0,0,0,0,0,0,0,0,0,0,0,0,0,0,0,0,0,0,0,0,133.32,0,0,-108.224
"MtrElec",9,24,10,"",0,0,0,0,0,0,0,0,0,0,0,0,0,0,0,0,0,0,0,0,0,136.03,0,37.6004,-173.63
"MtrElec",9,24,11,"",0,0,0,0,0,0,0,0,0,0,0,0,0,0,0,0,0,0,0,0,0,166.75,0,55.6525,-222.403
"MtrElec",9,24,12,"",-26.359,0,0,0,0,0,0,0,0,0,0,0,0,0,0,0,0,0,0,0,0,129.411,0,94.4224,-250.192
"MtrElec",9,24,13,"",-42.3455,0,0,0,0,0,0,0,0,0,0,0,0,0,0,0,0,0,0,0,0,125.354,0,94.4224,-262.122
"MtrElec",9,24,14,"",-92.6772,0,0,0,0,0,0,0,0,0,0,0,0,0,0,0,0,0,0,0,0,97.3187,0,70.2008,-260.197
"MtrElec",9,24,15,"",-122.465,0,0,0,0,0,0,0,0,0,0,0,0,0,0,0,0,0,0,0,0,110.37,0,0,-232.835
"MtrElec",9,24,16,"",-41.3759,0,0,0,0,0,0,0,0,0,0,0,0,0,0,0,0,0,0,0,0,152.942,0,0,-194.318
"MtrElec",9,24,17,"",15.6667,0,0,0,0,0,0,0,0,0,0,0,0,0,0,0,0,0,0,0,0,152.913,0,0,-137.246
"MtrElec",9,24,18,"",128.578,0,0,0,0,0,0,0,0,0,0,0,0,0,0,0,0,0,0,0,0,192.644,0,0,-64.0658
"MtrElec",9,24,19,"",71.1823,0,0,0,0,0,0,0,0,0,0,0,0,0,0,0,0,0,0,0,0,172.255,0,-94.4224,-6.65031
"MtrElec",9,24,20,"",113.611,0,0,0,0,0,0,0,0,0,0,0,0,0,0,0,0,0,0,0,0,208.034,0,-94.4224,0
"MtrElec",9,24,21,"",57.8764,0,0,0,0,0,0,0,0,0,0,0,0,0,0,0,0,0,0,0,0,152.299,0,-94.4224,0
"MtrElec",9,24,22,"",102.851,0,0,0,0,0,0,0,0,0,0,0,0,0,0,0,0,0,0,0,0,137.533,0,-34.6821,0
"MtrElec",9,24,23,"",127.228,0,0,0,0,0,0,0,0,0,0,0,0,0,0,0,0,0,0,0,0,127.228,0,0,0
"MtrElec",9,24,24,"",103.614,0,0,0,0,0,0,0,0,0,0,0,0,0,0,0,0,0,0,0,0,103.614,0,0,0
"MtrElec",9,25,1,"",73.983,0,0,0,0,0,0,0,0,0,0,0,0,0,0,0,0,0,0,0,0,73.983,0,0,0
"MtrElec",9,25,2,"",73.4463,0,0,0,0,0,0,0,0,0,0,0,0,0,0,0,0,0,0,0,0,73.4463,0,0,0
"MtrElec",9,25,3,"",81.5955,0,0,0,0,0,0,0,0,0,0,0,0,0,0,0,0,0,0,0,0,81.5955,0,0,0
"MtrElec",9,25,4,"",60.8968,0,0,0,0,0,0,0,0,0,0,0,0,0,0,0,0,0,0,0,0,60.8968,0,0,0
"MtrElec",9,25,5,"",60.1557,0,0,0,0,0,0,0,0,0,0,0,0,0,0,0,0,0,0,0,0,60.1557,0,0,0
"MtrElec",9,25,6,"",65.6039,0,0,0,0,0,0,0,0,0,0,0,0,0,0,0,0,0,0,0,0,65.6039,0,0,0
"MtrElec",9,25,7,"",87.9824,0,0,0,0,0,0,0,0,0,0,0,0,0,0,0,0,0,0,0,0,87.9824,0,0,0
"MtrElec",9,25,8,"",113.759,0,0,0,0,0,0,0,0,0,0,0,0,0,0,0,0,0,0,0,0,147.896,0,0,-34.1371
"MtrElec",9,25,9,"",0.0000001,0,0,0,0,0,0,0,0,0,0,0,0,0,0,0,0,0,0,0,0,105.882,0,1.50694,-107.389
"MtrElec",9,25,10,"",9.50659,0,0,0,0,0,0,0,0,0,0,0,0,0,0,0,0,0,0,0,0,184.465,0,0,-174.958
"MtrElec",9,25,11,"",0,0,0,0,0,0,0,0,0,0,0,0,0,0,0,0,0,0,0,0,0,135.129,0,90.1985,-225.328
"MtrElec",9,25,12,"",-37.8265,0,0,0,0,0,0,0,0,0,0,0,0,0,0,0,0,0,0,0,0,124.585,0,94.4224,-256.834
"MtrElec",9,25,13,"",-43.3818,0,0,0,0,0,0,0,0,0,0,0,0,0,0,0,0,0,0,0,0,130.306,0,94.4224,-268.11
"MtrElec",9,25,14,"",-50.7817,0,0,0,0,0,0,0,0,0,0,0,0,0,0,0,0,0,0,0,0,138.578,0,71.7482,-261.107
"MtrElec",9,25,15,"",-99.1687,0,0,0,0,0,0,0,0,0,0,0,0,0,0,0,0,0,0,0,0,139.351,0,0,-238.519
"MtrElec",9,25,16,"",-49.444,0,0,0,0,0,0,0,0,0,0,0,0,0,0,0,0,0,0,0,0,146.336,0,0,-195.78
"MtrElec",9,25,17,"",33.383,0,0,0,0,0,0,0,0,0,0,0,0,0,0,0,0,0,0,0,0,168.645,0,0,-135.262
"MtrElec",9,25,18,"",105.516,0,0,0,0,0,0,0,0,0,0,0,0,0,0,0,0,0,0,0,0,167.595,0,0,-62.0792
"MtrElec",9,25,19,"",100.448,0,0,0,0,0,0,0,0,0,0,0,0,0,0,0,0,0,0,0,0,201.069,0,-94.4224,-6.19783
"MtrElec",9,25,20,"",73.0075,0,0,0,0,0,0,0,0,0,0,0,0,0,0,0,0,0,0,0,0,167.43,0,-94.4224,0
"MtrElec",9,25,21,"",90.4958,0,0,0,0,0,0,0,0,0,0,0,0,0,0,0,0,0,0,0,0,184.918,0,-94.4224,0
"MtrElec",9,25,22,"",107.538,0,0,0,0,0,0,0,0,0,0,0,0,0,0,0,0,0,0,0,0,142.22,0,-34.6821,0
"MtrElec",9,25,23,"",137.697,0,0,0,0,0,0,0,0,0,0,0,0,0,0,0,0,0,0,0,0,137.697,0,0,0
"MtrElec",9,25,24,"",87.0062,0,0,0,0,0,0,0,0,0,0,0,0,0,0,0,0,0,0,0,0,87.0062,0,0,0
"MtrElec",9,26,1,"",70.1399,0,0,0,0,0,0,0,0,0,0,0,0,0,0,0,0,0,0,0,0,70.1399,0,0,0
"MtrElec",9,26,2,"",65.0159,0,0,0,0,0,0,0,0,0,0,0,0,0,0,0,0,0,0,0,0,65.0159,0,0,0
"MtrElec",9,26,3,"",63.3273,0,0,0,0,0,0,0,0,0,0,0,0,0,0,0,0,0,0,0,0,63.3273,0,0,0
"MtrElec",9,26,4,"",65.0419,0,0,0,0,0,0,0,0,0,0,0,0,0,0,0,0,0,0,0,0,65.0419,0,0,0
"MtrElec",9,26,5,"",82.8143,0,0,0,0,0,0,0,0,0,0,0,0,0,0,0,0,0,0,0,0,82.8143,0,0,0
"MtrElec",9,26,6,"",63.547,0,0,0,0,0,0,0,0,0,0,0,0,0,0,0,0,0,0,0,0,63.547,0,0,0
"MtrElec",9,26,7,"",69.8042,0,0,0,0,0,0,0,0,0,0,0,0,0,0,0,0,0,0,0,0,69.8042,0,0,0
"MtrElec",9,26,8,"",78.0715,0,0,0,0,0,0,0,0,0,0,0,0,0,0,0,0,0,0,0,0,112.172,0,0,-34.1005
"MtrElec",9,26,9,"",10.741,0,0,0,0,0,0,0,0,0,0,0,0,0,0,0,0,0,0,0,0,114.512,0,0,-103.771
"MtrElec",9,26,10,"",8.84444,0,0,0,0,0,0,0,0,0,0,0,0,0,0,0,0,0,0,0,0,177.228,0,0,-168.383
"MtrElec",9,26,11,"",0,0,0,0,0,0,0,0,0,0,0,0,0,0,0,0,0,0,0,0,0,189.754,0,32.5866,-222.34
"MtrElec",9,26,12,"",-3.54773,0,0,0,0,0,0,0,0,0,0,0,0,0,0,0,0,0,0,0,0,159.919,0,94.4224,-257.89
"MtrElec",9,26,13,"",0.0000078,0,0,0,0,0,0,0,0,0,0,0,0,0,0,0,0,0,0,0,0,184.254,0,86.9894,-271.243
"MtrElec",9,26,14,"",-47.7135,0,0,0,0,0,0,0,0,0,0,0,0,0,0,0,0,0,0,0,0,122.342,0,94.4224,-264.478
"MtrElec",9,26,15,"",-29.3549,0,0,0,0,0,0,0,0,0,0,0,0,0,0,0,0,0,0,0,0,165.839,0,43.8777,-239.071
"MtrElec",9,26,16,"",-64.6809,0,0,0,0,0,0,0,0,0,0,0,0,0,0,0,0,0,0,0,0,131.835,0,0,-196.516
"MtrElec",9,26,17,"",27.3799,0,0,0,0,0,0,0,0,0,0,0,0,0,0,0,0,0,0,0,0,163.959,0,0,-136.58
"MtrElec",9,26,18,"",103.063,0,0,0,0,0,0,0,0,0,0,0,0,0,0,0,0,0,0,0,0,165.925,0,0,-62.862
"MtrElec",9,26,19,"",149.4,0,0,0,0,0,0,0,0,0,0,0,0,0,0,0,0,0,0,0,0,250.049,0,-94.4224,-6.22661
"MtrElec",9,26,20,"",107.033,0,0,0,0,0,0,0,0,0,0,0,0,0,0,0,0,0,0,0,0,201.456,0,-94.4224,0
"MtrElec",9,26,21,"",117.576,0,0,0,0,0,0,0,0,0,0,0,0,0,0,0,0,0,0,0,0,211.998,0,-94.4224,0
"MtrElec",9,26,22,"",152.053,0,0,0,0,0,0,0,0,0,0,0,0,0,0,0,0,0,0,0,0,186.735,0,-34.6821,0
"MtrElec",9,26,23,"",137.113,0,0,0,0,0,0,0,0,0,0,0,0,0,0,0,0,0,0,0,0,137.113,0,0,0
"MtrElec",9,26,24,"",116.544,0,0,0,0,0,0,0,0,0,0,0,0,0,0,0,0,0,0,0,0,116.544,0,0,0
"MtrElec",9,27,1,"",81.8371,0,0,0,0,0,0,0,0,0,0,0,0,0,0,0,0,0,0,0,0,81.8371,0,0,0
"MtrElec",9,27,2,"",64.6157,0,0,0,0,0,0,0,0,0,0,0,0,0,0,0,0,0,0,0,0,64.6157,0,0,0
"MtrElec",9,27,3,"",68.3899,0,0,0,0,0,0,0,0,0,0,0,0,0,0,0,0,0,0,0,0,68.3899,0,0,0
"MtrElec",9,27,4,"",67.6904,0,0,0,0,0,0,0,0,0,0,0,0,0,0,0,0,0,0,0,0,67.6904,0,0,0
"MtrElec",9,27,5,"",75.41,0,0,0,0,0,0,0,0,0,0,0,0,0,0,0,0,0,0,0,0,75.41,0,0,0
"MtrElec",9,27,6,"",63.328,0,0,0,0,0,0,0,0,0,0,0,0,0,0,0,0,0,0,0,0,63.328,0,0,0
"MtrElec",9,27,7,"",69.3224,0,0,0,0,0,0,0,0,0,0,0,0,0,0,0,0,0,0,0,0,69.3224,0,0,0
"MtrElec",9,27,8,"",77.4197,0,0,0,0,0,0,0,0,0,0,0,0,0,0,0,0,0,0,0,0,112.288,0,0,-34.8687
"MtrElec",9,27,9,"",0.0000005,0,0,0,0,0,0,0,0,0,0,0,0,0,0,0,0,0,0,0,0,98.8111,0,7.92056,-106.732
"MtrElec",9,27,10,"",0.0000005,0,0,0,0,0,0,0,0,0,0,0,0,0,0,0,0,0,0,0,0,166.321,0,6.98363,-173.305
"MtrElec",9,27,11,"",0,0,0,0,0,0,0,0,0,0,0,0,0,0,0,0,0,0,0,0,0,194.47,0,28.1703,-222.641
"MtrElec",9,27,12,"",-2.25751,0,0,0,0,0,0,0,0,0,0,0,0,0,0,0,0,0,0,0,0,157.755,0,94.4224,-254.435
"MtrElec",9,27,13,"",-53.9926,0,0,0,0,0,0,0,0,0,0,0,0,0,0,0,0,0,0,0,0,118.988,0,94.4224,-267.403
"MtrElec",9,27,14,"",-20.7889,0,0,0,0,0,0,0,0,0,0,0,0,0,0,0,0,0,0,0,0,145.608,0,94.4224,-260.819
"MtrElec",9,27,15,"",-62.8061,0,0,0,0,0,0,0,0,0,0,0,0,0,0,0,0,0,0,0,0,148.789,0,25.9567,-237.552
"MtrElec",9,27,16,"",-25.2508,0,0,0,0,0,0,0,0,0,0,0,0,0,0,0,0,0,0,0,0,169.21,0,0,-194.461
"MtrElec",9,27,17,"",22.7991,0,0,0,0,0,0,0,0,0,0,0,0,0,0,0,0,0,0,0,0,157.398,0,0,-134.598
"MtrElec",9,27,18,"",135.23,0,0,0,0,0,0,0,0,0,0,0,0,0,0,0,0,0,0,0,0,196.575,0,0,-61.3455
"MtrElec",9,27,19,"",100.755,0,0,0,0,0,0,0,0,0,0,0,0,0,0,0,0,0,0,0,0,201.008,0,-94.4224,-5.8308
"MtrElec",9,27,20,"",134.363,0,0,0,0,0,0,0,0,0,0,0,0,0,0,0,0,0,0,0,0,228.785,0,-94.4224,0
"MtrElec",9,27,21,"",61.3783,0,0,0,0,0,0,0,0,0,0,0,0,0,0,0,0,0,0,0,0,155.801,0,-94.4224,0
"MtrElec",9,27,22,"",131.418,0,0,0,0,0,0,0,0,0,0,0,0,0,0,0,0,0,0,0,0,166.1,0,-34.6821,0
"MtrElec",9,27,23,"",109.384,0,0,0,0,0,0,0,0,0,0,0,0,0,0,0,0,0,0,0,0,109.384,0,0,0
"MtrElec",9,27,24,"",133.575,0,0,0,0,0,0,0,0,0,0,0,0,0,0,0,0,0,0,0,0,133.575,0,0,0
"MtrElec",9,28,1,"",88.413,0,0,0,0,0,0,0,0,0,0,0,0,0,0,0,0,0,0,0,0,88.413,0,0,0
"MtrElec",9,28,2,"",64.4461,0,0,0,0,0,0,0,0,0,0,0,0,0,0,0,0,0,0,0,0,64.4461,0,0,0
"MtrElec",9,28,3,"",61.5489,0,0,0,0,0,0,0,0,0,0,0,0,0,0,0,0,0,0,0,0,61.5489,0,0,0
"MtrElec",9,28,4,"",61.0268,0,0,0,0,0,0,0,0,0,0,0,0,0,0,0,0,0,0,0,0,61.0268,0,0,0
"MtrElec",9,28,5,"",60.2219,0,0,0,0,0,0,0,0,0,0,0,0,0,0,0,0,0,0,0,0,60.2219,0,0,0
"MtrElec",9,28,6,"",64.9869,0,0,0,0,0,0,0,0,0,0,0,0,0,0,0,0,0,0,0,0,64.9869,0,0,0
"MtrElec",9,28,7,"",121.303,0,0,0,0,0,0,0,0,0,0,0,0,0,0,0,0,0,0,0,0,121.303,0,0,0
"MtrElec",9,28,8,"",97.9005,0,0,0,0,0,0,0,0,0,0,0,0,0,0,0,0,0,0,0,0,131.046,0,0,-33.1457
"MtrElec",9,28,9,"",17.4753,0,0,0,0,0,0,0,0,0,0,0,0,0,0,0,0,0,0,0,0,126.137,0,0,-108.662
"MtrElec",9,28,10,"",0,0,0,0,0,0,0,0,0,0,0,0,0,0,0,0,0,0,0,0,0,156.562,0,18.8876,-175.45
"MtrElec",9,28,11,"",0.0000039,0,0,0,0,0,0,0,0,0,0,0,0,0,0,0,0,0,0,0,0,165.371,0,59.227,-224.598
"MtrElec",9,28,12,"",-24.8556,0,0,0,0,0,0,0,0,0,0,0,0,0,0,0,0,0,0,0,0,139.052,0,94.4224,-258.33
"MtrElec",9,28,13,"",-1.29729,0,0,0,0,0,0,0,0,0,0,0,0,0,0,0,0,0,0,0,0,169.509,0,94.4224,-265.228
"MtrElec",9,28,14,"",-31.2106,0,0,0,0,0,0,0,0,0,0,0,0,0,0,0,0,0,0,0,0,127.201,0,85.3391,-243.751
"MtrElec",9,28,15,"",-98.6134,0,0,0,0,0,0,0,0,0,0,0,0,0,0,0,0,0,0,0,0,134.68,0,0,-233.294
"MtrElec",9,28,16,"",-11.42,0,0,0,0,0,0,0,0,0,0,0,0,0,0,0,0,0,0,0,0,165.257,0,0,-176.677
"MtrElec",9,28,17,"",66.3648,0,0,0,0,0,0,0,0,0,0,0,0,0,0,0,0,0,0,0,0,180.597,0,0,-114.233
"MtrElec",9,28,18,"",155.628,0,0,0,0,0,0,0,0,0,0,0,0,0,0,0,0,0,0,0,0,203.372,0,0,-47.744
"MtrElec",9,28,19,"",98.4486,0,0,0,0,0,0,0,0,0,0,0,0,0,0,0,0,0,0,0,0,195.759,0,-94.4224,-2.88789
"MtrElec",9,28,20,"",135.063,0,0,0,0,0,0,0,0,0,0,0,0,0,0,0,0,0,0,0,0,229.486,0,-94.4224,0
"MtrElec",9,28,21,"",117.522,0,0,0,0,0,0,0,0,0,0,0,0,0,0,0,0,0,0,0,0,211.945,0,-94.4224,0
"MtrElec",9,28,22,"",89.5577,0,0,0,0,0,0,0,0,0,0,0,0,0,0,0,0,0,0,0,0,124.24,0,-34.6821,0
"MtrElec",9,28,23,"",109.394,0,0,0,0,0,0,0,0,0,0,0,0,0,0,0,0,0,0,0,0,109.394,0,0,0
"MtrElec",9,28,24,"",123.168,0,0,0,0,0,0,0,0,0,0,0,0,0,0,0,0,0,0,0,0,123.168,0,0,0
"MtrElec",9,29,1,"",82.6587,0,0,0,0,0,0,0,0,0,0,0,0,0,0,0,0,0,0,0,0,82.6587,0,0,0
"MtrElec",9,29,2,"",65.8563,0,0,0,0,0,0,0,0,0,0,0,0,0,0,0,0,0,0,0,0,65.8563,0,0,0
"MtrElec",9,29,3,"",62.1364,0,0,0,0,0,0,0,0,0,0,0,0,0,0,0,0,0,0,0,0,62.1364,0,0,0
"MtrElec",9,29,4,"",60.8937,0,0,0,0,0,0,0,0,0,0,0,0,0,0,0,0,0,0,0,0,60.8937,0,0,0
"MtrElec",9,29,5,"",60.1939,0,0,0,0,0,0,0,0,0,0,0,0,0,0,0,0,0,0,0,0,60.1939,0,0,0
"MtrElec",9,29,6,"",66.475,0,0,0,0,0,0,0,0,0,0,0,0,0,0,0,0,0,0,0,0,66.475,0,0,0
"MtrElec",9,29,7,"",112.12,0,0,0,0,0,0,0,0,0,0,0,0,0,0,0,0,0,0,0,0,112.12,0,0,0
"MtrElec",9,29,8,"",100.844,0,0,0,0,0,0,0,0,0,0,0,0,0,0,0,0,0,0,0,0,126.731,0,0,-25.8876
"MtrElec",9,29,9,"",17.6975,0,0,0,0,0,0,0,0,0,0,0,0,0,0,0,0,0,0,0,0,119.005,0,0,-101.308
"MtrElec",9,29,10,"",0,0,0,0,0,0,0,0,0,0,0,0,0,0,0,0,0,0,0,0,0,142.969,0,19.1382,-162.107
"MtrElec",9,29,11,"",0.0000039,0,0,0,0,0,0,0,0,0,0,0,0,0,0,0,0,0,0,0,0,149.48,0,61.6092,-211.089
"MtrElec",9,29,12,"",-26.5151,0,0,0,0,0,0,0,0,0,0,0,0,0,0,0,0,0,0,0,0,132.323,0,94.4224,-253.261
"MtrElec",9,29,13,"",0,0,0,0,0,0,0,0,0,0,0,0,0,0,0,0,0,0,0,0,0,186.293,0,80.1746,-266.468
"MtrElec",9,29,14,"",-2.72128,0,0,0,0,0,0,0,0,0,0,0,0,0,0,0,0,0,0,0,0,130.212,0,94.4224,-227.355
"MtrElec",9,29,15,"",-80.7855,0,0,0,0,0,0,0,0,0,0,0,0,0,0,0,0,0,0,0,0,118.936,0,2.53159,-202.253
"MtrElec",9,29,16,"",-48.1425,0,0,0,0,0,0,0,0,0,0,0,0,0,0,0,0,0,0,0,0,135.639,0,0,-183.782
"MtrElec",9,29,17,"",71.7637,0,0,0,0,0,0,0,0,0,0,0,0,0,0,0,0,0,0,0,0,173.679,0,0,-101.915
"MtrElec",9,29,18,"",119.398,0,0,0,0,0,0,0,0,0,0,0,0,0,0,0,0,0,0,0,0,163.173,0,0,-43.7746
"MtrElec",9,29,19,"",95.1147,0,0,0,0,0,0,0,0,0,0,0,0,0,0,0,0,0,0,0,0,191.64,0,-94.4224,-2.10298
"MtrElec",9,29,20,"",76.4466,0,0,0,0,0,0,0,0,0,0,0,0,0,0,0,0,0,0,0,0,170.869,0,-94.4224,0
"MtrElec",9,29,21,"",119.291,0,0,0,0,0,0,0,0,0,0,0,0,0,0,0,0,0,0,0,0,213.714,0,-94.4224,0
"MtrElec",9,29,22,"",93.1398,0,0,0,0,0,0,0,0,0,0,0,0,0,0,0,0,0,0,0,0,127.822,0,-34.6821,0
"MtrElec",9,29,23,"",142.79,0,0,0,0,0,0,0,0,0,0,0,0,0,0,0,0,0,0,0,0,142.79,0,0,0
"MtrElec",9,29,24,"",90.462,0,0,0,0,0,0,0,0,0,0,0,0,0,0,0,0,0,0,0,0,90.462,0,0,0
"MtrElec",9,30,1,"",69.5237,0,0,0,0,0,0,0,0,0,0,0,0,0,0,0,0,0,0,0,0,69.5237,0,0,0
"MtrElec",9,30,2,"",64.4598,0,0,0,0,0,0,0,0,0,0,0,0,0,0,0,0,0,0,0,0,64.4598,0,0,0
"MtrElec",9,30,3,"",61.7222,0,0,0,0,0,0,0,0,0,0,0,0,0,0,0,0,0,0,0,0,61.7222,0,0,0
"MtrElec",9,30,4,"",61.0961,0,0,0,0,0,0,0,0,0,0,0,0,0,0,0,0,0,0,0,0,61.0961,0,0,0
"MtrElec",9,30,5,"",60.1987,0,0,0,0,0,0,0,0,0,0,0,0,0,0,0,0,0,0,0,0,60.1987,0,0,0
"MtrElec",9,30,6,"",69.0477,0,0,0,0,0,0,0,0,0,0,0,0,0,0,0,0,0,0,0,0,69.0477,0,0,0
"MtrElec",9,30,7,"",117.263,0,0,0,0,0,0,0,0,0,0,0,0,0,0,0,0,0,0,0,0,117.263,0,0,0
"MtrElec",9,30,8,"",75.1116,0,0,0,0,0,0,0,0,0,0,0,0,0,0,0,0,0,0,0,0,109.355,0,0,-34.2437
"MtrElec",9,30,9,"",41.2271,0,0,0,0,0,0,0,0,0,0,0,0,0,0,0,0,0,0,0,0,144.25,0,0,-103.023
"MtrElec",9,30,10,"",0,0,0,0,0,0,0,0,0,0,0,0,0,0,0,0,0,0,0,0,0,149.475,0,19.1225,-168.597
"MtrElec",9,30,11,"",0,0,0,0,0,0,0,0,0,0,0,0,0,0,0,0,0,0,0,0,0,166.276,0,45.22,-211.496
"MtrElec",9,30,12,"",0,0,0,0,0,0,0,0,0,0,0,0,0,0,0,0,0,0,0,0,0,159.683,0,51.7128,-211.396
"MtrElec",9,30,13,"",0,0,0,0,0,0,0,0,0,0,0,0,0,0,0,0,0,0,0,0,0,147.442,0,69.0721,-216.514
"MtrElec",9,30,14,"",0.0000078,0,0,0,0,0,0,0,0,0,0,0,0,0,0,0,0,0,0,0,0,123.128,0,77.6771,-200.805
"MtrElec",9,30,15,"",0,0,0,0,0,0,0,0,0,0,0,0,0,0,0,0,0,0,0,0,0,114.089,0,59.0582,-173.148
"MtrElec",9,30,16,"",45.7436,0,0,0,0,0,0,0,0,0,0,0,0,0,0,0,0,0,0,0,0,144.657,0,0,-98.913
"MtrElec",9,30,17,"",101.543,0,0,0,0,0,0,0,0,0,0,0,0,0,0,0,0,0,0,0,0,162.513,0,0,-60.9704
"MtrElec",9,30,18,"",125.601,0,0,0,0,0,0,0,0,0,0,0,0,0,0,0,0,0,0,0,0,145.424,0,0,-19.8227
"MtrElec",9,30,19,"",75.8584,0,0,0,0,0,0,0,0,0,0,0,0,0,0,0,0,0,0,0,0,170.281,0,-94.4224,0
"MtrElec",9,30,20,"",79.7908,0,0,0,0,0,0,0,0,0,0,0,0,0,0,0,0,0,0,0,0,174.213,0,-94.4224,0
"MtrElec",9,30,21,"",94.98,0,0,0,0,0,0,0,0,0,0,0,0,0,0,0,0,0,0,0,0,189.402,0,-94.4224,0
"MtrElec",9,30,22,"",120.464,0,0,0,0,0,0,0,0,0,0,0,0,0,0,0,0,0,0,0,0,127.678,0,-7.21371,0
"MtrElec",9,30,23,"",162.006,0,0,0,0,0,0,0,0,0,0,0,0,0,0,0,0,0,0,0,0,162.006,0,0,0
"MtrElec",9,30,24,"",100.023,0,0,0,0,0,0,0,0,0,0,0,0,0,0,0,0,0,0,0,0,100.023,0,0,0
"MtrElec",10,1,1,"",88.1219,0,0,0,0,0,0,0,0,0,0,0,0,0,0,0,0,0,0,0,0,88.1219,0,0,0
"MtrElec",10,1,2,"",69.5844,0,0,0,0,0,0,0,0,0,0,0,0,0,0,0,0,0,0,0,0,69.5844,0,0,0
"MtrElec",10,1,3,"",66.896,0,0,0,0,0,0,0,0,0,0,0,0,0,0,0,0,0,0,0,0,66.896,0,0,0
"MtrElec",10,1,4,"",66.3235,0,0,0,0,0,0,0,0,0,0,0,0,0,0,0,0,0,0,0,0,66.3235,0,0,0
"MtrElec",10,1,5,"",64.8897,0,0,0,0,0,0,0,0,0,0,0,0,0,0,0,0,0,0,0,0,64.8897,0,0,0
"MtrElec",10,1,6,"",74.7265,0,0,0,0,0,0,0,0,0,0,0,0,0,0,0,0,0,0,0,0,74.7265,0,0,0
"MtrElec",10,1,7,"",118.205,0,0,0,0,0,0,0,0,0,0,0,0,0,0,0,0,0,0,0,0,118.205,0,0,0
"MtrElec",10,1,8,"",122.341,0,0,0,0,0,0,0,0,0,0,0,0,0,0,0,0,0,0,0,0,153.83,0,0,-31.4887
"MtrElec",10,1,9,"",33.033,0,0,0,0,0,0,0,0,0,0,0,0,0,0,0,0,0,0,0,0,135.338,0,0,-102.305
"MtrElec",10,1,10,"",27.014,0,0,0,0,0,0,0,0,0,0,0,0,0,0,0,0,0,0,0,0,190.826,0,0,-163.812
"MtrElec",10,1,11,"",0,0,0,0,0,0,0,0,0,0,0,0,0,0,0,0,0,0,0,0,0,181.624,0,25.1395,-206.763
"MtrElec",10,1,12,"",0.0000020,0,0,0,0,0,0,0,0,0,0,0,0,0,0,0,0,0,0,0,0,208.348,0,29.8214,-238.17
"MtrElec",10,1,13,"",0,0,0,0,0,0,0,0,0,0,0,0,0,0,0,0,0,0,0,0,0,193.587,0,53.5602,-247.147
"MtrElec",10,1,14,"",0.0000039,0,0,0,0,0,0,0,0,0,0,0,0,0,0,0,0,0,0,0,0,178.482,0,63.2619,-241.744
"MtrElec",10,1,15,"",0,0,0,0,0,0,0,0,0,0,0,0,0,0,0,0,0,0,0,0,0,205.557,0,16.8601,-222.417
"MtrElec",10,1,16,"",20.5092,0,0,0,0,0,0,0,0,0,0,0,0,0,0,0,0,0,0,0,0,202.226,0,0,-181.717
"MtrElec",10,1,17,"",100.971,0,0,0,0,0,0,0,0,0,0,0,0,0,0,0,0,0,0,0,0,225.418,0,0,-124.448
"MtrElec",10,1,18,"",202.825,0,0,0,0,0,0,0,0,0,0,0,0,0,0,0,0,0,0,0,0,255.995,0,0,-53.1697
"MtrElec",10,1,19,"",148.351,0,0,0,0,0,0,0,0,0,0,0,0,0,0,0,0,0,0,0,0,245.446,0,-94.4224,-2.67238
"MtrElec",10,1,20,"",170.04,0,0,0,0,0,0,0,0,0,0,0,0,0,0,0,0,0,0,0,0,245.869,0,-75.8281,0
"MtrElec",10,1,21,"",210.435,0,0,0,0,0,0,0,0,0,0,0,0,0,0,0,0,0,0,0,0,210.435,0,0,0
"MtrElec",10,1,22,"",189.135,0,0,0,0,0,0,0,0,0,0,0,0,0,0,0,0,0,0,0,0,189.135,0,0,0
"MtrElec",10,1,23,"",138.144,0,0,0,0,0,0,0,0,0,0,0,0,0,0,0,0,0,0,0,0,138.144,0,0,0
"MtrElec",10,1,24,"",146.811,0,0,0,0,0,0,0,0,0,0,0,0,0,0,0,0,0,0,0,0,146.811,0,0,0
"MtrElec",10,2,1,"",99.4052,0,0,0,0,0,0,0,0,0,0,0,0,0,0,0,0,0,0,0,0,99.4052,0,0,0
"MtrElec",10,2,2,"",86.3169,0,0,0,0,0,0,0,0,0,0,0,0,0,0,0,0,0,0,0,0,86.3169,0,0,0
"MtrElec",10,2,3,"",79.0852,0,0,0,0,0,0,0,0,0,0,0,0,0,0,0,0,0,0,0,0,79.0852,0,0,0
"MtrElec",10,2,4,"",74.6771,0,0,0,0,0,0,0,0,0,0,0,0,0,0,0,0,0,0,0,0,74.6771,0,0,0
"MtrElec",10,2,5,"",71.9613,0,0,0,0,0,0,0,0,0,0,0,0,0,0,0,0,0,0,0,0,71.9613,0,0,0
"MtrElec",10,2,6,"",77.3798,0,0,0,0,0,0,0,0,0,0,0,0,0,0,0,0,0,0,0,0,77.3798,0,0,0
"MtrElec",10,2,7,"",123.035,0,0,0,0,0,0,0,0,0,0,0,0,0,0,0,0,0,0,0,0,123.035,0,0,0
"MtrElec",10,2,8,"",125.585,0,0,0,0,0,0,0,0,0,0,0,0,0,0,0,0,0,0,0,0,158.255,0,0,-32.6699
"MtrElec",10,2,9,"",78.0609,0,0,0,0,0,0,0,0,0,0,0,0,0,0,0,0,0,0,0,0,181.153,0,0,-103.092
"MtrElec",10,2,10,"",9.79639,0,0,0,0,0,0,0,0,0,0,0,0,0,0,0,0,0,0,0,0,174.211,0,0,-164.415
"MtrElec",10,2,11,"",0,0,0,0,0,0,0,0,0,0,0,0,0,0,0,0,0,0,0,0,0,183.74,0,28.91,-212.65
"MtrElec",10,2,12,"",0,0,0,0,0,0,0,0,0,0,0,0,0,0,0,0,0,0,0,0,0,194.942,0,48.9054,-243.848
"MtrElec",10,2,13,"",0.0000039,0,0,0,0,0,0,0,0,0,0,0,0,0,0,0,0,0,0,0,0,190.347,0,64.0998,-254.447
"MtrElec",10,2,14,"",0,0,0,0,0,0,0,0,0,0,0,0,0,0,0,0,0,0,0,0,0,158.519,0,91.2883,-249.807
"MtrElec",10,2,15,"",0,0,0,0,0,0,0,0,0,0,0,0,0,0,0,0,0,0,0,0,0,197.635,0,28.2043,-225.839
"MtrElec",10,2,16,"",11.2436,0,0,0,0,0,0,0,0,0,0,0,0,0,0,0,0,0,0,0,0,194.447,0,0,-183.203
"MtrElec",10,2,17,"",103.806,0,0,0,0,0,0,0,0,0,0,0,0,0,0,0,0,0,0,0,0,226.666,0,0,-122.861
"MtrElec",10,2,18,"",147.792,0,0,0,0,0,0,0,0,0,0,0,0,0,0,0,0,0,0,0,0,198.527,0,0,-50.7353
"MtrElec",10,2,19,"",144.936,0,0,0,0,0,0,0,0,0,0,0,0,0,0,0,0,0,0,0,0,241.693,0,-94.4224,-2.33393
"MtrElec",10,2,20,"",107.144,0,0,0,0,0,0,0,0,0,0,0,0,0,0,0,0,0,0,0,0,201.566,0,-94.4224,0
"MtrElec",10,2,21,"",172.92,0,0,0,0,0,0,0,0,0,0,0,0,0,0,0,0,0,0,0,0,219.996,0,-47.0756,0
"MtrElec",10,2,22,"",172.107,0,0,0,0,0,0,0,0,0,0,0,0,0,0,0,0,0,0,0,0,172.107,0,0,0
"MtrElec",10,2,23,"",210.903,0,0,0,0,0,0,0,0,0,0,0,0,0,0,0,0,0,0,0,0,210.903,0,0,0
"MtrElec",10,2,24,"",131.255,0,0,0,0,0,0,0,0,0,0,0,0,0,0,0,0,0,0,0,0,131.255,0,0,0
"MtrElec",10,3,1,"",94.0014,0,0,0,0,0,0,0,0,0,0,0,0,0,0,0,0,0,0,0,0,94.0014,0,0,0
"MtrElec",10,3,2,"",78.2509,0,0,0,0,0,0,0,0,0,0,0,0,0,0,0,0,0,0,0,0,78.2509,0,0,0
"MtrElec",10,3,3,"",72.422,0,0,0,0,0,0,0,0,0,0,0,0,0,0,0,0,0,0,0,0,72.422,0,0,0
"MtrElec",10,3,4,"",71.0138,0,0,0,0,0,0,0,0,0,0,0,0,0,0,0,0,0,0,0,0,71.0138,0,0,0
"MtrElec",10,3,5,"",74.8654,0,0,0,0,0,0,0,0,0,0,0,0,0,0,0,0,0,0,0,0,74.8654,0,0,0
"MtrElec",10,3,6,"",94.8466,0,0,0,0,0,0,0,0,0,0,0,0,0,0,0,0,0,0,0,0,94.8466,0,0,0
"MtrElec",10,3,7,"",78.7177,0,0,0,0,0,0,0,0,0,0,0,0,0,0,0,0,0,0,0,0,78.7177,0,0,0
"MtrElec",10,3,8,"",68.2672,0,0,0,0,0,0,0,0,0,0,0,0,0,0,0,0,0,0,0,0,102.193,0,0,-33.9261
"MtrElec",10,3,9,"",50.0928,0,0,0,0,0,0,0,0,0,0,0,0,0,0,0,0,0,0,0,0,152.187,0,0,-102.094
"MtrElec",10,3,10,"",0,0,0,0,0,0,0,0,0,0,0,0,0,0,0,0,0,0,0,0,0,153.745,0,11.148,-164.893
"MtrElec",10,3,11,"",0.0000020,0,0,0,0,0,0,0,0,0,0,0,0,0,0,0,0,0,0,0,0,180.35,0,30.1201,-210.471
"MtrElec",10,3,12,"",0,0,0,0,0,0,0,0,0,0,0,0,0,0,0,0,0,0,0,0,0,163.233,0,73.4433,-236.676
"MtrElec",10,3,13,"",0,0,0,0,0,0,0,0,0,0,0,0,0,0,0,0,0,0,0,0,0,182.301,0,68.9715,-251.272
"MtrElec",10,3,14,"",0,0,0,0,0,0,0,0,0,0,0,0,0,0,0,0,0,0,0,0,0,157.799,0,92.5218,-250.321
"MtrElec",10,3,15,"",0,0,0,0,0,0,0,0,0,0,0,0,0,0,0,0,0,0,0,0,0,194.245,0,34.9143,-229.159
"MtrElec",10,3,16,"",0.0000020,0,0,0,0,0,0,0,0,0,0,0,0,0,0,0,0,0,0,0,0,164.248,0,23.8957,-188.144
"MtrElec",10,3,17,"",69.1406,0,0,0,0,0,0,0,0,0,0,0,0,0,0,0,0,0,0,0,0,196.27,0,0,-127.129
"MtrElec",10,3,18,"",148.304,0,0,0,0,0,0,0,0,0,0,0,0,0,0,0,0,0,0,0,0,201.906,0,0,-53.6013
"MtrElec",10,3,19,"",134.58,0,0,0,0,0,0,0,0,0,0,0,0,0,0,0,0,0,0,0,0,231.589,0,-94.4224,-2.58633
"MtrElec",10,3,20,"",119.56,0,0,0,0,0,0,0,0,0,0,0,0,0,0,0,0,0,0,0,0,213.983,0,-94.4224,0
"MtrElec",10,3,21,"",80.1665,0,0,0,0,0,0,0,0,0,0,0,0,0,0,0,0,0,0,0,0,174.589,0,-94.4224,0
"MtrElec",10,3,22,"",111.463,0,0,0,0,0,0,0,0,0,0,0,0,0,0,0,0,0,0,0,0,130.547,0,-19.0835,0
"MtrElec",10,3,23,"",143.081,0,0,0,0,0,0,0,0,0,0,0,0,0,0,0,0,0,0,0,0,143.081,0,0,0
"MtrElec",10,3,24,"",141.139,0,0,0,0,0,0,0,0,0,0,0,0,0,0,0,0,0,0,0,0,141.139,0,0,0
"MtrElec",10,4,1,"",95.9279,0,0,0,0,0,0,0,0,0,0,0,0,0,0,0,0,0,0,0,0,95.9279,0,0,0
"MtrElec",10,4,2,"",72.9823,0,0,0,0,0,0,0,0,0,0,0,0,0,0,0,0,0,0,0,0,72.9823,0,0,0
"MtrElec",10,4,3,"",67.8388,0,0,0,0,0,0,0,0,0,0,0,0,0,0,0,0,0,0,0,0,67.8388,0,0,0
"MtrElec",10,4,4,"",67.2673,0,0,0,0,0,0,0,0,0,0,0,0,0,0,0,0,0,0,0,0,67.2673,0,0,0
"MtrElec",10,4,5,"",72.0234,0,0,0,0,0,0,0,0,0,0,0,0,0,0,0,0,0,0,0,0,72.0234,0,0,0
"MtrElec",10,4,6,"",68.7253,0,0,0,0,0,0,0,0,0,0,0,0,0,0,0,0,0,0,0,0,68.7253,0,0,0
"MtrElec",10,4,7,"",71.3509,0,0,0,0,0,0,0,0,0,0,0,0,0,0,0,0,0,0,0,0,71.3509,0,0,0
"MtrElec",10,4,8,"",80.1146,0,0,0,0,0,0,0,0,0,0,0,0,0,0,0,0,0,0,0,0,104.758,0,0,-24.6438
"MtrElec",10,4,9,"",75.7797,0,0,0,0,0,0,0,0,0,0,0,0,0,0,0,0,0,0,0,0,104.759,0,0,-28.9791
"MtrElec",10,4,10,"",0,0,0,0,0,0,0,0,0,0,0,0,0,0,0,0,0,0,0,0,0,130.334,0,22.5654,-152.899
"MtrElec",10,4,11,"",0.0000039,0,0,0,0,0,0,0,0,0,0,0,0,0,0,0,0,0,0,0,0,175.235,0,49.1305,-224.365
"MtrElec",10,4,12,"",0,0,0,0,0,0,0,0,0,0,0,0,0,0,0,0,0,0,0,0,0,182.474,0,71.0202,-253.494
"MtrElec",10,4,13,"",-2.33809,0,0,0,0,0,0,0,0,0,0,0,0,0,0,0,0,0,0,0,0,167.115,0,94.4224,-263.875
"MtrElec",10,4,14,"",-37.0549,0,0,0,0,0,0,0,0,0,0,0,0,0,0,0,0,0,0,0,0,125.689,0,94.4224,-257.166
"MtrElec",10,4,15,"",-55.5546,0,0,0,0,0,0,0,0,0,0,0,0,0,0,0,0,0,0,0,0,155.675,0,20.7376,-231.967
"MtrElec",10,4,16,"",-52.8182,0,0,0,0,0,0,0,0,0,0,0,0,0,0,0,0,0,0,0,0,135.714,0,0,-188.532
"MtrElec",10,4,17,"",39.0229,0,0,0,0,0,0,0,0,0,0,0,0,0,0,0,0,0,0,0,0,166.916,0,0,-127.894
"MtrElec",10,4,18,"",115.277,0,0,0,0,0,0,0,0,0,0,0,0,0,0,0,0,0,0,0,0,168.423,0,0,-53.1461
"MtrElec",10,4,19,"",125.158,0,0,0,0,0,0,0,0,0,0,0,0,0,0,0,0,0,0,0,0,221.911,0,-94.4224,-2.33033
"MtrElec",10,4,20,"",72.3868,0,0,0,0,0,0,0,0,0,0,0,0,0,0,0,0,0,0,0,0,166.809,0,-94.4224,0
"MtrElec",10,4,21,"",79.2992,0,0,0,0,0,0,0,0,0,0,0,0,0,0,0,0,0,0,0,0,173.722,0,-94.4224,0
"MtrElec",10,4,22,"",106.783,0,0,0,0,0,0,0,0,0,0,0,0,0,0,0,0,0,0,0,0,141.465,0,-34.6821,0
"MtrElec",10,4,23,"",133.208,0,0,0,0,0,0,0,0,0,0,0,0,0,0,0,0,0,0,0,0,133.208,0,0,0
"MtrElec",10,4,24,"",122.523,0,0,0,0,0,0,0,0,0,0,0,0,0,0,0,0,0,0,0,0,122.523,0,0,0
"MtrElec",10,5,1,"",83.5957,0,0,0,0,0,0,0,0,0,0,0,0,0,0,0,0,0,0,0,0,83.5957,0,0,0
"MtrElec",10,5,2,"",73.7636,0,0,0,0,0,0,0,0,0,0,0,0,0,0,0,0,0,0,0,0,73.7636,0,0,0
"MtrElec",10,5,3,"",66.9653,0,0,0,0,0,0,0,0,0,0,0,0,0,0,0,0,0,0,0,0,66.9653,0,0,0
"MtrElec",10,5,4,"",63.4719,0,0,0,0,0,0,0,0,0,0,0,0,0,0,0,0,0,0,0,0,63.4719,0,0,0
"MtrElec",10,5,5,"",62.379,0,0,0,0,0,0,0,0,0,0,0,0,0,0,0,0,0,0,0,0,62.379,0,0,0
"MtrElec",10,5,6,"",68.5356,0,0,0,0,0,0,0,0,0,0,0,0,0,0,0,0,0,0,0,0,68.5356,0,0,0
"MtrElec",10,5,7,"",127.107,0,0,0,0,0,0,0,0,0,0,0,0,0,0,0,0,0,0,0,0,127.107,0,0,0
"MtrElec",10,5,8,"",55.8518,0,0,0,0,0,0,0,0,0,0,0,0,0,0,0,0,0,0,0,0,96.1524,0,0,-40.3006
"MtrElec",10,5,9,"",67.795,0,0,0,0,0,0,0,0,0,0,0,0,0,0,0,0,0,0,0,0,119.807,0,0,-52.0118
"MtrElec",10,5,10,"",27.8838,0,0,0,0,0,0,0,0,0,0,0,0,0,0,0,0,0,0,0,0,109.23,0,0,-81.346
"MtrElec",10,5,11,"",0.0000039,0,0,0,0,0,0,0,0,0,0,0,0,0,0,0,0,0,0,0,0,126.626,0,58.0067,-184.633
"MtrElec",10,5,12,"",-15.2746,0,0,0,0,0,0,0,0,0,0,0,0,0,0,0,0,0,0,0,0,113.75,0,94.4224,-223.447
"MtrElec",10,5,13,"",-26.605,0,0,0,0,0,0,0,0,0,0,0,0,0,0,0,0,0,0,0,0,105.068,0,94.4224,-226.095
"MtrElec",10,5,14,"",-40.8672,0,0,0,0,0,0,0,0,0,0,0,0,0,0,0,0,0,0,0,0,115.457,0,94.4224,-250.747
"MtrElec",10,5,15,"",-113.07,0,0,0,0,0,0,0,0,0,0,0,0,0,0,0,0,0,0,0,0,105.591,0,11.0245,-229.686
"MtrElec",10,5,16,"",-30.5608,0,0,0,0,0,0,0,0,0,0,0,0,0,0,0,0,0,0,0,0,154.344,0,0,-184.905
"MtrElec",10,5,17,"",39.7079,0,0,0,0,0,0,0,0,0,0,0,0,0,0,0,0,0,0,0,0,161.573,0,0,-121.865
"MtrElec",10,5,18,"",119.679,0,0,0,0,0,0,0,0,0,0,0,0,0,0,0,0,0,0,0,0,168.606,0,0,-48.927
"MtrElec",10,5,19,"",87.3415,0,0,0,0,0,0,0,0,0,0,0,0,0,0,0,0,0,0,0,0,183.638,0,-94.4224,-1.87398
"MtrElec",10,5,20,"",87.1601,0,0,0,0,0,0,0,0,0,0,0,0,0,0,0,0,0,0,0,0,181.582,0,-94.4224,0
"MtrElec",10,5,21,"",84.8507,0,0,0,0,0,0,0,0,0,0,0,0,0,0,0,0,0,0,0,0,179.273,0,-94.4224,0
"MtrElec",10,5,22,"",92.5201,0,0,0,0,0,0,0,0,0,0,0,0,0,0,0,0,0,0,0,0,127.202,0,-34.6821,0
"MtrElec",10,5,23,"",145.272,0,0,0,0,0,0,0,0,0,0,0,0,0,0,0,0,0,0,0,0,145.272,0,0,0
"MtrElec",10,5,24,"",101.775,0,0,0,0,0,0,0,0,0,0,0,0,0,0,0,0,0,0,0,0,101.775,0,0,0
"MtrElec",10,6,1,"",86.5384,0,0,0,0,0,0,0,0,0,0,0,0,0,0,0,0,0,0,0,0,86.5384,0,0,0
"MtrElec",10,6,2,"",68.7461,0,0,0,0,0,0,0,0,0,0,0,0,0,0,0,0,0,0,0,0,68.7461,0,0,0
"MtrElec",10,6,3,"",68.6697,0,0,0,0,0,0,0,0,0,0,0,0,0,0,0,0,0,0,0,0,68.6697,0,0,0
"MtrElec",10,6,4,"",68.0821,0,0,0,0,0,0,0,0,0,0,0,0,0,0,0,0,0,0,0,0,68.0821,0,0,0
"MtrElec",10,6,5,"",67.1431,0,0,0,0,0,0,0,0,0,0,0,0,0,0,0,0,0,0,0,0,67.1431,0,0,0
"MtrElec",10,6,6,"",91.8835,0,0,0,0,0,0,0,0,0,0,0,0,0,0,0,0,0,0,0,0,91.8835,0,0,0
"MtrElec",10,6,7,"",91.5105,0,0,0,0,0,0,0,0,0,0,0,0,0,0,0,0,0,0,0,0,91.5105,0,0,0
"MtrElec",10,6,8,"",128.017,0,0,0,0,0,0,0,0,0,0,0,0,0,0,0,0,0,0,0,0,144.209,0,0,-16.1928
"MtrElec",10,6,9,"",57.3894,0,0,0,0,0,0,0,0,0,0,0,0,0,0,0,0,0,0,0,0,126.937,0,0,-69.5473
"MtrElec",10,6,10,"",29.4851,0,0,0,0,0,0,0,0,0,0,0,0,0,0,0,0,0,0,0,0,137.272,0,0,-107.787
"MtrElec",10,6,11,"",0.0000005,0,0,0,0,0,0,0,0,0,0,0,0,0,0,0,0,0,0,0,0,171.158,0,5.68925,-176.847
"MtrElec",10,6,12,"",0,0,0,0,0,0,0,0,0,0,0,0,0,0,0,0,0,0,0,0,0,133.34,0,84.0421,-217.382
"MtrElec",10,6,13,"",0,0,0,0,0,0,0,0,0,0,0,0,0,0,0,0,0,0,0,0,0,134.92,0,87.1223,-222.042
"MtrElec",10,6,14,"",0,0,0,0,0,0,0,0,0,0,0,0,0,0,0,0,0,0,0,0,0,118.909,0,79.4277,-198.337
"MtrElec",10,6,15,"",0,0,0,0,0,0,0,0,0,0,0,0,0,0,0,0,0,0,0,0,0,140.04,0,48.6889,-188.729
"MtrElec",10,6,16,"",0,0,0,0,0,0,0,0,0,0,0,0,0,0,0,0,0,0,0,0,0,133.933,0,1.787,-135.72
"MtrElec",10,6,17,"",77.038,0,0,0,0,0,0,0,0,0,0,0,0,0,0,0,0,0,0,0,0,165.946,0,0,-88.9077
"MtrElec",10,6,18,"",148.406,0,0,0,0,0,0,0,0,0,0,0,0,0,0,0,0,0,0,0,0,189.542,0,0,-41.1363
"MtrElec",10,6,19,"",88.1698,0,0,0,0,0,0,0,0,0,0,0,0,0,0,0,0,0,0,0,0,184.101,0,-94.4224,-1.5088
"MtrElec",10,6,20,"",72.3319,0,0,0,0,0,0,0,0,0,0,0,0,0,0,0,0,0,0,0,0,166.754,0,-94.4224,0
"MtrElec",10,6,21,"",102.475,0,0,0,0,0,0,0,0,0,0,0,0,0,0,0,0,0,0,0,0,190.479,0,-88.0036,0
"MtrElec",10,6,22,"",138.977,0,0,0,0,0,0,0,0,0,0,0,0,0,0,0,0,0,0,0,0,138.977,0,0,0
"MtrElec",10,6,23,"",159.378,0,0,0,0,0,0,0,0,0,0,0,0,0,0,0,0,0,0,0,0,159.378,0,0,0
"MtrElec",10,6,24,"",112.192,0,0,0,0,0,0,0,0,0,0,0,0,0,0,0,0,0,0,0,0,112.192,0,0,0
"MtrElec",10,7,1,"",81.949,0,0,0,0,0,0,0,0,0,0,0,0,0,0,0,0,0,0,0,0,81.949,0,0,0
"MtrElec",10,7,2,"",70.3802,0,0,0,0,0,0,0,0,0,0,0,0,0,0,0,0,0,0,0,0,70.3802,0,0,0
"MtrElec",10,7,3,"",66.4562,0,0,0,0,0,0,0,0,0,0,0,0,0,0,0,0,0,0,0,0,66.4562,0,0,0
"MtrElec",10,7,4,"",64.9845,0,0,0,0,0,0,0,0,0,0,0,0,0,0,0,0,0,0,0,0,64.9845,0,0,0
"MtrElec",10,7,5,"",63.3443,0,0,0,0,0,0,0,0,0,0,0,0,0,0,0,0,0,0,0,0,63.3443,0,0,0
"MtrElec",10,7,6,"",88.2205,0,0,0,0,0,0,0,0,0,0,0,0,0,0,0,0,0,0,0,0,88.2205,0,0,0
"MtrElec",10,7,7,"",87.5043,0,0,0,0,0,0,0,0,0,0,0,0,0,0,0,0,0,0,0,0,87.5043,0,0,0
"MtrElec",10,7,8,"",99.6452,0,0,0,0,0,0,0,0,0,0,0,0,0,0,0,0,0,0,0,0,132.046,0,0,-32.4009
"MtrElec",10,7,9,"",24.7317,0,0,0,0,0,0,0,0,0,0,0,0,0,0,0,0,0,0,0,0,127.203,0,0,-102.472
"MtrElec",10,7,10,"",4.2047,0,0,0,0,0,0,0,0,0,0,0,0,0,0,0,0,0,0,0,0,171.292,0,0,-167.088
"MtrElec",10,7,11,"",0.0000039,0,0,0,0,0,0,0,0,0,0,0,0,0,0,0,0,0,0,0,0,165.8,0,47.1452,-212.946
"MtrElec",10,7,12,"",-2.39977,0,0,0,0,0,0,0,0,0,0,0,0,0,0,0,0,0,0,0,0,147.403,0,94.4224,-244.225
"MtrElec",10,7,13,"",-19.7622,0,0,0,0,0,0,0,0,0,0,0,0,0,0,0,0,0,0,0,0,140.188,0,94.4224,-254.372
"MtrElec",10,7,14,"",-21.3294,0,0,0,0,0,0,0,0,0,0,0,0,0,0,0,0,0,0,0,0,131.994,0,94.4224,-247.746
"MtrElec",10,7,15,"",-80.7329,0,0,0,0,0,0,0,0,0,0,0,0,0,0,0,0,0,0,0,0,124.867,0,21.886,-227.485
"MtrElec",10,7,16,"",-12.959,0,0,0,0,0,0,0,0,0,0,0,0,0,0,0,0,0,0,0,0,171.832,0,0,-184.791
"MtrElec",10,7,17,"",51.7512,0,0,0,0,0,0,0,0,0,0,0,0,0,0,0,0,0,0,0,0,173.067,0,0,-121.316
"MtrElec",10,7,18,"",131.223,0,0,0,0,0,0,0,0,0,0,0,0,0,0,0,0,0,0,0,0,178.784,0,0,-47.5607
"MtrElec",10,7,19,"",98.6997,0,0,0,0,0,0,0,0,0,0,0,0,0,0,0,0,0,0,0,0,194.677,0,-94.4224,-1.55443
"MtrElec",10,7,20,"",129.398,0,0,0,0,0,0,0,0,0,0,0,0,0,0,0,0,0,0,0,0,223.821,0,-94.4224,0
"MtrElec",10,7,21,"",84.7641,0,0,0,0,0,0,0,0,0,0,0,0,0,0,0,0,0,0,0,0,179.186,0,-94.4224,0
"MtrElec",10,7,22,"",129.786,0,0,0,0,0,0,0,0,0,0,0,0,0,0,0,0,0,0,0,0,164.468,0,-34.6821,0
"MtrElec",10,7,23,"",122.536,0,0,0,0,0,0,0,0,0,0,0,0,0,0,0,0,0,0,0,0,122.536,0,0,0
"MtrElec",10,7,24,"",91.0014,0,0,0,0,0,0,0,0,0,0,0,0,0,0,0,0,0,0,0,0,91.0014,0,0,0
"MtrElec",10,8,1,"",83.0324,0,0,0,0,0,0,0,0,0,0,0,0,0,0,0,0,0,0,0,0,83.0324,0,0,0
"MtrElec",10,8,2,"",71.2479,0,0,0,0,0,0,0,0,0,0,0,0,0,0,0,0,0,0,0,0,71.2479,0,0,0
"MtrElec",10,8,3,"",91.4624,0,0,0,0,0,0,0,0,0,0,0,0,0,0,0,0,0,0,0,0,91.4624,0,0,0
"MtrElec",10,8,4,"",64.2683,0,0,0,0,0,0,0,0,0,0,0,0,0,0,0,0,0,0,0,0,64.2683,0,0,0
"MtrElec",10,8,5,"",62.9144,0,0,0,0,0,0,0,0,0,0,0,0,0,0,0,0,0,0,0,0,62.9144,0,0,0
"MtrElec",10,8,6,"",70.5709,0,0,0,0,0,0,0,0,0,0,0,0,0,0,0,0,0,0,0,0,70.5709,0,0,0
"MtrElec",10,8,7,"",104.808,0,0,0,0,0,0,0,0,0,0,0,0,0,0,0,0,0,0,0,0,104.808,0,0,0
"MtrElec",10,8,8,"",122.704,0,0,0,0,0,0,0,0,0,0,0,0,0,0,0,0,0,0,0,0,143.739,0,0,-21.0349
"MtrElec",10,8,9,"",52.2318,0,0,0,0,0,0,0,0,0,0,0,0,0,0,0,0,0,0,0,0,111.484,0,0,-59.2524
"MtrElec",10,8,10,"",74.5305,0,0,0,0,0,0,0,0,0,0,0,0,0,0,0,0,0,0,0,0,127.642,0,0,-53.1118
"MtrElec",10,8,11,"",0,0,0,0,0,0,0,0,0,0,0,0,0,0,0,0,0,0,0,0,0,124.83,0,74.7894,-199.62
"MtrElec",10,8,12,"",-17.2225,0,0,0,0,0,0,0,0,0,0,0,0,0,0,0,0,0,0,0,0,135.984,0,94.4224,-247.629
"MtrElec",10,8,13,"",-44.8843,0,0,0,0,0,0,0,0,0,0,0,0,0,0,0,0,0,0,0,0,121.906,0,94.4224,-261.212
"MtrElec",10,8,14,"",-73.9313,0,0,0,0,0,0,0,0,0,0,0,0,0,0,0,0,0,0,0,0,91.95,0,88.6642,-254.546
"MtrElec",10,8,15,"",-119.936,0,0,0,0,0,0,0,0,0,0,0,0,0,0,0,0,0,0,0,0,108.982,0,0,-228.917
"MtrElec",10,8,16,"",-31.9624,0,0,0,0,0,0,0,0,0,0,0,0,0,0,0,0,0,0,0,0,153.189,0,0,-185.151
"MtrElec",10,8,17,"",48.7166,0,0,0,0,0,0,0,0,0,0,0,0,0,0,0,0,0,0,0,0,171.174,0,0,-122.458
"MtrElec",10,8,18,"",112.109,0,0,0,0,0,0,0,0,0,0,0,0,0,0,0,0,0,0,0,0,159.917,0,0,-47.8077
"MtrElec",10,8,19,"",84.1113,0,0,0,0,0,0,0,0,0,0,0,0,0,0,0,0,0,0,0,0,179.847,0,-94.4224,-1.31299
"MtrElec",10,8,20,"",60.6102,0,0,0,0,0,0,0,0,0,0,0,0,0,0,0,0,0,0,0,0,155.033,0,-94.4224,0
"MtrElec",10,8,21,"",79.0412,0,0,0,0,0,0,0,0,0,0,0,0,0,0,0,0,0,0,0,0,173.464,0,-94.4224,0
"MtrElec",10,8,22,"",95.851,0,0,0,0,0,0,0,0,0,0,0,0,0,0,0,0,0,0,0,0,130.533,0,-34.6821,0
"MtrElec",10,8,23,"",152.755,0,0,0,0,0,0,0,0,0,0,0,0,0,0,0,0,0,0,0,0,152.755,0,0,0
"MtrElec",10,8,24,"",94.3365,0,0,0,0,0,0,0,0,0,0,0,0,0,0,0,0,0,0,0,0,94.3365,0,0,0
"MtrElec",10,9,1,"",79.4486,0,0,0,0,0,0,0,0,0,0,0,0,0,0,0,0,0,0,0,0,79.4486,0,0,0
"MtrElec",10,9,2,"",66.6957,0,0,0,0,0,0,0,0,0,0,0,0,0,0,0,0,0,0,0,0,66.6957,0,0,0
"MtrElec",10,9,3,"",63.9746,0,0,0,0,0,0,0,0,0,0,0,0,0,0,0,0,0,0,0,0,63.9746,0,0,0
"MtrElec",10,9,4,"",63.3935,0,0,0,0,0,0,0,0,0,0,0,0,0,0,0,0,0,0,0,0,63.3935,0,0,0
"MtrElec",10,9,5,"",62.782,0,0,0,0,0,0,0,0,0,0,0,0,0,0,0,0,0,0,0,0,62.782,0,0,0
"MtrElec",10,9,6,"",71.0578,0,0,0,0,0,0,0,0,0,0,0,0,0,0,0,0,0,0,0,0,71.0578,0,0,0
"MtrElec",10,9,7,"",115.132,0,0,0,0,0,0,0,0,0,0,0,0,0,0,0,0,0,0,0,0,115.132,0,0,0
"MtrElec",10,9,8,"",101.379,0,0,0,0,0,0,0,0,0,0,0,0,0,0,0,0,0,0,0,0,118.768,0,0,-17.3894
"MtrElec",10,9,9,"",89.4716,0,0,0,0,0,0,0,0,0,0,0,0,0,0,0,0,0,0,0,0,151.253,0,0,-61.7814
"MtrElec",10,9,10,"",0,0,0,0,0,0,0,0,0,0,0,0,0,0,0,0,0,0,0,0,0,101.804,0,41.7388,-143.542
"MtrElec",10,9,11,"",0,0,0,0,0,0,0,0,0,0,0,0,0,0,0,0,0,0,0,0,0,159.374,0,53.143,-212.517
"MtrElec",10,9,12,"",-46.7799,0,0,0,0,0,0,0,0,0,0,0,0,0,0,0,0,0,0,0,0,103.383,0,94.4224,-244.586
"MtrElec",10,9,13,"",-9.38673,0,0,0,0,0,0,0,0,0,0,0,0,0,0,0,0,0,0,0,0,138.344,0,94.4224,-242.153
"MtrElec",10,9,14,"",-28.3709,0,0,0,0,0,0,0,0,0,0,0,0,0,0,0,0,0,0,0,0,96.8536,0,68.5719,-193.796
"MtrElec",10,9,15,"",-121.8,0,0,0,0,0,0,0,0,0,0,0,0,0,0,0,0,0,0,0,0,104.478,0,0,-226.278
"MtrElec",10,9,16,"",-15.9249,0,0,0,0,0,0,0,0,0,0,0,0,0,0,0,0,0,0,0,0,142.476,0,0,-158.4
"MtrElec",10,9,17,"",36.048,0,0,0,0,0,0,0,0,0,0,0,0,0,0,0,0,0,0,0,0,155.051,0,0,-119.003
"MtrElec",10,9,18,"",103.242,0,0,0,0,0,0,0,0,0,0,0,0,0,0,0,0,0,0,0,0,148.096,0,0,-44.8538
"MtrElec",10,9,19,"",104.376,0,0,0,0,0,0,0,0,0,0,0,0,0,0,0,0,0,0,0,0,199.717,0,-94.4224,-0.917853
"MtrElec",10,9,20,"",90.5561,0,0,0,0,0,0,0,0,0,0,0,0,0,0,0,0,0,0,0,0,184.979,0,-94.4224,0
"MtrElec",10,9,21,"",134.637,0,0,0,0,0,0,0,0,0,0,0,0,0,0,0,0,0,0,0,0,229.059,0,-94.4224,0
"MtrElec",10,9,22,"",91.8128,0,0,0,0,0,0,0,0,0,0,0,0,0,0,0,0,0,0,0,0,126.495,0,-34.6821,0
"MtrElec",10,9,23,"",195.431,0,0,0,0,0,0,0,0,0,0,0,0,0,0,0,0,0,0,0,0,195.431,0,0,0
"MtrElec",10,9,24,"",121.225,0,0,0,0,0,0,0,0,0,0,0,0,0,0,0,0,0,0,0,0,121.225,0,0,0
"MtrElec",10,10,1,"",73.3225,0,0,0,0,0,0,0,0,0,0,0,0,0,0,0,0,0,0,0,0,73.3225,0,0,0
"MtrElec",10,10,2,"",68.8147,0,0,0,0,0,0,0,0,0,0,0,0,0,0,0,0,0,0,0,0,68.8147,0,0,0
"MtrElec",10,10,3,"",65.4172,0,0,0,0,0,0,0,0,0,0,0,0,0,0,0,0,0,0,0,0,65.4172,0,0,0
"MtrElec",10,10,4,"",69.0689,0,0,0,0,0,0,0,0,0,0,0,0,0,0,0,0,0,0,0,0,69.0689,0,0,0
"MtrElec",10,10,5,"",94.1358,0,0,0,0,0,0,0,0,0,0,0,0,0,0,0,0,0,0,0,0,94.1358,0,0,0
"MtrElec",10,10,6,"",67.4897,0,0,0,0,0,0,0,0,0,0,0,0,0,0,0,0,0,0,0,0,67.4897,0,0,0
"MtrElec",10,10,7,"",99.2496,0,0,0,0,0,0,0,0,0,0,0,0,0,0,0,0,0,0,0,0,99.2496,0,0,0
"MtrElec",10,10,8,"",41.6238,0,0,0,0,0,0,0,0,0,0,0,0,0,0,0,0,0,0,0,0,76.9844,0,0,-35.3605
"MtrElec",10,10,9,"",35.3197,0,0,0,0,0,0,0,0,0,0,0,0,0,0,0,0,0,0,0,0,133.106,0,0,-97.7865
"MtrElec",10,10,10,"",41.0088,0,0,0,0,0,0,0,0,0,0,0,0,0,0,0,0,0,0,0,0,133.393,0,0,-92.3841
"MtrElec",10,10,11,"",29.7185,0,0,0,0,0,0,0,0,0,0,0,0,0,0,0,0,0,0,0,0,172.135,0,0,-142.416
"MtrElec",10,10,12,"",-10.8772,0,0,0,0,0,0,0,0,0,0,0,0,0,0,0,0,0,0,0,0,135.671,0,94.4224,-240.97
"MtrElec",10,10,13,"",-11.4887,0,0,0,0,0,0,0,0,0,0,0,0,0,0,0,0,0,0,0,0,159.405,0,94.4224,-265.316
"MtrElec",10,10,14,"",-52.0498,0,0,0,0,0,0,0,0,0,0,0,0,0,0,0,0,0,0,0,0,110.913,0,94.4224,-257.386
"MtrElec",10,10,15,"",0.0000039,0,0,0,0,0,0,0,0,0,0,0,0,0,0,0,0,0,0,0,0,169.003,0,62.8121,-231.815
"MtrElec",10,10,16,"",-63.9279,0,0,0,0,0,0,0,0,0,0,0,0,0,0,0,0,0,0,0,0,120.117,0,6.2191,-190.264
"MtrElec",10,10,17,"",14.5976,0,0,0,0,0,0,0,0,0,0,0,0,0,0,0,0,0,0,0,0,140.716,0,0,-126.119
"MtrElec",10,10,18,"",141.433,0,0,0,0,0,0,0,0,0,0,0,0,0,0,0,0,0,0,0,0,189.454,0,0,-48.0216
"MtrElec",10,10,19,"",105.58,0,0,0,0,0,0,0,0,0,0,0,0,0,0,0,0,0,0,0,0,201.085,0,-94.4224,-1.0819
"MtrElec",10,10,20,"",106.247,0,0,0,0,0,0,0,0,0,0,0,0,0,0,0,0,0,0,0,0,200.669,0,-94.4224,0
"MtrElec",10,10,21,"",120.644,0,0,0,0,0,0,0,0,0,0,0,0,0,0,0,0,0,0,0,0,215.066,0,-94.4224,0
"MtrElec",10,10,22,"",164.208,0,0,0,0,0,0,0,0,0,0,0,0,0,0,0,0,0,0,0,0,198.89,0,-34.6821,0
"MtrElec",10,10,23,"",95.0564,0,0,0,0,0,0,0,0,0,0,0,0,0,0,0,0,0,0,0,0,95.0564,0,0,0
"MtrElec",10,10,24,"",104.833,0,0,0,0,0,0,0,0,0,0,0,0,0,0,0,0,0,0,0,0,104.833,0,0,0
"MtrElec",10,11,1,"",70.6402,0,0,0,0,0,0,0,0,0,0,0,0,0,0,0,0,0,0,0,0,70.6402,0,0,0
"MtrElec",10,11,2,"",66.1126,0,0,0,0,0,0,0,0,0,0,0,0,0,0,0,0,0,0,0,0,66.1126,0,0,0
"MtrElec",10,11,3,"",64.7112,0,0,0,0,0,0,0,0,0,0,0,0,0,0,0,0,0,0,0,0,64.7112,0,0,0
"MtrElec",10,11,4,"",88.4846,0,0,0,0,0,0,0,0,0,0,0,0,0,0,0,0,0,0,0,0,88.4846,0,0,0
"MtrElec",10,11,5,"",88.8511,0,0,0,0,0,0,0,0,0,0,0,0,0,0,0,0,0,0,0,0,88.8511,0,0,0
"MtrElec",10,11,6,"",65.5421,0,0,0,0,0,0,0,0,0,0,0,0,0,0,0,0,0,0,0,0,65.5421,0,0,0
"MtrElec",10,11,7,"",73.2419,0,0,0,0,0,0,0,0,0,0,0,0,0,0,0,0,0,0,0,0,73.2419,0,0,0
"MtrElec",10,11,8,"",89.8455,0,0,0,0,0,0,0,0,0,0,0,0,0,0,0,0,0,0,0,0,117.147,0,0,-27.3018
"MtrElec",10,11,9,"",43.2391,0,0,0,0,0,0,0,0,0,0,0,0,0,0,0,0,0,0,0,0,127.268,0,0,-84.0293
"MtrElec",10,11,10,"",71.4599,0,0,0,0,0,0,0,0,0,0,0,0,0,0,0,0,0,0,0,0,157.943,0,0,-86.483
"MtrElec",10,11,11,"",149.605,0,0,0,0,0,0,0,0,0,0,0,0,0,0,0,0,0,0,0,0,170.804,0,0,-21.1988
"MtrElec",10,11,12,"",140.736,0,0,0,0,0,0,0,0,0,0,0,0,0,0,0,0,0,0,0,0,151.196,0,0,-10.4608
"MtrElec",10,11,13,"",145.486,0,0,0,0,0,0,0,0,0,0,0,0,0,0,0,0,0,0,0,0,186.476,0,0,-40.9901
"MtrElec",10,11,14,"",0,0,0,0,0,0,0,0,0,0,0,0,0,0,0,0,0,0,0,0,0,117.201,0,54.9616,-172.163
"MtrElec",10,11,15,"",0,0,0,0,0,0,0,0,0,0,0,0,0,0,0,0,0,0,0,0,0,155.617,0,67.8242,-223.442
"MtrElec",10,11,16,"",0.0000039,0,0,0,0,0,0,0,0,0,0,0,0,0,0,0,0,0,0,0,0,85.7768,0,43.3868,-129.164
"MtrElec",10,11,17,"",85.1238,0,0,0,0,0,0,0,0,0,0,0,0,0,0,0,0,0,0,0,0,93.1753,0,0,-8.05146
"MtrElec",10,11,18,"",132.566,0,0,0,0,0,0,0,0,0,0,0,0,0,0,0,0,0,0,0,0,133.574,0,0,-1.0084
"MtrElec",10,11,19,"",96.4755,0,0,0,0,0,0,0,0,0,0,0,0,0,0,0,0,0,0,0,0,190.898,0,-94.4224,0
"MtrElec",10,11,20,"",98.3802,0,0,0,0,0,0,0,0,0,0,0,0,0,0,0,0,0,0,0,0,153.928,0,-55.5483,0
"MtrElec",10,11,21,"",148.762,0,0,0,0,0,0,0,0,0,0,0,0,0,0,0,0,0,0,0,0,148.762,0,0,0
"MtrElec",10,11,22,"",166.642,0,0,0,0,0,0,0,0,0,0,0,0,0,0,0,0,0,0,0,0,166.642,0,0,0
"MtrElec",10,11,23,"",102.866,0,0,0,0,0,0,0,0,0,0,0,0,0,0,0,0,0,0,0,0,102.866,0,0,0
"MtrElec",10,11,24,"",93.7946,0,0,0,0,0,0,0,0,0,0,0,0,0,0,0,0,0,0,0,0,93.7946,0,0,0
"MtrElec",10,12,1,"",67.6313,0,0,0,0,0,0,0,0,0,0,0,0,0,0,0,0,0,0,0,0,67.6313,0,0,0
"MtrElec",10,12,2,"",65.8239,0,0,0,0,0,0,0,0,0,0,0,0,0,0,0,0,0,0,0,0,65.8239,0,0,0
"MtrElec",10,12,3,"",65.9799,0,0,0,0,0,0,0,0,0,0,0,0,0,0,0,0,0,0,0,0,65.9799,0,0,0
"MtrElec",10,12,4,"",91.5487,0,0,0,0,0,0,0,0,0,0,0,0,0,0,0,0,0,0,0,0,91.5487,0,0,0
"MtrElec",10,12,5,"",65.7987,0,0,0,0,0,0,0,0,0,0,0,0,0,0,0,0,0,0,0,0,65.7987,0,0,0
"MtrElec",10,12,6,"",67.1908,0,0,0,0,0,0,0,0,0,0,0,0,0,0,0,0,0,0,0,0,67.1908,0,0,0
"MtrElec",10,12,7,"",117.786,0,0,0,0,0,0,0,0,0,0,0,0,0,0,0,0,0,0,0,0,117.786,0,0,0
"MtrElec",10,12,8,"",107.257,0,0,0,0,0,0,0,0,0,0,0,0,0,0,0,0,0,0,0,0,139.69,0,0,-32.4329
"MtrElec",10,12,9,"",40.5654,0,0,0,0,0,0,0,0,0,0,0,0,0,0,0,0,0,0,0,0,116.177,0,0,-75.6115
"MtrElec",10,12,10,"",0,0,0,0,0,0,0,0,0,0,0,0,0,0,0,0,0,0,0,0,0,134.159,0,16.0011,-150.16
"MtrElec",10,12,11,"",8.30052,0,0,0,0,0,0,0,0,0,0,0,0,0,0,0,0,0,0,0,0,105.03,0,0,-96.7292
"MtrElec",10,12,12,"",58.3571,0,0,0,0,0,0,0,0,0,0,0,0,0,0,0,0,0,0,0,0,140.076,0,0,-81.7184
"MtrElec",10,12,13,"",6.2964,0,0,0,0,0,0,0,0,0,0,0,0,0,0,0,0,0,0,0,0,133.369,0,0,-127.073
"MtrElec",10,12,14,"",0.0000039,0,0,0,0,0,0,0,0,0,0,0,0,0,0,0,0,0,0,0,0,74.4038,0,63.5353,-137.939
"MtrElec",10,12,15,"",0,0,0,0,0,0,0,0,0,0,0,0,0,0,0,0,0,0,0,0,0,97.9963,0,68.715,-166.711
"MtrElec",10,12,16,"",0,0,0,0,0,0,0,0,0,0,0,0,0,0,0,0,0,0,0,0,0,84.9954,0,2.63081,-87.6262
"MtrElec",10,12,17,"",71.7256,0,0,0,0,0,0,0,0,0,0,0,0,0,0,0,0,0,0,0,0,101.312,0,0,-29.586
"MtrElec",10,12,18,"",151.323,0,0,0,0,0,0,0,0,0,0,0,0,0,0,0,0,0,0,0,0,157.035,0,0,-5.71226
"MtrElec",10,12,19,"",49.3018,0,0,0,0,0,0,0,0,0,0,0,0,0,0,0,0,0,0,0,0,143.94,0,-94.4224,-0.216164
"MtrElec",10,12,20,"",131.645,0,0,0,0,0,0,0,0,0,0,0,0,0,0,0,0,0,0,0,0,173.393,0,-41.7488,0
"MtrElec",10,12,21,"",169.698,0,0,0,0,0,0,0,0,0,0,0,0,0,0,0,0,0,0,0,0,169.698,0,0,0
"MtrElec",10,12,22,"",137.203,0,0,0,0,0,0,0,0,0,0,0,0,0,0,0,0,0,0,0,0,137.203,0,0,0
"MtrElec",10,12,23,"",149.895,0,0,0,0,0,0,0,0,0,0,0,0,0,0,0,0,0,0,0,0,149.895,0,0,0
"MtrElec",10,12,24,"",105.927,0,0,0,0,0,0,0,0,0,0,0,0,0,0,0,0,0,0,0,0,105.927,0,0,0
"MtrElec",10,13,1,"",95.8839,0,0,0,0,0,0,0,0,0,0,0,0,0,0,0,0,0,0,0,0,95.8839,0,0,0
"MtrElec",10,13,2,"",65.9127,0,0,0,0,0,0,0,0,0,0,0,0,0,0,0,0,0,0,0,0,65.9127,0,0,0
"MtrElec",10,13,3,"",63.1427,0,0,0,0,0,0,0,0,0,0,0,0,0,0,0,0,0,0,0,0,63.1427,0,0,0
"MtrElec",10,13,4,"",62.3282,0,0,0,0,0,0,0,0,0,0,0,0,0,0,0,0,0,0,0,0,62.3282,0,0,0
"MtrElec",10,13,5,"",61.6127,0,0,0,0,0,0,0,0,0,0,0,0,0,0,0,0,0,0,0,0,61.6127,0,0,0
"MtrElec",10,13,6,"",72.1552,0,0,0,0,0,0,0,0,0,0,0,0,0,0,0,0,0,0,0,0,72.1552,0,0,0
"MtrElec",10,13,7,"",124.003,0,0,0,0,0,0,0,0,0,0,0,0,0,0,0,0,0,0,0,0,124.003,0,0,0
"MtrElec",10,13,8,"",73.2177,0,0,0,0,0,0,0,0,0,0,0,0,0,0,0,0,0,0,0,0,103.798,0,0,-30.5799
"MtrElec",10,13,9,"",16.2558,0,0,0,0,0,0,0,0,0,0,0,0,0,0,0,0,0,0,0,0,115.243,0,0,-98.9868
"MtrElec",10,13,10,"",0.0000039,0,0,0,0,0,0,0,0,0,0,0,0,0,0,0,0,0,0,0,0,116.806,0,46.6981,-163.504
"MtrElec",10,13,11,"",0.0000078,0,0,0,0,0,0,0,0,0,0,0,0,0,0,0,0,0,0,0,0,120.969,0,93.4562,-214.425
"MtrElec",10,13,12,"",-15.5063,0,0,0,0,0,0,0,0,0,0,0,0,0,0,0,0,0,0,0,0,136.285,0,94.4224,-246.213
"MtrElec",10,13,13,"",-60.2689,0,0,0,0,0,0,0,0,0,0,0,0,0,0,0,0,0,0,0,0,101.63,0,94.4224,-256.321
"MtrElec",10,13,14,"",-141.08,0,0,0,0,0,0,0,0,0,0,0,0,0,0,0,0,0,0,0,0,85.3526,0,23.2993,-249.732
"MtrElec",10,13,15,"",-136.62,0,0,0,0,0,0,0,0,0,0,0,0,0,0,0,0,0,0,0,0,82.0705,0,0,-218.691
"MtrElec",10,13,16,"",-25.0682,0,0,0,0,0,0,0,0,0,0,0,0,0,0,0,0,0,0,0,0,117.916,0,0,-142.984
"MtrElec",10,13,17,"",13.8186,0,0,0,0,0,0,0,0,0,0,0,0,0,0,0,0,0,0,0,0,119.593,0,0,-105.775
"MtrElec",10,13,18,"",122.657,0,0,0,0,0,0,0,0,0,0,0,0,0,0,0,0,0,0,0,0,158.604,0,0,-35.9469
"MtrElec",10,13,19,"",62.3224,0,0,0,0,0,0,0,0,0,0,0,0,0,0,0,0,0,0,0,0,156.804,0,-94.4224,-0.0593247
"MtrElec",10,13,20,"",80.4968,0,0,0,0,0,0,0,0,0,0,0,0,0,0,0,0,0,0,0,0,174.919,0,-94.4224,0
"MtrElec",10,13,21,"",47.5212,0,0,0,0,0,0,0,0,0,0,0,0,0,0,0,0,0,0,0,0,141.944,0,-94.4224,0
"MtrElec",10,13,22,"",108.348,0,0,0,0,0,0,0,0,0,0,0,0,0,0,0,0,0,0,0,0,143.03,0,-34.6821,0
"MtrElec",10,13,23,"",101.402,0,0,0,0,0,0,0,0,0,0,0,0,0,0,0,0,0,0,0,0,101.402,0,0,0
"MtrElec",10,13,24,"",88.4085,0,0,0,0,0,0,0,0,0,0,0,0,0,0,0,0,0,0,0,0,88.4085,0,0,0
"MtrElec",10,14,1,"",69.1146,0,0,0,0,0,0,0,0,0,0,0,0,0,0,0,0,0,0,0,0,69.1146,0,0,0
"MtrElec",10,14,2,"",66.7067,0,0,0,0,0,0,0,0,0,0,0,0,0,0,0,0,0,0,0,0,66.7067,0,0,0
"MtrElec",10,14,3,"",87.7046,0,0,0,0,0,0,0,0,0,0,0,0,0,0,0,0,0,0,0,0,87.7046,0,0,0
"MtrElec",10,14,4,"",62.6513,0,0,0,0,0,0,0,0,0,0,0,0,0,0,0,0,0,0,0,0,62.6513,0,0,0
"MtrElec",10,14,5,"",61.8792,0,0,0,0,0,0,0,0,0,0,0,0,0,0,0,0,0,0,0,0,61.8792,0,0,0
"MtrElec",10,14,6,"",67.6556,0,0,0,0,0,0,0,0,0,0,0,0,0,0,0,0,0,0,0,0,67.6556,0,0,0
"MtrElec",10,14,7,"",100.043,0,0,0,0,0,0,0,0,0,0,0,0,0,0,0,0,0,0,0,0,100.043,0,0,0
"MtrElec",10,14,8,"",84.4422,0,0,0,0,0,0,0,0,0,0,0,0,0,0,0,0,0,0,0,0,114.352,0,0,-29.9099
"MtrElec",10,14,9,"",21.92,0,0,0,0,0,0,0,0,0,0,0,0,0,0,0,0,0,0,0,0,121.047,0,0,-99.1273
"MtrElec",10,14,10,"",0.0000001,0,0,0,0,0,0,0,0,0,0,0,0,0,0,0,0,0,0,0,0,164.579,0,0.670781,-165.25
"MtrElec",10,14,11,"",0,0,0,0,0,0,0,0,0,0,0,0,0,0,0,0,0,0,0,0,0,171.03,0,41.964,-212.994
"MtrElec",10,14,12,"",0,0,0,0,0,0,0,0,0,0,0,0,0,0,0,0,0,0,0,0,0,155.08,0,87.6978,-242.778
"MtrElec",10,14,13,"",0,0,0,0,0,0,0,0,0,0,0,0,0,0,0,0,0,0,0,0,0,158.062,0,93.5925,-251.655
"MtrElec",10,14,14,"",-9.42209,0,0,0,0,0,0,0,0,0,0,0,0,0,0,0,0,0,0,0,0,133.109,0,94.4224,-236.953
"MtrElec",10,14,15,"",-51.1728,0,0,0,0,0,0,0,0,0,0,0,0,0,0,0,0,0,0,0,0,131.542,0,33.951,-216.666
"MtrElec",10,14,16,"",-1.39855,0,0,0,0,0,0,0,0,0,0,0,0,0,0,0,0,0,0,0,0,173.524,0,0,-174.923
"MtrElec",10,14,17,"",69.6777,0,0,0,0,0,0,0,0,0,0,0,0,0,0,0,0,0,0,0,0,182.634,0,0,-112.957
"MtrElec",10,14,18,"",139.664,0,0,0,0,0,0,0,0,0,0,0,0,0,0,0,0,0,0,0,0,179.826,0,0,-40.1623
"MtrElec",10,14,19,"",122.067,0,0,0,0,0,0,0,0,0,0,0,0,0,0,0,0,0,0,0,0,216.489,0,-94.4224,0
"MtrElec",10,14,20,"",87.4033,0,0,0,0,0,0,0,0,0,0,0,0,0,0,0,0,0,0,0,0,181.826,0,-94.4224,0
"MtrElec",10,14,21,"",111.439,0,0,0,0,0,0,0,0,0,0,0,0,0,0,0,0,0,0,0,0,205.862,0,-94.4224,0
"MtrElec",10,14,22,"",111.222,0,0,0,0,0,0,0,0,0,0,0,0,0,0,0,0,0,0,0,0,145.904,0,-34.6821,0
"MtrElec",10,14,23,"",157.001,0,0,0,0,0,0,0,0,0,0,0,0,0,0,0,0,0,0,0,0,157.001,0,0,0
"MtrElec",10,14,24,"",94.4668,0,0,0,0,0,0,0,0,0,0,0,0,0,0,0,0,0,0,0,0,94.4668,0,0,0
"MtrElec",10,15,1,"",82.6512,0,0,0,0,0,0,0,0,0,0,0,0,0,0,0,0,0,0,0,0,82.6512,0,0,0
"MtrElec",10,15,2,"",71.0152,0,0,0,0,0,0,0,0,0,0,0,0,0,0,0,0,0,0,0,0,71.0152,0,0,0
"MtrElec",10,15,3,"",66.9417,0,0,0,0,0,0,0,0,0,0,0,0,0,0,0,0,0,0,0,0,66.9417,0,0,0
"MtrElec",10,15,4,"",65.2224,0,0,0,0,0,0,0,0,0,0,0,0,0,0,0,0,0,0,0,0,65.2224,0,0,0
"MtrElec",10,15,5,"",63.7186,0,0,0,0,0,0,0,0,0,0,0,0,0,0,0,0,0,0,0,0,63.7186,0,0,0
"MtrElec",10,15,6,"",79.4913,0,0,0,0,0,0,0,0,0,0,0,0,0,0,0,0,0,0,0,0,79.4913,0,0,0
"MtrElec",10,15,7,"",111.886,0,0,0,0,0,0,0,0,0,0,0,0,0,0,0,0,0,0,0,0,111.886,0,0,0
"MtrElec",10,15,8,"",91.5258,0,0,0,0,0,0,0,0,0,0,0,0,0,0,0,0,0,0,0,0,121.726,0,0,-30.1999
"MtrElec",10,15,9,"",30.3697,0,0,0,0,0,0,0,0,0,0,0,0,0,0,0,0,0,0,0,0,129.152,0,0,-98.7825
"MtrElec",10,15,10,"",9.05923,0,0,0,0,0,0,0,0,0,0,0,0,0,0,0,0,0,0,0,0,172.21,0,0,-163.15
"MtrElec",10,15,11,"",0.0000020,0,0,0,0,0,0,0,0,0,0,0,0,0,0,0,0,0,0,0,0,175.105,0,32.0478,-207.152
"MtrElec",10,15,12,"",0.0000039,0,0,0,0,0,0,0,0,0,0,0,0,0,0,0,0,0,0,0,0,159.775,0,60.0071,-219.783
"MtrElec",10,15,13,"",0,0,0,0,0,0,0,0,0,0,0,0,0,0,0,0,0,0,0,0,0,143.414,0,84.194,-227.608
"MtrElec",10,15,14,"",-18.8369,0,0,0,0,0,0,0,0,0,0,0,0,0,0,0,0,0,0,0,0,124.513,0,94.4224,-237.773
"MtrElec",10,15,15,"",0,0,0,0,0,0,0,0,0,0,0,0,0,0,0,0,0,0,0,0,0,138.583,0,79.411,-217.994
"MtrElec",10,15,16,"",0,0,0,0,0,0,0,0,0,0,0,0,0,0,0,0,0,0,0,0,0,174.139,0,2.07708,-176.216
"MtrElec",10,15,17,"",71.1308,0,0,0,0,0,0,0,0,0,0,0,0,0,0,0,0,0,0,0,0,185.882,0,0,-114.751
"MtrElec",10,15,18,"",132.979,0,0,0,0,0,0,0,0,0,0,0,0,0,0,0,0,0,0,0,0,172.217,0,0,-39.2379
"MtrElec",10,15,19,"",110.032,0,0,0,0,0,0,0,0,0,0,0,0,0,0,0,0,0,0,0,0,204.455,0,-94.4224,0
"MtrElec",10,15,20,"",85.1329,0,0,0,0,0,0,0,0,0,0,0,0,0,0,0,0,0,0,0,0,179.555,0,-94.4224,0
"MtrElec",10,15,21,"",122.045,0,0,0,0,0,0,0,0,0,0,0,0,0,0,0,0,0,0,0,0,216.467,0,-94.4224,0
"MtrElec",10,15,22,"",104.603,0,0,0,0,0,0,0,0,0,0,0,0,0,0,0,0,0,0,0,0,139.16,0,-34.5566,0
"MtrElec",10,15,23,"",151.164,0,0,0,0,0,0,0,0,0,0,0,0,0,0,0,0,0,0,0,0,151.164,0,0,0
"MtrElec",10,15,24,"",96.1456,0,0,0,0,0,0,0,0,0,0,0,0,0,0,0,0,0,0,0,0,96.1456,0,0,0
"MtrElec",10,16,1,"",87.2037,0,0,0,0,0,0,0,0,0,0,0,0,0,0,0,0,0,0,0,0,87.2037,0,0,0
"MtrElec",10,16,2,"",72.0238,0,0,0,0,0,0,0,0,0,0,0,0,0,0,0,0,0,0,0,0,72.0238,0,0,0
"MtrElec",10,16,3,"",66.59,0,0,0,0,0,0,0,0,0,0,0,0,0,0,0,0,0,0,0,0,66.59,0,0,0
"MtrElec",10,16,4,"",64.9781,0,0,0,0,0,0,0,0,0,0,0,0,0,0,0,0,0,0,0,0,64.9781,0,0,0
"MtrElec",10,16,5,"",63.4174,0,0,0,0,0,0,0,0,0,0,0,0,0,0,0,0,0,0,0,0,63.4174,0,0,0
"MtrElec",10,16,6,"",81.7167,0,0,0,0,0,0,0,0,0,0,0,0,0,0,0,0,0,0,0,0,81.7167,0,0,0
"MtrElec",10,16,7,"",122.288,0,0,0,0,0,0,0,0,0,0,0,0,0,0,0,0,0,0,0,0,122.288,0,0,0
"MtrElec",10,16,8,"",98.2302,0,0,0,0,0,0,0,0,0,0,0,0,0,0,0,0,0,0,0,0,127.049,0,0,-28.8192
"MtrElec",10,16,9,"",52.4554,0,0,0,0,0,0,0,0,0,0,0,0,0,0,0,0,0,0,0,0,152.952,0,0,-100.496
"MtrElec",10,16,10,"",5.90197,0,0,0,0,0,0,0,0,0,0,0,0,0,0,0,0,0,0,0,0,170.852,0,0,-164.95
"MtrElec",10,16,11,"",0,0,0,0,0,0,0,0,0,0,0,0,0,0,0,0,0,0,0,0,0,140.588,0,65.3156,-205.904
"MtrElec",10,16,12,"",0,0,0,0,0,0,0,0,0,0,0,0,0,0,0,0,0,0,0,0,0,164.582,0,67.7567,-232.339
"MtrElec",10,16,13,"",-2.01574,0,0,0,0,0,0,0,0,0,0,0,0,0,0,0,0,0,0,0,0,149.354,0,94.4224,-245.792
"MtrElec",10,16,14,"",0.0000078,0,0,0,0,0,0,0,0,0,0,0,0,0,0,0,0,0,0,0,0,153.57,0,88.0564,-241.626
"MtrElec",10,16,15,"",-32.3089,0,0,0,0,0,0,0,0,0,0,0,0,0,0,0,0,0,0,0,0,146.707,0,36.7473,-215.764
"MtrElec",10,16,16,"",-16.9313,0,0,0,0,0,0,0,0,0,0,0,0,0,0,0,0,0,0,0,0,155.442,0,0,-172.373
"MtrElec",10,16,17,"",89.7538,0,0,0,0,0,0,0,0,0,0,0,0,0,0,0,0,0,0,0,0,200.94,0,0,-111.186
"MtrElec",10,16,18,"",136.728,0,0,0,0,0,0,0,0,0,0,0,0,0,0,0,0,0,0,0,0,175.217,0,0,-38.4894
"MtrElec",10,16,19,"",104.431,0,0,0,0,0,0,0,0,0,0,0,0,0,0,0,0,0,0,0,0,198.853,0,-94.4224,0
"MtrElec",10,16,20,"",94.7241,0,0,0,0,0,0,0,0,0,0,0,0,0,0,0,0,0,0,0,0,189.147,0,-94.4224,0
"MtrElec",10,16,21,"",93.3091,0,0,0,0,0,0,0,0,0,0,0,0,0,0,0,0,0,0,0,0,187.732,0,-94.4224,0
"MtrElec",10,16,22,"",123.309,0,0,0,0,0,0,0,0,0,0,0,0,0,0,0,0,0,0,0,0,157.991,0,-34.6821,0
"MtrElec",10,16,23,"",176.16,0,0,0,0,0,0,0,0,0,0,0,0,0,0,0,0,0,0,0,0,176.16,0,0,0
"MtrElec",10,16,24,"",130.58,0,0,0,0,0,0,0,0,0,0,0,0,0,0,0,0,0,0,0,0,130.58,0,0,0
"MtrElec",10,17,1,"",78.3335,0,0,0,0,0,0,0,0,0,0,0,0,0,0,0,0,0,0,0,0,78.3335,0,0,0
"MtrElec",10,17,2,"",71.8945,0,0,0,0,0,0,0,0,0,0,0,0,0,0,0,0,0,0,0,0,71.8945,0,0,0
"MtrElec",10,17,3,"",70.4197,0,0,0,0,0,0,0,0,0,0,0,0,0,0,0,0,0,0,0,0,70.4197,0,0,0
"MtrElec",10,17,4,"",76.8059,0,0,0,0,0,0,0,0,0,0,0,0,0,0,0,0,0,0,0,0,76.8059,0,0,0
"MtrElec",10,17,5,"",87.922,0,0,0,0,0,0,0,0,0,0,0,0,0,0,0,0,0,0,0,0,87.922,0,0,0
"MtrElec",10,17,6,"",69.2924,0,0,0,0,0,0,0,0,0,0,0,0,0,0,0,0,0,0,0,0,69.2924,0,0,0
"MtrElec",10,17,7,"",77.7579,0,0,0,0,0,0,0,0,0,0,0,0,0,0,0,0,0,0,0,0,77.7579,0,0,0
"MtrElec",10,17,8,"",57.758,0,0,0,0,0,0,0,0,0,0,0,0,0,0,0,0,0,0,0,0,85.8904,0,0,-28.1324
"MtrElec",10,17,9,"",28.7801,0,0,0,0,0,0,0,0,0,0,0,0,0,0,0,0,0,0,0,0,127.219,0,0,-98.4391
"MtrElec",10,17,10,"",0,0,0,0,0,0,0,0,0,0,0,0,0,0,0,0,0,0,0,0,0,154.334,0,6.10808,-160.442
"MtrElec",10,17,11,"",0,0,0,0,0,0,0,0,0,0,0,0,0,0,0,0,0,0,0,0,0,175.688,0,28.7403,-204.429
"MtrElec",10,17,12,"",11.4428,0,0,0,0,0,0,0,0,0,0,0,0,0,0,0,0,0,0,0,0,246.493,0,0,-235.05
"MtrElec",10,17,13,"",0.0000039,0,0,0,0,0,0,0,0,0,0,0,0,0,0,0,0,0,0,0,0,209.373,0,38.1588,-247.531
"MtrElec",10,17,14,"",0.0000078,0,0,0,0,0,0,0,0,0,0,0,0,0,0,0,0,0,0,0,0,168.642,0,65.8463,-234.488
"MtrElec",10,17,15,"",0,0,0,0,0,0,0,0,0,0,0,0,0,0,0,0,0,0,0,0,0,194.77,0,10.0994,-204.87
"MtrElec",10,17,16,"",0.443687,0,0,0,0,0,0,0,0,0,0,0,0,0,0,0,0,0,0,0,0,170.56,0,0,-170.117
"MtrElec",10,17,17,"",93.6421,0,0,0,0,0,0,0,0,0,0,0,0,0,0,0,0,0,0,0,0,203.28,0,0,-109.638
"MtrElec",10,17,18,"",175.975,0,0,0,0,0,0,0,0,0,0,0,0,0,0,0,0,0,0,0,0,212.678,0,0,-36.7029
"MtrElec",10,17,19,"",198.799,0,0,0,0,0,0,0,0,0,0,0,0,0,0,0,0,0,0,0,0,293.222,0,-94.4224,0
"MtrElec",10,17,20,"",192.139,0,0,0,0,0,0,0,0,0,0,0,0,0,0,0,0,0,0,0,0,232.147,0,-40.0076,0
"MtrElec",10,17,21,"",244.19,0,0,0,0,0,0,0,0,0,0,0,0,0,0,0,0,0,0,0,0,244.19,0,0,0
"MtrElec",10,17,22,"",244.72,0,0,0,0,0,0,0,0,0,0,0,0,0,0,0,0,0,0,0,0,244.72,0,0,0
"MtrElec",10,17,23,"",135.556,0,0,0,0,0,0,0,0,0,0,0,0,0,0,0,0,0,0,0,0,135.556,0,0,0
"MtrElec",10,17,24,"",148.062,0,0,0,0,0,0,0,0,0,0,0,0,0,0,0,0,0,0,0,0,148.062,0,0,0
"MtrElec",10,18,1,"",96.1152,0,0,0,0,0,0,0,0,0,0,0,0,0,0,0,0,0,0,0,0,96.1152,0,0,0
"MtrElec",10,18,2,"",79.9188,0,0,0,0,0,0,0,0,0,0,0,0,0,0,0,0,0,0,0,0,79.9188,0,0,0
"MtrElec",10,18,3,"",78.1213,0,0,0,0,0,0,0,0,0,0,0,0,0,0,0,0,0,0,0,0,78.1213,0,0,0
"MtrElec",10,18,4,"",76.9195,0,0,0,0,0,0,0,0,0,0,0,0,0,0,0,0,0,0,0,0,76.9195,0,0,0
"MtrElec",10,18,5,"",85.4809,0,0,0,0,0,0,0,0,0,0,0,0,0,0,0,0,0,0,0,0,85.4809,0,0,0
"MtrElec",10,18,6,"",75.005,0,0,0,0,0,0,0,0,0,0,0,0,0,0,0,0,0,0,0,0,75.005,0,0,0
"MtrElec",10,18,7,"",97.7926,0,0,0,0,0,0,0,0,0,0,0,0,0,0,0,0,0,0,0,0,97.7926,0,0,0
"MtrElec",10,18,8,"",100.793,0,0,0,0,0,0,0,0,0,0,0,0,0,0,0,0,0,0,0,0,118.048,0,0,-17.2552
"MtrElec",10,18,9,"",96.055,0,0,0,0,0,0,0,0,0,0,0,0,0,0,0,0,0,0,0,0,151.998,0,0,-55.9432
"MtrElec",10,18,10,"",26.9606,0,0,0,0,0,0,0,0,0,0,0,0,0,0,0,0,0,0,0,0,164.594,0,0,-137.634
"MtrElec",10,18,11,"",4.34459,0,0,0,0,0,0,0,0,0,0,0,0,0,0,0,0,0,0,0,0,170.399,0,0,-166.054
"MtrElec",10,18,12,"",0,0,0,0,0,0,0,0,0,0,0,0,0,0,0,0,0,0,0,0,0,186.031,0,33.1556,-219.187
"MtrElec",10,18,13,"",0,0,0,0,0,0,0,0,0,0,0,0,0,0,0,0,0,0,0,0,0,149.833,0,94.2155,-244.048
"MtrElec",10,18,14,"",-21.9151,0,0,0,0,0,0,0,0,0,0,0,0,0,0,0,0,0,0,0,0,129.074,0,94.4224,-245.412
"MtrElec",10,18,15,"",0,0,0,0,0,0,0,0,0,0,0,0,0,0,0,0,0,0,0,0,0,146.892,0,62.7668,-209.659
"MtrElec",10,18,16,"",0,0,0,0,0,0,0,0,0,0,0,0,0,0,0,0,0,0,0,0,0,136.475,0,1.09883,-137.574
"MtrElec",10,18,17,"",63.3173,0,0,0,0,0,0,0,0,0,0,0,0,0,0,0,0,0,0,0,0,165.041,0,0,-101.724
"MtrElec",10,18,18,"",124.475,0,0,0,0,0,0,0,0,0,0,0,0,0,0,0,0,0,0,0,0,159.174,0,0,-34.6988
"MtrElec",10,18,19,"",106.376,0,0,0,0,0,0,0,0,0,0,0,0,0,0,0,0,0,0,0,0,200.798,0,-94.4224,0
"MtrElec",10,18,20,"",85.9201,0,0,0,0,0,0,0,0,0,0,0,0,0,0,0,0,0,0,0,0,180.343,0,-94.4224,0
"MtrElec",10,18,21,"",151.998,0,0,0,0,0,0,0,0,0,0,0,0,0,0,0,0,0,0,0,0,220.961,0,-68.9626,0
"MtrElec",10,18,22,"",194.623,0,0,0,0,0,0,0,0,0,0,0,0,0,0,0,0,0,0,0,0,194.623,0,0,0
"MtrElec",10,18,23,"",144.253,0,0,0,0,0,0,0,0,0,0,0,0,0,0,0,0,0,0,0,0,144.253,0,0,0
"MtrElec",10,18,24,"",96.6861,0,0,0,0,0,0,0,0,0,0,0,0,0,0,0,0,0,0,0,0,96.6861,0,0,0
"MtrElec",10,19,1,"",88.8668,0,0,0,0,0,0,0,0,0,0,0,0,0,0,0,0,0,0,0,0,88.8668,0,0,0
"MtrElec",10,19,2,"",68.9331,0,0,0,0,0,0,0,0,0,0,0,0,0,0,0,0,0,0,0,0,68.9331,0,0,0
"MtrElec",10,19,3,"",65.3677,0,0,0,0,0,0,0,0,0,0,0,0,0,0,0,0,0,0,0,0,65.3677,0,0,0
"MtrElec",10,19,4,"",64.3001,0,0,0,0,0,0,0,0,0,0,0,0,0,0,0,0,0,0,0,0,64.3001,0,0,0
"MtrElec",10,19,5,"",62.9318,0,0,0,0,0,0,0,0,0,0,0,0,0,0,0,0,0,0,0,0,62.9318,0,0,0
"MtrElec",10,19,6,"",68.626,0,0,0,0,0,0,0,0,0,0,0,0,0,0,0,0,0,0,0,0,68.626,0,0,0
"MtrElec",10,19,7,"",126.482,0,0,0,0,0,0,0,0,0,0,0,0,0,0,0,0,0,0,0,0,126.482,0,0,0
"MtrElec",10,19,8,"",128.033,0,0,0,0,0,0,0,0,0,0,0,0,0,0,0,0,0,0,0,0,155.51,0,0,-27.4768
"MtrElec",10,19,9,"",102.747,0,0,0,0,0,0,0,0,0,0,0,0,0,0,0,0,0,0,0,0,197.822,0,0,-95.0752
"MtrElec",10,19,10,"",9.18005,0,0,0,0,0,0,0,0,0,0,0,0,0,0,0,0,0,0,0,0,170.766,0,0,-161.586
"MtrElec",10,19,11,"",0,0,0,0,0,0,0,0,0,0,0,0,0,0,0,0,0,0,0,0,0,165.908,0,43.7032,-209.611
"MtrElec",10,19,12,"",0,0,0,0,0,0,0,0,0,0,0,0,0,0,0,0,0,0,0,0,0,175.6,0,69.3964,-244.997
"MtrElec",10,19,13,"",-6.15234,0,0,0,0,0,0,0,0,0,0,0,0,0,0,0,0,0,0,0,0,156.452,0,94.4224,-257.027
"MtrElec",10,19,14,"",-16.5178,0,0,0,0,0,0,0,0,0,0,0,0,0,0,0,0,0,0,0,0,136.869,0,94.4224,-247.809
"MtrElec",10,19,15,"",-37.4926,0,0,0,0,0,0,0,0,0,0,0,0,0,0,0,0,0,0,0,0,134.644,0,50.3541,-222.491
"MtrElec",10,19,16,"",-29.5228,0,0,0,0,0,0,0,0,0,0,0,0,0,0,0,0,0,0,0,0,146.722,0,0,-176.245
"MtrElec",10,19,17,"",67.0666,0,0,0,0,0,0,0,0,0,0,0,0,0,0,0,0,0,0,0,0,176.914,0,0,-109.847
"MtrElec",10,19,18,"",177.609,0,0,0,0,0,0,0,0,0,0,0,0,0,0,0,0,0,0,0,0,212.43,0,0,-34.8204
"MtrElec",10,19,19,"",95.4867,0,0,0,0,0,0,0,0,0,0,0,0,0,0,0,0,0,0,0,0,189.909,0,-94.4224,0
"MtrElec",10,19,20,"",116.047,0,0,0,0,0,0,0,0,0,0,0,0,0,0,0,0,0,0,0,0,210.469,0,-94.4224,0
"MtrElec",10,19,21,"",86.5373,0,0,0,0,0,0,0,0,0,0,0,0,0,0,0,0,0,0,0,0,180.96,0,-94.4224,0
"MtrElec",10,19,22,"",104.756,0,0,0,0,0,0,0,0,0,0,0,0,0,0,0,0,0,0,0,0,139.438,0,-34.6821,0
"MtrElec",10,19,23,"",171.277,0,0,0,0,0,0,0,0,0,0,0,0,0,0,0,0,0,0,0,0,171.277,0,0,0
"MtrElec",10,19,24,"",103.754,0,0,0,0,0,0,0,0,0,0,0,0,0,0,0,0,0,0,0,0,103.754,0,0,0
"MtrElec",10,20,1,"",86.0654,0,0,0,0,0,0,0,0,0,0,0,0,0,0,0,0,0,0,0,0,86.0654,0,0,0
"MtrElec",10,20,2,"",67.5433,0,0,0,0,0,0,0,0,0,0,0,0,0,0,0,0,0,0,0,0,67.5433,0,0,0
"MtrElec",10,20,3,"",65.3513,0,0,0,0,0,0,0,0,0,0,0,0,0,0,0,0,0,0,0,0,65.3513,0,0,0
"MtrElec",10,20,4,"",65.1064,0,0,0,0,0,0,0,0,0,0,0,0,0,0,0,0,0,0,0,0,65.1064,0,0,0
"MtrElec",10,20,5,"",64.009,0,0,0,0,0,0,0,0,0,0,0,0,0,0,0,0,0,0,0,0,64.009,0,0,0
"MtrElec",10,20,6,"",76.2931,0,0,0,0,0,0,0,0,0,0,0,0,0,0,0,0,0,0,0,0,76.2931,0,0,0
"MtrElec",10,20,7,"",131.678,0,0,0,0,0,0,0,0,0,0,0,0,0,0,0,0,0,0,0,0,131.678,0,0,0
"MtrElec",10,20,8,"",101.539,0,0,0,0,0,0,0,0,0,0,0,0,0,0,0,0,0,0,0,0,109.353,0,0,-7.81336
"MtrElec",10,20,9,"",61.4591,0,0,0,0,0,0,0,0,0,0,0,0,0,0,0,0,0,0,0,0,133.577,0,0,-72.1183
"MtrElec",10,20,10,"",16.8525,0,0,0,0,0,0,0,0,0,0,0,0,0,0,0,0,0,0,0,0,119.414,0,0,-102.562
"MtrElec",10,20,11,"",121.661,0,0,0,0,0,0,0,0,0,0,0,0,0,0,0,0,0,0,0,0,153.73,0,0,-32.0683
"MtrElec",10,20,12,"",60.5576,0,0,0,0,0,0,0,0,0,0,0,0,0,0,0,0,0,0,0,0,122.912,0,0,-62.3542
"MtrElec",10,20,13,"",0,0,0,0,0,0,0,0,0,0,0,0,0,0,0,0,0,0,0,0,0,104.764,0,28.1166,-132.881
"MtrElec",10,20,14,"",0,0,0,0,0,0,0,0,0,0,0,0,0,0,0,0,0,0,0,0,0,83.8984,0,57.7791,-141.678
"MtrElec",10,20,15,"",-30.9767,0,0,0,0,0,0,0,0,0,0,0,0,0,0,0,0,0,0,0,0,91.8681,0,94.4224,-217.267
"MtrElec",10,20,16,"",13.2623,0,0,0,0,0,0,0,0,0,0,0,0,0,0,0,0,0,0,0,0,135.022,0,0,-121.76
"MtrElec",10,20,17,"",34.1317,0,0,0,0,0,0,0,0,0,0,0,0,0,0,0,0,0,0,0,0,130.461,0,0,-96.3291
"MtrElec",10,20,18,"",111.89,0,0,0,0,0,0,0,0,0,0,0,0,0,0,0,0,0,0,0,0,145.581,0,0,-33.6905
"MtrElec",10,20,19,"",111.218,0,0,0,0,0,0,0,0,0,0,0,0,0,0,0,0,0,0,0,0,205.64,0,-94.4224,0
"MtrElec",10,20,20,"",90.7729,0,0,0,0,0,0,0,0,0,0,0,0,0,0,0,0,0,0,0,0,159.088,0,-68.3147,0
"MtrElec",10,20,21,"",168.281,0,0,0,0,0,0,0,0,0,0,0,0,0,0,0,0,0,0,0,0,168.281,0,0,0
"MtrElec",10,20,22,"",147.051,0,0,0,0,0,0,0,0,0,0,0,0,0,0,0,0,0,0,0,0,147.051,0,0,0
"MtrElec",10,20,23,"",125.866,0,0,0,0,0,0,0,0,0,0,0,0,0,0,0,0,0,0,0,0,125.866,0,0,0
"MtrElec",10,20,24,"",125.983,0,0,0,0,0,0,0,0,0,0,0,0,0,0,0,0,0,0,0,0,125.983,0,0,0
"MtrElec",10,21,1,"",73.1662,0,0,0,0,0,0,0,0,0,0,0,0,0,0,0,0,0,0,0,0,73.1662,0,0,0
"MtrElec",10,21,2,"",68.2356,0,0,0,0,0,0,0,0,0,0,0,0,0,0,0,0,0,0,0,0,68.2356,0,0,0
"MtrElec",10,21,3,"",65.4691,0,0,0,0,0,0,0,0,0,0,0,0,0,0,0,0,0,0,0,0,65.4691,0,0,0
"MtrElec",10,21,4,"",64.7652,0,0,0,0,0,0,0,0,0,0,0,0,0,0,0,0,0,0,0,0,64.7652,0,0,0
"MtrElec",10,21,5,"",63.5999,0,0,0,0,0,0,0,0,0,0,0,0,0,0,0,0,0,0,0,0,63.5999,0,0,0
"MtrElec",10,21,6,"",70.9838,0,0,0,0,0,0,0,0,0,0,0,0,0,0,0,0,0,0,0,0,70.9838,0,0,0
"MtrElec",10,21,7,"",126.024,0,0,0,0,0,0,0,0,0,0,0,0,0,0,0,0,0,0,0,0,126.024,0,0,0
"MtrElec",10,21,8,"",101.703,0,0,0,0,0,0,0,0,0,0,0,0,0,0,0,0,0,0,0,0,101.703,0,0,0
"MtrElec",10,21,9,"",88.9115,0,0,0,0,0,0,0,0,0,0,0,0,0,0,0,0,0,0,0,0,107.035,0,0,-18.1236
"MtrElec",10,21,10,"",85.0648,0,0,0,0,0,0,0,0,0,0,0,0,0,0,0,0,0,0,0,0,128.348,0,0,-43.2829
"MtrElec",10,21,11,"",27.1838,0,0,0,0,0,0,0,0,0,0,0,0,0,0,0,0,0,0,0,0,144.673,0,0,-117.489
"MtrElec",10,21,12,"",24.132,0,0,0,0,0,0,0,0,0,0,0,0,0,0,0,0,0,0,0,0,150.657,0,0,-126.525
"MtrElec",10,21,13,"",0.0000002,0,0,0,0,0,0,0,0,0,0,0,0,0,0,0,0,0,0,0,0,124.359,0,2.78028,-127.139
"MtrElec",10,21,14,"",0.000000,0,0,0,0,0,0,0,0,0,0,0,0,0,0,0,0,0,0,0,0,104.739,0,0.436023,-105.175
"MtrElec",10,21,15,"",28.5221,0,0,0,0,0,0,0,0,0,0,0,0,0,0,0,0,0,0,0,0,113.439,0,0,-84.9169
"MtrElec",10,21,16,"",35.76,0,0,0,0,0,0,0,0,0,0,0,0,0,0,0,0,0,0,0,0,118.734,0,0,-82.9736
"MtrElec",10,21,17,"",105.743,0,0,0,0,0,0,0,0,0,0,0,0,0,0,0,0,0,0,0,0,151.499,0,0,-45.7554
"MtrElec",10,21,18,"",149.41,0,0,0,0,0,0,0,0,0,0,0,0,0,0,0,0,0,0,0,0,149.41,0,0,0
"MtrElec",10,21,19,"",167.288,0,0,0,0,0,0,0,0,0,0,0,0,0,0,0,0,0,0,0,0,170.191,0,-2.90271,0
"MtrElec",10,21,20,"",179.413,0,0,0,0,0,0,0,0,0,0,0,0,0,0,0,0,0,0,0,0,179.413,0,0,0
"MtrElec",10,21,21,"",206.587,0,0,0,0,0,0,0,0,0,0,0,0,0,0,0,0,0,0,0,0,206.587,0,0,0
"MtrElec",10,21,22,"",144.684,0,0,0,0,0,0,0,0,0,0,0,0,0,0,0,0,0,0,0,0,144.684,0,0,0
"MtrElec",10,21,23,"",156.779,0,0,0,0,0,0,0,0,0,0,0,0,0,0,0,0,0,0,0,0,156.779,0,0,0
"MtrElec",10,21,24,"",113.327,0,0,0,0,0,0,0,0,0,0,0,0,0,0,0,0,0,0,0,0,113.327,0,0,0
"MtrElec",10,22,1,"",76.8073,0,0,0,0,0,0,0,0,0,0,0,0,0,0,0,0,0,0,0,0,76.8073,0,0,0
"MtrElec",10,22,2,"",66.5845,0,0,0,0,0,0,0,0,0,0,0,0,0,0,0,0,0,0,0,0,66.5845,0,0,0
"MtrElec",10,22,3,"",77.7381,0,0,0,0,0,0,0,0,0,0,0,0,0,0,0,0,0,0,0,0,77.7381,0,0,0
"MtrElec",10,22,4,"",84.1133,0,0,0,0,0,0,0,0,0,0,0,0,0,0,0,0,0,0,0,0,84.1133,0,0,0
"MtrElec",10,22,5,"",62.7267,0,0,0,0,0,0,0,0,0,0,0,0,0,0,0,0,0,0,0,0,62.7267,0,0,0
"MtrElec",10,22,6,"",69.2835,0,0,0,0,0,0,0,0,0,0,0,0,0,0,0,0,0,0,0,0,69.2835,0,0,0
"MtrElec",10,22,7,"",103.291,0,0,0,0,0,0,0,0,0,0,0,0,0,0,0,0,0,0,0,0,103.291,0,0,0
"MtrElec",10,22,8,"",125.891,0,0,0,0,0,0,0,0,0,0,0,0,0,0,0,0,0,0,0,0,133.042,0,0,-7.15095
"MtrElec",10,22,9,"",54.0645,0,0,0,0,0,0,0,0,0,0,0,0,0,0,0,0,0,0,0,0,109.092,0,0,-55.0271
"MtrElec",10,22,10,"",44.7265,0,0,0,0,0,0,0,0,0,0,0,0,0,0,0,0,0,0,0,0,137.402,0,0,-92.676
"MtrElec",10,22,11,"",0.0000078,0,0,0,0,0,0,0,0,0,0,0,0,0,0,0,0,0,0,0,0,118.141,0,89.4848,-207.625
"MtrElec",10,22,12,"",0,0,0,0,0,0,0,0,0,0,0,0,0,0,0,0,0,0,0,0,0,141.845,0,66.1927,-208.037
"MtrElec",10,22,13,"",-18.899,0,0,0,0,0,0,0,0,0,0,0,0,0,0,0,0,0,0,0,0,108.086,0,94.4224,-221.408
"MtrElec",10,22,14,"",-36.9665,0,0,0,0,0,0,0,0,0,0,0,0,0,0,0,0,0,0,0,0,116.168,0,94.4224,-247.557
"MtrElec",10,22,15,"",-110.614,0,0,0,0,0,0,0,0,0,0,0,0,0,0,0,0,0,0,0,0,101.773,0,7.77617,-220.164
"MtrElec",10,22,16,"",-58.4796,0,0,0,0,0,0,0,0,0,0,0,0,0,0,0,0,0,0,0,0,115.584,0,0,-174.064
"MtrElec",10,22,17,"",23.2132,0,0,0,0,0,0,0,0,0,0,0,0,0,0,0,0,0,0,0,0,131.673,0,0,-108.46
"MtrElec",10,22,18,"",98.9087,0,0,0,0,0,0,0,0,0,0,0,0,0,0,0,0,0,0,0,0,131.051,0,0,-32.142
"MtrElec",10,22,19,"",93.9151,0,0,0,0,0,0,0,0,0,0,0,0,0,0,0,0,0,0,0,0,188.337,0,-94.4224,0
"MtrElec",10,22,20,"",73.286,0,0,0,0,0,0,0,0,0,0,0,0,0,0,0,0,0,0,0,0,167.708,0,-94.4224,0
"MtrElec",10,22,21,"",77.6306,0,0,0,0,0,0,0,0,0,0,0,0,0,0,0,0,0,0,0,0,172.053,0,-94.4224,0
"MtrElec",10,22,22,"",83.1999,0,0,0,0,0,0,0,0,0,0,0,0,0,0,0,0,0,0,0,0,117.882,0,-34.6821,0
"MtrElec",10,22,23,"",159.022,0,0,0,0,0,0,0,0,0,0,0,0,0,0,0,0,0,0,0,0,159.022,0,0,0
"MtrElec",10,22,24,"",105.728,0,0,0,0,0,0,0,0,0,0,0,0,0,0,0,0,0,0,0,0,105.728,0,0,0
"MtrElec",10,23,1,"",68.6273,0,0,0,0,0,0,0,0,0,0,0,0,0,0,0,0,0,0,0,0,68.6273,0,0,0
"MtrElec",10,23,2,"",66.7531,0,0,0,0,0,0,0,0,0,0,0,0,0,0,0,0,0,0,0,0,66.7531,0,0,0
"MtrElec",10,23,3,"",66.475,0,0,0,0,0,0,0,0,0,0,0,0,0,0,0,0,0,0,0,0,66.475,0,0,0
"MtrElec",10,23,4,"",66.4443,0,0,0,0,0,0,0,0,0,0,0,0,0,0,0,0,0,0,0,0,66.4443,0,0,0
"MtrElec",10,23,5,"",66.1505,0,0,0,0,0,0,0,0,0,0,0,0,0,0,0,0,0,0,0,0,66.1505,0,0,0
"MtrElec",10,23,6,"",92.6945,0,0,0,0,0,0,0,0,0,0,0,0,0,0,0,0,0,0,0,0,92.6945,0,0,0
"MtrElec",10,23,7,"",102.367,0,0,0,0,0,0,0,0,0,0,0,0,0,0,0,0,0,0,0,0,102.367,0,0,0
"MtrElec",10,23,8,"",112.993,0,0,0,0,0,0,0,0,0,0,0,0,0,0,0,0,0,0,0,0,130.962,0,0,-17.9689
"MtrElec",10,23,9,"",61.0565,0,0,0,0,0,0,0,0,0,0,0,0,0,0,0,0,0,0,0,0,127.86,0,0,-66.8032
"MtrElec",10,23,10,"",2.61717,0,0,0,0,0,0,0,0,0,0,0,0,0,0,0,0,0,0,0,0,114.665,0,0,-112.048
"MtrElec",10,23,11,"",0,0,0,0,0,0,0,0,0,0,0,0,0,0,0,0,0,0,0,0,0,145.426,0,63.3801,-208.807
"MtrElec",10,23,12,"",0,0,0,0,0,0,0,0,0,0,0,0,0,0,0,0,0,0,0,0,0,157.871,0,70.9806,-228.852
"MtrElec",10,23,13,"",-31.9545,0,0,0,0,0,0,0,0,0,0,0,0,0,0,0,0,0,0,0,0,117.329,0,94.4224,-243.706
"MtrElec",10,23,14,"",-66.606,0,0,0,0,0,0,0,0,0,0,0,0,0,0,0,0,0,0,0,0,91.5064,0,94.4224,-252.535
"MtrElec",10,23,15,"",-82.3902,0,0,0,0,0,0,0,0,0,0,0,0,0,0,0,0,0,0,0,0,115.373,0,29.0929,-226.856
"MtrElec",10,23,16,"",-85.7678,0,0,0,0,0,0,0,0,0,0,0,0,0,0,0,0,0,0,0,0,95.2577,0,0,-181.025
"MtrElec",10,23,17,"",-5.39644,0,0,0,0,0,0,0,0,0,0,0,0,0,0,0,0,0,0,0,0,106.72,0,0,-112.116
"MtrElec",10,23,18,"",85.8043,0,0,0,0,0,0,0,0,0,0,0,0,0,0,0,0,0,0,0,0,119.576,0,0,-33.7718
"MtrElec",10,23,19,"",83.998,0,0,0,0,0,0,0,0,0,0,0,0,0,0,0,0,0,0,0,0,178.42,0,-94.4224,0
"MtrElec",10,23,20,"",40.2844,0,0,0,0,0,0,0,0,0,0,0,0,0,0,0,0,0,0,0,0,134.707,0,-94.4224,0
"MtrElec",10,23,21,"",50.5983,0,0,0,0,0,0,0,0,0,0,0,0,0,0,0,0,0,0,0,0,145.021,0,-94.4224,0
"MtrElec",10,23,22,"",71.4519,0,0,0,0,0,0,0,0,0,0,0,0,0,0,0,0,0,0,0,0,106.134,0,-34.6821,0
"MtrElec",10,23,23,"",135.041,0,0,0,0,0,0,0,0,0,0,0,0,0,0,0,0,0,0,0,0,135.041,0,0,0
"MtrElec",10,23,24,"",86.6356,0,0,0,0,0,0,0,0,0,0,0,0,0,0,0,0,0,0,0,0,86.6356,0,0,0
"MtrElec",10,24,1,"",75.7307,0,0,0,0,0,0,0,0,0,0,0,0,0,0,0,0,0,0,0,0,75.7307,0,0,0
"MtrElec",10,24,2,"",64.5758,0,0,0,0,0,0,0,0,0,0,0,0,0,0,0,0,0,0,0,0,64.5758,0,0,0
"MtrElec",10,24,3,"",62.3821,0,0,0,0,0,0,0,0,0,0,0,0,0,0,0,0,0,0,0,0,62.3821,0,0,0
"MtrElec",10,24,4,"",64.1527,0,0,0,0,0,0,0,0,0,0,0,0,0,0,0,0,0,0,0,0,64.1527,0,0,0
"MtrElec",10,24,5,"",76.4695,0,0,0,0,0,0,0,0,0,0,0,0,0,0,0,0,0,0,0,0,76.4695,0,0,0
"MtrElec",10,24,6,"",65.0337,0,0,0,0,0,0,0,0,0,0,0,0,0,0,0,0,0,0,0,0,65.0337,0,0,0
"MtrElec",10,24,7,"",93.9161,0,0,0,0,0,0,0,0,0,0,0,0,0,0,0,0,0,0,0,0,93.9161,0,0,0
"MtrElec",10,24,8,"",82.3146,0,0,0,0,0,0,0,0,0,0,0,0,0,0,0,0,0,0,0,0,109.559,0,0,-27.2441
"MtrElec",10,24,9,"",21.282,0,0,0,0,0,0,0,0,0,0,0,0,0,0,0,0,0,0,0,0,120.817,0,0,-99.5347
"MtrElec",10,24,10,"",0.359328,0,0,0,0,0,0,0,0,0,0,0,0,0,0,0,0,0,0,0,0,169.949,0,0,-169.59
"MtrElec",10,24,11,"",0,0,0,0,0,0,0,0,0,0,0,0,0,0,0,0,0,0,0,0,0,145.708,0,75.2416,-220.95
"MtrElec",10,24,12,"",0.0000078,0,0,0,0,0,0,0,0,0,0,0,0,0,0,0,0,0,0,0,0,173.373,0,81.3528,-254.726
"MtrElec",10,24,13,"",-16.1722,0,0,0,0,0,0,0,0,0,0,0,0,0,0,0,0,0,0,0,0,156.65,0,94.4224,-267.244
"MtrElec",10,24,14,"",-65.1116,0,0,0,0,0,0,0,0,0,0,0,0,0,0,0,0,0,0,0,0,99.1264,0,94.4224,-258.66
"MtrElec",10,24,15,"",-77.2741,0,0,0,0,0,0,0,0,0,0,0,0,0,0,0,0,0,0,0,0,145.122,0,6.85922,-229.256
"MtrElec",10,24,16,"",-87.5924,0,0,0,0,0,0,0,0,0,0,0,0,0,0,0,0,0,0,0,0,92.7737,0,0,-180.366
"MtrElec",10,24,17,"",22.7905,0,0,0,0,0,0,0,0,0,0,0,0,0,0,0,0,0,0,0,0,136.629,0,0,-113.839
"MtrElec",10,24,18,"",97.6088,0,0,0,0,0,0,0,0,0,0,0,0,0,0,0,0,0,0,0,0,131.77,0,0,-34.1612
"MtrElec",10,24,19,"",65.3486,0,0,0,0,0,0,0,0,0,0,0,0,0,0,0,0,0,0,0,0,159.771,0,-94.4224,0
"MtrElec",10,24,20,"",39.6958,0,0,0,0,0,0,0,0,0,0,0,0,0,0,0,0,0,0,0,0,134.118,0,-94.4224,0
"MtrElec",10,24,21,"",37.1268,0,0,0,0,0,0,0,0,0,0,0,0,0,0,0,0,0,0,0,0,131.549,0,-94.4224,0
"MtrElec",10,24,22,"",84.8066,0,0,0,0,0,0,0,0,0,0,0,0,0,0,0,0,0,0,0,0,119.489,0,-34.6821,0
"MtrElec",10,24,23,"",91.8064,0,0,0,0,0,0,0,0,0,0,0,0,0,0,0,0,0,0,0,0,91.8064,0,0,0
"MtrElec",10,24,24,"",90.0078,0,0,0,0,0,0,0,0,0,0,0,0,0,0,0,0,0,0,0,0,90.0078,0,0,0
"MtrElec",10,25,1,"",71.8211,0,0,0,0,0,0,0,0,0,0,0,0,0,0,0,0,0,0,0,0,71.8211,0,0,0
"MtrElec",10,25,2,"",64.5526,0,0,0,0,0,0,0,0,0,0,0,0,0,0,0,0,0,0,0,0,64.5526,0,0,0
"MtrElec",10,25,3,"",62.3493,0,0,0,0,0,0,0,0,0,0,0,0,0,0,0,0,0,0,0,0,62.3493,0,0,0
"MtrElec",10,25,4,"",63.2379,0,0,0,0,0,0,0,0,0,0,0,0,0,0,0,0,0,0,0,0,63.2379,0,0,0
"MtrElec",10,25,5,"",95.2509,0,0,0,0,0,0,0,0,0,0,0,0,0,0,0,0,0,0,0,0,95.2509,0,0,0
"MtrElec",10,25,6,"",64.9835,0,0,0,0,0,0,0,0,0,0,0,0,0,0,0,0,0,0,0,0,64.9835,0,0,0
"MtrElec",10,25,7,"",71.5246,0,0,0,0,0,0,0,0,0,0,0,0,0,0,0,0,0,0,0,0,71.5246,0,0,0
"MtrElec",10,25,8,"",58.0874,0,0,0,0,0,0,0,0,0,0,0,0,0,0,0,0,0,0,0,0,84.9892,0,0,-26.9019
"MtrElec",10,25,9,"",33.0788,0,0,0,0,0,0,0,0,0,0,0,0,0,0,0,0,0,0,0,0,130.31,0,0,-97.2308
"MtrElec",10,25,10,"",0,0,0,0,0,0,0,0,0,0,0,0,0,0,0,0,0,0,0,0,0,114.534,0,50.296,-164.83
"MtrElec",10,25,11,"",0,0,0,0,0,0,0,0,0,0,0,0,0,0,0,0,0,0,0,0,0,122.24,0,86.8363,-209.076
"MtrElec",10,25,12,"",-18.3925,0,0,0,0,0,0,0,0,0,0,0,0,0,0,0,0,0,0,0,0,127.103,0,94.4224,-239.918
"MtrElec",10,25,13,"",-28.7216,0,0,0,0,0,0,0,0,0,0,0,0,0,0,0,0,0,0,0,0,126.695,0,94.4224,-249.839
"MtrElec",10,25,14,"",-120.666,0,0,0,0,0,0,0,0,0,0,0,0,0,0,0,0,0,0,0,0,96.3759,0,26.3213,-243.363
"MtrElec",10,25,15,"",-97.6411,0,0,0,0,0,0,0,0,0,0,0,0,0,0,0,0,0,0,0,0,122.393,0,0,-220.034
"MtrElec",10,25,16,"",-78.6249,0,0,0,0,0,0,0,0,0,0,0,0,0,0,0,0,0,0,0,0,94.446,0,0,-173.071
"MtrElec",10,25,17,"",23.7758,0,0,0,0,0,0,0,0,0,0,0,0,0,0,0,0,0,0,0,0,131.821,0,0,-108.045
"MtrElec",10,25,18,"",83.6139,0,0,0,0,0,0,0,0,0,0,0,0,0,0,0,0,0,0,0,0,115.235,0,0,-31.6212
"MtrElec",10,25,19,"",72.6858,0,0,0,0,0,0,0,0,0,0,0,0,0,0,0,0,0,0,0,0,167.108,0,-94.4224,0
"MtrElec",10,25,20,"",44.3268,0,0,0,0,0,0,0,0,0,0,0,0,0,0,0,0,0,0,0,0,138.749,0,-94.4224,0
"MtrElec",10,25,21,"",58.0163,0,0,0,0,0,0,0,0,0,0,0,0,0,0,0,0,0,0,0,0,152.439,0,-94.4224,0
"MtrElec",10,25,22,"",107.834,0,0,0,0,0,0,0,0,0,0,0,0,0,0,0,0,0,0,0,0,142.517,0,-34.6821,0
"MtrElec",10,25,23,"",115.216,0,0,0,0,0,0,0,0,0,0,0,0,0,0,0,0,0,0,0,0,115.216,0,0,0
"MtrElec",10,25,24,"",111.644,0,0,0,0,0,0,0,0,0,0,0,0,0,0,0,0,0,0,0,0,111.644,0,0,0
"MtrElec",10,26,1,"",80.9428,0,0,0,0,0,0,0,0,0,0,0,0,0,0,0,0,0,0,0,0,80.9428,0,0,0
"MtrElec",10,26,2,"",69.0232,0,0,0,0,0,0,0,0,0,0,0,0,0,0,0,0,0,0,0,0,69.0232,0,0,0
"MtrElec",10,26,3,"",69.6039,0,0,0,0,0,0,0,0,0,0,0,0,0,0,0,0,0,0,0,0,69.6039,0,0,0
"MtrElec",10,26,4,"",69.3476,0,0,0,0,0,0,0,0,0,0,0,0,0,0,0,0,0,0,0,0,69.3476,0,0,0
"MtrElec",10,26,5,"",68.0913,0,0,0,0,0,0,0,0,0,0,0,0,0,0,0,0,0,0,0,0,68.0913,0,0,0
"MtrElec",10,26,6,"",70.5532,0,0,0,0,0,0,0,0,0,0,0,0,0,0,0,0,0,0,0,0,70.5532,0,0,0
"MtrElec",10,26,7,"",103.97,0,0,0,0,0,0,0,0,0,0,0,0,0,0,0,0,0,0,0,0,103.97,0,0,0
"MtrElec",10,26,8,"",130.874,0,0,0,0,0,0,0,0,0,0,0,0,0,0,0,0,0,0,0,0,155.661,0,0,-24.7877
"MtrElec",10,26,9,"",34.5144,0,0,0,0,0,0,0,0,0,0,0,0,0,0,0,0,0,0,0,0,130.541,0,0,-96.0269
"MtrElec",10,26,10,"",0,0,0,0,0,0,0,0,0,0,0,0,0,0,0,0,0,0,0,0,0,130.928,0,35.4433,-166.371
"MtrElec",10,26,11,"",-10.9486,0,0,0,0,0,0,0,0,0,0,0,0,0,0,0,0,0,0,0,0,114.032,0,94.4224,-219.403
"MtrElec",10,26,12,"",0.0000078,0,0,0,0,0,0,0,0,0,0,0,0,0,0,0,0,0,0,0,0,164.172,0,87.4946,-251.666
"MtrElec",10,26,13,"",-42.5044,0,0,0,0,0,0,0,0,0,0,0,0,0,0,0,0,0,0,0,0,127.71,0,94.4224,-264.636
"MtrElec",10,26,14,"",-80.9075,0,0,0,0,0,0,0,0,0,0,0,0,0,0,0,0,0,0,0,0,133.948,0,40.5158,-255.371
"MtrElec",10,26,15,"",-126.943,0,0,0,0,0,0,0,0,0,0,0,0,0,0,0,0,0,0,0,0,100.136,0,0,-227.079
"MtrElec",10,26,16,"",-49.2009,0,0,0,0,0,0,0,0,0,0,0,0,0,0,0,0,0,0,0,0,128.24,0,0,-177.441
"MtrElec",10,26,17,"",51.4179,0,0,0,0,0,0,0,0,0,0,0,0,0,0,0,0,0,0,0,0,159.925,0,0,-108.507
"MtrElec",10,26,18,"",163.49,0,0,0,0,0,0,0,0,0,0,0,0,0,0,0,0,0,0,0,0,194.694,0,0,-31.2039
"MtrElec",10,26,19,"",61.0565,0,0,0,0,0,0,0,0,0,0,0,0,0,0,0,0,0,0,0,0,155.479,0,-94.4224,0
"MtrElec",10,26,20,"",102.949,0,0,0,0,0,0,0,0,0,0,0,0,0,0,0,0,0,0,0,0,197.372,0,-94.4224,0
"MtrElec",10,26,21,"",81.2454,0,0,0,0,0,0,0,0,0,0,0,0,0,0,0,0,0,0,0,0,175.668,0,-94.4224,0
"MtrElec",10,26,22,"",125.211,0,0,0,0,0,0,0,0,0,0,0,0,0,0,0,0,0,0,0,0,159.894,0,-34.6821,0
"MtrElec",10,26,23,"",117.363,0,0,0,0,0,0,0,0,0,0,0,0,0,0,0,0,0,0,0,0,117.363,0,0,0
"MtrElec",10,26,24,"",90.6715,0,0,0,0,0,0,0,0,0,0,0,0,0,0,0,0,0,0,0,0,90.6715,0,0,0
"MtrElec",10,27,1,"",90.7534,0,0,0,0,0,0,0,0,0,0,0,0,0,0,0,0,0,0,0,0,90.7534,0,0,0
"MtrElec",10,27,2,"",81.499,0,0,0,0,0,0,0,0,0,0,0,0,0,0,0,0,0,0,0,0,81.499,0,0,0
"MtrElec",10,27,3,"",64.816,0,0,0,0,0,0,0,0,0,0,0,0,0,0,0,0,0,0,0,0,64.816,0,0,0
"MtrElec",10,27,4,"",63.0888,0,0,0,0,0,0,0,0,0,0,0,0,0,0,0,0,0,0,0,0,63.0888,0,0,0
"MtrElec",10,27,5,"",62.1006,0,0,0,0,0,0,0,0,0,0,0,0,0,0,0,0,0,0,0,0,62.1006,0,0,0
"MtrElec",10,27,6,"",68.1114,0,0,0,0,0,0,0,0,0,0,0,0,0,0,0,0,0,0,0,0,68.1114,0,0,0
"MtrElec",10,27,7,"",123.719,0,0,0,0,0,0,0,0,0,0,0,0,0,0,0,0,0,0,0,0,123.719,0,0,0
"MtrElec",10,27,8,"",109.103,0,0,0,0,0,0,0,0,0,0,0,0,0,0,0,0,0,0,0,0,134.529,0,0,-25.4261
"MtrElec",10,27,9,"",39.6121,0,0,0,0,0,0,0,0,0,0,0,0,0,0,0,0,0,0,0,0,136.466,0,0,-96.8541
"MtrElec",10,27,10,"",0.0000020,0,0,0,0,0,0,0,0,0,0,0,0,0,0,0,0,0,0,0,0,148.757,0,16.3982,-165.156
"MtrElec",10,27,11,"",0.0000039,0,0,0,0,0,0,0,0,0,0,0,0,0,0,0,0,0,0,0,0,157.168,0,55.8263,-212.995
"MtrElec",10,27,12,"",0,0,0,0,0,0,0,0,0,0,0,0,0,0,0,0,0,0,0,0,0,162.312,0,79.4847,-241.797
"MtrElec",10,27,13,"",-28.0376,0,0,0,0,0,0,0,0,0,0,0,0,0,0,0,0,0,0,0,0,131.186,0,94.4224,-253.646
"MtrElec",10,27,14,"",-45.8439,0,0,0,0,0,0,0,0,0,0,0,0,0,0,0,0,0,0,0,0,105.591,0,94.4224,-245.857
"MtrElec",10,27,15,"",-70.8322,0,0,0,0,0,0,0,0,0,0,0,0,0,0,0,0,0,0,0,0,134.447,0,11.7445,-217.024
"MtrElec",10,27,16,"",-18.8659,0,0,0,0,0,0,0,0,0,0,0,0,0,0,0,0,0,0,0,0,151.576,0,0,-170.442
"MtrElec",10,27,17,"",56.7102,0,0,0,0,0,0,0,0,0,0,0,0,0,0,0,0,0,0,0,0,162.169,0,0,-105.459
"MtrElec",10,27,18,"",152.534,0,0,0,0,0,0,0,0,0,0,0,0,0,0,0,0,0,0,0,0,182.431,0,0,-29.8967
"MtrElec",10,27,19,"",81.0189,0,0,0,0,0,0,0,0,0,0,0,0,0,0,0,0,0,0,0,0,175.441,0,-94.4224,0
"MtrElec",10,27,20,"",98.459,0,0,0,0,0,0,0,0,0,0,0,0,0,0,0,0,0,0,0,0,192.881,0,-94.4224,0
"MtrElec",10,27,21,"",112.888,0,0,0,0,0,0,0,0,0,0,0,0,0,0,0,0,0,0,0,0,207.311,0,-94.4224,0
"MtrElec",10,27,22,"",118.61,0,0,0,0,0,0,0,0,0,0,0,0,0,0,0,0,0,0,0,0,153.292,0,-34.6821,0
"MtrElec",10,27,23,"",167.576,0,0,0,0,0,0,0,0,0,0,0,0,0,0,0,0,0,0,0,0,167.576,0,0,0
"MtrElec",10,27,24,"",103.907,0,0,0,0,0,0,0,0,0,0,0,0,0,0,0,0,0,0,0,0,103.907,0,0,0
"MtrElec",10,28,1,"",74.1659,0,0,0,0,0,0,0,0,0,0,0,0,0,0,0,0,0,0,0,0,74.1659,0,0,0
"MtrElec",10,28,2,"",68.0333,0,0,0,0,0,0,0,0,0,0,0,0,0,0,0,0,0,0,0,0,68.0333,0,0,0
"MtrElec",10,28,3,"",64.2868,0,0,0,0,0,0,0,0,0,0,0,0,0,0,0,0,0,0,0,0,64.2868,0,0,0
"MtrElec",10,28,4,"",63.3215,0,0,0,0,0,0,0,0,0,0,0,0,0,0,0,0,0,0,0,0,63.3215,0,0,0
"MtrElec",10,28,5,"",62.1644,0,0,0,0,0,0,0,0,0,0,0,0,0,0,0,0,0,0,0,0,62.1644,0,0,0
"MtrElec",10,28,6,"",94.7616,0,0,0,0,0,0,0,0,0,0,0,0,0,0,0,0,0,0,0,0,94.7616,0,0,0
"MtrElec",10,28,7,"",82.3551,0,0,0,0,0,0,0,0,0,0,0,0,0,0,0,0,0,0,0,0,82.3551,0,0,0
"MtrElec",10,28,8,"",107.129,0,0,0,0,0,0,0,0,0,0,0,0,0,0,0,0,0,0,0,0,131.711,0,0,-24.5825
"MtrElec",10,28,9,"",60.726,0,0,0,0,0,0,0,0,0,0,0,0,0,0,0,0,0,0,0,0,155.812,0,0,-95.0856
"MtrElec",10,28,10,"",0,0,0,0,0,0,0,0,0,0,0,0,0,0,0,0,0,0,0,0,0,133.506,0,25.803,-159.309
"MtrElec",10,28,11,"",0,0,0,0,0,0,0,0,0,0,0,0,0,0,0,0,0,0,0,0,0,165.588,0,38.196,-203.784
"MtrElec",10,28,12,"",0,0,0,0,0,0,0,0,0,0,0,0,0,0,0,0,0,0,0,0,0,146.063,0,84.4643,-230.527
"MtrElec",10,28,13,"",-10.6656,0,0,0,0,0,0,0,0,0,0,0,0,0,0,0,0,0,0,0,0,139.719,0,94.4224,-244.807
"MtrElec",10,28,14,"",-38.9871,0,0,0,0,0,0,0,0,0,0,0,0,0,0,0,0,0,0,0,0,105.487,0,94.4224,-238.896
"MtrElec",10,28,15,"",-85.3624,0,0,0,0,0,0,0,0,0,0,0,0,0,0,0,0,0,0,0,0,113.453,0,14.9903,-213.806
"MtrElec",10,28,16,"",-27.1282,0,0,0,0,0,0,0,0,0,0,0,0,0,0,0,0,0,0,0,0,143.499,0,0,-170.627
"MtrElec",10,28,17,"",34.2497,0,0,0,0,0,0,0,0,0,0,0,0,0,0,0,0,0,0,0,0,138.784,0,0,-104.534
"MtrElec",10,28,18,"",127.467,0,0,0,0,0,0,0,0,0,0,0,0,0,0,0,0,0,0,0,0,156.443,0,0,-28.975
"MtrElec",10,28,19,"",90.6988,0,0,0,0,0,0,0,0,0,0,0,0,0,0,0,0,0,0,0,0,185.121,0,-94.4224,0
"MtrElec",10,28,20,"",65.4739,0,0,0,0,0,0,0,0,0,0,0,0,0,0,0,0,0,0,0,0,159.896,0,-94.4224,0
"MtrElec",10,28,21,"",123.221,0,0,0,0,0,0,0,0,0,0,0,0,0,0,0,0,0,0,0,0,217.644,0,-94.4224,0
"MtrElec",10,28,22,"",102.959,0,0,0,0,0,0,0,0,0,0,0,0,0,0,0,0,0,0,0,0,137.641,0,-34.6821,0
"MtrElec",10,28,23,"",108.752,0,0,0,0,0,0,0,0,0,0,0,0,0,0,0,0,0,0,0,0,108.752,0,0,0
"MtrElec",10,28,24,"",116.163,0,0,0,0,0,0,0,0,0,0,0,0,0,0,0,0,0,0,0,0,116.163,0,0,0
"MtrElec",10,29,1,"",75.8764,0,0,0,0,0,0,0,0,0,0,0,0,0,0,0,0,0,0,0,0,75.8764,0,0,0
"MtrElec",10,29,2,"",67.3434,0,0,0,0,0,0,0,0,0,0,0,0,0,0,0,0,0,0,0,0,67.3434,0,0,0
"MtrElec",10,29,3,"",66.6432,0,0,0,0,0,0,0,0,0,0,0,0,0,0,0,0,0,0,0,0,66.6432,0,0,0
"MtrElec",10,29,4,"",66.434,0,0,0,0,0,0,0,0,0,0,0,0,0,0,0,0,0,0,0,0,66.434,0,0,0
"MtrElec",10,29,5,"",66.1239,0,0,0,0,0,0,0,0,0,0,0,0,0,0,0,0,0,0,0,0,66.1239,0,0,0
"MtrElec",10,29,6,"",69.3968,0,0,0,0,0,0,0,0,0,0,0,0,0,0,0,0,0,0,0,0,69.3968,0,0,0
"MtrElec",10,29,7,"",126.918,0,0,0,0,0,0,0,0,0,0,0,0,0,0,0,0,0,0,0,0,126.918,0,0,0
"MtrElec",10,29,8,"",106.774,0,0,0,0,0,0,0,0,0,0,0,0,0,0,0,0,0,0,0,0,131.717,0,0,-24.9424
"MtrElec",10,29,9,"",66.1992,0,0,0,0,0,0,0,0,0,0,0,0,0,0,0,0,0,0,0,0,161.934,0,0,-95.7348
"MtrElec",10,29,10,"",0,0,0,0,0,0,0,0,0,0,0,0,0,0,0,0,0,0,0,0,0,142.634,0,20.0086,-162.642
"MtrElec",10,29,11,"",0,0,0,0,0,0,0,0,0,0,0,0,0,0,0,0,0,0,0,0,0,170.055,0,36.103,-206.158
"MtrElec",10,29,12,"",-9.24621,0,0,0,0,0,0,0,0,0,0,0,0,0,0,0,0,0,0,0,0,133.279,0,94.4224,-236.947
"MtrElec",10,29,13,"",-17.3752,0,0,0,0,0,0,0,0,0,0,0,0,0,0,0,0,0,0,0,0,134.525,0,94.4224,-246.323
"MtrElec",10,29,14,"",-9.64923,0,0,0,0,0,0,0,0,0,0,0,0,0,0,0,0,0,0,0,0,135.748,0,94.4224,-239.82
"MtrElec",10,29,15,"",-95.9812,0,0,0,0,0,0,0,0,0,0,0,0,0,0,0,0,0,0,0,0,107.296,0,12.9196,-216.197
"MtrElec",10,29,16,"",-51.9951,0,0,0,0,0,0,0,0,0,0,0,0,0,0,0,0,0,0,0,0,118.41,0,0,-170.406
"MtrElec",10,29,17,"",67.4055,0,0,0,0,0,0,0,0,0,0,0,0,0,0,0,0,0,0,0,0,172.724,0,0,-105.318
"MtrElec",10,29,18,"",120.104,0,0,0,0,0,0,0,0,0,0,0,0,0,0,0,0,0,0,0,0,149.11,0,0,-29.0059
"MtrElec",10,29,19,"",95.946,0,0,0,0,0,0,0,0,0,0,0,0,0,0,0,0,0,0,0,0,190.368,0,-94.4224,0
"MtrElec",10,29,20,"",80.4245,0,0,0,0,0,0,0,0,0,0,0,0,0,0,0,0,0,0,0,0,174.847,0,-94.4224,0
"MtrElec",10,29,21,"",114.689,0,0,0,0,0,0,0,0,0,0,0,0,0,0,0,0,0,0,0,0,209.112,0,-94.4224,0
"MtrElec",10,29,22,"",87.2647,0,0,0,0,0,0,0,0,0,0,0,0,0,0,0,0,0,0,0,0,121.947,0,-34.6821,0
"MtrElec",10,29,23,"",119.285,0,0,0,0,0,0,0,0,0,0,0,0,0,0,0,0,0,0,0,0,119.285,0,0,0
"MtrElec",10,29,24,"",115.841,0,0,0,0,0,0,0,0,0,0,0,0,0,0,0,0,0,0,0,0,115.841,0,0,0
"MtrElec",10,30,1,"",90.4606,0,0,0,0,0,0,0,0,0,0,0,0,0,0,0,0,0,0,0,0,90.4606,0,0,0
"MtrElec",10,30,2,"",64.9221,0,0,0,0,0,0,0,0,0,0,0,0,0,0,0,0,0,0,0,0,64.9221,0,0,0
"MtrElec",10,30,3,"",65.9942,0,0,0,0,0,0,0,0,0,0,0,0,0,0,0,0,0,0,0,0,65.9942,0,0,0
"MtrElec",10,30,4,"",66.4579,0,0,0,0,0,0,0,0,0,0,0,0,0,0,0,0,0,0,0,0,66.4579,0,0,0
"MtrElec",10,30,5,"",66.0723,0,0,0,0,0,0,0,0,0,0,0,0,0,0,0,0,0,0,0,0,66.0723,0,0,0
"MtrElec",10,30,6,"",93.8741,0,0,0,0,0,0,0,0,0,0,0,0,0,0,0,0,0,0,0,0,93.8741,0,0,0
"MtrElec",10,30,7,"",114.783,0,0,0,0,0,0,0,0,0,0,0,0,0,0,0,0,0,0,0,0,114.783,0,0,0
"MtrElec",10,30,8,"",120.148,0,0,0,0,0,0,0,0,0,0,0,0,0,0,0,0,0,0,0,0,145.168,0,0,-25.0202
"MtrElec",10,30,9,"",50.1311,0,0,0,0,0,0,0,0,0,0,0,0,0,0,0,0,0,0,0,0,145.927,0,0,-95.7955
"MtrElec",10,30,10,"",0,0,0,0,0,0,0,0,0,0,0,0,0,0,0,0,0,0,0,0,0,136.476,0,26.2927,-162.769
"MtrElec",10,30,11,"",0,0,0,0,0,0,0,0,0,0,0,0,0,0,0,0,0,0,0,0,0,130.791,0,75.468,-206.259
"MtrElec",10,30,12,"",-8.6073,0,0,0,0,0,0,0,0,0,0,0,0,0,0,0,0,0,0,0,0,134.676,0,94.4224,-237.706
"MtrElec",10,30,13,"",-69.4017,0,0,0,0,0,0,0,0,0,0,0,0,0,0,0,0,0,0,0,0,87.0232,0,94.4224,-250.847
"MtrElec",10,30,14,"",-91.8426,0,0,0,0,0,0,0,0,0,0,0,0,0,0,0,0,0,0,0,0,88.6505,0,61.693,-242.186
"MtrElec",10,30,15,"",-87.9172,0,0,0,0,0,0,0,0,0,0,0,0,0,0,0,0,0,0,0,0,128.068,0,0,-215.985
"MtrElec",10,30,16,"",-53.0508,0,0,0,0,0,0,0,0,0,0,0,0,0,0,0,0,0,0,0,0,117.627,0,0,-170.678
"MtrElec",10,30,17,"",58.3389,0,0,0,0,0,0,0,0,0,0,0,0,0,0,0,0,0,0,0,0,162.365,0,0,-104.026
"MtrElec",10,30,18,"",115.339,0,0,0,0,0,0,0,0,0,0,0,0,0,0,0,0,0,0,0,0,143.703,0,0,-28.3639
"MtrElec",10,30,19,"",59.6077,0,0,0,0,0,0,0,0,0,0,0,0,0,0,0,0,0,0,0,0,154.03,0,-94.4224,0
"MtrElec",10,30,20,"",74.1093,0,0,0,0,0,0,0,0,0,0,0,0,0,0,0,0,0,0,0,0,168.532,0,-94.4224,0
"MtrElec",10,30,21,"",119.92,0,0,0,0,0,0,0,0,0,0,0,0,0,0,0,0,0,0,0,0,214.343,0,-94.4224,0
"MtrElec",10,30,22,"",86.5721,0,0,0,0,0,0,0,0,0,0,0,0,0,0,0,0,0,0,0,0,121.254,0,-34.6821,0
"MtrElec",10,30,23,"",147.985,0,0,0,0,0,0,0,0,0,0,0,0,0,0,0,0,0,0,0,0,147.985,0,0,0
"MtrElec",10,30,24,"",146.645,0,0,0,0,0,0,0,0,0,0,0,0,0,0,0,0,0,0,0,0,146.645,0,0,0
"MtrElec",10,31,1,"",76.7827,0,0,0,0,0,0,0,0,0,0,0,0,0,0,0,0,0,0,0,0,76.7827,0,0,0
"MtrElec",10,31,2,"",65.0303,0,0,0,0,0,0,0,0,0,0,0,0,0,0,0,0,0,0,0,0,65.0303,0,0,0
"MtrElec",10,31,3,"",62.566,0,0,0,0,0,0,0,0,0,0,0,0,0,0,0,0,0,0,0,0,62.566,0,0,0
"MtrElec",10,31,4,"",66.0873,0,0,0,0,0,0,0,0,0,0,0,0,0,0,0,0,0,0,0,0,66.0873,0,0,0
"MtrElec",10,31,5,"",91.6436,0,0,0,0,0,0,0,0,0,0,0,0,0,0,0,0,0,0,0,0,91.6436,0,0,0
"MtrElec",10,31,6,"",65.162,0,0,0,0,0,0,0,0,0,0,0,0,0,0,0,0,0,0,0,0,65.162,0,0,0
"MtrElec",10,31,7,"",83.2378,0,0,0,0,0,0,0,0,0,0,0,0,0,0,0,0,0,0,0,0,83.2378,0,0,0
"MtrElec",10,31,8,"",96.703,0,0,0,0,0,0,0,0,0,0,0,0,0,0,0,0,0,0,0,0,120.513,0,0,-23.8101
"MtrElec",10,31,9,"",24.7084,0,0,0,0,0,0,0,0,0,0,0,0,0,0,0,0,0,0,0,0,118.577,0,0,-93.8686
"MtrElec",10,31,10,"",17.8054,0,0,0,0,0,0,0,0,0,0,0,0,0,0,0,0,0,0,0,0,178.634,0,0,-160.829
"MtrElec",10,31,11,"",0,0,0,0,0,0,0,0,0,0,0,0,0,0,0,0,0,0,0,0,0,174.763,0,35.2973,-210.061
"MtrElec",10,31,12,"",0,0,0,0,0,0,0,0,0,0,0,0,0,0,0,0,0,0,0,0,0,159.018,0,82.6568,-241.675
"MtrElec",10,31,13,"",0.0000078,0,0,0,0,0,0,0,0,0,0,0,0,0,0,0,0,0,0,0,0,177.003,0,75.699,-252.702
"MtrElec",10,31,14,"",-7.13988,0,0,0,0,0,0,0,0,0,0,0,0,0,0,0,0,0,0,0,0,142.785,0,94.4224,-244.347
"MtrElec",10,31,15,"",0.0000020,0,0,0,0,0,0,0,0,0,0,0,0,0,0,0,0,0,0,0,0,194.6,0,21.9061,-216.506
"MtrElec",10,31,16,"",0,0,0,0,0,0,0,0,0,0,0,0,0,0,0,0,0,0,0,0,0,139.732,0,19.5809,-159.313
"MtrElec",10,31,17,"",80.5244,0,0,0,0,0,0,0,0,0,0,0,0,0,0,0,0,0,0,0,0,154.058,0,0,-73.5334
"MtrElec",10,31,18,"",119.843,0,0,0,0,0,0,0,0,0,0,0,0,0,0,0,0,0,0,0,0,145.977,0,0,-26.1343
"MtrElec",10,31,19,"",115.83,0,0,0,0,0,0,0,0,0,0,0,0,0,0,0,0,0,0,0,0,210.253,0,-94.4224,0
"MtrElec",10,31,20,"",98.269,0,0,0,0,0,0,0,0,0,0,0,0,0,0,0,0,0,0,0,0,192.691,0,-94.4224,0
"MtrElec",10,31,21,"",72.2681,0,0,0,0,0,0,0,0,0,0,0,0,0,0,0,0,0,0,0,0,166.691,0,-94.4224,0
"MtrElec",10,31,22,"",97.7754,0,0,0,0,0,0,0,0,0,0,0,0,0,0,0,0,0,0,0,0,111.938,0,-14.1629,0
"MtrElec",10,31,23,"",140.625,0,0,0,0,0,0,0,0,0,0,0,0,0,0,0,0,0,0,0,0,140.625,0,0,0
"MtrElec",10,31,24,"",114.846,0,0,0,0,0,0,0,0,0,0,0,0,0,0,0,0,0,0,0,0,114.846,0,0,0
"MtrElec",11,1,1,"",82.1517,0,0,0,0,0,0,0,0,0,0,0,0,0,0,0,0,0,0,0,0,82.1517,0,0,0
"MtrElec",11,1,2,"",66.5592,0,0,0,0,0,0,0,0,0,0,0,0,0,0,0,0,0,0,0,0,66.5592,0,0,0
"MtrElec",11,1,3,"",63.9568,0,0,0,0,0,0,0,0,0,0,0,0,0,0,0,0,0,0,0,0,63.9568,0,0,0
"MtrElec",11,1,3,"",63.7923,0,0,0,0,0,0,0,0,0,0,0,0,0,0,0,0,0,0,0,0,63.7923,0,0,0
"MtrElec",11,1,4,"",65.5598,0,0,0,0,0,0,0,0,0,0,0,0,0,0,0,0,0,0,0,0,65.5598,0,0,0
"MtrElec",11,1,5,"",77.9169,0,0,0,0,0,0,0,0,0,0,0,0,0,0,0,0,0,0,0,0,77.9169,0,0,0
"MtrElec",11,1,6,"",66.8356,0,0,0,0,0,0,0,0,0,0,0,0,0,0,0,0,0,0,0,0,66.8356,0,0,0
"MtrElec",11,1,7,"",80.3128,0,0,0,0,0,0,0,0,0,0,0,0,0,0,0,0,0,0,0,0,100.053,0,0,-19.7401
"MtrElec",11,1,8,"",2.48248,0,0,0,0,0,0,0,0,0,0,0,0,0,0,0,0,0,0,0,0,78.0698,0,0,-75.5873
"MtrElec",11,1,9,"",0,0,0,0,0,0,0,0,0,0,0,0,0,0,0,0,0,0,0,0,0,110.01,0,13.1242,-123.135
"MtrElec",11,1,10,"",0.0000039,0,0,0,0,0,0,0,0,0,0,0,0,0,0,0,0,0,0,0,0,137.236,0,39.9884,-177.225
"MtrElec",11,1,11,"",0,0,0,0,0,0,0,0,0,0,0,0,0,0,0,0,0,0,0,0,0,194.317,0,24.6287,-218.946
"MtrElec",11,1,12,"",0,0,0,0,0,0,0,0,0,0,0,0,0,0,0,0,0,0,0,0,0,183.602,0,38.9586,-222.56
"MtrElec",11,1,13,"",0,0,0,0,0,0,0,0,0,0,0,0,0,0,0,0,0,0,0,0,0,154.889,0,32.8012,-187.691
"MtrElec",11,1,14,"",0,0,0,0,0,0,0,0,0,0,0,0,0,0,0,0,0,0,0,0,0,159.893,0,14.1369,-174.03
"MtrElec",11,1,15,"",37.807,0,0,0,0,0,0,0,0,0,0,0,0,0,0,0,0,0,0,0,0,165.874,0,0,-128.067
"MtrElec",11,1,16,"",68.4612,0,0,0,0,0,0,0,0,0,0,0,0,0,0,0,0,0,0,0,0,147.69,0,0,-79.2291
"MtrElec",11,1,17,"",144.234,0,0,0,0,0,0,0,0,0,0,0,0,0,0,0,0,0,0,0,0,158.467,0,0,-14.2323
"MtrElec",11,1,18,"",139.692,0,0,0,0,0,0,0,0,0,0,0,0,0,0,0,0,0,0,0,0,139.692,0,0,0
"MtrElec",11,1,19,"",99.5393,0,0,0,0,0,0,0,0,0,0,0,0,0,0,0,0,0,0,0,0,193.962,0,-94.4224,0
"MtrElec",11,1,20,"",120.433,0,0,0,0,0,0,0,0,0,0,0,0,0,0,0,0,0,0,0,0,173.694,0,-53.2608,0
"MtrElec",11,1,21,"",190.188,0,0,0,0,0,0,0,0,0,0,0,0,0,0,0,0,0,0,0,0,190.188,0,0,0
"MtrElec",11,1,22,"",144.684,0,0,0,0,0,0,0,0,0,0,0,0,0,0,0,0,0,0,0,0,144.684,0,0,0
"MtrElec",11,1,23,"",133.755,0,0,0,0,0,0,0,0,0,0,0,0,0,0,0,0,0,0,0,0,133.755,0,0,0
"MtrElec",11,1,24,"",100.54,0,0,0,0,0,0,0,0,0,0,0,0,0,0,0,0,0,0,0,0,100.54,0,0,0
"MtrElec",11,2,1,"",81.2744,0,0,0,0,0,0,0,0,0,0,0,0,0,0,0,0,0,0,0,0,81.2744,0,0,0
"MtrElec",11,2,2,"",69.3828,0,0,0,0,0,0,0,0,0,0,0,0,0,0,0,0,0,0,0,0,69.3828,0,0,0
"MtrElec",11,2,3,"",65.4387,0,0,0,0,0,0,0,0,0,0,0,0,0,0,0,0,0,0,0,0,65.4387,0,0,0
"MtrElec",11,2,4,"",63.8271,0,0,0,0,0,0,0,0,0,0,0,0,0,0,0,0,0,0,0,0,63.8271,0,0,0
"MtrElec",11,2,5,"",63.0778,0,0,0,0,0,0,0,0,0,0,0,0,0,0,0,0,0,0,0,0,63.0778,0,0,0
"MtrElec",11,2,6,"",98.8763,0,0,0,0,0,0,0,0,0,0,0,0,0,0,0,0,0,0,0,0,98.8763,0,0,0
"MtrElec",11,2,7,"",83.3508,0,0,0,0,0,0,0,0,0,0,0,0,0,0,0,0,0,0,0,0,85.0101,0,0,-1.6593
"MtrElec",11,2,8,"",78.0497,0,0,0,0,0,0,0,0,0,0,0,0,0,0,0,0,0,0,0,0,133.062,0,0,-55.0122
"MtrElec",11,2,9,"",5.32279,0,0,0,0,0,0,0,0,0,0,0,0,0,0,0,0,0,0,0,0,126.404,0,0,-121.082
"MtrElec",11,2,10,"",0,0,0,0,0,0,0,0,0,0,0,0,0,0,0,0,0,0,0,0,0,142.414,0,59.7405,-202.154
"MtrElec",11,2,11,"",0,0,0,0,0,0,0,0,0,0,0,0,0,0,0,0,0,0,0,0,0,148.232,0,73.9315,-222.163
"MtrElec",11,2,12,"",0.0000078,0,0,0,0,0,0,0,0,0,0,0,0,0,0,0,0,0,0,0,0,116.375,0,88.2022,-204.578
"MtrElec",11,2,13,"",-15.3783,0,0,0,0,0,0,0,0,0,0,0,0,0,0,0,0,0,0,0,0,93.9171,0,94.4224,-203.718
"MtrElec",11,2,14,"",-35.5734,0,0,0,0,0,0,0,0,0,0,0,0,0,0,0,0,0,0,0,0,123.3,0,36.0019,-194.875
"MtrElec",11,2,15,"",-55.2377,0,0,0,0,0,0,0,0,0,0,0,0,0,0,0,0,0,0,0,0,97.4384,0,0,-152.676
"MtrElec",11,2,16,"",34.3092,0,0,0,0,0,0,0,0,0,0,0,0,0,0,0,0,0,0,0,0,121.895,0,0,-87.5861
"MtrElec",11,2,17,"",113.601,0,0,0,0,0,0,0,0,0,0,0,0,0,0,0,0,0,0,0,0,136.901,0,0,-23.3002
"MtrElec",11,2,18,"",122.312,0,0,0,0,0,0,0,0,0,0,0,0,0,0,0,0,0,0,0,0,122.312,0,0,0
"MtrElec",11,2,19,"",73.1614,0,0,0,0,0,0,0,0,0,0,0,0,0,0,0,0,0,0,0,0,167.584,0,-94.4224,0
"MtrElec",11,2,20,"",63.1546,0,0,0,0,0,0,0,0,0,0,0,0,0,0,0,0,0,0,0,0,157.577,0,-94.4224,0
"MtrElec",11,2,21,"",103.205,0,0,0,0,0,0,0,0,0,0,0,0,0,0,0,0,0,0,0,0,197.627,0,-94.4224,0
"MtrElec",11,2,22,"",88.4764,0,0,0,0,0,0,0,0,0,0,0,0,0,0,0,0,0,0,0,0,123.158,0,-34.6821,0
"MtrElec",11,2,23,"",166.773,0,0,0,0,0,0,0,0,0,0,0,0,0,0,0,0,0,0,0,0,166.773,0,0,0
"MtrElec",11,2,24,"",115.532,0,0,0,0,0,0,0,0,0,0,0,0,0,0,0,0,0,0,0,0,115.532,0,0,0
"MtrElec",11,3,1,"",77.0519,0,0,0,0,0,0,0,0,0,0,0,0,0,0,0,0,0,0,0,0,77.0519,0,0,0
"MtrElec",11,3,2,"",65.767,0,0,0,0,0,0,0,0,0,0,0,0,0,0,0,0,0,0,0,0,65.767,0,0,0
"MtrElec",11,3,3,"",63.8142,0,0,0,0,0,0,0,0,0,0,0,0,0,0,0,0,0,0,0,0,63.8142,0,0,0
"MtrElec",11,3,4,"",63.7729,0,0,0,0,0,0,0,0,0,0,0,0,0,0,0,0,0,0,0,0,63.7729,0,0,0
"MtrElec",11,3,5,"",63.0267,0,0,0,0,0,0,0,0,0,0,0,0,0,0,0,0,0,0,0,0,63.0267,0,0,0
"MtrElec",11,3,6,"",78.3489,0,0,0,0,0,0,0,0,0,0,0,0,0,0,0,0,0,0,0,0,78.3489,0,0,0
"MtrElec",11,3,7,"",96.739,0,0,0,0,0,0,0,0,0,0,0,0,0,0,0,0,0,0,0,0,104.613,0,0,-7.87379
"MtrElec",11,3,8,"",83.1178,0,0,0,0,0,0,0,0,0,0,0,0,0,0,0,0,0,0,0,0,123.981,0,0,-40.8637
"MtrElec",11,3,9,"",27.6528,0,0,0,0,0,0,0,0,0,0,0,0,0,0,0,0,0,0,0,0,127.432,0,0,-99.779
"MtrElec",11,3,10,"",-2.06228,0,0,0,0,0,0,0,0,0,0,0,0,0,0,0,0,0,0,0,0,107.382,0,94.4224,-203.867
"MtrElec",11,3,11,"",0,0,0,0,0,0,0,0,0,0,0,0,0,0,0,0,0,0,0,0,0,149.968,0,87.7486,-237.717
"MtrElec",11,3,12,"",-53.9659,0,0,0,0,0,0,0,0,0,0,0,0,0,0,0,0,0,0,0,0,103.571,0,94.4224,-251.96
"MtrElec",11,3,13,"",-50.58,0,0,0,0,0,0,0,0,0,0,0,0,0,0,0,0,0,0,0,0,117.145,0,75.705,-243.43
"MtrElec",11,3,14,"",-136.099,0,0,0,0,0,0,0,0,0,0,0,0,0,0,0,0,0,0,0,0,78.5587,0,0,-214.657
"MtrElec",11,3,15,"",-85.7798,0,0,0,0,0,0,0,0,0,0,0,0,0,0,0,0,0,0,0,0,79.567,0,0,-165.347
"MtrElec",11,3,16,"",18.0119,0,0,0,0,0,0,0,0,0,0,0,0,0,0,0,0,0,0,0,0,117.016,0,0,-99.0037
"MtrElec",11,3,17,"",83.2987,0,0,0,0,0,0,0,0,0,0,0,0,0,0,0,0,0,0,0,0,108.003,0,0,-24.7044
"MtrElec",11,3,18,"",162.271,0,0,0,0,0,0,0,0,0,0,0,0,0,0,0,0,0,0,0,0,162.271,0,0,0
"MtrElec",11,3,19,"",51.2401,0,0,0,0,0,0,0,0,0,0,0,0,0,0,0,0,0,0,0,0,145.663,0,-94.4224,0
"MtrElec",11,3,20,"",40.0763,0,0,0,0,0,0,0,0,0,0,0,0,0,0,0,0,0,0,0,0,134.499,0,-94.4224,0
"MtrElec",11,3,21,"",86.6349,0,0,0,0,0,0,0,0,0,0,0,0,0,0,0,0,0,0,0,0,181.057,0,-94.4224,0
"MtrElec",11,3,22,"",70.7527,0,0,0,0,0,0,0,0,0,0,0,0,0,0,0,0,0,0,0,0,105.435,0,-34.6821,0
"MtrElec",11,3,23,"",143.183,0,0,0,0,0,0,0,0,0,0,0,0,0,0,0,0,0,0,0,0,143.183,0,0,0
"MtrElec",11,3,24,"",104.757,0,0,0,0,0,0,0,0,0,0,0,0,0,0,0,0,0,0,0,0,104.757,0,0,0
"MtrElec",11,4,1,"",87.7097,0,0,0,0,0,0,0,0,0,0,0,0,0,0,0,0,0,0,0,0,87.7097,0,0,0
"MtrElec",11,4,2,"",65.4912,0,0,0,0,0,0,0,0,0,0,0,0,0,0,0,0,0,0,0,0,65.4912,0,0,0
"MtrElec",11,4,3,"",63.6211,0,0,0,0,0,0,0,0,0,0,0,0,0,0,0,0,0,0,0,0,63.6211,0,0,0
"MtrElec",11,4,4,"",63.6228,0,0,0,0,0,0,0,0,0,0,0,0,0,0,0,0,0,0,0,0,63.6228,0,0,0
"MtrElec",11,4,5,"",62.8827,0,0,0,0,0,0,0,0,0,0,0,0,0,0,0,0,0,0,0,0,62.8827,0,0,0
"MtrElec",11,4,6,"",68.9955,0,0,0,0,0,0,0,0,0,0,0,0,0,0,0,0,0,0,0,0,68.9955,0,0,0
"MtrElec",11,4,7,"",112.724,0,0,0,0,0,0,0,0,0,0,0,0,0,0,0,0,0,0,0,0,115.439,0,0,-2.7147
"MtrElec",11,4,8,"",130.298,0,0,0,0,0,0,0,0,0,0,0,0,0,0,0,0,0,0,0,0,144.127,0,0,-13.8289
"MtrElec",11,4,9,"",71.7857,0,0,0,0,0,0,0,0,0,0,0,0,0,0,0,0,0,0,0,0,132.387,0,0,-60.6009
"MtrElec",11,4,10,"",67.6286,0,0,0,0,0,0,0,0,0,0,0,0,0,0,0,0,0,0,0,0,172.211,0,0,-104.582
"MtrElec",11,4,11,"",55.2803,0,0,0,0,0,0,0,0,0,0,0,0,0,0,0,0,0,0,0,0,103.677,0,0,-48.3966
"MtrElec",11,4,12,"",78.8435,0,0,0,0,0,0,0,0,0,0,0,0,0,0,0,0,0,0,0,0,133.241,0,0,-54.3978
"MtrElec",11,4,13,"",19.0838,0,0,0,0,0,0,0,0,0,0,0,0,0,0,0,0,0,0,0,0,120.02,0,0,-100.937
"MtrElec",11,4,14,"",0.0000039,0,0,0,0,0,0,0,0,0,0,0,0,0,0,0,0,0,0,0,0,110.428,0,49.0905,-159.519
"MtrElec",11,4,15,"",0.0000078,0,0,0,0,0,0,0,0,0,0,0,0,0,0,0,0,0,0,0,0,90.3405,0,81.2839,-171.624
"MtrElec",11,4,16,"",9.78595,0,0,0,0,0,0,0,0,0,0,0,0,0,0,0,0,0,0,0,0,113.098,0,0,-103.312
"MtrElec",11,4,17,"",97.5727,0,0,0,0,0,0,0,0,0,0,0,0,0,0,0,0,0,0,0,0,123.4,0,0,-25.8273
"MtrElec",11,4,18,"",113.947,0,0,0,0,0,0,0,0,0,0,0,0,0,0,0,0,0,0,0,0,113.947,0,0,0
"MtrElec",11,4,19,"",85.1363,0,0,0,0,0,0,0,0,0,0,0,0,0,0,0,0,0,0,0,0,179.559,0,-94.4224,0
"MtrElec",11,4,20,"",119.917,0,0,0,0,0,0,0,0,0,0,0,0,0,0,0,0,0,0,0,0,143.157,0,-23.2405,0
"MtrElec",11,4,21,"",213.892,0,0,0,0,0,0,0,0,0,0,0,0,0,0,0,0,0,0,0,0,213.892,0,0,0
"MtrElec",11,4,22,"",111.926,0,0,0,0,0,0,0,0,0,0,0,0,0,0,0,0,0,0,0,0,111.926,0,0,0
"MtrElec",11,4,23,"",139.305,0,0,0,0,0,0,0,0,0,0,0,0,0,0,0,0,0,0,0,0,139.305,0,0,0
"MtrElec",11,4,24,"",83.3896,0,0,0,0,0,0,0,0,0,0,0,0,0,0,0,0,0,0,0,0,83.3896,0,0,0
"MtrElec",11,5,1,"",69,0,0,0,0,0,0,0,0,0,0,0,0,0,0,0,0,0,0,0,0,69,0,0,0
"MtrElec",11,5,2,"",70.6303,0,0,0,0,0,0,0,0,0,0,0,0,0,0,0,0,0,0,0,0,70.6303,0,0,0
"MtrElec",11,5,3,"",67.8081,0,0,0,0,0,0,0,0,0,0,0,0,0,0,0,0,0,0,0,0,67.8081,0,0,0
"MtrElec",11,5,4,"",72.842,0,0,0,0,0,0,0,0,0,0,0,0,0,0,0,0,0,0,0,0,72.842,0,0,0
"MtrElec",11,5,5,"",64.8211,0,0,0,0,0,0,0,0,0,0,0,0,0,0,0,0,0,0,0,0,64.8211,0,0,0
"MtrElec",11,5,6,"",104.004,0,0,0,0,0,0,0,0,0,0,0,0,0,0,0,0,0,0,0,0,104.004,0,0,0
"MtrElec",11,5,7,"",63.6631,0,0,0,0,0,0,0,0,0,0,0,0,0,0,0,0,0,0,0,0,85.902,0,0,-22.2389
"MtrElec",11,5,8,"",41.474,0,0,0,0,0,0,0,0,0,0,0,0,0,0,0,0,0,0,0,0,133.003,0,0,-91.5295
"MtrElec",11,5,9,"",0.0000039,0,0,0,0,0,0,0,0,0,0,0,0,0,0,0,0,0,0,0,0,103.658,0,58.4195,-162.077
"MtrElec",11,5,10,"",-3.16162,0,0,0,0,0,0,0,0,0,0,0,0,0,0,0,0,0,0,0,0,110.461,0,94.4224,-208.045
"MtrElec",11,5,11,"",-44.8114,0,0,0,0,0,0,0,0,0,0,0,0,0,0,0,0,0,0,0,0,99.1923,0,94.4224,-238.426
"MtrElec",11,5,12,"",-38.0056,0,0,0,0,0,0,0,0,0,0,0,0,0,0,0,0,0,0,0,0,120.163,0,94.4224,-252.591
"MtrElec",11,5,13,"",-155.124,0,0,0,0,0,0,0,0,0,0,0,0,0,0,0,0,0,0,0,0,78.4444,0,10.6117,-244.18
"MtrElec",11,5,14,"",-127.253,0,0,0,0,0,0,0,0,0,0,0,0,0,0,0,0,0,0,0,0,88.3144,0,0,-215.567
"MtrElec",11,5,15,"",-80.4318,0,0,0,0,0,0,0,0,0,0,0,0,0,0,0,0,0,0,0,0,87.2515,0,0,-167.683
"MtrElec",11,5,16,"",3.95925,0,0,0,0,0,0,0,0,0,0,0,0,0,0,0,0,0,0,0,0,104.02,0,0,-100.061
"MtrElec",11,5,17,"",79.2801,0,0,0,0,0,0,0,0,0,0,0,0,0,0,0,0,0,0,0,0,103.93,0,0,-24.6495
"MtrElec",11,5,18,"",160.195,0,0,0,0,0,0,0,0,0,0,0,0,0,0,0,0,0,0,0,0,160.195,0,0,0
"MtrElec",11,5,19,"",38.7595,0,0,0,0,0,0,0,0,0,0,0,0,0,0,0,0,0,0,0,0,133.182,0,-94.4224,0
"MtrElec",11,5,20,"",83.2279,0,0,0,0,0,0,0,0,0,0,0,0,0,0,0,0,0,0,0,0,177.65,0,-94.4224,0
"MtrElec",11,5,21,"",84.3447,0,0,0,0,0,0,0,0,0,0,0,0,0,0,0,0,0,0,0,0,178.767,0,-94.4224,0
"MtrElec",11,5,22,"",81.3648,0,0,0,0,0,0,0,0,0,0,0,0,0,0,0,0,0,0,0,0,116.047,0,-34.6821,0
"MtrElec",11,5,23,"",141.944,0,0,0,0,0,0,0,0,0,0,0,0,0,0,0,0,0,0,0,0,141.944,0,0,0
"MtrElec",11,5,24,"",94.0372,0,0,0,0,0,0,0,0,0,0,0,0,0,0,0,0,0,0,0,0,94.0372,0,0,0
"MtrElec",11,6,1,"",84.4556,0,0,0,0,0,0,0,0,0,0,0,0,0,0,0,0,0,0,0,0,84.4556,0,0,0
"MtrElec",11,6,2,"",65.3466,0,0,0,0,0,0,0,0,0,0,0,0,0,0,0,0,0,0,0,0,65.3466,0,0,0
"MtrElec",11,6,3,"",65.349,0,0,0,0,0,0,0,0,0,0,0,0,0,0,0,0,0,0,0,0,65.349,0,0,0
"MtrElec",11,6,4,"",65.3339,0,0,0,0,0,0,0,0,0,0,0,0,0,0,0,0,0,0,0,0,65.3339,0,0,0
"MtrElec",11,6,5,"",64.5887,0,0,0,0,0,0,0,0,0,0,0,0,0,0,0,0,0,0,0,0,64.5887,0,0,0
"MtrElec",11,6,6,"",76.4695,0,0,0,0,0,0,0,0,0,0,0,0,0,0,0,0,0,0,0,0,76.4695,0,0,0
"MtrElec",11,6,7,"",106.495,0,0,0,0,0,0,0,0,0,0,0,0,0,0,0,0,0,0,0,0,114.246,0,0,-7.75097
"MtrElec",11,6,8,"",76.0438,0,0,0,0,0,0,0,0,0,0,0,0,0,0,0,0,0,0,0,0,115.007,0,0,-38.9631
"MtrElec",11,6,9,"",81.8339,0,0,0,0,0,0,0,0,0,0,0,0,0,0,0,0,0,0,0,0,136.334,0,0,-54.4999
"MtrElec",11,6,10,"",34.082,0,0,0,0,0,0,0,0,0,0,0,0,0,0,0,0,0,0,0,0,129.377,0,0,-95.2951
"MtrElec",11,6,11,"",0,0,0,0,0,0,0,0,0,0,0,0,0,0,0,0,0,0,0,0,0,116.445,0,72.2046,-188.649
"MtrElec",11,6,12,"",0,0,0,0,0,0,0,0,0,0,0,0,0,0,0,0,0,0,0,0,0,109.678,0,89.2299,-198.908
"MtrElec",11,6,13,"",0,0,0,0,0,0,0,0,0,0,0,0,0,0,0,0,0,0,0,0,0,113.726,0,73.3316,-187.058
"MtrElec",11,6,14,"",0,0,0,0,0,0,0,0,0,0,0,0,0,0,0,0,0,0,0,0,0,77.5965,0,26.7032,-104.3
"MtrElec",11,6,15,"",0.0000010,0,0,0,0,0,0,0,0,0,0,0,0,0,0,0,0,0,0,0,0,104.33,0,12.6134,-116.943
"MtrElec",11,6,16,"",35.7433,0,0,0,0,0,0,0,0,0,0,0,0,0,0,0,0,0,0,0,0,83.8902,0,0,-48.1469
"MtrElec",11,6,17,"",98.7018,0,0,0,0,0,0,0,0,0,0,0,0,0,0,0,0,0,0,0,0,110.066,0,0,-11.3647
"MtrElec",11,6,18,"",146.415,0,0,0,0,0,0,0,0,0,0,0,0,0,0,0,0,0,0,0,0,146.415,0,0,0
"MtrElec",11,6,19,"",29.2069,0,0,0,0,0,0,0,0,0,0,0,0,0,0,0,0,0,0,0,0,123.629,0,-94.4224,0
"MtrElec",11,6,20,"",72.5977,0,0,0,0,0,0,0,0,0,0,0,0,0,0,0,0,0,0,0,0,167.02,0,-94.4224,0
"MtrElec",11,6,21,"",96.9345,0,0,0,0,0,0,0,0,0,0,0,0,0,0,0,0,0,0,0,0,155.449,0,-58.5148,0
"MtrElec",11,6,22,"",128.173,0,0,0,0,0,0,0,0,0,0,0,0,0,0,0,0,0,0,0,0,128.173,0,0,0
"MtrElec",11,6,23,"",145.042,0,0,0,0,0,0,0,0,0,0,0,0,0,0,0,0,0,0,0,0,145.042,0,0,0
"MtrElec",11,6,24,"",95.7917,0,0,0,0,0,0,0,0,0,0,0,0,0,0,0,0,0,0,0,0,95.7917,0,0,0
"MtrElec",11,7,1,"",74.7371,0,0,0,0,0,0,0,0,0,0,0,0,0,0,0,0,0,0,0,0,74.7371,0,0,0
"MtrElec",11,7,2,"",65.6533,0,0,0,0,0,0,0,0,0,0,0,0,0,0,0,0,0,0,0,0,65.6533,0,0,0
"MtrElec",11,7,3,"",66.287,0,0,0,0,0,0,0,0,0,0,0,0,0,0,0,0,0,0,0,0,66.287,0,0,0
"MtrElec",11,7,4,"",66.2798,0,0,0,0,0,0,0,0,0,0,0,0,0,0,0,0,0,0,0,0,66.2798,0,0,0
"MtrElec",11,7,5,"",69.9455,0,0,0,0,0,0,0,0,0,0,0,0,0,0,0,0,0,0,0,0,69.9455,0,0,0
"MtrElec",11,7,6,"",66.274,0,0,0,0,0,0,0,0,0,0,0,0,0,0,0,0,0,0,0,0,66.274,0,0,0
"MtrElec",11,7,7,"",97.5717,0,0,0,0,0,0,0,0,0,0,0,0,0,0,0,0,0,0,0,0,99.3789,0,0,-1.80723
"MtrElec",11,7,8,"",53.5327,0,0,0,0,0,0,0,0,0,0,0,0,0,0,0,0,0,0,0,0,94.4965,0,0,-40.9638
"MtrElec",11,7,9,"",52.6301,0,0,0,0,0,0,0,0,0,0,0,0,0,0,0,0,0,0,0,0,130.55,0,0,-77.9201
"MtrElec",11,7,10,"",2.02033,0,0,0,0,0,0,0,0,0,0,0,0,0,0,0,0,0,0,0,0,150.929,0,0,-148.909
"MtrElec",11,7,11,"",0,0,0,0,0,0,0,0,0,0,0,0,0,0,0,0,0,0,0,0,0,163.684,0,65.9251,-229.609
"MtrElec",11,7,12,"",0,0,0,0,0,0,0,0,0,0,0,0,0,0,0,0,0,0,0,0,0,181.258,0,63.7277,-244.986
"MtrElec",11,7,13,"",-2.35384,0,0,0,0,0,0,0,0,0,0,0,0,0,0,0,0,0,0,0,0,131.867,0,94.4224,-228.643
"MtrElec",11,7,14,"",0,0,0,0,0,0,0,0,0,0,0,0,0,0,0,0,0,0,0,0,0,143.036,0,32.626,-175.662
"MtrElec",11,7,15,"",0,0,0,0,0,0,0,0,0,0,0,0,0,0,0,0,0,0,0,0,0,117.431,0,22.5344,-139.966
"MtrElec",11,7,16,"",73.5899,0,0,0,0,0,0,0,0,0,0,0,0,0,0,0,0,0,0,0,0,139.073,0,0,-65.4835
"MtrElec",11,7,17,"",125.295,0,0,0,0,0,0,0,0,0,0,0,0,0,0,0,0,0,0,0,0,138.645,0,0,-13.3493
"MtrElec",11,7,18,"",130.67,0,0,0,0,0,0,0,0,0,0,0,0,0,0,0,0,0,0,0,0,130.67,0,0,0
"MtrElec",11,7,19,"",74.2216,0,0,0,0,0,0,0,0,0,0,0,0,0,0,0,0,0,0,0,0,168.644,0,-94.4224,0
"MtrElec",11,7,20,"",59.3634,0,0,0,0,0,0,0,0,0,0,0,0,0,0,0,0,0,0,0,0,153.786,0,-94.4224,0
"MtrElec",11,7,21,"",68.3417,0,0,0,0,0,0,0,0,0,0,0,0,0,0,0,0,0,0,0,0,131.507,0,-63.1653,0
"MtrElec",11,7,22,"",143.264,0,0,0,0,0,0,0,0,0,0,0,0,0,0,0,0,0,0,0,0,143.264,0,0,0
"MtrElec",11,7,23,"",93.0378,0,0,0,0,0,0,0,0,0,0,0,0,0,0,0,0,0,0,0,0,93.0378,0,0,0
"MtrElec",11,7,24,"",107.646,0,0,0,0,0,0,0,0,0,0,0,0,0,0,0,0,0,0,0,0,107.646,0,0,0
"MtrElec",11,8,1,"",84.0212,0,0,0,0,0,0,0,0,0,0,0,0,0,0,0,0,0,0,0,0,84.0212,0,0,0
"MtrElec",11,8,2,"",65.6564,0,0,0,0,0,0,0,0,0,0,0,0,0,0,0,0,0,0,0,0,65.6564,0,0,0
"MtrElec",11,8,3,"",66.2893,0,0,0,0,0,0,0,0,0,0,0,0,0,0,0,0,0,0,0,0,66.2893,0,0,0
"MtrElec",11,8,4,"",66.2815,0,0,0,0,0,0,0,0,0,0,0,0,0,0,0,0,0,0,0,0,66.2815,0,0,0
"MtrElec",11,8,5,"",69.953,0,0,0,0,0,0,0,0,0,0,0,0,0,0,0,0,0,0,0,0,69.953,0,0,0
"MtrElec",11,8,6,"",66.287,0,0,0,0,0,0,0,0,0,0,0,0,0,0,0,0,0,0,0,0,66.287,0,0,0
"MtrElec",11,8,7,"",72.1889,0,0,0,0,0,0,0,0,0,0,0,0,0,0,0,0,0,0,0,0,72.1889,0,0,0
"MtrElec",11,8,8,"",90.0194,0,0,0,0,0,0,0,0,0,0,0,0,0,0,0,0,0,0,0,0,108.311,0,0,-18.2911
"MtrElec",11,8,9,"",10.5605,0,0,0,0,0,0,0,0,0,0,0,0,0,0,0,0,0,0,0,0,92.7935,0,0,-82.233
"MtrElec",11,8,10,"",35.9519,0,0,0,0,0,0,0,0,0,0,0,0,0,0,0,0,0,0,0,0,139.026,0,0,-103.074
"MtrElec",11,8,11,"",24.7187,0,0,0,0,0,0,0,0,0,0,0,0,0,0,0,0,0,0,0,0,177.972,0,0,-153.254
"MtrElec",11,8,12,"",0.0000002,0,0,0,0,0,0,0,0,0,0,0,0,0,0,0,0,0,0,0,0,190.698,0,3.33767,-194.036
"MtrElec",11,8,13,"",10.6431,0,0,0,0,0,0,0,0,0,0,0,0,0,0,0,0,0,0,0,0,187.669,0,0,-177.026
"MtrElec",11,8,14,"",0.0000010,0,0,0,0,0,0,0,0,0,0,0,0,0,0,0,0,0,0,0,0,123.27,0,10.0648,-133.335
"MtrElec",11,8,15,"",93.7527,0,0,0,0,0,0,0,0,0,0,0,0,0,0,0,0,0,0,0,0,169.721,0,0,-75.9678
"MtrElec",11,8,16,"",100.164,0,0,0,0,0,0,0,0,0,0,0,0,0,0,0,0,0,0,0,0,131.944,0,0,-31.7807
"MtrElec",11,8,17,"",146.082,0,0,0,0,0,0,0,0,0,0,0,0,0,0,0,0,0,0,0,0,149.066,0,0,-2.98433
"MtrElec",11,8,18,"",142.724,0,0,0,0,0,0,0,0,0,0,0,0,0,0,0,0,0,0,0,0,142.724,0,0,0
"MtrElec",11,8,19,"",204.126,0,0,0,0,0,0,0,0,0,0,0,0,0,0,0,0,0,0,0,0,216.222,0,-12.0957,0
"MtrElec",11,8,20,"",176.026,0,0,0,0,0,0,0,0,0,0,0,0,0,0,0,0,0,0,0,0,176.026,0,0,0
"MtrElec",11,8,21,"",140.532,0,0,0,0,0,0,0,0,0,0,0,0,0,0,0,0,0,0,0,0,140.532,0,0,0
"MtrElec",11,8,22,"",184.998,0,0,0,0,0,0,0,0,0,0,0,0,0,0,0,0,0,0,0,0,184.998,0,0,0
"MtrElec",11,8,23,"",100.288,0,0,0,0,0,0,0,0,0,0,0,0,0,0,0,0,0,0,0,0,100.288,0,0,0
"MtrElec",11,8,24,"",91.776,0,0,0,0,0,0,0,0,0,0,0,0,0,0,0,0,0,0,0,0,91.776,0,0,0
"MtrElec",11,9,1,"",88.025,0,0,0,0,0,0,0,0,0,0,0,0,0,0,0,0,0,0,0,0,88.025,0,0,0
"MtrElec",11,9,2,"",70.7971,0,0,0,0,0,0,0,0,0,0,0,0,0,0,0,0,0,0,0,0,70.7971,0,0,0
"MtrElec",11,9,3,"",63.3436,0,0,0,0,0,0,0,0,0,0,0,0,0,0,0,0,0,0,0,0,63.3436,0,0,0
"MtrElec",11,9,4,"",63.3515,0,0,0,0,0,0,0,0,0,0,0,0,0,0,0,0,0,0,0,0,63.3515,0,0,0
"MtrElec",11,9,5,"",62.578,0,0,0,0,0,0,0,0,0,0,0,0,0,0,0,0,0,0,0,0,62.578,0,0,0
"MtrElec",11,9,6,"",69.3722,0,0,0,0,0,0,0,0,0,0,0,0,0,0,0,0,0,0,0,0,69.3722,0,0,0
"MtrElec",11,9,7,"",103.598,0,0,0,0,0,0,0,0,0,0,0,0,0,0,0,0,0,0,0,0,108.905,0,0,-5.30671
"MtrElec",11,9,8,"",85.9028,0,0,0,0,0,0,0,0,0,0,0,0,0,0,0,0,0,0,0,0,132.878,0,0,-46.9752
"MtrElec",11,9,9,"",67.3015,0,0,0,0,0,0,0,0,0,0,0,0,0,0,0,0,0,0,0,0,132.638,0,0,-65.3362
"MtrElec",11,9,10,"",2.14512,0,0,0,0,0,0,0,0,0,0,0,0,0,0,0,0,0,0,0,0,137.895,0,0,-135.75
"MtrElec",11,9,11,"",0,0,0,0,0,0,0,0,0,0,0,0,0,0,0,0,0,0,0,0,0,137.188,0,11.4568,-148.645
"MtrElec",11,9,12,"",14.2924,0,0,0,0,0,0,0,0,0,0,0,0,0,0,0,0,0,0,0,0,143.101,0,0,-128.809
"MtrElec",11,9,13,"",0,0,0,0,0,0,0,0,0,0,0,0,0,0,0,0,0,0,0,0,0,106.182,0,20.1086,-126.291
"MtrElec",11,9,14,"",0,0,0,0,0,0,0,0,0,0,0,0,0,0,0,0,0,0,0,0,0,84.6596,0,35.0099,-119.669
"MtrElec",11,9,15,"",47.6886,0,0,0,0,0,0,0,0,0,0,0,0,0,0,0,0,0,0,0,0,109.197,0,0,-61.5084
"MtrElec",11,9,16,"",76.5407,0,0,0,0,0,0,0,0,0,0,0,0,0,0,0,0,0,0,0,0,81.7566,0,0,-5.2159
"MtrElec",11,9,17,"",116.476,0,0,0,0,0,0,0,0,0,0,0,0,0,0,0,0,0,0,0,0,116.476,0,0,0
"MtrElec",11,9,18,"",151.279,0,0,0,0,0,0,0,0,0,0,0,0,0,0,0,0,0,0,0,0,151.279,0,0,0
"MtrElec",11,9,19,"",72.4475,0,0,0,0,0,0,0,0,0,0,0,0,0,0,0,0,0,0,0,0,132.532,0,-60.0841,0
"MtrElec",11,9,20,"",166.395,0,0,0,0,0,0,0,0,0,0,0,0,0,0,0,0,0,0,0,0,166.395,0,0,0
"MtrElec",11,9,21,"",152.684,0,0,0,0,0,0,0,0,0,0,0,0,0,0,0,0,0,0,0,0,152.684,0,0,0
"MtrElec",11,9,22,"",127.362,0,0,0,0,0,0,0,0,0,0,0,0,0,0,0,0,0,0,0,0,127.362,0,0,0
"MtrElec",11,9,23,"",151.998,0,0,0,0,0,0,0,0,0,0,0,0,0,0,0,0,0,0,0,0,151.998,0,0,0
"MtrElec",11,9,24,"",117.438,0,0,0,0,0,0,0,0,0,0,0,0,0,0,0,0,0,0,0,0,117.438,0,0,0
"MtrElec",11,10,1,"",105.95,0,0,0,0,0,0,0,0,0,0,0,0,0,0,0,0,0,0,0,0,105.95,0,0,0
"MtrElec",11,10,2,"",65.2128,0,0,0,0,0,0,0,0,0,0,0,0,0,0,0,0,0,0,0,0,65.2128,0,0,0
"MtrElec",11,10,3,"",63.3314,0,0,0,0,0,0,0,0,0,0,0,0,0,0,0,0,0,0,0,0,63.3314,0,0,0
"MtrElec",11,10,4,"",63.3314,0,0,0,0,0,0,0,0,0,0,0,0,0,0,0,0,0,0,0,0,63.3314,0,0,0
"MtrElec",11,10,5,"",62.5554,0,0,0,0,0,0,0,0,0,0,0,0,0,0,0,0,0,0,0,0,62.5554,0,0,0
"MtrElec",11,10,6,"",76.826,0,0,0,0,0,0,0,0,0,0,0,0,0,0,0,0,0,0,0,0,76.826,0,0,0
"MtrElec",11,10,7,"",117.984,0,0,0,0,0,0,0,0,0,0,0,0,0,0,0,0,0,0,0,0,126.072,0,0,-8.08747
"MtrElec",11,10,8,"",79.9363,0,0,0,0,0,0,0,0,0,0,0,0,0,0,0,0,0,0,0,0,105.199,0,0,-25.2627
"MtrElec",11,10,9,"",96.7591,0,0,0,0,0,0,0,0,0,0,0,0,0,0,0,0,0,0,0,0,144.035,0,0,-47.2762
"MtrElec",11,10,10,"",2.37398,0,0,0,0,0,0,0,0,0,0,0,0,0,0,0,0,0,0,0,0,106.488,0,0,-104.114
"MtrElec",11,10,11,"",104.872,0,0,0,0,0,0,0,0,0,0,0,0,0,0,0,0,0,0,0,0,175.741,0,0,-70.8688
"MtrElec",11,10,12,"",75.328,0,0,0,0,0,0,0,0,0,0,0,0,0,0,0,0,0,0,0,0,123.127,0,0,-47.7994
"MtrElec",11,10,13,"",0.0000020,0,0,0,0,0,0,0,0,0,0,0,0,0,0,0,0,0,0,0,0,100.758,0,30.6796,-131.438
"MtrElec",11,10,14,"",0,0,0,0,0,0,0,0,0,0,0,0,0,0,0,0,0,0,0,0,0,94.4931,0,76.6729,-171.166
"MtrElec",11,10,15,"",69.8568,0,0,0,0,0,0,0,0,0,0,0,0,0,0,0,0,0,0,0,0,82.6768,0,0,-12.82
"MtrElec",11,10,16,"",46.7108,0,0,0,0,0,0,0,0,0,0,0,0,0,0,0,0,0,0,0,0,119.069,0,0,-72.3582
"MtrElec",11,10,17,"",95.485,0,0,0,0,0,0,0,0,0,0,0,0,0,0,0,0,0,0,0,0,111.732,0,0,-16.2469
"MtrElec",11,10,18,"",127.602,0,0,0,0,0,0,0,0,0,0,0,0,0,0,0,0,0,0,0,0,127.602,0,0,0
"MtrElec",11,10,19,"",63.3382,0,0,0,0,0,0,0,0,0,0,0,0,0,0,0,0,0,0,0,0,157.761,0,-94.4224,0
"MtrElec",11,10,20,"",153.067,0,0,0,0,0,0,0,0,0,0,0,0,0,0,0,0,0,0,0,0,155.53,0,-2.46318,0
"MtrElec",11,10,21,"",198.239,0,0,0,0,0,0,0,0,0,0,0,0,0,0,0,0,0,0,0,0,198.239,0,0,0
"MtrElec",11,10,22,"",104.466,0,0,0,0,0,0,0,0,0,0,0,0,0,0,0,0,0,0,0,0,104.466,0,0,0
"MtrElec",11,10,23,"",138.839,0,0,0,0,0,0,0,0,0,0,0,0,0,0,0,0,0,0,0,0,138.839,0,0,0
"MtrElec",11,10,24,"",114.865,0,0,0,0,0,0,0,0,0,0,0,0,0,0,0,0,0,0,0,0,114.865,0,0,0
"MtrElec",11,11,1,"",74.5225,0,0,0,0,0,0,0,0,0,0,0,0,0,0,0,0,0,0,0,0,74.5225,0,0,0
"MtrElec",11,11,2,"",65.4677,0,0,0,0,0,0,0,0,0,0,0,0,0,0,0,0,0,0,0,0,65.4677,0,0,0
"MtrElec",11,11,3,"",63.1775,0,0,0,0,0,0,0,0,0,0,0,0,0,0,0,0,0,0,0,0,63.1775,0,0,0
"MtrElec",11,11,4,"",63.2082,0,0,0,0,0,0,0,0,0,0,0,0,0,0,0,0,0,0,0,0,63.2082,0,0,0
"MtrElec",11,11,5,"",62.3647,0,0,0,0,0,0,0,0,0,0,0,0,0,0,0,0,0,0,0,0,62.3647,0,0,0
"MtrElec",11,11,6,"",81.0625,0,0,0,0,0,0,0,0,0,0,0,0,0,0,0,0,0,0,0,0,81.0625,0,0,0
"MtrElec",11,11,7,"",101.578,0,0,0,0,0,0,0,0,0,0,0,0,0,0,0,0,0,0,0,0,107.525,0,0,-5.94678
"MtrElec",11,11,8,"",68.8701,0,0,0,0,0,0,0,0,0,0,0,0,0,0,0,0,0,0,0,0,132.392,0,0,-63.522
"MtrElec",11,11,9,"",126.997,0,0,0,0,0,0,0,0,0,0,0,0,0,0,0,0,0,0,0,0,176.606,0,0,-49.609
"MtrElec",11,11,10,"",191.696,0,0,0,0,0,0,0,0,0,0,0,0,0,0,0,0,0,0,0,0,218.986,0,0,-27.2896
"MtrElec",11,11,11,"",67.6238,0,0,0,0,0,0,0,0,0,0,0,0,0,0,0,0,0,0,0,0,108.947,0,0,-41.3227
"MtrElec",11,11,12,"",113.037,0,0,0,0,0,0,0,0,0,0,0,0,0,0,0,0,0,0,0,0,162.573,0,0,-49.536
"MtrElec",11,11,13,"",105.991,0,0,0,0,0,0,0,0,0,0,0,0,0,0,0,0,0,0,0,0,172.206,0,0,-66.215
"MtrElec",11,11,14,"",72.8178,0,0,0,0,0,0,0,0,0,0,0,0,0,0,0,0,0,0,0,0,134.922,0,0,-62.1043
"MtrElec",11,11,15,"",82.6784,0,0,0,0,0,0,0,0,0,0,0,0,0,0,0,0,0,0,0,0,133.139,0,0,-50.4606
"MtrElec",11,11,16,"",77.6301,0,0,0,0,0,0,0,0,0,0,0,0,0,0,0,0,0,0,0,0,109.869,0,0,-32.2384
"MtrElec",11,11,17,"",130.038,0,0,0,0,0,0,0,0,0,0,0,0,0,0,0,0,0,0,0,0,130.472,0,0,-0.434253
"MtrElec",11,11,18,"",188.92,0,0,0,0,0,0,0,0,0,0,0,0,0,0,0,0,0,0,0,0,188.92,0,0,0
"MtrElec",11,11,19,"",176.4,0,0,0,0,0,0,0,0,0,0,0,0,0,0,0,0,0,0,0,0,176.4,0,0,0
"MtrElec",11,11,20,"",163.852,0,0,0,0,0,0,0,0,0,0,0,0,0,0,0,0,0,0,0,0,163.852,0,0,0
"MtrElec",11,11,21,"",136.942,0,0,0,0,0,0,0,0,0,0,0,0,0,0,0,0,0,0,0,0,136.942,0,0,0
"MtrElec",11,11,22,"",137.549,0,0,0,0,0,0,0,0,0,0,0,0,0,0,0,0,0,0,0,0,137.549,0,0,0
"MtrElec",11,11,23,"",97.0177,0,0,0,0,0,0,0,0,0,0,0,0,0,0,0,0,0,0,0,0,97.0177,0,0,0
"MtrElec",11,11,24,"",85.7044,0,0,0,0,0,0,0,0,0,0,0,0,0,0,0,0,0,0,0,0,85.7044,0,0,0
"MtrElec",11,12,1,"",68.5745,0,0,0,0,0,0,0,0,0,0,0,0,0,0,0,0,0,0,0,0,68.5745,0,0,0
"MtrElec",11,12,2,"",67.0564,0,0,0,0,0,0,0,0,0,0,0,0,0,0,0,0,0,0,0,0,67.0564,0,0,0
"MtrElec",11,12,3,"",65.4008,0,0,0,0,0,0,0,0,0,0,0,0,0,0,0,0,0,0,0,0,65.4008,0,0,0
"MtrElec",11,12,4,"",65.6448,0,0,0,0,0,0,0,0,0,0,0,0,0,0,0,0,0,0,0,0,65.6448,0,0,0
"MtrElec",11,12,5,"",65.0419,0,0,0,0,0,0,0,0,0,0,0,0,0,0,0,0,0,0,0,0,65.0419,0,0,0
"MtrElec",11,12,6,"",106.07,0,0,0,0,0,0,0,0,0,0,0,0,0,0,0,0,0,0,0,0,106.07,0,0,0
"MtrElec",11,12,7,"",66.8324,0,0,0,0,0,0,0,0,0,0,0,0,0,0,0,0,0,0,0,0,82.6458,0,0,-15.8134
"MtrElec",11,12,8,"",59.3924,0,0,0,0,0,0,0,0,0,0,0,0,0,0,0,0,0,0,0,0,144.318,0,0,-84.9261
"MtrElec",11,12,9,"",0.0000020,0,0,0,0,0,0,0,0,0,0,0,0,0,0,0,0,0,0,0,0,122.662,0,32.6379,-155.3
"MtrElec",11,12,10,"",0,0,0,0,0,0,0,0,0,0,0,0,0,0,0,0,0,0,0,0,0,148.408,0,54.6764,-203.085
"MtrElec",11,12,11,"",0,0,0,0,0,0,0,0,0,0,0,0,0,0,0,0,0,0,0,0,0,135.877,0,94.3038,-230.181
"MtrElec",11,12,12,"",-52.0148,0,0,0,0,0,0,0,0,0,0,0,0,0,0,0,0,0,0,0,0,92.499,0,94.4224,-238.936
"MtrElec",11,12,13,"",-34.5272,0,0,0,0,0,0,0,0,0,0,0,0,0,0,0,0,0,0,0,0,119.282,0,76.2579,-230.067
"MtrElec",11,12,14,"",-132.888,0,0,0,0,0,0,0,0,0,0,0,0,0,0,0,0,0,0,0,0,76.6234,0,0,-209.511
"MtrElec",11,12,15,"",-50.8688,0,0,0,0,0,0,0,0,0,0,0,0,0,0,0,0,0,0,0,0,112.838,0,0,-163.707
"MtrElec",11,12,16,"",1.67034,0,0,0,0,0,0,0,0,0,0,0,0,0,0,0,0,0,0,0,0,96.0725,0,0,-94.4022
"MtrElec",11,12,17,"",80.6461,0,0,0,0,0,0,0,0,0,0,0,0,0,0,0,0,0,0,0,0,101.501,0,0,-20.8545
"MtrElec",11,12,18,"",124.836,0,0,0,0,0,0,0,0,0,0,0,0,0,0,0,0,0,0,0,0,124.836,0,0,0
"MtrElec",11,12,19,"",58.9399,0,0,0,0,0,0,0,0,0,0,0,0,0,0,0,0,0,0,0,0,153.362,0,-94.4224,0
"MtrElec",11,12,20,"",75.9576,0,0,0,0,0,0,0,0,0,0,0,0,0,0,0,0,0,0,0,0,170.38,0,-94.4224,0
"MtrElec",11,12,21,"",67.6208,0,0,0,0,0,0,0,0,0,0,0,0,0,0,0,0,0,0,0,0,162.043,0,-94.4224,0
"MtrElec",11,12,22,"",106.449,0,0,0,0,0,0,0,0,0,0,0,0,0,0,0,0,0,0,0,0,141.132,0,-34.6821,0
"MtrElec",11,12,23,"",128.276,0,0,0,0,0,0,0,0,0,0,0,0,0,0,0,0,0,0,0,0,128.276,0,0,0
"MtrElec",11,12,24,"",91.3099,0,0,0,0,0,0,0,0,0,0,0,0,0,0,0,0,0,0,0,0,91.3099,0,0,0
"MtrElec",11,13,1,"",76.2774,0,0,0,0,0,0,0,0,0,0,0,0,0,0,0,0,0,0,0,0,76.2774,0,0,0
"MtrElec",11,13,2,"",67.0543,0,0,0,0,0,0,0,0,0,0,0,0,0,0,0,0,0,0,0,0,67.0543,0,0,0
"MtrElec",11,13,3,"",65.3408,0,0,0,0,0,0,0,0,0,0,0,0,0,0,0,0,0,0,0,0,65.3408,0,0,0
"MtrElec",11,13,4,"",65.4994,0,0,0,0,0,0,0,0,0,0,0,0,0,0,0,0,0,0,0,0,65.4994,0,0,0
"MtrElec",11,13,5,"",64.862,0,0,0,0,0,0,0,0,0,0,0,0,0,0,0,0,0,0,0,0,64.862,0,0,0
"MtrElec",11,13,6,"",70.4385,0,0,0,0,0,0,0,0,0,0,0,0,0,0,0,0,0,0,0,0,70.4385,0,0,0
"MtrElec",11,13,7,"",105.775,0,0,0,0,0,0,0,0,0,0,0,0,0,0,0,0,0,0,0,0,115.142,0,0,-9.36674
"MtrElec",11,13,8,"",48.054,0,0,0,0,0,0,0,0,0,0,0,0,0,0,0,0,0,0,0,0,129.273,0,0,-81.219
"MtrElec",11,13,9,"",0,0,0,0,0,0,0,0,0,0,0,0,0,0,0,0,0,0,0,0,0,124.157,0,27.9278,-152.084
"MtrElec",11,13,10,"",0.0000020,0,0,0,0,0,0,0,0,0,0,0,0,0,0,0,0,0,0,0,0,171.623,0,31.947,-203.57
"MtrElec",11,13,11,"",-11.2175,0,0,0,0,0,0,0,0,0,0,0,0,0,0,0,0,0,0,0,0,121.687,0,94.4224,-227.327
"MtrElec",11,13,12,"",-5.60352,0,0,0,0,0,0,0,0,0,0,0,0,0,0,0,0,0,0,0,0,130.531,0,94.4224,-230.557
"MtrElec",11,13,13,"",0.0000078,0,0,0,0,0,0,0,0,0,0,0,0,0,0,0,0,0,0,0,0,152.107,0,75.2037,-227.31
"MtrElec",11,13,14,"",-66.2228,0,0,0,0,0,0,0,0,0,0,0,0,0,0,0,0,0,0,0,0,109.124,0,28.3751,-203.722
"MtrElec",11,13,15,"",-50.6473,0,0,0,0,0,0,0,0,0,0,0,0,0,0,0,0,0,0,0,0,107.043,0,0,-157.691
"MtrElec",11,13,16,"",40.9182,0,0,0,0,0,0,0,0,0,0,0,0,0,0,0,0,0,0,0,0,122.039,0,0,-81.1211
"MtrElec",11,13,17,"",118.358,0,0,0,0,0,0,0,0,0,0,0,0,0,0,0,0,0,0,0,0,133.557,0,0,-15.1995
"MtrElec",11,13,18,"",138.346,0,0,0,0,0,0,0,0,0,0,0,0,0,0,0,0,0,0,0,0,138.346,0,0,0
"MtrElec",11,13,19,"",61.7502,0,0,0,0,0,0,0,0,0,0,0,0,0,0,0,0,0,0,0,0,156.173,0,-94.4224,0
"MtrElec",11,13,20,"",70.5846,0,0,0,0,0,0,0,0,0,0,0,0,0,0,0,0,0,0,0,0,165.007,0,-94.4224,0
"MtrElec",11,13,21,"",124.293,0,0,0,0,0,0,0,0,0,0,0,0,0,0,0,0,0,0,0,0,218.716,0,-94.4224,0
"MtrElec",11,13,22,"",104.311,0,0,0,0,0,0,0,0,0,0,0,0,0,0,0,0,0,0,0,0,138.994,0,-34.6821,0
"MtrElec",11,13,23,"",91.7808,0,0,0,0,0,0,0,0,0,0,0,0,0,0,0,0,0,0,0,0,91.7808,0,0,0
"MtrElec",11,13,24,"",132.992,0,0,0,0,0,0,0,0,0,0,0,0,0,0,0,0,0,0,0,0,132.992,0,0,0
"MtrElec",11,14,1,"",91.6132,0,0,0,0,0,0,0,0,0,0,0,0,0,0,0,0,0,0,0,0,91.6132,0,0,0
"MtrElec",11,14,2,"",67.5866,0,0,0,0,0,0,0,0,0,0,0,0,0,0,0,0,0,0,0,0,67.5866,0,0,0
"MtrElec",11,14,3,"",66.738,0,0,0,0,0,0,0,0,0,0,0,0,0,0,0,0,0,0,0,0,66.738,0,0,0
"MtrElec",11,14,4,"",69.8209,0,0,0,0,0,0,0,0,0,0,0,0,0,0,0,0,0,0,0,0,69.8209,0,0,0
"MtrElec",11,14,5,"",94.2225,0,0,0,0,0,0,0,0,0,0,0,0,0,0,0,0,0,0,0,0,94.2225,0,0,0
"MtrElec",11,14,6,"",68.1647,0,0,0,0,0,0,0,0,0,0,0,0,0,0,0,0,0,0,0,0,68.1647,0,0,0
"MtrElec",11,14,7,"",66.2296,0,0,0,0,0,0,0,0,0,0,0,0,0,0,0,0,0,0,0,0,75.9314,0,0,-9.70181
"MtrElec",11,14,8,"",49.3113,0,0,0,0,0,0,0,0,0,0,0,0,0,0,0,0,0,0,0,0,130.18,0,0,-80.8683
"MtrElec",11,14,9,"",0.0000002,0,0,0,0,0,0,0,0,0,0,0,0,0,0,0,0,0,0,0,0,144.911,0,2.70694,-147.617
"MtrElec",11,14,10,"",0,0,0,0,0,0,0,0,0,0,0,0,0,0,0,0,0,0,0,0,0,180.711,0,17.2764,-197.987
"MtrElec",11,14,11,"",0.0000020,0,0,0,0,0,0,0,0,0,0,0,0,0,0,0,0,0,0,0,0,199.472,0,29.7179,-229.19
"MtrElec",11,14,12,"",0,0,0,0,0,0,0,0,0,0,0,0,0,0,0,0,0,0,0,0,0,171.091,0,67.4294,-238.52
"MtrElec",11,14,13,"",0.0000039,0,0,0,0,0,0,0,0,0,0,0,0,0,0,0,0,0,0,0,0,173.774,0,55.4509,-229.225
"MtrElec",11,14,14,"",0,0,0,0,0,0,0,0,0,0,0,0,0,0,0,0,0,0,0,0,0,112.65,0,88.2218,-200.872
"MtrElec",11,14,15,"",0,0,0,0,0,0,0,0,0,0,0,0,0,0,0,0,0,0,0,0,0,138.992,0,15.6978,-154.69
"MtrElec",11,14,16,"",8.66604,0,0,0,0,0,0,0,0,0,0,0,0,0,0,0,0,0,0,0,0,98.3672,0,0,-89.7012
"MtrElec",11,14,17,"",116.908,0,0,0,0,0,0,0,0,0,0,0,0,0,0,0,0,0,0,0,0,136.421,0,0,-19.5137
"MtrElec",11,14,18,"",120.932,0,0,0,0,0,0,0,0,0,0,0,0,0,0,0,0,0,0,0,0,120.932,0,0,0
"MtrElec",11,14,19,"",100.299,0,0,0,0,0,0,0,0,0,0,0,0,0,0,0,0,0,0,0,0,194.721,0,-94.4224,0
"MtrElec",11,14,20,"",40.3366,0,0,0,0,0,0,0,0,0,0,0,0,0,0,0,0,0,0,0,0,134.759,0,-94.4224,0
"MtrElec",11,14,21,"",103.018,0,0,0,0,0,0,0,0,0,0,0,0,0,0,0,0,0,0,0,0,163.715,0,-60.6974,0
"MtrElec",11,14,22,"",138.052,0,0,0,0,0,0,0,0,0,0,0,0,0,0,0,0,0,0,0,0,138.052,0,0,0
"MtrElec",11,14,23,"",118.733,0,0,0,0,0,0,0,0,0,0,0,0,0,0,0,0,0,0,0,0,118.733,0,0,0
"MtrElec",11,14,24,"",123.957,0,0,0,0,0,0,0,0,0,0,0,0,0,0,0,0,0,0,0,0,123.957,0,0,0
"MtrElec",11,15,1,"",85.4632,0,0,0,0,0,0,0,0,0,0,0,0,0,0,0,0,0,0,0,0,85.4632,0,0,0
"MtrElec",11,15,2,"",65.8041,0,0,0,0,0,0,0,0,0,0,0,0,0,0,0,0,0,0,0,0,65.8041,0,0,0
"MtrElec",11,15,3,"",64.9624,0,0,0,0,0,0,0,0,0,0,0,0,0,0,0,0,0,0,0,0,64.9624,0,0,0
"MtrElec",11,15,4,"",64.5236,0,0,0,0,0,0,0,0,0,0,0,0,0,0,0,0,0,0,0,0,64.5236,0,0,0
"MtrElec",11,15,5,"",62.6418,0,0,0,0,0,0,0,0,0,0,0,0,0,0,0,0,0,0,0,0,62.6418,0,0,0
"MtrElec",11,15,6,"",66.4265,0,0,0,0,0,0,0,0,0,0,0,0,0,0,0,0,0,0,0,0,66.4265,0,0,0
"MtrElec",11,15,7,"",65.3761,0,0,0,0,0,0,0,0,0,0,0,0,0,0,0,0,0,0,0,0,74.2465,0,0,-8.87036
"MtrElec",11,15,8,"",53.0146,0,0,0,0,0,0,0,0,0,0,0,0,0,0,0,0,0,0,0,0,130.345,0,0,-77.3305
"MtrElec",11,15,9,"",0,0,0,0,0,0,0,0,0,0,0,0,0,0,0,0,0,0,0,0,0,143.115,0,5.93033,-149.046
"MtrElec",11,15,10,"",0,0,0,0,0,0,0,0,0,0,0,0,0,0,0,0,0,0,0,0,0,156.084,0,46.5575,-202.641
"MtrElec",11,15,11,"",0,0,0,0,0,0,0,0,0,0,0,0,0,0,0,0,0,0,0,0,0,163.462,0,75.5477,-239.01
"MtrElec",11,15,12,"",0,0,0,0,0,0,0,0,0,0,0,0,0,0,0,0,0,0,0,0,0,169.942,0,83.2853,-253.227
"MtrElec",11,15,13,"",0,0,0,0,0,0,0,0,0,0,0,0,0,0,0,0,0,0,0,0,0,178.367,0,67.3386,-245.706
"MtrElec",11,15,14,"",-11.3968,0,0,0,0,0,0,0,0,0,0,0,0,0,0,0,0,0,0,0,0,131.721,0,73.639,-216.757
"MtrElec",11,15,15,"",-9.22622,0,0,0,0,0,0,0,0,0,0,0,0,0,0,0,0,0,0,0,0,158.759,0,0,-167.985
"MtrElec",11,15,16,"",51.6764,0,0,0,0,0,0,0,0,0,0,0,0,0,0,0,0,0,0,0,0,148.695,0,0,-97.0182
"MtrElec",11,15,17,"",99.823,0,0,0,0,0,0,0,0,0,0,0,0,0,0,0,0,0,0,0,0,115.582,0,0,-15.7588
"MtrElec",11,15,18,"",139.614,0,0,0,0,0,0,0,0,0,0,0,0,0,0,0,0,0,0,0,0,139.614,0,0,0
"MtrElec",11,15,19,"",97.1054,0,0,0,0,0,0,0,0,0,0,0,0,0,0,0,0,0,0,0,0,191.528,0,-94.4224,0
"MtrElec",11,15,20,"",63.0543,0,0,0,0,0,0,0,0,0,0,0,0,0,0,0,0,0,0,0,0,157.477,0,-94.4224,0
"MtrElec",11,15,21,"",66.3064,0,0,0,0,0,0,0,0,0,0,0,0,0,0,0,0,0,0,0,0,160.729,0,-94.4224,0
"MtrElec",11,15,22,"",81.5886,0,0,0,0,0,0,0,0,0,0,0,0,0,0,0,0,0,0,0,0,116.271,0,-34.6821,0
"MtrElec",11,15,23,"",142.776,0,0,0,0,0,0,0,0,0,0,0,0,0,0,0,0,0,0,0,0,142.776,0,0,0
"MtrElec",11,15,24,"",110.042,0,0,0,0,0,0,0,0,0,0,0,0,0,0,0,0,0,0,0,0,110.042,0,0,0
"MtrElec",11,16,1,"",77.0212,0,0,0,0,0,0,0,0,0,0,0,0,0,0,0,0,0,0,0,0,77.0212,0,0,0
"MtrElec",11,16,2,"",65.856,0,0,0,0,0,0,0,0,0,0,0,0,0,0,0,0,0,0,0,0,65.856,0,0,0
"MtrElec",11,16,3,"",64.0278,0,0,0,0,0,0,0,0,0,0,0,0,0,0,0,0,0,0,0,0,64.0278,0,0,0
"MtrElec",11,16,4,"",63.9336,0,0,0,0,0,0,0,0,0,0,0,0,0,0,0,0,0,0,0,0,63.9336,0,0,0
"MtrElec",11,16,5,"",63.1089,0,0,0,0,0,0,0,0,0,0,0,0,0,0,0,0,0,0,0,0,63.1089,0,0,0
"MtrElec",11,16,6,"",69.4678,0,0,0,0,0,0,0,0,0,0,0,0,0,0,0,0,0,0,0,0,69.4678,0,0,0
"MtrElec",11,16,7,"",102.451,0,0,0,0,0,0,0,0,0,0,0,0,0,0,0,0,0,0,0,0,112.681,0,0,-10.2301
"MtrElec",11,16,8,"",45.0999,0,0,0,0,0,0,0,0,0,0,0,0,0,0,0,0,0,0,0,0,127.866,0,0,-82.7659
"MtrElec",11,16,9,"",0,0,0,0,0,0,0,0,0,0,0,0,0,0,0,0,0,0,0,0,0,124.517,0,32.456,-156.973
"MtrElec",11,16,10,"",0,0,0,0,0,0,0,0,0,0,0,0,0,0,0,0,0,0,0,0,0,190.799,0,19.0121,-209.811
"MtrElec",11,16,11,"",0,0,0,0,0,0,0,0,0,0,0,0,0,0,0,0,0,0,0,0,0,149.707,0,92.1435,-241.851
"MtrElec",11,16,12,"",-16.8934,0,0,0,0,0,0,0,0,0,0,0,0,0,0,0,0,0,0,0,0,140.978,0,94.4224,-252.294
"MtrElec",11,16,13,"",-43.403,0,0,0,0,0,0,0,0,0,0,0,0,0,0,0,0,0,0,0,0,105.722,0,94.4224,-243.548
"MtrElec",11,16,14,"",-76.6589,0,0,0,0,0,0,0,0,0,0,0,0,0,0,0,0,0,0,0,0,118.858,0,19.842,-215.359
"MtrElec",11,16,15,"",-69.2339,0,0,0,0,0,0,0,0,0,0,0,0,0,0,0,0,0,0,0,0,96.7482,0,0,-165.982
"MtrElec",11,16,16,"",2.09695,0,0,0,0,0,0,0,0,0,0,0,0,0,0,0,0,0,0,0,0,98.9077,0,0,-96.8108
"MtrElec",11,16,17,"",120.773,0,0,0,0,0,0,0,0,0,0,0,0,0,0,0,0,0,0,0,0,141.862,0,0,-21.0886
"MtrElec",11,16,18,"",148.194,0,0,0,0,0,0,0,0,0,0,0,0,0,0,0,0,0,0,0,0,148.194,0,0,0
"MtrElec",11,16,19,"",59.9302,0,0,0,0,0,0,0,0,0,0,0,0,0,0,0,0,0,0,0,0,154.353,0,-94.4224,0
"MtrElec",11,16,20,"",103.05,0,0,0,0,0,0,0,0,0,0,0,0,0,0,0,0,0,0,0,0,197.473,0,-94.4224,0
"MtrElec",11,16,21,"",87.4289,0,0,0,0,0,0,0,0,0,0,0,0,0,0,0,0,0,0,0,0,181.851,0,-94.4224,0
"MtrElec",11,16,22,"",90.2446,0,0,0,0,0,0,0,0,0,0,0,0,0,0,0,0,0,0,0,0,124.927,0,-34.6821,0
"MtrElec",11,16,23,"",130.8,0,0,0,0,0,0,0,0,0,0,0,0,0,0,0,0,0,0,0,0,130.8,0,0,0
"MtrElec",11,16,24,"",110.163,0,0,0,0,0,0,0,0,0,0,0,0,0,0,0,0,0,0,0,0,110.163,0,0,0
"MtrElec",11,17,1,"",82.3656,0,0,0,0,0,0,0,0,0,0,0,0,0,0,0,0,0,0,0,0,82.3656,0,0,0
"MtrElec",11,17,2,"",65.5783,0,0,0,0,0,0,0,0,0,0,0,0,0,0,0,0,0,0,0,0,65.5783,0,0,0
"MtrElec",11,17,3,"",63.692,0,0,0,0,0,0,0,0,0,0,0,0,0,0,0,0,0,0,0,0,63.692,0,0,0
"MtrElec",11,17,4,"",63.6825,0,0,0,0,0,0,0,0,0,0,0,0,0,0,0,0,0,0,0,0,63.6825,0,0,0
"MtrElec",11,17,5,"",64.8225,0,0,0,0,0,0,0,0,0,0,0,0,0,0,0,0,0,0,0,0,64.8225,0,0,0
"MtrElec",11,17,6,"",74.2062,0,0,0,0,0,0,0,0,0,0,0,0,0,0,0,0,0,0,0,0,74.2062,0,0,0
"MtrElec",11,17,7,"",114.522,0,0,0,0,0,0,0,0,0,0,0,0,0,0,0,0,0,0,0,0,124.008,0,0,-9.48605
"MtrElec",11,17,8,"",9.79113,0,0,0,0,0,0,0,0,0,0,0,0,0,0,0,0,0,0,0,0,91.7101,0,0,-81.919
"MtrElec",11,17,9,"",0.0000002,0,0,0,0,0,0,0,0,0,0,0,0,0,0,0,0,0,0,0,0,149.802,0,3.37647,-153.179
"MtrElec",11,17,10,"",0,0,0,0,0,0,0,0,0,0,0,0,0,0,0,0,0,0,0,0,0,124.615,0,78.6293,-203.244
"MtrElec",11,17,11,"",0,0,0,0,0,0,0,0,0,0,0,0,0,0,0,0,0,0,0,0,0,147.154,0,86.8021,-233.956
"MtrElec",11,17,12,"",-47.0235,0,0,0,0,0,0,0,0,0,0,0,0,0,0,0,0,0,0,0,0,106.788,0,94.4224,-248.234
"MtrElec",11,17,13,"",0,0,0,0,0,0,0,0,0,0,0,0,0,0,0,0,0,0,0,0,0,147.527,0,79.1417,-226.668
"MtrElec",11,17,14,"",-91.9942,0,0,0,0,0,0,0,0,0,0,0,0,0,0,0,0,0,0,0,0,109.67,0,9.92645,-211.591
"MtrElec",11,17,15,"",-37.1458,0,0,0,0,0,0,0,0,0,0,0,0,0,0,0,0,0,0,0,0,124.593,0,0,-161.738
"MtrElec",11,17,16,"",12.9366,0,0,0,0,0,0,0,0,0,0,0,0,0,0,0,0,0,0,0,0,105.895,0,0,-92.9588
"MtrElec",11,17,17,"",109.774,0,0,0,0,0,0,0,0,0,0,0,0,0,0,0,0,0,0,0,0,129.045,0,0,-19.2712
"MtrElec",11,17,18,"",172.625,0,0,0,0,0,0,0,0,0,0,0,0,0,0,0,0,0,0,0,0,172.625,0,0,0
"MtrElec",11,17,19,"",96.8324,0,0,0,0,0,0,0,0,0,0,0,0,0,0,0,0,0,0,0,0,191.255,0,-94.4224,0
"MtrElec",11,17,20,"",64.0421,0,0,0,0,0,0,0,0,0,0,0,0,0,0,0,0,0,0,0,0,158.465,0,-94.4224,0
"MtrElec",11,17,21,"",104.696,0,0,0,0,0,0,0,0,0,0,0,0,0,0,0,0,0,0,0,0,199.118,0,-94.4224,0
"MtrElec",11,17,22,"",95.8811,0,0,0,0,0,0,0,0,0,0,0,0,0,0,0,0,0,0,0,0,130.563,0,-34.6821,0
"MtrElec",11,17,23,"",125.953,0,0,0,0,0,0,0,0,0,0,0,0,0,0,0,0,0,0,0,0,125.953,0,0,0
"MtrElec",11,17,24,"",82.626,0,0,0,0,0,0,0,0,0,0,0,0,0,0,0,0,0,0,0,0,82.626,0,0,0
"MtrElec",11,18,1,"",74.9043,0,0,0,0,0,0,0,0,0,0,0,0,0,0,0,0,0,0,0,0,74.9043,0,0,0
"MtrElec",11,18,2,"",65.5957,0,0,0,0,0,0,0,0,0,0,0,0,0,0,0,0,0,0,0,0,65.5957,0,0,0
"MtrElec",11,18,3,"",63.7084,0,0,0,0,0,0,0,0,0,0,0,0,0,0,0,0,0,0,0,0,63.7084,0,0,0
"MtrElec",11,18,4,"",63.69,0,0,0,0,0,0,0,0,0,0,0,0,0,0,0,0,0,0,0,0,63.69,0,0,0
"MtrElec",11,18,5,"",62.9386,0,0,0,0,0,0,0,0,0,0,0,0,0,0,0,0,0,0,0,0,62.9386,0,0,0
"MtrElec",11,18,6,"",68.3028,0,0,0,0,0,0,0,0,0,0,0,0,0,0,0,0,0,0,0,0,68.3028,0,0,0
"MtrElec",11,18,7,"",106.08,0,0,0,0,0,0,0,0,0,0,0,0,0,0,0,0,0,0,0,0,108.687,0,0,-2.60721
"MtrElec",11,18,8,"",106.918,0,0,0,0,0,0,0,0,0,0,0,0,0,0,0,0,0,0,0,0,150.158,0,0,-43.2397
"MtrElec",11,18,9,"",12.7315,0,0,0,0,0,0,0,0,0,0,0,0,0,0,0,0,0,0,0,0,130.073,0,0,-117.342
"MtrElec",11,18,10,"",0,0,0,0,0,0,0,0,0,0,0,0,0,0,0,0,0,0,0,0,0,158.019,0,49.9186,-207.937
"MtrElec",11,18,11,"",-4.81483,0,0,0,0,0,0,0,0,0,0,0,0,0,0,0,0,0,0,0,0,125.91,0,94.4224,-225.148
"MtrElec",11,18,12,"",-42.0136,0,0,0,0,0,0,0,0,0,0,0,0,0,0,0,0,0,0,0,0,113.599,0,94.4224,-250.035
"MtrElec",11,18,13,"",0,0,0,0,0,0,0,0,0,0,0,0,0,0,0,0,0,0,0,0,0,165.959,0,74.9999,-240.959
"MtrElec",11,18,14,"",-72.7886,0,0,0,0,0,0,0,0,0,0,0,0,0,0,0,0,0,0,0,0,103.464,0,38.5351,-214.788
"MtrElec",11,18,15,"",-33.2239,0,0,0,0,0,0,0,0,0,0,0,0,0,0,0,0,0,0,0,0,131.88,0,0,-165.104
"MtrElec",11,18,16,"",10.0626,0,0,0,0,0,0,0,0,0,0,0,0,0,0,0,0,0,0,0,0,104.713,0,0,-94.6502
"MtrElec",11,18,17,"",91.0071,0,0,0,0,0,0,0,0,0,0,0,0,0,0,0,0,0,0,0,0,110.612,0,0,-19.6046
"MtrElec",11,18,18,"",141.119,0,0,0,0,0,0,0,0,0,0,0,0,0,0,0,0,0,0,0,0,141.119,0,0,0
"MtrElec",11,18,19,"",107.42,0,0,0,0,0,0,0,0,0,0,0,0,0,0,0,0,0,0,0,0,201.843,0,-94.4224,0
"MtrElec",11,18,20,"",81.7679,0,0,0,0,0,0,0,0,0,0,0,0,0,0,0,0,0,0,0,0,176.19,0,-94.4224,0
"MtrElec",11,18,21,"",93.1084,0,0,0,0,0,0,0,0,0,0,0,0,0,0,0,0,0,0,0,0,187.531,0,-94.4224,0
"MtrElec",11,18,22,"",96.96,0,0,0,0,0,0,0,0,0,0,0,0,0,0,0,0,0,0,0,0,131.642,0,-34.6821,0
"MtrElec",11,18,23,"",127.201,0,0,0,0,0,0,0,0,0,0,0,0,0,0,0,0,0,0,0,0,127.201,0,0,0
"MtrElec",11,18,24,"",83.7697,0,0,0,0,0,0,0,0,0,0,0,0,0,0,0,0,0,0,0,0,83.7697,0,0,0
"MtrElec",11,19,1,"",69.2289,0,0,0,0,0,0,0,0,0,0,0,0,0,0,0,0,0,0,0,0,69.2289,0,0,0
"MtrElec",11,19,2,"",65.5441,0,0,0,0,0,0,0,0,0,0,0,0,0,0,0,0,0,0,0,0,65.5441,0,0,0
"MtrElec",11,19,3,"",63.6538,0,0,0,0,0,0,0,0,0,0,0,0,0,0,0,0,0,0,0,0,63.6538,0,0,0
"MtrElec",11,19,4,"",65.5394,0,0,0,0,0,0,0,0,0,0,0,0,0,0,0,0,0,0,0,0,65.5394,0,0,0
"MtrElec",11,19,5,"",64.7808,0,0,0,0,0,0,0,0,0,0,0,0,0,0,0,0,0,0,0,0,64.7808,0,0,0
"MtrElec",11,19,6,"",79.7342,0,0,0,0,0,0,0,0,0,0,0,0,0,0,0,0,0,0,0,0,79.7342,0,0,0
"MtrElec",11,19,7,"",117.29,0,0,0,0,0,0,0,0,0,0,0,0,0,0,0,0,0,0,0,0,127.117,0,0,-9.82743
"MtrElec",11,19,8,"",60.9156,0,0,0,0,0,0,0,0,0,0,0,0,0,0,0,0,0,0,0,0,142.741,0,0,-81.8251
"MtrElec",11,19,9,"",0,0,0,0,0,0,0,0,0,0,0,0,0,0,0,0,0,0,0,0,0,151.977,0,6.21316,-158.191
"MtrElec",11,19,10,"",0,0,0,0,0,0,0,0,0,0,0,0,0,0,0,0,0,0,0,0,0,131.094,0,74.564,-205.658
"MtrElec",11,19,11,"",0,0,0,0,0,0,0,0,0,0,0,0,0,0,0,0,0,0,0,0,0,151.275,0,76.7307,-228.006
"MtrElec",11,19,12,"",-19.0718,0,0,0,0,0,0,0,0,0,0,0,0,0,0,0,0,0,0,0,0,122.924,0,94.4224,-236.419
"MtrElec",11,19,13,"",0.0000078,0,0,0,0,0,0,0,0,0,0,0,0,0,0,0,0,0,0,0,0,149.397,0,85.978,-235.375
"MtrElec",11,19,14,"",-92.8949,0,0,0,0,0,0,0,0,0,0,0,0,0,0,0,0,0,0,0,0,102.674,0,14.3901,-209.959
"MtrElec",11,19,15,"",-63.0932,0,0,0,0,0,0,0,0,0,0,0,0,0,0,0,0,0,0,0,0,98.4375,0,0,-161.531
"MtrElec",11,19,16,"",-0.731234,0,0,0,0,0,0,0,0,0,0,0,0,0,0,0,0,0,0,0,0,93.609,0,0,-94.3402
"MtrElec",11,19,17,"",109.232,0,0,0,0,0,0,0,0,0,0,0,0,0,0,0,0,0,0,0,0,129.169,0,0,-19.9364
"MtrElec",11,19,18,"",124.485,0,0,0,0,0,0,0,0,0,0,0,0,0,0,0,0,0,0,0,0,124.485,0,0,0
"MtrElec",11,19,19,"",66.8158,0,0,0,0,0,0,0,0,0,0,0,0,0,0,0,0,0,0,0,0,161.238,0,-94.4224,0
"MtrElec",11,19,20,"",66.8227,0,0,0,0,0,0,0,0,0,0,0,0,0,0,0,0,0,0,0,0,161.245,0,-94.4224,0
"MtrElec",11,19,21,"",112.665,0,0,0,0,0,0,0,0,0,0,0,0,0,0,0,0,0,0,0,0,207.087,0,-94.4224,0
"MtrElec",11,19,22,"",82.9955,0,0,0,0,0,0,0,0,0,0,0,0,0,0,0,0,0,0,0,0,117.678,0,-34.6821,0
"MtrElec",11,19,23,"",156.919,0,0,0,0,0,0,0,0,0,0,0,0,0,0,0,0,0,0,0,0,156.919,0,0,0
"MtrElec",11,19,24,"",108.223,0,0,0,0,0,0,0,0,0,0,0,0,0,0,0,0,0,0,0,0,108.223,0,0,0
"MtrElec",11,20,1,"",79.1732,0,0,0,0,0,0,0,0,0,0,0,0,0,0,0,0,0,0,0,0,79.1732,0,0,0
"MtrElec",11,20,2,"",65.5387,0,0,0,0,0,0,0,0,0,0,0,0,0,0,0,0,0,0,0,0,65.5387,0,0,0
"MtrElec",11,20,3,"",63.6582,0,0,0,0,0,0,0,0,0,0,0,0,0,0,0,0,0,0,0,0,63.6582,0,0,0
"MtrElec",11,20,4,"",63.6419,0,0,0,0,0,0,0,0,0,0,0,0,0,0,0,0,0,0,0,0,63.6419,0,0,0
"MtrElec",11,20,5,"",64.7754,0,0,0,0,0,0,0,0,0,0,0,0,0,0,0,0,0,0,0,0,64.7754,0,0,0
"MtrElec",11,20,6,"",73.2897,0,0,0,0,0,0,0,0,0,0,0,0,0,0,0,0,0,0,0,0,73.2897,0,0,0
"MtrElec",11,20,7,"",131.555,0,0,0,0,0,0,0,0,0,0,0,0,0,0,0,0,0,0,0,0,134.026,0,0,-2.47065
"MtrElec",11,20,8,"",74.9111,0,0,0,0,0,0,0,0,0,0,0,0,0,0,0,0,0,0,0,0,130.012,0,0,-55.1009
"MtrElec",11,20,9,"",0.0000010,0,0,0,0,0,0,0,0,0,0,0,0,0,0,0,0,0,0,0,0,131.595,0,14.7473,-146.342
"MtrElec",11,20,10,"",0.0000039,0,0,0,0,0,0,0,0,0,0,0,0,0,0,0,0,0,0,0,0,163.029,0,34.1017,-197.131
"MtrElec",11,20,11,"",-19.7271,0,0,0,0,0,0,0,0,0,0,0,0,0,0,0,0,0,0,0,0,112.816,0,94.4224,-226.965
"MtrElec",11,20,12,"",-5.0041,0,0,0,0,0,0,0,0,0,0,0,0,0,0,0,0,0,0,0,0,138.189,0,94.4224,-237.615
"MtrElec",11,20,13,"",0.0000078,0,0,0,0,0,0,0,0,0,0,0,0,0,0,0,0,0,0,0,0,141.06,0,89.9411,-231.001
"MtrElec",11,20,14,"",-65.0931,0,0,0,0,0,0,0,0,0,0,0,0,0,0,0,0,0,0,0,0,115.798,0,24.6635,-205.555
"MtrElec",11,20,15,"",-48.583,0,0,0,0,0,0,0,0,0,0,0,0,0,0,0,0,0,0,0,0,109.657,0,0,-158.24
"MtrElec",11,20,16,"",29.8423,0,0,0,0,0,0,0,0,0,0,0,0,0,0,0,0,0,0,0,0,121.772,0,0,-91.9301
"MtrElec",11,20,17,"",112.077,0,0,0,0,0,0,0,0,0,0,0,0,0,0,0,0,0,0,0,0,131.076,0,0,-18.9993
"MtrElec",11,20,18,"",135.517,0,0,0,0,0,0,0,0,0,0,0,0,0,0,0,0,0,0,0,0,135.517,0,0,0
"MtrElec",11,20,19,"",102.088,0,0,0,0,0,0,0,0,0,0,0,0,0,0,0,0,0,0,0,0,196.51,0,-94.4224,0
"MtrElec",11,20,20,"",56.1427,0,0,0,0,0,0,0,0,0,0,0,0,0,0,0,0,0,0,0,0,150.565,0,-94.4224,0
"MtrElec",11,20,21,"",117.271,0,0,0,0,0,0,0,0,0,0,0,0,0,0,0,0,0,0,0,0,211.693,0,-94.4224,0
"MtrElec",11,20,22,"",91.936,0,0,0,0,0,0,0,0,0,0,0,0,0,0,0,0,0,0,0,0,126.618,0,-34.6821,0
"MtrElec",11,20,23,"",141.483,0,0,0,0,0,0,0,0,0,0,0,0,0,0,0,0,0,0,0,0,141.483,0,0,0
"MtrElec",11,20,24,"",106.94,0,0,0,0,0,0,0,0,0,0,0,0,0,0,0,0,0,0,0,0,106.94,0,0,0
"MtrElec",11,21,1,"",77.1959,0,0,0,0,0,0,0,0,0,0,0,0,0,0,0,0,0,0,0,0,77.1959,0,0,0
"MtrElec",11,21,2,"",65.9062,0,0,0,0,0,0,0,0,0,0,0,0,0,0,0,0,0,0,0,0,65.9062,0,0,0
"MtrElec",11,21,3,"",65.0596,0,0,0,0,0,0,0,0,0,0,0,0,0,0,0,0,0,0,0,0,65.0596,0,0,0
"MtrElec",11,21,4,"",66.4572,0,0,0,0,0,0,0,0,0,0,0,0,0,0,0,0,0,0,0,0,66.4572,0,0,0
"MtrElec",11,21,5,"",79.6847,0,0,0,0,0,0,0,0,0,0,0,0,0,0,0,0,0,0,0,0,79.6847,0,0,0
"MtrElec",11,21,6,"",68.4206,0,0,0,0,0,0,0,0,0,0,0,0,0,0,0,0,0,0,0,0,68.4206,0,0,0
"MtrElec",11,21,7,"",94.2354,0,0,0,0,0,0,0,0,0,0,0,0,0,0,0,0,0,0,0,0,96.1633,0,0,-1.92794
"MtrElec",11,21,8,"",44.5835,0,0,0,0,0,0,0,0,0,0,0,0,0,0,0,0,0,0,0,0,98.3208,0,0,-53.7373
"MtrElec",11,21,9,"",0.0000039,0,0,0,0,0,0,0,0,0,0,0,0,0,0,0,0,0,0,0,0,97.9973,0,47.5859,-145.583
"MtrElec",11,21,10,"",0,0,0,0,0,0,0,0,0,0,0,0,0,0,0,0,0,0,0,0,0,147.69,0,46.0497,-193.74
"MtrElec",11,21,11,"",0,0,0,0,0,0,0,0,0,0,0,0,0,0,0,0,0,0,0,0,0,172.23,0,50.0666,-222.297
"MtrElec",11,21,12,"",0.0000039,0,0,0,0,0,0,0,0,0,0,0,0,0,0,0,0,0,0,0,0,171.033,0,64.0018,-235.035
"MtrElec",11,21,13,"",0,0,0,0,0,0,0,0,0,0,0,0,0,0,0,0,0,0,0,0,0,151.512,0,74.6792,-226.191
"MtrElec",11,21,14,"",-16.8525,0,0,0,0,0,0,0,0,0,0,0,0,0,0,0,0,0,0,0,0,113.007,0,69.9152,-199.774
"MtrElec",11,21,15,"",2.46544,0,0,0,0,0,0,0,0,0,0,0,0,0,0,0,0,0,0,0,0,155.76,0,0,-153.295
"MtrElec",11,21,16,"",46.9327,0,0,0,0,0,0,0,0,0,0,0,0,0,0,0,0,0,0,0,0,133.982,0,0,-87.0494
"MtrElec",11,21,17,"",104.634,0,0,0,0,0,0,0,0,0,0,0,0,0,0,0,0,0,0,0,0,118.968,0,0,-14.3335
"MtrElec",11,21,18,"",179.516,0,0,0,0,0,0,0,0,0,0,0,0,0,0,0,0,0,0,0,0,179.516,0,0,0
"MtrElec",11,21,19,"",134.395,0,0,0,0,0,0,0,0,0,0,0,0,0,0,0,0,0,0,0,0,228.817,0,-94.4224,0
"MtrElec",11,21,20,"",76.6142,0,0,0,0,0,0,0,0,0,0,0,0,0,0,0,0,0,0,0,0,171.037,0,-94.4224,0
"MtrElec",11,21,21,"",63.3774,0,0,0,0,0,0,0,0,0,0,0,0,0,0,0,0,0,0,0,0,157.8,0,-94.4224,0
"MtrElec",11,21,22,"",92.7914,0,0,0,0,0,0,0,0,0,0,0,0,0,0,0,0,0,0,0,0,127.473,0,-34.6821,0
"MtrElec",11,21,23,"",140.198,0,0,0,0,0,0,0,0,0,0,0,0,0,0,0,0,0,0,0,0,140.198,0,0,0
"MtrElec",11,21,24,"",90.0648,0,0,0,0,0,0,0,0,0,0,0,0,0,0,0,0,0,0,0,0,90.0648,0,0,0
"MtrElec",11,22,1,"",69.5183,0,0,0,0,0,0,0,0,0,0,0,0,0,0,0,0,0,0,0,0,69.5183,0,0,0
"MtrElec",11,22,2,"",65.8963,0,0,0,0,0,0,0,0,0,0,0,0,0,0,0,0,0,0,0,0,65.8963,0,0,0
"MtrElec",11,22,3,"",63.5863,0,0,0,0,0,0,0,0,0,0,0,0,0,0,0,0,0,0,0,0,63.5863,0,0,0
"MtrElec",11,22,4,"",68.1394,0,0,0,0,0,0,0,0,0,0,0,0,0,0,0,0,0,0,0,0,68.1394,0,0,0
"MtrElec",11,22,5,"",87.001,0,0,0,0,0,0,0,0,0,0,0,0,0,0,0,0,0,0,0,0,87.001,0,0,0
"MtrElec",11,22,6,"",66.5088,0,0,0,0,0,0,0,0,0,0,0,0,0,0,0,0,0,0,0,0,66.5088,0,0,0
"MtrElec",11,22,7,"",83.4008,0,0,0,0,0,0,0,0,0,0,0,0,0,0,0,0,0,0,0,0,86.146,0,0,-2.74511
"MtrElec",11,22,8,"",56.382,0,0,0,0,0,0,0,0,0,0,0,0,0,0,0,0,0,0,0,0,111.948,0,0,-55.5655
"MtrElec",11,22,9,"",17.5539,0,0,0,0,0,0,0,0,0,0,0,0,0,0,0,0,0,0,0,0,132.624,0,0,-115.07
"MtrElec",11,22,10,"",0.0000010,0,0,0,0,0,0,0,0,0,0,0,0,0,0,0,0,0,0,0,0,166.102,0,13.6388,-179.741
"MtrElec",11,22,11,"",0,0,0,0,0,0,0,0,0,0,0,0,0,0,0,0,0,0,0,0,0,126.929,0,51.7942,-178.723
"MtrElec",11,22,12,"",0,0,0,0,0,0,0,0,0,0,0,0,0,0,0,0,0,0,0,0,0,140.129,0,17.7717,-157.9
"MtrElec",11,22,13,"",0,0,0,0,0,0,0,0,0,0,0,0,0,0,0,0,0,0,0,0,0,127.56,0,49.6254,-177.186
"MtrElec",11,22,14,"",0,0,0,0,0,0,0,0,0,0,0,0,0,0,0,0,0,0,0,0,0,125.804,0,73.3558,-199.16
"MtrElec",11,22,15,"",0,0,0,0,0,0,0,0,0,0,0,0,0,0,0,0,0,0,0,0,0,134.079,0,17.1781,-151.257
"MtrElec",11,22,16,"",47.7832,0,0,0,0,0,0,0,0,0,0,0,0,0,0,0,0,0,0,0,0,134.454,0,0,-86.6704
"MtrElec",11,22,17,"",87.4243,0,0,0,0,0,0,0,0,0,0,0,0,0,0,0,0,0,0,0,0,104.502,0,0,-17.0779
"MtrElec",11,22,18,"",161.511,0,0,0,0,0,0,0,0,0,0,0,0,0,0,0,0,0,0,0,0,161.511,0,0,0
"MtrElec",11,22,19,"",68.6833,0,0,0,0,0,0,0,0,0,0,0,0,0,0,0,0,0,0,0,0,163.106,0,-94.4224,0
"MtrElec",11,22,20,"",55.5602,0,0,0,0,0,0,0,0,0,0,0,0,0,0,0,0,0,0,0,0,149.983,0,-94.4224,0
"MtrElec",11,22,21,"",188.053,0,0,0,0,0,0,0,0,0,0,0,0,0,0,0,0,0,0,0,0,200.794,0,-12.7412,0
"MtrElec",11,22,22,"",172.049,0,0,0,0,0,0,0,0,0,0,0,0,0,0,0,0,0,0,0,0,172.049,0,0,0
"MtrElec",11,22,23,"",91.6166,0,0,0,0,0,0,0,0,0,0,0,0,0,0,0,0,0,0,0,0,91.6166,0,0,0
"MtrElec",11,22,24,"",86.32,0,0,0,0,0,0,0,0,0,0,0,0,0,0,0,0,0,0,0,0,86.32,0,0,0
"MtrElec",11,23,1,"",71.7447,0,0,0,0,0,0,0,0,0,0,0,0,0,0,0,0,0,0,0,0,71.7447,0,0,0
"MtrElec",11,23,2,"",102.803,0,0,0,0,0,0,0,0,0,0,0,0,0,0,0,0,0,0,0,0,102.803,0,0,0
"MtrElec",11,23,3,"",67.8183,0,0,0,0,0,0,0,0,0,0,0,0,0,0,0,0,0,0,0,0,67.8183,0,0,0
"MtrElec",11,23,4,"",63.6381,0,0,0,0,0,0,0,0,0,0,0,0,0,0,0,0,0,0,0,0,63.6381,0,0,0
"MtrElec",11,23,5,"",62.883,0,0,0,0,0,0,0,0,0,0,0,0,0,0,0,0,0,0,0,0,62.883,0,0,0
"MtrElec",11,23,6,"",69.0194,0,0,0,0,0,0,0,0,0,0,0,0,0,0,0,0,0,0,0,0,69.0194,0,0,0
"MtrElec",11,23,7,"",120.959,0,0,0,0,0,0,0,0,0,0,0,0,0,0,0,0,0,0,0,0,120.959,0,0,0
"MtrElec",11,23,8,"",122.848,0,0,0,0,0,0,0,0,0,0,0,0,0,0,0,0,0,0,0,0,144.484,0,0,-21.6356
"MtrElec",11,23,9,"",62.9452,0,0,0,0,0,0,0,0,0,0,0,0,0,0,0,0,0,0,0,0,135.494,0,0,-72.5485
"MtrElec",11,23,10,"",1.26795,0,0,0,0,0,0,0,0,0,0,0,0,0,0,0,0,0,0,0,0,126.401,0,0,-125.133
"MtrElec",11,23,11,"",9.4299,0,0,0,0,0,0,0,0,0,0,0,0,0,0,0,0,0,0,0,0,132.269,0,0,-122.839
"MtrElec",11,23,12,"",21.2548,0,0,0,0,0,0,0,0,0,0,0,0,0,0,0,0,0,0,0,0,123.484,0,0,-102.229
"MtrElec",11,23,13,"",5.69237,0,0,0,0,0,0,0,0,0,0,0,0,0,0,0,0,0,0,0,0,101.677,0,0,-95.9846
"MtrElec",11,23,14,"",4.39676,0,0,0,0,0,0,0,0,0,0,0,0,0,0,0,0,0,0,0,0,105.84,0,0,-101.444
"MtrElec",11,23,15,"",0.0000001,0,0,0,0,0,0,0,0,0,0,0,0,0,0,0,0,0,0,0,0,83.8366,0,1.8753,-85.7119
"MtrElec",11,23,16,"",57.222,0,0,0,0,0,0,0,0,0,0,0,0,0,0,0,0,0,0,0,0,80.0232,0,0,-22.8012
"MtrElec",11,23,17,"",94.415,0,0,0,0,0,0,0,0,0,0,0,0,0,0,0,0,0,0,0,0,94.8043,0,0,-0.389305
"MtrElec",11,23,18,"",140.471,0,0,0,0,0,0,0,0,0,0,0,0,0,0,0,0,0,0,0,0,140.471,0,0,0
"MtrElec",11,23,19,"",146.284,0,0,0,0,0,0,0,0,0,0,0,0,0,0,0,0,0,0,0,0,147.976,0,-1.69246,0
"MtrElec",11,23,20,"",142.69,0,0,0,0,0,0,0,0,0,0,0,0,0,0,0,0,0,0,0,0,142.69,0,0,0
"MtrElec",11,23,21,"",171.766,0,0,0,0,0,0,0,0,0,0,0,0,0,0,0,0,0,0,0,0,171.766,0,0,0
"MtrElec",11,23,22,"",119.332,0,0,0,0,0,0,0,0,0,0,0,0,0,0,0,0,0,0,0,0,119.332,0,0,0
"MtrElec",11,23,23,"",162.952,0,0,0,0,0,0,0,0,0,0,0,0,0,0,0,0,0,0,0,0,162.952,0,0,0
"MtrElec",11,23,24,"",101.744,0,0,0,0,0,0,0,0,0,0,0,0,0,0,0,0,0,0,0,0,101.744,0,0,0
"MtrElec",11,24,1,"",76.5237,0,0,0,0,0,0,0,0,0,0,0,0,0,0,0,0,0,0,0,0,76.5237,0,0,0
"MtrElec",11,24,2,"",70.5678,0,0,0,0,0,0,0,0,0,0,0,0,0,0,0,0,0,0,0,0,70.5678,0,0,0
"MtrElec",11,24,3,"",65.8069,0,0,0,0,0,0,0,0,0,0,0,0,0,0,0,0,0,0,0,0,65.8069,0,0,0
"MtrElec",11,24,4,"",65.3995,0,0,0,0,0,0,0,0,0,0,0,0,0,0,0,0,0,0,0,0,65.3995,0,0,0
"MtrElec",11,24,5,"",64.6358,0,0,0,0,0,0,0,0,0,0,0,0,0,0,0,0,0,0,0,0,64.6358,0,0,0
"MtrElec",11,24,6,"",77.9773,0,0,0,0,0,0,0,0,0,0,0,0,0,0,0,0,0,0,0,0,77.9773,0,0,0
"MtrElec",11,24,7,"",123.864,0,0,0,0,0,0,0,0,0,0,0,0,0,0,0,0,0,0,0,0,129.466,0,0,-5.60259
"MtrElec",11,24,8,"",91.4541,0,0,0,0,0,0,0,0,0,0,0,0,0,0,0,0,0,0,0,0,155.263,0,0,-63.8092
"MtrElec",11,24,9,"",0,0,0,0,0,0,0,0,0,0,0,0,0,0,0,0,0,0,0,0,0,116.076,0,20.5619,-136.638
"MtrElec",11,24,10,"",0,0,0,0,0,0,0,0,0,0,0,0,0,0,0,0,0,0,0,0,0,128.214,0,56.4107,-184.625
"MtrElec",11,24,11,"",-12.4273,0,0,0,0,0,0,0,0,0,0,0,0,0,0,0,0,0,0,0,0,111.535,0,94.4224,-218.384
"MtrElec",11,24,12,"",-17.9699,0,0,0,0,0,0,0,0,0,0,0,0,0,0,0,0,0,0,0,0,120.376,0,94.4224,-232.768
"MtrElec",11,24,13,"",-46.1084,0,0,0,0,0,0,0,0,0,0,0,0,0,0,0,0,0,0,0,0,94.6947,0,86.4811,-227.284
"MtrElec",11,24,14,"",-121.764,0,0,0,0,0,0,0,0,0,0,0,0,0,0,0,0,0,0,0,0,80.1082,0,0,-201.872
"MtrElec",11,24,15,"",-47.8154,0,0,0,0,0,0,0,0,0,0,0,0,0,0,0,0,0,0,0,0,106.943,0,0,-154.759
"MtrElec",11,24,16,"",9.71152,0,0,0,0,0,0,0,0,0,0,0,0,0,0,0,0,0,0,0,0,97.9322,0,0,-88.2206
"MtrElec",11,24,17,"",98.4686,0,0,0,0,0,0,0,0,0,0,0,0,0,0,0,0,0,0,0,0,115.302,0,0,-16.8337
"MtrElec",11,24,18,"",156.218,0,0,0,0,0,0,0,0,0,0,0,0,0,0,0,0,0,0,0,0,156.218,0,0,0
"MtrElec",11,24,19,"",49.3737,0,0,0,0,0,0,0,0,0,0,0,0,0,0,0,0,0,0,0,0,143.796,0,-94.4224,0
"MtrElec",11,24,20,"",86.7704,0,0,0,0,0,0,0,0,0,0,0,0,0,0,0,0,0,0,0,0,181.193,0,-94.4224,0
"MtrElec",11,24,21,"",38.4166,0,0,0,0,0,0,0,0,0,0,0,0,0,0,0,0,0,0,0,0,132.839,0,-94.4224,0
"MtrElec",11,24,22,"",90.1405,0,0,0,0,0,0,0,0,0,0,0,0,0,0,0,0,0,0,0,0,124.823,0,-34.6821,0
"MtrElec",11,24,23,"",142.496,0,0,0,0,0,0,0,0,0,0,0,0,0,0,0,0,0,0,0,0,142.496,0,0,0
"MtrElec",11,24,24,"",89.57,0,0,0,0,0,0,0,0,0,0,0,0,0,0,0,0,0,0,0,0,89.57,0,0,0
"MtrElec",11,25,1,"",74.5597,0,0,0,0,0,0,0,0,0,0,0,0,0,0,0,0,0,0,0,0,74.5597,0,0,0
"MtrElec",11,25,2,"",67.2505,0,0,0,0,0,0,0,0,0,0,0,0,0,0,0,0,0,0,0,0,67.2505,0,0,0
"MtrElec",11,25,3,"",65.363,0,0,0,0,0,0,0,0,0,0,0,0,0,0,0,0,0,0,0,0,65.363,0,0,0
"MtrElec",11,25,4,"",65.3486,0,0,0,0,0,0,0,0,0,0,0,0,0,0,0,0,0,0,0,0,65.3486,0,0,0
"MtrElec",11,25,5,"",64.5918,0,0,0,0,0,0,0,0,0,0,0,0,0,0,0,0,0,0,0,0,64.5918,0,0,0
"MtrElec",11,25,6,"",74.9115,0,0,0,0,0,0,0,0,0,0,0,0,0,0,0,0,0,0,0,0,74.9115,0,0,0
"MtrElec",11,25,7,"",127.198,0,0,0,0,0,0,0,0,0,0,0,0,0,0,0,0,0,0,0,0,127.512,0,0,-0.313749
"MtrElec",11,25,8,"",100.412,0,0,0,0,0,0,0,0,0,0,0,0,0,0,0,0,0,0,0,0,123.231,0,0,-22.8186
"MtrElec",11,25,9,"",97.8495,0,0,0,0,0,0,0,0,0,0,0,0,0,0,0,0,0,0,0,0,154.083,0,0,-56.2338
"MtrElec",11,25,10,"",128.204,0,0,0,0,0,0,0,0,0,0,0,0,0,0,0,0,0,0,0,0,173.013,0,0,-44.8083
"MtrElec",11,25,11,"",2.09078,0,0,0,0,0,0,0,0,0,0,0,0,0,0,0,0,0,0,0,0,129.18,0,0,-127.089
"MtrElec",11,25,12,"",0,0,0,0,0,0,0,0,0,0,0,0,0,0,0,0,0,0,0,0,0,162.17,0,48.5175,-210.688
"MtrElec",11,25,13,"",0.0000078,0,0,0,0,0,0,0,0,0,0,0,0,0,0,0,0,0,0,0,0,140.601,0,78.1041,-218.705
"MtrElec",11,25,14,"",0,0,0,0,0,0,0,0,0,0,0,0,0,0,0,0,0,0,0,0,0,119.518,0,67.9845,-187.503
"MtrElec",11,25,15,"",0,0,0,0,0,0,0,0,0,0,0,0,0,0,0,0,0,0,0,0,0,86.3312,0,44.0397,-130.371
"MtrElec",11,25,16,"",3.62828,0,0,0,0,0,0,0,0,0,0,0,0,0,0,0,0,0,0,0,0,87.606,0,0,-83.9777
"MtrElec",11,25,17,"",135.676,0,0,0,0,0,0,0,0,0,0,0,0,0,0,0,0,0,0,0,0,151.279,0,0,-15.6025
"MtrElec",11,25,18,"",118.288,0,0,0,0,0,0,0,0,0,0,0,0,0,0,0,0,0,0,0,0,118.288,0,0,0
"MtrElec",11,25,19,"",55.8803,0,0,0,0,0,0,0,0,0,0,0,0,0,0,0,0,0,0,0,0,150.303,0,-94.4224,0
"MtrElec",11,25,20,"",68.3196,0,0,0,0,0,0,0,0,0,0,0,0,0,0,0,0,0,0,0,0,162.742,0,-94.4224,0
"MtrElec",11,25,21,"",137.051,0,0,0,0,0,0,0,0,0,0,0,0,0,0,0,0,0,0,0,0,163.584,0,-26.533,0
"MtrElec",11,25,22,"",137.183,0,0,0,0,0,0,0,0,0,0,0,0,0,0,0,0,0,0,0,0,137.183,0,0,0
"MtrElec",11,25,23,"",104.068,0,0,0,0,0,0,0,0,0,0,0,0,0,0,0,0,0,0,0,0,104.068,0,0,0
"MtrElec",11,25,24,"",123.061,0,0,0,0,0,0,0,0,0,0,0,0,0,0,0,0,0,0,0,0,123.061,0,0,0
"MtrElec",11,26,1,"",89.5168,0,0,0,0,0,0,0,0,0,0,0,0,0,0,0,0,0,0,0,0,89.5168,0,0,0
"MtrElec",11,26,2,"",68.0152,0,0,0,0,0,0,0,0,0,0,0,0,0,0,0,0,0,0,0,0,68.0152,0,0,0
"MtrElec",11,26,3,"",63.2502,0,0,0,0,0,0,0,0,0,0,0,0,0,0,0,0,0,0,0,0,63.2502,0,0,0
"MtrElec",11,26,4,"",63.2802,0,0,0,0,0,0,0,0,0,0,0,0,0,0,0,0,0,0,0,0,63.2802,0,0,0
"MtrElec",11,26,5,"",62.3828,0,0,0,0,0,0,0,0,0,0,0,0,0,0,0,0,0,0,0,0,62.3828,0,0,0
"MtrElec",11,26,6,"",68.5987,0,0,0,0,0,0,0,0,0,0,0,0,0,0,0,0,0,0,0,0,68.5987,0,0,0
"MtrElec",11,26,7,"",105.647,0,0,0,0,0,0,0,0,0,0,0,0,0,0,0,0,0,0,0,0,105.647,0,0,0
"MtrElec",11,26,8,"",103.082,0,0,0,0,0,0,0,0,0,0,0,0,0,0,0,0,0,0,0,0,115.082,0,0,-12.0002
"MtrElec",11,26,9,"",115.209,0,0,0,0,0,0,0,0,0,0,0,0,0,0,0,0,0,0,0,0,155.292,0,0,-40.0827
"MtrElec",11,26,10,"",101.968,0,0,0,0,0,0,0,0,0,0,0,0,0,0,0,0,0,0,0,0,216.117,0,0,-114.15
"MtrElec",11,26,11,"",28.9353,0,0,0,0,0,0,0,0,0,0,0,0,0,0,0,0,0,0,0,0,205.739,0,0,-176.803
"MtrElec",11,26,12,"",0,0,0,0,0,0,0,0,0,0,0,0,0,0,0,0,0,0,0,0,0,208.157,0,35.6803,-243.837
"MtrElec",11,26,13,"",0,0,0,0,0,0,0,0,0,0,0,0,0,0,0,0,0,0,0,0,0,195.012,0,43.4518,-238.463
"MtrElec",11,26,14,"",0,0,0,0,0,0,0,0,0,0,0,0,0,0,0,0,0,0,0,0,0,124.567,0,86.4929,-211.06
"MtrElec",11,26,15,"",0,0,0,0,0,0,0,0,0,0,0,0,0,0,0,0,0,0,0,0,0,125.14,0,38.9278,-164.067
"MtrElec",11,26,16,"",41.1706,0,0,0,0,0,0,0,0,0,0,0,0,0,0,0,0,0,0,0,0,136.539,0,0,-95.3682
"MtrElec",11,26,17,"",127.84,0,0,0,0,0,0,0,0,0,0,0,0,0,0,0,0,0,0,0,0,147.589,0,0,-19.749
"MtrElec",11,26,18,"",200.66,0,0,0,0,0,0,0,0,0,0,0,0,0,0,0,0,0,0,0,0,200.66,0,0,0
"MtrElec",11,26,19,"",133.843,0,0,0,0,0,0,0,0,0,0,0,0,0,0,0,0,0,0,0,0,228.265,0,-94.4224,0
"MtrElec",11,26,20,"",30.8063,0,0,0,0,0,0,0,0,0,0,0,0,0,0,0,0,0,0,0,0,120.993,0,-90.1865,0
"MtrElec",11,26,21,"",135.296,0,0,0,0,0,0,0,0,0,0,0,0,0,0,0,0,0,0,0,0,135.296,0,0,0
"MtrElec",11,26,22,"",140.453,0,0,0,0,0,0,0,0,0,0,0,0,0,0,0,0,0,0,0,0,140.453,0,0,0
"MtrElec",11,26,23,"",99.5471,0,0,0,0,0,0,0,0,0,0,0,0,0,0,0,0,0,0,0,0,99.5471,0,0,0
"MtrElec",11,26,24,"",88.2243,0,0,0,0,0,0,0,0,0,0,0,0,0,0,0,0,0,0,0,0,88.2243,0,0,0
"MtrElec",11,27,1,"",69.0467,0,0,0,0,0,0,0,0,0,0,0,0,0,0,0,0,0,0,0,0,69.0467,0,0,0
"MtrElec",11,27,2,"",70.5893,0,0,0,0,0,0,0,0,0,0,0,0,0,0,0,0,0,0,0,0,70.5893,0,0,0
"MtrElec",11,27,3,"",64.4287,0,0,0,0,0,0,0,0,0,0,0,0,0,0,0,0,0,0,0,0,64.4287,0,0,0
"MtrElec",11,27,4,"",64.8788,0,0,0,0,0,0,0,0,0,0,0,0,0,0,0,0,0,0,0,0,64.8788,0,0,0
"MtrElec",11,27,5,"",91.6989,0,0,0,0,0,0,0,0,0,0,0,0,0,0,0,0,0,0,0,0,91.6989,0,0,0
"MtrElec",11,27,6,"",66.592,0,0,0,0,0,0,0,0,0,0,0,0,0,0,0,0,0,0,0,0,66.592,0,0,0
"MtrElec",11,27,7,"",115.052,0,0,0,0,0,0,0,0,0,0,0,0,0,0,0,0,0,0,0,0,122.125,0,0,-7.07344
"MtrElec",11,27,8,"",54.3736,0,0,0,0,0,0,0,0,0,0,0,0,0,0,0,0,0,0,0,0,125.015,0,0,-70.6417
"MtrElec",11,27,9,"",0,0,0,0,0,0,0,0,0,0,0,0,0,0,0,0,0,0,0,0,0,134.522,0,15.8069,-150.328
"MtrElec",11,27,10,"",0,0,0,0,0,0,0,0,0,0,0,0,0,0,0,0,0,0,0,0,0,180.072,0,25.2256,-205.298
"MtrElec",11,27,11,"",8.07684,0,0,0,0,0,0,0,0,0,0,0,0,0,0,0,0,0,0,0,0,248.026,0,0,-239.949
"MtrElec",11,27,12,"",0,0,0,0,0,0,0,0,0,0,0,0,0,0,0,0,0,0,0,0,0,175.692,0,78.0242,-253.716
"MtrElec",11,27,13,"",0,0,0,0,0,0,0,0,0,0,0,0,0,0,0,0,0,0,0,0,0,206.04,0,39.8127,-245.852
"MtrElec",11,27,14,"",0,0,0,0,0,0,0,0,0,0,0,0,0,0,0,0,0,0,0,0,0,182.509,0,32.4173,-214.926
"MtrElec",11,27,15,"",21.7477,0,0,0,0,0,0,0,0,0,0,0,0,0,0,0,0,0,0,0,0,186.384,0,0,-164.637
"MtrElec",11,27,16,"",5.8915,0,0,0,0,0,0,0,0,0,0,0,0,0,0,0,0,0,0,0,0,99.5864,0,0,-93.6949
"MtrElec",11,27,17,"",160.32,0,0,0,0,0,0,0,0,0,0,0,0,0,0,0,0,0,0,0,0,178.881,0,0,-18.5613
"MtrElec",11,27,18,"",199.689,0,0,0,0,0,0,0,0,0,0,0,0,0,0,0,0,0,0,0,0,199.689,0,0,0
"MtrElec",11,27,19,"",116.253,0,0,0,0,0,0,0,0,0,0,0,0,0,0,0,0,0,0,0,0,210.675,0,-94.4224,0
"MtrElec",11,27,20,"",130.551,0,0,0,0,0,0,0,0,0,0,0,0,0,0,0,0,0,0,0,0,208.764,0,-78.2137,0
"MtrElec",11,27,21,"",150.869,0,0,0,0,0,0,0,0,0,0,0,0,0,0,0,0,0,0,0,0,150.869,0,0,0
"MtrElec",11,27,22,"",177.536,0,0,0,0,0,0,0,0,0,0,0,0,0,0,0,0,0,0,0,0,177.536,0,0,0
"MtrElec",11,27,23,"",118.071,0,0,0,0,0,0,0,0,0,0,0,0,0,0,0,0,0,0,0,0,118.071,0,0,0
"MtrElec",11,27,24,"",147.133,0,0,0,0,0,0,0,0,0,0,0,0,0,0,0,0,0,0,0,0,147.133,0,0,0
"MtrElec",11,28,1,"",71.9211,0,0,0,0,0,0,0,0,0,0,0,0,0,0,0,0,0,0,0,0,71.9211,0,0,0
"MtrElec",11,28,2,"",68.5881,0,0,0,0,0,0,0,0,0,0,0,0,0,0,0,0,0,0,0,0,68.5881,0,0,0
"MtrElec",11,28,3,"",67.9934,0,0,0,0,0,0,0,0,0,0,0,0,0,0,0,0,0,0,0,0,67.9934,0,0,0
"MtrElec",11,28,4,"",67.7569,0,0,0,0,0,0,0,0,0,0,0,0,0,0,0,0,0,0,0,0,67.7569,0,0,0
"MtrElec",11,28,5,"",65.9127,0,0,0,0,0,0,0,0,0,0,0,0,0,0,0,0,0,0,0,0,65.9127,0,0,0
"MtrElec",11,28,6,"",69.8598,0,0,0,0,0,0,0,0,0,0,0,0,0,0,0,0,0,0,0,0,69.8598,0,0,0
"MtrElec",11,28,7,"",71.8238,0,0,0,0,0,0,0,0,0,0,0,0,0,0,0,0,0,0,0,0,77.7214,0,0,-5.89755
"MtrElec",11,28,8,"",73.3976,0,0,0,0,0,0,0,0,0,0,0,0,0,0,0,0,0,0,0,0,139.996,0,0,-66.5981
"MtrElec",11,28,9,"",9.01409,0,0,0,0,0,0,0,0,0,0,0,0,0,0,0,0,0,0,0,0,146.871,0,0,-137.857
"MtrElec",11,28,10,"",0,0,0,0,0,0,0,0,0,0,0,0,0,0,0,0,0,0,0,0,0,143.706,0,46.3252,-190.031
"MtrElec",11,28,11,"",0,0,0,0,0,0,0,0,0,0,0,0,0,0,0,0,0,0,0,0,0,153.279,0,68.8298,-222.109
"MtrElec",11,28,12,"",0.0000039,0,0,0,0,0,0,0,0,0,0,0,0,0,0,0,0,0,0,0,0,186.32,0,49.3607,-235.681
"MtrElec",11,28,13,"",0,0,0,0,0,0,0,0,0,0,0,0,0,0,0,0,0,0,0,0,0,148.363,0,78.8758,-227.239
"MtrElec",11,28,14,"",0.0000039,0,0,0,0,0,0,0,0,0,0,0,0,0,0,0,0,0,0,0,0,152.945,0,43.8322,-196.777
"MtrElec",11,28,15,"",0,0,0,0,0,0,0,0,0,0,0,0,0,0,0,0,0,0,0,0,0,144.069,0,8.70366,-152.773
"MtrElec",11,28,16,"",51.1244,0,0,0,0,0,0,0,0,0,0,0,0,0,0,0,0,0,0,0,0,139.677,0,0,-88.5529
"MtrElec",11,28,17,"",80.5952,0,0,0,0,0,0,0,0,0,0,0,0,0,0,0,0,0,0,0,0,97.869,0,0,-17.2739
"MtrElec",11,28,18,"",141.825,0,0,0,0,0,0,0,0,0,0,0,0,0,0,0,0,0,0,0,0,141.825,0,0,0
"MtrElec",11,28,19,"",93.0081,0,0,0,0,0,0,0,0,0,0,0,0,0,0,0,0,0,0,0,0,187.431,0,-94.4224,0
"MtrElec",11,28,20,"",75.2735,0,0,0,0,0,0,0,0,0,0,0,0,0,0,0,0,0,0,0,0,169.696,0,-94.4224,0
"MtrElec",11,28,21,"",81.5941,0,0,0,0,0,0,0,0,0,0,0,0,0,0,0,0,0,0,0,0,159.824,0,-78.2295,0
"MtrElec",11,28,22,"",159.393,0,0,0,0,0,0,0,0,0,0,0,0,0,0,0,0,0,0,0,0,159.393,0,0,0
"MtrElec",11,28,23,"",118.947,0,0,0,0,0,0,0,0,0,0,0,0,0,0,0,0,0,0,0,0,118.947,0,0,0
"MtrElec",11,28,24,"",150.237,0,0,0,0,0,0,0,0,0,0,0,0,0,0,0,0,0,0,0,0,150.237,0,0,0
"MtrElec",11,29,1,"",94.0461,0,0,0,0,0,0,0,0,0,0,0,0,0,0,0,0,0,0,0,0,94.0461,0,0,0
"MtrElec",11,29,2,"",68.4728,0,0,0,0,0,0,0,0,0,0,0,0,0,0,0,0,0,0,0,0,68.4728,0,0,0
"MtrElec",11,29,3,"",66.6773,0,0,0,0,0,0,0,0,0,0,0,0,0,0,0,0,0,0,0,0,66.6773,0,0,0
"MtrElec",11,29,4,"",69.1764,0,0,0,0,0,0,0,0,0,0,0,0,0,0,0,0,0,0,0,0,69.1764,0,0,0
"MtrElec",11,29,5,"",82.2329,0,0,0,0,0,0,0,0,0,0,0,0,0,0,0,0,0,0,0,0,82.2329,0,0,0
"MtrElec",11,29,6,"",71.4983,0,0,0,0,0,0,0,0,0,0,0,0,0,0,0,0,0,0,0,0,71.4983,0,0,0
"MtrElec",11,29,7,"",76.7718,0,0,0,0,0,0,0,0,0,0,0,0,0,0,0,0,0,0,0,0,76.7718,0,0,0
"MtrElec",11,29,8,"",62.9845,0,0,0,0,0,0,0,0,0,0,0,0,0,0,0,0,0,0,0,0,109.421,0,0,-46.436
"MtrElec",11,29,9,"",0.0000020,0,0,0,0,0,0,0,0,0,0,0,0,0,0,0,0,0,0,0,0,112.085,0,21.4616,-133.546
"MtrElec",11,29,10,"",0.0000039,0,0,0,0,0,0,0,0,0,0,0,0,0,0,0,0,0,0,0,0,133.453,0,52.4101,-185.863
"MtrElec",11,29,11,"",0,0,0,0,0,0,0,0,0,0,0,0,0,0,0,0,0,0,0,0,0,161.783,0,54.5474,-216.331
"MtrElec",11,29,12,"",0,0,0,0,0,0,0,0,0,0,0,0,0,0,0,0,0,0,0,0,0,153.721,0,73.0783,-226.799
"MtrElec",11,29,13,"",0,0,0,0,0,0,0,0,0,0,0,0,0,0,0,0,0,0,0,0,0,144.918,0,78.7412,-223.66
"MtrElec",11,29,14,"",-30.918,0,0,0,0,0,0,0,0,0,0,0,0,0,0,0,0,0,0,0,0,95.0649,0,72.0599,-198.043
"MtrElec",11,29,15,"",-24.8362,0,0,0,0,0,0,0,0,0,0,0,0,0,0,0,0,0,0,0,0,127.26,0,0,-152.096
"MtrElec",11,29,16,"",-4.2542,0,0,0,0,0,0,0,0,0,0,0,0,0,0,0,0,0,0,0,0,81.9876,0,0,-86.2418
"MtrElec",11,29,17,"",113.919,0,0,0,0,0,0,0,0,0,0,0,0,0,0,0,0,0,0,0,0,130.09,0,0,-16.1709
"MtrElec",11,29,18,"",127.409,0,0,0,0,0,0,0,0,0,0,0,0,0,0,0,0,0,0,0,0,127.409,0,0,0
"MtrElec",11,29,19,"",78.0534,0,0,0,0,0,0,0,0,0,0,0,0,0,0,0,0,0,0,0,0,172.476,0,-94.4224,0
"MtrElec",11,29,20,"",97.8923,0,0,0,0,0,0,0,0,0,0,0,0,0,0,0,0,0,0,0,0,192.315,0,-94.4224,0
"MtrElec",11,29,21,"",96.3677,0,0,0,0,0,0,0,0,0,0,0,0,0,0,0,0,0,0,0,0,190.79,0,-94.4224,0
"MtrElec",11,29,22,"",135.584,0,0,0,0,0,0,0,0,0,0,0,0,0,0,0,0,0,0,0,0,170.266,0,-34.6821,0
"MtrElec",11,29,23,"",148.981,0,0,0,0,0,0,0,0,0,0,0,0,0,0,0,0,0,0,0,0,148.981,0,0,0
"MtrElec",11,29,24,"",111.209,0,0,0,0,0,0,0,0,0,0,0,0,0,0,0,0,0,0,0,0,111.209,0,0,0
"MtrElec",11,30,1,"",82.513,0,0,0,0,0,0,0,0,0,0,0,0,0,0,0,0,0,0,0,0,82.513,0,0,0
"MtrElec",11,30,2,"",69.694,0,0,0,0,0,0,0,0,0,0,0,0,0,0,0,0,0,0,0,0,69.694,0,0,0
"MtrElec",11,30,3,"",67.2478,0,0,0,0,0,0,0,0,0,0,0,0,0,0,0,0,0,0,0,0,67.2478,0,0,0
"MtrElec",11,30,4,"",66.8087,0,0,0,0,0,0,0,0,0,0,0,0,0,0,0,0,0,0,0,0,66.8087,0,0,0
"MtrElec",11,30,5,"",66.042,0,0,0,0,0,0,0,0,0,0,0,0,0,0,0,0,0,0,0,0,66.042,0,0,0
"MtrElec",11,30,6,"",90.6121,0,0,0,0,0,0,0,0,0,0,0,0,0,0,0,0,0,0,0,0,90.6121,0,0,0
"MtrElec",11,30,7,"",169.519,0,0,0,0,0,0,0,0,0,0,0,0,0,0,0,0,0,0,0,0,169.519,0,0,0
"MtrElec",11,30,8,"",75.6869,0,0,0,0,0,0,0,0,0,0,0,0,0,0,0,0,0,0,0,0,136.426,0,0,-60.7394
"MtrElec",11,30,9,"",18.9842,0,0,0,0,0,0,0,0,0,0,0,0,0,0,0,0,0,0,0,0,151.915,0,0,-132.931
"MtrElec",11,30,10,"",0.0000020,0,0,0,0,0,0,0,0,0,0,0,0,0,0,0,0,0,0,0,0,164.003,0,23.226,-187.229
"MtrElec",11,30,11,"",0.0000078,0,0,0,0,0,0,0,0,0,0,0,0,0,0,0,0,0,0,0,0,131.282,0,89.0067,-220.288
"MtrElec",11,30,12,"",-15.39,0,0,0,0,0,0,0,0,0,0,0,0,0,0,0,0,0,0,0,0,124.655,0,94.4224,-234.467
"MtrElec",11,30,13,"",0,0,0,0,0,0,0,0,0,0,0,0,0,0,0,0,0,0,0,0,0,143.333,0,84.5142,-227.848
"MtrElec",11,30,14,"",-60.8455,0,0,0,0,0,0,0,0,0,0,0,0,0,0,0,0,0,0,0,0,75.6448,0,61.1292,-197.619
"MtrElec",11,30,15,"",-41.7396,0,0,0,0,0,0,0,0,0,0,0,0,0,0,0,0,0,0,0,0,110.97,0,0,-152.709
"MtrElec",11,30,16,"",6.86131,0,0,0,0,0,0,0,0,0,0,0,0,0,0,0,0,0,0,0,0,93.8253,0,0,-86.964
"MtrElec",11,30,17,"",104.715,0,0,0,0,0,0,0,0,0,0,0,0,0,0,0,0,0,0,0,0,121.235,0,0,-16.5202
"MtrElec",11,30,18,"",155.332,0,0,0,0,0,0,0,0,0,0,0,0,0,0,0,0,0,0,0,0,155.332,0,0,0
"MtrElec",11,30,19,"",65.5551,0,0,0,0,0,0,0,0,0,0,0,0,0,0,0,0,0,0,0,0,159.977,0,-94.4224,0
"MtrElec",11,30,20,"",88.3461,0,0,0,0,0,0,0,0,0,0,0,0,0,0,0,0,0,0,0,0,182.769,0,-94.4224,0
"MtrElec",11,30,21,"",57.2595,0,0,0,0,0,0,0,0,0,0,0,0,0,0,0,0,0,0,0,0,151.682,0,-94.4224,0
"MtrElec",11,30,22,"",85.615,0,0,0,0,0,0,0,0,0,0,0,0,0,0,0,0,0,0,0,0,120.297,0,-34.6821,0
"MtrElec",11,30,23,"",172.024,0,0,0,0,0,0,0,0,0,0,0,0,0,0,0,0,0,0,0,0,172.024,0,0,0
"MtrElec",11,30,24,"",93.6005,0,0,0,0,0,0,0,0,0,0,0,0,0,0,0,0,0,0,0,0,93.6005,0,0,0
"MtrElec",12,1,1,"",82.5018,0,0,0,0,0,0,0,0,0,0,0,0,0,0,0,0,0,0,0,0,82.5018,0,0,0
"MtrElec",12,1,2,"",71.0175,0,0,0,0,0,0,0,0,0,0,0,0,0,0,0,0,0,0,0,0,71.0175,0,0,0
"MtrElec",12,1,3,"",71.3949,0,0,0,0,0,0,0,0,0,0,0,0,0,0,0,0,0,0,0,0,71.3949,0,0,0
"MtrElec",12,1,4,"",72.3469,0,0,0,0,0,0,0,0,0,0,0,0,0,0,0,0,0,0,0,0,72.3469,0,0,0
"MtrElec",12,1,5,"",73.3917,0,0,0,0,0,0,0,0,0,0,0,0,0,0,0,0,0,0,0,0,73.3917,0,0,0
"MtrElec",12,1,6,"",143.201,0,0,0,0,0,0,0,0,0,0,0,0,0,0,0,0,0,0,0,0,143.201,0,0,0
"MtrElec",12,1,7,"",180.154,0,0,0,0,0,0,0,0,0,0,0,0,0,0,0,0,0,0,0,0,180.154,0,0,0
"MtrElec",12,1,8,"",110.868,0,0,0,0,0,0,0,0,0,0,0,0,0,0,0,0,0,0,0,0,178.874,0,0,-68.0067
"MtrElec",12,1,9,"",0,0,0,0,0,0,0,0,0,0,0,0,0,0,0,0,0,0,0,0,0,104.629,0,39.6753,-144.304
"MtrElec",12,1,10,"",0.0000039,0,0,0,0,0,0,0,0,0,0,0,0,0,0,0,0,0,0,0,0,135.653,0,61.4763,-197.129
"MtrElec",12,1,11,"",0,0,0,0,0,0,0,0,0,0,0,0,0,0,0,0,0,0,0,0,0,146.241,0,85.5469,-231.788
"MtrElec",12,1,12,"",-44.9044,0,0,0,0,0,0,0,0,0,0,0,0,0,0,0,0,0,0,0,0,109.374,0,94.4224,-248.701
"MtrElec",12,1,13,"",-19.6887,0,0,0,0,0,0,0,0,0,0,0,0,0,0,0,0,0,0,0,0,153.289,0,71.1775,-244.155
"MtrElec",12,1,14,"",-142.3,0,0,0,0,0,0,0,0,0,0,0,0,0,0,0,0,0,0,0,0,73.72,0,0,-216.02
"MtrElec",12,1,15,"",-90.7536,0,0,0,0,0,0,0,0,0,0,0,0,0,0,0,0,0,0,0,0,75.5499,0,0,-166.304
"MtrElec",12,1,16,"",18.5398,0,0,0,0,0,0,0,0,0,0,0,0,0,0,0,0,0,0,0,0,113.746,0,0,-95.2066
"MtrElec",12,1,17,"",81.3471,0,0,0,0,0,0,0,0,0,0,0,0,0,0,0,0,0,0,0,0,99.7276,0,0,-18.3806
"MtrElec",12,1,18,"",118.525,0,0,0,0,0,0,0,0,0,0,0,0,0,0,0,0,0,0,0,0,118.525,0,0,0
"MtrElec",12,1,19,"",102.584,0,0,0,0,0,0,0,0,0,0,0,0,0,0,0,0,0,0,0,0,197.006,0,-94.4224,0
"MtrElec",12,1,20,"",57.1755,0,0,0,0,0,0,0,0,0,0,0,0,0,0,0,0,0,0,0,0,151.598,0,-94.4224,0
"MtrElec",12,1,21,"",79.983,0,0,0,0,0,0,0,0,0,0,0,0,0,0,0,0,0,0,0,0,174.405,0,-94.4224,0
"MtrElec",12,1,22,"",97.2855,0,0,0,0,0,0,0,0,0,0,0,0,0,0,0,0,0,0,0,0,131.968,0,-34.6821,0
"MtrElec",12,1,23,"",102.538,0,0,0,0,0,0,0,0,0,0,0,0,0,0,0,0,0,0,0,0,102.538,0,0,0
"MtrElec",12,1,24,"",123.012,0,0,0,0,0,0,0,0,0,0,0,0,0,0,0,0,0,0,0,0,123.012,0,0,0
"MtrElec",12,2,1,"",81.286,0,0,0,0,0,0,0,0,0,0,0,0,0,0,0,0,0,0,0,0,81.286,0,0,0
"MtrElec",12,2,2,"",71.6085,0,0,0,0,0,0,0,0,0,0,0,0,0,0,0,0,0,0,0,0,71.6085,0,0,0
"MtrElec",12,2,3,"",72.3295,0,0,0,0,0,0,0,0,0,0,0,0,0,0,0,0,0,0,0,0,72.3295,0,0,0
"MtrElec",12,2,4,"",80.532,0,0,0,0,0,0,0,0,0,0,0,0,0,0,0,0,0,0,0,0,80.532,0,0,0
"MtrElec",12,2,5,"",74.2785,0,0,0,0,0,0,0,0,0,0,0,0,0,0,0,0,0,0,0,0,74.2785,0,0,0
"MtrElec",12,2,6,"",82.9925,0,0,0,0,0,0,0,0,0,0,0,0,0,0,0,0,0,0,0,0,82.9925,0,0,0
"MtrElec",12,2,7,"",171.635,0,0,0,0,0,0,0,0,0,0,0,0,0,0,0,0,0,0,0,0,171.635,0,0,0
"MtrElec",12,2,8,"",83.6733,0,0,0,0,0,0,0,0,0,0,0,0,0,0,0,0,0,0,0,0,147.148,0,0,-63.4742
"MtrElec",12,2,9,"",18.9634,0,0,0,0,0,0,0,0,0,0,0,0,0,0,0,0,0,0,0,0,160.059,0,0,-141.096
"MtrElec",12,2,10,"",0.0000039,0,0,0,0,0,0,0,0,0,0,0,0,0,0,0,0,0,0,0,0,143.287,0,56.6334,-199.92
"MtrElec",12,2,11,"",-18.8986,0,0,0,0,0,0,0,0,0,0,0,0,0,0,0,0,0,0,0,0,122.575,0,94.4224,-235.896
"MtrElec",12,2,12,"",-5.91234,0,0,0,0,0,0,0,0,0,0,0,0,0,0,0,0,0,0,0,0,151.38,0,94.4224,-251.714
"MtrElec",12,2,13,"",0,0,0,0,0,0,0,0,0,0,0,0,0,0,0,0,0,0,0,0,0,172.98,0,72.7458,-245.726
"MtrElec",12,2,14,"",-105.142,0,0,0,0,0,0,0,0,0,0,0,0,0,0,0,0,0,0,0,0,77.3242,0,34.0744,-216.54
"MtrElec",12,2,15,"",-54.055,0,0,0,0,0,0,0,0,0,0,0,0,0,0,0,0,0,0,0,0,112.698,0,0,-166.753
"MtrElec",12,2,16,"",-9.50059,0,0,0,0,0,0,0,0,0,0,0,0,0,0,0,0,0,0,0,0,84.8238,0,0,-94.3243
"MtrElec",12,2,17,"",105.757,0,0,0,0,0,0,0,0,0,0,0,0,0,0,0,0,0,0,0,0,123.511,0,0,-17.7543
"MtrElec",12,2,18,"",179.201,0,0,0,0,0,0,0,0,0,0,0,0,0,0,0,0,0,0,0,0,179.201,0,0,0
"MtrElec",12,2,19,"",59.1239,0,0,0,0,0,0,0,0,0,0,0,0,0,0,0,0,0,0,0,0,153.546,0,-94.4224,0
"MtrElec",12,2,20,"",73.8824,0,0,0,0,0,0,0,0,0,0,0,0,0,0,0,0,0,0,0,0,168.305,0,-94.4224,0
"MtrElec",12,2,21,"",51.0224,0,0,0,0,0,0,0,0,0,0,0,0,0,0,0,0,0,0,0,0,145.445,0,-94.4224,0
"MtrElec",12,2,22,"",91.8906,0,0,0,0,0,0,0,0,0,0,0,0,0,0,0,0,0,0,0,0,126.573,0,-34.6821,0
"MtrElec",12,2,23,"",145.102,0,0,0,0,0,0,0,0,0,0,0,0,0,0,0,0,0,0,0,0,145.102,0,0,0
"MtrElec",12,2,24,"",102.935,0,0,0,0,0,0,0,0,0,0,0,0,0,0,0,0,0,0,0,0,102.935,0,0,0
"MtrElec",12,3,1,"",83.5746,0,0,0,0,0,0,0,0,0,0,0,0,0,0,0,0,0,0,0,0,83.5746,0,0,0
"MtrElec",12,3,2,"",69.6401,0,0,0,0,0,0,0,0,0,0,0,0,0,0,0,0,0,0,0,0,69.6401,0,0,0
"MtrElec",12,3,3,"",69.3958,0,0,0,0,0,0,0,0,0,0,0,0,0,0,0,0,0,0,0,0,69.3958,0,0,0
"MtrElec",12,3,4,"",69.1166,0,0,0,0,0,0,0,0,0,0,0,0,0,0,0,0,0,0,0,0,69.1166,0,0,0
"MtrElec",12,3,5,"",68.6857,0,0,0,0,0,0,0,0,0,0,0,0,0,0,0,0,0,0,0,0,68.6857,0,0,0
"MtrElec",12,3,6,"",83.5619,0,0,0,0,0,0,0,0,0,0,0,0,0,0,0,0,0,0,0,0,83.5619,0,0,0
"MtrElec",12,3,7,"",137.236,0,0,0,0,0,0,0,0,0,0,0,0,0,0,0,0,0,0,0,0,137.236,0,0,0
"MtrElec",12,3,8,"",79.1691,0,0,0,0,0,0,0,0,0,0,0,0,0,0,0,0,0,0,0,0,143.868,0,0,-64.699
"MtrElec",12,3,9,"",9.58584,0,0,0,0,0,0,0,0,0,0,0,0,0,0,0,0,0,0,0,0,151.081,0,0,-141.495
"MtrElec",12,3,10,"",0.0000039,0,0,0,0,0,0,0,0,0,0,0,0,0,0,0,0,0,0,0,0,136.502,0,64.4647,-200.967
"MtrElec",12,3,11,"",-51.3093,0,0,0,0,0,0,0,0,0,0,0,0,0,0,0,0,0,0,0,0,91.2805,0,94.4224,-237.012
"MtrElec",12,3,12,"",-23.7392,0,0,0,0,0,0,0,0,0,0,0,0,0,0,0,0,0,0,0,0,133.902,0,94.4224,-252.064
"MtrElec",12,3,13,"",-31.2877,0,0,0,0,0,0,0,0,0,0,0,0,0,0,0,0,0,0,0,0,118.511,0,94.4224,-244.222
"MtrElec",12,3,14,"",-126.218,0,0,0,0,0,0,0,0,0,0,0,0,0,0,0,0,0,0,0,0,83.6329,0,4.56647,-214.418
"MtrElec",12,3,15,"",-55.711,0,0,0,0,0,0,0,0,0,0,0,0,0,0,0,0,0,0,0,0,109.561,0,0,-165.272
"MtrElec",12,3,16,"",-10.8971,0,0,0,0,0,0,0,0,0,0,0,0,0,0,0,0,0,0,0,0,83.3654,0,0,-94.2625
"MtrElec",12,3,17,"",93.871,0,0,0,0,0,0,0,0,0,0,0,0,0,0,0,0,0,0,0,0,112.192,0,0,-18.3208
"MtrElec",12,3,18,"",161.626,0,0,0,0,0,0,0,0,0,0,0,0,0,0,0,0,0,0,0,0,161.626,0,0,0
"MtrElec",12,3,19,"",44.9447,0,0,0,0,0,0,0,0,0,0,0,0,0,0,0,0,0,0,0,0,139.367,0,-94.4224,0
"MtrElec",12,3,20,"",114.099,0,0,0,0,0,0,0,0,0,0,0,0,0,0,0,0,0,0,0,0,208.521,0,-94.4224,0
"MtrElec",12,3,21,"",41.0958,0,0,0,0,0,0,0,0,0,0,0,0,0,0,0,0,0,0,0,0,135.518,0,-94.4224,0
"MtrElec",12,3,22,"",97.2425,0,0,0,0,0,0,0,0,0,0,0,0,0,0,0,0,0,0,0,0,131.925,0,-34.6821,0
"MtrElec",12,3,23,"",190.091,0,0,0,0,0,0,0,0,0,0,0,0,0,0,0,0,0,0,0,0,190.091,0,0,0
"MtrElec",12,3,24,"",129.285,0,0,0,0,0,0,0,0,0,0,0,0,0,0,0,0,0,0,0,0,129.285,0,0,0
"MtrElec",12,4,1,"",77.7224,0,0,0,0,0,0,0,0,0,0,0,0,0,0,0,0,0,0,0,0,77.7224,0,0,0
"MtrElec",12,4,2,"",70.3515,0,0,0,0,0,0,0,0,0,0,0,0,0,0,0,0,0,0,0,0,70.3515,0,0,0
"MtrElec",12,4,3,"",70.7842,0,0,0,0,0,0,0,0,0,0,0,0,0,0,0,0,0,0,0,0,70.7842,0,0,0
"MtrElec",12,4,4,"",72.4326,0,0,0,0,0,0,0,0,0,0,0,0,0,0,0,0,0,0,0,0,72.4326,0,0,0
"MtrElec",12,4,5,"",74.4635,0,0,0,0,0,0,0,0,0,0,0,0,0,0,0,0,0,0,0,0,74.4635,0,0,0
"MtrElec",12,4,6,"",80.8759,0,0,0,0,0,0,0,0,0,0,0,0,0,0,0,0,0,0,0,0,80.8759,0,0,0
"MtrElec",12,4,7,"",161.11,0,0,0,0,0,0,0,0,0,0,0,0,0,0,0,0,0,0,0,0,161.11,0,0,0
"MtrElec",12,4,8,"",123.574,0,0,0,0,0,0,0,0,0,0,0,0,0,0,0,0,0,0,0,0,183.572,0,0,-59.9978
"MtrElec",12,4,9,"",32.968,0,0,0,0,0,0,0,0,0,0,0,0,0,0,0,0,0,0,0,0,165.254,0,0,-132.286
"MtrElec",12,4,10,"",0,0,0,0,0,0,0,0,0,0,0,0,0,0,0,0,0,0,0,0,0,157.461,0,29.2441,-186.706
"MtrElec",12,4,11,"",0,0,0,0,0,0,0,0,0,0,0,0,0,0,0,0,0,0,0,0,0,165.359,0,57.8078,-223.167
"MtrElec",12,4,12,"",0,0,0,0,0,0,0,0,0,0,0,0,0,0,0,0,0,0,0,0,0,113.849,0,90.6842,-204.533
"MtrElec",12,4,13,"",32.0213,0,0,0,0,0,0,0,0,0,0,0,0,0,0,0,0,0,0,0,0,141.026,0,0,-109.005
"MtrElec",12,4,14,"",0,0,0,0,0,0,0,0,0,0,0,0,0,0,0,0,0,0,0,0,0,73.9694,0,31.9654,-105.935
"MtrElec",12,4,15,"",31.9653,0,0,0,0,0,0,0,0,0,0,0,0,0,0,0,0,0,0,0,0,76.0894,0,0,-44.1241
"MtrElec",12,4,16,"",76.976,0,0,0,0,0,0,0,0,0,0,0,0,0,0,0,0,0,0,0,0,85.8354,0,0,-8.85941
"MtrElec",12,4,17,"",110.504,0,0,0,0,0,0,0,0,0,0,0,0,0,0,0,0,0,0,0,0,110.504,0,0,0
"MtrElec",12,4,18,"",152.361,0,0,0,0,0,0,0,0,0,0,0,0,0,0,0,0,0,0,0,0,152.361,0,0,0
"MtrElec",12,4,19,"",42.3283,0,0,0,0,0,0,0,0,0,0,0,0,0,0,0,0,0,0,0,0,136.751,0,-94.4224,0
"MtrElec",12,4,20,"",66.0236,0,0,0,0,0,0,0,0,0,0,0,0,0,0,0,0,0,0,0,0,160.446,0,-94.4224,0
"MtrElec",12,4,21,"",194.468,0,0,0,0,0,0,0,0,0,0,0,0,0,0,0,0,0,0,0,0,194.878,0,-0.410695,0
"MtrElec",12,4,22,"",113.529,0,0,0,0,0,0,0,0,0,0,0,0,0,0,0,0,0,0,0,0,113.529,0,0,0
"MtrElec",12,4,23,"",157.486,0,0,0,0,0,0,0,0,0,0,0,0,0,0,0,0,0,0,0,0,157.486,0,0,0
"MtrElec",12,4,24,"",121.149,0,0,0,0,0,0,0,0,0,0,0,0,0,0,0,0,0,0,0,0,121.149,0,0,0
"MtrElec",12,5,1,"",73.853,0,0,0,0,0,0,0,0,0,0,0,0,0,0,0,0,0,0,0,0,73.853,0,0,0
"MtrElec",12,5,2,"",70.7705,0,0,0,0,0,0,0,0,0,0,0,0,0,0,0,0,0,0,0,0,70.7705,0,0,0
"MtrElec",12,5,3,"",71.8702,0,0,0,0,0,0,0,0,0,0,0,0,0,0,0,0,0,0,0,0,71.8702,0,0,0
"MtrElec",12,5,4,"",94.4852,0,0,0,0,0,0,0,0,0,0,0,0,0,0,0,0,0,0,0,0,94.4852,0,0,0
"MtrElec",12,5,5,"",103.349,0,0,0,0,0,0,0,0,0,0,0,0,0,0,0,0,0,0,0,0,103.349,0,0,0
"MtrElec",12,5,6,"",73.9179,0,0,0,0,0,0,0,0,0,0,0,0,0,0,0,0,0,0,0,0,73.9179,0,0,0
"MtrElec",12,5,7,"",85.4045,0,0,0,0,0,0,0,0,0,0,0,0,0,0,0,0,0,0,0,0,85.4045,0,0,0
"MtrElec",12,5,8,"",127.276,0,0,0,0,0,0,0,0,0,0,0,0,0,0,0,0,0,0,0,0,130.153,0,0,-2.87669
"MtrElec",12,5,9,"",89.6299,0,0,0,0,0,0,0,0,0,0,0,0,0,0,0,0,0,0,0,0,103.5,0,0,-13.8702
"MtrElec",12,5,10,"",138.319,0,0,0,0,0,0,0,0,0,0,0,0,0,0,0,0,0,0,0,0,153.997,0,0,-15.6783
"MtrElec",12,5,11,"",158.822,0,0,0,0,0,0,0,0,0,0,0,0,0,0,0,0,0,0,0,0,190.318,0,0,-31.496
"MtrElec",12,5,12,"",123.128,0,0,0,0,0,0,0,0,0,0,0,0,0,0,0,0,0,0,0,0,181.472,0,0,-58.344
"MtrElec",12,5,13,"",151.928,0,0,0,0,0,0,0,0,0,0,0,0,0,0,0,0,0,0,0,0,185.026,0,0,-33.098
"MtrElec",12,5,14,"",104.392,0,0,0,0,0,0,0,0,0,0,0,0,0,0,0,0,0,0,0,0,121.491,0,0,-17.0985
"MtrElec",12,5,15,"",139.424,0,0,0,0,0,0,0,0,0,0,0,0,0,0,0,0,0,0,0,0,159.491,0,0,-20.0672
"MtrElec",12,5,16,"",107.94,0,0,0,0,0,0,0,0,0,0,0,0,0,0,0,0,0,0,0,0,113.132,0,0,-5.19159
"MtrElec",12,5,17,"",133.802,0,0,0,0,0,0,0,0,0,0,0,0,0,0,0,0,0,0,0,0,133.802,0,0,0
"MtrElec",12,5,18,"",179.6,0,0,0,0,0,0,0,0,0,0,0,0,0,0,0,0,0,0,0,0,179.6,0,0,0
"MtrElec",12,5,19,"",185.253,0,0,0,0,0,0,0,0,0,0,0,0,0,0,0,0,0,0,0,0,185.253,0,0,0
"MtrElec",12,5,20,"",192.101,0,0,0,0,0,0,0,0,0,0,0,0,0,0,0,0,0,0,0,0,192.101,0,0,0
"MtrElec",12,5,21,"",206.401,0,0,0,0,0,0,0,0,0,0,0,0,0,0,0,0,0,0,0,0,206.401,0,0,0
"MtrElec",12,5,22,"",210.696,0,0,0,0,0,0,0,0,0,0,0,0,0,0,0,0,0,0,0,0,210.696,0,0,0
"MtrElec",12,5,23,"",159.248,0,0,0,0,0,0,0,0,0,0,0,0,0,0,0,0,0,0,0,0,159.248,0,0,0
"MtrElec",12,5,24,"",149.188,0,0,0,0,0,0,0,0,0,0,0,0,0,0,0,0,0,0,0,0,149.188,0,0,0
"MtrElec",12,6,1,"",94.6388,0,0,0,0,0,0,0,0,0,0,0,0,0,0,0,0,0,0,0,0,94.6388,0,0,0
"MtrElec",12,6,2,"",83.6848,0,0,0,0,0,0,0,0,0,0,0,0,0,0,0,0,0,0,0,0,83.6848,0,0,0
"MtrElec",12,6,3,"",84.0953,0,0,0,0,0,0,0,0,0,0,0,0,0,0,0,0,0,0,0,0,84.0953,0,0,0
"MtrElec",12,6,4,"",86.5162,0,0,0,0,0,0,0,0,0,0,0,0,0,0,0,0,0,0,0,0,86.5162,0,0,0
"MtrElec",12,6,5,"",87.3644,0,0,0,0,0,0,0,0,0,0,0,0,0,0,0,0,0,0,0,0,87.3644,0,0,0
"MtrElec",12,6,6,"",89.1343,0,0,0,0,0,0,0,0,0,0,0,0,0,0,0,0,0,0,0,0,89.1343,0,0,0
"MtrElec",12,6,7,"",118.601,0,0,0,0,0,0,0,0,0,0,0,0,0,0,0,0,0,0,0,0,118.601,0,0,0
"MtrElec",12,6,8,"",131.964,0,0,0,0,0,0,0,0,0,0,0,0,0,0,0,0,0,0,0,0,194.009,0,0,-62.0452
"MtrElec",12,6,9,"",111.243,0,0,0,0,0,0,0,0,0,0,0,0,0,0,0,0,0,0,0,0,170.021,0,0,-58.7784
"MtrElec",12,6,10,"",0,0,0,0,0,0,0,0,0,0,0,0,0,0,0,0,0,0,0,0,0,158.069,0,3.34337,-161.413
"MtrElec",12,6,11,"",48.0146,0,0,0,0,0,0,0,0,0,0,0,0,0,0,0,0,0,0,0,0,159.144,0,0,-111.129
"MtrElec",12,6,12,"",123.346,0,0,0,0,0,0,0,0,0,0,0,0,0,0,0,0,0,0,0,0,152.401,0,0,-29.0552
"MtrElec",12,6,13,"",47.9366,0,0,0,0,0,0,0,0,0,0,0,0,0,0,0,0,0,0,0,0,153.105,0,0,-105.169
"MtrElec",12,6,14,"",106.646,0,0,0,0,0,0,0,0,0,0,0,0,0,0,0,0,0,0,0,0,139.413,0,0,-32.7668
"MtrElec",12,6,15,"",92.5456,0,0,0,0,0,0,0,0,0,0,0,0,0,0,0,0,0,0,0,0,116.776,0,0,-24.2304
"MtrElec",12,6,16,"",102.024,0,0,0,0,0,0,0,0,0,0,0,0,0,0,0,0,0,0,0,0,128.712,0,0,-26.6883
"MtrElec",12,6,17,"",128.431,0,0,0,0,0,0,0,0,0,0,0,0,0,0,0,0,0,0,0,0,134.665,0,0,-6.23407
"MtrElec",12,6,18,"",118.725,0,0,0,0,0,0,0,0,0,0,0,0,0,0,0,0,0,0,0,0,118.725,0,0,0
"MtrElec",12,6,19,"",183.081,0,0,0,0,0,0,0,0,0,0,0,0,0,0,0,0,0,0,0,0,186.099,0,-3.0174,0
"MtrElec",12,6,20,"",196.686,0,0,0,0,0,0,0,0,0,0,0,0,0,0,0,0,0,0,0,0,196.686,0,0,0
"MtrElec",12,6,21,"",173.286,0,0,0,0,0,0,0,0,0,0,0,0,0,0,0,0,0,0,0,0,173.286,0,0,0
"MtrElec",12,6,22,"",205.187,0,0,0,0,0,0,0,0,0,0,0,0,0,0,0,0,0,0,0,0,205.187,0,0,0
"MtrElec",12,6,23,"",111.916,0,0,0,0,0,0,0,0,0,0,0,0,0,0,0,0,0,0,0,0,111.916,0,0,0
"MtrElec",12,6,24,"",102.033,0,0,0,0,0,0,0,0,0,0,0,0,0,0,0,0,0,0,0,0,102.033,0,0,0
"MtrElec",12,7,1,"",90.8963,0,0,0,0,0,0,0,0,0,0,0,0,0,0,0,0,0,0,0,0,90.8963,0,0,0
"MtrElec",12,7,2,"",90.6844,0,0,0,0,0,0,0,0,0,0,0,0,0,0,0,0,0,0,0,0,90.6844,0,0,0
"MtrElec",12,7,3,"",92.4796,0,0,0,0,0,0,0,0,0,0,0,0,0,0,0,0,0,0,0,0,92.4796,0,0,0
"MtrElec",12,7,4,"",151.763,0,0,0,0,0,0,0,0,0,0,0,0,0,0,0,0,0,0,0,0,151.763,0,0,0
"MtrElec",12,7,5,"",109.555,0,0,0,0,0,0,0,0,0,0,0,0,0,0,0,0,0,0,0,0,109.555,0,0,0
"MtrElec",12,7,6,"",93.9045,0,0,0,0,0,0,0,0,0,0,0,0,0,0,0,0,0,0,0,0,93.9045,0,0,0
"MtrElec",12,7,7,"",108.73,0,0,0,0,0,0,0,0,0,0,0,0,0,0,0,0,0,0,0,0,108.73,0,0,0
"MtrElec",12,7,8,"",142.996,0,0,0,0,0,0,0,0,0,0,0,0,0,0,0,0,0,0,0,0,160.639,0,0,-17.6439
"MtrElec",12,7,9,"",105.99,0,0,0,0,0,0,0,0,0,0,0,0,0,0,0,0,0,0,0,0,153.201,0,0,-47.2102
"MtrElec",12,7,10,"",61.88,0,0,0,0,0,0,0,0,0,0,0,0,0,0,0,0,0,0,0,0,164.418,0,0,-102.538
"MtrElec",12,7,11,"",79.4295,0,0,0,0,0,0,0,0,0,0,0,0,0,0,0,0,0,0,0,0,163.721,0,0,-84.2914
"MtrElec",12,7,12,"",73.1205,0,0,0,0,0,0,0,0,0,0,0,0,0,0,0,0,0,0,0,0,130.855,0,0,-57.7341
"MtrElec",12,7,13,"",37.5332,0,0,0,0,0,0,0,0,0,0,0,0,0,0,0,0,0,0,0,0,139.79,0,0,-102.257
"MtrElec",12,7,14,"",0.0000020,0,0,0,0,0,0,0,0,0,0,0,0,0,0,0,0,0,0,0,0,83.7745,0,19.072,-102.847
"MtrElec",12,7,15,"",62.7152,0,0,0,0,0,0,0,0,0,0,0,0,0,0,0,0,0,0,0,0,111.275,0,0,-48.5598
"MtrElec",12,7,16,"",93.3615,0,0,0,0,0,0,0,0,0,0,0,0,0,0,0,0,0,0,0,0,105.106,0,0,-11.7443
"MtrElec",12,7,17,"",105.014,0,0,0,0,0,0,0,0,0,0,0,0,0,0,0,0,0,0,0,0,105.014,0,0,0
"MtrElec",12,7,18,"",128.024,0,0,0,0,0,0,0,0,0,0,0,0,0,0,0,0,0,0,0,0,128.024,0,0,0
"MtrElec",12,7,19,"",154.63,0,0,0,0,0,0,0,0,0,0,0,0,0,0,0,0,0,0,0,0,171.842,0,-17.2125,0
"MtrElec",12,7,20,"",148.411,0,0,0,0,0,0,0,0,0,0,0,0,0,0,0,0,0,0,0,0,148.411,0,0,0
"MtrElec",12,7,21,"",184.11,0,0,0,0,0,0,0,0,0,0,0,0,0,0,0,0,0,0,0,0,184.11,0,0,0
"MtrElec",12,7,22,"",135.482,0,0,0,0,0,0,0,0,0,0,0,0,0,0,0,0,0,0,0,0,135.482,0,0,0
"MtrElec",12,7,23,"",105.949,0,0,0,0,0,0,0,0,0,0,0,0,0,0,0,0,0,0,0,0,105.949,0,0,0
"MtrElec",12,7,24,"",120.646,0,0,0,0,0,0,0,0,0,0,0,0,0,0,0,0,0,0,0,0,120.646,0,0,0
"MtrElec",12,8,1,"",86.3527,0,0,0,0,0,0,0,0,0,0,0,0,0,0,0,0,0,0,0,0,86.3527,0,0,0
"MtrElec",12,8,2,"",76.6745,0,0,0,0,0,0,0,0,0,0,0,0,0,0,0,0,0,0,0,0,76.6745,0,0,0
"MtrElec",12,8,3,"",74.0103,0,0,0,0,0,0,0,0,0,0,0,0,0,0,0,0,0,0,0,0,74.0103,0,0,0
"MtrElec",12,8,4,"",73.0904,0,0,0,0,0,0,0,0,0,0,0,0,0,0,0,0,0,0,0,0,73.0904,0,0,0
"MtrElec",12,8,5,"",72.8325,0,0,0,0,0,0,0,0,0,0,0,0,0,0,0,0,0,0,0,0,72.8325,0,0,0
"MtrElec",12,8,6,"",80.3979,0,0,0,0,0,0,0,0,0,0,0,0,0,0,0,0,0,0,0,0,80.3979,0,0,0
"MtrElec",12,8,7,"",138.022,0,0,0,0,0,0,0,0,0,0,0,0,0,0,0,0,0,0,0,0,138.022,0,0,0
"MtrElec",12,8,8,"",110.425,0,0,0,0,0,0,0,0,0,0,0,0,0,0,0,0,0,0,0,0,144.818,0,0,-34.3933
"MtrElec",12,8,9,"",101.694,0,0,0,0,0,0,0,0,0,0,0,0,0,0,0,0,0,0,0,0,163.144,0,0,-61.4496
"MtrElec",12,8,10,"",31.5477,0,0,0,0,0,0,0,0,0,0,0,0,0,0,0,0,0,0,0,0,182.312,0,0,-150.765
"MtrElec",12,8,11,"",43.8883,0,0,0,0,0,0,0,0,0,0,0,0,0,0,0,0,0,0,0,0,126.945,0,0,-83.0566
"MtrElec",12,8,12,"",37.7619,0,0,0,0,0,0,0,0,0,0,0,0,0,0,0,0,0,0,0,0,107.814,0,0,-70.0525
"MtrElec",12,8,13,"",47.4347,0,0,0,0,0,0,0,0,0,0,0,0,0,0,0,0,0,0,0,0,134.309,0,0,-86.8746
"MtrElec",12,8,14,"",0,0,0,0,0,0,0,0,0,0,0,0,0,0,0,0,0,0,0,0,0,92.9521,0,81.2016,-174.154
"MtrElec",12,8,15,"",0,0,0,0,0,0,0,0,0,0,0,0,0,0,0,0,0,0,0,0,0,97.7121,0,48.1888,-145.901
"MtrElec",12,8,16,"",47.8043,0,0,0,0,0,0,0,0,0,0,0,0,0,0,0,0,0,0,0,0,129.07,0,0,-81.2654
"MtrElec",12,8,17,"",112.468,0,0,0,0,0,0,0,0,0,0,0,0,0,0,0,0,0,0,0,0,123.294,0,0,-10.8263
"MtrElec",12,8,18,"",163.788,0,0,0,0,0,0,0,0,0,0,0,0,0,0,0,0,0,0,0,0,163.788,0,0,0
"MtrElec",12,8,19,"",71.499,0,0,0,0,0,0,0,0,0,0,0,0,0,0,0,0,0,0,0,0,165.921,0,-94.4224,0
"MtrElec",12,8,20,"",163.166,0,0,0,0,0,0,0,0,0,0,0,0,0,0,0,0,0,0,0,0,185.518,0,-22.3524,0
"MtrElec",12,8,21,"",148.655,0,0,0,0,0,0,0,0,0,0,0,0,0,0,0,0,0,0,0,0,148.655,0,0,0
"MtrElec",12,8,22,"",166.996,0,0,0,0,0,0,0,0,0,0,0,0,0,0,0,0,0,0,0,0,166.996,0,0,0
"MtrElec",12,8,23,"",153.335,0,0,0,0,0,0,0,0,0,0,0,0,0,0,0,0,0,0,0,0,153.335,0,0,0
"MtrElec",12,8,24,"",88.3052,0,0,0,0,0,0,0,0,0,0,0,0,0,0,0,0,0,0,0,0,88.3052,0,0,0
"MtrElec",12,9,1,"",75.5373,0,0,0,0,0,0,0,0,0,0,0,0,0,0,0,0,0,0,0,0,75.5373,0,0,0
"MtrElec",12,9,2,"",70.6589,0,0,0,0,0,0,0,0,0,0,0,0,0,0,0,0,0,0,0,0,70.6589,0,0,0
"MtrElec",12,9,3,"",102.668,0,0,0,0,0,0,0,0,0,0,0,0,0,0,0,0,0,0,0,0,102.668,0,0,0
"MtrElec",12,9,4,"",83.6998,0,0,0,0,0,0,0,0,0,0,0,0,0,0,0,0,0,0,0,0,83.6998,0,0,0
"MtrElec",12,9,5,"",70.7531,0,0,0,0,0,0,0,0,0,0,0,0,0,0,0,0,0,0,0,0,70.7531,0,0,0
"MtrElec",12,9,6,"",70.7517,0,0,0,0,0,0,0,0,0,0,0,0,0,0,0,0,0,0,0,0,70.7517,0,0,0
"MtrElec",12,9,7,"",114.134,0,0,0,0,0,0,0,0,0,0,0,0,0,0,0,0,0,0,0,0,114.134,0,0,0
"MtrElec",12,9,8,"",99.2229,0,0,0,0,0,0,0,0,0,0,0,0,0,0,0,0,0,0,0,0,137.21,0,0,-37.9868
"MtrElec",12,9,9,"",32.2589,0,0,0,0,0,0,0,0,0,0,0,0,0,0,0,0,0,0,0,0,142.281,0,0,-110.022
"MtrElec",12,9,10,"",0,0,0,0,0,0,0,0,0,0,0,0,0,0,0,0,0,0,0,0,0,109.619,0,74.965,-184.584
"MtrElec",12,9,11,"",0,0,0,0,0,0,0,0,0,0,0,0,0,0,0,0,0,0,0,0,0,155.472,0,60.6838,-216.156
"MtrElec",12,9,12,"",-39.1271,0,0,0,0,0,0,0,0,0,0,0,0,0,0,0,0,0,0,0,0,96.6403,0,94.4224,-230.19
"MtrElec",12,9,13,"",-3.42823,0,0,0,0,0,0,0,0,0,0,0,0,0,0,0,0,0,0,0,0,125.726,0,94.4224,-223.577
"MtrElec",12,9,14,"",-74.4617,0,0,0,0,0,0,0,0,0,0,0,0,0,0,0,0,0,0,0,0,89.9949,0,27.8048,-192.261
"MtrElec",12,9,15,"",-74.0199,0,0,0,0,0,0,0,0,0,0,0,0,0,0,0,0,0,0,0,0,79.1081,0,0,-153.128
"MtrElec",12,9,16,"",17.8193,0,0,0,0,0,0,0,0,0,0,0,0,0,0,0,0,0,0,0,0,107.074,0,0,-89.2547
"MtrElec",12,9,17,"",81.5911,0,0,0,0,0,0,0,0,0,0,0,0,0,0,0,0,0,0,0,0,99.3888,0,0,-17.7978
"MtrElec",12,9,18,"",140.208,0,0,0,0,0,0,0,0,0,0,0,0,0,0,0,0,0,0,0,0,140.208,0,0,0
"MtrElec",12,9,19,"",72.048,0,0,0,0,0,0,0,0,0,0,0,0,0,0,0,0,0,0,0,0,166.47,0,-94.4224,0
"MtrElec",12,9,20,"",56.9036,0,0,0,0,0,0,0,0,0,0,0,0,0,0,0,0,0,0,0,0,151.326,0,-94.4224,0
"MtrElec",12,9,21,"",115.761,0,0,0,0,0,0,0,0,0,0,0,0,0,0,0,0,0,0,0,0,210.183,0,-94.4224,0
"MtrElec",12,9,22,"",111.058,0,0,0,0,0,0,0,0,0,0,0,0,0,0,0,0,0,0,0,0,145.74,0,-34.6821,0
"MtrElec",12,9,23,"",115.092,0,0,0,0,0,0,0,0,0,0,0,0,0,0,0,0,0,0,0,0,115.092,0,0,0
"MtrElec",12,9,24,"",128.739,0,0,0,0,0,0,0,0,0,0,0,0,0,0,0,0,0,0,0,0,128.739,0,0,0
"MtrElec",12,10,1,"",83.031,0,0,0,0,0,0,0,0,0,0,0,0,0,0,0,0,0,0,0,0,83.031,0,0,0
"MtrElec",12,10,2,"",69.2685,0,0,0,0,0,0,0,0,0,0,0,0,0,0,0,0,0,0,0,0,69.2685,0,0,0
"MtrElec",12,10,3,"",68.7498,0,0,0,0,0,0,0,0,0,0,0,0,0,0,0,0,0,0,0,0,68.7498,0,0,0
"MtrElec",12,10,4,"",75.7516,0,0,0,0,0,0,0,0,0,0,0,0,0,0,0,0,0,0,0,0,75.7516,0,0,0
"MtrElec",12,10,5,"",68.0807,0,0,0,0,0,0,0,0,0,0,0,0,0,0,0,0,0,0,0,0,68.0807,0,0,0
"MtrElec",12,10,6,"",73.3023,0,0,0,0,0,0,0,0,0,0,0,0,0,0,0,0,0,0,0,0,73.3023,0,0,0
"MtrElec",12,10,7,"",129.451,0,0,0,0,0,0,0,0,0,0,0,0,0,0,0,0,0,0,0,0,129.451,0,0,0
"MtrElec",12,10,8,"",81.7905,0,0,0,0,0,0,0,0,0,0,0,0,0,0,0,0,0,0,0,0,137.88,0,0,-56.0893
"MtrElec",12,10,9,"",0,0,0,0,0,0,0,0,0,0,0,0,0,0,0,0,0,0,0,0,0,128.054,0,0.637102,-128.691
"MtrElec",12,10,10,"",0,0,0,0,0,0,0,0,0,0,0,0,0,0,0,0,0,0,0,0,0,125.796,0,59.0007,-184.797
"MtrElec",12,10,11,"",0,0,0,0,0,0,0,0,0,0,0,0,0,0,0,0,0,0,0,0,0,146.051,0,72.962,-219.013
"MtrElec",12,10,12,"",-7.30141,0,0,0,0,0,0,0,0,0,0,0,0,0,0,0,0,0,0,0,0,130.187,0,94.4224,-231.911
"MtrElec",12,10,13,"",-21.5625,0,0,0,0,0,0,0,0,0,0,0,0,0,0,0,0,0,0,0,0,110.83,0,94.4224,-226.815
"MtrElec",12,10,14,"",-60.3129,0,0,0,0,0,0,0,0,0,0,0,0,0,0,0,0,0,0,0,0,111.272,0,30.8539,-202.439
"MtrElec",12,10,15,"",-62.6146,0,0,0,0,0,0,0,0,0,0,0,0,0,0,0,0,0,0,0,0,93.5295,0,0,-156.144
"MtrElec",12,10,16,"",26.4794,0,0,0,0,0,0,0,0,0,0,0,0,0,0,0,0,0,0,0,0,117.462,0,0,-90.9821
"MtrElec",12,10,17,"",110.716,0,0,0,0,0,0,0,0,0,0,0,0,0,0,0,0,0,0,0,0,130.07,0,0,-19.3545
"MtrElec",12,10,18,"",167.18,0,0,0,0,0,0,0,0,0,0,0,0,0,0,0,0,0,0,0,0,167.18,0,0,0
"MtrElec",12,10,19,"",85.815,0,0,0,0,0,0,0,0,0,0,0,0,0,0,0,0,0,0,0,0,180.237,0,-94.4224,0
"MtrElec",12,10,20,"",72.3288,0,0,0,0,0,0,0,0,0,0,0,0,0,0,0,0,0,0,0,0,166.751,0,-94.4224,0
"MtrElec",12,10,21,"",67.574,0,0,0,0,0,0,0,0,0,0,0,0,0,0,0,0,0,0,0,0,161.996,0,-94.4224,0
"MtrElec",12,10,22,"",116.049,0,0,0,0,0,0,0,0,0,0,0,0,0,0,0,0,0,0,0,0,150.731,0,-34.6821,0
"MtrElec",12,10,23,"",113.793,0,0,0,0,0,0,0,0,0,0,0,0,0,0,0,0,0,0,0,0,113.793,0,0,0
"MtrElec",12,10,24,"",114.807,0,0,0,0,0,0,0,0,0,0,0,0,0,0,0,0,0,0,0,0,114.807,0,0,0
"MtrElec",12,11,1,"",75.0343,0,0,0,0,0,0,0,0,0,0,0,0,0,0,0,0,0,0,0,0,75.0343,0,0,0
"MtrElec",12,11,2,"",67.5099,0,0,0,0,0,0,0,0,0,0,0,0,0,0,0,0,0,0,0,0,67.5099,0,0,0
"MtrElec",12,11,3,"",67.532,0,0,0,0,0,0,0,0,0,0,0,0,0,0,0,0,0,0,0,0,67.532,0,0,0
"MtrElec",12,11,4,"",69.5415,0,0,0,0,0,0,0,0,0,0,0,0,0,0,0,0,0,0,0,0,69.5415,0,0,0
"MtrElec",12,11,5,"",69.4517,0,0,0,0,0,0,0,0,0,0,0,0,0,0,0,0,0,0,0,0,69.4517,0,0,0
"MtrElec",12,11,6,"",70.8896,0,0,0,0,0,0,0,0,0,0,0,0,0,0,0,0,0,0,0,0,70.8896,0,0,0
"MtrElec",12,11,7,"",118.05,0,0,0,0,0,0,0,0,0,0,0,0,0,0,0,0,0,0,0,0,118.05,0,0,0
"MtrElec",12,11,8,"",90.8561,0,0,0,0,0,0,0,0,0,0,0,0,0,0,0,0,0,0,0,0,148.018,0,0,-57.1618
"MtrElec",12,11,9,"",22.8354,0,0,0,0,0,0,0,0,0,0,0,0,0,0,0,0,0,0,0,0,151.157,0,0,-128.322
"MtrElec",12,11,10,"",0,0,0,0,0,0,0,0,0,0,0,0,0,0,0,0,0,0,0,0,0,106.712,0,72.635,-179.347
"MtrElec",12,11,11,"",0.0000039,0,0,0,0,0,0,0,0,0,0,0,0,0,0,0,0,0,0,0,0,162.492,0,43.6495,-206.141
"MtrElec",12,11,12,"",-41.0317,0,0,0,0,0,0,0,0,0,0,0,0,0,0,0,0,0,0,0,0,86.3363,0,94.4224,-221.791
"MtrElec",12,11,13,"",-39.3043,0,0,0,0,0,0,0,0,0,0,0,0,0,0,0,0,0,0,0,0,81.4857,0,94.4224,-215.212
"MtrElec",12,11,14,"",-37.4376,0,0,0,0,0,0,0,0,0,0,0,0,0,0,0,0,0,0,0,0,102.993,0,47.1692,-187.599
"MtrElec",12,11,15,"",-65.5977,0,0,0,0,0,0,0,0,0,0,0,0,0,0,0,0,0,0,0,0,80.491,0,0,-146.089
"MtrElec",12,11,16,"",-2.40363,0,0,0,0,0,0,0,0,0,0,0,0,0,0,0,0,0,0,0,0,84.4037,0,0,-86.8073
"MtrElec",12,11,17,"",110.097,0,0,0,0,0,0,0,0,0,0,0,0,0,0,0,0,0,0,0,0,128.858,0,0,-18.7612
"MtrElec",12,11,18,"",155.517,0,0,0,0,0,0,0,0,0,0,0,0,0,0,0,0,0,0,0,0,155.517,0,0,0
"MtrElec",12,11,19,"",40.2107,0,0,0,0,0,0,0,0,0,0,0,0,0,0,0,0,0,0,0,0,134.633,0,-94.4224,0
"MtrElec",12,11,20,"",66.1993,0,0,0,0,0,0,0,0,0,0,0,0,0,0,0,0,0,0,0,0,160.622,0,-94.4224,0
"MtrElec",12,11,21,"",90.0276,0,0,0,0,0,0,0,0,0,0,0,0,0,0,0,0,0,0,0,0,184.45,0,-94.4224,0
"MtrElec",12,11,22,"",77.9179,0,0,0,0,0,0,0,0,0,0,0,0,0,0,0,0,0,0,0,0,112.6,0,-34.6821,0
"MtrElec",12,11,23,"",159.748,0,0,0,0,0,0,0,0,0,0,0,0,0,0,0,0,0,0,0,0,159.748,0,0,0
"MtrElec",12,11,24,"",112.036,0,0,0,0,0,0,0,0,0,0,0,0,0,0,0,0,0,0,0,0,112.036,0,0,0
"MtrElec",12,12,1,"",84.9237,0,0,0,0,0,0,0,0,0,0,0,0,0,0,0,0,0,0,0,0,84.9237,0,0,0
"MtrElec",12,12,2,"",68.2476,0,0,0,0,0,0,0,0,0,0,0,0,0,0,0,0,0,0,0,0,68.2476,0,0,0
"MtrElec",12,12,3,"",67.37,0,0,0,0,0,0,0,0,0,0,0,0,0,0,0,0,0,0,0,0,67.37,0,0,0
"MtrElec",12,12,4,"",67.8726,0,0,0,0,0,0,0,0,0,0,0,0,0,0,0,0,0,0,0,0,67.8726,0,0,0
"MtrElec",12,12,5,"",73.549,0,0,0,0,0,0,0,0,0,0,0,0,0,0,0,0,0,0,0,0,73.549,0,0,0
"MtrElec",12,12,6,"",70.5764,0,0,0,0,0,0,0,0,0,0,0,0,0,0,0,0,0,0,0,0,70.5764,0,0,0
"MtrElec",12,12,7,"",112.572,0,0,0,0,0,0,0,0,0,0,0,0,0,0,0,0,0,0,0,0,112.572,0,0,0
"MtrElec",12,12,8,"",28.7019,0,0,0,0,0,0,0,0,0,0,0,0,0,0,0,0,0,0,0,0,82.5069,0,0,-53.805
"MtrElec",12,12,9,"",0,0,0,0,0,0,0,0,0,0,0,0,0,0,0,0,0,0,0,0,0,122.261,0,2.22262,-124.484
"MtrElec",12,12,10,"",0,0,0,0,0,0,0,0,0,0,0,0,0,0,0,0,0,0,0,0,0,144.11,0,33.1051,-177.215
"MtrElec",12,12,11,"",0,0,0,0,0,0,0,0,0,0,0,0,0,0,0,0,0,0,0,0,0,131.584,0,79.8616,-211.446
"MtrElec",12,12,12,"",-10.3434,0,0,0,0,0,0,0,0,0,0,0,0,0,0,0,0,0,0,0,0,125.485,0,94.4224,-230.251
"MtrElec",12,12,13,"",0,0,0,0,0,0,0,0,0,0,0,0,0,0,0,0,0,0,0,0,0,166.785,0,58.3382,-225.123
"MtrElec",12,12,14,"",-12.7882,0,0,0,0,0,0,0,0,0,0,0,0,0,0,0,0,0,0,0,0,102.067,0,84.3485,-199.204
"MtrElec",12,12,15,"",-9.66334,0,0,0,0,0,0,0,0,0,0,0,0,0,0,0,0,0,0,0,0,145.236,0,0,-154.899
"MtrElec",12,12,16,"",5.23484,0,0,0,0,0,0,0,0,0,0,0,0,0,0,0,0,0,0,0,0,95.0353,0,0,-89.8004
"MtrElec",12,12,17,"",79.6791,0,0,0,0,0,0,0,0,0,0,0,0,0,0,0,0,0,0,0,0,98.9725,0,0,-19.2934
"MtrElec",12,12,18,"",160.378,0,0,0,0,0,0,0,0,0,0,0,0,0,0,0,0,0,0,0,0,160.378,0,0,0
"MtrElec",12,12,19,"",43.631,0,0,0,0,0,0,0,0,0,0,0,0,0,0,0,0,0,0,0,0,138.053,0,-94.4224,0
"MtrElec",12,12,20,"",71.5819,0,0,0,0,0,0,0,0,0,0,0,0,0,0,0,0,0,0,0,0,166.004,0,-94.4224,0
"MtrElec",12,12,21,"",28.7214,0,0,0,0,0,0,0,0,0,0,0,0,0,0,0,0,0,0,0,0,123.144,0,-94.4224,0
"MtrElec",12,12,22,"",127.779,0,0,0,0,0,0,0,0,0,0,0,0,0,0,0,0,0,0,0,0,162.461,0,-34.6821,0
"MtrElec",12,12,23,"",99.0633,0,0,0,0,0,0,0,0,0,0,0,0,0,0,0,0,0,0,0,0,99.0633,0,0,0
"MtrElec",12,12,24,"",147.302,0,0,0,0,0,0,0,0,0,0,0,0,0,0,0,0,0,0,0,0,147.302,0,0,0
"MtrElec",12,13,1,"",81.4044,0,0,0,0,0,0,0,0,0,0,0,0,0,0,0,0,0,0,0,0,81.4044,0,0,0
"MtrElec",12,13,2,"",66.7179,0,0,0,0,0,0,0,0,0,0,0,0,0,0,0,0,0,0,0,0,66.7179,0,0,0
"MtrElec",12,13,3,"",67.5744,0,0,0,0,0,0,0,0,0,0,0,0,0,0,0,0,0,0,0,0,67.5744,0,0,0
"MtrElec",12,13,4,"",67.8722,0,0,0,0,0,0,0,0,0,0,0,0,0,0,0,0,0,0,0,0,67.8722,0,0,0
"MtrElec",12,13,5,"",71.7594,0,0,0,0,0,0,0,0,0,0,0,0,0,0,0,0,0,0,0,0,71.7594,0,0,0
"MtrElec",12,13,6,"",68.1585,0,0,0,0,0,0,0,0,0,0,0,0,0,0,0,0,0,0,0,0,68.1585,0,0,0
"MtrElec",12,13,7,"",75.8928,0,0,0,0,0,0,0,0,0,0,0,0,0,0,0,0,0,0,0,0,75.8928,0,0,0
"MtrElec",12,13,8,"",104.273,0,0,0,0,0,0,0,0,0,0,0,0,0,0,0,0,0,0,0,0,139.687,0,0,-35.4134
"MtrElec",12,13,9,"",35.7143,0,0,0,0,0,0,0,0,0,0,0,0,0,0,0,0,0,0,0,0,110.151,0,0,-74.4367
"MtrElec",12,13,10,"",0.0000039,0,0,0,0,0,0,0,0,0,0,0,0,0,0,0,0,0,0,0,0,141.871,0,42.5448,-184.416
"MtrElec",12,13,11,"",0,0,0,0,0,0,0,0,0,0,0,0,0,0,0,0,0,0,0,0,0,177.541,0,34.3356,-211.877
"MtrElec",12,13,12,"",0.0000039,0,0,0,0,0,0,0,0,0,0,0,0,0,0,0,0,0,0,0,0,172.217,0,59.4456,-231.663
"MtrElec",12,13,13,"",0,0,0,0,0,0,0,0,0,0,0,0,0,0,0,0,0,0,0,0,0,182.811,0,46.3966,-229.207
"MtrElec",12,13,14,"",0.0000039,0,0,0,0,0,0,0,0,0,0,0,0,0,0,0,0,0,0,0,0,147.422,0,55.9743,-203.396
"MtrElec",12,13,15,"",0.0000002,0,0,0,0,0,0,0,0,0,0,0,0,0,0,0,0,0,0,0,0,153.57,0,3.83577,-157.406
"MtrElec",12,13,16,"",55.2376,0,0,0,0,0,0,0,0,0,0,0,0,0,0,0,0,0,0,0,0,146.324,0,0,-91.0869
"MtrElec",12,13,17,"",116.914,0,0,0,0,0,0,0,0,0,0,0,0,0,0,0,0,0,0,0,0,136.921,0,0,-20.0065
"MtrElec",12,13,18,"",134.699,0,0,0,0,0,0,0,0,0,0,0,0,0,0,0,0,0,0,0,0,134.699,0,0,0
"MtrElec",12,13,19,"",117.443,0,0,0,0,0,0,0,0,0,0,0,0,0,0,0,0,0,0,0,0,211.866,0,-94.4224,0
"MtrElec",12,13,20,"",86.2217,0,0,0,0,0,0,0,0,0,0,0,0,0,0,0,0,0,0,0,0,180.644,0,-94.4224,0
"MtrElec",12,13,21,"",98.6937,0,0,0,0,0,0,0,0,0,0,0,0,0,0,0,0,0,0,0,0,128.735,0,-30.0409,0
"MtrElec",12,13,22,"",184.812,0,0,0,0,0,0,0,0,0,0,0,0,0,0,0,0,0,0,0,0,184.812,0,0,0
"MtrElec",12,13,23,"",104.514,0,0,0,0,0,0,0,0,0,0,0,0,0,0,0,0,0,0,0,0,104.514,0,0,0
"MtrElec",12,13,24,"",81.1352,0,0,0,0,0,0,0,0,0,0,0,0,0,0,0,0,0,0,0,0,81.1352,0,0,0
"MtrElec",12,14,1,"",75.4585,0,0,0,0,0,0,0,0,0,0,0,0,0,0,0,0,0,0,0,0,75.4585,0,0,0
"MtrElec",12,14,2,"",72.0545,0,0,0,0,0,0,0,0,0,0,0,0,0,0,0,0,0,0,0,0,72.0545,0,0,0
"MtrElec",12,14,3,"",72.4786,0,0,0,0,0,0,0,0,0,0,0,0,0,0,0,0,0,0,0,0,72.4786,0,0,0
"MtrElec",12,14,4,"",103.468,0,0,0,0,0,0,0,0,0,0,0,0,0,0,0,0,0,0,0,0,103.468,0,0,0
"MtrElec",12,14,5,"",73.5111,0,0,0,0,0,0,0,0,0,0,0,0,0,0,0,0,0,0,0,0,73.5111,0,0,0
"MtrElec",12,14,6,"",75.2073,0,0,0,0,0,0,0,0,0,0,0,0,0,0,0,0,0,0,0,0,75.2073,0,0,0
"MtrElec",12,14,7,"",109.716,0,0,0,0,0,0,0,0,0,0,0,0,0,0,0,0,0,0,0,0,109.716,0,0,0
"MtrElec",12,14,8,"",93.1133,0,0,0,0,0,0,0,0,0,0,0,0,0,0,0,0,0,0,0,0,146.402,0,0,-53.289
"MtrElec",12,14,9,"",46.5694,0,0,0,0,0,0,0,0,0,0,0,0,0,0,0,0,0,0,0,0,172.985,0,0,-126.415
"MtrElec",12,14,10,"",0,0,0,0,0,0,0,0,0,0,0,0,0,0,0,0,0,0,0,0,0,170.907,0,11.5721,-182.479
"MtrElec",12,14,11,"",0,0,0,0,0,0,0,0,0,0,0,0,0,0,0,0,0,0,0,0,0,146.678,0,69.2743,-215.953
"MtrElec",12,14,12,"",-27.3427,0,0,0,0,0,0,0,0,0,0,0,0,0,0,0,0,0,0,0,0,110.222,0,94.4224,-231.987
"MtrElec",12,14,13,"",0.0000039,0,0,0,0,0,0,0,0,0,0,0,0,0,0,0,0,0,0,0,0,176.142,0,51.1931,-227.335
"MtrElec",12,14,14,"",-27.9516,0,0,0,0,0,0,0,0,0,0,0,0,0,0,0,0,0,0,0,0,79.4169,0,94.4224,-201.791
"MtrElec",12,14,15,"",-4.84001,0,0,0,0,0,0,0,0,0,0,0,0,0,0,0,0,0,0,0,0,119.894,0,31.4141,-156.148
"MtrElec",12,14,16,"",1.66435,0,0,0,0,0,0,0,0,0,0,0,0,0,0,0,0,0,0,0,0,92.2493,0,0,-90.5849
"MtrElec",12,14,17,"",147.203,0,0,0,0,0,0,0,0,0,0,0,0,0,0,0,0,0,0,0,0,166.683,0,0,-19.4796
"MtrElec",12,14,18,"",124.278,0,0,0,0,0,0,0,0,0,0,0,0,0,0,0,0,0,0,0,0,124.278,0,0,0
"MtrElec",12,14,19,"",58.5138,0,0,0,0,0,0,0,0,0,0,0,0,0,0,0,0,0,0,0,0,152.936,0,-94.4224,0
"MtrElec",12,14,20,"",69.5367,0,0,0,0,0,0,0,0,0,0,0,0,0,0,0,0,0,0,0,0,163.959,0,-94.4224,0
"MtrElec",12,14,21,"",77.6869,0,0,0,0,0,0,0,0,0,0,0,0,0,0,0,0,0,0,0,0,172.109,0,-94.4224,0
"MtrElec",12,14,22,"",112.423,0,0,0,0,0,0,0,0,0,0,0,0,0,0,0,0,0,0,0,0,147.105,0,-34.6821,0
"MtrElec",12,14,23,"",118.525,0,0,0,0,0,0,0,0,0,0,0,0,0,0,0,0,0,0,0,0,118.525,0,0,0
"MtrElec",12,14,24,"",113.594,0,0,0,0,0,0,0,0,0,0,0,0,0,0,0,0,0,0,0,0,113.594,0,0,0
"MtrElec",12,15,1,"",74.197,0,0,0,0,0,0,0,0,0,0,0,0,0,0,0,0,0,0,0,0,74.197,0,0,0
"MtrElec",12,15,2,"",68.1947,0,0,0,0,0,0,0,0,0,0,0,0,0,0,0,0,0,0,0,0,68.1947,0,0,0
"MtrElec",12,15,3,"",66.7029,0,0,0,0,0,0,0,0,0,0,0,0,0,0,0,0,0,0,0,0,66.7029,0,0,0
"MtrElec",12,15,4,"",68.6461,0,0,0,0,0,0,0,0,0,0,0,0,0,0,0,0,0,0,0,0,68.6461,0,0,0
"MtrElec",12,15,5,"",68.6638,0,0,0,0,0,0,0,0,0,0,0,0,0,0,0,0,0,0,0,0,68.6638,0,0,0
"MtrElec",12,15,6,"",72.9533,0,0,0,0,0,0,0,0,0,0,0,0,0,0,0,0,0,0,0,0,72.9533,0,0,0
"MtrElec",12,15,7,"",125.523,0,0,0,0,0,0,0,0,0,0,0,0,0,0,0,0,0,0,0,0,125.523,0,0,0
"MtrElec",12,15,8,"",80.9158,0,0,0,0,0,0,0,0,0,0,0,0,0,0,0,0,0,0,0,0,132.664,0,0,-51.7479
"MtrElec",12,15,9,"",11.9653,0,0,0,0,0,0,0,0,0,0,0,0,0,0,0,0,0,0,0,0,139.293,0,0,-127.328
"MtrElec",12,15,10,"",0,0,0,0,0,0,0,0,0,0,0,0,0,0,0,0,0,0,0,0,0,133.757,0,49.7702,-183.527
"MtrElec",12,15,11,"",-29.9321,0,0,0,0,0,0,0,0,0,0,0,0,0,0,0,0,0,0,0,0,95.9009,0,94.4224,-220.255
"MtrElec",12,15,12,"",-20.1496,0,0,0,0,0,0,0,0,0,0,0,0,0,0,0,0,0,0,0,0,122.73,0,94.4224,-237.302
"MtrElec",12,15,13,"",-62.7194,0,0,0,0,0,0,0,0,0,0,0,0,0,0,0,0,0,0,0,0,74.4816,0,94.4224,-231.623
"MtrElec",12,15,14,"",-78.4535,0,0,0,0,0,0,0,0,0,0,0,0,0,0,0,0,0,0,0,0,108.207,0,19.261,-205.921
"MtrElec",12,15,15,"",-83.7953,0,0,0,0,0,0,0,0,0,0,0,0,0,0,0,0,0,0,0,0,77.3191,0,0,-161.114
"MtrElec",12,15,16,"",5.38245,0,0,0,0,0,0,0,0,0,0,0,0,0,0,0,0,0,0,0,0,99.4243,0,0,-94.0419
"MtrElec",12,15,17,"",126.906,0,0,0,0,0,0,0,0,0,0,0,0,0,0,0,0,0,0,0,0,147.038,0,0,-20.1314
"MtrElec",12,15,18,"",127.819,0,0,0,0,0,0,0,0,0,0,0,0,0,0,0,0,0,0,0,0,127.819,0,0,0
"MtrElec",12,15,19,"",86.0644,0,0,0,0,0,0,0,0,0,0,0,0,0,0,0,0,0,0,0,0,180.487,0,-94.4224,0
"MtrElec",12,15,20,"",61.9266,0,0,0,0,0,0,0,0,0,0,0,0,0,0,0,0,0,0,0,0,156.349,0,-94.4224,0
"MtrElec",12,15,21,"",122.659,0,0,0,0,0,0,0,0,0,0,0,0,0,0,0,0,0,0,0,0,217.082,0,-94.4224,0
"MtrElec",12,15,22,"",114.432,0,0,0,0,0,0,0,0,0,0,0,0,0,0,0,0,0,0,0,0,149.114,0,-34.6821,0
"MtrElec",12,15,23,"",117.53,0,0,0,0,0,0,0,0,0,0,0,0,0,0,0,0,0,0,0,0,117.53,0,0,0
"MtrElec",12,15,24,"",147.45,0,0,0,0,0,0,0,0,0,0,0,0,0,0,0,0,0,0,0,0,147.45,0,0,0
"MtrElec",12,16,1,"",83.3463,0,0,0,0,0,0,0,0,0,0,0,0,0,0,0,0,0,0,0,0,83.3463,0,0,0
"MtrElec",12,16,2,"",68.2046,0,0,0,0,0,0,0,0,0,0,0,0,0,0,0,0,0,0,0,0,68.2046,0,0,0
"MtrElec",12,16,3,"",68.5652,0,0,0,0,0,0,0,0,0,0,0,0,0,0,0,0,0,0,0,0,68.5652,0,0,0
"MtrElec",12,16,4,"",68.4008,0,0,0,0,0,0,0,0,0,0,0,0,0,0,0,0,0,0,0,0,68.4008,0,0,0
"MtrElec",12,16,5,"",67.9425,0,0,0,0,0,0,0,0,0,0,0,0,0,0,0,0,0,0,0,0,67.9425,0,0,0
"MtrElec",12,16,6,"",69.1887,0,0,0,0,0,0,0,0,0,0,0,0,0,0,0,0,0,0,0,0,69.1887,0,0,0
"MtrElec",12,16,7,"",121.054,0,0,0,0,0,0,0,0,0,0,0,0,0,0,0,0,0,0,0,0,121.054,0,0,0
"MtrElec",12,16,8,"",55.8348,0,0,0,0,0,0,0,0,0,0,0,0,0,0,0,0,0,0,0,0,110.941,0,0,-55.1065
"MtrElec",12,16,9,"",7.16611,0,0,0,0,0,0,0,0,0,0,0,0,0,0,0,0,0,0,0,0,138.907,0,0,-131.741
"MtrElec",12,16,10,"",0,0,0,0,0,0,0,0,0,0,0,0,0,0,0,0,0,0,0,0,0,159.198,0,33.7164,-192.914
"MtrElec",12,16,11,"",-11.8083,0,0,0,0,0,0,0,0,0,0,0,0,0,0,0,0,0,0,0,0,123.933,0,94.4224,-230.163
"MtrElec",12,16,12,"",-15.9304,0,0,0,0,0,0,0,0,0,0,0,0,0,0,0,0,0,0,0,0,136.876,0,94.4224,-247.228
"MtrElec",12,16,13,"",-27.0685,0,0,0,0,0,0,0,0,0,0,0,0,0,0,0,0,0,0,0,0,120.571,0,94.4224,-242.062
"MtrElec",12,16,14,"",-57.9483,0,0,0,0,0,0,0,0,0,0,0,0,0,0,0,0,0,0,0,0,121.97,0,35.3148,-215.233
"MtrElec",12,16,15,"",-83.4139,0,0,0,0,0,0,0,0,0,0,0,0,0,0,0,0,0,0,0,0,83.7851,0,0,-167.199
"MtrElec",12,16,16,"",21.1614,0,0,0,0,0,0,0,0,0,0,0,0,0,0,0,0,0,0,0,0,118.402,0,0,-97.2402
"MtrElec",12,16,17,"",106.643,0,0,0,0,0,0,0,0,0,0,0,0,0,0,0,0,0,0,0,0,123.205,0,0,-16.561
"MtrElec",12,16,18,"",169.736,0,0,0,0,0,0,0,0,0,0,0,0,0,0,0,0,0,0,0,0,169.736,0,0,0
"MtrElec",12,16,19,"",49.2099,0,0,0,0,0,0,0,0,0,0,0,0,0,0,0,0,0,0,0,0,143.632,0,-94.4224,0
"MtrElec",12,16,20,"",86.1473,0,0,0,0,0,0,0,0,0,0,0,0,0,0,0,0,0,0,0,0,180.57,0,-94.4224,0
"MtrElec",12,16,21,"",105.332,0,0,0,0,0,0,0,0,0,0,0,0,0,0,0,0,0,0,0,0,199.755,0,-94.4224,0
"MtrElec",12,16,22,"",84.159,0,0,0,0,0,0,0,0,0,0,0,0,0,0,0,0,0,0,0,0,118.841,0,-34.6821,0
"MtrElec",12,16,23,"",136.98,0,0,0,0,0,0,0,0,0,0,0,0,0,0,0,0,0,0,0,0,136.98,0,0,0
"MtrElec",12,16,24,"",95.6112,0,0,0,0,0,0,0,0,0,0,0,0,0,0,0,0,0,0,0,0,95.6112,0,0,0
"MtrElec",12,17,1,"",82.8949,0,0,0,0,0,0,0,0,0,0,0,0,0,0,0,0,0,0,0,0,82.8949,0,0,0
"MtrElec",12,17,2,"",67.8729,0,0,0,0,0,0,0,0,0,0,0,0,0,0,0,0,0,0,0,0,67.8729,0,0,0
"MtrElec",12,17,3,"",67.903,0,0,0,0,0,0,0,0,0,0,0,0,0,0,0,0,0,0,0,0,67.903,0,0,0
"MtrElec",12,17,4,"",69.9086,0,0,0,0,0,0,0,0,0,0,0,0,0,0,0,0,0,0,0,0,69.9086,0,0,0
"MtrElec",12,17,5,"",69.5391,0,0,0,0,0,0,0,0,0,0,0,0,0,0,0,0,0,0,0,0,69.5391,0,0,0
"MtrElec",12,17,6,"",108.367,0,0,0,0,0,0,0,0,0,0,0,0,0,0,0,0,0,0,0,0,108.367,0,0,0
"MtrElec",12,17,7,"",106.213,0,0,0,0,0,0,0,0,0,0,0,0,0,0,0,0,0,0,0,0,106.213,0,0,0
"MtrElec",12,17,8,"",92.5261,0,0,0,0,0,0,0,0,0,0,0,0,0,0,0,0,0,0,0,0,149.351,0,0,-56.8253
"MtrElec",12,17,9,"",22.2556,0,0,0,0,0,0,0,0,0,0,0,0,0,0,0,0,0,0,0,0,154.664,0,0,-132.408
"MtrElec",12,17,10,"",0,0,0,0,0,0,0,0,0,0,0,0,0,0,0,0,0,0,0,0,0,159.67,0,30.6738,-190.344
"MtrElec",12,17,11,"",-4.03241,0,0,0,0,0,0,0,0,0,0,0,0,0,0,0,0,0,0,0,0,128.054,0,94.4224,-226.508
"MtrElec",12,17,12,"",0,0,0,0,0,0,0,0,0,0,0,0,0,0,0,0,0,0,0,0,0,159.108,0,81.109,-240.217
"MtrElec",12,17,13,"",-28.9524,0,0,0,0,0,0,0,0,0,0,0,0,0,0,0,0,0,0,0,0,113.811,0,94.4224,-237.186
"MtrElec",12,17,14,"",-74.1618,0,0,0,0,0,0,0,0,0,0,0,0,0,0,0,0,0,0,0,0,85.8078,0,51.6708,-211.64
"MtrElec",12,17,15,"",-43.8359,0,0,0,0,0,0,0,0,0,0,0,0,0,0,0,0,0,0,0,0,120.733,0,0,-164.569
"MtrElec",12,17,16,"",-14.6335,0,0,0,0,0,0,0,0,0,0,0,0,0,0,0,0,0,0,0,0,84.5733,0,0,-99.2068
"MtrElec",12,17,17,"",88.872,0,0,0,0,0,0,0,0,0,0,0,0,0,0,0,0,0,0,0,0,112.452,0,0,-23.5798
"MtrElec",12,17,18,"",166.757,0,0,0,0,0,0,0,0,0,0,0,0,0,0,0,0,0,0,0,0,166.757,0,0,0
"MtrElec",12,17,19,"",60.5959,0,0,0,0,0,0,0,0,0,0,0,0,0,0,0,0,0,0,0,0,155.018,0,-94.4224,0
"MtrElec",12,17,20,"",95.1141,0,0,0,0,0,0,0,0,0,0,0,0,0,0,0,0,0,0,0,0,189.537,0,-94.4224,0
"MtrElec",12,17,21,"",66.5637,0,0,0,0,0,0,0,0,0,0,0,0,0,0,0,0,0,0,0,0,160.986,0,-94.4224,0
"MtrElec",12,17,22,"",94.3323,0,0,0,0,0,0,0,0,0,0,0,0,0,0,0,0,0,0,0,0,129.014,0,-34.6821,0
"MtrElec",12,17,23,"",141.059,0,0,0,0,0,0,0,0,0,0,0,0,0,0,0,0,0,0,0,0,141.059,0,0,0
"MtrElec",12,17,24,"",105.325,0,0,0,0,0,0,0,0,0,0,0,0,0,0,0,0,0,0,0,0,105.325,0,0,0
"MtrElec",12,18,1,"",75.2114,0,0,0,0,0,0,0,0,0,0,0,0,0,0,0,0,0,0,0,0,75.2114,0,0,0
"MtrElec",12,18,2,"",65.9928,0,0,0,0,0,0,0,0,0,0,0,0,0,0,0,0,0,0,0,0,65.9928,0,0,0
"MtrElec",12,18,3,"",64.0889,0,0,0,0,0,0,0,0,0,0,0,0,0,0,0,0,0,0,0,0,64.0889,0,0,0
"MtrElec",12,18,4,"",64.1158,0,0,0,0,0,0,0,0,0,0,0,0,0,0,0,0,0,0,0,0,64.1158,0,0,0
"MtrElec",12,18,5,"",65.1978,0,0,0,0,0,0,0,0,0,0,0,0,0,0,0,0,0,0,0,0,65.1978,0,0,0
"MtrElec",12,18,6,"",106.46,0,0,0,0,0,0,0,0,0,0,0,0,0,0,0,0,0,0,0,0,106.46,0,0,0
"MtrElec",12,18,7,"",80.072,0,0,0,0,0,0,0,0,0,0,0,0,0,0,0,0,0,0,0,0,80.072,0,0,0
"MtrElec",12,18,8,"",74.2755,0,0,0,0,0,0,0,0,0,0,0,0,0,0,0,0,0,0,0,0,129.856,0,0,-55.5803
"MtrElec",12,18,9,"",19.8616,0,0,0,0,0,0,0,0,0,0,0,0,0,0,0,0,0,0,0,0,148.986,0,0,-129.124
"MtrElec",12,18,10,"",18.332,0,0,0,0,0,0,0,0,0,0,0,0,0,0,0,0,0,0,0,0,201.391,0,0,-183.059
"MtrElec",12,18,11,"",0.0000020,0,0,0,0,0,0,0,0,0,0,0,0,0,0,0,0,0,0,0,0,185.436,0,31.2887,-216.725
"MtrElec",12,18,12,"",0.0000078,0,0,0,0,0,0,0,0,0,0,0,0,0,0,0,0,0,0,0,0,148.625,0,82.9721,-231.597
"MtrElec",12,18,13,"",-37.1083,0,0,0,0,0,0,0,0,0,0,0,0,0,0,0,0,0,0,0,0,94.9073,0,94.4224,-226.438
"MtrElec",12,18,14,"",-10.2076,0,0,0,0,0,0,0,0,0,0,0,0,0,0,0,0,0,0,0,0,97.8639,0,94.4224,-202.494
"MtrElec",12,18,15,"",-16.9952,0,0,0,0,0,0,0,0,0,0,0,0,0,0,0,0,0,0,0,0,92.5075,0,49.1928,-158.696
"MtrElec",12,18,16,"",32.9027,0,0,0,0,0,0,0,0,0,0,0,0,0,0,0,0,0,0,0,0,126.392,0,0,-93.4891
"MtrElec",12,18,17,"",101.886,0,0,0,0,0,0,0,0,0,0,0,0,0,0,0,0,0,0,0,0,123.023,0,0,-21.1372
"MtrElec",12,18,18,"",144.992,0,0,0,0,0,0,0,0,0,0,0,0,0,0,0,0,0,0,0,0,144.992,0,0,0
"MtrElec",12,18,19,"",35.8517,0,0,0,0,0,0,0,0,0,0,0,0,0,0,0,0,0,0,0,0,130.274,0,-94.4224,0
"MtrElec",12,18,20,"",108.005,0,0,0,0,0,0,0,0,0,0,0,0,0,0,0,0,0,0,0,0,202.428,0,-94.4224,0
"MtrElec",12,18,21,"",67.8525,0,0,0,0,0,0,0,0,0,0,0,0,0,0,0,0,0,0,0,0,162.275,0,-94.4224,0
"MtrElec",12,18,22,"",130.129,0,0,0,0,0,0,0,0,0,0,0,0,0,0,0,0,0,0,0,0,164.811,0,-34.6821,0
"MtrElec",12,18,23,"",151.693,0,0,0,0,0,0,0,0,0,0,0,0,0,0,0,0,0,0,0,0,151.693,0,0,0
"MtrElec",12,18,24,"",111.236,0,0,0,0,0,0,0,0,0,0,0,0,0,0,0,0,0,0,0,0,111.236,0,0,0
"MtrElec",12,19,1,"",77.4914,0,0,0,0,0,0,0,0,0,0,0,0,0,0,0,0,0,0,0,0,77.4914,0,0,0
"MtrElec",12,19,2,"",66.4739,0,0,0,0,0,0,0,0,0,0,0,0,0,0,0,0,0,0,0,0,66.4739,0,0,0
"MtrElec",12,19,3,"",101.855,0,0,0,0,0,0,0,0,0,0,0,0,0,0,0,0,0,0,0,0,101.855,0,0,0
"MtrElec",12,19,4,"",70.8319,0,0,0,0,0,0,0,0,0,0,0,0,0,0,0,0,0,0,0,0,70.8319,0,0,0
"MtrElec",12,19,5,"",80.0205,0,0,0,0,0,0,0,0,0,0,0,0,0,0,0,0,0,0,0,0,80.0205,0,0,0
"MtrElec",12,19,6,"",69.0187,0,0,0,0,0,0,0,0,0,0,0,0,0,0,0,0,0,0,0,0,69.0187,0,0,0
"MtrElec",12,19,7,"",76.74,0,0,0,0,0,0,0,0,0,0,0,0,0,0,0,0,0,0,0,0,76.74,0,0,0
"MtrElec",12,19,8,"",52.8829,0,0,0,0,0,0,0,0,0,0,0,0,0,0,0,0,0,0,0,0,103.148,0,0,-50.2648
"MtrElec",12,19,9,"",0,0,0,0,0,0,0,0,0,0,0,0,0,0,0,0,0,0,0,0,0,118.603,0,10.8841,-129.487
"MtrElec",12,19,10,"",0,0,0,0,0,0,0,0,0,0,0,0,0,0,0,0,0,0,0,0,0,148.709,0,36.0288,-184.737
"MtrElec",12,19,11,"",0,0,0,0,0,0,0,0,0,0,0,0,0,0,0,0,0,0,0,0,0,195.837,0,23.0077,-218.845
"MtrElec",12,19,12,"",-3.13573,0,0,0,0,0,0,0,0,0,0,0,0,0,0,0,0,0,0,0,0,136.998,0,94.4224,-234.557
"MtrElec",12,19,13,"",0.0000078,0,0,0,0,0,0,0,0,0,0,0,0,0,0,0,0,0,0,0,0,145.932,0,84.4225,-230.355
"MtrElec",12,19,14,"",-10.6035,0,0,0,0,0,0,0,0,0,0,0,0,0,0,0,0,0,0,0,0,101.581,0,94.4224,-206.607
"MtrElec",12,19,15,"",-7.02117,0,0,0,0,0,0,0,0,0,0,0,0,0,0,0,0,0,0,0,0,145.468,0,9.11055,-161.6
"MtrElec",12,19,16,"",6.50724,0,0,0,0,0,0,0,0,0,0,0,0,0,0,0,0,0,0,0,0,103.598,0,0,-97.0911
"MtrElec",12,19,17,"",126.946,0,0,0,0,0,0,0,0,0,0,0,0,0,0,0,0,0,0,0,0,150.118,0,0,-23.1716
"MtrElec",12,19,18,"",119.3,0,0,0,0,0,0,0,0,0,0,0,0,0,0,0,0,0,0,0,0,119.3,0,0,0
"MtrElec",12,19,19,"",95.8569,0,0,0,0,0,0,0,0,0,0,0,0,0,0,0,0,0,0,0,0,190.279,0,-94.4224,0
"MtrElec",12,19,20,"",92.7525,0,0,0,0,0,0,0,0,0,0,0,0,0,0,0,0,0,0,0,0,187.175,0,-94.4224,0
"MtrElec",12,19,21,"",84.6556,0,0,0,0,0,0,0,0,0,0,0,0,0,0,0,0,0,0,0,0,179.078,0,-94.4224,0
"MtrElec",12,19,22,"",120.226,0,0,0,0,0,0,0,0,0,0,0,0,0,0,0,0,0,0,0,0,154.908,0,-34.6821,0
"MtrElec",12,19,23,"",96.4786,0,0,0,0,0,0,0,0,0,0,0,0,0,0,0,0,0,0,0,0,96.4786,0,0,0
"MtrElec",12,19,24,"",140.871,0,0,0,0,0,0,0,0,0,0,0,0,0,0,0,0,0,0,0,0,140.871,0,0,0
"MtrElec",12,20,1,"",83.1453,0,0,0,0,0,0,0,0,0,0,0,0,0,0,0,0,0,0,0,0,83.1453,0,0,0
"MtrElec",12,20,2,"",68.2701,0,0,0,0,0,0,0,0,0,0,0,0,0,0,0,0,0,0,0,0,68.2701,0,0,0
"MtrElec",12,20,3,"",70.6927,0,0,0,0,0,0,0,0,0,0,0,0,0,0,0,0,0,0,0,0,70.6927,0,0,0
"MtrElec",12,20,4,"",72.2333,0,0,0,0,0,0,0,0,0,0,0,0,0,0,0,0,0,0,0,0,72.2333,0,0,0
"MtrElec",12,20,5,"",88.5027,0,0,0,0,0,0,0,0,0,0,0,0,0,0,0,0,0,0,0,0,88.5027,0,0,0
"MtrElec",12,20,6,"",70.6118,0,0,0,0,0,0,0,0,0,0,0,0,0,0,0,0,0,0,0,0,70.6118,0,0,0
"MtrElec",12,20,7,"",77.2215,0,0,0,0,0,0,0,0,0,0,0,0,0,0,0,0,0,0,0,0,77.2215,0,0,0
"MtrElec",12,20,8,"",70.5687,0,0,0,0,0,0,0,0,0,0,0,0,0,0,0,0,0,0,0,0,116.901,0,0,-46.3323
"MtrElec",12,20,9,"",21.3927,0,0,0,0,0,0,0,0,0,0,0,0,0,0,0,0,0,0,0,0,144.485,0,0,-123.092
"MtrElec",12,20,10,"",0,0,0,0,0,0,0,0,0,0,0,0,0,0,0,0,0,0,0,0,0,149.263,0,29.151,-178.414
"MtrElec",12,20,11,"",5.38628,0,0,0,0,0,0,0,0,0,0,0,0,0,0,0,0,0,0,0,0,212.699,0,0,-207.313
"MtrElec",12,20,12,"",0,0,0,0,0,0,0,0,0,0,0,0,0,0,0,0,0,0,0,0,0,130.5,0,94.4039,-224.904
"MtrElec",12,20,13,"",0,0,0,0,0,0,0,0,0,0,0,0,0,0,0,0,0,0,0,0,0,181.105,0,43.7115,-224.817
"MtrElec",12,20,14,"",0,0,0,0,0,0,0,0,0,0,0,0,0,0,0,0,0,0,0,0,0,115.083,0,85.7896,-200.873
"MtrElec",12,20,15,"",0,0,0,0,0,0,0,0,0,0,0,0,0,0,0,0,0,0,0,0,0,135.3,0,21.6659,-156.966
"MtrElec",12,20,16,"",0.649297,0,0,0,0,0,0,0,0,0,0,0,0,0,0,0,0,0,0,0,0,92.8665,0,0,-92.2172
"MtrElec",12,20,17,"",118.238,0,0,0,0,0,0,0,0,0,0,0,0,0,0,0,0,0,0,0,0,138.857,0,0,-20.6185
"MtrElec",12,20,18,"",160.487,0,0,0,0,0,0,0,0,0,0,0,0,0,0,0,0,0,0,0,0,160.487,0,0,0
"MtrElec",12,20,19,"",83.5183,0,0,0,0,0,0,0,0,0,0,0,0,0,0,0,0,0,0,0,0,177.941,0,-94.4224,0
"MtrElec",12,20,20,"",81.8941,0,0,0,0,0,0,0,0,0,0,0,0,0,0,0,0,0,0,0,0,176.317,0,-94.4224,0
"MtrElec",12,20,21,"",105.336,0,0,0,0,0,0,0,0,0,0,0,0,0,0,0,0,0,0,0,0,164.427,0,-59.0917,0
"MtrElec",12,20,22,"",179.983,0,0,0,0,0,0,0,0,0,0,0,0,0,0,0,0,0,0,0,0,179.983,0,0,0
"MtrElec",12,20,23,"",123.029,0,0,0,0,0,0,0,0,0,0,0,0,0,0,0,0,0,0,0,0,123.029,0,0,0
"MtrElec",12,20,24,"",79.3783,0,0,0,0,0,0,0,0,0,0,0,0,0,0,0,0,0,0,0,0,79.3783,0,0,0
"MtrElec",12,21,1,"",69.4783,0,0,0,0,0,0,0,0,0,0,0,0,0,0,0,0,0,0,0,0,69.4783,0,0,0
"MtrElec",12,21,2,"",66.0317,0,0,0,0,0,0,0,0,0,0,0,0,0,0,0,0,0,0,0,0,66.0317,0,0,0
"MtrElec",12,21,3,"",66.0795,0,0,0,0,0,0,0,0,0,0,0,0,0,0,0,0,0,0,0,0,66.0795,0,0,0
"MtrElec",12,21,4,"",66.1338,0,0,0,0,0,0,0,0,0,0,0,0,0,0,0,0,0,0,0,0,66.1338,0,0,0
"MtrElec",12,21,5,"",65.4964,0,0,0,0,0,0,0,0,0,0,0,0,0,0,0,0,0,0,0,0,65.4964,0,0,0
"MtrElec",12,21,6,"",71.8501,0,0,0,0,0,0,0,0,0,0,0,0,0,0,0,0,0,0,0,0,71.8501,0,0,0
"MtrElec",12,21,7,"",117.317,0,0,0,0,0,0,0,0,0,0,0,0,0,0,0,0,0,0,0,0,117.317,0,0,0
"MtrElec",12,21,8,"",106.717,0,0,0,0,0,0,0,0,0,0,0,0,0,0,0,0,0,0,0,0,147.602,0,0,-40.8856
"MtrElec",12,21,9,"",28.888,0,0,0,0,0,0,0,0,0,0,0,0,0,0,0,0,0,0,0,0,149.129,0,0,-120.241
"MtrElec",12,21,10,"",0,0,0,0,0,0,0,0,0,0,0,0,0,0,0,0,0,0,0,0,0,178.359,0,0.411859,-178.771
"MtrElec",12,21,11,"",0,0,0,0,0,0,0,0,0,0,0,0,0,0,0,0,0,0,0,0,0,196.028,0,20.429,-216.457
"MtrElec",12,21,12,"",-22.1379,0,0,0,0,0,0,0,0,0,0,0,0,0,0,0,0,0,0,0,0,115.87,0,94.4224,-232.431
"MtrElec",12,21,13,"",-6.41803,0,0,0,0,0,0,0,0,0,0,0,0,0,0,0,0,0,0,0,0,128.505,0,94.4224,-229.345
"MtrElec",12,21,14,"",0.0000078,0,0,0,0,0,0,0,0,0,0,0,0,0,0,0,0,0,0,0,0,116.745,0,91.8297,-208.574
"MtrElec",12,21,15,"",-31.0556,0,0,0,0,0,0,0,0,0,0,0,0,0,0,0,0,0,0,0,0,85.0391,0,50.7831,-166.878
"MtrElec",12,21,16,"",25.4591,0,0,0,0,0,0,0,0,0,0,0,0,0,0,0,0,0,0,0,0,125.675,0,0,-100.215
"MtrElec",12,21,17,"",122.723,0,0,0,0,0,0,0,0,0,0,0,0,0,0,0,0,0,0,0,0,145.763,0,0,-23.0397
"MtrElec",12,21,18,"",128.143,0,0,0,0,0,0,0,0,0,0,0,0,0,0,0,0,0,0,0,0,128.143,0,0,0
"MtrElec",12,21,19,"",104.887,0,0,0,0,0,0,0,0,0,0,0,0,0,0,0,0,0,0,0,0,199.31,0,-94.4224,0
"MtrElec",12,21,20,"",51.3732,0,0,0,0,0,0,0,0,0,0,0,0,0,0,0,0,0,0,0,0,145.796,0,-94.4224,0
"MtrElec",12,21,21,"",82.9566,0,0,0,0,0,0,0,0,0,0,0,0,0,0,0,0,0,0,0,0,177.379,0,-94.4224,0
"MtrElec",12,21,22,"",125.88,0,0,0,0,0,0,0,0,0,0,0,0,0,0,0,0,0,0,0,0,160.562,0,-34.6821,0
"MtrElec",12,21,23,"",97.1272,0,0,0,0,0,0,0,0,0,0,0,0,0,0,0,0,0,0,0,0,97.1272,0,0,0
"MtrElec",12,21,24,"",85.5205,0,0,0,0,0,0,0,0,0,0,0,0,0,0,0,0,0,0,0,0,85.5205,0,0,0
"MtrElec",12,22,1,"",93.9563,0,0,0,0,0,0,0,0,0,0,0,0,0,0,0,0,0,0,0,0,93.9563,0,0,0
"MtrElec",12,22,2,"",86.4189,0,0,0,0,0,0,0,0,0,0,0,0,0,0,0,0,0,0,0,0,86.4189,0,0,0
"MtrElec",12,22,3,"",66.981,0,0,0,0,0,0,0,0,0,0,0,0,0,0,0,0,0,0,0,0,66.981,0,0,0
"MtrElec",12,22,4,"",64.3639,0,0,0,0,0,0,0,0,0,0,0,0,0,0,0,0,0,0,0,0,64.3639,0,0,0
"MtrElec",12,22,5,"",63.0703,0,0,0,0,0,0,0,0,0,0,0,0,0,0,0,0,0,0,0,0,63.0703,0,0,0
"MtrElec",12,22,6,"",68.4724,0,0,0,0,0,0,0,0,0,0,0,0,0,0,0,0,0,0,0,0,68.4724,0,0,0
"MtrElec",12,22,7,"",100.639,0,0,0,0,0,0,0,0,0,0,0,0,0,0,0,0,0,0,0,0,100.639,0,0,0
"MtrElec",12,22,8,"",119.926,0,0,0,0,0,0,0,0,0,0,0,0,0,0,0,0,0,0,0,0,135.296,0,0,-15.3697
"MtrElec",12,22,9,"",86.28,0,0,0,0,0,0,0,0,0,0,0,0,0,0,0,0,0,0,0,0,146.423,0,0,-60.1431
"MtrElec",12,22,10,"",0,0,0,0,0,0,0,0,0,0,0,0,0,0,0,0,0,0,0,0,0,128.239,0,8.17018,-136.409
"MtrElec",12,22,11,"",3.74456,0,0,0,0,0,0,0,0,0,0,0,0,0,0,0,0,0,0,0,0,171.311,0,0,-167.566
"MtrElec",12,22,12,"",0.0000020,0,0,0,0,0,0,0,0,0,0,0,0,0,0,0,0,0,0,0,0,143.15,0,27.3838,-170.534
"MtrElec",12,22,13,"",0,0,0,0,0,0,0,0,0,0,0,0,0,0,0,0,0,0,0,0,0,114.398,0,54.4935,-168.891
"MtrElec",12,22,14,"",0.0000078,0,0,0,0,0,0,0,0,0,0,0,0,0,0,0,0,0,0,0,0,74.5338,0,79.4461,-153.98
"MtrElec",12,22,15,"",0,0,0,0,0,0,0,0,0,0,0,0,0,0,0,0,0,0,0,0,0,111.418,0,23.4375,-134.855
"MtrElec",12,22,16,"",11.8538,0,0,0,0,0,0,0,0,0,0,0,0,0,0,0,0,0,0,0,0,84.791,0,0,-72.9372
"MtrElec",12,22,17,"",109.759,0,0,0,0,0,0,0,0,0,0,0,0,0,0,0,0,0,0,0,0,122.746,0,0,-12.9878
"MtrElec",12,22,18,"",162.329,0,0,0,0,0,0,0,0,0,0,0,0,0,0,0,0,0,0,0,0,162.329,0,0,0
"MtrElec",12,22,19,"",49.3774,0,0,0,0,0,0,0,0,0,0,0,0,0,0,0,0,0,0,0,0,143.8,0,-94.4224,0
"MtrElec",12,22,20,"",92.4436,0,0,0,0,0,0,0,0,0,0,0,0,0,0,0,0,0,0,0,0,172.141,0,-79.6978,0
"MtrElec",12,22,21,"",179.84,0,0,0,0,0,0,0,0,0,0,0,0,0,0,0,0,0,0,0,0,179.84,0,0,0
"MtrElec",12,22,22,"",108.401,0,0,0,0,0,0,0,0,0,0,0,0,0,0,0,0,0,0,0,0,108.401,0,0,0
"MtrElec",12,22,23,"",171.408,0,0,0,0,0,0,0,0,0,0,0,0,0,0,0,0,0,0,0,0,171.408,0,0,0
"MtrElec",12,22,24,"",100.3,0,0,0,0,0,0,0,0,0,0,0,0,0,0,0,0,0,0,0,0,100.3,0,0,0
"MtrElec",12,23,1,"",87.4579,0,0,0,0,0,0,0,0,0,0,0,0,0,0,0,0,0,0,0,0,87.4579,0,0,0
"MtrElec",12,23,2,"",69.7646,0,0,0,0,0,0,0,0,0,0,0,0,0,0,0,0,0,0,0,0,69.7646,0,0,0
"MtrElec",12,23,3,"",69.9199,0,0,0,0,0,0,0,0,0,0,0,0,0,0,0,0,0,0,0,0,69.9199,0,0,0
"MtrElec",12,23,4,"",70.9384,0,0,0,0,0,0,0,0,0,0,0,0,0,0,0,0,0,0,0,0,70.9384,0,0,0
"MtrElec",12,23,5,"",70.7818,0,0,0,0,0,0,0,0,0,0,0,0,0,0,0,0,0,0,0,0,70.7818,0,0,0
"MtrElec",12,23,6,"",79.8693,0,0,0,0,0,0,0,0,0,0,0,0,0,0,0,0,0,0,0,0,79.8693,0,0,0
"MtrElec",12,23,7,"",137.049,0,0,0,0,0,0,0,0,0,0,0,0,0,0,0,0,0,0,0,0,137.049,0,0,0
"MtrElec",12,23,8,"",112.636,0,0,0,0,0,0,0,0,0,0,0,0,0,0,0,0,0,0,0,0,161.777,0,0,-49.1403
"MtrElec",12,23,9,"",30.8317,0,0,0,0,0,0,0,0,0,0,0,0,0,0,0,0,0,0,0,0,161.336,0,0,-130.505
"MtrElec",12,23,10,"",0,0,0,0,0,0,0,0,0,0,0,0,0,0,0,0,0,0,0,0,0,152.706,0,39.25,-191.956
"MtrElec",12,23,11,"",-24.7369,0,0,0,0,0,0,0,0,0,0,0,0,0,0,0,0,0,0,0,0,113.094,0,94.4224,-232.253
"MtrElec",12,23,12,"",-17.97,0,0,0,0,0,0,0,0,0,0,0,0,0,0,0,0,0,0,0,0,138.401,0,94.4224,-250.794
"MtrElec",12,23,13,"",-42.7929,0,0,0,0,0,0,0,0,0,0,0,0,0,0,0,0,0,0,0,0,111.431,0,94.4224,-248.646
"MtrElec",12,23,14,"",-107.194,0,0,0,0,0,0,0,0,0,0,0,0,0,0,0,0,0,0,0,0,85.5601,0,29.7812,-222.535
"MtrElec",12,23,15,"",-61.449,0,0,0,0,0,0,0,0,0,0,0,0,0,0,0,0,0,0,0,0,112.207,0,0,-173.656
"MtrElec",12,23,16,"",-20.7094,0,0,0,0,0,0,0,0,0,0,0,0,0,0,0,0,0,0,0,0,82.2111,0,0,-102.921
"MtrElec",12,23,17,"",82.5466,0,0,0,0,0,0,0,0,0,0,0,0,0,0,0,0,0,0,0,0,108.179,0,0,-25.6322
"MtrElec",12,23,18,"",156.144,0,0,0,0,0,0,0,0,0,0,0,0,0,0,0,0,0,0,0,0,156.144,0,0,0
"MtrElec",12,23,19,"",57.6205,0,0,0,0,0,0,0,0,0,0,0,0,0,0,0,0,0,0,0,0,152.043,0,-94.4224,0
"MtrElec",12,23,20,"",91.3638,0,0,0,0,0,0,0,0,0,0,0,0,0,0,0,0,0,0,0,0,185.786,0,-94.4224,0
"MtrElec",12,23,21,"",58.9529,0,0,0,0,0,0,0,0,0,0,0,0,0,0,0,0,0,0,0,0,153.375,0,-94.4224,0
"MtrElec",12,23,22,"",115.442,0,0,0,0,0,0,0,0,0,0,0,0,0,0,0,0,0,0,0,0,150.124,0,-34.6821,0
"MtrElec",12,23,23,"",106.168,0,0,0,0,0,0,0,0,0,0,0,0,0,0,0,0,0,0,0,0,106.168,0,0,0
"MtrElec",12,23,24,"",93.883,0,0,0,0,0,0,0,0,0,0,0,0,0,0,0,0,0,0,0,0,93.883,0,0,0
"MtrElec",12,24,1,"",75.6222,0,0,0,0,0,0,0,0,0,0,0,0,0,0,0,0,0,0,0,0,75.6222,0,0,0
"MtrElec",12,24,2,"",70.7272,0,0,0,0,0,0,0,0,0,0,0,0,0,0,0,0,0,0,0,0,70.7272,0,0,0
"MtrElec",12,24,3,"",99.8167,0,0,0,0,0,0,0,0,0,0,0,0,0,0,0,0,0,0,0,0,99.8167,0,0,0
"MtrElec",12,24,4,"",66.3098,0,0,0,0,0,0,0,0,0,0,0,0,0,0,0,0,0,0,0,0,66.3098,0,0,0
"MtrElec",12,24,5,"",65.639,0,0,0,0,0,0,0,0,0,0,0,0,0,0,0,0,0,0,0,0,65.639,0,0,0
"MtrElec",12,24,6,"",69.8977,0,0,0,0,0,0,0,0,0,0,0,0,0,0,0,0,0,0,0,0,69.8977,0,0,0
"MtrElec",12,24,7,"",101.65,0,0,0,0,0,0,0,0,0,0,0,0,0,0,0,0,0,0,0,0,101.65,0,0,0
"MtrElec",12,24,8,"",86.647,0,0,0,0,0,0,0,0,0,0,0,0,0,0,0,0,0,0,0,0,134.073,0,0,-47.4258
"MtrElec",12,24,9,"",23.059,0,0,0,0,0,0,0,0,0,0,0,0,0,0,0,0,0,0,0,0,148.769,0,0,-125.71
"MtrElec",12,24,10,"",0,0,0,0,0,0,0,0,0,0,0,0,0,0,0,0,0,0,0,0,0,119.324,0,64.1367,-183.461
"MtrElec",12,24,11,"",-53.0505,0,0,0,0,0,0,0,0,0,0,0,0,0,0,0,0,0,0,0,0,78.0418,0,94.4224,-225.515
"MtrElec",12,24,12,"",-18.0727,0,0,0,0,0,0,0,0,0,0,0,0,0,0,0,0,0,0,0,0,131.002,0,94.4224,-243.497
"MtrElec",12,24,13,"",-33.7204,0,0,0,0,0,0,0,0,0,0,0,0,0,0,0,0,0,0,0,0,108.56,0,94.4224,-236.703
"MtrElec",12,24,14,"",-125.924,0,0,0,0,0,0,0,0,0,0,0,0,0,0,0,0,0,0,0,0,80.3388,0,4.89453,-211.157
"MtrElec",12,24,15,"",-38.4409,0,0,0,0,0,0,0,0,0,0,0,0,0,0,0,0,0,0,0,0,128.634,0,0,-167.074
"MtrElec",12,24,16,"",8.27068,0,0,0,0,0,0,0,0,0,0,0,0,0,0,0,0,0,0,0,0,108.942,0,0,-100.672
"MtrElec",12,24,17,"",123.781,0,0,0,0,0,0,0,0,0,0,0,0,0,0,0,0,0,0,0,0,148.699,0,0,-24.9188
"MtrElec",12,24,18,"",143.081,0,0,0,0,0,0,0,0,0,0,0,0,0,0,0,0,0,0,0,0,143.081,0,0,0
"MtrElec",12,24,19,"",68.3411,0,0,0,0,0,0,0,0,0,0,0,0,0,0,0,0,0,0,0,0,162.764,0,-94.4224,0
"MtrElec",12,24,20,"",83.9994,0,0,0,0,0,0,0,0,0,0,0,0,0,0,0,0,0,0,0,0,178.422,0,-94.4224,0
"MtrElec",12,24,21,"",111.046,0,0,0,0,0,0,0,0,0,0,0,0,0,0,0,0,0,0,0,0,205.469,0,-94.4224,0
"MtrElec",12,24,22,"",79.9829,0,0,0,0,0,0,0,0,0,0,0,0,0,0,0,0,0,0,0,0,114.665,0,-34.6821,0
"MtrElec",12,24,23,"",155.106,0,0,0,0,0,0,0,0,0,0,0,0,0,0,0,0,0,0,0,0,155.106,0,0,0
"MtrElec",12,24,24,"",104.207,0,0,0,0,0,0,0,0,0,0,0,0,0,0,0,0,0,0,0,0,104.207,0,0,0
"MtrElec",12,25,1,"",76.6469,0,0,0,0,0,0,0,0,0,0,0,0,0,0,0,0,0,0,0,0,76.6469,0,0,0
"MtrElec",12,25,2,"",77.5184,0,0,0,0,0,0,0,0,0,0,0,0,0,0,0,0,0,0,0,0,77.5184,0,0,0
"MtrElec",12,25,3,"",76.1184,0,0,0,0,0,0,0,0,0,0,0,0,0,0,0,0,0,0,0,0,76.1184,0,0,0
"MtrElec",12,25,4,"",77.2624,0,0,0,0,0,0,0,0,0,0,0,0,0,0,0,0,0,0,0,0,77.2624,0,0,0
"MtrElec",12,25,5,"",77.0154,0,0,0,0,0,0,0,0,0,0,0,0,0,0,0,0,0,0,0,0,77.0154,0,0,0
"MtrElec",12,25,6,"",113.762,0,0,0,0,0,0,0,0,0,0,0,0,0,0,0,0,0,0,0,0,113.762,0,0,0
"MtrElec",12,25,7,"",172.618,0,0,0,0,0,0,0,0,0,0,0,0,0,0,0,0,0,0,0,0,172.618,0,0,0
"MtrElec",12,25,8,"",102.518,0,0,0,0,0,0,0,0,0,0,0,0,0,0,0,0,0,0,0,0,150.009,0,0,-47.4917
"MtrElec",12,25,9,"",48.028,0,0,0,0,0,0,0,0,0,0,0,0,0,0,0,0,0,0,0,0,172.451,0,0,-124.423
"MtrElec",12,25,10,"",42.8109,0,0,0,0,0,0,0,0,0,0,0,0,0,0,0,0,0,0,0,0,223.264,0,0,-180.453
"MtrElec",12,25,11,"",0,0,0,0,0,0,0,0,0,0,0,0,0,0,0,0,0,0,0,0,0,170.346,0,46.0409,-216.387
"MtrElec",12,25,12,"",0.0000039,0,0,0,0,0,0,0,0,0,0,0,0,0,0,0,0,0,0,0,0,181.572,0,49.1395,-230.712
"MtrElec",12,25,13,"",-19.2676,0,0,0,0,0,0,0,0,0,0,0,0,0,0,0,0,0,0,0,0,109.797,0,94.4224,-223.487
"MtrElec",12,25,14,"",-21.7649,0,0,0,0,0,0,0,0,0,0,0,0,0,0,0,0,0,0,0,0,90.3948,0,94.4224,-206.582
"MtrElec",12,25,15,"",0.0000039,0,0,0,0,0,0,0,0,0,0,0,0,0,0,0,0,0,0,0,0,116.836,0,49.7288,-166.565
"MtrElec",12,25,16,"",6.54637,0,0,0,0,0,0,0,0,0,0,0,0,0,0,0,0,0,0,0,0,107.526,0,0,-100.98
"MtrElec",12,25,17,"",66.9532,0,0,0,0,0,0,0,0,0,0,0,0,0,0,0,0,0,0,0,0,92.7897,0,0,-25.8365
"MtrElec",12,25,18,"",178.927,0,0,0,0,0,0,0,0,0,0,0,0,0,0,0,0,0,0,0,0,178.927,0,0,0
"MtrElec",12,25,19,"",75.8662,0,0,0,0,0,0,0,0,0,0,0,0,0,0,0,0,0,0,0,0,170.289,0,-94.4224,0
"MtrElec",12,25,20,"",72.9475,0,0,0,0,0,0,0,0,0,0,0,0,0,0,0,0,0,0,0,0,167.37,0,-94.4224,0
"MtrElec",12,25,21,"",44.0214,0,0,0,0,0,0,0,0,0,0,0,0,0,0,0,0,0,0,0,0,138.444,0,-94.4224,0
"MtrElec",12,25,22,"",148.23,0,0,0,0,0,0,0,0,0,0,0,0,0,0,0,0,0,0,0,0,166.175,0,-17.9457,0
"MtrElec",12,25,23,"",105.338,0,0,0,0,0,0,0,0,0,0,0,0,0,0,0,0,0,0,0,0,105.338,0,0,0
"MtrElec",12,25,24,"",101.266,0,0,0,0,0,0,0,0,0,0,0,0,0,0,0,0,0,0,0,0,101.266,0,0,0
"MtrElec",12,26,1,"",75.9467,0,0,0,0,0,0,0,0,0,0,0,0,0,0,0,0,0,0,0,0,75.9467,0,0,0
"MtrElec",12,26,2,"",74.6979,0,0,0,0,0,0,0,0,0,0,0,0,0,0,0,0,0,0,0,0,74.6979,0,0,0
"MtrElec",12,26,3,"",74.4648,0,0,0,0,0,0,0,0,0,0,0,0,0,0,0,0,0,0,0,0,74.4648,0,0,0
"MtrElec",12,26,4,"",77.274,0,0,0,0,0,0,0,0,0,0,0,0,0,0,0,0,0,0,0,0,77.274,0,0,0
"MtrElec",12,26,5,"",89.9304,0,0,0,0,0,0,0,0,0,0,0,0,0,0,0,0,0,0,0,0,89.9304,0,0,0
"MtrElec",12,26,6,"",78.6171,0,0,0,0,0,0,0,0,0,0,0,0,0,0,0,0,0,0,0,0,78.6171,0,0,0
"MtrElec",12,26,7,"",84.6907,0,0,0,0,0,0,0,0,0,0,0,0,0,0,0,0,0,0,0,0,84.6907,0,0,0
"MtrElec",12,26,8,"",96.9998,0,0,0,0,0,0,0,0,0,0,0,0,0,0,0,0,0,0,0,0,134.772,0,0,-37.7723
"MtrElec",12,26,9,"",36.7318,0,0,0,0,0,0,0,0,0,0,0,0,0,0,0,0,0,0,0,0,113.647,0,0,-76.9156
"MtrElec",12,26,10,"",43.9249,0,0,0,0,0,0,0,0,0,0,0,0,0,0,0,0,0,0,0,0,156.491,0,0,-112.566
"MtrElec",12,26,11,"",56.3198,0,0,0,0,0,0,0,0,0,0,0,0,0,0,0,0,0,0,0,0,150.884,0,0,-94.5647
"MtrElec",12,26,12,"",69.88,0,0,0,0,0,0,0,0,0,0,0,0,0,0,0,0,0,0,0,0,179.794,0,0,-109.914
"MtrElec",12,26,13,"",0.0000010,0,0,0,0,0,0,0,0,0,0,0,0,0,0,0,0,0,0,0,0,121.348,0,14.292,-135.64
"MtrElec",12,26,14,"",12.0942,0,0,0,0,0,0,0,0,0,0,0,0,0,0,0,0,0,0,0,0,120.965,0,0,-108.871
"MtrElec",12,26,15,"",64.6104,0,0,0,0,0,0,0,0,0,0,0,0,0,0,0,0,0,0,0,0,134.556,0,0,-69.9453
"MtrElec",12,26,16,"",58.4628,0,0,0,0,0,0,0,0,0,0,0,0,0,0,0,0,0,0,0,0,90.2368,0,0,-31.774
"MtrElec",12,26,17,"",133.016,0,0,0,0,0,0,0,0,0,0,0,0,0,0,0,0,0,0,0,0,134.924,0,0,-1.90726
"MtrElec",12,26,18,"",107.298,0,0,0,0,0,0,0,0,0,0,0,0,0,0,0,0,0,0,0,0,107.298,0,0,0
"MtrElec",12,26,19,"",142.256,0,0,0,0,0,0,0,0,0,0,0,0,0,0,0,0,0,0,0,0,155.155,0,-12.8985,0
"MtrElec",12,26,20,"",167.597,0,0,0,0,0,0,0,0,0,0,0,0,0,0,0,0,0,0,0,0,167.597,0,0,0
"MtrElec",12,26,21,"",172.52,0,0,0,0,0,0,0,0,0,0,0,0,0,0,0,0,0,0,0,0,172.52,0,0,0
"MtrElec",12,26,22,"",182.015,0,0,0,0,0,0,0,0,0,0,0,0,0,0,0,0,0,0,0,0,182.015,0,0,0
"MtrElec",12,26,23,"",101.563,0,0,0,0,0,0,0,0,0,0,0,0,0,0,0,0,0,0,0,0,101.563,0,0,0
"MtrElec",12,26,24,"",125.661,0,0,0,0,0,0,0,0,0,0,0,0,0,0,0,0,0,0,0,0,125.661,0,0,0
"MtrElec",12,27,1,"",102.417,0,0,0,0,0,0,0,0,0,0,0,0,0,0,0,0,0,0,0,0,102.417,0,0,0
"MtrElec",12,27,2,"",72.2606,0,0,0,0,0,0,0,0,0,0,0,0,0,0,0,0,0,0,0,0,72.2606,0,0,0
"MtrElec",12,27,3,"",70.4999,0,0,0,0,0,0,0,0,0,0,0,0,0,0,0,0,0,0,0,0,70.4999,0,0,0
"MtrElec",12,27,4,"",70.5815,0,0,0,0,0,0,0,0,0,0,0,0,0,0,0,0,0,0,0,0,70.5815,0,0,0
"MtrElec",12,27,5,"",69.8673,0,0,0,0,0,0,0,0,0,0,0,0,0,0,0,0,0,0,0,0,69.8673,0,0,0
"MtrElec",12,27,6,"",73.3187,0,0,0,0,0,0,0,0,0,0,0,0,0,0,0,0,0,0,0,0,73.3187,0,0,0
"MtrElec",12,27,7,"",81.8661,0,0,0,0,0,0,0,0,0,0,0,0,0,0,0,0,0,0,0,0,81.8661,0,0,0
"MtrElec",12,27,8,"",144.527,0,0,0,0,0,0,0,0,0,0,0,0,0,0,0,0,0,0,0,0,157.146,0,0,-12.6184
"MtrElec",12,27,9,"",137.49,0,0,0,0,0,0,0,0,0,0,0,0,0,0,0,0,0,0,0,0,171.037,0,0,-33.5474
"MtrElec",12,27,10,"",137.848,0,0,0,0,0,0,0,0,0,0,0,0,0,0,0,0,0,0,0,0,197.381,0,0,-59.5329
"MtrElec",12,27,11,"",91.177,0,0,0,0,0,0,0,0,0,0,0,0,0,0,0,0,0,0,0,0,159.784,0,0,-68.607
"MtrElec",12,27,12,"",119.468,0,0,0,0,0,0,0,0,0,0,0,0,0,0,0,0,0,0,0,0,203.92,0,0,-84.4521
"MtrElec",12,27,13,"",50.8051,0,0,0,0,0,0,0,0,0,0,0,0,0,0,0,0,0,0,0,0,132.743,0,0,-81.938
"MtrElec",12,27,14,"",38.9194,0,0,0,0,0,0,0,0,0,0,0,0,0,0,0,0,0,0,0,0,123.504,0,0,-84.5847
"MtrElec",12,27,15,"",58.8759,0,0,0,0,0,0,0,0,0,0,0,0,0,0,0,0,0,0,0,0,166.264,0,0,-107.388
"MtrElec",12,27,16,"",56.6265,0,0,0,0,0,0,0,0,0,0,0,0,0,0,0,0,0,0,0,0,130.771,0,0,-74.1444
"MtrElec",12,27,17,"",122.29,0,0,0,0,0,0,0,0,0,0,0,0,0,0,0,0,0,0,0,0,132.338,0,0,-10.0478
"MtrElec",12,27,18,"",129.8,0,0,0,0,0,0,0,0,0,0,0,0,0,0,0,0,0,0,0,0,129.8,0,0,0
"MtrElec",12,27,19,"",192.816,0,0,0,0,0,0,0,0,0,0,0,0,0,0,0,0,0,0,0,0,192.816,0,0,0
"MtrElec",12,27,20,"",165.358,0,0,0,0,0,0,0,0,0,0,0,0,0,0,0,0,0,0,0,0,165.358,0,0,0
"MtrElec",12,27,21,"",159.27,0,0,0,0,0,0,0,0,0,0,0,0,0,0,0,0,0,0,0,0,159.27,0,0,0
"MtrElec",12,27,22,"",171.984,0,0,0,0,0,0,0,0,0,0,0,0,0,0,0,0,0,0,0,0,171.984,0,0,0
"MtrElec",12,27,23,"",92.8464,0,0,0,0,0,0,0,0,0,0,0,0,0,0,0,0,0,0,0,0,92.8464,0,0,0
"MtrElec",12,27,24,"",80.5545,0,0,0,0,0,0,0,0,0,0,0,0,0,0,0,0,0,0,0,0,80.5545,0,0,0
"MtrElec",12,28,1,"",69.7404,0,0,0,0,0,0,0,0,0,0,0,0,0,0,0,0,0,0,0,0,69.7404,0,0,0
"MtrElec",12,28,2,"",68.1954,0,0,0,0,0,0,0,0,0,0,0,0,0,0,0,0,0,0,0,0,68.1954,0,0,0
"MtrElec",12,28,3,"",71.1929,0,0,0,0,0,0,0,0,0,0,0,0,0,0,0,0,0,0,0,0,71.1929,0,0,0
"MtrElec",12,28,4,"",102.881,0,0,0,0,0,0,0,0,0,0,0,0,0,0,0,0,0,0,0,0,102.881,0,0,0
"MtrElec",12,28,5,"",72.897,0,0,0,0,0,0,0,0,0,0,0,0,0,0,0,0,0,0,0,0,72.897,0,0,0
"MtrElec",12,28,6,"",69.5602,0,0,0,0,0,0,0,0,0,0,0,0,0,0,0,0,0,0,0,0,69.5602,0,0,0
"MtrElec",12,28,7,"",106.458,0,0,0,0,0,0,0,0,0,0,0,0,0,0,0,0,0,0,0,0,106.458,0,0,0
"MtrElec",12,28,8,"",151.475,0,0,0,0,0,0,0,0,0,0,0,0,0,0,0,0,0,0,0,0,152.257,0,0,-0.782008
"MtrElec",12,28,9,"",142.128,0,0,0,0,0,0,0,0,0,0,0,0,0,0,0,0,0,0,0,0,143.774,0,0,-1.64579
"MtrElec",12,28,10,"",132.705,0,0,0,0,0,0,0,0,0,0,0,0,0,0,0,0,0,0,0,0,149.868,0,0,-17.1628
"MtrElec",12,28,11,"",56.4571,0,0,0,0,0,0,0,0,0,0,0,0,0,0,0,0,0,0,0,0,114.595,0,0,-58.1379
"MtrElec",12,28,12,"",108.266,0,0,0,0,0,0,0,0,0,0,0,0,0,0,0,0,0,0,0,0,136.488,0,0,-28.2224
"MtrElec",12,28,13,"",51.2035,0,0,0,0,0,0,0,0,0,0,0,0,0,0,0,0,0,0,0,0,85.4687,0,0,-34.2652
"MtrElec",12,28,14,"",59.9289,0,0,0,0,0,0,0,0,0,0,0,0,0,0,0,0,0,0,0,0,86.4752,0,0,-26.5463
"MtrElec",12,28,15,"",102.045,0,0,0,0,0,0,0,0,0,0,0,0,0,0,0,0,0,0,0,0,119.065,0,0,-17.0197
"MtrElec",12,28,16,"",98.5189,0,0,0,0,0,0,0,0,0,0,0,0,0,0,0,0,0,0,0,0,106.812,0,0,-8.29339
"MtrElec",12,28,17,"",118.825,0,0,0,0,0,0,0,0,0,0,0,0,0,0,0,0,0,0,0,0,119.878,0,0,-1.05377
"MtrElec",12,28,18,"",170.573,0,0,0,0,0,0,0,0,0,0,0,0,0,0,0,0,0,0,0,0,170.573,0,0,0
"MtrElec",12,28,19,"",141.923,0,0,0,0,0,0,0,0,0,0,0,0,0,0,0,0,0,0,0,0,141.923,0,0,0
"MtrElec",12,28,20,"",162.14,0,0,0,0,0,0,0,0,0,0,0,0,0,0,0,0,0,0,0,0,162.14,0,0,0
"MtrElec",12,28,21,"",171.013,0,0,0,0,0,0,0,0,0,0,0,0,0,0,0,0,0,0,0,0,171.013,0,0,0
"MtrElec",12,28,22,"",118.636,0,0,0,0,0,0,0,0,0,0,0,0,0,0,0,0,0,0,0,0,118.636,0,0,0
"MtrElec",12,28,23,"",167.693,0,0,0,0,0,0,0,0,0,0,0,0,0,0,0,0,0,0,0,0,167.693,0,0,0
"MtrElec",12,28,24,"",106.334,0,0,0,0,0,0,0,0,0,0,0,0,0,0,0,0,0,0,0,0,106.334,0,0,0
"MtrElec",12,29,1,"",70.4989,0,0,0,0,0,0,0,0,0,0,0,0,0,0,0,0,0,0,0,0,70.4989,0,0,0
"MtrElec",12,29,2,"",67.5549,0,0,0,0,0,0,0,0,0,0,0,0,0,0,0,0,0,0,0,0,67.5549,0,0,0
"MtrElec",12,29,3,"",68.9297,0,0,0,0,0,0,0,0,0,0,0,0,0,0,0,0,0,0,0,0,68.9297,0,0,0
"MtrElec",12,29,4,"",70.2123,0,0,0,0,0,0,0,0,0,0,0,0,0,0,0,0,0,0,0,0,70.2123,0,0,0
"MtrElec",12,29,5,"",70.1273,0,0,0,0,0,0,0,0,0,0,0,0,0,0,0,0,0,0,0,0,70.1273,0,0,0
"MtrElec",12,29,6,"",82.958,0,0,0,0,0,0,0,0,0,0,0,0,0,0,0,0,0,0,0,0,82.958,0,0,0
"MtrElec",12,29,7,"",136.048,0,0,0,0,0,0,0,0,0,0,0,0,0,0,0,0,0,0,0,0,136.048,0,0,0
"MtrElec",12,29,8,"",146.926,0,0,0,0,0,0,0,0,0,0,0,0,0,0,0,0,0,0,0,0,146.926,0,0,0
"MtrElec",12,29,9,"",158.698,0,0,0,0,0,0,0,0,0,0,0,0,0,0,0,0,0,0,0,0,160.061,0,0,-1.36284
"MtrElec",12,29,10,"",103.804,0,0,0,0,0,0,0,0,0,0,0,0,0,0,0,0,0,0,0,0,140.517,0,0,-36.7133
"MtrElec",12,29,11,"",105.962,0,0,0,0,0,0,0,0,0,0,0,0,0,0,0,0,0,0,0,0,122.783,0,0,-16.8213
"MtrElec",12,29,12,"",93.0235,0,0,0,0,0,0,0,0,0,0,0,0,0,0,0,0,0,0,0,0,147.88,0,0,-54.8569
"MtrElec",12,29,13,"",100.39,0,0,0,0,0,0,0,0,0,0,0,0,0,0,0,0,0,0,0,0,160.418,0,0,-60.0279
"MtrElec",12,29,14,"",44.7822,0,0,0,0,0,0,0,0,0,0,0,0,0,0,0,0,0,0,0,0,75.2619,0,0,-30.4797
"MtrElec",12,29,15,"",80.7273,0,0,0,0,0,0,0,0,0,0,0,0,0,0,0,0,0,0,0,0,88.1161,0,0,-7.38882
"MtrElec",12,29,16,"",48.7365,0,0,0,0,0,0,0,0,0,0,0,0,0,0,0,0,0,0,0,0,116.976,0,0,-68.2395
"MtrElec",12,29,17,"",74.1883,0,0,0,0,0,0,0,0,0,0,0,0,0,0,0,0,0,0,0,0,98.0263,0,0,-23.838
"MtrElec",12,29,18,"",160.286,0,0,0,0,0,0,0,0,0,0,0,0,0,0,0,0,0,0,0,0,160.286,0,0,0
"MtrElec",12,29,19,"",166.85,0,0,0,0,0,0,0,0,0,0,0,0,0,0,0,0,0,0,0,0,166.85,0,0,0
"MtrElec",12,29,20,"",135.881,0,0,0,0,0,0,0,0,0,0,0,0,0,0,0,0,0,0,0,0,135.881,0,0,0
"MtrElec",12,29,21,"",183.662,0,0,0,0,0,0,0,0,0,0,0,0,0,0,0,0,0,0,0,0,183.662,0,0,0
"MtrElec",12,29,22,"",123.775,0,0,0,0,0,0,0,0,0,0,0,0,0,0,0,0,0,0,0,0,123.775,0,0,0
"MtrElec",12,29,23,"",142.779,0,0,0,0,0,0,0,0,0,0,0,0,0,0,0,0,0,0,0,0,142.779,0,0,0
"MtrElec",12,29,24,"",139.875,0,0,0,0,0,0,0,0,0,0,0,0,0,0,0,0,0,0,0,0,139.875,0,0,0
"MtrElec",12,30,1,"",95.4765,0,0,0,0,0,0,0,0,0,0,0,0,0,0,0,0,0,0,0,0,95.4765,0,0,0
"MtrElec",12,30,2,"",76.0453,0,0,0,0,0,0,0,0,0,0,0,0,0,0,0,0,0,0,0,0,76.0453,0,0,0
"MtrElec",12,30,3,"",75.5444,0,0,0,0,0,0,0,0,0,0,0,0,0,0,0,0,0,0,0,0,75.5444,0,0,0
"MtrElec",12,30,4,"",76.6339,0,0,0,0,0,0,0,0,0,0,0,0,0,0,0,0,0,0,0,0,76.6339,0,0,0
"MtrElec",12,30,5,"",76.754,0,0,0,0,0,0,0,0,0,0,0,0,0,0,0,0,0,0,0,0,76.754,0,0,0
"MtrElec",12,30,6,"",82.2977,0,0,0,0,0,0,0,0,0,0,0,0,0,0,0,0,0,0,0,0,82.2977,0,0,0
"MtrElec",12,30,7,"",173.624,0,0,0,0,0,0,0,0,0,0,0,0,0,0,0,0,0,0,0,0,173.624,0,0,0
"MtrElec",12,30,8,"",112.174,0,0,0,0,0,0,0,0,0,0,0,0,0,0,0,0,0,0,0,0,153.749,0,0,-41.5742
"MtrElec",12,30,9,"",48.9344,0,0,0,0,0,0,0,0,0,0,0,0,0,0,0,0,0,0,0,0,168.284,0,0,-119.349
"MtrElec",12,30,10,"",0.0000005,0,0,0,0,0,0,0,0,0,0,0,0,0,0,0,0,0,0,0,0,168.469,0,6.95906,-175.428
"MtrElec",12,30,11,"",0.0000039,0,0,0,0,0,0,0,0,0,0,0,0,0,0,0,0,0,0,0,0,161.953,0,48.4511,-210.404
"MtrElec",12,30,12,"",-1.20765,0,0,0,0,0,0,0,0,0,0,0,0,0,0,0,0,0,0,0,0,134.079,0,94.4224,-229.709
"MtrElec",12,30,13,"",0,0,0,0,0,0,0,0,0,0,0,0,0,0,0,0,0,0,0,0,0,132.929,0,42.1782,-175.107
"MtrElec",12,30,14,"",-19.9927,0,0,0,0,0,0,0,0,0,0,0,0,0,0,0,0,0,0,0,0,76.9031,0,94.4224,-191.318
"MtrElec",12,30,15,"",0.0000039,0,0,0,0,0,0,0,0,0,0,0,0,0,0,0,0,0,0,0,0,83.7667,0,65.0177,-148.784
"MtrElec",12,30,16,"",24.5236,0,0,0,0,0,0,0,0,0,0,0,0,0,0,0,0,0,0,0,0,126.175,0,0,-101.651
"MtrElec",12,30,17,"",117.121,0,0,0,0,0,0,0,0,0,0,0,0,0,0,0,0,0,0,0,0,136.173,0,0,-19.0524
"MtrElec",12,30,18,"",163.009,0,0,0,0,0,0,0,0,0,0,0,0,0,0,0,0,0,0,0,0,163.009,0,0,0
"MtrElec",12,30,19,"",70.2519,0,0,0,0,0,0,0,0,0,0,0,0,0,0,0,0,0,0,0,0,164.674,0,-94.4224,0
"MtrElec",12,30,20,"",69.2306,0,0,0,0,0,0,0,0,0,0,0,0,0,0,0,0,0,0,0,0,163.653,0,-94.4224,0
"MtrElec",12,30,21,"",129.603,0,0,0,0,0,0,0,0,0,0,0,0,0,0,0,0,0,0,0,0,224.026,0,-94.4224,0
"MtrElec",12,30,22,"",119.36,0,0,0,0,0,0,0,0,0,0,0,0,0,0,0,0,0,0,0,0,153.277,0,-33.9171,0
"MtrElec",12,30,23,"",120.299,0,0,0,0,0,0,0,0,0,0,0,0,0,0,0,0,0,0,0,0,120.299,0,0,0
"MtrElec",12,30,24,"",132.319,0,0,0,0,0,0,0,0,0,0,0,0,0,0,0,0,0,0,0,0,132.319,0,0,0
"MtrElec",12,31,1,"",85.6867,0,0,0,0,0,0,0,0,0,0,0,0,0,0,0,0,0,0,0,0,85.6867,0,0,0
"MtrElec",12,31,2,"",75.6587,0,0,0,0,0,0,0,0,0,0,0,0,0,0,0,0,0,0,0,0,75.6587,0,0,0
"MtrElec",12,31,3,"",74.6078,0,0,0,0,0,0,0,0,0,0,0,0,0,0,0,0,0,0,0,0,74.6078,0,0,0
"MtrElec",12,31,4,"",74.6836,0,0,0,0,0,0,0,0,0,0,0,0,0,0,0,0,0,0,0,0,74.6836,0,0,0
"MtrElec",12,31,5,"",71.6236,0,0,0,0,0,0,0,0,0,0,0,0,0,0,0,0,0,0,0,0,71.6236,0,0,0
"MtrElec",12,31,6,"",76.2538,0,0,0,0,0,0,0,0,0,0,0,0,0,0,0,0,0,0,0,0,76.2538,0,0,0
"MtrElec",12,31,7,"",124.741,0,0,0,0,0,0,0,0,0,0,0,0,0,0,0,0,0,0,0,0,124.741,0,0,0
"MtrElec",12,31,8,"",148.115,0,0,0,0,0,0,0,0,0,0,0,0,0,0,0,0,0,0,0,0,148.115,0,0,0
"MtrElec",12,31,9,"",188.222,0,0,0,0,0,0,0,0,0,0,0,0,0,0,0,0,0,0,0,0,192.837,0,0,-4.61495
"MtrElec",12,31,10,"",188.272,0,0,0,0,0,0,0,0,0,0,0,0,0,0,0,0,0,0,0,0,193.154,0,0,-4.88217
"MtrElec",12,31,11,"",170.232,0,0,0,0,0,0,0,0,0,0,0,0,0,0,0,0,0,0,0,0,177.13,0,0,-6.89831
"MtrElec",12,31,12,"",147.411,0,0,0,0,0,0,0,0,0,0,0,0,0,0,0,0,0,0,0,0,161.588,0,0,-14.1768
"MtrElec",12,31,13,"",117.351,0,0,0,0,0,0,0,0,0,0,0,0,0,0,0,0,0,0,0,0,129.788,0,0,-12.4369
"MtrElec",12,31,14,"",21.57,0,0,0,0,0,0,0,0,0,0,0,0,0,0,0,0,0,0,0,0,115.914,0,0,-94.3438
"MtrElec",12,31,15,"",0.0000039,0,0,0,0,0,0,0,0,0,0,0,0,0,0,0,0,0,0,0,0,90.0355,0,62.9287,-152.964
"MtrElec",12,31,16,"",16.3187,0,0,0,0,0,0,0,0,0,0,0,0,0,0,0,0,0,0,0,0,117.391,0,0,-101.072
"MtrElec",12,31,17,"",82.7441,0,0,0,0,0,0,0,0,0,0,0,0,0,0,0,0,0,0,0,0,97.7302,0,0,-14.986
"MtrElec",12,31,18,"",176.519,0,0,0,0,0,0,0,0,0,0,0,0,0,0,0,0,0,0,0,0,176.519,0,0,0
"MtrElec",12,31,19,"",129.727,0,0,0,0,0,0,0,0,0,0,0,0,0,0,0,0,0,0,0,0,186.52,0,-56.7932,0
"MtrElec",12,31,20,"",173.016,0,0,0,0,0,0,0,0,0,0,0,0,0,0,0,0,0,0,0,0,173.016,0,0,0
"MtrElec",12,31,21,"",217.643,0,0,0,0,0,0,0,0,0,0,0,0,0,0,0,0,0,0,0,0,217.643,0,0,0
"MtrElec",12,31,22,"",171.989,0,0,0,0,0,0,0,0,0,0,0,0,0,0,0,0,0,0,0,0,171.989,0,0,0
"MtrElec",12,31,23,"",187.982,0,0,0,0,0,0,0,0,0,0,0,0,0,0,0,0,0,0,0,0,187.982,0,0,0
"MtrElec",12,31,24,"",115.587,0,0,0,0,0,0,0,0,0,0,0,0,0,0,0,0,0,0,0,0,115.587,0,0,0

