"Title 24 Multi Family Compliance  /  Standard (PV-Batt only)  /  Jefferson Murreita Bld 3A.cibd22",001
"Tue 16-Dec-25   3:5 pm"
"Energy Use","Hour"
"Meter","Mon","Day","Hr","Subhr","Tot","Clg","Htg","HPBU","Dhw","DhwBU","DhwMFL","FanC","FanH","FanV","Fan","Aux","Proc","Lit","Rcp","Ext","Refr","Dish","Dry","Wash","Cook","User1","User2","BT","PV"
"MtrElec",1,1,1,"",65.1098,0,0,0,0,0,0,0,0,0,0,0,0,0,0,0,0,0,0,0,0,65.1098,0,0,0
"MtrElec",1,1,2,"",61.5492,0,0,0,0,0,0,0,0,0,0,0,0,0,0,0,0,0,0,0,0,61.5492,0,0,0
"MtrElec",1,1,3,"",108.774,0,0,0,0,0,0,0,0,0,0,0,0,0,0,0,0,0,0,0,0,108.774,0,0,0
"MtrElec",1,1,4,"",62.1658,0,0,0,0,0,0,0,0,0,0,0,0,0,0,0,0,0,0,0,0,62.1658,0,0,0
"MtrElec",1,1,5,"",59.0529,0,0,0,0,0,0,0,0,0,0,0,0,0,0,0,0,0,0,0,0,59.0529,0,0,0
"MtrElec",1,1,6,"",74.6781,0,0,0,0,0,0,0,0,0,0,0,0,0,0,0,0,0,0,0,0,74.6781,0,0,0
"MtrElec",1,1,7,"",130.869,0,0,0,0,0,0,0,0,0,0,0,0,0,0,0,0,0,0,0,0,130.869,0,0,0
"MtrElec",1,1,8,"",136.944,0,0,0,0,0,0,0,0,0,0,0,0,0,0,0,0,0,0,0,0,148.459,0,0,-11.5155
"MtrElec",1,1,9,"",121.697,0,0,0,0,0,0,0,0,0,0,0,0,0,0,0,0,0,0,0,0,160.211,0,0,-38.5134
"MtrElec",1,1,10,"",93.4592,0,0,0,0,0,0,0,0,0,0,0,0,0,0,0,0,0,0,0,0,139.847,0,0,-46.388
"MtrElec",1,1,11,"",89.7929,0,0,0,0,0,0,0,0,0,0,0,0,0,0,0,0,0,0,0,0,187.84,0,0,-98.0471
"MtrElec",1,1,12,"",57.8057,0,0,0,0,0,0,0,0,0,0,0,0,0,0,0,0,0,0,0,0,139.618,0,0,-81.8126
"MtrElec",1,1,13,"",0.0000039,0,0,0,0,0,0,0,0,0,0,0,0,0,0,0,0,0,0,0,0,86.0429,0,35.3748,-121.418
"MtrElec",1,1,14,"",0.0000039,0,0,0,0,0,0,0,0,0,0,0,0,0,0,0,0,0,0,0,0,70.6292,0,41.0199,-111.649
"MtrElec",1,1,15,"",20.4796,0,0,0,0,0,0,0,0,0,0,0,0,0,0,0,0,0,0,0,0,87.837,0,0,-67.3574
"MtrElec",1,1,16,"",49.6546,0,0,0,0,0,0,0,0,0,0,0,0,0,0,0,0,0,0,0,0,69.4169,0,0,-19.7623
"MtrElec",1,1,17,"",111.959,0,0,0,0,0,0,0,0,0,0,0,0,0,0,0,0,0,0,0,0,114.38,0,0,-2.42084
"MtrElec",1,1,18,"",157.075,0,0,0,0,0,0,0,0,0,0,0,0,0,0,0,0,0,0,0,0,157.075,0,0,0
"MtrElec",1,1,19,"",59.2715,0,0,0,0,0,0,0,0,0,0,0,0,0,0,0,0,0,0,0,0,127.147,0,-67.8758,0
"MtrElec",1,1,20,"",138.903,0,0,0,0,0,0,0,0,0,0,0,0,0,0,0,0,0,0,0,0,139.973,0,-1.07044,0
"MtrElec",1,1,21,"",85.1919,0,0,0,0,0,0,0,0,0,0,0,0,0,0,0,0,0,0,0,0,85.1919,0,0,0
"MtrElec",1,1,22,"",121.389,0,0,0,0,0,0,0,0,0,0,0,0,0,0,0,0,0,0,0,0,121.389,0,0,0
"MtrElec",1,1,23,"",106.452,0,0,0,0,0,0,0,0,0,0,0,0,0,0,0,0,0,0,0,0,106.452,0,0,0
"MtrElec",1,1,24,"",76.8864,0,0,0,0,0,0,0,0,0,0,0,0,0,0,0,0,0,0,0,0,76.8864,0,0,0
"MtrElec",1,2,1,"",56.7569,0,0,0,0,0,0,0,0,0,0,0,0,0,0,0,0,0,0,0,0,56.7569,0,0,0
"MtrElec",1,2,2,"",57.2803,0,0,0,0,0,0,0,0,0,0,0,0,0,0,0,0,0,0,0,0,57.2803,0,0,0
"MtrElec",1,2,3,"",56.1232,0,0,0,0,0,0,0,0,0,0,0,0,0,0,0,0,0,0,0,0,56.1232,0,0,0
"MtrElec",1,2,4,"",55.5435,0,0,0,0,0,0,0,0,0,0,0,0,0,0,0,0,0,0,0,0,55.5435,0,0,0
"MtrElec",1,2,5,"",54.8437,0,0,0,0,0,0,0,0,0,0,0,0,0,0,0,0,0,0,0,0,54.8437,0,0,0
"MtrElec",1,2,6,"",57.8286,0,0,0,0,0,0,0,0,0,0,0,0,0,0,0,0,0,0,0,0,57.8286,0,0,0
"MtrElec",1,2,7,"",96.2251,0,0,0,0,0,0,0,0,0,0,0,0,0,0,0,0,0,0,0,0,96.2251,0,0,0
"MtrElec",1,2,8,"",94.4674,0,0,0,0,0,0,0,0,0,0,0,0,0,0,0,0,0,0,0,0,103.851,0,0,-9.38385
"MtrElec",1,2,9,"",116.59,0,0,0,0,0,0,0,0,0,0,0,0,0,0,0,0,0,0,0,0,122.332,0,0,-5.74207
"MtrElec",1,2,10,"",88.2721,0,0,0,0,0,0,0,0,0,0,0,0,0,0,0,0,0,0,0,0,109.417,0,0,-21.1447
"MtrElec",1,2,11,"",88.1461,0,0,0,0,0,0,0,0,0,0,0,0,0,0,0,0,0,0,0,0,115.621,0,0,-27.4746
"MtrElec",1,2,12,"",96.3331,0,0,0,0,0,0,0,0,0,0,0,0,0,0,0,0,0,0,0,0,112.791,0,0,-16.4579
"MtrElec",1,2,13,"",45.38,0,0,0,0,0,0,0,0,0,0,0,0,0,0,0,0,0,0,0,0,59.8083,0,0,-14.4283
"MtrElec",1,2,14,"",48.4911,0,0,0,0,0,0,0,0,0,0,0,0,0,0,0,0,0,0,0,0,59.7708,0,0,-11.2797
"MtrElec",1,2,15,"",90.2022,0,0,0,0,0,0,0,0,0,0,0,0,0,0,0,0,0,0,0,0,96.7911,0,0,-6.58898
"MtrElec",1,2,16,"",62.1261,0,0,0,0,0,0,0,0,0,0,0,0,0,0,0,0,0,0,0,0,65.0801,0,0,-2.95402
"MtrElec",1,2,17,"",81.2843,0,0,0,0,0,0,0,0,0,0,0,0,0,0,0,0,0,0,0,0,81.2843,0,0,0
"MtrElec",1,2,18,"",133.591,0,0,0,0,0,0,0,0,0,0,0,0,0,0,0,0,0,0,0,0,133.591,0,0,0
"MtrElec",1,2,19,"",99.1367,0,0,0,0,0,0,0,0,0,0,0,0,0,0,0,0,0,0,0,0,99.1367,0,0,0
"MtrElec",1,2,20,"",105.494,0,0,0,0,0,0,0,0,0,0,0,0,0,0,0,0,0,0,0,0,105.494,0,0,0
"MtrElec",1,2,21,"",150.908,0,0,0,0,0,0,0,0,0,0,0,0,0,0,0,0,0,0,0,0,150.908,0,0,0
"MtrElec",1,2,22,"",126.918,0,0,0,0,0,0,0,0,0,0,0,0,0,0,0,0,0,0,0,0,126.918,0,0,0
"MtrElec",1,2,23,"",111.214,0,0,0,0,0,0,0,0,0,0,0,0,0,0,0,0,0,0,0,0,111.214,0,0,0
"MtrElec",1,2,24,"",83.4698,0,0,0,0,0,0,0,0,0,0,0,0,0,0,0,0,0,0,0,0,83.4698,0,0,0
"MtrElec",1,3,1,"",54.0418,0,0,0,0,0,0,0,0,0,0,0,0,0,0,0,0,0,0,0,0,54.0418,0,0,0
"MtrElec",1,3,2,"",51.9884,0,0,0,0,0,0,0,0,0,0,0,0,0,0,0,0,0,0,0,0,51.9884,0,0,0
"MtrElec",1,3,3,"",53.875,0,0,0,0,0,0,0,0,0,0,0,0,0,0,0,0,0,0,0,0,53.875,0,0,0
"MtrElec",1,3,4,"",56.3552,0,0,0,0,0,0,0,0,0,0,0,0,0,0,0,0,0,0,0,0,56.3552,0,0,0
"MtrElec",1,3,5,"",83.3473,0,0,0,0,0,0,0,0,0,0,0,0,0,0,0,0,0,0,0,0,83.3473,0,0,0
"MtrElec",1,3,6,"",86.7598,0,0,0,0,0,0,0,0,0,0,0,0,0,0,0,0,0,0,0,0,86.7598,0,0,0
"MtrElec",1,3,7,"",61.5233,0,0,0,0,0,0,0,0,0,0,0,0,0,0,0,0,0,0,0,0,61.5233,0,0,0
"MtrElec",1,3,8,"",45.0707,0,0,0,0,0,0,0,0,0,0,0,0,0,0,0,0,0,0,0,0,77.6084,0,0,-32.5378
"MtrElec",1,3,9,"",0,0,0,0,0,0,0,0,0,0,0,0,0,0,0,0,0,0,0,0,0,88.1833,0,3.57857,-91.7619
"MtrElec",1,3,10,"",0.0000020,0,0,0,0,0,0,0,0,0,0,0,0,0,0,0,0,0,0,0,0,108.449,0,29.2307,-137.679
"MtrElec",1,3,11,"",0.763328,0,0,0,0,0,0,0,0,0,0,0,0,0,0,0,0,0,0,0,0,170.174,0,0,-169.41
"MtrElec",1,3,12,"",0,0,0,0,0,0,0,0,0,0,0,0,0,0,0,0,0,0,0,0,0,120.853,0,63.3389,-184.191
"MtrElec",1,3,13,"",0,0,0,0,0,0,0,0,0,0,0,0,0,0,0,0,0,0,0,0,0,135.02,0,47.8177,-182.837
"MtrElec",1,3,14,"",0,0,0,0,0,0,0,0,0,0,0,0,0,0,0,0,0,0,0,0,0,122.335,0,42.6697,-165.005
"MtrElec",1,3,15,"",0,0,0,0,0,0,0,0,0,0,0,0,0,0,0,0,0,0,0,0,0,121.689,0,7.93091,-129.619
"MtrElec",1,3,16,"",3.34491,0,0,0,0,0,0,0,0,0,0,0,0,0,0,0,0,0,0,0,0,84.6467,0,0,-81.3018
"MtrElec",1,3,17,"",93.6916,0,0,0,0,0,0,0,0,0,0,0,0,0,0,0,0,0,0,0,0,117.992,0,0,-24.3002
"MtrElec",1,3,18,"",113.653,0,0,0,0,0,0,0,0,0,0,0,0,0,0,0,0,0,0,0,0,113.653,0,0,0
"MtrElec",1,3,19,"",109.626,0,0,0,0,0,0,0,0,0,0,0,0,0,0,0,0,0,0,0,0,177.502,0,-67.8758,0
"MtrElec",1,3,20,"",98.7629,0,0,0,0,0,0,0,0,0,0,0,0,0,0,0,0,0,0,0,0,166.639,0,-67.8758,0
"MtrElec",1,3,21,"",100.016,0,0,0,0,0,0,0,0,0,0,0,0,0,0,0,0,0,0,0,0,139.861,0,-39.8447,0
"MtrElec",1,3,22,"",115.42,0,0,0,0,0,0,0,0,0,0,0,0,0,0,0,0,0,0,0,0,115.42,0,0,0
"MtrElec",1,3,23,"",107.356,0,0,0,0,0,0,0,0,0,0,0,0,0,0,0,0,0,0,0,0,107.356,0,0,0
"MtrElec",1,3,24,"",116.96,0,0,0,0,0,0,0,0,0,0,0,0,0,0,0,0,0,0,0,0,116.96,0,0,0
"MtrElec",1,4,1,"",61.3462,0,0,0,0,0,0,0,0,0,0,0,0,0,0,0,0,0,0,0,0,61.3462,0,0,0
"MtrElec",1,4,2,"",55.7202,0,0,0,0,0,0,0,0,0,0,0,0,0,0,0,0,0,0,0,0,55.7202,0,0,0
"MtrElec",1,4,3,"",56.6354,0,0,0,0,0,0,0,0,0,0,0,0,0,0,0,0,0,0,0,0,56.6354,0,0,0
"MtrElec",1,4,4,"",59.3719,0,0,0,0,0,0,0,0,0,0,0,0,0,0,0,0,0,0,0,0,59.3719,0,0,0
"MtrElec",1,4,5,"",72.1589,0,0,0,0,0,0,0,0,0,0,0,0,0,0,0,0,0,0,0,0,72.1589,0,0,0
"MtrElec",1,4,6,"",60.4136,0,0,0,0,0,0,0,0,0,0,0,0,0,0,0,0,0,0,0,0,60.4136,0,0,0
"MtrElec",1,4,7,"",113.57,0,0,0,0,0,0,0,0,0,0,0,0,0,0,0,0,0,0,0,0,113.57,0,0,0
"MtrElec",1,4,8,"",97.6513,0,0,0,0,0,0,0,0,0,0,0,0,0,0,0,0,0,0,0,0,133.063,0,0,-35.412
"MtrElec",1,4,9,"",0,0,0,0,0,0,0,0,0,0,0,0,0,0,0,0,0,0,0,0,0,95.3311,0,0.4095,-95.7406
"MtrElec",1,4,10,"",0,0,0,0,0,0,0,0,0,0,0,0,0,0,0,0,0,0,0,0,0,121.766,0,18.3946,-140.161
"MtrElec",1,4,11,"",0.0000010,0,0,0,0,0,0,0,0,0,0,0,0,0,0,0,0,0,0,0,0,156.622,0,10.5308,-167.153
"MtrElec",1,4,12,"",0.0000010,0,0,0,0,0,0,0,0,0,0,0,0,0,0,0,0,0,0,0,0,165.969,0,15.0151,-180.984
"MtrElec",1,4,13,"",0,0,0,0,0,0,0,0,0,0,0,0,0,0,0,0,0,0,0,0,0,158.446,0,21.0473,-179.494
"MtrElec",1,4,14,"",0.0000020,0,0,0,0,0,0,0,0,0,0,0,0,0,0,0,0,0,0,0,0,131.556,0,31.179,-162.735
"MtrElec",1,4,15,"",4.29984,0,0,0,0,0,0,0,0,0,0,0,0,0,0,0,0,0,0,0,0,135.093,0,0,-130.793
"MtrElec",1,4,16,"",0,0,0,0,0,0,0,0,0,0,0,0,0,0,0,0,0,0,0,0,0,83.044,0,0.583938,-83.6279
"MtrElec",1,4,17,"",96.6992,0,0,0,0,0,0,0,0,0,0,0,0,0,0,0,0,0,0,0,0,121.608,0,0,-24.9088
"MtrElec",1,4,18,"",90.7141,0,0,0,0,0,0,0,0,0,0,0,0,0,0,0,0,0,0,0,0,90.7141,0,0,0
"MtrElec",1,4,19,"",108.281,0,0,0,0,0,0,0,0,0,0,0,0,0,0,0,0,0,0,0,0,176.156,0,-67.8758,0
"MtrElec",1,4,20,"",120.058,0,0,0,0,0,0,0,0,0,0,0,0,0,0,0,0,0,0,0,0,139.87,0,-19.8114,0
"MtrElec",1,4,21,"",146.179,0,0,0,0,0,0,0,0,0,0,0,0,0,0,0,0,0,0,0,0,146.179,0,0,0
"MtrElec",1,4,22,"",153.498,0,0,0,0,0,0,0,0,0,0,0,0,0,0,0,0,0,0,0,0,153.498,0,0,0
"MtrElec",1,4,23,"",82.9191,0,0,0,0,0,0,0,0,0,0,0,0,0,0,0,0,0,0,0,0,82.9191,0,0,0
"MtrElec",1,4,24,"",69.8451,0,0,0,0,0,0,0,0,0,0,0,0,0,0,0,0,0,0,0,0,69.8451,0,0,0
"MtrElec",1,5,1,"",64.3826,0,0,0,0,0,0,0,0,0,0,0,0,0,0,0,0,0,0,0,0,64.3826,0,0,0
"MtrElec",1,5,2,"",55.0211,0,0,0,0,0,0,0,0,0,0,0,0,0,0,0,0,0,0,0,0,55.0211,0,0,0
"MtrElec",1,5,3,"",79.2804,0,0,0,0,0,0,0,0,0,0,0,0,0,0,0,0,0,0,0,0,79.2804,0,0,0
"MtrElec",1,5,4,"",57.2588,0,0,0,0,0,0,0,0,0,0,0,0,0,0,0,0,0,0,0,0,57.2588,0,0,0
"MtrElec",1,5,5,"",56.2041,0,0,0,0,0,0,0,0,0,0,0,0,0,0,0,0,0,0,0,0,56.2041,0,0,0
"MtrElec",1,5,6,"",56.4764,0,0,0,0,0,0,0,0,0,0,0,0,0,0,0,0,0,0,0,0,56.4764,0,0,0
"MtrElec",1,5,7,"",96.5765,0,0,0,0,0,0,0,0,0,0,0,0,0,0,0,0,0,0,0,0,96.5765,0,0,0
"MtrElec",1,5,8,"",87.0781,0,0,0,0,0,0,0,0,0,0,0,0,0,0,0,0,0,0,0,0,114.246,0,0,-27.1682
"MtrElec",1,5,9,"",44.4832,0,0,0,0,0,0,0,0,0,0,0,0,0,0,0,0,0,0,0,0,117.512,0,0,-73.0288
"MtrElec",1,5,10,"",1.26102,0,0,0,0,0,0,0,0,0,0,0,0,0,0,0,0,0,0,0,0,123.999,0,0,-122.738
"MtrElec",1,5,11,"",0,0,0,0,0,0,0,0,0,0,0,0,0,0,0,0,0,0,0,0,0,147.61,0,4.44683,-152.057
"MtrElec",1,5,12,"",0.0000010,0,0,0,0,0,0,0,0,0,0,0,0,0,0,0,0,0,0,0,0,127.855,0,16.3248,-144.18
"MtrElec",1,5,13,"",0,0,0,0,0,0,0,0,0,0,0,0,0,0,0,0,0,0,0,0,0,127.486,0,52.3171,-179.803
"MtrElec",1,5,14,"",-31.5332,0,0,0,0,0,0,0,0,0,0,0,0,0,0,0,0,0,0,0,0,62.7704,0,67.8758,-162.179
"MtrElec",1,5,15,"",0,0,0,0,0,0,0,0,0,0,0,0,0,0,0,0,0,0,0,0,0,120.451,0,9.30583,-129.756
"MtrElec",1,5,16,"",10.1181,0,0,0,0,0,0,0,0,0,0,0,0,0,0,0,0,0,0,0,0,92.817,0,0,-82.6989
"MtrElec",1,5,17,"",74.4861,0,0,0,0,0,0,0,0,0,0,0,0,0,0,0,0,0,0,0,0,99.2383,0,0,-24.7522
"MtrElec",1,5,18,"",123.332,0,0,0,0,0,0,0,0,0,0,0,0,0,0,0,0,0,0,0,0,123.332,0,0,0
"MtrElec",1,5,19,"",22.9366,0,0,0,0,0,0,0,0,0,0,0,0,0,0,0,0,0,0,0,0,90.8124,0,-67.8758,0
"MtrElec",1,5,20,"",43.4046,0,0,0,0,0,0,0,0,0,0,0,0,0,0,0,0,0,0,0,0,111.148,0,-67.7431,0
"MtrElec",1,5,21,"",136.912,0,0,0,0,0,0,0,0,0,0,0,0,0,0,0,0,0,0,0,0,136.912,0,0,0
"MtrElec",1,5,22,"",90.2351,0,0,0,0,0,0,0,0,0,0,0,0,0,0,0,0,0,0,0,0,90.2351,0,0,0
"MtrElec",1,5,23,"",106.994,0,0,0,0,0,0,0,0,0,0,0,0,0,0,0,0,0,0,0,0,106.994,0,0,0
"MtrElec",1,5,24,"",79.5029,0,0,0,0,0,0,0,0,0,0,0,0,0,0,0,0,0,0,0,0,79.5029,0,0,0
"MtrElec",1,6,1,"",74.7139,0,0,0,0,0,0,0,0,0,0,0,0,0,0,0,0,0,0,0,0,74.7139,0,0,0
"MtrElec",1,6,2,"",53.6177,0,0,0,0,0,0,0,0,0,0,0,0,0,0,0,0,0,0,0,0,53.6177,0,0,0
"MtrElec",1,6,3,"",51.552,0,0,0,0,0,0,0,0,0,0,0,0,0,0,0,0,0,0,0,0,51.552,0,0,0
"MtrElec",1,6,4,"",49.6296,0,0,0,0,0,0,0,0,0,0,0,0,0,0,0,0,0,0,0,0,49.6296,0,0,0
"MtrElec",1,6,5,"",49.1205,0,0,0,0,0,0,0,0,0,0,0,0,0,0,0,0,0,0,0,0,49.1205,0,0,0
"MtrElec",1,6,6,"",86.2705,0,0,0,0,0,0,0,0,0,0,0,0,0,0,0,0,0,0,0,0,86.2705,0,0,0
"MtrElec",1,6,7,"",82.3588,0,0,0,0,0,0,0,0,0,0,0,0,0,0,0,0,0,0,0,0,82.3588,0,0,0
"MtrElec",1,6,8,"",77.0628,0,0,0,0,0,0,0,0,0,0,0,0,0,0,0,0,0,0,0,0,100.431,0,0,-23.3681
"MtrElec",1,6,9,"",67.6963,0,0,0,0,0,0,0,0,0,0,0,0,0,0,0,0,0,0,0,0,133.163,0,0,-65.4666
"MtrElec",1,6,10,"",43.9199,0,0,0,0,0,0,0,0,0,0,0,0,0,0,0,0,0,0,0,0,139.89,0,0,-95.9703
"MtrElec",1,6,11,"",0,0,0,0,0,0,0,0,0,0,0,0,0,0,0,0,0,0,0,0,0,124.927,0,29.0275,-153.955
"MtrElec",1,6,12,"",0,0,0,0,0,0,0,0,0,0,0,0,0,0,0,0,0,0,0,0,0,107.629,0,57.3595,-164.989
"MtrElec",1,6,13,"",0,0,0,0,0,0,0,0,0,0,0,0,0,0,0,0,0,0,0,0,0,101.745,0,4.97645,-106.721
"MtrElec",1,6,14,"",11.3656,0,0,0,0,0,0,0,0,0,0,0,0,0,0,0,0,0,0,0,0,59.3972,0,0,-48.0316
"MtrElec",1,6,15,"",70.2924,0,0,0,0,0,0,0,0,0,0,0,0,0,0,0,0,0,0,0,0,90.0293,0,0,-19.7369
"MtrElec",1,6,16,"",38.9765,0,0,0,0,0,0,0,0,0,0,0,0,0,0,0,0,0,0,0,0,65.6127,0,0,-26.6362
"MtrElec",1,6,17,"",95.9202,0,0,0,0,0,0,0,0,0,0,0,0,0,0,0,0,0,0,0,0,97.6933,0,0,-1.77309
"MtrElec",1,6,18,"",118.807,0,0,0,0,0,0,0,0,0,0,0,0,0,0,0,0,0,0,0,0,118.807,0,0,0
"MtrElec",1,6,19,"",39.5722,0,0,0,0,0,0,0,0,0,0,0,0,0,0,0,0,0,0,0,0,107.448,0,-67.8758,0
"MtrElec",1,6,20,"",132.235,0,0,0,0,0,0,0,0,0,0,0,0,0,0,0,0,0,0,0,0,146.815,0,-14.5798,0
"MtrElec",1,6,21,"",165.414,0,0,0,0,0,0,0,0,0,0,0,0,0,0,0,0,0,0,0,0,165.414,0,0,0
"MtrElec",1,6,22,"",102.308,0,0,0,0,0,0,0,0,0,0,0,0,0,0,0,0,0,0,0,0,102.308,0,0,0
"MtrElec",1,6,23,"",108.29,0,0,0,0,0,0,0,0,0,0,0,0,0,0,0,0,0,0,0,0,108.29,0,0,0
"MtrElec",1,6,24,"",72.9911,0,0,0,0,0,0,0,0,0,0,0,0,0,0,0,0,0,0,0,0,72.9911,0,0,0
"MtrElec",1,7,1,"",69.3033,0,0,0,0,0,0,0,0,0,0,0,0,0,0,0,0,0,0,0,0,69.3033,0,0,0
"MtrElec",1,7,2,"",49.2426,0,0,0,0,0,0,0,0,0,0,0,0,0,0,0,0,0,0,0,0,49.2426,0,0,0
"MtrElec",1,7,3,"",48.8113,0,0,0,0,0,0,0,0,0,0,0,0,0,0,0,0,0,0,0,0,48.8113,0,0,0
"MtrElec",1,7,4,"",55.5247,0,0,0,0,0,0,0,0,0,0,0,0,0,0,0,0,0,0,0,0,55.5247,0,0,0
"MtrElec",1,7,5,"",47.7768,0,0,0,0,0,0,0,0,0,0,0,0,0,0,0,0,0,0,0,0,47.7768,0,0,0
"MtrElec",1,7,6,"",57.787,0,0,0,0,0,0,0,0,0,0,0,0,0,0,0,0,0,0,0,0,57.787,0,0,0
"MtrElec",1,7,7,"",95.2693,0,0,0,0,0,0,0,0,0,0,0,0,0,0,0,0,0,0,0,0,95.2693,0,0,0
"MtrElec",1,7,8,"",77.9865,0,0,0,0,0,0,0,0,0,0,0,0,0,0,0,0,0,0,0,0,85.2554,0,0,-7.2689
"MtrElec",1,7,9,"",60.0216,0,0,0,0,0,0,0,0,0,0,0,0,0,0,0,0,0,0,0,0,101.605,0,0,-41.583
"MtrElec",1,7,10,"",0,0,0,0,0,0,0,0,0,0,0,0,0,0,0,0,0,0,0,0,0,100.41,0,3.58737,-103.997
"MtrElec",1,7,11,"",0.0000039,0,0,0,0,0,0,0,0,0,0,0,0,0,0,0,0,0,0,0,0,87.9626,0,64.975,-152.938
"MtrElec",1,7,12,"",-5.70777,0,0,0,0,0,0,0,0,0,0,0,0,0,0,0,0,0,0,0,0,92.8962,0,67.8758,-166.48
"MtrElec",1,7,13,"",-35.2738,0,0,0,0,0,0,0,0,0,0,0,0,0,0,0,0,0,0,0,0,61.6898,0,67.8758,-164.839
"MtrElec",1,7,14,"",-18.0816,0,0,0,0,0,0,0,0,0,0,0,0,0,0,0,0,0,0,0,0,83.8288,0,48.9366,-150.847
"MtrElec",1,7,15,"",-52.1976,0,0,0,0,0,0,0,0,0,0,0,0,0,0,0,0,0,0,0,0,71.5829,0,0,-123.781
"MtrElec",1,7,16,"",27.7651,0,0,0,0,0,0,0,0,0,0,0,0,0,0,0,0,0,0,0,0,89.8809,0,0,-62.1158
"MtrElec",1,7,17,"",70.0764,0,0,0,0,0,0,0,0,0,0,0,0,0,0,0,0,0,0,0,0,87.4224,0,0,-17.346
"MtrElec",1,7,18,"",114.078,0,0,0,0,0,0,0,0,0,0,0,0,0,0,0,0,0,0,0,0,114.078,0,0,0
"MtrElec",1,7,19,"",33.8531,0,0,0,0,0,0,0,0,0,0,0,0,0,0,0,0,0,0,0,0,101.729,0,-67.8758,0
"MtrElec",1,7,20,"",41.0394,0,0,0,0,0,0,0,0,0,0,0,0,0,0,0,0,0,0,0,0,108.915,0,-67.8758,0
"MtrElec",1,7,21,"",66.0381,0,0,0,0,0,0,0,0,0,0,0,0,0,0,0,0,0,0,0,0,133.914,0,-67.8758,0
"MtrElec",1,7,22,"",95.7261,0,0,0,0,0,0,0,0,0,0,0,0,0,0,0,0,0,0,0,0,120.657,0,-24.9313,0
"MtrElec",1,7,23,"",77.1379,0,0,0,0,0,0,0,0,0,0,0,0,0,0,0,0,0,0,0,0,77.1379,0,0,0
"MtrElec",1,7,24,"",64.8634,0,0,0,0,0,0,0,0,0,0,0,0,0,0,0,0,0,0,0,0,64.8634,0,0,0
"MtrElec",1,8,1,"",60.9889,0,0,0,0,0,0,0,0,0,0,0,0,0,0,0,0,0,0,0,0,60.9889,0,0,0
"MtrElec",1,8,2,"",51.3329,0,0,0,0,0,0,0,0,0,0,0,0,0,0,0,0,0,0,0,0,51.3329,0,0,0
"MtrElec",1,8,3,"",53.8436,0,0,0,0,0,0,0,0,0,0,0,0,0,0,0,0,0,0,0,0,53.8436,0,0,0
"MtrElec",1,8,4,"",56.3726,0,0,0,0,0,0,0,0,0,0,0,0,0,0,0,0,0,0,0,0,56.3726,0,0,0
"MtrElec",1,8,5,"",57.5451,0,0,0,0,0,0,0,0,0,0,0,0,0,0,0,0,0,0,0,0,57.5451,0,0,0
"MtrElec",1,8,6,"",87,0,0,0,0,0,0,0,0,0,0,0,0,0,0,0,0,0,0,0,0,87,0,0,0
"MtrElec",1,8,7,"",62.8834,0,0,0,0,0,0,0,0,0,0,0,0,0,0,0,0,0,0,0,0,62.8834,0,0,0
"MtrElec",1,8,8,"",79.8614,0,0,0,0,0,0,0,0,0,0,0,0,0,0,0,0,0,0,0,0,111.095,0,0,-31.2338
"MtrElec",1,8,9,"",39.4176,0,0,0,0,0,0,0,0,0,0,0,0,0,0,0,0,0,0,0,0,126.31,0,0,-86.8926
"MtrElec",1,8,10,"",0.0000010,0,0,0,0,0,0,0,0,0,0,0,0,0,0,0,0,0,0,0,0,115.729,0,12.2459,-127.975
"MtrElec",1,8,11,"",0,0,0,0,0,0,0,0,0,0,0,0,0,0,0,0,0,0,0,0,0,114.17,0,37.9285,-152.099
"MtrElec",1,8,12,"",0,0,0,0,0,0,0,0,0,0,0,0,0,0,0,0,0,0,0,0,0,112.739,0,54.3466,-167.086
"MtrElec",1,8,13,"",-25.2891,0,0,0,0,0,0,0,0,0,0,0,0,0,0,0,0,0,0,0,0,74.6907,0,67.8758,-167.856
"MtrElec",1,8,14,"",-29.1359,0,0,0,0,0,0,0,0,0,0,0,0,0,0,0,0,0,0,0,0,56.1843,0,67.8758,-153.196
"MtrElec",1,8,15,"",-33.5959,0,0,0,0,0,0,0,0,0,0,0,0,0,0,0,0,0,0,0,0,75.9955,0,12.978,-122.569
"MtrElec",1,8,16,"",3.41399,0,0,0,0,0,0,0,0,0,0,0,0,0,0,0,0,0,0,0,0,83.4111,0,0,-79.9971
"MtrElec",1,8,17,"",60.9001,0,0,0,0,0,0,0,0,0,0,0,0,0,0,0,0,0,0,0,0,85.1424,0,0,-24.2424
"MtrElec",1,8,18,"",89.7509,0,0,0,0,0,0,0,0,0,0,0,0,0,0,0,0,0,0,0,0,89.7509,0,0,0
"MtrElec",1,8,19,"",66.9249,0,0,0,0,0,0,0,0,0,0,0,0,0,0,0,0,0,0,0,0,134.801,0,-67.8758,0
"MtrElec",1,8,20,"",48.0223,0,0,0,0,0,0,0,0,0,0,0,0,0,0,0,0,0,0,0,0,115.898,0,-67.8758,0
"MtrElec",1,8,21,"",78.1986,0,0,0,0,0,0,0,0,0,0,0,0,0,0,0,0,0,0,0,0,146.074,0,-67.8758,0
"MtrElec",1,8,22,"",58.6904,0,0,0,0,0,0,0,0,0,0,0,0,0,0,0,0,0,0,0,0,83.6217,0,-24.9313,0
"MtrElec",1,8,23,"",104.109,0,0,0,0,0,0,0,0,0,0,0,0,0,0,0,0,0,0,0,0,104.109,0,0,0
"MtrElec",1,8,24,"",85.2308,0,0,0,0,0,0,0,0,0,0,0,0,0,0,0,0,0,0,0,0,85.2308,0,0,0
"MtrElec",1,9,1,"",75.9297,0,0,0,0,0,0,0,0,0,0,0,0,0,0,0,0,0,0,0,0,75.9297,0,0,0
"MtrElec",1,9,2,"",52.4729,0,0,0,0,0,0,0,0,0,0,0,0,0,0,0,0,0,0,0,0,52.4729,0,0,0
"MtrElec",1,9,3,"",50.0796,0,0,0,0,0,0,0,0,0,0,0,0,0,0,0,0,0,0,0,0,50.0796,0,0,0
"MtrElec",1,9,4,"",49.2907,0,0,0,0,0,0,0,0,0,0,0,0,0,0,0,0,0,0,0,0,49.2907,0,0,0
"MtrElec",1,9,5,"",48.8748,0,0,0,0,0,0,0,0,0,0,0,0,0,0,0,0,0,0,0,0,48.8748,0,0,0
"MtrElec",1,9,6,"",54.8931,0,0,0,0,0,0,0,0,0,0,0,0,0,0,0,0,0,0,0,0,54.8931,0,0,0
"MtrElec",1,9,7,"",96.208,0,0,0,0,0,0,0,0,0,0,0,0,0,0,0,0,0,0,0,0,96.208,0,0,0
"MtrElec",1,9,8,"",94.1206,0,0,0,0,0,0,0,0,0,0,0,0,0,0,0,0,0,0,0,0,107.161,0,0,-13.0404
"MtrElec",1,9,9,"",87.3827,0,0,0,0,0,0,0,0,0,0,0,0,0,0,0,0,0,0,0,0,139.534,0,0,-52.151
"MtrElec",1,9,10,"",59.4997,0,0,0,0,0,0,0,0,0,0,0,0,0,0,0,0,0,0,0,0,152.784,0,0,-93.2843
"MtrElec",1,9,11,"",24.4942,0,0,0,0,0,0,0,0,0,0,0,0,0,0,0,0,0,0,0,0,138.756,0,0,-114.262
"MtrElec",1,9,12,"",0,0,0,0,0,0,0,0,0,0,0,0,0,0,0,0,0,0,0,0,0,109.098,0,20.9959,-130.094
"MtrElec",1,9,13,"",0,0,0,0,0,0,0,0,0,0,0,0,0,0,0,0,0,0,0,0,0,110.823,0,21.7387,-132.561
"MtrElec",1,9,14,"",0,0,0,0,0,0,0,0,0,0,0,0,0,0,0,0,0,0,0,0,0,62.8905,0,46.501,-109.392
"MtrElec",1,9,15,"",0,0,0,0,0,0,0,0,0,0,0,0,0,0,0,0,0,0,0,0,0,77.7992,0,26.7497,-104.549
"MtrElec",1,9,16,"",23.2016,0,0,0,0,0,0,0,0,0,0,0,0,0,0,0,0,0,0,0,0,84.9783,0,0,-61.7767
"MtrElec",1,9,17,"",68.0518,0,0,0,0,0,0,0,0,0,0,0,0,0,0,0,0,0,0,0,0,84.7268,0,0,-16.6751
"MtrElec",1,9,18,"",109.613,0,0,0,0,0,0,0,0,0,0,0,0,0,0,0,0,0,0,0,0,109.613,0,0,0
"MtrElec",1,9,19,"",54.1738,0,0,0,0,0,0,0,0,0,0,0,0,0,0,0,0,0,0,0,0,122.05,0,-67.8758,0
"MtrElec",1,9,20,"",114.341,0,0,0,0,0,0,0,0,0,0,0,0,0,0,0,0,0,0,0,0,151.142,0,-36.801,0
"MtrElec",1,9,21,"",107.807,0,0,0,0,0,0,0,0,0,0,0,0,0,0,0,0,0,0,0,0,107.807,0,0,0
"MtrElec",1,9,22,"",129.204,0,0,0,0,0,0,0,0,0,0,0,0,0,0,0,0,0,0,0,0,129.204,0,0,0
"MtrElec",1,9,23,"",123.894,0,0,0,0,0,0,0,0,0,0,0,0,0,0,0,0,0,0,0,0,123.894,0,0,0
"MtrElec",1,9,24,"",87.0867,0,0,0,0,0,0,0,0,0,0,0,0,0,0,0,0,0,0,0,0,87.0867,0,0,0
"MtrElec",1,10,1,"",59.8732,0,0,0,0,0,0,0,0,0,0,0,0,0,0,0,0,0,0,0,0,59.8732,0,0,0
"MtrElec",1,10,2,"",54.8478,0,0,0,0,0,0,0,0,0,0,0,0,0,0,0,0,0,0,0,0,54.8478,0,0,0
"MtrElec",1,10,3,"",74.5887,0,0,0,0,0,0,0,0,0,0,0,0,0,0,0,0,0,0,0,0,74.5887,0,0,0
"MtrElec",1,10,4,"",52.1075,0,0,0,0,0,0,0,0,0,0,0,0,0,0,0,0,0,0,0,0,52.1075,0,0,0
"MtrElec",1,10,5,"",63.7142,0,0,0,0,0,0,0,0,0,0,0,0,0,0,0,0,0,0,0,0,63.7142,0,0,0
"MtrElec",1,10,6,"",51.8512,0,0,0,0,0,0,0,0,0,0,0,0,0,0,0,0,0,0,0,0,51.8512,0,0,0
"MtrElec",1,10,7,"",61.1705,0,0,0,0,0,0,0,0,0,0,0,0,0,0,0,0,0,0,0,0,61.1705,0,0,0
"MtrElec",1,10,8,"",89.103,0,0,0,0,0,0,0,0,0,0,0,0,0,0,0,0,0,0,0,0,119.132,0,0,-30.0295
"MtrElec",1,10,9,"",32.0057,0,0,0,0,0,0,0,0,0,0,0,0,0,0,0,0,0,0,0,0,117.858,0,0,-85.8523
"MtrElec",1,10,10,"",7.92872,0,0,0,0,0,0,0,0,0,0,0,0,0,0,0,0,0,0,0,0,135.444,0,0,-127.515
"MtrElec",1,10,11,"",0,0,0,0,0,0,0,0,0,0,0,0,0,0,0,0,0,0,0,0,0,148.825,0,2.02119,-150.846
"MtrElec",1,10,12,"",0,0,0,0,0,0,0,0,0,0,0,0,0,0,0,0,0,0,0,0,0,144.312,0,20.8212,-165.133
"MtrElec",1,10,13,"",2.81195,0,0,0,0,0,0,0,0,0,0,0,0,0,0,0,0,0,0,0,0,168.55,0,0,-165.738
"MtrElec",1,10,14,"",0.0000020,0,0,0,0,0,0,0,0,0,0,0,0,0,0,0,0,0,0,0,0,126.593,0,25.5699,-152.163
"MtrElec",1,10,15,"",0.0000010,0,0,0,0,0,0,0,0,0,0,0,0,0,0,0,0,0,0,0,0,111.219,0,12.5918,-123.811
"MtrElec",1,10,16,"",27.5585,0,0,0,0,0,0,0,0,0,0,0,0,0,0,0,0,0,0,0,0,107.957,0,0,-80.3989
"MtrElec",1,10,17,"",89.5534,0,0,0,0,0,0,0,0,0,0,0,0,0,0,0,0,0,0,0,0,114.711,0,0,-25.1573
"MtrElec",1,10,18,"",119.585,0,0,0,0,0,0,0,0,0,0,0,0,0,0,0,0,0,0,0,0,119.585,0,0,0
"MtrElec",1,10,19,"",119.844,0,0,0,0,0,0,0,0,0,0,0,0,0,0,0,0,0,0,0,0,174.9,0,-55.0562,0
"MtrElec",1,10,20,"",142.492,0,0,0,0,0,0,0,0,0,0,0,0,0,0,0,0,0,0,0,0,142.492,0,0,0
"MtrElec",1,10,21,"",120.004,0,0,0,0,0,0,0,0,0,0,0,0,0,0,0,0,0,0,0,0,120.004,0,0,0
"MtrElec",1,10,22,"",117.746,0,0,0,0,0,0,0,0,0,0,0,0,0,0,0,0,0,0,0,0,117.746,0,0,0
"MtrElec",1,10,23,"",95.9142,0,0,0,0,0,0,0,0,0,0,0,0,0,0,0,0,0,0,0,0,95.9142,0,0,0
"MtrElec",1,10,24,"",71.3693,0,0,0,0,0,0,0,0,0,0,0,0,0,0,0,0,0,0,0,0,71.3693,0,0,0
"MtrElec",1,11,1,"",56.2993,0,0,0,0,0,0,0,0,0,0,0,0,0,0,0,0,0,0,0,0,56.2993,0,0,0
"MtrElec",1,11,2,"",51.2319,0,0,0,0,0,0,0,0,0,0,0,0,0,0,0,0,0,0,0,0,51.2319,0,0,0
"MtrElec",1,11,3,"",49.4753,0,0,0,0,0,0,0,0,0,0,0,0,0,0,0,0,0,0,0,0,49.4753,0,0,0
"MtrElec",1,11,4,"",51.2306,0,0,0,0,0,0,0,0,0,0,0,0,0,0,0,0,0,0,0,0,51.2306,0,0,0
"MtrElec",1,11,5,"",63.6552,0,0,0,0,0,0,0,0,0,0,0,0,0,0,0,0,0,0,0,0,63.6552,0,0,0
"MtrElec",1,11,6,"",51.6236,0,0,0,0,0,0,0,0,0,0,0,0,0,0,0,0,0,0,0,0,51.6236,0,0,0
"MtrElec",1,11,7,"",56.0908,0,0,0,0,0,0,0,0,0,0,0,0,0,0,0,0,0,0,0,0,56.0908,0,0,0
"MtrElec",1,11,8,"",50.992,0,0,0,0,0,0,0,0,0,0,0,0,0,0,0,0,0,0,0,0,81.2175,0,0,-30.2254
"MtrElec",1,11,9,"",1.39723,0,0,0,0,0,0,0,0,0,0,0,0,0,0,0,0,0,0,0,0,87.4238,0,0,-86.0266
"MtrElec",1,11,10,"",0,0,0,0,0,0,0,0,0,0,0,0,0,0,0,0,0,0,0,0,0,107.77,0,22.0393,-129.81
"MtrElec",1,11,11,"",0,0,0,0,0,0,0,0,0,0,0,0,0,0,0,0,0,0,0,0,0,116.678,0,39.3154,-155.993
"MtrElec",1,11,12,"",0,0,0,0,0,0,0,0,0,0,0,0,0,0,0,0,0,0,0,0,0,115.734,0,53.3585,-169.092
"MtrElec",1,11,13,"",0,0,0,0,0,0,0,0,0,0,0,0,0,0,0,0,0,0,0,0,0,146.952,0,18.3987,-165.351
"MtrElec",1,11,14,"",0.0000039,0,0,0,0,0,0,0,0,0,0,0,0,0,0,0,0,0,0,0,0,84.9776,0,65.4461,-150.424
"MtrElec",1,11,15,"",0,0,0,0,0,0,0,0,0,0,0,0,0,0,0,0,0,0,0,0,0,122.273,0,2.77441,-125.047
"MtrElec",1,11,16,"",0,0,0,0,0,0,0,0,0,0,0,0,0,0,0,0,0,0,0,0,0,73.2,0,7.71041,-80.9104
"MtrElec",1,11,17,"",79.8663,0,0,0,0,0,0,0,0,0,0,0,0,0,0,0,0,0,0,0,0,105.324,0,0,-25.4575
"MtrElec",1,11,18,"",89.625,0,0,0,0,0,0,0,0,0,0,0,0,0,0,0,0,0,0,0,0,89.625,0,0,0
"MtrElec",1,11,19,"",96.6163,0,0,0,0,0,0,0,0,0,0,0,0,0,0,0,0,0,0,0,0,164.492,0,-67.8758,0
"MtrElec",1,11,20,"",51.2987,0,0,0,0,0,0,0,0,0,0,0,0,0,0,0,0,0,0,0,0,119.174,0,-67.8758,0
"MtrElec",1,11,21,"",42.7849,0,0,0,0,0,0,0,0,0,0,0,0,0,0,0,0,0,0,0,0,95.6945,0,-52.9096,0
"MtrElec",1,11,22,"",134.153,0,0,0,0,0,0,0,0,0,0,0,0,0,0,0,0,0,0,0,0,134.153,0,0,0
"MtrElec",1,11,23,"",74.5689,0,0,0,0,0,0,0,0,0,0,0,0,0,0,0,0,0,0,0,0,74.5689,0,0,0
"MtrElec",1,11,24,"",62.3903,0,0,0,0,0,0,0,0,0,0,0,0,0,0,0,0,0,0,0,0,62.3903,0,0,0
"MtrElec",1,12,1,"",53.8241,0,0,0,0,0,0,0,0,0,0,0,0,0,0,0,0,0,0,0,0,53.8241,0,0,0
"MtrElec",1,12,2,"",52.6988,0,0,0,0,0,0,0,0,0,0,0,0,0,0,0,0,0,0,0,0,52.6988,0,0,0
"MtrElec",1,12,3,"",50.3069,0,0,0,0,0,0,0,0,0,0,0,0,0,0,0,0,0,0,0,0,50.3069,0,0,0
"MtrElec",1,12,4,"",49.5108,0,0,0,0,0,0,0,0,0,0,0,0,0,0,0,0,0,0,0,0,49.5108,0,0,0
"MtrElec",1,12,5,"",48.8844,0,0,0,0,0,0,0,0,0,0,0,0,0,0,0,0,0,0,0,0,48.8844,0,0,0
"MtrElec",1,12,6,"",102.831,0,0,0,0,0,0,0,0,0,0,0,0,0,0,0,0,0,0,0,0,102.831,0,0,0
"MtrElec",1,12,7,"",123.931,0,0,0,0,0,0,0,0,0,0,0,0,0,0,0,0,0,0,0,0,123.931,0,0,0
"MtrElec",1,12,8,"",89.6147,0,0,0,0,0,0,0,0,0,0,0,0,0,0,0,0,0,0,0,0,112.399,0,0,-22.7839
"MtrElec",1,12,9,"",30.2385,0,0,0,0,0,0,0,0,0,0,0,0,0,0,0,0,0,0,0,0,106.316,0,0,-76.0776
"MtrElec",1,12,10,"",10.4563,0,0,0,0,0,0,0,0,0,0,0,0,0,0,0,0,0,0,0,0,137.191,0,0,-126.735
"MtrElec",1,12,11,"",0.0000039,0,0,0,0,0,0,0,0,0,0,0,0,0,0,0,0,0,0,0,0,119.579,0,36.1515,-155.731
"MtrElec",1,12,12,"",0.0000039,0,0,0,0,0,0,0,0,0,0,0,0,0,0,0,0,0,0,0,0,108,0,62.3578,-170.358
"MtrElec",1,12,13,"",-30.3317,0,0,0,0,0,0,0,0,0,0,0,0,0,0,0,0,0,0,0,0,71.2155,0,67.8758,-169.423
"MtrElec",1,12,14,"",-6.65658,0,0,0,0,0,0,0,0,0,0,0,0,0,0,0,0,0,0,0,0,79.782,0,67.8758,-154.314
"MtrElec",1,12,15,"",-30.449,0,0,0,0,0,0,0,0,0,0,0,0,0,0,0,0,0,0,0,0,76.0904,0,18.9898,-125.529
"MtrElec",1,12,16,"",10.0571,0,0,0,0,0,0,0,0,0,0,0,0,0,0,0,0,0,0,0,0,90.2443,0,0,-80.1872
"MtrElec",1,12,17,"",74.5091,0,0,0,0,0,0,0,0,0,0,0,0,0,0,0,0,0,0,0,0,98.3017,0,0,-23.7926
"MtrElec",1,12,18,"",110.501,0,0,0,0,0,0,0,0,0,0,0,0,0,0,0,0,0,0,0,0,110.501,0,0,0
"MtrElec",1,12,19,"",50.0341,0,0,0,0,0,0,0,0,0,0,0,0,0,0,0,0,0,0,0,0,117.91,0,-67.8758,0
"MtrElec",1,12,20,"",85.3122,0,0,0,0,0,0,0,0,0,0,0,0,0,0,0,0,0,0,0,0,153.188,0,-67.8758,0
"MtrElec",1,12,21,"",77.712,0,0,0,0,0,0,0,0,0,0,0,0,0,0,0,0,0,0,0,0,145.588,0,-67.8758,0
"MtrElec",1,12,22,"",69.7378,0,0,0,0,0,0,0,0,0,0,0,0,0,0,0,0,0,0,0,0,94.6691,0,-24.9313,0
"MtrElec",1,12,23,"",118.893,0,0,0,0,0,0,0,0,0,0,0,0,0,0,0,0,0,0,0,0,118.893,0,0,0
"MtrElec",1,12,24,"",108.707,0,0,0,0,0,0,0,0,0,0,0,0,0,0,0,0,0,0,0,0,108.707,0,0,0
"MtrElec",1,13,1,"",63.7197,0,0,0,0,0,0,0,0,0,0,0,0,0,0,0,0,0,0,0,0,63.7197,0,0,0
"MtrElec",1,13,2,"",52.7401,0,0,0,0,0,0,0,0,0,0,0,0,0,0,0,0,0,0,0,0,52.7401,0,0,0
"MtrElec",1,13,3,"",53.0704,0,0,0,0,0,0,0,0,0,0,0,0,0,0,0,0,0,0,0,0,53.0704,0,0,0
"MtrElec",1,13,4,"",53.2379,0,0,0,0,0,0,0,0,0,0,0,0,0,0,0,0,0,0,0,0,53.2379,0,0,0
"MtrElec",1,13,5,"",53.0537,0,0,0,0,0,0,0,0,0,0,0,0,0,0,0,0,0,0,0,0,53.0537,0,0,0
"MtrElec",1,13,6,"",83.5797,0,0,0,0,0,0,0,0,0,0,0,0,0,0,0,0,0,0,0,0,83.5797,0,0,0
"MtrElec",1,13,7,"",97.1876,0,0,0,0,0,0,0,0,0,0,0,0,0,0,0,0,0,0,0,0,97.1876,0,0,0
"MtrElec",1,13,8,"",89.524,0,0,0,0,0,0,0,0,0,0,0,0,0,0,0,0,0,0,0,0,103.939,0,0,-14.4149
"MtrElec",1,13,9,"",30.0818,0,0,0,0,0,0,0,0,0,0,0,0,0,0,0,0,0,0,0,0,104.899,0,0,-74.8169
"MtrElec",1,13,10,"",2.05759,0,0,0,0,0,0,0,0,0,0,0,0,0,0,0,0,0,0,0,0,120.226,0,0,-118.169
"MtrElec",1,13,11,"",-5.30498,0,0,0,0,0,0,0,0,0,0,0,0,0,0,0,0,0,0,0,0,78.0957,0,67.8758,-151.276
"MtrElec",1,13,12,"",-13.1185,0,0,0,0,0,0,0,0,0,0,0,0,0,0,0,0,0,0,0,0,84.1086,0,67.8758,-165.103
"MtrElec",1,13,13,"",-27.6587,0,0,0,0,0,0,0,0,0,0,0,0,0,0,0,0,0,0,0,0,57.7126,0,67.8758,-153.247
"MtrElec",1,13,14,"",-5.61369,0,0,0,0,0,0,0,0,0,0,0,0,0,0,0,0,0,0,0,0,90.6036,0,49.6232,-145.84
"MtrElec",1,13,15,"",-48.7949,0,0,0,0,0,0,0,0,0,0,0,0,0,0,0,0,0,0,0,0,67.5914,0,0,-116.386
"MtrElec",1,13,16,"",6.87413,0,0,0,0,0,0,0,0,0,0,0,0,0,0,0,0,0,0,0,0,69.0743,0,0,-62.2002
"MtrElec",1,13,17,"",90.4222,0,0,0,0,0,0,0,0,0,0,0,0,0,0,0,0,0,0,0,0,111.294,0,0,-20.8719
"MtrElec",1,13,18,"",103.28,0,0,0,0,0,0,0,0,0,0,0,0,0,0,0,0,0,0,0,0,103.28,0,0,0
"MtrElec",1,13,19,"",85.9002,0,0,0,0,0,0,0,0,0,0,0,0,0,0,0,0,0,0,0,0,153.776,0,-67.8758,0
"MtrElec",1,13,20,"",59.4953,0,0,0,0,0,0,0,0,0,0,0,0,0,0,0,0,0,0,0,0,127.371,0,-67.8758,0
"MtrElec",1,13,21,"",58.9419,0,0,0,0,0,0,0,0,0,0,0,0,0,0,0,0,0,0,0,0,126.818,0,-67.8758,0
"MtrElec",1,13,22,"",77.4711,0,0,0,0,0,0,0,0,0,0,0,0,0,0,0,0,0,0,0,0,102.402,0,-24.9313,0
"MtrElec",1,13,23,"",105.712,0,0,0,0,0,0,0,0,0,0,0,0,0,0,0,0,0,0,0,0,105.712,0,0,0
"MtrElec",1,13,24,"",95.4126,0,0,0,0,0,0,0,0,0,0,0,0,0,0,0,0,0,0,0,0,95.4126,0,0,0
"MtrElec",1,14,1,"",54.932,0,0,0,0,0,0,0,0,0,0,0,0,0,0,0,0,0,0,0,0,54.932,0,0,0
"MtrElec",1,14,2,"",51.3247,0,0,0,0,0,0,0,0,0,0,0,0,0,0,0,0,0,0,0,0,51.3247,0,0,0
"MtrElec",1,14,3,"",50.3837,0,0,0,0,0,0,0,0,0,0,0,0,0,0,0,0,0,0,0,0,50.3837,0,0,0
"MtrElec",1,14,4,"",49.6159,0,0,0,0,0,0,0,0,0,0,0,0,0,0,0,0,0,0,0,0,49.6159,0,0,0
"MtrElec",1,14,5,"",49.0024,0,0,0,0,0,0,0,0,0,0,0,0,0,0,0,0,0,0,0,0,49.0024,0,0,0
"MtrElec",1,14,6,"",53.0366,0,0,0,0,0,0,0,0,0,0,0,0,0,0,0,0,0,0,0,0,53.0366,0,0,0
"MtrElec",1,14,7,"",81.3246,0,0,0,0,0,0,0,0,0,0,0,0,0,0,0,0,0,0,0,0,81.3246,0,0,0
"MtrElec",1,14,8,"",78.2693,0,0,0,0,0,0,0,0,0,0,0,0,0,0,0,0,0,0,0,0,108.768,0,0,-30.4984
"MtrElec",1,14,9,"",22.6052,0,0,0,0,0,0,0,0,0,0,0,0,0,0,0,0,0,0,0,0,108.654,0,0,-86.0486
"MtrElec",1,14,10,"",0.0000010,0,0,0,0,0,0,0,0,0,0,0,0,0,0,0,0,0,0,0,0,116.344,0,13.5195,-129.864
"MtrElec",1,14,11,"",0,0,0,0,0,0,0,0,0,0,0,0,0,0,0,0,0,0,0,0,0,121.751,0,34.2161,-155.967
"MtrElec",1,14,12,"",-5.16852,0,0,0,0,0,0,0,0,0,0,0,0,0,0,0,0,0,0,0,0,97.623,0,67.8758,-170.667
"MtrElec",1,14,13,"",-23.6831,0,0,0,0,0,0,0,0,0,0,0,0,0,0,0,0,0,0,0,0,81.0738,0,67.8758,-172.633
"MtrElec",1,14,14,"",-9.41854,0,0,0,0,0,0,0,0,0,0,0,0,0,0,0,0,0,0,0,0,82.4544,0,67.8758,-159.749
"MtrElec",1,14,15,"",-61.6297,0,0,0,0,0,0,0,0,0,0,0,0,0,0,0,0,0,0,0,0,65.87,0,1.88759,-129.387
"MtrElec",1,14,16,"",24.6136,0,0,0,0,0,0,0,0,0,0,0,0,0,0,0,0,0,0,0,0,109.336,0,0,-84.7219
"MtrElec",1,14,17,"",83.9499,0,0,0,0,0,0,0,0,0,0,0,0,0,0,0,0,0,0,0,0,112.238,0,0,-28.288
"MtrElec",1,14,18,"",151.357,0,0,0,0,0,0,0,0,0,0,0,0,0,0,0,0,0,0,0,0,151.357,0,0,0
"MtrElec",1,14,19,"",56.8775,0,0,0,0,0,0,0,0,0,0,0,0,0,0,0,0,0,0,0,0,124.753,0,-67.8758,0
"MtrElec",1,14,20,"",48.832,0,0,0,0,0,0,0,0,0,0,0,0,0,0,0,0,0,0,0,0,116.708,0,-67.8758,0
"MtrElec",1,14,21,"",50.2976,0,0,0,0,0,0,0,0,0,0,0,0,0,0,0,0,0,0,0,0,118.173,0,-67.8758,0
"MtrElec",1,14,22,"",83.758,0,0,0,0,0,0,0,0,0,0,0,0,0,0,0,0,0,0,0,0,108.689,0,-24.9313,0
"MtrElec",1,14,23,"",86.3271,0,0,0,0,0,0,0,0,0,0,0,0,0,0,0,0,0,0,0,0,86.3271,0,0,0
"MtrElec",1,14,24,"",95.5266,0,0,0,0,0,0,0,0,0,0,0,0,0,0,0,0,0,0,0,0,95.5266,0,0,0
"MtrElec",1,15,1,"",72.9696,0,0,0,0,0,0,0,0,0,0,0,0,0,0,0,0,0,0,0,0,72.9696,0,0,0
"MtrElec",1,15,2,"",49.6804,0,0,0,0,0,0,0,0,0,0,0,0,0,0,0,0,0,0,0,0,49.6804,0,0,0
"MtrElec",1,15,3,"",52.5435,0,0,0,0,0,0,0,0,0,0,0,0,0,0,0,0,0,0,0,0,52.5435,0,0,0
"MtrElec",1,15,4,"",53.4198,0,0,0,0,0,0,0,0,0,0,0,0,0,0,0,0,0,0,0,0,53.4198,0,0,0
"MtrElec",1,15,5,"",53.256,0,0,0,0,0,0,0,0,0,0,0,0,0,0,0,0,0,0,0,0,53.256,0,0,0
"MtrElec",1,15,6,"",53.1011,0,0,0,0,0,0,0,0,0,0,0,0,0,0,0,0,0,0,0,0,53.1011,0,0,0
"MtrElec",1,15,7,"",87.0229,0,0,0,0,0,0,0,0,0,0,0,0,0,0,0,0,0,0,0,0,87.0229,0,0,0
"MtrElec",1,15,8,"",66.6333,0,0,0,0,0,0,0,0,0,0,0,0,0,0,0,0,0,0,0,0,95.2038,0,0,-28.5705
"MtrElec",1,15,9,"",28.4215,0,0,0,0,0,0,0,0,0,0,0,0,0,0,0,0,0,0,0,0,86.002,0,0,-57.5805
"MtrElec",1,15,10,"",26.7276,0,0,0,0,0,0,0,0,0,0,0,0,0,0,0,0,0,0,0,0,117.462,0,0,-90.7339
"MtrElec",1,15,11,"",0,0,0,0,0,0,0,0,0,0,0,0,0,0,0,0,0,0,0,0,0,92.1779,0,56.4704,-148.648
"MtrElec",1,15,12,"",0,0,0,0,0,0,0,0,0,0,0,0,0,0,0,0,0,0,0,0,0,113.233,0,54.6513,-167.884
"MtrElec",1,15,13,"",-23.1336,0,0,0,0,0,0,0,0,0,0,0,0,0,0,0,0,0,0,0,0,77.1041,0,67.8758,-168.113
"MtrElec",1,15,14,"",-8.46994,0,0,0,0,0,0,0,0,0,0,0,0,0,0,0,0,0,0,0,0,78.5758,0,67.8758,-154.921
"MtrElec",1,15,15,"",-36.3877,0,0,0,0,0,0,0,0,0,0,0,0,0,0,0,0,0,0,0,0,73.5118,0,6.37733,-116.277
"MtrElec",1,15,16,"",20.7966,0,0,0,0,0,0,0,0,0,0,0,0,0,0,0,0,0,0,0,0,93.1722,0,0,-72.3756
"MtrElec",1,15,17,"",54.3163,0,0,0,0,0,0,0,0,0,0,0,0,0,0,0,0,0,0,0,0,80.0338,0,0,-25.7175
"MtrElec",1,15,18,"",102.93,0,0,0,0,0,0,0,0,0,0,0,0,0,0,0,0,0,0,0,0,102.93,0,0,0
"MtrElec",1,15,19,"",59.8884,0,0,0,0,0,0,0,0,0,0,0,0,0,0,0,0,0,0,0,0,127.764,0,-67.8758,0
"MtrElec",1,15,20,"",46.5797,0,0,0,0,0,0,0,0,0,0,0,0,0,0,0,0,0,0,0,0,114.455,0,-67.8758,0
"MtrElec",1,15,21,"",84.8332,0,0,0,0,0,0,0,0,0,0,0,0,0,0,0,0,0,0,0,0,152.709,0,-67.8758,0
"MtrElec",1,15,22,"",97.1667,0,0,0,0,0,0,0,0,0,0,0,0,0,0,0,0,0,0,0,0,122.098,0,-24.9313,0
"MtrElec",1,15,23,"",77.8036,0,0,0,0,0,0,0,0,0,0,0,0,0,0,0,0,0,0,0,0,77.8036,0,0,0
"MtrElec",1,15,24,"",64.602,0,0,0,0,0,0,0,0,0,0,0,0,0,0,0,0,0,0,0,0,64.602,0,0,0
"MtrElec",1,16,1,"",59.4729,0,0,0,0,0,0,0,0,0,0,0,0,0,0,0,0,0,0,0,0,59.4729,0,0,0
"MtrElec",1,16,2,"",51.0879,0,0,0,0,0,0,0,0,0,0,0,0,0,0,0,0,0,0,0,0,51.0879,0,0,0
"MtrElec",1,16,3,"",63.1502,0,0,0,0,0,0,0,0,0,0,0,0,0,0,0,0,0,0,0,0,63.1502,0,0,0
"MtrElec",1,16,4,"",82.2503,0,0,0,0,0,0,0,0,0,0,0,0,0,0,0,0,0,0,0,0,82.2503,0,0,0
"MtrElec",1,16,5,"",48.9823,0,0,0,0,0,0,0,0,0,0,0,0,0,0,0,0,0,0,0,0,48.9823,0,0,0
"MtrElec",1,16,6,"",53.0113,0,0,0,0,0,0,0,0,0,0,0,0,0,0,0,0,0,0,0,0,53.0113,0,0,0
"MtrElec",1,16,7,"",70.0516,0,0,0,0,0,0,0,0,0,0,0,0,0,0,0,0,0,0,0,0,70.0516,0,0,0
"MtrElec",1,16,8,"",80.1208,0,0,0,0,0,0,0,0,0,0,0,0,0,0,0,0,0,0,0,0,102.2,0,0,-22.0789
"MtrElec",1,16,9,"",53.1484,0,0,0,0,0,0,0,0,0,0,0,0,0,0,0,0,0,0,0,0,103.942,0,0,-50.7932
"MtrElec",1,16,10,"",3.18933,0,0,0,0,0,0,0,0,0,0,0,0,0,0,0,0,0,0,0,0,117.716,0,0,-114.527
"MtrElec",1,16,11,"",0,0,0,0,0,0,0,0,0,0,0,0,0,0,0,0,0,0,0,0,0,132.714,0,23.907,-156.621
"MtrElec",1,16,12,"",-33.6398,0,0,0,0,0,0,0,0,0,0,0,0,0,0,0,0,0,0,0,0,77.894,0,67.8758,-179.41
"MtrElec",1,16,13,"",-31.1765,0,0,0,0,0,0,0,0,0,0,0,0,0,0,0,0,0,0,0,0,78.2124,0,67.8758,-177.265
"MtrElec",1,16,14,"",-12.7606,0,0,0,0,0,0,0,0,0,0,0,0,0,0,0,0,0,0,0,0,80.2092,0,67.8758,-160.846
"MtrElec",1,16,15,"",-48.4547,0,0,0,0,0,0,0,0,0,0,0,0,0,0,0,0,0,0,0,0,57.312,0,25.7162,-131.483
"MtrElec",1,16,16,"",-1.38363,0,0,0,0,0,0,0,0,0,0,0,0,0,0,0,0,0,0,0,0,79.4783,0,0,-80.8619
"MtrElec",1,16,17,"",70.3402,0,0,0,0,0,0,0,0,0,0,0,0,0,0,0,0,0,0,0,0,88.0506,0,0,-17.7104
"MtrElec",1,16,18,"",88.1891,0,0,0,0,0,0,0,0,0,0,0,0,0,0,0,0,0,0,0,0,88.1891,0,0,0
"MtrElec",1,16,19,"",73.7164,0,0,0,0,0,0,0,0,0,0,0,0,0,0,0,0,0,0,0,0,141.592,0,-67.8758,0
"MtrElec",1,16,20,"",42.1695,0,0,0,0,0,0,0,0,0,0,0,0,0,0,0,0,0,0,0,0,110.045,0,-67.8758,0
"MtrElec",1,16,21,"",59.8427,0,0,0,0,0,0,0,0,0,0,0,0,0,0,0,0,0,0,0,0,127.718,0,-67.8758,0
"MtrElec",1,16,22,"",60.5254,0,0,0,0,0,0,0,0,0,0,0,0,0,0,0,0,0,0,0,0,85.4567,0,-24.9313,0
"MtrElec",1,16,23,"",96.8942,0,0,0,0,0,0,0,0,0,0,0,0,0,0,0,0,0,0,0,0,96.8942,0,0,0
"MtrElec",1,16,24,"",119.238,0,0,0,0,0,0,0,0,0,0,0,0,0,0,0,0,0,0,0,0,119.238,0,0,0
"MtrElec",1,17,1,"",52.5534,0,0,0,0,0,0,0,0,0,0,0,0,0,0,0,0,0,0,0,0,52.5534,0,0,0
"MtrElec",1,17,2,"",49.8104,0,0,0,0,0,0,0,0,0,0,0,0,0,0,0,0,0,0,0,0,49.8104,0,0,0
"MtrElec",1,17,3,"",50.9641,0,0,0,0,0,0,0,0,0,0,0,0,0,0,0,0,0,0,0,0,50.9641,0,0,0
"MtrElec",1,17,4,"",52.3961,0,0,0,0,0,0,0,0,0,0,0,0,0,0,0,0,0,0,0,0,52.3961,0,0,0
"MtrElec",1,17,5,"",56.2751,0,0,0,0,0,0,0,0,0,0,0,0,0,0,0,0,0,0,0,0,56.2751,0,0,0
"MtrElec",1,17,6,"",51.7018,0,0,0,0,0,0,0,0,0,0,0,0,0,0,0,0,0,0,0,0,51.7018,0,0,0
"MtrElec",1,17,7,"",85.2451,0,0,0,0,0,0,0,0,0,0,0,0,0,0,0,0,0,0,0,0,85.2451,0,0,0
"MtrElec",1,17,8,"",38.8004,0,0,0,0,0,0,0,0,0,0,0,0,0,0,0,0,0,0,0,0,69.4428,0,0,-30.6425
"MtrElec",1,17,9,"",13.56,0,0,0,0,0,0,0,0,0,0,0,0,0,0,0,0,0,0,0,0,101.797,0,0,-88.2367
"MtrElec",1,17,10,"",0,0,0,0,0,0,0,0,0,0,0,0,0,0,0,0,0,0,0,0,0,131.556,0,2.434,-133.99
"MtrElec",1,17,11,"",0,0,0,0,0,0,0,0,0,0,0,0,0,0,0,0,0,0,0,0,0,151.663,0,11.934,-163.597
"MtrElec",1,17,12,"",-2.18065,0,0,0,0,0,0,0,0,0,0,0,0,0,0,0,0,0,0,0,0,107.912,0,67.8758,-177.968
"MtrElec",1,17,13,"",0,0,0,0,0,0,0,0,0,0,0,0,0,0,0,0,0,0,0,0,0,144.744,0,32.8839,-177.628
"MtrElec",1,17,14,"",0,0,0,0,0,0,0,0,0,0,0,0,0,0,0,0,0,0,0,0,0,95.4161,0,66.6939,-162.11
"MtrElec",1,17,15,"",0,0,0,0,0,0,0,0,0,0,0,0,0,0,0,0,0,0,0,0,0,126.947,0,5.00151,-131.948
"MtrElec",1,17,16,"",0,0,0,0,0,0,0,0,0,0,0,0,0,0,0,0,0,0,0,0,0,83.7646,0,3.19698,-86.9616
"MtrElec",1,17,17,"",65.2698,0,0,0,0,0,0,0,0,0,0,0,0,0,0,0,0,0,0,0,0,95.3622,0,0,-30.0924
"MtrElec",1,17,18,"",126.602,0,0,0,0,0,0,0,0,0,0,0,0,0,0,0,0,0,0,0,0,126.602,0,0,0
"MtrElec",1,17,19,"",66.0582,0,0,0,0,0,0,0,0,0,0,0,0,0,0,0,0,0,0,0,0,133.934,0,-67.8758,0
"MtrElec",1,17,20,"",81.2518,0,0,0,0,0,0,0,0,0,0,0,0,0,0,0,0,0,0,0,0,149.128,0,-67.8758,0
"MtrElec",1,17,21,"",105.507,0,0,0,0,0,0,0,0,0,0,0,0,0,0,0,0,0,0,0,0,141.249,0,-35.7415,0
"MtrElec",1,17,22,"",111.615,0,0,0,0,0,0,0,0,0,0,0,0,0,0,0,0,0,0,0,0,111.615,0,0,0
"MtrElec",1,17,23,"",85.4564,0,0,0,0,0,0,0,0,0,0,0,0,0,0,0,0,0,0,0,0,85.4564,0,0,0
"MtrElec",1,17,24,"",81.3669,0,0,0,0,0,0,0,0,0,0,0,0,0,0,0,0,0,0,0,0,81.3669,0,0,0
"MtrElec",1,18,1,"",57.7952,0,0,0,0,0,0,0,0,0,0,0,0,0,0,0,0,0,0,0,0,57.7952,0,0,0
"MtrElec",1,18,2,"",51.2783,0,0,0,0,0,0,0,0,0,0,0,0,0,0,0,0,0,0,0,0,51.2783,0,0,0
"MtrElec",1,18,3,"",55.3531,0,0,0,0,0,0,0,0,0,0,0,0,0,0,0,0,0,0,0,0,55.3531,0,0,0
"MtrElec",1,18,4,"",55.291,0,0,0,0,0,0,0,0,0,0,0,0,0,0,0,0,0,0,0,0,55.291,0,0,0
"MtrElec",1,18,5,"",63.6903,0,0,0,0,0,0,0,0,0,0,0,0,0,0,0,0,0,0,0,0,63.6903,0,0,0
"MtrElec",1,18,6,"",51.6608,0,0,0,0,0,0,0,0,0,0,0,0,0,0,0,0,0,0,0,0,51.6608,0,0,0
"MtrElec",1,18,7,"",57.1472,0,0,0,0,0,0,0,0,0,0,0,0,0,0,0,0,0,0,0,0,57.1472,0,0,0
"MtrElec",1,18,8,"",85.2492,0,0,0,0,0,0,0,0,0,0,0,0,0,0,0,0,0,0,0,0,104.917,0,0,-19.668
"MtrElec",1,18,9,"",71.7772,0,0,0,0,0,0,0,0,0,0,0,0,0,0,0,0,0,0,0,0,116.917,0,0,-45.1402
"MtrElec",1,18,10,"",7.81892,0,0,0,0,0,0,0,0,0,0,0,0,0,0,0,0,0,0,0,0,125.011,0,0,-117.192
"MtrElec",1,18,11,"",3.76786,0,0,0,0,0,0,0,0,0,0,0,0,0,0,0,0,0,0,0,0,157.618,0,0,-153.85
"MtrElec",1,18,12,"",-4.92864,0,0,0,0,0,0,0,0,0,0,0,0,0,0,0,0,0,0,0,0,99.4772,0,67.8758,-172.282
"MtrElec",1,18,13,"",0.0000039,0,0,0,0,0,0,0,0,0,0,0,0,0,0,0,0,0,0,0,0,102.331,0,62.0043,-164.336
"MtrElec",1,18,14,"",0,0,0,0,0,0,0,0,0,0,0,0,0,0,0,0,0,0,0,0,0,95.1445,0,28.2525,-123.397
"MtrElec",1,18,15,"",8.61277,0,0,0,0,0,0,0,0,0,0,0,0,0,0,0,0,0,0,0,0,101.532,0,0,-92.9192
"MtrElec",1,18,16,"",14.1523,0,0,0,0,0,0,0,0,0,0,0,0,0,0,0,0,0,0,0,0,74.8381,0,0,-60.6858
"MtrElec",1,18,17,"",99.9424,0,0,0,0,0,0,0,0,0,0,0,0,0,0,0,0,0,0,0,0,105.485,0,0,-5.54222
"MtrElec",1,18,18,"",99.2748,0,0,0,0,0,0,0,0,0,0,0,0,0,0,0,0,0,0,0,0,99.2748,0,0,0
"MtrElec",1,18,19,"",49.6008,0,0,0,0,0,0,0,0,0,0,0,0,0,0,0,0,0,0,0,0,117.477,0,-67.8758,0
"MtrElec",1,18,20,"",42.9,0,0,0,0,0,0,0,0,0,0,0,0,0,0,0,0,0,0,0,0,110.776,0,-67.8758,0
"MtrElec",1,18,21,"",75.5077,0,0,0,0,0,0,0,0,0,0,0,0,0,0,0,0,0,0,0,0,82.4707,0,-6.96306,0
"MtrElec",1,18,22,"",106.351,0,0,0,0,0,0,0,0,0,0,0,0,0,0,0,0,0,0,0,0,106.351,0,0,0
"MtrElec",1,18,23,"",70.3785,0,0,0,0,0,0,0,0,0,0,0,0,0,0,0,0,0,0,0,0,70.3785,0,0,0
"MtrElec",1,18,24,"",71.3383,0,0,0,0,0,0,0,0,0,0,0,0,0,0,0,0,0,0,0,0,71.3383,0,0,0
"MtrElec",1,19,1,"",56.2635,0,0,0,0,0,0,0,0,0,0,0,0,0,0,0,0,0,0,0,0,56.2635,0,0,0
"MtrElec",1,19,2,"",70.2932,0,0,0,0,0,0,0,0,0,0,0,0,0,0,0,0,0,0,0,0,70.2932,0,0,0
"MtrElec",1,19,3,"",51.1773,0,0,0,0,0,0,0,0,0,0,0,0,0,0,0,0,0,0,0,0,51.1773,0,0,0
"MtrElec",1,19,4,"",47.9917,0,0,0,0,0,0,0,0,0,0,0,0,0,0,0,0,0,0,0,0,47.9917,0,0,0
"MtrElec",1,19,5,"",47.2892,0,0,0,0,0,0,0,0,0,0,0,0,0,0,0,0,0,0,0,0,47.2892,0,0,0
"MtrElec",1,19,6,"",50.2202,0,0,0,0,0,0,0,0,0,0,0,0,0,0,0,0,0,0,0,0,50.2202,0,0,0
"MtrElec",1,19,7,"",64.7136,0,0,0,0,0,0,0,0,0,0,0,0,0,0,0,0,0,0,0,0,64.7136,0,0,0
"MtrElec",1,19,8,"",77.7634,0,0,0,0,0,0,0,0,0,0,0,0,0,0,0,0,0,0,0,0,101.891,0,0,-24.1275
"MtrElec",1,19,9,"",77.0572,0,0,0,0,0,0,0,0,0,0,0,0,0,0,0,0,0,0,0,0,113.492,0,0,-36.4346
"MtrElec",1,19,10,"",101.706,0,0,0,0,0,0,0,0,0,0,0,0,0,0,0,0,0,0,0,0,162.686,0,0,-60.9802
"MtrElec",1,19,11,"",0,0,0,0,0,0,0,0,0,0,0,0,0,0,0,0,0,0,0,0,0,138.115,0,1.19184,-139.307
"MtrElec",1,19,12,"",8.03947,0,0,0,0,0,0,0,0,0,0,0,0,0,0,0,0,0,0,0,0,168.635,0,0,-160.596
"MtrElec",1,19,13,"",0,0,0,0,0,0,0,0,0,0,0,0,0,0,0,0,0,0,0,0,0,158.643,0,4.84695,-163.49
"MtrElec",1,19,14,"",0.0000039,0,0,0,0,0,0,0,0,0,0,0,0,0,0,0,0,0,0,0,0,97.306,0,56.0355,-153.342
"MtrElec",1,19,15,"",0,0,0,0,0,0,0,0,0,0,0,0,0,0,0,0,0,0,0,0,0,104.414,0,18.8799,-123.294
"MtrElec",1,19,16,"",8.14298,0,0,0,0,0,0,0,0,0,0,0,0,0,0,0,0,0,0,0,0,87.5152,0,0,-79.3723
"MtrElec",1,19,17,"",114.597,0,0,0,0,0,0,0,0,0,0,0,0,0,0,0,0,0,0,0,0,139.952,0,0,-25.3548
"MtrElec",1,19,18,"",133.995,0,0,0,0,0,0,0,0,0,0,0,0,0,0,0,0,0,0,0,0,133.995,0,0,0
"MtrElec",1,19,19,"",96.8361,0,0,0,0,0,0,0,0,0,0,0,0,0,0,0,0,0,0,0,0,164.712,0,-67.8758,0
"MtrElec",1,19,20,"",129.111,0,0,0,0,0,0,0,0,0,0,0,0,0,0,0,0,0,0,0,0,134.297,0,-5.18542,0
"MtrElec",1,19,21,"",123.543,0,0,0,0,0,0,0,0,0,0,0,0,0,0,0,0,0,0,0,0,123.543,0,0,0
"MtrElec",1,19,22,"",119.778,0,0,0,0,0,0,0,0,0,0,0,0,0,0,0,0,0,0,0,0,119.778,0,0,0
"MtrElec",1,19,23,"",125.259,0,0,0,0,0,0,0,0,0,0,0,0,0,0,0,0,0,0,0,0,125.259,0,0,0
"MtrElec",1,19,24,"",77.1973,0,0,0,0,0,0,0,0,0,0,0,0,0,0,0,0,0,0,0,0,77.1973,0,0,0
"MtrElec",1,20,1,"",53.7692,0,0,0,0,0,0,0,0,0,0,0,0,0,0,0,0,0,0,0,0,53.7692,0,0,0
"MtrElec",1,20,2,"",50.9521,0,0,0,0,0,0,0,0,0,0,0,0,0,0,0,0,0,0,0,0,50.9521,0,0,0
"MtrElec",1,20,3,"",49.5095,0,0,0,0,0,0,0,0,0,0,0,0,0,0,0,0,0,0,0,0,49.5095,0,0,0
"MtrElec",1,20,4,"",49.5787,0,0,0,0,0,0,0,0,0,0,0,0,0,0,0,0,0,0,0,0,49.5787,0,0,0
"MtrElec",1,20,5,"",49.0208,0,0,0,0,0,0,0,0,0,0,0,0,0,0,0,0,0,0,0,0,49.0208,0,0,0
"MtrElec",1,20,6,"",59.231,0,0,0,0,0,0,0,0,0,0,0,0,0,0,0,0,0,0,0,0,59.231,0,0,0
"MtrElec",1,20,7,"",96.7727,0,0,0,0,0,0,0,0,0,0,0,0,0,0,0,0,0,0,0,0,96.7727,0,0,0
"MtrElec",1,20,8,"",101.635,0,0,0,0,0,0,0,0,0,0,0,0,0,0,0,0,0,0,0,0,101.635,0,0,0
"MtrElec",1,20,9,"",106.047,0,0,0,0,0,0,0,0,0,0,0,0,0,0,0,0,0,0,0,0,108.351,0,0,-2.30451
"MtrElec",1,20,10,"",80.1074,0,0,0,0,0,0,0,0,0,0,0,0,0,0,0,0,0,0,0,0,87.7544,0,0,-7.64702
"MtrElec",1,20,11,"",95.5019,0,0,0,0,0,0,0,0,0,0,0,0,0,0,0,0,0,0,0,0,120.032,0,0,-24.5303
"MtrElec",1,20,12,"",50.0188,0,0,0,0,0,0,0,0,0,0,0,0,0,0,0,0,0,0,0,0,89.3203,0,0,-39.3014
"MtrElec",1,20,13,"",21.0708,0,0,0,0,0,0,0,0,0,0,0,0,0,0,0,0,0,0,0,0,59.4323,0,0,-38.3615
"MtrElec",1,20,14,"",21.5652,0,0,0,0,0,0,0,0,0,0,0,0,0,0,0,0,0,0,0,0,61.1834,0,0,-39.6183
"MtrElec",1,20,15,"",5.11402,0,0,0,0,0,0,0,0,0,0,0,0,0,0,0,0,0,0,0,0,79.004,0,0,-73.89
"MtrElec",1,20,16,"",10.0657,0,0,0,0,0,0,0,0,0,0,0,0,0,0,0,0,0,0,0,0,72.1299,0,0,-62.0642
"MtrElec",1,20,17,"",112.934,0,0,0,0,0,0,0,0,0,0,0,0,0,0,0,0,0,0,0,0,136.748,0,0,-23.8142
"MtrElec",1,20,18,"",93.7833,0,0,0,0,0,0,0,0,0,0,0,0,0,0,0,0,0,0,0,0,93.7833,0,0,0
"MtrElec",1,20,19,"",112.102,0,0,0,0,0,0,0,0,0,0,0,0,0,0,0,0,0,0,0,0,112.102,0,0,0
"MtrElec",1,20,20,"",147.54,0,0,0,0,0,0,0,0,0,0,0,0,0,0,0,0,0,0,0,0,147.54,0,0,0
"MtrElec",1,20,21,"",141.364,0,0,0,0,0,0,0,0,0,0,0,0,0,0,0,0,0,0,0,0,141.364,0,0,0
"MtrElec",1,20,22,"",98.1041,0,0,0,0,0,0,0,0,0,0,0,0,0,0,0,0,0,0,0,0,98.1041,0,0,0
"MtrElec",1,20,23,"",151.248,0,0,0,0,0,0,0,0,0,0,0,0,0,0,0,0,0,0,0,0,151.248,0,0,0
"MtrElec",1,20,24,"",96.9652,0,0,0,0,0,0,0,0,0,0,0,0,0,0,0,0,0,0,0,0,96.9652,0,0,0
"MtrElec",1,21,1,"",53.9899,0,0,0,0,0,0,0,0,0,0,0,0,0,0,0,0,0,0,0,0,53.9899,0,0,0
"MtrElec",1,21,2,"",51.1493,0,0,0,0,0,0,0,0,0,0,0,0,0,0,0,0,0,0,0,0,51.1493,0,0,0
"MtrElec",1,21,3,"",49.7084,0,0,0,0,0,0,0,0,0,0,0,0,0,0,0,0,0,0,0,0,49.7084,0,0,0
"MtrElec",1,21,4,"",49.7258,0,0,0,0,0,0,0,0,0,0,0,0,0,0,0,0,0,0,0,0,49.7258,0,0,0
"MtrElec",1,21,5,"",49.1444,0,0,0,0,0,0,0,0,0,0,0,0,0,0,0,0,0,0,0,0,49.1444,0,0,0
"MtrElec",1,21,6,"",53.8408,0,0,0,0,0,0,0,0,0,0,0,0,0,0,0,0,0,0,0,0,53.8408,0,0,0
"MtrElec",1,21,7,"",86.6578,0,0,0,0,0,0,0,0,0,0,0,0,0,0,0,0,0,0,0,0,86.6578,0,0,0
"MtrElec",1,21,8,"",95.8451,0,0,0,0,0,0,0,0,0,0,0,0,0,0,0,0,0,0,0,0,110.072,0,0,-14.2268
"MtrElec",1,21,9,"",75.3494,0,0,0,0,0,0,0,0,0,0,0,0,0,0,0,0,0,0,0,0,114.038,0,0,-38.6887
"MtrElec",1,21,10,"",9.91794,0,0,0,0,0,0,0,0,0,0,0,0,0,0,0,0,0,0,0,0,115.987,0,0,-106.069
"MtrElec",1,21,11,"",0,0,0,0,0,0,0,0,0,0,0,0,0,0,0,0,0,0,0,0,0,120.897,0,46.0149,-166.912
"MtrElec",1,21,12,"",-10.2113,0,0,0,0,0,0,0,0,0,0,0,0,0,0,0,0,0,0,0,0,106.005,0,67.8758,-184.092
"MtrElec",1,21,13,"",0,0,0,0,0,0,0,0,0,0,0,0,0,0,0,0,0,0,0,0,0,124.805,0,58.4715,-183.276
"MtrElec",1,21,14,"",-42.441,0,0,0,0,0,0,0,0,0,0,0,0,0,0,0,0,0,0,0,0,58.5083,0,67.8758,-168.825
"MtrElec",1,21,15,"",-48.2306,0,0,0,0,0,0,0,0,0,0,0,0,0,0,0,0,0,0,0,0,76.6588,0,13.0126,-137.902
"MtrElec",1,21,16,"",-10.0148,0,0,0,0,0,0,0,0,0,0,0,0,0,0,0,0,0,0,0,0,81.3379,0,0,-91.3527
"MtrElec",1,21,17,"",50.2807,0,0,0,0,0,0,0,0,0,0,0,0,0,0,0,0,0,0,0,0,82.44,0,0,-32.1594
"MtrElec",1,21,18,"",96.2565,0,0,0,0,0,0,0,0,0,0,0,0,0,0,0,0,0,0,0,0,96.2565,0,0,0
"MtrElec",1,21,19,"",63.8072,0,0,0,0,0,0,0,0,0,0,0,0,0,0,0,0,0,0,0,0,131.683,0,-67.8758,0
"MtrElec",1,21,20,"",29.9278,0,0,0,0,0,0,0,0,0,0,0,0,0,0,0,0,0,0,0,0,97.8035,0,-67.8758,0
"MtrElec",1,21,21,"",48.6314,0,0,0,0,0,0,0,0,0,0,0,0,0,0,0,0,0,0,0,0,116.507,0,-67.8758,0
"MtrElec",1,21,22,"",64.9933,0,0,0,0,0,0,0,0,0,0,0,0,0,0,0,0,0,0,0,0,89.9246,0,-24.9313,0
"MtrElec",1,21,23,"",105.198,0,0,0,0,0,0,0,0,0,0,0,0,0,0,0,0,0,0,0,0,105.198,0,0,0
"MtrElec",1,21,24,"",99.2076,0,0,0,0,0,0,0,0,0,0,0,0,0,0,0,0,0,0,0,0,99.2076,0,0,0
"MtrElec",1,22,1,"",52.2276,0,0,0,0,0,0,0,0,0,0,0,0,0,0,0,0,0,0,0,0,52.2276,0,0,0
"MtrElec",1,22,2,"",54.5209,0,0,0,0,0,0,0,0,0,0,0,0,0,0,0,0,0,0,0,0,54.5209,0,0,0
"MtrElec",1,22,3,"",50.2984,0,0,0,0,0,0,0,0,0,0,0,0,0,0,0,0,0,0,0,0,50.2984,0,0,0
"MtrElec",1,22,4,"",47.9604,0,0,0,0,0,0,0,0,0,0,0,0,0,0,0,0,0,0,0,0,47.9604,0,0,0
"MtrElec",1,22,5,"",47.3605,0,0,0,0,0,0,0,0,0,0,0,0,0,0,0,0,0,0,0,0,47.3605,0,0,0
"MtrElec",1,22,6,"",52.8646,0,0,0,0,0,0,0,0,0,0,0,0,0,0,0,0,0,0,0,0,52.8646,0,0,0
"MtrElec",1,22,7,"",106.848,0,0,0,0,0,0,0,0,0,0,0,0,0,0,0,0,0,0,0,0,106.848,0,0,0
"MtrElec",1,22,8,"",73.9139,0,0,0,0,0,0,0,0,0,0,0,0,0,0,0,0,0,0,0,0,105.714,0,0,-31.8003
"MtrElec",1,22,9,"",16.6002,0,0,0,0,0,0,0,0,0,0,0,0,0,0,0,0,0,0,0,0,106.961,0,0,-90.3609
"MtrElec",1,22,10,"",0,0,0,0,0,0,0,0,0,0,0,0,0,0,0,0,0,0,0,0,0,129.953,0,8.34051,-138.293
"MtrElec",1,22,11,"",0,0,0,0,0,0,0,0,0,0,0,0,0,0,0,0,0,0,0,0,0,138.477,0,30.6461,-169.123
"MtrElec",1,22,12,"",-42.2339,0,0,0,0,0,0,0,0,0,0,0,0,0,0,0,0,0,0,0,0,75.6342,0,67.8758,-185.744
"MtrElec",1,22,13,"",-7.94409,0,0,0,0,0,0,0,0,0,0,0,0,0,0,0,0,0,0,0,0,111.514,0,67.8758,-187.333
"MtrElec",1,22,14,"",-30.3485,0,0,0,0,0,0,0,0,0,0,0,0,0,0,0,0,0,0,0,0,73.5094,0,67.8758,-171.734
"MtrElec",1,22,15,"",-58.2255,0,0,0,0,0,0,0,0,0,0,0,0,0,0,0,0,0,0,0,0,71.2656,0,10.6366,-140.128
"MtrElec",1,22,16,"",-9.00503,0,0,0,0,0,0,0,0,0,0,0,0,0,0,0,0,0,0,0,0,84.3713,0,0,-93.3763
"MtrElec",1,22,17,"",52.7399,0,0,0,0,0,0,0,0,0,0,0,0,0,0,0,0,0,0,0,0,88.845,0,0,-36.1051
"MtrElec",1,22,18,"",125.703,0,0,0,0,0,0,0,0,0,0,0,0,0,0,0,0,0,0,0,0,125.703,0,0,0
"MtrElec",1,22,19,"",52.0333,0,0,0,0,0,0,0,0,0,0,0,0,0,0,0,0,0,0,0,0,119.909,0,-67.8758,0
"MtrElec",1,22,20,"",41.3677,0,0,0,0,0,0,0,0,0,0,0,0,0,0,0,0,0,0,0,0,109.243,0,-67.8758,0
"MtrElec",1,22,21,"",49.1026,0,0,0,0,0,0,0,0,0,0,0,0,0,0,0,0,0,0,0,0,116.978,0,-67.8758,0
"MtrElec",1,22,22,"",84.3053,0,0,0,0,0,0,0,0,0,0,0,0,0,0,0,0,0,0,0,0,109.237,0,-24.9313,0
"MtrElec",1,22,23,"",110.333,0,0,0,0,0,0,0,0,0,0,0,0,0,0,0,0,0,0,0,0,110.333,0,0,0
"MtrElec",1,22,24,"",83.3204,0,0,0,0,0,0,0,0,0,0,0,0,0,0,0,0,0,0,0,0,83.3204,0,0,0
"MtrElec",1,23,1,"",70.9155,0,0,0,0,0,0,0,0,0,0,0,0,0,0,0,0,0,0,0,0,70.9155,0,0,0
"MtrElec",1,23,2,"",52.6865,0,0,0,0,0,0,0,0,0,0,0,0,0,0,0,0,0,0,0,0,52.6865,0,0,0
"MtrElec",1,23,3,"",50.2881,0,0,0,0,0,0,0,0,0,0,0,0,0,0,0,0,0,0,0,0,50.2881,0,0,0
"MtrElec",1,23,4,"",49.4866,0,0,0,0,0,0,0,0,0,0,0,0,0,0,0,0,0,0,0,0,49.4866,0,0,0
"MtrElec",1,23,5,"",48.8574,0,0,0,0,0,0,0,0,0,0,0,0,0,0,0,0,0,0,0,0,48.8574,0,0,0
"MtrElec",1,23,6,"",57.8655,0,0,0,0,0,0,0,0,0,0,0,0,0,0,0,0,0,0,0,0,57.8655,0,0,0
"MtrElec",1,23,7,"",95.8436,0,0,0,0,0,0,0,0,0,0,0,0,0,0,0,0,0,0,0,0,95.8436,0,0,0
"MtrElec",1,23,8,"",80.2002,0,0,0,0,0,0,0,0,0,0,0,0,0,0,0,0,0,0,0,0,108.547,0,0,-28.3471
"MtrElec",1,23,9,"",53.7894,0,0,0,0,0,0,0,0,0,0,0,0,0,0,0,0,0,0,0,0,139.438,0,0,-85.6487
"MtrElec",1,23,10,"",2.41925,0,0,0,0,0,0,0,0,0,0,0,0,0,0,0,0,0,0,0,0,132.827,0,0,-130.408
"MtrElec",1,23,11,"",0.0000039,0,0,0,0,0,0,0,0,0,0,0,0,0,0,0,0,0,0,0,0,118.071,0,42.0717,-160.142
"MtrElec",1,23,12,"",0,0,0,0,0,0,0,0,0,0,0,0,0,0,0,0,0,0,0,0,0,109.362,0,63.2518,-172.614
"MtrElec",1,23,13,"",0,0,0,0,0,0,0,0,0,0,0,0,0,0,0,0,0,0,0,0,0,140.206,0,36.1071,-176.313
"MtrElec",1,23,14,"",-37.4049,0,0,0,0,0,0,0,0,0,0,0,0,0,0,0,0,0,0,0,0,57.8047,0,67.8758,-163.085
"MtrElec",1,23,15,"",-2.00509,0,0,0,0,0,0,0,0,0,0,0,0,0,0,0,0,0,0,0,0,89.2476,0,43.9441,-135.197
"MtrElec",1,23,16,"",-16.4498,0,0,0,0,0,0,0,0,0,0,0,0,0,0,0,0,0,0,0,0,74.5645,0,0,-91.0143
"MtrElec",1,23,17,"",79.3726,0,0,0,0,0,0,0,0,0,0,0,0,0,0,0,0,0,0,0,0,114.498,0,0,-35.1255
"MtrElec",1,23,18,"",124.001,0,0,0,0,0,0,0,0,0,0,0,0,0,0,0,0,0,0,0,0,124.064,0,0,-0.0623891
"MtrElec",1,23,19,"",60.4166,0,0,0,0,0,0,0,0,0,0,0,0,0,0,0,0,0,0,0,0,128.292,0,-67.8758,0
"MtrElec",1,23,20,"",99.4525,0,0,0,0,0,0,0,0,0,0,0,0,0,0,0,0,0,0,0,0,167.328,0,-67.8758,0
"MtrElec",1,23,21,"",49.0903,0,0,0,0,0,0,0,0,0,0,0,0,0,0,0,0,0,0,0,0,116.966,0,-67.8758,0
"MtrElec",1,23,22,"",111.298,0,0,0,0,0,0,0,0,0,0,0,0,0,0,0,0,0,0,0,0,136.229,0,-24.9313,0
"MtrElec",1,23,23,"",123.702,0,0,0,0,0,0,0,0,0,0,0,0,0,0,0,0,0,0,0,0,123.702,0,0,0
"MtrElec",1,23,24,"",76.9376,0,0,0,0,0,0,0,0,0,0,0,0,0,0,0,0,0,0,0,0,76.9376,0,0,0
"MtrElec",1,24,1,"",54.0343,0,0,0,0,0,0,0,0,0,0,0,0,0,0,0,0,0,0,0,0,54.0343,0,0,0
"MtrElec",1,24,2,"",51.2797,0,0,0,0,0,0,0,0,0,0,0,0,0,0,0,0,0,0,0,0,51.2797,0,0,0
"MtrElec",1,24,3,"",49.4876,0,0,0,0,0,0,0,0,0,0,0,0,0,0,0,0,0,0,0,0,49.4876,0,0,0
"MtrElec",1,24,4,"",49.4842,0,0,0,0,0,0,0,0,0,0,0,0,0,0,0,0,0,0,0,0,49.4842,0,0,0
"MtrElec",1,24,5,"",48.769,0,0,0,0,0,0,0,0,0,0,0,0,0,0,0,0,0,0,0,0,48.769,0,0,0
"MtrElec",1,24,6,"",85.2987,0,0,0,0,0,0,0,0,0,0,0,0,0,0,0,0,0,0,0,0,85.2987,0,0,0
"MtrElec",1,24,7,"",65.3592,0,0,0,0,0,0,0,0,0,0,0,0,0,0,0,0,0,0,0,0,65.3592,0,0,0
"MtrElec",1,24,8,"",63.3259,0,0,0,0,0,0,0,0,0,0,0,0,0,0,0,0,0,0,0,0,66.1525,0,0,-2.82664
"MtrElec",1,24,9,"",96.7571,0,0,0,0,0,0,0,0,0,0,0,0,0,0,0,0,0,0,0,0,112.51,0,0,-15.7531
"MtrElec",1,24,10,"",57.9835,0,0,0,0,0,0,0,0,0,0,0,0,0,0,0,0,0,0,0,0,128.87,0,0,-70.8866
"MtrElec",1,24,11,"",29.2125,0,0,0,0,0,0,0,0,0,0,0,0,0,0,0,0,0,0,0,0,118.177,0,0,-88.9642
"MtrElec",1,24,12,"",1.73779,0,0,0,0,0,0,0,0,0,0,0,0,0,0,0,0,0,0,0,0,124.02,0,0,-122.282
"MtrElec",1,24,13,"",0,0,0,0,0,0,0,0,0,0,0,0,0,0,0,0,0,0,0,0,0,110.184,0,8.8401,-119.024
"MtrElec",1,24,14,"",10.3769,0,0,0,0,0,0,0,0,0,0,0,0,0,0,0,0,0,0,0,0,102.459,0,0,-92.0822
"MtrElec",1,24,15,"",34.3328,0,0,0,0,0,0,0,0,0,0,0,0,0,0,0,0,0,0,0,0,106.432,0,0,-72.0991
"MtrElec",1,24,16,"",55.1228,0,0,0,0,0,0,0,0,0,0,0,0,0,0,0,0,0,0,0,0,100.302,0,0,-45.1787
"MtrElec",1,24,17,"",66.8537,0,0,0,0,0,0,0,0,0,0,0,0,0,0,0,0,0,0,0,0,77.8418,0,0,-10.9882
"MtrElec",1,24,18,"",86.1487,0,0,0,0,0,0,0,0,0,0,0,0,0,0,0,0,0,0,0,0,86.1487,0,0,0
"MtrElec",1,24,19,"",136.485,0,0,0,0,0,0,0,0,0,0,0,0,0,0,0,0,0,0,0,0,144.464,0,-7.97819,0
"MtrElec",1,24,20,"",129.097,0,0,0,0,0,0,0,0,0,0,0,0,0,0,0,0,0,0,0,0,129.097,0,0,0
"MtrElec",1,24,21,"",130.223,0,0,0,0,0,0,0,0,0,0,0,0,0,0,0,0,0,0,0,0,130.223,0,0,0
"MtrElec",1,24,22,"",116.176,0,0,0,0,0,0,0,0,0,0,0,0,0,0,0,0,0,0,0,0,116.176,0,0,0
"MtrElec",1,24,23,"",92.1834,0,0,0,0,0,0,0,0,0,0,0,0,0,0,0,0,0,0,0,0,92.1834,0,0,0
"MtrElec",1,24,24,"",115.324,0,0,0,0,0,0,0,0,0,0,0,0,0,0,0,0,0,0,0,0,115.324,0,0,0
"MtrElec",1,25,1,"",65.1937,0,0,0,0,0,0,0,0,0,0,0,0,0,0,0,0,0,0,0,0,65.1937,0,0,0
"MtrElec",1,25,2,"",51.235,0,0,0,0,0,0,0,0,0,0,0,0,0,0,0,0,0,0,0,0,51.235,0,0,0
"MtrElec",1,25,3,"",49.5398,0,0,0,0,0,0,0,0,0,0,0,0,0,0,0,0,0,0,0,0,49.5398,0,0,0
"MtrElec",1,25,4,"",51.3616,0,0,0,0,0,0,0,0,0,0,0,0,0,0,0,0,0,0,0,0,51.3616,0,0,0
"MtrElec",1,25,5,"",63.8306,0,0,0,0,0,0,0,0,0,0,0,0,0,0,0,0,0,0,0,0,63.8306,0,0,0
"MtrElec",1,25,6,"",70.0598,0,0,0,0,0,0,0,0,0,0,0,0,0,0,0,0,0,0,0,0,70.0598,0,0,0
"MtrElec",1,25,7,"",66.8561,0,0,0,0,0,0,0,0,0,0,0,0,0,0,0,0,0,0,0,0,66.8561,0,0,0
"MtrElec",1,25,8,"",43.5197,0,0,0,0,0,0,0,0,0,0,0,0,0,0,0,0,0,0,0,0,60.0291,0,0,-16.5093
"MtrElec",1,25,9,"",0,0,0,0,0,0,0,0,0,0,0,0,0,0,0,0,0,0,0,0,0,76.377,0,3.52241,-79.8994
"MtrElec",1,25,10,"",0.0000020,0,0,0,0,0,0,0,0,0,0,0,0,0,0,0,0,0,0,0,0,103.212,0,30.3641,-133.577
"MtrElec",1,25,11,"",0,0,0,0,0,0,0,0,0,0,0,0,0,0,0,0,0,0,0,0,0,155.938,0,7.72969,-163.667
"MtrElec",1,25,12,"",0.0000039,0,0,0,0,0,0,0,0,0,0,0,0,0,0,0,0,0,0,0,0,128.737,0,52.2961,-181.033
"MtrElec",1,25,13,"",-28.9398,0,0,0,0,0,0,0,0,0,0,0,0,0,0,0,0,0,0,0,0,83.5084,0,67.8758,-180.324
"MtrElec",1,25,14,"",-1.2,0,0,0,0,0,0,0,0,0,0,0,0,0,0,0,0,0,0,0,0,97.2491,0,67.8758,-166.325
"MtrElec",1,25,15,"",-48.4607,0,0,0,0,0,0,0,0,0,0,0,0,0,0,0,0,0,0,0,0,66.1065,0,23.5867,-138.154
"MtrElec",1,25,16,"",-2.79594,0,0,0,0,0,0,0,0,0,0,0,0,0,0,0,0,0,0,0,0,90.3183,0,0,-93.1143
"MtrElec",1,25,17,"",39.3016,0,0,0,0,0,0,0,0,0,0,0,0,0,0,0,0,0,0,0,0,74.0424,0,0,-34.7408
"MtrElec",1,25,18,"",81.2349,0,0,0,0,0,0,0,0,0,0,0,0,0,0,0,0,0,0,0,0,81.3212,0,0,-0.0863137
"MtrElec",1,25,19,"",78.3928,0,0,0,0,0,0,0,0,0,0,0,0,0,0,0,0,0,0,0,0,146.269,0,-67.8758,0
"MtrElec",1,25,20,"",55.455,0,0,0,0,0,0,0,0,0,0,0,0,0,0,0,0,0,0,0,0,123.331,0,-67.8758,0
"MtrElec",1,25,21,"",14.4424,0,0,0,0,0,0,0,0,0,0,0,0,0,0,0,0,0,0,0,0,82.3182,0,-67.8758,0
"MtrElec",1,25,22,"",90.2103,0,0,0,0,0,0,0,0,0,0,0,0,0,0,0,0,0,0,0,0,115.142,0,-24.9313,0
"MtrElec",1,25,23,"",78.2172,0,0,0,0,0,0,0,0,0,0,0,0,0,0,0,0,0,0,0,0,78.2172,0,0,0
"MtrElec",1,25,24,"",91.0141,0,0,0,0,0,0,0,0,0,0,0,0,0,0,0,0,0,0,0,0,91.0141,0,0,0
"MtrElec",1,26,1,"",53.8251,0,0,0,0,0,0,0,0,0,0,0,0,0,0,0,0,0,0,0,0,53.8251,0,0,0
"MtrElec",1,26,2,"",53.0311,0,0,0,0,0,0,0,0,0,0,0,0,0,0,0,0,0,0,0,0,53.0311,0,0,0
"MtrElec",1,26,3,"",76.4555,0,0,0,0,0,0,0,0,0,0,0,0,0,0,0,0,0,0,0,0,76.4555,0,0,0
"MtrElec",1,26,4,"",49.835,0,0,0,0,0,0,0,0,0,0,0,0,0,0,0,0,0,0,0,0,49.835,0,0,0
"MtrElec",1,26,5,"",49.1212,0,0,0,0,0,0,0,0,0,0,0,0,0,0,0,0,0,0,0,0,49.1212,0,0,0
"MtrElec",1,26,6,"",53.0642,0,0,0,0,0,0,0,0,0,0,0,0,0,0,0,0,0,0,0,0,53.0642,0,0,0
"MtrElec",1,26,7,"",90.5036,0,0,0,0,0,0,0,0,0,0,0,0,0,0,0,0,0,0,0,0,90.5036,0,0,0
"MtrElec",1,26,8,"",78.8357,0,0,0,0,0,0,0,0,0,0,0,0,0,0,0,0,0,0,0,0,108.719,0,0,-29.8829
"MtrElec",1,26,9,"",40.1021,0,0,0,0,0,0,0,0,0,0,0,0,0,0,0,0,0,0,0,0,128.105,0,0,-88.003
"MtrElec",1,26,10,"",4.95155,0,0,0,0,0,0,0,0,0,0,0,0,0,0,0,0,0,0,0,0,134.789,0,0,-129.838
"MtrElec",1,26,11,"",0,0,0,0,0,0,0,0,0,0,0,0,0,0,0,0,0,0,0,0,0,123.548,0,34.647,-158.195
"MtrElec",1,26,12,"",0,0,0,0,0,0,0,0,0,0,0,0,0,0,0,0,0,0,0,0,0,124.536,0,50.3216,-174.858
"MtrElec",1,26,13,"",12.2647,0,0,0,0,0,0,0,0,0,0,0,0,0,0,0,0,0,0,0,0,190.292,0,0,-178.028
"MtrElec",1,26,14,"",-14.7034,0,0,0,0,0,0,0,0,0,0,0,0,0,0,0,0,0,0,0,0,82.9856,0,67.8758,-165.565
"MtrElec",1,26,15,"",0,0,0,0,0,0,0,0,0,0,0,0,0,0,0,0,0,0,0,0,0,70.6197,0,65.7238,-136.343
"MtrElec",1,26,16,"",0,0,0,0,0,0,0,0,0,0,0,0,0,0,0,0,0,0,0,0,0,78.9682,0,8.8336,-87.8018
"MtrElec",1,26,17,"",90.2355,0,0,0,0,0,0,0,0,0,0,0,0,0,0,0,0,0,0,0,0,114.738,0,0,-24.5022
"MtrElec",1,26,18,"",85.0493,0,0,0,0,0,0,0,0,0,0,0,0,0,0,0,0,0,0,0,0,85.0493,0,0,0
"MtrElec",1,26,19,"",49.0443,0,0,0,0,0,0,0,0,0,0,0,0,0,0,0,0,0,0,0,0,116.92,0,-67.8758,0
"MtrElec",1,26,20,"",89.4904,0,0,0,0,0,0,0,0,0,0,0,0,0,0,0,0,0,0,0,0,157.366,0,-67.8758,0
"MtrElec",1,26,21,"",88.4951,0,0,0,0,0,0,0,0,0,0,0,0,0,0,0,0,0,0,0,0,156.371,0,-67.8758,0
"MtrElec",1,26,22,"",111.221,0,0,0,0,0,0,0,0,0,0,0,0,0,0,0,0,0,0,0,0,112.824,0,-1.60273,0
"MtrElec",1,26,23,"",82.5564,0,0,0,0,0,0,0,0,0,0,0,0,0,0,0,0,0,0,0,0,82.5564,0,0,0
"MtrElec",1,26,24,"",106.835,0,0,0,0,0,0,0,0,0,0,0,0,0,0,0,0,0,0,0,0,106.835,0,0,0
"MtrElec",1,27,1,"",53.6965,0,0,0,0,0,0,0,0,0,0,0,0,0,0,0,0,0,0,0,0,53.6965,0,0,0
"MtrElec",1,27,2,"",52.7524,0,0,0,0,0,0,0,0,0,0,0,0,0,0,0,0,0,0,0,0,52.7524,0,0,0
"MtrElec",1,27,3,"",50.5017,0,0,0,0,0,0,0,0,0,0,0,0,0,0,0,0,0,0,0,0,50.5017,0,0,0
"MtrElec",1,27,4,"",49.9036,0,0,0,0,0,0,0,0,0,0,0,0,0,0,0,0,0,0,0,0,49.9036,0,0,0
"MtrElec",1,27,5,"",49.4822,0,0,0,0,0,0,0,0,0,0,0,0,0,0,0,0,0,0,0,0,49.4822,0,0,0
"MtrElec",1,27,6,"",53.5112,0,0,0,0,0,0,0,0,0,0,0,0,0,0,0,0,0,0,0,0,53.5112,0,0,0
"MtrElec",1,27,7,"",110.453,0,0,0,0,0,0,0,0,0,0,0,0,0,0,0,0,0,0,0,0,110.453,0,0,0
"MtrElec",1,27,8,"",68.565,0,0,0,0,0,0,0,0,0,0,0,0,0,0,0,0,0,0,0,0,100.493,0,0,-31.9279
"MtrElec",1,27,9,"",20.5235,0,0,0,0,0,0,0,0,0,0,0,0,0,0,0,0,0,0,0,0,105.714,0,0,-85.19
"MtrElec",1,27,10,"",0,0,0,0,0,0,0,0,0,0,0,0,0,0,0,0,0,0,0,0,0,121.967,0,7.55602,-129.523
"MtrElec",1,27,11,"",0,0,0,0,0,0,0,0,0,0,0,0,0,0,0,0,0,0,0,0,0,103.256,0,53.9334,-157.189
"MtrElec",1,27,12,"",-24.3991,0,0,0,0,0,0,0,0,0,0,0,0,0,0,0,0,0,0,0,0,81.6129,0,67.8758,-173.888
"MtrElec",1,27,13,"",-1.51332,0,0,0,0,0,0,0,0,0,0,0,0,0,0,0,0,0,0,0,0,109.101,0,67.8758,-178.49
"MtrElec",1,27,14,"",-20.7314,0,0,0,0,0,0,0,0,0,0,0,0,0,0,0,0,0,0,0,0,81.4846,0,56.0096,-158.226
"MtrElec",1,27,15,"",-26.8794,0,0,0,0,0,0,0,0,0,0,0,0,0,0,0,0,0,0,0,0,81.4229,0,0,-108.302
"MtrElec",1,27,16,"",15.5312,0,0,0,0,0,0,0,0,0,0,0,0,0,0,0,0,0,0,0,0,75.4953,0,0,-59.9641
"MtrElec",1,27,17,"",112.476,0,0,0,0,0,0,0,0,0,0,0,0,0,0,0,0,0,0,0,0,116.336,0,0,-3.86
"MtrElec",1,27,18,"",102.813,0,0,0,0,0,0,0,0,0,0,0,0,0,0,0,0,0,0,0,0,102.813,0,0,0
"MtrElec",1,27,19,"",53.2456,0,0,0,0,0,0,0,0,0,0,0,0,0,0,0,0,0,0,0,0,121.121,0,-67.8758,0
"MtrElec",1,27,20,"",76.6314,0,0,0,0,0,0,0,0,0,0,0,0,0,0,0,0,0,0,0,0,144.507,0,-67.8758,0
"MtrElec",1,27,21,"",95.7691,0,0,0,0,0,0,0,0,0,0,0,0,0,0,0,0,0,0,0,0,163.645,0,-67.8758,0
"MtrElec",1,27,22,"",76.0909,0,0,0,0,0,0,0,0,0,0,0,0,0,0,0,0,0,0,0,0,101.022,0,-24.9313,0
"MtrElec",1,27,23,"",119.403,0,0,0,0,0,0,0,0,0,0,0,0,0,0,0,0,0,0,0,0,119.403,0,0,0
"MtrElec",1,27,24,"",81.3345,0,0,0,0,0,0,0,0,0,0,0,0,0,0,0,0,0,0,0,0,81.3345,0,0,0
"MtrElec",1,28,1,"",69.5715,0,0,0,0,0,0,0,0,0,0,0,0,0,0,0,0,0,0,0,0,69.5715,0,0,0
"MtrElec",1,28,2,"",51.0968,0,0,0,0,0,0,0,0,0,0,0,0,0,0,0,0,0,0,0,0,51.0968,0,0,0
"MtrElec",1,28,3,"",48.8055,0,0,0,0,0,0,0,0,0,0,0,0,0,0,0,0,0,0,0,0,48.8055,0,0,0
"MtrElec",1,28,4,"",48.0654,0,0,0,0,0,0,0,0,0,0,0,0,0,0,0,0,0,0,0,0,48.0654,0,0,0
"MtrElec",1,28,5,"",47.4833,0,0,0,0,0,0,0,0,0,0,0,0,0,0,0,0,0,0,0,0,47.4833,0,0,0
"MtrElec",1,28,6,"",52.9168,0,0,0,0,0,0,0,0,0,0,0,0,0,0,0,0,0,0,0,0,52.9168,0,0,0
"MtrElec",1,28,7,"",86.5923,0,0,0,0,0,0,0,0,0,0,0,0,0,0,0,0,0,0,0,0,86.5923,0,0,0
"MtrElec",1,28,8,"",81.4357,0,0,0,0,0,0,0,0,0,0,0,0,0,0,0,0,0,0,0,0,112.561,0,0,-31.125
"MtrElec",1,28,9,"",35.6366,0,0,0,0,0,0,0,0,0,0,0,0,0,0,0,0,0,0,0,0,122.494,0,0,-86.8578
"MtrElec",1,28,10,"",0.0000005,0,0,0,0,0,0,0,0,0,0,0,0,0,0,0,0,0,0,0,0,127.545,0,4.75997,-132.305
"MtrElec",1,28,11,"",0.0000039,0,0,0,0,0,0,0,0,0,0,0,0,0,0,0,0,0,0,0,0,108.905,0,56.057,-164.962
"MtrElec",1,28,12,"",-6.5202,0,0,0,0,0,0,0,0,0,0,0,0,0,0,0,0,0,0,0,0,107.115,0,67.8758,-181.511
"MtrElec",1,28,13,"",-2.77223,0,0,0,0,0,0,0,0,0,0,0,0,0,0,0,0,0,0,0,0,111.969,0,67.8758,-182.617
"MtrElec",1,28,14,"",-23.0956,0,0,0,0,0,0,0,0,0,0,0,0,0,0,0,0,0,0,0,0,88.6617,0,56.682,-168.439
"MtrElec",1,28,15,"",-70.3085,0,0,0,0,0,0,0,0,0,0,0,0,0,0,0,0,0,0,0,0,70.1993,0,0,-140.508
"MtrElec",1,28,16,"",-16.8725,0,0,0,0,0,0,0,0,0,0,0,0,0,0,0,0,0,0,0,0,78.8935,0,0,-95.7659
"MtrElec",1,28,17,"",60.354,0,0,0,0,0,0,0,0,0,0,0,0,0,0,0,0,0,0,0,0,98.3413,0,0,-37.9873
"MtrElec",1,28,18,"",109.114,0,0,0,0,0,0,0,0,0,0,0,0,0,0,0,0,0,0,0,0,109.114,0,0,0
"MtrElec",1,28,19,"",69.1199,0,0,0,0,0,0,0,0,0,0,0,0,0,0,0,0,0,0,0,0,136.996,0,-67.8758,0
"MtrElec",1,28,20,"",44.1342,0,0,0,0,0,0,0,0,0,0,0,0,0,0,0,0,0,0,0,0,112.01,0,-67.8758,0
"MtrElec",1,28,21,"",87.2974,0,0,0,0,0,0,0,0,0,0,0,0,0,0,0,0,0,0,0,0,155.173,0,-67.8758,0
"MtrElec",1,28,22,"",60.3176,0,0,0,0,0,0,0,0,0,0,0,0,0,0,0,0,0,0,0,0,85.2489,0,-24.9313,0
"MtrElec",1,28,23,"",115.76,0,0,0,0,0,0,0,0,0,0,0,0,0,0,0,0,0,0,0,0,115.76,0,0,0
"MtrElec",1,28,24,"",80.5773,0,0,0,0,0,0,0,0,0,0,0,0,0,0,0,0,0,0,0,0,80.5773,0,0,0
"MtrElec",1,29,1,"",53.7149,0,0,0,0,0,0,0,0,0,0,0,0,0,0,0,0,0,0,0,0,53.7149,0,0,0
"MtrElec",1,29,2,"",52.8121,0,0,0,0,0,0,0,0,0,0,0,0,0,0,0,0,0,0,0,0,52.8121,0,0,0
"MtrElec",1,29,3,"",50.5897,0,0,0,0,0,0,0,0,0,0,0,0,0,0,0,0,0,0,0,0,50.5897,0,0,0
"MtrElec",1,29,4,"",49.9339,0,0,0,0,0,0,0,0,0,0,0,0,0,0,0,0,0,0,0,0,49.9339,0,0,0
"MtrElec",1,29,5,"",49.4047,0,0,0,0,0,0,0,0,0,0,0,0,0,0,0,0,0,0,0,0,49.4047,0,0,0
"MtrElec",1,29,6,"",72.653,0,0,0,0,0,0,0,0,0,0,0,0,0,0,0,0,0,0,0,0,72.653,0,0,0
"MtrElec",1,29,7,"",131.077,0,0,0,0,0,0,0,0,0,0,0,0,0,0,0,0,0,0,0,0,131.077,0,0,0
"MtrElec",1,29,8,"",102.707,0,0,0,0,0,0,0,0,0,0,0,0,0,0,0,0,0,0,0,0,122.032,0,0,-19.3254
"MtrElec",1,29,9,"",46.7571,0,0,0,0,0,0,0,0,0,0,0,0,0,0,0,0,0,0,0,0,102.873,0,0,-56.1158
"MtrElec",1,29,10,"",6.29128,0,0,0,0,0,0,0,0,0,0,0,0,0,0,0,0,0,0,0,0,129.795,0,0,-123.504
"MtrElec",1,29,11,"",0,0,0,0,0,0,0,0,0,0,0,0,0,0,0,0,0,0,0,0,0,127.517,0,33.7526,-161.269
"MtrElec",1,29,12,"",-14.8173,0,0,0,0,0,0,0,0,0,0,0,0,0,0,0,0,0,0,0,0,95.5795,0,67.8758,-178.273
"MtrElec",1,29,13,"",0,0,0,0,0,0,0,0,0,0,0,0,0,0,0,0,0,0,0,0,0,175.871,0,2.45227,-178.324
"MtrElec",1,29,14,"",-30.6301,0,0,0,0,0,0,0,0,0,0,0,0,0,0,0,0,0,0,0,0,66.7473,0,67.8758,-165.253
"MtrElec",1,29,15,"",-6.94892,0,0,0,0,0,0,0,0,0,0,0,0,0,0,0,0,0,0,0,0,62.4899,0,67.8758,-137.315
"MtrElec",1,29,16,"",2.24055,0,0,0,0,0,0,0,0,0,0,0,0,0,0,0,0,0,0,0,0,95.6566,0,0,-93.4161
"MtrElec",1,29,17,"",56.5355,0,0,0,0,0,0,0,0,0,0,0,0,0,0,0,0,0,0,0,0,93.7653,0,0,-37.2298
"MtrElec",1,29,18,"",95.9071,0,0,0,0,0,0,0,0,0,0,0,0,0,0,0,0,0,0,0,0,96.8345,0,0,-0.927392
"MtrElec",1,29,19,"",70.5165,0,0,0,0,0,0,0,0,0,0,0,0,0,0,0,0,0,0,0,0,138.392,0,-67.8758,0
"MtrElec",1,29,20,"",57.88,0,0,0,0,0,0,0,0,0,0,0,0,0,0,0,0,0,0,0,0,125.756,0,-67.8758,0
"MtrElec",1,29,21,"",80.1633,0,0,0,0,0,0,0,0,0,0,0,0,0,0,0,0,0,0,0,0,148.039,0,-67.8758,0
"MtrElec",1,29,22,"",92.8275,0,0,0,0,0,0,0,0,0,0,0,0,0,0,0,0,0,0,0,0,105.649,0,-12.8212,0
"MtrElec",1,29,23,"",91.7193,0,0,0,0,0,0,0,0,0,0,0,0,0,0,0,0,0,0,0,0,91.7193,0,0,0
"MtrElec",1,29,24,"",96.481,0,0,0,0,0,0,0,0,0,0,0,0,0,0,0,0,0,0,0,0,96.481,0,0,0
"MtrElec",1,30,1,"",53.7313,0,0,0,0,0,0,0,0,0,0,0,0,0,0,0,0,0,0,0,0,53.7313,0,0,0
"MtrElec",1,30,2,"",52.6155,0,0,0,0,0,0,0,0,0,0,0,0,0,0,0,0,0,0,0,0,52.6155,0,0,0
"MtrElec",1,30,3,"",53.0837,0,0,0,0,0,0,0,0,0,0,0,0,0,0,0,0,0,0,0,0,53.0837,0,0,0
"MtrElec",1,30,4,"",53.1874,0,0,0,0,0,0,0,0,0,0,0,0,0,0,0,0,0,0,0,0,53.1874,0,0,0
"MtrElec",1,30,5,"",53.3045,0,0,0,0,0,0,0,0,0,0,0,0,0,0,0,0,0,0,0,0,53.3045,0,0,0
"MtrElec",1,30,6,"",53.3495,0,0,0,0,0,0,0,0,0,0,0,0,0,0,0,0,0,0,0,0,53.3495,0,0,0
"MtrElec",1,30,7,"",94.2566,0,0,0,0,0,0,0,0,0,0,0,0,0,0,0,0,0,0,0,0,94.2566,0,0,0
"MtrElec",1,30,8,"",72.8223,0,0,0,0,0,0,0,0,0,0,0,0,0,0,0,0,0,0,0,0,105.806,0,0,-32.9837
"MtrElec",1,30,9,"",39.0058,0,0,0,0,0,0,0,0,0,0,0,0,0,0,0,0,0,0,0,0,123.716,0,0,-84.7102
"MtrElec",1,30,10,"",0,0,0,0,0,0,0,0,0,0,0,0,0,0,0,0,0,0,0,0,0,119.303,0,11.4148,-130.718
"MtrElec",1,30,11,"",0,0,0,0,0,0,0,0,0,0,0,0,0,0,0,0,0,0,0,0,0,110.122,0,52.0825,-162.204
"MtrElec",1,30,12,"",-9.73388,0,0,0,0,0,0,0,0,0,0,0,0,0,0,0,0,0,0,0,0,100.877,0,67.8758,-178.486
"MtrElec",1,30,13,"",-0.236602,0,0,0,0,0,0,0,0,0,0,0,0,0,0,0,0,0,0,0,0,110.645,0,67.8758,-178.757
"MtrElec",1,30,14,"",-56.1365,0,0,0,0,0,0,0,0,0,0,0,0,0,0,0,0,0,0,0,0,57.01,0,54.0017,-167.148
"MtrElec",1,30,15,"",-72.4358,0,0,0,0,0,0,0,0,0,0,0,0,0,0,0,0,0,0,0,0,66.2934,0,0,-138.729
"MtrElec",1,30,16,"",-6.28576,0,0,0,0,0,0,0,0,0,0,0,0,0,0,0,0,0,0,0,0,88.9337,0,0,-95.2194
"MtrElec",1,30,17,"",37.568,0,0,0,0,0,0,0,0,0,0,0,0,0,0,0,0,0,0,0,0,77.862,0,0,-40.294
"MtrElec",1,30,18,"",99.5097,0,0,0,0,0,0,0,0,0,0,0,0,0,0,0,0,0,0,0,0,101.017,0,0,-1.5074
"MtrElec",1,30,19,"",61.0533,0,0,0,0,0,0,0,0,0,0,0,0,0,0,0,0,0,0,0,0,128.929,0,-67.8758,0
"MtrElec",1,30,20,"",33.75,0,0,0,0,0,0,0,0,0,0,0,0,0,0,0,0,0,0,0,0,101.626,0,-67.8758,0
"MtrElec",1,30,21,"",85.6716,0,0,0,0,0,0,0,0,0,0,0,0,0,0,0,0,0,0,0,0,153.547,0,-67.8758,0
"MtrElec",1,30,22,"",90.7839,0,0,0,0,0,0,0,0,0,0,0,0,0,0,0,0,0,0,0,0,115.715,0,-24.9313,0
"MtrElec",1,30,23,"",74.4304,0,0,0,0,0,0,0,0,0,0,0,0,0,0,0,0,0,0,0,0,74.4304,0,0,0
"MtrElec",1,30,24,"",65.0357,0,0,0,0,0,0,0,0,0,0,0,0,0,0,0,0,0,0,0,0,65.0357,0,0,0
"MtrElec",1,31,1,"",59.9185,0,0,0,0,0,0,0,0,0,0,0,0,0,0,0,0,0,0,0,0,59.9185,0,0,0
"MtrElec",1,31,2,"",72.6335,0,0,0,0,0,0,0,0,0,0,0,0,0,0,0,0,0,0,0,0,72.6335,0,0,0
"MtrElec",1,31,3,"",47.9546,0,0,0,0,0,0,0,0,0,0,0,0,0,0,0,0,0,0,0,0,47.9546,0,0,0
"MtrElec",1,31,4,"",47.9999,0,0,0,0,0,0,0,0,0,0,0,0,0,0,0,0,0,0,0,0,47.9999,0,0,0
"MtrElec",1,31,5,"",48.7117,0,0,0,0,0,0,0,0,0,0,0,0,0,0,0,0,0,0,0,0,48.7117,0,0,0
"MtrElec",1,31,6,"",50.1448,0,0,0,0,0,0,0,0,0,0,0,0,0,0,0,0,0,0,0,0,50.1448,0,0,0
"MtrElec",1,31,7,"",55.7718,0,0,0,0,0,0,0,0,0,0,0,0,0,0,0,0,0,0,0,0,55.7718,0,0,0
"MtrElec",1,31,8,"",69.7772,0,0,0,0,0,0,0,0,0,0,0,0,0,0,0,0,0,0,0,0,83.6302,0,0,-13.853
"MtrElec",1,31,9,"",39.8839,0,0,0,0,0,0,0,0,0,0,0,0,0,0,0,0,0,0,0,0,105.655,0,0,-65.7706
"MtrElec",1,31,10,"",0,0,0,0,0,0,0,0,0,0,0,0,0,0,0,0,0,0,0,0,0,106.921,0,18.991,-125.912
"MtrElec",1,31,11,"",0,0,0,0,0,0,0,0,0,0,0,0,0,0,0,0,0,0,0,0,0,150.638,0,15.0659,-165.704
"MtrElec",1,31,12,"",0,0,0,0,0,0,0,0,0,0,0,0,0,0,0,0,0,0,0,0,0,118.348,0,63.96,-182.308
"MtrElec",1,31,13,"",-25.0534,0,0,0,0,0,0,0,0,0,0,0,0,0,0,0,0,0,0,0,0,92.3386,0,67.8758,-185.268
"MtrElec",1,31,14,"",0.0000039,0,0,0,0,0,0,0,0,0,0,0,0,0,0,0,0,0,0,0,0,105.967,0,64.2586,-170.226
"MtrElec",1,31,15,"",0,0,0,0,0,0,0,0,0,0,0,0,0,0,0,0,0,0,0,0,0,122.623,0,20.2343,-142.857
"MtrElec",1,31,16,"",-7.36626,0,0,0,0,0,0,0,0,0,0,0,0,0,0,0,0,0,0,0,0,88.7351,0,2.86492,-98.9663
"MtrElec",1,31,17,"",81.1544,0,0,0,0,0,0,0,0,0,0,0,0,0,0,0,0,0,0,0,0,110.365,0,0,-29.2106
"MtrElec",1,31,18,"",113.348,0,0,0,0,0,0,0,0,0,0,0,0,0,0,0,0,0,0,0,0,115.125,0,0,-1.77701
"MtrElec",1,31,19,"",76.9952,0,0,0,0,0,0,0,0,0,0,0,0,0,0,0,0,0,0,0,0,144.871,0,-67.8758,0
"MtrElec",1,31,20,"",70.7718,0,0,0,0,0,0,0,0,0,0,0,0,0,0,0,0,0,0,0,0,138.648,0,-67.8758,0
"MtrElec",1,31,21,"",46.5237,0,0,0,0,0,0,0,0,0,0,0,0,0,0,0,0,0,0,0,0,114.399,0,-67.8758,0
"MtrElec",1,31,22,"",73.6086,0,0,0,0,0,0,0,0,0,0,0,0,0,0,0,0,0,0,0,0,98.5399,0,-24.9313,0
"MtrElec",1,31,23,"",112.534,0,0,0,0,0,0,0,0,0,0,0,0,0,0,0,0,0,0,0,0,112.534,0,0,0
"MtrElec",1,31,24,"",151.254,0,0,0,0,0,0,0,0,0,0,0,0,0,0,0,0,0,0,0,0,151.254,0,0,0
"MtrElec",2,1,1,"",63.2631,0,0,0,0,0,0,0,0,0,0,0,0,0,0,0,0,0,0,0,0,63.2631,0,0,0
"MtrElec",2,1,2,"",49.347,0,0,0,0,0,0,0,0,0,0,0,0,0,0,0,0,0,0,0,0,49.347,0,0,0
"MtrElec",2,1,3,"",47.6536,0,0,0,0,0,0,0,0,0,0,0,0,0,0,0,0,0,0,0,0,47.6536,0,0,0
"MtrElec",2,1,4,"",49.8814,0,0,0,0,0,0,0,0,0,0,0,0,0,0,0,0,0,0,0,0,49.8814,0,0,0
"MtrElec",2,1,5,"",63.4771,0,0,0,0,0,0,0,0,0,0,0,0,0,0,0,0,0,0,0,0,63.4771,0,0,0
"MtrElec",2,1,6,"",51.9212,0,0,0,0,0,0,0,0,0,0,0,0,0,0,0,0,0,0,0,0,51.9212,0,0,0
"MtrElec",2,1,7,"",56.9121,0,0,0,0,0,0,0,0,0,0,0,0,0,0,0,0,0,0,0,0,56.9121,0,0,0
"MtrElec",2,1,8,"",44.8505,0,0,0,0,0,0,0,0,0,0,0,0,0,0,0,0,0,0,0,0,78.7491,0,0,-33.8987
"MtrElec",2,1,9,"",17.9633,0,0,0,0,0,0,0,0,0,0,0,0,0,0,0,0,0,0,0,0,105.025,0,0,-87.0613
"MtrElec",2,1,10,"",0,0,0,0,0,0,0,0,0,0,0,0,0,0,0,0,0,0,0,0,0,110.114,0,25.9675,-136.081
"MtrElec",2,1,11,"",0.0000039,0,0,0,0,0,0,0,0,0,0,0,0,0,0,0,0,0,0,0,0,126.119,0,44.3338,-170.453
"MtrElec",2,1,12,"",-3.6397,0,0,0,0,0,0,0,0,0,0,0,0,0,0,0,0,0,0,0,0,114.466,0,67.8758,-185.982
"MtrElec",2,1,13,"",-10.3173,0,0,0,0,0,0,0,0,0,0,0,0,0,0,0,0,0,0,0,0,107.777,0,67.8758,-185.97
"MtrElec",2,1,14,"",-17.0524,0,0,0,0,0,0,0,0,0,0,0,0,0,0,0,0,0,0,0,0,84.1986,0,47.1977,-148.449
"MtrElec",2,1,15,"",81.6922,0,0,0,0,0,0,0,0,0,0,0,0,0,0,0,0,0,0,0,0,128.867,0,0,-47.1744
"MtrElec",2,1,16,"",29.5174,0,0,0,0,0,0,0,0,0,0,0,0,0,0,0,0,0,0,0,0,70.8852,0,0,-41.3678
"MtrElec",2,1,17,"",57.543,0,0,0,0,0,0,0,0,0,0,0,0,0,0,0,0,0,0,0,0,91.5341,0,0,-33.991
"MtrElec",2,1,18,"",89.7665,0,0,0,0,0,0,0,0,0,0,0,0,0,0,0,0,0,0,0,0,89.973,0,0,-0.206483
"MtrElec",2,1,19,"",53.9182,0,0,0,0,0,0,0,0,0,0,0,0,0,0,0,0,0,0,0,0,121.794,0,-67.8758,0
"MtrElec",2,1,20,"",57.8384,0,0,0,0,0,0,0,0,0,0,0,0,0,0,0,0,0,0,0,0,125.714,0,-67.8758,0
"MtrElec",2,1,21,"",34.1987,0,0,0,0,0,0,0,0,0,0,0,0,0,0,0,0,0,0,0,0,102.075,0,-67.8758,0
"MtrElec",2,1,22,"",109.685,0,0,0,0,0,0,0,0,0,0,0,0,0,0,0,0,0,0,0,0,134.616,0,-24.9313,0
"MtrElec",2,1,23,"",95.1881,0,0,0,0,0,0,0,0,0,0,0,0,0,0,0,0,0,0,0,0,95.1881,0,0,0
"MtrElec",2,1,24,"",65.3002,0,0,0,0,0,0,0,0,0,0,0,0,0,0,0,0,0,0,0,0,65.3002,0,0,0
"MtrElec",2,2,1,"",57.7866,0,0,0,0,0,0,0,0,0,0,0,0,0,0,0,0,0,0,0,0,57.7866,0,0,0
"MtrElec",2,2,2,"",52.9701,0,0,0,0,0,0,0,0,0,0,0,0,0,0,0,0,0,0,0,0,52.9701,0,0,0
"MtrElec",2,2,3,"",52.1546,0,0,0,0,0,0,0,0,0,0,0,0,0,0,0,0,0,0,0,0,52.1546,0,0,0
"MtrElec",2,2,4,"",52.1341,0,0,0,0,0,0,0,0,0,0,0,0,0,0,0,0,0,0,0,0,52.1341,0,0,0
"MtrElec",2,2,5,"",51.8072,0,0,0,0,0,0,0,0,0,0,0,0,0,0,0,0,0,0,0,0,51.8072,0,0,0
"MtrElec",2,2,6,"",63.1086,0,0,0,0,0,0,0,0,0,0,0,0,0,0,0,0,0,0,0,0,63.1086,0,0,0
"MtrElec",2,2,7,"",97.4695,0,0,0,0,0,0,0,0,0,0,0,0,0,0,0,0,0,0,0,0,97.4695,0,0,0
"MtrElec",2,2,8,"",85.9545,0,0,0,0,0,0,0,0,0,0,0,0,0,0,0,0,0,0,0,0,106.465,0,0,-20.51
"MtrElec",2,2,9,"",89.0681,0,0,0,0,0,0,0,0,0,0,0,0,0,0,0,0,0,0,0,0,114.696,0,0,-25.6283
"MtrElec",2,2,10,"",75.4405,0,0,0,0,0,0,0,0,0,0,0,0,0,0,0,0,0,0,0,0,138.98,0,0,-63.5397
"MtrElec",2,2,11,"",31.3409,0,0,0,0,0,0,0,0,0,0,0,0,0,0,0,0,0,0,0,0,125.681,0,0,-94.3401
"MtrElec",2,2,12,"",0,0,0,0,0,0,0,0,0,0,0,0,0,0,0,0,0,0,0,0,0,92.9446,0,5.56699,-98.5116
"MtrElec",2,2,13,"",0,0,0,0,0,0,0,0,0,0,0,0,0,0,0,0,0,0,0,0,0,87.2252,0,45.7674,-132.993
"MtrElec",2,2,14,"",0,0,0,0,0,0,0,0,0,0,0,0,0,0,0,0,0,0,0,0,0,69.1112,0,35.6655,-104.777
"MtrElec",2,2,15,"",35.6859,0,0,0,0,0,0,0,0,0,0,0,0,0,0,0,0,0,0,0,0,72.4066,0,0,-36.7207
"MtrElec",2,2,16,"",78.785,0,0,0,0,0,0,0,0,0,0,0,0,0,0,0,0,0,0,0,0,104.019,0,0,-25.2337
"MtrElec",2,2,17,"",55.0304,0,0,0,0,0,0,0,0,0,0,0,0,0,0,0,0,0,0,0,0,84.2273,0,0,-29.1969
"MtrElec",2,2,18,"",116.55,0,0,0,0,0,0,0,0,0,0,0,0,0,0,0,0,0,0,0,0,116.937,0,0,-0.387055
"MtrElec",2,2,19,"",47.8705,0,0,0,0,0,0,0,0,0,0,0,0,0,0,0,0,0,0,0,0,115.746,0,-67.8758,0
"MtrElec",2,2,20,"",141.013,0,0,0,0,0,0,0,0,0,0,0,0,0,0,0,0,0,0,0,0,151.655,0,-10.6416,0
"MtrElec",2,2,21,"",147.369,0,0,0,0,0,0,0,0,0,0,0,0,0,0,0,0,0,0,0,0,147.369,0,0,0
"MtrElec",2,2,22,"",118.909,0,0,0,0,0,0,0,0,0,0,0,0,0,0,0,0,0,0,0,0,118.909,0,0,0
"MtrElec",2,2,23,"",128.325,0,0,0,0,0,0,0,0,0,0,0,0,0,0,0,0,0,0,0,0,128.325,0,0,0
"MtrElec",2,2,24,"",103.762,0,0,0,0,0,0,0,0,0,0,0,0,0,0,0,0,0,0,0,0,103.762,0,0,0
"MtrElec",2,3,1,"",66.8135,0,0,0,0,0,0,0,0,0,0,0,0,0,0,0,0,0,0,0,0,66.8135,0,0,0
"MtrElec",2,3,2,"",53.3174,0,0,0,0,0,0,0,0,0,0,0,0,0,0,0,0,0,0,0,0,53.3174,0,0,0
"MtrElec",2,3,3,"",52.3347,0,0,0,0,0,0,0,0,0,0,0,0,0,0,0,0,0,0,0,0,52.3347,0,0,0
"MtrElec",2,3,4,"",52.5934,0,0,0,0,0,0,0,0,0,0,0,0,0,0,0,0,0,0,0,0,52.5934,0,0,0
"MtrElec",2,3,5,"",52.2556,0,0,0,0,0,0,0,0,0,0,0,0,0,0,0,0,0,0,0,0,52.2556,0,0,0
"MtrElec",2,3,6,"",56.6129,0,0,0,0,0,0,0,0,0,0,0,0,0,0,0,0,0,0,0,0,56.6129,0,0,0
"MtrElec",2,3,7,"",103.652,0,0,0,0,0,0,0,0,0,0,0,0,0,0,0,0,0,0,0,0,103.652,0,0,0
"MtrElec",2,3,8,"",105.15,0,0,0,0,0,0,0,0,0,0,0,0,0,0,0,0,0,0,0,0,105.761,0,0,-0.6114
"MtrElec",2,3,9,"",114.096,0,0,0,0,0,0,0,0,0,0,0,0,0,0,0,0,0,0,0,0,123.308,0,0,-9.21151
"MtrElec",2,3,10,"",38.6413,0,0,0,0,0,0,0,0,0,0,0,0,0,0,0,0,0,0,0,0,122.634,0,0,-83.9927
"MtrElec",2,3,11,"",114.72,0,0,0,0,0,0,0,0,0,0,0,0,0,0,0,0,0,0,0,0,135.171,0,0,-20.4503
"MtrElec",2,3,12,"",111.069,0,0,0,0,0,0,0,0,0,0,0,0,0,0,0,0,0,0,0,0,136.791,0,0,-25.722
"MtrElec",2,3,13,"",162.941,0,0,0,0,0,0,0,0,0,0,0,0,0,0,0,0,0,0,0,0,201.217,0,0,-38.2765
"MtrElec",2,3,14,"",0,0,0,0,0,0,0,0,0,0,0,0,0,0,0,0,0,0,0,0,0,74.8603,0,43.4247,-118.285
"MtrElec",2,3,15,"",0,0,0,0,0,0,0,0,0,0,0,0,0,0,0,0,0,0,0,0,0,73.6186,0,12.2474,-85.866
"MtrElec",2,3,16,"",61.8184,0,0,0,0,0,0,0,0,0,0,0,0,0,0,0,0,0,0,0,0,107.748,0,0,-45.9295
"MtrElec",2,3,17,"",89.9013,0,0,0,0,0,0,0,0,0,0,0,0,0,0,0,0,0,0,0,0,95.744,0,0,-5.8427
"MtrElec",2,3,18,"",86.0011,0,0,0,0,0,0,0,0,0,0,0,0,0,0,0,0,0,0,0,0,88.0059,0,0,-2.0048
"MtrElec",2,3,19,"",84.9667,0,0,0,0,0,0,0,0,0,0,0,0,0,0,0,0,0,0,0,0,135.211,0,-50.2441,0
"MtrElec",2,3,20,"",128.211,0,0,0,0,0,0,0,0,0,0,0,0,0,0,0,0,0,0,0,0,128.211,0,0,0
"MtrElec",2,3,21,"",135.974,0,0,0,0,0,0,0,0,0,0,0,0,0,0,0,0,0,0,0,0,135.974,0,0,0
"MtrElec",2,3,22,"",104.929,0,0,0,0,0,0,0,0,0,0,0,0,0,0,0,0,0,0,0,0,104.929,0,0,0
"MtrElec",2,3,23,"",95.6972,0,0,0,0,0,0,0,0,0,0,0,0,0,0,0,0,0,0,0,0,95.6972,0,0,0
"MtrElec",2,3,24,"",109.296,0,0,0,0,0,0,0,0,0,0,0,0,0,0,0,0,0,0,0,0,109.296,0,0,0
"MtrElec",2,4,1,"",64.9381,0,0,0,0,0,0,0,0,0,0,0,0,0,0,0,0,0,0,0,0,64.9381,0,0,0
"MtrElec",2,4,2,"",59.7616,0,0,0,0,0,0,0,0,0,0,0,0,0,0,0,0,0,0,0,0,59.7616,0,0,0
"MtrElec",2,4,3,"",59.9854,0,0,0,0,0,0,0,0,0,0,0,0,0,0,0,0,0,0,0,0,59.9854,0,0,0
"MtrElec",2,4,4,"",60.2052,0,0,0,0,0,0,0,0,0,0,0,0,0,0,0,0,0,0,0,0,60.2052,0,0,0
"MtrElec",2,4,5,"",60.5392,0,0,0,0,0,0,0,0,0,0,0,0,0,0,0,0,0,0,0,0,60.5392,0,0,0
"MtrElec",2,4,6,"",64.2049,0,0,0,0,0,0,0,0,0,0,0,0,0,0,0,0,0,0,0,0,64.2049,0,0,0
"MtrElec",2,4,7,"",106.053,0,0,0,0,0,0,0,0,0,0,0,0,0,0,0,0,0,0,0,0,106.053,0,0,0
"MtrElec",2,4,8,"",103.338,0,0,0,0,0,0,0,0,0,0,0,0,0,0,0,0,0,0,0,0,141.489,0,0,-38.1512
"MtrElec",2,4,9,"",19.7224,0,0,0,0,0,0,0,0,0,0,0,0,0,0,0,0,0,0,0,0,115.158,0,0,-95.436
"MtrElec",2,4,10,"",0,0,0,0,0,0,0,0,0,0,0,0,0,0,0,0,0,0,0,0,0,119.152,0,21.2068,-140.358
"MtrElec",2,4,11,"",-6.83356,0,0,0,0,0,0,0,0,0,0,0,0,0,0,0,0,0,0,0,0,95.2789,0,67.8758,-169.988
"MtrElec",2,4,12,"",-34.6041,0,0,0,0,0,0,0,0,0,0,0,0,0,0,0,0,0,0,0,0,85.8921,0,67.8758,-188.372
"MtrElec",2,4,13,"",-52.3697,0,0,0,0,0,0,0,0,0,0,0,0,0,0,0,0,0,0,0,0,69.1545,0,67.8758,-189.4
"MtrElec",2,4,14,"",-95.4618,0,0,0,0,0,0,0,0,0,0,0,0,0,0,0,0,0,0,0,0,54.5137,0,28.4165,-178.392
"MtrElec",2,4,15,"",-51.4127,0,0,0,0,0,0,0,0,0,0,0,0,0,0,0,0,0,0,0,0,99.294,0,0,-150.707
"MtrElec",2,4,16,"",-18.9844,0,0,0,0,0,0,0,0,0,0,0,0,0,0,0,0,0,0,0,0,85.7512,0,0,-104.736
"MtrElec",2,4,17,"",46.8644,0,0,0,0,0,0,0,0,0,0,0,0,0,0,0,0,0,0,0,0,93.5616,0,0,-46.6972
"MtrElec",2,4,18,"",84.6111,0,0,0,0,0,0,0,0,0,0,0,0,0,0,0,0,0,0,0,0,87.4108,0,0,-2.79976
"MtrElec",2,4,19,"",55.685,0,0,0,0,0,0,0,0,0,0,0,0,0,0,0,0,0,0,0,0,123.561,0,-67.8758,0
"MtrElec",2,4,20,"",38.1527,0,0,0,0,0,0,0,0,0,0,0,0,0,0,0,0,0,0,0,0,106.028,0,-67.8758,0
"MtrElec",2,4,21,"",53.2044,0,0,0,0,0,0,0,0,0,0,0,0,0,0,0,0,0,0,0,0,121.08,0,-67.8758,0
"MtrElec",2,4,22,"",115.559,0,0,0,0,0,0,0,0,0,0,0,0,0,0,0,0,0,0,0,0,140.49,0,-24.9313,0
"MtrElec",2,4,23,"",87.0717,0,0,0,0,0,0,0,0,0,0,0,0,0,0,0,0,0,0,0,0,87.0717,0,0,0
"MtrElec",2,4,24,"",82.4305,0,0,0,0,0,0,0,0,0,0,0,0,0,0,0,0,0,0,0,0,82.4305,0,0,0
"MtrElec",2,5,1,"",94.2368,0,0,0,0,0,0,0,0,0,0,0,0,0,0,0,0,0,0,0,0,94.2368,0,0,0
"MtrElec",2,5,2,"",59.0082,0,0,0,0,0,0,0,0,0,0,0,0,0,0,0,0,0,0,0,0,59.0082,0,0,0
"MtrElec",2,5,3,"",58.6554,0,0,0,0,0,0,0,0,0,0,0,0,0,0,0,0,0,0,0,0,58.6554,0,0,0
"MtrElec",2,5,4,"",59.2211,0,0,0,0,0,0,0,0,0,0,0,0,0,0,0,0,0,0,0,0,59.2211,0,0,0
"MtrElec",2,5,5,"",61.6086,0,0,0,0,0,0,0,0,0,0,0,0,0,0,0,0,0,0,0,0,61.6086,0,0,0
"MtrElec",2,5,6,"",66.8271,0,0,0,0,0,0,0,0,0,0,0,0,0,0,0,0,0,0,0,0,66.8271,0,0,0
"MtrElec",2,5,7,"",111.214,0,0,0,0,0,0,0,0,0,0,0,0,0,0,0,0,0,0,0,0,111.214,0,0,0
"MtrElec",2,5,8,"",98.5029,0,0,0,0,0,0,0,0,0,0,0,0,0,0,0,0,0,0,0,0,141.106,0,0,-42.6027
"MtrElec",2,5,9,"",23.2776,0,0,0,0,0,0,0,0,0,0,0,0,0,0,0,0,0,0,0,0,125.39,0,0,-102.113
"MtrElec",2,5,10,"",0.0000020,0,0,0,0,0,0,0,0,0,0,0,0,0,0,0,0,0,0,0,0,125.33,0,24.9291,-150.259
"MtrElec",2,5,11,"",0.0000039,0,0,0,0,0,0,0,0,0,0,0,0,0,0,0,0,0,0,0,0,123.133,0,59.7504,-182.883
"MtrElec",2,5,12,"",-26.0995,0,0,0,0,0,0,0,0,0,0,0,0,0,0,0,0,0,0,0,0,106.762,0,67.8758,-200.737
"MtrElec",2,5,13,"",-44.7125,0,0,0,0,0,0,0,0,0,0,0,0,0,0,0,0,0,0,0,0,89.1971,0,67.8758,-201.785
"MtrElec",2,5,14,"",-68.0224,0,0,0,0,0,0,0,0,0,0,0,0,0,0,0,0,0,0,0,0,82.44,0,32.8196,-183.282
"MtrElec",2,5,15,"",-80.4783,0,0,0,0,0,0,0,0,0,0,0,0,0,0,0,0,0,0,0,0,69.7397,0,0,-150.218
"MtrElec",2,5,16,"",16.2895,0,0,0,0,0,0,0,0,0,0,0,0,0,0,0,0,0,0,0,0,122.675,0,0,-106.386
"MtrElec",2,5,17,"",48.2129,0,0,0,0,0,0,0,0,0,0,0,0,0,0,0,0,0,0,0,0,96.2752,0,0,-48.0623
"MtrElec",2,5,18,"",95.3217,0,0,0,0,0,0,0,0,0,0,0,0,0,0,0,0,0,0,0,0,98.4624,0,0,-3.14075
"MtrElec",2,5,19,"",61.3891,0,0,0,0,0,0,0,0,0,0,0,0,0,0,0,0,0,0,0,0,129.265,0,-67.8758,0
"MtrElec",2,5,20,"",73.5977,0,0,0,0,0,0,0,0,0,0,0,0,0,0,0,0,0,0,0,0,141.473,0,-67.8758,0
"MtrElec",2,5,21,"",105.027,0,0,0,0,0,0,0,0,0,0,0,0,0,0,0,0,0,0,0,0,172.903,0,-67.8758,0
"MtrElec",2,5,22,"",125.771,0,0,0,0,0,0,0,0,0,0,0,0,0,0,0,0,0,0,0,0,150.702,0,-24.9313,0
"MtrElec",2,5,23,"",90.3562,0,0,0,0,0,0,0,0,0,0,0,0,0,0,0,0,0,0,0,0,90.3562,0,0,0
"MtrElec",2,5,24,"",79.496,0,0,0,0,0,0,0,0,0,0,0,0,0,0,0,0,0,0,0,0,79.496,0,0,0
"MtrElec",2,6,1,"",77.9172,0,0,0,0,0,0,0,0,0,0,0,0,0,0,0,0,0,0,0,0,77.9172,0,0,0
"MtrElec",2,6,2,"",68.5956,0,0,0,0,0,0,0,0,0,0,0,0,0,0,0,0,0,0,0,0,68.5956,0,0,0
"MtrElec",2,6,3,"",69.9226,0,0,0,0,0,0,0,0,0,0,0,0,0,0,0,0,0,0,0,0,69.9226,0,0,0
"MtrElec",2,6,4,"",78.3666,0,0,0,0,0,0,0,0,0,0,0,0,0,0,0,0,0,0,0,0,78.3666,0,0,0
"MtrElec",2,6,5,"",122.315,0,0,0,0,0,0,0,0,0,0,0,0,0,0,0,0,0,0,0,0,122.315,0,0,0
"MtrElec",2,6,6,"",81.9139,0,0,0,0,0,0,0,0,0,0,0,0,0,0,0,0,0,0,0,0,81.9139,0,0,0
"MtrElec",2,6,7,"",87.348,0,0,0,0,0,0,0,0,0,0,0,0,0,0,0,0,0,0,0,0,87.348,0,0,0
"MtrElec",2,6,8,"",111.506,0,0,0,0,0,0,0,0,0,0,0,0,0,0,0,0,0,0,0,0,147.009,0,0,-35.503
"MtrElec",2,6,9,"",18.3699,0,0,0,0,0,0,0,0,0,0,0,0,0,0,0,0,0,0,0,0,115.062,0,0,-96.6919
"MtrElec",2,6,10,"",0,0,0,0,0,0,0,0,0,0,0,0,0,0,0,0,0,0,0,0,0,114.185,0,25.2838,-139.469
"MtrElec",2,6,11,"",0,0,0,0,0,0,0,0,0,0,0,0,0,0,0,0,0,0,0,0,0,109.905,0,57.1907,-167.096
"MtrElec",2,6,12,"",-0.524508,0,0,0,0,0,0,0,0,0,0,0,0,0,0,0,0,0,0,0,0,117.624,0,67.8758,-186.024
"MtrElec",2,6,13,"",-43.4366,0,0,0,0,0,0,0,0,0,0,0,0,0,0,0,0,0,0,0,0,78.9832,0,67.8758,-190.296
"MtrElec",2,6,14,"",-85.1977,0,0,0,0,0,0,0,0,0,0,0,0,0,0,0,0,0,0,0,0,55.5476,0,35.0244,-175.77
"MtrElec",2,6,15,"",-47.1757,0,0,0,0,0,0,0,0,0,0,0,0,0,0,0,0,0,0,0,0,98.7603,0,0,-145.936
"MtrElec",2,6,16,"",-26.2941,0,0,0,0,0,0,0,0,0,0,0,0,0,0,0,0,0,0,0,0,74.0932,0,0,-100.387
"MtrElec",2,6,17,"",31.5302,0,0,0,0,0,0,0,0,0,0,0,0,0,0,0,0,0,0,0,0,75.2674,0,0,-43.7372
"MtrElec",2,6,18,"",123.697,0,0,0,0,0,0,0,0,0,0,0,0,0,0,0,0,0,0,0,0,126.071,0,0,-2.37437
"MtrElec",2,6,19,"",46.2276,0,0,0,0,0,0,0,0,0,0,0,0,0,0,0,0,0,0,0,0,114.103,0,-67.8758,0
"MtrElec",2,6,20,"",40.2369,0,0,0,0,0,0,0,0,0,0,0,0,0,0,0,0,0,0,0,0,108.113,0,-67.8758,0
"MtrElec",2,6,21,"",43.3931,0,0,0,0,0,0,0,0,0,0,0,0,0,0,0,0,0,0,0,0,111.269,0,-67.8758,0
"MtrElec",2,6,22,"",61.9333,0,0,0,0,0,0,0,0,0,0,0,0,0,0,0,0,0,0,0,0,86.8646,0,-24.9313,0
"MtrElec",2,6,23,"",124.827,0,0,0,0,0,0,0,0,0,0,0,0,0,0,0,0,0,0,0,0,124.827,0,0,0
"MtrElec",2,6,24,"",111.8,0,0,0,0,0,0,0,0,0,0,0,0,0,0,0,0,0,0,0,0,111.8,0,0,0
"MtrElec",2,7,1,"",86.6527,0,0,0,0,0,0,0,0,0,0,0,0,0,0,0,0,0,0,0,0,86.6527,0,0,0
"MtrElec",2,7,2,"",65.6653,0,0,0,0,0,0,0,0,0,0,0,0,0,0,0,0,0,0,0,0,65.6653,0,0,0
"MtrElec",2,7,3,"",68.1391,0,0,0,0,0,0,0,0,0,0,0,0,0,0,0,0,0,0,0,0,68.1391,0,0,0
"MtrElec",2,7,4,"",70.0789,0,0,0,0,0,0,0,0,0,0,0,0,0,0,0,0,0,0,0,0,70.0789,0,0,0
"MtrElec",2,7,5,"",77.7207,0,0,0,0,0,0,0,0,0,0,0,0,0,0,0,0,0,0,0,0,77.7207,0,0,0
"MtrElec",2,7,6,"",71.7689,0,0,0,0,0,0,0,0,0,0,0,0,0,0,0,0,0,0,0,0,71.7689,0,0,0
"MtrElec",2,7,7,"",74.1898,0,0,0,0,0,0,0,0,0,0,0,0,0,0,0,0,0,0,0,0,74.1898,0,0,0
"MtrElec",2,7,8,"",46.5157,0,0,0,0,0,0,0,0,0,0,0,0,0,0,0,0,0,0,0,0,85.0247,0,0,-38.509
"MtrElec",2,7,9,"",25.2169,0,0,0,0,0,0,0,0,0,0,0,0,0,0,0,0,0,0,0,0,116.917,0,0,-91.7
"MtrElec",2,7,10,"",0,0,0,0,0,0,0,0,0,0,0,0,0,0,0,0,0,0,0,0,0,117.028,0,17.7179,-134.746
"MtrElec",2,7,11,"",0,0,0,0,0,0,0,0,0,0,0,0,0,0,0,0,0,0,0,0,0,123.265,0,45.4906,-168.756
"MtrElec",2,7,12,"",0,0,0,0,0,0,0,0,0,0,0,0,0,0,0,0,0,0,0,0,0,128.759,0,56.9755,-185.735
"MtrElec",2,7,13,"",-1.45899,0,0,0,0,0,0,0,0,0,0,0,0,0,0,0,0,0,0,0,0,117.029,0,67.8758,-186.364
"MtrElec",2,7,14,"",-33.1089,0,0,0,0,0,0,0,0,0,0,0,0,0,0,0,0,0,0,0,0,74.7388,0,65.1908,-173.039
"MtrElec",2,7,15,"",-31.9956,0,0,0,0,0,0,0,0,0,0,0,0,0,0,0,0,0,0,0,0,113.018,0,0,-145.014
"MtrElec",2,7,16,"",-28.0561,0,0,0,0,0,0,0,0,0,0,0,0,0,0,0,0,0,0,0,0,73.1747,0,0,-101.231
"MtrElec",2,7,17,"",65.5033,0,0,0,0,0,0,0,0,0,0,0,0,0,0,0,0,0,0,0,0,111.547,0,0,-46.0433
"MtrElec",2,7,18,"",86.7147,0,0,0,0,0,0,0,0,0,0,0,0,0,0,0,0,0,0,0,0,89.6489,0,0,-2.93413
"MtrElec",2,7,19,"",98.678,0,0,0,0,0,0,0,0,0,0,0,0,0,0,0,0,0,0,0,0,166.554,0,-67.8758,0
"MtrElec",2,7,20,"",85.0151,0,0,0,0,0,0,0,0,0,0,0,0,0,0,0,0,0,0,0,0,152.891,0,-67.8758,0
"MtrElec",2,7,21,"",62.2946,0,0,0,0,0,0,0,0,0,0,0,0,0,0,0,0,0,0,0,0,130.17,0,-67.8758,0
"MtrElec",2,7,22,"",83.3704,0,0,0,0,0,0,0,0,0,0,0,0,0,0,0,0,0,0,0,0,108.302,0,-24.9313,0
"MtrElec",2,7,23,"",118.703,0,0,0,0,0,0,0,0,0,0,0,0,0,0,0,0,0,0,0,0,118.703,0,0,0
"MtrElec",2,7,24,"",84.2236,0,0,0,0,0,0,0,0,0,0,0,0,0,0,0,0,0,0,0,0,84.2236,0,0,0
"MtrElec",2,8,1,"",63.8309,0,0,0,0,0,0,0,0,0,0,0,0,0,0,0,0,0,0,0,0,63.8309,0,0,0
"MtrElec",2,8,2,"",55.827,0,0,0,0,0,0,0,0,0,0,0,0,0,0,0,0,0,0,0,0,55.827,0,0,0
"MtrElec",2,8,3,"",55.9069,0,0,0,0,0,0,0,0,0,0,0,0,0,0,0,0,0,0,0,0,55.9069,0,0,0
"MtrElec",2,8,4,"",60.7798,0,0,0,0,0,0,0,0,0,0,0,0,0,0,0,0,0,0,0,0,60.7798,0,0,0
"MtrElec",2,8,5,"",76.1962,0,0,0,0,0,0,0,0,0,0,0,0,0,0,0,0,0,0,0,0,76.1962,0,0,0
"MtrElec",2,8,6,"",62.7711,0,0,0,0,0,0,0,0,0,0,0,0,0,0,0,0,0,0,0,0,62.7711,0,0,0
"MtrElec",2,8,7,"",70.3321,0,0,0,0,0,0,0,0,0,0,0,0,0,0,0,0,0,0,0,0,70.3321,0,0,0
"MtrElec",2,8,8,"",80.5436,0,0,0,0,0,0,0,0,0,0,0,0,0,0,0,0,0,0,0,0,119.593,0,0,-39.0499
"MtrElec",2,8,9,"",1.22828,0,0,0,0,0,0,0,0,0,0,0,0,0,0,0,0,0,0,0,0,96.163,0,0,-94.9347
"MtrElec",2,8,10,"",0.0000020,0,0,0,0,0,0,0,0,0,0,0,0,0,0,0,0,0,0,0,0,115.862,0,22.6259,-138.488
"MtrElec",2,8,11,"",0.0000039,0,0,0,0,0,0,0,0,0,0,0,0,0,0,0,0,0,0,0,0,124.792,0,40.6415,-165.434
"MtrElec",2,8,12,"",0,0,0,0,0,0,0,0,0,0,0,0,0,0,0,0,0,0,0,0,0,131.667,0,46.8506,-178.518
"MtrElec",2,8,13,"",-7.35148,0,0,0,0,0,0,0,0,0,0,0,0,0,0,0,0,0,0,0,0,102.921,0,67.8758,-178.148
"MtrElec",2,8,14,"",0,0,0,0,0,0,0,0,0,0,0,0,0,0,0,0,0,0,0,0,0,115.445,0,54.5923,-170.038
"MtrElec",2,8,15,"",-15.2787,0,0,0,0,0,0,0,0,0,0,0,0,0,0,0,0,0,0,0,0,108.518,0,20.6644,-144.461
"MtrElec",2,8,16,"",6.45825,0,0,0,0,0,0,0,0,0,0,0,0,0,0,0,0,0,0,0,0,109.209,0,0,-102.75
"MtrElec",2,8,17,"",40.751,0,0,0,0,0,0,0,0,0,0,0,0,0,0,0,0,0,0,0,0,88.5078,0,0,-47.7568
"MtrElec",2,8,18,"",138.244,0,0,0,0,0,0,0,0,0,0,0,0,0,0,0,0,0,0,0,0,141.55,0,0,-3.30563
"MtrElec",2,8,19,"",86.6171,0,0,0,0,0,0,0,0,0,0,0,0,0,0,0,0,0,0,0,0,154.493,0,-67.8758,0
"MtrElec",2,8,20,"",49.4936,0,0,0,0,0,0,0,0,0,0,0,0,0,0,0,0,0,0,0,0,117.369,0,-67.8758,0
"MtrElec",2,8,21,"",76.7393,0,0,0,0,0,0,0,0,0,0,0,0,0,0,0,0,0,0,0,0,144.615,0,-67.8758,0
"MtrElec",2,8,22,"",86.0073,0,0,0,0,0,0,0,0,0,0,0,0,0,0,0,0,0,0,0,0,110.939,0,-24.9313,0
"MtrElec",2,8,23,"",95.9129,0,0,0,0,0,0,0,0,0,0,0,0,0,0,0,0,0,0,0,0,95.9129,0,0,0
"MtrElec",2,8,24,"",90.3678,0,0,0,0,0,0,0,0,0,0,0,0,0,0,0,0,0,0,0,0,90.3678,0,0,0
"MtrElec",2,9,1,"",55.1429,0,0,0,0,0,0,0,0,0,0,0,0,0,0,0,0,0,0,0,0,55.1429,0,0,0
"MtrElec",2,9,2,"",49.6579,0,0,0,0,0,0,0,0,0,0,0,0,0,0,0,0,0,0,0,0,49.6579,0,0,0
"MtrElec",2,9,3,"",49.5903,0,0,0,0,0,0,0,0,0,0,0,0,0,0,0,0,0,0,0,0,49.5903,0,0,0
"MtrElec",2,9,4,"",50.1718,0,0,0,0,0,0,0,0,0,0,0,0,0,0,0,0,0,0,0,0,50.1718,0,0,0
"MtrElec",2,9,5,"",50.5062,0,0,0,0,0,0,0,0,0,0,0,0,0,0,0,0,0,0,0,0,50.5062,0,0,0
"MtrElec",2,9,6,"",55.6581,0,0,0,0,0,0,0,0,0,0,0,0,0,0,0,0,0,0,0,0,55.6581,0,0,0
"MtrElec",2,9,7,"",120.931,0,0,0,0,0,0,0,0,0,0,0,0,0,0,0,0,0,0,0,0,120.931,0,0,0
"MtrElec",2,9,8,"",61.5127,0,0,0,0,0,0,0,0,0,0,0,0,0,0,0,0,0,0,0,0,102.557,0,0,-41.0443
"MtrElec",2,9,9,"",12.2079,0,0,0,0,0,0,0,0,0,0,0,0,0,0,0,0,0,0,0,0,111.943,0,0,-99.7352
"MtrElec",2,9,10,"",0.0000020,0,0,0,0,0,0,0,0,0,0,0,0,0,0,0,0,0,0,0,0,120.538,0,24.7293,-145.267
"MtrElec",2,9,11,"",-22.5793,0,0,0,0,0,0,0,0,0,0,0,0,0,0,0,0,0,0,0,0,83.5712,0,67.8758,-174.026
"MtrElec",2,9,12,"",-29.7445,0,0,0,0,0,0,0,0,0,0,0,0,0,0,0,0,0,0,0,0,92.7508,0,67.8758,-190.371
"MtrElec",2,9,13,"",-45.931,0,0,0,0,0,0,0,0,0,0,0,0,0,0,0,0,0,0,0,0,76.4135,0,67.8758,-190.22
"MtrElec",2,9,14,"",-98.8905,0,0,0,0,0,0,0,0,0,0,0,0,0,0,0,0,0,0,0,0,54.2725,0,24.894,-178.057
"MtrElec",2,9,15,"",-66.3332,0,0,0,0,0,0,0,0,0,0,0,0,0,0,0,0,0,0,0,0,84.1758,0,0,-150.509
"MtrElec",2,9,16,"",-34.3053,0,0,0,0,0,0,0,0,0,0,0,0,0,0,0,0,0,0,0,0,71.266,0,0,-105.571
"MtrElec",2,9,17,"",48.7705,0,0,0,0,0,0,0,0,0,0,0,0,0,0,0,0,0,0,0,0,97.8131,0,0,-49.0426
"MtrElec",2,9,18,"",90.7884,0,0,0,0,0,0,0,0,0,0,0,0,0,0,0,0,0,0,0,0,94.1706,0,0,-3.38225
"MtrElec",2,9,19,"",39.1562,0,0,0,0,0,0,0,0,0,0,0,0,0,0,0,0,0,0,0,0,107.032,0,-67.8758,0
"MtrElec",2,9,20,"",43.2361,0,0,0,0,0,0,0,0,0,0,0,0,0,0,0,0,0,0,0,0,111.112,0,-67.8758,0
"MtrElec",2,9,21,"",96.4079,0,0,0,0,0,0,0,0,0,0,0,0,0,0,0,0,0,0,0,0,164.284,0,-67.8758,0
"MtrElec",2,9,22,"",75.848,0,0,0,0,0,0,0,0,0,0,0,0,0,0,0,0,0,0,0,0,100.779,0,-24.9313,0
"MtrElec",2,9,23,"",110.257,0,0,0,0,0,0,0,0,0,0,0,0,0,0,0,0,0,0,0,0,110.257,0,0,0
"MtrElec",2,9,24,"",123.101,0,0,0,0,0,0,0,0,0,0,0,0,0,0,0,0,0,0,0,0,123.101,0,0,0
"MtrElec",2,10,1,"",68.1241,0,0,0,0,0,0,0,0,0,0,0,0,0,0,0,0,0,0,0,0,68.1241,0,0,0
"MtrElec",2,10,2,"",49.0615,0,0,0,0,0,0,0,0,0,0,0,0,0,0,0,0,0,0,0,0,49.0615,0,0,0
"MtrElec",2,10,3,"",48.3565,0,0,0,0,0,0,0,0,0,0,0,0,0,0,0,0,0,0,0,0,48.3565,0,0,0
"MtrElec",2,10,4,"",49.3331,0,0,0,0,0,0,0,0,0,0,0,0,0,0,0,0,0,0,0,0,49.3331,0,0,0
"MtrElec",2,10,5,"",49.8312,0,0,0,0,0,0,0,0,0,0,0,0,0,0,0,0,0,0,0,0,49.8312,0,0,0
"MtrElec",2,10,6,"",56.3825,0,0,0,0,0,0,0,0,0,0,0,0,0,0,0,0,0,0,0,0,56.3825,0,0,0
"MtrElec",2,10,7,"",115.846,0,0,0,0,0,0,0,0,0,0,0,0,0,0,0,0,0,0,0,0,115.846,0,0,0
"MtrElec",2,10,8,"",66.5587,0,0,0,0,0,0,0,0,0,0,0,0,0,0,0,0,0,0,0,0,111.059,0,0,-44.5003
"MtrElec",2,10,9,"",26.6175,0,0,0,0,0,0,0,0,0,0,0,0,0,0,0,0,0,0,0,0,120.04,0,0,-93.4229
"MtrElec",2,10,10,"",0,0,0,0,0,0,0,0,0,0,0,0,0,0,0,0,0,0,0,0,0,111.866,0,23.2136,-135.08
"MtrElec",2,10,11,"",0,0,0,0,0,0,0,0,0,0,0,0,0,0,0,0,0,0,0,0,0,95.7822,0,65.9786,-161.761
"MtrElec",2,10,12,"",-9.11923,0,0,0,0,0,0,0,0,0,0,0,0,0,0,0,0,0,0,0,0,101.478,0,67.8758,-178.473
"MtrElec",2,10,13,"",-31.0194,0,0,0,0,0,0,0,0,0,0,0,0,0,0,0,0,0,0,0,0,85.9395,0,67.8758,-184.835
"MtrElec",2,10,14,"",-51.646,0,0,0,0,0,0,0,0,0,0,0,0,0,0,0,0,0,0,0,0,94.8947,0,28.3068,-174.847
"MtrElec",2,10,15,"",-88.0467,0,0,0,0,0,0,0,0,0,0,0,0,0,0,0,0,0,0,0,0,58.6949,0,0,-146.742
"MtrElec",2,10,16,"",-33.466,0,0,0,0,0,0,0,0,0,0,0,0,0,0,0,0,0,0,0,0,65.6714,0,0,-99.1374
"MtrElec",2,10,17,"",85.2392,0,0,0,0,0,0,0,0,0,0,0,0,0,0,0,0,0,0,0,0,111.554,0,0,-26.3153
"MtrElec",2,10,18,"",96.4476,0,0,0,0,0,0,0,0,0,0,0,0,0,0,0,0,0,0,0,0,96.8645,0,0,-0.416964
"MtrElec",2,10,19,"",61.0966,0,0,0,0,0,0,0,0,0,0,0,0,0,0,0,0,0,0,0,0,128.972,0,-67.8758,0
"MtrElec",2,10,20,"",35.8407,0,0,0,0,0,0,0,0,0,0,0,0,0,0,0,0,0,0,0,0,103.716,0,-67.8758,0
"MtrElec",2,10,21,"",56.1562,0,0,0,0,0,0,0,0,0,0,0,0,0,0,0,0,0,0,0,0,124.032,0,-67.8758,0
"MtrElec",2,10,22,"",78.5531,0,0,0,0,0,0,0,0,0,0,0,0,0,0,0,0,0,0,0,0,103.484,0,-24.9313,0
"MtrElec",2,10,23,"",79.6185,0,0,0,0,0,0,0,0,0,0,0,0,0,0,0,0,0,0,0,0,79.6185,0,0,0
"MtrElec",2,10,24,"",102.097,0,0,0,0,0,0,0,0,0,0,0,0,0,0,0,0,0,0,0,0,102.097,0,0,0
"MtrElec",2,11,1,"",79.5285,0,0,0,0,0,0,0,0,0,0,0,0,0,0,0,0,0,0,0,0,79.5285,0,0,0
"MtrElec",2,11,2,"",51.4008,0,0,0,0,0,0,0,0,0,0,0,0,0,0,0,0,0,0,0,0,51.4008,0,0,0
"MtrElec",2,11,3,"",50.3471,0,0,0,0,0,0,0,0,0,0,0,0,0,0,0,0,0,0,0,0,50.3471,0,0,0
"MtrElec",2,11,4,"",50.6986,0,0,0,0,0,0,0,0,0,0,0,0,0,0,0,0,0,0,0,0,50.6986,0,0,0
"MtrElec",2,11,5,"",51.4711,0,0,0,0,0,0,0,0,0,0,0,0,0,0,0,0,0,0,0,0,51.4711,0,0,0
"MtrElec",2,11,6,"",55.9451,0,0,0,0,0,0,0,0,0,0,0,0,0,0,0,0,0,0,0,0,55.9451,0,0,0
"MtrElec",2,11,7,"",96.9826,0,0,0,0,0,0,0,0,0,0,0,0,0,0,0,0,0,0,0,0,96.9826,0,0,0
"MtrElec",2,11,8,"",61.3686,0,0,0,0,0,0,0,0,0,0,0,0,0,0,0,0,0,0,0,0,103.134,0,0,-41.7653
"MtrElec",2,11,9,"",9.76007,0,0,0,0,0,0,0,0,0,0,0,0,0,0,0,0,0,0,0,0,109.72,0,0,-99.9604
"MtrElec",2,11,10,"",0,0,0,0,0,0,0,0,0,0,0,0,0,0,0,0,0,0,0,0,0,125.278,0,20.2865,-145.565
"MtrElec",2,11,11,"",-10.1766,0,0,0,0,0,0,0,0,0,0,0,0,0,0,0,0,0,0,0,0,95.3522,0,67.8758,-173.405
"MtrElec",2,11,12,"",-13.5034,0,0,0,0,0,0,0,0,0,0,0,0,0,0,0,0,0,0,0,0,106.186,0,67.8758,-187.565
"MtrElec",2,11,13,"",-36.1868,0,0,0,0,0,0,0,0,0,0,0,0,0,0,0,0,0,0,0,0,84.2843,0,67.8758,-188.347
"MtrElec",2,11,14,"",-62.3725,0,0,0,0,0,0,0,0,0,0,0,0,0,0,0,0,0,0,0,0,79.1749,0,29.3368,-170.884
"MtrElec",2,11,15,"",-71.6512,0,0,0,0,0,0,0,0,0,0,0,0,0,0,0,0,0,0,0,0,70.5173,0,0,-142.169
"MtrElec",2,11,16,"",-24.7271,0,0,0,0,0,0,0,0,0,0,0,0,0,0,0,0,0,0,0,0,79.7079,0,0,-104.435
"MtrElec",2,11,17,"",32.0692,0,0,0,0,0,0,0,0,0,0,0,0,0,0,0,0,0,0,0,0,81.1966,0,0,-49.1275
"MtrElec",2,11,18,"",119.108,0,0,0,0,0,0,0,0,0,0,0,0,0,0,0,0,0,0,0,0,122.814,0,0,-3.70615
"MtrElec",2,11,19,"",40.0816,0,0,0,0,0,0,0,0,0,0,0,0,0,0,0,0,0,0,0,0,107.957,0,-67.8758,0
"MtrElec",2,11,20,"",68.2256,0,0,0,0,0,0,0,0,0,0,0,0,0,0,0,0,0,0,0,0,136.101,0,-67.8758,0
"MtrElec",2,11,21,"",46.175,0,0,0,0,0,0,0,0,0,0,0,0,0,0,0,0,0,0,0,0,114.051,0,-67.8758,0
"MtrElec",2,11,22,"",53.1521,0,0,0,0,0,0,0,0,0,0,0,0,0,0,0,0,0,0,0,0,78.0834,0,-24.9313,0
"MtrElec",2,11,23,"",108.637,0,0,0,0,0,0,0,0,0,0,0,0,0,0,0,0,0,0,0,0,108.637,0,0,0
"MtrElec",2,11,24,"",76.6565,0,0,0,0,0,0,0,0,0,0,0,0,0,0,0,0,0,0,0,0,76.6565,0,0,0
"MtrElec",2,12,1,"",59.0945,0,0,0,0,0,0,0,0,0,0,0,0,0,0,0,0,0,0,0,0,59.0945,0,0,0
"MtrElec",2,12,2,"",49.2928,0,0,0,0,0,0,0,0,0,0,0,0,0,0,0,0,0,0,0,0,49.2928,0,0,0
"MtrElec",2,12,3,"",51.4257,0,0,0,0,0,0,0,0,0,0,0,0,0,0,0,0,0,0,0,0,51.4257,0,0,0
"MtrElec",2,12,4,"",53.3427,0,0,0,0,0,0,0,0,0,0,0,0,0,0,0,0,0,0,0,0,53.3427,0,0,0
"MtrElec",2,12,5,"",54.008,0,0,0,0,0,0,0,0,0,0,0,0,0,0,0,0,0,0,0,0,54.008,0,0,0
"MtrElec",2,12,6,"",67.1939,0,0,0,0,0,0,0,0,0,0,0,0,0,0,0,0,0,0,0,0,67.1939,0,0,0
"MtrElec",2,12,7,"",126.782,0,0,0,0,0,0,0,0,0,0,0,0,0,0,0,0,0,0,0,0,126.782,0,0,0
"MtrElec",2,12,8,"",78.3666,0,0,0,0,0,0,0,0,0,0,0,0,0,0,0,0,0,0,0,0,119.407,0,0,-41.0409
"MtrElec",2,12,9,"",19.9788,0,0,0,0,0,0,0,0,0,0,0,0,0,0,0,0,0,0,0,0,117.88,0,0,-97.9014
"MtrElec",2,12,10,"",0.0000039,0,0,0,0,0,0,0,0,0,0,0,0,0,0,0,0,0,0,0,0,86.1685,0,55.9138,-142.082
"MtrElec",2,12,11,"",0,0,0,0,0,0,0,0,0,0,0,0,0,0,0,0,0,0,0,0,0,121.639,0,48.1543,-169.794
"MtrElec",2,12,12,"",-13.3639,0,0,0,0,0,0,0,0,0,0,0,0,0,0,0,0,0,0,0,0,108.448,0,67.8758,-189.688
"MtrElec",2,12,13,"",-40.106,0,0,0,0,0,0,0,0,0,0,0,0,0,0,0,0,0,0,0,0,85.6481,0,67.8758,-193.63
"MtrElec",2,12,14,"",-81.2072,0,0,0,0,0,0,0,0,0,0,0,0,0,0,0,0,0,0,0,0,84.3,0,13.4309,-178.938
"MtrElec",2,12,15,"",-80.355,0,0,0,0,0,0,0,0,0,0,0,0,0,0,0,0,0,0,0,0,67.976,0,0,-148.331
"MtrElec",2,12,16,"",-9.01173,0,0,0,0,0,0,0,0,0,0,0,0,0,0,0,0,0,0,0,0,96.2278,0,0,-105.24
"MtrElec",2,12,17,"",33.3197,0,0,0,0,0,0,0,0,0,0,0,0,0,0,0,0,0,0,0,0,83.3364,0,0,-50.0167
"MtrElec",2,12,18,"",79.2179,0,0,0,0,0,0,0,0,0,0,0,0,0,0,0,0,0,0,0,0,83.1324,0,0,-3.9145
"MtrElec",2,12,19,"",75.1867,0,0,0,0,0,0,0,0,0,0,0,0,0,0,0,0,0,0,0,0,143.062,0,-67.8758,0
"MtrElec",2,12,20,"",27.6689,0,0,0,0,0,0,0,0,0,0,0,0,0,0,0,0,0,0,0,0,95.5447,0,-67.8758,0
"MtrElec",2,12,21,"",58.6481,0,0,0,0,0,0,0,0,0,0,0,0,0,0,0,0,0,0,0,0,126.524,0,-67.8758,0
"MtrElec",2,12,22,"",63.1824,0,0,0,0,0,0,0,0,0,0,0,0,0,0,0,0,0,0,0,0,88.1137,0,-24.9313,0
"MtrElec",2,12,23,"",96.2773,0,0,0,0,0,0,0,0,0,0,0,0,0,0,0,0,0,0,0,0,96.2773,0,0,0
"MtrElec",2,12,24,"",93.0214,0,0,0,0,0,0,0,0,0,0,0,0,0,0,0,0,0,0,0,0,93.0214,0,0,0
"MtrElec",2,13,1,"",51.5875,0,0,0,0,0,0,0,0,0,0,0,0,0,0,0,0,0,0,0,0,51.5875,0,0,0
"MtrElec",2,13,2,"",48.941,0,0,0,0,0,0,0,0,0,0,0,0,0,0,0,0,0,0,0,0,48.941,0,0,0
"MtrElec",2,13,3,"",53.3079,0,0,0,0,0,0,0,0,0,0,0,0,0,0,0,0,0,0,0,0,53.3079,0,0,0
"MtrElec",2,13,4,"",55.6483,0,0,0,0,0,0,0,0,0,0,0,0,0,0,0,0,0,0,0,0,55.6483,0,0,0
"MtrElec",2,13,5,"",56.4808,0,0,0,0,0,0,0,0,0,0,0,0,0,0,0,0,0,0,0,0,56.4808,0,0,0
"MtrElec",2,13,6,"",52.1832,0,0,0,0,0,0,0,0,0,0,0,0,0,0,0,0,0,0,0,0,52.1832,0,0,0
"MtrElec",2,13,7,"",87.4269,0,0,0,0,0,0,0,0,0,0,0,0,0,0,0,0,0,0,0,0,87.4269,0,0,0
"MtrElec",2,13,8,"",79.8037,0,0,0,0,0,0,0,0,0,0,0,0,0,0,0,0,0,0,0,0,109.476,0,0,-29.6728
"MtrElec",2,13,9,"",32.0212,0,0,0,0,0,0,0,0,0,0,0,0,0,0,0,0,0,0,0,0,122.233,0,0,-90.2119
"MtrElec",2,13,10,"",0.0000010,0,0,0,0,0,0,0,0,0,0,0,0,0,0,0,0,0,0,0,0,110.563,0,10.0368,-120.6
"MtrElec",2,13,11,"",-16.2404,0,0,0,0,0,0,0,0,0,0,0,0,0,0,0,0,0,0,0,0,85.7263,0,67.8758,-169.842
"MtrElec",2,13,12,"",-17.9106,0,0,0,0,0,0,0,0,0,0,0,0,0,0,0,0,0,0,0,0,94.7845,0,67.8758,-180.571
"MtrElec",2,13,13,"",-14.6509,0,0,0,0,0,0,0,0,0,0,0,0,0,0,0,0,0,0,0,0,76.4183,0,67.8758,-158.945
"MtrElec",2,13,14,"",-23.3684,0,0,0,0,0,0,0,0,0,0,0,0,0,0,0,0,0,0,0,0,82.02,0,39.5864,-144.975
"MtrElec",2,13,15,"",-86.8163,0,0,0,0,0,0,0,0,0,0,0,0,0,0,0,0,0,0,0,0,60.1158,0,0,-146.932
"MtrElec",2,13,16,"",-9.21563,0,0,0,0,0,0,0,0,0,0,0,0,0,0,0,0,0,0,0,0,91.5692,0,0,-100.785
"MtrElec",2,13,17,"",45.5919,0,0,0,0,0,0,0,0,0,0,0,0,0,0,0,0,0,0,0,0,75.6441,0,0,-30.0522
"MtrElec",2,13,18,"",100.768,0,0,0,0,0,0,0,0,0,0,0,0,0,0,0,0,0,0,0,0,100.978,0,0,-0.2097
"MtrElec",2,13,19,"",74.8687,0,0,0,0,0,0,0,0,0,0,0,0,0,0,0,0,0,0,0,0,142.744,0,-67.8758,0
"MtrElec",2,13,20,"",47.0888,0,0,0,0,0,0,0,0,0,0,0,0,0,0,0,0,0,0,0,0,114.965,0,-67.8758,0
"MtrElec",2,13,21,"",76.293,0,0,0,0,0,0,0,0,0,0,0,0,0,0,0,0,0,0,0,0,144.169,0,-67.8758,0
"MtrElec",2,13,22,"",63.4435,0,0,0,0,0,0,0,0,0,0,0,0,0,0,0,0,0,0,0,0,88.3748,0,-24.9313,0
"MtrElec",2,13,23,"",84.8214,0,0,0,0,0,0,0,0,0,0,0,0,0,0,0,0,0,0,0,0,84.8214,0,0,0
"MtrElec",2,13,24,"",94.0167,0,0,0,0,0,0,0,0,0,0,0,0,0,0,0,0,0,0,0,0,94.0167,0,0,0
"MtrElec",2,14,1,"",57.687,0,0,0,0,0,0,0,0,0,0,0,0,0,0,0,0,0,0,0,0,57.687,0,0,0
"MtrElec",2,14,2,"",49.693,0,0,0,0,0,0,0,0,0,0,0,0,0,0,0,0,0,0,0,0,49.693,0,0,0
"MtrElec",2,14,3,"",51.2364,0,0,0,0,0,0,0,0,0,0,0,0,0,0,0,0,0,0,0,0,51.2364,0,0,0
"MtrElec",2,14,4,"",51.5332,0,0,0,0,0,0,0,0,0,0,0,0,0,0,0,0,0,0,0,0,51.5332,0,0,0
"MtrElec",2,14,5,"",55.7817,0,0,0,0,0,0,0,0,0,0,0,0,0,0,0,0,0,0,0,0,55.7817,0,0,0
"MtrElec",2,14,6,"",51.3432,0,0,0,0,0,0,0,0,0,0,0,0,0,0,0,0,0,0,0,0,51.3432,0,0,0
"MtrElec",2,14,7,"",64.7399,0,0,0,0,0,0,0,0,0,0,0,0,0,0,0,0,0,0,0,0,64.7399,0,0,0
"MtrElec",2,14,8,"",79.9845,0,0,0,0,0,0,0,0,0,0,0,0,0,0,0,0,0,0,0,0,103.985,0,0,-24.0008
"MtrElec",2,14,9,"",0,0,0,0,0,0,0,0,0,0,0,0,0,0,0,0,0,0,0,0,0,76.2231,0,18.1188,-94.3419
"MtrElec",2,14,10,"",0,0,0,0,0,0,0,0,0,0,0,0,0,0,0,0,0,0,0,0,0,112.851,0,24.1811,-137.032
"MtrElec",2,14,11,"",19.0184,0,0,0,0,0,0,0,0,0,0,0,0,0,0,0,0,0,0,0,0,162.858,0,0,-143.839
"MtrElec",2,14,12,"",53.0262,0,0,0,0,0,0,0,0,0,0,0,0,0,0,0,0,0,0,0,0,173.775,0,0,-120.749
"MtrElec",2,14,13,"",68.828,0,0,0,0,0,0,0,0,0,0,0,0,0,0,0,0,0,0,0,0,143.692,0,0,-74.864
"MtrElec",2,14,14,"",36.2097,0,0,0,0,0,0,0,0,0,0,0,0,0,0,0,0,0,0,0,0,131.643,0,0,-95.4331
"MtrElec",2,14,15,"",0,0,0,0,0,0,0,0,0,0,0,0,0,0,0,0,0,0,0,0,0,133.57,0,13.4452,-147.015
"MtrElec",2,14,16,"",16.1126,0,0,0,0,0,0,0,0,0,0,0,0,0,0,0,0,0,0,0,0,116.868,0,0,-100.755
"MtrElec",2,14,17,"",37.4732,0,0,0,0,0,0,0,0,0,0,0,0,0,0,0,0,0,0,0,0,93.7178,0,0,-56.2447
"MtrElec",2,14,18,"",161.345,0,0,0,0,0,0,0,0,0,0,0,0,0,0,0,0,0,0,0,0,166.065,0,0,-4.7205
"MtrElec",2,14,19,"",163.462,0,0,0,0,0,0,0,0,0,0,0,0,0,0,0,0,0,0,0,0,213.772,0,-50.31,0
"MtrElec",2,14,20,"",174.047,0,0,0,0,0,0,0,0,0,0,0,0,0,0,0,0,0,0,0,0,174.047,0,0,0
"MtrElec",2,14,21,"",148.846,0,0,0,0,0,0,0,0,0,0,0,0,0,0,0,0,0,0,0,0,148.846,0,0,0
"MtrElec",2,14,22,"",103.434,0,0,0,0,0,0,0,0,0,0,0,0,0,0,0,0,0,0,0,0,103.434,0,0,0
"MtrElec",2,14,23,"",104.179,0,0,0,0,0,0,0,0,0,0,0,0,0,0,0,0,0,0,0,0,104.179,0,0,0
"MtrElec",2,14,24,"",80.0184,0,0,0,0,0,0,0,0,0,0,0,0,0,0,0,0,0,0,0,0,80.0184,0,0,0
"MtrElec",2,15,1,"",55.9584,0,0,0,0,0,0,0,0,0,0,0,0,0,0,0,0,0,0,0,0,55.9584,0,0,0
"MtrElec",2,15,2,"",54.3714,0,0,0,0,0,0,0,0,0,0,0,0,0,0,0,0,0,0,0,0,54.3714,0,0,0
"MtrElec",2,15,3,"",56.3624,0,0,0,0,0,0,0,0,0,0,0,0,0,0,0,0,0,0,0,0,56.3624,0,0,0
"MtrElec",2,15,4,"",56.0205,0,0,0,0,0,0,0,0,0,0,0,0,0,0,0,0,0,0,0,0,56.0205,0,0,0
"MtrElec",2,15,5,"",53.7289,0,0,0,0,0,0,0,0,0,0,0,0,0,0,0,0,0,0,0,0,53.7289,0,0,0
"MtrElec",2,15,6,"",56.8428,0,0,0,0,0,0,0,0,0,0,0,0,0,0,0,0,0,0,0,0,56.8428,0,0,0
"MtrElec",2,15,7,"",72.4257,0,0,0,0,0,0,0,0,0,0,0,0,0,0,0,0,0,0,0,0,72.4257,0,0,0
"MtrElec",2,15,8,"",76.3408,0,0,0,0,0,0,0,0,0,0,0,0,0,0,0,0,0,0,0,0,120.078,0,0,-43.7369
"MtrElec",2,15,9,"",21.6582,0,0,0,0,0,0,0,0,0,0,0,0,0,0,0,0,0,0,0,0,126.791,0,0,-105.133
"MtrElec",2,15,10,"",0.0000010,0,0,0,0,0,0,0,0,0,0,0,0,0,0,0,0,0,0,0,0,143.135,0,11.3776,-154.513
"MtrElec",2,15,11,"",-1.57326,0,0,0,0,0,0,0,0,0,0,0,0,0,0,0,0,0,0,0,0,117.007,0,67.8758,-186.456
"MtrElec",2,15,12,"",-11.5738,0,0,0,0,0,0,0,0,0,0,0,0,0,0,0,0,0,0,0,0,124.07,0,67.8758,-203.52
"MtrElec",2,15,13,"",0,0,0,0,0,0,0,0,0,0,0,0,0,0,0,0,0,0,0,0,0,143.652,0,59.2003,-202.853
"MtrElec",2,15,14,"",-40.4363,0,0,0,0,0,0,0,0,0,0,0,0,0,0,0,0,0,0,0,0,98.6361,0,46.9211,-185.993
"MtrElec",2,15,15,"",-14.33,0,0,0,0,0,0,0,0,0,0,0,0,0,0,0,0,0,0,0,0,141.788,0,0,-156.118
"MtrElec",2,15,16,"",-44.1967,0,0,0,0,0,0,0,0,0,0,0,0,0,0,0,0,0,0,0,0,66.4323,0,0,-110.629
"MtrElec",2,15,17,"",43.4519,0,0,0,0,0,0,0,0,0,0,0,0,0,0,0,0,0,0,0,0,96.6158,0,0,-53.1639
"MtrElec",2,15,18,"",82.2283,0,0,0,0,0,0,0,0,0,0,0,0,0,0,0,0,0,0,0,0,86.5223,0,0,-4.29402
"MtrElec",2,15,19,"",78.229,0,0,0,0,0,0,0,0,0,0,0,0,0,0,0,0,0,0,0,0,146.105,0,-67.8758,0
"MtrElec",2,15,20,"",65.7928,0,0,0,0,0,0,0,0,0,0,0,0,0,0,0,0,0,0,0,0,133.669,0,-67.8758,0
"MtrElec",2,15,21,"",57.7647,0,0,0,0,0,0,0,0,0,0,0,0,0,0,0,0,0,0,0,0,125.64,0,-67.8758,0
"MtrElec",2,15,22,"",76.5447,0,0,0,0,0,0,0,0,0,0,0,0,0,0,0,0,0,0,0,0,101.476,0,-24.9313,0
"MtrElec",2,15,23,"",137.698,0,0,0,0,0,0,0,0,0,0,0,0,0,0,0,0,0,0,0,0,137.698,0,0,0
"MtrElec",2,15,24,"",92.4533,0,0,0,0,0,0,0,0,0,0,0,0,0,0,0,0,0,0,0,0,92.4533,0,0,0
"MtrElec",2,16,1,"",63.0174,0,0,0,0,0,0,0,0,0,0,0,0,0,0,0,0,0,0,0,0,63.0174,0,0,0
"MtrElec",2,16,2,"",62.8291,0,0,0,0,0,0,0,0,0,0,0,0,0,0,0,0,0,0,0,0,62.8291,0,0,0
"MtrElec",2,16,3,"",62.6008,0,0,0,0,0,0,0,0,0,0,0,0,0,0,0,0,0,0,0,0,62.6008,0,0,0
"MtrElec",2,16,4,"",64.0738,0,0,0,0,0,0,0,0,0,0,0,0,0,0,0,0,0,0,0,0,64.0738,0,0,0
"MtrElec",2,16,5,"",65.2323,0,0,0,0,0,0,0,0,0,0,0,0,0,0,0,0,0,0,0,0,65.2323,0,0,0
"MtrElec",2,16,6,"",68.1514,0,0,0,0,0,0,0,0,0,0,0,0,0,0,0,0,0,0,0,0,68.1514,0,0,0
"MtrElec",2,16,7,"",131.096,0,0,0,0,0,0,0,0,0,0,0,0,0,0,0,0,0,0,0,0,134.592,0,0,-3.49615
"MtrElec",2,16,8,"",97.614,0,0,0,0,0,0,0,0,0,0,0,0,0,0,0,0,0,0,0,0,140.958,0,0,-43.3436
"MtrElec",2,16,9,"",26.6837,0,0,0,0,0,0,0,0,0,0,0,0,0,0,0,0,0,0,0,0,127.996,0,0,-101.312
"MtrElec",2,16,10,"",34.5161,0,0,0,0,0,0,0,0,0,0,0,0,0,0,0,0,0,0,0,0,179.582,0,0,-145.066
"MtrElec",2,16,11,"",18.4032,0,0,0,0,0,0,0,0,0,0,0,0,0,0,0,0,0,0,0,0,195.315,0,0,-176.912
"MtrElec",2,16,12,"",0,0,0,0,0,0,0,0,0,0,0,0,0,0,0,0,0,0,0,0,0,173.782,0,21.1469,-194.929
"MtrElec",2,16,13,"",0,0,0,0,0,0,0,0,0,0,0,0,0,0,0,0,0,0,0,0,0,157.392,0,38.0061,-195.398
"MtrElec",2,16,14,"",-14.9003,0,0,0,0,0,0,0,0,0,0,0,0,0,0,0,0,0,0,0,0,98.674,0,67.8758,-181.45
"MtrElec",2,16,15,"",0,0,0,0,0,0,0,0,0,0,0,0,0,0,0,0,0,0,0,0,0,96.2241,0,53.8236,-150.048
"MtrElec",2,16,16,"",0.0000010,0,0,0,0,0,0,0,0,0,0,0,0,0,0,0,0,0,0,0,0,98.096,0,10.65,-108.746
"MtrElec",2,16,17,"",15.3301,0,0,0,0,0,0,0,0,0,0,0,0,0,0,0,0,0,0,0,0,68.2237,0,0,-52.8935
"MtrElec",2,16,18,"",118.712,0,0,0,0,0,0,0,0,0,0,0,0,0,0,0,0,0,0,0,0,123.28,0,0,-4.56783
"MtrElec",2,16,19,"",55.9941,0,0,0,0,0,0,0,0,0,0,0,0,0,0,0,0,0,0,0,0,123.87,0,-67.8758,0
"MtrElec",2,16,20,"",16.6047,0,0,0,0,0,0,0,0,0,0,0,0,0,0,0,0,0,0,0,0,84.4805,0,-67.8758,0
"MtrElec",2,16,21,"",60.1359,0,0,0,0,0,0,0,0,0,0,0,0,0,0,0,0,0,0,0,0,97.2153,0,-37.0794,0
"MtrElec",2,16,22,"",113.227,0,0,0,0,0,0,0,0,0,0,0,0,0,0,0,0,0,0,0,0,113.227,0,0,0
"MtrElec",2,16,23,"",137.594,0,0,0,0,0,0,0,0,0,0,0,0,0,0,0,0,0,0,0,0,137.594,0,0,0
"MtrElec",2,16,24,"",68.3684,0,0,0,0,0,0,0,0,0,0,0,0,0,0,0,0,0,0,0,0,68.3684,0,0,0
"MtrElec",2,17,1,"",58.396,0,0,0,0,0,0,0,0,0,0,0,0,0,0,0,0,0,0,0,0,58.396,0,0,0
"MtrElec",2,17,2,"",60.3358,0,0,0,0,0,0,0,0,0,0,0,0,0,0,0,0,0,0,0,0,60.3358,0,0,0
"MtrElec",2,17,3,"",60.7067,0,0,0,0,0,0,0,0,0,0,0,0,0,0,0,0,0,0,0,0,60.7067,0,0,0
"MtrElec",2,17,4,"",62.2814,0,0,0,0,0,0,0,0,0,0,0,0,0,0,0,0,0,0,0,0,62.2814,0,0,0
"MtrElec",2,17,5,"",63.8391,0,0,0,0,0,0,0,0,0,0,0,0,0,0,0,0,0,0,0,0,63.8391,0,0,0
"MtrElec",2,17,6,"",78.3328,0,0,0,0,0,0,0,0,0,0,0,0,0,0,0,0,0,0,0,0,78.3328,0,0,0
"MtrElec",2,17,7,"",147.315,0,0,0,0,0,0,0,0,0,0,0,0,0,0,0,0,0,0,0,0,149.12,0,0,-1.80525
"MtrElec",2,17,8,"",89.7783,0,0,0,0,0,0,0,0,0,0,0,0,0,0,0,0,0,0,0,0,141.063,0,0,-51.2846
"MtrElec",2,17,9,"",70.8952,0,0,0,0,0,0,0,0,0,0,0,0,0,0,0,0,0,0,0,0,125.453,0,0,-54.5583
"MtrElec",2,17,10,"",0,0,0,0,0,0,0,0,0,0,0,0,0,0,0,0,0,0,0,0,0,122.4,0,8.74995,-131.15
"MtrElec",2,17,11,"",0.0000078,0,0,0,0,0,0,0,0,0,0,0,0,0,0,0,0,0,0,0,0,109.478,0,67.5822,-177.06
"MtrElec",2,17,12,"",-67.3069,0,0,0,0,0,0,0,0,0,0,0,0,0,0,0,0,0,0,0,0,59.8837,0,67.8758,-195.066
"MtrElec",2,17,13,"",-15.012,0,0,0,0,0,0,0,0,0,0,0,0,0,0,0,0,0,0,0,0,113.609,0,67.8758,-196.497
"MtrElec",2,17,14,"",-66.6587,0,0,0,0,0,0,0,0,0,0,0,0,0,0,0,0,0,0,0,0,74.3744,0,41.1668,-182.2
"MtrElec",2,17,15,"",-95.6351,0,0,0,0,0,0,0,0,0,0,0,0,0,0,0,0,0,0,0,0,56.69,0,0,-152.325
"MtrElec",2,17,16,"",-11.6558,0,0,0,0,0,0,0,0,0,0,0,0,0,0,0,0,0,0,0,0,98.5563,0,0,-110.212
"MtrElec",2,17,17,"",34.9466,0,0,0,0,0,0,0,0,0,0,0,0,0,0,0,0,0,0,0,0,88.1096,0,0,-53.163
"MtrElec",2,17,18,"",76.6348,0,0,0,0,0,0,0,0,0,0,0,0,0,0,0,0,0,0,0,0,81.1455,0,0,-4.51063
"MtrElec",2,17,19,"",51.8695,0,0,0,0,0,0,0,0,0,0,0,0,0,0,0,0,0,0,0,0,119.745,0,-67.8758,0
"MtrElec",2,17,20,"",69.7362,0,0,0,0,0,0,0,0,0,0,0,0,0,0,0,0,0,0,0,0,137.612,0,-67.8758,0
"MtrElec",2,17,21,"",87.5574,0,0,0,0,0,0,0,0,0,0,0,0,0,0,0,0,0,0,0,0,155.433,0,-67.8758,0
"MtrElec",2,17,22,"",91.1971,0,0,0,0,0,0,0,0,0,0,0,0,0,0,0,0,0,0,0,0,116.128,0,-24.9313,0
"MtrElec",2,17,23,"",83.1423,0,0,0,0,0,0,0,0,0,0,0,0,0,0,0,0,0,0,0,0,83.1423,0,0,0
"MtrElec",2,17,24,"",61.4687,0,0,0,0,0,0,0,0,0,0,0,0,0,0,0,0,0,0,0,0,61.4687,0,0,0
"MtrElec",2,18,1,"",56.1331,0,0,0,0,0,0,0,0,0,0,0,0,0,0,0,0,0,0,0,0,56.1331,0,0,0
"MtrElec",2,18,2,"",56.2403,0,0,0,0,0,0,0,0,0,0,0,0,0,0,0,0,0,0,0,0,56.2403,0,0,0
"MtrElec",2,18,3,"",56.3109,0,0,0,0,0,0,0,0,0,0,0,0,0,0,0,0,0,0,0,0,56.3109,0,0,0
"MtrElec",2,18,4,"",57.6618,0,0,0,0,0,0,0,0,0,0,0,0,0,0,0,0,0,0,0,0,57.6618,0,0,0
"MtrElec",2,18,5,"",83.5271,0,0,0,0,0,0,0,0,0,0,0,0,0,0,0,0,0,0,0,0,83.5271,0,0,0
"MtrElec",2,18,6,"",99.8965,0,0,0,0,0,0,0,0,0,0,0,0,0,0,0,0,0,0,0,0,99.8965,0,0,0
"MtrElec",2,18,7,"",77.8458,0,0,0,0,0,0,0,0,0,0,0,0,0,0,0,0,0,0,0,0,78.786,0,0,-0.940215
"MtrElec",2,18,8,"",82.4498,0,0,0,0,0,0,0,0,0,0,0,0,0,0,0,0,0,0,0,0,108.492,0,0,-26.0422
"MtrElec",2,18,9,"",51.4913,0,0,0,0,0,0,0,0,0,0,0,0,0,0,0,0,0,0,0,0,110.94,0,0,-59.4483
"MtrElec",2,18,10,"",20.0964,0,0,0,0,0,0,0,0,0,0,0,0,0,0,0,0,0,0,0,0,120.374,0,0,-100.277
"MtrElec",2,18,11,"",0.0000020,0,0,0,0,0,0,0,0,0,0,0,0,0,0,0,0,0,0,0,0,105.067,0,18.9651,-124.032
"MtrElec",2,18,12,"",-33.7291,0,0,0,0,0,0,0,0,0,0,0,0,0,0,0,0,0,0,0,0,75.8259,0,67.8758,-177.431
"MtrElec",2,18,13,"",-19.6362,0,0,0,0,0,0,0,0,0,0,0,0,0,0,0,0,0,0,0,0,106.103,0,67.8758,-193.615
"MtrElec",2,18,14,"",-55.6728,0,0,0,0,0,0,0,0,0,0,0,0,0,0,0,0,0,0,0,0,54.4485,0,67.8758,-177.997
"MtrElec",2,18,15,"",-25.9631,0,0,0,0,0,0,0,0,0,0,0,0,0,0,0,0,0,0,0,0,68.6369,0,30.6581,-125.258
"MtrElec",2,18,16,"",2.89855,0,0,0,0,0,0,0,0,0,0,0,0,0,0,0,0,0,0,0,0,88.3055,0,0,-85.4069
"MtrElec",2,18,17,"",63.6117,0,0,0,0,0,0,0,0,0,0,0,0,0,0,0,0,0,0,0,0,93.2009,0,0,-29.5892
"MtrElec",2,18,18,"",125.614,0,0,0,0,0,0,0,0,0,0,0,0,0,0,0,0,0,0,0,0,126.751,0,0,-1.13752
"MtrElec",2,18,19,"",23.6955,0,0,0,0,0,0,0,0,0,0,0,0,0,0,0,0,0,0,0,0,91.5713,0,-67.8758,0
"MtrElec",2,18,20,"",59.8144,0,0,0,0,0,0,0,0,0,0,0,0,0,0,0,0,0,0,0,0,127.69,0,-67.8758,0
"MtrElec",2,18,21,"",68.2362,0,0,0,0,0,0,0,0,0,0,0,0,0,0,0,0,0,0,0,0,136.112,0,-67.8758,0
"MtrElec",2,18,22,"",61.3904,0,0,0,0,0,0,0,0,0,0,0,0,0,0,0,0,0,0,0,0,86.3217,0,-24.9313,0
"MtrElec",2,18,23,"",116.204,0,0,0,0,0,0,0,0,0,0,0,0,0,0,0,0,0,0,0,0,116.204,0,0,0
"MtrElec",2,18,24,"",69.7329,0,0,0,0,0,0,0,0,0,0,0,0,0,0,0,0,0,0,0,0,69.7329,0,0,0
"MtrElec",2,19,1,"",57.3915,0,0,0,0,0,0,0,0,0,0,0,0,0,0,0,0,0,0,0,0,57.3915,0,0,0
"MtrElec",2,19,2,"",49.5456,0,0,0,0,0,0,0,0,0,0,0,0,0,0,0,0,0,0,0,0,49.5456,0,0,0
"MtrElec",2,19,3,"",48.564,0,0,0,0,0,0,0,0,0,0,0,0,0,0,0,0,0,0,0,0,48.564,0,0,0
"MtrElec",2,19,4,"",48.8977,0,0,0,0,0,0,0,0,0,0,0,0,0,0,0,0,0,0,0,0,48.8977,0,0,0
"MtrElec",2,19,5,"",48.7909,0,0,0,0,0,0,0,0,0,0,0,0,0,0,0,0,0,0,0,0,48.7909,0,0,0
"MtrElec",2,19,6,"",52.2627,0,0,0,0,0,0,0,0,0,0,0,0,0,0,0,0,0,0,0,0,52.2627,0,0,0
"MtrElec",2,19,7,"",78.1687,0,0,0,0,0,0,0,0,0,0,0,0,0,0,0,0,0,0,0,0,78.1687,0,0,0
"MtrElec",2,19,8,"",104.954,0,0,0,0,0,0,0,0,0,0,0,0,0,0,0,0,0,0,0,0,104.954,0,0,0
"MtrElec",2,19,9,"",99.2516,0,0,0,0,0,0,0,0,0,0,0,0,0,0,0,0,0,0,0,0,105.209,0,0,-5.95765
"MtrElec",2,19,10,"",101.565,0,0,0,0,0,0,0,0,0,0,0,0,0,0,0,0,0,0,0,0,113.673,0,0,-12.1077
"MtrElec",2,19,11,"",102.452,0,0,0,0,0,0,0,0,0,0,0,0,0,0,0,0,0,0,0,0,122.916,0,0,-20.4643
"MtrElec",2,19,12,"",85.6916,0,0,0,0,0,0,0,0,0,0,0,0,0,0,0,0,0,0,0,0,112.667,0,0,-26.9758
"MtrElec",2,19,13,"",72.7826,0,0,0,0,0,0,0,0,0,0,0,0,0,0,0,0,0,0,0,0,112.392,0,0,-39.6092
"MtrElec",2,19,14,"",27.7248,0,0,0,0,0,0,0,0,0,0,0,0,0,0,0,0,0,0,0,0,58.7007,0,0,-30.976
"MtrElec",2,19,15,"",57.8961,0,0,0,0,0,0,0,0,0,0,0,0,0,0,0,0,0,0,0,0,90.3644,0,0,-32.4683
"MtrElec",2,19,16,"",37.3485,0,0,0,0,0,0,0,0,0,0,0,0,0,0,0,0,0,0,0,0,82.2578,0,0,-44.9094
"MtrElec",2,19,17,"",78.2544,0,0,0,0,0,0,0,0,0,0,0,0,0,0,0,0,0,0,0,0,88.1328,0,0,-9.87842
"MtrElec",2,19,18,"",130.931,0,0,0,0,0,0,0,0,0,0,0,0,0,0,0,0,0,0,0,0,130.931,0,0,0
"MtrElec",2,19,19,"",100.337,0,0,0,0,0,0,0,0,0,0,0,0,0,0,0,0,0,0,0,0,100.337,0,0,0
"MtrElec",2,19,20,"",126.735,0,0,0,0,0,0,0,0,0,0,0,0,0,0,0,0,0,0,0,0,126.735,0,0,0
"MtrElec",2,19,21,"",151.909,0,0,0,0,0,0,0,0,0,0,0,0,0,0,0,0,0,0,0,0,151.909,0,0,0
"MtrElec",2,19,22,"",111.803,0,0,0,0,0,0,0,0,0,0,0,0,0,0,0,0,0,0,0,0,111.803,0,0,0
"MtrElec",2,19,23,"",108.989,0,0,0,0,0,0,0,0,0,0,0,0,0,0,0,0,0,0,0,0,108.989,0,0,0
"MtrElec",2,19,24,"",100.241,0,0,0,0,0,0,0,0,0,0,0,0,0,0,0,0,0,0,0,0,100.241,0,0,0
"MtrElec",2,20,1,"",54.0138,0,0,0,0,0,0,0,0,0,0,0,0,0,0,0,0,0,0,0,0,54.0138,0,0,0
"MtrElec",2,20,2,"",52.2098,0,0,0,0,0,0,0,0,0,0,0,0,0,0,0,0,0,0,0,0,52.2098,0,0,0
"MtrElec",2,20,3,"",51.2404,0,0,0,0,0,0,0,0,0,0,0,0,0,0,0,0,0,0,0,0,51.2404,0,0,0
"MtrElec",2,20,4,"",51.5776,0,0,0,0,0,0,0,0,0,0,0,0,0,0,0,0,0,0,0,0,51.5776,0,0,0
"MtrElec",2,20,5,"",51.3527,0,0,0,0,0,0,0,0,0,0,0,0,0,0,0,0,0,0,0,0,51.3527,0,0,0
"MtrElec",2,20,6,"",54.3028,0,0,0,0,0,0,0,0,0,0,0,0,0,0,0,0,0,0,0,0,54.3028,0,0,0
"MtrElec",2,20,7,"",88.7556,0,0,0,0,0,0,0,0,0,0,0,0,0,0,0,0,0,0,0,0,88.7556,0,0,0
"MtrElec",2,20,8,"",109.969,0,0,0,0,0,0,0,0,0,0,0,0,0,0,0,0,0,0,0,0,112.492,0,0,-2.52298
"MtrElec",2,20,9,"",113.816,0,0,0,0,0,0,0,0,0,0,0,0,0,0,0,0,0,0,0,0,130.559,0,0,-16.7434
"MtrElec",2,20,10,"",105.806,0,0,0,0,0,0,0,0,0,0,0,0,0,0,0,0,0,0,0,0,126.111,0,0,-20.305
"MtrElec",2,20,11,"",85.972,0,0,0,0,0,0,0,0,0,0,0,0,0,0,0,0,0,0,0,0,135.115,0,0,-49.1429
"MtrElec",2,20,12,"",0,0,0,0,0,0,0,0,0,0,0,0,0,0,0,0,0,0,0,0,0,86.063,0,19.9317,-105.995
"MtrElec",2,20,13,"",23.7153,0,0,0,0,0,0,0,0,0,0,0,0,0,0,0,0,0,0,0,0,92.8058,0,0,-69.0904
"MtrElec",2,20,14,"",7.18609,0,0,0,0,0,0,0,0,0,0,0,0,0,0,0,0,0,0,0,0,74.4966,0,0,-67.3105
"MtrElec",2,20,15,"",0,0,0,0,0,0,0,0,0,0,0,0,0,0,0,0,0,0,0,0,0,72.451,0,0.128555,-72.5795
"MtrElec",2,20,16,"",32.4002,0,0,0,0,0,0,0,0,0,0,0,0,0,0,0,0,0,0,0,0,112.88,0,0,-80.4796
"MtrElec",2,20,17,"",82.3066,0,0,0,0,0,0,0,0,0,0,0,0,0,0,0,0,0,0,0,0,108.055,0,0,-25.7487
"MtrElec",2,20,18,"",88.5525,0,0,0,0,0,0,0,0,0,0,0,0,0,0,0,0,0,0,0,0,88.5525,0,0,0
"MtrElec",2,20,19,"",112.385,0,0,0,0,0,0,0,0,0,0,0,0,0,0,0,0,0,0,0,0,130.489,0,-18.1043,0
"MtrElec",2,20,20,"",103.418,0,0,0,0,0,0,0,0,0,0,0,0,0,0,0,0,0,0,0,0,103.418,0,0,0
"MtrElec",2,20,21,"",126.311,0,0,0,0,0,0,0,0,0,0,0,0,0,0,0,0,0,0,0,0,126.311,0,0,0
"MtrElec",2,20,22,"",128.43,0,0,0,0,0,0,0,0,0,0,0,0,0,0,0,0,0,0,0,0,128.43,0,0,0
"MtrElec",2,20,23,"",91.676,0,0,0,0,0,0,0,0,0,0,0,0,0,0,0,0,0,0,0,0,91.676,0,0,0
"MtrElec",2,20,24,"",105.652,0,0,0,0,0,0,0,0,0,0,0,0,0,0,0,0,0,0,0,0,105.652,0,0,0
"MtrElec",2,21,1,"",76.1828,0,0,0,0,0,0,0,0,0,0,0,0,0,0,0,0,0,0,0,0,76.1828,0,0,0
"MtrElec",2,21,2,"",57.9808,0,0,0,0,0,0,0,0,0,0,0,0,0,0,0,0,0,0,0,0,57.9808,0,0,0
"MtrElec",2,21,3,"",61.1827,0,0,0,0,0,0,0,0,0,0,0,0,0,0,0,0,0,0,0,0,61.1827,0,0,0
"MtrElec",2,21,4,"",60.6839,0,0,0,0,0,0,0,0,0,0,0,0,0,0,0,0,0,0,0,0,60.6839,0,0,0
"MtrElec",2,21,5,"",58.1094,0,0,0,0,0,0,0,0,0,0,0,0,0,0,0,0,0,0,0,0,58.1094,0,0,0
"MtrElec",2,21,6,"",59.5777,0,0,0,0,0,0,0,0,0,0,0,0,0,0,0,0,0,0,0,0,59.5777,0,0,0
"MtrElec",2,21,7,"",89.8886,0,0,0,0,0,0,0,0,0,0,0,0,0,0,0,0,0,0,0,0,90.493,0,0,-0.604401
"MtrElec",2,21,8,"",69.552,0,0,0,0,0,0,0,0,0,0,0,0,0,0,0,0,0,0,0,0,93.2316,0,0,-23.6796
"MtrElec",2,21,9,"",29.0923,0,0,0,0,0,0,0,0,0,0,0,0,0,0,0,0,0,0,0,0,82.3534,0,0,-53.2611
"MtrElec",2,21,10,"",24.839,0,0,0,0,0,0,0,0,0,0,0,0,0,0,0,0,0,0,0,0,113.301,0,0,-88.4618
"MtrElec",2,21,11,"",21.9685,0,0,0,0,0,0,0,0,0,0,0,0,0,0,0,0,0,0,0,0,156.055,0,0,-134.086
"MtrElec",2,21,12,"",20.8533,0,0,0,0,0,0,0,0,0,0,0,0,0,0,0,0,0,0,0,0,121.35,0,0,-100.497
"MtrElec",2,21,13,"",44.1424,0,0,0,0,0,0,0,0,0,0,0,0,0,0,0,0,0,0,0,0,133.174,0,0,-89.0314
"MtrElec",2,21,14,"",8.13276,0,0,0,0,0,0,0,0,0,0,0,0,0,0,0,0,0,0,0,0,111.352,0,0,-103.219
"MtrElec",2,21,15,"",78.7348,0,0,0,0,0,0,0,0,0,0,0,0,0,0,0,0,0,0,0,0,115.825,0,0,-37.0907
"MtrElec",2,21,16,"",60.1796,0,0,0,0,0,0,0,0,0,0,0,0,0,0,0,0,0,0,0,0,90.7186,0,0,-30.5389
"MtrElec",2,21,17,"",102.786,0,0,0,0,0,0,0,0,0,0,0,0,0,0,0,0,0,0,0,0,118.148,0,0,-15.3618
"MtrElec",2,21,18,"",107.657,0,0,0,0,0,0,0,0,0,0,0,0,0,0,0,0,0,0,0,0,107.657,0,0,0
"MtrElec",2,21,19,"",195.941,0,0,0,0,0,0,0,0,0,0,0,0,0,0,0,0,0,0,0,0,195.941,0,0,0
"MtrElec",2,21,20,"",155.477,0,0,0,0,0,0,0,0,0,0,0,0,0,0,0,0,0,0,0,0,155.477,0,0,0
"MtrElec",2,21,21,"",120.557,0,0,0,0,0,0,0,0,0,0,0,0,0,0,0,0,0,0,0,0,120.557,0,0,0
"MtrElec",2,21,22,"",94.749,0,0,0,0,0,0,0,0,0,0,0,0,0,0,0,0,0,0,0,0,94.749,0,0,0
"MtrElec",2,21,23,"",110.36,0,0,0,0,0,0,0,0,0,0,0,0,0,0,0,0,0,0,0,0,110.36,0,0,0
"MtrElec",2,21,24,"",92.238,0,0,0,0,0,0,0,0,0,0,0,0,0,0,0,0,0,0,0,0,92.238,0,0,0
"MtrElec",2,22,1,"",69.2037,0,0,0,0,0,0,0,0,0,0,0,0,0,0,0,0,0,0,0,0,69.2037,0,0,0
"MtrElec",2,22,2,"",52.4985,0,0,0,0,0,0,0,0,0,0,0,0,0,0,0,0,0,0,0,0,52.4985,0,0,0
"MtrElec",2,22,3,"",52.9073,0,0,0,0,0,0,0,0,0,0,0,0,0,0,0,0,0,0,0,0,52.9073,0,0,0
"MtrElec",2,22,4,"",54.9037,0,0,0,0,0,0,0,0,0,0,0,0,0,0,0,0,0,0,0,0,54.9037,0,0,0
"MtrElec",2,22,5,"",62.6916,0,0,0,0,0,0,0,0,0,0,0,0,0,0,0,0,0,0,0,0,62.6916,0,0,0
"MtrElec",2,22,6,"",57.0878,0,0,0,0,0,0,0,0,0,0,0,0,0,0,0,0,0,0,0,0,57.0878,0,0,0
"MtrElec",2,22,7,"",69.2262,0,0,0,0,0,0,0,0,0,0,0,0,0,0,0,0,0,0,0,0,69.2262,0,0,0
"MtrElec",2,22,8,"",91.2261,0,0,0,0,0,0,0,0,0,0,0,0,0,0,0,0,0,0,0,0,91.9756,0,0,-0.74947
"MtrElec",2,22,9,"",17.9152,0,0,0,0,0,0,0,0,0,0,0,0,0,0,0,0,0,0,0,0,76.7104,0,0,-58.7952
"MtrElec",2,22,10,"",24.7351,0,0,0,0,0,0,0,0,0,0,0,0,0,0,0,0,0,0,0,0,104.027,0,0,-79.2915
"MtrElec",2,22,11,"",44.5987,0,0,0,0,0,0,0,0,0,0,0,0,0,0,0,0,0,0,0,0,117.662,0,0,-73.0635
"MtrElec",2,22,12,"",59.1599,0,0,0,0,0,0,0,0,0,0,0,0,0,0,0,0,0,0,0,0,129.542,0,0,-70.3816
"MtrElec",2,22,13,"",49.0451,0,0,0,0,0,0,0,0,0,0,0,0,0,0,0,0,0,0,0,0,133.067,0,0,-84.0219
"MtrElec",2,22,14,"",0,0,0,0,0,0,0,0,0,0,0,0,0,0,0,0,0,0,0,0,0,68.152,0,38.1846,-106.337
"MtrElec",2,22,15,"",64.251,0,0,0,0,0,0,0,0,0,0,0,0,0,0,0,0,0,0,0,0,126.971,0,0,-62.7198
"MtrElec",2,22,16,"",85.9931,0,0,0,0,0,0,0,0,0,0,0,0,0,0,0,0,0,0,0,0,92.2469,0,0,-6.25379
"MtrElec",2,22,17,"",62.1154,0,0,0,0,0,0,0,0,0,0,0,0,0,0,0,0,0,0,0,0,69.8711,0,0,-7.75568
"MtrElec",2,22,18,"",124.01,0,0,0,0,0,0,0,0,0,0,0,0,0,0,0,0,0,0,0,0,125.487,0,0,-1.47641
"MtrElec",2,22,19,"",131.636,0,0,0,0,0,0,0,0,0,0,0,0,0,0,0,0,0,0,0,0,166.097,0,-34.4616,0
"MtrElec",2,22,20,"",143.774,0,0,0,0,0,0,0,0,0,0,0,0,0,0,0,0,0,0,0,0,143.774,0,0,0
"MtrElec",2,22,21,"",143.023,0,0,0,0,0,0,0,0,0,0,0,0,0,0,0,0,0,0,0,0,143.023,0,0,0
"MtrElec",2,22,22,"",133.608,0,0,0,0,0,0,0,0,0,0,0,0,0,0,0,0,0,0,0,0,133.608,0,0,0
"MtrElec",2,22,23,"",108.275,0,0,0,0,0,0,0,0,0,0,0,0,0,0,0,0,0,0,0,0,108.275,0,0,0
"MtrElec",2,22,24,"",75.5734,0,0,0,0,0,0,0,0,0,0,0,0,0,0,0,0,0,0,0,0,75.5734,0,0,0
"MtrElec",2,23,1,"",62.1648,0,0,0,0,0,0,0,0,0,0,0,0,0,0,0,0,0,0,0,0,62.1648,0,0,0
"MtrElec",2,23,2,"",61.2622,0,0,0,0,0,0,0,0,0,0,0,0,0,0,0,0,0,0,0,0,61.2622,0,0,0
"MtrElec",2,23,3,"",61.8174,0,0,0,0,0,0,0,0,0,0,0,0,0,0,0,0,0,0,0,0,61.8174,0,0,0
"MtrElec",2,23,4,"",63.546,0,0,0,0,0,0,0,0,0,0,0,0,0,0,0,0,0,0,0,0,63.546,0,0,0
"MtrElec",2,23,5,"",64.5877,0,0,0,0,0,0,0,0,0,0,0,0,0,0,0,0,0,0,0,0,64.5877,0,0,0
"MtrElec",2,23,6,"",68.4721,0,0,0,0,0,0,0,0,0,0,0,0,0,0,0,0,0,0,0,0,68.4721,0,0,0
"MtrElec",2,23,7,"",107.041,0,0,0,0,0,0,0,0,0,0,0,0,0,0,0,0,0,0,0,0,110.07,0,0,-3.02928
"MtrElec",2,23,8,"",100.005,0,0,0,0,0,0,0,0,0,0,0,0,0,0,0,0,0,0,0,0,144.236,0,0,-44.2317
"MtrElec",2,23,9,"",65.2748,0,0,0,0,0,0,0,0,0,0,0,0,0,0,0,0,0,0,0,0,136.119,0,0,-70.844
"MtrElec",2,23,10,"",7.58416,0,0,0,0,0,0,0,0,0,0,0,0,0,0,0,0,0,0,0,0,143.107,0,0,-135.523
"MtrElec",2,23,11,"",17.3824,0,0,0,0,0,0,0,0,0,0,0,0,0,0,0,0,0,0,0,0,154.951,0,0,-137.568
"MtrElec",2,23,12,"",-4.42314,0,0,0,0,0,0,0,0,0,0,0,0,0,0,0,0,0,0,0,0,100.476,0,67.8758,-172.775
"MtrElec",2,23,13,"",-24.1726,0,0,0,0,0,0,0,0,0,0,0,0,0,0,0,0,0,0,0,0,95.109,0,67.8758,-187.157
"MtrElec",2,23,14,"",0,0,0,0,0,0,0,0,0,0,0,0,0,0,0,0,0,0,0,0,0,67.2594,0,6.31612,-73.5755
"MtrElec",2,23,15,"",40.5627,0,0,0,0,0,0,0,0,0,0,0,0,0,0,0,0,0,0,0,0,62.3685,0,0,-21.8058
"MtrElec",2,23,16,"",62.901,0,0,0,0,0,0,0,0,0,0,0,0,0,0,0,0,0,0,0,0,80.3364,0,0,-17.4355
"MtrElec",2,23,17,"",80.3796,0,0,0,0,0,0,0,0,0,0,0,0,0,0,0,0,0,0,0,0,85.3605,0,0,-4.98091
"MtrElec",2,23,18,"",110.195,0,0,0,0,0,0,0,0,0,0,0,0,0,0,0,0,0,0,0,0,110.195,0,0,0
"MtrElec",2,23,19,"",73.5629,0,0,0,0,0,0,0,0,0,0,0,0,0,0,0,0,0,0,0,0,141.439,0,-67.8758,0
"MtrElec",2,23,20,"",72.8761,0,0,0,0,0,0,0,0,0,0,0,0,0,0,0,0,0,0,0,0,133.216,0,-60.3403,0
"MtrElec",2,23,21,"",122.042,0,0,0,0,0,0,0,0,0,0,0,0,0,0,0,0,0,0,0,0,122.042,0,0,0
"MtrElec",2,23,22,"",116.082,0,0,0,0,0,0,0,0,0,0,0,0,0,0,0,0,0,0,0,0,116.082,0,0,0
"MtrElec",2,23,23,"",108.691,0,0,0,0,0,0,0,0,0,0,0,0,0,0,0,0,0,0,0,0,108.691,0,0,0
"MtrElec",2,23,24,"",73.2255,0,0,0,0,0,0,0,0,0,0,0,0,0,0,0,0,0,0,0,0,73.2255,0,0,0
"MtrElec",2,24,1,"",55.1849,0,0,0,0,0,0,0,0,0,0,0,0,0,0,0,0,0,0,0,0,55.1849,0,0,0
"MtrElec",2,24,2,"",55.0808,0,0,0,0,0,0,0,0,0,0,0,0,0,0,0,0,0,0,0,0,55.0808,0,0,0
"MtrElec",2,24,3,"",55.7489,0,0,0,0,0,0,0,0,0,0,0,0,0,0,0,0,0,0,0,0,55.7489,0,0,0
"MtrElec",2,24,4,"",54.4806,0,0,0,0,0,0,0,0,0,0,0,0,0,0,0,0,0,0,0,0,54.4806,0,0,0
"MtrElec",2,24,5,"",81.1199,0,0,0,0,0,0,0,0,0,0,0,0,0,0,0,0,0,0,0,0,81.1199,0,0,0
"MtrElec",2,24,6,"",55.9396,0,0,0,0,0,0,0,0,0,0,0,0,0,0,0,0,0,0,0,0,55.9396,0,0,0
"MtrElec",2,24,7,"",79.5271,0,0,0,0,0,0,0,0,0,0,0,0,0,0,0,0,0,0,0,0,79.5271,0,0,0
"MtrElec",2,24,8,"",108.402,0,0,0,0,0,0,0,0,0,0,0,0,0,0,0,0,0,0,0,0,115.225,0,0,-6.82308
"MtrElec",2,24,9,"",100.7,0,0,0,0,0,0,0,0,0,0,0,0,0,0,0,0,0,0,0,0,112.889,0,0,-12.1889
"MtrElec",2,24,10,"",87.8934,0,0,0,0,0,0,0,0,0,0,0,0,0,0,0,0,0,0,0,0,119.391,0,0,-31.4977
"MtrElec",2,24,11,"",78.4891,0,0,0,0,0,0,0,0,0,0,0,0,0,0,0,0,0,0,0,0,140.158,0,0,-61.6686
"MtrElec",2,24,12,"",45.3999,0,0,0,0,0,0,0,0,0,0,0,0,0,0,0,0,0,0,0,0,123.768,0,0,-78.368
"MtrElec",2,24,13,"",18.4467,0,0,0,0,0,0,0,0,0,0,0,0,0,0,0,0,0,0,0,0,103.41,0,0,-84.9636
"MtrElec",2,24,14,"",0.0000020,0,0,0,0,0,0,0,0,0,0,0,0,0,0,0,0,0,0,0,0,56.057,0,27.6571,-83.7141
"MtrElec",2,24,15,"",38.2914,0,0,0,0,0,0,0,0,0,0,0,0,0,0,0,0,0,0,0,0,86.0798,0,0,-47.7884
"MtrElec",2,24,16,"",0.0000020,0,0,0,0,0,0,0,0,0,0,0,0,0,0,0,0,0,0,0,0,69.9093,0,28.485,-98.3943
"MtrElec",2,24,17,"",59.5987,0,0,0,0,0,0,0,0,0,0,0,0,0,0,0,0,0,0,0,0,88.4894,0,0,-28.8907
"MtrElec",2,24,18,"",97.0795,0,0,0,0,0,0,0,0,0,0,0,0,0,0,0,0,0,0,0,0,100.807,0,0,-3.72704
"MtrElec",2,24,19,"",77.6549,0,0,0,0,0,0,0,0,0,0,0,0,0,0,0,0,0,0,0,0,128.323,0,-50.6682,0
"MtrElec",2,24,20,"",112.071,0,0,0,0,0,0,0,0,0,0,0,0,0,0,0,0,0,0,0,0,112.071,0,0,0
"MtrElec",2,24,21,"",149.775,0,0,0,0,0,0,0,0,0,0,0,0,0,0,0,0,0,0,0,0,149.775,0,0,0
"MtrElec",2,24,22,"",126.053,0,0,0,0,0,0,0,0,0,0,0,0,0,0,0,0,0,0,0,0,126.053,0,0,0
"MtrElec",2,24,23,"",129.797,0,0,0,0,0,0,0,0,0,0,0,0,0,0,0,0,0,0,0,0,129.797,0,0,0
"MtrElec",2,24,24,"",77.3089,0,0,0,0,0,0,0,0,0,0,0,0,0,0,0,0,0,0,0,0,77.3089,0,0,0
"MtrElec",2,25,1,"",74.0584,0,0,0,0,0,0,0,0,0,0,0,0,0,0,0,0,0,0,0,0,74.0584,0,0,0
"MtrElec",2,25,2,"",58.1807,0,0,0,0,0,0,0,0,0,0,0,0,0,0,0,0,0,0,0,0,58.1807,0,0,0
"MtrElec",2,25,3,"",61.5714,0,0,0,0,0,0,0,0,0,0,0,0,0,0,0,0,0,0,0,0,61.5714,0,0,0
"MtrElec",2,25,4,"",64.1841,0,0,0,0,0,0,0,0,0,0,0,0,0,0,0,0,0,0,0,0,64.1841,0,0,0
"MtrElec",2,25,5,"",65.018,0,0,0,0,0,0,0,0,0,0,0,0,0,0,0,0,0,0,0,0,65.018,0,0,0
"MtrElec",2,25,6,"",91.3239,0,0,0,0,0,0,0,0,0,0,0,0,0,0,0,0,0,0,0,0,91.3239,0,0,0
"MtrElec",2,25,7,"",72.542,0,0,0,0,0,0,0,0,0,0,0,0,0,0,0,0,0,0,0,0,77.6514,0,0,-5.10942
"MtrElec",2,25,8,"",57.7249,0,0,0,0,0,0,0,0,0,0,0,0,0,0,0,0,0,0,0,0,107.105,0,0,-49.3801
"MtrElec",2,25,9,"",16.8615,0,0,0,0,0,0,0,0,0,0,0,0,0,0,0,0,0,0,0,0,123.16,0,0,-106.298
"MtrElec",2,25,10,"",0,0,0,0,0,0,0,0,0,0,0,0,0,0,0,0,0,0,0,0,0,123.371,0,29.425,-152.796
"MtrElec",2,25,11,"",0,0,0,0,0,0,0,0,0,0,0,0,0,0,0,0,0,0,0,0,0,144.712,0,40.6162,-185.328
"MtrElec",2,25,12,"",-39.3164,0,0,0,0,0,0,0,0,0,0,0,0,0,0,0,0,0,0,0,0,94.0795,0,67.8758,-201.272
"MtrElec",2,25,13,"",-44.2639,0,0,0,0,0,0,0,0,0,0,0,0,0,0,0,0,0,0,0,0,89.368,0,67.8758,-201.508
"MtrElec",2,25,14,"",-57.0464,0,0,0,0,0,0,0,0,0,0,0,0,0,0,0,0,0,0,0,0,81.127,0,47.4578,-185.631
"MtrElec",2,25,15,"",-91.986,0,0,0,0,0,0,0,0,0,0,0,0,0,0,0,0,0,0,0,0,64.2533,0,0,-156.239
"MtrElec",2,25,16,"",-25.5528,0,0,0,0,0,0,0,0,0,0,0,0,0,0,0,0,0,0,0,0,88.8931,0,0,-114.446
"MtrElec",2,25,17,"",27.7244,0,0,0,0,0,0,0,0,0,0,0,0,0,0,0,0,0,0,0,0,86.7359,0,0,-59.0116
"MtrElec",2,25,18,"",81.2558,0,0,0,0,0,0,0,0,0,0,0,0,0,0,0,0,0,0,0,0,89.9713,0,0,-8.71547
"MtrElec",2,25,19,"",62.9911,0,0,0,0,0,0,0,0,0,0,0,0,0,0,0,0,0,0,0,0,130.867,0,-67.8758,0
"MtrElec",2,25,20,"",25.896,0,0,0,0,0,0,0,0,0,0,0,0,0,0,0,0,0,0,0,0,93.7718,0,-67.8758,0
"MtrElec",2,25,21,"",63.0637,0,0,0,0,0,0,0,0,0,0,0,0,0,0,0,0,0,0,0,0,130.939,0,-67.8758,0
"MtrElec",2,25,22,"",63.205,0,0,0,0,0,0,0,0,0,0,0,0,0,0,0,0,0,0,0,0,88.1363,0,-24.9313,0
"MtrElec",2,25,23,"",121.667,0,0,0,0,0,0,0,0,0,0,0,0,0,0,0,0,0,0,0,0,121.667,0,0,0
"MtrElec",2,25,24,"",70.7006,0,0,0,0,0,0,0,0,0,0,0,0,0,0,0,0,0,0,0,0,70.7006,0,0,0
"MtrElec",2,26,1,"",53.3635,0,0,0,0,0,0,0,0,0,0,0,0,0,0,0,0,0,0,0,0,53.3635,0,0,0
"MtrElec",2,26,2,"",54.511,0,0,0,0,0,0,0,0,0,0,0,0,0,0,0,0,0,0,0,0,54.511,0,0,0
"MtrElec",2,26,3,"",56.7739,0,0,0,0,0,0,0,0,0,0,0,0,0,0,0,0,0,0,0,0,56.7739,0,0,0
"MtrElec",2,26,4,"",58.0245,0,0,0,0,0,0,0,0,0,0,0,0,0,0,0,0,0,0,0,0,58.0245,0,0,0
"MtrElec",2,26,5,"",81.7177,0,0,0,0,0,0,0,0,0,0,0,0,0,0,0,0,0,0,0,0,81.7177,0,0,0
"MtrElec",2,26,6,"",54.5738,0,0,0,0,0,0,0,0,0,0,0,0,0,0,0,0,0,0,0,0,54.5738,0,0,0
"MtrElec",2,26,7,"",74.1768,0,0,0,0,0,0,0,0,0,0,0,0,0,0,0,0,0,0,0,0,76.1716,0,0,-1.99484
"MtrElec",2,26,8,"",89.6966,0,0,0,0,0,0,0,0,0,0,0,0,0,0,0,0,0,0,0,0,123.11,0,0,-33.4138
"MtrElec",2,26,9,"",24.5237,0,0,0,0,0,0,0,0,0,0,0,0,0,0,0,0,0,0,0,0,127.713,0,0,-103.189
"MtrElec",2,26,10,"",0,0,0,0,0,0,0,0,0,0,0,0,0,0,0,0,0,0,0,0,0,122.778,0,31.5306,-154.309
"MtrElec",2,26,11,"",-4.13259,0,0,0,0,0,0,0,0,0,0,0,0,0,0,0,0,0,0,0,0,113.989,0,67.8758,-185.997
"MtrElec",2,26,12,"",-58.2325,0,0,0,0,0,0,0,0,0,0,0,0,0,0,0,0,0,0,0,0,76.5868,0,67.8758,-202.695
"MtrElec",2,26,13,"",-13.3735,0,0,0,0,0,0,0,0,0,0,0,0,0,0,0,0,0,0,0,0,121.315,0,67.8758,-202.565
"MtrElec",2,26,14,"",-114.466,0,0,0,0,0,0,0,0,0,0,0,0,0,0,0,0,0,0,0,0,55.4555,0,18.0927,-188.015
"MtrElec",2,26,15,"",-97.2642,0,0,0,0,0,0,0,0,0,0,0,0,0,0,0,0,0,0,0,0,61.1756,0,0,-158.44
"MtrElec",2,26,16,"",-26.9237,0,0,0,0,0,0,0,0,0,0,0,0,0,0,0,0,0,0,0,0,87.4671,0,0,-114.391
"MtrElec",2,26,17,"",23.1385,0,0,0,0,0,0,0,0,0,0,0,0,0,0,0,0,0,0,0,0,81.3881,0,0,-58.2496
"MtrElec",2,26,18,"",75.553,0,0,0,0,0,0,0,0,0,0,0,0,0,0,0,0,0,0,0,0,83.5595,0,0,-8.00653
"MtrElec",2,26,19,"",72.4655,0,0,0,0,0,0,0,0,0,0,0,0,0,0,0,0,0,0,0,0,140.341,0,-67.8758,0
"MtrElec",2,26,20,"",62.8604,0,0,0,0,0,0,0,0,0,0,0,0,0,0,0,0,0,0,0,0,130.736,0,-67.8758,0
"MtrElec",2,26,21,"",29.8111,0,0,0,0,0,0,0,0,0,0,0,0,0,0,0,0,0,0,0,0,97.6868,0,-67.8758,0
"MtrElec",2,26,22,"",88.0938,0,0,0,0,0,0,0,0,0,0,0,0,0,0,0,0,0,0,0,0,113.025,0,-24.9313,0
"MtrElec",2,26,23,"",121.205,0,0,0,0,0,0,0,0,0,0,0,0,0,0,0,0,0,0,0,0,121.205,0,0,0
"MtrElec",2,26,24,"",68.9402,0,0,0,0,0,0,0,0,0,0,0,0,0,0,0,0,0,0,0,0,68.9402,0,0,0
"MtrElec",2,27,1,"",51.4803,0,0,0,0,0,0,0,0,0,0,0,0,0,0,0,0,0,0,0,0,51.4803,0,0,0
"MtrElec",2,27,2,"",48.8438,0,0,0,0,0,0,0,0,0,0,0,0,0,0,0,0,0,0,0,0,48.8438,0,0,0
"MtrElec",2,27,3,"",47.8194,0,0,0,0,0,0,0,0,0,0,0,0,0,0,0,0,0,0,0,0,47.8194,0,0,0
"MtrElec",2,27,4,"",49.0567,0,0,0,0,0,0,0,0,0,0,0,0,0,0,0,0,0,0,0,0,49.0567,0,0,0
"MtrElec",2,27,5,"",48.8932,0,0,0,0,0,0,0,0,0,0,0,0,0,0,0,0,0,0,0,0,48.8932,0,0,0
"MtrElec",2,27,6,"",60.5638,0,0,0,0,0,0,0,0,0,0,0,0,0,0,0,0,0,0,0,0,60.5638,0,0,0
"MtrElec",2,27,7,"",90.1858,0,0,0,0,0,0,0,0,0,0,0,0,0,0,0,0,0,0,0,0,95.3905,0,0,-5.20471
"MtrElec",2,27,8,"",49.4395,0,0,0,0,0,0,0,0,0,0,0,0,0,0,0,0,0,0,0,0,99.7222,0,0,-50.2827
"MtrElec",2,27,9,"",1.34779,0,0,0,0,0,0,0,0,0,0,0,0,0,0,0,0,0,0,0,0,108.719,0,0,-107.371
"MtrElec",2,27,10,"",0.0000039,0,0,0,0,0,0,0,0,0,0,0,0,0,0,0,0,0,0,0,0,106.775,0,45.0219,-151.797
"MtrElec",2,27,11,"",-29.9169,0,0,0,0,0,0,0,0,0,0,0,0,0,0,0,0,0,0,0,0,83.7472,0,67.8758,-181.54
"MtrElec",2,27,12,"",-26.6869,0,0,0,0,0,0,0,0,0,0,0,0,0,0,0,0,0,0,0,0,100.233,0,67.8758,-194.796
"MtrElec",2,27,13,"",-19.0437,0,0,0,0,0,0,0,0,0,0,0,0,0,0,0,0,0,0,0,0,109.427,0,67.8758,-196.346
"MtrElec",2,27,14,"",-99.9626,0,0,0,0,0,0,0,0,0,0,0,0,0,0,0,0,0,0,0,0,77.98,0,4.60138,-182.544
"MtrElec",2,27,15,"",-94.66,0,0,0,0,0,0,0,0,0,0,0,0,0,0,0,0,0,0,0,0,58.8082,0,0,-153.468
"MtrElec",2,27,16,"",-54.0336,0,0,0,0,0,0,0,0,0,0,0,0,0,0,0,0,0,0,0,0,58.7025,0,0,-112.736
"MtrElec",2,27,17,"",30.2019,0,0,0,0,0,0,0,0,0,0,0,0,0,0,0,0,0,0,0,0,88.4645,0,0,-58.2626
"MtrElec",2,27,18,"",105.933,0,0,0,0,0,0,0,0,0,0,0,0,0,0,0,0,0,0,0,0,114.457,0,0,-8.52386
"MtrElec",2,27,19,"",41.5939,0,0,0,0,0,0,0,0,0,0,0,0,0,0,0,0,0,0,0,0,109.47,0,-67.8758,0
"MtrElec",2,27,20,"",75.5989,0,0,0,0,0,0,0,0,0,0,0,0,0,0,0,0,0,0,0,0,143.475,0,-67.8758,0
"MtrElec",2,27,21,"",28.468,0,0,0,0,0,0,0,0,0,0,0,0,0,0,0,0,0,0,0,0,96.3438,0,-67.8758,0
"MtrElec",2,27,22,"",67.9748,0,0,0,0,0,0,0,0,0,0,0,0,0,0,0,0,0,0,0,0,92.9061,0,-24.9313,0
"MtrElec",2,27,23,"",129.226,0,0,0,0,0,0,0,0,0,0,0,0,0,0,0,0,0,0,0,0,129.226,0,0,0
"MtrElec",2,27,24,"",89.8478,0,0,0,0,0,0,0,0,0,0,0,0,0,0,0,0,0,0,0,0,89.8478,0,0,0
"MtrElec",2,28,1,"",59.2672,0,0,0,0,0,0,0,0,0,0,0,0,0,0,0,0,0,0,0,0,59.2672,0,0,0
"MtrElec",2,28,2,"",49.2068,0,0,0,0,0,0,0,0,0,0,0,0,0,0,0,0,0,0,0,0,49.2068,0,0,0
"MtrElec",2,28,3,"",50.775,0,0,0,0,0,0,0,0,0,0,0,0,0,0,0,0,0,0,0,0,50.775,0,0,0
"MtrElec",2,28,4,"",51.5158,0,0,0,0,0,0,0,0,0,0,0,0,0,0,0,0,0,0,0,0,51.5158,0,0,0
"MtrElec",2,28,5,"",56.3348,0,0,0,0,0,0,0,0,0,0,0,0,0,0,0,0,0,0,0,0,56.3348,0,0,0
"MtrElec",2,28,6,"",51.8215,0,0,0,0,0,0,0,0,0,0,0,0,0,0,0,0,0,0,0,0,51.8215,0,0,0
"MtrElec",2,28,7,"",101.128,0,0,0,0,0,0,0,0,0,0,0,0,0,0,0,0,0,0,0,0,107.843,0,0,-6.71541
"MtrElec",2,28,8,"",61.3517,0,0,0,0,0,0,0,0,0,0,0,0,0,0,0,0,0,0,0,0,112.079,0,0,-50.7269
"MtrElec",2,28,9,"",0.0000020,0,0,0,0,0,0,0,0,0,0,0,0,0,0,0,0,0,0,0,0,89.6901,0,17.833,-107.523
"MtrElec",2,28,10,"",0,0,0,0,0,0,0,0,0,0,0,0,0,0,0,0,0,0,0,0,0,110.241,0,41.9406,-152.182
"MtrElec",2,28,11,"",0.0000039,0,0,0,0,0,0,0,0,0,0,0,0,0,0,0,0,0,0,0,0,127.378,0,53.2805,-180.659
"MtrElec",2,28,12,"",0,0,0,0,0,0,0,0,0,0,0,0,0,0,0,0,0,0,0,0,0,158.801,0,37.2047,-196.005
"MtrElec",2,28,13,"",-6.81483,0,0,0,0,0,0,0,0,0,0,0,0,0,0,0,0,0,0,0,0,122.702,0,67.8758,-197.393
"MtrElec",2,28,14,"",-69.4567,0,0,0,0,0,0,0,0,0,0,0,0,0,0,0,0,0,0,0,0,79.0146,0,35.116,-183.587
"MtrElec",2,28,15,"",-52.8317,0,0,0,0,0,0,0,0,0,0,0,0,0,0,0,0,0,0,0,0,101.83,0,0,-154.662
"MtrElec",2,28,16,"",-30.5424,0,0,0,0,0,0,0,0,0,0,0,0,0,0,0,0,0,0,0,0,81.5727,0,0,-112.115
"MtrElec",2,28,17,"",43.5705,0,0,0,0,0,0,0,0,0,0,0,0,0,0,0,0,0,0,0,0,101.181,0,0,-57.6103
"MtrElec",2,28,18,"",78.0996,0,0,0,0,0,0,0,0,0,0,0,0,0,0,0,0,0,0,0,0,86.3957,0,0,-8.29608
"MtrElec",2,28,19,"",100.002,0,0,0,0,0,0,0,0,0,0,0,0,0,0,0,0,0,0,0,0,167.877,0,-67.8758,0
"MtrElec",2,28,20,"",44.0407,0,0,0,0,0,0,0,0,0,0,0,0,0,0,0,0,0,0,0,0,111.916,0,-67.8758,0
"MtrElec",2,28,21,"",60.5858,0,0,0,0,0,0,0,0,0,0,0,0,0,0,0,0,0,0,0,0,128.462,0,-67.8758,0
"MtrElec",2,28,22,"",76.5085,0,0,0,0,0,0,0,0,0,0,0,0,0,0,0,0,0,0,0,0,101.44,0,-24.9313,0
"MtrElec",2,28,23,"",112.446,0,0,0,0,0,0,0,0,0,0,0,0,0,0,0,0,0,0,0,0,112.446,0,0,0
"MtrElec",2,28,24,"",89.0545,0,0,0,0,0,0,0,0,0,0,0,0,0,0,0,0,0,0,0,0,89.0545,0,0,0
"MtrElec",3,1,1,"",62.0429,0,0,0,0,0,0,0,0,0,0,0,0,0,0,0,0,0,0,0,0,62.0429,0,0,0
"MtrElec",3,1,2,"",46.8603,0,0,0,0,0,0,0,0,0,0,0,0,0,0,0,0,0,0,0,0,46.8603,0,0,0
"MtrElec",3,1,3,"",45.2371,0,0,0,0,0,0,0,0,0,0,0,0,0,0,0,0,0,0,0,0,45.2371,0,0,0
"MtrElec",3,1,4,"",45.2091,0,0,0,0,0,0,0,0,0,0,0,0,0,0,0,0,0,0,0,0,45.2091,0,0,0
"MtrElec",3,1,5,"",44.5465,0,0,0,0,0,0,0,0,0,0,0,0,0,0,0,0,0,0,0,0,44.5465,0,0,0
"MtrElec",3,1,6,"",47.0435,0,0,0,0,0,0,0,0,0,0,0,0,0,0,0,0,0,0,0,0,47.0435,0,0,0
"MtrElec",3,1,7,"",61.9927,0,0,0,0,0,0,0,0,0,0,0,0,0,0,0,0,0,0,0,0,62.6854,0,0,-0.692783
"MtrElec",3,1,8,"",60.6147,0,0,0,0,0,0,0,0,0,0,0,0,0,0,0,0,0,0,0,0,88.3386,0,0,-27.7239
"MtrElec",3,1,9,"",63.919,0,0,0,0,0,0,0,0,0,0,0,0,0,0,0,0,0,0,0,0,97.4091,0,0,-33.4901
"MtrElec",3,1,10,"",64.5526,0,0,0,0,0,0,0,0,0,0,0,0,0,0,0,0,0,0,0,0,113.823,0,0,-49.2703
"MtrElec",3,1,11,"",28.7131,0,0,0,0,0,0,0,0,0,0,0,0,0,0,0,0,0,0,0,0,102.33,0,0,-73.617
"MtrElec",3,1,12,"",41.4291,0,0,0,0,0,0,0,0,0,0,0,0,0,0,0,0,0,0,0,0,134.05,0,0,-92.6212
"MtrElec",3,1,13,"",99.704,0,0,0,0,0,0,0,0,0,0,0,0,0,0,0,0,0,0,0,0,150.494,0,0,-50.7902
"MtrElec",3,1,14,"",19.738,0,0,0,0,0,0,0,0,0,0,0,0,0,0,0,0,0,0,0,0,116.169,0,0,-96.4314
"MtrElec",3,1,15,"",0,0,0,0,0,0,0,0,0,0,0,0,0,0,0,0,0,0,0,0,0,92.4304,0,3.44455,-95.875
"MtrElec",3,1,16,"",3.67681,0,0,0,0,0,0,0,0,0,0,0,0,0,0,0,0,0,0,0,0,62.9066,0,0,-59.2297
"MtrElec",3,1,17,"",79.1529,0,0,0,0,0,0,0,0,0,0,0,0,0,0,0,0,0,0,0,0,103.008,0,0,-23.8552
"MtrElec",3,1,18,"",99.8672,0,0,0,0,0,0,0,0,0,0,0,0,0,0,0,0,0,0,0,0,99.8672,0,0,0
"MtrElec",3,1,19,"",165.531,0,0,0,0,0,0,0,0,0,0,0,0,0,0,0,0,0,0,0,0,168.639,0,-3.10871,0
"MtrElec",3,1,20,"",144.705,0,0,0,0,0,0,0,0,0,0,0,0,0,0,0,0,0,0,0,0,144.705,0,0,0
"MtrElec",3,1,21,"",157.801,0,0,0,0,0,0,0,0,0,0,0,0,0,0,0,0,0,0,0,0,157.801,0,0,0
"MtrElec",3,1,22,"",164.978,0,0,0,0,0,0,0,0,0,0,0,0,0,0,0,0,0,0,0,0,164.978,0,0,0
"MtrElec",3,1,23,"",64.6703,0,0,0,0,0,0,0,0,0,0,0,0,0,0,0,0,0,0,0,0,64.6703,0,0,0
"MtrElec",3,1,24,"",71.0421,0,0,0,0,0,0,0,0,0,0,0,0,0,0,0,0,0,0,0,0,71.0421,0,0,0
"MtrElec",3,2,1,"",49.7545,0,0,0,0,0,0,0,0,0,0,0,0,0,0,0,0,0,0,0,0,49.7545,0,0,0
"MtrElec",3,2,2,"",47.3455,0,0,0,0,0,0,0,0,0,0,0,0,0,0,0,0,0,0,0,0,47.3455,0,0,0
"MtrElec",3,2,3,"",70.0345,0,0,0,0,0,0,0,0,0,0,0,0,0,0,0,0,0,0,0,0,70.0345,0,0,0
"MtrElec",3,2,4,"",46.2267,0,0,0,0,0,0,0,0,0,0,0,0,0,0,0,0,0,0,0,0,46.2267,0,0,0
"MtrElec",3,2,5,"",45.8284,0,0,0,0,0,0,0,0,0,0,0,0,0,0,0,0,0,0,0,0,45.8284,0,0,0
"MtrElec",3,2,6,"",50.2035,0,0,0,0,0,0,0,0,0,0,0,0,0,0,0,0,0,0,0,0,50.2035,0,0,0
"MtrElec",3,2,7,"",90.1915,0,0,0,0,0,0,0,0,0,0,0,0,0,0,0,0,0,0,0,0,92.4714,0,0,-2.27986
"MtrElec",3,2,8,"",85.1993,0,0,0,0,0,0,0,0,0,0,0,0,0,0,0,0,0,0,0,0,111.869,0,0,-26.67
"MtrElec",3,2,9,"",77.9265,0,0,0,0,0,0,0,0,0,0,0,0,0,0,0,0,0,0,0,0,134.416,0,0,-56.4896
"MtrElec",3,2,10,"",21.9209,0,0,0,0,0,0,0,0,0,0,0,0,0,0,0,0,0,0,0,0,116.298,0,0,-94.3768
"MtrElec",3,2,11,"",11.1566,0,0,0,0,0,0,0,0,0,0,0,0,0,0,0,0,0,0,0,0,99.9273,0,0,-88.7707
"MtrElec",3,2,12,"",19.9037,0,0,0,0,0,0,0,0,0,0,0,0,0,0,0,0,0,0,0,0,91.6818,0,0,-71.7781
"MtrElec",3,2,13,"",0.0000039,0,0,0,0,0,0,0,0,0,0,0,0,0,0,0,0,0,0,0,0,62.9072,0,45.9687,-108.876
"MtrElec",3,2,14,"",0.0000010,0,0,0,0,0,0,0,0,0,0,0,0,0,0,0,0,0,0,0,0,52.6329,0,13.7356,-66.3686
"MtrElec",3,2,15,"",51.0616,0,0,0,0,0,0,0,0,0,0,0,0,0,0,0,0,0,0,0,0,79.7325,0,0,-28.6709
"MtrElec",3,2,16,"",34.2555,0,0,0,0,0,0,0,0,0,0,0,0,0,0,0,0,0,0,0,0,56.5105,0,0,-22.255
"MtrElec",3,2,17,"",56.2739,0,0,0,0,0,0,0,0,0,0,0,0,0,0,0,0,0,0,0,0,67.385,0,0,-11.1111
"MtrElec",3,2,18,"",89.8927,0,0,0,0,0,0,0,0,0,0,0,0,0,0,0,0,0,0,0,0,92.3605,0,0,-2.46777
"MtrElec",3,2,19,"",88.1656,0,0,0,0,0,0,0,0,0,0,0,0,0,0,0,0,0,0,0,0,142.049,0,-53.8832,0
"MtrElec",3,2,20,"",98.6081,0,0,0,0,0,0,0,0,0,0,0,0,0,0,0,0,0,0,0,0,98.6081,0,0,0
"MtrElec",3,2,21,"",151.362,0,0,0,0,0,0,0,0,0,0,0,0,0,0,0,0,0,0,0,0,151.362,0,0,0
"MtrElec",3,2,22,"",86.0351,0,0,0,0,0,0,0,0,0,0,0,0,0,0,0,0,0,0,0,0,86.0351,0,0,0
"MtrElec",3,2,23,"",72.0685,0,0,0,0,0,0,0,0,0,0,0,0,0,0,0,0,0,0,0,0,72.0685,0,0,0
"MtrElec",3,2,24,"",91.7477,0,0,0,0,0,0,0,0,0,0,0,0,0,0,0,0,0,0,0,0,91.7477,0,0,0
"MtrElec",3,3,1,"",55.0569,0,0,0,0,0,0,0,0,0,0,0,0,0,0,0,0,0,0,0,0,55.0569,0,0,0
"MtrElec",3,3,2,"",47.5874,0,0,0,0,0,0,0,0,0,0,0,0,0,0,0,0,0,0,0,0,47.5874,0,0,0
"MtrElec",3,3,3,"",46.5699,0,0,0,0,0,0,0,0,0,0,0,0,0,0,0,0,0,0,0,0,46.5699,0,0,0
"MtrElec",3,3,4,"",46.7436,0,0,0,0,0,0,0,0,0,0,0,0,0,0,0,0,0,0,0,0,46.7436,0,0,0
"MtrElec",3,3,5,"",46.3935,0,0,0,0,0,0,0,0,0,0,0,0,0,0,0,0,0,0,0,0,46.3935,0,0,0
"MtrElec",3,3,6,"",49.6538,0,0,0,0,0,0,0,0,0,0,0,0,0,0,0,0,0,0,0,0,49.6538,0,0,0
"MtrElec",3,3,7,"",80.8531,0,0,0,0,0,0,0,0,0,0,0,0,0,0,0,0,0,0,0,0,82.828,0,0,-1.97493
"MtrElec",3,3,8,"",75.8027,0,0,0,0,0,0,0,0,0,0,0,0,0,0,0,0,0,0,0,0,102.486,0,0,-26.6833
"MtrElec",3,3,9,"",29.1964,0,0,0,0,0,0,0,0,0,0,0,0,0,0,0,0,0,0,0,0,113.511,0,0,-84.3149
"MtrElec",3,3,10,"",0,0,0,0,0,0,0,0,0,0,0,0,0,0,0,0,0,0,0,0,0,108.532,0,16.6245,-125.157
"MtrElec",3,3,11,"",-19.6531,0,0,0,0,0,0,0,0,0,0,0,0,0,0,0,0,0,0,0,0,89.2486,0,67.8758,-176.777
"MtrElec",3,3,12,"",-20.7545,0,0,0,0,0,0,0,0,0,0,0,0,0,0,0,0,0,0,0,0,104.639,0,67.8758,-193.269
"MtrElec",3,3,13,"",-30.5273,0,0,0,0,0,0,0,0,0,0,0,0,0,0,0,0,0,0,0,0,86.9693,0,67.8758,-185.372
"MtrElec",3,3,14,"",-63.5467,0,0,0,0,0,0,0,0,0,0,0,0,0,0,0,0,0,0,0,0,52.9735,0,32.9988,-149.519
"MtrElec",3,3,15,"",-43.5025,0,0,0,0,0,0,0,0,0,0,0,0,0,0,0,0,0,0,0,0,76.6575,0,0,-120.16
"MtrElec",3,3,16,"",-29.2315,0,0,0,0,0,0,0,0,0,0,0,0,0,0,0,0,0,0,0,0,59.2071,0,0,-88.4387
"MtrElec",3,3,17,"",41.7013,0,0,0,0,0,0,0,0,0,0,0,0,0,0,0,0,0,0,0,0,76.6745,0,0,-34.9733
"MtrElec",3,3,18,"",103.83,0,0,0,0,0,0,0,0,0,0,0,0,0,0,0,0,0,0,0,0,105.566,0,0,-1.73593
"MtrElec",3,3,19,"",61.0438,0,0,0,0,0,0,0,0,0,0,0,0,0,0,0,0,0,0,0,0,128.92,0,-67.8758,0
"MtrElec",3,3,20,"",44.2396,0,0,0,0,0,0,0,0,0,0,0,0,0,0,0,0,0,0,0,0,112.115,0,-67.8758,0
"MtrElec",3,3,21,"",70.262,0,0,0,0,0,0,0,0,0,0,0,0,0,0,0,0,0,0,0,0,138.138,0,-67.8758,0
"MtrElec",3,3,22,"",87.8123,0,0,0,0,0,0,0,0,0,0,0,0,0,0,0,0,0,0,0,0,112.744,0,-24.9313,0
"MtrElec",3,3,23,"",86.2108,0,0,0,0,0,0,0,0,0,0,0,0,0,0,0,0,0,0,0,0,86.2108,0,0,0
"MtrElec",3,3,24,"",59.8076,0,0,0,0,0,0,0,0,0,0,0,0,0,0,0,0,0,0,0,0,59.8076,0,0,0
"MtrElec",3,4,1,"",62.1514,0,0,0,0,0,0,0,0,0,0,0,0,0,0,0,0,0,0,0,0,62.1514,0,0,0
"MtrElec",3,4,2,"",46.5952,0,0,0,0,0,0,0,0,0,0,0,0,0,0,0,0,0,0,0,0,46.5952,0,0,0
"MtrElec",3,4,3,"",65.0525,0,0,0,0,0,0,0,0,0,0,0,0,0,0,0,0,0,0,0,0,65.0525,0,0,0
"MtrElec",3,4,4,"",50.139,0,0,0,0,0,0,0,0,0,0,0,0,0,0,0,0,0,0,0,0,50.139,0,0,0
"MtrElec",3,4,5,"",45.0201,0,0,0,0,0,0,0,0,0,0,0,0,0,0,0,0,0,0,0,0,45.0201,0,0,0
"MtrElec",3,4,6,"",50.154,0,0,0,0,0,0,0,0,0,0,0,0,0,0,0,0,0,0,0,0,50.154,0,0,0
"MtrElec",3,4,7,"",83.8851,0,0,0,0,0,0,0,0,0,0,0,0,0,0,0,0,0,0,0,0,90.6179,0,0,-6.7328
"MtrElec",3,4,8,"",45.2495,0,0,0,0,0,0,0,0,0,0,0,0,0,0,0,0,0,0,0,0,99.2097,0,0,-53.9602
"MtrElec",3,4,9,"",54.0355,0,0,0,0,0,0,0,0,0,0,0,0,0,0,0,0,0,0,0,0,113.371,0,0,-59.3356
"MtrElec",3,4,10,"",87.978,0,0,0,0,0,0,0,0,0,0,0,0,0,0,0,0,0,0,0,0,125.044,0,0,-37.066
"MtrElec",3,4,11,"",13.2253,0,0,0,0,0,0,0,0,0,0,0,0,0,0,0,0,0,0,0,0,82.5755,0,0,-69.3502
"MtrElec",3,4,12,"",0,0,0,0,0,0,0,0,0,0,0,0,0,0,0,0,0,0,0,0,0,117.446,0,10.0637,-127.51
"MtrElec",3,4,13,"",0,0,0,0,0,0,0,0,0,0,0,0,0,0,0,0,0,0,0,0,0,96.6506,0,27.4988,-124.149
"MtrElec",3,4,14,"",-25.108,0,0,0,0,0,0,0,0,0,0,0,0,0,0,0,0,0,0,0,0,55.3992,0,67.8758,-148.383
"MtrElec",3,4,15,"",-12.0608,0,0,0,0,0,0,0,0,0,0,0,0,0,0,0,0,0,0,0,0,73.7548,0,67.8758,-153.691
"MtrElec",3,4,16,"",0.0000020,0,0,0,0,0,0,0,0,0,0,0,0,0,0,0,0,0,0,0,0,89.0347,0,22.8315,-111.866
"MtrElec",3,4,17,"",26.7069,0,0,0,0,0,0,0,0,0,0,0,0,0,0,0,0,0,0,0,0,85.0527,0,0,-58.3458
"MtrElec",3,4,18,"",78.5444,0,0,0,0,0,0,0,0,0,0,0,0,0,0,0,0,0,0,0,0,87.8312,0,0,-9.2868
"MtrElec",3,4,19,"",42.0764,0,0,0,0,0,0,0,0,0,0,0,0,0,0,0,0,0,0,0,0,109.952,0,-67.8758,0
"MtrElec",3,4,20,"",34.7031,0,0,0,0,0,0,0,0,0,0,0,0,0,0,0,0,0,0,0,0,102.579,0,-67.8758,0
"MtrElec",3,4,21,"",113.897,0,0,0,0,0,0,0,0,0,0,0,0,0,0,0,0,0,0,0,0,155.166,0,-41.2697,0
"MtrElec",3,4,22,"",91.0263,0,0,0,0,0,0,0,0,0,0,0,0,0,0,0,0,0,0,0,0,91.0263,0,0,0
"MtrElec",3,4,23,"",84.6245,0,0,0,0,0,0,0,0,0,0,0,0,0,0,0,0,0,0,0,0,84.6245,0,0,0
"MtrElec",3,4,24,"",99.4584,0,0,0,0,0,0,0,0,0,0,0,0,0,0,0,0,0,0,0,0,99.4584,0,0,0
"MtrElec",3,5,1,"",49.213,0,0,0,0,0,0,0,0,0,0,0,0,0,0,0,0,0,0,0,0,49.213,0,0,0
"MtrElec",3,5,2,"",48.3493,0,0,0,0,0,0,0,0,0,0,0,0,0,0,0,0,0,0,0,0,48.3493,0,0,0
"MtrElec",3,5,3,"",46.1021,0,0,0,0,0,0,0,0,0,0,0,0,0,0,0,0,0,0,0,0,46.1021,0,0,0
"MtrElec",3,5,4,"",45.2887,0,0,0,0,0,0,0,0,0,0,0,0,0,0,0,0,0,0,0,0,45.2887,0,0,0
"MtrElec",3,5,5,"",44.8116,0,0,0,0,0,0,0,0,0,0,0,0,0,0,0,0,0,0,0,0,44.8116,0,0,0
"MtrElec",3,5,6,"",56.8125,0,0,0,0,0,0,0,0,0,0,0,0,0,0,0,0,0,0,0,0,56.8125,0,0,0
"MtrElec",3,5,7,"",82.4168,0,0,0,0,0,0,0,0,0,0,0,0,0,0,0,0,0,0,0,0,92.6846,0,0,-10.2679
"MtrElec",3,5,8,"",52.4687,0,0,0,0,0,0,0,0,0,0,0,0,0,0,0,0,0,0,0,0,106.454,0,0,-53.9853
"MtrElec",3,5,9,"",30.6933,0,0,0,0,0,0,0,0,0,0,0,0,0,0,0,0,0,0,0,0,139.327,0,0,-108.634
"MtrElec",3,5,10,"",0,0,0,0,0,0,0,0,0,0,0,0,0,0,0,0,0,0,0,0,0,138.656,0,10.7496,-149.405
"MtrElec",3,5,11,"",-12.2844,0,0,0,0,0,0,0,0,0,0,0,0,0,0,0,0,0,0,0,0,92.1438,0,67.8758,-172.304
"MtrElec",3,5,12,"",-3.3672,0,0,0,0,0,0,0,0,0,0,0,0,0,0,0,0,0,0,0,0,112.888,0,67.8758,-184.131
"MtrElec",3,5,13,"",-24.4704,0,0,0,0,0,0,0,0,0,0,0,0,0,0,0,0,0,0,0,0,95.5897,0,67.8758,-187.936
"MtrElec",3,5,14,"",-50.9854,0,0,0,0,0,0,0,0,0,0,0,0,0,0,0,0,0,0,0,0,87.9718,0,38.8737,-177.831
"MtrElec",3,5,15,"",-77.6579,0,0,0,0,0,0,0,0,0,0,0,0,0,0,0,0,0,0,0,0,70.0727,0,0,-147.731
"MtrElec",3,5,16,"",-20.4245,0,0,0,0,0,0,0,0,0,0,0,0,0,0,0,0,0,0,0,0,86.2101,0,0,-106.635
"MtrElec",3,5,17,"",39.1812,0,0,0,0,0,0,0,0,0,0,0,0,0,0,0,0,0,0,0,0,92.7177,0,0,-53.5365
"MtrElec",3,5,18,"",119.603,0,0,0,0,0,0,0,0,0,0,0,0,0,0,0,0,0,0,0,0,123.135,0,0,-3.5319
"MtrElec",3,5,19,"",54.8408,0,0,0,0,0,0,0,0,0,0,0,0,0,0,0,0,0,0,0,0,122.717,0,-67.8758,0
"MtrElec",3,5,20,"",57.5753,0,0,0,0,0,0,0,0,0,0,0,0,0,0,0,0,0,0,0,0,125.451,0,-67.8758,0
"MtrElec",3,5,21,"",36.3293,0,0,0,0,0,0,0,0,0,0,0,0,0,0,0,0,0,0,0,0,104.205,0,-67.8758,0
"MtrElec",3,5,22,"",88.419,0,0,0,0,0,0,0,0,0,0,0,0,0,0,0,0,0,0,0,0,113.35,0,-24.9313,0
"MtrElec",3,5,23,"",100.685,0,0,0,0,0,0,0,0,0,0,0,0,0,0,0,0,0,0,0,0,100.685,0,0,0
"MtrElec",3,5,24,"",102.113,0,0,0,0,0,0,0,0,0,0,0,0,0,0,0,0,0,0,0,0,102.113,0,0,0
"MtrElec",3,6,1,"",49.4982,0,0,0,0,0,0,0,0,0,0,0,0,0,0,0,0,0,0,0,0,49.4982,0,0,0
"MtrElec",3,6,2,"",48.5626,0,0,0,0,0,0,0,0,0,0,0,0,0,0,0,0,0,0,0,0,48.5626,0,0,0
"MtrElec",3,6,3,"",49.1631,0,0,0,0,0,0,0,0,0,0,0,0,0,0,0,0,0,0,0,0,49.1631,0,0,0
"MtrElec",3,6,4,"",49.243,0,0,0,0,0,0,0,0,0,0,0,0,0,0,0,0,0,0,0,0,49.243,0,0,0
"MtrElec",3,6,5,"",49.1375,0,0,0,0,0,0,0,0,0,0,0,0,0,0,0,0,0,0,0,0,49.1375,0,0,0
"MtrElec",3,6,6,"",57.397,0,0,0,0,0,0,0,0,0,0,0,0,0,0,0,0,0,0,0,0,57.397,0,0,0
"MtrElec",3,6,7,"",85.9447,0,0,0,0,0,0,0,0,0,0,0,0,0,0,0,0,0,0,0,0,92.3728,0,0,-6.4281
"MtrElec",3,6,8,"",53.6931,0,0,0,0,0,0,0,0,0,0,0,0,0,0,0,0,0,0,0,0,102.689,0,0,-48.9956
"MtrElec",3,6,9,"",8.19705,0,0,0,0,0,0,0,0,0,0,0,0,0,0,0,0,0,0,0,0,110.611,0,0,-102.414
"MtrElec",3,6,10,"",0,0,0,0,0,0,0,0,0,0,0,0,0,0,0,0,0,0,0,0,0,121.214,0,22.0123,-143.226
"MtrElec",3,6,11,"",0.0000039,0,0,0,0,0,0,0,0,0,0,0,0,0,0,0,0,0,0,0,0,101.224,0,62.978,-164.202
"MtrElec",3,6,12,"",-33.5282,0,0,0,0,0,0,0,0,0,0,0,0,0,0,0,0,0,0,0,0,89.971,0,67.8758,-191.375
"MtrElec",3,6,13,"",-33.6376,0,0,0,0,0,0,0,0,0,0,0,0,0,0,0,0,0,0,0,0,91.6026,0,67.8758,-193.116
"MtrElec",3,6,14,"",-67.7545,0,0,0,0,0,0,0,0,0,0,0,0,0,0,0,0,0,0,0,0,80.8353,0,32.5087,-181.098
"MtrElec",3,6,15,"",-79.5505,0,0,0,0,0,0,0,0,0,0,0,0,0,0,0,0,0,0,0,0,61.7853,0,0,-141.336
"MtrElec",3,6,16,"",-27.5849,0,0,0,0,0,0,0,0,0,0,0,0,0,0,0,0,0,0,0,0,81.2751,0,0,-108.86
"MtrElec",3,6,17,"",40.8677,0,0,0,0,0,0,0,0,0,0,0,0,0,0,0,0,0,0,0,0,96.2749,0,0,-55.4072
"MtrElec",3,6,18,"",102.14,0,0,0,0,0,0,0,0,0,0,0,0,0,0,0,0,0,0,0,0,111.169,0,0,-9.02887
"MtrElec",3,6,19,"",78.9189,0,0,0,0,0,0,0,0,0,0,0,0,0,0,0,0,0,0,0,0,146.795,0,-67.8758,0
"MtrElec",3,6,20,"",27.2035,0,0,0,0,0,0,0,0,0,0,0,0,0,0,0,0,0,0,0,0,95.0793,0,-67.8758,0
"MtrElec",3,6,21,"",76.5089,0,0,0,0,0,0,0,0,0,0,0,0,0,0,0,0,0,0,0,0,144.385,0,-67.8758,0
"MtrElec",3,6,22,"",63.2121,0,0,0,0,0,0,0,0,0,0,0,0,0,0,0,0,0,0,0,0,88.1434,0,-24.9313,0
"MtrElec",3,6,23,"",121.113,0,0,0,0,0,0,0,0,0,0,0,0,0,0,0,0,0,0,0,0,121.113,0,0,0
"MtrElec",3,6,24,"",83.8762,0,0,0,0,0,0,0,0,0,0,0,0,0,0,0,0,0,0,0,0,83.8762,0,0,0
"MtrElec",3,7,1,"",55.278,0,0,0,0,0,0,0,0,0,0,0,0,0,0,0,0,0,0,0,0,55.278,0,0,0
"MtrElec",3,7,2,"",47.1872,0,0,0,0,0,0,0,0,0,0,0,0,0,0,0,0,0,0,0,0,47.1872,0,0,0
"MtrElec",3,7,3,"",45.5626,0,0,0,0,0,0,0,0,0,0,0,0,0,0,0,0,0,0,0,0,45.5626,0,0,0
"MtrElec",3,7,4,"",45.5336,0,0,0,0,0,0,0,0,0,0,0,0,0,0,0,0,0,0,0,0,45.5336,0,0,0
"MtrElec",3,7,5,"",44.9191,0,0,0,0,0,0,0,0,0,0,0,0,0,0,0,0,0,0,0,0,44.9191,0,0,0
"MtrElec",3,7,6,"",47.4325,0,0,0,0,0,0,0,0,0,0,0,0,0,0,0,0,0,0,0,0,47.4325,0,0,0
"MtrElec",3,7,7,"",68.5743,0,0,0,0,0,0,0,0,0,0,0,0,0,0,0,0,0,0,0,0,78.8648,0,0,-10.2905
"MtrElec",3,7,8,"",2.62423,0,0,0,0,0,0,0,0,0,0,0,0,0,0,0,0,0,0,0,0,57.6949,0,0,-55.0706
"MtrElec",3,7,9,"",0.0000020,0,0,0,0,0,0,0,0,0,0,0,0,0,0,0,0,0,0,0,0,83.493,0,28.1452,-111.638
"MtrElec",3,7,10,"",0,0,0,0,0,0,0,0,0,0,0,0,0,0,0,0,0,0,0,0,0,108.448,0,48.6979,-157.146
"MtrElec",3,7,11,"",-8.95578,0,0,0,0,0,0,0,0,0,0,0,0,0,0,0,0,0,0,0,0,112.899,0,67.8758,-189.731
"MtrElec",3,7,12,"",0,0,0,0,0,0,0,0,0,0,0,0,0,0,0,0,0,0,0,0,0,158.409,0,21.7584,-180.167
"MtrElec",3,7,13,"",0,0,0,0,0,0,0,0,0,0,0,0,0,0,0,0,0,0,0,0,0,95.8027,0,51.8075,-147.61
"MtrElec",3,7,14,"",0,0,0,0,0,0,0,0,0,0,0,0,0,0,0,0,0,0,0,0,0,123.595,0,13.7399,-137.334
"MtrElec",3,7,15,"",0.0000010,0,0,0,0,0,0,0,0,0,0,0,0,0,0,0,0,0,0,0,0,113.525,0,13.9361,-127.461
"MtrElec",3,7,16,"",0,0,0,0,0,0,0,0,0,0,0,0,0,0,0,0,0,0,0,0,0,103.278,0,5.54295,-108.821
"MtrElec",3,7,17,"",69.2262,0,0,0,0,0,0,0,0,0,0,0,0,0,0,0,0,0,0,0,0,110.222,0,0,-40.9955
"MtrElec",3,7,18,"",80.8268,0,0,0,0,0,0,0,0,0,0,0,0,0,0,0,0,0,0,0,0,88.6163,0,0,-7.78952
"MtrElec",3,7,19,"",69.9344,0,0,0,0,0,0,0,0,0,0,0,0,0,0,0,0,0,0,0,0,137.81,0,-67.8758,0
"MtrElec",3,7,20,"",86.5,0,0,0,0,0,0,0,0,0,0,0,0,0,0,0,0,0,0,0,0,154.376,0,-67.8758,0
"MtrElec",3,7,21,"",34.7232,0,0,0,0,0,0,0,0,0,0,0,0,0,0,0,0,0,0,0,0,102.599,0,-67.8758,0
"MtrElec",3,7,22,"",91.3787,0,0,0,0,0,0,0,0,0,0,0,0,0,0,0,0,0,0,0,0,114.734,0,-23.3549,0
"MtrElec",3,7,23,"",94.9227,0,0,0,0,0,0,0,0,0,0,0,0,0,0,0,0,0,0,0,0,94.9227,0,0,0
"MtrElec",3,7,24,"",86.8799,0,0,0,0,0,0,0,0,0,0,0,0,0,0,0,0,0,0,0,0,86.8799,0,0,0
"MtrElec",3,8,1,"",65.6195,0,0,0,0,0,0,0,0,0,0,0,0,0,0,0,0,0,0,0,0,65.6195,0,0,0
"MtrElec",3,8,2,"",48.0443,0,0,0,0,0,0,0,0,0,0,0,0,0,0,0,0,0,0,0,0,48.0443,0,0,0
"MtrElec",3,8,4,"",48.6619,0,0,0,0,0,0,0,0,0,0,0,0,0,0,0,0,0,0,0,0,48.6619,0,0,0
"MtrElec",3,8,5,"",45.7855,0,0,0,0,0,0,0,0,0,0,0,0,0,0,0,0,0,0,0,0,45.7855,0,0,0
"MtrElec",3,8,6,"",48.6813,0,0,0,0,0,0,0,0,0,0,0,0,0,0,0,0,0,0,0,0,48.6813,0,0,0
"MtrElec",3,8,7,"",54.0749,0,0,0,0,0,0,0,0,0,0,0,0,0,0,0,0,0,0,0,0,54.0749,0,0,0
"MtrElec",3,8,8,"",84.1677,0,0,0,0,0,0,0,0,0,0,0,0,0,0,0,0,0,0,0,0,96.668,0,0,-12.5003
"MtrElec",3,8,9,"",18.4775,0,0,0,0,0,0,0,0,0,0,0,0,0,0,0,0,0,0,0,0,77.7285,0,0,-59.2511
"MtrElec",3,8,10,"",0,0,0,0,0,0,0,0,0,0,0,0,0,0,0,0,0,0,0,0,0,112.365,0,3.95793,-116.322
"MtrElec",3,8,11,"",0,0,0,0,0,0,0,0,0,0,0,0,0,0,0,0,0,0,0,0,0,139.794,0,21.5058,-161.3
"MtrElec",3,8,12,"",-14.8822,0,0,0,0,0,0,0,0,0,0,0,0,0,0,0,0,0,0,0,0,109.331,0,67.8758,-192.089
"MtrElec",3,8,13,"",-46.5076,0,0,0,0,0,0,0,0,0,0,0,0,0,0,0,0,0,0,0,0,88.6529,0,67.8758,-203.036
"MtrElec",3,8,14,"",-16.9024,0,0,0,0,0,0,0,0,0,0,0,0,0,0,0,0,0,0,0,0,111.596,0,67.8758,-196.374
"MtrElec",3,8,15,"",-52.5802,0,0,0,0,0,0,0,0,0,0,0,0,0,0,0,0,0,0,0,0,106.674,0,24.1595,-183.414
"MtrElec",3,8,16,"",-37.0322,0,0,0,0,0,0,0,0,0,0,0,0,0,0,0,0,0,0,0,0,121.387,0,0,-158.419
"MtrElec",3,8,17,"",-8.96223,0,0,0,0,0,0,0,0,0,0,0,0,0,0,0,0,0,0,0,0,108.148,0,0,-117.11
"MtrElec",3,8,18,"",86.6722,0,0,0,0,0,0,0,0,0,0,0,0,0,0,0,0,0,0,0,0,148.803,0,0,-62.1308
"MtrElec",3,8,19,"",69.9333,0,0,0,0,0,0,0,0,0,0,0,0,0,0,0,0,0,0,0,0,148.723,0,-67.8758,-10.9135
"MtrElec",3,8,20,"",67.4282,0,0,0,0,0,0,0,0,0,0,0,0,0,0,0,0,0,0,0,0,135.304,0,-67.8758,0
"MtrElec",3,8,21,"",81.1413,0,0,0,0,0,0,0,0,0,0,0,0,0,0,0,0,0,0,0,0,149.017,0,-67.8758,0
"MtrElec",3,8,22,"",122.832,0,0,0,0,0,0,0,0,0,0,0,0,0,0,0,0,0,0,0,0,147.763,0,-24.9313,0
"MtrElec",3,8,23,"",75.9948,0,0,0,0,0,0,0,0,0,0,0,0,0,0,0,0,0,0,0,0,75.9948,0,0,0
"MtrElec",3,8,24,"",64.7914,0,0,0,0,0,0,0,0,0,0,0,0,0,0,0,0,0,0,0,0,64.7914,0,0,0
"MtrElec",3,9,1,"",50.8269,0,0,0,0,0,0,0,0,0,0,0,0,0,0,0,0,0,0,0,0,50.8269,0,0,0
"MtrElec",3,9,2,"",47.4455,0,0,0,0,0,0,0,0,0,0,0,0,0,0,0,0,0,0,0,0,47.4455,0,0,0
"MtrElec",3,9,3,"",76.8486,0,0,0,0,0,0,0,0,0,0,0,0,0,0,0,0,0,0,0,0,76.8486,0,0,0
"MtrElec",3,9,4,"",53.6992,0,0,0,0,0,0,0,0,0,0,0,0,0,0,0,0,0,0,0,0,53.6992,0,0,0
"MtrElec",3,9,5,"",53.6562,0,0,0,0,0,0,0,0,0,0,0,0,0,0,0,0,0,0,0,0,53.6562,0,0,0
"MtrElec",3,9,6,"",48.9649,0,0,0,0,0,0,0,0,0,0,0,0,0,0,0,0,0,0,0,0,48.9649,0,0,0
"MtrElec",3,9,7,"",87.6101,0,0,0,0,0,0,0,0,0,0,0,0,0,0,0,0,0,0,0,0,87.6101,0,0,0
"MtrElec",3,9,8,"",87.1025,0,0,0,0,0,0,0,0,0,0,0,0,0,0,0,0,0,0,0,0,99.6863,0,0,-12.5839
"MtrElec",3,9,9,"",52.1119,0,0,0,0,0,0,0,0,0,0,0,0,0,0,0,0,0,0,0,0,111.448,0,0,-59.3358
"MtrElec",3,9,10,"",0.0000010,0,0,0,0,0,0,0,0,0,0,0,0,0,0,0,0,0,0,0,0,100.725,0,13.6593,-114.384
"MtrElec",3,9,11,"",-15.2047,0,0,0,0,0,0,0,0,0,0,0,0,0,0,0,0,0,0,0,0,72.5469,0,67.8758,-155.627
"MtrElec",3,9,12,"",-32.3761,0,0,0,0,0,0,0,0,0,0,0,0,0,0,0,0,0,0,0,0,84.4774,0,67.8758,-184.729
"MtrElec",3,9,13,"",-66.0727,0,0,0,0,0,0,0,0,0,0,0,0,0,0,0,0,0,0,0,0,66.9377,0,67.8758,-200.886
"MtrElec",3,9,14,"",-77.6749,0,0,0,0,0,0,0,0,0,0,0,0,0,0,0,0,0,0,0,0,83.809,0,35.964,-197.448
"MtrElec",3,9,15,"",-88.994,0,0,0,0,0,0,0,0,0,0,0,0,0,0,0,0,0,0,0,0,86.9437,0,0,-175.938
"MtrElec",3,9,16,"",-61.1267,0,0,0,0,0,0,0,0,0,0,0,0,0,0,0,0,0,0,0,0,88.7996,0,0,-149.926
"MtrElec",3,9,17,"",3.00211,0,0,0,0,0,0,0,0,0,0,0,0,0,0,0,0,0,0,0,0,116.512,0,0,-113.509
"MtrElec",3,9,18,"",74.6067,0,0,0,0,0,0,0,0,0,0,0,0,0,0,0,0,0,0,0,0,136.645,0,0,-62.038
"MtrElec",3,9,19,"",63.0608,0,0,0,0,0,0,0,0,0,0,0,0,0,0,0,0,0,0,0,0,141.943,0,-67.8758,-11.0064
"MtrElec",3,9,20,"",55.5963,0,0,0,0,0,0,0,0,0,0,0,0,0,0,0,0,0,0,0,0,123.472,0,-67.8758,0
"MtrElec",3,9,21,"",76.9668,0,0,0,0,0,0,0,0,0,0,0,0,0,0,0,0,0,0,0,0,144.843,0,-67.8758,0
"MtrElec",3,9,22,"",68.2508,0,0,0,0,0,0,0,0,0,0,0,0,0,0,0,0,0,0,0,0,93.1821,0,-24.9313,0
"MtrElec",3,9,23,"",112.718,0,0,0,0,0,0,0,0,0,0,0,0,0,0,0,0,0,0,0,0,112.718,0,0,0
"MtrElec",3,9,24,"",78.0947,0,0,0,0,0,0,0,0,0,0,0,0,0,0,0,0,0,0,0,0,78.0947,0,0,0
"MtrElec",3,10,1,"",58.9597,0,0,0,0,0,0,0,0,0,0,0,0,0,0,0,0,0,0,0,0,58.9597,0,0,0
"MtrElec",3,10,2,"",49.5084,0,0,0,0,0,0,0,0,0,0,0,0,0,0,0,0,0,0,0,0,49.5084,0,0,0
"MtrElec",3,10,3,"",46.7487,0,0,0,0,0,0,0,0,0,0,0,0,0,0,0,0,0,0,0,0,46.7487,0,0,0
"MtrElec",3,10,4,"",45.8162,0,0,0,0,0,0,0,0,0,0,0,0,0,0,0,0,0,0,0,0,45.8162,0,0,0
"MtrElec",3,10,5,"",45.2846,0,0,0,0,0,0,0,0,0,0,0,0,0,0,0,0,0,0,0,0,45.2846,0,0,0
"MtrElec",3,10,6,"",51.5025,0,0,0,0,0,0,0,0,0,0,0,0,0,0,0,0,0,0,0,0,51.5025,0,0,0
"MtrElec",3,10,7,"",84.215,0,0,0,0,0,0,0,0,0,0,0,0,0,0,0,0,0,0,0,0,84.215,0,0,0
"MtrElec",3,10,8,"",68.6168,0,0,0,0,0,0,0,0,0,0,0,0,0,0,0,0,0,0,0,0,81.5341,0,0,-12.9173
"MtrElec",3,10,9,"",48.7624,0,0,0,0,0,0,0,0,0,0,0,0,0,0,0,0,0,0,0,0,108.851,0,0,-60.0882
"MtrElec",3,10,10,"",8.70146,0,0,0,0,0,0,0,0,0,0,0,0,0,0,0,0,0,0,0,0,122.566,0,0,-113.865
"MtrElec",3,10,11,"",0,0,0,0,0,0,0,0,0,0,0,0,0,0,0,0,0,0,0,0,0,99.3015,0,52.3547,-151.656
"MtrElec",3,10,12,"",0,0,0,0,0,0,0,0,0,0,0,0,0,0,0,0,0,0,0,0,0,116.831,0,63.9751,-180.806
"MtrElec",3,10,13,"",-26.1145,0,0,0,0,0,0,0,0,0,0,0,0,0,0,0,0,0,0,0,0,103.941,0,67.8758,-197.931
"MtrElec",3,10,14,"",-39.029,0,0,0,0,0,0,0,0,0,0,0,0,0,0,0,0,0,0,0,0,91.3549,0,67.8758,-198.26
"MtrElec",3,10,15,"",-105.79,0,0,0,0,0,0,0,0,0,0,0,0,0,0,0,0,0,0,0,0,78.2813,0,1.16927,-185.241
"MtrElec",3,10,16,"",-51.4501,0,0,0,0,0,0,0,0,0,0,0,0,0,0,0,0,0,0,0,0,106.305,0,0,-157.755
"MtrElec",3,10,17,"",-9.71309,0,0,0,0,0,0,0,0,0,0,0,0,0,0,0,0,0,0,0,0,106.077,0,0,-115.79
"MtrElec",3,10,18,"",72.9659,0,0,0,0,0,0,0,0,0,0,0,0,0,0,0,0,0,0,0,0,133.901,0,0,-60.935
"MtrElec",3,10,19,"",34.5678,0,0,0,0,0,0,0,0,0,0,0,0,0,0,0,0,0,0,0,0,112.821,0,-67.8758,-10.3778
"MtrElec",3,10,20,"",74.2422,0,0,0,0,0,0,0,0,0,0,0,0,0,0,0,0,0,0,0,0,142.118,0,-67.8758,0
"MtrElec",3,10,21,"",78.806,0,0,0,0,0,0,0,0,0,0,0,0,0,0,0,0,0,0,0,0,146.682,0,-67.8758,0
"MtrElec",3,10,22,"",72.3427,0,0,0,0,0,0,0,0,0,0,0,0,0,0,0,0,0,0,0,0,97.274,0,-24.9313,0
"MtrElec",3,10,23,"",83.8127,0,0,0,0,0,0,0,0,0,0,0,0,0,0,0,0,0,0,0,0,83.8127,0,0,0
"MtrElec",3,10,24,"",90.9083,0,0,0,0,0,0,0,0,0,0,0,0,0,0,0,0,0,0,0,0,90.9083,0,0,0
"MtrElec",3,11,1,"",61.4833,0,0,0,0,0,0,0,0,0,0,0,0,0,0,0,0,0,0,0,0,61.4833,0,0,0
"MtrElec",3,11,2,"",48.9526,0,0,0,0,0,0,0,0,0,0,0,0,0,0,0,0,0,0,0,0,48.9526,0,0,0
"MtrElec",3,11,3,"",46.6163,0,0,0,0,0,0,0,0,0,0,0,0,0,0,0,0,0,0,0,0,46.6163,0,0,0
"MtrElec",3,11,4,"",45.7769,0,0,0,0,0,0,0,0,0,0,0,0,0,0,0,0,0,0,0,0,45.7769,0,0,0
"MtrElec",3,11,5,"",45.2535,0,0,0,0,0,0,0,0,0,0,0,0,0,0,0,0,0,0,0,0,45.2535,0,0,0
"MtrElec",3,11,6,"",51.4595,0,0,0,0,0,0,0,0,0,0,0,0,0,0,0,0,0,0,0,0,51.4595,0,0,0
"MtrElec",3,11,7,"",93.061,0,0,0,0,0,0,0,0,0,0,0,0,0,0,0,0,0,0,0,0,93.061,0,0,0
"MtrElec",3,11,8,"",102.346,0,0,0,0,0,0,0,0,0,0,0,0,0,0,0,0,0,0,0,0,106.883,0,0,-4.53662
"MtrElec",3,11,9,"",74.5682,0,0,0,0,0,0,0,0,0,0,0,0,0,0,0,0,0,0,0,0,120.536,0,0,-45.9677
"MtrElec",3,11,10,"",0,0,0,0,0,0,0,0,0,0,0,0,0,0,0,0,0,0,0,0,0,81.833,0,16.7396,-98.5726
"MtrElec",3,11,11,"",0,0,0,0,0,0,0,0,0,0,0,0,0,0,0,0,0,0,0,0,0,72.7014,0,43.5524,-116.254
"MtrElec",3,11,12,"",0.0000039,0,0,0,0,0,0,0,0,0,0,0,0,0,0,0,0,0,0,0,0,107.073,0,42.4728,-149.546
"MtrElec",3,11,13,"",-11.1401,0,0,0,0,0,0,0,0,0,0,0,0,0,0,0,0,0,0,0,0,83.3446,0,67.8758,-162.36
"MtrElec",3,11,14,"",-22.0598,0,0,0,0,0,0,0,0,0,0,0,0,0,0,0,0,0,0,0,0,57.0994,0,67.8758,-147.035
"MtrElec",3,11,15,"",-43.6001,0,0,0,0,0,0,0,0,0,0,0,0,0,0,0,0,0,0,0,0,72.5001,0,14.7342,-130.835
"MtrElec",3,11,16,"",-26.9859,0,0,0,0,0,0,0,0,0,0,0,0,0,0,0,0,0,0,0,0,81.4799,0,0,-108.466
"MtrElec",3,11,17,"",-10.3835,0,0,0,0,0,0,0,0,0,0,0,0,0,0,0,0,0,0,0,0,80.2436,0,0,-90.6271
"MtrElec",3,11,18,"",82.3266,0,0,0,0,0,0,0,0,0,0,0,0,0,0,0,0,0,0,0,0,136.565,0,0,-54.2388
"MtrElec",3,11,19,"",73.373,0,0,0,0,0,0,0,0,0,0,0,0,0,0,0,0,0,0,0,0,150.612,0,-67.8758,-9.3628
"MtrElec",3,11,20,"",48.3977,0,0,0,0,0,0,0,0,0,0,0,0,0,0,0,0,0,0,0,0,116.273,0,-67.8758,0
"MtrElec",3,11,21,"",47.5436,0,0,0,0,0,0,0,0,0,0,0,0,0,0,0,0,0,0,0,0,115.419,0,-67.8758,0
"MtrElec",3,11,22,"",63.1302,0,0,0,0,0,0,0,0,0,0,0,0,0,0,0,0,0,0,0,0,88.0615,0,-24.9313,0
"MtrElec",3,11,23,"",129.855,0,0,0,0,0,0,0,0,0,0,0,0,0,0,0,0,0,0,0,0,129.855,0,0,0
"MtrElec",3,11,24,"",78.5915,0,0,0,0,0,0,0,0,0,0,0,0,0,0,0,0,0,0,0,0,78.5915,0,0,0
"MtrElec",3,12,1,"",56.7408,0,0,0,0,0,0,0,0,0,0,0,0,0,0,0,0,0,0,0,0,56.7408,0,0,0
"MtrElec",3,12,2,"",47.9911,0,0,0,0,0,0,0,0,0,0,0,0,0,0,0,0,0,0,0,0,47.9911,0,0,0
"MtrElec",3,12,3,"",46.4215,0,0,0,0,0,0,0,0,0,0,0,0,0,0,0,0,0,0,0,0,46.4215,0,0,0
"MtrElec",3,12,4,"",46.1577,0,0,0,0,0,0,0,0,0,0,0,0,0,0,0,0,0,0,0,0,46.1577,0,0,0
"MtrElec",3,12,5,"",45.4657,0,0,0,0,0,0,0,0,0,0,0,0,0,0,0,0,0,0,0,0,45.4657,0,0,0
"MtrElec",3,12,6,"",51.9143,0,0,0,0,0,0,0,0,0,0,0,0,0,0,0,0,0,0,0,0,51.9143,0,0,0
"MtrElec",3,12,7,"",94.8169,0,0,0,0,0,0,0,0,0,0,0,0,0,0,0,0,0,0,0,0,94.8169,0,0,0
"MtrElec",3,12,8,"",61.805,0,0,0,0,0,0,0,0,0,0,0,0,0,0,0,0,0,0,0,0,75.7788,0,0,-13.9739
"MtrElec",3,12,9,"",42.6407,0,0,0,0,0,0,0,0,0,0,0,0,0,0,0,0,0,0,0,0,102.761,0,0,-60.1203
"MtrElec",3,12,10,"",0,0,0,0,0,0,0,0,0,0,0,0,0,0,0,0,0,0,0,0,0,108.761,0,7.32245,-116.083
"MtrElec",3,12,11,"",-5.33614,0,0,0,0,0,0,0,0,0,0,0,0,0,0,0,0,0,0,0,0,87.708,0,67.8758,-160.92
"MtrElec",3,12,12,"",-31.7398,0,0,0,0,0,0,0,0,0,0,0,0,0,0,0,0,0,0,0,0,92.3963,0,67.8758,-192.012
"MtrElec",3,12,13,"",-77.5926,0,0,0,0,0,0,0,0,0,0,0,0,0,0,0,0,0,0,0,0,61.8897,0,67.8758,-207.358
"MtrElec",3,12,14,"",-76.3452,0,0,0,0,0,0,0,0,0,0,0,0,0,0,0,0,0,0,0,0,87.3334,0,42.3008,-205.979
"MtrElec",3,12,15,"",-121.588,0,0,0,0,0,0,0,0,0,0,0,0,0,0,0,0,0,0,0,0,68.6413,0,0,-190.23
"MtrElec",3,12,16,"",-76.9947,0,0,0,0,0,0,0,0,0,0,0,0,0,0,0,0,0,0,0,0,82.7748,0,0,-159.769
"MtrElec",3,12,17,"",2.53815,0,0,0,0,0,0,0,0,0,0,0,0,0,0,0,0,0,0,0,0,118.642,0,0,-116.104
"MtrElec",3,12,18,"",53.7053,0,0,0,0,0,0,0,0,0,0,0,0,0,0,0,0,0,0,0,0,115.421,0,0,-61.7154
"MtrElec",3,12,19,"",54.1172,0,0,0,0,0,0,0,0,0,0,0,0,0,0,0,0,0,0,0,0,132.688,0,-67.8758,-10.6949
"MtrElec",3,12,20,"",80.3268,0,0,0,0,0,0,0,0,0,0,0,0,0,0,0,0,0,0,0,0,148.203,0,-67.8758,0
"MtrElec",3,12,21,"",56.3927,0,0,0,0,0,0,0,0,0,0,0,0,0,0,0,0,0,0,0,0,124.268,0,-67.8758,0
"MtrElec",3,12,22,"",67.4592,0,0,0,0,0,0,0,0,0,0,0,0,0,0,0,0,0,0,0,0,92.3905,0,-24.9313,0
"MtrElec",3,12,23,"",68.5826,0,0,0,0,0,0,0,0,0,0,0,0,0,0,0,0,0,0,0,0,68.5826,0,0,0
"MtrElec",3,12,24,"",96.4861,0,0,0,0,0,0,0,0,0,0,0,0,0,0,0,0,0,0,0,0,96.4861,0,0,0
"MtrElec",3,13,1,"",64.7993,0,0,0,0,0,0,0,0,0,0,0,0,0,0,0,0,0,0,0,0,64.7993,0,0,0
"MtrElec",3,13,2,"",47.1155,0,0,0,0,0,0,0,0,0,0,0,0,0,0,0,0,0,0,0,0,47.1155,0,0,0
"MtrElec",3,13,3,"",45.7844,0,0,0,0,0,0,0,0,0,0,0,0,0,0,0,0,0,0,0,0,45.7844,0,0,0
"MtrElec",3,13,4,"",45.7377,0,0,0,0,0,0,0,0,0,0,0,0,0,0,0,0,0,0,0,0,45.7377,0,0,0
"MtrElec",3,13,5,"",45.2139,0,0,0,0,0,0,0,0,0,0,0,0,0,0,0,0,0,0,0,0,45.2139,0,0,0
"MtrElec",3,13,6,"",48.9089,0,0,0,0,0,0,0,0,0,0,0,0,0,0,0,0,0,0,0,0,48.9089,0,0,0
"MtrElec",3,13,7,"",88.4369,0,0,0,0,0,0,0,0,0,0,0,0,0,0,0,0,0,0,0,0,88.4369,0,0,0
"MtrElec",3,13,8,"",72.2476,0,0,0,0,0,0,0,0,0,0,0,0,0,0,0,0,0,0,0,0,72.2476,0,0,0
"MtrElec",3,13,9,"",57.2828,0,0,0,0,0,0,0,0,0,0,0,0,0,0,0,0,0,0,0,0,98.6982,0,0,-41.4154
"MtrElec",3,13,10,"",0,0,0,0,0,0,0,0,0,0,0,0,0,0,0,0,0,0,0,0,0,66.4156,0,2.02362,-68.4392
"MtrElec",3,13,11,"",0,0,0,0,0,0,0,0,0,0,0,0,0,0,0,0,0,0,0,0,0,69.0232,0,24.9143,-93.9375
"MtrElec",3,13,12,"",-7.63916,0,0,0,0,0,0,0,0,0,0,0,0,0,0,0,0,0,0,0,0,83.8308,0,67.8758,-159.346
"MtrElec",3,13,13,"",-56.8497,0,0,0,0,0,0,0,0,0,0,0,0,0,0,0,0,0,0,0,0,68.8423,0,67.8758,-193.568
"MtrElec",3,13,14,"",-80.8344,0,0,0,0,0,0,0,0,0,0,0,0,0,0,0,0,0,0,0,0,53.8405,0,67.8758,-202.551
"MtrElec",3,13,15,"",-88.9212,0,0,0,0,0,0,0,0,0,0,0,0,0,0,0,0,0,0,0,0,75.5936,0,22.6853,-187.2
"MtrElec",3,13,16,"",-83.4068,0,0,0,0,0,0,0,0,0,0,0,0,0,0,0,0,0,0,0,0,76.4661,0,0,-159.873
"MtrElec",3,13,17,"",-35.3935,0,0,0,0,0,0,0,0,0,0,0,0,0,0,0,0,0,0,0,0,81.9623,0,0,-117.356
"MtrElec",3,13,18,"",49.3506,0,0,0,0,0,0,0,0,0,0,0,0,0,0,0,0,0,0,0,0,111.667,0,0,-62.3165
"MtrElec",3,13,19,"",22.0565,0,0,0,0,0,0,0,0,0,0,0,0,0,0,0,0,0,0,0,0,101.007,0,-67.8758,-11.0745
"MtrElec",3,13,20,"",83.5171,0,0,0,0,0,0,0,0,0,0,0,0,0,0,0,0,0,0,0,0,151.393,0,-67.8758,0
"MtrElec",3,13,21,"",71.2501,0,0,0,0,0,0,0,0,0,0,0,0,0,0,0,0,0,0,0,0,139.126,0,-67.8758,0
"MtrElec",3,13,22,"",57.4722,0,0,0,0,0,0,0,0,0,0,0,0,0,0,0,0,0,0,0,0,82.4035,0,-24.9313,0
"MtrElec",3,13,23,"",108.145,0,0,0,0,0,0,0,0,0,0,0,0,0,0,0,0,0,0,0,0,108.145,0,0,0
"MtrElec",3,13,24,"",72.2818,0,0,0,0,0,0,0,0,0,0,0,0,0,0,0,0,0,0,0,0,72.2818,0,0,0
"MtrElec",3,14,1,"",49.7698,0,0,0,0,0,0,0,0,0,0,0,0,0,0,0,0,0,0,0,0,49.7698,0,0,0
"MtrElec",3,14,2,"",47.2424,0,0,0,0,0,0,0,0,0,0,0,0,0,0,0,0,0,0,0,0,47.2424,0,0,0
"MtrElec",3,14,3,"",47.0896,0,0,0,0,0,0,0,0,0,0,0,0,0,0,0,0,0,0,0,0,47.0896,0,0,0
"MtrElec",3,14,4,"",47.4878,0,0,0,0,0,0,0,0,0,0,0,0,0,0,0,0,0,0,0,0,47.4878,0,0,0
"MtrElec",3,14,5,"",53.9077,0,0,0,0,0,0,0,0,0,0,0,0,0,0,0,0,0,0,0,0,53.9077,0,0,0
"MtrElec",3,14,6,"",48.9611,0,0,0,0,0,0,0,0,0,0,0,0,0,0,0,0,0,0,0,0,48.9611,0,0,0
"MtrElec",3,14,7,"",84.4109,0,0,0,0,0,0,0,0,0,0,0,0,0,0,0,0,0,0,0,0,84.4109,0,0,0
"MtrElec",3,14,8,"",42.439,0,0,0,0,0,0,0,0,0,0,0,0,0,0,0,0,0,0,0,0,57.5628,0,0,-15.1238
"MtrElec",3,14,9,"",34.5835,0,0,0,0,0,0,0,0,0,0,0,0,0,0,0,0,0,0,0,0,96.7127,0,0,-62.1291
"MtrElec",3,14,10,"",0,0,0,0,0,0,0,0,0,0,0,0,0,0,0,0,0,0,0,0,0,109.401,0,8.46577,-117.867
"MtrElec",3,14,11,"",0,0,0,0,0,0,0,0,0,0,0,0,0,0,0,0,0,0,0,0,0,117.469,0,44.4277,-161.897
"MtrElec",3,14,12,"",-0.347242,0,0,0,0,0,0,0,0,0,0,0,0,0,0,0,0,0,0,0,0,122.048,0,67.8758,-190.271
"MtrElec",3,14,13,"",-1.47067,0,0,0,0,0,0,0,0,0,0,0,0,0,0,0,0,0,0,0,0,134.319,0,67.8758,-203.665
"MtrElec",3,14,14,"",-43.6321,0,0,0,0,0,0,0,0,0,0,0,0,0,0,0,0,0,0,0,0,94.0884,0,64.6055,-202.326
"MtrElec",3,14,15,"",-70.0966,0,0,0,0,0,0,0,0,0,0,0,0,0,0,0,0,0,0,0,0,118.49,0,0,-188.586
"MtrElec",3,14,16,"",-78.5151,0,0,0,0,0,0,0,0,0,0,0,0,0,0,0,0,0,0,0,0,80.1832,0,0,-158.698
"MtrElec",3,14,17,"",-21.0368,0,0,0,0,0,0,0,0,0,0,0,0,0,0,0,0,0,0,0,0,94.8892,0,0,-115.926
"MtrElec",3,14,18,"",40.0266,0,0,0,0,0,0,0,0,0,0,0,0,0,0,0,0,0,0,0,0,102.014,0,0,-61.9875
"MtrElec",3,14,19,"",91.9816,0,0,0,0,0,0,0,0,0,0,0,0,0,0,0,0,0,0,0,0,171.078,0,-67.8758,-11.2202
"MtrElec",3,14,20,"",33.6357,0,0,0,0,0,0,0,0,0,0,0,0,0,0,0,0,0,0,0,0,101.511,0,-67.8758,0
"MtrElec",3,14,21,"",46.7305,0,0,0,0,0,0,0,0,0,0,0,0,0,0,0,0,0,0,0,0,114.606,0,-67.8758,0
"MtrElec",3,14,22,"",72.7446,0,0,0,0,0,0,0,0,0,0,0,0,0,0,0,0,0,0,0,0,97.6759,0,-24.9313,0
"MtrElec",3,14,23,"",95.3082,0,0,0,0,0,0,0,0,0,0,0,0,0,0,0,0,0,0,0,0,95.3082,0,0,0
"MtrElec",3,14,24,"",63.863,0,0,0,0,0,0,0,0,0,0,0,0,0,0,0,0,0,0,0,0,63.863,0,0,0
"MtrElec",3,15,1,"",49.894,0,0,0,0,0,0,0,0,0,0,0,0,0,0,0,0,0,0,0,0,49.894,0,0,0
"MtrElec",3,15,2,"",47.2848,0,0,0,0,0,0,0,0,0,0,0,0,0,0,0,0,0,0,0,0,47.2848,0,0,0
"MtrElec",3,15,3,"",47.1138,0,0,0,0,0,0,0,0,0,0,0,0,0,0,0,0,0,0,0,0,47.1138,0,0,0
"MtrElec",3,15,4,"",46.6269,0,0,0,0,0,0,0,0,0,0,0,0,0,0,0,0,0,0,0,0,46.6269,0,0,0
"MtrElec",3,15,5,"",45.0078,0,0,0,0,0,0,0,0,0,0,0,0,0,0,0,0,0,0,0,0,45.0078,0,0,0
"MtrElec",3,15,6,"",47.5154,0,0,0,0,0,0,0,0,0,0,0,0,0,0,0,0,0,0,0,0,47.5154,0,0,0
"MtrElec",3,15,7,"",52.0362,0,0,0,0,0,0,0,0,0,0,0,0,0,0,0,0,0,0,0,0,52.0362,0,0,0
"MtrElec",3,15,8,"",72.9129,0,0,0,0,0,0,0,0,0,0,0,0,0,0,0,0,0,0,0,0,88.947,0,0,-16.0341
"MtrElec",3,15,9,"",7.33542,0,0,0,0,0,0,0,0,0,0,0,0,0,0,0,0,0,0,0,0,70.0478,0,0,-62.7124
"MtrElec",3,15,10,"",0,0,0,0,0,0,0,0,0,0,0,0,0,0,0,0,0,0,0,0,0,108.807,0,8.87169,-117.678
"MtrElec",3,15,11,"",0,0,0,0,0,0,0,0,0,0,0,0,0,0,0,0,0,0,0,0,0,119.874,0,43.5206,-163.395
"MtrElec",3,15,12,"",0,0,0,0,0,0,0,0,0,0,0,0,0,0,0,0,0,0,0,0,0,137.837,0,55.2949,-193.132
"MtrElec",3,15,13,"",-12.8169,0,0,0,0,0,0,0,0,0,0,0,0,0,0,0,0,0,0,0,0,125.6,0,67.8758,-206.292
"MtrElec",3,15,14,"",-62.4418,0,0,0,0,0,0,0,0,0,0,0,0,0,0,0,0,0,0,0,0,72.7291,0,67.8758,-203.047
"MtrElec",3,15,15,"",-73.4664,0,0,0,0,0,0,0,0,0,0,0,0,0,0,0,0,0,0,0,0,106.031,0,9.81178,-189.309
"MtrElec",3,15,16,"",-73.7158,0,0,0,0,0,0,0,0,0,0,0,0,0,0,0,0,0,0,0,0,87.4098,0,0,-161.126
"MtrElec",3,15,17,"",7.65402,0,0,0,0,0,0,0,0,0,0,0,0,0,0,0,0,0,0,0,0,124.328,0,0,-116.674
"MtrElec",3,15,18,"",62.5896,0,0,0,0,0,0,0,0,0,0,0,0,0,0,0,0,0,0,0,0,124.044,0,0,-61.454
"MtrElec",3,15,19,"",72.9503,0,0,0,0,0,0,0,0,0,0,0,0,0,0,0,0,0,0,0,0,151.84,0,-67.8758,-11.0138
"MtrElec",3,15,20,"",58.3458,0,0,0,0,0,0,0,0,0,0,0,0,0,0,0,0,0,0,0,0,126.222,0,-67.8758,0
"MtrElec",3,15,21,"",66.5892,0,0,0,0,0,0,0,0,0,0,0,0,0,0,0,0,0,0,0,0,134.465,0,-67.8758,0
"MtrElec",3,15,22,"",75.1877,0,0,0,0,0,0,0,0,0,0,0,0,0,0,0,0,0,0,0,0,100.119,0,-24.9313,0
"MtrElec",3,15,23,"",101.54,0,0,0,0,0,0,0,0,0,0,0,0,0,0,0,0,0,0,0,0,101.54,0,0,0
"MtrElec",3,15,24,"",74.9408,0,0,0,0,0,0,0,0,0,0,0,0,0,0,0,0,0,0,0,0,74.9408,0,0,0
"MtrElec",3,16,1,"",66.4671,0,0,0,0,0,0,0,0,0,0,0,0,0,0,0,0,0,0,0,0,66.4671,0,0,0
"MtrElec",3,16,2,"",47.6505,0,0,0,0,0,0,0,0,0,0,0,0,0,0,0,0,0,0,0,0,47.6505,0,0,0
"MtrElec",3,16,3,"",46.0369,0,0,0,0,0,0,0,0,0,0,0,0,0,0,0,0,0,0,0,0,46.0369,0,0,0
"MtrElec",3,16,4,"",45.8517,0,0,0,0,0,0,0,0,0,0,0,0,0,0,0,0,0,0,0,0,45.8517,0,0,0
"MtrElec",3,16,5,"",45.2948,0,0,0,0,0,0,0,0,0,0,0,0,0,0,0,0,0,0,0,0,45.2948,0,0,0
"MtrElec",3,16,6,"",59.1791,0,0,0,0,0,0,0,0,0,0,0,0,0,0,0,0,0,0,0,0,59.1791,0,0,0
"MtrElec",3,16,7,"",94.9135,0,0,0,0,0,0,0,0,0,0,0,0,0,0,0,0,0,0,0,0,94.9135,0,0,0
"MtrElec",3,16,8,"",94.3789,0,0,0,0,0,0,0,0,0,0,0,0,0,0,0,0,0,0,0,0,109.371,0,0,-14.9917
"MtrElec",3,16,9,"",47.2484,0,0,0,0,0,0,0,0,0,0,0,0,0,0,0,0,0,0,0,0,108.253,0,0,-61.0041
"MtrElec",3,16,10,"",2.17362,0,0,0,0,0,0,0,0,0,0,0,0,0,0,0,0,0,0,0,0,117.44,0,0,-115.267
"MtrElec",3,16,11,"",0.0000020,0,0,0,0,0,0,0,0,0,0,0,0,0,0,0,0,0,0,0,0,130.256,0,26.1661,-156.422
"MtrElec",3,16,12,"",-21.871,0,0,0,0,0,0,0,0,0,0,0,0,0,0,0,0,0,0,0,0,92.3909,0,67.8758,-182.138
"MtrElec",3,16,13,"",-16.0154,0,0,0,0,0,0,0,0,0,0,0,0,0,0,0,0,0,0,0,0,105.082,0,67.8758,-188.973
"MtrElec",3,16,14,"",-48.0286,0,0,0,0,0,0,0,0,0,0,0,0,0,0,0,0,0,0,0,0,77.6746,0,67.8758,-193.579
"MtrElec",3,16,15,"",-47.378,0,0,0,0,0,0,0,0,0,0,0,0,0,0,0,0,0,0,0,0,112.497,0,23.4572,-183.332
"MtrElec",3,16,16,"",-65.4288,0,0,0,0,0,0,0,0,0,0,0,0,0,0,0,0,0,0,0,0,91.935,0,0,-157.364
"MtrElec",3,16,17,"",10.8552,0,0,0,0,0,0,0,0,0,0,0,0,0,0,0,0,0,0,0,0,128.214,0,0,-117.359
"MtrElec",3,16,18,"",95.1749,0,0,0,0,0,0,0,0,0,0,0,0,0,0,0,0,0,0,0,0,158.35,0,0,-63.175
"MtrElec",3,16,19,"",85.5744,0,0,0,0,0,0,0,0,0,0,0,0,0,0,0,0,0,0,0,0,165.483,0,-67.8758,-12.0332
"MtrElec",3,16,20,"",66.61,0,0,0,0,0,0,0,0,0,0,0,0,0,0,0,0,0,0,0,0,134.486,0,-67.8758,0
"MtrElec",3,16,21,"",77.7516,0,0,0,0,0,0,0,0,0,0,0,0,0,0,0,0,0,0,0,0,145.627,0,-67.8758,0
"MtrElec",3,16,22,"",90.1953,0,0,0,0,0,0,0,0,0,0,0,0,0,0,0,0,0,0,0,0,115.127,0,-24.9313,0
"MtrElec",3,16,23,"",129.492,0,0,0,0,0,0,0,0,0,0,0,0,0,0,0,0,0,0,0,0,129.492,0,0,0
"MtrElec",3,16,24,"",94.4603,0,0,0,0,0,0,0,0,0,0,0,0,0,0,0,0,0,0,0,0,94.4603,0,0,0
"MtrElec",3,17,1,"",62.9175,0,0,0,0,0,0,0,0,0,0,0,0,0,0,0,0,0,0,0,0,62.9175,0,0,0
"MtrElec",3,17,2,"",47.9822,0,0,0,0,0,0,0,0,0,0,0,0,0,0,0,0,0,0,0,0,47.9822,0,0,0
"MtrElec",3,17,3,"",46.1342,0,0,0,0,0,0,0,0,0,0,0,0,0,0,0,0,0,0,0,0,46.1342,0,0,0
"MtrElec",3,17,4,"",45.8841,0,0,0,0,0,0,0,0,0,0,0,0,0,0,0,0,0,0,0,0,45.8841,0,0,0
"MtrElec",3,17,5,"",45.3497,0,0,0,0,0,0,0,0,0,0,0,0,0,0,0,0,0,0,0,0,45.3497,0,0,0
"MtrElec",3,17,6,"",49.7951,0,0,0,0,0,0,0,0,0,0,0,0,0,0,0,0,0,0,0,0,49.7951,0,0,0
"MtrElec",3,17,7,"",97.8694,0,0,0,0,0,0,0,0,0,0,0,0,0,0,0,0,0,0,0,0,97.8694,0,0,0
"MtrElec",3,17,8,"",83.9777,0,0,0,0,0,0,0,0,0,0,0,0,0,0,0,0,0,0,0,0,100.671,0,0,-16.6937
"MtrElec",3,17,9,"",8.84361,0,0,0,0,0,0,0,0,0,0,0,0,0,0,0,0,0,0,0,0,72.8106,0,0,-63.967
"MtrElec",3,17,10,"",0.000000,0,0,0,0,0,0,0,0,0,0,0,0,0,0,0,0,0,0,0,0,116.205,0,0.457656,-116.663
"MtrElec",3,17,11,"",0,0,0,0,0,0,0,0,0,0,0,0,0,0,0,0,0,0,0,0,0,112.745,0,46.0472,-158.792
"MtrElec",3,17,12,"",-35.2615,0,0,0,0,0,0,0,0,0,0,0,0,0,0,0,0,0,0,0,0,85.2875,0,67.8758,-188.425
"MtrElec",3,17,13,"",0,0,0,0,0,0,0,0,0,0,0,0,0,0,0,0,0,0,0,0,0,137.33,0,67.0491,-204.379
"MtrElec",3,17,14,"",-76.2398,0,0,0,0,0,0,0,0,0,0,0,0,0,0,0,0,0,0,0,0,61.8423,0,67.8758,-205.958
"MtrElec",3,17,15,"",-108.758,0,0,0,0,0,0,0,0,0,0,0,0,0,0,0,0,0,0,0,0,79.698,0,3.94504,-192.401
"MtrElec",3,17,16,"",-78.8852,0,0,0,0,0,0,0,0,0,0,0,0,0,0,0,0,0,0,0,0,85.5717,0,0,-164.457
"MtrElec",3,17,17,"",-30.6332,0,0,0,0,0,0,0,0,0,0,0,0,0,0,0,0,0,0,0,0,90.8707,0,0,-121.504
"MtrElec",3,17,18,"",46.3239,0,0,0,0,0,0,0,0,0,0,0,0,0,0,0,0,0,0,0,0,112.114,0,0,-65.7901
"MtrElec",3,17,19,"",73.4022,0,0,0,0,0,0,0,0,0,0,0,0,0,0,0,0,0,0,0,0,154.084,0,-67.8758,-12.806
"MtrElec",3,17,20,"",45.1794,0,0,0,0,0,0,0,0,0,0,0,0,0,0,0,0,0,0,0,0,113.055,0,-67.8758,0
"MtrElec",3,17,21,"",79.9166,0,0,0,0,0,0,0,0,0,0,0,0,0,0,0,0,0,0,0,0,147.792,0,-67.8758,0
"MtrElec",3,17,22,"",61.5415,0,0,0,0,0,0,0,0,0,0,0,0,0,0,0,0,0,0,0,0,86.4728,0,-24.9313,0
"MtrElec",3,17,23,"",84.9016,0,0,0,0,0,0,0,0,0,0,0,0,0,0,0,0,0,0,0,0,84.9016,0,0,0
"MtrElec",3,17,24,"",80.1672,0,0,0,0,0,0,0,0,0,0,0,0,0,0,0,0,0,0,0,0,80.1672,0,0,0
"MtrElec",3,18,1,"",50.0605,0,0,0,0,0,0,0,0,0,0,0,0,0,0,0,0,0,0,0,0,50.0605,0,0,0
"MtrElec",3,18,2,"",47.1933,0,0,0,0,0,0,0,0,0,0,0,0,0,0,0,0,0,0,0,0,47.1933,0,0,0
"MtrElec",3,18,3,"",45.8523,0,0,0,0,0,0,0,0,0,0,0,0,0,0,0,0,0,0,0,0,45.8523,0,0,0
"MtrElec",3,18,4,"",45.7889,0,0,0,0,0,0,0,0,0,0,0,0,0,0,0,0,0,0,0,0,45.7889,0,0,0
"MtrElec",3,18,5,"",45.2702,0,0,0,0,0,0,0,0,0,0,0,0,0,0,0,0,0,0,0,0,45.2702,0,0,0
"MtrElec",3,18,6,"",48.9744,0,0,0,0,0,0,0,0,0,0,0,0,0,0,0,0,0,0,0,0,48.9744,0,0,0
"MtrElec",3,18,7,"",83.8346,0,0,0,0,0,0,0,0,0,0,0,0,0,0,0,0,0,0,0,0,83.8346,0,0,0
"MtrElec",3,18,8,"",58.935,0,0,0,0,0,0,0,0,0,0,0,0,0,0,0,0,0,0,0,0,68.1531,0,0,-9.21808
"MtrElec",3,18,9,"",52.9377,0,0,0,0,0,0,0,0,0,0,0,0,0,0,0,0,0,0,0,0,101.692,0,0,-48.7543
"MtrElec",3,18,10,"",26.8351,0,0,0,0,0,0,0,0,0,0,0,0,0,0,0,0,0,0,0,0,132.105,0,0,-105.27
"MtrElec",3,18,11,"",0,0,0,0,0,0,0,0,0,0,0,0,0,0,0,0,0,0,0,0,0,129.083,0,26.6482,-155.731
"MtrElec",3,18,12,"",-23.4507,0,0,0,0,0,0,0,0,0,0,0,0,0,0,0,0,0,0,0,0,102.589,0,67.8758,-193.915
"MtrElec",3,18,13,"",-68.0249,0,0,0,0,0,0,0,0,0,0,0,0,0,0,0,0,0,0,0,0,70.8456,0,67.8758,-206.746
"MtrElec",3,18,14,"",-57.1392,0,0,0,0,0,0,0,0,0,0,0,0,0,0,0,0,0,0,0,0,79.6673,0,67.8758,-204.682
"MtrElec",3,18,15,"",-99.2462,0,0,0,0,0,0,0,0,0,0,0,0,0,0,0,0,0,0,0,0,66.5937,0,22.975,-188.815
"MtrElec",3,18,16,"",-70.0045,0,0,0,0,0,0,0,0,0,0,0,0,0,0,0,0,0,0,0,0,90.2764,0,0,-160.281
"MtrElec",3,18,17,"",-23.5318,0,0,0,0,0,0,0,0,0,0,0,0,0,0,0,0,0,0,0,0,94.4794,0,0,-118.011
"MtrElec",3,18,18,"",74.9027,0,0,0,0,0,0,0,0,0,0,0,0,0,0,0,0,0,0,0,0,138.129,0,0,-63.2265
"MtrElec",3,18,19,"",56.7461,0,0,0,0,0,0,0,0,0,0,0,0,0,0,0,0,0,0,0,0,136.882,0,-67.8758,-12.2605
"MtrElec",3,18,20,"",79.4751,0,0,0,0,0,0,0,0,0,0,0,0,0,0,0,0,0,0,0,0,147.351,0,-67.8758,0
"MtrElec",3,18,21,"",63.6916,0,0,0,0,0,0,0,0,0,0,0,0,0,0,0,0,0,0,0,0,131.567,0,-67.8758,0
"MtrElec",3,18,22,"",92.5941,0,0,0,0,0,0,0,0,0,0,0,0,0,0,0,0,0,0,0,0,117.525,0,-24.9313,0
"MtrElec",3,18,23,"",115.653,0,0,0,0,0,0,0,0,0,0,0,0,0,0,0,0,0,0,0,0,115.653,0,0,0
"MtrElec",3,18,24,"",95.5696,0,0,0,0,0,0,0,0,0,0,0,0,0,0,0,0,0,0,0,0,95.5696,0,0,0
"MtrElec",3,19,1,"",50.2707,0,0,0,0,0,0,0,0,0,0,0,0,0,0,0,0,0,0,0,0,50.2707,0,0,0
"MtrElec",3,19,2,"",47.2182,0,0,0,0,0,0,0,0,0,0,0,0,0,0,0,0,0,0,0,0,47.2182,0,0,0
"MtrElec",3,19,3,"",45.8459,0,0,0,0,0,0,0,0,0,0,0,0,0,0,0,0,0,0,0,0,45.8459,0,0,0
"MtrElec",3,19,4,"",45.7896,0,0,0,0,0,0,0,0,0,0,0,0,0,0,0,0,0,0,0,0,45.7896,0,0,0
"MtrElec",3,19,5,"",45.2672,0,0,0,0,0,0,0,0,0,0,0,0,0,0,0,0,0,0,0,0,45.2672,0,0,0
"MtrElec",3,19,6,"",52.8418,0,0,0,0,0,0,0,0,0,0,0,0,0,0,0,0,0,0,0,0,52.8418,0,0,0
"MtrElec",3,19,7,"",99.0503,0,0,0,0,0,0,0,0,0,0,0,0,0,0,0,0,0,0,0,0,99.0503,0,0,0
"MtrElec",3,19,8,"",83.1991,0,0,0,0,0,0,0,0,0,0,0,0,0,0,0,0,0,0,0,0,101.365,0,0,-18.1664
"MtrElec",3,19,9,"",44.2539,0,0,0,0,0,0,0,0,0,0,0,0,0,0,0,0,0,0,0,0,112.693,0,0,-68.4395
"MtrElec",3,19,10,"",0.0000039,0,0,0,0,0,0,0,0,0,0,0,0,0,0,0,0,0,0,0,0,63.1065,0,60.5207,-123.627
"MtrElec",3,19,11,"",0,0,0,0,0,0,0,0,0,0,0,0,0,0,0,0,0,0,0,0,0,115.263,0,49.3356,-164.599
"MtrElec",3,19,12,"",-47.9501,0,0,0,0,0,0,0,0,0,0,0,0,0,0,0,0,0,0,0,0,74.8565,0,67.8758,-190.682
"MtrElec",3,19,13,"",-68.3027,0,0,0,0,0,0,0,0,0,0,0,0,0,0,0,0,0,0,0,0,68.9573,0,67.8758,-205.136
"MtrElec",3,19,14,"",-119.999,0,0,0,0,0,0,0,0,0,0,0,0,0,0,0,0,0,0,0,0,76.2637,0,7.6427,-203.905
"MtrElec",3,19,15,"",-124.6,0,0,0,0,0,0,0,0,0,0,0,0,0,0,0,0,0,0,0,0,62.8011,0,0,-187.401
"MtrElec",3,19,16,"",-74.7895,0,0,0,0,0,0,0,0,0,0,0,0,0,0,0,0,0,0,0,0,84.8749,0,0,-159.664
"MtrElec",3,19,17,"",7.19592,0,0,0,0,0,0,0,0,0,0,0,0,0,0,0,0,0,0,0,0,127.262,0,0,-120.066
"MtrElec",3,19,18,"",50.3826,0,0,0,0,0,0,0,0,0,0,0,0,0,0,0,0,0,0,0,0,115.898,0,0,-65.5155
"MtrElec",3,19,19,"",37.2422,0,0,0,0,0,0,0,0,0,0,0,0,0,0,0,0,0,0,0,0,118.042,0,-67.8758,-12.9236
"MtrElec",3,19,20,"",61.748,0,0,0,0,0,0,0,0,0,0,0,0,0,0,0,0,0,0,0,0,129.624,0,-67.8758,0
"MtrElec",3,19,21,"",78.3689,0,0,0,0,0,0,0,0,0,0,0,0,0,0,0,0,0,0,0,0,146.245,0,-67.8758,0
"MtrElec",3,19,22,"",74.7363,0,0,0,0,0,0,0,0,0,0,0,0,0,0,0,0,0,0,0,0,99.6676,0,-24.9313,0
"MtrElec",3,19,23,"",84.9469,0,0,0,0,0,0,0,0,0,0,0,0,0,0,0,0,0,0,0,0,84.9469,0,0,0
"MtrElec",3,19,24,"",96.7116,0,0,0,0,0,0,0,0,0,0,0,0,0,0,0,0,0,0,0,0,96.7116,0,0,0
"MtrElec",3,20,1,"",50.3751,0,0,0,0,0,0,0,0,0,0,0,0,0,0,0,0,0,0,0,0,50.3751,0,0,0
"MtrElec",3,20,2,"",49.0748,0,0,0,0,0,0,0,0,0,0,0,0,0,0,0,0,0,0,0,0,49.0748,0,0,0
"MtrElec",3,20,3,"",46.6382,0,0,0,0,0,0,0,0,0,0,0,0,0,0,0,0,0,0,0,0,46.6382,0,0,0
"MtrElec",3,20,4,"",45.8008,0,0,0,0,0,0,0,0,0,0,0,0,0,0,0,0,0,0,0,0,45.8008,0,0,0
"MtrElec",3,20,5,"",45.2818,0,0,0,0,0,0,0,0,0,0,0,0,0,0,0,0,0,0,0,0,45.2818,0,0,0
"MtrElec",3,20,6,"",50.4754,0,0,0,0,0,0,0,0,0,0,0,0,0,0,0,0,0,0,0,0,50.4754,0,0,0
"MtrElec",3,20,7,"",104.899,0,0,0,0,0,0,0,0,0,0,0,0,0,0,0,0,0,0,0,0,104.899,0,0,0
"MtrElec",3,20,8,"",101.694,0,0,0,0,0,0,0,0,0,0,0,0,0,0,0,0,0,0,0,0,114.033,0,0,-12.3392
"MtrElec",3,20,9,"",77.1499,0,0,0,0,0,0,0,0,0,0,0,0,0,0,0,0,0,0,0,0,126.3,0,0,-49.1501
"MtrElec",3,20,10,"",14.0247,0,0,0,0,0,0,0,0,0,0,0,0,0,0,0,0,0,0,0,0,108.396,0,0,-94.3711
"MtrElec",3,20,11,"",0.0000039,0,0,0,0,0,0,0,0,0,0,0,0,0,0,0,0,0,0,0,0,79.4718,0,53.2807,-132.752
"MtrElec",3,20,12,"",0,0,0,0,0,0,0,0,0,0,0,0,0,0,0,0,0,0,0,0,0,99.4704,0,62.7592,-162.23
"MtrElec",3,20,13,"",-31.3732,0,0,0,0,0,0,0,0,0,0,0,0,0,0,0,0,0,0,0,0,79.7728,0,67.8758,-179.022
"MtrElec",3,20,14,"",-37.9455,0,0,0,0,0,0,0,0,0,0,0,0,0,0,0,0,0,0,0,0,73.432,0,67.8758,-179.253
"MtrElec",3,20,15,"",-97.5611,0,0,0,0,0,0,0,0,0,0,0,0,0,0,0,0,0,0,0,0,68.0848,0,1.45916,-167.105
"MtrElec",3,20,16,"",-39.542,0,0,0,0,0,0,0,0,0,0,0,0,0,0,0,0,0,0,0,0,100.397,0,0,-139.939
"MtrElec",3,20,17,"",1.5533,0,0,0,0,0,0,0,0,0,0,0,0,0,0,0,0,0,0,0,0,85.0701,0,0,-83.5168
"MtrElec",3,20,18,"",55.547,0,0,0,0,0,0,0,0,0,0,0,0,0,0,0,0,0,0,0,0,93.6202,0,0,-38.0733
"MtrElec",3,20,19,"",62.9577,0,0,0,0,0,0,0,0,0,0,0,0,0,0,0,0,0,0,0,0,143.233,0,-67.8758,-12.3993
"MtrElec",3,20,20,"",45.3981,0,0,0,0,0,0,0,0,0,0,0,0,0,0,0,0,0,0,0,0,113.274,0,-67.8758,0
"MtrElec",3,20,21,"",98.0126,0,0,0,0,0,0,0,0,0,0,0,0,0,0,0,0,0,0,0,0,165.888,0,-67.8758,0
"MtrElec",3,20,22,"",85.4078,0,0,0,0,0,0,0,0,0,0,0,0,0,0,0,0,0,0,0,0,110.339,0,-24.9313,0
"MtrElec",3,20,23,"",89.8062,0,0,0,0,0,0,0,0,0,0,0,0,0,0,0,0,0,0,0,0,89.8062,0,0,0
"MtrElec",3,20,24,"",76.5865,0,0,0,0,0,0,0,0,0,0,0,0,0,0,0,0,0,0,0,0,76.5865,0,0,0
"MtrElec",3,21,1,"",49.9056,0,0,0,0,0,0,0,0,0,0,0,0,0,0,0,0,0,0,0,0,49.9056,0,0,0
"MtrElec",3,21,2,"",47.3527,0,0,0,0,0,0,0,0,0,0,0,0,0,0,0,0,0,0,0,0,47.3527,0,0,0
"MtrElec",3,21,3,"",47.1882,0,0,0,0,0,0,0,0,0,0,0,0,0,0,0,0,0,0,0,0,47.1882,0,0,0
"MtrElec",3,21,4,"",48.4667,0,0,0,0,0,0,0,0,0,0,0,0,0,0,0,0,0,0,0,0,48.4667,0,0,0
"MtrElec",3,21,5,"",60.0049,0,0,0,0,0,0,0,0,0,0,0,0,0,0,0,0,0,0,0,0,60.0049,0,0,0
"MtrElec",3,21,6,"",47.613,0,0,0,0,0,0,0,0,0,0,0,0,0,0,0,0,0,0,0,0,47.613,0,0,0
"MtrElec",3,21,7,"",53.298,0,0,0,0,0,0,0,0,0,0,0,0,0,0,0,0,0,0,0,0,53.298,0,0,0
"MtrElec",3,21,8,"",89.0226,0,0,0,0,0,0,0,0,0,0,0,0,0,0,0,0,0,0,0,0,98.068,0,0,-9.04533
"MtrElec",3,21,9,"",73.8255,0,0,0,0,0,0,0,0,0,0,0,0,0,0,0,0,0,0,0,0,80.0891,0,0,-6.26352
"MtrElec",3,21,10,"",87.7436,0,0,0,0,0,0,0,0,0,0,0,0,0,0,0,0,0,0,0,0,107.549,0,0,-19.8053
"MtrElec",3,21,11,"",76.3016,0,0,0,0,0,0,0,0,0,0,0,0,0,0,0,0,0,0,0,0,143.264,0,0,-66.9629
"MtrElec",3,21,12,"",-18.2942,0,0,0,0,0,0,0,0,0,0,0,0,0,0,0,0,0,0,0,0,81.9115,0,67.8758,-168.081
"MtrElec",3,21,13,"",-15.6575,0,0,0,0,0,0,0,0,0,0,0,0,0,0,0,0,0,0,0,0,110.481,0,67.8758,-194.014
"MtrElec",3,21,14,"",-59.8848,0,0,0,0,0,0,0,0,0,0,0,0,0,0,0,0,0,0,0,0,68.7144,0,67.8758,-196.475
"MtrElec",3,21,15,"",-72.1676,0,0,0,0,0,0,0,0,0,0,0,0,0,0,0,0,0,0,0,0,63.475,0,49.6232,-185.266
"MtrElec",3,21,16,"",-71.8994,0,0,0,0,0,0,0,0,0,0,0,0,0,0,0,0,0,0,0,0,85.6577,0,0,-157.557
"MtrElec",3,21,17,"",-44.7282,0,0,0,0,0,0,0,0,0,0,0,0,0,0,0,0,0,0,0,0,70.7835,0,0,-115.512
"MtrElec",3,21,18,"",43.9275,0,0,0,0,0,0,0,0,0,0,0,0,0,0,0,0,0,0,0,0,105.993,0,0,-62.0652
"MtrElec",3,21,19,"",79.9384,0,0,0,0,0,0,0,0,0,0,0,0,0,0,0,0,0,0,0,0,160.042,0,-67.8758,-12.2282
"MtrElec",3,21,20,"",31.2186,0,0,0,0,0,0,0,0,0,0,0,0,0,0,0,0,0,0,0,0,99.0943,0,-67.8758,0
"MtrElec",3,21,21,"",43.6517,0,0,0,0,0,0,0,0,0,0,0,0,0,0,0,0,0,0,0,0,111.527,0,-67.8758,0
"MtrElec",3,21,22,"",63.9788,0,0,0,0,0,0,0,0,0,0,0,0,0,0,0,0,0,0,0,0,88.9101,0,-24.9313,0
"MtrElec",3,21,23,"",69.0665,0,0,0,0,0,0,0,0,0,0,0,0,0,0,0,0,0,0,0,0,69.0665,0,0,0
"MtrElec",3,21,24,"",79.6632,0,0,0,0,0,0,0,0,0,0,0,0,0,0,0,0,0,0,0,0,79.6632,0,0,0
"MtrElec",3,22,1,"",49.7292,0,0,0,0,0,0,0,0,0,0,0,0,0,0,0,0,0,0,0,0,49.7292,0,0,0
"MtrElec",3,22,2,"",47.2165,0,0,0,0,0,0,0,0,0,0,0,0,0,0,0,0,0,0,0,0,47.2165,0,0,0
"MtrElec",3,22,3,"",45.6002,0,0,0,0,0,0,0,0,0,0,0,0,0,0,0,0,0,0,0,0,45.6002,0,0,0
"MtrElec",3,22,4,"",63.0922,0,0,0,0,0,0,0,0,0,0,0,0,0,0,0,0,0,0,0,0,63.0922,0,0,0
"MtrElec",3,22,5,"",58.6663,0,0,0,0,0,0,0,0,0,0,0,0,0,0,0,0,0,0,0,0,58.6663,0,0,0
"MtrElec",3,22,6,"",47.4775,0,0,0,0,0,0,0,0,0,0,0,0,0,0,0,0,0,0,0,0,47.4775,0,0,0
"MtrElec",3,22,7,"",52.3767,0,0,0,0,0,0,0,0,0,0,0,0,0,0,0,0,0,0,0,0,52.3767,0,0,0
"MtrElec",3,22,8,"",63.6858,0,0,0,0,0,0,0,0,0,0,0,0,0,0,0,0,0,0,0,0,84.1809,0,0,-20.4951
"MtrElec",3,22,9,"",34.3907,0,0,0,0,0,0,0,0,0,0,0,0,0,0,0,0,0,0,0,0,99.0142,0,0,-64.6234
"MtrElec",3,22,10,"",31.9961,0,0,0,0,0,0,0,0,0,0,0,0,0,0,0,0,0,0,0,0,120.544,0,0,-88.548
"MtrElec",3,22,11,"",22.3947,0,0,0,0,0,0,0,0,0,0,0,0,0,0,0,0,0,0,0,0,128.22,0,0,-105.825
"MtrElec",3,22,12,"",56.4853,0,0,0,0,0,0,0,0,0,0,0,0,0,0,0,0,0,0,0,0,137.807,0,0,-81.3222
"MtrElec",3,22,13,"",8.26196,0,0,0,0,0,0,0,0,0,0,0,0,0,0,0,0,0,0,0,0,127.34,0,0,-119.078
"MtrElec",3,22,14,"",-21.9161,0,0,0,0,0,0,0,0,0,0,0,0,0,0,0,0,0,0,0,0,94.6555,0,67.8758,-184.447
"MtrElec",3,22,15,"",0.0000039,0,0,0,0,0,0,0,0,0,0,0,0,0,0,0,0,0,0,0,0,120.432,0,63.8974,-184.33
"MtrElec",3,22,16,"",-18.016,0,0,0,0,0,0,0,0,0,0,0,0,0,0,0,0,0,0,0,0,71.9757,0,67.8758,-157.867
"MtrElec",3,22,17,"",0.0000010,0,0,0,0,0,0,0,0,0,0,0,0,0,0,0,0,0,0,0,0,104.895,0,10.7273,-115.622
"MtrElec",3,22,18,"",32.4085,0,0,0,0,0,0,0,0,0,0,0,0,0,0,0,0,0,0,0,0,94.3627,0,0,-61.9542
"MtrElec",3,22,19,"",62.5991,0,0,0,0,0,0,0,0,0,0,0,0,0,0,0,0,0,0,0,0,142.988,0,-67.8758,-12.5132
"MtrElec",3,22,20,"",37.6685,0,0,0,0,0,0,0,0,0,0,0,0,0,0,0,0,0,0,0,0,105.544,0,-67.8758,0
"MtrElec",3,22,21,"",56.614,0,0,0,0,0,0,0,0,0,0,0,0,0,0,0,0,0,0,0,0,110.727,0,-54.113,0
"MtrElec",3,22,22,"",133.351,0,0,0,0,0,0,0,0,0,0,0,0,0,0,0,0,0,0,0,0,133.351,0,0,0
"MtrElec",3,22,23,"",67.1738,0,0,0,0,0,0,0,0,0,0,0,0,0,0,0,0,0,0,0,0,67.1738,0,0,0
"MtrElec",3,22,24,"",71.0326,0,0,0,0,0,0,0,0,0,0,0,0,0,0,0,0,0,0,0,0,71.0326,0,0,0
"MtrElec",3,23,1,"",49.4832,0,0,0,0,0,0,0,0,0,0,0,0,0,0,0,0,0,0,0,0,49.4832,0,0,0
"MtrElec",3,23,2,"",46.9057,0,0,0,0,0,0,0,0,0,0,0,0,0,0,0,0,0,0,0,0,46.9057,0,0,0
"MtrElec",3,23,3,"",48.4497,0,0,0,0,0,0,0,0,0,0,0,0,0,0,0,0,0,0,0,0,48.4497,0,0,0
"MtrElec",3,23,4,"",49.3075,0,0,0,0,0,0,0,0,0,0,0,0,0,0,0,0,0,0,0,0,49.3075,0,0,0
"MtrElec",3,23,5,"",71.8068,0,0,0,0,0,0,0,0,0,0,0,0,0,0,0,0,0,0,0,0,71.8068,0,0,0
"MtrElec",3,23,6,"",48.7404,0,0,0,0,0,0,0,0,0,0,0,0,0,0,0,0,0,0,0,0,48.7404,0,0,0
"MtrElec",3,23,7,"",69.0498,0,0,0,0,0,0,0,0,0,0,0,0,0,0,0,0,0,0,0,0,69.0498,0,0,0
"MtrElec",3,23,8,"",101.882,0,0,0,0,0,0,0,0,0,0,0,0,0,0,0,0,0,0,0,0,110.445,0,0,-8.56252
"MtrElec",3,23,9,"",96.6386,0,0,0,0,0,0,0,0,0,0,0,0,0,0,0,0,0,0,0,0,124.898,0,0,-28.2597
"MtrElec",3,23,10,"",40.5226,0,0,0,0,0,0,0,0,0,0,0,0,0,0,0,0,0,0,0,0,112.048,0,0,-71.5253
"MtrElec",3,23,11,"",0,0,0,0,0,0,0,0,0,0,0,0,0,0,0,0,0,0,0,0,0,87.3511,0,32.9524,-120.304
"MtrElec",3,23,12,"",0,0,0,0,0,0,0,0,0,0,0,0,0,0,0,0,0,0,0,0,0,100.816,0,48.9337,-149.75
"MtrElec",3,23,13,"",0,0,0,0,0,0,0,0,0,0,0,0,0,0,0,0,0,0,0,0,0,137.733,0,28.8047,-166.538
"MtrElec",3,23,14,"",-39.1686,0,0,0,0,0,0,0,0,0,0,0,0,0,0,0,0,0,0,0,0,61.0991,0,67.8758,-168.143
"MtrElec",3,23,15,"",-26.1147,0,0,0,0,0,0,0,0,0,0,0,0,0,0,0,0,0,0,0,0,54.7993,0,67.8758,-148.79
"MtrElec",3,23,16,"",-24.6731,0,0,0,0,0,0,0,0,0,0,0,0,0,0,0,0,0,0,0,0,85.0363,0,6.80821,-116.518
"MtrElec",3,23,17,"",-28.331,0,0,0,0,0,0,0,0,0,0,0,0,0,0,0,0,0,0,0,0,72.2091,0,0,-100.54
"MtrElec",3,23,18,"",30.1933,0,0,0,0,0,0,0,0,0,0,0,0,0,0,0,0,0,0,0,0,81.9913,0,0,-51.798
"MtrElec",3,23,19,"",41.7392,0,0,0,0,0,0,0,0,0,0,0,0,0,0,0,0,0,0,0,0,119.091,0,-67.8758,-9.47551
"MtrElec",3,23,20,"",46.0406,0,0,0,0,0,0,0,0,0,0,0,0,0,0,0,0,0,0,0,0,113.916,0,-67.8758,0
"MtrElec",3,23,21,"",69.1585,0,0,0,0,0,0,0,0,0,0,0,0,0,0,0,0,0,0,0,0,137.034,0,-67.8758,0
"MtrElec",3,23,22,"",54.7759,0,0,0,0,0,0,0,0,0,0,0,0,0,0,0,0,0,0,0,0,79.7072,0,-24.9313,0
"MtrElec",3,23,23,"",105.656,0,0,0,0,0,0,0,0,0,0,0,0,0,0,0,0,0,0,0,0,105.656,0,0,0
"MtrElec",3,23,24,"",72.5882,0,0,0,0,0,0,0,0,0,0,0,0,0,0,0,0,0,0,0,0,72.5882,0,0,0
"MtrElec",3,24,1,"",56.9039,0,0,0,0,0,0,0,0,0,0,0,0,0,0,0,0,0,0,0,0,56.9039,0,0,0
"MtrElec",3,24,2,"",50.2666,0,0,0,0,0,0,0,0,0,0,0,0,0,0,0,0,0,0,0,0,50.2666,0,0,0
"MtrElec",3,24,3,"",47.1135,0,0,0,0,0,0,0,0,0,0,0,0,0,0,0,0,0,0,0,0,47.1135,0,0,0
"MtrElec",3,24,4,"",45.5241,0,0,0,0,0,0,0,0,0,0,0,0,0,0,0,0,0,0,0,0,45.5241,0,0,0
"MtrElec",3,24,5,"",66.1037,0,0,0,0,0,0,0,0,0,0,0,0,0,0,0,0,0,0,0,0,66.1037,0,0,0
"MtrElec",3,24,6,"",48.6418,0,0,0,0,0,0,0,0,0,0,0,0,0,0,0,0,0,0,0,0,48.6418,0,0,0
"MtrElec",3,24,7,"",65.9727,0,0,0,0,0,0,0,0,0,0,0,0,0,0,0,0,0,0,0,0,65.9727,0,0,0
"MtrElec",3,24,8,"",94.9973,0,0,0,0,0,0,0,0,0,0,0,0,0,0,0,0,0,0,0,0,96.4032,0,0,-1.40592
"MtrElec",3,24,9,"",89.2945,0,0,0,0,0,0,0,0,0,0,0,0,0,0,0,0,0,0,0,0,111.248,0,0,-21.9535
"MtrElec",3,24,10,"",26.3385,0,0,0,0,0,0,0,0,0,0,0,0,0,0,0,0,0,0,0,0,88.7173,0,0,-62.3789
"MtrElec",3,24,11,"",0,0,0,0,0,0,0,0,0,0,0,0,0,0,0,0,0,0,0,0,0,97.3357,0,23.1975,-120.533
"MtrElec",3,24,12,"",-13.2673,0,0,0,0,0,0,0,0,0,0,0,0,0,0,0,0,0,0,0,0,78.0418,0,67.8758,-159.185
"MtrElec",3,24,13,"",-3.57158,0,0,0,0,0,0,0,0,0,0,0,0,0,0,0,0,0,0,0,0,118.638,0,67.8758,-190.085
"MtrElec",3,24,14,"",-21.8774,0,0,0,0,0,0,0,0,0,0,0,0,0,0,0,0,0,0,0,0,86.3985,0,67.8758,-176.152
"MtrElec",3,24,15,"",-74.5506,0,0,0,0,0,0,0,0,0,0,0,0,0,0,0,0,0,0,0,0,59.1778,0,26.4258,-160.154
"MtrElec",3,24,16,"",-62.3214,0,0,0,0,0,0,0,0,0,0,0,0,0,0,0,0,0,0,0,0,65.8488,0,0,-128.17
"MtrElec",3,24,17,"",5.3636,0,0,0,0,0,0,0,0,0,0,0,0,0,0,0,0,0,0,0,0,85.5297,0,0,-80.1661
"MtrElec",3,24,18,"",83.2117,0,0,0,0,0,0,0,0,0,0,0,0,0,0,0,0,0,0,0,0,116.275,0,0,-33.0638
"MtrElec",3,24,19,"",49.978,0,0,0,0,0,0,0,0,0,0,0,0,0,0,0,0,0,0,0,0,122.884,0,-67.8758,-5.03033
"MtrElec",3,24,20,"",58.6204,0,0,0,0,0,0,0,0,0,0,0,0,0,0,0,0,0,0,0,0,126.496,0,-67.8758,0
"MtrElec",3,24,21,"",62.9218,0,0,0,0,0,0,0,0,0,0,0,0,0,0,0,0,0,0,0,0,130.798,0,-67.8758,0
"MtrElec",3,24,22,"",92.4064,0,0,0,0,0,0,0,0,0,0,0,0,0,0,0,0,0,0,0,0,117.338,0,-24.9313,0
"MtrElec",3,24,23,"",71.4055,0,0,0,0,0,0,0,0,0,0,0,0,0,0,0,0,0,0,0,0,71.4055,0,0,0
"MtrElec",3,24,24,"",59.432,0,0,0,0,0,0,0,0,0,0,0,0,0,0,0,0,0,0,0,0,59.432,0,0,0
"MtrElec",3,25,1,"",78.0575,0,0,0,0,0,0,0,0,0,0,0,0,0,0,0,0,0,0,0,0,78.0575,0,0,0
"MtrElec",3,25,2,"",48.5251,0,0,0,0,0,0,0,0,0,0,0,0,0,0,0,0,0,0,0,0,48.5251,0,0,0
"MtrElec",3,25,3,"",47.1766,0,0,0,0,0,0,0,0,0,0,0,0,0,0,0,0,0,0,0,0,47.1766,0,0,0
"MtrElec",3,25,4,"",52.9397,0,0,0,0,0,0,0,0,0,0,0,0,0,0,0,0,0,0,0,0,52.9397,0,0,0
"MtrElec",3,25,5,"",44.9461,0,0,0,0,0,0,0,0,0,0,0,0,0,0,0,0,0,0,0,0,44.9461,0,0,0
"MtrElec",3,25,6,"",48.5994,0,0,0,0,0,0,0,0,0,0,0,0,0,0,0,0,0,0,0,0,48.5994,0,0,0
"MtrElec",3,25,7,"",81.2748,0,0,0,0,0,0,0,0,0,0,0,0,0,0,0,0,0,0,0,0,81.2748,0,0,0
"MtrElec",3,25,8,"",88.1656,0,0,0,0,0,0,0,0,0,0,0,0,0,0,0,0,0,0,0,0,99.2069,0,0,-11.0413
"MtrElec",3,25,9,"",102.601,0,0,0,0,0,0,0,0,0,0,0,0,0,0,0,0,0,0,0,0,111.789,0,0,-9.18835
"MtrElec",3,25,10,"",41.7366,0,0,0,0,0,0,0,0,0,0,0,0,0,0,0,0,0,0,0,0,79.4189,0,0,-37.6823
"MtrElec",3,25,11,"",39.9757,0,0,0,0,0,0,0,0,0,0,0,0,0,0,0,0,0,0,0,0,97.0075,0,0,-57.0318
"MtrElec",3,25,12,"",42.4721,0,0,0,0,0,0,0,0,0,0,0,0,0,0,0,0,0,0,0,0,97.0365,0,0,-54.5643
"MtrElec",3,25,13,"",4.84562,0,0,0,0,0,0,0,0,0,0,0,0,0,0,0,0,0,0,0,0,98.0049,0,0,-93.1592
"MtrElec",3,25,14,"",0,0,0,0,0,0,0,0,0,0,0,0,0,0,0,0,0,0,0,0,0,75.9437,0,50.3107,-126.254
"MtrElec",3,25,15,"",0.0000039,0,0,0,0,0,0,0,0,0,0,0,0,0,0,0,0,0,0,0,0,56.8705,0,52.2462,-109.117
"MtrElec",3,25,16,"",0,0,0,0,0,0,0,0,0,0,0,0,0,0,0,0,0,0,0,0,0,86.5899,0,43.1733,-129.763
"MtrElec",3,25,17,"",33.0708,0,0,0,0,0,0,0,0,0,0,0,0,0,0,0,0,0,0,0,0,108.712,0,0,-75.641
"MtrElec",3,25,18,"",40.5359,0,0,0,0,0,0,0,0,0,0,0,0,0,0,0,0,0,0,0,0,97.3214,0,0,-56.7855
"MtrElec",3,25,19,"",52.9564,0,0,0,0,0,0,0,0,0,0,0,0,0,0,0,0,0,0,0,0,127.034,0,-67.8758,-6.20143
"MtrElec",3,25,20,"",35.9114,0,0,0,0,0,0,0,0,0,0,0,0,0,0,0,0,0,0,0,0,99.557,0,-63.6457,0
"MtrElec",3,25,21,"",114.225,0,0,0,0,0,0,0,0,0,0,0,0,0,0,0,0,0,0,0,0,114.225,0,0,0
"MtrElec",3,25,22,"",90.9905,0,0,0,0,0,0,0,0,0,0,0,0,0,0,0,0,0,0,0,0,90.9905,0,0,0
"MtrElec",3,25,23,"",91.0482,0,0,0,0,0,0,0,0,0,0,0,0,0,0,0,0,0,0,0,0,91.0482,0,0,0
"MtrElec",3,25,24,"",94.9291,0,0,0,0,0,0,0,0,0,0,0,0,0,0,0,0,0,0,0,0,94.9291,0,0,0
"MtrElec",3,26,1,"",62.2873,0,0,0,0,0,0,0,0,0,0,0,0,0,0,0,0,0,0,0,0,62.2873,0,0,0
"MtrElec",3,26,2,"",46.7347,0,0,0,0,0,0,0,0,0,0,0,0,0,0,0,0,0,0,0,0,46.7347,0,0,0
"MtrElec",3,26,3,"",46.3003,0,0,0,0,0,0,0,0,0,0,0,0,0,0,0,0,0,0,0,0,46.3003,0,0,0
"MtrElec",3,26,4,"",52.8418,0,0,0,0,0,0,0,0,0,0,0,0,0,0,0,0,0,0,0,0,52.8418,0,0,0
"MtrElec",3,26,5,"",44.8372,0,0,0,0,0,0,0,0,0,0,0,0,0,0,0,0,0,0,0,0,44.8372,0,0,0
"MtrElec",3,26,6,"",48.465,0,0,0,0,0,0,0,0,0,0,0,0,0,0,0,0,0,0,0,0,48.465,0,0,0
"MtrElec",3,26,7,"",91.8067,0,0,0,0,0,0,0,0,0,0,0,0,0,0,0,0,0,0,0,0,91.8067,0,0,0
"MtrElec",3,26,8,"",92.1565,0,0,0,0,0,0,0,0,0,0,0,0,0,0,0,0,0,0,0,0,109.853,0,0,-17.6967
"MtrElec",3,26,9,"",77.3466,0,0,0,0,0,0,0,0,0,0,0,0,0,0,0,0,0,0,0,0,119.14,0,0,-41.7934
"MtrElec",3,26,10,"",40.2261,0,0,0,0,0,0,0,0,0,0,0,0,0,0,0,0,0,0,0,0,131.413,0,0,-91.1873
"MtrElec",3,26,11,"",40.8738,0,0,0,0,0,0,0,0,0,0,0,0,0,0,0,0,0,0,0,0,102.124,0,0,-61.2502
"MtrElec",3,26,12,"",0,0,0,0,0,0,0,0,0,0,0,0,0,0,0,0,0,0,0,0,0,91.5037,0,9.89916,-101.403
"MtrElec",3,26,13,"",69.2304,0,0,0,0,0,0,0,0,0,0,0,0,0,0,0,0,0,0,0,0,120.04,0,0,-50.8098
"MtrElec",3,26,14,"",0,0,0,0,0,0,0,0,0,0,0,0,0,0,0,0,0,0,0,0,0,80.9943,0,48.8699,-129.864
"MtrElec",3,26,15,"",-54.0115,0,0,0,0,0,0,0,0,0,0,0,0,0,0,0,0,0,0,0,0,60.4423,0,67.8758,-182.33
"MtrElec",3,26,16,"",-20.3536,0,0,0,0,0,0,0,0,0,0,0,0,0,0,0,0,0,0,0,0,74.5883,0,67.8758,-162.818
"MtrElec",3,26,17,"",0.0000010,0,0,0,0,0,0,0,0,0,0,0,0,0,0,0,0,0,0,0,0,98.4344,0,14.6627,-113.097
"MtrElec",3,26,18,"",52.0999,0,0,0,0,0,0,0,0,0,0,0,0,0,0,0,0,0,0,0,0,85.99,0,0,-33.8902
"MtrElec",3,26,19,"",50.4889,0,0,0,0,0,0,0,0,0,0,0,0,0,0,0,0,0,0,0,0,127.258,0,-67.8758,-8.89352
"MtrElec",3,26,20,"",33.7091,0,0,0,0,0,0,0,0,0,0,0,0,0,0,0,0,0,0,0,0,101.585,0,-67.8758,0
"MtrElec",3,26,21,"",91.9789,0,0,0,0,0,0,0,0,0,0,0,0,0,0,0,0,0,0,0,0,145.015,0,-53.0364,0
"MtrElec",3,26,22,"",103.417,0,0,0,0,0,0,0,0,0,0,0,0,0,0,0,0,0,0,0,0,103.417,0,0,0
"MtrElec",3,26,23,"",93.1524,0,0,0,0,0,0,0,0,0,0,0,0,0,0,0,0,0,0,0,0,93.1524,0,0,0
"MtrElec",3,26,24,"",86.8601,0,0,0,0,0,0,0,0,0,0,0,0,0,0,0,0,0,0,0,0,86.8601,0,0,0
"MtrElec",3,27,1,"",58.9375,0,0,0,0,0,0,0,0,0,0,0,0,0,0,0,0,0,0,0,0,58.9375,0,0,0
"MtrElec",3,27,2,"",48.204,0,0,0,0,0,0,0,0,0,0,0,0,0,0,0,0,0,0,0,0,48.204,0,0,0
"MtrElec",3,27,3,"",45.9701,0,0,0,0,0,0,0,0,0,0,0,0,0,0,0,0,0,0,0,0,45.9701,0,0,0
"MtrElec",3,27,4,"",45.1699,0,0,0,0,0,0,0,0,0,0,0,0,0,0,0,0,0,0,0,0,45.1699,0,0,0
"MtrElec",3,27,5,"",44.6004,0,0,0,0,0,0,0,0,0,0,0,0,0,0,0,0,0,0,0,0,44.6004,0,0,0
"MtrElec",3,27,6,"",51.5226,0,0,0,0,0,0,0,0,0,0,0,0,0,0,0,0,0,0,0,0,51.5226,0,0,0
"MtrElec",3,27,7,"",78.9777,0,0,0,0,0,0,0,0,0,0,0,0,0,0,0,0,0,0,0,0,78.9777,0,0,0
"MtrElec",3,27,8,"",54.8886,0,0,0,0,0,0,0,0,0,0,0,0,0,0,0,0,0,0,0,0,81.5225,0,0,-26.6339
"MtrElec",3,27,9,"",47.2328,0,0,0,0,0,0,0,0,0,0,0,0,0,0,0,0,0,0,0,0,119.135,0,0,-71.9024
"MtrElec",3,27,10,"",47.3896,0,0,0,0,0,0,0,0,0,0,0,0,0,0,0,0,0,0,0,0,138.42,0,0,-91.0303
"MtrElec",3,27,11,"",10.1305,0,0,0,0,0,0,0,0,0,0,0,0,0,0,0,0,0,0,0,0,147.229,0,0,-137.099
"MtrElec",3,27,12,"",0,0,0,0,0,0,0,0,0,0,0,0,0,0,0,0,0,0,0,0,0,118.32,0,41.7517,-160.072
"MtrElec",3,27,13,"",-27.143,0,0,0,0,0,0,0,0,0,0,0,0,0,0,0,0,0,0,0,0,94.5125,0,67.8758,-189.531
"MtrElec",3,27,14,"",0.0000039,0,0,0,0,0,0,0,0,0,0,0,0,0,0,0,0,0,0,0,0,76.5691,0,50.8619,-127.431
"MtrElec",3,27,15,"",0.0000020,0,0,0,0,0,0,0,0,0,0,0,0,0,0,0,0,0,0,0,0,58.0248,0,26.8547,-84.8795
"MtrElec",3,27,16,"",6.89768,0,0,0,0,0,0,0,0,0,0,0,0,0,0,0,0,0,0,0,0,79.524,0,0,-72.6263
"MtrElec",3,27,17,"",16.2274,0,0,0,0,0,0,0,0,0,0,0,0,0,0,0,0,0,0,0,0,76.5978,0,0,-60.3703
"MtrElec",3,27,18,"",57.544,0,0,0,0,0,0,0,0,0,0,0,0,0,0,0,0,0,0,0,0,83.7394,0,0,-26.1953
"MtrElec",3,27,19,"",45.2836,0,0,0,0,0,0,0,0,0,0,0,0,0,0,0,0,0,0,0,0,118.653,0,-67.8758,-5.49403
"MtrElec",3,27,20,"",35.147,0,0,0,0,0,0,0,0,0,0,0,0,0,0,0,0,0,0,0,0,103.023,0,-67.8758,0
"MtrElec",3,27,21,"",94.74,0,0,0,0,0,0,0,0,0,0,0,0,0,0,0,0,0,0,0,0,128.066,0,-33.3264,0
"MtrElec",3,27,22,"",85.1708,0,0,0,0,0,0,0,0,0,0,0,0,0,0,0,0,0,0,0,0,85.1708,0,0,0
"MtrElec",3,27,23,"",115.863,0,0,0,0,0,0,0,0,0,0,0,0,0,0,0,0,0,0,0,0,115.863,0,0,0
"MtrElec",3,27,24,"",78.009,0,0,0,0,0,0,0,0,0,0,0,0,0,0,0,0,0,0,0,0,78.009,0,0,0
"MtrElec",3,28,1,"",56.6613,0,0,0,0,0,0,0,0,0,0,0,0,0,0,0,0,0,0,0,0,56.6613,0,0,0
"MtrElec",3,28,2,"",46.7395,0,0,0,0,0,0,0,0,0,0,0,0,0,0,0,0,0,0,0,0,46.7395,0,0,0
"MtrElec",3,28,3,"",45.1259,0,0,0,0,0,0,0,0,0,0,0,0,0,0,0,0,0,0,0,0,45.1259,0,0,0
"MtrElec",3,28,4,"",45.9991,0,0,0,0,0,0,0,0,0,0,0,0,0,0,0,0,0,0,0,0,45.9991,0,0,0
"MtrElec",3,28,5,"",53.357,0,0,0,0,0,0,0,0,0,0,0,0,0,0,0,0,0,0,0,0,53.357,0,0,0
"MtrElec",3,28,6,"",48.3968,0,0,0,0,0,0,0,0,0,0,0,0,0,0,0,0,0,0,0,0,48.3968,0,0,0
"MtrElec",3,28,7,"",69.3105,0,0,0,0,0,0,0,0,0,0,0,0,0,0,0,0,0,0,0,0,69.3105,0,0,0
"MtrElec",3,28,8,"",66.3642,0,0,0,0,0,0,0,0,0,0,0,0,0,0,0,0,0,0,0,0,87.1542,0,0,-20.7901
"MtrElec",3,28,9,"",29.3937,0,0,0,0,0,0,0,0,0,0,0,0,0,0,0,0,0,0,0,0,98.5521,0,0,-69.1584
"MtrElec",3,28,10,"",16.8938,0,0,0,0,0,0,0,0,0,0,0,0,0,0,0,0,0,0,0,0,137.787,0,0,-120.894
"MtrElec",3,28,11,"",0,0,0,0,0,0,0,0,0,0,0,0,0,0,0,0,0,0,0,0,0,115.356,0,46.4254,-161.782
"MtrElec",3,28,12,"",0,0,0,0,0,0,0,0,0,0,0,0,0,0,0,0,0,0,0,0,0,117.338,0,67.1657,-184.504
"MtrElec",3,28,13,"",-25.4456,0,0,0,0,0,0,0,0,0,0,0,0,0,0,0,0,0,0,0,0,98.0444,0,67.8758,-191.366
"MtrElec",3,28,14,"",-35.7479,0,0,0,0,0,0,0,0,0,0,0,0,0,0,0,0,0,0,0,0,67.7426,0,67.8758,-171.366
"MtrElec",3,28,15,"",-50.9801,0,0,0,0,0,0,0,0,0,0,0,0,0,0,0,0,0,0,0,0,105.153,0,3.90788,-160.041
"MtrElec",3,28,16,"",-64.9443,0,0,0,0,0,0,0,0,0,0,0,0,0,0,0,0,0,0,0,0,73.676,0,0,-138.62
"MtrElec",3,28,17,"",-16.1584,0,0,0,0,0,0,0,0,0,0,0,0,0,0,0,0,0,0,0,0,97.1385,0,0,-113.297
"MtrElec",3,28,18,"",34.1868,0,0,0,0,0,0,0,0,0,0,0,0,0,0,0,0,0,0,0,0,94.4965,0,0,-60.3096
"MtrElec",3,28,19,"",44.231,0,0,0,0,0,0,0,0,0,0,0,0,0,0,0,0,0,0,0,0,125.226,0,-67.8758,-13.1195
"MtrElec",3,28,20,"",45.6622,0,0,0,0,0,0,0,0,0,0,0,0,0,0,0,0,0,0,0,0,113.538,0,-67.8758,0
"MtrElec",3,28,21,"",60.3576,0,0,0,0,0,0,0,0,0,0,0,0,0,0,0,0,0,0,0,0,128.233,0,-67.8758,0
"MtrElec",3,28,22,"",81.1265,0,0,0,0,0,0,0,0,0,0,0,0,0,0,0,0,0,0,0,0,106.058,0,-24.9313,0
"MtrElec",3,28,23,"",96.3622,0,0,0,0,0,0,0,0,0,0,0,0,0,0,0,0,0,0,0,0,96.3622,0,0,0
"MtrElec",3,28,24,"",62.3446,0,0,0,0,0,0,0,0,0,0,0,0,0,0,0,0,0,0,0,0,62.3446,0,0,0
"MtrElec",3,29,1,"",53.2379,0,0,0,0,0,0,0,0,0,0,0,0,0,0,0,0,0,0,0,0,53.2379,0,0,0
"MtrElec",3,29,2,"",46.9565,0,0,0,0,0,0,0,0,0,0,0,0,0,0,0,0,0,0,0,0,46.9565,0,0,0
"MtrElec",3,29,3,"",49.7336,0,0,0,0,0,0,0,0,0,0,0,0,0,0,0,0,0,0,0,0,49.7336,0,0,0
"MtrElec",3,29,4,"",50.1022,0,0,0,0,0,0,0,0,0,0,0,0,0,0,0,0,0,0,0,0,50.1022,0,0,0
"MtrElec",3,29,5,"",59.5715,0,0,0,0,0,0,0,0,0,0,0,0,0,0,0,0,0,0,0,0,59.5715,0,0,0
"MtrElec",3,29,6,"",47.1643,0,0,0,0,0,0,0,0,0,0,0,0,0,0,0,0,0,0,0,0,47.1643,0,0,0
"MtrElec",3,29,7,"",80.1474,0,0,0,0,0,0,0,0,0,0,0,0,0,0,0,0,0,0,0,0,80.1474,0,0,0
"MtrElec",3,29,8,"",56.5263,0,0,0,0,0,0,0,0,0,0,0,0,0,0,0,0,0,0,0,0,75.5571,0,0,-19.0308
"MtrElec",3,29,9,"",45.7162,0,0,0,0,0,0,0,0,0,0,0,0,0,0,0,0,0,0,0,0,101.767,0,0,-56.0513
"MtrElec",3,29,10,"",33.4931,0,0,0,0,0,0,0,0,0,0,0,0,0,0,0,0,0,0,0,0,132.613,0,0,-99.1204
"MtrElec",3,29,11,"",8.46692,0,0,0,0,0,0,0,0,0,0,0,0,0,0,0,0,0,0,0,0,140.812,0,0,-132.345
"MtrElec",3,29,12,"",-0.612211,0,0,0,0,0,0,0,0,0,0,0,0,0,0,0,0,0,0,0,0,112.132,0,67.8758,-180.62
"MtrElec",3,29,13,"",-19.298,0,0,0,0,0,0,0,0,0,0,0,0,0,0,0,0,0,0,0,0,105.058,0,67.8758,-192.232
"MtrElec",3,29,14,"",-41.9483,0,0,0,0,0,0,0,0,0,0,0,0,0,0,0,0,0,0,0,0,65.8212,0,67.8758,-175.645
"MtrElec",3,29,15,"",-17.8818,0,0,0,0,0,0,0,0,0,0,0,0,0,0,0,0,0,0,0,0,88.6157,0,49.6232,-156.121
"MtrElec",3,29,16,"",-73.1299,0,0,0,0,0,0,0,0,0,0,0,0,0,0,0,0,0,0,0,0,61.1418,0,0,-134.272
"MtrElec",3,29,17,"",-8.20807,0,0,0,0,0,0,0,0,0,0,0,0,0,0,0,0,0,0,0,0,81.8047,0,0,-90.0128
"MtrElec",3,29,18,"",36.5515,0,0,0,0,0,0,0,0,0,0,0,0,0,0,0,0,0,0,0,0,85.7191,0,0,-49.1676
"MtrElec",3,29,19,"",40.1634,0,0,0,0,0,0,0,0,0,0,0,0,0,0,0,0,0,0,0,0,118.775,0,-67.8758,-10.7354
"MtrElec",3,29,20,"",14.6895,0,0,0,0,0,0,0,0,0,0,0,0,0,0,0,0,0,0,0,0,82.5653,0,-67.8758,0
"MtrElec",3,29,21,"",17.2476,0,0,0,0,0,0,0,0,0,0,0,0,0,0,0,0,0,0,0,0,85.1233,0,-67.8758,0
"MtrElec",3,29,22,"",65.6637,0,0,0,0,0,0,0,0,0,0,0,0,0,0,0,0,0,0,0,0,90.595,0,-24.9313,0
"MtrElec",3,29,23,"",65.2978,0,0,0,0,0,0,0,0,0,0,0,0,0,0,0,0,0,0,0,0,65.2978,0,0,0
"MtrElec",3,29,24,"",71.3407,0,0,0,0,0,0,0,0,0,0,0,0,0,0,0,0,0,0,0,0,71.3407,0,0,0
"MtrElec",3,30,1,"",49.5293,0,0,0,0,0,0,0,0,0,0,0,0,0,0,0,0,0,0,0,0,49.5293,0,0,0
"MtrElec",3,30,2,"",48.7479,0,0,0,0,0,0,0,0,0,0,0,0,0,0,0,0,0,0,0,0,48.7479,0,0,0
"MtrElec",3,30,3,"",67.5187,0,0,0,0,0,0,0,0,0,0,0,0,0,0,0,0,0,0,0,0,67.5187,0,0,0
"MtrElec",3,30,4,"",45.5295,0,0,0,0,0,0,0,0,0,0,0,0,0,0,0,0,0,0,0,0,45.5295,0,0,0
"MtrElec",3,30,5,"",44.9884,0,0,0,0,0,0,0,0,0,0,0,0,0,0,0,0,0,0,0,0,44.9884,0,0,0
"MtrElec",3,30,6,"",49.3921,0,0,0,0,0,0,0,0,0,0,0,0,0,0,0,0,0,0,0,0,49.3921,0,0,0
"MtrElec",3,30,7,"",77.184,0,0,0,0,0,0,0,0,0,0,0,0,0,0,0,0,0,0,0,0,77.184,0,0,0
"MtrElec",3,30,8,"",93.6742,0,0,0,0,0,0,0,0,0,0,0,0,0,0,0,0,0,0,0,0,114.647,0,0,-20.9727
"MtrElec",3,30,9,"",59.3592,0,0,0,0,0,0,0,0,0,0,0,0,0,0,0,0,0,0,0,0,134.892,0,0,-75.5332
"MtrElec",3,30,10,"",0,0,0,0,0,0,0,0,0,0,0,0,0,0,0,0,0,0,0,0,0,109.215,0,19.9965,-129.211
"MtrElec",3,30,11,"",0,0,0,0,0,0,0,0,0,0,0,0,0,0,0,0,0,0,0,0,0,123.134,0,48.4792,-171.613
"MtrElec",3,30,12,"",-22.9746,0,0,0,0,0,0,0,0,0,0,0,0,0,0,0,0,0,0,0,0,109.382,0,67.8758,-200.232
"MtrElec",3,30,13,"",-81.4825,0,0,0,0,0,0,0,0,0,0,0,0,0,0,0,0,0,0,0,0,63.9339,0,67.8758,-213.292
"MtrElec",3,30,14,"",-96.0773,0,0,0,0,0,0,0,0,0,0,0,0,0,0,0,0,0,0,0,0,61.8345,0,49.0233,-206.935
"MtrElec",3,30,15,"",-115.84,0,0,0,0,0,0,0,0,0,0,0,0,0,0,0,0,0,0,0,0,79.683,0,0,-195.523
"MtrElec",3,30,16,"",-93.7678,0,0,0,0,0,0,0,0,0,0,0,0,0,0,0,0,0,0,0,0,74.4433,0,0,-168.211
"MtrElec",3,30,17,"",-40.6278,0,0,0,0,0,0,0,0,0,0,0,0,0,0,0,0,0,0,0,0,83.4258,0,0,-124.054
"MtrElec",3,30,18,"",42.9449,0,0,0,0,0,0,0,0,0,0,0,0,0,0,0,0,0,0,0,0,110.836,0,0,-67.8913
"MtrElec",3,30,19,"",10.5957,0,0,0,0,0,0,0,0,0,0,0,0,0,0,0,0,0,0,0,0,93.437,0,-67.8758,-14.9655
"MtrElec",3,30,20,"",53.868,0,0,0,0,0,0,0,0,0,0,0,0,0,0,0,0,0,0,0,0,121.744,0,-67.8758,0
"MtrElec",3,30,21,"",20.772,0,0,0,0,0,0,0,0,0,0,0,0,0,0,0,0,0,0,0,0,88.6477,0,-67.8758,0
"MtrElec",3,30,22,"",98.1514,0,0,0,0,0,0,0,0,0,0,0,0,0,0,0,0,0,0,0,0,123.083,0,-24.9313,0
"MtrElec",3,30,23,"",100.889,0,0,0,0,0,0,0,0,0,0,0,0,0,0,0,0,0,0,0,0,100.889,0,0,0
"MtrElec",3,30,24,"",107.418,0,0,0,0,0,0,0,0,0,0,0,0,0,0,0,0,0,0,0,0,107.418,0,0,0
"MtrElec",3,31,1,"",72.119,0,0,0,0,0,0,0,0,0,0,0,0,0,0,0,0,0,0,0,0,72.119,0,0,0
"MtrElec",3,31,2,"",49.6139,0,0,0,0,0,0,0,0,0,0,0,0,0,0,0,0,0,0,0,0,49.6139,0,0,0
"MtrElec",3,31,3,"",45.5197,0,0,0,0,0,0,0,0,0,0,0,0,0,0,0,0,0,0,0,0,45.5197,0,0,0
"MtrElec",3,31,4,"",45.4896,0,0,0,0,0,0,0,0,0,0,0,0,0,0,0,0,0,0,0,0,45.4896,0,0,0
"MtrElec",3,31,5,"",46.3249,0,0,0,0,0,0,0,0,0,0,0,0,0,0,0,0,0,0,0,0,46.3249,0,0,0
"MtrElec",3,31,6,"",56.3337,0,0,0,0,0,0,0,0,0,0,0,0,0,0,0,0,0,0,0,0,56.3337,0,0,0
"MtrElec",3,31,7,"",99.1418,0,0,0,0,0,0,0,0,0,0,0,0,0,0,0,0,0,0,0,0,99.1418,0,0,0
"MtrElec",3,31,8,"",87.2805,0,0,0,0,0,0,0,0,0,0,0,0,0,0,0,0,0,0,0,0,109.501,0,0,-22.2209
"MtrElec",3,31,9,"",15.2521,0,0,0,0,0,0,0,0,0,0,0,0,0,0,0,0,0,0,0,0,88.1137,0,0,-72.8617
"MtrElec",3,31,10,"",14.5062,0,0,0,0,0,0,0,0,0,0,0,0,0,0,0,0,0,0,0,0,139.996,0,0,-125.489
"MtrElec",3,31,11,"",17.8199,0,0,0,0,0,0,0,0,0,0,0,0,0,0,0,0,0,0,0,0,184.942,0,0,-167.122
"MtrElec",3,31,12,"",-22.9131,0,0,0,0,0,0,0,0,0,0,0,0,0,0,0,0,0,0,0,0,102.396,0,67.8758,-193.184
"MtrElec",3,31,13,"",-21.2439,0,0,0,0,0,0,0,0,0,0,0,0,0,0,0,0,0,0,0,0,117.954,0,67.8758,-207.074
"MtrElec",3,31,14,"",-46.4784,0,0,0,0,0,0,0,0,0,0,0,0,0,0,0,0,0,0,0,0,92.251,0,67.8758,-206.605
"MtrElec",3,31,15,"",-24.8946,0,0,0,0,0,0,0,0,0,0,0,0,0,0,0,0,0,0,0,0,116.925,0,49.6232,-191.443
"MtrElec",3,31,16,"",-70.6033,0,0,0,0,0,0,0,0,0,0,0,0,0,0,0,0,0,0,0,0,93.6376,0,0,-164.241
"MtrElec",3,31,17,"",-55.3808,0,0,0,0,0,0,0,0,0,0,0,0,0,0,0,0,0,0,0,0,66.0116,0,0,-121.392
"MtrElec",3,31,18,"",55.6174,0,0,0,0,0,0,0,0,0,0,0,0,0,0,0,0,0,0,0,0,122.408,0,0,-66.7911
"MtrElec",3,31,19,"",32.7771,0,0,0,0,0,0,0,0,0,0,0,0,0,0,0,0,0,0,0,0,115.833,0,-67.8758,-15.18
"MtrElec",3,31,20,"",46.4313,0,0,0,0,0,0,0,0,0,0,0,0,0,0,0,0,0,0,0,0,114.307,0,-67.8758,0
"MtrElec",3,31,21,"",13.2639,0,0,0,0,0,0,0,0,0,0,0,0,0,0,0,0,0,0,0,0,81.1397,0,-67.8758,0
"MtrElec",3,31,22,"",76.7993,0,0,0,0,0,0,0,0,0,0,0,0,0,0,0,0,0,0,0,0,101.731,0,-24.9313,0
"MtrElec",3,31,23,"",77.7333,0,0,0,0,0,0,0,0,0,0,0,0,0,0,0,0,0,0,0,0,77.7333,0,0,0
"MtrElec",3,31,24,"",65.8359,0,0,0,0,0,0,0,0,0,0,0,0,0,0,0,0,0,0,0,0,65.8359,0,0,0
"MtrElec",4,1,1,"",48.5254,0,0,0,0,0,0,0,0,0,0,0,0,0,0,0,0,0,0,0,0,48.5254,0,0,0
"MtrElec",4,1,2,"",47.8338,0,0,0,0,0,0,0,0,0,0,0,0,0,0,0,0,0,0,0,0,47.8338,0,0,0
"MtrElec",4,1,3,"",45.522,0,0,0,0,0,0,0,0,0,0,0,0,0,0,0,0,0,0,0,0,45.522,0,0,0
"MtrElec",4,1,4,"",44.7656,0,0,0,0,0,0,0,0,0,0,0,0,0,0,0,0,0,0,0,0,44.7656,0,0,0
"MtrElec",4,1,5,"",44.2237,0,0,0,0,0,0,0,0,0,0,0,0,0,0,0,0,0,0,0,0,44.2237,0,0,0
"MtrElec",4,1,6,"",55.248,0,0,0,0,0,0,0,0,0,0,0,0,0,0,0,0,0,0,0,0,55.248,0,0,0
"MtrElec",4,1,7,"",98.4409,0,0,0,0,0,0,0,0,0,0,0,0,0,0,0,0,0,0,0,0,98.4409,0,0,0
"MtrElec",4,1,8,"",82.8867,0,0,0,0,0,0,0,0,0,0,0,0,0,0,0,0,0,0,0,0,103.757,0,0,-20.8703
"MtrElec",4,1,9,"",52.9789,0,0,0,0,0,0,0,0,0,0,0,0,0,0,0,0,0,0,0,0,125.04,0,0,-72.0607
"MtrElec",4,1,10,"",0,0,0,0,0,0,0,0,0,0,0,0,0,0,0,0,0,0,0,0,0,109.31,0,12.3025,-121.612
"MtrElec",4,1,11,"",0.0000039,0,0,0,0,0,0,0,0,0,0,0,0,0,0,0,0,0,0,0,0,104.62,0,53.0604,-157.68
"MtrElec",4,1,12,"",-2.51612,0,0,0,0,0,0,0,0,0,0,0,0,0,0,0,0,0,0,0,0,110.657,0,67.8758,-181.049
"MtrElec",4,1,13,"",-29.4903,0,0,0,0,0,0,0,0,0,0,0,0,0,0,0,0,0,0,0,0,96.6564,0,67.8758,-194.022
"MtrElec",4,1,14,"",-61.1982,0,0,0,0,0,0,0,0,0,0,0,0,0,0,0,0,0,0,0,0,79.639,0,52.1362,-192.973
"MtrElec",4,1,15,"",-114.881,0,0,0,0,0,0,0,0,0,0,0,0,0,0,0,0,0,0,0,0,66.6708,0,0,-181.552
"MtrElec",4,1,16,"",-75.9649,0,0,0,0,0,0,0,0,0,0,0,0,0,0,0,0,0,0,0,0,79.5656,0,0,-155.531
"MtrElec",4,1,17,"",-28.7053,0,0,0,0,0,0,0,0,0,0,0,0,0,0,0,0,0,0,0,0,86.8809,0,0,-115.586
"MtrElec",4,1,18,"",24.8911,0,0,0,0,0,0,0,0,0,0,0,0,0,0,0,0,0,0,0,0,89.4394,0,0,-64.5482
"MtrElec",4,1,19,"",30.9812,0,0,0,0,0,0,0,0,0,0,0,0,0,0,0,0,0,0,0,0,113.474,0,-67.8758,-14.6168
"MtrElec",4,1,20,"",48.0991,0,0,0,0,0,0,0,0,0,0,0,0,0,0,0,0,0,0,0,0,115.975,0,-67.8758,0
"MtrElec",4,1,21,"",56.3957,0,0,0,0,0,0,0,0,0,0,0,0,0,0,0,0,0,0,0,0,124.271,0,-67.8758,0
"MtrElec",4,1,22,"",71.4825,0,0,0,0,0,0,0,0,0,0,0,0,0,0,0,0,0,0,0,0,96.4138,0,-24.9313,0
"MtrElec",4,1,23,"",133.009,0,0,0,0,0,0,0,0,0,0,0,0,0,0,0,0,0,0,0,0,133.009,0,0,0
"MtrElec",4,1,24,"",80.5026,0,0,0,0,0,0,0,0,0,0,0,0,0,0,0,0,0,0,0,0,80.5026,0,0,0
"MtrElec",4,2,1,"",49.7401,0,0,0,0,0,0,0,0,0,0,0,0,0,0,0,0,0,0,0,0,49.7401,0,0,0
"MtrElec",4,2,2,"",48.4353,0,0,0,0,0,0,0,0,0,0,0,0,0,0,0,0,0,0,0,0,48.4353,0,0,0
"MtrElec",4,2,3,"",46.1065,0,0,0,0,0,0,0,0,0,0,0,0,0,0,0,0,0,0,0,0,46.1065,0,0,0
"MtrElec",4,2,4,"",45.1955,0,0,0,0,0,0,0,0,0,0,0,0,0,0,0,0,0,0,0,0,45.1955,0,0,0
"MtrElec",4,2,5,"",44.6397,0,0,0,0,0,0,0,0,0,0,0,0,0,0,0,0,0,0,0,0,44.6397,0,0,0
"MtrElec",4,2,6,"",48.7124,0,0,0,0,0,0,0,0,0,0,0,0,0,0,0,0,0,0,0,0,48.7124,0,0,0
"MtrElec",4,2,7,"",93.9683,0,0,0,0,0,0,0,0,0,0,0,0,0,0,0,0,0,0,0,0,93.9683,0,0,0
"MtrElec",4,2,8,"",57.5483,0,0,0,0,0,0,0,0,0,0,0,0,0,0,0,0,0,0,0,0,88.3543,0,0,-30.8059
"MtrElec",4,2,9,"",50.3824,0,0,0,0,0,0,0,0,0,0,0,0,0,0,0,0,0,0,0,0,91.5242,0,0,-41.1418
"MtrElec",4,2,10,"",7.54763,0,0,0,0,0,0,0,0,0,0,0,0,0,0,0,0,0,0,0,0,120.942,0,0,-113.395
"MtrElec",4,2,11,"",0,0,0,0,0,0,0,0,0,0,0,0,0,0,0,0,0,0,0,0,0,127.576,0,28.1161,-155.692
"MtrElec",4,2,12,"",0.0000010,0,0,0,0,0,0,0,0,0,0,0,0,0,0,0,0,0,0,0,0,102.711,0,10.31,-113.021
"MtrElec",4,2,13,"",0,0,0,0,0,0,0,0,0,0,0,0,0,0,0,0,0,0,0,0,0,128.378,0,46.538,-174.916
"MtrElec",4,2,14,"",0,0,0,0,0,0,0,0,0,0,0,0,0,0,0,0,0,0,0,0,0,77.2682,0,67.021,-144.289
"MtrElec",4,2,15,"",-16.1438,0,0,0,0,0,0,0,0,0,0,0,0,0,0,0,0,0,0,0,0,64.2591,0,67.8758,-148.279
"MtrElec",4,2,16,"",-20.2711,0,0,0,0,0,0,0,0,0,0,0,0,0,0,0,0,0,0,0,0,87.4405,0,33.3897,-141.101
"MtrElec",4,2,17,"",-21.4957,0,0,0,0,0,0,0,0,0,0,0,0,0,0,0,0,0,0,0,0,85.037,0,0,-106.533
"MtrElec",4,2,18,"",20.116,0,0,0,0,0,0,0,0,0,0,0,0,0,0,0,0,0,0,0,0,85.9344,0,0,-65.8184
"MtrElec",4,2,19,"",26.002,0,0,0,0,0,0,0,0,0,0,0,0,0,0,0,0,0,0,0,0,109.031,0,-67.8758,-15.1531
"MtrElec",4,2,20,"",28.3865,0,0,0,0,0,0,0,0,0,0,0,0,0,0,0,0,0,0,0,0,96.2623,0,-67.8758,0
"MtrElec",4,2,21,"",41.9484,0,0,0,0,0,0,0,0,0,0,0,0,0,0,0,0,0,0,0,0,109.824,0,-67.8758,0
"MtrElec",4,2,22,"",68.5688,0,0,0,0,0,0,0,0,0,0,0,0,0,0,0,0,0,0,0,0,93.5001,0,-24.9313,0
"MtrElec",4,2,23,"",73.7643,0,0,0,0,0,0,0,0,0,0,0,0,0,0,0,0,0,0,0,0,73.7643,0,0,0
"MtrElec",4,2,24,"",116.806,0,0,0,0,0,0,0,0,0,0,0,0,0,0,0,0,0,0,0,0,116.806,0,0,0
"MtrElec",4,3,1,"",63.9097,0,0,0,0,0,0,0,0,0,0,0,0,0,0,0,0,0,0,0,0,63.9097,0,0,0
"MtrElec",4,3,2,"",46.4607,0,0,0,0,0,0,0,0,0,0,0,0,0,0,0,0,0,0,0,0,46.4607,0,0,0
"MtrElec",4,3,3,"",46.0612,0,0,0,0,0,0,0,0,0,0,0,0,0,0,0,0,0,0,0,0,46.0612,0,0,0
"MtrElec",4,3,4,"",52.5695,0,0,0,0,0,0,0,0,0,0,0,0,0,0,0,0,0,0,0,0,52.5695,0,0,0
"MtrElec",4,3,5,"",44.595,0,0,0,0,0,0,0,0,0,0,0,0,0,0,0,0,0,0,0,0,44.595,0,0,0
"MtrElec",4,3,6,"",47.93,0,0,0,0,0,0,0,0,0,0,0,0,0,0,0,0,0,0,0,0,47.93,0,0,0
"MtrElec",4,3,7,"",87.1672,0,0,0,0,0,0,0,0,0,0,0,0,0,0,0,0,0,0,0,0,87.1672,0,0,0
"MtrElec",4,3,8,"",63.0308,0,0,0,0,0,0,0,0,0,0,0,0,0,0,0,0,0,0,0,0,81.4242,0,0,-18.3934
"MtrElec",4,3,9,"",108.776,0,0,0,0,0,0,0,0,0,0,0,0,0,0,0,0,0,0,0,0,113.747,0,0,-4.97053
"MtrElec",4,3,10,"",93.7604,0,0,0,0,0,0,0,0,0,0,0,0,0,0,0,0,0,0,0,0,129.951,0,0,-36.1902
"MtrElec",4,3,11,"",16.7822,0,0,0,0,0,0,0,0,0,0,0,0,0,0,0,0,0,0,0,0,112.738,0,0,-95.9556
"MtrElec",4,3,12,"",-22.3895,0,0,0,0,0,0,0,0,0,0,0,0,0,0,0,0,0,0,0,0,90.3156,0,67.8758,-180.581
"MtrElec",4,3,13,"",0.0000002,0,0,0,0,0,0,0,0,0,0,0,0,0,0,0,0,0,0,0,0,137.532,0,3.68688,-141.219
"MtrElec",4,3,14,"",0,0,0,0,0,0,0,0,0,0,0,0,0,0,0,0,0,0,0,0,0,82.5404,0,16.5119,-99.0523
"MtrElec",4,3,15,"",9.86167,0,0,0,0,0,0,0,0,0,0,0,0,0,0,0,0,0,0,0,0,62.2091,0,0,-52.3474
"MtrElec",4,3,16,"",54.2943,0,0,0,0,0,0,0,0,0,0,0,0,0,0,0,0,0,0,0,0,94.6084,0,0,-40.3141
"MtrElec",4,3,17,"",27.9735,0,0,0,0,0,0,0,0,0,0,0,0,0,0,0,0,0,0,0,0,81.0424,0,0,-53.069
"MtrElec",4,3,18,"",48.0694,0,0,0,0,0,0,0,0,0,0,0,0,0,0,0,0,0,0,0,0,113.886,0,0,-65.8166
"MtrElec",4,3,19,"",7.28707,0,0,0,0,0,0,0,0,0,0,0,0,0,0,0,0,0,0,0,0,90.4978,0,-67.8758,-15.335
"MtrElec",4,3,20,"",120.101,0,0,0,0,0,0,0,0,0,0,0,0,0,0,0,0,0,0,0,0,131.713,0,-11.6115,0
"MtrElec",4,3,21,"",121.788,0,0,0,0,0,0,0,0,0,0,0,0,0,0,0,0,0,0,0,0,121.788,0,0,0
"MtrElec",4,3,22,"",119.401,0,0,0,0,0,0,0,0,0,0,0,0,0,0,0,0,0,0,0,0,119.401,0,0,0
"MtrElec",4,3,23,"",105.384,0,0,0,0,0,0,0,0,0,0,0,0,0,0,0,0,0,0,0,0,105.384,0,0,0
"MtrElec",4,3,24,"",73.5091,0,0,0,0,0,0,0,0,0,0,0,0,0,0,0,0,0,0,0,0,73.5091,0,0,0
"MtrElec",4,4,1,"",54.5151,0,0,0,0,0,0,0,0,0,0,0,0,0,0,0,0,0,0,0,0,54.5151,0,0,0
"MtrElec",4,4,2,"",46.518,0,0,0,0,0,0,0,0,0,0,0,0,0,0,0,0,0,0,0,0,46.518,0,0,0
"MtrElec",4,4,3,"",46.4269,0,0,0,0,0,0,0,0,0,0,0,0,0,0,0,0,0,0,0,0,46.4269,0,0,0
"MtrElec",4,4,4,"",46.8115,0,0,0,0,0,0,0,0,0,0,0,0,0,0,0,0,0,0,0,0,46.8115,0,0,0
"MtrElec",4,4,5,"",75.3189,0,0,0,0,0,0,0,0,0,0,0,0,0,0,0,0,0,0,0,0,75.3189,0,0,0
"MtrElec",4,4,6,"",48.0603,0,0,0,0,0,0,0,0,0,0,0,0,0,0,0,0,0,0,0,0,48.0603,0,0,0
"MtrElec",4,4,7,"",53.0592,0,0,0,0,0,0,0,0,0,0,0,0,0,0,0,0,0,0,0,0,54.2315,0,0,-1.17233
"MtrElec",4,4,8,"",77.9316,0,0,0,0,0,0,0,0,0,0,0,0,0,0,0,0,0,0,0,0,101.138,0,0,-23.2059
"MtrElec",4,4,9,"",30.3868,0,0,0,0,0,0,0,0,0,0,0,0,0,0,0,0,0,0,0,0,109.033,0,0,-78.6464
"MtrElec",4,4,10,"",0,0,0,0,0,0,0,0,0,0,0,0,0,0,0,0,0,0,0,0,0,127.746,0,2.8171,-130.563
"MtrElec",4,4,11,"",0,0,0,0,0,0,0,0,0,0,0,0,0,0,0,0,0,0,0,0,0,120.334,0,48.8619,-169.195
"MtrElec",4,4,12,"",-48.2357,0,0,0,0,0,0,0,0,0,0,0,0,0,0,0,0,0,0,0,0,77.3317,0,67.8758,-193.443
"MtrElec",4,4,13,"",-9.14194,0,0,0,0,0,0,0,0,0,0,0,0,0,0,0,0,0,0,0,0,127.885,0,67.8758,-204.903
"MtrElec",4,4,14,"",-64.2832,0,0,0,0,0,0,0,0,0,0,0,0,0,0,0,0,0,0,0,0,75.4076,0,65.82,-205.511
"MtrElec",4,4,15,"",-81.7702,0,0,0,0,0,0,0,0,0,0,0,0,0,0,0,0,0,0,0,0,104.811,0,0,-186.581
"MtrElec",4,4,16,"",-81.3202,0,0,0,0,0,0,0,0,0,0,0,0,0,0,0,0,0,0,0,0,70.5794,0,0,-151.9
"MtrElec",4,4,17,"",-22.4192,0,0,0,0,0,0,0,0,0,0,0,0,0,0,0,0,0,0,0,0,94.589,0,0,-117.008
"MtrElec",4,4,18,"",36.5613,0,0,0,0,0,0,0,0,0,0,0,0,0,0,0,0,0,0,0,0,102.592,0,0,-66.0312
"MtrElec",4,4,19,"",65.8676,0,0,0,0,0,0,0,0,0,0,0,0,0,0,0,0,0,0,0,0,149.072,0,-67.8758,-15.329
"MtrElec",4,4,20,"",45.498,0,0,0,0,0,0,0,0,0,0,0,0,0,0,0,0,0,0,0,0,113.374,0,-67.8758,0
"MtrElec",4,4,21,"",56.3128,0,0,0,0,0,0,0,0,0,0,0,0,0,0,0,0,0,0,0,0,124.189,0,-67.8758,0
"MtrElec",4,4,22,"",72.7514,0,0,0,0,0,0,0,0,0,0,0,0,0,0,0,0,0,0,0,0,97.6827,0,-24.9313,0
"MtrElec",4,4,23,"",95.1421,0,0,0,0,0,0,0,0,0,0,0,0,0,0,0,0,0,0,0,0,95.1421,0,0,0
"MtrElec",4,4,24,"",83.4551,0,0,0,0,0,0,0,0,0,0,0,0,0,0,0,0,0,0,0,0,83.4551,0,0,0
"MtrElec",4,5,1,"",53.545,0,0,0,0,0,0,0,0,0,0,0,0,0,0,0,0,0,0,0,0,53.545,0,0,0
"MtrElec",4,5,2,"",46.9063,0,0,0,0,0,0,0,0,0,0,0,0,0,0,0,0,0,0,0,0,46.9063,0,0,0
"MtrElec",4,5,3,"",45.2245,0,0,0,0,0,0,0,0,0,0,0,0,0,0,0,0,0,0,0,0,45.2245,0,0,0
"MtrElec",4,5,4,"",46.9705,0,0,0,0,0,0,0,0,0,0,0,0,0,0,0,0,0,0,0,0,46.9705,0,0,0
"MtrElec",4,5,5,"",59.5531,0,0,0,0,0,0,0,0,0,0,0,0,0,0,0,0,0,0,0,0,59.5531,0,0,0
"MtrElec",4,5,6,"",46.7989,0,0,0,0,0,0,0,0,0,0,0,0,0,0,0,0,0,0,0,0,46.7989,0,0,0
"MtrElec",4,5,7,"",50.1194,0,0,0,0,0,0,0,0,0,0,0,0,0,0,0,0,0,0,0,0,51.5073,0,0,-1.38784
"MtrElec",4,5,8,"",67.1224,0,0,0,0,0,0,0,0,0,0,0,0,0,0,0,0,0,0,0,0,90.4661,0,0,-23.3437
"MtrElec",4,5,9,"",45.6222,0,0,0,0,0,0,0,0,0,0,0,0,0,0,0,0,0,0,0,0,123.822,0,0,-78.1999
"MtrElec",4,5,10,"",0,0,0,0,0,0,0,0,0,0,0,0,0,0,0,0,0,0,0,0,0,107.092,0,22.8315,-129.924
"MtrElec",4,5,11,"",0,0,0,0,0,0,0,0,0,0,0,0,0,0,0,0,0,0,0,0,0,131.696,0,35.795,-167.491
"MtrElec",4,5,12,"",0,0,0,0,0,0,0,0,0,0,0,0,0,0,0,0,0,0,0,0,0,134.979,0,58.0121,-192.991
"MtrElec",4,5,13,"",-30.0871,0,0,0,0,0,0,0,0,0,0,0,0,0,0,0,0,0,0,0,0,107.186,0,67.8758,-205.148
"MtrElec",4,5,14,"",-10.6843,0,0,0,0,0,0,0,0,0,0,0,0,0,0,0,0,0,0,0,0,109.246,0,67.8758,-187.806
"MtrElec",4,5,15,"",-73.0394,0,0,0,0,0,0,0,0,0,0,0,0,0,0,0,0,0,0,0,0,84.0993,0,0.86044,-157.999
"MtrElec",4,5,16,"",-45.1925,0,0,0,0,0,0,0,0,0,0,0,0,0,0,0,0,0,0,0,0,95.9286,0,0,-141.121
"MtrElec",4,5,17,"",-30.2419,0,0,0,0,0,0,0,0,0,0,0,0,0,0,0,0,0,0,0,0,79.0313,0,0,-109.273
"MtrElec",4,5,18,"",43.4445,0,0,0,0,0,0,0,0,0,0,0,0,0,0,0,0,0,0,0,0,107.444,0,0,-63.999
"MtrElec",4,5,19,"",61.5124,0,0,0,0,0,0,0,0,0,0,0,0,0,0,0,0,0,0,0,0,145.436,0,-67.8758,-16.0474
"MtrElec",4,5,20,"",60.577,0,0,0,0,0,0,0,0,0,0,0,0,0,0,0,0,0,0,0,0,128.453,0,-67.8758,0
"MtrElec",4,5,21,"",28.8543,0,0,0,0,0,0,0,0,0,0,0,0,0,0,0,0,0,0,0,0,96.7301,0,-67.8758,0
"MtrElec",4,5,22,"",71.1368,0,0,0,0,0,0,0,0,0,0,0,0,0,0,0,0,0,0,0,0,96.0681,0,-24.9313,0
"MtrElec",4,5,23,"",91.2311,0,0,0,0,0,0,0,0,0,0,0,0,0,0,0,0,0,0,0,0,91.2311,0,0,0
"MtrElec",4,5,24,"",94.5173,0,0,0,0,0,0,0,0,0,0,0,0,0,0,0,0,0,0,0,0,94.5173,0,0,0
"MtrElec",4,6,1,"",56.5678,0,0,0,0,0,0,0,0,0,0,0,0,0,0,0,0,0,0,0,0,56.5678,0,0,0
"MtrElec",4,6,2,"",46.4607,0,0,0,0,0,0,0,0,0,0,0,0,0,0,0,0,0,0,0,0,46.4607,0,0,0
"MtrElec",4,6,3,"",48.1334,0,0,0,0,0,0,0,0,0,0,0,0,0,0,0,0,0,0,0,0,48.1334,0,0,0
"MtrElec",4,6,4,"",48.8499,0,0,0,0,0,0,0,0,0,0,0,0,0,0,0,0,0,0,0,0,48.8499,0,0,0
"MtrElec",4,6,5,"",48.7953,0,0,0,0,0,0,0,0,0,0,0,0,0,0,0,0,0,0,0,0,48.7953,0,0,0
"MtrElec",4,6,6,"",51.7605,0,0,0,0,0,0,0,0,0,0,0,0,0,0,0,0,0,0,0,0,51.7605,0,0,0
"MtrElec",4,6,7,"",87.8708,0,0,0,0,0,0,0,0,0,0,0,0,0,0,0,0,0,0,0,0,87.8708,0,0,0
"MtrElec",4,6,8,"",95.6608,0,0,0,0,0,0,0,0,0,0,0,0,0,0,0,0,0,0,0,0,102.944,0,0,-7.28317
"MtrElec",4,6,9,"",89.1242,0,0,0,0,0,0,0,0,0,0,0,0,0,0,0,0,0,0,0,0,119.568,0,0,-30.4433
"MtrElec",4,6,10,"",76.9585,0,0,0,0,0,0,0,0,0,0,0,0,0,0,0,0,0,0,0,0,114.711,0,0,-37.7526
"MtrElec",4,6,11,"",38.1127,0,0,0,0,0,0,0,0,0,0,0,0,0,0,0,0,0,0,0,0,88.1605,0,0,-50.0478
"MtrElec",4,6,12,"",10.1707,0,0,0,0,0,0,0,0,0,0,0,0,0,0,0,0,0,0,0,0,104.39,0,0,-94.2196
"MtrElec",4,6,13,"",0.0000039,0,0,0,0,0,0,0,0,0,0,0,0,0,0,0,0,0,0,0,0,75.9965,0,45.6501,-121.647
"MtrElec",4,6,14,"",0,0,0,0,0,0,0,0,0,0,0,0,0,0,0,0,0,0,0,0,0,66.7206,0,39.753,-106.474
"MtrElec",4,6,15,"",0,0,0,0,0,0,0,0,0,0,0,0,0,0,0,0,0,0,0,0,0,75.3551,0,24.6714,-100.027
"MtrElec",4,6,16,"",0,0,0,0,0,0,0,0,0,0,0,0,0,0,0,0,0,0,0,0,0,77.0144,0,34.7465,-111.761
"MtrElec",4,6,17,"",0,0,0,0,0,0,0,0,0,0,0,0,0,0,0,0,0,0,0,0,0,95.5211,0,9.33001,-104.851
"MtrElec",4,6,18,"",41.9412,0,0,0,0,0,0,0,0,0,0,0,0,0,0,0,0,0,0,0,0,104.396,0,0,-62.4553
"MtrElec",4,6,19,"",29.1547,0,0,0,0,0,0,0,0,0,0,0,0,0,0,0,0,0,0,0,0,112.213,0,-67.8758,-15.1829
"MtrElec",4,6,20,"",97.4018,0,0,0,0,0,0,0,0,0,0,0,0,0,0,0,0,0,0,0,0,165.278,0,-67.8758,0
"MtrElec",4,6,21,"",122.238,0,0,0,0,0,0,0,0,0,0,0,0,0,0,0,0,0,0,0,0,125.607,0,-3.3698,0
"MtrElec",4,6,22,"",87.4098,0,0,0,0,0,0,0,0,0,0,0,0,0,0,0,0,0,0,0,0,87.4098,0,0,0
"MtrElec",4,6,23,"",125.664,0,0,0,0,0,0,0,0,0,0,0,0,0,0,0,0,0,0,0,0,125.664,0,0,0
"MtrElec",4,6,24,"",76.653,0,0,0,0,0,0,0,0,0,0,0,0,0,0,0,0,0,0,0,0,76.653,0,0,0
"MtrElec",4,7,1,"",56.5845,0,0,0,0,0,0,0,0,0,0,0,0,0,0,0,0,0,0,0,0,56.5845,0,0,0
"MtrElec",4,7,2,"",46.4266,0,0,0,0,0,0,0,0,0,0,0,0,0,0,0,0,0,0,0,0,46.4266,0,0,0
"MtrElec",4,7,3,"",45.1662,0,0,0,0,0,0,0,0,0,0,0,0,0,0,0,0,0,0,0,0,45.1662,0,0,0
"MtrElec",4,7,4,"",45.1,0,0,0,0,0,0,0,0,0,0,0,0,0,0,0,0,0,0,0,0,45.1,0,0,0
"MtrElec",4,7,5,"",44.5759,0,0,0,0,0,0,0,0,0,0,0,0,0,0,0,0,0,0,0,0,44.5759,0,0,0
"MtrElec",4,7,6,"",48.6585,0,0,0,0,0,0,0,0,0,0,0,0,0,0,0,0,0,0,0,0,48.6585,0,0,0
"MtrElec",4,7,7,"",83.1649,0,0,0,0,0,0,0,0,0,0,0,0,0,0,0,0,0,0,0,0,84.6801,0,0,-1.5152
"MtrElec",4,7,8,"",63.3217,0,0,0,0,0,0,0,0,0,0,0,0,0,0,0,0,0,0,0,0,88.0421,0,0,-24.7204
"MtrElec",4,7,9,"",63.8883,0,0,0,0,0,0,0,0,0,0,0,0,0,0,0,0,0,0,0,0,113.962,0,0,-50.0742
"MtrElec",4,7,10,"",81.9605,0,0,0,0,0,0,0,0,0,0,0,0,0,0,0,0,0,0,0,0,132.603,0,0,-50.6424
"MtrElec",4,7,11,"",16.7457,0,0,0,0,0,0,0,0,0,0,0,0,0,0,0,0,0,0,0,0,155.318,0,0,-138.572
"MtrElec",4,7,12,"",-3.35294,0,0,0,0,0,0,0,0,0,0,0,0,0,0,0,0,0,0,0,0,123.481,0,67.8758,-194.709
"MtrElec",4,7,13,"",-23.1608,0,0,0,0,0,0,0,0,0,0,0,0,0,0,0,0,0,0,0,0,108.432,0,67.8758,-199.469
"MtrElec",4,7,14,"",-30.8929,0,0,0,0,0,0,0,0,0,0,0,0,0,0,0,0,0,0,0,0,79.0593,0,67.8758,-177.828
"MtrElec",4,7,15,"",-93.4972,0,0,0,0,0,0,0,0,0,0,0,0,0,0,0,0,0,0,0,0,53.3986,0,49.6232,-196.519
"MtrElec",4,7,16,"",-59.3584,0,0,0,0,0,0,0,0,0,0,0,0,0,0,0,0,0,0,0,0,76.4258,0,0,-135.784
"MtrElec",4,7,17,"",25.8093,0,0,0,0,0,0,0,0,0,0,0,0,0,0,0,0,0,0,0,0,102.081,0,0,-76.2717
"MtrElec",4,7,18,"",59.1493,0,0,0,0,0,0,0,0,0,0,0,0,0,0,0,0,0,0,0,0,78.9654,0,0,-19.8162
"MtrElec",4,7,19,"",21.6407,0,0,0,0,0,0,0,0,0,0,0,0,0,0,0,0,0,0,0,0,99.9337,0,-67.8758,-10.4173
"MtrElec",4,7,20,"",47.9991,0,0,0,0,0,0,0,0,0,0,0,0,0,0,0,0,0,0,0,0,115.875,0,-67.8758,0
"MtrElec",4,7,21,"",70.6189,0,0,0,0,0,0,0,0,0,0,0,0,0,0,0,0,0,0,0,0,138.495,0,-67.8758,0
"MtrElec",4,7,22,"",85.4231,0,0,0,0,0,0,0,0,0,0,0,0,0,0,0,0,0,0,0,0,110.354,0,-24.9313,0
"MtrElec",4,7,23,"",97.9356,0,0,0,0,0,0,0,0,0,0,0,0,0,0,0,0,0,0,0,0,97.9356,0,0,0
"MtrElec",4,7,24,"",114.21,0,0,0,0,0,0,0,0,0,0,0,0,0,0,0,0,0,0,0,0,114.21,0,0,0
"MtrElec",4,8,1,"",57.3304,0,0,0,0,0,0,0,0,0,0,0,0,0,0,0,0,0,0,0,0,57.3304,0,0,0
"MtrElec",4,8,2,"",50.8242,0,0,0,0,0,0,0,0,0,0,0,0,0,0,0,0,0,0,0,0,50.8242,0,0,0
"MtrElec",4,8,3,"",47.7181,0,0,0,0,0,0,0,0,0,0,0,0,0,0,0,0,0,0,0,0,47.7181,0,0,0
"MtrElec",4,8,4,"",46.1164,0,0,0,0,0,0,0,0,0,0,0,0,0,0,0,0,0,0,0,0,46.1164,0,0,0
"MtrElec",4,8,5,"",45.5548,0,0,0,0,0,0,0,0,0,0,0,0,0,0,0,0,0,0,0,0,45.5548,0,0,0
"MtrElec",4,8,6,"",56.8742,0,0,0,0,0,0,0,0,0,0,0,0,0,0,0,0,0,0,0,0,56.8742,0,0,0
"MtrElec",4,8,7,"",90.2419,0,0,0,0,0,0,0,0,0,0,0,0,0,0,0,0,0,0,0,0,92.2766,0,0,-2.03463
"MtrElec",4,8,8,"",59.2746,0,0,0,0,0,0,0,0,0,0,0,0,0,0,0,0,0,0,0,0,95.7586,0,0,-36.484
"MtrElec",4,8,9,"",11.6485,0,0,0,0,0,0,0,0,0,0,0,0,0,0,0,0,0,0,0,0,87.0147,0,0,-75.3662
"MtrElec",4,8,10,"",19.9365,0,0,0,0,0,0,0,0,0,0,0,0,0,0,0,0,0,0,0,0,117.544,0,0,-97.6076
"MtrElec",4,8,11,"",-31.36,0,0,0,0,0,0,0,0,0,0,0,0,0,0,0,0,0,0,0,0,71.3308,0,67.8758,-170.567
"MtrElec",4,8,12,"",0.0000039,0,0,0,0,0,0,0,0,0,0,0,0,0,0,0,0,0,0,0,0,99.0322,0,59.5761,-158.608
"MtrElec",4,8,13,"",14.8816,0,0,0,0,0,0,0,0,0,0,0,0,0,0,0,0,0,0,0,0,82.279,0,0,-67.3974
"MtrElec",4,8,14,"",0,0,0,0,0,0,0,0,0,0,0,0,0,0,0,0,0,0,0,0,0,62.8936,0,1.05009,-63.9437
"MtrElec",4,8,15,"",0.0000005,0,0,0,0,0,0,0,0,0,0,0,0,0,0,0,0,0,0,0,0,80.4323,0,7.29481,-87.7271
"MtrElec",4,8,16,"",0.0000020,0,0,0,0,0,0,0,0,0,0,0,0,0,0,0,0,0,0,0,0,63.4027,0,32.2023,-95.6049
"MtrElec",4,8,17,"",26.6212,0,0,0,0,0,0,0,0,0,0,0,0,0,0,0,0,0,0,0,0,70.7668,0,0,-44.1455
"MtrElec",4,8,18,"",52.0941,0,0,0,0,0,0,0,0,0,0,0,0,0,0,0,0,0,0,0,0,103.213,0,0,-51.1187
"MtrElec",4,8,19,"",34.2381,0,0,0,0,0,0,0,0,0,0,0,0,0,0,0,0,0,0,0,0,118.087,0,-67.8758,-15.9728
"MtrElec",4,8,20,"",72.689,0,0,0,0,0,0,0,0,0,0,0,0,0,0,0,0,0,0,0,0,140.565,0,-67.8758,0
"MtrElec",4,8,21,"",107.079,0,0,0,0,0,0,0,0,0,0,0,0,0,0,0,0,0,0,0,0,122.947,0,-15.8676,0
"MtrElec",4,8,22,"",102.099,0,0,0,0,0,0,0,0,0,0,0,0,0,0,0,0,0,0,0,0,102.099,0,0,0
"MtrElec",4,8,23,"",119.503,0,0,0,0,0,0,0,0,0,0,0,0,0,0,0,0,0,0,0,0,119.503,0,0,0
"MtrElec",4,8,24,"",68.1541,0,0,0,0,0,0,0,0,0,0,0,0,0,0,0,0,0,0,0,0,68.1541,0,0,0
"MtrElec",4,9,1,"",56.9063,0,0,0,0,0,0,0,0,0,0,0,0,0,0,0,0,0,0,0,0,56.9063,0,0,0
"MtrElec",4,9,2,"",48.8253,0,0,0,0,0,0,0,0,0,0,0,0,0,0,0,0,0,0,0,0,48.8253,0,0,0
"MtrElec",4,9,3,"",46.4925,0,0,0,0,0,0,0,0,0,0,0,0,0,0,0,0,0,0,0,0,46.4925,0,0,0
"MtrElec",4,9,4,"",45.7404,0,0,0,0,0,0,0,0,0,0,0,0,0,0,0,0,0,0,0,0,45.7404,0,0,0
"MtrElec",4,9,5,"",45.1307,0,0,0,0,0,0,0,0,0,0,0,0,0,0,0,0,0,0,0,0,45.1307,0,0,0
"MtrElec",4,9,6,"",98.2212,0,0,0,0,0,0,0,0,0,0,0,0,0,0,0,0,0,0,0,0,98.2212,0,0,0
"MtrElec",4,9,7,"",77.6111,0,0,0,0,0,0,0,0,0,0,0,0,0,0,0,0,0,0,0,0,79.5363,0,0,-1.92523
"MtrElec",4,9,8,"",58.7982,0,0,0,0,0,0,0,0,0,0,0,0,0,0,0,0,0,0,0,0,85.4724,0,0,-26.6742
"MtrElec",4,9,9,"",17.9921,0,0,0,0,0,0,0,0,0,0,0,0,0,0,0,0,0,0,0,0,100.165,0,0,-82.1733
"MtrElec",4,9,10,"",0,0,0,0,0,0,0,0,0,0,0,0,0,0,0,0,0,0,0,0,0,117.29,0,15.428,-132.718
"MtrElec",4,9,11,"",-5.01201,0,0,0,0,0,0,0,0,0,0,0,0,0,0,0,0,0,0,0,0,100.301,0,67.8758,-173.189
"MtrElec",4,9,12,"",-38.2407,0,0,0,0,0,0,0,0,0,0,0,0,0,0,0,0,0,0,0,0,91.9759,0,67.8758,-198.092
"MtrElec",4,9,13,"",-24.4283,0,0,0,0,0,0,0,0,0,0,0,0,0,0,0,0,0,0,0,0,106.588,0,67.8758,-198.892
"MtrElec",4,9,14,"",-107.86,0,0,0,0,0,0,0,0,0,0,0,0,0,0,0,0,0,0,0,0,57.656,0,34.1952,-199.711
"MtrElec",4,9,15,"",-54.3844,0,0,0,0,0,0,0,0,0,0,0,0,0,0,0,0,0,0,0,0,75.9007,0,0,-130.285
"MtrElec",4,9,16,"",-52.05,0,0,0,0,0,0,0,0,0,0,0,0,0,0,0,0,0,0,0,0,86.5394,0,0,-138.589
"MtrElec",4,9,17,"",12.6858,0,0,0,0,0,0,0,0,0,0,0,0,0,0,0,0,0,0,0,0,94.879,0,0,-82.1931
"MtrElec",4,9,18,"",93.8559,0,0,0,0,0,0,0,0,0,0,0,0,0,0,0,0,0,0,0,0,122.664,0,0,-28.8078
"MtrElec",4,9,19,"",37.3079,0,0,0,0,0,0,0,0,0,0,0,0,0,0,0,0,0,0,0,0,122.226,0,-67.8758,-17.0422
"MtrElec",4,9,20,"",72.8655,0,0,0,0,0,0,0,0,0,0,0,0,0,0,0,0,0,0,0,0,140.741,0,-67.8758,0
"MtrElec",4,9,21,"",75.5573,0,0,0,0,0,0,0,0,0,0,0,0,0,0,0,0,0,0,0,0,143.433,0,-67.8758,0
"MtrElec",4,9,22,"",59.5448,0,0,0,0,0,0,0,0,0,0,0,0,0,0,0,0,0,0,0,0,84.4761,0,-24.9313,0
"MtrElec",4,9,23,"",104.709,0,0,0,0,0,0,0,0,0,0,0,0,0,0,0,0,0,0,0,0,104.709,0,0,0
"MtrElec",4,9,24,"",84.4692,0,0,0,0,0,0,0,0,0,0,0,0,0,0,0,0,0,0,0,0,84.4692,0,0,0
"MtrElec",4,10,1,"",71.6512,0,0,0,0,0,0,0,0,0,0,0,0,0,0,0,0,0,0,0,0,71.6512,0,0,0
"MtrElec",4,10,2,"",52.1013,0,0,0,0,0,0,0,0,0,0,0,0,0,0,0,0,0,0,0,0,52.1013,0,0,0
"MtrElec",4,10,3,"",51.15,0,0,0,0,0,0,0,0,0,0,0,0,0,0,0,0,0,0,0,0,51.15,0,0,0
"MtrElec",4,10,4,"",53.0117,0,0,0,0,0,0,0,0,0,0,0,0,0,0,0,0,0,0,0,0,53.0117,0,0,0
"MtrElec",4,10,5,"",53.3836,0,0,0,0,0,0,0,0,0,0,0,0,0,0,0,0,0,0,0,0,53.3836,0,0,0
"MtrElec",4,10,6,"",59.0631,0,0,0,0,0,0,0,0,0,0,0,0,0,0,0,0,0,0,0,0,59.0631,0,0,0
"MtrElec",4,10,7,"",96.141,0,0,0,0,0,0,0,0,0,0,0,0,0,0,0,0,0,0,0,0,98.0004,0,0,-1.85942
"MtrElec",4,10,8,"",78.2377,0,0,0,0,0,0,0,0,0,0,0,0,0,0,0,0,0,0,0,0,105.652,0,0,-27.4141
"MtrElec",4,10,9,"",35.7081,0,0,0,0,0,0,0,0,0,0,0,0,0,0,0,0,0,0,0,0,116.775,0,0,-81.0669
"MtrElec",4,10,10,"",7.20881,0,0,0,0,0,0,0,0,0,0,0,0,0,0,0,0,0,0,0,0,138.751,0,0,-131.542
"MtrElec",4,10,11,"",0,0,0,0,0,0,0,0,0,0,0,0,0,0,0,0,0,0,0,0,0,118.778,0,52.9274,-171.705
"MtrElec",4,10,12,"",-55.0496,0,0,0,0,0,0,0,0,0,0,0,0,0,0,0,0,0,0,0,0,70.2126,0,67.8758,-193.138
"MtrElec",4,10,13,"",-32.2487,0,0,0,0,0,0,0,0,0,0,0,0,0,0,0,0,0,0,0,0,103.897,0,67.8758,-204.021
"MtrElec",4,10,14,"",-79.9217,0,0,0,0,0,0,0,0,0,0,0,0,0,0,0,0,0,0,0,0,59.7851,0,64.5716,-204.278
"MtrElec",4,10,15,"",-97.9409,0,0,0,0,0,0,0,0,0,0,0,0,0,0,0,0,0,0,0,0,91.2034,0,0,-189.144
"MtrElec",4,10,16,"",-102.262,0,0,0,0,0,0,0,0,0,0,0,0,0,0,0,0,0,0,0,0,58.9058,0,0,-161.168
"MtrElec",4,10,17,"",-32.2138,0,0,0,0,0,0,0,0,0,0,0,0,0,0,0,0,0,0,0,0,88.0032,0,0,-120.217
"MtrElec",4,10,18,"",44.0692,0,0,0,0,0,0,0,0,0,0,0,0,0,0,0,0,0,0,0,0,111.277,0,0,-67.2082
"MtrElec",4,10,19,"",14.1188,0,0,0,0,0,0,0,0,0,0,0,0,0,0,0,0,0,0,0,0,98.5699,0,-67.8758,-16.5753
"MtrElec",4,10,20,"",62.3035,0,0,0,0,0,0,0,0,0,0,0,0,0,0,0,0,0,0,0,0,130.179,0,-67.8758,0
"MtrElec",4,10,21,"",56.5892,0,0,0,0,0,0,0,0,0,0,0,0,0,0,0,0,0,0,0,0,124.465,0,-67.8758,0
"MtrElec",4,10,22,"",88.6346,0,0,0,0,0,0,0,0,0,0,0,0,0,0,0,0,0,0,0,0,113.566,0,-24.9313,0
"MtrElec",4,10,23,"",96.6513,0,0,0,0,0,0,0,0,0,0,0,0,0,0,0,0,0,0,0,0,96.6513,0,0,0
"MtrElec",4,10,24,"",62.3855,0,0,0,0,0,0,0,0,0,0,0,0,0,0,0,0,0,0,0,0,62.3855,0,0,0
"MtrElec",4,11,1,"",48.3903,0,0,0,0,0,0,0,0,0,0,0,0,0,0,0,0,0,0,0,0,48.3903,0,0,0
"MtrElec",4,11,2,"",45.9916,0,0,0,0,0,0,0,0,0,0,0,0,0,0,0,0,0,0,0,0,45.9916,0,0,0
"MtrElec",4,11,3,"",44.4673,0,0,0,0,0,0,0,0,0,0,0,0,0,0,0,0,0,0,0,0,44.4673,0,0,0
"MtrElec",4,11,4,"",45.868,0,0,0,0,0,0,0,0,0,0,0,0,0,0,0,0,0,0,0,0,45.868,0,0,0
"MtrElec",4,11,5,"",45.1771,0,0,0,0,0,0,0,0,0,0,0,0,0,0,0,0,0,0,0,0,45.1771,0,0,0
"MtrElec",4,11,6,"",70.085,0,0,0,0,0,0,0,0,0,0,0,0,0,0,0,0,0,0,0,0,70.085,0,0,0
"MtrElec",4,11,7,"",51.7857,0,0,0,0,0,0,0,0,0,0,0,0,0,0,0,0,0,0,0,0,53.1263,0,0,-1.34064
"MtrElec",4,11,8,"",52.3589,0,0,0,0,0,0,0,0,0,0,0,0,0,0,0,0,0,0,0,0,80.4995,0,0,-28.1406
"MtrElec",4,11,9,"",45.1343,0,0,0,0,0,0,0,0,0,0,0,0,0,0,0,0,0,0,0,0,123.424,0,0,-78.29
"MtrElec",4,11,10,"",5.93404,0,0,0,0,0,0,0,0,0,0,0,0,0,0,0,0,0,0,0,0,106.535,0,0,-100.601
"MtrElec",4,11,11,"",0,0,0,0,0,0,0,0,0,0,0,0,0,0,0,0,0,0,0,0,0,104.81,0,35.6947,-140.505
"MtrElec",4,11,12,"",0,0,0,0,0,0,0,0,0,0,0,0,0,0,0,0,0,0,0,0,0,131.678,0,27.8849,-159.563
"MtrElec",4,11,13,"",-11.5381,0,0,0,0,0,0,0,0,0,0,0,0,0,0,0,0,0,0,0,0,114.774,0,67.8758,-194.188
"MtrElec",4,11,14,"",-31.3515,0,0,0,0,0,0,0,0,0,0,0,0,0,0,0,0,0,0,0,0,103.903,0,67.8758,-203.13
"MtrElec",4,11,15,"",-40.9452,0,0,0,0,0,0,0,0,0,0,0,0,0,0,0,0,0,0,0,0,89.7205,0,53.9194,-184.585
"MtrElec",4,11,16,"",-76.7929,0,0,0,0,0,0,0,0,0,0,0,0,0,0,0,0,0,0,0,0,82.181,0,0,-158.974
"MtrElec",4,11,17,"",-15.0925,0,0,0,0,0,0,0,0,0,0,0,0,0,0,0,0,0,0,0,0,103.632,0,0,-118.725
"MtrElec",4,11,18,"",17.6261,0,0,0,0,0,0,0,0,0,0,0,0,0,0,0,0,0,0,0,0,84.0431,0,0,-66.4169
"MtrElec",4,11,19,"",33.8908,0,0,0,0,0,0,0,0,0,0,0,0,0,0,0,0,0,0,0,0,118.307,0,-67.8758,-16.5406
"MtrElec",4,11,20,"",53.5841,0,0,0,0,0,0,0,0,0,0,0,0,0,0,0,0,0,0,0,0,121.46,0,-67.8758,0
"MtrElec",4,11,21,"",45.9676,0,0,0,0,0,0,0,0,0,0,0,0,0,0,0,0,0,0,0,0,113.843,0,-67.8758,0
"MtrElec",4,11,22,"",48.0933,0,0,0,0,0,0,0,0,0,0,0,0,0,0,0,0,0,0,0,0,73.0246,0,-24.9313,0
"MtrElec",4,11,23,"",87.6152,0,0,0,0,0,0,0,0,0,0,0,0,0,0,0,0,0,0,0,0,87.6152,0,0,0
"MtrElec",4,11,24,"",91.4658,0,0,0,0,0,0,0,0,0,0,0,0,0,0,0,0,0,0,0,0,91.4658,0,0,0
"MtrElec",4,12,1,"",59.9428,0,0,0,0,0,0,0,0,0,0,0,0,0,0,0,0,0,0,0,0,59.9428,0,0,0
"MtrElec",4,12,2,"",46.2208,0,0,0,0,0,0,0,0,0,0,0,0,0,0,0,0,0,0,0,0,46.2208,0,0,0
"MtrElec",4,12,3,"",46.1239,0,0,0,0,0,0,0,0,0,0,0,0,0,0,0,0,0,0,0,0,46.1239,0,0,0
"MtrElec",4,12,4,"",46.5116,0,0,0,0,0,0,0,0,0,0,0,0,0,0,0,0,0,0,0,0,46.5116,0,0,0
"MtrElec",4,12,5,"",52.8858,0,0,0,0,0,0,0,0,0,0,0,0,0,0,0,0,0,0,0,0,52.8858,0,0,0
"MtrElec",4,12,6,"",47.7004,0,0,0,0,0,0,0,0,0,0,0,0,0,0,0,0,0,0,0,0,47.7004,0,0,0
"MtrElec",4,12,7,"",75.5265,0,0,0,0,0,0,0,0,0,0,0,0,0,0,0,0,0,0,0,0,77.5695,0,0,-2.04308
"MtrElec",4,12,8,"",25.389,0,0,0,0,0,0,0,0,0,0,0,0,0,0,0,0,0,0,0,0,53.2577,0,0,-27.8687
"MtrElec",4,12,9,"",17.7741,0,0,0,0,0,0,0,0,0,0,0,0,0,0,0,0,0,0,0,0,96.2251,0,0,-78.451
"MtrElec",4,12,10,"",0,0,0,0,0,0,0,0,0,0,0,0,0,0,0,0,0,0,0,0,0,102.079,0,26.5827,-128.662
"MtrElec",4,12,11,"",0,0,0,0,0,0,0,0,0,0,0,0,0,0,0,0,0,0,0,0,0,102.527,0,64.9564,-167.484
"MtrElec",4,12,12,"",0,0,0,0,0,0,0,0,0,0,0,0,0,0,0,0,0,0,0,0,0,125.928,0,64.493,-190.421
"MtrElec",4,12,13,"",-14.7501,0,0,0,0,0,0,0,0,0,0,0,0,0,0,0,0,0,0,0,0,113.931,0,67.8758,-196.557
"MtrElec",4,12,14,"",-75.4927,0,0,0,0,0,0,0,0,0,0,0,0,0,0,0,0,0,0,0,0,95.891,0,29.3426,-200.726
"MtrElec",4,12,15,"",-114.037,0,0,0,0,0,0,0,0,0,0,0,0,0,0,0,0,0,0,0,0,75.4445,0,0,-189.481
"MtrElec",4,12,16,"",-69.4296,0,0,0,0,0,0,0,0,0,0,0,0,0,0,0,0,0,0,0,0,90.5684,0,0,-159.998
"MtrElec",4,12,17,"",-40.8717,0,0,0,0,0,0,0,0,0,0,0,0,0,0,0,0,0,0,0,0,76.9987,0,0,-117.87
"MtrElec",4,12,18,"",9.58419,0,0,0,0,0,0,0,0,0,0,0,0,0,0,0,0,0,0,0,0,75.1411,0,0,-65.5569
"MtrElec",4,12,19,"",38.8763,0,0,0,0,0,0,0,0,0,0,0,0,0,0,0,0,0,0,0,0,123.481,0,-67.8758,-16.7292
"MtrElec",4,12,20,"",23.7286,0,0,0,0,0,0,0,0,0,0,0,0,0,0,0,0,0,0,0,0,91.6044,0,-67.8758,0
"MtrElec",4,12,21,"",43.4033,0,0,0,0,0,0,0,0,0,0,0,0,0,0,0,0,0,0,0,0,111.279,0,-67.8758,0
"MtrElec",4,12,22,"",46.1409,0,0,0,0,0,0,0,0,0,0,0,0,0,0,0,0,0,0,0,0,71.0722,0,-24.9313,0
"MtrElec",4,12,23,"",85.2632,0,0,0,0,0,0,0,0,0,0,0,0,0,0,0,0,0,0,0,0,85.2632,0,0,0
"MtrElec",4,12,24,"",88.9337,0,0,0,0,0,0,0,0,0,0,0,0,0,0,0,0,0,0,0,0,88.9337,0,0,0
"MtrElec",4,13,1,"",56.1178,0,0,0,0,0,0,0,0,0,0,0,0,0,0,0,0,0,0,0,0,56.1178,0,0,0
"MtrElec",4,13,2,"",46.0782,0,0,0,0,0,0,0,0,0,0,0,0,0,0,0,0,0,0,0,0,46.0782,0,0,0
"MtrElec",4,13,3,"",44.7973,0,0,0,0,0,0,0,0,0,0,0,0,0,0,0,0,0,0,0,0,44.7973,0,0,0
"MtrElec",4,13,4,"",44.7458,0,0,0,0,0,0,0,0,0,0,0,0,0,0,0,0,0,0,0,0,44.7458,0,0,0
"MtrElec",4,13,5,"",44.1974,0,0,0,0,0,0,0,0,0,0,0,0,0,0,0,0,0,0,0,0,44.1974,0,0,0
"MtrElec",4,13,6,"",53.9906,0,0,0,0,0,0,0,0,0,0,0,0,0,0,0,0,0,0,0,0,53.9906,0,0,0
"MtrElec",4,13,7,"",101.781,0,0,0,0,0,0,0,0,0,0,0,0,0,0,0,0,0,0,0,0,103.534,0,0,-1.75275
"MtrElec",4,13,8,"",75.8294,0,0,0,0,0,0,0,0,0,0,0,0,0,0,0,0,0,0,0,0,101.982,0,0,-26.153
"MtrElec",4,13,9,"",69.6391,0,0,0,0,0,0,0,0,0,0,0,0,0,0,0,0,0,0,0,0,123.721,0,0,-54.0816
"MtrElec",4,13,10,"",24.9801,0,0,0,0,0,0,0,0,0,0,0,0,0,0,0,0,0,0,0,0,112.132,0,0,-87.1516
"MtrElec",4,13,11,"",0,0,0,0,0,0,0,0,0,0,0,0,0,0,0,0,0,0,0,0,0,114.073,0,42.8809,-156.954
"MtrElec",4,13,12,"",-29.4391,0,0,0,0,0,0,0,0,0,0,0,0,0,0,0,0,0,0,0,0,84.9425,0,67.8758,-182.257
"MtrElec",4,13,13,"",-48.3251,0,0,0,0,0,0,0,0,0,0,0,0,0,0,0,0,0,0,0,0,60.285,0,67.8758,-176.486
"MtrElec",4,13,14,"",-32.13,0,0,0,0,0,0,0,0,0,0,0,0,0,0,0,0,0,0,0,0,77.1236,0,67.8758,-177.129
"MtrElec",4,13,15,"",-59.1214,0,0,0,0,0,0,0,0,0,0,0,0,0,0,0,0,0,0,0,0,53.2604,0,6.74231,-119.124
"MtrElec",4,13,16,"",-91.228,0,0,0,0,0,0,0,0,0,0,0,0,0,0,0,0,0,0,0,0,58.1691,0,0,-149.397
"MtrElec",4,13,17,"",-31.0209,0,0,0,0,0,0,0,0,0,0,0,0,0,0,0,0,0,0,0,0,67.4894,0,0,-98.5103
"MtrElec",4,13,18,"",43.6758,0,0,0,0,0,0,0,0,0,0,0,0,0,0,0,0,0,0,0,0,97.6097,0,0,-53.934
"MtrElec",4,13,19,"",3.97951,0,0,0,0,0,0,0,0,0,0,0,0,0,0,0,0,0,0,0,0,88.4092,0,-67.8758,-16.5539
"MtrElec",4,13,20,"",82.947,0,0,0,0,0,0,0,0,0,0,0,0,0,0,0,0,0,0,0,0,150.823,0,-67.8758,0
"MtrElec",4,13,21,"",55.9235,0,0,0,0,0,0,0,0,0,0,0,0,0,0,0,0,0,0,0,0,123.799,0,-67.8758,0
"MtrElec",4,13,22,"",90.874,0,0,0,0,0,0,0,0,0,0,0,0,0,0,0,0,0,0,0,0,115.805,0,-24.9313,0
"MtrElec",4,13,23,"",70.7569,0,0,0,0,0,0,0,0,0,0,0,0,0,0,0,0,0,0,0,0,70.7569,0,0,0
"MtrElec",4,13,24,"",55.5152,0,0,0,0,0,0,0,0,0,0,0,0,0,0,0,0,0,0,0,0,55.5152,0,0,0
"MtrElec",4,14,1,"",71.8283,0,0,0,0,0,0,0,0,0,0,0,0,0,0,0,0,0,0,0,0,71.8283,0,0,0
"MtrElec",4,14,2,"",47.8133,0,0,0,0,0,0,0,0,0,0,0,0,0,0,0,0,0,0,0,0,47.8133,0,0,0
"MtrElec",4,14,3,"",47.0732,0,0,0,0,0,0,0,0,0,0,0,0,0,0,0,0,0,0,0,0,47.0732,0,0,0
"MtrElec",4,14,4,"",46.2376,0,0,0,0,0,0,0,0,0,0,0,0,0,0,0,0,0,0,0,0,46.2376,0,0,0
"MtrElec",4,14,5,"",45.6807,0,0,0,0,0,0,0,0,0,0,0,0,0,0,0,0,0,0,0,0,45.6807,0,0,0
"MtrElec",4,14,6,"",48.9359,0,0,0,0,0,0,0,0,0,0,0,0,0,0,0,0,0,0,0,0,48.9359,0,0,0
"MtrElec",4,14,7,"",79.7604,0,0,0,0,0,0,0,0,0,0,0,0,0,0,0,0,0,0,0,0,82.9385,0,0,-3.17815
"MtrElec",4,14,8,"",75.4198,0,0,0,0,0,0,0,0,0,0,0,0,0,0,0,0,0,0,0,0,104.845,0,0,-29.4257
"MtrElec",4,14,9,"",23.9324,0,0,0,0,0,0,0,0,0,0,0,0,0,0,0,0,0,0,0,0,105.543,0,0,-81.6102
"MtrElec",4,14,10,"",0,0,0,0,0,0,0,0,0,0,0,0,0,0,0,0,0,0,0,0,0,118.576,0,12.4932,-131.069
"MtrElec",4,14,11,"",0.0000039,0,0,0,0,0,0,0,0,0,0,0,0,0,0,0,0,0,0,0,0,121.253,0,46.7263,-167.979
"MtrElec",4,14,12,"",0,0,0,0,0,0,0,0,0,0,0,0,0,0,0,0,0,0,0,0,0,129.696,0,63.5948,-193.291
"MtrElec",4,14,13,"",-65.2224,0,0,0,0,0,0,0,0,0,0,0,0,0,0,0,0,0,0,0,0,68.9187,0,67.8758,-202.017
"MtrElec",4,14,14,"",-56.7845,0,0,0,0,0,0,0,0,0,0,0,0,0,0,0,0,0,0,0,0,81.9081,0,62.5605,-201.253
"MtrElec",4,14,15,"",-118.463,0,0,0,0,0,0,0,0,0,0,0,0,0,0,0,0,0,0,0,0,67.6617,0,0,-186.125
"MtrElec",4,14,16,"",-74.9369,0,0,0,0,0,0,0,0,0,0,0,0,0,0,0,0,0,0,0,0,82.1708,0,0,-157.108
"MtrElec",4,14,17,"",-4.2328,0,0,0,0,0,0,0,0,0,0,0,0,0,0,0,0,0,0,0,0,112.161,0,0,-116.394
"MtrElec",4,14,18,"",22.2623,0,0,0,0,0,0,0,0,0,0,0,0,0,0,0,0,0,0,0,0,88.5225,0,0,-66.2602
"MtrElec",4,14,19,"",41.8713,0,0,0,0,0,0,0,0,0,0,0,0,0,0,0,0,0,0,0,0,126.36,0,-67.8758,-16.6134
"MtrElec",4,14,20,"",49.0197,0,0,0,0,0,0,0,0,0,0,0,0,0,0,0,0,0,0,0,0,116.895,0,-67.8758,0
"MtrElec",4,14,21,"",90.8014,0,0,0,0,0,0,0,0,0,0,0,0,0,0,0,0,0,0,0,0,158.677,0,-67.8758,0
"MtrElec",4,14,22,"",80.6621,0,0,0,0,0,0,0,0,0,0,0,0,0,0,0,0,0,0,0,0,105.593,0,-24.9313,0
"MtrElec",4,14,23,"",93.9076,0,0,0,0,0,0,0,0,0,0,0,0,0,0,0,0,0,0,0,0,93.9076,0,0,0
"MtrElec",4,14,24,"",71.6798,0,0,0,0,0,0,0,0,0,0,0,0,0,0,0,0,0,0,0,0,71.6798,0,0,0
"MtrElec",4,15,1,"",78.9238,0,0,0,0,0,0,0,0,0,0,0,0,0,0,0,0,0,0,0,0,78.9238,0,0,0
"MtrElec",4,15,2,"",46.2884,0,0,0,0,0,0,0,0,0,0,0,0,0,0,0,0,0,0,0,0,46.2884,0,0,0
"MtrElec",4,15,3,"",45.0058,0,0,0,0,0,0,0,0,0,0,0,0,0,0,0,0,0,0,0,0,45.0058,0,0,0
"MtrElec",4,15,4,"",44.9468,0,0,0,0,0,0,0,0,0,0,0,0,0,0,0,0,0,0,0,0,44.9468,0,0,0
"MtrElec",4,15,5,"",44.4138,0,0,0,0,0,0,0,0,0,0,0,0,0,0,0,0,0,0,0,0,44.4138,0,0,0
"MtrElec",4,15,6,"",54.9757,0,0,0,0,0,0,0,0,0,0,0,0,0,0,0,0,0,0,0,0,54.9757,0,0,0
"MtrElec",4,15,7,"",107.654,0,0,0,0,0,0,0,0,0,0,0,0,0,0,0,0,0,0,0,0,111.237,0,0,-3.58323
"MtrElec",4,15,8,"",78.7843,0,0,0,0,0,0,0,0,0,0,0,0,0,0,0,0,0,0,0,0,107.377,0,0,-28.5923
"MtrElec",4,15,9,"",15.0285,0,0,0,0,0,0,0,0,0,0,0,0,0,0,0,0,0,0,0,0,96.0258,0,0,-80.9973
"MtrElec",4,15,10,"",0.0000002,0,0,0,0,0,0,0,0,0,0,0,0,0,0,0,0,0,0,0,0,126.499,0,2.45851,-128.958
"MtrElec",4,15,11,"",-15.2858,0,0,0,0,0,0,0,0,0,0,0,0,0,0,0,0,0,0,0,0,81.4771,0,67.8758,-164.639
"MtrElec",4,15,12,"",-18.4828,0,0,0,0,0,0,0,0,0,0,0,0,0,0,0,0,0,0,0,0,98.243,0,67.8758,-184.602
"MtrElec",4,15,13,"",-1.15888,0,0,0,0,0,0,0,0,0,0,0,0,0,0,0,0,0,0,0,0,123.039,0,67.8758,-192.073
"MtrElec",4,15,14,"",-71.441,0,0,0,0,0,0,0,0,0,0,0,0,0,0,0,0,0,0,0,0,70.8299,0,47.1647,-189.436
"MtrElec",4,15,15,"",-90.4043,0,0,0,0,0,0,0,0,0,0,0,0,0,0,0,0,0,0,0,0,87.2672,0,0,-177.672
"MtrElec",4,15,16,"",-76.578,0,0,0,0,0,0,0,0,0,0,0,0,0,0,0,0,0,0,0,0,76.4555,0,0,-153.033
"MtrElec",4,15,17,"",1.47316,0,0,0,0,0,0,0,0,0,0,0,0,0,0,0,0,0,0,0,0,115.77,0,0,-114.297
"MtrElec",4,15,18,"",53.77,0,0,0,0,0,0,0,0,0,0,0,0,0,0,0,0,0,0,0,0,119.208,0,0,-65.4382
"MtrElec",4,15,19,"",56.6205,0,0,0,0,0,0,0,0,0,0,0,0,0,0,0,0,0,0,0,0,140.874,0,-67.8758,-16.3777
"MtrElec",4,15,20,"",53.6302,0,0,0,0,0,0,0,0,0,0,0,0,0,0,0,0,0,0,0,0,121.506,0,-67.8758,0
"MtrElec",4,15,21,"",59.2531,0,0,0,0,0,0,0,0,0,0,0,0,0,0,0,0,0,0,0,0,127.129,0,-67.8758,0
"MtrElec",4,15,22,"",63.9085,0,0,0,0,0,0,0,0,0,0,0,0,0,0,0,0,0,0,0,0,88.8398,0,-24.9313,0
"MtrElec",4,15,23,"",130.295,0,0,0,0,0,0,0,0,0,0,0,0,0,0,0,0,0,0,0,0,130.295,0,0,0
"MtrElec",4,15,24,"",100.407,0,0,0,0,0,0,0,0,0,0,0,0,0,0,0,0,0,0,0,0,100.407,0,0,0
"MtrElec",4,16,1,"",63.3839,0,0,0,0,0,0,0,0,0,0,0,0,0,0,0,0,0,0,0,0,63.3839,0,0,0
"MtrElec",4,16,2,"",46.9323,0,0,0,0,0,0,0,0,0,0,0,0,0,0,0,0,0,0,0,0,46.9323,0,0,0
"MtrElec",4,16,3,"",46.2693,0,0,0,0,0,0,0,0,0,0,0,0,0,0,0,0,0,0,0,0,46.2693,0,0,0
"MtrElec",4,16,4,"",52.6834,0,0,0,0,0,0,0,0,0,0,0,0,0,0,0,0,0,0,0,0,52.6834,0,0,0
"MtrElec",4,16,5,"",44.6953,0,0,0,0,0,0,0,0,0,0,0,0,0,0,0,0,0,0,0,0,44.6953,0,0,0
"MtrElec",4,16,6,"",55.1579,0,0,0,0,0,0,0,0,0,0,0,0,0,0,0,0,0,0,0,0,55.1579,0,0,0
"MtrElec",4,16,7,"",94.9164,0,0,0,0,0,0,0,0,0,0,0,0,0,0,0,0,0,0,0,0,98.8753,0,0,-3.95887
"MtrElec",4,16,8,"",50.8616,0,0,0,0,0,0,0,0,0,0,0,0,0,0,0,0,0,0,0,0,79.8601,0,0,-28.9985
"MtrElec",4,16,9,"",18.9538,0,0,0,0,0,0,0,0,0,0,0,0,0,0,0,0,0,0,0,0,99.4472,0,0,-80.4933
"MtrElec",4,16,10,"",0,0,0,0,0,0,0,0,0,0,0,0,0,0,0,0,0,0,0,0,0,85.6635,0,42.0995,-127.763
"MtrElec",4,16,11,"",-0.890938,0,0,0,0,0,0,0,0,0,0,0,0,0,0,0,0,0,0,0,0,91.9507,0,67.8758,-160.717
"MtrElec",4,16,12,"",-0.0434531,0,0,0,0,0,0,0,0,0,0,0,0,0,0,0,0,0,0,0,0,114.382,0,67.8758,-182.301
"MtrElec",4,16,13,"",-12.5896,0,0,0,0,0,0,0,0,0,0,0,0,0,0,0,0,0,0,0,0,114.836,0,67.8758,-195.301
"MtrElec",4,16,14,"",-78.5229,0,0,0,0,0,0,0,0,0,0,0,0,0,0,0,0,0,0,0,0,109.161,0,7.52377,-195.208
"MtrElec",4,16,15,"",-69.8122,0,0,0,0,0,0,0,0,0,0,0,0,0,0,0,0,0,0,0,0,110.482,0,0,-180.294
"MtrElec",4,16,16,"",-35.5273,0,0,0,0,0,0,0,0,0,0,0,0,0,0,0,0,0,0,0,0,119.261,0,0,-154.788
"MtrElec",4,16,17,"",11.1273,0,0,0,0,0,0,0,0,0,0,0,0,0,0,0,0,0,0,0,0,127.364,0,0,-116.237
"MtrElec",4,16,18,"",81.0664,0,0,0,0,0,0,0,0,0,0,0,0,0,0,0,0,0,0,0,0,146.973,0,0,-65.9068
"MtrElec",4,16,19,"",75.7713,0,0,0,0,0,0,0,0,0,0,0,0,0,0,0,0,0,0,0,0,160.185,0,-67.8758,-16.5382
"MtrElec",4,16,20,"",77.7008,0,0,0,0,0,0,0,0,0,0,0,0,0,0,0,0,0,0,0,0,145.577,0,-67.8758,0
"MtrElec",4,16,21,"",74.0843,0,0,0,0,0,0,0,0,0,0,0,0,0,0,0,0,0,0,0,0,141.96,0,-67.8758,0
"MtrElec",4,16,22,"",63.9546,0,0,0,0,0,0,0,0,0,0,0,0,0,0,0,0,0,0,0,0,88.8859,0,-24.9313,0
"MtrElec",4,16,23,"",106.149,0,0,0,0,0,0,0,0,0,0,0,0,0,0,0,0,0,0,0,0,106.149,0,0,0
"MtrElec",4,16,24,"",74.2789,0,0,0,0,0,0,0,0,0,0,0,0,0,0,0,0,0,0,0,0,74.2789,0,0,0
"MtrElec",4,17,1,"",65.8574,0,0,0,0,0,0,0,0,0,0,0,0,0,0,0,0,0,0,0,0,65.8574,0,0,0
"MtrElec",4,17,2,"",48.2436,0,0,0,0,0,0,0,0,0,0,0,0,0,0,0,0,0,0,0,0,48.2436,0,0,0
"MtrElec",4,17,3,"",46.0141,0,0,0,0,0,0,0,0,0,0,0,0,0,0,0,0,0,0,0,0,46.0141,0,0,0
"MtrElec",4,17,4,"",45.562,0,0,0,0,0,0,0,0,0,0,0,0,0,0,0,0,0,0,0,0,45.562,0,0,0
"MtrElec",4,17,5,"",44.8826,0,0,0,0,0,0,0,0,0,0,0,0,0,0,0,0,0,0,0,0,44.8826,0,0,0
"MtrElec",4,17,6,"",67.7805,0,0,0,0,0,0,0,0,0,0,0,0,0,0,0,0,0,0,0,0,67.7805,0,0,0
"MtrElec",4,17,7,"",54.5568,0,0,0,0,0,0,0,0,0,0,0,0,0,0,0,0,0,0,0,0,58.5445,0,0,-3.98768
"MtrElec",4,17,8,"",68.067,0,0,0,0,0,0,0,0,0,0,0,0,0,0,0,0,0,0,0,0,97.0986,0,0,-29.0316
"MtrElec",4,17,9,"",33.388,0,0,0,0,0,0,0,0,0,0,0,0,0,0,0,0,0,0,0,0,113.253,0,0,-79.865
"MtrElec",4,17,10,"",0,0,0,0,0,0,0,0,0,0,0,0,0,0,0,0,0,0,0,0,0,74.0383,0,51.6718,-125.71
"MtrElec",4,17,11,"",0.0000039,0,0,0,0,0,0,0,0,0,0,0,0,0,0,0,0,0,0,0,0,99.6481,0,59.9197,-159.568
"MtrElec",4,17,12,"",-54.0492,0,0,0,0,0,0,0,0,0,0,0,0,0,0,0,0,0,0,0,0,65.4281,0,67.8758,-187.353
"MtrElec",4,17,13,"",-43.7164,0,0,0,0,0,0,0,0,0,0,0,0,0,0,0,0,0,0,0,0,88.9825,0,67.8758,-200.575
"MtrElec",4,17,14,"",-101.462,0,0,0,0,0,0,0,0,0,0,0,0,0,0,0,0,0,0,0,0,90.4637,0,5.90748,-197.833
"MtrElec",4,17,15,"",-109.745,0,0,0,0,0,0,0,0,0,0,0,0,0,0,0,0,0,0,0,0,74.9197,0,0,-184.665
"MtrElec",4,17,16,"",-51.4938,0,0,0,0,0,0,0,0,0,0,0,0,0,0,0,0,0,0,0,0,106.386,0,0,-157.88
"MtrElec",4,17,17,"",-1.05126,0,0,0,0,0,0,0,0,0,0,0,0,0,0,0,0,0,0,0,0,116.138,0,0,-117.189
"MtrElec",4,17,18,"",52.0115,0,0,0,0,0,0,0,0,0,0,0,0,0,0,0,0,0,0,0,0,116.085,0,0,-64.0739
"MtrElec",4,17,19,"",58.1006,0,0,0,0,0,0,0,0,0,0,0,0,0,0,0,0,0,0,0,0,140.95,0,-67.8758,-14.9734
"MtrElec",4,17,20,"",36.0751,0,0,0,0,0,0,0,0,0,0,0,0,0,0,0,0,0,0,0,0,103.951,0,-67.8758,0
"MtrElec",4,17,21,"",71.5879,0,0,0,0,0,0,0,0,0,0,0,0,0,0,0,0,0,0,0,0,139.464,0,-67.8758,0
"MtrElec",4,17,22,"",60.1774,0,0,0,0,0,0,0,0,0,0,0,0,0,0,0,0,0,0,0,0,85.1087,0,-24.9313,0
"MtrElec",4,17,23,"",94.0519,0,0,0,0,0,0,0,0,0,0,0,0,0,0,0,0,0,0,0,0,94.0519,0,0,0
"MtrElec",4,17,24,"",65.0016,0,0,0,0,0,0,0,0,0,0,0,0,0,0,0,0,0,0,0,0,65.0016,0,0,0
"MtrElec",4,18,1,"",49.4945,0,0,0,0,0,0,0,0,0,0,0,0,0,0,0,0,0,0,0,0,49.4945,0,0,0
"MtrElec",4,18,2,"",46.8739,0,0,0,0,0,0,0,0,0,0,0,0,0,0,0,0,0,0,0,0,46.8739,0,0,0
"MtrElec",4,18,3,"",46.7849,0,0,0,0,0,0,0,0,0,0,0,0,0,0,0,0,0,0,0,0,46.7849,0,0,0
"MtrElec",4,18,4,"",48.0822,0,0,0,0,0,0,0,0,0,0,0,0,0,0,0,0,0,0,0,0,48.0822,0,0,0
"MtrElec",4,18,5,"",59.6381,0,0,0,0,0,0,0,0,0,0,0,0,0,0,0,0,0,0,0,0,59.6381,0,0,0
"MtrElec",4,18,6,"",47.0387,0,0,0,0,0,0,0,0,0,0,0,0,0,0,0,0,0,0,0,0,47.0387,0,0,0
"MtrElec",4,18,7,"",70.7249,0,0,0,0,0,0,0,0,0,0,0,0,0,0,0,0,0,0,0,0,76.1364,0,0,-5.41157
"MtrElec",4,18,8,"",28.0883,0,0,0,0,0,0,0,0,0,0,0,0,0,0,0,0,0,0,0,0,54.8368,0,0,-26.7485
"MtrElec",4,18,9,"",76.7464,0,0,0,0,0,0,0,0,0,0,0,0,0,0,0,0,0,0,0,0,90.911,0,0,-14.1646
"MtrElec",4,18,10,"",67.6711,0,0,0,0,0,0,0,0,0,0,0,0,0,0,0,0,0,0,0,0,99.901,0,0,-32.2299
"MtrElec",4,18,11,"",96.7914,0,0,0,0,0,0,0,0,0,0,0,0,0,0,0,0,0,0,0,0,156.728,0,0,-59.9364
"MtrElec",4,18,12,"",52.0401,0,0,0,0,0,0,0,0,0,0,0,0,0,0,0,0,0,0,0,0,133.187,0,0,-81.1467
"MtrElec",4,18,13,"",62.9343,0,0,0,0,0,0,0,0,0,0,0,0,0,0,0,0,0,0,0,0,146.259,0,0,-83.3243
"MtrElec",4,18,14,"",0.0000010,0,0,0,0,0,0,0,0,0,0,0,0,0,0,0,0,0,0,0,0,89.5629,0,8.32349,-97.8864
"MtrElec",4,18,15,"",34.3641,0,0,0,0,0,0,0,0,0,0,0,0,0,0,0,0,0,0,0,0,80.6381,0,0,-46.274
"MtrElec",4,18,16,"",59.2057,0,0,0,0,0,0,0,0,0,0,0,0,0,0,0,0,0,0,0,0,106.127,0,0,-46.9211
"MtrElec",4,18,17,"",70.3484,0,0,0,0,0,0,0,0,0,0,0,0,0,0,0,0,0,0,0,0,88.863,0,0,-18.5147
"MtrElec",4,18,18,"",125.861,0,0,0,0,0,0,0,0,0,0,0,0,0,0,0,0,0,0,0,0,131.577,0,0,-5.7155
"MtrElec",4,18,19,"",184.356,0,0,0,0,0,0,0,0,0,0,0,0,0,0,0,0,0,0,0,0,201.723,0,-7.51194,-9.85528
"MtrElec",4,18,20,"",139.658,0,0,0,0,0,0,0,0,0,0,0,0,0,0,0,0,0,0,0,0,139.835,0,0,-0.176836
"MtrElec",4,18,21,"",126.387,0,0,0,0,0,0,0,0,0,0,0,0,0,0,0,0,0,0,0,0,126.387,0,0,0
"MtrElec",4,18,22,"",103.063,0,0,0,0,0,0,0,0,0,0,0,0,0,0,0,0,0,0,0,0,103.063,0,0,0
"MtrElec",4,18,23,"",105.491,0,0,0,0,0,0,0,0,0,0,0,0,0,0,0,0,0,0,0,0,105.491,0,0,0
"MtrElec",4,18,24,"",78.6495,0,0,0,0,0,0,0,0,0,0,0,0,0,0,0,0,0,0,0,0,78.6495,0,0,0
"MtrElec",4,19,1,"",52.9646,0,0,0,0,0,0,0,0,0,0,0,0,0,0,0,0,0,0,0,0,52.9646,0,0,0
"MtrElec",4,19,2,"",46.7364,0,0,0,0,0,0,0,0,0,0,0,0,0,0,0,0,0,0,0,0,46.7364,0,0,0
"MtrElec",4,19,3,"",46.6218,0,0,0,0,0,0,0,0,0,0,0,0,0,0,0,0,0,0,0,0,46.6218,0,0,0
"MtrElec",4,19,4,"",46.1065,0,0,0,0,0,0,0,0,0,0,0,0,0,0,0,0,0,0,0,0,46.1065,0,0,0
"MtrElec",4,19,5,"",44.4943,0,0,0,0,0,0,0,0,0,0,0,0,0,0,0,0,0,0,0,0,44.4943,0,0,0
"MtrElec",4,19,6,"",69.8861,0,0,0,0,0,0,0,0,0,0,0,0,0,0,0,0,0,0,0,0,69.8861,0,0,0
"MtrElec",4,19,7,"",50.4031,0,0,0,0,0,0,0,0,0,0,0,0,0,0,0,0,0,0,0,0,51.0371,0,0,-0.633954
"MtrElec",4,19,8,"",33.7902,0,0,0,0,0,0,0,0,0,0,0,0,0,0,0,0,0,0,0,0,59.0478,0,0,-25.2575
"MtrElec",4,19,9,"",56.8936,0,0,0,0,0,0,0,0,0,0,0,0,0,0,0,0,0,0,0,0,100.855,0,0,-43.9611
"MtrElec",4,19,10,"",0.0000005,0,0,0,0,0,0,0,0,0,0,0,0,0,0,0,0,0,0,0,0,105.616,0,6.48649,-112.102
"MtrElec",4,19,11,"",0,0,0,0,0,0,0,0,0,0,0,0,0,0,0,0,0,0,0,0,0,119.888,0,7.69477,-127.582
"MtrElec",4,19,12,"",-11.3186,0,0,0,0,0,0,0,0,0,0,0,0,0,0,0,0,0,0,0,0,85.0582,0,67.8758,-164.252
"MtrElec",4,19,13,"",-22.8535,0,0,0,0,0,0,0,0,0,0,0,0,0,0,0,0,0,0,0,0,105.97,0,67.8758,-196.699
"MtrElec",4,19,14,"",-12.4939,0,0,0,0,0,0,0,0,0,0,0,0,0,0,0,0,0,0,0,0,95.7952,0,67.8758,-176.165
"MtrElec",4,19,15,"",-47.3461,0,0,0,0,0,0,0,0,0,0,0,0,0,0,0,0,0,0,0,0,104.067,0,35.442,-186.855
"MtrElec",4,19,16,"",-77.3306,0,0,0,0,0,0,0,0,0,0,0,0,0,0,0,0,0,0,0,0,80.9247,0,0,-158.255
"MtrElec",4,19,17,"",-11.1021,0,0,0,0,0,0,0,0,0,0,0,0,0,0,0,0,0,0,0,0,106.034,0,0,-117.136
"MtrElec",4,19,18,"",37.6888,0,0,0,0,0,0,0,0,0,0,0,0,0,0,0,0,0,0,0,0,84.9749,0,0,-47.2861
"MtrElec",4,19,19,"",39.0401,0,0,0,0,0,0,0,0,0,0,0,0,0,0,0,0,0,0,0,0,124.581,0,-67.8758,-17.6648
"MtrElec",4,19,20,"",62.695,0,0,0,0,0,0,0,0,0,0,0,0,0,0,0,0,0,0,0,0,130.73,0,-67.8758,-0.159271
"MtrElec",4,19,21,"",44.7487,0,0,0,0,0,0,0,0,0,0,0,0,0,0,0,0,0,0,0,0,112.624,0,-67.8758,0
"MtrElec",4,19,22,"",90.5748,0,0,0,0,0,0,0,0,0,0,0,0,0,0,0,0,0,0,0,0,115.506,0,-24.9313,0
"MtrElec",4,19,23,"",90.9421,0,0,0,0,0,0,0,0,0,0,0,0,0,0,0,0,0,0,0,0,90.9421,0,0,0
"MtrElec",4,19,24,"",100.776,0,0,0,0,0,0,0,0,0,0,0,0,0,0,0,0,0,0,0,0,100.776,0,0,0
"MtrElec",4,20,1,"",60.2529,0,0,0,0,0,0,0,0,0,0,0,0,0,0,0,0,0,0,0,0,60.2529,0,0,0
"MtrElec",4,20,2,"",46.4955,0,0,0,0,0,0,0,0,0,0,0,0,0,0,0,0,0,0,0,0,46.4955,0,0,0
"MtrElec",4,20,3,"",45.2091,0,0,0,0,0,0,0,0,0,0,0,0,0,0,0,0,0,0,0,0,45.2091,0,0,0
"MtrElec",4,20,4,"",45.1484,0,0,0,0,0,0,0,0,0,0,0,0,0,0,0,0,0,0,0,0,45.1484,0,0,0
"MtrElec",4,20,5,"",44.6373,0,0,0,0,0,0,0,0,0,0,0,0,0,0,0,0,0,0,0,0,44.6373,0,0,0
"MtrElec",4,20,6,"",47.9853,0,0,0,0,0,0,0,0,0,0,0,0,0,0,0,0,0,0,0,0,47.9853,0,0,0
"MtrElec",4,20,7,"",83.5132,0,0,0,0,0,0,0,0,0,0,0,0,0,0,0,0,0,0,0,0,86.3285,0,0,-2.81526
"MtrElec",4,20,8,"",56.8766,0,0,0,0,0,0,0,0,0,0,0,0,0,0,0,0,0,0,0,0,84.5709,0,0,-27.6944
"MtrElec",4,20,9,"",74.8997,0,0,0,0,0,0,0,0,0,0,0,0,0,0,0,0,0,0,0,0,118.327,0,0,-43.4268
"MtrElec",4,20,10,"",10.7285,0,0,0,0,0,0,0,0,0,0,0,0,0,0,0,0,0,0,0,0,102.049,0,0,-91.3204
"MtrElec",4,20,11,"",0,0,0,0,0,0,0,0,0,0,0,0,0,0,0,0,0,0,0,0,0,101.268,0,35.111,-136.379
"MtrElec",4,20,12,"",27.4888,0,0,0,0,0,0,0,0,0,0,0,0,0,0,0,0,0,0,0,0,101.382,0,0,-73.893
"MtrElec",4,20,13,"",14.7475,0,0,0,0,0,0,0,0,0,0,0,0,0,0,0,0,0,0,0,0,81.3034,0,0,-66.556
"MtrElec",4,20,14,"",0,0,0,0,0,0,0,0,0,0,0,0,0,0,0,0,0,0,0,0,0,74.0724,0,52.2756,-126.348
"MtrElec",4,20,15,"",0,0,0,0,0,0,0,0,0,0,0,0,0,0,0,0,0,0,0,0,0,87.5538,0,63.3917,-150.945
"MtrElec",4,20,16,"",0.0000039,0,0,0,0,0,0,0,0,0,0,0,0,0,0,0,0,0,0,0,0,98.7514,0,59.9196,-158.671
"MtrElec",4,20,17,"",0,0,0,0,0,0,0,0,0,0,0,0,0,0,0,0,0,0,0,0,0,82.8529,0,34.7192,-117.572
"MtrElec",4,20,18,"",21.9202,0,0,0,0,0,0,0,0,0,0,0,0,0,0,0,0,0,0,0,0,87.6173,0,0,-65.697
"MtrElec",4,20,19,"",32.7446,0,0,0,0,0,0,0,0,0,0,0,0,0,0,0,0,0,0,0,0,117.913,0,-67.8758,-17.2926
"MtrElec",4,20,20,"",35.6769,0,0,0,0,0,0,0,0,0,0,0,0,0,0,0,0,0,0,0,0,103.553,0,-67.8758,0
"MtrElec",4,20,21,"",84.7346,0,0,0,0,0,0,0,0,0,0,0,0,0,0,0,0,0,0,0,0,152.61,0,-67.8758,0
"MtrElec",4,20,22,"",60.0086,0,0,0,0,0,0,0,0,0,0,0,0,0,0,0,0,0,0,0,0,77.8702,0,-17.8616,0
"MtrElec",4,20,23,"",122.746,0,0,0,0,0,0,0,0,0,0,0,0,0,0,0,0,0,0,0,0,122.746,0,0,0
"MtrElec",4,20,24,"",79.2135,0,0,0,0,0,0,0,0,0,0,0,0,0,0,0,0,0,0,0,0,79.2135,0,0,0
"MtrElec",4,21,1,"",60.0977,0,0,0,0,0,0,0,0,0,0,0,0,0,0,0,0,0,0,0,0,60.0977,0,0,0
"MtrElec",4,21,2,"",46.489,0,0,0,0,0,0,0,0,0,0,0,0,0,0,0,0,0,0,0,0,46.489,0,0,0
"MtrElec",4,21,3,"",45.216,0,0,0,0,0,0,0,0,0,0,0,0,0,0,0,0,0,0,0,0,45.216,0,0,0
"MtrElec",4,21,4,"",45.1457,0,0,0,0,0,0,0,0,0,0,0,0,0,0,0,0,0,0,0,0,45.1457,0,0,0
"MtrElec",4,21,5,"",44.6161,0,0,0,0,0,0,0,0,0,0,0,0,0,0,0,0,0,0,0,0,44.6161,0,0,0
"MtrElec",4,21,6,"",76.6892,0,0,0,0,0,0,0,0,0,0,0,0,0,0,0,0,0,0,0,0,76.6892,0,0,0
"MtrElec",4,21,7,"",53.0244,0,0,0,0,0,0,0,0,0,0,0,0,0,0,0,0,0,0,0,0,59.7404,0,0,-6.71599
"MtrElec",4,21,8,"",71.2115,0,0,0,0,0,0,0,0,0,0,0,0,0,0,0,0,0,0,0,0,102.751,0,0,-31.5397
"MtrElec",4,21,9,"",65.3123,0,0,0,0,0,0,0,0,0,0,0,0,0,0,0,0,0,0,0,0,85.4287,0,0,-20.1164
"MtrElec",4,21,10,"",95.8314,0,0,0,0,0,0,0,0,0,0,0,0,0,0,0,0,0,0,0,0,126.254,0,0,-30.4226
"MtrElec",4,21,11,"",55.8494,0,0,0,0,0,0,0,0,0,0,0,0,0,0,0,0,0,0,0,0,107.288,0,0,-51.4389
"MtrElec",4,21,12,"",0,0,0,0,0,0,0,0,0,0,0,0,0,0,0,0,0,0,0,0,0,102.388,0,8.82093,-111.209
"MtrElec",4,21,13,"",7.37902,0,0,0,0,0,0,0,0,0,0,0,0,0,0,0,0,0,0,0,0,117.511,0,0,-110.132
"MtrElec",4,21,14,"",-24.7746,0,0,0,0,0,0,0,0,0,0,0,0,0,0,0,0,0,0,0,0,81.4314,0,67.8758,-174.082
"MtrElec",4,21,15,"",-59.8146,0,0,0,0,0,0,0,0,0,0,0,0,0,0,0,0,0,0,0,0,61.2018,0,67.8758,-188.892
"MtrElec",4,21,16,"",-33.3921,0,0,0,0,0,0,0,0,0,0,0,0,0,0,0,0,0,0,0,0,60.2441,0,67.8758,-161.512
"MtrElec",4,21,17,"",0,0,0,0,0,0,0,0,0,0,0,0,0,0,0,0,0,0,0,0,0,91.8944,0,28.3313,-120.226
"MtrElec",4,21,18,"",16.0398,0,0,0,0,0,0,0,0,0,0,0,0,0,0,0,0,0,0,0,0,84.3054,0,0,-68.2656
"MtrElec",4,21,19,"",50.6346,0,0,0,0,0,0,0,0,0,0,0,0,0,0,0,0,0,0,0,0,135.942,0,-67.8758,-17.4317
"MtrElec",4,21,20,"",31.1335,0,0,0,0,0,0,0,0,0,0,0,0,0,0,0,0,0,0,0,0,99.1339,0,-67.8758,-0.124657
"MtrElec",4,21,21,"",74.4197,0,0,0,0,0,0,0,0,0,0,0,0,0,0,0,0,0,0,0,0,142.295,0,-67.8758,0
"MtrElec",4,21,22,"",94.5767,0,0,0,0,0,0,0,0,0,0,0,0,0,0,0,0,0,0,0,0,108.253,0,-13.6762,0
"MtrElec",4,21,23,"",83.4661,0,0,0,0,0,0,0,0,0,0,0,0,0,0,0,0,0,0,0,0,83.4661,0,0,0
"MtrElec",4,21,24,"",91.9497,0,0,0,0,0,0,0,0,0,0,0,0,0,0,0,0,0,0,0,0,91.9497,0,0,0
"MtrElec",4,22,1,"",57.6812,0,0,0,0,0,0,0,0,0,0,0,0,0,0,0,0,0,0,0,0,57.6812,0,0,0
"MtrElec",4,22,2,"",49.8162,0,0,0,0,0,0,0,0,0,0,0,0,0,0,0,0,0,0,0,0,49.8162,0,0,0
"MtrElec",4,22,3,"",50.3134,0,0,0,0,0,0,0,0,0,0,0,0,0,0,0,0,0,0,0,0,50.3134,0,0,0
"MtrElec",4,22,4,"",56.2307,0,0,0,0,0,0,0,0,0,0,0,0,0,0,0,0,0,0,0,0,56.2307,0,0,0
"MtrElec",4,22,5,"",48.6929,0,0,0,0,0,0,0,0,0,0,0,0,0,0,0,0,0,0,0,0,48.6929,0,0,0
"MtrElec",4,22,6,"",69.1129,0,0,0,0,0,0,0,0,0,0,0,0,0,0,0,0,0,0,0,0,69.1129,0,0,0
"MtrElec",4,22,7,"",73.6502,0,0,0,0,0,0,0,0,0,0,0,0,0,0,0,0,0,0,0,0,76.7353,0,0,-3.08505
"MtrElec",4,22,8,"",74.0179,0,0,0,0,0,0,0,0,0,0,0,0,0,0,0,0,0,0,0,0,104.832,0,0,-30.814
"MtrElec",4,22,9,"",30.1755,0,0,0,0,0,0,0,0,0,0,0,0,0,0,0,0,0,0,0,0,114.02,0,0,-83.8443
"MtrElec",4,22,10,"",0.0000039,0,0,0,0,0,0,0,0,0,0,0,0,0,0,0,0,0,0,0,0,82.7069,0,49.2583,-131.965
"MtrElec",4,22,11,"",-29.4471,0,0,0,0,0,0,0,0,0,0,0,0,0,0,0,0,0,0,0,0,72.3036,0,67.8758,-169.626
"MtrElec",4,22,12,"",-34.2791,0,0,0,0,0,0,0,0,0,0,0,0,0,0,0,0,0,0,0,0,87.3549,0,67.8758,-189.51
"MtrElec",4,22,13,"",-53.0126,0,0,0,0,0,0,0,0,0,0,0,0,0,0,0,0,0,0,0,0,79.4725,0,67.8758,-200.361
"MtrElec",4,22,14,"",-136.063,0,0,0,0,0,0,0,0,0,0,0,0,0,0,0,0,0,0,0,0,66.0669,0,0.364889,-202.495
"MtrElec",4,22,15,"",-130.575,0,0,0,0,0,0,0,0,0,0,0,0,0,0,0,0,0,0,0,0,56.6156,0,0,-187.19
"MtrElec",4,22,16,"",-74.1488,0,0,0,0,0,0,0,0,0,0,0,0,0,0,0,0,0,0,0,0,84.0789,0,0,-158.228
"MtrElec",4,22,17,"",-40.1186,0,0,0,0,0,0,0,0,0,0,0,0,0,0,0,0,0,0,0,0,66.245,0,0,-106.364
"MtrElec",4,22,18,"",17.4663,0,0,0,0,0,0,0,0,0,0,0,0,0,0,0,0,0,0,0,0,83.3466,0,0,-65.8804
"MtrElec",4,22,19,"",54.5992,0,0,0,0,0,0,0,0,0,0,0,0,0,0,0,0,0,0,0,0,137.863,0,-67.8758,-15.3881
"MtrElec",4,22,20,"",40.5426,0,0,0,0,0,0,0,0,0,0,0,0,0,0,0,0,0,0,0,0,108.418,0,-67.8758,0
"MtrElec",4,22,21,"",64.575,0,0,0,0,0,0,0,0,0,0,0,0,0,0,0,0,0,0,0,0,132.451,0,-67.8758,0
"MtrElec",4,22,22,"",55.6604,0,0,0,0,0,0,0,0,0,0,0,0,0,0,0,0,0,0,0,0,80.5917,0,-24.9313,0
"MtrElec",4,22,23,"",108.921,0,0,0,0,0,0,0,0,0,0,0,0,0,0,0,0,0,0,0,0,108.921,0,0,0
"MtrElec",4,22,24,"",59.5906,0,0,0,0,0,0,0,0,0,0,0,0,0,0,0,0,0,0,0,0,59.5906,0,0,0
"MtrElec",4,23,1,"",48.8342,0,0,0,0,0,0,0,0,0,0,0,0,0,0,0,0,0,0,0,0,48.8342,0,0,0
"MtrElec",4,23,2,"",46.3297,0,0,0,0,0,0,0,0,0,0,0,0,0,0,0,0,0,0,0,0,46.3297,0,0,0
"MtrElec",4,23,3,"",45.9468,0,0,0,0,0,0,0,0,0,0,0,0,0,0,0,0,0,0,0,0,45.9468,0,0,0
"MtrElec",4,23,4,"",52.4654,0,0,0,0,0,0,0,0,0,0,0,0,0,0,0,0,0,0,0,0,52.4654,0,0,0
"MtrElec",4,23,5,"",44.4888,0,0,0,0,0,0,0,0,0,0,0,0,0,0,0,0,0,0,0,0,44.4888,0,0,0
"MtrElec",4,23,6,"",49.1915,0,0,0,0,0,0,0,0,0,0,0,0,0,0,0,0,0,0,0,0,49.1915,0,0,0
"MtrElec",4,23,7,"",96.9244,0,0,0,0,0,0,0,0,0,0,0,0,0,0,0,0,0,0,0,0,98.3409,0,0,-1.41656
"MtrElec",4,23,8,"",74.2539,0,0,0,0,0,0,0,0,0,0,0,0,0,0,0,0,0,0,0,0,102.77,0,0,-28.5157
"MtrElec",4,23,9,"",53.944,0,0,0,0,0,0,0,0,0,0,0,0,0,0,0,0,0,0,0,0,103.591,0,0,-49.6472
"MtrElec",4,23,10,"",28.6388,0,0,0,0,0,0,0,0,0,0,0,0,0,0,0,0,0,0,0,0,120.316,0,0,-91.677
"MtrElec",4,23,11,"",0.0000010,0,0,0,0,0,0,0,0,0,0,0,0,0,0,0,0,0,0,0,0,99.4171,0,12.091,-111.508
"MtrElec",4,23,12,"",0,0,0,0,0,0,0,0,0,0,0,0,0,0,0,0,0,0,0,0,0,91.6562,0,24.3046,-115.961
"MtrElec",4,23,13,"",0.0000039,0,0,0,0,0,0,0,0,0,0,0,0,0,0,0,0,0,0,0,0,68.6093,0,37.9558,-106.565
"MtrElec",4,23,14,"",0,0,0,0,0,0,0,0,0,0,0,0,0,0,0,0,0,0,0,0,0,87.9708,0,42.3795,-130.35
"MtrElec",4,23,15,"",0,0,0,0,0,0,0,0,0,0,0,0,0,0,0,0,0,0,0,0,0,60.2065,0,41.3338,-101.54
"MtrElec",4,23,16,"",1.58385,0,0,0,0,0,0,0,0,0,0,0,0,0,0,0,0,0,0,0,0,57.8423,0,0,-56.2584
"MtrElec",4,23,17,"",1.04664,0,0,0,0,0,0,0,0,0,0,0,0,0,0,0,0,0,0,0,0,78.8126,0,0,-77.7659
"MtrElec",4,23,18,"",47.9397,0,0,0,0,0,0,0,0,0,0,0,0,0,0,0,0,0,0,0,0,98.0222,0,0,-50.0826
"MtrElec",4,23,19,"",27.6291,0,0,0,0,0,0,0,0,0,0,0,0,0,0,0,0,0,0,0,0,113.397,0,-67.8758,-17.8925
"MtrElec",4,23,20,"",41.1808,0,0,0,0,0,0,0,0,0,0,0,0,0,0,0,0,0,0,0,0,109.408,0,-67.8758,-0.350998
"MtrElec",4,23,21,"",145.04,0,0,0,0,0,0,0,0,0,0,0,0,0,0,0,0,0,0,0,0,151.942,0,-6.90184,0
"MtrElec",4,23,22,"",93.6946,0,0,0,0,0,0,0,0,0,0,0,0,0,0,0,0,0,0,0,0,93.6946,0,0,0
"MtrElec",4,23,23,"",78.4174,0,0,0,0,0,0,0,0,0,0,0,0,0,0,0,0,0,0,0,0,78.4174,0,0,0
"MtrElec",4,23,24,"",87.691,0,0,0,0,0,0,0,0,0,0,0,0,0,0,0,0,0,0,0,0,87.691,0,0,0
"MtrElec",4,24,1,"",56.2324,0,0,0,0,0,0,0,0,0,0,0,0,0,0,0,0,0,0,0,0,56.2324,0,0,0
"MtrElec",4,24,2,"",46.2519,0,0,0,0,0,0,0,0,0,0,0,0,0,0,0,0,0,0,0,0,46.2519,0,0,0
"MtrElec",4,24,3,"",45.001,0,0,0,0,0,0,0,0,0,0,0,0,0,0,0,0,0,0,0,0,45.001,0,0,0
"MtrElec",4,24,4,"",44.956,0,0,0,0,0,0,0,0,0,0,0,0,0,0,0,0,0,0,0,0,44.956,0,0,0
"MtrElec",4,24,5,"",44.4158,0,0,0,0,0,0,0,0,0,0,0,0,0,0,0,0,0,0,0,0,44.4158,0,0,0
"MtrElec",4,24,6,"",47.7218,0,0,0,0,0,0,0,0,0,0,0,0,0,0,0,0,0,0,0,0,47.7218,0,0,0
"MtrElec",4,24,7,"",78.7459,0,0,0,0,0,0,0,0,0,0,0,0,0,0,0,0,0,0,0,0,82.0364,0,0,-3.29045
"MtrElec",4,24,8,"",78.734,0,0,0,0,0,0,0,0,0,0,0,0,0,0,0,0,0,0,0,0,103.948,0,0,-25.2141
"MtrElec",4,24,9,"",97.7138,0,0,0,0,0,0,0,0,0,0,0,0,0,0,0,0,0,0,0,0,114.871,0,0,-17.1576
"MtrElec",4,24,10,"",67.3824,0,0,0,0,0,0,0,0,0,0,0,0,0,0,0,0,0,0,0,0,93.6144,0,0,-26.232
"MtrElec",4,24,11,"",27.6114,0,0,0,0,0,0,0,0,0,0,0,0,0,0,0,0,0,0,0,0,100.888,0,0,-73.2764
"MtrElec",4,24,12,"",0,0,0,0,0,0,0,0,0,0,0,0,0,0,0,0,0,0,0,0,0,93.9816,0,25.7202,-119.702
"MtrElec",4,24,13,"",-9.5753,0,0,0,0,0,0,0,0,0,0,0,0,0,0,0,0,0,0,0,0,71.1844,0,67.8758,-148.635
"MtrElec",4,24,14,"",-14.612,0,0,0,0,0,0,0,0,0,0,0,0,0,0,0,0,0,0,0,0,76.1675,0,67.8758,-158.655
"MtrElec",4,24,15,"",-8.56898,0,0,0,0,0,0,0,0,0,0,0,0,0,0,0,0,0,0,0,0,74.8804,0,67.8758,-151.325
"MtrElec",4,24,16,"",-45.5749,0,0,0,0,0,0,0,0,0,0,0,0,0,0,0,0,0,0,0,0,68.6905,0,23.903,-138.168
"MtrElec",4,24,17,"",-19.5475,0,0,0,0,0,0,0,0,0,0,0,0,0,0,0,0,0,0,0,0,95.3185,0,0,-114.866
"MtrElec",4,24,18,"",30.959,0,0,0,0,0,0,0,0,0,0,0,0,0,0,0,0,0,0,0,0,95.4444,0,0,-64.4854
"MtrElec",4,24,19,"",56.4211,0,0,0,0,0,0,0,0,0,0,0,0,0,0,0,0,0,0,0,0,141.898,0,-67.8758,-17.601
"MtrElec",4,24,20,"",39.7636,0,0,0,0,0,0,0,0,0,0,0,0,0,0,0,0,0,0,0,0,107.964,0,-67.8758,-0.32411
"MtrElec",4,24,21,"",79.0517,0,0,0,0,0,0,0,0,0,0,0,0,0,0,0,0,0,0,0,0,146.927,0,-67.8758,0
"MtrElec",4,24,22,"",57.1024,0,0,0,0,0,0,0,0,0,0,0,0,0,0,0,0,0,0,0,0,82.0336,0,-24.9313,0
"MtrElec",4,24,23,"",92.9208,0,0,0,0,0,0,0,0,0,0,0,0,0,0,0,0,0,0,0,0,92.9208,0,0,0
"MtrElec",4,24,24,"",67.5228,0,0,0,0,0,0,0,0,0,0,0,0,0,0,0,0,0,0,0,0,67.5228,0,0,0
"MtrElec",4,25,1,"",56.3232,0,0,0,0,0,0,0,0,0,0,0,0,0,0,0,0,0,0,0,0,56.3232,0,0,0
"MtrElec",4,25,2,"",46.445,0,0,0,0,0,0,0,0,0,0,0,0,0,0,0,0,0,0,0,0,46.445,0,0,0
"MtrElec",4,25,3,"",46.3621,0,0,0,0,0,0,0,0,0,0,0,0,0,0,0,0,0,0,0,0,46.3621,0,0,0
"MtrElec",4,25,4,"",45.8633,0,0,0,0,0,0,0,0,0,0,0,0,0,0,0,0,0,0,0,0,45.8633,0,0,0
"MtrElec",4,25,5,"",44.2305,0,0,0,0,0,0,0,0,0,0,0,0,0,0,0,0,0,0,0,0,44.2305,0,0,0
"MtrElec",4,25,6,"",46.5153,0,0,0,0,0,0,0,0,0,0,0,0,0,0,0,0,0,0,0,0,46.5153,0,0,0
"MtrElec",4,25,7,"",55.6945,0,0,0,0,0,0,0,0,0,0,0,0,0,0,0,0,0,0,0,0,59.5292,0,0,-3.83467
"MtrElec",4,25,8,"",43.3838,0,0,0,0,0,0,0,0,0,0,0,0,0,0,0,0,0,0,0,0,75.7021,0,0,-32.3182
"MtrElec",4,25,9,"",33.7143,0,0,0,0,0,0,0,0,0,0,0,0,0,0,0,0,0,0,0,0,92.4888,0,0,-58.7745
"MtrElec",4,25,10,"",11.4144,0,0,0,0,0,0,0,0,0,0,0,0,0,0,0,0,0,0,0,0,116.814,0,0,-105.399
"MtrElec",4,25,11,"",0,0,0,0,0,0,0,0,0,0,0,0,0,0,0,0,0,0,0,0,0,139.601,0,20.9645,-160.565
"MtrElec",4,25,12,"",-26.4286,0,0,0,0,0,0,0,0,0,0,0,0,0,0,0,0,0,0,0,0,97.8738,0,67.8758,-192.178
"MtrElec",4,25,13,"",-28.6083,0,0,0,0,0,0,0,0,0,0,0,0,0,0,0,0,0,0,0,0,108.445,0,67.8758,-204.929
"MtrElec",4,25,14,"",-44.4899,0,0,0,0,0,0,0,0,0,0,0,0,0,0,0,0,0,0,0,0,89.6813,0,67.8758,-202.047
"MtrElec",4,25,15,"",-59.5006,0,0,0,0,0,0,0,0,0,0,0,0,0,0,0,0,0,0,0,0,100.022,0,28.6588,-188.181
"MtrElec",4,25,16,"",-89.6726,0,0,0,0,0,0,0,0,0,0,0,0,0,0,0,0,0,0,0,0,70.3181,0,0,-159.991
"MtrElec",4,25,17,"",-12.2548,0,0,0,0,0,0,0,0,0,0,0,0,0,0,0,0,0,0,0,0,106.068,0,0,-118.323
"MtrElec",4,25,18,"",20.6107,0,0,0,0,0,0,0,0,0,0,0,0,0,0,0,0,0,0,0,0,87.4276,0,0,-66.8168
"MtrElec",4,25,19,"",64.2705,0,0,0,0,0,0,0,0,0,0,0,0,0,0,0,0,0,0,0,0,149.868,0,-67.8758,-17.7214
"MtrElec",4,25,20,"",53.334,0,0,0,0,0,0,0,0,0,0,0,0,0,0,0,0,0,0,0,0,121.482,0,-67.8758,-0.271927
"MtrElec",4,25,21,"",60.4975,0,0,0,0,0,0,0,0,0,0,0,0,0,0,0,0,0,0,0,0,128.373,0,-67.8758,0
"MtrElec",4,25,22,"",108.174,0,0,0,0,0,0,0,0,0,0,0,0,0,0,0,0,0,0,0,0,133.105,0,-24.9313,0
"MtrElec",4,25,23,"",73.1539,0,0,0,0,0,0,0,0,0,0,0,0,0,0,0,0,0,0,0,0,73.1539,0,0,0
"MtrElec",4,25,24,"",59.3535,0,0,0,0,0,0,0,0,0,0,0,0,0,0,0,0,0,0,0,0,59.3535,0,0,0
"MtrElec",4,26,1,"",52.8063,0,0,0,0,0,0,0,0,0,0,0,0,0,0,0,0,0,0,0,0,52.8063,0,0,0
"MtrElec",4,26,2,"",46.5822,0,0,0,0,0,0,0,0,0,0,0,0,0,0,0,0,0,0,0,0,46.5822,0,0,0
"MtrElec",4,26,3,"",71.5225,0,0,0,0,0,0,0,0,0,0,0,0,0,0,0,0,0,0,0,0,71.5225,0,0,0
"MtrElec",4,26,4,"",48.7298,0,0,0,0,0,0,0,0,0,0,0,0,0,0,0,0,0,0,0,0,48.7298,0,0,0
"MtrElec",4,26,5,"",59.244,0,0,0,0,0,0,0,0,0,0,0,0,0,0,0,0,0,0,0,0,59.244,0,0,0
"MtrElec",4,26,6,"",46.6283,0,0,0,0,0,0,0,0,0,0,0,0,0,0,0,0,0,0,0,0,46.6283,0,0,0
"MtrElec",4,26,7,"",47.108,0,0,0,0,0,0,0,0,0,0,0,0,0,0,0,0,0,0,0,0,51.3977,0,0,-4.28979
"MtrElec",4,26,8,"",54.6745,0,0,0,0,0,0,0,0,0,0,0,0,0,0,0,0,0,0,0,0,88.8897,0,0,-34.2152
"MtrElec",4,26,9,"",13.024,0,0,0,0,0,0,0,0,0,0,0,0,0,0,0,0,0,0,0,0,102.127,0,0,-89.103
"MtrElec",4,26,10,"",0.0000020,0,0,0,0,0,0,0,0,0,0,0,0,0,0,0,0,0,0,0,0,116.717,0,21.7455,-138.463
"MtrElec",4,26,11,"",2.08922,0,0,0,0,0,0,0,0,0,0,0,0,0,0,0,0,0,0,0,0,177.426,0,0,-175.337
"MtrElec",4,26,12,"",-3.55327,0,0,0,0,0,0,0,0,0,0,0,0,0,0,0,0,0,0,0,0,126.446,0,67.8758,-197.875
"MtrElec",4,26,13,"",-13.0609,0,0,0,0,0,0,0,0,0,0,0,0,0,0,0,0,0,0,0,0,120.806,0,67.8758,-201.743
"MtrElec",4,26,14,"",-35.5216,0,0,0,0,0,0,0,0,0,0,0,0,0,0,0,0,0,0,0,0,92.5273,0,67.8758,-195.925
"MtrElec",4,26,15,"",-29.0368,0,0,0,0,0,0,0,0,0,0,0,0,0,0,0,0,0,0,0,0,132.059,0,27.8778,-188.973
"MtrElec",4,26,16,"",-56.6173,0,0,0,0,0,0,0,0,0,0,0,0,0,0,0,0,0,0,0,0,106.066,0,0,-162.683
"MtrElec",4,26,17,"",-17.4648,0,0,0,0,0,0,0,0,0,0,0,0,0,0,0,0,0,0,0,0,104.136,0,0,-121.601
"MtrElec",4,26,18,"",37.393,0,0,0,0,0,0,0,0,0,0,0,0,0,0,0,0,0,0,0,0,107.357,0,0,-69.9638
"MtrElec",4,26,19,"",68.3216,0,0,0,0,0,0,0,0,0,0,0,0,0,0,0,0,0,0,0,0,154.212,0,-67.8758,-18.0149
"MtrElec",4,26,20,"",79.5478,0,0,0,0,0,0,0,0,0,0,0,0,0,0,0,0,0,0,0,0,148.036,0,-67.8758,-0.612082
"MtrElec",4,26,21,"",48.8058,0,0,0,0,0,0,0,0,0,0,0,0,0,0,0,0,0,0,0,0,116.682,0,-67.8758,0
"MtrElec",4,26,22,"",139.108,0,0,0,0,0,0,0,0,0,0,0,0,0,0,0,0,0,0,0,0,164.039,0,-24.9313,0
"MtrElec",4,26,23,"",76.4701,0,0,0,0,0,0,0,0,0,0,0,0,0,0,0,0,0,0,0,0,76.4701,0,0,0
"MtrElec",4,26,24,"",70.1983,0,0,0,0,0,0,0,0,0,0,0,0,0,0,0,0,0,0,0,0,70.1983,0,0,0
"MtrElec",4,27,1,"",56.75,0,0,0,0,0,0,0,0,0,0,0,0,0,0,0,0,0,0,0,0,56.75,0,0,0
"MtrElec",4,27,2,"",48.1272,0,0,0,0,0,0,0,0,0,0,0,0,0,0,0,0,0,0,0,0,48.1272,0,0,0
"MtrElec",4,27,3,"",70.3706,0,0,0,0,0,0,0,0,0,0,0,0,0,0,0,0,0,0,0,0,70.3706,0,0,0
"MtrElec",4,27,4,"",61.6045,0,0,0,0,0,0,0,0,0,0,0,0,0,0,0,0,0,0,0,0,61.6045,0,0,0
"MtrElec",4,27,5,"",48.7254,0,0,0,0,0,0,0,0,0,0,0,0,0,0,0,0,0,0,0,0,48.7254,0,0,0
"MtrElec",4,27,6,"",50.4765,0,0,0,0,0,0,0,0,0,0,0,0,0,0,0,0,0,0,0,0,50.4765,0,0,0
"MtrElec",4,27,7,"",93.0837,0,0,0,0,0,0,0,0,0,0,0,0,0,0,0,0,0,0,0,0,98.2966,0,0,-5.21285
"MtrElec",4,27,8,"",59.9098,0,0,0,0,0,0,0,0,0,0,0,0,0,0,0,0,0,0,0,0,93.7301,0,0,-33.8204
"MtrElec",4,27,9,"",0,0,0,0,0,0,0,0,0,0,0,0,0,0,0,0,0,0,0,0,0,86.4609,0,1.11712,-87.578
"MtrElec",4,27,10,"",0,0,0,0,0,0,0,0,0,0,0,0,0,0,0,0,0,0,0,0,0,99.8587,0,35.0163,-134.875
"MtrElec",4,27,11,"",-26.2551,0,0,0,0,0,0,0,0,0,0,0,0,0,0,0,0,0,0,0,0,76.1225,0,67.8758,-170.253
"MtrElec",4,27,12,"",-39.3445,0,0,0,0,0,0,0,0,0,0,0,0,0,0,0,0,0,0,0,0,83.3361,0,67.8758,-190.556
"MtrElec",4,27,13,"",-68.5681,0,0,0,0,0,0,0,0,0,0,0,0,0,0,0,0,0,0,0,0,62.8598,0,67.8758,-199.304
"MtrElec",4,27,14,"",-106.566,0,0,0,0,0,0,0,0,0,0,0,0,0,0,0,0,0,0,0,0,70.9732,0,13.4898,-191.029
"MtrElec",4,27,15,"",-112.084,0,0,0,0,0,0,0,0,0,0,0,0,0,0,0,0,0,0,0,0,64.9269,0,0,-177.011
"MtrElec",4,27,16,"",-53.2163,0,0,0,0,0,0,0,0,0,0,0,0,0,0,0,0,0,0,0,0,100.757,0,0,-153.974
"MtrElec",4,27,17,"",-25.3695,0,0,0,0,0,0,0,0,0,0,0,0,0,0,0,0,0,0,0,0,91.3068,0,0,-116.676
"MtrElec",4,27,18,"",66.8296,0,0,0,0,0,0,0,0,0,0,0,0,0,0,0,0,0,0,0,0,134.185,0,0,-67.3558
"MtrElec",4,27,19,"",55.2651,0,0,0,0,0,0,0,0,0,0,0,0,0,0,0,0,0,0,0,0,140.631,0,-67.8758,-17.4901
"MtrElec",4,27,20,"",88.1554,0,0,0,0,0,0,0,0,0,0,0,0,0,0,0,0,0,0,0,0,156.597,0,-67.8758,-0.565916
"MtrElec",4,27,21,"",54.1693,0,0,0,0,0,0,0,0,0,0,0,0,0,0,0,0,0,0,0,0,122.045,0,-67.8758,0
"MtrElec",4,27,22,"",69.818,0,0,0,0,0,0,0,0,0,0,0,0,0,0,0,0,0,0,0,0,94.7493,0,-24.9313,0
"MtrElec",4,27,23,"",99.3963,0,0,0,0,0,0,0,0,0,0,0,0,0,0,0,0,0,0,0,0,99.3963,0,0,0
"MtrElec",4,27,24,"",67.0004,0,0,0,0,0,0,0,0,0,0,0,0,0,0,0,0,0,0,0,0,67.0004,0,0,0
"MtrElec",4,28,1,"",51.0289,0,0,0,0,0,0,0,0,0,0,0,0,0,0,0,0,0,0,0,0,51.0289,0,0,0
"MtrElec",4,28,2,"",52.9639,0,0,0,0,0,0,0,0,0,0,0,0,0,0,0,0,0,0,0,0,52.9639,0,0,0
"MtrElec",4,28,3,"",48.1269,0,0,0,0,0,0,0,0,0,0,0,0,0,0,0,0,0,0,0,0,48.1269,0,0,0
"MtrElec",4,28,4,"",45.3422,0,0,0,0,0,0,0,0,0,0,0,0,0,0,0,0,0,0,0,0,45.3422,0,0,0
"MtrElec",4,28,5,"",44.7826,0,0,0,0,0,0,0,0,0,0,0,0,0,0,0,0,0,0,0,0,44.7826,0,0,0
"MtrElec",4,28,6,"",52.161,0,0,0,0,0,0,0,0,0,0,0,0,0,0,0,0,0,0,0,0,52.161,0,0,0
"MtrElec",4,28,7,"",101.798,0,0,0,0,0,0,0,0,0,0,0,0,0,0,0,0,0,0,0,0,107.374,0,0,-5.5766
"MtrElec",4,28,8,"",60.4439,0,0,0,0,0,0,0,0,0,0,0,0,0,0,0,0,0,0,0,0,94.6306,0,0,-34.1867
"MtrElec",4,28,9,"",0.3485,0,0,0,0,0,0,0,0,0,0,0,0,0,0,0,0,0,0,0,0,86.3575,0,0,-86.009
"MtrElec",4,28,10,"",0.0000010,0,0,0,0,0,0,0,0,0,0,0,0,0,0,0,0,0,0,0,0,121.45,0,9.04705,-130.497
"MtrElec",4,28,11,"",0,0,0,0,0,0,0,0,0,0,0,0,0,0,0,0,0,0,0,0,0,103.33,0,63.4248,-166.755
"MtrElec",4,28,12,"",-12.31,0,0,0,0,0,0,0,0,0,0,0,0,0,0,0,0,0,0,0,0,111.885,0,67.8758,-192.071
"MtrElec",4,28,13,"",-38.073,0,0,0,0,0,0,0,0,0,0,0,0,0,0,0,0,0,0,0,0,97.5142,0,67.8758,-203.463
"MtrElec",4,28,14,"",-69.4247,0,0,0,0,0,0,0,0,0,0,0,0,0,0,0,0,0,0,0,0,87.521,0,45.0272,-201.973
"MtrElec",4,28,15,"",-103.309,0,0,0,0,0,0,0,0,0,0,0,0,0,0,0,0,0,0,0,0,84.7122,0,0,-188.021
"MtrElec",4,28,16,"",-67.1299,0,0,0,0,0,0,0,0,0,0,0,0,0,0,0,0,0,0,0,0,92.3854,0,0,-159.515
"MtrElec",4,28,17,"",7.92197,0,0,0,0,0,0,0,0,0,0,0,0,0,0,0,0,0,0,0,0,117.937,0,0,-110.015
"MtrElec",4,28,18,"",43.4207,0,0,0,0,0,0,0,0,0,0,0,0,0,0,0,0,0,0,0,0,110.5,0,0,-67.0794
"MtrElec",4,28,19,"",56.2112,0,0,0,0,0,0,0,0,0,0,0,0,0,0,0,0,0,0,0,0,142.399,0,-67.8758,-18.3122
"MtrElec",4,28,20,"",38.6863,0,0,0,0,0,0,0,0,0,0,0,0,0,0,0,0,0,0,0,0,106.978,0,-67.8758,-0.415981
"MtrElec",4,28,21,"",53.2293,0,0,0,0,0,0,0,0,0,0,0,0,0,0,0,0,0,0,0,0,121.105,0,-67.8758,0
"MtrElec",4,28,22,"",63.7413,0,0,0,0,0,0,0,0,0,0,0,0,0,0,0,0,0,0,0,0,88.6726,0,-24.9313,0
"MtrElec",4,28,23,"",104.501,0,0,0,0,0,0,0,0,0,0,0,0,0,0,0,0,0,0,0,0,104.501,0,0,0
"MtrElec",4,28,24,"",72.5185,0,0,0,0,0,0,0,0,0,0,0,0,0,0,0,0,0,0,0,0,72.5185,0,0,0
"MtrElec",4,29,1,"",68.8979,0,0,0,0,0,0,0,0,0,0,0,0,0,0,0,0,0,0,0,0,68.8979,0,0,0
"MtrElec",4,29,2,"",46.7873,0,0,0,0,0,0,0,0,0,0,0,0,0,0,0,0,0,0,0,0,46.7873,0,0,0
"MtrElec",4,29,3,"",54.2639,0,0,0,0,0,0,0,0,0,0,0,0,0,0,0,0,0,0,0,0,54.2639,0,0,0
"MtrElec",4,29,4,"",57.5471,0,0,0,0,0,0,0,0,0,0,0,0,0,0,0,0,0,0,0,0,57.5471,0,0,0
"MtrElec",4,29,5,"",44.7287,0,0,0,0,0,0,0,0,0,0,0,0,0,0,0,0,0,0,0,0,44.7287,0,0,0
"MtrElec",4,29,6,"",48.0753,0,0,0,0,0,0,0,0,0,0,0,0,0,0,0,0,0,0,0,0,48.0753,0,0,0
"MtrElec",4,29,7,"",63.2653,0,0,0,0,0,0,0,0,0,0,0,0,0,0,0,0,0,0,0,0,69.637,0,0,-6.3717
"MtrElec",4,29,8,"",61.5003,0,0,0,0,0,0,0,0,0,0,0,0,0,0,0,0,0,0,0,0,97.3596,0,0,-35.8593
"MtrElec",4,29,9,"",17.435,0,0,0,0,0,0,0,0,0,0,0,0,0,0,0,0,0,0,0,0,106.777,0,0,-89.3424
"MtrElec",4,29,10,"",0,0,0,0,0,0,0,0,0,0,0,0,0,0,0,0,0,0,0,0,0,107.739,0,30.8899,-138.629
"MtrElec",4,29,11,"",-4.07717,0,0,0,0,0,0,0,0,0,0,0,0,0,0,0,0,0,0,0,0,103.926,0,67.8758,-175.879
"MtrElec",4,29,12,"",-32.7473,0,0,0,0,0,0,0,0,0,0,0,0,0,0,0,0,0,0,0,0,98.2239,0,67.8758,-198.847
"MtrElec",4,29,13,"",-46.2784,0,0,0,0,0,0,0,0,0,0,0,0,0,0,0,0,0,0,0,0,95.9825,0,67.8758,-210.137
"MtrElec",4,29,14,"",-123.818,0,0,0,0,0,0,0,0,0,0,0,0,0,0,0,0,0,0,0,0,63.85,0,18.7333,-206.401
"MtrElec",4,29,15,"",-104.586,0,0,0,0,0,0,0,0,0,0,0,0,0,0,0,0,0,0,0,0,86.6946,0,0,-191.281
"MtrElec",4,29,16,"",-67.1409,0,0,0,0,0,0,0,0,0,0,0,0,0,0,0,0,0,0,0,0,95.4085,0,0,-162.549
"MtrElec",4,29,17,"",-16.2173,0,0,0,0,0,0,0,0,0,0,0,0,0,0,0,0,0,0,0,0,105.016,0,0,-121.233
"MtrElec",4,29,18,"",26.8966,0,0,0,0,0,0,0,0,0,0,0,0,0,0,0,0,0,0,0,0,95.7637,0,0,-68.8671
"MtrElec",4,29,19,"",50.1227,0,0,0,0,0,0,0,0,0,0,0,0,0,0,0,0,0,0,0,0,137.332,0,-67.8758,-19.3336
"MtrElec",4,29,20,"",44.256,0,0,0,0,0,0,0,0,0,0,0,0,0,0,0,0,0,0,0,0,112.744,0,-67.8758,-0.612544
"MtrElec",4,29,21,"",88.6756,0,0,0,0,0,0,0,0,0,0,0,0,0,0,0,0,0,0,0,0,156.551,0,-67.8758,0
"MtrElec",4,29,22,"",52.2854,0,0,0,0,0,0,0,0,0,0,0,0,0,0,0,0,0,0,0,0,77.2167,0,-24.9313,0
"MtrElec",4,29,23,"",97.0918,0,0,0,0,0,0,0,0,0,0,0,0,0,0,0,0,0,0,0,0,97.0918,0,0,0
"MtrElec",4,29,24,"",74.9231,0,0,0,0,0,0,0,0,0,0,0,0,0,0,0,0,0,0,0,0,74.9231,0,0,0
"MtrElec",4,30,1,"",49.1403,0,0,0,0,0,0,0,0,0,0,0,0,0,0,0,0,0,0,0,0,49.1403,0,0,0
"MtrElec",4,30,2,"",46.5395,0,0,0,0,0,0,0,0,0,0,0,0,0,0,0,0,0,0,0,0,46.5395,0,0,0
"MtrElec",4,30,3,"",45.2552,0,0,0,0,0,0,0,0,0,0,0,0,0,0,0,0,0,0,0,0,45.2552,0,0,0
"MtrElec",4,30,4,"",45.1986,0,0,0,0,0,0,0,0,0,0,0,0,0,0,0,0,0,0,0,0,45.1986,0,0,0
"MtrElec",4,30,5,"",44.6912,0,0,0,0,0,0,0,0,0,0,0,0,0,0,0,0,0,0,0,0,44.6912,0,0,0
"MtrElec",4,30,6,"",48.077,0,0,0,0,0,0,0,0,0,0,0,0,0,0,0,0,0,0,0,0,48.077,0,0,0
"MtrElec",4,30,7,"",76.915,0,0,0,0,0,0,0,0,0,0,0,0,0,0,0,0,0,0,0,0,83.7687,0,0,-6.85371
"MtrElec",4,30,8,"",59.8104,0,0,0,0,0,0,0,0,0,0,0,0,0,0,0,0,0,0,0,0,96.7386,0,0,-36.9282
"MtrElec",4,30,9,"",23.3303,0,0,0,0,0,0,0,0,0,0,0,0,0,0,0,0,0,0,0,0,115.768,0,0,-92.4378
"MtrElec",4,30,10,"",0.0000020,0,0,0,0,0,0,0,0,0,0,0,0,0,0,0,0,0,0,0,0,127.913,0,16.6944,-144.607
"MtrElec",4,30,11,"",-25.8744,0,0,0,0,0,0,0,0,0,0,0,0,0,0,0,0,0,0,0,0,91.1325,0,67.8758,-184.883
"MtrElec",4,30,12,"",-47.304,0,0,0,0,0,0,0,0,0,0,0,0,0,0,0,0,0,0,0,0,95.6119,0,67.8758,-210.792
"MtrElec",4,30,13,"",0,0,0,0,0,0,0,0,0,0,0,0,0,0,0,0,0,0,0,0,0,154.584,0,66.3115,-220.896
"MtrElec",4,30,14,"",-131.435,0,0,0,0,0,0,0,0,0,0,0,0,0,0,0,0,0,0,0,0,53.0274,0,34.4932,-218.955
"MtrElec",4,30,15,"",-126.071,0,0,0,0,0,0,0,0,0,0,0,0,0,0,0,0,0,0,0,0,73.6807,0,0,-199.752
"MtrElec",4,30,16,"",-105.385,0,0,0,0,0,0,0,0,0,0,0,0,0,0,0,0,0,0,0,0,62.0668,0,0,-167.452
"MtrElec",4,30,17,"",-46.8341,0,0,0,0,0,0,0,0,0,0,0,0,0,0,0,0,0,0,0,0,78.3257,0,0,-125.16
"MtrElec",4,30,18,"",17.1143,0,0,0,0,0,0,0,0,0,0,0,0,0,0,0,0,0,0,0,0,88.9299,0,0,-71.8156
"MtrElec",4,30,19,"",39.6753,0,0,0,0,0,0,0,0,0,0,0,0,0,0,0,0,0,0,0,0,127.895,0,-67.8758,-20.3435
"MtrElec",4,30,20,"",51.5322,0,0,0,0,0,0,0,0,0,0,0,0,0,0,0,0,0,0,0,0,120.167,0,-67.8758,-0.75938
"MtrElec",4,30,21,"",63.7731,0,0,0,0,0,0,0,0,0,0,0,0,0,0,0,0,0,0,0,0,131.649,0,-67.8758,0
"MtrElec",4,30,22,"",71.5231,0,0,0,0,0,0,0,0,0,0,0,0,0,0,0,0,0,0,0,0,96.4544,0,-24.9313,0
"MtrElec",4,30,23,"",104.503,0,0,0,0,0,0,0,0,0,0,0,0,0,0,0,0,0,0,0,0,104.503,0,0,0
"MtrElec",4,30,24,"",80.4555,0,0,0,0,0,0,0,0,0,0,0,0,0,0,0,0,0,0,0,0,80.4555,0,0,0
"MtrElec",5,1,1,"",53.3335,0,0,0,0,0,0,0,0,0,0,0,0,0,0,0,0,0,0,0,0,53.3335,0,0,0
"MtrElec",5,1,2,"",48.941,0,0,0,0,0,0,0,0,0,0,0,0,0,0,0,0,0,0,0,0,48.941,0,0,0
"MtrElec",5,1,3,"",45.6602,0,0,0,0,0,0,0,0,0,0,0,0,0,0,0,0,0,0,0,0,45.6602,0,0,0
"MtrElec",5,1,4,"",43.9095,0,0,0,0,0,0,0,0,0,0,0,0,0,0,0,0,0,0,0,0,43.9095,0,0,0
"MtrElec",5,1,5,"",43.4065,0,0,0,0,0,0,0,0,0,0,0,0,0,0,0,0,0,0,0,0,43.4065,0,0,0
"MtrElec",5,1,6,"",55.4503,0,0,0,0,0,0,0,0,0,0,0,0,0,0,0,0,0,0,0,0,55.4503,0,0,0
"MtrElec",5,1,7,"",59.6308,0,0,0,0,0,0,0,0,0,0,0,0,0,0,0,0,0,0,0,0,65.8127,0,0,-6.18182
"MtrElec",5,1,8,"",41.8704,0,0,0,0,0,0,0,0,0,0,0,0,0,0,0,0,0,0,0,0,77.258,0,0,-35.3876
"MtrElec",5,1,9,"",50.0351,0,0,0,0,0,0,0,0,0,0,0,0,0,0,0,0,0,0,0,0,137.293,0,0,-87.2574
"MtrElec",5,1,10,"",0.000000,0,0,0,0,0,0,0,0,0,0,0,0,0,0,0,0,0,0,0,0,133.067,0,0.477391,-133.544
"MtrElec",5,1,11,"",0,0,0,0,0,0,0,0,0,0,0,0,0,0,0,0,0,0,0,0,0,156.897,0,11.7015,-168.598
"MtrElec",5,1,12,"",-14.3361,0,0,0,0,0,0,0,0,0,0,0,0,0,0,0,0,0,0,0,0,108.045,0,67.8758,-190.257
"MtrElec",5,1,13,"",-7.74292,0,0,0,0,0,0,0,0,0,0,0,0,0,0,0,0,0,0,0,0,125.363,0,67.8758,-200.981
"MtrElec",5,1,14,"",-56.9814,0,0,0,0,0,0,0,0,0,0,0,0,0,0,0,0,0,0,0,0,72.7516,0,67.8758,-197.609
"MtrElec",5,1,15,"",-48.1401,0,0,0,0,0,0,0,0,0,0,0,0,0,0,0,0,0,0,0,0,96.2647,0,37.4444,-181.849
"MtrElec",5,1,16,"",-74.936,0,0,0,0,0,0,0,0,0,0,0,0,0,0,0,0,0,0,0,0,80.8906,0,0,-155.827
"MtrElec",5,1,17,"",-17.8331,0,0,0,0,0,0,0,0,0,0,0,0,0,0,0,0,0,0,0,0,98.2219,0,0,-116.055
"MtrElec",5,1,18,"",57.8842,0,0,0,0,0,0,0,0,0,0,0,0,0,0,0,0,0,0,0,0,123.981,0,0,-66.0966
"MtrElec",5,1,19,"",44.6069,0,0,0,0,0,0,0,0,0,0,0,0,0,0,0,0,0,0,0,0,131.215,0,-67.8758,-18.7319
"MtrElec",5,1,20,"",52.9638,0,0,0,0,0,0,0,0,0,0,0,0,0,0,0,0,0,0,0,0,121.563,0,-67.8758,-0.723074
"MtrElec",5,1,21,"",55.5816,0,0,0,0,0,0,0,0,0,0,0,0,0,0,0,0,0,0,0,0,123.457,0,-67.8758,0
"MtrElec",5,1,22,"",72.6624,0,0,0,0,0,0,0,0,0,0,0,0,0,0,0,0,0,0,0,0,97.5937,0,-24.9313,0
"MtrElec",5,1,23,"",101.951,0,0,0,0,0,0,0,0,0,0,0,0,0,0,0,0,0,0,0,0,101.951,0,0,0
"MtrElec",5,1,24,"",75.5666,0,0,0,0,0,0,0,0,0,0,0,0,0,0,0,0,0,0,0,0,75.5666,0,0,0
"MtrElec",5,2,1,"",63.4624,0,0,0,0,0,0,0,0,0,0,0,0,0,0,0,0,0,0,0,0,63.4624,0,0,0
"MtrElec",5,2,2,"",46.3167,0,0,0,0,0,0,0,0,0,0,0,0,0,0,0,0,0,0,0,0,46.3167,0,0,0
"MtrElec",5,2,3,"",45.7169,0,0,0,0,0,0,0,0,0,0,0,0,0,0,0,0,0,0,0,0,45.7169,0,0,0
"MtrElec",5,2,4,"",67.9555,0,0,0,0,0,0,0,0,0,0,0,0,0,0,0,0,0,0,0,0,67.9555,0,0,0
"MtrElec",5,2,5,"",50.933,0,0,0,0,0,0,0,0,0,0,0,0,0,0,0,0,0,0,0,0,50.933,0,0,0
"MtrElec",5,2,6,"",45.5831,0,0,0,0,0,0,0,0,0,0,0,0,0,0,0,0,0,0,0,0,45.5831,0,0,0
"MtrElec",5,2,7,"",43.361,0,0,0,0,0,0,0,0,0,0,0,0,0,0,0,0,0,0,0,0,49.8677,0,0,-6.5067
"MtrElec",5,2,8,"",44.5514,0,0,0,0,0,0,0,0,0,0,0,0,0,0,0,0,0,0,0,0,79.4691,0,0,-34.9177
"MtrElec",5,2,9,"",0,0,0,0,0,0,0,0,0,0,0,0,0,0,0,0,0,0,0,0,0,58.526,0,25.6892,-84.2152
"MtrElec",5,2,10,"",0,0,0,0,0,0,0,0,0,0,0,0,0,0,0,0,0,0,0,0,0,104.996,0,23.7842,-128.78
"MtrElec",5,2,11,"",0,0,0,0,0,0,0,0,0,0,0,0,0,0,0,0,0,0,0,0,0,111.36,0,49.2959,-160.656
"MtrElec",5,2,12,"",0,0,0,0,0,0,0,0,0,0,0,0,0,0,0,0,0,0,0,0,0,121.662,0,58.1991,-179.861
"MtrElec",5,2,13,"",-1.21484,0,0,0,0,0,0,0,0,0,0,0,0,0,0,0,0,0,0,0,0,122.615,0,67.8758,-191.706
"MtrElec",5,2,14,"",-74.2597,0,0,0,0,0,0,0,0,0,0,0,0,0,0,0,0,0,0,0,0,89.0514,0,28.4064,-191.717
"MtrElec",5,2,15,"",-73.3724,0,0,0,0,0,0,0,0,0,0,0,0,0,0,0,0,0,0,0,0,106.937,0,0,-180.31
"MtrElec",5,2,16,"",-24.3998,0,0,0,0,0,0,0,0,0,0,0,0,0,0,0,0,0,0,0,0,129.322,0,0,-153.722
"MtrElec",5,2,17,"",-15.5396,0,0,0,0,0,0,0,0,0,0,0,0,0,0,0,0,0,0,0,0,97.9062,0,0,-113.446
"MtrElec",5,2,18,"",59.3427,0,0,0,0,0,0,0,0,0,0,0,0,0,0,0,0,0,0,0,0,123.994,0,0,-64.6514
"MtrElec",5,2,19,"",92.0271,0,0,0,0,0,0,0,0,0,0,0,0,0,0,0,0,0,0,0,0,178.286,0,-67.8758,-18.3831
"MtrElec",5,2,20,"",71.0792,0,0,0,0,0,0,0,0,0,0,0,0,0,0,0,0,0,0,0,0,139.668,0,-67.8758,-0.712734
"MtrElec",5,2,21,"",63.4411,0,0,0,0,0,0,0,0,0,0,0,0,0,0,0,0,0,0,0,0,131.317,0,-67.8758,0
"MtrElec",5,2,22,"",73.9013,0,0,0,0,0,0,0,0,0,0,0,0,0,0,0,0,0,0,0,0,98.8326,0,-24.9313,0
"MtrElec",5,2,23,"",107.766,0,0,0,0,0,0,0,0,0,0,0,0,0,0,0,0,0,0,0,0,107.766,0,0,0
"MtrElec",5,2,24,"",89.7789,0,0,0,0,0,0,0,0,0,0,0,0,0,0,0,0,0,0,0,0,89.7789,0,0,0
"MtrElec",5,3,1,"",58.8369,0,0,0,0,0,0,0,0,0,0,0,0,0,0,0,0,0,0,0,0,58.8369,0,0,0
"MtrElec",5,3,2,"",46.9742,0,0,0,0,0,0,0,0,0,0,0,0,0,0,0,0,0,0,0,0,46.9742,0,0,0
"MtrElec",5,3,3,"",48.1224,0,0,0,0,0,0,0,0,0,0,0,0,0,0,0,0,0,0,0,0,48.1224,0,0,0
"MtrElec",5,3,4,"",47.541,0,0,0,0,0,0,0,0,0,0,0,0,0,0,0,0,0,0,0,0,47.541,0,0,0
"MtrElec",5,3,5,"",58.7792,0,0,0,0,0,0,0,0,0,0,0,0,0,0,0,0,0,0,0,0,58.7792,0,0,0
"MtrElec",5,3,6,"",58.0845,0,0,0,0,0,0,0,0,0,0,0,0,0,0,0,0,0,0,0,0,58.0845,0,0,0
"MtrElec",5,3,7,"",43.9129,0,0,0,0,0,0,0,0,0,0,0,0,0,0,0,0,0,0,0,0,50.2209,0,0,-6.30803
"MtrElec",5,3,8,"",26.4255,0,0,0,0,0,0,0,0,0,0,0,0,0,0,0,0,0,0,0,0,60.9476,0,0,-34.5221
"MtrElec",5,3,9,"",5.87362,0,0,0,0,0,0,0,0,0,0,0,0,0,0,0,0,0,0,0,0,90.1733,0,0,-84.2997
"MtrElec",5,3,10,"",0.0000039,0,0,0,0,0,0,0,0,0,0,0,0,0,0,0,0,0,0,0,0,85.0923,0,41.6559,-126.748
"MtrElec",5,3,11,"",0,0,0,0,0,0,0,0,0,0,0,0,0,0,0,0,0,0,0,0,0,156.024,0,4.68353,-160.708
"MtrElec",5,3,12,"",0.0000039,0,0,0,0,0,0,0,0,0,0,0,0,0,0,0,0,0,0,0,0,129.502,0,55.3903,-184.892
"MtrElec",5,3,13,"",0.0000039,0,0,0,0,0,0,0,0,0,0,0,0,0,0,0,0,0,0,0,0,134.197,0,59.6873,-193.884
"MtrElec",5,3,14,"",-11.0545,0,0,0,0,0,0,0,0,0,0,0,0,0,0,0,0,0,0,0,0,112.92,0,67.8758,-191.85
"MtrElec",5,3,15,"",0.0000020,0,0,0,0,0,0,0,0,0,0,0,0,0,0,0,0,0,0,0,0,153.347,0,23.8274,-177.175
"MtrElec",5,3,16,"",-31.2623,0,0,0,0,0,0,0,0,0,0,0,0,0,0,0,0,0,0,0,0,118.922,0,0.130435,-150.315
"MtrElec",5,3,17,"",21.8329,0,0,0,0,0,0,0,0,0,0,0,0,0,0,0,0,0,0,0,0,132.987,0,0,-111.155
"MtrElec",5,3,18,"",73.9057,0,0,0,0,0,0,0,0,0,0,0,0,0,0,0,0,0,0,0,0,137.033,0,0,-63.1276
"MtrElec",5,3,19,"",102.865,0,0,0,0,0,0,0,0,0,0,0,0,0,0,0,0,0,0,0,0,189.28,0,-67.8758,-18.5399
"MtrElec",5,3,20,"",59.3382,0,0,0,0,0,0,0,0,0,0,0,0,0,0,0,0,0,0,0,0,128.038,0,-67.8758,-0.824564
"MtrElec",5,3,21,"",65.3775,0,0,0,0,0,0,0,0,0,0,0,0,0,0,0,0,0,0,0,0,133.253,0,-67.8758,0
"MtrElec",5,3,22,"",122.035,0,0,0,0,0,0,0,0,0,0,0,0,0,0,0,0,0,0,0,0,146.966,0,-24.9313,0
"MtrElec",5,3,23,"",75.526,0,0,0,0,0,0,0,0,0,0,0,0,0,0,0,0,0,0,0,0,75.526,0,0,0
"MtrElec",5,3,24,"",60.1523,0,0,0,0,0,0,0,0,0,0,0,0,0,0,0,0,0,0,0,0,60.1523,0,0,0
"MtrElec",5,4,1,"",59.1112,0,0,0,0,0,0,0,0,0,0,0,0,0,0,0,0,0,0,0,0,59.1112,0,0,0
"MtrElec",5,4,2,"",62.8509,0,0,0,0,0,0,0,0,0,0,0,0,0,0,0,0,0,0,0,0,62.8509,0,0,0
"MtrElec",5,4,3,"",45.0972,0,0,0,0,0,0,0,0,0,0,0,0,0,0,0,0,0,0,0,0,45.0972,0,0,0
"MtrElec",5,4,4,"",44.5458,0,0,0,0,0,0,0,0,0,0,0,0,0,0,0,0,0,0,0,0,44.5458,0,0,0
"MtrElec",5,4,5,"",43.7931,0,0,0,0,0,0,0,0,0,0,0,0,0,0,0,0,0,0,0,0,43.7931,0,0,0
"MtrElec",5,4,6,"",47.0326,0,0,0,0,0,0,0,0,0,0,0,0,0,0,0,0,0,0,0,0,47.0326,0,0,0
"MtrElec",5,4,7,"",75.2419,0,0,0,0,0,0,0,0,0,0,0,0,0,0,0,0,0,0,0,0,82.122,0,0,-6.88017
"MtrElec",5,4,8,"",67.3549,0,0,0,0,0,0,0,0,0,0,0,0,0,0,0,0,0,0,0,0,102.557,0,0,-35.2024
"MtrElec",5,4,9,"",10.3787,0,0,0,0,0,0,0,0,0,0,0,0,0,0,0,0,0,0,0,0,94.9472,0,0,-84.5685
"MtrElec",5,4,10,"",0,0,0,0,0,0,0,0,0,0,0,0,0,0,0,0,0,0,0,0,0,121.872,0,6.07542,-127.948
"MtrElec",5,4,11,"",0,0,0,0,0,0,0,0,0,0,0,0,0,0,0,0,0,0,0,0,0,120.183,0,42.6252,-162.808
"MtrElec",5,4,12,"",-8.02593,0,0,0,0,0,0,0,0,0,0,0,0,0,0,0,0,0,0,0,0,109.121,0,67.8758,-185.023
"MtrElec",5,4,13,"",-5.79384,0,0,0,0,0,0,0,0,0,0,0,0,0,0,0,0,0,0,0,0,121.68,0,67.8758,-195.35
"MtrElec",5,4,14,"",-15.456,0,0,0,0,0,0,0,0,0,0,0,0,0,0,0,0,0,0,0,0,111.001,0,67.8758,-194.333
"MtrElec",5,4,15,"",-86.4931,0,0,0,0,0,0,0,0,0,0,0,0,0,0,0,0,0,0,0,0,92.8146,0,0.922571,-180.23
"MtrElec",5,4,16,"",-50.7144,0,0,0,0,0,0,0,0,0,0,0,0,0,0,0,0,0,0,0,0,102.631,0,0,-153.345
"MtrElec",5,4,17,"",19.886,0,0,0,0,0,0,0,0,0,0,0,0,0,0,0,0,0,0,0,0,133.503,0,0,-113.617
"MtrElec",5,4,18,"",51.4007,0,0,0,0,0,0,0,0,0,0,0,0,0,0,0,0,0,0,0,0,116.321,0,0,-64.9198
"MtrElec",5,4,19,"",34.1492,0,0,0,0,0,0,0,0,0,0,0,0,0,0,0,0,0,0,0,0,121.081,0,-67.8758,-19.0558
"MtrElec",5,4,20,"",69.4091,0,0,0,0,0,0,0,0,0,0,0,0,0,0,0,0,0,0,0,0,138.311,0,-67.8758,-1.02584
"MtrElec",5,4,21,"",37.2321,0,0,0,0,0,0,0,0,0,0,0,0,0,0,0,0,0,0,0,0,105.108,0,-67.8758,0
"MtrElec",5,4,22,"",107.23,0,0,0,0,0,0,0,0,0,0,0,0,0,0,0,0,0,0,0,0,132.162,0,-24.9313,0
"MtrElec",5,4,23,"",96.7024,0,0,0,0,0,0,0,0,0,0,0,0,0,0,0,0,0,0,0,0,96.7024,0,0,0
"MtrElec",5,4,24,"",112.898,0,0,0,0,0,0,0,0,0,0,0,0,0,0,0,0,0,0,0,0,112.898,0,0,0
"MtrElec",5,5,1,"",49.6098,0,0,0,0,0,0,0,0,0,0,0,0,0,0,0,0,0,0,0,0,49.6098,0,0,0
"MtrElec",5,5,2,"",48.2081,0,0,0,0,0,0,0,0,0,0,0,0,0,0,0,0,0,0,0,0,48.2081,0,0,0
"MtrElec",5,5,3,"",45.1709,0,0,0,0,0,0,0,0,0,0,0,0,0,0,0,0,0,0,0,0,45.1709,0,0,0
"MtrElec",5,5,4,"",44.1179,0,0,0,0,0,0,0,0,0,0,0,0,0,0,0,0,0,0,0,0,44.1179,0,0,0
"MtrElec",5,5,5,"",43.6293,0,0,0,0,0,0,0,0,0,0,0,0,0,0,0,0,0,0,0,0,43.6293,0,0,0
"MtrElec",5,5,6,"",46.8057,0,0,0,0,0,0,0,0,0,0,0,0,0,0,0,0,0,0,0,0,46.8057,0,0,0
"MtrElec",5,5,7,"",74.4112,0,0,0,0,0,0,0,0,0,0,0,0,0,0,0,0,0,0,0,0,81.5693,0,0,-7.15807
"MtrElec",5,5,8,"",32.3102,0,0,0,0,0,0,0,0,0,0,0,0,0,0,0,0,0,0,0,0,69.4176,0,0,-37.1074
"MtrElec",5,5,9,"",10.4432,0,0,0,0,0,0,0,0,0,0,0,0,0,0,0,0,0,0,0,0,99.511,0,0,-89.0677
"MtrElec",5,5,10,"",0,0,0,0,0,0,0,0,0,0,0,0,0,0,0,0,0,0,0,0,0,99.7655,0,36.265,-136.031
"MtrElec",5,5,11,"",-20.1967,0,0,0,0,0,0,0,0,0,0,0,0,0,0,0,0,0,0,0,0,81.0308,0,67.8758,-169.103
"MtrElec",5,5,12,"",-22.6684,0,0,0,0,0,0,0,0,0,0,0,0,0,0,0,0,0,0,0,0,89.1739,0,67.8758,-179.718
"MtrElec",5,5,13,"",-43.7558,0,0,0,0,0,0,0,0,0,0,0,0,0,0,0,0,0,0,0,0,93.6223,0,67.8758,-205.254
"MtrElec",5,5,14,"",-95.3923,0,0,0,0,0,0,0,0,0,0,0,0,0,0,0,0,0,0,0,0,79.784,0,13.3582,-188.535
"MtrElec",5,5,15,"",-87.0023,0,0,0,0,0,0,0,0,0,0,0,0,0,0,0,0,0,0,0,0,69.679,0,0,-156.681
"MtrElec",5,5,16,"",-22.303,0,0,0,0,0,0,0,0,0,0,0,0,0,0,0,0,0,0,0,0,98.8801,0,0,-121.183
"MtrElec",5,5,17,"",0.343523,0,0,0,0,0,0,0,0,0,0,0,0,0,0,0,0,0,0,0,0,97.6418,0,0,-97.2983
"MtrElec",5,5,18,"",72.2982,0,0,0,0,0,0,0,0,0,0,0,0,0,0,0,0,0,0,0,0,129.213,0,0,-56.9144
"MtrElec",5,5,19,"",49.7602,0,0,0,0,0,0,0,0,0,0,0,0,0,0,0,0,0,0,0,0,136.391,0,-67.8758,-18.7551
"MtrElec",5,5,20,"",64.8634,0,0,0,0,0,0,0,0,0,0,0,0,0,0,0,0,0,0,0,0,133.621,0,-67.8758,-0.882274
"MtrElec",5,5,21,"",50.6405,0,0,0,0,0,0,0,0,0,0,0,0,0,0,0,0,0,0,0,0,118.516,0,-67.8758,0
"MtrElec",5,5,22,"",49.1637,0,0,0,0,0,0,0,0,0,0,0,0,0,0,0,0,0,0,0,0,74.095,0,-24.9313,0
"MtrElec",5,5,23,"",105.641,0,0,0,0,0,0,0,0,0,0,0,0,0,0,0,0,0,0,0,0,105.641,0,0,0
"MtrElec",5,5,24,"",58.4124,0,0,0,0,0,0,0,0,0,0,0,0,0,0,0,0,0,0,0,0,58.4124,0,0,0
"MtrElec",5,6,1,"",47.7618,0,0,0,0,0,0,0,0,0,0,0,0,0,0,0,0,0,0,0,0,47.7618,0,0,0
"MtrElec",5,6,2,"",47.2155,0,0,0,0,0,0,0,0,0,0,0,0,0,0,0,0,0,0,0,0,47.2155,0,0,0
"MtrElec",5,6,3,"",44.9703,0,0,0,0,0,0,0,0,0,0,0,0,0,0,0,0,0,0,0,0,44.9703,0,0,0
"MtrElec",5,6,4,"",44.0306,0,0,0,0,0,0,0,0,0,0,0,0,0,0,0,0,0,0,0,0,44.0306,0,0,0
"MtrElec",5,6,5,"",43.5294,0,0,0,0,0,0,0,0,0,0,0,0,0,0,0,0,0,0,0,0,43.5294,0,0,0
"MtrElec",5,6,6,"",48.695,0,0,0,0,0,0,0,0,0,0,0,0,0,0,0,0,0,0,0,0,48.695,0,0,0
"MtrElec",5,6,7,"",86.3255,0,0,0,0,0,0,0,0,0,0,0,0,0,0,0,0,0,0,0,0,88.7702,0,0,-2.44472
"MtrElec",5,6,8,"",65.0551,0,0,0,0,0,0,0,0,0,0,0,0,0,0,0,0,0,0,0,0,79.1238,0,0,-14.0687
"MtrElec",5,6,9,"",63.0855,0,0,0,0,0,0,0,0,0,0,0,0,0,0,0,0,0,0,0,0,103.595,0,0,-40.5091
"MtrElec",5,6,10,"",63.4081,0,0,0,0,0,0,0,0,0,0,0,0,0,0,0,0,0,0,0,0,102.797,0,0,-39.3887
"MtrElec",5,6,11,"",78.1477,0,0,0,0,0,0,0,0,0,0,0,0,0,0,0,0,0,0,0,0,110.725,0,0,-32.5769
"MtrElec",5,6,12,"",43.4305,0,0,0,0,0,0,0,0,0,0,0,0,0,0,0,0,0,0,0,0,69.766,0,0,-26.3355
"MtrElec",5,6,13,"",2.40654,0,0,0,0,0,0,0,0,0,0,0,0,0,0,0,0,0,0,0,0,58.2974,0,0,-55.8909
"MtrElec",5,6,14,"",39.2203,0,0,0,0,0,0,0,0,0,0,0,0,0,0,0,0,0,0,0,0,74.3024,0,0,-35.0822
"MtrElec",5,6,15,"",6.82234,0,0,0,0,0,0,0,0,0,0,0,0,0,0,0,0,0,0,0,0,67.099,0,0,-60.2767
"MtrElec",5,6,16,"",44.8352,0,0,0,0,0,0,0,0,0,0,0,0,0,0,0,0,0,0,0,0,89.8672,0,0,-45.032
"MtrElec",5,6,17,"",0.0682266,0,0,0,0,0,0,0,0,0,0,0,0,0,0,0,0,0,0,0,0,87.4579,0,0,-87.3897
"MtrElec",5,6,18,"",80.1134,0,0,0,0,0,0,0,0,0,0,0,0,0,0,0,0,0,0,0,0,96.6001,0,0,-16.4867
"MtrElec",5,6,19,"",79.8837,0,0,0,0,0,0,0,0,0,0,0,0,0,0,0,0,0,0,0,0,79.8837,0,0,0
"MtrElec",5,6,20,"",115.998,0,0,0,0,0,0,0,0,0,0,0,0,0,0,0,0,0,0,0,0,115.998,0,0,0
"MtrElec",5,6,21,"",116.296,0,0,0,0,0,0,0,0,0,0,0,0,0,0,0,0,0,0,0,0,116.296,0,0,0
"MtrElec",5,6,22,"",87.6398,0,0,0,0,0,0,0,0,0,0,0,0,0,0,0,0,0,0,0,0,87.6398,0,0,0
"MtrElec",5,6,23,"",106.777,0,0,0,0,0,0,0,0,0,0,0,0,0,0,0,0,0,0,0,0,106.777,0,0,0
"MtrElec",5,6,24,"",67.9255,0,0,0,0,0,0,0,0,0,0,0,0,0,0,0,0,0,0,0,0,67.9255,0,0,0
"MtrElec",5,7,1,"",63.5504,0,0,0,0,0,0,0,0,0,0,0,0,0,0,0,0,0,0,0,0,63.5504,0,0,0
"MtrElec",5,7,2,"",46.2696,0,0,0,0,0,0,0,0,0,0,0,0,0,0,0,0,0,0,0,0,46.2696,0,0,0
"MtrElec",5,7,3,"",45.0692,0,0,0,0,0,0,0,0,0,0,0,0,0,0,0,0,0,0,0,0,45.0692,0,0,0
"MtrElec",5,7,4,"",45.0037,0,0,0,0,0,0,0,0,0,0,0,0,0,0,0,0,0,0,0,0,45.0037,0,0,0
"MtrElec",5,7,5,"",44.4847,0,0,0,0,0,0,0,0,0,0,0,0,0,0,0,0,0,0,0,0,44.4847,0,0,0
"MtrElec",5,7,6,"",55.8547,0,0,0,0,0,0,0,0,0,0,0,0,0,0,0,0,0,0,0,0,55.8547,0,0,0
"MtrElec",5,7,7,"",91.2699,0,0,0,0,0,0,0,0,0,0,0,0,0,0,0,0,0,0,0,0,98.0018,0,0,-6.7319
"MtrElec",5,7,8,"",73.5396,0,0,0,0,0,0,0,0,0,0,0,0,0,0,0,0,0,0,0,0,105.292,0,0,-31.7523
"MtrElec",5,7,9,"",23.5206,0,0,0,0,0,0,0,0,0,0,0,0,0,0,0,0,0,0,0,0,90,0,0,-66.4794
"MtrElec",5,7,10,"",39.4713,0,0,0,0,0,0,0,0,0,0,0,0,0,0,0,0,0,0,0,0,103.052,0,0,-63.5807
"MtrElec",5,7,11,"",0.0000039,0,0,0,0,0,0,0,0,0,0,0,0,0,0,0,0,0,0,0,0,62.336,0,66.8685,-129.205
"MtrElec",5,7,12,"",0,0,0,0,0,0,0,0,0,0,0,0,0,0,0,0,0,0,0,0,0,93.3845,0,35.5083,-128.893
"MtrElec",5,7,13,"",0,0,0,0,0,0,0,0,0,0,0,0,0,0,0,0,0,0,0,0,0,103.024,0,19.2305,-122.254
"MtrElec",5,7,14,"",-31.0859,0,0,0,0,0,0,0,0,0,0,0,0,0,0,0,0,0,0,0,0,55.4381,0,67.8758,-154.4
"MtrElec",5,7,15,"",39.8684,0,0,0,0,0,0,0,0,0,0,0,0,0,0,0,0,0,0,0,0,97.3634,0,0,-57.4949
"MtrElec",5,7,16,"",60.9731,0,0,0,0,0,0,0,0,0,0,0,0,0,0,0,0,0,0,0,0,68.6154,0,0,-7.64234
"MtrElec",5,7,17,"",69.7425,0,0,0,0,0,0,0,0,0,0,0,0,0,0,0,0,0,0,0,0,71.9791,0,0,-2.23655
"MtrElec",5,7,18,"",53.6194,0,0,0,0,0,0,0,0,0,0,0,0,0,0,0,0,0,0,0,0,95.2315,0,0,-41.6121
"MtrElec",5,7,19,"",9.38463,0,0,0,0,0,0,0,0,0,0,0,0,0,0,0,0,0,0,0,0,98.3437,0,-67.8758,-21.0833
"MtrElec",5,7,20,"",31.4754,0,0,0,0,0,0,0,0,0,0,0,0,0,0,0,0,0,0,0,0,100.527,0,-67.8758,-1.17628
"MtrElec",5,7,21,"",76.5825,0,0,0,0,0,0,0,0,0,0,0,0,0,0,0,0,0,0,0,0,111.839,0,-35.2569,0
"MtrElec",5,7,22,"",69.9001,0,0,0,0,0,0,0,0,0,0,0,0,0,0,0,0,0,0,0,0,69.9001,0,0,0
"MtrElec",5,7,23,"",100.375,0,0,0,0,0,0,0,0,0,0,0,0,0,0,0,0,0,0,0,0,100.375,0,0,0
"MtrElec",5,7,24,"",90.4514,0,0,0,0,0,0,0,0,0,0,0,0,0,0,0,0,0,0,0,0,90.4514,0,0,0
"MtrElec",5,8,1,"",53.8442,0,0,0,0,0,0,0,0,0,0,0,0,0,0,0,0,0,0,0,0,53.8442,0,0,0
"MtrElec",5,8,2,"",45.966,0,0,0,0,0,0,0,0,0,0,0,0,0,0,0,0,0,0,0,0,45.966,0,0,0
"MtrElec",5,8,3,"",44.7622,0,0,0,0,0,0,0,0,0,0,0,0,0,0,0,0,0,0,0,0,44.7622,0,0,0
"MtrElec",5,8,4,"",44.7024,0,0,0,0,0,0,0,0,0,0,0,0,0,0,0,0,0,0,0,0,44.7024,0,0,0
"MtrElec",5,8,5,"",44.1487,0,0,0,0,0,0,0,0,0,0,0,0,0,0,0,0,0,0,0,0,44.1487,0,0,0
"MtrElec",5,8,6,"",51.5185,0,0,0,0,0,0,0,0,0,0,0,0,0,0,0,0,0,0,0,0,51.5185,0,0,0
"MtrElec",5,8,7,"",66.3617,0,0,0,0,0,0,0,0,0,0,0,0,0,0,0,0,0,0,0,0,76.7564,0,0,-10.3948
"MtrElec",5,8,8,"",21.982,0,0,0,0,0,0,0,0,0,0,0,0,0,0,0,0,0,0,0,0,69.3494,0,0,-47.3674
"MtrElec",5,8,9,"",20.383,0,0,0,0,0,0,0,0,0,0,0,0,0,0,0,0,0,0,0,0,105.914,0,0,-85.5312
"MtrElec",5,8,10,"",0.0000039,0,0,0,0,0,0,0,0,0,0,0,0,0,0,0,0,0,0,0,0,71.6846,0,46.278,-117.963
"MtrElec",5,8,11,"",0,0,0,0,0,0,0,0,0,0,0,0,0,0,0,0,0,0,0,0,0,111.642,0,48.2766,-159.919
"MtrElec",5,8,12,"",-54.728,0,0,0,0,0,0,0,0,0,0,0,0,0,0,0,0,0,0,0,0,71.4912,0,67.8758,-194.095
"MtrElec",5,8,13,"",-41.3439,0,0,0,0,0,0,0,0,0,0,0,0,0,0,0,0,0,0,0,0,97.0365,0,67.8758,-206.256
"MtrElec",5,8,14,"",-118.979,0,0,0,0,0,0,0,0,0,0,0,0,0,0,0,0,0,0,0,0,60.9746,0,22.9444,-202.898
"MtrElec",5,8,15,"",-127.871,0,0,0,0,0,0,0,0,0,0,0,0,0,0,0,0,0,0,0,0,58.7629,0,0,-186.633
"MtrElec",5,8,16,"",-73.9609,0,0,0,0,0,0,0,0,0,0,0,0,0,0,0,0,0,0,0,0,84.3457,0,0,-158.307
"MtrElec",5,8,17,"",-28.1818,0,0,0,0,0,0,0,0,0,0,0,0,0,0,0,0,0,0,0,0,88.7075,0,0,-116.889
"MtrElec",5,8,18,"",12.3133,0,0,0,0,0,0,0,0,0,0,0,0,0,0,0,0,0,0,0,0,79.6492,0,0,-67.3359
"MtrElec",5,8,19,"",26.8911,0,0,0,0,0,0,0,0,0,0,0,0,0,0,0,0,0,0,0,0,115.167,0,-67.8758,-20.4004
"MtrElec",5,8,20,"",24.5265,0,0,0,0,0,0,0,0,0,0,0,0,0,0,0,0,0,0,0,0,93.8284,0,-67.8758,-1.42607
"MtrElec",5,8,21,"",41.9835,0,0,0,0,0,0,0,0,0,0,0,0,0,0,0,0,0,0,0,0,109.859,0,-67.8758,0
"MtrElec",5,8,22,"",43.78,0,0,0,0,0,0,0,0,0,0,0,0,0,0,0,0,0,0,0,0,68.7113,0,-24.9313,0
"MtrElec",5,8,23,"",76.2255,0,0,0,0,0,0,0,0,0,0,0,0,0,0,0,0,0,0,0,0,76.2255,0,0,0
"MtrElec",5,8,24,"",69.6885,0,0,0,0,0,0,0,0,0,0,0,0,0,0,0,0,0,0,0,0,69.6885,0,0,0
"MtrElec",5,9,1,"",60.2591,0,0,0,0,0,0,0,0,0,0,0,0,0,0,0,0,0,0,0,0,60.2591,0,0,0
"MtrElec",5,9,2,"",44.9205,0,0,0,0,0,0,0,0,0,0,0,0,0,0,0,0,0,0,0,0,44.9205,0,0,0
"MtrElec",5,9,3,"",47.8348,0,0,0,0,0,0,0,0,0,0,0,0,0,0,0,0,0,0,0,0,47.8348,0,0,0
"MtrElec",5,9,4,"",49.0557,0,0,0,0,0,0,0,0,0,0,0,0,0,0,0,0,0,0,0,0,49.0557,0,0,0
"MtrElec",5,9,5,"",65.1282,0,0,0,0,0,0,0,0,0,0,0,0,0,0,0,0,0,0,0,0,65.1282,0,0,0
"MtrElec",5,9,6,"",44.8488,0,0,0,0,0,0,0,0,0,0,0,0,0,0,0,0,0,0,0,0,44.8488,0,0,0
"MtrElec",5,9,7,"",39.6798,0,0,0,0,0,0,0,0,0,0,0,0,0,0,0,0,0,0,0,0,48.8229,0,0,-9.14312
"MtrElec",5,9,8,"",24.7412,0,0,0,0,0,0,0,0,0,0,0,0,0,0,0,0,0,0,0,0,64.3925,0,0,-39.6513
"MtrElec",5,9,9,"",4.27355,0,0,0,0,0,0,0,0,0,0,0,0,0,0,0,0,0,0,0,0,76.7923,0,0,-72.5187
"MtrElec",5,9,10,"",0,0,0,0,0,0,0,0,0,0,0,0,0,0,0,0,0,0,0,0,0,102.754,0,14.9237,-117.678
"MtrElec",5,9,11,"",0.0000002,0,0,0,0,0,0,0,0,0,0,0,0,0,0,0,0,0,0,0,0,161.464,0,2.6067,-164.071
"MtrElec",5,9,12,"",-32.0637,0,0,0,0,0,0,0,0,0,0,0,0,0,0,0,0,0,0,0,0,86.3524,0,67.8758,-186.292
"MtrElec",5,9,13,"",-35.0473,0,0,0,0,0,0,0,0,0,0,0,0,0,0,0,0,0,0,0,0,94.4746,0,67.8758,-197.398
"MtrElec",5,9,14,"",-43.9943,0,0,0,0,0,0,0,0,0,0,0,0,0,0,0,0,0,0,0,0,84.935,0,67.8758,-196.805
"MtrElec",5,9,15,"",-54.1237,0,0,0,0,0,0,0,0,0,0,0,0,0,0,0,0,0,0,0,0,96.5444,0,32.0928,-182.761
"MtrElec",5,9,16,"",-85.1801,0,0,0,0,0,0,0,0,0,0,0,0,0,0,0,0,0,0,0,0,68.9109,0,0,-154.091
"MtrElec",5,9,17,"",-21.3877,0,0,0,0,0,0,0,0,0,0,0,0,0,0,0,0,0,0,0,0,92.2827,0,0,-113.67
"MtrElec",5,9,18,"",20.9746,0,0,0,0,0,0,0,0,0,0,0,0,0,0,0,0,0,0,0,0,85.8453,0,0,-64.8708
"MtrElec",5,9,19,"",40.3273,0,0,0,0,0,0,0,0,0,0,0,0,0,0,0,0,0,0,0,0,130.018,0,-67.8758,-21.8145
"MtrElec",5,9,20,"",33.8937,0,0,0,0,0,0,0,0,0,0,0,0,0,0,0,0,0,0,0,0,103.848,0,-67.8758,-2.07866
"MtrElec",5,9,21,"",54.4918,0,0,0,0,0,0,0,0,0,0,0,0,0,0,0,0,0,0,0,0,122.368,0,-67.8758,0
"MtrElec",5,9,22,"",58.8163,0,0,0,0,0,0,0,0,0,0,0,0,0,0,0,0,0,0,0,0,83.7476,0,-24.9313,0
"MtrElec",5,9,23,"",82.9433,0,0,0,0,0,0,0,0,0,0,0,0,0,0,0,0,0,0,0,0,82.9433,0,0,0
"MtrElec",5,9,24,"",79.6858,0,0,0,0,0,0,0,0,0,0,0,0,0,0,0,0,0,0,0,0,79.6858,0,0,0
"MtrElec",5,10,1,"",58.6219,0,0,0,0,0,0,0,0,0,0,0,0,0,0,0,0,0,0,0,0,58.6219,0,0,0
"MtrElec",5,10,2,"",45.0153,0,0,0,0,0,0,0,0,0,0,0,0,0,0,0,0,0,0,0,0,45.0153,0,0,0
"MtrElec",5,10,3,"",43.529,0,0,0,0,0,0,0,0,0,0,0,0,0,0,0,0,0,0,0,0,43.529,0,0,0
"MtrElec",5,10,4,"",43.4652,0,0,0,0,0,0,0,0,0,0,0,0,0,0,0,0,0,0,0,0,43.4652,0,0,0
"MtrElec",5,10,5,"",42.852,0,0,0,0,0,0,0,0,0,0,0,0,0,0,0,0,0,0,0,0,42.852,0,0,0
"MtrElec",5,10,6,"",44.9519,0,0,0,0,0,0,0,0,0,0,0,0,0,0,0,0,0,0,0,0,44.9519,0,0,0
"MtrElec",5,10,7,"",68.6537,0,0,0,0,0,0,0,0,0,0,0,0,0,0,0,0,0,0,0,0,70.2628,0,0,-1.60903
"MtrElec",5,10,8,"",46.8847,0,0,0,0,0,0,0,0,0,0,0,0,0,0,0,0,0,0,0,0,56.6774,0,0,-9.79268
"MtrElec",5,10,9,"",61.0399,0,0,0,0,0,0,0,0,0,0,0,0,0,0,0,0,0,0,0,0,85.1738,0,0,-24.1339
"MtrElec",5,10,10,"",31.1073,0,0,0,0,0,0,0,0,0,0,0,0,0,0,0,0,0,0,0,0,84.8862,0,0,-53.7789
"MtrElec",5,10,11,"",10.7786,0,0,0,0,0,0,0,0,0,0,0,0,0,0,0,0,0,0,0,0,101.527,0,0,-90.7486
"MtrElec",5,10,12,"",48.7288,0,0,0,0,0,0,0,0,0,0,0,0,0,0,0,0,0,0,0,0,103.244,0,0,-54.5154
"MtrElec",5,10,13,"",122.172,0,0,0,0,0,0,0,0,0,0,0,0,0,0,0,0,0,0,0,0,150.215,0,0,-28.0435
"MtrElec",5,10,14,"",48.4342,0,0,0,0,0,0,0,0,0,0,0,0,0,0,0,0,0,0,0,0,96.9409,0,0,-48.5067
"MtrElec",5,10,15,"",20.5947,0,0,0,0,0,0,0,0,0,0,0,0,0,0,0,0,0,0,0,0,100.191,0,0,-79.5966
"MtrElec",5,10,16,"",0,0,0,0,0,0,0,0,0,0,0,0,0,0,0,0,0,0,0,0,0,92.8996,0,17.3162,-110.216
"MtrElec",5,10,17,"",31.7088,0,0,0,0,0,0,0,0,0,0,0,0,0,0,0,0,0,0,0,0,73.2825,0,0,-41.5737
"MtrElec",5,10,18,"",105.84,0,0,0,0,0,0,0,0,0,0,0,0,0,0,0,0,0,0,0,0,121.983,0,0,-16.1431
"MtrElec",5,10,19,"",150.026,0,0,0,0,0,0,0,0,0,0,0,0,0,0,0,0,0,0,0,0,172.162,0,-15.6279,-6.5081
"MtrElec",5,10,20,"",107.524,0,0,0,0,0,0,0,0,0,0,0,0,0,0,0,0,0,0,0,0,107.524,0,0,0
"MtrElec",5,10,21,"",133.096,0,0,0,0,0,0,0,0,0,0,0,0,0,0,0,0,0,0,0,0,133.096,0,0,0
"MtrElec",5,10,22,"",118.172,0,0,0,0,0,0,0,0,0,0,0,0,0,0,0,0,0,0,0,0,118.172,0,0,0
"MtrElec",5,10,23,"",83.291,0,0,0,0,0,0,0,0,0,0,0,0,0,0,0,0,0,0,0,0,83.291,0,0,0
"MtrElec",5,10,24,"",83.205,0,0,0,0,0,0,0,0,0,0,0,0,0,0,0,0,0,0,0,0,83.205,0,0,0
"MtrElec",5,11,1,"",47.0981,0,0,0,0,0,0,0,0,0,0,0,0,0,0,0,0,0,0,0,0,47.0981,0,0,0
"MtrElec",5,11,2,"",44.7219,0,0,0,0,0,0,0,0,0,0,0,0,0,0,0,0,0,0,0,0,44.7219,0,0,0
"MtrElec",5,11,3,"",43.5133,0,0,0,0,0,0,0,0,0,0,0,0,0,0,0,0,0,0,0,0,43.5133,0,0,0
"MtrElec",5,11,4,"",43.4495,0,0,0,0,0,0,0,0,0,0,0,0,0,0,0,0,0,0,0,0,43.4495,0,0,0
"MtrElec",5,11,5,"",42.9203,0,0,0,0,0,0,0,0,0,0,0,0,0,0,0,0,0,0,0,0,42.9203,0,0,0
"MtrElec",5,11,6,"",45.9864,0,0,0,0,0,0,0,0,0,0,0,0,0,0,0,0,0,0,0,0,45.9864,0,0,0
"MtrElec",5,11,7,"",76.4326,0,0,0,0,0,0,0,0,0,0,0,0,0,0,0,0,0,0,0,0,84.5839,0,0,-8.15131
"MtrElec",5,11,8,"",66.0786,0,0,0,0,0,0,0,0,0,0,0,0,0,0,0,0,0,0,0,0,104.162,0,0,-38.0835
"MtrElec",5,11,9,"",0,0,0,0,0,0,0,0,0,0,0,0,0,0,0,0,0,0,0,0,0,80.1208,0,7.11127,-87.2321
"MtrElec",5,11,10,"",0,0,0,0,0,0,0,0,0,0,0,0,0,0,0,0,0,0,0,0,0,101.431,0,31.9793,-133.411
"MtrElec",5,11,11,"",-16.4036,0,0,0,0,0,0,0,0,0,0,0,0,0,0,0,0,0,0,0,0,85.5222,0,67.8758,-169.802
"MtrElec",5,11,12,"",-32.2973,0,0,0,0,0,0,0,0,0,0,0,0,0,0,0,0,0,0,0,0,91.8289,0,67.8758,-192.002
"MtrElec",5,11,13,"",-60.1449,0,0,0,0,0,0,0,0,0,0,0,0,0,0,0,0,0,0,0,0,72.9642,0,67.8758,-200.985
"MtrElec",5,11,14,"",-132.422,0,0,0,0,0,0,0,0,0,0,0,0,0,0,0,0,0,0,0,0,55.6598,0,10.5326,-198.615
"MtrElec",5,11,15,"",-107.268,0,0,0,0,0,0,0,0,0,0,0,0,0,0,0,0,0,0,0,0,76.4756,0,0,-183.744
"MtrElec",5,11,16,"",-96.8217,0,0,0,0,0,0,0,0,0,0,0,0,0,0,0,0,0,0,0,0,59.9711,0,0,-156.793
"MtrElec",5,11,17,"",-41.924,0,0,0,0,0,0,0,0,0,0,0,0,0,0,0,0,0,0,0,0,77.1553,0,0,-119.079
"MtrElec",5,11,18,"",36.1177,0,0,0,0,0,0,0,0,0,0,0,0,0,0,0,0,0,0,0,0,105.444,0,0,-69.3266
"MtrElec",5,11,19,"",11.0218,0,0,0,0,0,0,0,0,0,0,0,0,0,0,0,0,0,0,0,0,99.8566,0,-67.8758,-20.9591
"MtrElec",5,11,20,"",42.1216,0,0,0,0,0,0,0,0,0,0,0,0,0,0,0,0,0,0,0,0,112.118,0,-67.8758,-2.12049
"MtrElec",5,11,21,"",24.2346,0,0,0,0,0,0,0,0,0,0,0,0,0,0,0,0,0,0,0,0,92.1104,0,-67.8758,0
"MtrElec",5,11,22,"",79.1202,0,0,0,0,0,0,0,0,0,0,0,0,0,0,0,0,0,0,0,0,104.051,0,-24.9313,0
"MtrElec",5,11,23,"",67.8948,0,0,0,0,0,0,0,0,0,0,0,0,0,0,0,0,0,0,0,0,67.8948,0,0,0
"MtrElec",5,11,24,"",53.9589,0,0,0,0,0,0,0,0,0,0,0,0,0,0,0,0,0,0,0,0,53.9589,0,0,0
"MtrElec",5,12,1,"",47.3909,0,0,0,0,0,0,0,0,0,0,0,0,0,0,0,0,0,0,0,0,47.3909,0,0,0
"MtrElec",5,12,2,"",44.9478,0,0,0,0,0,0,0,0,0,0,0,0,0,0,0,0,0,0,0,0,44.9478,0,0,0
"MtrElec",5,12,3,"",58.5046,0,0,0,0,0,0,0,0,0,0,0,0,0,0,0,0,0,0,0,0,58.5046,0,0,0
"MtrElec",5,12,4,"",50.9879,0,0,0,0,0,0,0,0,0,0,0,0,0,0,0,0,0,0,0,0,50.9879,0,0,0
"MtrElec",5,12,5,"",43.1073,0,0,0,0,0,0,0,0,0,0,0,0,0,0,0,0,0,0,0,0,43.1073,0,0,0
"MtrElec",5,12,6,"",46.9469,0,0,0,0,0,0,0,0,0,0,0,0,0,0,0,0,0,0,0,0,46.9469,0,0,0
"MtrElec",5,12,7,"",77.2269,0,0,0,0,0,0,0,0,0,0,0,0,0,0,0,0,0,0,0,0,85.6509,0,0,-8.42398
"MtrElec",5,12,8,"",74.9872,0,0,0,0,0,0,0,0,0,0,0,0,0,0,0,0,0,0,0,0,114.084,0,0,-39.0964
"MtrElec",5,12,9,"",32.7811,0,0,0,0,0,0,0,0,0,0,0,0,0,0,0,0,0,0,0,0,122.863,0,0,-90.0816
"MtrElec",5,12,10,"",7.28089,0,0,0,0,0,0,0,0,0,0,0,0,0,0,0,0,0,0,0,0,143.17,0,0,-135.889
"MtrElec",5,12,11,"",0,0,0,0,0,0,0,0,0,0,0,0,0,0,0,0,0,0,0,0,0,143.291,0,28.8537,-172.145
"MtrElec",5,12,12,"",-63.1314,0,0,0,0,0,0,0,0,0,0,0,0,0,0,0,0,0,0,0,0,64.0298,0,67.8758,-195.037
"MtrElec",5,12,13,"",-83.7168,0,0,0,0,0,0,0,0,0,0,0,0,0,0,0,0,0,0,0,0,52.4675,0,67.8758,-204.06
"MtrElec",5,12,14,"",-51.5015,0,0,0,0,0,0,0,0,0,0,0,0,0,0,0,0,0,0,0,0,82.2203,0,67.8758,-201.598
"MtrElec",5,12,15,"",-106.198,0,0,0,0,0,0,0,0,0,0,0,0,0,0,0,0,0,0,0,0,61.4315,0,20.7695,-188.399
"MtrElec",5,12,16,"",-102.711,0,0,0,0,0,0,0,0,0,0,0,0,0,0,0,0,0,0,0,0,57.1499,0,0,-159.861
"MtrElec",5,12,17,"",-26.6756,0,0,0,0,0,0,0,0,0,0,0,0,0,0,0,0,0,0,0,0,93.6742,0,0,-120.35
"MtrElec",5,12,18,"",10.6387,0,0,0,0,0,0,0,0,0,0,0,0,0,0,0,0,0,0,0,0,80.9001,0,0,-70.2614
"MtrElec",5,12,19,"",29.9358,0,0,0,0,0,0,0,0,0,0,0,0,0,0,0,0,0,0,0,0,118.616,0,-67.8758,-20.8046
"MtrElec",5,12,20,"",34.857,0,0,0,0,0,0,0,0,0,0,0,0,0,0,0,0,0,0,0,0,105.042,0,-67.8758,-2.30926
"MtrElec",5,12,21,"",57.3283,0,0,0,0,0,0,0,0,0,0,0,0,0,0,0,0,0,0,0,0,125.204,0,-67.8758,0
"MtrElec",5,12,22,"",61.5316,0,0,0,0,0,0,0,0,0,0,0,0,0,0,0,0,0,0,0,0,86.4629,0,-24.9313,0
"MtrElec",5,12,23,"",88.4345,0,0,0,0,0,0,0,0,0,0,0,0,0,0,0,0,0,0,0,0,88.4345,0,0,0
"MtrElec",5,12,24,"",96.1067,0,0,0,0,0,0,0,0,0,0,0,0,0,0,0,0,0,0,0,0,96.1067,0,0,0
"MtrElec",5,13,1,"",47.4632,0,0,0,0,0,0,0,0,0,0,0,0,0,0,0,0,0,0,0,0,47.4632,0,0,0
"MtrElec",5,13,2,"",48.4957,0,0,0,0,0,0,0,0,0,0,0,0,0,0,0,0,0,0,0,0,48.4957,0,0,0
"MtrElec",5,13,3,"",49.0597,0,0,0,0,0,0,0,0,0,0,0,0,0,0,0,0,0,0,0,0,49.0597,0,0,0
"MtrElec",5,13,4,"",54.9703,0,0,0,0,0,0,0,0,0,0,0,0,0,0,0,0,0,0,0,0,54.9703,0,0,0
"MtrElec",5,13,5,"",47.4612,0,0,0,0,0,0,0,0,0,0,0,0,0,0,0,0,0,0,0,0,47.4612,0,0,0
"MtrElec",5,13,6,"",70.1164,0,0,0,0,0,0,0,0,0,0,0,0,0,0,0,0,0,0,0,0,70.1164,0,0,0
"MtrElec",5,13,7,"",53.2782,0,0,0,0,0,0,0,0,0,0,0,0,0,0,0,0,0,0,0,0,64.9723,0,0,-11.6941
"MtrElec",5,13,8,"",58.5819,0,0,0,0,0,0,0,0,0,0,0,0,0,0,0,0,0,0,0,0,107.634,0,0,-49.052
"MtrElec",5,13,9,"",42.8858,0,0,0,0,0,0,0,0,0,0,0,0,0,0,0,0,0,0,0,0,123.255,0,0,-80.3696
"MtrElec",5,13,10,"",-12.9411,0,0,0,0,0,0,0,0,0,0,0,0,0,0,0,0,0,0,0,0,63.4436,0,67.8758,-144.26
"MtrElec",5,13,11,"",-10.7715,0,0,0,0,0,0,0,0,0,0,0,0,0,0,0,0,0,0,0,0,100.674,0,67.8758,-179.321
"MtrElec",5,13,12,"",-38.9881,0,0,0,0,0,0,0,0,0,0,0,0,0,0,0,0,0,0,0,0,96.8321,0,67.8758,-203.696
"MtrElec",5,13,13,"",-67.6442,0,0,0,0,0,0,0,0,0,0,0,0,0,0,0,0,0,0,0,0,95.6068,0,49.6232,-212.874
"MtrElec",5,13,14,"",-149.974,0,0,0,0,0,0,0,0,0,0,0,0,0,0,0,0,0,0,0,0,57.3147,0,0,-207.289
"MtrElec",5,13,15,"",-113.849,0,0,0,0,0,0,0,0,0,0,0,0,0,0,0,0,0,0,0,0,76.9028,0,0,-190.751
"MtrElec",5,13,16,"",-106.659,0,0,0,0,0,0,0,0,0,0,0,0,0,0,0,0,0,0,0,0,56.3658,0,0,-163.025
"MtrElec",5,13,17,"",-53.4059,0,0,0,0,0,0,0,0,0,0,0,0,0,0,0,0,0,0,0,0,69.0586,0,0,-122.465
"MtrElec",5,13,18,"",27.8804,0,0,0,0,0,0,0,0,0,0,0,0,0,0,0,0,0,0,0,0,98.9265,0,0,-71.0461
"MtrElec",5,13,19,"",15.397,0,0,0,0,0,0,0,0,0,0,0,0,0,0,0,0,0,0,0,0,105.225,0,-67.8758,-21.9525
"MtrElec",5,13,20,"",32.0367,0,0,0,0,0,0,0,0,0,0,0,0,0,0,0,0,0,0,0,0,102.771,0,-67.8758,-2.85846
"MtrElec",5,13,21,"",46.0624,0,0,0,0,0,0,0,0,0,0,0,0,0,0,0,0,0,0,0,0,113.938,0,-67.8758,0
"MtrElec",5,13,22,"",52.9604,0,0,0,0,0,0,0,0,0,0,0,0,0,0,0,0,0,0,0,0,77.8916,0,-24.9313,0
"MtrElec",5,13,23,"",108.017,0,0,0,0,0,0,0,0,0,0,0,0,0,0,0,0,0,0,0,0,108.017,0,0,0
"MtrElec",5,13,24,"",84.4696,0,0,0,0,0,0,0,0,0,0,0,0,0,0,0,0,0,0,0,0,84.4696,0,0,0
"MtrElec",5,14,1,"",57.6682,0,0,0,0,0,0,0,0,0,0,0,0,0,0,0,0,0,0,0,0,57.6682,0,0,0
"MtrElec",5,14,2,"",46.9456,0,0,0,0,0,0,0,0,0,0,0,0,0,0,0,0,0,0,0,0,46.9456,0,0,0
"MtrElec",5,14,3,"",44.6342,0,0,0,0,0,0,0,0,0,0,0,0,0,0,0,0,0,0,0,0,44.6342,0,0,0
"MtrElec",5,14,4,"",43.7426,0,0,0,0,0,0,0,0,0,0,0,0,0,0,0,0,0,0,0,0,43.7426,0,0,0
"MtrElec",5,14,5,"",43.2318,0,0,0,0,0,0,0,0,0,0,0,0,0,0,0,0,0,0,0,0,43.2318,0,0,0
"MtrElec",5,14,6,"",53.9497,0,0,0,0,0,0,0,0,0,0,0,0,0,0,0,0,0,0,0,0,53.9497,0,0,0
"MtrElec",5,14,7,"",81.8903,0,0,0,0,0,0,0,0,0,0,0,0,0,0,0,0,0,0,0,0,91.5194,0,0,-9.62906
"MtrElec",5,14,8,"",40.4909,0,0,0,0,0,0,0,0,0,0,0,0,0,0,0,0,0,0,0,0,81.0724,0,0,-40.5816
"MtrElec",5,14,9,"",42.6893,0,0,0,0,0,0,0,0,0,0,0,0,0,0,0,0,0,0,0,0,133.468,0,0,-90.7783
"MtrElec",5,14,10,"",0,0,0,0,0,0,0,0,0,0,0,0,0,0,0,0,0,0,0,0,0,125.155,0,11.5388,-136.693
"MtrElec",5,14,11,"",-12.6374,0,0,0,0,0,0,0,0,0,0,0,0,0,0,0,0,0,0,0,0,89.0261,0,67.8758,-169.539
"MtrElec",5,14,12,"",-8.97706,0,0,0,0,0,0,0,0,0,0,0,0,0,0,0,0,0,0,0,0,114.596,0,67.8758,-191.449
"MtrElec",5,14,13,"",-46.9232,0,0,0,0,0,0,0,0,0,0,0,0,0,0,0,0,0,0,0,0,88.9101,0,67.8758,-203.709
"MtrElec",5,14,14,"",-82.1605,0,0,0,0,0,0,0,0,0,0,0,0,0,0,0,0,0,0,0,0,81.8886,0,38.0844,-202.134
"MtrElec",5,14,15,"",-128.18,0,0,0,0,0,0,0,0,0,0,0,0,0,0,0,0,0,0,0,0,59.6688,0,0,-187.849
"MtrElec",5,14,16,"",-95.9659,0,0,0,0,0,0,0,0,0,0,0,0,0,0,0,0,0,0,0,0,65.9202,0,0,-161.886
"MtrElec",5,14,17,"",-36.6232,0,0,0,0,0,0,0,0,0,0,0,0,0,0,0,0,0,0,0,0,85.6331,0,0,-122.256
"MtrElec",5,14,18,"",16.3591,0,0,0,0,0,0,0,0,0,0,0,0,0,0,0,0,0,0,0,0,87.6596,0,0,-71.3004
"MtrElec",5,14,19,"",28.1605,0,0,0,0,0,0,0,0,0,0,0,0,0,0,0,0,0,0,0,0,118.01,0,-67.8758,-21.9733
"MtrElec",5,14,20,"",24.6087,0,0,0,0,0,0,0,0,0,0,0,0,0,0,0,0,0,0,0,0,95.5624,0,-67.8758,-3.07796
"MtrElec",5,14,21,"",48.7242,0,0,0,0,0,0,0,0,0,0,0,0,0,0,0,0,0,0,0,0,116.6,0,-67.8758,0
"MtrElec",5,14,22,"",53.1876,0,0,0,0,0,0,0,0,0,0,0,0,0,0,0,0,0,0,0,0,78.1189,0,-24.9313,0
"MtrElec",5,14,23,"",96.6543,0,0,0,0,0,0,0,0,0,0,0,0,0,0,0,0,0,0,0,0,96.6543,0,0,0
"MtrElec",5,14,24,"",58.9788,0,0,0,0,0,0,0,0,0,0,0,0,0,0,0,0,0,0,0,0,58.9788,0,0,0
"MtrElec",5,15,1,"",52.9643,0,0,0,0,0,0,0,0,0,0,0,0,0,0,0,0,0,0,0,0,52.9643,0,0,0
"MtrElec",5,15,2,"",46.673,0,0,0,0,0,0,0,0,0,0,0,0,0,0,0,0,0,0,0,0,46.673,0,0,0
"MtrElec",5,15,3,"",44.5462,0,0,0,0,0,0,0,0,0,0,0,0,0,0,0,0,0,0,0,0,44.5462,0,0,0
"MtrElec",5,15,4,"",43.6887,0,0,0,0,0,0,0,0,0,0,0,0,0,0,0,0,0,0,0,0,43.6887,0,0,0
"MtrElec",5,15,5,"",43.182,0,0,0,0,0,0,0,0,0,0,0,0,0,0,0,0,0,0,0,0,43.182,0,0,0
"MtrElec",5,15,6,"",52.6282,0,0,0,0,0,0,0,0,0,0,0,0,0,0,0,0,0,0,0,0,52.6282,0,0,0
"MtrElec",5,15,7,"",76.4103,0,0,0,0,0,0,0,0,0,0,0,0,0,0,0,0,0,0,0,0,86.1907,0,0,-9.78035
"MtrElec",5,15,8,"",43.6697,0,0,0,0,0,0,0,0,0,0,0,0,0,0,0,0,0,0,0,0,84.6149,0,0,-40.9452
"MtrElec",5,15,9,"",6.61589,0,0,0,0,0,0,0,0,0,0,0,0,0,0,0,0,0,0,0,0,98.2618,0,0,-91.6459
"MtrElec",5,15,10,"",0,0,0,0,0,0,0,0,0,0,0,0,0,0,0,0,0,0,0,0,0,101.999,0,27.9643,-129.963
"MtrElec",5,15,11,"",0.0000039,0,0,0,0,0,0,0,0,0,0,0,0,0,0,0,0,0,0,0,0,88.5406,0,63.1891,-151.73
"MtrElec",5,15,12,"",0.0000020,0,0,0,0,0,0,0,0,0,0,0,0,0,0,0,0,0,0,0,0,91.8644,0,21.1398,-113.004
"MtrElec",5,15,13,"",-46.3767,0,0,0,0,0,0,0,0,0,0,0,0,0,0,0,0,0,0,0,0,63.9746,0,67.8758,-178.227
"MtrElec",5,15,14,"",-77.3844,0,0,0,0,0,0,0,0,0,0,0,0,0,0,0,0,0,0,0,0,52.0737,0,67.8758,-197.334
"MtrElec",5,15,15,"",-69.3037,0,0,0,0,0,0,0,0,0,0,0,0,0,0,0,0,0,0,0,0,69.1634,0,5.20583,-143.673
"MtrElec",5,15,16,"",-74.3014,0,0,0,0,0,0,0,0,0,0,0,0,0,0,0,0,0,0,0,0,79.6431,0,0,-153.945
"MtrElec",5,15,17,"",-35.7387,0,0,0,0,0,0,0,0,0,0,0,0,0,0,0,0,0,0,0,0,77.4225,0,0,-113.161
"MtrElec",5,15,18,"",32.5781,0,0,0,0,0,0,0,0,0,0,0,0,0,0,0,0,0,0,0,0,89.6762,0,0,-57.098
"MtrElec",5,15,19,"",28.436,0,0,0,0,0,0,0,0,0,0,0,0,0,0,0,0,0,0,0,0,119.185,0,-67.8758,-22.8729
"MtrElec",5,15,20,"",14.4204,0,0,0,0,0,0,0,0,0,0,0,0,0,0,0,0,0,0,0,0,85.3929,0,-67.8758,-3.09677
"MtrElec",5,15,21,"",59.6345,0,0,0,0,0,0,0,0,0,0,0,0,0,0,0,0,0,0,0,0,127.51,0,-67.8758,0
"MtrElec",5,15,22,"",51.7067,0,0,0,0,0,0,0,0,0,0,0,0,0,0,0,0,0,0,0,0,76.638,0,-24.9313,0
"MtrElec",5,15,23,"",114.378,0,0,0,0,0,0,0,0,0,0,0,0,0,0,0,0,0,0,0,0,114.378,0,0,0
"MtrElec",5,15,24,"",68.5823,0,0,0,0,0,0,0,0,0,0,0,0,0,0,0,0,0,0,0,0,68.5823,0,0,0
"MtrElec",5,16,1,"",47.396,0,0,0,0,0,0,0,0,0,0,0,0,0,0,0,0,0,0,0,0,47.396,0,0,0
"MtrElec",5,16,2,"",45.0812,0,0,0,0,0,0,0,0,0,0,0,0,0,0,0,0,0,0,0,0,45.0812,0,0,0
"MtrElec",5,16,3,"",45.0703,0,0,0,0,0,0,0,0,0,0,0,0,0,0,0,0,0,0,0,0,45.0703,0,0,0
"MtrElec",5,16,4,"",45.4367,0,0,0,0,0,0,0,0,0,0,0,0,0,0,0,0,0,0,0,0,45.4367,0,0,0
"MtrElec",5,16,5,"",50.4058,0,0,0,0,0,0,0,0,0,0,0,0,0,0,0,0,0,0,0,0,50.4058,0,0,0
"MtrElec",5,16,6,"",45.0416,0,0,0,0,0,0,0,0,0,0,0,0,0,0,0,0,0,0,0,0,45.0416,0,0,0
"MtrElec",5,16,7,"",61.5643,0,0,0,0,0,0,0,0,0,0,0,0,0,0,0,0,0,0,0,0,72.9157,0,0,-11.3514
"MtrElec",5,16,8,"",38.4909,0,0,0,0,0,0,0,0,0,0,0,0,0,0,0,0,0,0,0,0,71.6594,0,0,-33.1685
"MtrElec",5,16,9,"",35.1213,0,0,0,0,0,0,0,0,0,0,0,0,0,0,0,0,0,0,0,0,93.8236,0,0,-58.7023
"MtrElec",5,16,10,"",52.8887,0,0,0,0,0,0,0,0,0,0,0,0,0,0,0,0,0,0,0,0,116.791,0,0,-63.9024
"MtrElec",5,16,11,"",69.1083,0,0,0,0,0,0,0,0,0,0,0,0,0,0,0,0,0,0,0,0,145.344,0,0,-76.2359
"MtrElec",5,16,12,"",0,0,0,0,0,0,0,0,0,0,0,0,0,0,0,0,0,0,0,0,0,120.798,0,6.8383,-127.636
"MtrElec",5,16,13,"",0,0,0,0,0,0,0,0,0,0,0,0,0,0,0,0,0,0,0,0,0,128.433,0,0.564781,-128.998
"MtrElec",5,16,14,"",0,0,0,0,0,0,0,0,0,0,0,0,0,0,0,0,0,0,0,0,0,93.2551,0,17.0667,-110.322
"MtrElec",5,16,15,"",39.6855,0,0,0,0,0,0,0,0,0,0,0,0,0,0,0,0,0,0,0,0,101.517,0,0,-61.8318
"MtrElec",5,16,16,"",22.1978,0,0,0,0,0,0,0,0,0,0,0,0,0,0,0,0,0,0,0,0,100.835,0,0,-78.6368
"MtrElec",5,16,17,"",0.554852,0,0,0,0,0,0,0,0,0,0,0,0,0,0,0,0,0,0,0,0,82.9345,0,0,-82.3796
"MtrElec",5,16,18,"",60.1995,0,0,0,0,0,0,0,0,0,0,0,0,0,0,0,0,0,0,0,0,107.33,0,0,-47.13
"MtrElec",5,16,19,"",82.4384,0,0,0,0,0,0,0,0,0,0,0,0,0,0,0,0,0,0,0,0,122.614,0,-22.084,-18.0915
"MtrElec",5,16,20,"",97.006,0,0,0,0,0,0,0,0,0,0,0,0,0,0,0,0,0,0,0,0,98.7719,0,0,-1.76592
"MtrElec",5,16,21,"",98.9756,0,0,0,0,0,0,0,0,0,0,0,0,0,0,0,0,0,0,0,0,98.9756,0,0,0
"MtrElec",5,16,22,"",69.2064,0,0,0,0,0,0,0,0,0,0,0,0,0,0,0,0,0,0,0,0,69.2064,0,0,0
"MtrElec",5,16,23,"",65.2398,0,0,0,0,0,0,0,0,0,0,0,0,0,0,0,0,0,0,0,0,65.2398,0,0,0
"MtrElec",5,16,24,"",92.0046,0,0,0,0,0,0,0,0,0,0,0,0,0,0,0,0,0,0,0,0,92.0046,0,0,0
"MtrElec",5,17,1,"",60.4901,0,0,0,0,0,0,0,0,0,0,0,0,0,0,0,0,0,0,0,0,60.4901,0,0,0
"MtrElec",5,17,2,"",44.9891,0,0,0,0,0,0,0,0,0,0,0,0,0,0,0,0,0,0,0,0,44.9891,0,0,0
"MtrElec",5,17,3,"",44.9805,0,0,0,0,0,0,0,0,0,0,0,0,0,0,0,0,0,0,0,0,44.9805,0,0,0
"MtrElec",5,17,4,"",44.4714,0,0,0,0,0,0,0,0,0,0,0,0,0,0,0,0,0,0,0,0,44.4714,0,0,0
"MtrElec",5,17,5,"",42.8592,0,0,0,0,0,0,0,0,0,0,0,0,0,0,0,0,0,0,0,0,42.8592,0,0,0
"MtrElec",5,17,6,"",44.9447,0,0,0,0,0,0,0,0,0,0,0,0,0,0,0,0,0,0,0,0,44.9447,0,0,0
"MtrElec",5,17,7,"",41.4363,0,0,0,0,0,0,0,0,0,0,0,0,0,0,0,0,0,0,0,0,48.2378,0,0,-6.80144
"MtrElec",5,17,8,"",28.9801,0,0,0,0,0,0,0,0,0,0,0,0,0,0,0,0,0,0,0,0,52.4139,0,0,-23.4338
"MtrElec",5,17,9,"",75.9662,0,0,0,0,0,0,0,0,0,0,0,0,0,0,0,0,0,0,0,0,93.7581,0,0,-17.7919
"MtrElec",5,17,10,"",47.4888,0,0,0,0,0,0,0,0,0,0,0,0,0,0,0,0,0,0,0,0,85.0732,0,0,-37.5844
"MtrElec",5,17,11,"",111.974,0,0,0,0,0,0,0,0,0,0,0,0,0,0,0,0,0,0,0,0,142.448,0,0,-30.4735
"MtrElec",5,17,12,"",94.8488,0,0,0,0,0,0,0,0,0,0,0,0,0,0,0,0,0,0,0,0,118.652,0,0,-23.8029
"MtrElec",5,17,13,"",78.668,0,0,0,0,0,0,0,0,0,0,0,0,0,0,0,0,0,0,0,0,101.892,0,0,-23.2236
"MtrElec",5,17,14,"",85.4169,0,0,0,0,0,0,0,0,0,0,0,0,0,0,0,0,0,0,0,0,110.687,0,0,-25.2698
"MtrElec",5,17,15,"",62.2995,0,0,0,0,0,0,0,0,0,0,0,0,0,0,0,0,0,0,0,0,87.8261,0,0,-25.5266
"MtrElec",5,17,16,"",47.8959,0,0,0,0,0,0,0,0,0,0,0,0,0,0,0,0,0,0,0,0,80.5067,0,0,-32.6108
"MtrElec",5,17,17,"",85.4774,0,0,0,0,0,0,0,0,0,0,0,0,0,0,0,0,0,0,0,0,107.092,0,0,-21.6143
"MtrElec",5,17,18,"",89.7902,0,0,0,0,0,0,0,0,0,0,0,0,0,0,0,0,0,0,0,0,94.504,0,0,-4.7138
"MtrElec",5,17,19,"",124.538,0,0,0,0,0,0,0,0,0,0,0,0,0,0,0,0,0,0,0,0,137.888,0,0,-13.35
"MtrElec",5,17,20,"",120.113,0,0,0,0,0,0,0,0,0,0,0,0,0,0,0,0,0,0,0,0,123.013,0,0,-2.90003
"MtrElec",5,17,21,"",70.8794,0,0,0,0,0,0,0,0,0,0,0,0,0,0,0,0,0,0,0,0,70.8794,0,0,0
"MtrElec",5,17,22,"",86.4053,0,0,0,0,0,0,0,0,0,0,0,0,0,0,0,0,0,0,0,0,86.4053,0,0,0
"MtrElec",5,17,23,"",80.2191,0,0,0,0,0,0,0,0,0,0,0,0,0,0,0,0,0,0,0,0,80.2191,0,0,0
"MtrElec",5,17,24,"",74.2048,0,0,0,0,0,0,0,0,0,0,0,0,0,0,0,0,0,0,0,0,74.2048,0,0,0
"MtrElec",5,18,1,"",50.6293,0,0,0,0,0,0,0,0,0,0,0,0,0,0,0,0,0,0,0,0,50.6293,0,0,0
"MtrElec",5,18,2,"",44.5213,0,0,0,0,0,0,0,0,0,0,0,0,0,0,0,0,0,0,0,0,44.5213,0,0,0
"MtrElec",5,18,3,"",43.3154,0,0,0,0,0,0,0,0,0,0,0,0,0,0,0,0,0,0,0,0,43.3154,0,0,0
"MtrElec",5,18,4,"",44.6963,0,0,0,0,0,0,0,0,0,0,0,0,0,0,0,0,0,0,0,0,44.6963,0,0,0
"MtrElec",5,18,5,"",44.1787,0,0,0,0,0,0,0,0,0,0,0,0,0,0,0,0,0,0,0,0,44.1787,0,0,0
"MtrElec",5,18,6,"",47.195,0,0,0,0,0,0,0,0,0,0,0,0,0,0,0,0,0,0,0,0,47.195,0,0,0
"MtrElec",5,18,7,"",78.4544,0,0,0,0,0,0,0,0,0,0,0,0,0,0,0,0,0,0,0,0,87.0116,0,0,-8.55719
"MtrElec",5,18,8,"",56.0985,0,0,0,0,0,0,0,0,0,0,0,0,0,0,0,0,0,0,0,0,95.7378,0,0,-39.6394
"MtrElec",5,18,9,"",0,0,0,0,0,0,0,0,0,0,0,0,0,0,0,0,0,0,0,0,0,85.2312,0,4.77095,-90.0021
"MtrElec",5,18,10,"",-2.4833,0,0,0,0,0,0,0,0,0,0,0,0,0,0,0,0,0,0,0,0,65.4291,0,67.8758,-135.788
"MtrElec",5,18,11,"",0,0,0,0,0,0,0,0,0,0,0,0,0,0,0,0,0,0,0,0,0,117.574,0,52.7282,-170.303
"MtrElec",5,18,12,"",-64.2679,0,0,0,0,0,0,0,0,0,0,0,0,0,0,0,0,0,0,0,0,60.2018,0,67.8758,-192.345
"MtrElec",5,18,13,"",-56.4452,0,0,0,0,0,0,0,0,0,0,0,0,0,0,0,0,0,0,0,0,84.214,0,59.9999,-200.659
"MtrElec",5,18,14,"",-138.912,0,0,0,0,0,0,0,0,0,0,0,0,0,0,0,0,0,0,0,0,60.6293,0,0,-199.541
"MtrElec",5,18,15,"",-133.195,0,0,0,0,0,0,0,0,0,0,0,0,0,0,0,0,0,0,0,0,54.6454,0,0,-187.84
"MtrElec",5,18,16,"",-88.7244,0,0,0,0,0,0,0,0,0,0,0,0,0,0,0,0,0,0,0,0,72.2667,0,0,-160.991
"MtrElec",5,18,17,"",-43.3393,0,0,0,0,0,0,0,0,0,0,0,0,0,0,0,0,0,0,0,0,77.5337,0,0,-120.873
"MtrElec",5,18,18,"",5.42238,0,0,0,0,0,0,0,0,0,0,0,0,0,0,0,0,0,0,0,0,76.1999,0,0,-70.7775
"MtrElec",5,18,19,"",29.9243,0,0,0,0,0,0,0,0,0,0,0,0,0,0,0,0,0,0,0,0,119.439,0,-67.8758,-21.6389
"MtrElec",5,18,20,"",27.0171,0,0,0,0,0,0,0,0,0,0,0,0,0,0,0,0,0,0,0,0,97.8506,0,-67.8758,-2.95778
"MtrElec",5,18,21,"",63.4445,0,0,0,0,0,0,0,0,0,0,0,0,0,0,0,0,0,0,0,0,131.32,0,-67.8758,0
"MtrElec",5,18,22,"",58.098,0,0,0,0,0,0,0,0,0,0,0,0,0,0,0,0,0,0,0,0,83.0293,0,-24.9313,0
"MtrElec",5,18,23,"",99.4871,0,0,0,0,0,0,0,0,0,0,0,0,0,0,0,0,0,0,0,0,99.4871,0,0,0
"MtrElec",5,18,24,"",65.1357,0,0,0,0,0,0,0,0,0,0,0,0,0,0,0,0,0,0,0,0,65.1357,0,0,0
"MtrElec",5,19,1,"",47.2991,0,0,0,0,0,0,0,0,0,0,0,0,0,0,0,0,0,0,0,0,47.2991,0,0,0
"MtrElec",5,19,2,"",48.2221,0,0,0,0,0,0,0,0,0,0,0,0,0,0,0,0,0,0,0,0,48.2221,0,0,0
"MtrElec",5,19,3,"",45.1361,0,0,0,0,0,0,0,0,0,0,0,0,0,0,0,0,0,0,0,0,45.1361,0,0,0
"MtrElec",5,19,4,"",43.4976,0,0,0,0,0,0,0,0,0,0,0,0,0,0,0,0,0,0,0,0,43.4976,0,0,0
"MtrElec",5,19,5,"",42.9687,0,0,0,0,0,0,0,0,0,0,0,0,0,0,0,0,0,0,0,0,42.9687,0,0,0
"MtrElec",5,19,6,"",62.2023,0,0,0,0,0,0,0,0,0,0,0,0,0,0,0,0,0,0,0,0,62.2023,0,0,0
"MtrElec",5,19,7,"",61.7934,0,0,0,0,0,0,0,0,0,0,0,0,0,0,0,0,0,0,0,0,70.2024,0,0,-8.40895
"MtrElec",5,19,8,"",42.1405,0,0,0,0,0,0,0,0,0,0,0,0,0,0,0,0,0,0,0,0,81.8214,0,0,-39.6809
"MtrElec",5,19,9,"",3.52385,0,0,0,0,0,0,0,0,0,0,0,0,0,0,0,0,0,0,0,0,94.5402,0,0,-91.0163
"MtrElec",5,19,10,"",-6.65947,0,0,0,0,0,0,0,0,0,0,0,0,0,0,0,0,0,0,0,0,62.0535,0,67.8758,-136.589
"MtrElec",5,19,11,"",-11.5718,0,0,0,0,0,0,0,0,0,0,0,0,0,0,0,0,0,0,0,0,92.4052,0,67.8758,-171.853
"MtrElec",5,19,12,"",-56.015,0,0,0,0,0,0,0,0,0,0,0,0,0,0,0,0,0,0,0,0,70.736,0,67.8758,-194.627
"MtrElec",5,19,13,"",-96.8865,0,0,0,0,0,0,0,0,0,0,0,0,0,0,0,0,0,0,0,0,55.6315,0,49.6232,-202.141
"MtrElec",5,19,14,"",-120.856,0,0,0,0,0,0,0,0,0,0,0,0,0,0,0,0,0,0,0,0,76.2876,0,0,-197.143
"MtrElec",5,19,15,"",-118.46,0,0,0,0,0,0,0,0,0,0,0,0,0,0,0,0,0,0,0,0,62.9523,0,0,-181.412
"MtrElec",5,19,16,"",-77.8331,0,0,0,0,0,0,0,0,0,0,0,0,0,0,0,0,0,0,0,0,77.9206,0,0,-155.754
"MtrElec",5,19,17,"",-28.1834,0,0,0,0,0,0,0,0,0,0,0,0,0,0,0,0,0,0,0,0,90.6469,0,0,-118.83
"MtrElec",5,19,18,"",41.9239,0,0,0,0,0,0,0,0,0,0,0,0,0,0,0,0,0,0,0,0,112.063,0,0,-70.1393
"MtrElec",5,19,19,"",41.8785,0,0,0,0,0,0,0,0,0,0,0,0,0,0,0,0,0,0,0,0,131.151,0,-67.8758,-21.3965
"MtrElec",5,19,20,"",36.1062,0,0,0,0,0,0,0,0,0,0,0,0,0,0,0,0,0,0,0,0,107.035,0,-67.8758,-3.05348
"MtrElec",5,19,21,"",56.1146,0,0,0,0,0,0,0,0,0,0,0,0,0,0,0,0,0,0,0,0,123.99,0,-67.8758,0
"MtrElec",5,19,22,"",62.022,0,0,0,0,0,0,0,0,0,0,0,0,0,0,0,0,0,0,0,0,86.9533,0,-24.9313,0
"MtrElec",5,19,23,"",94.6654,0,0,0,0,0,0,0,0,0,0,0,0,0,0,0,0,0,0,0,0,94.6654,0,0,0
"MtrElec",5,19,24,"",61.4475,0,0,0,0,0,0,0,0,0,0,0,0,0,0,0,0,0,0,0,0,61.4475,0,0,0
"MtrElec",5,20,1,"",56.0062,0,0,0,0,0,0,0,0,0,0,0,0,0,0,0,0,0,0,0,0,56.0062,0,0,0
"MtrElec",5,20,2,"",47.1077,0,0,0,0,0,0,0,0,0,0,0,0,0,0,0,0,0,0,0,0,47.1077,0,0,0
"MtrElec",5,20,3,"",44.7731,0,0,0,0,0,0,0,0,0,0,0,0,0,0,0,0,0,0,0,0,44.7731,0,0,0
"MtrElec",5,20,4,"",43.9299,0,0,0,0,0,0,0,0,0,0,0,0,0,0,0,0,0,0,0,0,43.9299,0,0,0
"MtrElec",5,20,5,"",66.7817,0,0,0,0,0,0,0,0,0,0,0,0,0,0,0,0,0,0,0,0,66.7817,0,0,0
"MtrElec",5,20,6,"",46.5743,0,0,0,0,0,0,0,0,0,0,0,0,0,0,0,0,0,0,0,0,46.5743,0,0,0
"MtrElec",5,20,7,"",62.794,0,0,0,0,0,0,0,0,0,0,0,0,0,0,0,0,0,0,0,0,71.4894,0,0,-8.6954
"MtrElec",5,20,8,"",44.6429,0,0,0,0,0,0,0,0,0,0,0,0,0,0,0,0,0,0,0,0,84.3529,0,0,-39.71
"MtrElec",5,20,9,"",3.49364,0,0,0,0,0,0,0,0,0,0,0,0,0,0,0,0,0,0,0,0,92.8235,0,0,-89.3299
"MtrElec",5,20,10,"",0,0,0,0,0,0,0,0,0,0,0,0,0,0,0,0,0,0,0,0,0,112.195,0,18.0941,-130.289
"MtrElec",5,20,11,"",0,0,0,0,0,0,0,0,0,0,0,0,0,0,0,0,0,0,0,0,0,108.634,0,53.4256,-162.06
"MtrElec",5,20,12,"",-3.04534,0,0,0,0,0,0,0,0,0,0,0,0,0,0,0,0,0,0,0,0,110.112,0,67.8758,-181.033
"MtrElec",5,20,13,"",-29.4304,0,0,0,0,0,0,0,0,0,0,0,0,0,0,0,0,0,0,0,0,91.6054,0,67.8758,-188.912
"MtrElec",5,20,14,"",-55.2517,0,0,0,0,0,0,0,0,0,0,0,0,0,0,0,0,0,0,0,0,89.0432,0,45.9793,-190.274
"MtrElec",5,20,15,"",-87.7783,0,0,0,0,0,0,0,0,0,0,0,0,0,0,0,0,0,0,0,0,89.3715,0,0,-177.15
"MtrElec",5,20,16,"",-41.7107,0,0,0,0,0,0,0,0,0,0,0,0,0,0,0,0,0,0,0,0,111.735,0,0,-153.446
"MtrElec",5,20,17,"",-9.16227,0,0,0,0,0,0,0,0,0,0,0,0,0,0,0,0,0,0,0,0,106.963,0,0,-116.125
"MtrElec",5,20,18,"",49.9859,0,0,0,0,0,0,0,0,0,0,0,0,0,0,0,0,0,0,0,0,117.823,0,0,-67.837
"MtrElec",5,20,19,"",63.305,0,0,0,0,0,0,0,0,0,0,0,0,0,0,0,0,0,0,0,0,152.533,0,-67.8758,-21.3521
"MtrElec",5,20,20,"",56.4451,0,0,0,0,0,0,0,0,0,0,0,0,0,0,0,0,0,0,0,0,127.278,0,-67.8758,-2.95668
"MtrElec",5,20,21,"",75.8122,0,0,0,0,0,0,0,0,0,0,0,0,0,0,0,0,0,0,0,0,143.688,0,-67.8758,0
"MtrElec",5,20,22,"",76.1755,0,0,0,0,0,0,0,0,0,0,0,0,0,0,0,0,0,0,0,0,101.107,0,-24.9313,0
"MtrElec",5,20,23,"",110.637,0,0,0,0,0,0,0,0,0,0,0,0,0,0,0,0,0,0,0,0,110.637,0,0,0
"MtrElec",5,20,24,"",83.8325,0,0,0,0,0,0,0,0,0,0,0,0,0,0,0,0,0,0,0,0,83.8325,0,0,0
"MtrElec",5,21,1,"",80.5978,0,0,0,0,0,0,0,0,0,0,0,0,0,0,0,0,0,0,0,0,80.5978,0,0,0
"MtrElec",5,21,2,"",51.5161,0,0,0,0,0,0,0,0,0,0,0,0,0,0,0,0,0,0,0,0,51.5161,0,0,0
"MtrElec",5,21,3,"",47.5209,0,0,0,0,0,0,0,0,0,0,0,0,0,0,0,0,0,0,0,0,47.5209,0,0,0
"MtrElec",5,21,4,"",45.1849,0,0,0,0,0,0,0,0,0,0,0,0,0,0,0,0,0,0,0,0,45.1849,0,0,0
"MtrElec",5,21,5,"",44.1353,0,0,0,0,0,0,0,0,0,0,0,0,0,0,0,0,0,0,0,0,44.1353,0,0,0
"MtrElec",5,21,6,"",46.949,0,0,0,0,0,0,0,0,0,0,0,0,0,0,0,0,0,0,0,0,46.949,0,0,0
"MtrElec",5,21,7,"",74.8909,0,0,0,0,0,0,0,0,0,0,0,0,0,0,0,0,0,0,0,0,83.4906,0,0,-8.59977
"MtrElec",5,21,8,"",63.6551,0,0,0,0,0,0,0,0,0,0,0,0,0,0,0,0,0,0,0,0,102.259,0,0,-38.6043
"MtrElec",5,21,9,"",7.61992,0,0,0,0,0,0,0,0,0,0,0,0,0,0,0,0,0,0,0,0,94.9459,0,0,-87.3259
"MtrElec",5,21,10,"",0,0,0,0,0,0,0,0,0,0,0,0,0,0,0,0,0,0,0,0,0,116.504,0,12.5553,-129.059
"MtrElec",5,21,11,"",0,0,0,0,0,0,0,0,0,0,0,0,0,0,0,0,0,0,0,0,0,106.799,0,54.4825,-161.281
"MtrElec",5,21,12,"",0,0,0,0,0,0,0,0,0,0,0,0,0,0,0,0,0,0,0,0,0,125.944,0,57.5656,-183.509
"MtrElec",5,21,13,"",0,0,0,0,0,0,0,0,0,0,0,0,0,0,0,0,0,0,0,0,0,129.253,0,65.5596,-194.812
"MtrElec",5,21,14,"",-22.9867,0,0,0,0,0,0,0,0,0,0,0,0,0,0,0,0,0,0,0,0,109.112,0,63.0875,-195.187
"MtrElec",5,21,15,"",-83.8742,0,0,0,0,0,0,0,0,0,0,0,0,0,0,0,0,0,0,0,0,98.3133,0,0,-182.187
"MtrElec",5,21,16,"",-42.0508,0,0,0,0,0,0,0,0,0,0,0,0,0,0,0,0,0,0,0,0,113.343,0,0,-155.394
"MtrElec",5,21,17,"",24.9969,0,0,0,0,0,0,0,0,0,0,0,0,0,0,0,0,0,0,0,0,141.723,0,0,-116.726
"MtrElec",5,21,18,"",61.8885,0,0,0,0,0,0,0,0,0,0,0,0,0,0,0,0,0,0,0,0,131.149,0,0,-69.2602
"MtrElec",5,21,19,"",85.2504,0,0,0,0,0,0,0,0,0,0,0,0,0,0,0,0,0,0,0,0,174.532,0,-67.8758,-21.4062
"MtrElec",5,21,20,"",74.1683,0,0,0,0,0,0,0,0,0,0,0,0,0,0,0,0,0,0,0,0,145.214,0,-67.8758,-3.16942
"MtrElec",5,21,21,"",76.8669,0,0,0,0,0,0,0,0,0,0,0,0,0,0,0,0,0,0,0,0,144.743,0,-67.8758,0
"MtrElec",5,21,22,"",73.1827,0,0,0,0,0,0,0,0,0,0,0,0,0,0,0,0,0,0,0,0,98.114,0,-24.9313,0
"MtrElec",5,21,23,"",134.085,0,0,0,0,0,0,0,0,0,0,0,0,0,0,0,0,0,0,0,0,134.085,0,0,0
"MtrElec",5,21,24,"",90.3773,0,0,0,0,0,0,0,0,0,0,0,0,0,0,0,0,0,0,0,0,90.3773,0,0,0
"MtrElec",5,22,1,"",60.1028,0,0,0,0,0,0,0,0,0,0,0,0,0,0,0,0,0,0,0,0,60.1028,0,0,0
"MtrElec",5,22,2,"",49.6732,0,0,0,0,0,0,0,0,0,0,0,0,0,0,0,0,0,0,0,0,49.6732,0,0,0
"MtrElec",5,22,3,"",45.9421,0,0,0,0,0,0,0,0,0,0,0,0,0,0,0,0,0,0,0,0,45.9421,0,0,0
"MtrElec",5,22,4,"",44.7628,0,0,0,0,0,0,0,0,0,0,0,0,0,0,0,0,0,0,0,0,44.7628,0,0,0
"MtrElec",5,22,5,"",43.9914,0,0,0,0,0,0,0,0,0,0,0,0,0,0,0,0,0,0,0,0,43.9914,0,0,0
"MtrElec",5,22,6,"",47.6202,0,0,0,0,0,0,0,0,0,0,0,0,0,0,0,0,0,0,0,0,47.6202,0,0,0
"MtrElec",5,22,7,"",67.0458,0,0,0,0,0,0,0,0,0,0,0,0,0,0,0,0,0,0,0,0,75.3452,0,0,-8.29933
"MtrElec",5,22,8,"",61.9906,0,0,0,0,0,0,0,0,0,0,0,0,0,0,0,0,0,0,0,0,100.622,0,0,-38.6314
"MtrElec",5,22,9,"",41.1455,0,0,0,0,0,0,0,0,0,0,0,0,0,0,0,0,0,0,0,0,129.921,0,0,-88.7758
"MtrElec",5,22,10,"",0.0000020,0,0,0,0,0,0,0,0,0,0,0,0,0,0,0,0,0,0,0,0,101.367,0,32.0994,-133.467
"MtrElec",5,22,11,"",0,0,0,0,0,0,0,0,0,0,0,0,0,0,0,0,0,0,0,0,0,133.908,0,31.2458,-165.154
"MtrElec",5,22,12,"",0,0,0,0,0,0,0,0,0,0,0,0,0,0,0,0,0,0,0,0,0,136.131,0,50.3116,-186.443
"MtrElec",5,22,13,"",0.0000039,0,0,0,0,0,0,0,0,0,0,0,0,0,0,0,0,0,0,0,0,139.844,0,55.0083,-194.852
"MtrElec",5,22,14,"",-40.2146,0,0,0,0,0,0,0,0,0,0,0,0,0,0,0,0,0,0,0,0,82.5871,0,67.8758,-190.677
"MtrElec",5,22,15,"",-45.5898,0,0,0,0,0,0,0,0,0,0,0,0,0,0,0,0,0,0,0,0,114.654,0,16.7097,-176.954
"MtrElec",5,22,16,"",-42.6812,0,0,0,0,0,0,0,0,0,0,0,0,0,0,0,0,0,0,0,0,108.057,0,0,-150.738
"MtrElec",5,22,17,"",23.7058,0,0,0,0,0,0,0,0,0,0,0,0,0,0,0,0,0,0,0,0,137.382,0,0,-113.676
"MtrElec",5,22,18,"",74.9077,0,0,0,0,0,0,0,0,0,0,0,0,0,0,0,0,0,0,0,0,142.155,0,0,-67.2475
"MtrElec",5,22,19,"",33.441,0,0,0,0,0,0,0,0,0,0,0,0,0,0,0,0,0,0,0,0,123.133,0,-67.8758,-21.8157
"MtrElec",5,22,20,"",75.8989,0,0,0,0,0,0,0,0,0,0,0,0,0,0,0,0,0,0,0,0,146.93,0,-67.8758,-3.15552
"MtrElec",5,22,21,"",53.9557,0,0,0,0,0,0,0,0,0,0,0,0,0,0,0,0,0,0,0,0,121.831,0,-67.8758,0
"MtrElec",5,22,22,"",97.8512,0,0,0,0,0,0,0,0,0,0,0,0,0,0,0,0,0,0,0,0,122.782,0,-24.9313,0
"MtrElec",5,22,23,"",98.358,0,0,0,0,0,0,0,0,0,0,0,0,0,0,0,0,0,0,0,0,98.358,0,0,0
"MtrElec",5,22,24,"",103.228,0,0,0,0,0,0,0,0,0,0,0,0,0,0,0,0,0,0,0,0,103.228,0,0,0
"MtrElec",5,23,1,"",67.4962,0,0,0,0,0,0,0,0,0,0,0,0,0,0,0,0,0,0,0,0,67.4962,0,0,0
"MtrElec",5,23,2,"",49.2515,0,0,0,0,0,0,0,0,0,0,0,0,0,0,0,0,0,0,0,0,49.2515,0,0,0
"MtrElec",5,23,3,"",46.0895,0,0,0,0,0,0,0,0,0,0,0,0,0,0,0,0,0,0,0,0,46.0895,0,0,0
"MtrElec",5,23,4,"",45.1375,0,0,0,0,0,0,0,0,0,0,0,0,0,0,0,0,0,0,0,0,45.1375,0,0,0
"MtrElec",5,23,5,"",44.1599,0,0,0,0,0,0,0,0,0,0,0,0,0,0,0,0,0,0,0,0,44.1599,0,0,0
"MtrElec",5,23,6,"",45.8714,0,0,0,0,0,0,0,0,0,0,0,0,0,0,0,0,0,0,0,0,45.8714,0,0,0
"MtrElec",5,23,7,"",49.2333,0,0,0,0,0,0,0,0,0,0,0,0,0,0,0,0,0,0,0,0,58.219,0,0,-8.98563
"MtrElec",5,23,8,"",50.2287,0,0,0,0,0,0,0,0,0,0,0,0,0,0,0,0,0,0,0,0,88.704,0,0,-38.4753
"MtrElec",5,23,9,"",0,0,0,0,0,0,0,0,0,0,0,0,0,0,0,0,0,0,0,0,0,84.1557,0,2.33782,-86.4935
"MtrElec",5,23,10,"",2.78643,0,0,0,0,0,0,0,0,0,0,0,0,0,0,0,0,0,0,0,0,132.391,0,0,-129.605
"MtrElec",5,23,11,"",0,0,0,0,0,0,0,0,0,0,0,0,0,0,0,0,0,0,0,0,0,133.844,0,28.4086,-162.253
"MtrElec",5,23,12,"",0.0000039,0,0,0,0,0,0,0,0,0,0,0,0,0,0,0,0,0,0,0,0,145.095,0,40.0212,-185.116
"MtrElec",5,23,13,"",0,0,0,0,0,0,0,0,0,0,0,0,0,0,0,0,0,0,0,0,0,148.651,0,49.1942,-197.845
"MtrElec",5,23,14,"",0,0,0,0,0,0,0,0,0,0,0,0,0,0,0,0,0,0,0,0,0,162.494,0,34.5082,-197.002
"MtrElec",5,23,15,"",0,0,0,0,0,0,0,0,0,0,0,0,0,0,0,0,0,0,0,0,0,146.339,0,35.5592,-181.898
"MtrElec",5,23,16,"",0.0000020,0,0,0,0,0,0,0,0,0,0,0,0,0,0,0,0,0,0,0,0,129.099,0,26.7939,-155.893
"MtrElec",5,23,17,"",24.8725,0,0,0,0,0,0,0,0,0,0,0,0,0,0,0,0,0,0,0,0,142.173,0,0,-117.3
"MtrElec",5,23,18,"",61.1241,0,0,0,0,0,0,0,0,0,0,0,0,0,0,0,0,0,0,0,0,130.49,0,0,-69.3664
"MtrElec",5,23,19,"",104.077,0,0,0,0,0,0,0,0,0,0,0,0,0,0,0,0,0,0,0,0,193.675,0,-67.8758,-21.7222
"MtrElec",5,23,20,"",81.8527,0,0,0,0,0,0,0,0,0,0,0,0,0,0,0,0,0,0,0,0,153.057,0,-67.8758,-3.32819
"MtrElec",5,23,21,"",75.9773,0,0,0,0,0,0,0,0,0,0,0,0,0,0,0,0,0,0,0,0,135.909,0,-59.9313,0
"MtrElec",5,23,22,"",136.087,0,0,0,0,0,0,0,0,0,0,0,0,0,0,0,0,0,0,0,0,136.087,0,0,0
"MtrElec",5,23,23,"",80.9732,0,0,0,0,0,0,0,0,0,0,0,0,0,0,0,0,0,0,0,0,80.9732,0,0,0
"MtrElec",5,23,24,"",97.9359,0,0,0,0,0,0,0,0,0,0,0,0,0,0,0,0,0,0,0,0,97.9359,0,0,0
"MtrElec",5,24,1,"",57.2697,0,0,0,0,0,0,0,0,0,0,0,0,0,0,0,0,0,0,0,0,57.2697,0,0,0
"MtrElec",5,24,2,"",48.406,0,0,0,0,0,0,0,0,0,0,0,0,0,0,0,0,0,0,0,0,48.406,0,0,0
"MtrElec",5,24,3,"",46.805,0,0,0,0,0,0,0,0,0,0,0,0,0,0,0,0,0,0,0,0,46.805,0,0,0
"MtrElec",5,24,4,"",48.7035,0,0,0,0,0,0,0,0,0,0,0,0,0,0,0,0,0,0,0,0,48.7035,0,0,0
"MtrElec",5,24,5,"",66.691,0,0,0,0,0,0,0,0,0,0,0,0,0,0,0,0,0,0,0,0,66.691,0,0,0
"MtrElec",5,24,6,"",45.8121,0,0,0,0,0,0,0,0,0,0,0,0,0,0,0,0,0,0,0,0,45.8121,0,0,0
"MtrElec",5,24,7,"",37.1599,0,0,0,0,0,0,0,0,0,0,0,0,0,0,0,0,0,0,0,0,49.9421,0,0,-12.7823
"MtrElec",5,24,8,"",25.5671,0,0,0,0,0,0,0,0,0,0,0,0,0,0,0,0,0,0,0,0,72.9212,0,0,-47.3541
"MtrElec",5,24,9,"",7.66359,0,0,0,0,0,0,0,0,0,0,0,0,0,0,0,0,0,0,0,0,93.9089,0,0,-86.2453
"MtrElec",5,24,10,"",0.0000039,0,0,0,0,0,0,0,0,0,0,0,0,0,0,0,0,0,0,0,0,93.8304,0,35.037,-128.867
"MtrElec",5,24,11,"",0,0,0,0,0,0,0,0,0,0,0,0,0,0,0,0,0,0,0,0,0,116.8,0,39.0187,-155.819
"MtrElec",5,24,12,"",0,0,0,0,0,0,0,0,0,0,0,0,0,0,0,0,0,0,0,0,0,129.494,0,50.4085,-179.903
"MtrElec",5,24,13,"",-25.4163,0,0,0,0,0,0,0,0,0,0,0,0,0,0,0,0,0,0,0,0,107.39,0,67.8758,-200.682
"MtrElec",5,24,14,"",-26.9361,0,0,0,0,0,0,0,0,0,0,0,0,0,0,0,0,0,0,0,0,109.871,0,60.9106,-197.718
"MtrElec",5,24,15,"",-84.0287,0,0,0,0,0,0,0,0,0,0,0,0,0,0,0,0,0,0,0,0,99.0585,0,0,-183.087
"MtrElec",5,24,16,"",-67.2939,0,0,0,0,0,0,0,0,0,0,0,0,0,0,0,0,0,0,0,0,89.986,0,0,-157.28
"MtrElec",5,24,17,"",0.0775703,0,0,0,0,0,0,0,0,0,0,0,0,0,0,0,0,0,0,0,0,119.275,0,0,-119.198
"MtrElec",5,24,18,"",54.2445,0,0,0,0,0,0,0,0,0,0,0,0,0,0,0,0,0,0,0,0,125.528,0,0,-71.2837
"MtrElec",5,24,19,"",63.7663,0,0,0,0,0,0,0,0,0,0,0,0,0,0,0,0,0,0,0,0,154.071,0,-67.8758,-22.429
"MtrElec",5,24,20,"",41.5192,0,0,0,0,0,0,0,0,0,0,0,0,0,0,0,0,0,0,0,0,112.836,0,-67.8758,-3.44072
"MtrElec",5,24,21,"",97.6147,0,0,0,0,0,0,0,0,0,0,0,0,0,0,0,0,0,0,0,0,165.49,0,-67.8758,0
"MtrElec",5,24,22,"",135.581,0,0,0,0,0,0,0,0,0,0,0,0,0,0,0,0,0,0,0,0,160.513,0,-24.9313,0
"MtrElec",5,24,23,"",66.0522,0,0,0,0,0,0,0,0,0,0,0,0,0,0,0,0,0,0,0,0,66.0522,0,0,0
"MtrElec",5,24,24,"",53.8333,0,0,0,0,0,0,0,0,0,0,0,0,0,0,0,0,0,0,0,0,53.8333,0,0,0
"MtrElec",5,25,1,"",48.148,0,0,0,0,0,0,0,0,0,0,0,0,0,0,0,0,0,0,0,0,48.148,0,0,0
"MtrElec",5,25,2,"",45.6831,0,0,0,0,0,0,0,0,0,0,0,0,0,0,0,0,0,0,0,0,45.6831,0,0,0
"MtrElec",5,25,3,"",44.1906,0,0,0,0,0,0,0,0,0,0,0,0,0,0,0,0,0,0,0,0,44.1906,0,0,0
"MtrElec",5,25,4,"",44.1081,0,0,0,0,0,0,0,0,0,0,0,0,0,0,0,0,0,0,0,0,44.1081,0,0,0
"MtrElec",5,25,5,"",43.5328,0,0,0,0,0,0,0,0,0,0,0,0,0,0,0,0,0,0,0,0,43.5328,0,0,0
"MtrElec",5,25,6,"",76.2108,0,0,0,0,0,0,0,0,0,0,0,0,0,0,0,0,0,0,0,0,76.2108,0,0,0
"MtrElec",5,25,7,"",38.0108,0,0,0,0,0,0,0,0,0,0,0,0,0,0,0,0,0,0,0,0,51.0361,0,0,-13.0252
"MtrElec",5,25,8,"",71.6499,0,0,0,0,0,0,0,0,0,0,0,0,0,0,0,0,0,0,0,0,93.0484,0,0,-21.3985
"MtrElec",5,25,9,"",55.1448,0,0,0,0,0,0,0,0,0,0,0,0,0,0,0,0,0,0,0,0,115.969,0,0,-60.8246
"MtrElec",5,25,10,"",105.18,0,0,0,0,0,0,0,0,0,0,0,0,0,0,0,0,0,0,0,0,183.549,0,0,-78.3689
"MtrElec",5,25,11,"",19.1535,0,0,0,0,0,0,0,0,0,0,0,0,0,0,0,0,0,0,0,0,131.283,0,0,-112.13
"MtrElec",5,25,12,"",0,0,0,0,0,0,0,0,0,0,0,0,0,0,0,0,0,0,0,0,0,160.232,0,33.3529,-193.585
"MtrElec",5,25,13,"",-22.2005,0,0,0,0,0,0,0,0,0,0,0,0,0,0,0,0,0,0,0,0,115.096,0,67.8758,-205.172
"MtrElec",5,25,14,"",-45.6777,0,0,0,0,0,0,0,0,0,0,0,0,0,0,0,0,0,0,0,0,90.2194,0,67.8758,-203.773
"MtrElec",5,25,15,"",-27.26,0,0,0,0,0,0,0,0,0,0,0,0,0,0,0,0,0,0,0,0,94.0222,0,67.8758,-189.158
"MtrElec",5,25,16,"",-65.1375,0,0,0,0,0,0,0,0,0,0,0,0,0,0,0,0,0,0,0,0,80.7452,0,16.2703,-162.153
"MtrElec",5,25,17,"",-6.63826,0,0,0,0,0,0,0,0,0,0,0,0,0,0,0,0,0,0,0,0,116.294,0,0,-122.933
"MtrElec",5,25,18,"",66.856,0,0,0,0,0,0,0,0,0,0,0,0,0,0,0,0,0,0,0,0,140.225,0,0,-73.3689
"MtrElec",5,25,19,"",49.2017,0,0,0,0,0,0,0,0,0,0,0,0,0,0,0,0,0,0,0,0,140.38,0,-67.8758,-23.3027
"MtrElec",5,25,20,"",25.2177,0,0,0,0,0,0,0,0,0,0,0,0,0,0,0,0,0,0,0,0,96.627,0,-67.8758,-3.53351
"MtrElec",5,25,21,"",18.7755,0,0,0,0,0,0,0,0,0,0,0,0,0,0,0,0,0,0,0,0,86.6513,0,-67.8758,0
"MtrElec",5,25,22,"",64.2061,0,0,0,0,0,0,0,0,0,0,0,0,0,0,0,0,0,0,0,0,89.1374,0,-24.9313,0
"MtrElec",5,25,23,"",70.1492,0,0,0,0,0,0,0,0,0,0,0,0,0,0,0,0,0,0,0,0,70.1492,0,0,0
"MtrElec",5,25,24,"",98.7214,0,0,0,0,0,0,0,0,0,0,0,0,0,0,0,0,0,0,0,0,98.7214,0,0,0
"MtrElec",5,26,1,"",47.6509,0,0,0,0,0,0,0,0,0,0,0,0,0,0,0,0,0,0,0,0,47.6509,0,0,0
"MtrElec",5,26,2,"",45.2027,0,0,0,0,0,0,0,0,0,0,0,0,0,0,0,0,0,0,0,0,45.2027,0,0,0
"MtrElec",5,26,3,"",44.003,0,0,0,0,0,0,0,0,0,0,0,0,0,0,0,0,0,0,0,0,44.003,0,0,0
"MtrElec",5,26,4,"",43.9368,0,0,0,0,0,0,0,0,0,0,0,0,0,0,0,0,0,0,0,0,43.9368,0,0,0
"MtrElec",5,26,5,"",43.4461,0,0,0,0,0,0,0,0,0,0,0,0,0,0,0,0,0,0,0,0,43.4461,0,0,0
"MtrElec",5,26,6,"",46.603,0,0,0,0,0,0,0,0,0,0,0,0,0,0,0,0,0,0,0,0,46.603,0,0,0
"MtrElec",5,26,7,"",58.3769,0,0,0,0,0,0,0,0,0,0,0,0,0,0,0,0,0,0,0,0,66.4934,0,0,-8.11653
"MtrElec",5,26,8,"",70.99,0,0,0,0,0,0,0,0,0,0,0,0,0,0,0,0,0,0,0,0,99.2885,0,0,-28.2985
"MtrElec",5,26,9,"",57.4298,0,0,0,0,0,0,0,0,0,0,0,0,0,0,0,0,0,0,0,0,118.34,0,0,-60.91
"MtrElec",5,26,10,"",0,0,0,0,0,0,0,0,0,0,0,0,0,0,0,0,0,0,0,0,0,83.4391,0,37.093,-120.532
"MtrElec",5,26,11,"",0,0,0,0,0,0,0,0,0,0,0,0,0,0,0,0,0,0,0,0,0,115.455,0,16.9855,-132.44
"MtrElec",5,26,12,"",-38.8535,0,0,0,0,0,0,0,0,0,0,0,0,0,0,0,0,0,0,0,0,85.6031,0,67.8758,-192.332
"MtrElec",5,26,13,"",-12.1682,0,0,0,0,0,0,0,0,0,0,0,0,0,0,0,0,0,0,0,0,121.274,0,67.8758,-201.318
"MtrElec",5,26,14,"",-64.8083,0,0,0,0,0,0,0,0,0,0,0,0,0,0,0,0,0,0,0,0,66.0914,0,63.4205,-194.32
"MtrElec",5,26,15,"",-102.075,0,0,0,0,0,0,0,0,0,0,0,0,0,0,0,0,0,0,0,0,77.0403,0,0,-179.115
"MtrElec",5,26,16,"",-82.2704,0,0,0,0,0,0,0,0,0,0,0,0,0,0,0,0,0,0,0,0,75.0852,0,0,-157.356
"MtrElec",5,26,17,"",-15.7307,0,0,0,0,0,0,0,0,0,0,0,0,0,0,0,0,0,0,0,0,104.941,0,0,-120.672
"MtrElec",5,26,18,"",8.9077,0,0,0,0,0,0,0,0,0,0,0,0,0,0,0,0,0,0,0,0,80.8878,0,0,-71.9801
"MtrElec",5,26,19,"",3.81163,0,0,0,0,0,0,0,0,0,0,0,0,0,0,0,0,0,0,0,0,95.0561,0,-67.8758,-23.3687
"MtrElec",5,26,20,"",49.6088,0,0,0,0,0,0,0,0,0,0,0,0,0,0,0,0,0,0,0,0,120.968,0,-67.8758,-3.48364
"MtrElec",5,26,21,"",62.8024,0,0,0,0,0,0,0,0,0,0,0,0,0,0,0,0,0,0,0,0,130.678,0,-67.8758,0
"MtrElec",5,26,22,"",57.6425,0,0,0,0,0,0,0,0,0,0,0,0,0,0,0,0,0,0,0,0,82.5738,0,-24.9313,0
"MtrElec",5,26,23,"",70.1164,0,0,0,0,0,0,0,0,0,0,0,0,0,0,0,0,0,0,0,0,70.1164,0,0,0
"MtrElec",5,26,24,"",80.5756,0,0,0,0,0,0,0,0,0,0,0,0,0,0,0,0,0,0,0,0,80.5756,0,0,0
"MtrElec",5,27,1,"",57.4232,0,0,0,0,0,0,0,0,0,0,0,0,0,0,0,0,0,0,0,0,57.4232,0,0,0
"MtrElec",5,27,2,"",45.2228,0,0,0,0,0,0,0,0,0,0,0,0,0,0,0,0,0,0,0,0,45.2228,0,0,0
"MtrElec",5,27,3,"",44.0207,0,0,0,0,0,0,0,0,0,0,0,0,0,0,0,0,0,0,0,0,44.0207,0,0,0
"MtrElec",5,27,4,"",43.9415,0,0,0,0,0,0,0,0,0,0,0,0,0,0,0,0,0,0,0,0,43.9415,0,0,0
"MtrElec",5,27,5,"",43.428,0,0,0,0,0,0,0,0,0,0,0,0,0,0,0,0,0,0,0,0,43.428,0,0,0
"MtrElec",5,27,6,"",48.7956,0,0,0,0,0,0,0,0,0,0,0,0,0,0,0,0,0,0,0,0,48.7956,0,0,0
"MtrElec",5,27,7,"",86.3051,0,0,0,0,0,0,0,0,0,0,0,0,0,0,0,0,0,0,0,0,99.4898,0,0,-13.1847
"MtrElec",5,27,8,"",72.7492,0,0,0,0,0,0,0,0,0,0,0,0,0,0,0,0,0,0,0,0,104.925,0,0,-32.1761
"MtrElec",5,27,9,"",38.5123,0,0,0,0,0,0,0,0,0,0,0,0,0,0,0,0,0,0,0,0,90.5848,0,0,-52.0725
"MtrElec",5,27,10,"",14.369,0,0,0,0,0,0,0,0,0,0,0,0,0,0,0,0,0,0,0,0,117.209,0,0,-102.84
"MtrElec",5,27,11,"",0,0,0,0,0,0,0,0,0,0,0,0,0,0,0,0,0,0,0,0,0,122.67,0,45.6729,-168.343
"MtrElec",5,27,12,"",-56.0646,0,0,0,0,0,0,0,0,0,0,0,0,0,0,0,0,0,0,0,0,66.0638,0,67.8758,-190.004
"MtrElec",5,27,13,"",-39.4615,0,0,0,0,0,0,0,0,0,0,0,0,0,0,0,0,0,0,0,0,91.3604,0,67.8758,-198.698
"MtrElec",5,27,14,"",-49.7193,0,0,0,0,0,0,0,0,0,0,0,0,0,0,0,0,0,0,0,0,75.9027,0,67.8758,-193.498
"MtrElec",5,27,15,"",-122.393,0,0,0,0,0,0,0,0,0,0,0,0,0,0,0,0,0,0,0,0,54.4079,0,3.95035,-180.751
"MtrElec",5,27,16,"",-91.8952,0,0,0,0,0,0,0,0,0,0,0,0,0,0,0,0,0,0,0,0,65.3118,0,0,-157.207
"MtrElec",5,27,17,"",-14.7273,0,0,0,0,0,0,0,0,0,0,0,0,0,0,0,0,0,0,0,0,105.407,0,0,-120.135
"MtrElec",5,27,18,"",26.6739,0,0,0,0,0,0,0,0,0,0,0,0,0,0,0,0,0,0,0,0,98.7603,0,0,-72.0863
"MtrElec",5,27,19,"",32.7743,0,0,0,0,0,0,0,0,0,0,0,0,0,0,0,0,0,0,0,0,123.913,0,-67.8758,-23.2624
"MtrElec",5,27,20,"",49.9784,0,0,0,0,0,0,0,0,0,0,0,0,0,0,0,0,0,0,0,0,121.475,0,-67.8758,-3.62037
"MtrElec",5,27,21,"",73.1637,0,0,0,0,0,0,0,0,0,0,0,0,0,0,0,0,0,0,0,0,141.039,0,-67.8758,0
"MtrElec",5,27,22,"",56.1442,0,0,0,0,0,0,0,0,0,0,0,0,0,0,0,0,0,0,0,0,81.0755,0,-24.9313,0
"MtrElec",5,27,23,"",97.7373,0,0,0,0,0,0,0,0,0,0,0,0,0,0,0,0,0,0,0,0,97.7373,0,0,0
"MtrElec",5,27,24,"",73.3259,0,0,0,0,0,0,0,0,0,0,0,0,0,0,0,0,0,0,0,0,73.3259,0,0,0
"MtrElec",5,28,1,"",47.7365,0,0,0,0,0,0,0,0,0,0,0,0,0,0,0,0,0,0,0,0,47.7365,0,0,0
"MtrElec",5,28,2,"",46.935,0,0,0,0,0,0,0,0,0,0,0,0,0,0,0,0,0,0,0,0,46.935,0,0,0
"MtrElec",5,28,3,"",44.8014,0,0,0,0,0,0,0,0,0,0,0,0,0,0,0,0,0,0,0,0,44.8014,0,0,0
"MtrElec",5,28,4,"",43.9333,0,0,0,0,0,0,0,0,0,0,0,0,0,0,0,0,0,0,0,0,43.9333,0,0,0
"MtrElec",5,28,5,"",43.427,0,0,0,0,0,0,0,0,0,0,0,0,0,0,0,0,0,0,0,0,43.427,0,0,0
"MtrElec",5,28,6,"",47.3281,0,0,0,0,0,0,0,0,0,0,0,0,0,0,0,0,0,0,0,0,47.3281,0,0,0
"MtrElec",5,28,7,"",66.4981,0,0,0,0,0,0,0,0,0,0,0,0,0,0,0,0,0,0,0,0,75.8218,0,0,-9.32378
"MtrElec",5,28,8,"",58.1123,0,0,0,0,0,0,0,0,0,0,0,0,0,0,0,0,0,0,0,0,98.1505,0,0,-40.0382
"MtrElec",5,28,9,"",0,0,0,0,0,0,0,0,0,0,0,0,0,0,0,0,0,0,0,0,0,79.4285,0,10.3425,-89.771
"MtrElec",5,28,10,"",0,0,0,0,0,0,0,0,0,0,0,0,0,0,0,0,0,0,0,0,0,109.527,0,23.9971,-133.524
"MtrElec",5,28,11,"",-4.41273,0,0,0,0,0,0,0,0,0,0,0,0,0,0,0,0,0,0,0,0,91.1604,0,67.8758,-163.449
"MtrElec",5,28,12,"",-9.60254,0,0,0,0,0,0,0,0,0,0,0,0,0,0,0,0,0,0,0,0,108.112,0,67.8758,-185.591
"MtrElec",5,28,13,"",-63.0028,0,0,0,0,0,0,0,0,0,0,0,0,0,0,0,0,0,0,0,0,66.0041,0,67.8758,-196.883
"MtrElec",5,28,14,"",-91.9097,0,0,0,0,0,0,0,0,0,0,0,0,0,0,0,0,0,0,0,0,87.1321,0,15.2836,-194.325
"MtrElec",5,28,15,"",-107.066,0,0,0,0,0,0,0,0,0,0,0,0,0,0,0,0,0,0,0,0,73.2129,0,0,-180.279
"MtrElec",5,28,16,"",-45.9996,0,0,0,0,0,0,0,0,0,0,0,0,0,0,0,0,0,0,0,0,108.834,0,0,-154.834
"MtrElec",5,28,17,"",5.48347,0,0,0,0,0,0,0,0,0,0,0,0,0,0,0,0,0,0,0,0,122.645,0,0,-117.161
"MtrElec",5,28,18,"",53.1195,0,0,0,0,0,0,0,0,0,0,0,0,0,0,0,0,0,0,0,0,122.64,0,0,-69.5206
"MtrElec",5,28,19,"",24.4456,0,0,0,0,0,0,0,0,0,0,0,0,0,0,0,0,0,0,0,0,115.59,0,-67.8758,-23.2686
"MtrElec",5,28,20,"",64.8996,0,0,0,0,0,0,0,0,0,0,0,0,0,0,0,0,0,0,0,0,136.492,0,-67.8758,-3.7171
"MtrElec",5,28,21,"",63.1108,0,0,0,0,0,0,0,0,0,0,0,0,0,0,0,0,0,0,0,0,130.987,0,-67.8758,0
"MtrElec",5,28,22,"",83.485,0,0,0,0,0,0,0,0,0,0,0,0,0,0,0,0,0,0,0,0,108.416,0,-24.9313,0
"MtrElec",5,28,23,"",81.9552,0,0,0,0,0,0,0,0,0,0,0,0,0,0,0,0,0,0,0,0,81.9552,0,0,0
"MtrElec",5,28,24,"",103.171,0,0,0,0,0,0,0,0,0,0,0,0,0,0,0,0,0,0,0,0,103.171,0,0,0
"MtrElec",5,29,1,"",56.4201,0,0,0,0,0,0,0,0,0,0,0,0,0,0,0,0,0,0,0,0,56.4201,0,0,0
"MtrElec",5,29,2,"",45.7472,0,0,0,0,0,0,0,0,0,0,0,0,0,0,0,0,0,0,0,0,45.7472,0,0,0
"MtrElec",5,29,3,"",44.2688,0,0,0,0,0,0,0,0,0,0,0,0,0,0,0,0,0,0,0,0,44.2688,0,0,0
"MtrElec",5,29,4,"",44.0879,0,0,0,0,0,0,0,0,0,0,0,0,0,0,0,0,0,0,0,0,44.0879,0,0,0
"MtrElec",5,29,5,"",43.5792,0,0,0,0,0,0,0,0,0,0,0,0,0,0,0,0,0,0,0,0,43.5792,0,0,0
"MtrElec",5,29,6,"",46.745,0,0,0,0,0,0,0,0,0,0,0,0,0,0,0,0,0,0,0,0,46.745,0,0,0
"MtrElec",5,29,7,"",54.5389,0,0,0,0,0,0,0,0,0,0,0,0,0,0,0,0,0,0,0,0,64.8221,0,0,-10.2833
"MtrElec",5,29,8,"",60.9245,0,0,0,0,0,0,0,0,0,0,0,0,0,0,0,0,0,0,0,0,101.204,0,0,-40.2799
"MtrElec",5,29,9,"",33.9795,0,0,0,0,0,0,0,0,0,0,0,0,0,0,0,0,0,0,0,0,123.693,0,0,-89.7136
"MtrElec",5,29,10,"",24.9325,0,0,0,0,0,0,0,0,0,0,0,0,0,0,0,0,0,0,0,0,151.74,0,0,-126.807
"MtrElec",5,29,11,"",0,0,0,0,0,0,0,0,0,0,0,0,0,0,0,0,0,0,0,0,0,138.226,0,19.4804,-157.706
"MtrElec",5,29,12,"",0.0000020,0,0,0,0,0,0,0,0,0,0,0,0,0,0,0,0,0,0,0,0,135.506,0,32.1628,-167.669
"MtrElec",5,29,13,"",0,0,0,0,0,0,0,0,0,0,0,0,0,0,0,0,0,0,0,0,0,133.119,0,65.102,-198.221
"MtrElec",5,29,14,"",-42.3998,0,0,0,0,0,0,0,0,0,0,0,0,0,0,0,0,0,0,0,0,87.6749,0,67.8758,-197.95
"MtrElec",5,29,15,"",-35.8655,0,0,0,0,0,0,0,0,0,0,0,0,0,0,0,0,0,0,0,0,77.2734,0,67.8758,-181.015
"MtrElec",5,29,16,"",-41.5812,0,0,0,0,0,0,0,0,0,0,0,0,0,0,0,0,0,0,0,0,109.849,0,0.753794,-152.184
"MtrElec",5,29,17,"",-16.9632,0,0,0,0,0,0,0,0,0,0,0,0,0,0,0,0,0,0,0,0,97.6131,0,0,-114.576
"MtrElec",5,29,18,"",57.396,0,0,0,0,0,0,0,0,0,0,0,0,0,0,0,0,0,0,0,0,126.467,0,0,-69.0709
"MtrElec",5,29,19,"",37.6862,0,0,0,0,0,0,0,0,0,0,0,0,0,0,0,0,0,0,0,0,129.469,0,-67.8758,-23.9066
"MtrElec",5,29,20,"",62.0924,0,0,0,0,0,0,0,0,0,0,0,0,0,0,0,0,0,0,0,0,133.7,0,-67.8758,-3.7318
"MtrElec",5,29,21,"",64.5548,0,0,0,0,0,0,0,0,0,0,0,0,0,0,0,0,0,0,0,0,132.431,0,-67.8758,0
"MtrElec",5,29,22,"",79.8146,0,0,0,0,0,0,0,0,0,0,0,0,0,0,0,0,0,0,0,0,104.746,0,-24.9313,0
"MtrElec",5,29,23,"",109.422,0,0,0,0,0,0,0,0,0,0,0,0,0,0,0,0,0,0,0,0,109.422,0,0,0
"MtrElec",5,29,24,"",74.3359,0,0,0,0,0,0,0,0,0,0,0,0,0,0,0,0,0,0,0,0,74.3359,0,0,0
"MtrElec",5,30,1,"",48.3166,0,0,0,0,0,0,0,0,0,0,0,0,0,0,0,0,0,0,0,0,48.3166,0,0,0
"MtrElec",5,30,2,"",45.6346,0,0,0,0,0,0,0,0,0,0,0,0,0,0,0,0,0,0,0,0,45.6346,0,0,0
"MtrElec",5,30,3,"",44.1268,0,0,0,0,0,0,0,0,0,0,0,0,0,0,0,0,0,0,0,0,44.1268,0,0,0
"MtrElec",5,30,4,"",44.9314,0,0,0,0,0,0,0,0,0,0,0,0,0,0,0,0,0,0,0,0,44.9314,0,0,0
"MtrElec",5,30,5,"",50.9484,0,0,0,0,0,0,0,0,0,0,0,0,0,0,0,0,0,0,0,0,50.9484,0,0,0
"MtrElec",5,30,6,"",45.6145,0,0,0,0,0,0,0,0,0,0,0,0,0,0,0,0,0,0,0,0,45.6145,0,0,0
"MtrElec",5,30,7,"",63.2725,0,0,0,0,0,0,0,0,0,0,0,0,0,0,0,0,0,0,0,0,71.8972,0,0,-8.62474
"MtrElec",5,30,8,"",52.8481,0,0,0,0,0,0,0,0,0,0,0,0,0,0,0,0,0,0,0,0,76.1774,0,0,-23.3293
"MtrElec",5,30,9,"",94.0422,0,0,0,0,0,0,0,0,0,0,0,0,0,0,0,0,0,0,0,0,121.518,0,0,-27.4754
"MtrElec",5,30,10,"",48.0411,0,0,0,0,0,0,0,0,0,0,0,0,0,0,0,0,0,0,0,0,137.182,0,0,-89.141
"MtrElec",5,30,11,"",0,0,0,0,0,0,0,0,0,0,0,0,0,0,0,0,0,0,0,0,0,131.679,0,8.68898,-140.368
"MtrElec",5,30,12,"",-1.7021,0,0,0,0,0,0,0,0,0,0,0,0,0,0,0,0,0,0,0,0,119.601,0,67.8758,-189.179
"MtrElec",5,30,13,"",-18.6272,0,0,0,0,0,0,0,0,0,0,0,0,0,0,0,0,0,0,0,0,107.222,0,67.8758,-193.725
"MtrElec",5,30,14,"",-12.0701,0,0,0,0,0,0,0,0,0,0,0,0,0,0,0,0,0,0,0,0,112.749,0,67.8758,-192.695
"MtrElec",5,30,15,"",-9.96617,0,0,0,0,0,0,0,0,0,0,0,0,0,0,0,0,0,0,0,0,131.1,0,40.9342,-182
"MtrElec",5,30,16,"",-50.2482,0,0,0,0,0,0,0,0,0,0,0,0,0,0,0,0,0,0,0,0,105.4,0,0,-155.648
"MtrElec",5,30,17,"",-24.8422,0,0,0,0,0,0,0,0,0,0,0,0,0,0,0,0,0,0,0,0,89.2872,0,0,-114.129
"MtrElec",5,30,18,"",68.4224,0,0,0,0,0,0,0,0,0,0,0,0,0,0,0,0,0,0,0,0,134.1,0,0,-65.6777
"MtrElec",5,30,19,"",16.5147,0,0,0,0,0,0,0,0,0,0,0,0,0,0,0,0,0,0,0,0,107.589,0,-67.8758,-23.1987
"MtrElec",5,30,20,"",47.7268,0,0,0,0,0,0,0,0,0,0,0,0,0,0,0,0,0,0,0,0,119.664,0,-67.8758,-4.06117
"MtrElec",5,30,21,"",23.2379,0,0,0,0,0,0,0,0,0,0,0,0,0,0,0,0,0,0,0,0,91.1137,0,-67.8758,0
"MtrElec",5,30,22,"",83.4915,0,0,0,0,0,0,0,0,0,0,0,0,0,0,0,0,0,0,0,0,108.423,0,-24.9313,0
"MtrElec",5,30,23,"",71.9279,0,0,0,0,0,0,0,0,0,0,0,0,0,0,0,0,0,0,0,0,71.9279,0,0,0
"MtrElec",5,30,24,"",68.9982,0,0,0,0,0,0,0,0,0,0,0,0,0,0,0,0,0,0,0,0,68.9982,0,0,0
"MtrElec",5,31,1,"",48.0723,0,0,0,0,0,0,0,0,0,0,0,0,0,0,0,0,0,0,0,0,48.0723,0,0,0
"MtrElec",5,31,2,"",45.694,0,0,0,0,0,0,0,0,0,0,0,0,0,0,0,0,0,0,0,0,45.694,0,0,0
"MtrElec",5,31,3,"",44.1736,0,0,0,0,0,0,0,0,0,0,0,0,0,0,0,0,0,0,0,0,44.1736,0,0,0
"MtrElec",5,31,4,"",44.0958,0,0,0,0,0,0,0,0,0,0,0,0,0,0,0,0,0,0,0,0,44.0958,0,0,0
"MtrElec",5,31,5,"",53.9087,0,0,0,0,0,0,0,0,0,0,0,0,0,0,0,0,0,0,0,0,53.9087,0,0,0
"MtrElec",5,31,6,"",56.1952,0,0,0,0,0,0,0,0,0,0,0,0,0,0,0,0,0,0,0,0,56.1952,0,0,0
"MtrElec",5,31,7,"",50.6351,0,0,0,0,0,0,0,0,0,0,0,0,0,0,0,0,0,0,0,0,50.6351,0,0,0
"MtrElec",5,31,8,"",86.4727,0,0,0,0,0,0,0,0,0,0,0,0,0,0,0,0,0,0,0,0,89.7396,0,0,-3.26692
"MtrElec",5,31,9,"",64.1013,0,0,0,0,0,0,0,0,0,0,0,0,0,0,0,0,0,0,0,0,89.4274,0,0,-25.3261
"MtrElec",5,31,10,"",73.6071,0,0,0,0,0,0,0,0,0,0,0,0,0,0,0,0,0,0,0,0,117.847,0,0,-44.2403
"MtrElec",5,31,11,"",0,0,0,0,0,0,0,0,0,0,0,0,0,0,0,0,0,0,0,0,0,94.2624,0,4.81166,-99.0741
"MtrElec",5,31,12,"",7.42578,0,0,0,0,0,0,0,0,0,0,0,0,0,0,0,0,0,0,0,0,138.648,0,0,-131.222
"MtrElec",5,31,13,"",0,0,0,0,0,0,0,0,0,0,0,0,0,0,0,0,0,0,0,0,0,101.636,0,56.7762,-158.412
"MtrElec",5,31,14,"",0,0,0,0,0,0,0,0,0,0,0,0,0,0,0,0,0,0,0,0,0,110.752,0,41.0771,-151.829
"MtrElec",5,31,15,"",0,0,0,0,0,0,0,0,0,0,0,0,0,0,0,0,0,0,0,0,0,72.5008,0,29.9774,-102.478
"MtrElec",5,31,16,"",16.7824,0,0,0,0,0,0,0,0,0,0,0,0,0,0,0,0,0,0,0,0,92.3779,0,0,-75.5955
"MtrElec",5,31,17,"",32.0748,0,0,0,0,0,0,0,0,0,0,0,0,0,0,0,0,0,0,0,0,84.1628,0,0,-52.088
"MtrElec",5,31,18,"",86.1977,0,0,0,0,0,0,0,0,0,0,0,0,0,0,0,0,0,0,0,0,102.651,0,0,-16.4538
"MtrElec",5,31,19,"",92.3039,0,0,0,0,0,0,0,0,0,0,0,0,0,0,0,0,0,0,0,0,163.977,0,-67.8758,-3.7972
"MtrElec",5,31,20,"",65.701,0,0,0,0,0,0,0,0,0,0,0,0,0,0,0,0,0,0,0,0,117.535,0,-51.8339,0
"MtrElec",5,31,21,"",95.6815,0,0,0,0,0,0,0,0,0,0,0,0,0,0,0,0,0,0,0,0,95.6815,0,0,0
"MtrElec",5,31,22,"",92.7846,0,0,0,0,0,0,0,0,0,0,0,0,0,0,0,0,0,0,0,0,92.7846,0,0,0
"MtrElec",5,31,23,"",80.2904,0,0,0,0,0,0,0,0,0,0,0,0,0,0,0,0,0,0,0,0,80.2904,0,0,0
"MtrElec",5,31,24,"",77.9118,0,0,0,0,0,0,0,0,0,0,0,0,0,0,0,0,0,0,0,0,77.9118,0,0,0
"MtrElec",6,1,1,"",54.5506,0,0,0,0,0,0,0,0,0,0,0,0,0,0,0,0,0,0,0,0,54.5506,0,0,0
"MtrElec",6,1,2,"",44.6564,0,0,0,0,0,0,0,0,0,0,0,0,0,0,0,0,0,0,0,0,44.6564,0,0,0
"MtrElec",6,1,3,"",43.4809,0,0,0,0,0,0,0,0,0,0,0,0,0,0,0,0,0,0,0,0,43.4809,0,0,0
"MtrElec",6,1,4,"",43.3761,0,0,0,0,0,0,0,0,0,0,0,0,0,0,0,0,0,0,0,0,43.3761,0,0,0
"MtrElec",6,1,5,"",42.91,0,0,0,0,0,0,0,0,0,0,0,0,0,0,0,0,0,0,0,0,42.91,0,0,0
"MtrElec",6,1,6,"",46.8125,0,0,0,0,0,0,0,0,0,0,0,0,0,0,0,0,0,0,0,0,46.8125,0,0,0
"MtrElec",6,1,7,"",74.0805,0,0,0,0,0,0,0,0,0,0,0,0,0,0,0,0,0,0,0,0,82.6427,0,0,-8.56225
"MtrElec",6,1,8,"",36.5695,0,0,0,0,0,0,0,0,0,0,0,0,0,0,0,0,0,0,0,0,73.8315,0,0,-37.262
"MtrElec",6,1,9,"",7.32673,0,0,0,0,0,0,0,0,0,0,0,0,0,0,0,0,0,0,0,0,92.4946,0,0,-85.1679
"MtrElec",6,1,10,"",0.0000020,0,0,0,0,0,0,0,0,0,0,0,0,0,0,0,0,0,0,0,0,99.4625,0,20.6616,-120.124
"MtrElec",6,1,11,"",0,0,0,0,0,0,0,0,0,0,0,0,0,0,0,0,0,0,0,0,0,83.3487,0,63.3435,-146.692
"MtrElec",6,1,12,"",0.0000039,0,0,0,0,0,0,0,0,0,0,0,0,0,0,0,0,0,0,0,0,109.655,0,56.8233,-166.479
"MtrElec",6,1,13,"",-47.0626,0,0,0,0,0,0,0,0,0,0,0,0,0,0,0,0,0,0,0,0,74.7989,0,67.8758,-189.737
"MtrElec",6,1,14,"",-57.3723,0,0,0,0,0,0,0,0,0,0,0,0,0,0,0,0,0,0,0,0,87.2279,0,44.5464,-189.147
"MtrElec",6,1,15,"",-57.9646,0,0,0,0,0,0,0,0,0,0,0,0,0,0,0,0,0,0,0,0,118.158,0,0,-176.122
"MtrElec",6,1,16,"",-42.7936,0,0,0,0,0,0,0,0,0,0,0,0,0,0,0,0,0,0,0,0,108.875,0,0,-151.668
"MtrElec",6,1,17,"",41.8552,0,0,0,0,0,0,0,0,0,0,0,0,0,0,0,0,0,0,0,0,153.78,0,0,-111.925
"MtrElec",6,1,18,"",75.8665,0,0,0,0,0,0,0,0,0,0,0,0,0,0,0,0,0,0,0,0,134.052,0,0,-58.1859
"MtrElec",6,1,19,"",56.2391,0,0,0,0,0,0,0,0,0,0,0,0,0,0,0,0,0,0,0,0,146.928,0,-67.8758,-22.8136
"MtrElec",6,1,20,"",39.5693,0,0,0,0,0,0,0,0,0,0,0,0,0,0,0,0,0,0,0,0,111.271,0,-67.8758,-3.82547
"MtrElec",6,1,21,"",39.9905,0,0,0,0,0,0,0,0,0,0,0,0,0,0,0,0,0,0,0,0,107.866,0,-67.8758,0
"MtrElec",6,1,22,"",92.3637,0,0,0,0,0,0,0,0,0,0,0,0,0,0,0,0,0,0,0,0,117.295,0,-24.9313,0
"MtrElec",6,1,23,"",92.5567,0,0,0,0,0,0,0,0,0,0,0,0,0,0,0,0,0,0,0,0,92.5567,0,0,0
"MtrElec",6,1,24,"",63.2546,0,0,0,0,0,0,0,0,0,0,0,0,0,0,0,0,0,0,0,0,63.2546,0,0,0
"MtrElec",6,2,1,"",86.7038,0,0,0,0,0,0,0,0,0,0,0,0,0,0,0,0,0,0,0,0,86.7038,0,0,0
"MtrElec",6,2,2,"",51.2609,0,0,0,0,0,0,0,0,0,0,0,0,0,0,0,0,0,0,0,0,51.2609,0,0,0
"MtrElec",6,2,3,"",45.3937,0,0,0,0,0,0,0,0,0,0,0,0,0,0,0,0,0,0,0,0,45.3937,0,0,0
"MtrElec",6,2,4,"",44.1057,0,0,0,0,0,0,0,0,0,0,0,0,0,0,0,0,0,0,0,0,44.1057,0,0,0
"MtrElec",6,2,5,"",43.3519,0,0,0,0,0,0,0,0,0,0,0,0,0,0,0,0,0,0,0,0,43.3519,0,0,0
"MtrElec",6,2,6,"",47.0176,0,0,0,0,0,0,0,0,0,0,0,0,0,0,0,0,0,0,0,0,47.0176,0,0,0
"MtrElec",6,2,7,"",87.1147,0,0,0,0,0,0,0,0,0,0,0,0,0,0,0,0,0,0,0,0,96.7574,0,0,-9.64263
"MtrElec",6,2,8,"",44.9255,0,0,0,0,0,0,0,0,0,0,0,0,0,0,0,0,0,0,0,0,83.7452,0,0,-38.8196
"MtrElec",6,2,9,"",0,0,0,0,0,0,0,0,0,0,0,0,0,0,0,0,0,0,0,0,0,83.0952,0,4.01263,-87.1078
"MtrElec",6,2,10,"",0,0,0,0,0,0,0,0,0,0,0,0,0,0,0,0,0,0,0,0,0,100.935,0,30.7956,-131.73
"MtrElec",6,2,11,"",0.0000039,0,0,0,0,0,0,0,0,0,0,0,0,0,0,0,0,0,0,0,0,101.367,0,64.2892,-165.656
"MtrElec",6,2,12,"",-9.90416,0,0,0,0,0,0,0,0,0,0,0,0,0,0,0,0,0,0,0,0,108.692,0,67.8758,-186.472
"MtrElec",6,2,13,"",-46.2267,0,0,0,0,0,0,0,0,0,0,0,0,0,0,0,0,0,0,0,0,80.6708,0,67.8758,-194.773
"MtrElec",6,2,14,"",-85.4338,0,0,0,0,0,0,0,0,0,0,0,0,0,0,0,0,0,0,0,0,89.8901,0,18.4016,-193.726
"MtrElec",6,2,15,"",-96.7304,0,0,0,0,0,0,0,0,0,0,0,0,0,0,0,0,0,0,0,0,84.9882,0,0,-181.719
"MtrElec",6,2,16,"",-43.6165,0,0,0,0,0,0,0,0,0,0,0,0,0,0,0,0,0,0,0,0,113.058,0,0,-156.674
"MtrElec",6,2,17,"",-11.9821,0,0,0,0,0,0,0,0,0,0,0,0,0,0,0,0,0,0,0,0,108.275,0,0,-120.258
"MtrElec",6,2,18,"",40.6245,0,0,0,0,0,0,0,0,0,0,0,0,0,0,0,0,0,0,0,0,113.838,0,0,-73.213
"MtrElec",6,2,19,"",52.1162,0,0,0,0,0,0,0,0,0,0,0,0,0,0,0,0,0,0,0,0,143.81,0,-67.8758,-23.8181
"MtrElec",6,2,20,"",71.6828,0,0,0,0,0,0,0,0,0,0,0,0,0,0,0,0,0,0,0,0,143.229,0,-67.8758,-3.67076
"MtrElec",6,2,21,"",93.7996,0,0,0,0,0,0,0,0,0,0,0,0,0,0,0,0,0,0,0,0,161.675,0,-67.8758,0
"MtrElec",6,2,22,"",53.2712,0,0,0,0,0,0,0,0,0,0,0,0,0,0,0,0,0,0,0,0,78.2025,0,-24.9313,0
"MtrElec",6,2,23,"",114.466,0,0,0,0,0,0,0,0,0,0,0,0,0,0,0,0,0,0,0,0,114.466,0,0,0
"MtrElec",6,2,24,"",54.7457,0,0,0,0,0,0,0,0,0,0,0,0,0,0,0,0,0,0,0,0,54.7457,0,0,0
"MtrElec",6,3,1,"",47.8761,0,0,0,0,0,0,0,0,0,0,0,0,0,0,0,0,0,0,0,0,47.8761,0,0,0
"MtrElec",6,3,2,"",45.0617,0,0,0,0,0,0,0,0,0,0,0,0,0,0,0,0,0,0,0,0,45.0617,0,0,0
"MtrElec",6,3,3,"",43.8194,0,0,0,0,0,0,0,0,0,0,0,0,0,0,0,0,0,0,0,0,43.8194,0,0,0
"MtrElec",6,3,4,"",43.8078,0,0,0,0,0,0,0,0,0,0,0,0,0,0,0,0,0,0,0,0,43.8078,0,0,0
"MtrElec",6,3,5,"",43.3052,0,0,0,0,0,0,0,0,0,0,0,0,0,0,0,0,0,0,0,0,43.3052,0,0,0
"MtrElec",6,3,6,"",49.6193,0,0,0,0,0,0,0,0,0,0,0,0,0,0,0,0,0,0,0,0,49.6193,0,0,0
"MtrElec",6,3,7,"",63.0476,0,0,0,0,0,0,0,0,0,0,0,0,0,0,0,0,0,0,0,0,78.3659,0,0,-15.3183
"MtrElec",6,3,8,"",59.2797,0,0,0,0,0,0,0,0,0,0,0,0,0,0,0,0,0,0,0,0,100.256,0,0,-40.9762
"MtrElec",6,3,9,"",91.6698,0,0,0,0,0,0,0,0,0,0,0,0,0,0,0,0,0,0,0,0,111.782,0,0,-20.1126
"MtrElec",6,3,10,"",33.0412,0,0,0,0,0,0,0,0,0,0,0,0,0,0,0,0,0,0,0,0,111.48,0,0,-78.4385
"MtrElec",6,3,11,"",-6.88892,0,0,0,0,0,0,0,0,0,0,0,0,0,0,0,0,0,0,0,0,84.4474,0,67.8758,-159.212
"MtrElec",6,3,12,"",-14.7735,0,0,0,0,0,0,0,0,0,0,0,0,0,0,0,0,0,0,0,0,102.484,0,67.8758,-185.133
"MtrElec",6,3,13,"",-39.1616,0,0,0,0,0,0,0,0,0,0,0,0,0,0,0,0,0,0,0,0,88.4614,0,67.8758,-195.499
"MtrElec",6,3,14,"",-56.687,0,0,0,0,0,0,0,0,0,0,0,0,0,0,0,0,0,0,0,0,90.7991,0,49.6232,-197.109
"MtrElec",6,3,15,"",-113.304,0,0,0,0,0,0,0,0,0,0,0,0,0,0,0,0,0,0,0,0,68.6536,0,0,-181.958
"MtrElec",6,3,16,"",-73.2568,0,0,0,0,0,0,0,0,0,0,0,0,0,0,0,0,0,0,0,0,82.6976,0,0,-155.954
"MtrElec",6,3,17,"",0.843695,0,0,0,0,0,0,0,0,0,0,0,0,0,0,0,0,0,0,0,0,120.977,0,0,-120.133
"MtrElec",6,3,18,"",42.1943,0,0,0,0,0,0,0,0,0,0,0,0,0,0,0,0,0,0,0,0,115.659,0,0,-73.4643
"MtrElec",6,3,19,"",23.0006,0,0,0,0,0,0,0,0,0,0,0,0,0,0,0,0,0,0,0,0,114.8,0,-67.8758,-23.9233
"MtrElec",6,3,20,"",80.602,0,0,0,0,0,0,0,0,0,0,0,0,0,0,0,0,0,0,0,0,152.125,0,-67.8758,-3.64733
"MtrElec",6,3,21,"",62.2936,0,0,0,0,0,0,0,0,0,0,0,0,0,0,0,0,0,0,0,0,130.169,0,-67.8758,0
"MtrElec",6,3,22,"",94.5414,0,0,0,0,0,0,0,0,0,0,0,0,0,0,0,0,0,0,0,0,119.473,0,-24.9313,0
"MtrElec",6,3,23,"",93.3094,0,0,0,0,0,0,0,0,0,0,0,0,0,0,0,0,0,0,0,0,93.3094,0,0,0
"MtrElec",6,3,24,"",91.0059,0,0,0,0,0,0,0,0,0,0,0,0,0,0,0,0,0,0,0,0,91.0059,0,0,0
"MtrElec",6,4,1,"",47.9788,0,0,0,0,0,0,0,0,0,0,0,0,0,0,0,0,0,0,0,0,47.9788,0,0,0
"MtrElec",6,4,2,"",45.3989,0,0,0,0,0,0,0,0,0,0,0,0,0,0,0,0,0,0,0,0,45.3989,0,0,0
"MtrElec",6,4,3,"",44.0947,0,0,0,0,0,0,0,0,0,0,0,0,0,0,0,0,0,0,0,0,44.0947,0,0,0
"MtrElec",6,4,4,"",43.9443,0,0,0,0,0,0,0,0,0,0,0,0,0,0,0,0,0,0,0,0,43.9443,0,0,0
"MtrElec",6,4,5,"",43.4775,0,0,0,0,0,0,0,0,0,0,0,0,0,0,0,0,0,0,0,0,43.4775,0,0,0
"MtrElec",6,4,6,"",47.253,0,0,0,0,0,0,0,0,0,0,0,0,0,0,0,0,0,0,0,0,47.253,0,0,0
"MtrElec",6,4,7,"",66.2995,0,0,0,0,0,0,0,0,0,0,0,0,0,0,0,0,0,0,0,0,75.9317,0,0,-9.63226
"MtrElec",6,4,8,"",66.6205,0,0,0,0,0,0,0,0,0,0,0,0,0,0,0,0,0,0,0,0,98.431,0,0,-31.8105
"MtrElec",6,4,9,"",73.8362,0,0,0,0,0,0,0,0,0,0,0,0,0,0,0,0,0,0,0,0,85.7297,0,0,-11.8935
"MtrElec",6,4,10,"",89.8644,0,0,0,0,0,0,0,0,0,0,0,0,0,0,0,0,0,0,0,0,111.274,0,0,-21.4095
"MtrElec",6,4,11,"",32.3323,0,0,0,0,0,0,0,0,0,0,0,0,0,0,0,0,0,0,0,0,77.9213,0,0,-45.589
"MtrElec",6,4,12,"",-12.9914,0,0,0,0,0,0,0,0,0,0,0,0,0,0,0,0,0,0,0,0,86.9324,0,67.8758,-167.8
"MtrElec",6,4,13,"",-41.5042,0,0,0,0,0,0,0,0,0,0,0,0,0,0,0,0,0,0,0,0,93.8147,0,67.8758,-203.195
"MtrElec",6,4,14,"",-76.0209,0,0,0,0,0,0,0,0,0,0,0,0,0,0,0,0,0,0,0,0,54.3629,0,67.8758,-198.26
"MtrElec",6,4,15,"",-59.267,0,0,0,0,0,0,0,0,0,0,0,0,0,0,0,0,0,0,0,0,74.7818,0,49.6232,-183.672
"MtrElec",6,4,16,"",-76.0115,0,0,0,0,0,0,0,0,0,0,0,0,0,0,0,0,0,0,0,0,81.7648,0,0,-157.776
"MtrElec",6,4,17,"",-34.8919,0,0,0,0,0,0,0,0,0,0,0,0,0,0,0,0,0,0,0,0,85.9736,0,0,-120.866
"MtrElec",6,4,18,"",30.9326,0,0,0,0,0,0,0,0,0,0,0,0,0,0,0,0,0,0,0,0,104.701,0,0,-73.7686
"MtrElec",6,4,19,"",44.2341,0,0,0,0,0,0,0,0,0,0,0,0,0,0,0,0,0,0,0,0,136.448,0,-67.8758,-24.3385
"MtrElec",6,4,20,"",36.6733,0,0,0,0,0,0,0,0,0,0,0,0,0,0,0,0,0,0,0,0,108.543,0,-67.8758,-3.99421
"MtrElec",6,4,21,"",78.1249,0,0,0,0,0,0,0,0,0,0,0,0,0,0,0,0,0,0,0,0,146.001,0,-67.8758,0
"MtrElec",6,4,22,"",57.3323,0,0,0,0,0,0,0,0,0,0,0,0,0,0,0,0,0,0,0,0,82.2636,0,-24.9313,0
"MtrElec",6,4,23,"",104.985,0,0,0,0,0,0,0,0,0,0,0,0,0,0,0,0,0,0,0,0,104.985,0,0,0
"MtrElec",6,4,24,"",64.7375,0,0,0,0,0,0,0,0,0,0,0,0,0,0,0,0,0,0,0,0,64.7375,0,0,0
"MtrElec",6,5,1,"",53.3498,0,0,0,0,0,0,0,0,0,0,0,0,0,0,0,0,0,0,0,0,53.3498,0,0,0
"MtrElec",6,5,2,"",46.7115,0,0,0,0,0,0,0,0,0,0,0,0,0,0,0,0,0,0,0,0,46.7115,0,0,0
"MtrElec",6,5,3,"",44.4199,0,0,0,0,0,0,0,0,0,0,0,0,0,0,0,0,0,0,0,0,44.4199,0,0,0
"MtrElec",6,5,4,"",43.5884,0,0,0,0,0,0,0,0,0,0,0,0,0,0,0,0,0,0,0,0,43.5884,0,0,0
"MtrElec",6,5,5,"",43.1438,0,0,0,0,0,0,0,0,0,0,0,0,0,0,0,0,0,0,0,0,43.1438,0,0,0
"MtrElec",6,5,6,"",52.1651,0,0,0,0,0,0,0,0,0,0,0,0,0,0,0,0,0,0,0,0,52.1651,0,0,0
"MtrElec",6,5,7,"",82.6178,0,0,0,0,0,0,0,0,0,0,0,0,0,0,0,0,0,0,0,0,98.3536,0,0,-15.7358
"MtrElec",6,5,8,"",49.6825,0,0,0,0,0,0,0,0,0,0,0,0,0,0,0,0,0,0,0,0,92.6942,0,0,-43.0117
"MtrElec",6,5,9,"",98.8966,0,0,0,0,0,0,0,0,0,0,0,0,0,0,0,0,0,0,0,0,115.939,0,0,-17.0421
"MtrElec",6,5,10,"",82.2179,0,0,0,0,0,0,0,0,0,0,0,0,0,0,0,0,0,0,0,0,111.656,0,0,-29.4386
"MtrElec",6,5,11,"",41.8245,0,0,0,0,0,0,0,0,0,0,0,0,0,0,0,0,0,0,0,0,105.452,0,0,-63.6277
"MtrElec",6,5,12,"",-40.2759,0,0,0,0,0,0,0,0,0,0,0,0,0,0,0,0,0,0,0,0,65.0739,0,67.8758,-173.226
"MtrElec",6,5,13,"",-50.2927,0,0,0,0,0,0,0,0,0,0,0,0,0,0,0,0,0,0,0,0,78.0766,0,67.8758,-196.245
"MtrElec",6,5,14,"",-66.2436,0,0,0,0,0,0,0,0,0,0,0,0,0,0,0,0,0,0,0,0,61.0978,0,67.8758,-195.217
"MtrElec",6,5,15,"",-40.2123,0,0,0,0,0,0,0,0,0,0,0,0,0,0,0,0,0,0,0,0,91.0274,0,49.6232,-180.863
"MtrElec",6,5,16,"",-59.1515,0,0,0,0,0,0,0,0,0,0,0,0,0,0,0,0,0,0,0,0,95.53,0,0,-154.682
"MtrElec",6,5,17,"",5.61529,0,0,0,0,0,0,0,0,0,0,0,0,0,0,0,0,0,0,0,0,124.234,0,0,-118.619
"MtrElec",6,5,18,"",40.732,0,0,0,0,0,0,0,0,0,0,0,0,0,0,0,0,0,0,0,0,113.251,0,0,-72.519
"MtrElec",6,5,19,"",49.4516,0,0,0,0,0,0,0,0,0,0,0,0,0,0,0,0,0,0,0,0,141.594,0,-67.8758,-24.2665
"MtrElec",6,5,20,"",48.7105,0,0,0,0,0,0,0,0,0,0,0,0,0,0,0,0,0,0,0,0,120.636,0,-67.8758,-4.04962
"MtrElec",6,5,21,"",83.9522,0,0,0,0,0,0,0,0,0,0,0,0,0,0,0,0,0,0,0,0,151.828,0,-67.8758,0
"MtrElec",6,5,22,"",70.7905,0,0,0,0,0,0,0,0,0,0,0,0,0,0,0,0,0,0,0,0,95.7218,0,-24.9313,0
"MtrElec",6,5,23,"",110.148,0,0,0,0,0,0,0,0,0,0,0,0,0,0,0,0,0,0,0,0,110.148,0,0,0
"MtrElec",6,5,24,"",71.0452,0,0,0,0,0,0,0,0,0,0,0,0,0,0,0,0,0,0,0,0,71.0452,0,0,0
"MtrElec",6,6,1,"",48.0658,0,0,0,0,0,0,0,0,0,0,0,0,0,0,0,0,0,0,0,0,48.0658,0,0,0
"MtrElec",6,6,2,"",45.3385,0,0,0,0,0,0,0,0,0,0,0,0,0,0,0,0,0,0,0,0,45.3385,0,0,0
"MtrElec",6,6,3,"",46.8006,0,0,0,0,0,0,0,0,0,0,0,0,0,0,0,0,0,0,0,0,46.8006,0,0,0
"MtrElec",6,6,4,"",46.717,0,0,0,0,0,0,0,0,0,0,0,0,0,0,0,0,0,0,0,0,46.717,0,0,0
"MtrElec",6,6,5,"",50.6119,0,0,0,0,0,0,0,0,0,0,0,0,0,0,0,0,0,0,0,0,50.6119,0,0,0
"MtrElec",6,6,6,"",44.957,0,0,0,0,0,0,0,0,0,0,0,0,0,0,0,0,0,0,0,0,44.957,0,0,0
"MtrElec",6,6,7,"",52.5673,0,0,0,0,0,0,0,0,0,0,0,0,0,0,0,0,0,0,0,0,56.6442,0,0,-4.07696
"MtrElec",6,6,8,"",59.723,0,0,0,0,0,0,0,0,0,0,0,0,0,0,0,0,0,0,0,0,74.2243,0,0,-14.5013
"MtrElec",6,6,9,"",67.9188,0,0,0,0,0,0,0,0,0,0,0,0,0,0,0,0,0,0,0,0,112.018,0,0,-44.099
"MtrElec",6,6,10,"",18.7637,0,0,0,0,0,0,0,0,0,0,0,0,0,0,0,0,0,0,0,0,143.358,0,0,-124.594
"MtrElec",6,6,11,"",0,0,0,0,0,0,0,0,0,0,0,0,0,0,0,0,0,0,0,0,0,131.97,0,35.5156,-167.486
"MtrElec",6,6,12,"",0.0000039,0,0,0,0,0,0,0,0,0,0,0,0,0,0,0,0,0,0,0,0,133.343,0,56.5566,-189.899
"MtrElec",6,6,13,"",-7.43067,0,0,0,0,0,0,0,0,0,0,0,0,0,0,0,0,0,0,0,0,123.094,0,67.8758,-198.4
"MtrElec",6,6,14,"",-29.8131,0,0,0,0,0,0,0,0,0,0,0,0,0,0,0,0,0,0,0,0,97.7667,0,67.8758,-195.456
"MtrElec",6,6,15,"",-31.3079,0,0,0,0,0,0,0,0,0,0,0,0,0,0,0,0,0,0,0,0,124.778,0,25.4268,-181.512
"MtrElec",6,6,16,"",-74.579,0,0,0,0,0,0,0,0,0,0,0,0,0,0,0,0,0,0,0,0,81.5846,0,0,-156.164
"MtrElec",6,6,17,"",-5.81415,0,0,0,0,0,0,0,0,0,0,0,0,0,0,0,0,0,0,0,0,112.779,0,0,-118.594
"MtrElec",6,6,18,"",28.1955,0,0,0,0,0,0,0,0,0,0,0,0,0,0,0,0,0,0,0,0,99.6498,0,0,-71.4543
"MtrElec",6,6,19,"",68.8369,0,0,0,0,0,0,0,0,0,0,0,0,0,0,0,0,0,0,0,0,161.484,0,-67.8758,-24.7716
"MtrElec",6,6,20,"",39.6503,0,0,0,0,0,0,0,0,0,0,0,0,0,0,0,0,0,0,0,0,111.737,0,-67.8758,-4.21064
"MtrElec",6,6,21,"",69.6812,0,0,0,0,0,0,0,0,0,0,0,0,0,0,0,0,0,0,0,0,137.557,0,-67.8758,0
"MtrElec",6,6,22,"",90.6447,0,0,0,0,0,0,0,0,0,0,0,0,0,0,0,0,0,0,0,0,115.576,0,-24.9313,0
"MtrElec",6,6,23,"",95.5051,0,0,0,0,0,0,0,0,0,0,0,0,0,0,0,0,0,0,0,0,95.5051,0,0,0
"MtrElec",6,6,24,"",67.0172,0,0,0,0,0,0,0,0,0,0,0,0,0,0,0,0,0,0,0,0,67.0172,0,0,0
"MtrElec",6,7,1,"",52.0048,0,0,0,0,0,0,0,0,0,0,0,0,0,0,0,0,0,0,0,0,52.0048,0,0,0
"MtrElec",6,7,2,"",45.2873,0,0,0,0,0,0,0,0,0,0,0,0,0,0,0,0,0,0,0,0,45.2873,0,0,0
"MtrElec",6,7,3,"",43.5218,0,0,0,0,0,0,0,0,0,0,0,0,0,0,0,0,0,0,0,0,43.5218,0,0,0
"MtrElec",6,7,4,"",45.2109,0,0,0,0,0,0,0,0,0,0,0,0,0,0,0,0,0,0,0,0,45.2109,0,0,0
"MtrElec",6,7,5,"",57.8754,0,0,0,0,0,0,0,0,0,0,0,0,0,0,0,0,0,0,0,0,57.8754,0,0,0
"MtrElec",6,7,6,"",44.9918,0,0,0,0,0,0,0,0,0,0,0,0,0,0,0,0,0,0,0,0,44.9918,0,0,0
"MtrElec",6,7,7,"",60.2156,0,0,0,0,0,0,0,0,0,0,0,0,0,0,0,0,0,0,0,0,73.3706,0,0,-13.1549
"MtrElec",6,7,8,"",52.2379,0,0,0,0,0,0,0,0,0,0,0,0,0,0,0,0,0,0,0,0,68.8679,0,0,-16.63
"MtrElec",6,7,9,"",68.4953,0,0,0,0,0,0,0,0,0,0,0,0,0,0,0,0,0,0,0,0,97.0965,0,0,-28.6013
"MtrElec",6,7,10,"",48.3548,0,0,0,0,0,0,0,0,0,0,0,0,0,0,0,0,0,0,0,0,135.155,0,0,-86.8001
"MtrElec",6,7,11,"",0,0,0,0,0,0,0,0,0,0,0,0,0,0,0,0,0,0,0,0,0,112.684,0,52.4614,-165.145
"MtrElec",6,7,12,"",0.0000039,0,0,0,0,0,0,0,0,0,0,0,0,0,0,0,0,0,0,0,0,123.833,0,61.973,-185.806
"MtrElec",6,7,13,"",-36.7759,0,0,0,0,0,0,0,0,0,0,0,0,0,0,0,0,0,0,0,0,91.0495,0,67.8758,-195.701
"MtrElec",6,7,14,"",-28.2588,0,0,0,0,0,0,0,0,0,0,0,0,0,0,0,0,0,0,0,0,95.8839,0,67.8758,-192.018
"MtrElec",6,7,15,"",-76.0568,0,0,0,0,0,0,0,0,0,0,0,0,0,0,0,0,0,0,0,0,100.441,0,3.06452,-179.563
"MtrElec",6,7,16,"",-66.657,0,0,0,0,0,0,0,0,0,0,0,0,0,0,0,0,0,0,0,0,86.5929,0,0,-153.25
"MtrElec",6,7,17,"",8.86238,0,0,0,0,0,0,0,0,0,0,0,0,0,0,0,0,0,0,0,0,124.799,0,0,-115.936
"MtrElec",6,7,18,"",65.6489,0,0,0,0,0,0,0,0,0,0,0,0,0,0,0,0,0,0,0,0,135.846,0,0,-70.1973
"MtrElec",6,7,19,"",82.1412,0,0,0,0,0,0,0,0,0,0,0,0,0,0,0,0,0,0,0,0,174.72,0,-67.8758,-24.7027
"MtrElec",6,7,20,"",64.1624,0,0,0,0,0,0,0,0,0,0,0,0,0,0,0,0,0,0,0,0,136.395,0,-67.8758,-4.35704
"MtrElec",6,7,21,"",58.0295,0,0,0,0,0,0,0,0,0,0,0,0,0,0,0,0,0,0,0,0,125.905,0,-67.8758,0
"MtrElec",6,7,22,"",72.2035,0,0,0,0,0,0,0,0,0,0,0,0,0,0,0,0,0,0,0,0,97.1348,0,-24.9313,0
"MtrElec",6,7,23,"",87.0174,0,0,0,0,0,0,0,0,0,0,0,0,0,0,0,0,0,0,0,0,87.0174,0,0,0
"MtrElec",6,7,24,"",85.2271,0,0,0,0,0,0,0,0,0,0,0,0,0,0,0,0,0,0,0,0,85.2271,0,0,0
"MtrElec",6,8,1,"",59.8295,0,0,0,0,0,0,0,0,0,0,0,0,0,0,0,0,0,0,0,0,59.8295,0,0,0
"MtrElec",6,8,2,"",45.1784,0,0,0,0,0,0,0,0,0,0,0,0,0,0,0,0,0,0,0,0,45.1784,0,0,0
"MtrElec",6,8,3,"",43.7406,0,0,0,0,0,0,0,0,0,0,0,0,0,0,0,0,0,0,0,0,43.7406,0,0,0
"MtrElec",6,8,4,"",43.6044,0,0,0,0,0,0,0,0,0,0,0,0,0,0,0,0,0,0,0,0,43.6044,0,0,0
"MtrElec",6,8,5,"",43.1189,0,0,0,0,0,0,0,0,0,0,0,0,0,0,0,0,0,0,0,0,43.1189,0,0,0
"MtrElec",6,8,6,"",46.2771,0,0,0,0,0,0,0,0,0,0,0,0,0,0,0,0,0,0,0,0,46.2771,0,0,0
"MtrElec",6,8,7,"",64.6461,0,0,0,0,0,0,0,0,0,0,0,0,0,0,0,0,0,0,0,0,78.168,0,0,-13.5219
"MtrElec",6,8,8,"",48.0873,0,0,0,0,0,0,0,0,0,0,0,0,0,0,0,0,0,0,0,0,71.859,0,0,-23.7717
"MtrElec",6,8,9,"",14.5382,0,0,0,0,0,0,0,0,0,0,0,0,0,0,0,0,0,0,0,0,72.7233,0,0,-58.185
"MtrElec",6,8,10,"",0,0,0,0,0,0,0,0,0,0,0,0,0,0,0,0,0,0,0,0,0,112.737,0,17.2467,-129.983
"MtrElec",6,8,11,"",0,0,0,0,0,0,0,0,0,0,0,0,0,0,0,0,0,0,0,0,0,104.964,0,59.7868,-164.751
"MtrElec",6,8,12,"",-14.429,0,0,0,0,0,0,0,0,0,0,0,0,0,0,0,0,0,0,0,0,105.837,0,67.8758,-188.141
"MtrElec",6,8,13,"",-37.8275,0,0,0,0,0,0,0,0,0,0,0,0,0,0,0,0,0,0,0,0,89.9014,0,67.8758,-195.605
"MtrElec",6,8,14,"",-86.2906,0,0,0,0,0,0,0,0,0,0,0,0,0,0,0,0,0,0,0,0,65.3295,0,40.4655,-192.086
"MtrElec",6,8,15,"",-89.1367,0,0,0,0,0,0,0,0,0,0,0,0,0,0,0,0,0,0,0,0,92.1053,0,0,-181.242
"MtrElec",6,8,16,"",-73.2542,0,0,0,0,0,0,0,0,0,0,0,0,0,0,0,0,0,0,0,0,84.0635,0,0,-157.318
"MtrElec",6,8,17,"",-26.1724,0,0,0,0,0,0,0,0,0,0,0,0,0,0,0,0,0,0,0,0,93.9454,0,0,-120.118
"MtrElec",6,8,18,"",36.447,0,0,0,0,0,0,0,0,0,0,0,0,0,0,0,0,0,0,0,0,109.768,0,0,-73.3212
"MtrElec",6,8,19,"",54.2789,0,0,0,0,0,0,0,0,0,0,0,0,0,0,0,0,0,0,0,0,147.408,0,-67.8758,-25.2528
"MtrElec",6,8,20,"",43.246,0,0,0,0,0,0,0,0,0,0,0,0,0,0,0,0,0,0,0,0,115.532,0,-67.8758,-4.41058
"MtrElec",6,8,21,"",72.281,0,0,0,0,0,0,0,0,0,0,0,0,0,0,0,0,0,0,0,0,140.157,0,-67.8758,0
"MtrElec",6,8,22,"",54.5743,0,0,0,0,0,0,0,0,0,0,0,0,0,0,0,0,0,0,0,0,79.5056,0,-24.9313,0
"MtrElec",6,8,23,"",92.5471,0,0,0,0,0,0,0,0,0,0,0,0,0,0,0,0,0,0,0,0,92.5471,0,0,0
"MtrElec",6,8,24,"",65.8123,0,0,0,0,0,0,0,0,0,0,0,0,0,0,0,0,0,0,0,0,65.8123,0,0,0
"MtrElec",6,9,1,"",53.792,0,0,0,0,0,0,0,0,0,0,0,0,0,0,0,0,0,0,0,0,53.792,0,0,0
"MtrElec",6,9,2,"",45.1494,0,0,0,0,0,0,0,0,0,0,0,0,0,0,0,0,0,0,0,0,45.1494,0,0,0
"MtrElec",6,9,3,"",43.817,0,0,0,0,0,0,0,0,0,0,0,0,0,0,0,0,0,0,0,0,43.817,0,0,0
"MtrElec",6,9,4,"",43.7225,0,0,0,0,0,0,0,0,0,0,0,0,0,0,0,0,0,0,0,0,43.7225,0,0,0
"MtrElec",6,9,5,"",43.2151,0,0,0,0,0,0,0,0,0,0,0,0,0,0,0,0,0,0,0,0,43.2151,0,0,0
"MtrElec",6,9,6,"",51.4527,0,0,0,0,0,0,0,0,0,0,0,0,0,0,0,0,0,0,0,0,51.4527,0,0,0
"MtrElec",6,9,7,"",55.8459,0,0,0,0,0,0,0,0,0,0,0,0,0,0,0,0,0,0,0,0,66.536,0,0,-10.6902
"MtrElec",6,9,8,"",74.6301,0,0,0,0,0,0,0,0,0,0,0,0,0,0,0,0,0,0,0,0,99.9982,0,0,-25.3681
"MtrElec",6,9,9,"",29.1562,0,0,0,0,0,0,0,0,0,0,0,0,0,0,0,0,0,0,0,0,88.111,0,0,-58.9548
"MtrElec",6,9,10,"",37.5768,0,0,0,0,0,0,0,0,0,0,0,0,0,0,0,0,0,0,0,0,148.331,0,0,-110.754
"MtrElec",6,9,11,"",0.0000039,0,0,0,0,0,0,0,0,0,0,0,0,0,0,0,0,0,0,0,0,106.157,0,57.7194,-163.876
"MtrElec",6,9,12,"",-19.275,0,0,0,0,0,0,0,0,0,0,0,0,0,0,0,0,0,0,0,0,100.85,0,67.8758,-188.001
"MtrElec",6,9,13,"",-53.0561,0,0,0,0,0,0,0,0,0,0,0,0,0,0,0,0,0,0,0,0,74.0772,0,67.8758,-195.009
"MtrElec",6,9,14,"",-40.1597,0,0,0,0,0,0,0,0,0,0,0,0,0,0,0,0,0,0,0,0,92.18,0,59.7796,-192.119
"MtrElec",6,9,15,"",-71.283,0,0,0,0,0,0,0,0,0,0,0,0,0,0,0,0,0,0,0,0,94.0212,0,0,-165.304
"MtrElec",6,9,16,"",-47.6201,0,0,0,0,0,0,0,0,0,0,0,0,0,0,0,0,0,0,0,0,108.804,0,0,-156.424
"MtrElec",6,9,17,"",-1.04345,0,0,0,0,0,0,0,0,0,0,0,0,0,0,0,0,0,0,0,0,119.741,0,0,-120.784
"MtrElec",6,9,18,"",46.8893,0,0,0,0,0,0,0,0,0,0,0,0,0,0,0,0,0,0,0,0,121.86,0,0,-74.9709
"MtrElec",6,9,19,"",34.3276,0,0,0,0,0,0,0,0,0,0,0,0,0,0,0,0,0,0,0,0,128.359,0,-67.8758,-26.1559
"MtrElec",6,9,20,"",70.1038,0,0,0,0,0,0,0,0,0,0,0,0,0,0,0,0,0,0,0,0,142.573,0,-67.8758,-4.59331
"MtrElec",6,9,21,"",89.4928,0,0,0,0,0,0,0,0,0,0,0,0,0,0,0,0,0,0,0,0,157.369,0,-67.8758,0
"MtrElec",6,9,22,"",57.4347,0,0,0,0,0,0,0,0,0,0,0,0,0,0,0,0,0,0,0,0,82.366,0,-24.9313,0
"MtrElec",6,9,23,"",87.0723,0,0,0,0,0,0,0,0,0,0,0,0,0,0,0,0,0,0,0,0,87.0723,0,0,0
"MtrElec",6,9,24,"",65.7478,0,0,0,0,0,0,0,0,0,0,0,0,0,0,0,0,0,0,0,0,65.7478,0,0,0
"MtrElec",6,10,1,"",53.4853,0,0,0,0,0,0,0,0,0,0,0,0,0,0,0,0,0,0,0,0,53.4853,0,0,0
"MtrElec",6,10,2,"",49.0826,0,0,0,0,0,0,0,0,0,0,0,0,0,0,0,0,0,0,0,0,49.0826,0,0,0
"MtrElec",6,10,3,"",45.318,0,0,0,0,0,0,0,0,0,0,0,0,0,0,0,0,0,0,0,0,45.318,0,0,0
"MtrElec",6,10,4,"",43.5208,0,0,0,0,0,0,0,0,0,0,0,0,0,0,0,0,0,0,0,0,43.5208,0,0,0
"MtrElec",6,10,5,"",43.081,0,0,0,0,0,0,0,0,0,0,0,0,0,0,0,0,0,0,0,0,43.081,0,0,0
"MtrElec",6,10,6,"",52.6534,0,0,0,0,0,0,0,0,0,0,0,0,0,0,0,0,0,0,0,0,52.6534,0,0,0
"MtrElec",6,10,7,"",61.6009,0,0,0,0,0,0,0,0,0,0,0,0,0,0,0,0,0,0,0,0,74.2673,0,0,-12.6664
"MtrElec",6,10,8,"",80.307,0,0,0,0,0,0,0,0,0,0,0,0,0,0,0,0,0,0,0,0,92.9129,0,0,-12.6059
"MtrElec",6,10,9,"",82.9004,0,0,0,0,0,0,0,0,0,0,0,0,0,0,0,0,0,0,0,0,117.067,0,0,-34.167
"MtrElec",6,10,10,"",0,0,0,0,0,0,0,0,0,0,0,0,0,0,0,0,0,0,0,0,0,92.7812,0,28.6266,-121.408
"MtrElec",6,10,11,"",0.0000020,0,0,0,0,0,0,0,0,0,0,0,0,0,0,0,0,0,0,0,0,142.41,0,22.5494,-164.96
"MtrElec",6,10,12,"",-13.2126,0,0,0,0,0,0,0,0,0,0,0,0,0,0,0,0,0,0,0,0,104.077,0,67.8758,-185.165
"MtrElec",6,10,13,"",-2.13188,0,0,0,0,0,0,0,0,0,0,0,0,0,0,0,0,0,0,0,0,122.233,0,67.8758,-192.241
"MtrElec",6,10,14,"",-53.5729,0,0,0,0,0,0,0,0,0,0,0,0,0,0,0,0,0,0,0,0,66.7162,0,66.323,-186.612
"MtrElec",6,10,15,"",-86.1163,0,0,0,0,0,0,0,0,0,0,0,0,0,0,0,0,0,0,0,0,90.2832,0,0,-176.399
"MtrElec",6,10,16,"",-64.0698,0,0,0,0,0,0,0,0,0,0,0,0,0,0,0,0,0,0,0,0,90.0037,0,0,-154.074
"MtrElec",6,10,17,"",18.8943,0,0,0,0,0,0,0,0,0,0,0,0,0,0,0,0,0,0,0,0,138.73,0,0,-119.835
"MtrElec",6,10,18,"",35.5883,0,0,0,0,0,0,0,0,0,0,0,0,0,0,0,0,0,0,0,0,109.611,0,0,-74.0226
"MtrElec",6,10,19,"",25.1344,0,0,0,0,0,0,0,0,0,0,0,0,0,0,0,0,0,0,0,0,119.073,0,-67.8758,-26.0632
"MtrElec",6,10,20,"",68.928,0,0,0,0,0,0,0,0,0,0,0,0,0,0,0,0,0,0,0,0,141.364,0,-67.8758,-4.56051
"MtrElec",6,10,21,"",81.0341,0,0,0,0,0,0,0,0,0,0,0,0,0,0,0,0,0,0,0,0,148.91,0,-67.8758,0
"MtrElec",6,10,22,"",78.3784,0,0,0,0,0,0,0,0,0,0,0,0,0,0,0,0,0,0,0,0,103.31,0,-24.9313,0
"MtrElec",6,10,23,"",130.93,0,0,0,0,0,0,0,0,0,0,0,0,0,0,0,0,0,0,0,0,130.93,0,0,0
"MtrElec",6,10,24,"",85.226,0,0,0,0,0,0,0,0,0,0,0,0,0,0,0,0,0,0,0,0,85.226,0,0,0
"MtrElec",6,11,1,"",56.4856,0,0,0,0,0,0,0,0,0,0,0,0,0,0,0,0,0,0,0,0,56.4856,0,0,0
"MtrElec",6,11,2,"",47.54,0,0,0,0,0,0,0,0,0,0,0,0,0,0,0,0,0,0,0,0,47.54,0,0,0
"MtrElec",6,11,3,"",44.8492,0,0,0,0,0,0,0,0,0,0,0,0,0,0,0,0,0,0,0,0,44.8492,0,0,0
"MtrElec",6,11,4,"",43.5932,0,0,0,0,0,0,0,0,0,0,0,0,0,0,0,0,0,0,0,0,43.5932,0,0,0
"MtrElec",6,11,5,"",43.0544,0,0,0,0,0,0,0,0,0,0,0,0,0,0,0,0,0,0,0,0,43.0544,0,0,0
"MtrElec",6,11,6,"",50.6873,0,0,0,0,0,0,0,0,0,0,0,0,0,0,0,0,0,0,0,0,50.6873,0,0,0
"MtrElec",6,11,7,"",81.2827,0,0,0,0,0,0,0,0,0,0,0,0,0,0,0,0,0,0,0,0,90.6612,0,0,-9.37858
"MtrElec",6,11,8,"",66.1433,0,0,0,0,0,0,0,0,0,0,0,0,0,0,0,0,0,0,0,0,103.333,0,0,-37.1892
"MtrElec",6,11,9,"",2.12908,0,0,0,0,0,0,0,0,0,0,0,0,0,0,0,0,0,0,0,0,84.9875,0,0,-82.8585
"MtrElec",6,11,10,"",6.9443,0,0,0,0,0,0,0,0,0,0,0,0,0,0,0,0,0,0,0,0,132.082,0,0,-125.138
"MtrElec",6,11,11,"",0,0,0,0,0,0,0,0,0,0,0,0,0,0,0,0,0,0,0,0,0,100.916,0,38.9374,-139.853
"MtrElec",6,11,12,"",0,0,0,0,0,0,0,0,0,0,0,0,0,0,0,0,0,0,0,0,0,111.057,0,41.0673,-152.124
"MtrElec",6,11,13,"",0,0,0,0,0,0,0,0,0,0,0,0,0,0,0,0,0,0,0,0,0,104.136,0,46.0347,-150.171
"MtrElec",6,11,14,"",0,0,0,0,0,0,0,0,0,0,0,0,0,0,0,0,0,0,0,0,0,114.734,0,41.2506,-155.985
"MtrElec",6,11,15,"",0,0,0,0,0,0,0,0,0,0,0,0,0,0,0,0,0,0,0,0,0,109.771,0,38.6011,-148.372
"MtrElec",6,11,16,"",0,0,0,0,0,0,0,0,0,0,0,0,0,0,0,0,0,0,0,0,0,122.975,0,3.35494,-126.33
"MtrElec",6,11,17,"",27.6276,0,0,0,0,0,0,0,0,0,0,0,0,0,0,0,0,0,0,0,0,122.938,0,0,-95.3108
"MtrElec",6,11,18,"",80.9564,0,0,0,0,0,0,0,0,0,0,0,0,0,0,0,0,0,0,0,0,148.86,0,0,-67.904
"MtrElec",6,11,19,"",45.064,0,0,0,0,0,0,0,0,0,0,0,0,0,0,0,0,0,0,0,0,137.588,0,-67.8758,-24.6487
"MtrElec",6,11,20,"",93.4703,0,0,0,0,0,0,0,0,0,0,0,0,0,0,0,0,0,0,0,0,165.491,0,-67.8758,-4.14475
"MtrElec",6,11,21,"",133.332,0,0,0,0,0,0,0,0,0,0,0,0,0,0,0,0,0,0,0,0,186.425,0,-53.0929,0
"MtrElec",6,11,22,"",91.2075,0,0,0,0,0,0,0,0,0,0,0,0,0,0,0,0,0,0,0,0,91.2075,0,0,0
"MtrElec",6,11,23,"",128.914,0,0,0,0,0,0,0,0,0,0,0,0,0,0,0,0,0,0,0,0,128.914,0,0,0
"MtrElec",6,11,24,"",95.2799,0,0,0,0,0,0,0,0,0,0,0,0,0,0,0,0,0,0,0,0,95.2799,0,0,0
"MtrElec",6,12,1,"",74.6518,0,0,0,0,0,0,0,0,0,0,0,0,0,0,0,0,0,0,0,0,74.6518,0,0,0
"MtrElec",6,12,2,"",47.9955,0,0,0,0,0,0,0,0,0,0,0,0,0,0,0,0,0,0,0,0,47.9955,0,0,0
"MtrElec",6,12,3,"",44.7151,0,0,0,0,0,0,0,0,0,0,0,0,0,0,0,0,0,0,0,0,44.7151,0,0,0
"MtrElec",6,12,4,"",44.1139,0,0,0,0,0,0,0,0,0,0,0,0,0,0,0,0,0,0,0,0,44.1139,0,0,0
"MtrElec",6,12,5,"",43.6112,0,0,0,0,0,0,0,0,0,0,0,0,0,0,0,0,0,0,0,0,43.6112,0,0,0
"MtrElec",6,12,6,"",69.0088,0,0,0,0,0,0,0,0,0,0,0,0,0,0,0,0,0,0,0,0,69.0088,0,0,0
"MtrElec",6,12,7,"",50.8555,0,0,0,0,0,0,0,0,0,0,0,0,0,0,0,0,0,0,0,0,60.7634,0,0,-9.90785
"MtrElec",6,12,8,"",85.7699,0,0,0,0,0,0,0,0,0,0,0,0,0,0,0,0,0,0,0,0,104.403,0,0,-18.633
"MtrElec",6,12,9,"",41.7939,0,0,0,0,0,0,0,0,0,0,0,0,0,0,0,0,0,0,0,0,108.151,0,0,-66.357
"MtrElec",6,12,10,"",0,0,0,0,0,0,0,0,0,0,0,0,0,0,0,0,0,0,0,0,0,104.619,0,13.6333,-118.253
"MtrElec",6,12,11,"",0,0,0,0,0,0,0,0,0,0,0,0,0,0,0,0,0,0,0,0,0,92.641,0,55.7659,-148.407
"MtrElec",6,12,12,"",0,0,0,0,0,0,0,0,0,0,0,0,0,0,0,0,0,0,0,0,0,101.089,0,57.8438,-158.933
"MtrElec",6,12,13,"",-13.9808,0,0,0,0,0,0,0,0,0,0,0,0,0,0,0,0,0,0,0,0,94.3245,0,67.8758,-176.181
"MtrElec",6,12,14,"",-43.7893,0,0,0,0,0,0,0,0,0,0,0,0,0,0,0,0,0,0,0,0,87.0679,0,58.1317,-188.989
"MtrElec",6,12,15,"",-85.2622,0,0,0,0,0,0,0,0,0,0,0,0,0,0,0,0,0,0,0,0,96.7755,0,0,-182.038
"MtrElec",6,12,16,"",-64.675,0,0,0,0,0,0,0,0,0,0,0,0,0,0,0,0,0,0,0,0,88.1574,0,0,-152.832
"MtrElec",6,12,17,"",-8.55902,0,0,0,0,0,0,0,0,0,0,0,0,0,0,0,0,0,0,0,0,107.64,0,0,-116.199
"MtrElec",6,12,18,"",36.1701,0,0,0,0,0,0,0,0,0,0,0,0,0,0,0,0,0,0,0,0,110.165,0,0,-73.9949
"MtrElec",6,12,19,"",46.3672,0,0,0,0,0,0,0,0,0,0,0,0,0,0,0,0,0,0,0,0,139.781,0,-67.8758,-25.5377
"MtrElec",6,12,20,"",68.5577,0,0,0,0,0,0,0,0,0,0,0,0,0,0,0,0,0,0,0,0,140.717,0,-67.8758,-4.28387
"MtrElec",6,12,21,"",48.0964,0,0,0,0,0,0,0,0,0,0,0,0,0,0,0,0,0,0,0,0,115.972,0,-67.8758,0
"MtrElec",6,12,22,"",54.2054,0,0,0,0,0,0,0,0,0,0,0,0,0,0,0,0,0,0,0,0,79.1367,0,-24.9313,0
"MtrElec",6,12,23,"",104.891,0,0,0,0,0,0,0,0,0,0,0,0,0,0,0,0,0,0,0,0,104.891,0,0,0
"MtrElec",6,12,24,"",67.3686,0,0,0,0,0,0,0,0,0,0,0,0,0,0,0,0,0,0,0,0,67.3686,0,0,0
"MtrElec",6,13,1,"",48.5138,0,0,0,0,0,0,0,0,0,0,0,0,0,0,0,0,0,0,0,0,48.5138,0,0,0
"MtrElec",6,13,2,"",45.8168,0,0,0,0,0,0,0,0,0,0,0,0,0,0,0,0,0,0,0,0,45.8168,0,0,0
"MtrElec",6,13,3,"",46.0199,0,0,0,0,0,0,0,0,0,0,0,0,0,0,0,0,0,0,0,0,46.0199,0,0,0
"MtrElec",6,13,4,"",47.3124,0,0,0,0,0,0,0,0,0,0,0,0,0,0,0,0,0,0,0,0,47.3124,0,0,0
"MtrElec",6,13,5,"",58.6939,0,0,0,0,0,0,0,0,0,0,0,0,0,0,0,0,0,0,0,0,58.6939,0,0,0
"MtrElec",6,13,6,"",45.1641,0,0,0,0,0,0,0,0,0,0,0,0,0,0,0,0,0,0,0,0,45.1641,0,0,0
"MtrElec",6,13,7,"",53.6488,0,0,0,0,0,0,0,0,0,0,0,0,0,0,0,0,0,0,0,0,68.9713,0,0,-15.3225
"MtrElec",6,13,8,"",13.8208,0,0,0,0,0,0,0,0,0,0,0,0,0,0,0,0,0,0,0,0,58.1726,0,0,-44.3517
"MtrElec",6,13,9,"",62.1572,0,0,0,0,0,0,0,0,0,0,0,0,0,0,0,0,0,0,0,0,106.43,0,0,-44.2726
"MtrElec",6,13,10,"",5.92576,0,0,0,0,0,0,0,0,0,0,0,0,0,0,0,0,0,0,0,0,127.864,0,0,-121.939
"MtrElec",6,13,11,"",0.0000020,0,0,0,0,0,0,0,0,0,0,0,0,0,0,0,0,0,0,0,0,138.063,0,28.5454,-166.609
"MtrElec",6,13,12,"",0,0,0,0,0,0,0,0,0,0,0,0,0,0,0,0,0,0,0,0,0,137.31,0,53.0468,-190.357
"MtrElec",6,13,13,"",0.0000039,0,0,0,0,0,0,0,0,0,0,0,0,0,0,0,0,0,0,0,0,145.858,0,54.5325,-200.39
"MtrElec",6,13,14,"",-33.2961,0,0,0,0,0,0,0,0,0,0,0,0,0,0,0,0,0,0,0,0,96.0265,0,67.8758,-197.198
"MtrElec",6,13,15,"",0,0,0,0,0,0,0,0,0,0,0,0,0,0,0,0,0,0,0,0,0,140.916,0,42.3433,-183.259
"MtrElec",6,13,16,"",-3.41683,0,0,0,0,0,0,0,0,0,0,0,0,0,0,0,0,0,0,0,0,148.646,0,6.90677,-158.969
"MtrElec",6,13,17,"",6.4552,0,0,0,0,0,0,0,0,0,0,0,0,0,0,0,0,0,0,0,0,128.939,0,0,-122.483
"MtrElec",6,13,18,"",80.4277,0,0,0,0,0,0,0,0,0,0,0,0,0,0,0,0,0,0,0,0,155.932,0,0,-75.5041
"MtrElec",6,13,19,"",103.347,0,0,0,0,0,0,0,0,0,0,0,0,0,0,0,0,0,0,0,0,197.465,0,-67.8758,-26.2421
"MtrElec",6,13,20,"",88.0558,0,0,0,0,0,0,0,0,0,0,0,0,0,0,0,0,0,0,0,0,160.354,0,-67.8758,-4.42266
"MtrElec",6,13,21,"",64.3194,0,0,0,0,0,0,0,0,0,0,0,0,0,0,0,0,0,0,0,0,132.195,0,-67.8758,0
"MtrElec",6,13,22,"",74.6407,0,0,0,0,0,0,0,0,0,0,0,0,0,0,0,0,0,0,0,0,99.572,0,-24.9313,0
"MtrElec",6,13,23,"",91.142,0,0,0,0,0,0,0,0,0,0,0,0,0,0,0,0,0,0,0,0,91.142,0,0,0
"MtrElec",6,13,24,"",66.9475,0,0,0,0,0,0,0,0,0,0,0,0,0,0,0,0,0,0,0,0,66.9475,0,0,0
"MtrElec",6,14,1,"",49.8415,0,0,0,0,0,0,0,0,0,0,0,0,0,0,0,0,0,0,0,0,49.8415,0,0,0
"MtrElec",6,14,2,"",46.2478,0,0,0,0,0,0,0,0,0,0,0,0,0,0,0,0,0,0,0,0,46.2478,0,0,0
"MtrElec",6,14,3,"",47.5246,0,0,0,0,0,0,0,0,0,0,0,0,0,0,0,0,0,0,0,0,47.5246,0,0,0
"MtrElec",6,14,4,"",48.0907,0,0,0,0,0,0,0,0,0,0,0,0,0,0,0,0,0,0,0,0,48.0907,0,0,0
"MtrElec",6,14,5,"",58.4711,0,0,0,0,0,0,0,0,0,0,0,0,0,0,0,0,0,0,0,0,58.4711,0,0,0
"MtrElec",6,14,6,"",45.0375,0,0,0,0,0,0,0,0,0,0,0,0,0,0,0,0,0,0,0,0,45.0375,0,0,0
"MtrElec",6,14,7,"",36.4062,0,0,0,0,0,0,0,0,0,0,0,0,0,0,0,0,0,0,0,0,49.4832,0,0,-13.0769
"MtrElec",6,14,8,"",61.069,0,0,0,0,0,0,0,0,0,0,0,0,0,0,0,0,0,0,0,0,83.5725,0,0,-22.5036
"MtrElec",6,14,9,"",26.0061,0,0,0,0,0,0,0,0,0,0,0,0,0,0,0,0,0,0,0,0,73.3136,0,0,-47.3075
"MtrElec",6,14,10,"",0,0,0,0,0,0,0,0,0,0,0,0,0,0,0,0,0,0,0,0,0,115.855,0,11.317,-127.172
"MtrElec",6,14,11,"",0.0000002,0,0,0,0,0,0,0,0,0,0,0,0,0,0,0,0,0,0,0,0,166.74,0,2.35644,-169.096
"MtrElec",6,14,12,"",-24.6476,0,0,0,0,0,0,0,0,0,0,0,0,0,0,0,0,0,0,0,0,96.93,0,67.8758,-189.453
"MtrElec",6,14,13,"",-20.7213,0,0,0,0,0,0,0,0,0,0,0,0,0,0,0,0,0,0,0,0,109.057,0,67.8758,-197.654
"MtrElec",6,14,14,"",-56.7548,0,0,0,0,0,0,0,0,0,0,0,0,0,0,0,0,0,0,0,0,71.1278,0,67.8758,-195.758
"MtrElec",6,14,15,"",-46.8716,0,0,0,0,0,0,0,0,0,0,0,0,0,0,0,0,0,0,0,0,99.3158,0,35.9498,-182.137
"MtrElec",6,14,16,"",-73.5133,0,0,0,0,0,0,0,0,0,0,0,0,0,0,0,0,0,0,0,0,83.9973,0,0,-157.511
"MtrElec",6,14,17,"",-10.2352,0,0,0,0,0,0,0,0,0,0,0,0,0,0,0,0,0,0,0,0,112.111,0,0,-122.346
"MtrElec",6,14,18,"",42.7611,0,0,0,0,0,0,0,0,0,0,0,0,0,0,0,0,0,0,0,0,118.807,0,0,-76.0458
"MtrElec",6,14,19,"",62.1501,0,0,0,0,0,0,0,0,0,0,0,0,0,0,0,0,0,0,0,0,157.044,0,-67.8758,-27.0179
"MtrElec",6,14,20,"",48.0577,0,0,0,0,0,0,0,0,0,0,0,0,0,0,0,0,0,0,0,0,120.672,0,-67.8758,-4.73893
"MtrElec",6,14,21,"",40.245,0,0,0,0,0,0,0,0,0,0,0,0,0,0,0,0,0,0,0,0,108.121,0,-67.8758,0
"MtrElec",6,14,22,"",50.8851,0,0,0,0,0,0,0,0,0,0,0,0,0,0,0,0,0,0,0,0,75.8164,0,-24.9313,0
"MtrElec",6,14,23,"",81.6013,0,0,0,0,0,0,0,0,0,0,0,0,0,0,0,0,0,0,0,0,81.6013,0,0,0
"MtrElec",6,14,24,"",73.6227,0,0,0,0,0,0,0,0,0,0,0,0,0,0,0,0,0,0,0,0,73.6227,0,0,0
"MtrElec",6,15,1,"",51.6878,0,0,0,0,0,0,0,0,0,0,0,0,0,0,0,0,0,0,0,0,51.6878,0,0,0
"MtrElec",6,15,2,"",48.7175,0,0,0,0,0,0,0,0,0,0,0,0,0,0,0,0,0,0,0,0,48.7175,0,0,0
"MtrElec",6,15,3,"",45.2293,0,0,0,0,0,0,0,0,0,0,0,0,0,0,0,0,0,0,0,0,45.2293,0,0,0
"MtrElec",6,15,4,"",43.5089,0,0,0,0,0,0,0,0,0,0,0,0,0,0,0,0,0,0,0,0,43.5089,0,0,0
"MtrElec",6,15,5,"",43.068,0,0,0,0,0,0,0,0,0,0,0,0,0,0,0,0,0,0,0,0,43.068,0,0,0
"MtrElec",6,15,6,"",69.9342,0,0,0,0,0,0,0,0,0,0,0,0,0,0,0,0,0,0,0,0,69.9342,0,0,0
"MtrElec",6,15,7,"",42.9552,0,0,0,0,0,0,0,0,0,0,0,0,0,0,0,0,0,0,0,0,58.6134,0,0,-15.6582
"MtrElec",6,15,8,"",50.8186,0,0,0,0,0,0,0,0,0,0,0,0,0,0,0,0,0,0,0,0,94.4289,0,0,-43.6104
"MtrElec",6,15,9,"",95.6657,0,0,0,0,0,0,0,0,0,0,0,0,0,0,0,0,0,0,0,0,121.648,0,0,-25.9825
"MtrElec",6,15,10,"",35.8648,0,0,0,0,0,0,0,0,0,0,0,0,0,0,0,0,0,0,0,0,99.353,0,0,-63.4882
"MtrElec",6,15,11,"",0,0,0,0,0,0,0,0,0,0,0,0,0,0,0,0,0,0,0,0,0,108.083,0,52.6583,-160.742
"MtrElec",6,15,12,"",-40.0583,0,0,0,0,0,0,0,0,0,0,0,0,0,0,0,0,0,0,0,0,83.6599,0,67.8758,-191.594
"MtrElec",6,15,13,"",-17.4902,0,0,0,0,0,0,0,0,0,0,0,0,0,0,0,0,0,0,0,0,114.091,0,67.8758,-199.457
"MtrElec",6,15,14,"",-75.4225,0,0,0,0,0,0,0,0,0,0,0,0,0,0,0,0,0,0,0,0,55.8219,0,64.8407,-196.085
"MtrElec",6,15,15,"",-114.844,0,0,0,0,0,0,0,0,0,0,0,0,0,0,0,0,0,0,0,0,69.8096,0,0,-184.654
"MtrElec",6,15,16,"",-66.3273,0,0,0,0,0,0,0,0,0,0,0,0,0,0,0,0,0,0,0,0,94.4385,0,0,-160.766
"MtrElec",6,15,17,"",-23.8142,0,0,0,0,0,0,0,0,0,0,0,0,0,0,0,0,0,0,0,0,99.8778,0,0,-123.692
"MtrElec",6,15,18,"",24.4898,0,0,0,0,0,0,0,0,0,0,0,0,0,0,0,0,0,0,0,0,101.01,0,0,-76.5204
"MtrElec",6,15,19,"",46.7954,0,0,0,0,0,0,0,0,0,0,0,0,0,0,0,0,0,0,0,0,141.648,0,-67.8758,-26.9773
"MtrElec",6,15,20,"",43.1324,0,0,0,0,0,0,0,0,0,0,0,0,0,0,0,0,0,0,0,0,115.752,0,-67.8758,-4.74355
"MtrElec",6,15,21,"",83.2206,0,0,0,0,0,0,0,0,0,0,0,0,0,0,0,0,0,0,0,0,151.096,0,-67.8758,0
"MtrElec",6,15,22,"",74.0641,0,0,0,0,0,0,0,0,0,0,0,0,0,0,0,0,0,0,0,0,98.9954,0,-24.9313,0
"MtrElec",6,15,23,"",128.487,0,0,0,0,0,0,0,0,0,0,0,0,0,0,0,0,0,0,0,0,128.487,0,0,0
"MtrElec",6,15,24,"",73.1897,0,0,0,0,0,0,0,0,0,0,0,0,0,0,0,0,0,0,0,0,73.1897,0,0,0
"MtrElec",6,16,1,"",63.3856,0,0,0,0,0,0,0,0,0,0,0,0,0,0,0,0,0,0,0,0,63.3856,0,0,0
"MtrElec",6,16,2,"",45.0372,0,0,0,0,0,0,0,0,0,0,0,0,0,0,0,0,0,0,0,0,45.0372,0,0,0
"MtrElec",6,16,3,"",43.5822,0,0,0,0,0,0,0,0,0,0,0,0,0,0,0,0,0,0,0,0,43.5822,0,0,0
"MtrElec",6,16,4,"",43.4625,0,0,0,0,0,0,0,0,0,0,0,0,0,0,0,0,0,0,0,0,43.4625,0,0,0
"MtrElec",6,16,5,"",43.0216,0,0,0,0,0,0,0,0,0,0,0,0,0,0,0,0,0,0,0,0,43.0216,0,0,0
"MtrElec",6,16,6,"",46.1946,0,0,0,0,0,0,0,0,0,0,0,0,0,0,0,0,0,0,0,0,46.1946,0,0,0
"MtrElec",6,16,7,"",53.477,0,0,0,0,0,0,0,0,0,0,0,0,0,0,0,0,0,0,0,0,65.482,0,0,-12.005
"MtrElec",6,16,8,"",77.2607,0,0,0,0,0,0,0,0,0,0,0,0,0,0,0,0,0,0,0,0,101.452,0,0,-24.1917
"MtrElec",6,16,9,"",45.47,0,0,0,0,0,0,0,0,0,0,0,0,0,0,0,0,0,0,0,0,112.143,0,0,-66.6727
"MtrElec",6,16,10,"",0,0,0,0,0,0,0,0,0,0,0,0,0,0,0,0,0,0,0,0,0,106.716,0,26.109,-132.825
"MtrElec",6,16,11,"",0,0,0,0,0,0,0,0,0,0,0,0,0,0,0,0,0,0,0,0,0,116.671,0,50.2562,-166.928
"MtrElec",6,16,12,"",-47.5662,0,0,0,0,0,0,0,0,0,0,0,0,0,0,0,0,0,0,0,0,69.8868,0,67.8758,-185.329
"MtrElec",6,16,13,"",-5.91436,0,0,0,0,0,0,0,0,0,0,0,0,0,0,0,0,0,0,0,0,114.876,0,67.8758,-188.666
"MtrElec",6,16,14,"",-87.1624,0,0,0,0,0,0,0,0,0,0,0,0,0,0,0,0,0,0,0,0,63.5194,0,41.1338,-191.816
"MtrElec",6,16,15,"",-106.094,0,0,0,0,0,0,0,0,0,0,0,0,0,0,0,0,0,0,0,0,76.6742,0,0,-182.769
"MtrElec",6,16,16,"",-73.0963,0,0,0,0,0,0,0,0,0,0,0,0,0,0,0,0,0,0,0,0,85.9518,0,0,-159.048
"MtrElec",6,16,17,"",-12.0188,0,0,0,0,0,0,0,0,0,0,0,0,0,0,0,0,0,0,0,0,110.36,0,0,-122.379
"MtrElec",6,16,18,"",37.9763,0,0,0,0,0,0,0,0,0,0,0,0,0,0,0,0,0,0,0,0,113.319,0,0,-75.3429
"MtrElec",6,16,19,"",37.878,0,0,0,0,0,0,0,0,0,0,0,0,0,0,0,0,0,0,0,0,132.258,0,-67.8758,-26.5045
"MtrElec",6,16,20,"",66.387,0,0,0,0,0,0,0,0,0,0,0,0,0,0,0,0,0,0,0,0,138.67,0,-67.8758,-4.40695
"MtrElec",6,16,21,"",83.9419,0,0,0,0,0,0,0,0,0,0,0,0,0,0,0,0,0,0,0,0,151.818,0,-67.8758,0
"MtrElec",6,16,22,"",77.522,0,0,0,0,0,0,0,0,0,0,0,0,0,0,0,0,0,0,0,0,102.453,0,-24.9313,0
"MtrElec",6,16,23,"",98.9261,0,0,0,0,0,0,0,0,0,0,0,0,0,0,0,0,0,0,0,0,98.9261,0,0,0
"MtrElec",6,16,24,"",67.3321,0,0,0,0,0,0,0,0,0,0,0,0,0,0,0,0,0,0,0,0,67.3321,0,0,0
"MtrElec",6,17,1,"",50.6894,0,0,0,0,0,0,0,0,0,0,0,0,0,0,0,0,0,0,0,0,50.6894,0,0,0
"MtrElec",6,17,2,"",48.8154,0,0,0,0,0,0,0,0,0,0,0,0,0,0,0,0,0,0,0,0,48.8154,0,0,0
"MtrElec",6,17,3,"",45.1986,0,0,0,0,0,0,0,0,0,0,0,0,0,0,0,0,0,0,0,0,45.1986,0,0,0
"MtrElec",6,17,4,"",43.8143,0,0,0,0,0,0,0,0,0,0,0,0,0,0,0,0,0,0,0,0,43.8143,0,0,0
"MtrElec",6,17,5,"",43.1305,0,0,0,0,0,0,0,0,0,0,0,0,0,0,0,0,0,0,0,0,43.1305,0,0,0
"MtrElec",6,17,6,"",46.2522,0,0,0,0,0,0,0,0,0,0,0,0,0,0,0,0,0,0,0,0,46.2522,0,0,0
"MtrElec",6,17,7,"",67.0464,0,0,0,0,0,0,0,0,0,0,0,0,0,0,0,0,0,0,0,0,76.2722,0,0,-9.22582
"MtrElec",6,17,8,"",60.0173,0,0,0,0,0,0,0,0,0,0,0,0,0,0,0,0,0,0,0,0,98.068,0,0,-38.0507
"MtrElec",6,17,9,"",16.892,0,0,0,0,0,0,0,0,0,0,0,0,0,0,0,0,0,0,0,0,104.961,0,0,-88.0692
"MtrElec",6,17,10,"",11.7985,0,0,0,0,0,0,0,0,0,0,0,0,0,0,0,0,0,0,0,0,141.467,0,0,-129.668
"MtrElec",6,17,11,"",0,0,0,0,0,0,0,0,0,0,0,0,0,0,0,0,0,0,0,0,0,108.675,0,55.2707,-163.946
"MtrElec",6,17,12,"",-3.22903,0,0,0,0,0,0,0,0,0,0,0,0,0,0,0,0,0,0,0,0,115.668,0,67.8758,-186.773
"MtrElec",6,17,13,"",0.0000020,0,0,0,0,0,0,0,0,0,0,0,0,0,0,0,0,0,0,0,0,170.068,0,25.1531,-195.221
"MtrElec",6,17,14,"",-43.6943,0,0,0,0,0,0,0,0,0,0,0,0,0,0,0,0,0,0,0,0,83.9642,0,67.8758,-195.534
"MtrElec",6,17,15,"",-45.7666,0,0,0,0,0,0,0,0,0,0,0,0,0,0,0,0,0,0,0,0,100.521,0,37.0752,-183.362
"MtrElec",6,17,16,"",-54.3171,0,0,0,0,0,0,0,0,0,0,0,0,0,0,0,0,0,0,0,0,103.797,0,0,-158.114
"MtrElec",6,17,17,"",-1.89668,0,0,0,0,0,0,0,0,0,0,0,0,0,0,0,0,0,0,0,0,120.29,0,0,-122.187
"MtrElec",6,17,18,"",65.663,0,0,0,0,0,0,0,0,0,0,0,0,0,0,0,0,0,0,0,0,141.141,0,0,-75.4784
"MtrElec",6,17,19,"",50.2717,0,0,0,0,0,0,0,0,0,0,0,0,0,0,0,0,0,0,0,0,144.745,0,-67.8758,-26.5979
"MtrElec",6,17,20,"",67.089,0,0,0,0,0,0,0,0,0,0,0,0,0,0,0,0,0,0,0,0,139.348,0,-67.8758,-4.3836
"MtrElec",6,17,21,"",58.6948,0,0,0,0,0,0,0,0,0,0,0,0,0,0,0,0,0,0,0,0,126.571,0,-67.8758,0
"MtrElec",6,17,22,"",74.0487,0,0,0,0,0,0,0,0,0,0,0,0,0,0,0,0,0,0,0,0,98.98,0,-24.9313,0
"MtrElec",6,17,23,"",95.7887,0,0,0,0,0,0,0,0,0,0,0,0,0,0,0,0,0,0,0,0,95.7887,0,0,0
"MtrElec",6,17,24,"",84.9756,0,0,0,0,0,0,0,0,0,0,0,0,0,0,0,0,0,0,0,0,84.9756,0,0,0
"MtrElec",6,18,1,"",52.0102,0,0,0,0,0,0,0,0,0,0,0,0,0,0,0,0,0,0,0,0,52.0102,0,0,0
"MtrElec",6,18,2,"",47.2735,0,0,0,0,0,0,0,0,0,0,0,0,0,0,0,0,0,0,0,0,47.2735,0,0,0
"MtrElec",6,18,3,"",44.7536,0,0,0,0,0,0,0,0,0,0,0,0,0,0,0,0,0,0,0,0,44.7536,0,0,0
"MtrElec",6,18,4,"",44.1664,0,0,0,0,0,0,0,0,0,0,0,0,0,0,0,0,0,0,0,0,44.1664,0,0,0
"MtrElec",6,18,5,"",43.4464,0,0,0,0,0,0,0,0,0,0,0,0,0,0,0,0,0,0,0,0,43.4464,0,0,0
"MtrElec",6,18,6,"",47.0712,0,0,0,0,0,0,0,0,0,0,0,0,0,0,0,0,0,0,0,0,47.0712,0,0,0
"MtrElec",6,18,7,"",76.516,0,0,0,0,0,0,0,0,0,0,0,0,0,0,0,0,0,0,0,0,84.9834,0,0,-8.46746
"MtrElec",6,18,8,"",56.7449,0,0,0,0,0,0,0,0,0,0,0,0,0,0,0,0,0,0,0,0,94.2481,0,0,-37.5032
"MtrElec",6,18,9,"",28.7886,0,0,0,0,0,0,0,0,0,0,0,0,0,0,0,0,0,0,0,0,117.334,0,0,-88.5457
"MtrElec",6,18,10,"",2.44902,0,0,0,0,0,0,0,0,0,0,0,0,0,0,0,0,0,0,0,0,134.929,0,0,-132.48
"MtrElec",6,18,11,"",0,0,0,0,0,0,0,0,0,0,0,0,0,0,0,0,0,0,0,0,0,112.68,0,53.6063,-166.286
"MtrElec",6,18,12,"",-3.05667,0,0,0,0,0,0,0,0,0,0,0,0,0,0,0,0,0,0,0,0,117.885,0,67.8758,-188.818
"MtrElec",6,18,13,"",-11.5941,0,0,0,0,0,0,0,0,0,0,0,0,0,0,0,0,0,0,0,0,119.532,0,67.8758,-199.002
"MtrElec",6,18,14,"",-40.0783,0,0,0,0,0,0,0,0,0,0,0,0,0,0,0,0,0,0,0,0,93.2105,0,63.8927,-197.181
"MtrElec",6,18,15,"",-101.256,0,0,0,0,0,0,0,0,0,0,0,0,0,0,0,0,0,0,0,0,83.089,0,0,-184.345
"MtrElec",6,18,16,"",-51.2147,0,0,0,0,0,0,0,0,0,0,0,0,0,0,0,0,0,0,0,0,109.474,0,0,-160.688
"MtrElec",6,18,17,"",-14.7589,0,0,0,0,0,0,0,0,0,0,0,0,0,0,0,0,0,0,0,0,107.986,0,0,-122.745
"MtrElec",6,18,18,"",40.9699,0,0,0,0,0,0,0,0,0,0,0,0,0,0,0,0,0,0,0,0,116.196,0,0,-75.2265
"MtrElec",6,18,19,"",62.798,0,0,0,0,0,0,0,0,0,0,0,0,0,0,0,0,0,0,0,0,157.515,0,-67.8758,-26.8408
"MtrElec",6,18,20,"",62.1973,0,0,0,0,0,0,0,0,0,0,0,0,0,0,0,0,0,0,0,0,134.924,0,-67.8758,-4.85084
"MtrElec",6,18,21,"",95.1191,0,0,0,0,0,0,0,0,0,0,0,0,0,0,0,0,0,0,0,0,162.995,0,-67.8758,0
"MtrElec",6,18,22,"",74.5783,0,0,0,0,0,0,0,0,0,0,0,0,0,0,0,0,0,0,0,0,99.5096,0,-24.9313,0
"MtrElec",6,18,23,"",110.574,0,0,0,0,0,0,0,0,0,0,0,0,0,0,0,0,0,0,0,0,110.574,0,0,0
"MtrElec",6,18,24,"",67.1417,0,0,0,0,0,0,0,0,0,0,0,0,0,0,0,0,0,0,0,0,67.1417,0,0,0
"MtrElec",6,19,1,"",49.8131,0,0,0,0,0,0,0,0,0,0,0,0,0,0,0,0,0,0,0,0,49.8131,0,0,0
"MtrElec",6,19,2,"",47.5734,0,0,0,0,0,0,0,0,0,0,0,0,0,0,0,0,0,0,0,0,47.5734,0,0,0
"MtrElec",6,19,3,"",49.3085,0,0,0,0,0,0,0,0,0,0,0,0,0,0,0,0,0,0,0,0,49.3085,0,0,0
"MtrElec",6,19,4,"",55.3074,0,0,0,0,0,0,0,0,0,0,0,0,0,0,0,0,0,0,0,0,55.3074,0,0,0
"MtrElec",6,19,5,"",65.7635,0,0,0,0,0,0,0,0,0,0,0,0,0,0,0,0,0,0,0,0,65.7635,0,0,0
"MtrElec",6,19,6,"",46.2809,0,0,0,0,0,0,0,0,0,0,0,0,0,0,0,0,0,0,0,0,46.2809,0,0,0
"MtrElec",6,19,7,"",51.9439,0,0,0,0,0,0,0,0,0,0,0,0,0,0,0,0,0,0,0,0,61.1848,0,0,-9.24085
"MtrElec",6,19,8,"",60.7644,0,0,0,0,0,0,0,0,0,0,0,0,0,0,0,0,0,0,0,0,98.8145,0,0,-38.0502
"MtrElec",6,19,9,"",0.664742,0,0,0,0,0,0,0,0,0,0,0,0,0,0,0,0,0,0,0,0,90.6558,0,0,-89.991
"MtrElec",6,19,10,"",0.0000001,0,0,0,0,0,0,0,0,0,0,0,0,0,0,0,0,0,0,0,0,132.001,0,1.53328,-133.534
"MtrElec",6,19,11,"",0,0,0,0,0,0,0,0,0,0,0,0,0,0,0,0,0,0,0,0,0,108.652,0,57.9286,-166.58
"MtrElec",6,19,12,"",-12.0925,0,0,0,0,0,0,0,0,0,0,0,0,0,0,0,0,0,0,0,0,110.362,0,67.8758,-190.33
"MtrElec",6,19,13,"",-39.853,0,0,0,0,0,0,0,0,0,0,0,0,0,0,0,0,0,0,0,0,93.7004,0,67.8758,-201.429
"MtrElec",6,19,14,"",-53.6775,0,0,0,0,0,0,0,0,0,0,0,0,0,0,0,0,0,0,0,0,88.7163,0,58.0371,-200.431
"MtrElec",6,19,15,"",-106.84,0,0,0,0,0,0,0,0,0,0,0,0,0,0,0,0,0,0,0,0,80.8138,0,0,-187.653
"MtrElec",6,19,16,"",-42.9486,0,0,0,0,0,0,0,0,0,0,0,0,0,0,0,0,0,0,0,0,119.215,0,0,-162.164
"MtrElec",6,19,17,"",-16.0865,0,0,0,0,0,0,0,0,0,0,0,0,0,0,0,0,0,0,0,0,108.053,0,0,-124.139
"MtrElec",6,19,18,"",40.3352,0,0,0,0,0,0,0,0,0,0,0,0,0,0,0,0,0,0,0,0,117.037,0,0,-76.7016
"MtrElec",6,19,19,"",41.0926,0,0,0,0,0,0,0,0,0,0,0,0,0,0,0,0,0,0,0,0,136.2,0,-67.8758,-27.232
"MtrElec",6,19,20,"",56.6567,0,0,0,0,0,0,0,0,0,0,0,0,0,0,0,0,0,0,0,0,129.4,0,-67.8758,-4.86784
"MtrElec",6,19,21,"",84.6909,0,0,0,0,0,0,0,0,0,0,0,0,0,0,0,0,0,0,0,0,152.567,0,-67.8758,0
"MtrElec",6,19,22,"",84.7649,0,0,0,0,0,0,0,0,0,0,0,0,0,0,0,0,0,0,0,0,109.696,0,-24.9313,0
"MtrElec",6,19,23,"",83.5654,0,0,0,0,0,0,0,0,0,0,0,0,0,0,0,0,0,0,0,0,83.5654,0,0,0
"MtrElec",6,19,24,"",96.3401,0,0,0,0,0,0,0,0,0,0,0,0,0,0,0,0,0,0,0,0,96.3401,0,0,0
"MtrElec",6,20,1,"",51.6083,0,0,0,0,0,0,0,0,0,0,0,0,0,0,0,0,0,0,0,0,51.6083,0,0,0
"MtrElec",6,20,2,"",47.2274,0,0,0,0,0,0,0,0,0,0,0,0,0,0,0,0,0,0,0,0,47.2274,0,0,0
"MtrElec",6,20,3,"",47.9204,0,0,0,0,0,0,0,0,0,0,0,0,0,0,0,0,0,0,0,0,47.9204,0,0,0
"MtrElec",6,20,4,"",48.1033,0,0,0,0,0,0,0,0,0,0,0,0,0,0,0,0,0,0,0,0,48.1033,0,0,0
"MtrElec",6,20,5,"",58.2695,0,0,0,0,0,0,0,0,0,0,0,0,0,0,0,0,0,0,0,0,58.2695,0,0,0
"MtrElec",6,20,6,"",45.0532,0,0,0,0,0,0,0,0,0,0,0,0,0,0,0,0,0,0,0,0,45.0532,0,0,0
"MtrElec",6,20,7,"",59.8435,0,0,0,0,0,0,0,0,0,0,0,0,0,0,0,0,0,0,0,0,68.3325,0,0,-8.48903
"MtrElec",6,20,8,"",18.9864,0,0,0,0,0,0,0,0,0,0,0,0,0,0,0,0,0,0,0,0,56.2669,0,0,-37.2805
"MtrElec",6,20,9,"",1.68747,0,0,0,0,0,0,0,0,0,0,0,0,0,0,0,0,0,0,0,0,89.05,0,0,-87.3626
"MtrElec",6,20,10,"",0.0000020,0,0,0,0,0,0,0,0,0,0,0,0,0,0,0,0,0,0,0,0,100.021,0,30.0447,-130.066
"MtrElec",6,20,11,"",0,0,0,0,0,0,0,0,0,0,0,0,0,0,0,0,0,0,0,0,0,124.085,0,39.606,-163.691
"MtrElec",6,20,12,"",0.0000039,0,0,0,0,0,0,0,0,0,0,0,0,0,0,0,0,0,0,0,0,126.587,0,57.7094,-184.297
"MtrElec",6,20,13,"",0.0000039,0,0,0,0,0,0,0,0,0,0,0,0,0,0,0,0,0,0,0,0,133.448,0,61.8384,-195.286
"MtrElec",6,20,14,"",-41.8694,0,0,0,0,0,0,0,0,0,0,0,0,0,0,0,0,0,0,0,0,92.1264,0,64.052,-198.048
"MtrElec",6,20,15,"",-49.8382,0,0,0,0,0,0,0,0,0,0,0,0,0,0,0,0,0,0,0,0,135.238,0,0,-185.077
"MtrElec",6,20,16,"",-52.5155,0,0,0,0,0,0,0,0,0,0,0,0,0,0,0,0,0,0,0,0,107.841,0,0,-160.357
"MtrElec",6,20,17,"",-0.547727,0,0,0,0,0,0,0,0,0,0,0,0,0,0,0,0,0,0,0,0,123.183,0,0,-123.731
"MtrElec",6,20,18,"",58.6542,0,0,0,0,0,0,0,0,0,0,0,0,0,0,0,0,0,0,0,0,135.311,0,0,-76.657
"MtrElec",6,20,19,"",93.6762,0,0,0,0,0,0,0,0,0,0,0,0,0,0,0,0,0,0,0,0,188.909,0,-67.8758,-27.3571
"MtrElec",6,20,20,"",79.4621,0,0,0,0,0,0,0,0,0,0,0,0,0,0,0,0,0,0,0,0,151.918,0,-67.8758,-4.58045
"MtrElec",6,20,21,"",73.5544,0,0,0,0,0,0,0,0,0,0,0,0,0,0,0,0,0,0,0,0,141.43,0,-67.8758,0
"MtrElec",6,20,22,"",96.6784,0,0,0,0,0,0,0,0,0,0,0,0,0,0,0,0,0,0,0,0,121.61,0,-24.9313,0
"MtrElec",6,20,23,"",113.152,0,0,0,0,0,0,0,0,0,0,0,0,0,0,0,0,0,0,0,0,113.152,0,0,0
"MtrElec",6,20,24,"",96.7557,0,0,0,0,0,0,0,0,0,0,0,0,0,0,0,0,0,0,0,0,96.7557,0,0,0
"MtrElec",6,21,1,"",67.889,0,0,0,0,0,0,0,0,0,0,0,0,0,0,0,0,0,0,0,0,67.889,0,0,0
"MtrElec",6,21,2,"",47.716,0,0,0,0,0,0,0,0,0,0,0,0,0,0,0,0,0,0,0,0,47.716,0,0,0
"MtrElec",6,21,3,"",48.262,0,0,0,0,0,0,0,0,0,0,0,0,0,0,0,0,0,0,0,0,48.262,0,0,0
"MtrElec",6,21,4,"",47.4301,0,0,0,0,0,0,0,0,0,0,0,0,0,0,0,0,0,0,0,0,47.4301,0,0,0
"MtrElec",6,21,5,"",50.8811,0,0,0,0,0,0,0,0,0,0,0,0,0,0,0,0,0,0,0,0,50.8811,0,0,0
"MtrElec",6,21,6,"",45.0819,0,0,0,0,0,0,0,0,0,0,0,0,0,0,0,0,0,0,0,0,45.0819,0,0,0
"MtrElec",6,21,7,"",42.6673,0,0,0,0,0,0,0,0,0,0,0,0,0,0,0,0,0,0,0,0,50.427,0,0,-7.75968
"MtrElec",6,21,8,"",58.5352,0,0,0,0,0,0,0,0,0,0,0,0,0,0,0,0,0,0,0,0,92.9938,0,0,-34.4585
"MtrElec",6,21,9,"",10.8483,0,0,0,0,0,0,0,0,0,0,0,0,0,0,0,0,0,0,0,0,95.948,0,0,-85.0997
"MtrElec",6,21,10,"",0,0,0,0,0,0,0,0,0,0,0,0,0,0,0,0,0,0,0,0,0,119.152,0,10.6829,-129.834
"MtrElec",6,21,11,"",0.0000020,0,0,0,0,0,0,0,0,0,0,0,0,0,0,0,0,0,0,0,0,134.044,0,29.2984,-163.343
"MtrElec",6,21,12,"",0,0,0,0,0,0,0,0,0,0,0,0,0,0,0,0,0,0,0,0,0,137.561,0,49.2165,-186.777
"MtrElec",6,21,13,"",-31.7623,0,0,0,0,0,0,0,0,0,0,0,0,0,0,0,0,0,0,0,0,95.253,0,67.8758,-194.891
"MtrElec",6,21,14,"",-8.9102,0,0,0,0,0,0,0,0,0,0,0,0,0,0,0,0,0,0,0,0,117.278,0,67.8758,-194.064
"MtrElec",6,21,15,"",-28.7114,0,0,0,0,0,0,0,0,0,0,0,0,0,0,0,0,0,0,0,0,125.756,0,28.3012,-182.769
"MtrElec",6,21,16,"",-32.7076,0,0,0,0,0,0,0,0,0,0,0,0,0,0,0,0,0,0,0,0,125.052,0,0,-157.759
"MtrElec",6,21,17,"",-7.2604,0,0,0,0,0,0,0,0,0,0,0,0,0,0,0,0,0,0,0,0,114.053,0,0,-121.314
"MtrElec",6,21,18,"",69.7987,0,0,0,0,0,0,0,0,0,0,0,0,0,0,0,0,0,0,0,0,145.533,0,0,-75.7339
"MtrElec",6,21,19,"",35.5629,0,0,0,0,0,0,0,0,0,0,0,0,0,0,0,0,0,0,0,0,129.892,0,-67.8758,-26.4536
"MtrElec",6,21,20,"",74.2156,0,0,0,0,0,0,0,0,0,0,0,0,0,0,0,0,0,0,0,0,146.952,0,-67.8758,-4.86059
"MtrElec",6,21,21,"",25.464,0,0,0,0,0,0,0,0,0,0,0,0,0,0,0,0,0,0,0,0,93.3398,0,-67.8758,0
"MtrElec",6,21,22,"",63.654,0,0,0,0,0,0,0,0,0,0,0,0,0,0,0,0,0,0,0,0,88.5853,0,-24.9313,0
"MtrElec",6,21,23,"",96.0296,0,0,0,0,0,0,0,0,0,0,0,0,0,0,0,0,0,0,0,0,96.0296,0,0,0
"MtrElec",6,21,24,"",86.5404,0,0,0,0,0,0,0,0,0,0,0,0,0,0,0,0,0,0,0,0,86.5404,0,0,0
"MtrElec",6,22,1,"",63.1747,0,0,0,0,0,0,0,0,0,0,0,0,0,0,0,0,0,0,0,0,63.1747,0,0,0
"MtrElec",6,22,2,"",47.0848,0,0,0,0,0,0,0,0,0,0,0,0,0,0,0,0,0,0,0,0,47.0848,0,0,0
"MtrElec",6,22,3,"",44.5765,0,0,0,0,0,0,0,0,0,0,0,0,0,0,0,0,0,0,0,0,44.5765,0,0,0
"MtrElec",6,22,4,"",44.0661,0,0,0,0,0,0,0,0,0,0,0,0,0,0,0,0,0,0,0,0,44.0661,0,0,0
"MtrElec",6,22,5,"",43.3499,0,0,0,0,0,0,0,0,0,0,0,0,0,0,0,0,0,0,0,0,43.3499,0,0,0
"MtrElec",6,22,6,"",65.2074,0,0,0,0,0,0,0,0,0,0,0,0,0,0,0,0,0,0,0,0,65.2074,0,0,0
"MtrElec",6,22,7,"",46.1782,0,0,0,0,0,0,0,0,0,0,0,0,0,0,0,0,0,0,0,0,55.146,0,0,-8.96774
"MtrElec",6,22,8,"",66.1699,0,0,0,0,0,0,0,0,0,0,0,0,0,0,0,0,0,0,0,0,102.677,0,0,-36.5068
"MtrElec",6,22,9,"",0.0000010,0,0,0,0,0,0,0,0,0,0,0,0,0,0,0,0,0,0,0,0,72.609,0,13.6572,-86.2662
"MtrElec",6,22,10,"",0,0,0,0,0,0,0,0,0,0,0,0,0,0,0,0,0,0,0,0,0,124.546,0,4.75679,-129.303
"MtrElec",6,22,11,"",0,0,0,0,0,0,0,0,0,0,0,0,0,0,0,0,0,0,0,0,0,127.855,0,34.7124,-162.567
"MtrElec",6,22,12,"",-19.7107,0,0,0,0,0,0,0,0,0,0,0,0,0,0,0,0,0,0,0,0,99.8651,0,67.8758,-187.452
"MtrElec",6,22,13,"",-47.6852,0,0,0,0,0,0,0,0,0,0,0,0,0,0,0,0,0,0,0,0,81.3215,0,67.8758,-196.883
"MtrElec",6,22,14,"",-33.6899,0,0,0,0,0,0,0,0,0,0,0,0,0,0,0,0,0,0,0,0,97.695,0,64.3726,-195.758
"MtrElec",6,22,15,"",-99.6711,0,0,0,0,0,0,0,0,0,0,0,0,0,0,0,0,0,0,0,0,83.1706,0,0,-182.842
"MtrElec",6,22,16,"",-62.4854,0,0,0,0,0,0,0,0,0,0,0,0,0,0,0,0,0,0,0,0,94.4757,0,0,-156.961
"MtrElec",6,22,17,"",4.57191,0,0,0,0,0,0,0,0,0,0,0,0,0,0,0,0,0,0,0,0,125.539,0,0,-120.968
"MtrElec",6,22,18,"",45.398,0,0,0,0,0,0,0,0,0,0,0,0,0,0,0,0,0,0,0,0,120.733,0,0,-75.3351
"MtrElec",6,22,19,"",34.4081,0,0,0,0,0,0,0,0,0,0,0,0,0,0,0,0,0,0,0,0,129.37,0,-67.8758,-27.0858
"MtrElec",6,22,20,"",64.5725,0,0,0,0,0,0,0,0,0,0,0,0,0,0,0,0,0,0,0,0,137.023,0,-67.8758,-4.5751
"MtrElec",6,22,21,"",48.4383,0,0,0,0,0,0,0,0,0,0,0,0,0,0,0,0,0,0,0,0,116.314,0,-67.8758,0
"MtrElec",6,22,22,"",89.2652,0,0,0,0,0,0,0,0,0,0,0,0,0,0,0,0,0,0,0,0,114.196,0,-24.9313,0
"MtrElec",6,22,23,"",113.975,0,0,0,0,0,0,0,0,0,0,0,0,0,0,0,0,0,0,0,0,113.975,0,0,0
"MtrElec",6,22,24,"",79.8662,0,0,0,0,0,0,0,0,0,0,0,0,0,0,0,0,0,0,0,0,79.8662,0,0,0
"MtrElec",6,23,1,"",51.1876,0,0,0,0,0,0,0,0,0,0,0,0,0,0,0,0,0,0,0,0,51.1876,0,0,0
"MtrElec",6,23,2,"",48.5797,0,0,0,0,0,0,0,0,0,0,0,0,0,0,0,0,0,0,0,0,48.5797,0,0,0
"MtrElec",6,23,3,"",45.103,0,0,0,0,0,0,0,0,0,0,0,0,0,0,0,0,0,0,0,0,45.103,0,0,0
"MtrElec",6,23,4,"",43.9593,0,0,0,0,0,0,0,0,0,0,0,0,0,0,0,0,0,0,0,0,43.9593,0,0,0
"MtrElec",6,23,5,"",43.4584,0,0,0,0,0,0,0,0,0,0,0,0,0,0,0,0,0,0,0,0,43.4584,0,0,0
"MtrElec",6,23,6,"",52.2392,0,0,0,0,0,0,0,0,0,0,0,0,0,0,0,0,0,0,0,0,52.2392,0,0,0
"MtrElec",6,23,7,"",72.4327,0,0,0,0,0,0,0,0,0,0,0,0,0,0,0,0,0,0,0,0,87.1761,0,0,-14.7434
"MtrElec",6,23,8,"",48.4258,0,0,0,0,0,0,0,0,0,0,0,0,0,0,0,0,0,0,0,0,90.349,0,0,-41.9232
"MtrElec",6,23,9,"",104.682,0,0,0,0,0,0,0,0,0,0,0,0,0,0,0,0,0,0,0,0,133.729,0,0,-29.0476
"MtrElec",6,23,10,"",45.1775,0,0,0,0,0,0,0,0,0,0,0,0,0,0,0,0,0,0,0,0,105.497,0,0,-60.3197
"MtrElec",6,23,11,"",0,0,0,0,0,0,0,0,0,0,0,0,0,0,0,0,0,0,0,0,0,95.3922,0,55.6949,-151.087
"MtrElec",6,23,12,"",-22.4421,0,0,0,0,0,0,0,0,0,0,0,0,0,0,0,0,0,0,0,0,90.6046,0,67.8758,-180.923
"MtrElec",6,23,13,"",0,0,0,0,0,0,0,0,0,0,0,0,0,0,0,0,0,0,0,0,0,105.79,0,66.3613,-172.151
"MtrElec",6,23,14,"",-11.5045,0,0,0,0,0,0,0,0,0,0,0,0,0,0,0,0,0,0,0,0,103.611,0,63.3186,-178.434
"MtrElec",6,23,15,"",-88.5446,0,0,0,0,0,0,0,0,0,0,0,0,0,0,0,0,0,0,0,0,91.9698,0,0,-180.514
"MtrElec",6,23,16,"",-55.5686,0,0,0,0,0,0,0,0,0,0,0,0,0,0,0,0,0,0,0,0,83.7424,0,0,-139.311
"MtrElec",6,23,17,"",19.5191,0,0,0,0,0,0,0,0,0,0,0,0,0,0,0,0,0,0,0,0,116.587,0,0,-97.0679
"MtrElec",6,23,18,"",51.0294,0,0,0,0,0,0,0,0,0,0,0,0,0,0,0,0,0,0,0,0,112.619,0,0,-61.5896
"MtrElec",6,23,19,"",54.4611,0,0,0,0,0,0,0,0,0,0,0,0,0,0,0,0,0,0,0,0,146.48,0,-67.8758,-24.1432
"MtrElec",6,23,20,"",52.7384,0,0,0,0,0,0,0,0,0,0,0,0,0,0,0,0,0,0,0,0,125.424,0,-67.8758,-4.80999
"MtrElec",6,23,21,"",57.6558,0,0,0,0,0,0,0,0,0,0,0,0,0,0,0,0,0,0,0,0,125.532,0,-67.8758,0
"MtrElec",6,23,22,"",54.9582,0,0,0,0,0,0,0,0,0,0,0,0,0,0,0,0,0,0,0,0,79.8895,0,-24.9313,0
"MtrElec",6,23,23,"",87.2679,0,0,0,0,0,0,0,0,0,0,0,0,0,0,0,0,0,0,0,0,87.2679,0,0,0
"MtrElec",6,23,24,"",66.8025,0,0,0,0,0,0,0,0,0,0,0,0,0,0,0,0,0,0,0,0,66.8025,0,0,0
"MtrElec",6,24,1,"",48.1852,0,0,0,0,0,0,0,0,0,0,0,0,0,0,0,0,0,0,0,0,48.1852,0,0,0
"MtrElec",6,24,2,"",45.5756,0,0,0,0,0,0,0,0,0,0,0,0,0,0,0,0,0,0,0,0,45.5756,0,0,0
"MtrElec",6,24,3,"",48.5452,0,0,0,0,0,0,0,0,0,0,0,0,0,0,0,0,0,0,0,0,48.5452,0,0,0
"MtrElec",6,24,4,"",55.7066,0,0,0,0,0,0,0,0,0,0,0,0,0,0,0,0,0,0,0,0,55.7066,0,0,0
"MtrElec",6,24,5,"",56.2791,0,0,0,0,0,0,0,0,0,0,0,0,0,0,0,0,0,0,0,0,56.2791,0,0,0
"MtrElec",6,24,6,"",57.2728,0,0,0,0,0,0,0,0,0,0,0,0,0,0,0,0,0,0,0,0,57.2728,0,0,0
"MtrElec",6,24,7,"",59.2707,0,0,0,0,0,0,0,0,0,0,0,0,0,0,0,0,0,0,0,0,60.4341,0,0,-1.16346
"MtrElec",6,24,8,"",78.3814,0,0,0,0,0,0,0,0,0,0,0,0,0,0,0,0,0,0,0,0,88.4816,0,0,-10.1001
"MtrElec",6,24,9,"",44.8512,0,0,0,0,0,0,0,0,0,0,0,0,0,0,0,0,0,0,0,0,77.0311,0,0,-32.1799
"MtrElec",6,24,10,"",40.0295,0,0,0,0,0,0,0,0,0,0,0,0,0,0,0,0,0,0,0,0,92.4966,0,0,-52.4671
"MtrElec",6,24,11,"",51.1714,0,0,0,0,0,0,0,0,0,0,0,0,0,0,0,0,0,0,0,0,121.805,0,0,-70.6335
"MtrElec",6,24,12,"",0,0,0,0,0,0,0,0,0,0,0,0,0,0,0,0,0,0,0,0,0,73.6473,0,39.7512,-113.399
"MtrElec",6,24,13,"",-4.45326,0,0,0,0,0,0,0,0,0,0,0,0,0,0,0,0,0,0,0,0,68.2588,0,67.8758,-140.588
"MtrElec",6,24,14,"",0,0,0,0,0,0,0,0,0,0,0,0,0,0,0,0,0,0,0,0,0,81.4966,0,61.1385,-142.635
"MtrElec",6,24,15,"",-18.7128,0,0,0,0,0,0,0,0,0,0,0,0,0,0,0,0,0,0,0,0,70.6265,0,67.8758,-157.215
"MtrElec",6,24,16,"",-26.4742,0,0,0,0,0,0,0,0,0,0,0,0,0,0,0,0,0,0,0,0,106.237,0,16.6093,-149.321
"MtrElec",6,24,17,"",-20.284,0,0,0,0,0,0,0,0,0,0,0,0,0,0,0,0,0,0,0,0,97.3559,0,0,-117.64
"MtrElec",6,24,18,"",57.5891,0,0,0,0,0,0,0,0,0,0,0,0,0,0,0,0,0,0,0,0,130.732,0,0,-73.1433
"MtrElec",6,24,19,"",37.5199,0,0,0,0,0,0,0,0,0,0,0,0,0,0,0,0,0,0,0,0,131.684,0,-67.8758,-26.2884
"MtrElec",6,24,20,"",54.8701,0,0,0,0,0,0,0,0,0,0,0,0,0,0,0,0,0,0,0,0,127.324,0,-67.8758,-4.57777
"MtrElec",6,24,21,"",47.0748,0,0,0,0,0,0,0,0,0,0,0,0,0,0,0,0,0,0,0,0,114.951,0,-67.8758,0
"MtrElec",6,24,22,"",91.9557,0,0,0,0,0,0,0,0,0,0,0,0,0,0,0,0,0,0,0,0,116.887,0,-24.9313,0
"MtrElec",6,24,23,"",68.8423,0,0,0,0,0,0,0,0,0,0,0,0,0,0,0,0,0,0,0,0,68.8423,0,0,0
"MtrElec",6,24,24,"",86.177,0,0,0,0,0,0,0,0,0,0,0,0,0,0,0,0,0,0,0,0,86.177,0,0,0
"MtrElec",6,25,1,"",58.0852,0,0,0,0,0,0,0,0,0,0,0,0,0,0,0,0,0,0,0,0,58.0852,0,0,0
"MtrElec",6,25,2,"",48.0402,0,0,0,0,0,0,0,0,0,0,0,0,0,0,0,0,0,0,0,0,48.0402,0,0,0
"MtrElec",6,25,3,"",51.5318,0,0,0,0,0,0,0,0,0,0,0,0,0,0,0,0,0,0,0,0,51.5318,0,0,0
"MtrElec",6,25,4,"",51.7332,0,0,0,0,0,0,0,0,0,0,0,0,0,0,0,0,0,0,0,0,51.7332,0,0,0
"MtrElec",6,25,5,"",51.8505,0,0,0,0,0,0,0,0,0,0,0,0,0,0,0,0,0,0,0,0,51.8505,0,0,0
"MtrElec",6,25,6,"",66.7411,0,0,0,0,0,0,0,0,0,0,0,0,0,0,0,0,0,0,0,0,66.7411,0,0,0
"MtrElec",6,25,7,"",61.1638,0,0,0,0,0,0,0,0,0,0,0,0,0,0,0,0,0,0,0,0,67.3952,0,0,-6.23141
"MtrElec",6,25,8,"",70.152,0,0,0,0,0,0,0,0,0,0,0,0,0,0,0,0,0,0,0,0,104.035,0,0,-33.8835
"MtrElec",6,25,9,"",26.0758,0,0,0,0,0,0,0,0,0,0,0,0,0,0,0,0,0,0,0,0,108.045,0,0,-81.9697
"MtrElec",6,25,10,"",0,0,0,0,0,0,0,0,0,0,0,0,0,0,0,0,0,0,0,0,0,79.727,0,43.8939,-123.621
"MtrElec",6,25,11,"",0.0000039,0,0,0,0,0,0,0,0,0,0,0,0,0,0,0,0,0,0,0,0,93.3892,0,61.5333,-154.923
"MtrElec",6,25,12,"",-4.90592,0,0,0,0,0,0,0,0,0,0,0,0,0,0,0,0,0,0,0,0,102.422,0,67.8758,-175.204
"MtrElec",6,25,13,"",-46.3787,0,0,0,0,0,0,0,0,0,0,0,0,0,0,0,0,0,0,0,0,74.2209,0,67.8758,-188.475
"MtrElec",6,25,14,"",-73.7107,0,0,0,0,0,0,0,0,0,0,0,0,0,0,0,0,0,0,0,0,102.884,0,12.0718,-188.666
"MtrElec",6,25,15,"",-103.643,0,0,0,0,0,0,0,0,0,0,0,0,0,0,0,0,0,0,0,0,74.3219,0,0,-177.965
"MtrElec",6,25,16,"",-39.6137,0,0,0,0,0,0,0,0,0,0,0,0,0,0,0,0,0,0,0,0,114.674,0,0,-154.288
"MtrElec",6,25,17,"",-13.1727,0,0,0,0,0,0,0,0,0,0,0,0,0,0,0,0,0,0,0,0,104.684,0,0,-117.857
"MtrElec",6,25,18,"",63.5688,0,0,0,0,0,0,0,0,0,0,0,0,0,0,0,0,0,0,0,0,136.626,0,0,-73.0567
"MtrElec",6,25,19,"",56.2792,0,0,0,0,0,0,0,0,0,0,0,0,0,0,0,0,0,0,0,0,150.217,0,-67.8758,-26.0625
"MtrElec",6,25,20,"",79.6796,0,0,0,0,0,0,0,0,0,0,0,0,0,0,0,0,0,0,0,0,151.761,0,-67.8758,-4.20569
"MtrElec",6,25,21,"",62.4083,0,0,0,0,0,0,0,0,0,0,0,0,0,0,0,0,0,0,0,0,130.284,0,-67.8758,0
"MtrElec",6,25,22,"",96.9643,0,0,0,0,0,0,0,0,0,0,0,0,0,0,0,0,0,0,0,0,121.896,0,-24.9313,0
"MtrElec",6,25,23,"",105.221,0,0,0,0,0,0,0,0,0,0,0,0,0,0,0,0,0,0,0,0,105.221,0,0,0
"MtrElec",6,25,24,"",87.1682,0,0,0,0,0,0,0,0,0,0,0,0,0,0,0,0,0,0,0,0,87.1682,0,0,0
"MtrElec",6,26,1,"",54.6209,0,0,0,0,0,0,0,0,0,0,0,0,0,0,0,0,0,0,0,0,54.6209,0,0,0
"MtrElec",6,26,2,"",69.2487,0,0,0,0,0,0,0,0,0,0,0,0,0,0,0,0,0,0,0,0,69.2487,0,0,0
"MtrElec",6,26,3,"",48.7557,0,0,0,0,0,0,0,0,0,0,0,0,0,0,0,0,0,0,0,0,48.7557,0,0,0
"MtrElec",6,26,4,"",53.0782,0,0,0,0,0,0,0,0,0,0,0,0,0,0,0,0,0,0,0,0,53.0782,0,0,0
"MtrElec",6,26,5,"",44.3152,0,0,0,0,0,0,0,0,0,0,0,0,0,0,0,0,0,0,0,0,44.3152,0,0,0
"MtrElec",6,26,6,"",46.4501,0,0,0,0,0,0,0,0,0,0,0,0,0,0,0,0,0,0,0,0,46.4501,0,0,0
"MtrElec",6,26,7,"",80.7445,0,0,0,0,0,0,0,0,0,0,0,0,0,0,0,0,0,0,0,0,88.0994,0,0,-7.35487
"MtrElec",6,26,8,"",55.9845,0,0,0,0,0,0,0,0,0,0,0,0,0,0,0,0,0,0,0,0,89.3097,0,0,-33.3252
"MtrElec",6,26,9,"",39.5462,0,0,0,0,0,0,0,0,0,0,0,0,0,0,0,0,0,0,0,0,120.037,0,0,-80.4912
"MtrElec",6,26,10,"",11.8125,0,0,0,0,0,0,0,0,0,0,0,0,0,0,0,0,0,0,0,0,133.307,0,0,-121.494
"MtrElec",6,26,11,"",0.0000020,0,0,0,0,0,0,0,0,0,0,0,0,0,0,0,0,0,0,0,0,123.847,0,27.8868,-151.734
"MtrElec",6,26,12,"",0,0,0,0,0,0,0,0,0,0,0,0,0,0,0,0,0,0,0,0,0,127.089,0,46.8056,-173.895
"MtrElec",6,26,13,"",-7.68226,0,0,0,0,0,0,0,0,0,0,0,0,0,0,0,0,0,0,0,0,111.104,0,67.8758,-186.662
"MtrElec",6,26,14,"",-11.8478,0,0,0,0,0,0,0,0,0,0,0,0,0,0,0,0,0,0,0,0,107.232,0,67.8758,-186.956
"MtrElec",6,26,15,"",-16.1255,0,0,0,0,0,0,0,0,0,0,0,0,0,0,0,0,0,0,0,0,116.712,0,42.8066,-175.644
"MtrElec",6,26,16,"",-12.5879,0,0,0,0,0,0,0,0,0,0,0,0,0,0,0,0,0,0,0,0,138.518,0,0,-151.105
"MtrElec",6,26,17,"",26.8405,0,0,0,0,0,0,0,0,0,0,0,0,0,0,0,0,0,0,0,0,142.524,0,0,-115.683
"MtrElec",6,26,18,"",93.8728,0,0,0,0,0,0,0,0,0,0,0,0,0,0,0,0,0,0,0,0,165.731,0,0,-71.8585
"MtrElec",6,26,19,"",64.4916,0,0,0,0,0,0,0,0,0,0,0,0,0,0,0,0,0,0,0,0,158.487,0,-67.8758,-26.12
"MtrElec",6,26,20,"",81.125,0,0,0,0,0,0,0,0,0,0,0,0,0,0,0,0,0,0,0,0,152.918,0,-67.8758,-3.91732
"MtrElec",6,26,21,"",75.5464,0,0,0,0,0,0,0,0,0,0,0,0,0,0,0,0,0,0,0,0,143.422,0,-67.8758,0
"MtrElec",6,26,22,"",88.1153,0,0,0,0,0,0,0,0,0,0,0,0,0,0,0,0,0,0,0,0,113.047,0,-24.9313,0
"MtrElec",6,26,23,"",144.266,0,0,0,0,0,0,0,0,0,0,0,0,0,0,0,0,0,0,0,0,144.266,0,0,0
"MtrElec",6,26,24,"",103.721,0,0,0,0,0,0,0,0,0,0,0,0,0,0,0,0,0,0,0,0,103.721,0,0,0
"MtrElec",6,27,1,"",67.5924,0,0,0,0,0,0,0,0,0,0,0,0,0,0,0,0,0,0,0,0,67.5924,0,0,0
"MtrElec",6,27,2,"",55.9069,0,0,0,0,0,0,0,0,0,0,0,0,0,0,0,0,0,0,0,0,55.9069,0,0,0
"MtrElec",6,27,3,"",52.1375,0,0,0,0,0,0,0,0,0,0,0,0,0,0,0,0,0,0,0,0,52.1375,0,0,0
"MtrElec",6,27,4,"",50.3168,0,0,0,0,0,0,0,0,0,0,0,0,0,0,0,0,0,0,0,0,50.3168,0,0,0
"MtrElec",6,27,5,"",48.3944,0,0,0,0,0,0,0,0,0,0,0,0,0,0,0,0,0,0,0,0,48.3944,0,0,0
"MtrElec",6,27,6,"",50.7815,0,0,0,0,0,0,0,0,0,0,0,0,0,0,0,0,0,0,0,0,50.7815,0,0,0
"MtrElec",6,27,7,"",56.8554,0,0,0,0,0,0,0,0,0,0,0,0,0,0,0,0,0,0,0,0,63.9244,0,0,-7.069
"MtrElec",6,27,8,"",64.8312,0,0,0,0,0,0,0,0,0,0,0,0,0,0,0,0,0,0,0,0,98.4808,0,0,-33.6496
"MtrElec",6,27,9,"",11.1498,0,0,0,0,0,0,0,0,0,0,0,0,0,0,0,0,0,0,0,0,91.9582,0,0,-80.8084
"MtrElec",6,27,10,"",0,0,0,0,0,0,0,0,0,0,0,0,0,0,0,0,0,0,0,0,0,114.532,0,7.29339,-121.826
"MtrElec",6,27,11,"",3.70094,0,0,0,0,0,0,0,0,0,0,0,0,0,0,0,0,0,0,0,0,159.1,0,0,-155.399
"MtrElec",6,27,12,"",0,0,0,0,0,0,0,0,0,0,0,0,0,0,0,0,0,0,0,0,0,159.936,0,19.2061,-179.142
"MtrElec",6,27,13,"",0,0,0,0,0,0,0,0,0,0,0,0,0,0,0,0,0,0,0,0,0,166.864,0,22.4274,-189.292
"MtrElec",6,27,14,"",0.0000039,0,0,0,0,0,0,0,0,0,0,0,0,0,0,0,0,0,0,0,0,136.893,0,51.8427,-188.736
"MtrElec",6,27,15,"",0,0,0,0,0,0,0,0,0,0,0,0,0,0,0,0,0,0,0,0,0,159.667,0,16.6319,-176.299
"MtrElec",6,27,16,"",3.80784,0,0,0,0,0,0,0,0,0,0,0,0,0,0,0,0,0,0,0,0,155.912,0,0,-152.104
"MtrElec",6,27,17,"",56.9527,0,0,0,0,0,0,0,0,0,0,0,0,0,0,0,0,0,0,0,0,174.428,0,0,-117.475
"MtrElec",6,27,18,"",112.926,0,0,0,0,0,0,0,0,0,0,0,0,0,0,0,0,0,0,0,0,186.281,0,0,-73.3552
"MtrElec",6,27,19,"",116.314,0,0,0,0,0,0,0,0,0,0,0,0,0,0,0,0,0,0,0,0,210.046,0,-67.8758,-25.8569
"MtrElec",6,27,20,"",152.34,0,0,0,0,0,0,0,0,0,0,0,0,0,0,0,0,0,0,0,0,194.607,0,-38.0791,-4.1879
"MtrElec",6,27,21,"",118.574,0,0,0,0,0,0,0,0,0,0,0,0,0,0,0,0,0,0,0,0,118.574,0,0,0
"MtrElec",6,27,22,"",106.012,0,0,0,0,0,0,0,0,0,0,0,0,0,0,0,0,0,0,0,0,106.012,0,0,0
"MtrElec",6,27,23,"",122.859,0,0,0,0,0,0,0,0,0,0,0,0,0,0,0,0,0,0,0,0,122.859,0,0,0
"MtrElec",6,27,24,"",84.0512,0,0,0,0,0,0,0,0,0,0,0,0,0,0,0,0,0,0,0,0,84.0512,0,0,0
"MtrElec",6,28,1,"",71.9924,0,0,0,0,0,0,0,0,0,0,0,0,0,0,0,0,0,0,0,0,71.9924,0,0,0
"MtrElec",6,28,2,"",59.0287,0,0,0,0,0,0,0,0,0,0,0,0,0,0,0,0,0,0,0,0,59.0287,0,0,0
"MtrElec",6,28,3,"",55.9686,0,0,0,0,0,0,0,0,0,0,0,0,0,0,0,0,0,0,0,0,55.9686,0,0,0
"MtrElec",6,28,4,"",58.9154,0,0,0,0,0,0,0,0,0,0,0,0,0,0,0,0,0,0,0,0,58.9154,0,0,0
"MtrElec",6,28,5,"",88.787,0,0,0,0,0,0,0,0,0,0,0,0,0,0,0,0,0,0,0,0,88.787,0,0,0
"MtrElec",6,28,6,"",70.1157,0,0,0,0,0,0,0,0,0,0,0,0,0,0,0,0,0,0,0,0,70.1157,0,0,0
"MtrElec",6,28,7,"",57.1094,0,0,0,0,0,0,0,0,0,0,0,0,0,0,0,0,0,0,0,0,64.8522,0,0,-7.74279
"MtrElec",6,28,8,"",60.9809,0,0,0,0,0,0,0,0,0,0,0,0,0,0,0,0,0,0,0,0,94.303,0,0,-33.3222
"MtrElec",6,28,9,"",29.4353,0,0,0,0,0,0,0,0,0,0,0,0,0,0,0,0,0,0,0,0,108.959,0,0,-79.5236
"MtrElec",6,28,10,"",46.1351,0,0,0,0,0,0,0,0,0,0,0,0,0,0,0,0,0,0,0,0,165.853,0,0,-119.718
"MtrElec",6,28,11,"",22.1476,0,0,0,0,0,0,0,0,0,0,0,0,0,0,0,0,0,0,0,0,173.99,0,0,-151.842
"MtrElec",6,28,12,"",0.0000020,0,0,0,0,0,0,0,0,0,0,0,0,0,0,0,0,0,0,0,0,141.812,0,31.8662,-173.678
"MtrElec",6,28,13,"",0,0,0,0,0,0,0,0,0,0,0,0,0,0,0,0,0,0,0,0,0,149.688,0,34.6714,-184.359
"MtrElec",6,28,14,"",0,0,0,0,0,0,0,0,0,0,0,0,0,0,0,0,0,0,0,0,0,140.287,0,44.3386,-184.626
"MtrElec",6,28,15,"",4.19266,0,0,0,0,0,0,0,0,0,0,0,0,0,0,0,0,0,0,0,0,177.155,0,0,-172.963
"MtrElec",6,28,16,"",0.0000002,0,0,0,0,0,0,0,0,0,0,0,0,0,0,0,0,0,0,0,0,147.051,0,3.53941,-150.59
"MtrElec",6,28,17,"",70.026,0,0,0,0,0,0,0,0,0,0,0,0,0,0,0,0,0,0,0,0,185.995,0,0,-115.969
"MtrElec",6,28,18,"",115.794,0,0,0,0,0,0,0,0,0,0,0,0,0,0,0,0,0,0,0,0,187.792,0,0,-71.9979
"MtrElec",6,28,19,"",121.501,0,0,0,0,0,0,0,0,0,0,0,0,0,0,0,0,0,0,0,0,215.613,0,-67.8758,-26.2363
"MtrElec",6,28,20,"",137.472,0,0,0,0,0,0,0,0,0,0,0,0,0,0,0,0,0,0,0,0,177.082,0,-35.3843,-4.22629
"MtrElec",6,28,21,"",167.194,0,0,0,0,0,0,0,0,0,0,0,0,0,0,0,0,0,0,0,0,167.194,0,0,0
"MtrElec",6,28,22,"",145.872,0,0,0,0,0,0,0,0,0,0,0,0,0,0,0,0,0,0,0,0,145.872,0,0,0
"MtrElec",6,28,23,"",120.746,0,0,0,0,0,0,0,0,0,0,0,0,0,0,0,0,0,0,0,0,120.746,0,0,0
"MtrElec",6,28,24,"",101.317,0,0,0,0,0,0,0,0,0,0,0,0,0,0,0,0,0,0,0,0,101.317,0,0,0
"MtrElec",6,29,1,"",66.2788,0,0,0,0,0,0,0,0,0,0,0,0,0,0,0,0,0,0,0,0,66.2788,0,0,0
"MtrElec",6,29,2,"",60.6156,0,0,0,0,0,0,0,0,0,0,0,0,0,0,0,0,0,0,0,0,60.6156,0,0,0
"MtrElec",6,29,3,"",59.9438,0,0,0,0,0,0,0,0,0,0,0,0,0,0,0,0,0,0,0,0,59.9438,0,0,0
"MtrElec",6,29,4,"",57.7979,0,0,0,0,0,0,0,0,0,0,0,0,0,0,0,0,0,0,0,0,57.7979,0,0,0
"MtrElec",6,29,5,"",56.1082,0,0,0,0,0,0,0,0,0,0,0,0,0,0,0,0,0,0,0,0,56.1082,0,0,0
"MtrElec",6,29,6,"",57.6338,0,0,0,0,0,0,0,0,0,0,0,0,0,0,0,0,0,0,0,0,57.6338,0,0,0
"MtrElec",6,29,7,"",93.0875,0,0,0,0,0,0,0,0,0,0,0,0,0,0,0,0,0,0,0,0,100.547,0,0,-7.45904
"MtrElec",6,29,8,"",90.0363,0,0,0,0,0,0,0,0,0,0,0,0,0,0,0,0,0,0,0,0,123.705,0,0,-33.6684
"MtrElec",6,29,9,"",32.8778,0,0,0,0,0,0,0,0,0,0,0,0,0,0,0,0,0,0,0,0,110.799,0,0,-77.9208
"MtrElec",6,29,10,"",24.1429,0,0,0,0,0,0,0,0,0,0,0,0,0,0,0,0,0,0,0,0,140.267,0,0,-116.124
"MtrElec",6,29,11,"",0,0,0,0,0,0,0,0,0,0,0,0,0,0,0,0,0,0,0,0,0,139.104,0,5.47683,-144.581
"MtrElec",6,29,12,"",0,0,0,0,0,0,0,0,0,0,0,0,0,0,0,0,0,0,0,0,0,150.268,0,16.6592,-166.927
"MtrElec",6,29,13,"",0,0,0,0,0,0,0,0,0,0,0,0,0,0,0,0,0,0,0,0,0,141.741,0,36.644,-178.385
"MtrElec",6,29,14,"",0,0,0,0,0,0,0,0,0,0,0,0,0,0,0,0,0,0,0,0,0,148.744,0,27.3823,-176.126
"MtrElec",6,29,15,"",0.0000010,0,0,0,0,0,0,0,0,0,0,0,0,0,0,0,0,0,0,0,0,143.089,0,16.3622,-159.451
"MtrElec",6,29,16,"",19.18,0,0,0,0,0,0,0,0,0,0,0,0,0,0,0,0,0,0,0,0,157.002,0,0,-137.822
"MtrElec",6,29,17,"",73.0945,0,0,0,0,0,0,0,0,0,0,0,0,0,0,0,0,0,0,0,0,178.083,0,0,-104.988
"MtrElec",6,29,18,"",104.216,0,0,0,0,0,0,0,0,0,0,0,0,0,0,0,0,0,0,0,0,169.635,0,0,-65.4193
"MtrElec",6,29,19,"",88.2639,0,0,0,0,0,0,0,0,0,0,0,0,0,0,0,0,0,0,0,0,184.106,0,-67.8758,-27.9664
"MtrElec",6,29,20,"",132.381,0,0,0,0,0,0,0,0,0,0,0,0,0,0,0,0,0,0,0,0,162.462,0,-24.6526,-5.42858
"MtrElec",6,29,21,"",149.051,0,0,0,0,0,0,0,0,0,0,0,0,0,0,0,0,0,0,0,0,149.051,0,0,0
"MtrElec",6,29,22,"",143.171,0,0,0,0,0,0,0,0,0,0,0,0,0,0,0,0,0,0,0,0,143.171,0,0,0
"MtrElec",6,29,23,"",120.426,0,0,0,0,0,0,0,0,0,0,0,0,0,0,0,0,0,0,0,0,120.426,0,0,0
"MtrElec",6,29,24,"",103.916,0,0,0,0,0,0,0,0,0,0,0,0,0,0,0,0,0,0,0,0,103.916,0,0,0
"MtrElec",6,30,1,"",72.0692,0,0,0,0,0,0,0,0,0,0,0,0,0,0,0,0,0,0,0,0,72.0692,0,0,0
"MtrElec",6,30,2,"",65.0644,0,0,0,0,0,0,0,0,0,0,0,0,0,0,0,0,0,0,0,0,65.0644,0,0,0
"MtrElec",6,30,3,"",60.1704,0,0,0,0,0,0,0,0,0,0,0,0,0,0,0,0,0,0,0,0,60.1704,0,0,0
"MtrElec",6,30,4,"",57.4424,0,0,0,0,0,0,0,0,0,0,0,0,0,0,0,0,0,0,0,0,57.4424,0,0,0
"MtrElec",6,30,5,"",70.8268,0,0,0,0,0,0,0,0,0,0,0,0,0,0,0,0,0,0,0,0,70.8268,0,0,0
"MtrElec",6,30,6,"",58.6649,0,0,0,0,0,0,0,0,0,0,0,0,0,0,0,0,0,0,0,0,58.6649,0,0,0
"MtrElec",6,30,7,"",100.927,0,0,0,0,0,0,0,0,0,0,0,0,0,0,0,0,0,0,0,0,109.705,0,0,-8.77833
"MtrElec",6,30,8,"",89.9018,0,0,0,0,0,0,0,0,0,0,0,0,0,0,0,0,0,0,0,0,125.106,0,0,-35.204
"MtrElec",6,30,9,"",75.9606,0,0,0,0,0,0,0,0,0,0,0,0,0,0,0,0,0,0,0,0,151.917,0,0,-75.9568
"MtrElec",6,30,10,"",77.3878,0,0,0,0,0,0,0,0,0,0,0,0,0,0,0,0,0,0,0,0,190.505,0,0,-113.117
"MtrElec",6,30,11,"",42.2925,0,0,0,0,0,0,0,0,0,0,0,0,0,0,0,0,0,0,0,0,166.275,0,0,-123.983
"MtrElec",6,30,12,"",22.6312,0,0,0,0,0,0,0,0,0,0,0,0,0,0,0,0,0,0,0,0,179.22,0,0,-156.588
"MtrElec",6,30,13,"",2.57761,0,0,0,0,0,0,0,0,0,0,0,0,0,0,0,0,0,0,0,0,157.421,0,0,-154.843
"MtrElec",6,30,14,"",3.37072,0,0,0,0,0,0,0,0,0,0,0,0,0,0,0,0,0,0,0,0,144.37,0,0,-140.999
"MtrElec",6,30,15,"",0,0,0,0,0,0,0,0,0,0,0,0,0,0,0,0,0,0,0,0,0,132.182,0,26.6704,-158.853
"MtrElec",6,30,16,"",0,0,0,0,0,0,0,0,0,0,0,0,0,0,0,0,0,0,0,0,0,130.43,0,2.47622,-132.907
"MtrElec",6,30,17,"",61.1472,0,0,0,0,0,0,0,0,0,0,0,0,0,0,0,0,0,0,0,0,162.474,0,0,-101.327
"MtrElec",6,30,18,"",76.2105,0,0,0,0,0,0,0,0,0,0,0,0,0,0,0,0,0,0,0,0,140.841,0,0,-64.6304
"MtrElec",6,30,19,"",105.806,0,0,0,0,0,0,0,0,0,0,0,0,0,0,0,0,0,0,0,0,160.682,0,-26.3049,-28.5716
"MtrElec",6,30,20,"",158.21,0,0,0,0,0,0,0,0,0,0,0,0,0,0,0,0,0,0,0,0,163.039,0,0,-4.8286
"MtrElec",6,30,21,"",175.468,0,0,0,0,0,0,0,0,0,0,0,0,0,0,0,0,0,0,0,0,175.468,0,0,0
"MtrElec",6,30,22,"",154.096,0,0,0,0,0,0,0,0,0,0,0,0,0,0,0,0,0,0,0,0,154.096,0,0,0
"MtrElec",6,30,23,"",139.936,0,0,0,0,0,0,0,0,0,0,0,0,0,0,0,0,0,0,0,0,139.936,0,0,0
"MtrElec",6,30,24,"",124.2,0,0,0,0,0,0,0,0,0,0,0,0,0,0,0,0,0,0,0,0,124.2,0,0,0
"MtrElec",7,1,1,"",68.0316,0,0,0,0,0,0,0,0,0,0,0,0,0,0,0,0,0,0,0,0,68.0316,0,0,0
"MtrElec",7,1,2,"",58.3585,0,0,0,0,0,0,0,0,0,0,0,0,0,0,0,0,0,0,0,0,58.3585,0,0,0
"MtrElec",7,1,3,"",52.9045,0,0,0,0,0,0,0,0,0,0,0,0,0,0,0,0,0,0,0,0,52.9045,0,0,0
"MtrElec",7,1,4,"",49.158,0,0,0,0,0,0,0,0,0,0,0,0,0,0,0,0,0,0,0,0,49.158,0,0,0
"MtrElec",7,1,5,"",46.8132,0,0,0,0,0,0,0,0,0,0,0,0,0,0,0,0,0,0,0,0,46.8132,0,0,0
"MtrElec",7,1,6,"",48.71,0,0,0,0,0,0,0,0,0,0,0,0,0,0,0,0,0,0,0,0,48.71,0,0,0
"MtrElec",7,1,7,"",82.8445,0,0,0,0,0,0,0,0,0,0,0,0,0,0,0,0,0,0,0,0,90.2685,0,0,-7.42399
"MtrElec",7,1,8,"",73.5831,0,0,0,0,0,0,0,0,0,0,0,0,0,0,0,0,0,0,0,0,107.425,0,0,-33.8423
"MtrElec",7,1,9,"",41.0123,0,0,0,0,0,0,0,0,0,0,0,0,0,0,0,0,0,0,0,0,123.375,0,0,-82.3632
"MtrElec",7,1,10,"",13.5253,0,0,0,0,0,0,0,0,0,0,0,0,0,0,0,0,0,0,0,0,139.153,0,0,-125.627
"MtrElec",7,1,11,"",0,0,0,0,0,0,0,0,0,0,0,0,0,0,0,0,0,0,0,0,0,151.79,0,5.41583,-157.206
"MtrElec",7,1,12,"",0,0,0,0,0,0,0,0,0,0,0,0,0,0,0,0,0,0,0,0,0,112.568,0,66.8743,-179.442
"MtrElec",7,1,13,"",0,0,0,0,0,0,0,0,0,0,0,0,0,0,0,0,0,0,0,0,0,144.654,0,46.502,-191.156
"MtrElec",7,1,14,"",-9.45605,0,0,0,0,0,0,0,0,0,0,0,0,0,0,0,0,0,0,0,0,112.927,0,67.8758,-190.259
"MtrElec",7,1,15,"",0,0,0,0,0,0,0,0,0,0,0,0,0,0,0,0,0,0,0,0,0,152.881,0,24.7493,-177.63
"MtrElec",7,1,16,"",0,0,0,0,0,0,0,0,0,0,0,0,0,0,0,0,0,0,0,0,0,151.067,0,2.33714,-153.405
"MtrElec",7,1,17,"",83.5422,0,0,0,0,0,0,0,0,0,0,0,0,0,0,0,0,0,0,0,0,202.22,0,0,-118.678
"MtrElec",7,1,18,"",93.8948,0,0,0,0,0,0,0,0,0,0,0,0,0,0,0,0,0,0,0,0,168.349,0,0,-74.454
"MtrElec",7,1,19,"",90.9605,0,0,0,0,0,0,0,0,0,0,0,0,0,0,0,0,0,0,0,0,186.172,0,-67.8758,-27.3359
"MtrElec",7,1,20,"",90.3456,0,0,0,0,0,0,0,0,0,0,0,0,0,0,0,0,0,0,0,0,162.659,0,-67.8758,-4.43777
"MtrElec",7,1,21,"",119.376,0,0,0,0,0,0,0,0,0,0,0,0,0,0,0,0,0,0,0,0,176.538,0,-57.1617,0
"MtrElec",7,1,22,"",125.579,0,0,0,0,0,0,0,0,0,0,0,0,0,0,0,0,0,0,0,0,125.579,0,0,0
"MtrElec",7,1,23,"",129.393,0,0,0,0,0,0,0,0,0,0,0,0,0,0,0,0,0,0,0,0,129.393,0,0,0
"MtrElec",7,1,24,"",79.1456,0,0,0,0,0,0,0,0,0,0,0,0,0,0,0,0,0,0,0,0,79.1456,0,0,0
"MtrElec",7,2,1,"",66.9516,0,0,0,0,0,0,0,0,0,0,0,0,0,0,0,0,0,0,0,0,66.9516,0,0,0
"MtrElec",7,2,2,"",58.0507,0,0,0,0,0,0,0,0,0,0,0,0,0,0,0,0,0,0,0,0,58.0507,0,0,0
"MtrElec",7,2,3,"",53.0076,0,0,0,0,0,0,0,0,0,0,0,0,0,0,0,0,0,0,0,0,53.0076,0,0,0
"MtrElec",7,2,4,"",49.6825,0,0,0,0,0,0,0,0,0,0,0,0,0,0,0,0,0,0,0,0,49.6825,0,0,0
"MtrElec",7,2,5,"",47.8935,0,0,0,0,0,0,0,0,0,0,0,0,0,0,0,0,0,0,0,0,47.8935,0,0,0
"MtrElec",7,2,6,"",55.3169,0,0,0,0,0,0,0,0,0,0,0,0,0,0,0,0,0,0,0,0,55.3169,0,0,0
"MtrElec",7,2,7,"",83.8728,0,0,0,0,0,0,0,0,0,0,0,0,0,0,0,0,0,0,0,0,91.6282,0,0,-7.7554
"MtrElec",7,2,8,"",79.72,0,0,0,0,0,0,0,0,0,0,0,0,0,0,0,0,0,0,0,0,114.35,0,0,-34.63
"MtrElec",7,2,9,"",14.1215,0,0,0,0,0,0,0,0,0,0,0,0,0,0,0,0,0,0,0,0,95.7491,0,0,-81.6276
"MtrElec",7,2,10,"",14.2927,0,0,0,0,0,0,0,0,0,0,0,0,0,0,0,0,0,0,0,0,140.212,0,0,-125.92
"MtrElec",7,2,11,"",0,0,0,0,0,0,0,0,0,0,0,0,0,0,0,0,0,0,0,0,0,121.727,0,37.8714,-159.598
"MtrElec",7,2,12,"",0,0,0,0,0,0,0,0,0,0,0,0,0,0,0,0,0,0,0,0,0,126.817,0,53.9771,-180.794
"MtrElec",7,2,13,"",-23.4597,0,0,0,0,0,0,0,0,0,0,0,0,0,0,0,0,0,0,0,0,99.7256,0,67.8758,-191.061
"MtrElec",7,2,14,"",-4.94106,0,0,0,0,0,0,0,0,0,0,0,0,0,0,0,0,0,0,0,0,118.262,0,67.8758,-191.079
"MtrElec",7,2,15,"",-9.93124,0,0,0,0,0,0,0,0,0,0,0,0,0,0,0,0,0,0,0,0,142.89,0,25.6505,-178.472
"MtrElec",7,2,16,"",-16.7504,0,0,0,0,0,0,0,0,0,0,0,0,0,0,0,0,0,0,0,0,137.156,0,0,-153.907
"MtrElec",7,2,17,"",50.4891,0,0,0,0,0,0,0,0,0,0,0,0,0,0,0,0,0,0,0,0,169.056,0,0,-118.567
"MtrElec",7,2,18,"",104.437,0,0,0,0,0,0,0,0,0,0,0,0,0,0,0,0,0,0,0,0,178.75,0,0,-74.3134
"MtrElec",7,2,19,"",90.1194,0,0,0,0,0,0,0,0,0,0,0,0,0,0,0,0,0,0,0,0,185.345,0,-67.8758,-27.3495
"MtrElec",7,2,20,"",99.5328,0,0,0,0,0,0,0,0,0,0,0,0,0,0,0,0,0,0,0,0,171.835,0,-67.8758,-4.42679
"MtrElec",7,2,21,"",130.721,0,0,0,0,0,0,0,0,0,0,0,0,0,0,0,0,0,0,0,0,198.597,0,-67.8758,0
"MtrElec",7,2,22,"",118.378,0,0,0,0,0,0,0,0,0,0,0,0,0,0,0,0,0,0,0,0,143.31,0,-24.9313,0
"MtrElec",7,2,23,"",114.309,0,0,0,0,0,0,0,0,0,0,0,0,0,0,0,0,0,0,0,0,114.309,0,0,0
"MtrElec",7,2,24,"",90.7595,0,0,0,0,0,0,0,0,0,0,0,0,0,0,0,0,0,0,0,0,90.7595,0,0,0
"MtrElec",7,3,1,"",64.0435,0,0,0,0,0,0,0,0,0,0,0,0,0,0,0,0,0,0,0,0,64.0435,0,0,0
"MtrElec",7,3,2,"",74.4444,0,0,0,0,0,0,0,0,0,0,0,0,0,0,0,0,0,0,0,0,74.4444,0,0,0
"MtrElec",7,3,3,"",53.9299,0,0,0,0,0,0,0,0,0,0,0,0,0,0,0,0,0,0,0,0,53.9299,0,0,0
"MtrElec",7,3,4,"",51.7137,0,0,0,0,0,0,0,0,0,0,0,0,0,0,0,0,0,0,0,0,51.7137,0,0,0
"MtrElec",7,3,5,"",48.2736,0,0,0,0,0,0,0,0,0,0,0,0,0,0,0,0,0,0,0,0,48.2736,0,0,0
"MtrElec",7,3,6,"",49.0778,0,0,0,0,0,0,0,0,0,0,0,0,0,0,0,0,0,0,0,0,49.0778,0,0,0
"MtrElec",7,3,7,"",73.7585,0,0,0,0,0,0,0,0,0,0,0,0,0,0,0,0,0,0,0,0,81.4874,0,0,-7.72887
"MtrElec",7,3,8,"",75.9566,0,0,0,0,0,0,0,0,0,0,0,0,0,0,0,0,0,0,0,0,109.734,0,0,-33.7772
"MtrElec",7,3,9,"",61.9962,0,0,0,0,0,0,0,0,0,0,0,0,0,0,0,0,0,0,0,0,141.006,0,0,-79.0102
"MtrElec",7,3,10,"",65.5669,0,0,0,0,0,0,0,0,0,0,0,0,0,0,0,0,0,0,0,0,184.585,0,0,-119.018
"MtrElec",7,3,11,"",25.2841,0,0,0,0,0,0,0,0,0,0,0,0,0,0,0,0,0,0,0,0,177.942,0,0,-152.658
"MtrElec",7,3,12,"",41.8746,0,0,0,0,0,0,0,0,0,0,0,0,0,0,0,0,0,0,0,0,215.656,0,0,-173.781
"MtrElec",7,3,13,"",0,0,0,0,0,0,0,0,0,0,0,0,0,0,0,0,0,0,0,0,0,152.753,0,29.7901,-182.543
"MtrElec",7,3,14,"",0.0780156,0,0,0,0,0,0,0,0,0,0,0,0,0,0,0,0,0,0,0,0,181.142,0,0,-181.064
"MtrElec",7,3,15,"",0,0,0,0,0,0,0,0,0,0,0,0,0,0,0,0,0,0,0,0,0,154.931,0,14.5822,-169.513
"MtrElec",7,3,16,"",16.4439,0,0,0,0,0,0,0,0,0,0,0,0,0,0,0,0,0,0,0,0,155.367,0,0,-138.923
"MtrElec",7,3,17,"",86.0766,0,0,0,0,0,0,0,0,0,0,0,0,0,0,0,0,0,0,0,0,198.164,0,0,-112.087
"MtrElec",7,3,18,"",135.744,0,0,0,0,0,0,0,0,0,0,0,0,0,0,0,0,0,0,0,0,205.865,0,0,-70.121
"MtrElec",7,3,19,"",98.773,0,0,0,0,0,0,0,0,0,0,0,0,0,0,0,0,0,0,0,0,166.419,0,-40.046,-27.5999
"MtrElec",7,3,20,"",148.99,0,0,0,0,0,0,0,0,0,0,0,0,0,0,0,0,0,0,0,0,154.661,0,0,-5.67069
"MtrElec",7,3,21,"",137.485,0,0,0,0,0,0,0,0,0,0,0,0,0,0,0,0,0,0,0,0,137.485,0,0,0
"MtrElec",7,3,22,"",110.009,0,0,0,0,0,0,0,0,0,0,0,0,0,0,0,0,0,0,0,0,110.009,0,0,0
"MtrElec",7,3,23,"",81.9019,0,0,0,0,0,0,0,0,0,0,0,0,0,0,0,0,0,0,0,0,81.9019,0,0,0
"MtrElec",7,3,24,"",70.8186,0,0,0,0,0,0,0,0,0,0,0,0,0,0,0,0,0,0,0,0,70.8186,0,0,0
"MtrElec",7,4,1,"",75.2333,0,0,0,0,0,0,0,0,0,0,0,0,0,0,0,0,0,0,0,0,75.2333,0,0,0
"MtrElec",7,4,2,"",61.4277,0,0,0,0,0,0,0,0,0,0,0,0,0,0,0,0,0,0,0,0,61.4277,0,0,0
"MtrElec",7,4,3,"",58.4165,0,0,0,0,0,0,0,0,0,0,0,0,0,0,0,0,0,0,0,0,58.4165,0,0,0
"MtrElec",7,4,4,"",57.3594,0,0,0,0,0,0,0,0,0,0,0,0,0,0,0,0,0,0,0,0,57.3594,0,0,0
"MtrElec",7,4,5,"",59.4804,0,0,0,0,0,0,0,0,0,0,0,0,0,0,0,0,0,0,0,0,59.4804,0,0,0
"MtrElec",7,4,6,"",53.9975,0,0,0,0,0,0,0,0,0,0,0,0,0,0,0,0,0,0,0,0,53.9975,0,0,0
"MtrElec",7,4,7,"",56.4843,0,0,0,0,0,0,0,0,0,0,0,0,0,0,0,0,0,0,0,0,64.6604,0,0,-8.17609
"MtrElec",7,4,8,"",66.7287,0,0,0,0,0,0,0,0,0,0,0,0,0,0,0,0,0,0,0,0,99.6075,0,0,-32.8788
"MtrElec",7,4,9,"",12.7941,0,0,0,0,0,0,0,0,0,0,0,0,0,0,0,0,0,0,0,0,88.5563,0,0,-75.7622
"MtrElec",7,4,10,"",26.0416,0,0,0,0,0,0,0,0,0,0,0,0,0,0,0,0,0,0,0,0,141.518,0,0,-115.476
"MtrElec",7,4,11,"",19.9322,0,0,0,0,0,0,0,0,0,0,0,0,0,0,0,0,0,0,0,0,167.532,0,0,-147.6
"MtrElec",7,4,12,"",14.9732,0,0,0,0,0,0,0,0,0,0,0,0,0,0,0,0,0,0,0,0,184.162,0,0,-169.189
"MtrElec",7,4,13,"",0,0,0,0,0,0,0,0,0,0,0,0,0,0,0,0,0,0,0,0,0,165.046,0,14.892,-179.938
"MtrElec",7,4,14,"",0,0,0,0,0,0,0,0,0,0,0,0,0,0,0,0,0,0,0,0,0,154.364,0,25.061,-179.425
"MtrElec",7,4,15,"",0,0,0,0,0,0,0,0,0,0,0,0,0,0,0,0,0,0,0,0,0,158.068,0,10.2174,-168.286
"MtrElec",7,4,16,"",21.1826,0,0,0,0,0,0,0,0,0,0,0,0,0,0,0,0,0,0,0,0,164.794,0,0,-143.611
"MtrElec",7,4,17,"",32.483,0,0,0,0,0,0,0,0,0,0,0,0,0,0,0,0,0,0,0,0,142.535,0,0,-110.052
"MtrElec",7,4,18,"",106.568,0,0,0,0,0,0,0,0,0,0,0,0,0,0,0,0,0,0,0,0,175.993,0,0,-69.4244
"MtrElec",7,4,19,"",114.324,0,0,0,0,0,0,0,0,0,0,0,0,0,0,0,0,0,0,0,0,186.702,0,-45.2788,-27.0992
"MtrElec",7,4,20,"",178.849,0,0,0,0,0,0,0,0,0,0,0,0,0,0,0,0,0,0,0,0,183.769,0,0,-4.91996
"MtrElec",7,4,21,"",113.477,0,0,0,0,0,0,0,0,0,0,0,0,0,0,0,0,0,0,0,0,113.477,0,0,0
"MtrElec",7,4,22,"",105.291,0,0,0,0,0,0,0,0,0,0,0,0,0,0,0,0,0,0,0,0,105.291,0,0,0
"MtrElec",7,4,23,"",112.609,0,0,0,0,0,0,0,0,0,0,0,0,0,0,0,0,0,0,0,0,112.609,0,0,0
"MtrElec",7,4,24,"",102.931,0,0,0,0,0,0,0,0,0,0,0,0,0,0,0,0,0,0,0,0,102.931,0,0,0
"MtrElec",7,5,1,"",79.1674,0,0,0,0,0,0,0,0,0,0,0,0,0,0,0,0,0,0,0,0,79.1674,0,0,0
"MtrElec",7,5,2,"",75.4431,0,0,0,0,0,0,0,0,0,0,0,0,0,0,0,0,0,0,0,0,75.4431,0,0,0
"MtrElec",7,5,3,"",59.9315,0,0,0,0,0,0,0,0,0,0,0,0,0,0,0,0,0,0,0,0,59.9315,0,0,0
"MtrElec",7,5,4,"",56.8459,0,0,0,0,0,0,0,0,0,0,0,0,0,0,0,0,0,0,0,0,56.8459,0,0,0
"MtrElec",7,5,5,"",52.6538,0,0,0,0,0,0,0,0,0,0,0,0,0,0,0,0,0,0,0,0,52.6538,0,0,0
"MtrElec",7,5,6,"",56.2314,0,0,0,0,0,0,0,0,0,0,0,0,0,0,0,0,0,0,0,0,56.2314,0,0,0
"MtrElec",7,5,7,"",58.8164,0,0,0,0,0,0,0,0,0,0,0,0,0,0,0,0,0,0,0,0,66.593,0,0,-7.77659
"MtrElec",7,5,8,"",77.5783,0,0,0,0,0,0,0,0,0,0,0,0,0,0,0,0,0,0,0,0,108.77,0,0,-31.1918
"MtrElec",7,5,9,"",47.4805,0,0,0,0,0,0,0,0,0,0,0,0,0,0,0,0,0,0,0,0,120.44,0,0,-72.9598
"MtrElec",7,5,10,"",42.4846,0,0,0,0,0,0,0,0,0,0,0,0,0,0,0,0,0,0,0,0,156.777,0,0,-114.292
"MtrElec",7,5,11,"",0.400891,0,0,0,0,0,0,0,0,0,0,0,0,0,0,0,0,0,0,0,0,144.589,0,0,-144.188
"MtrElec",7,5,12,"",0,0,0,0,0,0,0,0,0,0,0,0,0,0,0,0,0,0,0,0,0,163.876,0,1.19855,-165.074
"MtrElec",7,5,13,"",9.6265,0,0,0,0,0,0,0,0,0,0,0,0,0,0,0,0,0,0,0,0,183.33,0,0,-173.704
"MtrElec",7,5,14,"",0,0,0,0,0,0,0,0,0,0,0,0,0,0,0,0,0,0,0,0,0,145.358,0,28.4777,-173.836
"MtrElec",7,5,15,"",0.811406,0,0,0,0,0,0,0,0,0,0,0,0,0,0,0,0,0,0,0,0,168.237,0,0,-167.426
"MtrElec",7,5,16,"",0,0,0,0,0,0,0,0,0,0,0,0,0,0,0,0,0,0,0,0,0,133.747,0,10.2567,-144.004
"MtrElec",7,5,17,"",30.8621,0,0,0,0,0,0,0,0,0,0,0,0,0,0,0,0,0,0,0,0,141.822,0,0,-110.959
"MtrElec",7,5,18,"",107.515,0,0,0,0,0,0,0,0,0,0,0,0,0,0,0,0,0,0,0,0,177.286,0,0,-69.7707
"MtrElec",7,5,19,"",155.393,0,0,0,0,0,0,0,0,0,0,0,0,0,0,0,0,0,0,0,0,218.283,0,-36.0394,-26.8511
"MtrElec",7,5,20,"",162.503,0,0,0,0,0,0,0,0,0,0,0,0,0,0,0,0,0,0,0,0,167.411,0,0,-4.90831
"MtrElec",7,5,21,"",146.913,0,0,0,0,0,0,0,0,0,0,0,0,0,0,0,0,0,0,0,0,146.913,0,0,0
"MtrElec",7,5,22,"",122.844,0,0,0,0,0,0,0,0,0,0,0,0,0,0,0,0,0,0,0,0,122.844,0,0,0
"MtrElec",7,5,23,"",106.634,0,0,0,0,0,0,0,0,0,0,0,0,0,0,0,0,0,0,0,0,106.634,0,0,0
"MtrElec",7,5,24,"",98.4208,0,0,0,0,0,0,0,0,0,0,0,0,0,0,0,0,0,0,0,0,98.4208,0,0,0
"MtrElec",7,6,1,"",69.1429,0,0,0,0,0,0,0,0,0,0,0,0,0,0,0,0,0,0,0,0,69.1429,0,0,0
"MtrElec",7,6,2,"",65.1674,0,0,0,0,0,0,0,0,0,0,0,0,0,0,0,0,0,0,0,0,65.1674,0,0,0
"MtrElec",7,6,3,"",59.0928,0,0,0,0,0,0,0,0,0,0,0,0,0,0,0,0,0,0,0,0,59.0928,0,0,0
"MtrElec",7,6,4,"",55.0341,0,0,0,0,0,0,0,0,0,0,0,0,0,0,0,0,0,0,0,0,55.0341,0,0,0
"MtrElec",7,6,5,"",53.6859,0,0,0,0,0,0,0,0,0,0,0,0,0,0,0,0,0,0,0,0,53.6859,0,0,0
"MtrElec",7,6,6,"",58.3585,0,0,0,0,0,0,0,0,0,0,0,0,0,0,0,0,0,0,0,0,58.3585,0,0,0
"MtrElec",7,6,7,"",87.0268,0,0,0,0,0,0,0,0,0,0,0,0,0,0,0,0,0,0,0,0,94.8302,0,0,-7.80342
"MtrElec",7,6,8,"",91.0978,0,0,0,0,0,0,0,0,0,0,0,0,0,0,0,0,0,0,0,0,123.308,0,0,-32.2104
"MtrElec",7,6,9,"",45.4709,0,0,0,0,0,0,0,0,0,0,0,0,0,0,0,0,0,0,0,0,119.802,0,0,-74.3307
"MtrElec",7,6,10,"",27.3152,0,0,0,0,0,0,0,0,0,0,0,0,0,0,0,0,0,0,0,0,141.821,0,0,-114.506
"MtrElec",7,6,11,"",0,0,0,0,0,0,0,0,0,0,0,0,0,0,0,0,0,0,0,0,0,127.077,0,16.3018,-143.379
"MtrElec",7,6,12,"",0,0,0,0,0,0,0,0,0,0,0,0,0,0,0,0,0,0,0,0,0,133.814,0,29.1923,-163.006
"MtrElec",7,6,13,"",9.09994,0,0,0,0,0,0,0,0,0,0,0,0,0,0,0,0,0,0,0,0,180.444,0,0,-171.344
"MtrElec",7,6,14,"",0,0,0,0,0,0,0,0,0,0,0,0,0,0,0,0,0,0,0,0,0,131.602,0,36.1533,-167.755
"MtrElec",7,6,15,"",0,0,0,0,0,0,0,0,0,0,0,0,0,0,0,0,0,0,0,0,0,125.981,0,24.1141,-150.095
"MtrElec",7,6,16,"",21.7494,0,0,0,0,0,0,0,0,0,0,0,0,0,0,0,0,0,0,0,0,149.945,0,0,-128.195
"MtrElec",7,6,17,"",69.0359,0,0,0,0,0,0,0,0,0,0,0,0,0,0,0,0,0,0,0,0,162.035,0,0,-92.9995
"MtrElec",7,6,18,"",113.996,0,0,0,0,0,0,0,0,0,0,0,0,0,0,0,0,0,0,0,0,175.72,0,0,-61.7236
"MtrElec",7,6,19,"",70.1613,0,0,0,0,0,0,0,0,0,0,0,0,0,0,0,0,0,0,0,0,162.3,0,-67.8758,-24.2627
"MtrElec",7,6,20,"",122.675,0,0,0,0,0,0,0,0,0,0,0,0,0,0,0,0,0,0,0,0,155.514,0,-27.5739,-5.26468
"MtrElec",7,6,21,"",151.188,0,0,0,0,0,0,0,0,0,0,0,0,0,0,0,0,0,0,0,0,151.188,0,0,0
"MtrElec",7,6,22,"",106.752,0,0,0,0,0,0,0,0,0,0,0,0,0,0,0,0,0,0,0,0,106.752,0,0,0
"MtrElec",7,6,23,"",125.345,0,0,0,0,0,0,0,0,0,0,0,0,0,0,0,0,0,0,0,0,125.345,0,0,0
"MtrElec",7,6,24,"",102.042,0,0,0,0,0,0,0,0,0,0,0,0,0,0,0,0,0,0,0,0,102.042,0,0,0
"MtrElec",7,7,1,"",74.3219,0,0,0,0,0,0,0,0,0,0,0,0,0,0,0,0,0,0,0,0,74.3219,0,0,0
"MtrElec",7,7,2,"",61.2568,0,0,0,0,0,0,0,0,0,0,0,0,0,0,0,0,0,0,0,0,61.2568,0,0,0
"MtrElec",7,7,3,"",57.8163,0,0,0,0,0,0,0,0,0,0,0,0,0,0,0,0,0,0,0,0,57.8163,0,0,0
"MtrElec",7,7,4,"",55.6124,0,0,0,0,0,0,0,0,0,0,0,0,0,0,0,0,0,0,0,0,55.6124,0,0,0
"MtrElec",7,7,5,"",53.5672,0,0,0,0,0,0,0,0,0,0,0,0,0,0,0,0,0,0,0,0,53.5672,0,0,0
"MtrElec",7,7,6,"",61.4561,0,0,0,0,0,0,0,0,0,0,0,0,0,0,0,0,0,0,0,0,61.4561,0,0,0
"MtrElec",7,7,7,"",82.6795,0,0,0,0,0,0,0,0,0,0,0,0,0,0,0,0,0,0,0,0,90.4568,0,0,-7.77734
"MtrElec",7,7,8,"",87.4921,0,0,0,0,0,0,0,0,0,0,0,0,0,0,0,0,0,0,0,0,119.753,0,0,-32.2611
"MtrElec",7,7,9,"",33.7706,0,0,0,0,0,0,0,0,0,0,0,0,0,0,0,0,0,0,0,0,108.554,0,0,-74.7832
"MtrElec",7,7,10,"",38.7366,0,0,0,0,0,0,0,0,0,0,0,0,0,0,0,0,0,0,0,0,150.904,0,0,-112.167
"MtrElec",7,7,11,"",26.3509,0,0,0,0,0,0,0,0,0,0,0,0,0,0,0,0,0,0,0,0,161.391,0,0,-135.041
"MtrElec",7,7,12,"",0.0000020,0,0,0,0,0,0,0,0,0,0,0,0,0,0,0,0,0,0,0,0,137.081,0,31.1855,-168.266
"MtrElec",7,7,13,"",0,0,0,0,0,0,0,0,0,0,0,0,0,0,0,0,0,0,0,0,0,129.743,0,50.0765,-179.82
"MtrElec",7,7,14,"",0.0000039,0,0,0,0,0,0,0,0,0,0,0,0,0,0,0,0,0,0,0,0,127.163,0,53.1368,-180.3
"MtrElec",7,7,15,"",0,0,0,0,0,0,0,0,0,0,0,0,0,0,0,0,0,0,0,0,0,127.24,0,41.2056,-168.446
"MtrElec",7,7,16,"",0,0,0,0,0,0,0,0,0,0,0,0,0,0,0,0,0,0,0,0,0,131.216,0,14.8567,-146.073
"MtrElec",7,7,17,"",41.8758,0,0,0,0,0,0,0,0,0,0,0,0,0,0,0,0,0,0,0,0,153.613,0,0,-111.737
"MtrElec",7,7,18,"",82.7779,0,0,0,0,0,0,0,0,0,0,0,0,0,0,0,0,0,0,0,0,152.174,0,0,-69.3964
"MtrElec",7,7,19,"",84.1927,0,0,0,0,0,0,0,0,0,0,0,0,0,0,0,0,0,0,0,0,179.364,0,-67.8758,-27.2955
"MtrElec",7,7,20,"",84.2586,0,0,0,0,0,0,0,0,0,0,0,0,0,0,0,0,0,0,0,0,157.025,0,-67.8758,-4.89058
"MtrElec",7,7,21,"",116.707,0,0,0,0,0,0,0,0,0,0,0,0,0,0,0,0,0,0,0,0,152.846,0,-36.1395,0
"MtrElec",7,7,22,"",140.008,0,0,0,0,0,0,0,0,0,0,0,0,0,0,0,0,0,0,0,0,140.008,0,0,0
"MtrElec",7,7,23,"",122.954,0,0,0,0,0,0,0,0,0,0,0,0,0,0,0,0,0,0,0,0,122.954,0,0,0
"MtrElec",7,7,24,"",75.6369,0,0,0,0,0,0,0,0,0,0,0,0,0,0,0,0,0,0,0,0,75.6369,0,0,0
"MtrElec",7,8,1,"",64.4942,0,0,0,0,0,0,0,0,0,0,0,0,0,0,0,0,0,0,0,0,64.4942,0,0,0
"MtrElec",7,8,2,"",59.1863,0,0,0,0,0,0,0,0,0,0,0,0,0,0,0,0,0,0,0,0,59.1863,0,0,0
"MtrElec",7,8,3,"",55.0685,0,0,0,0,0,0,0,0,0,0,0,0,0,0,0,0,0,0,0,0,55.0685,0,0,0
"MtrElec",7,8,4,"",53.1782,0,0,0,0,0,0,0,0,0,0,0,0,0,0,0,0,0,0,0,0,53.1782,0,0,0
"MtrElec",7,8,5,"",51.6311,0,0,0,0,0,0,0,0,0,0,0,0,0,0,0,0,0,0,0,0,51.6311,0,0,0
"MtrElec",7,8,6,"",54.9791,0,0,0,0,0,0,0,0,0,0,0,0,0,0,0,0,0,0,0,0,54.9791,0,0,0
"MtrElec",7,8,7,"",88.2368,0,0,0,0,0,0,0,0,0,0,0,0,0,0,0,0,0,0,0,0,96.0702,0,0,-7.83335
"MtrElec",7,8,8,"",86.7888,0,0,0,0,0,0,0,0,0,0,0,0,0,0,0,0,0,0,0,0,119.207,0,0,-32.4177
"MtrElec",7,8,9,"",59.3353,0,0,0,0,0,0,0,0,0,0,0,0,0,0,0,0,0,0,0,0,135.779,0,0,-76.4439
"MtrElec",7,8,10,"",41.9072,0,0,0,0,0,0,0,0,0,0,0,0,0,0,0,0,0,0,0,0,157.53,0,0,-115.622
"MtrElec",7,8,11,"",0.0000020,0,0,0,0,0,0,0,0,0,0,0,0,0,0,0,0,0,0,0,0,122.393,0,23.5524,-145.946
"MtrElec",7,8,12,"",0,0,0,0,0,0,0,0,0,0,0,0,0,0,0,0,0,0,0,0,0,147.759,0,22.5736,-170.333
"MtrElec",7,8,13,"",2.79552,0,0,0,0,0,0,0,0,0,0,0,0,0,0,0,0,0,0,0,0,185.002,0,0,-182.207
"MtrElec",7,8,14,"",0,0,0,0,0,0,0,0,0,0,0,0,0,0,0,0,0,0,0,0,0,128.182,0,53.4091,-181.591
"MtrElec",7,8,15,"",0.0000020,0,0,0,0,0,0,0,0,0,0,0,0,0,0,0,0,0,0,0,0,140.571,0,29.3106,-169.882
"MtrElec",7,8,16,"",0,0,0,0,0,0,0,0,0,0,0,0,0,0,0,0,0,0,0,0,0,122.203,0,25.0784,-147.281
"MtrElec",7,8,17,"",40.2018,0,0,0,0,0,0,0,0,0,0,0,0,0,0,0,0,0,0,0,0,154.084,0,0,-113.883
"MtrElec",7,8,18,"",74.6417,0,0,0,0,0,0,0,0,0,0,0,0,0,0,0,0,0,0,0,0,145.965,0,0,-71.3235
"MtrElec",7,8,19,"",83.5052,0,0,0,0,0,0,0,0,0,0,0,0,0,0,0,0,0,0,0,0,178.655,0,-67.8758,-27.2736
"MtrElec",7,8,20,"",92.1109,0,0,0,0,0,0,0,0,0,0,0,0,0,0,0,0,0,0,0,0,164.787,0,-67.8758,-4.80058
"MtrElec",7,8,21,"",137.812,0,0,0,0,0,0,0,0,0,0,0,0,0,0,0,0,0,0,0,0,140.977,0,-3.16502,0
"MtrElec",7,8,22,"",121.09,0,0,0,0,0,0,0,0,0,0,0,0,0,0,0,0,0,0,0,0,121.09,0,0,0
"MtrElec",7,8,23,"",95.3379,0,0,0,0,0,0,0,0,0,0,0,0,0,0,0,0,0,0,0,0,95.3379,0,0,0
"MtrElec",7,8,24,"",90.1651,0,0,0,0,0,0,0,0,0,0,0,0,0,0,0,0,0,0,0,0,90.1651,0,0,0
"MtrElec",7,9,1,"",73.2139,0,0,0,0,0,0,0,0,0,0,0,0,0,0,0,0,0,0,0,0,73.2139,0,0,0
"MtrElec",7,9,2,"",73.0935,0,0,0,0,0,0,0,0,0,0,0,0,0,0,0,0,0,0,0,0,73.0935,0,0,0
"MtrElec",7,9,3,"",52.3763,0,0,0,0,0,0,0,0,0,0,0,0,0,0,0,0,0,0,0,0,52.3763,0,0,0
"MtrElec",7,9,4,"",49.9292,0,0,0,0,0,0,0,0,0,0,0,0,0,0,0,0,0,0,0,0,49.9292,0,0,0
"MtrElec",7,9,5,"",48.4418,0,0,0,0,0,0,0,0,0,0,0,0,0,0,0,0,0,0,0,0,48.4418,0,0,0
"MtrElec",7,9,6,"",50.7256,0,0,0,0,0,0,0,0,0,0,0,0,0,0,0,0,0,0,0,0,50.7256,0,0,0
"MtrElec",7,9,7,"",68.8038,0,0,0,0,0,0,0,0,0,0,0,0,0,0,0,0,0,0,0,0,76.4715,0,0,-7.66772
"MtrElec",7,9,8,"",89.8048,0,0,0,0,0,0,0,0,0,0,0,0,0,0,0,0,0,0,0,0,121.885,0,0,-32.0806
"MtrElec",7,9,9,"",14.4345,0,0,0,0,0,0,0,0,0,0,0,0,0,0,0,0,0,0,0,0,90.9632,0,0,-76.5287
"MtrElec",7,9,10,"",22.5763,0,0,0,0,0,0,0,0,0,0,0,0,0,0,0,0,0,0,0,0,139.686,0,0,-117.11
"MtrElec",7,9,11,"",0,0,0,0,0,0,0,0,0,0,0,0,0,0,0,0,0,0,0,0,0,126.723,0,20.3874,-147.111
"MtrElec",7,9,12,"",0,0,0,0,0,0,0,0,0,0,0,0,0,0,0,0,0,0,0,0,0,154.274,0,13.2785,-167.552
"MtrElec",7,9,13,"",0.0000039,0,0,0,0,0,0,0,0,0,0,0,0,0,0,0,0,0,0,0,0,118.771,0,64.6858,-183.457
"MtrElec",7,9,14,"",0,0,0,0,0,0,0,0,0,0,0,0,0,0,0,0,0,0,0,0,0,122.799,0,63.4113,-186.21
"MtrElec",7,9,15,"",0,0,0,0,0,0,0,0,0,0,0,0,0,0,0,0,0,0,0,0,0,123.245,0,53.221,-176.466
"MtrElec",7,9,16,"",0,0,0,0,0,0,0,0,0,0,0,0,0,0,0,0,0,0,0,0,0,131.167,0,22.5948,-153.762
"MtrElec",7,9,17,"",38.4898,0,0,0,0,0,0,0,0,0,0,0,0,0,0,0,0,0,0,0,0,157.812,0,0,-119.322
"MtrElec",7,9,18,"",70.712,0,0,0,0,0,0,0,0,0,0,0,0,0,0,0,0,0,0,0,0,145.417,0,0,-74.7045
"MtrElec",7,9,19,"",75.0541,0,0,0,0,0,0,0,0,0,0,0,0,0,0,0,0,0,0,0,0,170.446,0,-67.8758,-27.5158
"MtrElec",7,9,20,"",75.018,0,0,0,0,0,0,0,0,0,0,0,0,0,0,0,0,0,0,0,0,147.27,0,-67.8758,-4.3766
"MtrElec",7,9,21,"",97.9235,0,0,0,0,0,0,0,0,0,0,0,0,0,0,0,0,0,0,0,0,165.799,0,-67.8758,0
"MtrElec",7,9,22,"",102.815,0,0,0,0,0,0,0,0,0,0,0,0,0,0,0,0,0,0,0,0,113.603,0,-10.7876,0
"MtrElec",7,9,23,"",94.6906,0,0,0,0,0,0,0,0,0,0,0,0,0,0,0,0,0,0,0,0,94.6906,0,0,0
"MtrElec",7,9,24,"",94.4286,0,0,0,0,0,0,0,0,0,0,0,0,0,0,0,0,0,0,0,0,94.4286,0,0,0
"MtrElec",7,10,1,"",68.5059,0,0,0,0,0,0,0,0,0,0,0,0,0,0,0,0,0,0,0,0,68.5059,0,0,0
"MtrElec",7,10,2,"",52.3204,0,0,0,0,0,0,0,0,0,0,0,0,0,0,0,0,0,0,0,0,52.3204,0,0,0
"MtrElec",7,10,3,"",48.6148,0,0,0,0,0,0,0,0,0,0,0,0,0,0,0,0,0,0,0,0,48.6148,0,0,0
"MtrElec",7,10,4,"",46.833,0,0,0,0,0,0,0,0,0,0,0,0,0,0,0,0,0,0,0,0,46.833,0,0,0
"MtrElec",7,10,5,"",45.6428,0,0,0,0,0,0,0,0,0,0,0,0,0,0,0,0,0,0,0,0,45.6428,0,0,0
"MtrElec",7,10,6,"",49.373,0,0,0,0,0,0,0,0,0,0,0,0,0,0,0,0,0,0,0,0,49.373,0,0,0
"MtrElec",7,10,7,"",81.8755,0,0,0,0,0,0,0,0,0,0,0,0,0,0,0,0,0,0,0,0,89.1067,0,0,-7.23114
"MtrElec",7,10,8,"",70.6761,0,0,0,0,0,0,0,0,0,0,0,0,0,0,0,0,0,0,0,0,103.28,0,0,-32.6039
"MtrElec",7,10,9,"",23.6443,0,0,0,0,0,0,0,0,0,0,0,0,0,0,0,0,0,0,0,0,105.972,0,0,-82.3279
"MtrElec",7,10,10,"",0.0000002,0,0,0,0,0,0,0,0,0,0,0,0,0,0,0,0,0,0,0,0,122.036,0,3.96665,-126.003
"MtrElec",7,10,11,"",0,0,0,0,0,0,0,0,0,0,0,0,0,0,0,0,0,0,0,0,0,109.311,0,46.7987,-156.11
"MtrElec",7,10,12,"",-24.9159,0,0,0,0,0,0,0,0,0,0,0,0,0,0,0,0,0,0,0,0,85.6706,0,67.8758,-178.462
"MtrElec",7,10,13,"",-0.56343,0,0,0,0,0,0,0,0,0,0,0,0,0,0,0,0,0,0,0,0,122.095,0,67.8758,-190.534
"MtrElec",7,10,14,"",-13.872,0,0,0,0,0,0,0,0,0,0,0,0,0,0,0,0,0,0,0,0,108.472,0,66.7337,-189.077
"MtrElec",7,10,15,"",-72.9616,0,0,0,0,0,0,0,0,0,0,0,0,0,0,0,0,0,0,0,0,105.308,0,0,-178.269
"MtrElec",7,10,16,"",-34.9184,0,0,0,0,0,0,0,0,0,0,0,0,0,0,0,0,0,0,0,0,122.174,0,0,-157.092
"MtrElec",7,10,17,"",-4.91494,0,0,0,0,0,0,0,0,0,0,0,0,0,0,0,0,0,0,0,0,117.276,0,0,-122.191
"MtrElec",7,10,18,"",58.2968,0,0,0,0,0,0,0,0,0,0,0,0,0,0,0,0,0,0,0,0,134.742,0,0,-76.4449
"MtrElec",7,10,19,"",79.8016,0,0,0,0,0,0,0,0,0,0,0,0,0,0,0,0,0,0,0,0,176.057,0,-67.8758,-28.3791
"MtrElec",7,10,20,"",67.0414,0,0,0,0,0,0,0,0,0,0,0,0,0,0,0,0,0,0,0,0,139.663,0,-67.8758,-4.74616
"MtrElec",7,10,21,"",96.6791,0,0,0,0,0,0,0,0,0,0,0,0,0,0,0,0,0,0,0,0,164.555,0,-67.8758,0
"MtrElec",7,10,22,"",79.4856,0,0,0,0,0,0,0,0,0,0,0,0,0,0,0,0,0,0,0,0,104.417,0,-24.9313,0
"MtrElec",7,10,23,"",125.41,0,0,0,0,0,0,0,0,0,0,0,0,0,0,0,0,0,0,0,0,125.41,0,0,0
"MtrElec",7,10,24,"",77.443,0,0,0,0,0,0,0,0,0,0,0,0,0,0,0,0,0,0,0,0,77.443,0,0,0
"MtrElec",7,11,1,"",52.5166,0,0,0,0,0,0,0,0,0,0,0,0,0,0,0,0,0,0,0,0,52.5166,0,0,0
"MtrElec",7,11,2,"",48.32,0,0,0,0,0,0,0,0,0,0,0,0,0,0,0,0,0,0,0,0,48.32,0,0,0
"MtrElec",7,11,3,"",47.9102,0,0,0,0,0,0,0,0,0,0,0,0,0,0,0,0,0,0,0,0,47.9102,0,0,0
"MtrElec",7,11,4,"",47.253,0,0,0,0,0,0,0,0,0,0,0,0,0,0,0,0,0,0,0,0,47.253,0,0,0
"MtrElec",7,11,5,"",45.5596,0,0,0,0,0,0,0,0,0,0,0,0,0,0,0,0,0,0,0,0,45.5596,0,0,0
"MtrElec",7,11,6,"",46.1318,0,0,0,0,0,0,0,0,0,0,0,0,0,0,0,0,0,0,0,0,46.1318,0,0,0
"MtrElec",7,11,7,"",38.2613,0,0,0,0,0,0,0,0,0,0,0,0,0,0,0,0,0,0,0,0,50.3386,0,0,-12.0773
"MtrElec",7,11,8,"",39.8343,0,0,0,0,0,0,0,0,0,0,0,0,0,0,0,0,0,0,0,0,77.5972,0,0,-37.7629
"MtrElec",7,11,9,"",21.1345,0,0,0,0,0,0,0,0,0,0,0,0,0,0,0,0,0,0,0,0,60.097,0,0,-38.9625
"MtrElec",7,11,10,"",0,0,0,0,0,0,0,0,0,0,0,0,0,0,0,0,0,0,0,0,0,103.736,0,11.7438,-115.48
"MtrElec",7,11,11,"",0,0,0,0,0,0,0,0,0,0,0,0,0,0,0,0,0,0,0,0,0,142.579,0,16.4923,-159.071
"MtrElec",7,11,12,"",0,0,0,0,0,0,0,0,0,0,0,0,0,0,0,0,0,0,0,0,0,116.34,0,67.4613,-183.801
"MtrElec",7,11,13,"",-29.2888,0,0,0,0,0,0,0,0,0,0,0,0,0,0,0,0,0,0,0,0,97.3204,0,67.8758,-194.485
"MtrElec",7,11,14,"",-13.9842,0,0,0,0,0,0,0,0,0,0,0,0,0,0,0,0,0,0,0,0,110.522,0,67.8758,-192.382
"MtrElec",7,11,15,"",-26.5284,0,0,0,0,0,0,0,0,0,0,0,0,0,0,0,0,0,0,0,0,132.259,0,21.8016,-180.589
"MtrElec",7,11,16,"",-45.3737,0,0,0,0,0,0,0,0,0,0,0,0,0,0,0,0,0,0,0,0,111.903,0,0,-157.277
"MtrElec",7,11,17,"",12.6388,0,0,0,0,0,0,0,0,0,0,0,0,0,0,0,0,0,0,0,0,135.816,0,0,-123.177
"MtrElec",7,11,18,"",71.2075,0,0,0,0,0,0,0,0,0,0,0,0,0,0,0,0,0,0,0,0,149.048,0,0,-77.8406
"MtrElec",7,11,19,"",52.6925,0,0,0,0,0,0,0,0,0,0,0,0,0,0,0,0,0,0,0,0,149.56,0,-67.8758,-28.9912
"MtrElec",7,11,20,"",54.38,0,0,0,0,0,0,0,0,0,0,0,0,0,0,0,0,0,0,0,0,126.931,0,-67.8758,-4.67518
"MtrElec",7,11,21,"",63.6926,0,0,0,0,0,0,0,0,0,0,0,0,0,0,0,0,0,0,0,0,131.568,0,-67.8758,0
"MtrElec",7,11,22,"",83.2332,0,0,0,0,0,0,0,0,0,0,0,0,0,0,0,0,0,0,0,0,108.164,0,-24.9313,0
"MtrElec",7,11,23,"",109.613,0,0,0,0,0,0,0,0,0,0,0,0,0,0,0,0,0,0,0,0,109.613,0,0,0
"MtrElec",7,11,24,"",92.1349,0,0,0,0,0,0,0,0,0,0,0,0,0,0,0,0,0,0,0,0,92.1349,0,0,0
"MtrElec",7,12,1,"",59.0181,0,0,0,0,0,0,0,0,0,0,0,0,0,0,0,0,0,0,0,0,59.0181,0,0,0
"MtrElec",7,12,2,"",47.4717,0,0,0,0,0,0,0,0,0,0,0,0,0,0,0,0,0,0,0,0,47.4717,0,0,0
"MtrElec",7,12,3,"",49.3331,0,0,0,0,0,0,0,0,0,0,0,0,0,0,0,0,0,0,0,0,49.3331,0,0,0
"MtrElec",7,12,4,"",50.4922,0,0,0,0,0,0,0,0,0,0,0,0,0,0,0,0,0,0,0,0,50.4922,0,0,0
"MtrElec",7,12,5,"",60.6614,0,0,0,0,0,0,0,0,0,0,0,0,0,0,0,0,0,0,0,0,60.6614,0,0,0
"MtrElec",7,12,6,"",46.0929,0,0,0,0,0,0,0,0,0,0,0,0,0,0,0,0,0,0,0,0,46.0929,0,0,0
"MtrElec",7,12,7,"",52.5289,0,0,0,0,0,0,0,0,0,0,0,0,0,0,0,0,0,0,0,0,64.2775,0,0,-11.7487
"MtrElec",7,12,8,"",46.2201,0,0,0,0,0,0,0,0,0,0,0,0,0,0,0,0,0,0,0,0,82.524,0,0,-36.3038
"MtrElec",7,12,9,"",50.637,0,0,0,0,0,0,0,0,0,0,0,0,0,0,0,0,0,0,0,0,80.6773,0,0,-30.0403
"MtrElec",7,12,10,"",40.9486,0,0,0,0,0,0,0,0,0,0,0,0,0,0,0,0,0,0,0,0,136.013,0,0,-95.0644
"MtrElec",7,12,11,"",0.0000001,0,0,0,0,0,0,0,0,0,0,0,0,0,0,0,0,0,0,0,0,160.578,0,0.655781,-161.234
"MtrElec",7,12,12,"",0,0,0,0,0,0,0,0,0,0,0,0,0,0,0,0,0,0,0,0,0,125.279,0,56.834,-182.113
"MtrElec",7,12,13,"",-16.3072,0,0,0,0,0,0,0,0,0,0,0,0,0,0,0,0,0,0,0,0,107.743,0,67.8758,-191.926
"MtrElec",7,12,14,"",-23.2077,0,0,0,0,0,0,0,0,0,0,0,0,0,0,0,0,0,0,0,0,103.652,0,67.8758,-194.736
"MtrElec",7,12,15,"",0.0000039,0,0,0,0,0,0,0,0,0,0,0,0,0,0,0,0,0,0,0,0,139.644,0,46.2265,-185.87
"MtrElec",7,12,16,"",-28.3287,0,0,0,0,0,0,0,0,0,0,0,0,0,0,0,0,0,0,0,0,120.494,0,13.7827,-162.605
"MtrElec",7,12,17,"",11.6096,0,0,0,0,0,0,0,0,0,0,0,0,0,0,0,0,0,0,0,0,138.036,0,0,-126.426
"MtrElec",7,12,18,"",44.3262,0,0,0,0,0,0,0,0,0,0,0,0,0,0,0,0,0,0,0,0,123.717,0,0,-79.3909
"MtrElec",7,12,19,"",54.4661,0,0,0,0,0,0,0,0,0,0,0,0,0,0,0,0,0,0,0,0,151.987,0,-67.8758,-29.6454
"MtrElec",7,12,20,"",58.4427,0,0,0,0,0,0,0,0,0,0,0,0,0,0,0,0,0,0,0,0,131.308,0,-67.8758,-4.98958
"MtrElec",7,12,21,"",51.5488,0,0,0,0,0,0,0,0,0,0,0,0,0,0,0,0,0,0,0,0,119.425,0,-67.8758,0
"MtrElec",7,12,22,"",58.356,0,0,0,0,0,0,0,0,0,0,0,0,0,0,0,0,0,0,0,0,83.2873,0,-24.9313,0
"MtrElec",7,12,23,"",93.7557,0,0,0,0,0,0,0,0,0,0,0,0,0,0,0,0,0,0,0,0,93.7557,0,0,0
"MtrElec",7,12,24,"",83.4316,0,0,0,0,0,0,0,0,0,0,0,0,0,0,0,0,0,0,0,0,83.4316,0,0,0
"MtrElec",7,13,1,"",54.7539,0,0,0,0,0,0,0,0,0,0,0,0,0,0,0,0,0,0,0,0,54.7539,0,0,0
"MtrElec",7,13,2,"",47.5437,0,0,0,0,0,0,0,0,0,0,0,0,0,0,0,0,0,0,0,0,47.5437,0,0,0
"MtrElec",7,13,3,"",45.9277,0,0,0,0,0,0,0,0,0,0,0,0,0,0,0,0,0,0,0,0,45.9277,0,0,0
"MtrElec",7,13,4,"",45.6838,0,0,0,0,0,0,0,0,0,0,0,0,0,0,0,0,0,0,0,0,45.6838,0,0,0
"MtrElec",7,13,5,"",45.0785,0,0,0,0,0,0,0,0,0,0,0,0,0,0,0,0,0,0,0,0,45.0785,0,0,0
"MtrElec",7,13,6,"",47.3315,0,0,0,0,0,0,0,0,0,0,0,0,0,0,0,0,0,0,0,0,47.3315,0,0,0
"MtrElec",7,13,7,"",76.2114,0,0,0,0,0,0,0,0,0,0,0,0,0,0,0,0,0,0,0,0,87.5425,0,0,-11.3312
"MtrElec",7,13,8,"",60.9955,0,0,0,0,0,0,0,0,0,0,0,0,0,0,0,0,0,0,0,0,96.2971,0,0,-35.3015
"MtrElec",7,13,9,"",129.695,0,0,0,0,0,0,0,0,0,0,0,0,0,0,0,0,0,0,0,0,148.072,0,0,-18.3766
"MtrElec",7,13,10,"",38.0235,0,0,0,0,0,0,0,0,0,0,0,0,0,0,0,0,0,0,0,0,98.6037,0,0,-60.5802
"MtrElec",7,13,11,"",23.3328,0,0,0,0,0,0,0,0,0,0,0,0,0,0,0,0,0,0,0,0,134.698,0,0,-111.365
"MtrElec",7,13,12,"",-12.8939,0,0,0,0,0,0,0,0,0,0,0,0,0,0,0,0,0,0,0,0,93.1388,0,67.8758,-173.908
"MtrElec",7,13,13,"",-46.8185,0,0,0,0,0,0,0,0,0,0,0,0,0,0,0,0,0,0,0,0,78.0346,0,67.8758,-192.729
"MtrElec",7,13,14,"",-51.156,0,0,0,0,0,0,0,0,0,0,0,0,0,0,0,0,0,0,0,0,76.3272,0,67.8758,-195.359
"MtrElec",7,13,15,"",-57.4807,0,0,0,0,0,0,0,0,0,0,0,0,0,0,0,0,0,0,0,0,77.7634,0,49.6232,-184.867
"MtrElec",7,13,16,"",-50.5369,0,0,0,0,0,0,0,0,0,0,0,0,0,0,0,0,0,0,0,0,109.13,0,0,-159.667
"MtrElec",7,13,17,"",-5.81662,0,0,0,0,0,0,0,0,0,0,0,0,0,0,0,0,0,0,0,0,117.877,0,0,-123.694
"MtrElec",7,13,18,"",47.5815,0,0,0,0,0,0,0,0,0,0,0,0,0,0,0,0,0,0,0,0,126.316,0,0,-78.7345
"MtrElec",7,13,19,"",54.2392,0,0,0,0,0,0,0,0,0,0,0,0,0,0,0,0,0,0,0,0,151.428,0,-67.8758,-29.3134
"MtrElec",7,13,20,"",66.4984,0,0,0,0,0,0,0,0,0,0,0,0,0,0,0,0,0,0,0,0,139.194,0,-67.8758,-4.81961
"MtrElec",7,13,21,"",72.5396,0,0,0,0,0,0,0,0,0,0,0,0,0,0,0,0,0,0,0,0,140.415,0,-67.8758,0
"MtrElec",7,13,22,"",64.3095,0,0,0,0,0,0,0,0,0,0,0,0,0,0,0,0,0,0,0,0,89.2408,0,-24.9313,0
"MtrElec",7,13,23,"",117.113,0,0,0,0,0,0,0,0,0,0,0,0,0,0,0,0,0,0,0,0,117.113,0,0,0
"MtrElec",7,13,24,"",77.4539,0,0,0,0,0,0,0,0,0,0,0,0,0,0,0,0,0,0,0,0,77.4539,0,0,0
"MtrElec",7,14,1,"",69.8458,0,0,0,0,0,0,0,0,0,0,0,0,0,0,0,0,0,0,0,0,69.8458,0,0,0
"MtrElec",7,14,2,"",46.9019,0,0,0,0,0,0,0,0,0,0,0,0,0,0,0,0,0,0,0,0,46.9019,0,0,0
"MtrElec",7,14,3,"",46.6173,0,0,0,0,0,0,0,0,0,0,0,0,0,0,0,0,0,0,0,0,46.6173,0,0,0
"MtrElec",7,14,4,"",53.2434,0,0,0,0,0,0,0,0,0,0,0,0,0,0,0,0,0,0,0,0,53.2434,0,0,0
"MtrElec",7,14,5,"",44.9324,0,0,0,0,0,0,0,0,0,0,0,0,0,0,0,0,0,0,0,0,44.9324,0,0,0
"MtrElec",7,14,6,"",55.1351,0,0,0,0,0,0,0,0,0,0,0,0,0,0,0,0,0,0,0,0,55.1351,0,0,0
"MtrElec",7,14,7,"",57.6004,0,0,0,0,0,0,0,0,0,0,0,0,0,0,0,0,0,0,0,0,68.2005,0,0,-10.6001
"MtrElec",7,14,8,"",71.7124,0,0,0,0,0,0,0,0,0,0,0,0,0,0,0,0,0,0,0,0,106.875,0,0,-35.163
"MtrElec",7,14,9,"",68.4035,0,0,0,0,0,0,0,0,0,0,0,0,0,0,0,0,0,0,0,0,86.9417,0,0,-18.5382
"MtrElec",7,14,10,"",73.4227,0,0,0,0,0,0,0,0,0,0,0,0,0,0,0,0,0,0,0,0,99.2895,0,0,-25.8669
"MtrElec",7,14,11,"",52.7264,0,0,0,0,0,0,0,0,0,0,0,0,0,0,0,0,0,0,0,0,100.847,0,0,-48.1208
"MtrElec",7,14,12,"",0,0,0,0,0,0,0,0,0,0,0,0,0,0,0,0,0,0,0,0,0,96.6755,0,0.536367,-97.2118
"MtrElec",7,14,13,"",-5.86528,0,0,0,0,0,0,0,0,0,0,0,0,0,0,0,0,0,0,0,0,71.3939,0,67.8758,-145.135
"MtrElec",7,14,14,"",-43.9887,0,0,0,0,0,0,0,0,0,0,0,0,0,0,0,0,0,0,0,0,84.4453,0,67.8758,-196.31
"MtrElec",7,14,15,"",-20.1125,0,0,0,0,0,0,0,0,0,0,0,0,0,0,0,0,0,0,0,0,93.3306,0,67.8758,-181.319
"MtrElec",7,14,16,"",-3.43044,0,0,0,0,0,0,0,0,0,0,0,0,0,0,0,0,0,0,0,0,106.989,0,49.0869,-159.506
"MtrElec",7,14,17,"",-0.142359,0,0,0,0,0,0,0,0,0,0,0,0,0,0,0,0,0,0,0,0,124.293,0,0,-124.436
"MtrElec",7,14,18,"",43.9606,0,0,0,0,0,0,0,0,0,0,0,0,0,0,0,0,0,0,0,0,122.602,0,0,-78.641
"MtrElec",7,14,19,"",44.1483,0,0,0,0,0,0,0,0,0,0,0,0,0,0,0,0,0,0,0,0,140.948,0,-67.8758,-28.9243
"MtrElec",7,14,20,"",35.0728,0,0,0,0,0,0,0,0,0,0,0,0,0,0,0,0,0,0,0,0,107.507,0,-67.8758,-4.55838
"MtrElec",7,14,21,"",61.3798,0,0,0,0,0,0,0,0,0,0,0,0,0,0,0,0,0,0,0,0,129.256,0,-67.8758,0
"MtrElec",7,14,22,"",60.0532,0,0,0,0,0,0,0,0,0,0,0,0,0,0,0,0,0,0,0,0,84.9845,0,-24.9313,0
"MtrElec",7,14,23,"",117.179,0,0,0,0,0,0,0,0,0,0,0,0,0,0,0,0,0,0,0,0,117.179,0,0,0
"MtrElec",7,14,24,"",91.1669,0,0,0,0,0,0,0,0,0,0,0,0,0,0,0,0,0,0,0,0,91.1669,0,0,0
"MtrElec",7,15,1,"",65.3049,0,0,0,0,0,0,0,0,0,0,0,0,0,0,0,0,0,0,0,0,65.3049,0,0,0
"MtrElec",7,15,2,"",46.95,0,0,0,0,0,0,0,0,0,0,0,0,0,0,0,0,0,0,0,0,46.95,0,0,0
"MtrElec",7,15,3,"",45.6343,0,0,0,0,0,0,0,0,0,0,0,0,0,0,0,0,0,0,0,0,45.6343,0,0,0
"MtrElec",7,15,4,"",45.4562,0,0,0,0,0,0,0,0,0,0,0,0,0,0,0,0,0,0,0,0,45.4562,0,0,0
"MtrElec",7,15,5,"",44.9004,0,0,0,0,0,0,0,0,0,0,0,0,0,0,0,0,0,0,0,0,44.9004,0,0,0
"MtrElec",7,15,6,"",48.0371,0,0,0,0,0,0,0,0,0,0,0,0,0,0,0,0,0,0,0,0,48.0371,0,0,0
"MtrElec",7,15,7,"",79.255,0,0,0,0,0,0,0,0,0,0,0,0,0,0,0,0,0,0,0,0,89.3749,0,0,-10.1199
"MtrElec",7,15,8,"",77.9285,0,0,0,0,0,0,0,0,0,0,0,0,0,0,0,0,0,0,0,0,116.094,0,0,-38.1659
"MtrElec",7,15,9,"",65.4616,0,0,0,0,0,0,0,0,0,0,0,0,0,0,0,0,0,0,0,0,115.877,0,0,-50.4157
"MtrElec",7,15,10,"",42.3562,0,0,0,0,0,0,0,0,0,0,0,0,0,0,0,0,0,0,0,0,148.863,0,0,-106.507
"MtrElec",7,15,11,"",0.0000039,0,0,0,0,0,0,0,0,0,0,0,0,0,0,0,0,0,0,0,0,102.758,0,60.7157,-163.474
"MtrElec",7,15,12,"",-13.0845,0,0,0,0,0,0,0,0,0,0,0,0,0,0,0,0,0,0,0,0,103.978,0,67.8758,-184.938
"MtrElec",7,15,13,"",-11.8106,0,0,0,0,0,0,0,0,0,0,0,0,0,0,0,0,0,0,0,0,113.211,0,67.8758,-192.897
"MtrElec",7,15,14,"",-57.2806,0,0,0,0,0,0,0,0,0,0,0,0,0,0,0,0,0,0,0,0,81.6737,0,56.7833,-195.738
"MtrElec",7,15,15,"",-94.3444,0,0,0,0,0,0,0,0,0,0,0,0,0,0,0,0,0,0,0,0,91.5996,0,0,-185.944
"MtrElec",7,15,16,"",-62.8727,0,0,0,0,0,0,0,0,0,0,0,0,0,0,0,0,0,0,0,0,100.433,0,0,-163.306
"MtrElec",7,15,17,"",-26.1868,0,0,0,0,0,0,0,0,0,0,0,0,0,0,0,0,0,0,0,0,101.409,0,0,-127.596
"MtrElec",7,15,18,"",66.314,0,0,0,0,0,0,0,0,0,0,0,0,0,0,0,0,0,0,0,0,146.098,0,0,-79.7836
"MtrElec",7,15,19,"",56.8612,0,0,0,0,0,0,0,0,0,0,0,0,0,0,0,0,0,0,0,0,154.104,0,-67.8758,-29.3672
"MtrElec",7,15,20,"",57.0173,0,0,0,0,0,0,0,0,0,0,0,0,0,0,0,0,0,0,0,0,129.457,0,-67.8758,-4.56354
"MtrElec",7,15,21,"",81.9056,0,0,0,0,0,0,0,0,0,0,0,0,0,0,0,0,0,0,0,0,149.781,0,-67.8758,0
"MtrElec",7,15,22,"",100.731,0,0,0,0,0,0,0,0,0,0,0,0,0,0,0,0,0,0,0,0,125.662,0,-24.9313,0
"MtrElec",7,15,23,"",86.9113,0,0,0,0,0,0,0,0,0,0,0,0,0,0,0,0,0,0,0,0,86.9113,0,0,0
"MtrElec",7,15,24,"",69.941,0,0,0,0,0,0,0,0,0,0,0,0,0,0,0,0,0,0,0,0,69.941,0,0,0
"MtrElec",7,16,1,"",49.7067,0,0,0,0,0,0,0,0,0,0,0,0,0,0,0,0,0,0,0,0,49.7067,0,0,0
"MtrElec",7,16,2,"",46.3976,0,0,0,0,0,0,0,0,0,0,0,0,0,0,0,0,0,0,0,0,46.3976,0,0,0
"MtrElec",7,16,3,"",58.5591,0,0,0,0,0,0,0,0,0,0,0,0,0,0,0,0,0,0,0,0,58.5591,0,0,0
"MtrElec",7,16,4,"",49.5617,0,0,0,0,0,0,0,0,0,0,0,0,0,0,0,0,0,0,0,0,49.5617,0,0,0
"MtrElec",7,16,5,"",44.1906,0,0,0,0,0,0,0,0,0,0,0,0,0,0,0,0,0,0,0,0,44.1906,0,0,0
"MtrElec",7,16,6,"",47.9436,0,0,0,0,0,0,0,0,0,0,0,0,0,0,0,0,0,0,0,0,47.9436,0,0,0
"MtrElec",7,16,7,"",78.1652,0,0,0,0,0,0,0,0,0,0,0,0,0,0,0,0,0,0,0,0,89.1865,0,0,-11.0213
"MtrElec",7,16,8,"",74.8757,0,0,0,0,0,0,0,0,0,0,0,0,0,0,0,0,0,0,0,0,111.245,0,0,-36.3689
"MtrElec",7,16,9,"",109.09,0,0,0,0,0,0,0,0,0,0,0,0,0,0,0,0,0,0,0,0,128.52,0,0,-19.4298
"MtrElec",7,16,10,"",75.7189,0,0,0,0,0,0,0,0,0,0,0,0,0,0,0,0,0,0,0,0,115.457,0,0,-39.7381
"MtrElec",7,16,11,"",0,0,0,0,0,0,0,0,0,0,0,0,0,0,0,0,0,0,0,0,0,101.739,0,3.35422,-105.094
"MtrElec",7,16,12,"",-2.10427,0,0,0,0,0,0,0,0,0,0,0,0,0,0,0,0,0,0,0,0,117.915,0,67.8758,-187.895
"MtrElec",7,16,13,"",-64.5348,0,0,0,0,0,0,0,0,0,0,0,0,0,0,0,0,0,0,0,0,68.8795,0,67.8758,-201.29
"MtrElec",7,16,14,"",-55.019,0,0,0,0,0,0,0,0,0,0,0,0,0,0,0,0,0,0,0,0,77.2474,0,67.8758,-200.142
"MtrElec",7,16,15,"",-69.9015,0,0,0,0,0,0,0,0,0,0,0,0,0,0,0,0,0,0,0,0,70.7047,0,46.269,-186.875
"MtrElec",7,16,16,"",-56.2105,0,0,0,0,0,0,0,0,0,0,0,0,0,0,0,0,0,0,0,0,106.359,0,0,-162.569
"MtrElec",7,16,17,"",-13.9129,0,0,0,0,0,0,0,0,0,0,0,0,0,0,0,0,0,0,0,0,112.043,0,0,-125.956
"MtrElec",7,16,18,"",39.3953,0,0,0,0,0,0,0,0,0,0,0,0,0,0,0,0,0,0,0,0,118.439,0,0,-79.0441
"MtrElec",7,16,19,"",54.42,0,0,0,0,0,0,0,0,0,0,0,0,0,0,0,0,0,0,0,0,151.414,0,-67.8758,-29.1179
"MtrElec",7,16,20,"",61.8017,0,0,0,0,0,0,0,0,0,0,0,0,0,0,0,0,0,0,0,0,134.205,0,-67.8758,-4.52783
"MtrElec",7,16,21,"",93.5935,0,0,0,0,0,0,0,0,0,0,0,0,0,0,0,0,0,0,0,0,161.469,0,-67.8758,0
"MtrElec",7,16,22,"",78.5647,0,0,0,0,0,0,0,0,0,0,0,0,0,0,0,0,0,0,0,0,103.496,0,-24.9313,0
"MtrElec",7,16,23,"",102.532,0,0,0,0,0,0,0,0,0,0,0,0,0,0,0,0,0,0,0,0,102.532,0,0,0
"MtrElec",7,16,24,"",64.1759,0,0,0,0,0,0,0,0,0,0,0,0,0,0,0,0,0,0,0,0,64.1759,0,0,0
"MtrElec",7,17,1,"",50.5894,0,0,0,0,0,0,0,0,0,0,0,0,0,0,0,0,0,0,0,0,50.5894,0,0,0
"MtrElec",7,17,2,"",46.8204,0,0,0,0,0,0,0,0,0,0,0,0,0,0,0,0,0,0,0,0,46.8204,0,0,0
"MtrElec",7,17,3,"",44.9734,0,0,0,0,0,0,0,0,0,0,0,0,0,0,0,0,0,0,0,0,44.9734,0,0,0
"MtrElec",7,17,4,"",44.5097,0,0,0,0,0,0,0,0,0,0,0,0,0,0,0,0,0,0,0,0,44.5097,0,0,0
"MtrElec",7,17,5,"",43.8835,0,0,0,0,0,0,0,0,0,0,0,0,0,0,0,0,0,0,0,0,43.8835,0,0,0
"MtrElec",7,17,6,"",47.2987,0,0,0,0,0,0,0,0,0,0,0,0,0,0,0,0,0,0,0,0,47.2987,0,0,0
"MtrElec",7,17,7,"",75.9205,0,0,0,0,0,0,0,0,0,0,0,0,0,0,0,0,0,0,0,0,83.089,0,0,-7.16851
"MtrElec",7,17,8,"",49.2226,0,0,0,0,0,0,0,0,0,0,0,0,0,0,0,0,0,0,0,0,81.1915,0,0,-31.9689
"MtrElec",7,17,9,"",12.3337,0,0,0,0,0,0,0,0,0,0,0,0,0,0,0,0,0,0,0,0,95.8924,0,0,-83.5586
"MtrElec",7,17,10,"",0,0,0,0,0,0,0,0,0,0,0,0,0,0,0,0,0,0,0,0,0,84.591,0,45.3119,-129.903
"MtrElec",7,17,11,"",0.0000039,0,0,0,0,0,0,0,0,0,0,0,0,0,0,0,0,0,0,0,0,102.295,0,60.0234,-162.318
"MtrElec",7,17,12,"",-39.1721,0,0,0,0,0,0,0,0,0,0,0,0,0,0,0,0,0,0,0,0,79.6472,0,67.8758,-186.695
"MtrElec",7,17,13,"",-19.9082,0,0,0,0,0,0,0,0,0,0,0,0,0,0,0,0,0,0,0,0,111.627,0,67.8758,-199.411
"MtrElec",7,17,14,"",-81.4331,0,0,0,0,0,0,0,0,0,0,0,0,0,0,0,0,0,0,0,0,102.565,0,12.1637,-196.162
"MtrElec",7,17,15,"",-87.3569,0,0,0,0,0,0,0,0,0,0,0,0,0,0,0,0,0,0,0,0,97.7019,0,0,-185.059
"MtrElec",7,17,16,"",-52.7174,0,0,0,0,0,0,0,0,0,0,0,0,0,0,0,0,0,0,0,0,109.383,0,0,-162.1
"MtrElec",7,17,17,"",18.4085,0,0,0,0,0,0,0,0,0,0,0,0,0,0,0,0,0,0,0,0,144.864,0,0,-126.455
"MtrElec",7,17,18,"",60.217,0,0,0,0,0,0,0,0,0,0,0,0,0,0,0,0,0,0,0,0,140.583,0,0,-80.3659
"MtrElec",7,17,19,"",69.8183,0,0,0,0,0,0,0,0,0,0,0,0,0,0,0,0,0,0,0,0,167.34,0,-67.8758,-29.6458
"MtrElec",7,17,20,"",69.2634,0,0,0,0,0,0,0,0,0,0,0,0,0,0,0,0,0,0,0,0,141.448,0,-67.8758,-4.309
"MtrElec",7,17,21,"",86.1738,0,0,0,0,0,0,0,0,0,0,0,0,0,0,0,0,0,0,0,0,154.05,0,-67.8758,0
"MtrElec",7,17,22,"",73.4639,0,0,0,0,0,0,0,0,0,0,0,0,0,0,0,0,0,0,0,0,98.3952,0,-24.9313,0
"MtrElec",7,17,23,"",106.252,0,0,0,0,0,0,0,0,0,0,0,0,0,0,0,0,0,0,0,0,106.252,0,0,0
"MtrElec",7,17,24,"",83.2651,0,0,0,0,0,0,0,0,0,0,0,0,0,0,0,0,0,0,0,0,83.2651,0,0,0
"MtrElec",7,18,1,"",60.6324,0,0,0,0,0,0,0,0,0,0,0,0,0,0,0,0,0,0,0,0,60.6324,0,0,0
"MtrElec",7,18,2,"",50.1622,0,0,0,0,0,0,0,0,0,0,0,0,0,0,0,0,0,0,0,0,50.1622,0,0,0
"MtrElec",7,18,3,"",51.7686,0,0,0,0,0,0,0,0,0,0,0,0,0,0,0,0,0,0,0,0,51.7686,0,0,0
"MtrElec",7,18,4,"",48.6912,0,0,0,0,0,0,0,0,0,0,0,0,0,0,0,0,0,0,0,0,48.6912,0,0,0
"MtrElec",7,18,5,"",62.1733,0,0,0,0,0,0,0,0,0,0,0,0,0,0,0,0,0,0,0,0,62.1733,0,0,0
"MtrElec",7,18,6,"",46.6825,0,0,0,0,0,0,0,0,0,0,0,0,0,0,0,0,0,0,0,0,46.6825,0,0,0
"MtrElec",7,18,7,"",46.305,0,0,0,0,0,0,0,0,0,0,0,0,0,0,0,0,0,0,0,0,53.1837,0,0,-6.87862
"MtrElec",7,18,8,"",52.1051,0,0,0,0,0,0,0,0,0,0,0,0,0,0,0,0,0,0,0,0,83.2815,0,0,-31.1764
"MtrElec",7,18,9,"",16.5403,0,0,0,0,0,0,0,0,0,0,0,0,0,0,0,0,0,0,0,0,97.1856,0,0,-80.6453
"MtrElec",7,18,10,"",7.93822,0,0,0,0,0,0,0,0,0,0,0,0,0,0,0,0,0,0,0,0,131.478,0,0,-123.54
"MtrElec",7,18,11,"",0,0,0,0,0,0,0,0,0,0,0,0,0,0,0,0,0,0,0,0,0,119.995,0,37.8159,-157.811
"MtrElec",7,18,12,"",0,0,0,0,0,0,0,0,0,0,0,0,0,0,0,0,0,0,0,0,0,141.026,0,41.3572,-182.383
"MtrElec",7,18,13,"",0,0,0,0,0,0,0,0,0,0,0,0,0,0,0,0,0,0,0,0,0,147.944,0,44.0527,-191.997
"MtrElec",7,18,14,"",0,0,0,0,0,0,0,0,0,0,0,0,0,0,0,0,0,0,0,0,0,136.848,0,53.4089,-190.257
"MtrElec",7,18,15,"",0,0,0,0,0,0,0,0,0,0,0,0,0,0,0,0,0,0,0,0,0,140.206,0,38.7167,-178.923
"MtrElec",7,18,16,"",0,0,0,0,0,0,0,0,0,0,0,0,0,0,0,0,0,0,0,0,0,130.894,0,24.5894,-155.483
"MtrElec",7,18,17,"",27.5742,0,0,0,0,0,0,0,0,0,0,0,0,0,0,0,0,0,0,0,0,148.77,0,0,-121.195
"MtrElec",7,18,18,"",80.1051,0,0,0,0,0,0,0,0,0,0,0,0,0,0,0,0,0,0,0,0,156.415,0,0,-76.3095
"MtrElec",7,18,19,"",98.3364,0,0,0,0,0,0,0,0,0,0,0,0,0,0,0,0,0,0,0,0,194.334,0,-67.8758,-28.1218
"MtrElec",7,18,20,"",64.4208,0,0,0,0,0,0,0,0,0,0,0,0,0,0,0,0,0,0,0,0,136.019,0,-67.8758,-3.72263
"MtrElec",7,18,21,"",65.3802,0,0,0,0,0,0,0,0,0,0,0,0,0,0,0,0,0,0,0,0,133.256,0,-67.8758,0
"MtrElec",7,18,22,"",97.588,0,0,0,0,0,0,0,0,0,0,0,0,0,0,0,0,0,0,0,0,110.507,0,-12.9192,0
"MtrElec",7,18,23,"",112.053,0,0,0,0,0,0,0,0,0,0,0,0,0,0,0,0,0,0,0,0,112.053,0,0,0
"MtrElec",7,18,24,"",112.091,0,0,0,0,0,0,0,0,0,0,0,0,0,0,0,0,0,0,0,0,112.091,0,0,0
"MtrElec",7,19,1,"",62.8881,0,0,0,0,0,0,0,0,0,0,0,0,0,0,0,0,0,0,0,0,62.8881,0,0,0
"MtrElec",7,19,2,"",53.6818,0,0,0,0,0,0,0,0,0,0,0,0,0,0,0,0,0,0,0,0,53.6818,0,0,0
"MtrElec",7,19,3,"",49.6326,0,0,0,0,0,0,0,0,0,0,0,0,0,0,0,0,0,0,0,0,49.6326,0,0,0
"MtrElec",7,19,4,"",47.6768,0,0,0,0,0,0,0,0,0,0,0,0,0,0,0,0,0,0,0,0,47.6768,0,0,0
"MtrElec",7,19,5,"",45.8701,0,0,0,0,0,0,0,0,0,0,0,0,0,0,0,0,0,0,0,0,45.8701,0,0,0
"MtrElec",7,19,6,"",48.3978,0,0,0,0,0,0,0,0,0,0,0,0,0,0,0,0,0,0,0,0,48.3978,0,0,0
"MtrElec",7,19,7,"",51.181,0,0,0,0,0,0,0,0,0,0,0,0,0,0,0,0,0,0,0,0,57.7225,0,0,-6.54149
"MtrElec",7,19,8,"",62.8976,0,0,0,0,0,0,0,0,0,0,0,0,0,0,0,0,0,0,0,0,92.915,0,0,-30.0173
"MtrElec",7,19,9,"",21.2396,0,0,0,0,0,0,0,0,0,0,0,0,0,0,0,0,0,0,0,0,99.1517,0,0,-77.912
"MtrElec",7,19,10,"",0,0,0,0,0,0,0,0,0,0,0,0,0,0,0,0,0,0,0,0,0,97.8878,0,24.3568,-122.245
"MtrElec",7,19,11,"",0.0000020,0,0,0,0,0,0,0,0,0,0,0,0,0,0,0,0,0,0,0,0,129.581,0,26.6183,-156.199
"MtrElec",7,19,12,"",0.0000010,0,0,0,0,0,0,0,0,0,0,0,0,0,0,0,0,0,0,0,0,163.05,0,14.0805,-177.131
"MtrElec",7,19,13,"",0,0,0,0,0,0,0,0,0,0,0,0,0,0,0,0,0,0,0,0,0,122.24,0,66.1512,-188.391
"MtrElec",7,19,14,"",0,0,0,0,0,0,0,0,0,0,0,0,0,0,0,0,0,0,0,0,0,145.063,0,46.5185,-191.581
"MtrElec",7,19,15,"",0,0,0,0,0,0,0,0,0,0,0,0,0,0,0,0,0,0,0,0,0,152.946,0,29.8482,-182.795
"MtrElec",7,19,16,"",0.0000010,0,0,0,0,0,0,0,0,0,0,0,0,0,0,0,0,0,0,0,0,145.47,0,13.4281,-158.899
"MtrElec",7,19,17,"",23.415,0,0,0,0,0,0,0,0,0,0,0,0,0,0,0,0,0,0,0,0,145.545,0,0,-122.13
"MtrElec",7,19,18,"",86.6056,0,0,0,0,0,0,0,0,0,0,0,0,0,0,0,0,0,0,0,0,163.782,0,0,-77.1764
"MtrElec",7,19,19,"",82.381,0,0,0,0,0,0,0,0,0,0,0,0,0,0,0,0,0,0,0,0,178.368,0,-67.8758,-28.1115
"MtrElec",7,19,20,"",115.097,0,0,0,0,0,0,0,0,0,0,0,0,0,0,0,0,0,0,0,0,186.868,0,-67.8758,-3.89436
"MtrElec",7,19,21,"",60.6006,0,0,0,0,0,0,0,0,0,0,0,0,0,0,0,0,0,0,0,0,124.303,0,-63.7023,0
"MtrElec",7,19,22,"",142.895,0,0,0,0,0,0,0,0,0,0,0,0,0,0,0,0,0,0,0,0,142.895,0,0,0
"MtrElec",7,19,23,"",93.8646,0,0,0,0,0,0,0,0,0,0,0,0,0,0,0,0,0,0,0,0,93.8646,0,0,0
"MtrElec",7,19,24,"",110.153,0,0,0,0,0,0,0,0,0,0,0,0,0,0,0,0,0,0,0,0,110.153,0,0,0
"MtrElec",7,20,1,"",66.2487,0,0,0,0,0,0,0,0,0,0,0,0,0,0,0,0,0,0,0,0,66.2487,0,0,0
"MtrElec",7,20,2,"",52.5746,0,0,0,0,0,0,0,0,0,0,0,0,0,0,0,0,0,0,0,0,52.5746,0,0,0
"MtrElec",7,20,3,"",48.3449,0,0,0,0,0,0,0,0,0,0,0,0,0,0,0,0,0,0,0,0,48.3449,0,0,0
"MtrElec",7,20,4,"",46.1929,0,0,0,0,0,0,0,0,0,0,0,0,0,0,0,0,0,0,0,0,46.1929,0,0,0
"MtrElec",7,20,5,"",44.7161,0,0,0,0,0,0,0,0,0,0,0,0,0,0,0,0,0,0,0,0,44.7161,0,0,0
"MtrElec",7,20,6,"",48.2248,0,0,0,0,0,0,0,0,0,0,0,0,0,0,0,0,0,0,0,0,48.2248,0,0,0
"MtrElec",7,20,7,"",75.9544,0,0,0,0,0,0,0,0,0,0,0,0,0,0,0,0,0,0,0,0,82.6175,0,0,-6.66308
"MtrElec",7,20,8,"",73.2284,0,0,0,0,0,0,0,0,0,0,0,0,0,0,0,0,0,0,0,0,104.555,0,0,-31.3267
"MtrElec",7,20,9,"",52.5776,0,0,0,0,0,0,0,0,0,0,0,0,0,0,0,0,0,0,0,0,133.895,0,0,-81.3178
"MtrElec",7,20,10,"",6.21927,0,0,0,0,0,0,0,0,0,0,0,0,0,0,0,0,0,0,0,0,131.131,0,0,-124.911
"MtrElec",7,20,11,"",0,0,0,0,0,0,0,0,0,0,0,0,0,0,0,0,0,0,0,0,0,121.979,0,38.4532,-160.432
"MtrElec",7,20,12,"",0,0,0,0,0,0,0,0,0,0,0,0,0,0,0,0,0,0,0,0,0,135.562,0,49.1521,-184.714
"MtrElec",7,20,13,"",-20.2069,0,0,0,0,0,0,0,0,0,0,0,0,0,0,0,0,0,0,0,0,107.205,0,67.8758,-195.288
"MtrElec",7,20,14,"",-33.096,0,0,0,0,0,0,0,0,0,0,0,0,0,0,0,0,0,0,0,0,93.1064,0,67.8758,-194.078
"MtrElec",7,20,15,"",-43.282,0,0,0,0,0,0,0,0,0,0,0,0,0,0,0,0,0,0,0,0,109.547,0,29.8937,-182.723
"MtrElec",7,20,16,"",-32.725,0,0,0,0,0,0,0,0,0,0,0,0,0,0,0,0,0,0,0,0,127.222,0,0,-159.947
"MtrElec",7,20,17,"",10.9743,0,0,0,0,0,0,0,0,0,0,0,0,0,0,0,0,0,0,0,0,136.266,0,0,-125.292
"MtrElec",7,20,18,"",78.5033,0,0,0,0,0,0,0,0,0,0,0,0,0,0,0,0,0,0,0,0,157.781,0,0,-79.2778
"MtrElec",7,20,19,"",60.7713,0,0,0,0,0,0,0,0,0,0,0,0,0,0,0,0,0,0,0,0,157.547,0,-67.8758,-28.8999
"MtrElec",7,20,20,"",76.9745,0,0,0,0,0,0,0,0,0,0,0,0,0,0,0,0,0,0,0,0,148.791,0,-67.8758,-3.94092
"MtrElec",7,20,21,"",61.2423,0,0,0,0,0,0,0,0,0,0,0,0,0,0,0,0,0,0,0,0,129.118,0,-67.8758,0
"MtrElec",7,20,22,"",87.8031,0,0,0,0,0,0,0,0,0,0,0,0,0,0,0,0,0,0,0,0,112.734,0,-24.9313,0
"MtrElec",7,20,23,"",89.0214,0,0,0,0,0,0,0,0,0,0,0,0,0,0,0,0,0,0,0,0,89.0214,0,0,0
"MtrElec",7,20,24,"",72.9099,0,0,0,0,0,0,0,0,0,0,0,0,0,0,0,0,0,0,0,0,72.9099,0,0,0
"MtrElec",7,21,1,"",71.6761,0,0,0,0,0,0,0,0,0,0,0,0,0,0,0,0,0,0,0,0,71.6761,0,0,0
"MtrElec",7,21,2,"",53.8166,0,0,0,0,0,0,0,0,0,0,0,0,0,0,0,0,0,0,0,0,53.8166,0,0,0
"MtrElec",7,21,3,"",48.0723,0,0,0,0,0,0,0,0,0,0,0,0,0,0,0,0,0,0,0,0,48.0723,0,0,0
"MtrElec",7,21,4,"",45.1627,0,0,0,0,0,0,0,0,0,0,0,0,0,0,0,0,0,0,0,0,45.1627,0,0,0
"MtrElec",7,21,5,"",44.2851,0,0,0,0,0,0,0,0,0,0,0,0,0,0,0,0,0,0,0,0,44.2851,0,0,0
"MtrElec",7,21,6,"",47.7969,0,0,0,0,0,0,0,0,0,0,0,0,0,0,0,0,0,0,0,0,47.7969,0,0,0
"MtrElec",7,21,7,"",65.7159,0,0,0,0,0,0,0,0,0,0,0,0,0,0,0,0,0,0,0,0,75.2674,0,0,-9.55146
"MtrElec",7,21,8,"",59.9279,0,0,0,0,0,0,0,0,0,0,0,0,0,0,0,0,0,0,0,0,78.7477,0,0,-18.8199
"MtrElec",7,21,9,"",7.56228,0,0,0,0,0,0,0,0,0,0,0,0,0,0,0,0,0,0,0,0,61.2155,0,0,-53.6532
"MtrElec",7,21,10,"",0.0000020,0,0,0,0,0,0,0,0,0,0,0,0,0,0,0,0,0,0,0,0,107.792,0,18.3078,-126.1
"MtrElec",7,21,11,"",0.0000039,0,0,0,0,0,0,0,0,0,0,0,0,0,0,0,0,0,0,0,0,104.495,0,60.334,-164.829
"MtrElec",7,21,12,"",-21.2673,0,0,0,0,0,0,0,0,0,0,0,0,0,0,0,0,0,0,0,0,99.2984,0,67.8758,-188.441
"MtrElec",7,21,13,"",-46.2235,0,0,0,0,0,0,0,0,0,0,0,0,0,0,0,0,0,0,0,0,86.0388,0,67.8758,-200.138
"MtrElec",7,21,14,"",-49.2965,0,0,0,0,0,0,0,0,0,0,0,0,0,0,0,0,0,0,0,0,110.893,0,38.8572,-199.047
"MtrElec",7,21,15,"",-92.1598,0,0,0,0,0,0,0,0,0,0,0,0,0,0,0,0,0,0,0,0,93.322,0,0,-185.482
"MtrElec",7,21,16,"",-42.0073,0,0,0,0,0,0,0,0,0,0,0,0,0,0,0,0,0,0,0,0,119.95,0,0,-161.957
"MtrElec",7,21,17,"",22.1533,0,0,0,0,0,0,0,0,0,0,0,0,0,0,0,0,0,0,0,0,149.853,0,0,-127.7
"MtrElec",7,21,18,"",50.3312,0,0,0,0,0,0,0,0,0,0,0,0,0,0,0,0,0,0,0,0,131.606,0,0,-81.2747
"MtrElec",7,21,19,"",66.35,0,0,0,0,0,0,0,0,0,0,0,0,0,0,0,0,0,0,0,0,163.977,0,-67.8758,-29.7511
"MtrElec",7,21,20,"",67.0954,0,0,0,0,0,0,0,0,0,0,0,0,0,0,0,0,0,0,0,0,139.165,0,-67.8758,-4.19362
"MtrElec",7,21,21,"",74.9632,0,0,0,0,0,0,0,0,0,0,0,0,0,0,0,0,0,0,0,0,142.839,0,-67.8758,0
"MtrElec",7,21,22,"",99.0164,0,0,0,0,0,0,0,0,0,0,0,0,0,0,0,0,0,0,0,0,123.948,0,-24.9313,0
"MtrElec",7,21,23,"",99.5482,0,0,0,0,0,0,0,0,0,0,0,0,0,0,0,0,0,0,0,0,99.5482,0,0,0
"MtrElec",7,21,24,"",106.567,0,0,0,0,0,0,0,0,0,0,0,0,0,0,0,0,0,0,0,0,106.567,0,0,0
"MtrElec",7,22,1,"",56.9681,0,0,0,0,0,0,0,0,0,0,0,0,0,0,0,0,0,0,0,0,56.9681,0,0,0
"MtrElec",7,22,2,"",46.9954,0,0,0,0,0,0,0,0,0,0,0,0,0,0,0,0,0,0,0,0,46.9954,0,0,0
"MtrElec",7,22,3,"",45.0645,0,0,0,0,0,0,0,0,0,0,0,0,0,0,0,0,0,0,0,0,45.0645,0,0,0
"MtrElec",7,22,4,"",44.8502,0,0,0,0,0,0,0,0,0,0,0,0,0,0,0,0,0,0,0,0,44.8502,0,0,0
"MtrElec",7,22,5,"",44.3848,0,0,0,0,0,0,0,0,0,0,0,0,0,0,0,0,0,0,0,0,44.3848,0,0,0
"MtrElec",7,22,6,"",48.0112,0,0,0,0,0,0,0,0,0,0,0,0,0,0,0,0,0,0,0,0,48.0112,0,0,0
"MtrElec",7,22,7,"",66.6073,0,0,0,0,0,0,0,0,0,0,0,0,0,0,0,0,0,0,0,0,77.1727,0,0,-10.5654
"MtrElec",7,22,8,"",50.3177,0,0,0,0,0,0,0,0,0,0,0,0,0,0,0,0,0,0,0,0,90.4033,0,0,-40.0856
"MtrElec",7,22,9,"",64.2163,0,0,0,0,0,0,0,0,0,0,0,0,0,0,0,0,0,0,0,0,94.6739,0,0,-30.4576
"MtrElec",7,22,10,"",27.6862,0,0,0,0,0,0,0,0,0,0,0,0,0,0,0,0,0,0,0,0,106.894,0,0,-79.2076
"MtrElec",7,22,11,"",0.0000039,0,0,0,0,0,0,0,0,0,0,0,0,0,0,0,0,0,0,0,0,116.612,0,51.3025,-167.915
"MtrElec",7,22,12,"",-5.84103,0,0,0,0,0,0,0,0,0,0,0,0,0,0,0,0,0,0,0,0,115.336,0,67.8758,-189.053
"MtrElec",7,22,13,"",0,0,0,0,0,0,0,0,0,0,0,0,0,0,0,0,0,0,0,0,0,141.015,0,55.2879,-196.303
"MtrElec",7,22,14,"",-44.2635,0,0,0,0,0,0,0,0,0,0,0,0,0,0,0,0,0,0,0,0,80.7111,0,67.8758,-192.85
"MtrElec",7,22,15,"",-74.036,0,0,0,0,0,0,0,0,0,0,0,0,0,0,0,0,0,0,0,0,96.9119,0,10.9086,-181.857
"MtrElec",7,22,16,"",-58.1635,0,0,0,0,0,0,0,0,0,0,0,0,0,0,0,0,0,0,0,0,101.993,0,0,-160.156
"MtrElec",7,22,17,"",0.0128281,0,0,0,0,0,0,0,0,0,0,0,0,0,0,0,0,0,0,0,0,124.86,0,0,-124.847
"MtrElec",7,22,18,"",78.3778,0,0,0,0,0,0,0,0,0,0,0,0,0,0,0,0,0,0,0,0,156.357,0,0,-77.9787
"MtrElec",7,22,19,"",52.3786,0,0,0,0,0,0,0,0,0,0,0,0,0,0,0,0,0,0,0,0,148.651,0,-67.8758,-28.3962
"MtrElec",7,22,20,"",80.4695,0,0,0,0,0,0,0,0,0,0,0,0,0,0,0,0,0,0,0,0,152.157,0,-67.8758,-3.8119
"MtrElec",7,22,21,"",40.1263,0,0,0,0,0,0,0,0,0,0,0,0,0,0,0,0,0,0,0,0,108.002,0,-67.8758,0
"MtrElec",7,22,22,"",102.475,0,0,0,0,0,0,0,0,0,0,0,0,0,0,0,0,0,0,0,0,127.406,0,-24.9313,0
"MtrElec",7,22,23,"",102.904,0,0,0,0,0,0,0,0,0,0,0,0,0,0,0,0,0,0,0,0,102.904,0,0,0
"MtrElec",7,22,24,"",118.993,0,0,0,0,0,0,0,0,0,0,0,0,0,0,0,0,0,0,0,0,118.993,0,0,0
"MtrElec",7,23,1,"",62.8144,0,0,0,0,0,0,0,0,0,0,0,0,0,0,0,0,0,0,0,0,62.8144,0,0,0
"MtrElec",7,23,2,"",48.9253,0,0,0,0,0,0,0,0,0,0,0,0,0,0,0,0,0,0,0,0,48.9253,0,0,0
"MtrElec",7,23,3,"",45.9069,0,0,0,0,0,0,0,0,0,0,0,0,0,0,0,0,0,0,0,0,45.9069,0,0,0
"MtrElec",7,23,4,"",44.699,0,0,0,0,0,0,0,0,0,0,0,0,0,0,0,0,0,0,0,0,44.699,0,0,0
"MtrElec",7,23,5,"",44.2046,0,0,0,0,0,0,0,0,0,0,0,0,0,0,0,0,0,0,0,0,44.2046,0,0,0
"MtrElec",7,23,6,"",47.8293,0,0,0,0,0,0,0,0,0,0,0,0,0,0,0,0,0,0,0,0,47.8293,0,0,0
"MtrElec",7,23,7,"",46.3446,0,0,0,0,0,0,0,0,0,0,0,0,0,0,0,0,0,0,0,0,52.8291,0,0,-6.48453
"MtrElec",7,23,8,"",70.3675,0,0,0,0,0,0,0,0,0,0,0,0,0,0,0,0,0,0,0,0,100.15,0,0,-29.7829
"MtrElec",7,23,9,"",27.654,0,0,0,0,0,0,0,0,0,0,0,0,0,0,0,0,0,0,0,0,108.12,0,0,-80.4662
"MtrElec",7,23,10,"",0,0,0,0,0,0,0,0,0,0,0,0,0,0,0,0,0,0,0,0,0,125.782,0,2.80006,-128.582
"MtrElec",7,23,11,"",0.0000020,0,0,0,0,0,0,0,0,0,0,0,0,0,0,0,0,0,0,0,0,134.719,0,24.6631,-159.383
"MtrElec",7,23,12,"",-27.8977,0,0,0,0,0,0,0,0,0,0,0,0,0,0,0,0,0,0,0,0,88.3591,0,67.8758,-184.133
"MtrElec",7,23,13,"",-26.709,0,0,0,0,0,0,0,0,0,0,0,0,0,0,0,0,0,0,0,0,102.842,0,67.8758,-197.426
"MtrElec",7,23,14,"",-20.4641,0,0,0,0,0,0,0,0,0,0,0,0,0,0,0,0,0,0,0,0,107.202,0,67.8758,-195.541
"MtrElec",7,23,15,"",-57.9225,0,0,0,0,0,0,0,0,0,0,0,0,0,0,0,0,0,0,0,0,104.155,0,22.1601,-184.237
"MtrElec",7,23,16,"",-53.6166,0,0,0,0,0,0,0,0,0,0,0,0,0,0,0,0,0,0,0,0,106.697,0,0,-160.314
"MtrElec",7,23,17,"",10.561,0,0,0,0,0,0,0,0,0,0,0,0,0,0,0,0,0,0,0,0,134.235,0,0,-123.674
"MtrElec",7,23,18,"",87.7517,0,0,0,0,0,0,0,0,0,0,0,0,0,0,0,0,0,0,0,0,164.621,0,0,-76.8697
"MtrElec",7,23,19,"",51.8166,0,0,0,0,0,0,0,0,0,0,0,0,0,0,0,0,0,0,0,0,147.221,0,-67.8758,-27.5285
"MtrElec",7,23,20,"",87.2527,0,0,0,0,0,0,0,0,0,0,0,0,0,0,0,0,0,0,0,0,158.928,0,-67.8758,-3.79942
"MtrElec",7,23,21,"",64.7295,0,0,0,0,0,0,0,0,0,0,0,0,0,0,0,0,0,0,0,0,132.605,0,-67.8758,0
"MtrElec",7,23,22,"",94.6342,0,0,0,0,0,0,0,0,0,0,0,0,0,0,0,0,0,0,0,0,119.565,0,-24.9313,0
"MtrElec",7,23,23,"",75.4957,0,0,0,0,0,0,0,0,0,0,0,0,0,0,0,0,0,0,0,0,75.4957,0,0,0
"MtrElec",7,23,24,"",73.0481,0,0,0,0,0,0,0,0,0,0,0,0,0,0,0,0,0,0,0,0,73.0481,0,0,0
"MtrElec",7,24,1,"",86.2951,0,0,0,0,0,0,0,0,0,0,0,0,0,0,0,0,0,0,0,0,86.2951,0,0,0
"MtrElec",7,24,2,"",50.5723,0,0,0,0,0,0,0,0,0,0,0,0,0,0,0,0,0,0,0,0,50.5723,0,0,0
"MtrElec",7,24,3,"",47.0097,0,0,0,0,0,0,0,0,0,0,0,0,0,0,0,0,0,0,0,0,47.0097,0,0,0
"MtrElec",7,24,4,"",45.49,0,0,0,0,0,0,0,0,0,0,0,0,0,0,0,0,0,0,0,0,45.49,0,0,0
"MtrElec",7,24,5,"",44.7059,0,0,0,0,0,0,0,0,0,0,0,0,0,0,0,0,0,0,0,0,44.7059,0,0,0
"MtrElec",7,24,6,"",49.1147,0,0,0,0,0,0,0,0,0,0,0,0,0,0,0,0,0,0,0,0,49.1147,0,0,0
"MtrElec",7,24,7,"",78.122,0,0,0,0,0,0,0,0,0,0,0,0,0,0,0,0,0,0,0,0,83.5346,0,0,-5.41262
"MtrElec",7,24,8,"",65.7914,0,0,0,0,0,0,0,0,0,0,0,0,0,0,0,0,0,0,0,0,95.0615,0,0,-29.2701
"MtrElec",7,24,9,"",16.2248,0,0,0,0,0,0,0,0,0,0,0,0,0,0,0,0,0,0,0,0,92.399,0,0,-76.1742
"MtrElec",7,24,10,"",0.0000010,0,0,0,0,0,0,0,0,0,0,0,0,0,0,0,0,0,0,0,0,109.446,0,8.51726,-117.963
"MtrElec",7,24,11,"",0,0,0,0,0,0,0,0,0,0,0,0,0,0,0,0,0,0,0,0,0,93.307,0,55.8215,-149.129
"MtrElec",7,24,12,"",0,0,0,0,0,0,0,0,0,0,0,0,0,0,0,0,0,0,0,0,0,114.203,0,58.2975,-172.5
"MtrElec",7,24,13,"",0.0000039,0,0,0,0,0,0,0,0,0,0,0,0,0,0,0,0,0,0,0,0,119.084,0,65.2756,-184.36
"MtrElec",7,24,14,"",-9.04208,0,0,0,0,0,0,0,0,0,0,0,0,0,0,0,0,0,0,0,0,108.378,0,65.3387,-182.759
"MtrElec",7,24,15,"",-47.4046,0,0,0,0,0,0,0,0,0,0,0,0,0,0,0,0,0,0,0,0,123.721,0,0,-171.126
"MtrElec",7,24,16,"",-36.7108,0,0,0,0,0,0,0,0,0,0,0,0,0,0,0,0,0,0,0,0,112.485,0,0,-149.195
"MtrElec",7,24,17,"",13.575,0,0,0,0,0,0,0,0,0,0,0,0,0,0,0,0,0,0,0,0,128.585,0,0,-115.01
"MtrElec",7,24,18,"",97.2884,0,0,0,0,0,0,0,0,0,0,0,0,0,0,0,0,0,0,0,0,166.035,0,0,-68.7467
"MtrElec",7,24,19,"",78.6216,0,0,0,0,0,0,0,0,0,0,0,0,0,0,0,0,0,0,0,0,170.525,0,-67.8758,-24.0281
"MtrElec",7,24,20,"",99.1858,0,0,0,0,0,0,0,0,0,0,0,0,0,0,0,0,0,0,0,0,170.91,0,-67.8758,-3.84874
"MtrElec",7,24,21,"",93.227,0,0,0,0,0,0,0,0,0,0,0,0,0,0,0,0,0,0,0,0,161.103,0,-67.8758,0
"MtrElec",7,24,22,"",93.0114,0,0,0,0,0,0,0,0,0,0,0,0,0,0,0,0,0,0,0,0,117.943,0,-24.9313,0
"MtrElec",7,24,23,"",128.843,0,0,0,0,0,0,0,0,0,0,0,0,0,0,0,0,0,0,0,0,128.843,0,0,0
"MtrElec",7,24,24,"",92.8628,0,0,0,0,0,0,0,0,0,0,0,0,0,0,0,0,0,0,0,0,92.8628,0,0,0
"MtrElec",7,25,1,"",79.3104,0,0,0,0,0,0,0,0,0,0,0,0,0,0,0,0,0,0,0,0,79.3104,0,0,0
"MtrElec",7,25,2,"",53.1878,0,0,0,0,0,0,0,0,0,0,0,0,0,0,0,0,0,0,0,0,53.1878,0,0,0
"MtrElec",7,25,3,"",51.7062,0,0,0,0,0,0,0,0,0,0,0,0,0,0,0,0,0,0,0,0,51.7062,0,0,0
"MtrElec",7,25,4,"",49.8657,0,0,0,0,0,0,0,0,0,0,0,0,0,0,0,0,0,0,0,0,49.8657,0,0,0
"MtrElec",7,25,5,"",47.1588,0,0,0,0,0,0,0,0,0,0,0,0,0,0,0,0,0,0,0,0,47.1588,0,0,0
"MtrElec",7,25,6,"",50.0148,0,0,0,0,0,0,0,0,0,0,0,0,0,0,0,0,0,0,0,0,50.0148,0,0,0
"MtrElec",7,25,7,"",71.3492,0,0,0,0,0,0,0,0,0,0,0,0,0,0,0,0,0,0,0,0,77.2273,0,0,-5.87816
"MtrElec",7,25,8,"",53.153,0,0,0,0,0,0,0,0,0,0,0,0,0,0,0,0,0,0,0,0,82.4506,0,0,-29.2976
"MtrElec",7,25,9,"",24.6492,0,0,0,0,0,0,0,0,0,0,0,0,0,0,0,0,0,0,0,0,97.7288,0,0,-73.0796
"MtrElec",7,25,10,"",1.86444,0,0,0,0,0,0,0,0,0,0,0,0,0,0,0,0,0,0,0,0,115.086,0,0,-113.222
"MtrElec",7,25,11,"",0,0,0,0,0,0,0,0,0,0,0,0,0,0,0,0,0,0,0,0,0,146.105,0,0.0654531,-146.171
"MtrElec",7,25,12,"",0,0,0,0,0,0,0,0,0,0,0,0,0,0,0,0,0,0,0,0,0,157.869,0,13.8849,-171.754
"MtrElec",7,25,13,"",0,0,0,0,0,0,0,0,0,0,0,0,0,0,0,0,0,0,0,0,0,147.878,0,35.3172,-183.195
"MtrElec",7,25,14,"",0,0,0,0,0,0,0,0,0,0,0,0,0,0,0,0,0,0,0,0,0,151.862,0,31.5847,-183.447
"MtrElec",7,25,15,"",0.0000039,0,0,0,0,0,0,0,0,0,0,0,0,0,0,0,0,0,0,0,0,137.309,0,36.4684,-173.778
"MtrElec",7,25,16,"",0.0000020,0,0,0,0,0,0,0,0,0,0,0,0,0,0,0,0,0,0,0,0,119.713,0,29.621,-149.334
"MtrElec",7,25,17,"",29.5636,0,0,0,0,0,0,0,0,0,0,0,0,0,0,0,0,0,0,0,0,144.74,0,0,-115.176
"MtrElec",7,25,18,"",87.1089,0,0,0,0,0,0,0,0,0,0,0,0,0,0,0,0,0,0,0,0,158.365,0,0,-71.256
"MtrElec",7,25,19,"",98.6137,0,0,0,0,0,0,0,0,0,0,0,0,0,0,0,0,0,0,0,0,192.808,0,-67.8758,-26.3186
"MtrElec",7,25,20,"",114.822,0,0,0,0,0,0,0,0,0,0,0,0,0,0,0,0,0,0,0,0,183.403,0,-64.7391,-3.84214
"MtrElec",7,25,21,"",134.555,0,0,0,0,0,0,0,0,0,0,0,0,0,0,0,0,0,0,0,0,134.555,0,0,0
"MtrElec",7,25,22,"",141.36,0,0,0,0,0,0,0,0,0,0,0,0,0,0,0,0,0,0,0,0,141.36,0,0,0
"MtrElec",7,25,23,"",109.262,0,0,0,0,0,0,0,0,0,0,0,0,0,0,0,0,0,0,0,0,109.262,0,0,0
"MtrElec",7,25,24,"",95.7873,0,0,0,0,0,0,0,0,0,0,0,0,0,0,0,0,0,0,0,0,95.7873,0,0,0
"MtrElec",7,26,1,"",80.2501,0,0,0,0,0,0,0,0,0,0,0,0,0,0,0,0,0,0,0,0,80.2501,0,0,0
"MtrElec",7,26,2,"",55.8356,0,0,0,0,0,0,0,0,0,0,0,0,0,0,0,0,0,0,0,0,55.8356,0,0,0
"MtrElec",7,26,3,"",55.8789,0,0,0,0,0,0,0,0,0,0,0,0,0,0,0,0,0,0,0,0,55.8789,0,0,0
"MtrElec",7,26,4,"",52.7636,0,0,0,0,0,0,0,0,0,0,0,0,0,0,0,0,0,0,0,0,52.7636,0,0,0
"MtrElec",7,26,5,"",47.7962,0,0,0,0,0,0,0,0,0,0,0,0,0,0,0,0,0,0,0,0,47.7962,0,0,0
"MtrElec",7,26,6,"",50.0646,0,0,0,0,0,0,0,0,0,0,0,0,0,0,0,0,0,0,0,0,50.0646,0,0,0
"MtrElec",7,26,7,"",52.9192,0,0,0,0,0,0,0,0,0,0,0,0,0,0,0,0,0,0,0,0,58.4534,0,0,-5.53415
"MtrElec",7,26,8,"",39.8508,0,0,0,0,0,0,0,0,0,0,0,0,0,0,0,0,0,0,0,0,68.3332,0,0,-28.4824
"MtrElec",7,26,9,"",21.1801,0,0,0,0,0,0,0,0,0,0,0,0,0,0,0,0,0,0,0,0,95.8532,0,0,-74.6731
"MtrElec",7,26,10,"",0.0000002,0,0,0,0,0,0,0,0,0,0,0,0,0,0,0,0,0,0,0,0,112.849,0,3.71387,-116.563
"MtrElec",7,26,11,"",0.0000020,0,0,0,0,0,0,0,0,0,0,0,0,0,0,0,0,0,0,0,0,130.003,0,19.6649,-149.668
"MtrElec",7,26,12,"",0,0,0,0,0,0,0,0,0,0,0,0,0,0,0,0,0,0,0,0,0,140.52,0,33.3358,-173.856
"MtrElec",7,26,13,"",0,0,0,0,0,0,0,0,0,0,0,0,0,0,0,0,0,0,0,0,0,126.467,0,59.8603,-186.327
"MtrElec",7,26,14,"",0,0,0,0,0,0,0,0,0,0,0,0,0,0,0,0,0,0,0,0,0,122.246,0,65.6144,-187.86
"MtrElec",7,26,15,"",0,0,0,0,0,0,0,0,0,0,0,0,0,0,0,0,0,0,0,0,0,111.839,0,65.2085,-177.048
"MtrElec",7,26,16,"",-34.8741,0,0,0,0,0,0,0,0,0,0,0,0,0,0,0,0,0,0,0,0,112.941,0,5.85284,-153.668
"MtrElec",7,26,17,"",13.0188,0,0,0,0,0,0,0,0,0,0,0,0,0,0,0,0,0,0,0,0,131.808,0,0,-118.789
"MtrElec",7,26,18,"",54.6259,0,0,0,0,0,0,0,0,0,0,0,0,0,0,0,0,0,0,0,0,128.625,0,0,-73.9988
"MtrElec",7,26,19,"",86.5026,0,0,0,0,0,0,0,0,0,0,0,0,0,0,0,0,0,0,0,0,180.686,0,-67.8758,-26.3078
"MtrElec",7,26,20,"",63.1868,0,0,0,0,0,0,0,0,0,0,0,0,0,0,0,0,0,0,0,0,134.511,0,-67.8758,-3.44845
"MtrElec",7,26,21,"",69.368,0,0,0,0,0,0,0,0,0,0,0,0,0,0,0,0,0,0,0,0,137.244,0,-67.8758,0
"MtrElec",7,26,22,"",80.8809,0,0,0,0,0,0,0,0,0,0,0,0,0,0,0,0,0,0,0,0,105.812,0,-24.9313,0
"MtrElec",7,26,23,"",92.3789,0,0,0,0,0,0,0,0,0,0,0,0,0,0,0,0,0,0,0,0,92.3789,0,0,0
"MtrElec",7,26,24,"",77.7029,0,0,0,0,0,0,0,0,0,0,0,0,0,0,0,0,0,0,0,0,77.7029,0,0,0
"MtrElec",7,27,1,"",61.4605,0,0,0,0,0,0,0,0,0,0,0,0,0,0,0,0,0,0,0,0,61.4605,0,0,0
"MtrElec",7,27,2,"",48.6534,0,0,0,0,0,0,0,0,0,0,0,0,0,0,0,0,0,0,0,0,48.6534,0,0,0
"MtrElec",7,27,3,"",49.3324,0,0,0,0,0,0,0,0,0,0,0,0,0,0,0,0,0,0,0,0,49.3324,0,0,0
"MtrElec",7,27,4,"",49.4112,0,0,0,0,0,0,0,0,0,0,0,0,0,0,0,0,0,0,0,0,49.4112,0,0,0
"MtrElec",7,27,5,"",49.1546,0,0,0,0,0,0,0,0,0,0,0,0,0,0,0,0,0,0,0,0,49.1546,0,0,0
"MtrElec",7,27,6,"",59.7865,0,0,0,0,0,0,0,0,0,0,0,0,0,0,0,0,0,0,0,0,59.7865,0,0,0
"MtrElec",7,27,7,"",56.2139,0,0,0,0,0,0,0,0,0,0,0,0,0,0,0,0,0,0,0,0,65.0415,0,0,-8.82766
"MtrElec",7,27,8,"",63.212,0,0,0,0,0,0,0,0,0,0,0,0,0,0,0,0,0,0,0,0,99.9522,0,0,-36.7402
"MtrElec",7,27,9,"",54.7435,0,0,0,0,0,0,0,0,0,0,0,0,0,0,0,0,0,0,0,0,91.0202,0,0,-36.2767
"MtrElec",7,27,10,"",42.2327,0,0,0,0,0,0,0,0,0,0,0,0,0,0,0,0,0,0,0,0,121.491,0,0,-79.2583
"MtrElec",7,27,11,"",0.0000039,0,0,0,0,0,0,0,0,0,0,0,0,0,0,0,0,0,0,0,0,108.525,0,48.9696,-157.494
"MtrElec",7,27,12,"",0,0,0,0,0,0,0,0,0,0,0,0,0,0,0,0,0,0,0,0,0,122.718,0,57.965,-180.683
"MtrElec",7,27,13,"",-4.94961,0,0,0,0,0,0,0,0,0,0,0,0,0,0,0,0,0,0,0,0,118.966,0,67.8758,-191.791
"MtrElec",7,27,14,"",-16.6288,0,0,0,0,0,0,0,0,0,0,0,0,0,0,0,0,0,0,0,0,105.8,0,67.8758,-190.305
"MtrElec",7,27,15,"",-82.8676,0,0,0,0,0,0,0,0,0,0,0,0,0,0,0,0,0,0,0,0,85.1138,0,10.5645,-178.546
"MtrElec",7,27,16,"",-38.1676,0,0,0,0,0,0,0,0,0,0,0,0,0,0,0,0,0,0,0,0,117.294,0,0,-155.462
"MtrElec",7,27,17,"",4.71177,0,0,0,0,0,0,0,0,0,0,0,0,0,0,0,0,0,0,0,0,125.328,0,0,-120.616
"MtrElec",7,27,18,"",61.5061,0,0,0,0,0,0,0,0,0,0,0,0,0,0,0,0,0,0,0,0,136.053,0,0,-74.5465
"MtrElec",7,27,19,"",42.6984,0,0,0,0,0,0,0,0,0,0,0,0,0,0,0,0,0,0,0,0,137.739,0,-67.8758,-27.1643
"MtrElec",7,27,20,"",86.3391,0,0,0,0,0,0,0,0,0,0,0,0,0,0,0,0,0,0,0,0,158.185,0,-67.8758,-3.97054
"MtrElec",7,27,21,"",106.271,0,0,0,0,0,0,0,0,0,0,0,0,0,0,0,0,0,0,0,0,174.146,0,-67.8758,0
"MtrElec",7,27,22,"",73.222,0,0,0,0,0,0,0,0,0,0,0,0,0,0,0,0,0,0,0,0,98.1533,0,-24.9313,0
"MtrElec",7,27,23,"",114.02,0,0,0,0,0,0,0,0,0,0,0,0,0,0,0,0,0,0,0,0,114.02,0,0,0
"MtrElec",7,27,24,"",92.5154,0,0,0,0,0,0,0,0,0,0,0,0,0,0,0,0,0,0,0,0,92.5154,0,0,0
"MtrElec",7,28,1,"",68.3267,0,0,0,0,0,0,0,0,0,0,0,0,0,0,0,0,0,0,0,0,68.3267,0,0,0
"MtrElec",7,28,2,"",47.6673,0,0,0,0,0,0,0,0,0,0,0,0,0,0,0,0,0,0,0,0,47.6673,0,0,0
"MtrElec",7,28,3,"",63.9561,0,0,0,0,0,0,0,0,0,0,0,0,0,0,0,0,0,0,0,0,63.9561,0,0,0
"MtrElec",7,28,4,"",45.1682,0,0,0,0,0,0,0,0,0,0,0,0,0,0,0,0,0,0,0,0,45.1682,0,0,0
"MtrElec",7,28,5,"",44.4906,0,0,0,0,0,0,0,0,0,0,0,0,0,0,0,0,0,0,0,0,44.4906,0,0,0
"MtrElec",7,28,6,"",48.0443,0,0,0,0,0,0,0,0,0,0,0,0,0,0,0,0,0,0,0,0,48.0443,0,0,0
"MtrElec",7,28,7,"",55.0274,0,0,0,0,0,0,0,0,0,0,0,0,0,0,0,0,0,0,0,0,60.6603,0,0,-5.63292
"MtrElec",7,28,8,"",61.8257,0,0,0,0,0,0,0,0,0,0,0,0,0,0,0,0,0,0,0,0,91.2273,0,0,-29.4016
"MtrElec",7,28,9,"",12.4055,0,0,0,0,0,0,0,0,0,0,0,0,0,0,0,0,0,0,0,0,88.8439,0,0,-76.4384
"MtrElec",7,28,10,"",0.0000005,0,0,0,0,0,0,0,0,0,0,0,0,0,0,0,0,0,0,0,0,114.483,0,5.39789,-119.881
"MtrElec",7,28,11,"",0,0,0,0,0,0,0,0,0,0,0,0,0,0,0,0,0,0,0,0,0,98.4368,0,54.5995,-153.036
"MtrElec",7,28,12,"",-2.81335,0,0,0,0,0,0,0,0,0,0,0,0,0,0,0,0,0,0,0,0,106.998,0,67.8758,-177.687
"MtrElec",7,28,13,"",-0.503852,0,0,0,0,0,0,0,0,0,0,0,0,0,0,0,0,0,0,0,0,120.119,0,67.8758,-188.498
"MtrElec",7,28,14,"",-32.5184,0,0,0,0,0,0,0,0,0,0,0,0,0,0,0,0,0,0,0,0,98.3218,0,57.5017,-188.342
"MtrElec",7,28,15,"",-83.7892,0,0,0,0,0,0,0,0,0,0,0,0,0,0,0,0,0,0,0,0,92.5082,0,0,-176.297
"MtrElec",7,28,16,"",-46.5168,0,0,0,0,0,0,0,0,0,0,0,0,0,0,0,0,0,0,0,0,105.797,0,0,-152.314
"MtrElec",7,28,17,"",13.6981,0,0,0,0,0,0,0,0,0,0,0,0,0,0,0,0,0,0,0,0,131.077,0,0,-117.379
"MtrElec",7,28,18,"",63.0854,0,0,0,0,0,0,0,0,0,0,0,0,0,0,0,0,0,0,0,0,135.555,0,0,-72.4697
"MtrElec",7,28,19,"",61.915,0,0,0,0,0,0,0,0,0,0,0,0,0,0,0,0,0,0,0,0,155.944,0,-67.8758,-26.1529
"MtrElec",7,28,20,"",74.9554,0,0,0,0,0,0,0,0,0,0,0,0,0,0,0,0,0,0,0,0,146.432,0,-67.8758,-3.60048
"MtrElec",7,28,21,"",105.108,0,0,0,0,0,0,0,0,0,0,0,0,0,0,0,0,0,0,0,0,172.984,0,-67.8758,0
"MtrElec",7,28,22,"",72.5563,0,0,0,0,0,0,0,0,0,0,0,0,0,0,0,0,0,0,0,0,97.4876,0,-24.9313,0
"MtrElec",7,28,23,"",94.5811,0,0,0,0,0,0,0,0,0,0,0,0,0,0,0,0,0,0,0,0,94.5811,0,0,0
"MtrElec",7,28,24,"",86.118,0,0,0,0,0,0,0,0,0,0,0,0,0,0,0,0,0,0,0,0,86.118,0,0,0
"MtrElec",7,29,1,"",61.7894,0,0,0,0,0,0,0,0,0,0,0,0,0,0,0,0,0,0,0,0,61.7894,0,0,0
"MtrElec",7,29,2,"",49.4631,0,0,0,0,0,0,0,0,0,0,0,0,0,0,0,0,0,0,0,0,49.4631,0,0,0
"MtrElec",7,29,3,"",47.6894,0,0,0,0,0,0,0,0,0,0,0,0,0,0,0,0,0,0,0,0,47.6894,0,0,0
"MtrElec",7,29,4,"",53.3085,0,0,0,0,0,0,0,0,0,0,0,0,0,0,0,0,0,0,0,0,53.3085,0,0,0
"MtrElec",7,29,5,"",44.8475,0,0,0,0,0,0,0,0,0,0,0,0,0,0,0,0,0,0,0,0,44.8475,0,0,0
"MtrElec",7,29,6,"",48.7782,0,0,0,0,0,0,0,0,0,0,0,0,0,0,0,0,0,0,0,0,48.7782,0,0,0
"MtrElec",7,29,7,"",82.0874,0,0,0,0,0,0,0,0,0,0,0,0,0,0,0,0,0,0,0,0,89.7877,0,0,-7.70029
"MtrElec",7,29,8,"",53.6449,0,0,0,0,0,0,0,0,0,0,0,0,0,0,0,0,0,0,0,0,84.6115,0,0,-30.9666
"MtrElec",7,29,9,"",75.3244,0,0,0,0,0,0,0,0,0,0,0,0,0,0,0,0,0,0,0,0,117.395,0,0,-42.0709
"MtrElec",7,29,10,"",9.24102,0,0,0,0,0,0,0,0,0,0,0,0,0,0,0,0,0,0,0,0,93.5807,0,0,-84.3396
"MtrElec",7,29,11,"",0,0,0,0,0,0,0,0,0,0,0,0,0,0,0,0,0,0,0,0,0,95.7347,0,56.485,-152.22
"MtrElec",7,29,12,"",0,0,0,0,0,0,0,0,0,0,0,0,0,0,0,0,0,0,0,0,0,108.069,0,67.5052,-175.575
"MtrElec",7,29,13,"",-46.0633,0,0,0,0,0,0,0,0,0,0,0,0,0,0,0,0,0,0,0,0,72.0746,0,67.8758,-186.014
"MtrElec",7,29,14,"",-45.8575,0,0,0,0,0,0,0,0,0,0,0,0,0,0,0,0,0,0,0,0,78.8426,0,61.3845,-186.085
"MtrElec",7,29,15,"",-86.8702,0,0,0,0,0,0,0,0,0,0,0,0,0,0,0,0,0,0,0,0,87.4071,0,0,-174.277
"MtrElec",7,29,16,"",-28.1034,0,0,0,0,0,0,0,0,0,0,0,0,0,0,0,0,0,0,0,0,122.273,0,0,-150.377
"MtrElec",7,29,17,"",1.26031,0,0,0,0,0,0,0,0,0,0,0,0,0,0,0,0,0,0,0,0,116.438,0,0,-115.178
"MtrElec",7,29,18,"",68.3775,0,0,0,0,0,0,0,0,0,0,0,0,0,0,0,0,0,0,0,0,139.166,0,0,-70.7887
"MtrElec",7,29,19,"",45.2578,0,0,0,0,0,0,0,0,0,0,0,0,0,0,0,0,0,0,0,0,139.293,0,-67.8758,-26.1596
"MtrElec",7,29,20,"",71.4632,0,0,0,0,0,0,0,0,0,0,0,0,0,0,0,0,0,0,0,0,142.935,0,-67.8758,-3.59632
"MtrElec",7,29,21,"",94.1715,0,0,0,0,0,0,0,0,0,0,0,0,0,0,0,0,0,0,0,0,162.047,0,-67.8758,0
"MtrElec",7,29,22,"",63.4325,0,0,0,0,0,0,0,0,0,0,0,0,0,0,0,0,0,0,0,0,88.3638,0,-24.9313,0
"MtrElec",7,29,23,"",88.6645,0,0,0,0,0,0,0,0,0,0,0,0,0,0,0,0,0,0,0,0,88.6645,0,0,0
"MtrElec",7,29,24,"",75.4305,0,0,0,0,0,0,0,0,0,0,0,0,0,0,0,0,0,0,0,0,75.4305,0,0,0
"MtrElec",7,30,1,"",53.1553,0,0,0,0,0,0,0,0,0,0,0,0,0,0,0,0,0,0,0,0,53.1553,0,0,0
"MtrElec",7,30,2,"",53.2652,0,0,0,0,0,0,0,0,0,0,0,0,0,0,0,0,0,0,0,0,53.2652,0,0,0
"MtrElec",7,30,3,"",48.5049,0,0,0,0,0,0,0,0,0,0,0,0,0,0,0,0,0,0,0,0,48.5049,0,0,0
"MtrElec",7,30,4,"",45.9458,0,0,0,0,0,0,0,0,0,0,0,0,0,0,0,0,0,0,0,0,45.9458,0,0,0
"MtrElec",7,30,5,"",45.0696,0,0,0,0,0,0,0,0,0,0,0,0,0,0,0,0,0,0,0,0,45.0696,0,0,0
"MtrElec",7,30,6,"",49.6118,0,0,0,0,0,0,0,0,0,0,0,0,0,0,0,0,0,0,0,0,49.6118,0,0,0
"MtrElec",7,30,7,"",82.206,0,0,0,0,0,0,0,0,0,0,0,0,0,0,0,0,0,0,0,0,87.7722,0,0,-5.56617
"MtrElec",7,30,8,"",90.5327,0,0,0,0,0,0,0,0,0,0,0,0,0,0,0,0,0,0,0,0,117.986,0,0,-27.453
"MtrElec",7,30,9,"",35.5935,0,0,0,0,0,0,0,0,0,0,0,0,0,0,0,0,0,0,0,0,105.9,0,0,-70.3064
"MtrElec",7,30,10,"",2.40485,0,0,0,0,0,0,0,0,0,0,0,0,0,0,0,0,0,0,0,0,118.309,0,0,-115.904
"MtrElec",7,30,11,"",0,0,0,0,0,0,0,0,0,0,0,0,0,0,0,0,0,0,0,0,0,94.7302,0,55.1698,-149.9
"MtrElec",7,30,12,"",0,0,0,0,0,0,0,0,0,0,0,0,0,0,0,0,0,0,0,0,0,110.632,0,60.6637,-171.296
"MtrElec",7,30,13,"",0.0000039,0,0,0,0,0,0,0,0,0,0,0,0,0,0,0,0,0,0,0,0,117.804,0,60.6123,-178.416
"MtrElec",7,30,14,"",-17.5082,0,0,0,0,0,0,0,0,0,0,0,0,0,0,0,0,0,0,0,0,94.1676,0,67.8758,-179.552
"MtrElec",7,30,15,"",-46.6227,0,0,0,0,0,0,0,0,0,0,0,0,0,0,0,0,0,0,0,0,114.622,0,8.92899,-170.173
"MtrElec",7,30,16,"",-35.0862,0,0,0,0,0,0,0,0,0,0,0,0,0,0,0,0,0,0,0,0,110.628,0,0,-145.714
"MtrElec",7,30,17,"",32.995,0,0,0,0,0,0,0,0,0,0,0,0,0,0,0,0,0,0,0,0,112.64,0,0,-79.6452
"MtrElec",7,30,18,"",92.463,0,0,0,0,0,0,0,0,0,0,0,0,0,0,0,0,0,0,0,0,125.778,0,0,-33.3149
"MtrElec",7,30,19,"",71.1757,0,0,0,0,0,0,0,0,0,0,0,0,0,0,0,0,0,0,0,0,160.671,0,-67.8758,-21.6194
"MtrElec",7,30,20,"",72.2315,0,0,0,0,0,0,0,0,0,0,0,0,0,0,0,0,0,0,0,0,143.928,0,-67.8758,-3.82119
"MtrElec",7,30,21,"",70.1838,0,0,0,0,0,0,0,0,0,0,0,0,0,0,0,0,0,0,0,0,138.06,0,-67.8758,0
"MtrElec",7,30,22,"",73.6789,0,0,0,0,0,0,0,0,0,0,0,0,0,0,0,0,0,0,0,0,98.6102,0,-24.9313,0
"MtrElec",7,30,23,"",138.551,0,0,0,0,0,0,0,0,0,0,0,0,0,0,0,0,0,0,0,0,138.551,0,0,0
"MtrElec",7,30,24,"",99.4243,0,0,0,0,0,0,0,0,0,0,0,0,0,0,0,0,0,0,0,0,99.4243,0,0,0
"MtrElec",7,31,1,"",57.4352,0,0,0,0,0,0,0,0,0,0,0,0,0,0,0,0,0,0,0,0,57.4352,0,0,0
"MtrElec",7,31,2,"",52.305,0,0,0,0,0,0,0,0,0,0,0,0,0,0,0,0,0,0,0,0,52.305,0,0,0
"MtrElec",7,31,3,"",49.1051,0,0,0,0,0,0,0,0,0,0,0,0,0,0,0,0,0,0,0,0,49.1051,0,0,0
"MtrElec",7,31,4,"",47.9024,0,0,0,0,0,0,0,0,0,0,0,0,0,0,0,0,0,0,0,0,47.9024,0,0,0
"MtrElec",7,31,5,"",47.0551,0,0,0,0,0,0,0,0,0,0,0,0,0,0,0,0,0,0,0,0,47.0551,0,0,0
"MtrElec",7,31,6,"",57.5945,0,0,0,0,0,0,0,0,0,0,0,0,0,0,0,0,0,0,0,0,57.5945,0,0,0
"MtrElec",7,31,7,"",68.8856,0,0,0,0,0,0,0,0,0,0,0,0,0,0,0,0,0,0,0,0,70.0215,0,0,-1.13595
"MtrElec",7,31,8,"",78.7381,0,0,0,0,0,0,0,0,0,0,0,0,0,0,0,0,0,0,0,0,86.4715,0,0,-7.73334
"MtrElec",7,31,9,"",72.3495,0,0,0,0,0,0,0,0,0,0,0,0,0,0,0,0,0,0,0,0,86.1968,0,0,-13.8473
"MtrElec",7,31,10,"",91.208,0,0,0,0,0,0,0,0,0,0,0,0,0,0,0,0,0,0,0,0,111.129,0,0,-19.9213
"MtrElec",7,31,11,"",56.9105,0,0,0,0,0,0,0,0,0,0,0,0,0,0,0,0,0,0,0,0,77.1632,0,0,-20.2526
"MtrElec",7,31,12,"",50.7449,0,0,0,0,0,0,0,0,0,0,0,0,0,0,0,0,0,0,0,0,92.0592,0,0,-41.3143
"MtrElec",7,31,13,"",26.59,0,0,0,0,0,0,0,0,0,0,0,0,0,0,0,0,0,0,0,0,93.5851,0,0,-66.9951
"MtrElec",7,31,14,"",0,0,0,0,0,0,0,0,0,0,0,0,0,0,0,0,0,0,0,0,0,73.2041,0,57.8205,-131.025
"MtrElec",7,31,15,"",0.0000020,0,0,0,0,0,0,0,0,0,0,0,0,0,0,0,0,0,0,0,0,105.368,0,24.5806,-129.948
"MtrElec",7,31,16,"",0,0,0,0,0,0,0,0,0,0,0,0,0,0,0,0,0,0,0,0,0,103.931,0,33.9333,-137.864
"MtrElec",7,31,17,"",16.8842,0,0,0,0,0,0,0,0,0,0,0,0,0,0,0,0,0,0,0,0,126.708,0,0,-109.824
"MtrElec",7,31,18,"",78.9921,0,0,0,0,0,0,0,0,0,0,0,0,0,0,0,0,0,0,0,0,147.266,0,0,-68.2735
"MtrElec",7,31,19,"",87.3151,0,0,0,0,0,0,0,0,0,0,0,0,0,0,0,0,0,0,0,0,180.558,0,-67.8758,-25.3673
"MtrElec",7,31,20,"",112.791,0,0,0,0,0,0,0,0,0,0,0,0,0,0,0,0,0,0,0,0,153.703,0,-37.116,-3.79581
"MtrElec",7,31,21,"",163.617,0,0,0,0,0,0,0,0,0,0,0,0,0,0,0,0,0,0,0,0,163.617,0,0,0
"MtrElec",7,31,22,"",127.861,0,0,0,0,0,0,0,0,0,0,0,0,0,0,0,0,0,0,0,0,127.861,0,0,0
"MtrElec",7,31,23,"",133.972,0,0,0,0,0,0,0,0,0,0,0,0,0,0,0,0,0,0,0,0,133.972,0,0,0
"MtrElec",7,31,24,"",100.701,0,0,0,0,0,0,0,0,0,0,0,0,0,0,0,0,0,0,0,0,100.701,0,0,0
"MtrElec",8,1,1,"",59.404,0,0,0,0,0,0,0,0,0,0,0,0,0,0,0,0,0,0,0,0,59.404,0,0,0
"MtrElec",8,1,2,"",54.7365,0,0,0,0,0,0,0,0,0,0,0,0,0,0,0,0,0,0,0,0,54.7365,0,0,0
"MtrElec",8,1,3,"",52.4842,0,0,0,0,0,0,0,0,0,0,0,0,0,0,0,0,0,0,0,0,52.4842,0,0,0
"MtrElec",8,1,4,"",50.6003,0,0,0,0,0,0,0,0,0,0,0,0,0,0,0,0,0,0,0,0,50.6003,0,0,0
"MtrElec",8,1,5,"",53.6948,0,0,0,0,0,0,0,0,0,0,0,0,0,0,0,0,0,0,0,0,53.6948,0,0,0
"MtrElec",8,1,6,"",48.4524,0,0,0,0,0,0,0,0,0,0,0,0,0,0,0,0,0,0,0,0,48.4524,0,0,0
"MtrElec",8,1,7,"",67.9968,0,0,0,0,0,0,0,0,0,0,0,0,0,0,0,0,0,0,0,0,73.0553,0,0,-5.05845
"MtrElec",8,1,8,"",41.5356,0,0,0,0,0,0,0,0,0,0,0,0,0,0,0,0,0,0,0,0,70.2942,0,0,-28.7585
"MtrElec",8,1,9,"",33.6562,0,0,0,0,0,0,0,0,0,0,0,0,0,0,0,0,0,0,0,0,110.602,0,0,-76.9456
"MtrElec",8,1,10,"",0,0,0,0,0,0,0,0,0,0,0,0,0,0,0,0,0,0,0,0,0,109.679,0,13.3734,-123.052
"MtrElec",8,1,11,"",1.05969,0,0,0,0,0,0,0,0,0,0,0,0,0,0,0,0,0,0,0,0,159.533,0,0,-158.473
"MtrElec",8,1,12,"",0.0000020,0,0,0,0,0,0,0,0,0,0,0,0,0,0,0,0,0,0,0,0,151.512,0,30.074,-181.586
"MtrElec",8,1,13,"",0,0,0,0,0,0,0,0,0,0,0,0,0,0,0,0,0,0,0,0,0,158.848,0,33.5561,-192.404
"MtrElec",8,1,14,"",0,0,0,0,0,0,0,0,0,0,0,0,0,0,0,0,0,0,0,0,0,123.841,0,67.5578,-191.399
"MtrElec",8,1,15,"",0,0,0,0,0,0,0,0,0,0,0,0,0,0,0,0,0,0,0,0,0,155.339,0,23.6747,-179.013
"MtrElec",8,1,16,"",0,0,0,0,0,0,0,0,0,0,0,0,0,0,0,0,0,0,0,0,0,134.853,0,19.5707,-154.424
"MtrElec",8,1,17,"",41.9313,0,0,0,0,0,0,0,0,0,0,0,0,0,0,0,0,0,0,0,0,161.266,0,0,-119.334
"MtrElec",8,1,18,"",101.816,0,0,0,0,0,0,0,0,0,0,0,0,0,0,0,0,0,0,0,0,175.599,0,0,-73.7829
"MtrElec",8,1,19,"",120.486,0,0,0,0,0,0,0,0,0,0,0,0,0,0,0,0,0,0,0,0,214.062,0,-67.8758,-25.7005
"MtrElec",8,1,20,"",111.286,0,0,0,0,0,0,0,0,0,0,0,0,0,0,0,0,0,0,0,0,182.371,0,-67.8758,-3.20944
"MtrElec",8,1,21,"",119.402,0,0,0,0,0,0,0,0,0,0,0,0,0,0,0,0,0,0,0,0,153.146,0,-33.744,0
"MtrElec",8,1,22,"",148.242,0,0,0,0,0,0,0,0,0,0,0,0,0,0,0,0,0,0,0,0,148.242,0,0,0
"MtrElec",8,1,23,"",104.634,0,0,0,0,0,0,0,0,0,0,0,0,0,0,0,0,0,0,0,0,104.634,0,0,0
"MtrElec",8,1,24,"",79.7775,0,0,0,0,0,0,0,0,0,0,0,0,0,0,0,0,0,0,0,0,79.7775,0,0,0
"MtrElec",8,2,1,"",67.9343,0,0,0,0,0,0,0,0,0,0,0,0,0,0,0,0,0,0,0,0,67.9343,0,0,0
"MtrElec",8,2,2,"",55.1026,0,0,0,0,0,0,0,0,0,0,0,0,0,0,0,0,0,0,0,0,55.1026,0,0,0
"MtrElec",8,2,3,"",53.2539,0,0,0,0,0,0,0,0,0,0,0,0,0,0,0,0,0,0,0,0,53.2539,0,0,0
"MtrElec",8,2,4,"",50.5365,0,0,0,0,0,0,0,0,0,0,0,0,0,0,0,0,0,0,0,0,50.5365,0,0,0
"MtrElec",8,2,5,"",47.6894,0,0,0,0,0,0,0,0,0,0,0,0,0,0,0,0,0,0,0,0,47.6894,0,0,0
"MtrElec",8,2,6,"",50.7024,0,0,0,0,0,0,0,0,0,0,0,0,0,0,0,0,0,0,0,0,50.7024,0,0,0
"MtrElec",8,2,7,"",53.7465,0,0,0,0,0,0,0,0,0,0,0,0,0,0,0,0,0,0,0,0,58.7639,0,0,-5.01737
"MtrElec",8,2,8,"",80.325,0,0,0,0,0,0,0,0,0,0,0,0,0,0,0,0,0,0,0,0,109.175,0,0,-28.8502
"MtrElec",8,2,9,"",27.0302,0,0,0,0,0,0,0,0,0,0,0,0,0,0,0,0,0,0,0,0,103.548,0,0,-76.5173
"MtrElec",8,2,10,"",31.2,0,0,0,0,0,0,0,0,0,0,0,0,0,0,0,0,0,0,0,0,152.372,0,0,-121.172
"MtrElec",8,2,11,"",0,0,0,0,0,0,0,0,0,0,0,0,0,0,0,0,0,0,0,0,0,151.523,0,4.28739,-155.81
"MtrElec",8,2,12,"",27.0419,0,0,0,0,0,0,0,0,0,0,0,0,0,0,0,0,0,0,0,0,204.762,0,0,-177.72
"MtrElec",8,2,13,"",0,0,0,0,0,0,0,0,0,0,0,0,0,0,0,0,0,0,0,0,0,163.547,0,24.1405,-187.687
"MtrElec",8,2,14,"",0,0,0,0,0,0,0,0,0,0,0,0,0,0,0,0,0,0,0,0,0,165.515,0,22.3483,-187.863
"MtrElec",8,2,15,"",13.8488,0,0,0,0,0,0,0,0,0,0,0,0,0,0,0,0,0,0,0,0,189.877,0,0,-176.028
"MtrElec",8,2,16,"",29.4391,0,0,0,0,0,0,0,0,0,0,0,0,0,0,0,0,0,0,0,0,181.134,0,0,-151.695
"MtrElec",8,2,17,"",59.0348,0,0,0,0,0,0,0,0,0,0,0,0,0,0,0,0,0,0,0,0,175.087,0,0,-116.052
"MtrElec",8,2,18,"",107.396,0,0,0,0,0,0,0,0,0,0,0,0,0,0,0,0,0,0,0,0,178.282,0,0,-70.8862
"MtrElec",8,2,19,"",155.183,0,0,0,0,0,0,0,0,0,0,0,0,0,0,0,0,0,0,0,0,226.106,0,-45.8255,-25.0975
"MtrElec",8,2,20,"",183.484,0,0,0,0,0,0,0,0,0,0,0,0,0,0,0,0,0,0,0,0,186.533,0,0,-3.0492
"MtrElec",8,2,21,"",172.365,0,0,0,0,0,0,0,0,0,0,0,0,0,0,0,0,0,0,0,0,172.365,0,0,0
"MtrElec",8,2,22,"",157.13,0,0,0,0,0,0,0,0,0,0,0,0,0,0,0,0,0,0,0,0,157.13,0,0,0
"MtrElec",8,2,23,"",100.095,0,0,0,0,0,0,0,0,0,0,0,0,0,0,0,0,0,0,0,0,100.095,0,0,0
"MtrElec",8,2,24,"",76.3947,0,0,0,0,0,0,0,0,0,0,0,0,0,0,0,0,0,0,0,0,76.3947,0,0,0
"MtrElec",8,3,1,"",65.4315,0,0,0,0,0,0,0,0,0,0,0,0,0,0,0,0,0,0,0,0,65.4315,0,0,0
"MtrElec",8,3,2,"",52.6691,0,0,0,0,0,0,0,0,0,0,0,0,0,0,0,0,0,0,0,0,52.6691,0,0,0
"MtrElec",8,3,3,"",49.6388,0,0,0,0,0,0,0,0,0,0,0,0,0,0,0,0,0,0,0,0,49.6388,0,0,0
"MtrElec",8,3,4,"",48.4974,0,0,0,0,0,0,0,0,0,0,0,0,0,0,0,0,0,0,0,0,48.4974,0,0,0
"MtrElec",8,3,5,"",47.1452,0,0,0,0,0,0,0,0,0,0,0,0,0,0,0,0,0,0,0,0,47.1452,0,0,0
"MtrElec",8,3,6,"",71.1472,0,0,0,0,0,0,0,0,0,0,0,0,0,0,0,0,0,0,0,0,71.1472,0,0,0
"MtrElec",8,3,7,"",58.0864,0,0,0,0,0,0,0,0,0,0,0,0,0,0,0,0,0,0,0,0,63.1099,0,0,-5.02349
"MtrElec",8,3,8,"",75.8361,0,0,0,0,0,0,0,0,0,0,0,0,0,0,0,0,0,0,0,0,104.267,0,0,-28.4311
"MtrElec",8,3,9,"",19.0978,0,0,0,0,0,0,0,0,0,0,0,0,0,0,0,0,0,0,0,0,94.4685,0,0,-75.3707
"MtrElec",8,3,10,"",23.9103,0,0,0,0,0,0,0,0,0,0,0,0,0,0,0,0,0,0,0,0,143.19,0,0,-119.28
"MtrElec",8,3,11,"",0,0,0,0,0,0,0,0,0,0,0,0,0,0,0,0,0,0,0,0,0,120.134,0,32.9276,-153.062
"MtrElec",8,3,12,"",0.0000039,0,0,0,0,0,0,0,0,0,0,0,0,0,0,0,0,0,0,0,0,123.342,0,48.8731,-172.215
"MtrElec",8,3,13,"",0,0,0,0,0,0,0,0,0,0,0,0,0,0,0,0,0,0,0,0,0,156.784,0,20.8895,-177.673
"MtrElec",8,3,14,"",0.0000039,0,0,0,0,0,0,0,0,0,0,0,0,0,0,0,0,0,0,0,0,121.106,0,61.9743,-183.081
"MtrElec",8,3,15,"",0.0000039,0,0,0,0,0,0,0,0,0,0,0,0,0,0,0,0,0,0,0,0,118.805,0,55.5842,-174.389
"MtrElec",8,3,16,"",9.73353,0,0,0,0,0,0,0,0,0,0,0,0,0,0,0,0,0,0,0,0,159.596,0,0,-149.863
"MtrElec",8,3,17,"",50.2846,0,0,0,0,0,0,0,0,0,0,0,0,0,0,0,0,0,0,0,0,164.291,0,0,-114.007
"MtrElec",8,3,18,"",98.5331,0,0,0,0,0,0,0,0,0,0,0,0,0,0,0,0,0,0,0,0,168.351,0,0,-69.8182
"MtrElec",8,3,19,"",80.5918,0,0,0,0,0,0,0,0,0,0,0,0,0,0,0,0,0,0,0,0,173.314,0,-67.8758,-24.8467
"MtrElec",8,3,20,"",93.9022,0,0,0,0,0,0,0,0,0,0,0,0,0,0,0,0,0,0,0,0,165.223,0,-67.8758,-3.44466
"MtrElec",8,3,21,"",86.6012,0,0,0,0,0,0,0,0,0,0,0,0,0,0,0,0,0,0,0,0,149.624,0,-63.0229,0
"MtrElec",8,3,22,"",144.364,0,0,0,0,0,0,0,0,0,0,0,0,0,0,0,0,0,0,0,0,144.364,0,0,0
"MtrElec",8,3,23,"",111.288,0,0,0,0,0,0,0,0,0,0,0,0,0,0,0,0,0,0,0,0,111.288,0,0,0
"MtrElec",8,3,24,"",92.9989,0,0,0,0,0,0,0,0,0,0,0,0,0,0,0,0,0,0,0,0,92.9989,0,0,0
"MtrElec",8,4,1,"",82.8758,0,0,0,0,0,0,0,0,0,0,0,0,0,0,0,0,0,0,0,0,82.8758,0,0,0
"MtrElec",8,4,2,"",59.1856,0,0,0,0,0,0,0,0,0,0,0,0,0,0,0,0,0,0,0,0,59.1856,0,0,0
"MtrElec",8,4,3,"",55.2405,0,0,0,0,0,0,0,0,0,0,0,0,0,0,0,0,0,0,0,0,55.2405,0,0,0
"MtrElec",8,4,4,"",68.9624,0,0,0,0,0,0,0,0,0,0,0,0,0,0,0,0,0,0,0,0,68.9624,0,0,0
"MtrElec",8,4,5,"",52.823,0,0,0,0,0,0,0,0,0,0,0,0,0,0,0,0,0,0,0,0,52.823,0,0,0
"MtrElec",8,4,6,"",59.2307,0,0,0,0,0,0,0,0,0,0,0,0,0,0,0,0,0,0,0,0,59.2307,0,0,0
"MtrElec",8,4,7,"",103.39,0,0,0,0,0,0,0,0,0,0,0,0,0,0,0,0,0,0,0,0,106.198,0,0,-2.80867
"MtrElec",8,4,8,"",84.9925,0,0,0,0,0,0,0,0,0,0,0,0,0,0,0,0,0,0,0,0,112.135,0,0,-27.142
"MtrElec",8,4,9,"",54.9372,0,0,0,0,0,0,0,0,0,0,0,0,0,0,0,0,0,0,0,0,125.798,0,0,-70.8612
"MtrElec",8,4,10,"",43.3261,0,0,0,0,0,0,0,0,0,0,0,0,0,0,0,0,0,0,0,0,155.877,0,0,-112.551
"MtrElec",8,4,11,"",0.0000001,0,0,0,0,0,0,0,0,0,0,0,0,0,0,0,0,0,0,0,0,143.813,0,1.16323,-144.976
"MtrElec",8,4,12,"",0,0,0,0,0,0,0,0,0,0,0,0,0,0,0,0,0,0,0,0,0,136.986,0,32.1491,-169.135
"MtrElec",8,4,13,"",12.2434,0,0,0,0,0,0,0,0,0,0,0,0,0,0,0,0,0,0,0,0,183.464,0,0,-171.22
"MtrElec",8,4,14,"",0.0000039,0,0,0,0,0,0,0,0,0,0,0,0,0,0,0,0,0,0,0,0,129.253,0,53.8609,-183.114
"MtrElec",8,4,15,"",0,0,0,0,0,0,0,0,0,0,0,0,0,0,0,0,0,0,0,0,0,142.672,0,27.7467,-170.419
"MtrElec",8,4,16,"",0,0,0,0,0,0,0,0,0,0,0,0,0,0,0,0,0,0,0,0,0,137.628,0,9.62841,-147.257
"MtrElec",8,4,17,"",42.0827,0,0,0,0,0,0,0,0,0,0,0,0,0,0,0,0,0,0,0,0,154.626,0,0,-112.543
"MtrElec",8,4,18,"",95.4651,0,0,0,0,0,0,0,0,0,0,0,0,0,0,0,0,0,0,0,0,163.092,0,0,-67.627
"MtrElec",8,4,19,"",83.5295,0,0,0,0,0,0,0,0,0,0,0,0,0,0,0,0,0,0,0,0,173.83,0,-67.8758,-22.4245
"MtrElec",8,4,20,"",135.853,0,0,0,0,0,0,0,0,0,0,0,0,0,0,0,0,0,0,0,0,183.458,0,-44.5292,-3.076
"MtrElec",8,4,21,"",168.261,0,0,0,0,0,0,0,0,0,0,0,0,0,0,0,0,0,0,0,0,168.261,0,0,0
"MtrElec",8,4,22,"",108.345,0,0,0,0,0,0,0,0,0,0,0,0,0,0,0,0,0,0,0,0,108.345,0,0,0
"MtrElec",8,4,23,"",112.807,0,0,0,0,0,0,0,0,0,0,0,0,0,0,0,0,0,0,0,0,112.807,0,0,0
"MtrElec",8,4,24,"",83.1907,0,0,0,0,0,0,0,0,0,0,0,0,0,0,0,0,0,0,0,0,83.1907,0,0,0
"MtrElec",8,5,1,"",70.7047,0,0,0,0,0,0,0,0,0,0,0,0,0,0,0,0,0,0,0,0,70.7047,0,0,0
"MtrElec",8,5,2,"",61.4421,0,0,0,0,0,0,0,0,0,0,0,0,0,0,0,0,0,0,0,0,61.4421,0,0,0
"MtrElec",8,5,3,"",55.264,0,0,0,0,0,0,0,0,0,0,0,0,0,0,0,0,0,0,0,0,55.264,0,0,0
"MtrElec",8,5,4,"",52.1706,0,0,0,0,0,0,0,0,0,0,0,0,0,0,0,0,0,0,0,0,52.1706,0,0,0
"MtrElec",8,5,5,"",50.6157,0,0,0,0,0,0,0,0,0,0,0,0,0,0,0,0,0,0,0,0,50.6157,0,0,0
"MtrElec",8,5,6,"",73.304,0,0,0,0,0,0,0,0,0,0,0,0,0,0,0,0,0,0,0,0,73.304,0,0,0
"MtrElec",8,5,7,"",61.862,0,0,0,0,0,0,0,0,0,0,0,0,0,0,0,0,0,0,0,0,66.6469,0,0,-4.78492
"MtrElec",8,5,8,"",86.9002,0,0,0,0,0,0,0,0,0,0,0,0,0,0,0,0,0,0,0,0,114.424,0,0,-27.5238
"MtrElec",8,5,9,"",33.068,0,0,0,0,0,0,0,0,0,0,0,0,0,0,0,0,0,0,0,0,106.417,0,0,-73.3488
"MtrElec",8,5,10,"",16.0695,0,0,0,0,0,0,0,0,0,0,0,0,0,0,0,0,0,0,0,0,133.324,0,0,-117.254
"MtrElec",8,5,11,"",0,0,0,0,0,0,0,0,0,0,0,0,0,0,0,0,0,0,0,0,0,142.43,0,9.67431,-152.104
"MtrElec",8,5,12,"",0,0,0,0,0,0,0,0,0,0,0,0,0,0,0,0,0,0,0,0,0,109.049,0,65.069,-174.118
"MtrElec",8,5,13,"",0,0,0,0,0,0,0,0,0,0,0,0,0,0,0,0,0,0,0,0,0,161.874,0,23.2589,-185.133
"MtrElec",8,5,14,"",0,0,0,0,0,0,0,0,0,0,0,0,0,0,0,0,0,0,0,0,0,119.534,0,66.3099,-185.844
"MtrElec",8,5,15,"",0,0,0,0,0,0,0,0,0,0,0,0,0,0,0,0,0,0,0,0,0,121.338,0,54.1267,-175.465
"MtrElec",8,5,16,"",1.4562,0,0,0,0,0,0,0,0,0,0,0,0,0,0,0,0,0,0,0,0,153.822,0,0,-152.366
"MtrElec",8,5,17,"",34.239,0,0,0,0,0,0,0,0,0,0,0,0,0,0,0,0,0,0,0,0,150.737,0,0,-116.498
"MtrElec",8,5,18,"",115.908,0,0,0,0,0,0,0,0,0,0,0,0,0,0,0,0,0,0,0,0,186.745,0,0,-70.837
"MtrElec",8,5,19,"",105.698,0,0,0,0,0,0,0,0,0,0,0,0,0,0,0,0,0,0,0,0,197.564,0,-67.8758,-23.9909
"MtrElec",8,5,20,"",72.8985,0,0,0,0,0,0,0,0,0,0,0,0,0,0,0,0,0,0,0,0,143.477,0,-67.8758,-2.70313
"MtrElec",8,5,21,"",64.9501,0,0,0,0,0,0,0,0,0,0,0,0,0,0,0,0,0,0,0,0,126.34,0,-61.3895,0
"MtrElec",8,5,22,"",132.782,0,0,0,0,0,0,0,0,0,0,0,0,0,0,0,0,0,0,0,0,132.782,0,0,0
"MtrElec",8,5,23,"",109.352,0,0,0,0,0,0,0,0,0,0,0,0,0,0,0,0,0,0,0,0,109.352,0,0,0
"MtrElec",8,5,24,"",109.55,0,0,0,0,0,0,0,0,0,0,0,0,0,0,0,0,0,0,0,0,109.55,0,0,0
"MtrElec",8,6,1,"",69.1173,0,0,0,0,0,0,0,0,0,0,0,0,0,0,0,0,0,0,0,0,69.1173,0,0,0
"MtrElec",8,6,2,"",58.1558,0,0,0,0,0,0,0,0,0,0,0,0,0,0,0,0,0,0,0,0,58.1558,0,0,0
"MtrElec",8,6,3,"",54.3342,0,0,0,0,0,0,0,0,0,0,0,0,0,0,0,0,0,0,0,0,54.3342,0,0,0
"MtrElec",8,6,4,"",52.3436,0,0,0,0,0,0,0,0,0,0,0,0,0,0,0,0,0,0,0,0,52.3436,0,0,0
"MtrElec",8,6,5,"",50.3567,0,0,0,0,0,0,0,0,0,0,0,0,0,0,0,0,0,0,0,0,50.3567,0,0,0
"MtrElec",8,6,6,"",55.7394,0,0,0,0,0,0,0,0,0,0,0,0,0,0,0,0,0,0,0,0,55.7394,0,0,0
"MtrElec",8,6,7,"",78.6149,0,0,0,0,0,0,0,0,0,0,0,0,0,0,0,0,0,0,0,0,82.8618,0,0,-4.24692
"MtrElec",8,6,8,"",72.4186,0,0,0,0,0,0,0,0,0,0,0,0,0,0,0,0,0,0,0,0,99.672,0,0,-27.2535
"MtrElec",8,6,9,"",19.8254,0,0,0,0,0,0,0,0,0,0,0,0,0,0,0,0,0,0,0,0,95.0687,0,0,-75.2433
"MtrElec",8,6,10,"",0.717633,0,0,0,0,0,0,0,0,0,0,0,0,0,0,0,0,0,0,0,0,120.735,0,0,-120.017
"MtrElec",8,6,11,"",0,0,0,0,0,0,0,0,0,0,0,0,0,0,0,0,0,0,0,0,0,108.808,0,45.1029,-153.911
"MtrElec",8,6,12,"",0.0000039,0,0,0,0,0,0,0,0,0,0,0,0,0,0,0,0,0,0,0,0,115.055,0,62.0459,-177.101
"MtrElec",8,6,13,"",-14.9465,0,0,0,0,0,0,0,0,0,0,0,0,0,0,0,0,0,0,0,0,105.262,0,67.8758,-188.084
"MtrElec",8,6,14,"",0,0,0,0,0,0,0,0,0,0,0,0,0,0,0,0,0,0,0,0,0,127.373,0,60.33,-187.703
"MtrElec",8,6,15,"",-26.3426,0,0,0,0,0,0,0,0,0,0,0,0,0,0,0,0,0,0,0,0,131.536,0,17.8959,-175.774
"MtrElec",8,6,16,"",14.3819,0,0,0,0,0,0,0,0,0,0,0,0,0,0,0,0,0,0,0,0,165.986,0,0,-151.604
"MtrElec",8,6,17,"",46.6836,0,0,0,0,0,0,0,0,0,0,0,0,0,0,0,0,0,0,0,0,163.056,0,0,-116.373
"MtrElec",8,6,18,"",81.1651,0,0,0,0,0,0,0,0,0,0,0,0,0,0,0,0,0,0,0,0,151.937,0,0,-70.7723
"MtrElec",8,6,19,"",88.5035,0,0,0,0,0,0,0,0,0,0,0,0,0,0,0,0,0,0,0,0,180.045,0,-67.8758,-23.6657
"MtrElec",8,6,20,"",89.8737,0,0,0,0,0,0,0,0,0,0,0,0,0,0,0,0,0,0,0,0,160.286,0,-67.8758,-2.53614
"MtrElec",8,6,21,"",116.869,0,0,0,0,0,0,0,0,0,0,0,0,0,0,0,0,0,0,0,0,184.745,0,-67.8758,0
"MtrElec",8,6,22,"",100.757,0,0,0,0,0,0,0,0,0,0,0,0,0,0,0,0,0,0,0,0,125.689,0,-24.9313,0
"MtrElec",8,6,23,"",137.386,0,0,0,0,0,0,0,0,0,0,0,0,0,0,0,0,0,0,0,0,137.386,0,0,0
"MtrElec",8,6,24,"",81.8006,0,0,0,0,0,0,0,0,0,0,0,0,0,0,0,0,0,0,0,0,81.8006,0,0,0
"MtrElec",8,7,1,"",73.3385,0,0,0,0,0,0,0,0,0,0,0,0,0,0,0,0,0,0,0,0,73.3385,0,0,0
"MtrElec",8,7,2,"",60.1246,0,0,0,0,0,0,0,0,0,0,0,0,0,0,0,0,0,0,0,0,60.1246,0,0,0
"MtrElec",8,7,3,"",55.8117,0,0,0,0,0,0,0,0,0,0,0,0,0,0,0,0,0,0,0,0,55.8117,0,0,0
"MtrElec",8,7,4,"",53.0758,0,0,0,0,0,0,0,0,0,0,0,0,0,0,0,0,0,0,0,0,53.0758,0,0,0
"MtrElec",8,7,5,"",51.0207,0,0,0,0,0,0,0,0,0,0,0,0,0,0,0,0,0,0,0,0,51.0207,0,0,0
"MtrElec",8,7,6,"",71.2991,0,0,0,0,0,0,0,0,0,0,0,0,0,0,0,0,0,0,0,0,71.2991,0,0,0
"MtrElec",8,7,7,"",72.3101,0,0,0,0,0,0,0,0,0,0,0,0,0,0,0,0,0,0,0,0,76.7158,0,0,-4.40568
"MtrElec",8,7,8,"",78.7389,0,0,0,0,0,0,0,0,0,0,0,0,0,0,0,0,0,0,0,0,105.932,0,0,-27.1931
"MtrElec",8,7,9,"",18.0229,0,0,0,0,0,0,0,0,0,0,0,0,0,0,0,0,0,0,0,0,90.9625,0,0,-72.9396
"MtrElec",8,7,10,"",0,0,0,0,0,0,0,0,0,0,0,0,0,0,0,0,0,0,0,0,0,108.274,0,6.60812,-114.882
"MtrElec",8,7,11,"",0.0000039,0,0,0,0,0,0,0,0,0,0,0,0,0,0,0,0,0,0,0,0,111.456,0,37.188,-148.644
"MtrElec",8,7,12,"",0.0000020,0,0,0,0,0,0,0,0,0,0,0,0,0,0,0,0,0,0,0,0,141.543,0,27.2818,-168.825
"MtrElec",8,7,13,"",0.0000039,0,0,0,0,0,0,0,0,0,0,0,0,0,0,0,0,0,0,0,0,121.158,0,55.1669,-176.325
"MtrElec",8,7,14,"",0.0000039,0,0,0,0,0,0,0,0,0,0,0,0,0,0,0,0,0,0,0,0,112.438,0,64.7529,-177.191
"MtrElec",8,7,15,"",0,0,0,0,0,0,0,0,0,0,0,0,0,0,0,0,0,0,0,0,0,125.857,0,43.9723,-169.829
"MtrElec",8,7,16,"",4.28641,0,0,0,0,0,0,0,0,0,0,0,0,0,0,0,0,0,0,0,0,152.041,0,0,-147.754
"MtrElec",8,7,17,"",37.6683,0,0,0,0,0,0,0,0,0,0,0,0,0,0,0,0,0,0,0,0,151.714,0,0,-114.046
"MtrElec",8,7,18,"",86.9173,0,0,0,0,0,0,0,0,0,0,0,0,0,0,0,0,0,0,0,0,156.373,0,0,-69.4557
"MtrElec",8,7,19,"",88.3653,0,0,0,0,0,0,0,0,0,0,0,0,0,0,0,0,0,0,0,0,179.42,0,-67.8758,-23.1792
"MtrElec",8,7,20,"",84.6125,0,0,0,0,0,0,0,0,0,0,0,0,0,0,0,0,0,0,0,0,155.561,0,-67.8758,-3.07284
"MtrElec",8,7,21,"",93.8215,0,0,0,0,0,0,0,0,0,0,0,0,0,0,0,0,0,0,0,0,161.697,0,-67.8758,0
"MtrElec",8,7,22,"",106.162,0,0,0,0,0,0,0,0,0,0,0,0,0,0,0,0,0,0,0,0,114.595,0,-8.43313,0
"MtrElec",8,7,23,"",110.893,0,0,0,0,0,0,0,0,0,0,0,0,0,0,0,0,0,0,0,0,110.893,0,0,0
"MtrElec",8,7,24,"",104.253,0,0,0,0,0,0,0,0,0,0,0,0,0,0,0,0,0,0,0,0,104.253,0,0,0
"MtrElec",8,8,1,"",65.6124,0,0,0,0,0,0,0,0,0,0,0,0,0,0,0,0,0,0,0,0,65.6124,0,0,0
"MtrElec",8,8,2,"",60.6252,0,0,0,0,0,0,0,0,0,0,0,0,0,0,0,0,0,0,0,0,60.6252,0,0,0
"MtrElec",8,8,3,"",58.3234,0,0,0,0,0,0,0,0,0,0,0,0,0,0,0,0,0,0,0,0,58.3234,0,0,0
"MtrElec",8,8,4,"",56.8022,0,0,0,0,0,0,0,0,0,0,0,0,0,0,0,0,0,0,0,0,56.8022,0,0,0
"MtrElec",8,8,5,"",60.1117,0,0,0,0,0,0,0,0,0,0,0,0,0,0,0,0,0,0,0,0,60.1117,0,0,0
"MtrElec",8,8,6,"",55.5831,0,0,0,0,0,0,0,0,0,0,0,0,0,0,0,0,0,0,0,0,55.5831,0,0,0
"MtrElec",8,8,7,"",63.3531,0,0,0,0,0,0,0,0,0,0,0,0,0,0,0,0,0,0,0,0,67.3857,0,0,-4.0326
"MtrElec",8,8,8,"",86.2589,0,0,0,0,0,0,0,0,0,0,0,0,0,0,0,0,0,0,0,0,113.093,0,0,-26.8338
"MtrElec",8,8,9,"",44.0617,0,0,0,0,0,0,0,0,0,0,0,0,0,0,0,0,0,0,0,0,117.75,0,0,-73.6885
"MtrElec",8,8,10,"",33.0005,0,0,0,0,0,0,0,0,0,0,0,0,0,0,0,0,0,0,0,0,151.411,0,0,-118.41
"MtrElec",8,8,11,"",0,0,0,0,0,0,0,0,0,0,0,0,0,0,0,0,0,0,0,0,0,125.077,0,27.8595,-152.936
"MtrElec",8,8,12,"",0,0,0,0,0,0,0,0,0,0,0,0,0,0,0,0,0,0,0,0,0,155.96,0,19.2701,-175.23
"MtrElec",8,8,13,"",0.0000039,0,0,0,0,0,0,0,0,0,0,0,0,0,0,0,0,0,0,0,0,138.116,0,48.598,-186.714
"MtrElec",8,8,14,"",-1.02541,0,0,0,0,0,0,0,0,0,0,0,0,0,0,0,0,0,0,0,0,119.849,0,67.8758,-188.751
"MtrElec",8,8,15,"",0,0,0,0,0,0,0,0,0,0,0,0,0,0,0,0,0,0,0,0,0,156.72,0,21.4012,-178.121
"MtrElec",8,8,16,"",0.0000010,0,0,0,0,0,0,0,0,0,0,0,0,0,0,0,0,0,0,0,0,138.696,0,13.984,-152.68
"MtrElec",8,8,17,"",56.0863,0,0,0,0,0,0,0,0,0,0,0,0,0,0,0,0,0,0,0,0,171.751,0,0,-115.664
"MtrElec",8,8,18,"",97.0103,0,0,0,0,0,0,0,0,0,0,0,0,0,0,0,0,0,0,0,0,167.123,0,0,-70.1125
"MtrElec",8,8,19,"",80.77,0,0,0,0,0,0,0,0,0,0,0,0,0,0,0,0,0,0,0,0,171.547,0,-67.8758,-22.9016
"MtrElec",8,8,20,"",80.055,0,0,0,0,0,0,0,0,0,0,0,0,0,0,0,0,0,0,0,0,150.162,0,-67.8758,-2.23138
"MtrElec",8,8,21,"",70.0678,0,0,0,0,0,0,0,0,0,0,0,0,0,0,0,0,0,0,0,0,113.903,0,-43.8356,0
"MtrElec",8,8,22,"",120.966,0,0,0,0,0,0,0,0,0,0,0,0,0,0,0,0,0,0,0,0,120.966,0,0,0
"MtrElec",8,8,23,"",96.4687,0,0,0,0,0,0,0,0,0,0,0,0,0,0,0,0,0,0,0,0,96.4687,0,0,0
"MtrElec",8,8,24,"",117.387,0,0,0,0,0,0,0,0,0,0,0,0,0,0,0,0,0,0,0,0,117.387,0,0,0
"MtrElec",8,9,1,"",65.7837,0,0,0,0,0,0,0,0,0,0,0,0,0,0,0,0,0,0,0,0,65.7837,0,0,0
"MtrElec",8,9,2,"",56.5985,0,0,0,0,0,0,0,0,0,0,0,0,0,0,0,0,0,0,0,0,56.5985,0,0,0
"MtrElec",8,9,3,"",71.3799,0,0,0,0,0,0,0,0,0,0,0,0,0,0,0,0,0,0,0,0,71.3799,0,0,0
"MtrElec",8,9,4,"",54.9723,0,0,0,0,0,0,0,0,0,0,0,0,0,0,0,0,0,0,0,0,54.9723,0,0,0
"MtrElec",8,9,5,"",65.0142,0,0,0,0,0,0,0,0,0,0,0,0,0,0,0,0,0,0,0,0,65.0142,0,0,0
"MtrElec",8,9,6,"",52.536,0,0,0,0,0,0,0,0,0,0,0,0,0,0,0,0,0,0,0,0,52.536,0,0,0
"MtrElec",8,9,7,"",56.2877,0,0,0,0,0,0,0,0,0,0,0,0,0,0,0,0,0,0,0,0,60.3771,0,0,-4.08939
"MtrElec",8,9,8,"",42.1519,0,0,0,0,0,0,0,0,0,0,0,0,0,0,0,0,0,0,0,0,69.1747,0,0,-27.0228
"MtrElec",8,9,9,"",7.9371,0,0,0,0,0,0,0,0,0,0,0,0,0,0,0,0,0,0,0,0,83.5459,0,0,-75.6088
"MtrElec",8,9,10,"",0,0,0,0,0,0,0,0,0,0,0,0,0,0,0,0,0,0,0,0,0,118.659,0,2.92471,-121.584
"MtrElec",8,9,11,"",0,0,0,0,0,0,0,0,0,0,0,0,0,0,0,0,0,0,0,0,0,127.945,0,27.0509,-154.996
"MtrElec",8,9,12,"",0.0000039,0,0,0,0,0,0,0,0,0,0,0,0,0,0,0,0,0,0,0,0,133.254,0,45.0891,-178.343
"MtrElec",8,9,13,"",0,0,0,0,0,0,0,0,0,0,0,0,0,0,0,0,0,0,0,0,0,148.759,0,43.2444,-192.004
"MtrElec",8,9,14,"",-0.237797,0,0,0,0,0,0,0,0,0,0,0,0,0,0,0,0,0,0,0,0,124.255,0,67.8758,-192.368
"MtrElec",8,9,15,"",0,0,0,0,0,0,0,0,0,0,0,0,0,0,0,0,0,0,0,0,0,151.623,0,28.6994,-180.323
"MtrElec",8,9,16,"",0,0,0,0,0,0,0,0,0,0,0,0,0,0,0,0,0,0,0,0,0,126.581,0,27.5003,-154.081
"MtrElec",8,9,17,"",14.2073,0,0,0,0,0,0,0,0,0,0,0,0,0,0,0,0,0,0,0,0,132.426,0,0,-118.219
"MtrElec",8,9,18,"",85.8752,0,0,0,0,0,0,0,0,0,0,0,0,0,0,0,0,0,0,0,0,158.049,0,0,-72.1741
"MtrElec",8,9,19,"",83.0424,0,0,0,0,0,0,0,0,0,0,0,0,0,0,0,0,0,0,0,0,174.444,0,-67.8758,-23.5254
"MtrElec",8,9,20,"",69.8946,0,0,0,0,0,0,0,0,0,0,0,0,0,0,0,0,0,0,0,0,140.015,0,-67.8758,-2.2451
"MtrElec",8,9,21,"",89.2314,0,0,0,0,0,0,0,0,0,0,0,0,0,0,0,0,0,0,0,0,157.107,0,-67.8758,0
"MtrElec",8,9,22,"",124.57,0,0,0,0,0,0,0,0,0,0,0,0,0,0,0,0,0,0,0,0,139.695,0,-15.1247,0
"MtrElec",8,9,23,"",102.891,0,0,0,0,0,0,0,0,0,0,0,0,0,0,0,0,0,0,0,0,102.891,0,0,0
"MtrElec",8,9,24,"",70.619,0,0,0,0,0,0,0,0,0,0,0,0,0,0,0,0,0,0,0,0,70.619,0,0,0
"MtrElec",8,10,1,"",60.8453,0,0,0,0,0,0,0,0,0,0,0,0,0,0,0,0,0,0,0,0,60.8453,0,0,0
"MtrElec",8,10,2,"",57.7829,0,0,0,0,0,0,0,0,0,0,0,0,0,0,0,0,0,0,0,0,57.7829,0,0,0
"MtrElec",8,10,3,"",52.7316,0,0,0,0,0,0,0,0,0,0,0,0,0,0,0,0,0,0,0,0,52.7316,0,0,0
"MtrElec",8,10,4,"",49.3276,0,0,0,0,0,0,0,0,0,0,0,0,0,0,0,0,0,0,0,0,49.3276,0,0,0
"MtrElec",8,10,5,"",47.2899,0,0,0,0,0,0,0,0,0,0,0,0,0,0,0,0,0,0,0,0,47.2899,0,0,0
"MtrElec",8,10,6,"",59.0955,0,0,0,0,0,0,0,0,0,0,0,0,0,0,0,0,0,0,0,0,59.0955,0,0,0
"MtrElec",8,10,7,"",74.293,0,0,0,0,0,0,0,0,0,0,0,0,0,0,0,0,0,0,0,0,78.8109,0,0,-4.51792
"MtrElec",8,10,8,"",83.0993,0,0,0,0,0,0,0,0,0,0,0,0,0,0,0,0,0,0,0,0,110.473,0,0,-27.3735
"MtrElec",8,10,9,"",29.5388,0,0,0,0,0,0,0,0,0,0,0,0,0,0,0,0,0,0,0,0,106.802,0,0,-77.2632
"MtrElec",8,10,10,"",0.0000001,0,0,0,0,0,0,0,0,0,0,0,0,0,0,0,0,0,0,0,0,122.423,0,1.01504,-123.438
"MtrElec",8,10,11,"",0.0000039,0,0,0,0,0,0,0,0,0,0,0,0,0,0,0,0,0,0,0,0,109.11,0,50.5131,-159.623
"MtrElec",8,10,12,"",-2.57117,0,0,0,0,0,0,0,0,0,0,0,0,0,0,0,0,0,0,0,0,113.436,0,67.8758,-183.883
"MtrElec",8,10,13,"",-22.3286,0,0,0,0,0,0,0,0,0,0,0,0,0,0,0,0,0,0,0,0,105.512,0,67.8758,-195.716
"MtrElec",8,10,14,"",-19.2535,0,0,0,0,0,0,0,0,0,0,0,0,0,0,0,0,0,0,0,0,109.17,0,65.9708,-194.395
"MtrElec",8,10,15,"",-58.3225,0,0,0,0,0,0,0,0,0,0,0,0,0,0,0,0,0,0,0,0,123.869,0,0,-182.192
"MtrElec",8,10,16,"",-43.0749,0,0,0,0,0,0,0,0,0,0,0,0,0,0,0,0,0,0,0,0,115.302,0,0,-158.377
"MtrElec",8,10,17,"",6.63504,0,0,0,0,0,0,0,0,0,0,0,0,0,0,0,0,0,0,0,0,128.206,0,0,-121.571
"MtrElec",8,10,18,"",84.3368,0,0,0,0,0,0,0,0,0,0,0,0,0,0,0,0,0,0,0,0,158.137,0,0,-73.7999
"MtrElec",8,10,19,"",67.3513,0,0,0,0,0,0,0,0,0,0,0,0,0,0,0,0,0,0,0,0,158.985,0,-67.8758,-23.7582
"MtrElec",8,10,20,"",92.3974,0,0,0,0,0,0,0,0,0,0,0,0,0,0,0,0,0,0,0,0,162.512,0,-67.8758,-2.23856
"MtrElec",8,10,21,"",89.4775,0,0,0,0,0,0,0,0,0,0,0,0,0,0,0,0,0,0,0,0,157.353,0,-67.8758,0
"MtrElec",8,10,22,"",95.3245,0,0,0,0,0,0,0,0,0,0,0,0,0,0,0,0,0,0,0,0,120.256,0,-24.9313,0
"MtrElec",8,10,23,"",142.994,0,0,0,0,0,0,0,0,0,0,0,0,0,0,0,0,0,0,0,0,142.994,0,0,0
"MtrElec",8,10,24,"",85.8358,0,0,0,0,0,0,0,0,0,0,0,0,0,0,0,0,0,0,0,0,85.8358,0,0,0
"MtrElec",8,11,1,"",69.1126,0,0,0,0,0,0,0,0,0,0,0,0,0,0,0,0,0,0,0,0,69.1126,0,0,0
"MtrElec",8,11,2,"",52.9762,0,0,0,0,0,0,0,0,0,0,0,0,0,0,0,0,0,0,0,0,52.9762,0,0,0
"MtrElec",8,11,3,"",48.7878,0,0,0,0,0,0,0,0,0,0,0,0,0,0,0,0,0,0,0,0,48.7878,0,0,0
"MtrElec",8,11,4,"",46.9507,0,0,0,0,0,0,0,0,0,0,0,0,0,0,0,0,0,0,0,0,46.9507,0,0,0
"MtrElec",8,11,5,"",46.0066,0,0,0,0,0,0,0,0,0,0,0,0,0,0,0,0,0,0,0,0,46.0066,0,0,0
"MtrElec",8,11,6,"",49.8746,0,0,0,0,0,0,0,0,0,0,0,0,0,0,0,0,0,0,0,0,49.8746,0,0,0
"MtrElec",8,11,7,"",72.6921,0,0,0,0,0,0,0,0,0,0,0,0,0,0,0,0,0,0,0,0,77.2573,0,0,-4.56518
"MtrElec",8,11,8,"",76.5457,0,0,0,0,0,0,0,0,0,0,0,0,0,0,0,0,0,0,0,0,104.818,0,0,-28.2721
"MtrElec",8,11,9,"",19.1244,0,0,0,0,0,0,0,0,0,0,0,0,0,0,0,0,0,0,0,0,100.004,0,0,-80.8793
"MtrElec",8,11,10,"",0,0,0,0,0,0,0,0,0,0,0,0,0,0,0,0,0,0,0,0,0,126.746,0,2.17614,-128.922
"MtrElec",8,11,11,"",0,0,0,0,0,0,0,0,0,0,0,0,0,0,0,0,0,0,0,0,0,124.96,0,37.2011,-162.161
"MtrElec",8,11,12,"",-0.0894063,0,0,0,0,0,0,0,0,0,0,0,0,0,0,0,0,0,0,0,0,117.146,0,67.8758,-185.111
"MtrElec",8,11,13,"",-13.5144,0,0,0,0,0,0,0,0,0,0,0,0,0,0,0,0,0,0,0,0,116.307,0,67.8758,-197.697
"MtrElec",8,11,14,"",-16.7634,0,0,0,0,0,0,0,0,0,0,0,0,0,0,0,0,0,0,0,0,111.26,0,67.8758,-195.9
"MtrElec",8,11,15,"",-60.6479,0,0,0,0,0,0,0,0,0,0,0,0,0,0,0,0,0,0,0,0,112.286,0,10.246,-183.18
"MtrElec",8,11,16,"",-11.6361,0,0,0,0,0,0,0,0,0,0,0,0,0,0,0,0,0,0,0,0,146.446,0,0,-158.082
"MtrElec",8,11,17,"",25.5334,0,0,0,0,0,0,0,0,0,0,0,0,0,0,0,0,0,0,0,0,146.687,0,0,-121.153
"MtrElec",8,11,18,"",96.4938,0,0,0,0,0,0,0,0,0,0,0,0,0,0,0,0,0,0,0,0,170.002,0,0,-73.5082
"MtrElec",8,11,19,"",66.7433,0,0,0,0,0,0,0,0,0,0,0,0,0,0,0,0,0,0,0,0,158.444,0,-67.8758,-23.8246
"MtrElec",8,11,20,"",92.3685,0,0,0,0,0,0,0,0,0,0,0,0,0,0,0,0,0,0,0,0,162.318,0,-67.8758,-2.07397
"MtrElec",8,11,21,"",67.2614,0,0,0,0,0,0,0,0,0,0,0,0,0,0,0,0,0,0,0,0,135.137,0,-67.8758,0
"MtrElec",8,11,22,"",73.8154,0,0,0,0,0,0,0,0,0,0,0,0,0,0,0,0,0,0,0,0,98.7467,0,-24.9313,0
"MtrElec",8,11,23,"",114.382,0,0,0,0,0,0,0,0,0,0,0,0,0,0,0,0,0,0,0,0,114.382,0,0,0
"MtrElec",8,11,24,"",75.6932,0,0,0,0,0,0,0,0,0,0,0,0,0,0,0,0,0,0,0,0,75.6932,0,0,0
"MtrElec",8,12,1,"",57.1571,0,0,0,0,0,0,0,0,0,0,0,0,0,0,0,0,0,0,0,0,57.1571,0,0,0
"MtrElec",8,12,2,"",54.1002,0,0,0,0,0,0,0,0,0,0,0,0,0,0,0,0,0,0,0,0,54.1002,0,0,0
"MtrElec",8,12,3,"",49.6193,0,0,0,0,0,0,0,0,0,0,0,0,0,0,0,0,0,0,0,0,49.6193,0,0,0
"MtrElec",8,12,4,"",46.9947,0,0,0,0,0,0,0,0,0,0,0,0,0,0,0,0,0,0,0,0,46.9947,0,0,0
"MtrElec",8,12,5,"",45.8223,0,0,0,0,0,0,0,0,0,0,0,0,0,0,0,0,0,0,0,0,45.8223,0,0,0
"MtrElec",8,12,6,"",70.7425,0,0,0,0,0,0,0,0,0,0,0,0,0,0,0,0,0,0,0,0,70.7425,0,0,0
"MtrElec",8,12,7,"",66.989,0,0,0,0,0,0,0,0,0,0,0,0,0,0,0,0,0,0,0,0,71.5587,0,0,-4.56975
"MtrElec",8,12,8,"",77.9573,0,0,0,0,0,0,0,0,0,0,0,0,0,0,0,0,0,0,0,0,106.386,0,0,-28.4285
"MtrElec",8,12,9,"",15.55,0,0,0,0,0,0,0,0,0,0,0,0,0,0,0,0,0,0,0,0,95.3246,0,0,-79.7747
"MtrElec",8,12,10,"",0,0,0,0,0,0,0,0,0,0,0,0,0,0,0,0,0,0,0,0,0,107.759,0,17.9827,-125.741
"MtrElec",8,12,11,"",0.0000039,0,0,0,0,0,0,0,0,0,0,0,0,0,0,0,0,0,0,0,0,96.2875,0,65.3426,-161.63
"MtrElec",8,12,12,"",-17.6731,0,0,0,0,0,0,0,0,0,0,0,0,0,0,0,0,0,0,0,0,100.044,0,67.8758,-185.593
"MtrElec",8,12,13,"",-45.1582,0,0,0,0,0,0,0,0,0,0,0,0,0,0,0,0,0,0,0,0,82.6018,0,67.8758,-195.636
"MtrElec",8,12,14,"",-55.5461,0,0,0,0,0,0,0,0,0,0,0,0,0,0,0,0,0,0,0,0,101.809,0,34.1737,-191.529
"MtrElec",8,12,15,"",-54.1093,0,0,0,0,0,0,0,0,0,0,0,0,0,0,0,0,0,0,0,0,120.11,0,0,-174.219
"MtrElec",8,12,16,"",-26.6736,0,0,0,0,0,0,0,0,0,0,0,0,0,0,0,0,0,0,0,0,119.291,0,0,-145.965
"MtrElec",8,12,17,"",33.5006,0,0,0,0,0,0,0,0,0,0,0,0,0,0,0,0,0,0,0,0,152.308,0,0,-118.808
"MtrElec",8,12,18,"",80.8168,0,0,0,0,0,0,0,0,0,0,0,0,0,0,0,0,0,0,0,0,153.809,0,0,-72.9919
"MtrElec",8,12,19,"",92.7376,0,0,0,0,0,0,0,0,0,0,0,0,0,0,0,0,0,0,0,0,182.493,0,-67.8758,-21.8795
"MtrElec",8,12,20,"",64.3667,0,0,0,0,0,0,0,0,0,0,0,0,0,0,0,0,0,0,0,0,133.245,0,-67.8758,-1.00266
"MtrElec",8,12,21,"",74.8254,0,0,0,0,0,0,0,0,0,0,0,0,0,0,0,0,0,0,0,0,142.701,0,-67.8758,0
"MtrElec",8,12,22,"",73.583,0,0,0,0,0,0,0,0,0,0,0,0,0,0,0,0,0,0,0,0,98.5143,0,-24.9313,0
"MtrElec",8,12,23,"",111.826,0,0,0,0,0,0,0,0,0,0,0,0,0,0,0,0,0,0,0,0,111.826,0,0,0
"MtrElec",8,12,24,"",72.8267,0,0,0,0,0,0,0,0,0,0,0,0,0,0,0,0,0,0,0,0,72.8267,0,0,0
"MtrElec",8,13,1,"",64.0612,0,0,0,0,0,0,0,0,0,0,0,0,0,0,0,0,0,0,0,0,64.0612,0,0,0
"MtrElec",8,13,2,"",57.1499,0,0,0,0,0,0,0,0,0,0,0,0,0,0,0,0,0,0,0,0,57.1499,0,0,0
"MtrElec",8,13,3,"",50.7064,0,0,0,0,0,0,0,0,0,0,0,0,0,0,0,0,0,0,0,0,50.7064,0,0,0
"MtrElec",8,13,4,"",46.9609,0,0,0,0,0,0,0,0,0,0,0,0,0,0,0,0,0,0,0,0,46.9609,0,0,0
"MtrElec",8,13,5,"",46.0349,0,0,0,0,0,0,0,0,0,0,0,0,0,0,0,0,0,0,0,0,46.0349,0,0,0
"MtrElec",8,13,6,"",61.2459,0,0,0,0,0,0,0,0,0,0,0,0,0,0,0,0,0,0,0,0,61.2459,0,0,0
"MtrElec",8,13,7,"",77.9761,0,0,0,0,0,0,0,0,0,0,0,0,0,0,0,0,0,0,0,0,80.9199,0,0,-2.9438
"MtrElec",8,13,8,"",71.6305,0,0,0,0,0,0,0,0,0,0,0,0,0,0,0,0,0,0,0,0,98.4628,0,0,-26.8323
"MtrElec",8,13,9,"",27.8479,0,0,0,0,0,0,0,0,0,0,0,0,0,0,0,0,0,0,0,0,97.4306,0,0,-69.5827
"MtrElec",8,13,10,"",9.58071,0,0,0,0,0,0,0,0,0,0,0,0,0,0,0,0,0,0,0,0,117.753,0,0,-108.172
"MtrElec",8,13,11,"",0.0000020,0,0,0,0,0,0,0,0,0,0,0,0,0,0,0,0,0,0,0,0,110.674,0,29.7852,-140.459
"MtrElec",8,13,12,"",0.0000020,0,0,0,0,0,0,0,0,0,0,0,0,0,0,0,0,0,0,0,0,132.899,0,27.3995,-160.299
"MtrElec",8,13,13,"",0,0,0,0,0,0,0,0,0,0,0,0,0,0,0,0,0,0,0,0,0,124.957,0,48.3404,-173.298
"MtrElec",8,13,14,"",0,0,0,0,0,0,0,0,0,0,0,0,0,0,0,0,0,0,0,0,0,104.507,0,64.4661,-168.973
"MtrElec",8,13,15,"",10.2767,0,0,0,0,0,0,0,0,0,0,0,0,0,0,0,0,0,0,0,0,125.421,0,0,-115.145
"MtrElec",8,13,16,"",78.0932,0,0,0,0,0,0,0,0,0,0,0,0,0,0,0,0,0,0,0,0,120.09,0,0,-41.9971
"MtrElec",8,13,17,"",59.498,0,0,0,0,0,0,0,0,0,0,0,0,0,0,0,0,0,0,0,0,141.549,0,0,-82.0508
"MtrElec",8,13,18,"",93.9196,0,0,0,0,0,0,0,0,0,0,0,0,0,0,0,0,0,0,0,0,158.331,0,0,-64.4112
"MtrElec",8,13,19,"",55.4578,0,0,0,0,0,0,0,0,0,0,0,0,0,0,0,0,0,0,0,0,144.963,0,-67.8758,-21.6295
"MtrElec",8,13,20,"",89.2682,0,0,0,0,0,0,0,0,0,0,0,0,0,0,0,0,0,0,0,0,158.306,0,-67.8758,-1.16155
"MtrElec",8,13,21,"",131.896,0,0,0,0,0,0,0,0,0,0,0,0,0,0,0,0,0,0,0,0,149.562,0,-17.6655,0
"MtrElec",8,13,22,"",126.307,0,0,0,0,0,0,0,0,0,0,0,0,0,0,0,0,0,0,0,0,126.307,0,0,0
"MtrElec",8,13,23,"",112.05,0,0,0,0,0,0,0,0,0,0,0,0,0,0,0,0,0,0,0,0,112.05,0,0,0
"MtrElec",8,13,24,"",114.501,0,0,0,0,0,0,0,0,0,0,0,0,0,0,0,0,0,0,0,0,114.501,0,0,0
"MtrElec",8,14,1,"",76.4282,0,0,0,0,0,0,0,0,0,0,0,0,0,0,0,0,0,0,0,0,76.4282,0,0,0
"MtrElec",8,14,2,"",55.2473,0,0,0,0,0,0,0,0,0,0,0,0,0,0,0,0,0,0,0,0,55.2473,0,0,0
"MtrElec",8,14,3,"",51.6154,0,0,0,0,0,0,0,0,0,0,0,0,0,0,0,0,0,0,0,0,51.6154,0,0,0
"MtrElec",8,14,4,"",50.0274,0,0,0,0,0,0,0,0,0,0,0,0,0,0,0,0,0,0,0,0,50.0274,0,0,0
"MtrElec",8,14,5,"",48.4131,0,0,0,0,0,0,0,0,0,0,0,0,0,0,0,0,0,0,0,0,48.4131,0,0,0
"MtrElec",8,14,6,"",52.925,0,0,0,0,0,0,0,0,0,0,0,0,0,0,0,0,0,0,0,0,52.925,0,0,0
"MtrElec",8,14,7,"",76.9143,0,0,0,0,0,0,0,0,0,0,0,0,0,0,0,0,0,0,0,0,80.8844,0,0,-3.97018
"MtrElec",8,14,8,"",67.3315,0,0,0,0,0,0,0,0,0,0,0,0,0,0,0,0,0,0,0,0,94.5084,0,0,-27.1769
"MtrElec",8,14,9,"",23.6436,0,0,0,0,0,0,0,0,0,0,0,0,0,0,0,0,0,0,0,0,96.4104,0,0,-72.7667
"MtrElec",8,14,10,"",0,0,0,0,0,0,0,0,0,0,0,0,0,0,0,0,0,0,0,0,0,114.685,0,0.822445,-115.508
"MtrElec",8,14,11,"",0,0,0,0,0,0,0,0,0,0,0,0,0,0,0,0,0,0,0,0,0,133.113,0,15.3939,-148.507
"MtrElec",8,14,12,"",0,0,0,0,0,0,0,0,0,0,0,0,0,0,0,0,0,0,0,0,0,121.688,0,50.4824,-172.171
"MtrElec",8,14,13,"",0,0,0,0,0,0,0,0,0,0,0,0,0,0,0,0,0,0,0,0,0,122.902,0,57.4466,-180.348
"MtrElec",8,14,14,"",-0.284789,0,0,0,0,0,0,0,0,0,0,0,0,0,0,0,0,0,0,0,0,111.372,0,67.8758,-179.532
"MtrElec",8,14,15,"",0,0,0,0,0,0,0,0,0,0,0,0,0,0,0,0,0,0,0,0,0,143.801,0,16.6266,-160.428
"MtrElec",8,14,16,"",0.0000002,0,0,0,0,0,0,0,0,0,0,0,0,0,0,0,0,0,0,0,0,141.018,0,2.14261,-143.161
"MtrElec",8,14,17,"",65.643,0,0,0,0,0,0,0,0,0,0,0,0,0,0,0,0,0,0,0,0,160.095,0,0,-94.4519
"MtrElec",8,14,18,"",119.436,0,0,0,0,0,0,0,0,0,0,0,0,0,0,0,0,0,0,0,0,174.778,0,0,-55.3419
"MtrElec",8,14,19,"",76.4944,0,0,0,0,0,0,0,0,0,0,0,0,0,0,0,0,0,0,0,0,160.799,0,-67.8758,-16.4293
"MtrElec",8,14,20,"",84.2994,0,0,0,0,0,0,0,0,0,0,0,0,0,0,0,0,0,0,0,0,152.391,0,-67.8758,-0.215823
"MtrElec",8,14,21,"",92.8658,0,0,0,0,0,0,0,0,0,0,0,0,0,0,0,0,0,0,0,0,147.353,0,-54.4868,0
"MtrElec",8,14,22,"",148.655,0,0,0,0,0,0,0,0,0,0,0,0,0,0,0,0,0,0,0,0,148.655,0,0,0
"MtrElec",8,14,23,"",144.682,0,0,0,0,0,0,0,0,0,0,0,0,0,0,0,0,0,0,0,0,144.682,0,0,0
"MtrElec",8,14,24,"",102.565,0,0,0,0,0,0,0,0,0,0,0,0,0,0,0,0,0,0,0,0,102.565,0,0,0
"MtrElec",8,15,1,"",63.7309,0,0,0,0,0,0,0,0,0,0,0,0,0,0,0,0,0,0,0,0,63.7309,0,0,0
"MtrElec",8,15,2,"",58.654,0,0,0,0,0,0,0,0,0,0,0,0,0,0,0,0,0,0,0,0,58.654,0,0,0
"MtrElec",8,15,3,"",54.1756,0,0,0,0,0,0,0,0,0,0,0,0,0,0,0,0,0,0,0,0,54.1756,0,0,0
"MtrElec",8,15,4,"",69.8554,0,0,0,0,0,0,0,0,0,0,0,0,0,0,0,0,0,0,0,0,69.8554,0,0,0
"MtrElec",8,15,5,"",58.5394,0,0,0,0,0,0,0,0,0,0,0,0,0,0,0,0,0,0,0,0,58.5394,0,0,0
"MtrElec",8,15,6,"",53.6515,0,0,0,0,0,0,0,0,0,0,0,0,0,0,0,0,0,0,0,0,53.6515,0,0,0
"MtrElec",8,15,7,"",57.4166,0,0,0,0,0,0,0,0,0,0,0,0,0,0,0,0,0,0,0,0,61.8638,0,0,-4.44716
"MtrElec",8,15,8,"",71.7528,0,0,0,0,0,0,0,0,0,0,0,0,0,0,0,0,0,0,0,0,98.2812,0,0,-26.5284
"MtrElec",8,15,9,"",21.5073,0,0,0,0,0,0,0,0,0,0,0,0,0,0,0,0,0,0,0,0,94.0222,0,0,-72.5149
"MtrElec",8,15,10,"",11.7671,0,0,0,0,0,0,0,0,0,0,0,0,0,0,0,0,0,0,0,0,127.101,0,0,-115.333
"MtrElec",8,15,11,"",0,0,0,0,0,0,0,0,0,0,0,0,0,0,0,0,0,0,0,0,0,138.134,0,11.0633,-149.198
"MtrElec",8,15,12,"",0,0,0,0,0,0,0,0,0,0,0,0,0,0,0,0,0,0,0,0,0,154.921,0,19.8899,-174.811
"MtrElec",8,15,13,"",0.0000039,0,0,0,0,0,0,0,0,0,0,0,0,0,0,0,0,0,0,0,0,150.815,0,34.6761,-185.491
"MtrElec",8,15,14,"",0,0,0,0,0,0,0,0,0,0,0,0,0,0,0,0,0,0,0,0,0,142.849,0,41.2075,-184.056
"MtrElec",8,15,15,"",0,0,0,0,0,0,0,0,0,0,0,0,0,0,0,0,0,0,0,0,0,158.005,0,13.2561,-171.261
"MtrElec",8,15,16,"",0,0,0,0,0,0,0,0,0,0,0,0,0,0,0,0,0,0,0,0,0,135.661,0,11.162,-146.823
"MtrElec",8,15,17,"",49.2552,0,0,0,0,0,0,0,0,0,0,0,0,0,0,0,0,0,0,0,0,159.309,0,0,-110.054
"MtrElec",8,15,18,"",94.808,0,0,0,0,0,0,0,0,0,0,0,0,0,0,0,0,0,0,0,0,158.947,0,0,-64.139
"MtrElec",8,15,19,"",107.594,0,0,0,0,0,0,0,0,0,0,0,0,0,0,0,0,0,0,0,0,196.337,0,-67.8758,-20.8676
"MtrElec",8,15,20,"",112.892,0,0,0,0,0,0,0,0,0,0,0,0,0,0,0,0,0,0,0,0,164.291,0,-50.5818,-0.817732
"MtrElec",8,15,21,"",162.765,0,0,0,0,0,0,0,0,0,0,0,0,0,0,0,0,0,0,0,0,162.765,0,0,0
"MtrElec",8,15,22,"",137.932,0,0,0,0,0,0,0,0,0,0,0,0,0,0,0,0,0,0,0,0,137.932,0,0,0
"MtrElec",8,15,23,"",110.91,0,0,0,0,0,0,0,0,0,0,0,0,0,0,0,0,0,0,0,0,110.91,0,0,0
"MtrElec",8,15,24,"",88.1676,0,0,0,0,0,0,0,0,0,0,0,0,0,0,0,0,0,0,0,0,88.1676,0,0,0
"MtrElec",8,16,1,"",62.5742,0,0,0,0,0,0,0,0,0,0,0,0,0,0,0,0,0,0,0,0,62.5742,0,0,0
"MtrElec",8,16,2,"",56.489,0,0,0,0,0,0,0,0,0,0,0,0,0,0,0,0,0,0,0,0,56.489,0,0,0
"MtrElec",8,16,3,"",53.3642,0,0,0,0,0,0,0,0,0,0,0,0,0,0,0,0,0,0,0,0,53.3642,0,0,0
"MtrElec",8,16,4,"",51.87,0,0,0,0,0,0,0,0,0,0,0,0,0,0,0,0,0,0,0,0,51.87,0,0,0
"MtrElec",8,16,5,"",55.6776,0,0,0,0,0,0,0,0,0,0,0,0,0,0,0,0,0,0,0,0,55.6776,0,0,0
"MtrElec",8,16,6,"",67.8149,0,0,0,0,0,0,0,0,0,0,0,0,0,0,0,0,0,0,0,0,67.8149,0,0,0
"MtrElec",8,16,7,"",53.6255,0,0,0,0,0,0,0,0,0,0,0,0,0,0,0,0,0,0,0,0,57.8917,0,0,-4.26622
"MtrElec",8,16,8,"",61.7309,0,0,0,0,0,0,0,0,0,0,0,0,0,0,0,0,0,0,0,0,88.9446,0,0,-27.2137
"MtrElec",8,16,9,"",55.444,0,0,0,0,0,0,0,0,0,0,0,0,0,0,0,0,0,0,0,0,128.631,0,0,-73.1869
"MtrElec",8,16,10,"",0,0,0,0,0,0,0,0,0,0,0,0,0,0,0,0,0,0,0,0,0,110.223,0,5.5828,-115.806
"MtrElec",8,16,11,"",0,0,0,0,0,0,0,0,0,0,0,0,0,0,0,0,0,0,0,0,0,111.285,0,40.2869,-151.572
"MtrElec",8,16,12,"",0,0,0,0,0,0,0,0,0,0,0,0,0,0,0,0,0,0,0,0,0,144.356,0,32.3803,-176.736
"MtrElec",8,16,13,"",0,0,0,0,0,0,0,0,0,0,0,0,0,0,0,0,0,0,0,0,0,166.029,0,20.3278,-186.357
"MtrElec",8,16,14,"",0,0,0,0,0,0,0,0,0,0,0,0,0,0,0,0,0,0,0,0,0,127.222,0,59.1551,-186.377
"MtrElec",8,16,15,"",0.0000020,0,0,0,0,0,0,0,0,0,0,0,0,0,0,0,0,0,0,0,0,152.57,0,21.3996,-173.969
"MtrElec",8,16,16,"",0,0,0,0,0,0,0,0,0,0,0,0,0,0,0,0,0,0,0,0,0,139.292,0,9.81197,-149.104
"MtrElec",8,16,17,"",36.8974,0,0,0,0,0,0,0,0,0,0,0,0,0,0,0,0,0,0,0,0,149.132,0,0,-112.235
"MtrElec",8,16,18,"",95.0426,0,0,0,0,0,0,0,0,0,0,0,0,0,0,0,0,0,0,0,0,160.964,0,0,-65.921
"MtrElec",8,16,19,"",121.621,0,0,0,0,0,0,0,0,0,0,0,0,0,0,0,0,0,0,0,0,210.062,0,-67.8758,-20.5652
"MtrElec",8,16,20,"",74.1772,0,0,0,0,0,0,0,0,0,0,0,0,0,0,0,0,0,0,0,0,143.049,0,-67.8758,-0.995873
"MtrElec",8,16,21,"",106.271,0,0,0,0,0,0,0,0,0,0,0,0,0,0,0,0,0,0,0,0,141.042,0,-34.7708,0
"MtrElec",8,16,22,"",117.941,0,0,0,0,0,0,0,0,0,0,0,0,0,0,0,0,0,0,0,0,117.941,0,0,0
"MtrElec",8,16,23,"",110.786,0,0,0,0,0,0,0,0,0,0,0,0,0,0,0,0,0,0,0,0,110.786,0,0,0
"MtrElec",8,16,24,"",93.7908,0,0,0,0,0,0,0,0,0,0,0,0,0,0,0,0,0,0,0,0,93.7908,0,0,0
"MtrElec",8,17,1,"",67.3949,0,0,0,0,0,0,0,0,0,0,0,0,0,0,0,0,0,0,0,0,67.3949,0,0,0
"MtrElec",8,17,2,"",54.3411,0,0,0,0,0,0,0,0,0,0,0,0,0,0,0,0,0,0,0,0,54.3411,0,0,0
"MtrElec",8,17,3,"",51.9853,0,0,0,0,0,0,0,0,0,0,0,0,0,0,0,0,0,0,0,0,51.9853,0,0,0
"MtrElec",8,17,4,"",56.1966,0,0,0,0,0,0,0,0,0,0,0,0,0,0,0,0,0,0,0,0,56.1966,0,0,0
"MtrElec",8,17,5,"",46.3945,0,0,0,0,0,0,0,0,0,0,0,0,0,0,0,0,0,0,0,0,46.3945,0,0,0
"MtrElec",8,17,6,"",62.2869,0,0,0,0,0,0,0,0,0,0,0,0,0,0,0,0,0,0,0,0,62.2869,0,0,0
"MtrElec",8,17,7,"",72.2271,0,0,0,0,0,0,0,0,0,0,0,0,0,0,0,0,0,0,0,0,76.7489,0,0,-4.52179
"MtrElec",8,17,8,"",78.1187,0,0,0,0,0,0,0,0,0,0,0,0,0,0,0,0,0,0,0,0,104.914,0,0,-26.7957
"MtrElec",8,17,9,"",20.0713,0,0,0,0,0,0,0,0,0,0,0,0,0,0,0,0,0,0,0,0,94.6575,0,0,-74.5862
"MtrElec",8,17,10,"",0,0,0,0,0,0,0,0,0,0,0,0,0,0,0,0,0,0,0,0,0,105.497,0,13.4314,-118.928
"MtrElec",8,17,11,"",0,0,0,0,0,0,0,0,0,0,0,0,0,0,0,0,0,0,0,0,0,109.963,0,44.4838,-154.447
"MtrElec",8,17,12,"",0.0000039,0,0,0,0,0,0,0,0,0,0,0,0,0,0,0,0,0,0,0,0,119.029,0,60.3582,-179.388
"MtrElec",8,17,13,"",-6.70421,0,0,0,0,0,0,0,0,0,0,0,0,0,0,0,0,0,0,0,0,117.262,0,67.8758,-191.842
"MtrElec",8,17,14,"",-23.7079,0,0,0,0,0,0,0,0,0,0,0,0,0,0,0,0,0,0,0,0,101.021,0,67.1014,-191.83
"MtrElec",8,17,15,"",-73.0563,0,0,0,0,0,0,0,0,0,0,0,0,0,0,0,0,0,0,0,0,107.221,0,0,-180.277
"MtrElec",8,17,16,"",-23.0483,0,0,0,0,0,0,0,0,0,0,0,0,0,0,0,0,0,0,0,0,132.08,0,0,-155.128
"MtrElec",8,17,17,"",12.3583,0,0,0,0,0,0,0,0,0,0,0,0,0,0,0,0,0,0,0,0,130.547,0,0,-118.188
"MtrElec",8,17,18,"",90.6732,0,0,0,0,0,0,0,0,0,0,0,0,0,0,0,0,0,0,0,0,161.061,0,0,-70.3877
"MtrElec",8,17,19,"",87.3066,0,0,0,0,0,0,0,0,0,0,0,0,0,0,0,0,0,0,0,0,176.186,0,-67.8758,-21.0038
"MtrElec",8,17,20,"",87.8969,0,0,0,0,0,0,0,0,0,0,0,0,0,0,0,0,0,0,0,0,156.496,0,-67.8758,-0.723745
"MtrElec",8,17,21,"",65.3294,0,0,0,0,0,0,0,0,0,0,0,0,0,0,0,0,0,0,0,0,133.205,0,-67.8758,0
"MtrElec",8,17,22,"",84.9744,0,0,0,0,0,0,0,0,0,0,0,0,0,0,0,0,0,0,0,0,109.906,0,-24.9313,0
"MtrElec",8,17,23,"",109.671,0,0,0,0,0,0,0,0,0,0,0,0,0,0,0,0,0,0,0,0,109.671,0,0,0
"MtrElec",8,17,24,"",76.1992,0,0,0,0,0,0,0,0,0,0,0,0,0,0,0,0,0,0,0,0,76.1992,0,0,0
"MtrElec",8,18,1,"",70.6736,0,0,0,0,0,0,0,0,0,0,0,0,0,0,0,0,0,0,0,0,70.6736,0,0,0
"MtrElec",8,18,2,"",54.4015,0,0,0,0,0,0,0,0,0,0,0,0,0,0,0,0,0,0,0,0,54.4015,0,0,0
"MtrElec",8,18,3,"",55.2176,0,0,0,0,0,0,0,0,0,0,0,0,0,0,0,0,0,0,0,0,55.2176,0,0,0
"MtrElec",8,18,4,"",60.6327,0,0,0,0,0,0,0,0,0,0,0,0,0,0,0,0,0,0,0,0,60.6327,0,0,0
"MtrElec",8,18,5,"",67.8364,0,0,0,0,0,0,0,0,0,0,0,0,0,0,0,0,0,0,0,0,67.8364,0,0,0
"MtrElec",8,18,6,"",51.136,0,0,0,0,0,0,0,0,0,0,0,0,0,0,0,0,0,0,0,0,51.136,0,0,0
"MtrElec",8,18,7,"",53.5696,0,0,0,0,0,0,0,0,0,0,0,0,0,0,0,0,0,0,0,0,57.887,0,0,-4.31739
"MtrElec",8,18,8,"",85.6282,0,0,0,0,0,0,0,0,0,0,0,0,0,0,0,0,0,0,0,0,112.831,0,0,-27.2031
"MtrElec",8,18,9,"",10.4405,0,0,0,0,0,0,0,0,0,0,0,0,0,0,0,0,0,0,0,0,88.4669,0,0,-78.0264
"MtrElec",8,18,10,"",0.217148,0,0,0,0,0,0,0,0,0,0,0,0,0,0,0,0,0,0,0,0,123.29,0,0,-123.073
"MtrElec",8,18,11,"",0.0000039,0,0,0,0,0,0,0,0,0,0,0,0,0,0,0,0,0,0,0,0,98.1018,0,57.8684,-155.97
"MtrElec",8,18,12,"",-6.31849,0,0,0,0,0,0,0,0,0,0,0,0,0,0,0,0,0,0,0,0,107.596,0,67.8758,-181.791
"MtrElec",8,18,13,"",-24.5801,0,0,0,0,0,0,0,0,0,0,0,0,0,0,0,0,0,0,0,0,103.486,0,67.8758,-195.942
"MtrElec",8,18,14,"",-15.204,0,0,0,0,0,0,0,0,0,0,0,0,0,0,0,0,0,0,0,0,120.825,0,59.6306,-195.659
"MtrElec",8,18,15,"",-74.4546,0,0,0,0,0,0,0,0,0,0,0,0,0,0,0,0,0,0,0,0,108.697,0,0,-183.152
"MtrElec",8,18,16,"",-7.89466,0,0,0,0,0,0,0,0,0,0,0,0,0,0,0,0,0,0,0,0,148.927,0,0,-156.821
"MtrElec",8,18,17,"",33.2882,0,0,0,0,0,0,0,0,0,0,0,0,0,0,0,0,0,0,0,0,151.643,0,0,-118.355
"MtrElec",8,18,18,"",82.9973,0,0,0,0,0,0,0,0,0,0,0,0,0,0,0,0,0,0,0,0,153.018,0,0,-70.0208
"MtrElec",8,18,19,"",57.1819,0,0,0,0,0,0,0,0,0,0,0,0,0,0,0,0,0,0,0,0,145.75,0,-67.8758,-20.6919
"MtrElec",8,18,20,"",96.8204,0,0,0,0,0,0,0,0,0,0,0,0,0,0,0,0,0,0,0,0,165.431,0,-67.8758,-0.735288
"MtrElec",8,18,21,"",86.7907,0,0,0,0,0,0,0,0,0,0,0,0,0,0,0,0,0,0,0,0,154.667,0,-67.8758,0
"MtrElec",8,18,22,"",72.1908,0,0,0,0,0,0,0,0,0,0,0,0,0,0,0,0,0,0,0,0,97.1221,0,-24.9313,0
"MtrElec",8,18,23,"",112.788,0,0,0,0,0,0,0,0,0,0,0,0,0,0,0,0,0,0,0,0,112.788,0,0,0
"MtrElec",8,18,24,"",87.6371,0,0,0,0,0,0,0,0,0,0,0,0,0,0,0,0,0,0,0,0,87.6371,0,0,0
"MtrElec",8,19,1,"",57.7034,0,0,0,0,0,0,0,0,0,0,0,0,0,0,0,0,0,0,0,0,57.7034,0,0,0
"MtrElec",8,19,2,"",52.0856,0,0,0,0,0,0,0,0,0,0,0,0,0,0,0,0,0,0,0,0,52.0856,0,0,0
"MtrElec",8,19,3,"",48.5182,0,0,0,0,0,0,0,0,0,0,0,0,0,0,0,0,0,0,0,0,48.5182,0,0,0
"MtrElec",8,19,4,"",47.2807,0,0,0,0,0,0,0,0,0,0,0,0,0,0,0,0,0,0,0,0,47.2807,0,0,0
"MtrElec",8,19,5,"",46.0257,0,0,0,0,0,0,0,0,0,0,0,0,0,0,0,0,0,0,0,0,46.0257,0,0,0
"MtrElec",8,19,6,"",71.0814,0,0,0,0,0,0,0,0,0,0,0,0,0,0,0,0,0,0,0,0,71.0814,0,0,0
"MtrElec",8,19,7,"",57.9353,0,0,0,0,0,0,0,0,0,0,0,0,0,0,0,0,0,0,0,0,62.2965,0,0,-4.36115
"MtrElec",8,19,8,"",76.3353,0,0,0,0,0,0,0,0,0,0,0,0,0,0,0,0,0,0,0,0,104.085,0,0,-27.7493
"MtrElec",8,19,9,"",12.8615,0,0,0,0,0,0,0,0,0,0,0,0,0,0,0,0,0,0,0,0,93.7281,0,0,-80.8665
"MtrElec",8,19,10,"",0,0,0,0,0,0,0,0,0,0,0,0,0,0,0,0,0,0,0,0,0,91.2191,0,37.2732,-128.492
"MtrElec",8,19,11,"",0,0,0,0,0,0,0,0,0,0,0,0,0,0,0,0,0,0,0,0,0,119.651,0,46.0471,-165.698
"MtrElec",8,19,12,"",-15.0247,0,0,0,0,0,0,0,0,0,0,0,0,0,0,0,0,0,0,0,0,105.025,0,67.8758,-187.925
"MtrElec",8,19,13,"",-25.5967,0,0,0,0,0,0,0,0,0,0,0,0,0,0,0,0,0,0,0,0,106.52,0,67.8758,-199.992
"MtrElec",8,19,14,"",-75.6307,0,0,0,0,0,0,0,0,0,0,0,0,0,0,0,0,0,0,0,0,90.898,0,34.1788,-200.708
"MtrElec",8,19,15,"",-70.2946,0,0,0,0,0,0,0,0,0,0,0,0,0,0,0,0,0,0,0,0,117.353,0,0,-187.648
"MtrElec",8,19,16,"",-24.3046,0,0,0,0,0,0,0,0,0,0,0,0,0,0,0,0,0,0,0,0,137.556,0,0,-161.861
"MtrElec",8,19,17,"",36.1013,0,0,0,0,0,0,0,0,0,0,0,0,0,0,0,0,0,0,0,0,159.416,0,0,-123.315
"MtrElec",8,19,18,"",69.0877,0,0,0,0,0,0,0,0,0,0,0,0,0,0,0,0,0,0,0,0,142.027,0,0,-72.9392
"MtrElec",8,19,19,"",75.6193,0,0,0,0,0,0,0,0,0,0,0,0,0,0,0,0,0,0,0,0,164.431,0,-67.8758,-20.9356
"MtrElec",8,19,20,"",53.6756,0,0,0,0,0,0,0,0,0,0,0,0,0,0,0,0,0,0,0,0,122.303,0,-67.8758,-0.751337
"MtrElec",8,19,21,"",63.7021,0,0,0,0,0,0,0,0,0,0,0,0,0,0,0,0,0,0,0,0,131.578,0,-67.8758,0
"MtrElec",8,19,22,"",87.3527,0,0,0,0,0,0,0,0,0,0,0,0,0,0,0,0,0,0,0,0,112.284,0,-24.9313,0
"MtrElec",8,19,23,"",115.22,0,0,0,0,0,0,0,0,0,0,0,0,0,0,0,0,0,0,0,0,115.22,0,0,0
"MtrElec",8,19,24,"",84.1369,0,0,0,0,0,0,0,0,0,0,0,0,0,0,0,0,0,0,0,0,84.1369,0,0,0
"MtrElec",8,20,1,"",55.5865,0,0,0,0,0,0,0,0,0,0,0,0,0,0,0,0,0,0,0,0,55.5865,0,0,0
"MtrElec",8,20,2,"",52.6961,0,0,0,0,0,0,0,0,0,0,0,0,0,0,0,0,0,0,0,0,52.6961,0,0,0
"MtrElec",8,20,3,"",48.1992,0,0,0,0,0,0,0,0,0,0,0,0,0,0,0,0,0,0,0,0,48.1992,0,0,0
"MtrElec",8,20,4,"",46.2887,0,0,0,0,0,0,0,0,0,0,0,0,0,0,0,0,0,0,0,0,46.2887,0,0,0
"MtrElec",8,20,5,"",45.3258,0,0,0,0,0,0,0,0,0,0,0,0,0,0,0,0,0,0,0,0,45.3258,0,0,0
"MtrElec",8,20,6,"",48.9308,0,0,0,0,0,0,0,0,0,0,0,0,0,0,0,0,0,0,0,0,48.9308,0,0,0
"MtrElec",8,20,7,"",84.4289,0,0,0,0,0,0,0,0,0,0,0,0,0,0,0,0,0,0,0,0,88.5744,0,0,-4.14544
"MtrElec",8,20,8,"",50.9153,0,0,0,0,0,0,0,0,0,0,0,0,0,0,0,0,0,0,0,0,78.065,0,0,-27.1497
"MtrElec",8,20,9,"",26.0502,0,0,0,0,0,0,0,0,0,0,0,0,0,0,0,0,0,0,0,0,102.954,0,0,-76.9043
"MtrElec",8,20,10,"",0,0,0,0,0,0,0,0,0,0,0,0,0,0,0,0,0,0,0,0,0,105.124,0,18.3602,-123.484
"MtrElec",8,20,11,"",0,0,0,0,0,0,0,0,0,0,0,0,0,0,0,0,0,0,0,0,0,120.145,0,38.6215,-158.766
"MtrElec",8,20,12,"",0.0000039,0,0,0,0,0,0,0,0,0,0,0,0,0,0,0,0,0,0,0,0,129.665,0,52.8971,-182.562
"MtrElec",8,20,13,"",-31.4952,0,0,0,0,0,0,0,0,0,0,0,0,0,0,0,0,0,0,0,0,93.914,0,67.8758,-193.285
"MtrElec",8,20,14,"",-18.4901,0,0,0,0,0,0,0,0,0,0,0,0,0,0,0,0,0,0,0,0,105.508,0,67.8758,-191.874
"MtrElec",8,20,15,"",-67.3037,0,0,0,0,0,0,0,0,0,0,0,0,0,0,0,0,0,0,0,0,104.216,0,7.62023,-179.14
"MtrElec",8,20,16,"",-34.4726,0,0,0,0,0,0,0,0,0,0,0,0,0,0,0,0,0,0,0,0,119.644,0,0,-154.117
"MtrElec",8,20,17,"",29.3319,0,0,0,0,0,0,0,0,0,0,0,0,0,0,0,0,0,0,0,0,145.759,0,0,-116.428
"MtrElec",8,20,18,"",69.1803,0,0,0,0,0,0,0,0,0,0,0,0,0,0,0,0,0,0,0,0,136.72,0,0,-67.5397
"MtrElec",8,20,19,"",80.5216,0,0,0,0,0,0,0,0,0,0,0,0,0,0,0,0,0,0,0,0,168.095,0,-67.8758,-19.6973
"MtrElec",8,20,20,"",78.2316,0,0,0,0,0,0,0,0,0,0,0,0,0,0,0,0,0,0,0,0,146.515,0,-67.8758,-0.40756
"MtrElec",8,20,21,"",81.9281,0,0,0,0,0,0,0,0,0,0,0,0,0,0,0,0,0,0,0,0,149.804,0,-67.8758,0
"MtrElec",8,20,22,"",80.873,0,0,0,0,0,0,0,0,0,0,0,0,0,0,0,0,0,0,0,0,105.804,0,-24.9313,0
"MtrElec",8,20,23,"",100.45,0,0,0,0,0,0,0,0,0,0,0,0,0,0,0,0,0,0,0,0,100.45,0,0,0
"MtrElec",8,20,24,"",71.1069,0,0,0,0,0,0,0,0,0,0,0,0,0,0,0,0,0,0,0,0,71.1069,0,0,0
"MtrElec",8,21,1,"",60.0107,0,0,0,0,0,0,0,0,0,0,0,0,0,0,0,0,0,0,0,0,60.0107,0,0,0
"MtrElec",8,21,2,"",52.204,0,0,0,0,0,0,0,0,0,0,0,0,0,0,0,0,0,0,0,0,52.204,0,0,0
"MtrElec",8,21,3,"",66.518,0,0,0,0,0,0,0,0,0,0,0,0,0,0,0,0,0,0,0,0,66.518,0,0,0
"MtrElec",8,21,4,"",47.2523,0,0,0,0,0,0,0,0,0,0,0,0,0,0,0,0,0,0,0,0,47.2523,0,0,0
"MtrElec",8,21,5,"",45.8813,0,0,0,0,0,0,0,0,0,0,0,0,0,0,0,0,0,0,0,0,45.8813,0,0,0
"MtrElec",8,21,6,"",49.6275,0,0,0,0,0,0,0,0,0,0,0,0,0,0,0,0,0,0,0,0,49.6275,0,0,0
"MtrElec",8,21,7,"",56.8436,0,0,0,0,0,0,0,0,0,0,0,0,0,0,0,0,0,0,0,0,60.7419,0,0,-3.89829
"MtrElec",8,21,8,"",77.6237,0,0,0,0,0,0,0,0,0,0,0,0,0,0,0,0,0,0,0,0,104.261,0,0,-26.637
"MtrElec",8,21,9,"",21.1054,0,0,0,0,0,0,0,0,0,0,0,0,0,0,0,0,0,0,0,0,97.0989,0,0,-75.9936
"MtrElec",8,21,10,"",0,0,0,0,0,0,0,0,0,0,0,0,0,0,0,0,0,0,0,0,0,117.16,0,3.78623,-120.946
"MtrElec",8,21,11,"",0,0,0,0,0,0,0,0,0,0,0,0,0,0,0,0,0,0,0,0,0,143.285,0,12.9975,-156.282
"MtrElec",8,21,12,"",-11.8413,0,0,0,0,0,0,0,0,0,0,0,0,0,0,0,0,0,0,0,0,101.816,0,67.8758,-181.533
"MtrElec",8,21,13,"",-2.43822,0,0,0,0,0,0,0,0,0,0,0,0,0,0,0,0,0,0,0,0,121.81,0,67.8758,-192.124
"MtrElec",8,21,14,"",-32.1782,0,0,0,0,0,0,0,0,0,0,0,0,0,0,0,0,0,0,0,0,91.949,0,67.8758,-192.003
"MtrElec",8,21,15,"",-45.9243,0,0,0,0,0,0,0,0,0,0,0,0,0,0,0,0,0,0,0,0,101.129,0,32.8395,-179.893
"MtrElec",8,21,16,"",-23.5577,0,0,0,0,0,0,0,0,0,0,0,0,0,0,0,0,0,0,0,0,131.18,0,0,-154.738
"MtrElec",8,21,17,"",25.8138,0,0,0,0,0,0,0,0,0,0,0,0,0,0,0,0,0,0,0,0,142.43,0,0,-116.616
"MtrElec",8,21,18,"",98.3761,0,0,0,0,0,0,0,0,0,0,0,0,0,0,0,0,0,0,0,0,166.236,0,0,-67.8596
"MtrElec",8,21,19,"",52.7935,0,0,0,0,0,0,0,0,0,0,0,0,0,0,0,0,0,0,0,0,140.019,0,-67.8758,-19.3496
"MtrElec",8,21,20,"",95.4349,0,0,0,0,0,0,0,0,0,0,0,0,0,0,0,0,0,0,0,0,163.723,0,-67.8758,-0.412728
"MtrElec",8,21,21,"",72.1366,0,0,0,0,0,0,0,0,0,0,0,0,0,0,0,0,0,0,0,0,140.012,0,-67.8758,0
"MtrElec",8,21,22,"",98.869,0,0,0,0,0,0,0,0,0,0,0,0,0,0,0,0,0,0,0,0,123.8,0,-24.9313,0
"MtrElec",8,21,23,"",94.7517,0,0,0,0,0,0,0,0,0,0,0,0,0,0,0,0,0,0,0,0,94.7517,0,0,0
"MtrElec",8,21,24,"",83.7953,0,0,0,0,0,0,0,0,0,0,0,0,0,0,0,0,0,0,0,0,83.7953,0,0,0
"MtrElec",8,22,1,"",61.9262,0,0,0,0,0,0,0,0,0,0,0,0,0,0,0,0,0,0,0,0,61.9262,0,0,0
"MtrElec",8,22,2,"",51.4691,0,0,0,0,0,0,0,0,0,0,0,0,0,0,0,0,0,0,0,0,51.4691,0,0,0
"MtrElec",8,22,3,"",49.98,0,0,0,0,0,0,0,0,0,0,0,0,0,0,0,0,0,0,0,0,49.98,0,0,0
"MtrElec",8,22,4,"",49.4102,0,0,0,0,0,0,0,0,0,0,0,0,0,0,0,0,0,0,0,0,49.4102,0,0,0
"MtrElec",8,22,5,"",70.4818,0,0,0,0,0,0,0,0,0,0,0,0,0,0,0,0,0,0,0,0,70.4818,0,0,0
"MtrElec",8,22,6,"",48.523,0,0,0,0,0,0,0,0,0,0,0,0,0,0,0,0,0,0,0,0,48.523,0,0,0
"MtrElec",8,22,7,"",47.8607,0,0,0,0,0,0,0,0,0,0,0,0,0,0,0,0,0,0,0,0,53.199,0,0,-5.33835
"MtrElec",8,22,8,"",60.5789,0,0,0,0,0,0,0,0,0,0,0,0,0,0,0,0,0,0,0,0,90.4149,0,0,-29.8359
"MtrElec",8,22,9,"",45.387,0,0,0,0,0,0,0,0,0,0,0,0,0,0,0,0,0,0,0,0,84.1451,0,0,-38.758
"MtrElec",8,22,10,"",27.7272,0,0,0,0,0,0,0,0,0,0,0,0,0,0,0,0,0,0,0,0,145.315,0,0,-117.587
"MtrElec",8,22,11,"",0,0,0,0,0,0,0,0,0,0,0,0,0,0,0,0,0,0,0,0,0,99.0343,0,62.1819,-161.216
"MtrElec",8,22,12,"",0.0000039,0,0,0,0,0,0,0,0,0,0,0,0,0,0,0,0,0,0,0,0,140.781,0,43.6502,-184.432
"MtrElec",8,22,13,"",0,0,0,0,0,0,0,0,0,0,0,0,0,0,0,0,0,0,0,0,0,146.974,0,49.0908,-196.065
"MtrElec",8,22,14,"",-6.95802,0,0,0,0,0,0,0,0,0,0,0,0,0,0,0,0,0,0,0,0,119.83,0,67.8758,-194.663
"MtrElec",8,22,15,"",-1.4734,0,0,0,0,0,0,0,0,0,0,0,0,0,0,0,0,0,0,0,0,148.214,0,30.4519,-180.14
"MtrElec",8,22,16,"",-19.7461,0,0,0,0,0,0,0,0,0,0,0,0,0,0,0,0,0,0,0,0,134.079,0,0,-153.825
"MtrElec",8,22,17,"",27.3273,0,0,0,0,0,0,0,0,0,0,0,0,0,0,0,0,0,0,0,0,143.411,0,0,-116.083
"MtrElec",8,22,18,"",99.7054,0,0,0,0,0,0,0,0,0,0,0,0,0,0,0,0,0,0,0,0,167.549,0,0,-67.844
"MtrElec",8,22,19,"",121.017,0,0,0,0,0,0,0,0,0,0,0,0,0,0,0,0,0,0,0,0,207.71,0,-67.8758,-18.8167
"MtrElec",8,22,20,"",77.1398,0,0,0,0,0,0,0,0,0,0,0,0,0,0,0,0,0,0,0,0,145.258,0,-67.8758,-0.242623
"MtrElec",8,22,21,"",43.9332,0,0,0,0,0,0,0,0,0,0,0,0,0,0,0,0,0,0,0,0,111.809,0,-67.8758,0
"MtrElec",8,22,22,"",75.0632,0,0,0,0,0,0,0,0,0,0,0,0,0,0,0,0,0,0,0,0,99.9945,0,-24.9313,0
"MtrElec",8,22,23,"",113.461,0,0,0,0,0,0,0,0,0,0,0,0,0,0,0,0,0,0,0,0,113.461,0,0,0
"MtrElec",8,22,24,"",105.677,0,0,0,0,0,0,0,0,0,0,0,0,0,0,0,0,0,0,0,0,105.677,0,0,0
"MtrElec",8,23,1,"",65.6383,0,0,0,0,0,0,0,0,0,0,0,0,0,0,0,0,0,0,0,0,65.6383,0,0,0
"MtrElec",8,23,2,"",52.9721,0,0,0,0,0,0,0,0,0,0,0,0,0,0,0,0,0,0,0,0,52.9721,0,0,0
"MtrElec",8,23,3,"",53.1837,0,0,0,0,0,0,0,0,0,0,0,0,0,0,0,0,0,0,0,0,53.1837,0,0,0
"MtrElec",8,23,4,"",52.7316,0,0,0,0,0,0,0,0,0,0,0,0,0,0,0,0,0,0,0,0,52.7316,0,0,0
"MtrElec",8,23,5,"",61.9614,0,0,0,0,0,0,0,0,0,0,0,0,0,0,0,0,0,0,0,0,61.9614,0,0,0
"MtrElec",8,23,6,"",66.8749,0,0,0,0,0,0,0,0,0,0,0,0,0,0,0,0,0,0,0,0,66.8749,0,0,0
"MtrElec",8,23,7,"",50.0493,0,0,0,0,0,0,0,0,0,0,0,0,0,0,0,0,0,0,0,0,53.7446,0,0,-3.69532
"MtrElec",8,23,8,"",69.0914,0,0,0,0,0,0,0,0,0,0,0,0,0,0,0,0,0,0,0,0,95.9337,0,0,-26.8423
"MtrElec",8,23,9,"",42.5449,0,0,0,0,0,0,0,0,0,0,0,0,0,0,0,0,0,0,0,0,121.258,0,0,-78.7126
"MtrElec",8,23,10,"",23.171,0,0,0,0,0,0,0,0,0,0,0,0,0,0,0,0,0,0,0,0,148.379,0,0,-125.208
"MtrElec",8,23,11,"",0,0,0,0,0,0,0,0,0,0,0,0,0,0,0,0,0,0,0,0,0,139.473,0,22.4333,-161.906
"MtrElec",8,23,12,"",0,0,0,0,0,0,0,0,0,0,0,0,0,0,0,0,0,0,0,0,0,127.734,0,59.1265,-186.86
"MtrElec",8,23,13,"",0.0000039,0,0,0,0,0,0,0,0,0,0,0,0,0,0,0,0,0,0,0,0,160.336,0,36.5166,-196.853
"MtrElec",8,23,14,"",-11.7935,0,0,0,0,0,0,0,0,0,0,0,0,0,0,0,0,0,0,0,0,116.387,0,67.8758,-196.056
"MtrElec",8,23,15,"",0.0000020,0,0,0,0,0,0,0,0,0,0,0,0,0,0,0,0,0,0,0,0,162.745,0,18.7338,-181.479
"MtrElec",8,23,16,"",0,0,0,0,0,0,0,0,0,0,0,0,0,0,0,0,0,0,0,0,0,143.511,0,10.688,-154.199
"MtrElec",8,23,17,"",56.2615,0,0,0,0,0,0,0,0,0,0,0,0,0,0,0,0,0,0,0,0,172.422,0,0,-116.16
"MtrElec",8,23,18,"",88.6728,0,0,0,0,0,0,0,0,0,0,0,0,0,0,0,0,0,0,0,0,156.461,0,0,-67.7882
"MtrElec",8,23,19,"",113.845,0,0,0,0,0,0,0,0,0,0,0,0,0,0,0,0,0,0,0,0,200.196,0,-67.8758,-18.4755
"MtrElec",8,23,20,"",83.8105,0,0,0,0,0,0,0,0,0,0,0,0,0,0,0,0,0,0,0,0,151.91,0,-67.8758,-0.223949
"MtrElec",8,23,21,"",72.4496,0,0,0,0,0,0,0,0,0,0,0,0,0,0,0,0,0,0,0,0,131.073,0,-58.6236,0
"MtrElec",8,23,22,"",100.063,0,0,0,0,0,0,0,0,0,0,0,0,0,0,0,0,0,0,0,0,100.063,0,0,0
"MtrElec",8,23,23,"",108.017,0,0,0,0,0,0,0,0,0,0,0,0,0,0,0,0,0,0,0,0,108.017,0,0,0
"MtrElec",8,23,24,"",87.9114,0,0,0,0,0,0,0,0,0,0,0,0,0,0,0,0,0,0,0,0,87.9114,0,0,0
"MtrElec",8,24,1,"",71.3598,0,0,0,0,0,0,0,0,0,0,0,0,0,0,0,0,0,0,0,0,71.3598,0,0,0
"MtrElec",8,24,2,"",56.9476,0,0,0,0,0,0,0,0,0,0,0,0,0,0,0,0,0,0,0,0,56.9476,0,0,0
"MtrElec",8,24,3,"",51.8679,0,0,0,0,0,0,0,0,0,0,0,0,0,0,0,0,0,0,0,0,51.8679,0,0,0
"MtrElec",8,24,4,"",48.9564,0,0,0,0,0,0,0,0,0,0,0,0,0,0,0,0,0,0,0,0,48.9564,0,0,0
"MtrElec",8,24,5,"",47.1691,0,0,0,0,0,0,0,0,0,0,0,0,0,0,0,0,0,0,0,0,47.1691,0,0,0
"MtrElec",8,24,6,"",54.1684,0,0,0,0,0,0,0,0,0,0,0,0,0,0,0,0,0,0,0,0,54.1684,0,0,0
"MtrElec",8,24,7,"",82.8149,0,0,0,0,0,0,0,0,0,0,0,0,0,0,0,0,0,0,0,0,86.2804,0,0,-3.46551
"MtrElec",8,24,8,"",86.5109,0,0,0,0,0,0,0,0,0,0,0,0,0,0,0,0,0,0,0,0,112.477,0,0,-25.9662
"MtrElec",8,24,9,"",43.0726,0,0,0,0,0,0,0,0,0,0,0,0,0,0,0,0,0,0,0,0,118.696,0,0,-75.6238
"MtrElec",8,24,10,"",0.0000005,0,0,0,0,0,0,0,0,0,0,0,0,0,0,0,0,0,0,0,0,111.578,0,8.09062,-119.668
"MtrElec",8,24,11,"",0,0,0,0,0,0,0,0,0,0,0,0,0,0,0,0,0,0,0,0,0,132.293,0,18.8785,-151.171
"MtrElec",8,24,12,"",-2.02853,0,0,0,0,0,0,0,0,0,0,0,0,0,0,0,0,0,0,0,0,104.04,0,67.8758,-173.945
"MtrElec",8,24,13,"",0,0,0,0,0,0,0,0,0,0,0,0,0,0,0,0,0,0,0,0,0,119.536,0,66.504,-186.04
"MtrElec",8,24,14,"",0,0,0,0,0,0,0,0,0,0,0,0,0,0,0,0,0,0,0,0,0,133.777,0,50.5406,-184.318
"MtrElec",8,24,15,"",0,0,0,0,0,0,0,0,0,0,0,0,0,0,0,0,0,0,0,0,0,137.584,0,33.3391,-170.923
"MtrElec",8,24,16,"",14.2388,0,0,0,0,0,0,0,0,0,0,0,0,0,0,0,0,0,0,0,0,159.339,0,0,-145.1
"MtrElec",8,24,17,"",60.3288,0,0,0,0,0,0,0,0,0,0,0,0,0,0,0,0,0,0,0,0,168.858,0,0,-108.529
"MtrElec",8,24,18,"",110.316,0,0,0,0,0,0,0,0,0,0,0,0,0,0,0,0,0,0,0,0,172.138,0,0,-61.8223
"MtrElec",8,24,19,"",94.2304,0,0,0,0,0,0,0,0,0,0,0,0,0,0,0,0,0,0,0,0,179.148,0,-67.8758,-17.0418
"MtrElec",8,24,20,"",102.329,0,0,0,0,0,0,0,0,0,0,0,0,0,0,0,0,0,0,0,0,170.205,0,-67.8758,0
"MtrElec",8,24,21,"",116.269,0,0,0,0,0,0,0,0,0,0,0,0,0,0,0,0,0,0,0,0,184.145,0,-67.8758,0
"MtrElec",8,24,22,"",112.899,0,0,0,0,0,0,0,0,0,0,0,0,0,0,0,0,0,0,0,0,130.59,0,-17.6916,0
"MtrElec",8,24,23,"",135.79,0,0,0,0,0,0,0,0,0,0,0,0,0,0,0,0,0,0,0,0,135.79,0,0,0
"MtrElec",8,24,24,"",102.383,0,0,0,0,0,0,0,0,0,0,0,0,0,0,0,0,0,0,0,0,102.383,0,0,0
"MtrElec",8,25,1,"",74.4949,0,0,0,0,0,0,0,0,0,0,0,0,0,0,0,0,0,0,0,0,74.4949,0,0,0
"MtrElec",8,25,2,"",60.8767,0,0,0,0,0,0,0,0,0,0,0,0,0,0,0,0,0,0,0,0,60.8767,0,0,0
"MtrElec",8,25,3,"",56.9742,0,0,0,0,0,0,0,0,0,0,0,0,0,0,0,0,0,0,0,0,56.9742,0,0,0
"MtrElec",8,25,4,"",54.8751,0,0,0,0,0,0,0,0,0,0,0,0,0,0,0,0,0,0,0,0,54.8751,0,0,0
"MtrElec",8,25,5,"",52.4784,0,0,0,0,0,0,0,0,0,0,0,0,0,0,0,0,0,0,0,0,52.4784,0,0,0
"MtrElec",8,25,6,"",64.8962,0,0,0,0,0,0,0,0,0,0,0,0,0,0,0,0,0,0,0,0,64.8962,0,0,0
"MtrElec",8,25,7,"",84.8482,0,0,0,0,0,0,0,0,0,0,0,0,0,0,0,0,0,0,0,0,88.0028,0,0,-3.1546
"MtrElec",8,25,8,"",103.136,0,0,0,0,0,0,0,0,0,0,0,0,0,0,0,0,0,0,0,0,128.757,0,0,-25.6215
"MtrElec",8,25,9,"",50.3184,0,0,0,0,0,0,0,0,0,0,0,0,0,0,0,0,0,0,0,0,120.963,0,0,-70.6443
"MtrElec",8,25,10,"",34.4067,0,0,0,0,0,0,0,0,0,0,0,0,0,0,0,0,0,0,0,0,147.029,0,0,-112.623
"MtrElec",8,25,11,"",0,0,0,0,0,0,0,0,0,0,0,0,0,0,0,0,0,0,0,0,0,144.019,0,4.65481,-148.674
"MtrElec",8,25,12,"",0,0,0,0,0,0,0,0,0,0,0,0,0,0,0,0,0,0,0,0,0,121.44,0,52.4121,-173.852
"MtrElec",8,25,13,"",0.0000039,0,0,0,0,0,0,0,0,0,0,0,0,0,0,0,0,0,0,0,0,145.028,0,40.584,-185.612
"MtrElec",8,25,14,"",0,0,0,0,0,0,0,0,0,0,0,0,0,0,0,0,0,0,0,0,0,123.91,0,58.4107,-182.32
"MtrElec",8,25,15,"",0,0,0,0,0,0,0,0,0,0,0,0,0,0,0,0,0,0,0,0,0,151.439,0,3.87063,-155.31
"MtrElec",8,25,16,"",5.26998,0,0,0,0,0,0,0,0,0,0,0,0,0,0,0,0,0,0,0,0,140.933,0,0,-135.663
"MtrElec",8,25,17,"",54.3597,0,0,0,0,0,0,0,0,0,0,0,0,0,0,0,0,0,0,0,0,160.052,0,0,-105.692
"MtrElec",8,25,18,"",116.406,0,0,0,0,0,0,0,0,0,0,0,0,0,0,0,0,0,0,0,0,176.284,0,0,-59.8778
"MtrElec",8,25,19,"",70.3351,0,0,0,0,0,0,0,0,0,0,0,0,0,0,0,0,0,0,0,0,154.786,0,-67.8758,-16.5748
"MtrElec",8,25,20,"",90.5465,0,0,0,0,0,0,0,0,0,0,0,0,0,0,0,0,0,0,0,0,158.422,0,-67.8758,0
"MtrElec",8,25,21,"",129.979,0,0,0,0,0,0,0,0,0,0,0,0,0,0,0,0,0,0,0,0,138.566,0,-8.5873,0
"MtrElec",8,25,22,"",129.909,0,0,0,0,0,0,0,0,0,0,0,0,0,0,0,0,0,0,0,0,129.909,0,0,0
"MtrElec",8,25,23,"",107.582,0,0,0,0,0,0,0,0,0,0,0,0,0,0,0,0,0,0,0,0,107.582,0,0,0
"MtrElec",8,25,24,"",98.9916,0,0,0,0,0,0,0,0,0,0,0,0,0,0,0,0,0,0,0,0,98.9916,0,0,0
"MtrElec",8,26,1,"",71.1052,0,0,0,0,0,0,0,0,0,0,0,0,0,0,0,0,0,0,0,0,71.1052,0,0,0
"MtrElec",8,26,2,"",58.263,0,0,0,0,0,0,0,0,0,0,0,0,0,0,0,0,0,0,0,0,58.263,0,0,0
"MtrElec",8,26,3,"",75.3745,0,0,0,0,0,0,0,0,0,0,0,0,0,0,0,0,0,0,0,0,75.3745,0,0,0
"MtrElec",8,26,4,"",57.0871,0,0,0,0,0,0,0,0,0,0,0,0,0,0,0,0,0,0,0,0,57.0871,0,0,0
"MtrElec",8,26,5,"",55.8533,0,0,0,0,0,0,0,0,0,0,0,0,0,0,0,0,0,0,0,0,55.8533,0,0,0
"MtrElec",8,26,6,"",56.084,0,0,0,0,0,0,0,0,0,0,0,0,0,0,0,0,0,0,0,0,56.084,0,0,0
"MtrElec",8,26,7,"",77.545,0,0,0,0,0,0,0,0,0,0,0,0,0,0,0,0,0,0,0,0,80.7179,0,0,-3.17287
"MtrElec",8,26,8,"",73.0551,0,0,0,0,0,0,0,0,0,0,0,0,0,0,0,0,0,0,0,0,99.0879,0,0,-26.0327
"MtrElec",8,26,9,"",41.2172,0,0,0,0,0,0,0,0,0,0,0,0,0,0,0,0,0,0,0,0,114.955,0,0,-73.7378
"MtrElec",8,26,10,"",0,0,0,0,0,0,0,0,0,0,0,0,0,0,0,0,0,0,0,0,0,100.27,0,19.0232,-119.293
"MtrElec",8,26,11,"",0.0000020,0,0,0,0,0,0,0,0,0,0,0,0,0,0,0,0,0,0,0,0,133.316,0,19.5216,-152.838
"MtrElec",8,26,12,"",-0.672719,0,0,0,0,0,0,0,0,0,0,0,0,0,0,0,0,0,0,0,0,106.179,0,67.8758,-174.727
"MtrElec",8,26,13,"",-17.1015,0,0,0,0,0,0,0,0,0,0,0,0,0,0,0,0,0,0,0,0,104.805,0,67.8758,-189.782
"MtrElec",8,26,14,"",0.0000039,0,0,0,0,0,0,0,0,0,0,0,0,0,0,0,0,0,0,0,0,127.686,0,62.9516,-190.638
"MtrElec",8,26,15,"",-30.2536,0,0,0,0,0,0,0,0,0,0,0,0,0,0,0,0,0,0,0,0,130.677,0,16.0026,-176.934
"MtrElec",8,26,16,"",16.4265,0,0,0,0,0,0,0,0,0,0,0,0,0,0,0,0,0,0,0,0,168.112,0,0,-151.686
"MtrElec",8,26,17,"",55.3584,0,0,0,0,0,0,0,0,0,0,0,0,0,0,0,0,0,0,0,0,168.945,0,0,-113.586
"MtrElec",8,26,18,"",98.9577,0,0,0,0,0,0,0,0,0,0,0,0,0,0,0,0,0,0,0,0,163.248,0,0,-64.2899
"MtrElec",8,26,19,"",84.8529,0,0,0,0,0,0,0,0,0,0,0,0,0,0,0,0,0,0,0,0,169.561,0,-67.8758,-16.8322
"MtrElec",8,26,20,"",77.6073,0,0,0,0,0,0,0,0,0,0,0,0,0,0,0,0,0,0,0,0,145.483,0,-67.8758,0
"MtrElec",8,26,21,"",110.04,0,0,0,0,0,0,0,0,0,0,0,0,0,0,0,0,0,0,0,0,177.915,0,-67.8758,0
"MtrElec",8,26,22,"",90.0507,0,0,0,0,0,0,0,0,0,0,0,0,0,0,0,0,0,0,0,0,114.982,0,-24.9313,0
"MtrElec",8,26,23,"",129.595,0,0,0,0,0,0,0,0,0,0,0,0,0,0,0,0,0,0,0,0,129.595,0,0,0
"MtrElec",8,26,24,"",106.54,0,0,0,0,0,0,0,0,0,0,0,0,0,0,0,0,0,0,0,0,106.54,0,0,0
"MtrElec",8,27,1,"",66.7957,0,0,0,0,0,0,0,0,0,0,0,0,0,0,0,0,0,0,0,0,66.7957,0,0,0
"MtrElec",8,27,2,"",56.0509,0,0,0,0,0,0,0,0,0,0,0,0,0,0,0,0,0,0,0,0,56.0509,0,0,0
"MtrElec",8,27,3,"",52.0757,0,0,0,0,0,0,0,0,0,0,0,0,0,0,0,0,0,0,0,0,52.0757,0,0,0
"MtrElec",8,27,4,"",49.8967,0,0,0,0,0,0,0,0,0,0,0,0,0,0,0,0,0,0,0,0,49.8967,0,0,0
"MtrElec",8,27,5,"",48.2869,0,0,0,0,0,0,0,0,0,0,0,0,0,0,0,0,0,0,0,0,48.2869,0,0,0
"MtrElec",8,27,6,"",68.831,0,0,0,0,0,0,0,0,0,0,0,0,0,0,0,0,0,0,0,0,68.831,0,0,0
"MtrElec",8,27,7,"",73.6924,0,0,0,0,0,0,0,0,0,0,0,0,0,0,0,0,0,0,0,0,76.9516,0,0,-3.25919
"MtrElec",8,27,8,"",87.8395,0,0,0,0,0,0,0,0,0,0,0,0,0,0,0,0,0,0,0,0,114.359,0,0,-26.5197
"MtrElec",8,27,9,"",26.6984,0,0,0,0,0,0,0,0,0,0,0,0,0,0,0,0,0,0,0,0,104.47,0,0,-77.7714
"MtrElec",8,27,10,"",0.0000020,0,0,0,0,0,0,0,0,0,0,0,0,0,0,0,0,0,0,0,0,100.016,0,26.4407,-126.457
"MtrElec",8,27,11,"",-8.9417,0,0,0,0,0,0,0,0,0,0,0,0,0,0,0,0,0,0,0,0,85.0278,0,67.8758,-161.845
"MtrElec",8,27,12,"",0,0,0,0,0,0,0,0,0,0,0,0,0,0,0,0,0,0,0,0,0,117.861,0,66.724,-184.585
"MtrElec",8,27,13,"",-24.2645,0,0,0,0,0,0,0,0,0,0,0,0,0,0,0,0,0,0,0,0,101.58,0,67.8758,-193.721
"MtrElec",8,27,14,"",-63.2121,0,0,0,0,0,0,0,0,0,0,0,0,0,0,0,0,0,0,0,0,103.796,0,24.3343,-191.343
"MtrElec",8,27,15,"",-54.0751,0,0,0,0,0,0,0,0,0,0,0,0,0,0,0,0,0,0,0,0,123.974,0,0,-178.049
"MtrElec",8,27,16,"",-24.1965,0,0,0,0,0,0,0,0,0,0,0,0,0,0,0,0,0,0,0,0,127.638,0,0,-151.834
"MtrElec",8,27,17,"",37.1767,0,0,0,0,0,0,0,0,0,0,0,0,0,0,0,0,0,0,0,0,150.559,0,0,-113.383
"MtrElec",8,27,18,"",96.6832,0,0,0,0,0,0,0,0,0,0,0,0,0,0,0,0,0,0,0,0,160.518,0,0,-63.8348
"MtrElec",8,27,19,"",79.7317,0,0,0,0,0,0,0,0,0,0,0,0,0,0,0,0,0,0,0,0,164.109,0,-67.8758,-16.5011
"MtrElec",8,27,20,"",105.877,0,0,0,0,0,0,0,0,0,0,0,0,0,0,0,0,0,0,0,0,173.752,0,-67.8758,0
"MtrElec",8,27,21,"",102.471,0,0,0,0,0,0,0,0,0,0,0,0,0,0,0,0,0,0,0,0,170.346,0,-67.8758,0
"MtrElec",8,27,22,"",91.089,0,0,0,0,0,0,0,0,0,0,0,0,0,0,0,0,0,0,0,0,116.02,0,-24.9313,0
"MtrElec",8,27,23,"",105.461,0,0,0,0,0,0,0,0,0,0,0,0,0,0,0,0,0,0,0,0,105.461,0,0,0
"MtrElec",8,27,24,"",119.101,0,0,0,0,0,0,0,0,0,0,0,0,0,0,0,0,0,0,0,0,119.101,0,0,0
"MtrElec",8,28,1,"",77.6852,0,0,0,0,0,0,0,0,0,0,0,0,0,0,0,0,0,0,0,0,77.6852,0,0,0
"MtrElec",8,28,2,"",56.8248,0,0,0,0,0,0,0,0,0,0,0,0,0,0,0,0,0,0,0,0,56.8248,0,0,0
"MtrElec",8,28,3,"",53.0622,0,0,0,0,0,0,0,0,0,0,0,0,0,0,0,0,0,0,0,0,53.0622,0,0,0
"MtrElec",8,28,4,"",50.6519,0,0,0,0,0,0,0,0,0,0,0,0,0,0,0,0,0,0,0,0,50.6519,0,0,0
"MtrElec",8,28,5,"",48.3568,0,0,0,0,0,0,0,0,0,0,0,0,0,0,0,0,0,0,0,0,48.3568,0,0,0
"MtrElec",8,28,6,"",52.4378,0,0,0,0,0,0,0,0,0,0,0,0,0,0,0,0,0,0,0,0,52.4378,0,0,0
"MtrElec",8,28,7,"",75.4339,0,0,0,0,0,0,0,0,0,0,0,0,0,0,0,0,0,0,0,0,78.457,0,0,-3.02315
"MtrElec",8,28,8,"",84.7105,0,0,0,0,0,0,0,0,0,0,0,0,0,0,0,0,0,0,0,0,110.912,0,0,-26.2018
"MtrElec",8,28,9,"",45.9031,0,0,0,0,0,0,0,0,0,0,0,0,0,0,0,0,0,0,0,0,121.915,0,0,-76.0116
"MtrElec",8,28,10,"",0,0,0,0,0,0,0,0,0,0,0,0,0,0,0,0,0,0,0,0,0,114.236,0,8.66609,-122.902
"MtrElec",8,28,11,"",0,0,0,0,0,0,0,0,0,0,0,0,0,0,0,0,0,0,0,0,0,116.024,0,41.6959,-157.72
"MtrElec",8,28,12,"",0,0,0,0,0,0,0,0,0,0,0,0,0,0,0,0,0,0,0,0,0,133.543,0,46.365,-179.908
"MtrElec",8,28,13,"",0,0,0,0,0,0,0,0,0,0,0,0,0,0,0,0,0,0,0,0,0,146.304,0,43.3856,-189.69
"MtrElec",8,28,14,"",-14.1725,0,0,0,0,0,0,0,0,0,0,0,0,0,0,0,0,0,0,0,0,106.38,0,67.8758,-188.428
"MtrElec",8,28,15,"",-10.5227,0,0,0,0,0,0,0,0,0,0,0,0,0,0,0,0,0,0,0,0,118.125,0,45.2621,-173.91
"MtrElec",8,28,16,"",7.83222,0,0,0,0,0,0,0,0,0,0,0,0,0,0,0,0,0,0,0,0,155.495,0,0,-147.663
"MtrElec",8,28,17,"",38.76,0,0,0,0,0,0,0,0,0,0,0,0,0,0,0,0,0,0,0,0,147.714,0,0,-108.954
"MtrElec",8,28,18,"",116.345,0,0,0,0,0,0,0,0,0,0,0,0,0,0,0,0,0,0,0,0,177.183,0,0,-60.8372
"MtrElec",8,28,19,"",95.4006,0,0,0,0,0,0,0,0,0,0,0,0,0,0,0,0,0,0,0,0,176.54,0,-67.8758,-13.264
"MtrElec",8,28,20,"",90.426,0,0,0,0,0,0,0,0,0,0,0,0,0,0,0,0,0,0,0,0,158.302,0,-67.8758,0
"MtrElec",8,28,21,"",105.718,0,0,0,0,0,0,0,0,0,0,0,0,0,0,0,0,0,0,0,0,173.593,0,-67.8758,0
"MtrElec",8,28,22,"",81.3367,0,0,0,0,0,0,0,0,0,0,0,0,0,0,0,0,0,0,0,0,106.268,0,-24.9313,0
"MtrElec",8,28,23,"",136.738,0,0,0,0,0,0,0,0,0,0,0,0,0,0,0,0,0,0,0,0,136.738,0,0,0
"MtrElec",8,28,24,"",98.4587,0,0,0,0,0,0,0,0,0,0,0,0,0,0,0,0,0,0,0,0,98.4587,0,0,0
"MtrElec",8,29,1,"",59.8684,0,0,0,0,0,0,0,0,0,0,0,0,0,0,0,0,0,0,0,0,59.8684,0,0,0
"MtrElec",8,29,2,"",54.9024,0,0,0,0,0,0,0,0,0,0,0,0,0,0,0,0,0,0,0,0,54.9024,0,0,0
"MtrElec",8,29,3,"",56.1031,0,0,0,0,0,0,0,0,0,0,0,0,0,0,0,0,0,0,0,0,56.1031,0,0,0
"MtrElec",8,29,4,"",56.1959,0,0,0,0,0,0,0,0,0,0,0,0,0,0,0,0,0,0,0,0,56.1959,0,0,0
"MtrElec",8,29,5,"",71.3888,0,0,0,0,0,0,0,0,0,0,0,0,0,0,0,0,0,0,0,0,71.3888,0,0,0
"MtrElec",8,29,6,"",51.4145,0,0,0,0,0,0,0,0,0,0,0,0,0,0,0,0,0,0,0,0,51.4145,0,0,0
"MtrElec",8,29,7,"",74.5133,0,0,0,0,0,0,0,0,0,0,0,0,0,0,0,0,0,0,0,0,76.419,0,0,-1.90568
"MtrElec",8,29,8,"",59.5618,0,0,0,0,0,0,0,0,0,0,0,0,0,0,0,0,0,0,0,0,85.5799,0,0,-26.018
"MtrElec",8,29,9,"",67.7736,0,0,0,0,0,0,0,0,0,0,0,0,0,0,0,0,0,0,0,0,141.452,0,0,-73.6784
"MtrElec",8,29,10,"",39.1366,0,0,0,0,0,0,0,0,0,0,0,0,0,0,0,0,0,0,0,0,158.017,0,0,-118.881
"MtrElec",8,29,11,"",68.6946,0,0,0,0,0,0,0,0,0,0,0,0,0,0,0,0,0,0,0,0,201.262,0,0,-132.567
"MtrElec",8,29,12,"",0,0,0,0,0,0,0,0,0,0,0,0,0,0,0,0,0,0,0,0,0,145.165,0,2.84713,-148.012
"MtrElec",8,29,13,"",32.2245,0,0,0,0,0,0,0,0,0,0,0,0,0,0,0,0,0,0,0,0,200.141,0,0,-167.917
"MtrElec",8,29,14,"",30.757,0,0,0,0,0,0,0,0,0,0,0,0,0,0,0,0,0,0,0,0,188.912,0,0,-158.155
"MtrElec",8,29,15,"",75.8893,0,0,0,0,0,0,0,0,0,0,0,0,0,0,0,0,0,0,0,0,218.469,0,0,-142.579
"MtrElec",8,29,16,"",54.7815,0,0,0,0,0,0,0,0,0,0,0,0,0,0,0,0,0,0,0,0,177.288,0,0,-122.506
"MtrElec",8,29,17,"",94.2161,0,0,0,0,0,0,0,0,0,0,0,0,0,0,0,0,0,0,0,0,191.331,0,0,-97.1145
"MtrElec",8,29,18,"",111.997,0,0,0,0,0,0,0,0,0,0,0,0,0,0,0,0,0,0,0,0,164.384,0,0,-52.3875
"MtrElec",8,29,19,"",178.383,0,0,0,0,0,0,0,0,0,0,0,0,0,0,0,0,0,0,0,0,193.715,0,-2.56953,-12.7626
"MtrElec",8,29,20,"",170.888,0,0,0,0,0,0,0,0,0,0,0,0,0,0,0,0,0,0,0,0,170.888,0,0,0
"MtrElec",8,29,21,"",147.817,0,0,0,0,0,0,0,0,0,0,0,0,0,0,0,0,0,0,0,0,147.817,0,0,0
"MtrElec",8,29,22,"",113.796,0,0,0,0,0,0,0,0,0,0,0,0,0,0,0,0,0,0,0,0,113.796,0,0,0
"MtrElec",8,29,23,"",123.669,0,0,0,0,0,0,0,0,0,0,0,0,0,0,0,0,0,0,0,0,123.669,0,0,0
"MtrElec",8,29,24,"",92.541,0,0,0,0,0,0,0,0,0,0,0,0,0,0,0,0,0,0,0,0,92.541,0,0,0
"MtrElec",8,30,1,"",73.7179,0,0,0,0,0,0,0,0,0,0,0,0,0,0,0,0,0,0,0,0,73.7179,0,0,0
"MtrElec",8,30,2,"",60.1605,0,0,0,0,0,0,0,0,0,0,0,0,0,0,0,0,0,0,0,0,60.1605,0,0,0
"MtrElec",8,30,3,"",56.4303,0,0,0,0,0,0,0,0,0,0,0,0,0,0,0,0,0,0,0,0,56.4303,0,0,0
"MtrElec",8,30,4,"",56.3583,0,0,0,0,0,0,0,0,0,0,0,0,0,0,0,0,0,0,0,0,56.3583,0,0,0
"MtrElec",8,30,5,"",61.5727,0,0,0,0,0,0,0,0,0,0,0,0,0,0,0,0,0,0,0,0,61.5727,0,0,0
"MtrElec",8,30,6,"",57.2168,0,0,0,0,0,0,0,0,0,0,0,0,0,0,0,0,0,0,0,0,57.2168,0,0,0
"MtrElec",8,30,7,"",80.547,0,0,0,0,0,0,0,0,0,0,0,0,0,0,0,0,0,0,0,0,80.547,0,0,0
"MtrElec",8,30,8,"",93.0944,0,0,0,0,0,0,0,0,0,0,0,0,0,0,0,0,0,0,0,0,94.3999,0,0,-1.30556
"MtrElec",8,30,9,"",83.8948,0,0,0,0,0,0,0,0,0,0,0,0,0,0,0,0,0,0,0,0,105.41,0,0,-21.5154
"MtrElec",8,30,10,"",42.1889,0,0,0,0,0,0,0,0,0,0,0,0,0,0,0,0,0,0,0,0,118.483,0,0,-76.2946
"MtrElec",8,30,11,"",40.6496,0,0,0,0,0,0,0,0,0,0,0,0,0,0,0,0,0,0,0,0,168.313,0,0,-127.664
"MtrElec",8,30,12,"",0,0,0,0,0,0,0,0,0,0,0,0,0,0,0,0,0,0,0,0,0,143.763,0,21.9021,-165.665
"MtrElec",8,30,13,"",0.0000020,0,0,0,0,0,0,0,0,0,0,0,0,0,0,0,0,0,0,0,0,146.488,0,32.0622,-178.551
"MtrElec",8,30,14,"",0,0,0,0,0,0,0,0,0,0,0,0,0,0,0,0,0,0,0,0,0,163.808,0,14.43,-178.238
"MtrElec",8,30,15,"",18.5565,0,0,0,0,0,0,0,0,0,0,0,0,0,0,0,0,0,0,0,0,181.658,0,0,-163.101
"MtrElec",8,30,16,"",23.7004,0,0,0,0,0,0,0,0,0,0,0,0,0,0,0,0,0,0,0,0,158.302,0,0,-134.602
"MtrElec",8,30,17,"",57.3018,0,0,0,0,0,0,0,0,0,0,0,0,0,0,0,0,0,0,0,0,158.147,0,0,-100.845
"MtrElec",8,30,18,"",102.451,0,0,0,0,0,0,0,0,0,0,0,0,0,0,0,0,0,0,0,0,157.661,0,0,-55.2101
"MtrElec",8,30,19,"",115.053,0,0,0,0,0,0,0,0,0,0,0,0,0,0,0,0,0,0,0,0,191.009,0,-61.7259,-14.2299
"MtrElec",8,30,20,"",170.958,0,0,0,0,0,0,0,0,0,0,0,0,0,0,0,0,0,0,0,0,170.958,0,0,0
"MtrElec",8,30,21,"",136.35,0,0,0,0,0,0,0,0,0,0,0,0,0,0,0,0,0,0,0,0,136.35,0,0,0
"MtrElec",8,30,22,"",148.011,0,0,0,0,0,0,0,0,0,0,0,0,0,0,0,0,0,0,0,0,148.011,0,0,0
"MtrElec",8,30,23,"",98.6678,0,0,0,0,0,0,0,0,0,0,0,0,0,0,0,0,0,0,0,0,98.6678,0,0,0
"MtrElec",8,30,24,"",82.6427,0,0,0,0,0,0,0,0,0,0,0,0,0,0,0,0,0,0,0,0,82.6427,0,0,0
"MtrElec",8,31,1,"",71.4837,0,0,0,0,0,0,0,0,0,0,0,0,0,0,0,0,0,0,0,0,71.4837,0,0,0
"MtrElec",8,31,2,"",60.7078,0,0,0,0,0,0,0,0,0,0,0,0,0,0,0,0,0,0,0,0,60.7078,0,0,0
"MtrElec",8,31,3,"",55.1044,0,0,0,0,0,0,0,0,0,0,0,0,0,0,0,0,0,0,0,0,55.1044,0,0,0
"MtrElec",8,31,4,"",52.3702,0,0,0,0,0,0,0,0,0,0,0,0,0,0,0,0,0,0,0,0,52.3702,0,0,0
"MtrElec",8,31,5,"",50.6512,0,0,0,0,0,0,0,0,0,0,0,0,0,0,0,0,0,0,0,0,50.6512,0,0,0
"MtrElec",8,31,6,"",72.8396,0,0,0,0,0,0,0,0,0,0,0,0,0,0,0,0,0,0,0,0,72.8396,0,0,0
"MtrElec",8,31,7,"",67.491,0,0,0,0,0,0,0,0,0,0,0,0,0,0,0,0,0,0,0,0,69.1723,0,0,-1.68126
"MtrElec",8,31,8,"",93.0812,0,0,0,0,0,0,0,0,0,0,0,0,0,0,0,0,0,0,0,0,118.734,0,0,-25.6527
"MtrElec",8,31,9,"",52.105,0,0,0,0,0,0,0,0,0,0,0,0,0,0,0,0,0,0,0,0,123.302,0,0,-71.1974
"MtrElec",8,31,10,"",0.0483203,0,0,0,0,0,0,0,0,0,0,0,0,0,0,0,0,0,0,0,0,115.606,0,0,-115.557
"MtrElec",8,31,11,"",0,0,0,0,0,0,0,0,0,0,0,0,0,0,0,0,0,0,0,0,0,130.336,0,21.708,-152.044
"MtrElec",8,31,12,"",0,0,0,0,0,0,0,0,0,0,0,0,0,0,0,0,0,0,0,0,0,117.825,0,58.4794,-176.305
"MtrElec",8,31,13,"",0.0000039,0,0,0,0,0,0,0,0,0,0,0,0,0,0,0,0,0,0,0,0,144.082,0,42.8688,-186.95
"MtrElec",8,31,14,"",-5.40771,0,0,0,0,0,0,0,0,0,0,0,0,0,0,0,0,0,0,0,0,114.227,0,67.8758,-187.511
"MtrElec",8,31,15,"",0.0000039,0,0,0,0,0,0,0,0,0,0,0,0,0,0,0,0,0,0,0,0,123.626,0,51.654,-175.28
"MtrElec",8,31,16,"",-18.7397,0,0,0,0,0,0,0,0,0,0,0,0,0,0,0,0,0,0,0,0,118.21,0,10.6646,-147.614
"MtrElec",8,31,17,"",29.4578,0,0,0,0,0,0,0,0,0,0,0,0,0,0,0,0,0,0,0,0,136.75,0,0,-107.292
"MtrElec",8,31,18,"",92.9892,0,0,0,0,0,0,0,0,0,0,0,0,0,0,0,0,0,0,0,0,152.059,0,0,-59.0694
"MtrElec",8,31,19,"",52.817,0,0,0,0,0,0,0,0,0,0,0,0,0,0,0,0,0,0,0,0,134.972,0,-67.8758,-14.2789
"MtrElec",8,31,20,"",77.1102,0,0,0,0,0,0,0,0,0,0,0,0,0,0,0,0,0,0,0,0,144.986,0,-67.8758,0
"MtrElec",8,31,21,"",74.6527,0,0,0,0,0,0,0,0,0,0,0,0,0,0,0,0,0,0,0,0,142.529,0,-67.8758,0
"MtrElec",8,31,22,"",95.3746,0,0,0,0,0,0,0,0,0,0,0,0,0,0,0,0,0,0,0,0,120.306,0,-24.9313,0
"MtrElec",8,31,23,"",83.9277,0,0,0,0,0,0,0,0,0,0,0,0,0,0,0,0,0,0,0,0,83.9277,0,0,0
"MtrElec",8,31,24,"",72.4114,0,0,0,0,0,0,0,0,0,0,0,0,0,0,0,0,0,0,0,0,72.4114,0,0,0
"MtrElec",9,1,1,"",83.5247,0,0,0,0,0,0,0,0,0,0,0,0,0,0,0,0,0,0,0,0,83.5247,0,0,0
"MtrElec",9,1,2,"",62.6223,0,0,0,0,0,0,0,0,0,0,0,0,0,0,0,0,0,0,0,0,62.6223,0,0,0
"MtrElec",9,1,3,"",54.542,0,0,0,0,0,0,0,0,0,0,0,0,0,0,0,0,0,0,0,0,54.542,0,0,0
"MtrElec",9,1,4,"",48.97,0,0,0,0,0,0,0,0,0,0,0,0,0,0,0,0,0,0,0,0,48.97,0,0,0
"MtrElec",9,1,5,"",47.2169,0,0,0,0,0,0,0,0,0,0,0,0,0,0,0,0,0,0,0,0,47.2169,0,0,0
"MtrElec",9,1,6,"",52.4364,0,0,0,0,0,0,0,0,0,0,0,0,0,0,0,0,0,0,0,0,52.4364,0,0,0
"MtrElec",9,1,7,"",83.358,0,0,0,0,0,0,0,0,0,0,0,0,0,0,0,0,0,0,0,0,85.3383,0,0,-1.98026
"MtrElec",9,1,8,"",55.8248,0,0,0,0,0,0,0,0,0,0,0,0,0,0,0,0,0,0,0,0,81.7129,0,0,-25.8881
"MtrElec",9,1,9,"",6.28051,0,0,0,0,0,0,0,0,0,0,0,0,0,0,0,0,0,0,0,0,82.2971,0,0,-76.0166
"MtrElec",9,1,10,"",0.0000010,0,0,0,0,0,0,0,0,0,0,0,0,0,0,0,0,0,0,0,0,106.565,0,15.9281,-122.493
"MtrElec",9,1,11,"",0,0,0,0,0,0,0,0,0,0,0,0,0,0,0,0,0,0,0,0,0,98.8975,0,58.8883,-157.786
"MtrElec",9,1,12,"",0.0000039,0,0,0,0,0,0,0,0,0,0,0,0,0,0,0,0,0,0,0,0,117.293,0,63.5042,-180.797
"MtrElec",9,1,13,"",-0.716688,0,0,0,0,0,0,0,0,0,0,0,0,0,0,0,0,0,0,0,0,122.872,0,67.8758,-191.464
"MtrElec",9,1,14,"",0,0,0,0,0,0,0,0,0,0,0,0,0,0,0,0,0,0,0,0,0,143.205,0,46.6036,-189.809
"MtrElec",9,1,15,"",-12.5541,0,0,0,0,0,0,0,0,0,0,0,0,0,0,0,0,0,0,0,0,163.518,0,0.450583,-176.523
"MtrElec",9,1,16,"",1.37458,0,0,0,0,0,0,0,0,0,0,0,0,0,0,0,0,0,0,0,0,149.744,0,0,-148.37
"MtrElec",9,1,17,"",49.8054,0,0,0,0,0,0,0,0,0,0,0,0,0,0,0,0,0,0,0,0,158.081,0,0,-108.276
"MtrElec",9,1,18,"",122.063,0,0,0,0,0,0,0,0,0,0,0,0,0,0,0,0,0,0,0,0,181.849,0,0,-59.7857
"MtrElec",9,1,19,"",112.013,0,0,0,0,0,0,0,0,0,0,0,0,0,0,0,0,0,0,0,0,194.01,0,-67.8758,-14.1209
"MtrElec",9,1,20,"",88.276,0,0,0,0,0,0,0,0,0,0,0,0,0,0,0,0,0,0,0,0,156.152,0,-67.8758,0
"MtrElec",9,1,21,"",91.3992,0,0,0,0,0,0,0,0,0,0,0,0,0,0,0,0,0,0,0,0,159.275,0,-67.8758,0
"MtrElec",9,1,22,"",102.042,0,0,0,0,0,0,0,0,0,0,0,0,0,0,0,0,0,0,0,0,126.973,0,-24.9313,0
"MtrElec",9,1,23,"",135.458,0,0,0,0,0,0,0,0,0,0,0,0,0,0,0,0,0,0,0,0,135.458,0,0,0
"MtrElec",9,1,24,"",98.8903,0,0,0,0,0,0,0,0,0,0,0,0,0,0,0,0,0,0,0,0,98.8903,0,0,0
"MtrElec",9,2,1,"",71.7375,0,0,0,0,0,0,0,0,0,0,0,0,0,0,0,0,0,0,0,0,71.7375,0,0,0
"MtrElec",9,2,2,"",57.095,0,0,0,0,0,0,0,0,0,0,0,0,0,0,0,0,0,0,0,0,57.095,0,0,0
"MtrElec",9,2,3,"",52.6364,0,0,0,0,0,0,0,0,0,0,0,0,0,0,0,0,0,0,0,0,52.6364,0,0,0
"MtrElec",9,2,4,"",49.9711,0,0,0,0,0,0,0,0,0,0,0,0,0,0,0,0,0,0,0,0,49.9711,0,0,0
"MtrElec",9,2,5,"",48.3896,0,0,0,0,0,0,0,0,0,0,0,0,0,0,0,0,0,0,0,0,48.3896,0,0,0
"MtrElec",9,2,6,"",54.0155,0,0,0,0,0,0,0,0,0,0,0,0,0,0,0,0,0,0,0,0,54.0155,0,0,0
"MtrElec",9,2,7,"",84.5675,0,0,0,0,0,0,0,0,0,0,0,0,0,0,0,0,0,0,0,0,86.5346,0,0,-1.96711
"MtrElec",9,2,8,"",71.7511,0,0,0,0,0,0,0,0,0,0,0,0,0,0,0,0,0,0,0,0,97.6322,0,0,-25.8811
"MtrElec",9,2,9,"",43.5014,0,0,0,0,0,0,0,0,0,0,0,0,0,0,0,0,0,0,0,0,119.214,0,0,-75.7126
"MtrElec",9,2,10,"",33.6498,0,0,0,0,0,0,0,0,0,0,0,0,0,0,0,0,0,0,0,0,155.255,0,0,-121.605
"MtrElec",9,2,11,"",0,0,0,0,0,0,0,0,0,0,0,0,0,0,0,0,0,0,0,0,0,142.35,0,13.5803,-155.93
"MtrElec",9,2,12,"",0,0,0,0,0,0,0,0,0,0,0,0,0,0,0,0,0,0,0,0,0,135.056,0,43.947,-179.003
"MtrElec",9,2,13,"",0.0000039,0,0,0,0,0,0,0,0,0,0,0,0,0,0,0,0,0,0,0,0,141.026,0,48.7588,-189.785
"MtrElec",9,2,14,"",0,0,0,0,0,0,0,0,0,0,0,0,0,0,0,0,0,0,0,0,0,148.134,0,39.1027,-187.237
"MtrElec",9,2,15,"",0,0,0,0,0,0,0,0,0,0,0,0,0,0,0,0,0,0,0,0,0,152.349,0,19.9763,-172.325
"MtrElec",9,2,16,"",25.7998,0,0,0,0,0,0,0,0,0,0,0,0,0,0,0,0,0,0,0,0,170.887,0,0,-145.088
"MtrElec",9,2,17,"",77.9113,0,0,0,0,0,0,0,0,0,0,0,0,0,0,0,0,0,0,0,0,184.831,0,0,-106.919
"MtrElec",9,2,18,"",124.279,0,0,0,0,0,0,0,0,0,0,0,0,0,0,0,0,0,0,0,0,183.423,0,0,-59.1435
"MtrElec",9,2,19,"",114.128,0,0,0,0,0,0,0,0,0,0,0,0,0,0,0,0,0,0,0,0,195.621,0,-67.8758,-13.6172
"MtrElec",9,2,20,"",90.4335,0,0,0,0,0,0,0,0,0,0,0,0,0,0,0,0,0,0,0,0,158.309,0,-67.8758,0
"MtrElec",9,2,21,"",152.165,0,0,0,0,0,0,0,0,0,0,0,0,0,0,0,0,0,0,0,0,165.655,0,-13.4904,0
"MtrElec",9,2,22,"",132.057,0,0,0,0,0,0,0,0,0,0,0,0,0,0,0,0,0,0,0,0,132.057,0,0,0
"MtrElec",9,2,23,"",127.751,0,0,0,0,0,0,0,0,0,0,0,0,0,0,0,0,0,0,0,0,127.751,0,0,0
"MtrElec",9,2,24,"",112.288,0,0,0,0,0,0,0,0,0,0,0,0,0,0,0,0,0,0,0,0,112.288,0,0,0
"MtrElec",9,3,1,"",72.3425,0,0,0,0,0,0,0,0,0,0,0,0,0,0,0,0,0,0,0,0,72.3425,0,0,0
"MtrElec",9,3,2,"",58.4749,0,0,0,0,0,0,0,0,0,0,0,0,0,0,0,0,0,0,0,0,58.4749,0,0,0
"MtrElec",9,3,3,"",54.1916,0,0,0,0,0,0,0,0,0,0,0,0,0,0,0,0,0,0,0,0,54.1916,0,0,0
"MtrElec",9,3,4,"",53.0284,0,0,0,0,0,0,0,0,0,0,0,0,0,0,0,0,0,0,0,0,53.0284,0,0,0
"MtrElec",9,3,5,"",68.268,0,0,0,0,0,0,0,0,0,0,0,0,0,0,0,0,0,0,0,0,68.268,0,0,0
"MtrElec",9,3,6,"",56.7906,0,0,0,0,0,0,0,0,0,0,0,0,0,0,0,0,0,0,0,0,56.7906,0,0,0
"MtrElec",9,3,7,"",71.1004,0,0,0,0,0,0,0,0,0,0,0,0,0,0,0,0,0,0,0,0,72.8226,0,0,-1.72217
"MtrElec",9,3,8,"",98.9145,0,0,0,0,0,0,0,0,0,0,0,0,0,0,0,0,0,0,0,0,123.992,0,0,-25.0776
"MtrElec",9,3,9,"",50.2225,0,0,0,0,0,0,0,0,0,0,0,0,0,0,0,0,0,0,0,0,123.634,0,0,-73.4116
"MtrElec",9,3,10,"",46.8149,0,0,0,0,0,0,0,0,0,0,0,0,0,0,0,0,0,0,0,0,165.042,0,0,-118.227
"MtrElec",9,3,11,"",17.232,0,0,0,0,0,0,0,0,0,0,0,0,0,0,0,0,0,0,0,0,167.69,0,0,-150.458
"MtrElec",9,3,12,"",0,0,0,0,0,0,0,0,0,0,0,0,0,0,0,0,0,0,0,0,0,149.012,0,22.9093,-171.921
"MtrElec",9,3,13,"",0.0000039,0,0,0,0,0,0,0,0,0,0,0,0,0,0,0,0,0,0,0,0,147.588,0,36.0882,-183.676
"MtrElec",9,3,14,"",0,0,0,0,0,0,0,0,0,0,0,0,0,0,0,0,0,0,0,0,0,154.734,0,27.6256,-182.36
"MtrElec",9,3,15,"",0.0000010,0,0,0,0,0,0,0,0,0,0,0,0,0,0,0,0,0,0,0,0,152.586,0,15.9535,-168.54
"MtrElec",9,3,16,"",17.7681,0,0,0,0,0,0,0,0,0,0,0,0,0,0,0,0,0,0,0,0,157.719,0,0,-139.951
"MtrElec",9,3,17,"",77.1207,0,0,0,0,0,0,0,0,0,0,0,0,0,0,0,0,0,0,0,0,177.195,0,0,-100.074
"MtrElec",9,3,18,"",119.068,0,0,0,0,0,0,0,0,0,0,0,0,0,0,0,0,0,0,0,0,172.355,0,0,-53.2868
"MtrElec",9,3,19,"",83.8758,0,0,0,0,0,0,0,0,0,0,0,0,0,0,0,0,0,0,0,0,164.274,0,-67.8758,-12.5228
"MtrElec",9,3,20,"",164.333,0,0,0,0,0,0,0,0,0,0,0,0,0,0,0,0,0,0,0,0,189.033,0,-24.6996,0
"MtrElec",9,3,21,"",168.79,0,0,0,0,0,0,0,0,0,0,0,0,0,0,0,0,0,0,0,0,168.79,0,0,0
"MtrElec",9,3,22,"",144.671,0,0,0,0,0,0,0,0,0,0,0,0,0,0,0,0,0,0,0,0,144.671,0,0,0
"MtrElec",9,3,23,"",102.779,0,0,0,0,0,0,0,0,0,0,0,0,0,0,0,0,0,0,0,0,102.779,0,0,0
"MtrElec",9,3,24,"",106.098,0,0,0,0,0,0,0,0,0,0,0,0,0,0,0,0,0,0,0,0,106.098,0,0,0
"MtrElec",9,4,1,"",75.1418,0,0,0,0,0,0,0,0,0,0,0,0,0,0,0,0,0,0,0,0,75.1418,0,0,0
"MtrElec",9,4,2,"",62.8134,0,0,0,0,0,0,0,0,0,0,0,0,0,0,0,0,0,0,0,0,62.8134,0,0,0
"MtrElec",9,4,3,"",57.7914,0,0,0,0,0,0,0,0,0,0,0,0,0,0,0,0,0,0,0,0,57.7914,0,0,0
"MtrElec",9,4,4,"",53.7702,0,0,0,0,0,0,0,0,0,0,0,0,0,0,0,0,0,0,0,0,53.7702,0,0,0
"MtrElec",9,4,5,"",51.6386,0,0,0,0,0,0,0,0,0,0,0,0,0,0,0,0,0,0,0,0,51.6386,0,0,0
"MtrElec",9,4,6,"",57.7757,0,0,0,0,0,0,0,0,0,0,0,0,0,0,0,0,0,0,0,0,57.7757,0,0,0
"MtrElec",9,4,7,"",79.6027,0,0,0,0,0,0,0,0,0,0,0,0,0,0,0,0,0,0,0,0,81.0844,0,0,-1.48172
"MtrElec",9,4,8,"",84.6833,0,0,0,0,0,0,0,0,0,0,0,0,0,0,0,0,0,0,0,0,109.821,0,0,-25.1382
"MtrElec",9,4,9,"",75.4455,0,0,0,0,0,0,0,0,0,0,0,0,0,0,0,0,0,0,0,0,149.242,0,0,-73.796
"MtrElec",9,4,10,"",49.8737,0,0,0,0,0,0,0,0,0,0,0,0,0,0,0,0,0,0,0,0,168.616,0,0,-118.742
"MtrElec",9,4,11,"",5.29686,0,0,0,0,0,0,0,0,0,0,0,0,0,0,0,0,0,0,0,0,153.998,0,0,-148.701
"MtrElec",9,4,12,"",0.0000005,0,0,0,0,0,0,0,0,0,0,0,0,0,0,0,0,0,0,0,0,162.605,0,7.7192,-170.324
"MtrElec",9,4,13,"",3.78225,0,0,0,0,0,0,0,0,0,0,0,0,0,0,0,0,0,0,0,0,186.932,0,0,-183.149
"MtrElec",9,4,14,"",0.0000020,0,0,0,0,0,0,0,0,0,0,0,0,0,0,0,0,0,0,0,0,149.983,0,31.6488,-181.632
"MtrElec",9,4,15,"",0,0,0,0,0,0,0,0,0,0,0,0,0,0,0,0,0,0,0,0,0,159.411,0,7.85464,-167.266
"MtrElec",9,4,16,"",28.3716,0,0,0,0,0,0,0,0,0,0,0,0,0,0,0,0,0,0,0,0,167.419,0,0,-139.047
"MtrElec",9,4,17,"",66.1179,0,0,0,0,0,0,0,0,0,0,0,0,0,0,0,0,0,0,0,0,166.432,0,0,-100.314
"MtrElec",9,4,18,"",132.051,0,0,0,0,0,0,0,0,0,0,0,0,0,0,0,0,0,0,0,0,186.062,0,0,-54.0117
"MtrElec",9,4,19,"",117.632,0,0,0,0,0,0,0,0,0,0,0,0,0,0,0,0,0,0,0,0,172.342,0,-42.6185,-12.0916
"MtrElec",9,4,20,"",174.238,0,0,0,0,0,0,0,0,0,0,0,0,0,0,0,0,0,0,0,0,174.238,0,0,0
"MtrElec",9,4,21,"",164.644,0,0,0,0,0,0,0,0,0,0,0,0,0,0,0,0,0,0,0,0,164.644,0,0,0
"MtrElec",9,4,22,"",126.346,0,0,0,0,0,0,0,0,0,0,0,0,0,0,0,0,0,0,0,0,126.346,0,0,0
"MtrElec",9,4,23,"",131.929,0,0,0,0,0,0,0,0,0,0,0,0,0,0,0,0,0,0,0,0,131.929,0,0,0
"MtrElec",9,4,24,"",102.412,0,0,0,0,0,0,0,0,0,0,0,0,0,0,0,0,0,0,0,0,102.412,0,0,0
"MtrElec",9,5,1,"",75.0562,0,0,0,0,0,0,0,0,0,0,0,0,0,0,0,0,0,0,0,0,75.0562,0,0,0
"MtrElec",9,5,2,"",60.0823,0,0,0,0,0,0,0,0,0,0,0,0,0,0,0,0,0,0,0,0,60.0823,0,0,0
"MtrElec",9,5,3,"",55.4971,0,0,0,0,0,0,0,0,0,0,0,0,0,0,0,0,0,0,0,0,55.4971,0,0,0
"MtrElec",9,5,4,"",54.598,0,0,0,0,0,0,0,0,0,0,0,0,0,0,0,0,0,0,0,0,54.598,0,0,0
"MtrElec",9,5,5,"",52.9878,0,0,0,0,0,0,0,0,0,0,0,0,0,0,0,0,0,0,0,0,52.9878,0,0,0
"MtrElec",9,5,6,"",72.3752,0,0,0,0,0,0,0,0,0,0,0,0,0,0,0,0,0,0,0,0,72.3752,0,0,0
"MtrElec",9,5,7,"",65.2141,0,0,0,0,0,0,0,0,0,0,0,0,0,0,0,0,0,0,0,0,66.7128,0,0,-1.49864
"MtrElec",9,5,8,"",63.7434,0,0,0,0,0,0,0,0,0,0,0,0,0,0,0,0,0,0,0,0,88.0144,0,0,-24.271
"MtrElec",9,5,9,"",46.3254,0,0,0,0,0,0,0,0,0,0,0,0,0,0,0,0,0,0,0,0,118.356,0,0,-72.0305
"MtrElec",9,5,10,"",22.2874,0,0,0,0,0,0,0,0,0,0,0,0,0,0,0,0,0,0,0,0,137.513,0,0,-115.226
"MtrElec",9,5,11,"",15.5112,0,0,0,0,0,0,0,0,0,0,0,0,0,0,0,0,0,0,0,0,160.547,0,0,-145.036
"MtrElec",9,5,12,"",0,0,0,0,0,0,0,0,0,0,0,0,0,0,0,0,0,0,0,0,0,169.78,0,0.925563,-170.706
"MtrElec",9,5,13,"",0,0,0,0,0,0,0,0,0,0,0,0,0,0,0,0,0,0,0,0,0,173.25,0,10.4335,-183.683
"MtrElec",9,5,14,"",1.16297,0,0,0,0,0,0,0,0,0,0,0,0,0,0,0,0,0,0,0,0,183.746,0,0,-182.583
"MtrElec",9,5,15,"",22.212,0,0,0,0,0,0,0,0,0,0,0,0,0,0,0,0,0,0,0,0,191.332,0,0,-169.12
"MtrElec",9,5,16,"",52.9299,0,0,0,0,0,0,0,0,0,0,0,0,0,0,0,0,0,0,0,0,194.324,0,0,-141.394
"MtrElec",9,5,17,"",78.3824,0,0,0,0,0,0,0,0,0,0,0,0,0,0,0,0,0,0,0,0,181.385,0,0,-103.003
"MtrElec",9,5,18,"",150.176,0,0,0,0,0,0,0,0,0,0,0,0,0,0,0,0,0,0,0,0,205.422,0,0,-55.2468
"MtrElec",9,5,19,"",214.461,0,0,0,0,0,0,0,0,0,0,0,0,0,0,0,0,0,0,0,0,236.324,0,-10.2515,-11.6108
"MtrElec",9,5,20,"",176.789,0,0,0,0,0,0,0,0,0,0,0,0,0,0,0,0,0,0,0,0,176.789,0,0,0
"MtrElec",9,5,21,"",166.302,0,0,0,0,0,0,0,0,0,0,0,0,0,0,0,0,0,0,0,0,166.302,0,0,0
"MtrElec",9,5,22,"",136.224,0,0,0,0,0,0,0,0,0,0,0,0,0,0,0,0,0,0,0,0,136.224,0,0,0
"MtrElec",9,5,23,"",122.462,0,0,0,0,0,0,0,0,0,0,0,0,0,0,0,0,0,0,0,0,122.462,0,0,0
"MtrElec",9,5,24,"",106.031,0,0,0,0,0,0,0,0,0,0,0,0,0,0,0,0,0,0,0,0,106.031,0,0,0
"MtrElec",9,6,1,"",69.6002,0,0,0,0,0,0,0,0,0,0,0,0,0,0,0,0,0,0,0,0,69.6002,0,0,0
"MtrElec",9,6,2,"",63.3164,0,0,0,0,0,0,0,0,0,0,0,0,0,0,0,0,0,0,0,0,63.3164,0,0,0
"MtrElec",9,6,3,"",59.6449,0,0,0,0,0,0,0,0,0,0,0,0,0,0,0,0,0,0,0,0,59.6449,0,0,0
"MtrElec",9,6,4,"",56.9155,0,0,0,0,0,0,0,0,0,0,0,0,0,0,0,0,0,0,0,0,56.9155,0,0,0
"MtrElec",9,6,5,"",52.823,0,0,0,0,0,0,0,0,0,0,0,0,0,0,0,0,0,0,0,0,52.823,0,0,0
"MtrElec",9,6,6,"",55.6817,0,0,0,0,0,0,0,0,0,0,0,0,0,0,0,0,0,0,0,0,55.6817,0,0,0
"MtrElec",9,6,7,"",62.2885,0,0,0,0,0,0,0,0,0,0,0,0,0,0,0,0,0,0,0,0,63.8302,0,0,-1.54168
"MtrElec",9,6,8,"",56.3896,0,0,0,0,0,0,0,0,0,0,0,0,0,0,0,0,0,0,0,0,81.0189,0,0,-24.6293
"MtrElec",9,6,9,"",32.2926,0,0,0,0,0,0,0,0,0,0,0,0,0,0,0,0,0,0,0,0,106.479,0,0,-74.1863
"MtrElec",9,6,10,"",0,0,0,0,0,0,0,0,0,0,0,0,0,0,0,0,0,0,0,0,0,110.018,0,9.14481,-119.162
"MtrElec",9,6,11,"",0,0,0,0,0,0,0,0,0,0,0,0,0,0,0,0,0,0,0,0,0,129.032,0,25.2662,-154.299
"MtrElec",9,6,12,"",0,0,0,0,0,0,0,0,0,0,0,0,0,0,0,0,0,0,0,0,0,148.337,0,28.2917,-176.628
"MtrElec",9,6,13,"",0,0,0,0,0,0,0,0,0,0,0,0,0,0,0,0,0,0,0,0,0,150.666,0,35.9877,-186.653
"MtrElec",9,6,14,"",0,0,0,0,0,0,0,0,0,0,0,0,0,0,0,0,0,0,0,0,0,166.909,0,17.1834,-184.092
"MtrElec",9,6,15,"",0,0,0,0,0,0,0,0,0,0,0,0,0,0,0,0,0,0,0,0,0,168.333,0,1.51622,-169.849
"MtrElec",9,6,16,"",26.0044,0,0,0,0,0,0,0,0,0,0,0,0,0,0,0,0,0,0,0,0,166.927,0,0,-140.923
"MtrElec",9,6,17,"",57.1652,0,0,0,0,0,0,0,0,0,0,0,0,0,0,0,0,0,0,0,0,151.001,0,0,-93.8356
"MtrElec",9,6,18,"",118.949,0,0,0,0,0,0,0,0,0,0,0,0,0,0,0,0,0,0,0,0,164.24,0,0,-45.291
"MtrElec",9,6,19,"",94.2991,0,0,0,0,0,0,0,0,0,0,0,0,0,0,0,0,0,0,0,0,173.174,0,-67.8758,-10.9987
"MtrElec",9,6,20,"",122.999,0,0,0,0,0,0,0,0,0,0,0,0,0,0,0,0,0,0,0,0,161.068,0,-38.0687,0
"MtrElec",9,6,21,"",162.712,0,0,0,0,0,0,0,0,0,0,0,0,0,0,0,0,0,0,0,0,162.712,0,0,0
"MtrElec",9,6,22,"",142.738,0,0,0,0,0,0,0,0,0,0,0,0,0,0,0,0,0,0,0,0,142.738,0,0,0
"MtrElec",9,6,23,"",123.298,0,0,0,0,0,0,0,0,0,0,0,0,0,0,0,0,0,0,0,0,123.298,0,0,0
"MtrElec",9,6,24,"",100.691,0,0,0,0,0,0,0,0,0,0,0,0,0,0,0,0,0,0,0,0,100.691,0,0,0
"MtrElec",9,7,1,"",80.736,0,0,0,0,0,0,0,0,0,0,0,0,0,0,0,0,0,0,0,0,80.736,0,0,0
"MtrElec",9,7,2,"",61.4407,0,0,0,0,0,0,0,0,0,0,0,0,0,0,0,0,0,0,0,0,61.4407,0,0,0
"MtrElec",9,7,3,"",52.8851,0,0,0,0,0,0,0,0,0,0,0,0,0,0,0,0,0,0,0,0,52.8851,0,0,0
"MtrElec",9,7,4,"",51.0296,0,0,0,0,0,0,0,0,0,0,0,0,0,0,0,0,0,0,0,0,51.0296,0,0,0
"MtrElec",9,7,5,"",49.0741,0,0,0,0,0,0,0,0,0,0,0,0,0,0,0,0,0,0,0,0,49.0741,0,0,0
"MtrElec",9,7,6,"",77.7835,0,0,0,0,0,0,0,0,0,0,0,0,0,0,0,0,0,0,0,0,77.7835,0,0,0
"MtrElec",9,7,7,"",77.7731,0,0,0,0,0,0,0,0,0,0,0,0,0,0,0,0,0,0,0,0,79.1129,0,0,-1.33973
"MtrElec",9,7,8,"",67.6991,0,0,0,0,0,0,0,0,0,0,0,0,0,0,0,0,0,0,0,0,93.0009,0,0,-25.3019
"MtrElec",9,7,9,"",74.0125,0,0,0,0,0,0,0,0,0,0,0,0,0,0,0,0,0,0,0,0,149.109,0,0,-75.0963
"MtrElec",9,7,10,"",28.1423,0,0,0,0,0,0,0,0,0,0,0,0,0,0,0,0,0,0,0,0,148.517,0,0,-120.375
"MtrElec",9,7,11,"",0,0,0,0,0,0,0,0,0,0,0,0,0,0,0,0,0,0,0,0,0,134.367,0,21.7358,-156.103
"MtrElec",9,7,12,"",0.714016,0,0,0,0,0,0,0,0,0,0,0,0,0,0,0,0,0,0,0,0,179.854,0,0,-179.14
"MtrElec",9,7,13,"",0,0,0,0,0,0,0,0,0,0,0,0,0,0,0,0,0,0,0,0,0,177.797,0,13.5731,-191.371
"MtrElec",9,7,14,"",0,0,0,0,0,0,0,0,0,0,0,0,0,0,0,0,0,0,0,0,0,168.755,0,20.9547,-189.71
"MtrElec",9,7,15,"",0,0,0,0,0,0,0,0,0,0,0,0,0,0,0,0,0,0,0,0,0,128.283,0,47.5248,-175.808
"MtrElec",9,7,16,"",16.0043,0,0,0,0,0,0,0,0,0,0,0,0,0,0,0,0,0,0,0,0,164.046,0,0,-148.042
"MtrElec",9,7,17,"",62.6511,0,0,0,0,0,0,0,0,0,0,0,0,0,0,0,0,0,0,0,0,167.247,0,0,-104.596
"MtrElec",9,7,18,"",112.346,0,0,0,0,0,0,0,0,0,0,0,0,0,0,0,0,0,0,0,0,166.637,0,0,-54.2906
"MtrElec",9,7,19,"",71.77,0,0,0,0,0,0,0,0,0,0,0,0,0,0,0,0,0,0,0,0,150.746,0,-67.8758,-11.1002
"MtrElec",9,7,20,"",105.384,0,0,0,0,0,0,0,0,0,0,0,0,0,0,0,0,0,0,0,0,131.178,0,-25.7932,0
"MtrElec",9,7,21,"",104.457,0,0,0,0,0,0,0,0,0,0,0,0,0,0,0,0,0,0,0,0,104.457,0,0,0
"MtrElec",9,7,22,"",137.32,0,0,0,0,0,0,0,0,0,0,0,0,0,0,0,0,0,0,0,0,137.32,0,0,0
"MtrElec",9,7,23,"",88.6375,0,0,0,0,0,0,0,0,0,0,0,0,0,0,0,0,0,0,0,0,88.6375,0,0,0
"MtrElec",9,7,24,"",75.7993,0,0,0,0,0,0,0,0,0,0,0,0,0,0,0,0,0,0,0,0,75.7993,0,0,0
"MtrElec",9,8,1,"",58.1507,0,0,0,0,0,0,0,0,0,0,0,0,0,0,0,0,0,0,0,0,58.1507,0,0,0
"MtrElec",9,8,2,"",52.6541,0,0,0,0,0,0,0,0,0,0,0,0,0,0,0,0,0,0,0,0,52.6541,0,0,0
"MtrElec",9,8,3,"",49.1212,0,0,0,0,0,0,0,0,0,0,0,0,0,0,0,0,0,0,0,0,49.1212,0,0,0
"MtrElec",9,8,4,"",47.5045,0,0,0,0,0,0,0,0,0,0,0,0,0,0,0,0,0,0,0,0,47.5045,0,0,0
"MtrElec",9,8,5,"",47.0708,0,0,0,0,0,0,0,0,0,0,0,0,0,0,0,0,0,0,0,0,47.0708,0,0,0
"MtrElec",9,8,6,"",62.2002,0,0,0,0,0,0,0,0,0,0,0,0,0,0,0,0,0,0,0,0,62.2002,0,0,0
"MtrElec",9,8,7,"",78.1668,0,0,0,0,0,0,0,0,0,0,0,0,0,0,0,0,0,0,0,0,79.8656,0,0,-1.69873
"MtrElec",9,8,8,"",72.3805,0,0,0,0,0,0,0,0,0,0,0,0,0,0,0,0,0,0,0,0,94.0594,0,0,-21.6789
"MtrElec",9,8,9,"",39.7833,0,0,0,0,0,0,0,0,0,0,0,0,0,0,0,0,0,0,0,0,92.8426,0,0,-53.0593
"MtrElec",9,8,10,"",0,0,0,0,0,0,0,0,0,0,0,0,0,0,0,0,0,0,0,0,0,102.176,0,23.4835,-125.66
"MtrElec",9,8,11,"",-16.8649,0,0,0,0,0,0,0,0,0,0,0,0,0,0,0,0,0,0,0,0,77.3836,0,67.8758,-162.124
"MtrElec",9,8,12,"",-2.68407,0,0,0,0,0,0,0,0,0,0,0,0,0,0,0,0,0,0,0,0,114.329,0,67.8758,-184.889
"MtrElec",9,8,13,"",-16.9804,0,0,0,0,0,0,0,0,0,0,0,0,0,0,0,0,0,0,0,0,111.286,0,67.8758,-196.142
"MtrElec",9,8,14,"",-51.1098,0,0,0,0,0,0,0,0,0,0,0,0,0,0,0,0,0,0,0,0,116.35,0,26.1397,-193.6
"MtrElec",9,8,15,"",-66.174,0,0,0,0,0,0,0,0,0,0,0,0,0,0,0,0,0,0,0,0,112.993,0,0,-179.167
"MtrElec",9,8,16,"",-33.7919,0,0,0,0,0,0,0,0,0,0,0,0,0,0,0,0,0,0,0,0,116.781,0,0,-150.573
"MtrElec",9,8,17,"",35.9184,0,0,0,0,0,0,0,0,0,0,0,0,0,0,0,0,0,0,0,0,144.597,0,0,-108.678
"MtrElec",9,8,18,"",87.3613,0,0,0,0,0,0,0,0,0,0,0,0,0,0,0,0,0,0,0,0,144.525,0,0,-57.1637
"MtrElec",9,8,19,"",99.341,0,0,0,0,0,0,0,0,0,0,0,0,0,0,0,0,0,0,0,0,178.253,0,-67.8758,-11.0362
"MtrElec",9,8,20,"",65.2349,0,0,0,0,0,0,0,0,0,0,0,0,0,0,0,0,0,0,0,0,133.111,0,-67.8758,0
"MtrElec",9,8,21,"",85.2751,0,0,0,0,0,0,0,0,0,0,0,0,0,0,0,0,0,0,0,0,153.151,0,-67.8758,0
"MtrElec",9,8,22,"",89.5733,0,0,0,0,0,0,0,0,0,0,0,0,0,0,0,0,0,0,0,0,114.505,0,-24.9313,0
"MtrElec",9,8,23,"",130.743,0,0,0,0,0,0,0,0,0,0,0,0,0,0,0,0,0,0,0,0,130.743,0,0,0
"MtrElec",9,8,24,"",99.4079,0,0,0,0,0,0,0,0,0,0,0,0,0,0,0,0,0,0,0,0,99.4079,0,0,0
"MtrElec",9,9,1,"",58.1483,0,0,0,0,0,0,0,0,0,0,0,0,0,0,0,0,0,0,0,0,58.1483,0,0,0
"MtrElec",9,9,2,"",48.9376,0,0,0,0,0,0,0,0,0,0,0,0,0,0,0,0,0,0,0,0,48.9376,0,0,0
"MtrElec",9,9,3,"",47.6376,0,0,0,0,0,0,0,0,0,0,0,0,0,0,0,0,0,0,0,0,47.6376,0,0,0
"MtrElec",9,9,4,"",47.658,0,0,0,0,0,0,0,0,0,0,0,0,0,0,0,0,0,0,0,0,47.658,0,0,0
"MtrElec",9,9,5,"",47.0872,0,0,0,0,0,0,0,0,0,0,0,0,0,0,0,0,0,0,0,0,47.0872,0,0,0
"MtrElec",9,9,6,"",57.1359,0,0,0,0,0,0,0,0,0,0,0,0,0,0,0,0,0,0,0,0,57.1359,0,0,0
"MtrElec",9,9,7,"",70.7115,0,0,0,0,0,0,0,0,0,0,0,0,0,0,0,0,0,0,0,0,72.3019,0,0,-1.59043
"MtrElec",9,9,8,"",88.6236,0,0,0,0,0,0,0,0,0,0,0,0,0,0,0,0,0,0,0,0,100.344,0,0,-11.7203
"MtrElec",9,9,9,"",43.9948,0,0,0,0,0,0,0,0,0,0,0,0,0,0,0,0,0,0,0,0,92.9092,0,0,-48.9143
"MtrElec",9,9,10,"",0,0,0,0,0,0,0,0,0,0,0,0,0,0,0,0,0,0,0,0,0,103.711,0,24.683,-128.394
"MtrElec",9,9,11,"",0,0,0,0,0,0,0,0,0,0,0,0,0,0,0,0,0,0,0,0,0,104.971,0,55.3945,-160.365
"MtrElec",9,9,12,"",-38.2411,0,0,0,0,0,0,0,0,0,0,0,0,0,0,0,0,0,0,0,0,83.4841,0,67.8758,-189.601
"MtrElec",9,9,13,"",-11.7705,0,0,0,0,0,0,0,0,0,0,0,0,0,0,0,0,0,0,0,0,123.479,0,67.8758,-203.125
"MtrElec",9,9,14,"",-71.7953,0,0,0,0,0,0,0,0,0,0,0,0,0,0,0,0,0,0,0,0,89.7679,0,37.4215,-198.985
"MtrElec",9,9,15,"",-70.1081,0,0,0,0,0,0,0,0,0,0,0,0,0,0,0,0,0,0,0,0,111.689,0,0,-181.797
"MtrElec",9,9,16,"",-32.5235,0,0,0,0,0,0,0,0,0,0,0,0,0,0,0,0,0,0,0,0,120.481,0,0,-153.004
"MtrElec",9,9,17,"",20.3636,0,0,0,0,0,0,0,0,0,0,0,0,0,0,0,0,0,0,0,0,131.817,0,0,-111.454
"MtrElec",9,9,18,"",71.1315,0,0,0,0,0,0,0,0,0,0,0,0,0,0,0,0,0,0,0,0,130.535,0,0,-59.4033
"MtrElec",9,9,19,"",79.1795,0,0,0,0,0,0,0,0,0,0,0,0,0,0,0,0,0,0,0,0,158.114,0,-67.8758,-11.0592
"MtrElec",9,9,20,"",66.3885,0,0,0,0,0,0,0,0,0,0,0,0,0,0,0,0,0,0,0,0,134.264,0,-67.8758,0
"MtrElec",9,9,21,"",69.9467,0,0,0,0,0,0,0,0,0,0,0,0,0,0,0,0,0,0,0,0,137.822,0,-67.8758,0
"MtrElec",9,9,22,"",74.3879,0,0,0,0,0,0,0,0,0,0,0,0,0,0,0,0,0,0,0,0,99.3192,0,-24.9313,0
"MtrElec",9,9,23,"",123.955,0,0,0,0,0,0,0,0,0,0,0,0,0,0,0,0,0,0,0,0,123.955,0,0,0
"MtrElec",9,9,24,"",81.8518,0,0,0,0,0,0,0,0,0,0,0,0,0,0,0,0,0,0,0,0,81.8518,0,0,0
"MtrElec",9,10,1,"",52.3907,0,0,0,0,0,0,0,0,0,0,0,0,0,0,0,0,0,0,0,0,52.3907,0,0,0
"MtrElec",9,10,2,"",50.4833,0,0,0,0,0,0,0,0,0,0,0,0,0,0,0,0,0,0,0,0,50.4833,0,0,0
"MtrElec",9,10,3,"",53.618,0,0,0,0,0,0,0,0,0,0,0,0,0,0,0,0,0,0,0,0,53.618,0,0,0
"MtrElec",9,10,4,"",53.6829,0,0,0,0,0,0,0,0,0,0,0,0,0,0,0,0,0,0,0,0,53.6829,0,0,0
"MtrElec",9,10,5,"",74.6249,0,0,0,0,0,0,0,0,0,0,0,0,0,0,0,0,0,0,0,0,74.6249,0,0,0
"MtrElec",9,10,6,"",49.1942,0,0,0,0,0,0,0,0,0,0,0,0,0,0,0,0,0,0,0,0,49.1942,0,0,0
"MtrElec",9,10,7,"",63.121,0,0,0,0,0,0,0,0,0,0,0,0,0,0,0,0,0,0,0,0,64.8511,0,0,-1.7301
"MtrElec",9,10,8,"",100.23,0,0,0,0,0,0,0,0,0,0,0,0,0,0,0,0,0,0,0,0,113.066,0,0,-12.836
"MtrElec",9,10,9,"",63.3626,0,0,0,0,0,0,0,0,0,0,0,0,0,0,0,0,0,0,0,0,98.1072,0,0,-34.7446
"MtrElec",9,10,10,"",0,0,0,0,0,0,0,0,0,0,0,0,0,0,0,0,0,0,0,0,0,88.7859,0,30.5691,-119.355
"MtrElec",9,10,11,"",0.0000039,0,0,0,0,0,0,0,0,0,0,0,0,0,0,0,0,0,0,0,0,102.353,0,62.6748,-165.027
"MtrElec",9,10,12,"",-52.0874,0,0,0,0,0,0,0,0,0,0,0,0,0,0,0,0,0,0,0,0,68.728,0,67.8758,-188.691
"MtrElec",9,10,13,"",-66.2055,0,0,0,0,0,0,0,0,0,0,0,0,0,0,0,0,0,0,0,0,65.2132,0,67.8758,-199.294
"MtrElec",9,10,14,"",-90.3046,0,0,0,0,0,0,0,0,0,0,0,0,0,0,0,0,0,0,0,0,80.2597,0,24.2551,-194.819
"MtrElec",9,10,15,"",-85.1625,0,0,0,0,0,0,0,0,0,0,0,0,0,0,0,0,0,0,0,0,94.5511,0,0,-179.714
"MtrElec",9,10,16,"",-36.989,0,0,0,0,0,0,0,0,0,0,0,0,0,0,0,0,0,0,0,0,113.745,0,0,-150.734
"MtrElec",9,10,17,"",48.1984,0,0,0,0,0,0,0,0,0,0,0,0,0,0,0,0,0,0,0,0,157.061,0,0,-108.863
"MtrElec",9,10,18,"",81.6366,0,0,0,0,0,0,0,0,0,0,0,0,0,0,0,0,0,0,0,0,139.359,0,0,-57.722
"MtrElec",9,10,19,"",79.7206,0,0,0,0,0,0,0,0,0,0,0,0,0,0,0,0,0,0,0,0,158.09,0,-67.8758,-10.4933
"MtrElec",9,10,20,"",63.5803,0,0,0,0,0,0,0,0,0,0,0,0,0,0,0,0,0,0,0,0,131.456,0,-67.8758,0
"MtrElec",9,10,21,"",65.4045,0,0,0,0,0,0,0,0,0,0,0,0,0,0,0,0,0,0,0,0,133.28,0,-67.8758,0
"MtrElec",9,10,22,"",83.339,0,0,0,0,0,0,0,0,0,0,0,0,0,0,0,0,0,0,0,0,108.27,0,-24.9313,0
"MtrElec",9,10,23,"",122.998,0,0,0,0,0,0,0,0,0,0,0,0,0,0,0,0,0,0,0,0,122.998,0,0,0
"MtrElec",9,10,24,"",86.9922,0,0,0,0,0,0,0,0,0,0,0,0,0,0,0,0,0,0,0,0,86.9922,0,0,0
"MtrElec",9,11,1,"",54.9358,0,0,0,0,0,0,0,0,0,0,0,0,0,0,0,0,0,0,0,0,54.9358,0,0,0
"MtrElec",9,11,2,"",49.8899,0,0,0,0,0,0,0,0,0,0,0,0,0,0,0,0,0,0,0,0,49.8899,0,0,0
"MtrElec",9,11,3,"",47.3595,0,0,0,0,0,0,0,0,0,0,0,0,0,0,0,0,0,0,0,0,47.3595,0,0,0
"MtrElec",9,11,4,"",46.7552,0,0,0,0,0,0,0,0,0,0,0,0,0,0,0,0,0,0,0,0,46.7552,0,0,0
"MtrElec",9,11,5,"",45.9956,0,0,0,0,0,0,0,0,0,0,0,0,0,0,0,0,0,0,0,0,45.9956,0,0,0
"MtrElec",9,11,6,"",49.8718,0,0,0,0,0,0,0,0,0,0,0,0,0,0,0,0,0,0,0,0,49.8718,0,0,0
"MtrElec",9,11,7,"",62.0186,0,0,0,0,0,0,0,0,0,0,0,0,0,0,0,0,0,0,0,0,63.4668,0,0,-1.44818
"MtrElec",9,11,8,"",80.8505,0,0,0,0,0,0,0,0,0,0,0,0,0,0,0,0,0,0,0,0,106.183,0,0,-25.3325
"MtrElec",9,11,9,"",24.9345,0,0,0,0,0,0,0,0,0,0,0,0,0,0,0,0,0,0,0,0,101.426,0,0,-76.491
"MtrElec",9,11,10,"",3.2757,0,0,0,0,0,0,0,0,0,0,0,0,0,0,0,0,0,0,0,0,125.424,0,0,-122.148
"MtrElec",9,11,11,"",0,0,0,0,0,0,0,0,0,0,0,0,0,0,0,0,0,0,0,0,0,118.569,0,38.3415,-156.91
"MtrElec",9,11,12,"",-5.59266,0,0,0,0,0,0,0,0,0,0,0,0,0,0,0,0,0,0,0,0,109.085,0,67.8758,-182.553
"MtrElec",9,11,13,"",0.0000001,0,0,0,0,0,0,0,0,0,0,0,0,0,0,0,0,0,0,0,0,192.198,0,1.01708,-193.215
"MtrElec",9,11,14,"",-15.7656,0,0,0,0,0,0,0,0,0,0,0,0,0,0,0,0,0,0,0,0,105.818,0,67.8758,-189.459
"MtrElec",9,11,15,"",0,0,0,0,0,0,0,0,0,0,0,0,0,0,0,0,0,0,0,0,0,126.751,0,47.4046,-174.155
"MtrElec",9,11,16,"",0,0,0,0,0,0,0,0,0,0,0,0,0,0,0,0,0,0,0,0,0,139.639,0,5.43692,-145.076
"MtrElec",9,11,17,"",50.3807,0,0,0,0,0,0,0,0,0,0,0,0,0,0,0,0,0,0,0,0,154.385,0,0,-104.004
"MtrElec",9,11,18,"",98.2909,0,0,0,0,0,0,0,0,0,0,0,0,0,0,0,0,0,0,0,0,152.202,0,0,-53.9114
"MtrElec",9,11,19,"",89.0174,0,0,0,0,0,0,0,0,0,0,0,0,0,0,0,0,0,0,0,0,166.345,0,-67.8758,-9.45168
"MtrElec",9,11,20,"",67.1607,0,0,0,0,0,0,0,0,0,0,0,0,0,0,0,0,0,0,0,0,135.036,0,-67.8758,0
"MtrElec",9,11,21,"",84.8752,0,0,0,0,0,0,0,0,0,0,0,0,0,0,0,0,0,0,0,0,152.751,0,-67.8758,0
"MtrElec",9,11,22,"",104.244,0,0,0,0,0,0,0,0,0,0,0,0,0,0,0,0,0,0,0,0,106.343,0,-2.09909,0
"MtrElec",9,11,23,"",98.3788,0,0,0,0,0,0,0,0,0,0,0,0,0,0,0,0,0,0,0,0,98.3788,0,0,0
"MtrElec",9,11,24,"",100.539,0,0,0,0,0,0,0,0,0,0,0,0,0,0,0,0,0,0,0,0,100.539,0,0,0
"MtrElec",9,12,1,"",58.6066,0,0,0,0,0,0,0,0,0,0,0,0,0,0,0,0,0,0,0,0,58.6066,0,0,0
"MtrElec",9,12,2,"",52.6971,0,0,0,0,0,0,0,0,0,0,0,0,0,0,0,0,0,0,0,0,52.6971,0,0,0
"MtrElec",9,12,3,"",48.595,0,0,0,0,0,0,0,0,0,0,0,0,0,0,0,0,0,0,0,0,48.595,0,0,0
"MtrElec",9,12,4,"",49.5992,0,0,0,0,0,0,0,0,0,0,0,0,0,0,0,0,0,0,0,0,49.5992,0,0,0
"MtrElec",9,12,5,"",61.8676,0,0,0,0,0,0,0,0,0,0,0,0,0,0,0,0,0,0,0,0,61.8676,0,0,0
"MtrElec",9,12,6,"",49.49,0,0,0,0,0,0,0,0,0,0,0,0,0,0,0,0,0,0,0,0,49.49,0,0,0
"MtrElec",9,12,7,"",52.0407,0,0,0,0,0,0,0,0,0,0,0,0,0,0,0,0,0,0,0,0,53.2229,0,0,-1.18217
"MtrElec",9,12,8,"",64.587,0,0,0,0,0,0,0,0,0,0,0,0,0,0,0,0,0,0,0,0,89.0381,0,0,-24.4511
"MtrElec",9,12,9,"",37.8172,0,0,0,0,0,0,0,0,0,0,0,0,0,0,0,0,0,0,0,0,112.558,0,0,-74.7404
"MtrElec",9,12,10,"",23.893,0,0,0,0,0,0,0,0,0,0,0,0,0,0,0,0,0,0,0,0,143.437,0,0,-119.545
"MtrElec",9,12,11,"",0,0,0,0,0,0,0,0,0,0,0,0,0,0,0,0,0,0,0,0,0,141.997,0,13.9587,-155.956
"MtrElec",9,12,12,"",0,0,0,0,0,0,0,0,0,0,0,0,0,0,0,0,0,0,0,0,0,138.937,0,41.6194,-180.556
"MtrElec",9,12,13,"",0,0,0,0,0,0,0,0,0,0,0,0,0,0,0,0,0,0,0,0,0,153.4,0,37.0041,-190.404
"MtrElec",9,12,14,"",0,0,0,0,0,0,0,0,0,0,0,0,0,0,0,0,0,0,0,0,0,165.392,0,21.7095,-187.101
"MtrElec",9,12,15,"",18.0772,0,0,0,0,0,0,0,0,0,0,0,0,0,0,0,0,0,0,0,0,189.298,0,0,-171.221
"MtrElec",9,12,16,"",25.244,0,0,0,0,0,0,0,0,0,0,0,0,0,0,0,0,0,0,0,0,166.805,0,0,-141.56
"MtrElec",9,12,17,"",87.0779,0,0,0,0,0,0,0,0,0,0,0,0,0,0,0,0,0,0,0,0,187.699,0,0,-100.621
"MtrElec",9,12,18,"",97.2253,0,0,0,0,0,0,0,0,0,0,0,0,0,0,0,0,0,0,0,0,148.146,0,0,-50.9206
"MtrElec",9,12,19,"",95.6461,0,0,0,0,0,0,0,0,0,0,0,0,0,0,0,0,0,0,0,0,172.267,0,-67.8758,-8.74552
"MtrElec",9,12,20,"",140.367,0,0,0,0,0,0,0,0,0,0,0,0,0,0,0,0,0,0,0,0,175.64,0,-35.2725,0
"MtrElec",9,12,21,"",138.067,0,0,0,0,0,0,0,0,0,0,0,0,0,0,0,0,0,0,0,0,138.067,0,0,0
"MtrElec",9,12,22,"",102.667,0,0,0,0,0,0,0,0,0,0,0,0,0,0,0,0,0,0,0,0,102.667,0,0,0
"MtrElec",9,12,23,"",122.597,0,0,0,0,0,0,0,0,0,0,0,0,0,0,0,0,0,0,0,0,122.597,0,0,0
"MtrElec",9,12,24,"",96.8492,0,0,0,0,0,0,0,0,0,0,0,0,0,0,0,0,0,0,0,0,96.8492,0,0,0
"MtrElec",9,13,1,"",71.3639,0,0,0,0,0,0,0,0,0,0,0,0,0,0,0,0,0,0,0,0,71.3639,0,0,0
"MtrElec",9,13,2,"",53.4938,0,0,0,0,0,0,0,0,0,0,0,0,0,0,0,0,0,0,0,0,53.4938,0,0,0
"MtrElec",9,13,3,"",54.7829,0,0,0,0,0,0,0,0,0,0,0,0,0,0,0,0,0,0,0,0,54.7829,0,0,0
"MtrElec",9,13,4,"",54.0166,0,0,0,0,0,0,0,0,0,0,0,0,0,0,0,0,0,0,0,0,54.0166,0,0,0
"MtrElec",9,13,5,"",62.2658,0,0,0,0,0,0,0,0,0,0,0,0,0,0,0,0,0,0,0,0,62.2658,0,0,0
"MtrElec",9,13,6,"",49.8964,0,0,0,0,0,0,0,0,0,0,0,0,0,0,0,0,0,0,0,0,49.8964,0,0,0
"MtrElec",9,13,7,"",71.4233,0,0,0,0,0,0,0,0,0,0,0,0,0,0,0,0,0,0,0,0,72.3548,0,0,-0.931422
"MtrElec",9,13,8,"",46.2245,0,0,0,0,0,0,0,0,0,0,0,0,0,0,0,0,0,0,0,0,70.691,0,0,-24.4665
"MtrElec",9,13,9,"",19.829,0,0,0,0,0,0,0,0,0,0,0,0,0,0,0,0,0,0,0,0,93.9454,0,0,-74.1164
"MtrElec",9,13,10,"",16.8798,0,0,0,0,0,0,0,0,0,0,0,0,0,0,0,0,0,0,0,0,138.983,0,0,-122.103
"MtrElec",9,13,11,"",27.7495,0,0,0,0,0,0,0,0,0,0,0,0,0,0,0,0,0,0,0,0,187.54,0,0,-159.791
"MtrElec",9,13,12,"",0.0000039,0,0,0,0,0,0,0,0,0,0,0,0,0,0,0,0,0,0,0,0,142.331,0,41.4124,-183.743
"MtrElec",9,13,13,"",0,0,0,0,0,0,0,0,0,0,0,0,0,0,0,0,0,0,0,0,0,132.934,0,61.1526,-194.087
"MtrElec",9,13,14,"",0,0,0,0,0,0,0,0,0,0,0,0,0,0,0,0,0,0,0,0,0,141.422,0,50.0641,-191.486
"MtrElec",9,13,15,"",0,0,0,0,0,0,0,0,0,0,0,0,0,0,0,0,0,0,0,0,0,152.617,0,20.9673,-173.585
"MtrElec",9,13,16,"",2.6518,0,0,0,0,0,0,0,0,0,0,0,0,0,0,0,0,0,0,0,0,145.964,0,0,-143.312
"MtrElec",9,13,17,"",38.4676,0,0,0,0,0,0,0,0,0,0,0,0,0,0,0,0,0,0,0,0,138,0,0,-99.5323
"MtrElec",9,13,18,"",98.5501,0,0,0,0,0,0,0,0,0,0,0,0,0,0,0,0,0,0,0,0,146.014,0,0,-47.4639
"MtrElec",9,13,19,"",61.0469,0,0,0,0,0,0,0,0,0,0,0,0,0,0,0,0,0,0,0,0,137.002,0,-67.8758,-8.07951
"MtrElec",9,13,20,"",82.3884,0,0,0,0,0,0,0,0,0,0,0,0,0,0,0,0,0,0,0,0,150.264,0,-67.8758,0
"MtrElec",9,13,21,"",157.554,0,0,0,0,0,0,0,0,0,0,0,0,0,0,0,0,0,0,0,0,178.474,0,-20.9193,0
"MtrElec",9,13,22,"",147.495,0,0,0,0,0,0,0,0,0,0,0,0,0,0,0,0,0,0,0,0,147.495,0,0,0
"MtrElec",9,13,23,"",99.4379,0,0,0,0,0,0,0,0,0,0,0,0,0,0,0,0,0,0,0,0,99.4379,0,0,0
"MtrElec",9,13,24,"",73.8397,0,0,0,0,0,0,0,0,0,0,0,0,0,0,0,0,0,0,0,0,73.8397,0,0,0
"MtrElec",9,14,1,"",56.6415,0,0,0,0,0,0,0,0,0,0,0,0,0,0,0,0,0,0,0,0,56.6415,0,0,0
"MtrElec",9,14,2,"",57.2755,0,0,0,0,0,0,0,0,0,0,0,0,0,0,0,0,0,0,0,0,57.2755,0,0,0
"MtrElec",9,14,3,"",51.1118,0,0,0,0,0,0,0,0,0,0,0,0,0,0,0,0,0,0,0,0,51.1118,0,0,0
"MtrElec",9,14,4,"",47.4919,0,0,0,0,0,0,0,0,0,0,0,0,0,0,0,0,0,0,0,0,47.4919,0,0,0
"MtrElec",9,14,5,"",46.8791,0,0,0,0,0,0,0,0,0,0,0,0,0,0,0,0,0,0,0,0,46.8791,0,0,0
"MtrElec",9,14,6,"",69.7093,0,0,0,0,0,0,0,0,0,0,0,0,0,0,0,0,0,0,0,0,69.7093,0,0,0
"MtrElec",9,14,7,"",58.0716,0,0,0,0,0,0,0,0,0,0,0,0,0,0,0,0,0,0,0,0,58.0716,0,0,0
"MtrElec",9,14,8,"",86.5792,0,0,0,0,0,0,0,0,0,0,0,0,0,0,0,0,0,0,0,0,96.5943,0,0,-10.0151
"MtrElec",9,14,9,"",72.3142,0,0,0,0,0,0,0,0,0,0,0,0,0,0,0,0,0,0,0,0,99.2899,0,0,-26.9756
"MtrElec",9,14,10,"",75.4429,0,0,0,0,0,0,0,0,0,0,0,0,0,0,0,0,0,0,0,0,114.825,0,0,-39.3821
"MtrElec",9,14,11,"",71.7761,0,0,0,0,0,0,0,0,0,0,0,0,0,0,0,0,0,0,0,0,115.33,0,0,-43.5542
"MtrElec",9,14,12,"",29.9263,0,0,0,0,0,0,0,0,0,0,0,0,0,0,0,0,0,0,0,0,102.957,0,0,-73.0309
"MtrElec",9,14,13,"",0,0,0,0,0,0,0,0,0,0,0,0,0,0,0,0,0,0,0,0,0,70.5753,0,30.2537,-100.829
"MtrElec",9,14,14,"",0.0000020,0,0,0,0,0,0,0,0,0,0,0,0,0,0,0,0,0,0,0,0,87.0686,0,31.8728,-118.941
"MtrElec",9,14,15,"",-7.81741,0,0,0,0,0,0,0,0,0,0,0,0,0,0,0,0,0,0,0,0,80.4221,0,67.8758,-156.115
"MtrElec",9,14,16,"",0.0000039,0,0,0,0,0,0,0,0,0,0,0,0,0,0,0,0,0,0,0,0,86.1562,0,56.0216,-142.178
"MtrElec",9,14,17,"",32.4488,0,0,0,0,0,0,0,0,0,0,0,0,0,0,0,0,0,0,0,0,124.08,0,0,-91.6309
"MtrElec",9,14,18,"",71.3682,0,0,0,0,0,0,0,0,0,0,0,0,0,0,0,0,0,0,0,0,115.268,0,0,-43.9001
"MtrElec",9,14,19,"",54.5401,0,0,0,0,0,0,0,0,0,0,0,0,0,0,0,0,0,0,0,0,130.662,0,-67.8758,-8.2466
"MtrElec",9,14,20,"",63.1647,0,0,0,0,0,0,0,0,0,0,0,0,0,0,0,0,0,0,0,0,131.041,0,-67.8758,0
"MtrElec",9,14,21,"",112.978,0,0,0,0,0,0,0,0,0,0,0,0,0,0,0,0,0,0,0,0,145.113,0,-32.1349,0
"MtrElec",9,14,22,"",94.4354,0,0,0,0,0,0,0,0,0,0,0,0,0,0,0,0,0,0,0,0,94.4354,0,0,0
"MtrElec",9,14,23,"",124.247,0,0,0,0,0,0,0,0,0,0,0,0,0,0,0,0,0,0,0,0,124.247,0,0,0
"MtrElec",9,14,24,"",67.3229,0,0,0,0,0,0,0,0,0,0,0,0,0,0,0,0,0,0,0,0,67.3229,0,0,0
"MtrElec",9,15,1,"",51.7611,0,0,0,0,0,0,0,0,0,0,0,0,0,0,0,0,0,0,0,0,51.7611,0,0,0
"MtrElec",9,15,2,"",48.8438,0,0,0,0,0,0,0,0,0,0,0,0,0,0,0,0,0,0,0,0,48.8438,0,0,0
"MtrElec",9,15,3,"",47.31,0,0,0,0,0,0,0,0,0,0,0,0,0,0,0,0,0,0,0,0,47.31,0,0,0
"MtrElec",9,15,4,"",47.0404,0,0,0,0,0,0,0,0,0,0,0,0,0,0,0,0,0,0,0,0,47.0404,0,0,0
"MtrElec",9,15,5,"",46.2748,0,0,0,0,0,0,0,0,0,0,0,0,0,0,0,0,0,0,0,0,46.2748,0,0,0
"MtrElec",9,15,6,"",50.0261,0,0,0,0,0,0,0,0,0,0,0,0,0,0,0,0,0,0,0,0,50.0261,0,0,0
"MtrElec",9,15,7,"",61.9397,0,0,0,0,0,0,0,0,0,0,0,0,0,0,0,0,0,0,0,0,62.7684,0,0,-0.828687
"MtrElec",9,15,8,"",88.758,0,0,0,0,0,0,0,0,0,0,0,0,0,0,0,0,0,0,0,0,97.0184,0,0,-8.26038
"MtrElec",9,15,9,"",55.8149,0,0,0,0,0,0,0,0,0,0,0,0,0,0,0,0,0,0,0,0,83.1764,0,0,-27.3615
"MtrElec",9,15,10,"",50.1379,0,0,0,0,0,0,0,0,0,0,0,0,0,0,0,0,0,0,0,0,124.728,0,0,-74.5905
"MtrElec",9,15,11,"",0,0,0,0,0,0,0,0,0,0,0,0,0,0,0,0,0,0,0,0,0,103.61,0,63.3012,-166.912
"MtrElec",9,15,12,"",-23.7371,0,0,0,0,0,0,0,0,0,0,0,0,0,0,0,0,0,0,0,0,100.231,0,67.8758,-191.844
"MtrElec",9,15,13,"",-12.137,0,0,0,0,0,0,0,0,0,0,0,0,0,0,0,0,0,0,0,0,122.103,0,67.8758,-202.116
"MtrElec",9,15,14,"",-59.1048,0,0,0,0,0,0,0,0,0,0,0,0,0,0,0,0,0,0,0,0,86.464,0,54.1978,-199.767
"MtrElec",9,15,15,"",-103.253,0,0,0,0,0,0,0,0,0,0,0,0,0,0,0,0,0,0,0,0,80.1365,0,0,-183.389
"MtrElec",9,15,16,"",-63.6782,0,0,0,0,0,0,0,0,0,0,0,0,0,0,0,0,0,0,0,0,89.1923,0,0,-152.87
"MtrElec",9,15,17,"",2.79958,0,0,0,0,0,0,0,0,0,0,0,0,0,0,0,0,0,0,0,0,112.659,0,0,-109.859
"MtrElec",9,15,18,"",59.878,0,0,0,0,0,0,0,0,0,0,0,0,0,0,0,0,0,0,0,0,115.239,0,0,-55.3606
"MtrElec",9,15,19,"",36.7284,0,0,0,0,0,0,0,0,0,0,0,0,0,0,0,0,0,0,0,0,113.279,0,-67.8758,-8.67479
"MtrElec",9,15,20,"",70.0777,0,0,0,0,0,0,0,0,0,0,0,0,0,0,0,0,0,0,0,0,137.954,0,-67.8758,0
"MtrElec",9,15,21,"",59.7485,0,0,0,0,0,0,0,0,0,0,0,0,0,0,0,0,0,0,0,0,127.624,0,-67.8758,0
"MtrElec",9,15,22,"",91.5128,0,0,0,0,0,0,0,0,0,0,0,0,0,0,0,0,0,0,0,0,116.444,0,-24.9313,0
"MtrElec",9,15,23,"",112.87,0,0,0,0,0,0,0,0,0,0,0,0,0,0,0,0,0,0,0,0,112.87,0,0,0
"MtrElec",9,15,24,"",82.4963,0,0,0,0,0,0,0,0,0,0,0,0,0,0,0,0,0,0,0,0,82.4963,0,0,0
"MtrElec",9,16,1,"",58.5411,0,0,0,0,0,0,0,0,0,0,0,0,0,0,0,0,0,0,0,0,58.5411,0,0,0
"MtrElec",9,16,2,"",47.9767,0,0,0,0,0,0,0,0,0,0,0,0,0,0,0,0,0,0,0,0,47.9767,0,0,0
"MtrElec",9,16,3,"",46.2526,0,0,0,0,0,0,0,0,0,0,0,0,0,0,0,0,0,0,0,0,46.2526,0,0,0
"MtrElec",9,16,4,"",45.9834,0,0,0,0,0,0,0,0,0,0,0,0,0,0,0,0,0,0,0,0,45.9834,0,0,0
"MtrElec",9,16,5,"",45.4907,0,0,0,0,0,0,0,0,0,0,0,0,0,0,0,0,0,0,0,0,45.4907,0,0,0
"MtrElec",9,16,6,"",55.5384,0,0,0,0,0,0,0,0,0,0,0,0,0,0,0,0,0,0,0,0,55.5384,0,0,0
"MtrElec",9,16,7,"",98.7264,0,0,0,0,0,0,0,0,0,0,0,0,0,0,0,0,0,0,0,0,100.055,0,0,-1.32812
"MtrElec",9,16,8,"",78.0055,0,0,0,0,0,0,0,0,0,0,0,0,0,0,0,0,0,0,0,0,104.275,0,0,-26.2695
"MtrElec",9,16,9,"",22.8131,0,0,0,0,0,0,0,0,0,0,0,0,0,0,0,0,0,0,0,0,104.15,0,0,-81.337
"MtrElec",9,16,10,"",0,0,0,0,0,0,0,0,0,0,0,0,0,0,0,0,0,0,0,0,0,121.291,0,9.1208,-130.411
"MtrElec",9,16,11,"",-17.1538,0,0,0,0,0,0,0,0,0,0,0,0,0,0,0,0,0,0,0,0,84.2212,0,67.8758,-169.251
"MtrElec",9,16,12,"",-15.4701,0,0,0,0,0,0,0,0,0,0,0,0,0,0,0,0,0,0,0,0,114.49,0,67.8758,-197.836
"MtrElec",9,16,13,"",0,0,0,0,0,0,0,0,0,0,0,0,0,0,0,0,0,0,0,0,0,145.931,0,65.114,-211.045
"MtrElec",9,16,14,"",-75.3134,0,0,0,0,0,0,0,0,0,0,0,0,0,0,0,0,0,0,0,0,87.6763,0,43.2642,-206.254
"MtrElec",9,16,15,"",-103.207,0,0,0,0,0,0,0,0,0,0,0,0,0,0,0,0,0,0,0,0,83.5251,0,0,-186.732
"MtrElec",9,16,16,"",-53.3275,0,0,0,0,0,0,0,0,0,0,0,0,0,0,0,0,0,0,0,0,100.207,0,0,-153.535
"MtrElec",9,16,17,"",13.4703,0,0,0,0,0,0,0,0,0,0,0,0,0,0,0,0,0,0,0,0,122.724,0,0,-109.254
"MtrElec",9,16,18,"",92.8352,0,0,0,0,0,0,0,0,0,0,0,0,0,0,0,0,0,0,0,0,148.15,0,0,-55.3151
"MtrElec",9,16,19,"",69.9076,0,0,0,0,0,0,0,0,0,0,0,0,0,0,0,0,0,0,0,0,146.003,0,-67.8758,-8.21939
"MtrElec",9,16,20,"",89.3945,0,0,0,0,0,0,0,0,0,0,0,0,0,0,0,0,0,0,0,0,157.27,0,-67.8758,0
"MtrElec",9,16,21,"",99.5467,0,0,0,0,0,0,0,0,0,0,0,0,0,0,0,0,0,0,0,0,167.422,0,-67.8758,0
"MtrElec",9,16,22,"",70.1647,0,0,0,0,0,0,0,0,0,0,0,0,0,0,0,0,0,0,0,0,95.096,0,-24.9313,0
"MtrElec",9,16,23,"",116.471,0,0,0,0,0,0,0,0,0,0,0,0,0,0,0,0,0,0,0,0,116.471,0,0,0
"MtrElec",9,16,24,"",83.5862,0,0,0,0,0,0,0,0,0,0,0,0,0,0,0,0,0,0,0,0,83.5862,0,0,0
"MtrElec",9,17,1,"",50.9897,0,0,0,0,0,0,0,0,0,0,0,0,0,0,0,0,0,0,0,0,50.9897,0,0,0
"MtrElec",9,17,2,"",49.8166,0,0,0,0,0,0,0,0,0,0,0,0,0,0,0,0,0,0,0,0,49.8166,0,0,0
"MtrElec",9,17,3,"",46.8596,0,0,0,0,0,0,0,0,0,0,0,0,0,0,0,0,0,0,0,0,46.8596,0,0,0
"MtrElec",9,17,4,"",45.9202,0,0,0,0,0,0,0,0,0,0,0,0,0,0,0,0,0,0,0,0,45.9202,0,0,0
"MtrElec",9,17,5,"",45.4125,0,0,0,0,0,0,0,0,0,0,0,0,0,0,0,0,0,0,0,0,45.4125,0,0,0
"MtrElec",9,17,6,"",48.9355,0,0,0,0,0,0,0,0,0,0,0,0,0,0,0,0,0,0,0,0,48.9355,0,0,0
"MtrElec",9,17,7,"",83.4821,0,0,0,0,0,0,0,0,0,0,0,0,0,0,0,0,0,0,0,0,84.8108,0,0,-1.32866
"MtrElec",9,17,8,"",45.7342,0,0,0,0,0,0,0,0,0,0,0,0,0,0,0,0,0,0,0,0,72.1432,0,0,-26.409
"MtrElec",9,17,9,"",15.0243,0,0,0,0,0,0,0,0,0,0,0,0,0,0,0,0,0,0,0,0,96.9716,0,0,-81.9473
"MtrElec",9,17,10,"",0.0000020,0,0,0,0,0,0,0,0,0,0,0,0,0,0,0,0,0,0,0,0,106.351,0,25.9376,-132.289
"MtrElec",9,17,11,"",0,0,0,0,0,0,0,0,0,0,0,0,0,0,0,0,0,0,0,0,0,107.612,0,62.0862,-169.698
"MtrElec",9,17,12,"",-21.0137,0,0,0,0,0,0,0,0,0,0,0,0,0,0,0,0,0,0,0,0,105.793,0,67.8758,-194.682
"MtrElec",9,17,13,"",-12.5782,0,0,0,0,0,0,0,0,0,0,0,0,0,0,0,0,0,0,0,0,123.149,0,67.8758,-203.602
"MtrElec",9,17,14,"",-69.7361,0,0,0,0,0,0,0,0,0,0,0,0,0,0,0,0,0,0,0,0,98.561,0,29.4752,-197.772
"MtrElec",9,17,15,"",-67.9346,0,0,0,0,0,0,0,0,0,0,0,0,0,0,0,0,0,0,0,0,110.721,0,0,-178.655
"MtrElec",9,17,16,"",-4.25972,0,0,0,0,0,0,0,0,0,0,0,0,0,0,0,0,0,0,0,0,145.614,0,0,-149.874
"MtrElec",9,17,17,"",66.7662,0,0,0,0,0,0,0,0,0,0,0,0,0,0,0,0,0,0,0,0,174.079,0,0,-107.312
"MtrElec",9,17,18,"",101.871,0,0,0,0,0,0,0,0,0,0,0,0,0,0,0,0,0,0,0,0,155.809,0,0,-53.9374
"MtrElec",9,17,19,"",88.5149,0,0,0,0,0,0,0,0,0,0,0,0,0,0,0,0,0,0,0,0,164.049,0,-67.8758,-7.65789
"MtrElec",9,17,20,"",62.7242,0,0,0,0,0,0,0,0,0,0,0,0,0,0,0,0,0,0,0,0,130.6,0,-67.8758,0
"MtrElec",9,17,21,"",93.3601,0,0,0,0,0,0,0,0,0,0,0,0,0,0,0,0,0,0,0,0,161.236,0,-67.8758,0
"MtrElec",9,17,22,"",67.4285,0,0,0,0,0,0,0,0,0,0,0,0,0,0,0,0,0,0,0,0,92.3598,0,-24.9313,0
"MtrElec",9,17,23,"",110.829,0,0,0,0,0,0,0,0,0,0,0,0,0,0,0,0,0,0,0,0,110.829,0,0,0
"MtrElec",9,17,24,"",68.2206,0,0,0,0,0,0,0,0,0,0,0,0,0,0,0,0,0,0,0,0,68.2206,0,0,0
"MtrElec",9,18,1,"",57.3598,0,0,0,0,0,0,0,0,0,0,0,0,0,0,0,0,0,0,0,0,57.3598,0,0,0
"MtrElec",9,18,2,"",49.8957,0,0,0,0,0,0,0,0,0,0,0,0,0,0,0,0,0,0,0,0,49.8957,0,0,0
"MtrElec",9,18,3,"",46.9753,0,0,0,0,0,0,0,0,0,0,0,0,0,0,0,0,0,0,0,0,46.9753,0,0,0
"MtrElec",9,18,4,"",46.0004,0,0,0,0,0,0,0,0,0,0,0,0,0,0,0,0,0,0,0,0,46.0004,0,0,0
"MtrElec",9,18,5,"",45.4705,0,0,0,0,0,0,0,0,0,0,0,0,0,0,0,0,0,0,0,0,45.4705,0,0,0
"MtrElec",9,18,6,"",50.8907,0,0,0,0,0,0,0,0,0,0,0,0,0,0,0,0,0,0,0,0,50.8907,0,0,0
"MtrElec",9,18,7,"",75.2412,0,0,0,0,0,0,0,0,0,0,0,0,0,0,0,0,0,0,0,0,76.3702,0,0,-1.12897
"MtrElec",9,18,8,"",76.6481,0,0,0,0,0,0,0,0,0,0,0,0,0,0,0,0,0,0,0,0,102.36,0,0,-25.7117
"MtrElec",9,18,9,"",29.3121,0,0,0,0,0,0,0,0,0,0,0,0,0,0,0,0,0,0,0,0,109.159,0,0,-79.847
"MtrElec",9,18,10,"",0,0,0,0,0,0,0,0,0,0,0,0,0,0,0,0,0,0,0,0,0,99.6771,0,27.8846,-127.562
"MtrElec",9,18,11,"",-10.8137,0,0,0,0,0,0,0,0,0,0,0,0,0,0,0,0,0,0,0,0,82.5533,0,67.8758,-161.243
"MtrElec",9,18,12,"",-7.59705,0,0,0,0,0,0,0,0,0,0,0,0,0,0,0,0,0,0,0,0,110.261,0,67.8758,-185.733
"MtrElec",9,18,13,"",-14.0899,0,0,0,0,0,0,0,0,0,0,0,0,0,0,0,0,0,0,0,0,113.805,0,67.8758,-195.771
"MtrElec",9,18,14,"",-72.8856,0,0,0,0,0,0,0,0,0,0,0,0,0,0,0,0,0,0,0,0,98.951,0,21.7386,-193.575
"MtrElec",9,18,15,"",-47.2945,0,0,0,0,0,0,0,0,0,0,0,0,0,0,0,0,0,0,0,0,130.264,0,0,-177.558
"MtrElec",9,18,16,"",-12.6597,0,0,0,0,0,0,0,0,0,0,0,0,0,0,0,0,0,0,0,0,135.478,0,0,-148.137
"MtrElec",9,18,17,"",29.0443,0,0,0,0,0,0,0,0,0,0,0,0,0,0,0,0,0,0,0,0,134.806,0,0,-105.762
"MtrElec",9,18,18,"",89.563,0,0,0,0,0,0,0,0,0,0,0,0,0,0,0,0,0,0,0,0,142.026,0,0,-52.4633
"MtrElec",9,18,19,"",62.6243,0,0,0,0,0,0,0,0,0,0,0,0,0,0,0,0,0,0,0,0,138.142,0,-67.8758,-7.64217
"MtrElec",9,18,20,"",86.3356,0,0,0,0,0,0,0,0,0,0,0,0,0,0,0,0,0,0,0,0,154.211,0,-67.8758,0
"MtrElec",9,18,21,"",62.7778,0,0,0,0,0,0,0,0,0,0,0,0,0,0,0,0,0,0,0,0,130.654,0,-67.8758,0
"MtrElec",9,18,22,"",84.8011,0,0,0,0,0,0,0,0,0,0,0,0,0,0,0,0,0,0,0,0,109.732,0,-24.9313,0
"MtrElec",9,18,23,"",121.235,0,0,0,0,0,0,0,0,0,0,0,0,0,0,0,0,0,0,0,0,121.235,0,0,0
"MtrElec",9,18,24,"",90.4115,0,0,0,0,0,0,0,0,0,0,0,0,0,0,0,0,0,0,0,0,90.4115,0,0,0
"MtrElec",9,19,1,"",70.2485,0,0,0,0,0,0,0,0,0,0,0,0,0,0,0,0,0,0,0,0,70.2485,0,0,0
"MtrElec",9,19,2,"",48.4903,0,0,0,0,0,0,0,0,0,0,0,0,0,0,0,0,0,0,0,0,48.4903,0,0,0
"MtrElec",9,19,3,"",47.9648,0,0,0,0,0,0,0,0,0,0,0,0,0,0,0,0,0,0,0,0,47.9648,0,0,0
"MtrElec",9,19,4,"",47.1278,0,0,0,0,0,0,0,0,0,0,0,0,0,0,0,0,0,0,0,0,47.1278,0,0,0
"MtrElec",9,19,5,"",45.3647,0,0,0,0,0,0,0,0,0,0,0,0,0,0,0,0,0,0,0,0,45.3647,0,0,0
"MtrElec",9,19,6,"",47.7618,0,0,0,0,0,0,0,0,0,0,0,0,0,0,0,0,0,0,0,0,47.7618,0,0,0
"MtrElec",9,19,7,"",51.4233,0,0,0,0,0,0,0,0,0,0,0,0,0,0,0,0,0,0,0,0,52.3272,0,0,-0.903892
"MtrElec",9,19,8,"",44.7032,0,0,0,0,0,0,0,0,0,0,0,0,0,0,0,0,0,0,0,0,69.8987,0,0,-25.1955
"MtrElec",9,19,9,"",0.0000001,0,0,0,0,0,0,0,0,0,0,0,0,0,0,0,0,0,0,0,0,77.3269,0,1.13139,-78.4583
"MtrElec",9,19,10,"",0,0,0,0,0,0,0,0,0,0,0,0,0,0,0,0,0,0,0,0,0,99.6563,0,27.0194,-126.676
"MtrElec",9,19,11,"",0,0,0,0,0,0,0,0,0,0,0,0,0,0,0,0,0,0,0,0,0,103.868,0,58.9139,-162.782
"MtrElec",9,19,12,"",-0.115992,0,0,0,0,0,0,0,0,0,0,0,0,0,0,0,0,0,0,0,0,118.125,0,67.8758,-186.117
"MtrElec",9,19,13,"",0,0,0,0,0,0,0,0,0,0,0,0,0,0,0,0,0,0,0,0,0,156.359,0,40.5874,-196.947
"MtrElec",9,19,14,"",-25.0346,0,0,0,0,0,0,0,0,0,0,0,0,0,0,0,0,0,0,0,0,110.577,0,57.7226,-193.334
"MtrElec",9,19,15,"",-46.6375,0,0,0,0,0,0,0,0,0,0,0,0,0,0,0,0,0,0,0,0,130.442,0,0,-177.08
"MtrElec",9,19,16,"",-29.5222,0,0,0,0,0,0,0,0,0,0,0,0,0,0,0,0,0,0,0,0,118.435,0,0,-147.958
"MtrElec",9,19,17,"",4.58438,0,0,0,0,0,0,0,0,0,0,0,0,0,0,0,0,0,0,0,0,110.063,0,0,-105.478
"MtrElec",9,19,18,"",87.1925,0,0,0,0,0,0,0,0,0,0,0,0,0,0,0,0,0,0,0,0,139.103,0,0,-51.9102
"MtrElec",9,19,19,"",123.058,0,0,0,0,0,0,0,0,0,0,0,0,0,0,0,0,0,0,0,0,198.113,0,-67.8758,-7.17934
"MtrElec",9,19,20,"",57.5613,0,0,0,0,0,0,0,0,0,0,0,0,0,0,0,0,0,0,0,0,125.437,0,-67.8758,0
"MtrElec",9,19,21,"",47.648,0,0,0,0,0,0,0,0,0,0,0,0,0,0,0,0,0,0,0,0,115.524,0,-67.8758,0
"MtrElec",9,19,22,"",69.0012,0,0,0,0,0,0,0,0,0,0,0,0,0,0,0,0,0,0,0,0,93.9325,0,-24.9313,0
"MtrElec",9,19,23,"",103.956,0,0,0,0,0,0,0,0,0,0,0,0,0,0,0,0,0,0,0,0,103.956,0,0,0
"MtrElec",9,19,24,"",76.2552,0,0,0,0,0,0,0,0,0,0,0,0,0,0,0,0,0,0,0,0,76.2552,0,0,0
"MtrElec",9,20,1,"",56.2044,0,0,0,0,0,0,0,0,0,0,0,0,0,0,0,0,0,0,0,0,56.2044,0,0,0
"MtrElec",9,20,2,"",48.61,0,0,0,0,0,0,0,0,0,0,0,0,0,0,0,0,0,0,0,0,48.61,0,0,0
"MtrElec",9,20,3,"",51.4264,0,0,0,0,0,0,0,0,0,0,0,0,0,0,0,0,0,0,0,0,51.4264,0,0,0
"MtrElec",9,20,4,"",50.2376,0,0,0,0,0,0,0,0,0,0,0,0,0,0,0,0,0,0,0,0,50.2376,0,0,0
"MtrElec",9,20,5,"",52.8343,0,0,0,0,0,0,0,0,0,0,0,0,0,0,0,0,0,0,0,0,52.8343,0,0,0
"MtrElec",9,20,6,"",47.7754,0,0,0,0,0,0,0,0,0,0,0,0,0,0,0,0,0,0,0,0,47.7754,0,0,0
"MtrElec",9,20,7,"",71.8788,0,0,0,0,0,0,0,0,0,0,0,0,0,0,0,0,0,0,0,0,72.7809,0,0,-0.902115
"MtrElec",9,20,8,"",38.8662,0,0,0,0,0,0,0,0,0,0,0,0,0,0,0,0,0,0,0,0,63.9527,0,0,-25.0865
"MtrElec",9,20,9,"",20.3708,0,0,0,0,0,0,0,0,0,0,0,0,0,0,0,0,0,0,0,0,99.4499,0,0,-79.0791
"MtrElec",9,20,10,"",0,0,0,0,0,0,0,0,0,0,0,0,0,0,0,0,0,0,0,0,0,124.93,0,3.68785,-128.618
"MtrElec",9,20,11,"",0,0,0,0,0,0,0,0,0,0,0,0,0,0,0,0,0,0,0,0,0,127.107,0,37.8339,-164.941
"MtrElec",9,20,12,"",0,0,0,0,0,0,0,0,0,0,0,0,0,0,0,0,0,0,0,0,0,153.558,0,35.4405,-188.999
"MtrElec",9,20,13,"",0.0000039,0,0,0,0,0,0,0,0,0,0,0,0,0,0,0,0,0,0,0,0,134.865,0,64.8546,-199.719
"MtrElec",9,20,14,"",-49.9867,0,0,0,0,0,0,0,0,0,0,0,0,0,0,0,0,0,0,0,0,78.7669,0,67.8758,-196.629
"MtrElec",9,20,15,"",-37.8317,0,0,0,0,0,0,0,0,0,0,0,0,0,0,0,0,0,0,0,0,98.8575,0,43.5579,-180.247
"MtrElec",9,20,16,"",-56.9241,0,0,0,0,0,0,0,0,0,0,0,0,0,0,0,0,0,0,0,0,90.9011,0,0,-147.825
"MtrElec",9,20,17,"",16.2579,0,0,0,0,0,0,0,0,0,0,0,0,0,0,0,0,0,0,0,0,120.009,0,0,-103.751
"MtrElec",9,20,18,"",66.0285,0,0,0,0,0,0,0,0,0,0,0,0,0,0,0,0,0,0,0,0,116.138,0,0,-50.1092
"MtrElec",9,20,19,"",99.3654,0,0,0,0,0,0,0,0,0,0,0,0,0,0,0,0,0,0,0,0,173.849,0,-67.8758,-6.60772
"MtrElec",9,20,20,"",46.7564,0,0,0,0,0,0,0,0,0,0,0,0,0,0,0,0,0,0,0,0,114.632,0,-67.8758,0
"MtrElec",9,20,21,"",61.027,0,0,0,0,0,0,0,0,0,0,0,0,0,0,0,0,0,0,0,0,128.903,0,-67.8758,0
"MtrElec",9,20,22,"",90.7222,0,0,0,0,0,0,0,0,0,0,0,0,0,0,0,0,0,0,0,0,115.653,0,-24.9313,0
"MtrElec",9,20,23,"",105.11,0,0,0,0,0,0,0,0,0,0,0,0,0,0,0,0,0,0,0,0,105.11,0,0,0
"MtrElec",9,20,24,"",72.248,0,0,0,0,0,0,0,0,0,0,0,0,0,0,0,0,0,0,0,0,72.248,0,0,0
"MtrElec",9,21,1,"",61.3377,0,0,0,0,0,0,0,0,0,0,0,0,0,0,0,0,0,0,0,0,61.3377,0,0,0
"MtrElec",9,21,2,"",47.7553,0,0,0,0,0,0,0,0,0,0,0,0,0,0,0,0,0,0,0,0,47.7553,0,0,0
"MtrElec",9,21,3,"",46.1274,0,0,0,0,0,0,0,0,0,0,0,0,0,0,0,0,0,0,0,0,46.1274,0,0,0
"MtrElec",9,21,4,"",45.9817,0,0,0,0,0,0,0,0,0,0,0,0,0,0,0,0,0,0,0,0,45.9817,0,0,0
"MtrElec",9,21,5,"",45.4514,0,0,0,0,0,0,0,0,0,0,0,0,0,0,0,0,0,0,0,0,45.4514,0,0,0
"MtrElec",9,21,6,"",69.0818,0,0,0,0,0,0,0,0,0,0,0,0,0,0,0,0,0,0,0,0,69.0818,0,0,0
"MtrElec",9,21,7,"",66.0597,0,0,0,0,0,0,0,0,0,0,0,0,0,0,0,0,0,0,0,0,66.0597,0,0,0
"MtrElec",9,21,8,"",80.6433,0,0,0,0,0,0,0,0,0,0,0,0,0,0,0,0,0,0,0,0,105.443,0,0,-24.7996
"MtrElec",9,21,9,"",21.5461,0,0,0,0,0,0,0,0,0,0,0,0,0,0,0,0,0,0,0,0,99.3994,0,0,-77.8533
"MtrElec",9,21,10,"",0.0000020,0,0,0,0,0,0,0,0,0,0,0,0,0,0,0,0,0,0,0,0,107.911,0,16.9805,-124.892
"MtrElec",9,21,11,"",-2.04467,0,0,0,0,0,0,0,0,0,0,0,0,0,0,0,0,0,0,0,0,87.9189,0,67.8758,-157.839
"MtrElec",9,21,12,"",-14.1312,0,0,0,0,0,0,0,0,0,0,0,0,0,0,0,0,0,0,0,0,101.505,0,67.8758,-183.512
"MtrElec",9,21,13,"",-51.9586,0,0,0,0,0,0,0,0,0,0,0,0,0,0,0,0,0,0,0,0,75.4001,0,67.8758,-195.234
"MtrElec",9,21,14,"",-76.7099,0,0,0,0,0,0,0,0,0,0,0,0,0,0,0,0,0,0,0,0,82.3418,0,32.6427,-191.694
"MtrElec",9,21,15,"",-99.1047,0,0,0,0,0,0,0,0,0,0,0,0,0,0,0,0,0,0,0,0,76.5531,0,0,-175.658
"MtrElec",9,21,16,"",-56.9493,0,0,0,0,0,0,0,0,0,0,0,0,0,0,0,0,0,0,0,0,87.9326,0,0,-144.882
"MtrElec",9,21,17,"",13.7585,0,0,0,0,0,0,0,0,0,0,0,0,0,0,0,0,0,0,0,0,113.478,0,0,-99.719
"MtrElec",9,21,18,"",77.5481,0,0,0,0,0,0,0,0,0,0,0,0,0,0,0,0,0,0,0,0,124.543,0,0,-46.9953
"MtrElec",9,21,19,"",55.4201,0,0,0,0,0,0,0,0,0,0,0,0,0,0,0,0,0,0,0,0,128.964,0,-67.8758,-5.66834
"MtrElec",9,21,20,"",85.763,0,0,0,0,0,0,0,0,0,0,0,0,0,0,0,0,0,0,0,0,153.639,0,-67.8758,0
"MtrElec",9,21,21,"",86.006,0,0,0,0,0,0,0,0,0,0,0,0,0,0,0,0,0,0,0,0,153.882,0,-67.8758,0
"MtrElec",9,21,22,"",88.6322,0,0,0,0,0,0,0,0,0,0,0,0,0,0,0,0,0,0,0,0,113.564,0,-24.9313,0
"MtrElec",9,21,23,"",121.958,0,0,0,0,0,0,0,0,0,0,0,0,0,0,0,0,0,0,0,0,121.958,0,0,0
"MtrElec",9,21,24,"",93.0163,0,0,0,0,0,0,0,0,0,0,0,0,0,0,0,0,0,0,0,0,93.0163,0,0,0
"MtrElec",9,22,1,"",58.1794,0,0,0,0,0,0,0,0,0,0,0,0,0,0,0,0,0,0,0,0,58.1794,0,0,0
"MtrElec",9,22,2,"",47.7379,0,0,0,0,0,0,0,0,0,0,0,0,0,0,0,0,0,0,0,0,47.7379,0,0,0
"MtrElec",9,22,3,"",46.5245,0,0,0,0,0,0,0,0,0,0,0,0,0,0,0,0,0,0,0,0,46.5245,0,0,0
"MtrElec",9,22,4,"",46.457,0,0,0,0,0,0,0,0,0,0,0,0,0,0,0,0,0,0,0,0,46.457,0,0,0
"MtrElec",9,22,5,"",45.9045,0,0,0,0,0,0,0,0,0,0,0,0,0,0,0,0,0,0,0,0,45.9045,0,0,0
"MtrElec",9,22,6,"",58.3609,0,0,0,0,0,0,0,0,0,0,0,0,0,0,0,0,0,0,0,0,58.3609,0,0,0
"MtrElec",9,22,7,"",84.1089,0,0,0,0,0,0,0,0,0,0,0,0,0,0,0,0,0,0,0,0,84.1089,0,0,0
"MtrElec",9,22,8,"",70.4429,0,0,0,0,0,0,0,0,0,0,0,0,0,0,0,0,0,0,0,0,88.0967,0,0,-17.6538
"MtrElec",9,22,9,"",33.2868,0,0,0,0,0,0,0,0,0,0,0,0,0,0,0,0,0,0,0,0,83.9762,0,0,-50.6893
"MtrElec",9,22,10,"",0,0,0,0,0,0,0,0,0,0,0,0,0,0,0,0,0,0,0,0,0,100.408,0,11.1815,-111.589
"MtrElec",9,22,11,"",0,0,0,0,0,0,0,0,0,0,0,0,0,0,0,0,0,0,0,0,0,99.9286,0,59.2361,-159.165
"MtrElec",9,22,12,"",-27.2,0,0,0,0,0,0,0,0,0,0,0,0,0,0,0,0,0,0,0,0,89.9802,0,67.8758,-185.056
"MtrElec",9,22,13,"",-37.0222,0,0,0,0,0,0,0,0,0,0,0,0,0,0,0,0,0,0,0,0,87.5367,0,67.8758,-192.435
"MtrElec",9,22,14,"",-84.1958,0,0,0,0,0,0,0,0,0,0,0,0,0,0,0,0,0,0,0,0,60.734,0,47.0814,-192.011
"MtrElec",9,22,15,"",-88.2807,0,0,0,0,0,0,0,0,0,0,0,0,0,0,0,0,0,0,0,0,89.6922,0,0,-177.973
"MtrElec",9,22,16,"",-65.3368,0,0,0,0,0,0,0,0,0,0,0,0,0,0,0,0,0,0,0,0,81.632,0,0,-146.969
"MtrElec",9,22,17,"",16.6349,0,0,0,0,0,0,0,0,0,0,0,0,0,0,0,0,0,0,0,0,119.716,0,0,-103.081
"MtrElec",9,22,18,"",83.9513,0,0,0,0,0,0,0,0,0,0,0,0,0,0,0,0,0,0,0,0,132.602,0,0,-48.6502
"MtrElec",9,22,19,"",66.9987,0,0,0,0,0,0,0,0,0,0,0,0,0,0,0,0,0,0,0,0,140.73,0,-67.8758,-5.85518
"MtrElec",9,22,20,"",59.5189,0,0,0,0,0,0,0,0,0,0,0,0,0,0,0,0,0,0,0,0,127.395,0,-67.8758,0
"MtrElec",9,22,21,"",85.5596,0,0,0,0,0,0,0,0,0,0,0,0,0,0,0,0,0,0,0,0,153.435,0,-67.8758,0
"MtrElec",9,22,22,"",66.714,0,0,0,0,0,0,0,0,0,0,0,0,0,0,0,0,0,0,0,0,91.6453,0,-24.9313,0
"MtrElec",9,22,23,"",95.5017,0,0,0,0,0,0,0,0,0,0,0,0,0,0,0,0,0,0,0,0,95.5017,0,0,0
"MtrElec",9,22,24,"",60.4252,0,0,0,0,0,0,0,0,0,0,0,0,0,0,0,0,0,0,0,0,60.4252,0,0,0
"MtrElec",9,23,1,"",65.9986,0,0,0,0,0,0,0,0,0,0,0,0,0,0,0,0,0,0,0,0,65.9986,0,0,0
"MtrElec",9,23,2,"",49.2188,0,0,0,0,0,0,0,0,0,0,0,0,0,0,0,0,0,0,0,0,49.2188,0,0,0
"MtrElec",9,23,3,"",46.7777,0,0,0,0,0,0,0,0,0,0,0,0,0,0,0,0,0,0,0,0,46.7777,0,0,0
"MtrElec",9,23,4,"",45.9206,0,0,0,0,0,0,0,0,0,0,0,0,0,0,0,0,0,0,0,0,45.9206,0,0,0
"MtrElec",9,23,5,"",45.4033,0,0,0,0,0,0,0,0,0,0,0,0,0,0,0,0,0,0,0,0,45.4033,0,0,0
"MtrElec",9,23,6,"",71.9228,0,0,0,0,0,0,0,0,0,0,0,0,0,0,0,0,0,0,0,0,71.9228,0,0,0
"MtrElec",9,23,7,"",63.604,0,0,0,0,0,0,0,0,0,0,0,0,0,0,0,0,0,0,0,0,63.604,0,0,0
"MtrElec",9,23,8,"",79.7698,0,0,0,0,0,0,0,0,0,0,0,0,0,0,0,0,0,0,0,0,105.094,0,0,-25.3237
"MtrElec",9,23,9,"",22.3624,0,0,0,0,0,0,0,0,0,0,0,0,0,0,0,0,0,0,0,0,102.789,0,0,-80.4263
"MtrElec",9,23,10,"",0.0000020,0,0,0,0,0,0,0,0,0,0,0,0,0,0,0,0,0,0,0,0,104.293,0,26.0808,-130.374
"MtrElec",9,23,11,"",-15.6442,0,0,0,0,0,0,0,0,0,0,0,0,0,0,0,0,0,0,0,0,84.2502,0,67.8758,-167.77
"MtrElec",9,23,12,"",-33.1112,0,0,0,0,0,0,0,0,0,0,0,0,0,0,0,0,0,0,0,0,92.1694,0,67.8758,-193.156
"MtrElec",9,23,13,"",-25.7974,0,0,0,0,0,0,0,0,0,0,0,0,0,0,0,0,0,0,0,0,109.494,0,67.8758,-203.167
"MtrElec",9,23,14,"",-86.091,0,0,0,0,0,0,0,0,0,0,0,0,0,0,0,0,0,0,0,0,89.1101,0,23.5425,-198.744
"MtrElec",9,23,15,"",-81.4658,0,0,0,0,0,0,0,0,0,0,0,0,0,0,0,0,0,0,0,0,98.2133,0,0,-179.679
"MtrElec",9,23,16,"",-42.5874,0,0,0,0,0,0,0,0,0,0,0,0,0,0,0,0,0,0,0,0,104.021,0,0,-146.608
"MtrElec",9,23,17,"",41.9496,0,0,0,0,0,0,0,0,0,0,0,0,0,0,0,0,0,0,0,0,144.511,0,0,-102.561
"MtrElec",9,23,18,"",73.4498,0,0,0,0,0,0,0,0,0,0,0,0,0,0,0,0,0,0,0,0,121.751,0,0,-48.3008
"MtrElec",9,23,19,"",66.8601,0,0,0,0,0,0,0,0,0,0,0,0,0,0,0,0,0,0,0,0,140.219,0,-67.8758,-5.48328
"MtrElec",9,23,20,"",98.2016,0,0,0,0,0,0,0,0,0,0,0,0,0,0,0,0,0,0,0,0,166.077,0,-67.8758,0
"MtrElec",9,23,21,"",55.0715,0,0,0,0,0,0,0,0,0,0,0,0,0,0,0,0,0,0,0,0,122.947,0,-67.8758,0
"MtrElec",9,23,22,"",78.0955,0,0,0,0,0,0,0,0,0,0,0,0,0,0,0,0,0,0,0,0,103.027,0,-24.9313,0
"MtrElec",9,23,23,"",109.372,0,0,0,0,0,0,0,0,0,0,0,0,0,0,0,0,0,0,0,0,109.372,0,0,0
"MtrElec",9,23,24,"",86.1303,0,0,0,0,0,0,0,0,0,0,0,0,0,0,0,0,0,0,0,0,86.1303,0,0,0
"MtrElec",9,24,1,"",50.4345,0,0,0,0,0,0,0,0,0,0,0,0,0,0,0,0,0,0,0,0,50.4345,0,0,0
"MtrElec",9,24,2,"",47.4526,0,0,0,0,0,0,0,0,0,0,0,0,0,0,0,0,0,0,0,0,47.4526,0,0,0
"MtrElec",9,24,3,"",49.2051,0,0,0,0,0,0,0,0,0,0,0,0,0,0,0,0,0,0,0,0,49.2051,0,0,0
"MtrElec",9,24,4,"",68.8068,0,0,0,0,0,0,0,0,0,0,0,0,0,0,0,0,0,0,0,0,68.8068,0,0,0
"MtrElec",9,24,5,"",49.5931,0,0,0,0,0,0,0,0,0,0,0,0,0,0,0,0,0,0,0,0,49.5931,0,0,0
"MtrElec",9,24,6,"",49.7251,0,0,0,0,0,0,0,0,0,0,0,0,0,0,0,0,0,0,0,0,49.7251,0,0,0
"MtrElec",9,24,7,"",90.1136,0,0,0,0,0,0,0,0,0,0,0,0,0,0,0,0,0,0,0,0,90.1136,0,0,0
"MtrElec",9,24,8,"",68.0646,0,0,0,0,0,0,0,0,0,0,0,0,0,0,0,0,0,0,0,0,93.5264,0,0,-25.4619
"MtrElec",9,24,9,"",36.6318,0,0,0,0,0,0,0,0,0,0,0,0,0,0,0,0,0,0,0,0,115.625,0,0,-78.9937
"MtrElec",9,24,10,"",0,0,0,0,0,0,0,0,0,0,0,0,0,0,0,0,0,0,0,0,0,85.8941,0,40.8396,-126.734
"MtrElec",9,24,11,"",0.0000039,0,0,0,0,0,0,0,0,0,0,0,0,0,0,0,0,0,0,0,0,109.95,0,52.3834,-162.333
"MtrElec",9,24,12,"",-48.1259,0,0,0,0,0,0,0,0,0,0,0,0,0,0,0,0,0,0,0,0,66.6152,0,67.8758,-182.617
"MtrElec",9,24,13,"",-1.2178,0,0,0,0,0,0,0,0,0,0,0,0,0,0,0,0,0,0,0,0,122.231,0,67.8758,-191.324
"MtrElec",9,24,14,"",-95.6055,0,0,0,0,0,0,0,0,0,0,0,0,0,0,0,0,0,0,0,0,70.0376,0,24.2761,-189.919
"MtrElec",9,24,15,"",-84.9474,0,0,0,0,0,0,0,0,0,0,0,0,0,0,0,0,0,0,0,0,85.0005,0,0,-169.948
"MtrElec",9,24,16,"",-29.8832,0,0,0,0,0,0,0,0,0,0,0,0,0,0,0,0,0,0,0,0,111.951,0,0,-141.834
"MtrElec",9,24,17,"",31.5313,0,0,0,0,0,0,0,0,0,0,0,0,0,0,0,0,0,0,0,0,131.708,0,0,-100.177
"MtrElec",9,24,18,"",108.799,0,0,0,0,0,0,0,0,0,0,0,0,0,0,0,0,0,0,0,0,155.561,0,0,-46.762
"MtrElec",9,24,19,"",63.176,0,0,0,0,0,0,0,0,0,0,0,0,0,0,0,0,0,0,0,0,135.906,0,-67.8758,-4.8541
"MtrElec",9,24,20,"",92.0918,0,0,0,0,0,0,0,0,0,0,0,0,0,0,0,0,0,0,0,0,159.968,0,-67.8758,0
"MtrElec",9,24,21,"",45.2503,0,0,0,0,0,0,0,0,0,0,0,0,0,0,0,0,0,0,0,0,113.126,0,-67.8758,0
"MtrElec",9,24,22,"",72.9183,0,0,0,0,0,0,0,0,0,0,0,0,0,0,0,0,0,0,0,0,97.8496,0,-24.9313,0
"MtrElec",9,24,23,"",107.869,0,0,0,0,0,0,0,0,0,0,0,0,0,0,0,0,0,0,0,0,107.869,0,0,0
"MtrElec",9,24,24,"",75.3343,0,0,0,0,0,0,0,0,0,0,0,0,0,0,0,0,0,0,0,0,75.3343,0,0,0
"MtrElec",9,25,1,"",56.9084,0,0,0,0,0,0,0,0,0,0,0,0,0,0,0,0,0,0,0,0,56.9084,0,0,0
"MtrElec",9,25,2,"",52.0225,0,0,0,0,0,0,0,0,0,0,0,0,0,0,0,0,0,0,0,0,52.0225,0,0,0
"MtrElec",9,25,3,"",48.091,0,0,0,0,0,0,0,0,0,0,0,0,0,0,0,0,0,0,0,0,48.091,0,0,0
"MtrElec",9,25,4,"",45.983,0,0,0,0,0,0,0,0,0,0,0,0,0,0,0,0,0,0,0,0,45.983,0,0,0
"MtrElec",9,25,5,"",45.4599,0,0,0,0,0,0,0,0,0,0,0,0,0,0,0,0,0,0,0,0,45.4599,0,0,0
"MtrElec",9,25,6,"",50.2403,0,0,0,0,0,0,0,0,0,0,0,0,0,0,0,0,0,0,0,0,50.2403,0,0,0
"MtrElec",9,25,7,"",78.1936,0,0,0,0,0,0,0,0,0,0,0,0,0,0,0,0,0,0,0,0,78.1936,0,0,0
"MtrElec",9,25,8,"",58.8395,0,0,0,0,0,0,0,0,0,0,0,0,0,0,0,0,0,0,0,0,83.7564,0,0,-24.9169
"MtrElec",9,25,9,"",6.8063,0,0,0,0,0,0,0,0,0,0,0,0,0,0,0,0,0,0,0,0,85.1902,0,0,-78.3839
"MtrElec",9,25,10,"",5.36193,0,0,0,0,0,0,0,0,0,0,0,0,0,0,0,0,0,0,0,0,133.065,0,0,-127.703
"MtrElec",9,25,11,"",-3.65589,0,0,0,0,0,0,0,0,0,0,0,0,0,0,0,0,0,0,0,0,92.9365,0,67.8758,-164.468
"MtrElec",9,25,12,"",-26.1011,0,0,0,0,0,0,0,0,0,0,0,0,0,0,0,0,0,0,0,0,93.4879,0,67.8758,-187.465
"MtrElec",9,25,13,"",0,0,0,0,0,0,0,0,0,0,0,0,0,0,0,0,0,0,0,0,0,138.618,0,57.0771,-195.695
"MtrElec",9,25,14,"",-28.6847,0,0,0,0,0,0,0,0,0,0,0,0,0,0,0,0,0,0,0,0,101.477,0,60.4219,-190.584
"MtrElec",9,25,15,"",-70.3064,0,0,0,0,0,0,0,0,0,0,0,0,0,0,0,0,0,0,0,0,103.79,0,0,-174.097
"MtrElec",9,25,16,"",-21.8892,0,0,0,0,0,0,0,0,0,0,0,0,0,0,0,0,0,0,0,0,121.012,0,0,-142.901
"MtrElec",9,25,17,"",25.3636,0,0,0,0,0,0,0,0,0,0,0,0,0,0,0,0,0,0,0,0,124.092,0,0,-98.7288
"MtrElec",9,25,18,"",100.971,0,0,0,0,0,0,0,0,0,0,0,0,0,0,0,0,0,0,0,0,146.283,0,0,-45.312
"MtrElec",9,25,19,"",79.2414,0,0,0,0,0,0,0,0,0,0,0,0,0,0,0,0,0,0,0,0,151.641,0,-67.8758,-4.52383
"MtrElec",9,25,20,"",57.3853,0,0,0,0,0,0,0,0,0,0,0,0,0,0,0,0,0,0,0,0,125.261,0,-67.8758,0
"MtrElec",9,25,21,"",59.7966,0,0,0,0,0,0,0,0,0,0,0,0,0,0,0,0,0,0,0,0,127.672,0,-67.8758,0
"MtrElec",9,25,22,"",77.6178,0,0,0,0,0,0,0,0,0,0,0,0,0,0,0,0,0,0,0,0,102.549,0,-24.9313,0
"MtrElec",9,25,23,"",109.268,0,0,0,0,0,0,0,0,0,0,0,0,0,0,0,0,0,0,0,0,109.268,0,0,0
"MtrElec",9,25,24,"",70.0134,0,0,0,0,0,0,0,0,0,0,0,0,0,0,0,0,0,0,0,0,70.0134,0,0,0
"MtrElec",9,26,1,"",52.562,0,0,0,0,0,0,0,0,0,0,0,0,0,0,0,0,0,0,0,0,52.562,0,0,0
"MtrElec",9,26,2,"",48.8342,0,0,0,0,0,0,0,0,0,0,0,0,0,0,0,0,0,0,0,0,48.8342,0,0,0
"MtrElec",9,26,3,"",48.2518,0,0,0,0,0,0,0,0,0,0,0,0,0,0,0,0,0,0,0,0,48.2518,0,0,0
"MtrElec",9,26,4,"",48.364,0,0,0,0,0,0,0,0,0,0,0,0,0,0,0,0,0,0,0,0,48.364,0,0,0
"MtrElec",9,26,5,"",53.127,0,0,0,0,0,0,0,0,0,0,0,0,0,0,0,0,0,0,0,0,53.127,0,0,0
"MtrElec",9,26,6,"",47.8911,0,0,0,0,0,0,0,0,0,0,0,0,0,0,0,0,0,0,0,0,47.8911,0,0,0
"MtrElec",9,26,7,"",57.4236,0,0,0,0,0,0,0,0,0,0,0,0,0,0,0,0,0,0,0,0,57.4236,0,0,0
"MtrElec",9,26,8,"",51.7803,0,0,0,0,0,0,0,0,0,0,0,0,0,0,0,0,0,0,0,0,76.6704,0,0,-24.8902
"MtrElec",9,26,9,"",17.208,0,0,0,0,0,0,0,0,0,0,0,0,0,0,0,0,0,0,0,0,92.9515,0,0,-75.7435
"MtrElec",9,26,10,"",0,0,0,0,0,0,0,0,0,0,0,0,0,0,0,0,0,0,0,0,0,101.909,0,20.9945,-122.904
"MtrElec",9,26,11,"",0,0,0,0,0,0,0,0,0,0,0,0,0,0,0,0,0,0,0,0,0,155.451,0,6.83681,-162.287
"MtrElec",9,26,12,"",-9.25473,0,0,0,0,0,0,0,0,0,0,0,0,0,0,0,0,0,0,0,0,111.105,0,67.8758,-188.235
"MtrElec",9,26,13,"",0.0000039,0,0,0,0,0,0,0,0,0,0,0,0,0,0,0,0,0,0,0,0,137.464,0,60.5183,-197.982
"MtrElec",9,26,14,"",-37.1437,0,0,0,0,0,0,0,0,0,0,0,0,0,0,0,0,0,0,0,0,88.0243,0,67.8758,-193.044
"MtrElec",9,26,15,"",-26.9358,0,0,0,0,0,0,0,0,0,0,0,0,0,0,0,0,0,0,0,0,118.415,0,29.1494,-174.5
"MtrElec",9,26,16,"",-32.1012,0,0,0,0,0,0,0,0,0,0,0,0,0,0,0,0,0,0,0,0,111.337,0,0,-143.438
"MtrElec",9,26,17,"",35.5885,0,0,0,0,0,0,0,0,0,0,0,0,0,0,0,0,0,0,0,0,135.279,0,0,-99.6902
"MtrElec",9,26,18,"",92.5997,0,0,0,0,0,0,0,0,0,0,0,0,0,0,0,0,0,0,0,0,138.483,0,0,-45.8833
"MtrElec",9,26,19,"",125.48,0,0,0,0,0,0,0,0,0,0,0,0,0,0,0,0,0,0,0,0,197.901,0,-67.8758,-4.54484
"MtrElec",9,26,20,"",81.1993,0,0,0,0,0,0,0,0,0,0,0,0,0,0,0,0,0,0,0,0,149.075,0,-67.8758,0
"MtrElec",9,26,21,"",74.8472,0,0,0,0,0,0,0,0,0,0,0,0,0,0,0,0,0,0,0,0,142.723,0,-67.8758,0
"MtrElec",9,26,22,"",98.7851,0,0,0,0,0,0,0,0,0,0,0,0,0,0,0,0,0,0,0,0,123.716,0,-24.9313,0
"MtrElec",9,26,23,"",103.901,0,0,0,0,0,0,0,0,0,0,0,0,0,0,0,0,0,0,0,0,103.901,0,0,0
"MtrElec",9,26,24,"",83.4132,0,0,0,0,0,0,0,0,0,0,0,0,0,0,0,0,0,0,0,0,83.4132,0,0,0
"MtrElec",9,27,1,"",60.3792,0,0,0,0,0,0,0,0,0,0,0,0,0,0,0,0,0,0,0,0,60.3792,0,0,0
"MtrElec",9,27,2,"",48.6073,0,0,0,0,0,0,0,0,0,0,0,0,0,0,0,0,0,0,0,0,48.6073,0,0,0
"MtrElec",9,27,3,"",48.1385,0,0,0,0,0,0,0,0,0,0,0,0,0,0,0,0,0,0,0,0,48.1385,0,0,0
"MtrElec",9,27,4,"",48.9693,0,0,0,0,0,0,0,0,0,0,0,0,0,0,0,0,0,0,0,0,48.9693,0,0,0
"MtrElec",9,27,5,"",60.401,0,0,0,0,0,0,0,0,0,0,0,0,0,0,0,0,0,0,0,0,60.401,0,0,0
"MtrElec",9,27,6,"",47.7819,0,0,0,0,0,0,0,0,0,0,0,0,0,0,0,0,0,0,0,0,47.7819,0,0,0
"MtrElec",9,27,7,"",52.2194,0,0,0,0,0,0,0,0,0,0,0,0,0,0,0,0,0,0,0,0,52.2194,0,0,0
"MtrElec",9,27,8,"",61.6122,0,0,0,0,0,0,0,0,0,0,0,0,0,0,0,0,0,0,0,0,87.0631,0,0,-25.4509
"MtrElec",9,27,9,"",0,0,0,0,0,0,0,0,0,0,0,0,0,0,0,0,0,0,0,0,0,75.6048,0,2.29928,-77.9041
"MtrElec",9,27,10,"",0,0,0,0,0,0,0,0,0,0,0,0,0,0,0,0,0,0,0,0,0,96.1364,0,30.3597,-126.496
"MtrElec",9,27,11,"",0.0000020,0,0,0,0,0,0,0,0,0,0,0,0,0,0,0,0,0,0,0,0,133.849,0,28.6575,-162.507
"MtrElec",9,27,12,"",-28.1499,0,0,0,0,0,0,0,0,0,0,0,0,0,0,0,0,0,0,0,0,89.6881,0,67.8758,-185.714
"MtrElec",9,27,13,"",-32.8179,0,0,0,0,0,0,0,0,0,0,0,0,0,0,0,0,0,0,0,0,94.4856,0,67.8758,-195.179
"MtrElec",9,27,14,"",-21.4681,0,0,0,0,0,0,0,0,0,0,0,0,0,0,0,0,0,0,0,0,112.723,0,56.1825,-190.373
"MtrElec",9,27,15,"",-41.3402,0,0,0,0,0,0,0,0,0,0,0,0,0,0,0,0,0,0,0,0,132.05,0,0,-173.39
"MtrElec",9,27,16,"",-4.32989,0,0,0,0,0,0,0,0,0,0,0,0,0,0,0,0,0,0,0,0,137.609,0,0,-141.938
"MtrElec",9,27,17,"",27.1192,0,0,0,0,0,0,0,0,0,0,0,0,0,0,0,0,0,0,0,0,125.363,0,0,-98.2442
"MtrElec",9,27,18,"",102.118,0,0,0,0,0,0,0,0,0,0,0,0,0,0,0,0,0,0,0,0,146.894,0,0,-44.7764
"MtrElec",9,27,19,"",81.6326,0,0,0,0,0,0,0,0,0,0,0,0,0,0,0,0,0,0,0,0,153.764,0,-67.8758,-4.25594
"MtrElec",9,27,20,"",108.811,0,0,0,0,0,0,0,0,0,0,0,0,0,0,0,0,0,0,0,0,176.687,0,-67.8758,0
"MtrElec",9,27,21,"",70.2947,0,0,0,0,0,0,0,0,0,0,0,0,0,0,0,0,0,0,0,0,138.171,0,-67.8758,0
"MtrElec",9,27,22,"",90.9419,0,0,0,0,0,0,0,0,0,0,0,0,0,0,0,0,0,0,0,0,115.873,0,-24.9313,0
"MtrElec",9,27,23,"",102.933,0,0,0,0,0,0,0,0,0,0,0,0,0,0,0,0,0,0,0,0,102.933,0,0,0
"MtrElec",9,27,24,"",85.6338,0,0,0,0,0,0,0,0,0,0,0,0,0,0,0,0,0,0,0,0,85.6338,0,0,0
"MtrElec",9,28,1,"",60.041,0,0,0,0,0,0,0,0,0,0,0,0,0,0,0,0,0,0,0,0,60.041,0,0,0
"MtrElec",9,28,2,"",48.421,0,0,0,0,0,0,0,0,0,0,0,0,0,0,0,0,0,0,0,0,48.421,0,0,0
"MtrElec",9,28,3,"",46.4846,0,0,0,0,0,0,0,0,0,0,0,0,0,0,0,0,0,0,0,0,46.4846,0,0,0
"MtrElec",9,28,4,"",46.0837,0,0,0,0,0,0,0,0,0,0,0,0,0,0,0,0,0,0,0,0,46.0837,0,0,0
"MtrElec",9,28,5,"",45.5115,0,0,0,0,0,0,0,0,0,0,0,0,0,0,0,0,0,0,0,0,45.5115,0,0,0
"MtrElec",9,28,6,"",50.9371,0,0,0,0,0,0,0,0,0,0,0,0,0,0,0,0,0,0,0,0,50.9371,0,0,0
"MtrElec",9,28,7,"",93.1828,0,0,0,0,0,0,0,0,0,0,0,0,0,0,0,0,0,0,0,0,93.1828,0,0,0
"MtrElec",9,28,8,"",77.8055,0,0,0,0,0,0,0,0,0,0,0,0,0,0,0,0,0,0,0,0,101.999,0,0,-24.1933
"MtrElec",9,28,9,"",6.23127,0,0,0,0,0,0,0,0,0,0,0,0,0,0,0,0,0,0,0,0,85.5441,0,0,-79.3128
"MtrElec",9,28,10,"",0,0,0,0,0,0,0,0,0,0,0,0,0,0,0,0,0,0,0,0,0,111.43,0,16.632,-128.062
"MtrElec",9,28,11,"",0,0,0,0,0,0,0,0,0,0,0,0,0,0,0,0,0,0,0,0,0,105.268,0,58.6679,-163.936
"MtrElec",9,28,12,"",-19.2532,0,0,0,0,0,0,0,0,0,0,0,0,0,0,0,0,0,0,0,0,101.428,0,67.8758,-188.557
"MtrElec",9,28,13,"",0,0,0,0,0,0,0,0,0,0,0,0,0,0,0,0,0,0,0,0,0,128.043,0,65.5485,-193.592
"MtrElec",9,28,14,"",-39.682,0,0,0,0,0,0,0,0,0,0,0,0,0,0,0,0,0,0,0,0,93.7069,0,44.5263,-177.915
"MtrElec",9,28,15,"",-57.7122,0,0,0,0,0,0,0,0,0,0,0,0,0,0,0,0,0,0,0,0,112.57,0,0,-170.282
"MtrElec",9,28,16,"",5.63082,0,0,0,0,0,0,0,0,0,0,0,0,0,0,0,0,0,0,0,0,134.589,0,0,-128.958
"MtrElec",9,28,17,"",61.2308,0,0,0,0,0,0,0,0,0,0,0,0,0,0,0,0,0,0,0,0,144.61,0,0,-83.3791
"MtrElec",9,28,18,"",108.963,0,0,0,0,0,0,0,0,0,0,0,0,0,0,0,0,0,0,0,0,143.812,0,0,-34.8487
"MtrElec",9,28,19,"",89.1746,0,0,0,0,0,0,0,0,0,0,0,0,0,0,0,0,0,0,0,0,159.158,0,-67.8758,-2.10789
"MtrElec",9,28,20,"",118.451,0,0,0,0,0,0,0,0,0,0,0,0,0,0,0,0,0,0,0,0,186.326,0,-67.8758,0
"MtrElec",9,28,21,"",96.1025,0,0,0,0,0,0,0,0,0,0,0,0,0,0,0,0,0,0,0,0,163.978,0,-67.8758,0
"MtrElec",9,28,22,"",66.3131,0,0,0,0,0,0,0,0,0,0,0,0,0,0,0,0,0,0,0,0,91.2444,0,-24.9313,0
"MtrElec",9,28,23,"",99.3973,0,0,0,0,0,0,0,0,0,0,0,0,0,0,0,0,0,0,0,0,99.3973,0,0,0
"MtrElec",9,28,24,"",65.9959,0,0,0,0,0,0,0,0,0,0,0,0,0,0,0,0,0,0,0,0,65.9959,0,0,0
"MtrElec",9,29,1,"",65.1149,0,0,0,0,0,0,0,0,0,0,0,0,0,0,0,0,0,0,0,0,65.1149,0,0,0
"MtrElec",9,29,2,"",50.0227,0,0,0,0,0,0,0,0,0,0,0,0,0,0,0,0,0,0,0,0,50.0227,0,0,0
"MtrElec",9,29,3,"",47.124,0,0,0,0,0,0,0,0,0,0,0,0,0,0,0,0,0,0,0,0,47.124,0,0,0
"MtrElec",9,29,4,"",45.9974,0,0,0,0,0,0,0,0,0,0,0,0,0,0,0,0,0,0,0,0,45.9974,0,0,0
"MtrElec",9,29,5,"",45.4883,0,0,0,0,0,0,0,0,0,0,0,0,0,0,0,0,0,0,0,0,45.4883,0,0,0
"MtrElec",9,29,6,"",71.3281,0,0,0,0,0,0,0,0,0,0,0,0,0,0,0,0,0,0,0,0,71.3281,0,0,0
"MtrElec",9,29,7,"",68.1923,0,0,0,0,0,0,0,0,0,0,0,0,0,0,0,0,0,0,0,0,68.1923,0,0,0
"MtrElec",9,29,8,"",90.248,0,0,0,0,0,0,0,0,0,0,0,0,0,0,0,0,0,0,0,0,109.143,0,0,-18.8955
"MtrElec",9,29,9,"",34.3013,0,0,0,0,0,0,0,0,0,0,0,0,0,0,0,0,0,0,0,0,108.246,0,0,-73.9451
"MtrElec",9,29,10,"",18.1816,0,0,0,0,0,0,0,0,0,0,0,0,0,0,0,0,0,0,0,0,136.504,0,0,-118.323
"MtrElec",9,29,11,"",0.0000020,0,0,0,0,0,0,0,0,0,0,0,0,0,0,0,0,0,0,0,0,134.163,0,19.9121,-154.075
"MtrElec",9,29,12,"",-10.6471,0,0,0,0,0,0,0,0,0,0,0,0,0,0,0,0,0,0,0,0,106.334,0,67.8758,-184.857
"MtrElec",9,29,13,"",0.0000010,0,0,0,0,0,0,0,0,0,0,0,0,0,0,0,0,0,0,0,0,185.74,0,8.75647,-194.496
"MtrElec",9,29,14,"",-14.6943,0,0,0,0,0,0,0,0,0,0,0,0,0,0,0,0,0,0,0,0,83.378,0,67.8758,-165.948
"MtrElec",9,29,15,"",0,0,0,0,0,0,0,0,0,0,0,0,0,0,0,0,0,0,0,0,0,108.453,0,39.1727,-147.626
"MtrElec",9,29,16,"",0,0,0,0,0,0,0,0,0,0,0,0,0,0,0,0,0,0,0,0,0,116.646,0,17.4972,-134.144
"MtrElec",9,29,17,"",73.9893,0,0,0,0,0,0,0,0,0,0,0,0,0,0,0,0,0,0,0,0,148.378,0,0,-74.3883
"MtrElec",9,29,18,"",99.2635,0,0,0,0,0,0,0,0,0,0,0,0,0,0,0,0,0,0,0,0,131.215,0,0,-31.9513
"MtrElec",9,29,19,"",83.3027,0,0,0,0,0,0,0,0,0,0,0,0,0,0,0,0,0,0,0,0,152.713,0,-67.8758,-1.53498
"MtrElec",9,29,20,"",69.7126,0,0,0,0,0,0,0,0,0,0,0,0,0,0,0,0,0,0,0,0,137.588,0,-67.8758,0
"MtrElec",9,29,21,"",94.1675,0,0,0,0,0,0,0,0,0,0,0,0,0,0,0,0,0,0,0,0,157.95,0,-63.7822,0
"MtrElec",9,29,22,"",96.8898,0,0,0,0,0,0,0,0,0,0,0,0,0,0,0,0,0,0,0,0,96.8898,0,0,0
"MtrElec",9,29,23,"",98.504,0,0,0,0,0,0,0,0,0,0,0,0,0,0,0,0,0,0,0,0,98.504,0,0,0
"MtrElec",9,29,24,"",61.8372,0,0,0,0,0,0,0,0,0,0,0,0,0,0,0,0,0,0,0,0,61.8372,0,0,0
"MtrElec",9,30,1,"",52.0471,0,0,0,0,0,0,0,0,0,0,0,0,0,0,0,0,0,0,0,0,52.0471,0,0,0
"MtrElec",9,30,2,"",48.3732,0,0,0,0,0,0,0,0,0,0,0,0,0,0,0,0,0,0,0,0,48.3732,0,0,0
"MtrElec",9,30,3,"",46.5723,0,0,0,0,0,0,0,0,0,0,0,0,0,0,0,0,0,0,0,0,46.5723,0,0,0
"MtrElec",9,30,4,"",46.1181,0,0,0,0,0,0,0,0,0,0,0,0,0,0,0,0,0,0,0,0,46.1181,0,0,0
"MtrElec",9,30,5,"",45.4971,0,0,0,0,0,0,0,0,0,0,0,0,0,0,0,0,0,0,0,0,45.4971,0,0,0
"MtrElec",9,30,6,"",50.9265,0,0,0,0,0,0,0,0,0,0,0,0,0,0,0,0,0,0,0,0,50.9265,0,0,0
"MtrElec",9,30,7,"",91.0663,0,0,0,0,0,0,0,0,0,0,0,0,0,0,0,0,0,0,0,0,91.0663,0,0,0
"MtrElec",9,30,8,"",57.1898,0,0,0,0,0,0,0,0,0,0,0,0,0,0,0,0,0,0,0,0,82.1845,0,0,-24.9947
"MtrElec",9,30,9,"",34.8441,0,0,0,0,0,0,0,0,0,0,0,0,0,0,0,0,0,0,0,0,110.041,0,0,-75.197
"MtrElec",9,30,10,"",0,0,0,0,0,0,0,0,0,0,0,0,0,0,0,0,0,0,0,0,0,105.988,0,17.0724,-123.06
"MtrElec",9,30,11,"",0.0000039,0,0,0,0,0,0,0,0,0,0,0,0,0,0,0,0,0,0,0,0,95.4389,0,58.9332,-154.372
"MtrElec",9,30,12,"",0,0,0,0,0,0,0,0,0,0,0,0,0,0,0,0,0,0,0,0,0,113.754,0,40.5458,-154.299
"MtrElec",9,30,13,"",-1.34086,0,0,0,0,0,0,0,0,0,0,0,0,0,0,0,0,0,0,0,0,88.8183,0,67.8758,-158.035
"MtrElec",9,30,14,"",0,0,0,0,0,0,0,0,0,0,0,0,0,0,0,0,0,0,0,0,0,94.114,0,52.4549,-146.569
"MtrElec",9,30,15,"",-18.5342,0,0,0,0,0,0,0,0,0,0,0,0,0,0,0,0,0,0,0,0,91.4788,0,16.3684,-126.381
"MtrElec",9,30,16,"",29.4026,0,0,0,0,0,0,0,0,0,0,0,0,0,0,0,0,0,0,0,0,101.6,0,0,-72.1972
"MtrElec",9,30,17,"",86.9271,0,0,0,0,0,0,0,0,0,0,0,0,0,0,0,0,0,0,0,0,131.43,0,0,-44.5027
"MtrElec",9,30,18,"",98.063,0,0,0,0,0,0,0,0,0,0,0,0,0,0,0,0,0,0,0,0,112.532,0,0,-14.4687
"MtrElec",9,30,19,"",62.756,0,0,0,0,0,0,0,0,0,0,0,0,0,0,0,0,0,0,0,0,130.632,0,-67.8758,0
"MtrElec",9,30,20,"",72.6508,0,0,0,0,0,0,0,0,0,0,0,0,0,0,0,0,0,0,0,0,140.527,0,-67.8758,0
"MtrElec",9,30,21,"",67.1198,0,0,0,0,0,0,0,0,0,0,0,0,0,0,0,0,0,0,0,0,134.996,0,-67.8758,0
"MtrElec",9,30,22,"",93.4723,0,0,0,0,0,0,0,0,0,0,0,0,0,0,0,0,0,0,0,0,118.404,0,-24.9313,0
"MtrElec",9,30,23,"",97.2085,0,0,0,0,0,0,0,0,0,0,0,0,0,0,0,0,0,0,0,0,97.2085,0,0,0
"MtrElec",9,30,24,"",68.5345,0,0,0,0,0,0,0,0,0,0,0,0,0,0,0,0,0,0,0,0,68.5345,0,0,0
"MtrElec",10,1,1,"",63.8132,0,0,0,0,0,0,0,0,0,0,0,0,0,0,0,0,0,0,0,0,63.8132,0,0,0
"MtrElec",10,1,2,"",52.2859,0,0,0,0,0,0,0,0,0,0,0,0,0,0,0,0,0,0,0,0,52.2859,0,0,0
"MtrElec",10,1,3,"",70.0905,0,0,0,0,0,0,0,0,0,0,0,0,0,0,0,0,0,0,0,0,70.0905,0,0,0
"MtrElec",10,1,4,"",57.7146,0,0,0,0,0,0,0,0,0,0,0,0,0,0,0,0,0,0,0,0,57.7146,0,0,0
"MtrElec",10,1,5,"",48.8386,0,0,0,0,0,0,0,0,0,0,0,0,0,0,0,0,0,0,0,0,48.8386,0,0,0
"MtrElec",10,1,6,"",53.7695,0,0,0,0,0,0,0,0,0,0,0,0,0,0,0,0,0,0,0,0,53.7695,0,0,0
"MtrElec",10,1,7,"",90.8301,0,0,0,0,0,0,0,0,0,0,0,0,0,0,0,0,0,0,0,0,90.8301,0,0,0
"MtrElec",10,1,8,"",77.0676,0,0,0,0,0,0,0,0,0,0,0,0,0,0,0,0,0,0,0,0,100.051,0,0,-22.9838
"MtrElec",10,1,9,"",31.0984,0,0,0,0,0,0,0,0,0,0,0,0,0,0,0,0,0,0,0,0,105.771,0,0,-74.6728
"MtrElec",10,1,10,"",0,0,0,0,0,0,0,0,0,0,0,0,0,0,0,0,0,0,0,0,0,114.335,0,5.23202,-119.567
"MtrElec",10,1,11,"",0,0,0,0,0,0,0,0,0,0,0,0,0,0,0,0,0,0,0,0,0,115.983,0,34.9344,-150.918
"MtrElec",10,1,12,"",0,0,0,0,0,0,0,0,0,0,0,0,0,0,0,0,0,0,0,0,0,144.299,0,29.5421,-173.842
"MtrElec",10,1,13,"",0,0,0,0,0,0,0,0,0,0,0,0,0,0,0,0,0,0,0,0,0,156.392,0,24.0021,-180.394
"MtrElec",10,1,14,"",0.0000010,0,0,0,0,0,0,0,0,0,0,0,0,0,0,0,0,0,0,0,0,166.455,0,9.99519,-176.45
"MtrElec",10,1,15,"",0.690344,0,0,0,0,0,0,0,0,0,0,0,0,0,0,0,0,0,0,0,0,163.034,0,0,-162.344
"MtrElec",10,1,16,"",33.7913,0,0,0,0,0,0,0,0,0,0,0,0,0,0,0,0,0,0,0,0,166.427,0,0,-132.636
"MtrElec",10,1,17,"",108.524,0,0,0,0,0,0,0,0,0,0,0,0,0,0,0,0,0,0,0,0,199.359,0,0,-90.8351
"MtrElec",10,1,18,"",158.943,0,0,0,0,0,0,0,0,0,0,0,0,0,0,0,0,0,0,0,0,197.752,0,0,-38.8089
"MtrElec",10,1,19,"",140.338,0,0,0,0,0,0,0,0,0,0,0,0,0,0,0,0,0,0,0,0,210.165,0,-67.8758,-1.95059
"MtrElec",10,1,20,"",155.514,0,0,0,0,0,0,0,0,0,0,0,0,0,0,0,0,0,0,0,0,181.233,0,-25.7187,0
"MtrElec",10,1,21,"",185.26,0,0,0,0,0,0,0,0,0,0,0,0,0,0,0,0,0,0,0,0,185.26,0,0,0
"MtrElec",10,1,22,"",125.43,0,0,0,0,0,0,0,0,0,0,0,0,0,0,0,0,0,0,0,0,125.43,0,0,0
"MtrElec",10,1,23,"",125.286,0,0,0,0,0,0,0,0,0,0,0,0,0,0,0,0,0,0,0,0,125.286,0,0,0
"MtrElec",10,1,24,"",99.1496,0,0,0,0,0,0,0,0,0,0,0,0,0,0,0,0,0,0,0,0,99.1496,0,0,0
"MtrElec",10,2,1,"",77.3164,0,0,0,0,0,0,0,0,0,0,0,0,0,0,0,0,0,0,0,0,77.3164,0,0,0
"MtrElec",10,2,2,"",65.8956,0,0,0,0,0,0,0,0,0,0,0,0,0,0,0,0,0,0,0,0,65.8956,0,0,0
"MtrElec",10,2,3,"",77.2894,0,0,0,0,0,0,0,0,0,0,0,0,0,0,0,0,0,0,0,0,77.2894,0,0,0
"MtrElec",10,2,4,"",56.2723,0,0,0,0,0,0,0,0,0,0,0,0,0,0,0,0,0,0,0,0,56.2723,0,0,0
"MtrElec",10,2,5,"",54.0664,0,0,0,0,0,0,0,0,0,0,0,0,0,0,0,0,0,0,0,0,54.0664,0,0,0
"MtrElec",10,2,6,"",58.2036,0,0,0,0,0,0,0,0,0,0,0,0,0,0,0,0,0,0,0,0,58.2036,0,0,0
"MtrElec",10,2,7,"",69.3326,0,0,0,0,0,0,0,0,0,0,0,0,0,0,0,0,0,0,0,0,69.3326,0,0,0
"MtrElec",10,2,8,"",97.5003,0,0,0,0,0,0,0,0,0,0,0,0,0,0,0,0,0,0,0,0,121.346,0,0,-23.846
"MtrElec",10,2,9,"",28.4289,0,0,0,0,0,0,0,0,0,0,0,0,0,0,0,0,0,0,0,0,103.676,0,0,-75.2472
"MtrElec",10,2,10,"",6.26047,0,0,0,0,0,0,0,0,0,0,0,0,0,0,0,0,0,0,0,0,126.268,0,0,-120.007
"MtrElec",10,2,11,"",0.0000020,0,0,0,0,0,0,0,0,0,0,0,0,0,0,0,0,0,0,0,0,126.962,0,28.2532,-155.215
"MtrElec",10,2,12,"",0.0000039,0,0,0,0,0,0,0,0,0,0,0,0,0,0,0,0,0,0,0,0,128.155,0,49.8311,-177.986
"MtrElec",10,2,13,"",0,0,0,0,0,0,0,0,0,0,0,0,0,0,0,0,0,0,0,0,0,158.395,0,27.3275,-185.722
"MtrElec",10,2,14,"",0,0,0,0,0,0,0,0,0,0,0,0,0,0,0,0,0,0,0,0,0,142.601,0,39.7352,-182.336
"MtrElec",10,2,15,"",0,0,0,0,0,0,0,0,0,0,0,0,0,0,0,0,0,0,0,0,0,145.795,0,19.0462,-164.841
"MtrElec",10,2,16,"",20.792,0,0,0,0,0,0,0,0,0,0,0,0,0,0,0,0,0,0,0,0,154.513,0,0,-133.721
"MtrElec",10,2,17,"",95.6215,0,0,0,0,0,0,0,0,0,0,0,0,0,0,0,0,0,0,0,0,185.298,0,0,-89.6768
"MtrElec",10,2,18,"",123.941,0,0,0,0,0,0,0,0,0,0,0,0,0,0,0,0,0,0,0,0,160.973,0,0,-37.032
"MtrElec",10,2,19,"",116.742,0,0,0,0,0,0,0,0,0,0,0,0,0,0,0,0,0,0,0,0,186.321,0,-67.8758,-1.70355
"MtrElec",10,2,20,"",76.6004,0,0,0,0,0,0,0,0,0,0,0,0,0,0,0,0,0,0,0,0,144.476,0,-67.8758,0
"MtrElec",10,2,21,"",152.808,0,0,0,0,0,0,0,0,0,0,0,0,0,0,0,0,0,0,0,0,165.241,0,-12.4328,0
"MtrElec",10,2,22,"",130.911,0,0,0,0,0,0,0,0,0,0,0,0,0,0,0,0,0,0,0,0,130.911,0,0,0
"MtrElec",10,2,23,"",169.709,0,0,0,0,0,0,0,0,0,0,0,0,0,0,0,0,0,0,0,0,169.709,0,0,0
"MtrElec",10,2,24,"",106.363,0,0,0,0,0,0,0,0,0,0,0,0,0,0,0,0,0,0,0,0,106.363,0,0,0
"MtrElec",10,3,1,"",72.9294,0,0,0,0,0,0,0,0,0,0,0,0,0,0,0,0,0,0,0,0,72.9294,0,0,0
"MtrElec",10,3,2,"",58.9461,0,0,0,0,0,0,0,0,0,0,0,0,0,0,0,0,0,0,0,0,58.9461,0,0,0
"MtrElec",10,3,3,"",54.3127,0,0,0,0,0,0,0,0,0,0,0,0,0,0,0,0,0,0,0,0,54.3127,0,0,0
"MtrElec",10,3,4,"",53.3157,0,0,0,0,0,0,0,0,0,0,0,0,0,0,0,0,0,0,0,0,53.3157,0,0,0
"MtrElec",10,3,5,"",57.7778,0,0,0,0,0,0,0,0,0,0,0,0,0,0,0,0,0,0,0,0,57.7778,0,0,0
"MtrElec",10,3,6,"",71.1284,0,0,0,0,0,0,0,0,0,0,0,0,0,0,0,0,0,0,0,0,71.1284,0,0,0
"MtrElec",10,3,7,"",59.4606,0,0,0,0,0,0,0,0,0,0,0,0,0,0,0,0,0,0,0,0,59.4606,0,0,0
"MtrElec",10,3,8,"",50.5407,0,0,0,0,0,0,0,0,0,0,0,0,0,0,0,0,0,0,0,0,75.3035,0,0,-24.7628
"MtrElec",10,3,9,"",34.3319,0,0,0,0,0,0,0,0,0,0,0,0,0,0,0,0,0,0,0,0,108.851,0,0,-74.5188
"MtrElec",10,3,10,"",0,0,0,0,0,0,0,0,0,0,0,0,0,0,0,0,0,0,0,0,0,109.924,0,10.4322,-120.356
"MtrElec",10,3,11,"",0,0,0,0,0,0,0,0,0,0,0,0,0,0,0,0,0,0,0,0,0,130.062,0,23.5621,-153.624
"MtrElec",10,3,12,"",0,0,0,0,0,0,0,0,0,0,0,0,0,0,0,0,0,0,0,0,0,140.809,0,31.9421,-172.751
"MtrElec",10,3,13,"",0.0000039,0,0,0,0,0,0,0,0,0,0,0,0,0,0,0,0,0,0,0,0,143.662,0,39.7435,-183.405
"MtrElec",10,3,14,"",0,0,0,0,0,0,0,0,0,0,0,0,0,0,0,0,0,0,0,0,0,132.176,0,50.5342,-182.711
"MtrElec",10,3,15,"",0,0,0,0,0,0,0,0,0,0,0,0,0,0,0,0,0,0,0,0,0,165.016,0,2.24917,-167.265
"MtrElec",10,3,16,"",6.18761,0,0,0,0,0,0,0,0,0,0,0,0,0,0,0,0,0,0,0,0,143.515,0,0,-137.327
"MtrElec",10,3,17,"",70.1576,0,0,0,0,0,0,0,0,0,0,0,0,0,0,0,0,0,0,0,0,162.95,0,0,-92.7925
"MtrElec",10,3,18,"",122.642,0,0,0,0,0,0,0,0,0,0,0,0,0,0,0,0,0,0,0,0,161.766,0,0,-39.1239
"MtrElec",10,3,19,"",115.525,0,0,0,0,0,0,0,0,0,0,0,0,0,0,0,0,0,0,0,0,185.288,0,-67.8758,-1.88778
"MtrElec",10,3,20,"",101.976,0,0,0,0,0,0,0,0,0,0,0,0,0,0,0,0,0,0,0,0,169.852,0,-67.8758,0
"MtrElec",10,3,21,"",130.843,0,0,0,0,0,0,0,0,0,0,0,0,0,0,0,0,0,0,0,0,138.104,0,-7.26159,0
"MtrElec",10,3,22,"",99.3161,0,0,0,0,0,0,0,0,0,0,0,0,0,0,0,0,0,0,0,0,99.3161,0,0,0
"MtrElec",10,3,23,"",108.547,0,0,0,0,0,0,0,0,0,0,0,0,0,0,0,0,0,0,0,0,108.547,0,0,0
"MtrElec",10,3,24,"",106.744,0,0,0,0,0,0,0,0,0,0,0,0,0,0,0,0,0,0,0,0,106.744,0,0,0
"MtrElec",10,4,1,"",76.2378,0,0,0,0,0,0,0,0,0,0,0,0,0,0,0,0,0,0,0,0,76.2378,0,0,0
"MtrElec",10,4,2,"",54.7109,0,0,0,0,0,0,0,0,0,0,0,0,0,0,0,0,0,0,0,0,54.7109,0,0,0
"MtrElec",10,4,3,"",50.6099,0,0,0,0,0,0,0,0,0,0,0,0,0,0,0,0,0,0,0,0,50.6099,0,0,0
"MtrElec",10,4,4,"",49.4211,0,0,0,0,0,0,0,0,0,0,0,0,0,0,0,0,0,0,0,0,49.4211,0,0,0
"MtrElec",10,4,5,"",48.1146,0,0,0,0,0,0,0,0,0,0,0,0,0,0,0,0,0,0,0,0,48.1146,0,0,0
"MtrElec",10,4,6,"",51.3537,0,0,0,0,0,0,0,0,0,0,0,0,0,0,0,0,0,0,0,0,51.3537,0,0,0
"MtrElec",10,4,7,"",54.3179,0,0,0,0,0,0,0,0,0,0,0,0,0,0,0,0,0,0,0,0,54.3179,0,0,0
"MtrElec",10,4,8,"",54.5162,0,0,0,0,0,0,0,0,0,0,0,0,0,0,0,0,0,0,0,0,72.5039,0,0,-17.9877
"MtrElec",10,4,9,"",58.1478,0,0,0,0,0,0,0,0,0,0,0,0,0,0,0,0,0,0,0,0,79.2998,0,0,-21.1521
"MtrElec",10,4,10,"",0,0,0,0,0,0,0,0,0,0,0,0,0,0,0,0,0,0,0,0,0,106.057,0,5.5453,-111.602
"MtrElec",10,4,11,"",0,0,0,0,0,0,0,0,0,0,0,0,0,0,0,0,0,0,0,0,0,124.77,0,38.996,-163.766
"MtrElec",10,4,12,"",0,0,0,0,0,0,0,0,0,0,0,0,0,0,0,0,0,0,0,0,0,143.241,0,41.7864,-185.027
"MtrElec",10,4,13,"",-5.60473,0,0,0,0,0,0,0,0,0,0,0,0,0,0,0,0,0,0,0,0,119.124,0,67.8758,-192.604
"MtrElec",10,4,14,"",-12.2215,0,0,0,0,0,0,0,0,0,0,0,0,0,0,0,0,0,0,0,0,107.61,0,67.8758,-187.707
"MtrElec",10,4,15,"",-17.4379,0,0,0,0,0,0,0,0,0,0,0,0,0,0,0,0,0,0,0,0,120.705,0,31.1713,-169.314
"MtrElec",10,4,16,"",-25.7224,0,0,0,0,0,0,0,0,0,0,0,0,0,0,0,0,0,0,0,0,111.889,0,0,-137.611
"MtrElec",10,4,17,"",40.7018,0,0,0,0,0,0,0,0,0,0,0,0,0,0,0,0,0,0,0,0,134.052,0,0,-93.3503
"MtrElec",10,4,18,"",95.3781,0,0,0,0,0,0,0,0,0,0,0,0,0,0,0,0,0,0,0,0,134.17,0,0,-38.7917
"MtrElec",10,4,19,"",103.738,0,0,0,0,0,0,0,0,0,0,0,0,0,0,0,0,0,0,0,0,173.315,0,-67.8758,-1.70092
"MtrElec",10,4,20,"",54.8323,0,0,0,0,0,0,0,0,0,0,0,0,0,0,0,0,0,0,0,0,122.708,0,-67.8758,0
"MtrElec",10,4,21,"",53.3623,0,0,0,0,0,0,0,0,0,0,0,0,0,0,0,0,0,0,0,0,121.238,0,-67.8758,0
"MtrElec",10,4,22,"",71.3784,0,0,0,0,0,0,0,0,0,0,0,0,0,0,0,0,0,0,0,0,96.3097,0,-24.9313,0
"MtrElec",10,4,23,"",112.378,0,0,0,0,0,0,0,0,0,0,0,0,0,0,0,0,0,0,0,0,112.378,0,0,0
"MtrElec",10,4,24,"",95.7702,0,0,0,0,0,0,0,0,0,0,0,0,0,0,0,0,0,0,0,0,95.7702,0,0,0
"MtrElec",10,5,1,"",65.3609,0,0,0,0,0,0,0,0,0,0,0,0,0,0,0,0,0,0,0,0,65.3609,0,0,0
"MtrElec",10,5,2,"",54.8225,0,0,0,0,0,0,0,0,0,0,0,0,0,0,0,0,0,0,0,0,54.8225,0,0,0
"MtrElec",10,5,3,"",50.2868,0,0,0,0,0,0,0,0,0,0,0,0,0,0,0,0,0,0,0,0,50.2868,0,0,0
"MtrElec",10,5,4,"",47.9327,0,0,0,0,0,0,0,0,0,0,0,0,0,0,0,0,0,0,0,0,47.9327,0,0,0
"MtrElec",10,5,5,"",47.1346,0,0,0,0,0,0,0,0,0,0,0,0,0,0,0,0,0,0,0,0,47.1346,0,0,0
"MtrElec",10,5,6,"",57.2363,0,0,0,0,0,0,0,0,0,0,0,0,0,0,0,0,0,0,0,0,57.2363,0,0,0
"MtrElec",10,5,7,"",81.4788,0,0,0,0,0,0,0,0,0,0,0,0,0,0,0,0,0,0,0,0,81.4788,0,0,0
"MtrElec",10,5,8,"",66.1491,0,0,0,0,0,0,0,0,0,0,0,0,0,0,0,0,0,0,0,0,95.5648,0,0,-29.4157
"MtrElec",10,5,9,"",47.1299,0,0,0,0,0,0,0,0,0,0,0,0,0,0,0,0,0,0,0,0,85.0937,0,0,-37.9637
"MtrElec",10,5,10,"",42.3979,0,0,0,0,0,0,0,0,0,0,0,0,0,0,0,0,0,0,0,0,101.773,0,0,-59.375
"MtrElec",10,5,11,"",0.0000039,0,0,0,0,0,0,0,0,0,0,0,0,0,0,0,0,0,0,0,0,80.0116,0,54.7531,-134.765
"MtrElec",10,5,12,"",-0.0876484,0,0,0,0,0,0,0,0,0,0,0,0,0,0,0,0,0,0,0,0,95.1318,0,67.8758,-163.095
"MtrElec",10,5,13,"",-21.1371,0,0,0,0,0,0,0,0,0,0,0,0,0,0,0,0,0,0,0,0,76.0153,0,67.8758,-165.028
"MtrElec",10,5,14,"",-49.7404,0,0,0,0,0,0,0,0,0,0,0,0,0,0,0,0,0,0,0,0,70.5354,0,62.7459,-183.022
"MtrElec",10,5,15,"",-54.8033,0,0,0,0,0,0,0,0,0,0,0,0,0,0,0,0,0,0,0,0,112.846,0,0,-167.649
"MtrElec",10,5,16,"",-0.933078,0,0,0,0,0,0,0,0,0,0,0,0,0,0,0,0,0,0,0,0,134.03,0,0,-134.963
"MtrElec",10,5,17,"",60.5171,0,0,0,0,0,0,0,0,0,0,0,0,0,0,0,0,0,0,0,0,149.467,0,0,-88.9504
"MtrElec",10,5,18,"",93.2381,0,0,0,0,0,0,0,0,0,0,0,0,0,0,0,0,0,0,0,0,128.95,0,0,-35.7121
"MtrElec",10,5,19,"",71.5703,0,0,0,0,0,0,0,0,0,0,0,0,0,0,0,0,0,0,0,0,140.814,0,-67.8758,-1.36783
"MtrElec",10,5,20,"",57.8455,0,0,0,0,0,0,0,0,0,0,0,0,0,0,0,0,0,0,0,0,125.721,0,-67.8758,0
"MtrElec",10,5,21,"",71.1328,0,0,0,0,0,0,0,0,0,0,0,0,0,0,0,0,0,0,0,0,139.009,0,-67.8758,0
"MtrElec",10,5,22,"",70.87,0,0,0,0,0,0,0,0,0,0,0,0,0,0,0,0,0,0,0,0,95.8013,0,-24.9313,0
"MtrElec",10,5,23,"",107.8,0,0,0,0,0,0,0,0,0,0,0,0,0,0,0,0,0,0,0,0,107.8,0,0,0
"MtrElec",10,5,24,"",74.3785,0,0,0,0,0,0,0,0,0,0,0,0,0,0,0,0,0,0,0,0,74.3785,0,0,0
"MtrElec",10,6,1,"",70.0161,0,0,0,0,0,0,0,0,0,0,0,0,0,0,0,0,0,0,0,0,70.0161,0,0,0
"MtrElec",10,6,2,"",51.7338,0,0,0,0,0,0,0,0,0,0,0,0,0,0,0,0,0,0,0,0,51.7338,0,0,0
"MtrElec",10,6,3,"",55.767,0,0,0,0,0,0,0,0,0,0,0,0,0,0,0,0,0,0,0,0,55.767,0,0,0
"MtrElec",10,6,4,"",74.1861,0,0,0,0,0,0,0,0,0,0,0,0,0,0,0,0,0,0,0,0,74.1861,0,0,0
"MtrElec",10,6,5,"",55.9618,0,0,0,0,0,0,0,0,0,0,0,0,0,0,0,0,0,0,0,0,55.9618,0,0,0
"MtrElec",10,6,6,"",52.3828,0,0,0,0,0,0,0,0,0,0,0,0,0,0,0,0,0,0,0,0,52.3828,0,0,0
"MtrElec",10,6,7,"",87.6551,0,0,0,0,0,0,0,0,0,0,0,0,0,0,0,0,0,0,0,0,87.6551,0,0,0
"MtrElec",10,6,8,"",103.237,0,0,0,0,0,0,0,0,0,0,0,0,0,0,0,0,0,0,0,0,115.057,0,0,-11.8192
"MtrElec",10,6,9,"",56.6419,0,0,0,0,0,0,0,0,0,0,0,0,0,0,0,0,0,0,0,0,107.405,0,0,-50.763
"MtrElec",10,6,10,"",19.3415,0,0,0,0,0,0,0,0,0,0,0,0,0,0,0,0,0,0,0,0,98.0161,0,0,-78.6746
"MtrElec",10,6,11,"",0.0000010,0,0,0,0,0,0,0,0,0,0,0,0,0,0,0,0,0,0,0,0,113.746,0,15.3353,-129.082
"MtrElec",10,6,12,"",0.0000039,0,0,0,0,0,0,0,0,0,0,0,0,0,0,0,0,0,0,0,0,106.078,0,52.5902,-158.669
"MtrElec",10,6,13,"",0.0000039,0,0,0,0,0,0,0,0,0,0,0,0,0,0,0,0,0,0,0,0,107.916,0,54.1541,-162.07
"MtrElec",10,6,14,"",0.0000039,0,0,0,0,0,0,0,0,0,0,0,0,0,0,0,0,0,0,0,0,84.2178,0,60.5494,-144.767
"MtrElec",10,6,15,"",0,0,0,0,0,0,0,0,0,0,0,0,0,0,0,0,0,0,0,0,0,125.955,0,11.799,-137.754
"MtrElec",10,6,16,"",6.35455,0,0,0,0,0,0,0,0,0,0,0,0,0,0,0,0,0,0,0,0,105.417,0,0,-99.0628
"MtrElec",10,6,17,"",72.1888,0,0,0,0,0,0,0,0,0,0,0,0,0,0,0,0,0,0,0,0,137.083,0,0,-64.8943
"MtrElec",10,6,18,"",93.8067,0,0,0,0,0,0,0,0,0,0,0,0,0,0,0,0,0,0,0,0,123.832,0,0,-30.0256
"MtrElec",10,6,19,"",89.5145,0,0,0,0,0,0,0,0,0,0,0,0,0,0,0,0,0,0,0,0,158.492,0,-67.8758,-1.10128
"MtrElec",10,6,20,"",51.6955,0,0,0,0,0,0,0,0,0,0,0,0,0,0,0,0,0,0,0,0,119.571,0,-67.8758,0
"MtrElec",10,6,21,"",100.913,0,0,0,0,0,0,0,0,0,0,0,0,0,0,0,0,0,0,0,0,140.633,0,-39.7197,0
"MtrElec",10,6,22,"",107.351,0,0,0,0,0,0,0,0,0,0,0,0,0,0,0,0,0,0,0,0,107.351,0,0,0
"MtrElec",10,6,23,"",134.585,0,0,0,0,0,0,0,0,0,0,0,0,0,0,0,0,0,0,0,0,134.585,0,0,0
"MtrElec",10,6,24,"",95.3072,0,0,0,0,0,0,0,0,0,0,0,0,0,0,0,0,0,0,0,0,95.3072,0,0,0
"MtrElec",10,7,1,"",57.4215,0,0,0,0,0,0,0,0,0,0,0,0,0,0,0,0,0,0,0,0,57.4215,0,0,0
"MtrElec",10,7,2,"",52.8749,0,0,0,0,0,0,0,0,0,0,0,0,0,0,0,0,0,0,0,0,52.8749,0,0,0
"MtrElec",10,7,3,"",49.9769,0,0,0,0,0,0,0,0,0,0,0,0,0,0,0,0,0,0,0,0,49.9769,0,0,0
"MtrElec",10,7,4,"",48.838,0,0,0,0,0,0,0,0,0,0,0,0,0,0,0,0,0,0,0,0,48.838,0,0,0
"MtrElec",10,7,5,"",47.7611,0,0,0,0,0,0,0,0,0,0,0,0,0,0,0,0,0,0,0,0,47.7611,0,0,0
"MtrElec",10,7,6,"",53.7538,0,0,0,0,0,0,0,0,0,0,0,0,0,0,0,0,0,0,0,0,53.7538,0,0,0
"MtrElec",10,7,7,"",80.5023,0,0,0,0,0,0,0,0,0,0,0,0,0,0,0,0,0,0,0,0,80.5023,0,0,0
"MtrElec",10,7,8,"",46.8725,0,0,0,0,0,0,0,0,0,0,0,0,0,0,0,0,0,0,0,0,70.5221,0,0,-23.6496
"MtrElec",10,7,9,"",33.245,0,0,0,0,0,0,0,0,0,0,0,0,0,0,0,0,0,0,0,0,108.04,0,0,-74.7946
"MtrElec",10,7,10,"",0,0,0,0,0,0,0,0,0,0,0,0,0,0,0,0,0,0,0,0,0,116,0,5.95827,-121.958
"MtrElec",10,7,11,"",0.0000039,0,0,0,0,0,0,0,0,0,0,0,0,0,0,0,0,0,0,0,0,93.1511,0,62.2792,-155.43
"MtrElec",10,7,12,"",0,0,0,0,0,0,0,0,0,0,0,0,0,0,0,0,0,0,0,0,0,112.903,0,65.359,-178.262
"MtrElec",10,7,13,"",-1.3103,0,0,0,0,0,0,0,0,0,0,0,0,0,0,0,0,0,0,0,0,116.482,0,67.8758,-185.668
"MtrElec",10,7,14,"",-22.7951,0,0,0,0,0,0,0,0,0,0,0,0,0,0,0,0,0,0,0,0,106.258,0,51.7784,-180.831
"MtrElec",10,7,15,"",-51.7032,0,0,0,0,0,0,0,0,0,0,0,0,0,0,0,0,0,0,0,0,114.34,0,0,-166.043
"MtrElec",10,7,16,"",17.29,0,0,0,0,0,0,0,0,0,0,0,0,0,0,0,0,0,0,0,0,152.17,0,0,-134.88
"MtrElec",10,7,17,"",53.9101,0,0,0,0,0,0,0,0,0,0,0,0,0,0,0,0,0,0,0,0,142.46,0,0,-88.5495
"MtrElec",10,7,18,"",109.005,0,0,0,0,0,0,0,0,0,0,0,0,0,0,0,0,0,0,0,0,143.72,0,0,-34.7148
"MtrElec",10,7,19,"",73.5628,0,0,0,0,0,0,0,0,0,0,0,0,0,0,0,0,0,0,0,0,142.573,0,-67.8758,-1.13459
"MtrElec",10,7,20,"",112.199,0,0,0,0,0,0,0,0,0,0,0,0,0,0,0,0,0,0,0,0,180.074,0,-67.8758,0
"MtrElec",10,7,21,"",78.1683,0,0,0,0,0,0,0,0,0,0,0,0,0,0,0,0,0,0,0,0,146.044,0,-67.8758,0
"MtrElec",10,7,22,"",85.5057,0,0,0,0,0,0,0,0,0,0,0,0,0,0,0,0,0,0,0,0,110.437,0,-24.9313,0
"MtrElec",10,7,23,"",108.389,0,0,0,0,0,0,0,0,0,0,0,0,0,0,0,0,0,0,0,0,108.389,0,0,0
"MtrElec",10,7,24,"",85.0875,0,0,0,0,0,0,0,0,0,0,0,0,0,0,0,0,0,0,0,0,85.0875,0,0,0
"MtrElec",10,8,1,"",64.4188,0,0,0,0,0,0,0,0,0,0,0,0,0,0,0,0,0,0,0,0,64.4188,0,0,0
"MtrElec",10,8,2,"",53.9841,0,0,0,0,0,0,0,0,0,0,0,0,0,0,0,0,0,0,0,0,53.9841,0,0,0
"MtrElec",10,8,3,"",50.0639,0,0,0,0,0,0,0,0,0,0,0,0,0,0,0,0,0,0,0,0,50.0639,0,0,0
"MtrElec",10,8,4,"",48.3889,0,0,0,0,0,0,0,0,0,0,0,0,0,0,0,0,0,0,0,0,48.3889,0,0,0
"MtrElec",10,8,5,"",47.5386,0,0,0,0,0,0,0,0,0,0,0,0,0,0,0,0,0,0,0,0,47.5386,0,0,0
"MtrElec",10,8,6,"",53.4669,0,0,0,0,0,0,0,0,0,0,0,0,0,0,0,0,0,0,0,0,53.4669,0,0,0
"MtrElec",10,8,7,"",101.026,0,0,0,0,0,0,0,0,0,0,0,0,0,0,0,0,0,0,0,0,101.026,0,0,0
"MtrElec",10,8,8,"",55.9537,0,0,0,0,0,0,0,0,0,0,0,0,0,0,0,0,0,0,0,0,71.3072,0,0,-15.3535
"MtrElec",10,8,9,"",45.9426,0,0,0,0,0,0,0,0,0,0,0,0,0,0,0,0,0,0,0,0,89.1913,0,0,-43.2487
"MtrElec",10,8,10,"",61.3814,0,0,0,0,0,0,0,0,0,0,0,0,0,0,0,0,0,0,0,0,100.148,0,0,-38.7666
"MtrElec",10,8,11,"",0.0000020,0,0,0,0,0,0,0,0,0,0,0,0,0,0,0,0,0,0,0,0,115.459,0,30.2444,-145.704
"MtrElec",10,8,12,"",-19.9858,0,0,0,0,0,0,0,0,0,0,0,0,0,0,0,0,0,0,0,0,92.8846,0,67.8758,-180.746
"MtrElec",10,8,13,"",-15.7772,0,0,0,0,0,0,0,0,0,0,0,0,0,0,0,0,0,0,0,0,107.007,0,67.8758,-190.66
"MtrElec",10,8,14,"",-41.9579,0,0,0,0,0,0,0,0,0,0,0,0,0,0,0,0,0,0,0,0,75.9607,0,67.8758,-185.794
"MtrElec",10,8,15,"",-56.5322,0,0,0,0,0,0,0,0,0,0,0,0,0,0,0,0,0,0,0,0,91.1772,0,19.3788,-167.088
"MtrElec",10,8,16,"",-5.22368,0,0,0,0,0,0,0,0,0,0,0,0,0,0,0,0,0,0,0,0,129.919,0,0,-135.143
"MtrElec",10,8,17,"",43.3799,0,0,0,0,0,0,0,0,0,0,0,0,0,0,0,0,0,0,0,0,132.763,0,0,-89.3827
"MtrElec",10,8,18,"",91.409,0,0,0,0,0,0,0,0,0,0,0,0,0,0,0,0,0,0,0,0,126.304,0,0,-34.8951
"MtrElec",10,8,19,"",74.6836,0,0,0,0,0,0,0,0,0,0,0,0,0,0,0,0,0,0,0,0,143.518,0,-67.8758,-0.958359
"MtrElec",10,8,20,"",57.3723,0,0,0,0,0,0,0,0,0,0,0,0,0,0,0,0,0,0,0,0,125.248,0,-67.8758,0
"MtrElec",10,8,21,"",68.446,0,0,0,0,0,0,0,0,0,0,0,0,0,0,0,0,0,0,0,0,136.322,0,-67.8758,0
"MtrElec",10,8,22,"",68.5719,0,0,0,0,0,0,0,0,0,0,0,0,0,0,0,0,0,0,0,0,93.5032,0,-24.9313,0
"MtrElec",10,8,23,"",100.838,0,0,0,0,0,0,0,0,0,0,0,0,0,0,0,0,0,0,0,0,100.838,0,0,0
"MtrElec",10,8,24,"",68.1418,0,0,0,0,0,0,0,0,0,0,0,0,0,0,0,0,0,0,0,0,68.1418,0,0,0
"MtrElec",10,9,1,"",53.9582,0,0,0,0,0,0,0,0,0,0,0,0,0,0,0,0,0,0,0,0,53.9582,0,0,0
"MtrElec",10,9,2,"",50.209,0,0,0,0,0,0,0,0,0,0,0,0,0,0,0,0,0,0,0,0,50.209,0,0,0
"MtrElec",10,9,3,"",48.3476,0,0,0,0,0,0,0,0,0,0,0,0,0,0,0,0,0,0,0,0,48.3476,0,0,0
"MtrElec",10,9,4,"",48.0146,0,0,0,0,0,0,0,0,0,0,0,0,0,0,0,0,0,0,0,0,48.0146,0,0,0
"MtrElec",10,9,5,"",47.5993,0,0,0,0,0,0,0,0,0,0,0,0,0,0,0,0,0,0,0,0,47.5993,0,0,0
"MtrElec",10,9,6,"",54.784,0,0,0,0,0,0,0,0,0,0,0,0,0,0,0,0,0,0,0,0,54.784,0,0,0
"MtrElec",10,9,7,"",95.8897,0,0,0,0,0,0,0,0,0,0,0,0,0,0,0,0,0,0,0,0,95.8897,0,0,0
"MtrElec",10,9,8,"",62.0674,0,0,0,0,0,0,0,0,0,0,0,0,0,0,0,0,0,0,0,0,74.76,0,0,-12.6926
"MtrElec",10,9,9,"",45.6536,0,0,0,0,0,0,0,0,0,0,0,0,0,0,0,0,0,0,0,0,90.7483,0,0,-45.0947
"MtrElec",10,9,10,"",0,0,0,0,0,0,0,0,0,0,0,0,0,0,0,0,0,0,0,0,0,89.2066,0,15.5658,-104.772
"MtrElec",10,9,11,"",-5.88514,0,0,0,0,0,0,0,0,0,0,0,0,0,0,0,0,0,0,0,0,81.3567,0,67.8758,-155.118
"MtrElec",10,9,12,"",-22.7695,0,0,0,0,0,0,0,0,0,0,0,0,0,0,0,0,0,0,0,0,87.8793,0,67.8758,-178.525
"MtrElec",10,9,13,"",-44.2623,0,0,0,0,0,0,0,0,0,0,0,0,0,0,0,0,0,0,0,0,64.6109,0,67.8758,-176.749
"MtrElec",10,9,14,"",-19.7563,0,0,0,0,0,0,0,0,0,0,0,0,0,0,0,0,0,0,0,0,87.6395,0,34.0574,-141.453
"MtrElec",10,9,15,"",-71.219,0,0,0,0,0,0,0,0,0,0,0,0,0,0,0,0,0,0,0,0,93.9427,0,0,-165.162
"MtrElec",10,9,16,"",-17.3796,0,0,0,0,0,0,0,0,0,0,0,0,0,0,0,0,0,0,0,0,98.2379,0,0,-115.617
"MtrElec",10,9,17,"",31.7179,0,0,0,0,0,0,0,0,0,0,0,0,0,0,0,0,0,0,0,0,118.579,0,0,-86.8608
"MtrElec",10,9,18,"",114.68,0,0,0,0,0,0,0,0,0,0,0,0,0,0,0,0,0,0,0,0,147.419,0,0,-32.739
"MtrElec",10,9,19,"",58.8175,0,0,0,0,0,0,0,0,0,0,0,0,0,0,0,0,0,0,0,0,127.363,0,-67.8758,-0.669947
"MtrElec",10,9,20,"",99.5259,0,0,0,0,0,0,0,0,0,0,0,0,0,0,0,0,0,0,0,0,167.402,0,-67.8758,0
"MtrElec",10,9,21,"",112.344,0,0,0,0,0,0,0,0,0,0,0,0,0,0,0,0,0,0,0,0,180.219,0,-67.8758,0
"MtrElec",10,9,22,"",83.5406,0,0,0,0,0,0,0,0,0,0,0,0,0,0,0,0,0,0,0,0,108.472,0,-24.9313,0
"MtrElec",10,9,23,"",136.143,0,0,0,0,0,0,0,0,0,0,0,0,0,0,0,0,0,0,0,0,136.143,0,0,0
"MtrElec",10,9,24,"",88.081,0,0,0,0,0,0,0,0,0,0,0,0,0,0,0,0,0,0,0,0,88.081,0,0,0
"MtrElec",10,10,1,"",55.1204,0,0,0,0,0,0,0,0,0,0,0,0,0,0,0,0,0,0,0,0,55.1204,0,0,0
"MtrElec",10,10,2,"",51.8744,0,0,0,0,0,0,0,0,0,0,0,0,0,0,0,0,0,0,0,0,51.8744,0,0,0
"MtrElec",10,10,3,"",49.2781,0,0,0,0,0,0,0,0,0,0,0,0,0,0,0,0,0,0,0,0,49.2781,0,0,0
"MtrElec",10,10,4,"",53.0966,0,0,0,0,0,0,0,0,0,0,0,0,0,0,0,0,0,0,0,0,53.0966,0,0,0
"MtrElec",10,10,5,"",78.6061,0,0,0,0,0,0,0,0,0,0,0,0,0,0,0,0,0,0,0,0,78.6061,0,0,0
"MtrElec",10,10,6,"",50.6822,0,0,0,0,0,0,0,0,0,0,0,0,0,0,0,0,0,0,0,0,50.6822,0,0,0
"MtrElec",10,10,7,"",60.7354,0,0,0,0,0,0,0,0,0,0,0,0,0,0,0,0,0,0,0,0,60.7354,0,0,0
"MtrElec",10,10,8,"",59.0497,0,0,0,0,0,0,0,0,0,0,0,0,0,0,0,0,0,0,0,0,84.8596,0,0,-25.8099
"MtrElec",10,10,9,"",13.4204,0,0,0,0,0,0,0,0,0,0,0,0,0,0,0,0,0,0,0,0,84.7954,0,0,-71.375
"MtrElec",10,10,10,"",46.3782,0,0,0,0,0,0,0,0,0,0,0,0,0,0,0,0,0,0,0,0,113.81,0,0,-67.4317
"MtrElec",10,10,11,"",10.0345,0,0,0,0,0,0,0,0,0,0,0,0,0,0,0,0,0,0,0,0,113.985,0,0,-103.95
"MtrElec",10,10,12,"",0.0000039,0,0,0,0,0,0,0,0,0,0,0,0,0,0,0,0,0,0,0,0,112.812,0,63.074,-175.886
"MtrElec",10,10,13,"",-10.9779,0,0,0,0,0,0,0,0,0,0,0,0,0,0,0,0,0,0,0,0,114.802,0,67.8758,-193.656
"MtrElec",10,10,14,"",-30.1928,0,0,0,0,0,0,0,0,0,0,0,0,0,0,0,0,0,0,0,0,89.7986,0,67.8758,-187.867
"MtrElec",10,10,15,"",0.0000020,0,0,0,0,0,0,0,0,0,0,0,0,0,0,0,0,0,0,0,0,136.6,0,32.603,-169.203
"MtrElec",10,10,16,"",-9.50253,0,0,0,0,0,0,0,0,0,0,0,0,0,0,0,0,0,0,0,0,107.55,0,21.822,-138.875
"MtrElec",10,10,17,"",32.7145,0,0,0,0,0,0,0,0,0,0,0,0,0,0,0,0,0,0,0,0,124.769,0,0,-92.0548
"MtrElec",10,10,18,"",107.549,0,0,0,0,0,0,0,0,0,0,0,0,0,0,0,0,0,0,0,0,142.6,0,0,-35.0513
"MtrElec",10,10,19,"",106.318,0,0,0,0,0,0,0,0,0,0,0,0,0,0,0,0,0,0,0,0,174.983,0,-67.8758,-0.789687
"MtrElec",10,10,20,"",86.5805,0,0,0,0,0,0,0,0,0,0,0,0,0,0,0,0,0,0,0,0,154.456,0,-67.8758,0
"MtrElec",10,10,21,"",97.2609,0,0,0,0,0,0,0,0,0,0,0,0,0,0,0,0,0,0,0,0,165.137,0,-67.8758,0
"MtrElec",10,10,22,"",125.605,0,0,0,0,0,0,0,0,0,0,0,0,0,0,0,0,0,0,0,0,150.536,0,-24.9313,0
"MtrElec",10,10,23,"",71.0865,0,0,0,0,0,0,0,0,0,0,0,0,0,0,0,0,0,0,0,0,71.0865,0,0,0
"MtrElec",10,10,24,"",77.5525,0,0,0,0,0,0,0,0,0,0,0,0,0,0,0,0,0,0,0,0,77.5525,0,0,0
"MtrElec",10,11,1,"",53.3447,0,0,0,0,0,0,0,0,0,0,0,0,0,0,0,0,0,0,0,0,53.3447,0,0,0
"MtrElec",10,11,2,"",49.9718,0,0,0,0,0,0,0,0,0,0,0,0,0,0,0,0,0,0,0,0,49.9718,0,0,0
"MtrElec",10,11,3,"",67.733,0,0,0,0,0,0,0,0,0,0,0,0,0,0,0,0,0,0,0,0,67.733,0,0,0
"MtrElec",10,11,4,"",50.3291,0,0,0,0,0,0,0,0,0,0,0,0,0,0,0,0,0,0,0,0,50.3291,0,0,0
"MtrElec",10,11,5,"",61.7277,0,0,0,0,0,0,0,0,0,0,0,0,0,0,0,0,0,0,0,0,61.7277,0,0,0
"MtrElec",10,11,6,"",49.4365,0,0,0,0,0,0,0,0,0,0,0,0,0,0,0,0,0,0,0,0,49.4365,0,0,0
"MtrElec",10,11,7,"",55.5827,0,0,0,0,0,0,0,0,0,0,0,0,0,0,0,0,0,0,0,0,55.5827,0,0,0
"MtrElec",10,11,8,"",76.5177,0,0,0,0,0,0,0,0,0,0,0,0,0,0,0,0,0,0,0,0,96.4455,0,0,-19.9278
"MtrElec",10,11,9,"",21.1461,0,0,0,0,0,0,0,0,0,0,0,0,0,0,0,0,0,0,0,0,82.4796,0,0,-61.3335
"MtrElec",10,11,10,"",64.22,0,0,0,0,0,0,0,0,0,0,0,0,0,0,0,0,0,0,0,0,127.344,0,0,-63.1244
"MtrElec",10,11,11,"",86.8115,0,0,0,0,0,0,0,0,0,0,0,0,0,0,0,0,0,0,0,0,102.285,0,0,-15.4732
"MtrElec",10,11,12,"",114.026,0,0,0,0,0,0,0,0,0,0,0,0,0,0,0,0,0,0,0,0,121.662,0,0,-7.63544
"MtrElec",10,11,13,"",71.2197,0,0,0,0,0,0,0,0,0,0,0,0,0,0,0,0,0,0,0,0,101.139,0,0,-29.9189
"MtrElec",10,11,14,"",0,0,0,0,0,0,0,0,0,0,0,0,0,0,0,0,0,0,0,0,0,108.984,0,16.678,-125.662
"MtrElec",10,11,15,"",-6.92754,0,0,0,0,0,0,0,0,0,0,0,0,0,0,0,0,0,0,0,0,88.2881,0,67.8758,-163.091
"MtrElec",10,11,16,"",0.0000020,0,0,0,0,0,0,0,0,0,0,0,0,0,0,0,0,0,0,0,0,70.2816,0,23.9957,-94.2773
"MtrElec",10,11,17,"",75.9545,0,0,0,0,0,0,0,0,0,0,0,0,0,0,0,0,0,0,0,0,81.8313,0,0,-5.87681
"MtrElec",10,11,18,"",87.851,0,0,0,0,0,0,0,0,0,0,0,0,0,0,0,0,0,0,0,0,88.587,0,0,-0.736035
"MtrElec",10,11,19,"",79.2673,0,0,0,0,0,0,0,0,0,0,0,0,0,0,0,0,0,0,0,0,147.143,0,-67.8758,0
"MtrElec",10,11,20,"",79.1877,0,0,0,0,0,0,0,0,0,0,0,0,0,0,0,0,0,0,0,0,109.278,0,-30.0901,0
"MtrElec",10,11,21,"",117.111,0,0,0,0,0,0,0,0,0,0,0,0,0,0,0,0,0,0,0,0,117.111,0,0,0
"MtrElec",10,11,22,"",127.435,0,0,0,0,0,0,0,0,0,0,0,0,0,0,0,0,0,0,0,0,127.435,0,0,0
"MtrElec",10,11,23,"",74.099,0,0,0,0,0,0,0,0,0,0,0,0,0,0,0,0,0,0,0,0,74.099,0,0,0
"MtrElec",10,11,24,"",73.9315,0,0,0,0,0,0,0,0,0,0,0,0,0,0,0,0,0,0,0,0,73.9315,0,0,0
"MtrElec",10,12,1,"",51.0896,0,0,0,0,0,0,0,0,0,0,0,0,0,0,0,0,0,0,0,0,51.0896,0,0,0
"MtrElec",10,12,2,"",48.4186,0,0,0,0,0,0,0,0,0,0,0,0,0,0,0,0,0,0,0,0,48.4186,0,0,0
"MtrElec",10,12,3,"",49.9101,0,0,0,0,0,0,0,0,0,0,0,0,0,0,0,0,0,0,0,0,49.9101,0,0,0
"MtrElec",10,12,4,"",69.7783,0,0,0,0,0,0,0,0,0,0,0,0,0,0,0,0,0,0,0,0,69.7783,0,0,0
"MtrElec",10,12,5,"",50.6836,0,0,0,0,0,0,0,0,0,0,0,0,0,0,0,0,0,0,0,0,50.6836,0,0,0
"MtrElec",10,12,6,"",50.9108,0,0,0,0,0,0,0,0,0,0,0,0,0,0,0,0,0,0,0,0,50.9108,0,0,0
"MtrElec",10,12,7,"",90.3869,0,0,0,0,0,0,0,0,0,0,0,0,0,0,0,0,0,0,0,0,90.3869,0,0,0
"MtrElec",10,12,8,"",80.2182,0,0,0,0,0,0,0,0,0,0,0,0,0,0,0,0,0,0,0,0,103.891,0,0,-23.673
"MtrElec",10,12,9,"",33.7348,0,0,0,0,0,0,0,0,0,0,0,0,0,0,0,0,0,0,0,0,88.9241,0,0,-55.1893
"MtrElec",10,12,10,"",6.64139,0,0,0,0,0,0,0,0,0,0,0,0,0,0,0,0,0,0,0,0,116.244,0,0,-109.603
"MtrElec",10,12,11,"",33.0756,0,0,0,0,0,0,0,0,0,0,0,0,0,0,0,0,0,0,0,0,103.679,0,0,-70.6033
"MtrElec",10,12,12,"",45.5018,0,0,0,0,0,0,0,0,0,0,0,0,0,0,0,0,0,0,0,0,105.148,0,0,-59.6468
"MtrElec",10,12,13,"",29.8707,0,0,0,0,0,0,0,0,0,0,0,0,0,0,0,0,0,0,0,0,122.622,0,0,-92.751
"MtrElec",10,12,14,"",0,0,0,0,0,0,0,0,0,0,0,0,0,0,0,0,0,0,0,0,0,57.313,0,43.3695,-100.683
"MtrElec",10,12,15,"",0.0000039,0,0,0,0,0,0,0,0,0,0,0,0,0,0,0,0,0,0,0,0,55.7786,0,65.905,-121.684
"MtrElec",10,12,16,"",17.9123,0,0,0,0,0,0,0,0,0,0,0,0,0,0,0,0,0,0,0,0,81.8712,0,0,-63.9589
"MtrElec",10,12,17,"",53.1561,0,0,0,0,0,0,0,0,0,0,0,0,0,0,0,0,0,0,0,0,74.7511,0,0,-21.595
"MtrElec",10,12,18,"",105.58,0,0,0,0,0,0,0,0,0,0,0,0,0,0,0,0,0,0,0,0,109.749,0,0,-4.16942
"MtrElec",10,12,19,"",46.556,0,0,0,0,0,0,0,0,0,0,0,0,0,0,0,0,0,0,0,0,114.59,0,-67.8758,-0.157779
"MtrElec",10,12,20,"",92.3208,0,0,0,0,0,0,0,0,0,0,0,0,0,0,0,0,0,0,0,0,123.065,0,-30.7445,0
"MtrElec",10,12,21,"",148.93,0,0,0,0,0,0,0,0,0,0,0,0,0,0,0,0,0,0,0,0,148.93,0,0,0
"MtrElec",10,12,22,"",96.368,0,0,0,0,0,0,0,0,0,0,0,0,0,0,0,0,0,0,0,0,96.368,0,0,0
"MtrElec",10,12,23,"",118.506,0,0,0,0,0,0,0,0,0,0,0,0,0,0,0,0,0,0,0,0,118.506,0,0,0
"MtrElec",10,12,24,"",84.2563,0,0,0,0,0,0,0,0,0,0,0,0,0,0,0,0,0,0,0,0,84.2563,0,0,0
"MtrElec",10,13,1,"",73.5521,0,0,0,0,0,0,0,0,0,0,0,0,0,0,0,0,0,0,0,0,73.5521,0,0,0
"MtrElec",10,13,2,"",48.4684,0,0,0,0,0,0,0,0,0,0,0,0,0,0,0,0,0,0,0,0,48.4684,0,0,0
"MtrElec",10,13,3,"",47.0766,0,0,0,0,0,0,0,0,0,0,0,0,0,0,0,0,0,0,0,0,47.0766,0,0,0
"MtrElec",10,13,4,"",47.0306,0,0,0,0,0,0,0,0,0,0,0,0,0,0,0,0,0,0,0,0,47.0306,0,0,0
"MtrElec",10,13,5,"",46.4805,0,0,0,0,0,0,0,0,0,0,0,0,0,0,0,0,0,0,0,0,46.4805,0,0,0
"MtrElec",10,13,6,"",53.9783,0,0,0,0,0,0,0,0,0,0,0,0,0,0,0,0,0,0,0,0,53.9783,0,0,0
"MtrElec",10,13,7,"",86.4643,0,0,0,0,0,0,0,0,0,0,0,0,0,0,0,0,0,0,0,0,86.4643,0,0,0
"MtrElec",10,13,8,"",60.702,0,0,0,0,0,0,0,0,0,0,0,0,0,0,0,0,0,0,0,0,83.0225,0,0,-22.3205
"MtrElec",10,13,9,"",5.8678,0,0,0,0,0,0,0,0,0,0,0,0,0,0,0,0,0,0,0,0,78.1189,0,0,-72.2511
"MtrElec",10,13,10,"",0,0,0,0,0,0,0,0,0,0,0,0,0,0,0,0,0,0,0,0,0,83.0808,0,36.2621,-119.343
"MtrElec",10,13,11,"",0,0,0,0,0,0,0,0,0,0,0,0,0,0,0,0,0,0,0,0,0,94.5913,0,61.9189,-156.51
"MtrElec",10,13,12,"",-34.139,0,0,0,0,0,0,0,0,0,0,0,0,0,0,0,0,0,0,0,0,77.6978,0,67.8758,-179.713
"MtrElec",10,13,13,"",-34.3604,0,0,0,0,0,0,0,0,0,0,0,0,0,0,0,0,0,0,0,0,84.8541,0,67.8758,-187.09
"MtrElec",10,13,14,"",-106.896,0,0,0,0,0,0,0,0,0,0,0,0,0,0,0,0,0,0,0,0,56.0673,0,19.3181,-182.281
"MtrElec",10,13,15,"",-98.7425,0,0,0,0,0,0,0,0,0,0,0,0,0,0,0,0,0,0,0,0,60.8811,0,0,-159.624
"MtrElec",10,13,16,"",-12.2769,0,0,0,0,0,0,0,0,0,0,0,0,0,0,0,0,0,0,0,0,92.0882,0,0,-104.365
"MtrElec",10,13,17,"",14.2902,0,0,0,0,0,0,0,0,0,0,0,0,0,0,0,0,0,0,0,0,91.4958,0,0,-77.2057
"MtrElec",10,13,18,"",77.1431,0,0,0,0,0,0,0,0,0,0,0,0,0,0,0,0,0,0,0,0,103.381,0,0,-26.2379
"MtrElec",10,13,19,"",87.9199,0,0,0,0,0,0,0,0,0,0,0,0,0,0,0,0,0,0,0,0,155.839,0,-67.8758,-0.0433016
"MtrElec",10,13,20,"",42.3773,0,0,0,0,0,0,0,0,0,0,0,0,0,0,0,0,0,0,0,0,110.253,0,-67.8758,0
"MtrElec",10,13,21,"",53.0805,0,0,0,0,0,0,0,0,0,0,0,0,0,0,0,0,0,0,0,0,120.956,0,-67.8758,0
"MtrElec",10,13,22,"",74.9543,0,0,0,0,0,0,0,0,0,0,0,0,0,0,0,0,0,0,0,0,99.8856,0,-24.9313,0
"MtrElec",10,13,23,"",77.9937,0,0,0,0,0,0,0,0,0,0,0,0,0,0,0,0,0,0,0,0,77.9937,0,0,0
"MtrElec",10,13,24,"",68.4639,0,0,0,0,0,0,0,0,0,0,0,0,0,0,0,0,0,0,0,0,68.4639,0,0,0
"MtrElec",10,14,1,"",52.2829,0,0,0,0,0,0,0,0,0,0,0,0,0,0,0,0,0,0,0,0,52.2829,0,0,0
"MtrElec",10,14,2,"",50.9719,0,0,0,0,0,0,0,0,0,0,0,0,0,0,0,0,0,0,0,0,50.9719,0,0,0
"MtrElec",10,14,3,"",48.1951,0,0,0,0,0,0,0,0,0,0,0,0,0,0,0,0,0,0,0,0,48.1951,0,0,0
"MtrElec",10,14,4,"",47.2349,0,0,0,0,0,0,0,0,0,0,0,0,0,0,0,0,0,0,0,0,47.2349,0,0,0
"MtrElec",10,14,5,"",65.4036,0,0,0,0,0,0,0,0,0,0,0,0,0,0,0,0,0,0,0,0,65.4036,0,0,0
"MtrElec",10,14,6,"",51.2756,0,0,0,0,0,0,0,0,0,0,0,0,0,0,0,0,0,0,0,0,51.2756,0,0,0
"MtrElec",10,14,7,"",62.8055,0,0,0,0,0,0,0,0,0,0,0,0,0,0,0,0,0,0,0,0,62.8055,0,0,0
"MtrElec",10,14,8,"",72.8541,0,0,0,0,0,0,0,0,0,0,0,0,0,0,0,0,0,0,0,0,94.6855,0,0,-21.8314
"MtrElec",10,14,9,"",12.9188,0,0,0,0,0,0,0,0,0,0,0,0,0,0,0,0,0,0,0,0,85.2724,0,0,-72.3536
"MtrElec",10,14,10,"",0,0,0,0,0,0,0,0,0,0,0,0,0,0,0,0,0,0,0,0,0,119.771,0,0.846016,-120.617
"MtrElec",10,14,11,"",0,0,0,0,0,0,0,0,0,0,0,0,0,0,0,0,0,0,0,0,0,118.678,0,36.7877,-155.466
"MtrElec",10,14,12,"",-9.81755,0,0,0,0,0,0,0,0,0,0,0,0,0,0,0,0,0,0,0,0,99.512,0,67.8758,-177.205
"MtrElec",10,14,13,"",0.0000039,0,0,0,0,0,0,0,0,0,0,0,0,0,0,0,0,0,0,0,0,122.686,0,60.9984,-183.684
"MtrElec",10,14,14,"",0,0,0,0,0,0,0,0,0,0,0,0,0,0,0,0,0,0,0,0,0,105.941,0,67.013,-172.954
"MtrElec",10,14,15,"",-30.5098,0,0,0,0,0,0,0,0,0,0,0,0,0,0,0,0,0,0,0,0,107.907,0,19.7296,-158.146
"MtrElec",10,14,16,"",-1.51413,0,0,0,0,0,0,0,0,0,0,0,0,0,0,0,0,0,0,0,0,126.163,0,0,-127.677
"MtrElec",10,14,17,"",77.3904,0,0,0,0,0,0,0,0,0,0,0,0,0,0,0,0,0,0,0,0,159.838,0,0,-82.4479
"MtrElec",10,14,18,"",114.515,0,0,0,0,0,0,0,0,0,0,0,0,0,0,0,0,0,0,0,0,143.83,0,0,-29.3147
"MtrElec",10,14,19,"",97.9611,0,0,0,0,0,0,0,0,0,0,0,0,0,0,0,0,0,0,0,0,165.837,0,-67.8758,0
"MtrElec",10,14,20,"",66.2387,0,0,0,0,0,0,0,0,0,0,0,0,0,0,0,0,0,0,0,0,134.115,0,-67.8758,0
"MtrElec",10,14,21,"",77.1583,0,0,0,0,0,0,0,0,0,0,0,0,0,0,0,0,0,0,0,0,145.034,0,-67.8758,0
"MtrElec",10,14,22,"",83.8409,0,0,0,0,0,0,0,0,0,0,0,0,0,0,0,0,0,0,0,0,108.772,0,-24.9313,0
"MtrElec",10,14,23,"",112.531,0,0,0,0,0,0,0,0,0,0,0,0,0,0,0,0,0,0,0,0,112.531,0,0,0
"MtrElec",10,14,24,"",79.7301,0,0,0,0,0,0,0,0,0,0,0,0,0,0,0,0,0,0,0,0,79.7301,0,0,0
"MtrElec",10,15,1,"",63.5064,0,0,0,0,0,0,0,0,0,0,0,0,0,0,0,0,0,0,0,0,63.5064,0,0,0
"MtrElec",10,15,2,"",53.1311,0,0,0,0,0,0,0,0,0,0,0,0,0,0,0,0,0,0,0,0,53.1311,0,0,0
"MtrElec",10,15,3,"",50.2035,0,0,0,0,0,0,0,0,0,0,0,0,0,0,0,0,0,0,0,0,50.2035,0,0,0
"MtrElec",10,15,4,"",48.913,0,0,0,0,0,0,0,0,0,0,0,0,0,0,0,0,0,0,0,0,48.913,0,0,0
"MtrElec",10,15,5,"",47.8737,0,0,0,0,0,0,0,0,0,0,0,0,0,0,0,0,0,0,0,0,47.8737,0,0,0
"MtrElec",10,15,6,"",57.9549,0,0,0,0,0,0,0,0,0,0,0,0,0,0,0,0,0,0,0,0,57.9549,0,0,0
"MtrElec",10,15,7,"",87.6831,0,0,0,0,0,0,0,0,0,0,0,0,0,0,0,0,0,0,0,0,87.6831,0,0,0
"MtrElec",10,15,8,"",58.7267,0,0,0,0,0,0,0,0,0,0,0,0,0,0,0,0,0,0,0,0,80.7698,0,0,-22.0431
"MtrElec",10,15,9,"",43.4559,0,0,0,0,0,0,0,0,0,0,0,0,0,0,0,0,0,0,0,0,115.558,0,0,-72.102
"MtrElec",10,15,10,"",0,0,0,0,0,0,0,0,0,0,0,0,0,0,0,0,0,0,0,0,0,110.558,0,8.5264,-119.085
"MtrElec",10,15,11,"",0,0,0,0,0,0,0,0,0,0,0,0,0,0,0,0,0,0,0,0,0,113.138,0,38.0637,-151.202
"MtrElec",10,15,12,"",0.0000039,0,0,0,0,0,0,0,0,0,0,0,0,0,0,0,0,0,0,0,0,114.479,0,45.9414,-160.421
"MtrElec",10,15,13,"",0,0,0,0,0,0,0,0,0,0,0,0,0,0,0,0,0,0,0,0,0,107.565,0,58.5671,-166.132
"MtrElec",10,15,14,"",-0.21975,0,0,0,0,0,0,0,0,0,0,0,0,0,0,0,0,0,0,0,0,105.456,0,67.8758,-173.552
"MtrElec",10,15,15,"",-3.00889,0,0,0,0,0,0,0,0,0,0,0,0,0,0,0,0,0,0,0,0,121.83,0,34.2762,-159.115
"MtrElec",10,15,16,"",18.5818,0,0,0,0,0,0,0,0,0,0,0,0,0,0,0,0,0,0,0,0,147.203,0,0,-128.621
"MtrElec",10,15,17,"",72.3689,0,0,0,0,0,0,0,0,0,0,0,0,0,0,0,0,0,0,0,0,156.127,0,0,-83.7577
"MtrElec",10,15,18,"",113.376,0,0,0,0,0,0,0,0,0,0,0,0,0,0,0,0,0,0,0,0,142.016,0,0,-28.64
"MtrElec",10,15,19,"",89.126,0,0,0,0,0,0,0,0,0,0,0,0,0,0,0,0,0,0,0,0,157.002,0,-67.8758,0
"MtrElec",10,15,20,"",76.8754,0,0,0,0,0,0,0,0,0,0,0,0,0,0,0,0,0,0,0,0,144.751,0,-67.8758,0
"MtrElec",10,15,21,"",115.402,0,0,0,0,0,0,0,0,0,0,0,0,0,0,0,0,0,0,0,0,183.277,0,-67.8758,0
"MtrElec",10,15,22,"",73.3206,0,0,0,0,0,0,0,0,0,0,0,0,0,0,0,0,0,0,0,0,98.2519,0,-24.9313,0
"MtrElec",10,15,23,"",91.1963,0,0,0,0,0,0,0,0,0,0,0,0,0,0,0,0,0,0,0,0,91.1963,0,0,0
"MtrElec",10,15,24,"",89.9406,0,0,0,0,0,0,0,0,0,0,0,0,0,0,0,0,0,0,0,0,89.9406,0,0,0
"MtrElec",10,16,1,"",74.0322,0,0,0,0,0,0,0,0,0,0,0,0,0,0,0,0,0,0,0,0,74.0322,0,0,0
"MtrElec",10,16,2,"",54.4035,0,0,0,0,0,0,0,0,0,0,0,0,0,0,0,0,0,0,0,0,54.4035,0,0,0
"MtrElec",10,16,3,"",50.0503,0,0,0,0,0,0,0,0,0,0,0,0,0,0,0,0,0,0,0,0,50.0503,0,0,0
"MtrElec",10,16,4,"",48.6885,0,0,0,0,0,0,0,0,0,0,0,0,0,0,0,0,0,0,0,0,48.6885,0,0,0
"MtrElec",10,16,5,"",47.6877,0,0,0,0,0,0,0,0,0,0,0,0,0,0,0,0,0,0,0,0,47.6877,0,0,0
"MtrElec",10,16,6,"",60.1076,0,0,0,0,0,0,0,0,0,0,0,0,0,0,0,0,0,0,0,0,60.1076,0,0,0
"MtrElec",10,16,7,"",102.534,0,0,0,0,0,0,0,0,0,0,0,0,0,0,0,0,0,0,0,0,102.534,0,0,0
"MtrElec",10,16,8,"",79.499,0,0,0,0,0,0,0,0,0,0,0,0,0,0,0,0,0,0,0,0,100.534,0,0,-21.0353
"MtrElec",10,16,9,"",33.5582,0,0,0,0,0,0,0,0,0,0,0,0,0,0,0,0,0,0,0,0,106.911,0,0,-73.353
"MtrElec",10,16,10,"",5.18977,0,0,0,0,0,0,0,0,0,0,0,0,0,0,0,0,0,0,0,0,125.588,0,0,-120.398
"MtrElec",10,16,11,"",-0.364563,0,0,0,0,0,0,0,0,0,0,0,0,0,0,0,0,0,0,0,0,82.05,0,67.8758,-150.29
"MtrElec",10,16,12,"",-7.821,0,0,0,0,0,0,0,0,0,0,0,0,0,0,0,0,0,0,0,0,93.8888,0,67.8758,-169.586
"MtrElec",10,16,13,"",0,0,0,0,0,0,0,0,0,0,0,0,0,0,0,0,0,0,0,0,0,125.304,0,54.1007,-179.405
"MtrElec",10,16,14,"",0,0,0,0,0,0,0,0,0,0,0,0,0,0,0,0,0,0,0,0,0,130.086,0,46.2784,-176.365
"MtrElec",10,16,15,"",-10.2552,0,0,0,0,0,0,0,0,0,0,0,0,0,0,0,0,0,0,0,0,130.112,0,17.1199,-157.487
"MtrElec",10,16,16,"",7.13512,0,0,0,0,0,0,0,0,0,0,0,0,0,0,0,0,0,0,0,0,132.951,0,0,-125.816
"MtrElec",10,16,17,"",75.7451,0,0,0,0,0,0,0,0,0,0,0,0,0,0,0,0,0,0,0,0,156.901,0,0,-81.1557
"MtrElec",10,16,18,"",114.895,0,0,0,0,0,0,0,0,0,0,0,0,0,0,0,0,0,0,0,0,142.989,0,0,-28.0937
"MtrElec",10,16,19,"",87.538,0,0,0,0,0,0,0,0,0,0,0,0,0,0,0,0,0,0,0,0,155.414,0,-67.8758,0
"MtrElec",10,16,20,"",75.4276,0,0,0,0,0,0,0,0,0,0,0,0,0,0,0,0,0,0,0,0,143.303,0,-67.8758,0
"MtrElec",10,16,21,"",69.2496,0,0,0,0,0,0,0,0,0,0,0,0,0,0,0,0,0,0,0,0,137.125,0,-67.8758,0
"MtrElec",10,16,22,"",105.594,0,0,0,0,0,0,0,0,0,0,0,0,0,0,0,0,0,0,0,0,130.525,0,-24.9313,0
"MtrElec",10,16,23,"",126.069,0,0,0,0,0,0,0,0,0,0,0,0,0,0,0,0,0,0,0,0,126.069,0,0,0
"MtrElec",10,16,24,"",104.092,0,0,0,0,0,0,0,0,0,0,0,0,0,0,0,0,0,0,0,0,104.092,0,0,0
"MtrElec",10,17,1,"",59.0976,0,0,0,0,0,0,0,0,0,0,0,0,0,0,0,0,0,0,0,0,59.0976,0,0,0
"MtrElec",10,17,2,"",53.9118,0,0,0,0,0,0,0,0,0,0,0,0,0,0,0,0,0,0,0,0,53.9118,0,0,0
"MtrElec",10,17,3,"",71.962,0,0,0,0,0,0,0,0,0,0,0,0,0,0,0,0,0,0,0,0,71.962,0,0,0
"MtrElec",10,17,4,"",52.7718,0,0,0,0,0,0,0,0,0,0,0,0,0,0,0,0,0,0,0,0,52.7718,0,0,0
"MtrElec",10,17,5,"",56.1792,0,0,0,0,0,0,0,0,0,0,0,0,0,0,0,0,0,0,0,0,56.1792,0,0,0
"MtrElec",10,17,6,"",51.9672,0,0,0,0,0,0,0,0,0,0,0,0,0,0,0,0,0,0,0,0,51.9672,0,0,0
"MtrElec",10,17,7,"",58.0859,0,0,0,0,0,0,0,0,0,0,0,0,0,0,0,0,0,0,0,0,58.0859,0,0,0
"MtrElec",10,17,8,"",39.8755,0,0,0,0,0,0,0,0,0,0,0,0,0,0,0,0,0,0,0,0,60.4095,0,0,-20.534
"MtrElec",10,17,9,"",15.1664,0,0,0,0,0,0,0,0,0,0,0,0,0,0,0,0,0,0,0,0,87.0178,0,0,-71.8513
"MtrElec",10,17,10,"",0,0,0,0,0,0,0,0,0,0,0,0,0,0,0,0,0,0,0,0,0,90.506,0,26.6018,-117.108
"MtrElec",10,17,11,"",0,0,0,0,0,0,0,0,0,0,0,0,0,0,0,0,0,0,0,0,0,137.144,0,12.0696,-149.214
"MtrElec",10,17,12,"",0.0000010,0,0,0,0,0,0,0,0,0,0,0,0,0,0,0,0,0,0,0,0,159.426,0,12.1386,-171.564
"MtrElec",10,17,13,"",0,0,0,0,0,0,0,0,0,0,0,0,0,0,0,0,0,0,0,0,0,150.755,0,29.9193,-180.675
"MtrElec",10,17,14,"",0,0,0,0,0,0,0,0,0,0,0,0,0,0,0,0,0,0,0,0,0,148.001,0,23.1536,-171.154
"MtrElec",10,17,15,"",21.1887,0,0,0,0,0,0,0,0,0,0,0,0,0,0,0,0,0,0,0,0,170.724,0,0,-149.536
"MtrElec",10,17,16,"",24.8479,0,0,0,0,0,0,0,0,0,0,0,0,0,0,0,0,0,0,0,0,149.017,0,0,-124.169
"MtrElec",10,17,17,"",83.4022,0,0,0,0,0,0,0,0,0,0,0,0,0,0,0,0,0,0,0,0,163.428,0,0,-80.0253
"MtrElec",10,17,18,"",128.59,0,0,0,0,0,0,0,0,0,0,0,0,0,0,0,0,0,0,0,0,155.379,0,0,-26.7896
"MtrElec",10,17,19,"",131.431,0,0,0,0,0,0,0,0,0,0,0,0,0,0,0,0,0,0,0,0,199.307,0,-67.8758,0
"MtrElec",10,17,20,"",132.117,0,0,0,0,0,0,0,0,0,0,0,0,0,0,0,0,0,0,0,0,157.995,0,-25.8785,0
"MtrElec",10,17,21,"",170.028,0,0,0,0,0,0,0,0,0,0,0,0,0,0,0,0,0,0,0,0,170.028,0,0,0
"MtrElec",10,17,22,"",175.979,0,0,0,0,0,0,0,0,0,0,0,0,0,0,0,0,0,0,0,0,175.979,0,0,0
"MtrElec",10,17,23,"",95.5423,0,0,0,0,0,0,0,0,0,0,0,0,0,0,0,0,0,0,0,0,95.5423,0,0,0
"MtrElec",10,17,24,"",98.2287,0,0,0,0,0,0,0,0,0,0,0,0,0,0,0,0,0,0,0,0,98.2287,0,0,0
"MtrElec",10,18,1,"",87.2341,0,0,0,0,0,0,0,0,0,0,0,0,0,0,0,0,0,0,0,0,87.2341,0,0,0
"MtrElec",10,18,2,"",60.5348,0,0,0,0,0,0,0,0,0,0,0,0,0,0,0,0,0,0,0,0,60.5348,0,0,0
"MtrElec",10,18,3,"",59.85,0,0,0,0,0,0,0,0,0,0,0,0,0,0,0,0,0,0,0,0,59.85,0,0,0
"MtrElec",10,18,4,"",59.0205,0,0,0,0,0,0,0,0,0,0,0,0,0,0,0,0,0,0,0,0,59.0205,0,0,0
"MtrElec",10,18,5,"",68.0524,0,0,0,0,0,0,0,0,0,0,0,0,0,0,0,0,0,0,0,0,68.0524,0,0,0
"MtrElec",10,18,6,"",56.4078,0,0,0,0,0,0,0,0,0,0,0,0,0,0,0,0,0,0,0,0,56.4078,0,0,0
"MtrElec",10,18,7,"",63.4423,0,0,0,0,0,0,0,0,0,0,0,0,0,0,0,0,0,0,0,0,63.4423,0,0,0
"MtrElec",10,18,8,"",85.188,0,0,0,0,0,0,0,0,0,0,0,0,0,0,0,0,0,0,0,0,97.7827,0,0,-12.5947
"MtrElec",10,18,9,"",43.5039,0,0,0,0,0,0,0,0,0,0,0,0,0,0,0,0,0,0,0,0,84.3372,0,0,-40.8333
"MtrElec",10,18,10,"",32.2645,0,0,0,0,0,0,0,0,0,0,0,0,0,0,0,0,0,0,0,0,132.724,0,0,-100.46
"MtrElec",10,18,11,"",0,0,0,0,0,0,0,0,0,0,0,0,0,0,0,0,0,0,0,0,0,119.156,0,2.04809,-121.204
"MtrElec",10,18,12,"",0,0,0,0,0,0,0,0,0,0,0,0,0,0,0,0,0,0,0,0,0,129.895,0,30.0911,-159.986
"MtrElec",10,18,13,"",0.0000039,0,0,0,0,0,0,0,0,0,0,0,0,0,0,0,0,0,0,0,0,128.722,0,49.4105,-178.132
"MtrElec",10,18,14,"",-3.09568,0,0,0,0,0,0,0,0,0,0,0,0,0,0,0,0,0,0,0,0,108.156,0,67.8758,-179.127
"MtrElec",10,18,15,"",0,0,0,0,0,0,0,0,0,0,0,0,0,0,0,0,0,0,0,0,0,140.264,0,12.767,-153.031
"MtrElec",10,18,16,"",15.0359,0,0,0,0,0,0,0,0,0,0,0,0,0,0,0,0,0,0,0,0,115.452,0,0,-100.416
"MtrElec",10,18,17,"",75.2185,0,0,0,0,0,0,0,0,0,0,0,0,0,0,0,0,0,0,0,0,149.467,0,0,-74.2486
"MtrElec",10,18,18,"",96.8444,0,0,0,0,0,0,0,0,0,0,0,0,0,0,0,0,0,0,0,0,122.171,0,0,-25.3269
"MtrElec",10,18,19,"",103.06,0,0,0,0,0,0,0,0,0,0,0,0,0,0,0,0,0,0,0,0,170.936,0,-67.8758,0
"MtrElec",10,18,20,"",86.8023,0,0,0,0,0,0,0,0,0,0,0,0,0,0,0,0,0,0,0,0,154.678,0,-67.8758,0
"MtrElec",10,18,21,"",168.085,0,0,0,0,0,0,0,0,0,0,0,0,0,0,0,0,0,0,0,0,178.713,0,-10.6272,0
"MtrElec",10,18,22,"",162.421,0,0,0,0,0,0,0,0,0,0,0,0,0,0,0,0,0,0,0,0,162.421,0,0,0
"MtrElec",10,18,23,"",110.025,0,0,0,0,0,0,0,0,0,0,0,0,0,0,0,0,0,0,0,0,110.025,0,0,0
"MtrElec",10,18,24,"",75.3755,0,0,0,0,0,0,0,0,0,0,0,0,0,0,0,0,0,0,0,0,75.3755,0,0,0
"MtrElec",10,19,1,"",70.2611,0,0,0,0,0,0,0,0,0,0,0,0,0,0,0,0,0,0,0,0,70.2611,0,0,0
"MtrElec",10,19,2,"",51.7059,0,0,0,0,0,0,0,0,0,0,0,0,0,0,0,0,0,0,0,0,51.7059,0,0,0
"MtrElec",10,19,3,"",49.0669,0,0,0,0,0,0,0,0,0,0,0,0,0,0,0,0,0,0,0,0,49.0669,0,0,0
"MtrElec",10,19,4,"",48.363,0,0,0,0,0,0,0,0,0,0,0,0,0,0,0,0,0,0,0,0,48.363,0,0,0
"MtrElec",10,19,5,"",47.5246,0,0,0,0,0,0,0,0,0,0,0,0,0,0,0,0,0,0,0,0,47.5246,0,0,0
"MtrElec",10,19,6,"",60.6501,0,0,0,0,0,0,0,0,0,0,0,0,0,0,0,0,0,0,0,0,60.6501,0,0,0
"MtrElec",10,19,7,"",71.1629,0,0,0,0,0,0,0,0,0,0,0,0,0,0,0,0,0,0,0,0,71.1629,0,0,0
"MtrElec",10,19,8,"",82.1514,0,0,0,0,0,0,0,0,0,0,0,0,0,0,0,0,0,0,0,0,102.207,0,0,-20.0555
"MtrElec",10,19,9,"",67.5219,0,0,0,0,0,0,0,0,0,0,0,0,0,0,0,0,0,0,0,0,136.918,0,0,-69.396
"MtrElec",10,19,10,"",16.2653,0,0,0,0,0,0,0,0,0,0,0,0,0,0,0,0,0,0,0,0,134.208,0,0,-117.942
"MtrElec",10,19,11,"",0.0000039,0,0,0,0,0,0,0,0,0,0,0,0,0,0,0,0,0,0,0,0,111.88,0,41.1164,-152.996
"MtrElec",10,19,12,"",0,0,0,0,0,0,0,0,0,0,0,0,0,0,0,0,0,0,0,0,0,127.07,0,51.7548,-178.825
"MtrElec",10,19,13,"",-8.5126,0,0,0,0,0,0,0,0,0,0,0,0,0,0,0,0,0,0,0,0,111.217,0,67.8758,-187.606
"MtrElec",10,19,14,"",-14.5019,0,0,0,0,0,0,0,0,0,0,0,0,0,0,0,0,0,0,0,0,98.4996,0,67.8758,-180.877
"MtrElec",10,19,15,"",-15.7868,0,0,0,0,0,0,0,0,0,0,0,0,0,0,0,0,0,0,0,0,121.983,0,24.6278,-162.398
"MtrElec",10,19,16,"",-9.09137,0,0,0,0,0,0,0,0,0,0,0,0,0,0,0,0,0,0,0,0,119.551,0,0,-128.642
"MtrElec",10,19,17,"",72.4928,0,0,0,0,0,0,0,0,0,0,0,0,0,0,0,0,0,0,0,0,152.671,0,0,-80.1783
"MtrElec",10,19,18,"",157.799,0,0,0,0,0,0,0,0,0,0,0,0,0,0,0,0,0,0,0,0,183.214,0,0,-25.4156
"MtrElec",10,19,19,"",93.1274,0,0,0,0,0,0,0,0,0,0,0,0,0,0,0,0,0,0,0,0,161.003,0,-67.8758,0
"MtrElec",10,19,20,"",80.3602,0,0,0,0,0,0,0,0,0,0,0,0,0,0,0,0,0,0,0,0,148.236,0,-67.8758,0
"MtrElec",10,19,21,"",78.9268,0,0,0,0,0,0,0,0,0,0,0,0,0,0,0,0,0,0,0,0,146.803,0,-67.8758,0
"MtrElec",10,19,22,"",70.4677,0,0,0,0,0,0,0,0,0,0,0,0,0,0,0,0,0,0,0,0,95.399,0,-24.9313,0
"MtrElec",10,19,23,"",128.727,0,0,0,0,0,0,0,0,0,0,0,0,0,0,0,0,0,0,0,0,128.727,0,0,0
"MtrElec",10,19,24,"",82.4196,0,0,0,0,0,0,0,0,0,0,0,0,0,0,0,0,0,0,0,0,82.4196,0,0,0
"MtrElec",10,20,1,"",68.0589,0,0,0,0,0,0,0,0,0,0,0,0,0,0,0,0,0,0,0,0,68.0589,0,0,0
"MtrElec",10,20,2,"",50.8313,0,0,0,0,0,0,0,0,0,0,0,0,0,0,0,0,0,0,0,0,50.8313,0,0,0
"MtrElec",10,20,3,"",49.2164,0,0,0,0,0,0,0,0,0,0,0,0,0,0,0,0,0,0,0,0,49.2164,0,0,0
"MtrElec",10,20,4,"",49.0485,0,0,0,0,0,0,0,0,0,0,0,0,0,0,0,0,0,0,0,0,49.0485,0,0,0
"MtrElec",10,20,5,"",48.2651,0,0,0,0,0,0,0,0,0,0,0,0,0,0,0,0,0,0,0,0,48.2651,0,0,0
"MtrElec",10,20,6,"",58.901,0,0,0,0,0,0,0,0,0,0,0,0,0,0,0,0,0,0,0,0,58.901,0,0,0
"MtrElec",10,20,7,"",100.283,0,0,0,0,0,0,0,0,0,0,0,0,0,0,0,0,0,0,0,0,100.283,0,0,0
"MtrElec",10,20,8,"",99.0732,0,0,0,0,0,0,0,0,0,0,0,0,0,0,0,0,0,0,0,0,104.776,0,0,-5.70302
"MtrElec",10,20,9,"",24.8016,0,0,0,0,0,0,0,0,0,0,0,0,0,0,0,0,0,0,0,0,77.4413,0,0,-52.6396
"MtrElec",10,20,10,"",34.4074,0,0,0,0,0,0,0,0,0,0,0,0,0,0,0,0,0,0,0,0,109.268,0,0,-74.8603
"MtrElec",10,20,11,"",83.8568,0,0,0,0,0,0,0,0,0,0,0,0,0,0,0,0,0,0,0,0,107.264,0,0,-23.4068
"MtrElec",10,20,12,"",35.8467,0,0,0,0,0,0,0,0,0,0,0,0,0,0,0,0,0,0,0,0,81.3594,0,0,-45.5127
"MtrElec",10,20,13,"",0,0,0,0,0,0,0,0,0,0,0,0,0,0,0,0,0,0,0,0,0,72.666,0,24.3246,-96.9906
"MtrElec",10,20,14,"",0.0000039,0,0,0,0,0,0,0,0,0,0,0,0,0,0,0,0,0,0,0,0,66.418,0,36.9933,-103.411
"MtrElec",10,20,15,"",-11.0239,0,0,0,0,0,0,0,0,0,0,0,0,0,0,0,0,0,0,0,0,79.6851,0,67.8758,-158.585
"MtrElec",10,20,16,"",21.43,0,0,0,0,0,0,0,0,0,0,0,0,0,0,0,0,0,0,0,0,110.303,0,0,-88.8733
"MtrElec",10,20,17,"",33.0026,0,0,0,0,0,0,0,0,0,0,0,0,0,0,0,0,0,0,0,0,103.314,0,0,-70.3112
"MtrElec",10,20,18,"",97.8953,0,0,0,0,0,0,0,0,0,0,0,0,0,0,0,0,0,0,0,0,122.486,0,0,-24.5909
"MtrElec",10,20,19,"",94.5185,0,0,0,0,0,0,0,0,0,0,0,0,0,0,0,0,0,0,0,0,162.394,0,-67.8758,0
"MtrElec",10,20,20,"",84.9446,0,0,0,0,0,0,0,0,0,0,0,0,0,0,0,0,0,0,0,0,133.666,0,-48.7215,0
"MtrElec",10,20,21,"",144.839,0,0,0,0,0,0,0,0,0,0,0,0,0,0,0,0,0,0,0,0,144.839,0,0,0
"MtrElec",10,20,22,"",107.694,0,0,0,0,0,0,0,0,0,0,0,0,0,0,0,0,0,0,0,0,107.694,0,0,0
"MtrElec",10,20,23,"",104.614,0,0,0,0,0,0,0,0,0,0,0,0,0,0,0,0,0,0,0,0,104.614,0,0,0
"MtrElec",10,20,24,"",94.6954,0,0,0,0,0,0,0,0,0,0,0,0,0,0,0,0,0,0,0,0,94.6954,0,0,0
"MtrElec",10,21,1,"",55.2125,0,0,0,0,0,0,0,0,0,0,0,0,0,0,0,0,0,0,0,0,55.2125,0,0,0
"MtrElec",10,21,2,"",51.5892,0,0,0,0,0,0,0,0,0,0,0,0,0,0,0,0,0,0,0,0,51.5892,0,0,0
"MtrElec",10,21,3,"",49.4989,0,0,0,0,0,0,0,0,0,0,0,0,0,0,0,0,0,0,0,0,49.4989,0,0,0
"MtrElec",10,21,4,"",48.8929,0,0,0,0,0,0,0,0,0,0,0,0,0,0,0,0,0,0,0,0,48.8929,0,0,0
"MtrElec",10,21,5,"",48.0982,0,0,0,0,0,0,0,0,0,0,0,0,0,0,0,0,0,0,0,0,48.0982,0,0,0
"MtrElec",10,21,6,"",53.6641,0,0,0,0,0,0,0,0,0,0,0,0,0,0,0,0,0,0,0,0,53.6641,0,0,0
"MtrElec",10,21,7,"",75.1053,0,0,0,0,0,0,0,0,0,0,0,0,0,0,0,0,0,0,0,0,75.1053,0,0,0
"MtrElec",10,21,8,"",79.8048,0,0,0,0,0,0,0,0,0,0,0,0,0,0,0,0,0,0,0,0,79.8048,0,0,0
"MtrElec",10,21,9,"",81.0052,0,0,0,0,0,0,0,0,0,0,0,0,0,0,0,0,0,0,0,0,94.2337,0,0,-13.2285
"MtrElec",10,21,10,"",78.9732,0,0,0,0,0,0,0,0,0,0,0,0,0,0,0,0,0,0,0,0,110.566,0,0,-31.5925
"MtrElec",10,21,11,"",8.28108,0,0,0,0,0,0,0,0,0,0,0,0,0,0,0,0,0,0,0,0,94.0372,0,0,-85.7561
"MtrElec",10,21,12,"",14.8448,0,0,0,0,0,0,0,0,0,0,0,0,0,0,0,0,0,0,0,0,107.196,0,0,-92.351
"MtrElec",10,21,13,"",3.63554,0,0,0,0,0,0,0,0,0,0,0,0,0,0,0,0,0,0,0,0,96.4349,0,0,-92.7994
"MtrElec",10,21,14,"",5.01229,0,0,0,0,0,0,0,0,0,0,0,0,0,0,0,0,0,0,0,0,81.7805,0,0,-76.7682
"MtrElec",10,21,15,"",9.52683,0,0,0,0,0,0,0,0,0,0,0,0,0,0,0,0,0,0,0,0,71.5082,0,0,-61.9814
"MtrElec",10,21,16,"",22.5602,0,0,0,0,0,0,0,0,0,0,0,0,0,0,0,0,0,0,0,0,83.1231,0,0,-60.563
"MtrElec",10,21,17,"",83.6256,0,0,0,0,0,0,0,0,0,0,0,0,0,0,0,0,0,0,0,0,117.023,0,0,-33.3971
"MtrElec",10,21,18,"",108.628,0,0,0,0,0,0,0,0,0,0,0,0,0,0,0,0,0,0,0,0,108.628,0,0,0
"MtrElec",10,21,19,"",131.608,0,0,0,0,0,0,0,0,0,0,0,0,0,0,0,0,0,0,0,0,131.608,0,0,0
"MtrElec",10,21,20,"",138.263,0,0,0,0,0,0,0,0,0,0,0,0,0,0,0,0,0,0,0,0,138.263,0,0,0
"MtrElec",10,21,21,"",141.603,0,0,0,0,0,0,0,0,0,0,0,0,0,0,0,0,0,0,0,0,141.603,0,0,0
"MtrElec",10,21,22,"",110.926,0,0,0,0,0,0,0,0,0,0,0,0,0,0,0,0,0,0,0,0,110.926,0,0,0
"MtrElec",10,21,23,"",100.789,0,0,0,0,0,0,0,0,0,0,0,0,0,0,0,0,0,0,0,0,100.789,0,0,0
"MtrElec",10,21,24,"",93.5742,0,0,0,0,0,0,0,0,0,0,0,0,0,0,0,0,0,0,0,0,93.5742,0,0,0
"MtrElec",10,22,1,"",73.1611,0,0,0,0,0,0,0,0,0,0,0,0,0,0,0,0,0,0,0,0,73.1611,0,0,0
"MtrElec",10,22,2,"",50.1759,0,0,0,0,0,0,0,0,0,0,0,0,0,0,0,0,0,0,0,0,50.1759,0,0,0
"MtrElec",10,22,3,"",49.5514,0,0,0,0,0,0,0,0,0,0,0,0,0,0,0,0,0,0,0,0,49.5514,0,0,0
"MtrElec",10,22,4,"",55.9519,0,0,0,0,0,0,0,0,0,0,0,0,0,0,0,0,0,0,0,0,55.9519,0,0,0
"MtrElec",10,22,5,"",47.5168,0,0,0,0,0,0,0,0,0,0,0,0,0,0,0,0,0,0,0,0,47.5168,0,0,0
"MtrElec",10,22,6,"",52.6613,0,0,0,0,0,0,0,0,0,0,0,0,0,0,0,0,0,0,0,0,52.6613,0,0,0
"MtrElec",10,22,7,"",95.5665,0,0,0,0,0,0,0,0,0,0,0,0,0,0,0,0,0,0,0,0,95.5665,0,0,0
"MtrElec",10,22,8,"",70.3389,0,0,0,0,0,0,0,0,0,0,0,0,0,0,0,0,0,0,0,0,75.5584,0,0,-5.21952
"MtrElec",10,22,9,"",48.8018,0,0,0,0,0,0,0,0,0,0,0,0,0,0,0,0,0,0,0,0,88.9664,0,0,-40.1646
"MtrElec",10,22,10,"",33.8661,0,0,0,0,0,0,0,0,0,0,0,0,0,0,0,0,0,0,0,0,101.511,0,0,-67.6448
"MtrElec",10,22,11,"",-5.07635,0,0,0,0,0,0,0,0,0,0,0,0,0,0,0,0,0,0,0,0,78.5949,0,67.8758,-151.547
"MtrElec",10,22,12,"",0.0000039,0,0,0,0,0,0,0,0,0,0,0,0,0,0,0,0,0,0,0,0,92.5826,0,59.2652,-151.848
"MtrElec",10,22,13,"",-17.5063,0,0,0,0,0,0,0,0,0,0,0,0,0,0,0,0,0,0,0,0,76.2248,0,67.8758,-161.607
"MtrElec",10,22,14,"",-30.2116,0,0,0,0,0,0,0,0,0,0,0,0,0,0,0,0,0,0,0,0,92.2475,0,58.2338,-180.693
"MtrElec",10,22,15,"",-83.6695,0,0,0,0,0,0,0,0,0,0,0,0,0,0,0,0,0,0,0,0,77.0294,0,0,-160.699
"MtrElec",10,22,16,"",-36.2733,0,0,0,0,0,0,0,0,0,0,0,0,0,0,0,0,0,0,0,0,90.7769,0,0,-127.05
"MtrElec",10,22,17,"",26.2904,0,0,0,0,0,0,0,0,0,0,0,0,0,0,0,0,0,0,0,0,105.456,0,0,-79.1655
"MtrElec",10,22,18,"",93.8467,0,0,0,0,0,0,0,0,0,0,0,0,0,0,0,0,0,0,0,0,117.307,0,0,-23.4607
"MtrElec",10,22,19,"",67.6316,0,0,0,0,0,0,0,0,0,0,0,0,0,0,0,0,0,0,0,0,135.507,0,-67.8758,0
"MtrElec",10,22,20,"",86.9515,0,0,0,0,0,0,0,0,0,0,0,0,0,0,0,0,0,0,0,0,154.827,0,-67.8758,0
"MtrElec",10,22,21,"",45.6014,0,0,0,0,0,0,0,0,0,0,0,0,0,0,0,0,0,0,0,0,113.477,0,-67.8758,0
"MtrElec",10,22,22,"",81.0893,0,0,0,0,0,0,0,0,0,0,0,0,0,0,0,0,0,0,0,0,106.021,0,-24.9313,0
"MtrElec",10,22,23,"",93.4237,0,0,0,0,0,0,0,0,0,0,0,0,0,0,0,0,0,0,0,0,93.4237,0,0,0
"MtrElec",10,22,24,"",63.7538,0,0,0,0,0,0,0,0,0,0,0,0,0,0,0,0,0,0,0,0,63.7538,0,0,0
"MtrElec",10,23,1,"",52.1505,0,0,0,0,0,0,0,0,0,0,0,0,0,0,0,0,0,0,0,0,52.1505,0,0,0
"MtrElec",10,23,2,"",50.9426,0,0,0,0,0,0,0,0,0,0,0,0,0,0,0,0,0,0,0,0,50.9426,0,0,0
"MtrElec",10,23,3,"",51.1684,0,0,0,0,0,0,0,0,0,0,0,0,0,0,0,0,0,0,0,0,51.1684,0,0,0
"MtrElec",10,23,4,"",51.1865,0,0,0,0,0,0,0,0,0,0,0,0,0,0,0,0,0,0,0,0,51.1865,0,0,0
"MtrElec",10,23,5,"",51.0234,0,0,0,0,0,0,0,0,0,0,0,0,0,0,0,0,0,0,0,0,51.0234,0,0,0
"MtrElec",10,23,6,"",72.5121,0,0,0,0,0,0,0,0,0,0,0,0,0,0,0,0,0,0,0,0,72.5121,0,0,0
"MtrElec",10,23,7,"",71.9388,0,0,0,0,0,0,0,0,0,0,0,0,0,0,0,0,0,0,0,0,71.9388,0,0,0
"MtrElec",10,23,8,"",94.9162,0,0,0,0,0,0,0,0,0,0,0,0,0,0,0,0,0,0,0,0,108.032,0,0,-13.1156
"MtrElec",10,23,9,"",77.1803,0,0,0,0,0,0,0,0,0,0,0,0,0,0,0,0,0,0,0,0,125.94,0,0,-48.7601
"MtrElec",10,23,10,"",10.5652,0,0,0,0,0,0,0,0,0,0,0,0,0,0,0,0,0,0,0,0,92.3496,0,0,-81.7844
"MtrElec",10,23,11,"",0,0,0,0,0,0,0,0,0,0,0,0,0,0,0,0,0,0,0,0,0,128.641,0,23.7681,-152.409
"MtrElec",10,23,12,"",0,0,0,0,0,0,0,0,0,0,0,0,0,0,0,0,0,0,0,0,0,121.524,0,45.5166,-167.04
"MtrElec",10,23,13,"",-14.6772,0,0,0,0,0,0,0,0,0,0,0,0,0,0,0,0,0,0,0,0,95.3294,0,67.8758,-177.882
"MtrElec",10,23,14,"",-25.3557,0,0,0,0,0,0,0,0,0,0,0,0,0,0,0,0,0,0,0,0,91.0953,0,67.8758,-184.327
"MtrElec",10,23,15,"",-46.7394,0,0,0,0,0,0,0,0,0,0,0,0,0,0,0,0,0,0,0,0,70.6299,0,48.2143,-165.584
"MtrElec",10,23,16,"",-34.9341,0,0,0,0,0,0,0,0,0,0,0,0,0,0,0,0,0,0,0,0,97.1975,0,0,-132.132
"MtrElec",10,23,17,"",3.76808,0,0,0,0,0,0,0,0,0,0,0,0,0,0,0,0,0,0,0,0,85.6024,0,0,-81.8343
"MtrElec",10,23,18,"",70.2277,0,0,0,0,0,0,0,0,0,0,0,0,0,0,0,0,0,0,0,0,94.878,0,0,-24.6502
"MtrElec",10,23,19,"",59.3285,0,0,0,0,0,0,0,0,0,0,0,0,0,0,0,0,0,0,0,0,127.204,0,-67.8758,0
"MtrElec",10,23,20,"",43.4429,0,0,0,0,0,0,0,0,0,0,0,0,0,0,0,0,0,0,0,0,111.319,0,-67.8758,0
"MtrElec",10,23,21,"",44.8774,0,0,0,0,0,0,0,0,0,0,0,0,0,0,0,0,0,0,0,0,112.753,0,-67.8758,0
"MtrElec",10,23,22,"",63.7291,0,0,0,0,0,0,0,0,0,0,0,0,0,0,0,0,0,0,0,0,88.6604,0,-24.9313,0
"MtrElec",10,23,23,"",103.13,0,0,0,0,0,0,0,0,0,0,0,0,0,0,0,0,0,0,0,0,103.13,0,0,0
"MtrElec",10,23,24,"",75.5199,0,0,0,0,0,0,0,0,0,0,0,0,0,0,0,0,0,0,0,0,75.5199,0,0,0
"MtrElec",10,24,1,"",58.8557,0,0,0,0,0,0,0,0,0,0,0,0,0,0,0,0,0,0,0,0,58.8557,0,0,0
"MtrElec",10,24,2,"",48.7701,0,0,0,0,0,0,0,0,0,0,0,0,0,0,0,0,0,0,0,0,48.7701,0,0,0
"MtrElec",10,24,3,"",48.5503,0,0,0,0,0,0,0,0,0,0,0,0,0,0,0,0,0,0,0,0,48.5503,0,0,0
"MtrElec",10,24,4,"",48.9639,0,0,0,0,0,0,0,0,0,0,0,0,0,0,0,0,0,0,0,0,48.9639,0,0,0
"MtrElec",10,24,5,"",53.905,0,0,0,0,0,0,0,0,0,0,0,0,0,0,0,0,0,0,0,0,53.905,0,0,0
"MtrElec",10,24,6,"",49.0574,0,0,0,0,0,0,0,0,0,0,0,0,0,0,0,0,0,0,0,0,49.0574,0,0,0
"MtrElec",10,24,7,"",55.7138,0,0,0,0,0,0,0,0,0,0,0,0,0,0,0,0,0,0,0,0,55.7138,0,0,0
"MtrElec",10,24,8,"",83.5377,0,0,0,0,0,0,0,0,0,0,0,0,0,0,0,0,0,0,0,0,103.423,0,0,-19.8856
"MtrElec",10,24,9,"",11.0594,0,0,0,0,0,0,0,0,0,0,0,0,0,0,0,0,0,0,0,0,83.7104,0,0,-72.651
"MtrElec",10,24,10,"",1.1628,0,0,0,0,0,0,0,0,0,0,0,0,0,0,0,0,0,0,0,0,124.947,0,0,-123.785
"MtrElec",10,24,11,"",0,0,0,0,0,0,0,0,0,0,0,0,0,0,0,0,0,0,0,0,0,121.976,0,39.2966,-161.272
"MtrElec",10,24,12,"",0.0000039,0,0,0,0,0,0,0,0,0,0,0,0,0,0,0,0,0,0,0,0,126.246,0,59.68,-185.926
"MtrElec",10,24,13,"",-16.9163,0,0,0,0,0,0,0,0,0,0,0,0,0,0,0,0,0,0,0,0,110.271,0,67.8758,-195.063
"MtrElec",10,24,14,"",-45.5451,0,0,0,0,0,0,0,0,0,0,0,0,0,0,0,0,0,0,0,0,75.3769,0,67.8758,-188.798
"MtrElec",10,24,15,"",-33.6446,0,0,0,0,0,0,0,0,0,0,0,0,0,0,0,0,0,0,0,0,115.168,0,18.5223,-167.335
"MtrElec",10,24,16,"",-49.586,0,0,0,0,0,0,0,0,0,0,0,0,0,0,0,0,0,0,0,0,82.0644,0,0,-131.65
"MtrElec",10,24,17,"",22.223,0,0,0,0,0,0,0,0,0,0,0,0,0,0,0,0,0,0,0,0,105.315,0,0,-83.0916
"MtrElec",10,24,18,"",81.2104,0,0,0,0,0,0,0,0,0,0,0,0,0,0,0,0,0,0,0,0,106.145,0,0,-24.9345
"MtrElec",10,24,19,"",57.4409,0,0,0,0,0,0,0,0,0,0,0,0,0,0,0,0,0,0,0,0,125.317,0,-67.8758,0
"MtrElec",10,24,20,"",34.4683,0,0,0,0,0,0,0,0,0,0,0,0,0,0,0,0,0,0,0,0,102.344,0,-67.8758,0
"MtrElec",10,24,21,"",46.0375,0,0,0,0,0,0,0,0,0,0,0,0,0,0,0,0,0,0,0,0,113.913,0,-67.8758,0
"MtrElec",10,24,22,"",69.1489,0,0,0,0,0,0,0,0,0,0,0,0,0,0,0,0,0,0,0,0,94.0802,0,-24.9313,0
"MtrElec",10,24,23,"",91.054,0,0,0,0,0,0,0,0,0,0,0,0,0,0,0,0,0,0,0,0,91.054,0,0,0
"MtrElec",10,24,24,"",66.5575,0,0,0,0,0,0,0,0,0,0,0,0,0,0,0,0,0,0,0,0,66.5575,0,0,0
"MtrElec",10,25,1,"",51.3411,0,0,0,0,0,0,0,0,0,0,0,0,0,0,0,0,0,0,0,0,51.3411,0,0,0
"MtrElec",10,25,2,"",48.7329,0,0,0,0,0,0,0,0,0,0,0,0,0,0,0,0,0,0,0,0,48.7329,0,0,0
"MtrElec",10,25,3,"",47.0517,0,0,0,0,0,0,0,0,0,0,0,0,0,0,0,0,0,0,0,0,47.0517,0,0,0
"MtrElec",10,25,4,"",47.9204,0,0,0,0,0,0,0,0,0,0,0,0,0,0,0,0,0,0,0,0,47.9204,0,0,0
"MtrElec",10,25,5,"",53.861,0,0,0,0,0,0,0,0,0,0,0,0,0,0,0,0,0,0,0,0,53.861,0,0,0
"MtrElec",10,25,6,"",49.0079,0,0,0,0,0,0,0,0,0,0,0,0,0,0,0,0,0,0,0,0,49.0079,0,0,0
"MtrElec",10,25,7,"",54.1759,0,0,0,0,0,0,0,0,0,0,0,0,0,0,0,0,0,0,0,0,54.1759,0,0,0
"MtrElec",10,25,8,"",71.456,0,0,0,0,0,0,0,0,0,0,0,0,0,0,0,0,0,0,0,0,91.0919,0,0,-19.6358
"MtrElec",10,25,9,"",10.4733,0,0,0,0,0,0,0,0,0,0,0,0,0,0,0,0,0,0,0,0,81.4427,0,0,-70.9694
"MtrElec",10,25,10,"",0,0,0,0,0,0,0,0,0,0,0,0,0,0,0,0,0,0,0,0,0,105.795,0,14.5154,-120.31
"MtrElec",10,25,11,"",0,0,0,0,0,0,0,0,0,0,0,0,0,0,0,0,0,0,0,0,0,86.8185,0,65.7873,-152.606
"MtrElec",10,25,12,"",0.0000039,0,0,0,0,0,0,0,0,0,0,0,0,0,0,0,0,0,0,0,0,113.302,0,61.8148,-175.117
"MtrElec",10,25,13,"",-30.4887,0,0,0,0,0,0,0,0,0,0,0,0,0,0,0,0,0,0,0,0,83.9946,0,67.8758,-182.359
"MtrElec",10,25,14,"",-39.1576,0,0,0,0,0,0,0,0,0,0,0,0,0,0,0,0,0,0,0,0,95.2175,0,43.2573,-177.632
"MtrElec",10,25,15,"",-72.1061,0,0,0,0,0,0,0,0,0,0,0,0,0,0,0,0,0,0,0,0,88.4979,0,0,-160.604
"MtrElec",10,25,16,"",-43.9339,0,0,0,0,0,0,0,0,0,0,0,0,0,0,0,0,0,0,0,0,82.3916,0,0,-126.326
"MtrElec",10,25,17,"",21.3246,0,0,0,0,0,0,0,0,0,0,0,0,0,0,0,0,0,0,0,0,100.188,0,0,-78.863
"MtrElec",10,25,18,"",69.7495,0,0,0,0,0,0,0,0,0,0,0,0,0,0,0,0,0,0,0,0,92.83,0,0,-23.0805
"MtrElec",10,25,19,"",60.823,0,0,0,0,0,0,0,0,0,0,0,0,0,0,0,0,0,0,0,0,128.699,0,-67.8758,0
"MtrElec",10,25,20,"",34.7593,0,0,0,0,0,0,0,0,0,0,0,0,0,0,0,0,0,0,0,0,102.635,0,-67.8758,0
"MtrElec",10,25,21,"",49.7837,0,0,0,0,0,0,0,0,0,0,0,0,0,0,0,0,0,0,0,0,117.659,0,-67.8758,0
"MtrElec",10,25,22,"",84.263,0,0,0,0,0,0,0,0,0,0,0,0,0,0,0,0,0,0,0,0,109.194,0,-24.9313,0
"MtrElec",10,25,23,"",84.6627,0,0,0,0,0,0,0,0,0,0,0,0,0,0,0,0,0,0,0,0,84.6627,0,0,0
"MtrElec",10,25,24,"",91.705,0,0,0,0,0,0,0,0,0,0,0,0,0,0,0,0,0,0,0,0,91.705,0,0,0
"MtrElec",10,26,1,"",58.9608,0,0,0,0,0,0,0,0,0,0,0,0,0,0,0,0,0,0,0,0,58.9608,0,0,0
"MtrElec",10,26,2,"",51.8604,0,0,0,0,0,0,0,0,0,0,0,0,0,0,0,0,0,0,0,0,51.8604,0,0,0
"MtrElec",10,26,3,"",49.9773,0,0,0,0,0,0,0,0,0,0,0,0,0,0,0,0,0,0,0,0,49.9773,0,0,0
"MtrElec",10,26,4,"",49.1935,0,0,0,0,0,0,0,0,0,0,0,0,0,0,0,0,0,0,0,0,49.1935,0,0,0
"MtrElec",10,26,5,"",48.002,0,0,0,0,0,0,0,0,0,0,0,0,0,0,0,0,0,0,0,0,48.002,0,0,0
"MtrElec",10,26,6,"",53.0977,0,0,0,0,0,0,0,0,0,0,0,0,0,0,0,0,0,0,0,0,53.0977,0,0,0
"MtrElec",10,26,7,"",67.1799,0,0,0,0,0,0,0,0,0,0,0,0,0,0,0,0,0,0,0,0,67.1799,0,0,0
"MtrElec",10,26,8,"",95.5704,0,0,0,0,0,0,0,0,0,0,0,0,0,0,0,0,0,0,0,0,113.663,0,0,-18.0927
"MtrElec",10,26,9,"",38.5065,0,0,0,0,0,0,0,0,0,0,0,0,0,0,0,0,0,0,0,0,108.597,0,0,-70.0906
"MtrElec",10,26,10,"",0,0,0,0,0,0,0,0,0,0,0,0,0,0,0,0,0,0,0,0,0,98.385,0,23.0504,-121.435
"MtrElec",10,26,11,"",-7.86661,0,0,0,0,0,0,0,0,0,0,0,0,0,0,0,0,0,0,0,0,84.401,0,67.8758,-160.143
"MtrElec",10,26,12,"",0.0000039,0,0,0,0,0,0,0,0,0,0,0,0,0,0,0,0,0,0,0,0,121.845,0,61.8473,-183.693
"MtrElec",10,26,13,"",-25.1956,0,0,0,0,0,0,0,0,0,0,0,0,0,0,0,0,0,0,0,0,100.088,0,67.8758,-193.16
"MtrElec",10,26,14,"",-40.3046,0,0,0,0,0,0,0,0,0,0,0,0,0,0,0,0,0,0,0,0,113.491,0,32.6013,-186.397
"MtrElec",10,26,15,"",-74.0089,0,0,0,0,0,0,0,0,0,0,0,0,0,0,0,0,0,0,0,0,91.7374,0,0,-165.746
"MtrElec",10,26,16,"",-19.8265,0,0,0,0,0,0,0,0,0,0,0,0,0,0,0,0,0,0,0,0,109.689,0,0,-129.516
"MtrElec",10,26,17,"",52.8707,0,0,0,0,0,0,0,0,0,0,0,0,0,0,0,0,0,0,0,0,132.071,0,0,-79.1999
"MtrElec",10,26,18,"",141.317,0,0,0,0,0,0,0,0,0,0,0,0,0,0,0,0,0,0,0,0,164.093,0,0,-22.7759
"MtrElec",10,26,19,"",57.3907,0,0,0,0,0,0,0,0,0,0,0,0,0,0,0,0,0,0,0,0,125.266,0,-67.8758,0
"MtrElec",10,26,20,"",80.6386,0,0,0,0,0,0,0,0,0,0,0,0,0,0,0,0,0,0,0,0,148.514,0,-67.8758,0
"MtrElec",10,26,21,"",73.9747,0,0,0,0,0,0,0,0,0,0,0,0,0,0,0,0,0,0,0,0,141.85,0,-67.8758,0
"MtrElec",10,26,22,"",102.651,0,0,0,0,0,0,0,0,0,0,0,0,0,0,0,0,0,0,0,0,127.582,0,-24.9313,0
"MtrElec",10,26,23,"",85.038,0,0,0,0,0,0,0,0,0,0,0,0,0,0,0,0,0,0,0,0,85.038,0,0,0
"MtrElec",10,26,24,"",69.2309,0,0,0,0,0,0,0,0,0,0,0,0,0,0,0,0,0,0,0,0,69.2309,0,0,0
"MtrElec",10,27,1,"",61.5581,0,0,0,0,0,0,0,0,0,0,0,0,0,0,0,0,0,0,0,0,61.5581,0,0,0
"MtrElec",10,27,2,"",70.6866,0,0,0,0,0,0,0,0,0,0,0,0,0,0,0,0,0,0,0,0,70.6866,0,0,0
"MtrElec",10,27,3,"",49.0328,0,0,0,0,0,0,0,0,0,0,0,0,0,0,0,0,0,0,0,0,49.0328,0,0,0
"MtrElec",10,27,4,"",47.6403,0,0,0,0,0,0,0,0,0,0,0,0,0,0,0,0,0,0,0,0,47.6403,0,0,0
"MtrElec",10,27,5,"",46.8494,0,0,0,0,0,0,0,0,0,0,0,0,0,0,0,0,0,0,0,0,46.8494,0,0,0
"MtrElec",10,27,6,"",51.4656,0,0,0,0,0,0,0,0,0,0,0,0,0,0,0,0,0,0,0,0,51.4656,0,0,0
"MtrElec",10,27,7,"",94.4931,0,0,0,0,0,0,0,0,0,0,0,0,0,0,0,0,0,0,0,0,94.4931,0,0,0
"MtrElec",10,27,8,"",82.8014,0,0,0,0,0,0,0,0,0,0,0,0,0,0,0,0,0,0,0,0,101.36,0,0,-18.5586
"MtrElec",10,27,9,"",28.7207,0,0,0,0,0,0,0,0,0,0,0,0,0,0,0,0,0,0,0,0,99.4151,0,0,-70.6944
"MtrElec",10,27,10,"",0.0000010,0,0,0,0,0,0,0,0,0,0,0,0,0,0,0,0,0,0,0,0,106.084,0,14.4643,-120.548
"MtrElec",10,27,11,"",0,0,0,0,0,0,0,0,0,0,0,0,0,0,0,0,0,0,0,0,0,135.701,0,19.7649,-155.466
"MtrElec",10,27,12,"",-1.83331,0,0,0,0,0,0,0,0,0,0,0,0,0,0,0,0,0,0,0,0,106.78,0,67.8758,-176.489
"MtrElec",10,27,13,"",-2.53786,0,0,0,0,0,0,0,0,0,0,0,0,0,0,0,0,0,0,0,0,114.724,0,67.8758,-185.138
"MtrElec",10,27,14,"",-28.251,0,0,0,0,0,0,0,0,0,0,0,0,0,0,0,0,0,0,0,0,83.3258,0,67.8758,-179.453
"MtrElec",10,27,15,"",-40.0391,0,0,0,0,0,0,0,0,0,0,0,0,0,0,0,0,0,0,0,0,102.974,0,15.394,-158.407
"MtrElec",10,27,16,"",10.1819,0,0,0,0,0,0,0,0,0,0,0,0,0,0,0,0,0,0,0,0,134.589,0,0,-124.407
"MtrElec",10,27,17,"",53.4259,0,0,0,0,0,0,0,0,0,0,0,0,0,0,0,0,0,0,0,0,130.401,0,0,-76.9749
"MtrElec",10,27,18,"",104.251,0,0,0,0,0,0,0,0,0,0,0,0,0,0,0,0,0,0,0,0,126.072,0,0,-21.8218
"MtrElec",10,27,19,"",77.7963,0,0,0,0,0,0,0,0,0,0,0,0,0,0,0,0,0,0,0,0,145.672,0,-67.8758,0
"MtrElec",10,27,20,"",73.6004,0,0,0,0,0,0,0,0,0,0,0,0,0,0,0,0,0,0,0,0,141.476,0,-67.8758,0
"MtrElec",10,27,21,"",113.614,0,0,0,0,0,0,0,0,0,0,0,0,0,0,0,0,0,0,0,0,181.49,0,-67.8758,0
"MtrElec",10,27,22,"",81.867,0,0,0,0,0,0,0,0,0,0,0,0,0,0,0,0,0,0,0,0,106.798,0,-24.9313,0
"MtrElec",10,27,23,"",135.142,0,0,0,0,0,0,0,0,0,0,0,0,0,0,0,0,0,0,0,0,135.142,0,0,0
"MtrElec",10,27,24,"",75.9232,0,0,0,0,0,0,0,0,0,0,0,0,0,0,0,0,0,0,0,0,75.9232,0,0,0
"MtrElec",10,28,1,"",72.537,0,0,0,0,0,0,0,0,0,0,0,0,0,0,0,0,0,0,0,0,72.537,0,0,0
"MtrElec",10,28,2,"",61.4919,0,0,0,0,0,0,0,0,0,0,0,0,0,0,0,0,0,0,0,0,61.4919,0,0,0
"MtrElec",10,28,3,"",49.1659,0,0,0,0,0,0,0,0,0,0,0,0,0,0,0,0,0,0,0,0,49.1659,0,0,0
"MtrElec",10,28,4,"",47.7464,0,0,0,0,0,0,0,0,0,0,0,0,0,0,0,0,0,0,0,0,47.7464,0,0,0
"MtrElec",10,28,5,"",46.8924,0,0,0,0,0,0,0,0,0,0,0,0,0,0,0,0,0,0,0,0,46.8924,0,0,0
"MtrElec",10,28,6,"",50.6901,0,0,0,0,0,0,0,0,0,0,0,0,0,0,0,0,0,0,0,0,50.6901,0,0,0
"MtrElec",10,28,7,"",86.4653,0,0,0,0,0,0,0,0,0,0,0,0,0,0,0,0,0,0,0,0,86.4653,0,0,0
"MtrElec",10,28,8,"",82.5381,0,0,0,0,0,0,0,0,0,0,0,0,0,0,0,0,0,0,0,0,100.481,0,0,-17.9429
"MtrElec",10,28,9,"",14.9561,0,0,0,0,0,0,0,0,0,0,0,0,0,0,0,0,0,0,0,0,84.3597,0,0,-69.4036
"MtrElec",10,28,10,"",0,0,0,0,0,0,0,0,0,0,0,0,0,0,0,0,0,0,0,0,0,83.26,0,33.021,-116.281
"MtrElec",10,28,11,"",0,0,0,0,0,0,0,0,0,0,0,0,0,0,0,0,0,0,0,0,0,98.6822,0,50.0613,-148.743
"MtrElec",10,28,12,"",0,0,0,0,0,0,0,0,0,0,0,0,0,0,0,0,0,0,0,0,0,101.958,0,66.3053,-168.263
"MtrElec",10,28,13,"",-5.21115,0,0,0,0,0,0,0,0,0,0,0,0,0,0,0,0,0,0,0,0,105.599,0,67.8758,-178.686
"MtrElec",10,28,14,"",-51.1166,0,0,0,0,0,0,0,0,0,0,0,0,0,0,0,0,0,0,0,0,87.2682,0,35.9872,-174.372
"MtrElec",10,28,15,"",-57.8129,0,0,0,0,0,0,0,0,0,0,0,0,0,0,0,0,0,0,0,0,98.2454,0,0,-156.058
"MtrElec",10,28,16,"",-4.39923,0,0,0,0,0,0,0,0,0,0,0,0,0,0,0,0,0,0,0,0,120.143,0,0,-124.542
"MtrElec",10,28,17,"",41.093,0,0,0,0,0,0,0,0,0,0,0,0,0,0,0,0,0,0,0,0,117.393,0,0,-76.3
"MtrElec",10,28,18,"",105.5,0,0,0,0,0,0,0,0,0,0,0,0,0,0,0,0,0,0,0,0,126.649,0,0,-21.149
"MtrElec",10,28,19,"",74.9168,0,0,0,0,0,0,0,0,0,0,0,0,0,0,0,0,0,0,0,0,142.793,0,-67.8758,0
"MtrElec",10,28,20,"",58.2717,0,0,0,0,0,0,0,0,0,0,0,0,0,0,0,0,0,0,0,0,126.147,0,-67.8758,0
"MtrElec",10,28,21,"",116.72,0,0,0,0,0,0,0,0,0,0,0,0,0,0,0,0,0,0,0,0,184.595,0,-67.8758,0
"MtrElec",10,28,22,"",78.9377,0,0,0,0,0,0,0,0,0,0,0,0,0,0,0,0,0,0,0,0,103.869,0,-24.9313,0
"MtrElec",10,28,23,"",104.347,0,0,0,0,0,0,0,0,0,0,0,0,0,0,0,0,0,0,0,0,104.347,0,0,0
"MtrElec",10,28,24,"",63.445,0,0,0,0,0,0,0,0,0,0,0,0,0,0,0,0,0,0,0,0,63.445,0,0,0
"MtrElec",10,29,1,"",55.4329,0,0,0,0,0,0,0,0,0,0,0,0,0,0,0,0,0,0,0,0,55.4329,0,0,0
"MtrElec",10,29,2,"",51.1452,0,0,0,0,0,0,0,0,0,0,0,0,0,0,0,0,0,0,0,0,51.1452,0,0,0
"MtrElec",10,29,3,"",48.219,0,0,0,0,0,0,0,0,0,0,0,0,0,0,0,0,0,0,0,0,48.219,0,0,0
"MtrElec",10,29,4,"",47.2725,0,0,0,0,0,0,0,0,0,0,0,0,0,0,0,0,0,0,0,0,47.2725,0,0,0
"MtrElec",10,29,5,"",46.7282,0,0,0,0,0,0,0,0,0,0,0,0,0,0,0,0,0,0,0,0,46.7282,0,0,0
"MtrElec",10,29,6,"",50.4335,0,0,0,0,0,0,0,0,0,0,0,0,0,0,0,0,0,0,0,0,50.4335,0,0,0
"MtrElec",10,29,7,"",92.1346,0,0,0,0,0,0,0,0,0,0,0,0,0,0,0,0,0,0,0,0,92.1346,0,0,0
"MtrElec",10,29,8,"",79.0012,0,0,0,0,0,0,0,0,0,0,0,0,0,0,0,0,0,0,0,0,97.2067,0,0,-18.2056
"MtrElec",10,29,9,"",14.1612,0,0,0,0,0,0,0,0,0,0,0,0,0,0,0,0,0,0,0,0,84.0386,0,0,-69.8774
"MtrElec",10,29,10,"",10.4257,0,0,0,0,0,0,0,0,0,0,0,0,0,0,0,0,0,0,0,0,129.139,0,0,-118.714
"MtrElec",10,29,11,"",0,0,0,0,0,0,0,0,0,0,0,0,0,0,0,0,0,0,0,0,0,109.589,0,40.8867,-150.476
"MtrElec",10,29,12,"",0,0,0,0,0,0,0,0,0,0,0,0,0,0,0,0,0,0,0,0,0,108.525,0,64.4244,-172.949
"MtrElec",10,29,13,"",-1.6567,0,0,0,0,0,0,0,0,0,0,0,0,0,0,0,0,0,0,0,0,110.26,0,67.8758,-179.792
"MtrElec",10,29,14,"",-1.30495,0,0,0,0,0,0,0,0,0,0,0,0,0,0,0,0,0,0,0,0,105.865,0,67.8758,-175.046
"MtrElec",10,29,15,"",-60.2048,0,0,0,0,0,0,0,0,0,0,0,0,0,0,0,0,0,0,0,0,85.411,0,12.1879,-157.804
"MtrElec",10,29,16,"",-25.0933,0,0,0,0,0,0,0,0,0,0,0,0,0,0,0,0,0,0,0,0,99.2868,0,0,-124.38
"MtrElec",10,29,17,"",53.35,0,0,0,0,0,0,0,0,0,0,0,0,0,0,0,0,0,0,0,0,130.222,0,0,-76.8723
"MtrElec",10,29,18,"",99.6653,0,0,0,0,0,0,0,0,0,0,0,0,0,0,0,0,0,0,0,0,120.837,0,0,-21.1716
"MtrElec",10,29,19,"",80.1408,0,0,0,0,0,0,0,0,0,0,0,0,0,0,0,0,0,0,0,0,148.017,0,-67.8758,0
"MtrElec",10,29,20,"",71.1239,0,0,0,0,0,0,0,0,0,0,0,0,0,0,0,0,0,0,0,0,139,0,-67.8758,0
"MtrElec",10,29,21,"",111.79,0,0,0,0,0,0,0,0,0,0,0,0,0,0,0,0,0,0,0,0,179.666,0,-67.8758,0
"MtrElec",10,29,22,"",69.1414,0,0,0,0,0,0,0,0,0,0,0,0,0,0,0,0,0,0,0,0,94.0727,0,-24.9313,0
"MtrElec",10,29,23,"",96.8857,0,0,0,0,0,0,0,0,0,0,0,0,0,0,0,0,0,0,0,0,96.8857,0,0,0
"MtrElec",10,29,24,"",79.3404,0,0,0,0,0,0,0,0,0,0,0,0,0,0,0,0,0,0,0,0,79.3404,0,0,0
"MtrElec",10,30,1,"",65.6554,0,0,0,0,0,0,0,0,0,0,0,0,0,0,0,0,0,0,0,0,65.6554,0,0,0
"MtrElec",10,30,2,"",49.0328,0,0,0,0,0,0,0,0,0,0,0,0,0,0,0,0,0,0,0,0,49.0328,0,0,0
"MtrElec",10,30,3,"",50.5294,0,0,0,0,0,0,0,0,0,0,0,0,0,0,0,0,0,0,0,0,50.5294,0,0,0
"MtrElec",10,30,4,"",51.0654,0,0,0,0,0,0,0,0,0,0,0,0,0,0,0,0,0,0,0,0,51.0654,0,0,0
"MtrElec",10,30,5,"",50.8767,0,0,0,0,0,0,0,0,0,0,0,0,0,0,0,0,0,0,0,0,50.8767,0,0,0
"MtrElec",10,30,6,"",67.3666,0,0,0,0,0,0,0,0,0,0,0,0,0,0,0,0,0,0,0,0,67.3666,0,0,0
"MtrElec",10,30,7,"",88.0448,0,0,0,0,0,0,0,0,0,0,0,0,0,0,0,0,0,0,0,0,88.0448,0,0,0
"MtrElec",10,30,8,"",96.6001,0,0,0,0,0,0,0,0,0,0,0,0,0,0,0,0,0,0,0,0,114.863,0,0,-18.2624
"MtrElec",10,30,9,"",40.0184,0,0,0,0,0,0,0,0,0,0,0,0,0,0,0,0,0,0,0,0,109.94,0,0,-69.9217
"MtrElec",10,30,10,"",0.0000010,0,0,0,0,0,0,0,0,0,0,0,0,0,0,0,0,0,0,0,0,103.874,0,14.9317,-118.806
"MtrElec",10,30,11,"",0,0,0,0,0,0,0,0,0,0,0,0,0,0,0,0,0,0,0,0,0,106.469,0,44.0805,-150.55
"MtrElec",10,30,12,"",-21.6079,0,0,0,0,0,0,0,0,0,0,0,0,0,0,0,0,0,0,0,0,84.0195,0,67.8758,-173.503
"MtrElec",10,30,13,"",-35.5328,0,0,0,0,0,0,0,0,0,0,0,0,0,0,0,0,0,0,0,0,79.6864,0,67.8758,-183.095
"MtrElec",10,30,14,"",-43.412,0,0,0,0,0,0,0,0,0,0,0,0,0,0,0,0,0,0,0,0,74.8743,0,58.4868,-176.773
"MtrElec",10,30,15,"",-54.9779,0,0,0,0,0,0,0,0,0,0,0,0,0,0,0,0,0,0,0,0,102.671,0,0,-157.649
"MtrElec",10,30,16,"",-26.3833,0,0,0,0,0,0,0,0,0,0,0,0,0,0,0,0,0,0,0,0,98.1952,0,0,-124.579
"MtrElec",10,30,17,"",56.0466,0,0,0,0,0,0,0,0,0,0,0,0,0,0,0,0,0,0,0,0,131.976,0,0,-75.9295
"MtrElec",10,30,18,"",92.4846,0,0,0,0,0,0,0,0,0,0,0,0,0,0,0,0,0,0,0,0,113.188,0,0,-20.703
"MtrElec",10,30,19,"",45.4946,0,0,0,0,0,0,0,0,0,0,0,0,0,0,0,0,0,0,0,0,113.37,0,-67.8758,0
"MtrElec",10,30,20,"",66.7403,0,0,0,0,0,0,0,0,0,0,0,0,0,0,0,0,0,0,0,0,134.616,0,-67.8758,0
"MtrElec",10,30,21,"",83.1957,0,0,0,0,0,0,0,0,0,0,0,0,0,0,0,0,0,0,0,0,151.071,0,-67.8758,0
"MtrElec",10,30,22,"",70.6298,0,0,0,0,0,0,0,0,0,0,0,0,0,0,0,0,0,0,0,0,95.5611,0,-24.9313,0
"MtrElec",10,30,23,"",92.7065,0,0,0,0,0,0,0,0,0,0,0,0,0,0,0,0,0,0,0,0,92.7065,0,0,0
"MtrElec",10,30,24,"",118.752,0,0,0,0,0,0,0,0,0,0,0,0,0,0,0,0,0,0,0,0,118.752,0,0,0
"MtrElec",10,31,1,"",52.1743,0,0,0,0,0,0,0,0,0,0,0,0,0,0,0,0,0,0,0,0,52.1743,0,0,0
"MtrElec",10,31,2,"",49.1041,0,0,0,0,0,0,0,0,0,0,0,0,0,0,0,0,0,0,0,0,49.1041,0,0,0
"MtrElec",10,31,3,"",47.2052,0,0,0,0,0,0,0,0,0,0,0,0,0,0,0,0,0,0,0,0,47.2052,0,0,0
"MtrElec",10,31,4,"",50.8156,0,0,0,0,0,0,0,0,0,0,0,0,0,0,0,0,0,0,0,0,50.8156,0,0,0
"MtrElec",10,31,5,"",76.5268,0,0,0,0,0,0,0,0,0,0,0,0,0,0,0,0,0,0,0,0,76.5268,0,0,0
"MtrElec",10,31,6,"",49.1556,0,0,0,0,0,0,0,0,0,0,0,0,0,0,0,0,0,0,0,0,49.1556,0,0,0
"MtrElec",10,31,7,"",63.3617,0,0,0,0,0,0,0,0,0,0,0,0,0,0,0,0,0,0,0,0,63.3617,0,0,0
"MtrElec",10,31,8,"",69.5622,0,0,0,0,0,0,0,0,0,0,0,0,0,0,0,0,0,0,0,0,86.9413,0,0,-17.3791
"MtrElec",10,31,9,"",20.2707,0,0,0,0,0,0,0,0,0,0,0,0,0,0,0,0,0,0,0,0,88.7859,0,0,-68.5152
"MtrElec",10,31,10,"",19.0106,0,0,0,0,0,0,0,0,0,0,0,0,0,0,0,0,0,0,0,0,136.401,0,0,-117.39
"MtrElec",10,31,11,"",0.0000002,0,0,0,0,0,0,0,0,0,0,0,0,0,0,0,0,0,0,0,0,149.782,0,3.54288,-153.325
"MtrElec",10,31,12,"",0.0000039,0,0,0,0,0,0,0,0,0,0,0,0,0,0,0,0,0,0,0,0,111.129,0,65.2709,-176.4
"MtrElec",10,31,13,"",0,0,0,0,0,0,0,0,0,0,0,0,0,0,0,0,0,0,0,0,0,140.568,0,43.8811,-184.449
"MtrElec",10,31,14,"",-0.23932,0,0,0,0,0,0,0,0,0,0,0,0,0,0,0,0,0,0,0,0,110.235,0,67.8758,-178.35
"MtrElec",10,31,15,"",0.0000002,0,0,0,0,0,0,0,0,0,0,0,0,0,0,0,0,0,0,0,0,154.294,0,3.73541,-158.029
"MtrElec",10,31,16,"",0,0,0,0,0,0,0,0,0,0,0,0,0,0,0,0,0,0,0,0,0,96.3581,0,19.9255,-116.284
"MtrElec",10,31,17,"",66.3595,0,0,0,0,0,0,0,0,0,0,0,0,0,0,0,0,0,0,0,0,120.032,0,0,-53.6725
"MtrElec",10,31,18,"",93.8683,0,0,0,0,0,0,0,0,0,0,0,0,0,0,0,0,0,0,0,0,112.944,0,0,-19.0756
"MtrElec",10,31,19,"",86.916,0,0,0,0,0,0,0,0,0,0,0,0,0,0,0,0,0,0,0,0,154.792,0,-67.8758,0
"MtrElec",10,31,20,"",86.7703,0,0,0,0,0,0,0,0,0,0,0,0,0,0,0,0,0,0,0,0,154.646,0,-67.8758,0
"MtrElec",10,31,21,"",92.3304,0,0,0,0,0,0,0,0,0,0,0,0,0,0,0,0,0,0,0,0,140.898,0,-48.5675,0
"MtrElec",10,31,22,"",98.8572,0,0,0,0,0,0,0,0,0,0,0,0,0,0,0,0,0,0,0,0,98.8572,0,0,0
"MtrElec",10,31,23,"",106.179,0,0,0,0,0,0,0,0,0,0,0,0,0,0,0,0,0,0,0,0,106.179,0,0,0
"MtrElec",10,31,24,"",93.8448,0,0,0,0,0,0,0,0,0,0,0,0,0,0,0,0,0,0,0,0,93.8448,0,0,0
"MtrElec",11,1,1,"",64.7126,0,0,0,0,0,0,0,0,0,0,0,0,0,0,0,0,0,0,0,0,64.7126,0,0,0
"MtrElec",11,1,2,"",50.2878,0,0,0,0,0,0,0,0,0,0,0,0,0,0,0,0,0,0,0,0,50.2878,0,0,0
"MtrElec",11,1,3,"",48.2197,0,0,0,0,0,0,0,0,0,0,0,0,0,0,0,0,0,0,0,0,48.2197,0,0,0
"MtrElec",11,1,3,"",48.118,0,0,0,0,0,0,0,0,0,0,0,0,0,0,0,0,0,0,0,0,48.118,0,0,0
"MtrElec",11,1,4,"",48.9935,0,0,0,0,0,0,0,0,0,0,0,0,0,0,0,0,0,0,0,0,48.9935,0,0,0
"MtrElec",11,1,5,"",54.9375,0,0,0,0,0,0,0,0,0,0,0,0,0,0,0,0,0,0,0,0,54.9375,0,0,0
"MtrElec",11,1,6,"",50.3369,0,0,0,0,0,0,0,0,0,0,0,0,0,0,0,0,0,0,0,0,50.3369,0,0,0
"MtrElec",11,1,7,"",40.5448,0,0,0,0,0,0,0,0,0,0,0,0,0,0,0,0,0,0,0,0,54.9532,0,0,-14.4084
"MtrElec",11,1,8,"",28.6691,0,0,0,0,0,0,0,0,0,0,0,0,0,0,0,0,0,0,0,0,83.8407,0,0,-55.1716
"MtrElec",11,1,9,"",0.0000020,0,0,0,0,0,0,0,0,0,0,0,0,0,0,0,0,0,0,0,0,73.117,0,16.7597,-89.8767
"MtrElec",11,1,10,"",0,0,0,0,0,0,0,0,0,0,0,0,0,0,0,0,0,0,0,0,0,104.091,0,25.2666,-129.357
"MtrElec",11,1,11,"",0,0,0,0,0,0,0,0,0,0,0,0,0,0,0,0,0,0,0,0,0,118.741,0,41.0683,-159.81
"MtrElec",11,1,12,"",0,0,0,0,0,0,0,0,0,0,0,0,0,0,0,0,0,0,0,0,0,133.928,0,28.52,-162.448
"MtrElec",11,1,13,"",0,0,0,0,0,0,0,0,0,0,0,0,0,0,0,0,0,0,0,0,0,123.574,0,13.4221,-136.996
"MtrElec",11,1,14,"",0,0,0,0,0,0,0,0,0,0,0,0,0,0,0,0,0,0,0,0,0,99.8177,0,27.208,-127.026
"MtrElec",11,1,15,"",36.1769,0,0,0,0,0,0,0,0,0,0,0,0,0,0,0,0,0,0,0,0,129.654,0,0,-93.4769
"MtrElec",11,1,16,"",40.1194,0,0,0,0,0,0,0,0,0,0,0,0,0,0,0,0,0,0,0,0,97.9492,0,0,-57.8298
"MtrElec",11,1,17,"",102.618,0,0,0,0,0,0,0,0,0,0,0,0,0,0,0,0,0,0,0,0,113.006,0,0,-10.3882
"MtrElec",11,1,18,"",97.7558,0,0,0,0,0,0,0,0,0,0,0,0,0,0,0,0,0,0,0,0,97.7558,0,0,0
"MtrElec",11,1,19,"",71.2215,0,0,0,0,0,0,0,0,0,0,0,0,0,0,0,0,0,0,0,0,139.097,0,-67.8758,0
"MtrElec",11,1,20,"",60.4231,0,0,0,0,0,0,0,0,0,0,0,0,0,0,0,0,0,0,0,0,128.299,0,-67.8758,0
"MtrElec",11,1,21,"",138.235,0,0,0,0,0,0,0,0,0,0,0,0,0,0,0,0,0,0,0,0,139.884,0,-1.64917,0
"MtrElec",11,1,22,"",115.299,0,0,0,0,0,0,0,0,0,0,0,0,0,0,0,0,0,0,0,0,115.299,0,0,0
"MtrElec",11,1,23,"",101.329,0,0,0,0,0,0,0,0,0,0,0,0,0,0,0,0,0,0,0,0,101.329,0,0,0
"MtrElec",11,1,24,"",80.8107,0,0,0,0,0,0,0,0,0,0,0,0,0,0,0,0,0,0,0,0,80.8107,0,0,0
"MtrElec",11,2,1,"",64.0912,0,0,0,0,0,0,0,0,0,0,0,0,0,0,0,0,0,0,0,0,64.0912,0,0,0
"MtrElec",11,2,2,"",51.5919,0,0,0,0,0,0,0,0,0,0,0,0,0,0,0,0,0,0,0,0,51.5919,0,0,0
"MtrElec",11,2,3,"",49.0563,0,0,0,0,0,0,0,0,0,0,0,0,0,0,0,0,0,0,0,0,49.0563,0,0,0
"MtrElec",11,2,4,"",48.1722,0,0,0,0,0,0,0,0,0,0,0,0,0,0,0,0,0,0,0,0,48.1722,0,0,0
"MtrElec",11,2,5,"",47.6096,0,0,0,0,0,0,0,0,0,0,0,0,0,0,0,0,0,0,0,0,47.6096,0,0,0
"MtrElec",11,2,6,"",73.2344,0,0,0,0,0,0,0,0,0,0,0,0,0,0,0,0,0,0,0,0,73.2344,0,0,0
"MtrElec",11,2,7,"",63.9177,0,0,0,0,0,0,0,0,0,0,0,0,0,0,0,0,0,0,0,0,65.1289,0,0,-1.21113
"MtrElec",11,2,8,"",57.5525,0,0,0,0,0,0,0,0,0,0,0,0,0,0,0,0,0,0,0,0,97.7063,0,0,-40.1537
"MtrElec",11,2,9,"",0,0,0,0,0,0,0,0,0,0,0,0,0,0,0,0,0,0,0,0,0,70.2662,0,18.112,-88.3782
"MtrElec",11,2,10,"",0,0,0,0,0,0,0,0,0,0,0,0,0,0,0,0,0,0,0,0,0,120.961,0,26.5924,-147.553
"MtrElec",11,2,11,"",0,0,0,0,0,0,0,0,0,0,0,0,0,0,0,0,0,0,0,0,0,114.987,0,47.1714,-162.158
"MtrElec",11,2,12,"",0,0,0,0,0,0,0,0,0,0,0,0,0,0,0,0,0,0,0,0,0,91.6081,0,57.7144,-149.322
"MtrElec",11,2,13,"",-4.1828,0,0,0,0,0,0,0,0,0,0,0,0,0,0,0,0,0,0,0,0,76.6363,0,67.8758,-148.695
"MtrElec",11,2,14,"",-9.83362,0,0,0,0,0,0,0,0,0,0,0,0,0,0,0,0,0,0,0,0,96.6226,0,35.7845,-142.241
"MtrElec",11,2,15,"",-26.3709,0,0,0,0,0,0,0,0,0,0,0,0,0,0,0,0,0,0,0,0,85.0684,0,0,-111.439
"MtrElec",11,2,16,"",58.326,0,0,0,0,0,0,0,0,0,0,0,0,0,0,0,0,0,0,0,0,122.256,0,0,-63.9296
"MtrElec",11,2,17,"",91.6039,0,0,0,0,0,0,0,0,0,0,0,0,0,0,0,0,0,0,0,0,108.611,0,0,-17.0069
"MtrElec",11,2,18,"",120.102,0,0,0,0,0,0,0,0,0,0,0,0,0,0,0,0,0,0,0,0,120.102,0,0,0
"MtrElec",11,2,19,"",34.2455,0,0,0,0,0,0,0,0,0,0,0,0,0,0,0,0,0,0,0,0,102.121,0,-67.8758,0
"MtrElec",11,2,20,"",67.1938,0,0,0,0,0,0,0,0,0,0,0,0,0,0,0,0,0,0,0,0,135.07,0,-67.8758,0
"MtrElec",11,2,21,"",60.3381,0,0,0,0,0,0,0,0,0,0,0,0,0,0,0,0,0,0,0,0,128.214,0,-67.8758,0
"MtrElec",11,2,22,"",72.703,0,0,0,0,0,0,0,0,0,0,0,0,0,0,0,0,0,0,0,0,97.6343,0,-24.9313,0
"MtrElec",11,2,23,"",113.347,0,0,0,0,0,0,0,0,0,0,0,0,0,0,0,0,0,0,0,0,113.347,0,0,0
"MtrElec",11,2,24,"",90.8779,0,0,0,0,0,0,0,0,0,0,0,0,0,0,0,0,0,0,0,0,90.8779,0,0,0
"MtrElec",11,3,1,"",65.7506,0,0,0,0,0,0,0,0,0,0,0,0,0,0,0,0,0,0,0,0,65.7506,0,0,0
"MtrElec",11,3,2,"",49.6142,0,0,0,0,0,0,0,0,0,0,0,0,0,0,0,0,0,0,0,0,49.6142,0,0,0
"MtrElec",11,3,3,"",48.1695,0,0,0,0,0,0,0,0,0,0,0,0,0,0,0,0,0,0,0,0,48.1695,0,0,0
"MtrElec",11,3,4,"",48.1443,0,0,0,0,0,0,0,0,0,0,0,0,0,0,0,0,0,0,0,0,48.1443,0,0,0
"MtrElec",11,3,5,"",47.5826,0,0,0,0,0,0,0,0,0,0,0,0,0,0,0,0,0,0,0,0,47.5826,0,0,0
"MtrElec",11,3,6,"",60.8081,0,0,0,0,0,0,0,0,0,0,0,0,0,0,0,0,0,0,0,0,60.8081,0,0,0
"MtrElec",11,3,7,"",71.1727,0,0,0,0,0,0,0,0,0,0,0,0,0,0,0,0,0,0,0,0,76.9199,0,0,-5.74713
"MtrElec",11,3,8,"",55.2045,0,0,0,0,0,0,0,0,0,0,0,0,0,0,0,0,0,0,0,0,85.0312,0,0,-29.8267
"MtrElec",11,3,9,"",13.375,0,0,0,0,0,0,0,0,0,0,0,0,0,0,0,0,0,0,0,0,86.2043,0,0,-72.8293
"MtrElec",11,3,10,"",0,0,0,0,0,0,0,0,0,0,0,0,0,0,0,0,0,0,0,0,0,112.346,0,36.4581,-148.804
"MtrElec",11,3,11,"",0,0,0,0,0,0,0,0,0,0,0,0,0,0,0,0,0,0,0,0,0,120.963,0,52.5476,-173.511
"MtrElec",11,3,12,"",-3.01428,0,0,0,0,0,0,0,0,0,0,0,0,0,0,0,0,0,0,0,0,113.017,0,67.8758,-183.907
"MtrElec",11,3,13,"",-27.1522,0,0,0,0,0,0,0,0,0,0,0,0,0,0,0,0,0,0,0,0,82.6529,0,67.8758,-177.681
"MtrElec",11,3,14,"",-46.6728,0,0,0,0,0,0,0,0,0,0,0,0,0,0,0,0,0,0,0,0,81.5136,0,28.4932,-156.68
"MtrElec",11,3,15,"",-51.268,0,0,0,0,0,0,0,0,0,0,0,0,0,0,0,0,0,0,0,0,69.4196,0,0,-120.688
"MtrElec",11,3,16,"",15.2559,0,0,0,0,0,0,0,0,0,0,0,0,0,0,0,0,0,0,0,0,87.5193,0,0,-72.2634
"MtrElec",11,3,17,"",83.8212,0,0,0,0,0,0,0,0,0,0,0,0,0,0,0,0,0,0,0,0,101.853,0,0,-18.0319
"MtrElec",11,3,18,"",100.913,0,0,0,0,0,0,0,0,0,0,0,0,0,0,0,0,0,0,0,0,100.913,0,0,0
"MtrElec",11,3,19,"",59.8792,0,0,0,0,0,0,0,0,0,0,0,0,0,0,0,0,0,0,0,0,127.755,0,-67.8758,0
"MtrElec",11,3,20,"",36.5695,0,0,0,0,0,0,0,0,0,0,0,0,0,0,0,0,0,0,0,0,104.445,0,-67.8758,0
"MtrElec",11,3,21,"",71.0232,0,0,0,0,0,0,0,0,0,0,0,0,0,0,0,0,0,0,0,0,138.899,0,-67.8758,0
"MtrElec",11,3,22,"",60.2859,0,0,0,0,0,0,0,0,0,0,0,0,0,0,0,0,0,0,0,0,85.2172,0,-24.9313,0
"MtrElec",11,3,23,"",104.988,0,0,0,0,0,0,0,0,0,0,0,0,0,0,0,0,0,0,0,0,104.988,0,0,0
"MtrElec",11,3,24,"",74.1683,0,0,0,0,0,0,0,0,0,0,0,0,0,0,0,0,0,0,0,0,74.1683,0,0,0
"MtrElec",11,4,1,"",59.7196,0,0,0,0,0,0,0,0,0,0,0,0,0,0,0,0,0,0,0,0,59.7196,0,0,0
"MtrElec",11,4,2,"",49.4863,0,0,0,0,0,0,0,0,0,0,0,0,0,0,0,0,0,0,0,0,49.4863,0,0,0
"MtrElec",11,4,3,"",48.0726,0,0,0,0,0,0,0,0,0,0,0,0,0,0,0,0,0,0,0,0,48.0726,0,0,0
"MtrElec",11,4,4,"",48.0672,0,0,0,0,0,0,0,0,0,0,0,0,0,0,0,0,0,0,0,0,48.0672,0,0,0
"MtrElec",11,4,5,"",47.5093,0,0,0,0,0,0,0,0,0,0,0,0,0,0,0,0,0,0,0,0,47.5093,0,0,0
"MtrElec",11,4,6,"",52.3398,0,0,0,0,0,0,0,0,0,0,0,0,0,0,0,0,0,0,0,0,52.3398,0,0,0
"MtrElec",11,4,7,"",93.0122,0,0,0,0,0,0,0,0,0,0,0,0,0,0,0,0,0,0,0,0,94.9936,0,0,-1.98148
"MtrElec",11,4,8,"",92.0076,0,0,0,0,0,0,0,0,0,0,0,0,0,0,0,0,0,0,0,0,102.101,0,0,-10.0938
"MtrElec",11,4,9,"",95.43,0,0,0,0,0,0,0,0,0,0,0,0,0,0,0,0,0,0,0,0,139.663,0,0,-44.233
"MtrElec",11,4,10,"",66.937,0,0,0,0,0,0,0,0,0,0,0,0,0,0,0,0,0,0,0,0,143.272,0,0,-76.3354
"MtrElec",11,4,11,"",72.0998,0,0,0,0,0,0,0,0,0,0,0,0,0,0,0,0,0,0,0,0,107.425,0,0,-35.325
"MtrElec",11,4,12,"",58.1375,0,0,0,0,0,0,0,0,0,0,0,0,0,0,0,0,0,0,0,0,97.8428,0,0,-39.7053
"MtrElec",11,4,13,"",51.7745,0,0,0,0,0,0,0,0,0,0,0,0,0,0,0,0,0,0,0,0,125.449,0,0,-73.6742
"MtrElec",11,4,14,"",0,0,0,0,0,0,0,0,0,0,0,0,0,0,0,0,0,0,0,0,0,78.7962,0,37.6376,-116.434
"MtrElec",11,4,15,"",0.0000039,0,0,0,0,0,0,0,0,0,0,0,0,0,0,0,0,0,0,0,0,73.07,0,52.1998,-125.27
"MtrElec",11,4,16,"",28.7956,0,0,0,0,0,0,0,0,0,0,0,0,0,0,0,0,0,0,0,0,104.204,0,0,-75.4084
"MtrElec",11,4,17,"",70.7178,0,0,0,0,0,0,0,0,0,0,0,0,0,0,0,0,0,0,0,0,89.5694,0,0,-18.8515
"MtrElec",11,4,18,"",103.318,0,0,0,0,0,0,0,0,0,0,0,0,0,0,0,0,0,0,0,0,103.318,0,0,0
"MtrElec",11,4,19,"",40.3027,0,0,0,0,0,0,0,0,0,0,0,0,0,0,0,0,0,0,0,0,108.178,0,-67.8758,0
"MtrElec",11,4,20,"",143.617,0,0,0,0,0,0,0,0,0,0,0,0,0,0,0,0,0,0,0,0,156.82,0,-13.2025,0
"MtrElec",11,4,21,"",149.205,0,0,0,0,0,0,0,0,0,0,0,0,0,0,0,0,0,0,0,0,149.205,0,0,0
"MtrElec",11,4,22,"",111.77,0,0,0,0,0,0,0,0,0,0,0,0,0,0,0,0,0,0,0,0,111.77,0,0,0
"MtrElec",11,4,23,"",75.5946,0,0,0,0,0,0,0,0,0,0,0,0,0,0,0,0,0,0,0,0,75.5946,0,0,0
"MtrElec",11,4,24,"",60.1601,0,0,0,0,0,0,0,0,0,0,0,0,0,0,0,0,0,0,0,0,60.1601,0,0,0
"MtrElec",11,5,1,"",52.1566,0,0,0,0,0,0,0,0,0,0,0,0,0,0,0,0,0,0,0,0,52.1566,0,0,0
"MtrElec",11,5,2,"",59.2624,0,0,0,0,0,0,0,0,0,0,0,0,0,0,0,0,0,0,0,0,59.2624,0,0,0
"MtrElec",11,5,3,"",69.0678,0,0,0,0,0,0,0,0,0,0,0,0,0,0,0,0,0,0,0,0,69.0678,0,0,0
"MtrElec",11,5,4,"",56.8466,0,0,0,0,0,0,0,0,0,0,0,0,0,0,0,0,0,0,0,0,56.8466,0,0,0
"MtrElec",11,5,5,"",48.812,0,0,0,0,0,0,0,0,0,0,0,0,0,0,0,0,0,0,0,0,48.812,0,0,0
"MtrElec",11,5,6,"",52.8479,0,0,0,0,0,0,0,0,0,0,0,0,0,0,0,0,0,0,0,0,52.8479,0,0,0
"MtrElec",11,5,7,"",81.1986,0,0,0,0,0,0,0,0,0,0,0,0,0,0,0,0,0,0,0,0,97.4309,0,0,-16.2323
"MtrElec",11,5,8,"",12.859,0,0,0,0,0,0,0,0,0,0,0,0,0,0,0,0,0,0,0,0,79.667,0,0,-66.808
"MtrElec",11,5,9,"",0.0000039,0,0,0,0,0,0,0,0,0,0,0,0,0,0,0,0,0,0,0,0,79.5145,0,38.7867,-118.301
"MtrElec",11,5,10,"",0,0,0,0,0,0,0,0,0,0,0,0,0,0,0,0,0,0,0,0,0,92.7099,0,59.1431,-151.853
"MtrElec",11,5,11,"",-37.3044,0,0,0,0,0,0,0,0,0,0,0,0,0,0,0,0,0,0,0,0,68.8484,0,67.8758,-174.029
"MtrElec",11,5,12,"",-55.6989,0,0,0,0,0,0,0,0,0,0,0,0,0,0,0,0,0,0,0,0,60.7931,0,67.8758,-184.368
"MtrElec",11,5,13,"",-81.0317,0,0,0,0,0,0,0,0,0,0,0,0,0,0,0,0,0,0,0,0,77.6275,0,19.5692,-178.228
"MtrElec",11,5,14,"",-85.5149,0,0,0,0,0,0,0,0,0,0,0,0,0,0,0,0,0,0,0,0,71.829,0,0,-157.344
"MtrElec",11,5,15,"",-61.5898,0,0,0,0,0,0,0,0,0,0,0,0,0,0,0,0,0,0,0,0,60.8033,0,0,-122.393
"MtrElec",11,5,16,"",12.3956,0,0,0,0,0,0,0,0,0,0,0,0,0,0,0,0,0,0,0,0,85.4304,0,0,-73.0348
"MtrElec",11,5,17,"",66.028,0,0,0,0,0,0,0,0,0,0,0,0,0,0,0,0,0,0,0,0,84.0199,0,0,-17.9919
"MtrElec",11,5,18,"",120.903,0,0,0,0,0,0,0,0,0,0,0,0,0,0,0,0,0,0,0,0,120.903,0,0,0
"MtrElec",11,5,19,"",41.557,0,0,0,0,0,0,0,0,0,0,0,0,0,0,0,0,0,0,0,0,109.433,0,-67.8758,0
"MtrElec",11,5,20,"",59.7622,0,0,0,0,0,0,0,0,0,0,0,0,0,0,0,0,0,0,0,0,127.638,0,-67.8758,0
"MtrElec",11,5,21,"",63.0941,0,0,0,0,0,0,0,0,0,0,0,0,0,0,0,0,0,0,0,0,130.97,0,-67.8758,0
"MtrElec",11,5,22,"",82.4822,0,0,0,0,0,0,0,0,0,0,0,0,0,0,0,0,0,0,0,0,107.413,0,-24.9313,0
"MtrElec",11,5,23,"",98.6856,0,0,0,0,0,0,0,0,0,0,0,0,0,0,0,0,0,0,0,0,98.6856,0,0,0
"MtrElec",11,5,24,"",82.3544,0,0,0,0,0,0,0,0,0,0,0,0,0,0,0,0,0,0,0,0,82.3544,0,0,0
"MtrElec",11,6,1,"",59.579,0,0,0,0,0,0,0,0,0,0,0,0,0,0,0,0,0,0,0,0,59.579,0,0,0
"MtrElec",11,6,2,"",49.3699,0,0,0,0,0,0,0,0,0,0,0,0,0,0,0,0,0,0,0,0,49.3699,0,0,0
"MtrElec",11,6,3,"",49.3822,0,0,0,0,0,0,0,0,0,0,0,0,0,0,0,0,0,0,0,0,49.3822,0,0,0
"MtrElec",11,6,4,"",49.3607,0,0,0,0,0,0,0,0,0,0,0,0,0,0,0,0,0,0,0,0,49.3607,0,0,0
"MtrElec",11,6,5,"",48.7745,0,0,0,0,0,0,0,0,0,0,0,0,0,0,0,0,0,0,0,0,48.7745,0,0,0
"MtrElec",11,6,6,"",53.5522,0,0,0,0,0,0,0,0,0,0,0,0,0,0,0,0,0,0,0,0,53.5522,0,0,0
"MtrElec",11,6,7,"",73.9007,0,0,0,0,0,0,0,0,0,0,0,0,0,0,0,0,0,0,0,0,79.5581,0,0,-5.65748
"MtrElec",11,6,8,"",76.0506,0,0,0,0,0,0,0,0,0,0,0,0,0,0,0,0,0,0,0,0,104.49,0,0,-28.4394
"MtrElec",11,6,9,"",67.3242,0,0,0,0,0,0,0,0,0,0,0,0,0,0,0,0,0,0,0,0,107.104,0,0,-39.7798
"MtrElec",11,6,10,"",13.3203,0,0,0,0,0,0,0,0,0,0,0,0,0,0,0,0,0,0,0,0,82.8768,0,0,-69.5565
"MtrElec",11,6,11,"",0,0,0,0,0,0,0,0,0,0,0,0,0,0,0,0,0,0,0,0,0,108.361,0,29.3356,-137.696
"MtrElec",11,6,12,"",-8.03552,0,0,0,0,0,0,0,0,0,0,0,0,0,0,0,0,0,0,0,0,69.2729,0,67.8758,-145.184
"MtrElec",11,6,13,"",0,0,0,0,0,0,0,0,0,0,0,0,0,0,0,0,0,0,0,0,0,91.0048,0,45.5298,-136.535
"MtrElec",11,6,14,"",0,0,0,0,0,0,0,0,0,0,0,0,0,0,0,0,0,0,0,0,0,58.9792,0,17.1498,-76.129
"MtrElec",11,6,15,"",0,0,0,0,0,0,0,0,0,0,0,0,0,0,0,0,0,0,0,0,0,75.5055,0,9.85184,-85.3574
"MtrElec",11,6,16,"",30.1274,0,0,0,0,0,0,0,0,0,0,0,0,0,0,0,0,0,0,0,0,65.2701,0,0,-35.1427
"MtrElec",11,6,17,"",69.5033,0,0,0,0,0,0,0,0,0,0,0,0,0,0,0,0,0,0,0,0,77.7985,0,0,-8.29515
"MtrElec",11,6,18,"",102.211,0,0,0,0,0,0,0,0,0,0,0,0,0,0,0,0,0,0,0,0,102.211,0,0,0
"MtrElec",11,6,19,"",41.6314,0,0,0,0,0,0,0,0,0,0,0,0,0,0,0,0,0,0,0,0,109.507,0,-67.8758,0
"MtrElec",11,6,20,"",52.2503,0,0,0,0,0,0,0,0,0,0,0,0,0,0,0,0,0,0,0,0,120.126,0,-67.8758,0
"MtrElec",11,6,21,"",111.376,0,0,0,0,0,0,0,0,0,0,0,0,0,0,0,0,0,0,0,0,128.817,0,-17.4414,0
"MtrElec",11,6,22,"",91.7286,0,0,0,0,0,0,0,0,0,0,0,0,0,0,0,0,0,0,0,0,91.7286,0,0,0
"MtrElec",11,6,23,"",100.157,0,0,0,0,0,0,0,0,0,0,0,0,0,0,0,0,0,0,0,0,100.157,0,0,0
"MtrElec",11,6,24,"",78.5294,0,0,0,0,0,0,0,0,0,0,0,0,0,0,0,0,0,0,0,0,78.5294,0,0,0
"MtrElec",11,7,1,"",57.8457,0,0,0,0,0,0,0,0,0,0,0,0,0,0,0,0,0,0,0,0,57.8457,0,0,0
"MtrElec",11,7,2,"",49.5897,0,0,0,0,0,0,0,0,0,0,0,0,0,0,0,0,0,0,0,0,49.5897,0,0,0
"MtrElec",11,7,3,"",49.3064,0,0,0,0,0,0,0,0,0,0,0,0,0,0,0,0,0,0,0,0,49.3064,0,0,0
"MtrElec",11,7,4,"",49.736,0,0,0,0,0,0,0,0,0,0,0,0,0,0,0,0,0,0,0,0,49.736,0,0,0
"MtrElec",11,7,5,"",54.6348,0,0,0,0,0,0,0,0,0,0,0,0,0,0,0,0,0,0,0,0,54.6348,0,0,0
"MtrElec",11,7,6,"",50.0227,0,0,0,0,0,0,0,0,0,0,0,0,0,0,0,0,0,0,0,0,50.0227,0,0,0
"MtrElec",11,7,7,"",54.3056,0,0,0,0,0,0,0,0,0,0,0,0,0,0,0,0,0,0,0,0,55.6247,0,0,-1.31911
"MtrElec",11,7,8,"",58.3949,0,0,0,0,0,0,0,0,0,0,0,0,0,0,0,0,0,0,0,0,88.2946,0,0,-29.8997
"MtrElec",11,7,9,"",31.9201,0,0,0,0,0,0,0,0,0,0,0,0,0,0,0,0,0,0,0,0,88.7945,0,0,-56.8744
"MtrElec",11,7,10,"",4.63236,0,0,0,0,0,0,0,0,0,0,0,0,0,0,0,0,0,0,0,0,113.322,0,0,-108.689
"MtrElec",11,7,11,"",0,0,0,0,0,0,0,0,0,0,0,0,0,0,0,0,0,0,0,0,0,130.722,0,36.871,-167.593
"MtrElec",11,7,12,"",0,0,0,0,0,0,0,0,0,0,0,0,0,0,0,0,0,0,0,0,0,131.516,0,47.301,-178.817
"MtrElec",11,7,13,"",0,0,0,0,0,0,0,0,0,0,0,0,0,0,0,0,0,0,0,0,0,125.781,0,41.1071,-166.888
"MtrElec",11,7,14,"",0.0000039,0,0,0,0,0,0,0,0,0,0,0,0,0,0,0,0,0,0,0,0,90.0662,0,38.1505,-128.217
"MtrElec",11,7,15,"",12.7629,0,0,0,0,0,0,0,0,0,0,0,0,0,0,0,0,0,0,0,0,114.925,0,0,-102.162
"MtrElec",11,7,16,"",34.878,0,0,0,0,0,0,0,0,0,0,0,0,0,0,0,0,0,0,0,0,82.6748,0,0,-47.7968
"MtrElec",11,7,17,"",101.545,0,0,0,0,0,0,0,0,0,0,0,0,0,0,0,0,0,0,0,0,111.289,0,0,-9.74375
"MtrElec",11,7,18,"",101.756,0,0,0,0,0,0,0,0,0,0,0,0,0,0,0,0,0,0,0,0,101.756,0,0,0
"MtrElec",11,7,19,"",77.0331,0,0,0,0,0,0,0,0,0,0,0,0,0,0,0,0,0,0,0,0,144.909,0,-67.8758,0
"MtrElec",11,7,20,"",57.3419,0,0,0,0,0,0,0,0,0,0,0,0,0,0,0,0,0,0,0,0,125.218,0,-67.8758,0
"MtrElec",11,7,21,"",90.0711,0,0,0,0,0,0,0,0,0,0,0,0,0,0,0,0,0,0,0,0,101.815,0,-11.7438,0
"MtrElec",11,7,22,"",111.438,0,0,0,0,0,0,0,0,0,0,0,0,0,0,0,0,0,0,0,0,111.438,0,0,0
"MtrElec",11,7,23,"",71.3895,0,0,0,0,0,0,0,0,0,0,0,0,0,0,0,0,0,0,0,0,71.3895,0,0,0
"MtrElec",11,7,24,"",86.3306,0,0,0,0,0,0,0,0,0,0,0,0,0,0,0,0,0,0,0,0,86.3306,0,0,0
"MtrElec",11,8,1,"",64.2625,0,0,0,0,0,0,0,0,0,0,0,0,0,0,0,0,0,0,0,0,64.2625,0,0,0
"MtrElec",11,8,2,"",49.6033,0,0,0,0,0,0,0,0,0,0,0,0,0,0,0,0,0,0,0,0,49.6033,0,0,0
"MtrElec",11,8,3,"",50.7989,0,0,0,0,0,0,0,0,0,0,0,0,0,0,0,0,0,0,0,0,50.7989,0,0,0
"MtrElec",11,8,4,"",50.818,0,0,0,0,0,0,0,0,0,0,0,0,0,0,0,0,0,0,0,0,50.818,0,0,0
"MtrElec",11,8,5,"",54.6666,0,0,0,0,0,0,0,0,0,0,0,0,0,0,0,0,0,0,0,0,54.6666,0,0,0
"MtrElec",11,8,6,"",50.0708,0,0,0,0,0,0,0,0,0,0,0,0,0,0,0,0,0,0,0,0,50.0708,0,0,0
"MtrElec",11,8,7,"",55.0521,0,0,0,0,0,0,0,0,0,0,0,0,0,0,0,0,0,0,0,0,55.0521,0,0,0
"MtrElec",11,8,8,"",73.6274,0,0,0,0,0,0,0,0,0,0,0,0,0,0,0,0,0,0,0,0,86.9782,0,0,-13.3508
"MtrElec",11,8,9,"",21.9076,0,0,0,0,0,0,0,0,0,0,0,0,0,0,0,0,0,0,0,0,81.9299,0,0,-60.0224
"MtrElec",11,8,10,"",29.2533,0,0,0,0,0,0,0,0,0,0,0,0,0,0,0,0,0,0,0,0,104.488,0,0,-75.2346
"MtrElec",11,8,11,"",7.2051,0,0,0,0,0,0,0,0,0,0,0,0,0,0,0,0,0,0,0,0,119.066,0,0,-111.861
"MtrElec",11,8,12,"",0.0000002,0,0,0,0,0,0,0,0,0,0,0,0,0,0,0,0,0,0,0,0,137.587,0,4.04114,-141.628
"MtrElec",11,8,13,"",0.0000005,0,0,0,0,0,0,0,0,0,0,0,0,0,0,0,0,0,0,0,0,122.744,0,6.46849,-129.212
"MtrElec",11,8,14,"",0,0,0,0,0,0,0,0,0,0,0,0,0,0,0,0,0,0,0,0,0,88.3342,0,8.98773,-97.3219
"MtrElec",11,8,15,"",82.4495,0,0,0,0,0,0,0,0,0,0,0,0,0,0,0,0,0,0,0,0,137.899,0,0,-55.4494
"MtrElec",11,8,16,"",79.5129,0,0,0,0,0,0,0,0,0,0,0,0,0,0,0,0,0,0,0,0,102.71,0,0,-23.197
"MtrElec",11,8,17,"",96.2306,0,0,0,0,0,0,0,0,0,0,0,0,0,0,0,0,0,0,0,0,98.4088,0,0,-2.17828
"MtrElec",11,8,18,"",101.349,0,0,0,0,0,0,0,0,0,0,0,0,0,0,0,0,0,0,0,0,101.349,0,0,0
"MtrElec",11,8,19,"",130.949,0,0,0,0,0,0,0,0,0,0,0,0,0,0,0,0,0,0,0,0,148.546,0,-17.5964,0
"MtrElec",11,8,20,"",118.103,0,0,0,0,0,0,0,0,0,0,0,0,0,0,0,0,0,0,0,0,118.103,0,0,0
"MtrElec",11,8,21,"",114.975,0,0,0,0,0,0,0,0,0,0,0,0,0,0,0,0,0,0,0,0,114.975,0,0,0
"MtrElec",11,8,22,"",102.643,0,0,0,0,0,0,0,0,0,0,0,0,0,0,0,0,0,0,0,0,102.643,0,0,0
"MtrElec",11,8,23,"",100.867,0,0,0,0,0,0,0,0,0,0,0,0,0,0,0,0,0,0,0,0,100.867,0,0,0
"MtrElec",11,8,24,"",72.7427,0,0,0,0,0,0,0,0,0,0,0,0,0,0,0,0,0,0,0,0,72.7427,0,0,0
"MtrElec",11,9,1,"",52.115,0,0,0,0,0,0,0,0,0,0,0,0,0,0,0,0,0,0,0,0,52.115,0,0,0
"MtrElec",11,9,2,"",49.3559,0,0,0,0,0,0,0,0,0,0,0,0,0,0,0,0,0,0,0,0,49.3559,0,0,0
"MtrElec",11,9,3,"",47.8815,0,0,0,0,0,0,0,0,0,0,0,0,0,0,0,0,0,0,0,0,47.8815,0,0,0
"MtrElec",11,9,4,"",47.8484,0,0,0,0,0,0,0,0,0,0,0,0,0,0,0,0,0,0,0,0,47.8484,0,0,0
"MtrElec",11,9,5,"",47.2581,0,0,0,0,0,0,0,0,0,0,0,0,0,0,0,0,0,0,0,0,47.2581,0,0,0
"MtrElec",11,9,6,"",72.3234,0,0,0,0,0,0,0,0,0,0,0,0,0,0,0,0,0,0,0,0,72.3234,0,0,0
"MtrElec",11,9,7,"",79.3828,0,0,0,0,0,0,0,0,0,0,0,0,0,0,0,0,0,0,0,0,83.2562,0,0,-3.8734
"MtrElec",11,9,8,"",68.8155,0,0,0,0,0,0,0,0,0,0,0,0,0,0,0,0,0,0,0,0,103.103,0,0,-34.2874
"MtrElec",11,9,9,"",42.931,0,0,0,0,0,0,0,0,0,0,0,0,0,0,0,0,0,0,0,0,90.6203,0,0,-47.6893
"MtrElec",11,9,10,"",27.9781,0,0,0,0,0,0,0,0,0,0,0,0,0,0,0,0,0,0,0,0,127.063,0,0,-99.0845
"MtrElec",11,9,11,"",2.58295,0,0,0,0,0,0,0,0,0,0,0,0,0,0,0,0,0,0,0,0,111.08,0,0,-108.497
"MtrElec",11,9,12,"",21.7915,0,0,0,0,0,0,0,0,0,0,0,0,0,0,0,0,0,0,0,0,115.81,0,0,-94.0182
"MtrElec",11,9,13,"",0,0,0,0,0,0,0,0,0,0,0,0,0,0,0,0,0,0,0,0,0,88.716,0,3.46431,-92.1803
"MtrElec",11,9,14,"",0,0,0,0,0,0,0,0,0,0,0,0,0,0,0,0,0,0,0,0,0,67.5191,0,19.8284,-87.3475
"MtrElec",11,9,15,"",40.8322,0,0,0,0,0,0,0,0,0,0,0,0,0,0,0,0,0,0,0,0,85.7276,0,0,-44.8954
"MtrElec",11,9,16,"",56.6523,0,0,0,0,0,0,0,0,0,0,0,0,0,0,0,0,0,0,0,0,60.4594,0,0,-3.80711
"MtrElec",11,9,17,"",80.2392,0,0,0,0,0,0,0,0,0,0,0,0,0,0,0,0,0,0,0,0,80.2392,0,0,0
"MtrElec",11,9,18,"",130.286,0,0,0,0,0,0,0,0,0,0,0,0,0,0,0,0,0,0,0,0,130.286,0,0,0
"MtrElec",11,9,19,"",98.5124,0,0,0,0,0,0,0,0,0,0,0,0,0,0,0,0,0,0,0,0,119.534,0,-21.0217,0
"MtrElec",11,9,20,"",116.126,0,0,0,0,0,0,0,0,0,0,0,0,0,0,0,0,0,0,0,0,116.126,0,0,0
"MtrElec",11,9,21,"",139.569,0,0,0,0,0,0,0,0,0,0,0,0,0,0,0,0,0,0,0,0,139.569,0,0,0
"MtrElec",11,9,22,"",95.6634,0,0,0,0,0,0,0,0,0,0,0,0,0,0,0,0,0,0,0,0,95.6634,0,0,0
"MtrElec",11,9,23,"",108.096,0,0,0,0,0,0,0,0,0,0,0,0,0,0,0,0,0,0,0,0,108.096,0,0,0
"MtrElec",11,9,24,"",94.5999,0,0,0,0,0,0,0,0,0,0,0,0,0,0,0,0,0,0,0,0,94.5999,0,0,0
"MtrElec",11,10,1,"",76.1504,0,0,0,0,0,0,0,0,0,0,0,0,0,0,0,0,0,0,0,0,76.1504,0,0,0
"MtrElec",11,10,2,"",49.2655,0,0,0,0,0,0,0,0,0,0,0,0,0,0,0,0,0,0,0,0,49.2655,0,0,0
"MtrElec",11,10,3,"",47.8362,0,0,0,0,0,0,0,0,0,0,0,0,0,0,0,0,0,0,0,0,47.8362,0,0,0
"MtrElec",11,10,4,"",47.8286,0,0,0,0,0,0,0,0,0,0,0,0,0,0,0,0,0,0,0,0,47.8286,0,0,0
"MtrElec",11,10,5,"",47.2435,0,0,0,0,0,0,0,0,0,0,0,0,0,0,0,0,0,0,0,0,47.2435,0,0,0
"MtrElec",11,10,6,"",53.1908,0,0,0,0,0,0,0,0,0,0,0,0,0,0,0,0,0,0,0,0,53.1908,0,0,0
"MtrElec",11,10,7,"",87.421,0,0,0,0,0,0,0,0,0,0,0,0,0,0,0,0,0,0,0,0,93.3241,0,0,-5.90309
"MtrElec",11,10,8,"",70.4352,0,0,0,0,0,0,0,0,0,0,0,0,0,0,0,0,0,0,0,0,88.8746,0,0,-18.4394
"MtrElec",11,10,9,"",81.3261,0,0,0,0,0,0,0,0,0,0,0,0,0,0,0,0,0,0,0,0,115.833,0,0,-34.5072
"MtrElec",11,10,10,"",38.7284,0,0,0,0,0,0,0,0,0,0,0,0,0,0,0,0,0,0,0,0,114.722,0,0,-75.9935
"MtrElec",11,10,11,"",93.6607,0,0,0,0,0,0,0,0,0,0,0,0,0,0,0,0,0,0,0,0,145.388,0,0,-51.7276
"MtrElec",11,10,12,"",73.4283,0,0,0,0,0,0,0,0,0,0,0,0,0,0,0,0,0,0,0,0,108.317,0,0,-34.8891
"MtrElec",11,10,13,"",0,0,0,0,0,0,0,0,0,0,0,0,0,0,0,0,0,0,0,0,0,74.0602,0,21.8773,-95.9374
"MtrElec",11,10,14,"",0,0,0,0,0,0,0,0,0,0,0,0,0,0,0,0,0,0,0,0,0,76.4214,0,48.5137,-124.935
"MtrElec",11,10,15,"",68.4455,0,0,0,0,0,0,0,0,0,0,0,0,0,0,0,0,0,0,0,0,77.8029,0,0,-9.35742
"MtrElec",11,10,16,"",31.9101,0,0,0,0,0,0,0,0,0,0,0,0,0,0,0,0,0,0,0,0,84.7248,0,0,-52.8147
"MtrElec",11,10,17,"",69.035,0,0,0,0,0,0,0,0,0,0,0,0,0,0,0,0,0,0,0,0,80.8936,0,0,-11.8587
"MtrElec",11,10,18,"",98.5764,0,0,0,0,0,0,0,0,0,0,0,0,0,0,0,0,0,0,0,0,98.5764,0,0,0
"MtrElec",11,10,19,"",48.0866,0,0,0,0,0,0,0,0,0,0,0,0,0,0,0,0,0,0,0,0,111.615,0,-63.5279,0
"MtrElec",11,10,20,"",115.629,0,0,0,0,0,0,0,0,0,0,0,0,0,0,0,0,0,0,0,0,115.629,0,0,0
"MtrElec",11,10,21,"",142.989,0,0,0,0,0,0,0,0,0,0,0,0,0,0,0,0,0,0,0,0,142.989,0,0,0
"MtrElec",11,10,22,"",85.9716,0,0,0,0,0,0,0,0,0,0,0,0,0,0,0,0,0,0,0,0,85.9716,0,0,0
"MtrElec",11,10,23,"",107.276,0,0,0,0,0,0,0,0,0,0,0,0,0,0,0,0,0,0,0,0,107.276,0,0,0
"MtrElec",11,10,24,"",93.5459,0,0,0,0,0,0,0,0,0,0,0,0,0,0,0,0,0,0,0,0,93.5459,0,0,0
"MtrElec",11,11,1,"",52.146,0,0,0,0,0,0,0,0,0,0,0,0,0,0,0,0,0,0,0,0,52.146,0,0,0
"MtrElec",11,11,2,"",49.4641,0,0,0,0,0,0,0,0,0,0,0,0,0,0,0,0,0,0,0,0,49.4641,0,0,0
"MtrElec",11,11,3,"",47.7082,0,0,0,0,0,0,0,0,0,0,0,0,0,0,0,0,0,0,0,0,47.7082,0,0,0
"MtrElec",11,11,4,"",47.7126,0,0,0,0,0,0,0,0,0,0,0,0,0,0,0,0,0,0,0,0,47.7126,0,0,0
"MtrElec",11,11,5,"",47.0404,0,0,0,0,0,0,0,0,0,0,0,0,0,0,0,0,0,0,0,0,47.0404,0,0,0
"MtrElec",11,11,6,"",62.0382,0,0,0,0,0,0,0,0,0,0,0,0,0,0,0,0,0,0,0,0,62.0382,0,0,0
"MtrElec",11,11,7,"",79.7209,0,0,0,0,0,0,0,0,0,0,0,0,0,0,0,0,0,0,0,0,84.0615,0,0,-4.34059
"MtrElec",11,11,8,"",56.1455,0,0,0,0,0,0,0,0,0,0,0,0,0,0,0,0,0,0,0,0,102.511,0,0,-46.3651
"MtrElec",11,11,9,"",98.2598,0,0,0,0,0,0,0,0,0,0,0,0,0,0,0,0,0,0,0,0,134.47,0,0,-36.2099
"MtrElec",11,11,10,"",147.41,0,0,0,0,0,0,0,0,0,0,0,0,0,0,0,0,0,0,0,0,167.329,0,0,-19.9189
"MtrElec",11,11,11,"",49.4643,0,0,0,0,0,0,0,0,0,0,0,0,0,0,0,0,0,0,0,0,79.626,0,0,-30.1617
"MtrElec",11,11,12,"",63.7751,0,0,0,0,0,0,0,0,0,0,0,0,0,0,0,0,0,0,0,0,99.9317,0,0,-36.1566
"MtrElec",11,11,13,"",53.0344,0,0,0,0,0,0,0,0,0,0,0,0,0,0,0,0,0,0,0,0,101.365,0,0,-48.3307
"MtrElec",11,11,14,"",29.9169,0,0,0,0,0,0,0,0,0,0,0,0,0,0,0,0,0,0,0,0,75.2472,0,0,-45.3303
"MtrElec",11,11,15,"",55.7511,0,0,0,0,0,0,0,0,0,0,0,0,0,0,0,0,0,0,0,0,92.5826,0,0,-36.8315
"MtrElec",11,11,16,"",42.7276,0,0,0,0,0,0,0,0,0,0,0,0,0,0,0,0,0,0,0,0,66.2586,0,0,-23.531
"MtrElec",11,11,17,"",79.2077,0,0,0,0,0,0,0,0,0,0,0,0,0,0,0,0,0,0,0,0,79.5247,0,0,-0.316964
"MtrElec",11,11,18,"",132.955,0,0,0,0,0,0,0,0,0,0,0,0,0,0,0,0,0,0,0,0,132.955,0,0,0
"MtrElec",11,11,19,"",134.769,0,0,0,0,0,0,0,0,0,0,0,0,0,0,0,0,0,0,0,0,134.769,0,0,0
"MtrElec",11,11,20,"",96.6686,0,0,0,0,0,0,0,0,0,0,0,0,0,0,0,0,0,0,0,0,96.6686,0,0,0
"MtrElec",11,11,21,"",122.894,0,0,0,0,0,0,0,0,0,0,0,0,0,0,0,0,0,0,0,0,122.894,0,0,0
"MtrElec",11,11,22,"",89.9379,0,0,0,0,0,0,0,0,0,0,0,0,0,0,0,0,0,0,0,0,89.9379,0,0,0
"MtrElec",11,11,23,"",75.383,0,0,0,0,0,0,0,0,0,0,0,0,0,0,0,0,0,0,0,0,75.383,0,0,0
"MtrElec",11,11,24,"",87.9711,0,0,0,0,0,0,0,0,0,0,0,0,0,0,0,0,0,0,0,0,87.9711,0,0,0
"MtrElec",11,12,1,"",54.0056,0,0,0,0,0,0,0,0,0,0,0,0,0,0,0,0,0,0,0,0,54.0056,0,0,0
"MtrElec",11,12,2,"",50.4823,0,0,0,0,0,0,0,0,0,0,0,0,0,0,0,0,0,0,0,0,50.4823,0,0,0
"MtrElec",11,12,3,"",49.0761,0,0,0,0,0,0,0,0,0,0,0,0,0,0,0,0,0,0,0,0,49.0761,0,0,0
"MtrElec",11,12,4,"",49.0652,0,0,0,0,0,0,0,0,0,0,0,0,0,0,0,0,0,0,0,0,49.0652,0,0,0
"MtrElec",11,12,5,"",48.4483,0,0,0,0,0,0,0,0,0,0,0,0,0,0,0,0,0,0,0,0,48.4483,0,0,0
"MtrElec",11,12,6,"",52.4159,0,0,0,0,0,0,0,0,0,0,0,0,0,0,0,0,0,0,0,0,52.4159,0,0,0
"MtrElec",11,12,7,"",56.9981,0,0,0,0,0,0,0,0,0,0,0,0,0,0,0,0,0,0,0,0,68.5403,0,0,-11.5423
"MtrElec",11,12,8,"",56.1852,0,0,0,0,0,0,0,0,0,0,0,0,0,0,0,0,0,0,0,0,118.173,0,0,-61.9881
"MtrElec",11,12,9,"",0.797758,0,0,0,0,0,0,0,0,0,0,0,0,0,0,0,0,0,0,0,0,114.152,0,0,-113.354
"MtrElec",11,12,10,"",0,0,0,0,0,0,0,0,0,0,0,0,0,0,0,0,0,0,0,0,0,91.1748,0,57.058,-148.233
"MtrElec",11,12,11,"",0.0000039,0,0,0,0,0,0,0,0,0,0,0,0,0,0,0,0,0,0,0,0,111.807,0,56.2036,-168.011
"MtrElec",11,12,12,"",-39.0577,0,0,0,0,0,0,0,0,0,0,0,0,0,0,0,0,0,0,0,0,67.4676,0,67.8758,-174.401
"MtrElec",11,12,13,"",-27.8437,0,0,0,0,0,0,0,0,0,0,0,0,0,0,0,0,0,0,0,0,72.2077,0,67.8758,-167.927
"MtrElec",11,12,14,"",-66.309,0,0,0,0,0,0,0,0,0,0,0,0,0,0,0,0,0,0,0,0,82.3773,0,4.2374,-152.924
"MtrElec",11,12,15,"",-48.5561,0,0,0,0,0,0,0,0,0,0,0,0,0,0,0,0,0,0,0,0,70.9343,0,0,-119.49
"MtrElec",11,12,16,"",14.2883,0,0,0,0,0,0,0,0,0,0,0,0,0,0,0,0,0,0,0,0,83.1931,0,0,-68.9047
"MtrElec",11,12,17,"",64.6567,0,0,0,0,0,0,0,0,0,0,0,0,0,0,0,0,0,0,0,0,79.8785,0,0,-15.2218
"MtrElec",11,12,18,"",86.727,0,0,0,0,0,0,0,0,0,0,0,0,0,0,0,0,0,0,0,0,86.727,0,0,0
"MtrElec",11,12,19,"",64.9087,0,0,0,0,0,0,0,0,0,0,0,0,0,0,0,0,0,0,0,0,132.784,0,-67.8758,0
"MtrElec",11,12,20,"",31.7208,0,0,0,0,0,0,0,0,0,0,0,0,0,0,0,0,0,0,0,0,99.5966,0,-67.8758,0
"MtrElec",11,12,21,"",55.4605,0,0,0,0,0,0,0,0,0,0,0,0,0,0,0,0,0,0,0,0,123.336,0,-67.8758,0
"MtrElec",11,12,22,"",81.5865,0,0,0,0,0,0,0,0,0,0,0,0,0,0,0,0,0,0,0,0,106.518,0,-24.9313,0
"MtrElec",11,12,23,"",81.4792,0,0,0,0,0,0,0,0,0,0,0,0,0,0,0,0,0,0,0,0,81.4792,0,0,0
"MtrElec",11,12,24,"",84.1052,0,0,0,0,0,0,0,0,0,0,0,0,0,0,0,0,0,0,0,0,84.1052,0,0,0
"MtrElec",11,13,1,"",68.5554,0,0,0,0,0,0,0,0,0,0,0,0,0,0,0,0,0,0,0,0,68.5554,0,0,0
"MtrElec",11,13,2,"",50.6822,0,0,0,0,0,0,0,0,0,0,0,0,0,0,0,0,0,0,0,0,50.6822,0,0,0
"MtrElec",11,13,3,"",49.2344,0,0,0,0,0,0,0,0,0,0,0,0,0,0,0,0,0,0,0,0,49.2344,0,0,0
"MtrElec",11,13,4,"",49.2136,0,0,0,0,0,0,0,0,0,0,0,0,0,0,0,0,0,0,0,0,49.2136,0,0,0
"MtrElec",11,13,5,"",48.6083,0,0,0,0,0,0,0,0,0,0,0,0,0,0,0,0,0,0,0,0,48.6083,0,0,0
"MtrElec",11,13,6,"",52.6046,0,0,0,0,0,0,0,0,0,0,0,0,0,0,0,0,0,0,0,0,52.6046,0,0,0
"MtrElec",11,13,7,"",52.4675,0,0,0,0,0,0,0,0,0,0,0,0,0,0,0,0,0,0,0,0,59.3044,0,0,-6.83684
"MtrElec",11,13,8,"",46.0826,0,0,0,0,0,0,0,0,0,0,0,0,0,0,0,0,0,0,0,0,105.365,0,0,-59.2822
"MtrElec",11,13,9,"",6.211,0,0,0,0,0,0,0,0,0,0,0,0,0,0,0,0,0,0,0,0,117.218,0,0,-111.007
"MtrElec",11,13,10,"",0.0000039,0,0,0,0,0,0,0,0,0,0,0,0,0,0,0,0,0,0,0,0,107.642,0,40.9449,-148.587
"MtrElec",11,13,11,"",0.0000039,0,0,0,0,0,0,0,0,0,0,0,0,0,0,0,0,0,0,0,0,105.903,0,60.0242,-165.927
"MtrElec",11,13,12,"",0,0,0,0,0,0,0,0,0,0,0,0,0,0,0,0,0,0,0,0,0,104.359,0,63.9266,-168.285
"MtrElec",11,13,13,"",0,0,0,0,0,0,0,0,0,0,0,0,0,0,0,0,0,0,0,0,0,127.18,0,38.7356,-165.915
"MtrElec",11,13,14,"",-7.5262,0,0,0,0,0,0,0,0,0,0,0,0,0,0,0,0,0,0,0,0,91.5525,0,49.6191,-148.698
"MtrElec",11,13,15,"",-31.2733,0,0,0,0,0,0,0,0,0,0,0,0,0,0,0,0,0,0,0,0,83.826,0,0,-115.099
"MtrElec",11,13,16,"",26.5213,0,0,0,0,0,0,0,0,0,0,0,0,0,0,0,0,0,0,0,0,85.7321,0,0,-59.2108
"MtrElec",11,13,17,"",107.889,0,0,0,0,0,0,0,0,0,0,0,0,0,0,0,0,0,0,0,0,118.983,0,0,-11.0942
"MtrElec",11,13,18,"",96.6175,0,0,0,0,0,0,0,0,0,0,0,0,0,0,0,0,0,0,0,0,96.6175,0,0,0
"MtrElec",11,13,19,"",70.349,0,0,0,0,0,0,0,0,0,0,0,0,0,0,0,0,0,0,0,0,138.225,0,-67.8758,0
"MtrElec",11,13,20,"",52.696,0,0,0,0,0,0,0,0,0,0,0,0,0,0,0,0,0,0,0,0,120.572,0,-67.8758,0
"MtrElec",11,13,21,"",82.1721,0,0,0,0,0,0,0,0,0,0,0,0,0,0,0,0,0,0,0,0,150.048,0,-67.8758,0
"MtrElec",11,13,22,"",64.3545,0,0,0,0,0,0,0,0,0,0,0,0,0,0,0,0,0,0,0,0,89.2858,0,-24.9313,0
"MtrElec",11,13,23,"",84.9619,0,0,0,0,0,0,0,0,0,0,0,0,0,0,0,0,0,0,0,0,84.9619,0,0,0
"MtrElec",11,13,24,"",82.3684,0,0,0,0,0,0,0,0,0,0,0,0,0,0,0,0,0,0,0,0,82.3684,0,0,0
"MtrElec",11,14,1,"",59.7971,0,0,0,0,0,0,0,0,0,0,0,0,0,0,0,0,0,0,0,0,59.7971,0,0,0
"MtrElec",11,14,2,"",51.0862,0,0,0,0,0,0,0,0,0,0,0,0,0,0,0,0,0,0,0,0,51.0862,0,0,0
"MtrElec",11,14,3,"",50.7894,0,0,0,0,0,0,0,0,0,0,0,0,0,0,0,0,0,0,0,0,50.7894,0,0,0
"MtrElec",11,14,4,"",52.9738,0,0,0,0,0,0,0,0,0,0,0,0,0,0,0,0,0,0,0,0,52.9738,0,0,0
"MtrElec",11,14,5,"",71.009,0,0,0,0,0,0,0,0,0,0,0,0,0,0,0,0,0,0,0,0,71.009,0,0,0
"MtrElec",11,14,6,"",51.4851,0,0,0,0,0,0,0,0,0,0,0,0,0,0,0,0,0,0,0,0,51.4851,0,0,0
"MtrElec",11,14,7,"",71.1832,0,0,0,0,0,0,0,0,0,0,0,0,0,0,0,0,0,0,0,0,78.2646,0,0,-7.08141
"MtrElec",11,14,8,"",1.27646,0,0,0,0,0,0,0,0,0,0,0,0,0,0,0,0,0,0,0,0,60.3027,0,0,-59.0263
"MtrElec",11,14,9,"",0,0,0,0,0,0,0,0,0,0,0,0,0,0,0,0,0,0,0,0,0,104.242,0,3.50533,-107.747
"MtrElec",11,14,10,"",0,0,0,0,0,0,0,0,0,0,0,0,0,0,0,0,0,0,0,0,0,120.336,0,24.1761,-144.512
"MtrElec",11,14,11,"",0.0000010,0,0,0,0,0,0,0,0,0,0,0,0,0,0,0,0,0,0,0,0,158.057,0,9.23028,-167.287
"MtrElec",11,14,12,"",0,0,0,0,0,0,0,0,0,0,0,0,0,0,0,0,0,0,0,0,0,122.924,0,51.173,-174.097
"MtrElec",11,14,13,"",0.0000020,0,0,0,0,0,0,0,0,0,0,0,0,0,0,0,0,0,0,0,0,136.283,0,31.0298,-167.313
"MtrElec",11,14,14,"",0.0000078,0,0,0,0,0,0,0,0,0,0,0,0,0,0,0,0,0,0,0,0,79.8461,0,66.7713,-146.617
"MtrElec",11,14,15,"",0,0,0,0,0,0,0,0,0,0,0,0,0,0,0,0,0,0,0,0,0,103.308,0,9.60125,-112.909
"MtrElec",11,14,16,"",13.13,0,0,0,0,0,0,0,0,0,0,0,0,0,0,0,0,0,0,0,0,78.6034,0,0,-65.4734
"MtrElec",11,14,17,"",88.1442,0,0,0,0,0,0,0,0,0,0,0,0,0,0,0,0,0,0,0,0,102.387,0,0,-14.2432
"MtrElec",11,14,18,"",89.7372,0,0,0,0,0,0,0,0,0,0,0,0,0,0,0,0,0,0,0,0,89.7372,0,0,0
"MtrElec",11,14,19,"",77.8325,0,0,0,0,0,0,0,0,0,0,0,0,0,0,0,0,0,0,0,0,145.708,0,-67.8758,0
"MtrElec",11,14,20,"",25.1139,0,0,0,0,0,0,0,0,0,0,0,0,0,0,0,0,0,0,0,0,92.9897,0,-67.8758,0
"MtrElec",11,14,21,"",76.6909,0,0,0,0,0,0,0,0,0,0,0,0,0,0,0,0,0,0,0,0,117.366,0,-40.6755,0
"MtrElec",11,14,22,"",106.023,0,0,0,0,0,0,0,0,0,0,0,0,0,0,0,0,0,0,0,0,106.023,0,0,0
"MtrElec",11,14,23,"",88.6044,0,0,0,0,0,0,0,0,0,0,0,0,0,0,0,0,0,0,0,0,88.6044,0,0,0
"MtrElec",11,14,24,"",89.6124,0,0,0,0,0,0,0,0,0,0,0,0,0,0,0,0,0,0,0,0,89.6124,0,0,0
"MtrElec",11,15,1,"",66.5289,0,0,0,0,0,0,0,0,0,0,0,0,0,0,0,0,0,0,0,0,66.5289,0,0,0
"MtrElec",11,15,2,"",49.6999,0,0,0,0,0,0,0,0,0,0,0,0,0,0,0,0,0,0,0,0,49.6999,0,0,0
"MtrElec",11,15,3,"",49.4709,0,0,0,0,0,0,0,0,0,0,0,0,0,0,0,0,0,0,0,0,49.4709,0,0,0
"MtrElec",11,15,4,"",48.9994,0,0,0,0,0,0,0,0,0,0,0,0,0,0,0,0,0,0,0,0,48.9994,0,0,0
"MtrElec",11,15,5,"",47.2888,0,0,0,0,0,0,0,0,0,0,0,0,0,0,0,0,0,0,0,0,47.2888,0,0,0
"MtrElec",11,15,6,"",50.1336,0,0,0,0,0,0,0,0,0,0,0,0,0,0,0,0,0,0,0,0,50.1336,0,0,0
"MtrElec",11,15,7,"",50.1516,0,0,0,0,0,0,0,0,0,0,0,0,0,0,0,0,0,0,0,0,56.6262,0,0,-6.47453
"MtrElec",11,15,8,"",45.1085,0,0,0,0,0,0,0,0,0,0,0,0,0,0,0,0,0,0,0,0,101.552,0,0,-56.444
"MtrElec",11,15,9,"",0,0,0,0,0,0,0,0,0,0,0,0,0,0,0,0,0,0,0,0,0,108.535,0,0.25432,-108.789
"MtrElec",11,15,10,"",0,0,0,0,0,0,0,0,0,0,0,0,0,0,0,0,0,0,0,0,0,112.491,0,35.4182,-147.909
"MtrElec",11,15,11,"",-11.4858,0,0,0,0,0,0,0,0,0,0,0,0,0,0,0,0,0,0,0,0,95.0933,0,67.8758,-174.455
"MtrElec",11,15,12,"",0.0000039,0,0,0,0,0,0,0,0,0,0,0,0,0,0,0,0,0,0,0,0,129.4,0,55.4323,-184.832
"MtrElec",11,15,13,"",0,0,0,0,0,0,0,0,0,0,0,0,0,0,0,0,0,0,0,0,0,130.701,0,48.6415,-179.342
"MtrElec",11,15,14,"",-5.79319,0,0,0,0,0,0,0,0,0,0,0,0,0,0,0,0,0,0,0,0,106.79,0,45.6284,-158.212
"MtrElec",11,15,15,"",-17.2074,0,0,0,0,0,0,0,0,0,0,0,0,0,0,0,0,0,0,0,0,105.406,0,0,-122.613
"MtrElec",11,15,16,"",49.7047,0,0,0,0,0,0,0,0,0,0,0,0,0,0,0,0,0,0,0,0,120.519,0,0,-70.8141
"MtrElec",11,15,17,"",76.0916,0,0,0,0,0,0,0,0,0,0,0,0,0,0,0,0,0,0,0,0,87.5941,0,0,-11.5025
"MtrElec",11,15,18,"",114.789,0,0,0,0,0,0,0,0,0,0,0,0,0,0,0,0,0,0,0,0,114.789,0,0,0
"MtrElec",11,15,19,"",79.5433,0,0,0,0,0,0,0,0,0,0,0,0,0,0,0,0,0,0,0,0,147.419,0,-67.8758,0
"MtrElec",11,15,20,"",74.4715,0,0,0,0,0,0,0,0,0,0,0,0,0,0,0,0,0,0,0,0,142.347,0,-67.8758,0
"MtrElec",11,15,21,"",26.2321,0,0,0,0,0,0,0,0,0,0,0,0,0,0,0,0,0,0,0,0,94.1078,0,-67.8758,0
"MtrElec",11,15,22,"",90.6563,0,0,0,0,0,0,0,0,0,0,0,0,0,0,0,0,0,0,0,0,115.588,0,-24.9313,0
"MtrElec",11,15,23,"",80.1423,0,0,0,0,0,0,0,0,0,0,0,0,0,0,0,0,0,0,0,0,80.1423,0,0,0
"MtrElec",11,15,24,"",118.824,0,0,0,0,0,0,0,0,0,0,0,0,0,0,0,0,0,0,0,0,118.824,0,0,0
"MtrElec",11,16,1,"",60.1721,0,0,0,0,0,0,0,0,0,0,0,0,0,0,0,0,0,0,0,0,60.1721,0,0,0
"MtrElec",11,16,2,"",49.7961,0,0,0,0,0,0,0,0,0,0,0,0,0,0,0,0,0,0,0,0,49.7961,0,0,0
"MtrElec",11,16,3,"",48.4073,0,0,0,0,0,0,0,0,0,0,0,0,0,0,0,0,0,0,0,0,48.4073,0,0,0
"MtrElec",11,16,4,"",48.2736,0,0,0,0,0,0,0,0,0,0,0,0,0,0,0,0,0,0,0,0,48.2736,0,0,0
"MtrElec",11,16,5,"",47.6038,0,0,0,0,0,0,0,0,0,0,0,0,0,0,0,0,0,0,0,0,47.6038,0,0,0
"MtrElec",11,16,6,"",52.6787,0,0,0,0,0,0,0,0,0,0,0,0,0,0,0,0,0,0,0,0,52.6787,0,0,0
"MtrElec",11,16,7,"",70.6945,0,0,0,0,0,0,0,0,0,0,0,0,0,0,0,0,0,0,0,0,78.1615,0,0,-7.46703
"MtrElec",11,16,8,"",39.9305,0,0,0,0,0,0,0,0,0,0,0,0,0,0,0,0,0,0,0,0,100.342,0,0,-60.4114
"MtrElec",11,16,9,"",0.0000020,0,0,0,0,0,0,0,0,0,0,0,0,0,0,0,0,0,0,0,0,88.2328,0,26.3426,-114.575
"MtrElec",11,16,10,"",0.0000020,0,0,0,0,0,0,0,0,0,0,0,0,0,0,0,0,0,0,0,0,124.15,0,28.9927,-153.143
"MtrElec",11,16,11,"",-2.7633,0,0,0,0,0,0,0,0,0,0,0,0,0,0,0,0,0,0,0,0,105.889,0,67.8758,-176.528
"MtrElec",11,16,12,"",-12.4484,0,0,0,0,0,0,0,0,0,0,0,0,0,0,0,0,0,0,0,0,103.827,0,67.8758,-184.151
"MtrElec",11,16,13,"",-34.5078,0,0,0,0,0,0,0,0,0,0,0,0,0,0,0,0,0,0,0,0,81.0953,0,62.1637,-177.767
"MtrElec",11,16,14,"",-67.5208,0,0,0,0,0,0,0,0,0,0,0,0,0,0,0,0,0,0,0,0,89.671,0,0,-157.192
"MtrElec",11,16,15,"",-45.3568,0,0,0,0,0,0,0,0,0,0,0,0,0,0,0,0,0,0,0,0,75.7945,0,0,-121.151
"MtrElec",11,16,16,"",12.4361,0,0,0,0,0,0,0,0,0,0,0,0,0,0,0,0,0,0,0,0,83.0989,0,0,-70.6628
"MtrElec",11,16,17,"",84.9522,0,0,0,0,0,0,0,0,0,0,0,0,0,0,0,0,0,0,0,0,100.345,0,0,-15.3927
"MtrElec",11,16,18,"",121.295,0,0,0,0,0,0,0,0,0,0,0,0,0,0,0,0,0,0,0,0,121.295,0,0,0
"MtrElec",11,16,19,"",49.0958,0,0,0,0,0,0,0,0,0,0,0,0,0,0,0,0,0,0,0,0,116.972,0,-67.8758,0
"MtrElec",11,16,20,"",85.7452,0,0,0,0,0,0,0,0,0,0,0,0,0,0,0,0,0,0,0,0,153.621,0,-67.8758,0
"MtrElec",11,16,21,"",53.7046,0,0,0,0,0,0,0,0,0,0,0,0,0,0,0,0,0,0,0,0,121.58,0,-67.8758,0
"MtrElec",11,16,22,"",58.5484,0,0,0,0,0,0,0,0,0,0,0,0,0,0,0,0,0,0,0,0,83.4797,0,-24.9313,0
"MtrElec",11,16,23,"",114.965,0,0,0,0,0,0,0,0,0,0,0,0,0,0,0,0,0,0,0,0,114.965,0,0,0
"MtrElec",11,16,24,"",97.9769,0,0,0,0,0,0,0,0,0,0,0,0,0,0,0,0,0,0,0,0,97.9769,0,0,0
"MtrElec",11,17,1,"",65.3783,0,0,0,0,0,0,0,0,0,0,0,0,0,0,0,0,0,0,0,0,65.3783,0,0,0
"MtrElec",11,17,2,"",49.5436,0,0,0,0,0,0,0,0,0,0,0,0,0,0,0,0,0,0,0,0,49.5436,0,0,0
"MtrElec",11,17,3,"",48.1074,0,0,0,0,0,0,0,0,0,0,0,0,0,0,0,0,0,0,0,0,48.1074,0,0,0
"MtrElec",11,17,4,"",48.0989,0,0,0,0,0,0,0,0,0,0,0,0,0,0,0,0,0,0,0,0,48.0989,0,0,0
"MtrElec",11,17,5,"",48.9922,0,0,0,0,0,0,0,0,0,0,0,0,0,0,0,0,0,0,0,0,48.9922,0,0,0
"MtrElec",11,17,6,"",53.0578,0,0,0,0,0,0,0,0,0,0,0,0,0,0,0,0,0,0,0,0,53.0578,0,0,0
"MtrElec",11,17,7,"",79.8195,0,0,0,0,0,0,0,0,0,0,0,0,0,0,0,0,0,0,0,0,86.7434,0,0,-6.92392
"MtrElec",11,17,8,"",31.6573,0,0,0,0,0,0,0,0,0,0,0,0,0,0,0,0,0,0,0,0,91.4505,0,0,-59.7932
"MtrElec",11,17,9,"",0,0,0,0,0,0,0,0,0,0,0,0,0,0,0,0,0,0,0,0,0,94.8947,0,16.9113,-111.806
"MtrElec",11,17,10,"",0,0,0,0,0,0,0,0,0,0,0,0,0,0,0,0,0,0,0,0,0,121.325,0,27.0237,-148.349
"MtrElec",11,17,11,"",-9.4405,0,0,0,0,0,0,0,0,0,0,0,0,0,0,0,0,0,0,0,0,93.45,0,67.8758,-170.766
"MtrElec",11,17,12,"",-20.412,0,0,0,0,0,0,0,0,0,0,0,0,0,0,0,0,0,0,0,0,92.8999,0,67.8758,-181.188
"MtrElec",11,17,13,"",0.0000039,0,0,0,0,0,0,0,0,0,0,0,0,0,0,0,0,0,0,0,0,120.032,0,45.4147,-165.447
"MtrElec",11,17,14,"",-18.2192,0,0,0,0,0,0,0,0,0,0,0,0,0,0,0,0,0,0,0,0,108.073,0,28.1493,-154.441
"MtrElec",11,17,15,"",-33.4768,0,0,0,0,0,0,0,0,0,0,0,0,0,0,0,0,0,0,0,0,84.5771,0,0,-118.054
"MtrElec",11,17,16,"",36.1734,0,0,0,0,0,0,0,0,0,0,0,0,0,0,0,0,0,0,0,0,104.025,0,0,-67.8512
"MtrElec",11,17,17,"",83.3474,0,0,0,0,0,0,0,0,0,0,0,0,0,0,0,0,0,0,0,0,97.4135,0,0,-14.0662
"MtrElec",11,17,18,"",127.881,0,0,0,0,0,0,0,0,0,0,0,0,0,0,0,0,0,0,0,0,127.881,0,0,0
"MtrElec",11,17,19,"",56.3005,0,0,0,0,0,0,0,0,0,0,0,0,0,0,0,0,0,0,0,0,124.176,0,-67.8758,0
"MtrElec",11,17,20,"",74.8435,0,0,0,0,0,0,0,0,0,0,0,0,0,0,0,0,0,0,0,0,142.719,0,-67.8758,0
"MtrElec",11,17,21,"",81.5828,0,0,0,0,0,0,0,0,0,0,0,0,0,0,0,0,0,0,0,0,149.459,0,-67.8758,0
"MtrElec",11,17,22,"",102.171,0,0,0,0,0,0,0,0,0,0,0,0,0,0,0,0,0,0,0,0,127.102,0,-24.9313,0
"MtrElec",11,17,23,"",79.9792,0,0,0,0,0,0,0,0,0,0,0,0,0,0,0,0,0,0,0,0,79.9792,0,0,0
"MtrElec",11,17,24,"",64.4205,0,0,0,0,0,0,0,0,0,0,0,0,0,0,0,0,0,0,0,0,64.4205,0,0,0
"MtrElec",11,18,1,"",52.3996,0,0,0,0,0,0,0,0,0,0,0,0,0,0,0,0,0,0,0,0,52.3996,0,0,0
"MtrElec",11,18,2,"",49.5603,0,0,0,0,0,0,0,0,0,0,0,0,0,0,0,0,0,0,0,0,49.5603,0,0,0
"MtrElec",11,18,3,"",48.1238,0,0,0,0,0,0,0,0,0,0,0,0,0,0,0,0,0,0,0,0,48.1238,0,0,0
"MtrElec",11,18,4,"",48.0996,0,0,0,0,0,0,0,0,0,0,0,0,0,0,0,0,0,0,0,0,48.0996,0,0,0
"MtrElec",11,18,5,"",47.5355,0,0,0,0,0,0,0,0,0,0,0,0,0,0,0,0,0,0,0,0,47.5355,0,0,0
"MtrElec",11,18,6,"",54.1438,0,0,0,0,0,0,0,0,0,0,0,0,0,0,0,0,0,0,0,0,54.1438,0,0,0
"MtrElec",11,18,7,"",95.3819,0,0,0,0,0,0,0,0,0,0,0,0,0,0,0,0,0,0,0,0,97.2849,0,0,-1.90302
"MtrElec",11,18,8,"",57.9678,0,0,0,0,0,0,0,0,0,0,0,0,0,0,0,0,0,0,0,0,89.5287,0,0,-31.5609
"MtrElec",11,18,9,"",24.3102,0,0,0,0,0,0,0,0,0,0,0,0,0,0,0,0,0,0,0,0,109.959,0,0,-85.6484
"MtrElec",11,18,10,"",0,0,0,0,0,0,0,0,0,0,0,0,0,0,0,0,0,0,0,0,0,111.755,0,40.0195,-151.775
"MtrElec",11,18,11,"",0,0,0,0,0,0,0,0,0,0,0,0,0,0,0,0,0,0,0,0,0,99.3468,0,64.9898,-164.337
"MtrElec",11,18,12,"",-14.2435,0,0,0,0,0,0,0,0,0,0,0,0,0,0,0,0,0,0,0,0,100.383,0,67.8758,-182.502
"MtrElec",11,18,13,"",0,0,0,0,0,0,0,0,0,0,0,0,0,0,0,0,0,0,0,0,0,134.837,0,41.0402,-175.877
"MtrElec",11,18,14,"",-35.2667,0,0,0,0,0,0,0,0,0,0,0,0,0,0,0,0,0,0,0,0,82.1831,0,39.3253,-156.775
"MtrElec",11,18,15,"",-11.0754,0,0,0,0,0,0,0,0,0,0,0,0,0,0,0,0,0,0,0,0,109.435,0,0,-120.511
"MtrElec",11,18,16,"",18.68,0,0,0,0,0,0,0,0,0,0,0,0,0,0,0,0,0,0,0,0,87.7657,0,0,-69.0857
"MtrElec",11,18,17,"",74.0243,0,0,0,0,0,0,0,0,0,0,0,0,0,0,0,0,0,0,0,0,88.3338,0,0,-14.3095
"MtrElec",11,18,18,"",116.17,0,0,0,0,0,0,0,0,0,0,0,0,0,0,0,0,0,0,0,0,116.17,0,0,0
"MtrElec",11,18,19,"",86.096,0,0,0,0,0,0,0,0,0,0,0,0,0,0,0,0,0,0,0,0,153.972,0,-67.8758,0
"MtrElec",11,18,20,"",72.4021,0,0,0,0,0,0,0,0,0,0,0,0,0,0,0,0,0,0,0,0,140.278,0,-67.8758,0
"MtrElec",11,18,21,"",62.7792,0,0,0,0,0,0,0,0,0,0,0,0,0,0,0,0,0,0,0,0,130.655,0,-67.8758,0
"MtrElec",11,18,22,"",83.6297,0,0,0,0,0,0,0,0,0,0,0,0,0,0,0,0,0,0,0,0,108.561,0,-24.9313,0
"MtrElec",11,18,23,"",86.4752,0,0,0,0,0,0,0,0,0,0,0,0,0,0,0,0,0,0,0,0,86.4752,0,0,0
"MtrElec",11,18,24,"",64.3994,0,0,0,0,0,0,0,0,0,0,0,0,0,0,0,0,0,0,0,0,64.3994,0,0,0
"MtrElec",11,19,1,"",52.3494,0,0,0,0,0,0,0,0,0,0,0,0,0,0,0,0,0,0,0,0,52.3494,0,0,0
"MtrElec",11,19,2,"",49.532,0,0,0,0,0,0,0,0,0,0,0,0,0,0,0,0,0,0,0,0,49.532,0,0,0
"MtrElec",11,19,3,"",48.088,0,0,0,0,0,0,0,0,0,0,0,0,0,0,0,0,0,0,0,0,48.088,0,0,0
"MtrElec",11,19,4,"",49.5368,0,0,0,0,0,0,0,0,0,0,0,0,0,0,0,0,0,0,0,0,49.5368,0,0,0
"MtrElec",11,19,5,"",70.6248,0,0,0,0,0,0,0,0,0,0,0,0,0,0,0,0,0,0,0,0,70.6248,0,0,0
"MtrElec",11,19,6,"",53.0277,0,0,0,0,0,0,0,0,0,0,0,0,0,0,0,0,0,0,0,0,53.0277,0,0,0
"MtrElec",11,19,7,"",71.2846,0,0,0,0,0,0,0,0,0,0,0,0,0,0,0,0,0,0,0,0,78.4577,0,0,-7.1731
"MtrElec",11,19,8,"",54.5151,0,0,0,0,0,0,0,0,0,0,0,0,0,0,0,0,0,0,0,0,114.24,0,0,-59.7247
"MtrElec",11,19,9,"",1.18009,0,0,0,0,0,0,0,0,0,0,0,0,0,0,0,0,0,0,0,0,116.644,0,0,-115.464
"MtrElec",11,19,10,"",0,0,0,0,0,0,0,0,0,0,0,0,0,0,0,0,0,0,0,0,0,128.525,0,21.5858,-150.111
"MtrElec",11,19,11,"",0,0,0,0,0,0,0,0,0,0,0,0,0,0,0,0,0,0,0,0,0,100.945,0,65.4778,-166.423
"MtrElec",11,19,12,"",0,0,0,0,0,0,0,0,0,0,0,0,0,0,0,0,0,0,0,0,0,113.673,0,58.8903,-172.563
"MtrElec",11,19,13,"",0,0,0,0,0,0,0,0,0,0,0,0,0,0,0,0,0,0,0,0,0,109.141,0,62.6604,-171.802
"MtrElec",11,19,14,"",-18.2461,0,0,0,0,0,0,0,0,0,0,0,0,0,0,0,0,0,0,0,0,90.3678,0,44.6362,-153.25
"MtrElec",11,19,15,"",-23.7787,0,0,0,0,0,0,0,0,0,0,0,0,0,0,0,0,0,0,0,0,94.1235,0,0,-117.902
"MtrElec",11,19,16,"",30.4116,0,0,0,0,0,0,0,0,0,0,0,0,0,0,0,0,0,0,0,0,99.2711,0,0,-68.8595
"MtrElec",11,19,17,"",69.5712,0,0,0,0,0,0,0,0,0,0,0,0,0,0,0,0,0,0,0,0,84.1229,0,0,-14.5517
"MtrElec",11,19,18,"",111.223,0,0,0,0,0,0,0,0,0,0,0,0,0,0,0,0,0,0,0,0,111.223,0,0,0
"MtrElec",11,19,19,"",39.0617,0,0,0,0,0,0,0,0,0,0,0,0,0,0,0,0,0,0,0,0,106.937,0,-67.8758,0
"MtrElec",11,19,20,"",61.8804,0,0,0,0,0,0,0,0,0,0,0,0,0,0,0,0,0,0,0,0,129.756,0,-67.8758,0
"MtrElec",11,19,21,"",96.5293,0,0,0,0,0,0,0,0,0,0,0,0,0,0,0,0,0,0,0,0,164.405,0,-67.8758,0
"MtrElec",11,19,22,"",64.7012,0,0,0,0,0,0,0,0,0,0,0,0,0,0,0,0,0,0,0,0,89.6325,0,-24.9313,0
"MtrElec",11,19,23,"",122.672,0,0,0,0,0,0,0,0,0,0,0,0,0,0,0,0,0,0,0,0,122.672,0,0,0
"MtrElec",11,19,24,"",76.3528,0,0,0,0,0,0,0,0,0,0,0,0,0,0,0,0,0,0,0,0,76.3528,0,0,0
"MtrElec",11,20,1,"",59.7834,0,0,0,0,0,0,0,0,0,0,0,0,0,0,0,0,0,0,0,0,59.7834,0,0,0
"MtrElec",11,20,2,"",51.2108,0,0,0,0,0,0,0,0,0,0,0,0,0,0,0,0,0,0,0,0,51.2108,0,0,0
"MtrElec",11,20,3,"",48.8625,0,0,0,0,0,0,0,0,0,0,0,0,0,0,0,0,0,0,0,0,48.8625,0,0,0
"MtrElec",11,20,4,"",48.0634,0,0,0,0,0,0,0,0,0,0,0,0,0,0,0,0,0,0,0,0,48.0634,0,0,0
"MtrElec",11,20,5,"",48.9444,0,0,0,0,0,0,0,0,0,0,0,0,0,0,0,0,0,0,0,0,48.9444,0,0,0
"MtrElec",11,20,6,"",55.6687,0,0,0,0,0,0,0,0,0,0,0,0,0,0,0,0,0,0,0,0,55.6687,0,0,0
"MtrElec",11,20,7,"",102.914,0,0,0,0,0,0,0,0,0,0,0,0,0,0,0,0,0,0,0,0,104.718,0,0,-1.80334
"MtrElec",11,20,8,"",63.4222,0,0,0,0,0,0,0,0,0,0,0,0,0,0,0,0,0,0,0,0,103.641,0,0,-40.2185
"MtrElec",11,20,9,"",0.0000002,0,0,0,0,0,0,0,0,0,0,0,0,0,0,0,0,0,0,0,0,104.238,0,2.57811,-106.816
"MtrElec",11,20,10,"",0,0,0,0,0,0,0,0,0,0,0,0,0,0,0,0,0,0,0,0,0,128.748,0,15.1393,-143.887
"MtrElec",11,20,11,"",0,0,0,0,0,0,0,0,0,0,0,0,0,0,0,0,0,0,0,0,0,107.568,0,58.0951,-165.663
"MtrElec",11,20,12,"",-13.1346,0,0,0,0,0,0,0,0,0,0,0,0,0,0,0,0,0,0,0,0,92.4263,0,67.8758,-173.437
"MtrElec",11,20,13,"",0.0000039,0,0,0,0,0,0,0,0,0,0,0,0,0,0,0,0,0,0,0,0,130.693,0,37.9153,-168.609
"MtrElec",11,20,14,"",0.0000039,0,0,0,0,0,0,0,0,0,0,0,0,0,0,0,0,0,0,0,0,90.7182,0,59.3177,-150.036
"MtrElec",11,20,15,"",-5.84385,0,0,0,0,0,0,0,0,0,0,0,0,0,0,0,0,0,0,0,0,97.3272,0,12.3292,-115.5
"MtrElec",11,20,16,"",38.8609,0,0,0,0,0,0,0,0,0,0,0,0,0,0,0,0,0,0,0,0,105.961,0,0,-67.1004
"MtrElec",11,20,17,"",92.8337,0,0,0,0,0,0,0,0,0,0,0,0,0,0,0,0,0,0,0,0,106.701,0,0,-13.8677
"MtrElec",11,20,18,"",116.915,0,0,0,0,0,0,0,0,0,0,0,0,0,0,0,0,0,0,0,0,116.915,0,0,0
"MtrElec",11,20,19,"",79.0189,0,0,0,0,0,0,0,0,0,0,0,0,0,0,0,0,0,0,0,0,146.895,0,-67.8758,0
"MtrElec",11,20,20,"",41.6495,0,0,0,0,0,0,0,0,0,0,0,0,0,0,0,0,0,0,0,0,109.525,0,-67.8758,0
"MtrElec",11,20,21,"",82.069,0,0,0,0,0,0,0,0,0,0,0,0,0,0,0,0,0,0,0,0,149.945,0,-67.8758,0
"MtrElec",11,20,22,"",67.2657,0,0,0,0,0,0,0,0,0,0,0,0,0,0,0,0,0,0,0,0,92.197,0,-24.9313,0
"MtrElec",11,20,23,"",119.125,0,0,0,0,0,0,0,0,0,0,0,0,0,0,0,0,0,0,0,0,119.125,0,0,0
"MtrElec",11,20,24,"",79.9195,0,0,0,0,0,0,0,0,0,0,0,0,0,0,0,0,0,0,0,0,79.9195,0,0,0
"MtrElec",11,21,1,"",60.1516,0,0,0,0,0,0,0,0,0,0,0,0,0,0,0,0,0,0,0,0,60.1516,0,0,0
"MtrElec",11,21,2,"",49.7879,0,0,0,0,0,0,0,0,0,0,0,0,0,0,0,0,0,0,0,0,49.7879,0,0,0
"MtrElec",11,21,3,"",49.5003,0,0,0,0,0,0,0,0,0,0,0,0,0,0,0,0,0,0,0,0,49.5003,0,0,0
"MtrElec",11,21,4,"",50.8167,0,0,0,0,0,0,0,0,0,0,0,0,0,0,0,0,0,0,0,0,50.8167,0,0,0
"MtrElec",11,21,5,"",63.7671,0,0,0,0,0,0,0,0,0,0,0,0,0,0,0,0,0,0,0,0,63.7671,0,0,0
"MtrElec",11,21,6,"",51.6984,0,0,0,0,0,0,0,0,0,0,0,0,0,0,0,0,0,0,0,0,51.6984,0,0,0
"MtrElec",11,21,7,"",83.0282,0,0,0,0,0,0,0,0,0,0,0,0,0,0,0,0,0,0,0,0,84.4354,0,0,-1.40721
"MtrElec",11,21,8,"",30.1135,0,0,0,0,0,0,0,0,0,0,0,0,0,0,0,0,0,0,0,0,69.3367,0,0,-39.2232
"MtrElec",11,21,9,"",0,0,0,0,0,0,0,0,0,0,0,0,0,0,0,0,0,0,0,0,0,91.4825,0,14.7796,-106.262
"MtrElec",11,21,10,"",0.0000020,0,0,0,0,0,0,0,0,0,0,0,0,0,0,0,0,0,0,0,0,111.024,0,30.3885,-141.412
"MtrElec",11,21,11,"",0,0,0,0,0,0,0,0,0,0,0,0,0,0,0,0,0,0,0,0,0,105.94,0,56.3155,-162.256
"MtrElec",11,21,12,"",0.0000020,0,0,0,0,0,0,0,0,0,0,0,0,0,0,0,0,0,0,0,0,142.275,0,29.2785,-171.553
"MtrElec",11,21,13,"",0,0,0,0,0,0,0,0,0,0,0,0,0,0,0,0,0,0,0,0,0,98.9469,0,66.1512,-165.098
"MtrElec",11,21,14,"",0,0,0,0,0,0,0,0,0,0,0,0,0,0,0,0,0,0,0,0,0,107.756,0,38.0601,-145.817
"MtrElec",11,21,15,"",0,0,0,0,0,0,0,0,0,0,0,0,0,0,0,0,0,0,0,0,0,94.9646,0,16.9263,-111.891
"MtrElec",11,21,16,"",43.7582,0,0,0,0,0,0,0,0,0,0,0,0,0,0,0,0,0,0,0,0,107.296,0,0,-63.5379
"MtrElec",11,21,17,"",92.5374,0,0,0,0,0,0,0,0,0,0,0,0,0,0,0,0,0,0,0,0,103,0,0,-10.4621
"MtrElec",11,21,18,"",121.331,0,0,0,0,0,0,0,0,0,0,0,0,0,0,0,0,0,0,0,0,121.331,0,0,0
"MtrElec",11,21,19,"",109.255,0,0,0,0,0,0,0,0,0,0,0,0,0,0,0,0,0,0,0,0,177.131,0,-67.8758,0
"MtrElec",11,21,20,"",35.8884,0,0,0,0,0,0,0,0,0,0,0,0,0,0,0,0,0,0,0,0,103.764,0,-67.8758,0
"MtrElec",11,21,21,"",49.9089,0,0,0,0,0,0,0,0,0,0,0,0,0,0,0,0,0,0,0,0,117.785,0,-67.8758,0
"MtrElec",11,21,22,"",96.2092,0,0,0,0,0,0,0,0,0,0,0,0,0,0,0,0,0,0,0,0,119.921,0,-23.7122,0
"MtrElec",11,21,23,"",77.9305,0,0,0,0,0,0,0,0,0,0,0,0,0,0,0,0,0,0,0,0,77.9305,0,0,0
"MtrElec",11,21,24,"",68.3663,0,0,0,0,0,0,0,0,0,0,0,0,0,0,0,0,0,0,0,0,68.3663,0,0,0
"MtrElec",11,22,1,"",52.5053,0,0,0,0,0,0,0,0,0,0,0,0,0,0,0,0,0,0,0,0,52.5053,0,0,0
"MtrElec",11,22,2,"",57.3946,0,0,0,0,0,0,0,0,0,0,0,0,0,0,0,0,0,0,0,0,57.3946,0,0,0
"MtrElec",11,22,3,"",61.5584,0,0,0,0,0,0,0,0,0,0,0,0,0,0,0,0,0,0,0,0,61.5584,0,0,0
"MtrElec",11,22,4,"",52.1324,0,0,0,0,0,0,0,0,0,0,0,0,0,0,0,0,0,0,0,0,52.1324,0,0,0
"MtrElec",11,22,5,"",71.2697,0,0,0,0,0,0,0,0,0,0,0,0,0,0,0,0,0,0,0,0,71.2697,0,0,0
"MtrElec",11,22,6,"",50.2079,0,0,0,0,0,0,0,0,0,0,0,0,0,0,0,0,0,0,0,0,50.2079,0,0,0
"MtrElec",11,22,7,"",53.6988,0,0,0,0,0,0,0,0,0,0,0,0,0,0,0,0,0,0,0,0,55.7025,0,0,-2.00367
"MtrElec",11,22,8,"",31.4358,0,0,0,0,0,0,0,0,0,0,0,0,0,0,0,0,0,0,0,0,71.9934,0,0,-40.5576
"MtrElec",11,22,9,"",33.8754,0,0,0,0,0,0,0,0,0,0,0,0,0,0,0,0,0,0,0,0,117.866,0,0,-83.9904
"MtrElec",11,22,10,"",0.0000010,0,0,0,0,0,0,0,0,0,0,0,0,0,0,0,0,0,0,0,0,117.182,0,14.0121,-131.194
"MtrElec",11,22,11,"",7.38294,0,0,0,0,0,0,0,0,0,0,0,0,0,0,0,0,0,0,0,0,137.834,0,0,-130.451
"MtrElec",11,22,12,"",0,0,0,0,0,0,0,0,0,0,0,0,0,0,0,0,0,0,0,0,0,97.8885,0,17.364,-115.253
"MtrElec",11,22,13,"",0,0,0,0,0,0,0,0,0,0,0,0,0,0,0,0,0,0,0,0,0,114.206,0,15.1228,-129.329
"MtrElec",11,22,14,"",0,0,0,0,0,0,0,0,0,0,0,0,0,0,0,0,0,0,0,0,0,106.875,0,38.4931,-145.368
"MtrElec",11,22,15,"",0,0,0,0,0,0,0,0,0,0,0,0,0,0,0,0,0,0,0,0,0,105.355,0,5.04832,-110.403
"MtrElec",11,22,16,"",51.0829,0,0,0,0,0,0,0,0,0,0,0,0,0,0,0,0,0,0,0,0,114.344,0,0,-63.2613
"MtrElec",11,22,17,"",76.8588,0,0,0,0,0,0,0,0,0,0,0,0,0,0,0,0,0,0,0,0,89.324,0,0,-12.4653
"MtrElec",11,22,18,"",96.8863,0,0,0,0,0,0,0,0,0,0,0,0,0,0,0,0,0,0,0,0,96.8863,0,0,0
"MtrElec",11,22,19,"",61.5197,0,0,0,0,0,0,0,0,0,0,0,0,0,0,0,0,0,0,0,0,129.396,0,-67.8758,0
"MtrElec",11,22,20,"",90.4704,0,0,0,0,0,0,0,0,0,0,0,0,0,0,0,0,0,0,0,0,103.856,0,-13.3856,0
"MtrElec",11,22,21,"",131.073,0,0,0,0,0,0,0,0,0,0,0,0,0,0,0,0,0,0,0,0,131.073,0,0,0
"MtrElec",11,22,22,"",94.8101,0,0,0,0,0,0,0,0,0,0,0,0,0,0,0,0,0,0,0,0,94.8101,0,0,0
"MtrElec",11,22,23,"",70.3481,0,0,0,0,0,0,0,0,0,0,0,0,0,0,0,0,0,0,0,0,70.3481,0,0,0
"MtrElec",11,22,24,"",91.2126,0,0,0,0,0,0,0,0,0,0,0,0,0,0,0,0,0,0,0,0,91.2126,0,0,0
"MtrElec",11,23,1,"",56.1215,0,0,0,0,0,0,0,0,0,0,0,0,0,0,0,0,0,0,0,0,56.1215,0,0,0
"MtrElec",11,23,2,"",56.3529,0,0,0,0,0,0,0,0,0,0,0,0,0,0,0,0,0,0,0,0,56.3529,0,0,0
"MtrElec",11,23,3,"",51.8123,0,0,0,0,0,0,0,0,0,0,0,0,0,0,0,0,0,0,0,0,51.8123,0,0,0
"MtrElec",11,23,4,"",48.0569,0,0,0,0,0,0,0,0,0,0,0,0,0,0,0,0,0,0,0,0,48.0569,0,0,0
"MtrElec",11,23,5,"",47.4905,0,0,0,0,0,0,0,0,0,0,0,0,0,0,0,0,0,0,0,0,47.4905,0,0,0
"MtrElec",11,23,6,"",52.3095,0,0,0,0,0,0,0,0,0,0,0,0,0,0,0,0,0,0,0,0,52.3095,0,0,0
"MtrElec",11,23,7,"",97.2098,0,0,0,0,0,0,0,0,0,0,0,0,0,0,0,0,0,0,0,0,97.2098,0,0,0
"MtrElec",11,23,8,"",95.9062,0,0,0,0,0,0,0,0,0,0,0,0,0,0,0,0,0,0,0,0,111.698,0,0,-15.7919
"MtrElec",11,23,9,"",48.1048,0,0,0,0,0,0,0,0,0,0,0,0,0,0,0,0,0,0,0,0,101.058,0,0,-52.9536
"MtrElec",11,23,10,"",8.14852,0,0,0,0,0,0,0,0,0,0,0,0,0,0,0,0,0,0,0,0,99.4837,0,0,-91.3351
"MtrElec",11,23,11,"",1.28753,0,0,0,0,0,0,0,0,0,0,0,0,0,0,0,0,0,0,0,0,90.9482,0,0,-89.6607
"MtrElec",11,23,12,"",19.6093,0,0,0,0,0,0,0,0,0,0,0,0,0,0,0,0,0,0,0,0,94.2273,0,0,-74.6179
"MtrElec",11,23,13,"",0,0,0,0,0,0,0,0,0,0,0,0,0,0,0,0,0,0,0,0,0,64.5925,0,5.46727,-70.0598
"MtrElec",11,23,14,"",0,0,0,0,0,0,0,0,0,0,0,0,0,0,0,0,0,0,0,0,0,62.7192,0,11.3252,-74.0444
"MtrElec",11,23,15,"",5.62552,0,0,0,0,0,0,0,0,0,0,0,0,0,0,0,0,0,0,0,0,68.1872,0,0,-62.5617
"MtrElec",11,23,16,"",61.0664,0,0,0,0,0,0,0,0,0,0,0,0,0,0,0,0,0,0,0,0,77.7091,0,0,-16.6427
"MtrElec",11,23,17,"",72.7158,0,0,0,0,0,0,0,0,0,0,0,0,0,0,0,0,0,0,0,0,73,0,0,-0.284156
"MtrElec",11,23,18,"",92.6256,0,0,0,0,0,0,0,0,0,0,0,0,0,0,0,0,0,0,0,0,92.6256,0,0,0
"MtrElec",11,23,19,"",111.008,0,0,0,0,0,0,0,0,0,0,0,0,0,0,0,0,0,0,0,0,126.163,0,-15.1552,0
"MtrElec",11,23,20,"",93.8639,0,0,0,0,0,0,0,0,0,0,0,0,0,0,0,0,0,0,0,0,93.8639,0,0,0
"MtrElec",11,23,21,"",117.853,0,0,0,0,0,0,0,0,0,0,0,0,0,0,0,0,0,0,0,0,117.853,0,0,0
"MtrElec",11,23,22,"",96.2701,0,0,0,0,0,0,0,0,0,0,0,0,0,0,0,0,0,0,0,0,96.2701,0,0,0
"MtrElec",11,23,23,"",129.84,0,0,0,0,0,0,0,0,0,0,0,0,0,0,0,0,0,0,0,0,129.84,0,0,0
"MtrElec",11,23,24,"",76.161,0,0,0,0,0,0,0,0,0,0,0,0,0,0,0,0,0,0,0,0,76.161,0,0,0
"MtrElec",11,24,1,"",59.6452,0,0,0,0,0,0,0,0,0,0,0,0,0,0,0,0,0,0,0,0,59.6452,0,0,0
"MtrElec",11,24,2,"",54.5574,0,0,0,0,0,0,0,0,0,0,0,0,0,0,0,0,0,0,0,0,54.5574,0,0,0
"MtrElec",11,24,3,"",50.2591,0,0,0,0,0,0,0,0,0,0,0,0,0,0,0,0,0,0,0,0,50.2591,0,0,0
"MtrElec",11,24,4,"",49.3917,0,0,0,0,0,0,0,0,0,0,0,0,0,0,0,0,0,0,0,0,49.3917,0,0,0
"MtrElec",11,24,5,"",48.8267,0,0,0,0,0,0,0,0,0,0,0,0,0,0,0,0,0,0,0,0,48.8267,0,0,0
"MtrElec",11,24,6,"",60.4136,0,0,0,0,0,0,0,0,0,0,0,0,0,0,0,0,0,0,0,0,60.4136,0,0,0
"MtrElec",11,24,7,"",91.0257,0,0,0,0,0,0,0,0,0,0,0,0,0,0,0,0,0,0,0,0,95.1151,0,0,-4.08936
"MtrElec",11,24,8,"",51.4072,0,0,0,0,0,0,0,0,0,0,0,0,0,0,0,0,0,0,0,0,97.982,0,0,-46.5747
"MtrElec",11,24,9,"",21.7323,0,0,0,0,0,0,0,0,0,0,0,0,0,0,0,0,0,0,0,0,121.465,0,0,-99.7327
"MtrElec",11,24,10,"",0.0000039,0,0,0,0,0,0,0,0,0,0,0,0,0,0,0,0,0,0,0,0,77.1086,0,57.6501,-134.759
"MtrElec",11,24,11,"",0,0,0,0,0,0,0,0,0,0,0,0,0,0,0,0,0,0,0,0,0,116.702,0,42.6985,-159.4
"MtrElec",11,24,12,"",-20.646,0,0,0,0,0,0,0,0,0,0,0,0,0,0,0,0,0,0,0,0,81.3772,0,67.8758,-169.899
"MtrElec",11,24,13,"",-23.3263,0,0,0,0,0,0,0,0,0,0,0,0,0,0,0,0,0,0,0,0,74.6941,0,67.8758,-165.896
"MtrElec",11,24,14,"",-65.8678,0,0,0,0,0,0,0,0,0,0,0,0,0,0,0,0,0,0,0,0,64.3298,0,17.1505,-147.348
"MtrElec",11,24,15,"",-20.6817,0,0,0,0,0,0,0,0,0,0,0,0,0,0,0,0,0,0,0,0,92.2776,0,0,-112.959
"MtrElec",11,24,16,"",16.7933,0,0,0,0,0,0,0,0,0,0,0,0,0,0,0,0,0,0,0,0,81.1861,0,0,-64.3928
"MtrElec",11,24,17,"",86.7845,0,0,0,0,0,0,0,0,0,0,0,0,0,0,0,0,0,0,0,0,99.0715,0,0,-12.287
"MtrElec",11,24,18,"",106.211,0,0,0,0,0,0,0,0,0,0,0,0,0,0,0,0,0,0,0,0,106.211,0,0,0
"MtrElec",11,24,19,"",53.435,0,0,0,0,0,0,0,0,0,0,0,0,0,0,0,0,0,0,0,0,121.311,0,-67.8758,0
"MtrElec",11,24,20,"",47.0137,0,0,0,0,0,0,0,0,0,0,0,0,0,0,0,0,0,0,0,0,114.889,0,-67.8758,0
"MtrElec",11,24,21,"",48.1827,0,0,0,0,0,0,0,0,0,0,0,0,0,0,0,0,0,0,0,0,116.058,0,-67.8758,0
"MtrElec",11,24,22,"",82.5477,0,0,0,0,0,0,0,0,0,0,0,0,0,0,0,0,0,0,0,0,107.479,0,-24.9313,0
"MtrElec",11,24,23,"",113.729,0,0,0,0,0,0,0,0,0,0,0,0,0,0,0,0,0,0,0,0,113.729,0,0,0
"MtrElec",11,24,24,"",83.8342,0,0,0,0,0,0,0,0,0,0,0,0,0,0,0,0,0,0,0,0,83.8342,0,0,0
"MtrElec",11,25,1,"",57.7109,0,0,0,0,0,0,0,0,0,0,0,0,0,0,0,0,0,0,0,0,57.7109,0,0,0
"MtrElec",11,25,2,"",50.8334,0,0,0,0,0,0,0,0,0,0,0,0,0,0,0,0,0,0,0,0,50.8334,0,0,0
"MtrElec",11,25,3,"",49.3965,0,0,0,0,0,0,0,0,0,0,0,0,0,0,0,0,0,0,0,0,49.3965,0,0,0
"MtrElec",11,25,4,"",49.3757,0,0,0,0,0,0,0,0,0,0,0,0,0,0,0,0,0,0,0,0,49.3757,0,0,0
"MtrElec",11,25,5,"",48.7895,0,0,0,0,0,0,0,0,0,0,0,0,0,0,0,0,0,0,0,0,48.7895,0,0,0
"MtrElec",11,25,6,"",52.8189,0,0,0,0,0,0,0,0,0,0,0,0,0,0,0,0,0,0,0,0,52.8189,0,0,0
"MtrElec",11,25,7,"",92.56,0,0,0,0,0,0,0,0,0,0,0,0,0,0,0,0,0,0,0,0,92.789,0,0,-0.229008
"MtrElec",11,25,8,"",69.8273,0,0,0,0,0,0,0,0,0,0,0,0,0,0,0,0,0,0,0,0,86.4827,0,0,-16.6555
"MtrElec",11,25,9,"",94.2592,0,0,0,0,0,0,0,0,0,0,0,0,0,0,0,0,0,0,0,0,135.305,0,0,-41.0454
"MtrElec",11,25,10,"",86.2301,0,0,0,0,0,0,0,0,0,0,0,0,0,0,0,0,0,0,0,0,118.936,0,0,-32.7059
"MtrElec",11,25,11,"",12.1702,0,0,0,0,0,0,0,0,0,0,0,0,0,0,0,0,0,0,0,0,104.934,0,0,-92.7633
"MtrElec",11,25,12,"",0.0000039,0,0,0,0,0,0,0,0,0,0,0,0,0,0,0,0,0,0,0,0,106.911,0,46.8716,-153.782
"MtrElec",11,25,13,"",0,0,0,0,0,0,0,0,0,0,0,0,0,0,0,0,0,0,0,0,0,109.978,0,49.6567,-159.634
"MtrElec",11,25,14,"",0.0000039,0,0,0,0,0,0,0,0,0,0,0,0,0,0,0,0,0,0,0,0,86.0624,0,50.7969,-136.859
"MtrElec",11,25,15,"",0,0,0,0,0,0,0,0,0,0,0,0,0,0,0,0,0,0,0,0,0,63.8688,0,31.2898,-95.1585
"MtrElec",11,25,16,"",1.03029,0,0,0,0,0,0,0,0,0,0,0,0,0,0,0,0,0,0,0,0,62.3261,0,0,-61.2959
"MtrElec",11,25,17,"",89.0112,0,0,0,0,0,0,0,0,0,0,0,0,0,0,0,0,0,0,0,0,100.399,0,0,-11.3883
"MtrElec",11,25,18,"",84.9688,0,0,0,0,0,0,0,0,0,0,0,0,0,0,0,0,0,0,0,0,84.9688,0,0,0
"MtrElec",11,25,19,"",33.8108,0,0,0,0,0,0,0,0,0,0,0,0,0,0,0,0,0,0,0,0,101.687,0,-67.8758,0
"MtrElec",11,25,20,"",61.2915,0,0,0,0,0,0,0,0,0,0,0,0,0,0,0,0,0,0,0,0,129.167,0,-67.8758,0
"MtrElec",11,25,21,"",90.5059,0,0,0,0,0,0,0,0,0,0,0,0,0,0,0,0,0,0,0,0,115.954,0,-25.4485,0
"MtrElec",11,25,22,"",109.214,0,0,0,0,0,0,0,0,0,0,0,0,0,0,0,0,0,0,0,0,109.214,0,0,0
"MtrElec",11,25,23,"",81.311,0,0,0,0,0,0,0,0,0,0,0,0,0,0,0,0,0,0,0,0,81.311,0,0,0
"MtrElec",11,25,24,"",90.5773,0,0,0,0,0,0,0,0,0,0,0,0,0,0,0,0,0,0,0,0,90.5773,0,0,0
"MtrElec",11,26,1,"",59.68,0,0,0,0,0,0,0,0,0,0,0,0,0,0,0,0,0,0,0,0,59.68,0,0,0
"MtrElec",11,26,2,"",52.0092,0,0,0,0,0,0,0,0,0,0,0,0,0,0,0,0,0,0,0,0,52.0092,0,0,0
"MtrElec",11,26,3,"",47.7915,0,0,0,0,0,0,0,0,0,0,0,0,0,0,0,0,0,0,0,0,47.7915,0,0,0
"MtrElec",11,26,4,"",47.801,0,0,0,0,0,0,0,0,0,0,0,0,0,0,0,0,0,0,0,0,47.801,0,0,0
"MtrElec",11,26,5,"",47.1326,0,0,0,0,0,0,0,0,0,0,0,0,0,0,0,0,0,0,0,0,47.1326,0,0,0
"MtrElec",11,26,6,"",60.1806,0,0,0,0,0,0,0,0,0,0,0,0,0,0,0,0,0,0,0,0,60.1806,0,0,0
"MtrElec",11,26,7,"",81.6064,0,0,0,0,0,0,0,0,0,0,0,0,0,0,0,0,0,0,0,0,81.6064,0,0,0
"MtrElec",11,26,8,"",77.9213,0,0,0,0,0,0,0,0,0,0,0,0,0,0,0,0,0,0,0,0,86.6803,0,0,-8.759
"MtrElec",11,26,9,"",81.802,0,0,0,0,0,0,0,0,0,0,0,0,0,0,0,0,0,0,0,0,111.059,0,0,-29.2566
"MtrElec",11,26,10,"",87.9508,0,0,0,0,0,0,0,0,0,0,0,0,0,0,0,0,0,0,0,0,171.269,0,0,-83.3185
"MtrElec",11,26,11,"",6.93341,0,0,0,0,0,0,0,0,0,0,0,0,0,0,0,0,0,0,0,0,135.983,0,0,-129.05
"MtrElec",11,26,12,"",0,0,0,0,0,0,0,0,0,0,0,0,0,0,0,0,0,0,0,0,0,119.613,0,58.3657,-177.978
"MtrElec",11,26,13,"",-0.2875,0,0,0,0,0,0,0,0,0,0,0,0,0,0,0,0,0,0,0,0,105.893,0,67.8758,-174.056
"MtrElec",11,26,14,"",-13.2615,0,0,0,0,0,0,0,0,0,0,0,0,0,0,0,0,0,0,0,0,72.9164,0,67.8758,-154.054
"MtrElec",11,26,15,"",0,0,0,0,0,0,0,0,0,0,0,0,0,0,0,0,0,0,0,0,0,105.51,0,14.2442,-119.754
"MtrElec",11,26,16,"",6.81765,0,0,0,0,0,0,0,0,0,0,0,0,0,0,0,0,0,0,0,0,76.4275,0,0,-69.6098
"MtrElec",11,26,17,"",69.2566,0,0,0,0,0,0,0,0,0,0,0,0,0,0,0,0,0,0,0,0,83.6715,0,0,-14.4149
"MtrElec",11,26,18,"",159.275,0,0,0,0,0,0,0,0,0,0,0,0,0,0,0,0,0,0,0,0,159.275,0,0,0
"MtrElec",11,26,19,"",81.7585,0,0,0,0,0,0,0,0,0,0,0,0,0,0,0,0,0,0,0,0,149.634,0,-67.8758,0
"MtrElec",11,26,20,"",59.9444,0,0,0,0,0,0,0,0,0,0,0,0,0,0,0,0,0,0,0,0,127.82,0,-67.8758,0
"MtrElec",11,26,21,"",37.882,0,0,0,0,0,0,0,0,0,0,0,0,0,0,0,0,0,0,0,0,90.1767,0,-52.2947,0
"MtrElec",11,26,22,"",123.149,0,0,0,0,0,0,0,0,0,0,0,0,0,0,0,0,0,0,0,0,123.149,0,0,0
"MtrElec",11,26,23,"",88.2837,0,0,0,0,0,0,0,0,0,0,0,0,0,0,0,0,0,0,0,0,88.2837,0,0,0
"MtrElec",11,26,24,"",76.6312,0,0,0,0,0,0,0,0,0,0,0,0,0,0,0,0,0,0,0,0,76.6312,0,0,0
"MtrElec",11,27,1,"",52.1273,0,0,0,0,0,0,0,0,0,0,0,0,0,0,0,0,0,0,0,0,52.1273,0,0,0
"MtrElec",11,27,2,"",54.3963,0,0,0,0,0,0,0,0,0,0,0,0,0,0,0,0,0,0,0,0,54.3963,0,0,0
"MtrElec",11,27,3,"",69.6575,0,0,0,0,0,0,0,0,0,0,0,0,0,0,0,0,0,0,0,0,69.6575,0,0,0
"MtrElec",11,27,4,"",49.1478,0,0,0,0,0,0,0,0,0,0,0,0,0,0,0,0,0,0,0,0,49.1478,0,0,0
"MtrElec",11,27,5,"",47.0213,0,0,0,0,0,0,0,0,0,0,0,0,0,0,0,0,0,0,0,0,47.0213,0,0,0
"MtrElec",11,27,6,"",57.4417,0,0,0,0,0,0,0,0,0,0,0,0,0,0,0,0,0,0,0,0,57.4417,0,0,0
"MtrElec",11,27,7,"",89.7635,0,0,0,0,0,0,0,0,0,0,0,0,0,0,0,0,0,0,0,0,94.9264,0,0,-5.16295
"MtrElec",11,27,8,"",57.0108,0,0,0,0,0,0,0,0,0,0,0,0,0,0,0,0,0,0,0,0,108.573,0,0,-51.5618
"MtrElec",11,27,9,"",0.0000010,0,0,0,0,0,0,0,0,0,0,0,0,0,0,0,0,0,0,0,0,94.6043,0,15.1213,-109.726
"MtrElec",11,27,10,"",0,0,0,0,0,0,0,0,0,0,0,0,0,0,0,0,0,0,0,0,0,135.025,0,14.8227,-149.848
"MtrElec",11,27,11,"",0.0000010,0,0,0,0,0,0,0,0,0,0,0,0,0,0,0,0,0,0,0,0,166.41,0,8.73009,-175.14
"MtrElec",11,27,12,"",-12.3874,0,0,0,0,0,0,0,0,0,0,0,0,0,0,0,0,0,0,0,0,104.926,0,67.8758,-185.189
"MtrElec",11,27,13,"",0,0,0,0,0,0,0,0,0,0,0,0,0,0,0,0,0,0,0,0,0,161.715,0,17.7342,-179.449
"MtrElec",11,27,14,"",0,0,0,0,0,0,0,0,0,0,0,0,0,0,0,0,0,0,0,0,0,126.29,0,30.586,-156.876
"MtrElec",11,27,15,"",0,0,0,0,0,0,0,0,0,0,0,0,0,0,0,0,0,0,0,0,0,119.49,0,0.679617,-120.169
"MtrElec",11,27,16,"",2.15788,0,0,0,0,0,0,0,0,0,0,0,0,0,0,0,0,0,0,0,0,70.5463,0,0,-68.3885
"MtrElec",11,27,17,"",88.3944,0,0,0,0,0,0,0,0,0,0,0,0,0,0,0,0,0,0,0,0,101.942,0,0,-13.548
"MtrElec",11,27,18,"",139.218,0,0,0,0,0,0,0,0,0,0,0,0,0,0,0,0,0,0,0,0,139.218,0,0,0
"MtrElec",11,27,19,"",66.5851,0,0,0,0,0,0,0,0,0,0,0,0,0,0,0,0,0,0,0,0,134.461,0,-67.8758,0
"MtrElec",11,27,20,"",60.3668,0,0,0,0,0,0,0,0,0,0,0,0,0,0,0,0,0,0,0,0,128.243,0,-67.8758,0
"MtrElec",11,27,21,"",107.956,0,0,0,0,0,0,0,0,0,0,0,0,0,0,0,0,0,0,0,0,112.588,0,-4.63209,0
"MtrElec",11,27,22,"",124.284,0,0,0,0,0,0,0,0,0,0,0,0,0,0,0,0,0,0,0,0,124.284,0,0,0
"MtrElec",11,27,23,"",84.0243,0,0,0,0,0,0,0,0,0,0,0,0,0,0,0,0,0,0,0,0,84.0243,0,0,0
"MtrElec",11,27,24,"",79.0634,0,0,0,0,0,0,0,0,0,0,0,0,0,0,0,0,0,0,0,0,79.0634,0,0,0
"MtrElec",11,28,1,"",74.6801,0,0,0,0,0,0,0,0,0,0,0,0,0,0,0,0,0,0,0,0,74.6801,0,0,0
"MtrElec",11,28,2,"",50.6242,0,0,0,0,0,0,0,0,0,0,0,0,0,0,0,0,0,0,0,0,50.6242,0,0,0
"MtrElec",11,28,3,"",50.3362,0,0,0,0,0,0,0,0,0,0,0,0,0,0,0,0,0,0,0,0,50.3362,0,0,0
"MtrElec",11,28,4,"",49.8834,0,0,0,0,0,0,0,0,0,0,0,0,0,0,0,0,0,0,0,0,49.8834,0,0,0
"MtrElec",11,28,5,"",48.1361,0,0,0,0,0,0,0,0,0,0,0,0,0,0,0,0,0,0,0,0,48.1361,0,0,0
"MtrElec",11,28,6,"",84.6033,0,0,0,0,0,0,0,0,0,0,0,0,0,0,0,0,0,0,0,0,84.6033,0,0,0
"MtrElec",11,28,7,"",67.4977,0,0,0,0,0,0,0,0,0,0,0,0,0,0,0,0,0,0,0,0,71.8023,0,0,-4.30466
"MtrElec",11,28,8,"",25.7354,0,0,0,0,0,0,0,0,0,0,0,0,0,0,0,0,0,0,0,0,74.3458,0,0,-48.6104
"MtrElec",11,28,9,"",8.62959,0,0,0,0,0,0,0,0,0,0,0,0,0,0,0,0,0,0,0,0,109.252,0,0,-100.623
"MtrElec",11,28,10,"",0.0000020,0,0,0,0,0,0,0,0,0,0,0,0,0,0,0,0,0,0,0,0,108.434,0,30.2709,-138.705
"MtrElec",11,28,11,"",0,0,0,0,0,0,0,0,0,0,0,0,0,0,0,0,0,0,0,0,0,127.703,0,34.4153,-162.119
"MtrElec",11,28,12,"",0,0,0,0,0,0,0,0,0,0,0,0,0,0,0,0,0,0,0,0,0,170.118,0,1.90655,-172.025
"MtrElec",11,28,13,"",0,0,0,0,0,0,0,0,0,0,0,0,0,0,0,0,0,0,0,0,0,122.043,0,43.8196,-165.863
"MtrElec",11,28,14,"",0,0,0,0,0,0,0,0,0,0,0,0,0,0,0,0,0,0,0,0,0,116.995,0,26.6339,-143.629
"MtrElec",11,28,15,"",0,0,0,0,0,0,0,0,0,0,0,0,0,0,0,0,0,0,0,0,0,110.288,0,1.22223,-111.51
"MtrElec",11,28,16,"",43.4968,0,0,0,0,0,0,0,0,0,0,0,0,0,0,0,0,0,0,0,0,108.132,0,0,-64.6353
"MtrElec",11,28,17,"",65.8996,0,0,0,0,0,0,0,0,0,0,0,0,0,0,0,0,0,0,0,0,78.5079,0,0,-12.6083
"MtrElec",11,28,18,"",126.049,0,0,0,0,0,0,0,0,0,0,0,0,0,0,0,0,0,0,0,0,126.049,0,0,0
"MtrElec",11,28,19,"",84.1996,0,0,0,0,0,0,0,0,0,0,0,0,0,0,0,0,0,0,0,0,152.075,0,-67.8758,0
"MtrElec",11,28,20,"",104.99,0,0,0,0,0,0,0,0,0,0,0,0,0,0,0,0,0,0,0,0,161.902,0,-56.9115,0
"MtrElec",11,28,21,"",95.6024,0,0,0,0,0,0,0,0,0,0,0,0,0,0,0,0,0,0,0,0,95.6024,0,0,0
"MtrElec",11,28,22,"",135.192,0,0,0,0,0,0,0,0,0,0,0,0,0,0,0,0,0,0,0,0,135.192,0,0,0
"MtrElec",11,28,23,"",115.667,0,0,0,0,0,0,0,0,0,0,0,0,0,0,0,0,0,0,0,0,115.667,0,0,0
"MtrElec",11,28,24,"",101.682,0,0,0,0,0,0,0,0,0,0,0,0,0,0,0,0,0,0,0,0,101.682,0,0,0
"MtrElec",11,29,1,"",73.9858,0,0,0,0,0,0,0,0,0,0,0,0,0,0,0,0,0,0,0,0,73.9858,0,0,0
"MtrElec",11,29,2,"",52.0437,0,0,0,0,0,0,0,0,0,0,0,0,0,0,0,0,0,0,0,0,52.0437,0,0,0
"MtrElec",11,29,3,"",52.3125,0,0,0,0,0,0,0,0,0,0,0,0,0,0,0,0,0,0,0,0,52.3125,0,0,0
"MtrElec",11,29,4,"",61.1367,0,0,0,0,0,0,0,0,0,0,0,0,0,0,0,0,0,0,0,0,61.1367,0,0,0
"MtrElec",11,29,5,"",108.462,0,0,0,0,0,0,0,0,0,0,0,0,0,0,0,0,0,0,0,0,108.462,0,0,0
"MtrElec",11,29,6,"",54.7,0,0,0,0,0,0,0,0,0,0,0,0,0,0,0,0,0,0,0,0,54.7,0,0,0
"MtrElec",11,29,7,"",58.2654,0,0,0,0,0,0,0,0,0,0,0,0,0,0,0,0,0,0,0,0,58.2654,0,0,0
"MtrElec",11,29,8,"",27.6266,0,0,0,0,0,0,0,0,0,0,0,0,0,0,0,0,0,0,0,0,61.5205,0,0,-33.894
"MtrElec",11,29,9,"",0,0,0,0,0,0,0,0,0,0,0,0,0,0,0,0,0,0,0,0,0,80.3808,0,17.0955,-97.4763
"MtrElec",11,29,10,"",0.0000020,0,0,0,0,0,0,0,0,0,0,0,0,0,0,0,0,0,0,0,0,107.667,0,27.9958,-135.663
"MtrElec",11,29,11,"",0.0000010,0,0,0,0,0,0,0,0,0,0,0,0,0,0,0,0,0,0,0,0,142.757,0,15.1439,-157.901
"MtrElec",11,29,12,"",0.0000078,0,0,0,0,0,0,0,0,0,0,0,0,0,0,0,0,0,0,0,0,99.3663,0,66.1759,-165.542
"MtrElec",11,29,13,"",0,0,0,0,0,0,0,0,0,0,0,0,0,0,0,0,0,0,0,0,0,109.767,0,53.4837,-163.251
"MtrElec",11,29,14,"",-9.79455,0,0,0,0,0,0,0,0,0,0,0,0,0,0,0,0,0,0,0,0,66.8824,0,67.8758,-144.553
"MtrElec",11,29,15,"",-15.2285,0,0,0,0,0,0,0,0,0,0,0,0,0,0,0,0,0,0,0,0,90.3074,0,5.47994,-111.016
"MtrElec",11,29,16,"",10.2229,0,0,0,0,0,0,0,0,0,0,0,0,0,0,0,0,0,0,0,0,73.1713,0,0,-62.9484
"MtrElec",11,29,17,"",62.6821,0,0,0,0,0,0,0,0,0,0,0,0,0,0,0,0,0,0,0,0,74.4853,0,0,-11.8032
"MtrElec",11,29,18,"",103.667,0,0,0,0,0,0,0,0,0,0,0,0,0,0,0,0,0,0,0,0,103.667,0,0,0
"MtrElec",11,29,19,"",65.0643,0,0,0,0,0,0,0,0,0,0,0,0,0,0,0,0,0,0,0,0,132.94,0,-67.8758,0
"MtrElec",11,29,20,"",85.0656,0,0,0,0,0,0,0,0,0,0,0,0,0,0,0,0,0,0,0,0,152.941,0,-67.8758,0
"MtrElec",11,29,21,"",67.391,0,0,0,0,0,0,0,0,0,0,0,0,0,0,0,0,0,0,0,0,135.267,0,-67.8758,0
"MtrElec",11,29,22,"",110.183,0,0,0,0,0,0,0,0,0,0,0,0,0,0,0,0,0,0,0,0,135.114,0,-24.9313,0
"MtrElec",11,29,23,"",112.932,0,0,0,0,0,0,0,0,0,0,0,0,0,0,0,0,0,0,0,0,112.932,0,0,0
"MtrElec",11,29,24,"",85.8078,0,0,0,0,0,0,0,0,0,0,0,0,0,0,0,0,0,0,0,0,85.8078,0,0,0
"MtrElec",11,30,1,"",64.3983,0,0,0,0,0,0,0,0,0,0,0,0,0,0,0,0,0,0,0,0,64.3983,0,0,0
"MtrElec",11,30,2,"",50.356,0,0,0,0,0,0,0,0,0,0,0,0,0,0,0,0,0,0,0,0,50.356,0,0,0
"MtrElec",11,30,3,"",49.2464,0,0,0,0,0,0,0,0,0,0,0,0,0,0,0,0,0,0,0,0,49.2464,0,0,0
"MtrElec",11,30,4,"",49.6422,0,0,0,0,0,0,0,0,0,0,0,0,0,0,0,0,0,0,0,0,49.6422,0,0,0
"MtrElec",11,30,5,"",49.5856,0,0,0,0,0,0,0,0,0,0,0,0,0,0,0,0,0,0,0,0,49.5856,0,0,0
"MtrElec",11,30,6,"",71.6638,0,0,0,0,0,0,0,0,0,0,0,0,0,0,0,0,0,0,0,0,71.6638,0,0,0
"MtrElec",11,30,7,"",130.917,0,0,0,0,0,0,0,0,0,0,0,0,0,0,0,0,0,0,0,0,130.917,0,0,0
"MtrElec",11,30,8,"",60.3098,0,0,0,0,0,0,0,0,0,0,0,0,0,0,0,0,0,0,0,0,104.644,0,0,-44.334
"MtrElec",11,30,9,"",24.8588,0,0,0,0,0,0,0,0,0,0,0,0,0,0,0,0,0,0,0,0,121.886,0,0,-97.0273
"MtrElec",11,30,10,"",0,0,0,0,0,0,0,0,0,0,0,0,0,0,0,0,0,0,0,0,0,131.048,0,5.61145,-136.659
"MtrElec",11,30,11,"",-4.64001,0,0,0,0,0,0,0,0,0,0,0,0,0,0,0,0,0,0,0,0,88.2741,0,67.8758,-160.79
"MtrElec",11,30,12,"",-9.71179,0,0,0,0,0,0,0,0,0,0,0,0,0,0,0,0,0,0,0,0,93.5517,0,67.8758,-171.139
"MtrElec",11,30,13,"",0.0000039,0,0,0,0,0,0,0,0,0,0,0,0,0,0,0,0,0,0,0,0,120.473,0,45.8346,-166.307
"MtrElec",11,30,14,"",-16.9991,0,0,0,0,0,0,0,0,0,0,0,0,0,0,0,0,0,0,0,0,61.1916,0,66.0529,-144.244
"MtrElec",11,30,15,"",-18.8685,0,0,0,0,0,0,0,0,0,0,0,0,0,0,0,0,0,0,0,0,92.5949,0,0,-111.463
"MtrElec",11,30,16,"",10.6808,0,0,0,0,0,0,0,0,0,0,0,0,0,0,0,0,0,0,0,0,74.1564,0,0,-63.4756
"MtrElec",11,30,17,"",99.9429,0,0,0,0,0,0,0,0,0,0,0,0,0,0,0,0,0,0,0,0,112.001,0,0,-12.0582
"MtrElec",11,30,18,"",101.168,0,0,0,0,0,0,0,0,0,0,0,0,0,0,0,0,0,0,0,0,101.168,0,0,0
"MtrElec",11,30,19,"",57.5975,0,0,0,0,0,0,0,0,0,0,0,0,0,0,0,0,0,0,0,0,125.473,0,-67.8758,0
"MtrElec",11,30,20,"",68.6259,0,0,0,0,0,0,0,0,0,0,0,0,0,0,0,0,0,0,0,0,136.502,0,-67.8758,0
"MtrElec",11,30,21,"",52.2299,0,0,0,0,0,0,0,0,0,0,0,0,0,0,0,0,0,0,0,0,120.106,0,-67.8758,0
"MtrElec",11,30,22,"",57.8544,0,0,0,0,0,0,0,0,0,0,0,0,0,0,0,0,0,0,0,0,82.7857,0,-24.9313,0
"MtrElec",11,30,23,"",132.752,0,0,0,0,0,0,0,0,0,0,0,0,0,0,0,0,0,0,0,0,132.752,0,0,0
"MtrElec",11,30,24,"",81.1516,0,0,0,0,0,0,0,0,0,0,0,0,0,0,0,0,0,0,0,0,81.1516,0,0,0
"MtrElec",12,1,1,"",61.3097,0,0,0,0,0,0,0,0,0,0,0,0,0,0,0,0,0,0,0,0,61.3097,0,0,0
"MtrElec",12,1,2,"",52.9827,0,0,0,0,0,0,0,0,0,0,0,0,0,0,0,0,0,0,0,0,52.9827,0,0,0
"MtrElec",12,1,3,"",53.7603,0,0,0,0,0,0,0,0,0,0,0,0,0,0,0,0,0,0,0,0,53.7603,0,0,0
"MtrElec",12,1,4,"",54.8351,0,0,0,0,0,0,0,0,0,0,0,0,0,0,0,0,0,0,0,0,54.8351,0,0,0
"MtrElec",12,1,5,"",56.2488,0,0,0,0,0,0,0,0,0,0,0,0,0,0,0,0,0,0,0,0,56.2488,0,0,0
"MtrElec",12,1,6,"",69.3412,0,0,0,0,0,0,0,0,0,0,0,0,0,0,0,0,0,0,0,0,69.3412,0,0,0
"MtrElec",12,1,7,"",140.883,0,0,0,0,0,0,0,0,0,0,0,0,0,0,0,0,0,0,0,0,140.883,0,0,0
"MtrElec",12,1,8,"",90.9823,0,0,0,0,0,0,0,0,0,0,0,0,0,0,0,0,0,0,0,0,140.621,0,0,-49.6385
"MtrElec",12,1,9,"",30.5007,0,0,0,0,0,0,0,0,0,0,0,0,0,0,0,0,0,0,0,0,135.829,0,0,-105.329
"MtrElec",12,1,10,"",0,0,0,0,0,0,0,0,0,0,0,0,0,0,0,0,0,0,0,0,0,120.275,0,23.6108,-143.886
"MtrElec",12,1,11,"",0,0,0,0,0,0,0,0,0,0,0,0,0,0,0,0,0,0,0,0,0,118.699,0,50.4839,-169.183
"MtrElec",12,1,12,"",-0.111164,0,0,0,0,0,0,0,0,0,0,0,0,0,0,0,0,0,0,0,0,113.542,0,67.8758,-181.529
"MtrElec",12,1,13,"",-12.1493,0,0,0,0,0,0,0,0,0,0,0,0,0,0,0,0,0,0,0,0,98.1853,0,67.8758,-178.21
"MtrElec",12,1,14,"",-57.956,0,0,0,0,0,0,0,0,0,0,0,0,0,0,0,0,0,0,0,0,56.3136,0,43.4043,-157.674
"MtrElec",12,1,15,"",-42.8982,0,0,0,0,0,0,0,0,0,0,0,0,0,0,0,0,0,0,0,0,78.4877,0,0,-121.386
"MtrElec",12,1,16,"",-5.70873,0,0,0,0,0,0,0,0,0,0,0,0,0,0,0,0,0,0,0,0,63.7831,0,0,-69.4919
"MtrElec",12,1,17,"",62.4286,0,0,0,0,0,0,0,0,0,0,0,0,0,0,0,0,0,0,0,0,75.8447,0,0,-13.4161
"MtrElec",12,1,18,"",110.132,0,0,0,0,0,0,0,0,0,0,0,0,0,0,0,0,0,0,0,0,110.132,0,0,0
"MtrElec",12,1,19,"",60.9677,0,0,0,0,0,0,0,0,0,0,0,0,0,0,0,0,0,0,0,0,128.843,0,-67.8758,0
"MtrElec",12,1,20,"",48.9713,0,0,0,0,0,0,0,0,0,0,0,0,0,0,0,0,0,0,0,0,116.847,0,-67.8758,0
"MtrElec",12,1,21,"",81.1078,0,0,0,0,0,0,0,0,0,0,0,0,0,0,0,0,0,0,0,0,148.984,0,-67.8758,0
"MtrElec",12,1,22,"",65.4942,0,0,0,0,0,0,0,0,0,0,0,0,0,0,0,0,0,0,0,0,90.4255,0,-24.9313,0
"MtrElec",12,1,23,"",112.633,0,0,0,0,0,0,0,0,0,0,0,0,0,0,0,0,0,0,0,0,112.633,0,0,0
"MtrElec",12,1,24,"",67.8402,0,0,0,0,0,0,0,0,0,0,0,0,0,0,0,0,0,0,0,0,67.8402,0,0,0
"MtrElec",12,2,1,"",63.2549,0,0,0,0,0,0,0,0,0,0,0,0,0,0,0,0,0,0,0,0,63.2549,0,0,0
"MtrElec",12,2,2,"",54.7829,0,0,0,0,0,0,0,0,0,0,0,0,0,0,0,0,0,0,0,0,54.7829,0,0,0
"MtrElec",12,2,3,"",55.3033,0,0,0,0,0,0,0,0,0,0,0,0,0,0,0,0,0,0,0,0,55.3033,0,0,0
"MtrElec",12,2,4,"",62.4937,0,0,0,0,0,0,0,0,0,0,0,0,0,0,0,0,0,0,0,0,62.4937,0,0,0
"MtrElec",12,2,5,"",54.8805,0,0,0,0,0,0,0,0,0,0,0,0,0,0,0,0,0,0,0,0,54.8805,0,0,0
"MtrElec",12,2,6,"",97.7715,0,0,0,0,0,0,0,0,0,0,0,0,0,0,0,0,0,0,0,0,97.7715,0,0,0
"MtrElec",12,2,7,"",104.045,0,0,0,0,0,0,0,0,0,0,0,0,0,0,0,0,0,0,0,0,104.045,0,0,0
"MtrElec",12,2,8,"",66.4994,0,0,0,0,0,0,0,0,0,0,0,0,0,0,0,0,0,0,0,0,112.83,0,0,-46.3302
"MtrElec",12,2,9,"",27.1023,0,0,0,0,0,0,0,0,0,0,0,0,0,0,0,0,0,0,0,0,130.089,0,0,-102.987
"MtrElec",12,2,10,"",0,0,0,0,0,0,0,0,0,0,0,0,0,0,0,0,0,0,0,0,0,104.818,0,41.1054,-145.923
"MtrElec",12,2,11,"",-6.77222,0,0,0,0,0,0,0,0,0,0,0,0,0,0,0,0,0,0,0,0,97.534,0,67.8758,-172.182
"MtrElec",12,2,12,"",-5.99688,0,0,0,0,0,0,0,0,0,0,0,0,0,0,0,0,0,0,0,0,109.855,0,67.8758,-183.728
"MtrElec",12,2,13,"",0,0,0,0,0,0,0,0,0,0,0,0,0,0,0,0,0,0,0,0,0,129.414,0,49.943,-179.357
"MtrElec",12,2,14,"",-47.6962,0,0,0,0,0,0,0,0,0,0,0,0,0,0,0,0,0,0,0,0,83.9072,0,26.4506,-158.054
"MtrElec",12,2,15,"",-52.0175,0,0,0,0,0,0,0,0,0,0,0,0,0,0,0,0,0,0,0,0,69.6964,0,0,-121.714
"MtrElec",12,2,16,"",-1.73659,0,0,0,0,0,0,0,0,0,0,0,0,0,0,0,0,0,0,0,0,67.1113,0,0,-68.8479
"MtrElec",12,2,17,"",93.178,0,0,0,0,0,0,0,0,0,0,0,0,0,0,0,0,0,0,0,0,106.137,0,0,-12.959
"MtrElec",12,2,18,"",111.507,0,0,0,0,0,0,0,0,0,0,0,0,0,0,0,0,0,0,0,0,111.507,0,0,0
"MtrElec",12,2,19,"",62.2991,0,0,0,0,0,0,0,0,0,0,0,0,0,0,0,0,0,0,0,0,130.175,0,-67.8758,0
"MtrElec",12,2,20,"",40.2645,0,0,0,0,0,0,0,0,0,0,0,0,0,0,0,0,0,0,0,0,108.14,0,-67.8758,0
"MtrElec",12,2,21,"",52.6308,0,0,0,0,0,0,0,0,0,0,0,0,0,0,0,0,0,0,0,0,120.507,0,-67.8758,0
"MtrElec",12,2,22,"",61.0519,0,0,0,0,0,0,0,0,0,0,0,0,0,0,0,0,0,0,0,0,85.9832,0,-24.9313,0
"MtrElec",12,2,23,"",90.4023,0,0,0,0,0,0,0,0,0,0,0,0,0,0,0,0,0,0,0,0,90.4023,0,0,0
"MtrElec",12,2,24,"",93.2183,0,0,0,0,0,0,0,0,0,0,0,0,0,0,0,0,0,0,0,0,93.2183,0,0,0
"MtrElec",12,3,1,"",66.0488,0,0,0,0,0,0,0,0,0,0,0,0,0,0,0,0,0,0,0,0,66.0488,0,0,0
"MtrElec",12,3,2,"",52.3869,0,0,0,0,0,0,0,0,0,0,0,0,0,0,0,0,0,0,0,0,52.3869,0,0,0
"MtrElec",12,3,3,"",52.3641,0,0,0,0,0,0,0,0,0,0,0,0,0,0,0,0,0,0,0,0,52.3641,0,0,0
"MtrElec",12,3,4,"",51.7417,0,0,0,0,0,0,0,0,0,0,0,0,0,0,0,0,0,0,0,0,51.7417,0,0,0
"MtrElec",12,3,5,"",51.2169,0,0,0,0,0,0,0,0,0,0,0,0,0,0,0,0,0,0,0,0,51.2169,0,0,0
"MtrElec",12,3,6,"",57.9142,0,0,0,0,0,0,0,0,0,0,0,0,0,0,0,0,0,0,0,0,57.9142,0,0,0
"MtrElec",12,3,7,"",112.22,0,0,0,0,0,0,0,0,0,0,0,0,0,0,0,0,0,0,0,0,112.22,0,0,0
"MtrElec",12,3,8,"",64.0634,0,0,0,0,0,0,0,0,0,0,0,0,0,0,0,0,0,0,0,0,111.288,0,0,-47.2242
"MtrElec",12,3,9,"",0,0,0,0,0,0,0,0,0,0,0,0,0,0,0,0,0,0,0,0,0,91.5675,0,11.7107,-103.278
"MtrElec",12,3,10,"",0.0000039,0,0,0,0,0,0,0,0,0,0,0,0,0,0,0,0,0,0,0,0,105.095,0,41.5916,-146.687
"MtrElec",12,3,11,"",-31.1379,0,0,0,0,0,0,0,0,0,0,0,0,0,0,0,0,0,0,0,0,73.983,0,67.8758,-172.997
"MtrElec",12,3,12,"",-18.3553,0,0,0,0,0,0,0,0,0,0,0,0,0,0,0,0,0,0,0,0,97.7517,0,67.8758,-183.983
"MtrElec",12,3,13,"",-35.9855,0,0,0,0,0,0,0,0,0,0,0,0,0,0,0,0,0,0,0,0,78.0766,0,64.1967,-178.259
"MtrElec",12,3,14,"",-90.3025,0,0,0,0,0,0,0,0,0,0,0,0,0,0,0,0,0,0,0,0,66.2023,0,0,-156.505
"MtrElec",12,3,15,"",-35.9277,0,0,0,0,0,0,0,0,0,0,0,0,0,0,0,0,0,0,0,0,84.7057,0,0,-120.633
"MtrElec",12,3,16,"",0.76532,0,0,0,0,0,0,0,0,0,0,0,0,0,0,0,0,0,0,0,0,69.5681,0,0,-68.8027
"MtrElec",12,3,17,"",67.8385,0,0,0,0,0,0,0,0,0,0,0,0,0,0,0,0,0,0,0,0,81.211,0,0,-13.3725
"MtrElec",12,3,18,"",123.973,0,0,0,0,0,0,0,0,0,0,0,0,0,0,0,0,0,0,0,0,123.973,0,0,0
"MtrElec",12,3,19,"",34.1602,0,0,0,0,0,0,0,0,0,0,0,0,0,0,0,0,0,0,0,0,102.036,0,-67.8758,0
"MtrElec",12,3,20,"",65.1284,0,0,0,0,0,0,0,0,0,0,0,0,0,0,0,0,0,0,0,0,133.004,0,-67.8758,0
"MtrElec",12,3,21,"",44.0615,0,0,0,0,0,0,0,0,0,0,0,0,0,0,0,0,0,0,0,0,111.937,0,-67.8758,0
"MtrElec",12,3,22,"",60.4759,0,0,0,0,0,0,0,0,0,0,0,0,0,0,0,0,0,0,0,0,85.4072,0,-24.9313,0
"MtrElec",12,3,23,"",111.341,0,0,0,0,0,0,0,0,0,0,0,0,0,0,0,0,0,0,0,0,111.341,0,0,0
"MtrElec",12,3,24,"",88.5559,0,0,0,0,0,0,0,0,0,0,0,0,0,0,0,0,0,0,0,0,88.5559,0,0,0
"MtrElec",12,4,1,"",54.0913,0,0,0,0,0,0,0,0,0,0,0,0,0,0,0,0,0,0,0,0,54.0913,0,0,0
"MtrElec",12,4,2,"",52.4801,0,0,0,0,0,0,0,0,0,0,0,0,0,0,0,0,0,0,0,0,52.4801,0,0,0
"MtrElec",12,4,3,"",52.2607,0,0,0,0,0,0,0,0,0,0,0,0,0,0,0,0,0,0,0,0,52.2607,0,0,0
"MtrElec",12,4,4,"",53.4024,0,0,0,0,0,0,0,0,0,0,0,0,0,0,0,0,0,0,0,0,53.4024,0,0,0
"MtrElec",12,4,5,"",53.8739,0,0,0,0,0,0,0,0,0,0,0,0,0,0,0,0,0,0,0,0,53.8739,0,0,0
"MtrElec",12,4,6,"",58.3128,0,0,0,0,0,0,0,0,0,0,0,0,0,0,0,0,0,0,0,0,58.3128,0,0,0
"MtrElec",12,4,7,"",132.445,0,0,0,0,0,0,0,0,0,0,0,0,0,0,0,0,0,0,0,0,132.445,0,0,0
"MtrElec",12,4,8,"",90.8459,0,0,0,0,0,0,0,0,0,0,0,0,0,0,0,0,0,0,0,0,134.639,0,0,-43.7927
"MtrElec",12,4,9,"",32.7505,0,0,0,0,0,0,0,0,0,0,0,0,0,0,0,0,0,0,0,0,129.307,0,0,-96.5566
"MtrElec",12,4,10,"",0,0,0,0,0,0,0,0,0,0,0,0,0,0,0,0,0,0,0,0,0,135.914,0,0.363422,-136.277
"MtrElec",12,4,11,"",0,0,0,0,0,0,0,0,0,0,0,0,0,0,0,0,0,0,0,0,0,140.827,0,22.0638,-162.891
"MtrElec",12,4,12,"",0,0,0,0,0,0,0,0,0,0,0,0,0,0,0,0,0,0,0,0,0,106.23,0,43.06,-149.29
"MtrElec",12,4,13,"",40.4564,0,0,0,0,0,0,0,0,0,0,0,0,0,0,0,0,0,0,0,0,120.02,0,0,-79.5633
"MtrElec",12,4,14,"",3.60837,0,0,0,0,0,0,0,0,0,0,0,0,0,0,0,0,0,0,0,0,80.9308,0,0,-77.3225
"MtrElec",12,4,15,"",25.0042,0,0,0,0,0,0,0,0,0,0,0,0,0,0,0,0,0,0,0,0,57.2107,0,0,-32.2064
"MtrElec",12,4,16,"",56.1101,0,0,0,0,0,0,0,0,0,0,0,0,0,0,0,0,0,0,0,0,62.5766,0,0,-6.46653
"MtrElec",12,4,17,"",81.8456,0,0,0,0,0,0,0,0,0,0,0,0,0,0,0,0,0,0,0,0,81.8456,0,0,0
"MtrElec",12,4,18,"",112.739,0,0,0,0,0,0,0,0,0,0,0,0,0,0,0,0,0,0,0,0,112.739,0,0,0
"MtrElec",12,4,19,"",54.3125,0,0,0,0,0,0,0,0,0,0,0,0,0,0,0,0,0,0,0,0,113.415,0,-59.1022,0
"MtrElec",12,4,20,"",114.252,0,0,0,0,0,0,0,0,0,0,0,0,0,0,0,0,0,0,0,0,114.252,0,0,0
"MtrElec",12,4,21,"",150.485,0,0,0,0,0,0,0,0,0,0,0,0,0,0,0,0,0,0,0,0,150.485,0,0,0
"MtrElec",12,4,22,"",95.0158,0,0,0,0,0,0,0,0,0,0,0,0,0,0,0,0,0,0,0,0,95.0158,0,0,0
"MtrElec",12,4,23,"",120.383,0,0,0,0,0,0,0,0,0,0,0,0,0,0,0,0,0,0,0,0,120.383,0,0,0
"MtrElec",12,4,24,"",94.9353,0,0,0,0,0,0,0,0,0,0,0,0,0,0,0,0,0,0,0,0,94.9353,0,0,0
"MtrElec",12,5,1,"",54.7693,0,0,0,0,0,0,0,0,0,0,0,0,0,0,0,0,0,0,0,0,54.7693,0,0,0
"MtrElec",12,5,2,"",52.4965,0,0,0,0,0,0,0,0,0,0,0,0,0,0,0,0,0,0,0,0,52.4965,0,0,0
"MtrElec",12,5,3,"",53.876,0,0,0,0,0,0,0,0,0,0,0,0,0,0,0,0,0,0,0,0,53.876,0,0,0
"MtrElec",12,5,4,"",75.2513,0,0,0,0,0,0,0,0,0,0,0,0,0,0,0,0,0,0,0,0,75.2513,0,0,0
"MtrElec",12,5,5,"",73.2467,0,0,0,0,0,0,0,0,0,0,0,0,0,0,0,0,0,0,0,0,73.2467,0,0,0
"MtrElec",12,5,6,"",53.7876,0,0,0,0,0,0,0,0,0,0,0,0,0,0,0,0,0,0,0,0,53.7876,0,0,0
"MtrElec",12,5,7,"",69.4309,0,0,0,0,0,0,0,0,0,0,0,0,0,0,0,0,0,0,0,0,69.4309,0,0,0
"MtrElec",12,5,8,"",80.5638,0,0,0,0,0,0,0,0,0,0,0,0,0,0,0,0,0,0,0,0,82.6635,0,0,-2.09972
"MtrElec",12,5,9,"",70.0112,0,0,0,0,0,0,0,0,0,0,0,0,0,0,0,0,0,0,0,0,80.1351,0,0,-10.124
"MtrElec",12,5,10,"",99.1991,0,0,0,0,0,0,0,0,0,0,0,0,0,0,0,0,0,0,0,0,110.643,0,0,-11.4437
"MtrElec",12,5,11,"",115.934,0,0,0,0,0,0,0,0,0,0,0,0,0,0,0,0,0,0,0,0,138.924,0,0,-22.9891
"MtrElec",12,5,12,"",78.9885,0,0,0,0,0,0,0,0,0,0,0,0,0,0,0,0,0,0,0,0,121.574,0,0,-42.5857
"MtrElec",12,5,13,"",111.659,0,0,0,0,0,0,0,0,0,0,0,0,0,0,0,0,0,0,0,0,135.818,0,0,-24.1585
"MtrElec",12,5,14,"",57.6603,0,0,0,0,0,0,0,0,0,0,0,0,0,0,0,0,0,0,0,0,70.1406,0,0,-12.4803
"MtrElec",12,5,15,"",92.1027,0,0,0,0,0,0,0,0,0,0,0,0,0,0,0,0,0,0,0,0,106.75,0,0,-14.6472
"MtrElec",12,5,16,"",75.0075,0,0,0,0,0,0,0,0,0,0,0,0,0,0,0,0,0,0,0,0,78.7969,0,0,-3.78937
"MtrElec",12,5,17,"",100.516,0,0,0,0,0,0,0,0,0,0,0,0,0,0,0,0,0,0,0,0,100.516,0,0,0
"MtrElec",12,5,18,"",123.019,0,0,0,0,0,0,0,0,0,0,0,0,0,0,0,0,0,0,0,0,123.019,0,0,0
"MtrElec",12,5,19,"",142.743,0,0,0,0,0,0,0,0,0,0,0,0,0,0,0,0,0,0,0,0,142.743,0,0,0
"MtrElec",12,5,20,"",135.96,0,0,0,0,0,0,0,0,0,0,0,0,0,0,0,0,0,0,0,0,135.96,0,0,0
"MtrElec",12,5,21,"",149.8,0,0,0,0,0,0,0,0,0,0,0,0,0,0,0,0,0,0,0,0,149.8,0,0,0
"MtrElec",12,5,22,"",133.629,0,0,0,0,0,0,0,0,0,0,0,0,0,0,0,0,0,0,0,0,133.629,0,0,0
"MtrElec",12,5,23,"",85.6324,0,0,0,0,0,0,0,0,0,0,0,0,0,0,0,0,0,0,0,0,85.6324,0,0,0
"MtrElec",12,5,24,"",158.399,0,0,0,0,0,0,0,0,0,0,0,0,0,0,0,0,0,0,0,0,158.399,0,0,0
"MtrElec",12,6,1,"",59.3607,0,0,0,0,0,0,0,0,0,0,0,0,0,0,0,0,0,0,0,0,59.3607,0,0,0
"MtrElec",12,6,2,"",57.544,0,0,0,0,0,0,0,0,0,0,0,0,0,0,0,0,0,0,0,0,57.544,0,0,0
"MtrElec",12,6,3,"",56.9227,0,0,0,0,0,0,0,0,0,0,0,0,0,0,0,0,0,0,0,0,56.9227,0,0,0
"MtrElec",12,6,4,"",58.9894,0,0,0,0,0,0,0,0,0,0,0,0,0,0,0,0,0,0,0,0,58.9894,0,0,0
"MtrElec",12,6,5,"",65.6008,0,0,0,0,0,0,0,0,0,0,0,0,0,0,0,0,0,0,0,0,65.6008,0,0,0
"MtrElec",12,6,6,"",60.1339,0,0,0,0,0,0,0,0,0,0,0,0,0,0,0,0,0,0,0,0,60.1339,0,0,0
"MtrElec",12,6,7,"",64.9354,0,0,0,0,0,0,0,0,0,0,0,0,0,0,0,0,0,0,0,0,64.9354,0,0,0
"MtrElec",12,6,8,"",73.8545,0,0,0,0,0,0,0,0,0,0,0,0,0,0,0,0,0,0,0,0,119.142,0,0,-45.2872
"MtrElec",12,6,9,"",96.8285,0,0,0,0,0,0,0,0,0,0,0,0,0,0,0,0,0,0,0,0,139.731,0,0,-42.9027
"MtrElec",12,6,10,"",10.729,0,0,0,0,0,0,0,0,0,0,0,0,0,0,0,0,0,0,0,0,128.545,0,0,-117.816
"MtrElec",12,6,11,"",29.8497,0,0,0,0,0,0,0,0,0,0,0,0,0,0,0,0,0,0,0,0,110.963,0,0,-81.1137
"MtrElec",12,6,12,"",68.5969,0,0,0,0,0,0,0,0,0,0,0,0,0,0,0,0,0,0,0,0,89.8044,0,0,-21.2076
"MtrElec",12,6,13,"",56.1899,0,0,0,0,0,0,0,0,0,0,0,0,0,0,0,0,0,0,0,0,132.953,0,0,-76.7634
"MtrElec",12,6,14,"",48.1054,0,0,0,0,0,0,0,0,0,0,0,0,0,0,0,0,0,0,0,0,72.0221,0,0,-23.9167
"MtrElec",12,6,15,"",96.777,0,0,0,0,0,0,0,0,0,0,0,0,0,0,0,0,0,0,0,0,114.463,0,0,-17.6859
"MtrElec",12,6,16,"",49.1904,0,0,0,0,0,0,0,0,0,0,0,0,0,0,0,0,0,0,0,0,68.6703,0,0,-19.4799
"MtrElec",12,6,17,"",105.943,0,0,0,0,0,0,0,0,0,0,0,0,0,0,0,0,0,0,0,0,110.493,0,0,-4.55029
"MtrElec",12,6,18,"",89.1036,0,0,0,0,0,0,0,0,0,0,0,0,0,0,0,0,0,0,0,0,89.1036,0,0,0
"MtrElec",12,6,19,"",133.957,0,0,0,0,0,0,0,0,0,0,0,0,0,0,0,0,0,0,0,0,133.957,0,0,0
"MtrElec",12,6,20,"",150.461,0,0,0,0,0,0,0,0,0,0,0,0,0,0,0,0,0,0,0,0,150.461,0,0,0
"MtrElec",12,6,21,"",124.234,0,0,0,0,0,0,0,0,0,0,0,0,0,0,0,0,0,0,0,0,124.234,0,0,0
"MtrElec",12,6,22,"",140.329,0,0,0,0,0,0,0,0,0,0,0,0,0,0,0,0,0,0,0,0,140.329,0,0,0
"MtrElec",12,6,23,"",77.2198,0,0,0,0,0,0,0,0,0,0,0,0,0,0,0,0,0,0,0,0,77.2198,0,0,0
"MtrElec",12,6,24,"",78.1431,0,0,0,0,0,0,0,0,0,0,0,0,0,0,0,0,0,0,0,0,78.1431,0,0,0
"MtrElec",12,7,1,"",64.616,0,0,0,0,0,0,0,0,0,0,0,0,0,0,0,0,0,0,0,0,64.616,0,0,0
"MtrElec",12,7,2,"",61.5485,0,0,0,0,0,0,0,0,0,0,0,0,0,0,0,0,0,0,0,0,61.5485,0,0,0
"MtrElec",12,7,3,"",64.0124,0,0,0,0,0,0,0,0,0,0,0,0,0,0,0,0,0,0,0,0,64.0124,0,0,0
"MtrElec",12,7,4,"",118.158,0,0,0,0,0,0,0,0,0,0,0,0,0,0,0,0,0,0,0,0,118.158,0,0,0
"MtrElec",12,7,5,"",64.2485,0,0,0,0,0,0,0,0,0,0,0,0,0,0,0,0,0,0,0,0,64.2485,0,0,0
"MtrElec",12,7,6,"",63.2836,0,0,0,0,0,0,0,0,0,0,0,0,0,0,0,0,0,0,0,0,63.2836,0,0,0
"MtrElec",12,7,7,"",82.2814,0,0,0,0,0,0,0,0,0,0,0,0,0,0,0,0,0,0,0,0,82.2814,0,0,0
"MtrElec",12,7,8,"",106.314,0,0,0,0,0,0,0,0,0,0,0,0,0,0,0,0,0,0,0,0,119.193,0,0,-12.8784
"MtrElec",12,7,9,"",75.1918,0,0,0,0,0,0,0,0,0,0,0,0,0,0,0,0,0,0,0,0,109.651,0,0,-34.459
"MtrElec",12,7,10,"",47.023,0,0,0,0,0,0,0,0,0,0,0,0,0,0,0,0,0,0,0,0,121.866,0,0,-74.8429
"MtrElec",12,7,11,"",34.8507,0,0,0,0,0,0,0,0,0,0,0,0,0,0,0,0,0,0,0,0,96.3755,0,0,-61.5248
"MtrElec",12,7,12,"",69.8695,0,0,0,0,0,0,0,0,0,0,0,0,0,0,0,0,0,0,0,0,112.01,0,0,-42.1405
"MtrElec",12,7,13,"",27.9571,0,0,0,0,0,0,0,0,0,0,0,0,0,0,0,0,0,0,0,0,102.595,0,0,-74.6381
"MtrElec",12,7,14,"",0,0,0,0,0,0,0,0,0,0,0,0,0,0,0,0,0,0,0,0,0,64.0943,0,10.974,-75.0683
"MtrElec",12,7,15,"",40.5674,0,0,0,0,0,0,0,0,0,0,0,0,0,0,0,0,0,0,0,0,76.0116,0,0,-35.4441
"MtrElec",12,7,16,"",76.6667,0,0,0,0,0,0,0,0,0,0,0,0,0,0,0,0,0,0,0,0,85.239,0,0,-8.57227
"MtrElec",12,7,17,"",84.0308,0,0,0,0,0,0,0,0,0,0,0,0,0,0,0,0,0,0,0,0,84.0308,0,0,0
"MtrElec",12,7,18,"",104.111,0,0,0,0,0,0,0,0,0,0,0,0,0,0,0,0,0,0,0,0,104.111,0,0,0
"MtrElec",12,7,19,"",119.206,0,0,0,0,0,0,0,0,0,0,0,0,0,0,0,0,0,0,0,0,129.11,0,-9.90404,0
"MtrElec",12,7,20,"",122.077,0,0,0,0,0,0,0,0,0,0,0,0,0,0,0,0,0,0,0,0,122.077,0,0,0
"MtrElec",12,7,21,"",151.642,0,0,0,0,0,0,0,0,0,0,0,0,0,0,0,0,0,0,0,0,151.642,0,0,0
"MtrElec",12,7,22,"",105.756,0,0,0,0,0,0,0,0,0,0,0,0,0,0,0,0,0,0,0,0,105.756,0,0,0
"MtrElec",12,7,23,"",98.2693,0,0,0,0,0,0,0,0,0,0,0,0,0,0,0,0,0,0,0,0,98.2693,0,0,0
"MtrElec",12,7,24,"",86.5199,0,0,0,0,0,0,0,0,0,0,0,0,0,0,0,0,0,0,0,0,86.5199,0,0,0
"MtrElec",12,8,1,"",62.4933,0,0,0,0,0,0,0,0,0,0,0,0,0,0,0,0,0,0,0,0,62.4933,0,0,0
"MtrElec",12,8,2,"",54.395,0,0,0,0,0,0,0,0,0,0,0,0,0,0,0,0,0,0,0,0,54.395,0,0,0
"MtrElec",12,8,3,"",52.506,0,0,0,0,0,0,0,0,0,0,0,0,0,0,0,0,0,0,0,0,52.506,0,0,0
"MtrElec",12,8,4,"",52.1252,0,0,0,0,0,0,0,0,0,0,0,0,0,0,0,0,0,0,0,0,52.1252,0,0,0
"MtrElec",12,8,5,"",51.5864,0,0,0,0,0,0,0,0,0,0,0,0,0,0,0,0,0,0,0,0,51.5864,0,0,0
"MtrElec",12,8,6,"",55.668,0,0,0,0,0,0,0,0,0,0,0,0,0,0,0,0,0,0,0,0,55.668,0,0,0
"MtrElec",12,8,7,"",101.218,0,0,0,0,0,0,0,0,0,0,0,0,0,0,0,0,0,0,0,0,101.218,0,0,0
"MtrElec",12,8,8,"",87.2637,0,0,0,0,0,0,0,0,0,0,0,0,0,0,0,0,0,0,0,0,112.368,0,0,-25.1039
"MtrElec",12,8,9,"",82.144,0,0,0,0,0,0,0,0,0,0,0,0,0,0,0,0,0,0,0,0,126.996,0,0,-44.8524
"MtrElec",12,8,10,"",22.3934,0,0,0,0,0,0,0,0,0,0,0,0,0,0,0,0,0,0,0,0,132.437,0,0,-110.044
"MtrElec",12,8,11,"",44.8321,0,0,0,0,0,0,0,0,0,0,0,0,0,0,0,0,0,0,0,0,105.456,0,0,-60.6235
"MtrElec",12,8,12,"",36.2173,0,0,0,0,0,0,0,0,0,0,0,0,0,0,0,0,0,0,0,0,87.3491,0,0,-51.1318
"MtrElec",12,8,13,"",40.4508,0,0,0,0,0,0,0,0,0,0,0,0,0,0,0,0,0,0,0,0,103.861,0,0,-63.4103
"MtrElec",12,8,14,"",0,0,0,0,0,0,0,0,0,0,0,0,0,0,0,0,0,0,0,0,0,66.9895,0,60.1264,-127.116
"MtrElec",12,8,15,"",0,0,0,0,0,0,0,0,0,0,0,0,0,0,0,0,0,0,0,0,0,65.2865,0,41.2074,-106.494
"MtrElec",12,8,16,"",42.1923,0,0,0,0,0,0,0,0,0,0,0,0,0,0,0,0,0,0,0,0,101.508,0,0,-59.3161
"MtrElec",12,8,17,"",85.8822,0,0,0,0,0,0,0,0,0,0,0,0,0,0,0,0,0,0,0,0,93.7844,0,0,-7.90219
"MtrElec",12,8,18,"",113.849,0,0,0,0,0,0,0,0,0,0,0,0,0,0,0,0,0,0,0,0,113.849,0,0,0
"MtrElec",12,8,19,"",45.4742,0,0,0,0,0,0,0,0,0,0,0,0,0,0,0,0,0,0,0,0,113.35,0,-67.8758,0
"MtrElec",12,8,20,"",120.52,0,0,0,0,0,0,0,0,0,0,0,0,0,0,0,0,0,0,0,0,144.098,0,-23.578,0
"MtrElec",12,8,21,"",105.813,0,0,0,0,0,0,0,0,0,0,0,0,0,0,0,0,0,0,0,0,105.813,0,0,0
"MtrElec",12,8,22,"",123.956,0,0,0,0,0,0,0,0,0,0,0,0,0,0,0,0,0,0,0,0,123.956,0,0,0
"MtrElec",12,8,23,"",110.378,0,0,0,0,0,0,0,0,0,0,0,0,0,0,0,0,0,0,0,0,110.378,0,0,0
"MtrElec",12,8,24,"",67.6532,0,0,0,0,0,0,0,0,0,0,0,0,0,0,0,0,0,0,0,0,67.6532,0,0,0
"MtrElec",12,9,1,"",53.76,0,0,0,0,0,0,0,0,0,0,0,0,0,0,0,0,0,0,0,0,53.76,0,0,0
"MtrElec",12,9,2,"",51.1336,0,0,0,0,0,0,0,0,0,0,0,0,0,0,0,0,0,0,0,0,51.1336,0,0,0
"MtrElec",12,9,3,"",50.715,0,0,0,0,0,0,0,0,0,0,0,0,0,0,0,0,0,0,0,0,50.715,0,0,0
"MtrElec",12,9,4,"",57.3373,0,0,0,0,0,0,0,0,0,0,0,0,0,0,0,0,0,0,0,0,57.3373,0,0,0
"MtrElec",12,9,5,"",75.0766,0,0,0,0,0,0,0,0,0,0,0,0,0,0,0,0,0,0,0,0,75.0766,0,0,0
"MtrElec",12,9,6,"",51.6161,0,0,0,0,0,0,0,0,0,0,0,0,0,0,0,0,0,0,0,0,51.6161,0,0,0
"MtrElec",12,9,7,"",66.966,0,0,0,0,0,0,0,0,0,0,0,0,0,0,0,0,0,0,0,0,66.966,0,0,0
"MtrElec",12,9,8,"",74.3307,0,0,0,0,0,0,0,0,0,0,0,0,0,0,0,0,0,0,0,0,102.057,0,0,-27.7268
"MtrElec",12,9,9,"",28.9191,0,0,0,0,0,0,0,0,0,0,0,0,0,0,0,0,0,0,0,0,109.225,0,0,-80.3059
"MtrElec",12,9,10,"",0,0,0,0,0,0,0,0,0,0,0,0,0,0,0,0,0,0,0,0,0,88.9917,0,45.7371,-134.729
"MtrElec",12,9,11,"",0,0,0,0,0,0,0,0,0,0,0,0,0,0,0,0,0,0,0,0,0,114.87,0,42.9037,-157.774
"MtrElec",12,9,12,"",-1.93745,0,0,0,0,0,0,0,0,0,0,0,0,0,0,0,0,0,0,0,0,98.2038,0,67.8758,-168.017
"MtrElec",12,9,13,"",-29.9875,0,0,0,0,0,0,0,0,0,0,0,0,0,0,0,0,0,0,0,0,65.3268,0,67.8758,-163.19
"MtrElec",12,9,14,"",-22.8057,0,0,0,0,0,0,0,0,0,0,0,0,0,0,0,0,0,0,0,0,88.6689,0,28.8581,-140.333
"MtrElec",12,9,15,"",-50.518,0,0,0,0,0,0,0,0,0,0,0,0,0,0,0,0,0,0,0,0,61.251,0,0,-111.769
"MtrElec",12,9,16,"",-4.68304,0,0,0,0,0,0,0,0,0,0,0,0,0,0,0,0,0,0,0,0,60.4645,0,0,-65.1475
"MtrElec",12,9,17,"",60.1891,0,0,0,0,0,0,0,0,0,0,0,0,0,0,0,0,0,0,0,0,73.1798,0,0,-12.9907
"MtrElec",12,9,18,"",115.299,0,0,0,0,0,0,0,0,0,0,0,0,0,0,0,0,0,0,0,0,115.299,0,0,0
"MtrElec",12,9,19,"",56.3688,0,0,0,0,0,0,0,0,0,0,0,0,0,0,0,0,0,0,0,0,124.245,0,-67.8758,0
"MtrElec",12,9,20,"",49.7581,0,0,0,0,0,0,0,0,0,0,0,0,0,0,0,0,0,0,0,0,117.634,0,-67.8758,0
"MtrElec",12,9,21,"",77.8042,0,0,0,0,0,0,0,0,0,0,0,0,0,0,0,0,0,0,0,0,145.68,0,-67.8758,0
"MtrElec",12,9,22,"",89.2208,0,0,0,0,0,0,0,0,0,0,0,0,0,0,0,0,0,0,0,0,114.152,0,-24.9313,0
"MtrElec",12,9,23,"",85.3496,0,0,0,0,0,0,0,0,0,0,0,0,0,0,0,0,0,0,0,0,85.3496,0,0,0
"MtrElec",12,9,24,"",72.9208,0,0,0,0,0,0,0,0,0,0,0,0,0,0,0,0,0,0,0,0,72.9208,0,0,0
"MtrElec",12,10,1,"",70.4723,0,0,0,0,0,0,0,0,0,0,0,0,0,0,0,0,0,0,0,0,70.4723,0,0,0
"MtrElec",12,10,2,"",51.0084,0,0,0,0,0,0,0,0,0,0,0,0,0,0,0,0,0,0,0,0,51.0084,0,0,0
"MtrElec",12,10,3,"",50.5474,0,0,0,0,0,0,0,0,0,0,0,0,0,0,0,0,0,0,0,0,50.5474,0,0,0
"MtrElec",12,10,4,"",57.1868,0,0,0,0,0,0,0,0,0,0,0,0,0,0,0,0,0,0,0,0,57.1868,0,0,0
"MtrElec",12,10,5,"",49.1164,0,0,0,0,0,0,0,0,0,0,0,0,0,0,0,0,0,0,0,0,49.1164,0,0,0
"MtrElec",12,10,6,"",52.392,0,0,0,0,0,0,0,0,0,0,0,0,0,0,0,0,0,0,0,0,52.392,0,0,0
"MtrElec",12,10,7,"",96.1841,0,0,0,0,0,0,0,0,0,0,0,0,0,0,0,0,0,0,0,0,96.1841,0,0,0
"MtrElec",12,10,8,"",63.2228,0,0,0,0,0,0,0,0,0,0,0,0,0,0,0,0,0,0,0,0,104.163,0,0,-40.9399
"MtrElec",12,10,9,"",21.6754,0,0,0,0,0,0,0,0,0,0,0,0,0,0,0,0,0,0,0,0,115.608,0,0,-93.9323
"MtrElec",12,10,10,"",0,0,0,0,0,0,0,0,0,0,0,0,0,0,0,0,0,0,0,0,0,98.8425,0,36.042,-134.885
"MtrElec",12,10,11,"",0,0,0,0,0,0,0,0,0,0,0,0,0,0,0,0,0,0,0,0,0,120.726,0,39.1334,-159.859
"MtrElec",12,10,12,"",-1.19281,0,0,0,0,0,0,0,0,0,0,0,0,0,0,0,0,0,0,0,0,100.205,0,67.8758,-169.273
"MtrElec",12,10,13,"",0,0,0,0,0,0,0,0,0,0,0,0,0,0,0,0,0,0,0,0,0,100.468,0,65.0857,-165.553
"MtrElec",12,10,14,"",-5.79123,0,0,0,0,0,0,0,0,0,0,0,0,0,0,0,0,0,0,0,0,96.8563,0,45.1137,-147.761
"MtrElec",12,10,15,"",-36.9087,0,0,0,0,0,0,0,0,0,0,0,0,0,0,0,0,0,0,0,0,77.0618,0,0,-113.97
"MtrElec",12,10,16,"",29.9187,0,0,0,0,0,0,0,0,0,0,0,0,0,0,0,0,0,0,0,0,96.3271,0,0,-66.4084
"MtrElec",12,10,17,"",89.021,0,0,0,0,0,0,0,0,0,0,0,0,0,0,0,0,0,0,0,0,103.148,0,0,-14.127
"MtrElec",12,10,18,"",101.792,0,0,0,0,0,0,0,0,0,0,0,0,0,0,0,0,0,0,0,0,101.792,0,0,0
"MtrElec",12,10,19,"",91.4084,0,0,0,0,0,0,0,0,0,0,0,0,0,0,0,0,0,0,0,0,159.284,0,-67.8758,0
"MtrElec",12,10,20,"",40.3525,0,0,0,0,0,0,0,0,0,0,0,0,0,0,0,0,0,0,0,0,108.228,0,-67.8758,0
"MtrElec",12,10,21,"",75.9627,0,0,0,0,0,0,0,0,0,0,0,0,0,0,0,0,0,0,0,0,143.838,0,-67.8758,0
"MtrElec",12,10,22,"",72.2171,0,0,0,0,0,0,0,0,0,0,0,0,0,0,0,0,0,0,0,0,97.1484,0,-24.9313,0
"MtrElec",12,10,23,"",98.5818,0,0,0,0,0,0,0,0,0,0,0,0,0,0,0,0,0,0,0,0,98.5818,0,0,0
"MtrElec",12,10,24,"",72.3899,0,0,0,0,0,0,0,0,0,0,0,0,0,0,0,0,0,0,0,0,72.3899,0,0,0
"MtrElec",12,11,1,"",52.5886,0,0,0,0,0,0,0,0,0,0,0,0,0,0,0,0,0,0,0,0,52.5886,0,0,0
"MtrElec",12,11,2,"",51.4711,0,0,0,0,0,0,0,0,0,0,0,0,0,0,0,0,0,0,0,0,51.4711,0,0,0
"MtrElec",12,11,3,"",51.9703,0,0,0,0,0,0,0,0,0,0,0,0,0,0,0,0,0,0,0,0,51.9703,0,0,0
"MtrElec",12,11,4,"",53.5259,0,0,0,0,0,0,0,0,0,0,0,0,0,0,0,0,0,0,0,0,53.5259,0,0,0
"MtrElec",12,11,5,"",53.3403,0,0,0,0,0,0,0,0,0,0,0,0,0,0,0,0,0,0,0,0,53.3403,0,0,0
"MtrElec",12,11,6,"",55.7462,0,0,0,0,0,0,0,0,0,0,0,0,0,0,0,0,0,0,0,0,55.7462,0,0,0
"MtrElec",12,11,7,"",99.0107,0,0,0,0,0,0,0,0,0,0,0,0,0,0,0,0,0,0,0,0,99.0107,0,0,0
"MtrElec",12,11,8,"",69.5348,0,0,0,0,0,0,0,0,0,0,0,0,0,0,0,0,0,0,0,0,111.258,0,0,-41.7228
"MtrElec",12,11,9,"",0,0,0,0,0,0,0,0,0,0,0,0,0,0,0,0,0,0,0,0,0,86.4268,0,7.23604,-93.6628
"MtrElec",12,11,10,"",0,0,0,0,0,0,0,0,0,0,0,0,0,0,0,0,0,0,0,0,0,92.5454,0,38.3612,-130.907
"MtrElec",12,11,11,"",0,0,0,0,0,0,0,0,0,0,0,0,0,0,0,0,0,0,0,0,0,88.6559,0,61.8079,-150.464
"MtrElec",12,11,12,"",-5.99263,0,0,0,0,0,0,0,0,0,0,0,0,0,0,0,0,0,0,0,0,88.0179,0,67.8758,-161.886
"MtrElec",12,11,13,"",-29.7863,0,0,0,0,0,0,0,0,0,0,0,0,0,0,0,0,0,0,0,0,59.4228,0,67.8758,-157.085
"MtrElec",12,11,14,"",-63.7447,0,0,0,0,0,0,0,0,0,0,0,0,0,0,0,0,0,0,0,0,63.0915,0,10.0938,-136.93
"MtrElec",12,11,15,"",-17.7302,0,0,0,0,0,0,0,0,0,0,0,0,0,0,0,0,0,0,0,0,88.9009,0,0,-106.631
"MtrElec",12,11,16,"",13.2246,0,0,0,0,0,0,0,0,0,0,0,0,0,0,0,0,0,0,0,0,76.5858,0,0,-63.3612
"MtrElec",12,11,17,"",88.6822,0,0,0,0,0,0,0,0,0,0,0,0,0,0,0,0,0,0,0,0,102.376,0,0,-13.6939
"MtrElec",12,11,18,"",121.349,0,0,0,0,0,0,0,0,0,0,0,0,0,0,0,0,0,0,0,0,121.349,0,0,0
"MtrElec",12,11,19,"",33.1277,0,0,0,0,0,0,0,0,0,0,0,0,0,0,0,0,0,0,0,0,101.003,0,-67.8758,0
"MtrElec",12,11,20,"",50.9725,0,0,0,0,0,0,0,0,0,0,0,0,0,0,0,0,0,0,0,0,118.848,0,-67.8758,0
"MtrElec",12,11,21,"",78.2228,0,0,0,0,0,0,0,0,0,0,0,0,0,0,0,0,0,0,0,0,146.099,0,-67.8758,0
"MtrElec",12,11,22,"",72.9944,0,0,0,0,0,0,0,0,0,0,0,0,0,0,0,0,0,0,0,0,97.9257,0,-24.9313,0
"MtrElec",12,11,23,"",128.434,0,0,0,0,0,0,0,0,0,0,0,0,0,0,0,0,0,0,0,0,128.434,0,0,0
"MtrElec",12,11,24,"",93.6066,0,0,0,0,0,0,0,0,0,0,0,0,0,0,0,0,0,0,0,0,93.6066,0,0,0
"MtrElec",12,12,1,"",67.8296,0,0,0,0,0,0,0,0,0,0,0,0,0,0,0,0,0,0,0,0,67.8296,0,0,0
"MtrElec",12,12,2,"",51.625,0,0,0,0,0,0,0,0,0,0,0,0,0,0,0,0,0,0,0,0,51.625,0,0,0
"MtrElec",12,12,3,"",52.7803,0,0,0,0,0,0,0,0,0,0,0,0,0,0,0,0,0,0,0,0,52.7803,0,0,0
"MtrElec",12,12,4,"",51.8686,0,0,0,0,0,0,0,0,0,0,0,0,0,0,0,0,0,0,0,0,51.8686,0,0,0
"MtrElec",12,12,5,"",49.1437,0,0,0,0,0,0,0,0,0,0,0,0,0,0,0,0,0,0,0,0,49.1437,0,0,0
"MtrElec",12,12,6,"",71.1264,0,0,0,0,0,0,0,0,0,0,0,0,0,0,0,0,0,0,0,0,71.1264,0,0,0
"MtrElec",12,12,7,"",62.6008,0,0,0,0,0,0,0,0,0,0,0,0,0,0,0,0,0,0,0,0,62.6008,0,0,0
"MtrElec",12,12,8,"",23.189,0,0,0,0,0,0,0,0,0,0,0,0,0,0,0,0,0,0,0,0,62.4616,0,0,-39.2726
"MtrElec",12,12,9,"",20.6771,0,0,0,0,0,0,0,0,0,0,0,0,0,0,0,0,0,0,0,0,111.539,0,0,-90.8616
"MtrElec",12,12,10,"",0.0000020,0,0,0,0,0,0,0,0,0,0,0,0,0,0,0,0,0,0,0,0,97.4074,0,31.9433,-129.351
"MtrElec",12,12,11,"",0,0,0,0,0,0,0,0,0,0,0,0,0,0,0,0,0,0,0,0,0,113.019,0,41.3168,-154.336
"MtrElec",12,12,12,"",-9.74746,0,0,0,0,0,0,0,0,0,0,0,0,0,0,0,0,0,0,0,0,90.4384,0,67.8758,-168.062
"MtrElec",12,12,13,"",0,0,0,0,0,0,0,0,0,0,0,0,0,0,0,0,0,0,0,0,0,127.532,0,36.7867,-164.319
"MtrElec",12,12,14,"",0,0,0,0,0,0,0,0,0,0,0,0,0,0,0,0,0,0,0,0,0,102.469,0,42.931,-145.4
"MtrElec",12,12,15,"",0,0,0,0,0,0,0,0,0,0,0,0,0,0,0,0,0,0,0,0,0,93.6851,0,19.3769,-113.062
"MtrElec",12,12,16,"",17.2466,0,0,0,0,0,0,0,0,0,0,0,0,0,0,0,0,0,0,0,0,82.7925,0,0,-65.5459
"MtrElec",12,12,17,"",83.9706,0,0,0,0,0,0,0,0,0,0,0,0,0,0,0,0,0,0,0,0,98.053,0,0,-14.0824
"MtrElec",12,12,18,"",80.3934,0,0,0,0,0,0,0,0,0,0,0,0,0,0,0,0,0,0,0,0,80.3934,0,0,0
"MtrElec",12,12,19,"",54.1239,0,0,0,0,0,0,0,0,0,0,0,0,0,0,0,0,0,0,0,0,122,0,-67.8758,0
"MtrElec",12,12,20,"",52.553,0,0,0,0,0,0,0,0,0,0,0,0,0,0,0,0,0,0,0,0,120.429,0,-67.8758,0
"MtrElec",12,12,21,"",29.9056,0,0,0,0,0,0,0,0,0,0,0,0,0,0,0,0,0,0,0,0,97.7813,0,-67.8758,0
"MtrElec",12,12,22,"",110.605,0,0,0,0,0,0,0,0,0,0,0,0,0,0,0,0,0,0,0,0,123.785,0,-13.1807,0
"MtrElec",12,12,23,"",80.9899,0,0,0,0,0,0,0,0,0,0,0,0,0,0,0,0,0,0,0,0,80.9899,0,0,0
"MtrElec",12,12,24,"",109.045,0,0,0,0,0,0,0,0,0,0,0,0,0,0,0,0,0,0,0,0,109.045,0,0,0
"MtrElec",12,13,1,"",60.4164,0,0,0,0,0,0,0,0,0,0,0,0,0,0,0,0,0,0,0,0,60.4164,0,0,0
"MtrElec",12,13,2,"",50.1393,0,0,0,0,0,0,0,0,0,0,0,0,0,0,0,0,0,0,0,0,50.1393,0,0,0
"MtrElec",12,13,3,"",51.2903,0,0,0,0,0,0,0,0,0,0,0,0,0,0,0,0,0,0,0,0,51.2903,0,0,0
"MtrElec",12,13,4,"",50.3929,0,0,0,0,0,0,0,0,0,0,0,0,0,0,0,0,0,0,0,0,50.3929,0,0,0
"MtrElec",12,13,5,"",47.6809,0,0,0,0,0,0,0,0,0,0,0,0,0,0,0,0,0,0,0,0,47.6809,0,0,0
"MtrElec",12,13,6,"",50.6147,0,0,0,0,0,0,0,0,0,0,0,0,0,0,0,0,0,0,0,0,50.6147,0,0,0
"MtrElec",12,13,7,"",65.6513,0,0,0,0,0,0,0,0,0,0,0,0,0,0,0,0,0,0,0,0,65.6513,0,0,0
"MtrElec",12,13,8,"",67.595,0,0,0,0,0,0,0,0,0,0,0,0,0,0,0,0,0,0,0,0,93.4435,0,0,-25.8485
"MtrElec",12,13,9,"",53.4573,0,0,0,0,0,0,0,0,0,0,0,0,0,0,0,0,0,0,0,0,107.789,0,0,-54.3318
"MtrElec",12,13,10,"",0,0,0,0,0,0,0,0,0,0,0,0,0,0,0,0,0,0,0,0,0,101.692,0,32.9145,-134.606
"MtrElec",12,13,11,"",0.0000039,0,0,0,0,0,0,0,0,0,0,0,0,0,0,0,0,0,0,0,0,120.023,0,34.6274,-154.65
"MtrElec",12,13,12,"",0,0,0,0,0,0,0,0,0,0,0,0,0,0,0,0,0,0,0,0,0,131.324,0,37.7677,-169.092
"MtrElec",12,13,13,"",0.0000010,0,0,0,0,0,0,0,0,0,0,0,0,0,0,0,0,0,0,0,0,153.349,0,13.9505,-167.3
"MtrElec",12,13,14,"",0,0,0,0,0,0,0,0,0,0,0,0,0,0,0,0,0,0,0,0,0,108.064,0,40.396,-148.46
"MtrElec",12,13,15,"",0,0,0,0,0,0,0,0,0,0,0,0,0,0,0,0,0,0,0,0,0,112.497,0,2.39409,-114.891
"MtrElec",12,13,16,"",46.3392,0,0,0,0,0,0,0,0,0,0,0,0,0,0,0,0,0,0,0,0,112.824,0,0,-66.4849
"MtrElec",12,13,17,"",101.894,0,0,0,0,0,0,0,0,0,0,0,0,0,0,0,0,0,0,0,0,116.497,0,0,-14.6029
"MtrElec",12,13,18,"",98.9875,0,0,0,0,0,0,0,0,0,0,0,0,0,0,0,0,0,0,0,0,98.9875,0,0,0
"MtrElec",12,13,19,"",97.6287,0,0,0,0,0,0,0,0,0,0,0,0,0,0,0,0,0,0,0,0,165.504,0,-67.8758,0
"MtrElec",12,13,20,"",51.8651,0,0,0,0,0,0,0,0,0,0,0,0,0,0,0,0,0,0,0,0,119.741,0,-67.8758,0
"MtrElec",12,13,21,"",81.5317,0,0,0,0,0,0,0,0,0,0,0,0,0,0,0,0,0,0,0,0,92.0305,0,-10.4988,0
"MtrElec",12,13,22,"",130.848,0,0,0,0,0,0,0,0,0,0,0,0,0,0,0,0,0,0,0,0,130.848,0,0,0
"MtrElec",12,13,23,"",71.9317,0,0,0,0,0,0,0,0,0,0,0,0,0,0,0,0,0,0,0,0,71.9317,0,0,0
"MtrElec",12,13,24,"",60.1318,0,0,0,0,0,0,0,0,0,0,0,0,0,0,0,0,0,0,0,0,60.1318,0,0,0
"MtrElec",12,14,1,"",56.6282,0,0,0,0,0,0,0,0,0,0,0,0,0,0,0,0,0,0,0,0,56.6282,0,0,0
"MtrElec",12,14,2,"",58.0524,0,0,0,0,0,0,0,0,0,0,0,0,0,0,0,0,0,0,0,0,58.0524,0,0,0
"MtrElec",12,14,3,"",77.6736,0,0,0,0,0,0,0,0,0,0,0,0,0,0,0,0,0,0,0,0,77.6736,0,0,0
"MtrElec",12,14,4,"",53.6146,0,0,0,0,0,0,0,0,0,0,0,0,0,0,0,0,0,0,0,0,53.6146,0,0,0
"MtrElec",12,14,5,"",53.4437,0,0,0,0,0,0,0,0,0,0,0,0,0,0,0,0,0,0,0,0,53.4437,0,0,0
"MtrElec",12,14,6,"",53.3751,0,0,0,0,0,0,0,0,0,0,0,0,0,0,0,0,0,0,0,0,53.3751,0,0,0
"MtrElec",12,14,7,"",79.8352,0,0,0,0,0,0,0,0,0,0,0,0,0,0,0,0,0,0,0,0,79.8352,0,0,0
"MtrElec",12,14,8,"",75.3401,0,0,0,0,0,0,0,0,0,0,0,0,0,0,0,0,0,0,0,0,114.236,0,0,-38.896
"MtrElec",12,14,9,"",43.8711,0,0,0,0,0,0,0,0,0,0,0,0,0,0,0,0,0,0,0,0,136.142,0,0,-92.2712
"MtrElec",12,14,10,"",0.0000005,0,0,0,0,0,0,0,0,0,0,0,0,0,0,0,0,0,0,0,0,126.839,0,6.35348,-133.192
"MtrElec",12,14,11,"",0,0,0,0,0,0,0,0,0,0,0,0,0,0,0,0,0,0,0,0,0,105.309,0,52.316,-157.625
"MtrElec",12,14,12,"",-10.8174,0,0,0,0,0,0,0,0,0,0,0,0,0,0,0,0,0,0,0,0,90.6357,0,67.8758,-169.329
"MtrElec",12,14,13,"",0.0000039,0,0,0,0,0,0,0,0,0,0,0,0,0,0,0,0,0,0,0,0,132.753,0,33.1798,-165.933
"MtrElec",12,14,14,"",-17.0895,0,0,0,0,0,0,0,0,0,0,0,0,0,0,0,0,0,0,0,0,62.3231,0,67.8758,-147.288
"MtrElec",12,14,15,"",-0.882602,0,0,0,0,0,0,0,0,0,0,0,0,0,0,0,0,0,0,0,0,87.4409,0,25.6498,-113.973
"MtrElec",12,14,16,"",30.6345,0,0,0,0,0,0,0,0,0,0,0,0,0,0,0,0,0,0,0,0,96.7529,0,0,-66.1185
"MtrElec",12,14,17,"",87.1479,0,0,0,0,0,0,0,0,0,0,0,0,0,0,0,0,0,0,0,0,101.366,0,0,-14.2183
"MtrElec",12,14,18,"",123.007,0,0,0,0,0,0,0,0,0,0,0,0,0,0,0,0,0,0,0,0,123.007,0,0,0
"MtrElec",12,14,19,"",27.2943,0,0,0,0,0,0,0,0,0,0,0,0,0,0,0,0,0,0,0,0,95.17,0,-67.8758,0
"MtrElec",12,14,20,"",69.9931,0,0,0,0,0,0,0,0,0,0,0,0,0,0,0,0,0,0,0,0,137.869,0,-67.8758,0
"MtrElec",12,14,21,"",72.1683,0,0,0,0,0,0,0,0,0,0,0,0,0,0,0,0,0,0,0,0,140.044,0,-67.8758,0
"MtrElec",12,14,22,"",90.4523,0,0,0,0,0,0,0,0,0,0,0,0,0,0,0,0,0,0,0,0,115.384,0,-24.9313,0
"MtrElec",12,14,23,"",114.029,0,0,0,0,0,0,0,0,0,0,0,0,0,0,0,0,0,0,0,0,114.029,0,0,0
"MtrElec",12,14,24,"",72.1006,0,0,0,0,0,0,0,0,0,0,0,0,0,0,0,0,0,0,0,0,72.1006,0,0,0
"MtrElec",12,15,1,"",56.705,0,0,0,0,0,0,0,0,0,0,0,0,0,0,0,0,0,0,0,0,56.705,0,0,0
"MtrElec",12,15,2,"",51.3892,0,0,0,0,0,0,0,0,0,0,0,0,0,0,0,0,0,0,0,0,51.3892,0,0,0
"MtrElec",12,15,3,"",49.9162,0,0,0,0,0,0,0,0,0,0,0,0,0,0,0,0,0,0,0,0,49.9162,0,0,0
"MtrElec",12,15,4,"",49.9029,0,0,0,0,0,0,0,0,0,0,0,0,0,0,0,0,0,0,0,0,49.9029,0,0,0
"MtrElec",12,15,5,"",49.2901,0,0,0,0,0,0,0,0,0,0,0,0,0,0,0,0,0,0,0,0,49.2901,0,0,0
"MtrElec",12,15,6,"",71.7901,0,0,0,0,0,0,0,0,0,0,0,0,0,0,0,0,0,0,0,0,71.7901,0,0,0
"MtrElec",12,15,7,"",91.5088,0,0,0,0,0,0,0,0,0,0,0,0,0,0,0,0,0,0,0,0,91.5088,0,0,0
"MtrElec",12,15,8,"",49.6817,0,0,0,0,0,0,0,0,0,0,0,0,0,0,0,0,0,0,0,0,87.4528,0,0,-37.7711
"MtrElec",12,15,9,"",17.7721,0,0,0,0,0,0,0,0,0,0,0,0,0,0,0,0,0,0,0,0,110.709,0,0,-92.9371
"MtrElec",12,15,10,"",0,0,0,0,0,0,0,0,0,0,0,0,0,0,0,0,0,0,0,0,0,111.712,0,22.2452,-133.957
"MtrElec",12,15,11,"",-22.4379,0,0,0,0,0,0,0,0,0,0,0,0,0,0,0,0,0,0,0,0,70.4522,0,67.8758,-160.766
"MtrElec",12,15,12,"",-10.1735,0,0,0,0,0,0,0,0,0,0,0,0,0,0,0,0,0,0,0,0,95.1591,0,67.8758,-173.208
"MtrElec",12,15,13,"",-26.8513,0,0,0,0,0,0,0,0,0,0,0,0,0,0,0,0,0,0,0,0,74.3362,0,67.8758,-169.063
"MtrElec",12,15,14,"",-28.5564,0,0,0,0,0,0,0,0,0,0,0,0,0,0,0,0,0,0,0,0,94.3689,0,27.378,-150.303
"MtrElec",12,15,15,"",-52.7807,0,0,0,0,0,0,0,0,0,0,0,0,0,0,0,0,0,0,0,0,64.8177,0,0,-117.598
"MtrElec",12,15,16,"",22.0082,0,0,0,0,0,0,0,0,0,0,0,0,0,0,0,0,0,0,0,0,90.65,0,0,-68.6417
"MtrElec",12,15,17,"",89.018,0,0,0,0,0,0,0,0,0,0,0,0,0,0,0,0,0,0,0,0,103.712,0,0,-14.694
"MtrElec",12,15,18,"",125.265,0,0,0,0,0,0,0,0,0,0,0,0,0,0,0,0,0,0,0,0,125.265,0,0,0
"MtrElec",12,15,19,"",51.3335,0,0,0,0,0,0,0,0,0,0,0,0,0,0,0,0,0,0,0,0,119.209,0,-67.8758,0
"MtrElec",12,15,20,"",76.3196,0,0,0,0,0,0,0,0,0,0,0,0,0,0,0,0,0,0,0,0,144.195,0,-67.8758,0
"MtrElec",12,15,21,"",78.0372,0,0,0,0,0,0,0,0,0,0,0,0,0,0,0,0,0,0,0,0,145.913,0,-67.8758,0
"MtrElec",12,15,22,"",110.123,0,0,0,0,0,0,0,0,0,0,0,0,0,0,0,0,0,0,0,0,135.054,0,-24.9313,0
"MtrElec",12,15,23,"",97.8203,0,0,0,0,0,0,0,0,0,0,0,0,0,0,0,0,0,0,0,0,97.8203,0,0,0
"MtrElec",12,15,24,"",122.786,0,0,0,0,0,0,0,0,0,0,0,0,0,0,0,0,0,0,0,0,122.786,0,0,0
"MtrElec",12,16,1,"",66.5975,0,0,0,0,0,0,0,0,0,0,0,0,0,0,0,0,0,0,0,0,66.5975,0,0,0
"MtrElec",12,16,2,"",52.2238,0,0,0,0,0,0,0,0,0,0,0,0,0,0,0,0,0,0,0,0,52.2238,0,0,0
"MtrElec",12,16,3,"",52.9264,0,0,0,0,0,0,0,0,0,0,0,0,0,0,0,0,0,0,0,0,52.9264,0,0,0
"MtrElec",12,16,4,"",52.7722,0,0,0,0,0,0,0,0,0,0,0,0,0,0,0,0,0,0,0,0,52.7722,0,0,0
"MtrElec",12,16,5,"",52.5033,0,0,0,0,0,0,0,0,0,0,0,0,0,0,0,0,0,0,0,0,52.5033,0,0,0
"MtrElec",12,16,6,"",52.6101,0,0,0,0,0,0,0,0,0,0,0,0,0,0,0,0,0,0,0,0,52.6101,0,0,0
"MtrElec",12,16,7,"",91.4467,0,0,0,0,0,0,0,0,0,0,0,0,0,0,0,0,0,0,0,0,91.4467,0,0,0
"MtrElec",12,16,8,"",53.1128,0,0,0,0,0,0,0,0,0,0,0,0,0,0,0,0,0,0,0,0,93.3353,0,0,-40.2226
"MtrElec",12,16,9,"",13.7078,0,0,0,0,0,0,0,0,0,0,0,0,0,0,0,0,0,0,0,0,109.866,0,0,-96.1584
"MtrElec",12,16,10,"",0.0000020,0,0,0,0,0,0,0,0,0,0,0,0,0,0,0,0,0,0,0,0,113.521,0,27.288,-140.809
"MtrElec",12,16,11,"",0,0,0,0,0,0,0,0,0,0,0,0,0,0,0,0,0,0,0,0,0,102.117,0,65.8808,-167.998
"MtrElec",12,16,12,"",-7.56816,0,0,0,0,0,0,0,0,0,0,0,0,0,0,0,0,0,0,0,0,105.01,0,67.8758,-180.454
"MtrElec",12,16,13,"",-15.1011,0,0,0,0,0,0,0,0,0,0,0,0,0,0,0,0,0,0,0,0,93.7059,0,67.8758,-176.683
"MtrElec",12,16,14,"",-45.2192,0,0,0,0,0,0,0,0,0,0,0,0,0,0,0,0,0,0,0,0,87.5504,0,24.3301,-157.1
"MtrElec",12,16,15,"",-63.0024,0,0,0,0,0,0,0,0,0,0,0,0,0,0,0,0,0,0,0,0,59.0372,0,0,-122.04
"MtrElec",12,16,16,"",20.6172,0,0,0,0,0,0,0,0,0,0,0,0,0,0,0,0,0,0,0,0,91.5934,0,0,-70.9762
"MtrElec",12,16,17,"",80.1292,0,0,0,0,0,0,0,0,0,0,0,0,0,0,0,0,0,0,0,0,92.2172,0,0,-12.088
"MtrElec",12,16,18,"",96.1022,0,0,0,0,0,0,0,0,0,0,0,0,0,0,0,0,0,0,0,0,96.1022,0,0,0
"MtrElec",12,16,19,"",53.0945,0,0,0,0,0,0,0,0,0,0,0,0,0,0,0,0,0,0,0,0,120.97,0,-67.8758,0
"MtrElec",12,16,20,"",40.5061,0,0,0,0,0,0,0,0,0,0,0,0,0,0,0,0,0,0,0,0,108.382,0,-67.8758,0
"MtrElec",12,16,21,"",95.1682,0,0,0,0,0,0,0,0,0,0,0,0,0,0,0,0,0,0,0,0,163.044,0,-67.8758,0
"MtrElec",12,16,22,"",65.515,0,0,0,0,0,0,0,0,0,0,0,0,0,0,0,0,0,0,0,0,90.4463,0,-24.9313,0
"MtrElec",12,16,23,"",96.7932,0,0,0,0,0,0,0,0,0,0,0,0,0,0,0,0,0,0,0,0,96.7932,0,0,0
"MtrElec",12,16,24,"",80.8094,0,0,0,0,0,0,0,0,0,0,0,0,0,0,0,0,0,0,0,0,80.8094,0,0,0
"MtrElec",12,17,1,"",52.8889,0,0,0,0,0,0,0,0,0,0,0,0,0,0,0,0,0,0,0,0,52.8889,0,0,0
"MtrElec",12,17,2,"",51.741,0,0,0,0,0,0,0,0,0,0,0,0,0,0,0,0,0,0,0,0,51.741,0,0,0
"MtrElec",12,17,3,"",49.3815,0,0,0,0,0,0,0,0,0,0,0,0,0,0,0,0,0,0,0,0,49.3815,0,0,0
"MtrElec",12,17,4,"",50.0448,0,0,0,0,0,0,0,0,0,0,0,0,0,0,0,0,0,0,0,0,50.0448,0,0,0
"MtrElec",12,17,5,"",49.4382,0,0,0,0,0,0,0,0,0,0,0,0,0,0,0,0,0,0,0,0,49.4382,0,0,0
"MtrElec",12,17,6,"",53.5918,0,0,0,0,0,0,0,0,0,0,0,0,0,0,0,0,0,0,0,0,53.5918,0,0,0
"MtrElec",12,17,7,"",94.8469,0,0,0,0,0,0,0,0,0,0,0,0,0,0,0,0,0,0,0,0,94.8469,0,0,0
"MtrElec",12,17,8,"",66.4761,0,0,0,0,0,0,0,0,0,0,0,0,0,0,0,0,0,0,0,0,107.953,0,0,-41.4771
"MtrElec",12,17,9,"",28.3068,0,0,0,0,0,0,0,0,0,0,0,0,0,0,0,0,0,0,0,0,124.953,0,0,-96.6458
"MtrElec",12,17,10,"",0,0,0,0,0,0,0,0,0,0,0,0,0,0,0,0,0,0,0,0,0,108.415,0,30.5181,-138.933
"MtrElec",12,17,11,"",0,0,0,0,0,0,0,0,0,0,0,0,0,0,0,0,0,0,0,0,0,99.4953,0,65.8346,-165.33
"MtrElec",12,17,12,"",0.0000020,0,0,0,0,0,0,0,0,0,0,0,0,0,0,0,0,0,0,0,0,144.85,0,30.4853,-175.336
"MtrElec",12,17,13,"",-15.3899,0,0,0,0,0,0,0,0,0,0,0,0,0,0,0,0,0,0,0,0,89.8577,0,67.8758,-173.123
"MtrElec",12,17,14,"",-34.7737,0,0,0,0,0,0,0,0,0,0,0,0,0,0,0,0,0,0,0,0,61.167,0,58.5368,-154.478
"MtrElec",12,17,15,"",-25.7821,0,0,0,0,0,0,0,0,0,0,0,0,0,0,0,0,0,0,0,0,94.3378,0,0,-120.12
"MtrElec",12,17,16,"",-4.62199,0,0,0,0,0,0,0,0,0,0,0,0,0,0,0,0,0,0,0,0,67.7897,0,0,-72.4117
"MtrElec",12,17,17,"",67.9294,0,0,0,0,0,0,0,0,0,0,0,0,0,0,0,0,0,0,0,0,85.1404,0,0,-17.211
"MtrElec",12,17,18,"",120.521,0,0,0,0,0,0,0,0,0,0,0,0,0,0,0,0,0,0,0,0,120.521,0,0,0
"MtrElec",12,17,19,"",50.5255,0,0,0,0,0,0,0,0,0,0,0,0,0,0,0,0,0,0,0,0,118.401,0,-67.8758,0
"MtrElec",12,17,20,"",82.8081,0,0,0,0,0,0,0,0,0,0,0,0,0,0,0,0,0,0,0,0,150.684,0,-67.8758,0
"MtrElec",12,17,21,"",52.4237,0,0,0,0,0,0,0,0,0,0,0,0,0,0,0,0,0,0,0,0,120.299,0,-67.8758,0
"MtrElec",12,17,22,"",91.8342,0,0,0,0,0,0,0,0,0,0,0,0,0,0,0,0,0,0,0,0,116.765,0,-24.9313,0
"MtrElec",12,17,23,"",86.6421,0,0,0,0,0,0,0,0,0,0,0,0,0,0,0,0,0,0,0,0,86.6421,0,0,0
"MtrElec",12,17,24,"",89.3022,0,0,0,0,0,0,0,0,0,0,0,0,0,0,0,0,0,0,0,0,89.3022,0,0,0
"MtrElec",12,18,1,"",58.2568,0,0,0,0,0,0,0,0,0,0,0,0,0,0,0,0,0,0,0,0,58.2568,0,0,0
"MtrElec",12,18,2,"",49.8988,0,0,0,0,0,0,0,0,0,0,0,0,0,0,0,0,0,0,0,0,49.8988,0,0,0
"MtrElec",12,18,3,"",48.4555,0,0,0,0,0,0,0,0,0,0,0,0,0,0,0,0,0,0,0,0,48.4555,0,0,0
"MtrElec",12,18,4,"",48.4718,0,0,0,0,0,0,0,0,0,0,0,0,0,0,0,0,0,0,0,0,48.4718,0,0,0
"MtrElec",12,18,5,"",49.329,0,0,0,0,0,0,0,0,0,0,0,0,0,0,0,0,0,0,0,0,49.329,0,0,0
"MtrElec",12,18,6,"",53.4321,0,0,0,0,0,0,0,0,0,0,0,0,0,0,0,0,0,0,0,0,53.4321,0,0,0
"MtrElec",12,18,7,"",71.2332,0,0,0,0,0,0,0,0,0,0,0,0,0,0,0,0,0,0,0,0,71.2332,0,0,0
"MtrElec",12,18,8,"",60.2604,0,0,0,0,0,0,0,0,0,0,0,0,0,0,0,0,0,0,0,0,100.829,0,0,-40.5684
"MtrElec",12,18,9,"",4.60305,0,0,0,0,0,0,0,0,0,0,0,0,0,0,0,0,0,0,0,0,98.8517,0,0,-94.2487
"MtrElec",12,18,10,"",29.7171,0,0,0,0,0,0,0,0,0,0,0,0,0,0,0,0,0,0,0,0,163.333,0,0,-133.616
"MtrElec",12,18,11,"",14.1063,0,0,0,0,0,0,0,0,0,0,0,0,0,0,0,0,0,0,0,0,172.295,0,0,-158.189
"MtrElec",12,18,12,"",-2.33779,0,0,0,0,0,0,0,0,0,0,0,0,0,0,0,0,0,0,0,0,98.8306,0,67.8758,-169.044
"MtrElec",12,18,13,"",-22.6127,0,0,0,0,0,0,0,0,0,0,0,0,0,0,0,0,0,0,0,0,74.79,0,67.8758,-165.279
"MtrElec",12,18,14,"",0,0,0,0,0,0,0,0,0,0,0,0,0,0,0,0,0,0,0,0,0,88.4833,0,59.3183,-147.802
"MtrElec",12,18,15,"",0,0,0,0,0,0,0,0,0,0,0,0,0,0,0,0,0,0,0,0,0,68.8014,0,47.0315,-115.833
"MtrElec",12,18,16,"",37.0454,0,0,0,0,0,0,0,0,0,0,0,0,0,0,0,0,0,0,0,0,105.284,0,0,-68.2383
"MtrElec",12,18,17,"",95.336,0,0,0,0,0,0,0,0,0,0,0,0,0,0,0,0,0,0,0,0,110.764,0,0,-15.4282
"MtrElec",12,18,18,"",116.102,0,0,0,0,0,0,0,0,0,0,0,0,0,0,0,0,0,0,0,0,116.102,0,0,0
"MtrElec",12,18,19,"",34.917,0,0,0,0,0,0,0,0,0,0,0,0,0,0,0,0,0,0,0,0,102.793,0,-67.8758,0
"MtrElec",12,18,20,"",76.8092,0,0,0,0,0,0,0,0,0,0,0,0,0,0,0,0,0,0,0,0,144.685,0,-67.8758,0
"MtrElec",12,18,21,"",79.267,0,0,0,0,0,0,0,0,0,0,0,0,0,0,0,0,0,0,0,0,147.143,0,-67.8758,0
"MtrElec",12,18,22,"",97.3176,0,0,0,0,0,0,0,0,0,0,0,0,0,0,0,0,0,0,0,0,112.187,0,-14.8691,0
"MtrElec",12,18,23,"",121.273,0,0,0,0,0,0,0,0,0,0,0,0,0,0,0,0,0,0,0,0,121.273,0,0,0
"MtrElec",12,18,24,"",91.8163,0,0,0,0,0,0,0,0,0,0,0,0,0,0,0,0,0,0,0,0,91.8163,0,0,0
"MtrElec",12,19,1,"",60.4246,0,0,0,0,0,0,0,0,0,0,0,0,0,0,0,0,0,0,0,0,60.4246,0,0,0
"MtrElec",12,19,2,"",50.2653,0,0,0,0,0,0,0,0,0,0,0,0,0,0,0,0,0,0,0,0,50.2653,0,0,0
"MtrElec",12,19,3,"",52.8636,0,0,0,0,0,0,0,0,0,0,0,0,0,0,0,0,0,0,0,0,52.8636,0,0,0
"MtrElec",12,19,4,"",53.7119,0,0,0,0,0,0,0,0,0,0,0,0,0,0,0,0,0,0,0,0,53.7119,0,0,0
"MtrElec",12,19,5,"",64.1458,0,0,0,0,0,0,0,0,0,0,0,0,0,0,0,0,0,0,0,0,64.1458,0,0,0
"MtrElec",12,19,6,"",52.174,0,0,0,0,0,0,0,0,0,0,0,0,0,0,0,0,0,0,0,0,52.174,0,0,0
"MtrElec",12,19,7,"",84.9357,0,0,0,0,0,0,0,0,0,0,0,0,0,0,0,0,0,0,0,0,84.9357,0,0,0
"MtrElec",12,19,8,"",29.7479,0,0,0,0,0,0,0,0,0,0,0,0,0,0,0,0,0,0,0,0,66.4364,0,0,-36.6885
"MtrElec",12,19,9,"",0,0,0,0,0,0,0,0,0,0,0,0,0,0,0,0,0,0,0,0,0,75.2957,0,19.2174,-94.5131
"MtrElec",12,19,10,"",0,0,0,0,0,0,0,0,0,0,0,0,0,0,0,0,0,0,0,0,0,106.888,0,27.9529,-134.841
"MtrElec",12,19,11,"",0.0000039,0,0,0,0,0,0,0,0,0,0,0,0,0,0,0,0,0,0,0,0,125.393,0,34.343,-159.736
"MtrElec",12,19,12,"",-1.78391,0,0,0,0,0,0,0,0,0,0,0,0,0,0,0,0,0,0,0,0,101.545,0,67.8758,-171.204
"MtrElec",12,19,13,"",0,0,0,0,0,0,0,0,0,0,0,0,0,0,0,0,0,0,0,0,0,120.747,0,47.3907,-168.137
"MtrElec",12,19,14,"",-23.0834,0,0,0,0,0,0,0,0,0,0,0,0,0,0,0,0,0,0,0,0,71.2499,0,56.4707,-150.804
"MtrElec",12,19,15,"",-42.1174,0,0,0,0,0,0,0,0,0,0,0,0,0,0,0,0,0,0,0,0,75.8355,0,0,-117.953
"MtrElec",12,19,16,"",28.0311,0,0,0,0,0,0,0,0,0,0,0,0,0,0,0,0,0,0,0,0,98.8985,0,0,-70.8674
"MtrElec",12,19,17,"",69.3291,0,0,0,0,0,0,0,0,0,0,0,0,0,0,0,0,0,0,0,0,86.2422,0,0,-16.9131
"MtrElec",12,19,18,"",104.968,0,0,0,0,0,0,0,0,0,0,0,0,0,0,0,0,0,0,0,0,104.968,0,0,0
"MtrElec",12,19,19,"",98.5466,0,0,0,0,0,0,0,0,0,0,0,0,0,0,0,0,0,0,0,0,166.422,0,-67.8758,0
"MtrElec",12,19,20,"",58.024,0,0,0,0,0,0,0,0,0,0,0,0,0,0,0,0,0,0,0,0,125.9,0,-67.8758,0
"MtrElec",12,19,21,"",57.6272,0,0,0,0,0,0,0,0,0,0,0,0,0,0,0,0,0,0,0,0,125.503,0,-67.8758,0
"MtrElec",12,19,22,"",69.4096,0,0,0,0,0,0,0,0,0,0,0,0,0,0,0,0,0,0,0,0,94.3409,0,-24.9313,0
"MtrElec",12,19,23,"",107.538,0,0,0,0,0,0,0,0,0,0,0,0,0,0,0,0,0,0,0,0,107.538,0,0,0
"MtrElec",12,19,24,"",89.2452,0,0,0,0,0,0,0,0,0,0,0,0,0,0,0,0,0,0,0,0,89.2452,0,0,0
"MtrElec",12,20,1,"",65.6608,0,0,0,0,0,0,0,0,0,0,0,0,0,0,0,0,0,0,0,0,65.6608,0,0,0
"MtrElec",12,20,2,"",51.6277,0,0,0,0,0,0,0,0,0,0,0,0,0,0,0,0,0,0,0,0,51.6277,0,0,0
"MtrElec",12,20,3,"",54.2373,0,0,0,0,0,0,0,0,0,0,0,0,0,0,0,0,0,0,0,0,54.2373,0,0,0
"MtrElec",12,20,4,"",54.6383,0,0,0,0,0,0,0,0,0,0,0,0,0,0,0,0,0,0,0,0,54.6383,0,0,0
"MtrElec",12,20,5,"",64.052,0,0,0,0,0,0,0,0,0,0,0,0,0,0,0,0,0,0,0,0,64.052,0,0,0
"MtrElec",12,20,6,"",52.0703,0,0,0,0,0,0,0,0,0,0,0,0,0,0,0,0,0,0,0,0,52.0703,0,0,0
"MtrElec",12,20,7,"",67.9784,0,0,0,0,0,0,0,0,0,0,0,0,0,0,0,0,0,0,0,0,67.9784,0,0,0
"MtrElec",12,20,8,"",56.9287,0,0,0,0,0,0,0,0,0,0,0,0,0,0,0,0,0,0,0,0,90.7469,0,0,-33.8182
"MtrElec",12,20,9,"",0.0000010,0,0,0,0,0,0,0,0,0,0,0,0,0,0,0,0,0,0,0,0,75.5827,0,14.2629,-89.8456
"MtrElec",12,20,10,"",0.0000010,0,0,0,0,0,0,0,0,0,0,0,0,0,0,0,0,0,0,0,0,119.842,0,10.3833,-130.226
"MtrElec",12,20,11,"",23.1763,0,0,0,0,0,0,0,0,0,0,0,0,0,0,0,0,0,0,0,0,174.495,0,0,-151.319
"MtrElec",12,20,12,"",0.0000039,0,0,0,0,0,0,0,0,0,0,0,0,0,0,0,0,0,0,0,0,103.607,0,60.5513,-164.159
"MtrElec",12,20,13,"",0.0000039,0,0,0,0,0,0,0,0,0,0,0,0,0,0,0,0,0,0,0,0,125.903,0,38.1922,-164.095
"MtrElec",12,20,14,"",0.0000039,0,0,0,0,0,0,0,0,0,0,0,0,0,0,0,0,0,0,0,0,99.2189,0,47.3992,-146.618
"MtrElec",12,20,15,"",0,0,0,0,0,0,0,0,0,0,0,0,0,0,0,0,0,0,0,0,0,108.215,0,6.35552,-114.571
"MtrElec",12,20,16,"",5.60856,0,0,0,0,0,0,0,0,0,0,0,0,0,0,0,0,0,0,0,0,72.9184,0,0,-67.3099
"MtrElec",12,20,17,"",104.378,0,0,0,0,0,0,0,0,0,0,0,0,0,0,0,0,0,0,0,0,119.428,0,0,-15.0495
"MtrElec",12,20,18,"",114.075,0,0,0,0,0,0,0,0,0,0,0,0,0,0,0,0,0,0,0,0,114.075,0,0,0
"MtrElec",12,20,19,"",81.9448,0,0,0,0,0,0,0,0,0,0,0,0,0,0,0,0,0,0,0,0,149.821,0,-67.8758,0
"MtrElec",12,20,20,"",78.1949,0,0,0,0,0,0,0,0,0,0,0,0,0,0,0,0,0,0,0,0,146.071,0,-67.8758,0
"MtrElec",12,20,21,"",118.088,0,0,0,0,0,0,0,0,0,0,0,0,0,0,0,0,0,0,0,0,142.209,0,-24.1214,0
"MtrElec",12,20,22,"",130.368,0,0,0,0,0,0,0,0,0,0,0,0,0,0,0,0,0,0,0,0,130.368,0,0,0
"MtrElec",12,20,23,"",82.1616,0,0,0,0,0,0,0,0,0,0,0,0,0,0,0,0,0,0,0,0,82.1616,0,0,0
"MtrElec",12,20,24,"",81.4573,0,0,0,0,0,0,0,0,0,0,0,0,0,0,0,0,0,0,0,0,81.4573,0,0,0
"MtrElec",12,21,1,"",52.5538,0,0,0,0,0,0,0,0,0,0,0,0,0,0,0,0,0,0,0,0,52.5538,0,0,0
"MtrElec",12,21,2,"",49.7985,0,0,0,0,0,0,0,0,0,0,0,0,0,0,0,0,0,0,0,0,49.7985,0,0,0
"MtrElec",12,21,3,"",49.7899,0,0,0,0,0,0,0,0,0,0,0,0,0,0,0,0,0,0,0,0,49.7899,0,0,0
"MtrElec",12,21,4,"",49.7893,0,0,0,0,0,0,0,0,0,0,0,0,0,0,0,0,0,0,0,0,49.7893,0,0,0
"MtrElec",12,21,5,"",49.1758,0,0,0,0,0,0,0,0,0,0,0,0,0,0,0,0,0,0,0,0,49.1758,0,0,0
"MtrElec",12,21,6,"",53.298,0,0,0,0,0,0,0,0,0,0,0,0,0,0,0,0,0,0,0,0,53.298,0,0,0
"MtrElec",12,21,7,"",76.4838,0,0,0,0,0,0,0,0,0,0,0,0,0,0,0,0,0,0,0,0,76.4838,0,0,0
"MtrElec",12,21,8,"",75.5075,0,0,0,0,0,0,0,0,0,0,0,0,0,0,0,0,0,0,0,0,105.35,0,0,-29.8427
"MtrElec",12,21,9,"",28.5887,0,0,0,0,0,0,0,0,0,0,0,0,0,0,0,0,0,0,0,0,116.353,0,0,-87.7646
"MtrElec",12,21,10,"",6.77256,0,0,0,0,0,0,0,0,0,0,0,0,0,0,0,0,0,0,0,0,137.259,0,0,-130.486
"MtrElec",12,21,11,"",0.0000002,0,0,0,0,0,0,0,0,0,0,0,0,0,0,0,0,0,0,0,0,154.537,0,3.45678,-157.994
"MtrElec",12,21,12,"",-11.5241,0,0,0,0,0,0,0,0,0,0,0,0,0,0,0,0,0,0,0,0,90.2528,0,67.8758,-169.653
"MtrElec",12,21,13,"",0,0,0,0,0,0,0,0,0,0,0,0,0,0,0,0,0,0,0,0,0,130.343,0,37.0573,-167.4
"MtrElec",12,21,14,"",-4.10529,0,0,0,0,0,0,0,0,0,0,0,0,0,0,0,0,0,0,0,0,80.2587,0,67.8758,-152.24
"MtrElec",12,21,15,"",0.0000039,0,0,0,0,0,0,0,0,0,0,0,0,0,0,0,0,0,0,0,0,58.0507,0,63.7544,-121.805
"MtrElec",12,21,16,"",27.3171,0,0,0,0,0,0,0,0,0,0,0,0,0,0,0,0,0,0,0,0,100.465,0,0,-73.1479
"MtrElec",12,21,17,"",94.71,0,0,0,0,0,0,0,0,0,0,0,0,0,0,0,0,0,0,0,0,111.527,0,0,-16.8168
"MtrElec",12,21,18,"",94.0471,0,0,0,0,0,0,0,0,0,0,0,0,0,0,0,0,0,0,0,0,94.0471,0,0,0
"MtrElec",12,21,19,"",82.3993,0,0,0,0,0,0,0,0,0,0,0,0,0,0,0,0,0,0,0,0,150.275,0,-67.8758,0
"MtrElec",12,21,20,"",39.3668,0,0,0,0,0,0,0,0,0,0,0,0,0,0,0,0,0,0,0,0,107.243,0,-67.8758,0
"MtrElec",12,21,21,"",70.7172,0,0,0,0,0,0,0,0,0,0,0,0,0,0,0,0,0,0,0,0,138.593,0,-67.8758,0
"MtrElec",12,21,22,"",114.409,0,0,0,0,0,0,0,0,0,0,0,0,0,0,0,0,0,0,0,0,127.399,0,-12.9907,0
"MtrElec",12,21,23,"",72.7543,0,0,0,0,0,0,0,0,0,0,0,0,0,0,0,0,0,0,0,0,72.7543,0,0,0
"MtrElec",12,21,24,"",64.3676,0,0,0,0,0,0,0,0,0,0,0,0,0,0,0,0,0,0,0,0,64.3676,0,0,0
"MtrElec",12,22,1,"",59.2941,0,0,0,0,0,0,0,0,0,0,0,0,0,0,0,0,0,0,0,0,59.2941,0,0,0
"MtrElec",12,22,2,"",52.6998,0,0,0,0,0,0,0,0,0,0,0,0,0,0,0,0,0,0,0,0,52.6998,0,0,0
"MtrElec",12,22,3,"",50.3192,0,0,0,0,0,0,0,0,0,0,0,0,0,0,0,0,0,0,0,0,50.3192,0,0,0
"MtrElec",12,22,4,"",48.0996,0,0,0,0,0,0,0,0,0,0,0,0,0,0,0,0,0,0,0,0,48.0996,0,0,0
"MtrElec",12,22,5,"",57.7266,0,0,0,0,0,0,0,0,0,0,0,0,0,0,0,0,0,0,0,0,57.7266,0,0,0
"MtrElec",12,22,6,"",61.1387,0,0,0,0,0,0,0,0,0,0,0,0,0,0,0,0,0,0,0,0,61.1387,0,0,0
"MtrElec",12,22,7,"",72.204,0,0,0,0,0,0,0,0,0,0,0,0,0,0,0,0,0,0,0,0,72.204,0,0,0
"MtrElec",12,22,8,"",89.5612,0,0,0,0,0,0,0,0,0,0,0,0,0,0,0,0,0,0,0,0,100.78,0,0,-11.2184
"MtrElec",12,22,9,"",62.1846,0,0,0,0,0,0,0,0,0,0,0,0,0,0,0,0,0,0,0,0,106.083,0,0,-43.8988
"MtrElec",12,22,10,"",0.0000010,0,0,0,0,0,0,0,0,0,0,0,0,0,0,0,0,0,0,0,0,84.0768,0,15.4889,-99.5657
"MtrElec",12,22,11,"",10.4541,0,0,0,0,0,0,0,0,0,0,0,0,0,0,0,0,0,0,0,0,132.762,0,0,-122.307
"MtrElec",12,22,12,"",0,0,0,0,0,0,0,0,0,0,0,0,0,0,0,0,0,0,0,0,0,111.563,0,12.9102,-124.474
"MtrElec",12,22,13,"",0,0,0,0,0,0,0,0,0,0,0,0,0,0,0,0,0,0,0,0,0,96.8601,0,26.4147,-123.275
"MtrElec",12,22,14,"",0,0,0,0,0,0,0,0,0,0,0,0,0,0,0,0,0,0,0,0,0,56.8722,0,55.5186,-112.391
"MtrElec",12,22,15,"",0,0,0,0,0,0,0,0,0,0,0,0,0,0,0,0,0,0,0,0,0,84.9217,0,13.5099,-98.4316
"MtrElec",12,22,16,"",9.57129,0,0,0,0,0,0,0,0,0,0,0,0,0,0,0,0,0,0,0,0,62.8086,0,0,-53.2373
"MtrElec",12,22,17,"",79.3098,0,0,0,0,0,0,0,0,0,0,0,0,0,0,0,0,0,0,0,0,88.7897,0,0,-9.47985
"MtrElec",12,22,18,"",129.72,0,0,0,0,0,0,0,0,0,0,0,0,0,0,0,0,0,0,0,0,129.72,0,0,0
"MtrElec",12,22,19,"",54.0066,0,0,0,0,0,0,0,0,0,0,0,0,0,0,0,0,0,0,0,0,121.882,0,-67.8758,0
"MtrElec",12,22,20,"",90.821,0,0,0,0,0,0,0,0,0,0,0,0,0,0,0,0,0,0,0,0,134.713,0,-43.892,0
"MtrElec",12,22,21,"",109.838,0,0,0,0,0,0,0,0,0,0,0,0,0,0,0,0,0,0,0,0,109.838,0,0,0
"MtrElec",12,22,22,"",105.793,0,0,0,0,0,0,0,0,0,0,0,0,0,0,0,0,0,0,0,0,105.793,0,0,0
"MtrElec",12,22,23,"",106.095,0,0,0,0,0,0,0,0,0,0,0,0,0,0,0,0,0,0,0,0,106.095,0,0,0
"MtrElec",12,22,24,"",62.4562,0,0,0,0,0,0,0,0,0,0,0,0,0,0,0,0,0,0,0,0,62.4562,0,0,0
"MtrElec",12,23,1,"",61.7683,0,0,0,0,0,0,0,0,0,0,0,0,0,0,0,0,0,0,0,0,61.7683,0,0,0
"MtrElec",12,23,2,"",49.9551,0,0,0,0,0,0,0,0,0,0,0,0,0,0,0,0,0,0,0,0,49.9551,0,0,0
"MtrElec",12,23,3,"",48.5148,0,0,0,0,0,0,0,0,0,0,0,0,0,0,0,0,0,0,0,0,48.5148,0,0,0
"MtrElec",12,23,4,"",48.6592,0,0,0,0,0,0,0,0,0,0,0,0,0,0,0,0,0,0,0,0,48.6592,0,0,0
"MtrElec",12,23,5,"",48.1398,0,0,0,0,0,0,0,0,0,0,0,0,0,0,0,0,0,0,0,0,48.1398,0,0,0
"MtrElec",12,23,6,"",73.2842,0,0,0,0,0,0,0,0,0,0,0,0,0,0,0,0,0,0,0,0,73.2842,0,0,0
"MtrElec",12,23,7,"",93.4524,0,0,0,0,0,0,0,0,0,0,0,0,0,0,0,0,0,0,0,0,93.4524,0,0,0
"MtrElec",12,23,8,"",65.1824,0,0,0,0,0,0,0,0,0,0,0,0,0,0,0,0,0,0,0,0,101.05,0,0,-35.8678
"MtrElec",12,23,9,"",24.3016,0,0,0,0,0,0,0,0,0,0,0,0,0,0,0,0,0,0,0,0,119.558,0,0,-95.256
"MtrElec",12,23,10,"",0.0000020,0,0,0,0,0,0,0,0,0,0,0,0,0,0,0,0,0,0,0,0,108.059,0,32.0511,-140.11
"MtrElec",12,23,11,"",-3.29185,0,0,0,0,0,0,0,0,0,0,0,0,0,0,0,0,0,0,0,0,98.3553,0,67.8758,-169.523
"MtrElec",12,23,12,"",-42.3509,0,0,0,0,0,0,0,0,0,0,0,0,0,0,0,0,0,0,0,0,72.8291,0,67.8758,-183.056
"MtrElec",12,23,13,"",-17.043,0,0,0,0,0,0,0,0,0,0,0,0,0,0,0,0,0,0,0,0,96.5694,0,67.8758,-181.488
"MtrElec",12,23,14,"",-88.7254,0,0,0,0,0,0,0,0,0,0,0,0,0,0,0,0,0,0,0,0,56.1321,0,17.5722,-162.43
"MtrElec",12,23,15,"",-69.6803,0,0,0,0,0,0,0,0,0,0,0,0,0,0,0,0,0,0,0,0,57.0721,0,0,-126.752
"MtrElec",12,23,16,"",-13.9996,0,0,0,0,0,0,0,0,0,0,0,0,0,0,0,0,0,0,0,0,61.1227,0,0,-75.1223
"MtrElec",12,23,17,"",68.7007,0,0,0,0,0,0,0,0,0,0,0,0,0,0,0,0,0,0,0,0,87.4098,0,0,-18.7091
"MtrElec",12,23,18,"",106.047,0,0,0,0,0,0,0,0,0,0,0,0,0,0,0,0,0,0,0,0,106.047,0,0,0
"MtrElec",12,23,19,"",51.4628,0,0,0,0,0,0,0,0,0,0,0,0,0,0,0,0,0,0,0,0,119.339,0,-67.8758,0
"MtrElec",12,23,20,"",83.6048,0,0,0,0,0,0,0,0,0,0,0,0,0,0,0,0,0,0,0,0,151.481,0,-67.8758,0
"MtrElec",12,23,21,"",52.0801,0,0,0,0,0,0,0,0,0,0,0,0,0,0,0,0,0,0,0,0,119.956,0,-67.8758,0
"MtrElec",12,23,22,"",94.3076,0,0,0,0,0,0,0,0,0,0,0,0,0,0,0,0,0,0,0,0,119.239,0,-24.9313,0
"MtrElec",12,23,23,"",83.6483,0,0,0,0,0,0,0,0,0,0,0,0,0,0,0,0,0,0,0,0,83.6483,0,0,0
"MtrElec",12,23,24,"",78.4454,0,0,0,0,0,0,0,0,0,0,0,0,0,0,0,0,0,0,0,0,78.4454,0,0,0
"MtrElec",12,24,1,"",68.7471,0,0,0,0,0,0,0,0,0,0,0,0,0,0,0,0,0,0,0,0,68.7471,0,0,0
"MtrElec",12,24,2,"",52.7094,0,0,0,0,0,0,0,0,0,0,0,0,0,0,0,0,0,0,0,0,52.7094,0,0,0
"MtrElec",12,24,3,"",53.3358,0,0,0,0,0,0,0,0,0,0,0,0,0,0,0,0,0,0,0,0,53.3358,0,0,0
"MtrElec",12,24,4,"",52.1303,0,0,0,0,0,0,0,0,0,0,0,0,0,0,0,0,0,0,0,0,52.1303,0,0,0
"MtrElec",12,24,5,"",51.9549,0,0,0,0,0,0,0,0,0,0,0,0,0,0,0,0,0,0,0,0,51.9549,0,0,0
"MtrElec",12,24,6,"",51.6455,0,0,0,0,0,0,0,0,0,0,0,0,0,0,0,0,0,0,0,0,51.6455,0,0,0
"MtrElec",12,24,7,"",89.15,0,0,0,0,0,0,0,0,0,0,0,0,0,0,0,0,0,0,0,0,89.15,0,0,0
"MtrElec",12,24,8,"",72.3808,0,0,0,0,0,0,0,0,0,0,0,0,0,0,0,0,0,0,0,0,106.997,0,0,-34.6164
"MtrElec",12,24,9,"",25.035,0,0,0,0,0,0,0,0,0,0,0,0,0,0,0,0,0,0,0,0,116.792,0,0,-91.7567
"MtrElec",12,24,10,"",0.0000039,0,0,0,0,0,0,0,0,0,0,0,0,0,0,0,0,0,0,0,0,74.3945,0,59.5147,-133.909
"MtrElec",12,24,11,"",-24.7528,0,0,0,0,0,0,0,0,0,0,0,0,0,0,0,0,0,0,0,0,71.976,0,67.8758,-164.605
"MtrElec",12,24,12,"",-14.3685,0,0,0,0,0,0,0,0,0,0,0,0,0,0,0,0,0,0,0,0,95.486,0,67.8758,-177.73
"MtrElec",12,24,13,"",-29.4962,0,0,0,0,0,0,0,0,0,0,0,0,0,0,0,0,0,0,0,0,85.2905,0,57.9843,-172.771
"MtrElec",12,24,14,"",-93.642,0,0,0,0,0,0,0,0,0,0,0,0,0,0,0,0,0,0,0,0,60.4829,0,0,-154.125
"MtrElec",12,24,15,"",-10.8009,0,0,0,0,0,0,0,0,0,0,0,0,0,0,0,0,0,0,0,0,111.148,0,0,-121.949
"MtrElec",12,24,16,"",13.6535,0,0,0,0,0,0,0,0,0,0,0,0,0,0,0,0,0,0,0,0,87.1345,0,0,-73.4809
"MtrElec",12,24,17,"",78.0787,0,0,0,0,0,0,0,0,0,0,0,0,0,0,0,0,0,0,0,0,96.267,0,0,-18.1884
"MtrElec",12,24,18,"",118.626,0,0,0,0,0,0,0,0,0,0,0,0,0,0,0,0,0,0,0,0,118.626,0,0,0
"MtrElec",12,24,19,"",33.2805,0,0,0,0,0,0,0,0,0,0,0,0,0,0,0,0,0,0,0,0,101.156,0,-67.8758,0
"MtrElec",12,24,20,"",65.183,0,0,0,0,0,0,0,0,0,0,0,0,0,0,0,0,0,0,0,0,133.059,0,-67.8758,0
"MtrElec",12,24,21,"",92.2324,0,0,0,0,0,0,0,0,0,0,0,0,0,0,0,0,0,0,0,0,160.108,0,-67.8758,0
"MtrElec",12,24,22,"",64.302,0,0,0,0,0,0,0,0,0,0,0,0,0,0,0,0,0,0,0,0,89.2333,0,-24.9313,0
"MtrElec",12,24,23,"",120.297,0,0,0,0,0,0,0,0,0,0,0,0,0,0,0,0,0,0,0,0,120.297,0,0,0
"MtrElec",12,24,24,"",82.2769,0,0,0,0,0,0,0,0,0,0,0,0,0,0,0,0,0,0,0,0,82.2769,0,0,0
"MtrElec",12,25,1,"",54.468,0,0,0,0,0,0,0,0,0,0,0,0,0,0,0,0,0,0,0,0,54.468,0,0,0
"MtrElec",12,25,2,"",52.2893,0,0,0,0,0,0,0,0,0,0,0,0,0,0,0,0,0,0,0,0,52.2893,0,0,0
"MtrElec",12,25,3,"",51.0637,0,0,0,0,0,0,0,0,0,0,0,0,0,0,0,0,0,0,0,0,51.0637,0,0,0
"MtrElec",12,25,4,"",52.0317,0,0,0,0,0,0,0,0,0,0,0,0,0,0,0,0,0,0,0,0,52.0317,0,0,0
"MtrElec",12,25,5,"",52.1,0,0,0,0,0,0,0,0,0,0,0,0,0,0,0,0,0,0,0,0,52.1,0,0,0
"MtrElec",12,25,6,"",73.4896,0,0,0,0,0,0,0,0,0,0,0,0,0,0,0,0,0,0,0,0,73.4896,0,0,0
"MtrElec",12,25,7,"",128.642,0,0,0,0,0,0,0,0,0,0,0,0,0,0,0,0,0,0,0,0,128.642,0,0,0
"MtrElec",12,25,8,"",75.6326,0,0,0,0,0,0,0,0,0,0,0,0,0,0,0,0,0,0,0,0,110.297,0,0,-34.6644
"MtrElec",12,25,9,"",31.9999,0,0,0,0,0,0,0,0,0,0,0,0,0,0,0,0,0,0,0,0,122.817,0,0,-90.8173
"MtrElec",12,25,10,"",31.6545,0,0,0,0,0,0,0,0,0,0,0,0,0,0,0,0,0,0,0,0,163.368,0,0,-131.714
"MtrElec",12,25,11,"",0,0,0,0,0,0,0,0,0,0,0,0,0,0,0,0,0,0,0,0,0,121.984,0,35.9581,-157.942
"MtrElec",12,25,12,"",0,0,0,0,0,0,0,0,0,0,0,0,0,0,0,0,0,0,0,0,0,130.042,0,38.3562,-168.398
"MtrElec",12,25,13,"",-8.40869,0,0,0,0,0,0,0,0,0,0,0,0,0,0,0,0,0,0,0,0,86.84,0,67.8758,-163.124
"MtrElec",12,25,14,"",-4.90035,0,0,0,0,0,0,0,0,0,0,0,0,0,0,0,0,0,0,0,0,78.0094,0,67.8758,-150.785
"MtrElec",12,25,15,"",0,0,0,0,0,0,0,0,0,0,0,0,0,0,0,0,0,0,0,0,0,97.4203,0,24.1564,-121.577
"MtrElec",12,25,16,"",0.0000001,0,0,0,0,0,0,0,0,0,0,0,0,0,0,0,0,0,0,0,0,71.7372,0,1.96855,-73.7057
"MtrElec",12,25,17,"",56.6501,0,0,0,0,0,0,0,0,0,0,0,0,0,0,0,0,0,0,0,0,75.5083,0,0,-18.8582
"MtrElec",12,25,18,"",140.66,0,0,0,0,0,0,0,0,0,0,0,0,0,0,0,0,0,0,0,0,140.66,0,0,0
"MtrElec",12,25,19,"",66.3902,0,0,0,0,0,0,0,0,0,0,0,0,0,0,0,0,0,0,0,0,134.266,0,-67.8758,0
"MtrElec",12,25,20,"",60.5377,0,0,0,0,0,0,0,0,0,0,0,0,0,0,0,0,0,0,0,0,128.413,0,-67.8758,0
"MtrElec",12,25,21,"",26.807,0,0,0,0,0,0,0,0,0,0,0,0,0,0,0,0,0,0,0,0,94.6828,0,-67.8758,0
"MtrElec",12,25,22,"",108.988,0,0,0,0,0,0,0,0,0,0,0,0,0,0,0,0,0,0,0,0,118.522,0,-9.53484,0
"MtrElec",12,25,23,"",92.8351,0,0,0,0,0,0,0,0,0,0,0,0,0,0,0,0,0,0,0,0,92.8351,0,0,0
"MtrElec",12,25,24,"",71.8604,0,0,0,0,0,0,0,0,0,0,0,0,0,0,0,0,0,0,0,0,71.8604,0,0,0
"MtrElec",12,26,1,"",54.9781,0,0,0,0,0,0,0,0,0,0,0,0,0,0,0,0,0,0,0,0,54.9781,0,0,0
"MtrElec",12,26,2,"",52.5401,0,0,0,0,0,0,0,0,0,0,0,0,0,0,0,0,0,0,0,0,52.5401,0,0,0
"MtrElec",12,26,3,"",51.3073,0,0,0,0,0,0,0,0,0,0,0,0,0,0,0,0,0,0,0,0,51.3073,0,0,0
"MtrElec",12,26,4,"",52.8319,0,0,0,0,0,0,0,0,0,0,0,0,0,0,0,0,0,0,0,0,52.8319,0,0,0
"MtrElec",12,26,5,"",59.1863,0,0,0,0,0,0,0,0,0,0,0,0,0,0,0,0,0,0,0,0,59.1863,0,0,0
"MtrElec",12,26,6,"",54.744,0,0,0,0,0,0,0,0,0,0,0,0,0,0,0,0,0,0,0,0,54.744,0,0,0
"MtrElec",12,26,7,"",59.9151,0,0,0,0,0,0,0,0,0,0,0,0,0,0,0,0,0,0,0,0,59.9151,0,0,0
"MtrElec",12,26,8,"",66.0917,0,0,0,0,0,0,0,0,0,0,0,0,0,0,0,0,0,0,0,0,93.6619,0,0,-27.5702
"MtrElec",12,26,9,"",36.0084,0,0,0,0,0,0,0,0,0,0,0,0,0,0,0,0,0,0,0,0,92.1496,0,0,-56.1412
"MtrElec",12,26,10,"",21.6767,0,0,0,0,0,0,0,0,0,0,0,0,0,0,0,0,0,0,0,0,103.84,0,0,-82.1629
"MtrElec",12,26,11,"",55.2877,0,0,0,0,0,0,0,0,0,0,0,0,0,0,0,0,0,0,0,0,124.311,0,0,-69.0234
"MtrElec",12,26,12,"",59.4155,0,0,0,0,0,0,0,0,0,0,0,0,0,0,0,0,0,0,0,0,139.643,0,0,-80.227
"MtrElec",12,26,13,"",0,0,0,0,0,0,0,0,0,0,0,0,0,0,0,0,0,0,0,0,0,84.7006,0,14.3036,-99.0042
"MtrElec",12,26,14,"",15.8787,0,0,0,0,0,0,0,0,0,0,0,0,0,0,0,0,0,0,0,0,95.3441,0,0,-79.4653
"MtrElec",12,26,15,"",48.9539,0,0,0,0,0,0,0,0,0,0,0,0,0,0,0,0,0,0,0,0,100.007,0,0,-51.0535
"MtrElec",12,26,16,"",44.1507,0,0,0,0,0,0,0,0,0,0,0,0,0,0,0,0,0,0,0,0,67.3427,0,0,-23.192
"MtrElec",12,26,17,"",98.2345,0,0,0,0,0,0,0,0,0,0,0,0,0,0,0,0,0,0,0,0,99.6266,0,0,-1.39212
"MtrElec",12,26,18,"",82.2756,0,0,0,0,0,0,0,0,0,0,0,0,0,0,0,0,0,0,0,0,82.2756,0,0,0
"MtrElec",12,26,19,"",107.261,0,0,0,0,0,0,0,0,0,0,0,0,0,0,0,0,0,0,0,0,120.17,0,-12.909,0
"MtrElec",12,26,20,"",123.222,0,0,0,0,0,0,0,0,0,0,0,0,0,0,0,0,0,0,0,0,123.222,0,0,0
"MtrElec",12,26,21,"",133.918,0,0,0,0,0,0,0,0,0,0,0,0,0,0,0,0,0,0,0,0,133.918,0,0,0
"MtrElec",12,26,22,"",126.163,0,0,0,0,0,0,0,0,0,0,0,0,0,0,0,0,0,0,0,0,126.163,0,0,0
"MtrElec",12,26,23,"",75.974,0,0,0,0,0,0,0,0,0,0,0,0,0,0,0,0,0,0,0,0,75.974,0,0,0
"MtrElec",12,26,24,"",116.154,0,0,0,0,0,0,0,0,0,0,0,0,0,0,0,0,0,0,0,0,116.154,0,0,0
"MtrElec",12,27,1,"",65.3978,0,0,0,0,0,0,0,0,0,0,0,0,0,0,0,0,0,0,0,0,65.3978,0,0,0
"MtrElec",12,27,2,"",51.7277,0,0,0,0,0,0,0,0,0,0,0,0,0,0,0,0,0,0,0,0,51.7277,0,0,0
"MtrElec",12,27,3,"",50.1735,0,0,0,0,0,0,0,0,0,0,0,0,0,0,0,0,0,0,0,0,50.1735,0,0,0
"MtrElec",12,27,4,"",50.371,0,0,0,0,0,0,0,0,0,0,0,0,0,0,0,0,0,0,0,0,50.371,0,0,0
"MtrElec",12,27,5,"",49.9257,0,0,0,0,0,0,0,0,0,0,0,0,0,0,0,0,0,0,0,0,49.9257,0,0,0
"MtrElec",12,27,6,"",52.7459,0,0,0,0,0,0,0,0,0,0,0,0,0,0,0,0,0,0,0,0,52.7459,0,0,0
"MtrElec",12,27,7,"",59.1662,0,0,0,0,0,0,0,0,0,0,0,0,0,0,0,0,0,0,0,0,59.1662,0,0,0
"MtrElec",12,27,8,"",108.795,0,0,0,0,0,0,0,0,0,0,0,0,0,0,0,0,0,0,0,0,118.005,0,0,-9.21024
"MtrElec",12,27,9,"",107.229,0,0,0,0,0,0,0,0,0,0,0,0,0,0,0,0,0,0,0,0,131.715,0,0,-24.4865
"MtrElec",12,27,10,"",98.8819,0,0,0,0,0,0,0,0,0,0,0,0,0,0,0,0,0,0,0,0,142.335,0,0,-43.4534
"MtrElec",12,27,11,"",75.4699,0,0,0,0,0,0,0,0,0,0,0,0,0,0,0,0,0,0,0,0,125.547,0,0,-50.0767
"MtrElec",12,27,12,"",101.89,0,0,0,0,0,0,0,0,0,0,0,0,0,0,0,0,0,0,0,0,163.532,0,0,-61.6421
"MtrElec",12,27,13,"",23.3707,0,0,0,0,0,0,0,0,0,0,0,0,0,0,0,0,0,0,0,0,83.1777,0,0,-59.8071
"MtrElec",12,27,14,"",22.2943,0,0,0,0,0,0,0,0,0,0,0,0,0,0,0,0,0,0,0,0,84.0332,0,0,-61.7389
"MtrElec",12,27,15,"",9.70833,0,0,0,0,0,0,0,0,0,0,0,0,0,0,0,0,0,0,0,0,88.0916,0,0,-78.3832
"MtrElec",12,27,16,"",53.1653,0,0,0,0,0,0,0,0,0,0,0,0,0,0,0,0,0,0,0,0,107.284,0,0,-54.1185
"MtrElec",12,27,17,"",105.095,0,0,0,0,0,0,0,0,0,0,0,0,0,0,0,0,0,0,0,0,112.429,0,0,-7.33392
"MtrElec",12,27,18,"",93.9959,0,0,0,0,0,0,0,0,0,0,0,0,0,0,0,0,0,0,0,0,93.9959,0,0,0
"MtrElec",12,27,19,"",144.607,0,0,0,0,0,0,0,0,0,0,0,0,0,0,0,0,0,0,0,0,144.607,0,0,0
"MtrElec",12,27,20,"",110.74,0,0,0,0,0,0,0,0,0,0,0,0,0,0,0,0,0,0,0,0,110.74,0,0,0
"MtrElec",12,27,21,"",117.079,0,0,0,0,0,0,0,0,0,0,0,0,0,0,0,0,0,0,0,0,117.079,0,0,0
"MtrElec",12,27,22,"",110.791,0,0,0,0,0,0,0,0,0,0,0,0,0,0,0,0,0,0,0,0,110.791,0,0,0
"MtrElec",12,27,23,"",70.3703,0,0,0,0,0,0,0,0,0,0,0,0,0,0,0,0,0,0,0,0,70.3703,0,0,0
"MtrElec",12,27,24,"",67.3427,0,0,0,0,0,0,0,0,0,0,0,0,0,0,0,0,0,0,0,0,67.3427,0,0,0
"MtrElec",12,28,1,"",52.331,0,0,0,0,0,0,0,0,0,0,0,0,0,0,0,0,0,0,0,0,52.331,0,0,0
"MtrElec",12,28,2,"",51.323,0,0,0,0,0,0,0,0,0,0,0,0,0,0,0,0,0,0,0,0,51.323,0,0,0
"MtrElec",12,28,3,"",68.3407,0,0,0,0,0,0,0,0,0,0,0,0,0,0,0,0,0,0,0,0,68.3407,0,0,0
"MtrElec",12,28,4,"",58.5632,0,0,0,0,0,0,0,0,0,0,0,0,0,0,0,0,0,0,0,0,58.5632,0,0,0
"MtrElec",12,28,5,"",51.6676,0,0,0,0,0,0,0,0,0,0,0,0,0,0,0,0,0,0,0,0,51.6676,0,0,0
"MtrElec",12,28,6,"",51.5561,0,0,0,0,0,0,0,0,0,0,0,0,0,0,0,0,0,0,0,0,51.5561,0,0,0
"MtrElec",12,28,7,"",77.8149,0,0,0,0,0,0,0,0,0,0,0,0,0,0,0,0,0,0,0,0,77.8149,0,0,0
"MtrElec",12,28,8,"",115.248,0,0,0,0,0,0,0,0,0,0,0,0,0,0,0,0,0,0,0,0,115.819,0,0,-0.570793
"MtrElec",12,28,9,"",106.626,0,0,0,0,0,0,0,0,0,0,0,0,0,0,0,0,0,0,0,0,107.827,0,0,-1.20127
"MtrElec",12,28,10,"",100.319,0,0,0,0,0,0,0,0,0,0,0,0,0,0,0,0,0,0,0,0,112.846,0,0,-12.5273
"MtrElec",12,28,11,"",44.8651,0,0,0,0,0,0,0,0,0,0,0,0,0,0,0,0,0,0,0,0,87.3003,0,0,-42.4352
"MtrElec",12,28,12,"",67.3871,0,0,0,0,0,0,0,0,0,0,0,0,0,0,0,0,0,0,0,0,87.9868,0,0,-20.5997
"MtrElec",12,28,13,"",37.7324,0,0,0,0,0,0,0,0,0,0,0,0,0,0,0,0,0,0,0,0,62.7428,0,0,-25.0104
"MtrElec",12,28,14,"",43.9878,0,0,0,0,0,0,0,0,0,0,0,0,0,0,0,0,0,0,0,0,63.3641,0,0,-19.3763
"MtrElec",12,28,15,"",69.2761,0,0,0,0,0,0,0,0,0,0,0,0,0,0,0,0,0,0,0,0,81.6989,0,0,-12.4228
"MtrElec",12,28,16,"",82.4193,0,0,0,0,0,0,0,0,0,0,0,0,0,0,0,0,0,0,0,0,88.4727,0,0,-6.0534
"MtrElec",12,28,17,"",87.4002,0,0,0,0,0,0,0,0,0,0,0,0,0,0,0,0,0,0,0,0,88.1693,0,0,-0.769156
"MtrElec",12,28,18,"",125.501,0,0,0,0,0,0,0,0,0,0,0,0,0,0,0,0,0,0,0,0,125.501,0,0,0
"MtrElec",12,28,19,"",111.466,0,0,0,0,0,0,0,0,0,0,0,0,0,0,0,0,0,0,0,0,111.466,0,0,0
"MtrElec",12,28,20,"",123.638,0,0,0,0,0,0,0,0,0,0,0,0,0,0,0,0,0,0,0,0,123.638,0,0,0
"MtrElec",12,28,21,"",125.949,0,0,0,0,0,0,0,0,0,0,0,0,0,0,0,0,0,0,0,0,125.949,0,0,0
"MtrElec",12,28,22,"",83.5841,0,0,0,0,0,0,0,0,0,0,0,0,0,0,0,0,0,0,0,0,83.5841,0,0,0
"MtrElec",12,28,23,"",137.617,0,0,0,0,0,0,0,0,0,0,0,0,0,0,0,0,0,0,0,0,137.617,0,0,0
"MtrElec",12,28,24,"",95.2611,0,0,0,0,0,0,0,0,0,0,0,0,0,0,0,0,0,0,0,0,95.2611,0,0,0
"MtrElec",12,29,1,"",59.7684,0,0,0,0,0,0,0,0,0,0,0,0,0,0,0,0,0,0,0,0,59.7684,0,0,0
"MtrElec",12,29,2,"",49.589,0,0,0,0,0,0,0,0,0,0,0,0,0,0,0,0,0,0,0,0,49.589,0,0,0
"MtrElec",12,29,3,"",51.0507,0,0,0,0,0,0,0,0,0,0,0,0,0,0,0,0,0,0,0,0,51.0507,0,0,0
"MtrElec",12,29,4,"",51.9846,0,0,0,0,0,0,0,0,0,0,0,0,0,0,0,0,0,0,0,0,51.9846,0,0,0
"MtrElec",12,29,5,"",51.8226,0,0,0,0,0,0,0,0,0,0,0,0,0,0,0,0,0,0,0,0,51.8226,0,0,0
"MtrElec",12,29,6,"",71.5611,0,0,0,0,0,0,0,0,0,0,0,0,0,0,0,0,0,0,0,0,71.5611,0,0,0
"MtrElec",12,29,7,"",72.2701,0,0,0,0,0,0,0,0,0,0,0,0,0,0,0,0,0,0,0,0,72.2701,0,0,0
"MtrElec",12,29,8,"",110.77,0,0,0,0,0,0,0,0,0,0,0,0,0,0,0,0,0,0,0,0,110.77,0,0,0
"MtrElec",12,29,9,"",119.069,0,0,0,0,0,0,0,0,0,0,0,0,0,0,0,0,0,0,0,0,120.063,0,0,-0.994743
"MtrElec",12,29,10,"",92.2056,0,0,0,0,0,0,0,0,0,0,0,0,0,0,0,0,0,0,0,0,119.003,0,0,-26.7973
"MtrElec",12,29,11,"",78.9831,0,0,0,0,0,0,0,0,0,0,0,0,0,0,0,0,0,0,0,0,91.2611,0,0,-12.278
"MtrElec",12,29,12,"",58.8349,0,0,0,0,0,0,0,0,0,0,0,0,0,0,0,0,0,0,0,0,98.8753,0,0,-40.0404
"MtrElec",12,29,13,"",41.8279,0,0,0,0,0,0,0,0,0,0,0,0,0,0,0,0,0,0,0,0,85.6427,0,0,-43.8148
"MtrElec",12,29,14,"",33.5872,0,0,0,0,0,0,0,0,0,0,0,0,0,0,0,0,0,0,0,0,55.8346,0,0,-22.2473
"MtrElec",12,29,15,"",59.7719,0,0,0,0,0,0,0,0,0,0,0,0,0,0,0,0,0,0,0,0,65.165,0,0,-5.39314
"MtrElec",12,29,16,"",33.7982,0,0,0,0,0,0,0,0,0,0,0,0,0,0,0,0,0,0,0,0,83.6066,0,0,-49.8084
"MtrElec",12,29,17,"",54.1889,0,0,0,0,0,0,0,0,0,0,0,0,0,0,0,0,0,0,0,0,71.5884,0,0,-17.3995
"MtrElec",12,29,18,"",99.9351,0,0,0,0,0,0,0,0,0,0,0,0,0,0,0,0,0,0,0,0,99.9351,0,0,0
"MtrElec",12,29,19,"",123.027,0,0,0,0,0,0,0,0,0,0,0,0,0,0,0,0,0,0,0,0,123.027,0,0,0
"MtrElec",12,29,20,"",97.187,0,0,0,0,0,0,0,0,0,0,0,0,0,0,0,0,0,0,0,0,97.187,0,0,0
"MtrElec",12,29,21,"",139.846,0,0,0,0,0,0,0,0,0,0,0,0,0,0,0,0,0,0,0,0,139.846,0,0,0
"MtrElec",12,29,22,"",102.32,0,0,0,0,0,0,0,0,0,0,0,0,0,0,0,0,0,0,0,0,102.32,0,0,0
"MtrElec",12,29,23,"",107.282,0,0,0,0,0,0,0,0,0,0,0,0,0,0,0,0,0,0,0,0,107.282,0,0,0
"MtrElec",12,29,24,"",96.7024,0,0,0,0,0,0,0,0,0,0,0,0,0,0,0,0,0,0,0,0,96.7024,0,0,0
"MtrElec",12,30,1,"",67.0141,0,0,0,0,0,0,0,0,0,0,0,0,0,0,0,0,0,0,0,0,67.0141,0,0,0
"MtrElec",12,30,2,"",51.4499,0,0,0,0,0,0,0,0,0,0,0,0,0,0,0,0,0,0,0,0,51.4499,0,0,0
"MtrElec",12,30,3,"",50.3939,0,0,0,0,0,0,0,0,0,0,0,0,0,0,0,0,0,0,0,0,50.3939,0,0,0
"MtrElec",12,30,4,"",51.0279,0,0,0,0,0,0,0,0,0,0,0,0,0,0,0,0,0,0,0,0,51.0279,0,0,0
"MtrElec",12,30,5,"",51.0596,0,0,0,0,0,0,0,0,0,0,0,0,0,0,0,0,0,0,0,0,51.0596,0,0,0
"MtrElec",12,30,6,"",55.8424,0,0,0,0,0,0,0,0,0,0,0,0,0,0,0,0,0,0,0,0,55.8424,0,0,0
"MtrElec",12,30,7,"",124.914,0,0,0,0,0,0,0,0,0,0,0,0,0,0,0,0,0,0,0,0,124.914,0,0,0
"MtrElec",12,30,8,"",86.815,0,0,0,0,0,0,0,0,0,0,0,0,0,0,0,0,0,0,0,0,117.16,0,0,-30.3452
"MtrElec",12,30,9,"",48.5795,0,0,0,0,0,0,0,0,0,0,0,0,0,0,0,0,0,0,0,0,135.693,0,0,-87.1137
"MtrElec",12,30,10,"",9.26604,0,0,0,0,0,0,0,0,0,0,0,0,0,0,0,0,0,0,0,0,137.312,0,0,-128.046
"MtrElec",12,30,11,"",0,0,0,0,0,0,0,0,0,0,0,0,0,0,0,0,0,0,0,0,0,125.614,0,27.9613,-153.575
"MtrElec",12,30,12,"",-21.204,0,0,0,0,0,0,0,0,0,0,0,0,0,0,0,0,0,0,0,0,78.5864,0,67.8758,-167.666
"MtrElec",12,30,13,"",0,0,0,0,0,0,0,0,0,0,0,0,0,0,0,0,0,0,0,0,0,99.9576,0,27.8543,-127.812
"MtrElec",12,30,14,"",-15.5031,0,0,0,0,0,0,0,0,0,0,0,0,0,0,0,0,0,0,0,0,56.2655,0,67.8758,-139.644
"MtrElec",12,30,15,"",0,0,0,0,0,0,0,0,0,0,0,0,0,0,0,0,0,0,0,0,0,57.932,0,50.6666,-108.599
"MtrElec",12,30,16,"",19.7524,0,0,0,0,0,0,0,0,0,0,0,0,0,0,0,0,0,0,0,0,93.9482,0,0,-74.1958
"MtrElec",12,30,17,"",81.744,0,0,0,0,0,0,0,0,0,0,0,0,0,0,0,0,0,0,0,0,95.6505,0,0,-13.9065
"MtrElec",12,30,18,"",91.5521,0,0,0,0,0,0,0,0,0,0,0,0,0,0,0,0,0,0,0,0,91.5521,0,0,0
"MtrElec",12,30,19,"",57.5658,0,0,0,0,0,0,0,0,0,0,0,0,0,0,0,0,0,0,0,0,125.442,0,-67.8758,0
"MtrElec",12,30,20,"",65.5109,0,0,0,0,0,0,0,0,0,0,0,0,0,0,0,0,0,0,0,0,133.387,0,-67.8758,0
"MtrElec",12,30,21,"",106.506,0,0,0,0,0,0,0,0,0,0,0,0,0,0,0,0,0,0,0,0,174.382,0,-67.8758,0
"MtrElec",12,30,22,"",101.318,0,0,0,0,0,0,0,0,0,0,0,0,0,0,0,0,0,0,0,0,116.306,0,-14.9886,0
"MtrElec",12,30,23,"",98.4044,0,0,0,0,0,0,0,0,0,0,0,0,0,0,0,0,0,0,0,0,98.4044,0,0,0
"MtrElec",12,30,24,"",93.0764,0,0,0,0,0,0,0,0,0,0,0,0,0,0,0,0,0,0,0,0,93.0764,0,0,0
"MtrElec",12,31,1,"",60.1345,0,0,0,0,0,0,0,0,0,0,0,0,0,0,0,0,0,0,0,0,60.1345,0,0,0
"MtrElec",12,31,2,"",52.0682,0,0,0,0,0,0,0,0,0,0,0,0,0,0,0,0,0,0,0,0,52.0682,0,0,0
"MtrElec",12,31,3,"",51.0135,0,0,0,0,0,0,0,0,0,0,0,0,0,0,0,0,0,0,0,0,51.0135,0,0,0
"MtrElec",12,31,4,"",51.5288,0,0,0,0,0,0,0,0,0,0,0,0,0,0,0,0,0,0,0,0,51.5288,0,0,0
"MtrElec",12,31,5,"",50.6027,0,0,0,0,0,0,0,0,0,0,0,0,0,0,0,0,0,0,0,0,50.6027,0,0,0
"MtrElec",12,31,6,"",57.3103,0,0,0,0,0,0,0,0,0,0,0,0,0,0,0,0,0,0,0,0,57.3103,0,0,0
"MtrElec",12,31,7,"",98.8115,0,0,0,0,0,0,0,0,0,0,0,0,0,0,0,0,0,0,0,0,98.8115,0,0,0
"MtrElec",12,31,8,"",106.7,0,0,0,0,0,0,0,0,0,0,0,0,0,0,0,0,0,0,0,0,106.7,0,0,0
"MtrElec",12,31,9,"",137.423,0,0,0,0,0,0,0,0,0,0,0,0,0,0,0,0,0,0,0,0,140.791,0,0,-3.36848
"MtrElec",12,31,10,"",134.781,0,0,0,0,0,0,0,0,0,0,0,0,0,0,0,0,0,0,0,0,138.345,0,0,-3.56352
"MtrElec",12,31,11,"",80.3421,0,0,0,0,0,0,0,0,0,0,0,0,0,0,0,0,0,0,0,0,85.3772,0,0,-5.03512
"MtrElec",12,31,12,"",115.487,0,0,0,0,0,0,0,0,0,0,0,0,0,0,0,0,0,0,0,0,125.835,0,0,-10.3477
"MtrElec",12,31,13,"",70.6547,0,0,0,0,0,0,0,0,0,0,0,0,0,0,0,0,0,0,0,0,79.7325,0,0,-9.07777
"MtrElec",12,31,14,"",17.7431,0,0,0,0,0,0,0,0,0,0,0,0,0,0,0,0,0,0,0,0,86.6052,0,0,-68.8621
"MtrElec",12,31,15,"",0,0,0,0,0,0,0,0,0,0,0,0,0,0,0,0,0,0,0,0,0,68.5427,0,43.1068,-111.649
"MtrElec",12,31,16,"",16.34,0,0,0,0,0,0,0,0,0,0,0,0,0,0,0,0,0,0,0,0,90.1133,0,0,-73.7732
"MtrElec",12,31,17,"",64.7258,0,0,0,0,0,0,0,0,0,0,0,0,0,0,0,0,0,0,0,0,75.6642,0,0,-10.9384
"MtrElec",12,31,18,"",136.494,0,0,0,0,0,0,0,0,0,0,0,0,0,0,0,0,0,0,0,0,136.494,0,0,0
"MtrElec",12,31,19,"",105.05,0,0,0,0,0,0,0,0,0,0,0,0,0,0,0,0,0,0,0,0,143.953,0,-38.9038,0
"MtrElec",12,31,20,"",133.905,0,0,0,0,0,0,0,0,0,0,0,0,0,0,0,0,0,0,0,0,133.905,0,0,0
"MtrElec",12,31,21,"",157.169,0,0,0,0,0,0,0,0,0,0,0,0,0,0,0,0,0,0,0,0,157.169,0,0,0
"MtrElec",12,31,22,"",124.139,0,0,0,0,0,0,0,0,0,0,0,0,0,0,0,0,0,0,0,0,124.139,0,0,0
"MtrElec",12,31,23,"",133.275,0,0,0,0,0,0,0,0,0,0,0,0,0,0,0,0,0,0,0,0,133.275,0,0,0
"MtrElec",12,31,24,"",82.4967,0,0,0,0,0,0,0,0,0,0,0,0,0,0,0,0,0,0,0,0,82.4967,0,0,0

